cell_id,centroid_x,centroid_y,reddot,blackdot,score
1,15862.05,3910.64,0,0,0.0000
2,15817.84,3981.42,0,0,0.0000
3,2370.78,6043.78,0,0,0.0000
4,2421.72,6056.50,0,0,0.0000
5,2319.90,6105.17,0,0,0.0000
6,2323.76,6064.50,0,0,0.0000
7,2504.70,6061.50,0,0,0.0000
8,2457.45,6064.98,0,0,0.0000
9,544.56,6926.97,0,0,0.0000
10,985.58,7020.28,0,0,0.0000
11,1303.14,6988.79,0,0,0.0000
12,1366.59,6969.99,0,0,0.0000
13,1498.24,7020.81,0,0,0.0000
14,1484.92,6888.76,0,0,0.0000
15,1248.70,6980.41,0,0,0.0000
16,1024.83,6954.07,0,0,0.0000
17,975.83,6926.65,0,0,0.0000
18,1416.64,6943.81,0,0,0.0000
19,908.00,6885.82,0,0,0.0000
20,1409.35,7014.91,0,0,0.0000
21,928.72,6918.31,0,0,0.0000
22,853.35,7663.44,0,0,0.0000
23,774.76,7109.22,0,0,0.0000
24,286.37,7649.55,0,0,0.0000
25,455.48,7189.26,0,0,0.0000
26,868.29,7066.16,0,0,0.0000
27,498.26,7262.10,0,0,0.0000
28,653.83,7282.82,0,0,0.0000
29,641.92,7690.45,0,0,0.0000
30,685.65,7148.92,0,0,0.0000
31,787.02,7689.14,0,0,0.0000
32,1106.19,7647.65,0,0,0.0000
33,1068.81,7561.18,0,0,0.0000
34,1188.95,7488.20,0,0,0.0000
35,1318.63,7527.46,0,0,0.0000
36,1268.34,7653.14,0,0,0.0000
37,1179.75,7545.42,0,0,0.0000
38,1459.66,7518.50,0,0,0.0000
39,978.81,7622.11,0,0,0.0000
40,1290.81,7597.12,0,0,0.0000
41,912.82,7613.68,0,0,0.0000
42,1440.77,7054.26,0,0,0.0000
43,1214.17,7686.29,0,0,0.0000
44,1390.80,7535.40,0,0,0.0000
45,1513.77,7521.28,0,0,0.0000
46,938.00,7563.22,0,0,0.0000
47,1353.87,7575.57,0,0,0.0000
48,956.89,7673.40,0,0,0.0000
49,1409.60,7494.54,0,0,0.0000
50,1351.29,7646.84,0,0,0.0000
51,1365.15,7069.71,0,0,0.0000
52,1304.01,7098.80,0,0,0.0000
53,1283.81,7438.75,0,0,0.0000
54,1368.82,7112.43,0,0,0.0000
55,1260.59,7509.21,0,0,0.0000
56,1473.06,7585.65,0,0,0.0000
57,1505.05,7563.95,0,0,0.0000
58,1370.20,7618.16,0,0,0.0000
59,1334.24,7083.13,0,0,0.0000
60,1384.61,7046.12,0,0,0.0000
61,1200.79,7655.66,0,0,0.0000
62,1402.56,7071.93,0,0,0.0000
63,3041.77,7788.10,0,0,0.0000
64,3074.42,7730.84,0,0,0.0000
65,3138.35,7782.17,0,0,0.0000
66,2968.40,7716.91,0,0,0.0000
67,2907.47,7656.13,0,0,0.0000
68,2479.23,7614.16,0,0,0.0000
69,3173.54,7739.21,0,0,0.0000
70,2995.05,7754.09,0,0,0.0000
71,795.18,8572.34,0,0,0.0000
72,848.39,8543.61,0,0,0.0000
73,1335.39,8574.43,0,0,0.0000
74,1213.62,8516.53,0,0,0.0000
75,1162.39,8455.86,0,0,0.0000
76,1286.19,8513.20,0,0,0.0000
77,1093.09,8505.25,0,0,0.0000
78,1033.07,8509.22,0,0,0.0000
79,1411.27,8455.04,0,0,0.0000
80,1392.28,8393.84,0,0,0.0000
81,1479.86,8398.89,0,0,0.0000
82,1531.46,8416.98,0,0,0.0000
83,1025.75,8547.31,0,0,0.0000
84,1439.99,8385.93,0,0,0.0000
85,1090.80,8468.01,0,0,0.0000
86,944.87,8512.91,0,0,0.0000
87,1143.30,8505.60,0,0,0.0000
88,2359.13,8110.18,0,0,0.0000
89,1775.35,8409.87,0,0,0.0000
90,2114.63,8361.92,NaN,NaN,NaN
91,1758.36,8191.41,0,0,0.0000
92,1967.69,8290.86,0,0,0.0000
93,1717.01,8461.59,0,0,0.0000
94,2430.27,8065.31,0,0,0.0000
95,2019.16,8383.46,0,0,0.0000
96,2063.20,8240.54,0,0,0.0000
97,1900.69,8242.92,NaN,NaN,NaN
98,1791.71,8264.14,0,0,0.0000
99,2304.43,8450.08,0,0,0.0000
100,1692.92,8266.72,0,0,0.0000
101,1854.98,8447.87,0,0,0.0000
102,2043.02,8481.53,0,0,0.0000
103,2307.16,8193.14,0,0,0.0000
104,2035.74,8326.44,0,0,0.0000
105,1989.61,8516.13,0,0,0.0000
106,2167.97,8405.72,0,0,0.0000
107,2401.96,8176.09,0,0,0.0000
108,2110.79,8440.72,0,0,0.0000
109,1962.45,8207.31,0,0,0.0000
110,2226.38,8408.47,0,0,0.0000
111,1888.01,8163.06,0,0,0.0000
112,1851.88,8508.51,0,0,0.0000
113,1834.09,8188.85,0,0,0.0000
114,2417.48,8248.43,0,0,0.0000
115,2319.61,8258.16,0,0,0.0000
116,2375.47,8021.02,0,0,0.0000
117,1819.35,8366.05,0,0,0.0000
118,2259.69,8227.74,0,0,0.0000
119,2359.95,8200.52,0,0,0.0000
120,1924.22,8502.33,0,0,0.0000
121,2045.07,8268.58,0,0,0.0000
122,2226.65,8452.67,0,0,0.0000
123,1878.30,8536.96,0,0,0.0000
124,2110.57,8300.14,0,0,0.0000
125,1682.54,8395.60,0,0,0.0000
126,1782.71,8503.08,0,0,0.0000
127,2237.38,8143.89,0,0,0.0000
128,1801.77,8337.95,0,0,0.0000
129,1746.75,8292.60,0,0,0.0000
130,1735.16,8341.55,0,0,0.0000
131,1765.46,8322.28,0,0,0.0000
132,2911.22,8105.73,0,0,0.0000
133,3197.17,8423.65,0,0,0.0000
134,2492.93,8274.94,0,0,0.0000
135,3075.47,8389.08,0,0,0.0000
136,3058.45,7913.73,0,0,0.0000
137,2999.81,8432.64,0,0,0.0000
138,2896.41,7908.60,0,0,0.0000
139,3080.66,8056.86,0,0,0.0000
140,2745.99,8089.89,0,0,0.0000
141,2968.70,8297.60,0,0,0.0000
142,3009.58,8493.35,0,0,0.0000
143,2830.80,7913.58,0,0,0.0000
144,2487.42,8198.19,0,0,0.0000
145,3025.91,8001.68,0,0,0.0000
146,2644.45,8442.43,0,0,0.0000
147,2833.53,8051.96,0,0,0.0000
148,3170.29,8255.49,0,0,0.0000
149,2812.87,7999.64,0,0,0.0000
150,2907.49,8430.31,0,0,0.0000
151,3038.89,8160.51,0,0,0.0000
152,2582.12,8477.87,NaN,NaN,NaN
153,2942.34,8517.78,0,0,0.0000
154,2630.37,8518.68,0,0,0.0000
155,2871.32,8291.10,0,0,0.0000
156,2785.55,7926.98,0,0,0.0000
157,3058.43,8319.64,0,0,0.0000
158,3129.14,7869.16,0,0,0.0000
159,2948.99,8192.59,0,0,0.0000
160,3110.34,8474.18,0,0,0.0000
161,2910.84,8304.38,0,0,0.0000
162,3115.55,8126.09,0,0,0.0000
163,3054.88,8208.19,0,0,0.0000
164,3165.53,8194.39,0,0,0.0000
165,3016.89,8548.95,0,0,0.0000
166,3050.18,8275.68,0,0,0.0000
167,2581.07,8422.24,NaN,NaN,NaN
168,2793.08,8283.98,0,0,0.0000
169,2486.12,8533.79,0,0,0.0000
170,3183.98,8326.34,0,0,0.0000
171,2732.90,8508.78,NaN,NaN,NaN
172,2522.36,8386.00,0,0,0.0000
173,3157.83,8004.96,0,0,0.0000
174,3184.07,7905.40,0,0,0.0000
175,2449.43,8151.11,0,0,0.0000
176,2522.95,8486.68,0,0,0.0000
177,2932.36,7955.52,0,0,0.0000
178,2625.46,7938.44,0,0,0.0000
179,2568.79,8317.88,0,0,0.0000
180,2526.52,8331.18,0,0,0.0000
181,3098.21,8222.91,0,0,0.0000
182,2985.15,8134.23,0,0,0.0000
183,2923.13,8023.34,0,0,0.0000
184,2747.73,7986.89,0,0,0.0000
185,2958.57,8385.83,0,0,0.0000
186,2999.22,8063.69,0,0,0.0000
187,2768.16,8208.00,0,0,0.0000
188,2803.88,8208.85,0,0,0.0000
189,2992.17,7850.74,0,0,0.0000
190,2859.03,8222.59,0,0,0.0000
191,2451.59,8428.34,0,0,0.0000
192,3118.49,7991.78,0,0,0.0000
193,2666.62,8545.46,NaN,NaN,NaN
194,2758.33,8550.57,NaN,NaN,NaN
195,2563.40,8390.65,NaN,NaN,NaN
196,2871.14,8385.29,0,0,0.0000
197,2998.22,8359.17,0,0,0.0000
198,3112.49,8297.29,0,0,0.0000
199,3161.94,7831.26,0,0,0.0000
200,2978.33,8010.17,0,0,0.0000
201,3109.53,7832.23,0,0,0.0000
202,2578.26,8362.29,NaN,NaN,NaN
203,3153.52,8312.79,0,0,0.0000
204,3117.94,8332.06,0,0,0.0000
205,3436.91,8452.72,0,0,0.0000
206,3221.94,8564.11,NaN,NaN,NaN
207,3245.65,8104.57,0,0,0.0000
208,3436.66,8571.08,0,0,0.0000
209,3489.22,8370.09,0,0,0.0000
210,3425.95,8338.46,0,0,0.0000
211,3237.98,8327.09,0,0,0.0000
212,3320.04,8104.07,0,0,0.0000
213,3345.09,8233.76,0,0,0.0000
214,3567.22,8415.63,0,0,0.0000
215,3359.88,8292.31,0,0,0.0000
216,3338.19,8344.40,0,0,0.0000
217,3334.15,8153.26,0,0,0.0000
218,3296.54,8171.66,0,0,0.0000
219,3226.44,7991.23,0,0,0.0000
220,3352.29,8054.68,0,0,0.0000
221,3278.02,8573.83,0,0,0.0000
222,3218.46,7842.78,0,0,0.0000
223,3205.95,8040.18,0,0,0.0000
224,3285.23,8035.45,0,0,0.0000
225,3392.27,8072.25,0,0,0.0000
226,3300.17,8251.50,0,0,0.0000
227,3241.50,8207.43,0,0,0.0000
228,3414.18,8212.63,0,0,0.0000
229,3501.85,8540.04,0,0,0.0000
230,3511.08,8402.66,0,0,0.0000
231,3226.70,8169.60,0,0,0.0000
232,3400.68,8513.74,0,0,0.0000
233,3359.90,8387.46,0,0,0.0000
234,3282.99,8382.59,0,0,0.0000
235,3226.03,8260.78,0,0,0.0000
236,862.08,9060.88,2,2,0.0000
237,781.92,8688.78,NaN,NaN,NaN
238,772.08,8944.03,0,0,0.0000
239,719.69,8762.92,NaN,NaN,NaN
240,809.10,9005.50,NaN,NaN,NaN
241,53.07,8897.04,NaN,NaN,NaN
242,845.52,8916.01,NaN,NaN,NaN
243,874.30,8791.13,NaN,NaN,NaN
244,895.25,8731.53,2,2,0.0000
245,806.36,8803.46,0,0,0.0000
246,802.18,8855.39,NaN,NaN,NaN
247,856.24,8606.83,0,0,0.0000
248,746.83,8592.73,0,0,0.0000
249,684.65,8649.66,0,0,0.0000
250,812.50,8759.15,NaN,NaN,NaN
251,1011.75,9136.23,NaN,NaN,NaN
252,1500.38,8646.13,0,0,0.0000
253,1627.30,8696.58,0,0,0.0000
254,1153.24,8856.12,0,0,0.0000
255,932.19,8924.78,0,0,0.0000
256,902.80,8661.18,NaN,NaN,NaN
257,1582.21,8886.52,NaN,NaN,NaN
258,1142.66,8686.51,0,0,0.0000
259,1010.80,8599.82,0,0,0.0000
260,1414.90,9236.78,0,0,0.0000
261,1337.47,9242.11,0,0,0.0000
262,1266.05,8918.29,0,0,0.0000
263,1626.33,8767.16,0,0,0.0000
264,1226.37,9062.63,0,0,0.0000
265,1102.80,8607.16,0,0,0.0000
266,1371.32,8652.75,0,0,0.0000
267,1584.19,8625.05,0,0,0.0000
268,968.79,9021.43,0,0,0.0000
269,1409.05,8711.20,0,0,0.0000
270,1293.13,9343.37,0,0,0.0000
271,1171.48,8601.46,0,0,0.0000
272,1165.70,8979.16,0,0,0.0000
273,1409.21,9006.44,NaN,NaN,NaN
274,1515.55,8827.50,0,0,0.0000
275,1120.19,9104.68,0,0,0.0000
276,1278.27,9285.66,0,0,0.0000
277,1005.28,8953.86,0,0,0.0000
278,1178.82,9255.39,0,0,0.0000
279,1134.68,9197.95,2,2,0.0000
280,1226.64,9272.85,0,0,0.0000
281,1033.10,8831.51,2,2,0.0000
282,1652.41,8912.33,0,0,0.0000
283,1539.54,9331.18,0,0,0.0000
284,1292.13,9055.94,0,0,0.0000
285,1595.74,8822.28,0,0,0.0000
286,1408.12,8759.30,0,0,0.0000
287,990.91,8696.20,NaN,NaN,NaN
288,1385.69,9321.48,0,0,0.0000
289,1289.26,8731.22,0,0,0.0000
290,1099.39,8971.32,NaN,NaN,NaN
291,1043.18,8666.27,0,0,0.0000
292,929.01,8836.80,8,12,0.0000
293,1045.72,9015.93,0,0,0.0000
294,1059.84,8770.13,0,0,0.0000
295,1416.37,9058.45,0,0,0.0000
296,1193.77,9327.10,0,0,0.0000
297,1651.64,8831.73,0,0,0.0000
298,1055.05,8937.68,NaN,NaN,NaN
299,1345.17,9152.99,0,0,0.0000
300,1269.77,8615.91,0,0,0.0000
301,1445.01,8813.77,0,0,0.0000
302,1212.24,8714.54,0,0,0.0000
303,1009.86,8760.57,0,0,0.0000
304,1192.77,8905.03,2,1,0.0000
305,1088.54,8863.35,NaN,NaN,NaN
306,1337.69,9100.09,0,0,0.0000
307,1408.58,9114.73,0,0,0.0000
308,1368.81,9051.05,0,0,0.0000
309,1184.82,8806.12,0,0,0.0000
310,1276.24,8997.97,NaN,NaN,NaN
311,1140.90,9321.03,0,0,0.0000
312,1005.07,8881.96,0,0,0.0000
313,1105.88,9271.99,0,0,0.0000
314,1277.44,8677.54,0,0,0.0000
315,950.79,8786.94,0,0,0.0000
316,1271.41,9189.37,0,0,0.0000
317,963.25,8751.25,0,0,0.0000
318,1135.89,9045.80,0,0,0.0000
319,1407.25,8586.73,0,0,0.0000
320,1199.35,9195.34,0,0,0.0000
321,1770.51,8895.85,0,0,0.0000
322,2320.26,8820.46,0,0,0.0000
323,1971.31,8754.55,0,0,0.0000
324,2146.21,8955.67,0,0,0.0000
325,2274.56,8908.52,0,0,0.0000
326,2227.17,8844.42,0,0,0.0000
327,2063.25,8997.50,0,0,0.0000
328,2161.32,8822.67,0,0,0.0000
329,2083.14,8802.69,0,0,0.0000
330,2338.57,9338.05,0,0,0.0000
331,1755.85,8711.37,0,0,0.0000
332,2014.72,8891.73,0,0,0.0000
333,2096.35,8720.99,0,0,0.0000
334,2063.01,8933.96,0,0,0.0000
335,1757.14,8800.73,0,0,0.0000
336,1885.73,8749.99,0,0,0.0000
337,1839.09,8981.16,0,0,0.0000
338,2322.47,8651.61,0,0,0.0000
339,2237.22,8638.28,NaN,NaN,NaN
340,2133.27,8889.26,0,0,0.0000
341,2234.89,9037.81,0,0,0.0000
342,2347.91,8734.86,0,0,0.0000
343,2163.29,8753.50,0,0,0.0000
344,1703.46,8929.22,0,0,0.0000
345,2386.03,8787.97,0,0,0.0000
346,2095.10,9086.17,0,0,0.0000
347,2049.59,8688.46,0,0,0.0000
348,2427.32,8726.99,0,0,0.0000
349,2000.46,9030.35,0,0,0.0000
350,2248.17,8727.18,0,0,0.0000
351,2175.96,9009.66,0,0,0.0000
352,1921.73,8878.89,NaN,NaN,NaN
353,1823.97,8694.78,0,0,0.0000
354,2306.96,9233.49,NaN,NaN,NaN
355,2281.53,9286.39,0,0,0.0000
356,2189.28,8699.91,0,0,0.0000
357,1931.58,8985.58,0,0,0.0000
358,2019.09,8784.25,0,0,0.0000
359,2371.44,8621.06,0,0,0.0000
360,2148.14,9230.22,0,0,0.0000
361,2058.76,8853.37,0,0,0.0000
362,2370.49,9241.34,0,0,0.0000
363,2151.96,9043.34,0,0,0.0000
364,1923.25,8711.67,0,0,0.0000
365,1842.61,8874.92,NaN,NaN,NaN
366,1870.84,8789.79,0,0,0.0000
367,2277.92,8975.18,0,0,0.0000
368,2411.64,9318.51,0,0,0.0000
369,1727.79,8762.65,0,0,0.0000
370,2327.01,8912.44,0,0,0.0000
371,2167.30,9086.80,0,0,0.0000
372,2205.26,8931.07,0,0,0.0000
373,2135.91,8669.29,0,0,0.0000
374,1900.33,8838.37,0,0,0.0000
375,1923.46,8933.04,0,0,0.0000
376,1839.37,8833.10,0,0,0.0000
377,1965.52,8854.95,0,0,0.0000
378,1764.78,8652.48,0,0,0.0000
379,2254.11,9234.38,0,0,0.0000
380,2390.18,8686.23,0,0,0.0000
381,1889.23,8938.76,NaN,NaN,NaN
382,2340.32,8964.19,0,0,0.0000
383,2335.99,9007.85,0,0,0.0000
384,1711.77,8653.17,NaN,NaN,NaN
385,1787.95,8761.44,0,0,0.0000
386,3154.15,8585.39,0,0,0.0000
387,3128.83,8879.19,0,0,0.0000
388,2545.21,8775.88,0,0,0.0000
389,2680.72,9042.06,0,0,0.0000
390,2490.20,9264.86,0,0,0.0000
391,3159.19,9262.84,0,0,0.0000
392,2608.33,8727.01,0,0,0.0000
393,2784.86,9221.71,0,0,0.0000
394,2921.18,9130.33,0,0,0.0000
395,2998.70,8844.15,0,0,0.0000
396,3006.18,8740.41,0,0,0.0000
397,2858.33,9275.42,0,0,0.0000
398,2837.58,8971.10,0,0,0.0000
399,3050.41,8622.45,0,0,0.0000
400,2474.62,8756.02,0,0,0.0000
401,2634.91,8986.41,0,0,0.0000
402,3120.69,8694.55,0,0,0.0000
403,2684.49,9340.96,0,0,0.0000
404,2658.33,8879.30,0,0,0.0000
405,3067.52,8682.38,0,0,0.0000
406,2932.21,9007.34,0,0,0.0000
407,3036.45,8790.98,0,0,0.0000
408,2731.10,8592.36,NaN,NaN,NaN
409,2850.90,9034.23,0,0,0.0000
410,2781.35,8944.94,0,0,0.0000
411,2981.04,9053.17,0,0,0.0000
412,3076.26,8753.11,0,0,0.0000
413,2927.86,9233.43,0,0,0.0000
414,2556.30,9319.04,0,0,0.0000
415,3185.14,8797.69,0,0,0.0000
416,3134.52,9040.17,0,0,0.0000
417,3186.91,9082.30,0,0,0.0000
418,2774.15,9102.56,0,0,0.0000
419,2775.12,9303.59,0,0,0.0000
420,2621.58,8938.47,0,0,0.0000
421,3075.65,9309.56,0,0,0.0000
422,2677.13,8744.88,0,0,0.0000
423,2694.21,9137.32,0,0,0.0000
424,2779.90,9019.43,0,0,0.0000
425,3066.66,8910.53,0,0,0.0000
426,2872.54,9089.91,0,0,0.0000
427,2615.27,8826.78,0,0,0.0000
428,2673.49,8951.22,0,0,0.0000
429,2770.24,8753.25,0,0,0.0000
430,3078.00,9261.80,0,0,0.0000
431,2465.65,8679.08,0,0,0.0000
432,2713.55,8894.66,0,0,0.0000
433,2991.22,9184.32,0,0,0.0000
434,3072.40,8981.73,0,0,0.0000
435,2937.23,9292.91,2,1,0.0000
436,2945.72,9342.10,NaN,NaN,NaN
437,2734.74,9128.37,0,0,0.0000
438,3080.48,9206.29,0,0,0.0000
439,3139.83,8783.52,0,0,0.0000
440,2968.50,8967.96,0,0,0.0000
441,2579.22,9053.21,0,0,0.0000
442,3010.86,8934.96,0,0,0.0000
443,2650.73,9101.55,0,0,0.0000
444,2797.87,8730.42,0,0,0.0000
445,3193.89,8926.38,0,0,0.0000
446,2911.44,8939.77,0,0,0.0000
447,3359.84,8965.56,0,0,0.0000
448,3247.24,8771.88,NaN,NaN,NaN
449,3245.96,8885.20,0,0,0.0000
450,3766.41,9248.05,0,0,0.0000
451,3420.28,9254.92,0,0,0.0000
452,3531.25,9039.89,0,0,0.0000
453,3350.85,8593.88,0,0,0.0000
454,3319.37,9171.80,0,0,0.0000
455,3378.94,8690.23,0,0,0.0000
456,3791.88,9170.18,0,0,0.0000
457,3493.81,8909.98,0,0,0.0000
458,3506.81,8834.46,0,0,0.0000
459,3468.97,9310.23,0,0,0.0000
460,3748.06,9331.45,0,0,0.0000
461,3846.09,9288.30,NaN,NaN,NaN
462,3673.98,9264.53,0,0,0.0000
463,3584.69,9245.27,0,0,0.0000
464,3644.04,9073.95,0,0,0.0000
465,3418.73,8743.05,0,0,0.0000
466,3488.75,8753.54,0,0,0.0000
467,3719.46,9154.09,0,0,0.0000
468,3399.39,8842.82,0,0,0.0000
469,3656.52,9159.90,0,0,0.0000
470,3383.44,9134.92,0,0,0.0000
471,3750.80,8991.49,NaN,NaN,NaN
472,3889.45,9310.67,NaN,NaN,NaN
473,3253.02,9326.11,0,0,0.0000
474,3531.09,8709.10,0,0,0.0000
475,3869.41,9011.53,0,0,0.0000
476,3738.21,9043.88,0,0,0.0000
477,3245.03,9240.11,0,0,0.0000
478,3568.27,9319.40,0,0,0.0000
479,3214.55,9121.04,0,0,0.0000
480,3737.94,9097.10,0,0,0.0000
481,3283.06,8998.14,NaN,NaN,NaN
482,3675.55,9328.03,0,0,0.0000
483,3528.77,8588.08,0,0,0.0000
484,3535.28,8773.66,0,0,0.0000
485,3243.93,8961.44,NaN,NaN,NaN
486,3443.49,8650.63,0,0,0.0000
487,3403.47,9044.08,0,0,0.0000
488,3328.62,9114.21,0,0,0.0000
489,3876.51,9230.04,0,0,0.0000
490,3754.10,8935.12,2,1,0.0000
491,3503.12,8630.39,0,0,0.0000
492,3238.95,9070.26,0,0,0.0000
493,3486.57,9242.04,0,0,0.0000
494,3853.47,9071.08,0,0,0.0000
495,3306.35,8693.46,0,0,0.0000
496,3579.34,9076.41,0,0,0.0000
497,3789.86,9064.37,0,0,0.0000
498,3566.96,8633.23,0,0,0.0000
499,3396.85,9094.64,0,0,0.0000
500,3564.92,9160.96,0,0,0.0000
501,3602.20,8613.65,0,0,0.0000
502,3465.39,9157.22,0,0,0.0000
503,3265.95,9115.47,0,0,0.0000
504,3222.72,8683.02,0,0,0.0000
505,3438.24,8846.29,0,0,0.0000
506,3448.22,8964.46,0,0,0.0000
507,3434.48,8924.24,0,0,0.0000
508,3203.42,8969.53,0,0,0.0000
509,219.70,10017.39,2,4,2.0000
510,457.37,9649.75,0,0,0.0000
511,181.74,9667.84,NaN,NaN,NaN
512,547.47,9396.54,NaN,NaN,NaN
513,546.19,9515.47,NaN,NaN,NaN
514,732.75,9951.33,NaN,NaN,NaN
515,524.43,9598.19,0,0,0.0000
516,87.68,10039.27,0,0,0.0000
517,443.35,9569.82,0,0,0.0000
518,545.53,10063.13,0,0,0.0000
519,206.81,9769.65,0,0,0.0000
520,429.03,9932.36,0,0,0.0000
521,67.84,9616.29,0,0,0.0000
522,189.43,9917.40,NaN,NaN,NaN
523,221.94,9847.83,NaN,NaN,NaN
524,472.13,9418.53,2,4,2.0000
525,119.40,9632.08,0,0,0.0000
526,618.49,9721.85,0,0,0.0000
527,138.25,9795.50,0,0,0.0000
528,271.61,9648.52,0,0,0.0000
529,606.78,9669.76,0,0,0.0000
530,669.91,9492.77,NaN,NaN,NaN
531,390.84,9470.33,0,0,0.0000
532,807.67,10007.98,0,0,0.0000
533,51.37,9865.68,0,0,0.0000
534,613.46,9779.86,NaN,NaN,NaN
535,547.49,9901.76,0,0,0.0000
536,397.63,9520.34,0,0,0.0000
537,649.47,9948.15,NaN,NaN,NaN
538,244.33,9512.06,0,0,0.0000
539,330.56,10037.02,2,3,0.0000
540,389.16,9862.51,NaN,NaN,NaN
541,440.20,9457.24,0,0,0.0000
542,652.60,10038.60,0,0,0.0000
543,162.70,9863.98,3,2,0.0000
544,683.95,9869.54,0,0,0.0000
545,736.86,10035.52,0,0,0.0000
546,423.03,10005.54,2,3,0.0000
547,214.23,9542.22,0,0,0.0000
548,616.38,9961.58,0,0,0.0000
549,351.71,9890.90,0,0,0.0000
550,391.62,9618.28,0,0,0.0000
551,246.08,9580.62,0,0,0.0000
552,247.25,9701.58,0,0,0.0000
553,671.84,9909.15,0,0,0.0000
554,650.68,10090.32,0,0,0.0000
555,565.29,9976.33,0,0,0.0000
556,474.32,9509.06,0,0,0.0000
557,573.22,9724.70,0,0,0.0000
558,98.66,9968.89,0,0,0.0000
559,292.93,9594.16,0,0,0.0000
560,632.99,9753.08,0,0,0.0000
561,692.72,10044.65,0,0,0.0000
562,649.98,9604.61,0,0,0.0000
563,130.26,9857.64,NaN,NaN,NaN
564,775.63,9994.80,0,0,0.0000
565,629.94,9863.07,0,0,0.0000
566,606.51,10015.42,0,0,0.0000
567,106.98,9713.78,0,0,0.0000
568,235.27,9736.88,0,0,0.0000
569,152.61,9827.38,0,0,0.0000
570,1437.12,9446.32,0,0,0.0000
571,1234.55,9410.47,0,0,0.0000
572,1482.39,9803.41,0,0,0.0000
573,1643.66,9694.67,0,0,0.0000
574,1607.45,9656.04,0,0,0.0000
575,1602.96,9789.89,NaN,NaN,NaN
576,1511.49,9422.60,0,0,0.0000
577,1451.79,9360.53,0,0,0.0000
578,1174.25,9365.67,0,0,0.0000
579,1449.98,9636.84,0,0,0.0000
580,1529.95,9670.59,0,0,0.0000
581,1328.51,9430.91,0,0,0.0000
582,1543.27,9812.15,0,0,0.0000
583,1514.62,9749.61,0,0,0.0000
584,1598.00,9736.18,0,0,0.0000
585,1390.36,9389.86,0,0,0.0000
586,1826.48,9374.57,NaN,NaN,NaN
587,1995.21,9660.30,0,0,0.0000
588,1928.53,9731.58,0,0,0.0000
589,2130.05,9747.40,0,0,0.0000
590,2418.55,9384.50,0,0,0.0000
591,1875.95,9461.08,0,0,0.0000
592,1848.17,9679.89,NaN,NaN,NaN
593,1860.65,9749.70,0,0,0.0000
594,1761.79,9730.98,0,0,0.0000
595,1921.28,9528.61,0,0,0.0000
596,1666.80,9823.66,NaN,NaN,NaN
597,1861.97,9533.25,0,0,0.0000
598,1705.21,9724.14,0,0,0.0000
599,1933.41,9798.62,0,0,0.0000
600,2259.24,9511.74,0,0,0.0000
601,2179.59,9727.24,0,0,0.0000
602,1816.68,9574.52,0,0,0.0000
603,1899.47,9374.93,2,3,0.0000
604,1744.17,9671.35,0,0,0.0000
605,1689.97,9634.60,0,0,0.0000
606,2126.54,9701.02,0,0,0.0000
607,1868.34,9422.93,NaN,NaN,NaN
608,2045.81,9767.29,0,0,0.0000
609,2000.57,9743.66,0,0,0.0000
610,1919.56,9642.69,0,0,0.0000
611,1997.22,9511.19,0,0,0.0000
612,1993.48,9777.98,0,0,0.0000
613,1932.27,9592.36,0,0,0.0000
614,1961.90,9856.71,0,0,0.0000
615,1722.32,9589.60,0,0,0.0000
616,2005.13,9802.55,0,0,0.0000
617,1801.12,9654.63,0,0,0.0000
618,2857.82,9351.46,NaN,NaN,NaN
619,2855.78,9889.65,NaN,NaN,NaN
620,2952.98,9960.19,0,0,0.0000
621,2842.38,9542.79,0,0,0.0000
622,3074.55,9392.83,0,0,0.0000
623,3165.41,9456.02,0,0,0.0000
624,2937.83,10054.17,NaN,NaN,NaN
625,3045.91,9829.95,NaN,NaN,NaN
626,2751.52,9411.29,0,0,0.0000
627,2489.16,9379.75,0,0,0.0000
628,3155.38,9545.59,0,0,0.0000
629,2974.17,9484.32,0,0,0.0000
630,3144.88,9365.16,2,4,2.0000
631,3138.83,9822.56,NaN,NaN,NaN
632,3023.67,9528.93,0,0,0.0000
633,2924.39,9663.08,0,0,0.0000
634,3074.81,9510.98,0,0,0.0000
635,2593.58,9414.97,0,0,0.0000
636,2910.67,9418.10,3,3,0.0000
637,2892.48,9496.68,0,0,0.0000
638,2880.39,9593.16,0,0,0.0000
639,2602.52,9450.64,0,0,0.0000
640,2674.05,9454.63,NaN,NaN,NaN
641,2988.38,9585.93,0,0,0.0000
642,3017.92,10069.36,0,0,0.0000
643,2943.86,9586.27,0,0,0.0000
644,3008.29,10010.80,0,0,0.0000
645,2938.00,9463.80,0,0,0.0000
646,2786.38,10001.96,0,0,0.0000
647,2870.35,9652.95,0,0,0.0000
648,3042.16,10029.03,0,0,0.0000
649,2874.09,10050.55,0,0,0.0000
650,2666.88,9383.64,NaN,NaN,NaN
651,3042.07,9459.20,0,0,0.0000
652,2979.90,10090.40,3,5,0.0000
653,3092.73,9797.31,0,0,0.0000
654,2488.89,9423.90,0,0,0.0000
655,2854.64,10006.83,0,0,0.0000
656,2479.90,9817.23,0,0,0.0000
657,2864.92,9953.81,0,0,0.0000
658,3084.77,9921.18,0,0,0.0000
659,2841.76,9430.34,0,0,0.0000
660,3886.69,9497.63,0,0,0.0000
661,3644.28,9377.75,0,0,0.0000
662,3302.26,9639.48,0,0,0.0000
663,3803.32,9464.38,NaN,NaN,NaN
664,3550.15,9436.93,0,0,0.0000
665,3710.59,9499.56,2,1,0.0000
666,3919.91,9400.04,0,0,0.0000
667,3732.35,9431.01,NaN,NaN,NaN
668,3813.77,9538.57,0,0,0.0000
669,3956.99,9492.55,0,0,0.0000
670,3645.64,9462.31,0,0,0.0000
671,3367.35,9652.40,0,0,0.0000
672,3418.94,9543.90,0,0,0.0000
673,3483.28,9474.37,0,0,0.0000
674,3526.26,9366.15,0,0,0.0000
675,3892.49,9646.19,0,0,0.0000
676,3335.28,9734.95,0,0,0.0000
677,3953.80,9575.81,0,0,0.0000
678,3579.21,9496.84,0,0,0.0000
679,3804.47,9574.78,0,0,0.0000
680,3509.89,9648.73,NaN,NaN,NaN
681,3464.34,9579.05,NaN,NaN,NaN
682,3291.40,9731.71,0,0,0.0000
683,3334.79,9428.95,0,0,0.0000
684,3203.49,9597.89,0,0,0.0000
685,3528.17,9610.08,NaN,NaN,NaN
686,3233.52,9730.36,0,0,0.0000
687,3605.08,9475.06,0,0,0.0000
688,3618.09,9513.34,0,0,0.0000
689,3783.08,9602.58,NaN,NaN,NaN
690,3443.98,9483.49,0,0,0.0000
691,3258.73,9691.85,0,0,0.0000
692,3867.14,9363.79,0,0,0.0000
693,3880.66,9414.12,0,0,0.0000
694,3913.52,9569.90,0,0,0.0000
695,3233.02,9427.45,0,0,0.0000
696,4138.47,9381.77,0,0,0.0000
697,4110.68,9601.91,0,0,0.0000
698,4001.03,9642.39,0,0,0.0000
699,4072.21,9553.96,0,0,0.0000
700,4007.26,9548.37,0,0,0.0000
701,4121.50,9462.60,0,0,0.0000
702,4173.17,9487.39,0,0,0.0000
703,4075.09,9493.56,0,0,0.0000
704,4102.71,9401.79,0,0,0.0000
705,4028.42,9387.54,0,0,0.0000
706,4069.90,9737.95,0,0,0.0000
707,4215.54,9636.24,0,0,0.0000
708,4172.71,9536.90,0,0,0.0000
709,4205.86,9573.17,NaN,NaN,NaN
710,4287.02,9520.94,0,0,0.0000
711,3990.01,9506.05,0,0,0.0000
712,659.94,10288.23,NaN,NaN,NaN
713,870.81,10366.25,0,0,0.0000
714,572.13,10166.63,NaN,NaN,NaN
715,788.51,10649.24,0,0,0.0000
716,256.76,10484.96,0,0,0.0000
717,705.15,10420.39,0,0,0.0000
718,478.61,10803.81,NaN,NaN,NaN
719,692.23,10687.86,0,0,0.0000
720,361.23,10523.01,0,0,0.0000
721,597.39,10446.58,0,0,0.0000
722,385.03,10853.96,0,0,0.0000
723,732.23,10836.18,0,0,0.0000
724,585.78,10695.38,0,0,0.0000
725,213.16,10673.73,0,0,0.0000
726,141.92,10177.83,0,0,0.0000
727,516.70,10544.28,0,0,0.0000
728,607.51,10756.23,0,0,0.0000
729,345.07,10143.12,0,0,0.0000
730,405.86,10654.49,0,0,0.0000
731,128.60,10699.48,0,0,0.0000
732,480.57,10217.87,NaN,NaN,NaN
733,566.68,10337.57,2,2,0.0000
734,63.08,10217.29,0,0,0.0000
735,448.07,10439.95,0,0,0.0000
736,132.75,10826.30,0,0,0.0000
737,508.57,10351.78,NaN,NaN,NaN
738,694.25,10601.10,0,0,0.0000
739,808.77,10301.58,0,0,0.0000
740,847.43,10857.21,0,0,0.0000
741,455.64,10498.98,0,0,0.0000
742,760.27,10736.66,0,0,0.0000
743,838.54,10786.71,0,0,0.0000
744,674.03,10167.66,0,0,0.0000
745,348.13,10215.92,0,0,0.0000
746,224.71,10829.37,0,0,0.0000
747,810.54,10444.83,0,0,0.0000
748,345.44,10656.28,0,0,0.0000
749,814.29,10731.04,0,0,0.0000
750,681.65,10516.86,0,0,0.0000
751,332.91,10603.42,0,0,0.0000
752,390.80,10755.36,0,0,0.0000
753,776.62,10876.18,0,0,0.0000
754,47.74,10851.06,0,0,0.0000
755,44.82,10727.97,0,0,0.0000
756,281.40,10790.39,0,0,0.0000
757,455.90,10693.48,0,0,0.0000
758,637.31,10370.58,3,4,0.0000
759,261.14,10246.19,NaN,NaN,NaN
760,193.00,10620.77,0,0,0.0000
761,369.73,10454.75,0,0,0.0000
762,566.20,10794.15,0,0,0.0000
763,473.34,10721.46,0,0,0.0000
764,658.15,10879.28,0,0,0.0000
765,102.67,10769.27,0,0,0.0000
766,578.38,10632.99,0,0,0.0000
767,476.16,10312.80,NaN,NaN,NaN
768,688.05,10806.32,0,0,0.0000
769,515.98,10429.57,0,0,0.0000
770,386.07,10590.56,0,0,0.0000
771,743.81,10356.84,0,0,0.0000
772,342.17,10739.84,0,0,0.0000
773,512.79,10614.55,0,0,0.0000
774,703.10,10114.59,0,0,0.0000
775,215.05,10123.65,0,0,0.0000
776,882.90,10242.17,0,0,0.0000
777,268.09,10702.91,0,0,0.0000
778,764.24,10279.34,0,0,0.0000
779,335.84,10403.26,0,0,0.0000
780,814.43,10535.66,0,0,0.0000
781,428.11,10557.26,0,0,0.0000
782,241.03,10755.67,0,0,0.0000
783,625.13,10194.42,0,0,0.0000
784,539.61,10477.09,0,0,0.0000
785,755.36,10534.72,0,0,0.0000
786,617.96,10601.98,0,0,0.0000
787,179.36,10740.09,0,0,0.0000
788,470.71,10637.79,0,0,0.0000
789,222.50,10232.73,NaN,NaN,NaN
790,24.87,10770.15,0,0,0.0000
791,300.02,10646.98,0,0,0.0000
792,421.84,10389.33,NaN,NaN,NaN
793,275.08,10646.17,0,0,0.0000
794,859.78,10529.68,0,0,0.0000
795,571.80,10276.15,0,0,0.0000
796,60.83,10676.05,0,0,0.0000
797,54.97,10794.47,0,0,0.0000
798,679.04,10762.83,0,0,0.0000
799,426.52,10600.40,0,0,0.0000
800,338.76,10476.70,0,0,0.0000
801,183.61,10290.59,NaN,NaN,NaN
802,276.04,10155.27,0,0,0.0000
803,894.91,10671.53,0,0,0.0000
804,900.77,10596.87,0,0,0.0000
805,1615.52,10309.17,0,0,0.0000
806,1587.14,10368.89,0,0,0.0000
807,919.58,10197.41,0,0,0.0000
808,1432.62,10392.88,0,0,0.0000
809,1449.15,10467.51,0,0,0.0000
810,1007.38,10340.94,0,0,0.0000
811,1492.35,10348.71,NaN,NaN,NaN
812,949.09,10768.62,0,0,0.0000
813,1515.09,10404.32,0,0,0.0000
814,1013.93,10724.64,0,0,0.0000
815,1577.04,10484.46,0,0,0.0000
816,946.50,10667.78,0,0,0.0000
817,1640.39,10419.43,0,0,0.0000
818,1655.80,10791.36,0,0,0.0000
819,912.85,10722.24,0,0,0.0000
820,988.17,10676.10,0,0,0.0000
821,1504.27,10523.27,0,0,0.0000
822,909.00,10478.89,0,0,0.0000
823,1006.67,10490.99,0,0,0.0000
824,926.46,10535.02,0,0,0.0000
825,1616.96,10621.68,0,0,0.0000
826,911.22,10421.66,0,0,0.0000
827,1114.85,10750.47,0,0,0.0000
828,968.54,10480.15,0,0,0.0000
829,1643.24,10553.89,0,0,0.0000
830,1044.16,10419.59,0,0,0.0000
831,1388.25,10348.92,0,0,0.0000
832,1383.26,10836.18,0,0,0.0000
833,1576.59,10752.06,0,0,0.0000
834,1011.15,10591.71,0,0,0.0000
835,1054.38,10390.92,0,0,0.0000
836,1064.11,10356.80,0,0,0.0000
837,1612.32,10708.46,0,0,0.0000
838,955.03,10453.30,0,0,0.0000
839,1530.57,10712.91,NaN,NaN,NaN
840,2145.29,10382.32,NaN,NaN,NaN
841,2052.97,10586.01,0,0,0.0000
842,2175.50,10587.39,NaN,NaN,NaN
843,1982.87,10689.60,0,0,0.0000
844,2089.30,10490.30,0,0,0.0000
845,1983.54,10398.93,NaN,NaN,NaN
846,1901.72,10742.14,0,0,0.0000
847,2268.86,10529.20,0,0,0.0000
848,1872.96,10560.99,0,0,0.0000
849,1768.25,10623.44,NaN,NaN,NaN
850,2070.78,10699.77,0,0,0.0000
851,2324.76,10428.14,0,0,0.0000
852,1808.47,10741.35,0,0,0.0000
853,1747.65,10716.60,NaN,NaN,NaN
854,1683.62,10730.39,NaN,NaN,NaN
855,1898.25,10824.08,0,0,0.0000
856,1680.60,10341.78,0,0,0.0000
857,2153.71,10846.43,0,0,0.0000
858,2295.91,10624.02,0,0,0.0000
859,1680.00,10633.86,NaN,NaN,NaN
860,2145.85,10286.69,0,0,0.0000
861,1902.80,10642.08,0,0,0.0000
862,1956.41,10287.67,0,0,0.0000
863,2018.91,10229.48,0,0,0.0000
864,2200.36,10487.14,0,0,0.0000
865,1865.88,10505.52,0,0,0.0000
866,1828.86,10643.60,0,0,0.0000
867,1748.64,10538.04,0,0,0.0000
868,1758.65,10800.41,0,0,0.0000
869,2032.26,10776.06,0,0,0.0000
870,2116.17,10170.67,0,0,0.0000
871,2245.95,10273.99,NaN,NaN,NaN
872,2012.76,10305.67,NaN,NaN,NaN
873,1912.18,10451.19,0,0,0.0000
874,2346.18,10540.89,0,0,0.0000
875,2035.05,10478.75,0,0,0.0000
876,2373.35,10307.48,0,0,0.0000
877,2083.51,10871.49,0,0,0.0000
878,2309.34,10786.60,0,0,0.0000
879,2011.49,10546.29,0,0,0.0000
880,2184.33,10454.09,0,0,0.0000
881,2378.66,10606.36,0,0,0.0000
882,2315.74,10576.91,0,0,0.0000
883,1678.42,10453.30,0,0,0.0000
884,2069.99,10824.08,0,0,0.0000
885,1814.39,10838.45,0,0,0.0000
886,2101.09,10202.41,0,0,0.0000
887,2080.56,10231.99,0,0,0.0000
888,2356.30,10499.37,0,0,0.0000
889,2020.87,10193.08,3,2,0.0000
890,1935.71,10372.17,0,0,0.0000
891,1940.92,10571.25,0,0,0.0000
892,1854.29,10432.42,0,0,0.0000
893,1946.61,10510.47,0,0,0.0000
894,1976.18,10202.83,NaN,NaN,NaN
895,1717.66,10820.84,0,0,0.0000
896,2119.15,10798.32,0,0,0.0000
897,1696.22,10283.34,0,0,0.0000
898,2435.00,10605.09,0,0,0.0000
899,2521.32,10618.67,0,0,0.0000
900,2618.94,10639.66,0,0,0.0000
901,2577.33,10559.60,0,0,0.0000
902,2447.21,10502.45,0,0,0.0000
903,2511.95,10530.00,0,0,0.0000
904,2769.81,10660.46,0,0,0.0000
905,2657.39,10592.65,0,0,0.0000
906,2975.51,10156.42,0,0,0.0000
907,2763.34,10127.21,0,0,0.0000
908,2711.16,10673.88,0,0,0.0000
909,2699.54,10618.00,0,0,0.0000
910,543.04,10906.18,0,0,0.0000
911,620.99,11344.81,2,2,0.0000
912,69.23,11358.44,0,0,0.0000
913,821.54,11225.89,0,0,0.0000
914,829.87,11557.54,0,0,0.0000
915,718.16,11632.70,0,0,0.0000
916,159.57,11365.79,NaN,NaN,NaN
917,214.04,11273.10,4,5,0.0000
918,269.15,10970.40,0,0,0.0000
919,298.42,10889.42,0,0,0.0000
920,541.98,11134.72,NaN,NaN,NaN
921,724.55,11278.08,0,0,0.0000
922,121.93,10911.38,0,0,0.0000
923,259.96,11573.22,0,0,0.0000
924,664.42,11563.85,0,0,0.0000
925,63.00,11473.78,2,3,0.0000
926,254.21,11070.67,0,0,0.0000
927,383.33,11012.27,0,0,0.0000
928,171.76,11041.72,0,0,0.0000
929,611.42,11638.56,0,0,0.0000
930,423.72,10933.44,0,0,0.0000
931,87.16,11573.98,0,0,0.0000
932,656.74,11010.20,0,0,0.0000
933,761.34,11501.42,0,0,0.0000
934,34.37,10947.14,0,0,0.0000
935,190.62,11590.87,0,0,0.0000
936,77.33,11121.26,3,7,2.3333
937,401.67,11406.19,0,0,0.0000
938,343.33,11217.73,3,3,0.0000
939,341.08,11069.58,0,0,0.0000
940,509.10,11287.82,4,7,0.0000
941,266.91,11419.43,0,0,0.0000
942,110.88,11181.60,2,2,0.0000
943,546.18,11342.34,2,2,0.0000
944,343.07,11561.85,0,0,0.0000
945,416.24,11186.80,NaN,NaN,NaN
946,138.96,11250.33,0,0,0.0000
947,379.39,11291.47,0,0,0.0000
948,571.26,11247.92,NaN,NaN,NaN
949,616.51,10895.17,0,0,0.0000
950,231.37,11361.58,0,0,0.0000
951,191.48,11444.96,0,0,0.0000
952,476.56,11336.82,0,0,0.0000
953,595.63,11041.26,0,0,0.0000
954,264.47,11485.33,0,0,0.0000
955,170.92,10958.46,0,0,0.0000
956,96.29,11263.21,0,0,0.0000
957,535.40,11064.62,NaN,NaN,NaN
958,409.69,11255.98,2,4,2.0000
959,405.12,11340.82,0,0,0.0000
960,186.74,11197.35,NaN,NaN,NaN
961,176.14,11495.67,0,0,0.0000
962,411.26,11096.43,0,0,0.0000
963,718.21,10972.02,0,0,0.0000
964,19.56,11028.79,0,0,0.0000
965,557.58,11626.58,0,0,0.0000
966,461.74,11256.83,2,2,0.0000
967,368.91,11356.03,0,0,0.0000
968,789.38,11306.17,0,0,0.0000
969,477.49,11062.35,2,0,0.0000
970,564.60,11184.91,4,8,2.0000
971,647.96,11233.39,0,0,0.0000
972,217.93,10931.45,0,0,0.0000
973,149.99,11577.37,0,0,0.0000
974,206.58,10987.40,0,0,0.0000
975,247.95,11161.38,0,0,0.0000
976,315.18,11529.79,0,0,0.0000
977,313.90,11423.73,0,0,0.0000
978,287.72,11210.73,NaN,NaN,NaN
979,109.68,11071.08,0,0,0.0000
980,460.08,11161.43,0,0,0.0000
981,347.50,11386.71,0,0,0.0000
982,707.90,11360.92,0,0,0.0000
983,664.69,11397.23,NaN,NaN,NaN
984,804.71,10914.56,0,0,0.0000
985,601.84,11206.74,NaN,NaN,NaN
986,521.38,11235.16,NaN,NaN,NaN
987,625.80,10974.99,0,0,0.0000
988,326.35,11460.49,0,0,0.0000
989,220.88,11519.69,0,0,0.0000
990,1564.25,11463.06,3,5,0.0000
991,1350.37,11413.10,NaN,NaN,NaN
992,1601.59,11305.57,0,0,0.0000
993,1397.09,11502.06,3,3,0.0000
994,1183.54,11344.63,NaN,NaN,NaN
995,991.41,11587.10,NaN,NaN,NaN
996,1053.45,11620.45,0,0,0.0000
997,1341.89,11638.52,NaN,NaN,NaN
998,916.36,11634.91,0,0,0.0000
999,907.60,11529.47,0,0,0.0000
1000,1643.54,11598.98,0,0,0.0000
1001,929.15,11353.35,0,0,0.0000
1002,1293.85,11607.24,0,0,0.0000
1003,1647.14,11173.91,0,0,0.0000
1004,1185.06,11601.40,0,0,0.0000
1005,1245.25,11595.78,0,0,0.0000
1006,1166.86,11496.45,0,0,0.0000
1007,1106.43,11506.81,0,0,0.0000
1008,953.83,11500.08,NaN,NaN,NaN
1009,1121.48,11421.21,0,0,0.0000
1010,1065.31,11340.27,0,0,0.0000
1011,1118.33,11594.84,0,0,0.0000
1012,1253.51,11487.60,0,0,0.0000
1013,1585.75,11069.26,0,0,0.0000
1014,909.17,11453.25,2,4,2.0000
1015,1513.05,10956.51,0,0,0.0000
1016,1059.47,11557.98,0,0,0.0000
1017,1611.83,11111.17,0,0,0.0000
1018,1440.40,11457.08,NaN,NaN,NaN
1019,1021.04,11487.85,NaN,NaN,NaN
1020,1493.41,11603.65,0,0,0.0000
1021,1449.28,11529.00,0,0,0.0000
1022,971.83,11439.28,NaN,NaN,NaN
1023,1450.16,11304.17,0,0,0.0000
1024,1092.81,11455.56,2,1,0.0000
1025,961.16,11395.44,NaN,NaN,NaN
1026,1584.70,11611.61,0,0,0.0000
1027,1050.38,11519.16,0,0,0.0000
1028,1255.89,11537.98,4,3,0.0000
1029,995.72,11524.89,NaN,NaN,NaN
1030,1176.93,11396.67,NaN,NaN,NaN
1031,1215.25,11412.27,0,0,0.0000
1032,1482.97,11492.96,0,0,0.0000
1033,1239.95,11404.60,0,0,0.0000
1034,1302.46,11516.92,0,0,0.0000
1035,1101.02,11012.75,0,0,0.0000
1036,1099.03,11544.77,0,0,0.0000
1037,1375.79,11565.08,0,0,0.0000
1038,1141.87,11553.99,0,0,0.0000
1039,1603.99,11239.18,0,0,0.0000
1040,1650.54,11647.91,0,0,0.0000
1041,1593.11,11561.94,0,0,0.0000
1042,1681.03,11352.53,3,6,2.0000
1043,1855.96,11514.12,4,4,0.0000
1044,1996.59,11017.27,2,2,0.0000
1045,2090.53,10989.11,0,0,0.0000
1046,1825.99,11069.00,0,0,0.0000
1047,1696.56,11100.69,0,0,0.0000
1048,2392.23,10973.20,NaN,NaN,NaN
1049,2261.17,10943.10,0,0,0.0000
1050,2198.42,11000.97,0,0,0.0000
1051,1673.31,11535.89,0,0,0.0000
1052,1957.08,10899.84,2,4,2.0000
1053,1937.88,11308.28,NaN,NaN,NaN
1054,1931.54,11581.11,NaN,NaN,NaN
1055,1791.51,11630.54,NaN,NaN,NaN
1056,1988.13,11118.40,0,0,0.0000
1057,1845.95,11201.46,0,0,0.0000
1058,1824.49,10939.56,0,0,0.0000
1059,1809.76,11152.20,0,0,0.0000
1060,2088.87,11121.42,2,2,0.0000
1061,1716.50,11473.90,3,5,0.0000
1062,1782.84,11472.42,0,0,0.0000
1063,1754.40,11552.72,NaN,NaN,NaN
1064,2128.91,11069.04,0,0,0.0000
1065,1837.70,11002.41,0,0,0.0000
1066,1917.22,11412.05,0,0,0.0000
1067,2414.94,10916.17,0,0,0.0000
1068,1673.34,11208.23,0,0,0.0000
1069,1764.93,11362.90,0,0,0.0000
1070,1968.68,11441.44,0,0,0.0000
1071,1964.17,10943.57,NaN,NaN,NaN
1072,2052.08,11198.86,0,0,0.0000
1073,1990.00,11354.01,NaN,NaN,NaN
1074,1797.11,11408.51,2,1,0.0000
1075,2272.38,11031.49,0,0,0.0000
1076,2216.88,11102.86,0,0,0.0000
1077,1701.87,11035.33,0,0,0.0000
1078,2056.26,11472.41,NaN,NaN,NaN
1079,1985.57,11265.69,0,0,0.0000
1080,1912.51,11124.72,0,0,0.0000
1081,1889.29,10960.14,0,0,0.0000
1082,1729.35,11195.99,0,0,0.0000
1083,1741.91,11281.94,0,0,0.0000
1084,1775.01,11224.60,0,0,0.0000
1085,1728.42,10950.76,0,0,0.0000
1086,2032.13,11304.06,2,1,0.0000
1087,2013.91,11283.22,0,0,0.0000
1088,2038.32,11515.56,2,3,0.0000
1089,1820.20,11329.47,0,0,0.0000
1090,2038.98,10901.49,0,0,0.0000
1091,1750.29,11065.99,0,0,0.0000
1092,1939.94,11082.34,0,0,0.0000
1093,1794.47,10983.97,0,0,0.0000
1094,2240.47,11146.97,0,0,0.0000
1095,1734.89,11148.16,0,0,0.0000
1096,1770.66,11181.57,0,0,0.0000
1097,1870.79,11372.62,NaN,NaN,NaN
1098,1969.06,11388.28,0,0,0.0000
1099,1760.45,11132.60,0,0,0.0000
1100,1845.88,11634.98,0,0,0.0000
1101,1872.30,11627.41,0,0,0.0000
1102,2006.21,11512.70,NaN,NaN,NaN
1103,1686.11,11631.81,0,0,0.0000
1104,1851.77,11421.90,NaN,NaN,NaN
1105,1894.89,11244.42,0,0,0.0000
1106,2297.79,10992.42,0,0,0.0000
1107,1683.04,11477.05,NaN,NaN,NaN
1108,2066.55,11060.26,NaN,NaN,NaN
1109,2470.51,10925.55,0,0,0.0000
1110,5340.56,11583.87,NaN,NaN,NaN
1111,5048.99,11612.35,0,0,0.0000
1112,5007.49,11575.58,0,0,0.0000
1113,5583.27,11619.82,0,0,0.0000
1114,792.30,12366.38,0,0,0.0000
1115,793.50,11734.14,0,0,0.0000
1116,444.31,12332.52,0,0,0.0000
1117,219.95,11915.16,0,0,0.0000
1118,581.84,11750.23,0,0,0.0000
1119,691.43,12304.62,0,0,0.0000
1120,601.86,12322.26,0,0,0.0000
1121,117.41,12014.34,0,0,0.0000
1122,503.60,12142.11,NaN,NaN,NaN
1123,161.91,12284.05,0,0,0.0000
1124,818.78,11977.40,0,0,0.0000
1125,135.23,12174.73,0,0,0.0000
1126,855.10,12069.45,NaN,NaN,NaN
1127,49.88,12018.87,0,0,0.0000
1128,65.58,11666.79,0,0,0.0000
1129,185.84,11789.03,0,0,0.0000
1130,68.95,12247.64,0,0,0.0000
1131,142.83,11684.91,0,0,0.0000
1132,209.81,12407.95,0,0,0.0000
1133,855.29,11671.65,0,0,0.0000
1134,699.46,11806.12,2,2,0.0000
1135,55.76,12123.68,0,0,0.0000
1136,47.30,11808.96,0,0,0.0000
1137,293.22,12242.40,0,0,0.0000
1138,635.41,12138.56,NaN,NaN,NaN
1139,575.77,12228.97,0,0,0.0000
1140,353.54,12018.62,0,0,0.0000
1141,485.28,11889.36,0,0,0.0000
1142,216.04,11692.71,0,0,0.0000
1143,696.10,12169.50,0,0,0.0000
1144,608.44,11949.73,0,0,0.0000
1145,374.07,12108.35,0,0,0.0000
1146,154.87,12104.47,0,0,0.0000
1147,642.26,12246.51,0,0,0.0000
1148,208.48,12176.47,0,0,0.0000
1149,371.41,12253.57,0,0,0.0000
1150,867.71,11812.86,0,0,0.0000
1151,252.79,12197.62,0,0,0.0000
1152,755.23,12083.54,0,0,0.0000
1153,152.62,12410.88,0,0,0.0000
1154,206.51,12303.80,0,0,0.0000
1155,787.32,12036.60,NaN,NaN,NaN
1156,717.57,12122.37,0,0,0.0000
1157,629.78,11832.51,0,0,0.0000
1158,506.37,12289.69,2,3,0.0000
1159,315.51,12101.52,0,0,0.0000
1160,142.46,11894.10,0,0,0.0000
1161,581.83,11828.06,0,0,0.0000
1162,204.35,12069.08,0,0,0.0000
1163,114.66,11810.55,0,0,0.0000
1164,251.69,12346.28,0,0,0.0000
1165,229.75,12131.40,0,0,0.0000
1166,471.54,12216.52,0,0,0.0000
1167,758.84,12279.41,0,0,0.0000
1168,543.67,11927.80,0,0,0.0000
1169,515.32,11810.19,0,0,0.0000
1170,294.22,12024.46,0,0,0.0000
1171,538.46,11959.64,0,0,0.0000
1172,891.20,11880.61,0,0,0.0000
1173,730.50,11896.62,0,0,0.0000
1174,588.25,11890.62,0,0,0.0000
1175,484.79,12258.45,NaN,NaN,NaN
1176,269.70,12089.26,0,0,0.0000
1177,248.83,12027.24,0,0,0.0000
1178,14.35,12296.00,0,0,0.0000
1179,738.14,12224.70,0,0,0.0000
1180,306.78,12146.57,0,0,0.0000
1181,340.97,12060.74,0,0,0.0000
1182,428.09,11919.74,0,0,0.0000
1183,421.29,12142.57,0,0,0.0000
1184,270.69,12131.22,0,0,0.0000
1185,451.49,12082.10,0,0,0.0000
1186,271.86,11997.00,0,0,0.0000
1187,552.69,12065.26,0,0,0.0000
1188,533.27,11840.13,0,0,0.0000
1189,691.65,11909.98,0,0,0.0000
1190,445.04,11938.23,0,0,0.0000
1191,407.81,12061.69,0,0,0.0000
1192,724.16,11705.13,0,0,0.0000
1193,291.18,12322.12,0,0,0.0000
1194,579.04,12054.04,0,0,0.0000
1195,910.37,12259.07,0,0,0.0000
1196,1623.62,12148.83,NaN,NaN,NaN
1197,1105.16,12216.76,0,0,0.0000
1198,1070.65,11863.55,0,0,0.0000
1199,1592.98,11865.21,0,0,0.0000
1200,1510.70,11714.29,0,0,0.0000
1201,1418.89,12411.41,0,0,0.0000
1202,1200.91,12339.62,3,5,0.0000
1203,1192.65,11872.19,0,0,0.0000
1204,1028.04,12369.36,3,9,3.0000
1205,954.27,12067.35,NaN,NaN,NaN
1206,1451.03,12221.96,0,0,0.0000
1207,1566.27,12282.85,0,0,0.0000
1208,1215.36,11664.55,0,0,0.0000
1209,1077.30,12093.21,NaN,NaN,NaN
1210,1215.19,12010.63,0,0,0.0000
1211,1049.79,11752.00,0,0,0.0000
1212,1213.88,12224.85,2,2,0.0000
1213,1173.37,12101.92,0,0,0.0000
1214,1149.95,12018.14,5,6,0.0000
1215,967.67,11993.22,0,0,0.0000
1216,1384.72,11670.50,0,0,0.0000
1217,1311.34,11863.03,0,0,0.0000
1218,1491.91,12029.19,0,0,0.0000
1219,1607.46,12371.73,2,3,0.0000
1220,1576.84,11737.90,0,0,0.0000
1221,1325.48,11994.32,0,0,0.0000
1222,1391.43,12171.12,0,0,0.0000
1223,1594.30,11784.70,0,0,0.0000
1224,1276.48,12130.57,0,0,0.0000
1225,1433.09,11650.83,0,0,0.0000
1226,1477.25,12129.41,0,0,0.0000
1227,1308.79,12193.26,0,0,0.0000
1228,915.96,12149.08,0,0,0.0000
1229,1294.94,11722.23,0,0,0.0000
1230,1566.65,11656.97,0,0,0.0000
1231,972.93,11911.68,0,0,0.0000
1232,1508.67,11908.66,0,0,0.0000
1233,1503.63,12313.84,0,0,0.0000
1234,943.15,12391.52,0,0,0.0000
1235,1172.82,11724.74,0,0,0.0000
1236,1371.64,12037.12,0,0,0.0000
1237,1152.11,11805.35,0,0,0.0000
1238,996.24,11794.83,0,0,0.0000
1239,1018.43,11939.29,0,0,0.0000
1240,1297.62,12076.77,0,0,0.0000
1241,1424.04,12095.71,0,0,0.0000
1242,1366.67,12269.15,0,0,0.0000
1243,898.77,11938.83,0,0,0.0000
1244,1346.22,12110.58,0,0,0.0000
1245,1112.65,11676.27,0,0,0.0000
1246,1597.07,11978.10,0,0,0.0000
1247,1469.12,12346.04,0,0,0.0000
1248,1078.69,12044.95,NaN,NaN,NaN
1249,1025.38,12154.56,0,0,0.0000
1250,1093.44,11973.08,NaN,NaN,NaN
1251,1108.05,12355.01,NaN,NaN,NaN
1252,1096.90,11711.15,0,0,0.0000
1253,1017.86,12286.24,0,0,0.0000
1254,1590.29,11937.00,0,0,0.0000
1255,923.73,11747.77,0,0,0.0000
1256,957.65,11702.55,0,0,0.0000
1257,1227.94,11745.73,0,0,0.0000
1258,1263.94,11944.23,0,0,0.0000
1259,1045.16,11695.12,0,0,0.0000
1260,1586.98,12036.16,0,0,0.0000
1261,1543.37,11983.71,0,0,0.0000
1262,1622.22,11680.90,0,0,0.0000
1263,1004.42,11687.34,0,0,0.0000
1264,1247.25,11977.12,0,0,0.0000
1265,959.41,11835.46,0,0,0.0000
1266,1466.93,11780.26,0,0,0.0000
1267,1301.72,12289.10,0,0,0.0000
1268,1557.16,12412.55,0,0,0.0000
1269,1641.17,11961.55,0,0,0.0000
1270,1239.02,11833.85,0,0,0.0000
1271,1146.41,11655.53,0,0,0.0000
1272,1457.06,11828.59,0,0,0.0000
1273,1014.27,12220.78,0,0,0.0000
1274,1152.46,11749.96,0,0,0.0000
1275,1113.26,11758.99,0,0,0.0000
1276,1519.22,12404.07,0,0,0.0000
1277,1369.81,11933.29,0,0,0.0000
1278,946.81,11779.32,0,0,0.0000
1279,1773.54,11722.91,NaN,NaN,NaN
1280,1801.99,12244.82,0,0,0.0000
1281,1664.46,12039.42,0,0,0.0000
1282,1784.57,11938.88,NaN,NaN,NaN
1283,1896.93,11839.88,0,0,0.0000
1284,1851.65,12093.22,0,0,0.0000
1285,1799.76,12365.84,0,0,0.0000
1286,1716.91,11979.40,0,0,0.0000
1287,1705.68,11897.63,0,0,0.0000
1288,2172.60,12360.99,0,0,0.0000
1289,1754.28,11847.30,NaN,NaN,NaN
1290,1674.87,12340.95,0,0,0.0000
1291,1921.35,11666.54,0,0,0.0000
1292,1852.11,11690.10,0,0,0.0000
1293,1919.43,11931.00,0,0,0.0000
1294,2007.25,11872.93,0,0,0.0000
1295,1751.80,12065.81,0,0,0.0000
1296,2292.58,12379.31,0,0,0.0000
1297,1932.79,12114.56,0,0,0.0000
1298,1812.08,12158.02,0,0,0.0000
1299,1882.73,12233.25,0,0,0.0000
1300,2078.84,11837.06,0,0,0.0000
1301,1989.10,12029.43,0,0,0.0000
1302,1910.17,12062.61,0,0,0.0000
1303,2086.07,12368.09,NaN,NaN,NaN
1304,2401.60,12313.90,0,0,0.0000
1305,1868.92,12357.22,0,0,0.0000
1306,1950.59,11797.67,NaN,NaN,NaN
1307,2001.32,12090.08,0,0,0.0000
1308,1704.51,11684.70,0,0,0.0000
1309,1902.64,11772.01,NaN,NaN,NaN
1310,2011.89,11805.06,0,0,0.0000
1311,1833.82,11767.71,2,1,0.0000
1312,1979.06,11934.02,0,0,0.0000
1313,1709.12,11752.23,0,0,0.0000
1314,1870.49,11998.08,0,0,0.0000
1315,2236.10,12329.69,0,0,0.0000
1316,1934.02,12394.94,0,0,0.0000
1317,1735.69,12302.98,0,0,0.0000
1318,1971.56,12251.12,3,3,0.0000
1319,2076.23,12014.44,0,0,0.0000
1320,2395.69,12111.57,NaN,NaN,NaN
1321,1951.37,12167.62,0,0,0.0000
1322,1951.95,11884.50,0,0,0.0000
1323,1731.86,11804.46,NaN,NaN,NaN
1324,2054.71,12388.28,NaN,NaN,NaN
1325,1972.47,12081.88,0,0,0.0000
1326,1811.15,11825.68,NaN,NaN,NaN
1327,1735.15,12174.94,0,0,0.0000
1328,2045.67,11800.52,NaN,NaN,NaN
1329,1868.70,11735.08,NaN,NaN,NaN
1330,2052.32,11868.48,0,0,0.0000
1331,1833.97,11890.35,0,0,0.0000
1332,1962.15,12057.04,0,0,0.0000
1333,2799.92,12392.70,0,0,0.0000
1334,2786.67,12326.33,0,0,0.0000
1335,2578.41,12373.13,0,0,0.0000
1336,2497.11,12302.88,0,0,0.0000
1337,2699.74,12348.11,0,0,0.0000
1338,3179.85,12413.47,0,0,0.0000
1339,3149.60,12375.79,NaN,NaN,NaN
1340,2533.05,12219.49,0,0,0.0000
1341,2606.38,12324.92,0,0,0.0000
1342,2568.17,12277.68,0,0,0.0000
1343,2896.41,12320.71,NaN,NaN,NaN
1344,2889.18,12366.18,0,0,0.0000
1345,2944.75,12406.98,0,0,0.0000
1346,2446.43,12399.69,0,0,0.0000
1347,2941.22,12369.93,0,0,0.0000
1348,2727.15,11685.41,0,0,0.0000
1349,2500.23,12397.39,0,0,0.0000
1350,2844.17,12083.58,0,0,0.0000
1351,2685.89,12294.92,0,0,0.0000
1352,2444.47,12362.66,0,0,0.0000
1353,2547.78,12191.01,0,0,0.0000
1354,2524.48,12395.43,0,0,0.0000
1355,2820.10,12297.68,0,0,0.0000
1356,3689.50,12265.67,NaN,NaN,NaN
1357,3797.45,12218.50,2,3,0.0000
1358,3565.79,12108.06,NaN,NaN,NaN
1359,3337.93,12327.58,0,0,0.0000
1360,3924.46,12341.43,0,0,0.0000
1361,3721.82,12034.62,NaN,NaN,NaN
1362,3538.34,12211.72,NaN,NaN,NaN
1363,3510.50,12014.77,0,0,0.0000
1364,3587.39,12342.14,NaN,NaN,NaN
1365,3702.11,12381.46,0,0,0.0000
1366,3328.15,12110.63,4,4,0.0000
1367,3582.19,12003.68,0,0,0.0000
1368,3745.75,12131.55,NaN,NaN,NaN
1369,3705.27,12167.04,0,0,0.0000
1370,3424.72,12143.49,NaN,NaN,NaN
1371,3856.48,12260.64,3,3,0.0000
1372,3237.51,12352.10,NaN,NaN,NaN
1373,3901.64,12395.53,NaN,NaN,NaN
1374,3385.54,12181.82,NaN,NaN,NaN
1375,3609.20,11952.37,0,0,0.0000
1376,3412.47,12343.84,2,3,0.0000
1377,3660.82,12088.43,0,0,0.0000
1378,3251.89,12186.95,0,0,0.0000
1379,3313.02,12198.72,0,0,0.0000
1380,3937.50,12111.77,0,0,0.0000
1381,3937.39,12237.24,0,0,0.0000
1382,3470.16,12262.15,0,0,0.0000
1383,3303.71,12349.57,0,0,0.0000
1384,3241.59,12253.63,0,0,0.0000
1385,3477.94,12080.77,0,0,0.0000
1386,3820.66,12134.58,NaN,NaN,NaN
1387,3452.93,12110.36,0,0,0.0000
1388,3457.94,11922.07,0,0,0.0000
1389,3202.51,12222.06,0,0,0.0000
1390,3450.03,12014.22,0,0,0.0000
1391,3772.49,12340.83,NaN,NaN,NaN
1392,3505.89,12374.57,0,0,0.0000
1393,3213.65,12311.81,0,0,0.0000
1394,3351.32,12275.81,0,0,0.0000
1395,3649.74,12010.56,0,0,0.0000
1396,3437.02,11968.39,0,0,0.0000
1397,3630.62,12287.70,2,2,0.0000
1398,3239.50,12138.96,0,0,0.0000
1399,3614.65,12074.34,0,0,0.0000
1400,3416.03,11783.89,0,0,0.0000
1401,3502.42,11944.03,0,0,0.0000
1402,3922.40,12034.08,0,0,0.0000
1403,3715.01,11984.50,0,0,0.0000
1404,3925.09,12170.95,0,0,0.0000
1405,3496.08,11902.65,0,0,0.0000
1406,3678.07,12194.01,2,2,0.0000
1407,3876.89,11910.25,0,0,0.0000
1408,3949.45,12052.83,0,0,0.0000
1409,3632.79,11809.16,NaN,NaN,NaN
1410,3818.34,12368.51,NaN,NaN,NaN
1411,3647.84,12376.85,0,0,0.0000
1412,3458.45,12198.60,NaN,NaN,NaN
1413,3870.79,12146.38,0,0,0.0000
1414,3296.54,12251.70,0,0,0.0000
1415,3483.51,12176.99,2,4,2.0000
1416,3493.05,11971.18,0,0,0.0000
1417,3851.41,12387.45,0,0,0.0000
1418,3765.43,12093.30,0,0,0.0000
1419,3398.88,12277.12,NaN,NaN,NaN
1420,3633.45,12136.59,0,0,0.0000
1421,3653.04,11784.11,NaN,NaN,NaN
1422,3903.71,12264.77,0,0,0.0000
1423,3621.60,12411.19,NaN,NaN,NaN
1424,3636.80,11845.55,0,0,0.0000
1425,3418.08,12232.48,0,0,0.0000
1426,3685.73,11934.46,0,0,0.0000
1427,3814.42,12333.08,0,0,0.0000
1428,4015.62,12306.52,0,0,0.0000
1429,4227.56,12206.76,0,0,0.0000
1430,4121.29,11959.33,2,0,0.0000
1431,4151.72,12119.04,0,0,0.0000
1432,4501.09,12153.35,NaN,NaN,NaN
1433,4034.07,12137.47,0,0,0.0000
1434,4589.06,12312.16,NaN,NaN,NaN
1435,4032.82,11991.58,NaN,NaN,NaN
1436,4111.23,12296.43,0,0,0.0000
1437,4336.30,12273.89,0,0,0.0000
1438,4003.16,12203.41,0,0,0.0000
1439,4296.31,12125.86,0,0,0.0000
1440,4008.35,12056.20,0,0,0.0000
1441,4280.55,12373.54,0,0,0.0000
1442,4502.47,12228.71,NaN,NaN,NaN
1443,4583.12,12183.24,0,0,0.0000
1444,4106.50,12233.93,0,0,0.0000
1445,4230.84,12071.95,0,0,0.0000
1446,4553.56,12380.45,NaN,NaN,NaN
1447,4349.65,12344.48,0,0,0.0000
1448,4644.53,12181.84,0,0,0.0000
1449,4087.13,12051.51,0,0,0.0000
1450,4231.68,11961.78,0,0,0.0000
1451,4345.27,12205.08,0,0,0.0000
1452,4193.67,11924.65,NaN,NaN,NaN
1453,3972.69,11933.07,0,0,0.0000
1454,4294.57,12178.78,0,0,0.0000
1455,4109.70,12360.94,0,0,0.0000
1456,4144.31,11876.72,2,2,0.0000
1457,4140.83,12036.32,0,0,0.0000
1458,4357.88,12038.33,0,0,0.0000
1459,4377.92,12140.34,0,0,0.0000
1460,4520.45,12404.52,0,0,0.0000
1461,4562.86,12122.54,NaN,NaN,NaN
1462,4173.72,12333.32,0,0,0.0000
1463,4655.96,12307.42,0,0,0.0000
1464,4620.17,12132.96,0,0,0.0000
1465,4213.54,12009.15,0,0,0.0000
1466,4482.76,12369.13,3,3,0.0000
1467,4193.92,11859.55,NaN,NaN,NaN
1468,4130.21,12400.11,0,0,0.0000
1469,4057.53,12090.38,0,0,0.0000
1470,4205.55,12326.51,0,0,0.0000
1471,4688.00,12379.30,0,0,0.0000
1472,4519.12,12290.63,0,0,0.0000
1473,4618.64,12225.42,0,0,0.0000
1474,4356.54,12386.36,0,0,0.0000
1475,4627.15,12204.96,0,0,0.0000
1476,5478.79,11829.50,0,0,0.0000
1477,5438.87,12213.57,0,0,0.0000
1478,5029.21,12326.59,0,0,0.0000
1479,5430.01,12021.02,0,0,0.0000
1480,5096.95,12373.34,0,0,0.0000
1481,5154.27,12400.31,0,0,0.0000
1482,5476.83,11725.81,0,0,0.0000
1483,5373.30,11795.65,0,0,0.0000
1484,5032.83,12239.54,0,0,0.0000
1485,5391.91,11879.86,0,0,0.0000
1486,5187.58,12368.40,0,0,0.0000
1487,5269.12,11701.21,NaN,NaN,NaN
1488,5261.33,12039.34,0,0,0.0000
1489,5402.45,11666.32,0,0,0.0000
1490,5114.51,11680.34,2,1,0.0000
1491,5344.67,11740.04,NaN,NaN,NaN
1492,5450.36,11925.58,NaN,NaN,NaN
1493,5340.53,12104.45,0,0,0.0000
1494,5315.72,12027.01,0,0,0.0000
1495,5475.02,12022.69,NaN,NaN,NaN
1496,5276.66,11997.24,0,0,0.0000
1497,5350.34,12053.26,0,0,0.0000
1498,5307.83,12076.51,0,0,0.0000
1499,5295.10,11769.54,0,0,0.0000
1500,5331.43,11913.56,0,0,0.0000
1501,5224.16,12029.02,0,0,0.0000
1502,5093.12,12315.09,0,0,0.0000
1503,4896.08,12394.91,0,0,0.0000
1504,5295.16,12113.50,0,0,0.0000
1505,5286.89,11817.96,0,0,0.0000
1506,5400.26,11755.13,0,0,0.0000
1507,5196.26,12048.48,0,0,0.0000
1508,5471.78,11907.57,2,2,0.0000
1509,5272.62,12087.87,0,0,0.0000
1510,5371.84,12072.33,0,0,0.0000
1511,5719.57,12201.61,NaN,NaN,NaN
1512,5927.13,12306.81,0,0,0.0000
1513,5614.43,11781.14,0,0,0.0000
1514,5912.80,12391.62,0,0,0.0000
1515,5889.45,12025.49,2,4,2.0000
1516,6066.98,12344.66,0,0,0.0000
1517,5739.69,11775.40,2,2,0.0000
1518,5650.57,11920.27,0,0,0.0000
1519,5534.67,12021.55,2,4,2.0000
1520,5875.09,12138.44,2,3,0.0000
1521,5818.73,12078.62,0,0,0.0000
1522,6256.49,11901.18,0,0,0.0000
1523,5714.58,11977.11,NaN,NaN,NaN
1524,5877.78,12208.16,NaN,NaN,NaN
1525,6211.87,11992.97,2,3,0.0000
1526,6120.91,11679.71,NaN,NaN,NaN
1527,6117.66,12030.20,NaN,NaN,NaN
1528,6086.87,11754.88,3,1,0.0000
1529,5692.22,11771.95,0,0,0.0000
1530,6146.13,11759.86,0,0,0.0000
1531,6092.74,12188.80,2,3,0.0000
1532,5658.85,12064.81,NaN,NaN,NaN
1533,6263.44,11797.07,0,0,0.0000
1534,5867.46,11893.28,NaN,NaN,NaN
1535,6270.05,12241.90,NaN,NaN,NaN
1536,5658.87,11854.39,0,0,0.0000
1537,5836.09,11831.69,0,0,0.0000
1538,6195.47,12190.61,0,0,0.0000
1539,5943.66,12102.37,NaN,NaN,NaN
1540,5801.40,11962.00,NaN,NaN,NaN
1541,6141.36,12258.65,0,0,0.0000
1542,6029.48,11703.27,0,0,0.0000
1543,5819.74,12405.99,0,0,0.0000
1544,5996.98,12367.89,0,0,0.0000
1545,6171.45,12140.88,0,0,0.0000
1546,5779.03,12022.47,NaN,NaN,NaN
1547,5586.11,12196.65,0,0,0.0000
1548,6245.47,12157.32,0,0,0.0000
1549,5740.02,11911.98,0,0,0.0000
1550,5727.60,12045.44,NaN,NaN,NaN
1551,5919.31,11932.99,NaN,NaN,NaN
1552,6168.62,11881.90,0,0,0.0000
1553,6011.42,12161.71,NaN,NaN,NaN
1554,6267.49,12201.37,0,0,0.0000
1555,5542.28,12110.67,0,0,0.0000
1556,6267.20,12110.53,0,0,0.0000
1557,6047.34,11975.43,0,0,0.0000
1558,5528.82,11731.13,3,3,0.0000
1559,6118.73,12386.52,0,0,0.0000
1560,5795.46,11897.32,2,3,0.0000
1561,5774.99,11842.82,0,0,0.0000
1562,6037.45,11748.78,0,0,0.0000
1563,5555.01,11666.60,0,0,0.0000
1564,6013.53,12004.14,0,0,0.0000
1565,5815.89,11768.41,0,0,0.0000
1566,6215.97,12267.59,0,0,0.0000
1567,5936.11,11836.74,NaN,NaN,NaN
1568,5523.22,11786.62,0,0,0.0000
1569,6184.86,12068.11,0,0,0.0000
1570,6065.03,11867.14,0,0,0.0000
1571,5764.09,11715.43,NaN,NaN,NaN
1572,5570.38,11962.39,0,0,0.0000
1573,6208.84,12315.19,0,0,0.0000
1574,5555.82,11908.88,0,0,0.0000
1575,6081.70,11899.40,0,0,0.0000
1576,5751.22,11687.23,NaN,NaN,NaN
1577,5831.99,12238.44,0,0,0.0000
1578,5930.59,12242.42,0,0,0.0000
1579,6065.18,12254.78,0,0,0.0000
1580,5973.49,12043.09,NaN,NaN,NaN
1581,5730.59,11861.95,0,0,0.0000
1582,6217.22,12113.21,0,0,0.0000
1583,5661.73,11711.26,0,0,0.0000
1584,5996.41,11959.42,0,0,0.0000
1585,5528.71,12147.02,0,0,0.0000
1586,6224.01,11743.12,0,0,0.0000
1587,6349.89,12164.77,NaN,NaN,NaN
1588,6295.06,11974.90,0,0,0.0000
1589,6498.06,12299.93,NaN,NaN,NaN
1590,6362.27,11920.70,0,0,0.0000
1591,6461.09,12062.26,2,2,0.0000
1592,6499.18,12107.68,0,0,0.0000
1593,6446.42,12175.69,NaN,NaN,NaN
1594,6384.59,12045.29,NaN,NaN,NaN
1595,6352.78,12257.44,0,0,0.0000
1596,6341.70,12016.42,0,0,0.0000
1597,6446.53,12007.22,NaN,NaN,NaN
1598,6401.24,11972.88,0,0,0.0000
1599,6413.22,12108.46,0,0,0.0000
1600,6466.11,12252.51,NaN,NaN,NaN
1601,6305.73,11744.68,0,0,0.0000
1602,6301.20,12070.68,0,0,0.0000
1603,6319.22,11834.06,0,0,0.0000
1604,6468.03,11968.09,0,0,0.0000
1605,543.44,12417.75,0,0,0.0000
1606,691.99,12546.49,0,0,0.0000
1607,191.41,12572.72,0,0,0.0000
1608,868.82,12877.58,0,0,0.0000
1609,733.28,12801.47,0,0,0.0000
1610,569.21,12635.99,0,0,0.0000
1611,241.93,13106.11,0,0,0.0000
1612,537.41,13181.38,0,0,0.0000
1613,586.28,13115.14,0,0,0.0000
1614,679.79,13039.07,0,0,0.0000
1615,63.04,13070.40,0,0,0.0000
1616,73.13,12983.92,0,0,0.0000
1617,208.10,12880.38,0,0,0.0000
1618,291.78,12912.88,0,0,0.0000
1619,218.29,12702.11,0,0,0.0000
1620,861.68,12689.81,0,0,0.0000
1621,597.94,12701.29,0,0,0.0000
1622,147.54,12778.79,0,0,0.0000
1623,739.66,12669.86,0,0,0.0000
1624,575.46,12886.14,0,0,0.0000
1625,389.03,12973.52,0,0,0.0000
1626,635.25,12463.68,0,0,0.0000
1627,44.41,12737.75,NaN,NaN,NaN
1628,756.89,12981.76,0,0,0.0000
1629,134.33,12522.09,0,0,0.0000
1630,143.13,13118.53,0,0,0.0000
1631,789.72,12489.76,0,0,0.0000
1632,795.86,13081.81,0,0,0.0000
1633,278.02,12774.19,0,0,0.0000
1634,110.31,12913.71,0,0,0.0000
1635,44.64,12815.93,NaN,NaN,NaN
1636,593.01,12982.99,0,0,0.0000
1637,850.88,13160.44,0,0,0.0000
1638,501.49,13030.69,0,0,0.0000
1639,84.51,12484.23,0,0,0.0000
1640,327.83,12989.56,0,0,0.0000
1641,649.65,12789.02,0,0,0.0000
1642,892.51,12529.77,0,0,0.0000
1643,787.23,12873.95,0,0,0.0000
1644,809.82,12710.84,0,0,0.0000
1645,817.91,12980.58,0,0,0.0000
1646,202.63,13039.73,0,0,0.0000
1647,866.35,12436.18,0,0,0.0000
1648,773.80,13162.41,0,0,0.0000
1649,291.58,12851.60,0,0,0.0000
1650,654.77,12907.80,0,0,0.0000
1651,413.47,12919.76,0,0,0.0000
1652,584.63,12754.65,0,0,0.0000
1653,812.40,12625.65,0,0,0.0000
1654,131.49,12843.35,0,0,0.0000
1655,233.05,12957.29,0,0,0.0000
1656,666.43,12723.22,0,0,0.0000
1657,578.55,12551.73,0,0,0.0000
1658,159.95,13017.36,0,0,0.0000
1659,888.36,12584.24,0,0,0.0000
1660,138.49,12705.90,0,0,0.0000
1661,438.99,13183.43,0,0,0.0000
1662,359.66,12852.11,0,0,0.0000
1663,860.39,13022.72,0,0,0.0000
1664,469.20,13096.14,0,0,0.0000
1665,426.54,13056.84,0,0,0.0000
1666,517.24,12982.53,0,0,0.0000
1667,242.53,12648.93,0,0,0.0000
1668,726.34,12901.18,0,0,0.0000
1669,750.22,13079.16,0,0,0.0000
1670,317.18,13112.17,0,0,0.0000
1671,710.86,12444.21,0,0,0.0000
1672,160.73,12953.73,0,0,0.0000
1673,464.80,12965.42,0,0,0.0000
1674,461.46,12573.04,0,0,0.0000
1675,153.69,12662.21,0,0,0.0000
1676,657.11,12617.06,0,0,0.0000
1677,496.51,12619.69,0,0,0.0000
1678,717.60,12621.06,0,0,0.0000
1679,673.35,12965.02,0,0,0.0000
1680,502.46,12505.91,0,0,0.0000
1681,758.58,13031.88,0,0,0.0000
1682,558.46,13041.62,0,0,0.0000
1683,92.83,12863.73,0,0,0.0000
1684,81.87,12667.68,0,0,0.0000
1685,394.37,13136.18,0,0,0.0000
1686,218.24,12789.69,0,0,0.0000
1687,732.93,12509.71,0,0,0.0000
1688,678.73,13105.54,0,0,0.0000
1689,394.87,13086.13,0,0,0.0000
1690,356.94,13116.44,0,0,0.0000
1691,347.57,12874.86,0,0,0.0000
1692,48.99,13138.60,0,0,0.0000
1693,103.02,12714.32,0,0,0.0000
1694,795.16,12799.25,0,0,0.0000
1695,786.35,12546.97,0,0,0.0000
1696,1074.24,12768.53,0,0,0.0000
1697,1409.31,13110.91,0,0,0.0000
1698,1281.48,12991.99,0,0,0.0000
1699,1363.17,12534.87,0,0,0.0000
1700,1410.50,13002.69,0,0,0.0000
1701,1074.02,12463.61,NaN,NaN,NaN
1702,1067.12,13003.81,NaN,NaN,NaN
1703,1240.84,12477.34,0,0,0.0000
1704,1185.78,12565.19,0,0,0.0000
1705,946.23,12964.18,0,0,0.0000
1706,991.31,12847.48,0,0,0.0000
1707,1463.42,12505.07,0,0,0.0000
1708,1452.70,12622.95,0,0,0.0000
1709,1461.29,12721.68,0,0,0.0000
1710,1282.02,12606.32,0,0,0.0000
1711,1196.52,13093.71,0,0,0.0000
1712,1539.66,12883.33,0,0,0.0000
1713,1461.93,12874.41,NaN,NaN,NaN
1714,1531.21,12677.22,0,0,0.0000
1715,1122.82,12583.37,0,0,0.0000
1716,1354.04,12660.07,0,0,0.0000
1717,1650.56,12657.55,0,0,0.0000
1718,1513.65,13064.28,0,0,0.0000
1719,1151.09,13171.14,0,0,0.0000
1720,1600.51,12840.87,0,0,0.0000
1721,1578.50,12638.54,0,0,0.0000
1722,980.66,12643.32,0,0,0.0000
1723,1367.57,12823.20,NaN,NaN,NaN
1724,1157.24,12929.12,0,0,0.0000
1725,1113.12,13110.40,0,0,0.0000
1726,1070.58,12860.79,NaN,NaN,NaN
1727,972.42,12567.15,0,0,0.0000
1728,910.24,12710.60,0,0,0.0000
1729,1240.38,12836.51,0,0,0.0000
1730,916.25,12787.91,0,0,0.0000
1731,1364.77,12925.08,0,0,0.0000
1732,1558.64,13141.39,NaN,NaN,NaN
1733,1234.94,12746.22,0,0,0.0000
1734,1560.94,12562.37,0,0,0.0000
1735,931.57,12629.89,0,0,0.0000
1736,1255.18,13124.03,0,0,0.0000
1737,1381.47,13176.45,0,0,0.0000
1738,1095.95,12699.36,0,0,0.0000
1739,1137.59,12685.62,0,0,0.0000
1740,1173.61,12710.32,0,0,0.0000
1741,1447.92,12800.41,NaN,NaN,NaN
1742,1648.53,12580.38,0,0,0.0000
1743,927.54,12457.11,0,0,0.0000
1744,904.76,13159.03,0,0,0.0000
1745,1643.47,13134.79,0,0,0.0000
1746,1555.78,12950.32,0,0,0.0000
1747,1311.87,12882.23,0,0,0.0000
1748,1629.38,12747.60,0,0,0.0000
1749,1110.08,13058.74,0,0,0.0000
1750,1585.44,12505.40,0,0,0.0000
1751,1332.21,12424.84,0,0,0.0000
1752,1253.60,12664.13,0,0,0.0000
1753,1047.59,12926.43,0,0,0.0000
1754,1540.23,12503.56,0,0,0.0000
1755,1054.62,12607.33,0,0,0.0000
1756,1102.93,12931.57,NaN,NaN,NaN
1757,1636.62,13055.05,0,0,0.0000
1758,1021.71,12677.48,0,0,0.0000
1759,1619.54,12798.09,0,0,0.0000
1760,992.53,13117.49,0,0,0.0000
1761,1210.65,12671.40,0,0,0.0000
1762,963.48,12470.10,0,0,0.0000
1763,1029.11,12640.98,0,0,0.0000
1764,1024.62,12566.00,0,0,0.0000
1765,1516.33,12798.92,NaN,NaN,NaN
1766,1315.02,13142.64,0,0,0.0000
1767,928.60,13119.43,0,0,0.0000
1768,1018.39,12606.42,0,0,0.0000
1769,2331.60,13006.11,3,5,0.0000
1770,2243.36,13180.00,NaN,NaN,NaN
1771,1801.07,13118.38,0,0,0.0000
1772,1782.59,12782.73,0,0,0.0000
1773,2112.10,12758.91,0,0,0.0000
1774,2196.51,13003.89,NaN,NaN,NaN
1775,1679.57,13069.08,0,0,0.0000
1776,2179.71,13084.10,NaN,NaN,NaN
1777,2414.23,13002.96,NaN,NaN,NaN
1778,2395.55,12456.20,0,0,0.0000
1779,1876.74,13056.73,2,3,0.0000
1780,2407.44,12901.67,0,0,0.0000
1781,1717.91,12968.87,NaN,NaN,NaN
1782,2097.93,13048.82,NaN,NaN,NaN
1783,1702.78,12435.99,0,0,0.0000
1784,1714.56,12515.33,0,0,0.0000
1785,2313.74,13099.06,NaN,NaN,NaN
1786,2331.55,12517.15,NaN,NaN,NaN
1787,2271.77,12574.11,0,0,0.0000
1788,1889.21,13152.81,0,0,0.0000
1789,2082.11,12906.71,0,0,0.0000
1790,1777.70,13028.66,NaN,NaN,NaN
1791,1813.74,12898.01,0,0,0.0000
1792,1863.24,12517.23,0,0,0.0000
1793,2073.85,13117.76,2,6,3.0000
1794,1773.32,12616.46,0,0,0.0000
1795,2229.80,12673.35,0,0,0.0000
1796,2328.21,12886.26,0,0,0.0000
1797,2207.74,12914.13,0,0,0.0000
1798,1929.18,12837.86,0,0,0.0000
1799,2366.05,12817.45,0,0,0.0000
1800,1708.61,12798.46,NaN,NaN,NaN
1801,2315.82,12636.62,0,0,0.0000
1802,1849.83,12965.71,0,0,0.0000
1803,2006.71,13082.44,5,6,0.0000
1804,1782.77,12701.03,0,0,0.0000
1805,1990.73,12971.66,0,0,0.0000
1806,2066.54,12989.85,0,0,0.0000
1807,1948.35,13004.04,0,0,0.0000
1808,1865.05,12733.03,0,0,0.0000
1809,2368.84,13152.56,0,0,0.0000
1810,2208.91,12617.13,0,0,0.0000
1811,1687.15,12856.86,2,4,2.0000
1812,1717.52,12575.74,0,0,0.0000
1813,2204.73,12466.89,0,0,0.0000
1814,1821.03,12454.33,0,0,0.0000
1815,2126.08,12877.53,0,0,0.0000
1816,2383.40,12562.55,NaN,NaN,NaN
1817,1859.74,12609.60,0,0,0.0000
1818,1976.79,13162.79,0,0,0.0000
1819,1954.17,13121.63,0,0,0.0000
1820,2020.93,12869.49,0,0,0.0000
1821,1759.85,12458.48,0,0,0.0000
1822,2139.27,12951.82,0,0,0.0000
1823,2212.72,12757.70,0,0,0.0000
1824,1671.79,12735.42,0,0,0.0000
1825,1971.96,12817.50,0,0,0.0000
1826,2399.14,12751.21,0,0,0.0000
1827,1800.40,12553.93,0,0,0.0000
1828,1942.69,13058.19,0,0,0.0000
1829,1702.38,12912.11,NaN,NaN,NaN
1830,2405.69,12613.94,0,0,0.0000
1831,2056.64,12848.95,0,0,0.0000
1832,1886.34,12670.01,0,0,0.0000
1833,2281.89,13033.00,NaN,NaN,NaN
1834,2345.22,12588.55,NaN,NaN,NaN
1835,2011.94,12908.38,0,0,0.0000
1836,2202.49,12839.08,0,0,0.0000
1837,1869.41,12832.17,0,0,0.0000
1838,1809.97,12991.67,NaN,NaN,NaN
1839,2164.61,12868.42,0,0,0.0000
1840,2327.33,12458.07,NaN,NaN,NaN
1841,2365.01,12643.60,0,0,0.0000
1842,2034.46,12950.07,0,0,0.0000
1843,2316.35,12785.05,0,0,0.0000
1844,2182.65,12790.66,0,0,0.0000
1845,1896.58,12955.01,0,0,0.0000
1846,2052.61,12811.20,0,0,0.0000
1847,1937.38,12904.46,0,0,0.0000
1848,1708.14,12697.14,0,0,0.0000
1849,1847.84,12666.95,0,0,0.0000
1850,2506.85,12584.55,0,0,0.0000
1851,2711.73,12950.35,0,0,0.0000
1852,3180.25,12579.86,0,0,0.0000
1853,3140.01,13155.13,0,0,0.0000
1854,2491.14,12759.82,0,0,0.0000
1855,2725.64,12589.06,0,0,0.0000
1856,2495.61,12952.87,0,0,0.0000
1857,2593.48,13024.45,0,0,0.0000
1858,2449.58,12685.30,0,0,0.0000
1859,2627.17,12545.14,0,0,0.0000
1860,2500.37,12883.89,0,0,0.0000
1861,2651.07,12840.77,0,0,0.0000
1862,2744.31,12870.03,0,0,0.0000
1863,2685.83,12728.33,0,0,0.0000
1864,2580.08,12789.40,0,0,0.0000
1865,3123.26,12736.34,0,0,0.0000
1866,2644.23,12667.89,0,0,0.0000
1867,3114.97,12892.77,0,0,0.0000
1868,2566.61,12847.87,0,0,0.0000
1869,2829.38,12661.69,0,0,0.0000
1870,2890.29,12618.35,0,0,0.0000
1871,3161.05,12686.22,0,0,0.0000
1872,2546.79,12447.49,0,0,0.0000
1873,2567.47,12666.93,0,0,0.0000
1874,2765.84,12738.52,0,0,0.0000
1875,2505.05,12469.80,0,0,0.0000
1876,2885.57,12432.67,0,0,0.0000
1877,2492.31,13044.50,0,0,0.0000
1878,2700.41,13035.67,0,0,0.0000
1879,2650.76,13107.35,0,0,0.0000
1880,3099.51,12533.17,0,0,0.0000
1881,3166.76,12814.95,2,1,0.0000
1882,2810.39,12589.53,0,0,0.0000
1883,3199.99,12484.76,2,1,0.0000
1884,2821.66,12790.05,0,0,0.0000
1885,2478.36,13119.70,0,0,0.0000
1886,3096.67,13039.81,0,0,0.0000
1887,2723.44,12795.73,0,0,0.0000
1888,3049.61,13088.40,0,0,0.0000
1889,2827.10,12859.22,0,0,0.0000
1890,3122.51,12468.51,0,0,0.0000
1891,2811.64,13050.25,0,0,0.0000
1892,2454.37,12470.47,0,0,0.0000
1893,3091.90,12638.16,0,0,0.0000
1894,2473.93,13182.70,0,0,0.0000
1895,2557.26,13120.72,0,0,0.0000
1896,2621.62,12928.50,0,0,0.0000
1897,2602.84,12479.84,0,0,0.0000
1898,2672.42,12423.09,0,0,0.0000
1899,2609.00,12438.70,0,0,0.0000
1900,2724.82,12446.52,0,0,0.0000
1901,2671.04,12889.15,0,0,0.0000
1902,2753.96,12482.97,NaN,NaN,NaN
1903,3079.84,12421.72,0,0,0.0000
1904,2767.77,12440.85,0,0,0.0000
1905,3101.77,12972.37,0,0,0.0000
1906,3166.98,12913.41,0,0,0.0000
1907,2671.75,13163.51,0,0,0.0000
1908,3009.22,12671.78,0,0,0.0000
1909,3150.82,12951.88,0,0,0.0000
1910,2851.66,12536.58,0,0,0.0000
1911,2621.03,12616.26,0,0,0.0000
1912,2987.77,12721.71,0,0,0.0000
1913,2709.87,13105.56,0,0,0.0000
1914,3065.58,13139.71,0,0,0.0000
1915,3152.11,12498.44,0,0,0.0000
1916,3084.74,12475.95,0,0,0.0000
1917,2463.95,12512.09,0,0,0.0000
1918,3138.75,13064.53,0,0,0.0000
1919,2573.60,13158.17,0,0,0.0000
1920,2842.93,12902.45,0,0,0.0000
1921,2758.70,13081.89,0,0,0.0000
1922,2860.77,12573.13,0,0,0.0000
1923,2584.75,12948.65,0,0,0.0000
1924,3802.01,12838.32,NaN,NaN,NaN
1925,3892.27,12960.15,NaN,NaN,NaN
1926,3313.82,13055.59,0,0,0.0000
1927,3356.17,12432.07,NaN,NaN,NaN
1928,3950.66,12747.15,NaN,NaN,NaN
1929,3835.66,13069.81,NaN,NaN,NaN
1930,3965.55,13155.92,NaN,NaN,NaN
1931,3963.30,12528.96,0,0,0.0000
1932,3606.20,13031.54,NaN,NaN,NaN
1933,3883.73,12637.71,0,0,0.0000
1934,3236.91,12675.10,NaN,NaN,NaN
1935,3949.07,12835.94,2,4,2.0000
1936,3301.21,12645.45,0,0,0.0000
1937,3850.55,12574.90,0,0,0.0000
1938,3707.17,12885.36,NaN,NaN,NaN
1939,3886.56,12764.31,0,0,0.0000
1940,3695.20,13037.74,0,0,0.0000
1941,3210.10,12760.64,NaN,NaN,NaN
1942,3679.26,12816.62,0,0,0.0000
1943,3813.55,12934.30,NaN,NaN,NaN
1944,3890.25,13143.70,0,0,0.0000
1945,3768.87,12473.77,0,0,0.0000
1946,3899.85,13053.26,0,0,0.0000
1947,3753.58,13110.54,NaN,NaN,NaN
1948,3253.16,12423.19,2,3,0.0000
1949,3886.76,12503.67,NaN,NaN,NaN
1950,3239.03,13018.93,NaN,NaN,NaN
1951,3762.86,12977.98,0,0,0.0000
1952,3332.72,12553.11,NaN,NaN,NaN
1953,3207.35,12883.00,0,0,0.0000
1954,3881.11,12446.80,2,3,0.0000
1955,3937.87,12453.62,NaN,NaN,NaN
1956,3744.57,12741.38,NaN,NaN,NaN
1957,3252.83,13117.72,0,0,0.0000
1958,3383.79,12508.28,NaN,NaN,NaN
1959,3800.32,12566.10,0,0,0.0000
1960,3923.61,12682.96,0,0,0.0000
1961,3287.29,12767.02,2,3,0.0000
1962,3923.55,12584.44,3,2,0.0000
1963,3789.10,13084.66,NaN,NaN,NaN
1964,3834.17,12420.49,NaN,NaN,NaN
1965,3691.91,12937.52,0,0,0.0000
1966,3462.31,12427.86,0,0,0.0000
1967,3750.91,12703.44,0,0,0.0000
1968,3635.74,13133.85,NaN,NaN,NaN
1969,3841.27,12522.26,0,0,0.0000
1970,3822.75,12476.91,0,0,0.0000
1971,3795.41,12966.86,2,4,2.0000
1972,3635.59,12875.42,0,0,0.0000
1973,3270.76,12888.79,NaN,NaN,NaN
1974,3906.24,12867.76,0,0,0.0000
1975,3202.74,12933.81,0,0,0.0000
1976,3478.05,13174.52,NaN,NaN,NaN
1977,3593.96,12872.56,NaN,NaN,NaN
1978,3795.35,12687.88,0,0,0.0000
1979,3827.24,13002.65,NaN,NaN,NaN
1980,3660.38,12731.30,0,0,0.0000
1981,3287.93,13133.03,0,0,0.0000
1982,3715.04,13182.94,0,0,0.0000
1983,3675.70,12760.76,NaN,NaN,NaN
1984,3829.72,12740.33,0,0,0.0000
1985,4670.41,12831.46,NaN,NaN,NaN
1986,4701.02,13132.21,0,0,0.0000
1987,4382.55,12666.11,0,0,0.0000
1988,4088.34,12460.27,2,3,0.0000
1989,4220.16,12443.79,0,0,0.0000
1990,4549.53,12554.14,0,0,0.0000
1991,4577.39,12986.46,3,3,0.0000
1992,4188.07,12844.30,0,0,0.0000
1993,4641.55,12639.26,0,0,0.0000
1994,4135.90,12952.44,0,0,0.0000
1995,4245.51,13170.14,0,0,0.0000
1996,4576.99,12872.14,0,0,0.0000
1997,4059.40,12588.00,0,0,0.0000
1998,4111.29,12703.04,0,0,0.0000
1999,4449.55,12826.54,0,0,0.0000
2000,4409.47,13088.49,0,0,0.0000
2001,4540.92,12631.86,0,0,0.0000
2002,4296.83,12960.44,0,0,0.0000
2003,4501.67,12940.62,0,0,0.0000
2004,4285.80,12564.55,0,0,0.0000
2005,4620.22,13066.67,0,0,0.0000
2006,4671.02,12924.92,NaN,NaN,NaN
2007,4035.65,13080.01,2,0,0.0000
2008,4529.54,12747.08,0,0,0.0000
2009,4667.95,12986.03,0,0,0.0000
2010,4400.65,12993.05,0,0,0.0000
2011,4527.19,12691.34,0,0,0.0000
2012,4102.75,13131.42,0,0,0.0000
2013,4467.33,12443.42,0,0,0.0000
2014,4349.91,12451.19,0,0,0.0000
2015,4253.14,12630.12,0,0,0.0000
2016,4379.05,12922.08,0,0,0.0000
2017,4187.63,12631.68,0,0,0.0000
2018,4728.37,12735.76,0,0,0.0000
2019,4417.71,12459.71,0,0,0.0000
2020,4034.37,12837.55,0,0,0.0000
2021,4543.91,13115.46,NaN,NaN,NaN
2022,4221.67,12905.35,0,0,0.0000
2023,4125.35,12548.87,NaN,NaN,NaN
2024,4200.83,13116.51,0,0,0.0000
2025,4031.78,12981.58,0,0,0.0000
2026,4446.84,12593.35,0,0,0.0000
2027,4335.51,13021.37,0,0,0.0000
2028,4511.42,12802.14,0,0,0.0000
2029,4091.13,12888.79,0,0,0.0000
2030,4040.62,12755.08,0,0,0.0000
2031,3976.36,13031.48,0,0,0.0000
2032,4279.52,13081.45,0,0,0.0000
2033,3982.66,12928.34,0,0,0.0000
2034,4400.25,12764.46,0,0,0.0000
2035,4307.30,12474.64,0,0,0.0000
2036,3980.07,12611.51,3,5,0.0000
2037,4233.66,12770.32,0,0,0.0000
2038,4022.30,12505.98,NaN,NaN,NaN
2039,4289.50,12805.10,0,0,0.0000
2040,4085.83,12649.21,0,0,0.0000
2041,4569.78,12497.35,NaN,NaN,NaN
2042,4475.95,13073.65,0,0,0.0000
2043,4138.81,12596.25,0,0,0.0000
2044,4633.14,12483.84,0,0,0.0000
2045,4346.62,12540.15,0,0,0.0000
2046,4484.41,13025.28,0,0,0.0000
2047,4152.76,13172.32,0,0,0.0000
2048,4698.36,12567.42,0,0,0.0000
2049,4292.53,12856.41,0,0,0.0000
2050,4256.59,12684.75,0,0,0.0000
2051,4039.50,13137.87,0,0,0.0000
2052,4246.35,13031.13,0,0,0.0000
2053,4229.06,12723.50,0,0,0.0000
2054,4456.73,12533.55,0,0,0.0000
2055,4582.97,13141.91,NaN,NaN,NaN
2056,4342.92,12803.46,0,0,0.0000
2057,4562.67,12450.17,2,1,0.0000
2058,4057.73,12926.72,0,0,0.0000
2059,4731.92,12426.45,0,0,0.0000
2060,3977.78,12442.78,0,0,0.0000
2061,4304.84,12700.11,0,0,0.0000
2062,4019.21,12657.15,NaN,NaN,NaN
2063,4532.03,13044.09,NaN,NaN,NaN
2064,4241.29,12523.74,0,0,0.0000
2065,4520.31,12498.75,0,0,0.0000
2066,4985.64,12973.67,0,0,0.0000
2067,4929.23,12805.84,0,0,0.0000
2068,4814.93,13094.86,0,0,0.0000
2069,4848.69,12974.08,NaN,NaN,NaN
2070,5148.83,12765.49,NaN,NaN,NaN
2071,4949.20,13092.84,0,0,0.0000
2072,4832.09,12777.03,0,0,0.0000
2073,5168.69,12996.25,0,0,0.0000
2074,5085.67,12977.74,0,0,0.0000
2075,5155.15,12473.42,0,0,0.0000
2076,4910.69,12634.77,0,0,0.0000
2077,5285.11,12719.03,0,0,0.0000
2078,5433.30,12593.80,0,0,0.0000
2079,5374.93,12572.38,0,0,0.0000
2080,5071.61,12725.26,NaN,NaN,NaN
2081,4736.33,12674.59,0,0,0.0000
2082,5023.88,12822.01,0,0,0.0000
2083,5420.16,12681.26,0,0,0.0000
2084,4960.93,13168.44,0,0,0.0000
2085,5161.23,12638.23,3,3,0.0000
2086,5179.73,12580.20,0,0,0.0000
2087,5246.53,13092.98,0,0,0.0000
2088,5118.47,12915.60,0,0,0.0000
2089,4990.06,13060.57,0,0,0.0000
2090,5254.66,12795.60,0,0,0.0000
2091,4736.72,12616.09,0,0,0.0000
2092,5102.04,12652.54,NaN,NaN,NaN
2093,5415.64,12853.79,0,0,0.0000
2094,5295.59,12450.61,0,0,0.0000
2095,4809.61,12674.38,0,0,0.0000
2096,5442.08,12777.70,0,0,0.0000
2097,5351.44,12637.90,0,0,0.0000
2098,5061.81,12587.30,0,0,0.0000
2099,4821.19,12581.00,0,0,0.0000
2100,5094.18,12853.66,0,0,0.0000
2101,4908.43,12704.20,0,0,0.0000
2102,5241.16,12550.28,0,0,0.0000
2103,4801.17,12905.37,0,0,0.0000
2104,5271.01,13172.59,0,0,0.0000
2105,5256.37,12655.18,0,0,0.0000
2106,5320.96,13032.62,0,0,0.0000
2107,5268.18,12960.10,0,0,0.0000
2108,5346.78,13093.61,0,0,0.0000
2109,4841.19,12869.00,0,0,0.0000
2110,5183.34,12705.33,NaN,NaN,NaN
2111,5028.93,12883.98,0,0,0.0000
2112,5365.18,12515.11,0,0,0.0000
2113,5004.47,12421.71,0,0,0.0000
2114,5307.85,12576.30,0,0,0.0000
2115,5297.87,12503.31,0,0,0.0000
2116,4979.23,12689.64,0,0,0.0000
2117,4876.43,13132.57,0,0,0.0000
2118,4870.42,12725.91,0,0,0.0000
2119,5490.76,12762.25,0,0,0.0000
2120,5154.50,13083.20,0,0,0.0000
2121,5365.60,12703.35,0,0,0.0000
2122,5261.01,12609.74,0,0,0.0000
2123,5274.59,12914.62,0,0,0.0000
2124,4891.18,12423.08,0,0,0.0000
2125,4737.93,12556.14,0,0,0.0000
2126,5111.19,12540.83,0,0,0.0000
2127,4889.39,13175.57,0,0,0.0000
2128,4984.39,12469.20,0,0,0.0000
2129,4942.09,12444.33,0,0,0.0000
2130,5312.07,13123.09,0,0,0.0000
2131,5231.65,12485.58,0,0,0.0000
2132,4752.25,12954.92,NaN,NaN,NaN
2133,5057.47,12453.67,0,0,0.0000
2134,5252.55,12859.42,0,0,0.0000
2135,5123.53,13149.52,0,0,0.0000
2136,5470.50,12826.73,0,0,0.0000
2137,4983.35,12768.20,0,0,0.0000
2138,5182.25,12859.00,0,0,0.0000
2139,5211.42,12819.89,0,0,0.0000
2140,5980.12,12477.66,0,0,0.0000
2141,5741.05,12966.40,NaN,NaN,NaN
2142,5850.51,13148.50,0,0,0.0000
2143,5528.61,12851.25,0,0,0.0000
2144,5992.10,12424.82,0,0,0.0000
2145,6509.12,12979.89,NaN,NaN,NaN
2146,6538.47,12447.32,0,0,0.0000
2147,6556.99,13123.29,NaN,NaN,NaN
2148,224.70,13902.12,NaN,NaN,NaN
2149,133.54,13580.38,0,0,0.0000
2150,826.91,13845.20,0,0,0.0000
2151,737.18,13536.03,0,0,0.0000
2152,755.18,13440.53,0,0,0.0000
2153,318.57,13763.56,0,0,0.0000
2154,82.77,13651.99,0,0,0.0000
2155,561.46,13765.33,0,0,0.0000
2156,455.26,13621.92,0,0,0.0000
2157,470.56,13831.92,0,0,0.0000
2158,385.88,13227.61,0,0,0.0000
2159,661.78,13800.71,0,0,0.0000
2160,361.61,13393.38,0,0,0.0000
2161,234.91,13494.12,0,0,0.0000
2162,220.11,13342.40,0,0,0.0000
2163,565.01,13591.06,NaN,NaN,NaN
2164,333.11,13543.68,0,0,0.0000
2165,668.24,13288.69,0,0,0.0000
2166,514.53,13323.25,0,0,0.0000
2167,301.35,13205.57,0,0,0.0000
2168,598.31,13903.89,NaN,NaN,NaN
2169,364.19,13294.60,0,0,0.0000
2170,861.72,13599.45,NaN,NaN,NaN
2171,796.86,13686.21,0,0,0.0000
2172,118.94,13919.11,0,0,0.0000
2173,127.54,13715.43,0,0,0.0000
2174,672.17,13927.88,NaN,NaN,NaN
2175,173.61,13777.75,0,0,0.0000
2176,399.79,13666.59,0,0,0.0000
2177,709.19,13740.16,0,0,0.0000
2178,292.55,13687.70,0,0,0.0000
2179,120.27,13427.05,0,0,0.0000
2180,297.99,13455.36,0,0,0.0000
2181,222.02,13569.00,0,0,0.0000
2182,91.97,13375.38,0,0,0.0000
2183,501.60,13256.60,0,0,0.0000
2184,490.17,13396.83,0,0,0.0000
2185,798.29,13264.68,0,0,0.0000
2186,604.23,13534.17,2,2,0.0000
2187,99.25,13223.50,0,0,0.0000
2188,503.86,13526.06,0,0,0.0000
2189,677.53,13199.47,0,0,0.0000
2190,163.78,13444.90,0,0,0.0000
2191,812.89,13402.90,0,0,0.0000
2192,226.67,13266.52,0,0,0.0000
2193,309.20,13333.94,0,0,0.0000
2194,51.59,13330.95,0,0,0.0000
2195,171.56,13215.78,0,0,0.0000
2196,513.35,13486.74,0,0,0.0000
2197,747.95,13293.96,0,0,0.0000
2198,477.15,13939.02,0,0,0.0000
2199,443.95,13356.65,0,0,0.0000
2200,428.04,13913.32,NaN,NaN,NaN
2201,384.21,13494.10,0,0,0.0000
2202,367.18,13838.99,0,0,0.0000
2203,296.15,13622.12,0,0,0.0000
2204,550.93,13897.02,0,0,0.0000
2205,222.59,13189.89,0,0,0.0000
2206,584.54,13441.39,0,0,0.0000
2207,735.34,13238.12,0,0,0.0000
2208,589.87,13363.31,0,0,0.0000
2209,384.86,13931.17,0,0,0.0000
2210,216.47,13685.07,0,0,0.0000
2211,425.52,13511.88,0,0,0.0000
2212,743.78,13350.37,0,0,0.0000
2213,467.39,13738.96,0,0,0.0000
2214,619.55,13713.72,0,0,0.0000
2215,864.49,13245.52,0,0,0.0000
2216,649.76,13542.92,0,0,0.0000
2217,564.98,13656.87,0,0,0.0000
2218,449.95,13553.96,0,0,0.0000
2219,887.95,13845.09,0,0,0.0000
2220,105.41,13315.90,0,0,0.0000
2221,141.81,13323.86,0,0,0.0000
2222,42.28,13910.10,NaN,NaN,NaN
2223,712.50,13618.15,0,0,0.0000
2224,624.88,13429.24,0,0,0.0000
2225,628.39,13370.27,0,0,0.0000
2226,736.20,13673.56,0,0,0.0000
2227,643.83,13874.54,2,4,2.0000
2228,666.97,13687.48,0,0,0.0000
2229,694.21,13681.09,0,0,0.0000
2230,603.44,13405.82,0,0,0.0000
2231,421.94,13757.98,0,0,0.0000
2232,745.30,13609.19,0,0,0.0000
2233,49.64,13933.30,2,1,0.0000
2234,550.05,13393.45,0,0,0.0000
2235,876.50,13782.11,0,0,0.0000
2236,869.83,13292.06,0,0,0.0000
2237,1162.20,13335.69,0,0,0.0000
2238,1217.45,13502.16,0,0,0.0000
2239,1092.31,13238.10,0,0,0.0000
2240,1468.24,13888.96,0,0,0.0000
2241,1014.48,13216.13,0,0,0.0000
2242,1581.68,13792.35,0,0,0.0000
2243,1262.31,13405.59,0,0,0.0000
2244,945.22,13537.09,0,0,0.0000
2245,984.06,13360.26,0,0,0.0000
2246,1472.04,13443.42,0,0,0.0000
2247,1469.14,13289.95,0,0,0.0000
2248,957.75,13204.67,0,0,0.0000
2249,1494.78,13207.38,0,0,0.0000
2250,1036.08,13617.36,0,0,0.0000
2251,1246.83,13259.99,0,0,0.0000
2252,1123.93,13718.18,3,4,0.0000
2253,1571.93,13894.53,0,0,0.0000
2254,1587.49,13333.66,0,0,0.0000
2255,899.37,13390.48,0,0,0.0000
2256,1110.60,13466.92,0,0,0.0000
2257,1423.81,13360.95,0,0,0.0000
2258,992.54,13701.52,0,0,0.0000
2259,1532.65,13417.56,0,0,0.0000
2260,1661.19,13327.44,0,0,0.0000
2261,1015.38,13855.61,NaN,NaN,NaN
2262,1515.85,13597.98,0,0,0.0000
2263,1581.17,13510.73,0,0,0.0000
2264,1553.78,13673.18,0,0,0.0000
2265,979.44,13903.63,2,3,0.0000
2266,1645.67,13204.17,0,0,0.0000
2267,1331.14,13205.95,0,0,0.0000
2268,1350.23,13391.09,0,0,0.0000
2269,1002.95,13480.64,0,0,0.0000
2270,1094.01,13856.37,NaN,NaN,NaN
2271,1641.70,13259.58,0,0,0.0000
2272,1056.72,13333.40,0,0,0.0000
2273,956.25,13650.67,0,0,0.0000
2274,1060.29,13536.23,0,0,0.0000
2275,1045.58,13747.80,0,0,0.0000
2276,1498.98,13550.57,0,0,0.0000
2277,918.01,13589.29,NaN,NaN,NaN
2278,1212.49,13746.12,0,0,0.0000
2279,1114.30,13577.61,0,0,0.0000
2280,1654.93,13718.94,0,0,0.0000
2281,1556.78,13234.13,0,0,0.0000
2282,1109.76,13808.20,NaN,NaN,NaN
2283,990.23,13431.70,0,0,0.0000
2284,955.50,13803.19,0,0,0.0000
2285,1652.48,13908.18,0,0,0.0000
2286,1651.32,13848.16,0,0,0.0000
2287,1055.01,13471.73,0,0,0.0000
2288,1569.99,13574.81,0,0,0.0000
2289,1410.06,13841.21,0,0,0.0000
2290,965.30,13441.28,0,0,0.0000
2291,901.09,13322.82,0,0,0.0000
2292,1063.31,13420.69,0,0,0.0000
2293,1510.28,13940.14,0,0,0.0000
2294,1335.46,13344.65,0,0,0.0000
2295,1080.08,13802.65,3,5,0.0000
2296,1302.86,13459.55,0,0,0.0000
2297,1133.11,13538.15,0,0,0.0000
2298,950.39,13853.42,0,0,0.0000
2299,924.88,13847.35,0,0,0.0000
2300,1276.87,13200.18,0,0,0.0000
2301,1292.97,13300.74,0,0,0.0000
2302,1808.80,13944.68,NaN,NaN,NaN
2303,1933.83,13559.07,0,0,0.0000
2304,2086.57,13352.25,0,0,0.0000
2305,1798.65,13211.34,0,0,0.0000
2306,2107.13,13202.11,0,0,0.0000
2307,1856.31,13682.33,0,0,0.0000
2308,2242.85,13373.69,0,0,0.0000
2309,1992.56,13304.56,0,0,0.0000
2310,1884.13,13801.68,NaN,NaN,NaN
2311,2291.98,13498.57,0,0,0.0000
2312,1746.56,13236.81,0,0,0.0000
2313,1786.67,13781.15,0,0,0.0000
2314,2305.25,13310.67,0,0,0.0000
2315,2069.63,13687.82,0,0,0.0000
2316,2024.82,13585.52,0,0,0.0000
2317,2173.65,13332.77,0,0,0.0000
2318,1930.50,13651.71,0,0,0.0000
2319,1883.24,13917.65,6,8,0.0000
2320,2024.27,13420.11,0,0,0.0000
2321,2083.67,13444.04,0,0,0.0000
2322,2134.06,13509.84,0,0,0.0000
2323,2173.52,13457.21,0,0,0.0000
2324,2014.28,13951.44,NaN,NaN,NaN
2325,1711.05,13821.47,0,0,0.0000
2326,1901.15,13326.45,0,0,0.0000
2327,1870.41,13405.15,0,0,0.0000
2328,1787.96,13389.66,NaN,NaN,NaN
2329,2125.63,13270.05,0,0,0.0000
2330,1724.90,13355.14,0,0,0.0000
2331,2334.95,13246.91,0,0,0.0000
2332,2220.27,13514.75,0,0,0.0000
2333,1681.94,13628.78,0,0,0.0000
2334,1722.01,13694.92,0,0,0.0000
2335,1713.49,13905.74,0,0,0.0000
2336,1708.79,13246.02,0,0,0.0000
2337,2300.09,13372.15,0,0,0.0000
2338,1841.16,13546.48,0,0,0.0000
2339,2011.25,13637.55,0,0,0.0000
2340,1915.57,13222.14,0,0,0.0000
2341,2365.99,13398.38,0,0,0.0000
2342,1711.13,13583.62,0,0,0.0000
2343,1951.68,13491.12,0,0,0.0000
2344,1704.77,13473.57,0,0,0.0000
2345,1895.09,13462.30,0,0,0.0000
2346,2032.60,13890.41,NaN,NaN,NaN
2347,2119.65,13734.36,NaN,NaN,NaN
2348,1752.99,13461.12,0,0,0.0000
2349,1734.50,13513.56,0,0,0.0000
2350,1967.49,13910.35,NaN,NaN,NaN
2351,1672.79,13421.50,0,0,0.0000
2352,1807.40,13499.75,0,0,0.0000
2353,2229.06,13448.64,0,0,0.0000
2354,1957.34,13837.56,NaN,NaN,NaN
2355,1864.56,13206.91,0,0,0.0000
2356,1995.93,13698.22,NaN,NaN,NaN
2357,2278.50,13248.53,0,0,0.0000
2358,1874.17,13505.73,0,0,0.0000
2359,1785.65,13445.66,NaN,NaN,NaN
2360,1971.96,13371.23,0,0,0.0000
2361,1943.66,13426.82,0,0,0.0000
2362,1800.47,13322.75,0,0,0.0000
2363,2365.58,13201.82,0,0,0.0000
2364,1767.06,13865.66,0,0,0.0000
2365,1681.11,13379.24,0,0,0.0000
2366,1781.53,13569.31,0,0,0.0000
2367,1830.86,13289.25,0,0,0.0000
2368,1768.82,13333.20,0,0,0.0000
2369,1877.03,13280.90,0,0,0.0000
2370,2381.89,13320.42,0,0,0.0000
2371,2054.08,13247.45,0,0,0.0000
2372,2002.31,13824.34,13,27,2.0769
2373,1934.51,13297.91,0,0,0.0000
2374,2435.11,13324.75,0,0,0.0000
2375,3053.17,13896.50,0,0,0.0000
2376,3094.11,13276.16,0,0,0.0000
2377,3068.43,13638.04,0,0,0.0000
2378,3087.37,13748.83,0,0,0.0000
2379,3133.24,13601.48,0,0,0.0000
2380,3032.88,13349.47,0,0,0.0000
2381,3142.12,13825.95,0,0,0.0000
2382,3045.37,13675.91,0,0,0.0000
2383,2964.96,13903.69,0,0,0.0000
2384,2931.58,13553.38,0,0,0.0000
2385,3024.29,13550.19,0,0,0.0000
2386,3150.44,13366.07,0,0,0.0000
2387,3017.01,13501.51,0,0,0.0000
2388,2962.03,13725.39,0,0,0.0000
2389,2908.25,13623.80,0,0,0.0000
2390,3160.35,13506.01,0,0,0.0000
2391,2983.85,13596.58,0,0,0.0000
2392,3052.63,13196.14,0,0,0.0000
2393,2827.93,13752.23,0,0,0.0000
2394,3099.54,13407.18,0,0,0.0000
2395,2866.95,13757.12,0,0,0.0000
2396,3077.80,13476.93,0,0,0.0000
2397,2927.67,13832.52,0,0,0.0000
2398,2469.36,13227.24,0,0,0.0000
2399,3004.94,13435.19,0,0,0.0000
2400,3151.95,13690.02,0,0,0.0000
2401,2867.17,13697.30,0,0,0.0000
2402,2593.95,13242.63,0,0,0.0000
2403,2915.84,13700.06,0,0,0.0000
2404,3176.21,13728.91,0,0,0.0000
2405,3171.31,13586.73,0,0,0.0000
2406,3105.19,13343.47,0,0,0.0000
2407,3176.05,13766.74,0,0,0.0000
2408,2915.39,13746.45,0,0,0.0000
2409,3057.86,13406.09,0,0,0.0000
2410,3061.19,13581.63,0,0,0.0000
2411,2910.42,13672.64,0,0,0.0000
2412,2544.96,13272.31,0,0,0.0000
2413,3116.17,13941.13,0,0,0.0000
2414,2994.74,13819.94,0,0,0.0000
2415,2550.80,13198.31,0,0,0.0000
2416,3141.14,13229.94,0,0,0.0000
2417,3941.16,13297.04,0,0,0.0000
2418,3891.81,13402.17,0,0,0.0000
2419,3816.54,13811.68,0,0,0.0000
2420,3783.30,13345.84,0,0,0.0000
2421,3952.32,13822.61,0,0,0.0000
2422,3234.76,13266.09,0,0,0.0000
2423,3840.33,13494.64,NaN,NaN,NaN
2424,3650.39,13196.01,NaN,NaN,NaN
2425,3718.71,13726.36,0,0,0.0000
2426,3710.65,13413.37,0,0,0.0000
2427,3446.07,13642.93,NaN,NaN,NaN
2428,3284.46,13387.47,0,0,0.0000
2429,3690.70,13634.75,NaN,NaN,NaN
2430,3212.28,13566.35,0,0,0.0000
2431,3394.45,13556.94,0,0,0.0000
2432,3952.76,13620.34,0,0,0.0000
2433,3711.59,13228.01,2,2,0.0000
2434,3624.10,13660.89,2,3,0.0000
2435,3851.18,13216.14,0,0,0.0000
2436,3585.62,13366.29,0,0,0.0000
2437,3528.39,13427.90,NaN,NaN,NaN
2438,3209.23,13456.56,0,0,0.0000
2439,3549.38,13205.49,NaN,NaN,NaN
2440,3300.51,13457.39,NaN,NaN,NaN
2441,3820.78,13280.24,0,0,0.0000
2442,3738.12,13551.63,0,0,0.0000
2443,3401.55,13446.43,0,0,0.0000
2444,3203.31,13373.82,0,0,0.0000
2445,3553.90,13540.98,0,0,0.0000
2446,3261.79,13321.12,0,0,0.0000
2447,3926.00,13733.89,NaN,NaN,NaN
2448,3289.87,13748.01,0,0,0.0000
2449,3881.37,13672.50,0,0,0.0000
2450,3276.71,13550.24,0,0,0.0000
2451,3549.86,13270.00,0,0,0.0000
2452,3718.24,13294.35,NaN,NaN,NaN
2453,3718.78,13818.40,0,0,0.0000
2454,3657.89,13500.46,3,2,0.0000
2455,3259.25,13206.90,0,0,0.0000
2456,3280.56,13603.89,0,0,0.0000
2457,3329.03,13803.26,0,0,0.0000
2458,3276.62,13687.99,0,0,0.0000
2459,3595.11,13243.26,0,0,0.0000
2460,3850.76,13593.67,0,0,0.0000
2461,3353.79,13713.78,0,0,0.0000
2462,3225.08,13687.17,0,0,0.0000
2463,3643.17,13306.79,0,0,0.0000
2464,3689.24,13556.24,0,0,0.0000
2465,3575.70,13601.44,0,0,0.0000
2466,3496.76,13614.07,NaN,NaN,NaN
2467,3364.71,13399.30,0,0,0.0000
2468,3886.00,13551.96,0,0,0.0000
2469,3897.25,13776.80,0,0,0.0000
2470,3327.42,13679.18,0,0,0.0000
2471,3666.44,13775.34,0,0,0.0000
2472,3454.22,13716.27,2,0,0.0000
2473,3581.08,13459.16,NaN,NaN,NaN
2474,3778.16,13840.53,0,0,0.0000
2475,3537.53,13700.58,0,0,0.0000
2476,3298.21,13511.24,0,0,0.0000
2477,3374.52,13346.25,NaN,NaN,NaN
2478,3482.08,13283.89,0,0,0.0000
2479,3595.95,13713.42,NaN,NaN,NaN
2480,3473.35,13339.66,0,0,0.0000
2481,3529.87,13650.63,NaN,NaN,NaN
2482,3868.97,13841.57,0,0,0.0000
2483,3868.88,13794.41,0,0,0.0000
2484,3516.33,13319.06,NaN,NaN,NaN
2485,3326.15,13339.58,0,0,0.0000
2486,3951.59,13212.87,0,0,0.0000
2487,3608.26,13535.20,NaN,NaN,NaN
2488,3718.95,13919.77,0,0,0.0000
2489,3839.74,13706.01,0,0,0.0000
2490,3879.73,13875.85,0,0,0.0000
2491,3351.88,13475.84,NaN,NaN,NaN
2492,3754.19,13799.32,0,0,0.0000
2493,3345.15,13318.19,NaN,NaN,NaN
2494,3680.76,13864.95,0,0,0.0000
2495,3501.54,13195.43,NaN,NaN,NaN
2496,3645.72,13872.72,0,0,0.0000
2497,3239.52,13519.50,0,0,0.0000
2498,3471.19,13310.12,0,0,0.0000
2499,3741.35,13657.66,0,0,0.0000
2500,3907.80,13847.81,0,0,0.0000
2501,3669.63,13355.91,NaN,NaN,NaN
2502,3490.01,13233.43,0,0,0.0000
2503,4036.48,13371.66,0,0,0.0000
2504,4471.71,13241.52,0,0,0.0000
2505,4524.53,13717.61,0,0,0.0000
2506,4280.13,13393.32,0,0,0.0000
2507,4039.12,13469.24,0,0,0.0000
2508,4617.51,13340.22,0,0,0.0000
2509,4148.02,13602.05,0,0,0.0000
2510,4718.47,13923.38,0,0,0.0000
2511,4183.04,13326.16,0,0,0.0000
2512,4595.57,13678.93,0,0,0.0000
2513,4456.46,13748.26,0,0,0.0000
2514,4181.23,13233.19,0,0,0.0000
2515,4325.99,13288.68,0,0,0.0000
2516,4114.97,13693.64,0,0,0.0000
2517,4432.21,13332.18,0,0,0.0000
2518,4571.49,13288.69,0,0,0.0000
2519,4244.48,13298.93,0,0,0.0000
2520,4190.69,13458.42,0,0,0.0000
2521,4598.53,13195.69,0,0,0.0000
2522,4630.55,13820.36,0,0,0.0000
2523,4687.33,13277.47,NaN,NaN,NaN
2524,4102.17,13219.40,0,0,0.0000
2525,4268.60,13509.30,0,0,0.0000
2526,4503.07,13379.23,0,0,0.0000
2527,4029.63,13203.50,NaN,NaN,NaN
2528,4359.25,13248.04,0,0,0.0000
2529,4542.44,13790.90,0,0,0.0000
2530,4560.91,13460.78,0,0,0.0000
2531,4455.41,13672.13,0,0,0.0000
2532,4038.44,13697.44,NaN,NaN,NaN
2533,4368.21,13200.66,0,0,0.0000
2534,4018.78,13541.32,2,2,0.0000
2535,4639.74,13744.11,0,0,0.0000
2536,4648.87,13237.62,0,0,0.0000
2537,4722.83,13464.04,0,0,0.0000
2538,4610.13,13402.42,0,0,0.0000
2539,4119.58,13526.10,0,0,0.0000
2540,4627.36,13462.82,0,0,0.0000
2541,4197.81,13648.01,0,0,0.0000
2542,4458.96,13408.78,0,0,0.0000
2543,4670.50,13868.45,0,0,0.0000
2544,4124.02,13423.85,0,0,0.0000
2545,4085.91,13533.89,0,0,0.0000
2546,4099.68,13279.28,0,0,0.0000
2547,4602.12,13910.56,0,0,0.0000
2548,4055.51,13648.47,0,0,0.0000
2549,4555.01,13423.11,0,0,0.0000
2550,4696.06,13714.33,0,0,0.0000
2551,4295.91,13407.37,0,0,0.0000
2552,4365.17,13428.95,0,0,0.0000
2553,4238.78,13669.30,0,0,0.0000
2554,4509.83,13308.03,0,0,0.0000
2555,4647.61,13671.30,0,0,0.0000
2556,4563.76,13406.81,0,0,0.0000
2557,3981.66,13940.99,0,0,0.0000
2558,4783.75,13549.83,NaN,NaN,NaN
2559,5046.28,13205.12,0,0,0.0000
2560,4897.91,13863.78,0,0,0.0000
2561,5178.61,13190.59,0,0,0.0000
2562,5150.06,13315.05,NaN,NaN,NaN
2563,5157.69,13849.89,0,0,0.0000
2564,4988.32,13801.92,0,0,0.0000
2565,4818.68,13246.33,0,0,0.0000
2566,4818.81,13445.52,0,0,0.0000
2567,4924.09,13417.32,0,0,0.0000
2568,4908.25,13772.87,0,0,0.0000
2569,5007.88,13286.88,0,0,0.0000
2570,5250.67,13476.03,0,0,0.0000
2571,4935.74,13336.32,0,0,0.0000
2572,5275.98,13917.06,0,0,0.0000
2573,4745.32,13334.92,NaN,NaN,NaN
2574,5029.37,13950.56,0,0,0.0000
2575,5073.55,13578.13,0,0,0.0000
2576,5329.20,13195.23,NaN,NaN,NaN
2577,5430.68,13410.02,0,0,0.0000
2578,5230.60,13788.56,0,0,0.0000
2579,5037.80,13823.76,NaN,NaN,NaN
2580,5103.61,13878.68,NaN,NaN,NaN
2581,4837.96,13380.71,0,0,0.0000
2582,5042.43,13408.10,0,0,0.0000
2583,5244.39,13309.70,2,2,0.0000
2584,4936.81,13220.90,0,0,0.0000
2585,4836.62,13189.41,0,0,0.0000
2586,4990.91,13391.51,0,0,0.0000
2587,5108.74,13619.46,NaN,NaN,NaN
2588,4941.10,13949.56,0,0,0.0000
2589,5090.54,13423.45,0,0,0.0000
2590,5361.45,13364.63,0,0,0.0000
2591,4929.43,13567.09,0,0,0.0000
2592,4819.79,13825.25,0,0,0.0000
2593,4791.05,13888.49,0,0,0.0000
2594,5424.27,13861.56,0,0,0.0000
2595,4775.85,13766.98,0,0,0.0000
2596,4864.48,13608.61,NaN,NaN,NaN
2597,5015.35,13529.34,0,0,0.0000
2598,4888.09,13254.04,0,0,0.0000
2599,5271.09,13378.09,0,0,0.0000
2600,5258.07,13854.37,0,0,0.0000
2601,4927.72,13512.68,0,0,0.0000
2602,5155.40,13466.72,NaN,NaN,NaN
2603,5107.40,13276.50,0,0,0.0000
2604,5379.20,13230.39,0,0,0.0000
2605,5378.52,13861.79,0,0,0.0000
2606,5344.88,13873.61,0,0,0.0000
2607,5216.15,13894.61,0,0,0.0000
2608,5178.70,13536.23,0,0,0.0000
2609,5319.13,13271.31,0,0,0.0000
2610,5135.87,13526.75,0,0,0.0000
2611,5326.68,13315.50,0,0,0.0000
2612,4950.64,13623.05,0,0,0.0000
2613,5198.40,13471.63,0,0,0.0000
2614,4790.29,13297.58,NaN,NaN,NaN
2615,6151.06,13641.50,0,0,0.0000
2616,6009.92,13484.22,0,0,0.0000
2617,6125.00,13573.25,0,0,0.0000
2618,5906.33,13573.99,0,0,0.0000
2619,6092.35,13506.19,0,0,0.0000
2620,6553.87,13465.38,0,0,0.0000
2621,6637.18,13381.95,0,0,0.0000
2622,6659.20,13487.08,0,0,0.0000
2623,6854.40,13372.66,0,0,0.0000
2624,6556.16,13604.08,0,0,0.0000
2625,6919.19,13349.50,0,0,0.0000
2626,6619.72,13578.53,0,0,0.0000
2627,6530.87,13396.53,0,0,0.0000
2628,6574.86,13537.58,0,0,0.0000
2629,6688.77,13654.95,0,0,0.0000
2630,6679.72,13758.44,0,0,0.0000
2631,6545.60,13226.95,NaN,NaN,NaN
2632,6640.50,13670.43,0,0,0.0000
2633,6730.92,13951.32,NaN,NaN,NaN
2634,6874.89,13268.97,0,0,0.0000
2635,6593.60,13319.62,0,0,0.0000
2636,6751.49,13691.87,0,0,0.0000
2637,6935.26,13432.95,0,0,0.0000
2638,6727.43,13416.65,0,0,0.0000
2639,6809.36,13339.21,0,0,0.0000
2640,6745.27,13761.47,0,0,0.0000
2641,6584.60,13405.05,0,0,0.0000
2642,6876.53,13432.77,0,0,0.0000
2643,6620.01,13762.44,0,0,0.0000
2644,7036.66,13757.02,0,0,0.0000
2645,6737.66,13641.81,0,0,0.0000
2646,6883.72,13313.24,0,0,0.0000
2647,6563.82,13283.36,0,0,0.0000
2648,6642.05,13293.95,NaN,NaN,NaN
2649,6898.08,13476.37,0,0,0.0000
2650,301.98,14671.63,2,2,0.0000
2651,134.77,14060.64,0,0,0.0000
2652,173.42,14685.32,0,0,0.0000
2653,308.78,14312.25,0,0,0.0000
2654,360.24,14537.90,0,0,0.0000
2655,735.59,14545.38,NaN,NaN,NaN
2656,549.27,14309.52,0,0,0.0000
2657,650.36,14500.35,NaN,NaN,NaN
2658,125.41,14398.62,0,0,0.0000
2659,291.36,14198.85,0,0,0.0000
2660,707.36,14647.39,NaN,NaN,NaN
2661,473.76,14237.11,0,0,0.0000
2662,872.17,14535.11,0,0,0.0000
2663,362.37,13993.77,2,2,0.0000
2664,523.49,14061.23,0,0,0.0000
2665,533.03,14611.66,0,0,0.0000
2666,378.70,14073.38,NaN,NaN,NaN
2667,215.20,14557.01,0,0,0.0000
2668,596.68,14201.42,0,0,0.0000
2669,510.32,14514.34,0,0,0.0000
2670,295.47,14102.98,0,0,0.0000
2671,514.65,14410.81,0,0,0.0000
2672,118.18,14185.27,0,0,0.0000
2673,820.49,14430.06,2,4,2.0000
2674,616.39,14635.71,0,0,0.0000
2675,203.57,14222.63,0,0,0.0000
2676,163.05,14511.91,0,0,0.0000
2677,411.53,14213.26,0,0,0.0000
2678,182.15,14314.32,0,0,0.0000
2679,426.99,14355.79,0,0,0.0000
2680,586.23,13991.54,0,0,0.0000
2681,411.13,14468.32,0,0,0.0000
2682,630.54,14090.86,0,0,0.0000
2683,271.65,14387.74,0,0,0.0000
2684,840.75,14606.12,NaN,NaN,NaN
2685,529.19,14152.98,0,0,0.0000
2686,437.37,14634.89,0,0,0.0000
2687,236.39,14452.71,0,0,0.0000
2688,644.20,14704.20,NaN,NaN,NaN
2689,644.10,14342.94,0,0,0.0000
2690,380.00,14372.40,0,0,0.0000
2691,91.69,14277.21,NaN,NaN,NaN
2692,489.80,13989.15,NaN,NaN,NaN
2693,54.33,14235.57,NaN,NaN,NaN
2694,291.72,14452.03,0,0,0.0000
2695,871.32,14034.93,2,2,0.0000
2696,457.25,14413.43,0,0,0.0000
2697,156.63,13989.29,NaN,NaN,NaN
2698,582.49,14408.91,0,0,0.0000
2699,470.66,14114.07,NaN,NaN,NaN
2700,701.39,14414.64,0,0,0.0000
2701,369.77,14215.08,0,0,0.0000
2702,888.31,14094.72,0,0,0.0000
2703,704.34,14238.57,0,0,0.0000
2704,698.82,14316.74,0,0,0.0000
2705,766.88,14357.22,0,0,0.0000
2706,634.98,14269.52,0,0,0.0000
2707,488.34,14708.96,0,0,0.0000
2708,390.20,14151.12,0,0,0.0000
2709,605.97,14375.77,0,0,0.0000
2710,652.21,14005.11,0,0,0.0000
2711,881.14,14139.46,0,0,0.0000
2712,467.10,14584.59,0,0,0.0000
2713,1399.08,14541.10,NaN,NaN,NaN
2714,1523.18,14196.43,0,0,0.0000
2715,1114.93,13976.35,NaN,NaN,NaN
2716,994.56,14490.14,0,0,0.0000
2717,1025.71,14622.18,NaN,NaN,NaN
2718,937.70,14659.29,2,1,0.0000
2719,1354.37,14388.02,0,0,0.0000
2720,1613.66,14431.28,0,0,0.0000
2721,1612.82,14583.89,0,0,0.0000
2722,1541.65,14372.35,NaN,NaN,NaN
2723,1027.84,14061.49,0,0,0.0000
2724,1131.25,14200.84,0,0,0.0000
2725,1637.29,14282.59,2,3,0.0000
2726,1570.41,14509.92,0,0,0.0000
2727,1163.27,14687.10,NaN,NaN,NaN
2728,1491.81,14041.22,0,0,0.0000
2729,1096.17,14258.09,0,0,0.0000
2730,1163.97,14115.67,NaN,NaN,NaN
2731,1098.02,14577.85,2,2,0.0000
2732,981.57,14171.58,0,0,0.0000
2733,1489.51,14515.27,0,0,0.0000
2734,1365.97,14652.76,0,0,0.0000
2735,901.33,14460.58,0,0,0.0000
2736,1032.10,14236.71,0,0,0.0000
2737,1214.56,14387.03,NaN,NaN,NaN
2738,972.58,13963.25,NaN,NaN,NaN
2739,1171.54,14616.53,0,0,0.0000
2740,1541.87,14629.39,0,0,0.0000
2741,1269.89,14285.09,0,0,0.0000
2742,1067.24,14683.80,NaN,NaN,NaN
2743,1354.48,14072.59,0,0,0.0000
2744,1026.85,13956.03,0,0,0.0000
2745,1479.66,14324.75,2,3,0.0000
2746,1384.22,14257.49,0,0,0.0000
2747,1310.84,14597.57,0,0,0.0000
2748,1619.95,14112.82,2,2,0.0000
2749,1652.00,14499.55,0,0,0.0000
2750,939.62,14142.06,0,0,0.0000
2751,1286.85,14501.39,0,0,0.0000
2752,1579.00,13989.04,NaN,NaN,NaN
2753,1316.00,14700.74,0,0,0.0000
2754,1235.14,14206.90,0,0,0.0000
2755,1405.72,14067.34,0,0,0.0000
2756,905.76,14219.93,0,0,0.0000
2757,932.79,14015.38,2,2,0.0000
2758,972.92,14254.93,0,0,0.0000
2759,1182.67,14057.91,0,0,0.0000
2760,1570.28,14663.83,0,0,0.0000
2761,1075.67,14149.69,0,0,0.0000
2762,1407.91,14313.70,0,0,0.0000
2763,1532.83,14026.60,NaN,NaN,NaN
2764,1428.84,14114.44,0,0,0.0000
2765,1357.06,14213.04,0,0,0.0000
2766,1609.68,14048.87,3,2,0.0000
2767,1143.30,14525.85,NaN,NaN,NaN
2768,1089.54,14079.01,0,0,0.0000
2769,1502.88,14275.19,0,0,0.0000
2770,1580.38,14314.73,2,2,0.0000
2771,1304.24,14312.82,0,0,0.0000
2772,1523.94,14106.28,0,0,0.0000
2773,1234.79,14452.98,0,0,0.0000
2774,1320.03,14460.02,0,0,0.0000
2775,1516.47,14600.19,0,0,0.0000
2776,1517.34,14457.25,0,0,0.0000
2777,1183.23,14476.29,2,2,0.0000
2778,1087.62,14500.97,NaN,NaN,NaN
2779,1341.92,14169.30,2,3,0.0000
2780,1392.66,14164.44,0,0,0.0000
2781,1348.86,14312.89,0,0,0.0000
2782,1224.99,14592.25,0,0,0.0000
2783,1255.69,14527.71,NaN,NaN,NaN
2784,1131.67,14490.66,2,4,2.0000
2785,1441.28,14390.77,0,0,0.0000
2786,1284.48,14385.46,0,0,0.0000
2787,1180.00,14502.86,NaN,NaN,NaN
2788,1457.60,14082.14,0,0,0.0000
2789,1366.65,14151.57,0,0,0.0000
2790,1433.55,14431.16,0,0,0.0000
2791,1466.59,14386.01,0,0,0.0000
2792,936.15,14073.95,NaN,NaN,NaN
2793,1284.72,14449.62,0,0,0.0000
2794,1747.19,14445.79,0,0,0.0000
2795,2021.83,14701.13,3,7,2.3333
2796,1877.73,14662.19,NaN,NaN,NaN
2797,1799.83,14236.98,5,8,0.0000
2798,1885.25,14191.81,5,8,0.0000
2799,1726.15,14553.63,0,0,0.0000
2800,1710.89,14234.05,3,2,0.0000
2801,2175.10,14529.26,NaN,NaN,NaN
2802,2024.57,14597.23,3,4,0.0000
2803,2219.34,14678.52,0,0,0.0000
2804,2119.22,14627.94,NaN,NaN,NaN
2805,1793.59,14701.14,0,0,0.0000
2806,1825.95,14528.76,0,0,0.0000
2807,1930.15,14463.35,0,0,0.0000
2808,2070.57,14517.40,NaN,NaN,NaN
2809,1947.11,14232.12,NaN,NaN,NaN
2810,1792.71,14396.16,0,0,0.0000
2811,1664.75,14355.94,0,0,0.0000
2812,1874.86,14342.55,3,3,0.0000
2813,1910.41,14596.47,0,0,0.0000
2814,2163.29,14667.97,0,0,0.0000
2815,1695.35,14086.33,2,1,0.0000
2816,1860.00,14393.84,0,0,0.0000
2817,2389.12,14566.29,NaN,NaN,NaN
2818,2343.64,14594.03,3,4,0.0000
2819,2375.88,14495.24,NaN,NaN,NaN
2820,2301.76,14591.88,NaN,NaN,NaN
2821,2247.14,14616.61,0,0,0.0000
2822,1694.08,14659.53,0,0,0.0000
2823,1792.96,14119.10,NaN,NaN,NaN
2824,2289.48,14445.51,3,4,0.0000
2825,1671.25,13982.05,2,5,2.5000
2826,1761.59,14320.62,0,0,0.0000
2827,1965.69,14057.17,NaN,NaN,NaN
2828,1905.86,14018.58,NaN,NaN,NaN
2829,1745.11,14007.58,3,2,0.0000
2830,2267.27,14498.69,0,0,0.0000
2831,2383.76,14378.86,NaN,NaN,NaN
2832,1846.99,14091.30,3,4,0.0000
2833,1950.70,13979.47,3,6,2.0000
2834,2023.80,14536.81,0,0,0.0000
2835,1941.66,14530.85,0,0,0.0000
2836,2312.22,14525.05,NaN,NaN,NaN
2837,1838.97,14036.27,4,4,0.0000
2838,2044.36,14130.83,0,0,0.0000
2839,1973.55,14142.22,NaN,NaN,NaN
2840,1907.34,14076.98,3,3,0.0000
2841,2271.69,14551.15,0,0,0.0000
2842,2872.26,14220.54,NaN,NaN,NaN
2843,2733.33,14517.18,NaN,NaN,NaN
2844,2601.30,14488.44,0,0,0.0000
2845,2626.66,14164.33,0,0,0.0000
2846,2952.28,14012.77,0,0,0.0000
2847,2806.77,14123.20,0,0,0.0000
2848,2543.41,14350.63,NaN,NaN,NaN
2849,2558.77,14606.71,NaN,NaN,NaN
2850,2756.77,14419.77,0,0,0.0000
2851,2501.57,14539.84,2,2,0.0000
2852,2594.78,14008.03,0,0,0.0000
2853,3092.16,14024.85,0,0,0.0000
2854,2528.67,14248.80,0,0,0.0000
2855,2693.56,14338.90,0,0,0.0000
2856,2990.41,14069.49,0,0,0.0000
2857,2696.05,14060.50,0,0,0.0000
2858,2925.40,14591.40,0,0,0.0000
2859,3019.43,14337.67,0,0,0.0000
2860,3038.71,14139.98,0,0,0.0000
2861,2955.21,14331.31,0,0,0.0000
2862,2940.29,14453.53,0,0,0.0000
2863,2677.41,14556.98,2,4,2.0000
2864,2466.18,14605.55,NaN,NaN,NaN
2865,3002.10,14603.96,0,0,0.0000
2866,2928.23,14518.26,0,0,0.0000
2867,2435.51,14413.25,5,5,0.0000
2868,2645.37,14076.13,0,0,0.0000
2869,2973.26,14191.49,0,0,0.0000
2870,2870.17,14518.38,0,0,0.0000
2871,2825.10,14385.15,3,3,0.0000
2872,2814.13,14058.99,0,0,0.0000
2873,3083.83,14087.61,0,0,0.0000
2874,2464.96,14297.07,0,0,0.0000
2875,3012.30,14473.94,NaN,NaN,NaN
2876,3042.79,14568.57,0,0,0.0000
2877,2464.08,14346.62,NaN,NaN,NaN
2878,2611.62,14364.79,0,0,0.0000
2879,2820.72,14508.29,0,0,0.0000
2880,2503.03,14452.29,2,3,0.0000
2881,2661.30,14610.54,NaN,NaN,NaN
2882,3023.58,14402.17,0,0,0.0000
2883,2936.46,14126.47,NaN,NaN,NaN
2884,2532.28,14163.98,0,0,0.0000
2885,2733.72,14113.06,0,0,0.0000
2886,2581.15,14096.02,0,0,0.0000
2887,2961.16,14413.00,NaN,NaN,NaN
2888,2818.91,14589.44,0,0,0.0000
2889,2934.80,14374.28,0,0,0.0000
2890,2808.81,14464.63,0,0,0.0000
2891,2891.70,14112.94,0,0,0.0000
2892,2832.90,14668.38,0,0,0.0000
2893,2870.73,14024.73,0,0,0.0000
2894,2485.33,14401.69,NaN,NaN,NaN
2895,2839.60,14334.59,NaN,NaN,NaN
2896,2655.03,14641.65,NaN,NaN,NaN
2897,2741.30,14052.77,0,0,0.0000
2898,2868.46,14408.27,0,0,0.0000
2899,2696.46,14141.24,0,0,0.0000
2900,2881.03,14445.92,0,0,0.0000
2901,3036.50,14280.59,0,0,0.0000
2902,2904.55,14368.80,0,0,0.0000
2903,3011.16,14432.63,NaN,NaN,NaN
2904,2879.63,14340.23,0,0,0.0000
2905,2987.22,14538.99,0,0,0.0000
2906,2513.65,14198.06,0,0,0.0000
2907,2604.86,14628.48,0,0,0.0000
2908,2485.45,14243.18,0,0,0.0000
2909,2622.07,14270.02,0,0,0.0000
2910,2682.30,14301.11,0,0,0.0000
2911,2708.50,14644.65,NaN,NaN,NaN
2912,2590.36,14280.20,0,0,0.0000
2913,2669.68,14277.85,0,0,0.0000
2914,2452.27,14444.69,2,3,0.0000
2915,3014.27,13967.33,0,0,0.0000
2916,2434.99,14503.95,NaN,NaN,NaN
2917,3650.85,14659.75,0,0,0.0000
2918,3648.29,14494.84,NaN,NaN,NaN
2919,3526.36,14701.47,NaN,NaN,NaN
2920,3788.05,14594.98,NaN,NaN,NaN
2921,3432.02,14706.33,0,0,0.0000
2922,3561.07,14541.37,NaN,NaN,NaN
2923,3716.22,14600.18,0,0,0.0000
2924,3857.57,14702.64,NaN,NaN,NaN
2925,3929.49,14258.72,0,0,0.0000
2926,3450.67,14638.52,0,0,0.0000
2927,3476.20,14203.11,0,0,0.0000
2928,3897.62,14101.17,NaN,NaN,NaN
2929,3668.02,14368.91,NaN,NaN,NaN
2930,3866.60,14641.79,NaN,NaN,NaN
2931,3817.80,14465.17,0,0,0.0000
2932,3564.13,14171.88,NaN,NaN,NaN
2933,3616.15,14414.22,0,0,0.0000
2934,3941.70,14061.64,0,0,0.0000
2935,3628.51,14275.09,NaN,NaN,NaN
2936,3779.69,14489.22,0,0,0.0000
2937,3690.31,14424.54,0,0,0.0000
2938,3740.52,14451.04,0,0,0.0000
2939,3712.67,14399.90,0,0,0.0000
2940,3810.34,14530.73,0,0,0.0000
2941,3538.75,14279.26,NaN,NaN,NaN
2942,3543.77,14453.87,0,0,0.0000
2943,4462.16,14574.79,2,2,0.0000
2944,4405.15,14279.74,0,0,0.0000
2945,4408.95,14685.80,0,0,0.0000
2946,4539.52,14522.94,0,0,0.0000
2947,4619.65,14713.60,0,0,0.0000
2948,4407.82,14466.39,0,0,0.0000
2949,4319.51,14704.41,0,0,0.0000
2950,4288.72,14613.28,0,0,0.0000
2951,4353.06,14484.60,NaN,NaN,NaN
2952,4690.36,14644.41,0,0,0.0000
2953,4291.31,14267.02,NaN,NaN,NaN
2954,4643.11,14537.28,0,0,0.0000
2955,4019.68,14200.37,0,0,0.0000
2956,4332.40,14543.42,0,0,0.0000
2957,4045.73,14247.47,0,0,0.0000
2958,4122.52,14157.90,2,3,0.0000
2959,4039.43,14446.00,0,0,0.0000
2960,4175.22,14210.33,0,0,0.0000
2961,3998.98,14139.52,0,0,0.0000
2962,4209.58,14366.08,0,0,0.0000
2963,4677.57,14028.46,0,0,0.0000
2964,4495.83,14437.26,0,0,0.0000
2965,4117.51,14207.12,0,0,0.0000
2966,4280.21,14172.80,0,0,0.0000
2967,4281.99,14456.96,0,0,0.0000
2968,4144.33,14249.66,0,0,0.0000
2969,3972.36,14313.21,0,0,0.0000
2970,4446.78,14435.39,0,0,0.0000
2971,4058.91,14112.04,0,0,0.0000
2972,4597.82,14622.97,0,0,0.0000
2973,4489.67,14278.83,0,0,0.0000
2974,4184.66,14165.87,0,0,0.0000
2975,4077.62,14143.63,NaN,NaN,NaN
2976,4102.45,14526.99,0,0,0.0000
2977,5453.94,14179.00,0,0,0.0000
2978,5353.16,14425.81,0,0,0.0000
2979,4830.04,13969.79,0,0,0.0000
2980,5493.14,14009.53,0,0,0.0000
2981,5496.77,14691.76,0,0,0.0000
2982,5076.70,14307.53,NaN,NaN,NaN
2983,4988.89,14191.29,2,3,0.0000
2984,5273.84,14446.13,0,0,0.0000
2985,5066.26,14480.59,2,3,0.0000
2986,5396.02,14317.98,0,0,0.0000
2987,5393.69,14551.58,0,0,0.0000
2988,5242.40,14549.51,0,0,0.0000
2989,4914.03,14020.37,2,2,0.0000
2990,5396.73,14248.00,0,0,0.0000
2991,5143.16,14682.80,0,0,0.0000
2992,5261.10,14219.30,0,0,0.0000
2993,5171.44,14597.65,2,2,0.0000
2994,5056.61,14024.03,0,0,0.0000
2995,5328.64,14147.66,0,0,0.0000
2996,5268.70,14621.05,0,0,0.0000
2997,4987.50,14070.09,0,0,0.0000
2998,5460.99,14622.55,0,0,0.0000
2999,5258.01,14353.33,0,0,0.0000
3000,5157.30,14419.65,0,0,0.0000
3001,5234.08,14027.48,0,0,0.0000
3002,5148.26,14541.25,3,0,0.0000
3003,5405.35,14673.09,0,0,0.0000
3004,5064.43,14565.16,0,0,0.0000
3005,5384.74,14091.63,0,0,0.0000
3006,5040.12,14132.71,NaN,NaN,NaN
3007,5439.72,14437.95,0,0,0.0000
3008,5324.70,14586.36,0,0,0.0000
3009,5205.21,14237.03,0,0,0.0000
3010,4908.06,14111.63,2,2,0.0000
3011,5219.23,14401.25,0,0,0.0000
3012,5161.92,13964.44,0,0,0.0000
3013,4741.32,14046.78,0,0,0.0000
3014,5137.33,14487.63,0,0,0.0000
3015,5332.12,14651.57,0,0,0.0000
3016,5095.88,14205.64,0,0,0.0000
3017,5010.72,14572.19,0,0,0.0000
3018,5171.06,14343.51,NaN,NaN,NaN
3019,5213.77,14295.72,0,0,0.0000
3020,5278.95,14301.60,0,0,0.0000
3021,5196.31,14114.78,0,0,0.0000
3022,5200.60,14496.01,0,0,0.0000
3023,4877.60,14235.78,0,0,0.0000
3024,5202.25,14184.84,0,0,0.0000
3025,5308.91,14203.53,0,0,0.0000
3026,5494.38,14392.27,0,0,0.0000
3027,5282.18,14685.30,0,0,0.0000
3028,5316.85,14335.95,0,0,0.0000
3029,5284.83,14022.23,0,0,0.0000
3030,5098.77,14092.12,0,0,0.0000
3031,5222.97,13976.48,0,0,0.0000
3032,5184.72,14062.58,0,0,0.0000
3033,5136.38,14253.28,NaN,NaN,NaN
3034,5408.16,14040.22,0,0,0.0000
3035,5140.31,14303.05,NaN,NaN,NaN
3036,5437.04,14057.82,0,0,0.0000
3037,5301.57,14269.99,0,0,0.0000
3038,5051.52,14616.70,0,0,0.0000
3039,5235.39,14074.31,0,0,0.0000
3040,5049.36,14204.59,0,0,0.0000
3041,4925.95,14074.09,NaN,NaN,NaN
3042,5113.97,14432.77,NaN,NaN,NaN
3043,5426.61,14357.52,0,0,0.0000
3044,5079.92,14410.11,NaN,NaN,NaN
3045,5141.22,14059.40,0,0,0.0000
3046,5287.29,14119.70,0,0,0.0000
3047,5371.51,14026.66,0,0,0.0000
3048,5290.49,14073.07,0,0,0.0000
3049,5155.45,14214.94,0,0,0.0000
3050,5062.27,14382.19,2,3,0.0000
3051,5129.39,14343.62,NaN,NaN,NaN
3052,5335.17,14050.61,0,0,0.0000
3053,4798.84,14037.52,0,0,0.0000
3054,5310.24,14525.94,0,0,0.0000
3055,5102.08,14588.58,0,0,0.0000
3056,5105.24,14389.78,NaN,NaN,NaN
3057,5151.41,14174.70,0,0,0.0000
3058,5033.63,14352.96,0,0,0.0000
3059,5039.15,14412.99,0,0,0.0000
3060,5629.14,14434.41,0,0,0.0000
3061,5554.86,14309.80,0,0,0.0000
3062,5509.78,14528.20,0,0,0.0000
3063,5526.64,14104.16,0,0,0.0000
3064,5879.11,14668.80,0,0,0.0000
3065,6044.80,14456.86,0,0,0.0000
3066,5638.68,14575.61,0,0,0.0000
3067,5795.22,14529.91,0,0,0.0000
3068,5698.95,14707.28,0,0,0.0000
3069,5595.48,14642.17,0,0,0.0000
3070,5772.28,14345.83,NaN,NaN,NaN
3071,5763.80,14643.52,0,0,0.0000
3072,5705.03,14216.45,0,0,0.0000
3073,5851.04,14402.32,0,0,0.0000
3074,5811.81,14438.94,0,0,0.0000
3075,5683.67,14628.22,0,0,0.0000
3076,5518.43,14597.24,0,0,0.0000
3077,5693.99,14344.58,0,0,0.0000
3078,5985.60,14458.53,0,0,0.0000
3079,5640.66,14180.25,0,0,0.0000
3080,5564.63,14201.82,0,0,0.0000
3081,5979.02,14575.10,0,0,0.0000
3082,5617.69,14105.60,0,0,0.0000
3083,5721.51,14393.57,NaN,NaN,NaN
3084,5979.00,14683.92,0,0,0.0000
3085,6040.84,14625.93,0,0,0.0000
3086,5750.74,14509.14,0,0,0.0000
3087,6078.69,14612.87,0,0,0.0000
3088,5639.45,14701.31,0,0,0.0000
3089,6103.33,13969.22,NaN,NaN,NaN
3090,6056.25,14684.85,0,0,0.0000
3091,6039.52,14560.97,0,0,0.0000
3092,5733.66,14261.88,0,0,0.0000
3093,5972.42,14629.80,NaN,NaN,NaN
3094,5940.77,14694.42,0,0,0.0000
3095,5681.64,14521.41,0,0,0.0000
3096,6102.71,14556.85,0,0,0.0000
3097,6090.47,14504.59,0,0,0.0000
3098,6106.28,14010.28,0,0,0.0000
3099,5714.92,14554.29,0,0,0.0000
3100,5561.15,14456.84,0,0,0.0000
3101,6075.83,14547.47,0,0,0.0000
3102,6030.40,14598.62,0,0,0.0000
3103,5628.35,14300.26,0,0,0.0000
3104,5603.49,14157.26,0,0,0.0000
3105,6289.17,14209.34,0,0,0.0000
3106,6655.33,14569.36,0,0,0.0000
3107,6545.07,14613.41,0,0,0.0000
3108,6703.00,13993.49,0,0,0.0000
3109,6282.71,14158.77,0,0,0.0000
3110,326.83,14992.23,NaN,NaN,NaN
3111,257.69,14840.08,NaN,NaN,NaN
3112,686.27,14973.41,0,0,0.0000
3113,767.95,14885.25,0,0,0.0000
3114,314.68,14898.14,0,0,0.0000
3115,468.22,14750.07,0,0,0.0000
3116,863.01,14737.90,0,0,0.0000
3117,657.04,14803.59,NaN,NaN,NaN
3118,368.66,14782.45,0,0,0.0000
3119,391.36,14878.30,0,0,0.0000
3120,45.47,14944.79,NaN,NaN,NaN
3121,549.39,14742.41,0,0,0.0000
3122,818.57,14798.03,2,3,0.0000
3123,754.14,14724.20,3,3,0.0000
3124,824.04,14953.57,NaN,NaN,NaN
3125,421.23,14918.37,0,0,0.0000
3126,587.16,14955.09,0,0,0.0000
3127,541.64,14816.93,NaN,NaN,NaN
3128,714.30,14833.14,0,0,0.0000
3129,466.54,14909.61,NaN,NaN,NaN
3130,560.03,14879.57,0,0,0.0000
3131,421.35,14757.00,0,0,0.0000
3132,653.56,14873.63,0,0,0.0000
3133,633.80,14747.94,0,0,0.0000
3134,613.58,14915.50,0,0,0.0000
3135,469.45,14974.99,0,0,0.0000
3136,505.49,14912.82,0,0,0.0000
3137,725.98,14783.52,0,0,0.0000
3138,485.25,14840.85,NaN,NaN,NaN
3139,39.56,14881.80,0,0,0.0000
3140,672.83,14918.96,0,0,0.0000
3141,450.96,14831.37,NaN,NaN,NaN
3142,542.28,14916.94,0,0,0.0000
3143,546.33,14972.76,0,0,0.0000
3144,1396.07,14878.28,0,0,0.0000
3145,1390.54,14747.19,NaN,NaN,NaN
3146,1607.93,14935.01,0,0,0.0000
3147,1582.72,14755.67,4,4,0.0000
3148,1233.91,14790.62,2,1,0.0000
3149,1222.89,14928.58,2,4,2.0000
3150,1310.97,15179.81,0,0,0.0000
3151,1174.99,15036.49,0,0,0.0000
3152,1058.32,14855.58,4,2,0.0000
3153,1417.87,15170.62,0,0,0.0000
3154,1323.42,15005.97,0,0,0.0000
3155,1343.34,15099.80,0,0,0.0000
3156,1404.24,15025.52,0,0,0.0000
3157,1494.64,14777.64,NaN,NaN,NaN
3158,1570.70,15008.75,0,0,0.0000
3159,1577.03,15092.63,0,0,0.0000
3160,1154.36,14803.75,NaN,NaN,NaN
3161,1118.84,14741.40,NaN,NaN,NaN
3162,1498.73,15033.12,0,0,0.0000
3163,976.84,14854.12,0,0,0.0000
3164,1291.92,14858.93,0,0,0.0000
3165,1029.16,14798.64,NaN,NaN,NaN
3166,1515.25,14846.30,0,0,0.0000
3167,1163.06,14950.89,NaN,NaN,NaN
3168,1468.29,15102.73,0,0,0.0000
3169,956.20,14787.44,0,0,0.0000
3170,1535.78,14935.62,0,0,0.0000
3171,1231.42,15188.27,0,0,0.0000
3172,1128.92,14966.96,0,0,0.0000
3173,1089.02,14792.76,NaN,NaN,NaN
3174,1842.65,14834.79,NaN,NaN,NaN
3175,2069.05,15457.06,NaN,NaN,NaN
3176,1700.93,14771.95,NaN,NaN,NaN
3177,2103.09,14804.29,NaN,NaN,NaN
3178,1936.09,14839.50,NaN,NaN,NaN
3179,1990.69,14875.94,NaN,NaN,NaN
3180,2321.73,15345.30,0,0,0.0000
3181,1696.81,14971.92,0,0,0.0000
3182,2346.08,15475.10,NaN,NaN,NaN
3183,1764.64,14872.04,NaN,NaN,NaN
3184,2336.61,15264.18,0,0,0.0000
3185,2382.91,15409.59,2,4,2.0000
3186,2195.43,14732.76,0,0,0.0000
3187,2036.40,14903.48,0,0,0.0000
3188,2251.34,15420.42,NaN,NaN,NaN
3189,2147.53,14808.82,0,0,0.0000
3190,1946.40,15435.84,0,0,0.0000
3191,1880.24,14933.07,0,0,0.0000
3192,1925.63,14744.17,NaN,NaN,NaN
3193,2187.45,15429.44,0,0,0.0000
3194,1793.46,14762.70,2,4,2.0000
3195,2233.16,15475.96,0,0,0.0000
3196,2171.39,15458.83,0,0,0.0000
3197,3163.98,15073.98,0,0,0.0000
3198,2746.60,15302.16,2,4,2.0000
3199,2609.65,15466.00,NaN,NaN,NaN
3200,3039.62,15292.02,2,4,2.0000
3201,3187.59,14932.41,0,0,0.0000
3202,2497.20,15414.70,3,3,0.0000
3203,3134.84,14961.54,0,0,0.0000
3204,2960.50,15196.20,NaN,NaN,NaN
3205,2922.99,15426.82,NaN,NaN,NaN
3206,2625.34,15387.17,2,3,0.0000
3207,2540.28,15310.53,0,0,0.0000
3208,2807.05,15167.09,0,0,0.0000
3209,2444.49,15353.41,0,0,0.0000
3210,3042.25,14792.44,0,0,0.0000
3211,2844.77,15479.79,0,0,0.0000
3212,2990.45,14976.59,0,0,0.0000
3213,2759.72,15063.67,2,2,0.0000
3214,2729.74,15145.39,0,0,0.0000
3215,2449.74,15267.86,NaN,NaN,NaN
3216,3152.49,14740.84,0,0,0.0000
3217,2573.22,15190.44,0,0,0.0000
3218,2897.87,15271.32,2,2,0.0000
3219,3010.10,14914.64,0,0,0.0000
3220,2572.43,15250.42,0,0,0.0000
3221,3159.57,14826.17,0,0,0.0000
3222,3060.72,14872.00,0,0,0.0000
3223,2780.64,15443.79,NaN,NaN,NaN
3224,2636.27,15280.41,NaN,NaN,NaN
3225,2638.26,15088.05,0,0,0.0000
3226,2991.00,15381.82,NaN,NaN,NaN
3227,3063.39,14832.64,0,0,0.0000
3228,2695.26,15457.37,NaN,NaN,NaN
3229,2827.44,14795.52,0,0,0.0000
3230,2494.80,15209.70,0,0,0.0000
3231,3080.83,15059.64,0,0,0.0000
3232,3079.33,14932.23,0,0,0.0000
3233,2883.51,15176.36,NaN,NaN,NaN
3234,3114.90,14808.71,0,0,0.0000
3235,2958.86,15307.83,0,0,0.0000
3236,2844.49,15313.92,NaN,NaN,NaN
3237,2736.16,14822.43,0,0,0.0000
3238,2656.83,15223.58,0,0,0.0000
3239,2611.42,15311.12,NaN,NaN,NaN
3240,2718.11,15221.87,0,0,0.0000
3241,3093.97,15145.58,0,0,0.0000
3242,2987.60,15427.17,3,3,0.0000
3243,3079.91,15247.78,0,0,0.0000
3244,2532.59,15081.28,NaN,NaN,NaN
3245,2604.02,15113.05,0,0,0.0000
3246,2623.32,15154.42,0,0,0.0000
3247,2850.23,15123.64,0,0,0.0000
3248,3073.16,14980.10,0,0,0.0000
3249,2654.38,15020.93,0,0,0.0000
3250,2958.53,15347.15,0,0,0.0000
3251,2631.88,15003.79,0,0,0.0000
3252,3695.13,15046.33,0,0,0.0000
3253,3682.56,14768.40,0,0,0.0000
3254,3386.57,15071.84,0,0,0.0000
3255,3259.53,15140.88,0,0,0.0000
3256,3477.95,14966.29,NaN,NaN,NaN
3257,3791.77,14794.09,3,1,0.0000
3258,3796.07,15295.92,0,0,0.0000
3259,3676.68,14910.00,0,0,0.0000
3260,3403.12,15207.74,0,0,0.0000
3261,3478.80,14854.04,4,5,0.0000
3262,3585.58,14913.07,NaN,NaN,NaN
3263,3669.75,15236.27,NaN,NaN,NaN
3264,3512.12,15144.31,NaN,NaN,NaN
3265,3457.76,15060.94,0,0,0.0000
3266,3801.31,15013.63,0,0,0.0000
3267,3863.33,14982.77,2,3,0.0000
3268,3917.46,15225.54,0,0,0.0000
3269,3927.56,15082.05,NaN,NaN,NaN
3270,3401.91,14846.20,NaN,NaN,NaN
3271,3759.05,14917.21,0,0,0.0000
3272,3548.21,15049.04,0,0,0.0000
3273,3271.24,14917.76,0,0,0.0000
3274,3296.28,14777.17,0,0,0.0000
3275,3779.08,15207.44,0,0,0.0000
3276,3696.02,15142.29,0,0,0.0000
3277,3304.03,15033.40,0,0,0.0000
3278,3691.34,15424.99,0,0,0.0000
3279,3837.12,15141.80,0,0,0.0000
3280,3605.88,15184.48,NaN,NaN,NaN
3281,3526.55,15255.91,NaN,NaN,NaN
3282,3858.36,15214.93,0,0,0.0000
3283,3328.17,15099.14,0,0,0.0000
3284,3584.58,14832.27,NaN,NaN,NaN
3285,3216.49,14836.55,0,0,0.0000
3286,3304.78,14977.48,0,0,0.0000
3287,3553.81,15107.16,NaN,NaN,NaN
3288,3392.43,14737.78,0,0,0.0000
3289,3789.21,15138.44,0,0,0.0000
3290,3846.84,14867.64,0,0,0.0000
3291,3235.38,14790.22,0,0,0.0000
3292,3964.37,15185.69,NaN,NaN,NaN
3293,3863.06,14907.21,0,0,0.0000
3294,3621.69,15063.04,0,0,0.0000
3295,3352.53,15193.01,0,0,0.0000
3296,3740.27,14991.94,0,0,0.0000
3297,3675.05,15478.61,0,0,0.0000
3298,3706.94,14837.10,0,0,0.0000
3299,3305.10,14864.45,0,0,0.0000
3300,3484.76,15174.01,0,0,0.0000
3301,3705.58,15331.89,0,0,0.0000
3302,3457.68,15263.89,NaN,NaN,NaN
3303,3923.31,15144.88,0,0,0.0000
3304,3693.31,15191.96,0,0,0.0000
3305,3586.73,14989.73,0,0,0.0000
3306,3759.58,15055.04,0,0,0.0000
3307,3738.97,15414.21,0,0,0.0000
3308,3620.67,15332.45,0,0,0.0000
3309,3753.84,15341.53,0,0,0.0000
3310,4073.30,15185.89,0,0,0.0000
3311,4204.30,15073.67,0,0,0.0000
3312,4231.20,14725.40,0,0,0.0000
3313,4355.61,14840.90,0,0,0.0000
3314,4525.64,14927.65,0,0,0.0000
3315,4213.57,14883.38,0,0,0.0000
3316,3999.53,15259.94,0,0,0.0000
3317,4020.07,14966.81,0,0,0.0000
3318,4082.20,14992.44,0,0,0.0000
3319,4202.44,15155.06,0,0,0.0000
3320,4591.31,15020.07,0,0,0.0000
3321,4249.82,14830.63,0,0,0.0000
3322,4692.27,14854.04,NaN,NaN,NaN
3323,4377.26,15067.17,0,0,0.0000
3324,4038.80,15116.02,0,0,0.0000
3325,4294.35,14954.97,0,0,0.0000
3326,4705.71,14772.34,0,0,0.0000
3327,4667.85,14948.53,0,0,0.0000
3328,3978.77,15107.06,0,0,0.0000
3329,4439.42,14843.88,0,0,0.0000
3330,4525.06,15063.03,0,0,0.0000
3331,4167.58,14945.82,0,0,0.0000
3332,4725.50,14895.87,NaN,NaN,NaN
3333,4734.87,14728.05,0,0,0.0000
3334,4478.95,15024.65,0,0,0.0000
3335,4105.66,15079.82,0,0,0.0000
3336,4353.51,14948.31,0,0,0.0000
3337,4624.12,14850.77,0,0,0.0000
3338,4435.22,14892.42,0,0,0.0000
3339,4628.42,14915.12,0,0,0.0000
3340,4160.12,14725.90,0,0,0.0000
3341,4577.04,14895.20,0,0,0.0000
3342,4610.73,14952.58,0,0,0.0000
3343,4458.42,14774.58,0,0,0.0000
3344,4715.83,14940.68,0,0,0.0000
3345,4280.69,14789.37,0,0,0.0000
3346,4487.55,14836.08,0,0,0.0000
3347,4320.23,14781.04,0,0,0.0000
3348,4531.65,15011.06,0,0,0.0000
3349,5367.21,15241.77,0,0,0.0000
3350,4815.38,15471.04,NaN,NaN,NaN
3351,5216.61,14787.95,0,0,0.0000
3352,5280.37,14884.37,0,0,0.0000
3353,5421.86,14877.87,0,0,0.0000
3354,4906.24,15479.35,NaN,NaN,NaN
3355,5358.86,14739.06,0,0,0.0000
3356,5201.41,14863.88,0,0,0.0000
3357,5459.08,14787.99,0,0,0.0000
3358,5461.19,15318.32,0,0,0.0000
3359,5283.60,14795.43,0,0,0.0000
3360,4897.24,15440.75,2,3,0.0000
3361,5129.02,14744.82,NaN,NaN,NaN
3362,5493.76,15448.53,0,0,0.0000
3363,5377.40,14803.10,0,0,0.0000
3364,5452.14,15448.65,0,0,0.0000
3365,5480.54,14900.07,0,0,0.0000
3366,5377.87,15089.73,0,0,0.0000
3367,4951.15,15385.31,NaN,NaN,NaN
3368,5375.16,14849.85,0,0,0.0000
3369,5462.98,15062.40,0,0,0.0000
3370,5500.27,14837.35,0,0,0.0000
3371,5264.50,14739.11,0,0,0.0000
3372,5239.61,14892.70,0,0,0.0000
3373,5395.90,15377.39,0,0,0.0000
3374,5401.28,14755.23,0,0,0.0000
3375,4784.90,15440.24,0,0,0.0000
3376,5415.35,15330.44,0,0,0.0000
3377,5233.87,14844.24,0,0,0.0000
3378,4771.19,14792.15,0,0,0.0000
3379,4757.93,14850.15,0,0,0.0000
3380,5161.01,14806.20,0,0,0.0000
3381,6118.47,15452.47,0,0,0.0000
3382,5716.66,15320.79,0,0,0.0000
3383,5563.64,15374.36,0,0,0.0000
3384,5557.93,14746.85,0,0,0.0000
3385,6048.54,15227.11,0,0,0.0000
3386,5610.77,15119.63,0,0,0.0000
3387,5818.20,14857.19,NaN,NaN,NaN
3388,6060.23,14908.42,0,0,0.0000
3389,5941.13,14781.33,0,0,0.0000
3390,5642.43,15434.49,0,0,0.0000
3391,5861.24,15284.49,0,0,0.0000
3392,6018.74,14776.32,0,0,0.0000
3393,6128.68,14872.56,0,0,0.0000
3394,5620.56,15323.34,0,0,0.0000
3395,5620.04,14816.38,0,0,0.0000
3396,5740.85,14800.58,0,0,0.0000
3397,5676.50,15243.18,0,0,0.0000
3398,5617.04,15228.37,0,0,0.0000
3399,5715.91,14887.54,0,0,0.0000
3400,5870.49,14737.15,0,0,0.0000
3401,5830.98,15347.66,0,0,0.0000
3402,6037.15,14827.42,0,0,0.0000
3403,5898.34,15203.31,0,0,0.0000
3404,5987.14,15374.70,0,0,0.0000
3405,5993.87,15166.96,0,0,0.0000
3406,5912.99,15069.65,0,0,0.0000
3407,5783.17,15362.24,0,0,0.0000
3408,5948.82,14889.84,0,0,0.0000
3409,6075.74,15380.05,0,0,0.0000
3410,5577.31,14891.68,0,0,0.0000
3411,6043.34,15332.03,0,0,0.0000
3412,6023.09,15093.02,0,0,0.0000
3413,6107.49,15307.77,0,0,0.0000
3414,6070.33,15068.14,0,0,0.0000
3415,5989.89,15243.49,0,0,0.0000
3416,6033.20,15040.01,0,0,0.0000
3417,5683.21,15193.85,0,0,0.0000
3418,5809.26,14744.53,0,0,0.0000
3419,5702.82,15460.04,0,0,0.0000
3420,6000.98,15327.93,0,0,0.0000
3421,5771.77,15194.59,0,0,0.0000
3422,5906.45,15018.53,0,0,0.0000
3423,6132.07,15379.08,0,0,0.0000
3424,5872.24,15105.95,0,0,0.0000
3425,5890.92,15252.65,0,0,0.0000
3426,5746.55,14759.94,0,0,0.0000
3427,5689.30,14851.28,0,0,0.0000
3428,5763.39,15420.94,0,0,0.0000
3429,5995.52,14955.22,0,0,0.0000
3430,5559.35,14842.38,0,0,0.0000
3431,5885.39,14848.54,0,0,0.0000
3432,6029.14,14992.23,0,0,0.0000
3433,5963.24,15119.24,0,0,0.0000
3434,5625.75,14885.06,0,0,0.0000
3435,5876.93,14906.00,0,0,0.0000
3436,5571.27,15269.18,0,0,0.0000
3437,5854.42,14799.99,0,0,0.0000
3438,5724.55,15142.93,0,0,0.0000
3439,5644.45,15387.73,0,0,0.0000
3440,6028.70,15141.23,0,0,0.0000
3441,5835.49,15082.80,0,0,0.0000
3442,5908.11,15379.64,0,0,0.0000
3443,5969.50,14919.45,0,0,0.0000
3444,7298.86,15310.76,2,3,0.0000
3445,7276.67,15181.25,2,2,0.0000
3446,7725.61,15276.91,0,0,0.0000
3447,7584.86,15482.13,0,0,0.0000
3448,7239.17,15281.88,NaN,NaN,NaN
3449,7593.60,15426.84,0,0,0.0000
3450,7106.08,15114.77,0,0,0.0000
3451,7277.99,15380.80,NaN,NaN,NaN
3452,7346.37,15310.86,0,0,0.0000
3453,7184.53,14838.67,0,0,0.0000
3454,7683.61,15192.73,2,3,0.0000
3455,7293.86,15234.06,0,0,0.0000
3456,7656.87,15445.67,0,0,0.0000
3457,8426.16,15312.63,2,1,0.0000
3458,8554.33,15471.75,4,5,0.0000
3459,8445.29,15428.93,6,9,0.0000
3460,7971.46,15362.12,NaN,NaN,NaN
3461,8316.38,15297.70,3,2,0.0000
3462,8537.22,15237.66,4,6,0.0000
3463,8539.35,15374.71,7,8,0.0000
3464,8459.12,15241.42,4,6,0.0000
3465,7931.30,15405.39,2,3,0.0000
3466,8574.26,15306.00,NaN,NaN,NaN
3467,8283.45,15175.96,NaN,NaN,NaN
3468,8257.16,15011.97,0,0,0.0000
3469,8287.95,15130.96,0,0,0.0000
3470,7863.02,15379.50,2,1,0.0000
3471,8007.13,15332.28,NaN,NaN,NaN
3472,8312.93,15086.17,0,0,0.0000
3473,7918.70,15186.21,0,0,0.0000
3474,8345.95,15090.80,0,0,0.0000
3475,7873.37,15288.18,0,0,0.0000
3476,8530.70,15312.65,NaN,NaN,NaN
3477,8335.66,15386.95,2,3,0.0000
3478,7967.44,15283.34,NaN,NaN,NaN
3479,8328.54,15356.49,NaN,NaN,NaN
3480,8351.07,15441.93,NaN,NaN,NaN
3481,8828.20,15470.84,NaN,NaN,NaN
3482,8642.13,15318.04,3,4,0.0000
3483,8761.00,15483.08,2,4,2.0000
3484,8627.28,15388.07,0,0,0.0000
3485,8653.23,15475.51,3,3,0.0000
3486,8692.08,15456.64,2,3,0.0000
3487,8695.25,15253.53,2,4,2.0000
3488,8714.59,15333.31,NaN,NaN,NaN
3489,8669.29,15311.51,NaN,NaN,NaN
3490,484.71,16202.67,0,0,0.0000
3491,429.31,16160.99,NaN,NaN,NaN
3492,590.94,16233.88,NaN,NaN,NaN
3493,346.80,16158.97,NaN,NaN,NaN
3494,185.38,15924.00,NaN,NaN,NaN
3495,112.53,15864.11,0,0,0.0000
3496,123.10,15941.24,NaN,NaN,NaN
3497,357.55,16085.96,NaN,NaN,NaN
3498,266.01,16019.32,5,7,0.0000
3499,155.76,15881.44,NaN,NaN,NaN
3500,52.81,15970.41,NaN,NaN,NaN
3501,2431.47,15769.23,3,4,0.0000
3502,2225.34,15687.62,2,5,2.5000
3503,2058.50,16016.18,0,0,0.0000
3504,2319.88,15921.28,0,0,0.0000
3505,2334.85,15775.18,NaN,NaN,NaN
3506,2303.23,16200.31,2,3,0.0000
3507,2427.18,15514.27,0,0,0.0000
3508,2123.72,15618.20,NaN,NaN,NaN
3509,2386.19,16071.60,0,0,0.0000
3510,2052.81,16193.16,0,0,0.0000
3511,2420.81,16190.86,2,4,2.0000
3512,2273.59,15519.90,0,0,0.0000
3513,1886.53,15742.85,NaN,NaN,NaN
3514,1980.83,15898.33,NaN,NaN,NaN
3515,2162.21,15542.98,0,0,0.0000
3516,2273.40,15818.79,2,2,0.0000
3517,1949.96,16111.22,0,0,0.0000
3518,2082.76,15697.21,0,0,0.0000
3519,1878.70,16021.44,0,0,0.0000
3520,2304.19,16005.26,0,0,0.0000
3521,2140.33,16191.31,0,0,0.0000
3522,2302.11,16071.72,NaN,NaN,NaN
3523,2201.38,16173.73,0,0,0.0000
3524,1971.57,15775.89,0,0,0.0000
3525,2111.52,15762.41,2,3,0.0000
3526,2211.63,15952.60,0,0,0.0000
3527,2207.34,16084.49,2,2,0.0000
3528,2031.08,15577.27,NaN,NaN,NaN
3529,2217.44,15863.62,0,0,0.0000
3530,2213.93,16024.00,NaN,NaN,NaN
3531,2340.43,15558.97,0,0,0.0000
3532,2330.49,15654.93,NaN,NaN,NaN
3533,2139.16,15844.69,NaN,NaN,NaN
3534,1717.75,15855.86,0,0,0.0000
3535,1955.88,16186.82,0,0,0.0000
3536,1899.50,15658.42,NaN,NaN,NaN
3537,1875.59,15892.03,3,3,0.0000
3538,1979.35,16030.03,0,0,0.0000
3539,1780.22,15959.55,NaN,NaN,NaN
3540,1838.18,15780.69,NaN,NaN,NaN
3541,2069.14,15897.59,NaN,NaN,NaN
3542,1726.94,15661.48,NaN,NaN,NaN
3543,2388.30,15979.48,0,0,0.0000
3544,1857.39,16140.70,0,0,0.0000
3545,2250.40,16128.87,2,2,0.0000
3546,2379.43,15670.52,0,0,0.0000
3547,2039.78,15749.74,0,0,0.0000
3548,2009.76,15656.55,3,4,0.0000
3549,2120.53,16041.89,0,0,0.0000
3550,1837.77,16023.90,NaN,NaN,NaN
3551,2091.71,15821.45,NaN,NaN,NaN
3552,2128.21,16130.49,0,0,0.0000
3553,1923.09,15832.65,NaN,NaN,NaN
3554,2031.38,16111.77,0,0,0.0000
3555,1898.86,16175.79,0,0,0.0000
3556,2387.61,15912.00,0,0,0.0000
3557,2419.95,15618.69,2,1,0.0000
3558,1778.94,15745.00,3,6,2.0000
3559,1859.40,15571.45,2,1,0.0000
3560,1760.96,15683.66,NaN,NaN,NaN
3561,1944.69,15606.36,NaN,NaN,NaN
3562,1789.14,15821.60,0,0,0.0000
3563,1841.25,16087.22,0,0,0.0000
3564,1791.81,16177.21,NaN,NaN,NaN
3565,1815.44,15987.32,2,2,0.0000
3566,2262.71,15931.99,0,0,0.0000
3567,1889.71,15962.41,0,0,0.0000
3568,2118.59,15507.71,0,0,0.0000
3569,1950.48,15992.03,0,0,0.0000
3570,1779.72,15917.15,0,0,0.0000
3571,2937.10,15544.64,NaN,NaN,NaN
3572,2544.10,15725.35,NaN,NaN,NaN
3573,2542.47,15952.25,2,3,0.0000
3574,2672.07,15673.98,2,3,0.0000
3575,2851.24,15973.78,0,0,0.0000
3576,2775.60,16081.99,0,0,0.0000
3577,2848.14,15829.77,0,0,0.0000
3578,2775.18,15971.89,0,0,0.0000
3579,2531.11,15502.09,0,0,0.0000
3580,2588.16,15603.62,0,0,0.0000
3581,2633.59,16054.92,0,0,0.0000
3582,2668.57,15929.27,0,0,0.0000
3583,2442.60,15886.89,0,0,0.0000
3584,2764.77,15697.43,0,0,0.0000
3585,2979.27,16112.18,0,0,0.0000
3586,2977.05,15680.04,NaN,NaN,NaN
3587,2929.00,16046.44,0,0,0.0000
3588,2756.97,15543.05,NaN,NaN,NaN
3589,2758.06,15807.53,0,0,0.0000
3590,2992.36,15781.17,NaN,NaN,NaN
3591,2763.60,16219.12,0,0,0.0000
3592,2447.71,16029.47,0,0,0.0000
3593,3167.05,15675.59,NaN,NaN,NaN
3594,2966.33,16237.91,0,0,0.0000
3595,2510.87,16229.76,0,0,0.0000
3596,3185.51,15766.07,0,0,0.0000
3597,3007.12,15982.70,0,0,0.0000
3598,2485.78,16105.43,0,0,0.0000
3599,2610.83,16159.23,0,0,0.0000
3600,3086.41,15719.01,NaN,NaN,NaN
3601,3075.07,15874.91,NaN,NaN,NaN
3602,2730.22,15898.28,0,0,0.0000
3603,2553.18,16131.04,0,0,0.0000
3604,2713.05,16009.09,0,0,0.0000
3605,3067.38,16060.56,0,0,0.0000
3606,2845.41,15621.76,2,3,0.0000
3607,2885.93,16219.83,0,0,0.0000
3608,2885.27,16117.30,0,0,0.0000
3609,2914.74,15706.02,2,0,0.0000
3610,2929.90,15854.57,0,0,0.0000
3611,2465.65,16143.20,0,0,0.0000
3612,2954.13,15902.17,0,0,0.0000
3613,2817.80,16155.28,0,0,0.0000
3614,2630.57,15821.46,0,0,0.0000
3615,3089.45,15957.38,0,0,0.0000
3616,2956.64,16172.36,0,0,0.0000
3617,2797.55,15889.36,0,0,0.0000
3618,2530.50,15844.21,0,0,0.0000
3619,2714.31,15591.94,2,1,0.0000
3620,3135.82,15591.28,NaN,NaN,NaN
3621,2913.28,15948.37,0,0,0.0000
3622,3063.43,16145.16,0,0,0.0000
3623,2710.57,16145.29,0,0,0.0000
3624,2791.71,15621.49,0,0,0.0000
3625,2616.85,15696.80,2,2,0.0000
3626,2984.64,15861.42,0,0,0.0000
3627,3041.13,16180.75,0,0,0.0000
3628,2843.89,16069.31,0,0,0.0000
3629,2459.12,15672.45,0,0,0.0000
3630,2499.85,15641.48,0,0,0.0000
3631,2647.04,15557.68,NaN,NaN,NaN
3632,3134.69,15939.15,NaN,NaN,NaN
3633,2727.23,15633.27,0,0,0.0000
3634,3147.30,15876.47,NaN,NaN,NaN
3635,2485.37,15589.85,NaN,NaN,NaN
3636,2703.62,15832.38,0,0,0.0000
3637,3081.54,15785.53,0,0,0.0000
3638,2663.61,15782.78,0,0,0.0000
3639,3023.31,15837.49,0,0,0.0000
3640,3025.18,15891.58,0,0,0.0000
3641,2882.78,16162.32,0,0,0.0000
3642,2960.57,15935.83,0,0,0.0000
3643,2869.87,15893.29,0,0,0.0000
3644,3722.39,16252.70,0,0,0.0000
3645,3746.33,16205.24,0,0,0.0000
3646,4664.95,15872.99,0,0,0.0000
3647,4541.39,16184.93,0,0,0.0000
3648,4656.69,16086.37,0,0,0.0000
3649,4634.13,16237.95,0,0,0.0000
3650,4391.82,16109.76,0,0,0.0000
3651,4198.38,16210.48,0,0,0.0000
3652,4481.47,16095.46,0,0,0.0000
3653,4519.03,15877.84,0,0,0.0000
3654,4605.44,15961.52,0,0,0.0000
3655,4490.61,16021.15,0,0,0.0000
3656,4674.37,15697.19,0,0,0.0000
3657,4674.76,15791.29,0,0,0.0000
3658,4451.51,16165.02,0,0,0.0000
3659,4312.20,16180.79,0,0,0.0000
3660,4726.43,16011.00,0,0,0.0000
3661,4662.64,15617.17,0,0,0.0000
3662,4404.41,15975.92,0,0,0.0000
3663,4715.68,15718.81,0,0,0.0000
3664,4510.76,15952.51,0,0,0.0000
3665,4308.00,16133.83,0,0,0.0000
3666,4404.88,16060.08,0,0,0.0000
3667,4528.48,16085.91,0,0,0.0000
3668,4637.72,16000.22,0,0,0.0000
3669,4511.03,15923.42,0,0,0.0000
3670,4603.98,15802.49,0,0,0.0000
3671,4557.93,15983.52,0,0,0.0000
3672,4591.63,16098.34,0,0,0.0000
3673,4732.55,15966.03,0,0,0.0000
3674,4389.43,16155.51,0,0,0.0000
3675,4699.34,15644.48,0,0,0.0000
3676,4614.81,15734.78,0,0,0.0000
3677,4633.83,16033.64,0,0,0.0000
3678,4708.91,15592.04,0,0,0.0000
3679,4699.32,15975.13,0,0,0.0000
3680,4305.64,16059.40,0,0,0.0000
3681,4566.19,16031.91,0,0,0.0000
3682,4711.56,15562.55,0,0,0.0000
3683,5339.30,16164.97,NaN,NaN,NaN
3684,4785.44,15638.47,0,0,0.0000
3685,5001.32,15548.36,NaN,NaN,NaN
3686,4842.42,16201.34,NaN,NaN,NaN
3687,4742.67,16243.97,NaN,NaN,NaN
3688,4752.10,16120.90,NaN,NaN,NaN
3689,4860.76,15802.40,0,0,0.0000
3690,4964.70,15847.62,NaN,NaN,NaN
3691,5002.07,16061.95,0,0,0.0000
3692,4872.64,15973.62,NaN,NaN,NaN
3693,4922.79,15692.59,0,0,0.0000
3694,5004.60,16169.04,0,0,0.0000
3695,5176.90,15736.31,0,0,0.0000
3696,4911.82,15596.82,NaN,NaN,NaN
3697,5086.46,15868.23,0,0,0.0000
3698,5042.99,15965.00,0,0,0.0000
3699,4920.31,16212.34,0,0,0.0000
3700,5161.73,16173.81,0,0,0.0000
3701,5387.41,15907.17,0,0,0.0000
3702,5415.89,15622.38,0,0,0.0000
3703,4747.60,15754.49,0,0,0.0000
3704,5146.02,16243.91,0,0,0.0000
3705,5022.06,15711.01,0,0,0.0000
3706,5463.21,16041.38,0,0,0.0000
3707,5453.37,15899.38,0,0,0.0000
3708,5184.58,15929.22,NaN,NaN,NaN
3709,5406.57,15830.64,0,0,0.0000
3710,5482.57,15848.76,NaN,NaN,NaN
3711,5220.40,15991.97,0,0,0.0000
3712,4803.01,16048.90,NaN,NaN,NaN
3713,4758.29,15814.13,0,0,0.0000
3714,5199.54,15677.83,NaN,NaN,NaN
3715,5253.11,16075.26,0,0,0.0000
3716,5334.03,15849.64,0,0,0.0000
3717,5265.05,15874.95,0,0,0.0000
3718,5221.10,16196.59,0,0,0.0000
3719,5433.27,15974.19,0,0,0.0000
3720,5130.60,15772.34,0,0,0.0000
3721,5059.92,15729.96,0,0,0.0000
3722,4963.98,15627.32,0,0,0.0000
3723,5252.04,16039.51,0,0,0.0000
3724,5458.99,16116.47,0,0,0.0000
3725,4990.81,15658.93,0,0,0.0000
3726,5328.29,16029.13,0,0,0.0000
3727,5114.51,15717.88,NaN,NaN,NaN
3728,5392.27,15709.72,0,0,0.0000
3729,4752.27,15573.43,0,0,0.0000
3730,5343.86,15992.49,0,0,0.0000
3731,4932.13,16015.04,0,0,0.0000
3732,4812.67,15528.00,0,0,0.0000
3733,4876.61,16125.77,0,0,0.0000
3734,5209.45,16116.44,0,0,0.0000
3735,5287.94,15824.87,0,0,0.0000
3736,5232.05,15916.19,NaN,NaN,NaN
3737,5328.12,16249.22,0,0,0.0000
3738,5040.78,16221.91,0,0,0.0000
3739,5113.86,15902.29,0,0,0.0000
3740,5158.45,15649.97,0,0,0.0000
3741,5091.66,15797.56,0,0,0.0000
3742,5431.45,16234.64,0,0,0.0000
3743,4823.50,15763.21,0,0,0.0000
3744,5359.95,15806.28,0,0,0.0000
3745,5338.14,15929.54,0,0,0.0000
3746,5476.57,15492.15,0,0,0.0000
3747,5099.16,16184.97,0,0,0.0000
3748,4824.19,15832.67,0,0,0.0000
3749,4851.87,15551.16,0,0,0.0000
3750,6231.29,15599.45,0,0,0.0000
3751,5595.77,16191.25,0,0,0.0000
3752,5585.60,15732.15,0,0,0.0000
3753,5594.15,15489.30,0,0,0.0000
3754,5925.41,16021.29,2,2,0.0000
3755,6052.26,15549.61,0,0,0.0000
3756,5895.27,16146.03,0,0,0.0000
3757,6126.71,15730.56,0,0,0.0000
3758,6228.76,15520.68,0,0,0.0000
3759,5945.32,15609.93,0,0,0.0000
3760,5999.05,16166.71,0,0,0.0000
3761,6130.42,15589.48,0,0,0.0000
3762,6003.82,16239.44,0,0,0.0000
3763,5686.12,16136.78,0,0,0.0000
3764,5551.61,16090.94,0,0,0.0000
3765,6114.49,16028.56,0,0,0.0000
3766,5741.45,16015.38,0,0,0.0000
3767,5753.92,16094.33,0,0,0.0000
3768,5780.81,16164.06,0,0,0.0000
3769,5667.18,15536.30,NaN,NaN,NaN
3770,6046.06,15662.37,NaN,NaN,NaN
3771,5890.54,16071.47,NaN,NaN,NaN
3772,6064.59,15498.55,0,0,0.0000
3773,5609.14,15867.21,0,0,0.0000
3774,5948.50,16219.02,0,0,0.0000
3775,5574.94,15988.65,0,0,0.0000
3776,6065.19,16207.83,0,0,0.0000
3777,5645.25,16004.83,0,0,0.0000
3778,5675.33,15948.59,NaN,NaN,NaN
3779,5652.38,15589.86,0,0,0.0000
3780,5832.88,16104.62,0,0,0.0000
3781,6059.30,16024.59,0,0,0.0000
3782,5606.47,15658.03,0,0,0.0000
3783,5654.12,16242.14,0,0,0.0000
3784,5763.65,16220.80,0,0,0.0000
3785,6059.67,15718.01,NaN,NaN,NaN
3786,6091.33,15631.57,0,0,0.0000
3787,5858.82,15965.85,0,0,0.0000
3788,5516.29,16239.32,0,0,0.0000
3789,6128.83,15810.29,0,0,0.0000
3790,5508.59,15685.72,0,0,0.0000
3791,5524.86,15992.71,NaN,NaN,NaN
3792,6071.46,16142.36,0,0,0.0000
3793,5522.58,15498.29,0,0,0.0000
3794,5510.22,15816.48,0,0,0.0000
3795,5716.48,15540.20,NaN,NaN,NaN
3796,6107.75,16091.34,0,0,0.0000
3797,5586.32,15555.23,0,0,0.0000
3798,5519.93,16123.69,0,0,0.0000
3799,5507.33,15781.45,0,0,0.0000
3800,5799.36,16070.69,0,0,0.0000
3801,5810.41,16222.19,0,0,0.0000
3802,6170.55,15646.64,0,0,0.0000
3803,5606.85,16079.03,NaN,NaN,NaN
3804,5807.40,15986.90,0,0,0.0000
3805,6076.30,16079.12,0,0,0.0000
3806,5653.19,16074.87,0,0,0.0000
3807,5840.08,16063.90,0,0,0.0000
3808,6158.75,15805.38,0,0,0.0000
3809,5596.86,15936.46,NaN,NaN,NaN
3810,6035.94,16099.92,0,0,0.0000
3811,6140.44,15993.99,0,0,0.0000
3812,5576.01,15802.39,0,0,0.0000
3813,5860.58,16035.30,0,0,0.0000
3814,6800.20,15990.43,0,0,0.0000
3815,6601.21,16143.78,0,0,0.0000
3816,6998.85,16124.47,0,0,0.0000
3817,6875.92,16071.91,0,0,0.0000
3818,6893.78,16013.53,0,0,0.0000
3819,6735.09,16072.12,0,0,0.0000
3820,6949.22,15933.12,0,0,0.0000
3821,6682.36,16093.03,0,0,0.0000
3822,6591.57,16199.25,0,0,0.0000
3823,6954.58,16008.98,0,0,0.0000
3824,6928.64,16245.55,0,0,0.0000
3825,6841.98,16047.46,0,0,0.0000
3826,6595.85,16239.61,0,0,0.0000
3827,6863.79,16152.82,0,0,0.0000
3828,6993.68,16076.33,0,0,0.0000
3829,6844.03,15923.28,0,0,0.0000
3830,6943.56,16162.21,0,0,0.0000
3831,6974.49,16235.47,0,0,0.0000
3832,6945.96,16094.86,0,0,0.0000
3833,6658.64,16207.50,0,0,0.0000
3834,7010.52,15968.90,0,0,0.0000
3835,7004.15,15867.71,0,0,0.0000
3836,7021.27,16036.82,0,0,0.0000
3837,6995.41,16004.23,0,0,0.0000
3838,6950.02,16062.79,0,0,0.0000
3839,6848.71,15955.82,0,0,0.0000
3840,7019.52,15919.00,0,0,0.0000
3841,6871.57,16224.42,0,0,0.0000
3842,7314.51,16242.18,NaN,NaN,NaN
3843,7478.28,16107.01,2,2,0.0000
3844,7081.70,16108.49,0,0,0.0000
3845,7592.77,15931.54,NaN,NaN,NaN
3846,7445.97,15872.31,2,2,0.0000
3847,7270.17,16017.32,NaN,NaN,NaN
3848,7539.49,15985.24,2,4,2.0000
3849,7370.01,15924.20,NaN,NaN,NaN
3850,7060.23,16205.56,0,0,0.0000
3851,7191.05,16179.97,2,2,0.0000
3852,7268.04,16111.73,NaN,NaN,NaN
3853,7389.29,16151.26,3,4,0.0000
3854,7774.41,15699.46,2,3,0.0000
3855,7136.76,16224.64,2,2,0.0000
3856,7286.83,15952.96,NaN,NaN,NaN
3857,7155.18,16047.73,NaN,NaN,NaN
3858,7588.78,16251.65,0,0,0.0000
3859,7274.38,15847.03,0,0,0.0000
3860,7592.49,16093.60,2,2,0.0000
3861,7230.38,15781.74,0,0,0.0000
3862,7484.90,15970.73,2,4,2.0000
3863,7231.09,15915.74,0,0,0.0000
3864,7185.76,15895.76,0,0,0.0000
3865,7629.74,16243.49,NaN,NaN,NaN
3866,7153.52,15952.41,0,0,0.0000
3867,7632.25,15538.23,0,0,0.0000
3868,7807.35,15891.14,0,0,0.0000
3869,7701.68,16043.16,NaN,NaN,NaN
3870,7761.55,15799.39,0,0,0.0000
3871,7650.57,16002.98,0,0,0.0000
3872,7537.38,16210.10,NaN,NaN,NaN
3873,7624.84,16029.20,NaN,NaN,NaN
3874,7785.72,15804.19,0,0,0.0000
3875,7062.97,15969.61,0,0,0.0000
3876,7726.63,16132.18,2,2,0.0000
3877,7043.46,16003.50,0,0,0.0000
3878,7612.45,16058.23,2,1,0.0000
3879,7719.08,16245.88,0,0,0.0000
3880,7668.66,16234.54,NaN,NaN,NaN
3881,7168.48,16127.92,0,0,0.0000
3882,7093.04,16003.68,0,0,0.0000
3883,7632.31,16165.74,3,6,2.0000
3884,7713.57,16166.05,NaN,NaN,NaN
3885,7670.88,16089.36,NaN,NaN,NaN
3886,7788.86,15759.75,2,2,0.0000
3887,7719.93,15995.59,NaN,NaN,NaN
3888,7727.49,16058.67,NaN,NaN,NaN
3889,8247.55,16077.62,3,2,0.0000
3890,7937.17,15994.41,3,3,0.0000
3891,8190.30,16136.35,NaN,NaN,NaN
3892,7859.31,15748.15,3,3,0.0000
3893,7992.71,15858.66,2,3,0.0000
3894,7882.24,15915.96,NaN,NaN,NaN
3895,8156.15,16048.97,0,0,0.0000
3896,7888.40,15806.81,0,0,0.0000
3897,8491.12,15566.37,0,0,0.0000
3898,8058.07,15977.70,0,0,0.0000
3899,8105.96,16054.76,0,0,0.0000
3900,8013.47,15931.90,NaN,NaN,NaN
3901,7847.02,15840.33,0,0,0.0000
3902,7918.12,15870.75,0,0,0.0000
3903,8356.60,16159.37,2,2,0.0000
3904,8198.80,16001.10,0,0,0.0000
3905,7989.45,16084.60,0,0,0.0000
3906,7955.08,15931.40,2,1,0.0000
3907,8259.94,16157.42,2,2,0.0000
3908,8191.41,16068.51,0,0,0.0000
3909,7926.04,15820.29,NaN,NaN,NaN
3910,8589.14,15544.35,NaN,NaN,NaN
3911,8864.85,15525.99,0,0,0.0000
3912,8641.23,15834.46,0,0,0.0000
3913,8679.20,15540.66,4,6,0.0000
3914,8720.61,15531.93,4,6,0.0000
3915,9025.57,15547.82,0,0,0.0000
3916,8834.39,15513.43,NaN,NaN,NaN
3917,9188.06,16035.33,NaN,NaN,NaN
3918,8637.04,15558.01,NaN,NaN,NaN
3919,8611.38,16233.16,NaN,NaN,NaN
3920,463.81,16476.71,NaN,NaN,NaN
3921,723.05,16817.64,2,3,0.0000
3922,497.01,16733.00,NaN,NaN,NaN
3923,473.63,16327.83,2,3,0.0000
3924,381.49,16771.30,NaN,NaN,NaN
3925,627.12,16645.01,2,3,0.0000
3926,679.78,16429.36,NaN,NaN,NaN
3927,412.78,16598.06,0,0,0.0000
3928,307.52,16854.02,2,3,0.0000
3929,732.11,16729.08,NaN,NaN,NaN
3930,664.21,16884.37,2,2,0.0000
3931,857.87,16862.53,NaN,NaN,NaN
3932,357.77,16915.91,0,0,0.0000
3933,552.12,16550.37,4,7,0.0000
3934,135.99,16697.09,NaN,NaN,NaN
3935,388.81,16965.78,0,0,0.0000
3936,479.63,16583.11,NaN,NaN,NaN
3937,829.41,16581.56,0,0,0.0000
3938,551.92,16623.92,2,4,2.0000
3939,450.65,16829.40,0,0,0.0000
3940,214.81,16803.14,NaN,NaN,NaN
3941,343.78,16506.80,NaN,NaN,NaN
3942,234.80,16900.44,NaN,NaN,NaN
3943,590.11,16383.14,0,0,0.0000
3944,58.39,16428.39,0,0,0.0000
3945,330.34,16648.33,0,0,0.0000
3946,248.33,16749.93,NaN,NaN,NaN
3947,348.91,16578.50,NaN,NaN,NaN
3948,643.80,16825.21,0,0,0.0000
3949,257.17,16966.49,NaN,NaN,NaN
3950,442.64,16931.78,0,0,0.0000
3951,892.82,17002.65,NaN,NaN,NaN
3952,852.27,16534.47,0,0,0.0000
3953,190.64,16307.81,0,0,0.0000
3954,688.26,16671.22,NaN,NaN,NaN
3955,377.23,16466.83,0,0,0.0000
3956,508.66,16426.67,0,0,0.0000
3957,765.13,16501.24,0,0,0.0000
3958,165.18,16762.52,0,0,0.0000
3959,715.20,16963.96,2,3,0.0000
3960,377.69,16677.46,2,5,2.5000
3961,743.91,16441.03,NaN,NaN,NaN
3962,567.84,16482.62,0,0,0.0000
3963,766.14,16939.59,NaN,NaN,NaN
3964,325.87,16764.20,2,3,0.0000
3965,265.63,16707.41,2,4,2.0000
3966,407.05,16360.47,0,0,0.0000
3967,369.85,16868.63,NaN,NaN,NaN
3968,865.85,16927.36,0,0,0.0000
3969,561.55,16436.49,0,0,0.0000
3970,448.67,16989.70,0,0,0.0000
3971,829.00,16927.89,NaN,NaN,NaN
3972,655.67,16956.90,0,0,0.0000
3973,1083.28,16840.09,NaN,NaN,NaN
3974,980.67,16928.67,NaN,NaN,NaN
3975,955.22,16748.27,2,3,0.0000
3976,993.49,16609.67,0,0,0.0000
3977,1009.14,16696.55,0,0,0.0000
3978,947.09,16820.14,0,0,0.0000
3979,917.86,16603.52,0,0,0.0000
3980,1062.18,16977.71,0,0,0.0000
3981,997.17,17003.41,0,0,0.0000
3982,922.57,16528.50,0,0,0.0000
3983,2273.29,16543.97,0,0,0.0000
3984,2374.07,16268.09,NaN,NaN,NaN
3985,2427.05,16353.78,0,0,0.0000
3986,2391.78,16653.64,NaN,NaN,NaN
3987,2278.52,16284.62,NaN,NaN,NaN
3988,2299.25,16820.85,0,0,0.0000
3989,2207.13,16660.60,NaN,NaN,NaN
3990,2382.11,16772.08,3,2,0.0000
3991,2168.69,16710.17,0,0,0.0000
3992,2155.60,16289.24,NaN,NaN,NaN
3993,2109.45,16603.34,0,0,0.0000
3994,2163.03,16433.94,0,0,0.0000
3995,2279.59,16339.33,NaN,NaN,NaN
3996,2318.36,16654.29,0,0,0.0000
3997,2251.75,16454.15,0,0,0.0000
3998,2195.20,16583.91,0,0,0.0000
3999,2312.03,16748.57,2,2,0.0000
4000,2053.56,16264.91,0,0,0.0000
4001,2371.35,16513.63,NaN,NaN,NaN
4002,2122.55,16356.95,0,0,0.0000
4003,2319.35,16893.54,0,0,0.0000
4004,2316.21,16394.06,NaN,NaN,NaN
4005,2231.79,16771.64,0,0,0.0000
4006,2232.66,16405.89,0,0,0.0000
4007,2371.32,16451.53,NaN,NaN,NaN
4008,2329.75,16954.91,0,0,0.0000
4009,2114.03,16746.86,0,0,0.0000
4010,2240.71,16850.69,0,0,0.0000
4011,1893.61,16815.90,0,0,0.0000
4012,2259.13,16690.74,0,0,0.0000
4013,2285.77,16913.48,0,0,0.0000
4014,1799.49,16307.06,NaN,NaN,NaN
4015,2082.31,16411.18,0,0,0.0000
4016,2117.37,16426.46,0,0,0.0000
4017,2320.55,16437.81,0,0,0.0000
4018,2421.31,16275.54,0,0,0.0000
4019,2536.73,16407.50,NaN,NaN,NaN
4020,2603.29,16629.23,2,2,0.0000
4021,2618.24,16347.78,0,0,0.0000
4022,2869.70,16366.39,NaN,NaN,NaN
4023,2476.25,16632.64,NaN,NaN,NaN
4024,2693.30,16662.04,0,0,0.0000
4025,2734.07,16568.38,NaN,NaN,NaN
4026,2697.04,16284.39,0,0,0.0000
4027,2942.64,16299.74,0,0,0.0000
4028,2807.10,16468.78,NaN,NaN,NaN
4029,2996.68,16387.26,0,0,0.0000
4030,2545.31,16580.83,NaN,NaN,NaN
4031,2568.29,16268.25,0,0,0.0000
4032,3011.87,16575.33,0,0,0.0000
4033,2916.13,16533.25,2,3,0.0000
4034,2790.24,16310.97,0,0,0.0000
4035,2613.25,16532.29,2,2,0.0000
4036,2854.15,16506.98,2,0,0.0000
4037,2663.42,16560.86,NaN,NaN,NaN
4038,2886.84,16435.35,0,0,0.0000
4039,2441.28,16579.70,NaN,NaN,NaN
4040,3037.73,16272.79,0,0,0.0000
4041,2735.26,16404.28,0,0,0.0000
4042,2756.34,16650.73,NaN,NaN,NaN
4043,3106.02,16373.84,0,0,0.0000
4044,2871.39,16280.30,0,0,0.0000
4045,2462.63,16467.01,NaN,NaN,NaN
4046,2640.06,16475.53,0,0,0.0000
4047,2826.47,16616.08,2,3,0.0000
4048,2448.45,16520.96,NaN,NaN,NaN
4049,2818.39,16316.02,0,0,0.0000
4050,2521.87,16309.32,0,0,0.0000
4051,2680.96,16428.10,0,0,0.0000
4052,2794.89,16683.52,0,0,0.0000
4053,2703.97,16498.68,0,0,0.0000
4054,2809.19,16537.88,0,0,0.0000
4055,2777.75,16416.85,0,0,0.0000
4056,2480.00,16330.50,0,0,0.0000
4057,2607.37,16581.34,0,0,0.0000
4058,2751.78,16510.30,0,0,0.0000
4059,3735.06,17015.40,2,3,0.0000
4060,3596.19,16519.41,0,0,0.0000
4061,3710.60,16903.31,NaN,NaN,NaN
4062,3597.43,16428.08,NaN,NaN,NaN
4063,3924.80,16945.69,0,0,0.0000
4064,3924.31,16855.21,NaN,NaN,NaN
4065,3551.65,16551.99,0,0,0.0000
4066,3450.67,16616.43,NaN,NaN,NaN
4067,3795.95,16932.43,3,4,0.0000
4068,3872.98,17004.22,0,0,0.0000
4069,3408.42,16664.56,0,0,0.0000
4070,3494.65,16531.31,0,0,0.0000
4071,3663.88,16345.32,NaN,NaN,NaN
4072,3644.77,16557.00,NaN,NaN,NaN
4073,3496.33,16577.02,0,0,0.0000
4074,3937.04,16996.57,0,0,0.0000
4075,3822.54,16963.91,0,0,0.0000
4076,3760.65,16334.99,NaN,NaN,NaN
4077,3644.07,16378.87,NaN,NaN,NaN
4078,3664.34,16523.35,0,0,0.0000
4079,3618.56,16585.72,0,0,0.0000
4080,3708.54,16389.98,0,0,0.0000
4081,3635.52,16463.05,2,3,0.0000
4082,3645.28,16409.30,6,0,0.0000
4083,3712.91,16330.13,0,0,0.0000
4084,3860.56,16957.87,NaN,NaN,NaN
4085,3690.32,16311.32,0,0,0.0000
4086,4674.76,16447.76,0,0,0.0000
4087,4517.12,16831.08,NaN,NaN,NaN
4088,4670.55,16355.83,0,0,0.0000
4089,4396.76,16896.20,0,0,0.0000
4090,4272.03,16505.92,0,0,0.0000
4091,4309.95,16283.58,0,0,0.0000
4092,4415.22,16993.87,0,0,0.0000
4093,4398.01,16325.64,0,0,0.0000
4094,4418.25,16474.21,0,0,0.0000
4095,4505.77,16943.07,2,2,0.0000
4096,4519.74,16681.61,NaN,NaN,NaN
4097,4100.52,16887.53,0,0,0.0000
4098,4402.54,16786.49,0,0,0.0000
4099,4563.09,16355.73,0,0,0.0000
4100,4166.16,16781.71,0,0,0.0000
4101,4338.23,16665.00,0,0,0.0000
4102,4663.77,16888.50,NaN,NaN,NaN
4103,4618.87,16682.89,0,0,0.0000
4104,4467.30,16725.63,0,0,0.0000
4105,4456.39,16370.08,0,0,0.0000
4106,4249.79,16846.73,0,0,0.0000
4107,4691.58,16581.75,0,0,0.0000
4108,4624.03,16523.97,0,0,0.0000
4109,4721.08,16848.21,0,0,0.0000
4110,4492.15,16548.09,NaN,NaN,NaN
4111,4112.72,16676.80,0,0,0.0000
4112,4659.80,16993.73,NaN,NaN,NaN
4113,4080.71,16506.90,NaN,NaN,NaN
4114,4196.39,16909.28,NaN,NaN,NaN
4115,4188.94,16650.99,NaN,NaN,NaN
4116,4585.24,16912.55,NaN,NaN,NaN
4117,4451.78,16265.28,0,0,0.0000
4118,3987.62,16921.37,0,0,0.0000
4119,4504.71,16391.48,0,0,0.0000
4120,4300.76,16371.42,0,0,0.0000
4121,4571.84,16562.63,0,0,0.0000
4122,3992.72,16880.02,NaN,NaN,NaN
4123,4236.73,16572.58,0,0,0.0000
4124,4553.98,16460.64,0,0,0.0000
4125,4594.20,16788.89,0,0,0.0000
4126,4466.49,16607.51,NaN,NaN,NaN
4127,4030.14,16751.09,NaN,NaN,NaN
4128,4290.84,16759.46,0,0,0.0000
4129,4059.83,16620.30,NaN,NaN,NaN
4130,4410.57,16547.41,NaN,NaN,NaN
4131,4337.21,16439.10,0,0,0.0000
4132,4194.87,16719.56,NaN,NaN,NaN
4133,4214.86,16339.82,0,0,0.0000
4134,4121.06,16418.45,0,0,0.0000
4135,4073.50,16976.82,0,0,0.0000
4136,4046.04,16800.15,0,0,0.0000
4137,4309.46,16981.15,0,0,0.0000
4138,4031.87,16877.76,0,0,0.0000
4139,4302.44,16899.64,0,0,0.0000
4140,4146.83,16296.56,0,0,0.0000
4141,4069.18,16587.05,0,0,0.0000
4142,4250.76,16947.09,NaN,NaN,NaN
4143,4221.67,16402.35,0,0,0.0000
4144,4577.69,16975.51,0,0,0.0000
4145,4073.23,16455.54,0,0,0.0000
4146,4366.35,16542.21,0,0,0.0000
4147,4170.11,16274.50,0,0,0.0000
4148,4151.19,16476.04,0,0,0.0000
4149,4251.31,16703.17,0,0,0.0000
4150,4320.72,16849.37,0,0,0.0000
4151,4237.17,16751.36,2,2,0.0000
4152,4240.67,16444.57,0,0,0.0000
4153,4347.97,16571.91,0,0,0.0000
4154,4420.92,16645.11,0,0,0.0000
4155,4527.65,16510.71,0,0,0.0000
4156,4123.02,16956.43,0,0,0.0000
4157,4674.12,16278.55,0,0,0.0000
4158,4344.28,16506.70,0,0,0.0000
4159,4537.46,16585.84,3,3,0.0000
4160,4157.18,16870.94,0,0,0.0000
4161,4066.39,16940.58,0,0,0.0000
4162,4122.16,16841.03,NaN,NaN,NaN
4163,4165.18,16514.29,0,0,0.0000
4164,5175.51,16475.64,0,0,0.0000
4165,5024.23,16576.76,2,2,0.0000
4166,5445.74,16321.81,0,0,0.0000
4167,4765.86,16531.46,0,0,0.0000
4168,5052.70,16479.36,2,4,2.0000
4169,4747.48,16972.14,0,0,0.0000
4170,5254.94,16264.28,0,0,0.0000
4171,5118.94,16713.77,NaN,NaN,NaN
4172,4887.45,16845.13,0,0,0.0000
4173,4834.01,16351.86,NaN,NaN,NaN
4174,4914.86,16932.69,0,0,0.0000
4175,5238.78,16381.17,0,0,0.0000
4176,5026.13,16852.33,0,0,0.0000
4177,5200.80,16789.98,NaN,NaN,NaN
4178,5164.76,16926.62,0,0,0.0000
4179,5004.05,16955.75,0,0,0.0000
4180,5107.50,16813.17,0,0,0.0000
4181,5119.27,16593.56,NaN,NaN,NaN
4182,4914.01,16366.21,NaN,NaN,NaN
4183,5175.81,16648.39,2,1,0.0000
4184,4780.96,16409.33,NaN,NaN,NaN
4185,4985.54,17023.95,0,0,0.0000
4186,4897.49,16570.44,2,2,0.0000
4187,4784.09,16635.46,0,0,0.0000
4188,5033.59,16722.72,0,0,0.0000
4189,5126.13,16337.41,2,2,0.0000
4190,4799.54,16746.41,NaN,NaN,NaN
4191,4911.63,16294.63,0,0,0.0000
4192,5001.74,16330.26,0,0,0.0000
4193,4989.77,16380.84,0,0,0.0000
4194,5244.90,16914.78,0,0,0.0000
4195,5302.98,16330.99,0,0,0.0000
4196,4960.52,16851.93,0,0,0.0000
4197,5463.40,16259.08,0,0,0.0000
4198,4828.25,16479.06,0,0,0.0000
4199,5298.32,16484.24,0,0,0.0000
4200,5498.78,16280.45,0,0,0.0000
4201,5254.39,16987.14,0,0,0.0000
4202,5255.41,16538.41,0,0,0.0000
4203,5214.47,16958.46,0,0,0.0000
4204,5320.10,16441.18,0,0,0.0000
4205,5105.11,16909.77,0,0,0.0000
4206,5279.32,16420.20,0,0,0.0000
4207,5358.55,16317.94,0,0,0.0000
4208,4893.34,16989.13,0,0,0.0000
4209,5288.06,17020.97,0,0,0.0000
4210,5216.87,16858.93,NaN,NaN,NaN
4211,4870.12,16414.24,0,0,0.0000
4212,5041.22,16394.42,0,0,0.0000
4213,6187.43,16586.69,0,0,0.0000
4214,6208.96,17003.50,NaN,NaN,NaN
4215,6092.15,16802.12,0,0,0.0000
4216,6056.29,16282.23,0,0,0.0000
4217,6253.68,16618.88,0,0,0.0000
4218,6164.00,16746.17,0,0,0.0000
4219,6012.18,16298.38,0,0,0.0000
4220,6148.52,16852.59,0,0,0.0000
4221,6107.92,16705.44,0,0,0.0000
4222,6225.33,16810.07,0,0,0.0000
4223,6172.26,16876.14,0,0,0.0000
4224,5956.84,16319.69,NaN,NaN,NaN
4225,6238.08,16864.76,0,0,0.0000
4226,6207.28,16879.60,0,0,0.0000
4227,6144.30,16800.63,0,0,0.0000
4228,6110.58,16922.66,0,0,0.0000
4229,6093.32,16747.93,0,0,0.0000
4230,6162.78,16974.23,NaN,NaN,NaN
4231,6119.41,16859.35,0,0,0.0000
4232,6974.30,16429.19,NaN,NaN,NaN
4233,6868.02,16733.90,0,0,0.0000
4234,6530.63,16364.34,0,0,0.0000
4235,6564.04,16658.91,0,0,0.0000
4236,6344.83,16621.02,0,0,0.0000
4237,6992.17,17012.07,0,0,0.0000
4238,6403.96,16716.13,0,0,0.0000
4239,6815.47,16374.69,0,0,0.0000
4240,6654.28,16860.46,NaN,NaN,NaN
4241,6817.62,16923.66,2,2,0.0000
4242,6758.09,16733.50,0,0,0.0000
4243,6748.16,16450.05,0,0,0.0000
4244,7029.42,16931.80,0,0,0.0000
4245,6411.24,16437.61,0,0,0.0000
4246,6493.93,16465.33,0,0,0.0000
4247,6914.76,16926.95,0,0,0.0000
4248,6573.69,16900.67,0,0,0.0000
4249,6448.82,16845.33,0,0,0.0000
4250,6642.71,16312.52,0,0,0.0000
4251,6494.00,16779.83,0,0,0.0000
4252,6812.26,16631.47,NaN,NaN,NaN
4253,6299.22,16808.59,NaN,NaN,NaN
4254,6661.27,16561.59,2,4,2.0000
4255,6397.33,16365.53,0,0,0.0000
4256,6629.38,16703.17,0,0,0.0000
4257,7017.41,16751.32,0,0,0.0000
4258,6455.91,16986.95,0,0,0.0000
4259,6390.08,16987.64,0,0,0.0000
4260,6307.24,16492.77,0,0,0.0000
4261,6490.41,16270.65,0,0,0.0000
4262,6929.98,16824.96,0,0,0.0000
4263,6518.99,16919.48,0,0,0.0000
4264,6890.79,16330.22,0,0,0.0000
4265,6995.72,16594.10,0,0,0.0000
4266,6583.87,16436.62,0,0,0.0000
4267,6977.36,16694.61,0,0,0.0000
4268,6939.96,16640.17,0,0,0.0000
4269,6609.85,16777.84,0,0,0.0000
4270,6781.95,16872.01,0,0,0.0000
4271,6635.38,16508.25,0,0,0.0000
4272,6892.60,16431.68,0,0,0.0000
4273,6746.68,16374.18,0,0,0.0000
4274,6649.46,16260.68,0,0,0.0000
4275,6747.63,16870.65,0,0,0.0000
4276,6304.60,16700.91,0,0,0.0000
4277,6394.55,16530.16,0,0,0.0000
4278,6710.20,16970.86,0,0,0.0000
4279,6428.83,16598.28,0,0,0.0000
4280,6993.27,16808.05,0,0,0.0000
4281,6778.69,17006.77,0,0,0.0000
4282,6737.66,16544.55,0,0,0.0000
4283,6500.19,16604.12,0,0,0.0000
4284,6612.96,16565.62,0,0,0.0000
4285,6458.80,16712.78,0,0,0.0000
4286,6703.90,16900.07,0,0,0.0000
4287,7021.91,16542.08,0,0,0.0000
4288,6536.71,16810.28,0,0,0.0000
4289,6697.11,16724.80,0,0,0.0000
4290,6528.22,16564.97,0,0,0.0000
4291,6669.56,16408.92,0,0,0.0000
4292,6722.91,16259.40,0,0,0.0000
4293,6865.30,16288.13,0,0,0.0000
4294,6295.35,16996.93,0,0,0.0000
4295,6571.44,16302.29,0,0,0.0000
4296,6942.67,16302.67,0,0,0.0000
4297,6987.15,16866.86,0,0,0.0000
4298,6647.18,16384.34,0,0,0.0000
4299,6827.89,16825.41,0,0,0.0000
4300,6648.74,16989.40,0,0,0.0000
4301,6718.34,16300.59,0,0,0.0000
4302,6818.38,16468.69,0,0,0.0000
4303,6721.17,16826.38,0,0,0.0000
4304,6496.43,16716.24,0,0,0.0000
4305,6415.88,16312.69,0,0,0.0000
4306,6711.04,17012.09,0,0,0.0000
4307,6313.38,16429.14,0,0,0.0000
4308,6704.90,16317.43,0,0,0.0000
4309,7018.85,16638.23,0,0,0.0000
4310,6919.15,16275.44,0,0,0.0000
4311,6643.33,16467.32,0,0,0.0000
4312,6483.95,16895.33,0,0,0.0000
4313,6543.00,16277.57,0,0,0.0000
4314,6557.55,16485.12,0,0,0.0000
4315,6662.87,16778.14,0,0,0.0000
4316,6452.75,16329.49,0,0,0.0000
4317,7578.46,16471.24,0,0,0.0000
4318,7173.58,16545.55,NaN,NaN,NaN
4319,7651.02,16376.93,0,0,0.0000
4320,7585.27,16731.26,NaN,NaN,NaN
4321,7133.22,16855.18,2,3,0.0000
4322,7457.61,16613.66,NaN,NaN,NaN
4323,7479.96,16320.66,NaN,NaN,NaN
4324,7515.64,16653.83,NaN,NaN,NaN
4325,7119.56,16673.91,0,0,0.0000
4326,7082.21,16728.39,0,0,0.0000
4327,7239.50,16839.88,0,0,0.0000
4328,7101.28,16471.46,0,0,0.0000
4329,7335.27,16583.61,0,0,0.0000
4330,7211.91,16946.91,3,3,0.0000
4331,7363.92,16657.93,0,0,0.0000
4332,7091.09,16345.00,2,4,2.0000
4333,7107.70,16282.85,NaN,NaN,NaN
4334,7289.41,16521.09,2,4,2.0000
4335,7440.51,16814.03,2,5,2.5000
4336,7402.32,16410.85,2,1,0.0000
4337,7461.95,16420.21,0,0,0.0000
4338,7060.77,16582.94,0,0,0.0000
4339,7217.55,16733.60,2,4,2.0000
4340,7344.52,16442.62,0,0,0.0000
4341,7573.32,16964.70,2,2,0.0000
4342,7104.86,16994.90,0,0,0.0000
4343,7609.44,16600.78,NaN,NaN,NaN
4344,7685.43,16553.52,NaN,NaN,NaN
4345,7623.06,17001.08,3,3,0.0000
4346,7544.85,16897.31,NaN,NaN,NaN
4347,7751.53,16277.80,0,0,0.0000
4348,7055.43,16398.49,NaN,NaN,NaN
4349,7411.84,16521.88,0,0,0.0000
4350,7723.90,16342.28,2,2,0.0000
4351,7415.59,16604.45,0,0,0.0000
4352,7563.37,16822.57,NaN,NaN,NaN
4353,7606.71,16826.62,3,2,0.0000
4354,7342.39,16354.12,0,0,0.0000
4355,7061.55,16514.64,0,0,0.0000
4356,7733.78,16404.74,NaN,NaN,NaN
4357,7483.43,16992.52,2,4,2.0000
4358,7570.46,17022.68,3,4,0.0000
4359,7175.38,16445.50,NaN,NaN,NaN
4360,7599.39,16655.41,3,3,0.0000
4361,7119.33,16619.58,0,0,0.0000
4362,7422.13,16744.57,0,0,0.0000
4363,7230.95,16471.57,0,0,0.0000
4364,7289.42,16653.94,0,0,0.0000
4365,7246.04,16379.52,2,4,2.0000
4366,7139.01,16396.73,NaN,NaN,NaN
4367,7233.54,16334.84,0,0,0.0000
4368,7306.83,16737.05,0,0,0.0000
4369,7275.59,16790.72,2,6,3.0000
4370,7310.71,16401.93,0,0,0.0000
4371,7185.44,16315.44,0,0,0.0000
4372,7732.66,16506.67,NaN,NaN,NaN
4373,7400.57,16794.64,6,7,0.0000
4374,7255.35,17006.80,0,0,0.0000
4375,7791.07,16405.80,3,4,0.0000
4376,7272.78,16454.74,NaN,NaN,NaN
4377,7610.15,16937.69,2,4,2.0000
4378,7635.92,16829.41,0,0,0.0000
4379,7193.94,16377.34,2,2,0.0000
4380,7496.71,16534.71,0,0,0.0000
4381,7107.45,16920.82,0,0,0.0000
4382,7195.03,16650.11,0,0,0.0000
4383,7157.37,16354.29,0,0,0.0000
4384,7361.06,16708.43,0,0,0.0000
4385,7459.51,16929.14,3,2,0.0000
4386,7249.52,16604.95,0,0,0.0000
4387,8123.38,16856.01,2,3,0.0000
4388,8528.49,16868.38,2,1,0.0000
4389,8127.40,16935.04,NaN,NaN,NaN
4390,8016.45,16759.92,NaN,NaN,NaN
4391,8012.21,16701.25,3,3,0.0000
4392,8007.21,16812.61,NaN,NaN,NaN
4393,8559.35,16736.55,NaN,NaN,NaN
4394,8155.82,16561.87,NaN,NaN,NaN
4395,7950.09,16672.25,2,2,0.0000
4396,8178.80,16836.81,NaN,NaN,NaN
4397,8232.02,16694.75,NaN,NaN,NaN
4398,8556.54,16806.05,4,3,0.0000
4399,8496.03,16802.98,NaN,NaN,NaN
4400,8489.07,16716.33,2,1,0.0000
4401,8085.10,16752.71,5,6,0.0000
4402,8553.23,16920.86,4,6,0.0000
4403,8111.72,16567.42,3,5,0.0000
4404,8532.56,16975.85,3,2,0.0000
4405,8521.61,16564.89,NaN,NaN,NaN
4406,8160.04,16991.47,NaN,NaN,NaN
4407,8039.42,16912.38,NaN,NaN,NaN
4408,8136.44,16672.59,NaN,NaN,NaN
4409,8214.35,16362.85,NaN,NaN,NaN
4410,8504.75,16662.00,NaN,NaN,NaN
4411,8192.03,16599.27,NaN,NaN,NaN
4412,8095.10,16292.60,0,0,0.0000
4413,8581.52,16978.01,3,3,0.0000
4414,9279.20,16795.07,0,0,0.0000
4415,8610.45,16910.85,NaN,NaN,NaN
4416,9351.53,16914.45,3,4,0.0000
4417,11886.36,16837.18,0,0,0.0000
4418,11837.46,16737.59,0,0,0.0000
4419,11780.33,16987.98,0,0,0.0000
4420,11929.98,16764.93,0,0,0.0000
4421,11896.86,16622.62,0,0,0.0000
4422,11738.72,16978.36,0,0,0.0000
4423,11807.61,16936.31,0,0,0.0000
4424,11738.54,16910.06,0,0,0.0000
4425,11713.91,16795.14,0,0,0.0000
4426,11724.72,16752.04,0,0,0.0000
4427,11694.81,16767.04,0,0,0.0000
4428,355.83,17042.58,3,4,0.0000
4429,291.80,17447.99,0,0,0.0000
4430,665.08,17747.67,0,0,0.0000
4431,212.92,17552.81,2,4,2.0000
4432,794.40,17754.86,0,0,0.0000
4433,509.39,17635.08,2,3,0.0000
4434,886.54,17464.91,0,0,0.0000
4435,308.56,17683.95,NaN,NaN,NaN
4436,476.96,17701.79,3,5,0.0000
4437,855.56,17106.29,NaN,NaN,NaN
4438,86.46,17324.25,NaN,NaN,NaN
4439,246.53,17313.98,2,3,0.0000
4440,45.57,17482.85,0,0,0.0000
4441,55.58,17596.15,0,0,0.0000
4442,488.03,17440.89,NaN,NaN,NaN
4443,178.82,17401.19,0,0,0.0000
4444,666.68,17622.85,NaN,NaN,NaN
4445,829.30,17204.91,0,0,0.0000
4446,523.36,17131.67,NaN,NaN,NaN
4447,703.64,17471.89,2,2,0.0000
4448,521.87,17389.20,2,2,0.0000
4449,890.51,17157.82,0,0,0.0000
4450,231.59,17729.83,0,0,0.0000
4451,563.87,17471.47,NaN,NaN,NaN
4452,752.25,17101.93,0,0,0.0000
4453,386.18,17567.79,0,0,0.0000
4454,765.43,17500.65,0,0,0.0000
4455,370.40,17342.61,3,2,0.0000
4456,399.18,17258.78,3,2,0.0000
4457,550.59,17753.50,NaN,NaN,NaN
4458,703.01,17046.47,0,0,0.0000
4459,482.73,17069.55,0,0,0.0000
4460,645.73,17464.28,0,0,0.0000
4461,516.74,17326.89,NaN,NaN,NaN
4462,110.45,17463.22,NaN,NaN,NaN
4463,49.50,17266.91,0,0,0.0000
4464,586.46,17367.20,NaN,NaN,NaN
4465,396.65,17407.49,2,3,0.0000
4466,840.14,17265.30,0,0,0.0000
4467,796.69,17036.01,0,0,0.0000
4468,422.13,17497.47,0,0,0.0000
4469,327.45,17575.64,0,0,0.0000
4470,579.23,17314.99,0,0,0.0000
4471,596.65,17619.74,2,2,0.0000
4472,145.90,17711.74,3,4,0.0000
4473,370.69,17737.35,2,1,0.0000
4474,883.20,17766.52,0,0,0.0000
4475,460.91,17311.75,NaN,NaN,NaN
4476,659.56,17408.09,2,5,2.5000
4477,135.24,17754.98,0,0,0.0000
4478,445.80,17543.38,0,0,0.0000
4479,179.30,17332.27,NaN,NaN,NaN
4480,430.93,17741.63,3,7,2.3333
4481,708.34,17564.40,0,0,0.0000
4482,668.44,17670.12,3,3,0.0000
4483,611.54,17721.98,0,0,0.0000
4484,521.31,17509.51,NaN,NaN,NaN
4485,388.62,17682.22,NaN,NaN,NaN
4486,191.60,17668.89,0,0,0.0000
4487,745.18,17582.53,NaN,NaN,NaN
4488,606.09,17667.36,0,0,0.0000
4489,384.54,17627.73,0,0,0.0000
4490,34.71,17295.75,0,0,0.0000
4491,683.45,17583.01,3,7,2.3333
4492,607.30,17561.31,0,0,0.0000
4493,21.10,17396.48,NaN,NaN,NaN
4494,486.48,17558.15,0,0,0.0000
4495,705.28,17339.85,0,0,0.0000
4496,600.83,17511.15,0,0,0.0000
4497,469.27,17473.12,0,0,0.0000
4498,1070.92,17058.27,0,0,0.0000
4499,1090.53,17786.81,NaN,NaN,NaN
4500,992.63,17738.27,0,0,0.0000
4501,1138.14,17176.91,NaN,NaN,NaN
4502,1427.75,17159.66,2,2,0.0000
4503,1065.53,17176.26,0,0,0.0000
4504,1189.72,17780.15,NaN,NaN,NaN
4505,960.72,17210.44,NaN,NaN,NaN
4506,1143.88,17293.31,0,0,0.0000
4507,1030.82,17230.19,0,0,0.0000
4508,932.76,17756.53,0,0,0.0000
4509,1223.58,17695.27,2,3,0.0000
4510,1245.34,17053.79,NaN,NaN,NaN
4511,1252.97,17308.72,NaN,NaN,NaN
4512,1058.16,17210.94,0,0,0.0000
4513,1224.64,17168.39,NaN,NaN,NaN
4514,1185.84,17039.93,0,0,0.0000
4515,901.99,17527.82,0,0,0.0000
4516,923.15,17258.35,0,0,0.0000
4517,1138.49,17741.03,NaN,NaN,NaN
4518,955.42,17684.90,0,0,0.0000
4519,917.36,17669.47,NaN,NaN,NaN
4520,1748.39,17563.53,0,0,0.0000
4521,1875.18,17639.49,0,0,0.0000
4522,1713.52,17475.63,NaN,NaN,NaN
4523,1823.46,17503.34,NaN,NaN,NaN
4524,1833.47,17758.13,0,0,0.0000
4525,1928.27,17679.97,0,0,0.0000
4526,1727.25,17681.09,0,0,0.0000
4527,1672.81,17409.06,NaN,NaN,NaN
4528,1734.77,17413.33,0,0,0.0000
4529,1825.21,17584.13,NaN,NaN,NaN
4530,1914.53,17742.38,0,0,0.0000
4531,1882.61,17571.22,0,0,0.0000
4532,1791.92,17448.00,NaN,NaN,NaN
4533,1999.26,17742.81,0,0,0.0000
4534,3870.83,17747.92,4,6,0.0000
4535,3958.46,17548.11,6,3,0.0000
4536,3713.91,17200.16,0,0,0.0000
4537,3816.08,17574.12,NaN,NaN,NaN
4538,3728.86,17525.91,2,4,2.0000
4539,3808.27,17038.40,NaN,NaN,NaN
4540,3656.95,17763.98,2,2,0.0000
4541,3887.55,17454.14,NaN,NaN,NaN
4542,3870.52,17122.48,NaN,NaN,NaN
4543,3899.54,17227.06,2,2,0.0000
4544,3703.26,17281.64,NaN,NaN,NaN
4545,3891.12,17329.46,0,0,0.0000
4546,3637.11,17485.54,NaN,NaN,NaN
4547,3822.24,17469.26,3,2,0.0000
4548,3828.90,17263.62,0,0,0.0000
4549,3628.70,17678.64,3,3,0.0000
4550,3577.92,17520.24,3,4,0.0000
4551,3566.37,17418.54,3,4,0.0000
4552,3594.11,17729.86,NaN,NaN,NaN
4553,3748.98,17653.43,NaN,NaN,NaN
4554,3703.86,17697.78,2,4,2.0000
4555,3756.72,17431.28,0,0,0.0000
4556,3761.90,17340.32,4,6,0.0000
4557,3928.32,17662.41,3,3,0.0000
4558,3873.72,17556.19,NaN,NaN,NaN
4559,3571.24,17593.69,NaN,NaN,NaN
4560,3935.28,17383.22,0,0,0.0000
4561,3766.35,17724.68,0,0,0.0000
4562,3625.93,17436.34,4,6,0.0000
4563,3706.97,17071.61,0,0,0.0000
4564,3694.34,17387.79,0,0,0.0000
4565,3947.95,17192.31,NaN,NaN,NaN
4566,3641.37,17127.08,2,2,0.0000
4567,3643.91,17288.03,NaN,NaN,NaN
4568,3598.47,17313.83,NaN,NaN,NaN
4569,3804.86,17641.40,0,0,0.0000
4570,3906.21,17050.32,0,0,0.0000
4571,3652.97,17222.53,0,0,0.0000
4572,3691.67,17438.06,NaN,NaN,NaN
4573,3515.40,17539.86,0,0,0.0000
4574,3951.90,17066.16,0,0,0.0000
4575,3538.99,17730.91,0,0,0.0000
4576,3585.34,17258.24,0,0,0.0000
4577,3803.94,17320.25,NaN,NaN,NaN
4578,3893.24,17626.97,4,1,0.0000
4579,3654.33,17359.62,0,0,0.0000
4580,3777.91,17263.13,0,0,0.0000
4581,3587.09,17646.52,5,6,0.0000
4582,3662.27,17532.57,NaN,NaN,NaN
4583,3800.26,17099.95,0,0,0.0000
4584,4297.13,17534.38,NaN,NaN,NaN
4585,4587.93,17069.71,0,0,0.0000
4586,4203.90,17316.13,0,0,0.0000
4587,4194.19,17743.69,0,0,0.0000
4588,4690.73,17712.32,2,2,0.0000
4589,4576.68,17732.10,4,2,0.0000
4590,4693.65,17198.09,NaN,NaN,NaN
4591,4301.22,17140.91,0,0,0.0000
4592,4321.46,17359.43,0,0,0.0000
4593,4098.80,17681.26,0,0,0.0000
4594,4407.34,17302.07,0,0,0.0000
4595,4337.49,17706.37,0,0,0.0000
4596,4647.68,17313.88,0,0,0.0000
4597,4061.75,17488.03,NaN,NaN,NaN
4598,4219.38,17651.52,0,0,0.0000
4599,4121.24,17405.69,0,0,0.0000
4600,4002.66,17711.61,2,4,2.0000
4601,4235.39,17046.17,NaN,NaN,NaN
4602,3972.07,17446.46,NaN,NaN,NaN
4603,4188.24,17459.40,0,0,0.0000
4604,4428.99,17528.62,2,3,0.0000
4605,4654.02,17501.83,0,0,0.0000
4606,4715.54,17411.03,0,0,0.0000
4607,4351.30,17071.30,0,0,0.0000
4608,4521.61,17443.78,0,0,0.0000
4609,4144.75,17039.63,0,0,0.0000
4610,4043.81,17603.09,NaN,NaN,NaN
4611,4401.90,17425.25,0,0,0.0000
4612,4175.26,17193.10,NaN,NaN,NaN
4613,4014.77,17029.12,0,0,0.0000
4614,4589.72,17216.93,0,0,0.0000
4615,4484.28,17156.07,NaN,NaN,NaN
4616,4496.70,17536.09,NaN,NaN,NaN
4617,4426.69,17214.83,NaN,NaN,NaN
4618,4102.38,17304.49,2,2,0.0000
4619,4562.57,17138.48,NaN,NaN,NaN
4620,4075.24,17094.56,0,0,0.0000
4621,4411.78,17743.47,0,0,0.0000
4622,3990.01,17206.25,NaN,NaN,NaN
4623,3997.48,17137.23,0,0,0.0000
4624,4537.82,17272.35,0,0,0.0000
4625,4572.58,17356.91,0,0,0.0000
4626,4090.75,17187.59,0,0,0.0000
4627,4497.06,17363.49,2,2,0.0000
4628,4186.88,17118.30,0,0,0.0000
4629,4439.96,17072.04,NaN,NaN,NaN
4630,4703.86,17078.60,0,0,0.0000
4631,4681.76,17614.18,0,0,0.0000
4632,4638.08,17179.12,0,0,0.0000
4633,4551.30,17534.03,0,0,0.0000
4634,4434.02,17642.24,0,0,0.0000
4635,4285.65,17251.09,0,0,0.0000
4636,4500.91,17739.20,5,6,0.0000
4637,4116.23,17567.87,0,0,0.0000
4638,4018.45,17402.25,2,2,0.0000
4639,3973.93,17334.68,0,0,0.0000
4640,4105.86,17055.70,0,0,0.0000
4641,3993.62,17626.53,NaN,NaN,NaN
4642,4460.18,17703.72,NaN,NaN,NaN
4643,5325.96,17664.57,0,0,0.0000
4644,4841.23,17247.13,NaN,NaN,NaN
4645,4972.26,17688.20,0,0,0.0000
4646,5178.75,17308.24,0,0,0.0000
4647,4857.08,17106.30,2,1,0.0000
4648,5450.82,17209.87,2,3,0.0000
4649,4972.15,17387.53,0,0,0.0000
4650,5249.70,17501.32,0,0,0.0000
4651,4858.89,17605.27,NaN,NaN,NaN
4652,5143.77,17209.98,0,0,0.0000
4653,4776.80,17536.54,0,0,0.0000
4654,5242.50,17096.08,0,0,0.0000
4655,5110.47,17045.48,0,0,0.0000
4656,4768.47,17779.98,0,0,0.0000
4657,5151.52,17516.55,0,0,0.0000
4658,5055.86,17255.93,NaN,NaN,NaN
4659,5123.51,17642.47,0,0,0.0000
4660,5394.23,17751.60,0,0,0.0000
4661,4885.41,17735.63,0,0,0.0000
4662,5027.84,17717.25,0,0,0.0000
4663,5257.36,17393.07,0,0,0.0000
4664,5450.40,17787.66,NaN,NaN,NaN
4665,5232.50,17195.82,0,0,0.0000
4666,4805.51,17362.91,2,3,0.0000
4667,5206.42,17762.09,0,0,0.0000
4668,4850.01,17475.04,0,0,0.0000
4669,5438.42,17543.46,NaN,NaN,NaN
4670,4955.70,17097.21,2,2,0.0000
4671,5027.98,17094.58,0,0,0.0000
4672,4954.94,17502.43,0,0,0.0000
4673,5394.40,17099.68,NaN,NaN,NaN
4674,5376.40,17346.68,0,0,0.0000
4675,4810.18,17027.33,0,0,0.0000
4676,5279.48,17438.97,0,0,0.0000
4677,5087.07,17359.06,0,0,0.0000
4678,5000.34,17499.71,0,0,0.0000
4679,5058.48,17625.83,NaN,NaN,NaN
4680,4910.40,17419.63,NaN,NaN,NaN
4681,5092.54,17412.56,0,0,0.0000
4682,5327.28,17211.53,0,0,0.0000
4683,5079.76,17572.52,NaN,NaN,NaN
4684,5451.45,17116.71,2,3,0.0000
4685,4830.45,17660.38,0,0,0.0000
4686,5097.03,17109.55,0,0,0.0000
4687,5008.05,17190.34,NaN,NaN,NaN
4688,5423.47,17430.69,0,0,0.0000
4689,5034.90,17417.91,0,0,0.0000
4690,5107.03,17753.55,0,0,0.0000
4691,5288.21,17769.63,0,0,0.0000
4692,4767.01,17103.36,0,0,0.0000
4693,5261.50,17597.18,0,0,0.0000
4694,4739.74,17308.43,0,0,0.0000
4695,5211.04,17572.40,0,0,0.0000
4696,5337.15,17315.22,0,0,0.0000
4697,5078.91,17196.87,0,0,0.0000
4698,5320.80,17151.02,0,0,0.0000
4699,4758.38,17655.16,0,0,0.0000
4700,5446.57,17705.19,0,0,0.0000
4701,4941.27,17169.86,NaN,NaN,NaN
4702,4922.34,17042.90,0,0,0.0000
4703,4974.59,17304.21,0,0,0.0000
4704,4810.54,17428.51,0,0,0.0000
4705,5448.98,17486.86,0,0,0.0000
4706,5311.57,17274.18,0,0,0.0000
4707,5396.31,17391.08,0,0,0.0000
4708,5212.31,17644.12,0,0,0.0000
4709,4778.50,17703.80,0,0,0.0000
4710,4930.25,17251.80,0,0,0.0000
4711,5060.31,17485.40,0,0,0.0000
4712,4863.68,17402.42,0,0,0.0000
4713,5354.45,17450.84,NaN,NaN,NaN
4714,4851.56,17544.07,0,0,0.0000
4715,5321.35,17576.85,0,0,0.0000
4716,5171.99,17440.00,0,0,0.0000
4717,5379.97,17483.02,NaN,NaN,NaN
4718,5407.43,17462.41,NaN,NaN,NaN
4719,4759.25,17189.27,NaN,NaN,NaN
4720,5163.07,17586.14,0,0,0.0000
4721,4983.14,17219.37,NaN,NaN,NaN
4722,4804.83,17578.60,NaN,NaN,NaN
4723,5185.14,17701.77,0,0,0.0000
4724,6151.56,17195.48,2,2,0.0000
4725,6219.25,17570.19,NaN,NaN,NaN
4726,6048.77,17766.39,0,0,0.0000
4727,6113.79,17484.26,7,7,0.0000
4728,5978.94,17644.70,NaN,NaN,NaN
4729,5978.13,17512.02,2,3,0.0000
4730,5537.02,17765.54,NaN,NaN,NaN
4731,5745.16,17728.82,0,0,0.0000
4732,5584.37,17714.22,NaN,NaN,NaN
4733,5969.46,17428.41,0,0,0.0000
4734,6247.33,17091.43,NaN,NaN,NaN
4735,6087.14,17408.38,NaN,NaN,NaN
4736,6144.09,17668.45,0,0,0.0000
4737,5920.59,17729.93,0,0,0.0000
4738,5817.92,17717.36,0,0,0.0000
4739,6209.34,17454.06,0,0,0.0000
4740,5978.74,17733.07,0,0,0.0000
4741,6213.96,17294.14,0,0,0.0000
4742,6201.07,17357.87,0,0,0.0000
4743,6173.00,17786.59,NaN,NaN,NaN
4744,6132.48,17033.03,NaN,NaN,NaN
4745,6018.30,17294.98,0,0,0.0000
4746,5924.31,17567.17,NaN,NaN,NaN
4747,5826.80,17474.27,0,0,0.0000
4748,5884.89,17547.77,0,0,0.0000
4749,5941.61,17780.92,2,3,0.0000
4750,5705.87,17662.74,0,0,0.0000
4751,5762.76,17445.81,0,0,0.0000
4752,5678.41,17742.56,0,0,0.0000
4753,6150.90,17593.24,NaN,NaN,NaN
4754,5665.68,17445.18,0,0,0.0000
4755,6202.77,17692.26,NaN,NaN,NaN
4756,6141.62,17294.69,0,0,0.0000
4757,6053.59,17312.08,0,0,0.0000
4758,6243.00,17790.65,0,0,0.0000
4759,5870.97,17757.45,0,0,0.0000
4760,6080.93,17679.99,0,0,0.0000
4761,5897.15,17683.07,NaN,NaN,NaN
4762,6251.35,17745.05,0,0,0.0000
4763,6260.07,17248.54,0,0,0.0000
4764,6058.85,17580.35,NaN,NaN,NaN
4765,5660.55,17656.00,0,0,0.0000
4766,6135.61,17345.13,0,0,0.0000
4767,5863.31,17506.18,0,0,0.0000
4768,6068.55,17628.65,0,0,0.0000
4769,6266.86,17676.34,0,0,0.0000
4770,5626.59,17772.43,0,0,0.0000
4771,6218.02,17747.71,0,0,0.0000
4772,6212.06,17152.55,0,0,0.0000
4773,6045.48,17227.12,0,0,0.0000
4774,6065.08,17217.66,0,0,0.0000
4775,6439.11,17492.92,0,0,0.0000
4776,6572.54,17455.63,NaN,NaN,NaN
4777,6610.48,17059.60,NaN,NaN,NaN
4778,6591.82,17602.31,NaN,NaN,NaN
4779,6839.62,17526.44,0,0,0.0000
4780,6399.94,17754.74,0,0,0.0000
4781,6789.11,17303.64,0,0,0.0000
4782,6361.95,17611.42,0,0,0.0000
4783,6501.39,17188.05,0,0,0.0000
4784,6923.07,17184.44,0,0,0.0000
4785,6418.84,17251.06,0,0,0.0000
4786,6282.31,17174.96,0,0,0.0000
4787,6901.95,17300.77,0,0,0.0000
4788,6930.56,17758.34,0,0,0.0000
4789,6794.68,17403.43,NaN,NaN,NaN
4790,6831.58,17239.43,0,0,0.0000
4791,6758.22,17201.50,0,0,0.0000
4792,6645.40,17371.38,2,2,0.0000
4793,7013.49,17265.82,0,0,0.0000
4794,6730.84,17703.98,0,0,0.0000
4795,6480.30,17666.68,0,0,0.0000
4796,6289.93,17298.05,0,0,0.0000
4797,6856.70,17621.80,0,0,0.0000
4798,6347.44,17489.59,0,0,0.0000
4799,6655.86,17277.01,NaN,NaN,NaN
4800,6900.47,17035.99,NaN,NaN,NaN
4801,6376.23,17379.86,0,0,0.0000
4802,6522.79,17335.74,NaN,NaN,NaN
4803,6646.66,17489.28,NaN,NaN,NaN
4804,6916.26,17667.93,0,0,0.0000
4805,6952.90,17558.90,0,0,0.0000
4806,6451.49,17614.85,0,0,0.0000
4807,7031.49,17170.08,0,0,0.0000
4808,6454.43,17366.13,2,2,0.0000
4809,6583.26,17723.57,NaN,NaN,NaN
4810,6708.08,17502.60,0,0,0.0000
4811,6760.03,17477.22,NaN,NaN,NaN
4812,6299.43,17378.06,0,0,0.0000
4813,6578.59,17303.75,NaN,NaN,NaN
4814,6523.92,17704.53,0,0,0.0000
4815,6898.88,17095.80,0,0,0.0000
4816,6995.91,17350.06,0,0,0.0000
4817,6634.11,17173.97,0,0,0.0000
4818,6467.97,17073.60,0,0,0.0000
4819,6852.00,17755.19,0,0,0.0000
4820,6677.04,17045.61,NaN,NaN,NaN
4821,6824.09,17062.72,0,0,0.0000
4822,6511.91,17420.07,NaN,NaN,NaN
4823,6828.04,17449.84,0,0,0.0000
4824,6746.74,17360.08,0,0,0.0000
4825,6994.35,17694.43,0,0,0.0000
4826,6529.46,17078.40,0,0,0.0000
4827,6279.00,17484.90,0,0,0.0000
4828,6882.16,17451.99,0,0,0.0000
4829,6974.88,17632.89,0,0,0.0000
4830,6834.16,17152.40,0,0,0.0000
4831,6275.34,17717.10,0,0,0.0000
4832,6712.97,17160.44,0,0,0.0000
4833,7001.90,17517.78,0,0,0.0000
4834,7002.62,17600.16,NaN,NaN,NaN
4835,6653.06,17688.49,0,0,0.0000
4836,6919.47,17449.66,0,0,0.0000
4837,6680.79,17119.30,0,0,0.0000
4838,6300.86,17441.16,0,0,0.0000
4839,6528.21,17574.58,0,0,0.0000
4840,6346.72,17138.55,0,0,0.0000
4841,6313.41,17733.47,0,0,0.0000
4842,6300.49,17695.97,0,0,0.0000
4843,6379.87,17158.13,0,0,0.0000
4844,6715.09,17430.37,0,0,0.0000
4845,6296.41,17071.24,0,0,0.0000
4846,6790.56,17789.32,0,0,0.0000
4847,6670.37,17429.62,0,0,0.0000
4848,6700.52,17270.28,NaN,NaN,NaN
4849,6853.77,17693.93,0,0,0.0000
4850,6565.91,17147.66,0,0,0.0000
4851,6808.75,17728.31,0,0,0.0000
4852,7725.69,17470.92,2,2,0.0000
4853,7380.55,17710.95,2,2,0.0000
4854,7709.09,17259.23,2,2,0.0000
4855,7642.77,17724.29,2,3,0.0000
4856,7673.84,17599.51,2,2,0.0000
4857,7130.58,17121.67,0,0,0.0000
4858,7137.99,17654.31,NaN,NaN,NaN
4859,7044.22,17380.39,0,0,0.0000
4860,7328.95,17163.40,2,2,0.0000
4861,7113.05,17209.89,NaN,NaN,NaN
4862,7188.97,17413.96,0,0,0.0000
4863,7726.38,17157.06,5,4,0.0000
4864,7755.56,17098.87,NaN,NaN,NaN
4865,7718.69,17759.90,2,3,0.0000
4866,7247.98,17292.63,0,0,0.0000
4867,7576.65,17446.12,3,4,0.0000
4868,7671.27,17136.50,NaN,NaN,NaN
4869,7065.82,17053.99,0,0,0.0000
4870,7805.43,17674.16,3,3,0.0000
4871,7292.56,17028.22,NaN,NaN,NaN
4872,7588.20,17360.96,2,2,0.0000
4873,7293.80,17696.15,0,0,0.0000
4874,7769.04,17580.81,5,5,0.0000
4875,7638.25,17207.29,3,4,0.0000
4876,7620.84,17372.48,3,5,0.0000
4877,7790.44,17324.32,2,2,0.0000
4878,7669.26,17291.71,2,2,0.0000
4879,7066.87,17719.62,0,0,0.0000
4880,7737.33,17632.33,3,4,0.0000
4881,7765.84,17195.08,3,5,0.0000
4882,7351.55,17612.61,0,0,0.0000
4883,7619.56,17173.06,2,3,0.0000
4884,7445.18,17600.40,NaN,NaN,NaN
4885,7055.65,17552.84,0,0,0.0000
4886,7663.79,17357.64,NaN,NaN,NaN
4887,7304.81,17263.55,NaN,NaN,NaN
4888,7303.56,17136.17,0,0,0.0000
4889,7773.54,17397.73,6,5,0.0000
4890,7627.44,17285.41,2,1,0.0000
4891,7119.02,17576.35,0,0,0.0000
4892,7072.76,17619.18,0,0,0.0000
4893,7192.55,17690.19,NaN,NaN,NaN
4894,7381.59,17777.39,0,0,0.0000
4895,7488.62,17557.91,2,1,0.0000
4896,7615.27,17131.73,NaN,NaN,NaN
4897,7797.23,17152.37,2,4,2.0000
4898,7258.62,17196.11,NaN,NaN,NaN
4899,7635.44,17645.28,0,0,0.0000
4900,7577.35,17069.67,2,2,0.0000
4901,7821.08,17269.73,4,4,0.0000
4902,8149.98,17701.04,2,1,0.0000
4903,7888.30,17173.31,2,3,0.0000
4904,8002.90,17391.79,0,0,0.0000
4905,8183.08,17788.42,2,3,0.0000
4906,7891.90,17347.61,6,8,0.0000
4907,7845.06,17790.72,2,2,0.0000
4908,8145.16,17437.96,3,3,0.0000
4909,8025.27,17649.93,6,5,0.0000
4910,7992.27,17571.45,NaN,NaN,NaN
4911,7948.05,17486.62,NaN,NaN,NaN
4912,8090.66,17770.69,4,5,0.0000
4913,8145.10,17621.39,3,2,0.0000
4914,8058.56,17342.08,NaN,NaN,NaN
4915,7909.47,17416.17,2,3,0.0000
4916,7965.13,17699.49,NaN,NaN,NaN
4917,8318.14,17652.54,5,7,0.0000
4918,8514.01,17364.38,0,0,0.0000
4919,8038.21,17193.10,2,2,0.0000
4920,8111.46,17552.22,2,1,0.0000
4921,8087.80,17291.16,0,0,0.0000
4922,8376.35,17139.56,NaN,NaN,NaN
4923,8383.06,17228.01,0,0,0.0000
4924,8240.02,17577.14,0,0,0.0000
4925,8021.14,17134.40,NaN,NaN,NaN
4926,8185.36,17390.54,0,0,0.0000
4927,8273.55,17635.04,9,11,0.0000
4928,8057.46,17573.05,2,3,0.0000
4929,8171.67,17505.79,2,2,0.0000
4930,8049.79,17504.63,NaN,NaN,NaN
4931,7924.08,17116.58,4,4,0.0000
4932,7999.27,17771.73,2,5,2.5000
4933,8159.26,17339.37,5,5,0.0000
4934,7867.61,17459.83,3,2,0.0000
4935,8288.78,17457.58,NaN,NaN,NaN
4936,7820.81,17090.74,4,4,0.0000
4937,8448.99,17327.00,NaN,NaN,NaN
4938,8084.99,17626.59,NaN,NaN,NaN
4939,8459.01,17384.05,0,0,0.0000
4940,8341.14,17211.30,NaN,NaN,NaN
4941,8010.31,17221.73,NaN,NaN,NaN
4942,7978.16,17160.73,2,3,0.0000
4943,7822.07,17028.36,NaN,NaN,NaN
4944,8241.16,17721.66,3,4,0.0000
4945,8307.84,17175.45,NaN,NaN,NaN
4946,7913.20,17041.99,4,4,0.0000
4947,8308.99,17717.11,NaN,NaN,NaN
4948,8381.26,17341.43,NaN,NaN,NaN
4949,8193.25,17544.08,NaN,NaN,NaN
4950,8093.54,17206.29,0,0,0.0000
4951,8114.79,17362.39,NaN,NaN,NaN
4952,8331.26,17585.97,3,3,0.0000
4953,8208.79,17649.85,NaN,NaN,NaN
4954,7973.09,17247.04,0,0,0.0000
4955,8025.14,17266.90,0,0,0.0000
4956,8416.64,17204.12,NaN,NaN,NaN
4957,8286.23,17550.84,NaN,NaN,NaN
4958,7952.82,17311.08,0,0,0.0000
4959,8219.09,17504.12,NaN,NaN,NaN
4960,7823.17,17585.51,5,5,0.0000
4961,8289.88,17516.57,0,0,0.0000
4962,7996.99,17311.78,0,0,0.0000
4963,8257.36,17489.24,NaN,NaN,NaN
4964,7850.03,17634.58,NaN,NaN,NaN
4965,8042.21,17731.25,NaN,NaN,NaN
4966,8081.77,17454.40,NaN,NaN,NaN
4967,8356.34,17394.97,NaN,NaN,NaN
4968,8246.36,17687.05,NaN,NaN,NaN
4969,8189.03,17296.70,0,0,0.0000
4970,9017.46,17185.94,NaN,NaN,NaN
4971,9213.24,17223.96,3,4,0.0000
4972,9146.64,17177.05,2,1,0.0000
4973,8602.16,17095.54,NaN,NaN,NaN
4974,9183.93,17155.31,NaN,NaN,NaN
4975,9379.08,17322.78,4,5,0.0000
4976,9444.43,17402.20,NaN,NaN,NaN
4977,9365.01,17031.74,NaN,NaN,NaN
4978,9371.98,17269.32,0,0,0.0000
4979,9460.59,17349.38,NaN,NaN,NaN
4980,9487.03,17137.65,0,0,0.0000
4981,9596.77,17614.62,NaN,NaN,NaN
4982,9504.95,17398.29,NaN,NaN,NaN
4983,9599.63,17586.27,NaN,NaN,NaN
4984,11261.79,17138.20,0,0,0.0000
4985,11603.56,17332.19,0,0,0.0000
4986,11619.17,17353.56,0,0,0.0000
4987,11609.30,17047.18,0,0,0.0000
4988,11779.08,17149.67,0,0,0.0000
4989,11709.03,17254.39,0,0,0.0000
4990,11688.39,17100.67,0,0,0.0000
4991,11791.46,17300.57,0,0,0.0000
4992,11770.51,17230.03,0,0,0.0000
4993,11895.61,17335.58,0,0,0.0000
4994,11836.42,17120.86,0,0,0.0000
4995,11754.62,17057.07,0,0,0.0000
4996,11723.84,17166.82,0,0,0.0000
4997,11648.01,17043.92,0,0,0.0000
4998,11699.14,17025.61,0,0,0.0000
4999,11822.79,17255.65,0,0,0.0000
5000,11741.90,17316.82,0,0,0.0000
5001,11896.72,17153.80,0,0,0.0000
5002,11668.24,17176.75,0,0,0.0000
5003,11860.35,17297.36,0,0,0.0000
5004,11849.21,17088.32,0,0,0.0000
5005,11674.87,17213.48,0,0,0.0000
5006,11874.60,17138.93,0,0,0.0000
5007,511.16,18564.42,NaN,NaN,NaN
5008,849.06,18577.09,0,0,0.0000
5009,573.79,18334.43,0,0,0.0000
5010,803.68,18151.96,2,3,0.0000
5011,798.36,18262.53,0,0,0.0000
5012,505.00,17831.33,0,0,0.0000
5013,663.33,18591.23,3,3,0.0000
5014,693.73,18370.92,NaN,NaN,NaN
5015,666.07,18128.76,2,1,0.0000
5016,772.23,17940.33,NaN,NaN,NaN
5017,791.33,18353.87,NaN,NaN,NaN
5018,413.39,18586.55,3,4,0.0000
5019,688.92,17853.55,3,5,0.0000
5020,591.18,17918.31,NaN,NaN,NaN
5021,744.52,18063.78,2,3,0.0000
5022,883.91,18130.27,NaN,NaN,NaN
5023,708.30,18202.53,NaN,NaN,NaN
5024,540.31,18275.86,2,4,2.0000
5025,717.16,17899.45,0,0,0.0000
5026,429.25,17838.76,0,0,0.0000
5027,594.90,18015.93,NaN,NaN,NaN
5028,638.66,18063.33,NaN,NaN,NaN
5029,807.86,17875.78,NaN,NaN,NaN
5030,788.33,18433.36,NaN,NaN,NaN
5031,393.08,17901.12,0,0,0.0000
5032,599.78,18454.38,NaN,NaN,NaN
5033,884.35,18432.82,0,0,0.0000
5034,511.37,17919.02,0,0,0.0000
5035,787.28,18631.97,NaN,NaN,NaN
5036,819.09,18027.00,NaN,NaN,NaN
5037,660.16,18421.66,NaN,NaN,NaN
5038,306.37,17872.86,0,0,0.0000
5039,716.14,18508.37,0,0,0.0000
5040,670.67,18261.63,NaN,NaN,NaN
5041,354.03,17799.15,0,0,0.0000
5042,865.02,17935.03,0,0,0.0000
5043,526.55,18038.17,2,3,0.0000
5044,735.69,18455.16,2,1,0.0000
5045,695.15,17957.02,0,0,0.0000
5046,616.66,18231.66,0,0,0.0000
5047,780.68,18497.14,0,0,0.0000
5048,840.34,17985.41,0,0,0.0000
5049,579.33,18402.87,2,3,0.0000
5050,559.53,17961.66,2,5,2.5000
5051,389.95,17863.62,0,0,0.0000
5052,685.66,18004.96,0,0,0.0000
5053,570.99,18211.60,0,0,0.0000
5054,674.30,18492.95,0,0,0.0000
5055,543.76,18412.22,3,3,0.0000
5056,804.43,17836.01,0,0,0.0000
5057,1180.22,18604.77,0,0,0.0000
5058,1446.59,18599.49,2,1,0.0000
5059,1213.36,17932.27,2,1,0.0000
5060,1064.12,18292.33,0,0,0.0000
5061,1613.68,18303.79,NaN,NaN,NaN
5062,1374.40,18169.45,0,0,0.0000
5063,1463.62,18099.62,0,0,0.0000
5064,1026.00,18372.79,NaN,NaN,NaN
5065,1441.76,18376.03,0,0,0.0000
5066,1357.47,18532.86,NaN,NaN,NaN
5067,1558.18,18430.75,0,0,0.0000
5068,1253.12,18077.92,0,0,0.0000
5069,1088.42,18052.23,NaN,NaN,NaN
5070,1342.90,18348.69,2,2,0.0000
5071,1375.47,18262.84,0,0,0.0000
5072,1046.35,18515.33,3,3,0.0000
5073,1612.46,18156.90,0,0,0.0000
5074,1648.37,18038.19,NaN,NaN,NaN
5075,1029.32,17982.74,0,0,0.0000
5076,1607.01,18549.26,2,3,0.0000
5077,1283.88,17803.45,NaN,NaN,NaN
5078,1024.21,17837.96,0,0,0.0000
5079,1118.16,17852.79,0,0,0.0000
5080,949.91,18210.35,2,2,0.0000
5081,1366.15,17855.26,0,0,0.0000
5082,1273.28,18184.57,NaN,NaN,NaN
5083,1639.97,18482.59,0,0,0.0000
5084,1357.50,18026.74,2,3,0.0000
5085,1534.01,18571.27,2,0,0.0000
5086,1656.29,18402.78,3,2,0.0000
5087,1300.93,18418.51,0,0,0.0000
5088,1484.03,18187.40,NaN,NaN,NaN
5089,1500.17,18273.04,0,0,0.0000
5090,933.65,18022.33,0,0,0.0000
5091,1368.54,17921.96,0,0,0.0000
5092,1082.63,18460.56,0,0,0.0000
5093,1577.46,18215.74,0,0,0.0000
5094,1187.12,18213.81,2,1,0.0000
5095,1229.61,17840.22,3,2,0.0000
5096,1056.32,18164.04,NaN,NaN,NaN
5097,1146.45,18452.13,NaN,NaN,NaN
5098,1121.81,17941.18,0,0,0.0000
5099,1443.31,17933.78,0,0,0.0000
5100,1226.35,18264.97,0,0,0.0000
5101,1061.70,17924.52,0,0,0.0000
5102,1283.79,18007.34,2,2,0.0000
5103,979.09,17896.95,NaN,NaN,NaN
5104,1399.39,18453.59,NaN,NaN,NaN
5105,1226.05,18499.10,0,0,0.0000
5106,1328.33,18608.67,NaN,NaN,NaN
5107,1494.50,17999.37,NaN,NaN,NaN
5108,1015.41,18443.95,NaN,NaN,NaN
5109,1182.32,18125.26,NaN,NaN,NaN
5110,1174.71,18517.52,NaN,NaN,NaN
5111,1276.85,18463.96,0,0,0.0000
5112,1247.25,18302.42,3,4,0.0000
5113,1650.47,17965.65,0,0,0.0000
5114,1538.27,18065.66,0,0,0.0000
5115,1069.76,18122.36,2,1,0.0000
5116,990.46,18606.53,NaN,NaN,NaN
5117,1574.41,18491.62,2,4,2.0000
5118,937.78,17961.84,NaN,NaN,NaN
5119,935.76,17856.42,NaN,NaN,NaN
5120,1177.29,18282.67,0,0,0.0000
5121,1149.50,18023.32,NaN,NaN,NaN
5122,1118.85,18182.47,0,0,0.0000
5123,1136.43,18385.63,2,3,0.0000
5124,949.42,18599.19,2,2,0.0000
5125,1295.27,17955.56,NaN,NaN,NaN
5126,1559.83,18670.99,0,0,0.0000
5127,1252.71,18381.44,0,0,0.0000
5128,1153.90,18415.87,NaN,NaN,NaN
5129,1507.27,18482.42,NaN,NaN,NaN
5130,1340.56,17980.16,NaN,NaN,NaN
5131,994.56,17938.50,NaN,NaN,NaN
5132,1313.34,18226.74,0,0,0.0000
5133,1224.73,18169.30,3,7,2.3333
5134,1417.72,17998.89,NaN,NaN,NaN
5135,1455.41,18234.17,0,0,0.0000
5136,1583.52,18077.03,0,0,0.0000
5137,1196.88,18436.61,0,0,0.0000
5138,1845.25,18378.12,3,2,0.0000
5139,1771.42,18608.38,NaN,NaN,NaN
5140,1970.41,18425.75,0,0,0.0000
5141,1962.62,17809.02,0,0,0.0000
5142,1912.07,17875.40,NaN,NaN,NaN
5143,1720.18,18448.09,0,0,0.0000
5144,2130.29,18410.11,0,0,0.0000
5145,1885.38,18518.44,0,0,0.0000
5146,1920.45,18332.14,0,0,0.0000
5147,2014.67,18344.59,NaN,NaN,NaN
5148,1723.40,18356.91,NaN,NaN,NaN
5149,1745.35,18285.59,NaN,NaN,NaN
5150,2033.70,18221.48,NaN,NaN,NaN
5151,1695.32,18185.17,NaN,NaN,NaN
5152,1852.52,18609.03,2,3,0.0000
5153,1744.17,18110.70,2,2,0.0000
5154,1994.70,18267.28,2,3,0.0000
5155,1920.77,18265.77,0,0,0.0000
5156,1893.01,17794.18,2,2,0.0000
5157,1919.64,18165.60,0,0,0.0000
5158,2091.39,18347.56,NaN,NaN,NaN
5159,1930.66,18555.81,0,0,0.0000
5160,2124.15,18500.42,NaN,NaN,NaN
5161,2086.07,18454.17,0,0,0.0000
5162,1800.73,18084.61,NaN,NaN,NaN
5163,2001.61,17928.69,0,0,0.0000
5164,1799.32,18174.34,NaN,NaN,NaN
5165,1780.65,18230.77,NaN,NaN,NaN
5166,2171.01,18330.64,0,0,0.0000
5167,2184.47,18390.49,0,0,0.0000
5168,1817.61,18506.33,2,1,0.0000
5169,2044.94,18425.65,0,0,0.0000
5170,1666.88,18105.29,3,3,0.0000
5171,1982.92,17873.38,0,0,0.0000
5172,2000.58,18562.75,NaN,NaN,NaN
5173,2038.17,18486.47,0,0,0.0000
5174,2224.56,18441.97,NaN,NaN,NaN
5175,1997.37,18507.80,2,2,0.0000
5176,2051.61,18298.46,0,0,0.0000
5177,1835.95,18146.47,0,0,0.0000
5178,2084.08,18266.82,0,0,0.0000
5179,2025.43,18628.33,2,5,2.5000
5180,1701.49,18496.19,NaN,NaN,NaN
5181,1722.85,17918.40,0,0,0.0000
5182,3951.32,18032.59,0,0,0.0000
5183,3816.72,18069.14,2,2,0.0000
5184,3941.58,17852.60,0,0,0.0000
5185,3697.97,17830.36,NaN,NaN,NaN
5186,3936.94,18244.43,8,10,0.0000
5187,3807.62,17873.11,0,0,0.0000
5188,3784.86,17946.77,0,0,0.0000
5189,3919.46,18117.96,NaN,NaN,NaN
5190,3897.96,17948.95,3,6,2.0000
5191,3864.22,17868.08,0,0,0.0000
5192,3724.13,18077.19,NaN,NaN,NaN
5193,3662.89,18001.72,0,0,0.0000
5194,3670.74,17962.26,NaN,NaN,NaN
5195,3858.19,17998.46,NaN,NaN,NaN
5196,3685.48,17924.89,4,3,0.0000
5197,3873.74,18133.42,0,0,0.0000
5198,3634.05,17928.06,NaN,NaN,NaN
5199,3817.26,17975.79,0,0,0.0000
5200,3622.81,17963.08,NaN,NaN,NaN
5201,3793.37,17803.46,NaN,NaN,NaN
5202,3967.47,18280.07,0,0,0.0000
5203,3742.82,17819.49,0,0,0.0000
5204,4273.42,18152.71,0,0,0.0000
5205,4140.21,18234.07,0,0,0.0000
5206,4568.40,17845.62,0,0,0.0000
5207,4389.53,18168.07,6,8,0.0000
5208,4606.10,18386.57,0,0,0.0000
5209,4674.94,17839.24,0,0,0.0000
5210,4114.89,17957.27,0,0,0.0000
5211,4021.07,17802.39,0,0,0.0000
5212,4610.95,18576.23,NaN,NaN,NaN
5213,4206.31,17925.28,0,0,0.0000
5214,4495.95,18132.83,NaN,NaN,NaN
5215,4371.25,17945.65,0,0,0.0000
5216,4711.66,18043.91,NaN,NaN,NaN
5217,4480.11,17878.01,0,0,0.0000
5218,4678.03,18478.93,0,0,0.0000
5219,4346.59,17861.51,0,0,0.0000
5220,4012.37,18131.43,0,0,0.0000
5221,4067.09,18084.20,0,0,0.0000
5222,4048.45,18009.33,0,0,0.0000
5223,4255.55,18013.86,0,0,0.0000
5224,4471.98,18048.19,NaN,NaN,NaN
5225,4331.97,18446.84,4,6,0.0000
5226,4225.64,18362.48,NaN,NaN,NaN
5227,4108.03,17795.50,0,0,0.0000
5228,4325.13,18024.40,2,3,0.0000
5229,4230.75,18221.24,0,0,0.0000
5230,4469.47,18210.45,NaN,NaN,NaN
5231,4224.03,18541.78,NaN,NaN,NaN
5232,4673.54,18284.18,0,0,0.0000
5233,4697.46,17954.19,NaN,NaN,NaN
5234,4366.07,18538.81,NaN,NaN,NaN
5235,4360.45,18604.33,NaN,NaN,NaN
5236,4234.58,18308.08,4,5,0.0000
5237,4643.34,17913.91,0,0,0.0000
5238,4444.52,18000.72,NaN,NaN,NaN
5239,4190.10,18291.50,0,0,0.0000
5240,4718.40,18407.01,0,0,0.0000
5241,4641.25,17978.71,0,0,0.0000
5242,4009.05,18230.04,NaN,NaN,NaN
5243,4691.11,18196.71,NaN,NaN,NaN
5244,4657.97,18619.76,0,0,0.0000
5245,4449.68,18638.87,2,4,2.0000
5246,4436.62,18269.80,3,4,0.0000
5247,4522.36,18654.24,2,3,0.0000
5248,4491.18,18411.73,4,5,0.0000
5249,4157.10,18354.94,0,0,0.0000
5250,4580.41,17936.46,0,0,0.0000
5251,4490.33,18515.25,NaN,NaN,NaN
5252,4536.45,18426.76,0,0,0.0000
5253,4605.94,18068.38,NaN,NaN,NaN
5254,4415.19,17843.63,0,0,0.0000
5255,4731.32,17935.81,NaN,NaN,NaN
5256,4641.30,18097.28,0,0,0.0000
5257,4492.14,18605.90,NaN,NaN,NaN
5258,4570.83,17992.00,NaN,NaN,NaN
5259,4145.98,18422.89,0,0,0.0000
5260,4161.41,18579.76,NaN,NaN,NaN
5261,4299.00,18602.76,2,4,2.0000
5262,4406.38,18218.45,0,0,0.0000
5263,4105.53,18335.54,0,0,0.0000
5264,4339.29,18090.75,0,0,0.0000
5265,4244.28,17849.76,0,0,0.0000
5266,4444.64,18582.22,0,0,0.0000
5267,4433.30,18459.90,0,0,0.0000
5268,4119.89,18133.46,0,0,0.0000
5269,4497.13,18553.50,0,0,0.0000
5270,4601.95,18129.73,0,0,0.0000
5271,4415.57,18056.90,3,3,0.0000
5272,4097.07,18299.01,0,0,0.0000
5273,4608.89,18480.76,0,0,0.0000
5274,4528.48,18060.29,0,0,0.0000
5275,4166.46,18048.73,0,0,0.0000
5276,3975.96,18314.97,0,0,0.0000
5277,4088.33,17859.13,0,0,0.0000
5278,4148.91,18085.15,0,0,0.0000
5279,4071.92,18247.05,0,0,0.0000
5280,5117.73,17969.87,0,0,0.0000
5281,5372.31,18392.37,0,0,0.0000
5282,4842.33,17974.86,0,0,0.0000
5283,5372.95,18029.69,NaN,NaN,NaN
5284,4823.51,17859.59,0,0,0.0000
5285,5198.97,18588.42,0,0,0.0000
5286,5357.78,18261.80,NaN,NaN,NaN
5287,4903.72,18440.64,0,0,0.0000
5288,4748.48,18536.41,NaN,NaN,NaN
5289,5139.79,17865.99,0,0,0.0000
5290,5259.08,18178.01,0,0,0.0000
5291,5048.12,18108.13,NaN,NaN,NaN
5292,5177.09,18108.04,0,0,0.0000
5293,4775.61,18202.27,0,0,0.0000
5294,5243.80,17950.29,0,0,0.0000
5295,4839.06,18189.76,0,0,0.0000
5296,5343.98,17832.84,0,0,0.0000
5297,5040.48,17833.85,0,0,0.0000
5298,5456.35,17848.98,NaN,NaN,NaN
5299,5417.41,18103.07,2,3,0.0000
5300,4954.21,18257.92,0,0,0.0000
5301,5046.65,18365.97,2,1,0.0000
5302,4843.48,18558.05,0,0,0.0000
5303,5491.50,18452.04,0,0,0.0000
5304,4923.58,17799.52,0,0,0.0000
5305,4979.97,18011.26,NaN,NaN,NaN
5306,4785.72,18443.52,0,0,0.0000
5307,4964.06,18088.27,2,3,0.0000
5308,5310.07,17903.50,0,0,0.0000
5309,4997.48,17930.02,0,0,0.0000
5310,5251.46,18057.45,0,0,0.0000
5311,5283.98,18322.63,0,0,0.0000
5312,5487.89,18624.78,NaN,NaN,NaN
5313,5230.73,18381.85,0,0,0.0000
5314,4901.78,18095.75,0,0,0.0000
5315,5392.37,17953.72,0,0,0.0000
5316,5438.99,18636.44,0,0,0.0000
5317,4814.90,18369.42,0,0,0.0000
5318,5032.39,18177.59,0,0,0.0000
5319,4950.13,17885.33,NaN,NaN,NaN
5320,4798.39,18066.00,0,0,0.0000
5321,5231.65,17815.93,0,0,0.0000
5322,5419.90,18493.20,0,0,0.0000
5323,5162.79,18198.92,0,0,0.0000
5324,5444.68,18241.84,0,0,0.0000
5325,5448.17,17909.31,NaN,NaN,NaN
5326,5142.09,18307.29,0,0,0.0000
5327,5219.90,18323.38,0,0,0.0000
5328,4872.76,18283.50,0,0,0.0000
5329,4748.34,18288.52,0,0,0.0000
5330,5121.16,18041.61,0,0,0.0000
5331,5055.81,18519.31,0,0,0.0000
5332,4913.43,18546.30,0,0,0.0000
5333,4937.94,18488.78,0,0,0.0000
5334,5255.60,18263.86,0,0,0.0000
5335,5077.02,18583.34,0,0,0.0000
5336,5446.09,18163.68,0,0,0.0000
5337,5366.77,18506.77,0,0,0.0000
5338,4893.06,18169.04,0,0,0.0000
5339,5132.81,18533.02,0,0,0.0000
5340,5174.16,18359.06,0,0,0.0000
5341,4976.75,18522.81,0,0,0.0000
5342,5252.94,18526.84,0,0,0.0000
5343,4948.54,18364.01,0,0,0.0000
5344,5006.65,18415.12,0,0,0.0000
5345,4959.23,18184.31,0,0,0.0000
5346,4994.27,18599.71,0,0,0.0000
5347,4913.50,17927.75,0,0,0.0000
5348,5158.73,17806.40,0,0,0.0000
5349,4806.81,18520.29,0,0,0.0000
5350,4869.16,18488.03,0,0,0.0000
5351,5476.89,18026.56,NaN,NaN,NaN
5352,5202.17,18248.80,0,0,0.0000
5353,5055.73,18289.76,0,0,0.0000
5354,4908.38,18377.86,0,0,0.0000
5355,4752.41,18340.73,0,0,0.0000
5356,4885.61,18349.29,0,0,0.0000
5357,5115.00,18272.28,0,0,0.0000
5358,5112.14,18138.63,0,0,0.0000
5359,5262.83,18455.25,0,0,0.0000
5360,5932.67,17910.84,NaN,NaN,NaN
5361,5532.88,18302.92,3,5,0.0000
5362,5567.38,18189.17,0,0,0.0000
5363,5635.74,17928.63,2,1,0.0000
5364,5709.73,17817.27,0,0,0.0000
5365,5767.12,18374.43,0,0,0.0000
5366,5996.11,18205.51,0,0,0.0000
5367,6183.19,17947.13,0,0,0.0000
5368,5816.93,17904.63,0,0,0.0000
5369,5746.53,18150.25,NaN,NaN,NaN
5370,5960.36,18061.81,0,0,0.0000
5371,6167.97,18155.42,0,0,0.0000
5372,6129.57,17835.19,2,2,0.0000
5373,5763.11,17952.10,0,0,0.0000
5374,6252.57,17923.44,0,0,0.0000
5375,5629.46,18457.78,0,0,0.0000
5376,5528.85,18097.19,0,0,0.0000
5377,5576.78,18532.65,0,0,0.0000
5378,5718.70,17930.92,0,0,0.0000
5379,5862.02,18308.27,0,0,0.0000
5380,5846.91,18058.19,0,0,0.0000
5381,6110.17,17948.80,0,0,0.0000
5382,5792.66,18259.82,NaN,NaN,NaN
5383,5678.74,18497.94,0,0,0.0000
5384,5537.64,17904.61,0,0,0.0000
5385,5996.31,18129.34,0,0,0.0000
5386,5601.08,18047.63,NaN,NaN,NaN
5387,6259.31,18107.00,0,0,0.0000
5388,5829.25,18445.47,0,0,0.0000
5389,5849.18,18511.07,0,0,0.0000
5390,5772.92,18318.28,0,0,0.0000
5391,5916.72,18161.48,0,0,0.0000
5392,5897.39,18006.65,0,0,0.0000
5393,5922.54,18508.85,0,0,0.0000
5394,5517.12,17969.89,0,0,0.0000
5395,5512.63,18039.75,NaN,NaN,NaN
5396,5876.75,18415.26,0,0,0.0000
5397,6255.28,18351.72,NaN,NaN,NaN
5398,6013.41,18311.45,0,0,0.0000
5399,5645.44,18083.10,0,0,0.0000
5400,6082.20,18316.90,0,0,0.0000
5401,5609.17,18002.24,0,0,0.0000
5402,5701.86,18559.84,0,0,0.0000
5403,5813.10,17809.81,0,0,0.0000
5404,5842.69,18173.36,0,0,0.0000
5405,5970.57,17836.90,NaN,NaN,NaN
5406,5515.36,18386.06,NaN,NaN,NaN
5407,5754.99,18474.62,0,0,0.0000
5408,5657.46,18247.14,0,0,0.0000
5409,6127.74,18344.10,0,0,0.0000
5410,5633.96,18371.95,NaN,NaN,NaN
5411,5980.65,18382.50,0,0,0.0000
5412,6014.99,18517.53,0,0,0.0000
5413,5828.32,17986.06,0,0,0.0000
5414,5658.75,18130.86,0,0,0.0000
5415,5602.47,18117.22,0,0,0.0000
5416,6207.14,17833.59,0,0,0.0000
5417,6200.38,18348.51,NaN,NaN,NaN
5418,5787.33,18037.69,0,0,0.0000
5419,5959.58,18343.26,0,0,0.0000
5420,5704.80,18092.47,NaN,NaN,NaN
5421,6059.77,17891.20,0,0,0.0000
5422,5984.00,18492.65,0,0,0.0000
5423,6088.04,18151.62,0,0,0.0000
5424,6146.99,18293.29,0,0,0.0000
5425,6014.99,18018.54,0,0,0.0000
5426,5924.71,18379.64,0,0,0.0000
5427,5708.19,18037.22,2,0,0.0000
5428,5893.82,18095.96,0,0,0.0000
5429,6043.80,18416.31,0,0,0.0000
5430,6053.44,18381.42,0,0,0.0000
5431,5842.29,18221.24,0,0,0.0000
5432,5743.02,18439.66,0,0,0.0000
5433,6195.57,18248.89,0,0,0.0000
5434,6109.50,18399.38,0,0,0.0000
5435,5613.41,18574.68,NaN,NaN,NaN
5436,6016.34,18267.79,0,0,0.0000
5437,6144.74,18074.69,0,0,0.0000
5438,6087.16,18025.30,0,0,0.0000
5439,6271.40,17994.33,0,0,0.0000
5440,5695.79,18240.42,0,0,0.0000
5441,5555.10,18597.66,2,3,0.0000
5442,6225.81,18025.79,0,0,0.0000
5443,6164.94,18408.88,0,0,0.0000
5444,6233.04,18261.21,0,0,0.0000
5445,5662.61,18177.37,0,0,0.0000
5446,6045.80,17959.92,0,0,0.0000
5447,6027.66,17915.15,NaN,NaN,NaN
5448,6055.75,18066.22,0,0,0.0000
5449,5989.45,18445.53,0,0,0.0000
5450,6202.01,18086.49,0,0,0.0000
5451,5928.12,18448.71,0,0,0.0000
5452,6262.95,18210.57,0,0,0.0000
5453,6082.40,18086.66,0,0,0.0000
5454,5871.15,17817.37,0,0,0.0000
5455,6224.38,17998.81,0,0,0.0000
5456,5959.83,17993.10,0,0,0.0000
5457,5608.89,18499.16,0,0,0.0000
5458,5984.69,18544.16,0,0,0.0000
5459,6144.75,18251.98,0,0,0.0000
5460,6128.65,18191.57,0,0,0.0000
5461,5891.77,18214.78,0,0,0.0000
5462,5690.24,18295.27,0,0,0.0000
5463,5906.63,17809.23,0,0,0.0000
5464,6073.66,18218.65,0,0,0.0000
5465,5693.73,18342.72,0,0,0.0000
5466,6669.16,17816.34,NaN,NaN,NaN
5467,6404.56,17996.08,0,0,0.0000
5468,6817.19,17866.61,0,0,0.0000
5469,6282.11,17837.11,0,0,0.0000
5470,6379.60,18241.33,0,0,0.0000
5471,6608.14,18174.15,0,0,0.0000
5472,6487.32,18223.54,NaN,NaN,NaN
5473,6427.87,17856.36,0,0,0.0000
5474,6733.99,18007.70,0,0,0.0000
5475,6611.24,17987.20,3,4,0.0000
5476,6367.70,17829.09,0,0,0.0000
5477,6288.51,18281.74,0,0,0.0000
5478,6505.56,17922.22,0,0,0.0000
5479,6373.82,18131.29,0,0,0.0000
5480,6696.61,17959.89,0,0,0.0000
5481,6523.49,17851.61,0,0,0.0000
5482,6458.61,18138.22,0,0,0.0000
5483,6357.60,17903.59,0,0,0.0000
5484,6405.62,18081.85,0,0,0.0000
5485,6573.25,17904.21,0,0,0.0000
5486,6481.61,17813.65,0,0,0.0000
5487,6902.31,17837.46,0,0,0.0000
5488,6881.33,17910.70,0,0,0.0000
5489,6288.44,18164.04,0,0,0.0000
5490,6293.97,18063.23,0,0,0.0000
5491,6868.35,17813.91,0,0,0.0000
5492,6553.29,18180.88,0,0,0.0000
5493,6758.10,17953.62,0,0,0.0000
5494,7769.59,18450.37,0,0,0.0000
5495,7674.03,18371.85,NaN,NaN,NaN
5496,7453.87,18005.95,NaN,NaN,NaN
5497,7368.98,18387.95,NaN,NaN,NaN
5498,7649.14,17995.50,2,2,0.0000
5499,7351.96,18102.72,NaN,NaN,NaN
5500,7747.82,17883.94,NaN,NaN,NaN
5501,7210.16,18463.41,0,0,0.0000
5502,7485.01,18132.16,NaN,NaN,NaN
5503,7328.18,17879.23,2,2,0.0000
5504,7771.43,18573.74,4,4,0.0000
5505,7294.74,17824.76,0,0,0.0000
5506,7306.97,18611.68,NaN,NaN,NaN
5507,7721.96,18049.26,NaN,NaN,NaN
5508,7459.66,18294.13,0,0,0.0000
5509,7622.81,17848.08,NaN,NaN,NaN
5510,7547.22,18403.40,NaN,NaN,NaN
5511,7623.64,18546.14,0,0,0.0000
5512,7482.77,17838.18,NaN,NaN,NaN
5513,7281.28,18128.93,0,0,0.0000
5514,7532.92,18564.60,NaN,NaN,NaN
5515,7677.52,18129.39,0,0,0.0000
5516,7787.39,17842.31,NaN,NaN,NaN
5517,7291.76,18069.15,0,0,0.0000
5518,7476.62,18494.23,0,0,0.0000
5519,7300.82,18288.86,0,0,0.0000
5520,7774.88,18353.34,0,0,0.0000
5521,7562.75,18337.32,2,4,2.0000
5522,7392.71,18602.27,NaN,NaN,NaN
5523,7530.22,17846.69,NaN,NaN,NaN
5524,7424.21,17923.38,4,3,0.0000
5525,7457.35,18579.17,NaN,NaN,NaN
5526,7638.52,18225.32,NaN,NaN,NaN
5527,7475.26,18235.33,0,0,0.0000
5528,7330.17,18472.56,0,0,0.0000
5529,7625.21,18077.07,0,0,0.0000
5530,7177.92,18560.38,2,1,0.0000
5531,7151.50,17802.68,0,0,0.0000
5532,7336.97,18264.39,0,0,0.0000
5533,7218.12,18525.24,0,0,0.0000
5534,7359.13,17971.96,0,0,0.0000
5535,7539.53,17944.38,0,0,0.0000
5536,7804.35,18001.82,NaN,NaN,NaN
5537,7380.38,18484.95,NaN,NaN,NaN
5538,7274.59,18563.24,NaN,NaN,NaN
5539,7523.97,18039.69,0,0,0.0000
5540,7453.32,18181.27,0,0,0.0000
5541,7225.54,18579.60,0,0,0.0000
5542,7100.52,17796.25,0,0,0.0000
5543,7247.48,18668.98,0,0,0.0000
5544,7730.19,18276.11,NaN,NaN,NaN
5545,7345.16,18547.40,NaN,NaN,NaN
5546,7381.75,17886.66,NaN,NaN,NaN
5547,7621.20,18302.09,NaN,NaN,NaN
5548,7221.84,17920.89,NaN,NaN,NaN
5549,7442.64,18446.37,0,0,0.0000
5550,7705.51,18234.13,0,0,0.0000
5551,7398.27,18333.91,NaN,NaN,NaN
5552,7468.36,18425.41,0,0,0.0000
5553,7745.15,17994.35,NaN,NaN,NaN
5554,7747.70,17948.59,0,0,0.0000
5555,7394.52,17982.63,NaN,NaN,NaN
5556,7260.12,18214.05,0,0,0.0000
5557,7415.66,18259.92,0,0,0.0000
5558,7580.04,17899.26,NaN,NaN,NaN
5559,7293.80,18493.06,0,0,0.0000
5560,7297.51,18355.23,0,0,0.0000
5561,7272.00,17993.27,0,0,0.0000
5562,7224.08,17837.71,0,0,0.0000
5563,7251.59,17974.85,0,0,0.0000
5564,7258.17,18413.14,0,0,0.0000
5565,8114.85,18334.53,2,1,0.0000
5566,7916.88,18054.57,2,3,0.0000
5567,8046.00,18177.87,NaN,NaN,NaN
5568,8143.03,17984.93,NaN,NaN,NaN
5569,7950.11,17868.23,4,4,0.0000
5570,8032.18,17898.14,NaN,NaN,NaN
5571,8115.51,18497.57,2,2,0.0000
5572,8063.97,18038.06,NaN,NaN,NaN
5573,7967.77,18540.96,NaN,NaN,NaN
5574,8533.53,18155.35,6,6,0.0000
5575,8022.90,18398.65,0,0,0.0000
5576,7918.11,17951.41,NaN,NaN,NaN
5577,7949.92,18398.74,0,0,0.0000
5578,8564.73,18299.34,NaN,NaN,NaN
5579,8211.56,18065.31,4,4,0.0000
5580,7837.33,17921.24,NaN,NaN,NaN
5581,8187.60,18393.46,NaN,NaN,NaN
5582,8073.83,17832.07,NaN,NaN,NaN
5583,8125.56,17867.67,2,1,0.0000
5584,7836.88,18246.73,0,0,0.0000
5585,7934.07,18295.53,0,0,0.0000
5586,8163.32,18228.28,NaN,NaN,NaN
5587,7848.97,18120.89,NaN,NaN,NaN
5588,8067.88,18543.27,0,0,0.0000
5589,7854.74,18562.75,0,0,0.0000
5590,8169.68,18529.58,NaN,NaN,NaN
5591,7898.75,18526.05,2,3,0.0000
5592,8564.72,18410.58,0,0,0.0000
5593,7883.21,18361.26,NaN,NaN,NaN
5594,7828.67,18333.12,0,0,0.0000
5595,8030.12,18614.36,0,0,0.0000
5596,8201.86,18632.39,0,0,0.0000
5597,8256.38,18027.72,3,4,0.0000
5598,8144.84,18427.06,0,0,0.0000
5599,7883.46,18303.62,0,0,0.0000
5600,8107.65,18624.62,0,0,0.0000
5601,7965.39,18197.90,0,0,0.0000
5602,8189.48,17930.52,2,1,0.0000
5603,8022.54,18508.98,2,4,2.0000
5604,8561.60,18058.93,NaN,NaN,NaN
5605,8559.72,18254.94,0,0,0.0000
5606,8118.81,18155.66,NaN,NaN,NaN
5607,7914.31,18465.19,2,4,2.0000
5608,8113.67,18088.80,NaN,NaN,NaN
5609,7812.20,18184.83,0,0,0.0000
5610,8180.25,18669.55,0,0,0.0000
5611,8563.06,18534.88,NaN,NaN,NaN
5612,8020.63,18292.93,0,0,0.0000
5613,8156.84,18633.15,0,0,0.0000
5614,8238.96,17885.60,3,3,0.0000
5615,8541.84,18568.99,0,0,0.0000
5616,8146.68,18085.38,3,3,0.0000
5617,8712.48,18420.34,2,2,0.0000
5618,8703.89,18612.42,NaN,NaN,NaN
5619,8832.16,18386.27,NaN,NaN,NaN
5620,8796.59,18611.19,2,2,0.0000
5621,8643.45,18516.35,0,0,0.0000
5622,8692.74,18299.32,0,0,0.0000
5623,8734.20,18244.48,NaN,NaN,NaN
5624,8780.18,18539.56,0,0,0.0000
5625,8638.32,18417.65,NaN,NaN,NaN
5626,8603.41,18343.61,NaN,NaN,NaN
5627,8696.20,18190.81,NaN,NaN,NaN
5628,8786.81,18386.84,NaN,NaN,NaN
5629,8812.75,18488.85,NaN,NaN,NaN
5630,8638.59,18209.51,NaN,NaN,NaN
5631,8592.21,18134.94,NaN,NaN,NaN
5632,8635.24,18144.37,NaN,NaN,NaN
5633,8579.67,18207.50,NaN,NaN,NaN
5634,8700.64,18138.14,NaN,NaN,NaN
5635,8600.24,18467.08,0,0,0.0000
5636,8645.55,18317.11,NaN,NaN,NaN
5637,9915.47,18288.04,0,0,0.0000
5638,9995.96,18433.16,NaN,NaN,NaN
5639,9939.46,18588.76,0,0,0.0000
5640,9993.77,18542.15,0,0,0.0000
5641,9746.52,18317.64,0,0,0.0000
5642,11423.52,18487.70,0,0,0.0000
5643,11615.28,18611.11,0,0,0.0000
5644,11574.45,18325.58,0,0,0.0000
5645,11567.96,18631.43,0,0,0.0000
5646,11344.36,18530.03,0,0,0.0000
5647,11475.93,18448.88,0,0,0.0000
5648,11522.98,18627.70,0,0,0.0000
5649,11624.27,18330.20,0,0,0.0000
5650,11491.83,18394.97,0,0,0.0000
5651,11527.45,18521.90,0,0,0.0000
5652,11525.49,18436.29,0,0,0.0000
5653,11515.31,18347.91,0,0,0.0000
5654,11542.63,18380.77,0,0,0.0000
5655,11472.67,18534.56,0,0,0.0000
5656,11532.20,18571.05,0,0,0.0000
5657,11658.11,18272.22,0,0,0.0000
5658,11971.75,18191.25,0,0,0.0000
5659,11865.91,18298.22,0,0,0.0000
5660,11724.91,18648.17,0,0,0.0000
5661,11738.67,18561.12,0,0,0.0000
5662,11745.89,18461.81,0,0,0.0000
5663,11781.52,18528.01,0,0,0.0000
5664,11685.99,18318.54,0,0,0.0000
5665,11726.16,18264.53,0,0,0.0000
5666,11814.17,18634.59,0,0,0.0000
5667,11764.92,18625.54,0,0,0.0000
5668,11831.63,18359.31,0,0,0.0000
5669,11786.14,18617.10,0,0,0.0000
5670,11717.33,18574.47,0,0,0.0000
5671,12042.82,18069.69,0,0,0.0000
5672,11648.01,18571.44,0,0,0.0000
5673,11778.48,18408.89,0,0,0.0000
5674,11734.11,18430.46,0,0,0.0000
5675,11829.18,18328.67,0,0,0.0000
5676,11847.34,18465.26,0,0,0.0000
5677,11858.40,18622.19,0,0,0.0000
5678,13874.41,18535.35,0,0,0.0000
5679,13772.61,18371.32,0,0,0.0000
5680,13937.46,18221.00,0,0,0.0000
5681,13836.48,18506.62,0,0,0.0000
5682,13787.73,18479.60,0,0,0.0000
5683,13909.19,18239.90,0,0,0.0000
5684,13806.55,18523.07,0,0,0.0000
5685,14018.96,18164.00,0,0,0.0000
5686,13973.07,18075.48,0,0,0.0000
5687,13982.28,18130.86,0,0,0.0000
5688,13960.44,18161.79,0,0,0.0000
