cell_id,centroid_x,centroid_y,reddot,blackdot,score
1,15862.05,3910.64,0,0,0.0000
2,15817.84,3981.42,0,0,0.0000
3,2370.78,6043.78,0,0,0.0000
4,2421.72,6056.50,0,0,0.0000
5,2319.90,6105.17,0,0,0.0000
6,2323.76,6064.50,0,0,0.0000
7,2504.70,6061.50,0,0,0.0000
8,2457.48,6064.95,0,0,0.0000
9,544.57,6926.95,0,0,0.0000
10,985.59,7020.27,0,0,0.0000
11,1303.14,6988.79,0,0,0.0000
12,1366.59,6969.99,0,0,0.0000
13,1498.24,7020.81,0,0,0.0000
14,1484.92,6888.76,0,0,0.0000
15,1248.70,6980.41,0,0,0.0000
16,1024.84,6954.10,0,0,0.0000
17,975.82,6926.67,0,0,0.0000
18,1416.64,6943.81,0,0,0.0000
19,908.02,6885.83,0,0,0.0000
20,1409.35,7014.91,0,0,0.0000
21,928.72,6918.31,0,0,0.0000
22,853.35,7663.45,0,0,0.0000
23,774.76,7109.21,0,0,0.0000
24,286.37,7649.55,0,0,0.0000
25,455.53,7189.29,0,0,0.0000
26,868.33,7066.14,0,0,0.0000
27,498.25,7262.11,0,0,0.0000
28,653.83,7282.82,0,0,0.0000
29,641.91,7690.43,0,0,0.0000
30,685.65,7148.92,0,0,0.0000
31,787.02,7689.14,0,0,0.0000
32,1106.19,7647.65,0,0,0.0000
33,1068.81,7561.18,0,0,0.0000
34,1188.95,7488.20,0,0,0.0000
35,1318.63,7527.46,0,0,0.0000
36,1268.34,7653.14,0,0,0.0000
37,1179.75,7545.42,0,0,0.0000
38,1459.66,7518.51,0,0,0.0000
39,978.81,7622.11,0,0,0.0000
40,1290.81,7597.12,0,0,0.0000
41,912.82,7613.68,0,0,0.0000
42,1440.77,7054.26,0,0,0.0000
43,1214.17,7686.29,0,0,0.0000
44,1390.80,7535.40,0,0,0.0000
45,1513.77,7521.28,0,0,0.0000
46,938.00,7563.22,0,0,0.0000
47,1353.87,7575.57,0,0,0.0000
48,956.89,7673.40,0,0,0.0000
49,1409.60,7494.54,0,0,0.0000
50,1351.29,7646.84,0,0,0.0000
51,1365.17,7069.74,0,0,0.0000
52,1304.01,7098.78,0,0,0.0000
53,1283.82,7438.73,0,0,0.0000
54,1368.82,7112.43,0,0,0.0000
55,1260.59,7509.21,0,0,0.0000
56,1473.06,7585.65,0,0,0.0000
57,1505.05,7563.95,0,0,0.0000
58,1370.20,7618.16,0,0,0.0000
59,1334.23,7083.12,0,0,0.0000
60,1384.60,7046.10,0,0,0.0000
61,1200.79,7655.66,0,0,0.0000
62,1402.57,7071.97,0,0,0.0000
63,3041.77,7788.10,0,0,0.0000
64,3074.41,7730.84,0,0,0.0000
65,3138.35,7782.17,0,0,0.0000
66,2968.38,7716.91,0,0,0.0000
67,2907.48,7656.10,0,0,0.0000
68,2479.25,7614.17,0,0,0.0000
69,3173.54,7739.21,0,0,0.0000
70,2995.05,7754.09,0,0,0.0000
71,795.18,8572.33,0,0,0.0000
72,848.40,8543.63,0,0,0.0000
73,1335.39,8574.43,0,0,0.0000
74,1213.62,8516.54,0,0,0.0000
75,1162.38,8455.86,0,0,0.0000
76,1286.20,8513.21,0,0,0.0000
77,1093.09,8505.25,0,0,0.0000
78,1033.07,8509.21,0,0,0.0000
79,1411.26,8455.05,0,0,0.0000
80,1392.21,8393.88,0,0,0.0000
81,1479.86,8398.89,0,0,0.0000
82,1531.44,8416.97,0,0,0.0000
83,1025.75,8547.31,0,0,0.0000
84,1439.99,8385.93,0,0,0.0000
85,1090.80,8468.01,0,0,0.0000
86,944.87,8512.91,0,0,0.0000
87,1143.30,8505.60,0,0,0.0000
88,2359.13,8110.18,0,0,0.0000
89,1775.34,8409.87,0,0,0.0000
90,2114.63,8361.92,NaN,NaN,NaN
91,1758.35,8191.41,0,0,0.0000
92,1967.68,8290.85,0,0,0.0000
93,1717.00,8461.60,0,0,0.0000
94,2430.27,8065.31,0,0,0.0000
95,2019.17,8383.46,0,0,0.0000
96,2063.20,8240.54,0,0,0.0000
97,1900.68,8242.90,NaN,NaN,NaN
98,1791.70,8264.16,0,0,0.0000
99,2304.43,8450.08,0,0,0.0000
100,1692.97,8266.72,0,0,0.0000
101,1854.99,8447.87,0,0,0.0000
102,2043.02,8481.53,0,0,0.0000
103,2307.17,8193.14,0,0,0.0000
104,2035.74,8326.44,0,0,0.0000
105,1989.61,8516.13,0,0,0.0000
106,2167.97,8405.72,0,0,0.0000
107,2401.96,8176.09,0,0,0.0000
108,2110.79,8440.72,0,0,0.0000
109,1962.45,8207.31,0,0,0.0000
110,2226.38,8408.49,0,0,0.0000
111,1888.02,8163.06,0,0,0.0000
112,1851.92,8508.48,0,0,0.0000
113,1834.09,8188.85,0,0,0.0000
114,2417.50,8248.44,0,0,0.0000
115,2319.61,8258.16,0,0,0.0000
116,1819.39,8366.06,0,0,0.0000
117,2375.42,8021.07,0,0,0.0000
118,2259.69,8227.74,0,0,0.0000
119,2359.95,8200.52,0,0,0.0000
120,1924.22,8502.33,0,0,0.0000
121,2045.03,8268.58,0,0,0.0000
122,2226.65,8452.66,0,0,0.0000
123,1878.19,8537.00,0,0,0.0000
124,2110.57,8300.14,0,0,0.0000
125,1682.50,8395.59,0,0,0.0000
126,1782.68,8503.03,0,0,0.0000
127,1801.64,8337.97,0,0,0.0000
128,1746.77,8292.62,0,0,0.0000
129,2237.39,8143.97,0,0,0.0000
130,1735.15,8341.52,0,0,0.0000
131,1765.46,8322.28,0,0,0.0000
132,2911.22,8105.73,0,0,0.0000
133,3197.17,8423.65,0,0,0.0000
134,2492.95,8274.93,0,0,0.0000
135,3075.47,8389.08,0,0,0.0000
136,3058.45,7913.73,0,0,0.0000
137,2999.81,8432.64,0,0,0.0000
138,2896.41,7908.60,0,0,0.0000
139,3080.67,8056.86,0,0,0.0000
140,2745.99,8089.90,0,0,0.0000
141,2968.69,8297.61,0,0,0.0000
142,3009.58,8493.34,0,0,0.0000
143,2830.79,7913.63,0,0,0.0000
144,2487.42,8198.18,0,0,0.0000
145,3025.91,8001.68,0,0,0.0000
146,2644.45,8442.44,0,0,0.0000
147,2833.53,8051.96,0,0,0.0000
148,3170.29,8255.49,0,0,0.0000
149,2812.87,7999.64,0,0,0.0000
150,2907.48,8430.29,0,0,0.0000
151,3038.89,8160.51,0,0,0.0000
152,2582.10,8477.86,NaN,NaN,NaN
153,2942.34,8517.79,0,0,0.0000
154,2630.35,8518.68,0,0,0.0000
155,2871.32,8291.10,0,0,0.0000
156,2785.57,7926.96,0,0,0.0000
157,3058.43,8319.64,0,0,0.0000
158,3129.14,7869.16,0,0,0.0000
159,2948.99,8192.59,0,0,0.0000
160,3110.34,8474.18,0,0,0.0000
161,2910.84,8304.38,0,0,0.0000
162,3115.55,8126.09,0,0,0.0000
163,3054.88,8208.19,0,0,0.0000
164,3165.53,8194.39,0,0,0.0000
165,3016.89,8548.95,0,0,0.0000
166,3050.18,8275.68,0,0,0.0000
167,2793.08,8283.98,0,0,0.0000
168,2581.04,8422.23,NaN,NaN,NaN
169,2486.10,8533.80,0,0,0.0000
170,3183.98,8326.34,0,0,0.0000
171,2732.88,8508.75,NaN,NaN,NaN
172,2522.37,8386.00,0,0,0.0000
173,3157.83,8004.96,0,0,0.0000
174,3184.07,7905.40,0,0,0.0000
175,2449.43,8151.10,0,0,0.0000
176,2522.93,8486.65,0,0,0.0000
177,2932.37,7955.49,0,0,0.0000
178,2625.52,7938.48,0,0,0.0000
179,2568.81,8317.87,0,0,0.0000
180,2526.53,8331.16,0,0,0.0000
181,3098.21,8222.91,0,0,0.0000
182,2985.15,8134.23,0,0,0.0000
183,2923.12,8023.34,0,0,0.0000
184,2747.74,7986.90,0,0,0.0000
185,2958.57,8385.83,0,0,0.0000
186,2999.22,8063.69,0,0,0.0000
187,2768.13,8207.98,0,0,0.0000
188,2803.88,8208.85,0,0,0.0000
189,2992.09,7850.79,0,0,0.0000
190,2859.03,8222.59,0,0,0.0000
191,2451.52,8428.30,0,0,0.0000
192,3118.49,7991.78,0,0,0.0000
193,2666.64,8545.45,NaN,NaN,NaN
194,2758.42,8550.57,NaN,NaN,NaN
195,2563.44,8390.59,NaN,NaN,NaN
196,2871.15,8385.29,0,0,0.0000
197,2998.22,8359.17,0,0,0.0000
198,3112.49,8297.29,0,0,0.0000
199,3161.94,7831.26,0,0,0.0000
200,2978.32,8010.20,0,0,0.0000
201,3109.53,7832.23,0,0,0.0000
202,2578.26,8362.29,NaN,NaN,NaN
203,3153.52,8312.79,0,0,0.0000
204,3117.94,8332.06,0,0,0.0000
205,3436.90,8452.71,0,0,0.0000
206,3221.94,8564.11,NaN,NaN,NaN
207,3245.65,8104.57,0,0,0.0000
208,3436.66,8571.08,0,0,0.0000
209,3489.22,8370.09,0,0,0.0000
210,3425.94,8338.47,0,0,0.0000
211,3237.98,8327.09,0,0,0.0000
212,3320.04,8104.07,0,0,0.0000
213,3345.09,8233.76,0,0,0.0000
214,3567.22,8415.63,0,0,0.0000
215,3359.88,8292.31,0,0,0.0000
216,3338.19,8344.40,0,0,0.0000
217,3334.15,8153.26,0,0,0.0000
218,3296.57,8171.67,0,0,0.0000
219,3226.44,7991.23,0,0,0.0000
220,3352.29,8054.68,0,0,0.0000
221,3278.02,8573.83,0,0,0.0000
222,3218.46,7842.78,0,0,0.0000
223,3205.95,8040.18,0,0,0.0000
224,3285.23,8035.45,0,0,0.0000
225,3392.28,8072.24,0,0,0.0000
226,3300.17,8251.50,0,0,0.0000
227,3241.50,8207.43,0,0,0.0000
228,3414.18,8212.63,0,0,0.0000
229,3501.85,8540.04,0,0,0.0000
230,3511.08,8402.66,0,0,0.0000
231,3226.70,8169.60,0,0,0.0000
232,3400.68,8513.74,0,0,0.0000
233,3359.90,8387.46,0,0,0.0000
234,3282.99,8382.59,0,0,0.0000
235,3226.03,8260.78,0,0,0.0000
236,862.08,9060.88,2,2,0.0000
237,781.92,8688.78,NaN,NaN,NaN
238,772.08,8944.03,0,0,0.0000
239,719.69,8762.92,NaN,NaN,NaN
240,809.10,9005.50,NaN,NaN,NaN
241,53.07,8897.04,NaN,NaN,NaN
242,845.52,8916.00,NaN,NaN,NaN
243,874.30,8791.13,NaN,NaN,NaN
244,895.25,8731.53,2,2,0.0000
245,806.36,8803.46,0,0,0.0000
246,802.18,8855.39,NaN,NaN,NaN
247,856.24,8606.83,0,0,0.0000
248,746.80,8592.72,0,0,0.0000
249,684.63,8649.65,0,0,0.0000
250,812.50,8759.15,NaN,NaN,NaN
251,1011.75,9136.22,NaN,NaN,NaN
252,1500.39,8646.13,0,0,0.0000
253,1627.30,8696.58,0,0,0.0000
254,1153.26,8856.12,0,0,0.0000
255,932.19,8924.78,0,0,0.0000
256,902.80,8661.18,NaN,NaN,NaN
257,1582.21,8886.52,NaN,NaN,NaN
258,1142.66,8686.51,0,0,0.0000
259,1010.80,8599.82,0,0,0.0000
260,1414.89,9236.78,0,0,0.0000
261,1337.46,9242.11,0,0,0.0000
262,1266.06,8918.29,0,0,0.0000
263,1626.33,8767.16,0,0,0.0000
264,1226.38,9062.63,0,0,0.0000
265,1102.80,8607.16,0,0,0.0000
266,1371.31,8652.75,0,0,0.0000
267,1584.20,8625.05,0,0,0.0000
268,968.79,9021.43,0,0,0.0000
269,1409.06,8711.21,0,0,0.0000
270,1293.13,9343.37,0,0,0.0000
271,1171.48,8601.46,0,0,0.0000
272,1165.71,8979.15,0,0,0.0000
273,1409.22,9006.44,NaN,NaN,NaN
274,1515.55,8827.50,0,0,0.0000
275,1120.19,9104.68,0,0,0.0000
276,1278.27,9285.66,0,0,0.0000
277,1005.28,8953.84,0,0,0.0000
278,1178.82,9255.39,0,0,0.0000
279,1134.68,9197.95,2,2,0.0000
280,1226.64,9272.85,0,0,0.0000
281,1033.10,8831.51,2,2,0.0000
282,1652.41,8912.33,0,0,0.0000
283,1539.53,9331.17,0,0,0.0000
284,1292.11,9055.94,0,0,0.0000
285,1595.74,8822.28,0,0,0.0000
286,1408.12,8759.30,0,0,0.0000
287,990.91,8696.20,NaN,NaN,NaN
288,1385.69,9321.48,0,0,0.0000
289,1289.26,8731.23,0,0,0.0000
290,1099.39,8971.32,NaN,NaN,NaN
291,1043.18,8666.27,0,0,0.0000
292,929.01,8836.80,8,12,0.0000
293,1045.72,9015.93,0,0,0.0000
294,1059.84,8770.13,0,0,0.0000
295,1416.37,9058.45,0,0,0.0000
296,1193.77,9327.10,0,0,0.0000
297,1651.64,8831.73,0,0,0.0000
298,1055.05,8937.68,NaN,NaN,NaN
299,1345.15,9152.99,0,0,0.0000
300,1269.79,8615.91,0,0,0.0000
301,1445.02,8813.77,0,0,0.0000
302,1212.25,8714.54,0,0,0.0000
303,1009.86,8760.57,0,0,0.0000
304,1192.77,8905.03,2,1,0.0000
305,1088.54,8863.35,NaN,NaN,NaN
306,1337.69,9100.09,0,0,0.0000
307,1408.58,9114.73,0,0,0.0000
308,1368.79,9051.02,0,0,0.0000
309,1184.82,8806.12,0,0,0.0000
310,1276.24,8997.98,NaN,NaN,NaN
311,1140.90,9321.03,0,0,0.0000
312,1005.15,8882.02,0,0,0.0000
313,1105.88,9271.99,0,0,0.0000
314,1277.45,8677.52,0,0,0.0000
315,950.79,8786.94,0,0,0.0000
316,1271.41,9189.37,0,0,0.0000
317,963.25,8751.25,0,0,0.0000
318,1135.92,9045.83,0,0,0.0000
319,1407.25,8586.76,0,0,0.0000
320,1199.35,9195.34,0,0,0.0000
321,1770.53,8895.87,0,0,0.0000
322,2320.28,8820.46,0,0,0.0000
323,1971.31,8754.55,0,0,0.0000
324,2146.22,8955.68,0,0,0.0000
325,2274.56,8908.52,0,0,0.0000
326,2227.17,8844.41,0,0,0.0000
327,2063.25,8997.49,0,0,0.0000
328,2161.32,8822.67,0,0,0.0000
329,2083.14,8802.69,0,0,0.0000
330,2338.57,9338.05,0,0,0.0000
331,1755.85,8711.37,0,0,0.0000
332,2014.72,8891.74,0,0,0.0000
333,2096.35,8720.99,0,0,0.0000
334,2063.01,8933.96,0,0,0.0000
335,1757.14,8800.74,0,0,0.0000
336,1885.73,8749.99,0,0,0.0000
337,1839.08,8981.16,0,0,0.0000
338,2322.46,8651.62,0,0,0.0000
339,2237.23,8638.28,NaN,NaN,NaN
340,2133.27,8889.26,0,0,0.0000
341,2234.89,9037.81,0,0,0.0000
342,2347.91,8734.86,0,0,0.0000
343,2163.29,8753.50,0,0,0.0000
344,1703.46,8929.22,0,0,0.0000
345,2386.03,8787.97,0,0,0.0000
346,2095.12,9086.17,0,0,0.0000
347,2049.59,8688.46,0,0,0.0000
348,2427.32,8726.98,0,0,0.0000
349,2000.46,9030.35,0,0,0.0000
350,2248.17,8727.20,0,0,0.0000
351,2175.96,9009.66,0,0,0.0000
352,1921.72,8878.87,NaN,NaN,NaN
353,1823.97,8694.78,0,0,0.0000
354,2306.96,9233.49,NaN,NaN,NaN
355,2281.53,9286.38,0,0,0.0000
356,2189.28,8699.91,0,0,0.0000
357,1931.57,8985.58,0,0,0.0000
358,2019.09,8784.25,0,0,0.0000
359,2371.44,8621.06,0,0,0.0000
360,2148.15,9230.23,0,0,0.0000
361,2058.77,8853.38,0,0,0.0000
362,2370.49,9241.34,0,0,0.0000
363,2151.96,9043.34,0,0,0.0000
364,1923.25,8711.67,0,0,0.0000
365,1842.61,8874.92,NaN,NaN,NaN
366,1870.84,8789.79,0,0,0.0000
367,2277.92,8975.18,0,0,0.0000
368,2411.64,9318.51,0,0,0.0000
369,1727.79,8762.65,0,0,0.0000
370,2327.01,8912.44,0,0,0.0000
371,2167.30,9086.80,0,0,0.0000
372,2205.27,8931.06,0,0,0.0000
373,2135.91,8669.29,0,0,0.0000
374,1900.33,8838.37,0,0,0.0000
375,1923.48,8933.08,0,0,0.0000
376,1839.38,8833.10,0,0,0.0000
377,1965.52,8854.95,0,0,0.0000
378,1764.79,8652.49,0,0,0.0000
379,2254.12,9234.38,0,0,0.0000
380,2390.18,8686.23,0,0,0.0000
381,1889.23,8938.76,NaN,NaN,NaN
382,2340.32,8964.17,0,0,0.0000
383,2335.99,9007.85,0,0,0.0000
384,1711.77,8653.17,NaN,NaN,NaN
385,1787.98,8761.41,0,0,0.0000
386,3154.15,8585.39,0,0,0.0000
387,3128.83,8879.19,0,0,0.0000
388,2545.21,8775.88,0,0,0.0000
389,2680.72,9042.06,0,0,0.0000
390,2490.20,9264.86,0,0,0.0000
391,3159.19,9262.84,0,0,0.0000
392,2608.32,8727.00,0,0,0.0000
393,2784.86,9221.71,0,0,0.0000
394,2921.18,9130.33,0,0,0.0000
395,2998.70,8844.15,0,0,0.0000
396,3006.18,8740.41,0,0,0.0000
397,2858.33,9275.42,0,0,0.0000
398,2837.58,8971.10,0,0,0.0000
399,3050.41,8622.45,0,0,0.0000
400,2474.62,8756.02,0,0,0.0000
401,2634.91,8986.41,0,0,0.0000
402,3120.69,8694.55,0,0,0.0000
403,2684.49,9340.96,0,0,0.0000
404,2658.33,8879.30,0,0,0.0000
405,3067.52,8682.38,0,0,0.0000
406,2932.21,9007.34,0,0,0.0000
407,3036.45,8790.98,0,0,0.0000
408,2731.10,8592.36,NaN,NaN,NaN
409,2850.90,9034.23,0,0,0.0000
410,2781.35,8944.94,0,0,0.0000
411,2981.04,9053.17,0,0,0.0000
412,3076.26,8753.11,0,0,0.0000
413,2927.86,9233.43,0,0,0.0000
414,2556.30,9319.04,0,0,0.0000
415,3185.14,8797.69,0,0,0.0000
416,3134.52,9040.17,0,0,0.0000
417,3186.91,9082.30,0,0,0.0000
418,2774.15,9102.56,0,0,0.0000
419,2775.12,9303.59,0,0,0.0000
420,2621.58,8938.47,0,0,0.0000
421,3075.65,9309.56,0,0,0.0000
422,2677.13,8744.88,0,0,0.0000
423,2694.21,9137.32,0,0,0.0000
424,2779.90,9019.43,0,0,0.0000
425,3066.66,8910.53,0,0,0.0000
426,2872.54,9089.91,0,0,0.0000
427,2615.27,8826.78,0,0,0.0000
428,2673.49,8951.22,0,0,0.0000
429,2770.24,8753.25,0,0,0.0000
430,3078.00,9261.80,0,0,0.0000
431,2465.65,8679.08,0,0,0.0000
432,2713.55,8894.66,0,0,0.0000
433,2991.22,9184.32,0,0,0.0000
434,3072.40,8981.73,0,0,0.0000
435,2937.23,9292.91,2,1,0.0000
436,2945.72,9342.10,NaN,NaN,NaN
437,2734.74,9128.37,0,0,0.0000
438,3080.48,9206.29,0,0,0.0000
439,3139.83,8783.52,0,0,0.0000
440,2968.50,8967.96,0,0,0.0000
441,2579.25,9053.26,0,0,0.0000
442,3010.86,8934.96,0,0,0.0000
443,2650.73,9101.55,0,0,0.0000
444,2797.87,8730.42,0,0,0.0000
445,3193.89,8926.38,0,0,0.0000
446,2911.44,8939.77,0,0,0.0000
447,3359.85,8965.55,0,0,0.0000
448,3247.24,8771.88,NaN,NaN,NaN
449,3245.96,8885.20,0,0,0.0000
450,3766.41,9248.05,0,0,0.0000
451,3420.28,9254.92,0,0,0.0000
452,3531.25,9039.89,0,0,0.0000
453,3350.84,8593.88,0,0,0.0000
454,3319.39,9171.80,0,0,0.0000
455,3378.93,8690.22,0,0,0.0000
456,3791.88,9170.18,0,0,0.0000
457,3493.82,8909.99,0,0,0.0000
458,3506.81,8834.46,0,0,0.0000
459,3468.97,9310.23,0,0,0.0000
460,3748.06,9331.45,0,0,0.0000
461,3846.09,9288.30,NaN,NaN,NaN
462,3673.98,9264.53,0,0,0.0000
463,3584.69,9245.27,0,0,0.0000
464,3644.04,9073.95,0,0,0.0000
465,3418.73,8743.05,0,0,0.0000
466,3488.77,8753.55,0,0,0.0000
467,3719.46,9154.09,0,0,0.0000
468,3399.39,8842.82,0,0,0.0000
469,3656.52,9159.90,0,0,0.0000
470,3383.44,9134.92,0,0,0.0000
471,3750.82,8991.49,NaN,NaN,NaN
472,3889.45,9310.67,NaN,NaN,NaN
473,3253.01,9326.09,0,0,0.0000
474,3531.10,8709.11,0,0,0.0000
475,3869.41,9011.53,0,0,0.0000
476,3738.21,9043.88,0,0,0.0000
477,3245.00,9240.10,0,0,0.0000
478,3568.27,9319.40,0,0,0.0000
479,3214.57,9121.03,0,0,0.0000
480,3737.94,9097.10,0,0,0.0000
481,3283.07,8998.13,NaN,NaN,NaN
482,3675.55,9328.03,0,0,0.0000
483,3528.78,8588.07,0,0,0.0000
484,3535.28,8773.66,0,0,0.0000
485,3243.93,8961.44,NaN,NaN,NaN
486,3443.49,8650.64,0,0,0.0000
487,3403.46,9044.07,0,0,0.0000
488,3328.62,9114.21,0,0,0.0000
489,3876.51,9230.04,0,0,0.0000
490,3754.10,8935.12,2,1,0.0000
491,3503.13,8630.37,0,0,0.0000
492,3238.95,9070.26,0,0,0.0000
493,3486.57,9242.04,0,0,0.0000
494,3853.47,9071.08,0,0,0.0000
495,3306.35,8693.46,0,0,0.0000
496,3579.34,9076.41,0,0,0.0000
497,3789.86,9064.37,0,0,0.0000
498,3566.96,8633.23,0,0,0.0000
499,3396.85,9094.64,0,0,0.0000
500,3564.92,9160.96,0,0,0.0000
501,3602.21,8613.68,0,0,0.0000
502,3465.39,9157.22,0,0,0.0000
503,3265.95,9115.43,0,0,0.0000
504,3222.72,8683.02,0,0,0.0000
505,3438.28,8846.22,0,0,0.0000
506,3448.22,8964.46,0,0,0.0000
507,3434.47,8924.20,0,0,0.0000
508,3203.42,8969.53,0,0,0.0000
509,219.71,10017.38,2,4,2.0000
510,457.36,9649.76,0,0,0.0000
511,182.83,9667.16,NaN,NaN,NaN
512,547.47,9396.54,NaN,NaN,NaN
513,546.19,9515.47,NaN,NaN,NaN
514,732.75,9951.33,NaN,NaN,NaN
515,524.44,9598.19,0,0,0.0000
516,87.68,10039.27,0,0,0.0000
517,443.35,9569.82,0,0,0.0000
518,545.54,10063.12,0,0,0.0000
519,206.81,9769.65,0,0,0.0000
520,429.04,9932.36,0,0,0.0000
521,67.84,9616.29,0,0,0.0000
522,189.43,9917.40,NaN,NaN,NaN
523,221.94,9847.83,NaN,NaN,NaN
524,472.12,9418.52,2,4,2.0000
525,119.40,9632.08,0,0,0.0000
526,618.49,9721.85,0,0,0.0000
527,138.23,9795.50,0,0,0.0000
528,271.61,9648.52,0,0,0.0000
529,606.73,9669.78,0,0,0.0000
530,669.91,9492.77,NaN,NaN,NaN
531,390.83,9470.35,0,0,0.0000
532,807.69,10007.99,0,0,0.0000
533,51.37,9865.68,0,0,0.0000
534,613.46,9779.86,NaN,NaN,NaN
535,547.51,9901.83,0,0,0.0000
536,397.63,9520.35,0,0,0.0000
537,649.46,9948.15,NaN,NaN,NaN
538,244.34,9512.06,0,0,0.0000
539,330.56,10037.02,2,3,0.0000
540,389.16,9862.51,NaN,NaN,NaN
541,440.20,9457.24,0,0,0.0000
542,652.60,10038.60,0,0,0.0000
543,162.70,9863.98,3,2,0.0000
544,683.95,9869.52,0,0,0.0000
545,736.86,10035.52,0,0,0.0000
546,423.05,10005.53,2,3,0.0000
547,214.24,9542.22,0,0,0.0000
548,616.38,9961.58,0,0,0.0000
549,351.71,9890.90,0,0,0.0000
550,391.62,9618.28,0,0,0.0000
551,246.08,9580.62,0,0,0.0000
552,247.25,9701.58,0,0,0.0000
553,671.85,9909.16,0,0,0.0000
554,650.68,10090.32,0,0,0.0000
555,565.29,9976.33,0,0,0.0000
556,474.32,9509.06,0,0,0.0000
557,573.22,9724.70,0,0,0.0000
558,98.66,9968.89,0,0,0.0000
559,292.93,9594.16,0,0,0.0000
560,632.96,9753.08,0,0,0.0000
561,692.72,10044.65,0,0,0.0000
562,649.98,9604.61,0,0,0.0000
563,130.26,9857.64,NaN,NaN,NaN
564,775.63,9994.80,0,0,0.0000
565,629.94,9863.07,0,0,0.0000
566,606.52,10015.39,0,0,0.0000
567,106.97,9713.78,0,0,0.0000
568,235.26,9736.84,0,0,0.0000
569,152.61,9827.38,0,0,0.0000
570,1437.13,9446.32,0,0,0.0000
571,1234.55,9410.47,0,0,0.0000
572,1482.39,9803.41,0,0,0.0000
573,1643.66,9694.67,0,0,0.0000
574,1607.45,9656.04,0,0,0.0000
575,1602.96,9789.89,NaN,NaN,NaN
576,1511.49,9422.60,0,0,0.0000
577,1451.79,9360.52,0,0,0.0000
578,1174.25,9365.67,0,0,0.0000
579,1449.98,9636.84,0,0,0.0000
580,1529.95,9670.59,0,0,0.0000
581,1328.51,9430.91,0,0,0.0000
582,1543.27,9812.15,0,0,0.0000
583,1514.62,9749.61,0,0,0.0000
584,1598.00,9736.18,0,0,0.0000
585,1390.36,9389.86,0,0,0.0000
586,1826.48,9374.56,NaN,NaN,NaN
587,1995.21,9660.31,0,0,0.0000
588,1928.54,9731.58,0,0,0.0000
589,2130.06,9747.41,0,0,0.0000
590,2418.55,9384.52,0,0,0.0000
591,1875.93,9461.09,0,0,0.0000
592,1848.17,9679.89,NaN,NaN,NaN
593,1860.65,9749.70,0,0,0.0000
594,1761.80,9730.99,0,0,0.0000
595,1921.30,9528.58,0,0,0.0000
596,1666.81,9823.67,NaN,NaN,NaN
597,1861.97,9533.25,0,0,0.0000
598,1705.19,9724.12,0,0,0.0000
599,1933.41,9798.62,0,0,0.0000
600,2259.24,9511.71,0,0,0.0000
601,2179.58,9727.24,0,0,0.0000
602,1816.70,9574.48,0,0,0.0000
603,1899.47,9374.93,2,3,0.0000
604,1744.18,9671.37,0,0,0.0000
605,1689.97,9634.60,0,0,0.0000
606,2126.54,9701.02,0,0,0.0000
607,1868.34,9422.92,NaN,NaN,NaN
608,2045.78,9767.29,0,0,0.0000
609,2000.57,9743.66,0,0,0.0000
610,1919.56,9642.66,0,0,0.0000
611,1997.23,9511.21,0,0,0.0000
612,1993.46,9777.97,0,0,0.0000
613,1932.27,9592.36,0,0,0.0000
614,1961.90,9856.71,0,0,0.0000
615,1722.32,9589.60,0,0,0.0000
616,2005.18,9802.61,0,0,0.0000
617,1801.15,9654.61,0,0,0.0000
618,2857.82,9351.45,NaN,NaN,NaN
619,2855.78,9889.65,NaN,NaN,NaN
620,2952.98,9960.19,0,0,0.0000
621,2842.38,9542.79,0,0,0.0000
622,3074.55,9392.83,0,0,0.0000
623,3165.41,9456.02,0,0,0.0000
624,2937.83,10054.16,NaN,NaN,NaN
625,3045.91,9829.95,NaN,NaN,NaN
626,2751.55,9411.34,0,0,0.0000
627,2489.18,9379.75,0,0,0.0000
628,3155.38,9545.59,0,0,0.0000
629,2974.17,9484.32,0,0,0.0000
630,3144.88,9365.16,2,4,2.0000
631,3138.83,9822.56,NaN,NaN,NaN
632,3023.67,9528.93,0,0,0.0000
633,2924.39,9663.08,0,0,0.0000
634,3074.81,9510.98,0,0,0.0000
635,2593.55,9414.95,0,0,0.0000
636,2910.67,9418.10,3,3,0.0000
637,2892.48,9496.68,0,0,0.0000
638,2880.39,9593.16,0,0,0.0000
639,2602.49,9450.61,0,0,0.0000
640,2674.05,9454.63,NaN,NaN,NaN
641,2988.38,9585.93,0,0,0.0000
642,3017.92,10069.36,0,0,0.0000
643,2943.86,9586.27,0,0,0.0000
644,3008.28,10010.79,0,0,0.0000
645,2938.00,9463.80,0,0,0.0000
646,2786.40,10001.95,0,0,0.0000
647,2870.35,9652.95,0,0,0.0000
648,3042.16,10029.03,0,0,0.0000
649,2874.09,10050.55,0,0,0.0000
650,2666.92,9383.63,NaN,NaN,NaN
651,3042.07,9459.20,0,0,0.0000
652,2979.92,10090.39,3,5,0.0000
653,3092.73,9797.31,0,0,0.0000
654,2488.93,9423.89,0,0,0.0000
655,2854.65,10006.84,0,0,0.0000
656,2479.90,9817.24,0,0,0.0000
657,2864.92,9953.81,0,0,0.0000
658,3084.77,9921.18,0,0,0.0000
659,2841.76,9430.34,0,0,0.0000
660,3886.69,9497.63,0,0,0.0000
661,3644.28,9377.75,0,0,0.0000
662,3302.27,9639.49,0,0,0.0000
663,3803.32,9464.38,NaN,NaN,NaN
664,3550.15,9436.93,0,0,0.0000
665,3710.59,9499.56,2,1,0.0000
666,3919.91,9400.04,0,0,0.0000
667,3732.35,9431.01,NaN,NaN,NaN
668,3813.77,9538.57,0,0,0.0000
669,3956.99,9492.55,0,0,0.0000
670,3645.64,9462.31,0,0,0.0000
671,3367.35,9652.40,0,0,0.0000
672,3418.94,9543.90,0,0,0.0000
673,3483.28,9474.37,0,0,0.0000
674,3526.26,9366.15,0,0,0.0000
675,3892.49,9646.19,0,0,0.0000
676,3335.28,9734.95,0,0,0.0000
677,3953.80,9575.81,0,0,0.0000
678,3579.21,9496.84,0,0,0.0000
679,3804.47,9574.78,0,0,0.0000
680,3509.89,9648.73,NaN,NaN,NaN
681,3464.34,9579.05,NaN,NaN,NaN
682,3291.40,9731.71,0,0,0.0000
683,3334.79,9428.95,0,0,0.0000
684,3203.51,9597.89,0,0,0.0000
685,3528.17,9610.08,NaN,NaN,NaN
686,3233.52,9730.36,0,0,0.0000
687,3605.08,9475.06,0,0,0.0000
688,3618.09,9513.34,0,0,0.0000
689,3783.08,9602.58,NaN,NaN,NaN
690,3443.98,9483.49,0,0,0.0000
691,3258.74,9691.82,0,0,0.0000
692,3867.14,9363.79,0,0,0.0000
693,3880.66,9414.12,0,0,0.0000
694,3913.52,9569.90,0,0,0.0000
695,3233.02,9427.45,0,0,0.0000
696,4138.47,9381.77,0,0,0.0000
697,4110.67,9601.91,0,0,0.0000
698,4001.03,9642.37,0,0,0.0000
699,4072.20,9553.94,0,0,0.0000
700,4007.24,9548.40,0,0,0.0000
701,4121.51,9462.61,0,0,0.0000
702,4173.17,9487.39,0,0,0.0000
703,4075.07,9493.53,0,0,0.0000
704,4102.71,9401.79,0,0,0.0000
705,4028.42,9387.54,0,0,0.0000
706,4069.91,9737.95,0,0,0.0000
707,4215.54,9636.24,0,0,0.0000
708,4172.71,9536.90,0,0,0.0000
709,4205.86,9573.17,NaN,NaN,NaN
710,4287.02,9520.94,0,0,0.0000
711,3990.01,9506.05,0,0,0.0000
712,659.94,10288.23,NaN,NaN,NaN
713,870.81,10366.25,0,0,0.0000
714,572.14,10166.63,NaN,NaN,NaN
715,788.51,10649.24,0,0,0.0000
716,256.78,10484.97,0,0,0.0000
717,705.15,10420.39,0,0,0.0000
718,478.61,10803.81,NaN,NaN,NaN
719,692.23,10687.86,0,0,0.0000
720,361.25,10523.01,0,0,0.0000
721,597.39,10446.58,0,0,0.0000
722,385.03,10853.96,0,0,0.0000
723,732.24,10836.17,0,0,0.0000
724,585.78,10695.38,0,0,0.0000
725,213.16,10673.73,0,0,0.0000
726,141.91,10177.83,0,0,0.0000
727,516.70,10544.28,0,0,0.0000
728,607.51,10756.23,0,0,0.0000
729,345.09,10143.12,0,0,0.0000
730,405.86,10654.49,0,0,0.0000
731,480.53,10218.01,NaN,NaN,NaN
732,128.60,10699.47,0,0,0.0000
733,566.68,10337.57,2,2,0.0000
734,63.08,10217.30,0,0,0.0000
735,448.07,10439.96,0,0,0.0000
736,132.75,10826.30,0,0,0.0000
737,508.56,10351.78,NaN,NaN,NaN
738,694.25,10601.10,0,0,0.0000
739,808.77,10301.58,0,0,0.0000
740,847.43,10857.21,0,0,0.0000
741,455.65,10498.97,0,0,0.0000
742,760.27,10736.66,0,0,0.0000
743,838.54,10786.73,0,0,0.0000
744,674.03,10167.66,0,0,0.0000
745,348.13,10215.92,0,0,0.0000
746,224.71,10829.37,0,0,0.0000
747,810.54,10444.83,0,0,0.0000
748,345.44,10656.28,0,0,0.0000
749,814.29,10731.02,0,0,0.0000
750,681.65,10516.86,0,0,0.0000
751,332.89,10603.42,0,0,0.0000
752,390.80,10755.36,0,0,0.0000
753,776.62,10876.18,0,0,0.0000
754,47.74,10851.06,0,0,0.0000
755,44.82,10727.97,0,0,0.0000
756,281.40,10790.39,0,0,0.0000
757,455.90,10693.48,0,0,0.0000
758,637.31,10370.58,3,4,0.0000
759,261.15,10246.19,NaN,NaN,NaN
760,192.99,10620.78,0,0,0.0000
761,369.73,10454.75,0,0,0.0000
762,566.20,10794.15,0,0,0.0000
763,473.34,10721.46,0,0,0.0000
764,658.16,10879.27,0,0,0.0000
765,102.67,10769.27,0,0,0.0000
766,578.38,10632.99,0,0,0.0000
767,476.14,10312.80,NaN,NaN,NaN
768,688.05,10806.32,0,0,0.0000
769,515.98,10429.57,0,0,0.0000
770,386.07,10590.56,0,0,0.0000
771,743.81,10356.84,0,0,0.0000
772,342.17,10739.84,0,0,0.0000
773,512.79,10614.55,0,0,0.0000
774,703.10,10114.59,0,0,0.0000
775,215.00,10123.66,0,0,0.0000
776,882.90,10242.17,0,0,0.0000
777,268.09,10702.91,0,0,0.0000
778,764.24,10279.34,0,0,0.0000
779,335.82,10403.26,0,0,0.0000
780,814.43,10535.66,0,0,0.0000
781,428.11,10557.26,0,0,0.0000
782,241.03,10755.67,0,0,0.0000
783,625.13,10194.42,0,0,0.0000
784,539.61,10477.09,0,0,0.0000
785,755.36,10534.72,0,0,0.0000
786,617.96,10601.98,0,0,0.0000
787,179.36,10740.09,0,0,0.0000
788,470.71,10637.79,0,0,0.0000
789,222.50,10232.73,NaN,NaN,NaN
790,24.89,10770.16,0,0,0.0000
791,300.02,10646.98,0,0,0.0000
792,421.84,10389.33,NaN,NaN,NaN
793,275.08,10646.17,0,0,0.0000
794,859.78,10529.68,0,0,0.0000
795,571.80,10276.15,0,0,0.0000
796,60.83,10676.05,0,0,0.0000
797,54.97,10794.47,0,0,0.0000
798,679.04,10762.83,0,0,0.0000
799,426.52,10600.40,0,0,0.0000
800,338.74,10476.71,0,0,0.0000
801,183.61,10290.59,NaN,NaN,NaN
802,276.29,10155.13,0,0,0.0000
803,894.87,10671.57,0,0,0.0000
804,900.77,10596.87,0,0,0.0000
805,1615.52,10309.17,0,0,0.0000
806,1587.14,10368.90,0,0,0.0000
807,919.59,10197.41,0,0,0.0000
808,1432.62,10392.88,0,0,0.0000
809,1449.15,10467.52,0,0,0.0000
810,1007.37,10340.94,0,0,0.0000
811,1492.35,10348.70,NaN,NaN,NaN
812,949.08,10768.62,0,0,0.0000
813,1515.09,10404.31,0,0,0.0000
814,1013.93,10724.64,0,0,0.0000
815,1577.05,10484.46,0,0,0.0000
816,946.50,10667.78,0,0,0.0000
817,1640.35,10419.49,0,0,0.0000
818,1655.81,10791.37,0,0,0.0000
819,912.85,10722.25,0,0,0.0000
820,988.17,10676.10,0,0,0.0000
821,1504.26,10523.29,0,0,0.0000
822,909.00,10478.89,0,0,0.0000
823,1006.69,10491.00,0,0,0.0000
824,926.46,10535.02,0,0,0.0000
825,1616.96,10621.68,0,0,0.0000
826,911.22,10421.67,0,0,0.0000
827,1114.85,10750.47,0,0,0.0000
828,968.56,10480.11,0,0,0.0000
829,1643.24,10553.89,0,0,0.0000
830,1044.16,10419.58,0,0,0.0000
831,1388.26,10348.93,0,0,0.0000
832,1383.24,10836.17,0,0,0.0000
833,1576.63,10752.03,0,0,0.0000
834,1011.15,10591.71,0,0,0.0000
835,1054.44,10390.92,0,0,0.0000
836,1064.11,10356.80,0,0,0.0000
837,1612.32,10708.46,0,0,0.0000
838,955.03,10453.30,0,0,0.0000
839,1530.60,10712.90,NaN,NaN,NaN
840,2145.31,10382.32,NaN,NaN,NaN
841,2052.97,10586.02,0,0,0.0000
842,2175.50,10587.39,NaN,NaN,NaN
843,1982.87,10689.60,0,0,0.0000
844,2089.30,10490.30,0,0,0.0000
845,1983.55,10398.94,NaN,NaN,NaN
846,1901.73,10742.15,0,0,0.0000
847,2268.86,10529.20,0,0,0.0000
848,1872.96,10560.99,0,0,0.0000
849,1768.25,10623.44,NaN,NaN,NaN
850,2070.77,10699.77,0,0,0.0000
851,2324.76,10428.14,0,0,0.0000
852,1808.46,10741.33,0,0,0.0000
853,1747.65,10716.62,NaN,NaN,NaN
854,1683.62,10730.38,NaN,NaN,NaN
855,1898.25,10824.08,0,0,0.0000
856,1680.60,10341.78,0,0,0.0000
857,2153.71,10846.43,0,0,0.0000
858,2295.92,10624.01,0,0,0.0000
859,1680.01,10633.83,NaN,NaN,NaN
860,2145.85,10286.69,0,0,0.0000
861,1902.80,10642.08,0,0,0.0000
862,1956.42,10287.67,0,0,0.0000
863,2018.91,10229.49,0,0,0.0000
864,2200.36,10487.14,0,0,0.0000
865,1865.88,10505.52,0,0,0.0000
866,1828.86,10643.61,0,0,0.0000
867,1748.65,10538.03,0,0,0.0000
868,1758.68,10800.41,0,0,0.0000
869,2032.27,10776.07,0,0,0.0000
870,2116.17,10170.67,0,0,0.0000
871,2245.95,10273.99,NaN,NaN,NaN
872,2012.77,10305.67,NaN,NaN,NaN
873,1912.18,10451.19,0,0,0.0000
874,2346.18,10540.89,0,0,0.0000
875,2035.05,10478.75,0,0,0.0000
876,2373.35,10307.48,0,0,0.0000
877,2083.51,10871.49,0,0,0.0000
878,2309.35,10786.59,0,0,0.0000
879,2011.49,10546.29,0,0,0.0000
880,2184.33,10454.09,0,0,0.0000
881,2378.66,10606.36,0,0,0.0000
882,2315.74,10576.91,0,0,0.0000
883,1678.42,10453.30,0,0,0.0000
884,1814.38,10838.43,0,0,0.0000
885,2069.94,10824.08,0,0,0.0000
886,2101.09,10202.41,0,0,0.0000
887,2080.56,10231.99,0,0,0.0000
888,2356.30,10499.37,0,0,0.0000
889,2020.85,10193.08,3,2,0.0000
890,1935.69,10372.17,0,0,0.0000
891,1940.92,10571.25,0,0,0.0000
892,1854.29,10432.42,0,0,0.0000
893,1946.61,10510.47,0,0,0.0000
894,1976.20,10202.81,NaN,NaN,NaN
895,1717.70,10820.84,0,0,0.0000
896,2119.10,10798.30,0,0,0.0000
897,1696.19,10283.31,0,0,0.0000
898,2434.98,10605.08,0,0,0.0000
899,2521.32,10618.67,0,0,0.0000
900,2618.95,10639.67,0,0,0.0000
901,2577.32,10559.60,0,0,0.0000
902,2447.21,10502.45,0,0,0.0000
903,2511.95,10530.00,0,0,0.0000
904,2769.82,10660.45,0,0,0.0000
905,2657.39,10592.64,0,0,0.0000
906,2975.51,10156.42,0,0,0.0000
907,2763.34,10127.21,0,0,0.0000
908,2711.16,10673.88,0,0,0.0000
909,2699.51,10618.02,0,0,0.0000
910,543.04,10906.18,0,0,0.0000
911,620.99,11344.81,2,2,0.0000
912,69.23,11358.44,0,0,0.0000
913,821.54,11225.89,0,0,0.0000
914,829.87,11557.54,0,0,0.0000
915,718.17,11632.69,0,0,0.0000
916,159.57,11365.79,NaN,NaN,NaN
917,214.04,11273.10,4,5,0.0000
918,269.15,10970.40,0,0,0.0000
919,298.42,10889.42,0,0,0.0000
920,541.98,11134.72,NaN,NaN,NaN
921,724.55,11278.08,0,0,0.0000
922,121.93,10911.38,0,0,0.0000
923,259.96,11573.22,0,0,0.0000
924,664.42,11563.85,0,0,0.0000
925,62.98,11473.77,2,3,0.0000
926,254.21,11070.67,0,0,0.0000
927,383.33,11012.27,0,0,0.0000
928,171.76,11041.72,0,0,0.0000
929,611.42,11638.56,0,0,0.0000
930,423.72,10933.44,0,0,0.0000
931,87.17,11573.97,0,0,0.0000
932,656.74,11010.20,0,0,0.0000
933,761.34,11501.41,0,0,0.0000
934,34.37,10947.14,0,0,0.0000
935,190.62,11590.87,0,0,0.0000
936,77.33,11121.26,3,7,2.3333
937,401.67,11406.19,0,0,0.0000
938,343.33,11217.73,3,3,0.0000
939,341.08,11069.58,0,0,0.0000
940,509.10,11287.82,4,7,0.0000
941,266.91,11419.43,0,0,0.0000
942,110.88,11181.60,2,2,0.0000
943,546.18,11342.34,2,2,0.0000
944,342.85,11562.05,0,0,0.0000
945,416.24,11186.80,NaN,NaN,NaN
946,138.96,11250.33,0,0,0.0000
947,379.39,11291.47,0,0,0.0000
948,571.26,11247.92,NaN,NaN,NaN
949,616.51,10895.17,0,0,0.0000
950,231.37,11361.58,0,0,0.0000
951,191.47,11444.98,0,0,0.0000
952,476.56,11336.82,0,0,0.0000
953,595.63,11041.26,0,0,0.0000
954,264.47,11485.33,0,0,0.0000
955,170.92,10958.46,0,0,0.0000
956,96.29,11263.21,0,0,0.0000
957,535.40,11064.62,NaN,NaN,NaN
958,409.69,11255.98,2,4,2.0000
959,405.12,11340.82,0,0,0.0000
960,186.74,11197.35,NaN,NaN,NaN
961,176.14,11495.67,0,0,0.0000
962,411.26,11096.43,0,0,0.0000
963,718.21,10972.02,0,0,0.0000
964,19.56,11028.79,0,0,0.0000
965,557.62,11626.57,0,0,0.0000
966,461.74,11256.83,2,2,0.0000
967,368.91,11356.03,0,0,0.0000
968,789.38,11306.17,0,0,0.0000
969,477.49,11062.35,2,0,0.0000
970,564.60,11184.91,4,8,2.0000
971,647.96,11233.39,0,0,0.0000
972,217.93,10931.45,0,0,0.0000
973,149.99,11577.37,0,0,0.0000
974,206.58,10987.40,0,0,0.0000
975,247.95,11161.38,0,0,0.0000
976,315.19,11529.74,0,0,0.0000
977,313.89,11423.76,0,0,0.0000
978,287.72,11210.73,NaN,NaN,NaN
979,109.68,11071.08,0,0,0.0000
980,460.08,11161.43,0,0,0.0000
981,347.50,11386.71,0,0,0.0000
982,707.90,11360.92,0,0,0.0000
983,664.69,11397.23,NaN,NaN,NaN
984,804.65,10914.58,0,0,0.0000
985,601.84,11206.74,NaN,NaN,NaN
986,521.38,11235.16,NaN,NaN,NaN
987,625.80,10974.99,0,0,0.0000
988,326.34,11460.54,0,0,0.0000
989,220.95,11519.48,0,0,0.0000
990,1564.25,11463.07,3,5,0.0000
991,1350.36,11413.10,NaN,NaN,NaN
992,1601.75,11304.79,0,0,0.0000
993,1397.08,11502.06,3,3,0.0000
994,1183.54,11344.63,NaN,NaN,NaN
995,991.41,11587.10,NaN,NaN,NaN
996,1053.45,11620.45,0,0,0.0000
997,1341.89,11638.52,NaN,NaN,NaN
998,916.36,11634.91,0,0,0.0000
999,907.61,11529.47,0,0,0.0000
1000,1643.54,11598.98,0,0,0.0000
1001,929.15,11353.33,0,0,0.0000
1002,1293.85,11607.24,0,0,0.0000
1003,1647.14,11173.91,0,0,0.0000
1004,1185.06,11601.40,0,0,0.0000
1005,1245.25,11595.78,0,0,0.0000
1006,1166.86,11496.45,0,0,0.0000
1007,1106.43,11506.81,0,0,0.0000
1008,953.83,11500.08,NaN,NaN,NaN
1009,1121.48,11421.21,0,0,0.0000
1010,1065.31,11340.27,0,0,0.0000
1011,1118.33,11594.84,0,0,0.0000
1012,1253.51,11487.60,0,0,0.0000
1013,1585.75,11069.27,0,0,0.0000
1014,909.17,11453.26,2,4,2.0000
1015,1513.05,10956.51,0,0,0.0000
1016,1059.47,11557.98,0,0,0.0000
1017,1611.83,11111.17,0,0,0.0000
1018,1440.41,11457.07,NaN,NaN,NaN
1019,1021.05,11487.85,NaN,NaN,NaN
1020,1493.39,11603.70,0,0,0.0000
1021,1449.28,11529.00,0,0,0.0000
1022,971.83,11439.28,NaN,NaN,NaN
1023,1450.18,11304.19,0,0,0.0000
1024,1092.81,11455.56,2,1,0.0000
1025,961.16,11395.44,NaN,NaN,NaN
1026,1584.70,11611.61,0,0,0.0000
1027,1050.39,11519.17,0,0,0.0000
1028,1255.92,11537.99,4,3,0.0000
1029,995.72,11524.89,NaN,NaN,NaN
1030,1176.93,11396.67,NaN,NaN,NaN
1031,1215.25,11412.27,0,0,0.0000
1032,1482.96,11492.94,0,0,0.0000
1033,1239.95,11404.60,0,0,0.0000
1034,1302.46,11516.92,0,0,0.0000
1035,1100.98,11012.75,0,0,0.0000
1036,1099.03,11544.77,0,0,0.0000
1037,1375.79,11565.08,0,0,0.0000
1038,1141.87,11553.99,0,0,0.0000
1039,1603.95,11239.22,0,0,0.0000
1040,1650.54,11647.91,0,0,0.0000
1041,1593.11,11561.94,0,0,0.0000
1042,1681.03,11352.53,3,6,2.0000
1043,1855.95,11514.12,4,4,0.0000
1044,1996.59,11017.27,2,2,0.0000
1045,2090.53,10989.11,0,0,0.0000
1046,1826.00,11069.00,0,0,0.0000
1047,1696.56,11100.70,0,0,0.0000
1048,2392.23,10973.20,NaN,NaN,NaN
1049,2261.17,10943.10,0,0,0.0000
1050,2198.42,11000.97,0,0,0.0000
1051,1673.30,11535.89,0,0,0.0000
1052,1957.08,10899.84,2,4,2.0000
1053,1937.91,11308.31,NaN,NaN,NaN
1054,1931.52,11581.12,NaN,NaN,NaN
1055,1791.52,11630.52,NaN,NaN,NaN
1056,1988.13,11118.40,0,0,0.0000
1057,1823.06,10939.92,0,0,0.0000
1058,1845.96,11201.43,0,0,0.0000
1059,1809.75,11152.19,0,0,0.0000
1060,2088.87,11121.42,2,2,0.0000
1061,1716.50,11473.89,3,5,0.0000
1062,1782.84,11472.41,0,0,0.0000
1063,1754.40,11552.72,NaN,NaN,NaN
1064,2128.91,11069.04,0,0,0.0000
1065,1837.80,11002.39,0,0,0.0000
1066,1917.21,11412.08,0,0,0.0000
1067,2414.91,10916.16,0,0,0.0000
1068,1673.36,11208.22,0,0,0.0000
1069,1764.94,11362.89,0,0,0.0000
1070,1968.73,11441.38,0,0,0.0000
1071,1964.17,10943.57,NaN,NaN,NaN
1072,2052.08,11198.86,0,0,0.0000
1073,1990.00,11354.00,NaN,NaN,NaN
1074,1797.13,11408.51,2,1,0.0000
1075,2272.39,11031.50,0,0,0.0000
1076,2216.87,11102.84,0,0,0.0000
1077,1701.89,11035.33,0,0,0.0000
1078,2056.25,11472.40,NaN,NaN,NaN
1079,1985.57,11265.69,0,0,0.0000
1080,1912.51,11124.72,0,0,0.0000
1081,1889.29,10960.12,0,0,0.0000
1082,1729.36,11196.01,0,0,0.0000
1083,1741.91,11281.96,0,0,0.0000
1084,1775.01,11224.61,0,0,0.0000
1085,1728.46,10950.70,0,0,0.0000
1086,2032.13,11304.05,2,1,0.0000
1087,2013.91,11283.22,0,0,0.0000
1088,2038.35,11515.58,2,3,0.0000
1089,1820.18,11329.45,0,0,0.0000
1090,2038.98,10901.49,0,0,0.0000
1091,1750.29,11065.99,0,0,0.0000
1092,1939.94,11082.34,0,0,0.0000
1093,1794.47,10983.97,0,0,0.0000
1094,2240.47,11146.97,0,0,0.0000
1095,1734.89,11148.16,0,0,0.0000
1096,1770.64,11181.54,0,0,0.0000
1097,1870.80,11372.68,NaN,NaN,NaN
1098,1969.06,11388.26,0,0,0.0000
1099,1760.45,11132.60,0,0,0.0000
1100,1845.88,11634.98,0,0,0.0000
1101,1872.30,11627.41,0,0,0.0000
1102,2006.21,11512.70,NaN,NaN,NaN
1103,1686.11,11631.81,0,0,0.0000
1104,1851.77,11421.90,NaN,NaN,NaN
1105,2297.79,10992.42,0,0,0.0000
1106,1894.98,11244.46,0,0,0.0000
1107,1683.04,11477.05,NaN,NaN,NaN
1108,2066.55,11060.26,NaN,NaN,NaN
1109,2470.50,10925.56,0,0,0.0000
1110,5340.56,11583.87,NaN,NaN,NaN
1111,5048.98,11612.33,0,0,0.0000
1112,5007.47,11575.57,0,0,0.0000
1113,5583.25,11619.80,0,0,0.0000
1114,792.30,12366.38,0,0,0.0000
1115,793.50,11734.13,0,0,0.0000
1116,444.32,12332.52,0,0,0.0000
1117,219.95,11915.16,0,0,0.0000
1118,581.84,11750.23,0,0,0.0000
1119,691.43,12304.62,0,0,0.0000
1120,601.86,12322.26,0,0,0.0000
1121,117.41,12014.34,0,0,0.0000
1122,503.60,12142.11,NaN,NaN,NaN
1123,161.91,12284.05,0,0,0.0000
1124,818.78,11977.40,0,0,0.0000
1125,135.23,12174.73,0,0,0.0000
1126,855.10,12069.45,NaN,NaN,NaN
1127,49.88,12018.87,0,0,0.0000
1128,65.58,11666.79,0,0,0.0000
1129,185.84,11789.03,0,0,0.0000
1130,68.95,12247.64,0,0,0.0000
1131,142.83,11684.91,0,0,0.0000
1132,855.29,11671.65,0,0,0.0000
1133,209.82,12407.95,0,0,0.0000
1134,699.46,11806.12,2,2,0.0000
1135,55.76,12123.68,0,0,0.0000
1136,47.30,11808.96,0,0,0.0000
1137,293.22,12242.40,0,0,0.0000
1138,635.41,12138.55,NaN,NaN,NaN
1139,575.78,12228.96,0,0,0.0000
1140,353.56,12018.62,0,0,0.0000
1141,485.28,11889.36,0,0,0.0000
1142,216.04,11692.71,0,0,0.0000
1143,696.10,12169.50,0,0,0.0000
1144,608.44,11949.73,0,0,0.0000
1145,374.08,12108.36,0,0,0.0000
1146,154.87,12104.47,0,0,0.0000
1147,642.26,12246.51,0,0,0.0000
1148,208.48,12176.47,0,0,0.0000
1149,371.40,12253.57,0,0,0.0000
1150,867.71,11812.86,0,0,0.0000
1151,252.78,12197.62,0,0,0.0000
1152,755.22,12083.55,0,0,0.0000
1153,152.64,12410.90,0,0,0.0000
1154,206.52,12303.77,0,0,0.0000
1155,787.32,12036.60,NaN,NaN,NaN
1156,717.63,12122.38,0,0,0.0000
1157,629.78,11832.53,0,0,0.0000
1158,506.37,12289.69,2,3,0.0000
1159,315.51,12101.52,0,0,0.0000
1160,142.46,11894.10,0,0,0.0000
1161,581.83,11828.08,0,0,0.0000
1162,204.35,12069.08,0,0,0.0000
1163,114.66,11810.55,0,0,0.0000
1164,251.68,12346.26,0,0,0.0000
1165,229.75,12131.40,0,0,0.0000
1166,471.54,12216.52,0,0,0.0000
1167,758.84,12279.41,0,0,0.0000
1168,543.67,11927.80,0,0,0.0000
1169,515.29,11810.22,0,0,0.0000
1170,294.22,12024.46,0,0,0.0000
1171,538.46,11959.64,0,0,0.0000
1172,891.20,11880.61,0,0,0.0000
1173,730.50,11896.62,0,0,0.0000
1174,588.27,11890.65,0,0,0.0000
1175,484.79,12258.45,NaN,NaN,NaN
1176,269.70,12089.26,0,0,0.0000
1177,248.83,12027.24,0,0,0.0000
1178,14.33,12296.00,0,0,0.0000
1179,738.14,12224.70,0,0,0.0000
1180,306.78,12146.57,0,0,0.0000
1181,340.97,12060.74,0,0,0.0000
1182,428.09,11919.74,0,0,0.0000
1183,421.27,12142.52,0,0,0.0000
1184,270.71,12131.22,0,0,0.0000
1185,451.51,12082.08,0,0,0.0000
1186,271.86,11997.00,0,0,0.0000
1187,552.69,12065.26,0,0,0.0000
1188,533.27,11840.13,0,0,0.0000
1189,691.65,11909.98,0,0,0.0000
1190,445.04,11938.23,0,0,0.0000
1191,407.81,12061.69,0,0,0.0000
1192,724.16,11705.13,0,0,0.0000
1193,291.22,12322.19,0,0,0.0000
1194,579.09,12054.01,0,0,0.0000
1195,910.37,12259.07,0,0,0.0000
1196,1623.62,12148.83,NaN,NaN,NaN
1197,1105.16,12216.76,0,0,0.0000
1198,1070.65,11863.55,0,0,0.0000
1199,1592.98,11865.21,0,0,0.0000
1200,1510.70,11714.29,0,0,0.0000
1201,1418.89,12411.41,0,0,0.0000
1202,1200.91,12339.62,3,5,0.0000
1203,1192.65,11872.19,0,0,0.0000
1204,1028.04,12369.36,3,9,3.0000
1205,954.27,12067.35,NaN,NaN,NaN
1206,1451.03,12221.96,0,0,0.0000
1207,1566.27,12282.85,0,0,0.0000
1208,1215.36,11664.55,0,0,0.0000
1209,1077.30,12093.21,NaN,NaN,NaN
1210,1215.19,12010.63,0,0,0.0000
1211,1049.79,11752.00,0,0,0.0000
1212,1213.88,12224.85,2,2,0.0000
1213,1173.37,12101.92,0,0,0.0000
1214,1149.95,12018.14,5,6,0.0000
1215,967.67,11993.22,0,0,0.0000
1216,1384.72,11670.50,0,0,0.0000
1217,1311.34,11863.03,0,0,0.0000
1218,1491.91,12029.19,0,0,0.0000
1219,1607.46,12371.73,2,3,0.0000
1220,1576.84,11737.90,0,0,0.0000
1221,1325.48,11994.32,0,0,0.0000
1222,1391.43,12171.12,0,0,0.0000
1223,1594.30,11784.70,0,0,0.0000
1224,1276.48,12130.57,0,0,0.0000
1225,1433.09,11650.83,0,0,0.0000
1226,1477.25,12129.41,0,0,0.0000
1227,1308.79,12193.26,0,0,0.0000
1228,915.96,12149.08,0,0,0.0000
1229,1294.94,11722.23,0,0,0.0000
1230,1566.65,11656.97,0,0,0.0000
1231,972.93,11911.68,0,0,0.0000
1232,1508.67,11908.66,0,0,0.0000
1233,1503.63,12313.84,0,0,0.0000
1234,943.15,12391.52,0,0,0.0000
1235,1172.82,11724.74,0,0,0.0000
1236,1371.64,12037.12,0,0,0.0000
1237,1152.11,11805.35,0,0,0.0000
1238,996.24,11794.83,0,0,0.0000
1239,1018.43,11939.29,0,0,0.0000
1240,1297.62,12076.77,0,0,0.0000
1241,1424.04,12095.71,0,0,0.0000
1242,1366.67,12269.15,0,0,0.0000
1243,898.77,11938.83,0,0,0.0000
1244,1346.22,12110.58,0,0,0.0000
1245,1112.65,11676.27,0,0,0.0000
1246,1597.07,11978.10,0,0,0.0000
1247,1469.12,12346.04,0,0,0.0000
1248,1078.69,12044.95,NaN,NaN,NaN
1249,1025.38,12154.56,0,0,0.0000
1250,1093.44,11973.08,NaN,NaN,NaN
1251,1108.05,12355.01,NaN,NaN,NaN
1252,1096.90,11711.15,0,0,0.0000
1253,1017.86,12286.24,0,0,0.0000
1254,1590.29,11937.00,0,0,0.0000
1255,923.73,11747.77,0,0,0.0000
1256,957.65,11702.55,0,0,0.0000
1257,1227.94,11745.73,0,0,0.0000
1258,1263.94,11944.23,0,0,0.0000
1259,1045.16,11695.12,0,0,0.0000
1260,1586.98,12036.16,0,0,0.0000
1261,1543.37,11983.71,0,0,0.0000
1262,1622.22,11680.90,0,0,0.0000
1263,1004.42,11687.34,0,0,0.0000
1264,1247.25,11977.12,0,0,0.0000
1265,959.41,11835.46,0,0,0.0000
1266,1466.93,11780.26,0,0,0.0000
1267,1301.72,12289.10,0,0,0.0000
1268,1557.16,12412.55,0,0,0.0000
1269,1641.17,11961.55,0,0,0.0000
1270,1239.02,11833.85,0,0,0.0000
1271,1146.41,11655.53,0,0,0.0000
1272,1457.06,11828.59,0,0,0.0000
1273,1014.27,12220.78,0,0,0.0000
1274,1152.46,11749.96,0,0,0.0000
1275,1113.26,11758.99,0,0,0.0000
1276,1519.22,12404.07,0,0,0.0000
1277,1369.81,11933.29,0,0,0.0000
1278,946.81,11779.32,0,0,0.0000
1279,1773.54,11722.92,NaN,NaN,NaN
1280,1801.99,12244.82,0,0,0.0000
1281,1664.46,12039.42,0,0,0.0000
1282,1784.57,11938.88,NaN,NaN,NaN
1283,1896.94,11839.88,0,0,0.0000
1284,1851.65,12093.22,0,0,0.0000
1285,1799.76,12365.84,0,0,0.0000
1286,1716.91,11979.40,0,0,0.0000
1287,1705.68,11897.63,0,0,0.0000
1288,2172.61,12360.98,0,0,0.0000
1289,1754.28,11847.30,NaN,NaN,NaN
1290,1674.87,12340.95,0,0,0.0000
1291,1921.36,11666.55,0,0,0.0000
1292,1852.11,11690.08,0,0,0.0000
1293,1919.42,11931.00,0,0,0.0000
1294,2007.25,11872.93,0,0,0.0000
1295,1751.80,12065.81,0,0,0.0000
1296,2292.58,12379.31,0,0,0.0000
1297,1932.79,12114.56,0,0,0.0000
1298,1812.08,12158.02,0,0,0.0000
1299,1882.73,12233.25,0,0,0.0000
1300,2078.83,11837.05,0,0,0.0000
1301,1989.11,12029.41,0,0,0.0000
1302,1910.16,12062.64,0,0,0.0000
1303,2086.07,12368.08,NaN,NaN,NaN
1304,2401.61,12313.91,0,0,0.0000
1305,1868.92,12357.22,0,0,0.0000
1306,1950.58,11797.65,NaN,NaN,NaN
1307,2001.32,12090.08,0,0,0.0000
1308,1704.51,11684.70,0,0,0.0000
1309,1902.65,11772.02,NaN,NaN,NaN
1310,2011.89,11805.06,0,0,0.0000
1311,1833.82,11767.71,2,1,0.0000
1312,1979.06,11934.02,0,0,0.0000
1313,1709.12,11752.23,0,0,0.0000
1314,1870.46,11998.09,0,0,0.0000
1315,2236.10,12329.69,0,0,0.0000
1316,1934.02,12394.94,0,0,0.0000
1317,1735.69,12302.98,0,0,0.0000
1318,1971.56,12251.12,3,3,0.0000
1319,2076.25,12014.43,0,0,0.0000
1320,2395.68,12111.56,NaN,NaN,NaN
1321,1951.37,12167.62,0,0,0.0000
1322,1951.95,11884.50,0,0,0.0000
1323,1731.86,11804.46,NaN,NaN,NaN
1324,2054.71,12388.28,NaN,NaN,NaN
1325,1972.47,12081.88,0,0,0.0000
1326,1811.15,11825.68,NaN,NaN,NaN
1327,1735.15,12174.94,0,0,0.0000
1328,2045.68,11800.52,NaN,NaN,NaN
1329,1868.67,11735.08,NaN,NaN,NaN
1330,2052.33,11868.44,0,0,0.0000
1331,1833.97,11890.35,0,0,0.0000
1332,1962.15,12057.04,0,0,0.0000
1333,2799.92,12392.69,0,0,0.0000
1334,2786.66,12326.34,0,0,0.0000
1335,2578.41,12373.13,0,0,0.0000
1336,2497.12,12302.88,0,0,0.0000
1337,2699.74,12348.11,0,0,0.0000
1338,3179.85,12413.47,0,0,0.0000
1339,3149.60,12375.79,NaN,NaN,NaN
1340,2533.05,12219.49,0,0,0.0000
1341,2606.38,12324.92,0,0,0.0000
1342,2568.17,12277.68,0,0,0.0000
1343,2896.43,12320.73,NaN,NaN,NaN
1344,2889.18,12366.21,0,0,0.0000
1345,2944.75,12406.98,0,0,0.0000
1346,2446.43,12399.69,0,0,0.0000
1347,2941.23,12369.97,0,0,0.0000
1348,2727.17,11685.40,0,0,0.0000
1349,2500.22,12397.41,0,0,0.0000
1350,2844.17,12083.58,0,0,0.0000
1351,2685.89,12294.92,0,0,0.0000
1352,2444.50,12362.65,0,0,0.0000
1353,2547.79,12191.01,0,0,0.0000
1354,2524.48,12395.43,0,0,0.0000
1355,2820.05,12297.66,0,0,0.0000
1356,3689.50,12265.67,NaN,NaN,NaN
1357,3797.45,12218.50,2,3,0.0000
1358,3565.80,12108.07,NaN,NaN,NaN
1359,3337.93,12327.58,0,0,0.0000
1360,3924.46,12341.43,0,0,0.0000
1361,3721.82,12034.63,NaN,NaN,NaN
1362,3538.34,12211.73,NaN,NaN,NaN
1363,3510.49,12014.75,0,0,0.0000
1364,3587.39,12342.14,NaN,NaN,NaN
1365,3702.11,12381.46,0,0,0.0000
1366,3328.16,12110.63,4,4,0.0000
1367,3582.19,12003.67,0,0,0.0000
1368,3745.76,12131.54,NaN,NaN,NaN
1369,3705.28,12167.04,0,0,0.0000
1370,3424.72,12143.49,NaN,NaN,NaN
1371,3856.48,12260.64,3,3,0.0000
1372,3237.51,12352.10,NaN,NaN,NaN
1373,3901.64,12395.53,NaN,NaN,NaN
1374,3385.56,12181.83,NaN,NaN,NaN
1375,3609.20,11952.37,0,0,0.0000
1376,3412.47,12343.84,2,3,0.0000
1377,3660.81,12088.45,0,0,0.0000
1378,3251.90,12186.95,0,0,0.0000
1379,3313.02,12198.71,0,0,0.0000
1380,3937.50,12111.77,0,0,0.0000
1381,3937.40,12237.24,0,0,0.0000
1382,3470.16,12262.15,0,0,0.0000
1383,3303.71,12349.57,0,0,0.0000
1384,3241.60,12253.65,0,0,0.0000
1385,3477.93,12080.76,0,0,0.0000
1386,3820.68,12134.58,NaN,NaN,NaN
1387,3452.94,12110.38,0,0,0.0000
1388,3457.92,11922.06,0,0,0.0000
1389,3202.51,12222.06,0,0,0.0000
1390,3450.04,12014.22,0,0,0.0000
1391,3772.49,12340.83,NaN,NaN,NaN
1392,3505.89,12374.57,0,0,0.0000
1393,3213.65,12311.81,0,0,0.0000
1394,3351.32,12275.81,0,0,0.0000
1395,3649.75,12010.57,0,0,0.0000
1396,3437.02,11968.39,0,0,0.0000
1397,3630.60,12287.69,2,2,0.0000
1398,3239.49,12138.93,0,0,0.0000
1399,3614.66,12074.35,0,0,0.0000
1400,3416.03,11783.91,0,0,0.0000
1401,3502.40,11944.05,0,0,0.0000
1402,3922.40,12034.08,0,0,0.0000
1403,3715.01,11984.50,0,0,0.0000
1404,3925.11,12170.98,0,0,0.0000
1405,3496.11,11902.66,0,0,0.0000
1406,3678.07,12194.01,2,2,0.0000
1407,3876.84,11910.28,0,0,0.0000
1408,3949.45,12052.83,0,0,0.0000
1409,3632.77,11809.15,NaN,NaN,NaN
1410,3818.34,12368.51,NaN,NaN,NaN
1411,3647.84,12376.85,0,0,0.0000
1412,3458.45,12198.60,NaN,NaN,NaN
1413,3870.76,12146.37,0,0,0.0000
1414,3296.54,12251.70,0,0,0.0000
1415,3483.51,12176.99,2,4,2.0000
1416,3493.05,11971.18,0,0,0.0000
1417,3851.41,12387.45,0,0,0.0000
1418,3765.43,12093.30,0,0,0.0000
1419,3398.88,12277.12,NaN,NaN,NaN
1420,3633.45,12136.67,0,0,0.0000
1421,3653.04,11784.11,NaN,NaN,NaN
1422,3903.73,12264.77,0,0,0.0000
1423,3621.60,12411.19,NaN,NaN,NaN
1424,3636.82,11845.51,0,0,0.0000
1425,3418.08,12232.48,0,0,0.0000
1426,3685.82,11934.49,0,0,0.0000
1427,3814.42,12333.08,0,0,0.0000
1428,4015.62,12306.52,0,0,0.0000
1429,4227.56,12206.76,0,0,0.0000
1430,4121.29,11959.33,2,0,0.0000
1431,4151.72,12119.04,0,0,0.0000
1432,4501.08,12153.34,NaN,NaN,NaN
1433,4034.07,12137.47,0,0,0.0000
1434,4589.07,12312.17,NaN,NaN,NaN
1435,4032.82,11991.58,NaN,NaN,NaN
1436,4111.23,12296.43,0,0,0.0000
1437,4336.30,12273.88,0,0,0.0000
1438,4003.16,12203.41,0,0,0.0000
1439,4296.31,12125.86,0,0,0.0000
1440,4008.35,12056.20,0,0,0.0000
1441,4280.55,12373.54,0,0,0.0000
1442,4502.48,12228.70,NaN,NaN,NaN
1443,4583.12,12183.26,0,0,0.0000
1444,4106.50,12233.93,0,0,0.0000
1445,4230.84,12071.95,0,0,0.0000
1446,4553.56,12380.45,NaN,NaN,NaN
1447,4349.65,12344.48,0,0,0.0000
1448,4644.53,12181.84,0,0,0.0000
1449,4087.13,12051.51,0,0,0.0000
1450,4231.68,11961.78,0,0,0.0000
1451,4345.28,12205.10,0,0,0.0000
1452,4193.67,11924.65,NaN,NaN,NaN
1453,3972.69,11933.07,0,0,0.0000
1454,4294.57,12178.78,0,0,0.0000
1455,4109.70,12360.94,0,0,0.0000
1456,4144.31,11876.72,2,2,0.0000
1457,4140.83,12036.32,0,0,0.0000
1458,4357.89,12038.31,0,0,0.0000
1459,4377.92,12140.34,0,0,0.0000
1460,4520.45,12404.52,0,0,0.0000
1461,4562.89,12122.57,NaN,NaN,NaN
1462,4173.72,12333.32,0,0,0.0000
1463,4655.96,12307.42,0,0,0.0000
1464,4620.19,12132.97,0,0,0.0000
1465,4213.54,12009.15,0,0,0.0000
1466,4482.76,12369.13,3,3,0.0000
1467,4193.92,11859.55,NaN,NaN,NaN
1468,4130.21,12400.11,0,0,0.0000
1469,4057.53,12090.38,0,0,0.0000
1470,4205.55,12326.51,0,0,0.0000
1471,4688.00,12379.34,0,0,0.0000
1472,4519.12,12290.63,0,0,0.0000
1473,4618.64,12225.42,0,0,0.0000
1474,4356.54,12386.36,0,0,0.0000
1475,4627.15,12204.96,0,0,0.0000
1476,5478.80,11829.51,0,0,0.0000
1477,5438.86,12213.56,0,0,0.0000
1478,5029.21,12326.59,0,0,0.0000
1479,5430.01,12021.02,0,0,0.0000
1480,5096.94,12373.35,0,0,0.0000
1481,5154.26,12400.32,0,0,0.0000
1482,5476.83,11725.81,0,0,0.0000
1483,5373.30,11795.66,0,0,0.0000
1484,5032.81,12239.53,0,0,0.0000
1485,5391.90,11879.85,0,0,0.0000
1486,5187.58,12368.40,0,0,0.0000
1487,5269.11,11701.21,NaN,NaN,NaN
1488,5261.33,12039.34,0,0,0.0000
1489,5402.46,11666.31,0,0,0.0000
1490,5114.53,11680.33,2,1,0.0000
1491,5344.71,11740.02,NaN,NaN,NaN
1492,5450.36,11925.58,NaN,NaN,NaN
1493,5340.53,12104.45,0,0,0.0000
1494,5315.72,12027.01,0,0,0.0000
1495,5475.02,12022.69,NaN,NaN,NaN
1496,5276.66,11997.24,0,0,0.0000
1497,5350.34,12053.26,0,0,0.0000
1498,5307.83,12076.51,0,0,0.0000
1499,5295.10,11769.54,0,0,0.0000
1500,5331.43,11913.56,0,0,0.0000
1501,5224.16,12029.02,0,0,0.0000
1502,5093.12,12315.09,0,0,0.0000
1503,4896.09,12394.89,0,0,0.0000
1504,5295.16,12113.50,0,0,0.0000
1505,5286.88,11817.98,0,0,0.0000
1506,5400.26,11755.13,0,0,0.0000
1507,5196.26,12048.48,0,0,0.0000
1508,5471.78,11907.57,2,2,0.0000
1509,5272.62,12087.87,0,0,0.0000
1510,5371.84,12072.33,0,0,0.0000
1511,5719.57,12201.61,NaN,NaN,NaN
1512,5927.13,12306.81,0,0,0.0000
1513,5614.44,11781.13,0,0,0.0000
1514,5912.80,12391.64,0,0,0.0000
1515,5889.45,12025.49,2,4,2.0000
1516,6066.98,12344.66,0,0,0.0000
1517,5739.69,11775.40,2,2,0.0000
1518,5650.57,11920.27,0,0,0.0000
1519,5534.67,12021.55,2,4,2.0000
1520,5875.09,12138.44,2,3,0.0000
1521,5818.73,12078.62,0,0,0.0000
1522,6256.49,11901.18,0,0,0.0000
1523,5714.58,11977.11,NaN,NaN,NaN
1524,5877.76,12208.15,NaN,NaN,NaN
1525,6211.87,11992.97,2,3,0.0000
1526,6120.91,11679.71,NaN,NaN,NaN
1527,6117.66,12030.20,NaN,NaN,NaN
1528,6086.87,11754.88,3,1,0.0000
1529,5692.22,11771.95,0,0,0.0000
1530,6146.13,11759.86,0,0,0.0000
1531,6092.74,12188.80,2,3,0.0000
1532,5658.85,12064.81,NaN,NaN,NaN
1533,6263.44,11797.07,0,0,0.0000
1534,5867.46,11893.28,NaN,NaN,NaN
1535,6270.05,12241.90,NaN,NaN,NaN
1536,5658.87,11854.39,0,0,0.0000
1537,5836.09,11831.69,0,0,0.0000
1538,6195.47,12190.61,0,0,0.0000
1539,5943.66,12102.37,NaN,NaN,NaN
1540,5801.40,11962.00,NaN,NaN,NaN
1541,6141.36,12258.65,0,0,0.0000
1542,6029.48,11703.27,0,0,0.0000
1543,5819.74,12405.99,0,0,0.0000
1544,5996.98,12367.89,0,0,0.0000
1545,6171.45,12140.88,0,0,0.0000
1546,5779.03,12022.47,NaN,NaN,NaN
1547,5586.11,12196.65,0,0,0.0000
1548,6245.47,12157.32,0,0,0.0000
1549,5740.02,11911.98,0,0,0.0000
1550,5727.60,12045.44,NaN,NaN,NaN
1551,5919.31,11932.99,NaN,NaN,NaN
1552,6168.62,11881.90,0,0,0.0000
1553,6011.42,12161.71,NaN,NaN,NaN
1554,6267.49,12201.37,0,0,0.0000
1555,5542.28,12110.67,0,0,0.0000
1556,6267.20,12110.53,0,0,0.0000
1557,6047.34,11975.43,0,0,0.0000
1558,5528.82,11731.13,3,3,0.0000
1559,6118.73,12386.52,0,0,0.0000
1560,5795.46,11897.32,2,3,0.0000
1561,5774.99,11842.82,0,0,0.0000
1562,6037.45,11748.78,0,0,0.0000
1563,5555.01,11666.60,0,0,0.0000
1564,6013.53,12004.14,0,0,0.0000
1565,5815.89,11768.41,0,0,0.0000
1566,6215.97,12267.59,0,0,0.0000
1567,5936.11,11836.74,NaN,NaN,NaN
1568,5523.23,11786.63,0,0,0.0000
1569,6184.86,12068.11,0,0,0.0000
1570,6065.03,11867.14,0,0,0.0000
1571,5764.09,11715.43,NaN,NaN,NaN
1572,5570.38,11962.39,0,0,0.0000
1573,6208.84,12315.19,0,0,0.0000
1574,5555.82,11908.88,0,0,0.0000
1575,6081.70,11899.40,0,0,0.0000
1576,5751.22,11687.23,NaN,NaN,NaN
1577,5831.98,12238.46,0,0,0.0000
1578,5930.59,12242.42,0,0,0.0000
1579,6065.18,12254.78,0,0,0.0000
1580,5973.49,12043.09,NaN,NaN,NaN
1581,5730.59,11861.95,0,0,0.0000
1582,6217.22,12113.21,0,0,0.0000
1583,5661.76,11711.27,0,0,0.0000
1584,5996.41,11959.42,0,0,0.0000
1585,5528.71,12147.02,0,0,0.0000
1586,6224.01,11743.12,0,0,0.0000
1587,6349.89,12164.77,NaN,NaN,NaN
1588,6295.06,11974.90,0,0,0.0000
1589,6498.05,12299.94,NaN,NaN,NaN
1590,6362.27,11920.70,0,0,0.0000
1591,6461.09,12062.26,2,2,0.0000
1592,6499.18,12107.68,0,0,0.0000
1593,6446.41,12175.70,NaN,NaN,NaN
1594,6384.59,12045.29,NaN,NaN,NaN
1595,6352.78,12257.44,0,0,0.0000
1596,6341.70,12016.42,0,0,0.0000
1597,6446.53,12007.22,NaN,NaN,NaN
1598,6401.24,11972.88,0,0,0.0000
1599,6413.22,12108.46,0,0,0.0000
1600,6466.11,12252.51,NaN,NaN,NaN
1601,6305.73,11744.68,0,0,0.0000
1602,6301.20,12070.68,0,0,0.0000
1603,6319.22,11834.06,0,0,0.0000
1604,6468.03,11968.09,0,0,0.0000
1605,543.42,12417.76,0,0,0.0000
1606,692.00,12546.48,0,0,0.0000
1607,191.41,12572.71,0,0,0.0000
1608,868.82,12877.58,0,0,0.0000
1609,733.28,12801.47,0,0,0.0000
1610,569.22,12635.99,0,0,0.0000
1611,241.93,13106.11,0,0,0.0000
1612,537.41,13181.38,0,0,0.0000
1613,586.28,13115.14,0,0,0.0000
1614,679.79,13039.07,0,0,0.0000
1615,63.04,13070.39,0,0,0.0000
1616,73.13,12983.92,0,0,0.0000
1617,208.12,12880.38,0,0,0.0000
1618,291.81,12912.88,0,0,0.0000
1619,218.29,12702.10,0,0,0.0000
1620,861.68,12689.81,0,0,0.0000
1621,597.95,12701.28,0,0,0.0000
1622,147.54,12778.78,0,0,0.0000
1623,739.66,12669.86,0,0,0.0000
1624,575.46,12886.13,0,0,0.0000
1625,389.02,12973.51,0,0,0.0000
1626,635.23,12463.70,0,0,0.0000
1627,44.42,12737.74,NaN,NaN,NaN
1628,756.89,12981.76,0,0,0.0000
1629,134.33,12522.09,0,0,0.0000
1630,143.13,13118.53,0,0,0.0000
1631,789.72,12489.76,0,0,0.0000
1632,795.86,13081.81,0,0,0.0000
1633,278.02,12774.20,0,0,0.0000
1634,110.31,12913.71,0,0,0.0000
1635,44.66,12815.94,NaN,NaN,NaN
1636,593.01,12982.99,0,0,0.0000
1637,850.88,13160.44,0,0,0.0000
1638,501.49,13030.69,0,0,0.0000
1639,84.51,12484.23,0,0,0.0000
1640,327.83,12989.56,0,0,0.0000
1641,649.66,12789.02,0,0,0.0000
1642,892.51,12529.77,0,0,0.0000
1643,787.23,12873.95,0,0,0.0000
1644,809.82,12710.84,0,0,0.0000
1645,817.91,12980.58,0,0,0.0000
1646,202.62,13039.72,0,0,0.0000
1647,866.35,12436.18,0,0,0.0000
1648,773.80,13162.41,0,0,0.0000
1649,291.58,12851.60,0,0,0.0000
1650,654.77,12907.80,0,0,0.0000
1651,413.46,12919.76,0,0,0.0000
1652,584.63,12754.68,0,0,0.0000
1653,812.40,12625.65,0,0,0.0000
1654,131.48,12843.34,0,0,0.0000
1655,233.05,12957.29,0,0,0.0000
1656,666.43,12723.22,0,0,0.0000
1657,578.53,12551.71,0,0,0.0000
1658,159.95,13017.35,0,0,0.0000
1659,888.36,12584.24,0,0,0.0000
1660,138.47,12705.89,0,0,0.0000
1661,438.99,13183.43,0,0,0.0000
1662,359.64,12852.09,0,0,0.0000
1663,860.39,13022.72,0,0,0.0000
1664,469.20,13096.14,0,0,0.0000
1665,426.54,13056.84,0,0,0.0000
1666,517.24,12982.53,0,0,0.0000
1667,242.55,12648.94,0,0,0.0000
1668,726.34,12901.18,0,0,0.0000
1669,750.22,13079.16,0,0,0.0000
1670,317.18,13112.17,0,0,0.0000
1671,710.86,12444.21,0,0,0.0000
1672,160.75,12953.73,0,0,0.0000
1673,464.81,12965.43,0,0,0.0000
1674,461.46,12573.02,0,0,0.0000
1675,153.68,12662.20,0,0,0.0000
1676,657.06,12617.01,0,0,0.0000
1677,496.51,12619.69,0,0,0.0000
1678,717.60,12621.06,0,0,0.0000
1679,673.35,12965.02,0,0,0.0000
1680,502.45,12505.93,0,0,0.0000
1681,758.58,13031.88,0,0,0.0000
1682,558.46,13041.62,0,0,0.0000
1683,92.83,12863.73,0,0,0.0000
1684,81.87,12667.68,0,0,0.0000
1685,394.37,13136.18,0,0,0.0000
1686,218.24,12789.69,0,0,0.0000
1687,732.93,12509.72,0,0,0.0000
1688,678.73,13105.54,0,0,0.0000
1689,394.87,13086.13,0,0,0.0000
1690,356.94,13116.44,0,0,0.0000
1691,347.57,12874.86,0,0,0.0000
1692,48.99,13138.60,0,0,0.0000
1693,103.03,12714.29,0,0,0.0000
1694,795.16,12799.25,0,0,0.0000
1695,786.35,12546.97,0,0,0.0000
1696,1074.24,12768.53,0,0,0.0000
1697,1409.31,13110.91,0,0,0.0000
1698,1281.48,12991.99,0,0,0.0000
1699,1363.17,12534.87,0,0,0.0000
1700,1410.50,13002.69,0,0,0.0000
1701,1074.02,12463.61,NaN,NaN,NaN
1702,1067.12,13003.81,NaN,NaN,NaN
1703,1240.84,12477.34,0,0,0.0000
1704,1185.78,12565.19,0,0,0.0000
1705,946.23,12964.18,0,0,0.0000
1706,991.31,12847.48,0,0,0.0000
1707,1463.42,12505.07,0,0,0.0000
1708,1452.70,12622.95,0,0,0.0000
1709,1461.29,12721.68,0,0,0.0000
1710,1282.02,12606.32,0,0,0.0000
1711,1196.52,13093.71,0,0,0.0000
1712,1539.66,12883.33,0,0,0.0000
1713,1461.93,12874.41,NaN,NaN,NaN
1714,1531.21,12677.22,0,0,0.0000
1715,1122.82,12583.37,0,0,0.0000
1716,1354.04,12660.07,0,0,0.0000
1717,1650.56,12657.55,0,0,0.0000
1718,1513.65,13064.28,0,0,0.0000
1719,1151.09,13171.14,0,0,0.0000
1720,1600.51,12840.87,0,0,0.0000
1721,1578.50,12638.54,0,0,0.0000
1722,980.66,12643.32,0,0,0.0000
1723,1367.57,12823.20,NaN,NaN,NaN
1724,1157.24,12929.12,0,0,0.0000
1725,1113.12,13110.40,0,0,0.0000
1726,1070.58,12860.79,NaN,NaN,NaN
1727,972.42,12567.15,0,0,0.0000
1728,910.24,12710.60,0,0,0.0000
1729,1240.38,12836.51,0,0,0.0000
1730,916.25,12787.91,0,0,0.0000
1731,1364.77,12925.08,0,0,0.0000
1732,1558.64,13141.39,NaN,NaN,NaN
1733,1234.94,12746.22,0,0,0.0000
1734,1560.94,12562.37,0,0,0.0000
1735,931.57,12629.89,0,0,0.0000
1736,1255.18,13124.03,0,0,0.0000
1737,1381.47,13176.45,0,0,0.0000
1738,1095.95,12699.36,0,0,0.0000
1739,1137.59,12685.62,0,0,0.0000
1740,1173.61,12710.32,0,0,0.0000
1741,1447.92,12800.41,NaN,NaN,NaN
1742,1648.53,12580.38,0,0,0.0000
1743,927.54,12457.11,0,0,0.0000
1744,904.76,13159.03,0,0,0.0000
1745,1643.47,13134.79,0,0,0.0000
1746,1555.78,12950.32,0,0,0.0000
1747,1311.87,12882.23,0,0,0.0000
1748,1629.38,12747.60,0,0,0.0000
1749,1110.08,13058.74,0,0,0.0000
1750,1585.44,12505.40,0,0,0.0000
1751,1332.21,12424.84,0,0,0.0000
1752,1253.60,12664.13,0,0,0.0000
1753,1047.59,12926.43,0,0,0.0000
1754,1540.23,12503.56,0,0,0.0000
1755,1054.62,12607.33,0,0,0.0000
1756,1102.93,12931.57,NaN,NaN,NaN
1757,1636.62,13055.05,0,0,0.0000
1758,1021.71,12677.48,0,0,0.0000
1759,1619.54,12798.09,0,0,0.0000
1760,992.53,13117.49,0,0,0.0000
1761,1210.65,12671.40,0,0,0.0000
1762,963.48,12470.10,0,0,0.0000
1763,1029.11,12640.98,0,0,0.0000
1764,1024.62,12566.00,0,0,0.0000
1765,1516.33,12798.92,NaN,NaN,NaN
1766,1315.02,13142.64,0,0,0.0000
1767,928.60,13119.43,0,0,0.0000
1768,1018.39,12606.42,0,0,0.0000
1769,2331.60,13006.11,3,5,0.0000
1770,2243.36,13180.00,NaN,NaN,NaN
1771,1801.07,13118.38,0,0,0.0000
1772,1782.59,12782.73,0,0,0.0000
1773,2112.10,12758.91,0,0,0.0000
1774,2196.51,13003.89,NaN,NaN,NaN
1775,1679.57,13069.08,0,0,0.0000
1776,2179.71,13084.10,NaN,NaN,NaN
1777,2414.23,13002.96,NaN,NaN,NaN
1778,2395.55,12456.20,0,0,0.0000
1779,1876.74,13056.73,2,3,0.0000
1780,2407.44,12901.67,0,0,0.0000
1781,1717.91,12968.87,NaN,NaN,NaN
1782,2097.93,13048.82,NaN,NaN,NaN
1783,1702.78,12435.99,0,0,0.0000
1784,1714.56,12515.33,0,0,0.0000
1785,2313.74,13099.06,NaN,NaN,NaN
1786,2331.55,12517.15,NaN,NaN,NaN
1787,2271.77,12574.11,0,0,0.0000
1788,1889.21,13152.81,0,0,0.0000
1789,2082.11,12906.71,0,0,0.0000
1790,1777.70,13028.66,NaN,NaN,NaN
1791,1813.74,12898.01,0,0,0.0000
1792,1863.24,12517.23,0,0,0.0000
1793,2073.85,13117.76,2,6,3.0000
1794,1773.32,12616.46,0,0,0.0000
1795,2229.80,12673.35,0,0,0.0000
1796,2328.21,12886.26,0,0,0.0000
1797,2207.74,12914.13,0,0,0.0000
1798,1929.18,12837.86,0,0,0.0000
1799,2366.05,12817.45,0,0,0.0000
1800,1708.61,12798.46,NaN,NaN,NaN
1801,2315.82,12636.62,0,0,0.0000
1802,1849.83,12965.71,0,0,0.0000
1803,2006.71,13082.44,5,6,0.0000
1804,1782.77,12701.03,0,0,0.0000
1805,1990.73,12971.66,0,0,0.0000
1806,2066.54,12989.85,0,0,0.0000
1807,1948.35,13004.04,0,0,0.0000
1808,1865.05,12733.03,0,0,0.0000
1809,2368.84,13152.56,0,0,0.0000
1810,2208.91,12617.13,0,0,0.0000
1811,1687.15,12856.86,2,4,2.0000
1812,1717.52,12575.74,0,0,0.0000
1813,2204.73,12466.89,0,0,0.0000
1814,1821.03,12454.33,0,0,0.0000
1815,2126.08,12877.53,0,0,0.0000
1816,2383.40,12562.55,NaN,NaN,NaN
1817,1859.74,12609.60,0,0,0.0000
1818,1976.79,13162.79,0,0,0.0000
1819,1954.17,13121.63,0,0,0.0000
1820,2020.93,12869.49,0,0,0.0000
1821,1759.85,12458.48,0,0,0.0000
1822,2139.27,12951.82,0,0,0.0000
1823,2212.73,12757.72,0,0,0.0000
1824,1671.79,12735.42,0,0,0.0000
1825,1971.96,12817.50,0,0,0.0000
1826,2399.14,12751.21,0,0,0.0000
1827,1800.40,12553.93,0,0,0.0000
1828,1942.69,13058.19,0,0,0.0000
1829,1702.38,12912.11,NaN,NaN,NaN
1830,2405.69,12613.94,0,0,0.0000
1831,2056.64,12848.95,0,0,0.0000
1832,1886.34,12670.01,0,0,0.0000
1833,2281.89,13033.00,NaN,NaN,NaN
1834,2345.22,12588.55,NaN,NaN,NaN
1835,2011.94,12908.38,0,0,0.0000
1836,2202.46,12839.07,0,0,0.0000
1837,1869.43,12832.20,0,0,0.0000
1838,1809.97,12991.67,NaN,NaN,NaN
1839,2164.61,12868.42,0,0,0.0000
1840,2327.33,12458.07,NaN,NaN,NaN
1841,2365.01,12643.60,0,0,0.0000
1842,2034.46,12950.07,0,0,0.0000
1843,2316.35,12785.05,0,0,0.0000
1844,2182.65,12790.66,0,0,0.0000
1845,1896.58,12955.01,0,0,0.0000
1846,2052.61,12811.20,0,0,0.0000
1847,1937.38,12904.46,0,0,0.0000
1848,1708.14,12697.14,0,0,0.0000
1849,1847.84,12666.95,0,0,0.0000
1850,2506.85,12584.55,0,0,0.0000
1851,2711.73,12950.35,0,0,0.0000
1852,3180.23,12579.87,0,0,0.0000
1853,3140.02,13155.13,0,0,0.0000
1854,2491.14,12759.82,0,0,0.0000
1855,2725.62,12589.05,0,0,0.0000
1856,2495.61,12952.87,0,0,0.0000
1857,2593.48,13024.44,0,0,0.0000
1858,2449.58,12685.30,0,0,0.0000
1859,2627.17,12545.14,0,0,0.0000
1860,2500.37,12883.89,0,0,0.0000
1861,2651.07,12840.77,0,0,0.0000
1862,2744.31,12870.03,0,0,0.0000
1863,2685.83,12728.33,0,0,0.0000
1864,2580.08,12789.40,0,0,0.0000
1865,3123.25,12736.33,0,0,0.0000
1866,2644.23,12667.89,0,0,0.0000
1867,3114.98,12892.77,0,0,0.0000
1868,2566.61,12847.87,0,0,0.0000
1869,2829.36,12661.77,0,0,0.0000
1870,2890.26,12618.41,0,0,0.0000
1871,3161.05,12686.22,0,0,0.0000
1872,2546.79,12447.49,0,0,0.0000
1873,2567.47,12666.93,0,0,0.0000
1874,2765.85,12738.50,0,0,0.0000
1875,2505.05,12469.80,0,0,0.0000
1876,2885.54,12432.70,0,0,0.0000
1877,2492.31,13044.50,0,0,0.0000
1878,2700.41,13035.67,0,0,0.0000
1879,2650.73,13107.34,0,0,0.0000
1880,3099.52,12533.25,0,0,0.0000
1881,3166.76,12814.95,2,1,0.0000
1882,2810.40,12589.57,0,0,0.0000
1883,2821.66,12790.05,0,0,0.0000
1884,2478.36,13119.70,0,0,0.0000
1885,3096.67,13039.81,0,0,0.0000
1886,2723.45,12795.74,0,0,0.0000
1887,3049.60,13088.37,0,0,0.0000
1888,2827.09,12859.23,0,0,0.0000
1889,3122.49,12468.49,0,0,0.0000
1890,2811.64,13050.25,0,0,0.0000
1891,2454.37,12470.47,0,0,0.0000
1892,3091.87,12638.17,0,0,0.0000
1893,2473.93,13182.70,0,0,0.0000
1894,2557.26,13120.72,0,0,0.0000
1895,2621.62,12928.50,0,0,0.0000
1896,2602.84,12479.84,0,0,0.0000
1897,2672.42,12423.09,0,0,0.0000
1898,2609.00,12438.70,0,0,0.0000
1899,2724.81,12446.51,0,0,0.0000
1900,2671.05,12889.15,0,0,0.0000
1901,2753.90,12482.97,NaN,NaN,NaN
1902,3079.87,12421.79,0,0,0.0000
1903,2767.76,12440.81,0,0,0.0000
1904,3101.75,12972.40,0,0,0.0000
1905,3166.97,12913.43,0,0,0.0000
1906,2671.75,13163.51,0,0,0.0000
1907,3009.20,12671.83,0,0,0.0000
1908,3150.85,12951.88,0,0,0.0000
1909,2851.66,12536.60,0,0,0.0000
1910,2621.03,12616.26,0,0,0.0000
1911,2987.77,12721.71,0,0,0.0000
1912,3065.60,13139.69,0,0,0.0000
1913,2709.91,13105.64,0,0,0.0000
1914,3152.06,12498.45,0,0,0.0000
1915,3084.71,12475.88,0,0,0.0000
1916,2463.95,12512.09,0,0,0.0000
1917,3138.75,13064.53,0,0,0.0000
1918,2573.60,13158.17,0,0,0.0000
1919,2842.92,12902.59,0,0,0.0000
1920,2758.73,13081.86,0,0,0.0000
1921,2860.64,12573.17,0,0,0.0000
1922,2584.79,12948.56,0,0,0.0000
1923,3802.01,12838.32,NaN,NaN,NaN
1924,3892.27,12960.15,NaN,NaN,NaN
1925,3313.82,13055.59,0,0,0.0000
1926,3356.17,12432.07,NaN,NaN,NaN
1927,3950.66,12747.15,NaN,NaN,NaN
1928,3835.66,13069.81,NaN,NaN,NaN
1929,3965.55,13155.92,NaN,NaN,NaN
1930,3963.30,12528.96,0,0,0.0000
1931,3606.20,13031.54,NaN,NaN,NaN
1932,3883.73,12637.71,0,0,0.0000
1933,3236.92,12675.09,NaN,NaN,NaN
1934,3949.07,12835.94,2,4,2.0000
1935,3301.21,12645.45,0,0,0.0000
1936,3850.55,12574.90,0,0,0.0000
1937,3707.17,12885.36,NaN,NaN,NaN
1938,3886.56,12764.31,0,0,0.0000
1939,3695.20,13037.74,0,0,0.0000
1940,3210.11,12760.66,NaN,NaN,NaN
1941,3679.26,12816.62,0,0,0.0000
1942,3813.55,12934.30,NaN,NaN,NaN
1943,3890.25,13143.70,0,0,0.0000
1944,3768.87,12473.77,0,0,0.0000
1945,3899.85,13053.26,0,0,0.0000
1946,3753.58,13110.54,NaN,NaN,NaN
1947,3253.16,12423.19,2,3,0.0000
1948,3886.76,12503.67,NaN,NaN,NaN
1949,3239.03,13018.93,NaN,NaN,NaN
1950,3762.86,12977.98,0,0,0.0000
1951,3332.72,12553.09,NaN,NaN,NaN
1952,3207.35,12883.00,0,0,0.0000
1953,3881.11,12446.80,2,3,0.0000
1954,3937.87,12453.62,NaN,NaN,NaN
1955,3744.57,12741.38,NaN,NaN,NaN
1956,3252.83,13117.72,0,0,0.0000
1957,3383.79,12508.28,NaN,NaN,NaN
1958,3800.32,12566.10,0,0,0.0000
1959,3923.61,12682.96,0,0,0.0000
1960,3287.29,12767.00,2,3,0.0000
1961,3923.55,12584.44,3,2,0.0000
1962,3789.10,13084.66,NaN,NaN,NaN
1963,3834.17,12420.49,NaN,NaN,NaN
1964,3691.91,12937.52,0,0,0.0000
1965,3462.31,12427.86,0,0,0.0000
1966,3750.91,12703.44,0,0,0.0000
1967,3635.74,13133.85,NaN,NaN,NaN
1968,3841.27,12522.26,0,0,0.0000
1969,3822.75,12476.91,0,0,0.0000
1970,3795.41,12966.86,2,4,2.0000
1971,3635.59,12875.42,0,0,0.0000
1972,3270.76,12888.79,NaN,NaN,NaN
1973,3906.24,12867.76,0,0,0.0000
1974,3202.74,12933.81,0,0,0.0000
1975,3478.05,13174.52,NaN,NaN,NaN
1976,3593.96,12872.56,NaN,NaN,NaN
1977,3795.35,12687.88,0,0,0.0000
1978,3827.24,13002.65,NaN,NaN,NaN
1979,3660.38,12731.30,0,0,0.0000
1980,3287.93,13133.03,0,0,0.0000
1981,3715.04,13182.94,0,0,0.0000
1982,3675.70,12760.76,NaN,NaN,NaN
1983,3829.72,12740.33,0,0,0.0000
1984,4670.41,12831.46,NaN,NaN,NaN
1985,4701.02,13132.21,0,0,0.0000
1986,4382.55,12666.11,0,0,0.0000
1987,4088.34,12460.27,2,3,0.0000
1988,4220.16,12443.79,0,0,0.0000
1989,4549.53,12554.14,0,0,0.0000
1990,4577.39,12986.46,3,3,0.0000
1991,4188.07,12844.30,0,0,0.0000
1992,4641.55,12639.26,0,0,0.0000
1993,4135.90,12952.44,0,0,0.0000
1994,4245.51,13170.14,0,0,0.0000
1995,4576.99,12872.14,0,0,0.0000
1996,4059.40,12588.00,0,0,0.0000
1997,4111.29,12703.04,0,0,0.0000
1998,4449.55,12826.54,0,0,0.0000
1999,4409.47,13088.49,0,0,0.0000
2000,4540.92,12631.86,0,0,0.0000
2001,4296.83,12960.44,0,0,0.0000
2002,4501.67,12940.62,0,0,0.0000
2003,4285.80,12564.55,0,0,0.0000
2004,4620.22,13066.67,0,0,0.0000
2005,4671.02,12924.92,NaN,NaN,NaN
2006,4035.65,13080.01,2,0,0.0000
2007,4529.54,12747.08,0,0,0.0000
2008,4667.95,12986.03,0,0,0.0000
2009,4400.65,12993.05,0,0,0.0000
2010,4527.19,12691.34,0,0,0.0000
2011,4102.75,13131.42,0,0,0.0000
2012,4467.33,12443.42,0,0,0.0000
2013,4349.91,12451.19,0,0,0.0000
2014,4253.14,12630.12,0,0,0.0000
2015,4379.05,12922.08,0,0,0.0000
2016,4187.63,12631.68,0,0,0.0000
2017,4728.37,12735.76,0,0,0.0000
2018,4417.71,12459.71,0,0,0.0000
2019,4034.37,12837.55,0,0,0.0000
2020,4543.91,13115.46,NaN,NaN,NaN
2021,4221.67,12905.35,0,0,0.0000
2022,4125.35,12548.87,NaN,NaN,NaN
2023,4200.83,13116.51,0,0,0.0000
2024,4031.78,12981.58,0,0,0.0000
2025,4446.84,12593.35,0,0,0.0000
2026,4335.51,13021.37,0,0,0.0000
2027,4511.42,12802.14,0,0,0.0000
2028,4091.13,12888.79,0,0,0.0000
2029,4040.62,12755.08,0,0,0.0000
2030,3976.36,13031.48,0,0,0.0000
2031,4279.52,13081.45,0,0,0.0000
2032,3982.66,12928.34,0,0,0.0000
2033,4400.25,12764.46,0,0,0.0000
2034,4307.30,12474.64,0,0,0.0000
2035,3980.07,12611.51,3,5,0.0000
2036,4233.66,12770.32,0,0,0.0000
2037,4022.30,12505.98,NaN,NaN,NaN
2038,4289.50,12805.10,0,0,0.0000
2039,4085.83,12649.21,0,0,0.0000
2040,4569.78,12497.35,NaN,NaN,NaN
2041,4475.95,13073.65,0,0,0.0000
2042,4138.81,12596.25,0,0,0.0000
2043,4633.14,12483.84,0,0,0.0000
2044,4346.62,12540.15,0,0,0.0000
2045,4484.41,13025.28,0,0,0.0000
2046,4152.76,13172.32,0,0,0.0000
2047,4698.36,12567.42,0,0,0.0000
2048,4292.53,12856.41,0,0,0.0000
2049,4256.59,12684.75,0,0,0.0000
2050,4039.50,13137.87,0,0,0.0000
2051,4246.35,13031.13,0,0,0.0000
2052,4229.06,12723.50,0,0,0.0000
2053,4456.73,12533.55,0,0,0.0000
2054,4582.97,13141.91,NaN,NaN,NaN
2055,4342.92,12803.46,0,0,0.0000
2056,4562.67,12450.17,2,1,0.0000
2057,4057.73,12926.72,0,0,0.0000
2058,4731.92,12426.45,0,0,0.0000
2059,3977.78,12442.78,0,0,0.0000
2060,4304.84,12700.11,0,0,0.0000
2061,4019.21,12657.15,NaN,NaN,NaN
2062,4532.03,13044.09,NaN,NaN,NaN
2063,4241.29,12523.74,0,0,0.0000
2064,4520.31,12498.75,0,0,0.0000
2065,4985.64,12973.67,0,0,0.0000
2066,4929.23,12805.84,0,0,0.0000
2067,4814.93,13094.86,0,0,0.0000
2068,4848.69,12974.08,NaN,NaN,NaN
2069,5148.83,12765.49,NaN,NaN,NaN
2070,4949.20,13092.84,0,0,0.0000
2071,4832.09,12777.03,0,0,0.0000
2072,5168.69,12996.25,0,0,0.0000
2073,5085.67,12977.74,0,0,0.0000
2074,5155.15,12473.42,0,0,0.0000
2075,4910.69,12634.77,0,0,0.0000
2076,5285.11,12719.03,0,0,0.0000
2077,5433.30,12593.80,0,0,0.0000
2078,5374.93,12572.38,0,0,0.0000
2079,5071.61,12725.26,NaN,NaN,NaN
2080,4736.33,12674.59,0,0,0.0000
2081,5023.88,12822.01,0,0,0.0000
2082,5420.16,12681.26,0,0,0.0000
2083,4960.93,13168.44,0,0,0.0000
2084,5161.23,12638.23,3,3,0.0000
2085,5179.73,12580.20,0,0,0.0000
2086,5246.53,13092.98,0,0,0.0000
2087,5118.47,12915.60,0,0,0.0000
2088,4990.06,13060.57,0,0,0.0000
2089,5254.66,12795.60,0,0,0.0000
2090,4736.72,12616.09,0,0,0.0000
2091,5102.04,12652.54,NaN,NaN,NaN
2092,5415.64,12853.79,0,0,0.0000
2093,5295.59,12450.61,0,0,0.0000
2094,4809.61,12674.38,0,0,0.0000
2095,5442.08,12777.70,0,0,0.0000
2096,5351.44,12637.90,0,0,0.0000
2097,5061.81,12587.30,0,0,0.0000
2098,4821.19,12581.00,0,0,0.0000
2099,5094.18,12853.66,0,0,0.0000
2100,4908.43,12704.20,0,0,0.0000
2101,5241.16,12550.28,0,0,0.0000
2102,4801.17,12905.37,0,0,0.0000
2103,5271.01,13172.59,0,0,0.0000
2104,5256.37,12655.18,0,0,0.0000
2105,5320.96,13032.62,0,0,0.0000
2106,5268.18,12960.10,0,0,0.0000
2107,5346.78,13093.61,0,0,0.0000
2108,4841.19,12869.00,0,0,0.0000
2109,5183.34,12705.33,NaN,NaN,NaN
2110,5028.93,12883.98,0,0,0.0000
2111,5365.18,12515.11,0,0,0.0000
2112,5004.47,12421.71,0,0,0.0000
2113,5307.85,12576.30,0,0,0.0000
2114,5297.87,12503.31,0,0,0.0000
2115,4979.23,12689.64,0,0,0.0000
2116,4876.43,13132.57,0,0,0.0000
2117,4870.42,12725.91,0,0,0.0000
2118,5490.76,12762.25,0,0,0.0000
2119,5154.50,13083.20,0,0,0.0000
2120,5365.60,12703.35,0,0,0.0000
2121,5261.01,12609.74,0,0,0.0000
2122,5274.59,12914.62,0,0,0.0000
2123,4891.18,12423.08,0,0,0.0000
2124,4737.93,12556.14,0,0,0.0000
2125,5111.19,12540.83,0,0,0.0000
2126,4889.39,13175.57,0,0,0.0000
2127,4984.39,12469.20,0,0,0.0000
2128,4942.09,12444.33,0,0,0.0000
2129,5312.07,13123.09,0,0,0.0000
2130,5231.65,12485.58,0,0,0.0000
2131,4752.25,12954.92,NaN,NaN,NaN
2132,5057.47,12453.67,0,0,0.0000
2133,5252.55,12859.42,0,0,0.0000
2134,5123.53,13149.52,0,0,0.0000
2135,5470.50,12826.73,0,0,0.0000
2136,4983.35,12768.20,0,0,0.0000
2137,5182.25,12859.00,0,0,0.0000
2138,5211.42,12819.89,0,0,0.0000
2139,5980.12,12477.66,0,0,0.0000
2140,5741.06,12966.39,NaN,NaN,NaN
2141,5850.51,13148.51,0,0,0.0000
2142,5528.60,12851.24,0,0,0.0000
2143,5992.10,12424.82,0,0,0.0000
2144,6509.10,12979.86,NaN,NaN,NaN
2145,6538.45,12447.30,0,0,0.0000
2146,6556.99,13123.29,NaN,NaN,NaN
2147,224.70,13902.12,NaN,NaN,NaN
2148,133.54,13580.38,0,0,0.0000
2149,826.91,13845.20,0,0,0.0000
2150,737.18,13536.03,0,0,0.0000
2151,755.18,13440.53,0,0,0.0000
2152,318.57,13763.56,0,0,0.0000
2153,82.77,13651.99,0,0,0.0000
2154,561.46,13765.33,0,0,0.0000
2155,455.26,13621.92,0,0,0.0000
2156,470.56,13831.92,0,0,0.0000
2157,385.88,13227.61,0,0,0.0000
2158,661.78,13800.71,0,0,0.0000
2159,361.61,13393.38,0,0,0.0000
2160,234.91,13494.12,0,0,0.0000
2161,220.11,13342.40,0,0,0.0000
2162,565.01,13591.06,NaN,NaN,NaN
2163,333.11,13543.68,0,0,0.0000
2164,668.24,13288.69,0,0,0.0000
2165,514.53,13323.25,0,0,0.0000
2166,301.35,13205.57,0,0,0.0000
2167,598.31,13903.89,NaN,NaN,NaN
2168,364.19,13294.60,0,0,0.0000
2169,861.72,13599.45,NaN,NaN,NaN
2170,796.86,13686.21,0,0,0.0000
2171,118.94,13919.11,0,0,0.0000
2172,127.54,13715.43,0,0,0.0000
2173,672.17,13927.88,NaN,NaN,NaN
2174,173.61,13777.75,0,0,0.0000
2175,399.79,13666.59,0,0,0.0000
2176,709.19,13740.16,0,0,0.0000
2177,292.55,13687.70,0,0,0.0000
2178,120.27,13427.05,0,0,0.0000
2179,297.99,13455.36,0,0,0.0000
2180,222.02,13569.00,0,0,0.0000
2181,91.97,13375.38,0,0,0.0000
2182,501.60,13256.60,0,0,0.0000
2183,490.17,13396.83,0,0,0.0000
2184,798.29,13264.68,0,0,0.0000
2185,604.23,13534.17,2,2,0.0000
2186,99.25,13223.50,0,0,0.0000
2187,503.86,13526.06,0,0,0.0000
2188,677.53,13199.47,0,0,0.0000
2189,163.78,13444.90,0,0,0.0000
2190,812.89,13402.90,0,0,0.0000
2191,226.67,13266.52,0,0,0.0000
2192,309.20,13333.94,0,0,0.0000
2193,51.59,13330.95,0,0,0.0000
2194,171.56,13215.78,0,0,0.0000
2195,513.35,13486.74,0,0,0.0000
2196,747.95,13293.96,0,0,0.0000
2197,477.15,13939.02,0,0,0.0000
2198,443.95,13356.65,0,0,0.0000
2199,428.04,13913.32,NaN,NaN,NaN
2200,384.21,13494.10,0,0,0.0000
2201,367.18,13838.99,0,0,0.0000
2202,296.15,13622.12,0,0,0.0000
2203,550.93,13897.02,0,0,0.0000
2204,222.59,13189.89,0,0,0.0000
2205,584.54,13441.39,0,0,0.0000
2206,735.34,13238.12,0,0,0.0000
2207,589.87,13363.31,0,0,0.0000
2208,384.86,13931.17,0,0,0.0000
2209,216.47,13685.07,0,0,0.0000
2210,425.52,13511.88,0,0,0.0000
2211,743.78,13350.37,0,0,0.0000
2212,467.39,13738.96,0,0,0.0000
2213,619.55,13713.72,0,0,0.0000
2214,864.49,13245.52,0,0,0.0000
2215,649.76,13542.92,0,0,0.0000
2216,564.98,13656.87,0,0,0.0000
2217,449.95,13553.96,0,0,0.0000
2218,887.95,13845.09,0,0,0.0000
2219,105.41,13315.90,0,0,0.0000
2220,141.81,13323.86,0,0,0.0000
2221,42.28,13910.10,NaN,NaN,NaN
2222,712.50,13618.15,0,0,0.0000
2223,624.88,13429.24,0,0,0.0000
2224,628.39,13370.27,0,0,0.0000
2225,736.20,13673.56,0,0,0.0000
2226,643.83,13874.54,2,4,2.0000
2227,666.97,13687.48,0,0,0.0000
2228,694.21,13681.09,0,0,0.0000
2229,603.44,13405.82,0,0,0.0000
2230,421.94,13757.98,0,0,0.0000
2231,745.30,13609.19,0,0,0.0000
2232,49.64,13933.30,2,1,0.0000
2233,550.05,13393.45,0,0,0.0000
2234,876.50,13782.11,0,0,0.0000
2235,869.83,13292.06,0,0,0.0000
2236,1162.21,13335.69,0,0,0.0000
2237,1217.46,13502.15,0,0,0.0000
2238,1092.31,13238.10,0,0,0.0000
2239,1468.24,13888.96,0,0,0.0000
2240,1014.48,13216.13,0,0,0.0000
2241,1581.68,13792.34,0,0,0.0000
2242,1262.32,13405.59,0,0,0.0000
2243,945.22,13537.09,0,0,0.0000
2244,984.06,13360.26,0,0,0.0000
2245,1472.01,13443.40,0,0,0.0000
2246,1469.14,13289.95,0,0,0.0000
2247,957.75,13204.67,0,0,0.0000
2248,1494.78,13207.38,0,0,0.0000
2249,1036.08,13617.36,0,0,0.0000
2250,1246.83,13259.99,0,0,0.0000
2251,1123.94,13718.20,3,4,0.0000
2252,1571.94,13894.52,0,0,0.0000
2253,1587.49,13333.66,0,0,0.0000
2254,899.37,13390.48,0,0,0.0000
2255,1110.58,13466.92,0,0,0.0000
2256,1423.81,13360.95,0,0,0.0000
2257,992.52,13701.55,0,0,0.0000
2258,1532.66,13417.57,0,0,0.0000
2259,1661.19,13327.44,0,0,0.0000
2260,1015.38,13855.61,NaN,NaN,NaN
2261,1515.84,13597.98,0,0,0.0000
2262,1581.17,13510.73,0,0,0.0000
2263,1553.78,13673.18,0,0,0.0000
2264,979.45,13903.63,2,3,0.0000
2265,1645.67,13204.17,0,0,0.0000
2266,1331.14,13205.95,0,0,0.0000
2267,1350.20,13391.09,0,0,0.0000
2268,1002.95,13480.64,0,0,0.0000
2269,1094.02,13856.36,NaN,NaN,NaN
2270,1641.70,13259.58,0,0,0.0000
2271,1056.72,13333.40,0,0,0.0000
2272,956.25,13650.67,0,0,0.0000
2273,1060.29,13536.23,0,0,0.0000
2274,1045.59,13747.80,0,0,0.0000
2275,1498.98,13550.57,0,0,0.0000
2276,918.01,13589.29,NaN,NaN,NaN
2277,1212.49,13746.12,0,0,0.0000
2278,1114.29,13577.61,0,0,0.0000
2279,1654.93,13718.94,0,0,0.0000
2280,1556.78,13234.13,0,0,0.0000
2281,1109.76,13808.17,NaN,NaN,NaN
2282,990.24,13431.69,0,0,0.0000
2283,955.50,13803.19,0,0,0.0000
2284,1652.48,13908.18,0,0,0.0000
2285,1651.30,13848.15,0,0,0.0000
2286,1055.01,13471.73,0,0,0.0000
2287,1569.99,13574.81,0,0,0.0000
2288,1410.06,13841.21,0,0,0.0000
2289,965.30,13441.28,0,0,0.0000
2290,901.09,13322.82,0,0,0.0000
2291,1063.32,13420.66,0,0,0.0000
2292,1510.25,13940.17,0,0,0.0000
2293,1335.46,13344.65,0,0,0.0000
2294,1080.08,13802.68,3,5,0.0000
2295,1302.86,13459.55,0,0,0.0000
2296,1133.11,13538.15,0,0,0.0000
2297,950.39,13853.42,0,0,0.0000
2298,924.88,13847.35,0,0,0.0000
2299,1276.87,13200.18,0,0,0.0000
2300,1292.97,13300.74,0,0,0.0000
2301,1808.80,13944.68,NaN,NaN,NaN
2302,1933.83,13559.07,0,0,0.0000
2303,2086.57,13352.25,0,0,0.0000
2304,1798.65,13211.34,0,0,0.0000
2305,2107.13,13202.11,0,0,0.0000
2306,1856.31,13682.33,0,0,0.0000
2307,2242.85,13373.69,0,0,0.0000
2308,1992.56,13304.56,0,0,0.0000
2309,1884.13,13801.68,NaN,NaN,NaN
2310,2291.98,13498.57,0,0,0.0000
2311,1746.56,13236.81,0,0,0.0000
2312,1786.67,13781.15,0,0,0.0000
2313,2305.25,13310.67,0,0,0.0000
2314,2069.63,13687.82,0,0,0.0000
2315,2024.82,13585.52,0,0,0.0000
2316,2173.65,13332.77,0,0,0.0000
2317,1930.50,13651.71,0,0,0.0000
2318,1883.24,13917.65,6,8,0.0000
2319,2024.27,13420.11,0,0,0.0000
2320,2083.67,13444.04,0,0,0.0000
2321,2134.06,13509.84,0,0,0.0000
2322,2173.52,13457.21,0,0,0.0000
2323,2014.28,13951.44,NaN,NaN,NaN
2324,1711.05,13821.47,0,0,0.0000
2325,1901.15,13326.45,0,0,0.0000
2326,1870.41,13405.15,0,0,0.0000
2327,1787.96,13389.66,NaN,NaN,NaN
2328,2125.63,13270.05,0,0,0.0000
2329,1724.90,13355.14,0,0,0.0000
2330,2334.95,13246.91,0,0,0.0000
2331,2220.27,13514.75,0,0,0.0000
2332,1681.94,13628.78,0,0,0.0000
2333,1722.01,13694.92,0,0,0.0000
2334,1713.49,13905.74,0,0,0.0000
2335,1708.79,13246.02,0,0,0.0000
2336,2300.09,13372.15,0,0,0.0000
2337,1841.16,13546.48,0,0,0.0000
2338,2011.25,13637.55,0,0,0.0000
2339,1915.57,13222.14,0,0,0.0000
2340,2365.99,13398.38,0,0,0.0000
2341,1711.13,13583.62,0,0,0.0000
2342,1951.68,13491.12,0,0,0.0000
2343,1704.77,13473.57,0,0,0.0000
2344,1895.09,13462.30,0,0,0.0000
2345,2032.60,13890.41,NaN,NaN,NaN
2346,2119.65,13734.36,NaN,NaN,NaN
2347,1752.99,13461.12,0,0,0.0000
2348,1734.50,13513.56,0,0,0.0000
2349,1967.49,13910.35,NaN,NaN,NaN
2350,1672.79,13421.50,0,0,0.0000
2351,1807.40,13499.75,0,0,0.0000
2352,2229.06,13448.64,0,0,0.0000
2353,1957.34,13837.56,NaN,NaN,NaN
2354,1864.56,13206.91,0,0,0.0000
2355,1995.93,13698.22,NaN,NaN,NaN
2356,2278.50,13248.53,0,0,0.0000
2357,1874.17,13505.73,0,0,0.0000
2358,1785.65,13445.66,NaN,NaN,NaN
2359,1971.96,13371.23,0,0,0.0000
2360,1943.66,13426.82,0,0,0.0000
2361,1800.47,13322.75,0,0,0.0000
2362,2365.58,13201.82,0,0,0.0000
2363,1767.06,13865.66,0,0,0.0000
2364,1681.11,13379.24,0,0,0.0000
2365,1781.53,13569.31,0,0,0.0000
2366,1830.86,13289.25,0,0,0.0000
2367,1768.82,13333.20,0,0,0.0000
2368,1877.03,13280.90,0,0,0.0000
2369,2381.89,13320.42,0,0,0.0000
2370,2054.08,13247.45,0,0,0.0000
2371,2002.31,13824.34,13,27,2.0769
2372,1934.51,13297.91,0,0,0.0000
2373,2435.11,13324.75,0,0,0.0000
2374,3053.17,13896.53,0,0,0.0000
2375,3094.11,13276.14,0,0,0.0000
2376,3068.41,13638.02,0,0,0.0000
2377,3087.37,13748.83,0,0,0.0000
2378,3133.24,13601.48,0,0,0.0000
2379,3032.87,13349.46,0,0,0.0000
2380,3142.12,13825.94,0,0,0.0000
2381,3045.34,13675.92,0,0,0.0000
2382,2964.96,13903.69,0,0,0.0000
2383,2931.57,13553.38,0,0,0.0000
2384,3024.29,13550.19,0,0,0.0000
2385,3150.44,13366.07,0,0,0.0000
2386,3017.01,13501.51,0,0,0.0000
2387,2962.05,13725.40,0,0,0.0000
2388,2908.25,13623.77,0,0,0.0000
2389,3160.35,13506.01,0,0,0.0000
2390,2983.86,13596.57,0,0,0.0000
2391,3052.63,13196.14,0,0,0.0000
2392,2827.93,13752.23,0,0,0.0000
2393,3099.54,13407.18,0,0,0.0000
2394,2866.95,13757.12,0,0,0.0000
2395,3077.79,13476.94,0,0,0.0000
2396,2927.67,13832.52,0,0,0.0000
2397,2469.36,13227.24,0,0,0.0000
2398,3004.94,13435.21,0,0,0.0000
2399,3151.95,13690.02,0,0,0.0000
2400,2867.17,13697.30,0,0,0.0000
2401,2593.95,13242.63,0,0,0.0000
2402,2915.82,13700.08,0,0,0.0000
2403,3176.21,13728.91,0,0,0.0000
2404,3171.31,13586.73,0,0,0.0000
2405,3105.19,13343.47,0,0,0.0000
2406,3176.03,13766.72,0,0,0.0000
2407,2915.39,13746.45,0,0,0.0000
2408,3057.86,13406.09,0,0,0.0000
2409,3061.16,13581.65,0,0,0.0000
2410,2910.44,13672.60,0,0,0.0000
2411,2544.96,13272.31,0,0,0.0000
2412,3116.17,13941.13,0,0,0.0000
2413,2994.74,13819.94,0,0,0.0000
2414,2550.80,13198.31,0,0,0.0000
2415,3141.14,13229.94,0,0,0.0000
2416,3941.16,13297.04,0,0,0.0000
2417,3891.81,13402.17,0,0,0.0000
2418,3816.54,13811.68,0,0,0.0000
2419,3783.30,13345.84,0,0,0.0000
2420,3952.32,13822.61,0,0,0.0000
2421,3234.78,13266.09,0,0,0.0000
2422,3840.33,13494.64,NaN,NaN,NaN
2423,3650.39,13196.01,NaN,NaN,NaN
2424,3718.71,13726.36,0,0,0.0000
2425,3710.65,13413.37,0,0,0.0000
2426,3446.07,13642.93,NaN,NaN,NaN
2427,3284.46,13387.48,0,0,0.0000
2428,3690.70,13634.75,NaN,NaN,NaN
2429,3212.28,13566.35,0,0,0.0000
2430,3394.45,13556.94,0,0,0.0000
2431,3952.76,13620.34,0,0,0.0000
2432,3711.59,13228.01,2,2,0.0000
2433,3624.10,13660.89,2,3,0.0000
2434,3851.18,13216.14,0,0,0.0000
2435,3585.62,13366.30,0,0,0.0000
2436,3528.39,13427.90,NaN,NaN,NaN
2437,3209.23,13456.56,0,0,0.0000
2438,3549.36,13205.48,NaN,NaN,NaN
2439,3300.51,13457.39,NaN,NaN,NaN
2440,3820.78,13280.24,0,0,0.0000
2441,3738.12,13551.63,0,0,0.0000
2442,3401.55,13446.43,0,0,0.0000
2443,3203.31,13373.82,0,0,0.0000
2444,3553.90,13540.98,0,0,0.0000
2445,3261.78,13321.12,0,0,0.0000
2446,3926.00,13733.89,NaN,NaN,NaN
2447,3289.87,13748.01,0,0,0.0000
2448,3881.37,13672.50,0,0,0.0000
2449,3276.71,13550.24,0,0,0.0000
2450,3549.86,13270.01,0,0,0.0000
2451,3718.24,13294.35,NaN,NaN,NaN
2452,3718.78,13818.40,0,0,0.0000
2453,3657.89,13500.46,3,2,0.0000
2454,3280.56,13603.89,0,0,0.0000
2455,3259.19,13206.92,0,0,0.0000
2456,3329.09,13803.20,0,0,0.0000
2457,3276.62,13687.99,0,0,0.0000
2458,3595.10,13243.28,0,0,0.0000
2459,3850.76,13593.67,0,0,0.0000
2460,3353.81,13713.78,0,0,0.0000
2461,3225.08,13687.17,0,0,0.0000
2462,3643.19,13306.80,0,0,0.0000
2463,3689.24,13556.24,0,0,0.0000
2464,3575.70,13601.44,0,0,0.0000
2465,3496.76,13614.07,NaN,NaN,NaN
2466,3364.71,13399.30,0,0,0.0000
2467,3886.00,13551.96,0,0,0.0000
2468,3897.25,13776.80,0,0,0.0000
2469,3327.42,13679.18,0,0,0.0000
2470,3666.44,13775.34,0,0,0.0000
2471,3454.22,13716.27,2,0,0.0000
2472,3581.08,13459.16,NaN,NaN,NaN
2473,3778.16,13840.53,0,0,0.0000
2474,3537.53,13700.58,0,0,0.0000
2475,3298.21,13511.24,0,0,0.0000
2476,3374.52,13346.25,NaN,NaN,NaN
2477,3482.07,13283.88,0,0,0.0000
2478,3595.95,13713.42,NaN,NaN,NaN
2479,3473.35,13339.68,0,0,0.0000
2480,3529.87,13650.63,NaN,NaN,NaN
2481,3868.97,13841.57,0,0,0.0000
2482,3868.88,13794.41,0,0,0.0000
2483,3516.33,13319.06,NaN,NaN,NaN
2484,3326.15,13339.58,0,0,0.0000
2485,3951.59,13212.87,0,0,0.0000
2486,3608.26,13535.20,NaN,NaN,NaN
2487,3718.95,13919.77,0,0,0.0000
2488,3839.74,13706.01,0,0,0.0000
2489,3879.73,13875.85,0,0,0.0000
2490,3351.88,13475.84,NaN,NaN,NaN
2491,3754.19,13799.32,0,0,0.0000
2492,3345.15,13318.19,NaN,NaN,NaN
2493,3680.76,13864.95,0,0,0.0000
2494,3501.53,13195.43,NaN,NaN,NaN
2495,3645.72,13872.72,0,0,0.0000
2496,3239.52,13519.50,0,0,0.0000
2497,3471.22,13310.14,0,0,0.0000
2498,3741.35,13657.66,0,0,0.0000
2499,3907.80,13847.81,0,0,0.0000
2500,3669.63,13355.91,NaN,NaN,NaN
2501,3490.03,13233.40,0,0,0.0000
2502,4036.50,13371.66,0,0,0.0000
2503,4471.71,13241.52,0,0,0.0000
2504,4524.54,13717.61,0,0,0.0000
2505,4280.12,13393.32,0,0,0.0000
2506,4039.12,13469.24,0,0,0.0000
2507,4617.53,13340.22,0,0,0.0000
2508,4148.03,13602.05,0,0,0.0000
2509,4718.47,13923.38,0,0,0.0000
2510,4183.04,13326.16,0,0,0.0000
2511,4595.57,13678.93,0,0,0.0000
2512,4456.47,13748.22,0,0,0.0000
2513,4181.23,13233.19,0,0,0.0000
2514,4326.00,13288.68,0,0,0.0000
2515,4114.97,13693.63,0,0,0.0000
2516,4432.21,13332.18,0,0,0.0000
2517,4571.50,13288.70,0,0,0.0000
2518,4244.48,13298.93,0,0,0.0000
2519,4190.69,13458.42,0,0,0.0000
2520,4598.53,13195.69,0,0,0.0000
2521,4630.55,13820.36,0,0,0.0000
2522,4687.33,13277.47,NaN,NaN,NaN
2523,4102.17,13219.40,0,0,0.0000
2524,4268.59,13509.29,0,0,0.0000
2525,4503.07,13379.23,0,0,0.0000
2526,4029.63,13203.50,NaN,NaN,NaN
2527,4359.25,13248.04,0,0,0.0000
2528,4542.39,13790.83,0,0,0.0000
2529,4560.88,13460.78,0,0,0.0000
2530,4455.40,13672.12,0,0,0.0000
2531,4038.44,13697.44,NaN,NaN,NaN
2532,4368.21,13200.66,0,0,0.0000
2533,4018.78,13541.32,2,2,0.0000
2534,4639.75,13744.12,0,0,0.0000
2535,4648.87,13237.62,0,0,0.0000
2536,4722.83,13464.04,0,0,0.0000
2537,4610.12,13402.42,0,0,0.0000
2538,4119.61,13526.08,0,0,0.0000
2539,4627.36,13462.82,0,0,0.0000
2540,4197.81,13648.01,0,0,0.0000
2541,4458.93,13408.79,0,0,0.0000
2542,4670.50,13868.45,0,0,0.0000
2543,4124.01,13423.84,0,0,0.0000
2544,4085.93,13533.91,0,0,0.0000
2545,4099.68,13279.28,0,0,0.0000
2546,4602.12,13910.56,0,0,0.0000
2547,4055.51,13648.47,0,0,0.0000
2548,4554.99,13423.10,0,0,0.0000
2549,4696.06,13714.33,0,0,0.0000
2550,4295.92,13407.35,0,0,0.0000
2551,4365.16,13428.98,0,0,0.0000
2552,4238.78,13669.30,0,0,0.0000
2553,4509.83,13308.03,0,0,0.0000
2554,4647.61,13671.30,0,0,0.0000
2555,4563.76,13406.81,0,0,0.0000
2556,3981.66,13940.99,0,0,0.0000
2557,4783.75,13549.83,NaN,NaN,NaN
2558,5046.28,13205.12,0,0,0.0000
2559,4897.90,13863.77,0,0,0.0000
2560,5178.61,13190.59,0,0,0.0000
2561,5150.06,13315.05,NaN,NaN,NaN
2562,5157.73,13850.01,0,0,0.0000
2563,4988.37,13801.90,0,0,0.0000
2564,4818.68,13246.33,0,0,0.0000
2565,4818.81,13445.52,0,0,0.0000
2566,4924.09,13417.32,0,0,0.0000
2567,4908.33,13772.87,0,0,0.0000
2568,5007.88,13286.88,0,0,0.0000
2569,5250.67,13476.03,0,0,0.0000
2570,4935.74,13336.32,0,0,0.0000
2571,5275.41,13917.29,0,0,0.0000
2572,4745.32,13334.92,NaN,NaN,NaN
2573,5029.37,13950.56,0,0,0.0000
2574,5073.55,13578.12,0,0,0.0000
2575,5329.20,13195.23,NaN,NaN,NaN
2576,5430.68,13410.02,0,0,0.0000
2577,5230.58,13788.57,0,0,0.0000
2578,5037.82,13823.72,NaN,NaN,NaN
2579,5103.60,13878.70,NaN,NaN,NaN
2580,4837.96,13380.71,0,0,0.0000
2581,5042.43,13408.10,0,0,0.0000
2582,5244.39,13309.70,2,2,0.0000
2583,4936.81,13220.90,0,0,0.0000
2584,4836.62,13189.41,0,0,0.0000
2585,4990.91,13391.51,0,0,0.0000
2586,5108.73,13619.46,NaN,NaN,NaN
2587,4941.10,13949.56,0,0,0.0000
2588,5090.54,13423.45,0,0,0.0000
2589,5361.45,13364.63,0,0,0.0000
2590,4929.43,13567.09,0,0,0.0000
2591,4819.80,13825.24,0,0,0.0000
2592,4791.05,13888.49,0,0,0.0000
2593,5424.25,13861.57,0,0,0.0000
2594,4775.85,13766.98,0,0,0.0000
2595,4864.48,13608.62,NaN,NaN,NaN
2596,5015.35,13529.34,0,0,0.0000
2597,4888.09,13254.04,0,0,0.0000
2598,5271.09,13378.09,0,0,0.0000
2599,5258.07,13854.37,0,0,0.0000
2600,4927.75,13512.68,0,0,0.0000
2601,5155.41,13466.70,NaN,NaN,NaN
2602,5107.40,13276.50,0,0,0.0000
2603,5379.20,13230.39,0,0,0.0000
2604,5378.52,13861.79,0,0,0.0000
2605,5216.28,13894.72,0,0,0.0000
2606,5344.88,13873.61,0,0,0.0000
2607,5178.70,13536.15,0,0,0.0000
2608,5319.13,13271.31,0,0,0.0000
2609,5135.87,13526.75,0,0,0.0000
2610,5326.68,13315.50,0,0,0.0000
2611,4950.65,13623.05,0,0,0.0000
2612,5198.40,13471.63,0,0,0.0000
2613,4790.29,13297.58,NaN,NaN,NaN
2614,6151.07,13641.49,0,0,0.0000
2615,6009.90,13484.18,0,0,0.0000
2616,6125.00,13573.26,0,0,0.0000
2617,5906.33,13574.00,0,0,0.0000
2618,6092.35,13506.15,0,0,0.0000
2619,6553.87,13465.39,0,0,0.0000
2620,6637.17,13381.97,0,0,0.0000
2621,6659.23,13487.12,0,0,0.0000
2622,6854.40,13372.64,0,0,0.0000
2623,6556.16,13604.08,0,0,0.0000
2624,6919.22,13349.53,0,0,0.0000
2625,6619.72,13578.53,0,0,0.0000
2626,6530.87,13396.53,0,0,0.0000
2627,6574.89,13537.58,0,0,0.0000
2628,6688.77,13654.95,0,0,0.0000
2629,6679.72,13758.44,0,0,0.0000
2630,6545.61,13227.01,NaN,NaN,NaN
2631,6640.51,13670.44,0,0,0.0000
2632,6730.92,13951.33,NaN,NaN,NaN
2633,6874.91,13268.97,0,0,0.0000
2634,6593.60,13319.59,0,0,0.0000
2635,6751.51,13691.90,0,0,0.0000
2636,6935.26,13432.95,0,0,0.0000
2637,6727.43,13416.65,0,0,0.0000
2638,6809.36,13339.21,0,0,0.0000
2639,6745.29,13761.48,0,0,0.0000
2640,6584.60,13405.05,0,0,0.0000
2641,6876.53,13432.77,0,0,0.0000
2642,6620.02,13762.41,0,0,0.0000
2643,7036.66,13757.02,0,0,0.0000
2644,6737.76,13641.87,0,0,0.0000
2645,6883.72,13313.24,0,0,0.0000
2646,6563.69,13283.40,0,0,0.0000
2647,6642.04,13293.98,NaN,NaN,NaN
2648,6898.12,13476.43,0,0,0.0000
2649,301.98,14671.63,2,2,0.0000
2650,134.77,14060.64,0,0,0.0000
2651,173.42,14685.32,0,0,0.0000
2652,308.78,14312.25,0,0,0.0000
2653,360.24,14537.90,0,0,0.0000
2654,735.59,14545.38,NaN,NaN,NaN
2655,549.27,14309.52,0,0,0.0000
2656,650.36,14500.35,NaN,NaN,NaN
2657,125.41,14398.62,0,0,0.0000
2658,291.36,14198.85,0,0,0.0000
2659,707.36,14647.39,NaN,NaN,NaN
2660,473.76,14237.11,0,0,0.0000
2661,872.17,14535.11,0,0,0.0000
2662,362.37,13993.77,2,2,0.0000
2663,523.49,14061.23,0,0,0.0000
2664,533.03,14611.66,0,0,0.0000
2665,378.70,14073.38,NaN,NaN,NaN
2666,215.20,14557.01,0,0,0.0000
2667,596.68,14201.42,0,0,0.0000
2668,510.32,14514.34,0,0,0.0000
2669,295.47,14102.98,0,0,0.0000
2670,514.65,14410.81,0,0,0.0000
2671,118.18,14185.27,0,0,0.0000
2672,820.49,14430.06,2,4,2.0000
2673,616.39,14635.71,0,0,0.0000
2674,203.57,14222.63,0,0,0.0000
2675,163.05,14511.91,0,0,0.0000
2676,411.53,14213.26,0,0,0.0000
2677,182.15,14314.32,0,0,0.0000
2678,426.99,14355.79,0,0,0.0000
2679,586.23,13991.54,0,0,0.0000
2680,411.13,14468.32,0,0,0.0000
2681,630.54,14090.86,0,0,0.0000
2682,271.65,14387.74,0,0,0.0000
2683,840.75,14606.12,NaN,NaN,NaN
2684,529.19,14152.98,0,0,0.0000
2685,437.37,14634.89,0,0,0.0000
2686,236.39,14452.71,0,0,0.0000
2687,644.20,14704.20,NaN,NaN,NaN
2688,644.10,14342.94,0,0,0.0000
2689,380.00,14372.40,0,0,0.0000
2690,91.69,14277.21,NaN,NaN,NaN
2691,489.80,13989.15,NaN,NaN,NaN
2692,54.33,14235.57,NaN,NaN,NaN
2693,291.72,14452.03,0,0,0.0000
2694,871.32,14034.93,2,2,0.0000
2695,457.25,14413.43,0,0,0.0000
2696,156.63,13989.29,NaN,NaN,NaN
2697,582.49,14408.91,0,0,0.0000
2698,470.66,14114.07,NaN,NaN,NaN
2699,701.39,14414.64,0,0,0.0000
2700,369.77,14215.08,0,0,0.0000
2701,888.31,14094.72,0,0,0.0000
2702,704.34,14238.57,0,0,0.0000
2703,698.82,14316.74,0,0,0.0000
2704,766.88,14357.22,0,0,0.0000
2705,634.98,14269.52,0,0,0.0000
2706,488.34,14708.96,0,0,0.0000
2707,390.20,14151.12,0,0,0.0000
2708,605.97,14375.77,0,0,0.0000
2709,652.21,14005.11,0,0,0.0000
2710,881.14,14139.46,0,0,0.0000
2711,467.10,14584.59,0,0,0.0000
2712,1399.08,14541.10,NaN,NaN,NaN
2713,1523.17,14196.42,0,0,0.0000
2714,1114.94,13976.34,NaN,NaN,NaN
2715,994.55,14490.14,0,0,0.0000
2716,1025.71,14622.18,NaN,NaN,NaN
2717,937.70,14659.29,2,1,0.0000
2718,1354.36,14388.02,0,0,0.0000
2719,1613.66,14431.28,0,0,0.0000
2720,1612.82,14583.89,0,0,0.0000
2721,1541.65,14372.35,NaN,NaN,NaN
2722,1027.84,14061.49,0,0,0.0000
2723,1131.25,14200.86,0,0,0.0000
2724,1637.29,14282.59,2,3,0.0000
2725,1570.41,14509.92,0,0,0.0000
2726,1163.27,14687.10,NaN,NaN,NaN
2727,1491.81,14041.22,0,0,0.0000
2728,1096.17,14258.09,0,0,0.0000
2729,1163.97,14115.67,NaN,NaN,NaN
2730,1098.01,14577.83,2,2,0.0000
2731,981.57,14171.60,0,0,0.0000
2732,1489.51,14515.27,0,0,0.0000
2733,1365.97,14652.76,0,0,0.0000
2734,901.33,14460.61,0,0,0.0000
2735,1032.11,14236.76,0,0,0.0000
2736,1214.57,14387.02,NaN,NaN,NaN
2737,972.59,13963.25,NaN,NaN,NaN
2738,1171.54,14616.53,0,0,0.0000
2739,1541.87,14629.39,0,0,0.0000
2740,1269.89,14285.09,0,0,0.0000
2741,1067.24,14683.80,NaN,NaN,NaN
2742,1354.47,14072.58,0,0,0.0000
2743,1026.85,13956.03,0,0,0.0000
2744,1479.66,14324.75,2,3,0.0000
2745,1384.22,14257.49,0,0,0.0000
2746,1310.84,14597.57,0,0,0.0000
2747,1619.95,14112.82,2,2,0.0000
2748,1652.00,14499.55,0,0,0.0000
2749,939.62,14142.06,0,0,0.0000
2750,1286.84,14501.38,0,0,0.0000
2751,1579.00,13989.04,NaN,NaN,NaN
2752,1316.00,14700.74,0,0,0.0000
2753,1235.14,14206.90,0,0,0.0000
2754,1405.71,14067.34,0,0,0.0000
2755,905.76,14219.92,0,0,0.0000
2756,932.79,14015.38,2,2,0.0000
2757,972.91,14254.92,0,0,0.0000
2758,1182.67,14057.91,0,0,0.0000
2759,1570.28,14663.83,0,0,0.0000
2760,1075.67,14149.69,0,0,0.0000
2761,1407.91,14313.70,0,0,0.0000
2762,1532.83,14026.60,NaN,NaN,NaN
2763,1428.84,14114.44,0,0,0.0000
2764,1357.06,14213.04,0,0,0.0000
2765,1609.69,14048.86,3,2,0.0000
2766,1143.30,14525.85,NaN,NaN,NaN
2767,1089.54,14079.01,0,0,0.0000
2768,1502.88,14275.19,0,0,0.0000
2769,1580.38,14314.73,2,2,0.0000
2770,1304.23,14312.85,0,0,0.0000
2771,1523.94,14106.28,0,0,0.0000
2772,1234.79,14452.98,0,0,0.0000
2773,1320.03,14460.02,0,0,0.0000
2774,1516.47,14600.19,0,0,0.0000
2775,1517.34,14457.25,0,0,0.0000
2776,1183.23,14476.29,2,2,0.0000
2777,1087.61,14500.96,NaN,NaN,NaN
2778,1341.90,14169.31,2,3,0.0000
2779,1392.65,14164.40,0,0,0.0000
2780,1348.86,14312.89,0,0,0.0000
2781,1225.00,14592.23,0,0,0.0000
2782,1255.69,14527.71,NaN,NaN,NaN
2783,1131.68,14490.63,2,4,2.0000
2784,1441.28,14390.77,0,0,0.0000
2785,1284.48,14385.46,0,0,0.0000
2786,1180.00,14502.86,NaN,NaN,NaN
2787,1457.60,14082.14,0,0,0.0000
2788,1366.65,14151.52,0,0,0.0000
2789,1433.55,14431.16,0,0,0.0000
2790,1466.59,14386.01,0,0,0.0000
2791,936.18,14073.95,NaN,NaN,NaN
2792,1284.72,14449.62,0,0,0.0000
2793,1747.19,14445.79,0,0,0.0000
2794,2021.83,14701.13,3,7,2.3333
2795,1877.73,14662.19,NaN,NaN,NaN
2796,1799.83,14236.98,5,8,0.0000
2797,1885.25,14191.80,5,8,0.0000
2798,1726.15,14553.63,0,0,0.0000
2799,1710.89,14234.05,3,2,0.0000
2800,2175.08,14529.27,NaN,NaN,NaN
2801,2024.57,14597.23,3,4,0.0000
2802,2219.34,14678.52,0,0,0.0000
2803,2119.22,14627.93,NaN,NaN,NaN
2804,1793.59,14701.14,0,0,0.0000
2805,1825.95,14528.76,0,0,0.0000
2806,1930.15,14463.36,0,0,0.0000
2807,2070.57,14517.40,NaN,NaN,NaN
2808,1947.11,14232.12,NaN,NaN,NaN
2809,1792.71,14396.16,0,0,0.0000
2810,1664.75,14355.94,0,0,0.0000
2811,1874.86,14342.55,3,3,0.0000
2812,1910.41,14596.47,0,0,0.0000
2813,2163.28,14667.98,0,0,0.0000
2814,1695.35,14086.33,2,1,0.0000
2815,1860.00,14393.84,0,0,0.0000
2816,2389.11,14566.28,NaN,NaN,NaN
2817,2343.63,14593.97,3,4,0.0000
2818,2375.88,14495.24,NaN,NaN,NaN
2819,2301.75,14591.87,NaN,NaN,NaN
2820,2247.14,14616.61,0,0,0.0000
2821,1694.08,14659.53,0,0,0.0000
2822,1792.96,14119.10,NaN,NaN,NaN
2823,2289.50,14445.50,3,4,0.0000
2824,1671.25,13982.05,2,5,2.5000
2825,1761.59,14320.62,0,0,0.0000
2826,1965.69,14057.17,NaN,NaN,NaN
2827,1905.86,14018.58,NaN,NaN,NaN
2828,1745.11,14007.58,3,2,0.0000
2829,2267.27,14498.70,0,0,0.0000
2830,2383.76,14378.86,NaN,NaN,NaN
2831,1846.99,14091.30,3,4,0.0000
2832,1950.70,13979.47,3,6,2.0000
2833,2023.80,14536.81,0,0,0.0000
2834,1941.67,14530.87,0,0,0.0000
2835,2312.22,14525.05,NaN,NaN,NaN
2836,1838.97,14036.27,4,4,0.0000
2837,2044.36,14130.83,0,0,0.0000
2838,1973.55,14142.22,NaN,NaN,NaN
2839,1907.34,14076.98,3,3,0.0000
2840,2271.61,14551.18,0,0,0.0000
2841,2872.26,14220.55,NaN,NaN,NaN
2842,2733.33,14517.18,NaN,NaN,NaN
2843,2601.29,14488.44,0,0,0.0000
2844,2626.66,14164.33,0,0,0.0000
2845,2952.28,14012.77,0,0,0.0000
2846,2806.77,14123.19,0,0,0.0000
2847,2543.41,14350.63,NaN,NaN,NaN
2848,2558.78,14606.71,NaN,NaN,NaN
2849,2756.77,14419.77,0,0,0.0000
2850,2501.57,14539.84,2,2,0.0000
2851,2594.79,14007.97,0,0,0.0000
2852,3092.16,14024.85,0,0,0.0000
2853,2528.67,14248.80,0,0,0.0000
2854,2693.56,14338.90,0,0,0.0000
2855,2990.41,14069.50,0,0,0.0000
2856,2696.04,14060.49,0,0,0.0000
2857,2925.40,14591.40,0,0,0.0000
2858,3019.43,14337.67,0,0,0.0000
2859,3038.71,14139.98,0,0,0.0000
2860,2955.21,14331.31,0,0,0.0000
2861,2940.27,14453.51,0,0,0.0000
2862,2677.41,14556.98,2,4,2.0000
2863,2466.18,14605.55,NaN,NaN,NaN
2864,3002.10,14603.96,0,0,0.0000
2865,2928.23,14518.28,0,0,0.0000
2866,2435.51,14413.25,5,5,0.0000
2867,2645.38,14076.13,0,0,0.0000
2868,2973.25,14191.50,0,0,0.0000
2869,2870.17,14518.37,0,0,0.0000
2870,2825.10,14385.15,3,3,0.0000
2871,2814.11,14058.99,0,0,0.0000
2872,3083.83,14087.61,0,0,0.0000
2873,2464.96,14297.07,0,0,0.0000
2874,3012.30,14473.94,NaN,NaN,NaN
2875,3042.79,14568.57,0,0,0.0000
2876,2464.08,14346.62,NaN,NaN,NaN
2877,2611.62,14364.79,0,0,0.0000
2878,2820.72,14508.29,0,0,0.0000
2879,2503.03,14452.29,2,3,0.0000
2880,2661.30,14610.54,NaN,NaN,NaN
2881,3023.58,14402.17,0,0,0.0000
2882,2936.47,14126.44,NaN,NaN,NaN
2883,2532.28,14163.98,0,0,0.0000
2884,2733.72,14113.06,0,0,0.0000
2885,2581.14,14096.04,0,0,0.0000
2886,2961.20,14413.01,NaN,NaN,NaN
2887,2818.91,14589.44,0,0,0.0000
2888,2934.80,14374.28,0,0,0.0000
2889,2808.84,14464.63,0,0,0.0000
2890,2891.70,14112.94,0,0,0.0000
2891,2832.89,14668.38,0,0,0.0000
2892,2870.73,14024.73,0,0,0.0000
2893,2485.33,14401.69,NaN,NaN,NaN
2894,2839.60,14334.59,NaN,NaN,NaN
2895,2654.98,14641.64,NaN,NaN,NaN
2896,2741.30,14052.77,0,0,0.0000
2897,2868.43,14408.27,0,0,0.0000
2898,2696.46,14141.24,0,0,0.0000
2899,2881.03,14445.92,0,0,0.0000
2900,3036.50,14280.59,0,0,0.0000
2901,2904.52,14368.80,0,0,0.0000
2902,3011.16,14432.64,NaN,NaN,NaN
2903,2879.63,14340.23,0,0,0.0000
2904,2987.22,14538.99,0,0,0.0000
2905,2513.65,14198.06,0,0,0.0000
2906,2604.86,14628.48,0,0,0.0000
2907,2485.45,14243.18,0,0,0.0000
2908,2622.07,14270.02,0,0,0.0000
2909,2682.30,14301.11,0,0,0.0000
2910,2708.53,14644.63,NaN,NaN,NaN
2911,2590.36,14280.20,0,0,0.0000
2912,2669.68,14277.85,0,0,0.0000
2913,2452.27,14444.69,2,3,0.0000
2914,3014.35,13967.38,0,0,0.0000
2915,2434.99,14503.95,NaN,NaN,NaN
2916,3650.85,14659.75,0,0,0.0000
2917,3648.29,14494.84,NaN,NaN,NaN
2918,3526.36,14701.47,NaN,NaN,NaN
2919,3788.05,14594.98,NaN,NaN,NaN
2920,3432.02,14706.33,0,0,0.0000
2921,3561.07,14541.37,NaN,NaN,NaN
2922,3716.22,14600.18,0,0,0.0000
2923,3857.57,14702.64,NaN,NaN,NaN
2924,3929.49,14258.72,0,0,0.0000
2925,3450.67,14638.52,0,0,0.0000
2926,3476.20,14203.11,0,0,0.0000
2927,3897.62,14101.17,NaN,NaN,NaN
2928,3668.02,14368.91,NaN,NaN,NaN
2929,3866.60,14641.79,NaN,NaN,NaN
2930,3817.80,14465.17,0,0,0.0000
2931,3564.13,14171.88,NaN,NaN,NaN
2932,3616.15,14414.22,0,0,0.0000
2933,3941.70,14061.64,0,0,0.0000
2934,3628.51,14275.09,NaN,NaN,NaN
2935,3779.69,14489.22,0,0,0.0000
2936,3690.31,14424.54,0,0,0.0000
2937,3740.52,14451.04,0,0,0.0000
2938,3712.67,14399.90,0,0,0.0000
2939,3810.34,14530.73,0,0,0.0000
2940,3538.75,14279.26,NaN,NaN,NaN
2941,3543.77,14453.87,0,0,0.0000
2942,4462.15,14574.80,2,2,0.0000
2943,4405.15,14279.74,0,0,0.0000
2944,4408.95,14685.80,0,0,0.0000
2945,4539.54,14522.96,0,0,0.0000
2946,4619.65,14713.60,0,0,0.0000
2947,4407.83,14466.42,0,0,0.0000
2948,4319.51,14704.41,0,0,0.0000
2949,4288.72,14613.27,0,0,0.0000
2950,4353.06,14484.59,NaN,NaN,NaN
2951,4690.36,14644.41,0,0,0.0000
2952,4291.30,14267.02,NaN,NaN,NaN
2953,4643.11,14537.28,0,0,0.0000
2954,4019.68,14200.36,0,0,0.0000
2955,4332.40,14543.41,0,0,0.0000
2956,4045.73,14247.47,0,0,0.0000
2957,4122.51,14157.90,2,3,0.0000
2958,4039.41,14445.98,0,0,0.0000
2959,4175.22,14210.33,0,0,0.0000
2960,3999.00,14139.54,0,0,0.0000
2961,4209.58,14366.08,0,0,0.0000
2962,4677.57,14028.46,0,0,0.0000
2963,4495.83,14437.26,0,0,0.0000
2964,4117.51,14207.12,0,0,0.0000
2965,4280.21,14172.80,0,0,0.0000
2966,4281.99,14456.96,0,0,0.0000
2967,4144.29,14249.63,0,0,0.0000
2968,3972.32,14313.16,0,0,0.0000
2969,4446.78,14435.39,0,0,0.0000
2970,4058.91,14112.04,0,0,0.0000
2971,4597.82,14622.97,0,0,0.0000
2972,4489.64,14278.78,0,0,0.0000
2973,4184.66,14165.87,0,0,0.0000
2974,4077.62,14143.63,NaN,NaN,NaN
2975,4102.42,14527.03,0,0,0.0000
2976,5453.94,14179.00,0,0,0.0000
2977,5353.16,14425.81,0,0,0.0000
2978,4830.04,13969.79,0,0,0.0000
2979,5493.14,14009.53,0,0,0.0000
2980,5496.77,14691.76,0,0,0.0000
2981,5076.70,14307.53,NaN,NaN,NaN
2982,4988.89,14191.29,2,3,0.0000
2983,5273.84,14446.13,0,0,0.0000
2984,5066.26,14480.58,2,3,0.0000
2985,5396.02,14317.98,0,0,0.0000
2986,5393.69,14551.58,0,0,0.0000
2987,5242.40,14549.51,0,0,0.0000
2988,4914.03,14020.37,2,2,0.0000
2989,5396.73,14248.00,0,0,0.0000
2990,5143.16,14682.78,0,0,0.0000
2991,5261.10,14219.30,0,0,0.0000
2992,5171.43,14597.64,2,2,0.0000
2993,5056.61,14024.03,0,0,0.0000
2994,5328.64,14147.66,0,0,0.0000
2995,5268.70,14621.05,0,0,0.0000
2996,4987.50,14070.09,0,0,0.0000
2997,5460.99,14622.55,0,0,0.0000
2998,5258.01,14353.33,0,0,0.0000
2999,5157.30,14419.65,0,0,0.0000
3000,5234.08,14027.48,0,0,0.0000
3001,5148.27,14541.24,3,0,0.0000
3002,5405.35,14673.09,0,0,0.0000
3003,5064.43,14565.16,0,0,0.0000
3004,5384.74,14091.63,0,0,0.0000
3005,5040.12,14132.71,NaN,NaN,NaN
3006,5439.72,14437.95,0,0,0.0000
3007,5324.70,14586.36,0,0,0.0000
3008,5205.21,14237.03,0,0,0.0000
3009,4908.06,14111.63,2,2,0.0000
3010,5219.23,14401.25,0,0,0.0000
3011,5161.92,13964.44,0,0,0.0000
3012,4741.32,14046.78,0,0,0.0000
3013,5137.33,14487.63,0,0,0.0000
3014,5332.12,14651.57,0,0,0.0000
3015,5095.88,14205.64,0,0,0.0000
3016,5010.72,14572.19,0,0,0.0000
3017,5171.06,14343.51,NaN,NaN,NaN
3018,5213.77,14295.72,0,0,0.0000
3019,5278.95,14301.60,0,0,0.0000
3020,5196.31,14114.78,0,0,0.0000
3021,5200.60,14496.01,0,0,0.0000
3022,4877.60,14235.78,0,0,0.0000
3023,5202.25,14184.84,0,0,0.0000
3024,5308.91,14203.53,0,0,0.0000
3025,5494.38,14392.27,0,0,0.0000
3026,5282.18,14685.30,0,0,0.0000
3027,5316.85,14335.95,0,0,0.0000
3028,5284.83,14022.23,0,0,0.0000
3029,5098.77,14092.12,0,0,0.0000
3030,5222.97,13976.48,0,0,0.0000
3031,5184.72,14062.58,0,0,0.0000
3032,5136.38,14253.28,NaN,NaN,NaN
3033,5408.16,14040.22,0,0,0.0000
3034,5140.31,14303.05,NaN,NaN,NaN
3035,5437.04,14057.82,0,0,0.0000
3036,5301.57,14269.99,0,0,0.0000
3037,5051.52,14616.70,0,0,0.0000
3038,5235.39,14074.31,0,0,0.0000
3039,5049.36,14204.59,0,0,0.0000
3040,4925.95,14074.09,NaN,NaN,NaN
3041,5113.97,14432.77,NaN,NaN,NaN
3042,5426.61,14357.52,0,0,0.0000
3043,5079.92,14410.11,NaN,NaN,NaN
3044,5141.22,14059.40,0,0,0.0000
3045,5287.29,14119.70,0,0,0.0000
3046,5371.51,14026.66,0,0,0.0000
3047,5290.49,14073.07,0,0,0.0000
3048,5155.45,14214.94,0,0,0.0000
3049,5062.27,14382.19,2,3,0.0000
3050,5129.39,14343.62,NaN,NaN,NaN
3051,5335.17,14050.61,0,0,0.0000
3052,4798.84,14037.52,0,0,0.0000
3053,5310.24,14525.94,0,0,0.0000
3054,5102.09,14588.65,0,0,0.0000
3055,5105.24,14389.78,NaN,NaN,NaN
3056,5151.41,14174.70,0,0,0.0000
3057,5033.63,14352.96,0,0,0.0000
3058,5039.15,14412.99,0,0,0.0000
3059,5629.14,14434.41,0,0,0.0000
3060,5554.86,14309.80,0,0,0.0000
3061,5509.78,14528.20,0,0,0.0000
3062,5526.64,14104.15,0,0,0.0000
3063,5879.11,14668.80,0,0,0.0000
3064,6044.80,14456.86,0,0,0.0000
3065,5638.68,14575.61,0,0,0.0000
3066,5795.22,14529.91,0,0,0.0000
3067,5698.95,14707.28,0,0,0.0000
3068,5595.48,14642.17,0,0,0.0000
3069,5772.28,14345.83,NaN,NaN,NaN
3070,5763.80,14643.52,0,0,0.0000
3071,5705.04,14216.45,0,0,0.0000
3072,5851.04,14402.32,0,0,0.0000
3073,5811.81,14438.92,0,0,0.0000
3074,5683.67,14628.22,0,0,0.0000
3075,5518.43,14597.24,0,0,0.0000
3076,5693.99,14344.58,0,0,0.0000
3077,5985.60,14458.50,0,0,0.0000
3078,5640.65,14180.26,0,0,0.0000
3079,5564.63,14201.82,0,0,0.0000
3080,5617.68,14105.61,0,0,0.0000
3081,5979.01,14575.11,0,0,0.0000
3082,5721.51,14393.57,NaN,NaN,NaN
3083,5979.01,14683.93,0,0,0.0000
3084,6040.84,14625.92,0,0,0.0000
3085,5750.74,14509.14,0,0,0.0000
3086,6078.69,14612.87,0,0,0.0000
3087,5639.45,14701.31,0,0,0.0000
3088,6056.25,14684.85,0,0,0.0000
3089,6103.35,13969.23,NaN,NaN,NaN
3090,6039.50,14561.01,0,0,0.0000
3091,5733.66,14261.88,0,0,0.0000
3092,5972.41,14629.79,NaN,NaN,NaN
3093,5940.76,14694.42,0,0,0.0000
3094,5681.64,14521.41,0,0,0.0000
3095,6102.70,14556.88,0,0,0.0000
3096,6090.45,14504.60,0,0,0.0000
3097,6106.28,14010.28,0,0,0.0000
3098,5714.92,14554.29,0,0,0.0000
3099,5561.15,14456.84,0,0,0.0000
3100,6075.83,14547.47,0,0,0.0000
3101,6030.41,14598.68,0,0,0.0000
3102,5628.35,14300.26,0,0,0.0000
3103,5603.52,14157.25,0,0,0.0000
3104,6289.16,14209.33,0,0,0.0000
3105,6655.33,14569.36,0,0,0.0000
3106,6545.08,14613.42,0,0,0.0000
3107,6703.00,13993.49,0,0,0.0000
3108,6282.69,14158.77,0,0,0.0000
3109,326.83,14992.20,NaN,NaN,NaN
3110,257.69,14840.08,NaN,NaN,NaN
3111,686.27,14973.41,0,0,0.0000
3112,767.95,14885.25,0,0,0.0000
3113,314.68,14898.13,0,0,0.0000
3114,468.22,14750.07,0,0,0.0000
3115,863.01,14737.90,0,0,0.0000
3116,657.04,14803.59,NaN,NaN,NaN
3117,368.66,14782.45,0,0,0.0000
3118,391.36,14878.37,0,0,0.0000
3119,45.46,14944.78,NaN,NaN,NaN
3120,549.39,14742.41,0,0,0.0000
3121,818.57,14798.03,2,3,0.0000
3122,754.14,14724.20,3,3,0.0000
3123,824.04,14953.57,NaN,NaN,NaN
3124,421.23,14918.34,0,0,0.0000
3125,587.17,14955.08,0,0,0.0000
3126,541.64,14816.93,NaN,NaN,NaN
3127,714.30,14833.14,0,0,0.0000
3128,466.55,14909.63,NaN,NaN,NaN
3129,560.03,14879.57,0,0,0.0000
3130,421.35,14757.00,0,0,0.0000
3131,653.56,14873.63,0,0,0.0000
3132,633.80,14747.94,0,0,0.0000
3133,613.58,14915.50,0,0,0.0000
3134,469.44,14974.97,0,0,0.0000
3135,505.50,14912.81,0,0,0.0000
3136,725.98,14783.52,0,0,0.0000
3137,485.25,14840.85,NaN,NaN,NaN
3138,39.58,14881.77,0,0,0.0000
3139,672.83,14918.96,0,0,0.0000
3140,450.96,14831.37,NaN,NaN,NaN
3141,542.28,14916.94,0,0,0.0000
3142,546.35,14972.77,0,0,0.0000
3143,1396.07,14878.28,0,0,0.0000
3144,1390.54,14747.19,NaN,NaN,NaN
3145,1607.93,14935.01,0,0,0.0000
3146,1582.72,14755.67,4,4,0.0000
3147,1233.91,14790.62,2,1,0.0000
3148,1222.89,14928.58,2,4,2.0000
3149,1310.97,15179.82,0,0,0.0000
3150,1174.99,15036.49,0,0,0.0000
3151,1058.32,14855.58,4,2,0.0000
3152,1417.86,15170.61,0,0,0.0000
3153,1323.41,15005.98,0,0,0.0000
3154,1343.32,15099.81,0,0,0.0000
3155,1404.25,15025.53,0,0,0.0000
3156,1494.64,14777.64,NaN,NaN,NaN
3157,1570.70,15008.75,0,0,0.0000
3158,1577.02,15092.63,0,0,0.0000
3159,1154.36,14803.75,NaN,NaN,NaN
3160,1118.84,14741.40,NaN,NaN,NaN
3161,1498.73,15033.12,0,0,0.0000
3162,976.84,14854.12,0,0,0.0000
3163,1291.92,14858.93,0,0,0.0000
3164,1029.16,14798.64,NaN,NaN,NaN
3165,1515.25,14846.30,0,0,0.0000
3166,1163.06,14950.89,NaN,NaN,NaN
3167,1468.29,15102.73,0,0,0.0000
3168,956.20,14787.44,0,0,0.0000
3169,1535.78,14935.62,0,0,0.0000
3170,1231.51,15188.20,0,0,0.0000
3171,1128.92,14966.96,0,0,0.0000
3172,1089.02,14792.76,NaN,NaN,NaN
3173,1842.66,14834.79,NaN,NaN,NaN
3174,2069.04,15457.05,NaN,NaN,NaN
3175,1700.93,14771.95,NaN,NaN,NaN
3176,2103.09,14804.29,NaN,NaN,NaN
3177,1936.08,14839.51,NaN,NaN,NaN
3178,1990.70,14875.92,NaN,NaN,NaN
3179,2321.73,15345.30,0,0,0.0000
3180,1696.81,14971.92,0,0,0.0000
3181,2346.08,15475.10,NaN,NaN,NaN
3182,1764.63,14872.02,NaN,NaN,NaN
3183,2336.57,15264.20,0,0,0.0000
3184,2382.91,15409.59,2,4,2.0000
3185,2195.42,14732.75,0,0,0.0000
3186,2036.40,14903.44,0,0,0.0000
3187,2251.34,15420.42,NaN,NaN,NaN
3188,2147.53,14808.84,0,0,0.0000
3189,1946.39,15435.84,0,0,0.0000
3190,1880.24,14933.07,0,0,0.0000
3191,1925.65,14744.19,NaN,NaN,NaN
3192,2187.45,15429.44,0,0,0.0000
3193,1793.46,14762.70,2,4,2.0000
3194,2233.16,15475.96,0,0,0.0000
3195,2171.39,15458.81,0,0,0.0000
3196,3163.97,15073.97,0,0,0.0000
3197,2746.60,15302.16,2,4,2.0000
3198,2609.65,15466.00,NaN,NaN,NaN
3199,3039.49,15291.73,2,4,2.0000
3200,3187.59,14932.41,0,0,0.0000
3201,2497.20,15414.70,3,3,0.0000
3202,3134.84,14961.54,0,0,0.0000
3203,2960.51,15196.20,NaN,NaN,NaN
3204,2923.00,15426.83,NaN,NaN,NaN
3205,2625.34,15387.17,2,3,0.0000
3206,2540.28,15310.53,0,0,0.0000
3207,2807.04,15167.09,0,0,0.0000
3208,2444.49,15353.41,0,0,0.0000
3209,3042.25,14792.44,0,0,0.0000
3210,2844.77,15479.79,0,0,0.0000
3211,2990.45,14976.58,0,0,0.0000
3212,2759.72,15063.67,2,2,0.0000
3213,2729.74,15145.39,0,0,0.0000
3214,2449.74,15267.86,NaN,NaN,NaN
3215,2573.22,15190.44,0,0,0.0000
3216,2897.86,15271.30,2,2,0.0000
3217,3010.11,14914.64,0,0,0.0000
3218,2572.43,15250.42,0,0,0.0000
3219,3159.57,14826.17,0,0,0.0000
3220,3060.72,14872.00,0,0,0.0000
3221,2780.64,15443.80,NaN,NaN,NaN
3222,2636.27,15280.41,NaN,NaN,NaN
3223,2638.26,15088.05,0,0,0.0000
3224,2991.00,15381.82,NaN,NaN,NaN
3225,3063.39,14832.65,0,0,0.0000
3226,2695.26,15457.37,NaN,NaN,NaN
3227,2827.44,14795.52,0,0,0.0000
3228,2494.80,15209.70,0,0,0.0000
3229,3080.81,15059.60,0,0,0.0000
3230,3079.33,14932.23,0,0,0.0000
3231,2883.51,15176.25,NaN,NaN,NaN
3232,3114.90,14808.71,0,0,0.0000
3233,2958.86,15307.80,0,0,0.0000
3234,2844.46,15313.95,NaN,NaN,NaN
3235,2736.15,14822.43,0,0,0.0000
3236,2656.83,15223.58,0,0,0.0000
3237,2611.42,15311.12,NaN,NaN,NaN
3238,2718.11,15221.87,0,0,0.0000
3239,3093.99,15145.57,0,0,0.0000
3240,2987.57,15427.13,3,3,0.0000
3241,3079.91,15247.78,0,0,0.0000
3242,2532.59,15081.28,NaN,NaN,NaN
3243,2604.02,15113.05,0,0,0.0000
3244,2623.32,15154.42,0,0,0.0000
3245,2850.25,15123.66,0,0,0.0000
3246,3073.16,14980.10,0,0,0.0000
3247,2654.38,15020.93,0,0,0.0000
3248,2958.58,15347.13,0,0,0.0000
3249,2631.88,15003.79,0,0,0.0000
3250,3695.13,15046.33,0,0,0.0000
3251,3682.56,14768.40,0,0,0.0000
3252,3386.57,15071.83,0,0,0.0000
3253,3259.53,15140.88,0,0,0.0000
3254,3477.95,14966.29,NaN,NaN,NaN
3255,3791.77,14794.09,3,1,0.0000
3256,3796.07,15295.92,0,0,0.0000
3257,3676.68,14910.00,0,0,0.0000
3258,3403.12,15207.74,0,0,0.0000
3259,3478.80,14854.04,4,5,0.0000
3260,3585.58,14913.07,NaN,NaN,NaN
3261,3669.75,15236.27,NaN,NaN,NaN
3262,3512.12,15144.31,NaN,NaN,NaN
3263,3457.76,15060.94,0,0,0.0000
3264,3801.31,15013.63,0,0,0.0000
3265,3863.33,14982.77,2,3,0.0000
3266,3917.46,15225.54,0,0,0.0000
3267,3927.56,15082.05,NaN,NaN,NaN
3268,3401.91,14846.20,NaN,NaN,NaN
3269,3759.05,14917.21,0,0,0.0000
3270,3548.21,15049.04,0,0,0.0000
3271,3271.25,14917.77,0,0,0.0000
3272,3296.28,14777.17,0,0,0.0000
3273,3779.08,15207.44,0,0,0.0000
3274,3696.02,15142.29,0,0,0.0000
3275,3304.03,15033.40,0,0,0.0000
3276,3691.34,15424.99,0,0,0.0000
3277,3837.12,15141.80,0,0,0.0000
3278,3605.88,15184.48,NaN,NaN,NaN
3279,3526.55,15255.91,NaN,NaN,NaN
3280,3858.36,15214.93,0,0,0.0000
3281,3328.17,15099.14,0,0,0.0000
3282,3584.58,14832.27,NaN,NaN,NaN
3283,3216.43,14836.54,0,0,0.0000
3284,3304.78,14977.48,0,0,0.0000
3285,3553.81,15107.16,NaN,NaN,NaN
3286,3392.43,14737.78,0,0,0.0000
3287,3789.21,15138.44,0,0,0.0000
3288,3846.84,14867.64,0,0,0.0000
3289,3235.40,14790.24,0,0,0.0000
3290,3964.37,15185.69,NaN,NaN,NaN
3291,3863.06,14907.21,0,0,0.0000
3292,3621.69,15063.04,0,0,0.0000
3293,3352.54,15193.04,0,0,0.0000
3294,3740.27,14991.94,0,0,0.0000
3295,3675.05,15478.61,0,0,0.0000
3296,3706.94,14837.10,0,0,0.0000
3297,3305.10,14864.45,0,0,0.0000
3298,3484.76,15174.01,0,0,0.0000
3299,3705.58,15331.89,0,0,0.0000
3300,3457.68,15263.89,NaN,NaN,NaN
3301,3923.31,15144.88,0,0,0.0000
3302,3693.31,15191.96,0,0,0.0000
3303,3586.73,14989.73,0,0,0.0000
3304,3759.58,15055.04,0,0,0.0000
3305,3738.97,15414.21,0,0,0.0000
3306,3620.67,15332.45,0,0,0.0000
3307,3753.84,15341.53,0,0,0.0000
3308,4073.29,15185.90,0,0,0.0000
3309,4204.30,15073.68,0,0,0.0000
3310,4231.19,14725.41,0,0,0.0000
3311,4355.61,14840.90,0,0,0.0000
3312,4525.64,14927.65,0,0,0.0000
3313,4213.57,14883.38,0,0,0.0000
3314,3999.53,15259.94,0,0,0.0000
3315,4020.08,14966.80,0,0,0.0000
3316,4082.21,14992.43,0,0,0.0000
3317,4202.43,15155.06,0,0,0.0000
3318,4591.31,15020.07,0,0,0.0000
3319,4249.80,14830.62,0,0,0.0000
3320,4692.27,14854.04,NaN,NaN,NaN
3321,4377.26,15067.17,0,0,0.0000
3322,4038.80,15116.02,0,0,0.0000
3323,4294.35,14954.97,0,0,0.0000
3324,4705.71,14772.34,0,0,0.0000
3325,4667.85,14948.53,0,0,0.0000
3326,3978.78,15107.05,0,0,0.0000
3327,4439.44,14843.88,0,0,0.0000
3328,4525.06,15063.03,0,0,0.0000
3329,4167.61,14945.84,0,0,0.0000
3330,4725.50,14895.87,NaN,NaN,NaN
3331,4734.87,14728.05,0,0,0.0000
3332,4478.95,15024.65,0,0,0.0000
3333,4105.65,15079.76,0,0,0.0000
3334,4353.49,14948.31,0,0,0.0000
3335,4624.12,14850.77,0,0,0.0000
3336,4435.22,14892.42,0,0,0.0000
3337,4628.42,14915.12,0,0,0.0000
3338,4160.12,14725.90,0,0,0.0000
3339,4577.04,14895.20,0,0,0.0000
3340,4610.73,14952.58,0,0,0.0000
3341,4458.42,14774.58,0,0,0.0000
3342,4715.83,14940.68,0,0,0.0000
3343,4280.73,14789.35,0,0,0.0000
3344,4487.55,14836.08,0,0,0.0000
3345,4320.23,14781.04,0,0,0.0000
3346,4531.65,15011.06,0,0,0.0000
3347,5367.20,15241.80,0,0,0.0000
3348,4815.38,15471.04,NaN,NaN,NaN
3349,5216.61,14787.95,0,0,0.0000
3350,5280.37,14884.37,0,0,0.0000
3351,5421.86,14877.87,0,0,0.0000
3352,4906.24,15479.35,NaN,NaN,NaN
3353,5358.86,14739.06,0,0,0.0000
3354,5201.41,14863.88,0,0,0.0000
3355,5459.08,14787.99,0,0,0.0000
3356,5461.19,15318.32,0,0,0.0000
3357,5283.60,14795.43,0,0,0.0000
3358,4897.24,15440.75,2,3,0.0000
3359,5129.02,14744.82,NaN,NaN,NaN
3360,5493.76,15448.53,0,0,0.0000
3361,5377.40,14803.10,0,0,0.0000
3362,5452.14,15448.65,0,0,0.0000
3363,5480.54,14900.07,0,0,0.0000
3364,5377.92,15089.70,0,0,0.0000
3365,4951.15,15385.31,NaN,NaN,NaN
3366,5375.16,14849.85,0,0,0.0000
3367,5462.98,15062.40,0,0,0.0000
3368,5500.27,14837.35,0,0,0.0000
3369,5264.50,14739.11,0,0,0.0000
3370,5239.61,14892.70,0,0,0.0000
3371,5395.90,15377.39,0,0,0.0000
3372,5401.28,14755.23,0,0,0.0000
3373,4784.90,15440.24,0,0,0.0000
3374,5415.35,15330.44,0,0,0.0000
3375,5233.87,14844.24,0,0,0.0000
3376,4771.19,14792.15,0,0,0.0000
3377,4757.93,14850.15,0,0,0.0000
3378,5161.01,14806.20,0,0,0.0000
3379,6118.47,15452.47,0,0,0.0000
3380,5716.66,15320.79,0,0,0.0000
3381,5563.63,15374.37,0,0,0.0000
3382,5557.93,14746.85,0,0,0.0000
3383,6048.54,15227.11,0,0,0.0000
3384,5610.78,15119.63,0,0,0.0000
3385,5818.19,14857.20,NaN,NaN,NaN
3386,6060.23,14908.42,0,0,0.0000
3387,5941.13,14781.32,0,0,0.0000
3388,5642.43,15434.49,0,0,0.0000
3389,5861.24,15284.49,0,0,0.0000
3390,6018.73,14776.30,0,0,0.0000
3391,6128.66,14872.55,0,0,0.0000
3392,5620.55,15323.35,0,0,0.0000
3393,5620.04,14816.39,0,0,0.0000
3394,5740.85,14800.57,0,0,0.0000
3395,5676.49,15243.18,0,0,0.0000
3396,5617.01,15228.38,0,0,0.0000
3397,5715.91,14887.56,0,0,0.0000
3398,5870.49,14737.15,0,0,0.0000
3399,5830.98,15347.66,0,0,0.0000
3400,6037.13,14827.44,0,0,0.0000
3401,5898.34,15203.31,0,0,0.0000
3402,5987.14,15374.70,0,0,0.0000
3403,5993.87,15166.96,0,0,0.0000
3404,5912.99,15069.66,0,0,0.0000
3405,5783.17,15362.24,0,0,0.0000
3406,5948.82,14889.84,0,0,0.0000
3407,6075.74,15380.05,0,0,0.0000
3408,5577.31,14891.68,0,0,0.0000
3409,6043.34,15332.03,0,0,0.0000
3410,6023.09,15093.02,0,0,0.0000
3411,6107.49,15307.77,0,0,0.0000
3412,6070.33,15068.14,0,0,0.0000
3413,5989.89,15243.49,0,0,0.0000
3414,6033.20,15040.01,0,0,0.0000
3415,5683.20,15193.84,0,0,0.0000
3416,5809.26,14744.49,0,0,0.0000
3417,5702.82,15460.04,0,0,0.0000
3418,6000.98,15327.93,0,0,0.0000
3419,5771.77,15194.59,0,0,0.0000
3420,5906.44,15018.52,0,0,0.0000
3421,6132.07,15379.08,0,0,0.0000
3422,5872.24,15105.95,0,0,0.0000
3423,5890.92,15252.65,0,0,0.0000
3424,5746.55,14759.94,0,0,0.0000
3425,5689.30,14851.28,0,0,0.0000
3426,5763.39,15420.94,0,0,0.0000
3427,5995.52,14955.22,0,0,0.0000
3428,5559.35,14842.38,0,0,0.0000
3429,5885.38,14848.51,0,0,0.0000
3430,6029.14,14992.23,0,0,0.0000
3431,5963.24,15119.24,0,0,0.0000
3432,5625.75,14885.06,0,0,0.0000
3433,5876.93,14906.00,0,0,0.0000
3434,5571.27,15269.18,0,0,0.0000
3435,5854.43,14800.17,0,0,0.0000
3436,5724.55,15142.93,0,0,0.0000
3437,5644.45,15387.73,0,0,0.0000
3438,6028.70,15141.23,0,0,0.0000
3439,5835.55,15082.83,0,0,0.0000
3440,5908.11,15379.64,0,0,0.0000
3441,5969.50,14919.45,0,0,0.0000
3442,7298.86,15310.76,2,3,0.0000
3443,7276.67,15181.25,2,2,0.0000
3444,7725.61,15276.90,0,0,0.0000
3445,7585.23,15482.13,0,0,0.0000
3446,7239.17,15281.85,NaN,NaN,NaN
3447,7593.79,15426.76,0,0,0.0000
3448,7106.09,15114.80,0,0,0.0000
3449,7278.01,15380.65,NaN,NaN,NaN
3450,7346.37,15310.88,0,0,0.0000
3451,7184.53,14838.67,0,0,0.0000
3452,7683.61,15192.73,2,3,0.0000
3453,7293.86,15234.06,0,0,0.0000
3454,7656.87,15445.67,0,0,0.0000
3455,8426.17,15312.63,2,1,0.0000
3456,8554.30,15471.74,4,5,0.0000
3457,8445.25,15428.90,6,9,0.0000
3458,7971.45,15362.13,NaN,NaN,NaN
3459,8316.41,15297.71,3,2,0.0000
3460,8537.21,15237.66,4,6,0.0000
3461,8539.34,15374.71,7,8,0.0000
3462,8459.12,15241.43,4,6,0.0000
3463,7931.32,15405.45,2,3,0.0000
3464,8574.26,15306.00,NaN,NaN,NaN
3465,8283.44,15175.97,NaN,NaN,NaN
3466,8257.43,15012.25,0,0,0.0000
3467,8287.96,15130.97,0,0,0.0000
3468,7863.00,15379.48,2,1,0.0000
3469,8007.14,15332.30,NaN,NaN,NaN
3470,8312.94,15086.16,0,0,0.0000
3471,7918.71,15186.20,0,0,0.0000
3472,8345.89,15090.75,0,0,0.0000
3473,7873.41,15288.20,0,0,0.0000
3474,8530.70,15312.65,NaN,NaN,NaN
3475,8335.69,15386.93,2,3,0.0000
3476,7967.44,15283.34,NaN,NaN,NaN
3477,8328.49,15356.44,NaN,NaN,NaN
3478,8351.14,15442.00,NaN,NaN,NaN
3479,8828.20,15470.83,NaN,NaN,NaN
3480,8642.13,15318.04,3,4,0.0000
3481,8761.00,15483.07,2,4,2.0000
3482,8627.28,15388.07,0,0,0.0000
3483,8653.23,15475.51,3,3,0.0000
3484,8692.07,15456.65,2,3,0.0000
3485,8695.25,15253.53,2,4,2.0000
3486,8714.59,15333.31,NaN,NaN,NaN
3487,8669.29,15311.51,NaN,NaN,NaN
3488,484.71,16202.66,0,0,0.0000
3489,429.31,16160.96,NaN,NaN,NaN
3490,590.94,16233.87,NaN,NaN,NaN
3491,346.81,16158.98,NaN,NaN,NaN
3492,185.38,15924.01,NaN,NaN,NaN
3493,112.53,15864.11,0,0,0.0000
3494,123.10,15941.25,NaN,NaN,NaN
3495,357.55,16085.96,NaN,NaN,NaN
3496,266.04,16019.35,5,7,0.0000
3497,155.75,15881.44,NaN,NaN,NaN
3498,52.81,15970.41,NaN,NaN,NaN
3499,2431.47,15769.23,3,4,0.0000
3500,2225.34,15687.62,2,5,2.5000
3501,2058.49,16016.17,0,0,0.0000
3502,2319.88,15921.28,0,0,0.0000
3503,2334.85,15775.18,NaN,NaN,NaN
3504,2303.23,16200.31,2,3,0.0000
3505,2427.18,15514.27,0,0,0.0000
3506,2123.72,15618.20,NaN,NaN,NaN
3507,2386.19,16071.60,0,0,0.0000
3508,2052.81,16193.16,0,0,0.0000
3509,2420.81,16190.86,2,4,2.0000
3510,2273.59,15519.90,0,0,0.0000
3511,1886.53,15742.85,NaN,NaN,NaN
3512,1980.83,15898.33,NaN,NaN,NaN
3513,2162.21,15542.98,0,0,0.0000
3514,2273.40,15818.79,2,2,0.0000
3515,1949.95,16111.22,0,0,0.0000
3516,2082.76,15697.21,0,0,0.0000
3517,1878.69,16021.44,0,0,0.0000
3518,2304.19,16005.26,0,0,0.0000
3519,2140.32,16191.30,0,0,0.0000
3520,2302.11,16071.72,NaN,NaN,NaN
3521,2201.38,16173.73,0,0,0.0000
3522,1971.57,15775.89,0,0,0.0000
3523,2111.52,15762.41,2,3,0.0000
3524,2211.63,15952.60,0,0,0.0000
3525,2207.34,16084.49,2,2,0.0000
3526,2031.08,15577.27,NaN,NaN,NaN
3527,2217.44,15863.62,0,0,0.0000
3528,2213.93,16024.00,NaN,NaN,NaN
3529,2340.43,15558.97,0,0,0.0000
3530,2330.49,15654.93,NaN,NaN,NaN
3531,2139.16,15844.69,NaN,NaN,NaN
3532,1717.75,15855.86,0,0,0.0000
3533,1955.85,16186.80,0,0,0.0000
3534,1899.50,15658.42,NaN,NaN,NaN
3535,1875.59,15892.03,3,3,0.0000
3536,1979.35,16030.04,0,0,0.0000
3537,1780.22,15959.55,NaN,NaN,NaN
3538,1838.18,15780.69,NaN,NaN,NaN
3539,2069.14,15897.59,NaN,NaN,NaN
3540,1726.94,15661.48,NaN,NaN,NaN
3541,2388.30,15979.48,0,0,0.0000
3542,1857.38,16140.70,0,0,0.0000
3543,2250.40,16128.87,2,2,0.0000
3544,2379.43,15670.52,0,0,0.0000
3545,2039.78,15749.74,0,0,0.0000
3546,2009.76,15656.55,3,4,0.0000
3547,2120.53,16041.89,0,0,0.0000
3548,1837.78,16023.92,NaN,NaN,NaN
3549,2091.71,15821.45,NaN,NaN,NaN
3550,2128.21,16130.49,0,0,0.0000
3551,1923.09,15832.65,NaN,NaN,NaN
3552,2031.38,16111.77,0,0,0.0000
3553,1898.86,16175.77,0,0,0.0000
3554,2387.61,15912.00,0,0,0.0000
3555,2419.95,15618.69,2,1,0.0000
3556,1778.94,15745.00,3,6,2.0000
3557,1859.40,15571.45,2,1,0.0000
3558,1760.96,15683.66,NaN,NaN,NaN
3559,1944.69,15606.36,NaN,NaN,NaN
3560,1789.14,15821.60,0,0,0.0000
3561,1841.28,16087.26,0,0,0.0000
3562,1791.79,16177.18,NaN,NaN,NaN
3563,1815.44,15987.32,2,2,0.0000
3564,2262.71,15931.99,0,0,0.0000
3565,1889.71,15962.41,0,0,0.0000
3566,2118.59,15507.71,0,0,0.0000
3567,1950.48,15992.03,0,0,0.0000
3568,1779.72,15917.15,0,0,0.0000
3569,2937.06,15544.66,NaN,NaN,NaN
3570,2544.10,15725.35,NaN,NaN,NaN
3571,2542.47,15952.25,2,3,0.0000
3572,2672.07,15673.98,2,3,0.0000
3573,2851.24,15973.78,0,0,0.0000
3574,2775.60,16081.99,0,0,0.0000
3575,2848.14,15829.77,0,0,0.0000
3576,2775.18,15971.89,0,0,0.0000
3577,2531.11,15502.09,0,0,0.0000
3578,2588.16,15603.62,0,0,0.0000
3579,2633.59,16054.92,0,0,0.0000
3580,2668.57,15929.27,0,0,0.0000
3581,2442.60,15886.89,0,0,0.0000
3582,2764.77,15697.43,0,0,0.0000
3583,2979.27,16112.18,0,0,0.0000
3584,2977.06,15680.06,NaN,NaN,NaN
3585,2929.00,16046.44,0,0,0.0000
3586,2756.97,15543.05,NaN,NaN,NaN
3587,2758.06,15807.53,0,0,0.0000
3588,2992.36,15781.18,NaN,NaN,NaN
3589,2763.60,16219.12,0,0,0.0000
3590,2447.71,16029.47,0,0,0.0000
3591,3167.05,15675.60,NaN,NaN,NaN
3592,2966.33,16237.91,0,0,0.0000
3593,2510.87,16229.76,0,0,0.0000
3594,3185.46,15766.02,0,0,0.0000
3595,3007.12,15982.70,0,0,0.0000
3596,2485.78,16105.43,0,0,0.0000
3597,2610.83,16159.23,0,0,0.0000
3598,3086.41,15719.01,NaN,NaN,NaN
3599,3075.07,15874.91,NaN,NaN,NaN
3600,2730.22,15898.28,0,0,0.0000
3601,2553.18,16131.04,0,0,0.0000
3602,2713.05,16009.09,0,0,0.0000
3603,3067.38,16060.56,0,0,0.0000
3604,2845.41,15621.76,2,3,0.0000
3605,2885.93,16219.83,0,0,0.0000
3606,2885.27,16117.30,0,0,0.0000
3607,2914.74,15706.02,2,0,0.0000
3608,2929.90,15854.57,0,0,0.0000
3609,2465.65,16143.20,0,0,0.0000
3610,2954.13,15902.17,0,0,0.0000
3611,2817.80,16155.28,0,0,0.0000
3612,2630.57,15821.46,0,0,0.0000
3613,3089.45,15957.38,0,0,0.0000
3614,2956.64,16172.36,0,0,0.0000
3615,2797.55,15889.36,0,0,0.0000
3616,2530.50,15844.21,0,0,0.0000
3617,2714.31,15591.94,2,1,0.0000
3618,3135.82,15591.28,NaN,NaN,NaN
3619,2913.28,15948.37,0,0,0.0000
3620,3063.45,16145.15,0,0,0.0000
3621,2710.57,16145.29,0,0,0.0000
3622,2791.71,15621.49,0,0,0.0000
3623,2616.85,15696.80,2,2,0.0000
3624,2984.64,15861.42,0,0,0.0000
3625,3041.13,16180.75,0,0,0.0000
3626,2843.89,16069.31,0,0,0.0000
3627,2459.12,15672.45,0,0,0.0000
3628,2499.85,15641.48,0,0,0.0000
3629,2647.04,15557.68,NaN,NaN,NaN
3630,3134.69,15939.15,NaN,NaN,NaN
3631,2727.23,15633.27,0,0,0.0000
3632,3147.31,15876.47,NaN,NaN,NaN
3633,2485.37,15589.85,NaN,NaN,NaN
3634,2703.62,15832.38,0,0,0.0000
3635,3081.53,15785.52,0,0,0.0000
3636,2663.61,15782.78,0,0,0.0000
3637,3023.31,15837.49,0,0,0.0000
3638,3025.28,15891.63,0,0,0.0000
3639,2882.78,16162.32,0,0,0.0000
3640,2960.50,15935.87,0,0,0.0000
3641,2869.87,15893.29,0,0,0.0000
3642,3722.38,16252.69,0,0,0.0000
3643,3746.37,16205.28,0,0,0.0000
3644,4664.95,15872.99,0,0,0.0000
3645,4541.39,16184.93,0,0,0.0000
3646,4656.69,16086.37,0,0,0.0000
3647,4634.13,16237.95,0,0,0.0000
3648,4391.82,16109.76,0,0,0.0000
3649,4198.38,16210.48,0,0,0.0000
3650,4481.47,16095.46,0,0,0.0000
3651,4519.03,15877.84,0,0,0.0000
3652,4605.44,15961.52,0,0,0.0000
3653,4490.61,16021.15,0,0,0.0000
3654,4674.37,15697.19,0,0,0.0000
3655,4674.76,15791.29,0,0,0.0000
3656,4451.51,16165.02,0,0,0.0000
3657,4312.20,16180.79,0,0,0.0000
3658,4726.43,16011.00,0,0,0.0000
3659,4662.64,15617.17,0,0,0.0000
3660,4404.41,15975.92,0,0,0.0000
3661,4715.70,15718.78,0,0,0.0000
3662,4510.76,15952.51,0,0,0.0000
3663,4308.00,16133.83,0,0,0.0000
3664,4404.88,16060.08,0,0,0.0000
3665,4528.48,16085.91,0,0,0.0000
3666,4637.72,16000.22,0,0,0.0000
3667,4511.03,15923.42,0,0,0.0000
3668,4603.98,15802.49,0,0,0.0000
3669,4557.93,15983.52,0,0,0.0000
3670,4591.63,16098.34,0,0,0.0000
3671,4732.55,15966.03,0,0,0.0000
3672,4389.43,16155.51,0,0,0.0000
3673,4699.34,15644.48,0,0,0.0000
3674,4614.83,15734.77,0,0,0.0000
3675,4633.83,16033.64,0,0,0.0000
3676,4708.89,15592.06,0,0,0.0000
3677,4699.32,15975.13,0,0,0.0000
3678,4305.64,16059.40,0,0,0.0000
3679,4566.19,16031.91,0,0,0.0000
3680,4711.56,15562.55,0,0,0.0000
3681,5339.31,16164.99,NaN,NaN,NaN
3682,4785.44,15638.47,0,0,0.0000
3683,5001.32,15548.36,NaN,NaN,NaN
3684,4842.42,16201.34,NaN,NaN,NaN
3685,4742.67,16243.97,NaN,NaN,NaN
3686,4752.10,16120.90,NaN,NaN,NaN
3687,4860.76,15802.40,0,0,0.0000
3688,4964.70,15847.62,NaN,NaN,NaN
3689,5002.07,16061.95,0,0,0.0000
3690,4872.64,15973.62,NaN,NaN,NaN
3691,4922.79,15692.59,0,0,0.0000
3692,5004.60,16169.04,0,0,0.0000
3693,5176.90,15736.31,0,0,0.0000
3694,4911.82,15596.82,NaN,NaN,NaN
3695,5086.46,15868.23,0,0,0.0000
3696,5042.99,15965.00,0,0,0.0000
3697,4920.31,16212.34,0,0,0.0000
3698,5161.73,16173.81,0,0,0.0000
3699,5387.41,15907.17,0,0,0.0000
3700,5415.90,15622.37,0,0,0.0000
3701,4747.60,15754.49,0,0,0.0000
3702,5146.02,16243.91,0,0,0.0000
3703,5022.06,15711.01,0,0,0.0000
3704,5463.21,16041.38,0,0,0.0000
3705,5453.37,15899.38,0,0,0.0000
3706,5184.58,15929.22,NaN,NaN,NaN
3707,5406.57,15830.64,0,0,0.0000
3708,5482.57,15848.76,NaN,NaN,NaN
3709,5220.40,15991.97,0,0,0.0000
3710,4803.01,16048.90,NaN,NaN,NaN
3711,4758.29,15814.13,0,0,0.0000
3712,5199.58,15677.80,NaN,NaN,NaN
3713,5253.11,16075.26,0,0,0.0000
3714,5334.03,15849.64,0,0,0.0000
3715,5265.05,15874.95,0,0,0.0000
3716,5221.10,16196.59,0,0,0.0000
3717,5433.27,15974.19,0,0,0.0000
3718,5130.60,15772.34,0,0,0.0000
3719,5059.92,15729.96,0,0,0.0000
3720,4963.98,15627.32,0,0,0.0000
3721,5252.04,16039.51,0,0,0.0000
3722,5459.00,16116.49,0,0,0.0000
3723,4990.81,15658.93,0,0,0.0000
3724,5328.29,16029.13,0,0,0.0000
3725,5114.53,15717.89,NaN,NaN,NaN
3726,5392.26,15709.71,0,0,0.0000
3727,4752.27,15573.43,0,0,0.0000
3728,5343.86,15992.49,0,0,0.0000
3729,4932.13,16015.04,0,0,0.0000
3730,4812.67,15528.00,0,0,0.0000
3731,4876.61,16125.77,0,0,0.0000
3732,5209.45,16116.44,0,0,0.0000
3733,5287.94,15824.87,0,0,0.0000
3734,5232.05,15916.19,NaN,NaN,NaN
3735,5328.12,16249.22,0,0,0.0000
3736,5040.78,16221.91,0,0,0.0000
3737,5113.86,15902.29,0,0,0.0000
3738,5158.45,15649.97,0,0,0.0000
3739,5091.66,15797.56,0,0,0.0000
3740,5431.45,16234.64,0,0,0.0000
3741,4823.50,15763.21,0,0,0.0000
3742,5359.95,15806.28,0,0,0.0000
3743,5338.14,15929.54,0,0,0.0000
3744,5476.57,15492.15,0,0,0.0000
3745,5099.16,16184.97,0,0,0.0000
3746,4824.19,15832.67,0,0,0.0000
3747,4851.87,15551.16,0,0,0.0000
3748,6231.29,15599.45,0,0,0.0000
3749,5595.76,16191.26,0,0,0.0000
3750,5585.60,15732.16,0,0,0.0000
3751,5594.14,15489.29,0,0,0.0000
3752,5925.42,16021.29,2,2,0.0000
3753,6052.27,15549.61,0,0,0.0000
3754,5895.29,16146.02,0,0,0.0000
3755,6126.70,15730.57,0,0,0.0000
3756,6228.76,15520.68,0,0,0.0000
3757,5945.33,15609.96,0,0,0.0000
3758,5999.05,16166.71,0,0,0.0000
3759,6130.42,15589.48,0,0,0.0000
3760,6003.82,16239.44,0,0,0.0000
3761,5686.09,16136.78,0,0,0.0000
3762,5551.63,16090.95,0,0,0.0000
3763,6114.49,16028.56,0,0,0.0000
3764,5741.46,16015.39,0,0,0.0000
3765,5753.92,16094.32,0,0,0.0000
3766,5780.81,16164.06,0,0,0.0000
3767,5667.18,15536.30,NaN,NaN,NaN
3768,6046.07,15662.37,NaN,NaN,NaN
3769,5890.55,16071.47,NaN,NaN,NaN
3770,6064.59,15498.55,0,0,0.0000
3771,5609.12,15867.20,0,0,0.0000
3772,5948.50,16219.02,0,0,0.0000
3773,5574.94,15988.65,0,0,0.0000
3774,6065.20,16207.82,0,0,0.0000
3775,5645.25,16004.83,0,0,0.0000
3776,5675.35,15948.60,NaN,NaN,NaN
3777,5652.37,15589.86,0,0,0.0000
3778,5832.84,16104.64,0,0,0.0000
3779,6059.33,16024.56,0,0,0.0000
3780,5606.47,15658.03,0,0,0.0000
3781,5654.11,16242.13,0,0,0.0000
3782,5763.66,16220.79,0,0,0.0000
3783,6059.67,15718.02,NaN,NaN,NaN
3784,6091.33,15631.57,0,0,0.0000
3785,5858.83,15965.86,0,0,0.0000
3786,5516.29,16239.32,0,0,0.0000
3787,6128.83,15810.29,0,0,0.0000
3788,5508.59,15685.72,0,0,0.0000
3789,5524.86,15992.71,NaN,NaN,NaN
3790,6071.46,16142.36,0,0,0.0000
3791,5522.58,15498.29,0,0,0.0000
3792,5510.22,15816.48,0,0,0.0000
3793,5716.47,15540.22,NaN,NaN,NaN
3794,6107.75,16091.34,0,0,0.0000
3795,5586.31,15555.23,0,0,0.0000
3796,5519.93,16123.69,0,0,0.0000
3797,5507.30,15781.46,0,0,0.0000
3798,5799.45,16070.71,0,0,0.0000
3799,5810.41,16222.18,0,0,0.0000
3800,6170.55,15646.64,0,0,0.0000
3801,5606.85,16079.03,NaN,NaN,NaN
3802,5807.40,15986.90,0,0,0.0000
3803,6076.30,16079.12,0,0,0.0000
3804,5653.17,16074.86,0,0,0.0000
3805,5840.07,16063.93,0,0,0.0000
3806,6158.75,15805.38,0,0,0.0000
3807,5596.86,15936.46,NaN,NaN,NaN
3808,6035.94,16099.92,0,0,0.0000
3809,6140.44,15993.99,0,0,0.0000
3810,5575.98,15802.38,0,0,0.0000
3811,5860.61,16035.28,0,0,0.0000
3812,6800.20,15990.43,0,0,0.0000
3813,6601.23,16143.77,0,0,0.0000
3814,6998.85,16124.47,0,0,0.0000
3815,6875.92,16071.91,0,0,0.0000
3816,6893.78,16013.53,0,0,0.0000
3817,6735.09,16072.12,0,0,0.0000
3818,6949.22,15933.12,0,0,0.0000
3819,6682.36,16093.03,0,0,0.0000
3820,6591.57,16199.25,0,0,0.0000
3821,6954.58,16008.98,0,0,0.0000
3822,6928.64,16245.55,0,0,0.0000
3823,6841.98,16047.46,0,0,0.0000
3824,6595.87,16239.60,0,0,0.0000
3825,6863.79,16152.82,0,0,0.0000
3826,6993.68,16076.33,0,0,0.0000
3827,6844.03,15923.28,0,0,0.0000
3828,6943.56,16162.21,0,0,0.0000
3829,6974.49,16235.47,0,0,0.0000
3830,6945.96,16094.86,0,0,0.0000
3831,6658.66,16207.51,0,0,0.0000
3832,7010.52,15968.90,0,0,0.0000
3833,7004.15,15867.71,0,0,0.0000
3834,7021.27,16036.82,0,0,0.0000
3835,6995.41,16004.23,0,0,0.0000
3836,6950.02,16062.79,0,0,0.0000
3837,6848.71,15955.82,0,0,0.0000
3838,7019.52,15919.00,0,0,0.0000
3839,6871.57,16224.42,0,0,0.0000
3840,7314.51,16242.18,NaN,NaN,NaN
3841,7478.28,16107.01,2,2,0.0000
3842,7081.70,16108.49,0,0,0.0000
3843,7592.77,15931.53,NaN,NaN,NaN
3844,7445.97,15872.31,2,2,0.0000
3845,7270.17,16017.32,NaN,NaN,NaN
3846,7539.49,15985.24,2,4,2.0000
3847,7370.01,15924.21,NaN,NaN,NaN
3848,7060.23,16205.56,0,0,0.0000
3849,7191.05,16179.97,2,2,0.0000
3850,7268.04,16111.73,NaN,NaN,NaN
3851,7389.29,16151.26,3,4,0.0000
3852,7774.41,15699.46,2,3,0.0000
3853,7136.76,16224.64,2,2,0.0000
3854,7286.83,15952.96,NaN,NaN,NaN
3855,7155.18,16047.73,NaN,NaN,NaN
3856,7588.78,16251.65,0,0,0.0000
3857,7274.38,15847.03,0,0,0.0000
3858,7592.49,16093.60,2,2,0.0000
3859,7230.38,15781.74,0,0,0.0000
3860,7484.89,15970.71,2,4,2.0000
3861,7231.09,15915.74,0,0,0.0000
3862,7185.76,15895.76,0,0,0.0000
3863,7629.74,16243.49,NaN,NaN,NaN
3864,7153.52,15952.41,0,0,0.0000
3865,7632.27,15538.26,0,0,0.0000
3866,7807.35,15891.15,0,0,0.0000
3867,7701.68,16043.16,NaN,NaN,NaN
3868,7761.39,15799.14,0,0,0.0000
3869,7650.57,16002.98,0,0,0.0000
3870,7537.38,16210.10,NaN,NaN,NaN
3871,7624.84,16029.20,NaN,NaN,NaN
3872,7785.43,15804.45,0,0,0.0000
3873,7062.97,15969.61,0,0,0.0000
3874,7726.63,16132.18,2,2,0.0000
3875,7043.46,16003.50,0,0,0.0000
3876,7612.45,16058.23,2,1,0.0000
3877,7719.08,16245.88,0,0,0.0000
3878,7668.66,16234.54,NaN,NaN,NaN
3879,7168.48,16127.92,0,0,0.0000
3880,7093.04,16003.68,0,0,0.0000
3881,7632.31,16165.74,3,6,2.0000
3882,7713.57,16166.05,NaN,NaN,NaN
3883,7670.88,16089.36,NaN,NaN,NaN
3884,7788.90,15759.76,2,2,0.0000
3885,7719.93,15995.59,NaN,NaN,NaN
3886,7727.49,16058.67,NaN,NaN,NaN
3887,8247.55,16077.60,3,2,0.0000
3888,7937.17,15994.41,3,3,0.0000
3889,8190.30,16136.34,NaN,NaN,NaN
3890,7859.29,15748.14,3,3,0.0000
3891,7992.71,15858.67,2,3,0.0000
3892,7882.24,15915.96,NaN,NaN,NaN
3893,8156.15,16048.97,0,0,0.0000
3894,7888.41,15806.78,0,0,0.0000
3895,8491.12,15566.37,0,0,0.0000
3896,8058.11,15977.72,0,0,0.0000
3897,8105.99,16054.77,0,0,0.0000
3898,8013.47,15931.90,NaN,NaN,NaN
3899,7847.01,15840.36,0,0,0.0000
3900,7918.10,15870.74,0,0,0.0000
3901,7808.21,15893.73,0,0,0.0000
3902,8356.60,16159.41,2,2,0.0000
3903,8198.78,16001.10,0,0,0.0000
3904,7989.45,16084.60,0,0,0.0000
3905,7955.07,15931.39,2,1,0.0000
3906,8259.97,16157.37,2,2,0.0000
3907,8191.41,16068.51,0,0,0.0000
3908,7926.04,15820.29,NaN,NaN,NaN
3909,8589.13,15544.36,NaN,NaN,NaN
3910,8864.94,15525.97,0,0,0.0000
3911,8641.23,15834.47,0,0,0.0000
3912,8679.20,15540.66,4,6,0.0000
3913,8720.59,15531.96,4,6,0.0000
3914,9025.60,15547.84,0,0,0.0000
3915,8834.45,15513.43,NaN,NaN,NaN
3916,9188.05,16035.22,NaN,NaN,NaN
3917,8637.05,15558.04,NaN,NaN,NaN
3918,8611.40,16233.15,NaN,NaN,NaN
3919,463.81,16476.71,NaN,NaN,NaN
3920,723.11,16817.58,2,3,0.0000
3921,497.01,16733.00,NaN,NaN,NaN
3922,473.62,16327.83,2,3,0.0000
3923,381.48,16771.30,NaN,NaN,NaN
3924,627.13,16645.01,2,3,0.0000
3925,679.77,16429.33,NaN,NaN,NaN
3926,412.77,16598.06,0,0,0.0000
3927,307.52,16854.02,2,3,0.0000
3928,732.11,16729.08,NaN,NaN,NaN
3929,664.22,16884.38,2,2,0.0000
3930,857.87,16862.53,NaN,NaN,NaN
3931,357.75,16915.91,0,0,0.0000
3932,552.29,16550.39,4,7,0.0000
3933,135.99,16697.09,NaN,NaN,NaN
3934,388.81,16965.78,0,0,0.0000
3935,479.62,16583.12,NaN,NaN,NaN
3936,829.41,16581.55,0,0,0.0000
3937,551.92,16623.93,2,4,2.0000
3938,450.64,16829.36,0,0,0.0000
3939,214.82,16803.12,NaN,NaN,NaN
3940,343.78,16506.80,NaN,NaN,NaN
3941,234.79,16900.45,NaN,NaN,NaN
3942,590.11,16383.14,0,0,0.0000
3943,58.36,16428.42,0,0,0.0000
3944,330.33,16648.34,0,0,0.0000
3945,248.32,16749.89,NaN,NaN,NaN
3946,348.91,16578.50,NaN,NaN,NaN
3947,643.82,16825.21,0,0,0.0000
3948,257.18,16966.49,NaN,NaN,NaN
3949,442.64,16931.77,0,0,0.0000
3950,892.82,17002.65,NaN,NaN,NaN
3951,852.28,16534.47,0,0,0.0000
3952,190.64,16307.81,0,0,0.0000
3953,688.26,16671.22,NaN,NaN,NaN
3954,377.23,16466.83,0,0,0.0000
3955,508.66,16426.67,0,0,0.0000
3956,765.13,16501.24,0,0,0.0000
3957,165.19,16762.51,0,0,0.0000
3958,715.23,16963.96,2,3,0.0000
3959,377.69,16677.47,2,5,2.5000
3960,743.91,16441.03,NaN,NaN,NaN
3961,567.95,16482.57,0,0,0.0000
3962,766.14,16939.59,NaN,NaN,NaN
3963,325.83,16764.09,2,3,0.0000
3964,265.61,16707.40,2,4,2.0000
3965,407.03,16360.41,0,0,0.0000
3966,369.87,16868.63,NaN,NaN,NaN
3967,865.85,16927.36,0,0,0.0000
3968,561.53,16436.48,0,0,0.0000
3969,448.69,16989.70,0,0,0.0000
3970,829.00,16927.89,NaN,NaN,NaN
3971,655.69,16956.98,0,0,0.0000
3972,1083.27,16840.08,NaN,NaN,NaN
3973,980.68,16928.67,NaN,NaN,NaN
3974,955.21,16748.27,2,3,0.0000
3975,993.49,16609.66,0,0,0.0000
3976,1009.13,16696.54,0,0,0.0000
3977,947.09,16820.14,0,0,0.0000
3978,917.85,16603.53,0,0,0.0000
3979,1062.20,16977.72,0,0,0.0000
3980,997.17,17003.41,0,0,0.0000
3981,922.57,16528.50,0,0,0.0000
3982,2273.29,16543.97,0,0,0.0000
3983,2374.07,16268.09,NaN,NaN,NaN
3984,2427.05,16353.78,0,0,0.0000
3985,2391.78,16653.64,NaN,NaN,NaN
3986,2278.52,16284.62,NaN,NaN,NaN
3987,2299.24,16820.82,0,0,0.0000
3988,2207.13,16660.60,NaN,NaN,NaN
3989,2382.11,16772.08,3,2,0.0000
3990,2168.68,16710.17,0,0,0.0000
3991,2155.60,16289.24,NaN,NaN,NaN
3992,2109.44,16603.34,0,0,0.0000
3993,2163.03,16433.94,0,0,0.0000
3994,2279.59,16339.33,NaN,NaN,NaN
3995,2318.36,16654.29,0,0,0.0000
3996,2251.75,16454.15,0,0,0.0000
3997,2195.20,16583.91,0,0,0.0000
3998,2312.03,16748.57,2,2,0.0000
3999,2053.56,16264.90,0,0,0.0000
4000,2371.35,16513.63,NaN,NaN,NaN
4001,2122.55,16356.95,0,0,0.0000
4002,2319.37,16893.55,0,0,0.0000
4003,2316.21,16394.06,NaN,NaN,NaN
4004,2231.78,16771.65,0,0,0.0000
4005,2232.66,16405.89,0,0,0.0000
4006,2371.32,16451.53,NaN,NaN,NaN
4007,2329.75,16954.91,0,0,0.0000
4008,2114.00,16746.82,0,0,0.0000
4009,2240.71,16850.69,0,0,0.0000
4010,1893.61,16815.88,0,0,0.0000
4011,2259.13,16690.74,0,0,0.0000
4012,2285.77,16913.48,0,0,0.0000
4013,1799.48,16307.04,NaN,NaN,NaN
4014,2082.31,16411.18,0,0,0.0000
4015,2117.37,16426.46,0,0,0.0000
4016,2320.55,16437.81,0,0,0.0000
4017,2421.31,16275.54,0,0,0.0000
4018,2536.73,16407.50,NaN,NaN,NaN
4019,2603.26,16629.25,2,2,0.0000
4020,2618.24,16347.78,0,0,0.0000
4021,2869.69,16366.40,NaN,NaN,NaN
4022,2476.30,16632.65,NaN,NaN,NaN
4023,2693.31,16662.06,0,0,0.0000
4024,2734.07,16568.37,NaN,NaN,NaN
4025,2697.04,16284.39,0,0,0.0000
4026,2942.64,16299.74,0,0,0.0000
4027,2807.11,16468.73,NaN,NaN,NaN
4028,2996.68,16387.26,0,0,0.0000
4029,2545.31,16580.82,NaN,NaN,NaN
4030,2568.29,16268.25,0,0,0.0000
4031,3011.86,16575.32,0,0,0.0000
4032,2916.13,16533.25,2,3,0.0000
4033,2790.24,16310.97,0,0,0.0000
4034,2613.25,16532.28,2,2,0.0000
4035,2854.14,16506.99,2,0,0.0000
4036,2663.42,16560.86,NaN,NaN,NaN
4037,2886.84,16435.35,0,0,0.0000
4038,2441.28,16579.69,NaN,NaN,NaN
4039,3037.73,16272.79,0,0,0.0000
4040,2735.26,16404.28,0,0,0.0000
4041,2756.38,16650.74,NaN,NaN,NaN
4042,3106.03,16373.85,0,0,0.0000
4043,2871.39,16280.30,0,0,0.0000
4044,2462.63,16467.01,NaN,NaN,NaN
4045,2640.06,16475.53,0,0,0.0000
4046,2826.47,16616.08,2,3,0.0000
4047,2448.45,16520.96,NaN,NaN,NaN
4048,2818.39,16316.02,0,0,0.0000
4049,2521.87,16309.32,0,0,0.0000
4050,2680.96,16428.10,0,0,0.0000
4051,2794.90,16683.46,0,0,0.0000
4052,2703.97,16498.68,0,0,0.0000
4053,2809.19,16537.88,0,0,0.0000
4054,2777.75,16416.85,0,0,0.0000
4055,2480.00,16330.50,0,0,0.0000
4056,2607.39,16581.35,0,0,0.0000
4057,2751.78,16510.30,0,0,0.0000
4058,3735.06,17015.40,2,3,0.0000
4059,3596.20,16519.42,0,0,0.0000
4060,3710.60,16903.31,NaN,NaN,NaN
4061,3597.43,16428.08,NaN,NaN,NaN
4062,3924.80,16945.69,0,0,0.0000
4063,3924.31,16855.21,NaN,NaN,NaN
4064,3551.66,16552.01,0,0,0.0000
4065,3450.68,16616.44,NaN,NaN,NaN
4066,3795.95,16932.43,3,4,0.0000
4067,3872.98,17004.22,0,0,0.0000
4068,3408.40,16664.58,0,0,0.0000
4069,3494.64,16531.30,0,0,0.0000
4070,3663.87,16345.32,NaN,NaN,NaN
4071,3644.77,16556.96,NaN,NaN,NaN
4072,3496.34,16576.98,0,0,0.0000
4073,3937.04,16996.57,0,0,0.0000
4074,3822.54,16963.91,0,0,0.0000
4075,3760.65,16334.96,NaN,NaN,NaN
4076,3644.11,16378.87,NaN,NaN,NaN
4077,3664.34,16523.35,0,0,0.0000
4078,3618.56,16585.72,0,0,0.0000
4079,3708.54,16389.98,0,0,0.0000
4080,3635.54,16463.04,2,3,0.0000
4081,3645.27,16409.32,6,0,0.0000
4082,3712.90,16330.10,0,0,0.0000
4083,3860.56,16957.87,NaN,NaN,NaN
4084,3690.28,16311.30,0,0,0.0000
4085,4674.76,16447.76,0,0,0.0000
4086,4517.12,16831.08,NaN,NaN,NaN
4087,4670.55,16355.83,0,0,0.0000
4088,4396.76,16896.20,0,0,0.0000
4089,4272.03,16505.92,0,0,0.0000
4090,4309.95,16283.58,0,0,0.0000
4091,4415.22,16993.87,0,0,0.0000
4092,4398.01,16325.64,0,0,0.0000
4093,4418.25,16474.21,0,0,0.0000
4094,4505.77,16943.07,2,2,0.0000
4095,4519.74,16681.61,NaN,NaN,NaN
4096,4100.52,16887.53,0,0,0.0000
4097,4402.54,16786.49,0,0,0.0000
4098,4563.09,16355.73,0,0,0.0000
4099,4166.16,16781.71,0,0,0.0000
4100,4338.23,16665.00,0,0,0.0000
4101,4663.77,16888.50,NaN,NaN,NaN
4102,4618.87,16682.89,0,0,0.0000
4103,4467.30,16725.63,0,0,0.0000
4104,4456.39,16370.08,0,0,0.0000
4105,4249.79,16846.73,0,0,0.0000
4106,4691.58,16581.75,0,0,0.0000
4107,4624.03,16523.97,0,0,0.0000
4108,4721.08,16848.21,0,0,0.0000
4109,4492.15,16548.09,NaN,NaN,NaN
4110,4112.72,16676.80,0,0,0.0000
4111,4659.80,16993.73,NaN,NaN,NaN
4112,4080.71,16506.90,NaN,NaN,NaN
4113,4196.39,16909.28,NaN,NaN,NaN
4114,4188.94,16650.99,NaN,NaN,NaN
4115,4585.24,16912.55,NaN,NaN,NaN
4116,4451.78,16265.28,0,0,0.0000
4117,3987.62,16921.37,0,0,0.0000
4118,4504.71,16391.48,0,0,0.0000
4119,4300.76,16371.42,0,0,0.0000
4120,4571.84,16562.63,0,0,0.0000
4121,3992.72,16880.02,NaN,NaN,NaN
4122,4236.73,16572.58,0,0,0.0000
4123,4553.98,16460.64,0,0,0.0000
4124,4594.20,16788.89,0,0,0.0000
4125,4466.49,16607.51,NaN,NaN,NaN
4126,4030.14,16751.09,NaN,NaN,NaN
4127,4290.84,16759.46,0,0,0.0000
4128,4059.83,16620.30,NaN,NaN,NaN
4129,4410.57,16547.41,NaN,NaN,NaN
4130,4337.21,16439.10,0,0,0.0000
4131,4194.87,16719.56,NaN,NaN,NaN
4132,4214.86,16339.82,0,0,0.0000
4133,4121.06,16418.45,0,0,0.0000
4134,4073.50,16976.82,0,0,0.0000
4135,4046.04,16800.15,0,0,0.0000
4136,4309.46,16981.15,0,0,0.0000
4137,4031.87,16877.76,0,0,0.0000
4138,4302.44,16899.64,0,0,0.0000
4139,4146.83,16296.56,0,0,0.0000
4140,4069.18,16587.05,0,0,0.0000
4141,4250.76,16947.09,NaN,NaN,NaN
4142,4221.67,16402.35,0,0,0.0000
4143,4577.69,16975.51,0,0,0.0000
4144,4073.23,16455.54,0,0,0.0000
4145,4366.35,16542.21,0,0,0.0000
4146,4170.11,16274.50,0,0,0.0000
4147,4151.19,16476.04,0,0,0.0000
4148,4251.31,16703.17,0,0,0.0000
4149,4320.72,16849.37,0,0,0.0000
4150,4237.17,16751.36,2,2,0.0000
4151,4240.67,16444.57,0,0,0.0000
4152,4347.97,16571.91,0,0,0.0000
4153,4420.92,16645.11,0,0,0.0000
4154,4527.65,16510.71,0,0,0.0000
4155,4123.02,16956.43,0,0,0.0000
4156,4674.12,16278.55,0,0,0.0000
4157,4344.28,16506.70,0,0,0.0000
4158,4537.46,16585.84,3,3,0.0000
4159,4157.18,16870.94,0,0,0.0000
4160,4066.39,16940.58,0,0,0.0000
4161,4122.16,16841.03,NaN,NaN,NaN
4162,4165.18,16514.29,0,0,0.0000
4163,5175.51,16475.64,0,0,0.0000
4164,5024.23,16576.76,2,2,0.0000
4165,5445.74,16321.81,0,0,0.0000
4166,4765.86,16531.46,0,0,0.0000
4167,5052.70,16479.36,2,4,2.0000
4168,4747.48,16972.14,0,0,0.0000
4169,5254.94,16264.28,0,0,0.0000
4170,5118.94,16713.77,NaN,NaN,NaN
4171,4887.45,16845.13,0,0,0.0000
4172,4834.01,16351.86,NaN,NaN,NaN
4173,4914.86,16932.69,0,0,0.0000
4174,5238.78,16381.17,0,0,0.0000
4175,5026.13,16852.33,0,0,0.0000
4176,5200.80,16789.98,NaN,NaN,NaN
4177,5164.76,16926.62,0,0,0.0000
4178,5004.05,16955.75,0,0,0.0000
4179,5107.50,16813.17,0,0,0.0000
4180,5119.27,16593.56,NaN,NaN,NaN
4181,4914.01,16366.21,NaN,NaN,NaN
4182,5175.81,16648.39,2,1,0.0000
4183,4780.96,16409.33,NaN,NaN,NaN
4184,4985.54,17023.95,0,0,0.0000
4185,4897.49,16570.44,2,2,0.0000
4186,4784.09,16635.46,0,0,0.0000
4187,5033.59,16722.72,0,0,0.0000
4188,5126.13,16337.41,2,2,0.0000
4189,4799.54,16746.41,NaN,NaN,NaN
4190,4911.63,16294.63,0,0,0.0000
4191,5001.74,16330.26,0,0,0.0000
4192,4989.77,16380.84,0,0,0.0000
4193,5244.90,16914.78,0,0,0.0000
4194,5302.98,16330.99,0,0,0.0000
4195,4960.52,16851.93,0,0,0.0000
4196,5463.40,16259.08,0,0,0.0000
4197,4828.25,16479.06,0,0,0.0000
4198,5298.32,16484.24,0,0,0.0000
4199,5498.78,16280.45,0,0,0.0000
4200,5254.39,16987.14,0,0,0.0000
4201,5255.41,16538.41,0,0,0.0000
4202,5214.47,16958.46,0,0,0.0000
4203,5320.10,16441.18,0,0,0.0000
4204,5105.11,16909.77,0,0,0.0000
4205,5279.32,16420.20,0,0,0.0000
4206,5358.55,16317.94,0,0,0.0000
4207,4893.34,16989.13,0,0,0.0000
4208,5288.06,17020.97,0,0,0.0000
4209,5216.87,16858.93,NaN,NaN,NaN
4210,4870.12,16414.24,0,0,0.0000
4211,5041.22,16394.42,0,0,0.0000
4212,6187.54,16586.52,0,0,0.0000
4213,6208.96,17003.50,NaN,NaN,NaN
4214,6092.15,16802.13,0,0,0.0000
4215,6056.29,16282.24,0,0,0.0000
4216,6253.67,16618.90,0,0,0.0000
4217,6164.00,16746.17,0,0,0.0000
4218,6012.18,16298.38,0,0,0.0000
4219,6148.52,16852.59,0,0,0.0000
4220,6107.94,16705.39,0,0,0.0000
4221,6225.33,16810.07,0,0,0.0000
4222,6172.23,16876.21,0,0,0.0000
4223,5956.84,16319.69,NaN,NaN,NaN
4224,6238.05,16864.79,0,0,0.0000
4225,6207.28,16879.60,0,0,0.0000
4226,6144.30,16800.63,0,0,0.0000
4227,6110.58,16922.66,0,0,0.0000
4228,6093.34,16747.92,0,0,0.0000
4229,6162.78,16974.23,NaN,NaN,NaN
4230,6119.41,16859.35,0,0,0.0000
4231,6974.30,16429.19,NaN,NaN,NaN
4232,6868.03,16733.90,0,0,0.0000
4233,6530.63,16364.35,0,0,0.0000
4234,6564.04,16658.91,0,0,0.0000
4235,6344.83,16621.05,0,0,0.0000
4236,6992.15,17012.07,0,0,0.0000
4237,6403.96,16716.13,0,0,0.0000
4238,6815.47,16374.69,0,0,0.0000
4239,6654.28,16860.46,NaN,NaN,NaN
4240,6817.60,16923.66,2,2,0.0000
4241,6758.09,16733.50,0,0,0.0000
4242,6748.16,16450.05,0,0,0.0000
4243,7029.37,16931.79,0,0,0.0000
4244,6411.24,16437.61,0,0,0.0000
4245,6493.93,16465.34,0,0,0.0000
4246,6914.76,16926.95,0,0,0.0000
4247,6573.69,16900.67,0,0,0.0000
4248,6448.82,16845.33,0,0,0.0000
4249,6642.71,16312.52,0,0,0.0000
4250,6494.00,16779.83,0,0,0.0000
4251,6812.26,16631.47,NaN,NaN,NaN
4252,6299.22,16808.59,NaN,NaN,NaN
4253,6661.27,16561.59,2,4,2.0000
4254,6397.33,16365.53,0,0,0.0000
4255,6629.38,16703.17,0,0,0.0000
4256,7017.41,16751.32,0,0,0.0000
4257,6455.91,16986.95,0,0,0.0000
4258,6390.08,16987.64,0,0,0.0000
4259,6307.23,16492.77,0,0,0.0000
4260,6490.39,16270.65,0,0,0.0000
4261,6929.94,16824.95,0,0,0.0000
4262,6518.99,16919.48,0,0,0.0000
4263,6890.79,16330.22,0,0,0.0000
4264,6995.72,16594.10,0,0,0.0000
4265,6583.87,16436.62,0,0,0.0000
4266,6977.36,16694.61,0,0,0.0000
4267,6939.96,16640.17,0,0,0.0000
4268,6609.85,16777.84,0,0,0.0000
4269,6781.95,16872.01,0,0,0.0000
4270,6635.38,16508.25,0,0,0.0000
4271,6892.60,16431.68,0,0,0.0000
4272,6746.68,16374.18,0,0,0.0000
4273,6649.46,16260.68,0,0,0.0000
4274,6747.63,16870.65,0,0,0.0000
4275,6304.60,16700.90,0,0,0.0000
4276,6394.55,16530.16,0,0,0.0000
4277,6710.20,16970.86,0,0,0.0000
4278,6428.83,16598.26,0,0,0.0000
4279,6993.22,16808.00,0,0,0.0000
4280,6778.67,17006.76,0,0,0.0000
4281,6737.66,16544.55,0,0,0.0000
4282,6500.19,16604.12,0,0,0.0000
4283,6612.96,16565.62,0,0,0.0000
4284,6458.80,16712.78,0,0,0.0000
4285,6703.90,16900.07,0,0,0.0000
4286,7021.91,16542.08,0,0,0.0000
4287,6536.71,16810.28,0,0,0.0000
4288,6697.11,16724.80,0,0,0.0000
4289,6528.22,16564.97,0,0,0.0000
4290,6669.56,16408.92,0,0,0.0000
4291,6722.91,16259.40,0,0,0.0000
4292,6865.30,16288.13,0,0,0.0000
4293,6295.35,16996.93,0,0,0.0000
4294,6571.44,16302.29,0,0,0.0000
4295,6942.67,16302.67,0,0,0.0000
4296,6647.18,16384.34,0,0,0.0000
4297,6987.10,16866.87,0,0,0.0000
4298,6827.84,16825.42,0,0,0.0000
4299,6648.74,16989.40,0,0,0.0000
4300,6718.34,16300.59,0,0,0.0000
4301,6818.38,16468.69,0,0,0.0000
4302,6721.17,16826.38,0,0,0.0000
4303,6496.43,16716.24,0,0,0.0000
4304,6415.88,16312.69,0,0,0.0000
4305,6711.04,17012.09,0,0,0.0000
4306,6313.38,16429.14,0,0,0.0000
4307,6704.90,16317.43,0,0,0.0000
4308,7018.85,16638.23,0,0,0.0000
4309,6919.15,16275.44,0,0,0.0000
4310,6643.33,16467.32,0,0,0.0000
4311,6483.95,16895.33,0,0,0.0000
4312,6543.00,16277.57,0,0,0.0000
4313,6557.55,16485.12,0,0,0.0000
4314,6662.87,16778.14,0,0,0.0000
4315,6452.78,16329.49,0,0,0.0000
4316,7578.47,16471.20,0,0,0.0000
4317,7173.58,16545.55,NaN,NaN,NaN
4318,7651.00,16376.93,0,0,0.0000
4319,7585.28,16731.26,NaN,NaN,NaN
4320,7133.22,16855.18,2,3,0.0000
4321,7457.61,16613.67,NaN,NaN,NaN
4322,7479.96,16320.66,NaN,NaN,NaN
4323,7515.79,16653.60,NaN,NaN,NaN
4324,7119.57,16673.92,0,0,0.0000
4325,7082.21,16728.39,0,0,0.0000
4326,7239.50,16839.88,0,0,0.0000
4327,7101.29,16471.46,0,0,0.0000
4328,7335.28,16583.61,0,0,0.0000
4329,7211.91,16946.91,3,3,0.0000
4330,7363.92,16657.93,0,0,0.0000
4331,7091.10,16344.99,2,4,2.0000
4332,7107.71,16282.85,NaN,NaN,NaN
4333,7289.41,16521.09,2,4,2.0000
4334,7440.51,16814.03,2,5,2.5000
4335,7402.32,16410.85,2,1,0.0000
4336,7461.95,16420.21,0,0,0.0000
4337,7060.76,16582.93,0,0,0.0000
4338,7217.55,16733.60,2,4,2.0000
4339,7344.52,16442.62,0,0,0.0000
4340,7573.31,16964.71,2,2,0.0000
4341,7104.86,16994.90,0,0,0.0000
4342,7609.45,16600.79,NaN,NaN,NaN
4343,7685.43,16553.52,NaN,NaN,NaN
4344,7623.04,17001.09,3,3,0.0000
4345,7544.88,16897.34,NaN,NaN,NaN
4346,7751.53,16277.80,0,0,0.0000
4347,7055.44,16398.50,NaN,NaN,NaN
4348,7411.85,16521.88,0,0,0.0000
4349,7723.90,16342.28,2,2,0.0000
4350,7415.59,16604.42,0,0,0.0000
4351,7563.37,16822.57,NaN,NaN,NaN
4352,7606.71,16826.63,3,2,0.0000
4353,7342.39,16354.12,0,0,0.0000
4354,7061.55,16514.64,0,0,0.0000
4355,7733.78,16404.74,NaN,NaN,NaN
4356,7483.39,16992.48,2,4,2.0000
4357,7570.50,17022.65,3,4,0.0000
4358,7175.38,16445.52,NaN,NaN,NaN
4359,7599.43,16655.43,3,3,0.0000
4360,7119.33,16619.60,0,0,0.0000
4361,7422.13,16744.57,0,0,0.0000
4362,7230.95,16471.57,0,0,0.0000
4363,7289.42,16653.94,0,0,0.0000
4364,7246.04,16379.52,2,4,2.0000
4365,7139.01,16396.73,NaN,NaN,NaN
4366,7233.51,16334.85,0,0,0.0000
4367,7306.83,16737.05,0,0,0.0000
4368,7275.59,16790.72,2,6,3.0000
4369,7310.71,16401.93,0,0,0.0000
4370,7185.46,16315.41,0,0,0.0000
4371,7732.65,16506.69,NaN,NaN,NaN
4372,7400.55,16794.66,6,7,0.0000
4373,7255.35,17006.80,0,0,0.0000
4374,7791.07,16405.80,3,4,0.0000
4375,7272.76,16454.76,NaN,NaN,NaN
4376,7610.15,16937.69,2,4,2.0000
4377,7635.93,16829.42,0,0,0.0000
4378,7193.94,16377.34,2,2,0.0000
4379,7496.68,16534.69,0,0,0.0000
4380,7107.45,16920.82,0,0,0.0000
4381,7195.00,16650.10,0,0,0.0000
4382,7157.40,16354.30,0,0,0.0000
4383,7361.08,16708.44,0,0,0.0000
4384,7459.51,16929.14,3,2,0.0000
4385,7249.52,16604.95,0,0,0.0000
4386,8123.38,16856.00,2,3,0.0000
4387,8528.49,16868.38,2,1,0.0000
4388,8016.45,16759.92,NaN,NaN,NaN
4389,8127.40,16935.02,NaN,NaN,NaN
4390,8012.21,16701.25,3,3,0.0000
4391,8007.22,16812.61,NaN,NaN,NaN
4392,8559.37,16736.61,NaN,NaN,NaN
4393,8155.82,16561.87,NaN,NaN,NaN
4394,7950.09,16672.25,2,2,0.0000
4395,8178.80,16836.81,NaN,NaN,NaN
4396,8232.02,16694.75,NaN,NaN,NaN
4397,8556.54,16806.04,4,3,0.0000
4398,8496.03,16802.98,NaN,NaN,NaN
4399,8489.05,16716.32,2,1,0.0000
4400,8085.10,16752.71,5,6,0.0000
4401,8553.24,16920.88,4,6,0.0000
4402,8111.76,16567.45,3,5,0.0000
4403,8532.58,16975.86,3,2,0.0000
4404,8521.61,16564.91,NaN,NaN,NaN
4405,8160.06,16991.47,NaN,NaN,NaN
4406,8039.40,16912.39,NaN,NaN,NaN
4407,8136.44,16672.61,NaN,NaN,NaN
4408,8214.35,16362.85,NaN,NaN,NaN
4409,8504.72,16661.98,NaN,NaN,NaN
4410,8192.03,16599.27,NaN,NaN,NaN
4411,8095.13,16292.63,0,0,0.0000
4412,8581.48,16977.99,3,3,0.0000
4413,9279.20,16795.07,0,0,0.0000
4414,8610.45,16910.85,NaN,NaN,NaN
4415,9351.49,16914.43,3,4,0.0000
4416,11886.36,16837.19,0,0,0.0000
4417,11837.43,16737.63,0,0,0.0000
4418,11780.33,16987.98,0,0,0.0000
4419,11929.98,16764.93,0,0,0.0000
4420,11896.86,16622.62,0,0,0.0000
4421,11738.74,16978.38,0,0,0.0000
4422,11807.61,16936.31,0,0,0.0000
4423,11713.91,16795.12,0,0,0.0000
4424,11738.54,16910.09,0,0,0.0000
4425,11724.76,16752.14,0,0,0.0000
4426,11694.81,16767.04,0,0,0.0000
4427,355.81,17042.58,3,4,0.0000
4428,291.79,17447.99,0,0,0.0000
4429,665.09,17747.66,0,0,0.0000
4430,212.93,17552.82,2,4,2.0000
4431,794.40,17754.86,0,0,0.0000
4432,509.39,17635.08,2,3,0.0000
4433,886.55,17464.93,0,0,0.0000
4434,308.54,17683.95,NaN,NaN,NaN
4435,476.96,17701.79,3,5,0.0000
4436,855.57,17106.30,NaN,NaN,NaN
4437,86.45,17324.26,NaN,NaN,NaN
4438,246.45,17313.94,2,3,0.0000
4439,45.57,17482.85,0,0,0.0000
4440,55.58,17596.14,0,0,0.0000
4441,488.02,17440.88,NaN,NaN,NaN
4442,178.82,17401.19,0,0,0.0000
4443,666.68,17622.85,NaN,NaN,NaN
4444,829.30,17204.89,0,0,0.0000
4445,523.36,17131.67,NaN,NaN,NaN
4446,703.63,17471.88,2,2,0.0000
4447,521.87,17389.20,2,2,0.0000
4448,890.51,17157.82,0,0,0.0000
4449,231.58,17729.84,0,0,0.0000
4450,563.87,17471.47,NaN,NaN,NaN
4451,752.26,17101.95,0,0,0.0000
4452,386.18,17567.79,0,0,0.0000
4453,765.43,17500.65,0,0,0.0000
4454,370.40,17342.61,3,2,0.0000
4455,399.11,17258.79,3,2,0.0000
4456,550.59,17753.50,NaN,NaN,NaN
4457,703.01,17046.47,0,0,0.0000
4458,482.73,17069.55,0,0,0.0000
4459,645.73,17464.26,0,0,0.0000
4460,516.74,17326.89,NaN,NaN,NaN
4461,110.45,17463.22,NaN,NaN,NaN
4462,49.49,17266.90,0,0,0.0000
4463,586.47,17367.20,NaN,NaN,NaN
4464,396.68,17407.54,2,3,0.0000
4465,840.15,17265.29,0,0,0.0000
4466,796.70,17035.99,0,0,0.0000
4467,422.13,17497.47,0,0,0.0000
4468,327.45,17575.67,0,0,0.0000
4469,579.18,17314.98,0,0,0.0000
4470,596.65,17619.74,2,2,0.0000
4471,145.89,17711.74,3,4,0.0000
4472,370.69,17737.34,2,1,0.0000
4473,883.20,17766.52,0,0,0.0000
4474,460.91,17311.75,NaN,NaN,NaN
4475,659.56,17408.09,2,5,2.5000
4476,135.25,17755.00,0,0,0.0000
4477,445.80,17543.38,0,0,0.0000
4478,179.31,17332.29,NaN,NaN,NaN
4479,430.93,17741.63,3,7,2.3333
4480,708.36,17564.41,0,0,0.0000
4481,668.44,17670.12,3,3,0.0000
4482,611.54,17721.98,0,0,0.0000
4483,521.31,17509.51,NaN,NaN,NaN
4484,388.62,17682.22,NaN,NaN,NaN
4485,191.60,17668.89,0,0,0.0000
4486,745.20,17582.54,NaN,NaN,NaN
4487,606.09,17667.36,0,0,0.0000
4488,384.54,17627.73,0,0,0.0000
4489,34.68,17295.76,0,0,0.0000
4490,683.50,17583.04,3,7,2.3333
4491,607.30,17561.31,0,0,0.0000
4492,21.10,17396.48,NaN,NaN,NaN
4493,486.48,17558.15,0,0,0.0000
4494,705.21,17339.91,0,0,0.0000
4495,600.83,17511.15,0,0,0.0000
4496,469.27,17473.12,0,0,0.0000
4497,1070.92,17058.26,0,0,0.0000
4498,1090.53,17786.81,NaN,NaN,NaN
4499,992.63,17738.27,0,0,0.0000
4500,1138.16,17176.88,NaN,NaN,NaN
4501,1064.39,17175.17,0,0,0.0000
4502,1427.75,17159.65,2,2,0.0000
4503,1189.71,17780.14,NaN,NaN,NaN
4504,960.72,17210.45,NaN,NaN,NaN
4505,1143.85,17293.29,0,0,0.0000
4506,1030.83,17230.19,0,0,0.0000
4507,932.78,17756.55,0,0,0.0000
4508,1223.57,17695.26,2,3,0.0000
4509,1245.34,17053.79,NaN,NaN,NaN
4510,1252.97,17308.72,NaN,NaN,NaN
4511,1058.16,17210.94,0,0,0.0000
4512,1224.64,17168.39,NaN,NaN,NaN
4513,1185.82,17039.96,0,0,0.0000
4514,901.98,17527.81,0,0,0.0000
4515,923.13,17258.33,0,0,0.0000
4516,1138.49,17741.03,NaN,NaN,NaN
4517,955.40,17684.90,0,0,0.0000
4518,917.36,17669.47,NaN,NaN,NaN
4519,1748.39,17563.53,0,0,0.0000
4520,1875.18,17639.48,0,0,0.0000
4521,1713.51,17475.63,NaN,NaN,NaN
4522,1823.46,17503.35,NaN,NaN,NaN
4523,1833.46,17758.14,0,0,0.0000
4524,1928.27,17679.98,0,0,0.0000
4525,1727.25,17681.09,0,0,0.0000
4526,1672.80,17409.06,NaN,NaN,NaN
4527,1734.95,17413.48,0,0,0.0000
4528,1825.21,17584.13,NaN,NaN,NaN
4529,1914.53,17742.38,0,0,0.0000
4530,1882.62,17571.22,0,0,0.0000
4531,1791.92,17448.00,NaN,NaN,NaN
4532,1999.13,17742.55,0,0,0.0000
4533,3870.83,17747.92,4,6,0.0000
4534,3958.46,17548.11,6,3,0.0000
4535,3713.93,17200.17,0,0,0.0000
4536,3816.08,17574.12,NaN,NaN,NaN
4537,3728.86,17525.91,2,4,2.0000
4538,3808.28,17038.41,NaN,NaN,NaN
4539,3656.95,17763.98,2,2,0.0000
4540,3887.55,17454.14,NaN,NaN,NaN
4541,3870.51,17122.49,NaN,NaN,NaN
4542,3899.54,17227.06,2,2,0.0000
4543,3703.26,17281.65,NaN,NaN,NaN
4544,3891.12,17329.46,0,0,0.0000
4545,3637.11,17485.54,NaN,NaN,NaN
4546,3822.24,17469.26,3,2,0.0000
4547,3828.90,17263.62,0,0,0.0000
4548,3628.70,17678.64,3,3,0.0000
4549,3577.92,17520.24,3,4,0.0000
4550,3566.37,17418.54,3,4,0.0000
4551,3594.11,17729.86,NaN,NaN,NaN
4552,3748.98,17653.43,NaN,NaN,NaN
4553,3703.86,17697.78,2,4,2.0000
4554,3756.72,17431.28,0,0,0.0000
4555,3761.90,17340.32,4,6,0.0000
4556,3928.32,17662.41,3,3,0.0000
4557,3873.72,17556.19,NaN,NaN,NaN
4558,3571.24,17593.69,NaN,NaN,NaN
4559,3935.28,17383.22,0,0,0.0000
4560,3766.35,17724.68,0,0,0.0000
4561,3625.93,17436.34,4,6,0.0000
4562,3706.89,17071.58,0,0,0.0000
4563,3694.34,17387.79,0,0,0.0000
4564,3947.95,17192.31,NaN,NaN,NaN
4565,3641.38,17127.08,2,2,0.0000
4566,3643.91,17288.03,NaN,NaN,NaN
4567,3598.47,17313.83,NaN,NaN,NaN
4568,3804.86,17641.40,0,0,0.0000
4569,3906.21,17050.32,0,0,0.0000
4570,3652.96,17222.50,0,0,0.0000
4571,3691.67,17438.06,NaN,NaN,NaN
4572,3515.40,17539.86,0,0,0.0000
4573,3951.90,17066.16,0,0,0.0000
4574,3538.99,17730.91,0,0,0.0000
4575,3585.34,17258.24,0,0,0.0000
4576,3803.94,17320.25,NaN,NaN,NaN
4577,3893.24,17626.97,4,1,0.0000
4578,3654.33,17359.62,0,0,0.0000
4579,3777.91,17263.13,0,0,0.0000
4580,3587.09,17646.52,5,6,0.0000
4581,3662.27,17532.57,NaN,NaN,NaN
4582,3800.28,17099.97,0,0,0.0000
4583,4297.13,17534.38,NaN,NaN,NaN
4584,4587.93,17069.71,0,0,0.0000
4585,4203.90,17316.13,0,0,0.0000
4586,4194.19,17743.69,0,0,0.0000
4587,4690.73,17712.32,2,2,0.0000
4588,4576.68,17732.10,4,2,0.0000
4589,4693.65,17198.11,NaN,NaN,NaN
4590,4301.22,17140.91,0,0,0.0000
4591,4321.46,17359.43,0,0,0.0000
4592,4098.80,17681.26,0,0,0.0000
4593,4407.34,17302.07,0,0,0.0000
4594,4337.49,17706.37,0,0,0.0000
4595,4647.67,17313.88,0,0,0.0000
4596,4061.75,17488.03,NaN,NaN,NaN
4597,4219.38,17651.52,0,0,0.0000
4598,4121.24,17405.69,0,0,0.0000
4599,4002.66,17711.61,2,4,2.0000
4600,4235.39,17046.17,NaN,NaN,NaN
4601,3972.07,17446.46,NaN,NaN,NaN
4602,4188.24,17459.40,0,0,0.0000
4603,4428.99,17528.62,2,3,0.0000
4604,4654.02,17501.83,0,0,0.0000
4605,4715.53,17411.04,0,0,0.0000
4606,4351.30,17071.30,0,0,0.0000
4607,4521.61,17443.78,0,0,0.0000
4608,4144.75,17039.63,0,0,0.0000
4609,4043.81,17603.09,NaN,NaN,NaN
4610,4401.90,17425.25,0,0,0.0000
4611,4175.26,17193.10,NaN,NaN,NaN
4612,4014.77,17029.12,0,0,0.0000
4613,4589.69,17216.92,0,0,0.0000
4614,4484.28,17156.07,NaN,NaN,NaN
4615,4496.70,17536.09,NaN,NaN,NaN
4616,4426.69,17214.83,NaN,NaN,NaN
4617,4102.38,17304.49,2,2,0.0000
4618,4562.59,17138.50,NaN,NaN,NaN
4619,4075.24,17094.56,0,0,0.0000
4620,4411.78,17743.47,0,0,0.0000
4621,3990.01,17206.25,NaN,NaN,NaN
4622,3997.48,17137.23,0,0,0.0000
4623,4537.83,17272.36,0,0,0.0000
4624,4572.58,17356.91,0,0,0.0000
4625,4090.75,17187.59,0,0,0.0000
4626,4497.07,17363.48,2,2,0.0000
4627,4186.88,17118.30,0,0,0.0000
4628,4439.96,17072.04,NaN,NaN,NaN
4629,4703.83,17078.59,0,0,0.0000
4630,4681.76,17614.18,0,0,0.0000
4631,4638.07,17179.12,0,0,0.0000
4632,4551.30,17534.03,0,0,0.0000
4633,4434.02,17642.24,0,0,0.0000
4634,4285.65,17251.09,0,0,0.0000
4635,4500.91,17739.20,5,6,0.0000
4636,4116.23,17567.87,0,0,0.0000
4637,4018.45,17402.25,2,2,0.0000
4638,3973.93,17334.68,0,0,0.0000
4639,4105.86,17055.70,0,0,0.0000
4640,3993.62,17626.53,NaN,NaN,NaN
4641,4460.18,17703.72,NaN,NaN,NaN
4642,5325.96,17664.57,0,0,0.0000
4643,4841.23,17247.13,NaN,NaN,NaN
4644,4972.26,17688.20,0,0,0.0000
4645,5178.75,17308.24,0,0,0.0000
4646,5450.82,17209.91,2,3,0.0000
4647,4857.08,17106.30,2,1,0.0000
4648,4972.15,17387.53,0,0,0.0000
4649,5249.70,17501.32,0,0,0.0000
4650,4858.89,17605.27,NaN,NaN,NaN
4651,5143.77,17209.98,0,0,0.0000
4652,4776.80,17536.54,0,0,0.0000
4653,5242.47,17096.07,0,0,0.0000
4654,5110.47,17045.48,0,0,0.0000
4655,4768.47,17779.98,0,0,0.0000
4656,5151.52,17516.55,0,0,0.0000
4657,5055.86,17255.93,NaN,NaN,NaN
4658,5123.51,17642.47,0,0,0.0000
4659,5394.23,17751.60,0,0,0.0000
4660,4885.41,17735.63,0,0,0.0000
4661,5027.84,17717.25,0,0,0.0000
4662,5257.36,17393.07,0,0,0.0000
4663,5450.40,17787.66,NaN,NaN,NaN
4664,5232.50,17195.82,0,0,0.0000
4665,4805.51,17362.91,2,3,0.0000
4666,5206.42,17762.09,0,0,0.0000
4667,4850.01,17475.04,0,0,0.0000
4668,5438.42,17543.46,NaN,NaN,NaN
4669,4955.70,17097.21,2,2,0.0000
4670,5027.98,17094.58,0,0,0.0000
4671,4954.94,17502.43,0,0,0.0000
4672,5394.40,17099.70,NaN,NaN,NaN
4673,5376.40,17346.67,0,0,0.0000
4674,4810.18,17027.33,0,0,0.0000
4675,5279.48,17438.97,0,0,0.0000
4676,5087.07,17359.06,0,0,0.0000
4677,5000.34,17499.71,0,0,0.0000
4678,5058.48,17625.83,NaN,NaN,NaN
4679,4910.40,17419.63,NaN,NaN,NaN
4680,5092.54,17412.56,0,0,0.0000
4681,5327.28,17211.54,0,0,0.0000
4682,5079.76,17572.52,NaN,NaN,NaN
4683,5451.46,17116.72,2,3,0.0000
4684,4830.45,17660.38,0,0,0.0000
4685,5097.03,17109.55,0,0,0.0000
4686,5008.05,17190.34,NaN,NaN,NaN
4687,5423.47,17430.69,0,0,0.0000
4688,5034.90,17417.91,0,0,0.0000
4689,5107.03,17753.55,0,0,0.0000
4690,5288.21,17769.63,0,0,0.0000
4691,4767.01,17103.36,0,0,0.0000
4692,5261.50,17597.18,0,0,0.0000
4693,4739.74,17308.43,0,0,0.0000
4694,5211.04,17572.40,0,0,0.0000
4695,5337.13,17315.22,0,0,0.0000
4696,5078.91,17196.87,0,0,0.0000
4697,5320.80,17151.02,0,0,0.0000
4698,4758.38,17655.16,0,0,0.0000
4699,5446.57,17705.19,0,0,0.0000
4700,4941.27,17169.86,NaN,NaN,NaN
4701,4922.34,17042.90,0,0,0.0000
4702,4974.59,17304.21,0,0,0.0000
4703,4810.54,17428.51,0,0,0.0000
4704,5448.94,17486.83,0,0,0.0000
4705,5311.54,17274.19,0,0,0.0000
4706,5396.31,17391.08,0,0,0.0000
4707,5212.31,17644.12,0,0,0.0000
4708,4778.50,17703.80,0,0,0.0000
4709,4930.25,17251.80,0,0,0.0000
4710,5060.31,17485.40,0,0,0.0000
4711,4863.68,17402.42,0,0,0.0000
4712,5354.47,17450.82,NaN,NaN,NaN
4713,4851.56,17544.07,0,0,0.0000
4714,5321.35,17576.85,0,0,0.0000
4715,5171.99,17440.00,0,0,0.0000
4716,5379.97,17483.02,NaN,NaN,NaN
4717,5407.45,17462.42,NaN,NaN,NaN
4718,4759.25,17189.27,NaN,NaN,NaN
4719,5163.07,17586.14,0,0,0.0000
4720,4983.14,17219.37,NaN,NaN,NaN
4721,4804.83,17578.60,NaN,NaN,NaN
4722,5185.14,17701.77,0,0,0.0000
4723,6151.49,17195.40,2,2,0.0000
4724,6219.25,17570.19,NaN,NaN,NaN
4725,6048.77,17766.37,0,0,0.0000
4726,6113.78,17484.26,7,7,0.0000
4727,5978.88,17644.57,NaN,NaN,NaN
4728,5978.12,17512.02,2,3,0.0000
4729,5537.02,17765.54,NaN,NaN,NaN
4730,5745.15,17728.82,0,0,0.0000
4731,5584.37,17714.21,NaN,NaN,NaN
4732,5969.48,17428.41,0,0,0.0000
4733,6247.33,17091.43,NaN,NaN,NaN
4734,6087.14,17408.38,NaN,NaN,NaN
4735,6144.09,17668.45,0,0,0.0000
4736,5920.59,17729.93,0,0,0.0000
4737,5817.92,17717.36,0,0,0.0000
4738,6209.34,17454.07,0,0,0.0000
4739,5978.75,17733.10,0,0,0.0000
4740,6213.96,17294.14,0,0,0.0000
4741,6201.08,17357.86,0,0,0.0000
4742,6173.01,17786.58,NaN,NaN,NaN
4743,6132.47,17033.05,NaN,NaN,NaN
4744,6018.31,17294.97,0,0,0.0000
4745,5924.28,17567.10,NaN,NaN,NaN
4746,5826.59,17474.06,0,0,0.0000
4747,5884.85,17547.76,0,0,0.0000
4748,5941.60,17780.91,2,3,0.0000
4749,5705.89,17662.73,0,0,0.0000
4750,5762.75,17445.83,0,0,0.0000
4751,5678.41,17742.56,0,0,0.0000
4752,6150.89,17593.24,NaN,NaN,NaN
4753,5665.68,17445.18,0,0,0.0000
4754,6202.77,17692.26,NaN,NaN,NaN
4755,6141.60,17294.66,0,0,0.0000
4756,6243.00,17790.65,0,0,0.0000
4757,6053.58,17312.07,0,0,0.0000
4758,5870.97,17757.45,0,0,0.0000
4759,6080.93,17679.99,0,0,0.0000
4760,5897.15,17683.07,NaN,NaN,NaN
4761,6251.35,17745.05,0,0,0.0000
4762,6260.05,17248.54,0,0,0.0000
4763,6058.83,17580.34,NaN,NaN,NaN
4764,5660.55,17656.00,0,0,0.0000
4765,6135.61,17345.13,0,0,0.0000
4766,5863.27,17506.20,0,0,0.0000
4767,6068.55,17628.65,0,0,0.0000
4768,6266.86,17676.34,0,0,0.0000
4769,5626.59,17772.43,0,0,0.0000
4770,6218.02,17747.71,0,0,0.0000
4771,6212.04,17152.54,0,0,0.0000
4772,6045.44,17226.97,0,0,0.0000
4773,6065.05,17217.71,0,0,0.0000
4774,6439.11,17492.92,0,0,0.0000
4775,6572.54,17455.63,NaN,NaN,NaN
4776,6610.48,17059.60,NaN,NaN,NaN
4777,6591.82,17602.31,NaN,NaN,NaN
4778,6839.62,17526.44,0,0,0.0000
4779,6399.94,17754.74,0,0,0.0000
4780,6789.11,17303.64,0,0,0.0000
4781,6361.95,17611.42,0,0,0.0000
4782,6501.39,17188.05,0,0,0.0000
4783,6923.07,17184.44,0,0,0.0000
4784,6418.84,17251.06,0,0,0.0000
4785,6282.31,17174.96,0,0,0.0000
4786,6901.95,17300.77,0,0,0.0000
4787,6930.56,17758.34,0,0,0.0000
4788,6794.68,17403.43,NaN,NaN,NaN
4789,6831.58,17239.43,0,0,0.0000
4790,6758.22,17201.50,0,0,0.0000
4791,6645.40,17371.38,2,2,0.0000
4792,7013.49,17265.82,0,0,0.0000
4793,6730.84,17703.98,0,0,0.0000
4794,6480.30,17666.68,0,0,0.0000
4795,6289.93,17298.05,0,0,0.0000
4796,6856.70,17621.80,0,0,0.0000
4797,6347.44,17489.59,0,0,0.0000
4798,6655.86,17277.01,NaN,NaN,NaN
4799,6900.47,17035.99,NaN,NaN,NaN
4800,6376.23,17379.86,0,0,0.0000
4801,6522.79,17335.74,NaN,NaN,NaN
4802,6646.66,17489.28,NaN,NaN,NaN
4803,6916.26,17667.93,0,0,0.0000
4804,6952.90,17558.90,0,0,0.0000
4805,6451.49,17614.85,0,0,0.0000
4806,7031.49,17170.08,0,0,0.0000
4807,6454.43,17366.13,2,2,0.0000
4808,6583.26,17723.57,NaN,NaN,NaN
4809,6708.08,17502.60,0,0,0.0000
4810,6760.03,17477.22,NaN,NaN,NaN
4811,6299.43,17378.06,0,0,0.0000
4812,6578.59,17303.75,NaN,NaN,NaN
4813,6523.92,17704.53,0,0,0.0000
4814,6898.88,17095.80,0,0,0.0000
4815,6995.91,17350.06,0,0,0.0000
4816,6634.11,17173.97,0,0,0.0000
4817,6467.97,17073.60,0,0,0.0000
4818,6852.00,17755.19,0,0,0.0000
4819,6677.04,17045.61,NaN,NaN,NaN
4820,6824.09,17062.72,0,0,0.0000
4821,6511.91,17420.07,NaN,NaN,NaN
4822,6828.04,17449.84,0,0,0.0000
4823,6746.74,17360.08,0,0,0.0000
4824,6994.35,17694.43,0,0,0.0000
4825,6529.46,17078.40,0,0,0.0000
4826,6279.00,17484.90,0,0,0.0000
4827,6882.16,17451.99,0,0,0.0000
4828,6974.89,17632.91,0,0,0.0000
4829,6834.16,17152.40,0,0,0.0000
4830,6275.34,17717.10,0,0,0.0000
4831,6712.97,17160.44,0,0,0.0000
4832,7001.90,17517.78,0,0,0.0000
4833,7002.62,17600.16,NaN,NaN,NaN
4834,6653.06,17688.49,0,0,0.0000
4835,6919.47,17449.66,0,0,0.0000
4836,6680.79,17119.30,0,0,0.0000
4837,6300.86,17441.16,0,0,0.0000
4838,6528.21,17574.58,0,0,0.0000
4839,6346.72,17138.55,0,0,0.0000
4840,6313.41,17733.47,0,0,0.0000
4841,6300.49,17695.97,0,0,0.0000
4842,6379.87,17158.13,0,0,0.0000
4843,6715.09,17430.37,0,0,0.0000
4844,6296.41,17071.24,0,0,0.0000
4845,6790.56,17789.32,0,0,0.0000
4846,6670.37,17429.62,0,0,0.0000
4847,6700.52,17270.28,NaN,NaN,NaN
4848,6853.77,17693.93,0,0,0.0000
4849,6565.91,17147.66,0,0,0.0000
4850,6808.75,17728.31,0,0,0.0000
4851,7725.72,17470.94,2,2,0.0000
4852,7380.55,17710.95,2,2,0.0000
4853,7709.09,17259.23,2,2,0.0000
4854,7642.77,17724.29,2,3,0.0000
4855,7673.84,17599.51,2,2,0.0000
4856,7130.37,17121.95,0,0,0.0000
4857,7138.01,17654.28,NaN,NaN,NaN
4858,7044.22,17380.39,0,0,0.0000
4859,7328.95,17163.36,2,2,0.0000
4860,7113.05,17209.89,NaN,NaN,NaN
4861,7188.98,17413.95,0,0,0.0000
4862,7726.38,17157.06,5,4,0.0000
4863,7755.56,17098.87,NaN,NaN,NaN
4864,7718.69,17759.90,2,3,0.0000
4865,7247.98,17292.63,0,0,0.0000
4866,7576.62,17446.09,3,4,0.0000
4867,7671.27,17136.50,NaN,NaN,NaN
4868,7065.82,17053.99,0,0,0.0000
4869,7805.43,17674.16,3,3,0.0000
4870,7292.57,17028.21,NaN,NaN,NaN
4871,7588.20,17360.96,2,2,0.0000
4872,7293.81,17696.15,0,0,0.0000
4873,7769.04,17580.81,5,5,0.0000
4874,7638.25,17207.29,3,4,0.0000
4875,7620.83,17372.48,3,5,0.0000
4876,7790.44,17324.32,2,2,0.0000
4877,7669.26,17291.71,2,2,0.0000
4878,7066.87,17719.59,0,0,0.0000
4879,7737.33,17632.33,3,4,0.0000
4880,7765.84,17195.08,3,5,0.0000
4881,7351.55,17612.61,0,0,0.0000
4882,7619.56,17173.06,2,3,0.0000
4883,7445.20,17600.38,NaN,NaN,NaN
4884,7663.83,17357.62,NaN,NaN,NaN
4885,7055.62,17552.79,0,0,0.0000
4886,7304.81,17263.55,NaN,NaN,NaN
4887,7303.55,17136.22,0,0,0.0000
4888,7773.54,17397.73,6,5,0.0000
4889,7627.43,17285.41,2,1,0.0000
4890,7119.02,17576.35,0,0,0.0000
4891,7072.76,17619.18,0,0,0.0000
4892,7192.55,17690.19,NaN,NaN,NaN
4893,7381.59,17777.39,0,0,0.0000
4894,7488.62,17557.91,2,1,0.0000
4895,7615.27,17131.73,NaN,NaN,NaN
4896,7797.23,17152.37,2,4,2.0000
4897,7258.62,17196.11,NaN,NaN,NaN
4898,7635.40,17645.31,0,0,0.0000
4899,7577.35,17069.67,2,2,0.0000
4900,7821.33,17269.16,4,4,0.0000
4901,8149.98,17701.05,2,1,0.0000
4902,7888.30,17173.31,2,3,0.0000
4903,8002.90,17391.79,0,0,0.0000
4904,8183.08,17788.42,2,3,0.0000
4905,7891.90,17347.60,6,8,0.0000
4906,7845.06,17790.72,2,2,0.0000
4907,8145.16,17437.96,3,3,0.0000
4908,8025.27,17649.93,6,5,0.0000
4909,7992.27,17571.44,NaN,NaN,NaN
4910,7948.05,17486.61,NaN,NaN,NaN
4911,8090.66,17770.69,4,5,0.0000
4912,8145.10,17621.39,3,2,0.0000
4913,8058.56,17342.08,NaN,NaN,NaN
4914,7909.47,17416.18,2,3,0.0000
4915,7965.13,17699.49,NaN,NaN,NaN
4916,8318.14,17652.54,5,7,0.0000
4917,8514.00,17364.37,0,0,0.0000
4918,8038.23,17193.09,2,2,0.0000
4919,8111.46,17552.22,2,1,0.0000
4920,8087.80,17291.16,0,0,0.0000
4921,8376.34,17139.56,NaN,NaN,NaN
4922,8383.06,17228.00,0,0,0.0000
4923,8240.02,17577.14,0,0,0.0000
4924,8021.14,17134.38,NaN,NaN,NaN
4925,8185.36,17390.54,0,0,0.0000
4926,8273.55,17635.04,9,11,0.0000
4927,8057.47,17573.05,2,3,0.0000
4928,8171.67,17505.79,2,2,0.0000
4929,8049.79,17504.63,NaN,NaN,NaN
4930,7924.30,17116.68,4,4,0.0000
4931,7999.27,17771.73,2,5,2.5000
4932,8159.26,17339.37,5,5,0.0000
4933,7867.61,17459.83,3,2,0.0000
4934,8288.77,17457.58,NaN,NaN,NaN
4935,7820.83,17090.75,4,4,0.0000
4936,8449.01,17327.00,NaN,NaN,NaN
4937,8084.99,17626.59,NaN,NaN,NaN
4938,8459.03,17384.05,0,0,0.0000
4939,8341.14,17211.26,NaN,NaN,NaN
4940,8010.31,17221.74,NaN,NaN,NaN
4941,7978.16,17160.73,2,3,0.0000
4942,7822.04,17028.39,NaN,NaN,NaN
4943,8241.16,17721.66,3,4,0.0000
4944,8307.85,17175.45,NaN,NaN,NaN
4945,7913.17,17042.02,4,4,0.0000
4946,8308.99,17717.11,NaN,NaN,NaN
4947,8381.26,17341.43,NaN,NaN,NaN
4948,8193.25,17544.08,NaN,NaN,NaN
4949,8093.54,17206.29,0,0,0.0000
4950,8114.79,17362.39,NaN,NaN,NaN
4951,8331.26,17585.97,3,3,0.0000
4952,8208.79,17649.85,NaN,NaN,NaN
4953,7973.09,17247.04,0,0,0.0000
4954,8025.14,17266.90,0,0,0.0000
4955,8416.65,17204.13,NaN,NaN,NaN
4956,8286.21,17550.85,NaN,NaN,NaN
4957,7952.82,17311.08,0,0,0.0000
4958,8219.09,17504.12,NaN,NaN,NaN
4959,7823.17,17585.51,5,5,0.0000
4960,8289.90,17516.59,0,0,0.0000
4961,7996.99,17311.78,0,0,0.0000
4962,8257.37,17489.27,NaN,NaN,NaN
4963,7850.02,17634.52,NaN,NaN,NaN
4964,8042.21,17731.25,NaN,NaN,NaN
4965,8081.77,17454.40,NaN,NaN,NaN
4966,8356.36,17394.94,NaN,NaN,NaN
4967,8246.36,17687.05,NaN,NaN,NaN
4968,8189.03,17296.70,0,0,0.0000
4969,9017.46,17185.94,NaN,NaN,NaN
4970,9213.25,17223.95,3,4,0.0000
4971,9146.64,17177.06,2,1,0.0000
4972,8602.13,17095.53,NaN,NaN,NaN
4973,9183.90,17155.28,NaN,NaN,NaN
4974,9379.06,17322.79,4,5,0.0000
4975,9444.43,17402.20,NaN,NaN,NaN
4976,9365.01,17031.74,NaN,NaN,NaN
4977,9372.01,17269.32,0,0,0.0000
4978,9460.59,17349.38,NaN,NaN,NaN
4979,9487.05,17137.62,0,0,0.0000
4980,9596.77,17614.62,NaN,NaN,NaN
4981,9504.95,17398.29,NaN,NaN,NaN
4982,9599.63,17586.27,NaN,NaN,NaN
4983,11261.79,17138.20,0,0,0.0000
4984,11603.55,17332.20,0,0,0.0000
4985,11619.18,17353.56,0,0,0.0000
4986,11609.30,17047.16,0,0,0.0000
4987,11779.07,17149.64,0,0,0.0000
4988,11709.03,17254.42,0,0,0.0000
4989,11688.35,17100.69,0,0,0.0000
4990,11791.48,17300.63,0,0,0.0000
4991,11770.52,17230.04,0,0,0.0000
4992,11895.62,17335.54,0,0,0.0000
4993,11836.45,17120.91,0,0,0.0000
4994,11754.63,17057.04,0,0,0.0000
4995,11723.84,17166.84,0,0,0.0000
4996,11648.00,17043.93,0,0,0.0000
4997,11699.14,17025.61,0,0,0.0000
4998,11822.79,17255.68,0,0,0.0000
4999,11741.91,17316.84,0,0,0.0000
5000,11896.72,17153.80,0,0,0.0000
5001,11668.24,17176.76,0,0,0.0000
5002,11860.33,17297.29,0,0,0.0000
5003,11849.18,17088.31,0,0,0.0000
5004,11674.84,17213.49,0,0,0.0000
5005,11874.62,17138.86,0,0,0.0000
5006,511.16,18564.42,NaN,NaN,NaN
5007,849.06,18577.09,0,0,0.0000
5008,573.78,18334.44,0,0,0.0000
5009,803.68,18151.96,2,3,0.0000
5010,798.36,18262.53,0,0,0.0000
5011,505.00,17831.33,0,0,0.0000
5012,663.33,18591.23,3,3,0.0000
5013,693.73,18370.93,NaN,NaN,NaN
5014,666.06,18128.77,2,1,0.0000
5015,772.22,17940.32,NaN,NaN,NaN
5016,791.33,18353.87,NaN,NaN,NaN
5017,413.39,18586.56,3,4,0.0000
5018,688.92,17853.55,3,5,0.0000
5019,591.19,17918.30,NaN,NaN,NaN
5020,744.52,18063.77,2,3,0.0000
5021,883.91,18130.27,NaN,NaN,NaN
5022,708.30,18202.53,NaN,NaN,NaN
5023,540.30,18275.87,2,4,2.0000
5024,717.16,17899.45,0,0,0.0000
5025,429.25,17838.76,0,0,0.0000
5026,594.90,18015.94,NaN,NaN,NaN
5027,638.66,18063.33,NaN,NaN,NaN
5028,807.86,17875.78,NaN,NaN,NaN
5029,788.35,18433.38,NaN,NaN,NaN
5030,393.06,17901.12,0,0,0.0000
5031,599.78,18454.38,NaN,NaN,NaN
5032,884.35,18432.82,0,0,0.0000
5033,511.37,17919.02,0,0,0.0000
5034,787.28,18631.97,NaN,NaN,NaN
5035,819.09,18027.00,NaN,NaN,NaN
5036,660.16,18421.66,NaN,NaN,NaN
5037,306.37,17872.85,0,0,0.0000
5038,716.14,18508.37,0,0,0.0000
5039,670.67,18261.63,NaN,NaN,NaN
5040,354.03,17799.15,0,0,0.0000
5041,865.02,17935.03,0,0,0.0000
5042,526.56,18038.17,2,3,0.0000
5043,735.69,18455.16,2,1,0.0000
5044,695.15,17957.02,0,0,0.0000
5045,616.65,18231.65,0,0,0.0000
5046,780.68,18497.14,0,0,0.0000
5047,840.34,17985.41,0,0,0.0000
5048,579.33,18402.87,2,3,0.0000
5049,559.53,17961.66,2,5,2.5000
5050,389.95,17863.62,0,0,0.0000
5051,685.66,18004.96,0,0,0.0000
5052,570.99,18211.60,0,0,0.0000
5053,674.30,18492.95,0,0,0.0000
5054,543.78,18412.14,3,3,0.0000
5055,804.43,17836.01,0,0,0.0000
5056,1180.22,18604.77,0,0,0.0000
5057,1446.59,18599.49,2,1,0.0000
5058,1213.36,17932.27,2,1,0.0000
5059,1064.12,18292.33,0,0,0.0000
5060,1613.68,18303.79,NaN,NaN,NaN
5061,1374.40,18169.45,0,0,0.0000
5062,1463.63,18099.62,0,0,0.0000
5063,1026.00,18372.79,NaN,NaN,NaN
5064,1441.76,18376.03,0,0,0.0000
5065,1357.47,18532.86,NaN,NaN,NaN
5066,1558.18,18430.75,0,0,0.0000
5067,1253.12,18077.92,0,0,0.0000
5068,1088.42,18052.23,NaN,NaN,NaN
5069,1342.90,18348.69,2,2,0.0000
5070,1375.47,18262.84,0,0,0.0000
5071,1046.35,18515.33,3,3,0.0000
5072,1612.46,18156.90,0,0,0.0000
5073,1648.37,18038.19,NaN,NaN,NaN
5074,1029.32,17982.74,0,0,0.0000
5075,1607.01,18549.26,2,3,0.0000
5076,1283.88,17803.45,NaN,NaN,NaN
5077,1024.21,17837.96,0,0,0.0000
5078,1118.16,17852.79,0,0,0.0000
5079,949.91,18210.35,2,2,0.0000
5080,1366.15,17855.26,0,0,0.0000
5081,1273.28,18184.57,NaN,NaN,NaN
5082,1639.97,18482.59,0,0,0.0000
5083,1357.50,18026.74,2,3,0.0000
5084,1534.01,18571.27,2,0,0.0000
5085,1656.29,18402.78,3,2,0.0000
5086,1300.93,18418.51,0,0,0.0000
5087,1484.03,18187.40,NaN,NaN,NaN
5088,1500.17,18273.04,0,0,0.0000
5089,933.65,18022.33,0,0,0.0000
5090,1368.54,17921.96,0,0,0.0000
5091,1082.63,18460.56,0,0,0.0000
5092,1577.46,18215.75,0,0,0.0000
5093,1187.12,18213.81,2,1,0.0000
5094,1229.61,17840.22,3,2,0.0000
5095,1056.32,18164.04,NaN,NaN,NaN
5096,1146.45,18452.13,NaN,NaN,NaN
5097,1121.81,17941.18,0,0,0.0000
5098,1443.31,17933.78,0,0,0.0000
5099,1226.35,18264.97,0,0,0.0000
5100,1061.70,17924.52,0,0,0.0000
5101,1283.79,18007.34,2,2,0.0000
5102,979.09,17896.95,NaN,NaN,NaN
5103,1399.39,18453.59,NaN,NaN,NaN
5104,1226.05,18499.10,0,0,0.0000
5105,1328.33,18608.67,NaN,NaN,NaN
5106,1494.53,17999.38,NaN,NaN,NaN
5107,1015.41,18443.95,NaN,NaN,NaN
5108,1182.32,18125.26,NaN,NaN,NaN
5109,1174.71,18517.52,NaN,NaN,NaN
5110,1276.85,18463.96,0,0,0.0000
5111,1247.25,18302.42,3,4,0.0000
5112,1538.26,18065.64,0,0,0.0000
5113,1650.49,17965.65,0,0,0.0000
5114,1069.76,18122.36,2,1,0.0000
5115,990.46,18606.53,NaN,NaN,NaN
5116,1574.41,18491.62,2,4,2.0000
5117,937.78,17961.84,NaN,NaN,NaN
5118,935.76,17856.42,NaN,NaN,NaN
5119,1177.29,18282.67,0,0,0.0000
5120,1149.50,18023.32,NaN,NaN,NaN
5121,1118.85,18182.47,0,0,0.0000
5122,1136.43,18385.63,2,3,0.0000
5123,949.42,18599.19,2,2,0.0000
5124,1295.27,17955.56,NaN,NaN,NaN
5125,1559.83,18670.99,0,0,0.0000
5126,1252.71,18381.44,0,0,0.0000
5127,1153.90,18415.87,NaN,NaN,NaN
5128,1507.27,18482.42,NaN,NaN,NaN
5129,1340.56,17980.16,NaN,NaN,NaN
5130,994.56,17938.50,NaN,NaN,NaN
5131,1313.34,18226.74,0,0,0.0000
5132,1224.73,18169.30,3,7,2.3333
5133,1417.72,17998.89,NaN,NaN,NaN
5134,1455.41,18234.17,0,0,0.0000
5135,1583.50,18076.98,0,0,0.0000
5136,1196.88,18436.61,0,0,0.0000
5137,1845.25,18378.12,3,2,0.0000
5138,1771.42,18608.38,NaN,NaN,NaN
5139,1970.41,18425.75,0,0,0.0000
5140,1962.63,17809.02,0,0,0.0000
5141,1912.08,17875.39,NaN,NaN,NaN
5142,1720.18,18448.09,0,0,0.0000
5143,2130.29,18410.11,0,0,0.0000
5144,1885.38,18518.44,0,0,0.0000
5145,1920.45,18332.14,0,0,0.0000
5146,2014.67,18344.59,NaN,NaN,NaN
5147,1723.40,18356.91,NaN,NaN,NaN
5148,1745.35,18285.59,NaN,NaN,NaN
5149,2033.70,18221.48,NaN,NaN,NaN
5150,1852.52,18609.03,2,3,0.0000
5151,1695.30,18185.20,NaN,NaN,NaN
5152,1744.17,18110.71,2,2,0.0000
5153,1994.70,18267.28,2,3,0.0000
5154,1920.77,18265.77,0,0,0.0000
5155,1893.01,17794.16,2,2,0.0000
5156,1919.64,18165.60,0,0,0.0000
5157,2091.39,18347.56,NaN,NaN,NaN
5158,1930.66,18555.81,0,0,0.0000
5159,2124.15,18500.42,NaN,NaN,NaN
5160,2086.07,18454.17,0,0,0.0000
5161,1800.73,18084.60,NaN,NaN,NaN
5162,2001.62,17928.70,0,0,0.0000
5163,1799.33,18174.33,NaN,NaN,NaN
5164,1780.64,18230.76,NaN,NaN,NaN
5165,2171.01,18330.64,0,0,0.0000
5166,2184.47,18390.49,0,0,0.0000
5167,1817.61,18506.33,2,1,0.0000
5168,2044.94,18425.65,0,0,0.0000
5169,1666.88,18105.29,3,3,0.0000
5170,1982.93,17873.35,0,0,0.0000
5171,2000.58,18562.75,NaN,NaN,NaN
5172,2038.17,18486.47,0,0,0.0000
5173,2224.56,18441.97,NaN,NaN,NaN
5174,1997.37,18507.80,2,2,0.0000
5175,2051.61,18298.46,0,0,0.0000
5176,1835.95,18146.47,0,0,0.0000
5177,2084.08,18266.82,0,0,0.0000
5178,2025.43,18628.33,2,5,2.5000
5179,1701.49,18496.19,NaN,NaN,NaN
5180,1723.10,17919.26,0,0,0.0000
5181,3951.32,18032.59,0,0,0.0000
5182,3816.71,18069.12,2,2,0.0000
5183,3941.58,17852.61,0,0,0.0000
5184,3697.97,17830.36,NaN,NaN,NaN
5185,3936.99,18244.41,8,10,0.0000
5186,3807.62,17873.11,0,0,0.0000
5187,3784.86,17946.77,0,0,0.0000
5188,3919.45,18117.99,NaN,NaN,NaN
5189,3897.94,17948.95,3,6,2.0000
5190,3864.22,17868.08,0,0,0.0000
5191,3724.15,18077.25,NaN,NaN,NaN
5192,3662.89,18001.73,0,0,0.0000
5193,3670.74,17962.24,NaN,NaN,NaN
5194,3858.19,17998.46,NaN,NaN,NaN
5195,3685.48,17924.89,4,3,0.0000
5196,3873.76,18133.46,0,0,0.0000
5197,3634.04,17928.04,NaN,NaN,NaN
5198,3817.26,17975.79,0,0,0.0000
5199,3622.81,17963.08,NaN,NaN,NaN
5200,3793.37,17803.46,NaN,NaN,NaN
5201,3967.45,18280.03,0,0,0.0000
5202,3742.82,17819.49,0,0,0.0000
5203,4273.42,18152.71,0,0,0.0000
5204,4140.21,18234.07,0,0,0.0000
5205,4568.40,17845.62,0,0,0.0000
5206,4389.53,18168.07,6,8,0.0000
5207,4606.10,18386.57,0,0,0.0000
5208,4674.94,17839.24,0,0,0.0000
5209,4114.89,17957.27,0,0,0.0000
5210,4021.07,17802.39,0,0,0.0000
5211,4610.95,18576.23,NaN,NaN,NaN
5212,4206.31,17925.28,0,0,0.0000
5213,4495.95,18132.83,NaN,NaN,NaN
5214,4371.25,17945.65,0,0,0.0000
5215,4711.66,18043.91,NaN,NaN,NaN
5216,4480.11,17878.01,0,0,0.0000
5217,4678.03,18478.93,0,0,0.0000
5218,4346.59,17861.51,0,0,0.0000
5219,4012.37,18131.43,0,0,0.0000
5220,4067.09,18084.20,0,0,0.0000
5221,4048.45,18009.33,0,0,0.0000
5222,4255.55,18013.86,0,0,0.0000
5223,4471.98,18048.19,NaN,NaN,NaN
5224,4331.97,18446.84,4,6,0.0000
5225,4225.65,18362.47,NaN,NaN,NaN
5226,4108.03,17795.50,0,0,0.0000
5227,4325.13,18024.40,2,3,0.0000
5228,4230.75,18221.24,0,0,0.0000
5229,4469.47,18210.45,NaN,NaN,NaN
5230,4224.05,18541.80,NaN,NaN,NaN
5231,4673.54,18284.18,0,0,0.0000
5232,4697.46,17954.19,NaN,NaN,NaN
5233,4366.08,18538.82,NaN,NaN,NaN
5234,4360.46,18604.33,NaN,NaN,NaN
5235,4643.34,17913.91,0,0,0.0000
5236,4234.58,18308.07,4,5,0.0000
5237,4444.52,18000.72,NaN,NaN,NaN
5238,4190.10,18291.50,0,0,0.0000
5239,4718.40,18407.01,0,0,0.0000
5240,4641.25,17978.71,0,0,0.0000
5241,4009.05,18230.04,NaN,NaN,NaN
5242,4691.11,18196.71,NaN,NaN,NaN
5243,4657.97,18619.76,0,0,0.0000
5244,4449.68,18638.87,2,4,2.0000
5245,4436.62,18269.80,3,4,0.0000
5246,4522.36,18654.24,2,3,0.0000
5247,4491.18,18411.73,4,5,0.0000
5248,4157.08,18354.99,0,0,0.0000
5249,4580.41,17936.46,0,0,0.0000
5250,4490.33,18515.25,NaN,NaN,NaN
5251,4536.45,18426.76,0,0,0.0000
5252,4605.94,18068.38,NaN,NaN,NaN
5253,4415.19,17843.63,0,0,0.0000
5254,4731.32,17935.81,NaN,NaN,NaN
5255,4641.30,18097.28,0,0,0.0000
5256,4492.14,18605.90,NaN,NaN,NaN
5257,4570.83,17992.00,NaN,NaN,NaN
5258,4145.98,18422.88,0,0,0.0000
5259,4161.42,18579.79,NaN,NaN,NaN
5260,4299.00,18602.76,2,4,2.0000
5261,4406.38,18218.45,0,0,0.0000
5262,4105.53,18335.55,0,0,0.0000
5263,4339.29,18090.75,0,0,0.0000
5264,4244.28,17849.76,0,0,0.0000
5265,4444.64,18582.22,0,0,0.0000
5266,4433.30,18459.90,0,0,0.0000
5267,4119.89,18133.46,0,0,0.0000
5268,4497.13,18553.50,0,0,0.0000
5269,4601.95,18129.73,0,0,0.0000
5270,4415.57,18056.90,3,3,0.0000
5271,4097.07,18299.01,0,0,0.0000
5272,4608.89,18480.76,0,0,0.0000
5273,4528.48,18060.29,0,0,0.0000
5274,4166.46,18048.73,0,0,0.0000
5275,3975.96,18314.97,0,0,0.0000
5276,4088.33,17859.13,0,0,0.0000
5277,4148.91,18085.15,0,0,0.0000
5278,4071.92,18247.05,0,0,0.0000
5279,5117.73,17969.87,0,0,0.0000
5280,5372.31,18392.37,0,0,0.0000
5281,4842.33,17974.86,0,0,0.0000
5282,5372.95,18029.69,NaN,NaN,NaN
5283,4823.51,17859.59,0,0,0.0000
5284,5198.97,18588.42,0,0,0.0000
5285,5357.78,18261.80,NaN,NaN,NaN
5286,4903.72,18440.64,0,0,0.0000
5287,4748.48,18536.41,NaN,NaN,NaN
5288,5139.79,17865.99,0,0,0.0000
5289,5259.08,18178.01,0,0,0.0000
5290,5048.12,18108.13,NaN,NaN,NaN
5291,5177.09,18108.04,0,0,0.0000
5292,4775.61,18202.27,0,0,0.0000
5293,5243.80,17950.29,0,0,0.0000
5294,4839.06,18189.76,0,0,0.0000
5295,5343.98,17832.84,0,0,0.0000
5296,5040.48,17833.85,0,0,0.0000
5297,5456.35,17848.98,NaN,NaN,NaN
5298,5417.41,18103.07,2,3,0.0000
5299,4954.21,18257.92,0,0,0.0000
5300,5046.65,18365.97,2,1,0.0000
5301,4843.48,18558.05,0,0,0.0000
5302,5491.50,18452.04,0,0,0.0000
5303,4923.58,17799.52,0,0,0.0000
5304,4979.97,18011.26,NaN,NaN,NaN
5305,4785.72,18443.52,0,0,0.0000
5306,4964.06,18088.27,2,3,0.0000
5307,5310.07,17903.50,0,0,0.0000
5308,4997.48,17930.02,0,0,0.0000
5309,5251.46,18057.45,0,0,0.0000
5310,5283.98,18322.63,0,0,0.0000
5311,5487.89,18624.78,NaN,NaN,NaN
5312,5230.73,18381.85,0,0,0.0000
5313,4901.78,18095.75,0,0,0.0000
5314,5392.37,17953.72,0,0,0.0000
5315,5438.99,18636.44,0,0,0.0000
5316,4814.90,18369.42,0,0,0.0000
5317,5032.39,18177.59,0,0,0.0000
5318,4950.13,17885.33,NaN,NaN,NaN
5319,4798.39,18066.00,0,0,0.0000
5320,5231.65,17815.93,0,0,0.0000
5321,5419.90,18493.20,0,0,0.0000
5322,5162.79,18198.92,0,0,0.0000
5323,5444.68,18241.84,0,0,0.0000
5324,5448.17,17909.31,NaN,NaN,NaN
5325,5142.09,18307.29,0,0,0.0000
5326,5219.90,18323.38,0,0,0.0000
5327,4872.76,18283.50,0,0,0.0000
5328,4748.34,18288.52,0,0,0.0000
5329,5121.16,18041.61,0,0,0.0000
5330,5055.81,18519.31,0,0,0.0000
5331,4913.43,18546.30,0,0,0.0000
5332,4937.94,18488.78,0,0,0.0000
5333,5255.60,18263.86,0,0,0.0000
5334,5077.02,18583.34,0,0,0.0000
5335,5446.09,18163.68,0,0,0.0000
5336,5366.77,18506.77,0,0,0.0000
5337,4893.06,18169.04,0,0,0.0000
5338,5132.81,18533.02,0,0,0.0000
5339,5174.16,18359.06,0,0,0.0000
5340,4976.75,18522.81,0,0,0.0000
5341,5252.94,18526.84,0,0,0.0000
5342,4948.54,18364.01,0,0,0.0000
5343,5006.65,18415.12,0,0,0.0000
5344,4959.23,18184.31,0,0,0.0000
5345,4994.27,18599.71,0,0,0.0000
5346,4913.50,17927.75,0,0,0.0000
5347,5158.73,17806.40,0,0,0.0000
5348,4806.81,18520.29,0,0,0.0000
5349,4869.16,18488.03,0,0,0.0000
5350,5476.89,18026.56,NaN,NaN,NaN
5351,5202.17,18248.80,0,0,0.0000
5352,5055.73,18289.76,0,0,0.0000
5353,4908.38,18377.86,0,0,0.0000
5354,4752.41,18340.73,0,0,0.0000
5355,4885.61,18349.29,0,0,0.0000
5356,5115.00,18272.28,0,0,0.0000
5357,5112.14,18138.63,0,0,0.0000
5358,5262.83,18455.25,0,0,0.0000
5359,5932.67,17910.84,NaN,NaN,NaN
5360,5532.88,18302.92,3,5,0.0000
5361,5567.38,18189.17,0,0,0.0000
5362,5635.74,17928.63,2,1,0.0000
5363,5709.73,17817.27,0,0,0.0000
5364,5767.12,18374.43,0,0,0.0000
5365,5996.11,18205.51,0,0,0.0000
5366,6183.19,17947.13,0,0,0.0000
5367,5816.93,17904.63,0,0,0.0000
5368,5746.53,18150.25,NaN,NaN,NaN
5369,5960.36,18061.81,0,0,0.0000
5370,6167.97,18155.42,0,0,0.0000
5371,6129.57,17835.19,2,2,0.0000
5372,5763.11,17952.10,0,0,0.0000
5373,6252.57,17923.44,0,0,0.0000
5374,5629.46,18457.78,0,0,0.0000
5375,5528.85,18097.19,0,0,0.0000
5376,5576.78,18532.65,0,0,0.0000
5377,5718.70,17930.92,0,0,0.0000
5378,5862.02,18308.27,0,0,0.0000
5379,5846.91,18058.19,0,0,0.0000
5380,6110.17,17948.80,0,0,0.0000
5381,5792.66,18259.82,NaN,NaN,NaN
5382,5678.74,18497.94,0,0,0.0000
5383,5537.64,17904.61,0,0,0.0000
5384,5996.31,18129.34,0,0,0.0000
5385,5601.08,18047.63,NaN,NaN,NaN
5386,6259.31,18107.00,0,0,0.0000
5387,5829.25,18445.47,0,0,0.0000
5388,5849.18,18511.07,0,0,0.0000
5389,5772.92,18318.28,0,0,0.0000
5390,5916.72,18161.48,0,0,0.0000
5391,5897.39,18006.65,0,0,0.0000
5392,5922.54,18508.85,0,0,0.0000
5393,5517.12,17969.89,0,0,0.0000
5394,5512.63,18039.75,NaN,NaN,NaN
5395,5876.75,18415.26,0,0,0.0000
5396,6255.28,18351.72,NaN,NaN,NaN
5397,6013.41,18311.45,0,0,0.0000
5398,5645.44,18083.10,0,0,0.0000
5399,6082.20,18316.90,0,0,0.0000
5400,5609.17,18002.24,0,0,0.0000
5401,5701.86,18559.84,0,0,0.0000
5402,5813.10,17809.81,0,0,0.0000
5403,5842.69,18173.36,0,0,0.0000
5404,5970.57,17836.90,NaN,NaN,NaN
5405,5515.36,18386.06,NaN,NaN,NaN
5406,5754.99,18474.62,0,0,0.0000
5407,5657.46,18247.14,0,0,0.0000
5408,6127.74,18344.10,0,0,0.0000
5409,5633.96,18371.95,NaN,NaN,NaN
5410,5980.65,18382.50,0,0,0.0000
5411,6014.99,18517.53,0,0,0.0000
5412,5828.32,17986.06,0,0,0.0000
5413,5658.75,18130.86,0,0,0.0000
5414,5602.47,18117.22,0,0,0.0000
5415,6207.14,17833.59,0,0,0.0000
5416,6200.38,18348.51,NaN,NaN,NaN
5417,5787.33,18037.69,0,0,0.0000
5418,5959.58,18343.26,0,0,0.0000
5419,5704.80,18092.47,NaN,NaN,NaN
5420,6059.77,17891.20,0,0,0.0000
5421,5984.00,18492.65,0,0,0.0000
5422,6088.04,18151.62,0,0,0.0000
5423,6146.99,18293.29,0,0,0.0000
5424,6014.99,18018.54,0,0,0.0000
5425,5924.71,18379.64,0,0,0.0000
5426,5708.19,18037.22,2,0,0.0000
5427,5893.82,18095.96,0,0,0.0000
5428,6043.80,18416.31,0,0,0.0000
5429,6053.44,18381.42,0,0,0.0000
5430,5842.29,18221.24,0,0,0.0000
5431,5743.02,18439.66,0,0,0.0000
5432,6195.57,18248.89,0,0,0.0000
5433,6109.50,18399.38,0,0,0.0000
5434,5613.41,18574.68,NaN,NaN,NaN
5435,6016.34,18267.79,0,0,0.0000
5436,6144.74,18074.69,0,0,0.0000
5437,6087.16,18025.30,0,0,0.0000
5438,6271.40,17994.33,0,0,0.0000
5439,5695.79,18240.42,0,0,0.0000
5440,5555.10,18597.66,2,3,0.0000
5441,6225.81,18025.79,0,0,0.0000
5442,6164.94,18408.88,0,0,0.0000
5443,6233.04,18261.21,0,0,0.0000
5444,5662.61,18177.37,0,0,0.0000
5445,6045.80,17959.92,0,0,0.0000
5446,6027.66,17915.15,NaN,NaN,NaN
5447,6055.75,18066.22,0,0,0.0000
5448,5989.45,18445.53,0,0,0.0000
5449,6202.01,18086.49,0,0,0.0000
5450,5928.12,18448.71,0,0,0.0000
5451,6262.95,18210.57,0,0,0.0000
5452,6082.40,18086.66,0,0,0.0000
5453,5871.15,17817.37,0,0,0.0000
5454,6224.38,17998.81,0,0,0.0000
5455,5959.83,17993.10,0,0,0.0000
5456,5608.89,18499.16,0,0,0.0000
5457,5984.69,18544.16,0,0,0.0000
5458,6144.75,18251.98,0,0,0.0000
5459,6128.65,18191.57,0,0,0.0000
5460,5891.77,18214.78,0,0,0.0000
5461,5690.24,18295.27,0,0,0.0000
5462,5906.63,17809.23,0,0,0.0000
5463,6073.66,18218.65,0,0,0.0000
5464,5693.73,18342.72,0,0,0.0000
5465,6669.16,17816.34,NaN,NaN,NaN
5466,6404.56,17996.08,0,0,0.0000
5467,6817.19,17866.61,0,0,0.0000
5468,6282.11,17837.11,0,0,0.0000
5469,6379.60,18241.34,0,0,0.0000
5470,6608.14,18174.15,0,0,0.0000
5471,6487.31,18223.55,NaN,NaN,NaN
5472,6427.87,17856.36,0,0,0.0000
5473,6733.99,18007.70,0,0,0.0000
5474,6611.24,17987.20,3,4,0.0000
5475,6367.70,17829.09,0,0,0.0000
5476,6288.51,18281.74,0,0,0.0000
5477,6505.56,17922.22,0,0,0.0000
5478,6373.82,18131.29,0,0,0.0000
5479,6696.61,17959.89,0,0,0.0000
5480,6523.49,17851.61,0,0,0.0000
5481,6458.61,18138.23,0,0,0.0000
5482,6357.60,17903.59,0,0,0.0000
5483,6405.62,18081.85,0,0,0.0000
5484,6573.25,17904.21,0,0,0.0000
5485,6481.61,17813.65,0,0,0.0000
5486,6902.31,17837.46,0,0,0.0000
5487,6881.33,17910.70,0,0,0.0000
5488,6288.40,18164.10,0,0,0.0000
5489,6293.97,18063.23,0,0,0.0000
5490,6553.30,18180.86,0,0,0.0000
5491,6868.35,17813.91,0,0,0.0000
5492,6758.10,17953.62,0,0,0.0000
5493,7769.59,18450.37,0,0,0.0000
5494,7674.03,18371.85,NaN,NaN,NaN
5495,7453.86,18005.97,NaN,NaN,NaN
5496,7368.98,18387.95,NaN,NaN,NaN
5497,7649.14,17995.50,2,2,0.0000
5498,7351.90,18102.76,NaN,NaN,NaN
5499,7747.82,17883.94,NaN,NaN,NaN
5500,7210.16,18463.41,0,0,0.0000
5501,7485.01,18132.16,NaN,NaN,NaN
5502,7328.18,17879.23,2,2,0.0000
5503,7771.43,18573.74,4,4,0.0000
5504,7294.75,17824.74,0,0,0.0000
5505,7306.97,18611.68,NaN,NaN,NaN
5506,7721.96,18049.26,NaN,NaN,NaN
5507,7459.66,18294.13,0,0,0.0000
5508,7622.81,17848.08,NaN,NaN,NaN
5509,7547.22,18403.40,NaN,NaN,NaN
5510,7623.64,18546.14,0,0,0.0000
5511,7482.77,17838.18,NaN,NaN,NaN
5512,7281.28,18128.94,0,0,0.0000
5513,7532.92,18564.60,NaN,NaN,NaN
5514,7677.52,18129.39,0,0,0.0000
5515,7787.39,17842.31,NaN,NaN,NaN
5516,7291.77,18069.15,0,0,0.0000
5517,7476.62,18494.23,0,0,0.0000
5518,7300.82,18288.86,0,0,0.0000
5519,7774.88,18353.34,0,0,0.0000
5520,7562.75,18337.32,2,4,2.0000
5521,7392.71,18602.27,NaN,NaN,NaN
5522,7530.22,17846.69,NaN,NaN,NaN
5523,7424.21,17923.38,4,3,0.0000
5524,7457.35,18579.17,NaN,NaN,NaN
5525,7638.52,18225.32,NaN,NaN,NaN
5526,7475.26,18235.32,0,0,0.0000
5527,7330.17,18472.56,0,0,0.0000
5528,7625.21,18077.07,0,0,0.0000
5529,7177.92,18560.38,2,1,0.0000
5530,7151.51,17802.68,0,0,0.0000
5531,7336.96,18264.38,0,0,0.0000
5532,7218.12,18525.24,0,0,0.0000
5533,7359.12,17971.98,0,0,0.0000
5534,7539.53,17944.38,0,0,0.0000
5535,7804.35,18001.82,NaN,NaN,NaN
5536,7380.38,18484.95,NaN,NaN,NaN
5537,7274.59,18563.24,NaN,NaN,NaN
5538,7523.97,18039.69,0,0,0.0000
5539,7453.32,18181.27,0,0,0.0000
5540,7225.54,18579.60,0,0,0.0000
5541,7100.52,17796.25,0,0,0.0000
5542,7247.48,18668.98,0,0,0.0000
5543,7730.19,18276.11,NaN,NaN,NaN
5544,7345.16,18547.40,NaN,NaN,NaN
5545,7381.76,17886.64,NaN,NaN,NaN
5546,7621.20,18302.09,NaN,NaN,NaN
5547,7221.85,17920.96,NaN,NaN,NaN
5548,7442.64,18446.37,0,0,0.0000
5549,7705.51,18234.13,0,0,0.0000
5550,7398.27,18333.91,NaN,NaN,NaN
5551,7468.36,18425.41,0,0,0.0000
5552,7745.15,17994.35,NaN,NaN,NaN
5553,7747.70,17948.59,0,0,0.0000
5554,7394.51,17982.59,NaN,NaN,NaN
5555,7260.10,18214.05,0,0,0.0000
5556,7415.66,18259.92,0,0,0.0000
5557,7580.04,17899.26,NaN,NaN,NaN
5558,7293.80,18493.06,0,0,0.0000
5559,7297.51,18355.23,0,0,0.0000
5560,7272.00,17993.27,0,0,0.0000
5561,7224.11,17837.73,0,0,0.0000
5562,7251.59,17974.85,0,0,0.0000
5563,7258.17,18413.14,0,0,0.0000
5564,8114.84,18334.54,2,1,0.0000
5565,7916.88,18054.57,2,3,0.0000
5566,8046.00,18177.87,NaN,NaN,NaN
5567,8143.03,17984.93,NaN,NaN,NaN
5568,7950.11,17868.23,4,4,0.0000
5569,8032.18,17898.14,NaN,NaN,NaN
5570,8115.51,18497.57,2,2,0.0000
5571,8063.97,18038.06,NaN,NaN,NaN
5572,7967.77,18540.96,NaN,NaN,NaN
5573,8533.53,18155.35,6,6,0.0000
5574,8022.90,18398.65,0,0,0.0000
5575,7918.11,17951.41,NaN,NaN,NaN
5576,7949.92,18398.74,0,0,0.0000
5577,8564.74,18299.34,NaN,NaN,NaN
5578,8211.56,18065.31,4,4,0.0000
5579,7837.33,17921.24,NaN,NaN,NaN
5580,8187.60,18393.45,NaN,NaN,NaN
5581,8073.83,17832.07,NaN,NaN,NaN
5582,8125.56,17867.67,2,1,0.0000
5583,7836.88,18246.73,0,0,0.0000
5584,7934.07,18295.53,0,0,0.0000
5585,8163.31,18228.25,NaN,NaN,NaN
5586,7848.97,18120.89,NaN,NaN,NaN
5587,8067.88,18543.27,0,0,0.0000
5588,7854.74,18562.75,0,0,0.0000
5589,8169.68,18529.58,NaN,NaN,NaN
5590,7898.75,18526.05,2,3,0.0000
5591,8564.72,18410.59,0,0,0.0000
5592,7883.21,18361.26,NaN,NaN,NaN
5593,7828.67,18333.12,0,0,0.0000
5594,8030.12,18614.36,0,0,0.0000
5595,8201.85,18632.42,0,0,0.0000
5596,8256.38,18027.74,3,4,0.0000
5597,8144.84,18427.06,0,0,0.0000
5598,7883.46,18303.62,0,0,0.0000
5599,8107.63,18624.61,0,0,0.0000
5600,7965.39,18197.90,0,0,0.0000
5601,8189.46,17930.52,2,1,0.0000
5602,8022.54,18508.98,2,4,2.0000
5603,8561.61,18058.95,NaN,NaN,NaN
5604,8559.67,18254.95,0,0,0.0000
5605,8118.81,18155.66,NaN,NaN,NaN
5606,7914.31,18465.19,2,4,2.0000
5607,8113.67,18088.80,NaN,NaN,NaN
5608,7812.20,18184.83,0,0,0.0000
5609,8180.25,18669.55,0,0,0.0000
5610,8020.63,18292.93,0,0,0.0000
5611,8156.85,18633.17,0,0,0.0000
5612,8563.96,18534.50,NaN,NaN,NaN
5613,8238.96,17885.60,3,3,0.0000
5614,8541.77,18568.86,0,0,0.0000
5615,8146.68,18085.38,3,3,0.0000
5616,8712.49,18420.33,2,2,0.0000
5617,8703.92,18612.42,NaN,NaN,NaN
5618,8832.16,18386.28,NaN,NaN,NaN
5619,8796.60,18611.18,2,2,0.0000
5620,8643.45,18516.36,0,0,0.0000
5621,8692.74,18299.32,0,0,0.0000
5622,8734.20,18244.48,NaN,NaN,NaN
5623,8780.17,18539.56,0,0,0.0000
5624,8638.32,18417.65,NaN,NaN,NaN
5625,8603.39,18343.62,NaN,NaN,NaN
5626,8696.20,18190.81,NaN,NaN,NaN
5627,8786.81,18386.85,NaN,NaN,NaN
5628,8812.75,18488.85,NaN,NaN,NaN
5629,8638.59,18209.51,NaN,NaN,NaN
5630,8592.21,18134.94,NaN,NaN,NaN
5631,8635.24,18144.37,NaN,NaN,NaN
5632,8579.67,18207.50,NaN,NaN,NaN
5633,8700.64,18138.14,NaN,NaN,NaN
5634,8600.24,18467.08,0,0,0.0000
5635,8645.51,18317.11,NaN,NaN,NaN
5636,9915.48,18288.06,0,0,0.0000
5637,9995.98,18433.15,NaN,NaN,NaN
5638,9939.45,18588.75,0,0,0.0000
5639,9993.78,18542.16,0,0,0.0000
5640,9746.72,18317.88,0,0,0.0000
5641,11423.51,18487.71,0,0,0.0000
5642,11615.31,18611.11,0,0,0.0000
5643,11574.45,18325.61,0,0,0.0000
5644,11567.96,18631.44,0,0,0.0000
5645,11344.36,18530.03,0,0,0.0000
5646,11475.92,18448.88,0,0,0.0000
5647,11522.98,18627.70,0,0,0.0000
5648,11624.27,18330.19,0,0,0.0000
5649,11491.84,18394.99,0,0,0.0000
5650,11527.44,18521.91,0,0,0.0000
5651,11525.49,18436.29,0,0,0.0000
5652,11515.30,18347.90,0,0,0.0000
5653,11542.61,18380.79,0,0,0.0000
5654,11472.66,18534.57,0,0,0.0000
5655,11532.18,18570.99,0,0,0.0000
5656,11658.14,18272.20,0,0,0.0000
5657,11971.76,18191.25,0,0,0.0000
5658,11865.93,18298.19,0,0,0.0000
5659,11724.93,18648.20,0,0,0.0000
5660,11738.74,18561.19,0,0,0.0000
5661,11745.89,18461.80,0,0,0.0000
5662,11781.52,18528.03,0,0,0.0000
5663,11685.98,18318.59,0,0,0.0000
5664,11726.17,18264.52,0,0,0.0000
5665,11814.18,18634.60,0,0,0.0000
5666,11764.91,18625.54,0,0,0.0000
5667,11831.63,18359.31,0,0,0.0000
5668,11786.16,18617.11,0,0,0.0000
5669,11717.34,18574.46,0,0,0.0000
5670,12042.79,18069.69,0,0,0.0000
5671,11778.48,18408.89,0,0,0.0000
5672,11734.14,18430.46,0,0,0.0000
5673,11829.22,18328.70,0,0,0.0000
5674,11847.34,18465.26,0,0,0.0000
5675,11858.38,18622.28,0,0,0.0000
5676,13874.41,18535.35,0,0,0.0000
5677,13772.61,18371.32,0,0,0.0000
5678,13937.46,18221.02,0,0,0.0000
5679,13836.48,18506.62,0,0,0.0000
5680,13787.73,18479.60,0,0,0.0000
5681,13909.20,18239.97,0,0,0.0000
5682,13806.55,18523.07,0,0,0.0000
5683,14018.96,18164.00,0,0,0.0000
5684,13973.07,18075.47,0,0,0.0000
5685,13982.28,18130.86,0,0,0.0000
5686,13960.44,18161.79,0,0,0.0000
