cell_id,centroid_x,centroid_y,reddot,blackdot,score
1,18075.07,6931.57,0,0,0.0000
2,18633.30,6998.48,0,0,0.0000
3,18425.70,7036.38,0,0,0.0000
4,18524.59,6957.14,0,0,0.0000
5,18565.12,6996.37,0,0,0.0000
6,18592.80,6938.14,0,0,0.0000
7,18411.66,6934.48,0,0,0.0000
8,18489.22,6911.59,0,0,0.0000
9,18657.32,6905.27,0,0,0.0000
10,7748.71,7739.86,0,0,0.0000
11,7321.58,7783.43,0,0,0.0000
12,7444.09,7722.45,0,0,0.0000
13,7388.95,7718.50,0,0,0.0000
14,7464.35,7778.12,0,0,0.0000
15,7688.94,7725.19,0,0,0.0000
16,7681.68,7440.36,0,0,0.0000
17,17781.88,7426.70,0,0,0.0000
18,17754.09,7551.50,0,0,0.0000
19,17770.89,7603.78,NaN,NaN,NaN
20,17713.48,7397.41,0,0,0.0000
21,18262.24,7437.76,NaN,NaN,NaN
22,18210.48,7582.87,2,3,0.0000
23,18321.03,7376.58,0,0,0.0000
24,18624.98,7412.29,0,0,0.0000
25,18437.87,7669.40,0,0,0.0000
26,18018.18,7654.45,0,0,0.0000
27,18366.03,7583.18,0,0,0.0000
28,17812.68,7487.99,0,0,0.0000
29,18467.73,7208.08,0,0,0.0000
30,18202.35,7724.35,0,0,0.0000
31,18352.13,7777.88,0,0,0.0000
32,18338.68,7668.98,0,0,0.0000
33,18568.30,7469.40,0,0,0.0000
34,17929.96,7458.42,0,0,0.0000
35,17986.54,7370.64,0,0,0.0000
36,18294.66,7232.98,0,0,0.0000
37,18261.21,7797.52,0,0,0.0000
38,17794.33,7645.54,0,0,0.0000
39,18048.92,7732.22,0,0,0.0000
40,18278.78,7723.33,0,0,0.0000
41,18110.77,7274.01,0,0,0.0000
42,18410.04,7490.02,0,0,0.0000
43,18600.91,7057.88,0,0,0.0000
44,18033.67,7462.24,0,0,0.0000
45,18627.04,7683.24,0,0,0.0000
46,18456.97,7566.21,0,0,0.0000
47,18613.86,7777.53,0,0,0.0000
48,18522.39,7640.07,0,0,0.0000
49,18547.15,7509.73,NaN,NaN,NaN
50,18119.44,7482.48,0,0,0.0000
51,18046.55,7561.25,0,0,0.0000
52,18570.00,7661.46,0,0,0.0000
53,18348.05,7258.69,0,0,0.0000
54,18088.31,7339.07,0,0,0.0000
55,18550.36,7578.38,NaN,NaN,NaN
56,17867.64,7657.01,0,0,0.0000
57,18076.33,7204.45,0,0,0.0000
58,18505.63,7105.15,0,0,0.0000
59,18475.73,7759.82,0,0,0.0000
60,17797.37,7357.29,0,0,0.0000
61,18527.23,7155.27,0,0,0.0000
62,18577.81,7718.70,0,0,0.0000
63,17834.16,7548.61,0,0,0.0000
64,18655.29,7785.92,0,0,0.0000
65,18161.82,7694.39,0,0,0.0000
66,17908.83,7541.21,0,0,0.0000
67,18102.81,7389.05,0,0,0.0000
68,18033.47,7226.47,0,0,0.0000
69,18209.52,7192.60,0,0,0.0000
70,17908.79,7615.94,0,0,0.0000
71,18017.91,7410.11,0,0,0.0000
72,18222.01,7253.84,0,0,0.0000
73,18092.32,7552.01,0,0,0.0000
74,18568.12,7113.66,0,0,0.0000
75,17876.32,7594.89,0,0,0.0000
76,18159.54,7181.48,0,0,0.0000
77,18131.06,7524.14,0,0,0.0000
78,17796.43,7318.14,0,0,0.0000
79,18567.96,7176.26,NaN,NaN,NaN
80,18373.98,7073.79,0,0,0.0000
81,17904.67,7125.80,0,0,0.0000
82,17942.63,7721.28,0,0,0.0000
83,18547.36,7067.81,0,0,0.0000
84,17931.92,7660.59,0,0,0.0000
85,17882.31,7340.01,0,0,0.0000
86,18594.97,7195.50,NaN,NaN,NaN
87,18427.49,7364.35,0,0,0.0000
88,18036.66,7303.66,0,0,0.0000
89,18637.23,7158.56,0,0,0.0000
90,17980.41,7447.76,0,0,0.0000
91,18414.31,7201.24,0,0,0.0000
92,18473.21,7077.17,0,0,0.0000
93,18131.60,7326.53,0,0,0.0000
94,18189.53,7306.26,0,0,0.0000
95,18206.23,7490.37,0,0,0.0000
96,18511.44,7723.73,0,0,0.0000
97,17937.16,7570.08,0,0,0.0000
98,18611.58,7149.57,NaN,NaN,NaN
99,18597.20,7581.84,0,0,0.0000
100,18002.44,7561.20,0,0,0.0000
101,18610.85,7536.17,0,0,0.0000
102,17951.62,7605.65,0,0,0.0000
103,7037.08,8493.39,0,0,0.0000
104,7309.75,8029.45,0,0,0.0000
105,7512.62,8048.00,0,0,0.0000
106,7585.62,8065.62,NaN,NaN,NaN
107,7503.10,7896.09,0,0,0.0000
108,7357.26,8321.67,0,0,0.0000
109,7671.23,7973.23,0,0,0.0000
110,7564.67,8186.81,0,0,0.0000
111,7555.03,8129.11,0,0,0.0000
112,7614.70,7927.06,0,0,0.0000
113,7580.98,7873.95,0,0,0.0000
114,7286.96,8204.55,0,0,0.0000
115,7355.27,8119.49,0,0,0.0000
116,7666.68,8062.53,0,0,0.0000
117,7379.80,8062.27,0,0,0.0000
118,7784.32,8043.55,0,0,0.0000
119,7355.46,8166.82,0,0,0.0000
120,7363.71,8254.69,0,0,0.0000
121,7441.41,8085.28,0,0,0.0000
122,7379.93,7998.01,0,0,0.0000
123,7506.67,7967.19,0,0,0.0000
124,7638.25,8153.94,0,0,0.0000
125,7045.85,8571.98,NaN,NaN,NaN
126,7535.86,7822.75,0,0,0.0000
127,7416.27,8029.41,0,0,0.0000
128,7490.26,7810.26,0,0,0.0000
129,7716.12,8001.13,0,0,0.0000
130,7450.87,7879.74,0,0,0.0000
131,7106.67,8542.55,0,0,0.0000
132,7790.50,7978.23,0,0,0.0000
133,7661.67,8132.00,0,0,0.0000
134,7724.32,7817.68,0,0,0.0000
135,7072.76,8508.76,0,0,0.0000
136,7690.03,8118.79,0,0,0.0000
137,7409.78,7953.09,0,0,0.0000
138,7727.60,7954.58,0,0,0.0000
139,7655.93,8017.55,0,0,0.0000
140,17432.54,8530.56,0,0,0.0000
141,17724.58,8454.69,0,0,0.0000
142,17683.82,8356.71,0,0,0.0000
143,17667.14,8573.62,0,0,0.0000
144,17738.36,8351.46,0,0,0.0000
145,17372.82,8541.43,0,0,0.0000
146,17611.46,8361.53,0,0,0.0000
147,17551.16,8452.01,0,0,0.0000
148,17668.74,8242.04,0,0,0.0000
149,17629.75,8263.55,0,0,0.0000
150,17512.94,8491.65,0,0,0.0000
151,17383.30,8454.90,0,0,0.0000
152,17779.59,8138.85,0,0,0.0000
153,17588.59,8234.35,0,0,0.0000
154,17626.62,8462.13,0,0,0.0000
155,17558.68,8406.31,0,0,0.0000
156,17725.19,7926.30,0,0,0.0000
157,17513.34,8335.81,0,0,0.0000
158,17729.28,8262.92,0,0,0.0000
159,17571.96,8328.67,NaN,NaN,NaN
160,17491.22,8561.46,0,0,0.0000
161,17487.16,8288.46,0,0,0.0000
162,17727.54,8161.53,0,0,0.0000
163,17558.66,8371.49,NaN,NaN,NaN
164,17748.15,8508.39,0,0,0.0000
165,17787.80,8195.25,0,0,0.0000
166,17647.53,8534.02,0,0,0.0000
167,17616.69,8313.84,0,0,0.0000
168,17687.11,7951.56,0,0,0.0000
169,17560.02,8560.06,0,0,0.0000
170,17462.42,8321.03,0,0,0.0000
171,17785.59,8227.18,0,0,0.0000
172,18065.67,7917.08,0,0,0.0000
173,18246.31,8053.37,0,0,0.0000
174,17880.86,8554.93,NaN,NaN,NaN
175,17877.33,8368.32,0,0,0.0000
176,17982.28,8417.58,0,0,0.0000
177,18010.08,8214.53,0,0,0.0000
178,17948.39,8048.86,NaN,NaN,NaN
179,18225.56,7941.01,0,0,0.0000
180,18101.39,8047.14,0,0,0.0000
181,18015.43,8477.94,0,0,0.0000
182,18483.07,7912.46,NaN,NaN,NaN
183,18096.21,8200.64,0,0,0.0000
184,17815.24,8462.60,0,0,0.0000
185,18103.91,8421.24,0,0,0.0000
186,18073.46,8509.20,0,0,0.0000
187,18185.98,7830.40,0,0,0.0000
188,18537.57,7868.19,0,0,0.0000
189,18178.57,8012.42,0,0,0.0000
190,18150.88,8103.61,0,0,0.0000
191,18058.50,8353.28,0,0,0.0000
192,17805.57,8366.25,0,0,0.0000
193,18063.65,7991.44,0,0,0.0000
194,18021.94,7830.54,0,0,0.0000
195,18460.09,7817.69,NaN,NaN,NaN
196,17887.80,8183.89,0,0,0.0000
197,18173.16,8559.61,0,0,0.0000
198,18081.46,8119.08,0,0,0.0000
199,17951.95,8339.63,0,0,0.0000
200,18143.79,8476.94,0,0,0.0000
201,18001.47,8056.25,0,0,0.0000
202,18099.35,8344.81,0,0,0.0000
203,17904.96,8477.49,0,0,0.0000
204,18164.52,8292.69,0,0,0.0000
205,18370.18,7954.83,0,0,0.0000
206,17841.07,8070.69,0,0,0.0000
207,18195.52,8532.46,0,0,0.0000
208,18646.10,7851.09,0,0,0.0000
209,18048.37,8292.79,0,0,0.0000
210,18143.37,8390.53,0,0,0.0000
211,17905.29,8427.59,0,0,0.0000
212,18574.26,8482.68,NaN,NaN,NaN
213,18319.48,8516.67,0,0,0.0000
214,18580.38,7888.37,0,0,0.0000
215,17944.49,8510.52,2,4,2.0000
216,17925.77,7889.14,0,0,0.0000
217,17848.75,8138.42,0,0,0.0000
218,17831.64,8111.27,0,0,0.0000
219,17874.81,8092.51,0,0,0.0000
220,17903.52,8263.51,0,0,0.0000
221,18359.93,8086.20,0,0,0.0000
222,18188.51,8449.10,0,0,0.0000
223,18380.46,8546.33,0,0,0.0000
224,18134.51,8517.07,0,0,0.0000
225,17852.03,8317.71,0,0,0.0000
226,18023.58,8279.67,0,0,0.0000
227,18360.37,7842.20,0,0,0.0000
228,18306.92,8555.14,0,0,0.0000
229,17834.56,8239.00,0,0,0.0000
230,18578.05,8561.36,0,0,0.0000
231,18415.80,7858.04,0,0,0.0000
232,7019.88,9260.02,NaN,NaN,NaN
233,6982.94,9186.48,0,0,0.0000
234,6929.79,9213.44,0,0,0.0000
235,7029.74,9127.77,0,0,0.0000
236,7360.97,9139.13,0,0,0.0000
237,7578.49,9100.42,0,0,0.0000
238,7503.87,9103.62,0,0,0.0000
239,7272.12,9075.77,0,0,0.0000
240,7080.59,9306.51,NaN,NaN,NaN
241,7111.75,9218.28,NaN,NaN,NaN
242,7484.50,9211.72,0,0,0.0000
243,7701.15,9257.32,0,0,0.0000
244,7442.30,9304.67,0,0,0.0000
245,7568.06,9236.82,NaN,NaN,NaN
246,7232.43,9205.29,0,0,0.0000
247,7306.34,9212.96,0,0,0.0000
248,7417.15,9224.60,0,0,0.0000
249,7252.99,8592.55,0,0,0.0000
250,7245.80,9271.95,0,0,0.0000
251,7207.05,8591.78,0,0,0.0000
252,7049.61,9179.84,0,0,0.0000
253,7638.40,9079.97,0,0,0.0000
254,7158.21,8598.79,0,0,0.0000
255,7175.75,9068.71,0,0,0.0000
256,7223.38,9326.90,0,0,0.0000
257,7120.67,8694.21,0,0,0.0000
258,7435.88,9051.31,0,0,0.0000
259,7609.60,9197.91,0,0,0.0000
260,7314.01,9275.01,0,0,0.0000
261,7221.48,9137.53,0,0,0.0000
262,7180.42,9179.20,0,0,0.0000
263,7250.02,8651.75,0,0,0.0000
264,7074.21,9105.98,0,0,0.0000
265,7668.82,9191.28,NaN,NaN,NaN
266,7566.21,9297.96,0,0,0.0000
267,7224.32,9024.53,0,0,0.0000
268,7381.51,9310.83,0,0,0.0000
269,7107.13,9059.55,0,0,0.0000
270,7181.16,9301.67,0,0,0.0000
271,7144.84,9178.31,0,0,0.0000
272,7496.82,9262.87,0,0,0.0000
273,7607.75,9276.34,NaN,NaN,NaN
274,7758.95,9288.61,0,0,0.0000
275,7176.67,9264.81,0,0,0.0000
276,7179.71,9232.64,0,0,0.0000
277,7563.19,9021.48,0,0,0.0000
278,7352.20,9059.72,0,0,0.0000
279,7132.53,9115.88,0,0,0.0000
280,7862.55,9202.35,0,0,0.0000
281,7987.17,9339.40,0,0,0.0000
282,7816.95,9193.31,0,0,0.0000
283,17017.62,8934.91,0,0,0.0000
284,16543.04,9267.52,0,0,0.0000
285,16752.20,9297.55,0,0,0.0000
286,16963.50,8981.19,0,0,0.0000
287,17001.76,9064.78,0,0,0.0000
288,16494.46,9216.17,0,0,0.0000
289,16900.94,9225.67,0,0,0.0000
290,16747.86,9213.42,0,0,0.0000
291,16418.06,9273.07,0,0,0.0000
292,16989.03,8737.54,0,0,0.0000
293,16734.98,9092.12,0,0,0.0000
294,16651.42,9207.96,0,0,0.0000
295,16738.97,9158.40,0,0,0.0000
296,16643.41,9159.47,0,0,0.0000
297,16836.12,9140.08,0,0,0.0000
298,16771.98,9095.30,0,0,0.0000
299,16720.07,8845.12,0,0,0.0000
300,16660.69,9262.21,0,0,0.0000
301,16699.67,9051.64,0,0,0.0000
302,16717.28,8957.73,0,0,0.0000
303,16456.71,9227.48,0,0,0.0000
304,16889.27,9290.41,0,0,0.0000
305,16723.84,8910.34,0,0,0.0000
306,16424.30,9121.01,0,0,0.0000
307,16850.34,9254.31,0,0,0.0000
308,16919.72,8790.70,0,0,0.0000
309,16813.62,9218.38,0,0,0.0000
310,16717.69,9006.27,0,0,0.0000
311,16947.00,8773.12,0,0,0.0000
312,16605.89,8991.54,0,0,0.0000
313,16440.08,9164.35,0,0,0.0000
314,16964.90,8754.83,0,0,0.0000
315,16465.44,9304.79,0,0,0.0000
316,16877.46,9060.02,0,0,0.0000
317,17748.64,8719.78,0,0,0.0000
318,17584.89,8604.56,0,0,0.0000
319,17463.26,8856.65,0,0,0.0000
320,17501.78,8984.68,NaN,NaN,NaN
321,17743.14,9227.57,0,0,0.0000
322,17087.60,9251.80,0,0,0.0000
323,17466.08,9241.54,0,0,0.0000
324,17302.37,9328.65,0,0,0.0000
325,17719.86,8908.81,0,0,0.0000
326,17624.28,9097.62,0,0,0.0000
327,17245.70,8917.86,0,0,0.0000
328,17657.06,8705.07,0,0,0.0000
329,17505.42,9112.54,0,0,0.0000
330,17566.80,8784.41,0,0,0.0000
331,17725.89,8576.88,0,0,0.0000
332,17553.45,9146.88,0,0,0.0000
333,17301.03,8981.04,0,0,0.0000
334,17661.24,9300.86,0,0,0.0000
335,17610.82,9333.87,0,0,0.0000
336,17535.12,9253.92,0,0,0.0000
337,17584.94,9021.69,0,0,0.0000
338,17723.20,9133.10,0,0,0.0000
339,17044.46,8833.91,0,0,0.0000
340,17494.76,8904.99,NaN,NaN,NaN
341,17340.02,8745.66,0,0,0.0000
342,17312.38,8671.39,0,0,0.0000
343,17726.17,8647.23,0,0,0.0000
344,17653.76,8862.99,0,0,0.0000
345,17783.17,9115.11,0,0,0.0000
346,17379.99,8812.91,0,0,0.0000
347,17462.20,8702.64,0,0,0.0000
348,17245.63,8843.77,0,0,0.0000
349,17585.07,9194.68,0,0,0.0000
350,17699.18,9039.48,0,0,0.0000
351,17675.47,9098.62,0,0,0.0000
352,17322.83,8816.82,0,0,0.0000
353,17420.93,9175.79,0,0,0.0000
354,17656.10,9211.68,0,0,0.0000
355,17033.48,9197.85,0,0,0.0000
356,17511.09,8605.13,0,0,0.0000
357,17369.57,8605.49,0,0,0.0000
358,17338.38,9033.54,0,0,0.0000
359,17049.07,9018.64,0,0,0.0000
360,17378.11,8998.35,0,0,0.0000
361,17121.07,9076.51,0,0,0.0000
362,17313.24,9097.40,0,0,0.0000
363,17379.35,8664.97,0,0,0.0000
364,17429.19,8990.93,2,3,0.0000
365,17760.79,8786.85,0,0,0.0000
366,17091.21,9131.88,0,0,0.0000
367,17285.27,8809.86,0,0,0.0000
368,17055.46,9305.80,0,0,0.0000
369,17324.68,8910.57,0,0,0.0000
370,17750.28,8968.66,0,0,0.0000
371,17191.27,8955.09,0,0,0.0000
372,17199.59,9018.87,0,0,0.0000
373,17616.24,8682.71,0,0,0.0000
374,17118.22,9124.57,0,0,0.0000
375,17280.91,8739.74,0,0,0.0000
376,17398.91,8968.39,0,0,0.0000
377,17181.36,9070.39,0,0,0.0000
378,17107.53,9329.20,0,0,0.0000
379,17779.22,8895.28,0,0,0.0000
380,17663.65,8968.99,0,0,0.0000
381,17307.26,8707.38,0,0,0.0000
382,17453.15,8771.36,0,0,0.0000
383,17357.87,9074.33,0,0,0.0000
384,17463.48,8611.82,0,0,0.0000
385,17385.49,8759.51,0,0,0.0000
386,17419.77,8687.71,0,0,0.0000
387,17938.81,8642.28,0,0,0.0000
388,18132.17,8706.85,NaN,NaN,NaN
389,17817.20,9009.44,0,0,0.0000
390,17947.64,8904.66,0,0,0.0000
391,18110.79,8979.66,0,0,0.0000
392,17858.55,9309.57,0,0,0.0000
393,17839.05,8668.67,0,0,0.0000
394,18010.18,8778.82,0,0,0.0000
395,18125.61,8849.46,0,0,0.0000
396,17953.24,9138.21,0,0,0.0000
397,18223.81,8739.55,0,0,0.0000
398,17941.80,9278.53,0,0,0.0000
399,18335.44,8857.65,0,0,0.0000
400,18226.68,8983.15,0,0,0.0000
401,18018.20,8673.40,0,0,0.0000
402,17919.37,8801.00,0,0,0.0000
403,18113.85,8578.90,0,0,0.0000
404,18096.42,9197.89,NaN,NaN,NaN
405,18408.34,8797.88,0,0,0.0000
406,18345.51,9055.99,0,0,0.0000
407,18433.64,9157.76,0,0,0.0000
408,18397.26,8693.47,0,0,0.0000
409,18286.88,9013.34,0,0,0.0000
410,18218.47,8875.19,0,0,0.0000
411,18004.90,8964.36,0,0,0.0000
412,18048.22,9107.61,0,0,0.0000
413,18262.24,8654.51,0,0,0.0000
414,18007.40,9291.73,0,0,0.0000
415,18395.94,8906.56,0,0,0.0000
416,18473.09,8718.60,0,0,0.0000
417,18140.31,9095.91,0,0,0.0000
418,18572.46,8948.05,0,0,0.0000
419,18268.65,9155.80,0,0,0.0000
420,18464.52,8828.02,0,0,0.0000
421,17801.98,9326.31,0,0,0.0000
422,18054.13,8875.28,0,0,0.0000
423,18236.25,9308.88,0,0,0.0000
424,18323.71,8701.16,0,0,0.0000
425,18515.10,8788.71,0,0,0.0000
426,18614.88,9018.86,0,0,0.0000
427,17894.79,9231.62,0,0,0.0000
428,17992.53,9049.81,0,0,0.0000
429,17801.13,8596.07,0,0,0.0000
430,18180.38,8963.24,0,0,0.0000
431,18606.25,8861.22,0,0,0.0000
432,18446.58,8633.15,0,0,0.0000
433,17856.80,9200.62,NaN,NaN,NaN
434,18276.94,8776.19,0,0,0.0000
435,18387.52,9257.34,0,0,0.0000
436,17812.04,8816.83,0,0,0.0000
437,18060.32,8705.71,0,0,0.0000
438,18440.66,8956.48,0,0,0.0000
439,18494.21,9046.28,0,0,0.0000
440,18543.96,9013.14,0,0,0.0000
441,18653.56,8828.85,0,0,0.0000
442,18507.72,9108.60,0,0,0.0000
443,18044.75,8576.11,0,0,0.0000
444,18420.04,9002.51,NaN,NaN,NaN
445,18163.05,9216.69,0,0,0.0000
446,18359.42,9308.54,0,0,0.0000
447,18391.39,8608.74,0,0,0.0000
448,18565.25,8640.51,0,0,0.0000
449,18339.77,8967.28,0,0,0.0000
450,18555.70,8842.61,2,2,0.0000
451,17887.93,9035.73,0,0,0.0000
452,18540.25,9120.12,0,0,0.0000
453,18415.00,9047.35,0,0,0.0000
454,18560.66,8696.45,0,0,0.0000
455,18189.46,9281.80,0,0,0.0000
456,18520.00,8590.21,0,0,0.0000
457,18532.94,8646.99,0,0,0.0000
458,18464.52,8890.07,0,0,0.0000
459,18488.34,8983.97,0,0,0.0000
460,18613.40,8766.55,0,0,0.0000
461,18580.70,9058.24,0,0,0.0000
462,18343.36,9272.26,0,0,0.0000
463,18233.01,9104.81,0,0,0.0000
464,17862.08,8788.36,0,0,0.0000
465,18477.66,8600.16,0,0,0.0000
466,17853.19,8871.02,0,0,0.0000
467,18508.36,8909.22,NaN,NaN,NaN
468,18293.48,8881.26,0,0,0.0000
469,18261.51,8920.16,0,0,0.0000
470,18209.58,9181.33,0,0,0.0000
471,18505.78,8627.84,0,0,0.0000
472,18206.79,8640.60,0,0,0.0000
473,18613.19,8723.84,0,0,0.0000
474,18592.28,8686.68,0,0,0.0000
475,18511.94,8678.98,0,0,0.0000
476,18331.91,8629.15,0,0,0.0000
477,18349.07,9168.99,0,0,0.0000
478,18262.50,9244.87,0,0,0.0000
479,18378.64,9209.36,0,0,0.0000
480,6702.47,9549.10,0,0,0.0000
481,6762.90,9592.55,0,0,0.0000
482,6859.46,9544.74,0,0,0.0000
483,7011.90,9581.46,0,0,0.0000
484,6991.18,9719.21,0,0,0.0000
485,6773.40,9410.77,0,0,0.0000
486,6969.26,9638.53,0,0,0.0000
487,6838.48,9438.32,0,0,0.0000
488,6688.11,9446.48,0,0,0.0000
489,6791.60,9486.92,0,0,0.0000
490,6909.70,9688.47,0,0,0.0000
491,6815.05,9401.74,0,0,0.0000
492,6711.79,9615.04,0,0,0.0000
493,6721.92,9346.08,0,0,0.0000
494,6921.52,9555.00,0,0,0.0000
495,6662.29,9639.58,0,0,0.0000
496,6790.02,9453.28,0,0,0.0000
497,6841.54,9493.88,0,0,0.0000
498,7027.33,9643.96,0,0,0.0000
499,6671.55,9398.71,0,0,0.0000
500,6536.21,9726.50,0,0,0.0000
501,7022.53,9792.44,0,0,0.0000
502,7291.51,9707.36,0,0,0.0000
503,7368.11,9455.30,0,0,0.0000
504,7431.65,9502.06,0,0,0.0000
505,7794.83,9730.10,0,0,0.0000
506,7725.22,10042.35,0,0,0.0000
507,7160.20,9594.93,0,0,0.0000
508,7547.90,9468.78,NaN,NaN,NaN
509,7087.52,9742.80,0,0,0.0000
510,7466.81,9564.27,0,0,0.0000
511,7805.91,9951.45,0,0,0.0000
512,7323.35,9397.85,0,0,0.0000
513,7468.51,9381.89,0,0,0.0000
514,7803.22,9617.18,0,0,0.0000
515,7281.29,9442.20,0,0,0.0000
516,7543.42,9581.27,0,0,0.0000
517,7069.81,9684.48,0,0,0.0000
518,7362.58,9557.84,0,0,0.0000
519,7416.21,9635.89,0,0,0.0000
520,7252.35,9520.83,0,0,0.0000
521,7382.34,9364.79,0,0,0.0000
522,7382.07,10079.49,0,0,0.0000
523,7169.79,9352.28,0,0,0.0000
524,7497.39,9493.86,NaN,NaN,NaN
525,7327.88,9605.69,0,0,0.0000
526,7210.57,9534.12,0,0,0.0000
527,7060.39,9593.44,0,0,0.0000
528,7327.86,10064.26,0,0,0.0000
529,7086.25,9606.74,0,0,0.0000
530,7778.08,9918.19,0,0,0.0000
531,7187.65,9502.07,0,0,0.0000
532,7493.39,9428.59,0,0,0.0000
533,7593.58,9382.55,0,0,0.0000
534,7136.36,9363.92,0,0,0.0000
535,7720.34,10096.55,0,0,0.0000
536,7436.17,9421.03,0,0,0.0000
537,7186.06,9722.03,0,0,0.0000
538,7166.25,9765.97,0,0,0.0000
539,7419.74,10044.31,0,0,0.0000
540,7675.16,10073.65,0,0,0.0000
541,7379.23,10018.77,0,0,0.0000
542,7057.80,9785.01,0,0,0.0000
543,7727.27,9982.02,0,0,0.0000
544,7886.84,9808.76,0,0,0.0000
545,7903.08,9928.69,0,0,0.0000
546,8193.28,9890.97,0,0,0.0000
547,7903.00,10010.73,0,0,0.0000
548,8052.53,9997.28,0,0,0.0000
549,7932.49,9883.92,0,0,0.0000
550,8280.16,10079.00,0,0,0.0000
551,7849.74,10068.68,0,0,0.0000
552,7997.48,9475.75,0,0,0.0000
553,7889.37,9657.98,0,0,0.0000
554,8205.87,9954.07,0,0,0.0000
555,8039.50,9544.16,0,0,0.0000
556,7918.87,9734.36,0,0,0.0000
557,8027.04,9664.78,0,0,0.0000
558,8014.56,10050.32,0,0,0.0000
559,8222.54,9850.65,0,0,0.0000
560,8159.26,9825.67,0,0,0.0000
561,7962.48,9677.83,0,0,0.0000
562,7892.54,9408.41,0,0,0.0000
563,8021.30,9930.35,0,0,0.0000
564,7989.67,9545.87,0,0,0.0000
565,7966.83,9844.70,0,0,0.0000
566,7992.19,9400.28,0,0,0.0000
567,8126.51,9921.77,0,0,0.0000
568,8196.53,10021.54,0,0,0.0000
569,8062.37,10087.33,NaN,NaN,NaN
570,8209.23,10076.50,0,0,0.0000
571,8289.20,9879.65,0,0,0.0000
572,7855.57,9739.21,0,0,0.0000
573,8261.52,9935.17,0,0,0.0000
574,7941.35,9515.68,0,0,0.0000
575,7950.53,9628.87,0,0,0.0000
576,7912.79,9570.30,0,0,0.0000
577,7903.61,9518.86,0,0,0.0000
578,7847.97,9880.94,0,0,0.0000
579,8449.29,9951.05,0,0,0.0000
580,8187.20,9781.94,0,0,0.0000
581,7993.31,9772.63,0,0,0.0000
582,7973.25,9966.36,0,0,0.0000
583,7847.28,9345.90,0,0,0.0000
584,7949.03,9578.12,0,0,0.0000
585,7972.12,10054.23,0,0,0.0000
586,8080.34,9575.00,0,0,0.0000
587,8005.28,9712.33,0,0,0.0000
588,8275.87,9977.81,0,0,0.0000
589,8274.26,10016.38,0,0,0.0000
590,16162.77,9597.22,0,0,0.0000
591,16171.75,9541.06,0,0,0.0000
592,16243.52,9851.83,0,0,0.0000
593,15814.92,10059.62,0,0,0.0000
594,16200.26,9674.69,0,0,0.0000
595,16206.61,9912.44,0,0,0.0000
596,15636.26,10093.69,0,0,0.0000
597,16252.25,9345.67,0,0,0.0000
598,16233.91,9793.05,NaN,NaN,NaN
599,15766.59,10096.50,0,0,0.0000
600,16208.03,9730.07,0,0,0.0000
601,15641.35,10029.40,0,0,0.0000
602,16237.24,9955.44,0,0,0.0000
603,16603.63,9344.22,0,0,0.0000
604,16514.72,9851.42,0,0,0.0000
605,16775.09,9870.74,0,0,0.0000
606,16783.75,9757.69,0,0,0.0000
607,16501.31,9754.64,0,0,0.0000
608,16336.48,9919.20,0,0,0.0000
609,16784.43,9561.45,0,0,0.0000
610,16804.98,9670.47,0,0,0.0000
611,16509.75,9411.31,0,0,0.0000
612,16637.55,9434.04,0,0,0.0000
613,16691.70,10037.78,0,0,0.0000
614,16456.60,9970.06,0,0,0.0000
615,16799.73,9966.89,0,0,0.0000
616,16547.58,9621.96,0,0,0.0000
617,17018.34,9664.36,0,0,0.0000
618,16507.00,9563.55,0,0,0.0000
619,16660.21,9606.84,0,0,0.0000
620,16912.60,9734.64,0,0,0.0000
621,16440.01,9816.52,0,0,0.0000
622,16584.80,10028.19,NaN,NaN,NaN
623,16579.47,9768.89,0,0,0.0000
624,16950.46,9900.61,0,0,0.0000
625,16724.57,9698.35,0,0,0.0000
626,16902.06,9957.65,0,0,0.0000
627,16707.37,9641.87,0,0,0.0000
628,16685.36,9861.19,0,0,0.0000
629,16762.46,10026.31,0,0,0.0000
630,16625.45,10106.39,0,0,0.0000
631,16696.14,9957.64,0,0,0.0000
632,16261.87,9921.97,0,0,0.0000
633,16855.67,9859.45,0,0,0.0000
634,16436.18,9888.15,0,0,0.0000
635,16550.63,9921.96,0,0,0.0000
636,16859.34,9803.76,0,0,0.0000
637,16507.35,10055.91,0,0,0.0000
638,16833.31,10047.46,0,0,0.0000
639,16510.90,9981.47,0,0,0.0000
640,16745.76,9482.36,0,0,0.0000
641,16823.21,9526.05,0,0,0.0000
642,16870.98,9447.09,0,0,0.0000
643,16934.88,10005.06,0,0,0.0000
644,16916.53,9559.12,0,0,0.0000
645,16613.87,9616.02,0,0,0.0000
646,16451.62,10036.00,0,0,0.0000
647,16862.52,9597.59,0,0,0.0000
648,16642.97,9912.64,0,0,0.0000
649,16784.64,9433.40,0,0,0.0000
650,16450.21,9695.62,0,0,0.0000
651,16571.14,9532.99,0,0,0.0000
652,16428.04,9747.96,0,0,0.0000
653,16988.96,9575.78,0,0,0.0000
654,16950.38,9634.67,0,0,0.0000
655,17011.38,9858.00,0,0,0.0000
656,16641.73,9726.77,0,0,0.0000
657,16683.28,9803.97,0,0,0.0000
658,16714.31,9361.02,0,0,0.0000
659,16621.80,9986.30,0,0,0.0000
660,16612.75,9829.67,0,0,0.0000
661,16686.65,9460.43,0,0,0.0000
662,16527.02,9347.39,0,0,0.0000
663,16601.62,9929.61,0,0,0.0000
664,16648.67,10041.41,0,0,0.0000
665,16647.64,9962.68,0,0,0.0000
666,16870.22,9522.19,0,0,0.0000
667,16562.73,9687.54,0,0,0.0000
668,16858.72,9904.66,0,0,0.0000
669,16564.81,9960.61,0,0,0.0000
670,16741.10,9937.77,0,0,0.0000
671,16398.67,9894.14,0,0,0.0000
672,16607.18,9700.02,0,0,0.0000
673,16979.40,9946.65,0,0,0.0000
674,16439.82,9584.71,0,0,0.0000
675,16577.13,10111.23,0,0,0.0000
676,17004.80,9522.82,0,0,0.0000
677,17020.09,9484.04,0,0,0.0000
678,16471.65,9620.72,0,0,0.0000
679,17783.35,9854.86,0,0,0.0000
680,17661.71,9553.24,0,0,0.0000
681,17513.88,9819.58,0,0,0.0000
682,17493.48,9716.34,0,0,0.0000
683,17572.08,9705.10,0,0,0.0000
684,17425.85,9949.06,0,0,0.0000
685,17555.67,9384.66,0,0,0.0000
686,17641.23,9433.36,0,0,0.0000
687,17729.81,9964.69,0,0,0.0000
688,17522.50,9482.01,0,0,0.0000
689,17380.45,9626.90,0,0,0.0000
690,17708.31,10091.11,0,0,0.0000
691,17261.88,9778.42,0,0,0.0000
692,17549.17,9562.01,0,0,0.0000
693,17725.48,9738.20,0,0,0.0000
694,17469.41,9418.44,0,0,0.0000
695,17750.72,9546.22,0,0,0.0000
696,17570.20,9816.16,0,0,0.0000
697,17663.51,9670.25,0,0,0.0000
698,17343.20,9564.50,0,0,0.0000
699,17291.95,9448.20,0,0,0.0000
700,17587.88,10067.80,0,0,0.0000
701,17425.70,9667.77,0,0,0.0000
702,17581.75,9616.25,0,0,0.0000
703,17605.61,9770.44,0,0,0.0000
704,17042.47,9412.01,0,0,0.0000
705,17494.45,9628.92,0,0,0.0000
706,17773.14,10004.74,0,0,0.0000
707,17715.50,9632.78,0,0,0.0000
708,17411.63,9453.89,0,0,0.0000
709,17346.56,9797.31,0,0,0.0000
710,17388.89,9360.42,0,0,0.0000
711,17385.37,9997.05,0,0,0.0000
712,17479.64,9980.87,0,0,0.0000
713,17644.79,9754.89,0,0,0.0000
714,17409.53,10092.68,0,0,0.0000
715,17202.68,9820.21,0,0,0.0000
716,17338.37,9496.78,NaN,NaN,NaN
717,17540.42,10014.17,0,0,0.0000
718,17401.07,9831.26,0,0,0.0000
719,17618.93,10017.88,0,0,0.0000
720,17501.05,10061.90,0,0,0.0000
721,17487.71,9350.64,0,0,0.0000
722,17350.13,9377.91,NaN,NaN,NaN
723,17049.68,9562.72,0,0,0.0000
724,17390.10,9894.66,0,0,0.0000
725,17326.76,9661.78,0,0,0.0000
726,17315.89,9713.11,0,0,0.0000
727,17361.83,9932.27,0,0,0.0000
728,17658.44,9850.61,0,0,0.0000
729,17565.03,9896.74,0,0,0.0000
730,17248.03,9689.41,0,0,0.0000
731,17368.84,9720.57,0,0,0.0000
732,17599.99,9865.69,0,0,0.0000
733,17065.12,9496.88,0,0,0.0000
734,17474.31,9883.62,0,0,0.0000
735,17680.06,9988.36,0,0,0.0000
736,17438.54,9392.35,0,0,0.0000
737,17239.28,9729.85,0,0,0.0000
738,17664.79,9941.43,0,0,0.0000
739,17604.37,9503.96,NaN,NaN,NaN
740,17439.68,9558.49,0,0,0.0000
741,17700.02,9821.05,0,0,0.0000
742,17729.17,9452.42,0,0,0.0000
743,17047.48,9836.41,0,0,0.0000
744,17301.33,9639.61,0,0,0.0000
745,17315.56,9929.34,0,0,0.0000
746,17444.83,10042.67,0,0,0.0000
747,17538.90,10067.06,0,0,0.0000
748,17300.44,9903.46,0,0,0.0000
749,17096.00,9368.51,0,0,0.0000
750,17784.13,9478.38,0,0,0.0000
751,17293.12,9518.91,0,0,0.0000
752,17840.79,10039.01,0,0,0.0000
753,17850.52,9494.16,0,0,0.0000
754,18246.55,9989.77,0,0,0.0000
755,17922.46,9689.31,0,0,0.0000
756,18243.01,9754.71,0,0,0.0000
757,17964.26,9956.98,0,0,0.0000
758,17935.83,9867.28,0,0,0.0000
759,18112.89,9735.71,0,0,0.0000
760,18023.45,9880.33,0,0,0.0000
761,17961.06,9762.76,0,0,0.0000
762,17990.47,9381.98,0,0,0.0000
763,18139.55,9522.03,0,0,0.0000
764,18211.21,9421.34,0,0,0.0000
765,18104.94,9866.71,0,0,0.0000
766,17926.98,9386.32,0,0,0.0000
767,18120.15,10002.91,0,0,0.0000
768,17947.51,10046.65,0,0,0.0000
769,17966.79,9493.69,0,0,0.0000
770,18041.42,9417.76,0,0,0.0000
771,18276.68,9443.86,0,0,0.0000
772,18120.01,9427.69,0,0,0.0000
773,17882.19,9945.45,0,0,0.0000
774,18314.89,10044.90,NaN,NaN,NaN
775,18026.47,10052.01,0,0,0.0000
776,18069.03,9788.03,0,0,0.0000
777,18071.35,9610.38,0,0,0.0000
778,17846.22,9732.08,0,0,0.0000
779,18194.70,9959.98,0,0,0.0000
780,17884.94,9422.76,0,0,0.0000
781,18126.44,9354.55,0,0,0.0000
782,18226.14,9842.06,0,0,0.0000
783,17822.09,9624.48,0,0,0.0000
784,18320.15,9610.58,0,0,0.0000
785,18201.21,9595.87,0,0,0.0000
786,18113.88,10111.27,0,0,0.0000
787,18183.29,10036.85,0,0,0.0000
788,18311.98,9935.60,0,0,0.0000
789,18162.89,9824.68,0,0,0.0000
790,18309.48,9866.06,0,0,0.0000
791,17801.56,9764.07,0,0,0.0000
792,18162.24,9874.21,0,0,0.0000
793,18199.89,9521.56,0,0,0.0000
794,18019.21,9537.06,0,0,0.0000
795,18343.99,9693.70,0,0,0.0000
796,18283.36,9565.83,0,0,0.0000
797,18317.14,9741.89,0,0,0.0000
798,18337.51,9562.43,0,0,0.0000
799,17884.55,9887.80,0,0,0.0000
800,18022.79,9612.04,0,0,0.0000
801,18353.07,9828.54,0,0,0.0000
802,17915.68,9602.91,0,0,0.0000
803,18080.85,9939.23,0,0,0.0000
804,18107.22,10079.33,0,0,0.0000
805,18081.96,10037.81,0,0,0.0000
806,18063.92,9358.21,0,0,0.0000
807,18314.68,9364.33,0,0,0.0000
808,18000.01,9806.97,0,0,0.0000
809,18375.87,9740.04,0,0,0.0000
810,18159.34,9938.39,0,0,0.0000
811,18019.20,9470.87,0,0,0.0000
812,6149.88,10585.48,0,0,0.0000
813,6232.00,10753.59,0,0,0.0000
814,6165.94,10755.86,0,0,0.0000
815,6243.46,10653.12,0,0,0.0000
816,5988.82,10860.12,0,0,0.0000
817,5931.41,10835.66,0,0,0.0000
818,6222.92,10583.48,0,0,0.0000
819,6066.83,10723.71,0,0,0.0000
820,6135.08,10788.74,0,0,0.0000
821,6101.53,10812.95,0,0,0.0000
822,6182.72,10527.15,NaN,NaN,NaN
823,6125.65,10323.39,0,0,0.0000
824,5956.27,10355.37,0,0,0.0000
825,6104.19,10664.89,0,0,0.0000
826,6101.27,10560.23,0,0,0.0000
827,5969.92,10811.28,0,0,0.0000
828,6075.09,10621.70,0,0,0.0000
829,6096.98,10615.11,0,0,0.0000
830,5887.55,10848.14,0,0,0.0000
831,6347.46,10566.96,0,0,0.0000
832,6447.01,10593.58,0,0,0.0000
833,6688.72,10664.84,0,0,0.0000
834,6513.94,10701.32,0,0,0.0000
835,6566.37,10518.12,0,0,0.0000
836,6717.76,10506.81,0,0,0.0000
837,6463.05,10663.74,0,0,0.0000
838,6550.06,10601.63,0,0,0.0000
839,6636.99,10402.79,0,0,0.0000
840,6770.99,10475.08,0,0,0.0000
841,6509.61,10799.76,0,0,0.0000
842,6705.68,10391.79,0,0,0.0000
843,6465.60,10430.38,0,0,0.0000
844,6386.46,10708.22,0,0,0.0000
845,6790.31,10679.21,0,0,0.0000
846,6600.50,10748.04,0,0,0.0000
847,6665.71,10336.20,0,0,0.0000
848,6581.42,10467.81,0,0,0.0000
849,6331.97,10834.47,0,0,0.0000
850,6511.32,10533.02,0,0,0.0000
851,6517.00,10434.19,0,0,0.0000
852,6320.99,10739.16,0,0,0.0000
853,6274.91,10718.27,0,0,0.0000
854,6603.22,10692.30,0,0,0.0000
855,6560.25,10417.60,0,0,0.0000
856,6619.97,10430.60,0,0,0.0000
857,6801.27,10339.83,0,0,0.0000
858,6460.02,10800.23,0,0,0.0000
859,6602.15,10632.03,0,0,0.0000
860,6447.71,10487.31,0,0,0.0000
861,6491.13,10490.82,0,0,0.0000
862,6656.27,10599.72,0,0,0.0000
863,6612.52,10275.63,0,0,0.0000
864,6617.83,10534.63,0,0,0.0000
865,6848.64,10502.65,0,0,0.0000
866,6331.15,10688.66,0,0,0.0000
867,6628.19,10459.77,0,0,0.0000
868,7734.90,10176.11,0,0,0.0000
869,7372.03,10362.10,0,0,0.0000
870,7253.00,10296.31,0,0,0.0000
871,7211.70,10368.66,0,0,0.0000
872,7221.06,10483.92,0,0,0.0000
873,7694.80,10839.22,0,0,0.0000
874,7633.78,10435.86,0,0,0.0000
875,7228.40,10555.37,0,0,0.0000
876,7743.28,10322.60,0,0,0.0000
877,7462.37,10460.08,0,0,0.0000
878,7276.60,10164.13,0,0,0.0000
879,7776.02,10395.00,0,0,0.0000
880,7636.36,10378.63,0,0,0.0000
881,7686.20,10309.01,0,0,0.0000
882,7100.37,10311.23,0,0,0.0000
883,7322.37,10368.51,0,0,0.0000
884,7560.31,10481.42,0,0,0.0000
885,7221.91,10247.76,0,0,0.0000
886,7436.47,10498.35,0,0,0.0000
887,7799.43,10213.39,0,0,0.0000
888,7296.69,10300.15,0,0,0.0000
889,7080.16,10241.23,0,0,0.0000
890,7315.42,10525.93,0,0,0.0000
891,7607.55,10569.88,0,0,0.0000
892,7298.28,10571.08,0,0,0.0000
893,7740.30,10272.20,0,0,0.0000
894,7238.78,10169.46,0,0,0.0000
895,7183.41,10412.34,0,0,0.0000
896,7417.38,10575.05,0,0,0.0000
897,7183.58,10513.42,0,0,0.0000
898,7313.93,10126.73,0,0,0.0000
899,7653.18,10233.39,0,0,0.0000
900,7349.52,10174.53,0,0,0.0000
901,8007.14,10377.21,0,0,0.0000
902,7961.32,10164.29,0,0,0.0000
903,8266.66,10492.94,0,0,0.0000
904,8381.53,10391.92,0,0,0.0000
905,7965.23,10318.22,0,0,0.0000
906,7890.55,10399.36,0,0,0.0000
907,8304.71,10706.79,0,0,0.0000
908,7916.58,10262.05,0,0,0.0000
909,8170.84,10477.20,0,0,0.0000
910,8383.07,10551.42,0,0,0.0000
911,8224.57,10573.47,0,0,0.0000
912,8361.28,10466.69,0,0,0.0000
913,8135.19,10556.62,0,0,0.0000
914,7870.13,10252.64,0,0,0.0000
915,8092.00,10475.99,0,0,0.0000
916,8435.96,10452.31,0,0,0.0000
917,8119.87,10147.49,0,0,0.0000
918,8419.17,10717.35,0,0,0.0000
919,7843.62,10301.82,0,0,0.0000
920,8445.74,10354.62,0,0,0.0000
921,8307.13,10124.70,0,0,0.0000
922,8430.01,10562.26,0,0,0.0000
923,8168.73,10168.17,0,0,0.0000
924,8039.96,10522.43,0,0,0.0000
925,8195.11,10424.00,0,0,0.0000
926,8274.55,10554.79,0,0,0.0000
927,7810.51,10152.00,0,0,0.0000
928,8309.68,10584.35,0,0,0.0000
929,8073.04,10418.79,0,0,0.0000
930,8321.10,10627.90,0,0,0.0000
931,8485.38,10350.94,0,0,0.0000
932,7889.35,10166.51,0,0,0.0000
933,8432.14,10634.90,0,0,0.0000
934,8297.83,10448.03,0,0,0.0000
935,8247.20,10420.86,0,0,0.0000
936,8075.63,10557.76,0,0,0.0000
937,8484.27,10610.07,0,0,0.0000
938,16000.82,10863.18,0,0,0.0000
939,15924.07,10368.13,0,0,0.0000
940,15899.58,10806.38,0,0,0.0000
941,15797.70,10453.12,0,0,0.0000
942,15703.19,10377.72,0,0,0.0000
943,15917.38,10310.42,0,0,0.0000
944,16175.49,10791.97,0,0,0.0000
945,15992.07,10703.37,0,0,0.0000
946,15754.87,10247.59,0,0,0.0000
947,15960.38,10476.77,0,0,0.0000
948,15916.28,10502.97,0,0,0.0000
949,15978.59,10299.72,0,0,0.0000
950,15873.41,10595.41,0,0,0.0000
951,15722.86,10766.02,0,0,0.0000
952,15886.78,10738.02,0,0,0.0000
953,15730.13,10507.65,0,0,0.0000
954,15923.85,10570.12,0,0,0.0000
955,15725.52,10446.12,0,0,0.0000
956,15793.70,10324.09,0,0,0.0000
957,16075.86,10813.72,NaN,NaN,NaN
958,15818.21,10743.59,0,0,0.0000
959,15817.01,10832.49,0,0,0.0000
960,15871.04,10468.16,0,0,0.0000
961,15847.95,10386.38,0,0,0.0000
962,16083.87,10523.51,0,0,0.0000
963,15824.14,10687.65,0,0,0.0000
964,16027.04,10238.57,0,0,0.0000
965,15762.32,10391.08,0,0,0.0000
966,16079.50,10655.77,0,0,0.0000
967,15720.21,10320.74,0,0,0.0000
968,15987.26,10555.36,0,0,0.0000
969,15987.17,10450.88,0,0,0.0000
970,15994.12,10367.20,0,0,0.0000
971,16035.32,10443.58,0,0,0.0000
972,15983.61,10772.47,0,0,0.0000
973,16037.06,10378.86,0,0,0.0000
974,16047.64,10490.56,0,0,0.0000
975,15638.87,10143.03,0,0,0.0000
976,16029.63,10312.32,0,0,0.0000
977,16134.08,10543.31,0,0,0.0000
978,15726.23,10565.34,0,0,0.0000
979,16905.37,10817.18,0,0,0.0000
980,16722.78,10208.91,0,0,0.0000
981,16910.31,10614.64,0,0,0.0000
982,16820.61,10811.28,0,0,0.0000
983,16678.72,10121.70,0,0,0.0000
984,16885.49,10734.20,0,0,0.0000
985,16953.03,10520.15,0,0,0.0000
986,16880.00,10876.31,0,0,0.0000
987,16805.67,10126.99,0,0,0.0000
988,16889.46,10684.65,0,0,0.0000
989,16901.91,10502.64,0,0,0.0000
990,16937.28,10329.14,0,0,0.0000
991,16881.95,10453.50,0,0,0.0000
992,16847.55,10618.21,0,0,0.0000
993,16920.16,10568.82,0,0,0.0000
994,16336.72,10827.83,0,0,0.0000
995,16908.17,10662.25,0,0,0.0000
996,16939.38,10459.56,0,0,0.0000
997,16748.40,10539.86,0,0,0.0000
998,17718.41,10219.73,NaN,NaN,NaN
999,17533.48,10118.10,0,0,0.0000
1000,17621.38,10133.26,0,0,0.0000
1001,17547.14,10184.07,0,0,0.0000
1002,17552.29,10249.44,NaN,NaN,NaN
1003,17642.11,10187.30,0,0,0.0000
1004,17708.74,10434.17,0,0,0.0000
1005,17778.26,10162.25,0,0,0.0000
1006,17780.37,10278.91,0,0,0.0000
1007,17784.36,10226.12,0,0,0.0000
1008,17735.05,10376.10,NaN,NaN,NaN
1009,17685.53,10365.28,0,0,0.0000
1010,17759.33,10344.16,0,0,0.0000
1011,17025.78,10591.25,0,0,0.0000
1012,17487.32,10140.11,0,0,0.0000
1013,17783.77,10466.45,0,0,0.0000
1014,17466.37,10182.93,0,0,0.0000
1015,17665.82,10253.14,NaN,NaN,NaN
1016,17764.48,10568.64,0,0,0.0000
1017,17588.35,10294.11,0,0,0.0000
1018,17055.66,10509.42,0,0,0.0000
1019,17690.21,10319.55,NaN,NaN,NaN
1020,17721.04,10505.28,0,0,0.0000
1021,17777.98,10529.04,0,0,0.0000
1022,17885.67,10393.18,0,0,0.0000
1023,18071.79,10571.75,0,0,0.0000
1024,17990.88,10556.52,0,0,0.0000
1025,18277.74,10554.22,0,0,0.0000
1026,18057.67,10258.82,0,0,0.0000
1027,17869.42,10188.41,0,0,0.0000
1028,18097.69,10460.69,0,0,0.0000
1029,18200.72,10701.05,0,0,0.0000
1030,18147.65,10226.07,0,0,0.0000
1031,17815.03,10398.80,0,0,0.0000
1032,17933.82,10507.33,0,0,0.0000
1033,18149.34,10727.76,0,0,0.0000
1034,18319.52,10705.31,0,0,0.0000
1035,18251.98,10803.01,0,0,0.0000
1036,18150.84,10573.33,0,0,0.0000
1037,18061.59,10722.18,NaN,NaN,NaN
1038,18354.04,10809.55,0,0,0.0000
1039,17999.36,10311.94,0,0,0.0000
1040,18054.70,10370.42,0,0,0.0000
1041,18108.39,10794.89,0,0,0.0000
1042,18012.00,10818.58,0,0,0.0000
1043,18109.00,10179.89,0,0,0.0000
1044,18271.55,10297.50,0,0,0.0000
1045,18315.44,10853.85,0,0,0.0000
1046,18272.24,10467.21,0,0,0.0000
1047,18224.10,10613.63,0,0,0.0000
1048,18594.49,10806.08,0,0,0.0000
1049,18062.21,10823.02,0,0,0.0000
1050,18172.62,10127.63,0,0,0.0000
1051,17894.62,10699.04,0,0,0.0000
1052,17816.89,10522.28,0,0,0.0000
1053,17847.64,10264.80,0,0,0.0000
1054,18573.59,10842.99,0,0,0.0000
1055,18219.42,10243.32,0,0,0.0000
1056,18201.44,10368.49,0,0,0.0000
1057,17793.15,10623.34,0,0,0.0000
1058,18259.59,10402.95,0,0,0.0000
1059,18022.65,10409.90,0,0,0.0000
1060,17907.58,10131.53,0,0,0.0000
1061,17893.53,10612.41,0,0,0.0000
1062,18113.79,10112.80,0,0,0.0000
1063,18256.75,10203.98,0,0,0.0000
1064,17944.59,10732.01,0,0,0.0000
1065,18147.84,10416.18,0,0,0.0000
1066,18014.66,10749.30,0,0,0.0000
1067,17953.81,10315.51,0,0,0.0000
1068,18282.57,10241.71,0,0,0.0000
1069,18265.04,10127.35,0,0,0.0000
1070,17977.03,10427.92,0,0,0.0000
1071,18154.21,10806.53,0,0,0.0000
1072,17851.68,10118.89,0,0,0.0000
1073,18292.81,10162.78,0,0,0.0000
1074,18272.47,10362.62,0,0,0.0000
1075,17849.77,10560.36,0,0,0.0000
1076,17924.33,10247.18,0,0,0.0000
1077,17995.82,10116.86,0,0,0.0000
1078,18166.64,10303.42,0,0,0.0000
1079,17968.97,10619.77,0,0,0.0000
1080,18273.24,10748.53,0,0,0.0000
1081,18335.97,10588.51,0,0,0.0000
1082,18266.79,10666.07,0,0,0.0000
1083,17999.52,10701.99,0,0,0.0000
1084,6023.73,11576.22,0,0,0.0000
1085,6104.35,11640.99,NaN,NaN,NaN
1086,6001.72,11442.96,0,0,0.0000
1087,5968.54,11320.58,0,0,0.0000
1088,6228.71,10954.19,0,0,0.0000
1089,6065.35,11505.94,0,0,0.0000
1090,6089.05,11324.32,0,0,0.0000
1091,6130.56,10980.32,0,0,0.0000
1092,5959.60,11028.02,NaN,NaN,NaN
1093,6086.30,11415.06,0,0,0.0000
1094,5881.46,11509.51,0,0,0.0000
1095,6154.11,11521.79,0,0,0.0000
1096,6253.12,11409.85,0,0,0.0000
1097,6206.80,11337.60,0,0,0.0000
1098,6206.07,11541.78,0,0,0.0000
1099,5888.10,11415.98,0,0,0.0000
1100,6134.93,11470.14,0,0,0.0000
1101,5806.40,11510.97,0,0,0.0000
1102,6026.75,11330.57,0,0,0.0000
1103,5699.75,11598.75,0,0,0.0000
1104,6174.10,11627.09,NaN,NaN,NaN
1105,5934.67,11535.00,0,0,0.0000
1106,5966.20,11126.46,0,0,0.0000
1107,5948.47,11442.56,0,0,0.0000
1108,5933.64,11080.27,0,0,0.0000
1109,5883.47,11570.26,0,0,0.0000
1110,5750.15,11587.13,0,0,0.0000
1111,6020.04,11634.69,0,0,0.0000
1112,5998.44,10987.93,0,0,0.0000
1113,5926.84,10965.81,0,0,0.0000
1114,6149.90,11354.97,0,0,0.0000
1115,5718.41,11580.16,0,0,0.0000
1116,5815.20,11547.49,0,0,0.0000
1117,6166.91,11432.56,0,0,0.0000
1118,6220.47,11624.03,NaN,NaN,NaN
1119,5781.09,11614.16,0,0,0.0000
1120,5796.56,11468.78,0,0,0.0000
1121,5832.51,11619.96,0,0,0.0000
1122,5966.09,10938.11,0,0,0.0000
1123,6111.87,11273.44,0,0,0.0000
1124,6056.92,11376.41,0,0,0.0000
1125,6236.42,11373.20,0,0,0.0000
1126,6345.43,11528.34,0,0,0.0000
1127,6481.33,11369.19,0,0,0.0000
1128,6588.18,11575.47,0,0,0.0000
1129,6477.22,11162.71,0,0,0.0000
1130,6545.80,11323.45,NaN,NaN,NaN
1131,6535.37,11422.83,NaN,NaN,NaN
1132,6472.88,11576.10,0,0,0.0000
1133,6360.69,11201.04,0,0,0.0000
1134,6442.46,11405.18,0,0,0.0000
1135,6631.44,11358.09,0,0,0.0000
1136,6389.79,11139.22,0,0,0.0000
1137,6603.70,11292.09,NaN,NaN,NaN
1138,6346.59,11453.33,0,0,0.0000
1139,6426.96,11094.47,0,0,0.0000
1140,6358.54,11327.53,0,0,0.0000
1141,6292.80,11368.00,0,0,0.0000
1142,6593.47,11518.71,NaN,NaN,NaN
1143,6643.32,11534.01,0,0,0.0000
1144,6291.96,11470.65,0,0,0.0000
1145,6614.09,11632.90,0,0,0.0000
1146,6387.58,11394.39,0,0,0.0000
1147,6683.02,11520.07,0,0,0.0000
1148,7611.25,11564.50,0,0,0.0000
1149,7502.42,11636.32,0,0,0.0000
1150,7549.98,11508.15,0,0,0.0000
1151,7510.10,11391.46,NaN,NaN,NaN
1152,7687.16,11477.59,0,0,0.0000
1153,7141.05,11035.61,0,0,0.0000
1154,7705.08,10959.98,0,0,0.0000
1155,7458.28,11534.78,0,0,0.0000
1156,7548.98,11455.28,0,0,0.0000
1157,7765.86,10897.28,0,0,0.0000
1158,7775.61,10971.33,0,0,0.0000
1159,7651.86,11601.54,0,0,0.0000
1160,7114.28,11451.70,0,0,0.0000
1161,7357.78,11312.95,0,0,0.0000
1162,7183.42,11063.68,0,0,0.0000
1163,7397.55,11265.10,0,0,0.0000
1164,7540.34,11558.82,0,0,0.0000
1165,7693.05,11419.43,0,0,0.0000
1166,7442.03,11629.36,0,0,0.0000
1167,7626.57,11057.67,0,0,0.0000
1168,7143.50,11153.62,0,0,0.0000
1169,7715.42,11395.36,0,0,0.0000
1170,7591.21,11389.89,0,0,0.0000
1171,7560.24,11624.40,0,0,0.0000
1172,7134.33,11489.94,0,0,0.0000
1173,7647.11,11423.24,0,0,0.0000
1174,7288.45,11349.90,0,0,0.0000
1175,7633.47,11375.84,0,0,0.0000
1176,7502.27,11569.80,0,0,0.0000
1177,7121.60,11104.58,0,0,0.0000
1178,7333.51,11268.56,0,0,0.0000
1179,7683.81,11540.86,0,0,0.0000
1180,7601.07,11425.29,0,0,0.0000
1181,7062.23,11334.57,0,0,0.0000
1182,7656.86,11081.88,0,0,0.0000
1183,7141.23,11124.31,0,0,0.0000
1184,7206.43,11003.75,0,0,0.0000
1185,7786.61,11539.73,0,0,0.0000
1186,7143.33,11184.38,0,0,0.0000
1187,7086.72,11366.02,0,0,0.0000
1188,8234.79,11646.94,0,0,0.0000
1189,7875.37,11021.39,0,0,0.0000
1190,8028.74,11187.63,0,0,0.0000
1191,8124.56,11516.79,0,0,0.0000
1192,8037.90,11275.33,0,0,0.0000
1193,7932.57,11184.60,0,0,0.0000
1194,8115.58,11248.40,0,0,0.0000
1195,8044.98,11612.58,0,0,0.0000
1196,7906.06,11330.77,0,0,0.0000
1197,8101.69,11625.38,0,0,0.0000
1198,7952.69,11246.16,0,0,0.0000
1199,8214.92,11202.90,0,0,0.0000
1200,8186.62,11421.23,0,0,0.0000
1201,8240.47,11274.00,0,0,0.0000
1202,8076.32,11134.87,0,0,0.0000
1203,8172.69,11183.42,0,0,0.0000
1204,7841.48,11482.32,0,0,0.0000
1205,8194.56,11283.54,0,0,0.0000
1206,7935.42,10970.08,0,0,0.0000
1207,7837.79,11529.92,0,0,0.0000
1208,8325.73,11634.51,0,0,0.0000
1209,8273.51,11221.53,0,0,0.0000
1210,8165.04,11320.20,0,0,0.0000
1211,8093.55,11578.04,0,0,0.0000
1212,7976.55,11561.74,NaN,NaN,NaN
1213,8230.47,11328.98,0,0,0.0000
1214,7939.27,11309.92,0,0,0.0000
1215,8008.97,11368.16,0,0,0.0000
1216,7979.94,11303.65,0,0,0.0000
1217,8228.79,11443.01,0,0,0.0000
1218,8182.40,11372.85,0,0,0.0000
1219,8054.47,11361.24,0,0,0.0000
1220,8307.88,11600.46,0,0,0.0000
1221,8025.36,11557.55,0,0,0.0000
1222,8068.29,11093.90,0,0,0.0000
1223,7950.01,11024.75,0,0,0.0000
1224,9132.22,11336.26,0,0,0.0000
1225,9085.84,11240.80,0,0,0.0000
1226,8951.20,11469.79,0,0,0.0000
1227,8891.38,11236.01,0,0,0.0000
1228,9083.16,11412.20,0,0,0.0000
1229,8907.49,11582.38,0,0,0.0000
1230,9156.45,11584.31,0,0,0.0000
1231,8902.79,11396.86,0,0,0.0000
1232,8985.06,11306.28,0,0,0.0000
1233,9148.75,11154.97,0,0,0.0000
1234,9012.21,11492.70,0,0,0.0000
1235,9279.89,11552.02,0,0,0.0000
1236,8840.70,11447.47,0,0,0.0000
1237,8977.86,11198.04,0,0,0.0000
1238,8808.81,11219.31,0,0,0.0000
1239,9332.48,11433.02,0,0,0.0000
1240,8746.99,11498.09,0,0,0.0000
1241,9055.17,11601.91,0,0,0.0000
1242,9072.72,11509.66,0,0,0.0000
1243,9248.24,11461.78,0,0,0.0000
1244,8659.98,11570.73,0,0,0.0000
1245,8616.37,11519.31,NaN,NaN,NaN
1246,9229.99,11333.17,0,0,0.0000
1247,9183.33,11247.79,0,0,0.0000
1248,8584.19,11540.63,NaN,NaN,NaN
1249,9262.57,11256.46,0,0,0.0000
1250,8779.61,11635.87,0,0,0.0000
1251,8682.82,11503.43,0,0,0.0000
1252,8831.39,11595.53,0,0,0.0000
1253,9088.55,11557.55,0,0,0.0000
1254,9003.64,11369.26,0,0,0.0000
1255,9222.31,11410.05,0,0,0.0000
1256,9176.92,11640.97,0,0,0.0000
1257,9176.55,11440.99,0,0,0.0000
1258,8730.70,11611.98,0,0,0.0000
1259,9309.65,11311.76,0,0,0.0000
1260,8875.16,11479.84,0,0,0.0000
1261,8938.03,11641.53,0,0,0.0000
1262,9282.43,11341.01,0,0,0.0000
1263,8586.70,11454.56,0,0,0.0000
1264,9283.74,11481.43,0,0,0.0000
1265,8780.30,11465.78,0,0,0.0000
1266,8629.67,11461.22,0,0,0.0000
1267,8695.33,11569.94,0,0,0.0000
1268,9314.16,11607.59,0,0,0.0000
1269,8802.50,11275.01,0,0,0.0000
1270,9303.04,11383.94,0,0,0.0000
1271,9263.81,11423.21,0,0,0.0000
1272,8780.31,11589.77,0,0,0.0000
1273,8825.28,11505.02,0,0,0.0000
1274,8784.85,11550.64,0,0,0.0000
1275,9378.70,11603.52,0,0,0.0000
1276,9473.20,11503.02,0,0,0.0000
1277,9431.90,11327.42,0,0,0.0000
1278,9501.44,11396.47,0,0,0.0000
1279,9504.12,11342.21,0,0,0.0000
1280,9389.20,11432.81,0,0,0.0000
1281,9556.78,11273.72,0,0,0.0000
1282,9363.68,11538.36,0,0,0.0000
1283,9611.53,11345.88,0,0,0.0000
1284,9580.91,11382.67,0,0,0.0000
1285,9498.91,11295.67,0,0,0.0000
1286,9604.12,11289.25,0,0,0.0000
1287,9354.30,11512.52,0,0,0.0000
1288,9643.14,11297.28,0,0,0.0000
1289,9547.38,11073.92,0,0,0.0000
1290,9749.98,11297.14,0,0,0.0000
1291,9638.62,11486.20,0,0,0.0000
1292,9574.28,11331.27,0,0,0.0000
1293,9766.60,11275.05,0,0,0.0000
1294,11327.15,11537.20,NaN,NaN,NaN
1295,11222.23,11587.05,0,0,0.0000
1296,11531.00,11619.39,0,0,0.0000
1297,11627.07,11506.25,0,0,0.0000
1298,11178.46,11593.57,2,2,0.0000
1299,11480.69,11556.91,NaN,NaN,NaN
1300,11469.57,11476.69,0,0,0.0000
1301,12415.48,11535.59,0,0,0.0000
1302,12294.49,11622.84,0,0,0.0000
1303,12081.21,11110.61,0,0,0.0000
1304,12350.74,11571.26,0,0,0.0000
1305,12172.98,11604.64,0,0,0.0000
1306,12211.78,11635.71,0,0,0.0000
1307,11892.35,11275.53,0,0,0.0000
1308,11949.92,11239.47,0,0,0.0000
1309,12290.22,11538.98,0,0,0.0000
1310,11969.47,11041.01,0,0,0.0000
1311,12039.87,11154.23,0,0,0.0000
1312,12251.75,11644.58,0,0,0.0000
1313,12027.20,11078.53,0,0,0.0000
1314,12158.94,11156.29,0,0,0.0000
1315,11965.13,11011.65,0,0,0.0000
1316,12435.49,11646.30,0,0,0.0000
1317,12568.45,11638.29,NaN,NaN,NaN
1318,16109.08,10966.78,0,0,0.0000
1319,16119.66,11116.23,0,0,0.0000
1320,15758.34,11176.93,0,0,0.0000
1321,15973.87,11097.49,0,0,0.0000
1322,16060.31,11018.44,0,0,0.0000
1323,16202.81,11382.50,0,0,0.0000
1324,15796.23,10937.45,0,0,0.0000
1325,15855.61,10959.19,0,0,0.0000
1326,15982.27,10980.84,0,0,0.0000
1327,16208.92,10948.05,0,0,0.0000
1328,16237.14,11052.72,0,0,0.0000
1329,15968.07,10925.75,0,0,0.0000
1330,15870.18,10913.10,0,0,0.0000
1331,15933.93,10947.85,0,0,0.0000
1332,15793.17,10886.98,0,0,0.0000
1333,15730.06,11247.37,0,0,0.0000
1334,15904.99,10929.95,0,0,0.0000
1335,15913.99,11040.06,0,0,0.0000
1336,15835.56,10880.19,0,0,0.0000
1337,16027.89,11111.50,0,0,0.0000
1338,16245.46,10904.72,0,0,0.0000
1339,16997.05,11419.56,0,0,0.0000
1340,16931.99,11158.48,0,0,0.0000
1341,16749.58,11277.30,0,0,0.0000
1342,16331.75,11017.91,0,0,0.0000
1343,16834.26,11614.52,0,0,0.0000
1344,16961.19,11007.94,0,0,0.0000
1345,16871.86,11498.17,0,0,0.0000
1346,16917.70,10936.54,0,0,0.0000
1347,16921.37,11366.87,0,0,0.0000
1348,16752.24,11187.36,0,0,0.0000
1349,16908.80,11302.71,0,0,0.0000
1350,16868.41,11015.57,0,0,0.0000
1351,16833.78,11161.85,0,0,0.0000
1352,16553.26,11124.68,0,0,0.0000
1353,16767.22,11388.31,0,0,0.0000
1354,16848.98,11301.53,0,0,0.0000
1355,16987.32,11067.68,0,0,0.0000
1356,16444.99,11174.66,0,0,0.0000
1357,16776.97,11484.46,0,0,0.0000
1358,16938.30,11548.36,0,0,0.0000
1359,16995.44,10942.38,0,0,0.0000
1360,16497.02,10976.09,0,0,0.0000
1361,16662.04,11025.37,0,0,0.0000
1362,16921.40,11228.47,0,0,0.0000
1363,16643.89,11105.01,0,0,0.0000
1364,16819.68,11460.96,0,0,0.0000
1365,16833.84,10962.22,0,0,0.0000
1366,16794.84,11528.13,0,0,0.0000
1367,16299.34,11064.58,0,0,0.0000
1368,16830.89,10906.83,0,0,0.0000
1369,16880.39,11086.00,0,0,0.0000
1370,16585.37,11050.85,0,0,0.0000
1371,16687.77,11221.51,0,0,0.0000
1372,16258.74,10977.60,0,0,0.0000
1373,16920.22,11473.78,0,0,0.0000
1374,16482.14,11077.14,0,0,0.0000
1375,16628.74,11310.70,0,0,0.0000
1376,16996.05,11599.91,0,0,0.0000
1377,16612.50,11521.78,0,0,0.0000
1378,16870.91,11220.12,0,0,0.0000
1379,16807.35,11223.24,0,0,0.0000
1380,16808.14,10988.03,0,0,0.0000
1381,16637.71,11420.44,0,0,0.0000
1382,16982.63,11268.96,0,0,0.0000
1383,16868.44,11382.54,0,0,0.0000
1384,16959.24,11591.08,0,0,0.0000
1385,16795.14,11145.57,0,0,0.0000
1386,16901.48,11623.56,0,0,0.0000
1387,16826.53,11371.31,0,0,0.0000
1388,16924.30,11645.11,0,0,0.0000
1389,16653.88,11161.52,0,0,0.0000
1390,16701.00,11079.93,0,0,0.0000
1391,17016.96,11304.39,0,0,0.0000
1392,16838.08,11108.70,0,0,0.0000
1393,17425.38,11617.38,0,0,0.0000
1394,17615.36,11552.54,0,0,0.0000
1395,17513.52,11561.27,NaN,NaN,NaN
1396,17709.96,11634.02,0,0,0.0000
1397,17212.75,11625.83,0,0,0.0000
1398,17045.92,10898.42,0,0,0.0000
1399,17086.40,11577.67,2,3,0.0000
1400,17131.45,11638.35,NaN,NaN,NaN
1401,17266.74,11464.41,0,0,0.0000
1402,17087.10,11241.94,0,0,0.0000
1403,17322.51,11341.58,0,0,0.0000
1404,17382.53,11376.65,0,0,0.0000
1405,17073.58,11012.49,0,0,0.0000
1406,17415.84,11552.45,0,0,0.0000
1407,17108.32,11128.11,0,0,0.0000
1408,17264.87,11395.45,NaN,NaN,NaN
1409,17589.36,11642.43,NaN,NaN,NaN
1410,17187.80,11530.30,0,0,0.0000
1411,17309.81,11240.52,0,0,0.0000
1412,17197.32,11414.80,0,0,0.0000
1413,17595.29,11487.67,0,0,0.0000
1414,17060.41,11457.27,0,0,0.0000
1415,17317.69,11472.78,0,0,0.0000
1416,17045.30,11286.38,0,0,0.0000
1417,17092.46,11366.72,0,0,0.0000
1418,17132.08,10965.73,0,0,0.0000
1419,17621.03,11472.98,0,0,0.0000
1420,17179.60,11072.19,0,0,0.0000
1421,17543.84,11497.25,0,0,0.0000
1422,17146.07,11221.27,0,0,0.0000
1423,17281.69,11176.34,0,0,0.0000
1424,17041.76,11166.56,0,0,0.0000
1425,17241.05,11088.50,0,0,0.0000
1426,17498.53,11469.50,0,0,0.0000
1427,17281.90,11122.19,0,0,0.0000
1428,17061.77,10954.75,0,0,0.0000
1429,17354.48,11532.01,2,1,0.0000
1430,17138.86,11507.21,0,0,0.0000
1431,17163.71,10999.56,0,0,0.0000
1432,17120.33,11283.28,0,0,0.0000
1433,18394.63,11049.66,0,0,0.0000
1434,18348.87,11483.20,0,0,0.0000
1435,18579.47,11534.06,0,0,0.0000
1436,17796.07,11618.32,0,0,0.0000
1437,18416.42,11541.60,0,0,0.0000
1438,18209.25,10968.28,0,0,0.0000
1439,18356.93,11274.39,0,0,0.0000
1440,18085.94,10894.93,0,0,0.0000
1441,18408.33,10967.08,0,0,0.0000
1442,18261.69,11160.15,0,0,0.0000
1443,18627.28,10902.60,0,0,0.0000
1444,18504.95,11572.47,0,0,0.0000
1445,18160.82,11040.64,0,0,0.0000
1446,18274.91,11421.99,0,0,0.0000
1447,18446.10,11405.87,0,0,0.0000
1448,18111.07,10970.37,0,0,0.0000
1449,18329.52,11135.33,0,0,0.0000
1450,18450.75,11607.00,0,0,0.0000
1451,18390.11,10883.16,0,0,0.0000
1452,18260.33,10907.82,0,0,0.0000
1453,18368.08,11370.96,0,0,0.0000
1454,18352.19,11082.80,0,0,0.0000
1455,18114.15,11078.95,0,0,0.0000
1456,18347.69,11400.69,0,0,0.0000
1457,18349.60,11592.42,0,0,0.0000
1458,18415.93,10912.61,0,0,0.0000
1459,18461.62,11107.87,0,0,0.0000
1460,18389.72,11310.44,0,0,0.0000
1461,18535.16,11622.88,0,0,0.0000
1462,18357.96,11539.16,0,0,0.0000
1463,18262.93,11025.14,0,0,0.0000
1464,6065.83,12138.62,0,0,0.0000
1465,6178.16,11990.42,0,0,0.0000
1466,6250.38,12079.27,0,0,0.0000
1467,5908.08,11922.36,0,0,0.0000
1468,5994.74,11903.60,0,0,0.0000
1469,6086.05,11883.67,0,0,0.0000
1470,6199.32,11909.24,0,0,0.0000
1471,6010.25,12033.99,0,0,0.0000
1472,6177.81,11837.56,0,0,0.0000
1473,5975.72,12069.88,0,0,0.0000
1474,6138.39,11911.55,0,0,0.0000
1475,6267.76,12201.54,0,0,0.0000
1476,6181.59,12090.07,0,0,0.0000
1477,6133.71,12063.16,0,0,0.0000
1478,6150.92,12133.82,0,0,0.0000
1479,5941.72,12025.94,0,0,0.0000
1480,6087.35,12030.93,0,0,0.0000
1481,5962.03,12110.11,0,0,0.0000
1482,6051.95,11940.09,0,0,0.0000
1483,5741.90,11685.49,0,0,0.0000
1484,5856.89,11658.05,0,0,0.0000
1485,6051.00,11822.70,0,0,0.0000
1486,5958.59,11879.47,0,0,0.0000
1487,6263.46,12022.37,0,0,0.0000
1488,6144.85,12182.82,0,0,0.0000
1489,6000.97,11951.16,0,0,0.0000
1490,5800.33,11706.85,0,0,0.0000
1491,5830.12,11694.87,0,0,0.0000
1492,5804.21,11954.38,0,0,0.0000
1493,5773.84,11702.03,0,0,0.0000
1494,6247.93,12159.91,0,0,0.0000
1495,6420.53,11982.38,0,0,0.0000
1496,6639.51,11996.60,NaN,NaN,NaN
1497,6576.16,11672.19,0,0,0.0000
1498,6489.57,11675.85,0,0,0.0000
1499,6584.00,12104.45,0,0,0.0000
1500,6565.50,11913.93,0,0,0.0000
1501,6658.07,11889.22,2,1,0.0000
1502,6546.76,12030.10,0,0,0.0000
1503,6670.70,11653.63,0,0,0.0000
1504,6343.61,12204.65,0,0,0.0000
1505,6702.41,11833.52,0,0,0.0000
1506,6445.96,11763.04,0,0,0.0000
1507,6448.65,12139.33,0,0,0.0000
1508,6463.18,12298.55,0,0,0.0000
1509,6520.91,11758.16,0,0,0.0000
1510,6662.40,11759.82,0,0,0.0000
1511,6354.16,11947.10,0,0,0.0000
1512,6769.44,12340.47,0,0,0.0000
1513,6645.73,12110.10,0,0,0.0000
1514,6629.06,11815.54,0,0,0.0000
1515,6313.59,12060.10,0,0,0.0000
1516,6424.64,12219.29,0,0,0.0000
1517,6560.36,11831.66,0,0,0.0000
1518,6479.03,11841.13,0,0,0.0000
1519,6743.57,11984.40,0,0,0.0000
1520,6443.23,11884.13,0,0,0.0000
1521,6298.84,11656.36,0,0,0.0000
1522,6330.50,12274.26,0,0,0.0000
1523,6551.25,12219.32,0,0,0.0000
1524,6292.67,11961.29,0,0,0.0000
1525,6702.17,11715.36,0,0,0.0000
1526,6490.57,11905.54,0,0,0.0000
1527,6594.52,11783.52,0,0,0.0000
1528,6351.00,12010.31,0,0,0.0000
1529,6483.96,12078.34,0,0,0.0000
1530,6284.50,11686.15,0,0,0.0000
1531,6391.89,11718.32,0,0,0.0000
1532,6685.16,11946.17,0,0,0.0000
1533,6390.96,12260.78,0,0,0.0000
1534,6334.76,11872.03,0,0,0.0000
1535,6370.18,11750.53,0,0,0.0000
1536,6301.10,12148.29,0,0,0.0000
1537,6722.63,11937.63,0,0,0.0000
1538,6377.95,12068.84,0,0,0.0000
1539,6309.44,11942.66,0,0,0.0000
1540,6523.30,12262.32,0,0,0.0000
1541,7640.72,11967.75,0,0,0.0000
1542,7691.56,12336.31,0,0,0.0000
1543,7772.65,11907.61,0,0,0.0000
1544,7520.34,12219.92,0,0,0.0000
1545,7640.46,12123.33,0,0,0.0000
1546,7759.76,11985.75,0,0,0.0000
1547,7575.40,12316.46,0,0,0.0000
1548,7765.88,12171.81,NaN,NaN,NaN
1549,7604.46,11837.53,0,0,0.0000
1550,7519.13,12371.75,0,0,0.0000
1551,7313.30,12187.00,0,0,0.0000
1552,7670.12,11842.22,0,0,0.0000
1553,7706.55,12116.54,NaN,NaN,NaN
1554,7356.32,12012.97,0,0,0.0000
1555,7571.60,11960.94,0,0,0.0000
1556,7749.64,12047.55,0,0,0.0000
1557,7435.78,12172.04,0,0,0.0000
1558,7779.61,12092.49,0,0,0.0000
1559,7452.77,11824.70,0,0,0.0000
1560,7499.32,12060.46,0,0,0.0000
1561,7613.16,12386.68,0,0,0.0000
1562,7546.66,11897.78,0,0,0.0000
1563,7313.06,12112.79,0,0,0.0000
1564,7400.11,11940.48,0,0,0.0000
1565,7749.71,12290.52,0,0,0.0000
1566,7495.23,11881.54,0,0,0.0000
1567,7386.88,12101.87,0,0,0.0000
1568,7688.62,12187.91,0,0,0.0000
1569,7430.67,12348.62,0,0,0.0000
1570,7340.35,12238.30,0,0,0.0000
1571,7566.98,12137.20,0,0,0.0000
1572,7425.53,12251.07,0,0,0.0000
1573,7535.65,11732.96,0,0,0.0000
1574,7572.14,12028.66,0,0,0.0000
1575,7450.27,11998.91,0,0,0.0000
1576,7497.76,11956.97,0,0,0.0000
1577,7424.56,11886.03,0,0,0.0000
1578,7212.54,12188.31,0,0,0.0000
1579,7616.38,12222.78,0,0,0.0000
1580,7582.14,11777.52,0,0,0.0000
1581,7453.31,11672.79,0,0,0.0000
1582,7546.23,11830.85,0,0,0.0000
1583,7516.11,11803.73,0,0,0.0000
1584,7378.17,12324.29,0,0,0.0000
1585,7252.46,12276.51,0,0,0.0000
1586,7493.28,11749.65,0,0,0.0000
1587,7468.22,12267.67,0,0,0.0000
1588,7233.67,12236.73,0,0,0.0000
1589,7269.19,12061.85,0,0,0.0000
1590,7459.31,12317.06,0,0,0.0000
1591,7455.16,11742.32,0,0,0.0000
1592,7263.12,12235.53,0,0,0.0000
1593,7484.92,12119.46,0,0,0.0000
1594,8382.29,12155.45,0,0,0.0000
1595,8136.76,11830.34,0,0,0.0000
1596,7825.25,12415.62,0,0,0.0000
1597,8068.26,11878.58,0,0,0.0000
1598,8375.25,12017.64,0,0,0.0000
1599,7913.71,11983.99,NaN,NaN,NaN
1600,8199.93,11849.74,0,0,0.0000
1601,8512.51,12074.11,0,0,0.0000
1602,8429.89,12057.43,0,0,0.0000
1603,8004.26,11824.47,0,0,0.0000
1604,7871.08,11863.54,0,0,0.0000
1605,8493.65,12187.42,0,0,0.0000
1606,7892.72,11917.26,0,0,0.0000
1607,8292.74,12103.62,0,0,0.0000
1608,8217.22,11702.33,0,0,0.0000
1609,8113.00,11732.22,0,0,0.0000
1610,8351.55,12117.23,0,0,0.0000
1611,8253.34,11794.37,0,0,0.0000
1612,7848.83,12079.95,0,0,0.0000
1613,8295.41,11990.32,0,0,0.0000
1614,8023.79,11764.94,0,0,0.0000
1615,8326.82,11688.84,0,0,0.0000
1616,8547.21,11988.16,0,0,0.0000
1617,7931.72,11776.48,0,0,0.0000
1618,7920.12,12035.39,0,0,0.0000
1619,8484.55,12017.26,0,0,0.0000
1620,7976.22,11727.02,0,0,0.0000
1621,7952.56,11811.56,0,0,0.0000
1622,8389.72,11972.84,0,0,0.0000
1623,7921.21,11940.04,0,0,0.0000
1624,7967.82,11880.97,0,0,0.0000
1625,7872.08,12045.61,0,0,0.0000
1626,7834.23,12019.66,0,0,0.0000
1627,7869.35,11814.49,0,0,0.0000
1628,7991.25,11997.33,0,0,0.0000
1629,7907.76,12101.24,0,0,0.0000
1630,8322.63,12062.16,0,0,0.0000
1631,8067.56,11799.19,0,0,0.0000
1632,8301.63,11758.68,0,0,0.0000
1633,8240.07,11745.78,0,0,0.0000
1634,7860.91,11970.01,0,0,0.0000
1635,9041.87,11699.18,0,0,0.0000
1636,8961.78,12020.47,0,0,0.0000
1637,8730.64,11950.44,0,0,0.0000
1638,8693.60,12066.60,0,0,0.0000
1639,9163.28,11901.07,0,0,0.0000
1640,8595.78,12014.38,0,0,0.0000
1641,8673.86,12130.55,0,0,0.0000
1642,8773.33,11836.41,0,0,0.0000
1643,8909.56,12144.43,0,0,0.0000
1644,8809.60,11866.36,0,0,0.0000
1645,8669.43,11821.63,0,0,0.0000
1646,8820.32,12030.07,0,0,0.0000
1647,8662.11,12014.02,0,0,0.0000
1648,8839.09,11955.31,0,0,0.0000
1649,8910.73,12066.55,0,0,0.0000
1650,8587.42,11880.52,0,0,0.0000
1651,9082.61,12002.99,0,0,0.0000
1652,8797.62,12112.57,0,0,0.0000
1653,8867.91,11909.37,0,0,0.0000
1654,8930.90,11696.87,0,0,0.0000
1655,9283.98,11656.44,0,0,0.0000
1656,8736.65,11880.92,0,0,0.0000
1657,9032.64,12070.16,0,0,0.0000
1658,8726.35,11823.27,0,0,0.0000
1659,8884.41,11688.12,0,0,0.0000
1660,8688.62,11905.71,0,0,0.0000
1661,8761.32,12151.49,0,0,0.0000
1662,9014.94,12127.84,0,0,0.0000
1663,9207.78,11941.06,0,0,0.0000
1664,8873.91,11649.92,0,0,0.0000
1665,9337.36,11692.12,0,0,0.0000
1666,8833.90,12097.36,0,0,0.0000
1667,9074.96,12092.85,0,0,0.0000
1668,9135.62,11667.65,0,0,0.0000
1669,9184.65,11971.83,0,0,0.0000
1670,8716.25,11793.43,0,0,0.0000
1671,8807.44,11984.74,0,0,0.0000
1672,8865.23,12079.82,0,0,0.0000
1673,8581.67,11923.19,0,0,0.0000
1674,8653.91,11878.73,0,0,0.0000
1675,9200.11,11839.25,0,0,0.0000
1676,9138.06,11755.81,0,0,0.0000
1677,9251.21,11695.35,0,0,0.0000
1678,8824.88,11895.65,0,0,0.0000
1679,8614.01,11829.78,0,0,0.0000
1680,8820.33,12151.96,0,0,0.0000
1681,9238.65,11831.71,0,0,0.0000
1682,8723.07,12198.44,0,0,0.0000
1683,9159.79,12003.74,0,0,0.0000
1684,9047.82,11924.35,0,0,0.0000
1685,8767.00,12046.85,0,0,0.0000
1686,9203.99,11685.48,0,0,0.0000
1687,8695.82,11874.48,0,0,0.0000
1688,10850.37,12064.97,NaN,NaN,NaN
1689,10574.55,12089.99,0,0,0.0000
1690,10486.10,12408.30,0,0,0.0000
1691,10775.90,12391.18,0,0,0.0000
1692,10666.20,11961.48,0,0,0.0000
1693,10760.61,12140.91,0,0,0.0000
1694,10784.63,12004.92,0,0,0.0000
1695,10734.18,11980.32,0,0,0.0000
1696,10707.22,12287.19,0,0,0.0000
1697,10833.57,11935.15,0,0,0.0000
1698,10635.84,12167.12,0,0,0.0000
1699,10488.02,12218.99,0,0,0.0000
1700,10325.72,12307.29,0,0,0.0000
1701,10448.39,12194.75,0,0,0.0000
1702,10645.19,12099.36,0,0,0.0000
1703,10799.29,12315.05,0,0,0.0000
1704,10821.82,12172.33,2,3,0.0000
1705,10741.75,12406.59,0,0,0.0000
1706,10529.43,12323.05,0,0,0.0000
1707,10870.31,11869.98,0,0,0.0000
1708,10855.92,12187.10,NaN,NaN,NaN
1709,10729.90,12098.04,0,0,0.0000
1710,10759.00,12290.91,0,0,0.0000
1711,10581.95,12308.06,0,0,0.0000
1712,10743.85,12205.07,0,0,0.0000
1713,10288.30,12413.31,0,0,0.0000
1714,10591.99,12147.42,0,0,0.0000
1715,10599.12,12283.82,0,0,0.0000
1716,10549.45,12290.91,0,0,0.0000
1717,10609.59,11997.73,0,0,0.0000
1718,10524.02,12059.79,0,0,0.0000
1719,10702.78,12097.37,0,0,0.0000
1720,11571.95,12363.58,0,0,0.0000
1721,11000.72,12354.81,NaN,NaN,NaN
1722,11550.10,11856.64,0,0,0.0000
1723,11411.86,12228.68,0,0,0.0000
1724,11384.48,11878.69,0,0,0.0000
1725,10947.21,12112.05,0,0,0.0000
1726,11619.62,12071.04,0,0,0.0000
1727,11236.29,11735.60,0,0,0.0000
1728,11395.56,11998.35,NaN,NaN,NaN
1729,11317.69,11833.70,0,0,0.0000
1730,11455.13,12038.49,0,0,0.0000
1731,11635.17,11708.46,0,0,0.0000
1732,11147.76,12388.72,0,0,0.0000
1733,11326.68,12012.24,0,0,0.0000
1734,11111.58,11654.42,0,0,0.0000
1735,11334.40,12089.93,NaN,NaN,NaN
1736,11431.64,11726.63,0,0,0.0000
1737,10956.44,11955.27,NaN,NaN,NaN
1738,11568.72,11659.04,0,0,0.0000
1739,11548.28,11944.27,0,0,0.0000
1740,10889.92,12220.66,NaN,NaN,NaN
1741,11294.31,11761.31,NaN,NaN,NaN
1742,11528.76,12236.64,0,0,0.0000
1743,11396.77,11791.34,0,0,0.0000
1744,10956.09,12022.10,NaN,NaN,NaN
1745,11421.69,12334.54,0,0,0.0000
1746,11297.68,12102.21,0,0,0.0000
1747,11254.41,11812.44,0,0,0.0000
1748,11331.31,12280.93,0,0,0.0000
1749,11381.71,12160.19,0,0,0.0000
1750,11495.81,11984.39,0,0,0.0000
1751,11496.50,11912.78,0,0,0.0000
1752,11585.18,11784.43,0,0,0.0000
1753,11465.91,11803.17,0,0,0.0000
1754,11241.98,11651.36,0,0,0.0000
1755,11193.72,11725.54,0,0,0.0000
1756,10968.11,11892.89,NaN,NaN,NaN
1757,11162.14,11700.87,2,3,0.0000
1758,11450.27,11886.12,0,0,0.0000
1759,11080.17,12291.78,0,0,0.0000
1760,11606.17,11953.23,0,0,0.0000
1761,11285.57,11981.18,0,0,0.0000
1762,11299.61,11897.61,0,0,0.0000
1763,11529.06,11768.93,0,0,0.0000
1764,11019.11,11922.13,0,0,0.0000
1765,11227.65,11970.58,NaN,NaN,NaN
1766,11356.91,12343.30,0,0,0.0000
1767,10905.68,11906.47,0,0,0.0000
1768,10913.65,11862.62,0,0,0.0000
1769,11023.16,11979.29,0,0,0.0000
1770,11325.77,12193.03,0,0,0.0000
1771,10884.07,11954.99,0,0,0.0000
1772,11471.12,12266.15,0,0,0.0000
1773,11199.76,11821.70,0,0,0.0000
1774,10884.55,12144.76,0,0,0.0000
1775,10889.69,11996.30,NaN,NaN,NaN
1776,11630.08,11795.71,0,0,0.0000
1777,11604.44,12181.87,0,0,0.0000
1778,11575.68,12162.43,0,0,0.0000
1779,10965.75,12253.15,0,0,0.0000
1780,11262.73,11935.23,0,0,0.0000
1781,11521.84,12178.18,0,0,0.0000
1782,11630.55,11870.26,0,0,0.0000
1783,11503.97,12048.17,0,0,0.0000
1784,11143.36,12319.81,0,0,0.0000
1785,12196.84,11955.00,NaN,NaN,NaN
1786,12385.12,12149.66,0,0,0.0000
1787,12361.89,11672.10,0,0,0.0000
1788,12377.93,11902.46,NaN,NaN,NaN
1789,11764.20,12167.88,0,0,0.0000
1790,12317.88,11848.91,0,0,0.0000
1791,12251.65,12105.42,0,0,0.0000
1792,12338.77,12212.83,0,0,0.0000
1793,12240.09,12365.49,NaN,NaN,NaN
1794,12145.44,11790.86,0,0,0.0000
1795,12150.35,11657.08,0,0,0.0000
1796,12215.34,11708.72,0,0,0.0000
1797,12328.15,11975.56,0,0,0.0000
1798,12240.01,12283.11,0,0,0.0000
1799,12186.24,11841.95,0,0,0.0000
1800,12365.27,12279.18,0,0,0.0000
1801,12135.08,12125.18,0,0,0.0000
1802,11680.89,12152.58,0,0,0.0000
1803,12053.18,12222.59,0,0,0.0000
1804,11684.14,11865.29,0,0,0.0000
1805,12118.83,12269.46,0,0,0.0000
1806,11767.60,11811.16,0,0,0.0000
1807,12149.42,11863.77,0,0,0.0000
1808,12175.48,12211.19,0,0,0.0000
1809,12200.43,12044.04,0,0,0.0000
1810,12305.57,12316.89,0,0,0.0000
1811,12233.30,12232.49,0,0,0.0000
1812,12295.05,12234.66,0,0,0.0000
1813,12078.26,11962.38,NaN,NaN,NaN
1814,12078.22,12087.89,0,0,0.0000
1815,11675.97,11992.38,0,0,0.0000
1816,12227.18,12151.38,0,0,0.0000
1817,12125.82,12400.53,0,0,0.0000
1818,12322.28,12071.58,0,0,0.0000
1819,12068.36,11653.42,0,0,0.0000
1820,11691.40,12054.98,0,0,0.0000
1821,12268.32,11797.03,0,0,0.0000
1822,11756.60,12097.86,0,0,0.0000
1823,12053.38,12024.50,0,0,0.0000
1824,11673.34,11944.91,0,0,0.0000
1825,12318.23,11783.30,0,0,0.0000
1826,12182.10,12341.90,0,0,0.0000
1827,12030.77,11962.72,2,4,2.0000
1828,11702.12,11770.03,0,0,0.0000
1829,12147.03,11732.06,0,0,0.0000
1830,12135.32,11916.22,NaN,NaN,NaN
1831,12000.57,12020.50,0,0,0.0000
1832,12118.24,12323.14,0,0,0.0000
1833,11973.04,12391.46,0,0,0.0000
1834,11976.89,12352.36,0,0,0.0000
1835,12443.05,11988.99,0,0,0.0000
1836,12579.66,12155.42,0,0,0.0000
1837,12620.01,11906.04,0,0,0.0000
1838,12617.59,11786.32,0,0,0.0000
1839,12757.42,11846.82,0,0,0.0000
1840,12623.70,11739.09,0,0,0.0000
1841,12453.01,12142.51,0,0,0.0000
1842,12560.54,11692.83,0,0,0.0000
1843,12607.09,11970.37,0,0,0.0000
1844,12513.42,11782.40,0,0,0.0000
1845,12713.22,11807.03,0,0,0.0000
1846,12679.84,11873.12,0,0,0.0000
1847,12676.37,12069.09,0,0,0.0000
1848,12613.00,11687.31,NaN,NaN,NaN
1849,12524.44,12043.44,0,0,0.0000
1850,12495.37,11713.63,0,0,0.0000
1851,12574.33,11844.21,0,0,0.0000
1852,12507.12,11663.37,0,0,0.0000
1853,12520.46,11860.12,0,0,0.0000
1854,12806.19,11885.76,0,0,0.0000
1855,12962.17,12390.66,0,0,0.0000
1856,12450.63,11848.29,2,3,0.0000
1857,12707.16,11933.51,0,0,0.0000
1858,12447.94,11743.59,0,0,0.0000
1859,16217.12,12094.98,NaN,NaN,NaN
1860,16047.77,12065.07,0,0,0.0000
1861,16056.39,12156.57,0,0,0.0000
1862,15858.11,12272.59,0,0,0.0000
1863,16170.11,12361.52,0,0,0.0000
1864,16158.17,12266.01,0,0,0.0000
1865,15818.52,12339.22,0,0,0.0000
1866,16101.69,11983.45,0,0,0.0000
1867,16169.65,12023.08,0,0,0.0000
1868,15824.97,12195.08,0,0,0.0000
1869,15899.29,12163.15,0,0,0.0000
1870,16240.96,11918.66,0,0,0.0000
1871,15886.94,12228.13,0,0,0.0000
1872,16176.66,11961.74,0,0,0.0000
1873,15737.59,12147.63,0,0,0.0000
1874,16085.84,12235.16,0,0,0.0000
1875,16036.63,12219.13,0,0,0.0000
1876,15682.00,12263.68,0,0,0.0000
1877,15757.15,12095.03,0,0,0.0000
1878,16194.70,11928.85,0,0,0.0000
1879,15874.86,12111.28,0,0,0.0000
1880,16136.96,12171.52,0,0,0.0000
1881,15676.47,12214.95,0,0,0.0000
1882,16319.18,12263.47,0,0,0.0000
1883,16963.48,11728.25,0,0,0.0000
1884,16904.84,12094.41,0,0,0.0000
1885,16372.91,12116.79,NaN,NaN,NaN
1886,16543.36,11870.92,0,0,0.0000
1887,16375.48,11958.97,0,0,0.0000
1888,16957.94,12012.34,0,0,0.0000
1889,16673.60,11811.65,0,0,0.0000
1890,16275.06,12147.88,NaN,NaN,NaN
1891,16437.88,11989.74,0,0,0.0000
1892,16683.19,11939.11,NaN,NaN,NaN
1893,16534.65,12161.32,0,0,0.0000
1894,16282.51,11932.27,0,0,0.0000
1895,16619.41,12173.01,0,0,0.0000
1896,16437.60,12248.28,0,0,0.0000
1897,16374.89,12365.08,NaN,NaN,NaN
1898,16869.37,11926.87,0,0,0.0000
1899,16556.84,12226.37,0,0,0.0000
1900,16493.70,12005.08,0,0,0.0000
1901,16297.57,12062.81,0,0,0.0000
1902,16607.70,11979.71,0,0,0.0000
1903,16962.94,11835.17,0,0,0.0000
1904,16610.49,12108.73,0,0,0.0000
1905,16404.49,12049.82,0,0,0.0000
1906,16260.67,12388.22,0,0,0.0000
1907,16767.02,11973.16,0,0,0.0000
1908,16877.63,11831.35,0,0,0.0000
1909,16527.18,11784.62,0,0,0.0000
1910,16460.37,12144.92,0,0,0.0000
1911,16450.10,12365.90,0,0,0.0000
1912,16658.39,12060.29,0,0,0.0000
1913,16882.99,11969.41,0,0,0.0000
1914,16872.27,11766.02,0,0,0.0000
1915,16602.86,11812.23,0,0,0.0000
1916,16895.89,11670.04,0,0,0.0000
1917,16740.20,11850.78,0,0,0.0000
1918,16539.16,11939.75,0,0,0.0000
1919,16823.64,11996.67,0,0,0.0000
1920,16702.19,12194.31,0,0,0.0000
1921,16715.09,11758.56,0,0,0.0000
1922,16867.46,12011.13,0,0,0.0000
1923,16580.61,11754.90,0,0,0.0000
1924,16879.82,11719.96,0,0,0.0000
1925,16425.96,12311.10,0,0,0.0000
1926,16635.51,11907.51,0,0,0.0000
1927,17021.78,12171.68,0,0,0.0000
1928,16921.80,11925.38,0,0,0.0000
1929,16777.62,11805.75,0,0,0.0000
1930,16478.26,11915.87,0,0,0.0000
1931,16288.14,11990.34,0,0,0.0000
1932,16768.87,11780.50,0,0,0.0000
1933,16490.13,11772.37,0,0,0.0000
1934,16503.19,11745.59,0,0,0.0000
1935,17443.92,11848.96,0,0,0.0000
1936,17261.23,11835.58,0,0,0.0000
1937,17576.24,12076.85,0,0,0.0000
1938,17512.51,12352.94,0,0,0.0000
1939,17698.83,12132.81,0,0,0.0000
1940,17721.01,12240.37,0,0,0.0000
1941,17578.37,11763.40,0,0,0.0000
1942,17445.24,11711.09,0,0,0.0000
1943,17762.36,11771.15,0,0,0.0000
1944,17767.81,12025.15,0,0,0.0000
1945,17475.75,12058.19,0,0,0.0000
1946,17642.79,11854.36,0,0,0.0000
1947,17647.01,11748.72,0,0,0.0000
1948,17155.55,11816.30,0,0,0.0000
1949,17322.03,12379.03,0,0,0.0000
1950,17580.09,11920.15,0,0,0.0000
1951,17316.73,12161.55,0,0,0.0000
1952,17244.82,12125.61,0,0,0.0000
1953,17698.02,12318.31,0,0,0.0000
1954,17048.71,11915.50,0,0,0.0000
1955,17341.00,11835.46,0,0,0.0000
1956,17162.50,12165.08,0,0,0.0000
1957,17033.94,11816.13,0,0,0.0000
1958,17169.51,11936.74,0,0,0.0000
1959,17051.54,11670.47,0,0,0.0000
1960,17115.61,12031.32,0,0,0.0000
1961,17526.10,11813.15,0,0,0.0000
1962,17249.55,12340.51,0,0,0.0000
1963,17385.50,12342.65,0,0,0.0000
1964,17418.00,12129.25,0,0,0.0000
1965,17083.20,12103.66,0,0,0.0000
1966,17366.72,11688.72,0,0,0.0000
1967,17577.23,12250.17,0,0,0.0000
1968,17121.46,11862.78,0,0,0.0000
1969,17076.39,11750.65,0,0,0.0000
1970,17607.74,12339.66,0,0,0.0000
1971,17331.19,11928.16,0,0,0.0000
1972,17650.65,12181.37,0,0,0.0000
1973,17752.83,12098.11,0,0,0.0000
1974,17640.21,12277.49,0,0,0.0000
1975,17688.04,12004.93,0,0,0.0000
1976,17590.04,11824.51,0,0,0.0000
1977,17284.20,12060.42,0,0,0.0000
1978,17559.30,12178.82,0,0,0.0000
1979,17311.53,12256.18,0,0,0.0000
1980,17713.79,11821.48,0,0,0.0000
1981,17208.06,11994.58,0,0,0.0000
1982,17200.45,12341.29,0,0,0.0000
1983,17518.15,12106.33,0,0,0.0000
1984,17782.07,12361.73,0,0,0.0000
1985,17715.69,12415.18,0,0,0.0000
1986,17786.84,12299.41,0,0,0.0000
1987,17112.61,12177.74,0,0,0.0000
1988,17689.63,11903.53,0,0,0.0000
1989,17530.59,12211.78,0,0,0.0000
1990,17039.96,12216.22,0,0,0.0000
1991,17072.59,12176.68,0,0,0.0000
1992,17055.15,12057.16,0,0,0.0000
1993,17194.00,12232.22,0,0,0.0000
1994,17243.10,12209.52,0,0,0.0000
1995,17429.10,12074.51,0,0,0.0000
1996,17781.93,12234.98,0,0,0.0000
1997,17388.77,12167.23,0,0,0.0000
1998,17091.18,12235.33,0,0,0.0000
1999,17738.55,12387.70,0,0,0.0000
2000,17190.57,12111.58,0,0,0.0000
2001,17478.78,12268.85,0,0,0.0000
2002,17155.74,12250.20,0,0,0.0000
2003,17603.60,12162.21,0,0,0.0000
2004,17252.51,12284.02,0,0,0.0000
2005,17595.62,11988.98,0,0,0.0000
2006,17954.87,12192.96,0,0,0.0000
2007,18093.63,11881.74,0,0,0.0000
2008,17821.92,11689.56,0,0,0.0000
2009,17796.53,11924.26,0,0,0.0000
2010,17987.89,12356.94,0,0,0.0000
2011,17848.46,12258.36,0,0,0.0000
2012,18019.06,12013.53,0,0,0.0000
2013,17853.85,12341.88,0,0,0.0000
2014,18592.61,12386.41,0,0,0.0000
2015,17933.69,11977.40,0,0,0.0000
2016,18296.59,12328.99,0,0,0.0000
2017,18080.75,12113.54,0,0,0.0000
2018,17941.04,11817.39,0,0,0.0000
2019,18138.89,12246.38,0,0,0.0000
2020,17840.46,12090.32,0,0,0.0000
2021,17802.05,12170.75,0,0,0.0000
2022,18462.19,11769.78,NaN,NaN,NaN
2023,17840.25,11790.03,0,0,0.0000
2024,18335.80,12110.65,0,0,0.0000
2025,18564.02,11961.60,0,0,0.0000
2026,17951.42,11754.72,0,0,0.0000
2027,17941.40,12042.49,0,0,0.0000
2028,18399.97,11806.10,0,0,0.0000
2029,17913.62,11873.64,0,0,0.0000
2030,18206.32,12344.81,0,0,0.0000
2031,18495.05,12185.58,0,0,0.0000
2032,18594.32,12156.58,0,0,0.0000
2033,18051.42,11769.50,0,0,0.0000
2034,18403.51,12333.45,0,0,0.0000
2035,18540.16,12325.88,0,0,0.0000
2036,18158.30,12396.35,0,0,0.0000
2037,17889.70,11923.52,0,0,0.0000
2038,18451.79,12286.62,0,0,0.0000
2039,18649.72,12159.41,0,0,0.0000
2040,17849.29,11998.76,0,0,0.0000
2041,18408.21,12161.84,0,0,0.0000
2042,18648.60,12232.91,0,0,0.0000
2043,18595.17,11846.74,0,0,0.0000
2044,18138.13,12048.55,0,0,0.0000
2045,18428.67,12075.90,0,0,0.0000
2046,18349.39,11729.59,0,0,0.0000
2047,18385.06,12048.84,0,0,0.0000
2048,18084.64,12405.22,0,0,0.0000
2049,18203.70,11902.96,0,0,0.0000
2050,18484.18,11841.02,0,0,0.0000
2051,18526.27,11993.42,0,0,0.0000
2052,18189.04,12228.91,0,0,0.0000
2053,18484.91,12062.53,0,0,0.0000
2054,18500.44,11898.96,0,0,0.0000
2055,18621.08,11749.46,0,0,0.0000
2056,18116.39,11805.84,0,0,0.0000
2057,18078.16,11977.97,0,0,0.0000
2058,18515.98,12133.07,0,0,0.0000
2059,18340.87,11648.50,0,0,0.0000
2060,18579.00,11893.81,0,0,0.0000
2061,18428.13,12235.15,0,0,0.0000
2062,18507.09,11700.81,0,0,0.0000
2063,18077.05,12196.07,0,0,0.0000
2064,18211.52,12087.67,0,0,0.0000
2065,18184.10,12172.49,0,0,0.0000
2066,18537.13,12286.29,0,0,0.0000
2067,18298.44,12255.78,0,0,0.0000
2068,18387.46,12411.35,0,0,0.0000
2069,18473.89,12380.25,0,0,0.0000
2070,18462.19,11700.72,0,0,0.0000
2071,18615.21,11793.98,0,0,0.0000
2072,18570.83,12251.27,0,0,0.0000
2073,18662.86,12271.25,0,0,0.0000
2074,18268.41,12109.59,0,0,0.0000
2075,18148.33,12330.21,0,0,0.0000
2076,18322.80,12009.19,0,0,0.0000
2077,18236.43,12151.02,0,0,0.0000
2078,18656.81,11984.26,0,0,0.0000
2079,18414.69,11668.35,0,0,0.0000
2080,18549.59,12131.53,0,0,0.0000
2081,18612.89,12055.30,0,0,0.0000
2082,17792.70,11842.87,0,0,0.0000
2083,18616.65,11970.89,0,0,0.0000
2084,18535.20,11796.09,0,0,0.0000
2085,18456.73,11650.15,0,0,0.0000
2086,18309.03,12055.54,0,0,0.0000
2087,18543.89,11738.10,0,0,0.0000
2088,5464.93,12863.24,0,0,0.0000
2089,5403.10,12946.39,0,0,0.0000
2090,5415.15,12878.94,0,0,0.0000
2091,5472.60,12910.48,NaN,NaN,NaN
2092,5361.91,12973.63,0,0,0.0000
2093,5808.17,12635.72,0,0,0.0000
2094,5669.53,12914.59,0,0,0.0000
2095,5919.82,12915.22,0,0,0.0000
2096,5726.42,12986.94,0,0,0.0000
2097,5621.63,12967.36,0,0,0.0000
2098,6172.19,12979.80,0,0,0.0000
2099,5827.67,12538.84,0,0,0.0000
2100,6073.47,13036.84,0,0,0.0000
2101,5926.97,12629.08,0,0,0.0000
2102,6266.22,13077.37,0,0,0.0000
2103,5996.53,13017.76,0,0,0.0000
2104,5909.16,13022.01,0,0,0.0000
2105,5993.86,13080.45,0,0,0.0000
2106,6153.83,13046.61,0,0,0.0000
2107,5866.56,12879.63,0,0,0.0000
2108,5696.92,12549.56,0,0,0.0000
2109,6238.98,12971.32,0,0,0.0000
2110,6055.10,13085.26,0,0,0.0000
2111,5997.64,12617.18,0,0,0.0000
2112,6203.47,12726.55,0,0,0.0000
2113,5726.57,12896.01,0,0,0.0000
2114,6122.95,13084.37,0,0,0.0000
2115,5831.47,12949.29,0,0,0.0000
2116,6242.48,12668.42,0,0,0.0000
2117,5758.35,12528.50,0,0,0.0000
2118,6019.78,12918.90,0,0,0.0000
2119,5567.36,12905.04,0,0,0.0000
2120,6053.44,12573.33,0,0,0.0000
2121,6137.37,13119.01,0,0,0.0000
2122,5949.45,12570.99,0,0,0.0000
2123,5890.27,12691.34,0,0,0.0000
2124,6101.43,12919.44,0,0,0.0000
2125,5549.61,12855.20,0,0,0.0000
2126,6263.51,12744.31,0,0,0.0000
2127,6059.19,12994.18,0,0,0.0000
2128,6137.23,12590.41,0,0,0.0000
2129,5689.41,12611.38,0,0,0.0000
2130,6249.18,13133.57,0,0,0.0000
2131,5670.73,12866.20,0,0,0.0000
2132,5674.55,12965.79,0,0,0.0000
2133,5896.57,12589.47,0,0,0.0000
2134,6043.20,12639.23,0,0,0.0000
2135,5770.14,12589.38,0,0,0.0000
2136,6140.06,12742.78,0,0,0.0000
2137,6025.68,12996.38,0,0,0.0000
2138,5622.88,12627.43,0,0,0.0000
2139,5885.69,12655.37,0,0,0.0000
2140,6183.53,12756.03,0,0,0.0000
2141,6080.06,12718.55,0,0,0.0000
2142,6442.02,13132.96,0,0,0.0000
2143,6333.71,13156.68,0,0,0.0000
2144,6757.38,12614.33,0,0,0.0000
2145,6869.47,12444.97,0,0,0.0000
2146,6400.88,13073.20,0,0,0.0000
2147,6308.02,12686.72,0,0,0.0000
2148,6995.41,12549.30,0,0,0.0000
2149,6363.94,12702.84,0,0,0.0000
2150,6391.10,12738.46,0,0,0.0000
2151,6884.81,12697.48,0,0,0.0000
2152,6291.05,13005.19,0,0,0.0000
2153,6718.14,12645.79,0,0,0.0000
2154,6321.89,12747.79,0,0,0.0000
2155,6527.80,13128.94,0,0,0.0000
2156,6820.88,13141.83,0,0,0.0000
2157,6365.96,13016.94,0,0,0.0000
2158,6858.19,12562.69,0,0,0.0000
2159,6925.85,12574.73,0,0,0.0000
2160,6623.02,13117.94,0,0,0.0000
2161,6762.59,12430.27,0,0,0.0000
2162,6305.00,12963.41,0,0,0.0000
2163,6889.31,12561.85,0,0,0.0000
2164,6339.58,13075.21,0,0,0.0000
2165,7307.26,12615.67,0,0,0.0000
2166,7318.46,12494.74,0,0,0.0000
2167,7450.69,12537.53,0,0,0.0000
2168,7482.19,12449.44,0,0,0.0000
2169,7101.59,12622.21,0,0,0.0000
2170,7280.78,12428.65,0,0,0.0000
2171,7183.64,12616.98,0,0,0.0000
2172,7628.27,12464.92,0,0,0.0000
2173,7755.46,12473.70,0,0,0.0000
2174,7197.49,12692.66,0,0,0.0000
2175,7262.57,12515.92,0,0,0.0000
2176,7048.10,12532.40,0,0,0.0000
2177,7800.19,12479.39,0,0,0.0000
2178,7580.96,12494.79,0,0,0.0000
2179,7045.46,12439.75,0,0,0.0000
2180,7248.98,12562.46,0,0,0.0000
2181,7715.75,12424.43,0,0,0.0000
2182,7599.10,12440.61,0,0,0.0000
2183,7660.96,12426.07,0,0,0.0000
2184,7221.21,12637.41,0,0,0.0000
2185,9886.93,13156.17,NaN,NaN,NaN
2186,9943.86,12679.87,0,0,0.0000
2187,10016.24,12628.56,0,0,0.0000
2188,10042.12,12994.63,0,0,0.0000
2189,9830.26,12657.91,0,0,0.0000
2190,9933.01,12756.21,0,0,0.0000
2191,10109.78,13087.57,3,2,0.0000
2192,9893.75,12714.87,0,0,0.0000
2193,9830.06,12722.37,0,0,0.0000
2194,10080.72,13156.89,NaN,NaN,NaN
2195,10100.87,12594.94,0,0,0.0000
2196,9742.90,12731.45,NaN,NaN,NaN
2197,9764.48,12787.56,0,0,0.0000
2198,9951.78,13080.38,4,5,0.0000
2199,9980.46,12885.11,0,0,0.0000
2200,10080.91,12571.05,0,0,0.0000
2201,9997.06,12921.45,0,0,0.0000
2202,9783.65,12748.41,0,0,0.0000
2203,9896.53,12595.53,0,0,0.0000
2204,9932.36,12622.46,0,0,0.0000
2205,10051.93,12699.10,0,0,0.0000
2206,9785.89,12705.66,0,0,0.0000
2207,9870.00,13086.12,0,0,0.0000
2208,9460.50,12555.31,0,0,0.0000
2209,9988.77,12728.99,0,0,0.0000
2210,10023.78,13161.34,4,8,2.0000
2211,10832.21,12665.91,NaN,NaN,NaN
2212,10541.90,12690.31,0,0,0.0000
2213,10667.38,13000.40,NaN,NaN,NaN
2214,10249.60,12499.78,0,0,0.0000
2215,10273.89,13088.32,0,0,0.0000
2216,10633.01,12614.06,0,0,0.0000
2217,10755.12,12591.15,2,2,0.0000
2218,10734.04,12789.84,0,0,0.0000
2219,10671.83,12713.77,2,1,0.0000
2220,10562.79,13161.65,2,4,2.0000
2221,10208.06,13009.91,NaN,NaN,NaN
2222,10587.74,12894.11,NaN,NaN,NaN
2223,10401.12,12434.52,0,0,0.0000
2224,10363.54,12520.08,0,0,0.0000
2225,10872.19,12810.89,NaN,NaN,NaN
2226,10804.66,12953.87,3,6,2.0000
2227,10681.19,13108.43,0,0,0.0000
2228,10512.18,12883.96,0,0,0.0000
2229,10327.99,13165.27,0,0,0.0000
2230,10176.87,13182.02,NaN,NaN,NaN
2231,10838.35,12887.67,2,2,0.0000
2232,10289.56,12846.82,NaN,NaN,NaN
2233,10825.74,12563.68,0,0,0.0000
2234,10377.97,12618.01,0,0,0.0000
2235,10715.38,12894.86,NaN,NaN,NaN
2236,10208.02,13120.64,0,0,0.0000
2237,10751.34,13181.65,NaN,NaN,NaN
2238,10823.68,13177.96,6,8,0.0000
2239,10148.74,12565.39,0,0,0.0000
2240,10778.09,12467.87,0,0,0.0000
2241,10717.58,13069.53,NaN,NaN,NaN
2242,10742.99,12957.83,4,4,0.0000
2243,10616.34,12671.36,0,0,0.0000
2244,10512.37,12940.15,NaN,NaN,NaN
2245,10595.68,12824.64,NaN,NaN,NaN
2246,10664.38,12848.27,0,0,0.0000
2247,10435.25,12739.28,0,0,0.0000
2248,10745.55,13018.79,2,2,0.0000
2249,10151.76,13132.40,3,3,0.0000
2250,10822.82,12492.81,0,0,0.0000
2251,10569.62,12959.15,NaN,NaN,NaN
2252,10276.91,12573.84,0,0,0.0000
2253,10640.81,12910.98,0,0,0.0000
2254,10830.82,13128.32,NaN,NaN,NaN
2255,10608.64,13016.06,NaN,NaN,NaN
2256,10752.03,12711.16,NaN,NaN,NaN
2257,10573.54,13039.80,2,3,0.0000
2258,10870.32,12969.20,0,0,0.0000
2259,10606.56,12771.88,NaN,NaN,NaN
2260,10631.98,13138.35,2,4,2.0000
2261,10320.14,12478.00,0,0,0.0000
2262,10265.07,12940.74,NaN,NaN,NaN
2263,10156.16,13045.32,3,3,0.0000
2264,10566.56,12783.40,NaN,NaN,NaN
2265,10527.90,12513.84,0,0,0.0000
2266,10173.56,12529.94,0,0,0.0000
2267,10183.34,12941.95,NaN,NaN,NaN
2268,10534.41,12991.99,NaN,NaN,NaN
2269,10514.60,13146.44,NaN,NaN,NaN
2270,10250.41,12544.13,0,0,0.0000
2271,10553.87,12577.16,0,0,0.0000
2272,10737.00,13111.44,NaN,NaN,NaN
2273,10599.97,12979.06,3,4,0.0000
2274,11605.97,13181.25,0,0,0.0000
2275,11231.06,12700.79,0,0,0.0000
2276,11601.81,12909.72,0,0,0.0000
2277,11459.99,12549.37,2,2,0.0000
2278,10888.94,12434.90,NaN,NaN,NaN
2279,11362.35,12654.44,NaN,NaN,NaN
2280,11025.53,12501.46,0,0,0.0000
2281,11083.56,12474.71,2,2,0.0000
2282,11337.64,12983.40,0,0,0.0000
2283,11463.74,12783.82,0,0,0.0000
2284,11288.45,12813.95,0,0,0.0000
2285,11451.99,12455.03,0,0,0.0000
2286,11561.29,12612.12,0,0,0.0000
2287,10920.59,12914.84,NaN,NaN,NaN
2288,11012.37,12604.72,0,0,0.0000
2289,11636.24,12976.94,0,0,0.0000
2290,11549.28,12863.83,0,0,0.0000
2291,10894.68,12524.43,0,0,0.0000
2292,10999.03,12985.82,0,0,0.0000
2293,11595.58,12497.29,0,0,0.0000
2294,10892.50,13067.32,2,4,2.0000
2295,11601.06,12734.72,0,0,0.0000
2296,11224.20,12544.29,NaN,NaN,NaN
2297,11263.90,12599.46,0,0,0.0000
2298,11644.38,13091.51,0,0,0.0000
2299,10938.81,12569.52,NaN,NaN,NaN
2300,11612.97,12807.35,0,0,0.0000
2301,11437.32,12636.40,0,0,0.0000
2302,11474.75,12887.61,0,0,0.0000
2303,11533.78,12704.68,0,0,0.0000
2304,11286.23,12555.28,2,1,0.0000
2305,10939.97,13079.54,2,4,2.0000
2306,10905.82,12647.36,2,1,0.0000
2307,11374.33,12952.17,NaN,NaN,NaN
2308,11528.39,12820.43,0,0,0.0000
2309,11475.48,12705.23,0,0,0.0000
2310,11551.86,12766.92,0,0,0.0000
2311,11200.84,12421.09,0,0,0.0000
2312,10960.20,12764.16,0,0,0.0000
2313,11499.10,12842.34,0,0,0.0000
2314,11393.38,12884.97,0,0,0.0000
2315,10989.82,12912.10,0,0,0.0000
2316,10900.90,13131.87,NaN,NaN,NaN
2317,11306.27,12642.84,0,0,0.0000
2318,11608.93,12595.94,0,0,0.0000
2319,11562.45,12480.07,0,0,0.0000
2320,11413.85,12690.06,0,0,0.0000
2321,11370.68,12789.64,0,0,0.0000
2322,11311.13,12735.24,0,0,0.0000
2323,10968.40,12486.02,0,0,0.0000
2324,11121.63,12557.61,0,0,0.0000
2325,11193.07,12574.58,0,0,0.0000
2326,11536.84,12574.64,0,0,0.0000
2327,11111.76,12592.96,0,0,0.0000
2328,11554.69,12671.33,0,0,0.0000
2329,11487.12,12869.48,0,0,0.0000
2330,11012.08,12717.90,0,0,0.0000
2331,11351.01,13046.62,0,0,0.0000
2332,11312.92,12877.40,0,0,0.0000
2333,11914.31,12740.25,0,0,0.0000
2334,12164.10,13075.45,0,0,0.0000
2335,11792.13,13143.91,0,0,0.0000
2336,11742.64,13025.95,0,0,0.0000
2337,12136.45,12488.01,NaN,NaN,NaN
2338,12401.60,13042.58,0,0,0.0000
2339,12339.75,12980.01,0,0,0.0000
2340,11822.75,12797.40,0,0,0.0000
2341,11766.69,12873.96,0,0,0.0000
2342,11953.72,12806.00,0,0,0.0000
2343,12224.38,13174.26,0,0,0.0000
2344,12366.77,12913.10,0,0,0.0000
2345,11788.48,12702.72,0,0,0.0000
2346,12022.04,13100.12,0,0,0.0000
2347,11965.59,12878.03,0,0,0.0000
2348,11946.15,13087.46,0,0,0.0000
2349,12270.33,13118.77,0,0,0.0000
2350,11881.14,13057.05,0,0,0.0000
2351,11867.56,12875.79,0,0,0.0000
2352,11665.87,12743.01,0,0,0.0000
2353,12379.33,12778.20,0,0,0.0000
2354,11810.32,12914.00,0,0,0.0000
2355,12088.32,13086.60,0,0,0.0000
2356,11878.25,12939.48,0,0,0.0000
2357,12061.85,13150.77,0,0,0.0000
2358,11819.20,13049.82,0,0,0.0000
2359,12225.03,12966.01,0,0,0.0000
2360,11679.55,12786.05,0,0,0.0000
2361,11975.80,12987.83,0,0,0.0000
2362,11763.74,12785.44,0,0,0.0000
2363,11926.47,12888.16,0,0,0.0000
2364,11901.14,12811.17,0,0,0.0000
2365,11672.24,12933.94,0,0,0.0000
2366,11785.00,12552.66,0,0,0.0000
2367,11697.57,12843.34,0,0,0.0000
2368,12362.79,13113.48,0,0,0.0000
2369,12225.52,13031.89,0,0,0.0000
2370,12372.25,13172.22,0,0,0.0000
2371,11709.20,12959.83,0,0,0.0000
2372,11920.50,12975.91,0,0,0.0000
2373,11891.93,13114.79,0,0,0.0000
2374,12163.03,12418.32,0,0,0.0000
2375,12272.10,12424.98,NaN,NaN,NaN
2376,12376.42,12721.30,0,0,0.0000
2377,11971.60,13140.83,0,0,0.0000
2378,11780.97,13079.04,0,0,0.0000
2379,12240.60,13066.44,0,0,0.0000
2380,12024.22,13022.81,0,0,0.0000
2381,11674.77,13003.15,0,0,0.0000
2382,11949.21,13169.40,0,0,0.0000
2383,11895.17,12677.37,0,0,0.0000
2384,11940.14,13032.22,0,0,0.0000
2385,12202.92,12467.32,NaN,NaN,NaN
2386,11860.63,13114.56,0,0,0.0000
2387,12951.50,12535.54,0,0,0.0000
2388,12616.86,13146.51,0,0,0.0000
2389,12540.84,13035.92,0,0,0.0000
2390,12501.78,13171.76,0,0,0.0000
2391,12424.92,12971.02,0,0,0.0000
2392,13055.89,12620.42,0,0,0.0000
2393,13159.20,12616.13,0,0,0.0000
2394,12557.34,13085.26,0,0,0.0000
2395,12990.52,12632.73,0,0,0.0000
2396,12505.22,12952.20,0,0,0.0000
2397,12479.98,13020.57,0,0,0.0000
2398,12823.06,12666.66,0,0,0.0000
2399,12574.18,13148.61,0,0,0.0000
2400,13128.13,12653.05,0,0,0.0000
2401,12483.69,13090.29,0,0,0.0000
2402,13160.05,12538.69,0,0,0.0000
2403,12416.13,12873.17,0,0,0.0000
2404,12416.59,13151.58,0,0,0.0000
2405,12858.64,12612.33,0,0,0.0000
2406,13094.74,12606.52,0,0,0.0000
2407,12425.92,13105.20,0,0,0.0000
2408,12903.59,12641.56,0,0,0.0000
2409,12664.79,13075.94,0,0,0.0000
2410,13054.91,12535.63,0,0,0.0000
2411,12467.28,13122.00,0,0,0.0000
2412,13040.12,12575.54,0,0,0.0000
2413,13181.22,12587.26,0,0,0.0000
2414,13193.35,12718.84,0,0,0.0000
2415,13188.35,12467.14,0,0,0.0000
2416,13188.90,12662.50,0,0,0.0000
2417,13367.17,12554.48,0,0,0.0000
2418,13223.37,12543.64,0,0,0.0000
2419,13361.09,12507.89,0,0,0.0000
2420,13192.43,12535.17,0,0,0.0000
2421,13310.40,12558.87,0,0,0.0000
2422,13330.72,12577.32,0,0,0.0000
2423,15790.00,12615.44,0,0,0.0000
2424,16147.11,12776.04,0,0,0.0000
2425,15994.33,12711.62,0,0,0.0000
2426,15946.00,12739.01,0,0,0.0000
2427,16137.81,12531.72,0,0,0.0000
2428,16219.83,12460.64,0,0,0.0000
2429,15787.17,12700.19,0,0,0.0000
2430,15977.61,12606.61,0,0,0.0000
2431,16220.44,12566.23,0,0,0.0000
2432,15594.76,12604.88,0,0,0.0000
2433,15877.31,12764.21,0,0,0.0000
2434,16031.68,12595.68,0,0,0.0000
2435,16132.83,12483.00,0,0,0.0000
2436,15779.06,12572.29,0,0,0.0000
2437,15662.53,12637.24,0,0,0.0000
2438,16224.65,12592.16,0,0,0.0000
2439,16049.48,12739.81,0,0,0.0000
2440,16154.41,12571.59,0,0,0.0000
2441,16176.07,12427.07,0,0,0.0000
2442,16314.82,12784.36,0,0,0.0000
2443,16344.70,12417.57,2,4,2.0000
2444,16271.86,12903.38,0,0,0.0000
2445,16371.11,13025.45,0,0,0.0000
2446,16326.83,12994.59,0,0,0.0000
2447,16388.76,12931.43,0,0,0.0000
2448,16330.59,12495.45,0,0,0.0000
2449,16268.15,12527.14,0,0,0.0000
2450,16266.96,12835.59,0,0,0.0000
2451,17002.40,12674.12,0,0,0.0000
2452,16394.14,12797.34,0,0,0.0000
2453,16299.22,12970.66,0,0,0.0000
2454,16353.80,12850.29,0,0,0.0000
2455,16287.49,12814.80,0,0,0.0000
2456,16323.67,12884.28,0,0,0.0000
2457,16311.64,12939.03,0,0,0.0000
2458,16992.40,12722.86,0,0,0.0000
2459,16347.96,12919.00,0,0,0.0000
2460,17571.49,13025.62,0,0,0.0000
2461,17578.50,13139.38,0,0,0.0000
2462,17615.89,12438.66,0,0,0.0000
2463,17580.36,12534.11,0,0,0.0000
2464,17365.22,12698.28,0,0,0.0000
2465,17089.37,12752.06,0,0,0.0000
2466,17308.49,13069.01,2,4,2.0000
2467,17162.18,12887.37,0,0,0.0000
2468,17346.53,12993.76,NaN,NaN,NaN
2469,17201.93,13036.17,0,0,0.0000
2470,17502.84,12515.19,0,0,0.0000
2471,17104.16,12922.63,0,0,0.0000
2472,17257.45,12922.19,0,0,0.0000
2473,17058.21,13050.96,0,0,0.0000
2474,17255.71,12422.67,0,0,0.0000
2475,17413.00,13122.35,0,0,0.0000
2476,17106.55,12857.69,0,0,0.0000
2477,17330.03,12921.27,NaN,NaN,NaN
2478,17390.67,12923.06,NaN,NaN,NaN
2479,17246.49,13058.40,0,0,0.0000
2480,17083.83,13014.52,0,0,0.0000
2481,17458.38,12551.55,0,0,0.0000
2482,17311.20,12492.06,0,0,0.0000
2483,17397.54,12436.91,0,0,0.0000
2484,17238.66,13119.93,0,0,0.0000
2485,17358.65,12607.35,0,0,0.0000
2486,17073.07,12970.58,0,0,0.0000
2487,17164.08,12801.16,0,0,0.0000
2488,17678.31,13074.51,0,0,0.0000
2489,17131.04,13099.61,0,0,0.0000
2490,17368.24,13168.25,0,0,0.0000
2491,17450.80,12424.56,0,0,0.0000
2492,17256.14,12812.43,0,0,0.0000
2493,17162.24,13125.83,0,0,0.0000
2494,17555.28,12420.37,0,0,0.0000
2495,17200.83,13142.20,0,0,0.0000
2496,17419.21,13018.90,NaN,NaN,NaN
2497,17546.58,12569.18,0,0,0.0000
2498,17331.44,13140.36,NaN,NaN,NaN
2499,17178.05,12942.46,0,0,0.0000
2500,17465.20,12479.88,0,0,0.0000
2501,17276.61,12599.66,0,0,0.0000
2502,17408.50,12533.18,0,0,0.0000
2503,17370.15,12487.65,0,0,0.0000
2504,17089.24,12817.18,0,0,0.0000
2505,17254.12,13159.78,0,0,0.0000
2506,17755.97,13124.51,0,0,0.0000
2507,17777.70,12441.49,0,0,0.0000
2508,17079.43,13120.67,0,0,0.0000
2509,17431.29,12542.22,0,0,0.0000
2510,17369.74,12534.29,0,0,0.0000
2511,17271.22,12997.76,0,0,0.0000
2512,17179.85,12999.93,0,0,0.0000
2513,17359.72,13070.74,0,0,0.0000
2514,17292.90,12445.06,0,0,0.0000
2515,17131.90,13016.60,0,0,0.0000
2516,17245.08,12874.47,0,0,0.0000
2517,17273.44,12512.79,0,0,0.0000
2518,17290.30,13128.88,0,0,0.0000
2519,17048.01,13089.37,0,0,0.0000
2520,17318.78,13178.85,0,0,0.0000
2521,17635.06,12564.61,0,0,0.0000
2522,17399.23,12592.11,0,0,0.0000
2523,18526.61,12478.79,0,0,0.0000
2524,18524.09,12667.17,0,0,0.0000
2525,18424.33,12635.92,0,0,0.0000
2526,18072.14,12522.00,0,0,0.0000
2527,18398.63,12726.58,0,0,0.0000
2528,18147.01,12460.07,0,0,0.0000
2529,18327.75,12470.82,0,0,0.0000
2530,17863.90,12484.47,0,0,0.0000
2531,17936.75,12464.28,0,0,0.0000
2532,18287.12,12564.77,0,0,0.0000
2533,18175.66,12551.46,0,0,0.0000
2534,18106.21,12600.40,0,0,0.0000
2535,18500.59,12600.27,0,0,0.0000
2536,18584.10,12915.08,0,0,0.0000
2537,18503.84,12817.50,0,0,0.0000
2538,18277.75,12735.48,NaN,NaN,NaN
2539,17826.17,12424.54,0,0,0.0000
2540,18471.42,12754.63,0,0,0.0000
2541,18011.22,12694.41,0,0,0.0000
2542,18000.12,12563.82,0,0,0.0000
2543,18430.51,12487.69,0,0,0.0000
2544,18240.31,12638.01,0,0,0.0000
2545,18543.39,12770.32,0,0,0.0000
2546,17878.48,12638.68,0,0,0.0000
2547,18230.15,12498.58,0,0,0.0000
2548,17992.23,12482.54,0,0,0.0000
2549,18222.33,12689.02,0,0,0.0000
2550,17923.66,12671.67,0,0,0.0000
2551,18445.56,12424.44,0,0,0.0000
2552,18064.34,12669.10,0,0,0.0000
2553,18216.42,12803.99,0,0,0.0000
2554,17801.17,12487.32,0,0,0.0000
2555,18190.34,12639.19,0,0,0.0000
2556,18298.82,12613.93,0,0,0.0000
2557,18254.42,12435.04,0,0,0.0000
2558,18416.75,12552.02,0,0,0.0000
2559,18350.91,12627.72,0,0,0.0000
2560,18534.56,12890.76,0,0,0.0000
2561,18346.80,12697.85,NaN,NaN,NaN
2562,17902.17,12523.78,0,0,0.0000
2563,18537.15,12849.60,0,0,0.0000
2564,17956.84,12639.84,0,0,0.0000
2565,17992.93,12590.85,0,0,0.0000
2566,18634.22,12815.26,0,0,0.0000
2567,18624.76,12441.88,0,0,0.0000
2568,18283.15,12490.09,0,0,0.0000
2569,18602.94,12532.73,0,0,0.0000
2570,18590.03,12641.95,0,0,0.0000
2571,18630.62,12786.31,0,0,0.0000
2572,18218.61,12848.94,0,0,0.0000
2573,18431.99,12789.69,0,0,0.0000
2574,17880.79,12423.93,0,0,0.0000
2575,18204.30,12458.20,0,0,0.0000
2576,18361.77,12553.32,0,0,0.0000
2577,18606.04,12681.66,0,0,0.0000
2578,18325.97,12753.17,0,0,0.0000
2579,18460.66,12702.99,0,0,0.0000
2580,18611.35,12579.43,0,0,0.0000
2581,18050.32,12562.07,0,0,0.0000
2582,1639.16,13933.62,0,0,0.0000
2583,1360.43,13946.33,0,0,0.0000
2584,1721.52,13893.35,0,0,0.0000
2585,3198.59,13846.68,0,0,0.0000
2586,3141.16,13886.09,0,0,0.0000
2587,3928.66,13807.33,0,0,0.0000
2588,3242.04,13872.80,0,0,0.0000
2589,3889.56,13871.49,0,0,0.0000
2590,3319.71,13853.43,0,0,0.0000
2591,3857.18,13822.96,0,0,0.0000
2592,3917.38,13947.28,0,0,0.0000
2593,3948.46,13915.95,0,0,0.0000
2594,3338.48,13917.85,0,0,0.0000
2595,3267.08,13815.15,0,0,0.0000
2596,3402.36,13909.16,0,0,0.0000
2597,4129.25,13903.48,0,0,0.0000
2598,4318.16,13715.33,NaN,NaN,NaN
2599,4311.74,13647.99,0,0,0.0000
2600,4466.58,13473.79,0,0,0.0000
2601,4000.53,13793.42,0,0,0.0000
2602,4081.48,13776.19,0,0,0.0000
2603,4035.67,13835.68,0,0,0.0000
2604,4228.84,13556.47,0,0,0.0000
2605,4368.05,13950.42,0,0,0.0000
2606,4351.78,13897.15,0,0,0.0000
2607,4227.49,13807.02,0,0,0.0000
2608,4152.67,13760.32,0,0,0.0000
2609,4381.52,13729.49,0,0,0.0000
2610,4534.62,13781.41,0,0,0.0000
2611,4302.12,13783.79,0,0,0.0000
2612,3972.94,13709.95,0,0,0.0000
2613,4469.02,13741.83,0,0,0.0000
2614,4394.42,13483.83,0,0,0.0000
2615,4501.98,13825.73,0,0,0.0000
2616,4142.06,13846.15,0,0,0.0000
2617,4365.10,13804.74,0,0,0.0000
2618,4298.67,13852.54,0,0,0.0000
2619,4512.82,13697.38,0,0,0.0000
2620,4426.52,13541.60,0,0,0.0000
2621,4258.02,13690.83,2,2,0.0000
2622,4245.57,13840.07,0,0,0.0000
2623,4261.82,13908.95,0,0,0.0000
2624,4278.47,13579.68,0,0,0.0000
2625,4241.33,13608.99,0,0,0.0000
2626,6102.58,13197.05,0,0,0.0000
2627,5942.15,13902.31,0,0,0.0000
2628,5767.05,13900.85,0,0,0.0000
2629,6086.48,13897.79,0,0,0.0000
2630,6254.97,13198.31,0,0,0.0000
2631,6247.90,13242.65,0,0,0.0000
2632,6153.17,13300.83,0,0,0.0000
2633,6214.82,13272.24,0,0,0.0000
2634,6234.60,13295.78,0,0,0.0000
2635,6871.50,13425.21,0,0,0.0000
2636,6870.79,13524.31,0,0,0.0000
2637,6410.18,13368.16,0,0,0.0000
2638,6506.75,13309.75,0,0,0.0000
2639,6702.16,13369.67,0,0,0.0000
2640,7010.42,13324.22,0,0,0.0000
2641,7021.69,13472.41,0,0,0.0000
2642,6687.84,13597.88,0,0,0.0000
2643,6595.26,13371.57,0,0,0.0000
2644,6818.02,13651.30,0,0,0.0000
2645,6911.06,13635.29,0,0,0.0000
2646,6596.05,13241.46,0,0,0.0000
2647,6593.54,13297.46,0,0,0.0000
2648,6930.89,13691.78,NaN,NaN,NaN
2649,6644.22,13409.24,0,0,0.0000
2650,6987.56,13424.05,0,0,0.0000
2651,6559.94,13202.54,0,0,0.0000
2652,6748.54,13493.23,0,0,0.0000
2653,6508.53,13228.57,0,0,0.0000
2654,6949.41,13444.72,0,0,0.0000
2655,6801.14,13511.99,0,0,0.0000
2656,6940.46,13564.23,0,0,0.0000
2657,7015.07,13588.89,0,0,0.0000
2658,6750.74,13253.78,0,0,0.0000
2659,6983.07,13638.51,0,0,0.0000
2660,6672.27,13244.41,0,0,0.0000
2661,6676.85,13295.52,0,0,0.0000
2662,6981.74,13722.07,0,0,0.0000
2663,6726.91,13277.59,0,0,0.0000
2664,6353.41,13245.10,0,0,0.0000
2665,6820.93,13424.11,0,0,0.0000
2666,6715.56,13568.87,0,0,0.0000
2667,6791.40,13395.49,0,0,0.0000
2668,6868.13,13688.07,NaN,NaN,NaN
2669,6745.86,13563.88,0,0,0.0000
2670,6412.91,13234.43,0,0,0.0000
2671,6300.69,13248.93,0,0,0.0000
2672,6894.45,13756.29,0,0,0.0000
2673,6718.19,13450.93,0,0,0.0000
2674,7001.43,13531.21,0,0,0.0000
2675,6447.30,13222.96,0,0,0.0000
2676,6627.44,13188.69,0,0,0.0000
2677,6950.89,13756.54,0,0,0.0000
2678,6793.38,13455.00,0,0,0.0000
2679,6684.67,13447.45,0,0,0.0000
2680,7317.62,13791.36,0,0,0.0000
2681,7229.68,13669.39,0,0,0.0000
2682,7098.11,13324.73,0,0,0.0000
2683,7095.45,13622.86,0,0,0.0000
2684,7806.23,13400.43,0,0,0.0000
2685,7574.67,13520.23,0,0,0.0000
2686,7052.70,13897.00,0,0,0.0000
2687,7627.18,13600.14,0,0,0.0000
2688,7110.67,13950.47,0,0,0.0000
2689,7229.62,13399.01,0,0,0.0000
2690,7265.79,13589.60,0,0,0.0000
2691,7666.02,13518.49,0,0,0.0000
2692,7428.45,13347.53,0,0,0.0000
2693,7470.75,13678.73,NaN,NaN,NaN
2694,7120.77,13722.89,0,0,0.0000
2695,7226.32,13479.05,0,0,0.0000
2696,7199.90,13741.31,0,0,0.0000
2697,7167.42,13600.61,0,0,0.0000
2698,7153.90,13690.51,0,0,0.0000
2699,7259.70,13876.21,0,0,0.0000
2700,7598.51,13663.53,0,0,0.0000
2701,7559.65,13564.01,0,0,0.0000
2702,7449.86,13305.32,0,0,0.0000
2703,7608.85,13467.91,0,0,0.0000
2704,7426.53,13645.06,0,0,0.0000
2705,7560.28,13652.23,0,0,0.0000
2706,7133.90,13898.35,0,0,0.0000
2707,7524.09,13571.75,0,0,0.0000
2708,7042.53,13720.17,0,0,0.0000
2709,7476.37,13363.25,0,0,0.0000
2710,7105.54,13436.57,0,0,0.0000
2711,7706.05,13595.10,0,0,0.0000
2712,7086.95,13836.29,0,0,0.0000
2713,7279.25,13539.12,0,0,0.0000
2714,7797.73,13461.92,0,0,0.0000
2715,7224.23,13814.34,0,0,0.0000
2716,7184.62,13862.42,0,0,0.0000
2717,7069.69,13760.95,0,0,0.0000
2718,7272.48,13730.60,0,0,0.0000
2719,7420.38,13851.29,NaN,NaN,NaN
2720,7469.59,13447.34,0,0,0.0000
2721,7687.22,13475.41,0,0,0.0000
2722,7274.99,13935.77,0,0,0.0000
2723,7522.53,13606.25,0,0,0.0000
2724,7796.00,13511.16,0,0,0.0000
2725,7163.50,13504.76,0,0,0.0000
2726,7136.09,13820.39,0,0,0.0000
2727,7170.75,13355.19,0,0,0.0000
2728,7569.15,13425.22,0,0,0.0000
2729,7403.47,13294.30,0,0,0.0000
2730,7130.88,13544.54,0,0,0.0000
2731,7404.41,13480.57,0,0,0.0000
2732,7737.58,13446.84,0,0,0.0000
2733,7400.36,13685.33,0,0,0.0000
2734,8450.05,13851.70,0,0,0.0000
2735,8566.04,13827.20,NaN,NaN,NaN
2736,8466.88,13780.37,0,0,0.0000
2737,8327.39,13767.94,0,0,0.0000
2738,8309.77,13892.47,0,0,0.0000
2739,7834.21,13526.55,0,0,0.0000
2740,8563.00,13758.44,0,0,0.0000
2741,8384.84,13741.17,0,0,0.0000
2742,7863.46,13444.63,0,0,0.0000
2743,8554.79,13896.19,0,0,0.0000
2744,8355.15,13844.75,0,0,0.0000
2745,8477.44,13720.91,0,0,0.0000
2746,8438.18,13720.19,0,0,0.0000
2747,7889.27,13487.48,0,0,0.0000
2748,7886.89,13555.91,0,0,0.0000
2749,8443.67,13907.51,0,0,0.0000
2750,8524.46,13674.06,0,0,0.0000
2751,8531.97,13945.44,0,0,0.0000
2752,8714.25,13731.81,0,0,0.0000
2753,8927.11,13651.03,0,0,0.0000
2754,8669.41,13855.17,0,0,0.0000
2755,8909.71,13790.90,0,0,0.0000
2756,8812.78,13655.75,0,0,0.0000
2757,8823.20,13758.39,0,0,0.0000
2758,9287.00,13875.64,0,0,0.0000
2759,8611.09,13940.41,0,0,0.0000
2760,8648.73,13900.48,0,0,0.0000
2761,8878.67,13871.76,0,0,0.0000
2762,8722.48,13927.70,0,0,0.0000
2763,8780.45,13607.42,0,0,0.0000
2764,8596.28,13687.15,0,0,0.0000
2765,8654.64,13788.21,0,0,0.0000
2766,9212.16,13877.22,0,0,0.0000
2767,8760.57,13909.94,0,0,0.0000
2768,8752.88,13866.76,0,0,0.0000
2769,9314.93,13746.18,0,0,0.0000
2770,8752.03,13658.63,0,0,0.0000
2771,9252.01,13773.22,0,0,0.0000
2772,9145.03,13705.67,0,0,0.0000
2773,9667.51,13896.77,NaN,NaN,NaN
2774,9757.95,13779.84,3,2,0.0000
2775,9955.89,13263.66,3,4,0.0000
2776,9494.39,13737.21,NaN,NaN,NaN
2777,9519.54,13830.89,2,1,0.0000
2778,9352.34,13951.15,0,0,0.0000
2779,9826.00,13924.82,3,5,0.0000
2780,9928.97,13949.85,3,3,0.0000
2781,9429.11,13852.70,0,0,0.0000
2782,10058.95,13918.09,4,5,0.0000
2783,10055.55,13399.25,0,0,0.0000
2784,9747.91,13217.49,0,0,0.0000
2785,9668.11,13700.24,NaN,NaN,NaN
2786,9419.59,13683.22,0,0,0.0000
2787,10063.03,13290.72,NaN,NaN,NaN
2788,9790.05,13260.62,0,0,0.0000
2789,9868.18,13389.28,0,0,0.0000
2790,9875.49,13319.56,NaN,NaN,NaN
2791,9474.20,13598.09,0,0,0.0000
2792,9346.02,13709.22,0,0,0.0000
2793,10045.18,13503.47,2,2,0.0000
2794,9825.99,13217.35,0,0,0.0000
2795,9749.87,13315.15,0,0,0.0000
2796,9388.63,13594.14,0,0,0.0000
2797,9476.35,13893.09,0,0,0.0000
2798,9722.96,13696.96,NaN,NaN,NaN
2799,9954.33,13194.37,NaN,NaN,NaN
2800,10001.70,13195.64,2,1,0.0000
2801,9821.96,13321.55,NaN,NaN,NaN
2802,9578.31,13737.29,NaN,NaN,NaN
2803,9917.07,13349.97,0,0,0.0000
2804,9639.45,13741.94,0,0,0.0000
2805,9410.66,13748.92,0,0,0.0000
2806,10092.76,13338.12,2,3,0.0000
2807,9877.37,13240.23,NaN,NaN,NaN
2808,9850.88,13254.05,3,2,0.0000
2809,9366.24,13757.37,0,0,0.0000
2810,9891.04,13208.57,0,0,0.0000
2811,9735.32,13873.69,NaN,NaN,NaN
2812,9450.35,13630.04,0,0,0.0000
2813,10149.34,13277.80,2,3,0.0000
2814,10637.99,13308.39,2,5,2.5000
2815,10376.35,13226.97,0,0,0.0000
2816,10810.17,13334.29,3,6,2.0000
2817,10131.95,13420.64,2,2,0.0000
2818,10474.77,13278.01,0,0,0.0000
2819,10236.99,13663.95,0,0,0.0000
2820,10472.12,13196.91,NaN,NaN,NaN
2821,10605.55,13197.12,2,2,0.0000
2822,10695.65,13210.64,NaN,NaN,NaN
2823,10671.51,13403.56,NaN,NaN,NaN
2824,10553.42,13302.92,0,0,0.0000
2825,10551.48,13405.54,0,0,0.0000
2826,10439.34,13473.75,0,0,0.0000
2827,10248.82,13497.92,NaN,NaN,NaN
2828,10589.69,13463.15,2,2,0.0000
2829,10275.27,13187.39,NaN,NaN,NaN
2830,10571.32,13546.80,NaN,NaN,NaN
2831,10498.48,13540.10,NaN,NaN,NaN
2832,10815.50,13228.87,NaN,NaN,NaN
2833,10243.78,13364.47,0,0,0.0000
2834,10359.34,13370.60,NaN,NaN,NaN
2835,10229.09,13288.48,NaN,NaN,NaN
2836,10459.34,13607.44,0,0,0.0000
2837,10379.77,13297.88,0,0,0.0000
2838,10280.21,13323.46,NaN,NaN,NaN
2839,10424.78,13551.33,0,0,0.0000
2840,10384.68,13564.09,NaN,NaN,NaN
2841,10403.15,13360.26,NaN,NaN,NaN
2842,10241.46,13220.71,0,0,0.0000
2843,10331.35,13575.48,0,0,0.0000
2844,10393.19,13635.00,NaN,NaN,NaN
2845,10618.19,13517.96,2,3,0.0000
2846,10194.65,13494.33,NaN,NaN,NaN
2847,10716.40,13331.25,NaN,NaN,NaN
2848,10209.74,13541.01,NaN,NaN,NaN
2849,10304.38,13275.47,NaN,NaN,NaN
2850,10478.43,13361.25,0,0,0.0000
2851,10282.01,13596.84,0,0,0.0000
2852,10646.66,13465.62,NaN,NaN,NaN
2853,10195.64,13383.87,2,2,0.0000
2854,10393.41,13510.73,0,0,0.0000
2855,10568.75,13625.87,0,0,0.0000
2856,10226.44,13434.22,0,0,0.0000
2857,10518.65,13489.67,0,0,0.0000
2858,10361.49,13526.93,0,0,0.0000
2859,11553.92,13613.77,0,0,0.0000
2860,11470.33,13325.38,0,0,0.0000
2861,11611.45,13313.03,0,0,0.0000
2862,11220.43,13949.98,NaN,NaN,NaN
2863,11501.74,13195.45,0,0,0.0000
2864,11489.34,13831.44,0,0,0.0000
2865,11546.72,13375.40,0,0,0.0000
2866,11340.54,13916.04,0,0,0.0000
2867,11489.32,13259.03,NaN,NaN,NaN
2868,11336.50,13871.36,NaN,NaN,NaN
2869,11572.13,13740.24,0,0,0.0000
2870,11532.24,13776.86,0,0,0.0000
2871,11476.15,13394.15,0,0,0.0000
2872,11553.63,13476.96,0,0,0.0000
2873,11624.82,13464.01,0,0,0.0000
2874,11581.96,13446.73,0,0,0.0000
2875,11118.57,13907.05,0,0,0.0000
2876,11410.42,13915.46,0,0,0.0000
2877,11647.68,13789.11,0,0,0.0000
2878,11628.38,13703.91,0,0,0.0000
2879,11622.09,13847.12,0,0,0.0000
2880,11644.10,13537.29,0,0,0.0000
2881,11604.11,13519.28,0,0,0.0000
2882,11607.59,13407.39,0,0,0.0000
2883,11606.91,13810.79,0,0,0.0000
2884,12198.43,13308.33,0,0,0.0000
2885,11736.04,13736.06,0,0,0.0000
2886,11683.99,13915.66,0,0,0.0000
2887,11877.81,13500.14,0,0,0.0000
2888,12142.84,13833.84,0,0,0.0000
2889,11894.55,13257.58,0,0,0.0000
2890,11930.18,13357.67,0,0,0.0000
2891,11895.43,13778.68,0,0,0.0000
2892,11796.00,13642.63,0,0,0.0000
2893,11944.75,13559.19,0,0,0.0000
2894,11844.29,13336.01,0,0,0.0000
2895,12162.17,13416.87,0,0,0.0000
2896,12330.29,13263.89,0,0,0.0000
2897,12296.52,13395.30,0,0,0.0000
2898,11719.65,13196.23,0,0,0.0000
2899,11715.43,13525.26,0,0,0.0000
2900,11759.42,13371.84,0,0,0.0000
2901,12054.91,13885.84,0,0,0.0000
2902,11685.02,13841.08,0,0,0.0000
2903,11686.57,13580.00,0,0,0.0000
2904,11977.12,13724.68,0,0,0.0000
2905,12069.43,13483.44,0,0,0.0000
2906,11845.91,13814.51,0,0,0.0000
2907,12046.75,13423.14,0,0,0.0000
2908,12117.94,13188.52,0,0,0.0000
2909,11737.45,13598.66,0,0,0.0000
2910,12001.77,13494.08,0,0,0.0000
2911,11985.20,13265.84,0,0,0.0000
2912,12129.97,13700.23,0,0,0.0000
2913,12273.78,13305.76,0,0,0.0000
2914,11948.14,13453.85,0,0,0.0000
2915,11671.28,13267.15,0,0,0.0000
2916,11837.85,13697.69,0,0,0.0000
2917,12129.52,13275.92,0,0,0.0000
2918,12075.25,13773.94,0,0,0.0000
2919,11975.41,13208.00,0,0,0.0000
2920,11862.89,13591.10,0,0,0.0000
2921,11665.49,13648.03,0,0,0.0000
2922,11851.52,13911.71,0,0,0.0000
2923,11668.03,13702.34,0,0,0.0000
2924,12081.28,13626.55,0,0,0.0000
2925,12205.59,13499.17,0,0,0.0000
2926,11910.51,13932.34,0,0,0.0000
2927,12392.54,13293.51,0,0,0.0000
2928,12366.38,13356.09,0,0,0.0000
2929,12120.10,13590.99,0,0,0.0000
2930,11802.11,13314.66,0,0,0.0000
2931,12206.73,13428.75,0,0,0.0000
2932,12408.01,13224.39,0,0,0.0000
2933,11731.06,13277.40,0,0,0.0000
2934,12099.04,13703.95,0,0,0.0000
2935,12102.20,13331.94,0,0,0.0000
2936,11655.85,13388.70,0,0,0.0000
2937,12030.71,13187.66,0,0,0.0000
2938,11777.62,13782.00,0,0,0.0000
2939,12128.37,13483.65,0,0,0.0000
2940,12143.27,13663.34,0,0,0.0000
2941,12293.57,13869.81,0,0,0.0000
2942,12098.26,13383.53,0,0,0.0000
2943,12375.99,13593.45,0,0,0.0000
2944,11971.99,13324.92,0,0,0.0000
2945,12083.96,13555.04,0,0,0.0000
2946,11785.84,13238.47,0,0,0.0000
2947,12336.01,13598.98,0,0,0.0000
2948,12330.52,13749.15,0,0,0.0000
2949,11756.76,13313.69,0,0,0.0000
2950,12022.96,13327.95,0,0,0.0000
2951,12383.19,13690.83,0,0,0.0000
2952,12050.11,13704.05,0,0,0.0000
2953,11990.48,13633.20,0,0,0.0000
2954,12193.53,13627.23,0,0,0.0000
2955,11676.77,13332.72,0,0,0.0000
2956,12041.13,13280.47,0,0,0.0000
2957,11815.69,13400.28,0,0,0.0000
2958,12552.50,13841.99,0,0,0.0000
2959,12609.91,13524.50,0,0,0.0000
2960,12525.34,13682.25,0,0,0.0000
2961,12474.51,13231.26,0,0,0.0000
2962,12452.88,13917.48,0,0,0.0000
2963,12671.71,13601.62,0,0,0.0000
2964,12506.81,13284.36,0,0,0.0000
2965,12449.70,13309.90,0,0,0.0000
2966,12458.96,13585.05,0,0,0.0000
2967,12638.83,13300.56,0,0,0.0000
2968,12483.45,13616.15,0,0,0.0000
2969,12428.47,13352.88,0,0,0.0000
2970,12568.03,13265.69,0,0,0.0000
2971,12559.87,13358.20,0,0,0.0000
2972,12621.49,13461.48,0,0,0.0000
2973,12522.50,13773.42,0,0,0.0000
2974,12620.11,13578.67,0,0,0.0000
2975,12614.42,13617.91,0,0,0.0000
2976,12487.12,13821.27,0,0,0.0000
2977,12547.36,13445.54,0,0,0.0000
2978,12554.06,13402.22,0,0,0.0000
2979,12466.47,13680.34,0,0,0.0000
2980,12649.24,13573.75,0,0,0.0000
2981,12488.31,13396.20,0,0,0.0000
2982,12644.62,13339.11,0,0,0.0000
2983,12576.02,13315.51,0,0,0.0000
2984,12676.90,13510.28,0,0,0.0000
2985,14825.77,13759.60,0,0,0.0000
2986,15161.16,13287.89,0,0,0.0000
2987,14744.66,13928.28,0,0,0.0000
2988,14995.02,13911.71,0,0,0.0000
2989,15101.68,13373.03,0,0,0.0000
2990,15068.97,13336.45,0,0,0.0000
2991,15146.86,13334.34,NaN,NaN,NaN
2992,15100.70,13290.92,0,0,0.0000
2993,15223.79,13314.29,0,0,0.0000
2994,15175.69,13375.35,0,0,0.0000
2995,15210.64,13403.11,0,0,0.0000
2996,15192.03,13437.87,0,0,0.0000
2997,15337.89,13218.74,0,0,0.0000
2998,14842.43,13800.69,0,0,0.0000
2999,15132.02,13399.13,NaN,NaN,NaN
3000,15209.30,13356.67,0,0,0.0000
3001,17005.35,13285.05,0,0,0.0000
3002,17013.82,13744.62,0,0,0.0000
3003,16296.53,13220.73,0,0,0.0000
3004,17544.02,13586.65,0,0,0.0000
3005,17245.83,13340.56,NaN,NaN,NaN
3006,17167.46,13755.14,0,0,0.0000
3007,17086.62,13186.22,NaN,NaN,NaN
3008,17445.23,13742.74,0,0,0.0000
3009,17735.90,13672.08,0,0,0.0000
3010,17626.50,13503.94,0,0,0.0000
3011,17262.27,13768.69,0,0,0.0000
3012,17739.63,13475.48,0,0,0.0000
3013,17440.00,13650.86,0,0,0.0000
3014,17438.41,13835.54,0,0,0.0000
3015,17565.76,13432.86,0,0,0.0000
3016,17656.66,13832.26,0,0,0.0000
3017,17407.28,13566.99,0,0,0.0000
3018,17620.01,13665.80,NaN,NaN,NaN
3019,17282.06,13211.17,0,0,0.0000
3020,17383.98,13471.47,0,0,0.0000
3021,17526.54,13869.10,0,0,0.0000
3022,17335.85,13533.98,0,0,0.0000
3023,17454.28,13433.26,0,0,0.0000
3024,17781.33,13782.32,0,0,0.0000
3025,17733.01,13949.67,0,0,0.0000
3026,17416.65,13299.93,0,0,0.0000
3027,17258.10,13589.06,0,0,0.0000
3028,17186.55,13221.52,0,0,0.0000
3029,17475.40,13299.78,0,0,0.0000
3030,17238.41,13641.08,0,0,0.0000
3031,17094.69,13262.47,NaN,NaN,NaN
3032,17508.63,13386.94,0,0,0.0000
3033,17207.14,13494.29,0,0,0.0000
3034,17551.16,13237.44,0,0,0.0000
3035,17567.38,13322.82,0,0,0.0000
3036,17260.43,13853.24,0,0,0.0000
3037,17393.97,13262.62,0,0,0.0000
3038,17373.87,13219.54,0,0,0.0000
3039,17262.42,13691.83,0,0,0.0000
3040,17611.66,13757.21,0,0,0.0000
3041,17483.45,13215.68,0,0,0.0000
3042,17334.46,13693.94,0,0,0.0000
3043,17198.11,13827.83,0,0,0.0000
3044,17227.40,13212.16,0,0,0.0000
3045,17696.88,13414.91,0,0,0.0000
3046,17306.29,13572.10,0,0,0.0000
3047,17048.01,13278.13,0,0,0.0000
3048,17733.25,13557.93,0,0,0.0000
3049,17660.66,13577.22,0,0,0.0000
3050,17576.44,13901.48,0,0,0.0000
3051,17648.33,13896.12,0,0,0.0000
3052,17101.09,13482.54,0,0,0.0000
3053,17205.98,13591.94,NaN,NaN,NaN
3054,17192.12,13709.81,0,0,0.0000
3055,17377.64,13663.02,0,0,0.0000
3056,17734.55,13384.69,0,0,0.0000
3057,17548.53,13489.99,0,0,0.0000
3058,17588.83,13256.52,0,0,0.0000
3059,17319.40,13639.76,0,0,0.0000
3060,17741.13,13606.38,0,0,0.0000
3061,17647.65,13336.29,0,0,0.0000
3062,17451.32,13541.12,0,0,0.0000
3063,17325.10,13824.66,0,0,0.0000
3064,17631.82,13924.59,0,0,0.0000
3065,17551.60,13926.81,0,0,0.0000
3066,17713.37,13887.04,0,0,0.0000
3067,17508.31,13297.30,0,0,0.0000
3068,17693.55,13783.49,0,0,0.0000
3069,17433.59,13354.08,0,0,0.0000
3070,17138.32,13210.91,NaN,NaN,NaN
3071,17105.15,13607.68,0,0,0.0000
3072,17399.43,13415.41,0,0,0.0000
3073,17196.04,13337.62,NaN,NaN,NaN
3074,17508.51,13943.66,0,0,0.0000
3075,17612.38,13327.77,0,0,0.0000
3076,17299.30,13316.07,0,0,0.0000
3077,17733.38,13792.24,0,0,0.0000
3078,17212.04,13431.21,NaN,NaN,NaN
3079,17763.28,13535.77,NaN,NaN,NaN
3080,17382.36,13717.29,0,0,0.0000
3081,17656.27,13291.21,0,0,0.0000
3082,17258.40,13252.43,NaN,NaN,NaN
3083,17647.48,13244.99,0,0,0.0000
3084,17884.66,13590.16,0,0,0.0000
3085,17881.67,13524.93,0,0,0.0000
3086,18418.89,13415.19,0,0,0.0000
3087,17834.67,13731.35,0,0,0.0000
3088,18049.07,13849.03,0,0,0.0000
3089,18567.63,13293.38,0,0,0.0000
3090,17806.96,13848.94,0,0,0.0000
3091,18563.86,13524.64,0,0,0.0000
3092,17844.33,13426.74,0,0,0.0000
3093,17849.89,13652.16,0,0,0.0000
3094,18121.66,13815.29,0,0,0.0000
3095,18578.98,13418.89,0,0,0.0000
3096,18349.10,13542.98,0,0,0.0000
3097,17983.51,13803.20,0,0,0.0000
3098,17921.36,13459.96,0,0,0.0000
3099,18433.12,13608.60,0,0,0.0000
3100,17795.87,13607.50,0,0,0.0000
3101,18229.06,13951.09,0,0,0.0000
3102,18532.83,13363.79,0,0,0.0000
3103,18054.75,13913.61,0,0,0.0000
3104,18170.92,13842.35,0,0,0.0000
3105,18635.53,13239.61,0,0,0.0000
3106,18519.38,13420.14,0,0,0.0000
3107,18126.25,13893.79,0,0,0.0000
3108,17806.54,13366.15,0,0,0.0000
3109,18219.55,13908.65,0,0,0.0000
3110,18483.32,13408.02,0,0,0.0000
3111,18632.72,13654.99,0,0,0.0000
3112,18174.03,13938.33,0,0,0.0000
3113,18670.00,13436.24,0,0,0.0000
3114,18392.07,13458.28,0,0,0.0000
3115,18378.45,13607.02,0,0,0.0000
3116,17818.35,13463.37,0,0,0.0000
3117,18636.63,13348.20,0,0,0.0000
3118,18319.80,13447.37,0,0,0.0000
3119,18416.82,13546.45,0,0,0.0000
3120,18620.28,13581.78,0,0,0.0000
3121,17842.54,13331.12,0,0,0.0000
3122,18226.21,13870.25,0,0,0.0000
3123,702.82,14159.26,0,0,0.0000
3124,684.83,14504.44,0,0,0.0000
3125,645.32,14190.35,0,0,0.0000
3126,745.70,14483.91,0,0,0.0000
3127,449.97,14563.45,0,0,0.0000
3128,714.07,14494.02,0,0,0.0000
3129,774.26,14626.03,0,0,0.0000
3130,688.27,14623.89,0,0,0.0000
3131,626.18,14494.04,0,0,0.0000
3132,401.20,14575.23,0,0,0.0000
3133,1540.97,14330.07,0,0,0.0000
3134,1328.92,14305.64,0,0,0.0000
3135,1213.13,14317.40,NaN,NaN,NaN
3136,1074.35,14251.64,0,0,0.0000
3137,1611.42,14327.59,0,0,0.0000
3138,1537.92,14037.94,0,0,0.0000
3139,1434.45,14147.87,0,0,0.0000
3140,1431.56,14216.81,0,0,0.0000
3141,1616.55,14100.06,0,0,0.0000
3142,1224.50,14265.67,0,0,0.0000
3143,1644.48,14349.56,0,0,0.0000
3144,1528.69,14184.71,0,0,0.0000
3145,1636.96,14425.40,0,0,0.0000
3146,1532.54,14103.80,0,0,0.0000
3147,1225.20,14556.45,0,0,0.0000
3148,1166.70,14228.38,0,0,0.0000
3149,1663.79,14232.26,0,0,0.0000
3150,1559.20,14465.90,0,0,0.0000
3151,1437.94,14278.50,0,0,0.0000
3152,1223.35,14167.86,0,0,0.0000
3153,1386.19,14508.20,0,0,0.0000
3154,1650.14,14157.91,0,0,0.0000
3155,1042.41,14453.77,0,0,0.0000
3156,1480.02,14254.30,0,0,0.0000
3157,1531.74,14257.60,0,0,0.0000
3158,1392.82,14285.62,0,0,0.0000
3159,1484.72,14423.24,0,0,0.0000
3160,1244.19,14370.87,0,0,0.0000
3161,1320.24,14175.65,0,0,0.0000
3162,1166.48,14575.06,0,0,0.0000
3163,1351.58,14204.06,0,0,0.0000
3164,1197.83,14362.32,0,0,0.0000
3165,1018.45,14409.30,0,0,0.0000
3166,1267.32,14197.14,0,0,0.0000
3167,1605.26,14200.11,0,0,0.0000
3168,1414.98,14352.31,0,0,0.0000
3169,992.19,14240.02,0,0,0.0000
3170,1518.82,14521.66,0,0,0.0000
3171,1312.59,14137.98,0,0,0.0000
3172,1171.70,14187.95,0,0,0.0000
3173,1220.69,14409.91,0,0,0.0000
3174,1232.70,13974.74,0,0,0.0000
3175,1605.27,14145.99,0,0,0.0000
3176,1453.75,14179.05,0,0,0.0000
3177,1563.55,14126.75,0,0,0.0000
3178,1296.39,14444.79,0,0,0.0000
3179,1783.94,14141.10,0,0,0.0000
3180,1714.49,14289.99,0,0,0.0000
3181,1772.12,14338.19,0,0,0.0000
3182,1855.63,14203.92,0,0,0.0000
3183,1679.51,14539.64,0,0,0.0000
3184,1706.62,14101.76,0,0,0.0000
3185,1819.25,14268.09,0,0,0.0000
3186,1746.42,14038.13,0,0,0.0000
3187,1841.63,14013.95,0,0,0.0000
3188,1755.87,13987.94,0,0,0.0000
3189,1707.22,14394.60,0,0,0.0000
3190,1730.00,14175.07,0,0,0.0000
3191,1767.22,14234.71,0,0,0.0000
3192,1669.53,14054.58,0,0,0.0000
3193,1963.21,13990.78,0,0,0.0000
3194,3151.52,14676.54,0,0,0.0000
3195,2750.80,14505.66,0,0,0.0000
3196,2525.48,14616.82,0,0,0.0000
3197,2923.66,14686.76,0,0,0.0000
3198,2804.21,14657.99,0,0,0.0000
3199,3905.00,13993.02,0,0,0.0000
3200,3629.56,14086.33,0,0,0.0000
3201,3599.38,14027.80,0,0,0.0000
3202,3691.74,14211.92,0,0,0.0000
3203,3918.26,14118.21,0,0,0.0000
3204,3468.70,14509.99,0,0,0.0000
3205,3961.70,14398.08,0,0,0.0000
3206,3850.31,14093.74,0,0,0.0000
3207,3877.76,14058.97,0,0,0.0000
3208,3742.87,14056.09,0,0,0.0000
3209,3942.69,14511.76,0,0,0.0000
3210,3215.24,14676.53,0,0,0.0000
3211,3781.18,14027.19,0,0,0.0000
3212,3531.66,14595.46,NaN,NaN,NaN
3213,3910.31,14408.37,0,0,0.0000
3214,3899.63,14354.77,0,0,0.0000
3215,4097.41,14233.11,0,0,0.0000
3216,4160.94,14092.96,0,0,0.0000
3217,4260.01,14127.68,0,0,0.0000
3218,4317.40,14297.54,0,0,0.0000
3219,4533.37,14262.35,0,0,0.0000
3220,4407.99,14218.19,0,0,0.0000
3221,4530.86,14120.70,0,0,0.0000
3222,4471.18,14481.58,NaN,NaN,NaN
3223,4723.25,14575.68,0,0,0.0000
3224,4238.70,14682.31,0,0,0.0000
3225,4551.41,14494.42,0,0,0.0000
3226,4151.57,14019.97,0,0,0.0000
3227,4109.20,13971.51,0,0,0.0000
3228,3980.13,14030.13,0,0,0.0000
3229,3972.76,14298.47,0,0,0.0000
3230,4339.06,14554.58,0,0,0.0000
3231,4113.10,14396.89,0,0,0.0000
3232,4662.75,14065.60,0,0,0.0000
3233,4218.47,14288.46,0,0,0.0000
3234,4138.92,14550.50,NaN,NaN,NaN
3235,4348.49,14136.49,0,0,0.0000
3236,4562.83,14035.51,0,0,0.0000
3237,4368.67,14369.32,0,0,0.0000
3238,4717.56,14261.40,0,0,0.0000
3239,4715.27,14119.10,NaN,NaN,NaN
3240,4533.60,14382.00,0,0,0.0000
3241,4672.85,14320.48,0,0,0.0000
3242,4021.32,14363.27,0,0,0.0000
3243,4085.21,14345.63,0,0,0.0000
3244,4260.57,14452.41,0,0,0.0000
3245,4372.01,14626.58,0,0,0.0000
3246,4211.63,14193.57,0,0,0.0000
3247,4089.54,14512.69,NaN,NaN,NaN
3248,4316.73,14456.35,0,0,0.0000
3249,4254.30,13992.32,0,0,0.0000
3250,4409.19,14556.96,0,0,0.0000
3251,4194.46,14377.60,0,0,0.0000
3252,3974.50,14175.11,0,0,0.0000
3253,3988.16,14110.94,0,0,0.0000
3254,4266.91,14606.31,0,0,0.0000
3255,4208.37,14591.68,0,0,0.0000
3256,4085.03,14455.51,0,0,0.0000
3257,4040.01,14010.63,0,0,0.0000
3258,4417.99,14080.99,2,1,0.0000
3259,4468.41,14252.31,0,0,0.0000
3260,4441.70,14414.86,0,0,0.0000
3261,4502.19,13967.63,0,0,0.0000
3262,4137.05,14468.22,0,0,0.0000
3263,4634.88,14209.45,0,0,0.0000
3264,4023.56,14527.68,2,1,0.0000
3265,4418.17,14714.38,0,0,0.0000
3266,4470.26,14184.65,0,0,0.0000
3267,4722.06,14640.75,0,0,0.0000
3268,4202.32,14718.26,0,0,0.0000
3269,4633.12,14254.52,0,0,0.0000
3270,4328.38,14702.39,0,0,0.0000
3271,4449.61,14334.55,0,0,0.0000
3272,4376.37,14005.16,0,0,0.0000
3273,4328.02,14045.09,0,0,0.0000
3274,4387.17,14460.13,0,0,0.0000
3275,4702.32,14372.66,0,0,0.0000
3276,4663.86,14631.01,0,0,0.0000
3277,4050.20,14098.52,0,0,0.0000
3278,4054.55,14568.26,2,3,0.0000
3279,4025.27,14183.64,0,0,0.0000
3280,3985.18,14491.12,2,2,0.0000
3281,4402.51,14318.53,0,0,0.0000
3282,4523.21,14603.08,0,0,0.0000
3283,4291.92,14534.22,0,0,0.0000
3284,4140.15,14713.56,0,0,0.0000
3285,4582.86,14339.64,0,0,0.0000
3286,4702.90,14407.67,0,0,0.0000
3287,4673.39,14196.61,0,0,0.0000
3288,4580.14,13986.82,0,0,0.0000
3289,4031.58,14135.84,0,0,0.0000
3290,5179.73,14513.68,NaN,NaN,NaN
3291,5179.31,14692.01,0,0,0.0000
3292,5238.51,14570.75,0,0,0.0000
3293,5242.98,14633.91,0,0,0.0000
3294,5187.55,14402.55,0,0,0.0000
3295,5311.34,14531.04,0,0,0.0000
3296,5424.03,14156.97,NaN,NaN,NaN
3297,5252.87,14460.44,0,0,0.0000
3298,5162.46,14311.82,NaN,NaN,NaN
3299,5343.14,14472.95,0,0,0.0000
3300,5375.34,14664.38,0,0,0.0000
3301,5105.86,14495.52,0,0,0.0000
3302,5494.25,14182.60,0,0,0.0000
3303,5109.03,14397.15,0,0,0.0000
3304,5108.70,14444.66,2,0,0.0000
3305,5134.70,14346.78,2,1,0.0000
3306,5143.83,14624.72,0,0,0.0000
3307,5445.07,13983.47,0,0,0.0000
3308,5903.39,14138.76,0,0,0.0000
3309,6119.27,14153.73,0,0,0.0000
3310,6242.14,14063.00,0,0,0.0000
3311,6133.33,14057.76,0,0,0.0000
3312,5754.75,14083.30,0,0,0.0000
3313,6161.39,14636.67,0,0,0.0000
3314,6261.32,14202.04,0,0,0.0000
3315,6044.93,14110.48,0,0,0.0000
3316,5959.32,14047.43,0,0,0.0000
3317,5655.57,14220.62,0,0,0.0000
3318,5700.94,13987.41,0,0,0.0000
3319,5905.46,13998.97,0,0,0.0000
3320,5843.20,13952.34,0,0,0.0000
3321,5749.13,14148.18,0,0,0.0000
3322,5618.98,14012.35,0,0,0.0000
3323,6037.14,14194.21,0,0,0.0000
3324,6137.12,14270.24,0,0,0.0000
3325,5694.42,14053.37,0,0,0.0000
3326,5546.64,14071.68,0,0,0.0000
3327,6092.50,13955.19,0,0,0.0000
3328,6037.87,14257.63,0,0,0.0000
3329,6029.45,14607.45,0,0,0.0000
3330,6004.89,14123.09,0,0,0.0000
3331,6268.84,13987.37,0,0,0.0000
3332,5767.16,13975.52,0,0,0.0000
3333,5698.88,14192.36,0,0,0.0000
3334,6221.53,14240.87,0,0,0.0000
3335,5760.71,14255.21,0,0,0.0000
3336,5567.63,13993.66,0,0,0.0000
3337,5749.41,14025.52,0,0,0.0000
3338,6055.95,14653.17,0,0,0.0000
3339,6224.20,14662.64,0,0,0.0000
3340,6151.72,13977.65,0,0,0.0000
3341,5714.66,14250.78,0,0,0.0000
3342,5776.84,14192.23,0,0,0.0000
3343,6044.46,13981.85,0,0,0.0000
3344,6194.31,14309.29,0,0,0.0000
3345,5805.90,14229.07,0,0,0.0000
3346,5994.47,14205.64,0,0,0.0000
3347,5663.62,14129.16,0,0,0.0000
3348,5585.99,14127.28,0,0,0.0000
3349,6192.76,14273.57,0,0,0.0000
3350,6332.91,14676.29,0,0,0.0000
3351,6784.23,14456.50,0,0,0.0000
3352,6888.09,14242.64,0,0,0.0000
3353,6413.26,14132.41,0,0,0.0000
3354,6977.67,14401.04,0,0,0.0000
3355,6457.58,14221.10,0,0,0.0000
3356,6568.31,14392.11,0,0,0.0000
3357,6664.69,14231.66,0,0,0.0000
3358,6698.64,14477.16,0,0,0.0000
3359,6751.18,14364.88,0,0,0.0000
3360,6904.64,14424.17,NaN,NaN,NaN
3361,6752.65,14164.96,0,0,0.0000
3362,6643.30,14071.31,0,0,0.0000
3363,6944.74,14617.81,0,0,0.0000
3364,6500.47,14076.12,0,0,0.0000
3365,6661.66,14128.60,4,6,0.0000
3366,6803.94,14323.41,0,0,0.0000
3367,6881.67,14353.86,NaN,NaN,NaN
3368,6462.76,14301.63,0,0,0.0000
3369,6339.55,14544.35,0,0,0.0000
3370,6344.74,14282.54,0,0,0.0000
3371,6370.36,13998.81,0,0,0.0000
3372,7039.03,14295.56,0,0,0.0000
3373,7016.85,14502.98,0,0,0.0000
3374,6406.72,14258.41,0,0,0.0000
3375,6778.53,14219.57,0,0,0.0000
3376,6874.46,14657.04,0,0,0.0000
3377,6679.19,14361.85,0,0,0.0000
3378,6959.82,14542.97,0,0,0.0000
3379,6947.79,14489.20,0,0,0.0000
3380,6713.84,14303.23,0,0,0.0000
3381,6925.88,14658.50,0,0,0.0000
3382,6446.86,14001.70,0,0,0.0000
3383,7028.53,14397.84,0,0,0.0000
3384,6652.17,14425.92,0,0,0.0000
3385,6431.72,14068.27,0,0,0.0000
3386,6524.54,14013.95,0,0,0.0000
3387,6584.47,14281.27,0,0,0.0000
3388,6834.94,14565.16,0,0,0.0000
3389,6427.33,14682.33,0,0,0.0000
3390,6847.40,14441.48,0,0,0.0000
3391,6783.60,14282.68,0,0,0.0000
3392,6859.54,14529.69,0,0,0.0000
3393,6366.52,14194.28,0,0,0.0000
3394,6292.85,14538.10,0,0,0.0000
3395,6606.19,14347.24,0,0,0.0000
3396,6303.27,14488.20,0,0,0.0000
3397,6543.49,14291.72,0,0,0.0000
3398,6759.31,14505.09,0,0,0.0000
3399,6295.64,14255.63,0,0,0.0000
3400,6562.74,14167.17,0,0,0.0000
3401,6321.90,13967.34,0,0,0.0000
3402,6824.92,14249.59,0,0,0.0000
3403,7580.10,14590.30,0,0,0.0000
3404,7435.62,14556.99,0,0,0.0000
3405,7538.16,14677.88,0,0,0.0000
3406,7687.19,14436.98,0,0,0.0000
3407,7294.68,14072.47,0,0,0.0000
3408,7396.66,14191.78,0,0,0.0000
3409,7073.15,14454.49,0,0,0.0000
3410,7186.01,14051.42,0,0,0.0000
3411,7236.65,13984.23,0,0,0.0000
3412,7566.13,14402.04,0,0,0.0000
3413,7690.39,14366.01,0,0,0.0000
3414,7498.15,14118.68,0,0,0.0000
3415,7384.20,14009.37,0,0,0.0000
3416,7528.39,14456.25,0,0,0.0000
3417,7536.00,14503.74,0,0,0.0000
3418,7074.05,14380.27,0,0,0.0000
3419,7419.81,13978.49,0,0,0.0000
3420,7516.53,14238.61,0,0,0.0000
3421,7322.75,14017.32,0,0,0.0000
3422,7571.37,14333.84,0,0,0.0000
3423,7356.86,14366.36,NaN,NaN,NaN
3424,7642.78,14407.37,0,0,0.0000
3425,7374.06,14084.51,0,0,0.0000
3426,7473.94,14511.54,0,0,0.0000
3427,7615.43,14347.34,0,0,0.0000
3428,7397.53,14380.07,0,0,0.0000
3429,7647.59,14553.55,0,0,0.0000
3430,7338.08,14171.45,0,0,0.0000
3431,7479.21,14582.24,0,0,0.0000
3432,7453.80,14022.86,0,0,0.0000
3433,7440.59,14134.08,0,0,0.0000
3434,7055.16,14575.40,0,0,0.0000
3435,7441.75,14357.01,0,0,0.0000
3436,7779.40,14381.88,0,0,0.0000
3437,7443.96,14330.45,0,0,0.0000
3438,7250.57,14133.54,0,0,0.0000
3439,7352.18,14215.58,0,0,0.0000
3440,7114.56,14591.04,0,0,0.0000
3441,7484.44,14218.60,0,0,0.0000
3442,7381.89,14323.30,0,0,0.0000
3443,7606.94,14497.80,0,0,0.0000
3444,7285.69,14240.48,0,0,0.0000
3445,7313.83,13969.96,0,0,0.0000
3446,7447.82,14188.81,0,0,0.0000
3447,8417.44,13967.33,0,0,0.0000
3448,7932.79,14673.31,0,0,0.0000
3449,8545.15,14042.95,NaN,NaN,NaN
3450,7943.80,14604.45,0,0,0.0000
3451,8546.11,14122.89,NaN,NaN,NaN
3452,8006.08,14696.14,0,0,0.0000
3453,8504.57,14079.89,0,0,0.0000
3454,7854.35,14454.23,0,0,0.0000
3455,8234.79,14259.77,0,0,0.0000
3456,8384.72,14032.41,0,0,0.0000
3457,7857.75,14671.03,0,0,0.0000
3458,8010.09,14638.75,0,0,0.0000
3459,8825.98,13958.27,0,0,0.0000
3460,8892.03,14163.43,0,0,0.0000
3461,8838.04,14090.14,0,0,0.0000
3462,8954.34,14238.62,0,0,0.0000
3463,8889.49,14371.60,0,0,0.0000
3464,9268.39,14009.40,0,0,0.0000
3465,8913.56,14000.92,0,0,0.0000
3466,9276.71,14691.33,0,0,0.0000
3467,8820.20,14196.05,0,0,0.0000
3468,9313.27,14176.49,0,0,0.0000
3469,8693.77,13990.32,NaN,NaN,NaN
3470,8657.22,14038.42,0,0,0.0000
3471,8822.39,14315.65,0,0,0.0000
3472,9026.56,14421.24,0,0,0.0000
3473,8724.59,14134.32,0,0,0.0000
3474,8601.76,14101.44,2,4,2.0000
3475,8698.90,14449.22,0,0,0.0000
3476,8680.19,14089.99,0,0,0.0000
3477,8970.50,14129.95,0,0,0.0000
3478,8869.68,14250.07,0,0,0.0000
3479,8804.55,14516.27,0,0,0.0000
3480,9039.84,14365.95,0,0,0.0000
3481,8760.80,14016.26,0,0,0.0000
3482,8710.56,14379.60,0,0,0.0000
3483,9275.87,14120.46,0,0,0.0000
3484,9343.31,14294.74,0,0,0.0000
3485,9288.86,14514.22,0,0,0.0000
3486,9041.59,14294.49,0,0,0.0000
3487,8757.21,13955.76,0,0,0.0000
3488,8922.25,14058.75,0,0,0.0000
3489,8972.08,14079.58,0,0,0.0000
3490,8603.36,14160.75,NaN,NaN,NaN
3491,8920.70,14301.45,0,0,0.0000
3492,8737.81,14391.85,0,0,0.0000
3493,9288.51,14631.36,0,0,0.0000
3494,9269.95,14082.88,0,0,0.0000
3495,8930.54,14100.69,0,0,0.0000
3496,9330.40,14027.35,0,0,0.0000
3497,8966.72,14348.09,0,0,0.0000
3498,9333.94,14373.51,0,0,0.0000
3499,8749.34,14317.47,0,0,0.0000
3500,9207.21,14465.84,0,0,0.0000
3501,8781.26,14049.67,0,0,0.0000
3502,9323.62,14117.06,0,0,0.0000
3503,9329.12,14489.34,0,0,0.0000
3504,8723.00,14272.07,0,0,0.0000
3505,9419.64,14392.52,2,1,0.0000
3506,9605.07,14492.15,NaN,NaN,NaN
3507,9524.62,13968.54,3,2,0.0000
3508,9934.94,14685.73,0,0,0.0000
3509,9822.86,14088.04,NaN,NaN,NaN
3510,9671.95,14613.77,NaN,NaN,NaN
3511,9853.54,14614.87,0,0,0.0000
3512,9618.58,14209.44,NaN,NaN,NaN
3513,9557.30,14348.13,0,0,0.0000
3514,9979.24,14208.90,NaN,NaN,NaN
3515,9348.40,14595.36,NaN,NaN,NaN
3516,9663.36,14090.10,NaN,NaN,NaN
3517,9475.62,14711.56,0,0,0.0000
3518,9980.37,14603.75,2,1,0.0000
3519,9702.92,14532.28,NaN,NaN,NaN
3520,9927.37,14554.44,NaN,NaN,NaN
3521,9402.93,14017.95,0,0,0.0000
3522,9862.18,14201.60,0,0,0.0000
3523,10044.52,14039.45,NaN,NaN,NaN
3524,9692.81,14681.68,0,0,0.0000
3525,9956.75,14065.13,3,2,0.0000
3526,9487.13,14627.57,0,0,0.0000
3527,9739.15,14040.98,NaN,NaN,NaN
3528,9776.89,14661.70,0,0,0.0000
3529,9695.24,14326.57,0,0,0.0000
3530,9599.82,14024.05,NaN,NaN,NaN
3531,9801.37,14547.04,0,0,0.0000
3532,9365.44,14676.71,NaN,NaN,NaN
3533,9766.32,13968.27,0,0,0.0000
3534,9557.14,14602.44,0,0,0.0000
3535,10088.17,14546.48,0,0,0.0000
3536,9979.97,14491.49,0,0,0.0000
3537,9482.96,14130.28,0,0,0.0000
3538,9471.34,14207.28,0,0,0.0000
3539,9895.44,14091.69,0,0,0.0000
3540,9692.69,14409.38,0,0,0.0000
3541,9734.69,14118.29,0,0,0.0000
3542,9394.36,14253.88,0,0,0.0000
3543,10078.99,14472.85,NaN,NaN,NaN
3544,9780.61,14481.76,0,0,0.0000
3545,9494.41,14379.99,NaN,NaN,NaN
3546,9354.66,14086.74,0,0,0.0000
3547,9528.13,14241.09,0,0,0.0000
3548,9560.54,14106.72,2,2,0.0000
3549,10104.26,14389.30,0,0,0.0000
3550,9700.27,14261.04,0,0,0.0000
3551,9786.91,14187.75,0,0,0.0000
3552,9471.06,14063.09,0,0,0.0000
3553,10107.15,14184.90,NaN,NaN,NaN
3554,9383.72,14140.22,0,0,0.0000
3555,10029.07,14437.94,0,0,0.0000
3556,9748.18,14428.02,0,0,0.0000
3557,9688.32,14187.49,NaN,NaN,NaN
3558,10102.04,14604.79,NaN,NaN,NaN
3559,9611.98,14587.63,0,0,0.0000
3560,10101.70,14091.01,4,2,0.0000
3561,9517.47,14503.60,0,0,0.0000
3562,9546.90,14677.01,NaN,NaN,NaN
3563,10050.84,14189.27,NaN,NaN,NaN
3564,10043.84,14140.35,NaN,NaN,NaN
3565,9676.74,14009.58,0,0,0.0000
3566,9866.03,14517.84,0,0,0.0000
3567,9450.43,14554.01,0,0,0.0000
3568,9486.29,14534.67,0,0,0.0000
3569,9442.63,14084.69,0,0,0.0000
3570,9587.54,14276.79,0,0,0.0000
3571,9830.25,14458.99,0,0,0.0000
3572,9461.88,14577.60,0,0,0.0000
3573,9844.20,14703.42,0,0,0.0000
3574,10037.47,14643.02,0,0,0.0000
3575,9636.12,14144.09,NaN,NaN,NaN
3576,10081.06,13976.40,0,0,0.0000
3577,10105.26,14420.75,NaN,NaN,NaN
3578,9645.65,14411.00,0,0,0.0000
3579,10731.39,14261.68,0,0,0.0000
3580,10136.49,14658.87,NaN,NaN,NaN
3581,10755.11,14365.07,NaN,NaN,NaN
3582,10776.29,14134.74,0,0,0.0000
3583,10204.64,14406.42,0,0,0.0000
3584,10222.23,14621.84,0,0,0.0000
3585,10748.15,14180.28,0,0,0.0000
3586,10164.30,14460.37,0,0,0.0000
3587,10202.86,14534.55,0,0,0.0000
3588,10533.11,14354.80,0,0,0.0000
3589,10843.07,14021.36,0,0,0.0000
3590,10170.42,14075.00,0,0,0.0000
3591,10169.91,14588.45,0,0,0.0000
3592,10342.67,14440.42,0,0,0.0000
3593,10231.72,14486.65,NaN,NaN,NaN
3594,10856.63,14400.14,0,0,0.0000
3595,10813.86,14246.15,0,0,0.0000
3596,10835.11,14318.46,NaN,NaN,NaN
3597,10466.67,14339.35,0,0,0.0000
3598,10112.12,13965.71,2,3,0.0000
3599,10793.94,14436.71,0,0,0.0000
3600,10825.18,14121.31,0,0,0.0000
3601,10145.45,13992.23,0,0,0.0000
3602,10377.43,14197.67,0,0,0.0000
3603,10190.18,14352.15,0,0,0.0000
3604,10663.00,14273.50,0,0,0.0000
3605,10484.79,14302.66,0,0,0.0000
3606,10838.29,14213.61,0,0,0.0000
3607,10140.99,14556.40,0,0,0.0000
3608,10337.73,14295.35,0,0,0.0000
3609,10258.16,14354.84,0,0,0.0000
3610,10217.08,14154.10,NaN,NaN,NaN
3611,10256.50,14556.80,0,0,0.0000
3612,10200.01,14111.05,NaN,NaN,NaN
3613,10700.57,14311.66,0,0,0.0000
3614,10554.21,14153.10,0,0,0.0000
3615,11417.68,14263.00,0,0,0.0000
3616,11303.56,14119.42,0,0,0.0000
3617,11225.02,14517.28,0,0,0.0000
3618,10892.39,14129.37,0,0,0.0000
3619,11559.48,14012.96,0,0,0.0000
3620,11089.49,14491.50,0,0,0.0000
3621,11447.61,14709.98,0,0,0.0000
3622,11037.63,14403.32,0,0,0.0000
3623,10904.66,14244.66,0,0,0.0000
3624,11309.40,13973.45,NaN,NaN,NaN
3625,11066.26,14034.83,0,0,0.0000
3626,11646.32,14300.67,0,0,0.0000
3627,11483.52,14393.38,0,0,0.0000
3628,11374.43,14559.14,0,0,0.0000
3629,11305.73,14599.73,0,0,0.0000
3630,10934.18,14467.44,0,0,0.0000
3631,11587.20,14609.24,0,0,0.0000
3632,11576.15,14191.63,NaN,NaN,NaN
3633,10891.38,14034.30,0,0,0.0000
3634,11378.71,13998.05,0,0,0.0000
3635,11482.78,14535.58,0,0,0.0000
3636,10912.92,14303.44,0,0,0.0000
3637,10903.87,14414.38,0,0,0.0000
3638,11530.89,14614.79,0,0,0.0000
3639,10965.08,14120.61,0,0,0.0000
3640,11413.93,14059.70,0,0,0.0000
3641,11190.38,14103.17,0,0,0.0000
3642,10991.45,14070.89,0,0,0.0000
3643,11587.79,14108.34,0,0,0.0000
3644,11647.32,14492.35,0,0,0.0000
3645,11544.11,14416.03,0,0,0.0000
3646,11612.41,14420.98,0,0,0.0000
3647,11606.10,14240.95,0,0,0.0000
3648,10991.16,14325.59,0,0,0.0000
3649,11073.44,14146.88,0,0,0.0000
3650,11124.23,14125.61,0,0,0.0000
3651,11418.56,14496.48,0,0,0.0000
3652,11426.81,14616.40,0,0,0.0000
3653,11339.15,14411.00,0,0,0.0000
3654,11533.22,14699.70,0,0,0.0000
3655,11628.78,14366.26,0,0,0.0000
3656,11390.42,14420.98,0,0,0.0000
3657,11035.57,14099.58,0,0,0.0000
3658,11486.32,14456.03,0,0,0.0000
3659,10905.76,14348.95,0,0,0.0000
3660,11372.55,14153.26,0,0,0.0000
3661,11533.32,14119.19,0,0,0.0000
3662,10986.97,14529.37,0,0,0.0000
3663,10958.02,14222.98,0,0,0.0000
3664,11612.76,14659.92,0,0,0.0000
3665,11202.37,14038.27,0,0,0.0000
3666,12350.65,14235.27,0,0,0.0000
3667,12121.74,13980.07,0,0,0.0000
3668,12037.67,13985.69,0,0,0.0000
3669,11959.49,14572.66,0,0,0.0000
3670,11727.35,14624.73,0,0,0.0000
3671,12394.16,13988.33,0,0,0.0000
3672,12236.39,14208.14,0,0,0.0000
3673,12332.82,14027.78,0,0,0.0000
3674,11676.73,14120.05,0,0,0.0000
3675,11887.05,14142.27,0,0,0.0000
3676,11867.20,14254.45,0,0,0.0000
3677,12015.41,14685.83,0,0,0.0000
3678,12043.02,14052.07,0,0,0.0000
3679,11794.04,14297.04,0,0,0.0000
3680,12016.66,14194.49,0,0,0.0000
3681,11652.19,14033.89,0,0,0.0000
3682,11749.02,14147.42,0,0,0.0000
3683,12304.14,14349.64,0,0,0.0000
3684,12176.49,14122.16,0,0,0.0000
3685,11839.79,14533.38,0,0,0.0000
3686,12381.95,14377.43,0,0,0.0000
3687,11668.53,14426.74,0,0,0.0000
3688,11862.38,14363.73,0,0,0.0000
3689,12225.43,14074.63,0,0,0.0000
3690,11746.88,14470.55,0,0,0.0000
3691,11930.00,14441.74,0,0,0.0000
3692,11920.61,14080.79,0,0,0.0000
3693,11702.15,14371.16,0,0,0.0000
3694,11761.34,14365.66,0,0,0.0000
3695,11856.04,14599.50,0,0,0.0000
3696,11740.43,14197.73,0,0,0.0000
3697,11936.44,14226.11,0,0,0.0000
3698,11702.44,14492.90,0,0,0.0000
3699,12203.95,14002.52,0,0,0.0000
3700,11659.28,14558.64,0,0,0.0000
3701,11984.57,14081.33,0,0,0.0000
3702,12225.02,14141.55,0,0,0.0000
3703,12403.22,14314.76,0,0,0.0000
3704,11815.56,14243.70,0,0,0.0000
3705,11783.37,14242.31,0,0,0.0000
3706,11955.04,14156.12,0,0,0.0000
3707,12285.98,14056.85,0,0,0.0000
3708,11877.98,14561.25,0,0,0.0000
3709,12842.67,14350.32,0,0,0.0000
3710,12779.68,14454.02,0,0,0.0000
3711,12894.89,14465.39,NaN,NaN,NaN
3712,12740.40,14119.56,0,0,0.0000
3713,12584.17,14519.22,0,0,0.0000
3714,12595.39,14220.00,0,0,0.0000
3715,13036.75,14677.14,NaN,NaN,NaN
3716,12662.53,14337.37,0,0,0.0000
3717,12814.64,14281.73,0,0,0.0000
3718,13094.41,14701.14,0,0,0.0000
3719,12659.31,14424.50,0,0,0.0000
3720,12540.33,14200.05,0,0,0.0000
3721,12712.26,14480.70,0,0,0.0000
3722,12701.41,14205.09,0,0,0.0000
3723,12455.04,14199.33,0,0,0.0000
3724,12519.42,14568.06,0,0,0.0000
3725,12623.93,14273.55,0,0,0.0000
3726,12581.68,14304.62,0,0,0.0000
3727,12500.35,13978.87,0,0,0.0000
3728,12914.79,14333.90,0,0,0.0000
3729,12487.23,14330.02,0,0,0.0000
3730,12735.48,14378.54,0,0,0.0000
3731,12528.84,14389.98,0,0,0.0000
3732,12742.90,14284.81,0,0,0.0000
3733,12649.33,14494.17,0,0,0.0000
3734,12763.21,14198.33,0,0,0.0000
3735,12479.19,14395.90,0,0,0.0000
3736,12695.62,14570.58,0,0,0.0000
3737,12419.54,14040.14,0,0,0.0000
3738,12830.84,14220.47,0,0,0.0000
3739,12983.31,14594.24,NaN,NaN,NaN
3740,12525.39,14302.90,0,0,0.0000
3741,12937.26,14479.50,NaN,NaN,NaN
3742,12596.07,14417.44,0,0,0.0000
3743,12455.58,14051.38,0,0,0.0000
3744,12848.77,14535.05,0,0,0.0000
3745,12497.66,14231.78,0,0,0.0000
3746,12765.51,14556.78,0,0,0.0000
3747,12593.81,14361.16,0,0,0.0000
3748,14543.46,14507.64,0,0,0.0000
3749,14530.36,14373.60,0,0,0.0000
3750,14590.77,14595.74,0,0,0.0000
3751,14527.45,14261.06,0,0,0.0000
3752,14613.46,14679.65,0,0,0.0000
3753,14528.24,14018.70,0,0,0.0000
3754,14590.42,14298.28,0,0,0.0000
3755,14574.19,14215.82,0,0,0.0000
3756,14602.02,14416.73,0,0,0.0000
3757,14555.08,14318.42,0,0,0.0000
3758,14473.15,14023.26,0,0,0.0000
3759,14466.76,14572.68,0,0,0.0000
3760,14499.55,14610.36,0,0,0.0000
3761,15478.92,14567.09,0,0,0.0000
3762,15289.50,14584.82,0,0,0.0000
3763,15219.63,14358.70,0,0,0.0000
3764,15422.73,14401.69,0,0,0.0000
3765,15195.96,14110.91,0,0,0.0000
3766,15433.65,14235.19,0,0,0.0000
3767,15310.32,14194.28,0,0,0.0000
3768,15174.02,14271.42,0,0,0.0000
3769,15379.46,14285.59,0,0,0.0000
3770,15225.75,14190.70,0,0,0.0000
3771,15200.12,14453.68,0,0,0.0000
3772,15324.47,14655.69,0,0,0.0000
3773,15126.28,14364.05,0,0,0.0000
3774,15106.96,14243.92,0,0,0.0000
3775,15127.25,14492.31,0,0,0.0000
3776,15107.35,14448.88,0,0,0.0000
3777,15280.31,14284.39,0,0,0.0000
3778,15318.68,14403.39,0,0,0.0000
3779,15194.20,14542.80,0,0,0.0000
3780,15457.59,14696.21,0,0,0.0000
3781,15255.92,14501.39,0,0,0.0000
3782,15105.56,14562.42,0,0,0.0000
3783,15379.83,14172.13,0,0,0.0000
3784,15188.82,14653.66,0,0,0.0000
3785,15238.86,14256.45,0,0,0.0000
3786,15387.44,14504.18,0,0,0.0000
3787,15134.38,14208.78,0,0,0.0000
3788,15461.01,14180.45,0,0,0.0000
3789,15364.83,14217.33,0,0,0.0000
3790,15509.40,14293.11,0,0,0.0000
3791,15499.39,14406.01,0,0,0.0000
3792,15554.38,14350.95,0,0,0.0000
3793,15590.41,14122.77,NaN,NaN,NaN
3794,15529.49,14210.58,0,0,0.0000
3795,15534.89,14163.03,3,1,0.0000
3796,17490.49,14304.74,0,0,0.0000
3797,17482.37,14082.53,0,0,0.0000
3798,17764.69,14363.94,0,0,0.0000
3799,17780.47,14517.74,0,0,0.0000
3800,17584.72,14049.42,0,0,0.0000
3801,17429.22,13953.35,0,0,0.0000
3802,17656.26,14085.76,0,0,0.0000
3803,17726.86,14294.54,0,0,0.0000
3804,17714.53,14159.36,0,0,0.0000
3805,17625.65,14182.90,0,0,0.0000
3806,17585.18,14361.75,0,0,0.0000
3807,17671.98,14336.67,0,0,0.0000
3808,17476.26,14231.84,0,0,0.0000
3809,17525.98,14375.54,0,0,0.0000
3810,17603.17,14236.07,0,0,0.0000
3811,17661.93,14000.98,0,0,0.0000
3812,17508.35,14010.47,0,0,0.0000
3813,17516.23,14204.55,0,0,0.0000
3814,17543.38,14175.50,0,0,0.0000
3815,17505.82,14426.84,0,0,0.0000
3816,17413.39,14028.61,0,0,0.0000
3817,17293.58,14017.21,0,0,0.0000
3818,17210.54,13984.00,0,0,0.0000
3819,17346.90,13991.06,0,0,0.0000
3820,17554.31,14130.79,0,0,0.0000
3821,17763.66,14018.48,0,0,0.0000
3822,17590.37,14305.86,0,0,0.0000
3823,17678.03,14275.91,0,0,0.0000
3824,17728.90,14434.50,0,0,0.0000
3825,18200.69,14618.63,0,0,0.0000
3826,17953.35,14322.17,0,0,0.0000
3827,18047.52,14517.71,0,0,0.0000
3828,18104.58,14376.30,0,0,0.0000
3829,17927.81,14462.96,NaN,NaN,NaN
3830,17815.84,14711.56,0,0,0.0000
3831,17832.80,14647.85,0,0,0.0000
3832,17890.16,14606.48,0,0,0.0000
3833,18245.79,14336.54,0,0,0.0000
3834,18150.29,13996.38,0,0,0.0000
3835,18297.44,14405.67,0,0,0.0000
3836,17847.47,14333.94,0,0,0.0000
3837,18159.54,14192.53,0,0,0.0000
3838,17830.57,14202.24,0,0,0.0000
3839,18047.43,14284.20,0,0,0.0000
3840,18254.34,14229.22,0,0,0.0000
3841,17838.92,14072.19,0,0,0.0000
3842,18378.30,14708.90,0,0,0.0000
3843,18257.90,14464.85,0,0,0.0000
3844,17935.77,14162.07,NaN,NaN,NaN
3845,17988.58,14644.15,0,0,0.0000
3846,18394.26,14623.85,0,0,0.0000
3847,18199.33,14120.06,0,0,0.0000
3848,17917.64,14004.95,0,0,0.0000
3849,18001.03,14214.36,0,0,0.0000
3850,18476.74,14585.33,0,0,0.0000
3851,18286.68,14106.63,0,0,0.0000
3852,18303.53,14501.95,0,0,0.0000
3853,18114.79,14242.64,0,0,0.0000
3854,18348.95,14553.87,0,0,0.0000
3855,17810.44,14123.82,0,0,0.0000
3856,18350.77,14438.78,0,0,0.0000
3857,18337.28,14235.70,0,0,0.0000
3858,17921.07,14379.52,0,0,0.0000
3859,18010.27,14449.27,0,0,0.0000
3860,18291.55,14026.27,0,0,0.0000
3861,18187.62,14437.62,0,0,0.0000
3862,18287.77,14281.90,0,0,0.0000
3863,18224.81,14390.88,0,0,0.0000
3864,18047.82,14418.25,0,0,0.0000
3865,18029.29,14110.57,0,0,0.0000
3866,18043.12,14052.03,0,0,0.0000
3867,17956.31,14581.51,0,0,0.0000
3868,18246.60,14024.56,0,0,0.0000
3869,18032.41,13974.96,0,0,0.0000
3870,18333.40,14122.93,0,0,0.0000
3871,17817.70,14294.29,0,0,0.0000
3872,18326.02,14299.91,0,0,0.0000
3873,18369.65,14151.49,0,0,0.0000
3874,18200.70,14166.10,0,0,0.0000
3875,18332.88,14070.01,0,0,0.0000
3876,18340.30,14180.07,0,0,0.0000
3877,18018.60,14147.94,0,0,0.0000
3878,18357.43,14032.39,0,0,0.0000
3879,18116.39,14299.01,0,0,0.0000
3880,17837.97,14503.01,0,0,0.0000
3881,18070.63,13984.20,0,0,0.0000
3882,17854.93,14000.78,0,0,0.0000
3883,18380.67,14496.34,0,0,0.0000
3884,18214.92,13983.17,0,0,0.0000
3885,67.23,15393.46,0,0,0.0000
3886,376.06,15369.06,0,0,0.0000
3887,281.28,15378.57,0,0,0.0000
3888,453.46,15403.47,0,0,0.0000
3889,516.20,15385.63,0,0,0.0000
3890,219.92,15430.80,0,0,0.0000
3891,702.92,15401.94,0,0,0.0000
3892,158.61,15451.94,0,0,0.0000
3893,506.77,15035.36,0,0,0.0000
3894,492.63,15443.25,0,0,0.0000
3895,124.33,15387.83,0,0,0.0000
3896,403.52,15439.42,0,0,0.0000
3897,305.96,15337.91,0,0,0.0000
3898,439.11,15367.79,0,0,0.0000
3899,440.95,15031.48,0,0,0.0000
3900,185.76,15391.76,0,0,0.0000
3901,152.30,15407.68,0,0,0.0000
3902,324.24,15436.57,0,0,0.0000
3903,560.55,15025.19,0,0,0.0000
3904,603.27,15046.52,0,0,0.0000
3905,653.25,15034.31,0,0,0.0000
3906,1083.46,14911.87,0,0,0.0000
3907,984.15,14907.37,0,0,0.0000
3908,1144.77,14914.83,0,0,0.0000
3909,1202.89,14930.96,0,0,0.0000
3910,2364.95,15195.81,0,0,0.0000
3911,2241.96,15159.48,0,0,0.0000
3912,2342.68,14977.31,0,0,0.0000
3913,2297.55,15369.63,0,0,0.0000
3914,2297.65,14878.44,0,0,0.0000
3915,2384.47,15445.08,0,0,0.0000
3916,2387.13,14884.27,0,0,0.0000
3917,2249.67,15067.27,0,0,0.0000
3918,2318.60,15037.77,0,0,0.0000
3919,2429.44,15079.24,0,0,0.0000
3920,2416.74,15319.27,0,0,0.0000
3921,2348.61,15372.30,0,0,0.0000
3922,2372.77,15339.39,0,0,0.0000
3923,2183.81,15228.91,0,0,0.0000
3924,2247.60,15241.84,0,0,0.0000
3925,2336.07,15282.27,0,0,0.0000
3926,2253.30,14809.60,0,0,0.0000
3927,2256.93,15438.25,0,0,0.0000
3928,2300.49,14804.63,0,0,0.0000
3929,2214.61,15446.33,0,0,0.0000
3930,2208.02,15314.68,0,0,0.0000
3931,2203.33,14944.78,0,0,0.0000
3932,2300.26,14920.13,0,0,0.0000
3933,2373.82,15104.04,0,0,0.0000
3934,2168.48,15269.75,0,0,0.0000
3935,2534.64,14970.12,0,0,0.0000
3936,2533.13,15070.05,0,0,0.0000
3937,2936.69,14888.25,0,0,0.0000
3938,2766.52,15278.21,0,0,0.0000
3939,2909.37,14799.30,0,0,0.0000
3940,2989.70,15465.65,2,3,0.0000
3941,2441.95,14924.80,0,0,0.0000
3942,2490.02,14882.47,0,0,0.0000
3943,3074.02,14753.71,0,0,0.0000
3944,2907.41,15124.65,0,0,0.0000
3945,2440.55,15183.12,0,0,0.0000
3946,2972.20,14956.57,0,0,0.0000
3947,2436.10,14831.23,0,0,0.0000
3948,3012.00,14848.68,0,0,0.0000
3949,2836.77,15289.00,0,0,0.0000
3950,2932.17,14841.03,0,0,0.0000
3951,2960.20,15383.26,0,0,0.0000
3952,2881.30,14765.54,0,0,0.0000
3953,2915.39,15398.38,0,0,0.0000
3954,2437.94,15137.63,0,0,0.0000
3955,3021.87,15005.52,0,0,0.0000
3956,2997.02,14986.37,0,0,0.0000
3957,2993.65,14894.15,0,0,0.0000
3958,2819.24,15332.89,0,0,0.0000
3959,2844.56,14960.47,0,0,0.0000
3960,2865.84,15364.27,0,0,0.0000
3961,3591.51,15451.12,0,0,0.0000
3962,3642.66,15379.05,0,0,0.0000
3963,3536.57,15179.62,0,0,0.0000
3964,3342.66,14765.41,0,0,0.0000
3965,3499.91,15360.91,0,0,0.0000
3966,3218.34,14720.99,0,0,0.0000
3967,3467.87,15244.42,0,0,0.0000
3968,3487.63,15104.27,0,0,0.0000
3969,3450.01,15159.73,0,0,0.0000
3970,3438.31,15405.73,0,0,0.0000
3971,3408.34,14897.02,0,0,0.0000
3972,3324.24,15123.26,0,0,0.0000
3973,3340.59,14916.30,0,0,0.0000
3974,3449.11,14950.48,0,0,0.0000
3975,3404.32,15200.86,0,0,0.0000
3976,3390.38,14843.84,0,0,0.0000
3977,3284.07,14770.30,0,0,0.0000
3978,3341.68,15187.74,NaN,NaN,NaN
3979,3690.27,15484.47,0,0,0.0000
3980,3474.27,14915.70,0,0,0.0000
3981,3332.86,15015.28,0,0,0.0000
3982,3433.77,15043.96,0,0,0.0000
3983,3633.32,15287.14,0,0,0.0000
3984,3377.64,14956.54,0,0,0.0000
3985,3501.24,15300.35,0,0,0.0000
3986,3402.30,15326.31,0,0,0.0000
3987,3487.62,15047.44,0,0,0.0000
3988,3369.00,15268.36,0,0,0.0000
3989,3557.12,15483.13,0,0,0.0000
3990,3464.63,14997.10,0,0,0.0000
3991,3534.67,15087.40,0,0,0.0000
3992,3267.11,14811.26,0,0,0.0000
3993,3569.98,15251.80,0,0,0.0000
3994,3418.89,15276.31,0,0,0.0000
3995,3509.74,14991.54,0,0,0.0000
3996,3333.60,14838.00,0,0,0.0000
3997,3660.27,15332.51,0,0,0.0000
3998,3494.36,15422.26,0,0,0.0000
3999,3349.68,15065.88,0,0,0.0000
4000,3273.33,15116.62,0,0,0.0000
4001,4698.42,15474.96,0,0,0.0000
4002,4575.97,15402.64,0,0,0.0000
4003,4482.37,14807.33,0,0,0.0000
4004,4455.89,15460.00,0,0,0.0000
4005,4229.66,15164.03,0,0,0.0000
4006,4499.29,15409.37,0,0,0.0000
4007,4384.93,14763.20,0,0,0.0000
4008,4611.53,15474.26,0,0,0.0000
4009,4221.39,14937.38,NaN,NaN,NaN
4010,4209.84,15453.27,0,0,0.0000
4011,4189.94,14894.45,0,0,0.0000
4012,4490.29,14731.37,0,0,0.0000
4013,4293.82,15029.33,0,0,0.0000
4014,4180.35,15460.21,0,0,0.0000
4015,4151.20,14898.23,0,0,0.0000
4016,4239.04,15313.99,0,0,0.0000
4017,5450.38,15370.42,0,0,0.0000
4018,5208.13,14799.58,0,0,0.0000
4019,5418.69,15463.98,0,0,0.0000
4020,5313.68,14728.87,0,0,0.0000
4021,4834.74,15435.86,0,0,0.0000
4022,5211.24,14742.65,0,0,0.0000
4023,5345.21,14782.62,0,0,0.0000
4024,6271.78,15399.45,0,0,0.0000
4025,6176.70,15447.37,0,0,0.0000
4026,6108.69,15461.13,0,0,0.0000
4027,6216.83,15285.81,0,0,0.0000
4028,6265.32,14731.17,0,0,0.0000
4029,5700.93,15400.82,0,0,0.0000
4030,5634.54,15400.90,0,0,0.0000
4031,5703.36,15330.93,0,0,0.0000
4032,5510.65,15389.91,0,0,0.0000
4033,5541.54,15287.69,NaN,NaN,NaN
4034,6084.46,14764.69,0,0,0.0000
4035,5598.67,15309.68,0,0,0.0000
4036,5630.57,15469.87,0,0,0.0000
4037,6142.86,14837.18,0,0,0.0000
4038,5860.10,15264.38,0,0,0.0000
4039,5563.68,15389.06,0,0,0.0000
4040,5807.64,15322.21,0,0,0.0000
4041,6257.79,14801.04,0,0,0.0000
4042,5734.06,15224.45,0,0,0.0000
4043,5767.70,15470.46,0,0,0.0000
4044,5865.90,14779.04,0,0,0.0000
4045,6116.14,14732.86,0,0,0.0000
4046,6234.65,14860.05,0,0,0.0000
4047,5775.97,15419.91,0,0,0.0000
4048,6054.52,15377.90,0,0,0.0000
4049,5781.29,15219.82,0,0,0.0000
4050,5981.58,14840.69,0,0,0.0000
4051,5507.70,15329.44,NaN,NaN,NaN
4052,6091.48,15346.32,0,0,0.0000
4053,6190.24,14835.78,0,0,0.0000
4054,5646.65,15267.46,0,0,0.0000
4055,5816.85,15205.52,0,0,0.0000
4056,5801.42,15398.18,0,0,0.0000
4057,6562.02,14923.47,0,0,0.0000
4058,6313.49,15256.49,3,3,0.0000
4059,6711.16,14854.17,0,0,0.0000
4060,6877.09,14766.12,0,0,0.0000
4061,6666.45,14885.58,0,0,0.0000
4062,6572.68,14776.80,0,0,0.0000
4063,6729.61,14753.63,0,0,0.0000
4064,6277.70,15078.59,0,0,0.0000
4065,6630.65,15457.65,0,0,0.0000
4066,6811.80,14741.21,0,0,0.0000
4067,6651.13,14758.58,0,0,0.0000
4068,6359.37,15443.24,0,0,0.0000
4069,6484.15,14815.32,0,0,0.0000
4070,6904.24,14930.13,0,0,0.0000
4071,6752.77,14923.81,NaN,NaN,NaN
4072,6797.73,14814.96,0,0,0.0000
4073,6949.40,14783.19,0,0,0.0000
4074,6401.43,14853.95,0,0,0.0000
4075,6801.40,14866.40,0,0,0.0000
4076,6596.40,15424.78,0,0,0.0000
4077,6411.74,14819.35,0,0,0.0000
4078,6864.91,14874.51,0,0,0.0000
4079,6741.27,14812.50,0,0,0.0000
4080,6959.16,14826.64,0,0,0.0000
4081,6518.81,14773.15,0,0,0.0000
4082,6840.94,14823.36,0,0,0.0000
4083,6375.01,14790.94,0,0,0.0000
4084,6283.80,14843.57,0,0,0.0000
4085,6690.56,15459.76,NaN,NaN,NaN
4086,6705.11,14783.38,0,0,0.0000
4087,6962.28,14863.29,0,0,0.0000
4088,6408.74,14745.88,0,0,0.0000
4089,6915.87,14883.14,0,0,0.0000
4090,6891.34,14832.55,0,0,0.0000
4091,6612.16,14841.78,0,0,0.0000
4092,6794.07,14930.63,NaN,NaN,NaN
4093,6651.20,14811.15,0,0,0.0000
4094,6945.09,14961.96,0,0,0.0000
4095,6773.87,14876.22,0,0,0.0000
4096,6431.58,14776.75,0,0,0.0000
4097,6780.28,14767.63,0,0,0.0000
4098,6966.77,14900.81,0,0,0.0000
4099,7737.99,15483.00,0,0,0.0000
4100,7547.28,14930.35,0,0,0.0000
4101,7533.91,14812.54,0,0,0.0000
4102,7595.83,14942.67,0,0,0.0000
4103,7630.37,14882.49,0,0,0.0000
4104,7733.77,15184.52,0,0,0.0000
4105,7719.76,15128.47,0,0,0.0000
4106,7657.16,14816.29,0,0,0.0000
4107,7508.80,14770.58,0,0,0.0000
4108,7717.30,15067.16,0,0,0.0000
4109,7535.22,14735.31,0,0,0.0000
4110,7467.80,15029.98,0,0,0.0000
4111,7504.00,14868.53,0,0,0.0000
4112,7644.83,14753.48,0,0,0.0000
4113,7446.06,14962.95,0,0,0.0000
4114,7645.27,14979.74,0,0,0.0000
4115,7751.63,15254.40,0,0,0.0000
4116,7345.68,14990.22,0,0,0.0000
4117,7676.28,14941.15,0,0,0.0000
4118,7638.95,14946.89,0,0,0.0000
4119,7489.03,14989.07,0,0,0.0000
4120,7648.10,15082.73,0,0,0.0000
4121,7446.96,14878.04,0,0,0.0000
4122,7804.45,15418.88,0,0,0.0000
4123,7684.82,15082.23,0,0,0.0000
4124,7781.01,15422.91,0,0,0.0000
4125,7689.06,14988.67,0,0,0.0000
4126,8282.68,14963.95,0,0,0.0000
4127,8462.55,15170.76,0,0,0.0000
4128,8106.55,14770.34,0,0,0.0000
4129,8166.07,14858.83,0,0,0.0000
4130,8559.23,15290.61,0,0,0.0000
4131,7815.90,15483.60,0,0,0.0000
4132,8568.52,15224.54,0,0,0.0000
4133,8456.63,14994.21,0,0,0.0000
4134,8415.92,15254.92,0,0,0.0000
4135,8373.01,15176.33,0,0,0.0000
4136,8518.97,15347.61,0,0,0.0000
4137,8410.30,15072.08,0,0,0.0000
4138,8259.83,15046.21,0,0,0.0000
4139,8051.45,15137.77,0,0,0.0000
4140,8407.44,14893.88,0,0,0.0000
4141,8485.79,14882.45,0,0,0.0000
4142,8297.33,14896.55,0,0,0.0000
4143,8377.16,15022.24,0,0,0.0000
4144,8351.79,15084.44,0,0,0.0000
4145,8336.84,15005.07,0,0,0.0000
4146,8311.00,15179.17,0,0,0.0000
4147,8457.07,15233.12,0,0,0.0000
4148,8416.79,14821.31,0,0,0.0000
4149,8060.30,14846.96,0,0,0.0000
4150,8437.69,15100.50,0,0,0.0000
4151,8093.73,15234.50,0,0,0.0000
4152,8453.49,14863.30,0,0,0.0000
4153,8501.38,15420.55,0,0,0.0000
4154,8462.86,15048.93,0,0,0.0000
4155,8564.11,15078.26,0,0,0.0000
4156,8452.23,15471.88,0,0,0.0000
4157,8331.35,15148.29,0,0,0.0000
4158,8073.09,15166.87,0,0,0.0000
4159,9334.81,15406.60,NaN,NaN,NaN
4160,9146.37,15355.88,NaN,NaN,NaN
4161,8982.54,15454.22,0,0,0.0000
4162,9144.44,15020.73,0,0,0.0000
4163,8852.11,15323.37,0,0,0.0000
4164,8991.76,15167.77,0,0,0.0000
4165,8696.59,15222.17,0,0,0.0000
4166,9129.05,15482.53,2,2,0.0000
4167,8865.57,15243.41,0,0,0.0000
4168,9024.05,15072.69,0,0,0.0000
4169,9056.75,15291.74,0,0,0.0000
4170,9009.08,15378.79,NaN,NaN,NaN
4171,8897.41,14997.95,0,0,0.0000
4172,8823.13,15389.79,0,0,0.0000
4173,8890.57,15185.78,0,0,0.0000
4174,9291.48,15237.81,0,0,0.0000
4175,9135.77,15201.50,0,0,0.0000
4176,9338.10,14751.91,NaN,NaN,NaN
4177,8727.20,15299.93,0,0,0.0000
4178,8925.93,15308.91,0,0,0.0000
4179,8578.13,15369.53,0,0,0.0000
4180,8681.38,15161.83,0,0,0.0000
4181,8793.57,14972.65,0,0,0.0000
4182,9091.61,14966.28,0,0,0.0000
4183,8732.04,15378.15,0,0,0.0000
4184,8810.12,15127.27,0,0,0.0000
4185,8840.07,15102.54,0,0,0.0000
4186,9229.52,15307.51,2,1,0.0000
4187,9213.40,15152.88,NaN,NaN,NaN
4188,8626.14,15227.89,0,0,0.0000
4189,9098.62,15087.72,0,0,0.0000
4190,9192.68,15446.54,0,0,0.0000
4191,9122.41,15111.35,0,0,0.0000
4192,8917.67,14935.07,0,0,0.0000
4193,8786.55,15457.99,0,0,0.0000
4194,9168.05,15249.01,0,0,0.0000
4195,9187.80,15096.95,0,0,0.0000
4196,9221.11,15256.70,0,0,0.0000
4197,9191.20,15189.31,0,0,0.0000
4198,9162.09,15135.50,0,0,0.0000
4199,9212.06,15073.39,0,0,0.0000
4200,9257.27,15181.72,2,1,0.0000
4201,8760.43,14945.30,0,0,0.0000
4202,8663.85,15094.79,0,0,0.0000
4203,9244.58,15121.48,2,3,0.0000
4204,8755.67,15103.40,0,0,0.0000
4205,8970.31,15255.41,0,0,0.0000
4206,9718.01,15162.94,NaN,NaN,NaN
4207,9878.92,14899.45,NaN,NaN,NaN
4208,9488.94,14789.17,0,0,0.0000
4209,9618.24,14845.64,NaN,NaN,NaN
4210,9975.20,14836.09,2,3,0.0000
4211,9724.99,15273.16,0,0,0.0000
4212,9806.89,15237.74,0,0,0.0000
4213,10048.31,14731.22,0,0,0.0000
4214,9815.04,14979.85,0,0,0.0000
4215,9714.27,14998.57,0,0,0.0000
4216,9791.75,15314.72,0,0,0.0000
4217,9368.00,14814.65,0,0,0.0000
4218,9792.24,14868.69,0,0,0.0000
4219,9949.28,15056.80,0,0,0.0000
4220,9423.74,15462.05,0,0,0.0000
4221,10031.42,15006.21,0,0,0.0000
4222,9906.76,15156.00,0,0,0.0000
4223,9525.54,14857.26,NaN,NaN,NaN
4224,9811.18,15459.42,NaN,NaN,NaN
4225,9694.94,15359.72,2,2,0.0000
4226,9666.78,14905.43,0,0,0.0000
4227,9752.71,14818.69,0,0,0.0000
4228,9867.65,15056.29,0,0,0.0000
4229,9738.35,15090.82,0,0,0.0000
4230,9701.55,14736.92,0,0,0.0000
4231,10000.32,14781.35,0,0,0.0000
4232,9858.74,15363.27,0,0,0.0000
4233,9741.55,15462.16,0,0,0.0000
4234,9917.31,15359.55,0,0,0.0000
4235,9926.98,15259.23,0,0,0.0000
4236,10035.63,14959.29,0,0,0.0000
4237,9622.42,15347.02,4,5,0.0000
4238,9681.59,15223.92,0,0,0.0000
4239,9576.06,14921.26,0,0,0.0000
4240,9416.87,14775.31,0,0,0.0000
4241,9872.92,15428.14,0,0,0.0000
4242,9784.78,14727.96,0,0,0.0000
4243,9676.50,15404.35,NaN,NaN,NaN
4244,9899.89,15293.83,0,0,0.0000
4245,9687.18,15455.83,NaN,NaN,NaN
4246,9967.70,14949.67,NaN,NaN,NaN
4247,9665.84,15078.54,0,0,0.0000
4248,9509.37,14915.48,0,0,0.0000
4249,9648.06,15272.75,0,0,0.0000
4250,9765.15,15413.65,0,0,0.0000
4251,9857.59,15194.37,0,0,0.0000
4252,9550.55,14957.63,0,0,0.0000
4253,9966.61,15303.86,NaN,NaN,NaN
4254,10006.46,15079.91,0,0,0.0000
4255,9924.57,15436.16,0,0,0.0000
4256,9907.71,15015.58,0,0,0.0000
4257,9826.05,15085.65,0,0,0.0000
4258,9773.02,15374.22,0,0,0.0000
4259,9359.41,15343.94,0,0,0.0000
4260,9623.22,15306.35,0,0,0.0000
4261,9622.72,15050.23,0,0,0.0000
4262,9627.15,14930.42,0,0,0.0000
4263,9356.86,14912.04,0,0,0.0000
4264,9614.18,15009.34,0,0,0.0000
4265,9707.83,14780.61,0,0,0.0000
4266,10114.46,14857.86,0,0,0.0000
4267,10832.87,15186.41,0,0,0.0000
4268,10811.84,15479.70,0,0,0.0000
4269,10581.31,15350.80,NaN,NaN,NaN
4270,10662.59,15309.80,0,0,0.0000
4271,10852.11,15107.16,0,0,0.0000
4272,10766.74,15160.49,0,0,0.0000
4273,10801.62,14964.75,0,0,0.0000
4274,10458.52,15398.38,0,0,0.0000
4275,10533.71,15154.62,0,0,0.0000
4276,10207.87,14771.17,0,0,0.0000
4277,10210.37,14872.80,0,0,0.0000
4278,10818.34,15072.92,0,0,0.0000
4279,10858.81,15371.21,0,0,0.0000
4280,10458.30,15223.92,0,0,0.0000
4281,10508.06,15288.82,0,0,0.0000
4282,10741.04,15101.57,0,0,0.0000
4283,10662.05,15204.32,0,0,0.0000
4284,10128.50,14754.02,NaN,NaN,NaN
4285,10833.97,15290.28,0,0,0.0000
4286,10442.20,15284.58,0,0,0.0000
4287,10638.56,14922.61,0,0,0.0000
4288,10158.72,14809.01,0,0,0.0000
4289,10482.77,15170.75,0,0,0.0000
4290,10816.57,15255.45,0,0,0.0000
4291,10806.18,15031.35,0,0,0.0000
4292,10752.37,15297.56,0,0,0.0000
4293,10720.26,14899.34,0,0,0.0000
4294,10453.89,15325.59,0,0,0.0000
4295,10504.19,15447.06,0,0,0.0000
4296,11547.61,14920.92,0,0,0.0000
4297,11380.35,15387.99,0,0,0.0000
4298,11528.25,15102.06,0,0,0.0000
4299,10899.31,15467.23,0,0,0.0000
4300,11482.40,15310.75,2,2,0.0000
4301,11620.25,15165.84,0,0,0.0000
4302,11642.99,14751.41,0,0,0.0000
4303,11455.35,14796.33,0,0,0.0000
4304,10935.94,15344.39,0,0,0.0000
4305,10953.72,14873.44,0,0,0.0000
4306,10880.62,14971.87,0,0,0.0000
4307,11444.26,14974.14,0,0,0.0000
4308,11375.38,14942.05,0,0,0.0000
4309,11248.80,15147.10,0,0,0.0000
4310,11331.57,14722.50,0,0,0.0000
4311,11373.38,15162.65,0,0,0.0000
4312,11624.85,15396.41,0,0,0.0000
4313,11593.87,15281.70,0,0,0.0000
4314,10901.02,15233.52,0,0,0.0000
4315,11376.13,15253.84,NaN,NaN,NaN
4316,10931.49,14931.88,0,0,0.0000
4317,11396.83,14789.84,0,0,0.0000
4318,10960.54,15113.90,0,0,0.0000
4319,10965.51,15189.95,NaN,NaN,NaN
4320,11013.74,15378.82,0,0,0.0000
4321,11564.82,15340.28,0,0,0.0000
4322,10959.90,15269.86,0,0,0.0000
4323,10923.55,15065.28,0,0,0.0000
4324,11206.68,15485.64,0,0,0.0000
4325,11104.08,15481.97,0,0,0.0000
4326,10985.97,15481.30,0,0,0.0000
4327,11616.20,14985.36,0,0,0.0000
4328,11105.45,15439.11,0,0,0.0000
4329,11260.61,14823.11,0,0,0.0000
4330,11009.51,15183.55,0,0,0.0000
4331,11362.25,15064.94,0,0,0.0000
4332,11318.59,15116.79,0,0,0.0000
4333,11219.31,15253.37,0,0,0.0000
4334,11423.00,15210.48,0,0,0.0000
4335,10992.84,15316.16,0,0,0.0000
4336,11347.48,14830.60,0,0,0.0000
4337,11026.76,15130.60,0,0,0.0000
4338,11146.28,15387.55,0,0,0.0000
4339,11072.92,15213.57,0,0,0.0000
4340,11265.88,15467.86,0,0,0.0000
4341,10920.98,14823.19,0,0,0.0000
4342,11009.67,15069.38,0,0,0.0000
4343,11497.35,15403.40,0,0,0.0000
4344,11312.11,15460.59,0,0,0.0000
4345,11623.81,15480.26,0,0,0.0000
4346,11005.41,15009.64,0,0,0.0000
4347,11183.62,15414.56,0,0,0.0000
4348,11055.55,15336.30,0,0,0.0000
4349,11525.22,15156.59,0,0,0.0000
4350,11560.04,14743.44,0,0,0.0000
4351,11315.73,15360.89,0,0,0.0000
4352,12217.60,15003.28,0,0,0.0000
4353,11815.88,14880.48,0,0,0.0000
4354,11727.14,15076.85,0,0,0.0000
4355,12366.15,15165.41,0,0,0.0000
4356,11666.83,14911.93,0,0,0.0000
4357,12027.37,15423.10,0,0,0.0000
4358,12156.46,15244.44,NaN,NaN,NaN
4359,11936.72,15071.70,0,0,0.0000
4360,12118.01,15436.62,0,0,0.0000
4361,11950.59,15365.86,0,0,0.0000
4362,12075.11,14962.33,NaN,NaN,NaN
4363,11779.31,14721.67,0,0,0.0000
4364,12030.45,15314.88,0,0,0.0000
4365,12035.73,14864.88,0,0,0.0000
4366,11923.41,15212.95,0,0,0.0000
4367,12208.63,15168.60,0,0,0.0000
4368,12394.15,15057.63,0,0,0.0000
4369,11867.10,15188.29,0,0,0.0000
4370,12123.70,15357.01,0,0,0.0000
4371,11951.19,14802.37,0,0,0.0000
4372,12137.50,15124.32,NaN,NaN,NaN
4373,11703.77,15180.03,0,0,0.0000
4374,11746.51,15215.36,0,0,0.0000
4375,12074.91,15042.12,NaN,NaN,NaN
4376,11892.99,15258.33,0,0,0.0000
4377,12084.47,15275.70,NaN,NaN,NaN
4378,11709.59,15347.47,0,0,0.0000
4379,12020.74,15044.13,NaN,NaN,NaN
4380,11800.02,15179.77,0,0,0.0000
4381,12409.25,15376.07,0,0,0.0000
4382,11976.66,14911.54,NaN,NaN,NaN
4383,12400.94,15298.18,0,0,0.0000
4384,11827.90,15280.29,0,0,0.0000
4385,11971.43,15046.19,0,0,0.0000
4386,12108.74,15229.14,NaN,NaN,NaN
4387,12207.40,15369.19,0,0,0.0000
4388,12089.23,15147.06,NaN,NaN,NaN
4389,11988.30,15151.99,0,0,0.0000
4390,12133.25,15043.66,0,0,0.0000
4391,12244.09,15218.74,0,0,0.0000
4392,11772.27,15360.77,0,0,0.0000
4393,11676.82,15255.33,0,0,0.0000
4394,12008.11,14793.76,0,0,0.0000
4395,12346.23,15082.22,0,0,0.0000
4396,12024.73,15363.75,0,0,0.0000
4397,11656.01,15017.20,0,0,0.0000
4398,11690.46,15434.64,0,0,0.0000
4399,11858.13,15365.29,0,0,0.0000
4400,12093.61,14862.15,0,0,0.0000
4401,11833.92,15149.97,0,0,0.0000
4402,11807.54,15355.15,0,0,0.0000
4403,11957.97,15272.36,0,0,0.0000
4404,12290.30,14962.00,0,0,0.0000
4405,11888.41,14821.11,0,0,0.0000
4406,12399.69,14951.84,0,0,0.0000
4407,11856.98,15001.04,0,0,0.0000
4408,12364.26,15385.18,0,0,0.0000
4409,11846.26,14786.48,0,0,0.0000
4410,11965.21,14723.92,0,0,0.0000
4411,11866.87,15063.95,0,0,0.0000
4412,12144.53,15181.63,NaN,NaN,NaN
4413,12318.46,15248.44,0,0,0.0000
4414,11697.14,14732.92,0,0,0.0000
4415,12056.38,15201.23,0,0,0.0000
4416,11846.89,15328.27,0,0,0.0000
4417,12184.44,15370.37,0,0,0.0000
4418,12031.93,15141.78,0,0,0.0000
4419,12912.12,14776.09,NaN,NaN,NaN
4420,12803.13,15350.89,0,0,0.0000
4421,12811.30,15230.75,0,0,0.0000
4422,12673.16,15267.13,0,0,0.0000
4423,12750.95,15090.07,0,0,0.0000
4424,12939.72,15264.57,0,0,0.0000
4425,13008.15,15026.48,0,0,0.0000
4426,12888.28,15111.20,0,0,0.0000
4427,12976.80,14870.04,2,3,0.0000
4428,13048.91,14901.61,0,0,0.0000
4429,12980.62,15330.81,0,0,0.0000
4430,12558.71,15148.75,0,0,0.0000
4431,13054.06,15138.07,0,0,0.0000
4432,12601.14,15453.97,0,0,0.0000
4433,12661.33,15064.95,0,0,0.0000
4434,12927.08,15458.66,0,0,0.0000
4435,12506.64,15399.60,0,0,0.0000
4436,12680.59,15468.53,0,0,0.0000
4437,12521.14,15484.94,0,0,0.0000
4438,13007.77,14752.36,0,0,0.0000
4439,12418.88,14983.26,0,0,0.0000
4440,12687.93,15352.39,0,0,0.0000
4441,12451.17,15144.82,0,0,0.0000
4442,12535.85,15250.62,0,0,0.0000
4443,12801.42,14940.80,0,0,0.0000
4444,12886.13,14982.51,0,0,0.0000
4445,12446.01,15235.37,0,0,0.0000
4446,12745.19,15175.26,0,0,0.0000
4447,13073.32,14796.19,0,0,0.0000
4448,12547.25,15319.34,0,0,0.0000
4449,12429.66,15484.46,0,0,0.0000
4450,12735.88,14985.38,0,0,0.0000
4451,12842.99,14869.13,0,0,0.0000
4452,12808.85,15012.03,0,0,0.0000
4453,12902.12,14914.11,NaN,NaN,NaN
4454,13046.81,15298.74,0,0,0.0000
4455,12994.96,15413.11,0,0,0.0000
4456,13036.08,15217.89,0,0,0.0000
4457,12481.96,15339.96,0,0,0.0000
4458,12976.20,15132.56,0,0,0.0000
4459,12920.25,15177.84,0,0,0.0000
4460,12582.35,14908.66,0,0,0.0000
4461,12997.83,15185.38,0,0,0.0000
4462,12675.72,15154.52,0,0,0.0000
4463,12468.17,15027.65,0,0,0.0000
4464,12453.86,15306.81,0,0,0.0000
4465,12763.15,14879.55,0,0,0.0000
4466,12849.71,15056.12,0,0,0.0000
4467,12504.86,15216.60,0,0,0.0000
4468,12685.80,15402.83,0,0,0.0000
4469,12492.10,15450.67,0,0,0.0000
4470,12452.04,15072.17,0,0,0.0000
4471,12846.80,15427.32,0,0,0.0000
4472,12950.60,15007.58,0,0,0.0000
4473,12880.79,15415.84,0,0,0.0000
4474,12865.48,14725.25,0,0,0.0000
4475,12944.79,15137.44,0,0,0.0000
4476,12888.40,15354.39,0,0,0.0000
4477,15381.38,14878.09,0,0,0.0000
4478,15407.03,15028.79,0,0,0.0000
4479,15182.77,14736.20,0,0,0.0000
4480,15456.61,14881.18,0,0,0.0000
4481,15240.66,14883.56,2,3,0.0000
4482,15119.45,14789.14,0,0,0.0000
4483,15315.46,14925.16,0,0,0.0000
4484,15345.57,14795.25,NaN,NaN,NaN
4485,15323.85,14730.20,0,0,0.0000
4486,15352.86,15068.98,0,0,0.0000
4487,15401.09,15285.32,0,0,0.0000
4488,15280.50,14729.48,0,0,0.0000
4489,15467.83,15329.24,0,0,0.0000
4490,15445.23,15407.90,0,0,0.0000
4491,15454.78,14783.26,0,0,0.0000
4492,15411.60,14779.22,0,0,0.0000
4493,15419.09,14967.98,0,0,0.0000
4494,15316.96,14997.43,NaN,NaN,NaN
4495,15651.31,15359.85,NaN,NaN,NaN
4496,15586.82,15176.34,0,0,0.0000
4497,15753.11,15455.43,0,0,0.0000
4498,15586.03,15270.33,0,0,0.0000
4499,15519.81,15236.52,0,0,0.0000
4500,15536.38,14956.34,2,1,0.0000
4501,15738.06,15379.37,0,0,0.0000
4502,15569.74,15456.54,0,0,0.0000
4503,15504.67,15435.94,0,0,0.0000
4504,15554.97,15105.62,0,0,0.0000
4505,15934.55,15439.96,0,0,0.0000
4506,15647.79,15283.35,0,0,0.0000
4507,15578.07,15373.34,NaN,NaN,NaN
4508,15708.90,15337.13,0,0,0.0000
4509,15621.88,15125.58,0,0,0.0000
4510,15516.43,14890.61,0,0,0.0000
4511,15680.76,15252.76,NaN,NaN,NaN
4512,15534.26,15327.87,0,0,0.0000
4513,15661.22,15193.47,NaN,NaN,NaN
4514,15547.73,15192.50,0,0,0.0000
4515,17691.85,14977.59,0,0,0.0000
4516,18465.04,15018.14,3,3,0.0000
4517,18256.01,15096.19,NaN,NaN,NaN
4518,18389.00,15238.98,2,4,2.0000
4519,18281.14,14937.38,0,0,0.0000
4520,18475.18,15421.43,2,1,0.0000
4521,17938.41,14726.57,0,0,0.0000
4522,18113.01,14736.98,0,0,0.0000
4523,18393.55,15373.75,0,0,0.0000
4524,18204.99,14846.74,0,0,0.0000
4525,18559.35,15467.82,0,0,0.0000
4526,18504.74,15286.52,0,0,0.0000
4527,18306.93,15269.37,0,0,0.0000
4528,18640.49,14996.11,0,0,0.0000
4529,17892.79,14965.59,0,0,0.0000
4530,18148.65,15079.13,2,3,0.0000
4531,18163.21,14997.13,0,0,0.0000
4532,18308.68,15436.46,NaN,NaN,NaN
4533,18073.52,15013.52,NaN,NaN,NaN
4534,18449.20,14913.83,0,0,0.0000
4535,18379.04,15104.45,3,5,0.0000
4536,18079.77,14858.26,0,0,0.0000
4537,18533.42,14957.62,0,0,0.0000
4538,18137.50,15132.82,0,0,0.0000
4539,18523.35,15135.78,0,0,0.0000
4540,18326.67,14851.56,0,0,0.0000
4541,18372.16,14917.01,0,0,0.0000
4542,18012.16,14803.17,0,0,0.0000
4543,18401.53,14839.75,0,0,0.0000
4544,18356.10,15018.80,0,0,0.0000
4545,18223.66,15265.08,2,4,2.0000
4546,18153.30,15294.34,0,0,0.0000
4547,18569.66,15253.47,0,0,0.0000
4548,17919.38,14901.69,0,0,0.0000
4549,18075.99,14803.41,0,0,0.0000
4550,18016.67,14999.97,NaN,NaN,NaN
4551,18322.46,15102.74,3,7,2.3333
4552,18102.64,14897.33,0,0,0.0000
4553,17860.96,14836.91,0,0,0.0000
4554,18044.89,15074.39,0,0,0.0000
4555,17893.48,14853.61,0,0,0.0000
4556,18583.24,14928.10,0,0,0.0000
4557,18562.74,15189.00,0,0,0.0000
4558,18210.33,15191.28,0,0,0.0000
4559,18238.40,15365.60,NaN,NaN,NaN
4560,18171.85,14917.89,0,0,0.0000
4561,18286.06,15466.56,NaN,NaN,NaN
4562,18462.14,14865.93,0,0,0.0000
4563,18352.98,15436.04,0,0,0.0000
4564,18600.69,15071.72,2,3,0.0000
4565,18433.38,15143.92,2,4,2.0000
4566,17924.52,14766.46,0,0,0.0000
4567,18334.52,15372.57,0,0,0.0000
4568,18341.23,14743.57,0,0,0.0000
4569,18203.59,15304.94,0,0,0.0000
4570,17932.53,14961.96,0,0,0.0000
4571,385.86,15992.76,0,0,0.0000
4572,553.17,15893.90,NaN,NaN,NaN
4573,636.62,15830.26,0,0,0.0000
4574,313.77,15900.97,0,0,0.0000
4575,551.27,16092.01,0,0,0.0000
4576,405.10,15836.12,0,0,0.0000
4577,595.85,16238.87,0,0,0.0000
4578,804.73,15901.79,0,0,0.0000
4579,401.52,16241.73,0,0,0.0000
4580,277.52,15838.68,0,0,0.0000
4581,245.32,16210.38,0,0,0.0000
4582,375.67,15766.95,0,0,0.0000
4583,738.46,15861.53,0,0,0.0000
4584,152.72,15704.60,0,0,0.0000
4585,287.26,15680.88,0,0,0.0000
4586,132.09,16154.94,0,0,0.0000
4587,129.61,16022.37,0,0,0.0000
4588,369.98,15691.39,0,0,0.0000
4589,676.78,15920.75,NaN,NaN,NaN
4590,104.53,15549.31,0,0,0.0000
4591,197.40,15801.59,0,0,0.0000
4592,78.06,16152.15,0,0,0.0000
4593,195.74,16141.87,0,0,0.0000
4594,682.90,15983.17,0,0,0.0000
4595,652.25,16097.22,0,0,0.0000
4596,349.86,16111.31,0,0,0.0000
4597,747.48,16102.61,0,0,0.0000
4598,837.85,16156.75,0,0,0.0000
4599,433.59,16067.01,0,0,0.0000
4600,502.94,16037.39,0,0,0.0000
4601,770.24,15996.67,0,0,0.0000
4602,95.38,15721.96,0,0,0.0000
4603,448.37,16152.50,0,0,0.0000
4604,867.21,16089.62,0,0,0.0000
4605,200.46,16014.04,0,0,0.0000
4606,48.88,15738.28,0,0,0.0000
4607,49.23,16225.33,0,0,0.0000
4608,128.10,15928.12,0,0,0.0000
4609,823.16,16115.77,0,0,0.0000
4610,512.93,15975.66,0,0,0.0000
4611,719.68,16050.64,0,0,0.0000
4612,477.71,16189.41,0,0,0.0000
4613,669.71,16023.33,0,0,0.0000
4614,285.81,16119.40,0,0,0.0000
4615,425.51,16120.42,0,0,0.0000
4616,845.73,15957.51,0,0,0.0000
4617,88.01,15638.63,0,0,0.0000
4618,91.39,15829.32,0,0,0.0000
4619,485.50,15715.57,0,0,0.0000
4620,414.17,15931.01,0,0,0.0000
4621,749.78,15929.64,0,0,0.0000
4622,257.33,16012.14,0,0,0.0000
4623,430.92,15721.83,0,0,0.0000
4624,257.76,15763.56,0,0,0.0000
4625,827.24,16029.48,0,0,0.0000
4626,680.71,16144.91,0,0,0.0000
4627,607.09,15939.53,NaN,NaN,NaN
4628,212.45,15640.83,NaN,NaN,NaN
4629,752.54,16163.69,0,0,0.0000
4630,169.13,16082.72,0,0,0.0000
4631,541.82,15808.85,0,0,0.0000
4632,147.65,15805.61,0,0,0.0000
4633,226.04,15843.24,0,0,0.0000
4634,113.91,15790.62,0,0,0.0000
4635,170.33,15569.68,0,0,0.0000
4636,608.88,16040.53,0,0,0.0000
4637,488.43,15859.62,0,0,0.0000
4638,605.45,16154.94,0,0,0.0000
4639,307.04,15759.59,0,0,0.0000
4640,81.03,15997.41,0,0,0.0000
4641,289.87,16000.07,0,0,0.0000
4642,376.05,16181.27,0,0,0.0000
4643,502.00,15751.43,0,0,0.0000
4644,302.69,16049.46,0,0,0.0000
4645,188.39,15890.72,0,0,0.0000
4646,196.67,15688.93,NaN,NaN,NaN
4647,555.12,16197.38,0,0,0.0000
4648,34.83,15818.42,0,0,0.0000
4649,284.08,16074.23,0,0,0.0000
4650,584.84,15768.48,0,0,0.0000
4651,370.74,16065.99,0,0,0.0000
4652,139.53,15636.44,NaN,NaN,NaN
4653,171.63,15603.65,0,0,0.0000
4654,664.24,15794.65,0,0,0.0000
4655,165.15,16232.28,0,0,0.0000
4656,776.60,16043.90,0,0,0.0000
4657,94.85,15592.43,0,0,0.0000
4658,870.30,16037.61,0,0,0.0000
4659,183.48,15646.71,NaN,NaN,NaN
4660,777.48,16140.49,0,0,0.0000
4661,539.01,15766.47,0,0,0.0000
4662,60.22,16050.52,0,0,0.0000
4663,39.07,15638.39,0,0,0.0000
4664,948.79,16006.74,0,0,0.0000
4665,1104.26,16120.57,0,0,0.0000
4666,1205.01,16053.60,0,0,0.0000
4667,1047.01,15981.56,0,0,0.0000
4668,968.65,16091.01,0,0,0.0000
4669,1342.92,16190.55,0,0,0.0000
4670,925.98,16188.05,0,0,0.0000
4671,1208.87,16133.56,0,0,0.0000
4672,1034.29,15789.32,0,0,0.0000
4673,1299.71,16129.54,0,0,0.0000
4674,1521.11,16220.92,0,0,0.0000
4675,1230.43,16173.79,0,0,0.0000
4676,934.18,15917.89,0,0,0.0000
4677,1007.60,15729.20,0,0,0.0000
4678,917.53,16059.45,0,0,0.0000
4679,1086.01,16073.59,0,0,0.0000
4680,1006.11,16164.53,0,0,0.0000
4681,1161.88,16161.92,0,0,0.0000
4682,902.92,15963.78,0,0,0.0000
4683,953.09,15760.47,0,0,0.0000
4684,1079.51,16037.04,0,0,0.0000
4685,1123.87,16049.31,0,0,0.0000
4686,919.13,16100.89,0,0,0.0000
4687,2149.49,16182.73,0,0,0.0000
4688,2418.81,15598.68,0,0,0.0000
4689,2258.62,16160.86,0,0,0.0000
4690,2117.76,16045.99,0,0,0.0000
4691,2030.27,16066.15,0,0,0.0000
4692,2118.31,16132.55,0,0,0.0000
4693,2304.53,16157.03,0,0,0.0000
4694,2343.86,15651.34,0,0,0.0000
4695,2193.04,16099.49,0,0,0.0000
4696,2431.88,15802.02,NaN,NaN,NaN
4697,2401.06,15694.58,0,0,0.0000
4698,2058.61,16094.04,0,0,0.0000
4699,2371.47,15509.27,0,0,0.0000
4700,2300.96,15560.10,0,0,0.0000
4701,2200.27,16135.13,0,0,0.0000
4702,2360.77,15732.32,0,0,0.0000
4703,2351.04,15693.01,0,0,0.0000
4704,2307.68,15501.11,0,0,0.0000
4705,2074.39,16131.41,0,0,0.0000
4706,2242.67,15489.49,0,0,0.0000
4707,2378.85,16245.06,0,0,0.0000
4708,2114.83,15987.24,0,0,0.0000
4709,2311.76,15661.76,0,0,0.0000
4710,2116.01,16240.56,0,0,0.0000
4711,2275.49,15517.42,0,0,0.0000
4712,2320.55,15608.46,0,0,0.0000
4713,3079.57,16043.32,0,0,0.0000
4714,3116.45,15845.98,0,0,0.0000
4715,2856.82,16251.29,0,0,0.0000
4716,3026.14,15799.62,0,0,0.0000
4717,2826.81,16165.99,0,0,0.0000
4718,2866.73,15704.91,0,0,0.0000
4719,3127.07,15980.02,0,0,0.0000
4720,3147.56,15654.86,0,0,0.0000
4721,2974.09,15864.20,0,0,0.0000
4722,3077.36,15694.12,0,0,0.0000
4723,2995.03,16252.10,0,0,0.0000
4724,2916.01,16211.51,0,0,0.0000
4725,2887.69,16103.92,0,0,0.0000
4726,2898.18,15822.22,0,0,0.0000
4727,3069.40,15537.07,0,0,0.0000
4728,2929.95,15751.39,0,0,0.0000
4729,2463.85,15865.31,0,0,0.0000
4730,3158.54,15815.86,0,0,0.0000
4731,3062.49,15600.23,0,0,0.0000
4732,2885.54,16021.52,0,0,0.0000
4733,2470.46,15751.70,NaN,NaN,NaN
4734,3002.02,15635.54,0,0,0.0000
4735,2432.12,15802.64,NaN,NaN,NaN
4736,3169.19,16057.81,0,0,0.0000
4737,2829.13,16030.71,0,0,0.0000
4738,2980.54,15709.93,0,0,0.0000
4739,3197.93,15788.81,0,0,0.0000
4740,2492.00,15828.00,0,0,0.0000
4741,3187.42,15916.56,0,0,0.0000
4742,3195.89,16115.19,0,0,0.0000
4743,2444.35,15690.50,0,0,0.0000
4744,2859.89,15755.39,0,0,0.0000
4745,3070.64,15643.90,0,0,0.0000
4746,2968.97,15777.93,0,0,0.0000
4747,2929.58,15610.68,0,0,0.0000
4748,3100.16,15596.79,0,0,0.0000
4749,3086.96,15913.22,0,0,0.0000
4750,3042.73,15736.84,0,0,0.0000
4751,2436.31,15747.70,0,0,0.0000
4752,2921.30,15701.54,0,0,0.0000
4753,2928.02,15675.56,0,0,0.0000
4754,3194.71,16005.19,0,0,0.0000
4755,3893.45,16101.16,0,0,0.0000
4756,3241.62,16141.73,0,0,0.0000
4757,3274.24,16048.37,0,0,0.0000
4758,3465.08,15995.23,0,0,0.0000
4759,3329.80,16134.06,0,0,0.0000
4760,3297.20,15895.27,0,0,0.0000
4761,3340.92,16026.23,0,0,0.0000
4762,3219.01,15858.97,0,0,0.0000
4763,3590.54,16191.34,0,0,0.0000
4764,3914.88,16199.65,0,0,0.0000
4765,3813.01,16094.10,0,0,0.0000
4766,3382.04,15909.45,0,0,0.0000
4767,3610.54,16251.74,0,0,0.0000
4768,3208.39,15723.95,0,0,0.0000
4769,3429.88,15944.35,0,0,0.0000
4770,3541.32,16220.44,0,0,0.0000
4771,3419.12,16050.20,0,0,0.0000
4772,3435.55,16144.11,0,0,0.0000
4773,3782.75,16208.08,0,0,0.0000
4774,3220.73,16231.29,0,0,0.0000
4775,3760.85,16149.05,0,0,0.0000
4776,3513.60,16036.94,0,0,0.0000
4777,3663.32,15561.37,0,0,0.0000
4778,3270.72,15799.09,0,0,0.0000
4779,3836.65,16012.93,0,0,0.0000
4780,3950.20,15974.45,0,0,0.0000
4781,3382.71,16002.25,0,0,0.0000
4782,3907.34,16015.87,0,0,0.0000
4783,3849.24,16189.94,0,0,0.0000
4784,3711.84,16241.09,0,0,0.0000
4785,3946.55,16091.99,0,0,0.0000
4786,3532.06,15513.97,0,0,0.0000
4787,3480.08,16116.47,0,0,0.0000
4788,3504.65,15532.15,0,0,0.0000
4789,3615.48,15570.58,0,0,0.0000
4790,3967.08,16036.37,0,0,0.0000
4791,3255.51,16249.69,0,0,0.0000
4792,3760.31,15703.58,0,0,0.0000
4793,3959.36,15841.67,0,0,0.0000
4794,3318.95,15956.59,0,0,0.0000
4795,3602.80,16150.39,0,0,0.0000
4796,3540.12,16150.84,0,0,0.0000
4797,3556.93,15550.32,0,0,0.0000
4798,3388.30,16134.79,0,0,0.0000
4799,4066.42,16182.97,0,0,0.0000
4800,3990.11,16128.54,0,0,0.0000
4801,4439.88,16071.22,0,0,0.0000
4802,4042.45,16035.82,0,0,0.0000
4803,4365.56,16114.48,NaN,NaN,NaN
4804,4361.28,15719.80,0,0,0.0000
4805,4432.04,15708.37,0,0,0.0000
4806,4699.23,15605.33,0,0,0.0000
4807,4504.50,15536.14,NaN,NaN,NaN
4808,4447.54,15515.98,0,0,0.0000
4809,4399.66,15651.68,0,0,0.0000
4810,4041.11,15964.28,0,0,0.0000
4811,4489.98,15635.23,0,0,0.0000
4812,4467.12,15752.50,0,0,0.0000
4813,4356.27,15608.83,0,0,0.0000
4814,4118.43,15994.61,0,0,0.0000
4815,4497.61,15708.21,0,0,0.0000
4816,4424.40,15586.37,0,0,0.0000
4817,4154.07,15550.83,0,0,0.0000
4818,3989.42,15995.72,0,0,0.0000
4819,4313.91,16195.10,0,0,0.0000
4820,4723.18,15711.54,0,0,0.0000
4821,4448.83,15640.37,0,0,0.0000
4822,4353.62,16018.42,2,3,0.0000
4823,4135.16,15902.14,0,0,0.0000
4824,4450.10,16151.94,0,0,0.0000
4825,4407.53,15986.64,0,0,0.0000
4826,4098.70,16058.37,0,0,0.0000
4827,4026.59,15929.53,0,0,0.0000
4828,4169.36,15902.25,0,0,0.0000
4829,4562.29,15602.04,0,0,0.0000
4830,5366.15,15990.11,0,0,0.0000
4831,5229.05,15856.94,0,0,0.0000
4832,5192.35,16192.37,0,0,0.0000
4833,5238.32,16046.37,0,0,0.0000
4834,5067.02,16249.21,0,0,0.0000
4835,5397.77,15787.90,0,0,0.0000
4836,5440.15,16248.37,0,0,0.0000
4837,4849.92,16213.64,0,0,0.0000
4838,5065.81,16000.04,0,0,0.0000
4839,5289.05,16234.24,0,0,0.0000
4840,5298.69,15570.45,NaN,NaN,NaN
4841,5404.56,16147.37,0,0,0.0000
4842,5226.77,15623.11,0,0,0.0000
4843,5022.88,16078.82,0,0,0.0000
4844,5363.83,15625.88,0,0,0.0000
4845,5470.57,15519.22,0,0,0.0000
4846,5224.10,15753.90,0,0,0.0000
4847,5120.67,15765.62,0,0,0.0000
4848,5329.72,16061.31,0,0,0.0000
4849,5194.51,15990.57,0,0,0.0000
4850,4806.73,16068.77,0,0,0.0000
4851,4960.76,16121.88,0,0,0.0000
4852,4919.90,15961.32,0,0,0.0000
4853,4904.32,16118.04,0,0,0.0000
4854,5315.69,15789.00,0,0,0.0000
4855,4757.83,16212.23,0,0,0.0000
4856,5009.02,15926.47,0,0,0.0000
4857,5350.07,16196.90,0,0,0.0000
4858,5461.43,15650.88,0,0,0.0000
4859,5021.77,16170.89,0,0,0.0000
4860,4894.10,16045.55,0,0,0.0000
4861,4784.02,15488.97,0,0,0.0000
4862,5175.76,15719.42,0,0,0.0000
4863,5116.66,15872.28,0,0,0.0000
4864,5331.85,15714.73,0,0,0.0000
4865,5222.21,15932.35,0,0,0.0000
4866,5358.54,15867.95,0,0,0.0000
4867,5310.15,15849.35,0,0,0.0000
4868,4756.29,15545.98,0,0,0.0000
4869,4802.94,16124.97,0,0,0.0000
4870,5403.63,15904.36,0,0,0.0000
4871,5092.58,16142.39,0,0,0.0000
4872,5153.08,15908.00,0,0,0.0000
4873,4995.34,16004.86,0,0,0.0000
4874,5400.59,15698.82,0,0,0.0000
4875,5456.18,15727.14,0,0,0.0000
4876,5281.48,15714.39,0,0,0.0000
4877,5324.41,16116.92,0,0,0.0000
4878,4948.97,16053.71,0,0,0.0000
4879,4958.50,15996.08,0,0,0.0000
4880,5247.27,16141.59,0,0,0.0000
4881,4962.11,15898.07,0,0,0.0000
4882,4836.81,15963.42,0,0,0.0000
4883,5231.10,15575.66,0,0,0.0000
4884,4845.50,16022.62,0,0,0.0000
4885,4739.44,16134.46,0,0,0.0000
4886,5481.19,15751.97,0,0,0.0000
4887,4747.17,15627.10,0,0,0.0000
4888,5132.07,16062.98,0,0,0.0000
4889,4978.04,16232.75,0,0,0.0000
4890,5423.57,15870.37,0,0,0.0000
4891,5046.59,15884.44,0,0,0.0000
4892,5450.41,15598.73,0,0,0.0000
4893,5271.11,15958.08,0,0,0.0000
4894,5170.54,16100.42,0,0,0.0000
4895,5465.93,15913.91,0,0,0.0000
4896,6184.98,16098.09,NaN,NaN,NaN
4897,6082.24,15753.54,0,0,0.0000
4898,5984.69,15715.89,0,0,0.0000
4899,5722.40,15531.70,0,0,0.0000
4900,6140.71,15933.95,0,0,0.0000
4901,6047.62,15586.57,NaN,NaN,NaN
4902,5701.38,15620.77,0,0,0.0000
4903,6270.10,15880.38,0,0,0.0000
4904,6001.78,15822.01,0,0,0.0000
4905,6012.85,15977.73,0,0,0.0000
4906,6145.66,15578.13,0,0,0.0000
4907,6252.06,15536.54,0,0,0.0000
4908,6197.79,15979.82,NaN,NaN,NaN
4909,6132.36,15846.31,0,0,0.0000
4910,5924.89,15697.54,0,0,0.0000
4911,5960.50,15573.61,0,0,0.0000
4912,5895.97,15636.24,0,0,0.0000
4913,5597.84,15564.13,0,0,0.0000
4914,5505.31,15570.42,0,0,0.0000
4915,5687.43,15677.79,0,0,0.0000
4916,6191.32,15783.91,0,0,0.0000
4917,5771.68,15600.99,0,0,0.0000
4918,6005.68,15496.81,3,4,0.0000
4919,6064.20,15916.75,0,0,0.0000
4920,5891.43,16033.57,0,0,0.0000
4921,5919.79,15868.62,0,0,0.0000
4922,5946.99,15945.02,0,0,0.0000
4923,5519.46,15618.13,0,0,0.0000
4924,6100.79,15998.93,0,0,0.0000
4925,6260.35,15763.31,0,0,0.0000
4926,6191.67,15711.16,0,0,0.0000
4927,5861.74,15709.75,0,0,0.0000
4928,5558.34,15653.43,0,0,0.0000
4929,5920.39,15806.67,0,0,0.0000
4930,6051.40,16146.66,0,0,0.0000
4931,6200.86,15839.75,0,0,0.0000
4932,6159.77,15649.80,0,0,0.0000
4933,6042.83,15858.90,0,0,0.0000
4934,6222.27,16036.81,0,0,0.0000
4935,5961.92,15873.34,0,0,0.0000
4936,5982.10,16095.46,0,0,0.0000
4937,5929.18,16078.89,0,0,0.0000
4938,5826.47,15673.79,0,0,0.0000
4939,5992.23,16130.12,0,0,0.0000
4940,5819.89,15649.53,0,0,0.0000
4941,5933.39,16018.68,0,0,0.0000
4942,6079.58,16057.26,0,0,0.0000
4943,5590.31,15620.34,0,0,0.0000
4944,6233.10,15671.60,0,0,0.0000
4945,5781.78,15658.51,0,0,0.0000
4946,5647.24,15523.99,0,0,0.0000
4947,5964.39,16011.36,0,0,0.0000
4948,6078.15,15512.07,0,0,0.0000
4949,6755.56,15522.54,NaN,NaN,NaN
4950,6885.02,15953.26,0,0,0.0000
4951,6291.80,15608.56,0,0,0.0000
4952,6275.24,15993.59,0,0,0.0000
4953,6974.49,15689.63,2,2,0.0000
4954,6320.99,15718.48,0,0,0.0000
4955,6741.97,15774.87,0,0,0.0000
4956,6778.74,15678.20,0,0,0.0000
4957,7004.77,15886.83,NaN,NaN,NaN
4958,6924.65,15843.80,NaN,NaN,NaN
4959,6918.37,15583.03,0,0,0.0000
4960,6726.84,15588.60,0,0,0.0000
4961,6844.00,15760.46,0,0,0.0000
4962,6807.59,15843.27,NaN,NaN,NaN
4963,6337.34,15530.70,0,0,0.0000
4964,6929.69,15634.21,0,0,0.0000
4965,6718.05,15639.60,0,0,0.0000
4966,6537.06,16132.08,0,0,0.0000
4967,6373.48,15873.38,0,0,0.0000
4968,6309.07,16075.74,0,0,0.0000
4969,6418.64,15754.67,2,3,0.0000
4970,6849.87,15870.31,0,0,0.0000
4971,6420.26,15541.44,0,0,0.0000
4972,6412.58,15699.69,0,0,0.0000
4973,6972.85,16246.81,0,0,0.0000
4974,6866.11,15668.29,NaN,NaN,NaN
4975,6449.44,16008.37,0,0,0.0000
4976,6972.06,15752.68,NaN,NaN,NaN
4977,6359.48,16040.64,0,0,0.0000
4978,6452.00,15923.51,0,0,0.0000
4979,6300.11,16135.53,0,0,0.0000
4980,6861.77,15530.28,0,0,0.0000
4981,6440.02,15582.54,0,0,0.0000
4982,6669.71,15537.02,0,0,0.0000
4983,6510.68,16009.46,0,0,0.0000
4984,6376.27,16129.23,0,0,0.0000
4985,6474.81,16184.72,0,0,0.0000
4986,6343.82,15930.25,0,0,0.0000
4987,6527.27,15902.52,0,0,0.0000
4988,6553.36,16193.17,0,0,0.0000
4989,6489.83,16073.80,0,0,0.0000
4990,6496.06,15936.94,0,0,0.0000
4991,6290.29,16210.40,0,0,0.0000
4992,6325.34,15823.37,0,0,0.0000
4993,6589.46,16126.73,0,0,0.0000
4994,6371.08,15636.02,0,0,0.0000
4995,6338.72,15781.21,0,0,0.0000
4996,6347.92,16171.93,0,0,0.0000
4997,6960.22,15793.61,0,0,0.0000
4998,6407.54,15939.81,0,0,0.0000
4999,6428.36,15662.73,0,0,0.0000
5000,6867.35,15804.81,0,0,0.0000
5001,6431.70,16099.27,0,0,0.0000
5002,6969.03,15572.66,0,0,0.0000
5003,6814.78,15586.88,0,0,0.0000
5004,6400.72,15620.74,0,0,0.0000
5005,6953.74,15509.06,0,0,0.0000
5006,6907.53,15791.31,NaN,NaN,NaN
5007,6365.94,15977.86,0,0,0.0000
5008,7741.24,15901.15,NaN,NaN,NaN
5009,7041.33,15759.40,0,0,0.0000
5010,7711.75,15958.28,0,0,0.0000
5011,7495.95,15586.87,0,0,0.0000
5012,7595.36,15823.43,0,0,0.0000
5013,7609.58,15964.60,0,0,0.0000
5014,7775.20,15623.25,0,0,0.0000
5015,7730.42,16044.29,NaN,NaN,NaN
5016,7638.64,15727.89,0,0,0.0000
5017,7596.00,15620.61,0,0,0.0000
5018,7444.73,15720.31,0,0,0.0000
5019,7078.30,16253.05,0,0,0.0000
5020,7502.38,15782.60,0,0,0.0000
5021,7119.20,15829.33,0,0,0.0000
5022,7769.71,16199.13,0,0,0.0000
5023,7665.03,15879.41,2,2,0.0000
5024,7739.81,15797.69,0,0,0.0000
5025,7693.75,15617.52,0,0,0.0000
5026,7081.81,15870.00,0,0,0.0000
5027,7730.82,15745.15,0,0,0.0000
5028,7397.27,15629.11,0,0,0.0000
5029,7509.32,15648.63,0,0,0.0000
5030,7548.88,15841.75,0,0,0.0000
5031,7682.92,15576.50,0,0,0.0000
5032,7652.66,15955.95,0,0,0.0000
5033,7551.86,15772.07,0,0,0.0000
5034,7757.76,15577.73,0,0,0.0000
5035,7461.45,15654.77,0,0,0.0000
5036,7688.49,15767.80,0,0,0.0000
5037,7604.75,15577.35,0,0,0.0000
5038,7652.23,15548.91,0,0,0.0000
5039,7609.15,15510.25,0,0,0.0000
5040,7762.09,16139.48,0,0,0.0000
5041,7177.74,16211.19,0,0,0.0000
5042,7731.04,16117.05,0,0,0.0000
5043,7587.86,15673.93,0,0,0.0000
5044,7117.90,15671.32,0,0,0.0000
5045,7774.59,16238.96,0,0,0.0000
5046,7127.14,16244.61,0,0,0.0000
5047,7574.47,15552.73,0,0,0.0000
5048,7719.69,16215.64,0,0,0.0000
5049,7705.01,15517.21,0,0,0.0000
5050,7915.11,16175.67,NaN,NaN,NaN
5051,8374.19,16157.35,0,0,0.0000
5052,7908.67,16050.50,2,3,0.0000
5053,8127.69,16242.12,NaN,NaN,NaN
5054,7821.36,16055.91,NaN,NaN,NaN
5055,7828.03,15570.17,0,0,0.0000
5056,7817.69,15984.28,0,0,0.0000
5057,7929.36,15861.40,0,0,0.0000
5058,8045.45,16096.24,0,0,0.0000
5059,7820.61,16110.70,0,0,0.0000
5060,7829.82,15719.43,0,0,0.0000
5061,8282.82,16143.78,0,0,0.0000
5062,7909.65,16004.48,0,0,0.0000
5063,8066.31,15958.36,0,0,0.0000
5064,8279.01,16186.87,0,0,0.0000
5065,8140.20,16024.45,0,0,0.0000
5066,8107.59,15972.01,0,0,0.0000
5067,8282.33,16103.10,0,0,0.0000
5068,7833.07,15796.48,0,0,0.0000
5069,7954.19,15924.67,0,0,0.0000
5070,7984.64,16021.32,0,0,0.0000
5071,7918.50,15740.11,0,0,0.0000
5072,8400.12,16121.78,0,0,0.0000
5073,8101.17,16042.07,0,0,0.0000
5074,8427.75,16226.59,0,0,0.0000
5075,7837.08,16230.04,0,0,0.0000
5076,8170.17,16116.19,0,0,0.0000
5077,7845.11,15913.85,NaN,NaN,NaN
5078,7871.24,15501.47,0,0,0.0000
5079,7868.64,15656.48,0,0,0.0000
5080,8309.04,16238.25,NaN,NaN,NaN
5081,8501.64,16199.24,0,0,0.0000
5082,8013.67,16161.94,0,0,0.0000
5083,7823.67,16164.23,0,0,0.0000
5084,7990.35,15941.87,0,0,0.0000
5085,8108.51,16139.65,0,0,0.0000
5086,7896.37,15904.68,0,0,0.0000
5087,7872.35,15582.44,0,0,0.0000
5088,8039.57,15996.12,0,0,0.0000
5089,7907.05,15577.04,0,0,0.0000
5090,9218.06,15659.79,NaN,NaN,NaN
5091,9017.57,15766.04,NaN,NaN,NaN
5092,9034.16,15631.54,0,0,0.0000
5093,8603.91,15616.69,0,0,0.0000
5094,9092.36,15530.11,2,2,0.0000
5095,8976.29,15685.72,0,0,0.0000
5096,9341.31,15541.40,2,2,0.0000
5097,9118.83,15628.71,0,0,0.0000
5098,9232.00,15507.10,NaN,NaN,NaN
5099,8929.31,15838.93,NaN,NaN,NaN
5100,8869.03,15583.33,NaN,NaN,NaN
5101,9264.46,15583.52,NaN,NaN,NaN
5102,9334.97,15634.28,0,0,0.0000
5103,8680.40,15700.02,0,0,0.0000
5104,8856.60,15513.21,0,0,0.0000
5105,8915.95,15509.75,0,0,0.0000
5106,9182.64,15553.26,NaN,NaN,NaN
5107,8784.02,15691.06,NaN,NaN,NaN
5108,8698.37,15551.04,0,0,0.0000
5109,8944.08,15589.47,NaN,NaN,NaN
5110,8792.22,15653.52,0,0,0.0000
5111,8869.10,15785.95,NaN,NaN,NaN
5112,9292.13,15730.81,2,3,0.0000
5113,8916.56,15789.36,NaN,NaN,NaN
5114,8891.89,15736.04,NaN,NaN,NaN
5115,8735.63,15643.84,0,0,0.0000
5116,8791.09,15604.93,NaN,NaN,NaN
5117,8936.56,15753.47,NaN,NaN,NaN
5118,8975.79,15540.72,NaN,NaN,NaN
5119,9844.84,16213.21,0,0,0.0000
5120,9602.57,16164.54,0,0,0.0000
5121,9567.67,15741.93,NaN,NaN,NaN
5122,9356.64,15795.77,NaN,NaN,NaN
5123,9429.24,16142.31,NaN,NaN,NaN
5124,9714.53,15578.66,0,0,0.0000
5125,9522.94,15777.31,0,0,0.0000
5126,9533.31,16087.49,NaN,NaN,NaN
5127,9515.83,16188.41,0,0,0.0000
5128,9592.46,15896.79,0,0,0.0000
5129,9828.07,15723.63,NaN,NaN,NaN
5130,9778.62,15544.20,NaN,NaN,NaN
5131,9762.08,16202.57,0,0,0.0000
5132,9706.08,15518.69,0,0,0.0000
5133,9350.74,15922.07,NaN,NaN,NaN
5134,9531.89,15888.62,0,0,0.0000
5135,9868.53,15531.31,0,0,0.0000
5136,9509.45,16004.72,0,0,0.0000
5137,9679.40,15814.02,0,0,0.0000
5138,9776.90,15915.54,0,0,0.0000
5139,9447.72,15905.15,2,3,0.0000
5140,9382.16,15705.57,0,0,0.0000
5141,9585.62,16044.20,0,0,0.0000
5142,9890.49,15622.32,NaN,NaN,NaN
5143,9837.15,15592.71,0,0,0.0000
5144,9862.54,15654.36,NaN,NaN,NaN
5145,9864.88,15870.76,0,0,0.0000
5146,9476.84,15529.57,NaN,NaN,NaN
5147,9787.39,15987.02,0,0,0.0000
5148,9750.27,16027.12,NaN,NaN,NaN
5149,9926.18,16228.12,0,0,0.0000
5150,9770.86,15861.07,0,0,0.0000
5151,9874.33,16030.05,0,0,0.0000
5152,9361.09,15868.62,NaN,NaN,NaN
5153,9600.66,15675.69,0,0,0.0000
5154,9769.38,15660.72,NaN,NaN,NaN
5155,9799.18,15583.31,0,0,0.0000
5156,9870.05,15493.55,0,0,0.0000
5157,9784.05,15765.64,NaN,NaN,NaN
5158,9487.68,16228.66,0,0,0.0000
5159,9610.65,15852.99,0,0,0.0000
5160,9804.21,16113.67,NaN,NaN,NaN
5161,9375.84,16089.34,0,0,0.0000
5162,9789.42,15707.84,0,0,0.0000
5163,9604.55,15967.41,0,0,0.0000
5164,9752.92,15792.70,NaN,NaN,NaN
5165,9438.87,16233.70,0,0,0.0000
5166,9849.47,15968.61,0,0,0.0000
5167,9659.36,16020.68,0,0,0.0000
5168,9461.15,15647.43,0,0,0.0000
5169,9862.71,15926.46,0,0,0.0000
5170,9565.90,16251.81,0,0,0.0000
5171,9465.89,15595.11,NaN,NaN,NaN
5172,9691.84,16088.02,NaN,NaN,NaN
5173,9813.36,16054.86,0,0,0.0000
5174,10793.94,15730.35,0,0,0.0000
5175,10520.62,15608.12,0,0,0.0000
5176,10554.32,15765.28,0,0,0.0000
5177,10621.56,16019.69,0,0,0.0000
5178,10496.38,15522.64,0,0,0.0000
5179,10663.33,15516.21,2,2,0.0000
5180,10340.59,16057.51,0,0,0.0000
5181,10462.66,16069.57,0,0,0.0000
5182,10492.00,16161.46,0,0,0.0000
5183,10581.49,16202.71,0,0,0.0000
5184,10347.75,15633.58,0,0,0.0000
5185,10619.66,15638.69,0,0,0.0000
5186,10705.48,15814.36,0,0,0.0000
5187,10576.33,15496.10,0,0,0.0000
5188,10210.82,16018.20,0,0,0.0000
5189,10327.54,15769.79,0,0,0.0000
5190,10504.56,15838.12,0,0,0.0000
5191,10257.62,15929.38,0,0,0.0000
5192,10272.15,16173.51,0,0,0.0000
5193,10377.95,15910.87,0,0,0.0000
5194,10160.01,16112.92,0,0,0.0000
5195,10794.55,15564.18,0,0,0.0000
5196,10488.04,16229.49,0,0,0.0000
5197,10473.70,15981.53,0,0,0.0000
5198,10305.45,15860.58,0,0,0.0000
5199,10850.07,15642.16,0,0,0.0000
5200,10714.19,15696.93,0,0,0.0000
5201,10633.59,15817.72,0,0,0.0000
5202,10385.85,15994.29,0,0,0.0000
5203,10460.69,15903.10,0,0,0.0000
5204,10691.40,16031.41,0,0,0.0000
5205,10408.52,15540.48,0,0,0.0000
5206,10426.52,15717.22,0,0,0.0000
5207,10442.19,15614.21,0,0,0.0000
5208,10360.94,15696.51,0,0,0.0000
5209,10543.90,15970.52,0,0,0.0000
5210,10639.24,16088.90,0,0,0.0000
5211,10646.16,16165.38,0,0,0.0000
5212,10369.18,15800.23,0,0,0.0000
5213,10580.97,15693.99,0,0,0.0000
5214,10453.27,15785.04,0,0,0.0000
5215,10662.82,15887.28,0,0,0.0000
5216,10314.00,15922.17,0,0,0.0000
5217,10571.24,16130.60,0,0,0.0000
5218,10373.91,16198.22,0,0,0.0000
5219,10327.68,15948.87,0,0,0.0000
5220,10587.76,15862.16,0,0,0.0000
5221,10169.70,16227.03,0,0,0.0000
5222,10696.39,15622.17,0,0,0.0000
5223,10781.54,16004.36,0,0,0.0000
5224,10603.40,16102.43,0,0,0.0000
5225,10219.28,16175.95,0,0,0.0000
5226,11544.04,16067.56,NaN,NaN,NaN
5227,11536.29,15795.44,0,0,0.0000
5228,11078.48,15646.67,0,0,0.0000
5229,11633.66,16148.44,NaN,NaN,NaN
5230,11416.96,15870.82,0,0,0.0000
5231,11329.31,16190.95,0,0,0.0000
5232,10892.18,15736.09,0,0,0.0000
5233,11492.77,15598.82,0,0,0.0000
5234,10934.85,16022.39,0,0,0.0000
5235,11564.73,15700.22,0,0,0.0000
5236,11313.61,15614.34,0,0,0.0000
5237,11548.18,15939.41,0,0,0.0000
5238,11124.49,15783.59,0,0,0.0000
5239,11313.44,15680.90,0,0,0.0000
5240,10910.83,15572.55,0,0,0.0000
5241,11621.74,15776.16,0,0,0.0000
5242,11183.99,15707.58,0,0,0.0000
5243,10971.45,15651.70,0,0,0.0000
5244,11394.96,16255.68,0,0,0.0000
5245,11504.46,16242.56,0,0,0.0000
5246,11387.71,15676.35,0,0,0.0000
5247,11273.38,15558.03,0,0,0.0000
5248,11466.87,15945.28,0,0,0.0000
5249,11193.86,15841.90,0,0,0.0000
5250,11128.52,15540.61,0,0,0.0000
5251,11267.90,16056.90,0,0,0.0000
5252,11443.20,16182.89,0,0,0.0000
5253,11122.75,15915.14,0,0,0.0000
5254,11311.66,15847.03,0,0,0.0000
5255,11574.55,15500.27,0,0,0.0000
5256,11188.22,16127.51,0,0,0.0000
5257,11177.02,15616.86,0,0,0.0000
5258,10994.71,15731.64,0,0,0.0000
5259,11420.71,15783.70,0,0,0.0000
5260,11065.42,16010.05,0,0,0.0000
5261,11458.05,15726.55,0,0,0.0000
5262,11132.23,15857.21,0,0,0.0000
5263,10985.33,15842.12,0,0,0.0000
5264,11639.65,16222.88,0,0,0.0000
5265,11073.20,15848.61,0,0,0.0000
5266,11066.77,16097.85,0,0,0.0000
5267,11427.03,15638.78,0,0,0.0000
5268,11281.10,15948.48,0,0,0.0000
5269,11175.39,15982.01,0,0,0.0000
5270,11466.61,15498.78,0,0,0.0000
5271,11119.35,15972.33,0,0,0.0000
5272,11236.21,15982.19,0,0,0.0000
5273,11588.12,15569.63,0,0,0.0000
5274,11017.65,15963.97,0,0,0.0000
5275,11182.37,15668.33,0,0,0.0000
5276,11635.68,15701.41,0,0,0.0000
5277,11095.93,16043.99,0,0,0.0000
5278,11017.15,16023.01,0,0,0.0000
5279,11475.74,15673.92,0,0,0.0000
5280,11505.84,15558.02,0,0,0.0000
5281,11038.21,15811.82,0,0,0.0000
5282,11604.43,16072.02,0,0,0.0000
5283,11328.51,15754.30,0,0,0.0000
5284,10946.46,15787.94,0,0,0.0000
5285,11599.61,15921.67,0,0,0.0000
5286,11225.27,15913.51,0,0,0.0000
5287,11393.18,15498.11,0,0,0.0000
5288,11346.01,16048.32,0,0,0.0000
5289,11634.02,15880.27,0,0,0.0000
5290,10981.53,15773.88,0,0,0.0000
5291,11435.52,16059.40,0,0,0.0000
5292,11211.92,16074.93,0,0,0.0000
5293,10903.67,15638.10,0,0,0.0000
5294,11349.62,16119.84,0,0,0.0000
5295,11410.60,16102.01,0,0,0.0000
5296,11595.25,15645.04,0,0,0.0000
5297,10980.27,16069.28,0,0,0.0000
5298,11083.92,15723.08,0,0,0.0000
5299,11261.90,16183.62,0,0,0.0000
5300,11376.62,15770.02,0,0,0.0000
5301,11128.72,16095.62,0,0,0.0000
5302,11273.26,15730.07,0,0,0.0000
5303,11417.16,16004.98,0,0,0.0000
5304,10966.75,15917.86,0,0,0.0000
5305,11238.65,15624.49,0,0,0.0000
5306,11051.00,15521.31,0,0,0.0000
5307,11610.19,15608.32,0,0,0.0000
5308,10948.24,15745.32,0,0,0.0000
5309,11241.35,15837.67,0,0,0.0000
5310,11041.73,15560.69,0,0,0.0000
5311,11130.32,16137.47,0,0,0.0000
5312,11164.73,16027.10,0,0,0.0000
5313,11321.96,15935.61,0,0,0.0000
5314,11426.94,15532.85,0,0,0.0000
5315,11174.03,15911.32,0,0,0.0000
5316,11782.56,16121.50,0,0,0.0000
5317,12052.83,15755.01,0,0,0.0000
5318,11997.05,15640.60,0,0,0.0000
5319,11992.27,15496.98,0,0,0.0000
5320,11806.04,15836.63,0,0,0.0000
5321,11719.54,15869.66,0,0,0.0000
5322,12013.70,16192.45,0,0,0.0000
5323,12219.65,15491.24,0,0,0.0000
5324,11712.01,15977.09,0,0,0.0000
5325,11712.54,16056.22,0,0,0.0000
5326,12139.68,15717.45,0,0,0.0000
5327,11684.90,15502.93,0,0,0.0000
5328,11819.85,15728.50,0,0,0.0000
5329,12251.85,16111.18,0,0,0.0000
5330,11987.99,15849.20,0,0,0.0000
5331,12110.05,15968.08,0,0,0.0000
5332,12004.23,15982.06,0,0,0.0000
5333,11688.56,15732.09,0,0,0.0000
5334,12375.15,15931.41,NaN,NaN,NaN
5335,11927.70,16017.43,0,0,0.0000
5336,12135.46,15517.60,0,0,0.0000
5337,11812.04,16052.14,0,0,0.0000
5338,12175.19,16035.42,0,0,0.0000
5339,12179.97,16155.23,0,0,0.0000
5340,11834.87,16190.68,NaN,NaN,NaN
5341,11761.34,15644.57,0,0,0.0000
5342,12390.58,16063.02,0,0,0.0000
5343,12069.43,15642.75,0,0,0.0000
5344,12283.63,16060.55,0,0,0.0000
5345,11749.83,15567.70,0,0,0.0000
5346,11874.97,15903.14,0,0,0.0000
5347,11919.39,16163.04,0,0,0.0000
5348,11935.64,15536.31,0,0,0.0000
5349,12106.69,15863.49,0,0,0.0000
5350,11841.17,15634.73,0,0,0.0000
5351,11661.15,15582.63,0,0,0.0000
5352,11848.37,16005.10,0,0,0.0000
5353,12120.22,15615.73,0,0,0.0000
5354,11895.26,16082.98,0,0,0.0000
5355,11978.39,16009.23,0,0,0.0000
5356,12166.18,16094.94,0,0,0.0000
5357,12310.32,16167.48,0,0,0.0000
5358,11962.60,16089.93,0,0,0.0000
5359,12116.11,16163.15,0,0,0.0000
5360,12174.52,15630.89,0,0,0.0000
5361,12196.23,15560.81,2,2,0.0000
5362,12308.80,15817.26,NaN,NaN,NaN
5363,12333.96,15961.60,0,0,0.0000
5364,12341.16,15651.82,0,0,0.0000
5365,11971.78,15746.48,0,0,0.0000
5366,11920.72,15696.54,0,0,0.0000
5367,12243.75,15963.47,0,0,0.0000
5368,12353.70,15708.53,0,0,0.0000
5369,12082.06,16046.39,0,0,0.0000
5370,12300.72,15720.81,0,0,0.0000
5371,11904.17,15744.91,0,0,0.0000
5372,11870.18,15788.70,0,0,0.0000
5373,11918.25,15819.85,0,0,0.0000
5374,12387.84,15769.01,0,0,0.0000
5375,11699.37,15927.31,0,0,0.0000
5376,12296.92,15931.97,0,0,0.0000
5377,12235.23,16186.70,0,0,0.0000
5378,11703.54,16152.81,0,0,0.0000
5379,12047.45,15896.35,0,0,0.0000
5380,12345.02,16125.66,0,0,0.0000
5381,11935.91,16209.21,0,0,0.0000
5382,11704.78,15800.82,0,0,0.0000
5383,12144.39,15893.38,0,0,0.0000
5384,12074.67,15840.65,0,0,0.0000
5385,11675.92,15675.16,0,0,0.0000
5386,12172.62,15978.69,0,0,0.0000
5387,11943.63,15919.07,0,0,0.0000
5388,12083.81,16116.61,0,0,0.0000
5389,11722.16,16209.96,0,0,0.0000
5390,12250.39,16015.15,0,0,0.0000
5391,12081.40,16171.43,0,0,0.0000
5392,12018.48,15931.15,0,0,0.0000
5393,11890.68,15649.09,0,0,0.0000
5394,11681.74,15646.13,0,0,0.0000
5395,12364.74,16227.94,0,0,0.0000
5396,12152.29,15575.14,NaN,NaN,NaN
5397,11793.18,15918.08,0,0,0.0000
5398,12352.31,15788.85,0,0,0.0000
5399,11775.19,15506.84,0,0,0.0000
5400,11922.98,15865.57,0,0,0.0000
5401,11982.96,15784.45,0,0,0.0000
5402,12455.65,16000.43,NaN,NaN,NaN
5403,12793.84,15647.88,0,0,0.0000
5404,12913.78,15966.79,0,0,0.0000
5405,12898.83,16220.18,0,0,0.0000
5406,12618.86,15743.19,0,0,0.0000
5407,12625.70,15601.16,0,0,0.0000
5408,12714.44,15702.49,0,0,0.0000
5409,12996.29,16194.78,0,0,0.0000
5410,12670.15,15845.99,0,0,0.0000
5411,12897.50,15846.24,0,0,0.0000
5412,12877.88,16104.79,0,0,0.0000
5413,12603.33,15899.77,0,0,0.0000
5414,12908.92,15732.00,0,0,0.0000
5415,12835.87,15761.97,0,0,0.0000
5416,12421.58,15864.53,0,0,0.0000
5417,12733.77,16008.87,0,0,0.0000
5418,12492.39,15706.74,0,0,0.0000
5419,12735.74,15490.26,0,0,0.0000
5420,12584.44,15983.55,0,0,0.0000
5421,12561.76,15788.77,0,0,0.0000
5422,12809.13,15513.14,0,0,0.0000
5423,12545.85,16151.50,NaN,NaN,NaN
5424,12830.62,15827.74,0,0,0.0000
5425,12932.28,15619.45,0,0,0.0000
5426,12790.54,16037.26,0,0,0.0000
5427,12503.93,15605.49,0,0,0.0000
5428,12838.00,16012.14,0,0,0.0000
5429,12954.77,15889.51,0,0,0.0000
5430,12870.25,15585.12,0,0,0.0000
5431,12736.65,15864.71,0,0,0.0000
5432,12746.33,16167.82,0,0,0.0000
5433,12514.99,15897.06,0,0,0.0000
5434,12522.42,15798.53,0,0,0.0000
5435,12491.67,15840.37,0,0,0.0000
5436,12561.94,15554.92,0,0,0.0000
5437,12939.36,16056.15,0,0,0.0000
5438,12786.76,16152.35,0,0,0.0000
5439,12560.58,15890.77,0,0,0.0000
5440,12867.21,15495.18,0,0,0.0000
5441,12545.09,15676.14,0,0,0.0000
5442,12739.10,16084.85,0,0,0.0000
5443,12426.12,15748.12,0,0,0.0000
5444,12809.37,15916.86,0,0,0.0000
5445,12918.65,15549.44,0,0,0.0000
5446,12567.12,15629.62,0,0,0.0000
5447,12440.32,15652.28,0,0,0.0000
5448,12464.11,15760.30,0,0,0.0000
5449,12701.82,15787.36,0,0,0.0000
5450,12485.09,16255.25,0,0,0.0000
5451,12782.56,15854.52,0,0,0.0000
5452,12805.41,15859.94,0,0,0.0000
5453,12585.02,16085.92,0,0,0.0000
5454,12766.02,15971.87,0,0,0.0000
5455,12750.76,15795.39,0,0,0.0000
5456,12827.49,16132.05,0,0,0.0000
5457,12799.07,15562.44,0,0,0.0000
5458,14655.40,15926.25,2,0,0.0000
5459,14687.46,16045.37,0,0,0.0000
5460,14546.93,15993.64,0,0,0.0000
5461,14375.66,15990.84,0,0,0.0000
5462,14402.30,16222.03,0,0,0.0000
5463,14534.65,15896.70,0,0,0.0000
5464,14436.74,16120.00,0,0,0.0000
5465,14645.71,15825.59,NaN,NaN,NaN
5466,14352.17,16210.00,0,0,0.0000
5467,14712.76,16174.09,0,0,0.0000
5468,14378.66,16077.59,0,0,0.0000
5469,14570.09,16210.63,0,0,0.0000
5470,14523.03,16164.94,0,0,0.0000
5471,14316.20,16053.51,0,0,0.0000
5472,14475.38,16044.05,0,0,0.0000
5473,14463.50,15829.65,0,0,0.0000
5474,14500.64,16120.95,0,0,0.0000
5475,14063.29,15839.97,0,0,0.0000
5476,14710.28,15749.03,0,0,0.0000
5477,14583.86,15875.46,0,0,0.0000
5478,14641.76,16185.06,0,0,0.0000
5479,14584.60,16109.60,2,3,0.0000
5480,14412.45,15915.07,0,0,0.0000
5481,14469.89,15946.10,0,0,0.0000
5482,14650.29,16089.47,0,0,0.0000
5483,14317.47,16145.23,0,0,0.0000
5484,14647.04,15756.63,0,0,0.0000
5485,14284.32,16104.77,0,0,0.0000
5486,14095.58,15859.50,0,0,0.0000
5487,14576.18,16054.60,0,0,0.0000
5488,14516.82,15777.98,0,0,0.0000
5489,14373.94,15845.97,0,0,0.0000
5490,14652.94,15727.64,NaN,NaN,NaN
5491,14718.54,15808.68,NaN,NaN,NaN
5492,14874.92,16022.12,0,0,0.0000
5493,14982.33,16251.64,0,0,0.0000
5494,14738.94,15894.00,0,0,0.0000
5495,15074.52,16255.24,0,0,0.0000
5496,14975.99,15883.72,0,0,0.0000
5497,14957.04,15987.37,0,0,0.0000
5498,15039.34,16012.97,0,0,0.0000
5499,14863.47,16155.73,0,0,0.0000
5500,14810.77,15802.08,0,0,0.0000
5501,14783.39,16161.50,0,0,0.0000
5502,14987.70,16127.22,0,0,0.0000
5503,14773.11,15981.17,0,0,0.0000
5504,15042.34,16182.54,0,0,0.0000
5505,15000.02,15955.56,0,0,0.0000
5506,14838.43,15931.59,0,0,0.0000
5507,14880.21,15924.44,0,0,0.0000
5508,14838.67,15766.89,NaN,NaN,NaN
5509,14827.98,16090.76,0,0,0.0000
5510,14963.25,16034.40,0,0,0.0000
5511,14816.14,16210.56,0,0,0.0000
5512,15063.92,16088.09,0,0,0.0000
5513,14843.21,15842.58,0,0,0.0000
5514,14910.29,16098.95,0,0,0.0000
5515,14915.24,16159.23,0,0,0.0000
5516,14759.18,15763.76,0,0,0.0000
5517,14800.25,15864.91,0,0,0.0000
5518,15606.55,15699.52,0,0,0.0000
5519,15601.22,15512.64,0,0,0.0000
5520,15732.19,15513.85,0,0,0.0000
5521,15723.45,15738.44,0,0,0.0000
5522,15592.77,15591.38,0,0,0.0000
5523,15687.69,15821.64,0,0,0.0000
5524,15679.01,15515.30,0,0,0.0000
5525,15722.99,15601.54,0,0,0.0000
5526,15659.42,15756.27,0,0,0.0000
5527,15598.63,16074.25,0,0,0.0000
5528,15607.27,15833.44,0,0,0.0000
5529,15636.93,15937.05,0,0,0.0000
5530,15757.42,15665.91,0,0,0.0000
5531,15529.25,15500.17,0,0,0.0000
5532,15526.90,15599.38,0,0,0.0000
5533,15502.97,15939.03,0,0,0.0000
5534,15639.07,15883.70,0,0,0.0000
5535,15681.09,15891.79,0,0,0.0000
5536,16980.86,15912.60,0,0,0.0000
5537,16938.40,16013.45,0,0,0.0000
5538,17001.26,15968.36,0,0,0.0000
5539,16667.57,16035.97,NaN,NaN,NaN
5540,17435.93,15984.69,NaN,NaN,NaN
5541,17173.59,15865.28,NaN,NaN,NaN
5542,17213.08,16122.92,NaN,NaN,NaN
5543,17467.45,16122.39,NaN,NaN,NaN
5544,17606.32,16061.85,NaN,NaN,NaN
5545,17096.93,15903.73,2,2,0.0000
5546,17386.48,15919.56,NaN,NaN,NaN
5547,17060.67,16002.57,0,0,0.0000
5548,17301.95,15942.58,2,3,0.0000
5549,17157.31,16006.32,0,0,0.0000
5550,17602.07,16170.94,NaN,NaN,NaN
5551,17348.39,16181.30,NaN,NaN,NaN
5552,17146.98,16149.50,0,0,0.0000
5553,17535.86,16189.37,NaN,NaN,NaN
5554,17306.47,16236.71,NaN,NaN,NaN
5555,17228.80,16212.92,0,0,0.0000
5556,17291.88,16153.61,NaN,NaN,NaN
5557,17432.07,16166.31,3,7,2.3333
5558,17594.26,16252.22,NaN,NaN,NaN
5559,17560.57,15985.94,0,0,0.0000
5560,17286.20,16077.79,0,0,0.0000
5561,17356.99,15998.45,2,3,0.0000
5562,17648.81,16224.18,NaN,NaN,NaN
5563,17519.80,16003.71,0,0,0.0000
5564,17377.68,16094.22,NaN,NaN,NaN
5565,17493.75,15928.68,NaN,NaN,NaN
5566,18635.09,15653.84,NaN,NaN,NaN
5567,18433.10,15512.78,3,6,2.0000
5568,18508.65,15630.33,2,4,2.0000
5569,18481.96,15712.33,0,0,0.0000
5570,18653.27,15543.01,NaN,NaN,NaN
5571,18562.30,15692.77,NaN,NaN,NaN
5572,18446.91,15631.25,NaN,NaN,NaN
5573,18639.10,15772.61,0,0,0.0000
5574,18355.38,15511.34,2,2,0.0000
5575,18560.81,15624.47,NaN,NaN,NaN
5576,18589.66,15818.44,NaN,NaN,NaN
5577,18410.91,15654.48,NaN,NaN,NaN
5578,18578.11,15747.35,0,0,0.0000
5579,364.15,16367.83,NaN,NaN,NaN
5580,271.51,16712.25,0,0,0.0000
5581,729.08,16593.88,0,0,0.0000
5582,442.62,16607.25,0,0,0.0000
5583,682.58,16454.48,0,0,0.0000
5584,443.34,16375.16,NaN,NaN,NaN
5585,844.37,16533.74,0,0,0.0000
5586,476.81,16436.15,0,0,0.0000
5587,495.90,16268.54,0,0,0.0000
5588,834.98,16635.67,0,0,0.0000
5589,376.80,16640.21,0,0,0.0000
5590,567.11,16597.75,0,0,0.0000
5591,402.64,16467.55,NaN,NaN,NaN
5592,201.84,16631.84,0,0,0.0000
5593,352.37,16563.87,0,0,0.0000
5594,569.75,16520.29,0,0,0.0000
5595,527.55,16364.22,0,0,0.0000
5596,764.62,16642.96,0,0,0.0000
5597,705.06,16506.96,0,0,0.0000
5598,577.65,16464.78,0,0,0.0000
5599,607.50,16395.74,0,0,0.0000
5600,168.65,16819.40,0,0,0.0000
5601,211.42,16857.37,0,0,0.0000
5602,121.92,16715.36,0,0,0.0000
5603,713.75,16359.43,0,0,0.0000
5604,817.11,16451.77,0,0,0.0000
5605,516.54,16548.60,0,0,0.0000
5606,415.70,16523.89,0,0,0.0000
5607,665.79,16377.78,0,0,0.0000
5608,790.90,16396.78,0,0,0.0000
5609,469.21,16521.87,0,0,0.0000
5610,468.80,16315.04,0,0,0.0000
5611,744.04,16449.99,0,0,0.0000
5612,791.50,16499.72,0,0,0.0000
5613,878.37,16580.07,0,0,0.0000
5614,293.89,16586.75,0,0,0.0000
5615,223.72,16798.37,0,0,0.0000
5616,193.95,16685.73,0,0,0.0000
5617,635.68,16524.52,0,0,0.0000
5618,576.02,16326.99,0,0,0.0000
5619,819.87,16575.25,0,0,0.0000
5620,125.97,16788.59,0,0,0.0000
5621,291.85,16528.76,0,0,0.0000
5622,337.92,16288.78,0,0,0.0000
5623,815.78,16420.64,0,0,0.0000
5624,728.90,16403.32,0,0,0.0000
5625,630.03,16343.61,0,0,0.0000
5626,894.93,16498.25,0,0,0.0000
5627,311.92,16633.77,0,0,0.0000
5628,255.93,16638.64,0,0,0.0000
5629,307.76,16257.88,0,0,0.0000
5630,530.27,16407.55,0,0,0.0000
5631,414.16,16300.20,0,0,0.0000
5632,368.92,16442.50,0,0,0.0000
5633,166.87,16753.87,0,0,0.0000
5634,648.30,16555.89,0,0,0.0000
5635,511.58,16593.21,0,0,0.0000
5636,652.29,16654.21,0,0,0.0000
5637,614.88,16439.76,0,0,0.0000
5638,334.08,16485.52,0,0,0.0000
5639,841.56,16491.73,0,0,0.0000
5640,894.34,16464.41,0,0,0.0000
5641,1191.46,16722.15,0,0,0.0000
5642,1141.30,16398.89,0,0,0.0000
5643,1153.18,16456.30,0,0,0.0000
5644,1154.58,16783.04,0,0,0.0000
5645,1265.19,16741.04,0,0,0.0000
5646,1331.74,16649.02,0,0,0.0000
5647,1297.90,16279.48,0,0,0.0000
5648,1218.96,16451.04,0,0,0.0000
5649,1265.25,16653.61,0,0,0.0000
5650,1321.21,16980.41,0,0,0.0000
5651,1187.28,16411.95,0,0,0.0000
5652,1218.73,16395.76,0,0,0.0000
5653,1124.60,16353.39,0,0,0.0000
5654,1089.53,16781.39,0,0,0.0000
5655,1484.25,16670.13,0,0,0.0000
5656,1114.01,16469.76,0,0,0.0000
5657,1293.54,16956.12,0,0,0.0000
5658,1238.47,16685.88,0,0,0.0000
5659,1184.23,16482.17,0,0,0.0000
5660,1246.67,16431.64,0,0,0.0000
5661,1087.03,16340.78,0,0,0.0000
5662,1526.41,16262.63,0,0,0.0000
5663,1315.57,16696.21,0,0,0.0000
5664,2123.56,16542.65,0,0,0.0000
5665,2246.72,16497.10,0,0,0.0000
5666,2394.77,16342.93,0,0,0.0000
5667,2199.01,16295.88,0,0,0.0000
5668,2022.64,16706.75,0,0,0.0000
5669,2255.45,16366.22,0,0,0.0000
5670,2249.29,16588.79,0,0,0.0000
5671,2291.56,16428.47,0,0,0.0000
5672,2178.36,16631.68,0,0,0.0000
5673,2101.67,16689.09,0,0,0.0000
5674,2147.03,16607.69,0,0,0.0000
5675,2149.66,16360.28,0,0,0.0000
5676,2345.64,16498.89,0,0,0.0000
5677,2297.41,16305.14,0,0,0.0000
5678,2128.20,16419.02,0,0,0.0000
5679,2367.12,16392.23,0,0,0.0000
5680,2344.77,16285.69,0,0,0.0000
5681,1988.14,16791.13,0,0,0.0000
5682,2264.57,16403.87,0,0,0.0000
5683,2190.99,16447.85,0,0,0.0000
5684,2206.49,16365.38,0,0,0.0000
5685,2121.53,16742.10,0,0,0.0000
5686,2352.40,16436.57,0,0,0.0000
5687,2390.96,16456.51,0,0,0.0000
5688,2044.81,16744.49,0,0,0.0000
5689,1954.86,16765.17,0,0,0.0000
5690,2020.81,16816.54,0,0,0.0000
5691,2191.21,16672.56,0,0,0.0000
5692,2078.71,16623.74,0,0,0.0000
5693,2428.95,16288.58,0,0,0.0000
5694,1978.76,16837.84,0,0,0.0000
5695,1912.31,16747.47,0,0,0.0000
5696,2247.00,16299.38,0,0,0.0000
5697,3089.65,16669.73,0,0,0.0000
5698,3097.63,16574.42,0,0,0.0000
5699,3154.70,16808.52,0,0,0.0000
5700,2883.91,16667.30,NaN,NaN,NaN
5701,2930.55,16836.52,0,0,0.0000
5702,3007.91,16568.11,0,0,0.0000
5703,2961.19,16735.69,0,0,0.0000
5704,3119.27,16284.48,0,0,0.0000
5705,2470.40,16382.76,0,0,0.0000
5706,3083.01,16321.04,0,0,0.0000
5707,2979.21,16619.57,0,0,0.0000
5708,3083.97,16786.82,0,0,0.0000
5709,3112.65,16492.23,0,0,0.0000
5710,2950.24,16295.84,0,0,0.0000
5711,2992.84,16789.27,0,0,0.0000
5712,2880.17,16733.81,0,0,0.0000
5713,3055.87,16385.96,0,0,0.0000
5714,2479.48,16321.16,0,0,0.0000
5715,3091.72,16846.43,3,4,0.0000
5716,3192.58,16341.07,0,0,0.0000
5717,2868.11,16605.00,NaN,NaN,NaN
5718,2857.27,16389.87,0,0,0.0000
5719,3181.13,16883.78,0,0,0.0000
5720,2931.15,16781.57,0,0,0.0000
5721,2831.30,16757.04,0,0,0.0000
5722,3119.49,16408.29,0,0,0.0000
5723,3027.58,16339.89,0,0,0.0000
5724,3167.71,16491.04,0,0,0.0000
5725,3147.05,16357.36,0,0,0.0000
5726,3183.77,16557.61,0,0,0.0000
5727,2873.01,16463.86,0,0,0.0000
5728,3051.03,16718.00,0,0,0.0000
5729,2444.53,16430.48,0,0,0.0000
5730,2817.89,16853.78,0,0,0.0000
5731,2639.50,16821.90,0,0,0.0000
5732,2497.60,16357.91,0,0,0.0000
5733,3030.35,16485.51,0,0,0.0000
5734,2987.65,16669.51,0,0,0.0000
5735,2487.36,16268.92,0,0,0.0000
5736,3175.05,16726.53,0,0,0.0000
5737,3622.45,16917.57,0,0,0.0000
5738,3235.74,16618.37,0,0,0.0000
5739,3683.10,16801.06,0,0,0.0000
5740,3743.79,16771.54,0,0,0.0000
5741,3409.46,16767.79,2,2,0.0000
5742,3622.58,16829.41,0,0,0.0000
5743,3476.22,16925.96,0,0,0.0000
5744,3237.13,16864.97,0,0,0.0000
5745,3334.98,16801.22,0,0,0.0000
5746,3795.62,16325.72,0,0,0.0000
5747,3351.77,16661.70,0,0,0.0000
5748,3751.41,16419.84,0,0,0.0000
5749,3882.87,16960.08,0,0,0.0000
5750,3700.52,16316.89,NaN,NaN,NaN
5751,3825.49,16418.91,0,0,0.0000
5752,3382.02,16355.35,0,0,0.0000
5753,3495.20,16890.18,0,0,0.0000
5754,3272.92,16384.48,0,0,0.0000
5755,3767.83,16648.00,0,0,0.0000
5756,3383.43,16540.96,0,0,0.0000
5757,3300.27,16705.88,0,0,0.0000
5758,3570.68,16755.29,NaN,NaN,NaN
5759,3655.02,16668.72,0,0,0.0000
5760,3740.92,16279.24,0,0,0.0000
5761,3323.06,16449.05,0,0,0.0000
5762,3790.22,16545.87,0,0,0.0000
5763,3878.42,16628.87,0,0,0.0000
5764,3229.88,16743.85,0,0,0.0000
5765,3875.58,16544.67,0,0,0.0000
5766,3907.03,16674.24,0,0,0.0000
5767,3332.72,16556.98,0,0,0.0000
5768,3220.08,16480.64,0,0,0.0000
5769,3457.74,16366.16,0,0,0.0000
5770,3698.27,16628.66,0,0,0.0000
5771,3207.93,16784.24,0,0,0.0000
5772,3387.05,16468.21,0,0,0.0000
5773,3339.67,17005.44,0,0,0.0000
5774,3807.71,16993.24,0,0,0.0000
5775,3840.72,16688.20,0,0,0.0000
5776,3684.65,16365.67,0,0,0.0000
5777,3421.22,16461.56,0,0,0.0000
5778,3568.77,16672.27,0,0,0.0000
5779,3951.81,16280.05,0,0,0.0000
5780,3752.82,16497.37,0,0,0.0000
5781,3849.98,16338.55,0,0,0.0000
5782,3753.76,17016.88,0,0,0.0000
5783,3293.81,16298.53,0,0,0.0000
5784,3866.25,17011.50,0,0,0.0000
5785,3495.32,16808.22,0,0,0.0000
5786,3465.52,16472.05,0,0,0.0000
5787,3840.13,16498.74,0,0,0.0000
5788,3696.80,16423.36,0,0,0.0000
5789,3496.20,16638.64,0,0,0.0000
5790,3513.05,16725.65,0,0,0.0000
5791,3265.72,16962.14,0,0,0.0000
5792,3792.39,16733.73,0,0,0.0000
5793,3410.21,16608.34,0,0,0.0000
5794,3833.20,16969.88,0,0,0.0000
5795,3606.86,16669.65,0,0,0.0000
5796,3817.98,16625.02,0,0,0.0000
5797,3383.48,16257.43,0,0,0.0000
5798,3224.55,16926.37,0,0,0.0000
5799,3486.58,16584.02,0,0,0.0000
5800,3486.81,16694.91,0,0,0.0000
5801,3810.88,16783.82,0,0,0.0000
5802,4025.19,16394.90,0,0,0.0000
5803,4137.91,16304.26,0,0,0.0000
5804,4228.57,16630.02,0,0,0.0000
5805,4090.42,16371.54,0,0,0.0000
5806,4047.69,16491.01,0,0,0.0000
5807,4128.37,16726.39,0,0,0.0000
5808,4152.86,16686.46,0,0,0.0000
5809,4077.73,16266.04,0,0,0.0000
5810,4008.02,16266.40,0,0,0.0000
5811,4049.79,16537.01,0,0,0.0000
5812,4066.80,16459.85,0,0,0.0000
5813,4148.26,16398.54,0,0,0.0000
5814,3987.82,16716.52,0,0,0.0000
5815,4006.89,16531.70,0,0,0.0000
5816,4065.34,16323.21,0,0,0.0000
5817,4733.16,16281.83,0,0,0.0000
5818,4081.03,16606.63,0,0,0.0000
5819,4109.54,16436.91,0,0,0.0000
5820,4082.23,16424.92,0,0,0.0000
5821,4959.73,16441.15,0,0,0.0000
5822,5090.02,16479.41,0,0,0.0000
5823,5132.03,16691.41,0,0,0.0000
5824,5218.82,16304.61,0,0,0.0000
5825,5252.88,16678.65,0,0,0.0000
5826,5102.02,16574.04,0,0,0.0000
5827,4810.48,16323.26,0,0,0.0000
5828,5334.16,16632.78,0,0,0.0000
5829,4996.45,16308.50,0,0,0.0000
5830,5471.27,16649.99,0,0,0.0000
5831,5217.59,16432.16,0,0,0.0000
5832,5461.00,16572.14,0,0,0.0000
5833,4894.29,16555.25,NaN,NaN,NaN
5834,4848.73,16444.62,NaN,NaN,NaN
5835,5409.36,16781.43,0,0,0.0000
5836,5272.74,16521.66,0,0,0.0000
5837,5251.28,16753.12,0,0,0.0000
5838,5103.94,16389.36,0,0,0.0000
5839,5326.06,16781.28,0,0,0.0000
5840,5330.07,16721.89,0,0,0.0000
5841,4840.30,16369.55,NaN,NaN,NaN
5842,4910.41,16383.56,0,0,0.0000
5843,5499.26,16536.18,0,0,0.0000
5844,5035.99,16407.88,0,0,0.0000
5845,5161.99,16461.05,0,0,0.0000
5846,5225.92,16569.00,0,0,0.0000
5847,5195.85,16607.55,0,0,0.0000
5848,4983.47,16540.44,0,0,0.0000
5849,4778.15,16268.61,0,0,0.0000
5850,5465.89,16456.39,0,0,0.0000
5851,4883.09,16432.23,0,0,0.0000
5852,4796.89,16415.57,0,0,0.0000
5853,4797.23,16470.95,NaN,NaN,NaN
5854,4740.86,16326.82,0,0,0.0000
5855,5458.66,16695.33,0,0,0.0000
5856,5343.16,16571.81,0,0,0.0000
5857,5260.06,16606.60,0,0,0.0000
5858,5423.14,16506.64,0,0,0.0000
5859,5406.68,16583.82,0,0,0.0000
5860,4837.90,16510.92,NaN,NaN,NaN
5861,5088.40,16345.80,0,0,0.0000
5862,5545.53,16312.85,0,0,0.0000
5863,5575.43,16639.86,0,0,0.0000
5864,5562.13,16568.04,0,0,0.0000
5865,5566.65,16428.15,0,0,0.0000
5866,5567.99,16480.56,0,0,0.0000
5867,5585.93,16720.12,0,0,0.0000
5868,5606.98,16579.78,0,0,0.0000
5869,5553.89,16682.77,0,0,0.0000
5870,5621.74,16455.78,0,0,0.0000
5871,5510.04,16542.07,0,0,0.0000
5872,5988.37,16332.00,0,0,0.0000
5873,5606.27,16493.08,0,0,0.0000
5874,6760.60,16844.31,NaN,NaN,NaN
5875,6666.92,16727.55,2,2,0.0000
5876,6930.99,16862.71,NaN,NaN,NaN
5877,6573.01,16612.97,0,0,0.0000
5878,6827.36,16793.91,NaN,NaN,NaN
5879,6624.45,16807.21,0,0,0.0000
5880,6748.67,16684.00,0,0,0.0000
5881,6691.58,16952.07,NaN,NaN,NaN
5882,6571.59,16524.79,0,0,0.0000
5883,6671.84,16461.28,0,0,0.0000
5884,6849.13,17016.30,NaN,NaN,NaN
5885,6505.87,16750.74,0,0,0.0000
5886,6649.43,16587.09,0,0,0.0000
5887,6767.36,16605.14,0,0,0.0000
5888,6698.39,16551.68,0,0,0.0000
5889,6614.67,16898.90,2,3,0.0000
5890,6706.53,16620.12,0,0,0.0000
5891,6464.28,16695.56,0,0,0.0000
5892,6528.05,16657.52,0,0,0.0000
5893,6688.71,16864.95,NaN,NaN,NaN
5894,6960.54,16291.61,0,0,0.0000
5895,6481.11,16631.14,0,0,0.0000
5896,7011.54,16317.07,0,0,0.0000
5897,6889.99,16768.88,0,0,0.0000
5898,6559.83,16711.36,0,0,0.0000
5899,6643.97,16867.73,NaN,NaN,NaN
5900,6820.48,16855.09,0,0,0.0000
5901,6756.37,17005.67,NaN,NaN,NaN
5902,6771.84,16928.63,NaN,NaN,NaN
5903,6801.55,16968.51,0,0,0.0000
5904,6780.54,17022.40,NaN,NaN,NaN
5905,6491.92,16572.00,0,0,0.0000
5906,7278.99,16562.43,0,0,0.0000
5907,7266.32,16499.10,0,0,0.0000
5908,7244.97,16387.66,0,0,0.0000
5909,7194.32,16640.63,0,0,0.0000
5910,7299.88,16662.59,0,0,0.0000
5911,7281.00,16429.19,0,0,0.0000
5912,7350.45,16526.48,0,0,0.0000
5913,7249.00,16296.62,0,0,0.0000
5914,7051.53,16333.10,0,0,0.0000
5915,7412.53,16827.76,0,0,0.0000
5916,7175.89,16397.60,0,0,0.0000
5917,7165.71,16565.16,0,0,0.0000
5918,7275.36,16854.29,NaN,NaN,NaN
5919,7169.39,16312.61,0,0,0.0000
5920,7097.03,16373.96,0,0,0.0000
5921,7108.82,16301.01,0,0,0.0000
5922,7709.19,16286.45,0,0,0.0000
5923,7628.00,16269.75,0,0,0.0000
5924,7214.31,16322.96,0,0,0.0000
5925,7082.12,16412.18,0,0,0.0000
5926,7758.11,16263.26,0,0,0.0000
5927,7372.23,16319.37,0,0,0.0000
5928,7354.78,16788.11,0,0,0.0000
5929,7299.72,16320.01,0,0,0.0000
5930,7404.63,16677.97,0,0,0.0000
5931,7696.07,16316.71,0,0,0.0000
5932,7793.64,16267.96,0,0,0.0000
5933,8225.10,16454.71,NaN,NaN,NaN
5934,8139.36,16680.10,0,0,0.0000
5935,8431.92,16536.91,0,0,0.0000
5936,8309.21,16329.39,0,0,0.0000
5937,8312.19,16586.86,0,0,0.0000
5938,8387.96,16606.78,0,0,0.0000
5939,8440.11,16921.76,0,0,0.0000
5940,7853.41,16355.48,0,0,0.0000
5941,8374.07,16432.68,0,0,0.0000
5942,8540.59,16556.04,0,0,0.0000
5943,8098.99,16451.12,2,3,0.0000
5944,8489.61,16464.63,0,0,0.0000
5945,8520.29,16799.13,0,0,0.0000
5946,8498.14,16886.65,0,0,0.0000
5947,8540.40,16949.05,0,0,0.0000
5948,8544.05,16646.15,0,0,0.0000
5949,7885.99,16419.70,0,0,0.0000
5950,8065.73,16591.61,0,0,0.0000
5951,8430.77,16682.01,0,0,0.0000
5952,8078.00,16515.49,NaN,NaN,NaN
5953,8238.71,16764.37,0,0,0.0000
5954,8123.60,16556.35,0,0,0.0000
5955,8242.68,16361.90,0,0,0.0000
5956,8404.51,16841.62,0,0,0.0000
5957,8479.42,16657.27,0,0,0.0000
5958,8073.40,16269.34,0,0,0.0000
5959,8033.55,16549.06,0,0,0.0000
5960,8494.04,16265.99,3,4,0.0000
5961,8172.60,16551.00,0,0,0.0000
5962,8119.98,16328.90,0,0,0.0000
5963,8533.08,16605.58,0,0,0.0000
5964,8570.06,16359.46,0,0,0.0000
5965,8167.70,16365.07,0,0,0.0000
5966,8298.99,16825.83,0,0,0.0000
5967,8445.52,17003.46,0,0,0.0000
5968,7932.63,16462.78,0,0,0.0000
5969,8511.70,16723.60,0,0,0.0000
5970,8412.64,16782.42,0,0,0.0000
5971,8125.59,16392.90,0,0,0.0000
5972,8283.49,16777.53,0,0,0.0000
5973,8224.99,16309.37,0,0,0.0000
5974,8380.69,16682.54,0,0,0.0000
5975,8215.22,16398.46,3,2,0.0000
5976,8449.65,16827.65,0,0,0.0000
5977,7850.02,16423.03,0,0,0.0000
5978,8485.07,16846.29,0,0,0.0000
5979,8256.00,16267.63,NaN,NaN,NaN
5980,8381.46,16725.05,0,0,0.0000
5981,8543.43,16870.21,2,3,0.0000
5982,8296.86,16705.09,0,0,0.0000
5983,8326.50,16751.07,0,0,0.0000
5984,8437.87,16332.18,0,0,0.0000
5985,9225.35,16817.32,NaN,NaN,NaN
5986,8949.15,16973.69,0,0,0.0000
5987,8681.85,16975.66,2,2,0.0000
5988,8906.47,16597.45,NaN,NaN,NaN
5989,8991.29,16654.76,NaN,NaN,NaN
5990,9340.70,16913.27,0,0,0.0000
5991,8662.12,16877.10,NaN,NaN,NaN
5992,8842.30,16931.20,0,0,0.0000
5993,9342.90,16816.50,0,0,0.0000
5994,9314.10,16973.80,0,0,0.0000
5995,9154.65,16744.01,2,2,0.0000
5996,8764.18,16708.96,0,0,0.0000
5997,8993.47,16748.98,NaN,NaN,NaN
5998,8768.89,16926.70,NaN,NaN,NaN
5999,8602.05,16788.92,0,0,0.0000
6000,8877.95,16813.21,3,6,2.0000
6001,8764.71,16601.35,3,2,0.0000
6002,9038.69,16700.99,NaN,NaN,NaN
6003,9108.05,16677.94,0,0,0.0000
6004,8685.68,16618.95,0,0,0.0000
6005,8587.78,16723.57,0,0,0.0000
6006,8952.10,16692.41,NaN,NaN,NaN
6007,8794.63,16987.87,NaN,NaN,NaN
6008,8790.57,16761.54,0,0,0.0000
6009,9255.73,16954.67,0,0,0.0000
6010,9099.30,16795.75,NaN,NaN,NaN
6011,8848.33,16844.55,NaN,NaN,NaN
6012,8822.52,16691.44,2,2,0.0000
6013,8895.49,16900.06,2,3,0.0000
6014,8681.75,16672.03,0,0,0.0000
6015,9072.51,16893.23,NaN,NaN,NaN
6016,8771.47,16847.58,2,2,0.0000
6017,8812.65,16651.79,NaN,NaN,NaN
6018,8618.19,16918.05,5,3,0.0000
6019,8815.20,16871.80,NaN,NaN,NaN
6020,9270.20,16892.20,0,0,0.0000
6021,9201.08,16949.66,0,0,0.0000
6022,8746.61,16766.12,0,0,0.0000
6023,8650.68,16721.98,0,0,0.0000
6024,9019.38,16906.35,NaN,NaN,NaN
6025,8840.87,16988.03,0,0,0.0000
6026,9034.66,16737.17,2,2,0.0000
6027,9073.08,16656.43,2,2,0.0000
6028,9439.07,16908.00,0,0,0.0000
6029,9979.42,16700.40,0,0,0.0000
6030,10060.36,16481.65,0,0,0.0000
6031,10059.86,16847.84,0,0,0.0000
6032,9990.44,16295.24,0,0,0.0000
6033,9928.38,16543.14,0,0,0.0000
6034,10061.28,16548.09,0,0,0.0000
6035,10073.64,16940.40,0,0,0.0000
6036,10048.58,16894.86,0,0,0.0000
6037,10070.88,16636.81,0,0,0.0000
6038,9768.41,16919.22,0,0,0.0000
6039,9560.77,16307.17,0,0,0.0000
6040,9996.58,17008.16,0,0,0.0000
6041,9853.80,16455.57,0,0,0.0000
6042,9905.49,16931.96,0,0,0.0000
6043,9956.96,16890.92,0,0,0.0000
6044,9379.02,16978.02,0,0,0.0000
6045,9905.88,16390.54,0,0,0.0000
6046,10106.87,16625.71,0,0,0.0000
6047,9953.05,16433.77,0,0,0.0000
6048,9949.42,16970.74,0,0,0.0000
6049,10092.26,16796.21,0,0,0.0000
6050,9860.05,16981.09,0,0,0.0000
6051,9736.51,16291.19,0,0,0.0000
6052,9813.38,16896.36,0,0,0.0000
6053,10040.59,16368.00,0,0,0.0000
6054,10057.80,16736.95,0,0,0.0000
6055,10009.63,16619.56,0,0,0.0000
6056,9832.84,16313.92,0,0,0.0000
6057,9955.78,16609.83,0,0,0.0000
6058,9893.91,16833.92,0,0,0.0000
6059,9612.65,16276.88,0,0,0.0000
6060,9870.60,16897.89,0,0,0.0000
6061,9921.69,17019.79,0,0,0.0000
6062,9469.39,16297.39,0,0,0.0000
6063,9416.12,16996.85,0,0,0.0000
6064,9511.28,16306.47,0,0,0.0000
6065,10077.93,16369.56,0,0,0.0000
6066,9993.26,16925.82,0,0,0.0000
6067,9464.66,17018.86,0,0,0.0000
6068,9864.27,16353.65,0,0,0.0000
6069,10045.11,16787.60,0,0,0.0000
6070,9817.28,16961.84,0,0,0.0000
6071,9746.00,16863.90,0,0,0.0000
6072,10313.79,16617.50,0,0,0.0000
6073,10247.63,16258.01,0,0,0.0000
6074,10280.45,16332.20,0,0,0.0000
6075,10403.43,16740.06,0,0,0.0000
6076,10438.29,16378.79,0,0,0.0000
6077,10532.23,16423.48,NaN,NaN,NaN
6078,10685.89,16456.55,0,0,0.0000
6079,10576.83,16809.25,0,0,0.0000
6080,10728.21,16533.39,0,0,0.0000
6081,10554.86,16649.66,NaN,NaN,NaN
6082,10604.62,16597.17,0,0,0.0000
6083,10162.70,16606.69,0,0,0.0000
6084,10333.30,17023.32,0,0,0.0000
6085,10719.04,16660.11,0,0,0.0000
6086,10208.79,16750.99,0,0,0.0000
6087,10185.72,16343.52,0,0,0.0000
6088,10411.25,16444.77,0,0,0.0000
6089,10189.80,16482.22,0,0,0.0000
6090,10415.37,16272.00,0,0,0.0000
6091,10126.70,16321.79,0,0,0.0000
6092,10156.36,16833.87,0,0,0.0000
6093,10520.92,16536.52,0,0,0.0000
6094,10450.59,16514.36,2,3,0.0000
6095,10112.27,16410.15,0,0,0.0000
6096,10237.35,16689.43,0,0,0.0000
6097,10439.44,16873.80,0,0,0.0000
6098,10473.99,16593.59,0,0,0.0000
6099,10492.84,16333.56,0,0,0.0000
6100,10494.08,16871.99,0,0,0.0000
6101,10621.55,16426.89,0,0,0.0000
6102,10120.10,16713.59,0,0,0.0000
6103,10609.79,16369.52,0,0,0.0000
6104,10658.69,16307.34,0,0,0.0000
6105,10477.59,16934.74,0,0,0.0000
6106,10176.39,16924.71,0,0,0.0000
6107,10696.61,16867.84,0,0,0.0000
6108,10633.19,16977.67,0,0,0.0000
6109,10349.53,16376.24,0,0,0.0000
6110,10675.54,16590.31,0,0,0.0000
6111,10581.29,16933.56,0,0,0.0000
6112,10385.22,16950.06,0,0,0.0000
6113,10297.19,16940.03,0,0,0.0000
6114,10390.27,16617.51,0,0,0.0000
6115,10326.00,16832.19,0,0,0.0000
6116,10569.65,17003.30,0,0,0.0000
6117,10750.95,16953.68,0,0,0.0000
6118,10291.56,16855.54,0,0,0.0000
6119,10216.27,17009.35,0,0,0.0000
6120,10498.50,16775.96,0,0,0.0000
6121,10543.90,16319.05,0,0,0.0000
6122,10577.49,16309.12,0,0,0.0000
6123,10221.28,16549.22,0,0,0.0000
6124,10310.10,16441.15,0,0,0.0000
6125,10239.93,16461.22,0,0,0.0000
6126,10151.16,16772.90,0,0,0.0000
6127,10232.98,16593.28,0,0,0.0000
6128,10412.88,16667.92,0,0,0.0000
6129,10517.91,16718.16,0,0,0.0000
6130,10232.93,16398.76,0,0,0.0000
6131,10823.25,16813.82,0,0,0.0000
6132,10393.93,16561.45,0,0,0.0000
6133,10607.40,16295.72,0,0,0.0000
6134,10359.66,16304.63,0,0,0.0000
6135,10345.56,16516.69,0,0,0.0000
6136,10450.77,16640.19,0,0,0.0000
6137,11544.52,16499.75,0,0,0.0000
6138,11590.87,16712.05,NaN,NaN,NaN
6139,11103.38,16994.07,0,0,0.0000
6140,11553.30,16385.90,0,0,0.0000
6141,11197.53,16319.15,0,0,0.0000
6142,11314.64,16387.50,0,0,0.0000
6143,11361.72,16418.03,0,0,0.0000
6144,11139.31,16514.79,0,0,0.0000
6145,11599.74,16590.02,0,0,0.0000
6146,11359.47,16839.42,0,0,0.0000
6147,11254.38,16586.32,0,0,0.0000
6148,11647.82,16870.44,0,0,0.0000
6149,11447.97,16709.52,2,2,0.0000
6150,10946.18,16697.15,0,0,0.0000
6151,11408.34,16664.68,0,0,0.0000
6152,11499.58,16732.65,NaN,NaN,NaN
6153,11267.75,16480.33,0,0,0.0000
6154,11302.80,16628.99,0,0,0.0000
6155,11418.02,16304.37,0,0,0.0000
6156,11348.93,16987.52,0,0,0.0000
6157,11484.49,16807.55,2,3,0.0000
6158,11605.05,17019.79,0,0,0.0000
6159,11297.95,16781.54,0,0,0.0000
6160,11501.13,16900.79,0,0,0.0000
6161,11428.22,16866.60,0,0,0.0000
6162,11381.21,16496.81,NaN,NaN,NaN
6163,11194.85,16564.59,0,0,0.0000
6164,11383.13,16934.93,0,0,0.0000
6165,11150.58,16430.69,0,0,0.0000
6166,11417.10,16396.06,0,0,0.0000
6167,11270.16,16735.61,0,0,0.0000
6168,11625.68,16402.47,0,0,0.0000
6169,11468.43,16951.72,NaN,NaN,NaN
6170,11149.89,16851.93,0,0,0.0000
6171,11120.78,16333.27,0,0,0.0000
6172,11481.92,16405.52,0,0,0.0000
6173,11633.27,16546.64,0,0,0.0000
6174,11468.21,16991.25,0,0,0.0000
6175,11203.88,16671.80,0,0,0.0000
6176,11497.66,16859.91,0,0,0.0000
6177,11600.53,16291.25,0,0,0.0000
6178,11472.37,16322.94,0,0,0.0000
6179,11212.10,16507.29,0,0,0.0000
6180,11274.74,16876.19,0,0,0.0000
6181,11406.91,16574.90,0,0,0.0000
6182,11407.20,16461.00,0,0,0.0000
6183,11129.12,16377.55,0,0,0.0000
6184,11206.57,16405.13,0,0,0.0000
6185,11435.85,16462.97,0,0,0.0000
6186,11185.50,16635.94,0,0,0.0000
6187,11165.91,16608.51,0,0,0.0000
6188,11740.03,17014.14,0,0,0.0000
6189,12013.89,16373.09,0,0,0.0000
6190,11840.92,16301.42,NaN,NaN,NaN
6191,11719.53,16668.80,0,0,0.0000
6192,11838.93,16825.86,0,0,0.0000
6193,11944.25,16640.60,0,0,0.0000
6194,11673.10,16824.10,2,2,0.0000
6195,12142.93,16260.58,0,0,0.0000
6196,11885.51,16960.41,0,0,0.0000
6197,12029.60,17016.14,0,0,0.0000
6198,12369.40,16539.44,0,0,0.0000
6199,12059.82,16666.32,0,0,0.0000
6200,11725.01,16351.56,0,0,0.0000
6201,11823.61,16664.00,0,0,0.0000
6202,12220.42,16585.65,0,0,0.0000
6203,11994.28,16918.26,0,0,0.0000
6204,12352.64,16282.38,0,0,0.0000
6205,11953.06,16995.79,0,0,0.0000
6206,12079.02,16845.69,0,0,0.0000
6207,11910.57,16491.79,NaN,NaN,NaN
6208,11762.87,16917.27,0,0,0.0000
6209,12236.73,16327.72,0,0,0.0000
6210,11774.52,16446.99,0,0,0.0000
6211,12300.16,16973.69,0,0,0.0000
6212,12286.15,16386.74,0,0,0.0000
6213,12279.06,16629.29,0,0,0.0000
6214,12234.44,16786.47,0,0,0.0000
6215,12025.93,16594.69,NaN,NaN,NaN
6216,11869.81,16619.15,0,0,0.0000
6217,12348.12,16789.88,0,0,0.0000
6218,12195.60,16743.27,0,0,0.0000
6219,12058.52,16931.91,0,0,0.0000
6220,11826.56,16552.62,0,0,0.0000
6221,12409.32,16411.54,0,0,0.0000
6222,12076.58,16547.65,NaN,NaN,NaN
6223,12288.64,16893.41,0,0,0.0000
6224,12185.79,16388.05,0,0,0.0000
6225,12149.57,16640.71,0,0,0.0000
6226,12153.51,16697.37,0,0,0.0000
6227,12262.91,16446.40,0,0,0.0000
6228,12283.78,16778.67,0,0,0.0000
6229,12291.32,16671.17,0,0,0.0000
6230,12114.94,16960.04,0,0,0.0000
6231,12187.60,16520.47,0,0,0.0000
6232,12074.13,16466.75,0,0,0.0000
6233,11666.90,16381.82,0,0,0.0000
6234,12176.98,16583.15,0,0,0.0000
6235,11930.04,16751.56,0,0,0.0000
6236,11935.41,16828.16,0,0,0.0000
6237,12030.90,16738.95,0,0,0.0000
6238,12100.43,16723.73,0,0,0.0000
6239,12149.61,16399.99,0,0,0.0000
6240,11659.45,16299.13,0,0,0.0000
6241,12223.68,16854.09,0,0,0.0000
6242,11709.91,16891.69,0,0,0.0000
6243,12009.21,16811.09,0,0,0.0000
6244,12036.45,16508.08,0,0,0.0000
6245,11841.07,16458.83,0,0,0.0000
6246,12330.66,16604.61,0,0,0.0000
6247,11884.90,16429.36,0,0,0.0000
6248,11842.39,16418.50,0,0,0.0000
6249,11799.63,16365.34,0,0,0.0000
6250,11917.49,16384.87,0,0,0.0000
6251,11832.84,16377.29,0,0,0.0000
6252,11735.50,16508.29,0,0,0.0000
6253,12153.93,16820.00,0,0,0.0000
6254,11878.86,16552.32,0,0,0.0000
6255,12334.80,16476.13,0,0,0.0000
6256,12100.47,16778.52,0,0,0.0000
6257,11990.48,16477.59,0,0,0.0000
6258,11788.09,16484.71,0,0,0.0000
6259,12020.39,16856.44,0,0,0.0000
6260,12151.06,16569.54,0,0,0.0000
6261,11767.56,16748.00,0,0,0.0000
6262,12226.30,16679.75,0,0,0.0000
6263,11684.08,16428.85,0,0,0.0000
6264,12129.51,16800.31,0,0,0.0000
6265,12119.16,16886.29,0,0,0.0000
6266,12153.37,16942.37,0,0,0.0000
6267,12418.09,16695.68,0,0,0.0000
6268,12860.38,16362.47,0,0,0.0000
6269,12903.22,16304.97,0,0,0.0000
6270,12453.65,16337.84,0,0,0.0000
6271,12438.14,16276.38,0,0,0.0000
6272,12488.13,16559.16,0,0,0.0000
6273,12467.19,16410.28,0,0,0.0000
6274,12438.96,16528.20,0,0,0.0000
6275,12493.83,16376.25,0,0,0.0000
6276,12796.16,16317.63,0,0,0.0000
6277,14337.07,16540.40,0,0,0.0000
6278,14373.01,16347.78,0,0,0.0000
6279,14530.72,16580.90,0,0,0.0000
6280,14486.15,16406.82,NaN,NaN,NaN
6281,14688.10,16260.30,0,0,0.0000
6282,14700.09,16820.23,0,0,0.0000
6283,14689.63,16981.10,0,0,0.0000
6284,14559.43,16733.96,0,0,0.0000
6285,14567.62,16327.16,0,0,0.0000
6286,14575.27,16654.29,0,0,0.0000
6287,14658.63,16457.24,0,0,0.0000
6288,14228.87,16293.65,0,0,0.0000
6289,14451.00,16265.83,0,0,0.0000
6290,14712.49,16370.59,0,0,0.0000
6291,14489.33,16514.02,NaN,NaN,NaN
6292,14522.48,16867.20,NaN,NaN,NaN
6293,14593.56,16532.78,0,0,0.0000
6294,14249.74,16389.16,0,0,0.0000
6295,14570.92,16813.59,0,0,0.0000
6296,14630.88,16617.58,0,0,0.0000
6297,14476.71,16459.25,2,2,0.0000
6298,14572.42,17006.50,0,0,0.0000
6299,14491.07,16316.87,0,0,0.0000
6300,14669.18,16881.89,0,0,0.0000
6301,14621.00,16724.48,0,0,0.0000
6302,14303.60,16324.62,0,0,0.0000
6303,14678.69,16714.09,0,0,0.0000
6304,14518.23,16976.31,0,0,0.0000
6305,14668.70,16587.98,0,0,0.0000
6306,14410.44,16478.43,0,0,0.0000
6307,14502.65,16679.17,0,0,0.0000
6308,14514.86,16789.84,0,0,0.0000
6309,14423.53,16557.11,0,0,0.0000
6310,14167.45,16317.05,0,0,0.0000
6311,14167.96,16421.34,0,0,0.0000
6312,14563.96,16483.29,0,0,0.0000
6313,14190.25,16429.90,0,0,0.0000
6314,14584.53,16396.24,0,0,0.0000
6315,14439.09,16734.49,NaN,NaN,NaN
6316,14252.83,16558.96,0,0,0.0000
6317,14290.71,16483.43,0,0,0.0000
6318,14713.22,16533.65,0,0,0.0000
6319,14268.88,16519.62,0,0,0.0000
6320,14322.33,16446.57,0,0,0.0000
6321,14663.38,16526.73,0,0,0.0000
6322,14251.42,16474.51,0,0,0.0000
6323,14952.66,16942.26,2,2,0.0000
6324,14916.28,16794.76,NaN,NaN,NaN
6325,14768.56,16588.85,NaN,NaN,NaN
6326,14880.68,16704.86,0,0,0.0000
6327,14870.45,16268.19,0,0,0.0000
6328,14948.21,16546.13,0,0,0.0000
6329,14786.98,16293.06,0,0,0.0000
6330,15147.34,16553.35,0,0,0.0000
6331,15034.93,16875.83,2,2,0.0000
6332,15158.95,16847.76,0,0,0.0000
6333,15050.31,16419.03,0,0,0.0000
6334,15174.10,16645.04,NaN,NaN,NaN
6335,14915.45,16468.03,0,0,0.0000
6336,14855.59,16487.07,0,0,0.0000
6337,14851.49,16566.94,0,0,0.0000
6338,15115.08,16472.39,0,0,0.0000
6339,14722.64,16650.59,0,0,0.0000
6340,14945.86,16694.18,0,0,0.0000
6341,15108.05,16777.57,NaN,NaN,NaN
6342,15183.84,16440.70,0,0,0.0000
6343,14934.66,16291.80,0,0,0.0000
6344,15056.99,16755.75,0,0,0.0000
6345,14947.72,16404.29,0,0,0.0000
6346,14784.91,16766.92,0,0,0.0000
6347,14846.40,16914.68,0,0,0.0000
6348,14989.83,16481.91,0,0,0.0000
6349,15141.38,16386.89,0,0,0.0000
6350,14752.91,16889.32,0,0,0.0000
6351,15075.64,16579.19,0,0,0.0000
6352,15187.89,16748.66,0,0,0.0000
6353,15087.88,16646.62,0,0,0.0000
6354,14763.89,16486.92,2,1,0.0000
6355,15117.05,16703.81,0,0,0.0000
6356,15161.68,16779.68,0,0,0.0000
6357,14853.10,16418.69,0,0,0.0000
6358,14880.63,16837.48,0,0,0.0000
6359,15094.15,16853.65,0,0,0.0000
6360,16181.70,16882.97,2,2,0.0000
6361,16124.36,17002.67,NaN,NaN,NaN
6362,16001.49,16903.92,0,0,0.0000
6363,16186.29,16635.51,NaN,NaN,NaN
6364,16218.96,16805.90,NaN,NaN,NaN
6365,16004.03,16819.73,NaN,NaN,NaN
6366,16217.12,16502.87,0,0,0.0000
6367,16096.55,16918.98,0,0,0.0000
6368,16163.25,16490.01,0,0,0.0000
6369,15517.82,16383.76,0,0,0.0000
6370,16112.77,16841.84,0,0,0.0000
6371,16242.71,16719.77,2,4,2.0000
6372,16062.01,16840.79,0,0,0.0000
6373,16243.69,16606.09,NaN,NaN,NaN
6374,16200.00,16978.25,2,6,3.0000
6375,16117.21,16701.53,NaN,NaN,NaN
6376,16106.30,16775.43,0,0,0.0000
6377,16254.76,16981.69,NaN,NaN,NaN
6378,16067.77,16753.38,NaN,NaN,NaN
6379,16179.21,16716.11,2,1,0.0000
6380,16146.66,16802.72,0,0,0.0000
6381,16158.83,16447.53,0,0,0.0000
6382,16163.59,16546.83,0,0,0.0000
6383,16049.57,16797.46,0,0,0.0000
6384,16442.95,16735.04,NaN,NaN,NaN
6385,16422.28,16889.14,NaN,NaN,NaN
6386,16449.06,16631.97,2,3,0.0000
6387,16693.65,16852.87,0,0,0.0000
6388,16629.24,16945.71,0,0,0.0000
6389,16332.26,16769.66,0,0,0.0000
6390,16412.43,16982.14,NaN,NaN,NaN
6391,16290.71,16661.58,NaN,NaN,NaN
6392,16812.20,16799.52,NaN,NaN,NaN
6393,16625.81,16585.88,5,7,0.0000
6394,16321.22,16934.99,NaN,NaN,NaN
6395,16283.02,16865.39,2,3,0.0000
6396,16557.92,16721.03,0,0,0.0000
6397,16890.33,16877.70,NaN,NaN,NaN
6398,16299.40,16587.50,NaN,NaN,NaN
6399,16763.42,16927.45,NaN,NaN,NaN
6400,16548.20,16876.20,NaN,NaN,NaN
6401,16576.68,16803.76,NaN,NaN,NaN
6402,16907.34,16821.19,0,0,0.0000
6403,16645.56,16639.98,NaN,NaN,NaN
6404,16362.73,16606.59,3,1,0.0000
6405,16557.85,16547.10,NaN,NaN,NaN
6406,16746.44,16765.36,NaN,NaN,NaN
6407,16769.28,16852.15,0,0,0.0000
6408,16534.44,16969.61,NaN,NaN,NaN
6409,16780.05,16976.11,0,0,0.0000
6410,16291.08,16508.89,NaN,NaN,NaN
6411,16460.88,16825.53,0,0,0.0000
6412,16862.09,16970.02,0,0,0.0000
6413,16826.50,16882.52,NaN,NaN,NaN
6414,16700.48,16644.30,0,0,0.0000
6415,16725.71,17020.94,0,0,0.0000
6416,16618.32,16525.90,NaN,NaN,NaN
6417,16256.06,16382.90,NaN,NaN,NaN
6418,16332.47,16520.54,0,0,0.0000
6419,16499.83,16789.04,2,3,0.0000
6420,16635.16,16864.00,0,0,0.0000
6421,17268.80,16629.60,0,0,0.0000
6422,17405.26,16861.89,2,3,0.0000
6423,17609.69,16350.70,0,0,0.0000
6424,17256.05,16302.66,NaN,NaN,NaN
6425,17340.76,16662.99,0,0,0.0000
6426,17306.55,16902.05,NaN,NaN,NaN
6427,17774.30,16777.07,NaN,NaN,NaN
6428,17492.26,16263.66,NaN,NaN,NaN
6429,17413.32,16267.82,NaN,NaN,NaN
6430,17162.66,16443.02,0,0,0.0000
6431,17462.38,16768.28,NaN,NaN,NaN
6432,17778.76,16663.71,0,0,0.0000
6433,17419.54,16529.60,NaN,NaN,NaN
6434,17479.93,16659.94,0,0,0.0000
6435,17632.26,16542.82,0,0,0.0000
6436,17185.76,16368.59,NaN,NaN,NaN
6437,17589.37,16660.63,NaN,NaN,NaN
6438,17559.70,16512.66,0,0,0.0000
6439,17303.08,16477.42,0,0,0.0000
6440,17639.27,16784.61,NaN,NaN,NaN
6441,17183.73,16568.38,NaN,NaN,NaN
6442,17232.51,16479.24,NaN,NaN,NaN
6443,17586.18,16820.03,NaN,NaN,NaN
6444,17443.27,16393.83,0,0,0.0000
6445,17616.76,16886.02,0,0,0.0000
6446,17539.43,16445.14,0,0,0.0000
6447,17610.15,16931.13,NaN,NaN,NaN
6448,17765.51,16977.75,NaN,NaN,NaN
6449,17482.29,16842.72,NaN,NaN,NaN
6450,17350.38,16322.23,0,0,0.0000
6451,17521.01,16897.78,0,0,0.0000
6452,17689.60,16891.22,NaN,NaN,NaN
6453,17563.99,16601.51,2,2,0.0000
6454,17363.76,16520.11,NaN,NaN,NaN
6455,17556.75,16963.11,0,0,0.0000
6456,17405.05,16976.59,2,2,0.0000
6457,17290.68,16810.18,NaN,NaN,NaN
6458,17518.20,16358.41,0,0,0.0000
6459,17276.81,16756.32,0,0,0.0000
6460,17771.78,16866.66,NaN,NaN,NaN
6461,17271.01,16394.82,NaN,NaN,NaN
6462,17671.52,16673.49,NaN,NaN,NaN
6463,17784.49,16934.75,NaN,NaN,NaN
6464,17175.18,16633.23,NaN,NaN,NaN
6465,17744.64,16641.24,NaN,NaN,NaN
6466,17552.04,16725.18,0,0,0.0000
6467,17674.78,16737.97,NaN,NaN,NaN
6468,17470.74,16350.83,0,0,0.0000
6469,17736.38,16910.42,0,0,0.0000
6470,17465.39,16577.32,0,0,0.0000
6471,17710.18,16482.54,0,0,0.0000
6472,17394.00,16383.05,3,4,0.0000
6473,17376.58,16406.26,NaN,NaN,NaN
6474,17899.92,16519.40,NaN,NaN,NaN
6475,17860.12,16921.01,NaN,NaN,NaN
6476,17838.12,17015.97,3,3,0.0000
6477,17851.06,16745.94,NaN,NaN,NaN
6478,18000.16,16542.63,NaN,NaN,NaN
6479,18601.05,16944.71,3,6,2.0000
6480,18417.25,16991.83,NaN,NaN,NaN
6481,17819.75,16856.13,NaN,NaN,NaN
6482,17889.99,16711.68,NaN,NaN,NaN
6483,18400.54,16789.40,2,2,0.0000
6484,18362.82,16738.79,NaN,NaN,NaN
6485,18378.92,16866.05,2,3,0.0000
6486,18374.77,16665.25,2,3,0.0000
6487,18443.77,16913.04,NaN,NaN,NaN
6488,17832.71,16660.32,0,0,0.0000
6489,17885.57,16417.39,0,0,0.0000
6490,18406.54,16717.84,NaN,NaN,NaN
6491,18472.99,16941.78,NaN,NaN,NaN
6492,17857.07,16388.18,0,0,0.0000
6493,18657.68,16938.43,2,4,2.0000
6494,18635.45,16844.32,0,0,0.0000
6495,18420.90,16672.29,NaN,NaN,NaN
6496,18453.58,16834.74,0,0,0.0000
6497,18557.64,16935.46,NaN,NaN,NaN
6498,18351.37,16800.97,NaN,NaN,NaN
6499,638.37,17730.03,0,0,0.0000
6500,800.78,17532.83,0,0,0.0000
6501,385.94,17281.75,0,0,0.0000
6502,223.30,17408.63,0,0,0.0000
6503,209.35,17500.42,0,0,0.0000
6504,181.55,17684.92,0,0,0.0000
6505,316.41,17306.59,0,0,0.0000
6506,262.29,17693.96,0,0,0.0000
6507,207.80,17573.42,0,0,0.0000
6508,342.08,17588.70,4,2,0.0000
6509,265.71,17619.43,0,0,0.0000
6510,95.85,17472.84,0,0,0.0000
6511,870.54,17432.27,0,0,0.0000
6512,116.99,17711.64,0,0,0.0000
6513,872.49,17516.57,0,0,0.0000
6514,754.40,17750.94,0,0,0.0000
6515,360.95,17656.08,NaN,NaN,NaN
6516,137.98,17386.65,0,0,0.0000
6517,278.28,17243.00,0,0,0.0000
6518,394.36,17209.36,0,0,0.0000
6519,706.90,17717.95,0,0,0.0000
6520,60.87,17573.34,0,0,0.0000
6521,76.86,17392.68,0,0,0.0000
6522,888.39,17377.30,0,0,0.0000
6523,800.59,17407.93,0,0,0.0000
6524,804.11,17155.41,0,0,0.0000
6525,665.04,17157.51,0,0,0.0000
6526,60.43,17720.19,0,0,0.0000
6527,616.63,17156.17,0,0,0.0000
6528,663.01,17463.72,0,0,0.0000
6529,138.92,17625.72,0,0,0.0000
6530,209.45,17231.23,0,0,0.0000
6531,163.45,17446.59,0,0,0.0000
6532,130.86,17292.61,0,0,0.0000
6533,846.98,17676.76,0,0,0.0000
6534,496.39,17335.38,0,0,0.0000
6535,460.42,17422.57,0,0,0.0000
6536,755.56,17617.94,0,0,0.0000
6537,826.28,17589.19,0,0,0.0000
6538,56.40,17325.70,0,0,0.0000
6539,325.84,17396.49,0,0,0.0000
6540,284.83,17416.86,0,0,0.0000
6541,400.95,17576.02,0,0,0.0000
6542,171.97,17278.49,0,0,0.0000
6543,565.35,17751.70,0,0,0.0000
6544,887.59,17700.39,0,0,0.0000
6545,530.40,17196.79,0,0,0.0000
6546,38.86,17366.77,0,0,0.0000
6547,579.60,17185.76,0,0,0.0000
6548,844.84,17624.24,0,0,0.0000
6549,116.00,17328.31,0,0,0.0000
6550,501.07,17092.55,0,0,0.0000
6551,693.26,17501.01,0,0,0.0000
6552,251.10,17329.74,0,0,0.0000
6553,371.18,17488.35,0,0,0.0000
6554,221.17,17278.99,0,0,0.0000
6555,1573.62,17705.66,0,0,0.0000
6556,912.07,17643.24,0,0,0.0000
6557,1045.86,17081.71,0,0,0.0000
6558,1578.69,17652.76,0,0,0.0000
6559,1895.12,17713.09,0,0,0.0000
6560,1812.92,17506.18,0,0,0.0000
6561,1855.00,17736.64,0,0,0.0000
6562,2308.55,17682.09,0,0,0.0000
6563,1923.77,17546.59,0,0,0.0000
6564,1808.64,17647.91,0,0,0.0000
6565,1825.27,17580.33,0,0,0.0000
6566,1933.19,17632.30,0,0,0.0000
6567,1768.11,17770.31,0,0,0.0000
6568,1794.50,17732.22,0,0,0.0000
6569,1950.15,17789.45,0,0,0.0000
6570,1836.01,17786.88,0,0,0.0000
6571,1855.21,17544.77,0,0,0.0000
6572,1881.43,17618.87,0,0,0.0000
6573,1873.90,17497.47,0,0,0.0000
6574,3169.50,17367.01,0,0,0.0000
6575,3018.37,17588.11,0,0,0.0000
6576,2938.44,17419.68,0,0,0.0000
6577,2978.74,17709.61,0,0,0.0000
6578,3036.98,17495.85,0,0,0.0000
6579,2626.90,17403.30,0,0,0.0000
6580,2932.85,17591.98,0,0,0.0000
6581,2789.08,17295.78,0,0,0.0000
6582,3111.75,17656.88,0,0,0.0000
6583,3099.24,17441.66,0,0,0.0000
6584,2900.82,17742.11,0,0,0.0000
6585,3001.22,17444.09,0,0,0.0000
6586,2941.70,17328.53,0,0,0.0000
6587,3115.65,17209.26,0,0,0.0000
6588,2848.05,17481.82,0,0,0.0000
6589,3023.12,17345.81,0,0,0.0000
6590,2912.26,17521.65,0,0,0.0000
6591,2711.98,17397.75,NaN,NaN,NaN
6592,3126.08,17592.88,0,0,0.0000
6593,3059.88,17715.90,0,0,0.0000
6594,3060.40,17383.14,0,0,0.0000
6595,2813.40,17233.36,0,0,0.0000
6596,3171.22,17753.95,0,0,0.0000
6597,2742.74,17238.12,0,0,0.0000
6598,2542.29,17448.93,0,0,0.0000
6599,3135.88,17499.64,0,0,0.0000
6600,2842.47,17547.07,0,0,0.0000
6601,3178.16,17230.20,0,0,0.0000
6602,2558.63,17513.62,0,0,0.0000
6603,2633.02,17452.96,0,0,0.0000
6604,3109.36,17765.38,0,0,0.0000
6605,2994.01,17791.93,0,0,0.0000
6606,2553.67,17781.99,0,0,0.0000
6607,3119.00,17267.23,0,0,0.0000
6608,3151.30,17290.68,0,0,0.0000
6609,3226.55,17492.83,0,0,0.0000
6610,3270.67,17352.45,NaN,NaN,NaN
6611,3929.93,17413.95,NaN,NaN,NaN
6612,3346.68,17692.50,0,0,0.0000
6613,3334.97,17587.53,0,0,0.0000
6614,3782.30,17245.22,0,0,0.0000
6615,3888.90,17490.72,NaN,NaN,NaN
6616,3611.32,17094.36,0,0,0.0000
6617,3329.17,17428.02,0,0,0.0000
6618,3244.23,17597.98,0,0,0.0000
6619,3839.16,17134.15,0,0,0.0000
6620,3401.28,17514.17,0,0,0.0000
6621,3270.68,17256.13,0,0,0.0000
6622,3837.96,17360.01,NaN,NaN,NaN
6623,3298.38,17484.38,0,0,0.0000
6624,3875.06,17066.58,0,0,0.0000
6625,3926.55,17322.23,0,0,0.0000
6626,3403.91,17428.26,0,0,0.0000
6627,3892.04,17216.22,0,0,0.0000
6628,3920.94,17274.19,0,0,0.0000
6629,3705.38,17161.81,0,0,0.0000
6630,3480.03,17741.55,0,0,0.0000
6631,3929.68,17492.71,0,0,0.0000
6632,3730.22,17097.22,0,0,0.0000
6633,3607.62,17024.08,0,0,0.0000
6634,3774.11,17176.87,0,0,0.0000
6635,3210.56,17293.17,0,0,0.0000
6636,3458.05,17568.77,0,0,0.0000
6637,3887.95,17339.59,0,0,0.0000
6638,3854.08,17252.90,0,0,0.0000
6639,3938.75,17069.36,0,0,0.0000
6640,3334.95,17334.60,NaN,NaN,NaN
6641,3829.69,17084.70,0,0,0.0000
6642,3461.85,17515.41,0,0,0.0000
6643,3221.93,17722.19,0,0,0.0000
6644,3262.01,17772.12,0,0,0.0000
6645,3682.43,17102.53,0,0,0.0000
6646,3406.01,17708.51,0,0,0.0000
6647,3471.18,17687.42,0,0,0.0000
6648,3218.05,17766.11,0,0,0.0000
6649,4007.59,17243.35,NaN,NaN,NaN
6650,4191.36,17720.31,0,0,0.0000
6651,4312.25,17773.53,0,0,0.0000
6652,4054.10,17449.64,0,0,0.0000
6653,3992.33,17558.48,0,0,0.0000
6654,4116.57,17523.33,0,0,0.0000
6655,4020.19,17357.74,0,0,0.0000
6656,4047.86,17638.69,0,0,0.0000
6657,4003.93,17731.52,0,0,0.0000
6658,4129.15,17630.86,0,0,0.0000
6659,3976.58,17625.08,0,0,0.0000
6660,4053.97,17754.39,0,0,0.0000
6661,3990.89,17421.17,0,0,0.0000
6662,4017.89,17514.01,0,0,0.0000
6663,4071.46,17543.26,0,0,0.0000
6664,4713.54,17607.77,0,0,0.0000
6665,4153.31,17576.56,0,0,0.0000
6666,4236.02,17747.15,0,0,0.0000
6667,4327.06,17186.87,0,0,0.0000
6668,4051.21,17580.01,0,0,0.0000
6669,4325.03,17232.13,0,0,0.0000
6670,5062.32,17466.07,0,0,0.0000
6671,4903.40,17603.81,0,0,0.0000
6672,5193.47,17776.04,0,0,0.0000
6673,5147.00,17705.82,0,0,0.0000
6674,4985.07,17710.99,NaN,NaN,NaN
6675,4958.76,17524.20,0,0,0.0000
6676,5046.59,17545.41,0,0,0.0000
6677,5361.79,17763.55,0,0,0.0000
6678,4814.09,17418.40,0,0,0.0000
6679,5026.11,17615.15,0,0,0.0000
6680,4852.56,17501.05,0,0,0.0000
6681,4982.67,17402.59,0,0,0.0000
6682,5334.95,17664.09,0,0,0.0000
6683,4885.87,17406.46,0,0,0.0000
6684,5492.42,17762.93,NaN,NaN,NaN
6685,5433.05,17557.77,0,0,0.0000
6686,4991.90,17303.03,0,0,0.0000
6687,5072.99,17675.70,0,0,0.0000
6688,4862.95,17715.53,NaN,NaN,NaN
6689,5080.36,17222.12,0,0,0.0000
6690,4806.37,17669.22,NaN,NaN,NaN
6691,5259.14,17710.96,0,0,0.0000
6692,4785.84,17553.36,0,0,0.0000
6693,4765.29,17617.68,0,0,0.0000
6694,5435.99,17639.71,0,0,0.0000
6695,5063.51,17747.91,0,0,0.0000
6696,5398.01,17512.77,0,0,0.0000
6697,5425.59,17706.15,0,0,0.0000
6698,5099.74,17381.32,0,0,0.0000
6699,4888.02,17791.67,0,0,0.0000
6700,5347.44,17567.49,0,0,0.0000
6701,5368.46,17381.68,0,0,0.0000
6702,4771.27,17506.16,0,0,0.0000
6703,5376.13,17073.46,0,0,0.0000
6704,5018.87,17251.06,0,0,0.0000
6705,5376.69,17153.96,2,2,0.0000
6706,4964.42,17461.57,0,0,0.0000
6707,4744.75,17670.88,NaN,NaN,NaN
6708,5438.54,17149.93,0,0,0.0000
6709,4971.53,17253.48,0,0,0.0000
6710,5462.88,17114.28,0,0,0.0000
6711,4822.56,17755.33,0,0,0.0000
6712,5380.75,17450.87,0,0,0.0000
6713,4826.08,17608.27,0,0,0.0000
6714,5304.22,17054.82,0,0,0.0000
6715,5090.21,17282.38,0,0,0.0000
6716,5351.70,17494.35,0,0,0.0000
6717,5333.82,17085.82,0,0,0.0000
6718,5046.37,17383.35,0,0,0.0000
6719,4922.91,17747.15,0,0,0.0000
6720,4761.78,17710.07,0,0,0.0000
6721,5381.81,17584.65,0,0,0.0000
6722,4910.79,17458.13,0,0,0.0000
6723,5661.30,17638.09,NaN,NaN,NaN
6724,5696.72,17339.70,0,0,0.0000
6725,5886.61,17749.88,NaN,NaN,NaN
6726,5994.07,17666.78,0,0,0.0000
6727,5552.59,17503.34,0,0,0.0000
6728,5546.36,17592.98,NaN,NaN,NaN
6729,5878.39,17645.93,0,0,0.0000
6730,6127.63,17712.49,NaN,NaN,NaN
6731,5645.39,17483.34,0,0,0.0000
6732,5806.67,17577.29,0,0,0.0000
6733,5843.75,17476.44,0,0,0.0000
6734,5797.15,17698.76,0,0,0.0000
6735,6083.33,17571.60,NaN,NaN,NaN
6736,5718.23,17547.86,0,0,0.0000
6737,5987.94,17568.63,0,0,0.0000
6738,5970.14,17785.56,0,0,0.0000
6739,5526.04,17698.79,2,2,0.0000
6740,6056.11,17626.92,NaN,NaN,NaN
6741,5614.38,17708.33,0,0,0.0000
6742,5753.27,17439.49,0,0,0.0000
6743,5889.13,17547.15,0,0,0.0000
6744,5786.73,17379.65,0,0,0.0000
6745,5575.66,17373.59,0,0,0.0000
6746,6138.79,17656.81,NaN,NaN,NaN
6747,6053.46,17748.11,0,0,0.0000
6748,5673.35,17718.36,0,0,0.0000
6749,5709.64,17425.40,0,0,0.0000
6750,6195.22,17704.05,NaN,NaN,NaN
6751,5627.84,17301.75,0,0,0.0000
6752,5583.08,17423.25,0,0,0.0000
6753,6821.85,17721.61,NaN,NaN,NaN
6754,6772.75,17319.59,NaN,NaN,NaN
6755,6697.00,17235.75,2,3,0.0000
6756,6742.59,17492.27,0,0,0.0000
6757,6821.71,17518.14,0,0,0.0000
6758,6847.90,17415.95,NaN,NaN,NaN
6759,6647.13,17326.35,NaN,NaN,NaN
6760,6606.70,17232.25,5,5,0.0000
6761,6913.61,17495.07,0,0,0.0000
6762,6897.21,17725.06,NaN,NaN,NaN
6763,6497.27,17126.11,2,3,0.0000
6764,6901.17,17634.22,NaN,NaN,NaN
6765,6928.40,17571.47,0,0,0.0000
6766,6608.32,17171.33,NaN,NaN,NaN
6767,6859.06,17576.47,0,0,0.0000
6768,6996.74,17750.22,NaN,NaN,NaN
6769,6966.65,17698.22,2,3,0.0000
6770,6598.55,17294.40,3,2,0.0000
6771,6945.93,17757.00,2,2,0.0000
6772,6871.10,17670.41,NaN,NaN,NaN
6773,6773.70,17610.92,0,0,0.0000
6774,6952.52,17625.60,0,0,0.0000
6775,6891.96,17065.99,0,0,0.0000
6776,7055.23,17615.69,2,3,0.0000
6777,7723.14,17544.04,3,3,0.0000
6778,7550.42,17414.81,0,0,0.0000
6779,7781.30,17185.27,3,2,0.0000
6780,7571.75,17138.68,0,0,0.0000
6781,7711.21,17652.19,0,0,0.0000
6782,7154.69,17739.63,NaN,NaN,NaN
6783,7681.57,17385.50,4,4,0.0000
6784,7089.13,17496.79,0,0,0.0000
6785,7681.46,17766.09,0,0,0.0000
6786,7691.62,17150.43,0,0,0.0000
6787,7629.82,17320.92,0,0,0.0000
6788,7523.44,17759.00,0,0,0.0000
6789,7173.38,17656.92,0,0,0.0000
6790,7664.08,17047.96,0,0,0.0000
6791,7718.41,17458.07,NaN,NaN,NaN
6792,7188.18,17366.07,0,0,0.0000
6793,7740.12,17324.22,2,3,0.0000
6794,7795.72,17311.15,NaN,NaN,NaN
6795,7589.45,17736.32,0,0,0.0000
6796,7542.60,17656.71,0,0,0.0000
6797,7234.70,17643.20,NaN,NaN,NaN
6798,7789.08,17485.95,2,2,0.0000
6799,7767.51,17723.79,2,2,0.0000
6800,7167.25,17416.48,2,2,0.0000
6801,7738.30,17073.82,0,0,0.0000
6802,7243.32,17537.62,0,0,0.0000
6803,7569.23,17610.79,0,0,0.0000
6804,7644.60,17109.91,0,0,0.0000
6805,7222.11,17464.46,0,0,0.0000
6806,7086.76,17390.15,0,0,0.0000
6807,7666.03,17255.76,0,0,0.0000
6808,7714.99,17246.09,0,0,0.0000
6809,7788.31,17378.23,2,3,0.0000
6810,7222.12,17423.40,0,0,0.0000
6811,7233.79,17500.79,0,0,0.0000
6812,7271.17,17575.63,0,0,0.0000
6813,7246.16,17336.80,0,0,0.0000
6814,7692.53,17300.28,0,0,0.0000
6815,7603.02,17077.58,0,0,0.0000
6816,7978.76,17377.15,NaN,NaN,NaN
6817,7847.29,17712.59,NaN,NaN,NaN
6818,7886.31,17203.52,0,0,0.0000
6819,8540.05,17036.53,NaN,NaN,NaN
6820,7949.57,17493.50,NaN,NaN,NaN
6821,8574.65,17485.02,6,7,0.0000
6822,7933.60,17575.19,NaN,NaN,NaN
6823,8012.41,17740.24,2,1,0.0000
6824,8548.00,17377.89,NaN,NaN,NaN
6825,7937.73,17695.57,0,0,0.0000
6826,8563.84,17635.22,NaN,NaN,NaN
6827,7941.34,17772.70,0,0,0.0000
6828,8022.36,17461.89,NaN,NaN,NaN
6829,8466.54,17082.70,0,0,0.0000
6830,8002.26,17606.09,0,0,0.0000
6831,7907.73,17329.73,2,3,0.0000
6832,7848.41,17379.26,2,2,0.0000
6833,7950.32,17622.78,3,2,0.0000
6834,7874.85,17496.52,NaN,NaN,NaN
6835,8044.48,17505.03,NaN,NaN,NaN
6836,7856.24,17312.18,0,0,0.0000
6837,7972.37,17669.50,0,0,0.0000
6838,7809.93,17790.13,0,0,0.0000
6839,7966.13,17266.68,0,0,0.0000
6840,7820.02,17435.05,NaN,NaN,NaN
6841,7993.92,17553.73,0,0,0.0000
6842,8020.35,17660.98,0,0,0.0000
6843,7866.96,17130.01,0,0,0.0000
6844,8555.42,17555.35,0,0,0.0000
6845,8924.64,17573.31,NaN,NaN,NaN
6846,9007.94,17245.89,NaN,NaN,NaN
6847,8805.77,17472.63,3,1,0.0000
6848,8917.46,17692.28,NaN,NaN,NaN
6849,8837.08,17761.09,NaN,NaN,NaN
6850,8620.37,17239.07,4,5,0.0000
6851,8787.37,17354.39,NaN,NaN,NaN
6852,9179.85,17722.55,2,2,0.0000
6853,8830.69,17193.51,2,2,0.0000
6854,8901.25,17402.52,NaN,NaN,NaN
6855,9301.98,17780.99,0,0,0.0000
6856,8704.62,17071.10,3,4,0.0000
6857,9111.56,17320.15,2,3,0.0000
6858,8827.09,17616.47,NaN,NaN,NaN
6859,8622.69,17064.71,2,3,0.0000
6860,8775.75,17262.92,4,4,0.0000
6861,8750.22,17516.12,NaN,NaN,NaN
6862,9056.02,17696.08,2,1,0.0000
6863,8671.91,17211.47,NaN,NaN,NaN
6864,9015.98,17028.49,NaN,NaN,NaN
6865,8667.84,17437.81,2,3,0.0000
6866,8583.19,17315.11,2,4,2.0000
6867,9082.45,17755.02,2,2,0.0000
6868,9147.98,17524.94,4,3,0.0000
6869,8760.43,17149.84,NaN,NaN,NaN
6870,8952.30,17304.59,2,3,0.0000
6871,8962.50,17448.45,NaN,NaN,NaN
6872,8652.71,17342.86,NaN,NaN,NaN
6873,8703.43,17161.16,2,3,0.0000
6874,9031.90,17348.65,2,1,0.0000
6875,8664.22,17656.55,0,0,0.0000
6876,9201.42,17601.23,NaN,NaN,NaN
6877,8636.37,17704.18,0,0,0.0000
6878,8996.45,17165.00,0,0,0.0000
6879,9048.24,17439.84,3,3,0.0000
6880,8782.62,17075.15,NaN,NaN,NaN
6881,9007.31,17618.37,NaN,NaN,NaN
6882,8969.79,17078.50,0,0,0.0000
6883,9001.47,17399.71,NaN,NaN,NaN
6884,8598.99,17375.83,2,2,0.0000
6885,8832.53,17074.24,NaN,NaN,NaN
6886,8972.24,17349.00,NaN,NaN,NaN
6887,8911.35,17174.35,NaN,NaN,NaN
6888,9111.72,17591.03,2,4,2.0000
6889,8577.91,17110.93,NaN,NaN,NaN
6890,9068.37,17491.18,NaN,NaN,NaN
6891,8622.95,17159.21,0,0,0.0000
6892,8845.42,17138.31,NaN,NaN,NaN
6893,9123.79,17556.72,2,1,0.0000
6894,8609.27,17587.40,0,0,0.0000
6895,9147.81,17402.82,4,3,0.0000
6896,8611.17,17664.76,NaN,NaN,NaN
6897,8903.95,17222.58,2,2,0.0000
6898,9072.92,17187.23,NaN,NaN,NaN
6899,8916.04,17478.72,2,4,2.0000
6900,9040.69,17122.89,0,0,0.0000
6901,8862.24,17315.59,NaN,NaN,NaN
6902,9056.45,17399.09,NaN,NaN,NaN
6903,9010.67,17514.56,NaN,NaN,NaN
6904,9185.01,17535.33,NaN,NaN,NaN
6905,9323.40,17034.45,0,0,0.0000
6906,8866.67,17044.08,0,0,0.0000
6907,8851.35,17259.24,NaN,NaN,NaN
6908,8725.36,17236.39,NaN,NaN,NaN
6909,9128.64,17666.14,2,3,0.0000
6910,9505.64,17086.27,NaN,NaN,NaN
6911,9423.81,17158.74,0,0,0.0000
6912,10060.63,17164.70,0,0,0.0000
6913,9854.20,17076.39,0,0,0.0000
6914,9400.29,17789.20,0,0,0.0000
6915,9362.89,17054.99,0,0,0.0000
6916,9392.19,17731.00,0,0,0.0000
6917,10106.74,17069.86,0,0,0.0000
6918,9797.60,17045.12,0,0,0.0000
6919,9540.40,17179.21,0,0,0.0000
6920,9924.53,17080.66,0,0,0.0000
6921,9823.03,17121.23,0,0,0.0000
6922,9876.48,17027.55,0,0,0.0000
6923,9526.72,17211.16,0,0,0.0000
6924,9432.82,17044.27,0,0,0.0000
6925,9954.42,17133.46,0,0,0.0000
6926,9361.38,17121.53,0,0,0.0000
6927,9348.97,17696.65,0,0,0.0000
6928,9462.64,17213.27,0,0,0.0000
6929,9656.33,17713.52,0,0,0.0000
6930,10002.18,17154.32,0,0,0.0000
6931,10873.99,17555.69,0,0,0.0000
6932,10441.14,17222.22,0,0,0.0000
6933,10569.14,17287.62,0,0,0.0000
6934,10708.52,17603.07,0,0,0.0000
6935,10793.34,17043.99,0,0,0.0000
6936,10463.16,17135.71,0,0,0.0000
6937,10382.62,17743.48,0,0,0.0000
6938,10264.97,17325.47,0,0,0.0000
6939,10499.93,17471.39,0,0,0.0000
6940,10353.63,17426.37,0,0,0.0000
6941,10727.19,17326.05,0,0,0.0000
6942,10125.52,17168.81,0,0,0.0000
6943,10293.07,17418.17,0,0,0.0000
6944,10642.10,17212.38,0,0,0.0000
6945,10215.08,17065.19,0,0,0.0000
6946,10594.64,17706.72,2,0,0.0000
6947,10194.50,17273.56,0,0,0.0000
6948,10561.61,17405.85,0,0,0.0000
6949,10160.33,17109.42,0,0,0.0000
6950,10807.48,17702.34,0,0,0.0000
6951,10506.48,17710.87,0,0,0.0000
6952,10218.59,17165.51,NaN,NaN,NaN
6953,10879.11,17080.49,0,0,0.0000
6954,10723.11,17716.73,0,0,0.0000
6955,10836.63,17789.54,0,0,0.0000
6956,10160.22,17232.35,0,0,0.0000
6957,10338.95,17615.66,0,0,0.0000
6958,10549.39,17502.32,0,0,0.0000
6959,10693.68,17271.22,0,0,0.0000
6960,10392.63,17555.83,0,0,0.0000
6961,10863.46,17164.19,0,0,0.0000
6962,10464.07,17374.08,0,0,0.0000
6963,10443.17,17546.76,0,0,0.0000
6964,10428.06,17427.89,0,0,0.0000
6965,10585.70,17616.34,0,0,0.0000
6966,10350.11,17534.38,0,0,0.0000
6967,10434.71,17374.91,0,0,0.0000
6968,10297.88,17539.21,0,0,0.0000
6969,10522.80,17642.39,0,0,0.0000
6970,10482.47,17025.06,0,0,0.0000
6971,10394.37,17633.26,0,0,0.0000
6972,10663.97,17428.00,0,0,0.0000
6973,10318.24,17321.61,0,0,0.0000
6974,10316.15,17683.56,0,0,0.0000
6975,10402.97,17465.36,0,0,0.0000
6976,10528.77,17179.78,0,0,0.0000
6977,10745.65,17194.76,0,0,0.0000
6978,10454.94,17699.56,0,0,0.0000
6979,10593.61,17470.44,0,0,0.0000
6980,10785.74,17171.18,0,0,0.0000
6981,10506.49,17342.99,0,0,0.0000
6982,10323.45,17757.92,0,0,0.0000
6983,10748.54,17425.94,0,0,0.0000
6984,10765.76,17774.37,0,0,0.0000
6985,10590.68,17371.55,0,0,0.0000
6986,10351.93,17247.59,0,0,0.0000
6987,10607.82,17106.55,0,0,0.0000
6988,10789.34,17240.64,0,0,0.0000
6989,10632.08,17636.14,0,0,0.0000
6990,10704.46,17222.71,0,0,0.0000
6991,10573.51,17144.45,0,0,0.0000
6992,10300.60,17636.07,0,0,0.0000
6993,10806.93,17648.96,0,0,0.0000
6994,10886.22,17550.23,0,0,0.0000
6995,11544.36,17374.44,0,0,0.0000
6996,11515.15,17257.94,0,0,0.0000
6997,11241.78,17080.03,0,0,0.0000
6998,11316.60,17395.33,0,0,0.0000
6999,11161.71,17707.41,0,0,0.0000
7000,11333.57,17153.55,0,0,0.0000
7001,11433.46,17363.09,0,0,0.0000
7002,11076.60,17336.30,NaN,NaN,NaN
7003,11314.61,17604.95,0,0,0.0000
7004,11455.72,17771.65,NaN,NaN,NaN
7005,11123.89,17581.65,0,0,0.0000
7006,11542.23,17090.27,0,0,0.0000
7007,11604.10,17529.50,0,0,0.0000
7008,11447.60,17208.07,0,0,0.0000
7009,10883.23,17703.71,NaN,NaN,NaN
7010,11413.38,17615.16,0,0,0.0000
7011,11451.61,17461.42,NaN,NaN,NaN
7012,11192.20,17310.74,0,0,0.0000
7013,11128.47,17444.04,0,0,0.0000
7014,11377.23,17724.41,0,0,0.0000
7015,10974.81,17693.07,0,0,0.0000
7016,11373.54,17473.06,0,0,0.0000
7017,11227.13,17447.19,0,0,0.0000
7018,11325.07,17789.35,0,0,0.0000
7019,10973.00,17344.14,0,0,0.0000
7020,11012.89,17575.61,0,0,0.0000
7021,11100.67,17210.06,0,0,0.0000
7022,11257.88,17684.66,0,0,0.0000
7023,11567.80,17623.68,0,0,0.0000
7024,11217.69,17238.09,0,0,0.0000
7025,11239.25,17774.43,0,0,0.0000
7026,10983.26,17493.15,0,0,0.0000
7027,11231.00,17599.10,0,0,0.0000
7028,11064.96,17705.30,0,0,0.0000
7029,10880.66,17291.74,0,0,0.0000
7030,11161.60,17207.33,0,0,0.0000
7031,11507.71,17524.23,0,0,0.0000
7032,11484.12,17612.84,0,0,0.0000
7033,11264.04,17284.73,0,0,0.0000
7034,11505.74,17699.98,0,0,0.0000
7035,10930.83,17043.93,0,0,0.0000
7036,10982.16,17149.50,0,0,0.0000
7037,11312.76,17700.46,0,0,0.0000
7038,11475.44,17041.80,0,0,0.0000
7039,11213.08,17522.29,0,0,0.0000
7040,11632.73,17286.27,0,0,0.0000
7041,11440.98,17553.23,0,0,0.0000
7042,11638.75,17376.41,0,0,0.0000
7043,10921.16,17148.00,0,0,0.0000
7044,10963.54,17411.02,0,0,0.0000
7045,11374.33,17664.32,0,0,0.0000
7046,11045.66,17768.74,0,0,0.0000
7047,11128.77,17076.86,0,0,0.0000
7048,11162.92,17494.75,0,0,0.0000
7049,11588.19,17747.60,0,0,0.0000
7050,10989.10,17099.64,0,0,0.0000
7051,11607.37,17192.35,0,0,0.0000
7052,10915.32,17217.18,0,0,0.0000
7053,11581.24,17453.36,0,0,0.0000
7054,11629.59,17240.46,0,0,0.0000
7055,11105.15,17766.75,0,0,0.0000
7056,11256.53,17528.39,0,0,0.0000
7057,11544.34,17546.27,0,0,0.0000
7058,11200.12,17370.92,0,0,0.0000
7059,11385.81,17548.81,0,0,0.0000
7060,11073.41,17647.64,0,0,0.0000
7061,11343.06,17531.52,0,0,0.0000
7062,11533.53,17469.07,NaN,NaN,NaN
7063,11529.68,17582.90,0,0,0.0000
7064,11122.20,17788.76,0,0,0.0000
7065,12183.71,17203.60,0,0,0.0000
7066,11663.19,17654.76,NaN,NaN,NaN
7067,11998.14,17260.91,0,0,0.0000
7068,11892.79,17380.73,0,0,0.0000
7069,11995.91,17713.25,NaN,NaN,NaN
7070,11817.12,17759.84,NaN,NaN,NaN
7071,11903.50,17489.06,0,0,0.0000
7072,11926.10,17765.32,0,0,0.0000
7073,11761.53,17311.99,0,0,0.0000
7074,11756.52,17786.44,0,0,0.0000
7075,12155.12,17032.40,0,0,0.0000
7076,11694.60,17317.95,0,0,0.0000
7077,11753.08,17405.76,0,0,0.0000
7078,11931.05,17100.36,0,0,0.0000
7079,11896.23,17307.77,0,0,0.0000
7080,11862.88,17689.85,0,0,0.0000
7081,11820.45,17288.27,0,0,0.0000
7082,12081.66,17721.75,NaN,NaN,NaN
7083,11932.23,17630.41,0,0,0.0000
7084,11864.43,17173.92,0,0,0.0000
7085,11680.30,17432.11,0,0,0.0000
7086,11809.11,17658.98,0,0,0.0000
7087,12070.13,17199.45,0,0,0.0000
7088,12331.08,17032.64,0,0,0.0000
7089,11731.55,17650.28,0,0,0.0000
7090,11953.71,17542.15,0,0,0.0000
7091,11720.29,17529.20,0,0,0.0000
7092,12000.85,17108.83,0,0,0.0000
7093,12037.01,17171.55,0,0,0.0000
7094,11686.36,17232.66,0,0,0.0000
7095,11784.50,17119.38,0,0,0.0000
7096,11981.89,17482.40,0,0,0.0000
7097,11862.08,17109.20,0,0,0.0000
7098,12090.80,17425.42,0,0,0.0000
7099,11827.16,17433.72,0,0,0.0000
7100,12223.29,17058.99,0,0,0.0000
7101,11649.01,17753.73,0,0,0.0000
7102,11972.77,17586.04,0,0,0.0000
7103,11726.71,17481.90,0,0,0.0000
7104,11797.95,17497.38,0,0,0.0000
7105,12079.63,17287.65,0,0,0.0000
7106,11878.70,17037.19,0,0,0.0000
7107,12152.52,17444.00,0,0,0.0000
7108,11664.57,17485.81,0,0,0.0000
7109,13854.53,17559.87,0,0,0.0000
7110,13937.75,17701.34,0,0,0.0000
7111,13777.76,17488.21,0,0,0.0000
7112,13842.88,17493.70,0,0,0.0000
7113,13870.67,17332.50,0,0,0.0000
7114,13900.02,17638.22,NaN,NaN,NaN
7115,13739.21,17413.50,0,0,0.0000
7116,13884.81,17448.34,0,0,0.0000
7117,13851.16,17748.93,0,0,0.0000
7118,13834.90,17408.79,0,0,0.0000
7119,13934.24,17550.62,0,0,0.0000
7120,13816.21,17730.04,0,0,0.0000
7121,13908.88,17578.00,NaN,NaN,NaN
7122,13900.35,17766.03,0,0,0.0000
7123,13700.55,17704.82,0,0,0.0000
7124,13775.59,17331.87,0,0,0.0000
7125,13845.64,17624.59,2,3,0.0000
7126,13788.14,17372.29,0,0,0.0000
7127,14583.62,17366.97,NaN,NaN,NaN
7128,14407.67,17631.97,0,0,0.0000
7129,14402.34,17537.31,0,0,0.0000
7130,14626.16,17155.67,0,0,0.0000
7131,14692.41,17398.65,0,0,0.0000
7132,14435.24,17728.39,0,0,0.0000
7133,14495.10,17161.15,NaN,NaN,NaN
7134,14465.53,17092.81,NaN,NaN,NaN
7135,14645.05,17049.73,0,0,0.0000
7136,14511.73,17258.99,NaN,NaN,NaN
7137,14711.46,17256.54,0,0,0.0000
7138,14691.43,17633.76,0,0,0.0000
7139,14511.17,17772.23,0,0,0.0000
7140,14666.33,17519.59,0,0,0.0000
7141,14444.60,17446.03,0,0,0.0000
7142,14476.76,17602.70,0,0,0.0000
7143,14642.37,17290.40,0,0,0.0000
7144,14604.82,17668.34,0,0,0.0000
7145,14518.56,17453.31,0,0,0.0000
7146,14380.99,17187.17,0,0,0.0000
7147,13961.79,17649.78,0,0,0.0000
7148,14348.27,17453.21,0,0,0.0000
7149,14512.65,17539.21,0,0,0.0000
7150,14374.63,17270.13,0,0,0.0000
7151,14393.47,17373.41,NaN,NaN,NaN
7152,14299.92,17544.92,0,0,0.0000
7153,14529.40,17078.19,0,0,0.0000
7154,14705.20,17132.36,0,0,0.0000
7155,14636.47,17471.11,0,0,0.0000
7156,14363.43,17701.13,NaN,NaN,NaN
7157,14542.38,17672.56,NaN,NaN,NaN
7158,14579.32,17237.66,0,0,0.0000
7159,14674.27,17766.10,0,0,0.0000
7160,14384.40,17339.99,NaN,NaN,NaN
7161,14597.85,17770.98,0,0,0.0000
7162,14628.47,17590.74,0,0,0.0000
7163,13990.31,17781.86,0,0,0.0000
7164,14400.37,17142.97,0,0,0.0000
7165,14336.94,17263.71,NaN,NaN,NaN
7166,14592.69,17721.72,0,0,0.0000
7167,14424.31,17100.50,0,0,0.0000
7168,13956.97,17780.07,0,0,0.0000
7169,15246.11,17707.71,NaN,NaN,NaN
7170,14787.93,17694.91,0,0,0.0000
7171,15011.40,17072.35,0,0,0.0000
7172,15029.50,17607.38,0,0,0.0000
7173,14871.83,17258.54,0,0,0.0000
7174,14834.72,17154.24,0,0,0.0000
7175,14994.93,17686.88,0,0,0.0000
7176,15060.75,17447.38,NaN,NaN,NaN
7177,15069.53,17526.16,NaN,NaN,NaN
7178,15225.35,17535.89,0,0,0.0000
7179,14959.01,17308.17,0,0,0.0000
7180,14879.40,17064.04,NaN,NaN,NaN
7181,14877.72,17577.57,NaN,NaN,NaN
7182,15132.82,17610.17,0,0,0.0000
7183,14764.90,17207.58,0,0,0.0000
7184,15238.49,17273.23,NaN,NaN,NaN
7185,15141.95,17432.91,0,0,0.0000
7186,14808.37,17064.85,0,0,0.0000
7187,14898.33,17392.99,0,0,0.0000
7188,15144.22,17714.85,NaN,NaN,NaN
7189,15122.51,17783.67,0,0,0.0000
7190,15280.97,17465.15,0,0,0.0000
7191,15047.00,17284.32,0,0,0.0000
7192,14756.26,17033.88,0,0,0.0000
7193,15069.69,17176.52,0,0,0.0000
7194,14955.28,17481.19,0,0,0.0000
7195,14861.98,17496.49,0,0,0.0000
7196,15320.27,17421.39,0,0,0.0000
7197,14954.71,17707.98,0,0,0.0000
7198,15345.16,17529.83,0,0,0.0000
7199,14727.84,17542.36,0,0,0.0000
7200,15164.42,17531.63,0,0,0.0000
7201,14766.37,17421.09,NaN,NaN,NaN
7202,15309.12,17564.19,NaN,NaN,NaN
7203,15175.50,17171.04,NaN,NaN,NaN
7204,14909.82,17162.17,0,0,0.0000
7205,15208.79,17753.20,0,0,0.0000
7206,14825.51,17396.05,2,3,0.0000
7207,14969.51,17782.99,0,0,0.0000
7208,15319.55,17216.10,NaN,NaN,NaN
7209,15107.44,17353.71,0,0,0.0000
7210,15181.47,17411.08,0,0,0.0000
7211,15288.50,17637.82,NaN,NaN,NaN
7212,15250.30,17188.44,2,3,0.0000
7213,14866.84,17340.00,0,0,0.0000
7214,15115.59,17312.60,0,0,0.0000
7215,14874.99,17641.82,NaN,NaN,NaN
7216,15293.96,17076.77,NaN,NaN,NaN
7217,14998.22,17408.45,0,0,0.0000
7218,14775.19,17606.63,0,0,0.0000
7219,14914.52,17537.12,NaN,NaN,NaN
7220,15393.06,17512.57,0,0,0.0000
7221,14729.49,17323.61,0,0,0.0000
7222,14995.95,17234.70,0,0,0.0000
7223,16193.39,17118.56,NaN,NaN,NaN
7224,16149.03,17502.98,0,0,0.0000
7225,16062.99,17600.40,NaN,NaN,NaN
7226,16131.83,17336.61,NaN,NaN,NaN
7227,16217.87,17234.63,0,0,0.0000
7228,15993.51,17623.60,2,4,2.0000
7229,16127.73,17182.77,3,1,0.0000
7230,16010.56,17738.34,2,2,0.0000
7231,16217.83,17389.02,0,0,0.0000
7232,16225.25,17777.56,0,0,0.0000
7233,16139.74,17436.97,NaN,NaN,NaN
7234,15952.14,17745.14,0,0,0.0000
7235,16138.28,17266.58,0,0,0.0000
7236,16028.42,17517.12,0,0,0.0000
7237,16083.30,17214.11,2,4,2.0000
7238,16082.66,17700.67,0,0,0.0000
7239,16137.83,17728.36,0,0,0.0000
7240,16185.65,17045.24,NaN,NaN,NaN
7241,16219.51,17569.76,0,0,0.0000
7242,15922.62,17770.35,2,3,0.0000
7243,16199.23,17681.90,0,0,0.0000
7244,16138.16,17662.54,0,0,0.0000
7245,16241.98,17487.00,0,0,0.0000
7246,16168.70,17617.34,0,0,0.0000
7247,16111.16,17070.23,NaN,NaN,NaN
7248,16161.75,17561.82,0,0,0.0000
7249,16848.42,17599.95,NaN,NaN,NaN
7250,16352.01,17144.20,NaN,NaN,NaN
7251,16588.43,17263.05,NaN,NaN,NaN
7252,16763.35,17383.12,0,0,0.0000
7253,16885.07,17267.56,3,3,0.0000
7254,16446.92,17500.58,0,0,0.0000
7255,16528.56,17104.57,NaN,NaN,NaN
7256,16746.30,17198.44,0,0,0.0000
7257,16822.66,17309.19,0,0,0.0000
7258,16659.07,17470.56,NaN,NaN,NaN
7259,16427.58,17218.68,NaN,NaN,NaN
7260,16812.26,17486.77,NaN,NaN,NaN
7261,16554.22,17407.57,NaN,NaN,NaN
7262,16388.14,17303.54,3,4,0.0000
7263,16665.16,17206.30,0,0,0.0000
7264,16756.34,17780.68,NaN,NaN,NaN
7265,16936.64,17634.31,4,5,0.0000
7266,16846.61,17763.11,NaN,NaN,NaN
7267,16996.22,17641.98,0,0,0.0000
7268,16294.46,17035.74,0,0,0.0000
7269,16291.34,17677.89,0,0,0.0000
7270,16882.77,17408.25,NaN,NaN,NaN
7271,16298.15,17440.12,0,0,0.0000
7272,16731.35,17483.89,2,3,0.0000
7273,16563.10,17570.28,NaN,NaN,NaN
7274,16485.68,17556.13,NaN,NaN,NaN
7275,16882.91,17107.91,NaN,NaN,NaN
7276,16967.98,17398.75,0,0,0.0000
7277,16845.82,17032.22,0,0,0.0000
7278,16941.94,17481.00,NaN,NaN,NaN
7279,16756.03,17580.40,0,0,0.0000
7280,16647.37,17550.39,NaN,NaN,NaN
7281,16602.90,17371.45,NaN,NaN,NaN
7282,16282.87,17367.07,NaN,NaN,NaN
7283,16770.17,17130.35,0,0,0.0000
7284,17011.93,17494.33,NaN,NaN,NaN
7285,16679.31,17703.70,NaN,NaN,NaN
7286,16468.00,17319.76,NaN,NaN,NaN
7287,16998.28,17790.63,0,0,0.0000
7288,16524.96,17772.80,NaN,NaN,NaN
7289,17001.61,17354.85,0,0,0.0000
7290,16278.09,17545.35,0,0,0.0000
7291,16392.52,17454.61,NaN,NaN,NaN
7292,16889.53,17502.74,0,0,0.0000
7293,16662.47,17036.41,0,0,0.0000
7294,16656.78,17654.26,NaN,NaN,NaN
7295,16824.36,17105.03,NaN,NaN,NaN
7296,16463.36,17711.50,NaN,NaN,NaN
7297,16335.74,17493.95,0,0,0.0000
7298,16302.96,17600.69,0,0,0.0000
7299,16408.48,17636.96,NaN,NaN,NaN
7300,16945.47,17554.55,0,0,0.0000
7301,16440.52,17059.94,2,3,0.0000
7302,16344.38,17648.28,0,0,0.0000
7303,16477.78,17385.71,NaN,NaN,NaN
7304,16382.57,17354.53,NaN,NaN,NaN
7305,16553.35,17681.75,NaN,NaN,NaN
7306,16671.22,17361.28,0,0,0.0000
7307,16516.53,17713.15,NaN,NaN,NaN
7308,16710.50,17277.88,NaN,NaN,NaN
7309,16413.51,17398.18,NaN,NaN,NaN
7310,16891.48,17705.95,NaN,NaN,NaN
7311,16277.83,17305.10,NaN,NaN,NaN
7312,16369.14,17533.02,0,0,0.0000
7313,16951.81,17735.01,NaN,NaN,NaN
7314,16793.72,17695.38,2,5,2.5000
7315,16602.56,17681.67,0,0,0.0000
7316,16483.26,17644.28,NaN,NaN,NaN
7317,16306.91,17781.54,0,0,0.0000
7318,16714.65,17096.24,0,0,0.0000
7319,16365.31,17586.69,0,0,0.0000
7320,16494.99,17431.21,0,0,0.0000
7321,16324.98,17327.50,NaN,NaN,NaN
7322,16603.13,17465.63,0,0,0.0000
7323,16424.50,17684.35,NaN,NaN,NaN
7324,16296.97,17243.85,0,0,0.0000
7325,16778.11,17057.88,0,0,0.0000
7326,16324.51,17243.80,0,0,0.0000
7327,16380.49,17037.67,0,0,0.0000
7328,16766.77,17645.95,0,0,0.0000
7329,16560.80,17497.13,0,0,0.0000
7330,16467.38,17098.89,2,1,0.0000
7331,16599.92,17130.14,NaN,NaN,NaN
7332,16633.30,17578.06,0,0,0.0000
7333,16496.32,17245.97,NaN,NaN,NaN
7334,16575.93,17029.36,0,0,0.0000
7335,16399.58,17755.37,NaN,NaN,NaN
7336,16742.13,17051.68,0,0,0.0000
7337,16667.15,17615.71,0,0,0.0000
7338,16616.53,17059.61,0,0,0.0000
7339,16618.86,17741.14,2,7,3.5000
7340,16602.43,17604.66,2,1,0.0000
7341,16351.13,17376.39,0,0,0.0000
7342,16354.30,17776.92,2,5,2.5000
7343,17506.33,17025.74,0,0,0.0000
7344,17379.92,17031.01,NaN,NaN,NaN
7345,17205.14,17738.38,0,0,0.0000
7346,17126.00,17691.61,0,0,0.0000
7347,17100.20,17779.34,0,0,0.0000
7348,17506.38,17183.07,0,0,0.0000
7349,17037.22,17736.11,0,0,0.0000
7350,17547.51,17117.55,NaN,NaN,NaN
7351,17437.52,17107.90,0,0,0.0000
7352,17092.75,17539.37,NaN,NaN,NaN
7353,17498.61,17105.35,NaN,NaN,NaN
7354,17077.17,17478.64,NaN,NaN,NaN
7355,17047.28,17437.49,NaN,NaN,NaN
7356,17126.61,17630.64,0,0,0.0000
7357,17440.79,17153.31,0,0,0.0000
7358,18518.46,17150.50,0,0,0.0000
7359,17852.03,17211.50,0,0,0.0000
7360,18592.01,17043.93,2,1,0.0000
7361,18558.05,17216.79,2,2,0.0000
7362,18393.52,17148.59,2,3,0.0000
7363,17948.16,17156.47,NaN,NaN,NaN
7364,17799.64,17073.21,NaN,NaN,NaN
7365,18619.84,17252.13,NaN,NaN,NaN
7366,18558.04,17316.02,2,3,0.0000
7367,17822.29,17343.85,0,0,0.0000
7368,17863.95,17079.90,0,0,0.0000
7369,18578.62,17269.91,2,4,2.0000
7370,18513.64,17343.88,0,0,0.0000
7371,18422.64,17072.64,NaN,NaN,NaN
7372,17803.34,17143.90,0,0,0.0000
7373,18459.52,17064.12,2,4,2.0000
7374,18590.87,17358.16,NaN,NaN,NaN
7375,18548.48,17384.53,NaN,NaN,NaN
7376,18505.20,17255.01,NaN,NaN,NaN
7377,17884.37,17156.56,NaN,NaN,NaN
7378,17930.53,17214.98,0,0,0.0000
7379,111.15,17946.86,0,0,0.0000
7380,324.10,18338.73,0,0,0.0000
7381,137.32,18023.66,0,0,0.0000
7382,266.72,18308.38,0,0,0.0000
7383,476.87,17982.42,0,0,0.0000
7384,375.89,18260.35,0,0,0.0000
7385,139.41,18279.23,2,2,0.0000
7386,566.38,18185.08,0,0,0.0000
7387,190.77,18272.93,0,0,0.0000
7388,236.14,18153.29,0,0,0.0000
7389,241.11,18013.34,0,0,0.0000
7390,302.89,18069.35,0,0,0.0000
7391,457.22,18123.93,0,0,0.0000
7392,292.10,17922.57,0,0,0.0000
7393,394.07,17967.56,0,0,0.0000
7394,69.33,18078.25,0,0,0.0000
7395,679.37,18138.49,0,0,0.0000
7396,157.14,18083.30,0,0,0.0000
7397,301.02,18194.33,0,0,0.0000
7398,329.51,18012.94,0,0,0.0000
7399,55.01,18318.82,NaN,NaN,NaN
7400,631.67,18013.07,0,0,0.0000
7401,184.93,18186.80,0,0,0.0000
7402,478.04,18066.25,0,0,0.0000
7403,212.45,17970.56,0,0,0.0000
7404,56.96,18240.70,0,0,0.0000
7405,31.21,18015.66,0,0,0.0000
7406,35.75,18393.09,0,0,0.0000
7407,459.13,17931.03,0,0,0.0000
7408,95.30,18189.78,NaN,NaN,NaN
7409,420.87,18082.57,0,0,0.0000
7410,597.89,18045.75,0,0,0.0000
7411,267.23,17951.91,0,0,0.0000
7412,191.53,18106.01,0,0,0.0000
7413,395.58,18305.52,0,0,0.0000
7414,164.80,17893.84,0,0,0.0000
7415,330.91,17892.14,0,0,0.0000
7416,282.22,18401.70,0,0,0.0000
7417,611.47,17817.03,0,0,0.0000
7418,121.43,17891.21,0,0,0.0000
7419,425.34,18040.17,0,0,0.0000
7420,242.28,18401.48,0,0,0.0000
7421,226.29,17917.99,0,0,0.0000
7422,211.05,18396.75,0,0,0.0000
7423,1263.17,18246.29,0,0,0.0000
7424,1354.23,18592.79,0,0,0.0000
7425,1236.33,18161.13,0,0,0.0000
7426,1133.27,18431.74,NaN,NaN,NaN
7427,1444.95,18437.91,NaN,NaN,NaN
7428,1307.46,18448.23,0,0,0.0000
7429,1435.16,18656.94,0,0,0.0000
7430,1371.45,18455.21,0,0,0.0000
7431,1488.51,17922.69,0,0,0.0000
7432,1446.93,18588.60,0,0,0.0000
7433,1161.96,18324.10,0,0,0.0000
7434,1298.56,18535.27,0,0,0.0000
7435,1206.83,18463.72,0,0,0.0000
7436,1564.77,18642.40,0,0,0.0000
7437,1400.27,18546.78,0,0,0.0000
7438,1296.57,18183.17,0,0,0.0000
7439,1263.07,18422.54,0,0,0.0000
7440,1374.71,18393.12,0,0,0.0000
7441,1290.85,18315.23,0,0,0.0000
7442,1521.95,18546.88,0,0,0.0000
7443,1096.91,18487.18,NaN,NaN,NaN
7444,1455.28,18533.79,0,0,0.0000
7445,1528.01,18655.84,0,0,0.0000
7446,1197.08,18535.70,0,0,0.0000
7447,1362.19,18300.40,0,0,0.0000
7448,1491.87,18610.55,0,0,0.0000
7449,1337.43,18245.65,0,0,0.0000
7450,1360.73,18524.90,0,0,0.0000
7451,1036.04,18468.46,0,0,0.0000
7452,1502.50,18476.41,0,0,0.0000
7453,1239.45,18525.28,0,0,0.0000
7454,1264.68,18473.19,0,0,0.0000
7455,1166.92,18199.32,0,0,0.0000
7456,1254.91,18588.02,0,0,0.0000
7457,1343.05,18496.34,0,0,0.0000
7458,1412.83,18492.57,0,0,0.0000
7459,1531.35,18592.76,0,0,0.0000
7460,2143.41,18258.55,0,0,0.0000
7461,1841.89,18561.85,0,0,0.0000
7462,2357.22,18024.73,0,0,0.0000
7463,2143.01,18171.93,0,0,0.0000
7464,1924.73,18101.63,0,0,0.0000
7465,1908.45,17858.59,0,0,0.0000
7466,1776.49,17927.64,0,0,0.0000
7467,2269.84,18023.06,0,0,0.0000
7468,1705.67,18420.83,0,0,0.0000
7469,2348.70,17949.35,0,0,0.0000
7470,1704.91,17917.14,0,0,0.0000
7471,2308.82,17868.00,NaN,NaN,NaN
7472,1817.86,17855.94,NaN,NaN,NaN
7473,1739.98,18453.59,0,0,0.0000
7474,1942.48,18490.58,0,0,0.0000
7475,1912.90,18623.95,0,0,0.0000
7476,1820.87,18446.44,0,0,0.0000
7477,2169.56,18108.59,0,0,0.0000
7478,1997.62,18554.89,0,0,0.0000
7479,2069.70,18209.70,0,0,0.0000
7480,1753.34,17850.33,0,0,0.0000
7481,1962.68,18603.81,0,0,0.0000
7482,2331.92,18202.09,0,0,0.0000
7483,2257.56,17853.03,0,0,0.0000
7484,2023.62,18255.48,0,0,0.0000
7485,2255.66,17922.24,0,0,0.0000
7486,1743.90,17983.73,0,0,0.0000
7487,1734.74,18496.14,0,0,0.0000
7488,1836.59,17974.40,0,0,0.0000
7489,1771.45,18549.85,0,0,0.0000
7490,1999.37,17897.22,0,0,0.0000
7491,2404.00,17915.14,0,0,0.0000
7492,1683.02,17856.29,0,0,0.0000
7493,1933.54,18545.63,0,0,0.0000
7494,1793.09,18033.82,0,0,0.0000
7495,1876.06,18051.55,0,0,0.0000
7496,1829.28,18076.05,0,0,0.0000
7497,1968.60,18145.89,0,0,0.0000
7498,1843.92,17919.34,0,0,0.0000
7499,2298.40,17971.99,0,0,0.0000
7500,1716.93,17825.01,0,0,0.0000
7501,1874.26,17824.53,0,0,0.0000
7502,2362.36,17811.48,0,0,0.0000
7503,2353.36,17866.90,NaN,NaN,NaN
7504,2211.45,17991.05,0,0,0.0000
7505,1893.23,18450.80,0,0,0.0000
7506,2201.28,17890.66,0,0,0.0000
7507,1957.26,17900.22,0,0,0.0000
7508,1959.76,17938.04,0,0,0.0000
7509,2184.11,17916.20,0,0,0.0000
7510,3170.27,18257.04,0,0,0.0000
7511,2930.03,18029.41,0,0,0.0000
7512,3069.05,18012.99,0,0,0.0000
7513,3002.45,17958.82,0,0,0.0000
7514,2988.57,18318.51,0,0,0.0000
7515,2888.45,18151.44,NaN,NaN,NaN
7516,3055.46,18161.21,0,0,0.0000
7517,3118.76,18110.30,0,0,0.0000
7518,2786.52,18128.86,0,0,0.0000
7519,3077.14,18360.71,0,0,0.0000
7520,3011.10,17855.97,0,0,0.0000
7521,3013.96,18441.48,0,0,0.0000
7522,3164.67,17860.14,0,0,0.0000
7523,2947.51,18109.78,0,0,0.0000
7524,2840.71,17854.71,0,0,0.0000
7525,3067.48,17900.67,0,0,0.0000
7526,3068.67,18279.83,0,0,0.0000
7527,2899.85,18408.12,0,0,0.0000
7528,2855.42,18289.75,NaN,NaN,NaN
7529,2892.96,18242.35,0,0,0.0000
7530,2852.41,17967.69,0,0,0.0000
7531,2889.67,17871.33,0,0,0.0000
7532,3072.67,17806.88,0,0,0.0000
7533,2991.36,18163.35,0,0,0.0000
7534,2910.33,18351.36,0,0,0.0000
7535,2956.94,18494.38,0,0,0.0000
7536,3153.23,18356.02,0,0,0.0000
7537,2802.28,17933.59,0,0,0.0000
7538,3142.23,18035.19,0,0,0.0000
7539,2822.56,18234.94,0,0,0.0000
7540,2956.11,18390.13,0,0,0.0000
7541,2833.00,18084.44,0,0,0.0000
7542,2951.77,17840.21,0,0,0.0000
7543,2889.72,18469.26,0,0,0.0000
7544,2943.08,18450.88,0,0,0.0000
7545,3029.34,18088.69,0,0,0.0000
7546,2993.17,18233.87,0,0,0.0000
7547,2919.50,17930.43,0,0,0.0000
7548,2791.09,18043.54,0,0,0.0000
7549,2751.68,18035.10,0,0,0.0000
7550,2939.76,18256.29,0,0,0.0000
7551,3140.65,17808.80,0,0,0.0000
7552,3241.81,17982.73,0,0,0.0000
7553,3369.77,18132.19,0,0,0.0000
7554,3563.65,18122.16,0,0,0.0000
7555,3399.72,18082.17,0,0,0.0000
7556,3255.20,18304.12,0,0,0.0000
7557,3216.47,17810.00,0,0,0.0000
7558,3449.08,18239.36,0,0,0.0000
7559,3277.17,18084.41,0,0,0.0000
7560,3562.50,18218.61,0,0,0.0000
7561,3202.45,18126.96,0,0,0.0000
7562,3405.68,18312.88,0,0,0.0000
7563,3325.76,18208.28,0,0,0.0000
7564,3301.50,18148.34,0,0,0.0000
7565,3493.86,18202.92,0,0,0.0000
7566,3318.21,18304.48,0,0,0.0000
7567,3283.17,18225.12,0,0,0.0000
7568,3261.61,18380.26,0,0,0.0000
7569,3234.97,18187.07,0,0,0.0000
7570,3484.13,18143.70,0,0,0.0000
7571,3789.27,18346.99,NaN,NaN,NaN
7572,3540.26,18175.64,0,0,0.0000
7573,3404.35,18431.68,0,0,0.0000
7574,3551.98,18069.44,0,0,0.0000
7575,3223.41,18358.06,0,0,0.0000
7576,3412.57,18197.81,0,0,0.0000
7577,4200.59,17844.53,0,0,0.0000
7578,4508.87,18494.23,NaN,NaN,NaN
7579,4340.06,18158.05,0,0,0.0000
7580,4647.55,18609.41,0,0,0.0000
7581,4399.70,18230.64,0,0,0.0000
7582,4297.46,18043.63,0,0,0.0000
7583,4490.42,18628.03,2,2,0.0000
7584,4396.34,17952.28,0,0,0.0000
7585,4162.01,18029.12,0,0,0.0000
7586,4480.80,18145.53,0,0,0.0000
7587,4588.04,18301.05,0,0,0.0000
7588,4575.56,18420.48,NaN,NaN,NaN
7589,4366.91,18334.36,0,0,0.0000
7590,4468.44,18370.68,0,0,0.0000
7591,4713.88,18576.39,0,0,0.0000
7592,4246.52,17895.79,0,0,0.0000
7593,4231.43,17999.21,0,0,0.0000
7594,4520.35,18256.56,0,0,0.0000
7595,4353.86,17881.79,0,0,0.0000
7596,4317.33,18256.36,0,0,0.0000
7597,4445.38,18299.12,0,0,0.0000
7598,4306.85,17948.45,0,0,0.0000
7599,4047.51,17815.21,0,0,0.0000
7600,4056.76,17879.79,0,0,0.0000
7601,4684.09,18493.09,0,0,0.0000
7602,4406.39,18400.52,0,0,0.0000
7603,4621.45,18376.55,0,0,0.0000
7604,4440.58,18008.45,0,0,0.0000
7605,4490.97,18100.14,0,0,0.0000
7606,4108.97,17977.21,0,0,0.0000
7607,4588.90,18504.00,0,0,0.0000
7608,4412.50,18057.64,0,0,0.0000
7609,4374.88,18023.05,0,0,0.0000
7610,4112.96,17872.96,0,0,0.0000
7611,4529.64,18204.46,0,0,0.0000
7612,4220.11,18107.68,0,0,0.0000
7613,4188.33,17971.19,0,0,0.0000
7614,4517.71,18399.75,0,0,0.0000
7615,4128.30,17948.75,0,0,0.0000
7616,4284.39,18102.47,0,0,0.0000
7617,4463.54,18203.65,0,0,0.0000
7618,4346.10,17983.21,0,0,0.0000
7619,4928.36,17899.74,0,0,0.0000
7620,5027.78,18177.79,0,0,0.0000
7621,5412.59,18402.02,0,0,0.0000
7622,4839.32,17844.51,0,0,0.0000
7623,5334.34,18283.16,0,0,0.0000
7624,5317.29,17940.91,0,0,0.0000
7625,5422.60,18267.32,0,0,0.0000
7626,5096.61,17824.99,0,0,0.0000
7627,5310.26,17839.14,0,0,0.0000
7628,5294.02,18365.69,0,0,0.0000
7629,5362.53,18207.64,0,0,0.0000
7630,5091.39,17950.25,0,0,0.0000
7631,4988.23,17818.54,0,0,0.0000
7632,5167.52,18215.35,0,0,0.0000
7633,5069.96,18110.14,0,0,0.0000
7634,5013.77,17953.90,0,0,0.0000
7635,5272.04,17974.32,0,0,0.0000
7636,5108.44,17894.61,0,0,0.0000
7637,5230.32,17830.53,0,0,0.0000
7638,5419.59,17863.23,NaN,NaN,NaN
7639,5212.55,17969.04,0,0,0.0000
7640,4992.24,18063.16,0,0,0.0000
7641,5111.46,18038.73,0,0,0.0000
7642,5337.86,18126.15,0,0,0.0000
7643,5209.27,18067.89,0,0,0.0000
7644,5287.83,18147.41,0,0,0.0000
7645,5169.18,18140.15,0,0,0.0000
7646,5415.22,18477.20,0,0,0.0000
7647,5306.67,18042.09,0,0,0.0000
7648,5180.03,17915.33,0,0,0.0000
7649,5259.75,18222.80,0,0,0.0000
7650,4941.42,18024.47,0,0,0.0000
7651,4906.51,18086.28,0,0,0.0000
7652,5473.03,18481.57,0,0,0.0000
7653,5239.99,18145.24,0,0,0.0000
7654,5422.72,18330.58,0,0,0.0000
7655,5222.60,18264.14,0,0,0.0000
7656,5214.70,18152.32,0,0,0.0000
7657,5351.32,18426.66,0,0,0.0000
7658,5307.09,18092.91,0,0,0.0000
7659,5249.96,18093.48,0,0,0.0000
7660,5237.16,18287.75,0,0,0.0000
7661,4749.88,18665.40,0,0,0.0000
7662,4900.14,18034.72,0,0,0.0000
7663,6249.23,18310.45,NaN,NaN,NaN
7664,6061.16,17968.08,NaN,NaN,NaN
7665,6057.40,18188.71,0,0,0.0000
7666,6087.42,18299.67,2,2,0.0000
7667,6194.23,17897.19,NaN,NaN,NaN
7668,6047.36,18110.24,NaN,NaN,NaN
7669,6175.43,17795.78,NaN,NaN,NaN
7670,6167.55,18621.89,0,0,0.0000
7671,5504.71,18322.88,0,0,0.0000
7672,5980.69,17867.61,0,0,0.0000
7673,5627.73,17795.52,0,0,0.0000
7674,6182.39,18194.91,NaN,NaN,NaN
7675,6133.15,18036.99,0,0,0.0000
7676,6173.92,18475.40,2,3,0.0000
7677,6151.00,17964.48,NaN,NaN,NaN
7678,6204.90,18404.18,NaN,NaN,NaN
7679,5815.93,18231.39,0,0,0.0000
7680,5788.20,18141.86,0,0,0.0000
7681,5877.40,18160.08,0,0,0.0000
7682,6170.27,18266.51,0,0,0.0000
7683,5980.81,18004.64,NaN,NaN,NaN
7684,6140.67,18373.00,NaN,NaN,NaN
7685,5882.50,18213.56,0,0,0.0000
7686,6194.80,18540.94,0,0,0.0000
7687,5531.65,17797.27,NaN,NaN,NaN
7688,5984.69,17934.93,0,0,0.0000
7689,6181.17,18086.85,NaN,NaN,NaN
7690,5869.59,17911.58,0,0,0.0000
7691,6087.90,17850.21,0,0,0.0000
7692,5508.41,18397.45,0,0,0.0000
7693,5945.05,18158.79,NaN,NaN,NaN
7694,6031.62,18352.27,NaN,NaN,NaN
7695,5907.78,17959.02,0,0,0.0000
7696,5769.91,18195.09,0,0,0.0000
7697,6041.58,17808.77,0,0,0.0000
7698,6123.20,18450.73,0,0,0.0000
7699,6051.71,18417.14,NaN,NaN,NaN
7700,6177.62,18123.30,3,5,0.0000
7701,6245.56,18173.14,3,3,0.0000
7702,5951.88,18226.21,NaN,NaN,NaN
7703,5875.63,18271.46,0,0,0.0000
7704,6095.01,18411.38,NaN,NaN,NaN
7705,6223.57,18128.52,3,4,0.0000
7706,6095.38,18621.57,NaN,NaN,NaN
7707,5926.63,17904.19,0,0,0.0000
7708,6284.19,17996.90,NaN,NaN,NaN
7709,6283.88,18087.83,NaN,NaN,NaN
7710,6437.93,18533.53,2,3,0.0000
7711,6352.23,18505.48,2,2,0.0000
7712,6382.71,18400.64,NaN,NaN,NaN
7713,6282.46,18223.33,NaN,NaN,NaN
7714,6381.29,18263.39,NaN,NaN,NaN
7715,6346.72,18577.37,2,2,0.0000
7716,6449.67,18368.89,NaN,NaN,NaN
7717,6344.47,18174.36,4,4,0.0000
7718,6436.53,18264.23,NaN,NaN,NaN
7719,6967.70,17949.43,0,0,0.0000
7720,7017.70,17996.21,NaN,NaN,NaN
7721,6555.47,18464.86,0,0,0.0000
7722,6561.01,18514.91,NaN,NaN,NaN
7723,6278.09,18534.22,NaN,NaN,NaN
7724,6957.34,17896.51,0,0,0.0000
7725,6534.36,18548.65,NaN,NaN,NaN
7726,6849.20,17878.75,2,1,0.0000
7727,6501.14,18423.76,NaN,NaN,NaN
7728,6293.37,18400.98,NaN,NaN,NaN
7729,6849.16,17832.50,NaN,NaN,NaN
7730,6454.70,18442.92,NaN,NaN,NaN
7731,7016.14,17806.71,0,0,0.0000
7732,6986.50,17813.28,NaN,NaN,NaN
7733,7762.97,18216.19,3,3,0.0000
7734,7110.09,17939.40,NaN,NaN,NaN
7735,7745.24,18443.94,0,0,0.0000
7736,7676.53,18014.92,NaN,NaN,NaN
7737,7769.55,17826.95,2,3,0.0000
7738,7726.99,18539.33,NaN,NaN,NaN
7739,7632.72,17929.47,0,0,0.0000
7740,7718.63,18048.53,0,0,0.0000
7741,7100.63,18003.70,0,0,0.0000
7742,7073.63,17826.86,2,3,0.0000
7743,7684.29,18188.85,3,2,0.0000
7744,7590.17,17858.72,NaN,NaN,NaN
7745,7660.14,17888.75,3,4,0.0000
7746,7072.19,17884.92,0,0,0.0000
7747,7678.40,18414.17,0,0,0.0000
7748,7715.35,18243.32,2,0,0.0000
7749,7711.97,18385.50,0,0,0.0000
7750,7775.07,17925.98,2,3,0.0000
7751,7124.63,17802.13,0,0,0.0000
7752,7704.41,18323.90,0,0,0.0000
7753,7130.76,17857.47,NaN,NaN,NaN
7754,7675.34,18092.51,NaN,NaN,NaN
7755,7775.14,18648.38,NaN,NaN,NaN
7756,7641.09,18057.14,2,4,2.0000
7757,8037.32,18427.06,NaN,NaN,NaN
7758,7814.42,17999.98,2,2,0.0000
7759,7977.12,18279.38,NaN,NaN,NaN
7760,7840.13,18629.33,NaN,NaN,NaN
7761,7835.63,18538.79,NaN,NaN,NaN
7762,7818.83,18424.99,NaN,NaN,NaN
7763,7854.09,17920.12,2,3,0.0000
7764,8004.87,18026.67,NaN,NaN,NaN
7765,7975.77,18558.72,0,0,0.0000
7766,8166.34,18295.51,NaN,NaN,NaN
7767,7999.79,18485.65,0,0,0.0000
7768,8137.97,18421.55,NaN,NaN,NaN
7769,8145.93,18354.79,NaN,NaN,NaN
7770,8136.42,18503.43,NaN,NaN,NaN
7771,8066.65,18611.81,0,0,0.0000
7772,8029.10,18204.17,2,3,0.0000
7773,8053.34,17990.78,NaN,NaN,NaN
7774,8002.22,18133.71,NaN,NaN,NaN
7775,7924.98,18103.21,2,1,0.0000
7776,7872.97,18333.03,NaN,NaN,NaN
7777,7961.98,18196.55,3,4,0.0000
7778,7879.91,18258.93,NaN,NaN,NaN
7779,7873.24,18054.98,3,4,0.0000
7780,7996.61,17876.83,0,0,0.0000
7781,8203.34,18609.31,2,3,0.0000
7782,7922.16,18441.67,0,0,0.0000
7783,7906.23,18008.16,4,3,0.0000
7784,7943.95,17975.28,0,0,0.0000
7785,8063.46,18307.78,2,3,0.0000
7786,7940.10,17835.06,0,0,0.0000
7787,7899.61,17848.79,0,0,0.0000
7788,7867.02,18450.00,2,4,2.0000
7789,7867.47,18195.81,NaN,NaN,NaN
7790,7847.72,18141.34,NaN,NaN,NaN
7791,7977.86,17930.49,0,0,0.0000
7792,8126.71,18587.94,NaN,NaN,NaN
7793,8189.27,18652.38,NaN,NaN,NaN
7794,7921.86,18511.85,2,4,2.0000
7795,7818.04,18178.09,NaN,NaN,NaN
7796,8096.44,18291.56,0,0,0.0000
7797,7871.91,18104.39,3,4,0.0000
7798,8085.19,18553.86,0,0,0.0000
7799,7814.47,18113.85,2,3,0.0000
7800,9022.85,18236.96,0,0,0.0000
7801,9313.06,17882.67,0,0,0.0000
7802,8956.82,18044.78,NaN,NaN,NaN
7803,9008.36,17795.84,2,3,0.0000
7804,9143.53,18173.38,0,0,0.0000
7805,8763.39,17858.04,2,2,0.0000
7806,8838.41,18035.18,0,0,0.0000
7807,9183.39,18358.00,0,0,0.0000
7808,9106.51,17991.42,0,0,0.0000
7809,9300.53,18108.75,2,2,0.0000
7810,9108.04,18375.11,0,0,0.0000
7811,9016.72,18573.51,0,0,0.0000
7812,9029.49,18366.86,0,0,0.0000
7813,8941.07,18493.81,0,0,0.0000
7814,9230.15,18578.85,0,0,0.0000
7815,9309.77,18297.74,0,0,0.0000
7816,8888.82,18159.32,0,0,0.0000
7817,9090.92,18484.84,0,0,0.0000
7818,8682.70,18041.76,NaN,NaN,NaN
7819,9029.21,18006.02,0,0,0.0000
7820,9262.84,18363.98,0,0,0.0000
7821,8880.75,18427.43,0,0,0.0000
7822,8590.67,17834.68,NaN,NaN,NaN
7823,9185.52,18502.98,0,0,0.0000
7824,8860.70,17949.24,NaN,NaN,NaN
7825,8642.56,17945.85,NaN,NaN,NaN
7826,8746.64,18031.41,2,2,0.0000
7827,9202.53,18006.91,0,0,0.0000
7828,9231.42,18432.03,0,0,0.0000
7829,9301.19,18442.44,0,0,0.0000
7830,9062.83,18146.45,0,0,0.0000
7831,9328.72,18595.79,0,0,0.0000
7832,8877.96,18498.16,0,0,0.0000
7833,8910.79,17904.70,NaN,NaN,NaN
7834,8990.56,17888.62,0,0,0.0000
7835,9002.76,18126.76,0,0,0.0000
7836,8751.99,17915.84,2,3,0.0000
7837,9258.98,17995.01,0,0,0.0000
7838,8803.80,18289.20,0,0,0.0000
7839,8905.12,18244.18,0,0,0.0000
7840,9154.59,18571.98,0,0,0.0000
7841,9085.66,17899.84,0,0,0.0000
7842,9159.24,17957.55,0,0,0.0000
7843,8730.03,18158.96,0,0,0.0000
7844,9291.25,18542.05,0,0,0.0000
7845,8791.19,18571.05,0,0,0.0000
7846,8825.49,18367.35,NaN,NaN,NaN
7847,8712.88,18207.47,0,0,0.0000
7848,9133.13,18623.48,0,0,0.0000
7849,8784.52,18199.19,0,0,0.0000
7850,9158.31,18280.99,0,0,0.0000
7851,8935.96,18288.21,0,0,0.0000
7852,8882.32,18333.06,0,0,0.0000
7853,8932.56,18570.98,0,0,0.0000
7854,8766.50,17974.49,2,3,0.0000
7855,8926.41,17820.75,2,2,0.0000
7856,8633.53,18102.73,0,0,0.0000
7857,8711.63,18110.64,0,0,0.0000
7858,9028.89,18472.67,0,0,0.0000
7859,8760.19,18097.12,0,0,0.0000
7860,9136.11,18455.36,0,0,0.0000
7861,8900.42,18100.04,NaN,NaN,NaN
7862,9242.59,18268.16,0,0,0.0000
7863,8679.90,18227.84,0,0,0.0000
7864,8993.38,18423.28,0,0,0.0000
7865,9152.60,17881.90,0,0,0.0000
7866,9312.39,18649.43,0,0,0.0000
7867,9041.07,17866.02,NaN,NaN,NaN
7868,9104.75,18588.75,0,0,0.0000
7869,8872.29,18606.99,0,0,0.0000
7870,9200.39,18655.51,NaN,NaN,NaN
7871,8808.25,18519.79,0,0,0.0000
7872,9190.59,17925.39,0,0,0.0000
7873,9299.97,17959.09,0,0,0.0000
7874,9073.01,18080.58,0,0,0.0000
7875,8962.76,18368.12,0,0,0.0000
7876,9264.46,18629.07,0,0,0.0000
7877,9016.56,18178.31,0,0,0.0000
7878,9185.53,18083.48,0,0,0.0000
7879,9209.15,18219.44,0,0,0.0000
7880,9200.28,18456.72,0,0,0.0000
7881,8919.35,18618.39,0,0,0.0000
7882,9493.56,18470.00,NaN,NaN,NaN
7883,9679.33,18644.38,NaN,NaN,NaN
7884,9864.40,18546.25,0,0,0.0000
7885,9841.32,18260.85,0,0,0.0000
7886,9678.42,18548.11,NaN,NaN,NaN
7887,9396.35,18299.89,NaN,NaN,NaN
7888,9366.48,18045.27,0,0,0.0000
7889,9435.30,17881.54,0,0,0.0000
7890,9967.58,18491.49,0,0,0.0000
7891,9812.52,18334.13,0,0,0.0000
7892,10054.92,18443.69,0,0,0.0000
7893,9577.33,18157.17,0,0,0.0000
7894,9623.64,18380.17,0,0,0.0000
7895,9929.75,18627.54,0,0,0.0000
7896,9755.38,18579.32,NaN,NaN,NaN
7897,9635.47,18294.81,0,0,0.0000
7898,9733.11,18445.20,0,0,0.0000
7899,9600.67,18555.18,0,0,0.0000
7900,9361.45,18531.48,0,0,0.0000
7901,9496.99,18574.26,0,0,0.0000
7902,9715.77,18140.45,0,0,0.0000
7903,9478.77,17960.37,0,0,0.0000
7904,9354.91,18647.16,0,0,0.0000
7905,9782.51,18506.91,0,0,0.0000
7906,9555.13,18353.15,0,0,0.0000
7907,9354.27,18436.05,0,0,0.0000
7908,9803.53,18442.72,0,0,0.0000
7909,9514.46,18231.24,0,0,0.0000
7910,9476.49,18071.24,0,0,0.0000
7911,9786.15,18198.53,0,0,0.0000
7912,9840.24,18627.97,0,0,0.0000
7913,9501.11,18164.55,0,0,0.0000
7914,9588.57,18432.73,0,0,0.0000
7915,9639.15,18480.85,0,0,0.0000
7916,9920.35,18550.14,0,0,0.0000
7917,9536.69,18618.79,0,0,0.0000
7918,9839.60,18201.29,0,0,0.0000
7919,9733.05,18370.40,0,0,0.0000
7920,9595.34,18214.41,0,0,0.0000
7921,9382.51,17979.73,0,0,0.0000
7922,10001.13,18557.42,0,0,0.0000
7923,9908.70,18324.96,0,0,0.0000
7924,9643.88,18188.86,0,0,0.0000
7925,9350.37,18238.09,0,0,0.0000
7926,9347.71,17845.96,0,0,0.0000
7927,9523.32,18020.53,0,0,0.0000
7928,9410.77,18133.32,0,0,0.0000
7929,9673.45,18206.41,0,0,0.0000
7930,10053.16,18389.70,0,0,0.0000
7931,9463.76,18291.89,0,0,0.0000
7932,9545.62,17931.51,0,0,0.0000
7933,9708.11,18482.09,0,0,0.0000
7934,10368.08,18359.86,0,0,0.0000
7935,10738.16,18346.15,0,0,0.0000
7936,10481.95,18575.69,0,0,0.0000
7937,10463.48,17838.14,0,0,0.0000
7938,10822.59,18034.69,0,0,0.0000
7939,10298.61,18598.65,0,0,0.0000
7940,10701.87,18222.98,NaN,NaN,NaN
7941,10518.35,18422.71,0,0,0.0000
7942,10588.69,17933.13,0,0,0.0000
7943,10740.67,17980.84,0,0,0.0000
7944,10789.81,18519.42,0,0,0.0000
7945,10777.31,18166.65,0,0,0.0000
7946,10876.98,17866.03,0,0,0.0000
7947,10458.73,17958.84,0,0,0.0000
7948,10814.12,18369.98,0,0,0.0000
7949,10669.74,17807.38,0,0,0.0000
7950,10381.78,17921.23,0,0,0.0000
7951,10403.05,18162.40,0,0,0.0000
7952,10792.98,17884.97,0,0,0.0000
7953,10171.12,18464.75,0,0,0.0000
7954,10329.74,18535.34,0,0,0.0000
7955,10170.24,18569.04,0,0,0.0000
7956,10575.58,18286.52,0,0,0.0000
7957,10665.43,18477.65,0,0,0.0000
7958,10552.01,18058.63,0,0,0.0000
7959,10630.33,18608.81,0,0,0.0000
7960,10578.89,18498.96,0,0,0.0000
7961,10469.22,18181.60,0,0,0.0000
7962,10232.37,18622.25,0,0,0.0000
7963,10638.44,18123.86,0,0,0.0000
7964,10344.59,18075.95,0,0,0.0000
7965,10191.76,18514.20,0,0,0.0000
7966,10319.06,17870.79,0,0,0.0000
7967,10747.63,18092.22,0,0,0.0000
7968,10840.17,18486.31,0,0,0.0000
7969,10630.34,18226.21,0,0,0.0000
7970,10571.05,17839.29,0,0,0.0000
7971,10406.37,18054.80,0,0,0.0000
7972,10577.92,18128.41,0,0,0.0000
7973,10703.11,18139.92,0,0,0.0000
7974,10571.64,18208.98,0,0,0.0000
7975,10623.77,18357.79,0,0,0.0000
7976,10496.23,18037.23,0,0,0.0000
7977,10709.68,18545.27,0,0,0.0000
7978,10354.90,18163.53,0,0,0.0000
7979,10122.40,18423.54,0,0,0.0000
7980,10412.77,18583.70,0,0,0.0000
7981,10456.92,18402.31,0,0,0.0000
7982,10593.83,18054.07,0,0,0.0000
7983,10166.47,18304.09,0,0,0.0000
7984,10516.68,18174.71,0,0,0.0000
7985,10855.97,18309.99,0,0,0.0000
7986,10626.49,18026.77,0,0,0.0000
7987,10276.33,18294.68,0,0,0.0000
7988,10529.08,18121.87,0,0,0.0000
7989,10654.19,18023.01,0,0,0.0000
7990,10325.96,17816.66,0,0,0.0000
7991,10251.61,18239.52,0,0,0.0000
7992,10382.46,18258.89,0,0,0.0000
7993,10625.13,18303.24,0,0,0.0000
7994,10349.66,17956.07,0,0,0.0000
7995,10638.18,17803.64,0,0,0.0000
7996,10874.72,18573.98,0,0,0.0000
7997,10687.58,18364.73,0,0,0.0000
7998,10985.75,18206.04,0,0,0.0000
7999,10904.60,18483.11,0,0,0.0000
8000,11310.85,18555.16,0,0,0.0000
8001,11554.86,18054.45,0,0,0.0000
8002,11234.44,18388.13,NaN,NaN,NaN
8003,11040.04,18573.77,0,0,0.0000
8004,11236.19,17881.38,0,0,0.0000
8005,11554.85,18493.71,0,0,0.0000
8006,11625.80,18336.43,0,0,0.0000
8007,11355.11,18316.39,0,0,0.0000
8008,10962.38,18362.62,0,0,0.0000
8009,11197.04,18182.33,0,0,0.0000
8010,11074.24,18145.68,0,0,0.0000
8011,11437.85,18128.03,NaN,NaN,NaN
8012,11419.79,18369.49,0,0,0.0000
8013,11502.72,17920.88,0,0,0.0000
8014,11596.46,18620.52,0,0,0.0000
8015,11403.46,17955.98,0,0,0.0000
8016,11115.77,18516.61,0,0,0.0000
8017,11445.14,18225.75,0,0,0.0000
8018,11308.51,18436.25,0,0,0.0000
8019,11393.27,18019.41,NaN,NaN,NaN
8020,11075.43,18016.13,0,0,0.0000
8021,11411.93,18498.09,0,0,0.0000
8022,11307.92,18170.95,0,0,0.0000
8023,11308.60,18081.36,0,0,0.0000
8024,11501.40,18270.24,0,0,0.0000
8025,11383.82,17857.47,0,0,0.0000
8026,10958.25,18031.53,0,0,0.0000
8027,11147.68,18126.99,0,0,0.0000
8028,11165.12,17817.49,0,0,0.0000
8029,11230.28,18632.58,0,0,0.0000
8030,10985.99,18091.88,0,0,0.0000
8031,11505.93,18348.71,0,0,0.0000
8032,10918.12,18293.86,0,0,0.0000
8033,11121.18,17899.66,0,0,0.0000
8034,10891.32,18152.46,NaN,NaN,NaN
8035,11439.63,18581.10,0,0,0.0000
8036,11226.37,18565.19,0,0,0.0000
8037,11317.22,18250.67,0,0,0.0000
8038,11182.60,18329.14,0,0,0.0000
8039,10905.73,18024.07,0,0,0.0000
8040,11480.75,18439.21,0,0,0.0000
8041,11093.79,17838.69,0,0,0.0000
8042,11013.16,17833.43,0,0,0.0000
8043,11265.04,17963.93,0,0,0.0000
8044,11158.30,18449.03,0,0,0.0000
8045,11508.98,17852.91,NaN,NaN,NaN
8046,11032.26,18448.01,0,0,0.0000
8047,11587.56,18268.22,0,0,0.0000
8048,11130.17,18616.93,0,0,0.0000
8049,10978.87,18436.43,0,0,0.0000
8050,11622.10,17899.52,0,0,0.0000
8051,11058.84,17933.85,0,0,0.0000
8052,11023.43,18293.04,0,0,0.0000
8053,11398.17,18078.34,0,0,0.0000
8054,10920.15,18631.17,0,0,0.0000
8055,11489.27,17992.71,0,0,0.0000
8056,10906.24,17949.87,0,0,0.0000
8057,11540.51,18199.56,0,0,0.0000
8058,11160.13,18058.53,0,0,0.0000
8059,10962.50,17887.03,0,0,0.0000
8060,11558.24,18393.06,0,0,0.0000
8061,11582.22,17945.53,0,0,0.0000
8062,11372.02,18207.94,0,0,0.0000
8063,11002.00,17927.06,0,0,0.0000
8064,11396.65,18427.37,0,0,0.0000
8065,11603.72,18544.29,0,0,0.0000
8066,11097.87,18404.39,0,0,0.0000
8067,11048.59,18368.39,0,0,0.0000
8068,11636.35,18553.32,0,0,0.0000
8069,11236.76,18252.92,0,0,0.0000
8070,11339.01,17920.04,0,0,0.0000
8071,10939.33,17843.06,0,0,0.0000
8072,11171.43,18002.76,0,0,0.0000
8073,11592.52,18142.33,0,0,0.0000
8074,11233.75,18094.54,0,0,0.0000
8075,11641.23,18253.14,0,0,0.0000
8076,11640.42,18284.70,0,0,0.0000
8077,11245.08,18045.03,0,0,0.0000
8078,10982.77,18623.21,0,0,0.0000
8079,11379.39,18450.53,0,0,0.0000
8080,11305.41,18012.31,0,0,0.0000
8081,11615.69,18101.01,0,0,0.0000
8082,11246.28,18481.91,0,0,0.0000
8083,11766.06,18450.11,0,0,0.0000
8084,11970.74,18476.18,2,3,0.0000
8085,11834.64,18029.81,0,0,0.0000
8086,12169.75,18554.51,3,4,0.0000
8087,11683.61,18207.57,0,0,0.0000
8088,12277.81,18519.79,0,0,0.0000
8089,11720.32,17940.68,0,0,0.0000
8090,11987.08,18388.96,0,0,0.0000
8091,11668.85,18016.14,0,0,0.0000
8092,11832.99,18619.86,0,0,0.0000
8093,11702.26,17858.60,0,0,0.0000
8094,11929.12,18083.19,0,0,0.0000
8095,11785.68,18157.17,0,0,0.0000
8096,11860.21,18492.46,0,0,0.0000
8097,11752.08,18326.50,0,0,0.0000
8098,11821.42,18238.88,0,0,0.0000
8099,11944.11,18216.86,0,0,0.0000
8100,12013.97,18107.49,0,0,0.0000
8101,11925.41,18532.79,0,0,0.0000
8102,11702.62,18520.31,0,0,0.0000
8103,12066.20,18356.68,0,0,0.0000
8104,11753.26,18101.95,0,0,0.0000
8105,11902.64,17864.87,0,0,0.0000
8106,11847.70,18567.71,0,0,0.0000
8107,12116.37,17824.07,0,0,0.0000
8108,11859.67,18411.81,0,0,0.0000
8109,12042.71,18396.98,0,0,0.0000
8110,12164.59,18450.78,0,0,0.0000
8111,11972.49,17886.59,0,0,0.0000
8112,12051.47,18212.83,0,0,0.0000
8113,11735.63,18575.04,0,0,0.0000
8114,12025.69,17823.45,0,0,0.0000
8115,12077.75,17956.21,0,0,0.0000
8116,11684.17,18615.16,0,0,0.0000
8117,11856.41,17884.03,0,0,0.0000
8118,12161.01,18650.62,NaN,NaN,NaN
8119,12094.98,17890.70,0,0,0.0000
8120,11786.56,17892.90,0,0,0.0000
8121,12106.31,18252.70,0,0,0.0000
8122,11966.39,17972.59,0,0,0.0000
8123,12005.38,18268.20,0,0,0.0000
8124,12078.21,18546.24,3,3,0.0000
8125,12004.43,18043.43,0,0,0.0000
8126,12052.45,18159.09,0,0,0.0000
8127,12139.89,18340.85,0,0,0.0000
8128,12038.62,18007.59,0,0,0.0000
8129,11993.83,18659.90,NaN,NaN,NaN
8130,12076.82,18279.58,0,0,0.0000
8131,12042.58,17970.69,0,0,0.0000
8132,11934.01,18287.24,0,0,0.0000
8133,12090.51,18607.20,5,4,0.0000
8134,12009.64,17867.16,0,0,0.0000
8135,11976.17,18159.84,0,0,0.0000
8136,11898.80,18339.09,0,0,0.0000
8137,11726.15,18065.81,0,0,0.0000
8138,12204.49,18461.34,0,0,0.0000
8139,11829.21,18366.50,0,0,0.0000
8140,11954.41,18624.17,0,0,0.0000
8141,11850.25,18313.72,0,0,0.0000
8142,11815.72,18303.60,0,0,0.0000
8143,12128.57,17930.92,0,0,0.0000
8144,12150.05,18295.65,0,0,0.0000
8145,11865.89,18259.79,0,0,0.0000
8146,11653.17,18498.65,0,0,0.0000
8147,11867.26,18162.89,0,0,0.0000
8148,13096.23,18299.39,0,0,0.0000
8149,13182.10,18271.80,NaN,NaN,NaN
8150,12898.36,18483.65,0,0,0.0000
8151,12980.46,18641.07,0,0,0.0000
8152,12835.64,18355.95,0,0,0.0000
8153,13132.52,18375.61,0,0,0.0000
8154,12751.48,18322.27,0,0,0.0000
8155,12864.68,18429.30,0,0,0.0000
8156,12684.00,18137.45,0,0,0.0000
8157,13761.61,18637.71,0,0,0.0000
8158,13188.84,18219.97,NaN,NaN,NaN
8159,13898.99,17897.86,0,0,0.0000
8160,13185.94,18325.52,0,0,0.0000
8161,13209.08,18383.53,0,0,0.0000
8162,13940.71,17852.25,0,0,0.0000
8163,13703.34,18640.52,0,0,0.0000
8164,13851.43,17853.04,0,0,0.0000
8165,13831.23,17823.58,0,0,0.0000
8166,13854.34,18518.97,0,0,0.0000
8167,13584.61,18629.91,0,0,0.0000
8168,13655.77,18616.26,0,0,0.0000
8169,13880.70,17822.71,0,0,0.0000
8170,14515.95,18030.82,0,0,0.0000
8171,14612.51,18205.26,NaN,NaN,NaN
8172,14671.44,18560.96,0,0,0.0000
8173,14709.86,18469.04,NaN,NaN,NaN
8174,14702.33,18211.41,NaN,NaN,NaN
8175,14640.22,18277.68,2,2,0.0000
8176,14684.87,18336.72,2,2,0.0000
8177,14432.06,18409.64,NaN,NaN,NaN
8178,14655.54,17833.65,0,0,0.0000
8179,14551.00,17860.46,0,0,0.0000
8180,14620.24,18103.98,0,0,0.0000
8181,14662.30,17929.57,0,0,0.0000
8182,14339.22,18589.49,0,0,0.0000
8183,14369.71,18648.07,0,0,0.0000
8184,14262.91,18552.87,0,0,0.0000
8185,14334.95,18429.33,NaN,NaN,NaN
8186,14666.53,18133.94,0,0,0.0000
8187,14403.04,18570.87,0,0,0.0000
8188,14471.78,18642.04,0,0,0.0000
8189,14504.51,17943.46,0,0,0.0000
8190,14631.32,18416.75,0,0,0.0000
8191,14399.31,18503.00,NaN,NaN,NaN
8192,14646.20,18483.10,0,0,0.0000
8193,14479.86,18547.84,NaN,NaN,NaN
8194,14496.45,17845.01,0,0,0.0000
8195,14470.46,18463.77,0,0,0.0000
8196,14613.34,18004.34,0,0,0.0000
8197,14456.10,18341.06,0,0,0.0000
8198,14600.90,17895.95,0,0,0.0000
8199,14603.89,18602.28,NaN,NaN,NaN
8200,14538.17,18461.10,0,0,0.0000
8201,14400.27,18288.62,NaN,NaN,NaN
8202,14214.03,18605.44,0,0,0.0000
8203,14683.92,18011.14,0,0,0.0000
8204,14324.33,18504.92,0,0,0.0000
8205,14630.26,18033.69,0,0,0.0000
8206,14594.72,18335.37,0,0,0.0000
8207,13969.31,17887.32,0,0,0.0000
8208,14520.02,18632.87,NaN,NaN,NaN
8209,14254.19,18590.91,0,0,0.0000
8210,13997.07,17879.50,0,0,0.0000
8211,14569.90,18400.54,0,0,0.0000
8212,14475.99,17904.69,0,0,0.0000
8213,15195.54,18198.43,0,0,0.0000
8214,14809.67,18542.20,NaN,NaN,NaN
8215,15310.55,17979.87,NaN,NaN,NaN
8216,14979.91,18187.91,NaN,NaN,NaN
8217,14961.78,18058.01,0,0,0.0000
8218,14738.88,17827.03,0,0,0.0000
8219,14968.27,18563.03,0,0,0.0000
8220,15041.83,18607.02,0,0,0.0000
8221,15241.79,18077.44,0,0,0.0000
8222,14831.84,18274.24,0,0,0.0000
8223,14768.27,17918.75,NaN,NaN,NaN
8224,14848.04,17963.44,NaN,NaN,NaN
8225,15061.52,18049.11,NaN,NaN,NaN
8226,15113.10,18423.30,0,0,0.0000
8227,15326.08,18534.49,NaN,NaN,NaN
8228,15183.05,18495.15,NaN,NaN,NaN
8229,15402.50,18199.70,0,0,0.0000
8230,15327.50,18219.94,3,4,0.0000
8231,14767.94,18046.29,NaN,NaN,NaN
8232,15103.71,18547.06,3,3,0.0000
8233,15210.43,18405.24,NaN,NaN,NaN
8234,14826.30,18166.48,NaN,NaN,NaN
8235,15172.29,18305.87,NaN,NaN,NaN
8236,14891.23,18514.02,NaN,NaN,NaN
8237,15286.80,18279.28,NaN,NaN,NaN
8238,15445.09,17959.85,NaN,NaN,NaN
8239,14757.11,18381.53,NaN,NaN,NaN
8240,14754.63,18224.74,NaN,NaN,NaN
8241,15289.61,18400.15,0,0,0.0000
8242,14902.50,18619.40,NaN,NaN,NaN
8243,15158.82,17916.08,NaN,NaN,NaN
8244,15088.79,18187.17,0,0,0.0000
8245,14954.86,18401.24,0,0,0.0000
8246,14930.48,18207.53,NaN,NaN,NaN
8247,14732.19,18630.72,4,3,0.0000
8248,15358.34,18361.57,0,0,0.0000
8249,15413.35,18446.08,NaN,NaN,NaN
8250,15226.13,17910.95,NaN,NaN,NaN
8251,14732.52,18120.41,0,0,0.0000
8252,15369.96,18086.70,NaN,NaN,NaN
8253,15042.54,18134.01,NaN,NaN,NaN
8254,15221.73,17988.56,0,0,0.0000
8255,15428.95,18330.16,0,0,0.0000
8256,15418.46,17822.37,0,0,0.0000
8257,15071.68,18329.33,NaN,NaN,NaN
8258,15035.00,18412.99,0,0,0.0000
8259,15423.00,18094.20,NaN,NaN,NaN
8260,15095.40,18257.61,0,0,0.0000
8261,15444.09,18417.96,3,3,0.0000
8262,14834.14,18088.31,NaN,NaN,NaN
8263,15275.09,18571.32,0,0,0.0000
8264,15190.45,17821.47,NaN,NaN,NaN
8265,15275.58,17826.54,0,0,0.0000
8266,15126.14,18335.85,NaN,NaN,NaN
8267,15323.22,18151.30,2,1,0.0000
8268,15403.75,18010.38,0,0,0.0000
8269,15080.50,18483.32,NaN,NaN,NaN
8270,15382.38,17910.72,NaN,NaN,NaN
8271,15416.63,18514.57,0,0,0.0000
8272,15187.91,18602.21,3,1,0.0000
8273,14810.19,17810.85,0,0,0.0000
8274,15485.12,18497.13,3,3,0.0000
8275,14856.90,17806.08,0,0,0.0000
8276,15226.96,18558.86,2,2,0.0000
8277,14897.90,17887.21,NaN,NaN,NaN
8278,14761.52,18303.68,2,1,0.0000
8279,14924.04,18290.38,NaN,NaN,NaN
8280,14812.88,18644.91,NaN,NaN,NaN
8281,14962.68,18267.54,4,4,0.0000
8282,15166.17,18007.61,NaN,NaN,NaN
8283,15461.00,18037.32,0,0,0.0000
8284,15375.66,18486.12,NaN,NaN,NaN
8285,15028.75,18487.94,2,3,0.0000
8286,15472.71,18402.11,0,0,0.0000
8287,14983.22,18481.96,0,0,0.0000
8288,14906.64,18005.95,0,0,0.0000
8289,15106.74,17884.96,NaN,NaN,NaN
8290,15107.34,17949.12,NaN,NaN,NaN
8291,15137.03,18051.16,0,0,0.0000
8292,15436.70,18141.56,0,0,0.0000
8293,15088.95,17811.48,0,0,0.0000
8294,15473.93,18655.28,0,0,0.0000
8295,15492.82,18564.55,0,0,0.0000
8296,16196.53,18004.15,NaN,NaN,NaN
8297,16012.40,17855.61,NaN,NaN,NaN
8298,16130.06,17896.77,NaN,NaN,NaN
8299,15936.05,17844.00,0,0,0.0000
8300,16073.23,18011.25,4,5,0.0000
8301,16067.83,17817.11,0,0,0.0000
8302,16040.34,17938.46,0,0,0.0000
8303,16234.43,17839.64,0,0,0.0000
8304,16077.39,17899.40,NaN,NaN,NaN
8305,16152.11,17953.76,NaN,NaN,NaN
8306,16231.68,17955.96,NaN,NaN,NaN
8307,16138.49,17991.42,2,5,2.5000
8308,17011.35,17884.09,0,0,0.0000
8309,16763.66,17937.79,2,3,0.0000
8310,16335.19,17932.05,0,0,0.0000
8311,16542.12,17950.02,NaN,NaN,NaN
8312,16678.22,17800.20,NaN,NaN,NaN
8313,16875.44,17925.04,NaN,NaN,NaN
8314,16687.08,17973.93,NaN,NaN,NaN
8315,16565.28,17829.31,NaN,NaN,NaN
8316,16920.62,17869.24,3,6,2.0000
8317,16684.86,17905.68,NaN,NaN,NaN
8318,16298.49,17871.09,0,0,0.0000
8319,16478.46,17934.52,0,0,0.0000
8320,16441.21,17793.77,NaN,NaN,NaN
8321,16622.58,17878.53,0,0,0.0000
8322,16425.93,17876.91,0,0,0.0000
8323,16604.92,17997.78,2,2,0.0000
8324,16933.30,17941.80,0,0,0.0000
8325,16637.77,18019.95,0,0,0.0000
8326,16830.31,17846.87,2,4,2.0000
8327,16429.33,17946.83,0,0,0.0000
8328,16288.97,17817.51,0,0,0.0000
8329,16281.57,17835.27,0,0,0.0000
8330,17147.95,17810.37,0,0,0.0000
8331,17085.04,17839.12,0,0,0.0000
8332,18460.95,18389.95,2,6,3.0000
8333,18587.51,18559.78,2,8,4.0000
8334,18580.64,18412.05,NaN,NaN,NaN
8335,18371.34,18241.16,2,3,0.0000
8336,18508.94,18496.49,3,5,0.0000
8337,18334.23,18313.30,0,0,0.0000
8338,18106.58,18377.22,NaN,NaN,NaN
8339,18644.53,18489.88,0,0,0.0000
8340,18328.89,18569.34,NaN,NaN,NaN
8341,18487.64,18267.52,NaN,NaN,NaN
8342,18361.56,18386.00,NaN,NaN,NaN
8343,18155.65,18302.27,2,1,0.0000
8344,18386.52,18426.63,NaN,NaN,NaN
8345,18428.70,18293.14,NaN,NaN,NaN
8346,18368.23,18480.42,NaN,NaN,NaN
