cell_id,centroid_x,centroid_y,reddot,blackdot,score
1,18075.06,6931.57,0,0,0.0000
2,18633.27,6998.45,0,0,0.0000
3,18425.71,7036.40,0,0,0.0000
4,18524.59,6957.14,0,0,0.0000
5,18565.12,6996.37,0,0,0.0000
6,18592.80,6938.14,0,0,0.0000
7,18411.64,6934.47,0,0,0.0000
8,18489.22,6911.59,0,0,0.0000
9,18657.33,6905.25,0,0,0.0000
10,7748.71,7739.85,0,0,0.0000
11,7321.57,7783.43,0,0,0.0000
12,7444.10,7722.44,0,0,0.0000
13,7388.96,7718.48,0,0,0.0000
14,7464.35,7778.10,0,0,0.0000
15,7688.93,7725.18,0,0,0.0000
16,7681.64,7440.33,0,0,0.0000
17,17781.87,7426.70,0,0,0.0000
18,17754.09,7551.50,0,0,0.0000
19,17770.89,7603.78,NaN,NaN,NaN
20,17713.49,7397.42,0,0,0.0000
21,18262.24,7437.76,NaN,NaN,NaN
22,18210.48,7582.87,2,3,0.0000
23,18321.03,7376.58,0,0,0.0000
24,18624.98,7412.28,0,0,0.0000
25,18437.87,7669.41,0,0,0.0000
26,18018.18,7654.45,0,0,0.0000
27,18366.02,7583.18,0,0,0.0000
28,17812.68,7487.99,0,0,0.0000
29,18467.73,7208.09,0,0,0.0000
30,18202.35,7724.35,0,0,0.0000
31,18352.13,7777.88,0,0,0.0000
32,18338.68,7668.98,0,0,0.0000
33,18568.31,7469.40,0,0,0.0000
34,17929.96,7458.41,0,0,0.0000
35,17986.52,7370.64,0,0,0.0000
36,18294.66,7232.98,0,0,0.0000
37,18261.21,7797.52,0,0,0.0000
38,17794.33,7645.54,0,0,0.0000
39,18048.92,7732.22,0,0,0.0000
40,18278.78,7723.33,0,0,0.0000
41,18110.76,7274.02,0,0,0.0000
42,18410.04,7490.01,0,0,0.0000
43,18600.91,7057.88,0,0,0.0000
44,18033.67,7462.24,0,0,0.0000
45,18627.04,7683.24,0,0,0.0000
46,18456.97,7566.21,0,0,0.0000
47,18613.86,7777.53,0,0,0.0000
48,18522.39,7640.07,0,0,0.0000
49,18547.14,7509.72,NaN,NaN,NaN
50,18119.43,7482.49,0,0,0.0000
51,18046.55,7561.25,0,0,0.0000
52,18570.00,7661.46,0,0,0.0000
53,18348.05,7258.71,0,0,0.0000
54,18088.33,7339.05,0,0,0.0000
55,18550.35,7578.40,NaN,NaN,NaN
56,17867.64,7657.01,0,0,0.0000
57,18076.45,7204.59,0,0,0.0000
58,18505.63,7105.15,0,0,0.0000
59,18475.73,7759.82,0,0,0.0000
60,17797.38,7357.30,0,0,0.0000
61,18527.21,7155.27,0,0,0.0000
62,18577.81,7718.70,0,0,0.0000
63,17834.16,7548.61,0,0,0.0000
64,18655.29,7785.92,0,0,0.0000
65,18161.82,7694.39,0,0,0.0000
66,17908.83,7541.21,0,0,0.0000
67,18102.81,7389.05,0,0,0.0000
68,18033.48,7226.48,0,0,0.0000
69,18209.52,7192.60,0,0,0.0000
70,17908.79,7615.94,0,0,0.0000
71,18017.89,7410.12,0,0,0.0000
72,18222.01,7253.84,0,0,0.0000
73,18092.32,7552.01,0,0,0.0000
74,18568.12,7113.66,0,0,0.0000
75,17876.32,7594.89,0,0,0.0000
76,18159.57,7181.46,0,0,0.0000
77,18131.06,7524.14,0,0,0.0000
78,17796.45,7318.16,0,0,0.0000
79,18567.96,7176.27,NaN,NaN,NaN
80,18373.98,7073.79,0,0,0.0000
81,17904.67,7125.80,0,0,0.0000
82,17942.63,7721.28,0,0,0.0000
83,18547.36,7067.81,0,0,0.0000
84,17931.92,7660.59,0,0,0.0000
85,17882.29,7340.00,0,0,0.0000
86,18594.97,7195.50,NaN,NaN,NaN
87,18427.49,7364.35,0,0,0.0000
88,18036.66,7303.66,0,0,0.0000
89,18637.23,7158.56,0,0,0.0000
90,17980.43,7447.76,0,0,0.0000
91,18414.31,7201.24,0,0,0.0000
92,18473.21,7077.17,0,0,0.0000
93,18131.60,7326.53,0,0,0.0000
94,18189.53,7306.26,0,0,0.0000
95,18206.23,7490.37,0,0,0.0000
96,18511.44,7723.73,0,0,0.0000
97,17937.16,7570.08,0,0,0.0000
98,18611.58,7149.57,NaN,NaN,NaN
99,18597.20,7581.84,0,0,0.0000
100,18002.44,7561.20,0,0,0.0000
101,18610.85,7536.17,0,0,0.0000
102,17951.62,7605.65,0,0,0.0000
103,7037.08,8493.39,0,0,0.0000
104,7309.75,8029.44,0,0,0.0000
105,7512.62,8048.00,0,0,0.0000
106,7585.62,8065.62,NaN,NaN,NaN
107,7503.10,7896.09,0,0,0.0000
108,7357.26,8321.68,0,0,0.0000
109,7671.22,7973.22,0,0,0.0000
110,7564.67,8186.81,0,0,0.0000
111,7555.03,8129.11,0,0,0.0000
112,7614.70,7927.07,0,0,0.0000
113,7580.99,7873.95,0,0,0.0000
114,7286.96,8204.56,0,0,0.0000
115,7355.28,8119.48,0,0,0.0000
116,7666.68,8062.53,0,0,0.0000
117,7379.80,8062.27,0,0,0.0000
118,7784.32,8043.55,0,0,0.0000
119,7355.46,8166.82,0,0,0.0000
120,7363.69,8254.69,0,0,0.0000
121,7441.41,8085.28,0,0,0.0000
122,7379.93,7998.01,0,0,0.0000
123,7506.67,7967.19,0,0,0.0000
124,7638.25,8153.94,0,0,0.0000
125,7045.85,8572.00,NaN,NaN,NaN
126,7535.88,7822.77,0,0,0.0000
127,7416.27,8029.41,0,0,0.0000
128,7490.25,7810.24,0,0,0.0000
129,7716.11,8001.14,0,0,0.0000
130,7450.87,7879.74,0,0,0.0000
131,7106.67,8542.57,0,0,0.0000
132,7790.48,7978.23,0,0,0.0000
133,7661.67,8132.00,0,0,0.0000
134,7724.31,7817.71,0,0,0.0000
135,7072.77,8508.78,0,0,0.0000
136,7690.03,8118.79,0,0,0.0000
137,7409.78,7953.09,0,0,0.0000
138,7727.60,7954.58,0,0,0.0000
139,7655.98,8017.55,0,0,0.0000
140,17432.54,8530.52,0,0,0.0000
141,17724.58,8454.70,0,0,0.0000
142,17683.82,8356.71,0,0,0.0000
143,17667.14,8573.62,0,0,0.0000
144,17738.35,8351.46,0,0,0.0000
145,17372.82,8541.43,0,0,0.0000
146,17611.46,8361.53,0,0,0.0000
147,17551.16,8452.01,0,0,0.0000
148,17668.74,8242.04,0,0,0.0000
149,17629.75,8263.56,0,0,0.0000
150,17512.94,8491.65,0,0,0.0000
151,17383.30,8454.90,0,0,0.0000
152,17779.58,8138.85,0,0,0.0000
153,17588.59,8234.37,0,0,0.0000
154,17626.62,8462.13,0,0,0.0000
155,17558.68,8406.31,0,0,0.0000
156,17725.17,7926.31,0,0,0.0000
157,17513.40,8335.87,0,0,0.0000
158,17729.28,8262.92,0,0,0.0000
159,17571.94,8328.65,NaN,NaN,NaN
160,17491.22,8561.46,0,0,0.0000
161,17487.16,8288.46,0,0,0.0000
162,17727.55,8161.52,0,0,0.0000
163,17558.66,8371.49,NaN,NaN,NaN
164,17748.15,8508.39,0,0,0.0000
165,17787.80,8195.25,0,0,0.0000
166,17647.53,8534.02,0,0,0.0000
167,17616.69,8313.84,0,0,0.0000
168,17687.11,7951.56,0,0,0.0000
169,17560.02,8560.06,0,0,0.0000
170,17462.44,8320.99,0,0,0.0000
171,17785.59,8227.18,0,0,0.0000
172,18065.67,7917.08,0,0,0.0000
173,18246.31,8053.37,0,0,0.0000
174,17880.86,8554.93,NaN,NaN,NaN
175,17877.33,8368.32,0,0,0.0000
176,17982.28,8417.58,0,0,0.0000
177,18010.08,8214.53,0,0,0.0000
178,17948.39,8048.86,NaN,NaN,NaN
179,18225.56,7941.01,0,0,0.0000
180,18101.39,8047.14,0,0,0.0000
181,18015.43,8477.94,0,0,0.0000
182,18483.07,7912.46,NaN,NaN,NaN
183,18096.21,8200.64,0,0,0.0000
184,17815.24,8462.60,0,0,0.0000
185,18103.91,8421.24,0,0,0.0000
186,18073.46,8509.20,0,0,0.0000
187,18185.98,7830.40,0,0,0.0000
188,18537.57,7868.19,0,0,0.0000
189,18178.57,8012.42,0,0,0.0000
190,18150.88,8103.61,0,0,0.0000
191,18058.50,8353.28,0,0,0.0000
192,17805.57,8366.25,0,0,0.0000
193,18063.65,7991.44,0,0,0.0000
194,18021.94,7830.54,0,0,0.0000
195,18460.09,7817.69,NaN,NaN,NaN
196,17887.80,8183.89,0,0,0.0000
197,18173.16,8559.61,0,0,0.0000
198,18081.46,8119.08,0,0,0.0000
199,17951.95,8339.63,0,0,0.0000
200,18143.79,8476.94,0,0,0.0000
201,18001.47,8056.25,0,0,0.0000
202,18099.35,8344.81,0,0,0.0000
203,17904.96,8477.49,0,0,0.0000
204,18164.52,8292.69,0,0,0.0000
205,18370.18,7954.83,0,0,0.0000
206,17841.07,8070.69,0,0,0.0000
207,18195.52,8532.46,0,0,0.0000
208,18646.10,7851.09,0,0,0.0000
209,18048.37,8292.79,0,0,0.0000
210,18143.37,8390.53,0,0,0.0000
211,17905.29,8427.59,0,0,0.0000
212,18574.26,8482.68,NaN,NaN,NaN
213,18319.48,8516.67,0,0,0.0000
214,18580.38,7888.37,0,0,0.0000
215,17944.49,8510.52,2,4,2.0000
216,17925.77,7889.14,0,0,0.0000
217,17848.75,8138.42,0,0,0.0000
218,17831.64,8111.27,0,0,0.0000
219,17874.81,8092.51,0,0,0.0000
220,17903.52,8263.51,0,0,0.0000
221,18359.93,8086.20,0,0,0.0000
222,18188.51,8449.10,0,0,0.0000
223,18380.46,8546.33,0,0,0.0000
224,18134.51,8517.07,0,0,0.0000
225,17852.03,8317.71,0,0,0.0000
226,18023.58,8279.67,0,0,0.0000
227,18360.37,7842.20,0,0,0.0000
228,18306.92,8555.14,0,0,0.0000
229,17834.56,8239.00,0,0,0.0000
230,18578.05,8561.36,0,0,0.0000
231,18415.80,7858.04,0,0,0.0000
232,7019.85,9259.99,NaN,NaN,NaN
233,6982.94,9186.49,0,0,0.0000
234,6929.80,9213.46,0,0,0.0000
235,7029.73,9127.77,0,0,0.0000
236,7360.97,9139.13,0,0,0.0000
237,7578.48,9100.43,0,0,0.0000
238,7503.88,9103.62,0,0,0.0000
239,7272.12,9075.77,0,0,0.0000
240,7080.59,9306.51,NaN,NaN,NaN
241,7484.50,9211.71,0,0,0.0000
242,7701.16,9257.31,0,0,0.0000
243,7442.37,9304.60,0,0,0.0000
244,7568.04,9236.82,NaN,NaN,NaN
245,7112.44,9216.64,NaN,NaN,NaN
246,7232.43,9205.29,0,0,0.0000
247,7306.34,9212.96,0,0,0.0000
248,7417.18,9224.56,0,0,0.0000
249,7252.98,8592.55,0,0,0.0000
250,7245.80,9271.95,0,0,0.0000
251,7207.06,8591.79,0,0,0.0000
252,7049.61,9179.83,0,0,0.0000
253,7638.37,9079.99,0,0,0.0000
254,7158.21,8598.77,0,0,0.0000
255,7175.75,9068.71,0,0,0.0000
256,7223.38,9326.90,0,0,0.0000
257,7120.67,8694.21,0,0,0.0000
258,7435.87,9051.31,0,0,0.0000
259,7609.58,9197.90,0,0,0.0000
260,7314.01,9275.01,0,0,0.0000
261,7221.48,9137.53,0,0,0.0000
262,7180.28,9179.19,0,0,0.0000
263,7250.03,8651.76,0,0,0.0000
264,7074.21,9105.98,0,0,0.0000
265,7668.81,9191.29,NaN,NaN,NaN
266,7566.21,9297.96,0,0,0.0000
267,7224.34,9024.51,0,0,0.0000
268,7381.51,9310.83,0,0,0.0000
269,7107.16,9059.53,0,0,0.0000
270,7181.16,9301.67,0,0,0.0000
271,7496.82,9262.87,0,0,0.0000
272,7144.69,9178.27,0,0,0.0000
273,7607.75,9276.34,NaN,NaN,NaN
274,7758.96,9288.63,0,0,0.0000
275,7176.67,9264.81,0,0,0.0000
276,7179.71,9232.64,0,0,0.0000
277,7563.19,9021.48,0,0,0.0000
278,7352.20,9059.72,0,0,0.0000
279,7132.53,9115.88,0,0,0.0000
280,7862.54,9202.34,0,0,0.0000
281,7987.14,9339.36,0,0,0.0000
282,7816.96,9193.33,0,0,0.0000
283,17017.60,8934.84,0,0,0.0000
284,16543.04,9267.52,0,0,0.0000
285,16752.20,9297.55,0,0,0.0000
286,16963.47,8981.11,0,0,0.0000
287,17001.75,9064.77,0,0,0.0000
288,16494.46,9216.17,0,0,0.0000
289,16900.96,9225.67,0,0,0.0000
290,16747.85,9213.39,0,0,0.0000
291,16418.06,9273.07,0,0,0.0000
292,16989.02,8737.53,0,0,0.0000
293,16734.99,9092.14,0,0,0.0000
294,16651.43,9207.95,0,0,0.0000
295,16738.98,9158.41,0,0,0.0000
296,16643.42,9159.46,0,0,0.0000
297,16836.12,9140.08,0,0,0.0000
298,16771.96,9095.26,0,0,0.0000
299,16720.05,8845.14,0,0,0.0000
300,16660.69,9262.20,0,0,0.0000
301,16699.67,9051.62,0,0,0.0000
302,16717.28,8957.71,0,0,0.0000
303,16456.71,9227.48,0,0,0.0000
304,16889.27,9290.41,0,0,0.0000
305,16723.84,8910.34,0,0,0.0000
306,16424.30,9121.01,0,0,0.0000
307,16850.34,9254.31,0,0,0.0000
308,16919.71,8790.68,0,0,0.0000
309,16813.56,9218.36,0,0,0.0000
310,16717.69,9006.27,0,0,0.0000
311,16947.00,8773.12,0,0,0.0000
312,16605.89,8991.56,0,0,0.0000
313,16440.08,9164.35,0,0,0.0000
314,16964.83,8754.80,0,0,0.0000
315,16465.45,9304.74,0,0,0.0000
316,16877.50,9059.92,0,0,0.0000
317,17748.64,8719.78,0,0,0.0000
318,17584.89,8604.56,0,0,0.0000
319,17463.26,8856.65,0,0,0.0000
320,17501.78,8984.68,NaN,NaN,NaN
321,17743.14,9227.57,0,0,0.0000
322,17087.60,9251.81,0,0,0.0000
323,17466.08,9241.54,0,0,0.0000
324,17302.37,9328.66,0,0,0.0000
325,17719.86,8908.81,0,0,0.0000
326,17624.28,9097.62,0,0,0.0000
327,17245.69,8917.88,0,0,0.0000
328,17657.06,8705.07,0,0,0.0000
329,17505.42,9112.54,0,0,0.0000
330,17566.80,8784.41,0,0,0.0000
331,17725.89,8576.88,0,0,0.0000
332,17553.45,9146.88,0,0,0.0000
333,17301.01,8981.04,0,0,0.0000
334,17661.24,9300.86,0,0,0.0000
335,17610.82,9333.87,0,0,0.0000
336,17535.12,9253.92,0,0,0.0000
337,17584.94,9021.69,0,0,0.0000
338,17723.20,9133.10,0,0,0.0000
339,17044.37,8833.75,0,0,0.0000
340,17494.76,8904.99,NaN,NaN,NaN
341,17340.00,8745.64,0,0,0.0000
342,17312.36,8671.41,0,0,0.0000
343,17726.17,8647.23,0,0,0.0000
344,17653.76,8862.99,0,0,0.0000
345,17783.17,9115.11,0,0,0.0000
346,17380.00,8812.90,0,0,0.0000
347,17462.20,8702.64,0,0,0.0000
348,17245.62,8843.76,0,0,0.0000
349,17585.07,9194.68,0,0,0.0000
350,17699.18,9039.48,0,0,0.0000
351,17675.47,9098.62,0,0,0.0000
352,17322.83,8816.84,0,0,0.0000
353,17420.94,9175.79,0,0,0.0000
354,17656.10,9211.68,0,0,0.0000
355,17033.49,9197.87,0,0,0.0000
356,17511.09,8605.13,0,0,0.0000
357,17369.55,8605.50,0,0,0.0000
358,17338.37,9033.58,0,0,0.0000
359,17049.06,9018.66,0,0,0.0000
360,17378.11,8998.35,0,0,0.0000
361,17121.09,9076.52,0,0,0.0000
362,17313.23,9097.40,0,0,0.0000
363,17379.35,8664.97,0,0,0.0000
364,17429.21,8990.91,2,3,0.0000
365,17760.79,8786.85,0,0,0.0000
366,17091.22,9131.91,0,0,0.0000
367,17285.27,8809.86,0,0,0.0000
368,17055.46,9305.79,0,0,0.0000
369,17324.69,8910.58,0,0,0.0000
370,17750.28,8968.66,0,0,0.0000
371,17191.24,8955.11,0,0,0.0000
372,17199.57,9018.86,0,0,0.0000
373,17616.24,8682.71,0,0,0.0000
374,17118.22,9124.57,0,0,0.0000
375,17280.89,8739.75,0,0,0.0000
376,17398.93,8968.50,0,0,0.0000
377,17181.36,9070.39,0,0,0.0000
378,17107.51,9329.19,0,0,0.0000
379,17779.22,8895.28,0,0,0.0000
380,17663.65,8968.99,0,0,0.0000
381,17307.29,8707.39,0,0,0.0000
382,17453.15,8771.36,0,0,0.0000
383,17357.87,9074.33,0,0,0.0000
384,17463.45,8611.87,0,0,0.0000
385,17385.49,8759.47,0,0,0.0000
386,17938.81,8642.28,0,0,0.0000
387,18132.17,8706.85,NaN,NaN,NaN
388,17817.20,9009.44,0,0,0.0000
389,17947.64,8904.66,0,0,0.0000
390,18110.79,8979.66,0,0,0.0000
391,17858.55,9309.57,0,0,0.0000
392,17839.05,8668.67,0,0,0.0000
393,18010.18,8778.82,0,0,0.0000
394,18125.61,8849.46,0,0,0.0000
395,17953.24,9138.21,0,0,0.0000
396,18223.81,8739.55,0,0,0.0000
397,17941.80,9278.53,0,0,0.0000
398,18335.44,8857.66,0,0,0.0000
399,18226.68,8983.15,0,0,0.0000
400,18018.20,8673.40,0,0,0.0000
401,17919.37,8801.00,0,0,0.0000
402,18113.85,8578.90,0,0,0.0000
403,18096.42,9197.89,NaN,NaN,NaN
404,18408.34,8797.88,0,0,0.0000
405,18345.51,9055.99,0,0,0.0000
406,18433.64,9157.76,0,0,0.0000
407,18397.26,8693.47,0,0,0.0000
408,18286.88,9013.34,0,0,0.0000
409,18218.47,8875.19,0,0,0.0000
410,18004.90,8964.36,0,0,0.0000
411,18048.22,9107.61,0,0,0.0000
412,18262.24,8654.51,0,0,0.0000
413,18007.40,9291.73,0,0,0.0000
414,18395.94,8906.56,0,0,0.0000
415,18473.09,8718.61,0,0,0.0000
416,18140.31,9095.91,0,0,0.0000
417,18572.47,8948.06,0,0,0.0000
418,18268.65,9155.80,0,0,0.0000
419,18464.52,8828.04,0,0,0.0000
420,17801.98,9326.31,0,0,0.0000
421,18054.13,8875.28,0,0,0.0000
422,18236.25,9308.88,0,0,0.0000
423,18323.71,8701.16,0,0,0.0000
424,18515.09,8788.69,0,0,0.0000
425,18614.89,9018.85,0,0,0.0000
426,17894.79,9231.62,0,0,0.0000
427,17992.53,9049.81,0,0,0.0000
428,17801.13,8596.07,0,0,0.0000
429,18180.38,8963.24,0,0,0.0000
430,18606.26,8861.25,0,0,0.0000
431,18446.58,8633.15,0,0,0.0000
432,17856.80,9200.62,NaN,NaN,NaN
433,18276.94,8776.19,0,0,0.0000
434,18387.52,9257.34,0,0,0.0000
435,17812.04,8816.83,0,0,0.0000
436,18060.32,8705.71,0,0,0.0000
437,18440.66,8956.48,0,0,0.0000
438,18494.21,9046.27,0,0,0.0000
439,18543.96,9013.17,0,0,0.0000
440,18653.56,8828.85,0,0,0.0000
441,18507.71,9108.61,0,0,0.0000
442,18044.75,8576.11,0,0,0.0000
443,18420.04,9002.51,NaN,NaN,NaN
444,18163.05,9216.69,0,0,0.0000
445,18359.42,9308.54,0,0,0.0000
446,18391.39,8608.74,0,0,0.0000
447,18565.25,8640.51,0,0,0.0000
448,18339.77,8967.28,0,0,0.0000
449,18555.70,8842.57,2,2,0.0000
450,17887.93,9035.73,0,0,0.0000
451,18540.22,9120.15,0,0,0.0000
452,18415.00,9047.35,0,0,0.0000
453,18560.66,8696.45,0,0,0.0000
454,18189.46,9281.80,0,0,0.0000
455,18520.00,8590.21,0,0,0.0000
456,18532.94,8646.99,0,0,0.0000
457,18464.52,8890.07,0,0,0.0000
458,18488.34,8983.97,0,0,0.0000
459,18613.40,8766.55,0,0,0.0000
460,18580.70,9058.24,0,0,0.0000
461,18343.36,9272.26,0,0,0.0000
462,18233.01,9104.81,0,0,0.0000
463,17862.08,8788.36,0,0,0.0000
464,18477.66,8600.16,0,0,0.0000
465,17853.19,8871.02,0,0,0.0000
466,18508.36,8909.22,NaN,NaN,NaN
467,18293.48,8881.26,0,0,0.0000
468,18261.51,8920.16,0,0,0.0000
469,18209.58,9181.33,0,0,0.0000
470,18505.78,8627.84,0,0,0.0000
471,18206.79,8640.60,0,0,0.0000
472,18613.19,8723.84,0,0,0.0000
473,18592.28,8686.68,0,0,0.0000
474,18511.94,8678.98,0,0,0.0000
475,18331.91,8629.15,0,0,0.0000
476,18349.07,9168.99,0,0,0.0000
477,18262.50,9244.87,0,0,0.0000
478,18378.63,9209.38,0,0,0.0000
479,6702.42,9549.10,0,0,0.0000
480,6762.91,9592.55,0,0,0.0000
481,6859.46,9544.74,0,0,0.0000
482,7011.90,9581.46,0,0,0.0000
483,6991.18,9719.21,0,0,0.0000
484,6773.38,9410.81,0,0,0.0000
485,6969.26,9638.53,0,0,0.0000
486,6838.48,9438.32,0,0,0.0000
487,6688.09,9446.45,0,0,0.0000
488,6791.61,9486.92,0,0,0.0000
489,6909.68,9688.46,0,0,0.0000
490,6815.07,9401.74,0,0,0.0000
491,6711.79,9615.04,0,0,0.0000
492,6721.94,9346.09,0,0,0.0000
493,6921.53,9554.98,0,0,0.0000
494,6662.28,9639.56,0,0,0.0000
495,6789.99,9453.28,0,0,0.0000
496,6841.57,9493.89,0,0,0.0000
497,7027.33,9643.96,0,0,0.0000
498,6671.55,9398.71,0,0,0.0000
499,6536.23,9726.48,0,0,0.0000
500,7022.53,9792.44,0,0,0.0000
501,7291.51,9707.36,0,0,0.0000
502,7368.11,9455.30,0,0,0.0000
503,7431.64,9502.05,0,0,0.0000
504,7794.83,9730.10,0,0,0.0000
505,7725.22,10042.35,0,0,0.0000
506,7160.20,9594.93,0,0,0.0000
507,7547.90,9468.77,NaN,NaN,NaN
508,7087.52,9742.80,0,0,0.0000
509,7466.81,9564.27,0,0,0.0000
510,7805.92,9951.46,0,0,0.0000
511,7323.35,9397.85,0,0,0.0000
512,7468.51,9381.89,0,0,0.0000
513,7803.22,9617.18,0,0,0.0000
514,7281.29,9442.20,0,0,0.0000
515,7543.42,9581.28,0,0,0.0000
516,7069.81,9684.48,0,0,0.0000
517,7362.59,9557.86,0,0,0.0000
518,7416.20,9635.92,0,0,0.0000
519,7252.35,9520.83,0,0,0.0000
520,7382.34,9364.77,0,0,0.0000
521,7382.04,10079.47,0,0,0.0000
522,7169.79,9352.28,0,0,0.0000
523,7497.39,9493.86,NaN,NaN,NaN
524,7327.88,9605.69,0,0,0.0000
525,7210.57,9534.12,0,0,0.0000
526,7060.39,9593.44,0,0,0.0000
527,7327.85,10064.25,0,0,0.0000
528,7086.25,9606.74,0,0,0.0000
529,7778.09,9918.16,0,0,0.0000
530,7187.67,9502.13,0,0,0.0000
531,7493.39,9428.58,0,0,0.0000
532,7593.57,9382.56,0,0,0.0000
533,7136.36,9363.92,0,0,0.0000
534,7720.34,10096.56,0,0,0.0000
535,7436.17,9421.03,0,0,0.0000
536,7186.06,9722.03,0,0,0.0000
537,7166.25,9765.97,0,0,0.0000
538,7419.74,10044.31,0,0,0.0000
539,7675.16,10073.65,0,0,0.0000
540,7379.22,10018.77,0,0,0.0000
541,7057.77,9785.01,0,0,0.0000
542,7727.27,9982.02,0,0,0.0000
543,7886.85,9808.76,0,0,0.0000
544,7903.08,9928.69,0,0,0.0000
545,8193.28,9890.97,0,0,0.0000
546,7903.00,10010.73,0,0,0.0000
547,8052.52,9997.28,0,0,0.0000
548,7932.49,9883.92,0,0,0.0000
549,8280.12,10079.03,0,0,0.0000
550,7849.74,10068.68,0,0,0.0000
551,7997.47,9475.75,0,0,0.0000
552,7889.37,9657.98,0,0,0.0000
553,8205.88,9954.07,0,0,0.0000
554,8039.50,9544.16,0,0,0.0000
555,7918.87,9734.36,0,0,0.0000
556,8027.04,9664.78,0,0,0.0000
557,8014.57,10050.33,0,0,0.0000
558,8222.54,9850.65,0,0,0.0000
559,8159.26,9825.67,0,0,0.0000
560,7962.48,9677.83,0,0,0.0000
561,7892.55,9408.41,0,0,0.0000
562,8021.30,9930.35,0,0,0.0000
563,7989.66,9545.89,0,0,0.0000
564,7966.83,9844.70,0,0,0.0000
565,7992.19,9400.28,0,0,0.0000
566,8126.52,9921.78,0,0,0.0000
567,8196.53,10021.54,0,0,0.0000
568,8062.35,10087.33,NaN,NaN,NaN
569,8209.21,10076.49,0,0,0.0000
570,8289.20,9879.65,0,0,0.0000
571,7855.57,9739.21,0,0,0.0000
572,8261.52,9935.17,0,0,0.0000
573,7941.35,9515.69,0,0,0.0000
574,7950.53,9628.87,0,0,0.0000
575,7912.80,9570.32,0,0,0.0000
576,7903.61,9518.86,0,0,0.0000
577,7847.97,9880.94,0,0,0.0000
578,8449.29,9951.05,0,0,0.0000
579,8187.20,9781.94,0,0,0.0000
580,7993.31,9772.63,0,0,0.0000
581,7973.26,9966.35,0,0,0.0000
582,7847.30,9345.95,0,0,0.0000
583,7949.03,9578.12,0,0,0.0000
584,7972.10,10054.23,0,0,0.0000
585,8080.34,9575.02,0,0,0.0000
586,8005.29,9712.31,0,0,0.0000
587,8275.71,9977.79,0,0,0.0000
588,8274.26,10016.38,0,0,0.0000
589,16162.76,9597.21,0,0,0.0000
590,16171.76,9541.07,0,0,0.0000
591,16243.53,9851.80,0,0,0.0000
592,15814.93,10059.61,0,0,0.0000
593,16200.25,9674.70,0,0,0.0000
594,16206.61,9912.44,0,0,0.0000
595,15636.22,10093.70,0,0,0.0000
596,16252.25,9345.67,0,0,0.0000
597,16233.90,9793.06,NaN,NaN,NaN
598,15766.57,10096.49,0,0,0.0000
599,16208.02,9730.05,0,0,0.0000
600,15641.37,10029.41,0,0,0.0000
601,16237.24,9955.44,0,0,0.0000
602,16603.63,9344.22,0,0,0.0000
603,16514.78,9851.58,0,0,0.0000
604,16775.09,9870.74,0,0,0.0000
605,16783.75,9757.69,0,0,0.0000
606,16501.30,9754.63,0,0,0.0000
607,16336.53,9919.17,0,0,0.0000
608,16784.44,9561.46,0,0,0.0000
609,16804.98,9670.47,0,0,0.0000
610,16509.74,9411.30,0,0,0.0000
611,16637.55,9434.04,0,0,0.0000
612,16691.68,10037.76,0,0,0.0000
613,16456.60,9970.06,0,0,0.0000
614,16799.73,9966.89,0,0,0.0000
615,16547.58,9621.96,0,0,0.0000
616,17018.35,9664.38,0,0,0.0000
617,16507.00,9563.55,0,0,0.0000
618,16660.21,9606.84,0,0,0.0000
619,16912.61,9734.64,0,0,0.0000
620,16440.00,9816.52,0,0,0.0000
621,16584.78,10028.17,NaN,NaN,NaN
622,16579.46,9768.91,0,0,0.0000
623,16950.46,9900.61,0,0,0.0000
624,16724.57,9698.35,0,0,0.0000
625,16902.06,9957.66,0,0,0.0000
626,16707.37,9641.87,0,0,0.0000
627,16685.36,9861.19,0,0,0.0000
628,16762.45,10026.31,0,0,0.0000
629,16625.45,10106.41,0,0,0.0000
630,16696.14,9957.64,0,0,0.0000
631,16261.88,9921.96,0,0,0.0000
632,16855.67,9859.45,0,0,0.0000
633,16436.16,9888.14,0,0,0.0000
634,16859.34,9803.75,0,0,0.0000
635,16507.43,10055.51,0,0,0.0000
636,16550.85,9922.22,0,0,0.0000
637,16833.30,10047.46,0,0,0.0000
638,16510.90,9981.47,0,0,0.0000
639,16745.76,9482.36,0,0,0.0000
640,16823.21,9526.05,0,0,0.0000
641,16870.98,9447.09,0,0,0.0000
642,16934.88,10005.03,0,0,0.0000
643,16916.53,9559.12,0,0,0.0000
644,16613.87,9616.02,0,0,0.0000
645,16451.62,10036.01,0,0,0.0000
646,16862.52,9597.59,0,0,0.0000
647,16642.99,9912.67,0,0,0.0000
648,16784.64,9433.40,0,0,0.0000
649,16450.20,9695.63,0,0,0.0000
650,16571.14,9532.99,0,0,0.0000
651,16428.04,9747.96,0,0,0.0000
652,16988.96,9575.78,0,0,0.0000
653,16950.38,9634.67,0,0,0.0000
654,17011.38,9858.00,0,0,0.0000
655,16641.73,9726.77,0,0,0.0000
656,16683.28,9803.97,0,0,0.0000
657,16714.31,9361.02,0,0,0.0000
658,16621.79,9986.28,0,0,0.0000
659,16612.75,9829.67,0,0,0.0000
660,16686.65,9460.43,0,0,0.0000
661,16527.02,9347.39,0,0,0.0000
662,16601.62,9929.61,0,0,0.0000
663,16648.67,10041.36,0,0,0.0000
664,16647.64,9962.68,0,0,0.0000
665,16870.22,9522.19,0,0,0.0000
666,16562.73,9687.54,0,0,0.0000
667,16858.72,9904.66,0,0,0.0000
668,16564.81,9960.61,0,0,0.0000
669,16741.08,9937.76,0,0,0.0000
670,16398.67,9894.18,0,0,0.0000
671,16607.18,9700.02,0,0,0.0000
672,16979.41,9946.62,0,0,0.0000
673,16439.82,9584.71,0,0,0.0000
674,16577.13,10111.23,0,0,0.0000
675,17004.80,9522.82,0,0,0.0000
676,17020.09,9484.04,0,0,0.0000
677,16471.65,9620.72,0,0,0.0000
678,17783.35,9854.86,0,0,0.0000
679,17661.71,9553.24,0,0,0.0000
680,17513.88,9819.58,0,0,0.0000
681,17493.48,9716.34,0,0,0.0000
682,17572.08,9705.10,0,0,0.0000
683,17425.86,9949.05,0,0,0.0000
684,17555.67,9384.66,0,0,0.0000
685,17641.23,9433.36,0,0,0.0000
686,17729.81,9964.69,0,0,0.0000
687,17522.50,9482.01,0,0,0.0000
688,17380.45,9626.88,0,0,0.0000
689,17708.31,10091.11,0,0,0.0000
690,17261.89,9778.44,0,0,0.0000
691,17549.17,9562.01,0,0,0.0000
692,17725.48,9738.20,0,0,0.0000
693,17469.40,9418.45,0,0,0.0000
694,17750.72,9546.22,0,0,0.0000
695,17570.20,9816.16,0,0,0.0000
696,17663.51,9670.25,0,0,0.0000
697,17343.21,9564.49,0,0,0.0000
698,17291.94,9448.19,0,0,0.0000
699,17587.88,10067.80,0,0,0.0000
700,17425.70,9667.75,0,0,0.0000
701,17581.75,9616.25,0,0,0.0000
702,17605.61,9770.44,0,0,0.0000
703,17042.47,9412.01,0,0,0.0000
704,17494.45,9628.92,0,0,0.0000
705,17773.14,10004.74,0,0,0.0000
706,17715.50,9632.78,0,0,0.0000
707,17411.63,9453.89,0,0,0.0000
708,17346.55,9797.30,0,0,0.0000
709,17388.89,9360.41,0,0,0.0000
710,17385.37,9997.05,0,0,0.0000
711,17479.64,9980.87,0,0,0.0000
712,17644.79,9754.89,0,0,0.0000
713,17409.54,10092.66,0,0,0.0000
714,17202.68,9820.21,0,0,0.0000
715,17338.36,9496.78,NaN,NaN,NaN
716,17540.42,10014.17,0,0,0.0000
717,17401.07,9831.26,0,0,0.0000
718,17618.93,10017.88,0,0,0.0000
719,17501.05,10061.90,0,0,0.0000
720,17487.71,9350.64,0,0,0.0000
721,17350.13,9377.91,NaN,NaN,NaN
722,17049.68,9562.72,0,0,0.0000
723,17390.10,9894.66,0,0,0.0000
724,17326.76,9661.78,0,0,0.0000
725,17315.89,9713.11,0,0,0.0000
726,17361.83,9932.27,0,0,0.0000
727,17658.44,9850.61,0,0,0.0000
728,17565.03,9896.74,0,0,0.0000
729,17248.02,9689.43,0,0,0.0000
730,17368.84,9720.57,0,0,0.0000
731,17599.99,9865.69,0,0,0.0000
732,17065.12,9496.88,0,0,0.0000
733,17474.31,9883.62,0,0,0.0000
734,17680.06,9988.36,0,0,0.0000
735,17438.54,9392.35,0,0,0.0000
736,17239.28,9729.85,0,0,0.0000
737,17664.79,9941.43,0,0,0.0000
738,17604.37,9503.96,NaN,NaN,NaN
739,17439.68,9558.49,0,0,0.0000
740,17700.02,9821.05,0,0,0.0000
741,17729.17,9452.42,0,0,0.0000
742,17047.48,9836.41,0,0,0.0000
743,17301.33,9639.61,0,0,0.0000
744,17315.53,9929.34,0,0,0.0000
745,17444.83,10042.67,0,0,0.0000
746,17538.90,10067.06,0,0,0.0000
747,17300.48,9903.45,0,0,0.0000
748,17096.00,9368.51,0,0,0.0000
749,17784.13,9478.38,0,0,0.0000
750,17293.04,9518.84,0,0,0.0000
751,17840.79,10039.01,0,0,0.0000
752,17850.52,9494.16,0,0,0.0000
753,18246.55,9989.77,0,0,0.0000
754,17922.46,9689.31,0,0,0.0000
755,18243.01,9754.71,0,0,0.0000
756,17964.26,9956.98,0,0,0.0000
757,17935.83,9867.28,0,0,0.0000
758,18112.89,9735.71,0,0,0.0000
759,18023.45,9880.33,0,0,0.0000
760,17961.06,9762.76,0,0,0.0000
761,17990.47,9381.98,0,0,0.0000
762,18139.53,9522.02,0,0,0.0000
763,18211.21,9421.35,0,0,0.0000
764,18104.94,9866.71,0,0,0.0000
765,17926.98,9386.32,0,0,0.0000
766,18120.15,10002.91,0,0,0.0000
767,17947.51,10046.65,0,0,0.0000
768,17966.79,9493.69,0,0,0.0000
769,18041.42,9417.76,0,0,0.0000
770,18276.69,9443.86,0,0,0.0000
771,18120.01,9427.69,0,0,0.0000
772,17882.19,9945.45,0,0,0.0000
773,18314.89,10044.90,NaN,NaN,NaN
774,18026.47,10052.01,0,0,0.0000
775,18069.03,9788.03,0,0,0.0000
776,18071.35,9610.38,0,0,0.0000
777,17846.22,9732.08,0,0,0.0000
778,18194.70,9959.98,0,0,0.0000
779,17884.94,9422.76,0,0,0.0000
780,18126.44,9354.55,0,0,0.0000
781,18226.14,9842.06,0,0,0.0000
782,17822.09,9624.48,0,0,0.0000
783,18320.15,9610.58,0,0,0.0000
784,18201.21,9595.87,0,0,0.0000
785,18113.88,10111.27,0,0,0.0000
786,18183.29,10036.85,0,0,0.0000
787,18311.98,9935.60,0,0,0.0000
788,18162.89,9824.68,0,0,0.0000
789,18309.48,9866.06,0,0,0.0000
790,17801.56,9764.07,0,0,0.0000
791,18162.24,9874.21,0,0,0.0000
792,18199.89,9521.56,0,0,0.0000
793,18019.21,9537.06,0,0,0.0000
794,18343.99,9693.70,0,0,0.0000
795,18283.36,9565.81,0,0,0.0000
796,18317.14,9741.89,0,0,0.0000
797,18337.51,9562.43,0,0,0.0000
798,17884.55,9887.80,0,0,0.0000
799,18022.79,9612.04,0,0,0.0000
800,18353.07,9828.54,0,0,0.0000
801,17915.68,9602.91,0,0,0.0000
802,18080.85,9939.23,0,0,0.0000
803,18107.22,10079.33,0,0,0.0000
804,18081.96,10037.81,0,0,0.0000
805,18063.92,9358.21,0,0,0.0000
806,18314.67,9364.30,0,0,0.0000
807,18000.01,9806.97,0,0,0.0000
808,18375.87,9740.04,0,0,0.0000
809,18159.34,9938.39,0,0,0.0000
810,18019.20,9470.87,0,0,0.0000
811,6149.88,10585.47,0,0,0.0000
812,6232.00,10753.59,0,0,0.0000
813,6165.94,10755.86,0,0,0.0000
814,6243.46,10653.12,0,0,0.0000
815,5988.82,10860.12,0,0,0.0000
816,5931.41,10835.66,0,0,0.0000
817,6222.92,10583.48,0,0,0.0000
818,6066.83,10723.71,0,0,0.0000
819,6135.08,10788.74,0,0,0.0000
820,6101.53,10812.95,0,0,0.0000
821,6182.72,10527.15,NaN,NaN,NaN
822,6125.66,10323.41,0,0,0.0000
823,5956.27,10355.37,0,0,0.0000
824,6104.19,10664.89,0,0,0.0000
825,6101.27,10560.23,0,0,0.0000
826,5969.92,10811.28,0,0,0.0000
827,6075.09,10621.70,0,0,0.0000
828,6096.98,10615.11,0,0,0.0000
829,5887.55,10848.14,0,0,0.0000
830,6347.46,10566.96,0,0,0.0000
831,6447.01,10593.58,0,0,0.0000
832,6688.72,10664.84,0,0,0.0000
833,6513.94,10701.32,0,0,0.0000
834,6566.37,10518.12,0,0,0.0000
835,6717.76,10506.80,0,0,0.0000
836,6463.05,10663.74,0,0,0.0000
837,6550.06,10601.63,0,0,0.0000
838,6636.98,10402.79,0,0,0.0000
839,6770.99,10475.11,0,0,0.0000
840,6509.61,10799.76,0,0,0.0000
841,6705.66,10391.78,0,0,0.0000
842,6465.60,10430.38,0,0,0.0000
843,6386.46,10708.22,0,0,0.0000
844,6790.31,10679.21,0,0,0.0000
845,6600.50,10748.04,0,0,0.0000
846,6665.69,10336.22,0,0,0.0000
847,6581.43,10467.83,0,0,0.0000
848,6331.97,10834.47,0,0,0.0000
849,6511.32,10533.02,0,0,0.0000
850,6517.00,10434.19,0,0,0.0000
851,6320.99,10739.16,0,0,0.0000
852,6274.91,10718.27,0,0,0.0000
853,6603.22,10692.30,0,0,0.0000
854,6560.25,10417.60,0,0,0.0000
855,6619.96,10430.62,0,0,0.0000
856,6801.24,10339.81,0,0,0.0000
857,6460.02,10800.23,0,0,0.0000
858,6602.15,10632.03,0,0,0.0000
859,6447.71,10487.31,0,0,0.0000
860,6491.13,10490.82,0,0,0.0000
861,6656.27,10599.72,0,0,0.0000
862,6617.83,10534.63,0,0,0.0000
863,6612.61,10275.63,0,0,0.0000
864,6848.63,10502.62,0,0,0.0000
865,6331.15,10688.66,0,0,0.0000
866,6628.17,10459.77,0,0,0.0000
867,7734.90,10176.12,0,0,0.0000
868,7372.06,10362.12,0,0,0.0000
869,7253.00,10296.30,0,0,0.0000
870,7211.71,10368.66,0,0,0.0000
871,7221.06,10483.92,0,0,0.0000
872,7694.90,10839.23,0,0,0.0000
873,7633.79,10435.86,0,0,0.0000
874,7228.23,10555.43,0,0,0.0000
875,7743.28,10322.60,0,0,0.0000
876,7462.38,10460.08,0,0,0.0000
877,7276.61,10164.15,0,0,0.0000
878,7776.02,10394.99,0,0,0.0000
879,7636.37,10378.63,0,0,0.0000
880,7686.21,10309.03,0,0,0.0000
881,7100.39,10311.23,0,0,0.0000
882,7322.35,10368.50,0,0,0.0000
883,7560.28,10481.42,0,0,0.0000
884,7221.92,10247.77,0,0,0.0000
885,7436.47,10498.35,0,0,0.0000
886,7799.43,10213.39,0,0,0.0000
887,7296.69,10300.16,0,0,0.0000
888,7080.16,10241.23,0,0,0.0000
889,7315.39,10525.92,0,0,0.0000
890,7607.54,10569.90,0,0,0.0000
891,7298.25,10571.05,0,0,0.0000
892,7740.30,10272.19,0,0,0.0000
893,7238.77,10169.47,0,0,0.0000
894,7183.42,10412.32,0,0,0.0000
895,7417.37,10575.07,0,0,0.0000
896,7183.56,10513.42,0,0,0.0000
897,7313.93,10126.73,0,0,0.0000
898,7653.20,10233.41,0,0,0.0000
899,7349.51,10174.51,0,0,0.0000
900,8007.14,10377.22,0,0,0.0000
901,7961.32,10164.29,0,0,0.0000
902,8266.66,10492.94,0,0,0.0000
903,8381.52,10391.92,0,0,0.0000
904,7965.24,10318.21,0,0,0.0000
905,7890.55,10399.36,0,0,0.0000
906,8304.70,10706.77,0,0,0.0000
907,7916.58,10262.05,0,0,0.0000
908,8170.84,10477.20,0,0,0.0000
909,8383.07,10551.42,0,0,0.0000
910,8224.60,10573.51,0,0,0.0000
911,8361.28,10466.69,0,0,0.0000
912,8135.18,10556.63,0,0,0.0000
913,7870.13,10252.64,0,0,0.0000
914,8092.00,10475.99,0,0,0.0000
915,8435.99,10452.30,0,0,0.0000
916,8119.85,10147.49,0,0,0.0000
917,8419.18,10717.32,0,0,0.0000
918,7843.62,10301.82,0,0,0.0000
919,8445.74,10354.62,0,0,0.0000
920,8307.13,10124.70,0,0,0.0000
921,8430.00,10562.27,0,0,0.0000
922,8168.73,10168.17,0,0,0.0000
923,8039.96,10522.43,0,0,0.0000
924,8195.11,10424.00,0,0,0.0000
925,8274.56,10554.79,0,0,0.0000
926,7810.51,10152.00,0,0,0.0000
927,8309.68,10584.35,0,0,0.0000
928,8073.04,10418.77,0,0,0.0000
929,8321.12,10627.91,0,0,0.0000
930,8485.36,10350.94,0,0,0.0000
931,7889.35,10166.51,0,0,0.0000
932,8432.14,10634.90,0,0,0.0000
933,8297.83,10448.03,0,0,0.0000
934,8247.20,10420.86,0,0,0.0000
935,8075.60,10557.72,0,0,0.0000
936,8484.27,10610.07,0,0,0.0000
937,16000.82,10863.18,0,0,0.0000
938,15924.06,10368.13,0,0,0.0000
939,15899.58,10806.38,0,0,0.0000
940,15797.70,10453.12,0,0,0.0000
941,15703.20,10377.73,0,0,0.0000
942,15917.73,10310.36,0,0,0.0000
943,16175.46,10791.95,0,0,0.0000
944,15992.07,10703.37,0,0,0.0000
945,15754.89,10247.73,0,0,0.0000
946,15960.38,10476.77,0,0,0.0000
947,15916.28,10502.97,0,0,0.0000
948,15978.60,10299.74,0,0,0.0000
949,15873.41,10595.41,0,0,0.0000
950,15722.83,10766.01,0,0,0.0000
951,15886.77,10738.04,0,0,0.0000
952,15730.14,10507.64,0,0,0.0000
953,15923.85,10570.12,0,0,0.0000
954,15725.52,10446.12,0,0,0.0000
955,15793.72,10324.08,0,0,0.0000
956,16075.86,10813.72,NaN,NaN,NaN
957,15818.19,10743.59,0,0,0.0000
958,15817.02,10832.51,0,0,0.0000
959,15871.04,10468.17,0,0,0.0000
960,15847.95,10386.34,0,0,0.0000
961,16083.86,10523.52,0,0,0.0000
962,15824.15,10687.66,0,0,0.0000
963,16027.04,10238.57,0,0,0.0000
964,15762.30,10391.12,0,0,0.0000
965,16079.49,10655.77,0,0,0.0000
966,15720.23,10320.77,0,0,0.0000
967,15987.25,10555.37,0,0,0.0000
968,15987.16,10450.90,0,0,0.0000
969,15994.14,10367.20,0,0,0.0000
970,16035.33,10443.59,0,0,0.0000
971,15983.61,10772.47,0,0,0.0000
972,16037.06,10378.86,0,0,0.0000
973,16047.64,10490.56,0,0,0.0000
974,15638.84,10143.02,0,0,0.0000
975,16029.65,10312.32,0,0,0.0000
976,16134.06,10543.31,0,0,0.0000
977,15726.25,10565.39,0,0,0.0000
978,16905.37,10817.18,0,0,0.0000
979,16722.77,10208.90,0,0,0.0000
980,16910.31,10614.64,0,0,0.0000
981,16820.61,10811.28,0,0,0.0000
982,16678.72,10121.70,0,0,0.0000
983,16885.49,10734.20,0,0,0.0000
984,16953.02,10520.16,0,0,0.0000
985,16880.00,10876.31,0,0,0.0000
986,16805.64,10127.00,0,0,0.0000
987,16889.46,10684.65,0,0,0.0000
988,16901.91,10502.64,0,0,0.0000
989,16937.28,10329.14,0,0,0.0000
990,16881.95,10453.51,0,0,0.0000
991,16847.55,10618.21,0,0,0.0000
992,16920.16,10568.82,0,0,0.0000
993,16336.72,10827.83,0,0,0.0000
994,16908.17,10662.25,0,0,0.0000
995,16939.38,10459.56,0,0,0.0000
996,16748.40,10539.86,0,0,0.0000
997,17718.41,10219.73,NaN,NaN,NaN
998,17533.51,10118.09,0,0,0.0000
999,17621.38,10133.26,0,0,0.0000
1000,17547.14,10184.07,0,0,0.0000
1001,17552.29,10249.46,NaN,NaN,NaN
1002,17642.11,10187.30,0,0,0.0000
1003,17708.74,10434.17,0,0,0.0000
1004,17778.26,10162.25,0,0,0.0000
1005,17780.37,10278.91,0,0,0.0000
1006,17784.36,10226.12,0,0,0.0000
1007,17735.05,10376.10,NaN,NaN,NaN
1008,17685.55,10365.29,0,0,0.0000
1009,17759.33,10344.16,0,0,0.0000
1010,17025.77,10591.25,0,0,0.0000
1011,17487.32,10140.14,0,0,0.0000
1012,17783.77,10466.45,0,0,0.0000
1013,17466.37,10182.93,0,0,0.0000
1014,17665.82,10253.14,NaN,NaN,NaN
1015,17764.48,10568.64,0,0,0.0000
1016,17588.31,10294.11,0,0,0.0000
1017,17055.66,10509.42,0,0,0.0000
1018,17690.21,10319.55,NaN,NaN,NaN
1019,17721.04,10505.28,0,0,0.0000
1020,17777.98,10529.04,0,0,0.0000
1021,17885.67,10393.18,0,0,0.0000
1022,18071.79,10571.75,0,0,0.0000
1023,17990.88,10556.52,0,0,0.0000
1024,18277.74,10554.22,0,0,0.0000
1025,18057.67,10258.82,0,0,0.0000
1026,17869.42,10188.41,0,0,0.0000
1027,18097.69,10460.69,0,0,0.0000
1028,18200.72,10701.05,0,0,0.0000
1029,18147.65,10226.07,0,0,0.0000
1030,17815.03,10398.80,0,0,0.0000
1031,17933.82,10507.33,0,0,0.0000
1032,18149.34,10727.76,0,0,0.0000
1033,18319.52,10705.31,0,0,0.0000
1034,18251.98,10803.01,0,0,0.0000
1035,18150.84,10573.33,0,0,0.0000
1036,18061.59,10722.18,NaN,NaN,NaN
1037,18354.04,10809.55,0,0,0.0000
1038,17999.36,10311.94,0,0,0.0000
1039,18054.70,10370.42,0,0,0.0000
1040,18108.39,10794.89,0,0,0.0000
1041,18012.00,10818.58,0,0,0.0000
1042,18109.00,10179.89,0,0,0.0000
1043,18271.55,10297.50,0,0,0.0000
1044,18315.44,10853.85,0,0,0.0000
1045,18272.24,10467.21,0,0,0.0000
1046,18224.10,10613.63,0,0,0.0000
1047,18594.49,10806.08,0,0,0.0000
1048,18062.21,10823.02,0,0,0.0000
1049,18172.62,10127.63,0,0,0.0000
1050,17894.62,10699.04,0,0,0.0000
1051,17816.89,10522.28,0,0,0.0000
1052,17847.64,10264.80,0,0,0.0000
1053,18573.59,10842.99,0,0,0.0000
1054,18219.42,10243.32,0,0,0.0000
1055,18201.44,10368.49,0,0,0.0000
1056,17793.15,10623.34,0,0,0.0000
1057,18259.59,10402.95,0,0,0.0000
1058,18022.65,10409.90,0,0,0.0000
1059,17907.58,10131.53,0,0,0.0000
1060,17893.53,10612.41,0,0,0.0000
1061,18113.79,10112.80,0,0,0.0000
1062,18256.75,10203.98,0,0,0.0000
1063,17944.59,10732.01,0,0,0.0000
1064,18147.84,10416.18,0,0,0.0000
1065,18014.66,10749.30,0,0,0.0000
1066,17953.81,10315.51,0,0,0.0000
1067,18282.57,10241.71,0,0,0.0000
1068,18265.04,10127.35,0,0,0.0000
1069,17977.03,10427.92,0,0,0.0000
1070,18154.21,10806.53,0,0,0.0000
1071,17851.68,10118.89,0,0,0.0000
1072,18292.81,10162.78,0,0,0.0000
1073,18272.47,10362.62,0,0,0.0000
1074,17849.77,10560.36,0,0,0.0000
1075,17924.33,10247.18,0,0,0.0000
1076,17995.82,10116.86,0,0,0.0000
1077,18166.64,10303.42,0,0,0.0000
1078,17968.97,10619.77,0,0,0.0000
1079,18273.24,10748.53,0,0,0.0000
1080,18335.97,10588.51,0,0,0.0000
1081,18266.79,10666.07,0,0,0.0000
1082,17999.52,10701.99,0,0,0.0000
1083,6023.73,11576.22,0,0,0.0000
1084,6104.35,11640.97,NaN,NaN,NaN
1085,6001.72,11442.94,0,0,0.0000
1086,5968.54,11320.57,0,0,0.0000
1087,6228.71,10954.19,0,0,0.0000
1088,6065.34,11505.93,0,0,0.0000
1089,6089.05,11324.32,0,0,0.0000
1090,6130.56,10980.30,0,0,0.0000
1091,5959.60,11028.02,NaN,NaN,NaN
1092,6086.31,11415.04,0,0,0.0000
1093,5881.46,11509.51,0,0,0.0000
1094,6154.11,11521.79,0,0,0.0000
1095,6253.10,11409.85,0,0,0.0000
1096,6206.80,11337.62,0,0,0.0000
1097,6206.07,11541.78,0,0,0.0000
1098,5888.11,11415.97,0,0,0.0000
1099,6134.92,11470.14,0,0,0.0000
1100,5806.40,11510.97,0,0,0.0000
1101,6026.75,11330.59,0,0,0.0000
1102,5699.75,11598.75,0,0,0.0000
1103,6174.10,11627.08,NaN,NaN,NaN
1104,5934.65,11534.99,0,0,0.0000
1105,5966.20,11126.46,0,0,0.0000
1106,5948.47,11442.56,0,0,0.0000
1107,5933.65,11080.28,0,0,0.0000
1108,5883.47,11570.26,0,0,0.0000
1109,5750.15,11587.13,0,0,0.0000
1110,6020.01,11634.71,0,0,0.0000
1111,5998.42,10987.89,0,0,0.0000
1112,5926.85,10965.83,0,0,0.0000
1113,6149.91,11354.99,0,0,0.0000
1114,5718.41,11580.16,0,0,0.0000
1115,5815.20,11547.49,0,0,0.0000
1116,6166.92,11432.54,0,0,0.0000
1117,6220.43,11623.84,NaN,NaN,NaN
1118,5781.09,11614.16,0,0,0.0000
1119,5796.56,11468.79,0,0,0.0000
1120,5832.51,11619.96,0,0,0.0000
1121,5966.08,10938.08,0,0,0.0000
1122,6111.81,11273.44,0,0,0.0000
1123,6056.92,11376.41,0,0,0.0000
1124,6236.31,11373.19,0,0,0.0000
1125,6345.43,11528.34,0,0,0.0000
1126,6481.33,11369.19,0,0,0.0000
1127,6588.18,11575.47,0,0,0.0000
1128,6477.22,11162.71,0,0,0.0000
1129,6545.80,11323.45,NaN,NaN,NaN
1130,6535.37,11422.83,NaN,NaN,NaN
1131,6472.88,11576.10,0,0,0.0000
1132,6360.69,11201.04,0,0,0.0000
1133,6442.46,11405.18,0,0,0.0000
1134,6631.44,11358.09,0,0,0.0000
1135,6389.79,11139.22,0,0,0.0000
1136,6603.70,11292.09,NaN,NaN,NaN
1137,6346.59,11453.33,0,0,0.0000
1138,6426.96,11094.49,0,0,0.0000
1139,6358.54,11327.53,0,0,0.0000
1140,6292.80,11368.00,0,0,0.0000
1141,6593.47,11518.71,NaN,NaN,NaN
1142,6643.32,11534.01,0,0,0.0000
1143,6291.96,11470.65,0,0,0.0000
1144,6614.09,11632.90,0,0,0.0000
1145,6387.58,11394.39,0,0,0.0000
1146,6683.02,11520.07,0,0,0.0000
1147,7611.25,11564.50,0,0,0.0000
1148,7502.43,11636.33,0,0,0.0000
1149,7549.98,11508.15,0,0,0.0000
1150,7510.10,11391.46,NaN,NaN,NaN
1151,7687.17,11477.58,0,0,0.0000
1152,7141.05,11035.62,0,0,0.0000
1153,7705.08,10959.98,0,0,0.0000
1154,7458.28,11534.78,0,0,0.0000
1155,7548.98,11455.28,0,0,0.0000
1156,7765.86,10897.28,0,0,0.0000
1157,7775.61,10971.33,0,0,0.0000
1158,7651.85,11601.54,0,0,0.0000
1159,7114.28,11451.70,0,0,0.0000
1160,7357.78,11312.95,0,0,0.0000
1161,7183.41,11063.68,0,0,0.0000
1162,7397.55,11265.10,0,0,0.0000
1163,7540.34,11558.82,0,0,0.0000
1164,7693.05,11419.43,0,0,0.0000
1165,7442.03,11629.36,0,0,0.0000
1166,7626.57,11057.67,0,0,0.0000
1167,7143.50,11153.62,0,0,0.0000
1168,7715.42,11395.36,0,0,0.0000
1169,7591.21,11389.89,0,0,0.0000
1170,7560.24,11624.40,0,0,0.0000
1171,7134.31,11489.95,0,0,0.0000
1172,7647.11,11423.24,0,0,0.0000
1173,7288.45,11349.90,0,0,0.0000
1174,7633.47,11375.84,0,0,0.0000
1175,7502.27,11569.80,0,0,0.0000
1176,7121.60,11104.58,0,0,0.0000
1177,7333.51,11268.56,0,0,0.0000
1178,7683.81,11540.86,0,0,0.0000
1179,7601.07,11425.29,0,0,0.0000
1180,7062.26,11334.58,0,0,0.0000
1181,7656.86,11081.88,0,0,0.0000
1182,7141.20,11124.33,0,0,0.0000
1183,7206.43,11003.75,0,0,0.0000
1184,7786.65,11539.73,0,0,0.0000
1185,7143.30,11184.37,0,0,0.0000
1186,7086.77,11366.09,0,0,0.0000
1187,8234.80,11646.94,0,0,0.0000
1188,7878.13,11024.46,0,0,0.0000
1189,8028.74,11187.62,0,0,0.0000
1190,8124.58,11516.80,0,0,0.0000
1191,8037.90,11275.34,0,0,0.0000
1192,7932.57,11184.60,0,0,0.0000
1193,8115.58,11248.38,0,0,0.0000
1194,8044.98,11612.59,0,0,0.0000
1195,7906.03,11330.75,0,0,0.0000
1196,8101.67,11625.26,0,0,0.0000
1197,7952.69,11246.16,0,0,0.0000
1198,8214.92,11202.90,0,0,0.0000
1199,8186.62,11421.23,0,0,0.0000
1200,8240.47,11273.99,0,0,0.0000
1201,8076.32,11134.87,0,0,0.0000
1202,8172.70,11183.43,0,0,0.0000
1203,7841.49,11482.33,0,0,0.0000
1204,8194.56,11283.54,0,0,0.0000
1205,7935.45,10970.11,0,0,0.0000
1206,7837.79,11529.92,0,0,0.0000
1207,8325.73,11634.50,0,0,0.0000
1208,8273.51,11221.53,0,0,0.0000
1209,8165.04,11320.20,0,0,0.0000
1210,8093.56,11577.92,0,0,0.0000
1211,7976.52,11561.75,NaN,NaN,NaN
1212,8230.47,11328.98,0,0,0.0000
1213,7939.28,11309.92,0,0,0.0000
1214,8008.97,11368.16,0,0,0.0000
1215,7979.88,11303.56,0,0,0.0000
1216,8228.80,11443.03,0,0,0.0000
1217,8182.43,11372.82,0,0,0.0000
1218,8054.45,11361.23,0,0,0.0000
1219,8307.90,11600.44,0,0,0.0000
1220,8025.36,11557.55,0,0,0.0000
1221,8068.29,11093.90,0,0,0.0000
1222,7950.01,11024.75,0,0,0.0000
1223,9132.23,11336.26,0,0,0.0000
1224,9085.84,11240.80,0,0,0.0000
1225,8951.19,11469.79,0,0,0.0000
1226,8891.38,11236.01,0,0,0.0000
1227,9083.16,11412.20,0,0,0.0000
1228,8907.51,11582.40,0,0,0.0000
1229,9156.45,11584.31,0,0,0.0000
1230,8902.79,11396.85,0,0,0.0000
1231,8985.06,11306.29,0,0,0.0000
1232,9148.75,11154.97,0,0,0.0000
1233,9012.21,11492.70,0,0,0.0000
1234,9279.90,11552.02,0,0,0.0000
1235,8840.69,11447.47,0,0,0.0000
1236,8977.86,11198.03,0,0,0.0000
1237,8808.81,11219.32,0,0,0.0000
1238,9332.48,11433.02,0,0,0.0000
1239,8747.00,11498.08,0,0,0.0000
1240,9055.17,11601.91,0,0,0.0000
1241,9072.72,11509.66,0,0,0.0000
1242,9248.24,11461.78,0,0,0.0000
1243,8659.98,11570.71,0,0,0.0000
1244,8616.37,11519.31,NaN,NaN,NaN
1245,9230.00,11333.18,0,0,0.0000
1246,9183.33,11247.79,0,0,0.0000
1247,8584.20,11540.63,NaN,NaN,NaN
1248,9262.57,11256.46,0,0,0.0000
1249,8779.62,11635.86,0,0,0.0000
1250,8682.85,11503.44,0,0,0.0000
1251,8831.38,11595.49,0,0,0.0000
1252,9088.55,11557.55,0,0,0.0000
1253,9003.64,11369.26,0,0,0.0000
1254,9222.31,11410.05,0,0,0.0000
1255,9176.93,11640.96,0,0,0.0000
1256,9176.55,11440.99,0,0,0.0000
1257,8730.70,11611.98,0,0,0.0000
1258,9309.65,11311.76,0,0,0.0000
1259,8875.16,11479.84,0,0,0.0000
1260,8938.03,11641.52,0,0,0.0000
1261,9282.43,11341.01,0,0,0.0000
1262,8586.76,11454.51,0,0,0.0000
1263,9283.78,11481.37,0,0,0.0000
1264,8780.32,11465.79,0,0,0.0000
1265,8629.67,11461.22,0,0,0.0000
1266,8695.33,11569.94,0,0,0.0000
1267,9314.16,11607.59,0,0,0.0000
1268,9263.75,11423.14,0,0,0.0000
1269,8802.50,11275.01,0,0,0.0000
1270,9303.04,11383.94,0,0,0.0000
1271,8780.31,11589.77,0,0,0.0000
1272,8825.30,11505.00,0,0,0.0000
1273,8784.85,11550.64,0,0,0.0000
1274,9378.70,11603.51,0,0,0.0000
1275,9473.21,11503.00,0,0,0.0000
1276,9431.90,11327.43,0,0,0.0000
1277,9501.45,11396.48,0,0,0.0000
1278,9504.15,11342.20,0,0,0.0000
1279,9389.25,11432.80,0,0,0.0000
1280,9556.78,11273.72,0,0,0.0000
1281,9363.68,11538.36,0,0,0.0000
1282,9611.52,11345.86,0,0,0.0000
1283,9580.91,11382.67,0,0,0.0000
1284,9498.89,11295.69,0,0,0.0000
1285,9604.08,11289.24,0,0,0.0000
1286,9354.29,11512.51,0,0,0.0000
1287,9643.15,11297.26,0,0,0.0000
1288,9547.37,11073.93,0,0,0.0000
1289,9749.96,11297.16,0,0,0.0000
1290,9638.78,11486.01,0,0,0.0000
1291,9574.28,11331.27,0,0,0.0000
1292,9766.60,11275.04,0,0,0.0000
1293,11327.16,11537.20,NaN,NaN,NaN
1294,11222.29,11587.15,0,0,0.0000
1295,11530.92,11619.42,0,0,0.0000
1296,11627.05,11506.25,0,0,0.0000
1297,11178.57,11593.62,2,2,0.0000
1298,11480.66,11556.80,NaN,NaN,NaN
1299,11469.57,11476.69,0,0,0.0000
1300,12415.48,11535.59,0,0,0.0000
1301,12294.49,11622.84,0,0,0.0000
1302,12081.21,11110.61,0,0,0.0000
1303,12350.74,11571.26,0,0,0.0000
1304,12172.98,11604.64,0,0,0.0000
1305,12211.78,11635.71,0,0,0.0000
1306,11892.35,11275.53,0,0,0.0000
1307,11949.92,11239.47,0,0,0.0000
1308,12290.22,11538.98,0,0,0.0000
1309,11969.47,11041.01,0,0,0.0000
1310,12039.87,11154.23,0,0,0.0000
1311,12251.75,11644.58,0,0,0.0000
1312,12027.20,11078.53,0,0,0.0000
1313,12158.94,11156.29,0,0,0.0000
1314,11965.13,11011.65,0,0,0.0000
1315,12435.49,11646.30,0,0,0.0000
1316,12568.44,11638.30,NaN,NaN,NaN
1317,16109.06,10966.77,0,0,0.0000
1318,16119.70,11116.25,0,0,0.0000
1319,15758.33,11176.93,0,0,0.0000
1320,15973.86,11097.48,0,0,0.0000
1321,16060.24,11018.40,0,0,0.0000
1322,16202.80,11382.47,0,0,0.0000
1323,15796.22,10937.44,0,0,0.0000
1324,15855.61,10959.17,0,0,0.0000
1325,15982.27,10980.84,0,0,0.0000
1326,16208.93,10948.06,0,0,0.0000
1327,16237.13,11052.74,0,0,0.0000
1328,15968.07,10925.75,0,0,0.0000
1329,15870.23,10913.13,0,0,0.0000
1330,15933.93,10947.85,0,0,0.0000
1331,15793.17,10887.00,0,0,0.0000
1332,15730.06,11247.35,0,0,0.0000
1333,15904.99,10929.97,0,0,0.0000
1334,15913.99,11040.02,0,0,0.0000
1335,15835.56,10880.19,0,0,0.0000
1336,16027.89,11111.50,0,0,0.0000
1337,16245.46,10904.72,0,0,0.0000
1338,16997.05,11419.56,0,0,0.0000
1339,16931.99,11158.48,0,0,0.0000
1340,16749.59,11277.32,0,0,0.0000
1341,16331.75,11017.90,0,0,0.0000
1342,16834.25,11614.52,0,0,0.0000
1343,16961.18,11007.94,0,0,0.0000
1344,16871.86,11498.12,0,0,0.0000
1345,16917.70,10936.54,0,0,0.0000
1346,16921.37,11366.87,0,0,0.0000
1347,16752.27,11187.37,0,0,0.0000
1348,16908.80,11302.71,0,0,0.0000
1349,16868.41,11015.57,0,0,0.0000
1350,16833.77,11161.87,0,0,0.0000
1351,16553.26,11124.69,0,0,0.0000
1352,16767.22,11388.31,0,0,0.0000
1353,16848.98,11301.53,0,0,0.0000
1354,16987.32,11067.67,0,0,0.0000
1355,16444.97,11174.66,0,0,0.0000
1356,16777.15,11484.55,0,0,0.0000
1357,16938.29,11548.37,0,0,0.0000
1358,16995.41,10942.36,0,0,0.0000
1359,16496.95,10976.04,0,0,0.0000
1360,16662.04,11025.37,0,0,0.0000
1361,16921.39,11228.45,0,0,0.0000
1362,16643.86,11105.02,0,0,0.0000
1363,16819.65,11460.94,0,0,0.0000
1364,16833.85,10962.21,0,0,0.0000
1365,16794.81,11528.14,0,0,0.0000
1366,16299.78,11064.78,0,0,0.0000
1367,16830.89,10906.83,0,0,0.0000
1368,16880.39,11086.00,0,0,0.0000
1369,16585.36,11050.83,0,0,0.0000
1370,16258.74,10977.63,0,0,0.0000
1371,16687.77,11221.49,0,0,0.0000
1372,16920.22,11473.78,0,0,0.0000
1373,16482.14,11077.16,0,0,0.0000
1374,16628.74,11310.74,0,0,0.0000
1375,16996.07,11599.89,0,0,0.0000
1376,16612.50,11521.78,0,0,0.0000
1377,16870.80,11220.10,0,0,0.0000
1378,16807.36,11223.23,0,0,0.0000
1379,16808.16,10988.03,0,0,0.0000
1380,16637.69,11420.46,0,0,0.0000
1381,16982.63,11268.96,0,0,0.0000
1382,16868.45,11382.58,0,0,0.0000
1383,16959.26,11591.04,0,0,0.0000
1384,16795.15,11145.58,0,0,0.0000
1385,16901.48,11623.56,0,0,0.0000
1386,16826.53,11371.31,0,0,0.0000
1387,16924.30,11645.11,0,0,0.0000
1388,16653.88,11161.52,0,0,0.0000
1389,16701.00,11079.93,0,0,0.0000
1390,17016.96,11304.39,0,0,0.0000
1391,16838.08,11108.63,0,0,0.0000
1392,17425.38,11617.38,0,0,0.0000
1393,17615.36,11552.54,0,0,0.0000
1394,17513.52,11561.27,NaN,NaN,NaN
1395,17709.96,11634.02,0,0,0.0000
1396,17212.75,11625.83,0,0,0.0000
1397,17045.92,10898.42,0,0,0.0000
1398,17086.40,11577.67,2,3,0.0000
1399,17131.45,11638.35,NaN,NaN,NaN
1400,17266.74,11464.41,0,0,0.0000
1401,17087.10,11241.94,0,0,0.0000
1402,17322.51,11341.56,0,0,0.0000
1403,17382.53,11376.65,0,0,0.0000
1404,17073.56,11012.49,0,0,0.0000
1405,17415.84,11552.45,0,0,0.0000
1406,17108.34,11128.10,0,0,0.0000
1407,17264.87,11395.45,NaN,NaN,NaN
1408,17589.36,11642.43,NaN,NaN,NaN
1409,17187.80,11530.30,0,0,0.0000
1410,17309.81,11240.52,0,0,0.0000
1411,17197.32,11414.80,0,0,0.0000
1412,17595.29,11487.67,0,0,0.0000
1413,17060.41,11457.27,0,0,0.0000
1414,17317.69,11472.78,0,0,0.0000
1415,17045.30,11286.38,0,0,0.0000
1416,17092.46,11366.72,0,0,0.0000
1417,17132.10,10965.71,0,0,0.0000
1418,17621.03,11472.98,0,0,0.0000
1419,17179.60,11072.19,0,0,0.0000
1420,17543.84,11497.25,0,0,0.0000
1421,17146.07,11221.27,0,0,0.0000
1422,17281.69,11176.34,0,0,0.0000
1423,17041.76,11166.56,0,0,0.0000
1424,17241.07,11088.49,0,0,0.0000
1425,17498.53,11469.50,0,0,0.0000
1426,17281.89,11122.17,0,0,0.0000
1427,17061.77,10954.75,0,0,0.0000
1428,17354.48,11532.01,2,1,0.0000
1429,17138.86,11507.21,0,0,0.0000
1430,17163.68,10999.58,0,0,0.0000
1431,17120.33,11283.28,0,0,0.0000
1432,18394.63,11049.66,0,0,0.0000
1433,18348.86,11483.22,0,0,0.0000
1434,18579.47,11534.06,0,0,0.0000
1435,17796.07,11618.32,0,0,0.0000
1436,18416.42,11541.61,0,0,0.0000
1437,18209.25,10968.28,0,0,0.0000
1438,18356.93,11274.39,0,0,0.0000
1439,18085.94,10894.93,0,0,0.0000
1440,18408.33,10967.08,0,0,0.0000
1441,18261.69,11160.15,0,0,0.0000
1442,18627.28,10902.60,0,0,0.0000
1443,18504.95,11572.47,0,0,0.0000
1444,18160.82,11040.64,0,0,0.0000
1445,18274.92,11421.98,0,0,0.0000
1446,18446.10,11405.85,0,0,0.0000
1447,18111.07,10970.37,0,0,0.0000
1448,18329.52,11135.33,0,0,0.0000
1449,18450.75,11607.00,0,0,0.0000
1450,18390.11,10883.16,0,0,0.0000
1451,18260.33,10907.82,0,0,0.0000
1452,18368.08,11370.96,0,0,0.0000
1453,18352.19,11082.80,0,0,0.0000
1454,18114.15,11078.95,0,0,0.0000
1455,18347.69,11400.69,0,0,0.0000
1456,18349.59,11592.44,0,0,0.0000
1457,18415.93,10912.61,0,0,0.0000
1458,18461.62,11107.87,0,0,0.0000
1459,18389.72,11310.44,0,0,0.0000
1460,18535.16,11622.88,0,0,0.0000
1461,18357.96,11539.16,0,0,0.0000
1462,18262.93,11025.14,0,0,0.0000
1463,6065.87,12138.62,0,0,0.0000
1464,6178.10,11990.49,0,0,0.0000
1465,6250.37,12079.27,0,0,0.0000
1466,5908.08,11922.36,0,0,0.0000
1467,6086.05,11883.67,0,0,0.0000
1468,5994.75,11903.62,0,0,0.0000
1469,6199.34,11909.25,0,0,0.0000
1470,6010.25,12033.98,0,0,0.0000
1471,6177.80,11837.56,0,0,0.0000
1472,5975.73,12069.89,0,0,0.0000
1473,6138.38,11911.55,0,0,0.0000
1474,6267.76,12201.54,0,0,0.0000
1475,6181.59,12090.07,0,0,0.0000
1476,6133.71,12063.16,0,0,0.0000
1477,6150.92,12133.82,0,0,0.0000
1478,5941.72,12025.94,0,0,0.0000
1479,6087.35,12030.93,0,0,0.0000
1480,5962.05,12110.12,0,0,0.0000
1481,6051.95,11940.09,0,0,0.0000
1482,5741.90,11685.49,0,0,0.0000
1483,5856.89,11658.05,0,0,0.0000
1484,6051.01,11822.69,0,0,0.0000
1485,5958.57,11879.47,0,0,0.0000
1486,6263.46,12022.37,0,0,0.0000
1487,6144.83,12182.88,0,0,0.0000
1488,6001.07,11951.08,0,0,0.0000
1489,5800.33,11706.85,0,0,0.0000
1490,5830.12,11694.87,0,0,0.0000
1491,5773.87,11702.01,0,0,0.0000
1492,5805.10,11955.58,0,0,0.0000
1493,6247.93,12159.87,0,0,0.0000
1494,6420.51,11982.34,0,0,0.0000
1495,6639.50,11996.59,NaN,NaN,NaN
1496,6576.17,11672.20,0,0,0.0000
1497,6489.57,11675.85,0,0,0.0000
1498,6584.00,12104.45,0,0,0.0000
1499,6565.50,11913.93,0,0,0.0000
1500,6658.07,11889.22,2,1,0.0000
1501,6546.76,12030.10,0,0,0.0000
1502,6670.71,11653.63,0,0,0.0000
1503,6343.61,12204.65,0,0,0.0000
1504,6702.42,11833.52,0,0,0.0000
1505,6445.96,11763.04,0,0,0.0000
1506,6448.65,12139.33,0,0,0.0000
1507,6463.18,12298.55,0,0,0.0000
1508,6520.91,11758.16,0,0,0.0000
1509,6662.40,11759.84,0,0,0.0000
1510,6354.16,11947.09,0,0,0.0000
1511,6769.44,12340.48,0,0,0.0000
1512,6645.74,12110.11,0,0,0.0000
1513,6629.06,11815.54,0,0,0.0000
1514,6313.57,12060.11,0,0,0.0000
1515,6424.65,12219.30,0,0,0.0000
1516,6560.36,11831.66,0,0,0.0000
1517,6479.03,11841.13,0,0,0.0000
1518,6743.57,11984.40,0,0,0.0000
1519,6443.24,11884.14,0,0,0.0000
1520,6298.84,11656.36,0,0,0.0000
1521,6330.50,12274.26,0,0,0.0000
1522,6551.25,12219.32,0,0,0.0000
1523,6292.68,11961.30,0,0,0.0000
1524,6702.17,11715.36,0,0,0.0000
1525,6490.56,11905.54,0,0,0.0000
1526,6594.52,11783.52,0,0,0.0000
1527,6351.00,12010.31,0,0,0.0000
1528,6483.96,12078.34,0,0,0.0000
1529,6284.48,11686.16,0,0,0.0000
1530,6391.89,11718.32,0,0,0.0000
1531,6685.16,11946.17,0,0,0.0000
1532,6390.96,12260.78,0,0,0.0000
1533,6334.78,11872.01,0,0,0.0000
1534,6370.16,11750.50,0,0,0.0000
1535,6301.10,12148.29,0,0,0.0000
1536,6722.60,11937.70,0,0,0.0000
1537,6377.95,12068.84,0,0,0.0000
1538,6309.44,11942.66,0,0,0.0000
1539,6523.29,12262.30,0,0,0.0000
1540,7640.72,11967.75,0,0,0.0000
1541,7691.56,12336.31,0,0,0.0000
1542,7772.65,11907.60,0,0,0.0000
1543,7520.34,12219.92,0,0,0.0000
1544,7640.46,12123.32,0,0,0.0000
1545,7759.77,11985.76,0,0,0.0000
1546,7575.40,12316.46,0,0,0.0000
1547,7765.88,12171.81,NaN,NaN,NaN
1548,7604.46,11837.53,0,0,0.0000
1549,7519.13,12371.75,0,0,0.0000
1550,7313.29,12186.98,0,0,0.0000
1551,7670.12,11842.22,0,0,0.0000
1552,7706.55,12116.54,NaN,NaN,NaN
1553,7571.60,11960.94,0,0,0.0000
1554,7356.05,12012.74,0,0,0.0000
1555,7749.63,12047.56,0,0,0.0000
1556,7435.78,12172.04,0,0,0.0000
1557,7779.61,12092.49,0,0,0.0000
1558,7452.76,11824.72,0,0,0.0000
1559,7499.34,12060.46,0,0,0.0000
1560,7613.16,12386.68,0,0,0.0000
1561,7546.67,11897.79,0,0,0.0000
1562,7313.08,12112.80,0,0,0.0000
1563,7400.11,11940.48,0,0,0.0000
1564,7749.71,12290.52,0,0,0.0000
1565,7495.23,11881.54,0,0,0.0000
1566,7386.88,12101.87,0,0,0.0000
1567,7688.62,12187.91,0,0,0.0000
1568,7430.69,12348.62,0,0,0.0000
1569,7340.35,12238.29,0,0,0.0000
1570,7566.98,12137.20,0,0,0.0000
1571,7425.53,12251.07,0,0,0.0000
1572,7535.64,11732.96,0,0,0.0000
1573,7572.14,12028.66,0,0,0.0000
1574,7450.27,11998.91,0,0,0.0000
1575,7497.76,11956.97,0,0,0.0000
1576,7424.56,11886.03,0,0,0.0000
1577,7616.38,12222.78,0,0,0.0000
1578,7212.54,12188.34,0,0,0.0000
1579,7582.15,11777.50,0,0,0.0000
1580,7453.31,11672.79,0,0,0.0000
1581,7546.23,11830.85,0,0,0.0000
1582,7516.11,11803.73,0,0,0.0000
1583,7378.17,12324.29,0,0,0.0000
1584,7252.43,12276.52,0,0,0.0000
1585,7493.30,11749.65,0,0,0.0000
1586,7468.22,12267.67,0,0,0.0000
1587,7233.69,12236.71,0,0,0.0000
1588,7269.19,12061.85,0,0,0.0000
1589,7459.34,12317.08,0,0,0.0000
1590,7455.17,11742.32,0,0,0.0000
1591,7263.12,12235.53,0,0,0.0000
1592,7484.95,12119.46,0,0,0.0000
1593,8382.29,12155.46,0,0,0.0000
1594,8136.76,11830.36,0,0,0.0000
1595,7825.25,12415.63,0,0,0.0000
1596,8068.27,11878.57,0,0,0.0000
1597,8375.23,12017.65,0,0,0.0000
1598,7913.71,11983.99,NaN,NaN,NaN
1599,8199.93,11849.73,0,0,0.0000
1600,8512.52,12074.12,0,0,0.0000
1601,8429.89,12057.43,0,0,0.0000
1602,8004.25,11824.47,0,0,0.0000
1603,7871.12,11863.54,0,0,0.0000
1604,8493.66,12187.43,0,0,0.0000
1605,7892.72,11917.26,0,0,0.0000
1606,8292.74,12103.62,0,0,0.0000
1607,8217.22,11702.33,0,0,0.0000
1608,8112.99,11732.21,0,0,0.0000
1609,8351.57,12117.23,0,0,0.0000
1610,8253.36,11794.37,0,0,0.0000
1611,7848.83,12079.95,0,0,0.0000
1612,8295.39,11990.33,0,0,0.0000
1613,8023.79,11764.94,0,0,0.0000
1614,8326.82,11688.84,0,0,0.0000
1615,8547.21,11988.16,0,0,0.0000
1616,7931.75,11776.49,0,0,0.0000
1617,7920.13,12035.39,0,0,0.0000
1618,8484.50,12017.28,0,0,0.0000
1619,7952.53,11811.60,0,0,0.0000
1620,7976.22,11727.02,0,0,0.0000
1621,8389.73,11972.79,0,0,0.0000
1622,7921.25,11940.02,0,0,0.0000
1623,7967.82,11880.97,0,0,0.0000
1624,7872.08,12045.61,0,0,0.0000
1625,7834.23,12019.66,0,0,0.0000
1626,7869.39,11814.47,0,0,0.0000
1627,7991.25,11997.33,0,0,0.0000
1628,7907.76,12101.24,0,0,0.0000
1629,8322.63,12062.16,0,0,0.0000
1630,8067.58,11799.17,0,0,0.0000
1631,8301.63,11758.68,0,0,0.0000
1632,8240.07,11745.78,0,0,0.0000
1633,7860.91,11970.01,0,0,0.0000
1634,9041.88,11699.20,0,0,0.0000
1635,8961.81,12020.48,0,0,0.0000
1636,8730.64,11950.44,0,0,0.0000
1637,8693.60,12066.60,0,0,0.0000
1638,8595.78,12014.38,0,0,0.0000
1639,9163.27,11901.08,0,0,0.0000
1640,8673.86,12130.55,0,0,0.0000
1641,8773.33,11836.41,0,0,0.0000
1642,8909.56,12144.43,0,0,0.0000
1643,8809.62,11866.35,0,0,0.0000
1644,8669.43,11821.64,0,0,0.0000
1645,8820.31,12030.04,0,0,0.0000
1646,8662.11,12014.02,0,0,0.0000
1647,8839.07,11955.30,0,0,0.0000
1648,8910.73,12066.55,0,0,0.0000
1649,8587.43,11880.53,0,0,0.0000
1650,9082.62,12002.97,0,0,0.0000
1651,8797.62,12112.57,0,0,0.0000
1652,8867.91,11909.37,0,0,0.0000
1653,8930.90,11696.92,0,0,0.0000
1654,9283.98,11656.44,0,0,0.0000
1655,8736.65,11880.92,0,0,0.0000
1656,9032.61,12070.18,0,0,0.0000
1657,8726.35,11823.27,0,0,0.0000
1658,8884.42,11688.13,0,0,0.0000
1659,8688.64,11905.72,0,0,0.0000
1660,8761.32,12151.49,0,0,0.0000
1661,9014.95,12127.84,0,0,0.0000
1662,9207.78,11941.06,0,0,0.0000
1663,8873.90,11649.94,0,0,0.0000
1664,9337.36,11692.12,0,0,0.0000
1665,8833.90,12097.36,0,0,0.0000
1666,9074.96,12092.85,0,0,0.0000
1667,9135.62,11667.65,0,0,0.0000
1668,9184.66,11971.84,0,0,0.0000
1669,8716.23,11793.43,0,0,0.0000
1670,8807.44,11984.72,0,0,0.0000
1671,8865.23,12079.82,0,0,0.0000
1672,8581.72,11923.22,0,0,0.0000
1673,8653.89,11878.70,0,0,0.0000
1674,9200.11,11839.25,0,0,0.0000
1675,9138.10,11755.80,0,0,0.0000
1676,9251.21,11695.35,0,0,0.0000
1677,8824.88,11895.65,0,0,0.0000
1678,8614.01,11829.78,0,0,0.0000
1679,8820.33,12151.96,0,0,0.0000
1680,9238.65,11831.71,0,0,0.0000
1681,8723.07,12198.44,0,0,0.0000
1682,9159.79,12003.74,0,0,0.0000
1683,9047.89,11924.33,0,0,0.0000
1684,8767.00,12046.85,0,0,0.0000
1685,9203.87,11685.56,0,0,0.0000
1686,8695.82,11874.48,0,0,0.0000
1687,10850.36,12064.97,NaN,NaN,NaN
1688,10574.55,12089.97,0,0,0.0000
1689,10486.10,12408.30,0,0,0.0000
1690,10775.90,12391.18,0,0,0.0000
1691,10666.20,11961.48,0,0,0.0000
1692,10760.61,12140.91,0,0,0.0000
1693,10784.63,12004.91,0,0,0.0000
1694,10734.18,11980.32,0,0,0.0000
1695,10707.22,12287.19,0,0,0.0000
1696,10833.57,11935.15,0,0,0.0000
1697,10635.84,12167.12,0,0,0.0000
1698,10488.02,12218.99,0,0,0.0000
1699,10325.72,12307.29,0,0,0.0000
1700,10448.39,12194.75,0,0,0.0000
1701,10645.19,12099.36,0,0,0.0000
1702,10799.29,12315.05,0,0,0.0000
1703,10821.82,12172.33,2,3,0.0000
1704,10741.75,12406.59,0,0,0.0000
1705,10529.43,12323.05,0,0,0.0000
1706,10870.28,11870.05,0,0,0.0000
1707,10855.92,12187.10,NaN,NaN,NaN
1708,10729.90,12098.04,0,0,0.0000
1709,10759.00,12290.91,0,0,0.0000
1710,10581.95,12308.06,0,0,0.0000
1711,10743.85,12205.07,0,0,0.0000
1712,10288.30,12413.31,0,0,0.0000
1713,10591.99,12147.42,0,0,0.0000
1714,10599.12,12283.82,0,0,0.0000
1715,10549.45,12290.91,0,0,0.0000
1716,10609.55,11997.66,0,0,0.0000
1717,10524.02,12059.79,0,0,0.0000
1718,10702.78,12097.37,0,0,0.0000
1719,11572.33,12363.42,0,0,0.0000
1720,11000.72,12354.81,NaN,NaN,NaN
1721,11550.11,11856.64,0,0,0.0000
1722,11411.86,12228.68,0,0,0.0000
1723,11384.48,11878.69,0,0,0.0000
1724,10947.21,12112.05,0,0,0.0000
1725,11619.62,12071.04,0,0,0.0000
1726,11236.29,11735.61,0,0,0.0000
1727,11395.57,11998.37,NaN,NaN,NaN
1728,11317.69,11833.70,0,0,0.0000
1729,11455.12,12038.49,0,0,0.0000
1730,11635.16,11708.45,0,0,0.0000
1731,11147.76,12388.71,0,0,0.0000
1732,11326.68,12012.24,0,0,0.0000
1733,11111.58,11654.41,0,0,0.0000
1734,11334.40,12089.93,NaN,NaN,NaN
1735,11431.64,11726.63,0,0,0.0000
1736,10956.44,11955.27,NaN,NaN,NaN
1737,11568.71,11659.04,0,0,0.0000
1738,11548.28,11944.27,0,0,0.0000
1739,10889.92,12220.66,NaN,NaN,NaN
1740,11294.31,11761.32,NaN,NaN,NaN
1741,11528.77,12236.65,0,0,0.0000
1742,11396.77,11791.34,0,0,0.0000
1743,10956.09,12022.09,NaN,NaN,NaN
1744,11421.69,12334.54,0,0,0.0000
1745,11297.69,12102.24,0,0,0.0000
1746,11254.41,11812.43,0,0,0.0000
1747,11331.29,12280.91,0,0,0.0000
1748,11381.71,12160.19,0,0,0.0000
1749,11495.80,11984.38,0,0,0.0000
1750,11496.51,11912.78,0,0,0.0000
1751,11585.16,11784.40,0,0,0.0000
1752,11465.91,11803.17,0,0,0.0000
1753,11241.98,11651.37,0,0,0.0000
1754,11193.72,11725.54,0,0,0.0000
1755,10968.11,11892.89,NaN,NaN,NaN
1756,11162.14,11700.85,2,3,0.0000
1757,11450.27,11886.12,0,0,0.0000
1758,11080.14,12291.72,0,0,0.0000
1759,11606.17,11953.23,0,0,0.0000
1760,11285.56,11981.21,0,0,0.0000
1761,11299.61,11897.61,0,0,0.0000
1762,11019.10,11922.12,0,0,0.0000
1763,11528.93,11768.94,0,0,0.0000
1764,11227.62,11970.58,NaN,NaN,NaN
1765,11356.91,12343.29,0,0,0.0000
1766,10905.67,11906.46,0,0,0.0000
1767,10913.65,11862.62,0,0,0.0000
1768,11023.15,11979.31,0,0,0.0000
1769,11325.77,12193.03,0,0,0.0000
1770,10884.09,11954.99,0,0,0.0000
1771,11471.13,12266.15,0,0,0.0000
1772,11199.76,11821.70,0,0,0.0000
1773,10884.55,12144.76,0,0,0.0000
1774,10889.69,11996.30,NaN,NaN,NaN
1775,11630.08,11795.71,0,0,0.0000
1776,11604.44,12181.87,0,0,0.0000
1777,11575.68,12162.43,0,0,0.0000
1778,10965.75,12253.16,0,0,0.0000
1779,11262.73,11935.23,0,0,0.0000
1780,11521.84,12178.18,0,0,0.0000
1781,11630.55,11870.26,0,0,0.0000
1782,11503.95,12048.18,0,0,0.0000
1783,11143.36,12319.81,0,0,0.0000
1784,12196.85,11955.00,NaN,NaN,NaN
1785,12385.12,12149.66,0,0,0.0000
1786,12361.86,11672.11,0,0,0.0000
1787,12377.93,11902.46,NaN,NaN,NaN
1788,11764.20,12167.87,0,0,0.0000
1789,12317.88,11848.91,0,0,0.0000
1790,12251.65,12105.42,0,0,0.0000
1791,12338.77,12212.83,0,0,0.0000
1792,12240.09,12365.49,NaN,NaN,NaN
1793,12145.44,11790.88,0,0,0.0000
1794,12150.40,11657.11,0,0,0.0000
1795,12215.30,11708.73,0,0,0.0000
1796,12328.15,11975.54,0,0,0.0000
1797,12239.99,12283.11,0,0,0.0000
1798,12186.24,11841.95,0,0,0.0000
1799,12365.27,12279.18,0,0,0.0000
1800,12135.03,12125.18,0,0,0.0000
1801,11680.90,12152.58,0,0,0.0000
1802,12053.19,12222.57,0,0,0.0000
1803,11684.16,11865.31,0,0,0.0000
1804,12118.82,12269.47,0,0,0.0000
1805,11767.61,11811.15,0,0,0.0000
1806,12149.43,11863.76,0,0,0.0000
1807,12175.48,12211.18,0,0,0.0000
1808,12200.43,12044.04,0,0,0.0000
1809,12305.57,12316.89,0,0,0.0000
1810,12233.30,12232.49,0,0,0.0000
1811,12295.04,12234.64,0,0,0.0000
1812,12078.29,11962.41,NaN,NaN,NaN
1813,12078.21,12087.90,0,0,0.0000
1814,11675.97,11992.38,0,0,0.0000
1815,12227.20,12151.38,0,0,0.0000
1816,12125.82,12400.53,0,0,0.0000
1817,12322.28,12071.58,0,0,0.0000
1818,12068.35,11653.38,0,0,0.0000
1819,11691.38,12054.97,0,0,0.0000
1820,12268.33,11797.06,0,0,0.0000
1821,11756.62,12097.87,0,0,0.0000
1822,12053.34,12024.50,0,0,0.0000
1823,11673.36,11944.91,0,0,0.0000
1824,12318.23,11783.30,0,0,0.0000
1825,12182.10,12341.90,0,0,0.0000
1826,12030.78,11962.76,2,4,2.0000
1827,11702.11,11770.05,0,0,0.0000
1828,12147.03,11732.06,0,0,0.0000
1829,12135.32,11916.22,NaN,NaN,NaN
1830,12000.60,12020.47,0,0,0.0000
1831,12118.24,12323.14,0,0,0.0000
1832,11976.87,12352.47,0,0,0.0000
1833,11973.04,12391.46,0,0,0.0000
1834,12443.06,11988.99,0,0,0.0000
1835,12579.66,12155.42,0,0,0.0000
1836,12620.00,11906.05,0,0,0.0000
1837,12617.58,11786.31,0,0,0.0000
1838,12452.97,12143.61,0,0,0.0000
1839,12757.42,11846.81,0,0,0.0000
1840,12623.73,11739.08,0,0,0.0000
1841,12560.54,11692.83,0,0,0.0000
1842,12607.09,11970.37,0,0,0.0000
1843,12513.38,11782.40,0,0,0.0000
1844,12713.23,11807.04,0,0,0.0000
1845,12679.83,11873.10,0,0,0.0000
1846,12676.37,12069.09,0,0,0.0000
1847,12613.01,11687.39,NaN,NaN,NaN
1848,12524.44,12043.44,0,0,0.0000
1849,12495.36,11713.66,0,0,0.0000
1850,12574.33,11844.21,0,0,0.0000
1851,12507.13,11663.35,0,0,0.0000
1852,12520.46,11860.12,0,0,0.0000
1853,12806.19,11885.76,0,0,0.0000
1854,12962.17,12390.70,0,0,0.0000
1855,12450.63,11848.29,2,3,0.0000
1856,12707.16,11933.51,0,0,0.0000
1857,12447.94,11743.59,0,0,0.0000
1858,16217.04,12095.57,NaN,NaN,NaN
1859,16047.79,12065.09,0,0,0.0000
1860,16056.38,12156.58,0,0,0.0000
1861,15858.13,12272.59,0,0,0.0000
1862,16170.12,12361.52,0,0,0.0000
1863,16158.15,12266.01,0,0,0.0000
1864,15818.53,12339.21,0,0,0.0000
1865,16101.69,11983.45,0,0,0.0000
1866,16169.65,12023.08,0,0,0.0000
1867,15824.96,12195.09,0,0,0.0000
1868,15899.29,12163.15,0,0,0.0000
1869,16240.96,11918.66,0,0,0.0000
1870,15886.94,12228.13,0,0,0.0000
1871,16176.62,11961.73,0,0,0.0000
1872,15737.59,12147.63,0,0,0.0000
1873,16085.84,12235.18,0,0,0.0000
1874,16036.65,12219.12,0,0,0.0000
1875,15682.01,12263.69,0,0,0.0000
1876,15757.15,12095.03,0,0,0.0000
1877,16194.70,11928.85,0,0,0.0000
1878,15874.86,12111.28,0,0,0.0000
1879,16136.99,12171.50,0,0,0.0000
1880,15676.47,12214.95,0,0,0.0000
1881,16319.18,12263.47,0,0,0.0000
1882,16963.48,11728.28,0,0,0.0000
1883,16904.84,12094.41,0,0,0.0000
1884,16372.91,12116.79,NaN,NaN,NaN
1885,16543.36,11870.93,0,0,0.0000
1886,16375.48,11958.97,0,0,0.0000
1887,16957.95,12012.36,0,0,0.0000
1888,16673.61,11811.67,0,0,0.0000
1889,16275.06,12147.88,NaN,NaN,NaN
1890,16437.88,11989.74,0,0,0.0000
1891,16683.19,11939.12,NaN,NaN,NaN
1892,16534.63,12161.36,0,0,0.0000
1893,16282.51,11932.27,0,0,0.0000
1894,16619.43,12173.02,0,0,0.0000
1895,16437.60,12248.28,0,0,0.0000
1896,16374.88,12365.07,NaN,NaN,NaN
1897,16556.81,12226.34,0,0,0.0000
1898,16869.36,11926.89,0,0,0.0000
1899,16493.70,12005.08,0,0,0.0000
1900,16297.57,12062.81,0,0,0.0000
1901,16607.70,11979.71,0,0,0.0000
1902,16962.96,11835.16,0,0,0.0000
1903,16610.49,12108.72,0,0,0.0000
1904,16404.49,12049.82,0,0,0.0000
1905,16260.67,12388.22,0,0,0.0000
1906,16767.01,11973.19,0,0,0.0000
1907,16877.63,11831.34,0,0,0.0000
1908,16527.17,11784.63,0,0,0.0000
1909,16460.36,12144.93,0,0,0.0000
1910,16450.10,12365.90,0,0,0.0000
1911,16658.39,12060.29,0,0,0.0000
1912,16882.99,11969.40,0,0,0.0000
1913,16872.32,11765.96,0,0,0.0000
1914,16602.85,11812.22,0,0,0.0000
1915,16895.89,11670.04,0,0,0.0000
1916,16740.22,11850.79,0,0,0.0000
1917,16539.16,11939.75,0,0,0.0000
1918,16823.65,11996.65,0,0,0.0000
1919,16702.20,12194.32,0,0,0.0000
1920,16715.09,11758.56,0,0,0.0000
1921,16867.46,12011.13,0,0,0.0000
1922,16580.61,11754.90,0,0,0.0000
1923,16879.85,11719.98,0,0,0.0000
1924,16425.97,12311.08,0,0,0.0000
1925,16635.51,11907.51,0,0,0.0000
1926,17021.78,12171.68,0,0,0.0000
1927,16921.80,11925.38,0,0,0.0000
1928,16777.77,11805.71,0,0,0.0000
1929,16478.26,11915.87,0,0,0.0000
1930,16288.14,11990.34,0,0,0.0000
1931,16768.86,11780.59,0,0,0.0000
1932,16490.14,11772.39,0,0,0.0000
1933,16503.17,11745.61,0,0,0.0000
1934,17443.92,11848.96,0,0,0.0000
1935,17261.23,11835.58,0,0,0.0000
1936,17576.24,12076.85,0,0,0.0000
1937,17512.51,12352.94,0,0,0.0000
1938,17698.83,12132.81,0,0,0.0000
1939,17721.01,12240.37,0,0,0.0000
1940,17578.37,11763.40,0,0,0.0000
1941,17445.24,11711.09,0,0,0.0000
1942,17762.36,11771.15,0,0,0.0000
1943,17767.81,12025.15,0,0,0.0000
1944,17475.75,12058.19,0,0,0.0000
1945,17642.79,11854.36,0,0,0.0000
1946,17647.01,11748.72,0,0,0.0000
1947,17155.55,11816.30,0,0,0.0000
1948,17322.03,12379.03,0,0,0.0000
1949,17580.09,11920.15,0,0,0.0000
1950,17316.73,12161.55,0,0,0.0000
1951,17244.82,12125.61,0,0,0.0000
1952,17698.02,12318.31,0,0,0.0000
1953,17048.71,11915.50,0,0,0.0000
1954,17341.00,11835.46,0,0,0.0000
1955,17162.50,12165.08,0,0,0.0000
1956,17033.94,11816.13,0,0,0.0000
1957,17169.51,11936.74,0,0,0.0000
1958,17051.54,11670.47,0,0,0.0000
1959,17115.61,12031.32,0,0,0.0000
1960,17526.10,11813.15,0,0,0.0000
1961,17249.55,12340.51,0,0,0.0000
1962,17385.50,12342.65,0,0,0.0000
1963,17418.00,12129.25,0,0,0.0000
1964,17083.20,12103.66,0,0,0.0000
1965,17366.72,11688.72,0,0,0.0000
1966,17577.23,12250.17,0,0,0.0000
1967,17121.46,11862.78,0,0,0.0000
1968,17076.39,11750.65,0,0,0.0000
1969,17607.74,12339.66,0,0,0.0000
1970,17331.19,11928.16,0,0,0.0000
1971,17650.65,12181.37,0,0,0.0000
1972,17752.83,12098.11,0,0,0.0000
1973,17640.21,12277.49,0,0,0.0000
1974,17688.04,12004.93,0,0,0.0000
1975,17590.04,11824.51,0,0,0.0000
1976,17284.20,12060.42,0,0,0.0000
1977,17559.30,12178.82,0,0,0.0000
1978,17311.53,12256.18,0,0,0.0000
1979,17713.79,11821.48,0,0,0.0000
1980,17208.06,11994.58,0,0,0.0000
1981,17200.45,12341.29,0,0,0.0000
1982,17518.15,12106.33,0,0,0.0000
1983,17782.07,12361.73,0,0,0.0000
1984,17715.69,12415.18,0,0,0.0000
1985,17786.84,12299.41,0,0,0.0000
1986,17112.61,12177.74,0,0,0.0000
1987,17689.63,11903.53,0,0,0.0000
1988,17530.59,12211.78,0,0,0.0000
1989,17039.96,12216.22,0,0,0.0000
1990,17072.59,12176.68,0,0,0.0000
1991,17055.15,12057.16,0,0,0.0000
1992,17194.00,12232.22,0,0,0.0000
1993,17243.10,12209.52,0,0,0.0000
1994,17429.10,12074.51,0,0,0.0000
1995,17781.93,12234.98,0,0,0.0000
1996,17388.77,12167.23,0,0,0.0000
1997,17091.18,12235.33,0,0,0.0000
1998,17738.55,12387.70,0,0,0.0000
1999,17190.57,12111.58,0,0,0.0000
2000,17478.78,12268.85,0,0,0.0000
2001,17155.74,12250.20,0,0,0.0000
2002,17603.60,12162.21,0,0,0.0000
2003,17252.51,12284.02,0,0,0.0000
2004,17595.62,11988.98,0,0,0.0000
2005,17954.87,12192.96,0,0,0.0000
2006,18093.63,11881.75,0,0,0.0000
2007,17821.92,11689.56,0,0,0.0000
2008,17796.53,11924.26,0,0,0.0000
2009,17987.89,12356.94,0,0,0.0000
2010,17848.46,12258.36,0,0,0.0000
2011,18019.06,12013.53,0,0,0.0000
2012,17853.85,12341.88,0,0,0.0000
2013,18592.61,12386.41,0,0,0.0000
2014,17933.69,11977.40,0,0,0.0000
2015,18296.59,12328.99,0,0,0.0000
2016,18080.75,12113.54,0,0,0.0000
2017,17941.04,11817.39,0,0,0.0000
2018,18138.89,12246.38,0,0,0.0000
2019,17840.46,12090.32,0,0,0.0000
2020,17802.05,12170.75,0,0,0.0000
2021,18462.22,11769.81,NaN,NaN,NaN
2022,17840.25,11790.03,0,0,0.0000
2023,18335.80,12110.66,0,0,0.0000
2024,18564.02,11961.60,0,0,0.0000
2025,17951.42,11754.73,0,0,0.0000
2026,17941.40,12042.49,0,0,0.0000
2027,18399.97,11806.10,0,0,0.0000
2028,17913.63,11873.64,0,0,0.0000
2029,18206.32,12344.81,0,0,0.0000
2030,18495.05,12185.58,0,0,0.0000
2031,18594.32,12156.58,0,0,0.0000
2032,18051.42,11769.50,0,0,0.0000
2033,18403.51,12333.45,0,0,0.0000
2034,18540.16,12325.88,0,0,0.0000
2035,18158.30,12396.35,0,0,0.0000
2036,17889.70,11923.52,0,0,0.0000
2037,18451.79,12286.62,0,0,0.0000
2038,18649.72,12159.41,0,0,0.0000
2039,17849.29,11998.76,0,0,0.0000
2040,18408.21,12161.84,0,0,0.0000
2041,18648.60,12232.91,0,0,0.0000
2042,18595.20,11846.75,0,0,0.0000
2043,18138.14,12048.54,0,0,0.0000
2044,18428.67,12075.90,0,0,0.0000
2045,18349.39,11729.54,0,0,0.0000
2046,18385.07,12048.84,0,0,0.0000
2047,18084.64,12405.22,0,0,0.0000
2048,18203.70,11902.96,0,0,0.0000
2049,18484.18,11841.02,0,0,0.0000
2050,18526.27,11993.42,0,0,0.0000
2051,18189.04,12228.91,0,0,0.0000
2052,18484.93,12062.53,0,0,0.0000
2053,18500.44,11898.96,0,0,0.0000
2054,18621.10,11749.44,0,0,0.0000
2055,18116.39,11805.84,0,0,0.0000
2056,18078.16,11977.97,0,0,0.0000
2057,18515.98,12133.07,0,0,0.0000
2058,18340.84,11648.48,0,0,0.0000
2059,18579.00,11893.81,0,0,0.0000
2060,18428.13,12235.15,0,0,0.0000
2061,18507.08,11700.83,0,0,0.0000
2062,18077.05,12196.07,0,0,0.0000
2063,18211.50,12087.69,0,0,0.0000
2064,18184.10,12172.49,0,0,0.0000
2065,18537.13,12286.29,0,0,0.0000
2066,18298.44,12255.78,0,0,0.0000
2067,18387.46,12411.35,0,0,0.0000
2068,18473.89,12380.25,0,0,0.0000
2069,18462.15,11700.71,0,0,0.0000
2070,18615.21,11793.98,0,0,0.0000
2071,18570.83,12251.27,0,0,0.0000
2072,18662.86,12271.25,0,0,0.0000
2073,18268.41,12109.59,0,0,0.0000
2074,18148.33,12330.21,0,0,0.0000
2075,18322.80,12009.19,0,0,0.0000
2076,18236.43,12151.02,0,0,0.0000
2077,18656.81,11984.26,0,0,0.0000
2078,18414.69,11668.35,0,0,0.0000
2079,18549.59,12131.53,0,0,0.0000
2080,18612.89,12055.30,0,0,0.0000
2081,17792.70,11842.87,0,0,0.0000
2082,18616.65,11970.89,0,0,0.0000
2083,18535.18,11796.11,0,0,0.0000
2084,18456.73,11650.15,0,0,0.0000
2085,18309.01,12055.51,0,0,0.0000
2086,18543.90,11738.15,0,0,0.0000
2087,5464.93,12863.25,0,0,0.0000
2088,5403.10,12946.38,0,0,0.0000
2089,5415.15,12878.95,0,0,0.0000
2090,5472.61,12910.47,NaN,NaN,NaN
2091,5361.95,12973.63,0,0,0.0000
2092,5808.18,12635.74,0,0,0.0000
2093,5669.54,12914.60,0,0,0.0000
2094,5919.82,12915.23,0,0,0.0000
2095,5726.43,12986.95,0,0,0.0000
2096,5621.63,12967.36,0,0,0.0000
2097,6172.39,12979.39,0,0,0.0000
2098,5827.67,12538.84,0,0,0.0000
2099,6073.46,13036.84,0,0,0.0000
2100,5926.96,12629.07,0,0,0.0000
2101,6266.22,13077.37,0,0,0.0000
2102,5996.55,13017.77,0,0,0.0000
2103,5909.16,13022.01,0,0,0.0000
2104,5993.85,13080.43,0,0,0.0000
2105,6153.83,13046.61,0,0,0.0000
2106,5866.59,12879.61,0,0,0.0000
2107,5696.92,12549.56,0,0,0.0000
2108,6238.98,12971.32,0,0,0.0000
2109,6055.10,13085.26,0,0,0.0000
2110,5997.64,12617.18,0,0,0.0000
2111,6203.48,12726.56,0,0,0.0000
2112,5726.54,12896.04,0,0,0.0000
2113,6122.97,13084.37,0,0,0.0000
2114,5831.47,12949.30,0,0,0.0000
2115,6242.46,12668.43,0,0,0.0000
2116,5758.37,12528.49,0,0,0.0000
2117,6019.78,12918.90,0,0,0.0000
2118,5567.36,12905.02,0,0,0.0000
2119,6053.43,12573.33,0,0,0.0000
2120,6137.37,13119.01,0,0,0.0000
2121,5949.44,12570.99,0,0,0.0000
2122,5890.27,12691.34,0,0,0.0000
2123,6101.45,12919.45,0,0,0.0000
2124,5549.61,12855.20,0,0,0.0000
2125,6263.56,12744.27,0,0,0.0000
2126,6059.21,12994.17,0,0,0.0000
2127,6137.11,12590.39,0,0,0.0000
2128,5689.43,12611.40,0,0,0.0000
2129,6249.19,13133.57,0,0,0.0000
2130,5670.69,12866.20,0,0,0.0000
2131,5674.55,12965.79,0,0,0.0000
2132,5896.57,12589.47,0,0,0.0000
2133,6043.20,12639.23,0,0,0.0000
2134,5770.15,12589.39,0,0,0.0000
2135,6140.03,12742.79,0,0,0.0000
2136,6025.68,12996.38,0,0,0.0000
2137,5622.88,12627.43,0,0,0.0000
2138,5885.69,12655.37,0,0,0.0000
2139,6183.53,12755.99,0,0,0.0000
2140,6080.06,12718.55,0,0,0.0000
2141,6442.02,13132.96,0,0,0.0000
2142,6333.71,13156.68,0,0,0.0000
2143,6757.36,12614.34,0,0,0.0000
2144,6869.47,12444.97,0,0,0.0000
2145,6400.88,13073.20,0,0,0.0000
2146,6308.02,12686.72,0,0,0.0000
2147,6995.41,12549.30,0,0,0.0000
2148,6363.94,12702.84,0,0,0.0000
2149,6391.10,12738.45,0,0,0.0000
2150,6884.81,12697.48,0,0,0.0000
2151,6291.05,13005.19,0,0,0.0000
2152,6718.14,12645.79,0,0,0.0000
2153,6321.89,12747.79,0,0,0.0000
2154,6527.80,13128.94,0,0,0.0000
2155,6820.88,13141.81,0,0,0.0000
2156,6365.96,13016.94,0,0,0.0000
2157,6858.19,12562.69,0,0,0.0000
2158,6925.81,12574.75,0,0,0.0000
2159,6623.00,13118.65,0,0,0.0000
2160,6305.00,12963.41,0,0,0.0000
2161,6762.58,12430.35,0,0,0.0000
2162,6889.31,12561.85,0,0,0.0000
2163,6339.58,13075.21,0,0,0.0000
2164,7307.26,12615.67,0,0,0.0000
2165,7318.46,12494.74,0,0,0.0000
2166,7450.67,12537.52,0,0,0.0000
2167,7482.18,12449.43,0,0,0.0000
2168,7101.57,12622.15,0,0,0.0000
2169,7280.75,12428.62,0,0,0.0000
2170,7183.66,12616.95,0,0,0.0000
2171,7628.29,12464.92,0,0,0.0000
2172,7755.47,12473.69,0,0,0.0000
2173,7197.47,12692.62,0,0,0.0000
2174,7262.57,12515.92,0,0,0.0000
2175,7048.10,12532.37,0,0,0.0000
2176,7800.19,12479.39,0,0,0.0000
2177,7580.96,12494.79,0,0,0.0000
2178,7045.46,12439.75,0,0,0.0000
2179,7248.96,12562.47,0,0,0.0000
2180,7715.75,12424.43,0,0,0.0000
2181,7599.10,12440.61,0,0,0.0000
2182,7660.96,12426.07,0,0,0.0000
2183,7221.18,12637.43,0,0,0.0000
2184,9886.93,13156.17,NaN,NaN,NaN
2185,9943.86,12679.87,0,0,0.0000
2186,10016.24,12628.56,0,0,0.0000
2187,10042.12,12994.63,0,0,0.0000
2188,9830.26,12657.91,0,0,0.0000
2189,9932.98,12756.22,0,0,0.0000
2190,10109.77,13087.56,3,2,0.0000
2191,9893.71,12714.86,0,0,0.0000
2192,9830.05,12722.38,0,0,0.0000
2193,10080.72,13156.89,NaN,NaN,NaN
2194,10100.91,12594.94,0,0,0.0000
2195,9742.90,12731.45,NaN,NaN,NaN
2196,9764.36,12787.78,0,0,0.0000
2197,9951.78,13080.38,4,5,0.0000
2198,9980.38,12885.12,0,0,0.0000
2199,10080.91,12571.05,0,0,0.0000
2200,9997.06,12921.45,0,0,0.0000
2201,9783.53,12748.56,0,0,0.0000
2202,9896.49,12595.53,0,0,0.0000
2203,9932.36,12622.46,0,0,0.0000
2204,10051.93,12699.14,0,0,0.0000
2205,9785.92,12705.68,0,0,0.0000
2206,9870.00,13086.12,0,0,0.0000
2207,9460.49,12555.31,0,0,0.0000
2208,9988.77,12728.99,0,0,0.0000
2209,10023.78,13161.34,4,8,2.0000
2210,10832.20,12665.89,NaN,NaN,NaN
2211,10541.90,12690.32,0,0,0.0000
2212,10667.37,13000.40,NaN,NaN,NaN
2213,10249.61,12499.79,0,0,0.0000
2214,10273.90,13088.31,0,0,0.0000
2215,10633.01,12614.06,0,0,0.0000
2216,10755.10,12591.01,2,2,0.0000
2217,10734.04,12789.84,0,0,0.0000
2218,10671.82,12713.78,2,1,0.0000
2219,10562.79,13161.65,2,4,2.0000
2220,10208.05,13009.92,NaN,NaN,NaN
2221,10587.75,12894.11,NaN,NaN,NaN
2222,10401.11,12434.53,0,0,0.0000
2223,10363.54,12520.08,0,0,0.0000
2224,10872.19,12810.89,NaN,NaN,NaN
2225,10804.66,12953.87,3,6,2.0000
2226,10681.19,13108.43,0,0,0.0000
2227,10512.19,12883.95,0,0,0.0000
2228,10327.99,13165.27,0,0,0.0000
2229,10176.86,13181.99,NaN,NaN,NaN
2230,10838.35,12887.67,2,2,0.0000
2231,10289.58,12846.84,NaN,NaN,NaN
2232,10377.97,12618.01,0,0,0.0000
2233,10825.79,12563.61,0,0,0.0000
2234,10715.38,12894.86,NaN,NaN,NaN
2235,10208.02,13120.65,0,0,0.0000
2236,10751.34,13181.65,NaN,NaN,NaN
2237,10823.68,13177.96,6,8,0.0000
2238,10148.73,12565.39,0,0,0.0000
2239,10778.09,12467.85,0,0,0.0000
2240,10717.58,13069.53,NaN,NaN,NaN
2241,10742.99,12957.83,4,4,0.0000
2242,10616.34,12671.36,0,0,0.0000
2243,10512.37,12940.15,NaN,NaN,NaN
2244,10595.67,12824.65,NaN,NaN,NaN
2245,10664.39,12848.25,0,0,0.0000
2246,10435.27,12739.29,0,0,0.0000
2247,10745.57,13018.78,2,2,0.0000
2248,10151.76,13132.38,3,3,0.0000
2249,10822.82,12492.81,0,0,0.0000
2250,10569.62,12959.15,NaN,NaN,NaN
2251,10276.91,12573.84,0,0,0.0000
2252,10640.82,12910.98,0,0,0.0000
2253,10830.82,13128.32,NaN,NaN,NaN
2254,10608.67,13016.11,NaN,NaN,NaN
2255,10752.03,12711.16,NaN,NaN,NaN
2256,10573.54,13039.80,2,3,0.0000
2257,10870.32,12969.20,0,0,0.0000
2258,10606.55,12771.88,NaN,NaN,NaN
2259,10631.98,13138.35,2,4,2.0000
2260,10320.16,12477.99,0,0,0.0000
2261,10265.11,12940.78,NaN,NaN,NaN
2262,10156.16,13045.32,3,3,0.0000
2263,10566.56,12783.40,NaN,NaN,NaN
2264,10527.92,12513.83,0,0,0.0000
2265,10173.56,12529.94,0,0,0.0000
2266,10183.34,12941.95,NaN,NaN,NaN
2267,10534.41,12992.01,NaN,NaN,NaN
2268,10514.60,13146.44,NaN,NaN,NaN
2269,10250.41,12544.13,0,0,0.0000
2270,10553.89,12577.13,0,0,0.0000
2271,10737.00,13111.44,NaN,NaN,NaN
2272,10599.97,12979.06,3,4,0.0000
2273,11605.97,13181.25,0,0,0.0000
2274,11231.06,12700.80,0,0,0.0000
2275,11601.81,12909.72,0,0,0.0000
2276,11460.00,12549.36,2,2,0.0000
2277,10888.94,12434.90,NaN,NaN,NaN
2278,11362.35,12654.44,NaN,NaN,NaN
2279,11025.53,12501.46,0,0,0.0000
2280,11083.56,12474.71,2,2,0.0000
2281,11337.63,12983.41,0,0,0.0000
2282,11463.74,12783.82,0,0,0.0000
2283,11288.45,12813.95,0,0,0.0000
2284,11451.99,12455.03,0,0,0.0000
2285,11561.27,12612.12,0,0,0.0000
2286,10920.57,12914.84,NaN,NaN,NaN
2287,11012.36,12604.73,0,0,0.0000
2288,11636.24,12976.94,0,0,0.0000
2289,11549.28,12863.82,0,0,0.0000
2290,10894.68,12524.43,0,0,0.0000
2291,10999.02,12985.83,0,0,0.0000
2292,11595.58,12497.28,0,0,0.0000
2293,10892.49,13067.34,2,4,2.0000
2294,11601.06,12734.72,0,0,0.0000
2295,11224.20,12544.27,NaN,NaN,NaN
2296,11263.90,12599.46,0,0,0.0000
2297,11644.38,13091.51,0,0,0.0000
2298,10938.81,12569.52,NaN,NaN,NaN
2299,11612.97,12807.35,0,0,0.0000
2300,11437.31,12636.40,0,0,0.0000
2301,11474.76,12887.63,0,0,0.0000
2302,11533.78,12704.68,0,0,0.0000
2303,11286.24,12555.28,2,1,0.0000
2304,10939.97,13079.54,2,4,2.0000
2305,10905.82,12647.36,2,1,0.0000
2306,11374.33,12952.17,NaN,NaN,NaN
2307,11528.39,12820.43,0,0,0.0000
2308,11475.47,12705.22,0,0,0.0000
2309,11551.86,12766.95,0,0,0.0000
2310,11200.84,12421.09,0,0,0.0000
2311,10960.20,12764.16,0,0,0.0000
2312,11499.10,12842.29,0,0,0.0000
2313,11393.35,12884.97,0,0,0.0000
2314,10989.80,12912.11,0,0,0.0000
2315,10900.90,13131.87,NaN,NaN,NaN
2316,11306.28,12642.86,0,0,0.0000
2317,11608.93,12595.94,0,0,0.0000
2318,11562.44,12480.12,0,0,0.0000
2319,11413.86,12690.12,0,0,0.0000
2320,11370.67,12789.65,0,0,0.0000
2321,11311.11,12735.15,0,0,0.0000
2322,10968.40,12486.02,0,0,0.0000
2323,11121.62,12557.62,0,0,0.0000
2324,11193.07,12574.58,0,0,0.0000
2325,11536.78,12574.64,0,0,0.0000
2326,11111.76,12592.96,0,0,0.0000
2327,11554.69,12671.33,0,0,0.0000
2328,11487.10,12869.45,0,0,0.0000
2329,11351.01,13046.62,0,0,0.0000
2330,11312.85,12877.36,0,0,0.0000
2331,11914.32,12740.26,0,0,0.0000
2332,12164.12,13075.44,0,0,0.0000
2333,11792.13,13143.91,0,0,0.0000
2334,11742.65,13025.95,0,0,0.0000
2335,12136.44,12488.02,NaN,NaN,NaN
2336,12401.60,13042.58,0,0,0.0000
2337,12339.75,12980.01,0,0,0.0000
2338,11822.75,12797.41,0,0,0.0000
2339,11766.70,12873.95,0,0,0.0000
2340,11953.72,12806.01,0,0,0.0000
2341,12224.41,13174.29,0,0,0.0000
2342,12366.77,12913.10,0,0,0.0000
2343,11788.47,12702.72,0,0,0.0000
2344,12022.04,13100.12,0,0,0.0000
2345,11965.58,12878.02,0,0,0.0000
2346,11946.15,13087.46,0,0,0.0000
2347,12270.33,13118.77,0,0,0.0000
2348,11881.13,13057.04,0,0,0.0000
2349,11867.55,12875.80,0,0,0.0000
2350,11665.88,12743.01,0,0,0.0000
2351,12379.29,12778.17,0,0,0.0000
2352,11810.32,12914.00,0,0,0.0000
2353,12088.33,13086.62,0,0,0.0000
2354,11878.24,12939.49,0,0,0.0000
2355,12061.84,13150.76,0,0,0.0000
2356,11819.21,13049.82,0,0,0.0000
2357,12225.04,12966.02,0,0,0.0000
2358,11679.56,12786.05,0,0,0.0000
2359,11975.81,12987.84,0,0,0.0000
2360,11763.74,12785.46,0,0,0.0000
2361,11926.47,12888.16,0,0,0.0000
2362,11901.15,12811.17,0,0,0.0000
2363,11672.24,12933.94,0,0,0.0000
2364,11785.00,12552.66,0,0,0.0000
2365,11697.57,12843.37,0,0,0.0000
2366,12362.79,13113.48,0,0,0.0000
2367,12225.52,13031.90,0,0,0.0000
2368,12372.25,13172.22,0,0,0.0000
2369,11709.20,12959.83,0,0,0.0000
2370,11920.51,12975.91,0,0,0.0000
2371,11891.93,13114.79,0,0,0.0000
2372,12163.03,12418.32,0,0,0.0000
2373,12272.10,12424.98,NaN,NaN,NaN
2374,12376.42,12721.30,0,0,0.0000
2375,11971.60,13140.83,0,0,0.0000
2376,11780.97,13079.04,0,0,0.0000
2377,12240.59,13066.47,0,0,0.0000
2378,12024.22,13022.81,0,0,0.0000
2379,11674.77,13003.15,0,0,0.0000
2380,11949.21,13169.40,0,0,0.0000
2381,11895.11,12677.39,0,0,0.0000
2382,11940.14,13032.22,0,0,0.0000
2383,12202.92,12467.32,NaN,NaN,NaN
2384,11860.66,13114.53,0,0,0.0000
2385,12951.50,12535.54,0,0,0.0000
2386,12616.86,13146.49,0,0,0.0000
2387,12540.85,13035.91,0,0,0.0000
2388,12501.78,13171.76,0,0,0.0000
2389,12424.92,12971.02,0,0,0.0000
2390,13055.90,12620.41,0,0,0.0000
2391,13159.19,12616.12,0,0,0.0000
2392,12557.35,13085.25,0,0,0.0000
2393,12990.52,12632.76,0,0,0.0000
2394,12505.22,12952.20,0,0,0.0000
2395,12479.98,13020.57,0,0,0.0000
2396,12823.06,12666.66,0,0,0.0000
2397,12574.18,13148.61,0,0,0.0000
2398,13128.14,12653.04,0,0,0.0000
2399,12483.66,13090.27,0,0,0.0000
2400,13160.05,12538.71,0,0,0.0000
2401,12416.13,12873.17,0,0,0.0000
2402,12416.59,13151.58,0,0,0.0000
2403,12858.65,12612.34,0,0,0.0000
2404,13094.73,12606.52,0,0,0.0000
2405,12425.92,13105.20,0,0,0.0000
2406,12903.59,12641.56,0,0,0.0000
2407,12664.79,13075.94,0,0,0.0000
2408,13054.91,12535.61,0,0,0.0000
2409,12467.28,13122.00,0,0,0.0000
2410,13040.12,12575.54,0,0,0.0000
2411,13181.15,12587.25,0,0,0.0000
2412,13193.35,12718.85,0,0,0.0000
2413,13188.37,12467.12,0,0,0.0000
2414,13188.89,12662.50,0,0,0.0000
2415,13367.16,12554.49,0,0,0.0000
2416,13223.36,12543.64,0,0,0.0000
2417,13361.03,12507.90,0,0,0.0000
2418,13192.43,12535.17,0,0,0.0000
2419,13310.44,12558.80,0,0,0.0000
2420,13330.77,12577.29,0,0,0.0000
2421,15790.00,12615.44,0,0,0.0000
2422,16147.11,12776.04,0,0,0.0000
2423,15994.27,12711.57,0,0,0.0000
2424,15946.15,12739.08,0,0,0.0000
2425,16137.81,12531.72,0,0,0.0000
2426,16219.83,12460.66,0,0,0.0000
2427,15787.15,12700.20,0,0,0.0000
2428,15977.61,12606.61,0,0,0.0000
2429,16220.44,12566.24,0,0,0.0000
2430,15594.75,12604.89,0,0,0.0000
2431,15877.31,12764.21,0,0,0.0000
2432,16031.68,12595.68,0,0,0.0000
2433,16132.84,12483.00,0,0,0.0000
2434,15779.09,12572.26,0,0,0.0000
2435,15662.54,12637.21,0,0,0.0000
2436,16224.59,12592.16,0,0,0.0000
2437,16049.48,12739.81,0,0,0.0000
2438,16154.41,12571.61,0,0,0.0000
2439,16176.07,12427.06,0,0,0.0000
2440,16314.82,12784.36,0,0,0.0000
2441,16344.69,12417.57,2,4,2.0000
2442,16271.85,12903.38,0,0,0.0000
2443,16371.11,13025.45,0,0,0.0000
2444,16326.82,12994.59,0,0,0.0000
2445,16388.76,12931.42,0,0,0.0000
2446,16330.60,12495.45,0,0,0.0000
2447,16268.15,12527.14,0,0,0.0000
2448,16266.95,12835.59,0,0,0.0000
2449,17002.40,12674.12,0,0,0.0000
2450,16394.14,12797.32,0,0,0.0000
2451,16299.20,12970.67,0,0,0.0000
2452,16353.83,12850.28,0,0,0.0000
2453,16287.48,12814.80,0,0,0.0000
2454,16323.67,12884.28,0,0,0.0000
2455,16311.66,12938.98,0,0,0.0000
2456,16992.40,12722.86,0,0,0.0000
2457,16348.03,12919.10,0,0,0.0000
2458,17571.49,13025.62,0,0,0.0000
2459,17578.50,13139.38,0,0,0.0000
2460,17615.89,12438.66,0,0,0.0000
2461,17580.37,12534.11,0,0,0.0000
2462,17365.02,12698.07,0,0,0.0000
2463,17089.35,12752.05,0,0,0.0000
2464,17308.49,13069.01,2,4,2.0000
2465,17162.18,12887.37,0,0,0.0000
2466,17346.53,12993.76,NaN,NaN,NaN
2467,17201.93,13036.17,0,0,0.0000
2468,17502.84,12515.19,0,0,0.0000
2469,17104.16,12922.63,0,0,0.0000
2470,17257.45,12922.19,0,0,0.0000
2471,17058.21,13050.96,0,0,0.0000
2472,17255.73,12422.67,0,0,0.0000
2473,17413.00,13122.35,0,0,0.0000
2474,17106.54,12857.69,0,0,0.0000
2475,17330.03,12921.27,NaN,NaN,NaN
2476,17390.67,12923.06,NaN,NaN,NaN
2477,17246.49,13058.40,0,0,0.0000
2478,17083.83,13014.52,0,0,0.0000
2479,17458.40,12551.57,0,0,0.0000
2480,17311.23,12492.04,0,0,0.0000
2481,17397.56,12436.91,0,0,0.0000
2482,17238.66,13119.93,0,0,0.0000
2483,17358.65,12607.35,0,0,0.0000
2484,17073.07,12970.58,0,0,0.0000
2485,17164.04,12801.15,0,0,0.0000
2486,17678.31,13074.51,0,0,0.0000
2487,17131.04,13099.61,0,0,0.0000
2488,17368.24,13168.25,0,0,0.0000
2489,17450.80,12424.54,0,0,0.0000
2490,17256.14,12812.42,0,0,0.0000
2491,17162.24,13125.83,0,0,0.0000
2492,17555.28,12420.37,0,0,0.0000
2493,17200.83,13142.20,0,0,0.0000
2494,17419.21,13018.90,NaN,NaN,NaN
2495,17546.58,12569.18,0,0,0.0000
2496,17331.44,13140.36,NaN,NaN,NaN
2497,17178.05,12942.46,0,0,0.0000
2498,17465.20,12479.88,0,0,0.0000
2499,17276.61,12599.66,0,0,0.0000
2500,17408.50,12533.18,0,0,0.0000
2501,17370.15,12487.65,0,0,0.0000
2502,17089.22,12817.18,0,0,0.0000
2503,17254.12,13159.78,0,0,0.0000
2504,17755.97,13124.51,0,0,0.0000
2505,17777.70,12441.49,0,0,0.0000
2506,17079.43,13120.67,0,0,0.0000
2507,17431.30,12542.25,0,0,0.0000
2508,17369.74,12534.29,0,0,0.0000
2509,17271.22,12997.76,0,0,0.0000
2510,17179.85,12999.93,0,0,0.0000
2511,17359.72,13070.74,0,0,0.0000
2512,17292.90,12445.04,0,0,0.0000
2513,17131.90,13016.60,0,0,0.0000
2514,17245.08,12874.47,0,0,0.0000
2515,17273.44,12512.79,0,0,0.0000
2516,17290.30,13128.88,0,0,0.0000
2517,17048.01,13089.37,0,0,0.0000
2518,17318.78,13178.85,0,0,0.0000
2519,17635.06,12564.61,0,0,0.0000
2520,18526.61,12478.79,0,0,0.0000
2521,18524.10,12667.16,0,0,0.0000
2522,18424.33,12635.91,0,0,0.0000
2523,18072.13,12521.99,0,0,0.0000
2524,18398.62,12726.60,0,0,0.0000
2525,18147.01,12460.07,0,0,0.0000
2526,18327.75,12470.82,0,0,0.0000
2527,17863.90,12484.47,0,0,0.0000
2528,17936.75,12464.28,0,0,0.0000
2529,18287.12,12564.77,0,0,0.0000
2530,18175.65,12551.45,0,0,0.0000
2531,18106.21,12600.40,0,0,0.0000
2532,18500.64,12600.28,0,0,0.0000
2533,18584.11,12915.07,0,0,0.0000
2534,18503.85,12817.49,0,0,0.0000
2535,18277.77,12735.49,NaN,NaN,NaN
2536,17826.17,12424.54,0,0,0.0000
2537,18471.41,12754.63,0,0,0.0000
2538,18011.23,12694.44,0,0,0.0000
2539,18000.12,12563.82,0,0,0.0000
2540,18430.51,12487.69,0,0,0.0000
2541,18240.31,12638.01,0,0,0.0000
2542,18543.39,12770.32,0,0,0.0000
2543,17878.48,12638.68,0,0,0.0000
2544,18230.15,12498.58,0,0,0.0000
2545,17992.23,12482.54,0,0,0.0000
2546,18222.35,12689.03,0,0,0.0000
2547,17923.66,12671.67,0,0,0.0000
2548,18445.56,12424.44,0,0,0.0000
2549,18064.29,12668.99,0,0,0.0000
2550,18216.42,12803.99,0,0,0.0000
2551,18190.32,12639.19,0,0,0.0000
2552,17801.17,12487.32,0,0,0.0000
2553,18298.81,12613.94,0,0,0.0000
2554,18254.42,12435.04,0,0,0.0000
2555,18416.75,12552.02,0,0,0.0000
2556,18350.92,12627.73,0,0,0.0000
2557,18534.56,12890.76,0,0,0.0000
2558,18346.82,12697.86,NaN,NaN,NaN
2559,17902.17,12523.78,0,0,0.0000
2560,18537.16,12849.59,0,0,0.0000
2561,17956.84,12639.84,0,0,0.0000
2562,17992.93,12590.85,0,0,0.0000
2563,18634.20,12815.25,0,0,0.0000
2564,18624.76,12441.88,0,0,0.0000
2565,18283.15,12490.09,0,0,0.0000
2566,18602.94,12532.73,0,0,0.0000
2567,18590.03,12641.95,0,0,0.0000
2568,18630.62,12786.31,0,0,0.0000
2569,18218.61,12848.94,0,0,0.0000
2570,18431.99,12789.69,0,0,0.0000
2571,17880.79,12423.93,0,0,0.0000
2572,18204.30,12458.20,0,0,0.0000
2573,18361.77,12553.32,0,0,0.0000
2574,18606.10,12681.65,0,0,0.0000
2575,18460.62,12703.00,0,0,0.0000
2576,18326.04,12753.13,0,0,0.0000
2577,18611.35,12579.43,0,0,0.0000
2578,18050.32,12562.07,0,0,0.0000
2579,18681.60,12597.52,0,0,0.0000
2580,1639.20,13933.63,0,0,0.0000
2581,1360.36,13946.36,0,0,0.0000
2582,1721.54,13893.36,0,0,0.0000
2583,3198.59,13846.68,0,0,0.0000
2584,3141.10,13886.11,0,0,0.0000
2585,3928.66,13807.33,0,0,0.0000
2586,3242.02,13872.81,0,0,0.0000
2587,3889.56,13871.49,0,0,0.0000
2588,3319.71,13853.43,0,0,0.0000
2589,3857.18,13822.96,0,0,0.0000
2590,3917.38,13947.28,0,0,0.0000
2591,3948.46,13915.95,0,0,0.0000
2592,3338.48,13917.85,0,0,0.0000
2593,3267.08,13815.15,0,0,0.0000
2594,3402.37,13909.15,0,0,0.0000
2595,4129.25,13903.48,0,0,0.0000
2596,4318.15,13715.28,NaN,NaN,NaN
2597,4311.78,13647.94,0,0,0.0000
2598,4466.57,13473.77,0,0,0.0000
2599,4000.52,13793.41,0,0,0.0000
2600,4081.48,13776.20,0,0,0.0000
2601,4035.67,13835.67,0,0,0.0000
2602,4228.84,13556.46,0,0,0.0000
2603,4368.05,13950.42,0,0,0.0000
2604,4351.79,13897.15,0,0,0.0000
2605,4227.49,13807.02,0,0,0.0000
2606,4152.63,13760.32,0,0,0.0000
2607,4381.52,13729.49,0,0,0.0000
2608,4534.61,13781.40,0,0,0.0000
2609,4302.12,13783.80,0,0,0.0000
2610,3972.95,13709.92,0,0,0.0000
2611,4394.35,13483.87,0,0,0.0000
2612,4469.06,13741.90,0,0,0.0000
2613,4501.97,13825.72,0,0,0.0000
2614,4142.08,13846.14,0,0,0.0000
2615,4365.10,13804.74,0,0,0.0000
2616,4298.67,13852.54,0,0,0.0000
2617,4426.49,13541.61,0,0,0.0000
2618,4513.05,13696.84,0,0,0.0000
2619,4258.02,13690.83,2,2,0.0000
2620,4245.51,13840.22,0,0,0.0000
2621,4261.82,13908.95,0,0,0.0000
2622,4278.47,13579.72,0,0,0.0000
2623,4241.40,13609.04,0,0,0.0000
2624,6103.42,13197.38,0,0,0.0000
2625,5942.17,13902.32,0,0,0.0000
2626,5767.05,13900.85,0,0,0.0000
2627,6086.45,13897.80,0,0,0.0000
2628,6254.96,13198.30,0,0,0.0000
2629,6247.92,13242.68,0,0,0.0000
2630,6153.10,13300.76,0,0,0.0000
2631,6214.72,13271.94,0,0,0.0000
2632,6234.63,13295.73,0,0,0.0000
2633,6871.51,13425.29,0,0,0.0000
2634,6870.77,13524.34,0,0,0.0000
2635,6410.19,13368.19,0,0,0.0000
2636,6506.76,13309.77,0,0,0.0000
2637,6702.17,13369.68,0,0,0.0000
2638,7010.45,13324.22,0,0,0.0000
2639,7021.69,13472.41,0,0,0.0000
2640,6687.83,13597.87,0,0,0.0000
2641,6595.36,13371.64,0,0,0.0000
2642,6818.02,13651.30,0,0,0.0000
2643,6911.06,13635.29,0,0,0.0000
2644,6596.04,13241.44,0,0,0.0000
2645,6593.53,13297.46,0,0,0.0000
2646,6930.89,13691.78,NaN,NaN,NaN
2647,6644.22,13409.24,0,0,0.0000
2648,6987.57,13423.93,0,0,0.0000
2649,6559.95,13202.53,0,0,0.0000
2650,6748.58,13493.20,0,0,0.0000
2651,6508.53,13228.57,0,0,0.0000
2652,6949.41,13444.70,0,0,0.0000
2653,6801.14,13512.01,0,0,0.0000
2654,6940.47,13564.23,0,0,0.0000
2655,7015.07,13588.89,0,0,0.0000
2656,6750.71,13253.80,0,0,0.0000
2657,6983.07,13638.51,0,0,0.0000
2658,6672.26,13244.41,0,0,0.0000
2659,6676.85,13295.52,0,0,0.0000
2660,6981.74,13722.07,0,0,0.0000
2661,6726.91,13277.59,0,0,0.0000
2662,6353.41,13245.10,0,0,0.0000
2663,6820.94,13424.10,0,0,0.0000
2664,6715.53,13568.88,0,0,0.0000
2665,6791.40,13395.49,0,0,0.0000
2666,6868.13,13688.07,NaN,NaN,NaN
2667,6745.88,13563.95,0,0,0.0000
2668,6412.91,13234.43,0,0,0.0000
2669,6300.69,13248.93,0,0,0.0000
2670,6894.45,13756.29,0,0,0.0000
2671,6718.19,13450.92,0,0,0.0000
2672,7001.43,13531.21,0,0,0.0000
2673,6447.30,13222.96,0,0,0.0000
2674,6627.44,13188.69,0,0,0.0000
2675,6950.89,13756.54,0,0,0.0000
2676,6793.38,13454.99,0,0,0.0000
2677,6684.67,13447.45,0,0,0.0000
2678,7317.62,13791.36,0,0,0.0000
2679,7229.68,13669.39,0,0,0.0000
2680,7098.11,13324.73,0,0,0.0000
2681,7095.45,13622.86,0,0,0.0000
2682,7806.21,13400.44,0,0,0.0000
2683,7574.67,13520.22,0,0,0.0000
2684,7052.70,13897.00,0,0,0.0000
2685,7627.18,13600.14,0,0,0.0000
2686,7110.67,13950.47,0,0,0.0000
2687,7229.62,13399.01,0,0,0.0000
2688,7265.79,13589.60,0,0,0.0000
2689,7666.01,13518.49,0,0,0.0000
2690,7428.45,13347.53,0,0,0.0000
2691,7470.75,13678.73,NaN,NaN,NaN
2692,7120.77,13722.89,0,0,0.0000
2693,7226.32,13479.05,0,0,0.0000
2694,7199.90,13741.31,0,0,0.0000
2695,7167.42,13600.61,0,0,0.0000
2696,7153.90,13690.51,0,0,0.0000
2697,7259.70,13876.21,0,0,0.0000
2698,7598.49,13663.55,0,0,0.0000
2699,7559.65,13564.01,0,0,0.0000
2700,7449.86,13305.32,0,0,0.0000
2701,7608.83,13467.91,0,0,0.0000
2702,7426.53,13645.06,0,0,0.0000
2703,7560.28,13652.23,0,0,0.0000
2704,7133.90,13898.35,0,0,0.0000
2705,7524.09,13571.75,0,0,0.0000
2706,7042.53,13720.17,0,0,0.0000
2707,7476.37,13363.25,0,0,0.0000
2708,7105.54,13436.57,0,0,0.0000
2709,7706.05,13595.09,0,0,0.0000
2710,7086.95,13836.29,0,0,0.0000
2711,7279.25,13539.12,0,0,0.0000
2712,7797.76,13461.89,0,0,0.0000
2713,7224.23,13814.34,0,0,0.0000
2714,7184.62,13862.42,0,0,0.0000
2715,7069.69,13760.95,0,0,0.0000
2716,7272.48,13730.60,0,0,0.0000
2717,7420.38,13851.29,NaN,NaN,NaN
2718,7469.59,13447.34,0,0,0.0000
2719,7687.18,13475.39,0,0,0.0000
2720,7274.99,13935.77,0,0,0.0000
2721,7522.53,13606.25,0,0,0.0000
2722,7796.00,13511.16,0,0,0.0000
2723,7163.50,13504.76,0,0,0.0000
2724,7136.09,13820.39,0,0,0.0000
2725,7170.75,13355.19,0,0,0.0000
2726,7569.15,13425.22,0,0,0.0000
2727,7403.47,13294.30,0,0,0.0000
2728,7130.88,13544.54,0,0,0.0000
2729,7404.41,13480.57,0,0,0.0000
2730,7737.58,13446.84,0,0,0.0000
2731,7400.36,13685.33,0,0,0.0000
2732,8450.05,13851.70,0,0,0.0000
2733,8566.06,13827.20,NaN,NaN,NaN
2734,8466.88,13780.37,0,0,0.0000
2735,8327.10,13768.16,0,0,0.0000
2736,8309.76,13892.47,0,0,0.0000
2737,7834.21,13526.55,0,0,0.0000
2738,8562.99,13758.45,0,0,0.0000
2739,8384.84,13741.17,0,0,0.0000
2740,7863.46,13444.63,0,0,0.0000
2741,8554.79,13896.19,0,0,0.0000
2742,8355.19,13844.76,0,0,0.0000
2743,8477.44,13720.90,0,0,0.0000
2744,8438.16,13720.21,0,0,0.0000
2745,7889.27,13487.48,0,0,0.0000
2746,7886.89,13555.91,0,0,0.0000
2747,8443.67,13907.51,0,0,0.0000
2748,8524.47,13674.07,0,0,0.0000
2749,8531.97,13945.44,0,0,0.0000
2750,8714.25,13731.81,0,0,0.0000
2751,8927.11,13651.03,0,0,0.0000
2752,8669.41,13855.17,0,0,0.0000
2753,8909.71,13790.90,0,0,0.0000
2754,8812.78,13655.75,0,0,0.0000
2755,8823.20,13758.39,0,0,0.0000
2756,9287.00,13875.64,0,0,0.0000
2757,8611.09,13940.41,0,0,0.0000
2758,8648.73,13900.48,0,0,0.0000
2759,8878.67,13871.76,0,0,0.0000
2760,8722.48,13927.70,0,0,0.0000
2761,8780.45,13607.42,0,0,0.0000
2762,8596.28,13687.15,0,0,0.0000
2763,8654.64,13788.21,0,0,0.0000
2764,9212.16,13877.22,0,0,0.0000
2765,8760.57,13909.94,0,0,0.0000
2766,8752.88,13866.76,0,0,0.0000
2767,9314.93,13746.18,0,0,0.0000
2768,8752.03,13658.63,0,0,0.0000
2769,9252.01,13773.22,0,0,0.0000
2770,9145.03,13705.67,0,0,0.0000
2771,9667.51,13896.77,NaN,NaN,NaN
2772,9757.94,13779.84,3,2,0.0000
2773,9955.89,13263.66,3,4,0.0000
2774,9494.39,13737.21,NaN,NaN,NaN
2775,9519.54,13830.89,2,1,0.0000
2776,9352.34,13951.15,0,0,0.0000
2777,9826.00,13924.82,3,5,0.0000
2778,9928.97,13949.85,3,3,0.0000
2779,9429.11,13852.71,0,0,0.0000
2780,10058.95,13918.09,4,5,0.0000
2781,10055.55,13399.25,0,0,0.0000
2782,9747.91,13217.49,0,0,0.0000
2783,9668.12,13700.26,NaN,NaN,NaN
2784,9419.58,13683.21,0,0,0.0000
2785,10063.03,13290.72,NaN,NaN,NaN
2786,9790.05,13260.62,0,0,0.0000
2787,9875.51,13319.56,NaN,NaN,NaN
2788,9868.45,13389.05,0,0,0.0000
2789,9474.21,13598.09,0,0,0.0000
2790,9346.02,13709.22,0,0,0.0000
2791,10045.14,13503.25,2,2,0.0000
2792,9825.99,13217.35,0,0,0.0000
2793,9749.89,13315.16,0,0,0.0000
2794,9388.65,13594.13,0,0,0.0000
2795,9476.35,13893.09,0,0,0.0000
2796,9722.96,13696.98,NaN,NaN,NaN
2797,9954.33,13194.37,NaN,NaN,NaN
2798,10001.70,13195.64,2,1,0.0000
2799,9821.96,13321.55,NaN,NaN,NaN
2800,9578.31,13737.29,NaN,NaN,NaN
2801,9917.07,13349.97,0,0,0.0000
2802,9639.42,13741.94,0,0,0.0000
2803,9410.66,13748.92,0,0,0.0000
2804,10092.76,13338.12,2,3,0.0000
2805,9877.37,13240.23,NaN,NaN,NaN
2806,9850.88,13254.05,3,2,0.0000
2807,9366.24,13757.37,0,0,0.0000
2808,9891.04,13208.57,0,0,0.0000
2809,9735.32,13873.69,NaN,NaN,NaN
2810,9450.26,13630.03,0,0,0.0000
2811,10149.34,13277.80,2,3,0.0000
2812,10637.99,13308.39,2,5,2.5000
2813,10376.35,13226.97,0,0,0.0000
2814,10810.17,13334.29,3,6,2.0000
2815,10131.95,13420.64,2,2,0.0000
2816,10474.77,13278.01,0,0,0.0000
2817,10237.02,13664.06,0,0,0.0000
2818,10472.12,13196.91,NaN,NaN,NaN
2819,10605.55,13197.12,2,2,0.0000
2820,10695.65,13210.64,NaN,NaN,NaN
2821,10671.51,13403.56,NaN,NaN,NaN
2822,10553.42,13302.92,0,0,0.0000
2823,10551.48,13405.54,0,0,0.0000
2824,10439.34,13473.75,0,0,0.0000
2825,10248.81,13497.91,NaN,NaN,NaN
2826,10589.69,13463.15,2,2,0.0000
2827,10275.27,13187.39,NaN,NaN,NaN
2828,10571.32,13546.80,NaN,NaN,NaN
2829,10498.48,13540.10,NaN,NaN,NaN
2830,10815.50,13228.87,NaN,NaN,NaN
2831,10243.78,13364.47,0,0,0.0000
2832,10359.34,13370.60,NaN,NaN,NaN
2833,10229.09,13288.48,NaN,NaN,NaN
2834,10459.35,13607.43,0,0,0.0000
2835,10379.77,13297.88,0,0,0.0000
2836,10280.21,13323.46,NaN,NaN,NaN
2837,10424.78,13551.33,0,0,0.0000
2838,10384.68,13564.09,NaN,NaN,NaN
2839,10403.15,13360.26,NaN,NaN,NaN
2840,10241.46,13220.71,0,0,0.0000
2841,10331.35,13575.48,0,0,0.0000
2842,10393.19,13635.00,NaN,NaN,NaN
2843,10618.19,13517.96,2,3,0.0000
2844,10194.65,13494.33,NaN,NaN,NaN
2845,10716.40,13331.25,NaN,NaN,NaN
2846,10209.62,13540.91,NaN,NaN,NaN
2847,10304.38,13275.47,NaN,NaN,NaN
2848,10478.43,13361.25,0,0,0.0000
2849,10282.00,13596.74,0,0,0.0000
2850,10646.66,13465.62,NaN,NaN,NaN
2851,10195.64,13383.87,2,2,0.0000
2852,10393.41,13510.73,0,0,0.0000
2853,10568.75,13625.87,0,0,0.0000
2854,10226.44,13434.22,0,0,0.0000
2855,10518.65,13489.67,0,0,0.0000
2856,10361.49,13526.92,0,0,0.0000
2857,11553.92,13613.77,0,0,0.0000
2858,11470.34,13325.37,0,0,0.0000
2859,11611.45,13313.03,0,0,0.0000
2860,11220.56,13949.87,NaN,NaN,NaN
2861,11501.74,13195.45,0,0,0.0000
2862,11489.31,13831.48,0,0,0.0000
2863,11546.72,13375.40,0,0,0.0000
2864,11340.54,13916.04,0,0,0.0000
2865,11489.32,13259.03,NaN,NaN,NaN
2866,11336.51,13871.35,NaN,NaN,NaN
2867,11572.13,13740.24,0,0,0.0000
2868,11532.22,13776.89,0,0,0.0000
2869,11476.16,13394.15,0,0,0.0000
2870,11553.63,13476.96,0,0,0.0000
2871,11624.82,13464.01,0,0,0.0000
2872,11581.96,13446.73,0,0,0.0000
2873,11410.43,13915.47,0,0,0.0000
2874,11118.55,13907.06,0,0,0.0000
2875,11647.68,13789.11,0,0,0.0000
2876,11628.38,13703.91,0,0,0.0000
2877,11622.09,13847.12,0,0,0.0000
2878,11644.10,13537.29,0,0,0.0000
2879,11604.11,13519.28,0,0,0.0000
2880,11607.59,13407.39,0,0,0.0000
2881,11606.91,13810.79,0,0,0.0000
2882,12198.57,13308.57,0,0,0.0000
2883,11736.05,13736.05,0,0,0.0000
2884,11683.99,13915.66,0,0,0.0000
2885,11877.82,13500.14,0,0,0.0000
2886,12142.84,13833.78,0,0,0.0000
2887,11894.55,13257.58,0,0,0.0000
2888,11930.18,13357.67,0,0,0.0000
2889,11895.43,13778.68,0,0,0.0000
2890,11796.00,13642.62,0,0,0.0000
2891,11944.74,13559.19,0,0,0.0000
2892,11844.29,13336.01,0,0,0.0000
2893,12162.17,13416.87,0,0,0.0000
2894,12330.29,13263.89,0,0,0.0000
2895,12296.52,13395.33,0,0,0.0000
2896,11719.65,13196.23,0,0,0.0000
2897,11715.43,13525.26,0,0,0.0000
2898,11759.42,13371.84,0,0,0.0000
2899,12054.90,13885.83,0,0,0.0000
2900,11685.02,13841.08,0,0,0.0000
2901,11686.57,13579.97,0,0,0.0000
2902,11977.12,13724.68,0,0,0.0000
2903,12069.43,13483.44,0,0,0.0000
2904,11845.90,13814.51,0,0,0.0000
2905,12046.75,13423.14,0,0,0.0000
2906,12117.94,13188.52,0,0,0.0000
2907,11737.46,13598.65,0,0,0.0000
2908,12001.77,13494.08,0,0,0.0000
2909,11985.20,13265.84,0,0,0.0000
2910,12129.93,13700.21,0,0,0.0000
2911,12273.78,13305.76,0,0,0.0000
2912,11948.14,13453.85,0,0,0.0000
2913,11671.28,13267.15,0,0,0.0000
2914,11837.85,13697.69,0,0,0.0000
2915,12129.52,13275.92,0,0,0.0000
2916,12075.25,13773.96,0,0,0.0000
2917,11975.41,13208.00,0,0,0.0000
2918,11862.89,13591.10,0,0,0.0000
2919,11665.47,13648.04,0,0,0.0000
2920,11851.52,13911.71,0,0,0.0000
2921,11668.01,13702.35,0,0,0.0000
2922,12081.27,13626.56,0,0,0.0000
2923,12205.58,13499.18,0,0,0.0000
2924,11910.51,13932.34,0,0,0.0000
2925,12392.55,13293.51,0,0,0.0000
2926,12366.38,13356.08,0,0,0.0000
2927,12120.10,13590.97,0,0,0.0000
2928,11802.11,13314.66,0,0,0.0000
2929,12206.73,13428.77,0,0,0.0000
2930,12408.01,13224.39,0,0,0.0000
2931,11731.06,13277.40,0,0,0.0000
2932,12099.08,13703.98,0,0,0.0000
2933,12102.20,13331.94,0,0,0.0000
2934,11655.85,13388.70,0,0,0.0000
2935,12030.71,13187.66,0,0,0.0000
2936,11777.62,13782.00,0,0,0.0000
2937,12128.37,13483.65,0,0,0.0000
2938,12143.27,13663.34,0,0,0.0000
2939,12293.57,13869.81,0,0,0.0000
2940,12098.26,13383.53,0,0,0.0000
2941,12376.00,13593.48,0,0,0.0000
2942,11971.99,13324.92,0,0,0.0000
2943,12083.96,13555.04,0,0,0.0000
2944,11785.84,13238.47,0,0,0.0000
2945,12335.99,13598.99,0,0,0.0000
2946,12330.52,13749.15,0,0,0.0000
2947,11756.76,13313.69,0,0,0.0000
2948,12022.96,13327.95,0,0,0.0000
2949,12383.19,13690.83,0,0,0.0000
2950,12050.19,13704.11,0,0,0.0000
2951,11990.50,13633.19,0,0,0.0000
2952,12193.55,13627.27,0,0,0.0000
2953,11676.79,13332.67,0,0,0.0000
2954,12041.13,13280.47,0,0,0.0000
2955,11815.69,13400.28,0,0,0.0000
2956,12552.50,13841.99,0,0,0.0000
2957,12609.92,13524.49,0,0,0.0000
2958,12525.34,13682.25,0,0,0.0000
2959,12474.46,13231.23,0,0,0.0000
2960,12452.88,13917.48,0,0,0.0000
2961,12671.79,13601.68,0,0,0.0000
2962,12506.80,13284.35,0,0,0.0000
2963,12449.71,13309.90,0,0,0.0000
2964,12458.97,13585.07,0,0,0.0000
2965,12638.79,13300.56,0,0,0.0000
2966,12483.44,13616.16,0,0,0.0000
2967,12428.47,13352.88,0,0,0.0000
2968,12568.04,13265.67,0,0,0.0000
2969,12559.88,13358.18,0,0,0.0000
2970,12621.49,13461.48,0,0,0.0000
2971,12522.50,13773.42,0,0,0.0000
2972,12620.11,13578.64,0,0,0.0000
2973,12614.41,13617.89,0,0,0.0000
2974,12487.12,13821.27,0,0,0.0000
2975,12547.35,13445.54,0,0,0.0000
2976,12554.09,13402.25,0,0,0.0000
2977,12466.47,13680.34,0,0,0.0000
2978,12649.26,13573.86,0,0,0.0000
2979,12488.31,13396.20,0,0,0.0000
2980,12644.59,13339.09,0,0,0.0000
2981,12576.02,13315.51,0,0,0.0000
2982,12676.83,13510.37,0,0,0.0000
2983,14825.77,13759.59,0,0,0.0000
2984,15161.15,13287.90,0,0,0.0000
2985,14744.68,13928.27,0,0,0.0000
2986,14995.02,13911.71,0,0,0.0000
2987,15101.68,13373.03,0,0,0.0000
2988,15068.99,13336.44,0,0,0.0000
2989,15146.86,13334.34,NaN,NaN,NaN
2990,15100.70,13290.92,0,0,0.0000
2991,15223.80,13314.31,0,0,0.0000
2992,15175.69,13375.35,0,0,0.0000
2993,15210.66,13403.12,0,0,0.0000
2994,15192.05,13437.85,0,0,0.0000
2995,15337.89,13218.74,0,0,0.0000
2996,14842.45,13800.71,0,0,0.0000
2997,15132.02,13399.13,NaN,NaN,NaN
2998,15209.30,13356.69,0,0,0.0000
2999,17005.35,13285.05,0,0,0.0000
3000,17013.82,13744.62,0,0,0.0000
3001,16296.53,13220.73,0,0,0.0000
3002,17544.02,13586.65,0,0,0.0000
3003,17245.83,13340.56,NaN,NaN,NaN
3004,17167.47,13755.15,0,0,0.0000
3005,17086.61,13186.21,NaN,NaN,NaN
3006,17445.23,13742.74,0,0,0.0000
3007,17735.90,13672.08,0,0,0.0000
3008,17626.50,13503.94,0,0,0.0000
3009,17262.27,13768.69,0,0,0.0000
3010,17739.63,13475.48,0,0,0.0000
3011,17440.00,13650.86,0,0,0.0000
3012,17438.40,13835.53,0,0,0.0000
3013,17565.76,13432.86,0,0,0.0000
3014,17656.66,13832.26,0,0,0.0000
3015,17407.28,13566.99,0,0,0.0000
3016,17620.01,13665.80,NaN,NaN,NaN
3017,17282.06,13211.17,0,0,0.0000
3018,17383.98,13471.47,0,0,0.0000
3019,17526.54,13869.10,0,0,0.0000
3020,17335.85,13533.98,0,0,0.0000
3021,17454.28,13433.26,0,0,0.0000
3022,17781.33,13782.32,0,0,0.0000
3023,17733.01,13949.67,0,0,0.0000
3024,17416.65,13299.93,0,0,0.0000
3025,17258.10,13589.06,0,0,0.0000
3026,17186.57,13221.52,0,0,0.0000
3027,17475.40,13299.78,0,0,0.0000
3028,17238.41,13641.09,0,0,0.0000
3029,17094.69,13262.47,NaN,NaN,NaN
3030,17508.63,13386.94,0,0,0.0000
3031,17207.15,13494.28,0,0,0.0000
3032,17551.16,13237.44,0,0,0.0000
3033,17567.38,13322.82,0,0,0.0000
3034,17260.43,13853.25,0,0,0.0000
3035,17393.97,13262.62,0,0,0.0000
3036,17373.87,13219.54,0,0,0.0000
3037,17262.42,13691.83,0,0,0.0000
3038,17611.66,13757.21,0,0,0.0000
3039,17483.46,13215.67,0,0,0.0000
3040,17334.46,13693.94,0,0,0.0000
3041,17198.12,13827.83,0,0,0.0000
3042,17227.40,13212.16,0,0,0.0000
3043,17696.88,13414.91,0,0,0.0000
3044,17306.29,13572.10,0,0,0.0000
3045,17047.99,13278.13,0,0,0.0000
3046,17733.25,13557.93,0,0,0.0000
3047,17660.66,13577.22,0,0,0.0000
3048,17576.44,13901.48,0,0,0.0000
3049,17648.33,13896.12,0,0,0.0000
3050,17101.10,13482.53,0,0,0.0000
3051,17205.98,13591.94,NaN,NaN,NaN
3052,17192.14,13709.81,0,0,0.0000
3053,17377.64,13663.02,0,0,0.0000
3054,17734.54,13384.69,0,0,0.0000
3055,17548.53,13489.99,0,0,0.0000
3056,17588.82,13256.51,0,0,0.0000
3057,17319.40,13639.76,0,0,0.0000
3058,17741.13,13606.38,0,0,0.0000
3059,17647.65,13336.29,0,0,0.0000
3060,17451.32,13541.12,0,0,0.0000
3061,17325.13,13824.68,0,0,0.0000
3062,17631.82,13924.59,0,0,0.0000
3063,17551.60,13926.81,0,0,0.0000
3064,17713.37,13887.04,0,0,0.0000
3065,17508.31,13297.30,0,0,0.0000
3066,17693.55,13783.49,0,0,0.0000
3067,17433.59,13354.08,0,0,0.0000
3068,17138.31,13210.86,NaN,NaN,NaN
3069,17105.14,13607.71,0,0,0.0000
3070,17399.43,13415.41,0,0,0.0000
3071,17196.04,13337.65,NaN,NaN,NaN
3072,17508.51,13943.66,0,0,0.0000
3073,17612.38,13327.70,0,0,0.0000
3074,17299.30,13316.07,0,0,0.0000
3075,17733.38,13792.24,0,0,0.0000
3076,17212.04,13431.21,NaN,NaN,NaN
3077,17763.28,13535.77,NaN,NaN,NaN
3078,17382.36,13717.29,0,0,0.0000
3079,17656.29,13291.21,0,0,0.0000
3080,17258.40,13252.43,NaN,NaN,NaN
3081,17647.48,13244.99,0,0,0.0000
3082,17884.66,13590.16,0,0,0.0000
3083,17881.67,13524.93,0,0,0.0000
3084,18418.89,13415.19,0,0,0.0000
3085,17834.67,13731.35,0,0,0.0000
3086,18049.07,13849.03,0,0,0.0000
3087,18567.63,13293.38,0,0,0.0000
3088,17806.96,13848.94,0,0,0.0000
3089,18563.86,13524.64,0,0,0.0000
3090,17844.35,13426.75,0,0,0.0000
3091,17849.89,13652.16,0,0,0.0000
3092,18121.66,13815.29,0,0,0.0000
3093,18578.98,13418.89,0,0,0.0000
3094,18349.10,13542.98,0,0,0.0000
3095,17983.51,13803.20,0,0,0.0000
3096,17921.36,13459.96,0,0,0.0000
3097,18433.12,13608.60,0,0,0.0000
3098,17795.87,13607.50,0,0,0.0000
3099,18229.06,13951.09,0,0,0.0000
3100,18532.83,13363.79,0,0,0.0000
3101,18054.75,13913.61,0,0,0.0000
3102,18170.92,13842.35,0,0,0.0000
3103,18635.53,13239.61,0,0,0.0000
3104,18519.38,13420.14,0,0,0.0000
3105,18126.25,13893.79,0,0,0.0000
3106,17806.54,13366.15,0,0,0.0000
3107,18219.55,13908.65,0,0,0.0000
3108,18483.32,13408.02,0,0,0.0000
3109,18632.72,13654.99,0,0,0.0000
3110,18174.03,13938.33,0,0,0.0000
3111,18670.00,13436.24,0,0,0.0000
3112,18392.07,13458.28,0,0,0.0000
3113,18378.45,13607.02,0,0,0.0000
3114,17818.35,13463.37,0,0,0.0000
3115,18636.63,13348.20,0,0,0.0000
3116,18319.80,13447.37,0,0,0.0000
3117,18416.82,13546.45,0,0,0.0000
3118,18620.28,13581.78,0,0,0.0000
3119,17842.52,13331.17,0,0,0.0000
3120,18226.21,13870.25,0,0,0.0000
3121,702.85,14159.27,0,0,0.0000
3122,684.81,14504.43,0,0,0.0000
3123,645.32,14190.35,0,0,0.0000
3124,745.70,14483.92,0,0,0.0000
3125,449.97,14563.45,0,0,0.0000
3126,714.08,14494.02,0,0,0.0000
3127,774.29,14626.03,0,0,0.0000
3128,688.24,14623.90,0,0,0.0000
3129,626.18,14494.04,0,0,0.0000
3130,401.20,14575.23,0,0,0.0000
3131,1541.08,14329.79,0,0,0.0000
3132,1328.95,14305.65,0,0,0.0000
3133,1213.14,14317.40,NaN,NaN,NaN
3134,1074.35,14251.64,0,0,0.0000
3135,1611.44,14327.53,0,0,0.0000
3136,1537.91,14037.96,0,0,0.0000
3137,1434.49,14147.87,0,0,0.0000
3138,1431.59,14216.82,0,0,0.0000
3139,1616.55,14100.07,0,0,0.0000
3140,1224.53,14265.65,0,0,0.0000
3141,1528.68,14184.70,0,0,0.0000
3142,1644.54,14349.44,0,0,0.0000
3143,1636.95,14425.41,0,0,0.0000
3144,1532.54,14103.81,0,0,0.0000
3145,1225.20,14556.47,0,0,0.0000
3146,1166.70,14228.38,0,0,0.0000
3147,1663.81,14232.24,0,0,0.0000
3148,1559.14,14465.92,0,0,0.0000
3149,1437.93,14278.45,0,0,0.0000
3150,1223.35,14167.86,0,0,0.0000
3151,1386.19,14508.17,0,0,0.0000
3152,1650.14,14157.91,0,0,0.0000
3153,1042.41,14453.77,0,0,0.0000
3154,1480.02,14254.30,0,0,0.0000
3155,1531.76,14257.59,0,0,0.0000
3156,1392.84,14285.65,0,0,0.0000
3157,1484.65,14423.27,0,0,0.0000
3158,1244.19,14370.87,0,0,0.0000
3159,1320.27,14175.63,0,0,0.0000
3160,1166.46,14575.05,0,0,0.0000
3161,1351.55,14204.07,0,0,0.0000
3162,1197.83,14362.32,0,0,0.0000
3163,1018.42,14409.30,0,0,0.0000
3164,1267.32,14197.14,0,0,0.0000
3165,1605.27,14200.12,0,0,0.0000
3166,1415.02,14352.29,0,0,0.0000
3167,992.19,14240.02,0,0,0.0000
3168,1518.82,14521.66,0,0,0.0000
3169,1312.54,14138.00,0,0,0.0000
3170,1171.70,14187.95,0,0,0.0000
3171,1220.78,14409.93,0,0,0.0000
3172,1232.73,13974.74,0,0,0.0000
3173,1605.24,14145.99,0,0,0.0000
3174,1453.69,14179.08,0,0,0.0000
3175,1563.60,14126.75,0,0,0.0000
3176,1296.55,14444.65,0,0,0.0000
3177,1783.94,14141.10,0,0,0.0000
3178,1714.49,14289.99,0,0,0.0000
3179,1772.12,14338.17,0,0,0.0000
3180,1855.63,14203.92,0,0,0.0000
3181,1679.56,14539.59,0,0,0.0000
3182,1706.62,14101.76,0,0,0.0000
3183,1819.26,14268.10,0,0,0.0000
3184,1746.41,14038.13,0,0,0.0000
3185,1841.68,14013.97,0,0,0.0000
3186,1755.86,13987.97,0,0,0.0000
3187,1707.22,14394.60,0,0,0.0000
3188,1730.00,14175.09,0,0,0.0000
3189,1767.22,14234.71,0,0,0.0000
3190,1669.53,14054.58,0,0,0.0000
3191,3151.52,14676.56,0,0,0.0000
3192,2750.80,14505.67,0,0,0.0000
3193,2525.58,14616.78,0,0,0.0000
3194,2923.64,14686.73,0,0,0.0000
3195,2804.14,14657.90,0,0,0.0000
3196,3905.00,13993.02,0,0,0.0000
3197,3629.56,14086.33,0,0,0.0000
3198,3599.38,14027.77,0,0,0.0000
3199,3691.74,14211.92,0,0,0.0000
3200,3918.26,14118.21,0,0,0.0000
3201,3468.68,14509.98,0,0,0.0000
3202,3961.70,14398.06,0,0,0.0000
3203,3850.31,14093.74,0,0,0.0000
3204,3877.73,14058.96,0,0,0.0000
3205,3742.87,14056.09,0,0,0.0000
3206,3942.69,14511.76,0,0,0.0000
3207,3215.19,14676.50,0,0,0.0000
3208,3781.18,14027.19,0,0,0.0000
3209,3531.66,14595.46,NaN,NaN,NaN
3210,3910.31,14408.37,0,0,0.0000
3211,3899.63,14354.77,0,0,0.0000
3212,3902.17,14613.17,0,0,0.0000
3213,4097.41,14233.11,0,0,0.0000
3214,4160.94,14092.96,0,0,0.0000
3215,4260.01,14127.68,0,0,0.0000
3216,4317.40,14297.54,0,0,0.0000
3217,4533.43,14262.45,0,0,0.0000
3218,4407.99,14218.19,0,0,0.0000
3219,4530.86,14120.70,0,0,0.0000
3220,4471.18,14481.58,NaN,NaN,NaN
3221,4723.25,14575.68,0,0,0.0000
3222,4238.69,14682.31,0,0,0.0000
3223,4551.41,14494.42,0,0,0.0000
3224,4151.57,14019.97,0,0,0.0000
3225,4109.20,13971.51,0,0,0.0000
3226,3980.13,14030.13,0,0,0.0000
3227,3972.76,14298.47,0,0,0.0000
3228,4339.06,14554.58,0,0,0.0000
3229,4113.10,14396.89,0,0,0.0000
3230,4662.75,14065.60,0,0,0.0000
3231,4218.47,14288.46,0,0,0.0000
3232,4138.94,14550.50,NaN,NaN,NaN
3233,4348.50,14136.49,0,0,0.0000
3234,4562.83,14035.51,0,0,0.0000
3235,4368.67,14369.32,0,0,0.0000
3236,4717.56,14261.40,0,0,0.0000
3237,4715.28,14119.13,NaN,NaN,NaN
3238,4533.60,14382.00,0,0,0.0000
3239,4672.84,14320.49,0,0,0.0000
3240,4021.32,14363.27,0,0,0.0000
3241,4085.21,14345.63,0,0,0.0000
3242,4260.57,14452.41,0,0,0.0000
3243,4372.01,14626.58,0,0,0.0000
3244,4211.63,14193.57,0,0,0.0000
3245,4089.54,14512.69,NaN,NaN,NaN
3246,4316.73,14456.35,0,0,0.0000
3247,4254.29,13992.32,0,0,0.0000
3248,4409.19,14556.96,0,0,0.0000
3249,4194.46,14377.60,0,0,0.0000
3250,3974.50,14175.11,0,0,0.0000
3251,3988.16,14110.94,0,0,0.0000
3252,4266.91,14606.31,0,0,0.0000
3253,4208.35,14591.69,0,0,0.0000
3254,4085.03,14455.51,0,0,0.0000
3255,4040.01,14010.63,0,0,0.0000
3256,4418.01,14080.95,2,1,0.0000
3257,4468.41,14252.31,0,0,0.0000
3258,4441.70,14414.86,0,0,0.0000
3259,4502.19,13967.65,0,0,0.0000
3260,4137.04,14468.23,0,0,0.0000
3261,4634.87,14209.42,0,0,0.0000
3262,4023.61,14527.55,2,1,0.0000
3263,4418.17,14714.38,0,0,0.0000
3264,4470.27,14184.66,0,0,0.0000
3265,4722.06,14640.75,0,0,0.0000
3266,4202.30,14718.25,0,0,0.0000
3267,4633.13,14254.50,0,0,0.0000
3268,4328.38,14702.39,0,0,0.0000
3269,4449.61,14334.55,0,0,0.0000
3270,4376.39,14005.17,0,0,0.0000
3271,4328.00,14045.10,0,0,0.0000
3272,4387.17,14460.13,0,0,0.0000
3273,4702.34,14372.66,0,0,0.0000
3274,4663.86,14631.01,0,0,0.0000
3275,4050.20,14098.52,0,0,0.0000
3276,4054.55,14568.26,2,3,0.0000
3277,4025.27,14183.64,0,0,0.0000
3278,3985.18,14491.12,2,2,0.0000
3279,4402.51,14318.53,0,0,0.0000
3280,4523.21,14603.08,0,0,0.0000
3281,4291.92,14534.22,0,0,0.0000
3282,4140.15,14713.56,0,0,0.0000
3283,4582.86,14339.64,0,0,0.0000
3284,4702.90,14407.67,0,0,0.0000
3285,4673.41,14196.69,0,0,0.0000
3286,4580.14,13986.82,0,0,0.0000
3287,4031.58,14135.84,0,0,0.0000
3288,5179.74,14513.71,NaN,NaN,NaN
3289,5179.31,14692.02,0,0,0.0000
3290,5238.47,14570.75,0,0,0.0000
3291,5243.02,14633.91,0,0,0.0000
3292,5187.56,14402.58,0,0,0.0000
3293,5311.33,14531.02,0,0,0.0000
3294,5424.01,14156.95,NaN,NaN,NaN
3295,5252.88,14460.46,0,0,0.0000
3296,5162.47,14311.83,NaN,NaN,NaN
3297,5343.15,14472.96,0,0,0.0000
3298,5375.34,14664.38,0,0,0.0000
3299,5105.86,14495.52,0,0,0.0000
3300,5494.31,14182.59,0,0,0.0000
3301,5108.99,14397.14,0,0,0.0000
3302,5108.70,14444.66,2,0,0.0000
3303,5134.70,14346.80,2,1,0.0000
3304,5143.83,14624.72,0,0,0.0000
3305,5445.08,13983.49,0,0,0.0000
3306,5903.38,14138.77,0,0,0.0000
3307,6119.26,14153.73,0,0,0.0000
3308,6242.14,14063.00,0,0,0.0000
3309,6133.32,14057.75,0,0,0.0000
3310,5754.75,14083.30,0,0,0.0000
3311,6161.39,14636.68,0,0,0.0000
3312,6261.32,14202.04,0,0,0.0000
3313,6044.93,14110.48,0,0,0.0000
3314,5959.32,14047.43,0,0,0.0000
3315,5655.57,14220.62,0,0,0.0000
3316,5700.94,13987.41,0,0,0.0000
3317,5905.46,13998.97,0,0,0.0000
3318,5843.20,13952.34,0,0,0.0000
3319,5749.13,14148.18,0,0,0.0000
3320,5618.98,14012.35,0,0,0.0000
3321,6037.15,14194.23,0,0,0.0000
3322,6137.12,14270.24,0,0,0.0000
3323,5694.42,14053.37,0,0,0.0000
3324,5546.64,14071.68,0,0,0.0000
3325,6092.50,13955.19,0,0,0.0000
3326,6037.90,14257.63,0,0,0.0000
3327,6029.41,14607.44,0,0,0.0000
3328,6004.90,14123.07,0,0,0.0000
3329,6268.84,13987.37,0,0,0.0000
3330,5767.16,13975.52,0,0,0.0000
3331,5698.88,14192.36,0,0,0.0000
3332,6221.53,14240.87,0,0,0.0000
3333,5760.71,14255.21,0,0,0.0000
3334,5567.63,13993.66,0,0,0.0000
3335,5749.41,14025.52,0,0,0.0000
3336,6055.95,14653.17,0,0,0.0000
3337,6224.20,14662.64,0,0,0.0000
3338,6151.72,13977.65,0,0,0.0000
3339,5714.66,14250.78,0,0,0.0000
3340,5776.84,14192.23,0,0,0.0000
3341,6044.46,13981.85,0,0,0.0000
3342,6194.29,14309.28,0,0,0.0000
3343,5805.90,14229.07,0,0,0.0000
3344,5994.50,14205.66,0,0,0.0000
3345,5663.62,14129.16,0,0,0.0000
3346,5585.99,14127.28,0,0,0.0000
3347,6192.73,14273.57,0,0,0.0000
3348,6332.91,14676.29,0,0,0.0000
3349,6784.23,14456.50,0,0,0.0000
3350,6888.09,14242.64,0,0,0.0000
3351,6413.26,14132.41,0,0,0.0000
3352,6977.67,14401.04,0,0,0.0000
3353,6457.58,14221.10,0,0,0.0000
3354,6568.31,14392.12,0,0,0.0000
3355,6664.69,14231.66,0,0,0.0000
3356,6698.64,14477.16,0,0,0.0000
3357,6751.18,14364.88,0,0,0.0000
3358,6904.64,14424.17,NaN,NaN,NaN
3359,6752.65,14164.96,0,0,0.0000
3360,6643.30,14071.31,0,0,0.0000
3361,6944.74,14617.81,0,0,0.0000
3362,6500.47,14076.12,0,0,0.0000
3363,6661.66,14128.60,4,6,0.0000
3364,6803.94,14323.41,0,0,0.0000
3365,6881.67,14353.86,NaN,NaN,NaN
3366,6462.76,14301.63,0,0,0.0000
3367,6339.55,14544.35,0,0,0.0000
3368,6344.74,14282.54,0,0,0.0000
3369,6370.36,13998.81,0,0,0.0000
3370,7039.03,14295.56,0,0,0.0000
3371,7016.85,14502.98,0,0,0.0000
3372,6406.72,14258.41,0,0,0.0000
3373,6778.53,14219.57,0,0,0.0000
3374,6874.46,14657.04,0,0,0.0000
3375,6679.17,14361.83,0,0,0.0000
3376,6959.82,14542.97,0,0,0.0000
3377,6947.79,14489.20,0,0,0.0000
3378,6713.84,14303.23,0,0,0.0000
3379,6925.88,14658.50,0,0,0.0000
3380,6446.86,14001.70,0,0,0.0000
3381,7028.53,14397.84,0,0,0.0000
3382,6652.17,14425.92,0,0,0.0000
3383,6431.72,14068.27,0,0,0.0000
3384,6524.54,14013.95,0,0,0.0000
3385,6584.47,14281.27,0,0,0.0000
3386,6834.94,14565.16,0,0,0.0000
3387,6427.32,14682.34,0,0,0.0000
3388,6847.40,14441.48,0,0,0.0000
3389,6783.60,14282.68,0,0,0.0000
3390,6859.54,14529.69,0,0,0.0000
3391,6366.52,14194.28,0,0,0.0000
3392,6292.85,14538.10,0,0,0.0000
3393,6606.19,14347.24,0,0,0.0000
3394,6303.27,14488.20,0,0,0.0000
3395,6543.49,14291.72,0,0,0.0000
3396,6759.31,14505.09,0,0,0.0000
3397,6295.64,14255.63,0,0,0.0000
3398,6562.74,14167.17,0,0,0.0000
3399,6321.90,13967.34,0,0,0.0000
3400,6824.92,14249.59,0,0,0.0000
3401,7580.10,14590.31,0,0,0.0000
3402,7435.62,14556.99,0,0,0.0000
3403,7538.16,14677.88,0,0,0.0000
3404,7687.19,14436.98,0,0,0.0000
3405,7294.68,14072.47,0,0,0.0000
3406,7396.66,14191.78,0,0,0.0000
3407,7073.15,14454.49,0,0,0.0000
3408,7186.01,14051.42,0,0,0.0000
3409,7236.65,13984.23,0,0,0.0000
3410,7566.13,14402.04,0,0,0.0000
3411,7690.39,14366.01,0,0,0.0000
3412,7498.15,14118.68,0,0,0.0000
3413,7384.20,14009.37,0,0,0.0000
3414,7528.39,14456.25,0,0,0.0000
3415,7536.00,14503.74,0,0,0.0000
3416,7074.06,14380.31,0,0,0.0000
3417,7419.81,13978.49,0,0,0.0000
3418,7516.53,14238.61,0,0,0.0000
3419,7322.75,14017.32,0,0,0.0000
3420,7571.37,14333.84,0,0,0.0000
3421,7356.87,14366.37,NaN,NaN,NaN
3422,7642.78,14407.37,0,0,0.0000
3423,7374.06,14084.51,0,0,0.0000
3424,7473.95,14511.57,0,0,0.0000
3425,7615.43,14347.34,0,0,0.0000
3426,7397.52,14380.14,0,0,0.0000
3427,7647.59,14553.56,0,0,0.0000
3428,7338.08,14171.45,0,0,0.0000
3429,7479.21,14582.24,0,0,0.0000
3430,7453.80,14022.86,0,0,0.0000
3431,7440.59,14134.08,0,0,0.0000
3432,7055.16,14575.40,0,0,0.0000
3433,7441.75,14357.01,0,0,0.0000
3434,7779.40,14381.88,0,0,0.0000
3435,7443.96,14330.45,0,0,0.0000
3436,7250.57,14133.54,0,0,0.0000
3437,7352.18,14215.58,0,0,0.0000
3438,7114.56,14591.04,0,0,0.0000
3439,7484.44,14218.60,0,0,0.0000
3440,7381.89,14323.30,0,0,0.0000
3441,7606.94,14497.80,0,0,0.0000
3442,7285.69,14240.48,0,0,0.0000
3443,7313.83,13969.96,0,0,0.0000
3444,7447.82,14188.81,0,0,0.0000
3445,8417.43,13967.32,0,0,0.0000
3446,7932.83,14673.31,0,0,0.0000
3447,8545.17,14042.96,NaN,NaN,NaN
3448,7943.89,14604.46,0,0,0.0000
3449,8546.12,14122.88,NaN,NaN,NaN
3450,8006.07,14696.13,0,0,0.0000
3451,8504.59,14079.90,0,0,0.0000
3452,7854.33,14454.22,0,0,0.0000
3453,8234.79,14259.77,0,0,0.0000
3454,8384.60,14032.34,0,0,0.0000
3455,7857.75,14671.05,0,0,0.0000
3456,8010.11,14638.79,0,0,0.0000
3457,8825.98,13958.27,0,0,0.0000
3458,8892.03,14163.43,0,0,0.0000
3459,8838.04,14090.14,0,0,0.0000
3460,8954.33,14238.62,0,0,0.0000
3461,8889.52,14371.60,0,0,0.0000
3462,9268.39,14009.40,0,0,0.0000
3463,8913.56,14000.92,0,0,0.0000
3464,9276.71,14691.33,0,0,0.0000
3465,8820.20,14196.04,0,0,0.0000
3466,9313.27,14176.49,0,0,0.0000
3467,8693.77,13990.32,NaN,NaN,NaN
3468,8657.22,14038.42,0,0,0.0000
3469,8724.58,14134.31,0,0,0.0000
3470,9026.55,14421.22,0,0,0.0000
3471,8822.60,14315.47,0,0,0.0000
3472,8601.76,14101.43,2,4,2.0000
3473,8698.90,14449.22,0,0,0.0000
3474,8680.13,14089.98,0,0,0.0000
3475,8970.50,14129.95,0,0,0.0000
3476,8869.73,14250.09,0,0,0.0000
3477,8804.54,14516.27,0,0,0.0000
3478,9039.85,14365.94,0,0,0.0000
3479,8760.80,14016.26,0,0,0.0000
3480,8710.56,14379.55,0,0,0.0000
3481,9275.90,14120.44,0,0,0.0000
3482,9343.31,14294.74,0,0,0.0000
3483,9288.86,14514.21,0,0,0.0000
3484,9041.60,14294.54,0,0,0.0000
3485,8757.21,13955.76,0,0,0.0000
3486,8922.23,14058.75,0,0,0.0000
3487,8972.09,14079.57,0,0,0.0000
3488,8603.36,14160.75,NaN,NaN,NaN
3489,8920.70,14301.45,0,0,0.0000
3490,8737.90,14391.89,0,0,0.0000
3491,9288.51,14631.36,0,0,0.0000
3492,9269.95,14082.88,0,0,0.0000
3493,8930.54,14100.69,0,0,0.0000
3494,9330.40,14027.35,0,0,0.0000
3495,8966.72,14348.09,0,0,0.0000
3496,9333.92,14373.53,0,0,0.0000
3497,8749.34,14317.47,0,0,0.0000
3498,9207.21,14465.84,0,0,0.0000
3499,8781.26,14049.67,0,0,0.0000
3500,9323.62,14117.06,0,0,0.0000
3501,9329.12,14489.34,0,0,0.0000
3502,8723.00,14272.07,0,0,0.0000
3503,9419.64,14392.52,2,1,0.0000
3504,9605.07,14492.15,NaN,NaN,NaN
3505,9524.62,13968.54,3,2,0.0000
3506,9934.94,14685.73,0,0,0.0000
3507,9822.86,14088.04,NaN,NaN,NaN
3508,9671.95,14613.77,NaN,NaN,NaN
3509,9853.54,14614.87,0,0,0.0000
3510,9618.58,14209.44,NaN,NaN,NaN
3511,9557.30,14348.13,0,0,0.0000
3512,9979.23,14208.88,NaN,NaN,NaN
3513,9348.40,14595.36,NaN,NaN,NaN
3514,9663.36,14090.10,NaN,NaN,NaN
3515,9475.62,14711.56,0,0,0.0000
3516,9980.37,14603.75,2,1,0.0000
3517,9702.92,14532.28,NaN,NaN,NaN
3518,9927.37,14554.44,NaN,NaN,NaN
3519,9402.93,14017.95,0,0,0.0000
3520,9862.18,14201.60,0,0,0.0000
3521,10044.51,14039.44,NaN,NaN,NaN
3522,9692.81,14681.68,0,0,0.0000
3523,9956.74,14065.13,3,2,0.0000
3524,9487.11,14627.58,0,0,0.0000
3525,9739.15,14040.98,NaN,NaN,NaN
3526,9776.89,14661.70,0,0,0.0000
3527,9695.24,14326.57,0,0,0.0000
3528,9599.82,14024.05,NaN,NaN,NaN
3529,9801.37,14547.04,0,0,0.0000
3530,9365.45,14676.70,NaN,NaN,NaN
3531,9766.33,13968.26,0,0,0.0000
3532,9557.14,14602.44,0,0,0.0000
3533,10088.17,14546.48,0,0,0.0000
3534,9979.97,14491.49,0,0,0.0000
3535,9482.96,14130.28,0,0,0.0000
3536,9471.34,14207.28,0,0,0.0000
3537,9895.44,14091.69,0,0,0.0000
3538,9692.69,14409.38,0,0,0.0000
3539,9734.69,14118.29,0,0,0.0000
3540,9394.36,14253.88,0,0,0.0000
3541,10078.99,14472.85,NaN,NaN,NaN
3542,9780.61,14481.76,0,0,0.0000
3543,9494.41,14379.99,NaN,NaN,NaN
3544,9354.66,14086.74,0,0,0.0000
3545,9528.13,14241.09,0,0,0.0000
3546,9560.54,14106.72,2,2,0.0000
3547,10104.26,14389.30,0,0,0.0000
3548,9700.27,14261.04,0,0,0.0000
3549,9786.91,14187.75,0,0,0.0000
3550,9471.06,14063.09,0,0,0.0000
3551,10107.15,14184.90,NaN,NaN,NaN
3552,9383.72,14140.22,0,0,0.0000
3553,10029.07,14437.94,0,0,0.0000
3554,9748.18,14428.02,0,0,0.0000
3555,9688.32,14187.49,NaN,NaN,NaN
3556,10102.04,14604.79,NaN,NaN,NaN
3557,9611.98,14587.63,0,0,0.0000
3558,10101.67,14091.01,4,2,0.0000
3559,9517.47,14503.60,0,0,0.0000
3560,9546.90,14677.01,NaN,NaN,NaN
3561,10050.83,14189.29,NaN,NaN,NaN
3562,10043.84,14140.34,NaN,NaN,NaN
3563,9676.74,14009.58,0,0,0.0000
3564,9866.03,14517.84,0,0,0.0000
3565,9450.40,14554.06,0,0,0.0000
3566,9486.29,14534.69,0,0,0.0000
3567,9442.63,14084.69,0,0,0.0000
3568,9587.54,14276.79,0,0,0.0000
3569,9830.25,14458.99,0,0,0.0000
3570,9461.88,14577.65,0,0,0.0000
3571,9844.20,14703.42,0,0,0.0000
3572,10037.47,14643.02,0,0,0.0000
3573,9636.12,14144.09,NaN,NaN,NaN
3574,10081.07,13976.43,0,0,0.0000
3575,10105.26,14420.75,NaN,NaN,NaN
3576,9645.65,14411.00,0,0,0.0000
3577,10731.38,14261.68,0,0,0.0000
3578,10136.49,14658.87,NaN,NaN,NaN
3579,10755.11,14365.05,NaN,NaN,NaN
3580,10776.29,14134.73,0,0,0.0000
3581,10204.62,14406.40,0,0,0.0000
3582,10222.23,14621.84,0,0,0.0000
3583,10748.15,14180.28,0,0,0.0000
3584,10164.30,14460.37,0,0,0.0000
3585,10202.86,14534.55,0,0,0.0000
3586,10533.11,14354.80,0,0,0.0000
3587,10843.11,14021.37,0,0,0.0000
3588,10170.42,14075.00,0,0,0.0000
3589,10169.91,14588.45,0,0,0.0000
3590,10342.66,14440.44,0,0,0.0000
3591,10231.73,14486.64,NaN,NaN,NaN
3592,10856.63,14400.14,0,0,0.0000
3593,10813.86,14246.15,0,0,0.0000
3594,10835.11,14318.46,NaN,NaN,NaN
3595,10466.65,14339.33,0,0,0.0000
3596,10112.13,13965.69,2,3,0.0000
3597,10793.94,14436.71,0,0,0.0000
3598,10825.18,14121.31,0,0,0.0000
3599,10145.46,13992.23,0,0,0.0000
3600,10377.45,14197.66,0,0,0.0000
3601,10190.18,14352.15,0,0,0.0000
3602,10663.00,14273.50,0,0,0.0000
3603,10484.79,14302.66,0,0,0.0000
3604,10838.29,14213.61,0,0,0.0000
3605,10140.99,14556.40,0,0,0.0000
3606,10337.76,14295.31,0,0,0.0000
3607,10258.16,14354.84,0,0,0.0000
3608,10217.08,14154.10,NaN,NaN,NaN
3609,10256.50,14556.80,0,0,0.0000
3610,10200.01,14111.05,NaN,NaN,NaN
3611,10700.57,14311.66,0,0,0.0000
3612,10554.24,14153.05,0,0,0.0000
3613,11417.68,14263.00,0,0,0.0000
3614,11303.56,14119.42,0,0,0.0000
3615,11224.97,14517.29,0,0,0.0000
3616,10892.37,14129.36,0,0,0.0000
3617,11559.48,14012.96,0,0,0.0000
3618,11089.53,14491.45,0,0,0.0000
3619,11447.60,14709.96,0,0,0.0000
3620,11037.63,14403.32,0,0,0.0000
3621,10904.66,14244.66,0,0,0.0000
3622,11309.40,13973.46,NaN,NaN,NaN
3623,11066.26,14034.86,0,0,0.0000
3624,11646.32,14300.67,0,0,0.0000
3625,11483.52,14393.38,0,0,0.0000
3626,11374.43,14559.12,0,0,0.0000
3627,11305.73,14599.73,0,0,0.0000
3628,10934.19,14467.43,0,0,0.0000
3629,11587.20,14609.24,0,0,0.0000
3630,11576.15,14191.63,NaN,NaN,NaN
3631,10891.34,14034.32,0,0,0.0000
3632,11378.71,13998.05,0,0,0.0000
3633,11482.77,14535.59,0,0,0.0000
3634,10912.92,14303.44,0,0,0.0000
3635,10903.87,14414.38,0,0,0.0000
3636,11530.89,14614.79,0,0,0.0000
3637,10965.08,14120.61,0,0,0.0000
3638,11413.93,14059.70,0,0,0.0000
3639,11190.38,14103.18,0,0,0.0000
3640,10991.46,14070.89,0,0,0.0000
3641,11587.79,14108.34,0,0,0.0000
3642,11647.32,14492.35,0,0,0.0000
3643,11544.11,14416.03,0,0,0.0000
3644,11612.41,14420.98,0,0,0.0000
3645,11606.10,14240.95,0,0,0.0000
3646,10991.16,14325.59,0,0,0.0000
3647,11073.43,14146.87,0,0,0.0000
3648,11124.22,14125.61,0,0,0.0000
3649,11418.56,14496.48,0,0,0.0000
3650,11426.86,14616.37,0,0,0.0000
3651,11339.15,14411.00,0,0,0.0000
3652,11533.20,14699.69,0,0,0.0000
3653,11628.78,14366.26,0,0,0.0000
3654,11390.42,14420.98,0,0,0.0000
3655,11035.57,14099.58,0,0,0.0000
3656,11486.32,14456.03,0,0,0.0000
3657,10905.76,14348.95,0,0,0.0000
3658,11372.55,14153.26,0,0,0.0000
3659,11533.32,14119.19,0,0,0.0000
3660,10986.97,14529.37,0,0,0.0000
3661,10958.02,14222.98,0,0,0.0000
3662,11612.76,14659.92,0,0,0.0000
3663,11201.73,14038.39,0,0,0.0000
3664,12350.65,14235.26,0,0,0.0000
3665,12121.74,13980.07,0,0,0.0000
3666,12037.67,13985.69,0,0,0.0000
3667,11959.49,14572.66,0,0,0.0000
3668,11727.35,14624.73,0,0,0.0000
3669,12394.16,13988.33,0,0,0.0000
3670,12236.39,14208.14,0,0,0.0000
3671,12332.82,14027.78,0,0,0.0000
3672,11676.73,14120.05,0,0,0.0000
3673,11887.05,14142.27,0,0,0.0000
3674,11867.20,14254.45,0,0,0.0000
3675,12015.41,14685.83,0,0,0.0000
3676,12043.02,14052.07,0,0,0.0000
3677,11794.04,14297.04,0,0,0.0000
3678,12016.66,14194.49,0,0,0.0000
3679,11652.19,14033.89,0,0,0.0000
3680,11749.02,14147.42,0,0,0.0000
3681,12304.16,14349.65,0,0,0.0000
3682,12176.49,14122.16,0,0,0.0000
3683,11839.79,14533.38,0,0,0.0000
3684,12381.94,14377.43,0,0,0.0000
3685,11668.53,14426.74,0,0,0.0000
3686,11862.38,14363.73,0,0,0.0000
3687,12225.43,14074.63,0,0,0.0000
3688,11746.88,14470.55,0,0,0.0000
3689,11930.00,14441.74,0,0,0.0000
3690,11920.61,14080.79,0,0,0.0000
3691,11702.15,14371.16,0,0,0.0000
3692,11761.34,14365.66,0,0,0.0000
3693,11856.04,14599.50,0,0,0.0000
3694,11740.43,14197.73,0,0,0.0000
3695,11936.44,14226.11,0,0,0.0000
3696,11702.44,14492.90,0,0,0.0000
3697,12203.95,14002.52,0,0,0.0000
3698,11659.28,14558.64,0,0,0.0000
3699,11984.57,14081.33,0,0,0.0000
3700,12225.02,14141.55,0,0,0.0000
3701,12403.22,14314.74,0,0,0.0000
3702,11815.56,14243.70,0,0,0.0000
3703,11783.37,14242.31,0,0,0.0000
3704,11955.04,14156.12,0,0,0.0000
3705,12285.98,14056.85,0,0,0.0000
3706,11877.98,14561.25,0,0,0.0000
3707,12842.65,14350.34,0,0,0.0000
3708,12779.68,14454.02,0,0,0.0000
3709,12894.90,14465.39,NaN,NaN,NaN
3710,12740.40,14119.56,0,0,0.0000
3711,12584.16,14519.21,0,0,0.0000
3712,12595.39,14220.00,0,0,0.0000
3713,13036.77,14677.21,NaN,NaN,NaN
3714,12662.53,14337.37,0,0,0.0000
3715,12814.63,14281.74,0,0,0.0000
3716,13094.41,14701.10,0,0,0.0000
3717,12659.31,14424.50,0,0,0.0000
3718,12540.33,14200.05,0,0,0.0000
3719,12712.26,14480.70,0,0,0.0000
3720,12701.43,14205.09,0,0,0.0000
3721,12455.04,14199.33,0,0,0.0000
3722,12519.43,14568.06,0,0,0.0000
3723,12623.94,14273.55,0,0,0.0000
3724,12581.69,14304.62,0,0,0.0000
3725,12500.35,13978.87,0,0,0.0000
3726,12914.80,14333.93,0,0,0.0000
3727,12487.22,14330.01,0,0,0.0000
3728,12735.48,14378.54,0,0,0.0000
3729,12528.83,14389.99,0,0,0.0000
3730,12742.90,14284.81,0,0,0.0000
3731,12649.33,14494.17,0,0,0.0000
3732,12763.21,14198.33,0,0,0.0000
3733,12695.62,14570.58,0,0,0.0000
3734,12479.22,14395.88,0,0,0.0000
3735,12419.54,14040.14,0,0,0.0000
3736,12830.82,14220.48,0,0,0.0000
3737,12983.31,14594.24,NaN,NaN,NaN
3738,12525.37,14302.90,0,0,0.0000
3739,12937.26,14479.48,NaN,NaN,NaN
3740,12596.05,14417.44,0,0,0.0000
3741,12455.58,14051.38,0,0,0.0000
3742,12848.77,14535.05,0,0,0.0000
3743,12497.66,14231.78,0,0,0.0000
3744,12765.54,14556.78,0,0,0.0000
3745,12593.81,14361.16,0,0,0.0000
3746,14543.45,14507.64,0,0,0.0000
3747,14530.35,14373.61,0,0,0.0000
3748,14590.75,14595.73,0,0,0.0000
3749,14527.44,14261.06,0,0,0.0000
3750,14613.46,14679.65,0,0,0.0000
3751,14528.27,14018.73,0,0,0.0000
3752,14590.43,14298.29,0,0,0.0000
3753,14574.20,14215.84,0,0,0.0000
3754,14602.01,14416.72,0,0,0.0000
3755,14555.17,14318.51,0,0,0.0000
3756,14473.15,14023.22,0,0,0.0000
3757,14466.76,14572.68,0,0,0.0000
3758,14499.55,14610.36,0,0,0.0000
3759,15478.92,14567.09,0,0,0.0000
3760,15289.50,14584.82,0,0,0.0000
3761,15219.63,14358.70,0,0,0.0000
3762,15422.73,14401.69,0,0,0.0000
3763,15195.95,14110.92,0,0,0.0000
3764,15433.65,14235.19,0,0,0.0000
3765,15310.31,14194.28,0,0,0.0000
3766,15174.03,14271.42,0,0,0.0000
3767,15379.45,14285.58,0,0,0.0000
3768,15225.75,14190.71,0,0,0.0000
3769,15200.12,14453.68,0,0,0.0000
3770,15324.47,14655.69,0,0,0.0000
3771,15126.28,14364.05,0,0,0.0000
3772,15106.96,14243.92,0,0,0.0000
3773,15127.25,14492.31,0,0,0.0000
3774,15107.35,14448.88,0,0,0.0000
3775,15280.31,14284.39,0,0,0.0000
3776,15318.68,14403.39,0,0,0.0000
3777,15194.20,14542.80,0,0,0.0000
3778,15457.59,14696.21,0,0,0.0000
3779,15255.92,14501.39,0,0,0.0000
3780,15105.56,14562.42,0,0,0.0000
3781,15379.82,14172.15,0,0,0.0000
3782,15188.82,14653.66,0,0,0.0000
3783,15238.83,14256.46,0,0,0.0000
3784,15387.44,14504.18,0,0,0.0000
3785,15134.35,14208.77,0,0,0.0000
3786,15461.01,14180.45,0,0,0.0000
3787,15364.83,14217.33,0,0,0.0000
3788,15509.40,14293.11,0,0,0.0000
3789,15499.39,14406.02,0,0,0.0000
3790,15554.38,14350.93,0,0,0.0000
3791,15590.41,14122.77,NaN,NaN,NaN
3792,15529.49,14210.58,0,0,0.0000
3793,15534.89,14163.03,3,1,0.0000
3794,17490.49,14304.74,0,0,0.0000
3795,17482.37,14082.53,0,0,0.0000
3796,17764.69,14363.94,0,0,0.0000
3797,17780.47,14517.74,0,0,0.0000
3798,17584.72,14049.42,0,0,0.0000
3799,17429.22,13953.35,0,0,0.0000
3800,17656.26,14085.76,0,0,0.0000
3801,17726.86,14294.54,0,0,0.0000
3802,17714.53,14159.36,0,0,0.0000
3803,17625.65,14182.90,0,0,0.0000
3804,17585.18,14361.75,0,0,0.0000
3805,17671.98,14336.67,0,0,0.0000
3806,17476.26,14231.84,0,0,0.0000
3807,17525.98,14375.54,0,0,0.0000
3808,17603.17,14236.07,0,0,0.0000
3809,17661.93,14000.98,0,0,0.0000
3810,17508.35,14010.47,0,0,0.0000
3811,17516.23,14204.55,0,0,0.0000
3812,17543.38,14175.50,0,0,0.0000
3813,17505.82,14426.84,0,0,0.0000
3814,17413.39,14028.61,0,0,0.0000
3815,17293.58,14017.21,0,0,0.0000
3816,17210.54,13984.00,0,0,0.0000
3817,17346.90,13991.06,0,0,0.0000
3818,17554.31,14130.79,0,0,0.0000
3819,17763.66,14018.48,0,0,0.0000
3820,17590.37,14305.86,0,0,0.0000
3821,17678.03,14275.91,0,0,0.0000
3822,17728.90,14434.50,0,0,0.0000
3823,18200.64,14618.64,0,0,0.0000
3824,17953.35,14322.17,0,0,0.0000
3825,18047.49,14517.71,0,0,0.0000
3826,18104.58,14376.30,0,0,0.0000
3827,17927.81,14462.96,NaN,NaN,NaN
3828,17815.84,14711.56,0,0,0.0000
3829,17832.80,14647.85,0,0,0.0000
3830,17890.16,14606.48,0,0,0.0000
3831,18244.64,14335.13,0,0,0.0000
3832,18150.29,13996.38,0,0,0.0000
3833,18297.41,14405.66,0,0,0.0000
3834,17847.47,14333.94,0,0,0.0000
3835,18159.53,14192.53,0,0,0.0000
3836,17830.57,14202.24,0,0,0.0000
3837,18047.43,14284.20,0,0,0.0000
3838,18254.34,14229.22,0,0,0.0000
3839,17838.92,14072.19,0,0,0.0000
3840,18378.31,14708.90,0,0,0.0000
3841,18257.90,14464.85,0,0,0.0000
3842,17935.77,14162.07,NaN,NaN,NaN
3843,17988.58,14644.15,0,0,0.0000
3844,18394.26,14623.83,0,0,0.0000
3845,18199.33,14120.07,0,0,0.0000
3846,17917.64,14004.95,0,0,0.0000
3847,18001.03,14214.36,0,0,0.0000
3848,18476.74,14585.31,0,0,0.0000
3849,18286.68,14106.63,0,0,0.0000
3850,18303.54,14501.95,0,0,0.0000
3851,18114.79,14242.64,0,0,0.0000
3852,18348.94,14553.86,0,0,0.0000
3853,17810.44,14123.82,0,0,0.0000
3854,18350.76,14438.76,0,0,0.0000
3855,18337.27,14235.67,0,0,0.0000
3856,17921.07,14379.52,0,0,0.0000
3857,18010.27,14449.27,0,0,0.0000
3858,18291.55,14026.27,0,0,0.0000
3859,18187.60,14437.63,0,0,0.0000
3860,18287.78,14281.90,0,0,0.0000
3861,18224.81,14390.88,0,0,0.0000
3862,18047.82,14418.25,0,0,0.0000
3863,18029.29,14110.57,0,0,0.0000
3864,18043.12,14052.03,0,0,0.0000
3865,17956.31,14581.51,0,0,0.0000
3866,18246.60,14024.56,0,0,0.0000
3867,18032.41,13974.96,0,0,0.0000
3868,18333.44,14122.96,0,0,0.0000
3869,17817.70,14294.29,0,0,0.0000
3870,18326.02,14299.91,0,0,0.0000
3871,18369.65,14151.49,0,0,0.0000
3872,18200.70,14166.10,0,0,0.0000
3873,18332.88,14070.01,0,0,0.0000
3874,18340.31,14180.09,0,0,0.0000
3875,18018.60,14147.94,0,0,0.0000
3876,18357.43,14032.39,0,0,0.0000
3877,18116.39,14299.01,0,0,0.0000
3878,17837.97,14503.01,0,0,0.0000
3879,18070.63,13984.20,0,0,0.0000
3880,17854.93,14000.78,0,0,0.0000
3881,18380.67,14496.34,0,0,0.0000
3882,18214.92,13983.17,0,0,0.0000
3883,67.23,15393.46,0,0,0.0000
3884,376.06,15369.06,0,0,0.0000
3885,281.28,15378.57,0,0,0.0000
3886,453.46,15403.47,0,0,0.0000
3887,516.20,15385.63,0,0,0.0000
3888,219.92,15430.80,0,0,0.0000
3889,702.92,15401.94,0,0,0.0000
3890,158.61,15451.94,0,0,0.0000
3891,506.77,15035.36,0,0,0.0000
3892,492.63,15443.25,0,0,0.0000
3893,124.33,15387.83,0,0,0.0000
3894,403.52,15439.42,0,0,0.0000
3895,305.96,15337.91,0,0,0.0000
3896,439.11,15367.79,0,0,0.0000
3897,440.95,15031.48,0,0,0.0000
3898,185.76,15391.76,0,0,0.0000
3899,152.30,15407.68,0,0,0.0000
3900,324.24,15436.57,0,0,0.0000
3901,560.55,15025.19,0,0,0.0000
3902,603.27,15046.52,0,0,0.0000
3903,653.25,15034.31,0,0,0.0000
3904,1083.44,14911.88,0,0,0.0000
3905,984.15,14907.37,0,0,0.0000
3906,1144.77,14914.83,0,0,0.0000
3907,1202.89,14930.96,0,0,0.0000
3908,2364.95,15195.82,0,0,0.0000
3909,2241.57,15159.04,0,0,0.0000
3910,2342.73,14977.33,0,0,0.0000
3911,2297.55,15369.63,0,0,0.0000
3912,2297.65,14878.44,0,0,0.0000
3913,2384.47,15445.08,0,0,0.0000
3914,2387.29,14884.79,0,0,0.0000
3915,2318.59,15037.79,0,0,0.0000
3916,2249.76,15067.44,0,0,0.0000
3917,2429.44,15079.24,0,0,0.0000
3918,2416.74,15319.27,0,0,0.0000
3919,2348.61,15372.30,0,0,0.0000
3920,2372.76,15339.39,0,0,0.0000
3921,2183.81,15228.91,0,0,0.0000
3922,2247.63,15241.80,0,0,0.0000
3923,2336.08,15282.28,0,0,0.0000
3924,2253.31,14809.62,0,0,0.0000
3925,2256.93,15438.25,0,0,0.0000
3926,2300.49,14804.63,0,0,0.0000
3927,2214.61,15446.33,0,0,0.0000
3928,2208.02,15314.68,0,0,0.0000
3929,2203.33,14944.78,0,0,0.0000
3930,2300.28,14920.14,0,0,0.0000
3931,2373.82,15104.04,0,0,0.0000
3932,2168.48,15269.75,0,0,0.0000
3933,2534.64,14970.14,0,0,0.0000
3934,2533.14,15070.06,0,0,0.0000
3935,2936.67,14888.26,0,0,0.0000
3936,2766.52,15278.20,0,0,0.0000
3937,2909.37,14799.30,0,0,0.0000
3938,2989.69,15465.64,2,3,0.0000
3939,2441.95,14924.85,0,0,0.0000
3940,2490.01,14882.47,0,0,0.0000
3941,3074.02,14753.71,0,0,0.0000
3942,2907.41,15124.65,0,0,0.0000
3943,2440.56,15183.12,0,0,0.0000
3944,2972.20,14956.57,0,0,0.0000
3945,2436.09,14831.23,0,0,0.0000
3946,3011.99,14848.67,0,0,0.0000
3947,2836.77,15289.00,0,0,0.0000
3948,2932.17,14841.03,0,0,0.0000
3949,2960.16,15383.24,0,0,0.0000
3950,2881.30,14765.54,0,0,0.0000
3951,2915.39,15398.38,0,0,0.0000
3952,2437.94,15137.59,0,0,0.0000
3953,3021.87,15005.52,0,0,0.0000
3954,2997.02,14986.37,0,0,0.0000
3955,2993.54,14894.17,0,0,0.0000
3956,2819.24,15332.89,0,0,0.0000
3957,2844.51,14960.52,0,0,0.0000
3958,2865.87,15364.29,0,0,0.0000
3959,3591.51,15451.12,0,0,0.0000
3960,3642.66,15379.05,0,0,0.0000
3961,3536.59,15179.63,0,0,0.0000
3962,3342.66,14765.39,0,0,0.0000
3963,3499.92,15360.91,0,0,0.0000
3964,3218.34,14720.99,0,0,0.0000
3965,3467.85,15244.41,0,0,0.0000
3966,3487.63,15104.28,0,0,0.0000
3967,3450.01,15159.73,0,0,0.0000
3968,3438.31,15405.73,0,0,0.0000
3969,3408.34,14897.02,0,0,0.0000
3970,3324.24,15123.26,0,0,0.0000
3971,3340.59,14916.31,0,0,0.0000
3972,3449.12,14950.49,0,0,0.0000
3973,3404.32,15200.87,0,0,0.0000
3974,3390.39,14843.85,0,0,0.0000
3975,3284.07,14770.29,0,0,0.0000
3976,3341.67,15187.74,NaN,NaN,NaN
3977,3690.27,15484.47,0,0,0.0000
3978,3474.27,14915.71,0,0,0.0000
3979,3332.85,15015.30,0,0,0.0000
3980,3433.77,15043.96,0,0,0.0000
3981,3633.32,15287.12,0,0,0.0000
3982,3377.64,14956.52,0,0,0.0000
3983,3501.24,15300.35,0,0,0.0000
3984,3402.31,15326.34,0,0,0.0000
3985,3487.64,15047.44,0,0,0.0000
3986,3369.00,15268.35,0,0,0.0000
3987,3557.12,15483.13,0,0,0.0000
3988,3464.61,14997.07,0,0,0.0000
3989,3534.69,15087.42,0,0,0.0000
3990,3267.07,14811.23,0,0,0.0000
3991,3569.99,15251.81,0,0,0.0000
3992,3418.91,15276.31,0,0,0.0000
3993,3509.75,14991.52,0,0,0.0000
3994,3333.60,14838.00,0,0,0.0000
3995,3660.27,15332.51,0,0,0.0000
3996,3494.36,15422.26,0,0,0.0000
3997,3349.67,15065.86,0,0,0.0000
3998,3273.36,15116.67,0,0,0.0000
3999,4698.41,15474.97,0,0,0.0000
4000,4575.93,15402.63,0,0,0.0000
4001,4482.37,14807.33,0,0,0.0000
4002,4455.91,15460.02,0,0,0.0000
4003,4229.69,15164.00,0,0,0.0000
4004,4499.29,15409.36,0,0,0.0000
4005,4384.93,14763.22,0,0,0.0000
4006,4611.54,15474.27,0,0,0.0000
4007,4221.44,14937.39,NaN,NaN,NaN
4008,4209.83,15453.28,0,0,0.0000
4009,4189.94,14894.45,0,0,0.0000
4010,4490.29,14731.37,0,0,0.0000
4011,4293.90,15029.02,0,0,0.0000
4012,4180.35,15460.21,0,0,0.0000
4013,4151.20,14898.23,0,0,0.0000
4014,4238.83,15314.10,0,0,0.0000
4015,5450.38,15370.42,0,0,0.0000
4016,5208.13,14799.59,0,0,0.0000
4017,5418.69,15463.98,0,0,0.0000
4018,5313.68,14728.86,0,0,0.0000
4019,4834.74,15435.86,0,0,0.0000
4020,5211.22,14742.66,0,0,0.0000
4021,5345.21,14782.62,0,0,0.0000
4022,6271.78,15399.45,0,0,0.0000
4023,6176.70,15447.37,0,0,0.0000
4024,6108.69,15461.12,0,0,0.0000
4025,6216.83,15285.81,0,0,0.0000
4026,5700.92,15400.82,0,0,0.0000
4027,5634.55,15400.90,0,0,0.0000
4028,5703.36,15330.94,0,0,0.0000
4029,5510.65,15389.91,0,0,0.0000
4030,5541.54,15287.69,NaN,NaN,NaN
4031,6084.48,14764.69,0,0,0.0000
4032,5598.67,15309.68,0,0,0.0000
4033,5630.58,15469.87,0,0,0.0000
4034,6142.86,14837.19,0,0,0.0000
4035,5860.10,15264.35,0,0,0.0000
4036,5563.68,15389.06,0,0,0.0000
4037,5807.64,15322.21,0,0,0.0000
4038,6257.78,14801.03,0,0,0.0000
4039,5734.05,15224.46,0,0,0.0000
4040,5767.70,15470.46,0,0,0.0000
4041,5865.89,14779.02,0,0,0.0000
4042,6116.14,14732.86,0,0,0.0000
4043,6234.65,14860.05,0,0,0.0000
4044,5775.98,15419.88,0,0,0.0000
4045,6054.51,15377.88,0,0,0.0000
4046,5781.29,15219.82,0,0,0.0000
4047,5981.58,14840.69,0,0,0.0000
4048,5507.70,15329.44,NaN,NaN,NaN
4049,6091.48,15346.32,0,0,0.0000
4050,6190.24,14835.78,0,0,0.0000
4051,5646.62,15267.46,0,0,0.0000
4052,5816.84,15205.49,0,0,0.0000
4053,5801.38,15398.13,0,0,0.0000
4054,6561.97,14923.44,0,0,0.0000
4055,6313.47,15256.49,3,3,0.0000
4056,6711.16,14854.19,0,0,0.0000
4057,6877.09,14766.12,0,0,0.0000
4058,6666.45,14885.58,0,0,0.0000
4059,6572.67,14776.77,0,0,0.0000
4060,6729.61,14753.63,0,0,0.0000
4061,6277.70,15078.60,0,0,0.0000
4062,6630.63,15457.66,0,0,0.0000
4063,6811.80,14741.21,0,0,0.0000
4064,6651.12,14758.60,0,0,0.0000
4065,6359.37,15443.24,0,0,0.0000
4066,6484.15,14815.32,0,0,0.0000
4067,6904.24,14930.13,0,0,0.0000
4068,6752.77,14923.81,NaN,NaN,NaN
4069,6797.73,14814.96,0,0,0.0000
4070,6949.40,14783.19,0,0,0.0000
4071,6401.42,14853.96,0,0,0.0000
4072,6801.40,14866.40,0,0,0.0000
4073,6596.42,15424.74,0,0,0.0000
4074,6411.74,14819.35,0,0,0.0000
4075,6864.91,14874.51,0,0,0.0000
4076,6741.27,14812.50,0,0,0.0000
4077,6959.16,14826.64,0,0,0.0000
4078,6518.79,14773.14,0,0,0.0000
4079,6840.94,14823.36,0,0,0.0000
4080,6375.01,14790.94,0,0,0.0000
4081,6283.80,14843.57,0,0,0.0000
4082,6690.58,15459.76,NaN,NaN,NaN
4083,6705.11,14783.38,0,0,0.0000
4084,6962.28,14863.29,0,0,0.0000
4085,6408.77,14745.89,0,0,0.0000
4086,6915.87,14883.14,0,0,0.0000
4087,6891.34,14832.55,0,0,0.0000
4088,6612.19,14841.79,0,0,0.0000
4089,6794.07,14930.63,NaN,NaN,NaN
4090,6651.20,14811.15,0,0,0.0000
4091,6945.09,14961.96,0,0,0.0000
4092,6773.87,14876.22,0,0,0.0000
4093,6431.58,14776.75,0,0,0.0000
4094,6780.28,14767.63,0,0,0.0000
4095,6966.77,14900.81,0,0,0.0000
4096,7737.99,15483.00,0,0,0.0000
4097,7547.28,14930.35,0,0,0.0000
4098,7533.92,14812.53,0,0,0.0000
4099,7595.82,14942.66,0,0,0.0000
4100,7630.39,14882.50,0,0,0.0000
4101,7733.77,15184.52,0,0,0.0000
4102,7719.76,15128.47,0,0,0.0000
4103,7657.15,14816.29,0,0,0.0000
4104,7508.80,14770.58,0,0,0.0000
4105,7717.30,15067.16,0,0,0.0000
4106,7535.22,14735.31,0,0,0.0000
4107,7467.80,15029.96,0,0,0.0000
4108,7504.00,14868.50,0,0,0.0000
4109,7644.83,14753.48,0,0,0.0000
4110,7446.06,14962.95,0,0,0.0000
4111,7645.27,14979.72,0,0,0.0000
4112,7751.63,15254.40,0,0,0.0000
4113,7345.68,14990.23,0,0,0.0000
4114,7676.28,14941.12,0,0,0.0000
4115,7639.02,14946.83,0,0,0.0000
4116,7489.03,14989.06,0,0,0.0000
4117,7648.10,15082.73,0,0,0.0000
4118,7446.94,14878.03,0,0,0.0000
4119,7804.45,15418.88,0,0,0.0000
4120,7684.82,15082.23,0,0,0.0000
4121,7781.01,15422.91,0,0,0.0000
4122,7689.06,14988.67,0,0,0.0000
4123,8282.71,14963.95,0,0,0.0000
4124,8462.55,15170.76,0,0,0.0000
4125,8106.56,14770.33,0,0,0.0000
4126,8166.07,14858.83,0,0,0.0000
4127,8559.22,15290.61,0,0,0.0000
4128,7815.89,15483.58,0,0,0.0000
4129,8568.51,15224.54,0,0,0.0000
4130,8456.64,14994.21,0,0,0.0000
4131,8415.93,15254.91,0,0,0.0000
4132,8373.03,15176.34,0,0,0.0000
4133,8518.98,15347.60,0,0,0.0000
4134,8410.30,15072.08,0,0,0.0000
4135,8259.83,15046.23,0,0,0.0000
4136,8051.45,15137.77,0,0,0.0000
4137,8407.43,14893.87,0,0,0.0000
4138,8485.79,14882.45,0,0,0.0000
4139,8297.33,14896.55,0,0,0.0000
4140,8377.14,15022.24,0,0,0.0000
4141,8351.78,15084.45,0,0,0.0000
4142,8336.84,15005.07,0,0,0.0000
4143,8311.03,15179.15,0,0,0.0000
4144,8457.02,15233.09,0,0,0.0000
4145,8416.73,14821.38,0,0,0.0000
4146,8060.28,14846.96,0,0,0.0000
4147,8437.70,15100.48,0,0,0.0000
4148,8093.73,15234.50,0,0,0.0000
4149,8453.49,14863.30,0,0,0.0000
4150,8501.38,15420.55,0,0,0.0000
4151,8462.86,15048.93,0,0,0.0000
4152,8564.08,15078.24,0,0,0.0000
4153,8452.22,15471.84,0,0,0.0000
4154,8331.29,15148.27,0,0,0.0000
4155,8073.09,15166.87,0,0,0.0000
4156,9334.82,15406.60,NaN,NaN,NaN
4157,9146.36,15355.88,NaN,NaN,NaN
4158,8982.54,15454.22,NaN,NaN,NaN
4159,9144.45,15020.73,0,0,0.0000
4160,8852.11,15323.37,0,0,0.0000
4161,8991.76,15167.77,0,0,0.0000
4162,8696.59,15222.17,0,0,0.0000
4163,9129.05,15482.53,2,2,0.0000
4164,8865.57,15243.41,0,0,0.0000
4165,9024.05,15072.69,0,0,0.0000
4166,9056.75,15291.74,0,0,0.0000
4167,9009.08,15378.79,NaN,NaN,NaN
4168,8897.41,14997.95,0,0,0.0000
4169,8823.12,15389.78,0,0,0.0000
4170,8890.57,15185.78,0,0,0.0000
4171,9291.47,15237.80,0,0,0.0000
4172,9135.77,15201.50,0,0,0.0000
4173,9338.10,14751.92,NaN,NaN,NaN
4174,8727.20,15299.94,0,0,0.0000
4175,8925.93,15308.91,0,0,0.0000
4176,8578.13,15369.50,0,0,0.0000
4177,8681.38,15161.83,0,0,0.0000
4178,8793.57,14972.65,0,0,0.0000
4179,9091.61,14966.28,0,0,0.0000
4180,8732.04,15378.15,0,0,0.0000
4181,8810.12,15127.27,0,0,0.0000
4182,8840.07,15102.54,0,0,0.0000
4183,9229.52,15307.51,2,1,0.0000
4184,9213.40,15152.88,NaN,NaN,NaN
4185,8626.14,15227.89,0,0,0.0000
4186,9098.62,15087.72,0,0,0.0000
4187,9192.67,15446.54,0,0,0.0000
4188,9122.39,15111.35,0,0,0.0000
4189,8917.67,14935.07,0,0,0.0000
4190,8786.57,15457.98,0,0,0.0000
4191,9168.05,15249.01,0,0,0.0000
4192,9187.80,15096.95,0,0,0.0000
4193,9221.11,15256.70,0,0,0.0000
4194,9191.25,15189.34,0,0,0.0000
4195,9162.09,15135.50,0,0,0.0000
4196,9212.08,15073.37,0,0,0.0000
4197,9257.30,15181.70,2,1,0.0000
4198,8760.44,14945.29,0,0,0.0000
4199,8663.85,15094.79,0,0,0.0000
4200,9244.59,15121.46,2,3,0.0000
4201,8755.67,15103.40,0,0,0.0000
4202,8970.31,15255.41,0,0,0.0000
4203,9718.01,15162.94,NaN,NaN,NaN
4204,9878.92,14899.45,NaN,NaN,NaN
4205,9488.95,14789.19,0,0,0.0000
4206,9618.24,14845.64,NaN,NaN,NaN
4207,9975.20,14836.09,2,3,0.0000
4208,9724.99,15273.16,0,0,0.0000
4209,9806.89,15237.74,0,0,0.0000
4210,10048.31,14731.22,0,0,0.0000
4211,9815.04,14979.85,0,0,0.0000
4212,9714.27,14998.57,0,0,0.0000
4213,9791.74,15314.74,0,0,0.0000
4214,9368.00,14814.64,0,0,0.0000
4215,9792.24,14868.69,0,0,0.0000
4216,9949.28,15056.80,0,0,0.0000
4217,9423.73,15462.06,0,0,0.0000
4218,10031.42,15006.21,0,0,0.0000
4219,9906.76,15156.00,0,0,0.0000
4220,9525.55,14857.28,NaN,NaN,NaN
4221,9811.17,15459.42,NaN,NaN,NaN
4222,9694.70,15359.82,2,2,0.0000
4223,9666.78,14905.43,0,0,0.0000
4224,9752.71,14818.69,0,0,0.0000
4225,9867.65,15056.29,0,0,0.0000
4226,9738.35,15090.82,0,0,0.0000
4227,9701.55,14736.92,0,0,0.0000
4228,10000.32,14781.35,0,0,0.0000
4229,9858.74,15363.27,0,0,0.0000
4230,9741.57,15462.17,0,0,0.0000
4231,9917.31,15359.55,0,0,0.0000
4232,9926.98,15259.23,0,0,0.0000
4233,10035.63,14959.29,0,0,0.0000
4234,9622.40,15346.99,4,5,0.0000
4235,9681.59,15223.92,0,0,0.0000
4236,9576.06,14921.26,0,0,0.0000
4237,9416.87,14775.31,0,0,0.0000
4238,9872.92,15428.14,0,0,0.0000
4239,9784.78,14727.96,0,0,0.0000
4240,9676.48,15404.41,NaN,NaN,NaN
4241,9899.89,15293.83,0,0,0.0000
4242,9687.16,15455.98,NaN,NaN,NaN
4243,9967.70,14949.67,NaN,NaN,NaN
4244,9665.84,15078.54,0,0,0.0000
4245,9509.37,14915.48,0,0,0.0000
4246,9648.03,15272.74,0,0,0.0000
4247,9765.13,15413.65,0,0,0.0000
4248,9857.59,15194.37,0,0,0.0000
4249,9550.54,14957.65,0,0,0.0000
4250,9966.61,15303.86,NaN,NaN,NaN
4251,10006.46,15079.91,0,0,0.0000
4252,9924.57,15436.16,0,0,0.0000
4253,9907.71,15015.58,0,0,0.0000
4254,9826.05,15085.65,0,0,0.0000
4255,9773.03,15374.23,0,0,0.0000
4256,9359.42,15343.92,0,0,0.0000
4257,9623.19,15306.43,0,0,0.0000
4258,9622.72,15050.23,0,0,0.0000
4259,9627.15,14930.42,0,0,0.0000
4260,9356.87,14911.99,0,0,0.0000
4261,9614.18,15009.34,0,0,0.0000
4262,9707.83,14780.61,0,0,0.0000
4263,10114.43,14857.79,0,0,0.0000
4264,10832.87,15186.41,0,0,0.0000
4265,10811.84,15479.70,0,0,0.0000
4266,10581.31,15350.80,NaN,NaN,NaN
4267,10662.59,15309.80,0,0,0.0000
4268,10852.11,15107.16,0,0,0.0000
4269,10766.74,15160.49,0,0,0.0000
4270,10801.62,14964.75,0,0,0.0000
4271,10458.52,15398.38,0,0,0.0000
4272,10533.70,15154.62,0,0,0.0000
4273,10207.86,14771.17,0,0,0.0000
4274,10210.35,14872.84,0,0,0.0000
4275,10818.34,15072.92,0,0,0.0000
4276,10858.81,15371.21,0,0,0.0000
4277,10458.30,15223.92,0,0,0.0000
4278,10508.06,15288.82,0,0,0.0000
4279,10741.04,15101.57,0,0,0.0000
4280,10662.05,15204.32,0,0,0.0000
4281,10128.50,14754.02,NaN,NaN,NaN
4282,10833.97,15290.28,0,0,0.0000
4283,10442.20,15284.58,0,0,0.0000
4284,10638.56,14922.61,0,0,0.0000
4285,10158.73,14809.01,0,0,0.0000
4286,10482.74,15170.75,0,0,0.0000
4287,10816.57,15255.45,0,0,0.0000
4288,10806.18,15031.35,0,0,0.0000
4289,10752.37,15297.56,0,0,0.0000
4290,10720.26,14899.34,0,0,0.0000
4291,10453.89,15325.59,0,0,0.0000
4292,10504.21,15447.07,0,0,0.0000
4293,11547.64,14920.88,0,0,0.0000
4294,11380.32,15387.97,0,0,0.0000
4295,11528.25,15102.06,0,0,0.0000
4296,10899.31,15467.23,0,0,0.0000
4297,11482.40,15310.75,2,2,0.0000
4298,11620.25,15165.84,0,0,0.0000
4299,11642.99,14751.41,0,0,0.0000
4300,11455.37,14796.34,0,0,0.0000
4301,10935.93,15344.39,0,0,0.0000
4302,10953.72,14873.43,0,0,0.0000
4303,10880.69,14971.84,0,0,0.0000
4304,11444.25,14974.05,0,0,0.0000
4305,11375.38,14942.05,0,0,0.0000
4306,11248.80,15147.12,0,0,0.0000
4307,11331.58,14722.51,0,0,0.0000
4308,11373.38,15162.65,0,0,0.0000
4309,11624.85,15396.41,0,0,0.0000
4310,11593.87,15281.70,0,0,0.0000
4311,10901.00,15233.52,0,0,0.0000
4312,11376.13,15253.84,NaN,NaN,NaN
4313,10931.41,14931.88,0,0,0.0000
4314,11396.85,14789.85,0,0,0.0000
4315,10960.52,15113.90,0,0,0.0000
4316,10965.50,15189.96,NaN,NaN,NaN
4317,11013.74,15378.82,0,0,0.0000
4318,11564.82,15340.28,0,0,0.0000
4319,10959.90,15269.86,0,0,0.0000
4320,10923.56,15065.28,0,0,0.0000
4321,11206.68,15485.64,0,0,0.0000
4322,11104.08,15481.97,0,0,0.0000
4323,10985.97,15481.30,0,0,0.0000
4324,11616.20,14985.36,0,0,0.0000
4325,11105.45,15439.11,0,0,0.0000
4326,11260.62,14823.10,0,0,0.0000
4327,11009.51,15183.55,0,0,0.0000
4328,11362.25,15064.94,0,0,0.0000
4329,11318.59,15116.77,0,0,0.0000
4330,11219.32,15253.37,0,0,0.0000
4331,11423.00,15210.48,0,0,0.0000
4332,10992.84,15316.16,0,0,0.0000
4333,11347.48,14830.60,0,0,0.0000
4334,11026.76,15130.60,0,0,0.0000
4335,11146.22,15387.59,0,0,0.0000
4336,11072.94,15213.58,0,0,0.0000
4337,11265.88,15467.86,0,0,0.0000
4338,10920.88,14823.21,0,0,0.0000
4339,11009.68,15069.39,0,0,0.0000
4340,11497.35,15403.40,0,0,0.0000
4341,11312.11,15460.59,0,0,0.0000
4342,11623.81,15480.26,0,0,0.0000
4343,11005.44,15009.64,0,0,0.0000
4344,11183.62,15414.56,0,0,0.0000
4345,11055.52,15336.30,0,0,0.0000
4346,11525.23,15156.60,0,0,0.0000
4347,11560.05,14743.39,0,0,0.0000
4348,11315.77,15360.23,0,0,0.0000
4349,12217.60,15003.28,0,0,0.0000
4350,11815.88,14880.48,0,0,0.0000
4351,11727.14,15076.85,0,0,0.0000
4352,12366.15,15165.41,0,0,0.0000
4353,11666.83,14911.93,0,0,0.0000
4354,12027.37,15423.10,0,0,0.0000
4355,12156.46,15244.44,NaN,NaN,NaN
4356,11936.72,15071.70,0,0,0.0000
4357,12118.01,15436.62,0,0,0.0000
4358,11950.59,15365.86,0,0,0.0000
4359,12075.11,14962.33,NaN,NaN,NaN
4360,11779.31,14721.67,0,0,0.0000
4361,12030.45,15314.88,0,0,0.0000
4362,12035.73,14864.88,0,0,0.0000
4363,11923.41,15212.95,0,0,0.0000
4364,12208.63,15168.60,0,0,0.0000
4365,12394.15,15057.63,0,0,0.0000
4366,11867.10,15188.29,0,0,0.0000
4367,12123.70,15357.01,0,0,0.0000
4368,11951.19,14802.37,0,0,0.0000
4369,12137.50,15124.32,NaN,NaN,NaN
4370,11703.77,15180.03,0,0,0.0000
4371,11746.51,15215.36,0,0,0.0000
4372,12074.91,15042.12,NaN,NaN,NaN
4373,11892.99,15258.33,0,0,0.0000
4374,12084.47,15275.70,NaN,NaN,NaN
4375,11709.59,15347.47,0,0,0.0000
4376,12020.74,15044.13,NaN,NaN,NaN
4377,11800.02,15179.77,0,0,0.0000
4378,12409.25,15376.07,0,0,0.0000
4379,11976.66,14911.54,NaN,NaN,NaN
4380,12400.94,15298.18,0,0,0.0000
4381,11827.90,15280.29,0,0,0.0000
4382,11971.43,15046.19,0,0,0.0000
4383,12108.74,15229.14,NaN,NaN,NaN
4384,12207.40,15369.19,0,0,0.0000
4385,12089.23,15147.06,NaN,NaN,NaN
4386,11988.30,15151.99,0,0,0.0000
4387,12133.25,15043.66,0,0,0.0000
4388,12244.09,15218.74,0,0,0.0000
4389,11772.27,15360.77,0,0,0.0000
4390,11676.82,15255.33,0,0,0.0000
4391,12008.11,14793.76,0,0,0.0000
4392,12346.23,15082.22,0,0,0.0000
4393,12024.73,15363.75,0,0,0.0000
4394,11656.01,15017.20,0,0,0.0000
4395,11690.46,15434.64,0,0,0.0000
4396,11858.13,15365.29,0,0,0.0000
4397,12093.61,14862.15,0,0,0.0000
4398,11833.92,15149.97,0,0,0.0000
4399,11807.54,15355.15,0,0,0.0000
4400,11957.97,15272.36,0,0,0.0000
4401,12290.30,14962.00,0,0,0.0000
4402,11888.41,14821.11,0,0,0.0000
4403,12399.69,14951.84,0,0,0.0000
4404,11856.98,15001.04,0,0,0.0000
4405,12364.26,15385.18,0,0,0.0000
4406,11846.26,14786.48,0,0,0.0000
4407,11965.21,14723.92,0,0,0.0000
4408,11866.87,15063.95,0,0,0.0000
4409,12144.53,15181.63,NaN,NaN,NaN
4410,12318.46,15248.44,0,0,0.0000
4411,11697.14,14732.92,0,0,0.0000
4412,12056.38,15201.23,0,0,0.0000
4413,11846.89,15328.27,0,0,0.0000
4414,12184.44,15370.37,0,0,0.0000
4415,12031.93,15141.78,0,0,0.0000
4416,12912.12,14776.09,NaN,NaN,NaN
4417,12803.12,15350.90,0,0,0.0000
4418,12811.30,15230.76,0,0,0.0000
4419,12673.16,15267.13,0,0,0.0000
4420,12750.94,15090.07,0,0,0.0000
4421,12939.71,15264.56,0,0,0.0000
4422,13008.15,15026.48,0,0,0.0000
4423,12888.28,15111.20,0,0,0.0000
4424,12976.80,14870.04,2,3,0.0000
4425,13048.91,14901.61,0,0,0.0000
4426,12980.62,15330.81,0,0,0.0000
4427,12558.71,15148.75,0,0,0.0000
4428,13054.06,15138.07,0,0,0.0000
4429,12601.14,15453.97,0,0,0.0000
4430,12661.32,15064.96,0,0,0.0000
4431,12927.03,15458.64,0,0,0.0000
4432,12506.64,15399.60,0,0,0.0000
4433,12680.59,15468.53,0,0,0.0000
4434,12521.14,15484.94,0,0,0.0000
4435,13007.77,14752.36,0,0,0.0000
4436,12418.88,14983.27,0,0,0.0000
4437,12687.93,15352.39,0,0,0.0000
4438,12451.17,15144.82,0,0,0.0000
4439,12535.85,15250.62,0,0,0.0000
4440,12801.42,14940.79,0,0,0.0000
4441,12886.13,14982.51,0,0,0.0000
4442,12446.01,15235.37,0,0,0.0000
4443,12745.19,15175.26,0,0,0.0000
4444,13073.32,14796.19,0,0,0.0000
4445,12547.25,15319.34,0,0,0.0000
4446,12429.66,15484.46,0,0,0.0000
4447,12735.88,14985.38,0,0,0.0000
4448,12842.99,14869.13,0,0,0.0000
4449,12808.86,15012.03,0,0,0.0000
4450,12902.12,14914.11,NaN,NaN,NaN
4451,13046.82,15298.74,0,0,0.0000
4452,12994.96,15413.10,0,0,0.0000
4453,13036.10,15217.90,0,0,0.0000
4454,12481.96,15339.96,0,0,0.0000
4455,12976.20,15132.55,0,0,0.0000
4456,12920.25,15177.85,0,0,0.0000
4457,12582.36,14908.66,0,0,0.0000
4458,12997.82,15185.35,0,0,0.0000
4459,12675.72,15154.52,0,0,0.0000
4460,12468.15,15027.66,0,0,0.0000
4461,12453.86,15306.81,0,0,0.0000
4462,12763.09,14879.51,0,0,0.0000
4463,12849.74,15056.12,0,0,0.0000
4464,12504.86,15216.60,0,0,0.0000
4465,12685.80,15402.83,0,0,0.0000
4466,12492.10,15450.67,0,0,0.0000
4467,12452.04,15072.17,0,0,0.0000
4468,12846.80,15427.32,0,0,0.0000
4469,12950.60,15007.58,0,0,0.0000
4470,12880.79,15415.84,0,0,0.0000
4471,12865.50,14725.26,0,0,0.0000
4472,12944.79,15137.44,0,0,0.0000
4473,12888.38,15354.48,0,0,0.0000
4474,15381.38,14878.09,0,0,0.0000
4475,15407.03,15028.79,0,0,0.0000
4476,15182.77,14736.20,0,0,0.0000
4477,15456.61,14881.18,0,0,0.0000
4478,15240.66,14883.56,2,3,0.0000
4479,15119.45,14789.14,0,0,0.0000
4480,15315.46,14925.16,0,0,0.0000
4481,15345.57,14795.25,NaN,NaN,NaN
4482,15323.85,14730.20,0,0,0.0000
4483,15352.86,15068.98,0,0,0.0000
4484,15401.09,15285.32,0,0,0.0000
4485,15280.50,14729.48,0,0,0.0000
4486,15467.83,15329.24,0,0,0.0000
4487,15445.25,15407.92,0,0,0.0000
4488,15454.78,14783.26,0,0,0.0000
4489,15411.60,14779.22,0,0,0.0000
4490,15419.09,14967.98,0,0,0.0000
4491,15316.96,14997.43,NaN,NaN,NaN
4492,15651.31,15359.85,NaN,NaN,NaN
4493,15586.83,15176.35,0,0,0.0000
4494,15753.12,15455.43,0,0,0.0000
4495,15586.02,15270.34,0,0,0.0000
4496,15519.82,15236.53,0,0,0.0000
4497,15536.38,14956.32,2,1,0.0000
4498,15738.05,15379.36,0,0,0.0000
4499,15569.61,15456.63,0,0,0.0000
4500,15504.70,15435.96,0,0,0.0000
4501,15554.97,15105.62,0,0,0.0000
4502,15934.56,15439.95,0,0,0.0000
4503,15647.80,15283.32,0,0,0.0000
4504,15578.07,15373.34,NaN,NaN,NaN
4505,15708.90,15337.12,0,0,0.0000
4506,15621.90,15125.57,0,0,0.0000
4507,15516.41,14890.62,0,0,0.0000
4508,15680.75,15252.78,NaN,NaN,NaN
4509,15534.21,15327.85,0,0,0.0000
4510,15661.19,15193.37,NaN,NaN,NaN
4511,15547.71,15192.50,0,0,0.0000
4512,17691.85,14977.59,0,0,0.0000
4513,18465.04,15018.14,3,3,0.0000
4514,18256.01,15096.19,NaN,NaN,NaN
4515,18389.00,15238.98,2,4,2.0000
4516,18281.14,14937.38,0,0,0.0000
4517,18475.18,15421.43,2,1,0.0000
4518,17938.41,14726.57,0,0,0.0000
4519,18113.01,14736.98,0,0,0.0000
4520,18393.55,15373.76,0,0,0.0000
4521,18204.99,14846.74,0,0,0.0000
4522,18559.35,15467.82,0,0,0.0000
4523,18504.74,15286.52,0,0,0.0000
4524,18306.93,15269.37,0,0,0.0000
4525,18640.49,14996.11,0,0,0.0000
4526,17892.73,14965.29,0,0,0.0000
4527,18148.65,15079.13,2,3,0.0000
4528,18163.21,14997.13,0,0,0.0000
4529,18308.69,15436.45,NaN,NaN,NaN
4530,18073.52,15013.52,NaN,NaN,NaN
4531,18449.20,14913.83,0,0,0.0000
4532,18379.04,15104.45,3,5,0.0000
4533,18079.77,14858.26,0,0,0.0000
4534,18533.42,14957.62,0,0,0.0000
4535,18137.50,15132.82,0,0,0.0000
4536,18523.35,15135.78,0,0,0.0000
4537,18326.67,14851.56,0,0,0.0000
4538,18372.16,14917.01,0,0,0.0000
4539,18012.16,14803.17,0,0,0.0000
4540,18401.53,14839.75,0,0,0.0000
4541,18356.10,15018.80,0,0,0.0000
4542,18223.66,15265.08,2,4,2.0000
4543,18153.31,15294.35,0,0,0.0000
4544,18569.66,15253.47,0,0,0.0000
4545,17919.38,14901.69,0,0,0.0000
4546,18075.99,14803.41,0,0,0.0000
4547,18016.67,14999.96,NaN,NaN,NaN
4548,18322.46,15102.74,3,7,2.3333
4549,18102.63,14897.32,0,0,0.0000
4550,17860.94,14836.94,0,0,0.0000
4551,18044.87,15074.38,0,0,0.0000
4552,17893.48,14853.61,0,0,0.0000
4553,18583.24,14928.11,0,0,0.0000
4554,18562.74,15189.00,0,0,0.0000
4555,18210.33,15191.28,0,0,0.0000
4556,18238.41,15365.65,NaN,NaN,NaN
4557,18171.85,14917.89,0,0,0.0000
4558,18286.07,15466.54,NaN,NaN,NaN
4559,18462.14,14865.93,0,0,0.0000
4560,18352.94,15435.84,0,0,0.0000
4561,18600.69,15071.72,2,3,0.0000
4562,18433.38,15143.92,2,4,2.0000
4563,17924.52,14766.46,0,0,0.0000
4564,18334.52,15372.57,0,0,0.0000
4565,18341.20,14743.56,0,0,0.0000
4566,18203.59,15304.94,0,0,0.0000
4567,17932.53,14961.96,0,0,0.0000
4568,385.86,15992.77,0,0,0.0000
4569,553.16,15893.90,NaN,NaN,NaN
4570,636.64,15830.26,0,0,0.0000
4571,313.90,15900.95,0,0,0.0000
4572,551.27,16092.01,0,0,0.0000
4573,405.10,15836.13,0,0,0.0000
4574,595.85,16238.87,0,0,0.0000
4575,804.73,15901.79,0,0,0.0000
4576,401.52,16241.73,0,0,0.0000
4577,277.52,15838.69,0,0,0.0000
4578,245.32,16210.38,0,0,0.0000
4579,375.67,15766.93,0,0,0.0000
4580,738.42,15861.53,0,0,0.0000
4581,152.70,15704.63,0,0,0.0000
4582,287.24,15680.89,0,0,0.0000
4583,132.09,16154.94,0,0,0.0000
4584,129.61,16022.37,0,0,0.0000
4585,370.00,15691.42,0,0,0.0000
4586,676.79,15920.74,NaN,NaN,NaN
4587,104.59,15549.35,0,0,0.0000
4588,197.40,15801.59,0,0,0.0000
4589,78.06,16152.15,0,0,0.0000
4590,195.74,16141.87,0,0,0.0000
4591,682.90,15983.17,0,0,0.0000
4592,652.25,16097.21,0,0,0.0000
4593,349.86,16111.31,0,0,0.0000
4594,747.46,16102.62,0,0,0.0000
4595,837.87,16156.76,0,0,0.0000
4596,433.59,16067.01,0,0,0.0000
4597,502.94,16037.39,0,0,0.0000
4598,770.24,15996.67,0,0,0.0000
4599,95.38,15721.96,0,0,0.0000
4600,448.37,16152.50,0,0,0.0000
4601,867.21,16089.62,0,0,0.0000
4602,200.46,16014.04,0,0,0.0000
4603,48.87,15738.25,0,0,0.0000
4604,49.23,16225.33,0,0,0.0000
4605,128.10,15928.12,0,0,0.0000
4606,823.16,16115.77,0,0,0.0000
4607,512.93,15975.66,0,0,0.0000
4608,719.68,16050.62,0,0,0.0000
4609,477.71,16189.41,0,0,0.0000
4610,669.71,16023.32,0,0,0.0000
4611,285.81,16119.40,0,0,0.0000
4612,425.51,16120.42,0,0,0.0000
4613,845.73,15957.51,0,0,0.0000
4614,88.01,15638.63,0,0,0.0000
4615,91.39,15829.32,0,0,0.0000
4616,485.50,15715.56,0,0,0.0000
4617,414.17,15931.02,0,0,0.0000
4618,749.78,15929.64,0,0,0.0000
4619,257.33,16012.14,0,0,0.0000
4620,430.91,15721.81,0,0,0.0000
4621,257.76,15763.56,0,0,0.0000
4622,827.23,16029.48,0,0,0.0000
4623,680.70,16144.93,0,0,0.0000
4624,607.10,15939.51,NaN,NaN,NaN
4625,212.42,15640.81,NaN,NaN,NaN
4626,752.52,16163.70,0,0,0.0000
4627,169.13,16082.72,0,0,0.0000
4628,147.65,15805.59,0,0,0.0000
4629,541.76,15808.90,0,0,0.0000
4630,226.04,15843.24,0,0,0.0000
4631,113.93,15790.61,0,0,0.0000
4632,170.37,15569.65,0,0,0.0000
4633,608.88,16040.53,0,0,0.0000
4634,488.43,15859.62,0,0,0.0000
4635,605.45,16154.94,0,0,0.0000
4636,307.04,15759.58,0,0,0.0000
4637,81.03,15997.41,0,0,0.0000
4638,289.87,16000.07,0,0,0.0000
4639,376.05,16181.27,0,0,0.0000
4640,502.01,15751.44,0,0,0.0000
4641,302.69,16049.46,0,0,0.0000
4642,188.39,15890.64,0,0,0.0000
4643,196.65,15688.91,NaN,NaN,NaN
4644,555.12,16197.38,0,0,0.0000
4645,34.83,15818.42,0,0,0.0000
4646,284.08,16074.23,0,0,0.0000
4647,584.84,15768.48,0,0,0.0000
4648,370.74,16065.99,0,0,0.0000
4649,139.53,15636.44,NaN,NaN,NaN
4650,171.63,15603.65,0,0,0.0000
4651,664.24,15794.65,0,0,0.0000
4652,165.15,16232.28,0,0,0.0000
4653,776.60,16043.90,0,0,0.0000
4654,94.84,15592.41,0,0,0.0000
4655,870.25,16037.59,0,0,0.0000
4656,183.47,15646.65,NaN,NaN,NaN
4657,777.52,16140.52,0,0,0.0000
4658,538.98,15766.47,0,0,0.0000
4659,60.22,16050.52,0,0,0.0000
4660,39.12,15638.38,0,0,0.0000
4661,948.44,16007.97,0,0,0.0000
4662,1104.26,16120.57,0,0,0.0000
4663,1205.04,16053.60,0,0,0.0000
4664,1046.99,15981.57,0,0,0.0000
4665,968.69,16091.01,0,0,0.0000
4666,1342.79,16190.49,0,0,0.0000
4667,925.97,16188.02,0,0,0.0000
4668,1208.73,16133.51,0,0,0.0000
4669,1034.29,15789.33,0,0,0.0000
4670,1299.70,16129.54,0,0,0.0000
4671,1521.11,16220.90,0,0,0.0000
4672,1230.38,16173.79,0,0,0.0000
4673,934.17,15917.87,0,0,0.0000
4674,1007.60,15729.20,0,0,0.0000
4675,917.50,16059.43,0,0,0.0000
4676,1086.03,16073.58,0,0,0.0000
4677,1006.09,16164.52,0,0,0.0000
4678,1161.84,16161.83,0,0,0.0000
4679,902.91,15963.75,0,0,0.0000
4680,948.13,15964.73,0,0,0.0000
4681,953.09,15760.47,0,0,0.0000
4682,1079.47,16037.01,0,0,0.0000
4683,1123.84,16049.31,0,0,0.0000
4684,919.09,16100.85,0,0,0.0000
4685,2149.49,16182.73,0,0,0.0000
4686,2418.81,15598.68,0,0,0.0000
4687,2258.62,16160.86,0,0,0.0000
4688,2117.76,16045.99,0,0,0.0000
4689,2030.27,16066.11,0,0,0.0000
4690,2118.31,16132.57,0,0,0.0000
4691,2304.53,16157.03,0,0,0.0000
4692,2343.86,15651.34,0,0,0.0000
4693,2193.04,16099.49,0,0,0.0000
4694,2431.88,15802.02,NaN,NaN,NaN
4695,2401.06,15694.58,0,0,0.0000
4696,2058.59,16094.02,0,0,0.0000
4697,2371.47,15509.27,0,0,0.0000
4698,2300.96,15560.10,0,0,0.0000
4699,2200.27,16135.13,0,0,0.0000
4700,2360.77,15732.32,0,0,0.0000
4701,2351.04,15693.01,0,0,0.0000
4702,2307.68,15501.11,0,0,0.0000
4703,2074.36,16131.50,0,0,0.0000
4704,2242.67,15489.49,0,0,0.0000
4705,2378.85,16245.06,0,0,0.0000
4706,2114.83,15987.24,0,0,0.0000
4707,2311.76,15661.76,0,0,0.0000
4708,2116.01,16240.56,0,0,0.0000
4709,2275.49,15517.42,0,0,0.0000
4710,2320.55,15608.46,0,0,0.0000
4711,3079.58,16043.34,0,0,0.0000
4712,3116.45,15845.98,0,0,0.0000
4713,2856.82,16251.26,0,0,0.0000
4714,3026.14,15799.61,0,0,0.0000
4715,2826.94,16166.46,0,0,0.0000
4716,2866.73,15704.93,0,0,0.0000
4717,3127.08,15980.02,0,0,0.0000
4718,3147.55,15654.87,0,0,0.0000
4719,2974.09,15864.20,0,0,0.0000
4720,3077.36,15694.12,0,0,0.0000
4721,2995.02,16252.09,0,0,0.0000
4722,2916.02,16211.47,0,0,0.0000
4723,2887.69,16103.92,0,0,0.0000
4724,2898.18,15822.22,0,0,0.0000
4725,3069.41,15537.07,0,0,0.0000
4726,2929.95,15751.39,0,0,0.0000
4727,2463.85,15865.31,0,0,0.0000
4728,3158.54,15815.86,0,0,0.0000
4729,3062.49,15600.23,0,0,0.0000
4730,2885.55,16021.52,0,0,0.0000
4731,2470.46,15751.70,NaN,NaN,NaN
4732,3002.02,15635.54,0,0,0.0000
4733,2432.12,15802.64,NaN,NaN,NaN
4734,3169.19,16057.81,0,0,0.0000
4735,2829.15,16030.73,0,0,0.0000
4736,2980.54,15709.93,0,0,0.0000
4737,3197.90,15788.79,0,0,0.0000
4738,2492.00,15828.00,0,0,0.0000
4739,3187.41,15916.55,0,0,0.0000
4740,3195.90,16115.17,0,0,0.0000
4741,2444.35,15690.50,0,0,0.0000
4742,2859.91,15755.38,0,0,0.0000
4743,3070.64,15643.90,0,0,0.0000
4744,2968.98,15777.93,0,0,0.0000
4745,2929.60,15610.70,0,0,0.0000
4746,3100.19,15596.81,0,0,0.0000
4747,3086.97,15913.20,0,0,0.0000
4748,3042.70,15736.83,0,0,0.0000
4749,2436.31,15747.70,0,0,0.0000
4750,2921.30,15701.54,0,0,0.0000
4751,2928.10,15675.70,0,0,0.0000
4752,3194.76,16005.22,0,0,0.0000
4753,3893.45,16101.16,0,0,0.0000
4754,3241.63,16141.76,0,0,0.0000
4755,3274.24,16048.39,0,0,0.0000
4756,3465.07,15995.22,0,0,0.0000
4757,3329.80,16134.06,0,0,0.0000
4758,3297.19,15895.27,0,0,0.0000
4759,3340.89,16026.19,0,0,0.0000
4760,3219.02,15858.99,0,0,0.0000
4761,3590.54,16191.34,0,0,0.0000
4762,3914.88,16199.65,0,0,0.0000
4763,3813.01,16094.10,0,0,0.0000
4764,3382.04,15909.44,0,0,0.0000
4765,3610.54,16251.74,0,0,0.0000
4766,3208.39,15723.95,0,0,0.0000
4767,3429.89,15944.36,0,0,0.0000
4768,3541.32,16220.44,0,0,0.0000
4769,3419.12,16050.19,0,0,0.0000
4770,3435.55,16144.12,0,0,0.0000
4771,3782.75,16208.08,0,0,0.0000
4772,3220.71,16231.32,0,0,0.0000
4773,3760.85,16149.05,0,0,0.0000
4774,3513.61,16036.93,0,0,0.0000
4775,3663.32,15561.37,0,0,0.0000
4776,3270.72,15799.09,0,0,0.0000
4777,3836.66,16012.91,0,0,0.0000
4778,3950.20,15974.45,0,0,0.0000
4779,3382.70,16002.25,0,0,0.0000
4780,3907.34,16015.87,0,0,0.0000
4781,3849.24,16189.98,0,0,0.0000
4782,3467.62,16101.53,0,0,0.0000
4783,3711.84,16241.09,0,0,0.0000
4784,3946.55,16091.99,0,0,0.0000
4785,3532.06,15513.97,0,0,0.0000
4786,3504.66,15532.15,0,0,0.0000
4787,3615.48,15570.58,0,0,0.0000
4788,3967.08,16036.37,0,0,0.0000
4789,3255.54,16249.68,0,0,0.0000
4790,3760.30,15703.59,0,0,0.0000
4791,3959.37,15841.66,0,0,0.0000
4792,3319.01,15956.61,0,0,0.0000
4793,3602.80,16150.39,0,0,0.0000
4794,3540.12,16150.84,0,0,0.0000
4795,3556.93,15550.32,0,0,0.0000
4796,3388.32,16134.80,0,0,0.0000
4797,4066.41,16183.01,0,0,0.0000
4798,3990.10,16128.55,0,0,0.0000
4799,4439.88,16071.22,0,0,0.0000
4800,4042.47,16035.81,0,0,0.0000
4801,4365.56,16114.48,NaN,NaN,NaN
4802,4361.27,15719.80,0,0,0.0000
4803,4432.03,15708.37,0,0,0.0000
4804,4699.24,15605.20,0,0,0.0000
4805,4504.51,15536.13,NaN,NaN,NaN
4806,4447.52,15515.99,0,0,0.0000
4807,4399.68,15651.69,0,0,0.0000
4808,4041.10,15964.29,0,0,0.0000
4809,4490.03,15635.28,0,0,0.0000
4810,4467.12,15752.50,0,0,0.0000
4811,4356.28,15608.82,0,0,0.0000
4812,4118.43,15994.61,0,0,0.0000
4813,4497.62,15708.19,0,0,0.0000
4814,4424.40,15586.37,0,0,0.0000
4815,4154.07,15550.83,0,0,0.0000
4816,3989.42,15995.72,0,0,0.0000
4817,4313.91,16195.10,0,0,0.0000
4818,4723.18,15711.49,0,0,0.0000
4819,4448.84,15640.36,0,0,0.0000
4820,4353.66,16018.43,2,3,0.0000
4821,4135.16,15902.13,0,0,0.0000
4822,4450.13,16151.93,0,0,0.0000
4823,4407.51,15986.64,0,0,0.0000
4824,4098.70,16058.37,0,0,0.0000
4825,4026.61,15929.52,0,0,0.0000
4826,4169.36,15902.25,0,0,0.0000
4827,5366.14,15990.10,0,0,0.0000
4828,5229.05,15856.94,0,0,0.0000
4829,5192.35,16192.37,0,0,0.0000
4830,5238.31,16046.38,0,0,0.0000
4831,5067.02,16249.21,0,0,0.0000
4832,5397.77,15787.91,0,0,0.0000
4833,5440.15,16248.36,0,0,0.0000
4834,4849.92,16213.64,0,0,0.0000
4835,5065.81,16000.04,0,0,0.0000
4836,5289.05,16234.24,0,0,0.0000
4837,5298.69,15570.45,NaN,NaN,NaN
4838,5404.56,16147.37,0,0,0.0000
4839,5226.77,15623.11,0,0,0.0000
4840,5022.88,16078.82,0,0,0.0000
4841,5363.83,15625.88,0,0,0.0000
4842,5470.57,15519.22,0,0,0.0000
4843,5224.10,15753.90,0,0,0.0000
4844,5120.67,15765.62,0,0,0.0000
4845,5329.72,16061.31,0,0,0.0000
4846,5194.51,15990.57,0,0,0.0000
4847,4806.73,16068.78,0,0,0.0000
4848,4960.78,16121.88,0,0,0.0000
4849,4919.88,15961.32,0,0,0.0000
4850,4904.32,16118.04,0,0,0.0000
4851,5315.70,15789.01,0,0,0.0000
4852,4757.83,16212.23,0,0,0.0000
4853,5009.01,15926.49,0,0,0.0000
4854,5350.06,16196.88,0,0,0.0000
4855,5461.43,15650.88,0,0,0.0000
4856,5021.77,16170.89,0,0,0.0000
4857,4894.11,16045.56,0,0,0.0000
4858,4784.02,15488.97,0,0,0.0000
4859,5175.76,15719.42,0,0,0.0000
4860,5116.66,15872.28,0,0,0.0000
4861,5331.85,15714.73,0,0,0.0000
4862,5222.20,15932.35,0,0,0.0000
4863,5358.53,15867.97,0,0,0.0000
4864,5310.15,15849.35,0,0,0.0000
4865,4756.24,15546.01,0,0,0.0000
4866,4802.95,16124.96,0,0,0.0000
4867,5403.63,15904.36,0,0,0.0000
4868,5092.58,16142.40,0,0,0.0000
4869,5153.08,15908.00,0,0,0.0000
4870,4995.34,16004.87,0,0,0.0000
4871,5400.59,15698.82,0,0,0.0000
4872,5456.18,15727.14,0,0,0.0000
4873,5281.48,15714.39,0,0,0.0000
4874,5324.41,16116.92,0,0,0.0000
4875,4948.96,16053.70,0,0,0.0000
4876,4958.50,15996.08,0,0,0.0000
4877,5247.27,16141.59,0,0,0.0000
4878,4962.13,15898.08,0,0,0.0000
4879,4836.85,15963.42,0,0,0.0000
4880,5231.10,15575.66,0,0,0.0000
4881,4845.52,16022.61,0,0,0.0000
4882,4739.44,16134.46,0,0,0.0000
4883,5481.19,15751.97,0,0,0.0000
4884,4747.17,15627.10,0,0,0.0000
4885,5132.07,16062.98,0,0,0.0000
4886,4978.04,16232.75,0,0,0.0000
4887,5423.55,15870.37,0,0,0.0000
4888,5046.60,15884.43,0,0,0.0000
4889,5450.41,15598.73,0,0,0.0000
4890,5271.11,15958.08,0,0,0.0000
4891,5170.56,16100.39,0,0,0.0000
4892,5465.90,15913.92,0,0,0.0000
4893,6184.98,16098.09,NaN,NaN,NaN
4894,6082.24,15753.54,0,0,0.0000
4895,5984.68,15715.90,0,0,0.0000
4896,5722.40,15531.70,0,0,0.0000
4897,6140.71,15933.95,0,0,0.0000
4898,6047.62,15586.57,NaN,NaN,NaN
4899,5701.38,15620.77,0,0,0.0000
4900,6270.10,15880.38,0,0,0.0000
4901,6001.79,15822.00,0,0,0.0000
4902,6012.85,15977.73,0,0,0.0000
4903,6145.66,15578.13,0,0,0.0000
4904,6252.06,15536.54,0,0,0.0000
4905,6197.79,15979.82,NaN,NaN,NaN
4906,6132.36,15846.31,0,0,0.0000
4907,5924.89,15697.52,0,0,0.0000
4908,5960.50,15573.61,0,0,0.0000
4909,5895.97,15636.24,0,0,0.0000
4910,5597.84,15564.13,0,0,0.0000
4911,5505.31,15570.42,0,0,0.0000
4912,5687.43,15677.79,0,0,0.0000
4913,6191.32,15783.91,0,0,0.0000
4914,5771.68,15600.99,0,0,0.0000
4915,6005.68,15496.81,3,4,0.0000
4916,6064.20,15916.75,0,0,0.0000
4917,5891.43,16033.57,0,0,0.0000
4918,5919.79,15868.62,0,0,0.0000
4919,5946.99,15945.02,0,0,0.0000
4920,5519.46,15618.13,0,0,0.0000
4921,6100.79,15998.93,0,0,0.0000
4922,6260.35,15763.31,0,0,0.0000
4923,6191.67,15711.16,0,0,0.0000
4924,5861.74,15709.75,0,0,0.0000
4925,5558.34,15653.43,0,0,0.0000
4926,5920.41,15806.67,0,0,0.0000
4927,6051.40,16146.66,0,0,0.0000
4928,6200.86,15839.75,0,0,0.0000
4929,6159.77,15649.80,0,0,0.0000
4930,6042.83,15858.90,0,0,0.0000
4931,6222.27,16036.81,0,0,0.0000
4932,5961.94,15873.35,0,0,0.0000
4933,5982.10,16095.46,0,0,0.0000
4934,5929.18,16078.89,0,0,0.0000
4935,5826.59,15673.77,0,0,0.0000
4936,5992.21,16130.13,0,0,0.0000
4937,5819.91,15649.49,0,0,0.0000
4938,5933.39,16018.68,0,0,0.0000
4939,6079.63,16057.25,0,0,0.0000
4940,5590.35,15620.38,0,0,0.0000
4941,6233.10,15671.60,0,0,0.0000
4942,5781.79,15658.49,0,0,0.0000
4943,5647.24,15523.99,0,0,0.0000
4944,5964.39,16011.36,0,0,0.0000
4945,6078.15,15512.07,0,0,0.0000
4946,6755.56,15522.54,NaN,NaN,NaN
4947,6885.02,15953.26,0,0,0.0000
4948,6291.80,15608.55,0,0,0.0000
4949,6275.24,15993.59,0,0,0.0000
4950,6974.49,15689.65,2,2,0.0000
4951,6321.00,15718.49,0,0,0.0000
4952,6741.97,15774.87,0,0,0.0000
4953,6778.74,15678.20,0,0,0.0000
4954,7004.73,15886.88,NaN,NaN,NaN
4955,6924.65,15843.80,NaN,NaN,NaN
4956,6918.36,15583.02,0,0,0.0000
4957,6726.84,15588.60,0,0,0.0000
4958,6844.02,15760.47,0,0,0.0000
4959,6807.60,15843.27,NaN,NaN,NaN
4960,6337.30,15530.65,0,0,0.0000
4961,6929.71,15634.21,0,0,0.0000
4962,6718.06,15639.61,0,0,0.0000
4963,6537.09,16132.12,0,0,0.0000
4964,6373.48,15873.38,0,0,0.0000
4965,6309.07,16075.74,0,0,0.0000
4966,6418.64,15754.67,2,3,0.0000
4967,6849.87,15870.31,0,0,0.0000
4968,6420.25,15541.43,0,0,0.0000
4969,6412.56,15699.69,0,0,0.0000
4970,6866.11,15668.29,NaN,NaN,NaN
4971,6972.83,16246.81,0,0,0.0000
4972,6449.44,16008.36,0,0,0.0000
4973,6972.06,15752.68,NaN,NaN,NaN
4974,6359.47,16040.63,0,0,0.0000
4975,6452.00,15923.51,0,0,0.0000
4976,6300.11,16135.53,0,0,0.0000
4977,6861.79,15530.28,0,0,0.0000
4978,6440.00,15582.55,0,0,0.0000
4979,6669.71,15537.02,0,0,0.0000
4980,6510.68,16009.46,0,0,0.0000
4981,6376.27,16129.23,0,0,0.0000
4982,6474.81,16184.72,0,0,0.0000
4983,6343.82,15930.25,0,0,0.0000
4984,6527.27,15902.52,0,0,0.0000
4985,6553.33,16193.14,0,0,0.0000
4986,6489.83,16073.80,0,0,0.0000
4987,6496.06,15936.94,0,0,0.0000
4988,6290.25,16210.43,0,0,0.0000
4989,6325.34,15823.37,0,0,0.0000
4990,6589.46,16126.73,0,0,0.0000
4991,6371.08,15636.02,0,0,0.0000
4992,6338.72,15781.21,0,0,0.0000
4993,6347.94,16171.92,0,0,0.0000
4994,6960.28,15793.64,0,0,0.0000
4995,6407.54,15939.81,0,0,0.0000
4996,6428.36,15662.73,0,0,0.0000
4997,6867.35,15804.81,0,0,0.0000
4998,6431.70,16099.27,0,0,0.0000
4999,6969.04,15572.66,0,0,0.0000
5000,6814.78,15586.88,0,0,0.0000
5001,6400.72,15620.74,0,0,0.0000
5002,6953.74,15509.06,0,0,0.0000
5003,6907.53,15791.38,NaN,NaN,NaN
5004,6365.94,15977.86,0,0,0.0000
5005,7741.24,15901.15,NaN,NaN,NaN
5006,7041.33,15759.40,0,0,0.0000
5007,7711.75,15958.28,0,0,0.0000
5008,7495.95,15586.87,0,0,0.0000
5009,7595.36,15823.43,0,0,0.0000
5010,7609.58,15964.60,0,0,0.0000
5011,7775.18,15623.27,0,0,0.0000
5012,7730.43,16044.29,NaN,NaN,NaN
5013,7638.64,15727.89,0,0,0.0000
5014,7596.00,15620.62,0,0,0.0000
5015,7444.75,15720.30,0,0,0.0000
5016,7078.32,16253.06,0,0,0.0000
5017,7502.38,15782.60,0,0,0.0000
5018,7119.21,15829.31,0,0,0.0000
5019,7769.74,16199.15,0,0,0.0000
5020,7665.03,15879.41,2,2,0.0000
5021,7739.81,15797.69,0,0,0.0000
5022,7693.75,15617.52,0,0,0.0000
5023,7081.78,15869.99,0,0,0.0000
5024,7730.82,15745.15,0,0,0.0000
5025,7397.27,15629.11,0,0,0.0000
5026,7509.31,15648.62,0,0,0.0000
5027,7548.88,15841.75,0,0,0.0000
5028,7682.90,15576.51,0,0,0.0000
5029,7652.66,15955.95,0,0,0.0000
5030,7551.86,15772.07,0,0,0.0000
5031,7757.70,15577.78,0,0,0.0000
5032,7461.43,15654.76,0,0,0.0000
5033,7688.49,15767.80,0,0,0.0000
5034,7604.75,15577.37,0,0,0.0000
5035,7652.25,15548.92,0,0,0.0000
5036,7609.20,15510.23,0,0,0.0000
5037,7762.09,16139.50,0,0,0.0000
5038,7177.74,16211.19,0,0,0.0000
5039,7731.04,16117.05,0,0,0.0000
5040,7587.87,15673.95,0,0,0.0000
5041,7117.90,15671.32,0,0,0.0000
5042,7774.53,16238.90,0,0,0.0000
5043,7127.14,16244.58,0,0,0.0000
5044,7574.47,15552.73,0,0,0.0000
5045,7719.67,16215.66,0,0,0.0000
5046,7704.79,15516.71,0,0,0.0000
5047,7915.10,16175.68,NaN,NaN,NaN
5048,8374.17,16157.32,0,0,0.0000
5049,7908.67,16050.50,2,3,0.0000
5050,8127.66,16242.11,NaN,NaN,NaN
5051,7821.37,16055.91,NaN,NaN,NaN
5052,7828.02,15570.19,0,0,0.0000
5053,7817.69,15984.28,0,0,0.0000
5054,7929.37,15861.40,0,0,0.0000
5055,8045.45,16096.24,0,0,0.0000
5056,7820.60,16110.71,0,0,0.0000
5057,7829.82,15719.43,0,0,0.0000
5058,8282.80,16143.77,0,0,0.0000
5059,7909.65,16004.48,0,0,0.0000
5060,8066.31,15958.36,0,0,0.0000
5061,8279.05,16186.88,0,0,0.0000
5062,8140.20,16024.45,0,0,0.0000
5063,8107.59,15972.01,0,0,0.0000
5064,8282.36,16103.11,0,0,0.0000
5065,7833.07,15796.48,0,0,0.0000
5066,7954.19,15924.67,0,0,0.0000
5067,7984.62,16021.32,0,0,0.0000
5068,7918.50,15740.11,0,0,0.0000
5069,8400.08,16121.75,0,0,0.0000
5070,8101.17,16042.07,0,0,0.0000
5071,8427.81,16226.57,0,0,0.0000
5072,7837.07,16230.05,0,0,0.0000
5073,8170.17,16116.19,0,0,0.0000
5074,7845.10,15913.85,NaN,NaN,NaN
5075,7871.21,15501.47,0,0,0.0000
5076,7868.64,15656.48,0,0,0.0000
5077,8309.08,16238.22,NaN,NaN,NaN
5078,8501.64,16199.28,0,0,0.0000
5079,8013.67,16161.94,0,0,0.0000
5080,7823.70,16164.23,0,0,0.0000
5081,7990.35,15941.87,0,0,0.0000
5082,8108.47,16139.61,0,0,0.0000
5083,7896.37,15904.68,0,0,0.0000
5084,7872.27,15582.48,0,0,0.0000
5085,8039.57,15996.12,0,0,0.0000
5086,7906.98,15576.91,0,0,0.0000
5087,9218.06,15659.79,NaN,NaN,NaN
5088,9017.57,15766.04,NaN,NaN,NaN
5089,9034.16,15631.54,0,0,0.0000
5090,8603.88,15616.70,0,0,0.0000
5091,9092.36,15530.11,2,2,0.0000
5092,8976.29,15685.72,0,0,0.0000
5093,9341.31,15541.40,2,2,0.0000
5094,9118.83,15628.71,0,0,0.0000
5095,9232.00,15507.10,NaN,NaN,NaN
5096,8929.31,15838.93,NaN,NaN,NaN
5097,8869.03,15583.33,NaN,NaN,NaN
5098,9264.46,15583.52,NaN,NaN,NaN
5099,9334.97,15634.28,0,0,0.0000
5100,8680.40,15700.00,0,0,0.0000
5101,8856.60,15513.21,0,0,0.0000
5102,8915.95,15509.75,0,0,0.0000
5103,9182.64,15553.26,NaN,NaN,NaN
5104,8784.02,15691.06,NaN,NaN,NaN
5105,8698.37,15551.04,0,0,0.0000
5106,8944.08,15589.47,NaN,NaN,NaN
5107,8792.22,15653.53,0,0,0.0000
5108,8869.10,15785.95,NaN,NaN,NaN
5109,9292.13,15730.81,2,3,0.0000
5110,8916.57,15789.34,NaN,NaN,NaN
5111,8891.89,15736.04,NaN,NaN,NaN
5112,8735.63,15643.82,0,0,0.0000
5113,8791.09,15604.93,NaN,NaN,NaN
5114,8936.56,15753.47,NaN,NaN,NaN
5115,8975.79,15540.72,NaN,NaN,NaN
5116,9844.83,16213.23,0,0,0.0000
5117,9602.57,16164.54,0,0,0.0000
5118,9567.68,15741.94,NaN,NaN,NaN
5119,9356.64,15795.77,NaN,NaN,NaN
5120,9429.24,16142.31,NaN,NaN,NaN
5121,9714.53,15578.66,0,0,0.0000
5122,9522.94,15777.31,0,0,0.0000
5123,9533.31,16087.49,NaN,NaN,NaN
5124,9515.83,16188.41,0,0,0.0000
5125,9592.46,15896.79,0,0,0.0000
5126,9828.07,15723.63,NaN,NaN,NaN
5127,9778.62,15544.21,NaN,NaN,NaN
5128,9762.08,16202.57,0,0,0.0000
5129,9706.08,15518.69,0,0,0.0000
5130,9350.74,15922.07,NaN,NaN,NaN
5131,9531.89,15888.62,0,0,0.0000
5132,9868.53,15531.31,0,0,0.0000
5133,9509.45,16004.72,0,0,0.0000
5134,9679.40,15814.02,0,0,0.0000
5135,9776.90,15915.54,0,0,0.0000
5136,9447.72,15905.15,2,3,0.0000
5137,9382.16,15705.57,0,0,0.0000
5138,9585.62,16044.20,0,0,0.0000
5139,9890.49,15622.32,NaN,NaN,NaN
5140,9837.15,15592.71,0,0,0.0000
5141,9862.54,15654.36,NaN,NaN,NaN
5142,9864.88,15870.76,0,0,0.0000
5143,9476.84,15529.57,NaN,NaN,NaN
5144,9787.40,15987.03,0,0,0.0000
5145,9750.27,16027.12,NaN,NaN,NaN
5146,9926.18,16228.14,0,0,0.0000
5147,9770.86,15861.07,0,0,0.0000
5148,9874.30,16030.05,0,0,0.0000
5149,9361.09,15868.62,NaN,NaN,NaN
5150,9600.66,15675.69,0,0,0.0000
5151,9769.38,15660.72,NaN,NaN,NaN
5152,9799.17,15583.33,0,0,0.0000
5153,9870.05,15493.55,0,0,0.0000
5154,9784.05,15765.64,NaN,NaN,NaN
5155,9487.68,16228.66,0,0,0.0000
5156,9610.65,15852.99,0,0,0.0000
5157,9804.21,16113.67,NaN,NaN,NaN
5158,9375.84,16089.34,0,0,0.0000
5159,9789.40,15707.83,0,0,0.0000
5160,9604.55,15967.41,0,0,0.0000
5161,9752.92,15792.70,NaN,NaN,NaN
5162,9438.87,16233.70,0,0,0.0000
5163,9849.47,15968.61,0,0,0.0000
5164,9659.36,16020.68,0,0,0.0000
5165,9461.14,15647.43,0,0,0.0000
5166,9862.70,15926.48,0,0,0.0000
5167,9565.90,16251.81,0,0,0.0000
5168,9465.89,15595.11,NaN,NaN,NaN
5169,9691.86,16088.02,NaN,NaN,NaN
5170,9813.42,16054.87,0,0,0.0000
5171,10793.94,15730.35,0,0,0.0000
5172,10520.62,15608.12,0,0,0.0000
5173,10554.32,15765.28,0,0,0.0000
5174,10621.50,16019.71,0,0,0.0000
5175,10496.38,15522.64,0,0,0.0000
5176,10663.33,15516.21,2,2,0.0000
5177,10340.59,16057.51,0,0,0.0000
5178,10462.66,16069.57,0,0,0.0000
5179,10492.00,16161.46,0,0,0.0000
5180,10581.49,16202.71,0,0,0.0000
5181,10347.75,15633.58,0,0,0.0000
5182,10619.66,15638.69,0,0,0.0000
5183,10705.49,15814.35,0,0,0.0000
5184,10576.33,15496.10,0,0,0.0000
5185,10210.82,16018.20,0,0,0.0000
5186,10327.54,15769.79,0,0,0.0000
5187,10504.56,15838.12,0,0,0.0000
5188,10257.62,15929.38,0,0,0.0000
5189,10272.15,16173.51,0,0,0.0000
5190,10377.95,15910.87,0,0,0.0000
5191,10160.01,16112.92,0,0,0.0000
5192,10794.55,15564.18,0,0,0.0000
5193,10488.04,16229.49,0,0,0.0000
5194,10473.70,15981.53,0,0,0.0000
5195,10305.45,15860.58,0,0,0.0000
5196,10850.07,15642.16,0,0,0.0000
5197,10714.19,15696.93,0,0,0.0000
5198,10633.59,15817.72,0,0,0.0000
5199,10385.85,15994.29,0,0,0.0000
5200,10460.69,15903.10,0,0,0.0000
5201,10691.42,16031.39,0,0,0.0000
5202,10408.52,15540.48,0,0,0.0000
5203,10426.52,15717.22,0,0,0.0000
5204,10442.19,15614.21,0,0,0.0000
5205,10360.94,15696.51,0,0,0.0000
5206,10543.90,15970.52,0,0,0.0000
5207,10639.24,16088.90,0,0,0.0000
5208,10646.16,16165.38,0,0,0.0000
5209,10369.18,15800.23,0,0,0.0000
5210,10580.97,15693.99,0,0,0.0000
5211,10453.27,15785.04,0,0,0.0000
5212,10662.83,15887.27,0,0,0.0000
5213,10314.00,15922.17,0,0,0.0000
5214,10571.24,16130.60,0,0,0.0000
5215,10373.91,16198.22,0,0,0.0000
5216,10327.68,15948.87,0,0,0.0000
5217,10587.76,15862.16,0,0,0.0000
5218,10169.70,16227.03,0,0,0.0000
5219,10696.39,15622.17,0,0,0.0000
5220,10781.54,16004.34,0,0,0.0000
5221,10603.40,16102.43,0,0,0.0000
5222,10219.28,16175.95,0,0,0.0000
5223,11544.04,16067.56,NaN,NaN,NaN
5224,11536.29,15795.44,0,0,0.0000
5225,11078.49,15646.67,0,0,0.0000
5226,11633.66,16148.44,NaN,NaN,NaN
5227,11416.96,15870.82,0,0,0.0000
5228,11329.31,16190.95,0,0,0.0000
5229,10892.19,15736.07,0,0,0.0000
5230,11492.77,15598.83,0,0,0.0000
5231,10934.85,16022.38,0,0,0.0000
5232,11564.74,15700.22,0,0,0.0000
5233,11313.62,15614.34,0,0,0.0000
5234,11548.18,15939.41,0,0,0.0000
5235,11124.49,15783.59,0,0,0.0000
5236,11313.44,15680.90,0,0,0.0000
5237,10910.85,15572.56,0,0,0.0000
5238,11621.74,15776.16,0,0,0.0000
5239,11183.99,15707.58,0,0,0.0000
5240,10971.45,15651.72,0,0,0.0000
5241,11394.96,16255.68,0,0,0.0000
5242,11504.46,16242.56,0,0,0.0000
5243,11387.71,15676.35,0,0,0.0000
5244,11273.36,15558.03,0,0,0.0000
5245,11466.87,15945.28,0,0,0.0000
5246,11193.86,15841.92,0,0,0.0000
5247,11128.53,15540.61,0,0,0.0000
5248,11267.90,16056.90,0,0,0.0000
5249,11443.20,16182.89,0,0,0.0000
5250,11122.77,15915.13,0,0,0.0000
5251,11311.66,15847.03,0,0,0.0000
5252,11574.54,15500.27,0,0,0.0000
5253,11188.25,16127.62,0,0,0.0000
5254,11177.02,15616.86,0,0,0.0000
5255,10994.72,15731.65,0,0,0.0000
5256,11420.71,15783.70,0,0,0.0000
5257,11065.41,16010.11,0,0,0.0000
5258,11458.04,15726.55,0,0,0.0000
5259,11132.20,15857.21,0,0,0.0000
5260,10985.33,15842.14,0,0,0.0000
5261,11639.65,16222.88,0,0,0.0000
5262,11073.20,15848.61,0,0,0.0000
5263,11066.84,16097.86,0,0,0.0000
5264,11427.04,15638.78,0,0,0.0000
5265,11281.11,15948.48,0,0,0.0000
5266,11175.38,15982.03,0,0,0.0000
5267,11466.58,15498.79,0,0,0.0000
5268,11119.34,15972.33,0,0,0.0000
5269,11236.23,15982.20,0,0,0.0000
5270,11588.13,15569.62,0,0,0.0000
5271,11017.63,15964.00,0,0,0.0000
5272,11182.37,15668.33,0,0,0.0000
5273,11635.68,15701.41,0,0,0.0000
5274,11095.93,16043.99,0,0,0.0000
5275,11017.15,16023.01,0,0,0.0000
5276,11475.74,15673.92,0,0,0.0000
5277,11505.86,15558.03,0,0,0.0000
5278,11038.21,15811.84,0,0,0.0000
5279,11604.43,16072.02,0,0,0.0000
5280,11328.51,15754.30,0,0,0.0000
5281,10946.46,15787.94,0,0,0.0000
5282,11599.61,15921.67,0,0,0.0000
5283,11225.27,15913.51,0,0,0.0000
5284,11393.18,15498.13,0,0,0.0000
5285,11346.01,16048.32,0,0,0.0000
5286,11634.02,15880.27,0,0,0.0000
5287,10981.53,15773.88,0,0,0.0000
5288,11435.52,16059.40,0,0,0.0000
5289,11211.92,16074.93,0,0,0.0000
5290,10903.67,15638.10,0,0,0.0000
5291,11349.62,16119.84,0,0,0.0000
5292,11410.60,16102.01,0,0,0.0000
5293,11595.25,15645.06,0,0,0.0000
5294,10980.27,16069.28,0,0,0.0000
5295,11083.92,15723.09,0,0,0.0000
5296,11261.87,16183.62,0,0,0.0000
5297,11376.62,15770.02,0,0,0.0000
5298,11128.72,16095.62,0,0,0.0000
5299,11273.24,15730.07,0,0,0.0000
5300,11417.16,16004.98,0,0,0.0000
5301,10966.77,15917.81,0,0,0.0000
5302,11238.65,15624.49,0,0,0.0000
5303,11051.01,15521.30,0,0,0.0000
5304,11610.26,15608.37,0,0,0.0000
5305,10948.22,15745.33,0,0,0.0000
5306,11241.35,15837.67,0,0,0.0000
5307,11041.73,15560.67,0,0,0.0000
5308,11130.32,16137.47,0,0,0.0000
5309,11164.71,16027.11,0,0,0.0000
5310,11321.96,15935.61,0,0,0.0000
5311,11426.94,15532.85,0,0,0.0000
5312,11174.05,15911.36,0,0,0.0000
5313,11782.56,16121.50,0,0,0.0000
5314,12052.83,15755.01,0,0,0.0000
5315,11997.05,15640.60,0,0,0.0000
5316,11992.27,15496.98,0,0,0.0000
5317,11806.04,15836.63,0,0,0.0000
5318,11719.54,15869.66,0,0,0.0000
5319,12013.70,16192.45,0,0,0.0000
5320,12219.65,15491.24,0,0,0.0000
5321,11712.01,15977.09,0,0,0.0000
5322,11712.54,16056.22,0,0,0.0000
5323,12139.68,15717.45,0,0,0.0000
5324,11684.90,15502.93,0,0,0.0000
5325,11819.85,15728.50,0,0,0.0000
5326,12251.85,16111.18,0,0,0.0000
5327,11987.99,15849.20,0,0,0.0000
5328,12110.05,15968.08,0,0,0.0000
5329,12004.23,15982.06,0,0,0.0000
5330,11688.56,15732.09,0,0,0.0000
5331,12375.15,15931.41,NaN,NaN,NaN
5332,11927.70,16017.43,0,0,0.0000
5333,12135.46,15517.60,0,0,0.0000
5334,11812.04,16052.14,0,0,0.0000
5335,12175.19,16035.42,0,0,0.0000
5336,12179.97,16155.23,0,0,0.0000
5337,11834.87,16190.68,NaN,NaN,NaN
5338,11761.34,15644.57,0,0,0.0000
5339,12390.58,16063.02,0,0,0.0000
5340,12069.43,15642.75,0,0,0.0000
5341,12283.63,16060.55,0,0,0.0000
5342,11749.83,15567.70,0,0,0.0000
5343,11874.97,15903.14,0,0,0.0000
5344,11919.39,16163.04,0,0,0.0000
5345,11935.64,15536.31,0,0,0.0000
5346,12106.69,15863.49,0,0,0.0000
5347,11841.17,15634.73,0,0,0.0000
5348,11661.15,15582.63,0,0,0.0000
5349,11848.37,16005.10,0,0,0.0000
5350,12120.22,15615.73,0,0,0.0000
5351,11895.26,16082.98,0,0,0.0000
5352,11978.39,16009.23,0,0,0.0000
5353,12166.18,16094.94,0,0,0.0000
5354,12310.32,16167.48,0,0,0.0000
5355,11962.60,16089.93,0,0,0.0000
5356,12116.11,16163.15,0,0,0.0000
5357,12174.52,15630.89,0,0,0.0000
5358,12196.23,15560.81,2,2,0.0000
5359,12308.80,15817.26,NaN,NaN,NaN
5360,12333.96,15961.60,0,0,0.0000
5361,12341.16,15651.82,0,0,0.0000
5362,11971.78,15746.48,0,0,0.0000
5363,11920.72,15696.54,0,0,0.0000
5364,12243.75,15963.47,0,0,0.0000
5365,12353.70,15708.53,0,0,0.0000
5366,12082.06,16046.39,0,0,0.0000
5367,12300.72,15720.81,0,0,0.0000
5368,11904.17,15744.91,0,0,0.0000
5369,11870.18,15788.70,0,0,0.0000
5370,11918.25,15819.85,0,0,0.0000
5371,12387.84,15769.01,0,0,0.0000
5372,11699.37,15927.31,0,0,0.0000
5373,12296.92,15931.97,0,0,0.0000
5374,12235.23,16186.70,0,0,0.0000
5375,11703.54,16152.81,0,0,0.0000
5376,12047.45,15896.35,0,0,0.0000
5377,12345.02,16125.66,0,0,0.0000
5378,11935.91,16209.21,0,0,0.0000
5379,11704.78,15800.82,0,0,0.0000
5380,12144.39,15893.38,0,0,0.0000
5381,12074.67,15840.65,0,0,0.0000
5382,11675.92,15675.16,0,0,0.0000
5383,12172.62,15978.69,0,0,0.0000
5384,11943.63,15919.07,0,0,0.0000
5385,12083.81,16116.61,0,0,0.0000
5386,11722.16,16209.96,0,0,0.0000
5387,12250.39,16015.15,0,0,0.0000
5388,12081.40,16171.43,0,0,0.0000
5389,12018.48,15931.15,0,0,0.0000
5390,11890.68,15649.09,0,0,0.0000
5391,11681.74,15646.13,0,0,0.0000
5392,12364.74,16227.94,0,0,0.0000
5393,12152.29,15575.14,NaN,NaN,NaN
5394,11793.18,15918.08,0,0,0.0000
5395,12352.31,15788.85,0,0,0.0000
5396,11775.19,15506.84,0,0,0.0000
5397,11922.98,15865.57,0,0,0.0000
5398,11982.96,15784.45,0,0,0.0000
5399,12455.65,16000.43,NaN,NaN,NaN
5400,12793.84,15647.88,0,0,0.0000
5401,12913.78,15966.78,0,0,0.0000
5402,12898.84,16220.19,0,0,0.0000
5403,12618.86,15743.19,0,0,0.0000
5404,12625.70,15601.16,0,0,0.0000
5405,12714.44,15702.49,0,0,0.0000
5406,12996.28,16194.73,0,0,0.0000
5407,12670.15,15845.99,0,0,0.0000
5408,12897.51,15846.25,0,0,0.0000
5409,12877.88,16104.79,0,0,0.0000
5410,12603.33,15899.77,0,0,0.0000
5411,12908.92,15732.00,0,0,0.0000
5412,12835.87,15761.97,0,0,0.0000
5413,12421.58,15864.53,0,0,0.0000
5414,12733.77,16008.87,0,0,0.0000
5415,12492.39,15706.74,0,0,0.0000
5416,12735.74,15490.26,0,0,0.0000
5417,12584.44,15983.55,0,0,0.0000
5418,12561.76,15788.77,0,0,0.0000
5419,12809.13,15513.14,0,0,0.0000
5420,12545.85,16151.50,NaN,NaN,NaN
5421,12830.62,15827.73,0,0,0.0000
5422,12932.28,15619.45,0,0,0.0000
5423,12503.93,15605.49,0,0,0.0000
5424,12790.53,16037.25,0,0,0.0000
5425,12838.00,16012.14,0,0,0.0000
5426,12954.77,15889.51,0,0,0.0000
5427,12870.25,15585.12,0,0,0.0000
5428,12736.65,15864.71,0,0,0.0000
5429,12746.35,16167.84,0,0,0.0000
5430,12514.99,15897.06,0,0,0.0000
5431,12522.42,15798.53,0,0,0.0000
5432,12491.67,15840.37,0,0,0.0000
5433,12561.94,15554.92,0,0,0.0000
5434,12939.36,16056.14,0,0,0.0000
5435,12786.76,16152.35,0,0,0.0000
5436,12560.58,15890.77,0,0,0.0000
5437,12867.21,15495.18,0,0,0.0000
5438,12545.09,15676.14,0,0,0.0000
5439,12739.12,16084.85,0,0,0.0000
5440,12426.12,15748.12,0,0,0.0000
5441,12809.37,15916.86,0,0,0.0000
5442,12918.65,15549.44,0,0,0.0000
5443,12567.12,15629.62,0,0,0.0000
5444,12440.32,15652.28,0,0,0.0000
5445,12464.11,15760.30,0,0,0.0000
5446,12701.82,15787.36,0,0,0.0000
5447,12485.09,16255.25,0,0,0.0000
5448,12782.56,15854.52,0,0,0.0000
5449,12805.47,15859.98,0,0,0.0000
5450,12585.03,16085.96,0,0,0.0000
5451,12766.00,15971.84,0,0,0.0000
5452,12750.76,15795.39,0,0,0.0000
5453,12827.46,16132.08,0,0,0.0000
5454,12799.07,15562.44,0,0,0.0000
5455,14655.40,15926.25,2,0,0.0000
5456,14687.46,16045.37,0,0,0.0000
5457,14546.95,15993.64,0,0,0.0000
5458,14375.65,15990.85,0,0,0.0000
5459,14402.24,16222.09,0,0,0.0000
5460,14534.66,15896.69,0,0,0.0000
5461,14436.71,16120.02,0,0,0.0000
5462,14645.73,15825.60,NaN,NaN,NaN
5463,14352.12,16210.07,0,0,0.0000
5464,14712.76,16174.09,0,0,0.0000
5465,14378.69,16077.61,0,0,0.0000
5466,14570.10,16210.63,0,0,0.0000
5467,14316.18,16053.54,0,0,0.0000
5468,14522.99,16164.94,0,0,0.0000
5469,14475.47,16044.01,0,0,0.0000
5470,14463.48,15829.74,0,0,0.0000
5471,14500.65,16120.96,0,0,0.0000
5472,14063.30,15839.97,0,0,0.0000
5473,14710.28,15749.03,0,0,0.0000
5474,14583.86,15875.46,0,0,0.0000
5475,14641.79,16185.09,0,0,0.0000
5476,14584.62,16109.61,2,3,0.0000
5477,14412.46,15915.05,0,0,0.0000
5478,14469.85,15946.13,0,0,0.0000
5479,14650.31,16089.50,0,0,0.0000
5480,14317.45,16145.24,0,0,0.0000
5481,14647.04,15756.63,0,0,0.0000
5482,14095.58,15859.50,0,0,0.0000
5483,14284.81,16104.62,0,0,0.0000
5484,14576.19,16054.61,0,0,0.0000
5485,14516.82,15777.98,0,0,0.0000
5486,14373.95,15845.96,0,0,0.0000
5487,14652.94,15727.64,NaN,NaN,NaN
5488,14718.54,15808.68,NaN,NaN,NaN
5489,14874.92,16022.12,0,0,0.0000
5490,14982.33,16251.64,0,0,0.0000
5491,14738.94,15894.00,0,0,0.0000
5492,15074.51,16255.23,0,0,0.0000
5493,14975.99,15883.72,0,0,0.0000
5494,14957.04,15987.37,0,0,0.0000
5495,15039.34,16012.97,0,0,0.0000
5496,14863.51,16155.75,0,0,0.0000
5497,14810.77,15802.08,0,0,0.0000
5498,14783.39,16161.50,0,0,0.0000
5499,14987.70,16127.22,0,0,0.0000
5500,14773.11,15981.17,0,0,0.0000
5501,15042.36,16182.52,0,0,0.0000
5502,15000.02,15955.56,0,0,0.0000
5503,14838.43,15931.59,0,0,0.0000
5504,14880.21,15924.44,0,0,0.0000
5505,14838.67,15766.89,NaN,NaN,NaN
5506,14827.99,16090.77,0,0,0.0000
5507,14963.25,16034.40,0,0,0.0000
5508,14816.14,16210.56,0,0,0.0000
5509,15063.92,16088.09,0,0,0.0000
5510,14843.21,15842.58,0,0,0.0000
5511,14910.29,16098.95,0,0,0.0000
5512,14915.26,16159.26,0,0,0.0000
5513,14759.18,15763.76,0,0,0.0000
5514,14800.25,15864.91,0,0,0.0000
5515,15606.55,15699.52,0,0,0.0000
5516,15601.22,15512.64,0,0,0.0000
5517,15732.18,15513.82,0,0,0.0000
5518,15723.45,15738.44,0,0,0.0000
5519,15592.77,15591.38,0,0,0.0000
5520,15687.69,15821.64,0,0,0.0000
5521,15679.01,15515.32,0,0,0.0000
5522,15722.98,15601.58,0,0,0.0000
5523,15659.42,15756.27,0,0,0.0000
5524,15598.63,16074.25,0,0,0.0000
5525,15607.27,15833.44,0,0,0.0000
5526,15636.95,15937.07,0,0,0.0000
5527,15757.42,15665.91,0,0,0.0000
5528,15529.25,15500.17,0,0,0.0000
5529,15526.90,15599.38,0,0,0.0000
5530,15502.97,15939.03,0,0,0.0000
5531,15639.07,15883.70,0,0,0.0000
5532,15681.14,15891.75,0,0,0.0000
5533,16980.85,15912.60,0,0,0.0000
5534,16938.40,16013.45,0,0,0.0000
5535,17001.26,15968.36,0,0,0.0000
5536,16667.57,16035.97,NaN,NaN,NaN
5537,17435.93,15984.70,NaN,NaN,NaN
5538,17173.58,15865.28,NaN,NaN,NaN
5539,17213.08,16122.92,NaN,NaN,NaN
5540,17467.47,16122.40,NaN,NaN,NaN
5541,17606.30,16061.83,NaN,NaN,NaN
5542,17096.95,15903.74,2,2,0.0000
5543,17386.40,15919.57,NaN,NaN,NaN
5544,17060.66,16002.57,0,0,0.0000
5545,17301.96,15942.70,2,3,0.0000
5546,17602.07,16170.94,NaN,NaN,NaN
5547,17157.29,16006.37,0,0,0.0000
5548,17348.39,16181.31,NaN,NaN,NaN
5549,17146.98,16149.50,0,0,0.0000
5550,17535.86,16189.37,NaN,NaN,NaN
5551,17306.45,16236.71,NaN,NaN,NaN
5552,17228.82,16212.93,0,0,0.0000
5553,17291.88,16153.61,NaN,NaN,NaN
5554,17432.07,16166.31,3,7,2.3333
5555,17594.26,16252.22,NaN,NaN,NaN
5556,17560.59,15985.96,0,0,0.0000
5557,17286.15,16077.71,0,0,0.0000
5558,17356.97,15998.45,2,3,0.0000
5559,17648.81,16224.18,NaN,NaN,NaN
5560,17519.86,16003.79,0,0,0.0000
5561,17377.68,16094.22,NaN,NaN,NaN
5562,17493.71,15928.70,NaN,NaN,NaN
5563,18635.09,15653.84,NaN,NaN,NaN
5564,18433.09,15512.78,3,6,2.0000
5565,18508.65,15630.33,2,4,2.0000
5566,18482.00,15712.35,0,0,0.0000
5567,18653.28,15543.01,NaN,NaN,NaN
5568,18562.30,15692.77,NaN,NaN,NaN
5569,18446.91,15631.24,NaN,NaN,NaN
5570,18639.10,15772.61,0,0,0.0000
5571,18355.39,15511.34,2,2,0.0000
5572,18560.81,15624.47,NaN,NaN,NaN
5573,18589.66,15818.44,NaN,NaN,NaN
5574,18410.88,15654.47,NaN,NaN,NaN
5575,18578.11,15747.35,0,0,0.0000
5576,364.15,16367.83,NaN,NaN,NaN
5577,271.52,16712.17,0,0,0.0000
5578,729.08,16593.88,0,0,0.0000
5579,442.64,16607.27,0,0,0.0000
5580,682.58,16454.48,0,0,0.0000
5581,443.34,16375.17,NaN,NaN,NaN
5582,844.37,16533.74,0,0,0.0000
5583,476.82,16436.14,0,0,0.0000
5584,495.90,16268.54,0,0,0.0000
5585,834.98,16635.67,0,0,0.0000
5586,376.78,16640.22,0,0,0.0000
5587,567.11,16597.75,0,0,0.0000
5588,402.64,16467.55,NaN,NaN,NaN
5589,201.82,16631.84,0,0,0.0000
5590,352.37,16563.87,0,0,0.0000
5591,569.76,16520.28,0,0,0.0000
5592,527.55,16364.21,0,0,0.0000
5593,764.62,16642.96,0,0,0.0000
5594,705.06,16506.96,0,0,0.0000
5595,577.65,16464.78,0,0,0.0000
5596,607.50,16395.74,0,0,0.0000
5597,168.66,16819.39,0,0,0.0000
5598,211.44,16857.36,0,0,0.0000
5599,121.91,16715.37,0,0,0.0000
5600,713.75,16359.43,0,0,0.0000
5601,817.12,16451.77,0,0,0.0000
5602,516.55,16548.60,0,0,0.0000
5603,415.69,16523.88,0,0,0.0000
5604,665.79,16377.78,0,0,0.0000
5605,790.90,16396.78,0,0,0.0000
5606,469.21,16521.87,0,0,0.0000
5607,468.81,16315.03,0,0,0.0000
5608,744.04,16449.99,0,0,0.0000
5609,791.52,16499.70,0,0,0.0000
5610,878.37,16580.07,0,0,0.0000
5611,293.90,16586.75,0,0,0.0000
5612,223.73,16798.37,0,0,0.0000
5613,193.80,16685.65,0,0,0.0000
5614,635.68,16524.52,0,0,0.0000
5615,576.04,16327.01,0,0,0.0000
5616,819.87,16575.25,0,0,0.0000
5617,125.96,16788.58,0,0,0.0000
5618,291.85,16528.76,0,0,0.0000
5619,337.92,16288.76,0,0,0.0000
5620,815.78,16420.64,0,0,0.0000
5621,728.90,16403.32,0,0,0.0000
5622,630.03,16343.61,0,0,0.0000
5623,894.90,16498.24,0,0,0.0000
5624,311.92,16633.77,0,0,0.0000
5625,255.92,16638.63,0,0,0.0000
5626,307.74,16257.88,0,0,0.0000
5627,530.27,16407.55,0,0,0.0000
5628,414.16,16300.20,0,0,0.0000
5629,368.92,16442.50,0,0,0.0000
5630,166.84,16753.87,0,0,0.0000
5631,648.30,16555.89,0,0,0.0000
5632,511.58,16593.21,0,0,0.0000
5633,652.29,16654.21,0,0,0.0000
5634,614.88,16439.76,0,0,0.0000
5635,334.07,16485.49,0,0,0.0000
5636,841.56,16491.73,0,0,0.0000
5637,894.35,16464.38,0,0,0.0000
5638,1191.47,16722.15,0,0,0.0000
5639,1141.33,16398.84,0,0,0.0000
5640,1153.17,16456.31,0,0,0.0000
5641,1154.58,16783.05,0,0,0.0000
5642,1265.18,16741.04,0,0,0.0000
5643,1331.72,16649.02,0,0,0.0000
5644,1297.90,16279.46,0,0,0.0000
5645,1218.96,16451.04,0,0,0.0000
5646,1265.22,16653.61,0,0,0.0000
5647,1187.28,16411.95,0,0,0.0000
5648,1321.21,16980.41,0,0,0.0000
5649,1218.72,16395.77,0,0,0.0000
5650,1124.61,16353.40,0,0,0.0000
5651,1089.53,16781.39,0,0,0.0000
5652,1484.25,16670.13,0,0,0.0000
5653,1114.01,16469.78,0,0,0.0000
5654,1293.54,16956.14,0,0,0.0000
5655,1238.47,16685.88,0,0,0.0000
5656,1184.21,16482.15,0,0,0.0000
5657,1246.66,16431.64,0,0,0.0000
5658,1087.02,16340.77,0,0,0.0000
5659,1526.36,16262.63,0,0,0.0000
5660,1315.57,16696.19,0,0,0.0000
5661,2123.56,16542.65,0,0,0.0000
5662,2246.72,16497.10,0,0,0.0000
5663,2394.76,16342.92,0,0,0.0000
5664,2198.80,16296.09,0,0,0.0000
5665,2022.64,16706.75,0,0,0.0000
5666,2255.44,16366.23,0,0,0.0000
5667,2249.29,16588.79,0,0,0.0000
5668,2291.56,16428.46,0,0,0.0000
5669,2178.36,16631.68,0,0,0.0000
5670,2101.67,16689.09,0,0,0.0000
5671,2147.03,16607.69,0,0,0.0000
5672,2149.66,16360.28,0,0,0.0000
5673,2345.64,16498.87,0,0,0.0000
5674,2297.41,16305.15,0,0,0.0000
5675,2128.20,16419.02,0,0,0.0000
5676,2367.12,16392.23,0,0,0.0000
5677,2344.75,16285.69,0,0,0.0000
5678,1988.14,16791.13,0,0,0.0000
5679,2264.56,16403.87,0,0,0.0000
5680,2190.99,16447.85,0,0,0.0000
5681,2206.55,16365.31,0,0,0.0000
5682,2121.53,16742.10,0,0,0.0000
5683,2352.40,16436.57,0,0,0.0000
5684,2390.98,16456.52,0,0,0.0000
5685,2044.81,16744.49,0,0,0.0000
5686,1954.86,16765.17,0,0,0.0000
5687,2020.81,16816.54,0,0,0.0000
5688,2191.21,16672.56,0,0,0.0000
5689,2078.71,16623.74,0,0,0.0000
5690,2428.90,16288.51,0,0,0.0000
5691,1978.76,16837.84,0,0,0.0000
5692,1912.31,16747.47,0,0,0.0000
5693,2246.94,16299.50,0,0,0.0000
5694,3089.64,16669.72,0,0,0.0000
5695,3097.63,16574.42,0,0,0.0000
5696,3154.70,16808.52,0,0,0.0000
5697,2883.91,16667.30,NaN,NaN,NaN
5698,2930.57,16836.50,0,0,0.0000
5699,3007.91,16568.10,0,0,0.0000
5700,2961.20,16735.69,0,0,0.0000
5701,3119.27,16284.48,0,0,0.0000
5702,2470.38,16382.76,0,0,0.0000
5703,3083.01,16321.04,0,0,0.0000
5704,2979.21,16619.57,0,0,0.0000
5705,3083.97,16786.82,0,0,0.0000
5706,3112.65,16492.23,0,0,0.0000
5707,2950.24,16295.84,0,0,0.0000
5708,2992.82,16789.27,0,0,0.0000
5709,2880.17,16733.81,0,0,0.0000
5710,3055.87,16385.96,0,0,0.0000
5711,2479.48,16321.16,0,0,0.0000
5712,3091.72,16846.43,3,4,0.0000
5713,3192.58,16341.07,0,0,0.0000
5714,2868.10,16605.00,NaN,NaN,NaN
5715,2857.27,16389.87,0,0,0.0000
5716,3181.13,16883.78,0,0,0.0000
5717,2831.45,16757.18,0,0,0.0000
5718,2931.14,16781.58,0,0,0.0000
5719,3119.49,16408.29,0,0,0.0000
5720,3027.58,16339.89,0,0,0.0000
5721,3167.71,16491.04,0,0,0.0000
5722,3147.05,16357.36,0,0,0.0000
5723,3183.77,16557.61,0,0,0.0000
5724,2873.01,16463.86,0,0,0.0000
5725,3051.03,16718.00,0,0,0.0000
5726,2444.53,16430.48,0,0,0.0000
5727,2817.90,16853.79,0,0,0.0000
5728,2639.43,16821.91,0,0,0.0000
5729,2497.60,16357.91,0,0,0.0000
5730,3030.35,16485.51,0,0,0.0000
5731,2987.65,16669.51,0,0,0.0000
5732,2487.36,16268.92,0,0,0.0000
5733,3175.05,16726.53,0,0,0.0000
5734,3622.45,16917.57,0,0,0.0000
5735,3235.74,16618.37,0,0,0.0000
5736,3683.10,16801.06,0,0,0.0000
5737,3743.79,16771.54,0,0,0.0000
5738,3409.46,16767.79,2,2,0.0000
5739,3622.58,16829.41,0,0,0.0000
5740,3476.22,16925.96,0,0,0.0000
5741,3237.13,16864.97,0,0,0.0000
5742,3334.98,16801.22,0,0,0.0000
5743,3795.62,16325.72,0,0,0.0000
5744,3351.77,16661.70,0,0,0.0000
5745,3751.41,16419.84,0,0,0.0000
5746,3882.87,16960.08,0,0,0.0000
5747,3700.52,16316.89,NaN,NaN,NaN
5748,3825.49,16418.91,0,0,0.0000
5749,3382.02,16355.35,0,0,0.0000
5750,3495.20,16890.18,0,0,0.0000
5751,3272.92,16384.48,0,0,0.0000
5752,3767.83,16648.00,0,0,0.0000
5753,3383.43,16540.96,0,0,0.0000
5754,3300.27,16705.88,0,0,0.0000
5755,3570.68,16755.29,NaN,NaN,NaN
5756,3655.02,16668.72,0,0,0.0000
5757,3740.92,16279.24,0,0,0.0000
5758,3323.06,16449.05,0,0,0.0000
5759,3790.22,16545.87,0,0,0.0000
5760,3878.42,16628.87,0,0,0.0000
5761,3229.88,16743.85,0,0,0.0000
5762,3875.58,16544.67,0,0,0.0000
5763,3907.03,16674.24,0,0,0.0000
5764,3332.72,16556.98,0,0,0.0000
5765,3220.08,16480.64,0,0,0.0000
5766,3457.74,16366.16,0,0,0.0000
5767,3698.27,16628.66,0,0,0.0000
5768,3207.93,16784.24,0,0,0.0000
5769,3387.05,16468.21,0,0,0.0000
5770,3339.67,17005.44,0,0,0.0000
5771,3807.71,16993.24,0,0,0.0000
5772,3840.72,16688.20,0,0,0.0000
5773,3684.65,16365.67,0,0,0.0000
5774,3421.22,16461.56,0,0,0.0000
5775,3568.77,16672.27,0,0,0.0000
5776,3951.81,16280.05,0,0,0.0000
5777,3752.82,16497.37,0,0,0.0000
5778,3849.98,16338.55,0,0,0.0000
5779,3753.76,17016.88,0,0,0.0000
5780,3293.81,16298.53,0,0,0.0000
5781,3866.25,17011.50,0,0,0.0000
5782,3495.32,16808.22,0,0,0.0000
5783,3465.52,16472.05,0,0,0.0000
5784,3840.13,16498.74,0,0,0.0000
5785,3696.80,16423.36,0,0,0.0000
5786,3496.20,16638.64,0,0,0.0000
5787,3513.05,16725.65,0,0,0.0000
5788,3265.72,16962.14,0,0,0.0000
5789,3792.39,16733.73,0,0,0.0000
5790,3410.21,16608.34,0,0,0.0000
5791,3833.20,16969.88,0,0,0.0000
5792,3606.86,16669.65,0,0,0.0000
5793,3817.98,16625.02,0,0,0.0000
5794,3383.48,16257.43,0,0,0.0000
5795,3224.55,16926.37,0,0,0.0000
5796,3486.58,16584.02,0,0,0.0000
5797,3486.81,16694.91,0,0,0.0000
5798,3810.88,16783.82,0,0,0.0000
5799,4025.18,16394.91,0,0,0.0000
5800,4137.91,16304.27,0,0,0.0000
5801,4228.57,16630.02,0,0,0.0000
5802,4090.42,16371.54,0,0,0.0000
5803,4047.73,16491.03,0,0,0.0000
5804,4128.37,16726.39,0,0,0.0000
5805,4152.86,16686.46,0,0,0.0000
5806,4077.77,16266.02,0,0,0.0000
5807,4008.06,16266.38,0,0,0.0000
5808,4049.78,16537.02,0,0,0.0000
5809,4066.81,16459.86,0,0,0.0000
5810,4148.28,16398.55,0,0,0.0000
5811,3987.82,16716.52,0,0,0.0000
5812,4006.86,16531.70,0,0,0.0000
5813,4065.34,16323.21,0,0,0.0000
5814,4733.16,16281.83,0,0,0.0000
5815,4081.08,16606.62,0,0,0.0000
5816,4109.54,16436.91,0,0,0.0000
5817,4082.16,16424.85,0,0,0.0000
5818,4959.73,16441.15,0,0,0.0000
5819,5090.01,16479.41,0,0,0.0000
5820,5132.03,16691.41,0,0,0.0000
5821,5218.83,16304.63,0,0,0.0000
5822,5252.87,16678.64,0,0,0.0000
5823,5102.01,16574.04,0,0,0.0000
5824,4810.48,16323.26,0,0,0.0000
5825,5334.16,16632.78,0,0,0.0000
5826,4996.45,16308.50,0,0,0.0000
5827,5471.27,16649.99,0,0,0.0000
5828,5217.59,16432.18,0,0,0.0000
5829,5461.02,16572.19,0,0,0.0000
5830,4894.29,16555.25,NaN,NaN,NaN
5831,4848.73,16444.62,NaN,NaN,NaN
5832,5409.36,16781.43,0,0,0.0000
5833,5272.75,16521.66,0,0,0.0000
5834,5251.28,16753.12,0,0,0.0000
5835,5103.93,16389.35,0,0,0.0000
5836,5326.06,16781.28,0,0,0.0000
5837,5330.07,16721.89,0,0,0.0000
5838,4840.30,16369.55,NaN,NaN,NaN
5839,4910.41,16383.56,0,0,0.0000
5840,5499.23,16536.17,0,0,0.0000
5841,5035.99,16407.88,0,0,0.0000
5842,5161.99,16461.05,0,0,0.0000
5843,5225.91,16568.99,0,0,0.0000
5844,5195.85,16607.55,0,0,0.0000
5845,4983.47,16540.44,0,0,0.0000
5846,4778.15,16268.61,0,0,0.0000
5847,5465.93,16456.38,0,0,0.0000
5848,4883.09,16432.23,0,0,0.0000
5849,4796.89,16415.57,0,0,0.0000
5850,4797.23,16470.95,NaN,NaN,NaN
5851,4740.86,16326.82,0,0,0.0000
5852,5458.69,16695.34,0,0,0.0000
5853,5260.05,16606.61,0,0,0.0000
5854,5343.18,16571.82,0,0,0.0000
5855,5423.11,16506.65,0,0,0.0000
5856,5406.68,16583.82,0,0,0.0000
5857,4837.90,16510.92,NaN,NaN,NaN
5858,5088.40,16345.80,0,0,0.0000
5859,5545.55,16312.87,0,0,0.0000
5860,5575.39,16639.84,0,0,0.0000
5861,5562.16,16567.95,0,0,0.0000
5862,5566.65,16428.17,0,0,0.0000
5863,5567.99,16480.56,0,0,0.0000
5864,5585.90,16720.12,0,0,0.0000
5865,5606.97,16579.80,0,0,0.0000
5866,5553.94,16682.76,0,0,0.0000
5867,5621.73,16455.79,0,0,0.0000
5868,5510.09,16542.08,0,0,0.0000
5869,5988.32,16332.07,0,0,0.0000
5870,5606.09,16493.07,0,0,0.0000
5871,6760.60,16844.31,NaN,NaN,NaN
5872,6666.92,16727.56,2,2,0.0000
5873,6930.99,16862.71,NaN,NaN,NaN
5874,6573.01,16612.97,0,0,0.0000
5875,6827.36,16793.91,NaN,NaN,NaN
5876,6624.45,16807.21,0,0,0.0000
5877,6748.67,16684.00,0,0,0.0000
5878,6691.58,16952.07,NaN,NaN,NaN
5879,6571.59,16524.79,0,0,0.0000
5880,6671.85,16461.28,0,0,0.0000
5881,6849.13,17016.30,NaN,NaN,NaN
5882,6505.87,16750.74,0,0,0.0000
5883,6649.43,16587.09,0,0,0.0000
5884,6767.36,16605.14,0,0,0.0000
5885,6698.39,16551.68,0,0,0.0000
5886,6614.66,16898.91,2,3,0.0000
5887,6706.53,16620.10,0,0,0.0000
5888,6464.28,16695.56,0,0,0.0000
5889,6528.05,16657.52,0,0,0.0000
5890,6688.71,16864.95,NaN,NaN,NaN
5891,6960.52,16291.62,0,0,0.0000
5892,6481.13,16631.13,0,0,0.0000
5893,7011.52,16317.06,0,0,0.0000
5894,6889.99,16768.88,0,0,0.0000
5895,6559.83,16711.36,0,0,0.0000
5896,6643.97,16867.73,NaN,NaN,NaN
5897,6820.48,16855.09,0,0,0.0000
5898,6756.37,17005.67,NaN,NaN,NaN
5899,6771.84,16928.63,NaN,NaN,NaN
5900,6801.55,16968.51,0,0,0.0000
5901,6780.54,17022.40,NaN,NaN,NaN
5902,6491.92,16572.00,0,0,0.0000
5903,7278.99,16562.43,0,0,0.0000
5904,7266.32,16499.10,0,0,0.0000
5905,7244.98,16387.66,0,0,0.0000
5906,7194.32,16640.63,0,0,0.0000
5907,7299.88,16662.59,0,0,0.0000
5908,7281.01,16429.17,0,0,0.0000
5909,7350.43,16526.46,0,0,0.0000
5910,7249.00,16296.64,0,0,0.0000
5911,7051.53,16333.10,0,0,0.0000
5912,7412.53,16827.76,0,0,0.0000
5913,7175.90,16397.58,0,0,0.0000
5914,7165.73,16565.16,0,0,0.0000
5915,7275.36,16854.32,NaN,NaN,NaN
5916,7169.39,16312.61,0,0,0.0000
5917,7097.03,16373.96,0,0,0.0000
5918,7108.82,16301.01,0,0,0.0000
5919,7709.19,16286.47,0,0,0.0000
5920,7628.00,16269.75,0,0,0.0000
5921,7214.27,16322.91,0,0,0.0000
5922,7082.12,16412.18,0,0,0.0000
5923,7758.11,16263.26,0,0,0.0000
5924,7372.21,16319.38,0,0,0.0000
5925,7354.78,16788.11,0,0,0.0000
5926,7299.71,16320.03,0,0,0.0000
5927,7404.63,16677.97,0,0,0.0000
5928,7696.06,16316.69,0,0,0.0000
5929,7793.62,16267.98,0,0,0.0000
5930,8225.10,16454.71,NaN,NaN,NaN
5931,8139.36,16680.11,0,0,0.0000
5932,8431.92,16536.91,0,0,0.0000
5933,8309.21,16329.39,0,0,0.0000
5934,8312.19,16586.86,0,0,0.0000
5935,8387.96,16606.78,0,0,0.0000
5936,8440.11,16921.76,0,0,0.0000
5937,7853.40,16355.44,0,0,0.0000
5938,8374.07,16432.68,0,0,0.0000
5939,8540.59,16556.04,0,0,0.0000
5940,8098.99,16451.12,2,3,0.0000
5941,8489.61,16464.63,0,0,0.0000
5942,8520.25,16799.10,0,0,0.0000
5943,8498.14,16886.65,0,0,0.0000
5944,8540.39,16949.04,0,0,0.0000
5945,8544.05,16646.15,0,0,0.0000
5946,7885.99,16419.77,0,0,0.0000
5947,8065.73,16591.61,0,0,0.0000
5948,8430.77,16682.01,0,0,0.0000
5949,8078.00,16515.49,NaN,NaN,NaN
5950,8238.71,16764.40,0,0,0.0000
5951,8123.60,16556.35,0,0,0.0000
5952,8242.68,16361.90,0,0,0.0000
5953,8404.51,16841.61,0,0,0.0000
5954,8479.42,16657.27,0,0,0.0000
5955,8073.40,16269.34,0,0,0.0000
5956,8033.57,16549.06,0,0,0.0000
5957,8494.04,16265.99,3,4,0.0000
5958,8172.60,16551.00,0,0,0.0000
5959,8119.98,16328.90,0,0,0.0000
5960,8533.08,16605.58,0,0,0.0000
5961,8570.06,16359.46,0,0,0.0000
5962,8167.70,16365.07,0,0,0.0000
5963,8298.98,16825.83,0,0,0.0000
5964,8445.52,17003.46,0,0,0.0000
5965,7932.62,16462.78,0,0,0.0000
5966,8511.70,16723.60,0,0,0.0000
5967,8412.64,16782.42,0,0,0.0000
5968,8125.59,16392.90,0,0,0.0000
5969,8283.49,16777.53,0,0,0.0000
5970,8224.99,16309.37,0,0,0.0000
5971,8380.69,16682.54,0,0,0.0000
5972,8215.22,16398.46,3,2,0.0000
5973,8449.65,16827.65,0,0,0.0000
5974,7850.02,16423.03,0,0,0.0000
5975,8485.07,16846.29,0,0,0.0000
5976,8256.00,16267.63,NaN,NaN,NaN
5977,8381.46,16725.05,0,0,0.0000
5978,8296.86,16705.09,0,0,0.0000
5979,8543.42,16870.19,2,3,0.0000
5980,8326.50,16751.07,0,0,0.0000
5981,8437.87,16332.18,0,0,0.0000
5982,9225.35,16817.32,NaN,NaN,NaN
5983,8949.15,16973.69,0,0,0.0000
5984,8681.85,16975.66,2,2,0.0000
5985,8906.47,16597.45,NaN,NaN,NaN
5986,8991.29,16654.76,NaN,NaN,NaN
5987,9340.70,16913.27,0,0,0.0000
5988,8662.12,16877.10,NaN,NaN,NaN
5989,8842.30,16931.20,0,0,0.0000
5990,9342.90,16816.50,0,0,0.0000
5991,9314.10,16973.80,0,0,0.0000
5992,9154.65,16744.01,2,2,0.0000
5993,8764.18,16708.96,0,0,0.0000
5994,8993.47,16748.98,NaN,NaN,NaN
5995,8768.89,16926.70,NaN,NaN,NaN
5996,8602.05,16788.92,0,0,0.0000
5997,8877.95,16813.21,3,6,2.0000
5998,8764.71,16601.35,3,2,0.0000
5999,9038.69,16700.99,NaN,NaN,NaN
6000,9108.05,16677.94,0,0,0.0000
6001,8685.68,16618.95,0,0,0.0000
6002,8587.78,16723.57,0,0,0.0000
6003,8952.10,16692.41,NaN,NaN,NaN
6004,8794.63,16987.87,NaN,NaN,NaN
6005,8790.57,16761.54,0,0,0.0000
6006,9255.73,16954.67,0,0,0.0000
6007,9099.30,16795.75,NaN,NaN,NaN
6008,8848.33,16844.55,NaN,NaN,NaN
6009,8822.52,16691.44,2,2,0.0000
6010,8895.49,16900.06,2,3,0.0000
6011,8681.75,16672.03,0,0,0.0000
6012,9072.51,16893.23,NaN,NaN,NaN
6013,8771.47,16847.58,2,2,0.0000
6014,8812.65,16651.79,NaN,NaN,NaN
6015,8618.19,16918.05,5,3,0.0000
6016,8815.20,16871.80,NaN,NaN,NaN
6017,9270.20,16892.20,0,0,0.0000
6018,9201.08,16949.66,0,0,0.0000
6019,8746.61,16766.12,0,0,0.0000
6020,8650.68,16721.98,0,0,0.0000
6021,9019.38,16906.35,NaN,NaN,NaN
6022,8840.87,16988.03,0,0,0.0000
6023,9034.66,16737.17,2,2,0.0000
6024,9073.08,16656.43,2,2,0.0000
6025,9439.07,16908.00,0,0,0.0000
6026,9979.42,16700.40,0,0,0.0000
6027,10060.37,16481.65,0,0,0.0000
6028,10059.86,16847.84,0,0,0.0000
6029,9990.44,16295.24,0,0,0.0000
6030,9928.38,16543.14,0,0,0.0000
6031,10061.28,16548.09,0,0,0.0000
6032,10073.64,16940.40,0,0,0.0000
6033,10048.58,16894.86,0,0,0.0000
6034,10070.88,16636.81,0,0,0.0000
6035,9768.41,16919.22,0,0,0.0000
6036,9560.78,16307.17,0,0,0.0000
6037,9996.58,17008.16,0,0,0.0000
6038,9853.80,16455.57,0,0,0.0000
6039,9905.49,16931.96,0,0,0.0000
6040,9956.96,16890.92,0,0,0.0000
6041,9379.02,16978.02,0,0,0.0000
6042,9905.88,16390.54,0,0,0.0000
6043,10106.87,16625.71,0,0,0.0000
6044,9953.05,16433.73,0,0,0.0000
6045,9949.42,16970.74,0,0,0.0000
6046,10092.26,16796.21,0,0,0.0000
6047,9860.05,16981.09,0,0,0.0000
6048,9736.51,16291.19,0,0,0.0000
6049,9813.38,16896.36,0,0,0.0000
6050,10040.59,16368.03,0,0,0.0000
6051,10057.80,16736.95,0,0,0.0000
6052,10009.63,16619.56,0,0,0.0000
6053,9832.84,16313.92,0,0,0.0000
6054,9955.78,16609.83,0,0,0.0000
6055,9893.91,16833.92,0,0,0.0000
6056,9612.66,16276.87,0,0,0.0000
6057,9870.60,16897.89,0,0,0.0000
6058,9921.69,17019.79,0,0,0.0000
6059,9469.39,16297.39,0,0,0.0000
6060,9416.12,16996.85,0,0,0.0000
6061,9511.29,16306.51,0,0,0.0000
6062,10077.90,16369.59,0,0,0.0000
6063,9993.26,16925.82,0,0,0.0000
6064,9464.66,17018.86,0,0,0.0000
6065,9864.27,16353.65,0,0,0.0000
6066,10045.11,16787.60,0,0,0.0000
6067,9817.28,16961.84,0,0,0.0000
6068,9746.00,16863.90,0,0,0.0000
6069,10313.79,16617.50,0,0,0.0000
6070,10247.63,16258.02,0,0,0.0000
6071,10280.46,16332.19,0,0,0.0000
6072,10403.43,16740.06,0,0,0.0000
6073,10438.29,16378.79,0,0,0.0000
6074,10532.23,16423.48,NaN,NaN,NaN
6075,10685.87,16456.55,0,0,0.0000
6076,10576.83,16809.25,0,0,0.0000
6077,10728.16,16533.38,0,0,0.0000
6078,10554.86,16649.66,NaN,NaN,NaN
6079,10604.62,16597.17,0,0,0.0000
6080,10162.70,16606.69,0,0,0.0000
6081,10333.30,17023.32,0,0,0.0000
6082,10719.04,16660.11,0,0,0.0000
6083,10208.79,16750.99,0,0,0.0000
6084,10185.72,16343.52,0,0,0.0000
6085,10411.25,16444.77,0,0,0.0000
6086,10189.80,16482.22,0,0,0.0000
6087,10415.36,16271.99,0,0,0.0000
6088,10126.70,16321.79,0,0,0.0000
6089,10156.36,16833.87,0,0,0.0000
6090,10520.92,16536.53,0,0,0.0000
6091,10450.59,16514.36,2,3,0.0000
6092,10112.31,16410.22,0,0,0.0000
6093,10237.35,16689.43,0,0,0.0000
6094,10439.44,16873.80,0,0,0.0000
6095,10473.99,16593.59,0,0,0.0000
6096,10492.83,16333.56,0,0,0.0000
6097,10494.08,16871.99,0,0,0.0000
6098,10621.55,16426.89,0,0,0.0000
6099,10120.10,16713.59,0,0,0.0000
6100,10609.80,16369.51,0,0,0.0000
6101,10658.69,16307.32,0,0,0.0000
6102,10477.59,16934.74,0,0,0.0000
6103,10176.39,16924.71,0,0,0.0000
6104,10696.61,16867.84,0,0,0.0000
6105,10633.19,16977.67,0,0,0.0000
6106,10349.53,16376.24,0,0,0.0000
6107,10675.54,16590.33,0,0,0.0000
6108,10581.29,16933.56,0,0,0.0000
6109,10385.22,16950.06,0,0,0.0000
6110,10297.19,16940.03,0,0,0.0000
6111,10390.27,16617.51,0,0,0.0000
6112,10326.00,16832.19,0,0,0.0000
6113,10569.65,17003.30,0,0,0.0000
6114,10750.95,16953.68,0,0,0.0000
6115,10291.56,16855.54,0,0,0.0000
6116,10216.27,17009.35,0,0,0.0000
6117,10498.50,16775.96,0,0,0.0000
6118,10543.89,16319.04,0,0,0.0000
6119,10577.49,16309.10,0,0,0.0000
6120,10221.28,16549.22,0,0,0.0000
6121,10310.10,16441.15,0,0,0.0000
6122,10239.93,16461.22,0,0,0.0000
6123,10151.16,16772.90,0,0,0.0000
6124,10232.98,16593.28,0,0,0.0000
6125,10412.88,16667.92,0,0,0.0000
6126,10517.91,16718.16,0,0,0.0000
6127,10232.93,16398.76,0,0,0.0000
6128,10823.25,16813.82,0,0,0.0000
6129,10393.93,16561.45,0,0,0.0000
6130,10607.42,16295.72,0,0,0.0000
6131,10359.66,16304.63,0,0,0.0000
6132,10345.56,16516.69,0,0,0.0000
6133,10450.77,16640.19,0,0,0.0000
6134,11544.52,16499.75,0,0,0.0000
6135,11590.87,16712.05,NaN,NaN,NaN
6136,11103.38,16994.07,0,0,0.0000
6137,11553.31,16385.91,0,0,0.0000
6138,11197.53,16319.15,0,0,0.0000
6139,11314.64,16387.50,0,0,0.0000
6140,11361.72,16418.03,0,0,0.0000
6141,11139.32,16514.78,0,0,0.0000
6142,11599.74,16590.02,0,0,0.0000
6143,11359.47,16839.42,0,0,0.0000
6144,11254.38,16586.32,0,0,0.0000
6145,11647.82,16870.44,0,0,0.0000
6146,11447.97,16709.52,2,2,0.0000
6147,10946.55,16696.92,0,0,0.0000
6148,11408.34,16664.68,0,0,0.0000
6149,11499.58,16732.65,NaN,NaN,NaN
6150,11267.75,16480.33,0,0,0.0000
6151,11302.80,16628.99,0,0,0.0000
6152,11418.02,16304.37,0,0,0.0000
6153,11348.93,16987.52,0,0,0.0000
6154,11484.49,16807.55,2,3,0.0000
6155,11605.05,17019.79,0,0,0.0000
6156,11297.95,16781.54,0,0,0.0000
6157,11501.13,16900.79,0,0,0.0000
6158,11428.22,16866.60,0,0,0.0000
6159,11381.21,16496.81,NaN,NaN,NaN
6160,11194.85,16564.59,0,0,0.0000
6161,11383.13,16934.93,0,0,0.0000
6162,11150.58,16430.69,0,0,0.0000
6163,11417.10,16396.06,0,0,0.0000
6164,11270.16,16735.61,0,0,0.0000
6165,11625.67,16402.47,0,0,0.0000
6166,11468.43,16951.72,NaN,NaN,NaN
6167,11149.89,16851.93,0,0,0.0000
6168,11120.78,16333.27,0,0,0.0000
6169,11481.92,16405.52,0,0,0.0000
6170,11633.27,16546.64,0,0,0.0000
6171,11468.21,16991.25,0,0,0.0000
6172,11203.88,16671.80,0,0,0.0000
6173,11497.66,16859.91,0,0,0.0000
6174,11600.56,16291.27,0,0,0.0000
6175,11472.40,16322.92,0,0,0.0000
6176,11212.10,16507.29,0,0,0.0000
6177,11274.74,16876.19,0,0,0.0000
6178,11406.91,16574.90,0,0,0.0000
6179,11407.20,16461.00,0,0,0.0000
6180,11129.12,16377.55,0,0,0.0000
6181,11206.57,16405.13,0,0,0.0000
6182,11435.85,16462.97,0,0,0.0000
6183,11185.50,16635.94,0,0,0.0000
6184,11165.91,16608.51,0,0,0.0000
6185,11740.03,17014.14,0,0,0.0000
6186,12013.88,16373.09,0,0,0.0000
6187,11841.22,16301.58,NaN,NaN,NaN
6188,11719.53,16668.80,0,0,0.0000
6189,11838.93,16825.86,0,0,0.0000
6190,11944.25,16640.60,0,0,0.0000
6191,11673.10,16824.10,2,2,0.0000
6192,12142.93,16260.58,0,0,0.0000
6193,11885.51,16960.41,0,0,0.0000
6194,12029.60,17016.14,0,0,0.0000
6195,12369.40,16539.44,0,0,0.0000
6196,12059.82,16666.32,0,0,0.0000
6197,11725.00,16351.54,0,0,0.0000
6198,11823.61,16664.00,0,0,0.0000
6199,12220.42,16585.65,0,0,0.0000
6200,11994.28,16918.26,0,0,0.0000
6201,12352.64,16282.38,0,0,0.0000
6202,11953.06,16995.79,0,0,0.0000
6203,12079.02,16845.69,0,0,0.0000
6204,11910.57,16491.79,NaN,NaN,NaN
6205,11762.87,16917.27,0,0,0.0000
6206,12236.73,16327.72,0,0,0.0000
6207,11774.53,16446.98,0,0,0.0000
6208,12300.16,16973.69,0,0,0.0000
6209,12286.15,16386.74,0,0,0.0000
6210,12279.06,16629.29,0,0,0.0000
6211,12234.44,16786.47,0,0,0.0000
6212,12025.93,16594.69,NaN,NaN,NaN
6213,11869.81,16619.15,0,0,0.0000
6214,12348.12,16789.88,0,0,0.0000
6215,12195.60,16743.27,0,0,0.0000
6216,12058.52,16931.91,0,0,0.0000
6217,11826.56,16552.62,0,0,0.0000
6218,12409.32,16411.54,0,0,0.0000
6219,12076.58,16547.65,NaN,NaN,NaN
6220,12288.64,16893.41,0,0,0.0000
6221,12185.79,16388.05,0,0,0.0000
6222,12149.57,16640.71,0,0,0.0000
6223,12153.51,16697.37,0,0,0.0000
6224,12262.91,16446.40,0,0,0.0000
6225,12283.78,16778.67,0,0,0.0000
6226,12291.32,16671.17,0,0,0.0000
6227,12114.94,16960.04,0,0,0.0000
6228,12187.60,16520.47,0,0,0.0000
6229,12074.13,16466.75,0,0,0.0000
6230,11666.90,16381.82,0,0,0.0000
6231,12176.98,16583.15,0,0,0.0000
6232,11930.04,16751.56,0,0,0.0000
6233,11935.41,16828.16,0,0,0.0000
6234,12030.90,16738.95,0,0,0.0000
6235,12100.43,16723.73,0,0,0.0000
6236,12149.61,16399.99,0,0,0.0000
6237,11659.45,16299.13,0,0,0.0000
6238,12223.68,16854.09,0,0,0.0000
6239,11709.91,16891.69,0,0,0.0000
6240,12009.21,16811.09,0,0,0.0000
6241,12036.46,16508.07,0,0,0.0000
6242,11841.07,16458.83,0,0,0.0000
6243,12330.66,16604.61,0,0,0.0000
6244,11884.86,16429.30,0,0,0.0000
6245,11842.43,16418.52,0,0,0.0000
6246,11799.63,16365.34,0,0,0.0000
6247,11917.49,16384.87,0,0,0.0000
6248,11832.87,16377.30,0,0,0.0000
6249,11735.50,16508.29,0,0,0.0000
6250,12153.93,16820.00,0,0,0.0000
6251,11878.86,16552.32,0,0,0.0000
6252,12334.80,16476.13,0,0,0.0000
6253,12100.47,16778.52,0,0,0.0000
6254,11990.47,16477.57,0,0,0.0000
6255,11788.04,16484.72,0,0,0.0000
6256,12020.39,16856.44,0,0,0.0000
6257,12151.06,16569.54,0,0,0.0000
6258,11767.56,16748.00,0,0,0.0000
6259,12226.30,16679.75,0,0,0.0000
6260,11684.08,16428.85,0,0,0.0000
6261,12129.51,16800.31,0,0,0.0000
6262,12119.16,16886.29,0,0,0.0000
6263,12153.37,16942.37,0,0,0.0000
6264,12418.12,16695.62,0,0,0.0000
6265,12860.43,16362.43,0,0,0.0000
6266,12903.22,16304.99,0,0,0.0000
6267,12453.66,16337.90,0,0,0.0000
6268,12438.15,16276.41,0,0,0.0000
6269,12488.10,16559.21,0,0,0.0000
6270,12467.18,16410.34,0,0,0.0000
6271,12438.94,16528.16,0,0,0.0000
6272,12493.83,16376.27,0,0,0.0000
6273,12796.16,16317.66,0,0,0.0000
6274,14337.07,16540.40,0,0,0.0000
6275,14373.01,16347.78,0,0,0.0000
6276,14530.71,16580.89,0,0,0.0000
6277,14486.15,16406.82,NaN,NaN,NaN
6278,14688.10,16260.30,0,0,0.0000
6279,14700.09,16820.23,0,0,0.0000
6280,14689.63,16981.10,0,0,0.0000
6281,14559.43,16733.96,0,0,0.0000
6282,14567.62,16327.16,0,0,0.0000
6283,14575.28,16654.29,0,0,0.0000
6284,14658.63,16457.24,0,0,0.0000
6285,14228.87,16293.65,0,0,0.0000
6286,14451.00,16265.83,0,0,0.0000
6287,14712.49,16370.59,0,0,0.0000
6288,14489.33,16514.02,NaN,NaN,NaN
6289,14522.47,16867.19,NaN,NaN,NaN
6290,14593.56,16532.78,0,0,0.0000
6291,14249.74,16389.16,0,0,0.0000
6292,14570.91,16813.58,0,0,0.0000
6293,14630.89,16617.58,0,0,0.0000
6294,14476.71,16459.25,2,2,0.0000
6295,14572.42,17006.50,0,0,0.0000
6296,14491.07,16316.87,0,0,0.0000
6297,14669.18,16881.89,0,0,0.0000
6298,14620.99,16724.47,0,0,0.0000
6299,14303.60,16324.62,0,0,0.0000
6300,14678.69,16714.09,0,0,0.0000
6301,14518.23,16976.30,0,0,0.0000
6302,14668.70,16587.98,0,0,0.0000
6303,14410.44,16478.43,0,0,0.0000
6304,14502.67,16679.19,0,0,0.0000
6305,14514.86,16789.85,0,0,0.0000
6306,14423.53,16557.11,0,0,0.0000
6307,14167.44,16317.08,0,0,0.0000
6308,14167.95,16421.37,0,0,0.0000
6309,14563.96,16483.29,0,0,0.0000
6310,14190.24,16429.92,0,0,0.0000
6311,14584.53,16396.24,0,0,0.0000
6312,14439.08,16734.44,NaN,NaN,NaN
6313,14252.83,16558.96,0,0,0.0000
6314,14290.71,16483.43,0,0,0.0000
6315,14713.22,16533.65,0,0,0.0000
6316,14268.88,16519.62,0,0,0.0000
6317,14322.34,16446.55,0,0,0.0000
6318,14663.38,16526.73,0,0,0.0000
6319,14251.43,16474.51,0,0,0.0000
6320,14952.66,16942.26,2,2,0.0000
6321,14916.28,16794.76,NaN,NaN,NaN
6322,14768.56,16588.85,NaN,NaN,NaN
6323,14880.68,16704.86,0,0,0.0000
6324,14870.45,16268.19,0,0,0.0000
6325,14948.21,16546.13,0,0,0.0000
6326,14786.98,16293.06,0,0,0.0000
6327,15147.34,16553.35,0,0,0.0000
6328,15034.93,16875.83,2,2,0.0000
6329,15158.90,16847.71,0,0,0.0000
6330,15050.31,16419.03,0,0,0.0000
6331,15174.09,16645.03,NaN,NaN,NaN
6332,14915.45,16468.03,0,0,0.0000
6333,14855.59,16487.07,0,0,0.0000
6334,14851.49,16566.94,0,0,0.0000
6335,15115.08,16472.39,0,0,0.0000
6336,14722.64,16650.59,0,0,0.0000
6337,14945.86,16694.18,0,0,0.0000
6338,15108.05,16777.57,NaN,NaN,NaN
6339,15183.84,16440.70,0,0,0.0000
6340,14934.66,16291.80,0,0,0.0000
6341,15056.99,16755.77,0,0,0.0000
6342,14947.72,16404.29,0,0,0.0000
6343,14784.91,16766.92,0,0,0.0000
6344,14846.40,16914.68,0,0,0.0000
6345,14989.83,16481.91,0,0,0.0000
6346,15141.38,16386.89,0,0,0.0000
6347,14752.91,16889.32,0,0,0.0000
6348,15075.64,16579.19,0,0,0.0000
6349,15187.88,16748.64,0,0,0.0000
6350,15087.87,16646.61,0,0,0.0000
6351,14763.89,16486.92,2,1,0.0000
6352,15117.04,16703.79,0,0,0.0000
6353,15161.68,16779.68,0,0,0.0000
6354,14853.10,16418.69,0,0,0.0000
6355,14880.63,16837.48,0,0,0.0000
6356,15094.15,16853.65,0,0,0.0000
6357,16181.70,16882.97,2,2,0.0000
6358,16124.36,17002.67,NaN,NaN,NaN
6359,16001.49,16903.92,0,0,0.0000
6360,16186.29,16635.51,NaN,NaN,NaN
6361,16218.96,16805.90,NaN,NaN,NaN
6362,16004.04,16819.74,NaN,NaN,NaN
6363,16217.12,16502.87,0,0,0.0000
6364,16096.55,16918.98,0,0,0.0000
6365,16163.25,16490.01,0,0,0.0000
6366,15517.92,16383.82,0,0,0.0000
6367,16112.77,16841.84,0,0,0.0000
6368,16242.71,16719.77,2,4,2.0000
6369,16062.01,16840.79,0,0,0.0000
6370,16243.69,16606.09,NaN,NaN,NaN
6371,16200.00,16978.25,2,6,3.0000
6372,16117.21,16701.53,NaN,NaN,NaN
6373,16106.30,16775.43,0,0,0.0000
6374,16254.76,16981.69,NaN,NaN,NaN
6375,16067.77,16753.38,NaN,NaN,NaN
6376,16179.21,16716.11,2,1,0.0000
6377,16146.67,16802.72,0,0,0.0000
6378,16158.83,16447.53,0,0,0.0000
6379,16163.59,16546.83,0,0,0.0000
6380,16049.54,16797.45,0,0,0.0000
6381,16442.95,16735.04,NaN,NaN,NaN
6382,16422.27,16889.13,NaN,NaN,NaN
6383,16449.07,16631.97,2,3,0.0000
6384,16693.68,16852.90,0,0,0.0000
6385,16629.23,16945.73,0,0,0.0000
6386,16332.26,16769.66,0,0,0.0000
6387,16412.41,16982.11,NaN,NaN,NaN
6388,16290.62,16661.57,NaN,NaN,NaN
6389,16812.21,16799.50,NaN,NaN,NaN
6390,16625.82,16585.85,5,7,0.0000
6391,16321.23,16935.00,NaN,NaN,NaN
6392,16283.02,16865.39,2,3,0.0000
6393,16557.93,16721.04,0,0,0.0000
6394,16890.32,16877.70,NaN,NaN,NaN
6395,16299.39,16587.50,NaN,NaN,NaN
6396,16763.43,16927.45,NaN,NaN,NaN
6397,16548.20,16876.20,NaN,NaN,NaN
6398,16576.67,16803.75,NaN,NaN,NaN
6399,16907.36,16821.19,0,0,0.0000
6400,16645.56,16639.98,NaN,NaN,NaN
6401,16362.73,16606.61,3,1,0.0000
6402,16557.85,16547.09,NaN,NaN,NaN
6403,16746.44,16765.35,NaN,NaN,NaN
6404,16769.28,16852.15,0,0,0.0000
6405,16534.44,16969.61,NaN,NaN,NaN
6406,16780.06,16976.11,0,0,0.0000
6407,16291.09,16508.89,NaN,NaN,NaN
6408,16460.88,16825.53,0,0,0.0000
6409,16862.09,16970.02,0,0,0.0000
6410,16826.50,16882.52,NaN,NaN,NaN
6411,16700.49,16644.30,0,0,0.0000
6412,16725.74,17020.99,0,0,0.0000
6413,16618.33,16525.98,NaN,NaN,NaN
6414,16256.06,16382.90,NaN,NaN,NaN
6415,16332.47,16520.57,0,0,0.0000
6416,16499.83,16789.04,2,3,0.0000
6417,16635.14,16864.00,0,0,0.0000
6418,17268.81,16629.57,0,0,0.0000
6419,17405.26,16861.89,2,3,0.0000
6420,17609.62,16350.81,0,0,0.0000
6421,17256.05,16302.65,NaN,NaN,NaN
6422,17340.76,16662.99,0,0,0.0000
6423,17306.55,16902.05,NaN,NaN,NaN
6424,17774.30,16777.07,NaN,NaN,NaN
6425,17492.26,16263.66,NaN,NaN,NaN
6426,17413.32,16267.82,NaN,NaN,NaN
6427,17162.66,16443.00,0,0,0.0000
6428,17462.38,16768.28,NaN,NaN,NaN
6429,17778.57,16663.99,0,0,0.0000
6430,17419.54,16529.60,NaN,NaN,NaN
6431,17479.93,16659.95,0,0,0.0000
6432,17185.71,16368.57,NaN,NaN,NaN
6433,17632.26,16542.82,0,0,0.0000
6434,17589.39,16660.65,NaN,NaN,NaN
6435,17559.70,16512.66,0,0,0.0000
6436,17303.08,16477.39,0,0,0.0000
6437,17639.27,16784.61,NaN,NaN,NaN
6438,17183.73,16568.38,NaN,NaN,NaN
6439,17232.51,16479.23,NaN,NaN,NaN
6440,17586.18,16820.03,NaN,NaN,NaN
6441,17443.27,16393.83,0,0,0.0000
6442,17616.76,16886.02,0,0,0.0000
6443,17539.43,16445.14,0,0,0.0000
6444,17610.15,16931.13,NaN,NaN,NaN
6445,17765.51,16977.75,NaN,NaN,NaN
6446,17482.29,16842.72,NaN,NaN,NaN
6447,17350.38,16322.23,0,0,0.0000
6448,17521.01,16897.78,0,0,0.0000
6449,17689.60,16891.22,NaN,NaN,NaN
6450,17563.99,16601.52,2,2,0.0000
6451,17363.76,16520.11,NaN,NaN,NaN
6452,17556.75,16963.11,0,0,0.0000
6453,17405.05,16976.59,2,2,0.0000
6454,17290.68,16810.18,NaN,NaN,NaN
6455,17518.20,16358.41,0,0,0.0000
6456,17276.81,16756.32,0,0,0.0000
6457,17771.78,16866.66,NaN,NaN,NaN
6458,17271.00,16394.82,NaN,NaN,NaN
6459,17671.49,16673.40,NaN,NaN,NaN
6460,17784.49,16934.75,NaN,NaN,NaN
6461,17175.18,16633.23,NaN,NaN,NaN
6462,17744.64,16641.24,NaN,NaN,NaN
6463,17552.04,16725.18,0,0,0.0000
6464,17674.78,16737.97,NaN,NaN,NaN
6465,17470.74,16350.83,0,0,0.0000
6466,17736.38,16910.42,0,0,0.0000
6467,17465.39,16577.32,0,0,0.0000
6468,17710.18,16482.54,0,0,0.0000
6469,17394.00,16383.05,3,4,0.0000
6470,17376.58,16406.26,NaN,NaN,NaN
6471,17899.90,16519.40,NaN,NaN,NaN
6472,17860.15,16921.01,NaN,NaN,NaN
6473,17838.09,17015.97,3,3,0.0000
6474,17851.06,16745.94,NaN,NaN,NaN
6475,18000.15,16542.63,NaN,NaN,NaN
6476,18601.00,16944.70,3,6,2.0000
6477,18417.25,16991.83,NaN,NaN,NaN
6478,17819.75,16856.13,NaN,NaN,NaN
6479,17889.99,16711.68,NaN,NaN,NaN
6480,18400.54,16789.40,2,2,0.0000
6481,18362.82,16738.79,NaN,NaN,NaN
6482,18378.89,16866.06,2,3,0.0000
6483,18374.77,16665.25,2,3,0.0000
6484,18443.63,16912.86,NaN,NaN,NaN
6485,17832.63,16660.43,0,0,0.0000
6486,17885.54,16417.39,0,0,0.0000
6487,18406.54,16717.84,NaN,NaN,NaN
6488,18472.88,16941.72,NaN,NaN,NaN
6489,17857.07,16388.18,0,0,0.0000
6490,18657.69,16938.41,2,4,2.0000
6491,18635.45,16844.30,0,0,0.0000
6492,18420.90,16672.29,NaN,NaN,NaN
6493,18453.58,16834.74,0,0,0.0000
6494,18557.55,16935.57,NaN,NaN,NaN
6495,18351.37,16800.97,NaN,NaN,NaN
6496,638.38,17730.05,0,0,0.0000
6497,800.78,17532.83,0,0,0.0000
6498,385.95,17281.76,0,0,0.0000
6499,223.32,17408.73,0,0,0.0000
6500,209.36,17500.42,0,0,0.0000
6501,181.54,17684.95,0,0,0.0000
6502,316.45,17306.58,0,0,0.0000
6503,262.28,17693.98,0,0,0.0000
6504,207.75,17573.43,0,0,0.0000
6505,342.10,17588.66,4,2,0.0000
6506,265.70,17619.44,0,0,0.0000
6507,95.86,17472.84,0,0,0.0000
6508,870.54,17432.27,0,0,0.0000
6509,116.95,17711.75,0,0,0.0000
6510,872.50,17516.56,0,0,0.0000
6511,754.41,17750.94,0,0,0.0000
6512,360.95,17656.08,NaN,NaN,NaN
6513,137.97,17386.70,0,0,0.0000
6514,278.29,17242.99,0,0,0.0000
6515,394.37,17209.36,0,0,0.0000
6516,706.91,17717.94,0,0,0.0000
6517,60.89,17573.34,0,0,0.0000
6518,76.88,17392.69,0,0,0.0000
6519,888.39,17377.30,0,0,0.0000
6520,800.59,17407.93,0,0,0.0000
6521,804.11,17155.41,0,0,0.0000
6522,665.04,17157.51,0,0,0.0000
6523,60.43,17720.19,0,0,0.0000
6524,616.62,17156.18,0,0,0.0000
6525,663.02,17463.72,0,0,0.0000
6526,138.89,17625.72,0,0,0.0000
6527,209.44,17231.24,0,0,0.0000
6528,163.44,17446.59,0,0,0.0000
6529,130.84,17292.61,0,0,0.0000
6530,846.97,17676.76,0,0,0.0000
6531,460.25,17422.56,0,0,0.0000
6532,496.40,17335.37,0,0,0.0000
6533,755.56,17617.94,0,0,0.0000
6534,826.28,17589.19,0,0,0.0000
6535,56.42,17325.70,0,0,0.0000
6536,325.84,17396.49,0,0,0.0000
6537,284.86,17416.88,0,0,0.0000
6538,400.96,17576.05,0,0,0.0000
6539,171.93,17278.49,0,0,0.0000
6540,565.36,17751.68,0,0,0.0000
6541,887.60,17700.40,0,0,0.0000
6542,530.40,17196.79,0,0,0.0000
6543,38.87,17366.74,0,0,0.0000
6544,579.60,17185.78,0,0,0.0000
6545,844.84,17624.24,0,0,0.0000
6546,116.00,17328.31,0,0,0.0000
6547,501.07,17092.55,0,0,0.0000
6548,693.26,17501.01,0,0,0.0000
6549,251.10,17329.74,0,0,0.0000
6550,371.18,17488.35,0,0,0.0000
6551,221.17,17278.99,0,0,0.0000
6552,1573.62,17705.66,0,0,0.0000
6553,912.08,17643.23,0,0,0.0000
6554,1045.86,17081.71,0,0,0.0000
6555,1578.69,17652.76,0,0,0.0000
6556,1895.11,17713.09,0,0,0.0000
6557,1812.88,17506.19,0,0,0.0000
6558,1855.01,17736.65,0,0,0.0000
6559,2308.57,17682.08,0,0,0.0000
6560,1923.76,17546.58,0,0,0.0000
6561,1808.64,17647.91,0,0,0.0000
6562,1825.27,17580.34,0,0,0.0000
6563,1933.18,17632.30,0,0,0.0000
6564,1768.11,17770.31,0,0,0.0000
6565,1794.51,17732.23,0,0,0.0000
6566,1950.15,17789.45,0,0,0.0000
6567,1836.00,17786.90,0,0,0.0000
6568,1855.18,17544.78,0,0,0.0000
6569,1881.43,17618.87,0,0,0.0000
6570,1873.91,17497.47,0,0,0.0000
6571,3169.49,17367.01,0,0,0.0000
6572,3018.37,17588.11,0,0,0.0000
6573,2938.44,17419.68,0,0,0.0000
6574,2978.74,17709.61,0,0,0.0000
6575,3036.98,17495.85,0,0,0.0000
6576,2626.91,17403.29,0,0,0.0000
6577,2932.85,17591.98,0,0,0.0000
6578,2789.08,17295.78,0,0,0.0000
6579,3111.75,17656.88,0,0,0.0000
6580,3099.24,17441.66,0,0,0.0000
6581,2900.81,17742.11,0,0,0.0000
6582,3001.22,17444.09,0,0,0.0000
6583,2941.70,17328.53,0,0,0.0000
6584,3115.65,17209.26,0,0,0.0000
6585,2848.05,17481.82,0,0,0.0000
6586,3023.14,17345.80,0,0,0.0000
6587,2912.26,17521.65,0,0,0.0000
6588,2711.98,17397.75,NaN,NaN,NaN
6589,3126.08,17592.88,0,0,0.0000
6590,3059.88,17715.90,0,0,0.0000
6591,3060.40,17383.15,0,0,0.0000
6592,2813.38,17233.37,0,0,0.0000
6593,3171.22,17753.95,0,0,0.0000
6594,2742.74,17238.12,0,0,0.0000
6595,2542.28,17448.93,0,0,0.0000
6596,3135.88,17499.64,0,0,0.0000
6597,2842.47,17547.07,0,0,0.0000
6598,3178.17,17230.20,0,0,0.0000
6599,2558.64,17513.63,0,0,0.0000
6600,2633.00,17452.97,0,0,0.0000
6601,3109.36,17765.38,0,0,0.0000
6602,2994.01,17791.93,0,0,0.0000
6603,2553.65,17781.98,0,0,0.0000
6604,3119.01,17267.23,0,0,0.0000
6605,3151.30,17290.68,0,0,0.0000
6606,3226.57,17492.83,0,0,0.0000
6607,3270.70,17352.48,NaN,NaN,NaN
6608,3929.92,17413.93,NaN,NaN,NaN
6609,3346.73,17692.70,0,0,0.0000
6610,3334.94,17587.57,0,0,0.0000
6611,3782.30,17245.23,0,0,0.0000
6612,3888.91,17490.73,NaN,NaN,NaN
6613,3611.32,17094.36,0,0,0.0000
6614,3329.19,17428.01,0,0,0.0000
6615,3244.21,17597.97,0,0,0.0000
6616,3839.18,17134.16,0,0,0.0000
6617,3401.26,17514.15,0,0,0.0000
6618,3270.65,17256.22,0,0,0.0000
6619,3837.95,17360.00,NaN,NaN,NaN
6620,3298.41,17484.38,0,0,0.0000
6621,3875.16,17066.61,0,0,0.0000
6622,3403.90,17428.27,0,0,0.0000
6623,3926.59,17322.24,0,0,0.0000
6624,3474.25,17738.75,0,0,0.0000
6625,3892.01,17216.22,0,0,0.0000
6626,3920.93,17274.18,0,0,0.0000
6627,3705.38,17161.81,0,0,0.0000
6628,3929.68,17492.71,0,0,0.0000
6629,3730.23,17097.25,0,0,0.0000
6630,3607.62,17024.10,0,0,0.0000
6631,3774.11,17176.87,0,0,0.0000
6632,3210.57,17293.16,0,0,0.0000
6633,3457.35,17568.84,0,0,0.0000
6634,3887.95,17339.59,0,0,0.0000
6635,3854.08,17252.90,0,0,0.0000
6636,3938.75,17069.36,0,0,0.0000
6637,3334.95,17334.60,NaN,NaN,NaN
6638,3461.84,17515.34,0,0,0.0000
6639,3221.92,17722.15,0,0,0.0000
6640,3829.51,17084.61,0,0,0.0000
6641,3262.00,17772.00,0,0,0.0000
6642,3682.46,17102.57,0,0,0.0000
6643,3406.05,17708.23,0,0,0.0000
6644,3471.13,17687.40,0,0,0.0000
6645,3508.39,17718.80,0,0,0.0000
6646,3218.20,17766.09,0,0,0.0000
6647,4007.56,17243.36,NaN,NaN,NaN
6648,4191.36,17720.31,0,0,0.0000
6649,4312.25,17773.53,0,0,0.0000
6650,4054.11,17449.64,0,0,0.0000
6651,3992.33,17558.48,0,0,0.0000
6652,4116.57,17523.33,0,0,0.0000
6653,4020.18,17357.73,0,0,0.0000
6654,4047.86,17638.69,0,0,0.0000
6655,4003.93,17731.52,0,0,0.0000
6656,4129.15,17630.86,0,0,0.0000
6657,3976.58,17625.08,0,0,0.0000
6658,4053.97,17754.39,0,0,0.0000
6659,3990.87,17421.10,0,0,0.0000
6660,4017.88,17513.99,0,0,0.0000
6661,4071.46,17543.26,0,0,0.0000
6662,4713.55,17607.75,0,0,0.0000
6663,4153.31,17576.56,0,0,0.0000
6664,4236.02,17747.15,0,0,0.0000
6665,4327.05,17186.89,0,0,0.0000
6666,4051.21,17580.01,0,0,0.0000
6667,4325.01,17232.14,0,0,0.0000
6668,5062.30,17466.05,0,0,0.0000
6669,4903.38,17603.83,0,0,0.0000
6670,5193.46,17776.01,0,0,0.0000
6671,5147.00,17705.82,0,0,0.0000
6672,4985.07,17710.99,NaN,NaN,NaN
6673,4958.78,17524.20,0,0,0.0000
6674,5046.64,17545.36,0,0,0.0000
6675,5361.79,17763.53,0,0,0.0000
6676,4814.12,17418.42,0,0,0.0000
6677,5026.13,17615.14,0,0,0.0000
6678,4852.57,17501.05,0,0,0.0000
6679,4982.69,17402.58,0,0,0.0000
6680,5334.96,17664.09,0,0,0.0000
6681,4885.92,17406.51,0,0,0.0000
6682,5492.43,17762.93,2,4,2.0000
6683,5433.07,17557.79,0,0,0.0000
6684,4991.73,17302.89,0,0,0.0000
6685,5072.97,17675.69,0,0,0.0000
6686,4862.95,17715.53,NaN,NaN,NaN
6687,5080.36,17222.12,0,0,0.0000
6688,4806.37,17669.22,NaN,NaN,NaN
6689,5259.14,17710.96,0,0,0.0000
6690,4785.87,17553.32,0,0,0.0000
6691,4765.29,17617.66,0,0,0.0000
6692,5436.00,17639.70,0,0,0.0000
6693,5063.51,17747.91,0,0,0.0000
6694,5398.01,17512.77,0,0,0.0000
6695,5425.59,17706.17,0,0,0.0000
6696,5099.73,17381.31,0,0,0.0000
6697,4888.02,17791.67,0,0,0.0000
6698,5347.44,17567.49,0,0,0.0000
6699,5368.46,17381.68,0,0,0.0000
6700,4771.28,17506.18,0,0,0.0000
6701,5376.12,17073.47,0,0,0.0000
6702,5018.91,17251.08,0,0,0.0000
6703,5376.67,17153.94,2,2,0.0000
6704,4964.42,17461.54,0,0,0.0000
6705,4744.72,17670.90,NaN,NaN,NaN
6706,5438.54,17149.92,0,0,0.0000
6707,4971.54,17253.49,0,0,0.0000
6708,5462.88,17114.28,0,0,0.0000
6709,4822.56,17755.33,0,0,0.0000
6710,5380.75,17450.87,0,0,0.0000
6711,4826.08,17608.27,0,0,0.0000
6712,5304.22,17054.82,0,0,0.0000
6713,5090.23,17282.37,0,0,0.0000
6714,5351.70,17494.33,0,0,0.0000
6715,5333.81,17085.83,0,0,0.0000
6716,5046.35,17383.32,0,0,0.0000
6717,4922.91,17747.15,0,0,0.0000
6718,4761.78,17710.07,0,0,0.0000
6719,5381.81,17584.65,0,0,0.0000
6720,4910.82,17458.11,0,0,0.0000
6721,5661.30,17638.09,NaN,NaN,NaN
6722,5696.72,17339.71,0,0,0.0000
6723,5886.61,17749.88,NaN,NaN,NaN
6724,5994.07,17666.78,0,0,0.0000
6725,5552.59,17503.34,0,0,0.0000
6726,5546.36,17592.98,NaN,NaN,NaN
6727,5878.39,17645.93,0,0,0.0000
6728,6127.63,17712.49,NaN,NaN,NaN
6729,5645.38,17483.35,0,0,0.0000
6730,5806.67,17577.29,0,0,0.0000
6731,5843.75,17476.44,0,0,0.0000
6732,5797.15,17698.76,0,0,0.0000
6733,6083.33,17571.60,NaN,NaN,NaN
6734,5718.23,17547.86,0,0,0.0000
6735,5987.94,17568.63,0,0,0.0000
6736,5970.14,17785.56,0,0,0.0000
6737,5526.04,17698.79,2,2,0.0000
6738,6056.11,17626.92,NaN,NaN,NaN
6739,5614.38,17708.33,0,0,0.0000
6740,5753.25,17439.49,0,0,0.0000
6741,5889.13,17547.15,0,0,0.0000
6742,5786.73,17379.65,0,0,0.0000
6743,5575.66,17373.59,0,0,0.0000
6744,6138.79,17656.81,NaN,NaN,NaN
6745,6053.46,17748.11,0,0,0.0000
6746,5673.35,17718.36,0,0,0.0000
6747,5709.64,17425.40,0,0,0.0000
6748,6195.22,17704.05,NaN,NaN,NaN
6749,5627.80,17301.74,0,0,0.0000
6750,5583.07,17423.25,0,0,0.0000
6751,6821.86,17721.61,NaN,NaN,NaN
6752,6772.77,17319.59,NaN,NaN,NaN
6753,6697.01,17235.75,2,3,0.0000
6754,6742.59,17492.27,0,0,0.0000
6755,6821.71,17518.14,0,0,0.0000
6756,6847.90,17415.95,NaN,NaN,NaN
6757,6647.13,17326.35,NaN,NaN,NaN
6758,6606.68,17232.26,5,5,0.0000
6759,6913.59,17495.08,0,0,0.0000
6760,6897.20,17725.05,NaN,NaN,NaN
6761,6497.32,17126.16,2,3,0.0000
6762,6901.18,17634.24,NaN,NaN,NaN
6763,6928.40,17571.47,0,0,0.0000
6764,6608.34,17171.31,NaN,NaN,NaN
6765,6859.06,17576.47,0,0,0.0000
6766,6996.74,17750.22,NaN,NaN,NaN
6767,6966.65,17698.22,2,3,0.0000
6768,6598.54,17294.41,3,2,0.0000
6769,6945.93,17757.00,2,2,0.0000
6770,6871.12,17670.43,NaN,NaN,NaN
6771,6773.70,17610.92,0,0,0.0000
6772,6952.52,17625.60,0,0,0.0000
6773,6891.96,17065.99,0,0,0.0000
6774,7055.24,17615.69,2,3,0.0000
6775,7723.14,17544.04,3,3,0.0000
6776,7550.42,17414.81,0,0,0.0000
6777,7781.30,17185.27,3,2,0.0000
6778,7571.75,17138.68,0,0,0.0000
6779,7711.20,17652.19,0,0,0.0000
6780,7154.68,17739.63,NaN,NaN,NaN
6781,7681.58,17385.53,4,4,0.0000
6782,7089.13,17496.79,0,0,0.0000
6783,7681.47,17766.14,0,0,0.0000
6784,7691.62,17150.43,0,0,0.0000
6785,7629.83,17320.92,0,0,0.0000
6786,7523.43,17758.99,0,0,0.0000
6787,7173.38,17656.92,0,0,0.0000
6788,7664.08,17047.96,0,0,0.0000
6789,7718.40,17458.07,NaN,NaN,NaN
6790,7188.18,17366.07,0,0,0.0000
6791,7740.12,17324.22,2,3,0.0000
6792,7795.72,17311.15,NaN,NaN,NaN
6793,7589.44,17736.34,0,0,0.0000
6794,7542.62,17656.72,0,0,0.0000
6795,7234.70,17643.20,NaN,NaN,NaN
6796,7789.08,17485.95,2,2,0.0000
6797,7767.51,17723.79,2,2,0.0000
6798,7167.25,17416.48,2,2,0.0000
6799,7738.30,17073.82,0,0,0.0000
6800,7243.32,17537.62,0,0,0.0000
6801,7569.23,17610.82,0,0,0.0000
6802,7644.60,17109.91,0,0,0.0000
6803,7222.04,17464.52,0,0,0.0000
6804,7086.76,17390.15,0,0,0.0000
6805,7666.03,17255.76,0,0,0.0000
6806,7714.99,17246.09,0,0,0.0000
6807,7788.31,17378.23,2,3,0.0000
6808,7222.12,17423.40,0,0,0.0000
6809,7233.79,17500.79,0,0,0.0000
6810,7271.18,17575.60,0,0,0.0000
6811,7246.16,17336.80,0,0,0.0000
6812,7692.53,17300.28,0,0,0.0000
6813,7603.02,17077.58,0,0,0.0000
6814,7978.81,17377.12,NaN,NaN,NaN
6815,7846.82,17711.75,NaN,NaN,NaN
6816,7886.31,17203.52,0,0,0.0000
6817,8540.05,17036.52,NaN,NaN,NaN
6818,7949.58,17493.50,NaN,NaN,NaN
6819,8574.65,17484.99,6,7,0.0000
6820,7933.61,17575.17,NaN,NaN,NaN
6821,8012.41,17740.23,2,1,0.0000
6822,8548.01,17377.93,NaN,NaN,NaN
6823,7937.72,17695.55,0,0,0.0000
6824,8563.84,17635.22,NaN,NaN,NaN
6825,7941.35,17772.71,0,0,0.0000
6826,8022.35,17461.89,NaN,NaN,NaN
6827,8466.62,17082.72,0,0,0.0000
6828,8002.27,17606.10,0,0,0.0000
6829,7907.73,17329.73,2,3,0.0000
6830,7848.42,17379.27,2,2,0.0000
6831,7950.29,17622.77,3,2,0.0000
6832,7874.85,17496.66,NaN,NaN,NaN
6833,8044.51,17505.04,NaN,NaN,NaN
6834,7856.24,17312.16,0,0,0.0000
6835,7972.37,17669.52,0,0,0.0000
6836,7809.93,17790.14,0,0,0.0000
6837,7966.13,17266.68,0,0,0.0000
6838,7820.03,17435.05,NaN,NaN,NaN
6839,7993.94,17553.72,0,0,0.0000
6840,8020.35,17660.98,0,0,0.0000
6841,7866.96,17130.01,0,0,0.0000
6842,8555.42,17555.35,0,0,0.0000
6843,8924.64,17573.31,NaN,NaN,NaN
6844,9007.96,17245.88,NaN,NaN,NaN
6845,8805.77,17472.63,3,1,0.0000
6846,8917.46,17692.28,NaN,NaN,NaN
6847,8837.08,17761.09,NaN,NaN,NaN
6848,8620.36,17239.05,4,5,0.0000
6849,8787.37,17354.39,NaN,NaN,NaN
6850,9179.85,17722.55,2,2,0.0000
6851,8830.69,17193.51,2,2,0.0000
6852,8901.25,17402.53,NaN,NaN,NaN
6853,9301.98,17780.99,0,0,0.0000
6854,8704.62,17071.10,3,4,0.0000
6855,9111.57,17320.14,2,3,0.0000
6856,8827.09,17616.47,NaN,NaN,NaN
6857,8622.67,17064.67,2,3,0.0000
6858,8775.75,17262.92,4,4,0.0000
6859,8750.22,17516.13,NaN,NaN,NaN
6860,9056.02,17696.08,2,1,0.0000
6861,8671.91,17211.47,NaN,NaN,NaN
6862,9016.01,17028.54,NaN,NaN,NaN
6863,8667.83,17437.79,2,3,0.0000
6864,8583.21,17315.11,2,4,2.0000
6865,9082.45,17755.02,2,2,0.0000
6866,9147.98,17524.94,4,3,0.0000
6867,8760.43,17149.84,NaN,NaN,NaN
6868,8952.30,17304.59,2,3,0.0000
6869,8962.50,17448.45,NaN,NaN,NaN
6870,8652.71,17342.88,NaN,NaN,NaN
6871,8703.44,17161.17,2,3,0.0000
6872,9031.91,17348.67,2,1,0.0000
6873,8664.22,17656.54,0,0,0.0000
6874,9201.42,17601.23,NaN,NaN,NaN
6875,8636.36,17704.15,0,0,0.0000
6876,8996.44,17164.99,0,0,0.0000
6877,9048.22,17439.84,3,3,0.0000
6878,8782.62,17075.17,NaN,NaN,NaN
6879,9007.31,17618.37,NaN,NaN,NaN
6880,8969.79,17078.50,0,0,0.0000
6881,9001.47,17399.71,NaN,NaN,NaN
6882,8598.99,17375.83,2,2,0.0000
6883,8832.53,17074.24,NaN,NaN,NaN
6884,8972.24,17349.00,NaN,NaN,NaN
6885,8911.32,17174.35,NaN,NaN,NaN
6886,9111.72,17591.03,2,4,2.0000
6887,8577.94,17110.95,NaN,NaN,NaN
6888,9068.37,17491.18,NaN,NaN,NaN
6889,8622.95,17159.21,0,0,0.0000
6890,8845.42,17138.31,NaN,NaN,NaN
6891,9123.79,17556.72,2,1,0.0000
6892,8609.27,17587.42,0,0,0.0000
6893,9147.81,17402.82,4,3,0.0000
6894,8611.17,17664.76,NaN,NaN,NaN
6895,8903.94,17222.60,2,2,0.0000
6896,9072.93,17187.25,NaN,NaN,NaN
6897,8916.04,17478.72,2,4,2.0000
6898,9040.71,17122.85,0,0,0.0000
6899,8862.24,17315.59,NaN,NaN,NaN
6900,9056.45,17399.09,NaN,NaN,NaN
6901,9010.67,17514.56,NaN,NaN,NaN
6902,9185.01,17535.33,NaN,NaN,NaN
6903,9323.40,17034.45,0,0,0.0000
6904,8866.67,17044.08,0,0,0.0000
6905,8851.35,17259.24,NaN,NaN,NaN
6906,8725.33,17236.23,NaN,NaN,NaN
6907,9128.64,17666.14,2,3,0.0000
6908,9505.64,17086.27,NaN,NaN,NaN
6909,9423.82,17158.74,0,0,0.0000
6910,10060.63,17164.71,0,0,0.0000
6911,9854.20,17076.39,0,0,0.0000
6912,9400.30,17789.18,0,0,0.0000
6913,9362.89,17054.99,0,0,0.0000
6914,9392.13,17731.01,0,0,0.0000
6915,10106.74,17069.86,0,0,0.0000
6916,9797.60,17045.12,0,0,0.0000
6917,9540.40,17179.21,0,0,0.0000
6918,9924.55,17080.66,0,0,0.0000
6919,9823.02,17121.24,0,0,0.0000
6920,9876.49,17027.55,0,0,0.0000
6921,9526.72,17211.14,0,0,0.0000
6922,9432.83,17044.31,0,0,0.0000
6923,9954.42,17133.46,0,0,0.0000
6924,9361.38,17121.54,0,0,0.0000
6925,9348.99,17696.64,0,0,0.0000
6926,9462.64,17213.27,0,0,0.0000
6927,9656.36,17713.63,0,0,0.0000
6928,10002.18,17154.32,0,0,0.0000
6929,10873.99,17555.69,0,0,0.0000
6930,10441.13,17222.21,0,0,0.0000
6931,10569.14,17287.62,0,0,0.0000
6932,10708.52,17603.07,0,0,0.0000
6933,10793.34,17043.99,0,0,0.0000
6934,10463.16,17135.71,0,0,0.0000
6935,10382.62,17743.47,0,0,0.0000
6936,10264.98,17325.45,0,0,0.0000
6937,10499.93,17471.39,0,0,0.0000
6938,10353.62,17426.39,0,0,0.0000
6939,10727.19,17326.05,0,0,0.0000
6940,10125.52,17168.79,0,0,0.0000
6941,10293.04,17418.18,0,0,0.0000
6942,10642.10,17212.38,0,0,0.0000
6943,10215.08,17065.19,0,0,0.0000
6944,10594.64,17706.72,2,0,0.0000
6945,10194.50,17273.55,0,0,0.0000
6946,10561.62,17405.85,0,0,0.0000
6947,10160.33,17109.42,0,0,0.0000
6948,10807.48,17702.34,0,0,0.0000
6949,10506.48,17710.87,0,0,0.0000
6950,10218.58,17165.49,NaN,NaN,NaN
6951,10879.11,17080.49,0,0,0.0000
6952,10723.11,17716.73,0,0,0.0000
6953,10836.63,17789.54,0,0,0.0000
6954,10160.22,17232.40,0,0,0.0000
6955,10338.96,17615.66,0,0,0.0000
6956,10549.39,17502.30,0,0,0.0000
6957,10693.68,17271.22,0,0,0.0000
6958,10392.63,17555.80,0,0,0.0000
6959,10863.46,17164.19,0,0,0.0000
6960,10464.07,17374.08,0,0,0.0000
6961,10443.17,17546.76,0,0,0.0000
6962,10428.08,17427.93,0,0,0.0000
6963,10585.70,17616.34,0,0,0.0000
6964,10350.11,17534.36,0,0,0.0000
6965,10434.71,17374.92,0,0,0.0000
6966,10297.88,17539.22,0,0,0.0000
6967,10522.80,17642.37,0,0,0.0000
6968,10482.47,17025.06,0,0,0.0000
6969,10394.37,17633.26,0,0,0.0000
6970,10663.97,17428.00,0,0,0.0000
6971,10318.23,17321.60,0,0,0.0000
6972,10316.15,17683.56,0,0,0.0000
6973,10402.98,17465.35,0,0,0.0000
6974,10528.77,17179.78,0,0,0.0000
6975,10745.65,17194.76,0,0,0.0000
6976,10454.94,17699.56,0,0,0.0000
6977,10593.61,17470.44,0,0,0.0000
6978,10785.74,17171.18,0,0,0.0000
6979,10506.49,17342.99,0,0,0.0000
6980,10323.45,17757.92,0,0,0.0000
6981,10748.54,17425.94,0,0,0.0000
6982,10765.76,17774.37,0,0,0.0000
6983,10590.68,17371.55,0,0,0.0000
6984,10351.90,17247.53,0,0,0.0000
6985,10607.82,17106.55,0,0,0.0000
6986,10789.34,17240.64,0,0,0.0000
6987,10632.08,17636.14,0,0,0.0000
6988,10704.46,17222.71,0,0,0.0000
6989,10573.51,17144.45,0,0,0.0000
6990,10300.60,17636.07,0,0,0.0000
6991,10806.93,17648.96,0,0,0.0000
6992,10886.22,17550.23,0,0,0.0000
6993,11544.36,17374.44,0,0,0.0000
6994,11515.15,17257.94,0,0,0.0000
6995,11241.83,17080.02,0,0,0.0000
6996,11316.60,17395.33,0,0,0.0000
6997,11161.71,17707.41,0,0,0.0000
6998,11333.57,17153.55,0,0,0.0000
6999,11433.46,17363.09,0,0,0.0000
7000,11076.60,17336.30,NaN,NaN,NaN
7001,11314.61,17604.95,0,0,0.0000
7002,11455.72,17771.65,NaN,NaN,NaN
7003,11123.89,17581.65,0,0,0.0000
7004,11542.23,17090.28,0,0,0.0000
7005,11604.10,17529.50,0,0,0.0000
7006,11447.60,17208.07,0,0,0.0000
7007,10883.23,17703.71,NaN,NaN,NaN
7008,11413.38,17615.16,0,0,0.0000
7009,11451.61,17461.42,NaN,NaN,NaN
7010,11192.20,17310.74,0,0,0.0000
7011,11128.47,17444.04,0,0,0.0000
7012,11377.23,17724.41,0,0,0.0000
7013,10974.81,17693.07,0,0,0.0000
7014,11373.54,17473.06,0,0,0.0000
7015,11227.13,17447.19,0,0,0.0000
7016,11325.07,17789.35,0,0,0.0000
7017,10973.00,17344.14,0,0,0.0000
7018,11012.89,17575.61,0,0,0.0000
7019,11100.67,17210.06,0,0,0.0000
7020,11257.88,17684.66,0,0,0.0000
7021,11567.80,17623.68,0,0,0.0000
7022,11217.69,17238.08,0,0,0.0000
7023,11239.25,17774.43,0,0,0.0000
7024,10983.26,17493.15,0,0,0.0000
7025,11231.00,17599.10,0,0,0.0000
7026,11064.96,17705.30,0,0,0.0000
7027,10880.66,17291.74,0,0,0.0000
7028,11161.60,17207.33,0,0,0.0000
7029,11507.71,17524.23,0,0,0.0000
7030,11484.12,17612.84,0,0,0.0000
7031,11264.04,17284.73,0,0,0.0000
7032,11505.74,17699.98,0,0,0.0000
7033,10930.88,17043.97,0,0,0.0000
7034,10982.15,17149.50,0,0,0.0000
7035,11312.76,17700.46,0,0,0.0000
7036,11475.45,17041.80,0,0,0.0000
7037,11213.08,17522.29,0,0,0.0000
7038,11632.73,17286.27,0,0,0.0000
7039,11440.98,17553.23,0,0,0.0000
7040,11638.75,17376.41,0,0,0.0000
7041,10921.16,17148.00,0,0,0.0000
7042,10963.54,17411.02,0,0,0.0000
7043,11374.33,17664.32,0,0,0.0000
7044,11045.66,17768.74,0,0,0.0000
7045,11128.76,17076.89,0,0,0.0000
7046,11162.92,17494.75,0,0,0.0000
7047,11588.19,17747.60,0,0,0.0000
7048,10989.10,17099.64,0,0,0.0000
7049,11607.40,17192.35,0,0,0.0000
7050,10915.34,17217.11,0,0,0.0000
7051,11581.24,17453.36,0,0,0.0000
7052,11629.59,17240.46,0,0,0.0000
7053,11105.15,17766.75,0,0,0.0000
7054,11256.53,17528.39,0,0,0.0000
7055,11544.34,17546.27,0,0,0.0000
7056,11200.12,17370.92,0,0,0.0000
7057,11385.81,17548.81,0,0,0.0000
7058,11073.41,17647.64,0,0,0.0000
7059,11343.06,17531.52,0,0,0.0000
7060,11533.53,17469.07,NaN,NaN,NaN
7061,11529.68,17582.90,0,0,0.0000
7062,11122.20,17788.76,0,0,0.0000
7063,12183.71,17203.60,0,0,0.0000
7064,11663.17,17654.76,NaN,NaN,NaN
7065,11998.14,17260.91,0,0,0.0000
7066,11892.79,17380.73,0,0,0.0000
7067,11995.91,17713.25,NaN,NaN,NaN
7068,11817.12,17759.84,NaN,NaN,NaN
7069,11903.50,17489.06,0,0,0.0000
7070,11926.10,17765.32,0,0,0.0000
7071,11761.53,17312.00,0,0,0.0000
7072,11756.52,17786.44,0,0,0.0000
7073,12155.12,17032.40,0,0,0.0000
7074,11694.60,17317.95,0,0,0.0000
7075,11753.06,17405.75,0,0,0.0000
7076,11931.05,17100.36,0,0,0.0000
7077,11896.23,17307.79,0,0,0.0000
7078,11862.88,17689.85,0,0,0.0000
7079,11820.57,17288.32,0,0,0.0000
7080,12081.66,17721.75,NaN,NaN,NaN
7081,11932.23,17630.41,0,0,0.0000
7082,11864.43,17173.92,0,0,0.0000
7083,11680.30,17432.11,0,0,0.0000
7084,11809.11,17658.98,0,0,0.0000
7085,12070.13,17199.45,0,0,0.0000
7086,12331.08,17032.64,0,0,0.0000
7087,11731.55,17650.28,0,0,0.0000
7088,11953.71,17542.15,0,0,0.0000
7089,11720.29,17529.20,0,0,0.0000
7090,12000.85,17108.83,0,0,0.0000
7091,12037.01,17171.55,0,0,0.0000
7092,11686.38,17232.67,0,0,0.0000
7093,11784.50,17119.38,0,0,0.0000
7094,11981.89,17482.40,0,0,0.0000
7095,11862.08,17109.20,0,0,0.0000
7096,12090.80,17425.42,0,0,0.0000
7097,11827.20,17433.73,0,0,0.0000
7098,12223.29,17058.99,0,0,0.0000
7099,11649.01,17753.73,0,0,0.0000
7100,11972.77,17586.04,0,0,0.0000
7101,11726.73,17481.91,0,0,0.0000
7102,11797.95,17497.38,0,0,0.0000
7103,12079.63,17287.65,0,0,0.0000
7104,11878.70,17037.19,0,0,0.0000
7105,12152.52,17444.00,0,0,0.0000
7106,11664.68,17485.86,0,0,0.0000
7107,13854.55,17559.88,0,0,0.0000
7108,13937.74,17701.34,0,0,0.0000
7109,13777.76,17488.24,0,0,0.0000
7110,13842.89,17493.62,0,0,0.0000
7111,13870.66,17332.49,0,0,0.0000
7112,13900.01,17638.22,NaN,NaN,NaN
7113,13739.21,17413.50,0,0,0.0000
7114,13884.83,17448.34,0,0,0.0000
7115,13851.16,17748.93,0,0,0.0000
7116,13834.90,17408.79,0,0,0.0000
7117,13934.24,17550.64,0,0,0.0000
7118,13816.21,17730.04,0,0,0.0000
7119,13908.90,17577.99,NaN,NaN,NaN
7120,13900.35,17766.03,0,0,0.0000
7121,13700.56,17704.81,0,0,0.0000
7122,13775.59,17331.87,0,0,0.0000
7123,13845.67,17624.62,2,3,0.0000
7124,13788.12,17372.29,0,0,0.0000
7125,14583.62,17366.97,NaN,NaN,NaN
7126,14407.67,17631.96,0,0,0.0000
7127,14402.35,17537.32,0,0,0.0000
7128,14626.16,17155.67,0,0,0.0000
7129,14692.41,17398.65,0,0,0.0000
7130,14435.23,17728.38,0,0,0.0000
7131,14495.10,17161.15,NaN,NaN,NaN
7132,14465.53,17092.81,NaN,NaN,NaN
7133,14645.05,17049.73,0,0,0.0000
7134,14511.73,17258.99,NaN,NaN,NaN
7135,14711.46,17256.54,0,0,0.0000
7136,14691.43,17633.76,0,0,0.0000
7137,14511.16,17772.21,0,0,0.0000
7138,14666.33,17519.59,0,0,0.0000
7139,14444.60,17446.03,0,0,0.0000
7140,14476.74,17602.69,0,0,0.0000
7141,14642.37,17290.40,0,0,0.0000
7142,14604.82,17668.34,0,0,0.0000
7143,14518.56,17453.31,0,0,0.0000
7144,14380.99,17187.17,0,0,0.0000
7145,13961.79,17649.78,0,0,0.0000
7146,14348.27,17453.21,0,0,0.0000
7147,14512.65,17539.21,0,0,0.0000
7148,14374.63,17270.13,0,0,0.0000
7149,14393.47,17373.41,NaN,NaN,NaN
7150,14299.93,17544.90,0,0,0.0000
7151,14529.40,17078.19,0,0,0.0000
7152,14705.20,17132.36,0,0,0.0000
7153,14636.47,17471.11,0,0,0.0000
7154,14363.42,17701.15,NaN,NaN,NaN
7155,14542.38,17672.56,NaN,NaN,NaN
7156,14579.32,17237.66,0,0,0.0000
7157,14674.27,17766.10,0,0,0.0000
7158,14384.40,17339.99,NaN,NaN,NaN
7159,14597.86,17770.97,0,0,0.0000
7160,14628.47,17590.74,0,0,0.0000
7161,13990.31,17781.86,0,0,0.0000
7162,14400.37,17142.97,0,0,0.0000
7163,14336.94,17263.71,NaN,NaN,NaN
7164,14592.73,17721.71,0,0,0.0000
7165,14424.31,17100.50,0,0,0.0000
7166,13956.97,17780.07,0,0,0.0000
7167,15245.69,17707.05,NaN,NaN,NaN
7168,14787.93,17694.91,0,0,0.0000
7169,15011.42,17072.34,0,0,0.0000
7170,15029.50,17607.38,0,0,0.0000
7171,14871.82,17258.54,0,0,0.0000
7172,14834.73,17154.23,0,0,0.0000
7173,14994.93,17686.88,0,0,0.0000
7174,15060.75,17447.38,NaN,NaN,NaN
7175,15069.53,17526.17,NaN,NaN,NaN
7176,15225.35,17535.90,0,0,0.0000
7177,14959.01,17308.17,0,0,0.0000
7178,14879.41,17064.04,NaN,NaN,NaN
7179,14877.72,17577.57,NaN,NaN,NaN
7180,15132.83,17610.17,0,0,0.0000
7181,14764.90,17207.58,0,0,0.0000
7182,15238.49,17273.23,NaN,NaN,NaN
7183,15141.95,17432.91,0,0,0.0000
7184,14808.36,17064.85,0,0,0.0000
7185,14898.33,17392.99,0,0,0.0000
7186,15144.22,17714.85,NaN,NaN,NaN
7187,15122.51,17783.67,0,0,0.0000
7188,15280.97,17465.15,0,0,0.0000
7189,15046.97,17284.29,0,0,0.0000
7190,14756.26,17033.88,0,0,0.0000
7191,15069.69,17176.52,0,0,0.0000
7192,14955.28,17481.19,0,0,0.0000
7193,14861.98,17496.49,0,0,0.0000
7194,15320.27,17421.39,0,0,0.0000
7195,14954.71,17707.98,0,0,0.0000
7196,15345.16,17529.83,0,0,0.0000
7197,14727.84,17542.36,0,0,0.0000
7198,15164.42,17531.63,0,0,0.0000
7199,14766.37,17421.09,NaN,NaN,NaN
7200,15309.12,17564.19,NaN,NaN,NaN
7201,15175.52,17170.98,NaN,NaN,NaN
7202,14909.82,17162.17,0,0,0.0000
7203,15208.82,17753.25,0,0,0.0000
7204,14825.51,17396.05,2,3,0.0000
7205,14969.51,17782.99,0,0,0.0000
7206,15319.55,17216.09,NaN,NaN,NaN
7207,15107.44,17353.71,0,0,0.0000
7208,15181.47,17411.08,0,0,0.0000
7209,15288.50,17637.82,NaN,NaN,NaN
7210,15250.31,17188.44,2,3,0.0000
7211,14866.84,17340.00,0,0,0.0000
7212,15115.59,17312.60,0,0,0.0000
7213,14874.99,17641.82,NaN,NaN,NaN
7214,15294.00,17076.79,NaN,NaN,NaN
7215,14998.22,17408.45,0,0,0.0000
7216,14775.19,17606.63,0,0,0.0000
7217,14914.52,17537.12,NaN,NaN,NaN
7218,15393.06,17512.57,0,0,0.0000
7219,14729.49,17323.61,0,0,0.0000
7220,14995.95,17234.70,0,0,0.0000
7221,16193.39,17118.57,NaN,NaN,NaN
7222,16149.03,17502.98,0,0,0.0000
7223,16062.99,17600.40,NaN,NaN,NaN
7224,16131.83,17336.61,NaN,NaN,NaN
7225,16217.88,17234.63,0,0,0.0000
7226,15993.51,17623.60,2,4,2.0000
7227,16127.73,17182.78,3,1,0.0000
7228,16010.56,17738.34,2,2,0.0000
7229,16217.83,17389.02,0,0,0.0000
7230,16225.25,17777.56,0,0,0.0000
7231,16139.74,17436.97,NaN,NaN,NaN
7232,15952.14,17745.14,0,0,0.0000
7233,16138.28,17266.58,0,0,0.0000
7234,16028.42,17517.12,0,0,0.0000
7235,16083.30,17214.10,2,4,2.0000
7236,16082.66,17700.67,0,0,0.0000
7237,16137.83,17728.36,0,0,0.0000
7238,16185.67,17045.23,NaN,NaN,NaN
7239,16219.51,17569.76,0,0,0.0000
7240,15922.62,17770.35,2,3,0.0000
7241,16199.23,17681.90,0,0,0.0000
7242,16138.16,17662.54,0,0,0.0000
7243,16241.98,17487.00,0,0,0.0000
7244,16168.70,17617.34,0,0,0.0000
7245,16111.18,17070.24,NaN,NaN,NaN
7246,16161.75,17561.82,0,0,0.0000
7247,16848.42,17599.95,NaN,NaN,NaN
7248,16352.01,17144.20,NaN,NaN,NaN
7249,16588.43,17263.05,NaN,NaN,NaN
7250,16763.35,17383.13,0,0,0.0000
7251,16885.07,17267.56,3,3,0.0000
7252,16446.92,17500.58,0,0,0.0000
7253,16528.56,17104.57,NaN,NaN,NaN
7254,16746.31,17198.43,0,0,0.0000
7255,16822.65,17309.19,0,0,0.0000
7256,16659.07,17470.56,NaN,NaN,NaN
7257,16427.58,17218.68,NaN,NaN,NaN
7258,16812.26,17486.77,NaN,NaN,NaN
7259,16554.22,17407.57,NaN,NaN,NaN
7260,16388.14,17303.54,3,4,0.0000
7261,16665.16,17206.30,0,0,0.0000
7262,16756.34,17780.68,NaN,NaN,NaN
7263,16936.64,17634.31,4,5,0.0000
7264,16846.61,17763.11,NaN,NaN,NaN
7265,16996.22,17641.98,0,0,0.0000
7266,16294.46,17035.74,0,0,0.0000
7267,16291.34,17677.89,0,0,0.0000
7268,16882.77,17408.25,NaN,NaN,NaN
7269,16298.15,17440.12,0,0,0.0000
7270,16731.35,17483.89,2,3,0.0000
7271,16563.10,17570.28,NaN,NaN,NaN
7272,16485.68,17556.13,NaN,NaN,NaN
7273,16882.93,17107.90,NaN,NaN,NaN
7274,16967.98,17398.75,0,0,0.0000
7275,16845.82,17032.22,0,0,0.0000
7276,16941.94,17481.00,NaN,NaN,NaN
7277,16756.03,17580.40,0,0,0.0000
7278,16647.37,17550.39,NaN,NaN,NaN
7279,16602.90,17371.45,NaN,NaN,NaN
7280,16282.87,17367.07,NaN,NaN,NaN
7281,16770.17,17130.35,0,0,0.0000
7282,17011.93,17494.33,NaN,NaN,NaN
7283,16679.31,17703.70,NaN,NaN,NaN
7284,16468.00,17319.76,NaN,NaN,NaN
7285,16998.28,17790.63,0,0,0.0000
7286,16524.96,17772.80,NaN,NaN,NaN
7287,17001.63,17354.86,0,0,0.0000
7288,16278.09,17545.35,0,0,0.0000
7289,16392.52,17454.61,NaN,NaN,NaN
7290,16889.53,17502.74,0,0,0.0000
7291,16662.47,17036.41,0,0,0.0000
7292,16656.78,17654.26,NaN,NaN,NaN
7293,16824.36,17105.03,NaN,NaN,NaN
7294,16463.36,17711.50,NaN,NaN,NaN
7295,16335.74,17493.95,0,0,0.0000
7296,16302.96,17600.69,0,0,0.0000
7297,16408.48,17636.96,NaN,NaN,NaN
7298,16945.47,17554.55,0,0,0.0000
7299,16440.52,17059.94,2,3,0.0000
7300,16344.38,17648.28,0,0,0.0000
7301,16477.78,17385.71,NaN,NaN,NaN
7302,16382.57,17354.53,NaN,NaN,NaN
7303,16553.35,17681.75,NaN,NaN,NaN
7304,16671.22,17361.28,0,0,0.0000
7305,16516.53,17713.15,NaN,NaN,NaN
7306,16710.50,17277.88,NaN,NaN,NaN
7307,16413.51,17398.18,NaN,NaN,NaN
7308,16891.48,17705.95,NaN,NaN,NaN
7309,16277.83,17305.10,NaN,NaN,NaN
7310,16369.14,17533.02,0,0,0.0000
7311,16951.81,17735.01,NaN,NaN,NaN
7312,16793.72,17695.38,2,5,2.5000
7313,16602.56,17681.67,0,0,0.0000
7314,16483.26,17644.28,NaN,NaN,NaN
7315,16306.91,17781.54,0,0,0.0000
7316,16714.65,17096.24,0,0,0.0000
7317,16365.31,17586.69,0,0,0.0000
7318,16494.99,17431.21,0,0,0.0000
7319,16324.98,17327.50,NaN,NaN,NaN
7320,16603.13,17465.63,0,0,0.0000
7321,16424.50,17684.35,NaN,NaN,NaN
7322,16296.97,17243.85,0,0,0.0000
7323,16778.11,17057.88,0,0,0.0000
7324,16324.51,17243.80,0,0,0.0000
7325,16380.49,17037.67,0,0,0.0000
7326,16766.77,17645.95,0,0,0.0000
7327,16560.80,17497.13,0,0,0.0000
7328,16467.38,17098.89,2,1,0.0000
7329,16599.92,17130.14,NaN,NaN,NaN
7330,16633.30,17578.06,0,0,0.0000
7331,16496.32,17245.97,NaN,NaN,NaN
7332,16575.93,17029.36,0,0,0.0000
7333,16399.58,17755.37,NaN,NaN,NaN
7334,16742.13,17051.68,0,0,0.0000
7335,16667.15,17615.71,0,0,0.0000
7336,16616.53,17059.61,0,0,0.0000
7337,16618.86,17741.14,2,7,3.5000
7338,16602.43,17604.66,2,1,0.0000
7339,16351.13,17376.39,0,0,0.0000
7340,16354.30,17776.92,2,5,2.5000
7341,17506.33,17025.74,0,0,0.0000
7342,17379.89,17030.99,NaN,NaN,NaN
7343,17205.14,17738.38,0,0,0.0000
7344,17126.00,17691.61,0,0,0.0000
7345,17100.20,17779.34,0,0,0.0000
7346,17506.40,17183.06,0,0,0.0000
7347,17037.22,17736.11,0,0,0.0000
7348,17547.51,17117.55,NaN,NaN,NaN
7349,17437.51,17107.91,0,0,0.0000
7350,17092.75,17539.37,NaN,NaN,NaN
7351,17498.61,17105.35,NaN,NaN,NaN
7352,17077.17,17478.64,NaN,NaN,NaN
7353,17047.28,17437.49,NaN,NaN,NaN
7354,17126.61,17630.64,0,0,0.0000
7355,17440.76,17153.30,0,0,0.0000
7356,18518.46,17150.51,0,0,0.0000
7357,17852.03,17211.50,0,0,0.0000
7358,18592.01,17043.93,2,1,0.0000
7359,18558.05,17216.74,2,2,0.0000
7360,18394.29,17148.96,2,3,0.0000
7361,17948.16,17156.47,NaN,NaN,NaN
7362,17799.63,17073.19,NaN,NaN,NaN
7363,18619.84,17252.08,NaN,NaN,NaN
7364,18558.04,17316.04,2,3,0.0000
7365,17822.29,17343.85,0,0,0.0000
7366,17863.95,17079.91,0,0,0.0000
7367,18578.63,17269.91,2,4,2.0000
7368,18513.62,17343.89,0,0,0.0000
7369,18422.64,17072.64,NaN,NaN,NaN
7370,17803.34,17143.90,0,0,0.0000
7371,18459.53,17064.14,2,4,2.0000
7372,18590.87,17358.16,NaN,NaN,NaN
7373,18548.47,17384.54,NaN,NaN,NaN
7374,18504.93,17254.81,NaN,NaN,NaN
7375,17884.39,17156.58,NaN,NaN,NaN
7376,17930.53,17214.98,0,0,0.0000
7377,111.15,17946.86,0,0,0.0000
7378,324.10,18338.73,0,0,0.0000
7379,137.32,18023.66,0,0,0.0000
7380,266.72,18308.38,0,0,0.0000
7381,476.87,17982.42,0,0,0.0000
7382,375.89,18260.35,0,0,0.0000
7383,139.41,18279.23,2,2,0.0000
7384,566.38,18185.09,0,0,0.0000
7385,190.77,18272.93,0,0,0.0000
7386,236.14,18153.29,0,0,0.0000
7387,241.11,18013.34,0,0,0.0000
7388,302.89,18069.35,0,0,0.0000
7389,457.22,18123.93,0,0,0.0000
7390,292.10,17922.57,0,0,0.0000
7391,394.07,17967.56,0,0,0.0000
7392,69.33,18078.25,0,0,0.0000
7393,679.38,18138.50,0,0,0.0000
7394,157.14,18083.30,0,0,0.0000
7395,301.02,18194.33,0,0,0.0000
7396,329.51,18012.94,0,0,0.0000
7397,55.01,18318.82,NaN,NaN,NaN
7398,631.68,18013.08,0,0,0.0000
7399,184.93,18186.80,0,0,0.0000
7400,478.02,18066.27,0,0,0.0000
7401,212.45,17970.56,0,0,0.0000
7402,56.96,18240.70,0,0,0.0000
7403,31.21,18015.66,0,0,0.0000
7404,35.75,18393.09,0,0,0.0000
7405,459.13,17931.03,0,0,0.0000
7406,95.30,18189.78,NaN,NaN,NaN
7407,420.87,18082.57,0,0,0.0000
7408,597.89,18045.75,0,0,0.0000
7409,267.23,17951.91,0,0,0.0000
7410,191.53,18106.01,0,0,0.0000
7411,395.58,18305.52,0,0,0.0000
7412,164.80,17893.84,0,0,0.0000
7413,330.91,17892.14,0,0,0.0000
7414,282.22,18401.70,0,0,0.0000
7415,611.45,17817.03,0,0,0.0000
7416,121.43,17891.21,0,0,0.0000
7417,425.34,18040.17,0,0,0.0000
7418,242.28,18401.48,0,0,0.0000
7419,226.29,17917.99,0,0,0.0000
7420,211.05,18396.75,0,0,0.0000
7421,1263.14,18246.28,0,0,0.0000
7422,1354.22,18592.79,0,0,0.0000
7423,1236.31,18161.12,0,0,0.0000
7424,1133.27,18431.74,NaN,NaN,NaN
7425,1444.95,18437.91,NaN,NaN,NaN
7426,1307.46,18448.23,0,0,0.0000
7427,1435.16,18656.94,0,0,0.0000
7428,1371.45,18455.21,0,0,0.0000
7429,1488.51,17922.70,0,0,0.0000
7430,1446.93,18588.60,0,0,0.0000
7431,1161.94,18324.12,0,0,0.0000
7432,1298.56,18535.27,0,0,0.0000
7433,1206.82,18463.73,0,0,0.0000
7434,1564.77,18642.40,0,0,0.0000
7435,1400.27,18546.78,0,0,0.0000
7436,1296.60,18183.14,0,0,0.0000
7437,1263.07,18422.58,0,0,0.0000
7438,1374.71,18393.12,0,0,0.0000
7439,1290.78,18315.17,0,0,0.0000
7440,1521.95,18546.88,0,0,0.0000
7441,1096.92,18487.17,NaN,NaN,NaN
7442,1455.28,18533.79,0,0,0.0000
7443,1528.01,18655.84,0,0,0.0000
7444,1197.05,18535.73,0,0,0.0000
7445,1362.19,18300.40,0,0,0.0000
7446,1491.87,18610.55,0,0,0.0000
7447,1337.43,18245.65,0,0,0.0000
7448,1360.73,18524.90,0,0,0.0000
7449,1036.03,18468.47,0,0,0.0000
7450,1502.50,18476.41,0,0,0.0000
7451,1239.45,18525.28,0,0,0.0000
7452,1264.68,18473.22,0,0,0.0000
7453,1166.85,18199.34,0,0,0.0000
7454,1254.92,18588.01,0,0,0.0000
7455,1343.05,18496.36,0,0,0.0000
7456,1412.83,18492.57,0,0,0.0000
7457,1531.35,18592.76,0,0,0.0000
7458,2143.40,18258.56,0,0,0.0000
7459,1841.89,18561.87,0,0,0.0000
7460,2357.25,18024.79,0,0,0.0000
7461,2143.01,18171.93,0,0,0.0000
7462,1924.73,18101.63,0,0,0.0000
7463,1908.45,17858.59,0,0,0.0000
7464,1776.49,17927.64,0,0,0.0000
7465,2269.87,18023.08,0,0,0.0000
7466,1705.68,18420.83,0,0,0.0000
7467,2348.68,17949.36,0,0,0.0000
7468,1704.91,17917.14,0,0,0.0000
7469,2308.82,17868.01,NaN,NaN,NaN
7470,1817.86,17855.94,NaN,NaN,NaN
7471,1739.98,18453.58,0,0,0.0000
7472,1942.47,18490.57,0,0,0.0000
7473,1912.88,18623.96,0,0,0.0000
7474,1820.86,18446.43,0,0,0.0000
7475,2169.55,18108.58,0,0,0.0000
7476,2069.69,18209.69,0,0,0.0000
7477,1997.61,18554.90,0,0,0.0000
7478,1753.34,17850.33,0,0,0.0000
7479,1962.68,18603.82,0,0,0.0000
7480,2331.92,18202.08,0,0,0.0000
7481,2257.54,17853.04,0,0,0.0000
7482,2023.62,18255.48,0,0,0.0000
7483,2255.65,17922.23,0,0,0.0000
7484,1743.90,17983.73,0,0,0.0000
7485,1734.78,18496.13,0,0,0.0000
7486,1836.59,17974.40,0,0,0.0000
7487,1771.46,18549.86,0,0,0.0000
7488,1999.36,17897.21,0,0,0.0000
7489,2404.02,17915.18,0,0,0.0000
7490,1683.02,17856.29,0,0,0.0000
7491,1933.55,18545.64,0,0,0.0000
7492,1793.09,18033.82,0,0,0.0000
7493,1876.06,18051.55,0,0,0.0000
7494,1829.28,18076.05,0,0,0.0000
7495,1968.60,18145.89,0,0,0.0000
7496,1843.92,17919.34,0,0,0.0000
7497,2298.38,17971.99,0,0,0.0000
7498,1716.93,17825.01,0,0,0.0000
7499,1874.26,17824.53,0,0,0.0000
7500,2362.36,17811.48,0,0,0.0000
7501,2353.33,17866.95,NaN,NaN,NaN
7502,2211.45,17991.05,0,0,0.0000
7503,1893.23,18450.80,0,0,0.0000
7504,2201.28,17890.66,0,0,0.0000
7505,1957.26,17900.22,0,0,0.0000
7506,1959.76,17938.04,0,0,0.0000
7507,2184.27,17916.19,0,0,0.0000
7508,3170.27,18257.04,0,0,0.0000
7509,2930.03,18029.42,0,0,0.0000
7510,3069.05,18012.99,0,0,0.0000
7511,3002.45,17958.82,0,0,0.0000
7512,2988.55,18318.51,0,0,0.0000
7513,2888.45,18151.44,NaN,NaN,NaN
7514,3055.46,18161.21,0,0,0.0000
7515,3118.76,18110.30,0,0,0.0000
7516,2786.52,18128.85,0,0,0.0000
7517,3077.14,18360.73,0,0,0.0000
7518,3011.10,17855.97,0,0,0.0000
7519,3013.94,18441.47,0,0,0.0000
7520,3164.67,17860.14,0,0,0.0000
7521,2947.51,18109.78,0,0,0.0000
7522,2840.72,17854.70,0,0,0.0000
7523,3067.48,17900.67,0,0,0.0000
7524,3068.67,18279.83,0,0,0.0000
7525,2899.85,18408.10,0,0,0.0000
7526,2855.45,18289.80,NaN,NaN,NaN
7527,2892.95,18242.33,0,0,0.0000
7528,2852.41,17967.68,0,0,0.0000
7529,2889.73,17871.25,0,0,0.0000
7530,3072.67,17806.87,0,0,0.0000
7531,2991.36,18163.35,0,0,0.0000
7532,2910.34,18351.38,0,0,0.0000
7533,2956.96,18494.36,0,0,0.0000
7534,3153.23,18356.02,0,0,0.0000
7535,2802.28,17933.58,0,0,0.0000
7536,3142.23,18035.19,0,0,0.0000
7537,2822.57,18234.94,0,0,0.0000
7538,2956.11,18390.13,0,0,0.0000
7539,2833.00,18084.44,0,0,0.0000
7540,2951.76,17840.20,0,0,0.0000
7541,2889.72,18469.26,0,0,0.0000
7542,2943.07,18450.87,0,0,0.0000
7543,3029.34,18088.69,0,0,0.0000
7544,2993.17,18233.87,0,0,0.0000
7545,2919.50,17930.43,0,0,0.0000
7546,2791.09,18043.54,0,0,0.0000
7547,2751.67,18035.10,0,0,0.0000
7548,2939.77,18256.27,0,0,0.0000
7549,3140.65,17808.80,0,0,0.0000
7550,3241.80,17982.72,0,0,0.0000
7551,3369.76,18132.16,0,0,0.0000
7552,3563.66,18122.15,0,0,0.0000
7553,3399.72,18082.17,0,0,0.0000
7554,3255.19,18304.13,0,0,0.0000
7555,3216.48,17810.00,0,0,0.0000
7556,3449.07,18239.37,0,0,0.0000
7557,3277.17,18084.41,0,0,0.0000
7558,3562.49,18218.61,0,0,0.0000
7559,3202.46,18126.95,0,0,0.0000
7560,3405.68,18312.88,0,0,0.0000
7561,3325.78,18208.26,0,0,0.0000
7562,3301.50,18148.36,0,0,0.0000
7563,3493.84,18202.88,0,0,0.0000
7564,3318.21,18304.49,0,0,0.0000
7565,3283.17,18225.09,0,0,0.0000
7566,3261.61,18380.26,0,0,0.0000
7567,3234.97,18187.05,0,0,0.0000
7568,3484.13,18143.70,0,0,0.0000
7569,3789.28,18346.97,NaN,NaN,NaN
7570,3540.26,18175.64,0,0,0.0000
7571,3404.34,18431.69,0,0,0.0000
7572,3551.99,18069.44,0,0,0.0000
7573,3223.40,18358.04,0,0,0.0000
7574,3412.57,18197.81,0,0,0.0000
7575,4200.59,17844.53,0,0,0.0000
7576,4508.87,18494.23,NaN,NaN,NaN
7577,4340.06,18158.05,0,0,0.0000
7578,4647.55,18609.41,0,0,0.0000
7579,4399.70,18230.64,0,0,0.0000
7580,4297.46,18043.63,0,0,0.0000
7581,4490.42,18628.03,2,2,0.0000
7582,4396.34,17952.28,0,0,0.0000
7583,4162.02,18029.12,0,0,0.0000
7584,4480.80,18145.53,0,0,0.0000
7585,4588.04,18301.05,0,0,0.0000
7586,4575.56,18420.48,NaN,NaN,NaN
7587,4366.91,18334.36,0,0,0.0000
7588,4468.44,18370.68,0,0,0.0000
7589,4713.88,18576.39,0,0,0.0000
7590,4246.51,17895.78,0,0,0.0000
7591,4231.43,17999.19,0,0,0.0000
7592,4520.35,18256.56,0,0,0.0000
7593,4353.85,17881.79,0,0,0.0000
7594,4317.33,18256.32,0,0,0.0000
7595,4445.38,18299.12,0,0,0.0000
7596,4306.85,17948.45,0,0,0.0000
7597,4047.51,17815.21,0,0,0.0000
7598,4056.76,17879.79,0,0,0.0000
7599,4684.09,18493.09,0,0,0.0000
7600,4406.38,18400.51,0,0,0.0000
7601,4621.45,18376.55,0,0,0.0000
7602,4440.58,18008.45,0,0,0.0000
7603,4490.97,18100.14,0,0,0.0000
7604,4108.97,17977.21,0,0,0.0000
7605,4588.90,18504.00,0,0,0.0000
7606,4412.50,18057.64,0,0,0.0000
7607,4374.88,18023.05,0,0,0.0000
7608,4112.96,17872.98,0,0,0.0000
7609,4529.64,18204.46,0,0,0.0000
7610,4220.09,18107.66,0,0,0.0000
7611,4188.33,17971.19,0,0,0.0000
7612,4517.71,18399.75,0,0,0.0000
7613,4128.33,17948.76,0,0,0.0000
7614,4284.39,18102.47,0,0,0.0000
7615,4463.54,18203.65,0,0,0.0000
7616,4346.11,17983.18,0,0,0.0000
7617,4928.36,17899.74,0,0,0.0000
7618,5027.78,18177.79,0,0,0.0000
7619,5412.59,18402.02,0,0,0.0000
7620,4839.32,17844.51,0,0,0.0000
7621,5334.34,18283.16,0,0,0.0000
7622,5317.29,17940.91,0,0,0.0000
7623,5422.60,18267.32,0,0,0.0000
7624,5096.61,17824.99,0,0,0.0000
7625,5310.26,17839.14,0,0,0.0000
7626,5294.02,18365.69,0,0,0.0000
7627,5362.53,18207.64,0,0,0.0000
7628,5091.39,17950.25,0,0,0.0000
7629,4988.23,17818.54,0,0,0.0000
7630,5167.52,18215.35,0,0,0.0000
7631,5069.96,18110.14,0,0,0.0000
7632,5013.77,17953.90,0,0,0.0000
7633,5272.04,17974.32,0,0,0.0000
7634,5108.44,17894.61,0,0,0.0000
7635,5230.32,17830.53,0,0,0.0000
7636,5419.59,17863.23,NaN,NaN,NaN
7637,5212.55,17969.04,0,0,0.0000
7638,4992.24,18063.16,0,0,0.0000
7639,5111.46,18038.73,0,0,0.0000
7640,5337.86,18126.15,0,0,0.0000
7641,5209.27,18067.89,0,0,0.0000
7642,5287.83,18147.41,0,0,0.0000
7643,5169.18,18140.15,0,0,0.0000
7644,5415.22,18477.20,0,0,0.0000
7645,5306.67,18042.09,0,0,0.0000
7646,5180.03,17915.33,0,0,0.0000
7647,5259.75,18222.80,0,0,0.0000
7648,4941.42,18024.47,0,0,0.0000
7649,4906.51,18086.28,0,0,0.0000
7650,5473.03,18481.57,0,0,0.0000
7651,5239.99,18145.24,0,0,0.0000
7652,5422.72,18330.58,0,0,0.0000
7653,5222.60,18264.14,0,0,0.0000
7654,5214.70,18152.32,0,0,0.0000
7655,5351.32,18426.66,0,0,0.0000
7656,5307.09,18092.91,0,0,0.0000
7657,5249.96,18093.48,0,0,0.0000
7658,5237.16,18287.75,0,0,0.0000
7659,4749.95,18665.38,0,0,0.0000
7660,4900.14,18034.72,0,0,0.0000
7661,6249.22,18310.45,NaN,NaN,NaN
7662,6061.16,17968.09,NaN,NaN,NaN
7663,6057.42,18188.72,0,0,0.0000
7664,6087.42,18299.67,2,2,0.0000
7665,6194.23,17897.19,NaN,NaN,NaN
7666,6047.32,18110.26,NaN,NaN,NaN
7667,6175.43,17795.78,NaN,NaN,NaN
7668,6167.55,18621.89,0,0,0.0000
7669,5504.71,18322.88,0,0,0.0000
7670,5980.69,17867.62,0,0,0.0000
7671,5627.73,17795.52,0,0,0.0000
7672,6182.39,18194.92,NaN,NaN,NaN
7673,6133.15,18036.99,0,0,0.0000
7674,6173.92,18475.40,2,3,0.0000
7675,6151.00,17964.48,NaN,NaN,NaN
7676,6204.90,18404.18,NaN,NaN,NaN
7677,5815.99,18231.45,0,0,0.0000
7678,5788.22,18141.88,0,0,0.0000
7679,5877.40,18160.09,0,0,0.0000
7680,6170.28,18266.51,0,0,0.0000
7681,5980.80,18004.58,NaN,NaN,NaN
7682,6140.67,18373.00,NaN,NaN,NaN
7683,5882.46,18213.52,0,0,0.0000
7684,6194.80,18540.94,0,0,0.0000
7685,5531.65,17797.27,NaN,NaN,NaN
7686,5984.69,17934.93,0,0,0.0000
7687,6181.17,18086.85,NaN,NaN,NaN
7688,5869.57,17911.59,0,0,0.0000
7689,6087.90,17850.21,0,0,0.0000
7690,5508.41,18397.45,0,0,0.0000
7691,5945.06,18158.75,NaN,NaN,NaN
7692,6031.60,18352.27,NaN,NaN,NaN
7693,5907.78,17959.02,0,0,0.0000
7694,5769.89,18195.08,0,0,0.0000
7695,6041.58,17808.77,0,0,0.0000
7696,6123.22,18450.73,0,0,0.0000
7697,6051.70,18417.13,NaN,NaN,NaN
7698,6177.59,18123.28,3,5,0.0000
7699,6245.56,18173.14,3,3,0.0000
7700,5951.88,18226.20,NaN,NaN,NaN
7701,5875.55,18271.36,0,0,0.0000
7702,6094.99,18411.39,NaN,NaN,NaN
7703,6223.57,18128.52,3,4,0.0000
7704,6095.38,18621.57,NaN,NaN,NaN
7705,5926.65,17904.21,0,0,0.0000
7706,6284.19,17996.91,NaN,NaN,NaN
7707,6283.86,18087.84,NaN,NaN,NaN
7708,6437.93,18533.53,2,3,0.0000
7709,6352.23,18505.47,2,2,0.0000
7710,6382.73,18400.62,NaN,NaN,NaN
7711,6282.43,18223.34,NaN,NaN,NaN
7712,6381.30,18263.38,NaN,NaN,NaN
7713,6346.72,18577.37,2,2,0.0000
7714,6449.67,18368.89,NaN,NaN,NaN
7715,6344.47,18174.36,4,4,0.0000
7716,6436.53,18264.23,NaN,NaN,NaN
7717,6967.70,17949.43,0,0,0.0000
7718,7017.70,17996.21,NaN,NaN,NaN
7719,6555.47,18464.88,0,0,0.0000
7720,6561.01,18514.91,NaN,NaN,NaN
7721,6278.09,18534.22,NaN,NaN,NaN
7722,6957.34,17896.51,0,0,0.0000
7723,6534.36,18548.65,NaN,NaN,NaN
7724,6849.20,17878.75,2,1,0.0000
7725,6501.14,18423.76,NaN,NaN,NaN
7726,6293.37,18400.98,NaN,NaN,NaN
7727,6849.16,17832.50,NaN,NaN,NaN
7728,6454.70,18442.92,NaN,NaN,NaN
7729,7016.14,17806.71,0,0,0.0000
7730,6986.50,17813.28,NaN,NaN,NaN
7731,7762.98,18216.20,3,3,0.0000
7732,7110.09,17939.40,NaN,NaN,NaN
7733,7745.23,18443.95,0,0,0.0000
7734,7676.53,18014.92,NaN,NaN,NaN
7735,7769.55,17826.95,2,3,0.0000
7736,7727.00,18539.34,NaN,NaN,NaN
7737,7632.72,17929.44,0,0,0.0000
7738,7718.63,18048.33,0,0,0.0000
7739,7100.63,18003.70,0,0,0.0000
7740,7073.63,17826.86,2,3,0.0000
7741,7684.29,18188.83,3,2,0.0000
7742,7590.13,17858.66,NaN,NaN,NaN
7743,7660.17,17888.83,3,4,0.0000
7744,7072.19,17884.92,0,0,0.0000
7745,7678.41,18414.22,0,0,0.0000
7746,7715.35,18243.35,2,0,0.0000
7747,7711.97,18385.52,0,0,0.0000
7748,7775.07,17925.98,2,3,0.0000
7749,7124.64,17802.17,0,0,0.0000
7750,7704.42,18323.94,0,0,0.0000
7751,7130.78,17857.47,NaN,NaN,NaN
7752,7675.33,18092.49,NaN,NaN,NaN
7753,7775.17,18648.40,NaN,NaN,NaN
7754,7641.10,18057.19,2,4,2.0000
7755,8037.32,18427.06,NaN,NaN,NaN
7756,7814.42,17999.98,2,2,0.0000
7757,7977.12,18279.38,NaN,NaN,NaN
7758,7840.13,18629.33,NaN,NaN,NaN
7759,7835.63,18538.79,NaN,NaN,NaN
7760,7818.83,18424.99,NaN,NaN,NaN
7761,7854.09,17920.12,2,3,0.0000
7762,8004.87,18026.67,NaN,NaN,NaN
7763,7975.77,18558.72,0,0,0.0000
7764,8166.34,18295.51,NaN,NaN,NaN
7765,7999.79,18485.65,0,0,0.0000
7766,8137.97,18421.55,NaN,NaN,NaN
7767,8145.93,18354.79,NaN,NaN,NaN
7768,8136.42,18503.43,NaN,NaN,NaN
7769,8066.65,18611.81,0,0,0.0000
7770,8029.10,18204.17,2,3,0.0000
7771,8053.34,17990.78,NaN,NaN,NaN
7772,8002.22,18133.71,NaN,NaN,NaN
7773,7924.98,18103.21,2,1,0.0000
7774,7872.97,18333.03,NaN,NaN,NaN
7775,7961.98,18196.55,3,4,0.0000
7776,7879.91,18258.93,NaN,NaN,NaN
7777,7873.24,18054.98,3,4,0.0000
7778,7996.61,17876.83,0,0,0.0000
7779,8203.34,18609.31,2,3,0.0000
7780,7922.16,18441.67,0,0,0.0000
7781,7906.23,18008.16,4,3,0.0000
7782,7943.95,17975.28,0,0,0.0000
7783,8063.46,18307.78,2,3,0.0000
7784,7940.10,17835.06,0,0,0.0000
7785,7899.61,17848.79,0,0,0.0000
7786,7867.02,18450.00,2,4,2.0000
7787,7867.47,18195.81,NaN,NaN,NaN
7788,7847.72,18141.34,NaN,NaN,NaN
7789,7977.86,17930.49,0,0,0.0000
7790,8126.71,18587.94,NaN,NaN,NaN
7791,8189.27,18652.38,NaN,NaN,NaN
7792,7921.86,18511.85,2,4,2.0000
7793,7818.04,18178.09,NaN,NaN,NaN
7794,8096.44,18291.56,0,0,0.0000
7795,7871.91,18104.39,3,4,0.0000
7796,8085.19,18553.86,0,0,0.0000
7797,7814.47,18113.85,2,3,0.0000
7798,9022.84,18236.95,0,0,0.0000
7799,9313.06,17882.67,0,0,0.0000
7800,8956.82,18044.78,NaN,NaN,NaN
7801,9008.36,17795.84,2,3,0.0000
7802,9143.53,18173.38,0,0,0.0000
7803,8763.39,17858.04,2,2,0.0000
7804,8838.41,18035.18,0,0,0.0000
7805,9183.39,18358.00,0,0,0.0000
7806,9106.51,17991.42,0,0,0.0000
7807,9300.53,18108.75,2,2,0.0000
7808,9108.04,18375.11,0,0,0.0000
7809,9016.73,18573.49,0,0,0.0000
7810,9029.50,18366.86,0,0,0.0000
7811,8941.09,18493.83,0,0,0.0000
7812,9230.15,18578.85,0,0,0.0000
7813,9309.77,18297.74,0,0,0.0000
7814,8888.82,18159.32,0,0,0.0000
7815,9090.92,18484.84,0,0,0.0000
7816,8682.70,18041.76,NaN,NaN,NaN
7817,9029.21,18006.02,0,0,0.0000
7818,9262.84,18363.98,0,0,0.0000
7819,8880.74,18427.43,0,0,0.0000
7820,8590.67,17834.68,NaN,NaN,NaN
7821,9185.52,18502.98,0,0,0.0000
7822,8860.70,17949.24,NaN,NaN,NaN
7823,8642.56,17945.85,NaN,NaN,NaN
7824,8746.64,18031.41,2,2,0.0000
7825,9202.53,18006.91,0,0,0.0000
7826,9231.42,18432.03,0,0,0.0000
7827,9301.19,18442.44,0,0,0.0000
7828,9062.83,18146.45,0,0,0.0000
7829,9328.72,18595.79,0,0,0.0000
7830,8877.91,18498.18,0,0,0.0000
7831,8910.79,17904.70,NaN,NaN,NaN
7832,8990.56,17888.62,0,0,0.0000
7833,9002.76,18126.76,0,0,0.0000
7834,8751.99,17915.84,2,3,0.0000
7835,9258.98,17995.01,0,0,0.0000
7836,8803.73,18289.23,0,0,0.0000
7837,8905.15,18244.19,0,0,0.0000
7838,9154.59,18571.98,0,0,0.0000
7839,9085.66,17899.84,0,0,0.0000
7840,9159.24,17957.55,0,0,0.0000
7841,8730.03,18158.96,0,0,0.0000
7842,9291.25,18542.05,0,0,0.0000
7843,8791.19,18571.04,0,0,0.0000
7844,8825.48,18367.35,NaN,NaN,NaN
7845,8712.87,18207.50,0,0,0.0000
7846,9133.13,18623.48,0,0,0.0000
7847,8784.51,18199.20,0,0,0.0000
7848,9158.31,18280.99,0,0,0.0000
7849,8935.96,18288.21,0,0,0.0000
7850,8882.32,18333.06,0,0,0.0000
7851,8932.55,18570.97,0,0,0.0000
7852,8766.50,17974.49,2,3,0.0000
7853,8926.41,17820.75,2,2,0.0000
7854,8633.57,18102.71,0,0,0.0000
7855,8711.63,18110.64,0,0,0.0000
7856,9028.89,18472.67,0,0,0.0000
7857,8760.19,18097.12,0,0,0.0000
7858,9136.11,18455.36,0,0,0.0000
7859,8900.42,18100.04,NaN,NaN,NaN
7860,9242.59,18268.16,0,0,0.0000
7861,8679.91,18227.83,0,0,0.0000
7862,8993.38,18423.28,0,0,0.0000
7863,9152.60,17881.90,0,0,0.0000
7864,9312.39,18649.43,0,0,0.0000
7865,9041.07,17866.02,NaN,NaN,NaN
7866,9104.75,18588.75,0,0,0.0000
7867,9200.39,18655.51,NaN,NaN,NaN
7868,8872.33,18607.05,0,0,0.0000
7869,8808.28,18519.82,0,0,0.0000
7870,9190.59,17925.39,0,0,0.0000
7871,9299.97,17959.09,0,0,0.0000
7872,9073.01,18080.58,0,0,0.0000
7873,8962.76,18368.12,0,0,0.0000
7874,9264.46,18629.07,0,0,0.0000
7875,9016.55,18178.33,0,0,0.0000
7876,9185.53,18083.48,0,0,0.0000
7877,9209.15,18219.44,0,0,0.0000
7878,9200.28,18456.72,0,0,0.0000
7879,8919.31,18618.34,0,0,0.0000
7880,9493.56,18470.00,NaN,NaN,NaN
7881,9679.33,18644.38,NaN,NaN,NaN
7882,9864.40,18546.25,0,0,0.0000
7883,9841.32,18260.84,0,0,0.0000
7884,9678.42,18548.11,NaN,NaN,NaN
7885,9396.35,18299.89,NaN,NaN,NaN
7886,9366.50,18045.28,0,0,0.0000
7887,9967.58,18491.49,0,0,0.0000
7888,9435.28,17881.56,0,0,0.0000
7889,9812.51,18334.15,0,0,0.0000
7890,10054.92,18443.68,0,0,0.0000
7891,9577.33,18157.17,0,0,0.0000
7892,9623.64,18380.17,0,0,0.0000
7893,9929.75,18627.54,0,0,0.0000
7894,9755.38,18579.32,NaN,NaN,NaN
7895,9635.46,18294.82,0,0,0.0000
7896,9733.10,18445.20,0,0,0.0000
7897,9600.67,18555.18,0,0,0.0000
7898,9361.45,18531.48,0,0,0.0000
7899,9496.99,18574.26,0,0,0.0000
7900,9715.82,18140.45,0,0,0.0000
7901,9478.78,17960.38,0,0,0.0000
7902,9354.91,18647.16,0,0,0.0000
7903,9782.51,18506.91,0,0,0.0000
7904,9555.13,18353.15,0,0,0.0000
7905,9354.27,18436.05,0,0,0.0000
7906,9803.53,18442.74,0,0,0.0000
7907,9514.46,18231.23,0,0,0.0000
7908,9476.49,18071.24,0,0,0.0000
7909,9786.13,18198.43,0,0,0.0000
7910,9840.24,18627.97,0,0,0.0000
7911,9501.10,18164.56,0,0,0.0000
7912,9588.57,18432.73,0,0,0.0000
7913,9639.15,18480.85,0,0,0.0000
7914,9920.35,18550.14,0,0,0.0000
7915,9536.69,18618.79,0,0,0.0000
7916,9839.62,18201.30,0,0,0.0000
7917,9733.08,18370.41,0,0,0.0000
7918,9382.53,17979.71,0,0,0.0000
7919,9595.34,18214.41,0,0,0.0000
7920,10001.13,18557.42,0,0,0.0000
7921,9908.71,18324.95,0,0,0.0000
7922,9643.90,18188.86,0,0,0.0000
7923,9350.39,18238.08,0,0,0.0000
7924,9347.69,17845.92,0,0,0.0000
7925,9523.31,18020.58,0,0,0.0000
7926,9410.77,18133.32,0,0,0.0000
7927,9673.45,18206.41,0,0,0.0000
7928,10053.18,18389.69,0,0,0.0000
7929,9463.76,18291.89,0,0,0.0000
7930,9545.61,17931.55,0,0,0.0000
7931,9708.11,18482.09,0,0,0.0000
7932,10368.12,18359.89,0,0,0.0000
7933,10738.16,18346.15,0,0,0.0000
7934,10481.92,18575.70,0,0,0.0000
7935,10463.48,17838.15,0,0,0.0000
7936,10822.59,18034.69,0,0,0.0000
7937,10298.61,18598.66,0,0,0.0000
7938,10701.87,18222.98,NaN,NaN,NaN
7939,10518.34,18422.68,0,0,0.0000
7940,10588.69,17933.14,0,0,0.0000
7941,10740.67,17980.84,0,0,0.0000
7942,10789.81,18519.42,0,0,0.0000
7943,10777.31,18166.65,0,0,0.0000
7944,10876.98,17866.03,0,0,0.0000
7945,10458.73,17958.85,0,0,0.0000
7946,10814.12,18369.98,0,0,0.0000
7947,10669.74,17807.38,0,0,0.0000
7948,10381.77,17921.28,0,0,0.0000
7949,10403.04,18162.43,0,0,0.0000
7950,10792.98,17884.97,0,0,0.0000
7951,10171.11,18464.73,0,0,0.0000
7952,10329.77,18535.35,0,0,0.0000
7953,10170.21,18569.05,0,0,0.0000
7954,10575.58,18286.52,0,0,0.0000
7955,10665.43,18477.65,0,0,0.0000
7956,10552.01,18058.63,0,0,0.0000
7957,10630.33,18608.81,0,0,0.0000
7958,10578.90,18498.96,0,0,0.0000
7959,10469.21,18181.67,0,0,0.0000
7960,10232.37,18622.26,0,0,0.0000
7961,10638.44,18123.86,0,0,0.0000
7962,10344.60,18075.95,0,0,0.0000
7963,10191.70,18514.20,0,0,0.0000
7964,10319.04,17870.77,0,0,0.0000
7965,10747.63,18092.22,0,0,0.0000
7966,10840.17,18486.31,0,0,0.0000
7967,10630.34,18226.21,0,0,0.0000
7968,10571.10,17839.18,0,0,0.0000
7969,10406.37,18054.80,0,0,0.0000
7970,10577.92,18128.41,0,0,0.0000
7971,10703.11,18139.92,0,0,0.0000
7972,10571.67,18208.96,0,0,0.0000
7973,10623.77,18357.79,0,0,0.0000
7974,10496.23,18037.21,0,0,0.0000
7975,10709.68,18545.27,0,0,0.0000
7976,10354.90,18163.53,0,0,0.0000
7977,10122.42,18423.55,0,0,0.0000
7978,10412.70,18583.82,0,0,0.0000
7979,10456.94,18402.32,0,0,0.0000
7980,10593.83,18054.07,0,0,0.0000
7981,10166.48,18304.13,0,0,0.0000
7982,10516.68,18174.72,0,0,0.0000
7983,10855.97,18309.99,0,0,0.0000
7984,10276.34,18294.69,0,0,0.0000
7985,10626.49,18026.77,0,0,0.0000
7986,10529.08,18121.87,0,0,0.0000
7987,10654.19,18023.01,0,0,0.0000
7988,10325.96,17816.66,0,0,0.0000
7989,10251.51,18239.51,0,0,0.0000
7990,10382.45,18258.91,0,0,0.0000
7991,10625.13,18303.24,0,0,0.0000
7992,10349.64,17956.08,0,0,0.0000
7993,10638.18,17803.64,0,0,0.0000
7994,10874.72,18573.98,0,0,0.0000
7995,10687.58,18364.73,0,0,0.0000
7996,10985.75,18206.04,0,0,0.0000
7997,10904.60,18483.11,0,0,0.0000
7998,11310.85,18555.16,0,0,0.0000
7999,11554.86,18054.45,0,0,0.0000
8000,11234.44,18388.13,NaN,NaN,NaN
8001,11040.04,18573.77,0,0,0.0000
8002,11236.19,17881.38,0,0,0.0000
8003,11554.85,18493.71,0,0,0.0000
8004,11625.80,18336.43,0,0,0.0000
8005,11355.11,18316.39,0,0,0.0000
8006,10962.38,18362.62,0,0,0.0000
8007,11197.04,18182.33,0,0,0.0000
8008,11074.24,18145.68,0,0,0.0000
8009,11437.85,18128.03,NaN,NaN,NaN
8010,11419.79,18369.49,0,0,0.0000
8011,11502.72,17920.88,0,0,0.0000
8012,11596.46,18620.52,0,0,0.0000
8013,11403.46,17955.98,0,0,0.0000
8014,11115.77,18516.61,0,0,0.0000
8015,11445.14,18225.75,0,0,0.0000
8016,11308.51,18436.25,0,0,0.0000
8017,11393.27,18019.41,NaN,NaN,NaN
8018,11075.43,18016.13,0,0,0.0000
8019,11411.93,18498.09,0,0,0.0000
8020,11307.92,18170.95,0,0,0.0000
8021,11308.60,18081.36,0,0,0.0000
8022,11501.40,18270.24,0,0,0.0000
8023,11383.82,17857.47,0,0,0.0000
8024,10958.25,18031.53,0,0,0.0000
8025,11147.68,18126.99,0,0,0.0000
8026,11165.12,17817.49,0,0,0.0000
8027,11230.28,18632.58,0,0,0.0000
8028,10985.99,18091.88,0,0,0.0000
8029,11505.93,18348.71,0,0,0.0000
8030,10918.12,18293.86,0,0,0.0000
8031,11121.18,17899.66,0,0,0.0000
8032,10891.32,18152.46,NaN,NaN,NaN
8033,11439.63,18581.10,0,0,0.0000
8034,11226.37,18565.19,0,0,0.0000
8035,11317.22,18250.67,0,0,0.0000
8036,11182.60,18329.14,0,0,0.0000
8037,10905.73,18024.07,0,0,0.0000
8038,11480.75,18439.21,0,0,0.0000
8039,11093.79,17838.69,0,0,0.0000
8040,11013.16,17833.43,0,0,0.0000
8041,11265.04,17963.93,0,0,0.0000
8042,11158.30,18449.03,0,0,0.0000
8043,11508.98,17852.91,NaN,NaN,NaN
8044,11032.26,18448.01,0,0,0.0000
8045,11587.56,18268.22,0,0,0.0000
8046,11130.17,18616.93,0,0,0.0000
8047,10978.87,18436.43,0,0,0.0000
8048,11622.10,17899.52,0,0,0.0000
8049,11058.84,17933.85,0,0,0.0000
8050,11023.43,18293.04,0,0,0.0000
8051,11398.17,18078.34,0,0,0.0000
8052,10920.15,18631.17,0,0,0.0000
8053,11489.27,17992.71,0,0,0.0000
8054,10906.24,17949.87,0,0,0.0000
8055,11540.51,18199.56,0,0,0.0000
8056,11160.13,18058.53,0,0,0.0000
8057,10962.50,17887.03,0,0,0.0000
8058,11558.24,18393.06,0,0,0.0000
8059,11582.22,17945.53,0,0,0.0000
8060,11372.02,18207.94,0,0,0.0000
8061,11002.00,17927.06,0,0,0.0000
8062,11396.65,18427.37,0,0,0.0000
8063,11603.72,18544.29,0,0,0.0000
8064,11097.87,18404.39,0,0,0.0000
8065,11048.59,18368.39,0,0,0.0000
8066,11636.35,18553.32,0,0,0.0000
8067,11236.76,18252.92,0,0,0.0000
8068,11339.01,17920.04,0,0,0.0000
8069,10939.33,17843.06,0,0,0.0000
8070,11171.43,18002.76,0,0,0.0000
8071,11592.52,18142.33,0,0,0.0000
8072,11233.75,18094.54,0,0,0.0000
8073,11641.23,18253.14,0,0,0.0000
8074,11640.42,18284.70,0,0,0.0000
8075,11245.08,18045.03,0,0,0.0000
8076,10982.77,18623.21,0,0,0.0000
8077,11379.39,18450.53,0,0,0.0000
8078,11305.41,18012.31,0,0,0.0000
8079,11615.69,18101.01,0,0,0.0000
8080,11246.28,18481.91,0,0,0.0000
8081,11766.06,18450.11,0,0,0.0000
8082,11970.74,18476.18,2,3,0.0000
8083,11834.64,18029.81,0,0,0.0000
8084,12169.75,18554.51,3,4,0.0000
8085,11683.61,18207.57,0,0,0.0000
8086,12277.82,18519.78,0,0,0.0000
8087,11720.32,17940.68,0,0,0.0000
8088,11987.08,18388.96,0,0,0.0000
8089,11668.85,18016.14,0,0,0.0000
8090,11832.99,18619.86,0,0,0.0000
8091,11702.26,17858.60,0,0,0.0000
8092,11929.12,18083.19,0,0,0.0000
8093,11785.68,18157.17,0,0,0.0000
8094,11860.21,18492.46,0,0,0.0000
8095,11752.08,18326.50,0,0,0.0000
8096,11821.42,18238.88,0,0,0.0000
8097,11944.11,18216.86,0,0,0.0000
8098,12013.97,18107.49,0,0,0.0000
8099,11925.41,18532.79,0,0,0.0000
8100,11702.62,18520.31,0,0,0.0000
8101,12066.20,18356.68,0,0,0.0000
8102,11753.26,18101.95,0,0,0.0000
8103,11902.64,17864.87,0,0,0.0000
8104,11847.70,18567.71,0,0,0.0000
8105,12116.41,17824.08,0,0,0.0000
8106,11859.67,18411.81,0,0,0.0000
8107,12042.71,18396.98,0,0,0.0000
8108,12164.58,18450.77,0,0,0.0000
8109,11972.51,17886.64,0,0,0.0000
8110,12051.47,18212.83,0,0,0.0000
8111,11735.63,18575.04,0,0,0.0000
8112,12025.69,17823.48,0,0,0.0000
8113,12077.75,17956.21,0,0,0.0000
8114,11684.17,18615.16,0,0,0.0000
8115,11856.41,17884.03,0,0,0.0000
8116,12161.01,18650.62,NaN,NaN,NaN
8117,12094.98,17890.70,0,0,0.0000
8118,11786.56,17892.90,0,0,0.0000
8119,12106.31,18252.70,0,0,0.0000
8120,11966.41,17972.59,0,0,0.0000
8121,12005.38,18268.20,0,0,0.0000
8122,12078.21,18546.24,3,3,0.0000
8123,12004.45,18043.44,0,0,0.0000
8124,11944.56,18007.65,0,0,0.0000
8125,12052.45,18159.09,0,0,0.0000
8126,12139.89,18340.85,0,0,0.0000
8127,12038.62,18007.59,0,0,0.0000
8128,11993.83,18659.90,NaN,NaN,NaN
8129,12076.82,18279.58,0,0,0.0000
8130,12042.58,17970.69,0,0,0.0000
8131,11934.01,18287.24,0,0,0.0000
8132,12090.51,18607.20,5,4,0.0000
8133,12009.64,17867.16,0,0,0.0000
8134,11976.17,18159.84,0,0,0.0000
8135,11898.80,18339.09,0,0,0.0000
8136,11726.15,18065.81,0,0,0.0000
8137,12204.49,18461.34,0,0,0.0000
8138,11829.21,18366.50,0,0,0.0000
8139,11954.41,18624.17,0,0,0.0000
8140,11850.25,18313.72,0,0,0.0000
8141,11815.72,18303.60,0,0,0.0000
8142,12128.58,17930.99,0,0,0.0000
8143,12150.05,18295.65,0,0,0.0000
8144,11865.89,18259.79,0,0,0.0000
8145,11653.17,18498.65,0,0,0.0000
8146,11867.26,18162.89,0,0,0.0000
8147,13096.07,18300.00,0,0,0.0000
8148,13182.09,18271.80,NaN,NaN,NaN
8149,12898.39,18483.71,0,0,0.0000
8150,12980.46,18641.07,0,0,0.0000
8151,12835.67,18355.96,0,0,0.0000
8152,13132.52,18375.61,0,0,0.0000
8153,12751.48,18322.27,0,0,0.0000
8154,12864.66,18429.34,0,0,0.0000
8155,12683.95,18137.40,0,0,0.0000
8156,13761.61,18637.71,0,0,0.0000
8157,13188.84,18219.97,NaN,NaN,NaN
8158,13898.99,17897.86,0,0,0.0000
8159,13185.94,18325.52,0,0,0.0000
8160,13209.08,18383.53,0,0,0.0000
8161,13940.72,17852.25,0,0,0.0000
8162,13703.34,18640.52,0,0,0.0000
8163,13851.44,17853.03,0,0,0.0000
8164,13831.23,17823.58,0,0,0.0000
8165,13854.34,18518.97,0,0,0.0000
8166,13584.61,18629.91,0,0,0.0000
8167,13655.77,18616.26,0,0,0.0000
8168,13880.73,17822.75,0,0,0.0000
8169,14515.96,18030.82,0,0,0.0000
8170,14612.51,18205.26,NaN,NaN,NaN
8171,14671.44,18560.96,0,0,0.0000
8172,14709.87,18469.03,NaN,NaN,NaN
8173,14702.32,18211.43,NaN,NaN,NaN
8174,14640.22,18277.71,2,2,0.0000
8175,14684.87,18336.72,2,2,0.0000
8176,14655.54,17833.65,0,0,0.0000
8177,14432.25,18409.63,NaN,NaN,NaN
8178,14551.00,17860.46,0,0,0.0000
8179,14620.24,18103.99,0,0,0.0000
8180,14662.30,17929.55,0,0,0.0000
8181,14339.22,18589.49,0,0,0.0000
8182,14369.69,18648.07,0,0,0.0000
8183,14262.89,18552.87,0,0,0.0000
8184,14334.92,18429.30,NaN,NaN,NaN
8185,14666.53,18133.94,0,0,0.0000
8186,14403.04,18570.88,0,0,0.0000
8187,14471.78,18642.04,0,0,0.0000
8188,14504.51,17943.46,0,0,0.0000
8189,14631.32,18416.75,0,0,0.0000
8190,14399.32,18502.99,NaN,NaN,NaN
8191,14646.20,18483.10,0,0,0.0000
8192,14479.87,18547.85,NaN,NaN,NaN
8193,14496.45,17845.01,0,0,0.0000
8194,14470.46,18463.74,0,0,0.0000
8195,14613.34,18004.33,0,0,0.0000
8196,14456.07,18340.79,0,0,0.0000
8197,14600.90,17895.95,0,0,0.0000
8198,14603.89,18602.28,NaN,NaN,NaN
8199,14538.17,18461.10,0,0,0.0000
8200,14400.24,18288.61,NaN,NaN,NaN
8201,14214.06,18605.44,0,0,0.0000
8202,14683.91,18011.12,0,0,0.0000
8203,14324.28,18504.89,0,0,0.0000
8204,14630.26,18033.69,0,0,0.0000
8205,14594.68,18335.35,0,0,0.0000
8206,13969.31,17887.32,0,0,0.0000
8207,14520.02,18632.87,NaN,NaN,NaN
8208,14254.19,18590.91,0,0,0.0000
8209,13997.07,17879.50,0,0,0.0000
8210,14569.87,18400.55,0,0,0.0000
8211,14475.95,17904.70,0,0,0.0000
8212,15195.54,18198.43,0,0,0.0000
8213,14809.67,18542.20,NaN,NaN,NaN
8214,15310.82,17979.79,NaN,NaN,NaN
8215,14979.91,18187.91,NaN,NaN,NaN
8216,14961.78,18058.01,0,0,0.0000
8217,14738.88,17827.03,0,0,0.0000
8218,14968.27,18563.03,0,0,0.0000
8219,15041.83,18607.02,0,0,0.0000
8220,15241.79,18077.44,0,0,0.0000
8221,14831.84,18274.24,0,0,0.0000
8222,14768.27,17918.75,NaN,NaN,NaN
8223,14848.04,17963.44,NaN,NaN,NaN
8224,15061.52,18049.11,NaN,NaN,NaN
8225,15113.10,18423.30,0,0,0.0000
8226,15326.08,18534.50,NaN,NaN,NaN
8227,15183.05,18495.15,NaN,NaN,NaN
8228,15402.50,18199.71,0,0,0.0000
8229,15327.50,18219.94,3,4,0.0000
8230,14767.94,18046.29,NaN,NaN,NaN
8231,15103.71,18547.06,3,3,0.0000
8232,15210.43,18405.24,NaN,NaN,NaN
8233,14826.30,18166.48,NaN,NaN,NaN
8234,15172.29,18305.87,NaN,NaN,NaN
8235,14891.23,18514.02,NaN,NaN,NaN
8236,15286.80,18279.28,NaN,NaN,NaN
8237,15445.09,17959.85,NaN,NaN,NaN
8238,14757.11,18381.53,NaN,NaN,NaN
8239,14754.63,18224.74,NaN,NaN,NaN
8240,15289.61,18400.15,2,4,2.0000
8241,14902.50,18619.40,NaN,NaN,NaN
8242,15158.82,17916.07,NaN,NaN,NaN
8243,15088.79,18187.17,0,0,0.0000
8244,14954.86,18401.24,0,0,0.0000
8245,14930.48,18207.53,NaN,NaN,NaN
8246,14732.19,18630.72,4,3,0.0000
8247,15358.34,18361.57,0,0,0.0000
8248,15413.35,18446.08,NaN,NaN,NaN
8249,15226.17,17910.95,NaN,NaN,NaN
8250,14732.52,18120.41,0,0,0.0000
8251,15369.96,18086.70,NaN,NaN,NaN
8252,15042.54,18134.01,NaN,NaN,NaN
8253,15221.73,17988.56,0,0,0.0000
8254,15428.95,18330.16,0,0,0.0000
8255,15418.48,17822.41,0,0,0.0000
8256,15071.68,18329.33,NaN,NaN,NaN
8257,15035.00,18412.99,0,0,0.0000
8258,15423.00,18094.20,NaN,NaN,NaN
8259,15095.40,18257.61,0,0,0.0000
8260,15444.10,18417.97,3,3,0.0000
8261,14834.14,18088.31,NaN,NaN,NaN
8262,15275.09,18571.32,0,0,0.0000
8263,15190.46,17821.49,NaN,NaN,NaN
8264,15275.57,17826.55,0,0,0.0000
8265,15126.14,18335.85,NaN,NaN,NaN
8266,15323.22,18151.30,2,1,0.0000
8267,15403.75,18010.37,NaN,NaN,NaN
8268,15080.50,18483.32,NaN,NaN,NaN
8269,15382.38,17910.72,NaN,NaN,NaN
8270,15416.63,18514.57,0,0,0.0000
8271,15187.91,18602.21,3,1,0.0000
8272,14810.19,17810.85,0,0,0.0000
8273,15485.10,18497.09,3,3,0.0000
8274,14856.90,17806.08,0,0,0.0000
8275,15226.96,18558.86,2,2,0.0000
8276,14897.90,17887.21,NaN,NaN,NaN
8277,14761.52,18303.68,2,1,0.0000
8278,14924.04,18290.38,NaN,NaN,NaN
8279,14812.88,18644.91,NaN,NaN,NaN
8280,14962.68,18267.54,4,4,0.0000
8281,15166.17,18007.61,NaN,NaN,NaN
8282,15461.00,18037.32,0,0,0.0000
8283,15375.66,18486.12,NaN,NaN,NaN
8284,15028.75,18487.94,2,3,0.0000
8285,15472.72,18402.12,0,0,0.0000
8286,14983.22,18481.96,0,0,0.0000
8287,14906.64,18005.95,0,0,0.0000
8288,15106.74,17884.96,NaN,NaN,NaN
8289,15107.34,17949.12,NaN,NaN,NaN
8290,15137.03,18051.16,0,0,0.0000
8291,15436.70,18141.56,0,0,0.0000
8292,15088.94,17811.44,0,0,0.0000
8293,15492.82,18564.55,0,0,0.0000
8294,16196.53,18004.17,NaN,NaN,NaN
8295,16012.41,17855.57,NaN,NaN,NaN
8296,16130.06,17896.77,NaN,NaN,NaN
8297,15936.03,17843.99,0,0,0.0000
8298,16073.23,18011.24,4,5,0.0000
8299,16067.84,17817.11,0,0,0.0000
8300,16040.34,17938.45,0,0,0.0000
8301,16234.45,17839.64,0,0,0.0000
8302,16077.39,17899.40,NaN,NaN,NaN
8303,16152.11,17953.76,NaN,NaN,NaN
8304,16231.68,17955.96,NaN,NaN,NaN
8305,16138.51,17991.43,2,5,2.5000
8306,17011.35,17884.09,0,0,0.0000
8307,16763.65,17937.77,2,3,0.0000
8308,16335.19,17932.05,0,0,0.0000
8309,16542.11,17950.01,NaN,NaN,NaN
8310,16678.22,17800.20,NaN,NaN,NaN
8311,16875.43,17925.06,NaN,NaN,NaN
8312,16687.08,17973.93,NaN,NaN,NaN
8313,16565.27,17829.31,NaN,NaN,NaN
8314,16920.62,17869.24,3,6,2.0000
8315,16684.86,17905.67,NaN,NaN,NaN
8316,16298.49,17871.09,0,0,0.0000
8317,16478.46,17934.52,0,0,0.0000
8318,16441.21,17793.77,NaN,NaN,NaN
8319,16622.63,17878.50,0,0,0.0000
8320,16425.93,17876.91,0,0,0.0000
8321,16604.92,17997.81,2,2,0.0000
8322,16933.30,17941.78,0,0,0.0000
8323,16637.77,18019.95,0,0,0.0000
8324,16830.31,17846.87,2,4,2.0000
8325,16429.31,17946.89,0,0,0.0000
8326,16288.97,17817.51,0,0,0.0000
8327,16281.57,17835.27,0,0,0.0000
8328,17147.95,17810.37,0,0,0.0000
8329,17085.04,17839.12,0,0,0.0000
8330,18460.94,18389.95,2,6,3.0000
8331,18587.51,18559.78,2,8,4.0000
8332,18580.64,18412.05,NaN,NaN,NaN
8333,18371.26,18241.23,2,3,0.0000
8334,18508.94,18496.49,3,5,0.0000
8335,18334.22,18313.20,0,0,0.0000
8336,18106.55,18377.25,NaN,NaN,NaN
8337,18644.53,18489.88,0,0,0.0000
8338,18328.85,18569.31,NaN,NaN,NaN
8339,18487.64,18267.52,NaN,NaN,NaN
8340,18361.57,18385.99,NaN,NaN,NaN
8341,18155.68,18302.23,2,1,0.0000
8342,18386.49,18426.62,NaN,NaN,NaN
8343,18428.69,18293.13,NaN,NaN,NaN
8344,18368.25,18480.44,NaN,NaN,NaN
