t_s,rss_gb,cuda_alloc_gb,cuda_reserved_gb
0.0,0.621,0.0,0.0
0.51,2.716,0.0,0.0
1.02,3.132,0.0,0.0
1.52,3.71,0.0,0.0
2.03,4.138,0.0,0.0
2.53,4.761,0.0,0.0
3.04,5.213,0.0,0.0
3.54,5.317,0.0,0.0
4.05,6.734,0.0,0.0
4.55,6.277,0.0,0.0
5.06,5.493,0.0,0.0
5.56,6.982,0.0,0.0
6.07,7.511,0.0,0.0
6.57,7.79,0.0,0.0
7.08,8.042,0.0,0.0
7.58,8.029,0.0,0.0
8.09,8.289,0.0,0.0
8.6,8.643,0.0,0.0
9.1,9.481,0.0,0.0
9.61,9.525,0.0,0.0
10.11,9.979,0.0,0.0
10.62,10.036,0.0,0.0
11.12,10.031,0.0,0.0
11.63,9.997,0.0,0.0
12.13,9.995,0.0,0.0
12.64,10.14,0.0,0.0
13.14,10.164,0.0,0.0
13.65,10.09,0.0,0.0
14.15,10.055,0.0,0.0
14.66,10.099,0.0,0.0
15.16,10.206,0.0,0.0
15.67,10.261,0.0,0.0
16.18,10.144,0.0,0.0
16.68,10.155,0.0,0.0
17.19,10.322,0.0,0.0
17.69,10.334,0.0,0.0
18.2,10.229,0.0,0.0
18.7,10.244,0.0,0.0
19.21,10.222,0.0,0.0
19.71,10.268,0.0,0.0
20.22,10.269,0.0,0.0
20.72,10.304,0.0,0.0
21.23,10.304,0.0,0.0
21.73,10.708,0.0,0.0
22.23,10.721,0.0,0.0
22.74,10.965,0.0,0.0
23.24,11.201,0.0,0.0
23.75,11.183,0.0,0.0
24.26,11.187,0.0,0.0
24.76,11.196,0.0,0.0
25.27,11.217,0.0,0.0
25.77,11.384,0.0,0.0
26.28,11.381,0.0,0.0
26.78,11.671,0.0,0.0
27.29,11.691,0.0,0.0
27.79,12.09,0.0,0.0
28.3,12.124,0.0,0.0
28.8,12.159,0.0,0.0
29.31,12.231,0.0,0.0
29.81,12.211,0.0,0.0
30.32,12.149,0.0,0.0
30.82,12.153,0.0,0.0
31.33,12.107,0.0,0.0
31.83,12.146,0.0,0.0
32.34,12.265,0.0,0.0
32.84,12.097,0.0,0.0
33.35,12.136,0.0,0.0
33.85,12.141,0.0,0.0
34.36,12.131,0.0,0.0
34.86,12.135,0.0,0.0
35.37,12.156,0.0,0.0
35.88,12.145,0.0,0.0
36.38,12.169,0.0,0.0
36.89,12.184,0.0,0.0
37.39,12.18,0.0,0.0
37.9,12.202,0.0,0.0
38.4,12.206,0.0,0.0
38.9,12.197,0.0,0.0
39.41,12.213,0.0,0.0
39.91,12.215,0.0,0.0
40.42,12.237,0.0,0.0
40.92,12.22,0.0,0.0
41.43,12.241,0.0,0.0
41.93,12.248,0.0,0.0
42.43,12.243,0.0,0.0
42.94,12.24,0.0,0.0
43.44,12.236,0.0,0.0
43.95,12.231,0.0,0.0
44.45,12.238,0.0,0.0
44.96,12.269,0.0,0.0
45.47,12.261,0.0,0.0
45.97,12.265,0.0,0.0
46.48,12.278,0.0,0.0
46.99,12.29,0.0,0.0
47.49,12.307,0.0,0.0
48.0,12.311,0.0,0.0
48.51,12.311,0.0,0.0
49.02,12.323,0.0,0.0
49.52,12.313,0.0,0.0
50.02,12.489,0.0,0.0
50.53,12.36,0.0,0.0
51.03,12.324,0.0,0.0
51.54,12.329,0.0,0.0
52.04,12.307,0.0,0.0
52.55,12.313,0.0,0.0
53.05,12.313,0.0,0.0
53.56,12.324,0.0,0.0
54.06,12.304,0.0,0.0
54.57,12.325,0.0,0.0
55.07,12.333,0.0,0.0
55.58,12.425,0.0,0.0
56.08,12.345,0.0,0.0
56.59,12.324,0.0,0.0
57.09,12.316,0.0,0.0
57.6,12.322,0.0,0.0
58.1,12.326,0.0,0.0
58.61,12.333,0.0,0.0
59.11,12.339,0.0,0.0
59.61,12.348,0.0,0.0
60.12,12.345,0.0,0.0
60.62,12.38,0.0,0.0
61.13,12.44,0.0,0.0
61.63,12.417,0.0,0.0
62.14,12.415,0.0,0.0
62.65,12.407,0.0,0.0
63.15,12.4,0.0,0.0
63.66,12.411,0.0,0.0
64.16,12.413,0.0,0.0
64.67,12.399,0.0,0.0
65.17,12.414,0.0,0.0
65.68,12.439,0.0,0.0
66.19,12.441,0.0,0.0
66.69,12.538,0.0,0.0
67.19,12.545,0.0,0.0
67.7,12.465,0.0,0.0
68.2,12.459,0.0,0.0
68.71,12.459,0.0,0.0
69.21,12.453,0.0,0.0
69.72,12.46,0.0,0.0
70.22,12.463,0.0,0.0
70.73,12.466,0.0,0.0
71.24,12.474,0.0,0.0
71.74,12.474,0.0,0.0
72.25,12.462,0.0,0.0
72.75,12.491,0.0,0.0
73.26,12.496,0.0,0.0
73.76,12.496,0.0,0.0
74.26,12.502,0.0,0.0
74.77,12.5,0.0,0.0
75.28,12.486,0.0,0.0
75.79,12.507,0.0,0.0
76.29,12.581,0.0,0.0
76.8,12.532,0.0,0.0
77.3,12.585,0.0,0.0
77.81,12.709,0.0,0.0
78.31,12.56,0.0,0.0
78.82,12.54,0.0,0.0
79.32,12.554,0.0,0.0
79.83,12.559,0.0,0.0
80.34,12.557,0.0,0.0
80.85,12.563,0.0,0.0
81.35,12.684,0.0,0.0
81.86,12.583,0.0,0.0
82.36,12.561,0.0,0.0
82.86,12.57,0.0,0.0
83.37,12.565,0.0,0.0
83.88,12.577,0.0,0.0
84.38,12.577,0.0,0.0
84.89,12.581,0.0,0.0
85.39,12.583,0.0,0.0
85.9,12.593,0.0,0.0
86.4,12.593,0.0,0.0
86.9,12.603,0.0,0.0
87.41,12.598,0.0,0.0
87.91,12.601,0.0,0.0
88.42,12.599,0.0,0.0
88.92,12.609,0.0,0.0
89.43,12.623,0.0,0.0
89.94,12.618,0.0,0.0
90.44,12.659,0.0,0.0
90.94,12.711,0.0,0.0
91.45,12.691,0.0,0.0
91.95,12.657,0.0,0.0
92.46,12.67,0.0,0.0
92.96,12.682,0.0,0.0
93.47,12.675,0.0,0.0
93.97,12.678,0.0,0.0
94.48,12.689,0.0,0.0
94.98,12.695,0.0,0.0
95.49,12.693,0.0,0.0
95.99,12.711,0.0,0.0
96.5,12.72,0.0,0.0
97.0,12.983,0.0,0.0
97.5,12.971,0.0,0.0
98.01,12.857,0.0,0.0
98.52,12.689,0.0,0.0
99.02,12.689,0.0,0.0
99.53,12.687,0.0,0.0
100.03,12.697,0.0,0.0
100.54,12.694,0.0,0.0
101.04,12.764,0.0,0.0
101.55,12.933,0.0,0.0
102.05,13.013,0.0,0.0
102.56,12.965,0.0,0.0
103.06,12.838,0.0,0.0
103.57,12.83,0.0,0.0
104.07,12.737,0.0,0.0
104.58,12.744,0.0,0.0
105.08,12.741,0.0,0.0
105.59,12.741,0.0,0.0
106.09,12.83,0.0,0.0
106.6,12.75,0.0,0.0
107.1,12.761,0.0,0.0
107.61,12.767,0.0,0.0
108.11,12.761,0.0,0.0
108.62,12.777,0.0,0.0
109.12,12.782,0.0,0.0
109.63,12.789,0.0,0.0
110.13,12.786,0.0,0.0
110.64,12.794,0.0,0.0
111.14,12.786,0.0,0.0
111.65,12.785,0.0,0.0
112.15,12.799,0.0,0.0
112.66,12.816,0.0,0.0
113.17,12.827,0.0,0.0
113.67,12.836,0.0,0.0
114.18,12.837,0.0,0.0
114.69,12.831,0.0,0.0
115.19,12.835,0.0,0.0
115.7,12.836,0.0,0.0
116.2,12.846,0.0,0.0
116.71,12.844,0.0,0.0
117.21,12.838,0.0,0.0
117.71,12.851,0.0,0.0
118.22,12.854,0.0,0.0
118.73,12.859,0.0,0.0
119.23,12.851,0.0,0.0
119.74,12.867,0.0,0.0
120.24,12.934,0.0,0.0
120.75,12.861,0.0,0.0
121.25,12.864,0.0,0.0
121.75,12.891,0.0,0.0
122.26,13.227,0.0,0.0
122.77,13.232,0.0,0.0
123.27,12.98,0.0,0.0
123.77,12.91,0.0,0.0
124.28,12.9,0.0,0.0
124.79,13.092,0.0,0.0
125.29,13.014,0.0,0.0
125.8,12.909,0.0,0.0
126.3,13.076,0.0,0.0
126.81,13.15,0.0,0.0
127.31,13.198,0.0,0.0
127.82,13.32,0.0,0.0
128.32,13.322,0.0,0.0
128.83,13.158,0.0,0.0
129.33,13.079,0.0,0.0
129.84,13.005,0.0,0.0
130.34,13.007,0.0,0.0
130.85,13.001,0.0,0.0
131.35,13.007,0.0,0.0
131.86,13.001,0.0,0.0
132.36,13.01,0.0,0.0
132.87,13.007,0.0,0.0
133.37,13.02,0.0,0.0
133.88,13.006,0.0,0.0
134.38,13.016,0.0,0.0
134.89,13.016,0.0,0.0
135.39,13.025,0.0,0.0
135.89,13.019,0.0,0.0
136.4,13.022,0.0,0.0
136.9,13.019,0.0,0.0
137.41,13.038,0.0,0.0
137.91,13.032,0.0,0.0
138.41,13.035,0.0,0.0
138.92,13.037,0.0,0.0
139.42,13.051,0.0,0.0
139.93,13.052,0.0,0.0
140.43,13.056,0.0,0.0
140.94,13.064,0.0,0.0
141.44,13.059,0.0,0.0
141.95,13.06,0.0,0.0
142.45,13.061,0.0,0.0
142.96,13.064,0.0,0.0
143.46,13.067,0.0,0.0
143.97,13.064,0.0,0.0
144.48,13.084,0.0,0.0
144.99,13.082,0.0,0.0
145.49,13.082,0.0,0.0
146.0,13.075,0.0,0.0
146.5,13.082,0.0,0.0
147.01,13.095,0.0,0.0
147.52,13.095,0.0,0.0
148.02,13.095,0.0,0.0
148.53,13.104,0.0,0.0
149.04,13.229,0.0,0.0
149.55,13.42,0.0,0.0
150.05,13.323,0.0,0.0
150.56,13.39,0.0,0.0
151.06,13.361,0.0,0.0
151.57,13.476,0.0,0.0
152.07,13.286,0.0,0.0
152.58,13.35,0.0,0.0
153.08,13.322,0.0,0.0
153.59,13.26,0.0,0.0
154.09,13.298,0.0,0.0
154.6,13.411,0.0,0.0
155.1,13.405,0.0,0.0
155.61,13.602,0.0,0.0
156.11,13.413,0.0,0.0
156.62,13.486,0.0,0.0
157.12,13.335,0.0,0.0
157.63,13.288,0.0,0.0
158.13,13.295,0.0,0.0
158.64,13.103,0.0,0.0
159.14,13.202,0.0,0.0
159.65,13.183,0.0,0.0
160.16,13.111,0.0,0.0
160.66,13.105,0.0,0.0
161.17,13.123,0.0,0.0
161.67,13.129,0.0,0.0
162.18,13.126,0.0,0.0
162.69,13.122,0.0,0.0
163.2,13.125,0.0,0.0
163.71,13.123,0.0,0.0
164.21,13.13,0.0,0.0
164.71,13.14,0.0,0.0
165.22,13.149,0.0,0.0
165.72,13.155,0.0,0.0
166.23,13.161,0.0,0.0
166.73,13.184,0.0,0.0
167.24,13.178,0.0,0.0
167.74,13.177,0.0,0.0
168.25,13.18,0.0,0.0
168.75,13.2,0.0,0.0
169.26,13.196,0.0,0.0
169.76,13.197,0.0,0.0
170.27,13.192,0.0,0.0
170.77,13.201,0.0,0.0
171.28,13.209,0.0,0.0
171.78,13.222,0.0,0.0
172.29,13.23,0.0,0.0
172.79,13.233,0.0,0.0
173.3,13.221,0.0,0.0
173.8,13.23,0.0,0.0
174.31,13.233,0.0,0.0
174.81,13.445,0.0,0.0
175.32,13.219,0.0,0.0
175.82,13.217,0.0,0.0
176.33,13.217,0.0,0.0
176.83,13.441,0.0,0.0
177.34,13.466,0.0,0.0
177.85,13.619,0.0,0.0
178.35,13.593,0.0,0.0
178.86,13.687,0.0,0.0
179.37,13.777,0.0,0.0
179.87,13.597,0.0,0.0
180.38,13.824,0.0,0.0
180.88,13.359,0.0,0.0
181.39,13.633,0.0,0.0
181.89,13.67,0.0,0.0
182.4,13.612,0.0,0.0
182.9,13.649,0.0,0.0
183.41,13.653,0.0,0.0
183.92,13.692,0.0,0.0
184.42,13.531,0.0,0.0
184.93,13.686,0.0,0.0
185.43,13.433,0.0,0.0
185.94,13.636,0.0,0.0
186.44,13.711,0.0,0.0
186.95,13.387,0.0,0.0
187.45,13.293,0.0,0.0
187.96,13.562,0.0,0.0
188.46,13.606,0.0,0.0
188.97,13.339,0.0,0.0
189.48,13.301,0.0,0.0
189.98,13.307,0.0,0.0
190.49,13.301,0.0,0.0
190.99,13.432,0.0,0.0
191.5,13.263,0.0,0.0
192.0,13.256,0.0,0.0
192.51,13.259,0.0,0.0
193.01,13.269,0.0,0.0
193.52,13.272,0.0,0.0
194.03,13.269,0.0,0.0
194.53,13.263,0.0,0.0
195.04,13.273,0.0,0.0
195.54,13.279,0.0,0.0
196.05,13.282,0.0,0.0
196.55,13.295,0.0,0.0
197.06,13.283,0.0,0.0
197.56,13.375,0.0,0.0
198.07,13.445,0.0,0.0
198.57,13.305,0.0,0.0
199.08,13.308,0.0,0.0
199.58,13.302,0.0,0.0
200.09,13.311,0.0,0.0
200.59,13.321,0.0,0.0
201.1,13.324,0.0,0.0
201.6,13.328,0.0,0.0
202.1,13.52,0.0,0.0
202.61,13.414,0.0,0.0
203.11,13.346,0.0,0.0
203.62,13.346,0.0,0.0
204.12,13.51,0.0,0.0
204.63,13.444,0.0,0.0
205.13,13.465,0.0,0.0
205.64,13.561,0.0,0.0
206.14,13.768,0.0,0.0
206.65,13.881,0.0,0.0
207.15,13.763,0.0,0.0
207.66,13.801,0.0,0.0
208.16,13.521,0.0,0.0
208.67,13.781,0.0,0.0
209.17,13.506,0.0,0.0
209.68,13.67,0.0,0.0
210.19,13.387,0.0,0.0
210.69,13.673,0.0,0.0
211.2,13.791,0.0,0.0
211.7,13.837,0.0,0.0
212.21,13.756,0.0,0.0
212.71,13.841,0.0,0.0
213.22,13.764,0.0,0.0
213.72,13.883,0.0,0.0
214.23,13.755,0.0,0.0
214.73,13.663,0.0,0.0
215.24,13.671,0.0,0.0
215.74,13.695,0.0,0.0
216.25,13.62,0.0,0.0
216.76,13.67,0.0,0.0
217.26,13.44,0.0,0.0
217.77,13.452,0.0,0.0
218.27,13.453,0.0,0.0
218.78,13.446,0.0,0.0
219.28,13.603,0.0,0.0
219.79,13.746,0.0,0.0
220.29,13.686,0.0,0.0
220.8,13.517,0.0,0.0
221.3,13.77,0.0,0.0
221.81,13.688,0.0,0.0
222.31,13.809,0.0,0.0
222.82,13.743,0.0,0.0
223.32,13.577,0.0,0.0
223.83,13.819,0.0,0.0
224.33,13.836,0.0,0.0
224.84,13.775,0.0,0.0
225.34,13.724,0.0,0.0
225.85,13.791,0.0,0.0
226.35,13.715,0.0,0.0
226.86,13.811,0.0,0.0
227.37,13.629,0.0,0.0
227.87,13.713,0.0,0.0
228.38,13.895,0.0,0.0
228.88,13.848,0.0,0.0
229.39,14.008,0.0,0.0
229.89,13.737,0.0,0.0
230.4,13.876,0.0,0.0
230.9,14.021,0.0,0.0
231.41,13.87,0.0,0.0
231.91,13.838,0.0,0.0
232.42,13.846,0.0,0.0
232.92,13.902,0.0,0.0
233.43,13.862,0.0,0.0
233.94,13.953,0.0,0.0
234.44,13.972,0.0,0.0
234.95,13.789,0.0,0.0
235.45,13.621,0.0,0.0
235.95,13.624,0.0,0.0
236.46,13.627,0.0,0.0
236.97,13.627,0.0,0.0
237.47,13.628,0.0,0.0
237.97,13.628,0.0,0.0
238.48,13.628,0.0,0.0
238.99,13.629,0.0,0.0
239.49,13.633,0.0,0.0
240.0,13.633,0.0,0.0
240.5,13.626,0.0,0.0
241.01,13.635,0.0,0.0
241.51,13.636,0.0,0.0
242.02,13.633,0.0,0.0
242.52,13.633,0.0,0.0
243.03,13.639,0.0,0.0
243.54,13.647,0.0,0.0
244.05,13.653,0.0,0.0
244.56,13.653,0.0,0.0
245.06,13.653,0.0,0.0
245.57,13.746,0.0,0.0
246.08,13.855,0.0,0.0
246.58,13.945,0.0,0.0
247.09,13.809,0.0,0.0
247.59,13.616,0.0,0.0
248.1,13.833,0.0,0.0
248.6,13.78,0.0,0.0
249.11,13.9,0.0,0.0
249.61,13.904,0.0,0.0
250.12,13.924,0.0,0.0
250.62,13.832,0.0,0.0
251.13,14.035,0.0,0.0
251.63,13.915,0.0,0.0
252.14,13.759,0.0,0.0
252.64,14.075,0.0,0.0
253.15,14.08,0.0,0.0
253.66,14.019,0.0,0.0
254.16,13.833,0.0,0.0
254.67,14.111,0.0,0.0
255.17,14.025,0.0,0.0
255.68,14.083,0.0,0.0
256.18,14.059,0.0,0.0
256.69,14.03,0.0,0.0
257.19,14.038,0.0,0.0
257.7,13.946,0.0,0.0
258.2,14.07,0.0,0.0
258.71,13.974,0.0,0.0
259.21,13.958,0.0,0.0
259.72,13.858,0.0,0.0
260.22,13.982,0.0,0.0
260.73,13.888,0.0,0.0
261.23,13.989,0.0,0.0
261.74,13.825,0.0,0.0
262.25,13.941,0.0,0.0
262.75,13.785,0.0,0.0
263.26,13.711,0.0,0.0
263.76,13.711,0.0,0.0
264.27,13.715,0.0,0.0
264.78,13.712,0.0,0.0
265.28,13.712,0.0,0.0
265.79,13.715,0.0,0.0
266.29,13.715,0.0,0.0
266.8,13.718,0.0,0.0
267.31,13.718,0.0,0.0
267.81,13.718,0.0,0.0
268.32,13.718,0.0,0.0
268.82,13.718,0.0,0.0
269.33,13.718,0.0,0.0
269.83,13.721,0.0,0.0
270.34,13.721,0.0,0.0
270.84,13.721,0.0,0.0
271.35,13.724,0.0,0.0
271.85,13.727,0.0,0.0
272.36,13.721,0.0,0.0
272.87,13.727,0.0,0.0
273.38,13.727,0.0,0.0
273.89,13.731,0.0,0.0
274.4,13.734,0.0,0.0
274.9,13.736,0.0,0.0
275.41,13.736,0.0,0.0
275.91,13.739,0.0,0.0
276.42,13.781,0.0,0.0
276.92,14.035,0.0,0.0
277.43,14.056,0.0,0.0
277.93,13.813,0.0,0.0
278.44,14.032,0.0,0.0
278.95,13.905,0.0,0.0
279.45,13.859,0.0,0.0
279.96,14.008,0.0,0.0
280.47,14.22,0.0,0.0
280.97,14.112,0.0,0.0
281.48,14.108,0.0,0.0
281.98,14.184,0.0,0.0
282.49,13.976,0.0,0.0
282.99,13.992,0.0,0.0
283.5,14.078,0.0,0.0
284.0,14.025,0.0,0.0
284.51,14.063,0.0,0.0
285.01,14.12,0.0,0.0
285.52,14.157,0.0,0.0
286.02,13.816,0.0,0.0
286.53,13.991,0.0,0.0
287.03,14.214,0.0,0.0
287.54,14.082,0.0,0.0
288.04,14.052,0.0,0.0
288.55,14.097,0.0,0.0
289.06,14.255,0.0,0.0
289.57,14.155,0.0,0.0
290.07,14.226,0.0,0.0
290.57,14.167,0.0,0.0
291.08,14.218,0.0,0.0
291.59,14.126,0.0,0.0
292.09,13.978,0.0,0.0
292.6,14.075,0.0,0.0
293.1,13.971,0.0,0.0
293.61,13.882,0.0,0.0
294.11,13.885,0.0,0.0
294.62,13.885,0.0,0.0
295.12,13.886,0.0,0.0
295.63,13.886,0.0,0.0
296.13,13.89,0.0,0.0
296.64,13.89,0.0,0.0
297.14,13.893,0.0,0.0
297.65,13.896,0.0,0.0
298.15,13.89,0.0,0.0
298.66,13.896,0.0,0.0
299.17,13.969,0.0,0.0
299.67,14.224,0.0,0.0
300.18,14.134,0.0,0.0
300.69,14.068,0.0,0.0
301.19,14.186,0.0,0.0
301.7,13.987,0.0,0.0
302.2,14.228,0.0,0.0
302.71,14.182,0.0,0.0
303.21,14.163,0.0,0.0
303.72,14.168,0.0,0.0
304.22,14.316,0.0,0.0
304.73,14.162,0.0,0.0
305.23,14.196,0.0,0.0
305.74,14.261,0.0,0.0
306.25,14.31,0.0,0.0
306.75,14.251,0.0,0.0
307.26,14.337,0.0,0.0
307.76,14.029,0.0,0.0
308.27,14.162,0.0,0.0
308.77,14.253,0.0,0.0
309.28,14.255,0.0,0.0
309.78,14.212,0.0,0.0
310.29,14.247,0.0,0.0
310.79,14.208,0.0,0.0
311.3,14.394,0.0,0.0
311.81,14.291,0.0,0.0
312.31,14.284,0.0,0.0
312.82,14.27,0.0,0.0
313.32,14.247,0.0,0.0
313.83,14.196,0.0,0.0
314.33,14.114,0.0,0.0
314.84,14.273,0.0,0.0
315.35,14.023,0.0,0.0
315.85,14.356,0.0,0.0
316.36,14.118,0.0,0.0
316.86,13.939,0.0,0.0
317.37,13.939,0.0,0.0
317.87,13.942,0.0,0.0
318.38,13.947,0.0,0.0
318.88,13.95,0.0,0.0
319.39,13.958,0.0,0.0
319.89,13.958,0.0,0.0
320.4,13.961,0.0,0.0
320.9,13.961,0.0,0.0
321.41,13.964,0.0,0.0
321.92,13.974,0.0,0.0
322.42,13.974,0.0,0.0
322.92,14.123,0.0,0.0
323.43,14.127,0.0,0.0
323.93,13.946,0.0,0.0
324.44,13.967,0.0,0.0
324.94,13.967,0.0,0.0
325.44,13.967,0.0,0.0
325.95,13.967,0.0,0.0
326.45,13.967,0.0,0.0
326.96,13.967,0.0,0.0
327.46,13.97,0.0,0.0
327.97,14.148,0.0,0.0
328.48,14.182,0.0,0.0
328.98,13.946,0.0,0.0
329.49,13.95,0.0,0.0
329.99,14.163,0.0,0.0
330.5,14.242,0.0,0.0
331.01,14.149,0.0,0.0
331.51,14.015,0.0,0.0
332.02,14.104,0.0,0.0
332.52,14.098,0.0,0.0
333.03,14.106,0.0,0.0
333.54,14.006,0.0,0.0
334.05,14.008,0.0,0.0
334.56,14.134,0.0,0.0
335.06,14.126,0.0,0.0
335.57,14.079,0.0,0.0
336.07,14.089,0.0,0.0
336.58,14.22,0.0,0.0
337.09,14.334,0.0,0.0
337.59,14.133,0.0,0.0
338.1,14.165,0.0,0.0
338.6,14.165,0.0,0.0
339.11,14.075,0.0,0.0
339.62,14.101,0.0,0.0
340.12,14.073,0.0,0.0
340.62,14.224,0.0,0.0
341.13,14.21,0.0,0.0
341.64,14.125,0.0,0.0
342.15,14.167,0.0,0.0
342.65,14.057,0.0,0.0
343.15,14.197,0.0,0.0
343.66,14.3,0.0,0.0
344.16,14.265,0.0,0.0
344.67,14.132,0.0,0.0
345.18,14.274,0.0,0.0
345.68,14.379,0.0,0.0
346.18,14.179,0.0,0.0
346.69,14.174,0.0,0.0
347.19,14.321,0.0,0.0
347.7,14.185,0.0,0.0
348.2,14.194,0.0,0.0
348.71,14.324,0.0,0.0
349.21,14.238,0.0,0.0
349.72,14.169,0.0,0.0
350.22,14.486,0.0,0.0
350.73,14.357,0.0,0.0
351.23,14.171,0.0,0.0
351.74,14.279,0.0,0.0
352.24,14.417,0.0,0.0
352.75,14.202,0.0,0.0
353.25,14.245,0.0,0.0
353.76,14.324,0.0,0.0
354.27,14.234,0.0,0.0
354.77,14.293,0.0,0.0
355.28,14.086,0.0,0.0
355.78,14.397,0.0,0.0
356.29,14.209,0.0,0.0
356.79,14.222,0.0,0.0
357.3,14.12,0.0,0.0
357.8,14.136,0.0,0.0
358.31,14.136,0.0,0.0
358.81,14.142,0.0,0.0
359.32,14.148,0.0,0.0
359.83,14.154,0.0,0.0
360.33,14.158,0.0,0.0
360.84,14.158,0.0,0.0
361.34,14.158,0.0,0.0
361.85,14.158,0.0,0.0
362.35,14.158,0.0,0.0
362.85,14.158,0.0,0.0
363.36,14.158,0.0,0.0
363.86,14.158,0.0,0.0
364.37,14.158,0.0,0.0
364.87,14.326,0.0,0.0
365.38,14.285,0.0,0.0
365.89,14.164,0.0,0.0
366.39,14.164,0.0,0.0
366.9,14.167,0.0,0.0
367.4,14.167,0.0,0.0
367.9,14.17,0.0,0.0
368.41,14.17,0.0,0.0
368.91,14.262,0.0,0.0
369.42,14.254,0.0,0.0
369.93,14.409,0.0,0.0
370.43,14.287,0.0,0.0
370.94,14.407,0.0,0.0
371.44,14.41,0.0,0.0
371.95,14.269,0.0,0.0
372.45,14.505,0.0,0.0
372.96,14.144,0.0,0.0
373.46,14.386,0.0,0.0
373.97,14.4,0.0,0.0
374.47,14.352,0.0,0.0
374.98,14.427,0.0,0.0
375.48,14.357,0.0,0.0
375.99,14.347,0.0,0.0
376.5,14.35,0.0,0.0
377.0,14.264,0.0,0.0
377.51,14.479,0.0,0.0
378.01,14.281,0.0,0.0
378.52,14.345,0.0,0.0
379.02,14.323,0.0,0.0
379.53,14.293,0.0,0.0
380.03,14.542,0.0,0.0
380.54,14.436,0.0,0.0
381.05,14.311,0.0,0.0
381.55,14.44,0.0,0.0
382.06,14.287,0.0,0.0
382.56,14.223,0.0,0.0
383.07,14.272,0.0,0.0
383.57,14.499,0.0,0.0
384.08,14.602,0.0,0.0
384.58,14.372,0.0,0.0
385.09,14.493,0.0,0.0
385.59,14.556,0.0,0.0
386.1,14.397,0.0,0.0
386.6,14.682,0.0,0.0
387.11,14.795,0.0,0.0
387.61,14.263,0.0,0.0
388.12,14.6,0.0,0.0
388.62,14.431,0.0,0.0
389.13,14.267,0.0,0.0
389.63,14.599,0.0,0.0
390.14,14.501,0.0,0.0
390.64,14.367,0.0,0.0
391.15,14.636,0.0,0.0
391.65,14.446,0.0,0.0
392.16,14.335,0.0,0.0
392.66,14.365,0.0,0.0
393.17,14.404,0.0,0.0
393.67,14.277,0.0,0.0
394.18,14.287,0.0,0.0
394.68,14.3,0.0,0.0
395.19,14.303,0.0,0.0
395.7,14.303,0.0,0.0
396.2,14.306,0.0,0.0
396.71,14.306,0.0,0.0
397.22,14.306,0.0,0.0
397.72,14.306,0.0,0.0
398.23,14.306,0.0,0.0
398.73,14.309,0.0,0.0
399.24,14.309,0.0,0.0
399.74,14.313,0.0,0.0
400.25,14.319,0.0,0.0
400.75,14.323,0.0,0.0
401.26,14.43,0.0,0.0
401.76,14.273,0.0,0.0
402.27,14.278,0.0,0.0
402.77,14.278,0.0,0.0
403.27,14.278,0.0,0.0
403.78,14.278,0.0,0.0
404.28,14.278,0.0,0.0
404.79,14.278,0.0,0.0
405.3,14.278,0.0,0.0
405.8,14.282,0.0,0.0
406.31,14.285,0.0,0.0
406.81,14.285,0.0,0.0
407.32,14.292,0.0,0.0
407.82,14.292,0.0,0.0
408.33,14.301,0.0,0.0
408.83,14.388,0.0,0.0
409.33,14.377,0.0,0.0
409.84,14.413,0.0,0.0
410.34,14.481,0.0,0.0
410.85,14.467,0.0,0.0
411.35,14.459,0.0,0.0
411.86,14.62,0.0,0.0
412.37,14.663,0.0,0.0
412.88,14.618,0.0,0.0
413.38,14.455,0.0,0.0
413.89,14.374,0.0,0.0
414.39,14.53,0.0,0.0
414.9,14.566,0.0,0.0
415.4,14.376,0.0,0.0
415.91,14.552,0.0,0.0
416.41,14.451,0.0,0.0
416.92,14.446,0.0,0.0
417.42,14.375,0.0,0.0
417.93,14.419,0.0,0.0
418.43,14.379,0.0,0.0
418.94,14.397,0.0,0.0
419.44,14.456,0.0,0.0
419.95,14.492,0.0,0.0
420.46,14.392,0.0,0.0
420.96,14.731,0.0,0.0
421.47,14.664,0.0,0.0
421.97,14.484,0.0,0.0
422.48,14.58,0.0,0.0
422.98,14.668,0.0,0.0
423.49,14.498,0.0,0.0
423.99,14.489,0.0,0.0
424.5,14.724,0.0,0.0
425.0,14.7,0.0,0.0
425.51,14.536,0.0,0.0
426.02,14.706,0.0,0.0
426.52,14.588,0.0,0.0
427.03,14.451,0.0,0.0
427.53,14.706,0.0,0.0
428.04,14.657,0.0,0.0
428.54,14.421,0.0,0.0
429.05,14.537,0.0,0.0
429.56,14.51,0.0,0.0
430.06,14.437,0.0,0.0
430.57,14.783,0.0,0.0
431.07,14.848,0.0,0.0
431.58,14.702,0.0,0.0
432.08,14.501,0.0,0.0
432.59,14.71,0.0,0.0
433.09,14.63,0.0,0.0
433.6,14.547,0.0,0.0
434.1,14.717,0.0,0.0
434.61,14.759,0.0,0.0
435.12,14.481,0.0,0.0
435.63,14.709,0.0,0.0
436.13,14.851,0.0,0.0
436.64,14.494,0.0,0.0
437.14,14.576,0.0,0.0
437.65,14.478,0.0,0.0
438.15,14.485,0.0,0.0
438.66,14.488,0.0,0.0
439.16,14.491,0.0,0.0
439.67,14.491,0.0,0.0
440.17,14.494,0.0,0.0
440.68,14.494,0.0,0.0
441.18,14.5,0.0,0.0
441.69,14.504,0.0,0.0
442.19,14.507,0.0,0.0
442.7,14.51,0.0,0.0
443.21,14.513,0.0,0.0
443.71,14.516,0.0,0.0
444.22,14.519,0.0,0.0
444.72,14.522,0.0,0.0
445.23,14.529,0.0,0.0
445.73,14.535,0.0,0.0
446.24,14.609,0.0,0.0
446.75,14.539,0.0,0.0
447.25,14.539,0.0,0.0
447.76,14.546,0.0,0.0
448.26,14.546,0.0,0.0
448.77,14.546,0.0,0.0
449.27,14.552,0.0,0.0
449.78,14.687,0.0,0.0
450.29,14.607,0.0,0.0
450.79,14.533,0.0,0.0
451.3,14.592,0.0,0.0
451.8,14.558,0.0,0.0
452.31,14.762,0.0,0.0
452.82,14.919,0.0,0.0
453.32,14.719,0.0,0.0
453.83,14.721,0.0,0.0
454.33,14.829,0.0,0.0
454.83,14.763,0.0,0.0
455.34,14.656,0.0,0.0
455.85,14.554,0.0,0.0
456.35,14.743,0.0,0.0
456.86,14.737,0.0,0.0
457.36,14.695,0.0,0.0
457.87,14.815,0.0,0.0
458.37,14.819,0.0,0.0
458.88,14.84,0.0,0.0
459.38,14.786,0.0,0.0
459.89,14.778,0.0,0.0
460.39,14.842,0.0,0.0
460.9,14.743,0.0,0.0
461.4,14.617,0.0,0.0
461.91,14.895,0.0,0.0
462.41,14.717,0.0,0.0
462.92,14.734,0.0,0.0
463.42,14.829,0.0,0.0
463.93,14.648,0.0,0.0
464.43,14.819,0.0,0.0
464.94,14.947,0.0,0.0
465.44,14.69,0.0,0.0
465.95,14.893,0.0,0.0
466.46,14.881,0.0,0.0
466.96,14.87,0.0,0.0
467.47,14.899,0.0,0.0
467.97,14.809,0.0,0.0
468.48,14.799,0.0,0.0
468.98,14.814,0.0,0.0
469.49,14.802,0.0,0.0
469.99,14.901,0.0,0.0
470.5,14.909,0.0,0.0
471.0,14.659,0.0,0.0
471.51,15.014,0.0,0.0
472.01,15.042,0.0,0.0
472.52,14.835,0.0,0.0
473.02,14.938,0.0,0.0
473.53,15.022,0.0,0.0
474.03,14.871,0.0,0.0
474.54,14.713,0.0,0.0
475.04,14.995,0.0,0.0
475.55,14.97,0.0,0.0
476.05,14.808,0.0,0.0
476.56,15.094,0.0,0.0
477.06,15.011,0.0,0.0
477.57,15.036,0.0,0.0
478.08,14.841,0.0,0.0
478.58,14.829,0.0,0.0
479.09,14.761,0.0,0.0
479.59,14.771,0.0,0.0
480.1,14.774,0.0,0.0
480.6,14.774,0.0,0.0
481.11,14.774,0.0,0.0
481.61,14.777,0.0,0.0
482.12,14.78,0.0,0.0
482.62,14.78,0.0,0.0
483.13,14.783,0.0,0.0
483.63,14.783,0.0,0.0
484.14,14.783,0.0,0.0
484.64,14.786,0.0,0.0
485.15,14.786,0.0,0.0
485.65,14.786,0.0,0.0
486.16,14.788,0.0,0.0
486.66,14.782,0.0,0.0
487.17,14.785,0.0,0.0
487.67,14.792,0.0,0.0
488.18,14.792,0.0,0.0
488.68,14.792,0.0,0.0
489.19,14.792,0.0,0.0
489.7,14.785,0.0,0.0
490.21,14.903,0.0,0.0
490.72,15.048,0.0,0.0
491.22,14.8,0.0,0.0
491.72,15.241,0.0,0.0
492.23,15.115,0.0,0.0
492.73,14.794,0.0,0.0
493.24,14.867,0.0,0.0
493.75,15.034,0.0,0.0
494.25,15.041,0.0,0.0
494.75,14.787,0.0,0.0
495.26,15.149,0.0,0.0
495.76,15.156,0.0,0.0
496.27,14.932,0.0,0.0
496.77,15.092,0.0,0.0
497.28,15.14,0.0,0.0
497.78,14.928,0.0,0.0
498.29,14.952,0.0,0.0
498.79,15.088,0.0,0.0
499.3,14.84,0.0,0.0
499.81,15.063,0.0,0.0
500.31,15.144,0.0,0.0
500.82,14.907,0.0,0.0
501.32,14.96,0.0,0.0
501.83,15.111,0.0,0.0
502.33,15.013,0.0,0.0
502.84,15.087,0.0,0.0
503.35,15.118,0.0,0.0
503.86,14.981,0.0,0.0
504.36,15.097,0.0,0.0
504.87,15.123,0.0,0.0
505.37,15.092,0.0,0.0
505.88,15.0,0.0,0.0
506.38,15.131,0.0,0.0
506.89,15.199,0.0,0.0
507.39,14.978,0.0,0.0
507.9,15.205,0.0,0.0
508.4,15.293,0.0,0.0
508.91,14.901,0.0,0.0
509.41,15.098,0.0,0.0
509.92,15.217,0.0,0.0
510.42,14.932,0.0,0.0
510.93,15.16,0.0,0.0
511.43,15.117,0.0,0.0
511.94,15.148,0.0,0.0
512.44,15.111,0.0,0.0
512.95,15.031,0.0,0.0
513.45,15.162,0.0,0.0
513.96,15.206,0.0,0.0
514.46,14.889,0.0,0.0
514.97,15.012,0.0,0.0
515.48,15.122,0.0,0.0
515.98,15.04,0.0,0.0
516.49,15.192,0.0,0.0
517.0,15.255,0.0,0.0
517.5,15.157,0.0,0.0
518.01,15.172,0.0,0.0
518.51,15.234,0.0,0.0
519.02,15.17,0.0,0.0
519.52,14.953,0.0,0.0
520.03,15.154,0.0,0.0
520.53,14.941,0.0,0.0
521.04,15.2,0.0,0.0
521.54,15.313,0.0,0.0
522.05,15.036,0.0,0.0
522.56,14.931,0.0,0.0
523.06,14.944,0.0,0.0
523.57,14.944,0.0,0.0
524.07,14.944,0.0,0.0
524.58,14.944,0.0,0.0
525.08,14.947,0.0,0.0
525.59,14.947,0.0,0.0
526.09,14.947,0.0,0.0
526.6,14.95,0.0,0.0
527.1,14.953,0.0,0.0
527.61,14.956,0.0,0.0
528.12,14.956,0.0,0.0
528.62,14.959,0.0,0.0
529.13,14.963,0.0,0.0
529.64,14.963,0.0,0.0
530.15,14.963,0.0,0.0
530.66,14.963,0.0,0.0
531.16,14.963,0.0,0.0
531.67,14.963,0.0,0.0
532.17,14.963,0.0,0.0
532.68,14.966,0.0,0.0
533.18,14.966,0.0,0.0
533.69,14.965,0.0,0.0
534.19,15.24,0.0,0.0
534.7,15.103,0.0,0.0
535.2,15.16,0.0,0.0
535.71,15.25,0.0,0.0
536.21,15.172,0.0,0.0
536.72,15.171,0.0,0.0
537.22,15.173,0.0,0.0
537.73,15.088,0.0,0.0
538.23,15.171,0.0,0.0
538.74,15.21,0.0,0.0
539.24,15.085,0.0,0.0
539.75,15.023,0.0,0.0
540.25,15.228,0.0,0.0
540.76,15.004,0.0,0.0
541.26,15.153,0.0,0.0
541.77,15.094,0.0,0.0
542.28,15.122,0.0,0.0
542.79,15.359,0.0,0.0
543.29,15.373,0.0,0.0
543.8,15.046,0.0,0.0
544.3,15.208,0.0,0.0
544.81,15.118,0.0,0.0
545.31,15.038,0.0,0.0
545.82,15.058,0.0,0.0
546.33,15.569,0.0,0.0
546.84,15.388,0.0,0.0
547.34,15.158,0.0,0.0
547.85,15.408,0.0,0.0
548.35,15.236,0.0,0.0
548.86,15.115,0.0,0.0
549.36,15.149,0.0,0.0
549.87,15.446,0.0,0.0
550.38,15.373,0.0,0.0
550.88,15.082,0.0,0.0
551.39,15.453,0.0,0.0
551.9,15.492,0.0,0.0
552.4,15.12,0.0,0.0
552.9,15.326,0.0,0.0
553.41,15.265,0.0,0.0
553.92,15.408,0.0,0.0
554.42,15.258,0.0,0.0
554.93,15.425,0.0,0.0
555.43,15.323,0.0,0.0
555.94,15.157,0.0,0.0
556.44,15.246,0.0,0.0
556.95,15.356,0.0,0.0
557.45,15.116,0.0,0.0
557.96,15.346,0.0,0.0
558.46,15.121,0.0,0.0
558.97,15.186,0.0,0.0
559.47,15.316,0.0,0.0
559.98,15.319,0.0,0.0
560.48,15.102,0.0,0.0
560.99,15.372,0.0,0.0
561.49,15.43,0.0,0.0
561.99,15.13,0.0,0.0
562.5,15.457,0.0,0.0
563.01,15.457,0.0,0.0
563.51,15.248,0.0,0.0
564.02,15.367,0.0,0.0
564.52,15.322,0.0,0.0
565.03,15.371,0.0,0.0
565.53,15.166,0.0,0.0
566.04,15.375,0.0,0.0
566.54,15.485,0.0,0.0
567.05,15.274,0.0,0.0
567.55,15.303,0.0,0.0
568.06,15.155,0.0,0.0
568.56,15.115,0.0,0.0
569.07,15.106,0.0,0.0
569.57,15.118,0.0,0.0
570.08,15.119,0.0,0.0
570.58,15.125,0.0,0.0
571.09,15.122,0.0,0.0
571.59,15.125,0.0,0.0
572.1,15.131,0.0,0.0
572.6,15.137,0.0,0.0
573.11,15.144,0.0,0.0
573.61,15.148,0.0,0.0
574.12,15.138,0.0,0.0
574.63,15.148,0.0,0.0
575.14,15.151,0.0,0.0
575.64,15.154,0.0,0.0
576.14,15.157,0.0,0.0
576.65,15.157,0.0,0.0
577.15,15.159,0.0,0.0
577.66,15.159,0.0,0.0
578.16,15.159,0.0,0.0
578.67,15.163,0.0,0.0
579.18,15.165,0.0,0.0
579.69,15.168,0.0,0.0
580.19,15.236,0.0,0.0
580.7,15.184,0.0,0.0
581.2,15.129,0.0,0.0
581.71,15.261,0.0,0.0
582.21,15.327,0.0,0.0
582.72,15.318,0.0,0.0
583.22,15.419,0.0,0.0
583.73,15.52,0.0,0.0
584.24,15.234,0.0,0.0
584.75,15.342,0.0,0.0
585.25,15.485,0.0,0.0
585.76,15.374,0.0,0.0
586.26,15.377,0.0,0.0
586.76,15.507,0.0,0.0
587.27,15.213,0.0,0.0
587.77,15.441,0.0,0.0
588.28,15.425,0.0,0.0
588.79,15.221,0.0,0.0
589.29,15.424,0.0,0.0
589.8,15.255,0.0,0.0
590.3,15.424,0.0,0.0
590.81,15.336,0.0,0.0
591.31,15.396,0.0,0.0
591.82,15.332,0.0,0.0
592.33,15.416,0.0,0.0
592.83,15.55,0.0,0.0
593.34,15.302,0.0,0.0
593.85,15.491,0.0,0.0
594.35,15.6,0.0,0.0
594.85,15.439,0.0,0.0
595.36,15.4,0.0,0.0
595.87,15.466,0.0,0.0
596.37,15.471,0.0,0.0
596.88,15.303,0.0,0.0
597.38,15.295,0.0,0.0
597.89,15.355,0.0,0.0
598.39,15.205,0.0,0.0
598.9,15.222,0.0,0.0
599.4,15.542,0.0,0.0
599.91,15.375,0.0,0.0
600.41,15.208,0.0,0.0
600.92,15.508,0.0,0.0
601.42,15.554,0.0,0.0
601.93,15.436,0.0,0.0
602.43,15.319,0.0,0.0
602.94,15.323,0.0,0.0
603.45,15.426,0.0,0.0
603.95,15.355,0.0,0.0
604.45,15.442,0.0,0.0
604.96,15.571,0.0,0.0
605.47,15.424,0.0,0.0
605.97,15.287,0.0,0.0
606.48,15.555,0.0,0.0
606.98,15.481,0.0,0.0
607.49,15.233,0.0,0.0
608.0,15.489,0.0,0.0
608.6,15.643,0.0,0.0
609.1,15.229,0.0,0.0
609.61,15.315,0.0,0.0
610.11,15.615,0.0,0.0
610.62,15.294,0.0,0.0
611.12,15.404,0.0,0.0
611.63,15.543,0.0,0.0
612.13,15.242,0.0,0.0
612.64,15.51,0.0,0.0
613.14,15.402,0.0,0.0
613.65,15.279,0.0,0.0
614.16,15.253,0.0,0.0
614.67,15.253,0.0,0.0
615.18,15.256,0.0,0.0
615.68,15.234,0.0,0.0
616.19,15.234,0.0,0.0
616.7,15.234,0.0,0.0
617.21,15.237,0.0,0.0
617.71,15.239,0.0,0.0
618.22,15.239,0.0,0.0
618.73,15.169,0.0,0.0
619.24,15.078,0.0,0.0
619.74,14.876,0.0,0.0
620.25,14.824,0.0,0.0
620.75,14.452,0.0,0.0
621.26,13.993,0.0,0.0
621.76,13.663,0.0,0.0
622.27,13.533,0.0,0.0
622.77,13.569,0.0,0.0
623.28,13.235,0.0,0.0
623.78,13.218,0.0,0.0
624.29,13.112,0.0,0.0
624.8,12.988,0.0,0.0
625.3,12.868,0.0,0.0
625.81,12.856,0.0,0.0
626.31,12.659,0.0,0.0
626.82,12.522,0.0,0.0
627.32,12.168,0.0,0.0
627.83,11.994,0.0,0.0
628.33,11.799,0.0,0.0
628.84,11.996,0.0,0.0
629.35,11.856,0.0,0.0
629.85,11.901,0.0,0.0
630.36,11.869,0.0,0.0
630.86,11.72,0.0,0.0
631.37,11.855,0.0,0.0
631.87,11.815,0.0,0.0
632.38,11.803,0.0,0.0
632.88,11.912,0.0,0.0
633.39,11.863,0.0,0.0
633.9,11.724,0.0,0.0
634.4,11.741,0.0,0.0
634.9,11.996,0.0,0.0
635.41,11.826,0.0,0.0
635.92,11.767,0.0,0.0
636.42,11.872,0.0,0.0
636.93,11.955,0.0,0.0
637.44,11.789,0.0,0.0
637.94,11.68,0.0,0.0
638.45,11.894,0.0,0.0
638.95,11.864,0.0,0.0
639.46,11.84,0.0,0.0
639.97,11.715,0.0,0.0
640.47,11.982,0.0,0.0
640.98,11.775,0.0,0.0
641.48,11.788,0.0,0.0
641.99,11.901,0.0,0.0
642.49,11.871,0.0,0.0
643.0,11.653,0.0,0.0
643.51,11.896,0.0,0.0
644.02,12.017,0.0,0.0
644.52,11.569,0.0,0.0
645.03,11.901,0.0,0.0
645.53,11.909,0.0,0.0
646.04,11.717,0.0,0.0
646.54,11.859,0.0,0.0
647.05,11.921,0.0,0.0
647.55,11.638,0.0,0.0
648.06,11.6,0.0,0.0
648.57,11.946,0.0,0.0
649.08,12.01,0.0,0.0
649.58,11.712,0.0,0.0
650.09,11.734,0.0,0.0
650.59,11.65,0.0,0.0
651.1,11.593,0.0,0.0
651.6,11.591,0.0,0.0
652.11,11.856,0.0,0.0
652.61,11.977,0.0,0.0
653.12,11.634,0.0,0.0
653.62,11.93,0.0,0.0
654.13,11.901,0.0,0.0
654.63,11.579,0.0,0.0
655.14,11.871,0.0,0.0
655.64,11.858,0.0,0.0
656.15,11.586,0.0,0.0
656.65,11.682,0.0,0.0
657.16,11.803,0.0,0.0
657.67,11.812,0.0,0.0
658.17,11.598,0.0,0.0
658.68,11.907,0.0,0.0
659.18,11.711,0.0,0.0
659.69,11.427,0.0,0.0
660.19,11.67,0.0,0.0
660.7,11.588,0.0,0.0
661.21,11.427,0.0,0.0
661.71,11.664,0.0,0.0
662.22,11.601,0.0,0.0
662.72,11.507,0.0,0.0
663.23,11.487,0.0,0.0
663.74,11.63,0.0,0.0
664.24,11.3,0.0,0.0
664.75,11.317,0.0,0.0
665.26,11.233,0.0,0.0
665.76,11.234,0.0,0.0
666.27,11.168,0.0,0.0
666.78,11.168,0.0,0.0
667.29,11.07,0.0,0.0
667.79,11.07,0.0,0.0
668.3,10.892,0.0,0.0
668.81,10.795,0.0,0.0
669.31,10.65,0.0,0.0
669.82,10.339,0.0,0.0
670.32,10.306,0.0,0.0
670.83,10.205,0.0,0.0
671.34,10.076,0.0,0.0
671.84,10.098,0.0,0.0
672.35,9.786,0.0,0.0
672.86,9.631,0.0,0.0
673.36,9.497,0.0,0.0
673.88,9.286,0.0,0.0
674.38,8.829,0.0,0.0
674.89,8.472,0.0,0.0
675.4,8.122,0.0,0.0
675.9,8.121,0.0,0.0
676.41,7.849,0.0,0.0
676.91,8.087,0.0,0.0
677.42,8.014,0.0,0.0
677.92,8.02,0.0,0.0
678.43,7.781,0.0,0.0
678.94,8.207,0.0,0.0
679.44,8.177,0.0,0.0
679.95,7.826,0.0,0.0
680.45,8.132,0.0,0.0
680.96,8.186,0.0,0.0
681.46,7.837,0.0,0.0
681.97,8.128,0.0,0.0
682.47,8.058,0.0,0.0
682.98,8.122,0.0,0.0
683.49,7.979,0.0,0.0
683.99,8.063,0.0,0.0
684.5,7.925,0.0,0.0
685.0,7.846,0.0,0.0
685.51,7.939,0.0,0.0
686.01,7.979,0.0,0.0
686.52,7.954,0.0,0.0
687.03,7.924,0.0,0.0
687.53,7.959,0.0,0.0
688.04,8.059,0.0,0.0
688.54,7.746,0.0,0.0
689.05,7.66,0.0,0.0
689.55,7.741,0.0,0.0
690.06,7.424,0.0,0.0
690.57,7.51,0.0,0.0
691.07,7.335,0.0,0.0
691.58,7.4,0.0,0.0
692.08,7.517,0.0,0.0
692.59,7.411,0.0,0.0
693.09,7.37,0.0,0.0
693.6,7.477,0.0,0.0
694.1,7.497,0.0,0.0
694.61,7.304,0.0,0.0
695.12,7.475,0.0,0.0
695.62,7.485,0.0,0.0
696.13,7.303,0.0,0.0
696.63,7.221,0.0,0.0
697.14,7.201,0.0,0.0
697.64,7.108,0.0,0.0
698.15,7.093,0.0,0.0
698.65,7.058,0.0,0.0
699.16,6.846,0.0,0.0
699.66,6.846,0.0,0.0
700.17,6.858,0.0,0.0
700.67,6.77,0.0,0.0
701.18,6.85,0.0,0.0
701.68,6.643,0.0,0.0
702.19,6.346,0.0,0.0
702.69,6.367,0.0,0.0
703.2,6.451,0.0,0.0
703.71,6.313,0.0,0.0
704.21,6.273,0.0,0.0
704.72,6.097,0.0,0.0
705.24,6.477,0.0,0.0
705.75,6.407,0.0,0.0
706.25,6.066,0.0,0.0
706.76,6.323,0.0,0.0
707.26,6.254,0.0,0.0
707.77,6.196,0.0,0.0
708.27,6.331,0.0,0.0
708.78,6.2,0.0,0.0
709.29,6.294,0.0,0.0
709.79,6.296,0.0,0.0
710.3,6.27,0.0,0.0
710.8,6.099,0.0,0.0
711.31,6.003,0.0,0.0
711.81,5.913,0.0,0.0
712.32,5.89,0.0,0.0
712.82,5.89,0.0,0.0
713.33,5.894,0.0,0.0
713.84,5.895,0.0,0.0
714.35,5.9,0.0,0.0
714.86,5.9,0.0,0.0
715.36,5.9,0.0,0.0
715.87,5.906,0.0,0.0
716.37,5.906,0.0,0.0
716.88,5.913,0.0,0.0
717.39,5.916,0.0,0.0
717.9,5.916,0.0,0.0
718.41,5.916,0.0,0.0
718.91,5.919,0.0,0.0
719.42,5.919,0.0,0.0
719.93,5.92,0.0,0.0
720.44,5.92,0.0,0.0
720.94,5.923,0.0,0.0
721.45,5.926,0.0,0.0
721.95,5.929,0.0,0.0
722.46,5.935,0.0,0.0
722.96,6.172,0.0,0.0
723.47,6.281,0.0,0.0
723.97,5.854,0.0,0.0
724.48,6.137,0.0,0.0
724.98,6.22,0.0,0.0
725.49,5.984,0.0,0.0
726.0,6.088,0.0,0.0
726.5,6.158,0.0,0.0
727.01,6.08,0.0,0.0
727.51,6.087,0.0,0.0
728.02,6.275,0.0,0.0
728.52,6.058,0.0,0.0
729.03,6.187,0.0,0.0
729.54,6.273,0.0,0.0
730.04,5.921,0.0,0.0
730.55,6.235,0.0,0.0
731.05,6.195,0.0,0.0
731.56,5.94,0.0,0.0
732.06,6.287,0.0,0.0
732.57,6.11,0.0,0.0
733.07,5.948,0.0,0.0
733.58,6.115,0.0,0.0
734.09,6.294,0.0,0.0
734.6,6.431,0.0,0.0
735.1,5.95,0.0,0.0
735.61,6.302,0.0,0.0
736.11,6.302,0.0,0.0
736.62,6.049,0.0,0.0
737.13,6.03,0.0,0.0
737.63,6.238,0.0,0.0
738.14,5.991,0.0,0.0
738.64,5.989,0.0,0.0
739.15,6.235,0.0,0.0
739.65,6.31,0.0,0.0
740.16,6.118,0.0,0.0
740.66,6.324,0.0,0.0
741.17,6.334,0.0,0.0
741.67,6.002,0.0,0.0
742.18,6.33,0.0,0.0
742.68,6.439,0.0,0.0
743.19,6.223,0.0,0.0
743.69,6.345,0.0,0.0
744.2,6.195,0.0,0.0
744.7,6.055,0.0,0.0
745.21,6.342,0.0,0.0
745.71,6.17,0.0,0.0
746.22,6.121,0.0,0.0
746.72,6.271,0.0,0.0
747.23,6.111,0.0,0.0
747.73,6.103,0.0,0.0
748.24,6.358,0.0,0.0
748.74,6.309,0.0,0.0
749.25,6.119,0.0,0.0
749.75,6.371,0.0,0.0
750.26,6.334,0.0,0.0
750.77,6.075,0.0,0.0
751.27,6.377,0.0,0.0
751.78,6.262,0.0,0.0
752.28,6.039,0.0,0.0
752.79,6.271,0.0,0.0
753.29,6.221,0.0,0.0
753.8,6.114,0.0,0.0
754.3,6.065,0.0,0.0
754.81,6.284,0.0,0.0
755.31,6.019,0.0,0.0
755.82,5.99,0.0,0.0
756.32,6.202,0.0,0.0
756.83,6.102,0.0,0.0
757.33,6.067,0.0,0.0
757.84,6.168,0.0,0.0
758.34,6.106,0.0,0.0
758.85,6.014,0.0,0.0
759.36,6.078,0.0,0.0
759.87,6.007,0.0,0.0
760.38,6.027,0.0,0.0
760.89,5.988,0.0,0.0
761.39,6.003,0.0,0.0
761.9,6.006,0.0,0.0
762.4,6.009,0.0,0.0
762.91,6.01,0.0,0.0
763.41,6.016,0.0,0.0
763.91,6.02,0.0,0.0
764.42,6.019,0.0,0.0
764.93,6.02,0.0,0.0
765.43,6.02,0.0,0.0
765.94,6.027,0.0,0.0
766.45,6.027,0.0,0.0
766.96,6.03,0.0,0.0
767.46,6.027,0.0,0.0
767.97,6.027,0.0,0.0
768.48,6.03,0.0,0.0
768.99,6.033,0.0,0.0
769.49,6.03,0.0,0.0
770.0,6.033,0.0,0.0
770.5,6.033,0.0,0.0
771.01,6.037,0.0,0.0
771.52,6.037,0.0,0.0
772.03,6.037,0.0,0.0
772.53,6.037,0.0,0.0
773.03,6.046,0.0,0.0
773.54,6.05,0.0,0.0
774.04,6.055,0.0,0.0
774.55,6.461,0.0,0.0
775.05,6.38,0.0,0.0
775.56,6.158,0.0,0.0
776.07,6.31,0.0,0.0
776.57,6.129,0.0,0.0
777.08,6.326,0.0,0.0
777.58,6.134,0.0,0.0
778.09,6.067,0.0,0.0
778.59,6.479,0.0,0.0
779.1,6.416,0.0,0.0
779.6,6.214,0.0,0.0
780.11,6.394,0.0,0.0
780.61,6.442,0.0,0.0
781.12,6.224,0.0,0.0
781.62,6.341,0.0,0.0
782.13,6.172,0.0,0.0
782.63,6.281,0.0,0.0
783.14,6.17,0.0,0.0
783.64,6.167,0.0,0.0
784.15,6.175,0.0,0.0
784.65,6.269,0.0,0.0
785.16,6.269,0.0,0.0
785.66,6.219,0.0,0.0
786.17,6.387,0.0,0.0
786.67,6.276,0.0,0.0
787.18,6.174,0.0,0.0
787.68,6.298,0.0,0.0
788.19,6.121,0.0,0.0
788.7,6.181,0.0,0.0
789.21,6.356,0.0,0.0
789.71,6.283,0.0,0.0
790.22,6.344,0.0,0.0
790.72,6.51,0.0,0.0
791.23,6.22,0.0,0.0
791.74,6.285,0.0,0.0
792.24,6.462,0.0,0.0
792.75,6.307,0.0,0.0
793.26,6.172,0.0,0.0
793.76,6.47,0.0,0.0
794.27,6.361,0.0,0.0
794.77,6.273,0.0,0.0
795.28,6.497,0.0,0.0
795.78,6.325,0.0,0.0
796.29,6.154,0.0,0.0
796.79,6.386,0.0,0.0
797.3,6.367,0.0,0.0
797.81,6.263,0.0,0.0
798.31,6.393,0.0,0.0
798.82,6.411,0.0,0.0
799.32,6.474,0.0,0.0
799.83,6.219,0.0,0.0
800.33,6.417,0.0,0.0
800.84,6.556,0.0,0.0
801.34,6.317,0.0,0.0
801.85,6.454,0.0,0.0
802.36,6.453,0.0,0.0
802.86,6.249,0.0,0.0
803.37,6.2,0.0,0.0
803.87,6.486,0.0,0.0
804.38,6.477,0.0,0.0
804.88,6.572,0.0,0.0
805.39,6.455,0.0,0.0
805.89,6.3,0.0,0.0
806.4,6.521,0.0,0.0
806.91,6.294,0.0,0.0
807.41,6.487,0.0,0.0
807.92,6.262,0.0,0.0
808.43,6.58,0.0,0.0
808.93,6.558,0.0,0.0
809.44,6.284,0.0,0.0
809.95,6.352,0.0,0.0
810.45,6.307,0.0,0.0
810.96,6.236,0.0,0.0
811.47,6.236,0.0,0.0
811.97,6.239,0.0,0.0
812.48,6.242,0.0,0.0
812.98,6.218,0.0,0.0
813.49,6.219,0.0,0.0
813.99,6.172,0.0,0.0
814.5,6.172,0.0,0.0
815.0,6.114,0.0,0.0
815.51,6.049,0.0,0.0
816.02,5.955,0.0,0.0
816.53,5.916,0.0,0.0
817.03,5.807,0.0,0.0
817.54,5.775,0.0,0.0
818.05,5.783,0.0,0.0
818.55,5.788,0.0,0.0
819.06,5.789,0.0,0.0
819.57,5.862,0.0,0.0
820.07,5.771,0.0,0.0
820.58,5.828,0.0,0.0
821.09,5.961,0.0,0.0
821.59,5.946,0.0,0.0
822.1,6.016,0.0,0.0
822.6,6.062,0.0,0.0
823.11,5.855,0.0,0.0
823.61,5.821,0.0,0.0
824.12,5.88,0.0,0.0
824.62,6.009,0.0,0.0
825.13,5.997,0.0,0.0
825.63,5.854,0.0,0.0
826.14,6.221,0.0,0.0
826.65,6.188,0.0,0.0
827.15,6.045,0.0,0.0
827.66,6.201,0.0,0.0
828.16,6.169,0.0,0.0
828.67,5.839,0.0,0.0
829.17,5.929,0.0,0.0
829.68,6.196,0.0,0.0
830.18,6.168,0.0,0.0
830.69,5.972,0.0,0.0
831.19,6.212,0.0,0.0
831.7,5.864,0.0,0.0
832.21,5.942,0.0,0.0
832.72,6.037,0.0,0.0
833.22,6.039,0.0,0.0
833.73,6.015,0.0,0.0
834.23,5.914,0.0,0.0
834.74,6.017,0.0,0.0
835.24,6.121,0.0,0.0
835.74,6.087,0.0,0.0
836.25,6.123,0.0,0.0
836.76,6.249,0.0,0.0
837.26,6.221,0.0,0.0
837.77,5.915,0.0,0.0
838.28,6.172,0.0,0.0
838.78,6.272,0.0,0.0
839.29,5.976,0.0,0.0
839.79,6.173,0.0,0.0
840.3,6.195,0.0,0.0
840.8,6.194,0.0,0.0
841.31,5.975,0.0,0.0
841.82,6.244,0.0,0.0
842.32,6.006,0.0,0.0
842.84,5.968,0.0,0.0
843.34,6.176,0.0,0.0
843.85,6.349,0.0,0.0
844.35,6.028,0.0,0.0
844.86,6.149,0.0,0.0
845.36,6.362,0.0,0.0
845.87,6.104,0.0,0.0
846.38,6.25,0.0,0.0
846.88,6.26,0.0,0.0
847.39,6.034,0.0,0.0
847.89,6.358,0.0,0.0
848.4,6.208,0.0,0.0
848.9,5.989,0.0,0.0
849.41,6.15,0.0,0.0
849.91,6.386,0.0,0.0
850.42,5.983,0.0,0.0
850.92,6.257,0.0,0.0
851.43,6.314,0.0,0.0
851.94,6.005,0.0,0.0
852.44,6.321,0.0,0.0
852.94,6.239,0.0,0.0
853.45,6.034,0.0,0.0
853.95,6.236,0.0,0.0
854.46,6.295,0.0,0.0
854.96,6.117,0.0,0.0
855.47,6.221,0.0,0.0
855.97,6.063,0.0,0.0
856.48,6.399,0.0,0.0
856.99,6.367,0.0,0.0
857.49,6.036,0.0,0.0
858.0,6.189,0.0,0.0
858.51,6.021,0.0,0.0
859.01,6.047,0.0,0.0
859.51,6.047,0.0,0.0
860.02,6.048,0.0,0.0
860.52,6.049,0.0,0.0
861.03,6.054,0.0,0.0
861.53,6.059,0.0,0.0
862.03,6.067,0.0,0.0
862.54,6.02,0.0,0.0
863.04,6.02,0.0,0.0
863.55,5.935,0.0,0.0
864.06,5.927,0.0,0.0
864.56,5.886,0.0,0.0
865.07,5.764,0.0,0.0
865.57,5.711,0.0,0.0
866.08,5.589,0.0,0.0
866.59,5.579,0.0,0.0
867.09,5.546,0.0,0.0
867.6,5.545,0.0,0.0
868.1,5.556,0.0,0.0
868.61,5.838,0.0,0.0
869.11,5.846,0.0,0.0
869.62,5.529,0.0,0.0
870.12,5.555,0.0,0.0
870.63,5.951,0.0,0.0
871.13,5.903,0.0,0.0
871.64,5.579,0.0,0.0
872.14,5.747,0.0,0.0
872.65,5.802,0.0,0.0
873.15,5.976,0.0,0.0
873.66,5.585,0.0,0.0
874.16,6.054,0.0,0.0
874.67,5.921,0.0,0.0
875.18,5.677,0.0,0.0
875.69,5.941,0.0,0.0
876.2,5.762,0.0,0.0
876.7,5.868,0.0,0.0
877.21,5.871,0.0,0.0
877.71,5.858,0.0,0.0
878.22,5.617,0.0,0.0
878.73,5.94,0.0,0.0
879.23,5.944,0.0,0.0
879.73,5.717,0.0,0.0
880.24,5.854,0.0,0.0
880.75,6.014,0.0,0.0
881.25,5.891,0.0,0.0
881.76,5.783,0.0,0.0
882.26,6.035,0.0,0.0
882.77,5.795,0.0,0.0
883.28,5.808,0.0,0.0
883.78,5.991,0.0,0.0
884.29,5.898,0.0,0.0
884.79,5.722,0.0,0.0
885.3,5.746,0.0,0.0
885.8,5.73,0.0,0.0
886.31,5.771,0.0,0.0
886.81,5.75,0.0,0.0
887.32,5.869,0.0,0.0
887.82,5.798,0.0,0.0
888.33,5.696,0.0,0.0
888.83,6.003,0.0,0.0
889.34,5.892,0.0,0.0
889.84,5.76,0.0,0.0
890.35,6.003,0.0,0.0
890.85,5.909,0.0,0.0
891.36,5.85,0.0,0.0
891.86,5.773,0.0,0.0
892.37,5.981,0.0,0.0
892.88,6.047,0.0,0.0
893.38,5.974,0.0,0.0
893.88,5.747,0.0,0.0
894.39,6.026,0.0,0.0
894.89,5.937,0.0,0.0
895.4,5.799,0.0,0.0
895.91,6.111,0.0,0.0
896.41,6.011,0.0,0.0
896.92,5.82,0.0,0.0
897.42,6.102,0.0,0.0
897.93,6.017,0.0,0.0
898.43,5.843,0.0,0.0
898.94,6.098,0.0,0.0
899.44,5.941,0.0,0.0
899.95,5.951,0.0,0.0
900.45,6.102,0.0,0.0
900.96,5.968,0.0,0.0
901.46,5.836,0.0,0.0
901.97,6.128,0.0,0.0
902.47,6.201,0.0,0.0
902.98,5.762,0.0,0.0
903.49,5.762,0.0,0.0
903.99,6.11,0.0,0.0
904.5,6.087,0.0,0.0
905.01,5.866,0.0,0.0
905.51,6.14,0.0,0.0
906.02,6.055,0.0,0.0
906.52,5.937,0.0,0.0
907.03,6.144,0.0,0.0
907.53,5.895,0.0,0.0
908.04,5.939,0.0,0.0
908.54,5.842,0.0,0.0
909.05,6.064,0.0,0.0
909.55,6.27,0.0,0.0
910.06,5.849,0.0,0.0
910.56,6.009,0.0,0.0
911.07,5.943,0.0,0.0
911.57,5.82,0.0,0.0
912.08,5.825,0.0,0.0
912.58,5.829,0.0,0.0
913.09,5.829,0.0,0.0
913.59,5.829,0.0,0.0
914.11,5.832,0.0,0.0
914.61,5.832,0.0,0.0
915.12,5.839,0.0,0.0
915.63,5.839,0.0,0.0
916.13,5.842,0.0,0.0
916.64,5.846,0.0,0.0
917.14,5.834,0.0,0.0
917.64,5.835,0.0,0.0
918.15,5.811,0.0,0.0
918.65,5.733,0.0,0.0
919.16,5.937,0.0,0.0
919.66,5.713,0.0,0.0
920.17,5.667,0.0,0.0
920.68,6.02,0.0,0.0
921.18,6.212,0.0,0.0
921.69,5.711,0.0,0.0
922.19,5.982,0.0,0.0
922.7,5.982,0.0,0.0
923.2,5.869,0.0,0.0
923.71,5.722,0.0,0.0
924.21,6.021,0.0,0.0
924.72,6.028,0.0,0.0
925.22,5.782,0.0,0.0
925.73,6.031,0.0,0.0
926.23,5.994,0.0,0.0
926.74,5.818,0.0,0.0
927.24,5.796,0.0,0.0
927.75,5.928,0.0,0.0
928.25,5.841,0.0,0.0
928.76,5.774,0.0,0.0
929.27,5.945,0.0,0.0
929.77,6.048,0.0,0.0
930.28,5.796,0.0,0.0
930.78,6.095,0.0,0.0
931.29,6.041,0.0,0.0
931.79,5.844,0.0,0.0
932.3,5.946,0.0,0.0
932.81,6.125,0.0,0.0
933.31,5.888,0.0,0.0
933.82,5.9,0.0,0.0
934.32,6.021,0.0,0.0
934.83,5.957,0.0,0.0
935.33,5.758,0.0,0.0
935.84,5.995,0.0,0.0
936.35,5.882,0.0,0.0
936.85,5.777,0.0,0.0
937.36,5.958,0.0,0.0
937.86,5.941,0.0,0.0
938.37,5.853,0.0,0.0
938.87,5.965,0.0,0.0
939.38,6.111,0.0,0.0
939.88,5.818,0.0,0.0
940.39,5.906,0.0,0.0
940.89,6.057,0.0,0.0
941.4,5.794,0.0,0.0
941.91,5.971,0.0,0.0
942.41,5.976,0.0,0.0
942.92,5.889,0.0,0.0
943.42,5.882,0.0,0.0
943.93,5.778,0.0,0.0
944.43,5.739,0.0,0.0
944.94,5.868,0.0,0.0
945.44,5.78,0.0,0.0
945.95,6.048,0.0,0.0
946.46,5.995,0.0,0.0
946.96,5.893,0.0,0.0
947.47,5.972,0.0,0.0
947.97,6.05,0.0,0.0
948.48,5.888,0.0,0.0
948.98,6.004,0.0,0.0
949.49,6.094,0.0,0.0
949.99,5.72,0.0,0.0
950.5,6.08,0.0,0.0
951.0,5.996,0.0,0.0
951.51,5.893,0.0,0.0
952.01,5.983,0.0,0.0
952.52,5.848,0.0,0.0
953.02,5.827,0.0,0.0
953.53,5.817,0.0,0.0
954.03,6.108,0.0,0.0
954.54,5.998,0.0,0.0
955.04,5.868,0.0,0.0
955.55,6.126,0.0,0.0
956.05,6.045,0.0,0.0
956.56,5.927,0.0,0.0
957.06,5.879,0.0,0.0
957.57,6.209,0.0,0.0
958.07,5.951,0.0,0.0
958.58,5.891,0.0,0.0
959.08,5.886,0.0,0.0
959.59,5.915,0.0,0.0
960.1,5.819,0.0,0.0
960.6,5.819,0.0,0.0
961.11,5.823,0.0,0.0
961.61,5.823,0.0,0.0
962.12,5.83,0.0,0.0
962.62,5.831,0.0,0.0
963.13,5.832,0.0,0.0
963.63,5.837,0.0,0.0
964.14,5.808,0.0,0.0
964.64,5.695,0.0,0.0
965.15,5.645,0.0,0.0
965.65,5.545,0.0,0.0
966.16,5.554,0.0,0.0
966.66,5.571,0.0,0.0
967.17,5.574,0.0,0.0
967.67,5.721,0.0,0.0
968.18,5.859,0.0,0.0
968.68,5.553,0.0,0.0
969.19,5.849,0.0,0.0
969.69,5.955,0.0,0.0
970.2,5.611,0.0,0.0
970.7,5.896,0.0,0.0
971.21,6.032,0.0,0.0
971.72,5.607,0.0,0.0
972.22,5.961,0.0,0.0
972.73,5.894,0.0,0.0
973.23,5.791,0.0,0.0
973.74,5.662,0.0,0.0
974.24,6.103,0.0,0.0
974.75,6.026,0.0,0.0
975.25,5.682,0.0,0.0
975.75,6.107,0.0,0.0
976.26,5.923,0.0,0.0
976.77,5.697,0.0,0.0
977.27,5.979,0.0,0.0
977.78,5.987,0.0,0.0
978.28,5.642,0.0,0.0
978.79,5.985,0.0,0.0
979.29,5.986,0.0,0.0
979.8,5.829,0.0,0.0
980.3,5.999,0.0,0.0
980.81,6.069,0.0,0.0
981.31,5.748,0.0,0.0
981.82,6.074,0.0,0.0
982.32,6.027,0.0,0.0
982.83,5.764,0.0,0.0
983.33,6.002,0.0,0.0
983.84,5.765,0.0,0.0
984.35,5.835,0.0,0.0
984.85,5.885,0.0,0.0
985.36,5.76,0.0,0.0
985.86,5.865,0.0,0.0
986.37,6.053,0.0,0.0
986.87,5.817,0.0,0.0
987.37,5.819,0.0,0.0
987.88,6.009,0.0,0.0
988.38,5.859,0.0,0.0
988.89,5.875,0.0,0.0
989.39,6.135,0.0,0.0
989.9,5.877,0.0,0.0
990.4,6.086,0.0,0.0
990.91,5.918,0.0,0.0
991.42,5.853,0.0,0.0
991.92,6.076,0.0,0.0
992.43,6.052,0.0,0.0
992.93,5.862,0.0,0.0
993.44,6.007,0.0,0.0
993.94,5.762,0.0,0.0
994.45,5.97,0.0,0.0
994.95,6.039,0.0,0.0
995.46,6.029,0.0,0.0
995.96,5.958,0.0,0.0
996.47,6.097,0.0,0.0
996.97,6.033,0.0,0.0
997.48,5.865,0.0,0.0
997.98,5.986,0.0,0.0
998.49,5.974,0.0,0.0
998.99,5.76,0.0,0.0
999.5,6.025,0.0,0.0
1000.0,6.146,0.0,0.0
1000.51,5.977,0.0,0.0
1001.01,6.038,0.0,0.0
1001.52,6.102,0.0,0.0
1002.02,5.844,0.0,0.0
1002.53,6.184,0.0,0.0
1003.03,6.136,0.0,0.0
1003.54,5.891,0.0,0.0
1004.05,6.158,0.0,0.0
1004.55,6.067,0.0,0.0
1005.05,5.865,0.0,0.0
1005.56,6.013,0.0,0.0
1006.06,6.1,0.0,0.0
1006.57,5.987,0.0,0.0
1007.07,6.16,0.0,0.0
1007.58,5.773,0.0,0.0
1008.08,5.822,0.0,0.0
1008.59,5.969,0.0,0.0
1009.09,5.939,0.0,0.0
1009.6,5.793,0.0,0.0
1010.1,5.814,0.0,0.0
1010.61,5.817,0.0,0.0
1011.11,5.818,0.0,0.0
1011.62,5.824,0.0,0.0
1012.12,5.824,0.0,0.0
1012.63,5.831,0.0,0.0
1013.13,5.835,0.0,0.0
1013.64,5.835,0.0,0.0
1014.15,5.835,0.0,0.0
1014.65,5.833,0.0,0.0
1015.16,5.74,0.0,0.0
1015.66,5.618,0.0,0.0
1016.17,5.57,0.0,0.0
1016.69,5.521,0.0,0.0
1017.2,5.505,0.0,0.0
1017.7,5.524,0.0,0.0
1018.21,5.673,0.0,0.0
1018.71,5.669,0.0,0.0
1019.22,5.825,0.0,0.0
1019.73,5.653,0.0,0.0
1020.24,5.898,0.0,0.0
1020.74,5.78,0.0,0.0
1021.25,5.797,0.0,0.0
1021.76,5.738,0.0,0.0
1022.26,5.9,0.0,0.0
1022.77,5.792,0.0,0.0
1023.27,5.632,0.0,0.0
1023.78,5.713,0.0,0.0
1024.28,5.829,0.0,0.0
1024.79,5.658,0.0,0.0
1025.29,5.774,0.0,0.0
1025.8,5.77,0.0,0.0
1026.31,5.81,0.0,0.0
1026.81,5.954,0.0,0.0
1027.32,5.845,0.0,0.0
1027.82,5.94,0.0,0.0
1028.33,5.881,0.0,0.0
1028.83,5.707,0.0,0.0
1029.34,5.881,0.0,0.0
1029.84,5.761,0.0,0.0
1030.35,5.682,0.0,0.0
1030.85,5.92,0.0,0.0
1031.36,5.868,0.0,0.0
1031.86,5.754,0.0,0.0
1032.37,6.023,0.0,0.0
1032.87,5.681,0.0,0.0
1033.38,5.861,0.0,0.0
1033.88,5.777,0.0,0.0
1034.39,5.775,0.0,0.0
1034.89,5.883,0.0,0.0
1035.4,5.974,0.0,0.0
1035.9,5.681,0.0,0.0
1036.41,6.037,0.0,0.0
1036.91,5.979,0.0,0.0
1037.42,5.761,0.0,0.0
1037.92,6.036,0.0,0.0
1038.43,6.037,0.0,0.0
1038.94,5.781,0.0,0.0
1039.44,6.034,0.0,0.0
1039.95,6.014,0.0,0.0
1040.45,5.709,0.0,0.0
1040.96,6.002,0.0,0.0
1041.46,6.036,0.0,0.0
1041.97,5.919,0.0,0.0
1042.47,5.947,0.0,0.0
1042.98,5.904,0.0,0.0
1043.48,5.754,0.0,0.0
1043.99,5.845,0.0,0.0
1044.49,5.896,0.0,0.0
1045.0,5.903,0.0,0.0
1045.5,5.962,0.0,0.0
1046.01,6.067,0.0,0.0
1046.51,5.906,0.0,0.0
1047.02,5.955,0.0,0.0
1047.52,6.003,0.0,0.0
1048.03,5.703,0.0,0.0
1048.54,5.835,0.0,0.0
1049.05,5.901,0.0,0.0
1049.55,6.097,0.0,0.0
1050.06,6.009,0.0,0.0
1050.56,6.009,0.0,0.0
1051.07,6.098,0.0,0.0
1051.57,5.945,0.0,0.0
1052.08,5.937,0.0,0.0
1052.58,6.095,0.0,0.0
1053.09,6.007,0.0,0.0
1053.59,5.981,0.0,0.0
1054.1,6.053,0.0,0.0
1054.6,5.872,0.0,0.0
1055.11,5.796,0.0,0.0
1055.61,5.978,0.0,0.0
1056.12,6.114,0.0,0.0
1056.62,5.855,0.0,0.0
1057.13,5.711,0.0,0.0
1057.63,5.715,0.0,0.0
1058.14,5.721,0.0,0.0
1058.64,5.724,0.0,0.0
1059.15,5.874,0.0,0.0
1059.65,5.674,0.0,0.0
1060.16,5.634,0.0,0.0
1060.66,5.571,0.0,0.0
1061.17,5.699,0.0,0.0
1061.67,5.686,0.0,0.0
1062.18,5.768,0.0,0.0
1062.68,5.768,0.0,0.0
1063.19,5.622,0.0,0.0
1063.69,5.614,0.0,0.0
1064.2,5.622,0.0,0.0
1064.7,5.57,0.0,0.0
1065.21,5.498,0.0,0.0
1065.71,5.362,0.0,0.0
1066.22,5.488,0.0,0.0
1066.73,5.619,0.0,0.0
1067.23,5.343,0.0,0.0
1067.74,5.616,0.0,0.0
1068.24,5.656,0.0,0.0
1068.75,5.483,0.0,0.0
1069.25,5.726,0.0,0.0
1069.76,5.465,0.0,0.0
1070.26,5.677,0.0,0.0
1070.77,5.668,0.0,0.0
1071.27,5.566,0.0,0.0
1071.78,5.698,0.0,0.0
1072.28,5.711,0.0,0.0
1072.79,5.499,0.0,0.0
1073.29,5.977,0.0,0.0
1073.8,5.735,0.0,0.0
1074.3,5.484,0.0,0.0
1074.81,5.827,0.0,0.0
1075.32,5.838,0.0,0.0
1075.82,5.597,0.0,0.0
1076.33,5.742,0.0,0.0
1076.83,5.492,0.0,0.0
1077.34,5.776,0.0,0.0
1077.84,5.666,0.0,0.0
1078.35,5.872,0.0,0.0
1078.85,5.755,0.0,0.0
1079.36,5.626,0.0,0.0
1079.86,5.875,0.0,0.0
1080.37,5.758,0.0,0.0
1080.87,5.699,0.0,0.0
1081.38,5.908,0.0,0.0
1081.88,5.615,0.0,0.0
1082.39,5.864,0.0,0.0
1082.89,5.903,0.0,0.0
1083.4,5.707,0.0,0.0
1083.9,5.648,0.0,0.0
1084.41,5.82,0.0,0.0
1084.91,5.791,0.0,0.0
1085.42,5.848,0.0,0.0
1085.93,5.675,0.0,0.0
1086.43,5.607,0.0,0.0
1086.94,5.78,0.0,0.0
1087.44,5.696,0.0,0.0
1087.95,5.712,0.0,0.0
1088.45,5.637,0.0,0.0
1088.96,5.862,0.0,0.0
1089.47,5.947,0.0,0.0
1089.97,5.722,0.0,0.0
1090.48,5.925,0.0,0.0
1090.99,5.912,0.0,0.0
1091.49,5.789,0.0,0.0
1092.0,5.877,0.0,0.0
1092.5,5.67,0.0,0.0
1093.0,5.888,0.0,0.0
1093.51,5.907,0.0,0.0
1094.01,5.814,0.0,0.0
1094.52,5.912,0.0,0.0
1095.02,5.703,0.0,0.0
1095.53,5.916,0.0,0.0
1096.03,5.867,0.0,0.0
1096.54,5.736,0.0,0.0
1097.04,5.866,0.0,0.0
1097.55,6.079,0.0,0.0
1098.06,5.905,0.0,0.0
1098.56,5.675,0.0,0.0
1099.07,5.681,0.0,0.0
1099.58,5.69,0.0,0.0
1100.08,5.988,0.0,0.0
1100.59,6.021,0.0,0.0
1101.09,5.919,0.0,0.0
1101.6,6.037,0.0,0.0
1102.1,5.908,0.0,0.0
1102.61,5.826,0.0,0.0
1103.11,5.944,0.0,0.0
1103.62,5.702,0.0,0.0
1104.13,6.046,0.0,0.0
1104.63,5.906,0.0,0.0
1105.14,5.88,0.0,0.0
1105.64,6.072,0.0,0.0
1106.15,6.059,0.0,0.0
1106.65,5.97,0.0,0.0
1107.16,5.938,0.0,0.0
1107.66,5.897,0.0,0.0
1108.17,5.72,0.0,0.0
1108.67,5.741,0.0,0.0
1109.18,5.745,0.0,0.0
1109.68,5.861,0.0,0.0
1110.19,5.797,0.0,0.0
1110.69,5.727,0.0,0.0
1111.2,5.735,0.0,0.0
1111.7,5.735,0.0,0.0
1112.2,5.739,0.0,0.0
1112.71,5.743,0.0,0.0
1113.21,5.748,0.0,0.0
1113.71,5.736,0.0,0.0
1114.22,5.59,0.0,0.0
1114.73,5.484,0.0,0.0
1115.23,5.763,0.0,0.0
1115.74,5.763,0.0,0.0
1116.24,5.653,0.0,0.0
1116.75,5.767,0.0,0.0
1117.26,5.555,0.0,0.0
1117.76,5.792,0.0,0.0
1118.27,5.593,0.0,0.0
1118.77,5.638,0.0,0.0
1119.28,5.938,0.0,0.0
1119.79,5.795,0.0,0.0
1120.29,5.727,0.0,0.0
1120.79,5.991,0.0,0.0
1121.3,5.873,0.0,0.0
1121.8,5.698,0.0,0.0
1122.31,5.868,0.0,0.0
1122.81,5.996,0.0,0.0
1123.32,5.728,0.0,0.0
1123.82,5.695,0.0,0.0
1124.33,6.011,0.0,0.0
1124.83,5.788,0.0,0.0
1125.34,5.63,0.0,0.0
1125.85,6.032,0.0,0.0
1126.35,5.88,0.0,0.0
1126.86,5.833,0.0,0.0
1127.36,5.976,0.0,0.0
1127.87,5.872,0.0,0.0
1128.37,5.836,0.0,0.0
1128.87,5.71,0.0,0.0
1129.38,6.02,0.0,0.0
1129.88,6.027,0.0,0.0
1130.39,5.801,0.0,0.0
1130.89,6.045,0.0,0.0
1131.4,5.845,0.0,0.0
1131.9,5.926,0.0,0.0
1132.41,5.996,0.0,0.0
1132.92,5.854,0.0,0.0
1133.42,5.919,0.0,0.0
1133.93,5.867,0.0,0.0
1134.43,6.065,0.0,0.0
1134.94,6.066,0.0,0.0
1135.44,5.893,0.0,0.0
1135.95,5.903,0.0,0.0
1136.46,5.779,0.0,0.0
1136.96,6.005,0.0,0.0
1137.47,5.906,0.0,0.0
1137.98,5.903,0.0,0.0
1138.48,5.857,0.0,0.0
1138.99,5.865,0.0,0.0
1139.49,5.885,0.0,0.0
1140.0,5.865,0.0,0.0
1140.57,6.077,0.0,0.0
1141.08,6.189,0.0,0.0
1141.59,5.862,0.0,0.0
1142.1,6.256,0.0,0.0
1142.6,6.242,0.0,0.0
1143.11,6.022,0.0,0.0
1143.62,6.104,0.0,0.0
1144.13,5.964,0.0,0.0
1144.63,6.034,0.0,0.0
1145.14,6.058,0.0,0.0
1145.65,6.114,0.0,0.0
1146.15,5.949,0.0,0.0
1146.66,6.155,0.0,0.0
1147.17,6.171,0.0,0.0
1147.68,5.987,0.0,0.0
1148.18,6.087,0.0,0.0
1148.69,6.024,0.0,0.0
1149.2,5.944,0.0,0.0
1149.71,6.097,0.0,0.0
1150.21,5.991,0.0,0.0
1150.73,6.111,0.0,0.0
1151.24,6.09,0.0,0.0
1151.75,5.894,0.0,0.0
1152.25,6.087,0.0,0.0
1152.76,6.097,0.0,0.0
1153.27,6.142,0.0,0.0
1153.78,6.15,0.0,0.0
1154.29,6.11,0.0,0.0
1154.8,5.845,0.0,0.0
1155.31,6.059,0.0,0.0
1155.82,6.06,0.0,0.0
1156.32,5.809,0.0,0.0
1156.82,5.809,0.0,0.0
1157.33,5.937,0.0,0.0
1157.84,6.079,0.0,0.0
1158.35,6.092,0.0,0.0
1158.86,6.189,0.0,0.0
1159.36,6.241,0.0,0.0
1159.87,6.03,0.0,0.0
1160.38,6.075,0.0,0.0
1160.9,6.05,0.0,0.0
1161.41,5.998,0.0,0.0
1161.92,5.923,0.0,0.0
1162.43,6.253,0.0,0.0
1162.94,6.066,0.0,0.0
1163.45,6.149,0.0,0.0
1163.96,6.065,0.0,0.0
1164.47,6.051,0.0,0.0
1164.97,5.908,0.0,0.0
1165.49,6.182,0.0,0.0
1165.99,6.158,0.0,0.0
1166.5,5.964,0.0,0.0
1167.01,6.16,0.0,0.0
1167.52,6.12,0.0,0.0
1168.02,5.885,0.0,0.0
1168.53,6.21,0.0,0.0
1169.04,6.104,0.0,0.0
1169.55,5.926,0.0,0.0
1170.06,6.108,0.0,0.0
1170.56,6.23,0.0,0.0
1171.07,6.081,0.0,0.0
1171.58,6.176,0.0,0.0
1172.09,5.996,0.0,0.0
1172.6,6.089,0.0,0.0
1173.11,5.926,0.0,0.0
1173.62,6.178,0.0,0.0
1174.13,6.172,0.0,0.0
1174.63,5.974,0.0,0.0
1175.14,6.081,0.0,0.0
1175.65,6.169,0.0,0.0
1176.16,6.086,0.0,0.0
1176.67,6.106,0.0,0.0
1177.18,5.99,0.0,0.0
1177.69,6.202,0.0,0.0
1178.2,6.215,0.0,0.0
1178.71,6.38,0.0,0.0
1179.22,6.146,0.0,0.0
1179.73,6.196,0.0,0.0
1180.24,6.185,0.0,0.0
1180.74,6.036,0.0,0.0
1181.26,5.965,0.0,0.0
1181.77,5.94,0.0,0.0
1182.28,6.02,0.0,0.0
1182.78,6.039,0.0,0.0
1183.29,5.914,0.0,0.0
1183.8,5.986,0.0,0.0
1184.31,5.895,0.0,0.0
1184.82,5.851,0.0,0.0
1185.33,5.93,0.0,0.0
1185.84,6.037,0.0,0.0
1186.35,5.845,0.0,0.0
1186.86,6.029,0.0,0.0
1187.37,6.054,0.0,0.0
1187.88,5.711,0.0,0.0
1188.39,5.984,0.0,0.0
1188.9,6.067,0.0,0.0
1189.41,5.746,0.0,0.0
1189.92,5.985,0.0,0.0
1190.42,6.052,0.0,0.0
1190.93,5.934,0.0,0.0
1191.44,6.066,0.0,0.0
1191.95,6.1,0.0,0.0
1192.46,5.971,0.0,0.0
1192.97,5.904,0.0,0.0
1193.48,5.736,0.0,0.0
1193.98,5.736,0.0,0.0
1194.49,5.731,0.0,0.0
1194.99,5.826,0.0,0.0
1195.51,5.983,0.0,0.0
1196.02,5.999,0.0,0.0
1196.53,6.084,0.0,0.0
1197.03,6.056,0.0,0.0
1197.54,5.869,0.0,0.0
1198.05,6.004,0.0,0.0
1198.56,5.826,0.0,0.0
1199.08,6.031,0.0,0.0
1199.59,6.009,0.0,0.0
1200.09,5.886,0.0,0.0
1200.6,6.155,0.0,0.0
1201.1,6.001,0.0,0.0
1201.61,5.969,0.0,0.0
1202.12,5.805,0.0,0.0
1202.63,5.8,0.0,0.0
1203.14,6.005,0.0,0.0
1203.65,6.139,0.0,0.0
1204.15,6.036,0.0,0.0
1204.66,5.909,0.0,0.0
1205.17,5.814,0.0,0.0
1205.68,5.852,0.0,0.0
1206.19,6.025,0.0,0.0
1206.7,5.781,0.0,0.0
1207.21,6.025,0.0,0.0
1207.72,5.99,0.0,0.0
1208.23,6.017,0.0,0.0
1208.74,5.873,0.0,0.0
1209.24,5.934,0.0,0.0
1209.75,5.84,0.0,0.0
1210.26,5.974,0.0,0.0
1210.77,6.016,0.0,0.0
1211.28,5.833,0.0,0.0
1211.79,5.977,0.0,0.0
1212.3,5.907,0.0,0.0
1212.81,5.755,0.0,0.0
1213.32,5.943,0.0,0.0
1213.83,5.813,0.0,0.0
1214.34,5.939,0.0,0.0
1214.85,5.853,0.0,0.0
1215.36,5.922,0.0,0.0
1215.86,6.01,0.0,0.0
1216.37,6.035,0.0,0.0
1216.88,6.129,0.0,0.0
1217.39,6.02,0.0,0.0
1217.9,5.925,0.0,0.0
1218.4,5.9,0.0,0.0
1218.91,5.937,0.0,0.0
1219.42,5.925,0.0,0.0
1219.93,6.019,0.0,0.0
1220.44,5.771,0.0,0.0
1220.95,5.799,0.0,0.0
1221.46,5.849,0.0,0.0
1221.96,5.843,0.0,0.0
1222.47,5.938,0.0,0.0
1222.98,6.177,0.0,0.0
1223.49,6.031,0.0,0.0
1224.0,6.125,0.0,0.0
1224.51,5.887,0.0,0.0
1225.02,5.779,0.0,0.0
1225.52,6.153,0.0,0.0
1226.03,6.0,0.0,0.0
1226.54,6.0,0.0,0.0
1227.05,5.948,0.0,0.0
1227.56,5.754,0.0,0.0
1228.06,6.022,0.0,0.0
1228.57,6.075,0.0,0.0
1229.08,5.815,0.0,0.0
1229.59,5.89,0.0,0.0
1230.1,6.021,0.0,0.0
1230.61,5.846,0.0,0.0
1231.12,5.723,0.0,0.0
1231.63,5.723,0.0,0.0
1232.14,5.723,0.0,0.0
1232.65,5.723,0.0,0.0
1233.16,5.723,0.0,0.0
1233.66,5.723,0.0,0.0
1234.17,5.723,0.0,0.0
1234.68,5.723,0.0,0.0
1235.19,5.723,0.0,0.0
1235.7,5.724,0.0,0.0
1236.2,5.724,0.0,0.0
1236.71,5.724,0.0,0.0
1237.22,5.964,0.0,0.0
1237.73,5.954,0.0,0.0
1238.24,5.822,0.0,0.0
1238.75,6.032,0.0,0.0
1239.26,6.027,0.0,0.0
1239.77,6.242,0.0,0.0
1240.28,6.011,0.0,0.0
1240.79,5.729,0.0,0.0
1241.3,5.777,0.0,0.0
1241.8,5.947,0.0,0.0
1242.31,5.922,0.0,0.0
1242.82,5.937,0.0,0.0
1243.33,5.892,0.0,0.0
1243.84,5.908,0.0,0.0
1244.35,5.783,0.0,0.0
1244.86,5.93,0.0,0.0
1245.37,6.02,0.0,0.0
1245.88,6.023,0.0,0.0
1246.39,6.044,0.0,0.0
1246.9,5.987,0.0,0.0
1247.41,5.909,0.0,0.0
1247.92,5.84,0.0,0.0
1248.43,5.943,0.0,0.0
1248.93,5.958,0.0,0.0
1249.44,5.975,0.0,0.0
1249.95,5.651,0.0,0.0
1250.46,6.013,0.0,0.0
1250.97,6.017,0.0,0.0
1251.48,5.674,0.0,0.0
1251.99,6.116,0.0,0.0
1252.5,6.028,0.0,0.0
1253.01,5.961,0.0,0.0
1253.52,5.888,0.0,0.0
1254.03,5.748,0.0,0.0
1254.54,6.035,0.0,0.0
1255.05,6.038,0.0,0.0
1255.56,6.05,0.0,0.0
1256.07,5.893,0.0,0.0
1256.58,6.008,0.0,0.0
1257.08,5.975,0.0,0.0
1257.6,6.028,0.0,0.0
1258.11,5.862,0.0,0.0
1258.61,6.009,0.0,0.0
1259.12,5.852,0.0,0.0
1259.63,5.912,0.0,0.0
1260.14,6.013,0.0,0.0
1260.65,5.772,0.0,0.0
1261.15,6.113,0.0,0.0
1261.66,6.099,0.0,0.0
1262.17,5.853,0.0,0.0
1262.68,5.823,0.0,0.0
1263.19,5.972,0.0,0.0
1263.7,5.98,0.0,0.0
1264.21,6.011,0.0,0.0
1264.71,5.938,0.0,0.0
1265.22,5.729,0.0,0.0
1265.74,5.832,0.0,0.0
1266.25,5.956,0.0,0.0
1266.76,5.766,0.0,0.0
1267.27,6.045,0.0,0.0
1267.78,5.942,0.0,0.0
1268.28,5.689,0.0,0.0
1268.79,5.914,0.0,0.0
1269.3,6.019,0.0,0.0
1269.81,5.718,0.0,0.0
1270.31,5.866,0.0,0.0
1270.82,6.091,0.0,0.0
1271.33,5.838,0.0,0.0
1271.83,5.928,0.0,0.0
1272.34,5.745,0.0,0.0
1272.85,5.828,0.0,0.0
1273.36,6.021,0.0,0.0
1273.87,5.951,0.0,0.0
1274.37,5.774,0.0,0.0
1274.88,5.679,0.0,0.0
1275.39,5.679,0.0,0.0
1275.9,5.679,0.0,0.0
1276.4,5.679,0.0,0.0
1276.91,5.679,0.0,0.0
1277.42,5.679,0.0,0.0
1277.92,5.679,0.0,0.0
1278.43,5.679,0.0,0.0
1278.94,5.712,0.0,0.0
1279.45,5.797,0.0,0.0
1279.96,6.091,0.0,0.0
1280.46,5.727,0.0,0.0
1280.97,6.014,0.0,0.0
1281.48,5.907,0.0,0.0
1281.99,5.882,0.0,0.0
1282.5,6.031,0.0,0.0
1283.01,5.988,0.0,0.0
1283.52,5.758,0.0,0.0
1284.03,5.83,0.0,0.0
1284.54,5.877,0.0,0.0
1285.05,6.098,0.0,0.0
1285.55,5.848,0.0,0.0
1286.06,5.842,0.0,0.0
1286.56,6.009,0.0,0.0
1287.07,5.692,0.0,0.0
1287.58,6.016,0.0,0.0
1288.09,5.892,0.0,0.0
1288.6,5.867,0.0,0.0
1289.11,5.94,0.0,0.0
1289.62,6.18,0.0,0.0
1290.13,6.054,0.0,0.0
1290.63,6.221,0.0,0.0
1291.14,5.976,0.0,0.0
1291.65,6.119,0.0,0.0
1292.16,5.917,0.0,0.0
1292.67,5.981,0.0,0.0
1293.17,5.864,0.0,0.0
1293.68,5.974,0.0,0.0
1294.19,6.002,0.0,0.0
1294.7,6.06,0.0,0.0
1295.21,6.082,0.0,0.0
1295.72,6.003,0.0,0.0
1296.23,5.895,0.0,0.0
1296.73,5.978,0.0,0.0
1297.24,5.841,0.0,0.0
1297.75,5.898,0.0,0.0
1298.26,6.082,0.0,0.0
1298.77,5.899,0.0,0.0
1299.28,5.99,0.0,0.0
1299.79,5.674,0.0,0.0
1300.29,5.895,0.0,0.0
1300.8,6.024,0.0,0.0
1301.31,6.107,0.0,0.0
1301.82,6.033,0.0,0.0
1302.33,5.942,0.0,0.0
1302.84,5.999,0.0,0.0
1303.35,6.048,0.0,0.0
1303.86,5.857,0.0,0.0
1304.36,5.957,0.0,0.0
1304.87,5.842,0.0,0.0
1305.38,6.08,0.0,0.0
1305.89,5.931,0.0,0.0
1306.39,6.073,0.0,0.0
1306.9,6.015,0.0,0.0
1307.41,6.02,0.0,0.0
1307.92,6.05,0.0,0.0
1308.43,5.909,0.0,0.0
1308.94,5.81,0.0,0.0
1309.44,5.998,0.0,0.0
1309.95,5.902,0.0,0.0
1310.46,5.827,0.0,0.0
1310.97,6.024,0.0,0.0
1311.48,5.768,0.0,0.0
1311.99,6.011,0.0,0.0
1312.5,5.957,0.0,0.0
1313.01,5.664,0.0,0.0
1313.51,6.022,0.0,0.0
1314.02,6.032,0.0,0.0
1314.53,5.647,0.0,0.0
1315.03,5.648,0.0,0.0
1315.54,5.648,0.0,0.0
1316.05,5.648,0.0,0.0
1316.55,5.957,0.0,0.0
1317.06,5.957,0.0,0.0
1317.57,6.074,0.0,0.0
1318.08,5.833,0.0,0.0
1318.59,5.688,0.0,0.0
1319.1,6.159,0.0,0.0
1319.61,6.081,0.0,0.0
1320.11,6.131,0.0,0.0
1320.62,6.07,0.0,0.0
1321.13,5.763,0.0,0.0
1321.64,6.135,0.0,0.0
1322.15,5.957,0.0,0.0
1322.66,6.138,0.0,0.0
1323.16,5.98,0.0,0.0
1323.67,6.095,0.0,0.0
1324.18,5.891,0.0,0.0
1324.69,6.003,0.0,0.0
1325.19,5.927,0.0,0.0
1325.7,5.846,0.0,0.0
1326.21,6.019,0.0,0.0
1326.72,5.929,0.0,0.0
1327.23,5.801,0.0,0.0
1327.74,6.033,0.0,0.0
1328.25,6.014,0.0,0.0
1328.76,6.136,0.0,0.0
1329.26,5.825,0.0,0.0
1329.77,5.743,0.0,0.0
1330.28,5.934,0.0,0.0
1330.78,5.929,0.0,0.0
1331.29,5.762,0.0,0.0
1331.8,5.929,0.0,0.0
1332.31,6.09,0.0,0.0
1332.82,5.94,0.0,0.0
1333.33,5.917,0.0,0.0
1333.84,5.997,0.0,0.0
1334.35,5.664,0.0,0.0
1334.86,5.99,0.0,0.0
1335.37,6.023,0.0,0.0
1335.87,6.037,0.0,0.0
1336.38,5.894,0.0,0.0
1336.89,5.782,0.0,0.0
1337.4,5.9,0.0,0.0
1337.91,5.802,0.0,0.0
1338.42,5.917,0.0,0.0
1338.92,5.829,0.0,0.0
1339.43,5.928,0.0,0.0
1339.94,6.016,0.0,0.0
1340.44,5.929,0.0,0.0
1340.95,5.881,0.0,0.0
1341.46,5.845,0.0,0.0
1341.97,5.997,0.0,0.0
1342.47,5.912,0.0,0.0
1342.98,6.111,0.0,0.0
1343.49,5.962,0.0,0.0
1343.99,6.028,0.0,0.0
1344.5,6.083,0.0,0.0
1345.0,6.044,0.0,0.0
1345.51,5.983,0.0,0.0
1346.02,5.892,0.0,0.0
1346.52,5.757,0.0,0.0
1347.03,5.912,0.0,0.0
1347.54,6.038,0.0,0.0
1348.05,5.988,0.0,0.0
1348.56,5.867,0.0,0.0
1349.07,6.062,0.0,0.0
1349.58,5.654,0.0,0.0
1350.09,5.83,0.0,0.0
1350.6,5.828,0.0,0.0
1351.11,5.676,0.0,0.0
1351.62,5.676,0.0,0.0
1352.12,5.746,0.0,0.0
1352.63,5.668,0.0,0.0
1353.14,5.668,0.0,0.0
1353.65,5.668,0.0,0.0
1354.16,5.668,0.0,0.0
1354.66,5.668,0.0,0.0
1355.17,5.668,0.0,0.0
1355.68,5.668,0.0,0.0
1356.19,5.668,0.0,0.0
1356.7,5.807,0.0,0.0
1357.21,5.958,0.0,0.0
1357.72,5.73,0.0,0.0
1358.23,6.009,0.0,0.0
1358.74,6.077,0.0,0.0
1359.24,5.926,0.0,0.0
1359.75,5.985,0.0,0.0
1360.26,5.987,0.0,0.0
1360.77,6.071,0.0,0.0
1361.28,5.975,0.0,0.0
1361.78,5.936,0.0,0.0
1362.29,5.891,0.0,0.0
1362.8,6.022,0.0,0.0
1363.31,6.066,0.0,0.0
1363.82,6.15,0.0,0.0
1364.33,6.029,0.0,0.0
1364.84,5.837,0.0,0.0
1365.35,5.912,0.0,0.0
1365.85,5.886,0.0,0.0
1366.37,5.981,0.0,0.0
1366.88,6.091,0.0,0.0
1367.39,6.037,0.0,0.0
1367.9,5.799,0.0,0.0
1368.4,6.072,0.0,0.0
1368.91,6.019,0.0,0.0
1369.41,5.95,0.0,0.0
1369.92,5.98,0.0,0.0
1370.43,5.912,0.0,0.0
1370.93,5.872,0.0,0.0
1371.44,5.892,0.0,0.0
1371.95,5.94,0.0,0.0
1372.46,5.811,0.0,0.0
1372.97,5.978,0.0,0.0
1373.48,6.039,0.0,0.0
1373.99,5.674,0.0,0.0
1374.5,5.903,0.0,0.0
1375.01,5.809,0.0,0.0
1375.52,5.838,0.0,0.0
1376.02,5.975,0.0,0.0
1376.53,6.111,0.0,0.0
1377.04,6.034,0.0,0.0
1377.55,5.967,0.0,0.0
1378.06,6.136,0.0,0.0
1378.56,5.936,0.0,0.0
1379.07,6.062,0.0,0.0
1379.58,6.013,0.0,0.0
1380.09,5.777,0.0,0.0
1380.6,5.992,0.0,0.0
1381.11,5.947,0.0,0.0
1381.63,5.752,0.0,0.0
1382.14,5.771,0.0,0.0
1382.65,5.776,0.0,0.0
1383.16,5.965,0.0,0.0
1383.67,6.081,0.0,0.0
1384.18,5.752,0.0,0.0
1384.69,5.98,0.0,0.0
1385.2,5.942,0.0,0.0
1385.71,5.821,0.0,0.0
1386.21,5.935,0.0,0.0
1386.72,5.926,0.0,0.0
1387.23,5.857,0.0,0.0
1387.74,6.073,0.0,0.0
1388.25,5.8,0.0,0.0
1388.76,5.99,0.0,0.0
1389.27,5.905,0.0,0.0
1389.78,5.745,0.0,0.0
1390.29,6.011,0.0,0.0
1390.8,5.877,0.0,0.0
1391.31,5.934,0.0,0.0
1391.81,5.982,0.0,0.0
1392.32,5.982,0.0,0.0
1392.83,6.148,0.0,0.0
1393.34,5.9,0.0,0.0
1393.85,5.656,0.0,0.0
1394.36,5.656,0.0,0.0
1394.87,5.656,0.0,0.0
1395.37,5.657,0.0,0.0
1395.88,5.995,0.0,0.0
1396.39,5.961,0.0,0.0
1396.9,5.663,0.0,0.0
1397.41,6.012,0.0,0.0
1397.92,5.931,0.0,0.0
1398.43,6.088,0.0,0.0
1398.94,5.849,0.0,0.0
1399.45,5.868,0.0,0.0
1399.96,5.885,0.0,0.0
1400.47,5.982,0.0,0.0
1400.98,5.882,0.0,0.0
1401.49,6.045,0.0,0.0
1402.0,5.763,0.0,0.0
1402.51,5.946,0.0,0.0
1403.02,6.032,0.0,0.0
1403.53,5.795,0.0,0.0
1404.04,6.094,0.0,0.0
1404.55,6.002,0.0,0.0
1405.06,5.774,0.0,0.0
1405.57,6.21,0.0,0.0
1406.08,6.114,0.0,0.0
1406.59,6.132,0.0,0.0
1407.1,5.947,0.0,0.0
1407.61,5.807,0.0,0.0
1408.11,5.899,0.0,0.0
1408.62,5.806,0.0,0.0
1409.14,6.017,0.0,0.0
1409.65,6.029,0.0,0.0
1410.16,6.067,0.0,0.0
1410.67,5.894,0.0,0.0
1411.18,5.966,0.0,0.0
1411.69,5.855,0.0,0.0
1412.2,5.8,0.0,0.0
1412.7,5.931,0.0,0.0
1413.21,5.95,0.0,0.0
1413.72,5.98,0.0,0.0
1414.23,5.85,0.0,0.0
1414.74,5.911,0.0,0.0
1415.24,6.158,0.0,0.0
1415.75,5.861,0.0,0.0
1416.26,6.093,0.0,0.0
1416.76,6.037,0.0,0.0
1417.27,6.057,0.0,0.0
1417.78,5.915,0.0,0.0
1418.29,5.863,0.0,0.0
1418.79,6.028,0.0,0.0
1419.3,5.876,0.0,0.0
1419.81,6.03,0.0,0.0
1420.31,5.855,0.0,0.0
1420.82,5.739,0.0,0.0
1421.33,5.879,0.0,0.0
1421.84,5.844,0.0,0.0
1422.34,6.117,0.0,0.0
1422.85,6.022,0.0,0.0
1423.36,6.039,0.0,0.0
1423.87,6.04,0.0,0.0
1424.37,5.9,0.0,0.0
1424.88,5.851,0.0,0.0
1425.39,5.752,0.0,0.0
1425.9,5.986,0.0,0.0
1426.41,5.972,0.0,0.0
1426.92,5.862,0.0,0.0
1427.42,6.021,0.0,0.0
1427.93,5.913,0.0,0.0
1428.44,5.86,0.0,0.0
1428.95,5.95,0.0,0.0
1429.46,5.809,0.0,0.0
1429.97,6.029,0.0,0.0
1430.48,5.923,0.0,0.0
1430.99,5.923,0.0,0.0
1431.5,5.772,0.0,0.0
1432.01,5.953,0.0,0.0
1432.52,5.937,0.0,0.0
1433.02,5.672,0.0,0.0
1433.53,5.672,0.0,0.0
1434.04,5.672,0.0,0.0
1434.54,5.672,0.0,0.0
1435.05,5.672,0.0,0.0
1435.56,5.964,0.0,0.0
1436.07,6.012,0.0,0.0
1436.57,5.959,0.0,0.0
1437.08,6.011,0.0,0.0
1437.59,6.018,0.0,0.0
1438.09,5.989,0.0,0.0
1438.6,6.158,0.0,0.0
1439.11,6.08,0.0,0.0
1439.61,5.908,0.0,0.0
1440.12,5.839,0.0,0.0
1440.62,5.875,0.0,0.0
1441.13,5.936,0.0,0.0
1441.64,5.997,0.0,0.0
1442.14,5.946,0.0,0.0
1442.65,5.908,0.0,0.0
1443.16,5.958,0.0,0.0
1443.67,6.014,0.0,0.0
1444.18,5.997,0.0,0.0
1444.69,5.813,0.0,0.0
1445.2,5.933,0.0,0.0
1445.71,6.205,0.0,0.0
1446.22,6.031,0.0,0.0
1446.72,6.123,0.0,0.0
1447.24,5.764,0.0,0.0
1447.74,5.873,0.0,0.0
1448.25,6.012,0.0,0.0
1448.76,5.925,0.0,0.0
1449.27,5.861,0.0,0.0
1449.78,6.011,0.0,0.0
1450.29,6.022,0.0,0.0
1450.8,6.033,0.0,0.0
1451.31,5.922,0.0,0.0
1451.81,5.822,0.0,0.0
1452.32,5.98,0.0,0.0
1452.83,5.853,0.0,0.0
1453.34,6.054,0.0,0.0
1453.85,6.104,0.0,0.0
1454.36,5.928,0.0,0.0
1454.87,5.931,0.0,0.0
1455.38,5.966,0.0,0.0
1455.88,5.943,0.0,0.0
1456.39,5.74,0.0,0.0
1456.91,5.995,0.0,0.0
1457.41,5.759,0.0,0.0
1457.92,5.778,0.0,0.0
1458.43,5.813,0.0,0.0
1458.94,6.021,0.0,0.0
1459.45,6.047,0.0,0.0
1459.96,5.986,0.0,0.0
1460.47,5.881,0.0,0.0
1460.98,6.084,0.0,0.0
1461.49,6.209,0.0,0.0
1461.99,6.047,0.0,0.0
1462.5,5.995,0.0,0.0
1463.01,5.848,0.0,0.0
1463.52,5.946,0.0,0.0
1464.03,5.692,0.0,0.0
1464.54,6.028,0.0,0.0
1465.04,5.98,0.0,0.0
1465.55,5.722,0.0,0.0
1466.06,6.036,0.0,0.0
1466.57,5.996,0.0,0.0
1467.08,5.875,0.0,0.0
1467.59,5.852,0.0,0.0
1468.09,5.932,0.0,0.0
1468.6,5.776,0.0,0.0
1469.11,5.95,0.0,0.0
1469.62,6.032,0.0,0.0
1470.13,5.73,0.0,0.0
1470.64,6.131,0.0,0.0
1471.15,5.972,0.0,0.0
1471.66,5.726,0.0,0.0
1472.17,5.702,0.0,0.0
1472.68,5.677,0.0,0.0
1473.18,5.677,0.0,0.0
1473.69,5.677,0.0,0.0
1474.19,6.036,0.0,0.0
1474.7,5.938,0.0,0.0
1475.21,6.075,0.0,0.0
1475.71,5.967,0.0,0.0
1476.22,5.84,0.0,0.0
1476.73,6.084,0.0,0.0
1477.24,6.032,0.0,0.0
1477.75,5.862,0.0,0.0
1478.25,5.779,0.0,0.0
1478.75,5.861,0.0,0.0
1479.26,6.09,0.0,0.0
1479.77,6.081,0.0,0.0
1480.28,6.129,0.0,0.0
1480.79,6.01,0.0,0.0
1481.29,5.77,0.0,0.0
1481.8,5.867,0.0,0.0
1482.31,6.037,0.0,0.0
1482.81,6.006,0.0,0.0
1483.31,5.964,0.0,0.0
1483.82,5.948,0.0,0.0
1484.33,5.79,0.0,0.0
1484.84,5.933,0.0,0.0
1485.35,5.941,0.0,0.0
1485.86,5.984,0.0,0.0
1486.37,5.919,0.0,0.0
1486.87,5.961,0.0,0.0
1487.38,5.836,0.0,0.0
1487.88,6.022,0.0,0.0
1488.39,6.0,0.0,0.0
1488.9,6.062,0.0,0.0
1489.4,5.987,0.0,0.0
1489.91,5.76,0.0,0.0
1490.41,6.081,0.0,0.0
1490.92,5.893,0.0,0.0
1491.43,6.049,0.0,0.0
1491.94,6.086,0.0,0.0
1492.45,5.789,0.0,0.0
1492.95,5.782,0.0,0.0
1493.46,5.919,0.0,0.0
1493.97,6.076,0.0,0.0
1494.48,5.941,0.0,0.0
1494.99,5.925,0.0,0.0
1495.5,6.01,0.0,0.0
1496.01,6.019,0.0,0.0
1496.52,5.992,0.0,0.0
1497.02,5.974,0.0,0.0
1497.53,5.826,0.0,0.0
1498.04,5.775,0.0,0.0
1498.55,5.868,0.0,0.0
1499.06,5.841,0.0,0.0
1499.57,5.781,0.0,0.0
1500.08,5.805,0.0,0.0
1500.58,5.945,0.0,0.0
1501.09,5.704,0.0,0.0
1501.6,5.895,0.0,0.0
1502.11,6.001,0.0,0.0
1502.62,6.118,0.0,0.0
1503.13,6.03,0.0,0.0
1503.64,6.268,0.0,0.0
1504.14,6.044,0.0,0.0
1504.65,6.021,0.0,0.0
1505.16,5.87,0.0,0.0
1505.67,5.769,0.0,0.0
1506.18,6.025,0.0,0.0
1506.69,5.944,0.0,0.0
1507.2,5.924,0.0,0.0
1507.71,6.004,0.0,0.0
1508.22,5.75,0.0,0.0
1508.72,5.95,0.0,0.0
1509.23,5.874,0.0,0.0
1509.74,5.749,0.0,0.0
1510.25,5.682,0.0,0.0
1510.76,5.682,0.0,0.0
1511.27,5.682,0.0,0.0
1511.77,5.682,0.0,0.0
1512.28,5.682,0.0,0.0
1512.78,5.682,0.0,0.0
1513.29,5.682,0.0,0.0
1513.8,5.682,0.0,0.0
1514.31,5.682,0.0,0.0
1514.81,5.682,0.0,0.0
1515.32,5.896,0.0,0.0
1515.83,5.966,0.0,0.0
1516.34,5.701,0.0,0.0
1516.84,6.135,0.0,0.0
1517.35,6.073,0.0,0.0
1517.85,6.095,0.0,0.0
1518.36,5.752,0.0,0.0
1518.87,5.854,0.0,0.0
1519.38,6.081,0.0,0.0
1519.89,6.002,0.0,0.0
1520.4,5.984,0.0,0.0
1520.9,5.927,0.0,0.0
1521.41,6.069,0.0,0.0
1521.92,6.113,0.0,0.0
1522.43,5.919,0.0,0.0
1522.94,5.86,0.0,0.0
1523.44,6.026,0.0,0.0
1523.95,5.772,0.0,0.0
1524.46,6.04,0.0,0.0
1524.96,5.854,0.0,0.0
1525.47,5.909,0.0,0.0
1525.98,5.814,0.0,0.0
1526.49,5.92,0.0,0.0
1527.0,6.015,0.0,0.0
1527.51,5.996,0.0,0.0
1528.01,6.114,0.0,0.0
1528.52,5.864,0.0,0.0
1529.03,5.826,0.0,0.0
1529.53,6.125,0.0,0.0
1530.04,5.931,0.0,0.0
1530.55,5.99,0.0,0.0
1531.06,5.784,0.0,0.0
1531.57,5.973,0.0,0.0
1532.08,6.092,0.0,0.0
1532.59,6.122,0.0,0.0
1533.1,6.041,0.0,0.0
1533.61,5.733,0.0,0.0
1534.12,5.906,0.0,0.0
1534.63,6.025,0.0,0.0
1535.14,5.958,0.0,0.0
1535.65,6.082,0.0,0.0
1536.16,6.004,0.0,0.0
1536.67,5.908,0.0,0.0
1537.17,5.701,0.0,0.0
1537.68,5.715,0.0,0.0
1538.19,5.922,0.0,0.0
1538.69,5.996,0.0,0.0
1539.2,5.739,0.0,0.0
1539.71,6.041,0.0,0.0
1540.21,5.91,0.0,0.0
1540.72,5.842,0.0,0.0
1541.23,5.931,0.0,0.0
1541.73,5.751,0.0,0.0
1542.24,5.942,0.0,0.0
1542.74,5.994,0.0,0.0
1543.25,5.981,0.0,0.0
1543.76,6.044,0.0,0.0
1544.27,6.034,0.0,0.0
1544.78,6.119,0.0,0.0
1545.29,5.917,0.0,0.0
1545.8,5.797,0.0,0.0
1546.3,5.903,0.0,0.0
1546.81,5.775,0.0,0.0
1547.32,5.919,0.0,0.0
1547.83,5.946,0.0,0.0
1548.34,5.936,0.0,0.0
1548.84,5.907,0.0,0.0
1549.35,5.986,0.0,0.0
1549.86,5.921,0.0,0.0
1550.37,6.157,0.0,0.0
1550.88,5.91,0.0,0.0
1551.39,6.077,0.0,0.0
1551.9,6.017,0.0,0.0
1552.41,5.812,0.0,0.0
1552.91,5.726,0.0,0.0
1553.42,5.729,0.0,0.0
1553.92,5.799,0.0,0.0
1554.43,5.943,0.0,0.0
1554.94,5.907,0.0,0.0
1555.45,5.992,0.0,0.0
1555.96,6.022,0.0,0.0
1556.47,5.889,0.0,0.0
1556.97,5.972,0.0,0.0
1557.48,5.857,0.0,0.0
1557.99,5.953,0.0,0.0
1558.5,5.969,0.0,0.0
1559.01,5.695,0.0,0.0
1559.52,5.849,0.0,0.0
1560.02,6.067,0.0,0.0
1560.53,6.041,0.0,0.0
1561.04,6.042,0.0,0.0
1561.55,5.928,0.0,0.0
1562.05,6.022,0.0,0.0
1562.56,5.802,0.0,0.0
1563.07,5.987,0.0,0.0
1563.58,6.078,0.0,0.0
1564.09,5.772,0.0,0.0
1564.59,6.01,0.0,0.0
1565.1,6.021,0.0,0.0
1565.61,5.811,0.0,0.0
1566.12,6.0,0.0,0.0
1566.63,6.045,0.0,0.0
1567.14,6.102,0.0,0.0
1567.65,5.965,0.0,0.0
1568.15,6.09,0.0,0.0
1568.66,5.961,0.0,0.0
1569.17,5.99,0.0,0.0
1569.68,5.869,0.0,0.0
1570.19,6.115,0.0,0.0
1570.7,5.767,0.0,0.0
1571.21,6.008,0.0,0.0
1571.72,5.838,0.0,0.0
1572.23,6.039,0.0,0.0
1572.73,5.974,0.0,0.0
1573.24,5.863,0.0,0.0
1573.75,5.984,0.0,0.0
1574.26,5.929,0.0,0.0
1574.78,6.043,0.0,0.0
1575.28,6.03,0.0,0.0
1575.8,5.984,0.0,0.0
1576.3,5.899,0.0,0.0
1576.81,5.694,0.0,0.0
1577.32,6.09,0.0,0.0
1577.83,6.044,0.0,0.0
1578.34,5.953,0.0,0.0
1578.85,6.116,0.0,0.0
1579.35,6.023,0.0,0.0
1579.86,5.992,0.0,0.0
1580.37,5.86,0.0,0.0
1580.88,5.853,0.0,0.0
1581.39,5.785,0.0,0.0
1581.9,5.78,0.0,0.0
1582.41,5.974,0.0,0.0
1582.92,6.034,0.0,0.0
1583.43,5.997,0.0,0.0
1583.94,6.033,0.0,0.0
1584.45,5.801,0.0,0.0
1584.96,6.065,0.0,0.0
1585.47,5.952,0.0,0.0
1585.97,6.094,0.0,0.0
1586.48,6.134,0.0,0.0
1587.75,6.148,0.0,0.0
1588.26,5.878,0.0,0.0
1588.76,5.98,0.0,0.0
1589.27,6.024,0.0,0.0
1589.78,5.854,0.0,0.0
1590.29,6.09,0.0,0.0
1590.8,5.857,0.0,0.0
1591.3,6.037,0.0,0.0
1591.81,5.788,0.0,0.0
1592.31,5.805,0.0,0.0
1592.82,5.805,0.0,0.0
1593.33,5.805,0.0,0.0
1593.84,5.805,0.0,0.0
1594.35,5.805,0.0,0.0
1594.85,5.805,0.0,0.0
1595.36,5.806,0.0,0.0
1595.87,5.806,0.0,0.0
1596.38,5.945,0.0,0.0
1596.89,6.007,0.0,0.0
1597.39,6.001,0.0,0.0
1597.9,5.901,0.0,0.0
1598.41,6.018,0.0,0.0
1598.92,6.33,0.0,0.0
1599.43,6.173,0.0,0.0
1599.94,6.061,0.0,0.0
1600.44,6.111,0.0,0.0
1600.95,6.093,0.0,0.0
1601.46,6.175,0.0,0.0
1601.97,6.171,0.0,0.0
1602.48,5.978,0.0,0.0
1602.99,5.845,0.0,0.0
1603.5,6.049,0.0,0.0
1604.01,5.982,0.0,0.0
1604.52,6.122,0.0,0.0
1605.02,6.185,0.0,0.0
1605.54,6.168,0.0,0.0
1606.04,6.063,0.0,0.0
1606.55,5.987,0.0,0.0
1607.06,6.189,0.0,0.0
1607.57,6.272,0.0,0.0
1608.08,6.124,0.0,0.0
1608.59,6.135,0.0,0.0
1609.1,6.198,0.0,0.0
1609.61,6.121,0.0,0.0
1610.12,5.963,0.0,0.0
1610.62,6.121,0.0,0.0
1611.13,6.174,0.0,0.0
1611.64,5.903,0.0,0.0
1612.15,6.053,0.0,0.0
1612.66,6.128,0.0,0.0
1613.17,6.183,0.0,0.0
1613.68,6.188,0.0,0.0
1614.19,6.114,0.0,0.0
1614.7,5.861,0.0,0.0
1615.21,6.071,0.0,0.0
1615.72,6.255,0.0,0.0
1616.23,6.229,0.0,0.0
1616.74,6.158,0.0,0.0
1617.25,6.075,0.0,0.0
1617.76,5.849,0.0,0.0
1618.27,5.953,0.0,0.0
1618.78,5.999,0.0,0.0
1619.28,6.1,0.0,0.0
1619.79,6.051,0.0,0.0
1620.3,6.049,0.0,0.0
1620.81,5.93,0.0,0.0
1621.32,6.002,0.0,0.0
1621.82,5.842,0.0,0.0
1622.33,6.085,0.0,0.0
1622.84,6.199,0.0,0.0
1623.35,6.141,0.0,0.0
1623.86,6.118,0.0,0.0
1624.37,6.076,0.0,0.0
1624.88,6.124,0.0,0.0
1625.38,6.227,0.0,0.0
1625.89,5.925,0.0,0.0
1626.4,6.008,0.0,0.0
1626.9,5.895,0.0,0.0
1627.41,6.004,0.0,0.0
1627.91,6.073,0.0,0.0
1628.42,6.008,0.0,0.0
1628.93,5.981,0.0,0.0
1629.43,6.063,0.0,0.0
1629.94,5.917,0.0,0.0
1630.44,6.069,0.0,0.0
1630.95,6.037,0.0,0.0
1631.46,5.951,0.0,0.0
1631.97,5.876,0.0,0.0
1632.47,6.13,0.0,0.0
1632.98,6.108,0.0,0.0
1633.49,6.257,0.0,0.0
1634.0,6.016,0.0,0.0
1634.51,5.924,0.0,0.0
1635.02,5.816,0.0,0.0
1635.52,5.816,0.0,0.0
1636.03,5.816,0.0,0.0
1636.54,6.088,0.0,0.0
1637.05,6.0,0.0,0.0
1637.55,5.886,0.0,0.0
1638.06,5.972,0.0,0.0
1638.57,6.066,0.0,0.0
1639.08,5.982,0.0,0.0
1639.59,5.962,0.0,0.0
1640.1,6.127,0.0,0.0
1640.6,6.147,0.0,0.0
1641.11,6.133,0.0,0.0
1641.63,5.923,0.0,0.0
1642.13,6.154,0.0,0.0
1642.64,5.997,0.0,0.0
1643.15,6.277,0.0,0.0
1643.67,6.163,0.0,0.0
1644.18,6.142,0.0,0.0
1644.68,6.057,0.0,0.0
1645.19,5.963,0.0,0.0
1645.7,6.034,0.0,0.0
1646.21,6.152,0.0,0.0
1646.72,5.935,0.0,0.0
1647.23,5.982,0.0,0.0
1647.73,6.14,0.0,0.0
1648.24,6.146,0.0,0.0
1648.75,6.243,0.0,0.0
1649.26,6.074,0.0,0.0
1649.77,5.932,0.0,0.0
1650.27,6.186,0.0,0.0
1650.78,6.261,0.0,0.0
1651.29,6.279,0.0,0.0
1651.81,5.993,0.0,0.0
1652.31,5.824,0.0,0.0
1652.83,5.963,0.0,0.0
1653.34,5.969,0.0,0.0
1653.85,6.076,0.0,0.0
1654.35,6.077,0.0,0.0
1654.86,5.87,0.0,0.0
1655.37,6.15,0.0,0.0
1655.88,6.19,0.0,0.0
1656.39,6.062,0.0,0.0
1656.9,6.056,0.0,0.0
1657.41,5.968,0.0,0.0
1657.91,6.219,0.0,0.0
1658.42,6.285,0.0,0.0
1658.93,6.073,0.0,0.0
1659.44,6.094,0.0,0.0
1659.95,6.037,0.0,0.0
1660.46,6.22,0.0,0.0
1660.97,6.071,0.0,0.0
1661.48,6.032,0.0,0.0
1661.99,5.998,0.0,0.0
1662.5,6.165,0.0,0.0
1663.01,5.936,0.0,0.0
1663.52,5.96,0.0,0.0
1664.03,5.97,0.0,0.0
1664.54,6.128,0.0,0.0
1665.05,6.132,0.0,0.0
1665.56,6.063,0.0,0.0
1666.07,6.065,0.0,0.0
1666.58,6.199,0.0,0.0
1667.09,6.077,0.0,0.0
1667.6,5.919,0.0,0.0
1668.1,6.049,0.0,0.0
1668.61,6.032,0.0,0.0
1669.12,6.31,0.0,0.0
1669.63,6.163,0.0,0.0
1670.14,5.878,0.0,0.0
1670.64,5.947,0.0,0.0
1671.15,5.995,0.0,0.0
1671.66,6.044,0.0,0.0
1672.17,5.811,0.0,0.0
1672.68,6.079,0.0,0.0
1673.19,6.077,0.0,0.0
1673.7,5.869,0.0,0.0
1674.21,5.911,0.0,0.0
1674.71,5.827,0.0,0.0
1675.22,5.827,0.0,0.0
1675.73,5.827,0.0,0.0
1676.24,5.827,0.0,0.0
1676.75,5.827,0.0,0.0
1677.26,5.827,0.0,0.0
1677.76,5.827,0.0,0.0
1678.27,6.09,0.0,0.0
1678.78,6.09,0.0,0.0
1679.29,5.881,0.0,0.0
1679.79,6.141,0.0,0.0
1680.3,6.216,0.0,0.0
1680.8,6.166,0.0,0.0
1681.31,5.984,0.0,0.0
1681.82,6.1,0.0,0.0
1682.32,6.184,0.0,0.0
1682.83,6.267,0.0,0.0
1683.34,5.818,0.0,0.0
1683.84,6.068,0.0,0.0
1684.35,6.003,0.0,0.0
1684.86,5.969,0.0,0.0
1685.37,5.914,0.0,0.0
1685.87,6.213,0.0,0.0
1686.38,6.125,0.0,0.0
1686.89,6.144,0.0,0.0
1687.4,6.098,0.0,0.0
1687.9,6.017,0.0,0.0
1688.42,6.147,0.0,0.0
1688.92,6.231,0.0,0.0
1689.43,6.349,0.0,0.0
1689.94,6.145,0.0,0.0
1690.45,6.079,0.0,0.0
1690.95,5.986,0.0,0.0
1691.46,6.159,0.0,0.0
1691.97,5.98,0.0,0.0
1692.48,6.078,0.0,0.0
1692.99,6.071,0.0,0.0
1693.49,6.014,0.0,0.0
1694.0,6.02,0.0,0.0
1694.51,6.133,0.0,0.0
1695.02,5.953,0.0,0.0
1695.53,6.024,0.0,0.0
1696.03,5.968,0.0,0.0
1696.54,6.121,0.0,0.0
1697.05,6.169,0.0,0.0
1697.56,6.227,0.0,0.0
1698.07,6.098,0.0,0.0
1698.57,5.912,0.0,0.0
1699.08,5.988,0.0,0.0
1699.59,6.056,0.0,0.0
1700.1,6.218,0.0,0.0
1700.61,6.068,0.0,0.0
1701.12,5.909,0.0,0.0
1701.63,5.898,0.0,0.0
1702.14,6.122,0.0,0.0
1702.64,5.862,0.0,0.0
1703.15,6.172,0.0,0.0
1703.66,6.194,0.0,0.0
1704.17,6.217,0.0,0.0
1704.68,6.166,0.0,0.0
1705.19,6.064,0.0,0.0
1705.69,6.078,0.0,0.0
1706.2,6.147,0.0,0.0
1706.71,5.974,0.0,0.0
1707.22,5.894,0.0,0.0
1707.73,5.98,0.0,0.0
1708.24,5.917,0.0,0.0
1708.75,6.034,0.0,0.0
1709.26,5.912,0.0,0.0
1709.77,6.082,0.0,0.0
1710.28,6.094,0.0,0.0
1710.79,5.983,0.0,0.0
1711.29,5.989,0.0,0.0
1711.8,5.948,0.0,0.0
1712.31,6.193,0.0,0.0
1712.82,6.165,0.0,0.0
1713.33,6.153,0.0,0.0
1713.84,6.097,0.0,0.0
1714.34,6.245,0.0,0.0
1714.85,5.993,0.0,0.0
1715.35,6.088,0.0,0.0
1715.86,6.018,0.0,0.0
1716.37,5.892,0.0,0.0
1716.88,5.864,0.0,0.0
1717.38,6.032,0.0,0.0
1717.89,5.977,0.0,0.0
1718.4,5.822,0.0,0.0
1718.91,5.824,0.0,0.0
1719.42,5.953,0.0,0.0
1719.93,5.824,0.0,0.0
1720.43,6.021,0.0,0.0
1720.94,5.953,0.0,0.0
1721.45,6.053,0.0,0.0
1721.96,6.189,0.0,0.0
1722.47,6.238,0.0,0.0
1722.98,6.176,0.0,0.0
1723.49,6.113,0.0,0.0
1724.0,6.092,0.0,0.0
1724.51,6.121,0.0,0.0
1725.02,6.026,0.0,0.0
1725.53,5.983,0.0,0.0
1726.04,5.882,0.0,0.0
1726.55,5.927,0.0,0.0
1727.06,6.014,0.0,0.0
1727.57,6.008,0.0,0.0
1728.08,6.118,0.0,0.0
1728.59,6.093,0.0,0.0
1729.1,6.004,0.0,0.0
1729.61,6.13,0.0,0.0
1730.12,6.087,0.0,0.0
1730.63,6.31,0.0,0.0
1731.14,6.171,0.0,0.0
1731.65,6.006,0.0,0.0
1732.16,6.077,0.0,0.0
1732.67,5.998,0.0,0.0
1733.18,6.296,0.0,0.0
1733.69,6.167,0.0,0.0
1734.2,5.919,0.0,0.0
1734.71,6.16,0.0,0.0
1735.22,6.105,0.0,0.0
1735.73,5.935,0.0,0.0
1736.25,6.21,0.0,0.0
1736.75,5.801,0.0,0.0
1737.26,6.067,0.0,0.0
1737.77,5.975,0.0,0.0
1738.28,6.103,0.0,0.0
1738.79,6.055,0.0,0.0
1739.3,6.122,0.0,0.0
1739.81,6.226,0.0,0.0
1740.32,6.156,0.0,0.0
1740.83,6.085,0.0,0.0
1741.34,6.038,0.0,0.0
1741.85,6.065,0.0,0.0
1742.36,6.188,0.0,0.0
1742.87,5.888,0.0,0.0
1743.37,5.803,0.0,0.0
1743.89,5.941,0.0,0.0
1744.39,5.839,0.0,0.0
1744.9,6.052,0.0,0.0
1745.41,6.181,0.0,0.0
1745.92,5.95,0.0,0.0
1746.43,6.068,0.0,0.0
1746.94,6.154,0.0,0.0
1747.45,6.181,0.0,0.0
1747.96,6.066,0.0,0.0
1748.46,6.166,0.0,0.0
1748.97,6.073,0.0,0.0
1749.47,6.052,0.0,0.0
1749.98,6.149,0.0,0.0
1750.49,6.151,0.0,0.0
1751.0,6.109,0.0,0.0
1751.51,5.906,0.0,0.0
1752.02,6.174,0.0,0.0
1752.53,6.23,0.0,0.0
1753.03,5.964,0.0,0.0
1753.54,6.179,0.0,0.0
1754.05,6.007,0.0,0.0
1754.56,5.821,0.0,0.0
1755.07,5.821,0.0,0.0
1755.58,5.821,0.0,0.0
1756.09,5.821,0.0,0.0
1756.6,5.821,0.0,0.0
1757.11,5.963,0.0,0.0
1757.61,5.963,0.0,0.0
1758.12,5.824,0.0,0.0
1758.63,5.824,0.0,0.0
1759.13,6.034,0.0,0.0
1759.64,6.007,0.0,0.0
1760.15,6.146,0.0,0.0
1760.66,6.186,0.0,0.0
1761.17,6.154,0.0,0.0
1761.68,6.038,0.0,0.0
1762.19,5.884,0.0,0.0
1762.7,6.23,0.0,0.0
1763.21,6.159,0.0,0.0
1763.72,5.888,0.0,0.0
1764.23,6.085,0.0,0.0
1764.74,5.854,0.0,0.0
1765.25,6.106,0.0,0.0
1765.76,5.999,0.0,0.0
1766.27,6.013,0.0,0.0
1766.78,6.379,0.0,0.0
1767.29,6.122,0.0,0.0
1767.8,6.078,0.0,0.0
1768.31,6.17,0.0,0.0
1768.82,6.012,0.0,0.0
1769.33,5.881,0.0,0.0
1769.84,6.265,0.0,0.0
1770.35,6.241,0.0,0.0
1770.86,6.198,0.0,0.0
1771.37,6.152,0.0,0.0
1771.88,5.916,0.0,0.0
1772.39,6.126,0.0,0.0
1772.9,6.115,0.0,0.0
1773.41,6.026,0.0,0.0
1773.92,6.1,0.0,0.0
1774.43,6.033,0.0,0.0
1774.94,6.076,0.0,0.0
1775.45,5.936,0.0,0.0
1775.96,5.894,0.0,0.0
1776.48,6.303,0.0,0.0
1776.98,6.179,0.0,0.0
1777.49,6.075,0.0,0.0
1778.01,6.221,0.0,0.0
1778.51,6.335,0.0,0.0
1779.03,6.086,0.0,0.0
1779.54,6.159,0.0,0.0
1780.05,6.029,0.0,0.0
1780.56,6.135,0.0,0.0
1781.06,5.831,0.0,0.0
1781.56,6.076,0.0,0.0
1782.07,5.991,0.0,0.0
1782.58,5.814,0.0,0.0
1783.09,5.819,0.0,0.0
1783.59,5.953,0.0,0.0
1784.1,6.018,0.0,0.0
1784.61,6.048,0.0,0.0
1785.12,5.976,0.0,0.0
1785.62,6.127,0.0,0.0
1786.13,6.199,0.0,0.0
1786.63,6.305,0.0,0.0
1787.14,6.272,0.0,0.0
1787.65,6.009,0.0,0.0
1788.16,5.979,0.0,0.0
1788.67,6.015,0.0,0.0
1789.18,5.875,0.0,0.0
1789.69,6.164,0.0,0.0
1790.2,6.192,0.0,0.0
1790.7,5.907,0.0,0.0
1791.21,6.248,0.0,0.0
1791.72,6.006,0.0,0.0
1792.23,6.024,0.0,0.0
1792.74,6.067,0.0,0.0
1793.25,6.01,0.0,0.0
1793.75,6.09,0.0,0.0
1794.26,5.939,0.0,0.0
1794.77,5.835,0.0,0.0
1795.28,5.835,0.0,0.0
1795.78,6.032,0.0,0.0
1796.29,6.078,0.0,0.0
1796.8,5.809,0.0,0.0
1797.31,5.853,0.0,0.0
1797.82,6.008,0.0,0.0
1798.33,5.94,0.0,0.0
1798.83,6.192,0.0,0.0
1799.34,6.067,0.0,0.0
1799.85,6.263,0.0,0.0
1800.36,6.027,0.0,0.0
1800.87,5.993,0.0,0.0
1801.38,6.304,0.0,0.0
1801.89,6.003,0.0,0.0
1802.4,5.913,0.0,0.0
1802.91,6.039,0.0,0.0
1803.42,5.987,0.0,0.0
1803.93,6.099,0.0,0.0
1804.44,6.003,0.0,0.0
1804.95,6.187,0.0,0.0
1805.46,6.177,0.0,0.0
1805.97,6.159,0.0,0.0
1806.48,6.243,0.0,0.0
1806.99,6.206,0.0,0.0
1807.5,5.987,0.0,0.0
1808.01,6.138,0.0,0.0
1808.52,5.849,0.0,0.0
1809.03,6.156,0.0,0.0
1809.54,6.081,0.0,0.0
1810.05,5.928,0.0,0.0
1810.56,6.169,0.0,0.0
1811.07,6.274,0.0,0.0
1811.58,6.093,0.0,0.0
1812.09,6.082,0.0,0.0
1812.6,6.119,0.0,0.0
1813.11,6.061,0.0,0.0
1813.62,6.042,0.0,0.0
1814.13,5.939,0.0,0.0
1814.64,5.955,0.0,0.0
1815.14,5.955,0.0,0.0
1815.65,5.825,0.0,0.0
1816.16,5.844,0.0,0.0
1816.67,6.22,0.0,0.0
1817.18,6.169,0.0,0.0
1817.68,5.899,0.0,0.0
1818.19,6.134,0.0,0.0
1818.7,5.851,0.0,0.0
1819.21,6.142,0.0,0.0
1819.72,6.091,0.0,0.0
1820.23,6.127,0.0,0.0
1820.74,5.979,0.0,0.0
1821.25,5.976,0.0,0.0
1821.76,6.07,0.0,0.0
1822.27,6.178,0.0,0.0
1822.78,6.071,0.0,0.0
1823.29,6.066,0.0,0.0
1823.8,5.939,0.0,0.0
1824.31,6.104,0.0,0.0
1824.82,6.039,0.0,0.0
1825.33,6.233,0.0,0.0
1825.84,6.07,0.0,0.0
1826.35,5.982,0.0,0.0
1826.86,6.162,0.0,0.0
1827.37,5.837,0.0,0.0
1827.88,5.844,0.0,0.0
1828.38,5.844,0.0,0.0
1828.89,5.844,0.0,0.0
1829.4,5.906,0.0,0.0
1829.91,6.053,0.0,0.0
1830.42,5.913,0.0,0.0
1830.92,5.792,0.0,0.0
1831.43,6.011,0.0,0.0
1831.94,5.876,0.0,0.0
1832.45,5.902,0.0,0.0
1832.95,5.932,0.0,0.0
1833.45,5.968,0.0,0.0
1833.96,6.055,0.0,0.0
1834.47,6.341,0.0,0.0
1834.98,6.301,0.0,0.0
1835.49,6.204,0.0,0.0
1836.0,5.926,0.0,0.0
1836.51,6.256,0.0,0.0
1837.02,6.105,0.0,0.0
1837.53,5.932,0.0,0.0
1838.04,6.162,0.0,0.0
1838.55,6.28,0.0,0.0
1839.06,5.956,0.0,0.0
1839.57,6.233,0.0,0.0
1840.08,6.169,0.0,0.0
1840.59,6.155,0.0,0.0
1841.1,6.139,0.0,0.0
1841.61,5.983,0.0,0.0
1842.11,6.078,0.0,0.0
1842.62,6.134,0.0,0.0
1843.13,6.159,0.0,0.0
1843.64,6.099,0.0,0.0
1844.15,6.072,0.0,0.0
1844.66,5.937,0.0,0.0
1845.17,5.93,0.0,0.0
1845.68,6.135,0.0,0.0
1846.19,6.085,0.0,0.0
1846.7,5.838,0.0,0.0
1847.21,6.064,0.0,0.0
1847.71,5.955,0.0,0.0
1848.22,5.895,0.0,0.0
1848.73,6.1,0.0,0.0
1849.23,6.058,0.0,0.0
1849.74,6.085,0.0,0.0
1850.25,6.073,0.0,0.0
1850.76,6.208,0.0,0.0
1851.27,6.036,0.0,0.0
1851.78,5.916,0.0,0.0
1852.28,6.012,0.0,0.0
1852.79,5.97,0.0,0.0
1853.3,5.913,0.0,0.0
1853.81,6.173,0.0,0.0
1854.32,6.19,0.0,0.0
1854.83,5.932,0.0,0.0
1855.34,6.06,0.0,0.0
1855.85,5.889,0.0,0.0
1856.35,6.167,0.0,0.0
1856.86,5.912,0.0,0.0
1857.37,6.086,0.0,0.0
1857.88,6.126,0.0,0.0
1858.39,5.883,0.0,0.0
1858.9,5.985,0.0,0.0
1859.41,6.154,0.0,0.0
1859.92,5.903,0.0,0.0
1860.43,6.155,0.0,0.0
1860.94,6.025,0.0,0.0
1861.44,6.262,0.0,0.0
1861.95,6.07,0.0,0.0
1862.46,6.127,0.0,0.0
1862.97,6.075,0.0,0.0
1863.48,6.341,0.0,0.0
1863.99,6.162,0.0,0.0
1864.5,6.25,0.0,0.0
1865.01,6.019,0.0,0.0
1865.52,6.139,0.0,0.0
1866.02,5.995,0.0,0.0
1866.53,6.091,0.0,0.0
1867.04,5.924,0.0,0.0
1867.55,5.832,0.0,0.0
1868.05,5.832,0.0,0.0
1868.56,5.908,0.0,0.0
1869.07,5.852,0.0,0.0
1869.58,6.102,0.0,0.0
1870.09,5.85,0.0,0.0
1870.6,5.976,0.0,0.0
1871.11,5.82,0.0,0.0
1871.61,5.975,0.0,0.0
1872.12,6.127,0.0,0.0
1872.63,6.11,0.0,0.0
1873.13,5.838,0.0,0.0
1873.64,5.89,0.0,0.0
1874.16,5.99,0.0,0.0
1874.66,6.147,0.0,0.0
1875.17,5.974,0.0,0.0
1875.68,6.167,0.0,0.0
1876.19,5.905,0.0,0.0
1876.7,6.165,0.0,0.0
1877.21,6.077,0.0,0.0
1877.72,5.828,0.0,0.0
1878.23,6.233,0.0,0.0
1878.74,6.17,0.0,0.0
1879.25,6.17,0.0,0.0
1879.76,6.196,0.0,0.0
1880.26,6.111,0.0,0.0
1880.77,6.231,0.0,0.0
1881.28,6.208,0.0,0.0
1881.79,6.256,0.0,0.0
1882.3,5.97,0.0,0.0
1882.8,6.089,0.0,0.0
1883.31,6.077,0.0,0.0
1883.82,5.909,0.0,0.0
1884.33,6.081,0.0,0.0
1884.84,6.189,0.0,0.0
1885.35,5.923,0.0,0.0
1885.86,6.333,0.0,0.0
1886.36,5.913,0.0,0.0
1886.87,6.199,0.0,0.0
1887.39,6.032,0.0,0.0
1887.9,6.163,0.0,0.0
1888.4,6.121,0.0,0.0
1888.91,6.221,0.0,0.0
1889.42,6.181,0.0,0.0
1889.93,5.881,0.0,0.0
1890.43,5.813,0.0,0.0
1890.94,5.994,0.0,0.0
1891.46,5.98,0.0,0.0
1891.96,5.902,0.0,0.0
1892.47,5.818,0.0,0.0
1892.98,5.969,0.0,0.0
1893.49,5.961,0.0,0.0
1894.0,5.899,0.0,0.0
1894.51,6.135,0.0,0.0
1895.02,6.121,0.0,0.0
1895.52,6.001,0.0,0.0
1896.03,6.06,0.0,0.0
1896.54,6.169,0.0,0.0
1897.05,5.931,0.0,0.0
1897.56,6.086,0.0,0.0
1898.07,6.055,0.0,0.0
1898.58,5.974,0.0,0.0
1899.08,5.948,0.0,0.0
1899.59,6.069,0.0,0.0
1900.1,5.806,0.0,0.0
1900.61,6.18,0.0,0.0
1901.12,5.845,0.0,0.0
1901.63,5.961,0.0,0.0
1902.14,6.175,0.0,0.0
1902.65,6.294,0.0,0.0
1903.15,5.946,0.0,0.0
1903.66,6.162,0.0,0.0
1904.17,6.162,0.0,0.0
1904.68,6.015,0.0,0.0
1905.18,5.87,0.0,0.0
1905.69,5.992,0.0,0.0
1906.21,5.839,0.0,0.0
1906.72,5.888,0.0,0.0
1907.23,5.932,0.0,0.0
1907.74,5.982,0.0,0.0
1908.25,5.989,0.0,0.0
1908.76,6.064,0.0,0.0
1909.27,5.963,0.0,0.0
1909.78,5.823,0.0,0.0
1910.28,5.823,0.0,0.0
1910.8,5.894,0.0,0.0
1911.3,5.976,0.0,0.0
1911.81,5.993,0.0,0.0
1912.32,5.953,0.0,0.0
1912.82,6.289,0.0,0.0
1913.33,6.166,0.0,0.0
1913.84,6.211,0.0,0.0
1914.35,6.186,0.0,0.0
1914.86,6.186,0.0,0.0
1915.37,5.938,0.0,0.0
1915.88,6.064,0.0,0.0
1916.39,6.258,0.0,0.0
1916.9,6.087,0.0,0.0
1917.41,6.271,0.0,0.0
1917.92,6.054,0.0,0.0
1918.43,6.008,0.0,0.0
1918.94,5.982,0.0,0.0
1919.45,5.952,0.0,0.0
1919.96,6.111,0.0,0.0
1920.47,6.195,0.0,0.0
1920.97,6.122,0.0,0.0
1921.48,6.056,0.0,0.0
1921.99,6.127,0.0,0.0
1922.5,6.046,0.0,0.0
1923.01,6.16,0.0,0.0
1923.52,6.197,0.0,0.0
1924.03,6.222,0.0,0.0
1924.54,6.096,0.0,0.0
1925.05,5.803,0.0,0.0
1925.55,5.909,0.0,0.0
1926.06,5.9,0.0,0.0
1926.57,5.896,0.0,0.0
1927.08,6.104,0.0,0.0
1927.59,6.005,0.0,0.0
1928.1,6.046,0.0,0.0
1928.6,5.836,0.0,0.0
1929.11,5.904,0.0,0.0
1929.61,5.987,0.0,0.0
1930.12,5.947,0.0,0.0
1930.63,6.227,0.0,0.0
1931.13,6.225,0.0,0.0
1931.64,6.194,0.0,0.0
1932.14,6.063,0.0,0.0
1932.65,6.051,0.0,0.0
1933.16,6.062,0.0,0.0
1933.66,6.269,0.0,0.0
1934.17,6.214,0.0,0.0
1934.68,6.147,0.0,0.0
1935.19,5.909,0.0,0.0
1935.7,6.007,0.0,0.0
1936.21,6.006,0.0,0.0
1936.72,5.959,0.0,0.0
1937.23,6.03,0.0,0.0
1937.73,6.101,0.0,0.0
1938.24,5.983,0.0,0.0
1938.75,5.993,0.0,0.0
1939.26,5.806,0.0,0.0
1939.77,6.149,0.0,0.0
1940.28,5.996,0.0,0.0
1940.79,6.172,0.0,0.0
1941.3,6.204,0.0,0.0
1941.81,5.952,0.0,0.0
1942.31,6.237,0.0,0.0
1942.81,6.166,0.0,0.0
1943.32,6.38,0.0,0.0
1943.83,6.178,0.0,0.0
1944.34,6.307,0.0,0.0
1944.85,6.096,0.0,0.0
1945.35,6.185,0.0,0.0
1945.86,5.933,0.0,0.0
1946.37,5.862,0.0,0.0
1946.88,5.806,0.0,0.0
1947.39,5.806,0.0,0.0
1947.9,5.944,0.0,0.0
1948.4,5.814,0.0,0.0
1948.91,5.891,0.0,0.0
1949.42,5.796,0.0,0.0
1949.92,6.034,0.0,0.0
1950.43,6.075,0.0,0.0
1950.94,6.303,0.0,0.0
1951.45,6.275,0.0,0.0
1951.96,6.276,0.0,0.0
1952.47,6.024,0.0,0.0
1952.97,5.892,0.0,0.0
1953.48,6.116,0.0,0.0
1953.99,6.281,0.0,0.0
1954.5,6.091,0.0,0.0
1955.01,5.956,0.0,0.0
1955.52,6.143,0.0,0.0
1956.03,5.877,0.0,0.0
1956.54,6.18,0.0,0.0
1957.05,5.91,0.0,0.0
1957.56,6.014,0.0,0.0
1958.07,6.283,0.0,0.0
1958.58,6.283,0.0,0.0
1959.09,6.225,0.0,0.0
1959.6,6.233,0.0,0.0
1960.1,6.179,0.0,0.0
1960.61,5.924,0.0,0.0
1961.12,5.97,0.0,0.0
1961.63,6.026,0.0,0.0
1962.15,6.161,0.0,0.0
1962.65,5.867,0.0,0.0
1963.16,6.049,0.0,0.0
1963.67,5.849,0.0,0.0
1964.18,6.151,0.0,0.0
1964.69,6.084,0.0,0.0
1965.19,6.038,0.0,0.0
1965.7,6.183,0.0,0.0
1966.2,6.183,0.0,0.0
1966.71,6.046,0.0,0.0
1967.22,6.063,0.0,0.0
1967.72,6.033,0.0,0.0
1968.23,6.127,0.0,0.0
1968.74,6.101,0.0,0.0
1969.25,6.069,0.0,0.0
1969.76,6.088,0.0,0.0
1970.27,6.245,0.0,0.0
1970.78,6.372,0.0,0.0
1971.29,6.078,0.0,0.0
1971.79,5.892,0.0,0.0
1972.3,5.867,0.0,0.0
1972.81,6.045,0.0,0.0
1973.32,6.11,0.0,0.0
1973.82,6.122,0.0,0.0
1974.33,6.14,0.0,0.0
1974.84,6.154,0.0,0.0
1975.35,6.17,0.0,0.0
1975.86,6.13,0.0,0.0
1976.37,6.172,0.0,0.0
1976.88,6.214,0.0,0.0
1977.39,5.972,0.0,0.0
1977.9,6.032,0.0,0.0
1978.41,5.862,0.0,0.0
1978.91,6.105,0.0,0.0
1979.42,6.02,0.0,0.0
1979.93,5.957,0.0,0.0
1980.44,6.097,0.0,0.0
1980.95,6.015,0.0,0.0
1981.46,6.049,0.0,0.0
1981.96,6.082,0.0,0.0
1982.47,5.94,0.0,0.0
1982.98,6.185,0.0,0.0
1983.49,6.157,0.0,0.0
1984.0,5.962,0.0,0.0
1984.51,6.177,0.0,0.0
1985.02,6.171,0.0,0.0
1985.53,6.197,0.0,0.0
1986.03,6.189,0.0,0.0
1986.54,6.043,0.0,0.0
1987.04,5.97,0.0,0.0
1987.55,5.974,0.0,0.0
1988.06,5.806,0.0,0.0
1988.57,5.875,0.0,0.0
1989.07,5.942,0.0,0.0
1989.58,6.062,0.0,0.0
1990.09,6.096,0.0,0.0
1990.6,6.0,0.0,0.0
1991.11,6.082,0.0,0.0
1991.62,6.087,0.0,0.0
1992.12,5.962,0.0,0.0
1992.63,6.114,0.0,0.0
1993.14,5.975,0.0,0.0
1993.65,6.054,0.0,0.0
1994.16,5.975,0.0,0.0
1994.67,6.092,0.0,0.0
1995.18,6.14,0.0,0.0
1995.69,6.04,0.0,0.0
1996.19,6.087,0.0,0.0
1996.7,6.121,0.0,0.0
1997.21,6.265,0.0,0.0
1997.72,6.243,0.0,0.0
1998.23,6.028,0.0,0.0
1998.74,6.085,0.0,0.0
1999.24,6.105,0.0,0.0
1999.75,5.992,0.0,0.0
2000.26,6.157,0.0,0.0
2000.77,6.069,0.0,0.0
2001.27,6.182,0.0,0.0
2001.78,6.036,0.0,0.0
2002.29,5.992,0.0,0.0
2002.79,6.089,0.0,0.0
2003.3,5.956,0.0,0.0
2003.81,6.199,0.0,0.0
2004.31,6.285,0.0,0.0
2004.82,6.129,0.0,0.0
2005.33,5.978,0.0,0.0
2005.83,5.994,0.0,0.0
2006.34,6.087,0.0,0.0
2006.85,6.167,0.0,0.0
2007.35,6.097,0.0,0.0
2007.86,5.967,0.0,0.0
2008.37,6.071,0.0,0.0
2008.87,6.089,0.0,0.0
2009.38,6.04,0.0,0.0
2009.89,6.042,0.0,0.0
2010.4,6.213,0.0,0.0
2010.91,6.174,0.0,0.0
2011.41,6.16,0.0,0.0
2011.92,6.103,0.0,0.0
2012.42,5.99,0.0,0.0
2012.93,6.274,0.0,0.0
2013.44,6.166,0.0,0.0
2013.94,6.185,0.0,0.0
2014.45,6.107,0.0,0.0
2014.96,5.991,0.0,0.0
2015.47,6.01,0.0,0.0
2015.97,6.187,0.0,0.0
2016.48,5.861,0.0,0.0
2016.98,6.002,0.0,0.0
2017.49,6.163,0.0,0.0
2018.0,6.255,0.0,0.0
2018.5,6.3,0.0,0.0
2019.01,6.263,0.0,0.0
2019.52,6.25,0.0,0.0
2020.03,6.119,0.0,0.0
2020.53,6.177,0.0,0.0
2021.04,5.891,0.0,0.0
2021.55,6.216,0.0,0.0
2022.05,6.164,0.0,0.0
2022.56,5.885,0.0,0.0
2023.07,6.113,0.0,0.0
2023.58,6.204,0.0,0.0
2024.09,5.967,0.0,0.0
2024.59,6.049,0.0,0.0
2025.1,5.988,0.0,0.0
2025.61,6.084,0.0,0.0
2026.12,5.852,0.0,0.0
2026.63,5.854,0.0,0.0
2027.14,6.071,0.0,0.0
2027.64,6.096,0.0,0.0
2028.15,5.91,0.0,0.0
2028.66,5.835,0.0,0.0
2029.16,5.835,0.0,0.0
2029.67,6.018,0.0,0.0
2030.17,6.035,0.0,0.0
2030.68,6.108,0.0,0.0
2031.19,6.096,0.0,0.0
2031.7,5.99,0.0,0.0
2032.21,6.237,0.0,0.0
2032.72,6.095,0.0,0.0
2033.23,6.13,0.0,0.0
2033.73,5.986,0.0,0.0
2034.23,6.177,0.0,0.0
2034.74,5.915,0.0,0.0
2035.24,5.87,0.0,0.0
2035.75,6.164,0.0,0.0
2036.25,6.168,0.0,0.0
2036.76,6.368,0.0,0.0
2037.27,6.169,0.0,0.0
2037.78,5.902,0.0,0.0
2038.29,6.261,0.0,0.0
2038.79,6.17,0.0,0.0
2039.3,6.317,0.0,0.0
2039.81,6.101,0.0,0.0
2040.32,6.081,0.0,0.0
2040.83,5.988,0.0,0.0
2041.34,6.203,0.0,0.0
2041.85,5.964,0.0,0.0
2042.36,6.077,0.0,0.0
2042.87,6.008,0.0,0.0
2043.38,5.925,0.0,0.0
2043.88,6.086,0.0,0.0
2044.39,5.995,0.0,0.0
2044.9,6.04,0.0,0.0
2045.41,5.891,0.0,0.0
2045.91,6.219,0.0,0.0
2046.42,6.218,0.0,0.0
2046.93,6.156,0.0,0.0
2047.44,6.219,0.0,0.0
2047.95,6.1,0.0,0.0
2048.46,5.991,0.0,0.0
2048.97,6.027,0.0,0.0
2049.48,6.027,0.0,0.0
2049.98,6.17,0.0,0.0
2050.49,6.072,0.0,0.0
2051.0,5.836,0.0,0.0
2051.51,6.114,0.0,0.0
2052.02,6.242,0.0,0.0
2052.53,6.152,0.0,0.0
2053.03,6.181,0.0,0.0
2053.54,6.099,0.0,0.0
2054.05,6.168,0.0,0.0
2054.56,6.097,0.0,0.0
2055.07,6.0,0.0,0.0
2055.57,5.908,0.0,0.0
2056.08,5.944,0.0,0.0
2056.59,6.087,0.0,0.0
2057.09,6.156,0.0,0.0
2057.6,6.089,0.0,0.0
2058.11,6.061,0.0,0.0
2058.62,6.049,0.0,0.0
2059.12,6.02,0.0,0.0
2059.63,6.051,0.0,0.0
2060.14,6.101,0.0,0.0
2060.65,6.083,0.0,0.0
2061.16,5.823,0.0,0.0
2061.67,6.18,0.0,0.0
2062.18,6.115,0.0,0.0
2062.69,5.978,0.0,0.0
2063.2,6.028,0.0,0.0
2063.71,5.874,0.0,0.0
2064.21,5.972,0.0,0.0
2064.72,5.997,0.0,0.0
2065.23,6.187,0.0,0.0
2065.74,6.232,0.0,0.0
2066.25,6.285,0.0,0.0
2066.76,6.248,0.0,0.0
2067.27,5.861,0.0,0.0
2067.78,6.113,0.0,0.0
2068.28,6.145,0.0,0.0
2068.8,6.113,0.0,0.0
2069.3,6.096,0.0,0.0
2069.81,5.852,0.0,0.0
2070.32,5.826,0.0,0.0
2070.83,5.848,0.0,0.0
2071.33,5.848,0.0,0.0
2071.84,5.918,0.0,0.0
2072.35,6.111,0.0,0.0
2072.86,6.002,0.0,0.0
2073.36,6.18,0.0,0.0
2073.87,5.824,0.0,0.0
2074.38,6.0,0.0,0.0
2074.89,6.264,0.0,0.0
2075.41,6.189,0.0,0.0
2075.92,6.222,0.0,0.0
2076.43,6.172,0.0,0.0
2076.94,6.006,0.0,0.0
2077.45,6.208,0.0,0.0
2077.96,6.145,0.0,0.0
2078.46,6.017,0.0,0.0
2078.97,5.834,0.0,0.0
2079.48,6.0,0.0,0.0
2079.99,6.217,0.0,0.0
2080.5,6.143,0.0,0.0
2081.01,6.262,0.0,0.0
2081.52,6.225,0.0,0.0
2082.03,6.087,0.0,0.0
2082.53,6.136,0.0,0.0
2083.05,6.101,0.0,0.0
2083.56,6.061,0.0,0.0
2084.07,6.043,0.0,0.0
2084.57,5.922,0.0,0.0
2085.09,6.131,0.0,0.0
2085.59,6.17,0.0,0.0
2086.1,5.978,0.0,0.0
2086.61,5.958,0.0,0.0
2087.12,6.129,0.0,0.0
2087.63,6.121,0.0,0.0
2088.14,6.279,0.0,0.0
2088.65,6.078,0.0,0.0
2089.16,6.0,0.0,0.0
2089.66,6.006,0.0,0.0
2090.17,6.034,0.0,0.0
2090.68,6.29,0.0,0.0
2091.19,6.215,0.0,0.0
2091.7,6.229,0.0,0.0
2092.21,6.182,0.0,0.0
2092.72,6.102,0.0,0.0
2093.23,6.02,0.0,0.0
2093.74,5.913,0.0,0.0
2094.26,5.919,0.0,0.0
2094.77,5.989,0.0,0.0
2095.27,6.084,0.0,0.0
2095.78,6.184,0.0,0.0
2096.29,6.016,0.0,0.0
2096.8,6.059,0.0,0.0
2097.31,6.009,0.0,0.0
2097.82,6.147,0.0,0.0
2098.33,6.142,0.0,0.0
2098.84,6.288,0.0,0.0
2099.35,6.143,0.0,0.0
2099.86,6.177,0.0,0.0
2100.37,5.956,0.0,0.0
2100.88,6.164,0.0,0.0
2101.39,6.11,0.0,0.0
2101.9,5.896,0.0,0.0
2102.41,6.177,0.0,0.0
2102.92,6.097,0.0,0.0
2103.43,5.921,0.0,0.0
2103.94,6.055,0.0,0.0
2104.45,6.208,0.0,0.0
2104.96,6.041,0.0,0.0
2105.47,5.818,0.0,0.0
2105.98,6.247,0.0,0.0
2106.49,6.156,0.0,0.0
2107.0,6.136,0.0,0.0
2107.51,6.267,0.0,0.0
2108.02,6.208,0.0,0.0
2108.53,6.06,0.0,0.0
2109.04,6.266,0.0,0.0
2109.55,6.098,0.0,0.0
2110.06,6.282,0.0,0.0
2110.57,6.116,0.0,0.0
2111.08,6.355,0.0,0.0
2111.59,6.01,0.0,0.0
2112.1,5.982,0.0,0.0
2112.61,6.111,0.0,0.0
2113.12,5.833,0.0,0.0
2113.63,5.983,0.0,0.0
2114.14,6.116,0.0,0.0
2114.65,5.861,0.0,0.0
2115.16,5.861,0.0,0.0
2115.66,6.113,0.0,0.0
2116.17,6.113,0.0,0.0
2116.68,6.216,0.0,0.0
2117.19,6.188,0.0,0.0
2117.7,6.18,0.0,0.0
2118.21,6.172,0.0,0.0
2118.72,5.949,0.0,0.0
2119.23,6.152,0.0,0.0
2119.74,6.058,0.0,0.0
2120.25,6.107,0.0,0.0
2120.76,6.164,0.0,0.0
2121.27,6.066,0.0,0.0
2121.78,6.034,0.0,0.0
2122.29,6.105,0.0,0.0
2122.8,6.173,0.0,0.0
2123.31,6.224,0.0,0.0
2123.82,6.141,0.0,0.0
2124.33,6.228,0.0,0.0
2124.84,6.254,0.0,0.0
2125.35,6.149,0.0,0.0
2125.86,6.139,0.0,0.0
2126.37,6.078,0.0,0.0
2126.88,5.902,0.0,0.0
2127.39,6.142,0.0,0.0
2127.9,6.319,0.0,0.0
2128.41,5.955,0.0,0.0
2128.92,6.246,0.0,0.0
2129.43,6.223,0.0,0.0
2129.94,6.001,0.0,0.0
2130.45,6.079,0.0,0.0
2130.97,5.995,0.0,0.0
2131.47,6.167,0.0,0.0
2131.99,6.114,0.0,0.0
2132.5,6.355,0.0,0.0
2133.01,6.182,0.0,0.0
2133.52,6.273,0.0,0.0
2134.03,6.257,0.0,0.0
2134.54,5.938,0.0,0.0
2135.05,6.167,0.0,0.0
2135.55,6.194,0.0,0.0
2136.06,5.84,0.0,0.0
2136.57,5.932,0.0,0.0
2137.08,6.056,0.0,0.0
2137.59,5.84,0.0,0.0
2138.1,6.104,0.0,0.0
2138.61,6.119,0.0,0.0
2139.12,6.103,0.0,0.0
2139.63,6.238,0.0,0.0
2140.14,6.098,0.0,0.0
2140.65,5.952,0.0,0.0
2141.15,5.881,0.0,0.0
2141.66,6.083,0.0,0.0
2142.17,5.86,0.0,0.0
2142.68,6.07,0.0,0.0
2143.19,6.135,0.0,0.0
2143.7,5.957,0.0,0.0
2144.21,6.25,0.0,0.0
2144.72,6.244,0.0,0.0
2145.23,6.179,0.0,0.0
2145.74,6.11,0.0,0.0
2146.24,5.994,0.0,0.0
2146.75,6.022,0.0,0.0
2147.26,6.228,0.0,0.0
2147.77,6.297,0.0,0.0
2148.28,6.272,0.0,0.0
2148.79,6.077,0.0,0.0
2149.3,5.888,0.0,0.0
2149.81,6.157,0.0,0.0
2150.32,6.087,0.0,0.0
2150.83,6.034,0.0,0.0
2151.34,6.16,0.0,0.0
2151.85,6.022,0.0,0.0
2152.36,5.885,0.0,0.0
2152.87,5.996,0.0,0.0
2153.38,6.107,0.0,0.0
2153.89,6.154,0.0,0.0
2154.4,6.049,0.0,0.0
2154.91,5.86,0.0,0.0
2155.42,5.862,0.0,0.0
2155.92,5.862,0.0,0.0
2156.43,6.165,0.0,0.0
2156.93,6.045,0.0,0.0
2157.44,6.266,0.0,0.0
2157.95,6.168,0.0,0.0
2158.46,6.33,0.0,0.0
2158.97,6.197,0.0,0.0
2159.48,5.912,0.0,0.0
2159.99,6.106,0.0,0.0
2160.5,6.031,0.0,0.0
2161.01,5.998,0.0,0.0
2161.52,6.086,0.0,0.0
2162.03,6.17,0.0,0.0
2162.54,5.834,0.0,0.0
2163.05,6.124,0.0,0.0
2163.55,6.019,0.0,0.0
2164.06,6.006,0.0,0.0
2164.57,6.143,0.0,0.0
2165.08,6.163,0.0,0.0
2165.59,6.324,0.0,0.0
2166.1,6.031,0.0,0.0
2166.61,5.932,0.0,0.0
2167.12,6.301,0.0,0.0
2167.62,6.178,0.0,0.0
2168.13,6.092,0.0,0.0
2168.64,6.169,0.0,0.0
2169.15,6.13,0.0,0.0
2169.66,5.93,0.0,0.0
2170.17,5.841,0.0,0.0
2170.68,6.19,0.0,0.0
2171.19,6.115,0.0,0.0
2171.7,6.074,0.0,0.0
2172.21,6.078,0.0,0.0
2172.71,6.141,0.0,0.0
2173.22,6.226,0.0,0.0
2173.73,6.189,0.0,0.0
2174.24,6.279,0.0,0.0
2174.74,6.24,0.0,0.0
2175.25,6.178,0.0,0.0
2175.76,5.952,0.0,0.0
2176.27,6.046,0.0,0.0
2176.78,6.181,0.0,0.0
2177.29,5.865,0.0,0.0
2177.79,5.934,0.0,0.0
2178.3,6.132,0.0,0.0
2178.81,6.132,0.0,0.0
2179.32,5.982,0.0,0.0
2179.83,6.133,0.0,0.0
2180.34,6.161,0.0,0.0
2180.85,6.189,0.0,0.0
2181.36,6.295,0.0,0.0
2181.87,5.915,0.0,0.0
2182.37,6.18,0.0,0.0
2182.88,6.138,0.0,0.0
2183.39,5.925,0.0,0.0
2183.9,6.152,0.0,0.0
2184.41,5.986,0.0,0.0
2184.92,6.095,0.0,0.0
2185.43,6.099,0.0,0.0
2185.94,5.856,0.0,0.0
2186.45,6.093,0.0,0.0
2186.96,6.229,0.0,0.0
2187.47,5.88,0.0,0.0
2187.97,6.14,0.0,0.0
2188.48,6.304,0.0,0.0
2188.99,5.873,0.0,0.0
2189.5,6.075,0.0,0.0
2190.01,6.04,0.0,0.0
2190.52,6.222,0.0,0.0
2191.03,6.12,0.0,0.0
2191.54,6.32,0.0,0.0
2192.05,6.086,0.0,0.0
2192.56,5.997,0.0,0.0
2193.07,6.049,0.0,0.0
2193.58,6.266,0.0,0.0
2194.09,6.167,0.0,0.0
2194.6,5.947,0.0,0.0
2195.1,5.981,0.0,0.0
2195.61,6.074,0.0,0.0
2196.12,5.973,0.0,0.0
2196.62,6.024,0.0,0.0
2197.13,5.909,0.0,0.0
2197.64,6.048,0.0,0.0
2198.15,6.12,0.0,0.0
2198.66,6.038,0.0,0.0
2199.16,6.016,0.0,0.0
2199.68,6.057,0.0,0.0
2200.18,6.293,0.0,0.0
2200.69,6.192,0.0,0.0
2201.2,5.935,0.0,0.0
2201.71,6.011,0.0,0.0
2202.22,6.09,0.0,0.0
2202.73,6.082,0.0,0.0
2203.24,5.986,0.0,0.0
2203.75,6.04,0.0,0.0
2204.25,6.16,0.0,0.0
2204.76,6.164,0.0,0.0
2205.27,6.159,0.0,0.0
2205.78,6.059,0.0,0.0
2206.29,5.959,0.0,0.0
2206.8,6.012,0.0,0.0
2207.31,6.192,0.0,0.0
2207.82,6.289,0.0,0.0
2208.33,6.189,0.0,0.0
2208.84,6.003,0.0,0.0
2209.35,6.112,0.0,0.0
2209.85,6.271,0.0,0.0
2210.36,5.943,0.0,0.0
2210.87,6.113,0.0,0.0
2211.38,6.021,0.0,0.0
2211.89,6.009,0.0,0.0
2212.4,6.062,0.0,0.0
2212.91,6.045,0.0,0.0
2213.42,6.275,0.0,0.0
2213.93,6.179,0.0,0.0
2214.44,6.127,0.0,0.0
2214.95,6.164,0.0,0.0
2215.46,6.118,0.0,0.0
2215.97,6.053,0.0,0.0
2216.48,5.889,0.0,0.0
2216.99,5.828,0.0,0.0
2217.49,5.801,0.0,0.0
2218.0,6.008,0.0,0.0
2218.51,6.029,0.0,0.0
2219.02,6.152,0.0,0.0
2219.53,6.29,0.0,0.0
2220.04,5.997,0.0,0.0
2220.54,6.092,0.0,0.0
2221.05,6.102,0.0,0.0
2221.56,6.228,0.0,0.0
2222.07,6.028,0.0,0.0
2222.57,6.083,0.0,0.0
2223.08,6.17,0.0,0.0
2223.59,6.063,0.0,0.0
2224.1,6.152,0.0,0.0
2224.61,5.872,0.0,0.0
2225.12,6.179,0.0,0.0
2225.63,6.007,0.0,0.0
2226.14,5.971,0.0,0.0
2226.65,6.104,0.0,0.0
2227.16,6.113,0.0,0.0
2227.66,5.992,0.0,0.0
2228.17,6.23,0.0,0.0
2228.68,6.011,0.0,0.0
2229.19,6.017,0.0,0.0
2229.69,6.049,0.0,0.0
2230.21,5.945,0.0,0.0
2230.71,6.086,0.0,0.0
2231.22,6.007,0.0,0.0
2231.73,6.131,0.0,0.0
2232.24,6.248,0.0,0.0
2232.75,6.289,0.0,0.0
2233.26,6.104,0.0,0.0
2233.77,5.961,0.0,0.0
2234.27,5.946,0.0,0.0
2234.78,5.829,0.0,0.0
2235.29,6.313,0.0,0.0
2235.79,6.187,0.0,0.0
2236.3,5.957,0.0,0.0
2236.81,6.08,0.0,0.0
2237.32,5.907,0.0,0.0
2237.83,6.193,0.0,0.0
2238.34,6.108,0.0,0.0
2238.85,6.18,0.0,0.0
2239.36,6.055,0.0,0.0
2239.87,6.194,0.0,0.0
2240.38,6.179,0.0,0.0
2240.88,6.028,0.0,0.0
2241.4,6.277,0.0,0.0
2241.9,6.135,0.0,0.0
2242.41,6.144,0.0,0.0
2242.92,6.222,0.0,0.0
2243.43,5.87,0.0,0.0
2243.94,6.292,0.0,0.0
2244.44,5.924,0.0,0.0
2244.95,5.853,0.0,0.0
2245.46,6.061,0.0,0.0
2245.97,5.941,0.0,0.0
2246.48,5.926,0.0,0.0
2246.99,6.118,0.0,0.0
2247.49,6.092,0.0,0.0
2248.0,6.057,0.0,0.0
2248.51,6.077,0.0,0.0
2249.02,6.18,0.0,0.0
2249.52,6.287,0.0,0.0
2250.03,6.034,0.0,0.0
2250.54,6.096,0.0,0.0
2251.05,6.049,0.0,0.0
2251.56,6.178,0.0,0.0
2252.06,6.125,0.0,0.0
2252.57,6.268,0.0,0.0
2253.08,5.909,0.0,0.0
2253.58,6.099,0.0,0.0
2254.09,6.284,0.0,0.0
2254.59,5.84,0.0,0.0
2255.1,5.845,0.0,0.0
2255.61,6.048,0.0,0.0
2256.12,5.959,0.0,0.0
2256.63,5.975,0.0,0.0
2257.13,5.966,0.0,0.0
2257.64,6.18,0.0,0.0
2258.16,6.057,0.0,0.0
2258.67,6.143,0.0,0.0
2259.18,6.157,0.0,0.0
2259.69,5.939,0.0,0.0
2260.2,5.959,0.0,0.0
2260.71,5.895,0.0,0.0
2261.22,5.808,0.0,0.0
2261.72,6.255,0.0,0.0
2262.23,6.009,0.0,0.0
2262.74,6.087,0.0,0.0
2263.25,6.146,0.0,0.0
2263.76,5.775,0.0,0.0
2264.27,5.97,0.0,0.0
2264.78,6.189,0.0,0.0
2265.29,6.034,0.0,0.0
2265.8,6.024,0.0,0.0
2266.3,6.025,0.0,0.0
2266.81,5.87,0.0,0.0
2267.33,5.953,0.0,0.0
2267.84,6.007,0.0,0.0
2268.35,6.071,0.0,0.0
2268.86,6.19,0.0,0.0
2269.37,6.122,0.0,0.0
2269.88,6.102,0.0,0.0
2270.38,6.078,0.0,0.0
2270.89,6.134,0.0,0.0
2271.4,6.106,0.0,0.0
2271.91,6.067,0.0,0.0
2272.42,6.015,0.0,0.0
2272.93,5.992,0.0,0.0
2273.44,5.97,0.0,0.0
2273.95,5.969,0.0,0.0
2274.46,5.82,0.0,0.0
2274.97,5.82,0.0,0.0
2275.47,5.82,0.0,0.0
2275.98,6.121,0.0,0.0
2276.49,6.029,0.0,0.0
2277.0,6.172,0.0,0.0
2277.51,6.089,0.0,0.0
2278.01,6.071,0.0,0.0
2278.52,6.158,0.0,0.0
2279.03,6.086,0.0,0.0
2279.54,6.262,0.0,0.0
2280.05,6.271,0.0,0.0
2280.56,6.012,0.0,0.0
2281.06,6.044,0.0,0.0
2281.57,6.072,0.0,0.0
2282.08,6.054,0.0,0.0
2282.59,6.116,0.0,0.0
2283.1,6.015,0.0,0.0
2283.61,5.96,0.0,0.0
2284.12,6.088,0.0,0.0
2284.63,5.979,0.0,0.0
2285.14,6.119,0.0,0.0
2285.65,6.158,0.0,0.0
2286.16,6.329,0.0,0.0
2286.66,6.163,0.0,0.0
2287.17,6.112,0.0,0.0
2287.68,6.178,0.0,0.0
2288.19,6.167,0.0,0.0
2288.7,5.988,0.0,0.0
2289.2,6.081,0.0,0.0
2289.71,5.876,0.0,0.0
2290.22,6.168,0.0,0.0
2290.73,6.032,0.0,0.0
2291.24,5.83,0.0,0.0
2291.75,5.942,0.0,0.0
2292.26,5.869,0.0,0.0
2292.76,5.98,0.0,0.0
2293.27,6.089,0.0,0.0
2293.78,6.006,0.0,0.0
2294.29,6.267,0.0,0.0
2294.8,6.195,0.0,0.0
2295.31,5.905,0.0,0.0
2295.82,6.071,0.0,0.0
2296.32,6.031,0.0,0.0
2296.83,5.889,0.0,0.0
2297.34,5.924,0.0,0.0
2297.85,5.922,0.0,0.0
2298.36,5.976,0.0,0.0
2298.87,6.199,0.0,0.0
2299.38,6.172,0.0,0.0
2299.89,6.074,0.0,0.0
2300.4,6.108,0.0,0.0
2300.91,5.838,0.0,0.0
2301.42,6.021,0.0,0.0
2301.92,5.962,0.0,0.0
2302.43,6.186,0.0,0.0
2302.94,6.204,0.0,0.0
2303.45,6.12,0.0,0.0
2303.96,6.11,0.0,0.0
2304.46,6.143,0.0,0.0
2304.97,6.2,0.0,0.0
2305.48,6.146,0.0,0.0
2305.99,5.92,0.0,0.0
2306.5,6.174,0.0,0.0
2307.01,6.146,0.0,0.0
2307.52,6.014,0.0,0.0
2308.03,6.185,0.0,0.0
2308.54,5.93,0.0,0.0
2309.04,6.033,0.0,0.0
2309.55,6.244,0.0,0.0
2310.06,5.957,0.0,0.0
2310.57,6.123,0.0,0.0
2311.07,6.087,0.0,0.0
2311.58,5.917,0.0,0.0
2312.09,6.251,0.0,0.0
2312.59,6.086,0.0,0.0
2313.1,6.221,0.0,0.0
2313.61,6.102,0.0,0.0
2314.12,5.924,0.0,0.0
2314.63,5.962,0.0,0.0
2315.13,6.015,0.0,0.0
2315.64,5.849,0.0,0.0
2316.15,6.054,0.0,0.0
2316.65,6.08,0.0,0.0
2317.16,6.037,0.0,0.0
2317.67,5.847,0.0,0.0
2318.18,6.1,0.0,0.0
2318.69,6.103,0.0,0.0
2319.19,6.179,0.0,0.0
2319.7,6.265,0.0,0.0
2320.21,6.374,0.0,0.0
2320.72,6.234,0.0,0.0
2321.23,6.094,0.0,0.0
2321.74,6.044,0.0,0.0
2322.24,5.967,0.0,0.0
2322.75,6.309,0.0,0.0
2323.26,6.192,0.0,0.0
2323.77,5.936,0.0,0.0
2324.28,6.015,0.0,0.0
2324.79,6.07,0.0,0.0
2325.3,5.987,0.0,0.0
2325.8,6.191,0.0,0.0
2326.31,6.139,0.0,0.0
2326.82,6.339,0.0,0.0
2327.33,6.18,0.0,0.0
2327.84,6.349,0.0,0.0
2328.35,6.134,0.0,0.0
2328.86,5.904,0.0,0.0
2329.36,6.083,0.0,0.0
2329.87,6.096,0.0,0.0
2330.38,6.085,0.0,0.0
2330.89,6.152,0.0,0.0
2331.4,6.15,0.0,0.0
2331.91,6.178,0.0,0.0
2332.42,5.926,0.0,0.0
2332.92,6.019,0.0,0.0
2333.43,6.038,0.0,0.0
2333.94,5.987,0.0,0.0
2334.45,6.229,0.0,0.0
2334.96,5.97,0.0,0.0
2335.47,6.077,0.0,0.0
2335.98,6.016,0.0,0.0
2336.49,6.104,0.0,0.0
2337.0,6.091,0.0,0.0
2337.51,6.087,0.0,0.0
2338.02,6.064,0.0,0.0
2338.53,5.982,0.0,0.0
2339.03,6.102,0.0,0.0
2339.54,6.131,0.0,0.0
2340.05,6.273,0.0,0.0
2340.56,6.192,0.0,0.0
2341.07,6.083,0.0,0.0
2341.58,6.051,0.0,0.0
2342.09,6.074,0.0,0.0
2342.6,5.948,0.0,0.0
2343.11,5.899,0.0,0.0
2343.61,6.123,0.0,0.0
2344.12,6.077,0.0,0.0
2344.63,6.219,0.0,0.0
2345.14,6.212,0.0,0.0
2345.65,6.153,0.0,0.0
2346.16,6.291,0.0,0.0
2346.67,6.243,0.0,0.0
2347.18,6.117,0.0,0.0
2347.69,5.976,0.0,0.0
2348.2,5.971,0.0,0.0
2348.71,6.003,0.0,0.0
2349.22,6.177,0.0,0.0
2349.73,5.991,0.0,0.0
2350.24,6.013,0.0,0.0
2350.75,6.008,0.0,0.0
2351.26,5.874,0.0,0.0
2351.77,6.187,0.0,0.0
2352.28,6.188,0.0,0.0
2352.79,5.9,0.0,0.0
2353.3,6.179,0.0,0.0
2353.81,6.091,0.0,0.0
2354.31,5.883,0.0,0.0
2354.82,6.371,0.0,0.0
2355.33,6.113,0.0,0.0
2355.84,6.324,0.0,0.0
2356.35,5.903,0.0,0.0
2356.86,5.915,0.0,0.0
2357.37,5.983,0.0,0.0
2357.88,6.07,0.0,0.0
2358.39,6.045,0.0,0.0
2358.9,5.877,0.0,0.0
2359.4,5.933,0.0,0.0
2359.91,6.125,0.0,0.0
2360.42,6.015,0.0,0.0
2360.93,6.032,0.0,0.0
2361.44,5.922,0.0,0.0
2361.95,6.159,0.0,0.0
2362.45,5.918,0.0,0.0
2362.96,5.976,0.0,0.0
2363.47,6.191,0.0,0.0
2363.98,6.164,0.0,0.0
2364.49,6.396,0.0,0.0
2365.0,6.196,0.0,0.0
2365.51,5.955,0.0,0.0
2366.02,6.179,0.0,0.0
2366.53,5.973,0.0,0.0
2367.04,6.142,0.0,0.0
2367.55,6.197,0.0,0.0
2368.05,5.962,0.0,0.0
2368.56,6.159,0.0,0.0
2369.07,6.183,0.0,0.0
2369.57,5.963,0.0,0.0
2370.08,6.188,0.0,0.0
2370.58,6.217,0.0,0.0
2371.09,6.227,0.0,0.0
2371.6,6.09,0.0,0.0
2372.11,6.07,0.0,0.0
2372.62,6.359,0.0,0.0
2373.13,6.13,0.0,0.0
2373.64,6.057,0.0,0.0
2374.14,6.036,0.0,0.0
2374.65,6.144,0.0,0.0
2375.16,5.901,0.0,0.0
2375.67,6.249,0.0,0.0
2376.18,6.322,0.0,0.0
2376.69,5.926,0.0,0.0
2377.2,5.925,0.0,0.0
2377.71,6.023,0.0,0.0
2378.22,6.19,0.0,0.0
2378.72,6.197,0.0,0.0
2379.23,6.102,0.0,0.0
2379.74,6.079,0.0,0.0
2380.25,6.05,0.0,0.0
2380.76,6.097,0.0,0.0
2381.27,5.929,0.0,0.0
2381.78,6.271,0.0,0.0
2382.29,6.062,0.0,0.0
2382.79,5.979,0.0,0.0
2383.3,6.364,0.0,0.0
2383.81,5.789,0.0,0.0
2384.32,6.067,0.0,0.0
2384.83,6.016,0.0,0.0
2385.34,6.059,0.0,0.0
2385.85,6.223,0.0,0.0
2386.36,6.066,0.0,0.0
2386.87,6.24,0.0,0.0
2387.38,6.263,0.0,0.0
2387.88,6.137,0.0,0.0
2388.39,6.063,0.0,0.0
2388.9,6.027,0.0,0.0
2389.41,6.115,0.0,0.0
2389.91,6.012,0.0,0.0
2390.42,6.123,0.0,0.0
2390.93,6.077,0.0,0.0
2391.44,6.09,0.0,0.0
2391.95,5.915,0.0,0.0
2392.45,6.07,0.0,0.0
2392.96,5.998,0.0,0.0
2393.47,5.864,0.0,0.0
2393.98,6.162,0.0,0.0
2394.49,6.155,0.0,0.0
2395.0,6.307,0.0,0.0
2395.5,5.959,0.0,0.0
2396.01,6.083,0.0,0.0
2396.52,6.137,0.0,0.0
2397.03,5.948,0.0,0.0
2397.54,6.117,0.0,0.0
2398.05,6.094,0.0,0.0
2398.56,6.306,0.0,0.0
2399.07,6.147,0.0,0.0
2399.57,6.235,0.0,0.0
2400.08,5.995,0.0,0.0
2400.59,5.897,0.0,0.0
2401.1,6.307,0.0,0.0
2401.61,6.084,0.0,0.0
2402.12,6.035,0.0,0.0
2402.63,6.156,0.0,0.0
2403.14,5.912,0.0,0.0
2403.65,5.903,0.0,0.0
2404.15,5.905,0.0,0.0
2404.66,6.126,0.0,0.0
2405.17,6.045,0.0,0.0
2405.67,6.107,0.0,0.0
2406.18,6.158,0.0,0.0
2406.69,6.224,0.0,0.0
2407.2,6.125,0.0,0.0
2407.7,6.069,0.0,0.0
2408.21,6.199,0.0,0.0
2408.72,5.913,0.0,0.0
2409.23,6.084,0.0,0.0
2409.74,5.966,0.0,0.0
2410.25,6.052,0.0,0.0
2410.76,6.136,0.0,0.0
2411.26,6.091,0.0,0.0
2411.77,6.079,0.0,0.0
2412.28,6.276,0.0,0.0
2412.79,6.231,0.0,0.0
2413.3,6.028,0.0,0.0
2413.81,6.236,0.0,0.0
2414.32,6.047,0.0,0.0
2414.83,6.026,0.0,0.0
2415.33,6.187,0.0,0.0
2415.84,6.095,0.0,0.0
2416.35,5.956,0.0,0.0
2416.86,6.249,0.0,0.0
2417.37,6.175,0.0,0.0
2417.88,6.14,0.0,0.0
2418.39,6.148,0.0,0.0
2418.9,5.943,0.0,0.0
2419.41,6.023,0.0,0.0
2419.92,6.038,0.0,0.0
2420.43,6.072,0.0,0.0
2420.94,6.075,0.0,0.0
2421.45,6.2,0.0,0.0
2421.95,6.254,0.0,0.0
2422.46,6.227,0.0,0.0
2422.97,6.092,0.0,0.0
2423.48,5.946,0.0,0.0
2423.98,6.078,0.0,0.0
2424.49,6.067,0.0,0.0
2425.0,6.103,0.0,0.0
2425.5,6.095,0.0,0.0
2426.01,6.03,0.0,0.0
2426.51,6.147,0.0,0.0
2427.02,6.143,0.0,0.0
2427.53,6.132,0.0,0.0
2428.03,6.091,0.0,0.0
2428.54,6.127,0.0,0.0
2429.04,6.149,0.0,0.0
2429.55,6.183,0.0,0.0
2430.06,6.205,0.0,0.0
2430.57,6.219,0.0,0.0
2431.08,5.928,0.0,0.0
2431.59,6.187,0.0,0.0
2432.1,6.187,0.0,0.0
2432.61,6.065,0.0,0.0
2433.12,6.048,0.0,0.0
2433.63,6.155,0.0,0.0
2434.14,5.905,0.0,0.0
2434.64,6.344,0.0,0.0
2435.15,6.247,0.0,0.0
2435.66,6.27,0.0,0.0
2436.17,6.183,0.0,0.0
2436.68,6.337,0.0,0.0
2437.19,5.912,0.0,0.0
2437.7,5.903,0.0,0.0
2438.21,5.901,0.0,0.0
2438.72,6.216,0.0,0.0
2439.22,6.335,0.0,0.0
2439.73,5.868,0.0,0.0
2440.24,6.205,0.0,0.0
2440.75,6.208,0.0,0.0
2441.26,5.931,0.0,0.0
2441.76,6.18,0.0,0.0
2442.27,5.984,0.0,0.0
2442.77,5.995,0.0,0.0
2443.28,6.139,0.0,0.0
2443.79,6.159,0.0,0.0
2444.3,6.201,0.0,0.0
2444.81,6.274,0.0,0.0
2445.31,6.22,0.0,0.0
2445.82,6.012,0.0,0.0
2446.33,6.222,0.0,0.0
2446.84,6.218,0.0,0.0
2447.35,5.88,0.0,0.0
2447.85,5.853,0.0,0.0
2448.36,5.853,0.0,0.0
2448.87,5.853,0.0,0.0
2449.38,5.853,0.0,0.0
2449.89,6.062,0.0,0.0
2450.4,6.147,0.0,0.0
2450.91,6.22,0.0,0.0
2451.42,6.239,0.0,0.0
2451.93,6.21,0.0,0.0
2452.44,6.302,0.0,0.0
2452.94,6.301,0.0,0.0
2453.45,5.895,0.0,0.0
2453.96,5.994,0.0,0.0
2454.47,6.331,0.0,0.0
2454.98,6.315,0.0,0.0
2455.49,6.297,0.0,0.0
2456.0,6.081,0.0,0.0
2456.51,6.036,0.0,0.0
2457.01,6.194,0.0,0.0
2457.52,6.012,0.0,0.0
2458.03,6.028,0.0,0.0
2458.54,6.199,0.0,0.0
2459.05,6.203,0.0,0.0
2459.56,6.144,0.0,0.0
2460.06,6.191,0.0,0.0
2460.57,6.104,0.0,0.0
2461.08,6.25,0.0,0.0
2461.59,5.982,0.0,0.0
2462.1,6.138,0.0,0.0
2462.61,6.043,0.0,0.0
2463.12,6.076,0.0,0.0
2463.63,6.154,0.0,0.0
2464.14,5.953,0.0,0.0
2464.65,6.13,0.0,0.0
2465.16,6.166,0.0,0.0
2465.67,5.97,0.0,0.0
2466.18,6.085,0.0,0.0
2466.68,5.902,0.0,0.0
2467.19,5.996,0.0,0.0
2467.7,5.862,0.0,0.0
2468.22,6.057,0.0,0.0
2468.73,6.012,0.0,0.0
2469.24,6.217,0.0,0.0
2469.75,6.197,0.0,0.0
2470.26,6.365,0.0,0.0
2470.77,6.115,0.0,0.0
2471.28,5.879,0.0,0.0
2471.78,6.049,0.0,0.0
2472.29,6.098,0.0,0.0
2472.8,6.201,0.0,0.0
2473.31,5.986,0.0,0.0
2473.82,6.002,0.0,0.0
2474.33,6.143,0.0,0.0
2474.84,6.273,0.0,0.0
2475.35,6.233,0.0,0.0
2475.86,6.205,0.0,0.0
2476.37,6.272,0.0,0.0
2476.88,6.23,0.0,0.0
2477.39,6.241,0.0,0.0
2477.9,6.113,0.0,0.0
2478.4,5.955,0.0,0.0
2478.92,5.996,0.0,0.0
2479.43,5.844,0.0,0.0
2479.94,6.059,0.0,0.0
2480.44,5.917,0.0,0.0
2480.95,5.871,0.0,0.0
2481.46,6.152,0.0,0.0
2481.97,6.225,0.0,0.0
2482.48,6.012,0.0,0.0
2482.99,6.063,0.0,0.0
2483.5,5.987,0.0,0.0
2484.01,6.162,0.0,0.0
2484.52,6.276,0.0,0.0
2485.03,6.339,0.0,0.0
2485.54,6.144,0.0,0.0
2486.05,6.264,0.0,0.0
2486.56,6.128,0.0,0.0
2487.07,6.214,0.0,0.0
2487.58,6.145,0.0,0.0
2488.09,6.045,0.0,0.0
2488.6,5.997,0.0,0.0
2489.12,6.11,0.0,0.0
2489.63,6.185,0.0,0.0
2490.14,6.402,0.0,0.0
2490.65,6.082,0.0,0.0
2491.16,5.902,0.0,0.0
2491.66,6.211,0.0,0.0
2492.17,6.274,0.0,0.0
2492.68,6.111,0.0,0.0
2493.19,6.122,0.0,0.0
2493.7,6.171,0.0,0.0
2494.21,6.104,0.0,0.0
2494.71,5.944,0.0,0.0
2495.22,5.837,0.0,0.0
2495.73,5.837,0.0,0.0
2496.24,5.837,0.0,0.0
2496.75,5.904,0.0,0.0
2497.25,6.132,0.0,0.0
2497.76,6.088,0.0,0.0
2498.27,6.18,0.0,0.0
2498.77,6.169,0.0,0.0
2499.28,6.098,0.0,0.0
2499.79,6.107,0.0,0.0
2500.3,6.395,0.0,0.0
2500.8,6.227,0.0,0.0
2501.31,6.279,0.0,0.0
2501.82,6.092,0.0,0.0
2502.33,5.98,0.0,0.0
2502.84,6.049,0.0,0.0
2503.34,6.025,0.0,0.0
2503.85,5.956,0.0,0.0
2504.36,6.249,0.0,0.0
2504.87,6.193,0.0,0.0
2505.38,6.196,0.0,0.0
2505.89,6.102,0.0,0.0
2506.4,6.067,0.0,0.0
2506.91,6.388,0.0,0.0
2507.42,6.208,0.0,0.0
2507.93,6.393,0.0,0.0
2508.44,6.169,0.0,0.0
2508.95,6.195,0.0,0.0
2509.46,5.927,0.0,0.0
2509.96,6.089,0.0,0.0
2510.47,6.223,0.0,0.0
2510.98,6.207,0.0,0.0
2511.49,5.98,0.0,0.0
2512.0,6.011,0.0,0.0
2512.5,5.94,0.0,0.0
2513.02,6.163,0.0,0.0
2513.53,6.129,0.0,0.0
2514.04,6.141,0.0,0.0
2514.54,5.954,0.0,0.0
2515.05,5.892,0.0,0.0
2515.56,6.115,0.0,0.0
2516.07,6.265,0.0,0.0
2516.58,6.229,0.0,0.0
2517.09,6.123,0.0,0.0
2517.6,6.302,0.0,0.0
2518.11,6.079,0.0,0.0
2518.62,6.128,0.0,0.0
2519.12,6.06,0.0,0.0
2519.64,6.061,0.0,0.0
2520.15,6.077,0.0,0.0
2520.66,6.191,0.0,0.0
2521.16,6.045,0.0,0.0
2521.67,5.954,0.0,0.0
2522.18,6.108,0.0,0.0
2522.69,5.927,0.0,0.0
2523.2,5.915,0.0,0.0
2523.71,6.032,0.0,0.0
2524.22,6.09,0.0,0.0
2524.73,5.942,0.0,0.0
2525.25,6.187,0.0,0.0
2525.76,6.017,0.0,0.0
2526.27,6.099,0.0,0.0
2526.77,6.17,0.0,0.0
2527.28,5.917,0.0,0.0
2527.79,6.114,0.0,0.0
2528.3,5.928,0.0,0.0
2528.81,5.957,0.0,0.0
2529.32,6.106,0.0,0.0
2529.83,6.127,0.0,0.0
2530.34,6.109,0.0,0.0
2530.85,6.169,0.0,0.0
2531.36,6.237,0.0,0.0
2531.87,6.114,0.0,0.0
2532.38,6.303,0.0,0.0
2532.89,6.116,0.0,0.0
2533.4,6.339,0.0,0.0
2533.91,6.241,0.0,0.0
2534.42,6.185,0.0,0.0
2534.92,6.174,0.0,0.0
2535.43,5.878,0.0,0.0
2535.94,6.209,0.0,0.0
2536.45,6.127,0.0,0.0
2536.96,6.232,0.0,0.0
2537.47,6.118,0.0,0.0
2537.98,6.048,0.0,0.0
2538.49,6.187,0.0,0.0
2538.99,5.999,0.0,0.0
2539.5,5.954,0.0,0.0
2540.01,6.001,0.0,0.0
2540.51,6.111,0.0,0.0
2541.02,6.142,0.0,0.0
2541.53,6.187,0.0,0.0
2542.04,6.051,0.0,0.0
2542.55,6.026,0.0,0.0
2543.06,5.996,0.0,0.0
2543.57,6.127,0.0,0.0
2544.07,6.114,0.0,0.0
2544.58,5.851,0.0,0.0
2545.09,6.109,0.0,0.0
2545.61,6.299,0.0,0.0
2546.11,6.4,0.0,0.0
2546.62,6.217,0.0,0.0
2547.13,6.178,0.0,0.0
2547.64,6.243,0.0,0.0
2548.15,6.036,0.0,0.0
2548.66,6.197,0.0,0.0
2549.17,6.12,0.0,0.0
2549.68,6.268,0.0,0.0
2550.19,6.207,0.0,0.0
2550.69,6.421,0.0,0.0
2551.2,6.174,0.0,0.0
2551.71,5.961,0.0,0.0
2552.22,6.317,0.0,0.0
2552.73,6.022,0.0,0.0
2553.24,6.07,0.0,0.0
2553.75,5.833,0.0,0.0
2554.25,6.033,0.0,0.0
2554.77,6.45,0.0,0.0
2555.28,6.256,0.0,0.0
2555.79,6.172,0.0,0.0
2556.3,6.076,0.0,0.0
2556.81,6.224,0.0,0.0
2557.31,6.188,0.0,0.0
2557.82,6.24,0.0,0.0
2558.33,6.119,0.0,0.0
2558.84,6.024,0.0,0.0
2559.35,6.004,0.0,0.0
2559.86,6.214,0.0,0.0
2560.37,6.17,0.0,0.0
2560.88,5.947,0.0,0.0
2561.39,6.218,0.0,0.0
2561.9,6.306,0.0,0.0
2562.41,6.285,0.0,0.0
2562.92,6.314,0.0,0.0
2563.43,6.214,0.0,0.0
2563.93,6.329,0.0,0.0
2564.44,6.191,0.0,0.0
2564.95,5.967,0.0,0.0
2565.46,6.135,0.0,0.0
2565.97,6.003,0.0,0.0
2566.48,5.963,0.0,0.0
2566.98,5.938,0.0,0.0
2567.49,6.061,0.0,0.0
2568.0,6.182,0.0,0.0
2568.51,6.169,0.0,0.0
2569.02,5.864,0.0,0.0
2569.53,6.179,0.0,0.0
2570.04,6.166,0.0,0.0
2570.54,5.895,0.0,0.0
2571.05,6.191,0.0,0.0
2571.56,6.035,0.0,0.0
2572.07,6.173,0.0,0.0
2572.58,6.173,0.0,0.0
2573.08,6.077,0.0,0.0
2573.59,6.144,0.0,0.0
2574.1,6.148,0.0,0.0
2574.61,6.269,0.0,0.0
2575.12,6.211,0.0,0.0
2575.63,6.313,0.0,0.0
2576.14,6.086,0.0,0.0
2576.65,6.05,0.0,0.0
2577.16,6.275,0.0,0.0
2577.66,6.123,0.0,0.0
2578.17,5.964,0.0,0.0
2578.69,6.22,0.0,0.0
2579.2,5.985,0.0,0.0
2579.7,6.113,0.0,0.0
2580.21,6.168,0.0,0.0
2580.72,6.213,0.0,0.0
2581.22,6.109,0.0,0.0
2581.73,6.045,0.0,0.0
2582.24,6.142,0.0,0.0
2582.75,6.15,0.0,0.0
2583.26,5.956,0.0,0.0
2583.77,5.985,0.0,0.0
2584.28,6.062,0.0,0.0
2584.79,5.993,0.0,0.0
2585.3,5.831,0.0,0.0
2585.81,5.914,0.0,0.0
2586.31,6.192,0.0,0.0
2586.82,5.983,0.0,0.0
2587.33,6.174,0.0,0.0
2587.84,6.223,0.0,0.0
2588.35,6.274,0.0,0.0
2588.85,6.203,0.0,0.0
2589.36,5.845,0.0,0.0
2589.87,6.134,0.0,0.0
2590.37,6.278,0.0,0.0
2590.88,6.233,0.0,0.0
2591.39,6.118,0.0,0.0
2591.9,5.975,0.0,0.0
2592.41,5.887,0.0,0.0
2592.92,6.078,0.0,0.0
2593.43,6.11,0.0,0.0
2593.93,6.175,0.0,0.0
2594.44,6.03,0.0,0.0
2594.95,6.259,0.0,0.0
2595.45,6.117,0.0,0.0
2595.96,6.177,0.0,0.0
2596.46,5.981,0.0,0.0
2596.97,6.269,0.0,0.0
2597.47,6.202,0.0,0.0
2597.98,6.253,0.0,0.0
2598.49,6.068,0.0,0.0
2599.0,6.214,0.0,0.0
2599.5,6.28,0.0,0.0
2600.01,6.124,0.0,0.0
2600.52,6.03,0.0,0.0
2601.03,6.203,0.0,0.0
2601.54,6.19,0.0,0.0
2602.04,5.948,0.0,0.0
2602.55,6.205,0.0,0.0
2603.06,6.233,0.0,0.0
2603.56,6.354,0.0,0.0
2604.07,6.193,0.0,0.0
2604.57,6.272,0.0,0.0
2605.08,6.13,0.0,0.0
2605.59,6.155,0.0,0.0
2606.1,6.052,0.0,0.0
2606.61,6.133,0.0,0.0
2607.11,6.173,0.0,0.0
2607.62,6.202,0.0,0.0
2608.12,5.96,0.0,0.0
2608.63,6.22,0.0,0.0
2609.13,6.077,0.0,0.0
2609.64,6.113,0.0,0.0
2610.15,6.106,0.0,0.0
2610.65,6.076,0.0,0.0
2611.16,6.304,0.0,0.0
2611.67,6.133,0.0,0.0
2612.17,6.068,0.0,0.0
2612.68,6.235,0.0,0.0
2613.19,6.196,0.0,0.0
2613.7,6.114,0.0,0.0
2614.2,6.181,0.0,0.0
2614.71,6.268,0.0,0.0
2615.22,6.354,0.0,0.0
2615.73,6.221,0.0,0.0
2616.24,5.892,0.0,0.0
2616.75,6.124,0.0,0.0
2617.25,6.191,0.0,0.0
2617.76,5.94,0.0,0.0
2618.27,6.203,0.0,0.0
2618.78,5.974,0.0,0.0
2619.29,5.995,0.0,0.0
2619.8,6.193,0.0,0.0
2620.31,6.108,0.0,0.0
2620.82,5.926,0.0,0.0
2621.32,6.299,0.0,0.0
2621.83,6.127,0.0,0.0
2622.34,6.349,0.0,0.0
2622.85,6.221,0.0,0.0
2623.36,6.186,0.0,0.0
2623.87,6.312,0.0,0.0
2624.38,6.21,0.0,0.0
2624.88,6.016,0.0,0.0
2625.39,5.988,0.0,0.0
2625.9,6.013,0.0,0.0
2626.41,6.123,0.0,0.0
2626.91,6.083,0.0,0.0
2627.42,6.022,0.0,0.0
2627.93,5.979,0.0,0.0
2628.43,6.086,0.0,0.0
2628.94,6.091,0.0,0.0
2629.46,5.974,0.0,0.0
2629.97,5.936,0.0,0.0
2630.47,5.84,0.0,0.0
2630.98,6.137,0.0,0.0
2631.49,6.068,0.0,0.0
2631.99,6.207,0.0,0.0
2632.5,6.199,0.0,0.0
2633.01,6.039,0.0,0.0
2633.51,6.055,0.0,0.0
2634.02,5.955,0.0,0.0
2634.53,6.116,0.0,0.0
2635.04,6.256,0.0,0.0
2635.55,5.937,0.0,0.0
2636.06,6.177,0.0,0.0
2636.56,6.075,0.0,0.0
2637.07,6.192,0.0,0.0
2637.58,6.208,0.0,0.0
2638.09,6.136,0.0,0.0
2638.6,6.286,0.0,0.0
2639.1,6.154,0.0,0.0
2639.61,5.939,0.0,0.0
2640.12,5.988,0.0,0.0
2640.63,6.181,0.0,0.0
2641.14,6.078,0.0,0.0
2641.65,6.146,0.0,0.0
2642.16,6.284,0.0,0.0
2642.66,6.215,0.0,0.0
2643.17,6.178,0.0,0.0
2643.68,6.196,0.0,0.0
2644.19,6.123,0.0,0.0
2644.7,6.262,0.0,0.0
2645.21,6.048,0.0,0.0
2645.72,6.01,0.0,0.0
2646.23,6.156,0.0,0.0
2646.73,6.208,0.0,0.0
2647.24,6.116,0.0,0.0
2647.75,5.997,0.0,0.0
2648.26,6.128,0.0,0.0
2648.77,5.998,0.0,0.0
2649.28,6.019,0.0,0.0
2649.79,6.112,0.0,0.0
2650.3,6.196,0.0,0.0
2650.81,6.198,0.0,0.0
2651.32,6.214,0.0,0.0
2651.82,6.165,0.0,0.0
2652.33,6.242,0.0,0.0
2652.84,6.196,0.0,0.0
2653.35,6.145,0.0,0.0
2653.86,6.184,0.0,0.0
2654.37,5.974,0.0,0.0
2654.89,6.173,0.0,0.0
2655.4,5.886,0.0,0.0
2655.9,6.098,0.0,0.0
2656.41,6.087,0.0,0.0
2656.92,6.042,0.0,0.0
2657.43,6.086,0.0,0.0
2657.94,5.984,0.0,0.0
2658.45,6.209,0.0,0.0
2658.96,6.286,0.0,0.0
2659.46,6.395,0.0,0.0
2659.97,6.223,0.0,0.0
2660.48,5.976,0.0,0.0
2660.99,6.098,0.0,0.0
2661.49,6.096,0.0,0.0
2662.0,6.149,0.0,0.0
2662.51,6.05,0.0,0.0
2663.02,6.032,0.0,0.0
2663.52,6.008,0.0,0.0
2664.03,5.932,0.0,0.0
2664.54,6.038,0.0,0.0
2665.05,5.974,0.0,0.0
2665.56,6.068,0.0,0.0
2666.07,6.125,0.0,0.0
2666.58,6.136,0.0,0.0
2667.08,6.179,0.0,0.0
2667.59,6.09,0.0,0.0
2668.1,6.248,0.0,0.0
2668.61,6.311,0.0,0.0
2669.12,6.221,0.0,0.0
2669.63,6.223,0.0,0.0
2670.14,6.223,0.0,0.0
2670.65,6.061,0.0,0.0
2671.15,6.077,0.0,0.0
2671.66,6.05,0.0,0.0
2672.17,5.891,0.0,0.0
2672.68,6.018,0.0,0.0
2673.19,5.965,0.0,0.0
2673.7,5.888,0.0,0.0
2674.2,5.863,0.0,0.0
2674.71,5.863,0.0,0.0
2675.22,6.207,0.0,0.0
2675.72,6.172,0.0,0.0
2676.23,6.32,0.0,0.0
2676.73,6.181,0.0,0.0
2677.24,6.1,0.0,0.0
2677.75,6.175,0.0,0.0
2678.26,6.252,0.0,0.0
2678.76,6.222,0.0,0.0
2679.27,6.164,0.0,0.0
2679.78,6.223,0.0,0.0
2680.28,6.11,0.0,0.0
2680.79,6.1,0.0,0.0
2681.3,6.234,0.0,0.0
2681.8,6.149,0.0,0.0
2682.31,6.12,0.0,0.0
2682.82,5.989,0.0,0.0
2683.33,6.195,0.0,0.0
2683.84,6.142,0.0,0.0
2684.34,6.153,0.0,0.0
2684.85,6.202,0.0,0.0
2685.36,6.095,0.0,0.0
2685.87,6.125,0.0,0.0
2686.38,6.233,0.0,0.0
2686.89,6.17,0.0,0.0
2687.39,6.21,0.0,0.0
2687.9,6.289,0.0,0.0
2688.41,6.13,0.0,0.0
2688.92,5.964,0.0,0.0
2689.43,6.127,0.0,0.0
2689.94,6.138,0.0,0.0
2690.45,5.935,0.0,0.0
2690.95,6.226,0.0,0.0
2691.46,6.12,0.0,0.0
2691.97,6.21,0.0,0.0
2692.48,6.058,0.0,0.0
2692.99,6.111,0.0,0.0
2693.5,6.244,0.0,0.0
2694.01,6.186,0.0,0.0
2694.52,5.971,0.0,0.0
2695.03,5.978,0.0,0.0
2695.54,6.074,0.0,0.0
2696.04,6.221,0.0,0.0
2696.55,6.04,0.0,0.0
2697.06,6.118,0.0,0.0
2697.57,6.052,0.0,0.0
2698.08,6.227,0.0,0.0
2698.59,6.258,0.0,0.0
2699.09,6.179,0.0,0.0
2699.6,6.362,0.0,0.0
2700.11,6.315,0.0,0.0
2700.62,6.103,0.0,0.0
2701.13,6.018,0.0,0.0
2701.64,6.168,0.0,0.0
2702.15,6.146,0.0,0.0
2702.66,6.238,0.0,0.0
2703.17,5.949,0.0,0.0
2703.68,6.133,0.0,0.0
2704.18,6.219,0.0,0.0
2704.69,5.95,0.0,0.0
2705.2,6.209,0.0,0.0
2705.71,6.125,0.0,0.0
2706.22,5.968,0.0,0.0
2706.73,6.1,0.0,0.0
2707.24,6.153,0.0,0.0
2707.74,6.167,0.0,0.0
2708.25,6.277,0.0,0.0
2708.76,6.184,0.0,0.0
2709.27,6.104,0.0,0.0
2709.78,6.171,0.0,0.0
2710.29,6.076,0.0,0.0
2710.8,6.278,0.0,0.0
2711.31,6.148,0.0,0.0
2711.82,6.104,0.0,0.0
2712.33,6.269,0.0,0.0
2712.84,6.085,0.0,0.0
2713.34,6.05,0.0,0.0
2713.85,5.873,0.0,0.0
2714.36,6.23,0.0,0.0
2714.87,6.09,0.0,0.0
2715.38,6.256,0.0,0.0
2715.89,6.162,0.0,0.0
2716.39,6.23,0.0,0.0
2716.9,6.132,0.0,0.0
2717.41,6.075,0.0,0.0
2717.92,6.01,0.0,0.0
2718.43,6.107,0.0,0.0
2718.94,5.827,0.0,0.0
2719.44,5.938,0.0,0.0
2719.95,6.053,0.0,0.0
2720.46,5.886,0.0,0.0
2720.96,6.201,0.0,0.0
2721.47,6.121,0.0,0.0
2721.98,5.96,0.0,0.0
2722.49,6.278,0.0,0.0
2723.0,6.165,0.0,0.0
2723.5,6.204,0.0,0.0
2724.01,5.975,0.0,0.0
2724.52,6.076,0.0,0.0
2725.03,6.22,0.0,0.0
2725.54,6.211,0.0,0.0
2726.05,6.209,0.0,0.0
2726.56,6.125,0.0,0.0
2727.07,6.043,0.0,0.0
2727.57,6.114,0.0,0.0
2728.08,6.198,0.0,0.0
2728.59,6.122,0.0,0.0
2729.09,6.166,0.0,0.0
2729.6,5.942,0.0,0.0
2730.11,6.189,0.0,0.0
2730.62,6.064,0.0,0.0
2731.13,6.011,0.0,0.0
2731.64,6.225,0.0,0.0
2732.15,6.326,0.0,0.0
2732.66,6.281,0.0,0.0
2733.16,6.17,0.0,0.0
2733.67,6.12,0.0,0.0
2734.18,6.07,0.0,0.0
2734.69,6.166,0.0,0.0
2735.2,6.163,0.0,0.0
2735.71,6.362,0.0,0.0
2736.22,6.201,0.0,0.0
2736.72,6.255,0.0,0.0
2737.23,6.083,0.0,0.0
2737.75,5.996,0.0,0.0
2738.25,6.041,0.0,0.0
2738.76,6.131,0.0,0.0
2739.27,5.881,0.0,0.0
2739.78,6.117,0.0,0.0
2740.29,6.176,0.0,0.0
2740.8,6.202,0.0,0.0
2741.31,5.981,0.0,0.0
2741.82,6.034,0.0,0.0
2742.33,6.099,0.0,0.0
2742.84,6.231,0.0,0.0
2743.35,6.206,0.0,0.0
2743.86,6.058,0.0,0.0
2744.37,5.926,0.0,0.0
2744.88,6.054,0.0,0.0
2745.38,5.885,0.0,0.0
2745.89,6.218,0.0,0.0
2746.4,6.292,0.0,0.0
2746.91,6.23,0.0,0.0
2747.42,6.229,0.0,0.0
2747.93,6.013,0.0,0.0
2748.43,6.08,0.0,0.0
2748.94,6.217,0.0,0.0
2749.45,6.189,0.0,0.0
2749.96,6.263,0.0,0.0
2750.47,6.206,0.0,0.0
2750.98,6.125,0.0,0.0
2751.49,6.019,0.0,0.0
2751.99,6.214,0.0,0.0
2752.5,5.957,0.0,0.0
2753.01,6.013,0.0,0.0
2753.53,6.251,0.0,0.0
2754.04,6.051,0.0,0.0
2754.54,5.91,0.0,0.0
2755.05,6.114,0.0,0.0
2755.56,6.073,0.0,0.0
2756.07,6.068,0.0,0.0
2756.58,6.085,0.0,0.0
2757.09,6.061,0.0,0.0
2757.6,6.167,0.0,0.0
2758.1,6.319,0.0,0.0
2758.61,5.896,0.0,0.0
2759.12,6.225,0.0,0.0
2759.63,6.221,0.0,0.0
2760.15,6.223,0.0,0.0
2760.65,5.982,0.0,0.0
2761.16,5.986,0.0,0.0
2761.67,5.939,0.0,0.0
2762.18,6.103,0.0,0.0
2762.69,5.987,0.0,0.0
2763.2,5.858,0.0,0.0
2763.7,5.858,0.0,0.0
2764.21,5.858,0.0,0.0
2764.72,5.858,0.0,0.0
2765.23,5.925,0.0,0.0
2765.73,5.892,0.0,0.0
2766.24,6.003,0.0,0.0
2766.74,6.247,0.0,0.0
2767.25,6.426,0.0,0.0
2767.76,6.208,0.0,0.0
2768.26,6.359,0.0,0.0
2768.77,6.245,0.0,0.0
2769.27,6.193,0.0,0.0
2769.78,5.933,0.0,0.0
2770.29,6.166,0.0,0.0
2770.8,6.21,0.0,0.0
2771.31,6.222,0.0,0.0
2771.82,6.11,0.0,0.0
2772.33,6.126,0.0,0.0
2772.83,6.217,0.0,0.0
2773.34,5.962,0.0,0.0
2773.85,6.153,0.0,0.0
2774.36,6.154,0.0,0.0
2774.87,6.108,0.0,0.0
2775.37,6.132,0.0,0.0
2775.88,6.126,0.0,0.0
2776.39,6.091,0.0,0.0
2776.9,6.16,0.0,0.0
2777.41,6.181,0.0,0.0
2777.91,6.095,0.0,0.0
2778.42,6.106,0.0,0.0
2778.93,6.173,0.0,0.0
2779.44,6.053,0.0,0.0
2779.95,6.114,0.0,0.0
2780.46,6.087,0.0,0.0
2780.97,6.106,0.0,0.0
2781.48,6.113,0.0,0.0
2781.99,6.22,0.0,0.0
2782.5,6.219,0.0,0.0
2783.01,6.168,0.0,0.0
2783.52,6.24,0.0,0.0
2784.03,6.132,0.0,0.0
2784.53,5.969,0.0,0.0
2785.04,6.141,0.0,0.0
2785.54,6.04,0.0,0.0
2786.05,6.154,0.0,0.0
2786.56,6.092,0.0,0.0
2787.06,6.076,0.0,0.0
2787.57,6.117,0.0,0.0
2788.07,6.167,0.0,0.0
2788.58,5.876,0.0,0.0
2789.09,6.185,0.0,0.0
2789.6,6.288,0.0,0.0
2790.11,6.075,0.0,0.0
2790.62,6.032,0.0,0.0
2791.13,6.048,0.0,0.0
2791.64,6.193,0.0,0.0
2792.14,6.312,0.0,0.0
2792.65,6.125,0.0,0.0
2793.16,6.249,0.0,0.0
2793.66,6.187,0.0,0.0
2794.17,6.057,0.0,0.0
2794.68,5.969,0.0,0.0
2795.19,6.033,0.0,0.0
2795.7,6.143,0.0,0.0
2796.21,6.192,0.0,0.0
2796.72,5.954,0.0,0.0
2797.23,6.134,0.0,0.0
2797.74,6.162,0.0,0.0
2798.25,5.873,0.0,0.0
2798.76,6.333,0.0,0.0
2799.27,6.194,0.0,0.0
2799.77,6.289,0.0,0.0
2800.28,6.286,0.0,0.0
2800.79,6.243,0.0,0.0
2801.3,6.185,0.0,0.0
2801.81,6.127,0.0,0.0
2802.32,6.4,0.0,0.0
2802.83,6.199,0.0,0.0
2803.33,6.09,0.0,0.0
2803.84,6.134,0.0,0.0
2804.35,6.321,0.0,0.0
2804.86,5.917,0.0,0.0
2805.36,5.917,0.0,0.0
2805.87,5.943,0.0,0.0
2806.38,5.946,0.0,0.0
2806.89,5.875,0.0,0.0
2807.39,5.949,0.0,0.0
2807.9,6.167,0.0,0.0
2808.41,6.11,0.0,0.0
2808.92,6.094,0.0,0.0
2809.43,6.02,0.0,0.0
2809.93,5.99,0.0,0.0
2810.44,6.346,0.0,0.0
2810.95,6.312,0.0,0.0
2811.46,6.328,0.0,0.0
2811.97,6.18,0.0,0.0
2812.47,6.036,0.0,0.0
2812.98,6.222,0.0,0.0
2813.49,6.075,0.0,0.0
2814.0,6.127,0.0,0.0
2814.51,6.262,0.0,0.0
2815.02,6.341,0.0,0.0
2815.53,6.275,0.0,0.0
2816.04,6.227,0.0,0.0
2816.55,6.034,0.0,0.0
2817.05,6.111,0.0,0.0
2817.56,6.243,0.0,0.0
2818.07,6.121,0.0,0.0
2818.58,6.151,0.0,0.0
2819.09,6.218,0.0,0.0
2819.6,6.074,0.0,0.0
2820.11,5.976,0.0,0.0
2820.61,6.073,0.0,0.0
2821.12,5.919,0.0,0.0
2821.63,6.06,0.0,0.0
2822.14,5.997,0.0,0.0
2822.65,6.017,0.0,0.0
2823.16,6.201,0.0,0.0
2823.67,6.201,0.0,0.0
2824.18,5.908,0.0,0.0
2824.69,6.264,0.0,0.0
2825.2,6.176,0.0,0.0
2825.71,6.185,0.0,0.0
2826.22,6.138,0.0,0.0
2826.73,6.168,0.0,0.0
2827.24,6.106,0.0,0.0
2827.75,6.121,0.0,0.0
2828.26,6.094,0.0,0.0
2828.77,6.004,0.0,0.0
2829.28,5.976,0.0,0.0
2829.78,6.035,0.0,0.0
2830.29,5.966,0.0,0.0
2830.8,6.054,0.0,0.0
2831.31,6.119,0.0,0.0
2831.82,6.145,0.0,0.0
2832.33,5.972,0.0,0.0
2832.84,6.051,0.0,0.0
2833.35,6.06,0.0,0.0
2833.86,5.99,0.0,0.0
2834.37,6.037,0.0,0.0
2834.88,6.198,0.0,0.0
2835.39,5.897,0.0,0.0
2835.9,5.997,0.0,0.0
2836.41,6.197,0.0,0.0
2836.92,6.028,0.0,0.0
2837.42,6.142,0.0,0.0
2837.94,6.19,0.0,0.0
2838.45,6.019,0.0,0.0
2839.06,6.213,0.0,0.0
2839.57,6.174,0.0,0.0
2840.08,6.023,0.0,0.0
2840.59,6.193,0.0,0.0
2841.09,6.22,0.0,0.0
2841.61,6.183,0.0,0.0
2842.11,5.981,0.0,0.0
2842.62,6.096,0.0,0.0
2843.13,6.096,0.0,0.0
2843.64,6.191,0.0,0.0
2844.15,6.283,0.0,0.0
2844.66,6.039,0.0,0.0
2845.17,6.083,0.0,0.0
2845.68,6.211,0.0,0.0
2846.19,6.142,0.0,0.0
2846.69,6.034,0.0,0.0
2847.2,6.042,0.0,0.0
2847.71,5.916,0.0,0.0
2848.22,5.92,0.0,0.0
2848.73,5.92,0.0,0.0
2849.24,5.987,0.0,0.0
2849.74,6.013,0.0,0.0
2850.25,6.039,0.0,0.0
2850.76,6.014,0.0,0.0
2851.27,6.035,0.0,0.0
2851.77,6.15,0.0,0.0
2852.29,6.133,0.0,0.0
2852.8,6.315,0.0,0.0
2853.31,6.215,0.0,0.0
2853.82,6.297,0.0,0.0
2854.33,6.139,0.0,0.0
2854.84,5.977,0.0,0.0
2855.35,6.103,0.0,0.0
2855.86,6.21,0.0,0.0
2856.37,6.288,0.0,0.0
2856.88,6.316,0.0,0.0
2857.39,6.086,0.0,0.0
2857.89,6.129,0.0,0.0
2858.4,6.035,0.0,0.0
2858.91,6.116,0.0,0.0
2859.42,6.213,0.0,0.0
2859.93,6.187,0.0,0.0
2860.44,6.141,0.0,0.0
2860.95,6.24,0.0,0.0
2861.46,6.131,0.0,0.0
2861.97,5.966,0.0,0.0
2862.48,6.052,0.0,0.0
2862.99,6.138,0.0,0.0
2863.49,6.206,0.0,0.0
2864.0,6.287,0.0,0.0
2864.51,6.203,0.0,0.0
2865.02,6.212,0.0,0.0
2865.53,6.24,0.0,0.0
2866.04,6.184,0.0,0.0
2866.55,6.03,0.0,0.0
2867.06,6.139,0.0,0.0
2867.56,6.044,0.0,0.0
2868.06,6.262,0.0,0.0
2868.57,5.954,0.0,0.0
2869.08,6.113,0.0,0.0
2869.59,5.881,0.0,0.0
2870.09,5.996,0.0,0.0
2870.6,6.135,0.0,0.0
2871.12,6.089,0.0,0.0
2871.62,6.173,0.0,0.0
2872.13,6.185,0.0,0.0
2872.64,6.273,0.0,0.0
2873.15,6.288,0.0,0.0
2873.66,6.168,0.0,0.0
2874.17,6.172,0.0,0.0
2874.68,6.023,0.0,0.0
2875.19,6.199,0.0,0.0
2875.7,6.064,0.0,0.0
2876.21,6.035,0.0,0.0
2876.72,6.119,0.0,0.0
2877.23,5.911,0.0,0.0
2877.74,6.199,0.0,0.0
2878.25,6.137,0.0,0.0
2878.76,5.882,0.0,0.0
2879.27,6.219,0.0,0.0
2879.78,6.218,0.0,0.0
2880.29,5.938,0.0,0.0
2880.8,6.17,0.0,0.0
2881.3,6.171,0.0,0.0
2881.81,5.97,0.0,0.0
2882.32,6.226,0.0,0.0
2882.83,6.211,0.0,0.0
2883.34,6.377,0.0,0.0
2883.85,6.036,0.0,0.0
2884.36,5.985,0.0,0.0
2884.86,6.098,0.0,0.0
2885.37,5.949,0.0,0.0
2885.89,6.067,0.0,0.0
2886.39,6.128,0.0,0.0
2886.9,6.201,0.0,0.0
2887.41,6.061,0.0,0.0
2887.92,6.136,0.0,0.0
2888.43,6.161,0.0,0.0
2888.94,6.043,0.0,0.0
2889.45,5.983,0.0,0.0
2889.96,5.941,0.0,0.0
2890.47,5.909,0.0,0.0
2890.98,6.017,0.0,0.0
2891.49,6.017,0.0,0.0
2891.99,6.228,0.0,0.0
2892.5,5.946,0.0,0.0
2893.01,5.946,0.0,0.0
2893.53,6.308,0.0,0.0
2894.03,6.349,0.0,0.0
2894.55,6.01,0.0,0.0
2895.05,6.129,0.0,0.0
2895.56,6.217,0.0,0.0
2896.07,5.955,0.0,0.0
2896.59,6.41,0.0,0.0
2897.1,6.216,0.0,0.0
2897.61,6.011,0.0,0.0
2898.11,6.023,0.0,0.0
2898.63,6.135,0.0,0.0
2899.14,6.356,0.0,0.0
2899.65,6.25,0.0,0.0
2900.16,6.189,0.0,0.0
2900.67,6.108,0.0,0.0
2901.17,6.012,0.0,0.0
2901.68,6.373,0.0,0.0
2902.19,6.217,0.0,0.0
2902.7,6.093,0.0,0.0
2903.21,6.084,0.0,0.0
2903.72,6.102,0.0,0.0
2904.23,5.958,0.0,0.0
2904.74,6.3,0.0,0.0
2905.25,6.202,0.0,0.0
2905.76,6.062,0.0,0.0
2906.26,5.978,0.0,0.0
2906.77,6.242,0.0,0.0
2907.28,6.153,0.0,0.0
2907.79,6.165,0.0,0.0
2908.3,6.217,0.0,0.0
2908.81,6.267,0.0,0.0
2909.32,6.109,0.0,0.0
2909.83,6.097,0.0,0.0
2910.34,6.008,0.0,0.0
2910.85,6.256,0.0,0.0
2911.35,6.244,0.0,0.0
2911.87,6.14,0.0,0.0
2912.37,6.209,0.0,0.0
2912.88,6.209,0.0,0.0
2913.4,6.282,0.0,0.0
2913.9,6.087,0.0,0.0
2914.41,6.205,0.0,0.0
2914.92,6.276,0.0,0.0
2915.43,6.114,0.0,0.0
2915.94,6.135,0.0,0.0
2916.45,6.05,0.0,0.0
2916.96,6.277,0.0,0.0
2917.47,6.336,0.0,0.0
2917.98,6.134,0.0,0.0
2918.49,5.965,0.0,0.0
2919.0,6.057,0.0,0.0
2919.51,6.154,0.0,0.0
2920.02,6.153,0.0,0.0
2920.53,6.058,0.0,0.0
2921.04,6.334,0.0,0.0
2921.54,6.187,0.0,0.0
2922.05,6.254,0.0,0.0
2922.56,5.972,0.0,0.0
2923.07,6.32,0.0,0.0
2923.58,6.245,0.0,0.0
2924.09,6.151,0.0,0.0
2924.59,6.06,0.0,0.0
2925.1,6.155,0.0,0.0
2925.62,5.91,0.0,0.0
2926.12,6.172,0.0,0.0
2926.63,6.093,0.0,0.0
2927.14,5.967,0.0,0.0
2927.65,6.202,0.0,0.0
2928.16,6.112,0.0,0.0
2928.67,6.096,0.0,0.0
2929.17,6.134,0.0,0.0
2929.68,6.099,0.0,0.0
2930.19,6.208,0.0,0.0
2930.7,6.06,0.0,0.0
2931.21,6.196,0.0,0.0
2931.72,6.195,0.0,0.0
2932.23,5.917,0.0,0.0
2932.74,5.893,0.0,0.0
2933.25,5.894,0.0,0.0
2933.76,6.037,0.0,0.0
2934.27,6.064,0.0,0.0
2934.78,5.82,0.0,0.0
2935.28,6.229,0.0,0.0
2935.79,6.225,0.0,0.0
2936.3,6.27,0.0,0.0
2936.82,6.146,0.0,0.0
2937.32,6.207,0.0,0.0
2937.84,6.266,0.0,0.0
2938.35,6.082,0.0,0.0
2938.86,6.068,0.0,0.0
2939.37,6.258,0.0,0.0
2939.87,6.458,0.0,0.0
2940.38,6.226,0.0,0.0
2940.89,6.237,0.0,0.0
2941.4,6.03,0.0,0.0
2941.91,6.025,0.0,0.0
2942.42,6.146,0.0,0.0
2942.93,6.35,0.0,0.0
2943.44,6.21,0.0,0.0
2943.94,6.196,0.0,0.0
2944.45,6.182,0.0,0.0
2944.96,6.136,0.0,0.0
2945.47,5.993,0.0,0.0
2945.98,6.122,0.0,0.0
2946.49,6.106,0.0,0.0
2947.0,5.928,0.0,0.0
2947.51,6.054,0.0,0.0
2948.02,6.246,0.0,0.0
2948.52,6.281,0.0,0.0
2949.03,6.146,0.0,0.0
2949.54,6.025,0.0,0.0
2950.06,6.098,0.0,0.0
2950.57,6.137,0.0,0.0
2951.08,6.294,0.0,0.0
2951.59,6.119,0.0,0.0
2952.1,6.428,0.0,0.0
2952.6,6.163,0.0,0.0
2953.11,5.911,0.0,0.0
2953.62,5.899,0.0,0.0
2954.13,6.028,0.0,0.0
2954.64,6.064,0.0,0.0
2955.15,6.133,0.0,0.0
2955.66,5.957,0.0,0.0
2956.16,6.343,0.0,0.0
2956.67,6.252,0.0,0.0
2957.18,6.186,0.0,0.0
2957.69,6.128,0.0,0.0
2958.2,6.216,0.0,0.0
2958.71,6.084,0.0,0.0
2959.23,6.203,0.0,0.0
2959.73,6.183,0.0,0.0
2960.24,6.276,0.0,0.0
2960.75,5.989,0.0,0.0
2961.26,6.074,0.0,0.0
2961.76,6.043,0.0,0.0
2962.28,6.265,0.0,0.0
2962.79,6.206,0.0,0.0
2963.29,6.28,0.0,0.0
2963.8,6.386,0.0,0.0
2964.31,6.296,0.0,0.0
2964.82,5.99,0.0,0.0
2965.33,5.914,0.0,0.0
2965.84,6.081,0.0,0.0
2966.34,6.177,0.0,0.0
2966.85,6.315,0.0,0.0
2967.36,6.13,0.0,0.0
2967.87,6.145,0.0,0.0
2968.38,6.128,0.0,0.0
2968.89,6.242,0.0,0.0
2969.4,6.003,0.0,0.0
2969.91,6.05,0.0,0.0
2970.42,6.052,0.0,0.0
2970.93,5.917,0.0,0.0
2971.43,6.113,0.0,0.0
2971.94,6.084,0.0,0.0
2972.45,5.876,0.0,0.0
2972.96,5.876,0.0,0.0
2973.47,5.876,0.0,0.0
2973.98,5.876,0.0,0.0
2974.49,5.876,0.0,0.0
2975.0,5.876,0.0,0.0
2975.51,6.16,0.0,0.0
2976.02,6.16,0.0,0.0
2976.53,5.9,0.0,0.0
2977.03,6.307,0.0,0.0
2977.54,6.323,0.0,0.0
2978.05,6.199,0.0,0.0
2978.56,6.244,0.0,0.0
2979.07,5.998,0.0,0.0
2979.58,6.371,0.0,0.0
2980.08,6.29,0.0,0.0
2980.59,5.988,0.0,0.0
2981.09,6.253,0.0,0.0
2981.6,5.976,0.0,0.0
2982.11,6.029,0.0,0.0
2982.61,6.243,0.0,0.0
2983.12,6.141,0.0,0.0
2983.63,6.227,0.0,0.0
2984.14,6.235,0.0,0.0
2984.65,6.324,0.0,0.0
2985.16,6.188,0.0,0.0
2985.67,6.104,0.0,0.0
2986.18,6.134,0.0,0.0
2986.69,6.139,0.0,0.0
2987.2,6.198,0.0,0.0
2987.71,6.126,0.0,0.0
2988.22,6.073,0.0,0.0
2988.73,6.319,0.0,0.0
2989.23,5.856,0.0,0.0
2989.74,5.96,0.0,0.0
2990.25,6.044,0.0,0.0
2990.76,6.234,0.0,0.0
2991.26,6.219,0.0,0.0
2991.77,5.963,0.0,0.0
2992.27,6.212,0.0,0.0
2992.78,6.285,0.0,0.0
2993.29,6.249,0.0,0.0
2993.8,6.073,0.0,0.0
2994.31,6.208,0.0,0.0
2994.81,5.989,0.0,0.0
2995.32,5.995,0.0,0.0
2995.83,6.166,0.0,0.0
2996.34,5.999,0.0,0.0
2996.84,5.992,0.0,0.0
2997.35,6.087,0.0,0.0
2997.86,6.177,0.0,0.0
2998.37,6.175,0.0,0.0
2998.88,6.203,0.0,0.0
2999.39,6.308,0.0,0.0
2999.9,6.337,0.0,0.0
3000.41,6.314,0.0,0.0
3000.92,6.316,0.0,0.0
3001.43,6.271,0.0,0.0
3001.94,6.074,0.0,0.0
3002.45,6.163,0.0,0.0
3002.96,6.074,0.0,0.0
3003.46,6.35,0.0,0.0
3003.97,6.138,0.0,0.0
3004.48,5.983,0.0,0.0
3004.99,6.233,0.0,0.0
3005.5,6.056,0.0,0.0
3006.01,5.979,0.0,0.0
3006.52,6.167,0.0,0.0
3007.02,6.212,0.0,0.0
3007.53,6.169,0.0,0.0
3008.04,6.04,0.0,0.0
3008.55,5.931,0.0,0.0
3009.06,6.127,0.0,0.0
3009.57,6.212,0.0,0.0
3010.08,6.38,0.0,0.0
3010.59,6.141,0.0,0.0
3011.11,6.054,0.0,0.0
3011.61,6.059,0.0,0.0
3012.12,6.023,0.0,0.0
3012.64,6.11,0.0,0.0
3013.15,5.934,0.0,0.0
3013.65,5.934,0.0,0.0
3014.16,5.934,0.0,0.0
3014.66,6.229,0.0,0.0
3015.17,6.141,0.0,0.0
3015.68,5.987,0.0,0.0
3016.19,6.315,0.0,0.0
3016.7,6.098,0.0,0.0
3017.21,6.149,0.0,0.0
3017.72,6.297,0.0,0.0
3018.23,6.175,0.0,0.0
3018.74,6.115,0.0,0.0
3019.25,6.197,0.0,0.0
3019.76,6.24,0.0,0.0
3020.26,6.291,0.0,0.0
3020.77,6.205,0.0,0.0
3021.27,6.242,0.0,0.0
3021.78,6.077,0.0,0.0
3022.29,6.21,0.0,0.0
3022.8,6.088,0.0,0.0
3023.3,6.074,0.0,0.0
3023.81,6.012,0.0,0.0
3024.33,6.122,0.0,0.0
3024.84,6.248,0.0,0.0
3025.35,6.195,0.0,0.0
3025.85,6.289,0.0,0.0
3026.36,6.248,0.0,0.0
3026.87,6.279,0.0,0.0
3027.38,6.083,0.0,0.0
3027.89,6.11,0.0,0.0
3028.4,6.176,0.0,0.0
3028.91,6.235,0.0,0.0
3029.42,6.071,0.0,0.0
3029.92,6.039,0.0,0.0
3030.44,5.908,0.0,0.0
3030.95,5.938,0.0,0.0
3031.46,6.127,0.0,0.0
3031.97,5.91,0.0,0.0
3032.48,6.216,0.0,0.0
3032.99,6.153,0.0,0.0
3033.49,6.162,0.0,0.0
3034.0,6.082,0.0,0.0
3034.51,6.226,0.0,0.0
3035.02,6.258,0.0,0.0
3035.53,6.276,0.0,0.0
3036.04,6.372,0.0,0.0
3036.55,6.236,0.0,0.0
3037.06,6.233,0.0,0.0
3037.57,6.139,0.0,0.0
3038.08,6.077,0.0,0.0
3038.59,6.139,0.0,0.0
3039.1,6.106,0.0,0.0
3039.61,6.06,0.0,0.0
3040.12,6.031,0.0,0.0
3040.62,6.175,0.0,0.0
3041.13,6.215,0.0,0.0
3041.64,6.322,0.0,0.0
3042.15,6.128,0.0,0.0
3042.66,6.109,0.0,0.0
3043.17,6.213,0.0,0.0
3043.68,6.23,0.0,0.0
3044.19,6.339,0.0,0.0
3044.69,6.239,0.0,0.0
3045.2,6.212,0.0,0.0
3045.71,5.997,0.0,0.0
3046.22,5.977,0.0,0.0
3046.73,5.993,0.0,0.0
3047.24,6.07,0.0,0.0
3047.75,6.087,0.0,0.0
3048.26,6.043,0.0,0.0
3048.77,6.175,0.0,0.0
3049.27,6.208,0.0,0.0
3049.78,5.89,0.0,0.0
3050.29,5.901,0.0,0.0
3050.8,5.901,0.0,0.0
3051.31,5.999,0.0,0.0
3051.81,5.948,0.0,0.0
3052.32,5.882,0.0,0.0
3052.82,5.882,0.0,0.0
3053.33,5.882,0.0,0.0
3053.83,5.882,0.0,0.0
3054.34,5.882,0.0,0.0
3054.85,5.882,0.0,0.0
3055.36,5.973,0.0,0.0
3055.87,5.925,0.0,0.0
3056.38,5.982,0.0,0.0
3056.89,6.198,0.0,0.0
3057.39,6.179,0.0,0.0
3057.9,6.344,0.0,0.0
3058.41,6.16,0.0,0.0
3058.92,6.188,0.0,0.0
3059.43,6.247,0.0,0.0
3059.94,6.134,0.0,0.0
3060.45,6.085,0.0,0.0
3060.96,5.908,0.0,0.0
3061.47,6.171,0.0,0.0
3061.98,6.054,0.0,0.0
3062.49,6.122,0.0,0.0
3063.0,6.069,0.0,0.0
3063.51,6.152,0.0,0.0
3064.02,6.138,0.0,0.0
3064.53,6.022,0.0,0.0
3065.04,6.173,0.0,0.0
3065.55,6.067,0.0,0.0
3066.05,6.194,0.0,0.0
3066.56,6.071,0.0,0.0
3067.07,6.193,0.0,0.0
3067.58,6.121,0.0,0.0
3068.08,6.289,0.0,0.0
3068.59,6.058,0.0,0.0
3069.1,6.237,0.0,0.0
3069.6,6.224,0.0,0.0
3070.11,5.959,0.0,0.0
3070.61,6.193,0.0,0.0
3071.12,6.13,0.0,0.0
3071.63,6.184,0.0,0.0
3072.14,6.168,0.0,0.0
3072.64,6.28,0.0,0.0
3073.15,6.11,0.0,0.0
3073.66,6.279,0.0,0.0
3074.17,6.249,0.0,0.0
3074.68,6.182,0.0,0.0
3075.19,6.026,0.0,0.0
3075.7,6.013,0.0,0.0
3076.21,6.222,0.0,0.0
3076.72,6.284,0.0,0.0
3077.23,6.004,0.0,0.0
3077.74,6.213,0.0,0.0
3078.25,6.216,0.0,0.0
3078.75,6.187,0.0,0.0
3079.26,6.158,0.0,0.0
3079.77,6.29,0.0,0.0
3080.28,6.317,0.0,0.0
3080.79,6.151,0.0,0.0
3081.29,6.087,0.0,0.0
3081.8,6.053,0.0,0.0
3082.31,6.326,0.0,0.0
3082.82,6.364,0.0,0.0
3083.33,6.145,0.0,0.0
3083.84,6.166,0.0,0.0
3084.35,6.058,0.0,0.0
3084.85,6.16,0.0,0.0
3085.36,6.044,0.0,0.0
3085.87,6.133,0.0,0.0
3086.38,5.967,0.0,0.0
3086.88,5.91,0.0,0.0
3087.39,6.085,0.0,0.0
3087.9,6.153,0.0,0.0
3088.41,6.084,0.0,0.0
3088.92,6.135,0.0,0.0
3089.43,6.131,0.0,0.0
3089.93,6.148,0.0,0.0
3090.44,5.94,0.0,0.0
3090.95,6.002,0.0,0.0
3091.45,6.095,0.0,0.0
3091.96,5.886,0.0,0.0
3092.47,5.886,0.0,0.0
3092.98,6.04,0.0,0.0
3093.48,6.098,0.0,0.0
3093.99,6.129,0.0,0.0
3094.49,6.101,0.0,0.0
3095.0,6.139,0.0,0.0
3095.51,6.169,0.0,0.0
3096.02,5.982,0.0,0.0
3096.53,6.049,0.0,0.0
3097.04,5.987,0.0,0.0
3097.55,6.074,0.0,0.0
3098.06,6.234,0.0,0.0
3098.57,6.207,0.0,0.0
3099.08,6.106,0.0,0.0
3099.59,6.207,0.0,0.0
3100.1,6.295,0.0,0.0
3100.61,6.086,0.0,0.0
3101.12,6.293,0.0,0.0
3101.63,6.314,0.0,0.0
3102.14,6.27,0.0,0.0
3102.64,6.016,0.0,0.0
3103.15,5.961,0.0,0.0
3103.66,6.03,0.0,0.0
3104.17,6.008,0.0,0.0
3104.68,5.939,0.0,0.0
3105.19,6.191,0.0,0.0
3105.7,6.105,0.0,0.0
3106.21,6.238,0.0,0.0
3106.72,6.161,0.0,0.0
3107.22,6.055,0.0,0.0
3107.73,6.171,0.0,0.0
3108.23,6.059,0.0,0.0
3108.74,5.93,0.0,0.0
3109.25,6.185,0.0,0.0
3109.75,6.148,0.0,0.0
3110.26,6.195,0.0,0.0
3110.77,6.236,0.0,0.0
3111.28,5.991,0.0,0.0
3111.78,6.041,0.0,0.0
3112.29,6.066,0.0,0.0
3112.79,6.172,0.0,0.0
3113.3,6.197,0.0,0.0
3113.81,5.892,0.0,0.0
3114.32,6.205,0.0,0.0
3114.83,6.246,0.0,0.0
3115.34,6.376,0.0,0.0
3115.85,6.182,0.0,0.0
3116.36,6.29,0.0,0.0
3116.86,6.236,0.0,0.0
3117.37,6.245,0.0,0.0
3117.88,6.047,0.0,0.0
3118.39,6.003,0.0,0.0
3118.9,6.224,0.0,0.0
3119.42,6.105,0.0,0.0
3119.92,6.074,0.0,0.0
3120.43,6.239,0.0,0.0
3120.94,6.027,0.0,0.0
3121.45,6.112,0.0,0.0
3121.96,6.187,0.0,0.0
3122.47,5.95,0.0,0.0
3122.98,6.059,0.0,0.0
3123.49,5.905,0.0,0.0
3124.0,5.994,0.0,0.0
3124.5,6.139,0.0,0.0
3125.01,5.976,0.0,0.0
3125.52,6.285,0.0,0.0
3126.03,6.051,0.0,0.0
3126.54,6.057,0.0,0.0
3127.04,6.271,0.0,0.0
3127.55,6.298,0.0,0.0
3128.07,6.283,0.0,0.0
3128.58,6.276,0.0,0.0
3129.09,5.949,0.0,0.0
3129.59,6.093,0.0,0.0
3130.1,6.094,0.0,0.0
3130.62,5.885,0.0,0.0
3131.12,5.885,0.0,0.0
3131.63,5.885,0.0,0.0
3132.14,5.952,0.0,0.0
3132.65,5.885,0.0,0.0
3133.15,5.885,0.0,0.0
3133.66,5.892,0.0,0.0
3134.16,6.076,0.0,0.0
3134.67,6.013,0.0,0.0
3135.18,6.11,0.0,0.0
3135.69,6.086,0.0,0.0
3136.2,6.167,0.0,0.0
3136.71,6.23,0.0,0.0
3137.22,6.296,0.0,0.0
3137.74,6.227,0.0,0.0
3138.24,6.145,0.0,0.0
3138.75,6.234,0.0,0.0
3139.26,6.257,0.0,0.0
3139.77,6.44,0.0,0.0
3140.28,6.241,0.0,0.0
3140.79,6.002,0.0,0.0
3141.3,6.067,0.0,0.0
3141.81,6.216,0.0,0.0
3142.32,5.941,0.0,0.0
3142.83,6.211,0.0,0.0
3143.34,6.073,0.0,0.0
3143.85,6.219,0.0,0.0
3144.36,6.419,0.0,0.0
3144.87,6.231,0.0,0.0
3145.38,5.989,0.0,0.0
3145.89,6.101,0.0,0.0
3146.39,5.985,0.0,0.0
3146.9,5.844,0.0,0.0
3147.41,6.198,0.0,0.0
3147.93,6.312,0.0,0.0
3148.44,6.031,0.0,0.0
3148.95,6.245,0.0,0.0
3149.45,5.96,0.0,0.0
3149.96,6.309,0.0,0.0
3150.48,6.08,0.0,0.0
3150.99,6.119,0.0,0.0
3151.49,6.038,0.0,0.0
3152.0,6.054,0.0,0.0
3152.51,6.182,0.0,0.0
3153.02,6.226,0.0,0.0
3153.52,6.256,0.0,0.0
3154.03,6.16,0.0,0.0
3154.54,6.32,0.0,0.0
3155.05,6.266,0.0,0.0
3155.55,6.233,0.0,0.0
3156.06,6.153,0.0,0.0
3156.56,6.058,0.0,0.0
3157.07,6.113,0.0,0.0
3157.58,6.097,0.0,0.0
3158.08,6.144,0.0,0.0
3158.59,6.057,0.0,0.0
3159.1,6.182,0.0,0.0
3159.61,6.145,0.0,0.0
3160.12,6.049,0.0,0.0
3160.63,6.006,0.0,0.0
3161.14,6.433,0.0,0.0
3161.65,6.246,0.0,0.0
3162.16,6.178,0.0,0.0
3162.67,6.235,0.0,0.0
3163.18,6.064,0.0,0.0
3163.69,6.149,0.0,0.0
3164.2,6.104,0.0,0.0
3164.7,6.147,0.0,0.0
3165.21,6.164,0.0,0.0
3165.72,5.982,0.0,0.0
3166.23,6.137,0.0,0.0
3166.74,6.15,0.0,0.0
3167.25,6.049,0.0,0.0
3167.76,6.151,0.0,0.0
3168.27,6.176,0.0,0.0
3168.77,6.246,0.0,0.0
3169.29,6.133,0.0,0.0
3169.79,6.12,0.0,0.0
3170.3,6.127,0.0,0.0
3170.81,6.083,0.0,0.0
3171.32,6.031,0.0,0.0
3171.83,5.951,0.0,0.0
3172.33,5.902,0.0,0.0
3172.84,5.902,0.0,0.0
3173.34,6.17,0.0,0.0
3173.85,6.156,0.0,0.0
3174.36,5.958,0.0,0.0
3174.87,6.142,0.0,0.0
3175.38,6.226,0.0,0.0
3175.89,6.349,0.0,0.0
3176.4,6.239,0.0,0.0
3176.91,5.962,0.0,0.0
3177.42,6.348,0.0,0.0
3177.93,6.238,0.0,0.0
3178.44,6.273,0.0,0.0
3178.95,6.099,0.0,0.0
3179.46,6.15,0.0,0.0
3179.97,6.323,0.0,0.0
3180.48,6.327,0.0,0.0
3180.99,6.341,0.0,0.0
3181.5,6.182,0.0,0.0
3182.01,6.052,0.0,0.0
3182.52,6.061,0.0,0.0
3183.03,6.156,0.0,0.0
3183.54,6.021,0.0,0.0
3184.05,6.116,0.0,0.0
3184.56,6.259,0.0,0.0
3185.07,6.301,0.0,0.0
3185.58,6.047,0.0,0.0
3186.09,6.288,0.0,0.0
3186.6,6.129,0.0,0.0
3187.1,5.893,0.0,0.0
3187.61,6.224,0.0,0.0
3188.12,6.298,0.0,0.0
3188.63,6.215,0.0,0.0
3189.14,6.147,0.0,0.0
3189.64,5.973,0.0,0.0
3190.15,6.178,0.0,0.0
3190.66,6.166,0.0,0.0
3191.17,6.075,0.0,0.0
3191.68,6.145,0.0,0.0
3192.19,6.175,0.0,0.0
3192.7,6.183,0.0,0.0
3193.21,6.349,0.0,0.0
3193.71,6.245,0.0,0.0
3194.22,6.148,0.0,0.0
3194.73,6.072,0.0,0.0
3195.24,6.237,0.0,0.0
3195.75,6.304,0.0,0.0
3196.26,6.232,0.0,0.0
3196.77,6.062,0.0,0.0
3197.27,6.159,0.0,0.0
3197.79,6.208,0.0,0.0
3198.3,6.086,0.0,0.0
3198.8,6.235,0.0,0.0
3199.31,6.232,0.0,0.0
3199.82,6.069,0.0,0.0
3200.33,6.054,0.0,0.0
3200.83,6.251,0.0,0.0
3201.34,6.242,0.0,0.0
3201.85,6.258,0.0,0.0
3202.36,6.06,0.0,0.0
3202.87,6.025,0.0,0.0
3203.38,6.342,0.0,0.0
3203.88,6.258,0.0,0.0
3204.39,6.238,0.0,0.0
3204.9,6.08,0.0,0.0
3205.41,6.123,0.0,0.0
3205.92,6.017,0.0,0.0
3206.43,5.883,0.0,0.0
3206.94,6.164,0.0,0.0
3207.45,5.984,0.0,0.0
3207.96,6.098,0.0,0.0
3208.47,6.011,0.0,0.0
3208.97,5.998,0.0,0.0
3209.48,5.949,0.0,0.0
3209.99,5.952,0.0,0.0
3210.5,5.913,0.0,0.0
3211.01,5.889,0.0,0.0
3211.52,5.942,0.0,0.0
3212.03,6.031,0.0,0.0
3212.54,5.898,0.0,0.0
3213.05,5.885,0.0,0.0
3213.55,5.885,0.0,0.0
3214.06,6.056,0.0,0.0
3214.56,6.004,0.0,0.0
3215.07,5.91,0.0,0.0
3215.58,6.182,0.0,0.0
3216.09,6.294,0.0,0.0
3216.6,6.322,0.0,0.0
3217.11,6.287,0.0,0.0
3217.62,6.304,0.0,0.0
3218.13,6.139,0.0,0.0
3218.64,5.912,0.0,0.0
3219.15,6.132,0.0,0.0
3219.66,6.062,0.0,0.0
3220.17,5.898,0.0,0.0
3220.68,6.176,0.0,0.0
3221.19,6.164,0.0,0.0
3221.7,6.218,0.0,0.0
3222.2,6.176,0.0,0.0
3222.71,6.081,0.0,0.0
3223.22,6.146,0.0,0.0
3223.74,6.176,0.0,0.0
3224.24,6.24,0.0,0.0
3224.75,6.19,0.0,0.0
3225.26,6.035,0.0,0.0
3225.77,6.196,0.0,0.0
3226.27,6.147,0.0,0.0
3226.78,6.089,0.0,0.0
3227.29,6.164,0.0,0.0
3227.8,6.141,0.0,0.0
3228.31,5.988,0.0,0.0
3228.82,6.055,0.0,0.0
3229.33,5.964,0.0,0.0
3229.84,6.205,0.0,0.0
3230.35,6.268,0.0,0.0
3230.86,6.188,0.0,0.0
3231.37,6.243,0.0,0.0
3231.88,6.156,0.0,0.0
3232.39,6.232,0.0,0.0
3232.9,6.219,0.0,0.0
3233.41,6.156,0.0,0.0
3233.92,6.108,0.0,0.0
3234.43,6.083,0.0,0.0
3234.95,6.034,0.0,0.0
3235.46,6.217,0.0,0.0
3235.97,6.121,0.0,0.0
3236.48,6.235,0.0,0.0
3236.99,6.139,0.0,0.0
3237.5,6.222,0.0,0.0
3238.01,6.041,0.0,0.0
3238.52,6.203,0.0,0.0
3239.03,6.316,0.0,0.0
3239.54,6.346,0.0,0.0
3240.05,6.42,0.0,0.0
3240.56,6.333,0.0,0.0
3241.07,6.184,0.0,0.0
3241.58,6.158,0.0,0.0
3242.08,6.258,0.0,0.0
3242.59,6.094,0.0,0.0
3243.1,6.185,0.0,0.0
3243.61,6.337,0.0,0.0
3244.12,5.914,0.0,0.0
3244.63,6.241,0.0,0.0
3245.14,6.274,0.0,0.0
3245.65,5.895,0.0,0.0
3246.16,6.468,0.0,0.0
3246.67,6.237,0.0,0.0
3247.18,5.96,0.0,0.0
3247.69,6.062,0.0,0.0
3248.19,6.151,0.0,0.0
3248.71,6.364,0.0,0.0
3249.22,6.141,0.0,0.0
3249.73,6.282,0.0,0.0
3250.24,6.069,0.0,0.0
3250.75,6.3,0.0,0.0
3251.26,6.249,0.0,0.0
3251.77,6.244,0.0,0.0
3252.28,6.201,0.0,0.0
3252.78,6.235,0.0,0.0
3253.29,6.116,0.0,0.0
3253.8,5.938,0.0,0.0
3254.31,5.956,0.0,0.0
3254.82,5.94,0.0,0.0
3255.33,6.162,0.0,0.0
3255.84,5.955,0.0,0.0
3256.35,5.925,0.0,0.0
3256.86,5.882,0.0,0.0
3257.37,5.882,0.0,0.0
3257.87,5.965,0.0,0.0
3258.38,5.98,0.0,0.0
3258.88,5.988,0.0,0.0
3259.39,5.947,0.0,0.0
3259.9,6.26,0.0,0.0
3260.41,6.246,0.0,0.0
3260.92,6.272,0.0,0.0
3261.43,6.232,0.0,0.0
3261.94,6.061,0.0,0.0
3262.44,6.407,0.0,0.0
3262.95,6.226,0.0,0.0
3263.45,6.117,0.0,0.0
3263.96,6.038,0.0,0.0
3264.47,6.081,0.0,0.0
3264.97,6.175,0.0,0.0
3265.48,6.021,0.0,0.0
3265.98,6.212,0.0,0.0
3266.49,6.295,0.0,0.0
3267.0,6.324,0.0,0.0
3267.51,6.101,0.0,0.0
3268.02,6.094,0.0,0.0
3268.53,6.302,0.0,0.0
3269.04,6.038,0.0,0.0
3269.54,6.16,0.0,0.0
3270.05,5.997,0.0,0.0
3270.56,6.059,0.0,0.0
3271.07,6.144,0.0,0.0
3271.58,6.017,0.0,0.0
3272.09,6.074,0.0,0.0
3272.6,6.106,0.0,0.0
3273.11,6.062,0.0,0.0
3273.62,6.222,0.0,0.0
3274.13,6.251,0.0,0.0
3274.63,6.074,0.0,0.0
3275.14,6.189,0.0,0.0
3275.65,6.251,0.0,0.0
3276.16,6.017,0.0,0.0
3276.67,6.247,0.0,0.0
3277.18,6.249,0.0,0.0
3277.69,5.977,0.0,0.0
3278.2,6.229,0.0,0.0
3278.7,6.06,0.0,0.0
3279.22,6.176,0.0,0.0
3279.73,6.32,0.0,0.0
3280.24,6.306,0.0,0.0
3280.75,6.251,0.0,0.0
3281.25,6.306,0.0,0.0
3281.77,6.244,0.0,0.0
3282.27,6.03,0.0,0.0
3282.78,6.213,0.0,0.0
3283.28,6.143,0.0,0.0
3283.79,6.235,0.0,0.0
3284.3,6.117,0.0,0.0
3284.8,6.128,0.0,0.0
3285.31,6.022,0.0,0.0
3285.81,6.256,0.0,0.0
3286.32,6.169,0.0,0.0
3286.83,6.061,0.0,0.0
3287.34,6.086,0.0,0.0
3287.84,6.241,0.0,0.0
3288.35,6.241,0.0,0.0
3288.86,6.08,0.0,0.0
3289.37,6.219,0.0,0.0
3289.87,6.243,0.0,0.0
3290.38,6.117,0.0,0.0
3290.89,6.081,0.0,0.0
3291.39,6.142,0.0,0.0
3291.9,5.955,0.0,0.0
3292.41,6.29,0.0,0.0
3292.91,6.298,0.0,0.0
3293.42,6.223,0.0,0.0
3293.93,6.191,0.0,0.0
3294.44,6.242,0.0,0.0
3294.95,6.248,0.0,0.0
3295.45,6.045,0.0,0.0
3295.96,6.116,0.0,0.0
3296.47,6.2,0.0,0.0
3296.98,6.059,0.0,0.0
3297.49,5.937,0.0,0.0
3298.0,5.938,0.0,0.0
3298.51,6.133,0.0,0.0
3299.01,5.949,0.0,0.0
3299.52,6.001,0.0,0.0
3300.03,5.969,0.0,0.0
3300.54,5.926,0.0,0.0
3301.04,5.926,0.0,0.0
3301.55,6.119,0.0,0.0
3302.06,6.094,0.0,0.0
3302.57,6.024,0.0,0.0
3303.08,6.076,0.0,0.0
3303.59,6.144,0.0,0.0
3304.1,6.253,0.0,0.0
3304.61,6.281,0.0,0.0
3305.12,5.989,0.0,0.0
3305.63,6.151,0.0,0.0
3306.14,6.13,0.0,0.0
3306.65,6.234,0.0,0.0
3307.16,6.222,0.0,0.0
3307.67,6.071,0.0,0.0
3308.18,6.169,0.0,0.0
3308.69,6.106,0.0,0.0
3309.2,6.21,0.0,0.0
3309.71,6.307,0.0,0.0
3310.22,6.342,0.0,0.0
3310.73,6.108,0.0,0.0
3311.24,6.12,0.0,0.0
3311.75,6.124,0.0,0.0
3312.26,6.091,0.0,0.0
3312.76,6.149,0.0,0.0
3313.27,6.057,0.0,0.0
3313.78,6.3,0.0,0.0
3314.29,6.008,0.0,0.0
3314.8,6.27,0.0,0.0
3315.31,6.274,0.0,0.0
3315.82,6.359,0.0,0.0
3316.33,6.2,0.0,0.0
3316.84,6.029,0.0,0.0
3317.35,6.098,0.0,0.0
3317.86,6.279,0.0,0.0
3318.37,6.453,0.0,0.0
3318.88,6.29,0.0,0.0
3319.39,6.307,0.0,0.0
3319.9,6.075,0.0,0.0
3320.41,6.039,0.0,0.0
3320.92,6.232,0.0,0.0
3321.43,6.045,0.0,0.0
3321.94,6.135,0.0,0.0
3322.45,6.218,0.0,0.0
3322.96,6.276,0.0,0.0
3323.47,6.296,0.0,0.0
3323.98,6.208,0.0,0.0
3324.49,6.007,0.0,0.0
3324.99,6.077,0.0,0.0
3325.51,5.943,0.0,0.0
3326.02,6.111,0.0,0.0
3326.53,6.324,0.0,0.0
3327.04,6.119,0.0,0.0
3327.55,6.147,0.0,0.0
3328.06,6.027,0.0,0.0
3328.57,6.175,0.0,0.0
3329.08,6.029,0.0,0.0
3329.59,6.047,0.0,0.0
3330.1,6.197,0.0,0.0
3330.6,6.095,0.0,0.0
3331.11,6.029,0.0,0.0
3331.62,6.236,0.0,0.0
3332.13,6.161,0.0,0.0
3332.64,5.907,0.0,0.0
3333.15,6.081,0.0,0.0
3333.66,6.185,0.0,0.0
3334.16,6.021,0.0,0.0
3334.67,6.28,0.0,0.0
3335.18,6.272,0.0,0.0
3335.69,6.285,0.0,0.0
3336.19,6.15,0.0,0.0
3336.7,5.989,0.0,0.0
3337.21,6.291,0.0,0.0
3337.72,6.304,0.0,0.0
3338.22,6.254,0.0,0.0
3338.73,6.118,0.0,0.0
3339.24,5.983,0.0,0.0
3339.74,5.902,0.0,0.0
3340.25,6.042,0.0,0.0
3340.75,6.179,0.0,0.0
3341.26,5.952,0.0,0.0
3341.76,5.978,0.0,0.0
3342.28,6.063,0.0,0.0
3342.78,5.932,0.0,0.0
3343.29,6.18,0.0,0.0
3343.8,6.247,0.0,0.0
3344.31,6.041,0.0,0.0
3344.82,6.375,0.0,0.0
3345.32,6.317,0.0,0.0
3345.83,6.207,0.0,0.0
3346.34,6.271,0.0,0.0
3346.85,6.116,0.0,0.0
3347.35,6.081,0.0,0.0
3347.86,6.093,0.0,0.0
3348.37,6.075,0.0,0.0
3348.88,5.946,0.0,0.0
3349.38,5.981,0.0,0.0
3349.89,6.14,0.0,0.0
3350.4,5.932,0.0,0.0
3350.91,6.248,0.0,0.0
3351.42,6.317,0.0,0.0
3351.93,6.195,0.0,0.0
3352.43,6.055,0.0,0.0
3352.94,6.11,0.0,0.0
3353.45,6.388,0.0,0.0
3353.96,6.169,0.0,0.0
3354.47,6.184,0.0,0.0
3354.98,6.107,0.0,0.0
3355.49,6.294,0.0,0.0
3355.99,6.227,0.0,0.0
3356.5,5.995,0.0,0.0
3357.01,6.078,0.0,0.0
3357.52,6.16,0.0,0.0
3358.03,5.934,0.0,0.0
3358.54,6.245,0.0,0.0
3359.05,6.265,0.0,0.0
3359.56,6.243,0.0,0.0
3360.07,6.132,0.0,0.0
3360.58,6.16,0.0,0.0
3361.08,6.167,0.0,0.0
3361.59,6.147,0.0,0.0
3362.1,6.247,0.0,0.0
3362.6,6.398,0.0,0.0
3363.11,6.08,0.0,0.0
3363.62,6.162,0.0,0.0
3364.13,6.211,0.0,0.0
3364.64,5.954,0.0,0.0
3365.14,6.087,0.0,0.0
3365.66,6.074,0.0,0.0
3366.17,6.119,0.0,0.0
3366.68,6.039,0.0,0.0
3367.19,6.14,0.0,0.0
3367.7,6.215,0.0,0.0
3368.21,6.308,0.0,0.0
3368.72,6.092,0.0,0.0
3369.23,5.992,0.0,0.0
3369.74,6.146,0.0,0.0
3370.26,6.294,0.0,0.0
3370.77,6.322,0.0,0.0
3371.27,6.083,0.0,0.0
3371.78,6.023,0.0,0.0
3372.29,6.165,0.0,0.0
3372.8,6.262,0.0,0.0
3373.31,6.029,0.0,0.0
3373.82,6.096,0.0,0.0
3374.33,6.236,0.0,0.0
3374.84,5.916,0.0,0.0
3375.35,6.18,0.0,0.0
3375.86,6.06,0.0,0.0
3376.37,6.006,0.0,0.0
3376.88,6.351,0.0,0.0
3377.38,6.287,0.0,0.0
3377.89,5.998,0.0,0.0
3378.4,6.115,0.0,0.0
3378.91,5.982,0.0,0.0
3379.41,6.108,0.0,0.0
3379.92,6.096,0.0,0.0
3380.43,5.875,0.0,0.0
3380.93,6.181,0.0,0.0
3381.44,6.09,0.0,0.0
3381.95,5.942,0.0,0.0
3382.46,6.21,0.0,0.0
3382.97,6.323,0.0,0.0
3383.48,5.876,0.0,0.0
3383.99,5.914,0.0,0.0
3384.5,6.109,0.0,0.0
3385.01,6.164,0.0,0.0
3385.51,6.036,0.0,0.0
3386.02,6.062,0.0,0.0
3386.53,6.089,0.0,0.0
3387.04,6.085,0.0,0.0
3387.55,6.212,0.0,0.0
3388.06,6.213,0.0,0.0
3388.57,6.158,0.0,0.0
3389.08,6.283,0.0,0.0
3389.59,6.052,0.0,0.0
3390.09,6.307,0.0,0.0
3390.6,6.222,0.0,0.0
3391.11,6.251,0.0,0.0
3391.62,6.207,0.0,0.0
3392.13,6.131,0.0,0.0
3392.64,6.075,0.0,0.0
3393.15,6.138,0.0,0.0
3393.66,6.266,0.0,0.0
3394.17,6.163,0.0,0.0
3394.68,6.071,0.0,0.0
3395.19,6.177,0.0,0.0
3395.69,6.009,0.0,0.0
3396.2,6.011,0.0,0.0
3396.71,6.369,0.0,0.0
3397.22,6.108,0.0,0.0
3397.73,6.288,0.0,0.0
3398.24,6.248,0.0,0.0
3398.75,6.307,0.0,0.0
3399.26,6.246,0.0,0.0
3399.77,5.972,0.0,0.0
3400.28,6.117,0.0,0.0
3400.79,6.023,0.0,0.0
3401.3,6.11,0.0,0.0
3401.81,6.085,0.0,0.0
3402.32,6.049,0.0,0.0
3402.83,6.234,0.0,0.0
3403.34,6.361,0.0,0.0
3403.85,5.997,0.0,0.0
3404.36,6.275,0.0,0.0
3404.87,6.239,0.0,0.0
3405.38,6.2,0.0,0.0
3405.89,6.17,0.0,0.0
3406.4,6.164,0.0,0.0
3406.91,6.148,0.0,0.0
3407.42,6.063,0.0,0.0
3407.93,6.165,0.0,0.0
3408.44,6.152,0.0,0.0
3408.95,6.139,0.0,0.0
3409.46,6.108,0.0,0.0
3409.97,6.082,0.0,0.0
3410.47,6.161,0.0,0.0
3410.98,5.913,0.0,0.0
3411.49,6.178,0.0,0.0
3412.0,6.244,0.0,0.0
3412.52,5.96,0.0,0.0
3413.02,6.248,0.0,0.0
3413.53,6.251,0.0,0.0
3414.04,6.328,0.0,0.0
3414.56,6.15,0.0,0.0
3415.07,6.056,0.0,0.0
3415.58,6.408,0.0,0.0
3416.09,6.164,0.0,0.0
3416.6,6.22,0.0,0.0
3417.11,6.09,0.0,0.0
3417.61,6.269,0.0,0.0
3418.12,6.069,0.0,0.0
3418.63,5.958,0.0,0.0
3419.14,6.112,0.0,0.0
3419.64,5.951,0.0,0.0
3420.15,5.951,0.0,0.0
3420.66,6.158,0.0,0.0
3421.17,6.112,0.0,0.0
3421.68,5.929,0.0,0.0
3422.19,5.929,0.0,0.0
3422.7,5.929,0.0,0.0
3423.21,5.929,0.0,0.0
3423.71,6.185,0.0,0.0
3424.22,6.185,0.0,0.0
3424.73,6.229,0.0,0.0
3425.24,6.059,0.0,0.0
3425.75,5.972,0.0,0.0
3426.26,5.915,0.0,0.0
3426.77,6.239,0.0,0.0
3427.28,6.254,0.0,0.0
3427.79,5.861,0.0,0.0
3428.29,6.315,0.0,0.0
3428.8,6.239,0.0,0.0
3429.31,6.0,0.0,0.0
3429.82,6.254,0.0,0.0
3430.33,6.253,0.0,0.0
3430.84,6.247,0.0,0.0
3431.35,6.208,0.0,0.0
3431.86,6.058,0.0,0.0
3432.37,6.229,0.0,0.0
3432.88,6.201,0.0,0.0
3433.39,6.371,0.0,0.0
3433.9,6.252,0.0,0.0
3434.41,6.09,0.0,0.0
3434.92,6.166,0.0,0.0
3435.43,6.404,0.0,0.0
3435.94,6.029,0.0,0.0
3436.45,6.212,0.0,0.0
3436.96,6.019,0.0,0.0
3437.47,6.082,0.0,0.0
3437.97,6.165,0.0,0.0
3438.48,6.137,0.0,0.0
3438.99,6.03,0.0,0.0
3439.5,6.096,0.0,0.0
3440.01,6.276,0.0,0.0
3440.52,6.252,0.0,0.0
3441.02,6.23,0.0,0.0
3441.54,6.248,0.0,0.0
3442.05,6.327,0.0,0.0
3442.56,6.351,0.0,0.0
3443.07,6.167,0.0,0.0
3443.58,6.15,0.0,0.0
3444.09,6.068,0.0,0.0
3444.59,6.054,0.0,0.0
3445.1,6.069,0.0,0.0
3445.61,6.092,0.0,0.0
3446.12,6.211,0.0,0.0
3446.63,6.205,0.0,0.0
3447.14,6.268,0.0,0.0
3447.65,6.227,0.0,0.0
3448.16,6.108,0.0,0.0
3448.67,6.271,0.0,0.0
3449.18,6.36,0.0,0.0
3449.68,6.359,0.0,0.0
3450.2,6.167,0.0,0.0
3450.7,5.911,0.0,0.0
3451.21,6.198,0.0,0.0
3451.72,6.323,0.0,0.0
3452.23,5.916,0.0,0.0
3452.74,6.067,0.0,0.0
3453.25,6.223,0.0,0.0
3453.76,6.161,0.0,0.0
3454.27,6.285,0.0,0.0
3454.78,6.021,0.0,0.0
3455.29,6.179,0.0,0.0
3455.8,6.17,0.0,0.0
3456.31,6.012,0.0,0.0
3456.82,6.157,0.0,0.0
3457.33,6.239,0.0,0.0
3457.83,6.422,0.0,0.0
3458.35,6.269,0.0,0.0
3458.85,5.977,0.0,0.0
3459.36,6.165,0.0,0.0
3459.87,6.245,0.0,0.0
3460.38,6.408,0.0,0.0
3460.89,6.198,0.0,0.0
3461.39,6.073,0.0,0.0
3461.9,5.943,0.0,0.0
3462.41,5.944,0.0,0.0
3462.92,5.944,0.0,0.0
3463.43,5.954,0.0,0.0
3463.94,5.909,0.0,0.0
3464.45,6.184,0.0,0.0
3464.95,5.889,0.0,0.0
3465.46,5.889,0.0,0.0
3465.96,6.186,0.0,0.0
3466.47,6.161,0.0,0.0
3466.98,6.13,0.0,0.0
3467.49,6.192,0.0,0.0
3468.0,6.121,0.0,0.0
3468.51,6.152,0.0,0.0
3469.02,6.104,0.0,0.0
3469.52,5.94,0.0,0.0
3470.03,5.896,0.0,0.0
3470.54,6.037,0.0,0.0
3471.05,6.15,0.0,0.0
3471.56,6.101,0.0,0.0
3472.07,6.247,0.0,0.0
3472.57,6.291,0.0,0.0
3473.08,6.25,0.0,0.0
3473.59,6.264,0.0,0.0
3474.1,6.194,0.0,0.0
3474.61,6.304,0.0,0.0
3475.11,6.108,0.0,0.0
3475.63,6.312,0.0,0.0
3476.13,6.153,0.0,0.0
3476.64,6.26,0.0,0.0
3477.15,6.217,0.0,0.0
3477.65,6.217,0.0,0.0
3478.16,6.082,0.0,0.0
3478.67,6.016,0.0,0.0
3479.18,5.919,0.0,0.0
3479.68,6.207,0.0,0.0
3480.19,6.051,0.0,0.0
3480.7,6.25,0.0,0.0
3481.21,5.989,0.0,0.0
3481.72,6.104,0.0,0.0
3482.23,6.32,0.0,0.0
3482.73,6.066,0.0,0.0
3483.24,6.183,0.0,0.0
3483.75,6.06,0.0,0.0
3484.25,6.376,0.0,0.0
3484.76,6.225,0.0,0.0
3485.27,6.045,0.0,0.0
3485.77,6.244,0.0,0.0
3486.28,6.165,0.0,0.0
3486.79,6.344,0.0,0.0
3487.3,6.209,0.0,0.0
3487.8,6.201,0.0,0.0
3488.31,6.161,0.0,0.0
3488.82,6.112,0.0,0.0
3489.32,6.287,0.0,0.0
3489.83,6.264,0.0,0.0
3490.34,6.207,0.0,0.0
3490.85,6.16,0.0,0.0
3491.36,6.063,0.0,0.0
3491.87,5.999,0.0,0.0
3492.38,6.02,0.0,0.0
3492.89,6.179,0.0,0.0
3493.39,6.186,0.0,0.0
3493.9,6.074,0.0,0.0
3494.41,6.087,0.0,0.0
3494.92,6.079,0.0,0.0
3495.43,6.151,0.0,0.0
3495.94,6.156,0.0,0.0
3496.44,6.103,0.0,0.0
3496.95,6.07,0.0,0.0
3497.46,6.086,0.0,0.0
3497.97,6.245,0.0,0.0
3498.48,5.982,0.0,0.0
3498.99,6.175,0.0,0.0
3499.5,6.037,0.0,0.0
3500.01,6.012,0.0,0.0
3500.52,6.165,0.0,0.0
3501.03,6.309,0.0,0.0
3501.54,6.455,0.0,0.0
3502.05,6.26,0.0,0.0
3502.55,6.188,0.0,0.0
3503.06,6.163,0.0,0.0
3503.57,6.06,0.0,0.0
3504.08,5.925,0.0,0.0
3504.58,5.925,0.0,0.0
3505.09,5.925,0.0,0.0
3505.59,6.285,0.0,0.0
3506.1,6.06,0.0,0.0
3506.61,6.141,0.0,0.0
3507.12,6.21,0.0,0.0
3507.63,5.974,0.0,0.0
3508.13,6.007,0.0,0.0
3508.64,6.209,0.0,0.0
3509.15,6.209,0.0,0.0
3509.65,6.381,0.0,0.0
3510.17,6.049,0.0,0.0
3510.68,6.062,0.0,0.0
3511.19,6.183,0.0,0.0
3511.69,6.191,0.0,0.0
3512.2,6.161,0.0,0.0
3512.71,6.15,0.0,0.0
3513.21,6.13,0.0,0.0
3513.72,6.147,0.0,0.0
3514.23,6.164,0.0,0.0
3514.74,6.192,0.0,0.0
3515.25,5.9,0.0,0.0
3515.76,6.253,0.0,0.0
3516.27,6.11,0.0,0.0
3516.78,6.284,0.0,0.0
3517.29,6.113,0.0,0.0
3517.8,6.126,0.0,0.0
3518.31,6.086,0.0,0.0
3518.81,6.198,0.0,0.0
3519.32,6.039,0.0,0.0
3519.83,6.278,0.0,0.0
3520.34,6.183,0.0,0.0
3520.84,6.285,0.0,0.0
3521.36,5.988,0.0,0.0
3521.87,6.073,0.0,0.0
3522.38,6.326,0.0,0.0
3522.88,6.172,0.0,0.0
3523.39,6.178,0.0,0.0
3523.9,6.027,0.0,0.0
3524.41,6.192,0.0,0.0
3524.93,6.357,0.0,0.0
3525.43,6.309,0.0,0.0
3525.94,6.331,0.0,0.0
3526.45,6.296,0.0,0.0
3526.95,6.251,0.0,0.0
3527.46,6.016,0.0,0.0
3527.97,6.043,0.0,0.0
3528.48,6.144,0.0,0.0
3528.99,6.26,0.0,0.0
3529.49,5.952,0.0,0.0
3530.0,6.245,0.0,0.0
3530.51,6.274,0.0,0.0
3531.01,6.207,0.0,0.0
3531.52,6.262,0.0,0.0
3532.03,6.295,0.0,0.0
3532.54,6.107,0.0,0.0
3533.05,6.146,0.0,0.0
3533.55,6.189,0.0,0.0
3534.06,6.167,0.0,0.0
3534.57,6.222,0.0,0.0
3535.08,6.361,0.0,0.0
3535.59,6.363,0.0,0.0
3536.09,6.144,0.0,0.0
3536.6,6.086,0.0,0.0
3537.11,6.13,0.0,0.0
3537.62,5.964,0.0,0.0
3538.13,6.171,0.0,0.0
3538.63,6.159,0.0,0.0
3539.14,5.892,0.0,0.0
3539.65,6.034,0.0,0.0
3540.16,6.076,0.0,0.0
3540.67,6.169,0.0,0.0
3541.18,6.163,0.0,0.0
3541.69,5.963,0.0,0.0
3542.19,5.964,0.0,0.0
3542.7,5.964,0.0,0.0
3543.21,5.964,0.0,0.0
3543.72,5.965,0.0,0.0
3544.22,6.099,0.0,0.0
3544.73,6.147,0.0,0.0
3545.23,5.957,0.0,0.0
3545.74,6.136,0.0,0.0
3546.25,6.166,0.0,0.0
3546.76,6.188,0.0,0.0
3547.27,6.07,0.0,0.0
3547.78,6.33,0.0,0.0
3548.29,6.27,0.0,0.0
3548.79,6.45,0.0,0.0
3549.3,6.261,0.0,0.0
3549.8,5.939,0.0,0.0
3550.31,6.092,0.0,0.0
3550.82,6.17,0.0,0.0
3551.33,6.108,0.0,0.0
3551.85,6.233,0.0,0.0
3552.35,6.234,0.0,0.0
3552.86,6.122,0.0,0.0
3553.37,6.129,0.0,0.0
3553.87,6.014,0.0,0.0
3554.38,6.185,0.0,0.0
3554.89,6.172,0.0,0.0
3555.4,6.247,0.0,0.0
3555.91,6.217,0.0,0.0
3556.42,6.396,0.0,0.0
3556.93,6.185,0.0,0.0
3557.44,6.126,0.0,0.0
3557.95,6.168,0.0,0.0
3558.45,5.9,0.0,0.0
3558.96,6.213,0.0,0.0
3559.47,6.131,0.0,0.0
3559.98,6.081,0.0,0.0
3560.49,6.129,0.0,0.0
3561.0,5.915,0.0,0.0
3561.52,6.228,0.0,0.0
3562.03,6.177,0.0,0.0
3562.53,6.187,0.0,0.0
3563.04,6.074,0.0,0.0
3563.55,6.202,0.0,0.0
3564.05,6.353,0.0,0.0
3564.56,6.268,0.0,0.0
3565.07,6.261,0.0,0.0
3565.58,6.184,0.0,0.0
3566.09,6.127,0.0,0.0
3566.6,6.221,0.0,0.0
3567.11,6.127,0.0,0.0
3567.62,6.144,0.0,0.0
3568.13,6.317,0.0,0.0
3568.64,5.98,0.0,0.0
3569.15,6.379,0.0,0.0
3569.66,6.313,0.0,0.0
3570.17,6.314,0.0,0.0
3570.68,6.178,0.0,0.0
3571.19,6.295,0.0,0.0
3571.69,6.139,0.0,0.0
3572.2,6.304,0.0,0.0
3572.71,6.243,0.0,0.0
3573.22,6.271,0.0,0.0
3573.73,6.276,0.0,0.0
3574.24,6.103,0.0,0.0
3574.75,6.218,0.0,0.0
3575.26,6.18,0.0,0.0
3575.77,6.084,0.0,0.0
3576.28,6.118,0.0,0.0
3576.79,6.18,0.0,0.0
3577.3,6.049,0.0,0.0
3577.81,6.253,0.0,0.0
3578.32,6.194,0.0,0.0
3578.83,5.999,0.0,0.0
3579.35,6.36,0.0,0.0
3579.85,6.05,0.0,0.0
3580.37,6.093,0.0,0.0
3580.87,6.071,0.0,0.0
3581.38,6.144,0.0,0.0
3581.89,6.257,0.0,0.0
3582.4,6.153,0.0,0.0
3582.9,5.966,0.0,0.0
3583.41,5.966,0.0,0.0
3583.92,6.111,0.0,0.0
3584.42,6.178,0.0,0.0
3584.93,6.011,0.0,0.0
3585.43,6.169,0.0,0.0
3585.95,6.305,0.0,0.0
3586.46,6.169,0.0,0.0
3586.96,6.246,0.0,0.0
3587.47,5.985,0.0,0.0
3587.98,6.156,0.0,0.0
3588.49,6.063,0.0,0.0
3589.0,5.898,0.0,0.0
3589.51,6.239,0.0,0.0
3590.02,6.097,0.0,0.0
3590.53,6.248,0.0,0.0
3591.04,6.007,0.0,0.0
3591.55,6.115,0.0,0.0
3592.05,6.428,0.0,0.0
3592.56,6.212,0.0,0.0
3593.07,6.348,0.0,0.0
3593.58,6.114,0.0,0.0
3594.1,6.226,0.0,0.0
3594.61,6.156,0.0,0.0
3595.11,6.193,0.0,0.0
3595.62,5.988,0.0,0.0
3596.13,6.039,0.0,0.0
3596.64,6.118,0.0,0.0
3597.15,6.196,0.0,0.0
3597.66,6.473,0.0,0.0
3598.17,6.112,0.0,0.0
3598.68,5.996,0.0,0.0
3599.19,6.123,0.0,0.0
3599.7,6.157,0.0,0.0
3600.21,5.949,0.0,0.0
3600.71,6.179,0.0,0.0
3601.22,6.227,0.0,0.0
3601.74,6.2,0.0,0.0
3602.25,6.17,0.0,0.0
3602.76,6.1,0.0,0.0
3603.27,6.172,0.0,0.0
3603.78,6.236,0.0,0.0
3604.28,6.008,0.0,0.0
3604.79,6.306,0.0,0.0
3605.3,6.167,0.0,0.0
3605.81,6.347,0.0,0.0
3606.32,6.304,0.0,0.0
3606.83,6.247,0.0,0.0
3607.34,6.241,0.0,0.0
3607.85,6.195,0.0,0.0
3608.36,6.132,0.0,0.0
3608.87,6.109,0.0,0.0
3609.38,6.241,0.0,0.0
3609.89,6.399,0.0,0.0
3610.4,6.01,0.0,0.0
3610.91,6.182,0.0,0.0
3611.42,6.081,0.0,0.0
3611.93,6.242,0.0,0.0
3612.44,6.132,0.0,0.0
3612.95,6.434,0.0,0.0
3613.45,6.26,0.0,0.0
3613.97,6.321,0.0,0.0
3614.48,6.274,0.0,0.0
3614.98,6.07,0.0,0.0
3615.49,6.303,0.0,0.0
3616.0,6.22,0.0,0.0
3616.51,6.39,0.0,0.0
3617.02,6.186,0.0,0.0
3617.53,6.011,0.0,0.0
3618.04,6.312,0.0,0.0
3618.55,6.185,0.0,0.0
3619.06,5.98,0.0,0.0
3619.57,6.234,0.0,0.0
3620.08,6.245,0.0,0.0
3620.59,5.98,0.0,0.0
3621.1,6.148,0.0,0.0
3621.6,6.168,0.0,0.0
3622.11,6.054,0.0,0.0
3622.62,6.092,0.0,0.0
3623.13,5.921,0.0,0.0
3623.64,5.921,0.0,0.0
3624.15,5.921,0.0,0.0
3624.66,6.058,0.0,0.0
3625.16,6.058,0.0,0.0
3625.67,5.914,0.0,0.0
3626.18,6.031,0.0,0.0
3626.68,6.033,0.0,0.0
3627.19,6.178,0.0,0.0
3627.7,6.133,0.0,0.0
3628.21,6.11,0.0,0.0
3628.72,6.19,0.0,0.0
3629.23,6.129,0.0,0.0
3629.74,5.984,0.0,0.0
3630.25,6.31,0.0,0.0
3630.76,6.304,0.0,0.0
3631.26,5.922,0.0,0.0
3631.78,6.398,0.0,0.0
3632.28,6.249,0.0,0.0
3632.79,6.283,0.0,0.0
3633.3,6.163,0.0,0.0
3633.81,6.0,0.0,0.0
3634.32,6.076,0.0,0.0
3634.83,6.213,0.0,0.0
3635.34,6.255,0.0,0.0
3635.85,6.284,0.0,0.0
3636.36,6.391,0.0,0.0
3636.87,6.272,0.0,0.0
3637.38,6.23,0.0,0.0
3637.89,6.015,0.0,0.0
3638.39,5.918,0.0,0.0
3638.9,5.918,0.0,0.0
3639.41,6.102,0.0,0.0
3639.91,6.222,0.0,0.0
3640.42,6.331,0.0,0.0
3640.93,6.182,0.0,0.0
3641.44,6.448,0.0,0.0
3641.94,6.283,0.0,0.0
3642.45,6.338,0.0,0.0
3642.96,6.258,0.0,0.0
3643.47,6.252,0.0,0.0
3643.98,6.281,0.0,0.0
3644.49,6.189,0.0,0.0
3645.0,6.298,0.0,0.0
3645.51,6.339,0.0,0.0
3646.02,6.314,0.0,0.0
3646.53,6.121,0.0,0.0
3647.04,6.098,0.0,0.0
3647.54,6.159,0.0,0.0
3648.05,6.216,0.0,0.0
3648.56,6.2,0.0,0.0
3649.07,6.252,0.0,0.0
3649.58,6.235,0.0,0.0
3650.09,6.131,0.0,0.0
3650.6,6.083,0.0,0.0
3651.11,6.162,0.0,0.0
3651.62,6.296,0.0,0.0
3652.12,6.185,0.0,0.0
3652.63,6.168,0.0,0.0
3653.13,6.205,0.0,0.0
3653.64,6.074,0.0,0.0
3654.14,6.15,0.0,0.0
3654.65,6.156,0.0,0.0
3655.16,6.09,0.0,0.0
3655.66,6.148,0.0,0.0
3656.17,6.163,0.0,0.0
3656.67,5.992,0.0,0.0
3657.18,6.325,0.0,0.0
3657.69,6.289,0.0,0.0
3658.2,6.057,0.0,0.0
3658.7,6.281,0.0,0.0
3659.21,6.235,0.0,0.0
3659.72,6.213,0.0,0.0
3660.23,6.078,0.0,0.0
3660.73,6.151,0.0,0.0
3661.24,6.125,0.0,0.0
3661.75,5.953,0.0,0.0
3662.26,6.015,0.0,0.0
3662.76,5.877,0.0,0.0
3663.27,5.965,0.0,0.0
3663.78,5.973,0.0,0.0
3664.28,6.036,0.0,0.0
3664.79,5.944,0.0,0.0
3665.3,5.89,0.0,0.0
3665.81,5.902,0.0,0.0
3666.32,6.004,0.0,0.0
3666.83,6.0,0.0,0.0
3667.34,6.129,0.0,0.0
3667.85,6.024,0.0,0.0
3668.36,5.989,0.0,0.0
3668.87,6.166,0.0,0.0
3669.38,6.308,0.0,0.0
3669.89,6.271,0.0,0.0
3670.4,6.229,0.0,0.0
3670.91,6.246,0.0,0.0
3671.42,6.213,0.0,0.0
3671.93,6.129,0.0,0.0
3672.44,6.295,0.0,0.0
3672.95,6.174,0.0,0.0
3673.46,5.977,0.0,0.0
3673.97,6.194,0.0,0.0
3674.48,6.028,0.0,0.0
3674.99,6.178,0.0,0.0
3675.49,6.203,0.0,0.0
3676.0,6.001,0.0,0.0
3676.51,6.187,0.0,0.0
3677.02,6.252,0.0,0.0
3677.53,6.093,0.0,0.0
3678.04,6.152,0.0,0.0
3678.55,6.287,0.0,0.0
3679.06,6.224,0.0,0.0
3679.57,6.126,0.0,0.0
3680.08,6.042,0.0,0.0
3680.59,6.043,0.0,0.0
3681.1,6.232,0.0,0.0
3681.61,6.068,0.0,0.0
3682.11,6.306,0.0,0.0
3682.62,6.218,0.0,0.0
3683.13,6.096,0.0,0.0
3683.64,6.181,0.0,0.0
3684.15,6.176,0.0,0.0
3684.66,6.021,0.0,0.0
3685.17,6.216,0.0,0.0
3685.68,6.17,0.0,0.0
3686.19,6.013,0.0,0.0
3686.7,6.092,0.0,0.0
3687.21,5.989,0.0,0.0
3687.72,6.251,0.0,0.0
3688.23,6.168,0.0,0.0
3688.75,6.053,0.0,0.0
3689.26,6.066,0.0,0.0
3689.77,6.272,0.0,0.0
3690.28,6.171,0.0,0.0
3690.79,6.198,0.0,0.0
3691.3,6.283,0.0,0.0
3691.81,5.995,0.0,0.0
3692.32,6.185,0.0,0.0
3692.83,6.14,0.0,0.0
3693.34,6.244,0.0,0.0
3693.84,6.119,0.0,0.0
3694.35,6.144,0.0,0.0
3694.86,6.231,0.0,0.0
3695.37,6.325,0.0,0.0
3695.88,6.35,0.0,0.0
3696.39,6.38,0.0,0.0
3696.9,6.223,0.0,0.0
3697.41,5.998,0.0,0.0
3697.92,6.078,0.0,0.0
3698.43,6.08,0.0,0.0
3698.94,6.354,0.0,0.0
3699.45,6.195,0.0,0.0
3699.96,6.313,0.0,0.0
3700.47,6.297,0.0,0.0
3700.98,6.347,0.0,0.0
3701.49,6.393,0.0,0.0
3702.0,6.183,0.0,0.0
3702.5,6.203,0.0,0.0
3703.01,6.01,0.0,0.0
3703.51,5.927,0.0,0.0
3704.02,5.927,0.0,0.0
3704.53,6.065,0.0,0.0
3705.03,6.064,0.0,0.0
3705.54,6.014,0.0,0.0
3706.04,6.029,0.0,0.0
3706.55,5.867,0.0,0.0
3707.06,6.152,0.0,0.0
3707.57,5.98,0.0,0.0
3708.08,5.962,0.0,0.0
3708.59,6.325,0.0,0.0
3709.1,6.356,0.0,0.0
3709.61,6.366,0.0,0.0
3710.12,6.278,0.0,0.0
3710.63,6.08,0.0,0.0
3711.13,6.276,0.0,0.0
3711.64,6.143,0.0,0.0
3712.15,6.313,0.0,0.0
3712.66,6.315,0.0,0.0
3713.17,6.156,0.0,0.0
3713.68,6.292,0.0,0.0
3714.19,6.211,0.0,0.0
3714.7,6.068,0.0,0.0
3715.2,6.253,0.0,0.0
3715.71,6.124,0.0,0.0
3716.22,6.248,0.0,0.0
3716.73,6.165,0.0,0.0
3717.24,6.095,0.0,0.0
3717.74,6.119,0.0,0.0
3718.25,6.112,0.0,0.0
3718.76,6.306,0.0,0.0
3719.27,6.221,0.0,0.0
3719.78,6.34,0.0,0.0
3720.28,6.374,0.0,0.0
3720.79,6.221,0.0,0.0
3721.3,6.082,0.0,0.0
3721.81,6.267,0.0,0.0
3722.32,6.218,0.0,0.0
3722.83,6.156,0.0,0.0
3723.34,6.253,0.0,0.0
3723.85,6.185,0.0,0.0
3724.36,6.373,0.0,0.0
3724.87,6.319,0.0,0.0
3725.38,6.254,0.0,0.0
3725.89,6.335,0.0,0.0
3726.39,6.302,0.0,0.0
3726.9,6.226,0.0,0.0
3727.4,6.253,0.0,0.0
3727.91,6.165,0.0,0.0
3728.42,6.271,0.0,0.0
3728.93,6.014,0.0,0.0
3729.44,6.02,0.0,0.0
3729.94,6.35,0.0,0.0
3730.45,6.073,0.0,0.0
3730.96,6.033,0.0,0.0
3731.47,6.215,0.0,0.0
3731.98,6.29,0.0,0.0
3732.49,6.251,0.0,0.0
3733.0,6.012,0.0,0.0
3733.51,6.203,0.0,0.0
3734.02,6.261,0.0,0.0
3734.53,6.388,0.0,0.0
3735.03,6.27,0.0,0.0
3735.54,5.923,0.0,0.0
3736.05,6.359,0.0,0.0
3736.56,6.261,0.0,0.0
3737.07,6.238,0.0,0.0
3737.58,6.198,0.0,0.0
3738.09,5.977,0.0,0.0
3738.6,6.183,0.0,0.0
3739.1,5.9,0.0,0.0
3739.61,5.938,0.0,0.0
3740.12,6.266,0.0,0.0
3740.63,6.187,0.0,0.0
3741.14,6.172,0.0,0.0
3741.65,6.062,0.0,0.0
3742.16,5.906,0.0,0.0
3742.67,5.922,0.0,0.0
3743.18,5.922,0.0,0.0
3743.69,5.922,0.0,0.0
3744.2,5.922,0.0,0.0
3744.71,5.922,0.0,0.0
3745.22,5.983,0.0,0.0
3745.72,5.958,0.0,0.0
3746.23,6.048,0.0,0.0
3746.74,5.904,0.0,0.0
3747.25,5.911,0.0,0.0
3747.75,6.149,0.0,0.0
3748.26,6.202,0.0,0.0
3748.77,5.922,0.0,0.0
3749.28,6.158,0.0,0.0
3749.79,6.078,0.0,0.0
3750.29,6.133,0.0,0.0
3750.8,6.244,0.0,0.0
3751.31,6.256,0.0,0.0
3751.83,6.347,0.0,0.0
3752.33,6.234,0.0,0.0
3752.83,6.1,0.0,0.0
3753.34,6.268,0.0,0.0
3753.85,5.975,0.0,0.0
3754.36,6.263,0.0,0.0
3754.87,6.257,0.0,0.0
3755.38,6.273,0.0,0.0
3755.89,6.207,0.0,0.0
3756.4,6.154,0.0,0.0
3756.91,6.349,0.0,0.0
3757.42,6.225,0.0,0.0
3757.93,5.976,0.0,0.0
3758.43,6.332,0.0,0.0
3758.94,6.288,0.0,0.0
3759.45,5.997,0.0,0.0
3759.96,6.26,0.0,0.0
3760.47,6.26,0.0,0.0
3760.98,6.144,0.0,0.0
3761.48,6.157,0.0,0.0
3761.99,6.122,0.0,0.0
3762.5,6.263,0.0,0.0
3763.01,6.256,0.0,0.0
3763.52,6.286,0.0,0.0
3764.03,6.312,0.0,0.0
3764.54,6.46,0.0,0.0
3765.05,6.282,0.0,0.0
3765.56,6.254,0.0,0.0
3766.06,6.247,0.0,0.0
3766.57,6.244,0.0,0.0
3767.08,6.018,0.0,0.0
3767.59,6.381,0.0,0.0
3768.1,6.257,0.0,0.0
3768.61,5.972,0.0,0.0
3769.12,6.27,0.0,0.0
3769.63,6.274,0.0,0.0
3770.14,6.365,0.0,0.0
3770.65,6.258,0.0,0.0
3771.16,6.296,0.0,0.0
3771.67,6.095,0.0,0.0
3772.18,6.127,0.0,0.0
3772.69,6.251,0.0,0.0
3773.2,6.327,0.0,0.0
3773.71,6.389,0.0,0.0
3774.22,6.205,0.0,0.0
3774.73,6.098,0.0,0.0
3775.24,6.186,0.0,0.0
3775.75,6.321,0.0,0.0
3776.26,6.097,0.0,0.0
3776.77,6.126,0.0,0.0
3777.28,6.082,0.0,0.0
3777.79,6.124,0.0,0.0
3778.3,6.239,0.0,0.0
3778.81,6.149,0.0,0.0
3779.32,5.935,0.0,0.0
3779.83,6.029,0.0,0.0
3780.33,6.196,0.0,0.0
3780.84,6.187,0.0,0.0
3781.35,6.27,0.0,0.0
3781.86,6.098,0.0,0.0
3782.36,6.27,0.0,0.0
3782.87,6.351,0.0,0.0
3783.38,6.207,0.0,0.0
3783.89,6.171,0.0,0.0
3784.4,6.15,0.0,0.0
3784.91,5.901,0.0,0.0
3785.42,5.889,0.0,0.0
3785.93,6.052,0.0,0.0
3786.43,6.052,0.0,0.0
3786.94,6.02,0.0,0.0
3787.45,5.926,0.0,0.0
3787.96,5.91,0.0,0.0
3788.46,5.91,0.0,0.0
3788.97,6.202,0.0,0.0
3789.48,6.181,0.0,0.0
3789.99,6.226,0.0,0.0
3790.5,6.185,0.0,0.0
3791.0,6.109,0.0,0.0
3791.51,6.189,0.0,0.0
3792.01,6.011,0.0,0.0
3792.52,6.218,0.0,0.0
3793.03,6.046,0.0,0.0
3793.54,6.106,0.0,0.0
3794.05,6.111,0.0,0.0
3794.56,6.055,0.0,0.0
3795.07,6.093,0.0,0.0
3795.57,6.093,0.0,0.0
3796.08,6.093,0.0,0.0
3796.59,6.294,0.0,0.0
3797.1,6.272,0.0,0.0
3797.61,6.416,0.0,0.0
3798.12,6.167,0.0,0.0
3798.63,6.011,0.0,0.0
3799.14,6.21,0.0,0.0
3799.65,6.122,0.0,0.0
3800.16,6.231,0.0,0.0
3800.67,6.061,0.0,0.0
3801.18,6.24,0.0,0.0
3801.69,6.094,0.0,0.0
3802.2,5.981,0.0,0.0
3802.7,6.199,0.0,0.0
3803.21,6.223,0.0,0.0
3803.72,6.395,0.0,0.0
3804.23,6.26,0.0,0.0
3804.74,6.449,0.0,0.0
3805.25,6.291,0.0,0.0
3805.76,6.286,0.0,0.0
3806.27,6.098,0.0,0.0
3806.78,6.066,0.0,0.0
3807.29,6.252,0.0,0.0
3807.8,6.276,0.0,0.0
3808.3,6.178,0.0,0.0
3808.81,6.121,0.0,0.0
3809.32,5.947,0.0,0.0
3809.83,6.226,0.0,0.0
3810.33,6.262,0.0,0.0
3810.84,6.266,0.0,0.0
3811.35,6.325,0.0,0.0
3811.87,6.194,0.0,0.0
3812.37,6.041,0.0,0.0
3812.88,6.156,0.0,0.0
3813.39,6.265,0.0,0.0
3813.9,6.366,0.0,0.0
3814.41,6.445,0.0,0.0
3814.92,6.325,0.0,0.0
3815.43,6.047,0.0,0.0
3815.94,6.168,0.0,0.0
3816.45,6.251,0.0,0.0
3816.96,6.066,0.0,0.0
3817.47,6.187,0.0,0.0
3817.98,6.02,0.0,0.0
3818.49,6.112,0.0,0.0
3819.0,6.093,0.0,0.0
3819.51,6.091,0.0,0.0
3820.02,6.143,0.0,0.0
3820.53,6.266,0.0,0.0
3821.03,6.009,0.0,0.0
3821.55,6.183,0.0,0.0
3822.05,6.242,0.0,0.0
3822.56,5.991,0.0,0.0
3823.07,6.194,0.0,0.0
3823.58,6.248,0.0,0.0
3824.09,6.029,0.0,0.0
3824.6,5.925,0.0,0.0
3825.1,5.925,0.0,0.0
3825.61,5.969,0.0,0.0
3826.11,6.065,0.0,0.0
3826.62,6.055,0.0,0.0
3827.13,6.187,0.0,0.0
3827.64,6.281,0.0,0.0
3828.15,6.361,0.0,0.0
3828.66,6.241,0.0,0.0
3829.16,6.095,0.0,0.0
3829.67,6.193,0.0,0.0
3830.18,6.098,0.0,0.0
3830.69,6.045,0.0,0.0
3831.2,6.105,0.0,0.0
3831.71,6.318,0.0,0.0
3832.22,6.192,0.0,0.0
3832.73,6.006,0.0,0.0
3833.23,6.135,0.0,0.0
3833.74,6.18,0.0,0.0
3834.25,6.109,0.0,0.0
3834.76,6.237,0.0,0.0
3835.27,6.206,0.0,0.0
3835.78,6.271,0.0,0.0
3836.29,6.191,0.0,0.0
3836.8,6.347,0.0,0.0
3837.31,6.084,0.0,0.0
3837.82,6.115,0.0,0.0
3838.33,6.038,0.0,0.0
3838.84,5.977,0.0,0.0
3839.35,6.293,0.0,0.0
3839.86,6.251,0.0,0.0
3840.37,6.019,0.0,0.0
3840.88,6.39,0.0,0.0
3841.39,6.299,0.0,0.0
3841.9,6.413,0.0,0.0
3842.41,6.293,0.0,0.0
3842.92,6.264,0.0,0.0
3843.42,6.178,0.0,0.0
3843.93,5.989,0.0,0.0
3844.45,6.248,0.0,0.0
3844.96,6.196,0.0,0.0
3845.47,6.088,0.0,0.0
3845.98,6.272,0.0,0.0
3846.49,5.955,0.0,0.0
3847.0,6.182,0.0,0.0
3847.51,6.235,0.0,0.0
3848.02,6.291,0.0,0.0
3848.53,6.19,0.0,0.0
3849.03,6.017,0.0,0.0
3849.54,6.552,0.0,0.0
3850.05,6.294,0.0,0.0
3850.56,6.35,0.0,0.0
3851.07,6.252,0.0,0.0
3851.58,6.18,0.0,0.0
3852.09,6.262,0.0,0.0
3852.6,6.189,0.0,0.0
3853.11,6.068,0.0,0.0
3853.61,6.098,0.0,0.0
3854.12,6.031,0.0,0.0
3854.63,6.232,0.0,0.0
3855.14,6.148,0.0,0.0
3855.65,6.191,0.0,0.0
3856.16,6.099,0.0,0.0
3856.67,6.261,0.0,0.0
3857.18,6.15,0.0,0.0
3857.69,6.249,0.0,0.0
3858.19,6.317,0.0,0.0
3858.7,6.052,0.0,0.0
3859.21,6.237,0.0,0.0
3859.72,6.274,0.0,0.0
3860.23,6.051,0.0,0.0
3860.74,6.261,0.0,0.0
3861.25,6.396,0.0,0.0
3861.76,6.149,0.0,0.0
3862.26,5.963,0.0,0.0
3862.77,5.94,0.0,0.0
3863.27,5.918,0.0,0.0
3863.78,5.882,0.0,0.0
3864.28,6.158,0.0,0.0
3864.79,6.06,0.0,0.0
3865.3,6.214,0.0,0.0
3865.81,6.142,0.0,0.0
3866.31,5.923,0.0,0.0
3866.82,6.321,0.0,0.0
3867.33,6.344,0.0,0.0
3867.84,6.214,0.0,0.0
3868.35,6.225,0.0,0.0
3868.86,6.039,0.0,0.0
3869.37,6.194,0.0,0.0
3869.88,6.283,0.0,0.0
3870.39,6.112,0.0,0.0
3870.9,6.069,0.0,0.0
3871.41,6.199,0.0,0.0
3871.92,6.225,0.0,0.0
3872.43,6.286,0.0,0.0
3872.94,6.1,0.0,0.0
3873.45,6.12,0.0,0.0
3873.96,6.131,0.0,0.0
3874.47,6.141,0.0,0.0
3874.98,6.187,0.0,0.0
3875.49,6.111,0.0,0.0
3876.0,5.95,0.0,0.0
3876.51,6.225,0.0,0.0
3877.02,6.334,0.0,0.0
3877.53,6.261,0.0,0.0
3878.04,6.354,0.0,0.0
3878.55,6.066,0.0,0.0
3879.06,6.276,0.0,0.0
3879.58,6.206,0.0,0.0
3880.09,6.431,0.0,0.0
3880.59,6.272,0.0,0.0
3881.11,6.38,0.0,0.0
3881.62,6.18,0.0,0.0
3882.12,6.228,0.0,0.0
3882.63,6.188,0.0,0.0
3883.13,6.013,0.0,0.0
3883.64,6.27,0.0,0.0
3884.15,6.108,0.0,0.0
3884.65,6.263,0.0,0.0
3885.16,6.186,0.0,0.0
3885.66,6.085,0.0,0.0
3886.17,6.24,0.0,0.0
3886.68,6.21,0.0,0.0
3887.19,6.208,0.0,0.0
3887.7,6.241,0.0,0.0
3888.21,6.347,0.0,0.0
3888.72,6.275,0.0,0.0
3889.23,6.343,0.0,0.0
3889.74,6.177,0.0,0.0
3890.25,6.052,0.0,0.0
3890.75,6.171,0.0,0.0
3891.26,6.153,0.0,0.0
3891.77,6.095,0.0,0.0
3892.28,6.14,0.0,0.0
3892.79,6.052,0.0,0.0
3893.3,6.248,0.0,0.0
3893.81,6.251,0.0,0.0
3894.31,6.213,0.0,0.0
3894.83,6.249,0.0,0.0
3895.34,6.103,0.0,0.0
3895.85,6.312,0.0,0.0
3896.36,6.355,0.0,0.0
3896.87,6.351,0.0,0.0
3897.38,6.19,0.0,0.0
3897.89,6.178,0.0,0.0
3898.4,5.987,0.0,0.0
3898.9,5.987,0.0,0.0
3899.41,5.987,0.0,0.0
3899.92,5.987,0.0,0.0
3900.43,6.052,0.0,0.0
3900.94,6.066,0.0,0.0
3901.45,6.117,0.0,0.0
3901.96,5.956,0.0,0.0
3902.47,5.933,0.0,0.0
3902.98,5.933,0.0,0.0
3903.49,6.005,0.0,0.0
3903.99,5.98,0.0,0.0
3904.5,5.925,0.0,0.0
3905.01,5.925,0.0,0.0
3905.52,5.997,0.0,0.0
3906.02,6.034,0.0,0.0
3906.53,5.969,0.0,0.0
3907.04,5.994,0.0,0.0
3907.55,6.272,0.0,0.0
3908.05,6.318,0.0,0.0
3908.56,6.014,0.0,0.0
3909.07,6.259,0.0,0.0
3909.58,6.258,0.0,0.0
3910.08,6.307,0.0,0.0
3910.59,6.159,0.0,0.0
3911.1,6.329,0.0,0.0
3911.61,6.281,0.0,0.0
3912.12,6.079,0.0,0.0
3912.63,6.278,0.0,0.0
3913.14,6.346,0.0,0.0
3913.65,6.025,0.0,0.0
3914.15,6.245,0.0,0.0
3914.66,6.13,0.0,0.0
3915.17,6.028,0.0,0.0
3915.68,6.275,0.0,0.0
3916.19,6.341,0.0,0.0
3916.7,6.363,0.0,0.0
3917.2,6.322,0.0,0.0
3917.72,6.221,0.0,0.0
3918.22,6.087,0.0,0.0
3918.73,6.031,0.0,0.0
3919.24,6.153,0.0,0.0
3919.76,6.092,0.0,0.0
3920.27,6.199,0.0,0.0
3920.78,6.119,0.0,0.0
3921.28,6.051,0.0,0.0
3921.79,6.276,0.0,0.0
3922.3,6.153,0.0,0.0
3922.81,6.132,0.0,0.0
3923.32,6.3,0.0,0.0
3923.83,6.209,0.0,0.0
3924.34,6.032,0.0,0.0
3924.85,6.152,0.0,0.0
3925.36,6.228,0.0,0.0
3925.87,6.324,0.0,0.0
3926.38,6.141,0.0,0.0
3926.88,6.14,0.0,0.0
3927.39,6.206,0.0,0.0
3927.89,6.276,0.0,0.0
3928.4,6.384,0.0,0.0
3928.91,6.146,0.0,0.0
3929.42,6.089,0.0,0.0
3929.93,5.976,0.0,0.0
3930.44,6.186,0.0,0.0
3930.94,6.266,0.0,0.0
3931.46,6.196,0.0,0.0
3931.97,6.171,0.0,0.0
3932.48,6.194,0.0,0.0
3932.98,6.076,0.0,0.0
3933.49,6.127,0.0,0.0
3934.0,6.324,0.0,0.0
3934.51,6.002,0.0,0.0
3935.02,6.201,0.0,0.0
3935.53,6.205,0.0,0.0
3936.04,6.114,0.0,0.0
3936.55,6.233,0.0,0.0
3937.06,6.229,0.0,0.0
3937.57,6.469,0.0,0.0
3938.08,6.31,0.0,0.0
3938.59,6.019,0.0,0.0
3939.1,5.936,0.0,0.0
3939.61,6.086,0.0,0.0
3940.12,6.21,0.0,0.0
3940.63,6.127,0.0,0.0
3941.14,6.139,0.0,0.0
3941.64,6.022,0.0,0.0
3942.16,5.901,0.0,0.0
3942.66,5.901,0.0,0.0
3943.17,6.083,0.0,0.0
3943.68,6.052,0.0,0.0
3944.19,5.877,0.0,0.0
3944.7,6.171,0.0,0.0
3945.21,6.228,0.0,0.0
3945.72,6.192,0.0,0.0
3946.22,6.214,0.0,0.0
3946.73,6.074,0.0,0.0
3947.24,6.192,0.0,0.0
3947.75,6.222,0.0,0.0
3948.26,6.456,0.0,0.0
3948.77,6.287,0.0,0.0
3949.28,6.33,0.0,0.0
3949.79,6.171,0.0,0.0
3950.3,6.045,0.0,0.0
3950.81,6.287,0.0,0.0
3951.32,6.287,0.0,0.0
3951.83,6.11,0.0,0.0
3952.34,6.194,0.0,0.0
3952.85,6.181,0.0,0.0
3953.36,6.394,0.0,0.0
3953.87,6.159,0.0,0.0
3954.38,6.277,0.0,0.0
3954.89,6.181,0.0,0.0
3955.4,6.281,0.0,0.0
3955.91,6.27,0.0,0.0
3956.42,6.403,0.0,0.0
3956.93,6.294,0.0,0.0
3957.44,6.051,0.0,0.0
3957.95,5.955,0.0,0.0
3958.46,6.185,0.0,0.0
3958.96,6.268,0.0,0.0
3959.47,6.021,0.0,0.0
3959.98,6.222,0.0,0.0
3960.49,6.281,0.0,0.0
3961.0,6.058,0.0,0.0
3961.51,6.382,0.0,0.0
3962.02,6.393,0.0,0.0
3962.53,6.021,0.0,0.0
3963.03,6.294,0.0,0.0
3963.54,6.273,0.0,0.0
3964.06,6.461,0.0,0.0
3964.56,6.325,0.0,0.0
3965.07,6.185,0.0,0.0
3965.58,6.464,0.0,0.0
3966.09,6.322,0.0,0.0
3966.6,5.97,0.0,0.0
3967.11,6.365,0.0,0.0
3967.62,6.233,0.0,0.0
3968.13,6.317,0.0,0.0
3968.64,6.227,0.0,0.0
3969.15,6.283,0.0,0.0
3969.66,6.287,0.0,0.0
3970.17,6.104,0.0,0.0
3970.68,6.293,0.0,0.0
3971.19,6.298,0.0,0.0
3971.69,6.446,0.0,0.0
3972.2,6.277,0.0,0.0
3972.71,6.227,0.0,0.0
3973.22,6.24,0.0,0.0
3973.73,5.95,0.0,0.0
3974.24,6.288,0.0,0.0
3974.75,6.292,0.0,0.0
3975.26,6.046,0.0,0.0
3975.78,6.283,0.0,0.0
3976.29,6.264,0.0,0.0
3976.8,5.931,0.0,0.0
3977.31,6.034,0.0,0.0
3977.82,5.945,0.0,0.0
3978.33,5.945,0.0,0.0
3978.83,5.945,0.0,0.0
3979.34,5.945,0.0,0.0
3979.85,6.068,0.0,0.0
3980.36,6.211,0.0,0.0
3980.86,6.14,0.0,0.0
3981.37,6.057,0.0,0.0
3981.88,5.992,0.0,0.0
3982.39,5.986,0.0,0.0
3982.89,5.951,0.0,0.0
3983.39,5.998,0.0,0.0
3983.9,5.916,0.0,0.0
3984.4,6.284,0.0,0.0
3984.91,6.179,0.0,0.0
3985.42,6.337,0.0,0.0
3985.93,6.283,0.0,0.0
3986.43,6.208,0.0,0.0
3986.94,6.062,0.0,0.0
3987.45,6.029,0.0,0.0
3987.95,6.114,0.0,0.0
3988.46,6.228,0.0,0.0
3988.97,6.007,0.0,0.0
3989.47,6.151,0.0,0.0
3989.98,6.121,0.0,0.0
3990.49,6.019,0.0,0.0
3990.99,6.194,0.0,0.0
3991.5,6.272,0.0,0.0
3992.01,6.49,0.0,0.0
3992.52,6.237,0.0,0.0
3993.02,6.22,0.0,0.0
3993.53,6.147,0.0,0.0
3994.04,6.27,0.0,0.0
3994.55,6.357,0.0,0.0
3995.06,6.288,0.0,0.0
3995.57,6.029,0.0,0.0
3996.07,6.051,0.0,0.0
3996.58,6.106,0.0,0.0
3997.09,6.084,0.0,0.0
3997.6,6.249,0.0,0.0
3998.11,6.325,0.0,0.0
3998.62,6.317,0.0,0.0
3999.13,6.272,0.0,0.0
3999.64,6.195,0.0,0.0
4000.15,6.285,0.0,0.0
4000.66,6.253,0.0,0.0
4001.17,6.112,0.0,0.0
4001.68,6.082,0.0,0.0
4002.19,6.255,0.0,0.0
4002.69,6.161,0.0,0.0
4003.2,6.19,0.0,0.0
4003.71,6.168,0.0,0.0
4004.21,5.95,0.0,0.0
4004.72,6.18,0.0,0.0
4005.23,6.316,0.0,0.0
4005.74,6.281,0.0,0.0
4006.24,6.356,0.0,0.0
4006.75,6.422,0.0,0.0
4007.25,6.367,0.0,0.0
4007.76,6.001,0.0,0.0
4008.27,6.324,0.0,0.0
4008.78,6.335,0.0,0.0
4009.29,6.257,0.0,0.0
4009.79,6.243,0.0,0.0
4010.3,6.048,0.0,0.0
4010.81,5.941,0.0,0.0
4011.31,6.23,0.0,0.0
4011.82,6.128,0.0,0.0
4012.33,6.013,0.0,0.0
4012.84,6.325,0.0,0.0
4013.35,6.113,0.0,0.0
4013.86,6.055,0.0,0.0
4014.37,6.201,0.0,0.0
4014.88,5.991,0.0,0.0
4015.39,6.136,0.0,0.0
4015.9,6.061,0.0,0.0
4016.4,5.942,0.0,0.0
4016.91,5.939,0.0,0.0
4017.42,5.939,0.0,0.0
4017.92,5.939,0.0,0.0
4018.43,6.09,0.0,0.0
4018.94,6.1,0.0,0.0
4019.45,6.167,0.0,0.0
4019.96,6.158,0.0,0.0
4020.47,6.175,0.0,0.0
4020.98,6.01,0.0,0.0
4021.49,6.09,0.0,0.0
4022.0,5.939,0.0,0.0
4022.5,5.939,0.0,0.0
4023.01,6.261,0.0,0.0
4023.52,6.286,0.0,0.0
4024.03,6.311,0.0,0.0
4024.54,6.124,0.0,0.0
4025.05,6.056,0.0,0.0
4025.55,6.213,0.0,0.0
4026.06,6.192,0.0,0.0
4026.57,6.106,0.0,0.0
4027.08,6.128,0.0,0.0
4027.59,6.234,0.0,0.0
4028.1,6.244,0.0,0.0
4028.6,6.199,0.0,0.0
4029.11,6.098,0.0,0.0
4029.62,6.171,0.0,0.0
4030.13,6.198,0.0,0.0
4030.64,6.206,0.0,0.0
4031.15,6.271,0.0,0.0
4031.66,6.364,0.0,0.0
4032.17,6.071,0.0,0.0
4032.67,6.093,0.0,0.0
4033.18,6.252,0.0,0.0
4033.69,6.207,0.0,0.0
4034.2,6.196,0.0,0.0
4034.71,6.04,0.0,0.0
4035.22,6.111,0.0,0.0
4035.73,6.291,0.0,0.0
4036.23,6.431,0.0,0.0
4036.74,6.386,0.0,0.0
4037.25,6.351,0.0,0.0
4037.76,6.148,0.0,0.0
4038.27,6.194,0.0,0.0
4038.78,6.085,0.0,0.0
4039.29,6.292,0.0,0.0
4039.79,6.247,0.0,0.0
4040.3,6.214,0.0,0.0
4040.81,6.039,0.0,0.0
4041.32,6.302,0.0,0.0
4041.83,6.295,0.0,0.0
4042.34,6.069,0.0,0.0
4042.84,6.319,0.0,0.0
4043.35,6.2,0.0,0.0
4043.86,6.377,0.0,0.0
4044.37,6.2,0.0,0.0
4044.87,6.176,0.0,0.0
4045.38,6.151,0.0,0.0
4045.89,6.117,0.0,0.0
4046.4,6.078,0.0,0.0
4046.91,6.308,0.0,0.0
4047.41,6.445,0.0,0.0
4047.92,6.028,0.0,0.0
4048.42,6.25,0.0,0.0
4048.93,6.068,0.0,0.0
4049.44,5.95,0.0,0.0
4049.95,6.241,0.0,0.0
4050.46,6.172,0.0,0.0
4050.97,5.925,0.0,0.0
4051.47,6.426,0.0,0.0
4051.98,6.277,0.0,0.0
4052.49,5.946,0.0,0.0
4053.0,6.41,0.0,0.0
4053.51,6.323,0.0,0.0
4054.02,5.955,0.0,0.0
4054.53,6.037,0.0,0.0
4055.04,5.951,0.0,0.0
4055.54,5.951,0.0,0.0
4056.05,5.951,0.0,0.0
4056.56,6.198,0.0,0.0
4057.07,5.909,0.0,0.0
4057.58,5.988,0.0,0.0
4058.09,6.08,0.0,0.0
4058.6,6.121,0.0,0.0
4059.11,6.019,0.0,0.0
4059.61,5.896,0.0,0.0
4060.12,6.06,0.0,0.0
4060.63,6.09,0.0,0.0
4061.14,6.051,0.0,0.0
4061.65,6.059,0.0,0.0
4062.15,6.198,0.0,0.0
4062.66,6.062,0.0,0.0
4063.17,6.198,0.0,0.0
4063.68,6.109,0.0,0.0
4064.19,6.047,0.0,0.0
4064.69,6.186,0.0,0.0
4065.2,6.278,0.0,0.0
4065.71,6.227,0.0,0.0
4066.22,6.065,0.0,0.0
4066.73,6.207,0.0,0.0
4067.24,6.351,0.0,0.0
4067.75,6.323,0.0,0.0
4068.26,6.528,0.0,0.0
4068.77,6.177,0.0,0.0
4069.28,5.961,0.0,0.0
4069.79,6.332,0.0,0.0
4070.3,6.268,0.0,0.0
4070.81,6.08,0.0,0.0
4071.31,6.374,0.0,0.0
4071.82,6.378,0.0,0.0
4072.34,6.361,0.0,0.0
4072.85,6.245,0.0,0.0
4073.35,6.219,0.0,0.0
4073.87,6.336,0.0,0.0
4074.37,6.181,0.0,0.0
4074.89,6.179,0.0,0.0
4075.39,6.164,0.0,0.0
4075.9,6.332,0.0,0.0
4076.41,6.18,0.0,0.0
4076.92,6.055,0.0,0.0
4077.43,6.137,0.0,0.0
4077.94,6.091,0.0,0.0
4078.45,6.195,0.0,0.0
4078.96,6.113,0.0,0.0
4079.47,6.022,0.0,0.0
4079.98,6.319,0.0,0.0
4080.49,6.285,0.0,0.0
4080.99,6.464,0.0,0.0
4081.5,6.291,0.0,0.0
4082.01,6.269,0.0,0.0
4082.52,6.201,0.0,0.0
4083.03,6.197,0.0,0.0
4083.54,6.316,0.0,0.0
4084.05,6.298,0.0,0.0
4084.55,6.027,0.0,0.0
4085.06,6.233,0.0,0.0
4085.57,6.224,0.0,0.0
4086.08,5.956,0.0,0.0
4086.6,6.288,0.0,0.0
4087.11,6.288,0.0,0.0
4087.62,6.021,0.0,0.0
4088.13,6.285,0.0,0.0
4088.64,6.293,0.0,0.0
4089.14,5.965,0.0,0.0
4089.66,6.124,0.0,0.0
4090.17,6.181,0.0,0.0
4090.68,6.307,0.0,0.0
4091.19,6.369,0.0,0.0
4091.69,6.257,0.0,0.0
4092.2,6.092,0.0,0.0
4092.71,6.111,0.0,0.0
4093.21,6.086,0.0,0.0
4093.72,6.221,0.0,0.0
4094.23,5.999,0.0,0.0
4094.74,5.914,0.0,0.0
4095.25,5.998,0.0,0.0
4095.76,5.919,0.0,0.0
4096.27,5.919,0.0,0.0
4096.77,5.919,0.0,0.0
4097.29,5.919,0.0,0.0
4097.79,5.919,0.0,0.0
4098.3,5.919,0.0,0.0
4098.81,6.065,0.0,0.0
4099.32,6.085,0.0,0.0
4099.83,5.932,0.0,0.0
4100.34,5.998,0.0,0.0
4100.85,6.015,0.0,0.0
4101.35,5.974,0.0,0.0
4101.86,6.083,0.0,0.0
4102.37,6.366,0.0,0.0
4102.88,6.284,0.0,0.0
4103.39,6.264,0.0,0.0
4103.9,6.127,0.0,0.0
4104.41,6.101,0.0,0.0
4104.92,6.288,0.0,0.0
4105.43,6.253,0.0,0.0
4105.94,6.297,0.0,0.0
4106.45,6.289,0.0,0.0
4106.96,6.154,0.0,0.0
4107.47,6.122,0.0,0.0
4107.98,6.189,0.0,0.0
4108.49,6.188,0.0,0.0
4109.0,6.268,0.0,0.0
4109.51,6.303,0.0,0.0
4110.01,6.043,0.0,0.0
4110.52,6.197,0.0,0.0
4111.03,6.341,0.0,0.0
4111.54,6.326,0.0,0.0
4112.05,6.386,0.0,0.0
4112.56,6.346,0.0,0.0
4113.07,6.267,0.0,0.0
4113.58,5.96,0.0,0.0
4114.09,6.164,0.0,0.0
4114.6,6.398,0.0,0.0
4115.11,6.056,0.0,0.0
4115.61,6.269,0.0,0.0
4116.12,6.059,0.0,0.0
4116.63,6.268,0.0,0.0
4117.14,6.292,0.0,0.0
4117.65,6.328,0.0,0.0
4118.16,6.172,0.0,0.0
4118.67,6.2,0.0,0.0
4119.18,6.137,0.0,0.0
4119.69,6.169,0.0,0.0
4120.19,6.44,0.0,0.0
4120.7,6.113,0.0,0.0
4121.21,6.243,0.0,0.0
4121.72,6.207,0.0,0.0
4122.23,6.163,0.0,0.0
4122.73,6.04,0.0,0.0
4123.25,6.184,0.0,0.0
4123.76,6.251,0.0,0.0
4124.26,5.925,0.0,0.0
4124.78,6.295,0.0,0.0
4125.29,6.298,0.0,0.0
4125.8,6.062,0.0,0.0
4126.31,6.278,0.0,0.0
4126.82,6.025,0.0,0.0
4127.33,6.108,0.0,0.0
4127.84,6.187,0.0,0.0
4128.35,6.187,0.0,0.0
4128.85,5.995,0.0,0.0
4129.36,6.253,0.0,0.0
4129.87,6.251,0.0,0.0
4130.38,6.315,0.0,0.0
4130.89,6.218,0.0,0.0
4131.4,6.118,0.0,0.0
4131.91,6.082,0.0,0.0
4132.41,5.923,0.0,0.0
4132.92,6.223,0.0,0.0
4133.43,6.223,0.0,0.0
4133.94,6.002,0.0,0.0
4134.45,6.091,0.0,0.0
4134.96,5.924,0.0,0.0
4135.47,6.0,0.0,0.0
4135.98,5.904,0.0,0.0
4136.49,5.921,0.0,0.0
4137.0,5.921,0.0,0.0
4137.51,5.921,0.0,0.0
4138.02,6.079,0.0,0.0
4138.53,6.251,0.0,0.0
4139.04,6.282,0.0,0.0
4139.54,6.412,0.0,0.0
4140.05,6.199,0.0,0.0
4140.57,6.275,0.0,0.0
4141.08,6.201,0.0,0.0
4141.59,6.289,0.0,0.0
4142.09,6.284,0.0,0.0
4142.61,6.226,0.0,0.0
4143.11,6.093,0.0,0.0
4143.62,6.296,0.0,0.0
4144.13,6.178,0.0,0.0
4144.64,6.117,0.0,0.0
4145.15,6.136,0.0,0.0
4145.66,6.283,0.0,0.0
4146.17,6.206,0.0,0.0
4146.68,6.301,0.0,0.0
4147.19,6.217,0.0,0.0
4147.7,6.102,0.0,0.0
4148.21,6.086,0.0,0.0
4148.71,6.396,0.0,0.0
4149.21,6.37,0.0,0.0
4149.72,6.428,0.0,0.0
4150.23,6.213,0.0,0.0
4150.74,6.021,0.0,0.0
4151.25,6.203,0.0,0.0
4151.76,6.309,0.0,0.0
4152.27,6.183,0.0,0.0
4152.78,6.146,0.0,0.0
4153.29,6.244,0.0,0.0
4153.8,6.271,0.0,0.0
4154.31,6.1,0.0,0.0
4154.82,6.066,0.0,0.0
4155.33,6.458,0.0,0.0
4155.84,6.433,0.0,0.0
4156.35,6.518,0.0,0.0
4156.86,6.297,0.0,0.0
4157.37,6.261,0.0,0.0
4157.88,6.13,0.0,0.0
4158.38,6.142,0.0,0.0
4158.89,6.006,0.0,0.0
4159.4,6.085,0.0,0.0
4159.91,6.317,0.0,0.0
4160.42,6.192,0.0,0.0
4160.93,6.412,0.0,0.0
4161.44,6.237,0.0,0.0
4161.95,6.332,0.0,0.0
4162.46,6.1,0.0,0.0
4162.97,6.296,0.0,0.0
4163.47,6.291,0.0,0.0
4163.98,6.243,0.0,0.0
4164.49,6.221,0.0,0.0
4165.0,6.0,0.0,0.0
4165.51,6.347,0.0,0.0
4166.02,6.38,0.0,0.0
4166.52,5.936,0.0,0.0
4167.03,6.352,0.0,0.0
4167.54,6.206,0.0,0.0
4168.04,5.999,0.0,0.0
4168.55,6.035,0.0,0.0
4169.06,5.945,0.0,0.0
4169.57,6.083,0.0,0.0
4170.07,5.995,0.0,0.0
4170.58,5.902,0.0,0.0
4171.09,5.914,0.0,0.0
4171.6,5.914,0.0,0.0
4172.11,6.157,0.0,0.0
4172.61,6.118,0.0,0.0
4173.12,6.146,0.0,0.0
4173.62,6.178,0.0,0.0
4174.13,5.986,0.0,0.0
4174.63,6.006,0.0,0.0
4175.14,6.139,0.0,0.0
4175.64,6.05,0.0,0.0
4176.15,6.042,0.0,0.0
4176.66,6.058,0.0,0.0
4177.17,6.046,0.0,0.0
4177.68,6.288,0.0,0.0
4178.19,6.103,0.0,0.0
4178.7,6.187,0.0,0.0
4179.2,6.272,0.0,0.0
4179.71,5.957,0.0,0.0
4180.22,6.194,0.0,0.0
4180.73,6.197,0.0,0.0
4181.24,6.003,0.0,0.0
4181.75,6.302,0.0,0.0
4182.26,6.303,0.0,0.0
4182.77,6.33,0.0,0.0
4183.28,6.271,0.0,0.0
4183.79,6.388,0.0,0.0
4184.29,6.147,0.0,0.0
4184.8,6.18,0.0,0.0
4185.31,6.181,0.0,0.0
4185.82,6.218,0.0,0.0
4186.33,6.209,0.0,0.0
4186.84,6.379,0.0,0.0
4187.35,6.134,0.0,0.0
4187.87,6.269,0.0,0.0
4188.38,6.397,0.0,0.0
4188.89,6.182,0.0,0.0
4189.4,6.102,0.0,0.0
4189.91,6.206,0.0,0.0
4190.42,6.201,0.0,0.0
4190.93,6.343,0.0,0.0
4191.44,6.286,0.0,0.0
4191.95,6.324,0.0,0.0
4192.46,6.288,0.0,0.0
4192.97,6.3,0.0,0.0
4193.48,6.177,0.0,0.0
4193.99,6.227,0.0,0.0
4194.5,6.206,0.0,0.0
4195.01,6.08,0.0,0.0
4195.52,6.066,0.0,0.0
4196.03,6.303,0.0,0.0
4196.54,6.215,0.0,0.0
4197.04,6.174,0.0,0.0
4197.55,6.262,0.0,0.0
4198.06,6.262,0.0,0.0
4198.57,6.347,0.0,0.0
4199.08,6.159,0.0,0.0
4199.58,5.992,0.0,0.0
4200.09,6.273,0.0,0.0
4200.6,6.402,0.0,0.0
4201.1,6.266,0.0,0.0
4201.61,6.19,0.0,0.0
4202.12,5.994,0.0,0.0
4202.62,6.267,0.0,0.0
4203.13,6.161,0.0,0.0
4203.64,5.99,0.0,0.0
4204.14,6.126,0.0,0.0
4204.65,6.207,0.0,0.0
4205.16,5.991,0.0,0.0
4205.67,5.951,0.0,0.0
4206.18,5.951,0.0,0.0
4206.68,5.951,0.0,0.0
4207.19,5.951,0.0,0.0
4207.7,5.951,0.0,0.0
4208.21,5.951,0.0,0.0
4208.71,6.022,0.0,0.0
4209.22,6.088,0.0,0.0
4209.73,5.91,0.0,0.0
4210.23,6.097,0.0,0.0
4210.74,6.026,0.0,0.0
4211.25,5.945,0.0,0.0
4211.75,6.18,0.0,0.0
4212.26,6.227,0.0,0.0
4212.77,6.05,0.0,0.0
4213.28,5.994,0.0,0.0
4213.78,6.226,0.0,0.0
4214.29,6.181,0.0,0.0
4214.8,6.254,0.0,0.0
4215.3,6.292,0.0,0.0
4215.81,6.439,0.0,0.0
4216.32,6.136,0.0,0.0
4216.83,6.048,0.0,0.0
4217.34,6.026,0.0,0.0
4217.84,6.077,0.0,0.0
4218.36,6.091,0.0,0.0
4218.87,6.283,0.0,0.0
4219.38,6.294,0.0,0.0
4219.89,6.381,0.0,0.0
4220.4,6.16,0.0,0.0
4220.9,6.283,0.0,0.0
4221.41,6.099,0.0,0.0
4221.92,6.018,0.0,0.0
4222.43,6.396,0.0,0.0
4222.94,6.385,0.0,0.0
4223.45,6.444,0.0,0.0
4223.96,6.036,0.0,0.0
4224.47,6.03,0.0,0.0
4224.98,6.122,0.0,0.0
4225.49,6.255,0.0,0.0
4226.0,6.274,0.0,0.0
4226.51,6.279,0.0,0.0
4227.01,6.291,0.0,0.0
4227.52,6.21,0.0,0.0
4228.03,6.139,0.0,0.0
4228.54,6.274,0.0,0.0
4229.05,6.296,0.0,0.0
4229.56,6.189,0.0,0.0
4230.07,6.025,0.0,0.0
4230.58,5.929,0.0,0.0
4231.09,6.204,0.0,0.0
4231.6,5.988,0.0,0.0
4232.11,6.082,0.0,0.0
4232.62,6.089,0.0,0.0
4233.13,6.037,0.0,0.0
4233.64,6.213,0.0,0.0
4234.15,6.238,0.0,0.0
4234.66,6.448,0.0,0.0
4235.17,6.213,0.0,0.0
4235.68,6.258,0.0,0.0
4236.18,6.288,0.0,0.0
4236.69,6.153,0.0,0.0
4237.2,6.325,0.0,0.0
4237.71,6.155,0.0,0.0
4238.21,6.321,0.0,0.0
4238.72,6.008,0.0,0.0
4239.23,6.176,0.0,0.0
4239.74,6.087,0.0,0.0
4240.25,6.055,0.0,0.0
4240.76,5.94,0.0,0.0
4241.27,5.94,0.0,0.0
4241.78,5.94,0.0,0.0
4242.29,5.94,0.0,0.0
4242.79,5.94,0.0,0.0
4243.3,6.228,0.0,0.0
4243.81,6.097,0.0,0.0
4244.32,6.141,0.0,0.0
4244.83,6.239,0.0,0.0
4245.34,5.97,0.0,0.0
4245.85,5.951,0.0,0.0
4246.36,5.951,0.0,0.0
4246.86,5.951,0.0,0.0
4247.37,5.951,0.0,0.0
4247.88,5.951,0.0,0.0
4248.38,6.04,0.0,0.0
4248.89,6.091,0.0,0.0
4249.4,6.123,0.0,0.0
4249.91,6.27,0.0,0.0
4250.42,6.278,0.0,0.0
4250.93,6.198,0.0,0.0
4251.44,6.118,0.0,0.0
4251.95,6.199,0.0,0.0
4252.46,6.122,0.0,0.0
4252.97,6.247,0.0,0.0
4253.48,6.146,0.0,0.0
4253.99,6.107,0.0,0.0
4254.53,6.291,0.0,0.0
4255.04,6.163,0.0,0.0
4255.54,6.323,0.0,0.0
4256.05,6.309,0.0,0.0
4256.56,6.196,0.0,0.0
4257.06,6.138,0.0,0.0
4257.57,6.305,0.0,0.0
4258.08,6.308,0.0,0.0
4258.59,6.357,0.0,0.0
4259.1,6.114,0.0,0.0
4259.61,6.215,0.0,0.0
4260.11,6.22,0.0,0.0
4260.62,6.04,0.0,0.0
4261.13,6.308,0.0,0.0
4261.64,6.215,0.0,0.0
4262.15,5.979,0.0,0.0
4262.66,6.27,0.0,0.0
4263.17,6.27,0.0,0.0
4263.67,6.046,0.0,0.0
4264.19,6.283,0.0,0.0
4264.7,6.283,0.0,0.0
4265.2,6.077,0.0,0.0
4265.71,6.195,0.0,0.0
4266.22,6.143,0.0,0.0
4266.73,6.356,0.0,0.0
4267.24,6.284,0.0,0.0
4267.75,6.419,0.0,0.0
4268.26,6.379,0.0,0.0
4268.77,6.122,0.0,0.0
4269.28,6.219,0.0,0.0
4269.79,6.0,0.0,0.0
4270.3,6.177,0.0,0.0
4270.81,6.279,0.0,0.0
4271.31,6.086,0.0,0.0
4271.83,6.218,0.0,0.0
4272.33,6.217,0.0,0.0
4272.84,6.089,0.0,0.0
4273.35,6.129,0.0,0.0
4273.86,6.231,0.0,0.0
4274.37,6.087,0.0,0.0
4274.88,6.32,0.0,0.0
4275.39,6.37,0.0,0.0
4275.9,6.102,0.0,0.0
4276.41,5.985,0.0,0.0
4276.92,5.985,0.0,0.0
4277.42,5.935,0.0,0.0
4277.93,5.936,0.0,0.0
4278.43,6.004,0.0,0.0
4278.94,5.913,0.0,0.0
4279.45,6.047,0.0,0.0
4279.96,6.002,0.0,0.0
4280.47,5.932,0.0,0.0
4280.97,5.932,0.0,0.0
4281.48,6.073,0.0,0.0
4281.99,5.958,0.0,0.0
4282.5,6.019,0.0,0.0
4283.01,6.021,0.0,0.0
4283.52,6.165,0.0,0.0
4284.03,6.218,0.0,0.0
4284.54,6.184,0.0,0.0
4285.04,6.249,0.0,0.0
4285.55,6.126,0.0,0.0
4286.05,6.248,0.0,0.0
4286.56,6.292,0.0,0.0
4287.06,6.48,0.0,0.0
4287.57,6.285,0.0,0.0
4288.08,6.08,0.0,0.0
4288.59,6.261,0.0,0.0
4289.1,6.203,0.0,0.0
4289.61,6.407,0.0,0.0
4290.12,6.318,0.0,0.0
4290.63,6.236,0.0,0.0
4291.13,6.083,0.0,0.0
4291.64,6.235,0.0,0.0
4292.15,6.01,0.0,0.0
4292.67,6.212,0.0,0.0
4293.18,6.243,0.0,0.0
4293.69,6.018,0.0,0.0
4294.19,6.444,0.0,0.0
4294.7,6.235,0.0,0.0
4295.21,6.472,0.0,0.0
4295.72,6.289,0.0,0.0
4296.23,6.392,0.0,0.0
4296.74,6.222,0.0,0.0
4297.25,6.184,0.0,0.0
4297.76,6.26,0.0,0.0
4298.27,6.317,0.0,0.0
4298.78,6.3,0.0,0.0
4299.28,5.995,0.0,0.0
4299.79,6.242,0.0,0.0
4300.3,6.065,0.0,0.0
4300.81,6.119,0.0,0.0
4301.32,6.106,0.0,0.0
4301.82,6.002,0.0,0.0
4302.33,6.164,0.0,0.0
4302.84,6.078,0.0,0.0
4303.35,6.328,0.0,0.0
4303.86,6.341,0.0,0.0
4304.37,6.29,0.0,0.0
4304.88,6.261,0.0,0.0
4305.39,6.015,0.0,0.0
4305.9,6.006,0.0,0.0
4306.41,5.954,0.0,0.0
4306.91,5.954,0.0,0.0
4307.42,6.023,0.0,0.0
4307.92,6.094,0.0,0.0
4308.43,6.034,0.0,0.0
4308.94,5.912,0.0,0.0
4309.45,5.913,0.0,0.0
4309.96,5.913,0.0,0.0
4310.47,5.913,0.0,0.0
4310.97,5.913,0.0,0.0
4311.48,5.938,0.0,0.0
4311.99,6.235,0.0,0.0
4312.5,6.065,0.0,0.0
4313.01,6.171,0.0,0.0
4313.52,6.304,0.0,0.0
4314.02,6.01,0.0,0.0
4314.53,6.214,0.0,0.0
4315.05,6.288,0.0,0.0
4315.55,6.0,0.0,0.0
4316.06,6.105,0.0,0.0
4316.57,6.17,0.0,0.0
4317.08,5.998,0.0,0.0
4317.59,6.282,0.0,0.0
4318.1,6.263,0.0,0.0
4318.61,6.102,0.0,0.0
4319.12,6.278,0.0,0.0
4319.63,6.262,0.0,0.0
4320.13,6.372,0.0,0.0
4320.65,6.17,0.0,0.0
4321.16,6.258,0.0,0.0
4321.67,6.198,0.0,0.0
4322.17,6.151,0.0,0.0
4322.67,6.246,0.0,0.0
4323.18,6.203,0.0,0.0
4323.69,6.263,0.0,0.0
4324.2,6.19,0.0,0.0
4324.71,6.119,0.0,0.0
4325.22,5.936,0.0,0.0
4325.73,5.991,0.0,0.0
4326.24,6.071,0.0,0.0
4326.74,6.14,0.0,0.0
4327.25,6.24,0.0,0.0
4327.76,6.088,0.0,0.0
4328.26,6.105,0.0,0.0
4328.77,6.148,0.0,0.0
4329.27,6.192,0.0,0.0
4329.78,6.19,0.0,0.0
4330.29,6.057,0.0,0.0
4330.79,6.228,0.0,0.0
4331.3,6.176,0.0,0.0
4331.81,6.04,0.0,0.0
4332.32,5.932,0.0,0.0
4332.82,5.932,0.0,0.0
4333.32,5.932,0.0,0.0
4333.83,5.932,0.0,0.0
4334.34,6.0,0.0,0.0
4334.85,5.932,0.0,0.0
4335.36,5.932,0.0,0.0
4335.87,5.932,0.0,0.0
4336.37,5.932,0.0,0.0
4336.88,5.932,0.0,0.0
4337.39,6.096,0.0,0.0
4337.89,6.094,0.0,0.0
4338.4,5.957,0.0,0.0
4338.91,5.957,0.0,0.0
4339.42,5.957,0.0,0.0
4339.92,5.957,0.0,0.0
4340.43,6.233,0.0,0.0
4340.94,6.233,0.0,0.0
4341.45,5.932,0.0,0.0
4341.96,5.934,0.0,0.0
4342.47,6.137,0.0,0.0
4342.97,6.245,0.0,0.0
4343.48,6.078,0.0,0.0
4343.98,6.207,0.0,0.0
4344.49,6.295,0.0,0.0
4345.0,5.96,0.0,0.0
4345.51,6.211,0.0,0.0
4346.01,6.25,0.0,0.0
4346.52,6.353,0.0,0.0
4347.03,6.131,0.0,0.0
4347.54,6.131,0.0,0.0
4348.04,6.365,0.0,0.0
4348.56,6.172,0.0,0.0
4349.07,6.393,0.0,0.0
4349.57,6.41,0.0,0.0
4350.08,6.354,0.0,0.0
4350.59,6.203,0.0,0.0
4351.1,6.147,0.0,0.0
4351.61,6.239,0.0,0.0
4352.12,6.003,0.0,0.0
4352.63,5.997,0.0,0.0
4353.14,5.997,0.0,0.0
4353.64,5.997,0.0,0.0
4354.15,5.998,0.0,0.0
4354.66,6.212,0.0,0.0
4355.16,6.183,0.0,0.0
4355.67,5.931,0.0,0.0
4356.18,6.179,0.0,0.0
4356.69,6.205,0.0,0.0
4357.2,6.467,0.0,0.0
4357.71,6.184,0.0,0.0
4358.22,5.957,0.0,0.0
4358.72,5.957,0.0,0.0
4359.23,5.957,0.0,0.0
4359.73,6.225,0.0,0.0
4360.24,5.935,0.0,0.0
4360.75,6.073,0.0,0.0
4361.26,5.955,0.0,0.0
4361.77,6.104,0.0,0.0
4362.28,5.953,0.0,0.0
4362.79,6.108,0.0,0.0
4363.29,5.935,0.0,0.0
4363.8,5.936,0.0,0.0
4364.31,5.936,0.0,0.0
4364.82,5.936,0.0,0.0
4365.33,5.936,0.0,0.0
4365.84,5.936,0.0,0.0
4366.35,6.145,0.0,0.0
4366.86,6.107,0.0,0.0
4367.37,6.019,0.0,0.0
4367.88,6.184,0.0,0.0
4368.39,5.957,0.0,0.0
4368.9,6.281,0.0,0.0
4369.4,6.156,0.0,0.0
4369.91,6.061,0.0,0.0
4370.42,6.167,0.0,0.0
4370.93,6.229,0.0,0.0
4371.44,6.099,0.0,0.0
4371.95,6.327,0.0,0.0
4372.46,6.349,0.0,0.0
4372.96,6.044,0.0,0.0
4373.47,6.116,0.0,0.0
4373.98,6.124,0.0,0.0
4374.49,6.284,0.0,0.0
4375.0,6.288,0.0,0.0
4375.51,6.047,0.0,0.0
4376.01,6.083,0.0,0.0
4376.52,5.992,0.0,0.0
4377.02,6.175,0.0,0.0
4377.53,6.206,0.0,0.0
4378.05,6.475,0.0,0.0
4378.55,6.288,0.0,0.0
4379.06,6.224,0.0,0.0
4379.57,5.945,0.0,0.0
4380.09,5.957,0.0,0.0
4380.59,5.957,0.0,0.0
4381.1,5.957,0.0,0.0
4381.61,5.957,0.0,0.0
4382.12,5.958,0.0,0.0
4382.62,5.958,0.0,0.0
4383.13,5.958,0.0,0.0
4383.64,5.958,0.0,0.0
4384.15,5.966,0.0,0.0
4384.66,6.092,0.0,0.0
4385.17,6.23,0.0,0.0
4385.68,6.165,0.0,0.0
4386.19,5.967,0.0,0.0
4386.69,6.013,0.0,0.0
4387.2,5.95,0.0,0.0
4387.71,5.929,0.0,0.0
4388.21,6.234,0.0,0.0
4388.72,6.269,0.0,0.0
4389.23,6.256,0.0,0.0
4389.74,6.209,0.0,0.0
4390.25,6.149,0.0,0.0
4390.76,6.136,0.0,0.0
4391.27,6.094,0.0,0.0
4391.78,6.196,0.0,0.0
4392.29,6.13,0.0,0.0
4392.79,6.119,0.0,0.0
4393.3,6.054,0.0,0.0
4393.81,6.184,0.0,0.0
4394.32,6.191,0.0,0.0
4394.83,6.036,0.0,0.0
4395.34,6.122,0.0,0.0
4395.85,5.993,0.0,0.0
4396.36,5.974,0.0,0.0
4396.87,5.974,0.0,0.0
4397.38,6.077,0.0,0.0
4397.89,5.942,0.0,0.0
4398.4,5.96,0.0,0.0
4398.91,5.973,0.0,0.0
4399.41,6.011,0.0,0.0
4399.92,6.232,0.0,0.0
4400.43,5.961,0.0,0.0
4400.94,6.189,0.0,0.0
4401.45,6.101,0.0,0.0
4401.96,6.006,0.0,0.0
4402.46,5.943,0.0,0.0
4402.97,5.944,0.0,0.0
4403.49,5.944,0.0,0.0
4404.0,5.944,0.0,0.0
4404.51,5.944,0.0,0.0
4405.01,5.944,0.0,0.0
4405.52,5.945,0.0,0.0
4406.03,6.1,0.0,0.0
4406.53,6.1,0.0,0.0
4407.04,5.949,0.0,0.0
4407.54,6.234,0.0,0.0
4408.05,6.151,0.0,0.0
4408.56,5.983,0.0,0.0
4409.07,6.166,0.0,0.0
4409.58,6.273,0.0,0.0
4410.09,6.238,0.0,0.0
4410.59,6.305,0.0,0.0
4411.1,5.924,0.0,0.0
4411.61,6.125,0.0,0.0
4412.12,6.063,0.0,0.0
4412.63,5.992,0.0,0.0
4413.13,6.277,0.0,0.0
4413.64,6.087,0.0,0.0
4414.15,5.936,0.0,0.0
4414.66,5.936,0.0,0.0
4415.17,5.936,0.0,0.0
4415.67,6.028,0.0,0.0
4416.18,5.989,0.0,0.0
4416.68,5.995,0.0,0.0
4417.19,5.916,0.0,0.0
4417.7,5.916,0.0,0.0
4418.21,5.916,0.0,0.0
4418.71,5.916,0.0,0.0
4419.22,6.004,0.0,0.0
4419.73,6.197,0.0,0.0
4420.23,6.004,0.0,0.0
4420.74,5.929,0.0,0.0
4421.25,5.929,0.0,0.0
4421.76,5.929,0.0,0.0
4422.26,5.929,0.0,0.0
4422.77,5.929,0.0,0.0
4423.28,5.929,0.0,0.0
4423.78,5.929,0.0,0.0
4424.29,5.929,0.0,0.0
4424.8,5.929,0.0,0.0
4425.31,5.929,0.0,0.0
4425.81,5.929,0.0,0.0
4426.32,6.067,0.0,0.0
4426.83,5.926,0.0,0.0
4427.34,5.929,0.0,0.0
4427.84,5.929,0.0,0.0
4428.35,5.929,0.0,0.0
4428.86,5.929,0.0,0.0
4429.37,5.929,0.0,0.0
4429.88,5.929,0.0,0.0
4430.38,5.929,0.0,0.0
4430.89,5.929,0.0,0.0
4431.4,6.018,0.0,0.0
4431.91,6.182,0.0,0.0
4432.41,6.17,0.0,0.0
4432.92,6.283,0.0,0.0
4433.42,6.399,0.0,0.0
4433.93,6.397,0.0,0.0
4434.44,6.23,0.0,0.0
4434.95,6.024,0.0,0.0
4435.45,6.183,0.0,0.0
4435.96,5.976,0.0,0.0
4436.47,5.963,0.0,0.0
4436.98,5.963,0.0,0.0
4437.49,5.963,0.0,0.0
4438.0,5.963,0.0,0.0
4438.51,5.963,0.0,0.0
4439.01,5.963,0.0,0.0
4439.52,5.963,0.0,0.0
4440.03,5.963,0.0,0.0
4440.54,5.963,0.0,0.0
4441.04,5.963,0.0,0.0
4441.55,5.963,0.0,0.0
4442.06,5.963,0.0,0.0
4442.57,5.963,0.0,0.0
4443.08,5.963,0.0,0.0
4443.59,5.963,0.0,0.0
4444.1,5.963,0.0,0.0
4444.6,5.963,0.0,0.0
4445.11,5.963,0.0,0.0
4445.62,5.963,0.0,0.0
4446.12,5.963,0.0,0.0
4446.63,6.097,0.0,0.0
4447.14,5.905,0.0,0.0
4447.65,5.934,0.0,0.0
4448.15,5.934,0.0,0.0
4448.66,5.934,0.0,0.0
4449.17,5.934,0.0,0.0
4449.68,5.934,0.0,0.0
4450.19,5.934,0.0,0.0
4450.7,5.934,0.0,0.0
4451.21,5.934,0.0,0.0
4451.72,5.934,0.0,0.0
4452.22,5.934,0.0,0.0
4452.73,6.002,0.0,0.0
4453.24,6.144,0.0,0.0
4453.75,6.16,0.0,0.0
4454.26,6.003,0.0,0.0
4454.76,6.037,0.0,0.0
4455.27,6.292,0.0,0.0
4455.78,6.119,0.0,0.0
4456.29,6.359,0.0,0.0
4456.8,6.141,0.0,0.0
4457.31,6.049,0.0,0.0
4457.81,5.941,0.0,0.0
4458.32,5.95,0.0,0.0
4458.83,5.95,0.0,0.0
4459.34,5.95,0.0,0.0
4459.85,5.95,0.0,0.0
4460.36,5.95,0.0,0.0
4460.87,5.95,0.0,0.0
4461.37,5.95,0.0,0.0
4461.88,5.95,0.0,0.0
4462.39,5.95,0.0,0.0
4462.9,5.95,0.0,0.0
4463.41,5.95,0.0,0.0
4463.91,5.95,0.0,0.0
4464.42,5.95,0.0,0.0
4464.93,5.95,0.0,0.0
4465.44,5.95,0.0,0.0
4465.95,5.95,0.0,0.0
4466.45,5.95,0.0,0.0
4466.96,5.95,0.0,0.0
4467.47,5.95,0.0,0.0
4467.98,5.95,0.0,0.0
4468.49,5.95,0.0,0.0
4468.99,5.95,0.0,0.0
4469.5,5.95,0.0,0.0
4470.01,5.95,0.0,0.0
4470.52,5.95,0.0,0.0
4471.03,5.95,0.0,0.0
4471.54,5.951,0.0,0.0
4472.05,5.968,0.0,0.0
4472.55,5.936,0.0,0.0
4473.06,5.943,0.0,0.0
4473.57,5.943,0.0,0.0
4474.08,6.082,0.0,0.0
4474.59,5.991,0.0,0.0
4475.1,5.92,0.0,0.0
4475.61,6.081,0.0,0.0
4476.11,6.325,0.0,0.0
4476.62,6.135,0.0,0.0
4477.13,6.199,0.0,0.0
4477.64,5.988,0.0,0.0
4478.15,6.118,0.0,0.0
4478.66,6.005,0.0,0.0
4479.17,5.96,0.0,0.0
4479.68,5.96,0.0,0.0
4480.19,5.96,0.0,0.0
4480.7,5.96,0.0,0.0
4481.21,5.96,0.0,0.0
4481.71,5.96,0.0,0.0
4482.22,5.96,0.0,0.0
4482.73,5.96,0.0,0.0
4483.24,5.96,0.0,0.0
4483.74,5.96,0.0,0.0
4484.25,5.96,0.0,0.0
4484.76,5.96,0.0,0.0
4485.26,5.96,0.0,0.0
4485.77,5.96,0.0,0.0
4486.28,5.96,0.0,0.0
4486.79,5.96,0.0,0.0
4487.3,5.96,0.0,0.0
4487.81,5.96,0.0,0.0
4488.32,5.96,0.0,0.0
4488.83,5.96,0.0,0.0
4489.33,6.027,0.0,0.0
4489.84,5.96,0.0,0.0
4490.35,5.96,0.0,0.0
4490.86,5.96,0.0,0.0
4491.37,5.96,0.0,0.0
4491.87,5.96,0.0,0.0
4492.38,5.96,0.0,0.0
4492.89,6.019,0.0,0.0
4493.4,5.949,0.0,0.0
4493.9,5.949,0.0,0.0
4494.41,6.236,0.0,0.0
4494.92,6.236,0.0,0.0
4495.43,6.492,0.0,0.0
4495.94,6.291,0.0,0.0
4496.45,6.466,0.0,0.0
4496.96,6.224,0.0,0.0
4497.47,5.958,0.0,0.0
4497.98,5.958,0.0,0.0
4498.49,5.958,0.0,0.0
4499.0,5.958,0.0,0.0
4499.5,5.958,0.0,0.0
4500.01,5.958,0.0,0.0
4500.52,5.958,0.0,0.0
4501.03,5.958,0.0,0.0
4501.54,5.958,0.0,0.0
4502.04,5.958,0.0,0.0
4502.55,5.958,0.0,0.0
4503.07,5.958,0.0,0.0
4503.57,5.958,0.0,0.0
4504.08,5.958,0.0,0.0
4504.59,5.958,0.0,0.0
4505.1,5.958,0.0,0.0
4505.61,5.958,0.0,0.0
4506.12,5.958,0.0,0.0
4506.63,5.958,0.0,0.0
4507.14,6.079,0.0,0.0
4507.65,6.027,0.0,0.0
4508.15,5.965,0.0,0.0
4508.66,5.94,0.0,0.0
4509.17,5.94,0.0,0.0
4509.68,5.94,0.0,0.0
4510.18,5.94,0.0,0.0
4510.69,5.94,0.0,0.0
4511.2,5.94,0.0,0.0
4511.7,5.94,0.0,0.0
4512.21,5.94,0.0,0.0
4512.72,5.94,0.0,0.0
4513.23,6.196,0.0,0.0
4513.74,6.178,0.0,0.0
4514.24,6.042,0.0,0.0
4514.76,5.944,0.0,0.0
4515.26,5.944,0.0,0.0
4515.77,5.944,0.0,0.0
4516.28,5.944,0.0,0.0
4516.79,5.944,0.0,0.0
4517.29,5.944,0.0,0.0
4517.8,5.944,0.0,0.0
4518.31,5.944,0.0,0.0
4518.81,5.944,0.0,0.0
4519.33,6.033,0.0,0.0
4519.83,6.006,0.0,0.0
4520.34,5.932,0.0,0.0
4520.85,5.932,0.0,0.0
4521.36,5.932,0.0,0.0
4521.87,5.932,0.0,0.0
4522.38,5.932,0.0,0.0
4522.88,5.932,0.0,0.0
4523.39,5.932,0.0,0.0
4523.9,5.932,0.0,0.0
4524.41,5.932,0.0,0.0
4524.91,5.932,0.0,0.0
4525.42,5.932,0.0,0.0
4525.93,5.932,0.0,0.0
4526.43,5.932,0.0,0.0
4526.94,5.932,0.0,0.0
4527.45,5.932,0.0,0.0
4527.96,5.932,0.0,0.0
4528.46,5.932,0.0,0.0
4528.97,5.932,0.0,0.0
4529.48,5.932,0.0,0.0
4529.99,5.932,0.0,0.0
4530.5,5.932,0.0,0.0
4531.0,5.932,0.0,0.0
4531.51,5.932,0.0,0.0
4532.02,5.932,0.0,0.0
4532.53,5.932,0.0,0.0
4533.04,5.932,0.0,0.0
4533.54,6.016,0.0,0.0
4534.05,5.927,0.0,0.0
4534.56,5.945,0.0,0.0
4535.07,5.945,0.0,0.0
4535.58,5.945,0.0,0.0
4536.09,5.945,0.0,0.0
4536.6,5.945,0.0,0.0
4537.1,5.945,0.0,0.0
4537.61,5.945,0.0,0.0
4538.12,5.945,0.0,0.0
4538.63,6.015,0.0,0.0
4539.14,5.986,0.0,0.0
4539.64,5.932,0.0,0.0
4540.15,5.932,0.0,0.0
4540.65,5.932,0.0,0.0
4541.16,5.932,0.0,0.0
4541.67,5.932,0.0,0.0
4542.17,5.932,0.0,0.0
4542.68,5.932,0.0,0.0
4543.19,5.932,0.0,0.0
4543.7,5.932,0.0,0.0
4544.21,5.932,0.0,0.0
4544.71,5.932,0.0,0.0
4545.22,5.932,0.0,0.0
4545.74,5.932,0.0,0.0
4546.24,5.932,0.0,0.0
4546.75,5.932,0.0,0.0
4547.25,6.016,0.0,0.0
4547.76,5.927,0.0,0.0
4548.27,5.907,0.0,0.0
4548.78,5.903,0.0,0.0
4549.29,5.92,0.0,0.0
4549.79,5.92,0.0,0.0
4550.3,5.92,0.0,0.0
4550.81,5.92,0.0,0.0
4551.32,5.92,0.0,0.0
4551.83,5.92,0.0,0.0
4552.33,5.92,0.0,0.0
4552.85,5.92,0.0,0.0
4553.35,5.92,0.0,0.0
4553.86,5.92,0.0,0.0
4554.37,5.92,0.0,0.0
4554.88,5.92,0.0,0.0
4555.39,5.92,0.0,0.0
4555.89,5.92,0.0,0.0
4556.4,5.92,0.0,0.0
4556.91,5.92,0.0,0.0
4557.42,5.92,0.0,0.0
4557.93,5.92,0.0,0.0
4558.44,5.92,0.0,0.0
4558.94,5.92,0.0,0.0
4559.45,5.92,0.0,0.0
4559.96,5.92,0.0,0.0
4560.47,5.92,0.0,0.0
4560.97,6.008,0.0,0.0
4561.48,6.155,0.0,0.0
4561.99,5.906,0.0,0.0
4562.5,5.928,0.0,0.0
4563.0,5.928,0.0,0.0
4563.51,5.928,0.0,0.0
4564.02,5.928,0.0,0.0
4564.53,5.928,0.0,0.0
4565.04,5.928,0.0,0.0
4565.55,5.928,0.0,0.0
4566.05,5.928,0.0,0.0
4566.56,5.928,0.0,0.0
4567.07,5.927,0.0,0.0
4567.57,6.198,0.0,0.0
4568.08,6.149,0.0,0.0
4568.59,6.007,0.0,0.0
4569.09,5.891,0.0,0.0
4569.6,5.891,0.0,0.0
4570.1,5.891,0.0,0.0
4570.61,5.891,0.0,0.0
4571.11,5.891,0.0,0.0
4571.62,6.171,0.0,0.0
4572.13,6.17,0.0,0.0
4572.64,5.941,0.0,0.0
4573.14,5.941,0.0,0.0
4573.65,5.941,0.0,0.0
4574.16,5.941,0.0,0.0
4574.67,5.941,0.0,0.0
4575.18,5.941,0.0,0.0
4575.69,5.941,0.0,0.0
4576.2,5.941,0.0,0.0
4576.71,5.941,0.0,0.0
4577.21,5.942,0.0,0.0
4577.72,5.942,0.0,0.0
4578.22,6.018,0.0,0.0
4578.73,6.116,0.0,0.0
4579.24,6.205,0.0,0.0
4579.75,6.044,0.0,0.0
4580.26,5.928,0.0,0.0
4580.76,5.928,0.0,0.0
4581.27,5.966,0.0,0.0
4581.78,6.084,0.0,0.0
4582.29,6.003,0.0,0.0
4582.8,5.93,0.0,0.0
4583.31,5.933,0.0,0.0
4583.82,5.933,0.0,0.0
4584.33,5.933,0.0,0.0
4584.83,5.933,0.0,0.0
4585.34,5.933,0.0,0.0
4585.85,5.933,0.0,0.0
4586.36,5.933,0.0,0.0
4586.87,5.933,0.0,0.0
4587.37,5.933,0.0,0.0
4587.88,5.933,0.0,0.0
4588.38,5.933,0.0,0.0
4588.89,5.933,0.0,0.0
4589.4,5.933,0.0,0.0
4589.9,5.933,0.0,0.0
4590.41,5.933,0.0,0.0
4590.92,5.933,0.0,0.0
4591.42,5.933,0.0,0.0
4591.93,6.051,0.0,0.0
4592.44,6.051,0.0,0.0
4592.95,5.915,0.0,0.0
4593.45,6.016,0.0,0.0
4593.96,5.933,0.0,0.0
4594.46,5.933,0.0,0.0
4594.97,5.933,0.0,0.0
4595.47,5.933,0.0,0.0
4595.98,5.933,0.0,0.0
4596.49,5.933,0.0,0.0
4597.0,5.933,0.0,0.0
4597.51,5.933,0.0,0.0
4598.02,5.933,0.0,0.0
4598.53,5.933,0.0,0.0
4599.03,5.933,0.0,0.0
4599.54,6.16,0.0,0.0
4600.05,6.182,0.0,0.0
4600.56,5.941,0.0,0.0
4601.07,6.026,0.0,0.0
4601.58,5.933,0.0,0.0
4602.09,6.118,0.0,0.0
4602.6,5.931,0.0,0.0
4603.11,6.03,0.0,0.0
4603.62,6.018,0.0,0.0
4604.13,5.923,0.0,0.0
4604.64,5.94,0.0,0.0
4605.15,5.94,0.0,0.0
4605.65,5.94,0.0,0.0
4606.16,5.94,0.0,0.0
4606.67,5.94,0.0,0.0
4607.18,5.94,0.0,0.0
4607.69,5.94,0.0,0.0
4608.2,5.94,0.0,0.0
4608.71,5.94,0.0,0.0
4609.21,5.94,0.0,0.0
4609.72,5.94,0.0,0.0
4610.23,5.94,0.0,0.0
4610.74,5.94,0.0,0.0
4611.24,5.94,0.0,0.0
4611.75,5.94,0.0,0.0
4612.26,5.94,0.0,0.0
4612.76,5.94,0.0,0.0
4613.27,5.94,0.0,0.0
4613.78,6.093,0.0,0.0
4614.29,6.147,0.0,0.0
4614.8,6.012,0.0,0.0
4615.31,5.942,0.0,0.0
4615.82,5.942,0.0,0.0
4616.33,5.942,0.0,0.0
4616.83,5.942,0.0,0.0
4617.34,5.942,0.0,0.0
4617.85,5.942,0.0,0.0
4618.36,5.942,0.0,0.0
4618.87,5.942,0.0,0.0
4619.38,5.942,0.0,0.0
4619.88,5.942,0.0,0.0
4620.38,5.942,0.0,0.0
4620.89,6.045,0.0,0.0
4621.4,6.172,0.0,0.0
4621.91,6.11,0.0,0.0
4622.42,6.039,0.0,0.0
4622.93,5.972,0.0,0.0
4623.43,5.972,0.0,0.0
4623.94,6.002,0.0,0.0
4624.45,5.972,0.0,0.0
4624.96,5.972,0.0,0.0
4625.47,5.972,0.0,0.0
4625.98,5.972,0.0,0.0
4626.49,5.972,0.0,0.0
4627.0,5.972,0.0,0.0
4627.51,5.972,0.0,0.0
4628.02,5.972,0.0,0.0
4628.53,5.972,0.0,0.0
4629.03,5.972,0.0,0.0
4629.54,5.972,0.0,0.0
4630.05,5.984,0.0,0.0
4630.55,6.022,0.0,0.0
4631.06,5.959,0.0,0.0
4631.56,5.959,0.0,0.0
4632.07,5.959,0.0,0.0
4632.58,5.959,0.0,0.0
4633.09,5.959,0.0,0.0
4633.6,5.959,0.0,0.0
4634.11,5.959,0.0,0.0
4634.62,5.959,0.0,0.0
4635.13,5.959,0.0,0.0
4635.63,6.0,0.0,0.0
4636.14,5.968,0.0,0.0
4636.65,5.968,0.0,0.0
4637.16,5.968,0.0,0.0
4637.66,5.968,0.0,0.0
4638.16,5.968,0.0,0.0
4638.67,5.968,0.0,0.0
4639.17,6.169,0.0,0.0
4639.68,6.034,0.0,0.0
4640.19,6.011,0.0,0.0
4640.69,5.943,0.0,0.0
4641.2,5.943,0.0,0.0
4641.7,6.01,0.0,0.0
4642.21,6.001,0.0,0.0
4642.72,5.934,0.0,0.0
4643.23,5.934,0.0,0.0
4643.73,5.934,0.0,0.0
4644.24,5.934,0.0,0.0
4644.75,5.923,0.0,0.0
4645.25,5.923,0.0,0.0
4645.76,5.923,0.0,0.0
4646.26,5.921,0.0,0.0
4646.77,5.921,0.0,0.0
4647.28,5.921,0.0,0.0
4647.79,5.921,0.0,0.0
4648.29,5.921,0.0,0.0
4648.8,5.921,0.0,0.0
4649.31,5.921,0.0,0.0
4649.81,5.921,0.0,0.0
4650.32,5.921,0.0,0.0
4650.83,5.921,0.0,0.0
4651.34,5.921,0.0,0.0
4651.85,6.06,0.0,0.0
4652.36,6.102,0.0,0.0
4652.86,5.904,0.0,0.0
4653.37,5.921,0.0,0.0
4653.88,5.921,0.0,0.0
4654.38,6.048,0.0,0.0
4654.89,6.088,0.0,0.0
4655.39,6.088,0.0,0.0
4655.9,5.93,0.0,0.0
4656.4,5.93,0.0,0.0
4656.91,5.93,0.0,0.0
4657.42,5.93,0.0,0.0
4657.93,5.93,0.0,0.0
4658.44,5.93,0.0,0.0
4658.94,5.93,0.0,0.0
4659.45,5.93,0.0,0.0
4659.96,5.93,0.0,0.0
4660.46,5.93,0.0,0.0
4660.97,5.93,0.0,0.0
4661.47,5.93,0.0,0.0
4661.98,5.93,0.0,0.0
4662.49,5.93,0.0,0.0
4663.0,5.93,0.0,0.0
4663.51,5.93,0.0,0.0
4664.02,5.93,0.0,0.0
4664.53,5.93,0.0,0.0
4665.04,5.93,0.0,0.0
4665.55,5.93,0.0,0.0
4666.06,5.93,0.0,0.0
4666.57,5.93,0.0,0.0
4667.08,5.93,0.0,0.0
4667.58,5.93,0.0,0.0
4668.09,5.93,0.0,0.0
4668.6,5.93,0.0,0.0
4669.1,5.93,0.0,0.0
4669.62,5.93,0.0,0.0
4670.13,5.93,0.0,0.0
4670.63,5.93,0.0,0.0
4671.14,6.001,0.0,0.0
4671.65,5.976,0.0,0.0
4672.16,5.917,0.0,0.0
4672.67,5.917,0.0,0.0
4673.18,6.058,0.0,0.0
4673.69,6.07,0.0,0.0
4674.19,6.02,0.0,0.0
4674.7,5.917,0.0,0.0
4675.21,5.917,0.0,0.0
4675.72,5.917,0.0,0.0
4676.22,5.917,0.0,0.0
4676.73,5.917,0.0,0.0
4677.24,5.917,0.0,0.0
4677.75,5.917,0.0,0.0
4678.25,5.917,0.0,0.0
4678.76,5.917,0.0,0.0
4679.27,5.917,0.0,0.0
4679.78,5.917,0.0,0.0
4680.29,5.917,0.0,0.0
4680.8,5.917,0.0,0.0
4681.31,5.917,0.0,0.0
4681.82,5.917,0.0,0.0
4682.33,5.917,0.0,0.0
4682.84,5.917,0.0,0.0
4683.34,5.917,0.0,0.0
4683.86,5.917,0.0,0.0
4684.37,5.917,0.0,0.0
4684.88,5.917,0.0,0.0
4685.39,5.917,0.0,0.0
4685.89,5.917,0.0,0.0
4686.4,5.917,0.0,0.0
4686.91,5.917,0.0,0.0
4687.41,5.917,0.0,0.0
4687.92,5.917,0.0,0.0
4688.43,5.917,0.0,0.0
4688.93,5.917,0.0,0.0
4689.44,5.917,0.0,0.0
4689.95,5.917,0.0,0.0
4690.46,5.917,0.0,0.0
4690.96,5.917,0.0,0.0
4691.47,5.917,0.0,0.0
4691.98,5.917,0.0,0.0
4692.48,5.947,0.0,0.0
4692.99,6.156,0.0,0.0
4693.5,5.977,0.0,0.0
4694.0,6.001,0.0,0.0
4694.51,5.93,0.0,0.0
4695.02,5.93,0.0,0.0
4695.52,5.93,0.0,0.0
4696.03,5.93,0.0,0.0
4696.54,5.93,0.0,0.0
4697.04,5.93,0.0,0.0
4697.55,5.93,0.0,0.0
4698.05,6.001,0.0,0.0
4698.56,5.913,0.0,0.0
4699.07,5.918,0.0,0.0
4699.58,5.918,0.0,0.0
4700.09,5.918,0.0,0.0
4700.59,5.918,0.0,0.0
4701.1,5.918,0.0,0.0
4701.61,5.918,0.0,0.0
4702.12,5.918,0.0,0.0
4702.62,5.918,0.0,0.0
4703.13,5.918,0.0,0.0
4703.64,5.918,0.0,0.0
4704.15,5.918,0.0,0.0
4704.66,5.918,0.0,0.0
4705.17,5.918,0.0,0.0
4705.67,5.918,0.0,0.0
4706.18,5.918,0.0,0.0
4706.69,5.918,0.0,0.0
4707.19,5.918,0.0,0.0
4707.7,5.918,0.0,0.0
4708.2,5.918,0.0,0.0
4708.71,5.918,0.0,0.0
4709.21,5.918,0.0,0.0
4709.72,5.918,0.0,0.0
4710.23,5.918,0.0,0.0
4710.73,6.126,0.0,0.0
4711.24,5.98,0.0,0.0
4711.74,5.906,0.0,0.0
4712.25,6.002,0.0,0.0
4712.75,6.006,0.0,0.0
4713.26,5.876,0.0,0.0
4713.77,5.876,0.0,0.0
4714.27,5.643,0.0,0.0
4714.78,5.494,0.0,0.0
4715.28,5.494,0.0,0.0
4715.79,5.494,0.0,0.0
4716.29,5.266,0.0,0.0
4716.8,5.107,0.0,0.0
4717.31,5.079,0.0,0.0
4717.81,5.079,0.0,0.0
4718.32,5.048,0.0,0.0
4718.83,5.048,0.0,0.0
4719.34,5.046,0.0,0.0
4719.85,5.047,0.0,0.0
4720.36,5.047,0.0,0.0
4720.87,5.047,0.0,0.0
4721.37,5.047,0.0,0.0
4721.88,5.047,0.0,0.0
4722.39,5.047,0.0,0.0
4722.9,5.047,0.0,0.0
4723.41,5.143,0.0,0.0
4723.91,5.047,0.0,0.0
4724.42,5.059,0.0,0.0
4724.93,5.059,0.0,0.0
4725.44,5.059,0.0,0.0
4725.95,5.059,0.0,0.0
4726.45,5.059,0.0,0.0
4726.96,5.059,0.0,0.0
4727.47,5.059,0.0,0.0
4727.98,5.059,0.0,0.0
4728.49,5.06,0.0,0.0
4729.0,5.06,0.0,0.0
4729.51,5.06,0.0,0.0
4730.02,5.06,0.0,0.0
4730.52,5.06,0.0,0.0
4731.03,5.06,0.0,0.0
4731.54,5.06,0.0,0.0
4732.05,5.06,0.0,0.0
4732.56,5.06,0.0,0.0
4733.06,5.06,0.0,0.0
4733.57,5.06,0.0,0.0
4734.08,5.06,0.0,0.0
4734.58,5.06,0.0,0.0
4735.09,5.06,0.0,0.0
4735.6,5.06,0.0,0.0
4736.11,5.06,0.0,0.0
4736.62,5.06,0.0,0.0
4737.12,5.06,0.0,0.0
4737.63,5.06,0.0,0.0
4738.14,5.06,0.0,0.0
4738.65,5.06,0.0,0.0
4739.16,5.127,0.0,0.0
4739.67,5.09,0.0,0.0
4740.17,5.215,0.0,0.0
4740.68,5.215,0.0,0.0
4741.19,5.078,0.0,0.0
4741.7,5.078,0.0,0.0
4742.2,5.078,0.0,0.0
4742.71,5.195,0.0,0.0
4743.22,5.052,0.0,0.0
4743.73,5.164,0.0,0.0
4744.24,5.156,0.0,0.0
4744.75,5.258,0.0,0.0
4745.25,5.127,0.0,0.0
4745.76,5.068,0.0,0.0
4746.27,5.068,0.0,0.0
4746.78,5.068,0.0,0.0
4747.29,5.068,0.0,0.0
4747.8,5.068,0.0,0.0
4748.31,5.068,0.0,0.0
4748.82,5.068,0.0,0.0
4749.32,5.068,0.0,0.0
4749.83,5.068,0.0,0.0
4750.34,5.068,0.0,0.0
4750.85,5.068,0.0,0.0
4751.36,5.068,0.0,0.0
4751.86,5.068,0.0,0.0
4752.37,5.068,0.0,0.0
4752.88,5.068,0.0,0.0
4753.39,5.068,0.0,0.0
4753.89,5.068,0.0,0.0
4754.4,5.068,0.0,0.0
4754.91,5.068,0.0,0.0
4755.42,5.068,0.0,0.0
4755.93,5.068,0.0,0.0
4756.43,5.069,0.0,0.0
4756.94,5.069,0.0,0.0
4757.45,5.069,0.0,0.0
4757.96,5.069,0.0,0.0
4758.46,5.069,0.0,0.0
4758.97,5.069,0.0,0.0
4759.48,5.069,0.0,0.0
4759.99,5.069,0.0,0.0
4760.5,5.236,0.0,0.0
4761.01,5.306,0.0,0.0
4761.52,5.126,0.0,0.0
4762.03,5.077,0.0,0.0
4762.54,5.077,0.0,0.0
4763.05,5.077,0.0,0.0
4763.56,5.078,0.0,0.0
4764.07,5.078,0.0,0.0
4764.58,5.145,0.0,0.0
4765.09,5.148,0.0,0.0
4765.59,5.052,0.0,0.0
4766.1,5.065,0.0,0.0
4766.61,5.065,0.0,0.0
4767.12,5.065,0.0,0.0
4767.63,5.065,0.0,0.0
4768.14,5.065,0.0,0.0
4768.65,5.065,0.0,0.0
4769.16,5.065,0.0,0.0
4769.67,5.065,0.0,0.0
4770.18,5.15,0.0,0.0
4770.69,5.152,0.0,0.0
4771.19,5.065,0.0,0.0
4771.69,5.065,0.0,0.0
4772.21,5.065,0.0,0.0
4772.72,5.065,0.0,0.0
4773.23,5.065,0.0,0.0
4773.74,5.065,0.0,0.0
4774.24,5.065,0.0,0.0
4774.75,5.065,0.0,0.0
4775.26,5.065,0.0,0.0
4775.76,5.065,0.0,0.0
4776.27,5.065,0.0,0.0
4776.78,5.065,0.0,0.0
4777.29,5.065,0.0,0.0
4777.79,5.065,0.0,0.0
4778.3,5.065,0.0,0.0
4778.81,5.065,0.0,0.0
4779.32,5.065,0.0,0.0
4779.82,5.065,0.0,0.0
4780.33,5.065,0.0,0.0
4780.84,5.065,0.0,0.0
4781.35,5.289,0.0,0.0
4781.86,5.475,0.0,0.0
4782.36,5.06,0.0,0.0
4782.87,5.08,0.0,0.0
4783.38,5.08,0.0,0.0
4783.89,5.08,0.0,0.0
4784.39,5.08,0.0,0.0
4784.89,5.147,0.0,0.0
4785.4,5.08,0.0,0.0
4785.91,5.08,0.0,0.0
4786.42,5.08,0.0,0.0
4786.92,5.08,0.0,0.0
4787.43,5.08,0.0,0.0
4787.94,5.08,0.0,0.0
4788.45,5.08,0.0,0.0
4788.96,5.08,0.0,0.0
4789.46,5.148,0.0,0.0
4789.97,5.169,0.0,0.0
4790.48,5.201,0.0,0.0
4790.98,5.081,0.0,0.0
4791.49,5.081,0.0,0.0
4791.99,5.081,0.0,0.0
4792.5,5.081,0.0,0.0
4793.01,5.291,0.0,0.0
4793.52,5.29,0.0,0.0
4794.03,5.056,0.0,0.0
4794.53,5.143,0.0,0.0
4795.04,5.026,0.0,0.0
4795.55,5.033,0.0,0.0
4796.06,4.945,0.0,0.0
4796.57,4.934,0.0,0.0
4797.08,4.866,0.0,0.0
4797.59,4.855,0.0,0.0
4798.1,4.798,0.0,0.0
4798.61,4.798,0.0,0.0
4799.12,4.926,0.0,0.0
4799.63,4.913,0.0,0.0
4800.14,4.778,0.0,0.0
4800.65,4.778,0.0,0.0
4801.16,4.778,0.0,0.0
4801.66,4.778,0.0,0.0
4802.17,4.771,0.0,0.0
4802.68,4.771,0.0,0.0
4803.19,4.77,0.0,0.0
4803.7,4.77,0.0,0.0
4804.21,4.771,0.0,0.0
4804.71,4.771,0.0,0.0
4805.22,4.771,0.0,0.0
4805.73,4.771,0.0,0.0
4806.24,4.771,0.0,0.0
4806.75,4.771,0.0,0.0
4807.26,4.771,0.0,0.0
4807.77,4.771,0.0,0.0
4808.28,4.771,0.0,0.0
4808.78,4.771,0.0,0.0
4809.29,4.771,0.0,0.0
4809.8,4.771,0.0,0.0
4810.31,4.839,0.0,0.0
4810.82,4.855,0.0,0.0
4811.33,4.767,0.0,0.0
4811.84,4.746,0.0,0.0
4812.35,4.763,0.0,0.0
4812.86,4.763,0.0,0.0
4813.37,4.763,0.0,0.0
4813.88,4.763,0.0,0.0
4814.39,4.763,0.0,0.0
4814.9,4.763,0.0,0.0
4815.41,4.763,0.0,0.0
4815.92,4.763,0.0,0.0
4816.43,4.763,0.0,0.0
4816.94,4.763,0.0,0.0
4817.44,4.763,0.0,0.0
4817.95,4.843,0.0,0.0
4818.46,4.835,0.0,0.0
4818.96,4.899,0.0,0.0
4819.47,4.809,0.0,0.0
4819.98,4.759,0.0,0.0
4820.49,4.759,0.0,0.0
4821.0,4.759,0.0,0.0
4821.5,4.759,0.0,0.0
4822.01,4.76,0.0,0.0
4822.52,4.76,0.0,0.0
4823.03,4.76,0.0,0.0
4823.54,4.76,0.0,0.0
4824.05,4.76,0.0,0.0
4824.56,4.76,0.0,0.0
4825.06,4.76,0.0,0.0
4825.57,4.76,0.0,0.0
4826.07,4.76,0.0,0.0
4826.58,4.76,0.0,0.0
4827.09,4.76,0.0,0.0
4827.6,4.76,0.0,0.0
4828.11,4.76,0.0,0.0
4828.61,4.76,0.0,0.0
4829.12,4.76,0.0,0.0
4829.63,4.76,0.0,0.0
4830.14,4.76,0.0,0.0
4830.65,4.76,0.0,0.0
4831.15,4.827,0.0,0.0
4831.66,4.761,0.0,0.0
4832.17,4.761,0.0,0.0
4832.67,4.761,0.0,0.0
4833.18,4.829,0.0,0.0
4833.68,4.892,0.0,0.0
4834.19,4.735,0.0,0.0
4834.7,4.748,0.0,0.0
4835.21,4.748,0.0,0.0
4835.72,4.748,0.0,0.0
4836.23,4.748,0.0,0.0
4836.74,4.748,0.0,0.0
4837.25,4.748,0.0,0.0
4837.76,4.748,0.0,0.0
4838.27,4.748,0.0,0.0
4838.78,4.831,0.0,0.0
4839.29,4.736,0.0,0.0
4839.79,4.749,0.0,0.0
4840.3,4.749,0.0,0.0
4840.81,4.92,0.0,0.0
4841.32,4.829,0.0,0.0
4841.83,4.83,0.0,0.0
4842.33,4.762,0.0,0.0
4842.83,4.762,0.0,0.0
4843.34,4.762,0.0,0.0
4843.85,4.762,0.0,0.0
4844.36,4.762,0.0,0.0
4844.87,4.762,0.0,0.0
4845.38,4.762,0.0,0.0
4845.88,4.762,0.0,0.0
4846.39,4.762,0.0,0.0
4846.9,4.762,0.0,0.0
4847.4,4.762,0.0,0.0
4847.91,4.762,0.0,0.0
4848.42,4.762,0.0,0.0
4848.92,4.762,0.0,0.0
4849.43,4.762,0.0,0.0
4849.94,4.762,0.0,0.0
4850.44,4.762,0.0,0.0
4850.95,4.762,0.0,0.0
4851.46,4.762,0.0,0.0
4851.98,4.763,0.0,0.0
4852.48,4.763,0.0,0.0
4852.99,4.763,0.0,0.0
4853.5,4.763,0.0,0.0
4854.0,4.763,0.0,0.0
4854.51,4.763,0.0,0.0
4855.01,4.763,0.0,0.0
4855.53,4.763,0.0,0.0
4856.03,4.763,0.0,0.0
4856.54,4.763,0.0,0.0
4857.05,4.975,0.0,0.0
4857.55,5.054,0.0,0.0
4858.06,4.869,0.0,0.0
4858.57,4.759,0.0,0.0
4859.08,4.759,0.0,0.0
4859.59,4.759,0.0,0.0
4860.1,4.759,0.0,0.0
4860.61,4.915,0.0,0.0
4861.12,5.069,0.0,0.0
4861.63,4.912,0.0,0.0
4862.14,4.772,0.0,0.0
4862.65,4.772,0.0,0.0
4863.16,4.772,0.0,0.0
4863.67,4.772,0.0,0.0
4864.18,4.772,0.0,0.0
4864.69,4.772,0.0,0.0
4865.2,4.772,0.0,0.0
4865.71,4.772,0.0,0.0
4866.22,4.772,0.0,0.0
4866.72,4.772,0.0,0.0
4867.23,4.772,0.0,0.0
4867.74,4.772,0.0,0.0
4868.25,4.772,0.0,0.0
4868.76,4.772,0.0,0.0
4869.27,4.772,0.0,0.0
4869.78,4.772,0.0,0.0
4870.28,4.773,0.0,0.0
4870.79,4.773,0.0,0.0
4871.29,4.932,0.0,0.0
4871.8,4.932,0.0,0.0
4872.31,4.748,0.0,0.0
4872.81,4.802,0.0,0.0
4873.32,4.817,0.0,0.0
4873.83,4.912,0.0,0.0
4874.35,4.816,0.0,0.0
4874.85,5.07,0.0,0.0
4875.36,4.867,0.0,0.0
4875.87,4.982,0.0,0.0
4876.38,4.832,0.0,0.0
4876.89,4.777,0.0,0.0
4877.4,4.777,0.0,0.0
4877.91,4.777,0.0,0.0
4878.42,4.777,0.0,0.0
4878.93,4.777,0.0,0.0
4879.43,4.777,0.0,0.0
4879.94,4.777,0.0,0.0
4880.45,4.777,0.0,0.0
4880.96,4.777,0.0,0.0
4881.47,4.777,0.0,0.0
4881.97,4.777,0.0,0.0
4882.48,4.777,0.0,0.0
4882.99,4.777,0.0,0.0
4883.49,4.777,0.0,0.0
4884.0,4.777,0.0,0.0
4884.51,4.777,0.0,0.0
4885.02,4.778,0.0,0.0
4885.53,4.778,0.0,0.0
4886.03,4.778,0.0,0.0
4886.54,4.778,0.0,0.0
4887.05,4.778,0.0,0.0
4887.56,4.778,0.0,0.0
4888.07,4.917,0.0,0.0
4888.58,4.753,0.0,0.0
4889.09,4.765,0.0,0.0
4889.59,4.765,0.0,0.0
4890.1,4.765,0.0,0.0
4890.61,4.849,0.0,0.0
4891.12,4.753,0.0,0.0
4891.63,4.765,0.0,0.0
4892.13,4.765,0.0,0.0
4892.64,4.765,0.0,0.0
4893.15,4.765,0.0,0.0
4893.66,4.765,0.0,0.0
4894.17,4.766,0.0,0.0
4894.68,4.766,0.0,0.0
4895.19,4.804,0.0,0.0
4895.69,4.824,0.0,0.0
4896.2,4.975,0.0,0.0
4896.71,4.945,0.0,0.0
4897.22,4.767,0.0,0.0
4897.73,4.767,0.0,0.0
4898.24,4.767,0.0,0.0
4898.76,4.767,0.0,0.0
4899.27,4.767,0.0,0.0
4899.77,4.767,0.0,0.0
4900.28,4.767,0.0,0.0
4900.79,4.767,0.0,0.0
4901.3,4.767,0.0,0.0
4901.81,4.767,0.0,0.0
4902.32,4.767,0.0,0.0
4902.83,4.767,0.0,0.0
4903.34,4.767,0.0,0.0
4903.85,4.767,0.0,0.0
4904.35,4.767,0.0,0.0
4904.86,4.767,0.0,0.0
4905.36,4.768,0.0,0.0
4905.87,4.768,0.0,0.0
4906.39,4.768,0.0,0.0
4906.9,4.768,0.0,0.0
4907.4,4.768,0.0,0.0
4907.91,4.768,0.0,0.0
4908.42,4.768,0.0,0.0
4908.93,4.768,0.0,0.0
4909.43,4.768,0.0,0.0
4909.95,4.856,0.0,0.0
4910.45,4.832,0.0,0.0
4910.96,4.768,0.0,0.0
4911.47,4.768,0.0,0.0
4911.98,4.917,0.0,0.0
4912.49,4.751,0.0,0.0
4913.0,4.764,0.0,0.0
4913.51,4.764,0.0,0.0
4914.02,4.764,0.0,0.0
4914.53,4.764,0.0,0.0
4915.03,4.832,0.0,0.0
4915.54,4.764,0.0,0.0
4916.05,4.864,0.0,0.0
4916.55,4.839,0.0,0.0
4917.06,4.764,0.0,0.0
4917.57,4.764,0.0,0.0
4918.08,4.764,0.0,0.0
4918.59,4.764,0.0,0.0
4919.1,4.765,0.0,0.0
4919.61,4.765,0.0,0.0
4920.11,4.765,0.0,0.0
4920.62,4.765,0.0,0.0
4921.13,4.765,0.0,0.0
4921.64,4.765,0.0,0.0
4922.15,4.765,0.0,0.0
4922.66,4.765,0.0,0.0
4923.16,4.765,0.0,0.0
4923.67,4.765,0.0,0.0
4924.18,4.765,0.0,0.0
4924.68,4.765,0.0,0.0
4925.19,4.765,0.0,0.0
4925.7,4.765,0.0,0.0
4926.21,4.765,0.0,0.0
4926.72,4.765,0.0,0.0
4927.23,4.765,0.0,0.0
4927.73,4.766,0.0,0.0
4928.24,4.766,0.0,0.0
4928.75,4.766,0.0,0.0
4929.25,4.766,0.0,0.0
4929.76,4.854,0.0,0.0
4930.26,4.788,0.0,0.0
4930.77,4.934,0.0,0.0
4931.28,4.796,0.0,0.0
4931.79,4.772,0.0,0.0
4932.3,4.772,0.0,0.0
4932.81,4.772,0.0,0.0
4933.31,4.772,0.0,0.0
4933.82,4.772,0.0,0.0
4934.33,4.772,0.0,0.0
4934.84,4.772,0.0,0.0
4935.34,4.772,0.0,0.0
4935.85,4.773,0.0,0.0
4936.36,4.773,0.0,0.0
4936.87,4.773,0.0,0.0
4937.38,4.773,0.0,0.0
4937.88,4.773,0.0,0.0
4938.39,4.773,0.0,0.0
4938.9,4.773,0.0,0.0
4939.41,4.773,0.0,0.0
4939.92,4.773,0.0,0.0
4940.43,4.773,0.0,0.0
4940.94,4.773,0.0,0.0
4941.45,4.773,0.0,0.0
4941.96,4.773,0.0,0.0
4942.47,4.773,0.0,0.0
4942.98,4.773,0.0,0.0
4943.49,4.773,0.0,0.0
4944.0,4.773,0.0,0.0
4944.51,4.773,0.0,0.0
4945.01,4.774,0.0,0.0
4945.52,4.774,0.0,0.0
4946.03,4.774,0.0,0.0
4946.54,4.774,0.0,0.0
4947.05,4.774,0.0,0.0
4947.56,4.774,0.0,0.0
4948.06,4.774,0.0,0.0
4948.57,4.78,0.0,0.0
4949.07,4.847,0.0,0.0
4949.58,4.759,0.0,0.0
4950.09,4.76,0.0,0.0
4950.59,4.76,0.0,0.0
4951.1,4.915,0.0,0.0
4951.61,4.76,0.0,0.0
4952.11,4.76,0.0,0.0
4952.62,4.76,0.0,0.0
4953.12,4.76,0.0,0.0
4953.63,4.76,0.0,0.0
4954.14,4.76,0.0,0.0
4954.65,4.76,0.0,0.0
4955.16,4.76,0.0,0.0
4955.67,4.76,0.0,0.0
4956.18,4.76,0.0,0.0
4956.68,4.76,0.0,0.0
4957.19,4.761,0.0,0.0
4957.7,4.761,0.0,0.0
4958.22,4.761,0.0,0.0
4958.73,4.761,0.0,0.0
4959.23,4.761,0.0,0.0
4959.74,4.761,0.0,0.0
4960.25,4.761,0.0,0.0
4960.75,4.761,0.0,0.0
4961.26,4.761,0.0,0.0
4961.77,4.761,0.0,0.0
4962.28,4.761,0.0,0.0
4962.78,4.761,0.0,0.0
4963.29,4.761,0.0,0.0
4963.8,4.761,0.0,0.0
4964.3,4.761,0.0,0.0
4964.81,4.761,0.0,0.0
4965.32,4.845,0.0,0.0
4965.82,4.932,0.0,0.0
4966.33,4.758,0.0,0.0
4966.84,4.761,0.0,0.0
4967.34,4.761,0.0,0.0
4967.85,4.761,0.0,0.0
4968.36,4.762,0.0,0.0
4968.86,4.762,0.0,0.0
4969.36,4.762,0.0,0.0
4969.88,4.762,0.0,0.0
4970.38,4.762,0.0,0.0
4970.89,4.762,0.0,0.0
4971.4,4.762,0.0,0.0
4971.9,4.762,0.0,0.0
4972.41,4.762,0.0,0.0
4972.92,4.762,0.0,0.0
4973.42,4.762,0.0,0.0
4973.94,4.762,0.0,0.0
4974.44,4.762,0.0,0.0
4974.95,4.762,0.0,0.0
4975.45,4.762,0.0,0.0
4975.96,4.762,0.0,0.0
4976.48,4.762,0.0,0.0
4976.98,4.762,0.0,0.0
4977.49,4.762,0.0,0.0
4978.0,4.762,0.0,0.0
4978.51,4.762,0.0,0.0
4979.01,4.762,0.0,0.0
4979.53,4.762,0.0,0.0
4980.04,4.762,0.0,0.0
4980.55,4.762,0.0,0.0
4981.05,4.762,0.0,0.0
4981.56,4.762,0.0,0.0
4982.07,4.762,0.0,0.0
4982.57,4.762,0.0,0.0
4983.08,4.762,0.0,0.0
4983.59,4.762,0.0,0.0
4984.1,4.887,0.0,0.0
4984.61,4.846,0.0,0.0
4985.11,4.8,0.0,0.0
4985.62,4.763,0.0,0.0
4986.13,4.763,0.0,0.0
4986.64,4.763,0.0,0.0
4987.14,4.763,0.0,0.0
4987.65,4.763,0.0,0.0
4988.16,4.763,0.0,0.0
4988.67,4.763,0.0,0.0
4989.18,4.763,0.0,0.0
4989.69,4.763,0.0,0.0
4990.19,4.763,0.0,0.0
4990.71,4.763,0.0,0.0
4991.22,4.763,0.0,0.0
4991.73,4.763,0.0,0.0
4992.24,4.763,0.0,0.0
4992.74,4.763,0.0,0.0
4993.25,4.763,0.0,0.0
4993.76,4.763,0.0,0.0
4994.26,4.763,0.0,0.0
4994.77,4.763,0.0,0.0
4995.28,4.763,0.0,0.0
4995.79,4.763,0.0,0.0
4996.29,4.763,0.0,0.0
4996.8,4.763,0.0,0.0
4997.3,4.763,0.0,0.0
4997.81,4.763,0.0,0.0
4998.32,4.763,0.0,0.0
4998.83,4.763,0.0,0.0
4999.34,4.763,0.0,0.0
4999.85,4.764,0.0,0.0
5000.36,4.764,0.0,0.0
5000.86,4.764,0.0,0.0
5001.37,4.764,0.0,0.0
5001.88,4.764,0.0,0.0
5002.38,4.764,0.0,0.0
5002.89,4.775,0.0,0.0
5003.39,4.923,0.0,0.0
5003.91,5.175,0.0,0.0
5004.42,5.493,0.0,0.0
5004.93,5.759,0.0,0.0
5005.45,5.952,0.0,0.0
5005.95,6.295,0.0,0.0
5006.46,4.116,0.0,0.0
5007.3,1.923,0.0,0.0
5009.78,2.205,0.0,0.0
5010.28,2.205,0.0,0.0
5010.79,2.205,0.0,0.0
5011.3,2.205,0.0,0.0
5011.81,2.205,0.0,0.0
5012.32,2.205,0.0,0.0
5012.83,2.205,0.0,0.0
5013.34,2.205,0.0,0.0
5013.85,2.205,0.0,0.0
5014.36,2.205,0.0,0.0
5014.87,2.205,0.0,0.0
5015.37,2.205,0.0,0.0
5015.88,2.205,0.0,0.0
5016.39,2.205,0.0,0.0
5016.9,2.205,0.0,0.0
5017.41,2.205,0.0,0.0
5017.92,2.205,0.0,0.0
5018.43,2.206,0.0,0.0
5018.94,2.206,0.0,0.0
5019.45,2.206,0.0,0.0
5019.96,2.208,0.0,0.0
5020.47,2.208,0.0,0.0
5020.98,2.208,0.0,0.0
5021.49,2.208,0.0,0.0
5021.99,2.208,0.0,0.0
5022.5,2.208,0.0,0.0
5023.01,2.208,0.0,0.0
5023.52,2.209,0.0,0.0
5024.03,2.209,0.0,0.0
5024.54,2.209,0.0,0.0
5025.05,2.209,0.0,0.0
5025.56,2.209,0.0,0.0
5026.07,2.209,0.0,0.0
5026.58,2.209,0.0,0.0
5027.09,2.21,0.0,0.0
5027.6,2.214,0.0,0.0
5028.11,2.215,0.0,0.0
5028.61,2.219,0.0,0.0
5029.12,2.22,0.0,0.0
5029.63,2.221,0.0,0.0
5030.14,2.225,0.0,0.0
5030.65,2.226,0.0,0.0
5031.16,2.23,0.0,0.0
5031.67,2.231,0.0,0.0
5032.18,2.232,0.0,0.0
5032.69,2.232,0.0,0.0
5033.2,2.232,0.0,0.0
5033.71,2.232,0.0,0.0
5034.22,2.232,0.0,0.0
5034.73,2.232,0.0,0.0
5035.23,2.232,0.0,0.0
5035.74,2.232,0.0,0.0
5036.25,2.233,0.0,0.0
5036.76,2.235,0.0,0.0
5037.27,2.235,0.0,0.0
5037.78,2.235,0.0,0.0
5038.29,2.236,0.0,0.0
5038.8,2.236,0.0,0.0
5039.31,2.236,0.0,0.0
5039.82,2.236,0.0,0.0
5040.33,2.236,0.0,0.0
5040.84,2.236,0.0,0.0
5041.34,2.236,0.0,0.0
5041.85,2.236,0.0,0.0
5042.36,2.236,0.0,0.0
5042.87,2.237,0.0,0.0
5043.38,2.237,0.0,0.0
5043.89,2.237,0.0,0.0
5044.4,2.237,0.0,0.0
5044.91,2.237,0.0,0.0
5045.42,2.237,0.0,0.0
5045.93,2.237,0.0,0.0
5046.44,2.237,0.0,0.0
5046.95,2.237,0.0,0.0
5047.45,2.238,0.0,0.0
5047.96,2.238,0.0,0.0
5048.47,2.238,0.0,0.0
5048.98,2.238,0.0,0.0
5049.49,2.238,0.0,0.0
5050.0,2.241,0.0,0.0
5050.51,2.241,0.0,0.0
5051.02,2.241,0.0,0.0
5051.53,2.241,0.0,0.0
5052.04,2.241,0.0,0.0
5052.55,2.241,0.0,0.0
5053.06,2.241,0.0,0.0
5053.57,2.242,0.0,0.0
5054.08,2.243,0.0,0.0
5054.59,2.247,0.0,0.0
5055.1,2.248,0.0,0.0
5055.61,2.249,0.0,0.0
5056.12,2.252,0.0,0.0
5056.62,2.253,0.0,0.0
5057.13,2.255,0.0,0.0
5057.64,2.259,0.0,0.0
5058.15,2.26,0.0,0.0
5058.66,2.263,0.0,0.0
5059.17,2.264,0.0,0.0
5059.68,2.265,0.0,0.0
5060.19,2.268,0.0,0.0
5060.7,2.269,0.0,0.0
5061.21,2.27,0.0,0.0
5061.72,2.271,0.0,0.0
5062.23,2.274,0.0,0.0
5062.74,2.275,0.0,0.0
5063.25,2.276,0.0,0.0
5063.76,2.277,0.0,0.0
5064.27,2.28,0.0,0.0
5064.78,2.281,0.0,0.0
5065.29,2.282,0.0,0.0
5065.8,2.286,0.0,0.0
5066.31,2.287,0.0,0.0
5066.82,2.288,0.0,0.0
5067.33,2.291,0.0,0.0
5067.83,2.292,0.0,0.0
5068.34,2.293,0.0,0.0
5068.85,2.297,0.0,0.0
5069.36,2.298,0.0,0.0
5069.87,2.307,0.0,0.0
5070.38,2.308,0.0,0.0
5070.89,2.309,0.0,0.0
5071.4,2.311,0.0,0.0
5071.91,2.313,0.0,0.0
5072.42,2.314,0.0,0.0
5072.92,2.318,0.0,0.0
5073.43,2.319,0.0,0.0
5073.94,2.32,0.0,0.0
5074.45,2.324,0.0,0.0
5074.96,2.325,0.0,0.0
5075.47,2.326,0.0,0.0
5075.98,2.329,0.0,0.0
5076.49,2.33,0.0,0.0
5077.0,2.331,0.0,0.0
5077.51,2.332,0.0,0.0
5078.02,2.335,0.0,0.0
5078.53,2.336,0.0,0.0
5079.04,2.337,0.0,0.0
5079.55,2.34,0.0,0.0
5080.06,2.341,0.0,0.0
5080.57,2.343,0.0,0.0
5081.08,2.346,0.0,0.0
5081.59,2.347,0.0,0.0
5082.1,2.351,0.0,0.0
5082.61,2.352,0.0,0.0
5083.12,2.353,0.0,0.0
5083.63,2.356,0.0,0.0
5084.14,2.357,0.0,0.0
5084.65,2.361,0.0,0.0
5085.16,2.362,0.0,0.0
5085.67,2.363,0.0,0.0
5086.18,2.368,0.0,0.0
5086.69,2.369,0.0,0.0
5087.2,2.372,0.0,0.0
5087.71,2.374,0.0,0.0
5088.22,2.375,0.0,0.0
5088.73,2.379,0.0,0.0
5089.24,2.38,0.0,0.0
5089.75,2.383,0.0,0.0
5090.26,2.384,0.0,0.0
5090.77,2.386,0.0,0.0
5091.28,2.389,0.0,0.0
5091.79,2.391,0.0,0.0
5092.3,2.394,0.0,0.0
5092.81,2.396,0.0,0.0
5093.32,2.397,0.0,0.0
5093.83,2.4,0.0,0.0
5094.34,2.402,0.0,0.0
5094.85,2.405,0.0,0.0
5095.36,2.407,0.0,0.0
5095.87,2.408,0.0,0.0
5096.37,2.411,0.0,0.0
5096.88,2.413,0.0,0.0
5097.39,2.416,0.0,0.0
5097.9,2.418,0.0,0.0
5098.41,2.421,0.0,0.0
5098.92,2.422,0.0,0.0
5099.43,2.424,0.0,0.0
5099.94,2.428,0.0,0.0
5100.45,2.429,0.0,0.0
5100.96,2.43,0.0,0.0
5101.47,2.434,0.0,0.0
5101.98,2.435,0.0,0.0
5102.49,2.439,0.0,0.0
5103.0,2.44,0.0,0.0
5103.51,2.442,0.0,0.0
5104.02,2.445,0.0,0.0
5104.53,2.446,0.0,0.0
5105.03,2.45,0.0,0.0
5105.54,2.451,0.0,0.0
5106.05,2.452,0.0,0.0
5106.56,2.456,0.0,0.0
5107.07,2.457,0.0,0.0
5107.58,2.461,0.0,0.0
5108.09,2.462,0.0,0.0
5108.6,2.466,0.0,0.0
5109.11,2.467,0.0,0.0
5109.62,2.468,0.0,0.0
5110.13,2.472,0.0,0.0
5110.64,2.473,0.0,0.0
5111.15,2.477,0.0,0.0
5111.66,2.478,0.0,0.0
5112.17,2.48,0.0,0.0
5112.68,2.483,0.0,0.0
5113.19,2.484,0.0,0.0
5113.7,2.488,0.0,0.0
5114.21,2.489,0.0,0.0
5114.72,2.49,0.0,0.0
5115.23,2.494,0.0,0.0
5115.74,2.495,0.0,0.0
5116.25,2.499,0.0,0.0
5116.76,2.5,0.0,0.0
5117.27,2.501,0.0,0.0
5117.78,2.505,0.0,0.0
5118.29,2.506,0.0,0.0
5118.8,2.51,0.0,0.0
5119.31,2.511,0.0,0.0
5119.81,2.512,0.0,0.0
5120.32,2.516,0.0,0.0
5120.83,2.517,0.0,0.0
5121.34,2.521,0.0,0.0
5121.85,2.522,0.0,0.0
5122.36,2.525,0.0,0.0
5122.87,2.528,0.0,0.0
5123.38,2.53,0.0,0.0
5123.89,2.533,0.0,0.0
5124.4,2.534,0.0,0.0
5124.91,2.535,0.0,0.0
5125.42,2.539,0.0,0.0
5125.93,2.54,0.0,0.0
5126.44,2.544,0.0,0.0
5126.95,2.545,0.0,0.0
5127.46,2.549,0.0,0.0
5127.97,2.55,0.0,0.0
5128.48,2.552,0.0,0.0
5128.99,2.555,0.0,0.0
5129.5,2.556,0.0,0.0
5130.01,2.56,0.0,0.0
5130.52,2.561,0.0,0.0
5131.02,2.563,0.0,0.0
5131.53,2.566,0.0,0.0
5132.05,2.568,0.0,0.0
5132.56,2.571,0.0,0.0
5133.07,2.572,0.0,0.0
5133.57,2.574,0.0,0.0
5134.08,2.577,0.0,0.0
5134.59,2.578,0.0,0.0
5135.1,2.582,0.0,0.0
5135.61,2.583,0.0,0.0
5136.12,2.584,0.0,0.0
5136.63,2.588,0.0,0.0
5137.14,2.589,0.0,0.0
5137.65,2.593,0.0,0.0
5138.16,2.594,0.0,0.0
5138.67,2.596,0.0,0.0
5139.18,2.599,0.0,0.0
5139.69,2.6,0.0,0.0
5140.2,2.604,0.0,0.0
5140.71,2.605,0.0,0.0
5141.22,2.606,0.0,0.0
5141.73,2.61,0.0,0.0
5142.24,2.611,0.0,0.0
5142.75,2.615,0.0,0.0
5143.26,2.616,0.0,0.0
5143.77,2.617,0.0,0.0
5144.28,2.621,0.0,0.0
5144.79,2.622,0.0,0.0
5145.3,2.626,0.0,0.0
5145.8,2.627,0.0,0.0
5146.31,2.631,0.0,0.0
5146.82,2.632,0.0,0.0
5147.33,2.633,0.0,0.0
5147.85,2.637,0.0,0.0
5148.36,2.638,0.0,0.0
5148.86,2.644,0.0,0.0
5149.37,2.645,0.0,0.0
5149.88,2.646,0.0,0.0
5150.39,2.65,0.0,0.0
5150.9,2.651,0.0,0.0
5151.41,2.655,0.0,0.0
5151.92,2.656,0.0,0.0
5152.43,2.657,0.0,0.0
5152.94,2.661,0.0,0.0
5153.45,2.662,0.0,0.0
5153.96,2.666,0.0,0.0
5154.47,2.667,0.0,0.0
5154.98,2.671,0.0,0.0
5155.49,2.672,0.0,0.0
5156.0,2.673,0.0,0.0
5156.5,2.677,0.0,0.0
5157.01,2.678,0.0,0.0
5157.52,2.682,0.0,0.0
5158.03,2.683,0.0,0.0
5158.54,2.684,0.0,0.0
5159.05,2.688,0.0,0.0
5159.56,2.689,0.0,0.0
5160.07,2.692,0.0,0.0
5160.58,2.694,0.0,0.0
5161.09,2.695,0.0,0.0
5161.6,2.699,0.0,0.0
5162.11,2.7,0.0,0.0
5162.62,2.704,0.0,0.0
5163.13,2.705,0.0,0.0
5163.64,2.706,0.0,0.0
5164.15,2.71,0.0,0.0
5164.66,2.711,0.0,0.0
5165.17,2.715,0.0,0.0
5165.68,2.716,0.0,0.0
5166.19,2.72,0.0,0.0
5166.7,2.721,0.0,0.0
5167.21,2.722,0.0,0.0
5167.72,2.726,0.0,0.0
5168.22,2.727,0.0,0.0
5168.73,2.731,0.0,0.0
5169.24,2.732,0.0,0.0
5169.75,2.733,0.0,0.0
5170.26,2.737,0.0,0.0
5170.77,2.738,0.0,0.0
5171.28,2.742,0.0,0.0
5171.79,2.743,0.0,0.0
5172.3,2.744,0.0,0.0
5172.81,2.748,0.0,0.0
5173.32,2.749,0.0,0.0
5173.83,2.753,0.0,0.0
5174.34,2.754,0.0,0.0
5174.85,2.755,0.0,0.0
5175.36,2.759,0.0,0.0
5175.87,2.76,0.0,0.0
5176.38,2.764,0.0,0.0
5176.89,2.765,0.0,0.0
5177.39,2.766,0.0,0.0
5177.9,2.77,0.0,0.0
5178.41,2.771,0.0,0.0
5178.92,2.775,0.0,0.0
5179.43,2.776,0.0,0.0
5179.94,2.777,0.0,0.0
5180.45,2.781,0.0,0.0
5180.96,2.782,0.0,0.0
5181.47,2.792,0.0,0.0
5181.98,2.793,0.0,0.0
5182.49,2.797,0.0,0.0
5183.0,2.798,0.0,0.0
5183.51,2.799,0.0,0.0
5184.02,2.803,0.0,0.0
5184.53,2.804,0.0,0.0
5185.04,2.808,0.0,0.0
5185.55,2.809,0.0,0.0
5186.06,2.81,0.0,0.0
5186.57,2.814,0.0,0.0
5187.08,2.815,0.0,0.0
5187.59,2.819,0.0,0.0
5188.1,2.82,0.0,0.0
5188.61,2.822,0.0,0.0
5189.12,2.825,0.0,0.0
5189.63,2.826,0.0,0.0
5190.14,2.83,0.0,0.0
5190.65,2.831,0.0,0.0
5191.16,2.835,0.0,0.0
5191.67,2.836,0.0,0.0
5192.18,2.837,0.0,0.0
5192.69,2.841,0.0,0.0
5193.2,2.842,0.0,0.0
5193.7,2.846,0.0,0.0
5194.21,2.847,0.0,0.0
5194.72,2.848,0.0,0.0
5195.23,2.853,0.0,0.0
5195.74,2.855,0.0,0.0
5196.25,2.858,0.0,0.0
5196.76,2.86,0.0,0.0
5197.27,2.861,0.0,0.0
5197.78,2.864,0.0,0.0
5198.29,2.866,0.0,0.0
5198.8,2.869,0.0,0.0
5199.31,2.871,0.0,0.0
5199.82,2.872,0.0,0.0
5200.33,2.876,0.0,0.0
5200.84,2.877,0.0,0.0
5201.35,2.881,0.0,0.0
5201.86,2.882,0.0,0.0
5202.37,2.883,0.0,0.0
5202.88,2.887,0.0,0.0
5203.39,2.888,0.0,0.0
5203.9,2.891,0.0,0.0
5204.41,2.893,0.0,0.0
5204.92,2.897,0.0,0.0
5205.43,2.898,0.0,0.0
5205.94,2.899,0.0,0.0
5206.44,2.903,0.0,0.0
5206.95,2.904,0.0,0.0
5207.47,2.908,0.0,0.0
5207.98,2.909,0.0,0.0
5208.48,2.91,0.0,0.0
5208.99,2.914,0.0,0.0
5209.5,2.915,0.0,0.0
5210.01,2.918,0.0,0.0
5210.52,2.92,0.0,0.0
5211.03,2.921,0.0,0.0
5211.54,2.924,0.0,0.0
5212.05,2.926,0.0,0.0
5212.56,2.929,0.0,0.0
5213.07,2.93,0.0,0.0
5213.58,2.932,0.0,0.0
5214.09,2.935,0.0,0.0
5214.6,2.936,0.0,0.0
5215.11,2.94,0.0,0.0
5215.62,2.941,0.0,0.0
5216.13,2.943,0.0,0.0
5216.64,2.947,0.0,0.0
5217.15,2.948,0.0,0.0
5217.66,2.951,0.0,0.0
5218.16,2.953,0.0,0.0
5218.67,2.954,0.0,0.0
5219.18,2.957,0.0,0.0
5219.69,2.959,0.0,0.0
5220.2,2.962,0.0,0.0
5220.71,2.964,0.0,0.0
5221.22,2.967,0.0,0.0
5221.73,2.969,0.0,0.0
5222.24,2.97,0.0,0.0
5222.75,2.974,0.0,0.0
5223.26,2.975,0.0,0.0
5223.77,2.979,0.0,0.0
5224.28,2.98,0.0,0.0
5224.79,2.981,0.0,0.0
5225.3,2.985,0.0,0.0
5225.81,2.986,0.0,0.0
5226.32,2.989,0.0,0.0
5226.83,2.991,0.0,0.0
5227.34,2.992,0.0,0.0
5227.85,2.995,0.0,0.0
5228.36,2.997,0.0,0.0
5228.87,3.0,0.0,0.0
5229.38,3.002,0.0,0.0
5229.89,3.006,0.0,0.0
5230.4,3.007,0.0,0.0
5230.91,3.011,0.0,0.0
5231.41,3.013,0.0,0.0
5231.92,3.014,0.0,0.0
5232.43,3.036,0.0,0.0
5232.94,3.043,0.0,0.0
5233.45,3.048,0.0,0.0
5233.96,3.052,0.0,0.0
5234.47,3.056,0.0,0.0
5234.98,3.059,0.0,0.0
5235.49,3.063,0.0,0.0
5235.99,3.066,0.0,0.0
5236.5,3.069,0.0,0.0
5237.01,3.072,0.0,0.0
5237.52,3.075,0.0,0.0
5238.03,3.077,0.0,0.0
5238.54,3.08,0.0,0.0
5239.05,3.082,0.0,0.0
5239.56,3.085,0.0,0.0
5240.06,3.651,0.0,0.0
5240.57,3.804,0.0,0.0
5241.08,3.804,0.0,0.0
5241.59,3.817,0.0,0.0
5242.1,3.817,0.0,0.0
5242.61,3.817,0.0,0.0
5243.12,3.817,0.0,0.0
5243.63,4.017,0.0,0.0
5244.14,4.029,0.0,0.0
5244.64,4.115,0.0,0.0
5245.15,4.399,0.0,0.0
5245.65,4.502,0.0,0.0
5246.16,4.519,0.0,0.0
5246.67,4.597,0.0,0.0
5247.17,4.619,0.0,0.0
5247.68,4.629,0.0,0.0
5248.19,4.629,0.0,0.0
5248.69,4.629,0.0,0.0
5249.2,4.629,0.0,0.0
5249.71,4.629,0.0,0.0
5250.21,4.629,0.0,0.0
5250.72,4.671,0.0,0.0
5251.23,4.68,0.0,0.0
5251.74,4.803,0.0,0.0
5252.24,4.877,0.0,0.0
5252.75,4.946,0.0,0.0
5253.25,4.946,0.0,0.0
5253.76,4.946,0.0,0.0
5254.26,4.946,0.0,0.0
5254.77,4.946,0.0,0.0
5255.28,4.946,0.0,0.0
5255.79,4.946,0.0,0.0
5256.29,4.959,0.0,0.0
5256.8,5.054,0.0,0.0
5257.31,5.121,0.0,0.0
5257.81,5.221,0.0,0.0
5258.32,5.318,0.0,0.0
5258.82,5.345,0.0,0.0
5259.33,5.345,0.0,0.0
5259.84,5.345,0.0,0.0
5260.35,5.345,0.0,0.0
5260.86,5.345,0.0,0.0
5261.37,5.345,0.0,0.0
5261.88,5.345,0.0,0.0
5262.39,5.452,0.0,0.0
5262.89,5.452,0.0,0.0
5263.39,5.545,0.0,0.0
5263.9,5.642,0.0,0.0
5264.4,5.722,0.0,0.0
5264.91,5.726,0.0,0.0
5265.42,5.726,0.0,0.0
5265.93,5.726,0.0,0.0
5266.43,5.726,0.0,0.0
5266.94,5.726,0.0,0.0
5267.45,5.726,0.0,0.0
5267.96,5.726,0.0,0.0
5268.47,5.814,0.0,0.0
5268.98,5.821,0.0,0.0
5269.48,5.921,0.0,0.0
5269.99,6.038,0.0,0.0
5270.49,6.103,0.0,0.0
5271.0,6.111,0.0,0.0
5271.5,6.111,0.0,0.0
5272.01,6.111,0.0,0.0
5272.52,6.113,0.0,0.0
5273.02,6.113,0.0,0.0
5273.53,6.113,0.0,0.0
5274.04,6.113,0.0,0.0
5274.55,6.201,0.0,0.0
5275.06,6.247,0.0,0.0
5275.56,6.338,0.0,0.0
5276.06,6.472,0.0,0.0
5276.57,6.521,0.0,0.0
5277.08,6.521,0.0,0.0
5277.58,6.521,0.0,0.0
5278.09,6.521,0.0,0.0
5278.6,6.521,0.0,0.0
5279.11,6.521,0.0,0.0
5279.62,6.521,0.0,0.0
5280.13,6.521,0.0,0.0
5280.63,6.585,0.0,0.0
5281.14,6.588,0.0,0.0
5281.65,6.739,0.0,0.0
5282.15,6.796,0.0,0.0
5282.65,6.915,0.0,0.0
5283.16,6.899,0.0,0.0
5283.67,6.899,0.0,0.0
5284.18,6.899,0.0,0.0
5284.69,6.899,0.0,0.0
5285.2,6.899,0.0,0.0
5285.71,6.899,0.0,0.0
5286.21,6.899,0.0,0.0
5286.72,6.992,0.0,0.0
5287.23,6.993,0.0,0.0
5287.73,7.102,0.0,0.0
5288.24,7.21,0.0,0.0
5288.74,7.296,0.0,0.0
5289.25,7.311,0.0,0.0
5289.75,7.311,0.0,0.0
5290.26,7.311,0.0,0.0
5290.77,7.311,0.0,0.0
5291.27,7.311,0.0,0.0
5291.78,7.311,0.0,0.0
5292.29,7.311,0.0,0.0
5292.79,7.401,0.0,0.0
5293.3,7.409,0.0,0.0
5293.8,7.517,0.0,0.0
5294.31,7.629,0.0,0.0
5294.81,7.72,0.0,0.0
5295.32,7.735,0.0,0.0
5295.82,7.735,0.0,0.0
5296.33,7.735,0.0,0.0
5296.84,7.735,0.0,0.0
5297.35,7.735,0.0,0.0
5297.86,7.735,0.0,0.0
5298.37,7.735,0.0,0.0
5298.87,7.816,0.0,0.0
5299.38,7.821,0.0,0.0
5299.88,7.957,0.0,0.0
5300.39,8.014,0.0,0.0
5300.89,8.144,0.0,0.0
5301.4,8.119,0.0,0.0
5301.91,8.119,0.0,0.0
5302.41,8.127,0.0,0.0
5302.92,8.127,0.0,0.0
5303.43,8.127,0.0,0.0
5303.94,8.13,0.0,0.0
5304.44,8.134,0.0,0.0
5304.95,8.226,0.0,0.0
5305.46,8.303,0.0,0.0
5305.96,8.342,0.0,0.0
5306.47,8.526,0.0,0.0
5306.97,8.53,0.0,0.0
5307.48,8.527,0.0,0.0
5307.99,8.527,0.0,0.0
5308.5,8.527,0.0,0.0
5309.01,8.527,0.0,0.0
5309.52,8.527,0.0,0.0
5310.03,8.527,0.0,0.0
5310.54,8.528,0.0,0.0
5311.05,8.634,0.0,0.0
5311.55,8.66,0.0,0.0
5312.06,8.783,0.0,0.0
5312.56,8.844,0.0,0.0
5313.07,8.989,0.0,0.0
5313.57,8.989,0.0,0.0
5314.08,8.995,0.0,0.0
5314.59,8.995,0.0,0.0
5315.1,8.995,0.0,0.0
5315.61,8.995,0.0,0.0
5316.12,8.995,0.0,0.0
5316.63,8.995,0.0,0.0
5317.14,8.999,0.0,0.0
5317.65,9.096,0.0,0.0
5318.16,9.215,0.0,0.0
5318.66,9.24,0.0,0.0
5319.17,9.343,0.0,0.0
5319.67,9.43,0.0,0.0
5320.18,9.431,0.0,0.0
5320.69,9.442,0.0,0.0
5321.2,9.442,0.0,0.0
5321.71,9.442,0.0,0.0
5322.22,9.442,0.0,0.0
5322.73,9.439,0.0,0.0
5323.24,9.457,0.0,0.0
5323.75,9.516,0.0,0.0
5324.26,9.676,0.0,0.0
5324.76,9.659,0.0,0.0
5325.26,9.696,0.0,0.0
5325.77,9.802,0.0,0.0
5326.28,9.814,0.0,0.0
5326.79,9.821,0.0,0.0
5327.29,9.821,0.0,0.0
5327.8,9.821,0.0,0.0
5328.31,9.821,0.0,0.0
5328.82,9.825,0.0,0.0
5329.33,9.831,0.0,0.0
5329.84,10.027,0.0,0.0
5330.34,9.955,0.0,0.0
5330.85,10.019,0.0,0.0
5331.35,10.182,0.0,0.0
5331.86,10.231,0.0,0.0
5332.36,10.296,0.0,0.0
5332.87,10.289,0.0,0.0
5333.38,10.302,0.0,0.0
5333.89,10.302,0.0,0.0
5334.4,10.302,0.0,0.0
5334.91,10.302,0.0,0.0
5335.42,10.303,0.0,0.0
5335.93,10.303,0.0,0.0
5336.44,10.361,0.0,0.0
5336.94,10.518,0.0,0.0
5337.44,10.466,0.0,0.0
5337.95,10.578,0.0,0.0
5338.45,10.647,0.0,0.0
5338.96,10.694,0.0,0.0
5339.47,10.702,0.0,0.0
5339.97,10.702,0.0,0.0
5340.48,10.702,0.0,0.0
5340.99,10.703,0.0,0.0
5341.5,10.709,0.0,0.0
5342.01,10.724,0.0,0.0
5342.51,10.874,0.0,0.0
5343.02,10.868,0.0,0.0
5343.52,10.94,0.0,0.0
5344.03,11.061,0.0,0.0
5344.53,11.142,0.0,0.0
5345.04,11.186,0.0,0.0
5345.54,11.19,0.0,0.0
5346.05,11.192,0.0,0.0
5346.55,11.192,0.0,0.0
5347.06,11.192,0.0,0.0
5347.57,11.197,0.0,0.0
5348.07,11.212,0.0,0.0
5348.58,11.229,0.0,0.0
5349.09,11.329,0.0,0.0
5349.59,11.414,0.0,0.0
5350.1,11.437,0.0,0.0
5350.6,11.647,0.0,0.0
5351.1,11.676,0.0,0.0
5351.61,11.663,0.0,0.0
5352.12,11.676,0.0,0.0
5352.63,11.676,0.0,0.0
5353.14,11.676,0.0,0.0
5353.64,11.676,0.0,0.0
5354.15,11.686,0.0,0.0
5354.66,11.692,0.0,0.0
5355.17,11.692,0.0,0.0
5355.68,11.836,0.0,0.0
5356.18,11.778,0.0,0.0
5356.68,11.862,0.0,0.0
5357.19,11.968,0.0,0.0
5357.69,12.025,0.0,0.0
5358.2,12.116,0.0,0.0
5358.71,12.127,0.0,0.0
5359.21,12.127,0.0,0.0
5359.72,12.127,0.0,0.0
5360.23,12.127,0.0,0.0
5360.73,12.132,0.0,0.0
5361.24,12.141,0.0,0.0
5361.75,12.152,0.0,0.0
5362.25,12.177,0.0,0.0
5362.76,12.206,0.0,0.0
5363.27,12.395,0.0,0.0
5363.77,12.405,0.0,0.0
5364.27,12.467,0.0,0.0
5364.78,12.525,0.0,0.0
5365.28,12.525,0.0,0.0
5365.79,12.525,0.0,0.0
5366.3,12.537,0.0,0.0
5366.81,12.537,0.0,0.0
5367.31,12.541,0.0,0.0
5367.82,12.548,0.0,0.0
5368.34,12.619,0.0,0.0
5368.84,12.65,0.0,0.0
5369.34,12.708,0.0,0.0
5369.85,12.734,0.0,0.0
5370.36,12.813,0.0,0.0
5370.87,13.037,0.0,0.0
5371.37,12.928,0.0,0.0
5371.88,12.934,0.0,0.0
5372.39,12.936,0.0,0.0
5372.89,12.936,0.0,0.0
5373.4,12.94,0.0,0.0
5373.91,12.947,0.0,0.0
5374.42,12.973,0.0,0.0
5374.93,13.156,0.0,0.0
5375.43,13.077,0.0,0.0
5375.94,13.151,0.0,0.0
5376.44,13.196,0.0,0.0
5376.95,13.326,0.0,0.0
5377.45,13.385,0.0,0.0
5377.96,13.422,0.0,0.0
5378.47,13.43,0.0,0.0
5378.98,13.44,0.0,0.0
5379.48,13.445,0.0,0.0
5379.99,13.446,0.0,0.0
5380.5,13.456,0.0,0.0
5381.01,13.469,0.0,0.0
5381.52,13.536,0.0,0.0
5382.03,13.576,0.0,0.0
5382.54,13.722,0.0,0.0
5383.04,13.685,0.0,0.0
5383.55,13.756,0.0,0.0
5384.05,13.803,0.0,0.0
5384.56,13.825,0.0,0.0
5385.07,13.825,0.0,0.0
5385.58,13.825,0.0,0.0
5386.08,13.825,0.0,0.0
5386.59,13.825,0.0,0.0
5387.1,13.829,0.0,0.0
5387.61,13.837,0.0,0.0
5388.12,13.876,0.0,0.0
5388.62,13.918,0.0,0.0
5389.14,14.027,0.0,0.0
5389.64,14.109,0.0,0.0
5390.15,14.199,0.0,0.0
5390.65,14.244,0.0,0.0
5391.16,14.245,0.0,0.0
5391.67,14.257,0.0,0.0
5392.18,14.257,0.0,0.0
5392.69,14.257,0.0,0.0
5393.19,14.257,0.0,0.0
5393.7,14.257,0.0,0.0
5394.21,14.258,0.0,0.0
5394.72,14.259,0.0,0.0
5395.23,14.433,0.0,0.0
5395.73,14.364,0.0,0.0
5396.24,14.432,0.0,0.0
5396.74,14.561,0.0,0.0
5397.25,14.637,0.0,0.0
5397.75,14.728,0.0,0.0
5398.26,14.743,0.0,0.0
5398.77,14.743,0.0,0.0
5399.28,14.743,0.0,0.0
5399.78,14.733,0.0,0.0
5400.29,14.741,0.0,0.0
5400.8,14.747,0.0,0.0
5401.3,14.755,0.0,0.0
5401.81,14.843,0.0,0.0
5402.32,14.84,0.0,0.0
5402.82,15.039,0.0,0.0
5403.32,14.988,0.0,0.0
5403.83,15.141,0.0,0.0
5404.33,15.112,0.0,0.0
5404.84,15.15,0.0,0.0
5405.35,15.15,0.0,0.0
5405.85,15.15,0.0,0.0
5406.36,15.15,0.0,0.0
5406.87,15.15,0.0,0.0
5407.38,15.158,0.0,0.0
5407.89,15.167,0.0,0.0
5408.39,15.246,0.0,0.0
5408.9,15.273,0.0,0.0
5409.4,15.369,0.0,0.0
5409.9,15.402,0.0,0.0
5410.41,15.455,0.0,0.0
5410.91,15.52,0.0,0.0
5411.42,15.626,0.0,0.0
5411.92,15.627,0.0,0.0
5412.43,15.627,0.0,0.0
5412.93,15.627,0.0,0.0
5413.44,15.627,0.0,0.0
5413.95,15.627,0.0,0.0
5414.46,15.627,0.0,0.0
5414.97,15.759,0.0,0.0
5415.47,15.713,0.0,0.0
5415.97,15.757,0.0,0.0
5416.48,15.816,0.0,0.0
5416.98,15.966,0.0,0.0
5417.48,16.073,0.0,0.0
5417.99,16.026,0.0,0.0
5418.5,16.026,0.0,0.0
5419.0,16.026,0.0,0.0
5419.51,16.026,0.0,0.0
5420.02,16.026,0.0,0.0
5420.53,16.026,0.0,0.0
5421.03,16.032,0.0,0.0
5421.54,16.123,0.0,0.0
5422.05,16.118,0.0,0.0
5422.55,16.261,0.0,0.0
5423.06,16.308,0.0,0.0
5423.56,16.384,0.0,0.0
5424.06,16.458,0.0,0.0
5424.57,16.463,0.0,0.0
5425.08,16.463,0.0,0.0
5425.59,16.463,0.0,0.0
5426.1,16.463,0.0,0.0
5426.6,16.463,0.0,0.0
5427.11,16.468,0.0,0.0
5427.62,16.473,0.0,0.0
5428.13,16.561,0.0,0.0
5428.63,16.638,0.0,0.0
5429.14,16.711,0.0,0.0
5429.64,16.725,0.0,0.0
5430.15,16.868,0.0,0.0
5430.65,16.877,0.0,0.0
5431.16,16.879,0.0,0.0
5431.67,16.879,0.0,0.0
5432.17,16.879,0.0,0.0
5432.68,16.879,0.0,0.0
5433.19,16.883,0.0,0.0
5433.7,16.893,0.0,0.0
5434.21,16.907,0.0,0.0
5434.71,16.976,0.0,0.0
5435.22,17.051,0.0,0.0
5435.72,17.147,0.0,0.0
5436.23,17.182,0.0,0.0
5436.73,17.264,0.0,0.0
5437.24,17.349,0.0,0.0
5437.75,17.365,0.0,0.0
5438.26,17.365,0.0,0.0
5438.77,17.365,0.0,0.0
5439.28,17.365,0.0,0.0
5439.79,17.365,0.0,0.0
5440.3,17.368,0.0,0.0
5440.8,17.421,0.0,0.0
5441.31,17.478,0.0,0.0
5441.81,17.549,0.0,0.0
5442.32,17.581,0.0,0.0
5442.82,17.65,0.0,0.0
5443.33,17.73,0.0,0.0
5443.83,17.777,0.0,0.0
5444.34,17.777,0.0,0.0
5444.85,17.777,0.0,0.0
5445.36,17.777,0.0,0.0
5445.87,17.778,0.0,0.0
5446.37,17.781,0.0,0.0
5446.88,17.801,0.0,0.0
5447.39,17.955,0.0,0.0
5447.89,17.877,0.0,0.0
5448.4,17.943,0.0,0.0
5448.91,18.026,0.0,0.0
5449.41,18.09,0.0,0.0
5449.92,18.161,0.0,0.0
5450.42,18.248,0.0,0.0
5450.93,18.248,0.0,0.0
5451.44,18.259,0.0,0.0
5451.95,18.259,0.0,0.0
5452.46,18.259,0.0,0.0
5452.97,18.259,0.0,0.0
5453.47,18.274,0.0,0.0
5453.98,18.378,0.0,0.0
5454.48,18.351,0.0,0.0
5454.99,18.398,0.0,0.0
5455.49,18.475,0.0,0.0
5455.99,18.554,0.0,0.0
5456.5,18.611,0.0,0.0
5457.0,18.624,0.0,0.0
5457.51,18.646,0.0,0.0
5458.01,18.647,0.0,0.0
5458.52,18.647,0.0,0.0
5459.03,18.647,0.0,0.0
5459.53,18.647,0.0,0.0
5460.04,18.651,0.0,0.0
5460.55,18.659,0.0,0.0
5461.06,18.771,0.0,0.0
5461.56,18.829,0.0,0.0
5462.07,18.883,0.0,0.0
5462.57,19.045,0.0,0.0
5463.07,19.062,0.0,0.0
5463.58,19.113,0.0,0.0
5464.09,19.113,0.0,0.0
5464.6,19.113,0.0,0.0
5465.1,19.108,0.0,0.0
5465.61,19.119,0.0,0.0
5466.12,19.12,0.0,0.0
5466.62,19.126,0.0,0.0
5467.13,19.133,0.0,0.0
5467.64,19.221,0.0,0.0
5468.15,19.248,0.0,0.0
5468.65,19.356,0.0,0.0
5469.15,19.409,0.0,0.0
5469.66,19.504,0.0,0.0
5470.16,19.555,0.0,0.0
5470.67,19.561,0.0,0.0
5471.18,19.561,0.0,0.0
5471.69,19.561,0.0,0.0
5472.19,19.561,0.0,0.0
5472.7,19.561,0.0,0.0
5473.21,19.561,0.0,0.0
5473.72,19.563,0.0,0.0
5474.23,19.624,0.0,0.0
5474.73,19.762,0.0,0.0
5475.23,19.794,0.0,0.0
5475.74,19.83,0.0,0.0
5476.24,19.849,0.0,0.0
5476.75,20.028,0.0,0.0
5477.25,19.985,0.0,0.0
5477.76,19.998,0.0,0.0
5478.27,19.998,0.0,0.0
5478.78,19.998,0.0,0.0
5479.29,19.998,0.0,0.0
5479.79,19.998,0.0,0.0
5480.3,20.005,0.0,0.0
5480.81,20.021,0.0,0.0
5481.32,20.07,0.0,0.0
5481.83,20.138,0.0,0.0
5482.33,20.18,0.0,0.0
5482.84,20.292,0.0,0.0
5483.34,20.352,0.0,0.0
5483.84,20.417,0.0,0.0
5484.35,20.442,0.0,0.0
5484.86,20.443,0.0,0.0
5485.37,20.458,0.0,0.0
5485.87,20.458,0.0,0.0
5486.38,20.458,0.0,0.0
5486.89,20.464,0.0,0.0
5487.39,20.468,0.0,0.0
5487.9,20.471,0.0,0.0
5488.41,20.517,0.0,0.0
5488.91,20.53,0.0,0.0
5489.42,20.568,0.0,0.0
5489.92,20.654,0.0,0.0
5490.43,20.687,0.0,0.0
5490.93,20.806,0.0,0.0
5491.43,20.81,0.0,0.0
5491.94,20.844,0.0,0.0
5492.45,20.845,0.0,0.0
5492.96,20.845,0.0,0.0
5493.46,20.845,0.0,0.0
5493.96,20.845,0.0,0.0
5494.47,20.845,0.0,0.0
5494.98,20.845,0.0,0.0
5495.49,20.918,0.0,0.0
5495.99,20.929,0.0,0.0
5496.5,20.996,0.0,0.0
5497.0,21.068,0.0,0.0
5497.5,21.128,0.0,0.0
5498.01,21.195,0.0,0.0
5498.52,21.267,0.0,0.0
5499.02,21.267,0.0,0.0
5499.53,21.267,0.0,0.0
5500.03,21.264,0.0,0.0
5500.54,21.273,0.0,0.0
5501.05,21.279,0.0,0.0
5501.56,21.284,0.0,0.0
5502.06,21.293,0.0,0.0
5502.57,21.408,0.0,0.0
5503.08,21.436,0.0,0.0
5503.58,21.489,0.0,0.0
5504.08,21.584,0.0,0.0
5504.59,21.639,0.0,0.0
5505.09,21.705,0.0,0.0
5505.6,21.722,0.0,0.0
5506.11,21.722,0.0,0.0
5506.62,21.722,0.0,0.0
5507.12,21.722,0.0,0.0
5507.63,21.722,0.0,0.0
5508.14,21.732,0.0,0.0
5508.65,21.735,0.0,0.0
5509.16,21.79,0.0,0.0
5509.67,21.864,0.0,0.0
5510.17,21.959,0.0,0.0
5510.67,21.948,0.0,0.0
5511.18,22.023,0.0,0.0
5511.68,22.098,0.0,0.0
5512.19,22.172,0.0,0.0
5512.69,22.172,0.0,0.0
5513.2,22.159,0.0,0.0
5513.71,22.159,0.0,0.0
5514.22,22.159,0.0,0.0
5514.73,22.159,0.0,0.0
5515.23,22.18,0.0,0.0
5515.74,22.211,0.0,0.0
5516.25,22.248,0.0,0.0
5516.75,22.325,0.0,0.0
5517.25,22.399,0.0,0.0
5517.76,22.461,0.0,0.0
5518.26,22.532,0.0,0.0
5518.77,22.551,0.0,0.0
5519.27,22.565,0.0,0.0
5519.78,22.565,0.0,0.0
5520.29,22.565,0.0,0.0
5520.8,22.565,0.0,0.0
5521.31,22.565,0.0,0.0
5521.82,22.565,0.0,0.0
5522.33,22.566,0.0,0.0
5522.84,22.572,0.0,0.0
5523.35,22.738,0.0,0.0
5523.85,22.682,0.0,0.0
5524.36,22.685,0.0,0.0
5524.87,22.821,0.0,0.0
5525.37,22.861,0.0,0.0
5525.87,22.88,0.0,0.0
5526.38,22.944,0.0,0.0
5526.88,23.003,0.0,0.0
5527.39,23.023,0.0,0.0
5527.9,23.025,0.0,0.0
5528.41,23.026,0.0,0.0
5528.92,23.026,0.0,0.0
5529.43,23.026,0.0,0.0
5529.94,23.03,0.0,0.0
5530.45,23.075,0.0,0.0
5530.95,23.19,0.0,0.0
5531.46,23.16,0.0,0.0
5531.97,23.291,0.0,0.0
5532.47,23.39,0.0,0.0
5532.98,23.396,0.0,0.0
5533.48,23.424,0.0,0.0
5533.99,23.424,0.0,0.0
5534.5,23.424,0.0,0.0
5535.01,23.424,0.0,0.0
5535.52,23.426,0.0,0.0
5536.03,23.436,0.0,0.0
5536.54,23.555,0.0,0.0
5537.04,23.608,0.0,0.0
5537.55,23.649,0.0,0.0
5538.05,23.678,0.0,0.0
5538.56,23.774,0.0,0.0
5539.06,23.845,0.0,0.0
5539.57,23.847,0.0,0.0
5540.07,23.848,0.0,0.0
5540.58,23.848,0.0,0.0
5541.09,23.848,0.0,0.0
5541.59,23.849,0.0,0.0
5542.1,23.856,0.0,0.0
5542.6,24.009,0.0,0.0
5543.1,23.954,0.0,0.0
5543.61,24.028,0.0,0.0
5544.11,24.109,0.0,0.0
5544.61,24.176,0.0,0.0
5545.12,24.242,0.0,0.0
5545.62,24.274,0.0,0.0
5546.13,24.289,0.0,0.0
5546.63,24.289,0.0,0.0
5547.13,24.289,0.0,0.0
5547.64,24.289,0.0,0.0
5548.15,24.289,0.0,0.0
5548.66,24.355,0.0,0.0
5549.17,24.496,0.0,0.0
5549.67,24.529,0.0,0.0
5550.17,24.529,0.0,0.0
5550.68,24.61,0.0,0.0
5551.18,24.682,0.0,0.0
5551.68,24.699,0.0,0.0
5552.19,24.703,0.0,0.0
5552.7,24.704,0.0,0.0
5553.2,24.704,0.0,0.0
5553.71,24.704,0.0,0.0
5554.22,24.707,0.0,0.0
5554.73,24.714,0.0,0.0
5555.24,24.81,0.0,0.0
5555.74,24.884,0.0,0.0
5556.25,24.949,0.0,0.0
5556.75,25.029,0.0,0.0
5557.26,25.088,0.0,0.0
5557.76,25.128,0.0,0.0
5558.27,25.147,0.0,0.0
5558.77,25.137,0.0,0.0
5559.28,25.145,0.0,0.0
5559.79,25.146,0.0,0.0
5560.29,25.146,0.0,0.0
5560.8,25.144,0.0,0.0
5561.3,25.144,0.0,0.0
5561.81,25.145,0.0,0.0
5562.32,25.148,0.0,0.0
5562.83,25.212,0.0,0.0
5563.33,25.218,0.0,0.0
5563.83,25.425,0.0,0.0
5564.34,25.448,0.0,0.0
5564.84,25.546,0.0,0.0
5565.34,25.562,0.0,0.0
5565.85,25.586,0.0,0.0
5566.36,25.587,0.0,0.0
5566.87,25.588,0.0,0.0
5567.38,25.588,0.0,0.0
5567.88,25.588,0.0,0.0
5568.39,25.591,0.0,0.0
5568.9,25.677,0.0,0.0
5569.4,25.755,0.0,0.0
5569.91,25.821,0.0,0.0
5570.41,25.889,0.0,0.0
5570.91,25.939,0.0,0.0
5571.42,25.998,0.0,0.0
5571.92,26.013,0.0,0.0
5572.43,26.013,0.0,0.0
5572.94,26.013,0.0,0.0
5573.45,26.013,0.0,0.0
5573.96,26.016,0.0,0.0
5574.47,26.089,0.0,0.0
5574.98,26.096,0.0,0.0
5575.48,26.155,0.0,0.0
5575.98,26.236,0.0,0.0
5576.49,26.313,0.0,0.0
5576.99,26.381,0.0,0.0
5577.5,26.434,0.0,0.0
5578.01,26.433,0.0,0.0
5578.52,26.433,0.0,0.0
5579.03,26.433,0.0,0.0
5579.54,26.433,0.0,0.0
5580.05,26.433,0.0,0.0
5580.56,26.514,0.0,0.0
5581.06,26.594,0.0,0.0
5581.57,26.629,0.0,0.0
5582.07,26.71,0.0,0.0
5582.57,26.743,0.0,0.0
5583.08,26.808,0.0,0.0
5583.59,26.823,0.0,0.0
5584.1,26.824,0.0,0.0
5584.61,26.824,0.0,0.0
5585.12,26.824,0.0,0.0
5585.62,26.824,0.0,0.0
5586.14,26.824,0.0,0.0
5586.65,26.9,0.0,0.0
5587.15,27.019,0.0,0.0
5587.66,27.01,0.0,0.0
5588.16,27.1,0.0,0.0
5588.66,27.155,0.0,0.0
5589.17,27.239,0.0,0.0
5589.67,27.244,0.0,0.0
5590.18,27.244,0.0,0.0
5590.69,27.244,0.0,0.0
5591.19,27.244,0.0,0.0
5591.7,27.244,0.0,0.0
5592.21,27.244,0.0,0.0
5592.72,27.317,0.0,0.0
5593.23,27.394,0.0,0.0
5593.73,27.412,0.0,0.0
5594.23,27.537,0.0,0.0
5594.74,27.625,0.0,0.0
5595.24,27.672,0.0,0.0
5595.75,27.684,0.0,0.0
5596.25,27.684,0.0,0.0
5596.76,27.684,0.0,0.0
5597.27,27.684,0.0,0.0
5597.78,27.684,0.0,0.0
5598.29,27.696,0.0,0.0
5598.8,27.696,0.0,0.0
5599.31,27.698,0.0,0.0
5599.82,27.701,0.0,0.0
5600.33,27.788,0.0,0.0
5600.83,27.845,0.0,0.0
5601.34,27.916,0.0,0.0
5601.84,28.006,0.0,0.0
5602.35,28.059,0.0,0.0
5602.85,28.077,0.0,0.0
5603.36,28.079,0.0,0.0
5603.87,28.1,0.0,0.0
5604.38,28.1,0.0,0.0
5604.89,28.1,0.0,0.0
5605.4,28.103,0.0,0.0
5605.91,28.103,0.0,0.0
5606.42,28.181,0.0,0.0
5606.92,28.259,0.0,0.0
5607.43,28.322,0.0,0.0
5607.93,28.404,0.0,0.0
5608.44,28.536,0.0,0.0
5608.94,28.517,0.0,0.0
5609.45,28.517,0.0,0.0
5609.96,28.518,0.0,0.0
5610.46,28.518,0.0,0.0
5610.97,28.518,0.0,0.0
5611.48,28.518,0.0,0.0
5611.99,28.636,0.0,0.0
5612.49,28.677,0.0,0.0
5613.0,28.742,0.0,0.0
5613.5,28.728,0.0,0.0
5614.01,28.85,0.0,0.0
5614.52,28.919,0.0,0.0
5615.03,28.95,0.0,0.0
5615.54,28.95,0.0,0.0
5616.04,28.95,0.0,0.0
5616.55,28.95,0.0,0.0
5617.06,28.95,0.0,0.0
5617.57,28.951,0.0,0.0
5618.08,28.971,0.0,0.0
5618.59,29.113,0.0,0.0
5619.09,29.165,0.0,0.0
5619.59,29.239,0.0,0.0
5620.1,29.296,0.0,0.0
5620.6,29.357,0.0,0.0
5621.11,29.371,0.0,0.0
5621.62,29.371,0.0,0.0
5622.13,29.37,0.0,0.0
5622.64,29.37,0.0,0.0
5623.15,29.37,0.0,0.0
5623.66,29.37,0.0,0.0
5624.16,29.452,0.0,0.0
5624.67,29.527,0.0,0.0
5625.17,29.573,0.0,0.0
5625.68,29.644,0.0,0.0
5626.18,29.799,0.0,0.0
5626.69,29.748,0.0,0.0
5627.19,29.738,0.0,0.0
5627.7,29.745,0.0,0.0
5628.21,29.745,0.0,0.0
5628.72,29.745,0.0,0.0
5629.23,29.75,0.0,0.0
5629.74,29.87,0.0,0.0
5630.24,29.906,0.0,0.0
5630.74,30.01,0.0,0.0
5631.25,30.023,0.0,0.0
5631.75,30.114,0.0,0.0
5632.26,30.175,0.0,0.0
5632.76,30.177,0.0,0.0
5633.27,30.177,0.0,0.0
5633.77,30.177,0.0,0.0
5634.28,30.177,0.0,0.0
5634.79,30.177,0.0,0.0
5635.3,30.177,0.0,0.0
5635.8,30.177,0.0,0.0
5636.31,30.177,0.0,0.0
5636.82,30.177,0.0,0.0
5637.32,30.189,0.0,0.0
5637.83,30.297,0.0,0.0
5638.33,30.397,0.0,0.0
5638.84,30.403,0.0,0.0
5639.34,30.521,0.0,0.0
5639.85,30.574,0.0,0.0
5640.36,30.58,0.0,0.0
5640.86,30.58,0.0,0.0
5641.37,30.58,0.0,0.0
5641.88,30.58,0.0,0.0
5642.39,30.58,0.0,0.0
5642.9,30.581,0.0,0.0
5643.41,30.657,0.0,0.0
5643.91,30.71,0.0,0.0
5644.42,30.806,0.0,0.0
5644.92,30.844,0.0,0.0
5645.43,30.917,0.0,0.0
5645.93,30.989,0.0,0.0
5646.44,30.99,0.0,0.0
5646.95,30.99,0.0,0.0
5647.45,30.99,0.0,0.0
5647.96,30.99,0.0,0.0
5648.47,30.99,0.0,0.0
5648.97,31.094,0.0,0.0
5649.48,31.153,0.0,0.0
5649.98,31.225,0.0,0.0
5650.49,31.278,0.0,0.0
5650.99,31.35,0.0,0.0
5651.5,31.38,0.0,0.0
5652.0,31.387,0.0,0.0
5652.51,31.388,0.0,0.0
5653.02,31.388,0.0,0.0
5653.53,31.388,0.0,0.0
5654.04,31.388,0.0,0.0
5654.55,31.388,0.0,0.0
5655.06,31.534,0.0,0.0
5655.56,31.604,0.0,0.0
5656.07,31.606,0.0,0.0
5656.57,31.729,0.0,0.0
5657.07,31.815,0.0,0.0
5657.58,31.805,0.0,0.0
5658.09,31.805,0.0,0.0
5658.6,31.808,0.0,0.0
5659.11,31.808,0.0,0.0
5659.62,31.808,0.0,0.0
5660.13,31.811,0.0,0.0
5660.64,31.909,0.0,0.0
5661.14,31.971,0.0,0.0
5661.65,32.035,0.0,0.0
5662.15,32.123,0.0,0.0
5662.66,32.182,0.0,0.0
5663.16,32.218,0.0,0.0
5663.67,32.218,0.0,0.0
5664.18,32.22,0.0,0.0
5664.69,32.225,0.0,0.0
5665.2,32.225,0.0,0.0
5665.71,32.228,0.0,0.0
5666.22,32.229,0.0,0.0
5666.73,32.306,0.0,0.0
5667.23,32.46,0.0,0.0
5667.74,32.514,0.0,0.0
5668.24,32.535,0.0,0.0
5668.75,32.595,0.0,0.0
5669.26,32.608,0.0,0.0
5669.76,32.608,0.0,0.0
5670.27,32.608,0.0,0.0
5670.78,32.608,0.0,0.0
5671.29,32.61,0.0,0.0
5671.8,32.61,0.0,0.0
5672.31,32.611,0.0,0.0
5672.82,32.611,0.0,0.0
5673.33,32.611,0.0,0.0
5673.83,32.688,0.0,0.0
5674.34,32.783,0.0,0.0
5674.84,32.83,0.0,0.0
5675.35,32.905,0.0,0.0
5675.85,32.983,0.0,0.0
5676.35,33.018,0.0,0.0
5676.86,33.019,0.0,0.0
5677.37,33.024,0.0,0.0
5677.88,33.024,0.0,0.0
5678.39,33.024,0.0,0.0
5678.9,33.024,0.0,0.0
5679.41,33.024,0.0,0.0
5679.92,33.108,0.0,0.0
5680.42,33.175,0.0,0.0
5680.93,33.251,0.0,0.0
5681.43,33.359,0.0,0.0
5681.94,33.408,0.0,0.0
5682.45,33.433,0.0,0.0
5682.96,33.434,0.0,0.0
5683.46,33.434,0.0,0.0
5683.97,33.434,0.0,0.0
5684.48,33.434,0.0,0.0
5684.99,33.435,0.0,0.0
5685.5,33.502,0.0,0.0
5686.01,33.548,0.0,0.0
5686.51,33.628,0.0,0.0
5687.02,33.678,0.0,0.0
5687.52,33.771,0.0,0.0
5688.03,33.781,0.0,0.0
5688.53,33.782,0.0,0.0
5689.04,33.782,0.0,0.0
5689.54,33.782,0.0,0.0
5690.05,33.782,0.0,0.0
5690.56,33.782,0.0,0.0
5691.06,33.782,0.0,0.0
5691.57,33.986,0.0,0.0
5692.07,33.986,0.0,0.0
5692.58,34.091,0.0,0.0
5693.08,34.183,0.0,0.0
5693.58,34.213,0.0,0.0
5694.09,34.213,0.0,0.0
5694.6,34.221,0.0,0.0
5695.11,34.222,0.0,0.0
5695.62,34.222,0.0,0.0
5696.13,34.222,0.0,0.0
5696.64,34.223,0.0,0.0
5697.15,34.318,0.0,0.0
5697.65,34.379,0.0,0.0
5698.15,34.448,0.0,0.0
5698.66,34.511,0.0,0.0
5699.16,34.645,0.0,0.0
5699.66,34.61,0.0,0.0
5700.17,34.622,0.0,0.0
5700.68,34.623,0.0,0.0
5701.19,34.623,0.0,0.0
5701.7,34.623,0.0,0.0
5702.2,34.623,0.0,0.0
5702.71,34.623,0.0,0.0
5703.22,34.704,0.0,0.0
5703.72,34.766,0.0,0.0
5704.23,34.848,0.0,0.0
5704.73,34.979,0.0,0.0
5705.23,35.016,0.0,0.0
5705.74,34.991,0.0,0.0
5706.25,34.998,0.0,0.0
5706.76,34.998,0.0,0.0
5707.27,34.998,0.0,0.0
5707.78,34.998,0.0,0.0
5708.28,34.998,0.0,0.0
5708.79,34.997,0.0,0.0
5709.3,35.095,0.0,0.0
5709.8,35.19,0.0,0.0
5710.3,35.281,0.0,0.0
5710.81,35.338,0.0,0.0
5711.31,35.378,0.0,0.0
5711.82,35.392,0.0,0.0
5712.33,35.392,0.0,0.0
5712.83,35.392,0.0,0.0
5713.34,35.392,0.0,0.0
5713.85,35.392,0.0,0.0
5714.36,35.392,0.0,0.0
5714.87,35.494,0.0,0.0
5715.37,35.562,0.0,0.0
5715.87,35.639,0.0,0.0
5716.38,35.696,0.0,0.0
5716.88,35.777,0.0,0.0
5717.39,35.791,0.0,0.0
5717.9,35.791,0.0,0.0
5718.4,35.794,0.0,0.0
5718.91,35.794,0.0,0.0
5719.42,35.794,0.0,0.0
5719.93,35.794,0.0,0.0
5720.43,35.871,0.0,0.0
5720.94,35.96,0.0,0.0
5721.44,36.029,0.0,0.0
5721.94,36.095,0.0,0.0
5722.45,36.146,0.0,0.0
5722.95,36.189,0.0,0.0
5723.46,36.19,0.0,0.0
5723.97,36.191,0.0,0.0
5724.48,36.191,0.0,0.0
5724.99,36.191,0.0,0.0
5725.49,36.191,0.0,0.0
5726.0,36.246,0.0,0.0
5726.51,36.334,0.0,0.0
5727.01,36.43,0.0,0.0
5727.52,36.503,0.0,0.0
5728.02,36.566,0.0,0.0
5728.53,36.597,0.0,0.0
5729.03,36.59,0.0,0.0
5729.54,36.595,0.0,0.0
5730.05,36.595,0.0,0.0
5730.56,36.595,0.0,0.0
5731.06,36.595,0.0,0.0
5731.57,36.664,0.0,0.0
5732.08,36.746,0.0,0.0
5732.58,36.817,0.0,0.0
5733.09,36.886,0.0,0.0
5733.59,36.953,0.0,0.0
5734.1,37.0,0.0,0.0
5734.61,37.0,0.0,0.0
5735.12,37.003,0.0,0.0
5735.63,37.003,0.0,0.0
5736.14,37.003,0.0,0.0
5736.65,37.003,0.0,0.0
5737.16,37.003,0.0,0.0
5737.67,37.145,0.0,0.0
5738.17,37.205,0.0,0.0
5738.68,37.251,0.0,0.0
5739.18,37.326,0.0,0.0
5739.68,37.341,0.0,0.0
5740.19,37.347,0.0,0.0
5740.7,37.348,0.0,0.0
5741.21,37.348,0.0,0.0
5741.71,37.348,0.0,0.0
5742.22,37.348,0.0,0.0
5742.73,37.348,0.0,0.0
5743.24,37.348,0.0,0.0
5743.75,37.348,0.0,0.0
5744.26,37.416,0.0,0.0
5744.76,37.54,0.0,0.0
5745.26,37.593,0.0,0.0
5745.77,37.666,0.0,0.0
5746.27,37.724,0.0,0.0
5746.78,37.765,0.0,0.0
5747.29,37.766,0.0,0.0
5747.8,37.766,0.0,0.0
5748.3,37.766,0.0,0.0
5748.81,37.766,0.0,0.0
5749.32,37.766,0.0,0.0
5749.83,37.766,0.0,0.0
5750.34,37.847,0.0,0.0
5750.84,37.996,0.0,0.0
5751.35,37.981,0.0,0.0
5751.85,38.11,0.0,0.0
5752.36,38.137,0.0,0.0
5752.86,38.152,0.0,0.0
5753.37,38.151,0.0,0.0
5753.88,38.151,0.0,0.0
5754.39,38.151,0.0,0.0
5754.9,38.151,0.0,0.0
5755.41,38.151,0.0,0.0
5755.92,38.254,0.0,0.0
5756.42,38.318,0.0,0.0
5756.92,38.391,0.0,0.0
5757.43,38.487,0.0,0.0
5757.93,38.541,0.0,0.0
5758.44,38.554,0.0,0.0
5758.95,38.554,0.0,0.0
5759.46,38.554,0.0,0.0
5759.97,38.554,0.0,0.0
5760.48,38.554,0.0,0.0
5760.99,38.554,0.0,0.0
5761.5,38.649,0.0,0.0
5762.0,38.709,0.0,0.0
5762.51,38.834,0.0,0.0
5763.01,38.865,0.0,0.0
5763.52,38.92,0.0,0.0
5764.02,38.922,0.0,0.0
5764.53,38.922,0.0,0.0
5765.04,38.922,0.0,0.0
5765.55,38.922,0.0,0.0
5766.06,38.922,0.0,0.0
5766.57,38.922,0.0,0.0
5767.08,39.03,0.0,0.0
5767.58,39.118,0.0,0.0
5768.09,39.2,0.0,0.0
5768.59,39.259,0.0,0.0
5769.1,39.308,0.0,0.0
5769.6,39.309,0.0,0.0
5770.11,39.304,0.0,0.0
5770.62,39.304,0.0,0.0
5771.13,39.304,0.0,0.0
5771.64,39.304,0.0,0.0
5772.15,39.304,0.0,0.0
5772.66,39.362,0.0,0.0
5773.16,39.445,0.0,0.0
5773.67,39.536,0.0,0.0
5774.17,39.605,0.0,0.0
5774.67,39.674,0.0,0.0
5775.18,39.698,0.0,0.0
5775.69,39.699,0.0,0.0
5776.19,39.699,0.0,0.0
5776.7,39.699,0.0,0.0
5777.21,39.699,0.0,0.0
5777.72,39.699,0.0,0.0
5778.22,39.699,0.0,0.0
5778.73,39.771,0.0,0.0
5779.23,39.82,0.0,0.0
5779.74,39.91,0.0,0.0
5780.24,39.979,0.0,0.0
5780.75,40.031,0.0,0.0
5781.25,40.06,0.0,0.0
5781.76,40.06,0.0,0.0
5782.26,40.06,0.0,0.0
5782.77,40.06,0.0,0.0
5783.27,40.06,0.0,0.0
5783.78,40.06,0.0,0.0
5784.29,40.06,0.0,0.0
5784.8,40.142,0.0,0.0
5785.31,40.228,0.0,0.0
5785.81,40.294,0.0,0.0
5786.32,40.296,0.0,0.0
5786.83,40.296,0.0,0.0
5787.34,40.332,0.0,0.0
5787.85,40.335,0.0,0.0
5788.35,40.335,0.0,0.0
5788.86,40.368,0.0,0.0
5789.37,40.448,0.0,0.0
5789.88,40.448,0.0,0.0
5790.38,40.458,0.0,0.0
5790.89,40.458,0.0,0.0
5791.4,40.458,0.0,0.0
5791.91,40.458,0.0,0.0
5792.42,40.458,0.0,0.0
5792.93,40.52,0.0,0.0
5793.44,40.509,0.0,0.0
5793.95,40.509,0.0,0.0
5794.46,40.515,0.0,0.0
5794.97,40.515,0.0,0.0
5795.48,40.564,0.0,0.0
5795.98,40.565,0.0,0.0
5796.49,40.565,0.0,0.0
5797.0,40.565,0.0,0.0
5797.51,40.473,0.0,0.0
5798.01,40.526,0.0,0.0
5798.52,40.528,0.0,0.0
5799.03,40.528,0.0,0.0
5799.54,40.528,0.0,0.0
5800.05,40.512,0.0,0.0
5800.56,40.513,0.0,0.0
5801.06,40.513,0.0,0.0
5801.57,40.513,0.0,0.0
5802.08,40.603,0.0,0.0
5802.58,40.522,0.0,0.0
5803.09,40.522,0.0,0.0
5803.6,40.475,0.0,0.0
5804.1,40.45,0.0,0.0
5804.6,40.45,0.0,0.0
5805.11,40.394,0.0,0.0
5805.61,40.451,0.0,0.0
5806.13,40.454,0.0,0.0
5806.63,40.46,0.0,0.0
5807.14,40.46,0.0,0.0
5807.65,40.46,0.0,0.0
5808.16,40.46,0.0,0.0
5808.66,40.492,0.0,0.0
5809.17,40.511,0.0,0.0
5809.68,40.395,0.0,0.0
5810.19,40.395,0.0,0.0
5810.69,40.454,0.0,0.0
5811.2,40.457,0.0,0.0
5811.71,40.457,0.0,0.0
5812.22,40.462,0.0,0.0
5812.73,40.462,0.0,0.0
5813.24,40.536,0.0,0.0
5813.74,40.568,0.0,0.0
5814.25,40.568,0.0,0.0
5814.76,40.634,0.0,0.0
5815.27,40.585,0.0,0.0
5815.77,40.598,0.0,0.0
5816.28,40.598,0.0,0.0
5816.79,40.559,0.0,0.0
5817.29,40.559,0.0,0.0
5817.8,40.559,0.0,0.0
5818.31,40.559,0.0,0.0
5818.82,40.563,0.0,0.0
5819.33,40.581,0.0,0.0
5819.83,40.581,0.0,0.0
5820.35,40.581,0.0,0.0
5820.85,40.581,0.0,0.0
5821.36,40.626,0.0,0.0
5821.87,40.677,0.0,0.0
5822.37,40.708,0.0,0.0
5822.87,40.835,0.0,0.0
5823.38,40.89,0.0,0.0
5823.89,40.746,0.0,0.0
5824.4,40.745,0.0,0.0
5824.91,40.745,0.0,0.0
5825.41,40.745,0.0,0.0
5825.92,40.745,0.0,0.0
5826.43,40.745,0.0,0.0
5826.94,40.836,0.0,0.0
5827.44,40.935,0.0,0.0
5827.95,41.053,0.0,0.0
5828.45,41.097,0.0,0.0
5828.95,41.132,0.0,0.0
5829.46,41.134,0.0,0.0
5829.97,41.134,0.0,0.0
5830.48,41.134,0.0,0.0
5830.99,41.134,0.0,0.0
5831.5,41.134,0.0,0.0
5832.01,41.134,0.0,0.0
5832.51,41.256,0.0,0.0
5833.02,41.338,0.0,0.0
5833.52,41.402,0.0,0.0
5834.03,41.483,0.0,0.0
5834.53,41.507,0.0,0.0
5835.04,41.509,0.0,0.0
5835.55,41.509,0.0,0.0
5836.06,41.509,0.0,0.0
5836.57,41.509,0.0,0.0
5837.07,41.509,0.0,0.0
5837.58,41.601,0.0,0.0
5838.09,41.679,0.0,0.0
5838.59,41.731,0.0,0.0
5839.09,41.846,0.0,0.0
5839.6,41.875,0.0,0.0
5840.11,41.899,0.0,0.0
5840.61,41.899,0.0,0.0
5841.12,41.899,0.0,0.0
5841.63,41.899,0.0,0.0
5842.14,41.899,0.0,0.0
5842.65,41.899,0.0,0.0
5843.15,41.998,0.0,0.0
5843.66,42.096,0.0,0.0
5844.16,42.168,0.0,0.0
5844.66,42.249,0.0,0.0
5845.17,42.274,0.0,0.0
5845.68,42.274,0.0,0.0
5846.18,42.282,0.0,0.0
5846.69,42.282,0.0,0.0
5847.2,42.282,0.0,0.0
5847.71,42.282,0.0,0.0
5848.21,42.282,0.0,0.0
5848.72,42.282,0.0,0.0
5849.23,42.282,0.0,0.0
5849.74,42.374,0.0,0.0
5850.24,42.454,0.0,0.0
5850.75,42.565,0.0,0.0
5851.25,42.627,0.0,0.0
5851.75,42.659,0.0,0.0
5852.26,42.659,0.0,0.0
5852.77,42.666,0.0,0.0
5853.28,42.666,0.0,0.0
5853.78,42.666,0.0,0.0
5854.29,42.666,0.0,0.0
5854.8,42.666,0.0,0.0
5855.31,42.765,0.0,0.0
5855.81,42.821,0.0,0.0
5856.32,42.93,0.0,0.0
5856.82,43.024,0.0,0.0
5857.32,43.038,0.0,0.0
5857.83,43.046,0.0,0.0
5858.34,43.054,0.0,0.0
5858.85,43.054,0.0,0.0
5859.36,43.054,0.0,0.0
5859.87,43.055,0.0,0.0
5860.38,43.055,0.0,0.0
5860.89,43.138,0.0,0.0
5861.39,43.268,0.0,0.0
5861.89,43.342,0.0,0.0
5862.4,43.403,0.0,0.0
5862.9,43.421,0.0,0.0
5863.41,43.424,0.0,0.0
5863.92,43.424,0.0,0.0
5864.43,43.424,0.0,0.0
5864.93,43.424,0.0,0.0
5865.44,43.424,0.0,0.0
5865.95,43.424,0.0,0.0
5866.46,43.597,0.0,0.0
5866.96,43.655,0.0,0.0
5867.47,43.781,0.0,0.0
5867.97,43.831,0.0,0.0
5868.48,43.822,0.0,0.0
5868.99,43.822,0.0,0.0
5869.49,43.822,0.0,0.0
5870.0,43.822,0.0,0.0
5870.51,43.822,0.0,0.0
5871.02,43.822,0.0,0.0
5871.53,43.906,0.0,0.0
5872.03,43.985,0.0,0.0
5872.53,44.044,0.0,0.0
5873.04,44.163,0.0,0.0
5873.54,44.202,0.0,0.0
5874.05,44.216,0.0,0.0
5874.56,44.217,0.0,0.0
5875.07,44.218,0.0,0.0
5875.58,44.218,0.0,0.0
5876.09,44.218,0.0,0.0
5876.6,44.218,0.0,0.0
5877.11,44.277,0.0,0.0
5877.61,44.365,0.0,0.0
5878.12,44.428,0.0,0.0
5878.62,44.528,0.0,0.0
5879.13,44.606,0.0,0.0
5879.63,44.606,0.0,0.0
5880.14,44.606,0.0,0.0
5880.65,44.606,0.0,0.0
5881.16,44.606,0.0,0.0
5881.67,44.606,0.0,0.0
5882.18,44.606,0.0,0.0
5882.69,44.606,0.0,0.0
5883.19,44.606,0.0,0.0
5883.7,44.606,0.0,0.0
5884.21,44.7,0.0,0.0
5884.72,44.774,0.0,0.0
5885.22,44.879,0.0,0.0
5885.73,44.953,0.0,0.0
5886.23,44.973,0.0,0.0
5886.73,44.971,0.0,0.0
5887.24,44.973,0.0,0.0
5887.75,44.973,0.0,0.0
5888.26,44.973,0.0,0.0
5888.77,44.973,0.0,0.0
5889.28,44.973,0.0,0.0
5889.79,45.065,0.0,0.0
5890.29,45.189,0.0,0.0
5890.79,45.271,0.0,0.0
5891.3,45.358,0.0,0.0
5891.81,45.356,0.0,0.0
5892.31,45.356,0.0,0.0
5892.82,45.356,0.0,0.0
5893.33,45.356,0.0,0.0
5893.84,45.356,0.0,0.0
5894.35,45.356,0.0,0.0
5894.86,45.457,0.0,0.0
5895.36,45.528,0.0,0.0
5895.86,45.633,0.0,0.0
5896.37,45.711,0.0,0.0
5896.87,45.746,0.0,0.0
5897.38,45.749,0.0,0.0
5897.89,45.749,0.0,0.0
5898.39,45.749,0.0,0.0
5898.9,45.749,0.0,0.0
5899.41,45.749,0.0,0.0
5899.92,45.749,0.0,0.0
5900.42,45.847,0.0,0.0
5900.93,45.955,0.0,0.0
5901.43,46.032,0.0,0.0
5901.93,46.091,0.0,0.0
5902.44,46.121,0.0,0.0
5902.95,46.122,0.0,0.0
5903.45,46.122,0.0,0.0
5903.96,46.122,0.0,0.0
5904.47,46.122,0.0,0.0
5904.98,46.122,0.0,0.0
5905.49,46.122,0.0,0.0
5906.0,46.221,0.0,0.0
5906.5,46.346,0.0,0.0
5907.0,46.421,0.0,0.0
5907.51,46.485,0.0,0.0
5908.01,46.51,0.0,0.0
5908.52,46.512,0.0,0.0
5909.03,46.517,0.0,0.0
5909.54,46.517,0.0,0.0
5910.04,46.517,0.0,0.0
5910.55,46.517,0.0,0.0
5911.06,46.517,0.0,0.0
5911.57,46.59,0.0,0.0
5912.08,46.671,0.0,0.0
5912.58,46.748,0.0,0.0
5913.09,46.855,0.0,0.0
5913.59,46.909,0.0,0.0
5914.1,46.911,0.0,0.0
5914.61,46.911,0.0,0.0
5915.11,46.911,0.0,0.0
5915.62,46.911,0.0,0.0
5916.13,46.911,0.0,0.0
5916.64,46.911,0.0,0.0
5917.15,46.911,0.0,0.0
5917.65,47.022,0.0,0.0
5918.16,47.118,0.0,0.0
5918.66,47.224,0.0,0.0
5919.17,47.272,0.0,0.0
5919.67,47.273,0.0,0.0
5920.18,47.273,0.0,0.0
5920.69,47.273,0.0,0.0
5921.19,47.273,0.0,0.0
5921.7,47.273,0.0,0.0
5922.21,47.273,0.0,0.0
5922.72,47.374,0.0,0.0
5923.22,47.489,0.0,0.0
5923.73,47.585,0.0,0.0
5924.23,47.697,0.0,0.0
5924.73,47.67,0.0,0.0
5925.24,47.676,0.0,0.0
5925.75,47.676,0.0,0.0
5926.25,47.676,0.0,0.0
5926.76,47.676,0.0,0.0
5927.27,47.676,0.0,0.0
5927.78,47.785,0.0,0.0
5928.28,47.895,0.0,0.0
5928.78,47.96,0.0,0.0
5929.29,48.041,0.0,0.0
5929.79,48.051,0.0,0.0
5930.3,48.052,0.0,0.0
5930.81,48.055,0.0,0.0
5931.32,48.056,0.0,0.0
5931.82,48.057,0.0,0.0
5932.33,48.057,0.0,0.0
5932.84,48.057,0.0,0.0
5933.35,48.148,0.0,0.0
5933.85,48.251,0.0,0.0
5934.35,48.352,0.0,0.0
5934.86,48.456,0.0,0.0
5935.36,48.425,0.0,0.0
5935.87,48.442,0.0,0.0
5936.37,48.443,0.0,0.0
5936.88,48.443,0.0,0.0
5937.39,48.443,0.0,0.0
5937.9,48.443,0.0,0.0
5938.41,48.443,0.0,0.0
5938.92,48.522,0.0,0.0
5939.42,48.642,0.0,0.0
5939.92,48.742,0.0,0.0
5940.43,48.821,0.0,0.0
5940.93,48.827,0.0,0.0
5941.44,48.827,0.0,0.0
5941.95,48.827,0.0,0.0
5942.46,48.827,0.0,0.0
5942.97,48.827,0.0,0.0
5943.48,48.827,0.0,0.0
5943.98,48.93,0.0,0.0
5944.49,48.977,0.0,0.0
5944.99,49.045,0.0,0.0
5945.49,49.2,0.0,0.0
5946.0,49.22,0.0,0.0
5946.51,49.221,0.0,0.0
5947.02,49.221,0.0,0.0
5947.53,49.221,0.0,0.0
5948.04,49.221,0.0,0.0
5948.55,49.221,0.0,0.0
5949.05,49.221,0.0,0.0
5949.56,49.376,0.0,0.0
5950.07,49.445,0.0,0.0
5950.57,49.555,0.0,0.0
5951.08,49.582,0.0,0.0
5951.59,49.591,0.0,0.0
5952.09,49.59,0.0,0.0
5952.6,49.59,0.0,0.0
5953.11,49.59,0.0,0.0
5953.62,49.591,0.0,0.0
5954.13,49.591,0.0,0.0
5954.63,49.71,0.0,0.0
5955.14,49.825,0.0,0.0
5955.64,49.88,0.0,0.0
5956.15,49.97,0.0,0.0
5956.66,49.973,0.0,0.0
5957.16,49.974,0.0,0.0
5957.67,49.974,0.0,0.0
5958.18,49.974,0.0,0.0
5958.69,49.974,0.0,0.0
5959.2,49.974,0.0,0.0
5959.71,49.974,0.0,0.0
5960.22,50.142,0.0,0.0
5960.73,50.195,0.0,0.0
5961.23,50.33,0.0,0.0
5961.73,50.347,0.0,0.0
5962.24,50.362,0.0,0.0
5962.75,50.365,0.0,0.0
5963.26,50.365,0.0,0.0
5963.77,50.365,0.0,0.0
5964.27,50.365,0.0,0.0
5964.78,50.365,0.0,0.0
5965.29,50.365,0.0,0.0
5965.8,50.519,0.0,0.0
5966.31,50.608,0.0,0.0
5966.81,50.738,0.0,0.0
5967.32,50.767,0.0,0.0
5967.82,50.768,0.0,0.0
5968.33,50.768,0.0,0.0
5968.84,50.768,0.0,0.0
5969.35,50.768,0.0,0.0
5969.86,50.768,0.0,0.0
5970.37,50.768,0.0,0.0
5970.88,50.94,0.0,0.0
5971.39,51.067,0.0,0.0
5971.89,51.13,0.0,0.0
5972.39,51.154,0.0,0.0
5972.9,51.154,0.0,0.0
5973.41,51.154,0.0,0.0
5973.91,51.154,0.0,0.0
5974.42,51.154,0.0,0.0
5974.93,51.154,0.0,0.0
5975.44,51.154,0.0,0.0
5975.95,51.286,0.0,0.0
5976.46,51.372,0.0,0.0
5976.96,51.486,0.0,0.0
5977.47,51.498,0.0,0.0
5977.97,51.515,0.0,0.0
5978.48,51.515,0.0,0.0
5978.99,51.52,0.0,0.0
5979.49,51.52,0.0,0.0
5980.0,51.52,0.0,0.0
5980.51,51.521,0.0,0.0
5981.02,51.627,0.0,0.0
5981.53,51.627,0.0,0.0
5982.04,51.696,0.0,0.0
5982.55,51.83,0.0,0.0
5983.05,51.882,0.0,0.0
5983.56,51.901,0.0,0.0
5984.06,51.907,0.0,0.0
5984.57,51.907,0.0,0.0
5985.08,51.907,0.0,0.0
5985.59,51.907,0.0,0.0
5986.1,51.907,0.0,0.0
5986.61,51.952,0.0,0.0
5987.12,52.007,0.0,0.0
5987.63,52.082,0.0,0.0
5988.13,52.175,0.0,0.0
5988.64,52.271,0.0,0.0
5989.14,52.313,0.0,0.0
5989.65,52.313,0.0,0.0
5990.16,52.314,0.0,0.0
5990.67,52.314,0.0,0.0
5991.18,52.314,0.0,0.0
5991.68,52.314,0.0,0.0
5992.19,52.401,0.0,0.0
5992.7,52.401,0.0,0.0
5993.21,52.468,0.0,0.0
5993.71,52.575,0.0,0.0
5994.21,52.668,0.0,0.0
5994.72,52.711,0.0,0.0
5995.23,52.717,0.0,0.0
5995.73,52.717,0.0,0.0
5996.24,52.717,0.0,0.0
5996.75,52.717,0.0,0.0
5997.25,52.717,0.0,0.0
5997.76,52.804,0.0,0.0
5998.27,52.835,0.0,0.0
5998.78,52.935,0.0,0.0
5999.28,53.042,0.0,0.0
5999.79,53.071,0.0,0.0
6000.29,53.082,0.0,0.0
6000.8,53.082,0.0,0.0
6001.31,53.082,0.0,0.0
6001.82,53.082,0.0,0.0
6002.33,53.082,0.0,0.0
6002.84,53.179,0.0,0.0
6003.35,53.18,0.0,0.0
6003.86,53.326,0.0,0.0
6004.37,53.443,0.0,0.0
6004.87,53.487,0.0,0.0
6005.38,53.495,0.0,0.0
6005.89,53.495,0.0,0.0
6006.4,53.495,0.0,0.0
6006.91,53.495,0.0,0.0
6007.42,53.495,0.0,0.0
6007.93,53.575,0.0,0.0
6008.43,53.575,0.0,0.0
6008.94,53.684,0.0,0.0
6009.44,53.795,0.0,0.0
6009.95,53.878,0.0,0.0
6010.46,53.876,0.0,0.0
6010.97,53.876,0.0,0.0
6011.48,53.876,0.0,0.0
6011.99,53.876,0.0,0.0
6012.5,53.876,0.0,0.0
6013.01,53.958,0.0,0.0
6013.51,53.959,0.0,0.0
6014.02,54.094,0.0,0.0
6014.53,54.139,0.0,0.0
6015.03,54.266,0.0,0.0
6015.54,54.235,0.0,0.0
6016.05,54.242,0.0,0.0
6016.56,54.242,0.0,0.0
6017.07,54.242,0.0,0.0
6017.58,54.245,0.0,0.0
6018.08,54.246,0.0,0.0
6018.59,54.246,0.0,0.0
6019.1,54.341,0.0,0.0
6019.61,54.344,0.0,0.0
6020.12,54.503,0.0,0.0
6020.63,54.618,0.0,0.0
6021.13,54.649,0.0,0.0
6021.64,54.649,0.0,0.0
6022.15,54.649,0.0,0.0
6022.66,54.649,0.0,0.0
6023.17,54.649,0.0,0.0
6023.68,54.649,0.0,0.0
6024.19,54.743,0.0,0.0
6024.69,54.793,0.0,0.0
6025.2,54.877,0.0,0.0
6025.7,54.989,0.0,0.0
6026.21,55.014,0.0,0.0
6026.72,55.014,0.0,0.0
6027.23,55.014,0.0,0.0
6027.74,55.014,0.0,0.0
6028.25,55.014,0.0,0.0
6028.76,55.07,0.0,0.0
6029.26,55.113,0.0,0.0
6029.77,55.161,0.0,0.0
6030.27,55.302,0.0,0.0
6030.78,55.378,0.0,0.0
6031.28,55.395,0.0,0.0
6031.79,55.407,0.0,0.0
6032.3,55.407,0.0,0.0
6032.81,55.407,0.0,0.0
6033.31,55.407,0.0,0.0
6033.82,55.407,0.0,0.0
6034.33,55.514,0.0,0.0
6034.84,55.514,0.0,0.0
6035.35,55.651,0.0,0.0
6035.86,55.744,0.0,0.0
6036.36,55.799,0.0,0.0
6036.87,55.814,0.0,0.0
6037.38,55.814,0.0,0.0
6037.89,55.814,0.0,0.0
6038.4,55.814,0.0,0.0
6038.91,55.814,0.0,0.0
6039.42,55.918,0.0,0.0
6039.92,55.918,0.0,0.0
6040.44,56.035,0.0,0.0
6040.94,56.144,0.0,0.0
6041.44,56.168,0.0,0.0
6041.95,56.17,0.0,0.0
6042.46,56.17,0.0,0.0
6042.97,56.17,0.0,0.0
6043.48,56.17,0.0,0.0
6043.99,56.17,0.0,0.0
6044.5,56.267,0.0,0.0
6045.0,56.275,0.0,0.0
6045.51,56.387,0.0,0.0
6046.02,56.518,0.0,0.0
6046.52,56.592,0.0,0.0
6047.03,56.601,0.0,0.0
6047.54,56.602,0.0,0.0
6048.05,56.603,0.0,0.0
6048.56,56.603,0.0,0.0
6049.07,56.603,0.0,0.0
6049.58,56.698,0.0,0.0
6050.08,56.698,0.0,0.0
6050.59,56.826,0.0,0.0
6051.09,56.95,0.0,0.0
6051.59,56.981,0.0,0.0
6052.1,56.982,0.0,0.0
6052.61,56.982,0.0,0.0
6053.12,56.982,0.0,0.0
6053.63,56.974,0.0,0.0
6054.14,56.974,0.0,0.0
6054.65,57.077,0.0,0.0
6055.15,57.08,0.0,0.0
6055.66,57.15,0.0,0.0
6056.17,57.281,0.0,0.0
6056.67,57.368,0.0,0.0
6057.18,57.381,0.0,0.0
6057.69,57.381,0.0,0.0
6058.2,57.381,0.0,0.0
6058.7,57.381,0.0,0.0
6059.21,57.381,0.0,0.0
6059.72,57.381,0.0,0.0
6060.23,57.467,0.0,0.0
6060.73,57.467,0.0,0.0
6061.24,57.612,0.0,0.0
6061.74,57.732,0.0,0.0
6062.25,57.77,0.0,0.0
6062.75,57.768,0.0,0.0
6063.26,57.768,0.0,0.0
6063.77,57.768,0.0,0.0
6064.28,57.768,0.0,0.0
6064.79,57.768,0.0,0.0
6065.3,57.874,0.0,0.0
6065.8,57.876,0.0,0.0
6066.31,57.988,0.0,0.0
6066.81,58.075,0.0,0.0
6067.32,58.157,0.0,0.0
6067.83,58.159,0.0,0.0
6068.33,58.159,0.0,0.0
6068.84,58.159,0.0,0.0
6069.35,58.159,0.0,0.0
6069.86,58.159,0.0,0.0
6070.37,58.244,0.0,0.0
6070.88,58.245,0.0,0.0
6071.38,58.342,0.0,0.0
6071.89,58.461,0.0,0.0
6072.4,58.532,0.0,0.0
6072.91,58.533,0.0,0.0
6073.41,58.533,0.0,0.0
6073.92,58.533,0.0,0.0
6074.43,58.533,0.0,0.0
6074.94,58.533,0.0,0.0
6075.44,58.628,0.0,0.0
6075.95,58.63,0.0,0.0
6076.46,58.765,0.0,0.0
6076.96,58.822,0.0,0.0
6077.47,58.913,0.0,0.0
6077.98,58.913,0.0,0.0
6078.49,58.914,0.0,0.0
6078.99,58.914,0.0,0.0
6079.5,58.914,0.0,0.0
6080.01,58.914,0.0,0.0
6080.52,58.991,0.0,0.0
6081.02,59.018,0.0,0.0
6081.53,59.07,0.0,0.0
6082.04,59.221,0.0,0.0
6082.54,59.29,0.0,0.0
6083.05,59.298,0.0,0.0
6083.55,59.301,0.0,0.0
6084.06,59.301,0.0,0.0
6084.57,59.301,0.0,0.0
6085.08,59.301,0.0,0.0
6085.59,59.301,0.0,0.0
6086.1,59.399,0.0,0.0
6086.61,59.399,0.0,0.0
6087.12,59.437,0.0,0.0
6087.63,59.448,0.0,0.0
6088.14,59.451,0.0,0.0
6088.65,59.451,0.0,0.0
6089.15,59.477,0.0,0.0
6089.66,59.574,0.0,0.0
6090.17,59.574,0.0,0.0
6090.68,59.574,0.0,0.0
6091.19,59.612,0.0,0.0
6091.69,59.657,0.0,0.0
6092.2,59.657,0.0,0.0
6092.71,59.703,0.0,0.0
6093.22,59.703,0.0,0.0
6093.73,59.712,0.0,0.0
6094.24,59.712,0.0,0.0
6094.75,59.712,0.0,0.0
6095.25,59.712,0.0,0.0
6095.76,59.769,0.0,0.0
6096.27,59.774,0.0,0.0
6096.78,59.787,0.0,0.0
6097.29,59.787,0.0,0.0
6097.8,59.851,0.0,0.0
6098.31,59.948,0.0,0.0
6098.82,59.992,0.0,0.0
6099.32,60.054,0.0,0.0
6099.82,60.103,0.0,0.0
6100.33,60.108,0.0,0.0
6100.84,60.107,0.0,0.0
6101.35,60.107,0.0,0.0
6101.86,60.107,0.0,0.0
6102.37,60.107,0.0,0.0
6102.88,60.2,0.0,0.0
6103.38,60.205,0.0,0.0
6103.89,60.216,0.0,0.0
6104.4,60.217,0.0,0.0
6104.91,60.228,0.0,0.0
6105.42,60.275,0.0,0.0
6105.93,60.374,0.0,0.0
6106.44,60.372,0.0,0.0
6106.94,60.232,0.0,0.0
6107.45,60.303,0.0,0.0
6107.96,60.302,0.0,0.0
6108.47,60.302,0.0,0.0
6108.97,60.333,0.0,0.0
6109.49,60.342,0.0,0.0
6109.99,60.342,0.0,0.0
6110.5,60.342,0.0,0.0
6111.01,60.342,0.0,0.0
6111.52,60.342,0.0,0.0
6112.03,60.375,0.0,0.0
6112.54,60.296,0.0,0.0
6113.05,60.289,0.0,0.0
6113.56,60.293,0.0,0.0
6114.07,60.295,0.0,0.0
6114.58,60.295,0.0,0.0
6115.09,60.359,0.0,0.0
6115.6,60.366,0.0,0.0
6116.1,60.366,0.0,0.0
6116.61,60.366,0.0,0.0
6117.12,60.355,0.0,0.0
6117.63,60.404,0.0,0.0
6118.13,60.412,0.0,0.0
6118.64,60.414,0.0,0.0
6119.15,60.443,0.0,0.0
6119.66,60.446,0.0,0.0
6120.16,60.446,0.0,0.0
6120.67,60.446,0.0,0.0
6121.18,60.561,0.0,0.0
6121.68,60.594,0.0,0.0
6122.19,60.59,0.0,0.0
6122.7,60.59,0.0,0.0
6123.2,60.59,0.0,0.0
6123.71,60.582,0.0,0.0
6124.22,60.569,0.0,0.0
6124.73,60.666,0.0,0.0
6125.24,60.672,0.0,0.0
6125.75,60.699,0.0,0.0
6126.26,60.701,0.0,0.0
6126.77,60.69,0.0,0.0
6127.28,60.702,0.0,0.0
6127.79,60.702,0.0,0.0
6128.29,60.843,0.0,0.0
6128.8,60.947,0.0,0.0
6129.31,60.947,0.0,0.0
6129.81,60.947,0.0,0.0
6130.33,60.947,0.0,0.0
6130.84,60.947,0.0,0.0
6131.35,60.947,0.0,0.0
6131.86,61.05,0.0,0.0
6132.36,61.053,0.0,0.0
6132.87,61.08,0.0,0.0
6133.38,61.156,0.0,0.0
6133.88,61.214,0.0,0.0
6134.39,61.214,0.0,0.0
6134.9,61.301,0.0,0.0
6135.4,61.336,0.0,0.0
6135.91,61.341,0.0,0.0
6136.41,61.341,0.0,0.0
6136.92,61.341,0.0,0.0
6137.43,61.341,0.0,0.0
6137.94,61.341,0.0,0.0
6138.44,61.384,0.0,0.0
6138.95,61.407,0.0,0.0
6139.46,61.408,0.0,0.0
6139.97,61.408,0.0,0.0
6140.47,61.408,0.0,0.0
6140.98,61.447,0.0,0.0
6141.49,61.466,0.0,0.0
6141.99,61.466,0.0,0.0
6142.5,61.466,0.0,0.0
6143.0,61.551,0.0,0.0
6143.51,61.551,0.0,0.0
6144.02,61.447,0.0,0.0
6144.53,61.447,0.0,0.0
6145.04,61.516,0.0,0.0
6145.54,61.513,0.0,0.0
6146.05,61.544,0.0,0.0
6146.55,61.55,0.0,0.0
6147.06,61.55,0.0,0.0
6147.57,61.55,0.0,0.0
6148.07,61.55,0.0,0.0
6148.58,61.534,0.0,0.0
6149.09,61.59,0.0,0.0
6149.6,61.512,0.0,0.0
6150.1,61.505,0.0,0.0
6150.61,61.505,0.0,0.0
6151.12,61.505,0.0,0.0
6151.63,61.482,0.0,0.0
6152.13,61.545,0.0,0.0
6152.64,61.532,0.0,0.0
6153.15,61.532,0.0,0.0
6153.66,61.532,0.0,0.0
6154.16,61.587,0.0,0.0
6154.67,61.59,0.0,0.0
6155.18,61.593,0.0,0.0
6155.69,61.593,0.0,0.0
6156.19,61.594,0.0,0.0
6156.7,61.596,0.0,0.0
6157.21,61.607,0.0,0.0
6157.72,61.607,0.0,0.0
6158.23,61.607,0.0,0.0
6158.74,61.592,0.0,0.0
6159.24,61.589,0.0,0.0
6159.75,61.589,0.0,0.0
6160.26,61.661,0.0,0.0
6160.77,61.667,0.0,0.0
6161.28,61.607,0.0,0.0
6161.78,61.607,0.0,0.0
6162.29,61.607,0.0,0.0
6162.8,61.607,0.0,0.0
6163.31,61.62,0.0,0.0
6163.81,61.632,0.0,0.0
6164.32,61.635,0.0,0.0
6164.83,61.635,0.0,0.0
6165.34,61.6,0.0,0.0
6165.85,61.661,0.0,0.0
6166.36,61.666,0.0,0.0
6166.87,61.672,0.0,0.0
6167.38,61.597,0.0,0.0
6167.88,61.585,0.0,0.0
6168.39,61.623,0.0,0.0
6168.9,61.627,0.0,0.0
6169.42,61.362,0.0,0.0
6169.93,61.479,0.0,0.0
6170.43,61.495,0.0,0.0
6170.94,61.51,0.0,0.0
6171.45,61.512,0.0,0.0
6171.95,61.514,0.0,0.0
6172.46,61.516,0.0,0.0
6172.97,61.572,0.0,0.0
6173.48,61.61,0.0,0.0
6173.99,61.572,0.0,0.0
6174.49,61.572,0.0,0.0
6175.0,61.572,0.0,0.0
6175.5,61.579,0.0,0.0
6176.01,61.58,0.0,0.0
6176.51,61.583,0.0,0.0
6177.02,61.583,0.0,0.0
6177.53,61.557,0.0,0.0
6178.03,61.557,0.0,0.0
6178.54,61.557,0.0,0.0
6179.05,61.557,0.0,0.0
6179.56,61.507,0.0,0.0
6180.06,61.606,0.0,0.0
6180.57,61.61,0.0,0.0
6181.07,61.525,0.0,0.0
6181.58,61.525,0.0,0.0
6182.09,61.464,0.0,0.0
6182.59,61.464,0.0,0.0
6183.1,61.51,0.0,0.0
6183.61,61.513,0.0,0.0
6184.11,61.514,0.0,0.0
6184.62,61.514,0.0,0.0
6185.13,61.602,0.0,0.0
6185.64,61.586,0.0,0.0
6186.15,61.459,0.0,0.0
6186.66,61.459,0.0,0.0
6187.17,61.459,0.0,0.0
6187.68,61.511,0.0,0.0
6188.18,61.524,0.0,0.0
6188.69,61.612,0.0,0.0
6189.19,61.611,0.0,0.0
6189.7,61.664,0.0,0.0
6190.21,61.538,0.0,0.0
6190.72,61.553,0.0,0.0
6191.23,61.553,0.0,0.0
6191.74,61.555,0.0,0.0
6192.24,61.605,0.0,0.0
6192.75,61.477,0.0,0.0
6193.26,61.522,0.0,0.0
6193.77,61.571,0.0,0.0
6194.28,61.618,0.0,0.0
6194.79,61.666,0.0,0.0
6195.3,61.505,0.0,0.0
6195.81,61.549,0.0,0.0
6196.32,61.231,0.0,0.0
6196.83,60.566,0.0,0.0
6197.34,60.186,0.0,0.0
6197.85,59.587,0.0,0.0
6198.35,59.336,0.0,0.0
6198.86,59.375,0.0,0.0
6199.37,59.414,0.0,0.0
6199.88,59.453,0.0,0.0
6200.39,59.492,0.0,0.0
6200.9,59.533,0.0,0.0
6201.41,59.572,0.0,0.0
6201.92,59.613,0.0,0.0
6202.43,59.652,0.0,0.0
6202.94,59.693,0.0,0.0
6203.45,59.733,0.0,0.0
6203.95,59.771,0.0,0.0
6204.46,59.801,0.0,0.0
6204.97,59.824,0.0,0.0
6205.48,59.816,0.0,0.0
6205.99,59.833,0.0,0.0
6206.5,59.845,0.0,0.0
6207.01,59.345,0.0,0.0
6207.52,59.116,0.0,0.0
6208.02,59.058,0.0,0.0
6208.53,59.069,0.0,0.0
6209.04,59.082,0.0,0.0
6209.55,59.051,0.0,0.0
6210.06,52.822,0.0,0.0
6211.46,52.099,0.0,0.0
