t_s,rss_gb,cuda_alloc_gb,cuda_reserved_gb
0.0,0.634,0.0,0.0
0.55,0.792,0.0,0.0
1.19,1.033,0.084,0.094
1.7,1.388,0.084,0.094
2.21,1.406,0.263,0.663
2.72,1.266,0.444,0.83
3.24,1.918,0.527,0.619
3.74,2.198,0.876,1.099
4.24,2.467,0.726,1.046
4.75,3.24,0.453,0.614
5.27,3.3,0.529,0.581
5.78,3.342,0.482,2.181
6.28,3.381,0.453,2.181
6.79,3.395,0.453,0.531
7.32,3.578,0.453,2.185
7.82,3.472,0.566,0.631
8.33,3.508,0.566,1.185
8.84,3.536,0.482,2.181
9.34,3.552,0.482,2.181
9.85,3.585,0.453,0.531
10.36,3.626,0.453,0.531
10.87,3.751,0.467,2.185
11.37,3.68,0.453,0.531
11.87,3.701,0.453,0.531
12.38,3.723,0.453,0.531
12.91,3.732,0.482,2.181
13.41,3.756,0.482,2.181
13.92,3.766,0.466,0.531
14.45,3.777,1.237,2.181
14.96,3.79,0.482,2.181
15.46,3.804,0.453,0.531
15.97,3.809,0.453,2.185
16.48,3.927,0.453,0.531
16.99,3.965,0.467,2.185
17.5,3.936,0.453,0.531
18.0,3.919,0.65,1.185
18.51,3.932,0.482,2.181
19.02,3.945,0.482,2.181
19.52,3.952,0.482,2.181
20.03,3.956,0.482,2.181
20.53,3.959,0.453,0.531
21.06,3.962,0.566,0.631
21.58,3.964,0.466,0.531
22.09,3.975,0.65,1.185
22.59,4.001,0.453,2.181
23.1,3.974,0.453,0.531
23.6,3.96,0.453,0.531
24.11,4.045,0.467,2.185
24.61,4.003,0.482,2.181
25.12,4.01,0.482,2.181
25.62,4.011,0.453,2.181
26.13,4.016,0.453,2.181
26.64,4.02,0.466,0.531
27.15,4.029,0.539,1.185
27.66,4.029,0.535,1.185
28.17,4.036,0.482,2.181
28.68,4.122,0.467,2.185
29.18,4.047,0.453,0.531
29.69,4.163,0.453,2.185
30.19,4.119,0.453,0.531
30.7,4.054,0.482,2.181
31.2,4.054,0.482,2.181
31.71,4.056,0.482,2.181
32.21,4.061,0.482,2.181
32.71,4.067,0.453,0.531
33.22,4.076,0.453,0.531
33.76,4.081,0.55,1.185
34.27,4.088,0.566,0.732
34.78,4.089,0.617,1.185
35.29,4.097,0.466,0.531
35.8,4.097,0.594,1.185
36.31,4.1,0.608,1.185
36.82,4.105,0.6,1.185
37.33,4.105,0.843,1.034
37.84,4.106,0.566,0.631
38.35,4.11,0.529,0.581
38.86,4.11,0.466,0.531
39.37,4.11,0.65,1.185
39.88,4.197,0.467,2.185
40.39,4.142,0.453,0.531
40.9,4.125,0.529,0.581
41.42,4.125,0.453,0.531
41.92,4.125,0.579,1.185
42.45,4.128,0.482,2.181
42.95,4.128,0.482,2.181
43.46,4.133,0.692,0.883
43.97,4.139,0.843,1.185
44.48,4.142,0.566,0.631
44.99,4.142,0.466,0.531
45.5,4.146,0.453,0.531
46.03,4.148,0.73,1.185
46.54,4.148,0.453,0.531
47.04,4.149,0.453,0.531
47.58,4.159,0.566,0.732
48.09,4.16,0.55,1.185
48.6,4.16,0.843,1.034
49.11,4.164,0.529,0.581
49.63,4.168,0.843,1.034
50.14,4.255,0.467,2.185
50.64,4.256,0.453,2.185
51.14,4.315,0.453,2.185
51.65,4.196,0.453,0.531
52.36,4.21,0.482,2.181
52.87,4.213,0.466,0.531
53.38,4.216,0.617,0.682
53.89,4.189,0.453,2.185
54.4,4.327,0.453,2.185
54.9,4.285,0.453,0.531
55.41,4.19,0.667,0.732
55.93,4.199,0.466,0.531
56.44,4.2,0.453,0.531
56.95,4.2,0.548,1.185
57.46,4.2,0.579,1.185
57.97,4.204,0.55,1.185
58.48,4.204,0.558,1.185
58.99,4.204,0.529,0.581
59.51,4.277,0.467,2.185
60.01,4.2,0.482,2.181
60.51,4.209,0.482,2.181
61.02,4.227,0.579,1.185
61.53,4.233,0.566,0.732
62.04,4.241,0.482,2.181
62.54,4.245,0.541,1.185
63.05,4.251,0.566,0.732
63.57,4.251,0.566,0.732
64.08,4.246,0.453,2.185
64.6,4.244,0.453,0.531
65.1,4.259,0.466,0.531
65.62,4.262,0.617,0.682
66.14,4.266,0.617,0.732
66.65,4.253,0.453,2.185
67.15,4.434,0.453,2.185
67.66,4.396,0.453,0.531
68.17,4.294,0.453,0.531
68.69,4.3,0.617,0.732
69.21,4.304,0.566,0.682
69.72,4.305,0.453,0.531
70.24,4.308,0.466,0.531
70.76,4.31,0.566,0.631
71.27,4.315,0.466,0.531
71.8,4.318,0.453,0.531
72.31,4.34,0.453,2.185
72.82,4.408,0.453,0.531
73.32,4.389,0.467,2.185
73.83,4.31,0.552,1.185
74.34,4.31,0.453,0.531
74.86,4.317,0.516,0.581
75.39,4.402,0.467,2.185
75.9,4.39,0.453,0.531
76.41,4.33,0.701,1.185
76.92,4.33,0.529,0.581
77.44,4.33,0.566,0.732
77.96,4.333,0.55,1.185
78.48,4.413,0.467,2.185
78.98,4.382,0.453,2.185
79.5,4.388,0.453,0.531
80.12,4.392,0.453,0.531
80.66,4.393,0.529,0.581
81.17,4.397,0.617,0.732
81.69,4.399,0.453,2.181
82.19,4.532,0.453,2.185
82.7,4.392,0.453,0.531
83.21,4.399,0.453,0.531
83.72,4.399,0.482,2.181
84.22,4.399,0.566,0.682
84.74,4.401,0.65,1.185
85.25,4.408,0.516,0.581
85.77,4.413,0.65,1.185
86.29,4.413,0.466,0.531
86.8,4.557,0.453,2.185
87.31,4.38,0.453,0.531
87.84,4.376,0.453,2.185
88.34,4.451,0.453,2.181
88.85,4.526,0.453,2.185
89.35,4.469,0.467,2.185
89.87,4.49,0.453,2.185
90.37,4.45,0.453,0.531
90.87,4.451,0.482,2.181
91.38,4.454,0.482,2.181
91.89,4.53,0.453,2.185
92.4,4.485,0.453,0.531
92.9,4.495,0.467,2.185
93.41,4.454,0.453,0.531
93.93,4.428,0.466,0.531
94.45,4.44,0.466,0.531
94.96,4.441,0.466,0.531
95.5,4.449,0.566,0.631
96.02,4.457,0.466,0.531
96.53,4.461,0.453,0.531
97.08,4.464,0.617,0.732
97.59,4.546,0.453,2.185
98.1,4.567,0.453,0.531
98.6,4.578,0.453,2.185
99.11,4.593,0.453,0.531
99.62,4.488,0.566,0.732
100.12,4.488,0.466,0.531
100.66,4.488,0.478,0.581
101.17,4.493,0.453,0.531
101.68,4.514,0.453,2.181
102.19,4.475,0.453,0.531
102.69,4.651,0.453,2.185
103.2,4.601,0.453,2.185
103.71,4.63,0.462,2.185
104.21,4.632,0.453,2.181
104.72,4.586,0.453,2.185
105.22,4.54,0.482,2.181
105.73,4.543,0.466,0.531
106.24,4.619,0.467,2.185
106.74,4.529,0.453,0.531
107.25,4.568,0.453,2.181
107.76,4.641,0.453,2.187
108.26,4.554,0.482,2.181
108.77,4.644,0.465,2.185
109.28,4.593,0.467,2.185
109.78,4.609,0.453,2.185
110.31,4.708,0.467,2.185
110.83,4.658,0.453,2.185
111.34,4.666,0.477,2.185
111.86,4.578,0.466,0.531
112.49,4.593,0.453,2.181
113.0,4.571,0.482,2.181
113.5,4.536,0.482,2.181
114.02,4.539,0.579,1.185
114.53,4.616,0.467,2.185
115.04,4.58,0.453,0.531
115.54,4.591,0.453,0.531
116.07,4.594,0.453,0.531
116.6,4.597,0.617,0.732
117.1,4.598,0.566,0.682
117.65,4.601,0.516,0.581
118.16,4.602,0.541,1.185
118.68,4.605,0.453,0.531
119.2,4.609,0.453,0.531
119.7,4.61,0.453,0.531
120.22,4.61,0.482,2.181
120.72,4.617,0.692,0.883
121.23,4.617,0.579,1.185
121.74,4.62,0.453,2.181
122.24,4.626,0.482,2.181
122.75,4.747,0.453,2.185
123.27,4.595,0.566,0.732
123.78,4.7,0.453,2.185
124.28,4.662,0.453,2.181
124.79,4.726,0.453,2.185
125.29,4.749,0.467,2.185
125.8,4.754,0.453,2.185
126.31,4.761,0.467,2.185
126.82,4.665,0.453,0.531
127.32,4.615,0.482,2.181
127.83,4.616,0.453,0.531
128.34,4.72,0.467,2.185
128.84,4.674,0.453,2.181
129.35,4.764,0.467,2.185
129.85,4.687,0.453,2.185
130.36,4.655,0.453,0.531
130.87,4.735,0.467,2.185
131.38,4.775,0.485,2.187
131.89,4.825,0.467,2.185
132.4,4.71,0.529,0.581
132.92,4.771,0.467,2.185
133.44,4.676,0.453,0.531
133.96,4.788,0.467,2.185
134.46,4.703,0.453,2.185
134.97,4.867,0.467,2.185
135.48,4.722,0.453,2.181
135.98,4.858,0.453,2.185
136.49,4.693,0.453,0.531
137.0,4.803,0.467,2.185
137.51,4.756,0.501,2.185
138.01,4.725,0.617,0.682
138.74,4.806,0.467,2.185
139.25,4.73,0.566,0.732
139.79,4.733,0.482,2.181
140.3,4.744,0.617,0.682
140.83,4.744,0.453,0.531
141.33,4.744,1.035,2.181
141.84,4.744,0.664,1.185
142.37,4.748,0.466,0.531
142.9,4.758,0.529,0.581
143.41,4.758,0.617,0.732
143.94,4.758,0.453,0.531
144.48,4.761,0.482,2.181
144.99,4.772,0.617,0.682
145.52,4.775,0.466,0.531
146.03,4.779,0.482,2.181
146.54,4.782,0.566,0.732
147.05,4.782,0.529,0.581
147.56,4.786,0.453,0.531
148.07,4.851,0.453,2.185
148.57,4.879,0.467,2.185
149.08,4.869,0.453,2.181
149.58,4.88,0.453,2.185
150.1,4.881,0.467,2.185
150.6,4.792,0.453,2.185
151.11,4.934,0.453,2.185
151.62,4.805,0.453,2.181
152.12,4.889,0.454,2.185
152.63,4.808,0.453,2.181
153.14,4.881,0.453,2.185
153.65,4.885,0.467,2.185
154.16,4.818,0.453,2.181
154.68,4.784,0.453,0.531
155.19,4.956,0.453,2.185
155.7,4.882,0.467,2.185
156.21,4.867,0.453,2.181
156.71,4.899,0.453,2.187
157.22,4.907,0.453,2.185
157.72,4.811,0.453,0.531
158.23,4.807,0.453,2.185
158.73,4.983,0.467,2.185
159.24,4.825,0.453,0.531
159.75,4.916,0.467,2.185
160.26,4.832,0.453,0.531
160.76,4.831,0.453,0.531
161.27,4.831,0.453,0.531
161.77,4.844,0.453,2.181
162.28,4.796,0.453,0.531
162.79,4.849,0.453,2.181
163.29,4.91,0.453,2.187
163.79,4.864,0.453,2.181
164.3,4.838,0.453,0.531
164.81,4.838,0.453,0.531
165.31,4.918,0.467,2.185
165.82,4.833,0.453,0.531
166.33,4.922,0.467,2.185
166.84,4.818,0.453,0.531
167.34,4.86,0.453,2.181
167.85,4.838,0.453,0.531
168.37,4.838,0.453,0.531
168.88,4.952,0.453,2.185
169.38,4.839,0.453,0.531
169.88,4.92,0.467,2.185
170.39,4.844,0.453,0.531
170.89,4.847,0.453,0.531
171.4,4.913,0.453,2.185
171.9,4.884,0.453,0.531
172.41,4.821,0.453,0.531
172.91,4.933,0.467,2.185
173.42,4.857,0.453,0.531
173.92,4.953,0.467,2.185
174.43,4.87,0.453,0.531
174.94,4.868,0.453,2.185
175.44,4.95,0.453,0.531
175.95,4.907,0.453,2.181
176.46,4.978,0.598,2.187
177.02,4.945,0.453,0.531
177.53,4.898,0.453,0.531
178.03,5.03,0.453,2.185
178.54,4.912,0.453,0.531
179.04,5.055,0.453,2.185
179.55,4.919,0.453,0.531
180.18,4.922,0.453,0.531
180.69,4.977,0.453,2.185
181.2,4.909,0.453,0.531
181.76,4.913,0.453,0.531
182.26,4.928,0.453,0.531
182.77,4.931,0.453,0.531
183.27,4.931,0.453,0.531
183.78,4.937,0.453,0.531
184.28,4.937,0.453,0.531
184.79,4.953,0.453,2.181
185.29,5.023,0.453,2.185
185.8,4.917,0.453,0.531
186.3,4.941,0.453,0.531
186.81,4.941,0.453,0.531
187.31,4.943,0.453,0.531
187.82,5.031,0.453,2.185
188.33,4.922,0.453,0.531
188.83,4.943,0.453,0.531
189.33,4.943,0.453,0.531
189.84,4.943,0.453,0.531
190.34,4.943,0.453,0.531
190.84,4.943,0.453,0.531
191.35,4.943,0.453,0.531
191.85,4.943,0.453,0.531
192.36,4.943,0.453,0.531
192.86,4.95,0.453,0.531
193.36,4.95,0.453,0.531
193.88,4.953,0.453,0.531
194.38,4.953,0.453,0.531
194.88,4.958,0.453,0.531
195.39,4.958,0.453,0.531
195.89,4.964,0.453,0.531
196.4,4.967,0.453,0.531
196.91,4.967,0.482,2.181
197.42,4.967,0.466,0.531
197.93,4.973,0.453,0.531
198.43,4.976,0.453,0.531
198.94,4.982,0.453,0.531
199.44,4.982,0.453,0.531
199.95,4.982,0.453,0.531
200.45,4.982,0.453,0.531
200.96,4.988,0.453,0.531
201.49,4.996,0.453,0.531
202.0,4.996,0.453,0.531
202.5,5.002,0.453,0.531
203.01,5.003,0.453,0.531
203.52,5.006,0.453,0.531
204.02,5.008,0.453,0.531
204.53,5.017,0.453,0.531
205.03,5.026,0.453,0.531
205.54,5.031,0.453,0.531
206.04,5.035,0.453,0.531
206.55,5.041,0.453,0.531
207.05,5.042,0.453,0.531
207.56,5.045,0.453,0.531
208.06,5.046,0.453,0.531
208.56,5.046,0.453,0.531
209.07,5.046,0.453,0.531
209.58,5.047,0.453,0.531
210.09,5.056,0.453,0.531
210.59,5.061,0.453,0.531
211.09,5.065,0.453,0.531
211.6,5.067,0.453,0.531
212.11,5.073,0.453,0.531
212.61,5.08,0.453,0.531
213.12,5.081,0.453,0.531
213.63,5.09,0.453,0.531
214.13,5.095,0.453,0.531
214.64,5.095,0.453,0.531
215.14,5.097,0.453,0.531
215.65,5.1,0.466,0.531
216.15,5.111,0.453,0.531
216.66,5.111,0.453,0.531
217.16,5.12,0.453,0.531
217.67,5.124,0.453,0.531
218.17,5.131,0.453,0.531
218.68,5.134,0.453,0.531
219.19,5.134,0.453,0.531
219.69,5.134,0.453,0.531
220.2,5.135,0.453,0.531
220.7,5.141,0.453,0.531
221.2,5.141,0.453,0.531
221.71,5.141,0.453,0.531
222.21,5.141,0.453,0.531
222.72,5.144,0.453,0.531
223.22,5.148,0.453,0.531
223.73,5.152,0.453,0.531
224.23,5.152,0.453,0.531
224.74,5.152,0.453,0.531
225.27,5.153,0.453,0.531
225.78,5.153,0.453,0.531
226.28,5.153,0.453,0.531
226.78,5.153,0.453,0.531
227.29,5.156,0.453,0.531
227.79,5.161,0.453,0.531
228.3,5.165,0.453,0.531
228.8,5.171,0.453,0.531
229.3,5.171,0.453,0.531
229.81,5.172,0.453,0.531
230.31,5.172,0.453,0.531
230.83,5.175,0.453,0.531
231.34,5.175,0.453,0.531
231.84,5.175,0.453,0.531
232.35,5.18,0.453,0.531
232.89,5.187,0.453,0.531
233.39,5.187,0.453,0.531
233.9,5.19,0.482,2.181
234.4,5.19,0.453,0.531
234.91,5.193,0.453,0.531
235.41,5.199,0.453,0.531
235.92,5.202,0.817,1.372
236.43,5.209,0.453,0.531
236.94,5.212,0.453,0.531
237.45,5.212,0.453,0.531
237.95,5.217,0.453,0.531
238.46,5.22,0.453,0.531
238.96,5.229,0.453,0.531
239.47,5.229,0.453,0.531
239.97,5.229,0.453,0.531
240.48,5.232,0.482,2.181
240.98,5.238,0.453,0.531
241.49,5.239,0.453,0.531
241.99,5.239,0.453,0.531
242.5,5.242,0.453,0.531
243.0,5.246,0.453,0.531
243.51,5.252,0.453,0.531
244.02,5.252,0.453,0.531
244.53,5.252,0.453,0.531
245.03,5.255,0.453,0.531
245.54,5.258,0.453,0.531
246.04,5.261,0.453,0.531
246.55,5.262,0.453,0.531
247.06,5.266,0.453,0.531
247.57,5.266,0.453,0.531
248.08,5.269,0.453,0.531
248.58,5.272,0.453,0.531
249.09,5.272,0.453,0.531
249.59,5.278,0.453,0.531
250.09,5.278,0.453,0.531
250.6,5.281,0.453,0.531
251.1,5.281,0.453,0.531
251.61,5.284,0.453,0.531
252.11,5.288,0.453,0.531
252.62,5.288,0.453,0.531
253.13,5.288,0.453,0.531
253.63,5.288,0.453,0.531
254.14,5.291,0.453,0.531
254.65,5.291,0.453,0.531
255.15,5.291,0.453,0.531
255.66,5.3,0.453,0.531
256.16,5.306,0.453,0.531
256.67,5.31,0.453,0.531
257.17,5.31,0.453,0.531
257.68,5.31,0.453,0.531
258.19,5.31,0.453,0.531
258.69,5.31,0.453,0.531
259.2,5.31,0.453,0.531
259.7,5.313,0.453,0.531
260.21,5.313,0.453,0.531
260.71,5.316,0.453,0.531
261.21,5.316,0.453,0.531
261.72,5.316,0.453,0.531
262.22,5.319,0.453,0.531
262.72,5.322,0.453,0.531
263.23,5.328,0.453,0.531
263.73,5.328,0.453,0.531
264.24,5.328,0.453,0.531
264.74,5.409,0.453,2.185
265.25,5.387,0.453,0.531
265.75,5.323,0.453,0.531
266.26,5.347,0.453,0.531
266.77,5.359,0.453,2.185
267.27,5.333,0.453,0.531
267.78,5.336,0.453,0.531
268.29,5.36,0.453,0.531
268.79,5.363,0.453,0.531
269.3,5.366,0.453,0.531
269.8,5.376,0.453,0.531
270.31,5.376,0.453,0.531
270.82,5.376,0.453,0.531
271.32,5.383,0.453,0.531
271.83,5.383,0.453,0.531
272.33,5.383,0.453,0.531
272.84,5.383,0.453,0.531
273.35,5.383,0.453,0.531
273.86,5.386,0.453,0.531
274.36,5.386,0.453,0.531
274.87,5.477,0.467,2.185
275.38,5.368,0.453,0.531
275.88,5.479,0.469,2.185
276.39,5.423,0.453,0.531
276.9,5.397,0.453,0.531
277.4,5.407,0.453,0.531
277.91,5.545,0.453,2.185
278.41,5.426,0.453,0.531
278.92,5.427,0.453,2.185
279.43,5.496,0.453,0.531
279.94,5.435,0.453,0.531
280.44,5.587,0.453,2.185
280.95,5.44,0.453,0.531
281.46,5.44,0.453,0.531
281.97,5.54,0.467,2.187
282.47,5.451,0.453,0.531
282.98,5.532,0.453,2.185
283.48,5.453,0.453,0.531
283.99,5.541,0.467,2.185
284.49,5.452,0.453,0.531
285.0,5.536,0.467,2.185
285.51,5.46,0.453,0.531
286.01,5.46,0.453,0.531
286.52,5.521,0.453,2.181
287.03,5.465,0.453,0.531
287.56,5.472,0.453,0.531
288.06,5.551,0.453,2.185
288.57,5.523,0.453,0.531
289.08,5.489,0.453,2.181
289.58,5.563,0.453,2.185
290.1,5.484,0.453,0.531
290.6,5.564,0.474,2.185
291.11,5.533,0.453,0.531
291.61,5.482,0.453,0.531
292.12,5.524,0.453,2.181
292.62,5.494,0.453,0.531
293.15,5.574,0.467,2.185
293.66,5.65,0.453,2.185
294.16,5.507,0.453,2.181
294.67,5.58,0.464,2.185
295.18,5.498,0.482,2.181
295.69,5.573,0.469,2.185
296.19,5.657,0.453,2.185
296.7,5.51,0.453,0.531
297.2,5.595,0.467,2.185
297.71,5.506,0.453,0.531
298.22,5.591,0.467,2.185
298.73,5.514,0.453,0.531
299.23,5.514,0.453,0.531
299.75,5.606,0.467,2.185
300.25,5.501,0.453,0.531
300.75,5.543,0.453,2.181
301.27,5.523,0.453,0.531
301.78,5.53,0.453,0.531
302.28,5.53,0.453,0.531
302.79,5.589,0.495,2.187
303.3,5.536,0.65,1.185
303.8,5.665,0.453,2.185
304.31,5.618,0.453,2.185
304.82,5.682,0.467,2.185
305.33,5.53,0.453,0.531
305.84,5.622,0.467,2.185
306.34,5.616,0.475,2.185
306.85,5.561,0.453,2.181
307.35,5.627,0.453,2.187
307.86,5.606,0.467,2.185
308.36,5.51,0.453,0.531
308.87,5.51,0.453,0.531
309.37,5.622,0.467,2.185
309.88,5.556,0.453,0.531
310.38,5.539,0.453,0.531
310.89,5.695,0.453,2.185
311.4,5.529,0.453,0.531
311.9,5.629,0.467,2.185
312.41,5.703,0.453,2.185
312.91,5.557,0.453,2.181
313.42,5.631,0.454,2.185
313.93,5.539,0.453,2.185
314.44,5.546,0.453,0.531
315.1,5.542,0.453,2.185
315.61,5.549,0.453,0.531
316.27,5.542,0.453,2.185
316.79,5.557,0.453,0.531
317.4,5.559,0.453,0.531
317.9,5.693,0.453,2.185
318.41,5.556,0.453,0.531
319.14,5.565,0.482,2.181
319.66,5.656,0.59,2.185
320.2,5.573,0.453,0.531
320.7,5.576,0.453,0.531
321.21,5.579,0.453,0.531
321.71,5.585,0.453,0.531
322.22,5.585,0.453,0.531
322.73,5.715,0.453,2.185
323.24,5.664,0.458,2.185
323.76,5.603,0.453,0.531
324.26,5.592,1.102,2.181
324.78,5.595,0.453,0.531
325.29,5.595,0.482,2.181
325.79,5.595,0.453,0.531
326.3,5.598,0.572,1.185
326.81,5.604,0.453,0.531
327.31,5.604,0.482,2.181
327.82,5.684,0.453,2.185
328.32,5.597,0.453,0.531
328.83,5.674,0.453,2.185
329.34,5.579,0.453,0.531
329.85,5.603,0.453,0.531
330.36,5.606,0.453,0.531
330.86,5.611,0.453,0.531
331.37,5.614,0.453,0.531
331.88,5.614,0.453,0.531
332.38,5.614,0.453,0.531
332.91,5.614,0.453,0.531
333.42,5.617,0.453,0.531
333.92,5.617,0.453,0.531
334.43,5.617,0.453,0.531
334.93,5.62,0.453,0.531
335.44,5.62,0.453,0.531
335.94,5.62,0.453,0.531
336.45,5.62,0.453,0.531
336.96,5.62,0.453,0.531
337.46,5.62,0.453,0.531
337.97,5.62,0.453,0.531
338.47,5.62,0.453,0.531
338.98,5.62,0.453,0.531
339.52,5.629,0.453,0.531
340.03,5.626,0.453,0.531
340.56,5.626,0.453,0.531
341.06,5.629,0.482,2.181
341.57,5.629,0.482,2.181
342.08,5.633,0.453,0.531
342.58,5.633,0.453,0.531
343.09,5.633,0.482,2.181
343.6,5.639,0.453,0.531
344.1,5.73,0.467,2.185
344.61,5.622,0.453,0.531
345.12,5.649,0.453,2.185
345.63,5.657,0.453,0.531
346.16,5.653,0.453,0.531
346.68,5.653,0.453,0.531
347.19,5.653,0.453,0.531
347.7,5.656,0.453,0.531
348.23,5.66,0.453,0.531
348.74,5.66,0.453,0.531
349.24,5.666,0.453,0.531
349.75,5.672,0.453,0.531
350.26,5.672,0.529,0.581
350.77,5.644,0.453,2.185
351.27,5.74,0.453,0.531
351.78,5.644,0.453,2.187
352.28,5.831,0.467,2.185
352.79,5.68,0.482,2.181
353.3,5.68,0.453,0.531
353.81,5.684,0.453,0.531
354.32,5.693,0.453,0.531
354.85,5.697,0.453,0.531
355.36,5.7,0.482,2.181
355.86,5.7,0.453,0.531
356.37,5.709,0.453,0.531
356.87,5.714,0.453,0.531
357.38,5.717,0.453,0.531
357.89,5.726,0.453,0.531
358.39,5.732,0.453,0.531
358.9,5.818,0.467,2.185
359.41,5.712,0.453,0.531
359.91,5.733,0.453,0.531
360.42,5.733,0.453,0.531
360.92,5.726,0.453,2.185
361.43,5.712,0.453,0.531
361.94,5.736,0.453,2.181
362.44,5.827,0.469,2.185
362.95,5.747,0.592,0.732
363.46,5.899,0.453,2.185
363.97,5.841,0.453,2.185
364.47,5.8,0.453,2.181
364.98,5.837,0.467,2.185
365.49,5.832,0.453,2.185
366.0,5.893,0.453,2.181
366.5,5.847,0.453,2.185
367.01,5.844,0.467,2.185
367.52,5.765,0.453,0.531
368.03,5.856,0.467,2.185
368.54,5.754,0.453,0.531
369.04,5.763,0.453,2.181
369.55,5.92,0.453,2.185
370.06,5.765,0.453,0.531
370.56,5.765,0.453,0.531
371.07,5.866,0.467,2.185
371.57,5.784,0.453,0.531
372.08,5.784,0.453,0.531
372.58,5.786,0.453,2.185
373.09,5.785,0.453,0.531
373.59,5.874,0.467,2.185
374.12,5.785,0.453,0.531
374.63,5.869,0.467,2.185
375.16,5.786,0.453,0.531
375.66,5.822,0.453,2.181
376.17,5.879,0.453,2.185
376.68,5.813,0.453,2.181
377.19,5.875,0.453,2.187
377.7,5.792,0.453,0.531
378.2,5.876,0.467,2.185
378.71,5.789,0.453,0.531
379.21,5.949,0.453,2.185
379.72,5.804,0.453,0.531
380.23,5.931,0.453,2.185
380.74,5.79,0.453,0.531
381.24,5.883,0.467,2.185
381.75,5.794,0.453,0.531
382.25,5.794,0.453,0.531
382.76,5.871,0.467,2.185
383.28,5.765,0.453,0.531
383.79,5.766,0.453,0.531
384.29,5.797,0.453,2.185
384.8,5.859,0.453,0.531
385.3,5.837,0.453,2.181
385.81,5.898,0.453,2.187
386.33,5.81,0.453,0.531
386.83,5.896,0.453,2.185
387.34,5.87,0.453,0.531
387.85,5.912,0.467,2.187
388.36,5.903,0.467,2.185
388.87,5.91,0.453,2.185
389.38,5.832,0.453,0.531
389.9,5.851,0.453,2.181
390.41,5.909,0.453,2.185
390.91,5.828,0.453,2.185
391.42,5.999,0.467,2.185
391.92,5.839,0.453,0.531
392.43,5.922,0.467,2.185
392.93,5.957,0.467,2.185
393.45,5.842,0.453,0.531
393.95,5.85,0.453,0.531
394.46,5.934,0.467,2.185
394.96,5.854,0.453,0.531
395.46,5.886,0.453,2.181
395.97,5.944,0.453,2.185
396.48,5.856,0.552,1.185
396.99,5.944,0.467,2.185
397.49,5.874,0.453,0.531
398.0,5.858,0.564,1.185
398.51,5.952,0.467,2.185
399.01,5.939,0.465,2.185
399.52,5.942,0.453,2.185
400.02,5.894,0.453,2.181
400.54,5.952,0.578,2.185
401.07,5.949,0.453,2.181
401.58,5.959,0.588,2.185
402.11,5.919,0.453,2.181
402.62,5.952,0.468,2.185
403.12,5.872,0.453,0.531
403.64,5.872,0.482,2.181
404.14,5.872,0.453,0.531
404.65,5.842,0.453,2.187
405.15,5.87,0.453,0.531
405.66,5.889,0.453,2.181
406.16,5.959,0.453,2.185
406.68,5.879,0.453,0.531
407.19,6.001,0.453,2.185
407.69,5.885,0.453,0.531
408.2,5.967,0.457,2.185
408.71,5.891,0.453,0.531
409.38,5.965,0.467,2.185
409.88,5.97,0.453,2.185
410.42,5.883,0.453,0.531
410.94,5.883,0.453,0.531
411.45,5.883,0.453,0.531
411.95,5.883,0.453,0.531
412.46,5.887,0.482,2.181
412.98,5.887,0.453,0.531
413.5,5.89,0.453,0.531
414.01,5.89,0.453,0.531
414.51,5.89,0.453,0.531
415.02,5.89,0.453,0.531
415.55,5.896,0.453,0.531
416.07,5.896,0.453,0.531
416.58,5.896,0.453,0.531
417.09,5.896,0.453,0.531
417.59,5.896,0.453,0.531
418.1,5.903,0.482,2.181
418.6,5.912,0.453,0.531
419.11,5.912,0.453,0.531
419.61,5.915,0.453,0.531
420.14,5.924,0.453,0.531
420.64,5.924,0.453,0.531
421.17,5.924,0.453,0.531
421.68,5.924,0.453,0.531
422.19,5.924,0.453,0.531
422.69,5.93,0.453,0.531
423.22,5.933,0.453,0.531
423.72,5.936,0.482,2.181
424.23,5.936,0.482,2.181
424.74,5.936,0.453,0.531
425.25,5.94,0.453,0.531
425.75,5.94,0.453,0.531
426.26,5.943,0.453,0.531
426.77,5.943,0.453,0.531
427.27,5.943,0.453,0.531
427.78,5.946,0.453,0.531
428.28,5.949,0.453,0.531
428.79,5.95,0.453,0.531
429.3,5.95,0.453,0.531
429.8,5.95,0.453,0.531
430.3,5.95,0.453,0.531
430.81,5.95,0.466,0.531
431.33,6.036,1.093,2.185
431.83,5.932,0.453,0.531
432.34,5.932,0.453,0.531
432.85,6.044,0.467,2.185
433.36,5.962,0.453,0.531
433.87,5.962,0.453,0.531
434.37,5.965,0.453,0.531
434.88,5.965,0.453,0.531
435.38,5.965,0.453,0.531
435.89,6.025,0.467,2.181
436.4,6.046,0.453,2.185
436.9,5.959,0.453,0.531
437.41,6.047,0.467,2.185
437.91,6.049,0.463,2.185
438.43,5.995,0.453,0.531
438.94,5.97,0.482,2.181
439.44,5.97,0.453,0.531
439.95,5.976,0.453,0.531
440.45,5.979,0.453,0.531
440.96,5.979,0.453,0.531
441.46,5.986,0.453,0.531
441.97,5.986,0.453,0.531
442.47,5.986,0.453,0.531
442.98,6.004,0.453,2.181
443.48,6.062,0.453,2.185
443.99,6.007,0.453,2.181
444.49,6.13,0.453,2.185
445.0,5.987,0.453,0.531
445.5,5.985,0.453,2.185
446.01,5.973,0.453,0.531
446.51,6.069,0.467,2.185
447.02,6.068,0.453,2.185
447.53,6.001,0.453,2.181
448.04,6.083,0.467,2.185
448.55,5.985,0.453,0.531
449.06,6.085,0.467,2.185
449.56,6.092,0.453,2.185
450.07,6.055,0.453,2.181
450.58,6.09,0.453,0.531
451.09,6.1,0.467,2.185
451.59,6.167,0.453,2.185
452.1,6.018,0.453,0.531
452.61,6.112,0.467,2.185
453.12,6.168,0.453,2.185
453.62,6.021,0.453,0.531
454.13,6.115,0.467,2.185
454.63,6.026,0.453,0.531
455.14,6.123,0.467,2.185
455.64,6.039,0.453,0.531
456.18,6.039,0.453,2.181
456.68,6.16,0.453,2.185
457.19,6.037,0.453,0.531
457.7,6.037,0.453,0.531
458.21,6.123,0.467,2.185
458.71,6.043,0.453,0.531
459.22,6.063,0.453,2.181
459.72,6.191,0.453,2.185
460.23,6.03,0.453,0.531
460.73,6.128,0.453,2.185
461.23,6.108,0.453,0.531
461.74,6.055,0.453,2.181
462.25,6.139,0.467,2.185
462.76,6.053,0.453,0.531
463.27,6.053,0.453,0.531
463.77,6.143,0.467,2.185
464.27,6.04,0.453,0.531
464.78,6.21,0.464,2.185
465.3,6.07,0.453,0.531
465.8,6.066,0.453,0.531
466.31,6.154,0.467,2.185
466.81,6.177,0.453,2.185
467.31,6.072,0.453,0.531
467.82,6.212,0.453,2.185
468.33,6.152,0.491,2.185
468.83,6.102,0.453,2.181
469.34,6.218,0.466,2.185
469.85,6.219,0.453,2.185
470.36,6.076,0.552,1.185
470.86,6.07,0.453,2.185
471.37,6.151,0.453,2.181
471.9,6.081,0.453,0.531
472.41,6.091,0.453,2.181
472.92,6.235,0.453,2.185
473.43,6.062,0.453,0.531
473.94,6.078,0.453,2.185
474.44,6.117,0.453,0.531
474.95,6.147,0.453,0.531
475.46,6.147,0.482,2.181
475.96,6.291,0.453,2.185
476.47,6.133,0.453,0.531
476.97,6.221,0.453,2.185
477.48,6.119,0.453,0.531
477.98,6.231,0.467,2.185
478.49,6.331,0.469,2.185
479.0,6.15,0.453,0.531
479.51,6.15,0.453,2.185
480.01,6.158,0.453,0.531
480.65,6.147,0.453,2.185
481.16,6.16,0.453,0.531
481.85,6.157,0.453,2.185
482.36,6.157,0.453,0.531
483.0,6.189,0.534,1.185
483.51,6.251,0.467,2.185
484.02,6.158,0.453,0.531
484.58,6.181,0.453,0.531
485.08,6.242,0.453,2.185
485.6,6.162,0.453,0.531
486.28,6.193,0.453,2.181
486.79,6.256,0.572,2.185
487.31,6.333,0.453,2.185
487.82,6.162,0.453,0.531
488.32,6.27,0.467,2.185
488.84,6.347,0.453,2.185
489.34,6.194,0.453,0.531
489.85,6.279,0.467,2.185
490.35,6.335,0.453,2.185
490.88,6.21,0.453,0.531
491.39,6.286,0.467,2.185
491.9,6.2,0.453,0.531
492.4,6.265,0.467,2.181
492.93,6.2,0.453,0.531
493.44,6.232,0.453,0.531
493.94,6.173,0.453,0.531
494.45,6.186,0.453,2.185
494.96,6.227,0.453,0.531
495.46,6.227,0.453,0.531
495.97,6.23,0.453,0.531
496.47,6.23,0.453,0.531
496.98,6.23,0.453,0.531
497.49,6.23,0.453,0.531
498.01,6.23,0.453,0.531
498.52,6.239,0.453,0.531
499.03,6.242,0.453,0.531
499.53,6.246,0.453,0.531
500.04,6.246,0.453,0.531
500.54,6.246,0.453,0.531
501.05,6.249,0.453,0.531
501.55,6.25,0.453,0.531
502.05,6.25,0.453,0.531
502.57,6.253,0.453,0.531
503.08,6.253,0.453,0.531
503.59,6.256,0.453,0.531
504.1,6.253,0.453,0.531
504.61,6.256,0.453,0.531
505.12,6.256,0.453,0.531
505.62,6.262,0.453,0.531
506.13,6.269,0.453,0.531
506.63,6.269,0.453,0.531
507.16,6.269,0.453,0.531
507.67,6.272,0.482,2.181
508.18,6.272,0.453,0.531
508.69,6.278,0.453,0.531
509.2,6.275,0.453,0.531
509.7,6.281,0.453,0.531
510.21,6.284,0.453,0.531
510.71,6.284,0.546,1.185
511.22,6.284,0.453,0.531
511.75,6.284,0.453,0.531
512.25,6.291,0.566,0.631
512.76,6.291,0.453,0.531
513.28,6.291,0.453,0.531
513.78,6.291,0.453,0.531
514.29,6.291,0.453,0.531
514.8,6.258,0.453,0.531
515.38,5.91,0.453,0.531
515.88,5.822,0.453,0.531
516.39,5.752,0.453,0.531
516.9,5.634,0.453,0.531
517.41,5.64,0.453,0.531
517.92,5.634,0.453,0.531
518.42,5.634,0.482,2.181
518.93,5.634,0.453,0.531
519.43,5.694,0.467,2.185
519.94,5.636,0.453,0.531
520.44,5.643,0.453,0.531
520.94,5.7,0.462,2.185
521.45,5.596,0.466,0.531
521.96,5.645,0.467,2.185
522.47,5.54,0.453,0.531
522.97,5.411,0.467,2.185
523.48,5.185,0.453,0.531
524.01,5.119,0.453,2.185
524.51,5.281,0.453,2.185
525.05,4.993,0.453,0.531
525.56,4.694,0.453,0.531
526.06,4.673,0.453,0.531
526.57,4.677,0.453,0.531
527.08,4.734,0.453,2.185
527.58,4.681,0.453,0.531
528.09,4.81,0.453,2.185
528.59,4.674,0.453,0.531
529.1,4.706,0.453,0.531
529.61,4.765,0.467,2.185
530.12,4.704,0.453,0.531
530.63,4.77,0.467,2.185
531.13,4.694,0.453,0.531
531.64,4.788,0.467,2.185
532.16,4.695,0.453,0.531
532.69,4.739,0.453,2.181
533.2,4.698,0.453,0.531
533.73,4.733,0.453,0.531
534.24,4.794,0.453,2.185
534.75,4.728,0.453,0.531
535.26,4.799,0.467,2.185
535.76,4.756,0.453,0.531
536.27,4.886,0.453,2.185
536.77,4.745,0.453,0.531
537.27,4.775,0.453,0.531
537.78,4.778,0.482,2.181
538.3,4.843,0.453,2.185
538.81,4.785,0.453,0.531
539.31,4.763,0.453,2.185
539.82,4.909,0.467,2.185
540.33,4.777,0.453,0.531
540.87,4.857,0.467,2.185
541.38,4.924,0.453,2.185
541.88,4.779,0.453,0.531
542.39,4.815,0.467,2.185
542.9,4.813,0.453,2.181
543.42,4.944,0.453,2.185
543.92,4.786,0.453,0.531
544.45,4.785,0.453,2.185
544.95,4.795,0.453,0.531
545.45,4.855,0.453,2.181
545.96,4.88,0.453,2.185
546.47,4.83,0.453,0.531
546.97,4.887,0.453,2.185
547.48,4.807,0.453,0.531
547.99,4.86,0.979,2.185
548.5,4.805,0.453,0.531
549.06,4.885,0.467,2.185
549.56,4.808,0.453,0.531
550.07,4.834,0.453,2.181
550.58,4.892,0.463,2.185
551.08,4.824,0.453,0.531
551.59,4.885,0.467,2.185
552.1,4.84,0.453,0.531
552.6,4.899,0.467,2.185
553.11,4.838,0.453,0.531
553.61,4.897,0.505,2.185
554.12,4.818,0.453,0.531
554.62,4.91,0.467,2.185
555.13,4.912,0.453,2.185
555.63,4.848,0.453,0.531
556.14,4.912,0.535,2.185
556.64,4.837,0.453,0.531
557.15,4.922,0.866,2.183
557.65,4.934,0.453,2.187
558.16,4.89,0.985,1.609
558.67,4.952,0.453,2.185
559.17,5.013,0.453,2.185
559.7,4.87,0.453,0.531
560.2,4.95,0.467,2.185
560.71,5.004,0.467,2.185
561.23,4.87,0.453,0.531
561.74,4.966,0.467,2.185
562.24,4.974,0.47,2.185
562.75,4.917,0.453,2.181
563.26,4.984,0.462,2.185
563.77,4.939,0.453,2.185
564.28,4.901,0.453,0.531
564.97,4.94,0.453,0.531
565.47,4.909,0.453,2.185
565.98,4.935,0.453,0.531
566.5,4.938,0.453,0.531
567.01,4.909,0.453,2.185
567.53,4.909,0.453,0.531
568.13,5.025,0.453,2.185
568.64,5.02,0.453,2.185
569.14,4.933,0.453,2.181
569.65,5.002,0.456,2.185
570.15,4.931,0.453,2.185
570.66,4.906,0.453,0.531
571.21,5.019,0.467,2.185
571.72,4.91,0.453,0.531
572.22,4.925,0.453,2.185
572.73,5.078,0.467,2.185
573.25,4.923,0.453,0.531
573.79,5.022,0.467,2.185
574.3,5.031,0.453,0.531
574.81,4.984,0.453,0.531
575.32,4.959,0.453,2.185
575.82,4.976,0.453,0.531
576.33,5.041,0.467,2.185
576.84,4.961,0.453,0.531
577.34,4.987,0.453,2.181
577.85,5.118,0.453,2.187
578.36,5.017,0.453,2.181
578.86,5.058,0.476,2.185
579.38,4.968,0.453,2.185
579.88,5.005,0.453,0.531
580.39,4.972,0.453,2.181
580.89,5.05,0.468,2.185
581.41,5.054,0.453,2.185
581.92,4.982,0.453,0.531
582.43,4.925,0.453,0.531
582.94,4.728,0.453,0.531
583.45,4.486,0.552,1.185
583.95,4.49,0.453,0.531
584.46,4.45,0.453,0.531
584.96,4.45,0.453,0.531
585.46,4.411,0.453,0.531
585.97,4.42,0.453,0.531
586.47,4.424,0.482,2.181
586.98,4.381,0.453,0.531
587.48,4.381,0.453,0.531
587.98,4.381,0.453,0.531
588.51,4.382,0.453,0.531
589.02,4.294,0.453,0.531
589.53,4.124,0.466,0.531
590.03,3.902,0.482,2.181
590.54,3.675,0.453,0.531
591.05,3.507,0.65,1.185
591.55,3.508,0.453,0.531
592.06,3.477,0.453,0.531
592.57,3.477,0.453,0.531
593.12,3.477,0.453,0.531
593.63,3.484,0.453,0.531
594.13,3.481,0.453,0.531
594.64,3.484,0.453,0.531
595.15,3.491,0.453,0.531
595.65,3.49,0.453,0.531
596.16,3.493,0.453,0.531
596.67,3.493,0.453,0.531
597.17,3.493,0.453,0.531
597.68,3.497,0.453,0.531
598.19,3.497,0.453,0.531
598.71,3.509,0.453,0.531
599.21,3.512,0.453,0.531
599.72,3.516,0.453,0.531
600.22,3.516,0.453,0.531
600.73,3.525,0.453,0.531
601.24,3.528,0.482,2.181
601.74,3.528,0.453,0.531
602.25,3.535,0.552,1.185
602.76,3.538,0.55,1.185
603.26,3.538,0.453,0.531
603.78,3.538,0.482,2.181
604.28,3.65,0.467,2.185
604.79,3.545,0.453,0.531
605.29,3.601,0.453,2.181
605.8,3.659,0.462,2.185
606.31,3.671,0.462,2.187
606.82,3.596,0.453,0.531
607.32,3.683,0.467,2.185
607.83,3.579,0.453,0.531
608.34,3.627,0.453,0.531
608.85,3.63,0.453,0.531
609.35,3.585,0.453,2.185
609.86,3.63,0.453,0.531
610.37,3.637,0.453,0.531
610.89,3.637,0.453,0.531
611.4,3.637,0.453,0.531
611.91,3.641,0.453,0.531
612.42,3.646,0.453,0.531
612.93,3.649,0.453,0.531
613.43,3.65,0.453,0.531
613.94,3.65,0.453,0.531
614.45,3.618,0.453,2.185
614.95,3.659,0.453,0.531
615.46,3.672,0.453,2.181
615.97,3.72,0.453,2.185
616.47,3.671,0.453,0.531
616.98,3.729,0.467,2.187
617.48,3.65,0.462,2.185
617.99,3.653,0.453,2.181
618.49,3.778,0.453,2.185
619.0,3.79,0.453,2.185
619.51,3.66,0.453,2.181
620.01,3.803,0.453,2.185
620.52,3.655,0.536,2.185
621.02,3.669,0.453,2.181
621.53,3.81,0.453,2.185
622.04,3.665,0.526,2.185
622.54,3.647,0.453,0.531
623.05,3.692,0.453,0.531
623.56,3.751,0.467,2.185
624.07,3.687,0.453,0.531
624.57,3.754,0.453,2.185
625.08,3.679,0.453,0.531
625.6,3.707,0.453,0.531
626.1,3.771,0.467,2.185
626.61,3.708,0.453,0.531
627.12,3.684,0.453,2.185
627.62,3.719,0.453,0.531
628.14,3.784,0.467,2.185
628.66,3.679,0.453,0.531
629.17,3.725,0.534,1.185
629.68,3.784,0.467,2.185
630.19,3.736,0.453,0.531
630.7,3.8,0.538,2.185
631.21,3.696,0.453,0.531
631.72,3.713,0.453,0.531
632.23,3.741,0.453,2.181
632.73,3.806,0.453,2.187
633.24,3.749,0.453,0.531
633.75,3.715,0.453,2.185
634.25,3.745,0.453,0.531
634.76,3.725,0.453,2.185
635.26,3.759,0.453,0.531
635.77,3.706,0.453,2.185
636.27,3.769,0.453,0.531
636.78,3.819,0.467,2.185
637.29,3.767,0.453,0.531
637.8,3.825,0.467,2.185
638.3,3.901,0.462,2.185
638.81,3.763,0.453,0.531
639.32,3.81,0.695,2.185
639.83,3.777,0.453,0.531
640.33,3.9,0.453,2.185
640.84,3.75,0.453,0.531
641.35,3.748,0.453,2.181
641.85,3.813,0.462,2.185
642.37,3.793,0.453,2.185
642.88,3.732,0.453,0.531
643.38,3.82,0.467,2.185
643.89,3.825,0.467,2.185
644.4,3.739,0.453,0.531
644.9,3.77,0.453,2.185
645.41,3.866,0.467,2.185
645.93,3.749,0.453,0.531
646.51,3.816,0.639,2.185
647.02,3.857,0.464,2.185
647.53,3.752,0.453,0.531
648.03,3.778,0.482,2.181
648.54,3.903,0.453,2.185
649.04,3.776,0.453,0.531
649.55,3.891,0.453,2.185
650.05,3.781,0.453,0.531
650.56,3.746,0.453,2.185
651.07,3.912,0.467,2.185
651.58,3.848,0.625,2.185
652.13,3.831,0.467,2.181
652.64,3.849,0.553,2.185
653.16,3.906,0.453,2.185
653.66,3.772,0.453,0.531
654.32,3.811,0.453,2.185
654.82,3.905,0.467,2.185
655.33,3.764,0.482,2.181
655.84,3.841,0.474,2.185
656.35,3.791,0.453,0.531
656.85,3.788,0.453,2.181
657.35,3.852,0.453,2.185
657.86,3.797,0.453,0.531
658.37,3.86,0.48,2.185
658.88,3.785,0.453,0.531
659.39,3.812,0.579,1.185
659.9,3.868,0.467,2.185
660.4,3.805,0.453,0.531
660.91,3.87,0.467,2.185
661.41,3.872,0.453,2.185
661.92,3.842,0.453,2.185
662.43,3.851,0.453,2.181
662.94,3.885,0.477,2.187
663.45,3.832,0.453,2.185
663.96,3.838,0.633,1.185
664.48,3.896,0.453,2.185
664.99,3.975,0.453,2.185
665.49,3.802,0.453,0.531
666.0,3.908,0.467,2.185
666.5,3.828,0.453,0.531
667.01,3.795,0.453,0.531
667.51,3.804,0.453,0.531
668.02,3.912,0.467,2.185
668.54,3.855,0.453,0.531
669.04,3.861,0.453,0.531
669.55,3.866,0.453,0.531
670.05,3.867,0.453,0.531
670.56,3.867,0.453,0.531
671.06,3.867,0.453,0.531
671.57,3.87,0.453,0.531
672.08,3.87,0.548,1.185
672.61,3.871,0.453,0.531
673.12,3.882,0.453,0.531
673.62,3.882,0.453,0.531
674.13,3.882,0.453,0.531
674.64,3.885,0.482,2.181
675.14,3.889,0.482,2.181
675.65,3.889,0.453,0.531
676.21,3.892,0.453,0.531
676.72,3.896,0.453,0.531
677.22,3.896,0.453,0.531
677.74,3.896,0.453,0.531
678.24,3.896,0.453,0.531
678.75,3.896,0.453,0.531
679.25,3.896,0.453,0.531
679.76,3.903,0.453,0.531
680.26,3.908,0.453,0.531
680.77,3.908,0.453,0.531
681.27,3.912,0.453,0.531
681.78,3.912,0.453,0.531
682.29,3.912,0.453,0.531
682.8,3.912,0.453,0.531
683.3,3.915,0.453,0.531
683.8,3.915,0.453,0.531
684.32,3.915,0.453,0.531
684.83,3.915,0.453,0.531
685.35,3.865,0.453,0.531
685.86,3.692,0.453,0.531
686.37,3.533,0.453,0.531
686.87,3.476,0.453,0.531
687.38,3.453,0.453,0.531
687.89,3.461,0.453,0.531
688.41,3.465,0.453,0.531
688.92,3.472,0.466,0.531
689.43,3.478,0.453,0.531
689.95,3.488,0.453,0.531
690.46,3.49,0.453,0.531
690.96,3.492,0.453,0.531
691.47,3.501,0.453,0.531
691.97,3.506,0.453,0.531
692.48,3.511,0.453,0.531
692.99,3.515,0.453,0.531
693.5,3.531,0.482,2.181
694.0,3.542,0.453,0.531
694.51,3.545,0.453,0.531
695.02,3.549,0.453,0.531
695.53,3.556,0.453,0.531
696.04,3.562,0.73,1.185
696.54,3.581,0.453,0.531
697.05,3.586,0.453,0.531
697.55,3.589,0.453,0.531
698.05,3.596,0.453,0.531
698.56,3.6,0.453,0.531
699.07,3.607,0.453,0.531
699.58,3.613,0.453,0.531
700.08,3.616,0.453,0.531
700.59,3.623,0.453,0.531
701.09,3.628,0.453,0.531
701.6,3.634,0.453,0.531
702.1,3.646,0.453,0.531
702.61,3.646,0.453,0.531
703.12,3.648,0.453,0.531
703.63,3.651,0.453,0.531
704.14,3.652,1.002,2.181
704.64,3.653,0.453,0.531
705.15,3.654,0.453,0.531
705.65,3.659,0.453,0.531
706.16,3.662,0.453,0.531
706.67,3.759,0.453,2.185
707.17,3.616,0.453,0.531
707.68,3.699,0.453,0.531
708.18,3.7,0.453,0.531
708.69,3.704,0.482,2.181
709.19,3.763,0.467,2.185
709.7,3.766,0.467,2.185
710.23,3.684,0.453,0.531
710.75,3.78,0.467,2.185
711.25,3.848,0.453,2.185
711.76,3.698,0.453,2.181
712.26,3.86,0.453,2.185
712.77,3.783,0.453,2.185
713.27,3.815,0.467,2.185
713.78,3.747,0.453,0.531
714.29,3.849,0.453,2.185
714.79,3.75,0.453,2.185
715.31,3.718,0.453,0.531
715.81,3.79,0.453,2.185
716.33,3.682,0.453,2.181
716.83,3.86,0.453,2.185
717.34,3.698,0.453,2.187
717.84,3.815,0.467,2.181
718.35,3.816,0.453,2.185
718.86,3.807,0.866,2.185
719.36,3.758,0.453,0.531
719.87,3.829,0.499,2.185
720.38,3.75,0.453,0.531
720.89,3.783,0.453,0.531
721.4,3.841,0.467,2.185
721.91,3.92,0.453,2.185
722.42,3.767,0.453,0.531
722.92,3.854,0.467,2.185
723.43,3.777,0.477,2.185
723.94,3.769,0.453,0.531
724.45,3.752,0.453,2.185
724.95,3.825,0.453,2.181
725.47,3.767,0.453,2.185
725.98,3.787,0.453,2.185
726.49,3.868,0.467,2.185
727.0,3.82,0.453,2.185
727.51,3.772,0.453,0.531
728.01,3.833,0.467,2.185
728.52,3.76,0.453,0.531
729.03,3.893,0.453,2.185
729.53,3.748,0.453,0.531
730.04,3.77,0.453,0.531
730.54,3.926,0.453,2.185
731.05,3.764,0.453,0.531
731.55,3.845,1.376,2.185
732.06,3.848,0.463,2.185
732.58,3.799,0.453,0.531
733.09,3.859,0.462,2.185
733.6,3.774,0.453,0.531
734.11,3.775,0.453,2.185
734.61,3.872,0.467,2.185
735.12,3.884,0.498,2.185
735.62,3.815,0.547,2.185
736.17,3.79,0.453,0.531
736.68,3.854,0.453,2.185
737.18,3.839,0.453,2.181
737.69,3.846,0.453,2.185
738.19,3.737,0.453,0.531
738.7,3.829,0.453,2.185
739.21,3.677,0.453,0.531
739.82,3.723,0.453,0.531
740.33,3.781,0.467,2.185
740.84,3.719,0.453,0.531
741.34,3.725,0.453,2.181
741.85,3.785,0.467,2.185
742.35,3.734,0.453,0.531
742.86,3.697,0.453,2.185
743.36,3.731,0.453,0.531
743.87,3.853,0.453,2.185
744.37,3.707,0.453,0.531
744.88,3.803,0.561,2.185
745.38,3.721,0.453,0.531
745.89,3.728,0.453,0.531
746.4,3.815,0.467,2.185
746.9,3.749,0.453,0.531
747.41,3.719,0.453,2.185
747.92,3.724,0.453,0.531
748.42,3.872,0.453,2.185
748.93,3.721,0.453,0.531
749.44,3.875,0.453,2.185
749.94,3.718,0.453,0.531
750.45,3.748,0.453,2.181
750.95,3.873,0.453,2.185
751.46,3.756,0.453,0.531
751.97,3.814,0.453,2.185
752.48,3.729,0.453,0.531
752.99,3.824,0.467,2.185
753.49,3.768,0.453,0.531
754.0,3.827,0.467,2.185
754.5,3.744,0.453,0.531
755.01,3.753,0.453,2.185
755.52,3.757,0.453,0.531
756.08,3.755,0.453,2.185
756.58,3.785,0.453,2.181
757.1,3.85,0.469,2.185
757.62,3.768,0.453,2.185
758.13,3.763,0.453,0.531
758.63,3.856,0.467,2.185
759.14,3.763,0.453,2.185
759.65,3.769,0.453,0.531
760.15,3.77,0.453,2.185
760.66,3.925,0.467,2.185
761.17,3.767,0.6,1.185
761.68,3.861,0.467,2.185
762.19,3.886,0.467,2.185
762.7,3.764,0.453,0.531
763.21,3.779,0.453,2.185
763.71,3.956,0.467,2.185
764.23,3.785,0.453,0.531
764.74,3.804,0.453,2.185
765.25,3.952,0.453,2.185
765.78,3.83,0.453,0.531
766.29,3.769,0.453,0.531
766.8,3.754,0.453,0.531
767.3,3.512,0.482,2.181
767.81,3.287,0.453,0.531
768.31,3.258,0.453,0.531
768.82,3.252,0.691,1.372
769.33,3.212,0.482,2.181
769.84,3.217,0.453,0.531
770.34,3.224,0.453,0.531
770.85,3.227,0.453,0.531
771.36,3.228,0.453,0.531
771.86,3.151,0.453,0.531
772.4,3.11,0.453,0.531
772.91,3.112,0.453,0.531
773.42,3.118,0.482,2.181
773.92,3.118,0.482,2.181
774.44,3.121,0.453,0.531
774.95,3.121,0.482,2.181
775.45,3.121,0.466,0.531
775.97,3.125,0.453,0.531
776.48,3.128,0.453,0.531
776.98,3.135,0.453,0.531
777.49,3.246,0.453,2.185
777.99,3.188,0.453,0.531
778.5,3.21,0.453,2.185
779.0,3.203,0.453,0.531
779.54,3.142,0.453,0.531
780.05,3.142,0.545,1.185
780.56,3.143,0.453,0.531
781.07,3.143,0.482,2.181
781.59,3.143,0.453,0.531
782.1,3.146,0.482,2.181
782.61,3.254,0.453,2.185
783.12,3.203,0.453,2.181
783.62,3.26,0.453,2.185
784.13,3.164,0.453,0.531
784.64,3.301,0.453,2.185
785.14,3.189,0.453,0.531
785.65,3.158,0.453,0.531
786.15,3.275,0.503,2.185
786.66,3.201,0.453,0.531
787.16,3.217,0.453,2.181
787.67,3.289,0.453,2.185
788.17,3.187,0.453,0.531
788.68,3.217,0.453,2.185
789.19,3.278,0.453,0.531
789.7,3.295,1.206,2.185
790.23,3.226,0.453,0.531
790.74,3.245,0.453,0.531
791.24,3.31,0.467,2.185
791.75,3.398,0.453,2.185
792.25,3.236,0.482,2.181
792.76,3.322,0.467,2.185
793.27,3.218,0.453,0.531
793.77,3.315,0.467,2.185
794.28,3.213,0.453,0.531
794.78,3.325,0.467,2.185
795.29,3.332,0.493,2.185
795.79,3.264,0.453,0.531
796.3,3.359,0.453,2.185
796.8,3.25,0.453,0.531
797.31,3.262,0.453,2.181
797.81,3.394,0.453,2.185
798.32,3.222,0.453,0.531
798.83,3.336,0.453,2.185
799.34,3.261,0.453,0.531
799.84,3.287,0.453,2.181
800.35,3.414,0.453,2.185
800.86,3.225,0.453,0.531
801.37,3.228,0.453,0.531
801.88,3.353,0.467,2.185
802.38,3.255,0.453,0.531
802.89,3.445,0.453,2.185
803.39,3.286,0.453,0.531
803.9,3.313,0.453,2.181
804.41,3.37,0.465,2.185
804.92,3.321,0.453,2.181
805.42,3.38,0.453,2.185
805.93,3.279,0.453,0.531
806.44,3.388,0.467,2.185
806.95,3.279,0.453,0.531
807.49,3.277,0.466,0.531
808.0,3.387,0.467,2.185
808.51,3.333,0.453,0.531
809.01,3.458,0.453,2.185
809.52,3.31,0.453,0.531
810.02,3.387,0.467,2.185
810.52,3.307,0.453,0.531
811.03,3.287,0.453,0.531
811.54,3.324,0.453,2.185
812.05,3.284,0.453,0.531
812.56,3.393,0.467,2.185
813.07,3.301,0.453,0.531
813.57,3.367,0.467,2.181
814.08,3.4,0.453,2.185
814.59,3.285,0.453,0.531
815.09,3.394,0.467,2.185
815.6,3.34,0.453,0.531
816.1,3.456,0.453,2.185
816.61,3.294,0.453,0.531
817.12,3.287,0.453,0.531
817.62,3.31,0.453,2.185
818.13,3.479,0.467,2.185
818.63,3.405,0.453,2.185
819.14,3.327,0.54,2.185
819.67,3.318,0.453,0.531
820.18,3.32,0.453,2.185
820.69,3.373,0.453,2.181
821.19,3.446,0.453,2.185
821.7,3.363,0.467,2.185
822.2,3.328,0.453,0.531
822.71,3.419,0.467,2.185
823.21,3.302,0.453,0.531
823.72,3.44,0.453,2.185
824.23,3.34,0.453,0.531
824.73,3.347,0.453,2.185
825.24,3.353,0.453,0.531
825.74,3.441,0.467,2.185
826.25,3.44,0.453,2.185
826.76,3.327,0.453,0.531
827.26,3.353,0.453,2.185
827.77,3.412,0.535,1.185
828.27,3.453,0.467,2.185
828.78,3.52,0.453,2.185
829.29,3.365,0.453,0.531
829.79,3.462,0.467,2.185
830.29,3.381,0.453,0.531
830.8,3.379,0.453,2.185
831.31,3.384,0.453,0.531
831.89,3.49,0.467,2.185
832.4,3.561,0.453,2.185
832.9,3.399,0.453,0.531
833.4,3.411,0.453,2.181
833.91,3.545,0.453,2.185
834.42,3.366,0.453,0.531
834.92,3.463,0.467,2.185
835.43,3.375,0.453,0.531
835.95,3.395,0.453,2.185
836.47,3.403,0.453,0.531
837.02,3.433,0.453,2.181
837.53,3.5,0.468,2.185
838.04,3.435,0.453,2.181
838.54,3.506,0.467,2.185
839.05,3.427,0.467,2.185
839.57,3.431,0.453,2.181
840.07,3.528,0.453,2.185
840.58,3.443,0.472,2.185
841.09,3.424,0.453,2.181
841.6,3.482,0.453,2.185
842.11,3.401,0.453,2.185
842.61,3.572,0.453,2.185
843.14,3.404,0.453,0.531
843.65,3.386,0.453,0.531
844.15,3.495,0.467,2.185
844.66,3.374,0.453,0.531
845.16,3.483,0.467,2.185
845.66,3.403,0.453,0.531
846.17,3.39,0.453,0.531
846.68,3.405,0.453,2.185
847.19,3.433,0.453,0.531
847.7,3.413,0.453,2.185
848.2,3.567,0.467,2.185
848.74,3.422,0.453,0.531
849.25,3.505,0.453,2.185
849.75,3.388,0.453,2.181
850.26,3.499,0.47,2.185
850.77,3.507,0.453,2.185
851.27,3.427,0.453,0.531
851.78,3.488,0.467,2.185
852.29,3.411,0.453,0.531
852.8,3.294,0.453,0.531
853.31,3.248,0.453,0.531
853.81,3.237,0.453,0.531
854.32,3.219,0.453,0.531
854.83,3.175,0.453,0.531
855.34,3.175,0.453,0.531
855.84,3.183,0.453,0.531
856.35,3.183,0.539,1.185
856.86,3.183,0.482,2.181
857.37,3.184,0.453,0.531
857.87,3.184,0.482,2.181
858.38,3.188,0.453,0.531
858.88,3.188,0.453,0.531
859.39,3.186,0.453,0.531
859.92,3.186,0.453,0.531
860.44,3.188,0.453,0.531
860.95,3.193,0.548,1.185
861.48,3.194,0.453,0.531
861.99,3.194,0.453,0.531
862.49,3.196,0.453,0.531
863.0,3.196,0.453,0.531
863.51,3.055,0.453,0.531
864.01,3.04,0.453,0.531
864.52,3.017,0.453,0.531
865.03,3.019,0.453,0.531
865.54,3.021,0.453,0.531
866.05,3.019,0.453,0.531
866.56,3.024,0.453,0.531
867.07,3.027,0.453,0.531
867.58,2.985,0.453,0.531
868.08,2.985,0.453,0.531
868.59,2.992,0.453,0.531
869.1,2.993,0.453,0.531
869.6,3.001,0.453,0.531
870.11,3.004,1.035,2.181
870.65,2.998,0.453,0.531
871.15,2.998,0.453,0.531
871.66,2.999,0.453,0.531
872.16,2.999,0.453,0.531
872.67,3.003,0.529,0.581
873.21,2.943,0.453,0.531
873.72,2.861,0.453,0.531
874.22,2.665,0.482,2.181
874.73,2.61,0.453,0.531
875.23,2.61,0.453,2.187
875.74,2.661,0.453,2.181
876.25,2.668,0.462,2.185
876.76,2.65,0.453,0.531
877.28,2.652,0.453,0.531
877.78,2.652,0.453,0.531
878.29,2.652,0.453,0.531
878.79,2.652,0.453,0.531
879.3,2.659,0.453,0.531
879.81,2.659,0.453,0.531
880.31,2.662,0.466,0.531
880.82,2.662,0.453,0.531
881.32,2.662,0.453,0.531
881.83,2.662,0.453,0.531
882.33,2.662,0.453,0.531
882.84,2.665,0.453,0.531
883.34,2.662,0.453,0.531
883.84,2.664,0.453,0.531
884.35,2.666,0.453,0.531
884.85,2.669,0.453,0.531
885.36,2.669,0.453,0.531
885.87,2.672,0.453,0.531
886.38,2.672,0.453,0.531
886.88,2.681,0.453,0.531
887.4,2.682,0.453,0.531
887.91,2.682,0.453,0.531
888.41,2.686,0.453,0.531
888.92,2.69,0.453,0.531
889.44,2.698,0.453,0.531
889.95,2.698,0.453,0.531
890.48,2.699,0.453,0.531
890.98,2.699,0.453,0.531
891.49,2.784,0.453,2.185
892.0,2.746,0.453,0.531
892.5,2.744,0.453,2.181
893.01,2.804,0.462,2.185
893.51,2.757,0.453,2.181
894.02,2.82,0.453,2.185
894.52,2.727,0.453,0.531
895.03,2.747,0.453,2.185
895.53,2.721,0.453,0.531
896.04,2.83,0.467,2.185
896.54,2.774,0.453,0.531
897.05,2.79,0.453,2.181
897.58,2.751,0.453,0.531
898.09,2.782,0.453,0.531
898.6,2.755,0.453,2.187
899.11,2.742,0.453,0.531
899.63,2.881,0.453,2.185
900.14,2.771,0.453,0.531
900.64,2.923,0.453,2.185
901.15,2.776,0.453,2.181
901.65,2.868,0.453,2.185
902.16,2.803,0.534,2.185
902.66,2.784,0.453,2.181
903.17,2.877,0.467,2.185
903.68,2.807,0.453,0.531
904.18,2.855,0.467,2.185
904.69,2.874,0.467,2.185
905.2,2.795,0.453,0.531
905.71,2.89,0.467,2.185
906.21,2.814,0.484,2.187
906.72,2.854,0.453,2.181
907.23,2.936,0.453,2.185
907.74,2.78,0.453,2.185
908.24,2.954,0.467,2.185
908.75,2.887,0.453,2.185
909.26,2.855,0.453,2.185
909.77,2.92,0.467,2.181
910.28,2.807,0.453,0.531
910.79,2.901,0.467,2.185
911.3,2.914,0.467,2.185
911.83,2.815,0.453,0.531
912.33,2.906,0.467,2.185
912.84,3.001,0.463,2.185
913.37,2.847,0.453,2.181
913.87,2.977,0.453,2.185
914.38,2.963,0.608,2.185
914.89,2.765,0.546,1.185
915.4,2.851,0.467,2.185
915.9,2.887,0.453,2.185
916.4,2.636,0.453,0.531
916.91,2.616,0.453,2.181
917.42,2.682,0.453,2.187
917.93,2.569,0.453,0.531
918.43,2.63,0.453,2.181
918.94,2.701,0.453,2.185
919.44,2.634,0.453,2.181
919.95,2.779,0.453,2.185
920.45,2.774,0.453,2.185
920.98,2.63,0.453,0.531
921.5,2.625,0.453,2.185
922.0,2.792,0.467,2.185
922.51,2.725,0.453,2.185
923.01,2.66,0.453,2.185
923.52,2.751,0.467,2.185
924.02,2.596,0.453,0.531
924.53,2.587,0.453,2.185
925.04,2.57,0.453,0.531
925.55,2.681,0.53,2.185
926.06,2.599,0.453,0.531
926.56,2.587,0.453,0.531
927.07,2.696,0.467,2.185
927.58,2.602,0.453,0.531
928.08,2.699,0.544,2.185
928.59,2.608,0.453,0.531
929.09,2.6,0.453,0.531
929.6,2.715,0.467,2.185
930.1,2.718,0.467,2.185
930.62,2.717,0.453,2.185
931.12,2.783,0.453,2.185
931.63,2.64,0.453,0.531
932.13,2.632,0.453,2.185
932.64,2.803,0.467,2.185
933.15,2.739,0.453,2.185
933.67,2.726,0.467,2.187
934.17,2.778,0.467,2.185
934.68,2.654,0.453,0.531
935.19,2.646,0.453,2.185
935.69,2.663,0.453,0.531
936.21,2.667,0.453,0.531
936.72,2.737,0.453,2.185
937.23,2.664,0.453,0.531
937.73,2.654,0.453,0.531
938.24,2.763,0.467,2.185
938.75,2.655,0.453,0.531
939.26,2.768,0.467,2.185
939.77,2.685,0.467,2.185
940.29,2.704,0.453,2.181
940.8,2.776,0.464,2.185
941.31,2.764,0.453,2.185
941.81,2.756,0.752,2.183
942.35,2.689,0.453,0.531
942.86,2.759,0.467,2.185
943.37,2.709,0.466,2.185
943.89,2.696,0.453,2.181
944.39,2.786,0.467,2.185
944.9,2.682,0.453,0.531
945.4,2.71,0.453,2.185
945.9,2.723,0.453,0.531
946.41,2.753,0.453,2.181
946.91,2.807,0.471,2.185
947.43,2.709,0.453,0.531
947.93,2.726,0.453,2.185
948.44,2.702,0.453,0.531
948.95,2.818,0.467,2.185
949.45,2.736,0.453,0.531
949.96,2.743,0.453,2.187
950.47,2.729,0.453,2.181
950.98,2.896,0.453,2.185
951.48,2.832,0.453,2.185
951.99,2.832,0.453,2.181
952.5,2.847,0.453,2.185
953.01,2.807,0.453,2.185
953.51,2.773,0.453,0.531
954.02,2.751,0.453,0.531
954.53,2.752,0.566,0.631
955.04,2.752,0.453,0.531
955.54,2.753,0.453,0.531
956.05,2.756,0.453,0.531
956.56,2.756,0.453,0.531
957.06,2.757,0.466,0.531
957.57,2.757,0.453,0.531
958.08,2.757,0.453,0.531
958.59,2.757,0.453,0.531
959.1,2.761,0.453,0.531
959.61,2.761,0.453,0.531
960.11,2.765,0.453,0.531
960.62,2.769,0.453,0.531
961.12,2.772,0.453,0.531
961.63,2.773,0.453,0.531
962.14,2.773,0.453,0.531
962.65,2.777,0.453,0.531
963.16,2.78,0.453,0.531
963.69,2.778,0.453,0.531
964.2,2.779,0.453,0.531
964.71,2.724,0.453,0.531
965.24,2.704,0.453,0.531
965.75,2.607,0.453,0.531
966.27,2.608,0.453,0.531
966.78,2.553,0.453,0.531
967.29,2.555,0.453,0.531
967.8,2.549,0.453,0.531
968.3,2.549,0.453,0.531
968.81,2.54,0.453,0.531
969.32,2.541,0.453,0.531
969.83,2.544,0.453,0.531
970.33,2.544,0.453,0.531
970.84,2.548,0.453,0.531
971.34,2.548,0.482,2.181
971.84,2.552,0.563,1.185
972.36,2.702,0.453,2.185
972.86,2.572,0.453,2.181
973.37,2.656,0.453,2.185
973.87,2.559,0.453,0.531
974.38,2.565,0.65,1.185
974.89,2.567,0.453,0.531
975.39,2.568,0.453,0.531
975.94,2.568,0.546,1.185
976.46,2.571,0.453,0.531
976.97,2.581,0.453,0.531
977.47,2.585,0.453,0.531
977.97,2.586,0.453,0.531
978.48,2.586,0.453,0.531
978.98,2.586,0.453,0.531
979.49,2.587,0.453,0.531
979.99,2.658,0.525,2.185
980.54,2.605,0.453,0.531
981.04,2.642,0.453,0.531
981.55,2.765,0.453,2.185
982.06,2.654,0.453,2.181
982.56,2.709,0.458,2.185
983.07,2.627,0.453,2.181
983.58,2.695,0.453,2.185
984.08,2.708,0.526,2.187
984.59,2.723,0.467,2.185
985.13,2.626,0.453,0.531
985.64,2.686,0.467,2.185
986.15,2.65,0.467,2.185
986.66,2.545,0.453,0.531
987.17,2.616,0.463,2.185
987.68,2.535,0.453,0.531
988.18,2.621,0.467,2.185
988.69,2.538,0.453,0.531
989.2,2.63,0.467,2.185
989.7,2.548,0.453,0.531
990.21,2.532,0.6,1.185
990.72,2.641,0.467,2.185
991.23,2.529,0.453,0.531
991.73,2.641,0.467,2.185
992.26,2.541,0.453,0.531
992.76,2.632,0.504,2.185
993.27,2.569,0.453,0.531
993.77,2.536,0.453,0.531
994.28,2.552,0.453,0.531
994.79,2.548,0.453,2.187
995.3,2.539,0.453,0.531
995.8,2.637,0.465,2.185
996.31,2.558,0.453,0.531
996.81,2.648,0.467,2.185
997.32,2.566,0.453,0.531
997.82,2.602,0.453,2.181
998.33,2.65,0.463,2.185
998.84,2.55,0.453,0.531
999.35,2.56,0.453,2.185
999.85,2.618,0.453,2.181
1000.36,2.746,0.453,2.185
1000.87,2.645,0.453,2.185
1001.38,2.669,0.453,2.181
1001.9,2.569,0.453,0.531
1002.41,2.678,0.467,2.185
1002.92,2.668,0.6,2.185
1003.42,2.611,0.453,2.181
1003.93,2.678,0.467,2.185
1004.44,2.62,0.557,2.185
1004.94,2.588,0.453,0.531
1005.45,2.62,0.453,2.181
1005.95,2.683,0.476,2.185
1006.46,2.573,0.453,0.531
1006.96,2.59,0.453,2.185
1007.47,2.584,0.453,0.531
1007.99,2.696,0.467,2.185
1008.49,2.611,0.453,0.531
1009.01,2.699,0.467,2.185
1009.53,2.598,0.453,0.531
1010.04,2.632,0.453,2.181
1010.55,2.735,0.453,2.185
1011.05,2.587,0.453,0.531
1011.55,2.764,0.453,2.185
1012.06,2.625,0.453,2.181
1012.56,2.747,0.453,2.185
1013.07,2.661,0.453,2.185
1013.57,2.675,0.453,2.181
1014.08,2.737,0.453,2.185
1014.58,2.731,0.467,2.185
1015.09,2.736,0.453,2.185
1015.6,2.658,0.453,0.531
1016.1,2.744,0.467,2.185
1016.61,2.685,0.453,2.185
1017.11,2.666,0.453,0.531
1017.62,2.703,0.453,2.181
1018.12,2.757,0.453,2.185
1018.63,2.648,0.453,0.531
1019.13,2.705,0.453,2.185
1019.64,2.667,0.482,2.181
1020.14,2.797,0.453,2.185
1020.65,2.702,0.453,2.185
1021.15,2.681,0.667,0.732
1021.66,2.761,0.525,2.185
1022.16,2.847,0.467,2.185
1022.67,2.689,0.453,0.531
1023.18,2.689,0.453,2.185
1023.68,2.723,0.453,0.531
1024.19,2.726,0.526,2.185
1024.7,2.82,0.453,2.185
1025.22,2.614,0.453,0.531
1025.73,2.607,0.453,2.181
1026.24,2.731,0.453,2.185
1026.74,2.559,0.453,0.531
1027.25,2.679,0.465,2.185
1027.76,2.598,0.453,0.531
1028.26,2.596,0.453,2.185
1028.77,2.601,0.453,2.181
1029.27,2.683,0.453,2.185
1029.78,2.588,0.453,2.185
1030.29,2.683,0.453,2.181
1030.79,2.7,0.453,2.185
1031.3,2.589,0.453,2.185
1031.81,2.691,0.453,2.181
1032.31,2.701,0.486,2.185
1032.82,2.664,0.453,2.185
1033.32,2.601,0.541,1.185
1033.84,2.712,0.467,2.185
1034.34,2.652,0.453,0.531
1034.86,2.719,0.475,2.185
1035.37,2.636,0.453,0.531
1035.87,2.727,0.467,2.185
1036.41,2.652,0.453,0.531
1036.92,2.747,0.467,2.185
1037.42,2.776,0.465,2.185
1037.93,2.855,0.453,2.185
1038.44,2.7,0.453,0.531
1038.94,2.786,0.922,2.185
1039.45,2.868,0.467,2.185
1039.95,2.82,0.453,2.185
1040.46,2.803,0.453,2.185
1040.97,2.749,0.453,2.181
1041.48,2.826,0.467,2.185
1041.98,2.758,0.574,2.185
1042.49,2.754,0.453,0.531
1043.0,2.779,0.482,2.181
1043.5,2.838,0.467,2.185
1044.01,2.79,0.453,0.531
1044.52,2.919,0.453,2.185
1045.03,2.762,0.453,0.531
1045.54,2.803,0.453,2.181
1046.05,2.855,0.488,2.187
1046.55,2.767,0.453,2.181
1047.06,2.937,0.462,2.185
1047.58,2.827,0.453,2.185
1048.08,2.814,0.453,2.181
1048.59,2.875,0.453,2.185
1049.09,2.777,0.817,1.372
1049.62,2.779,0.453,0.531
1050.13,2.786,0.466,0.531
1050.64,2.788,0.482,2.181
1051.15,2.79,0.453,0.531
1051.65,2.793,0.641,1.185
1052.16,2.794,0.453,0.531
1052.66,2.799,0.453,0.531
1053.17,2.81,0.453,0.531
1053.67,2.811,0.453,0.531
1054.18,2.815,0.453,0.531
1054.68,2.815,0.453,0.531
1055.19,2.815,0.453,0.531
1055.69,2.822,0.6,1.185
1056.2,2.825,0.453,0.531
1056.73,2.828,0.453,0.531
1057.26,2.828,0.453,0.531
1057.78,2.793,0.453,0.531
1058.29,2.677,0.453,0.531
1058.8,2.602,0.453,0.531
1059.31,2.603,0.482,2.181
1059.82,2.691,0.467,2.185
1060.32,2.772,0.453,2.185
1060.82,2.636,0.453,0.531
1061.33,2.599,0.453,0.531
1061.83,2.615,0.453,0.531
1062.33,2.615,0.453,0.531
1062.84,2.618,0.453,0.531
1063.34,2.62,0.453,0.531
1063.85,2.62,0.453,0.531
1064.36,2.623,0.453,0.531
1064.87,2.626,0.453,0.531
1065.42,2.546,0.453,0.531
1065.93,2.335,0.453,0.531
1066.43,2.327,0.467,2.185
1066.94,2.257,0.453,0.531
1067.44,2.393,0.467,2.185
1067.95,2.291,0.482,2.181
1068.45,2.396,0.453,2.185
1068.96,2.379,0.453,0.531
1069.46,2.476,0.453,2.185
1069.97,2.338,0.453,0.531
1070.47,2.448,0.467,2.185
1070.98,2.38,0.453,0.531
1071.48,2.417,0.453,2.181
1071.99,2.478,0.453,2.185
1072.5,2.383,0.453,2.181
1073.0,2.548,0.453,2.185
1073.51,2.449,0.453,2.185
1074.01,2.521,0.453,2.181
1074.52,2.521,0.453,2.185
1075.02,2.421,0.453,2.187
1075.53,2.592,0.467,2.185
1076.03,2.419,0.453,0.531
1076.54,2.533,0.467,2.185
1077.06,2.458,0.482,2.185
1077.56,2.484,0.453,2.181
1078.07,2.547,0.462,2.185
1078.58,2.462,0.482,2.181
1079.09,2.562,0.467,2.185
1079.59,2.438,0.453,0.531
1080.1,2.547,0.467,2.185
1080.6,2.5,0.453,0.531
1081.12,2.56,0.467,2.185
1081.63,2.506,0.453,0.531
1082.13,2.565,0.501,2.185
1082.64,2.457,0.453,0.531
1083.14,2.567,0.467,2.185
1083.65,2.655,0.453,2.185
1084.15,2.479,0.539,1.185
1084.66,2.573,0.453,2.185
1085.17,2.519,0.453,2.185
1085.68,2.645,0.453,2.185
1086.18,2.451,0.453,0.531
1086.69,2.608,0.453,2.185
1087.19,2.58,0.453,2.185
1087.7,2.585,0.467,2.185
1088.21,2.48,0.453,0.531
1088.71,2.471,0.453,0.531
1089.22,2.587,0.467,2.185
1089.72,2.478,0.453,0.531
1090.23,2.59,0.453,2.185
1090.74,2.554,0.453,0.531
1091.24,2.598,0.453,2.185
1091.75,2.509,0.453,0.531
1092.25,2.593,0.467,2.185
1092.76,2.592,0.453,2.185
1093.27,2.54,0.453,0.531
1093.78,2.602,0.467,2.185
1094.28,2.491,0.453,0.531
1094.8,2.602,0.465,2.185
1095.3,2.523,0.453,0.531
1095.81,2.549,0.453,2.181
1096.31,2.674,0.453,2.185
1096.82,2.554,0.453,0.531
1097.32,2.612,0.453,2.185
1097.83,2.554,0.453,0.531
1098.33,2.595,0.467,2.185
1098.86,2.57,0.453,0.531
1099.37,2.601,0.467,2.185
1099.87,2.576,0.453,0.531
1100.38,2.588,0.453,2.181
1100.88,2.635,0.467,2.185
1101.39,2.592,0.453,2.181
1101.9,2.567,0.473,2.185
1102.4,2.605,0.453,2.185
1102.91,2.678,0.467,2.185
1103.43,2.603,0.453,0.531
1103.94,2.677,0.453,2.185
1104.45,2.652,0.467,2.185
1104.96,2.569,0.453,0.531
1105.52,2.594,0.453,2.185
1106.04,2.594,0.453,0.531
1106.54,2.602,0.482,2.181
1107.05,2.696,0.453,2.185
1107.55,2.635,0.453,2.181
1108.09,2.637,0.453,0.531
1108.6,2.581,0.453,2.185
1109.1,2.676,0.453,2.185
1109.64,2.635,0.453,0.531
1110.15,2.651,0.467,2.185
1110.66,2.735,0.453,2.185
1111.17,2.651,0.453,0.531
1111.67,2.724,0.453,2.185
1112.18,2.646,0.453,2.181
1112.68,2.671,0.467,2.185
1113.19,2.684,0.586,2.185
1113.74,2.659,0.453,0.531
1114.24,2.671,0.453,2.181
1114.75,2.746,0.453,2.185
1115.25,2.661,0.453,0.531
1115.76,2.692,0.467,2.185
1116.26,2.667,0.453,0.531
1116.78,2.707,0.453,2.185
1117.28,2.689,0.539,1.185
1117.79,2.699,0.467,2.185
1118.3,2.69,0.529,2.185
1118.8,2.674,0.453,2.181
1119.31,2.74,0.453,2.185
1119.82,2.683,0.544,2.185
1120.36,2.689,0.482,2.181
1120.86,2.747,0.467,2.185
1121.37,2.724,0.467,2.185
1121.89,2.696,0.453,2.185
1122.39,2.659,0.568,2.185
1122.93,2.66,0.453,0.531
1123.43,2.679,0.453,2.181
1123.94,2.69,0.453,2.185
1124.45,2.695,0.453,0.531
1124.95,2.721,0.467,2.185
1125.46,2.688,0.507,2.185
1125.99,2.697,0.453,0.531
1126.5,2.734,0.467,2.185
1127.0,2.811,0.547,2.185
1127.51,2.723,0.453,2.181
1128.01,2.814,0.453,2.185
1128.52,2.825,0.453,2.185
1129.02,2.738,0.453,0.531
1129.53,2.767,0.467,2.185
1130.03,2.769,0.467,2.185
1130.57,2.686,0.453,0.531
1131.08,2.697,0.453,0.531
1131.59,2.752,0.453,2.185
1132.09,2.676,0.453,2.181
1132.6,2.786,0.453,2.185
1133.11,2.703,0.453,2.181
1133.61,2.785,0.453,2.185
1134.11,2.709,0.453,2.185
1134.62,2.746,0.453,2.181
1135.12,2.719,0.453,2.185
1135.63,2.747,0.467,2.185
1136.13,2.732,0.462,2.185
1136.64,2.722,0.453,0.531
1137.14,2.739,0.453,2.185
1137.66,2.739,0.453,0.531
1138.19,2.738,0.453,0.531
1138.7,2.739,0.453,0.531
1139.21,2.739,0.453,0.531
1139.71,2.739,0.453,0.531
1140.23,2.739,0.453,0.531
1140.74,2.738,0.453,0.531
1141.25,2.738,0.453,2.181
1141.76,2.738,0.482,2.181
1142.27,2.739,0.453,0.531
1142.79,2.739,0.453,0.531
1143.31,2.739,0.453,0.531
1143.82,2.739,0.453,0.531
1144.33,2.739,0.453,0.531
1144.84,2.739,0.453,0.531
1145.35,2.739,0.453,0.531
1145.86,2.739,0.453,0.531
1146.37,2.739,0.453,0.531
1146.88,2.739,0.453,0.531
1147.39,2.739,0.453,0.531
1147.94,2.739,0.453,0.531
1148.45,2.739,0.453,0.531
1148.95,2.739,0.453,0.531
1149.46,2.739,0.453,0.531
1149.97,2.739,0.453,0.531
1150.48,2.739,0.453,0.531
1150.99,2.739,0.453,0.531
1151.5,2.739,0.453,0.531
1152.01,2.737,0.453,0.531
1152.52,2.737,0.453,0.531
1153.02,2.738,0.65,1.185
1153.54,2.738,0.453,0.531
1154.06,2.738,0.453,0.531
1154.57,2.738,0.453,0.531
1155.08,2.738,0.453,0.531
1155.59,2.738,0.453,0.531
1156.1,2.738,0.453,0.531
1156.61,2.738,0.453,0.531
1157.12,2.738,0.453,0.531
1157.68,2.738,0.453,0.531
1158.2,2.738,0.453,0.531
1158.72,2.738,0.453,0.531
1159.25,2.738,0.453,0.531
1159.76,2.738,0.453,0.531
1160.28,2.738,0.453,0.531
1160.83,2.738,0.47,2.185
1161.34,2.738,0.525,2.187
1161.85,2.725,0.453,2.185
1162.37,2.762,0.453,2.181
1162.88,2.725,0.453,0.531
1163.4,2.725,0.453,2.185
1163.92,2.739,0.467,2.185
1164.43,2.738,0.453,2.185
1164.94,2.824,0.453,2.185
1165.45,2.725,0.453,2.181
1165.96,2.725,0.453,0.531
1166.47,2.738,0.453,2.185
1166.98,2.753,0.467,2.185
1167.49,2.725,0.453,2.185
1168.0,2.753,0.467,2.185
1168.51,2.725,0.482,2.181
1169.02,2.725,0.453,2.185
1169.53,2.753,0.467,2.187
1170.03,2.738,0.489,2.187
1170.55,2.818,0.467,2.185
1171.06,2.725,0.563,1.185
1171.58,2.766,0.471,2.185
1172.09,2.725,0.453,2.185
1172.6,2.823,0.463,2.185
1173.12,2.746,0.467,2.181
1173.63,2.725,0.453,0.531
1174.14,2.813,0.453,2.185
1174.65,2.725,0.453,2.185
1175.16,2.829,0.467,2.185
1175.67,2.738,0.453,0.531
1176.18,2.8,0.453,2.185
1176.69,2.725,0.453,2.185
1177.2,2.725,0.453,0.531
1177.7,2.737,0.526,2.185
1178.22,2.792,0.465,2.185
1178.73,2.739,0.467,2.185
1179.24,2.738,0.453,2.181
1179.75,2.725,0.453,0.531
1180.26,2.753,0.467,2.187
1180.77,2.725,0.453,0.531
1181.28,2.725,0.453,0.531
1181.79,2.801,0.453,2.185
1182.3,2.738,0.692,0.883
1182.81,2.738,0.482,2.185
1183.33,2.738,0.453,2.181
1183.83,2.725,0.453,2.185
1184.34,2.725,0.453,2.181
1184.85,2.725,0.453,2.185
1185.37,2.745,0.866,2.185
1185.92,2.725,0.453,0.531
1186.43,2.725,0.453,2.181
1186.94,2.738,0.49,2.185
1187.45,2.738,0.492,2.185
1187.96,2.725,0.453,2.181
1188.47,2.764,0.467,2.185
1188.97,2.795,0.467,2.185
1189.48,2.725,0.453,0.531
1189.99,2.753,0.467,2.185
1190.5,2.725,0.549,2.185
1191.01,2.764,0.467,2.185
1191.52,2.738,0.453,0.531
1192.03,2.753,0.467,2.185
1192.54,2.725,0.477,2.185
1193.05,2.75,0.453,2.181
1193.59,2.725,0.453,0.531
1194.1,2.753,0.467,2.185
1194.61,2.725,0.556,1.185
1195.15,2.739,0.467,2.185
1195.66,2.834,0.453,2.185
1196.2,2.725,0.453,0.531
1196.7,2.81,0.453,2.185
1197.21,2.725,0.453,2.181
1197.72,2.821,0.453,2.185
1198.24,2.79,0.453,2.185
1198.75,2.725,0.453,0.531
1199.26,2.725,0.462,2.187
1199.77,2.738,0.453,2.185
1200.28,2.821,0.467,2.185
1200.79,2.725,0.453,0.531
1201.34,2.817,0.453,2.185
1201.85,2.725,0.453,0.531
1202.36,2.725,0.453,2.181
1202.87,2.725,0.453,2.185
1203.38,2.725,0.453,2.185
1203.93,2.725,0.453,0.531
1204.43,2.725,0.453,2.185
1204.94,2.832,0.467,2.185
1205.47,2.725,0.453,0.531
1206.02,2.725,0.541,2.185
1206.56,2.725,0.482,2.181
1207.07,2.809,0.453,2.185
1207.58,2.738,0.453,2.185
1208.08,2.725,0.453,2.181
1208.59,2.792,0.453,2.185
1209.1,2.725,0.515,2.185
1209.64,2.725,0.453,0.531
1210.15,2.738,0.453,2.185
1210.66,2.831,0.467,2.185
1211.17,2.725,0.453,2.185
1211.69,2.738,0.517,2.185
1212.23,2.726,0.453,0.531
1212.74,2.726,0.453,2.185
1213.25,2.824,0.453,2.185
1213.77,2.726,0.843,1.034
1214.29,2.823,0.463,2.185
1214.8,2.726,0.453,2.185
1215.31,2.817,0.453,2.185
1215.81,2.726,0.453,0.531
1216.32,2.81,0.465,2.185
1216.83,2.726,0.453,0.531
1217.35,2.726,0.453,2.185
1217.86,2.807,0.467,2.185
1218.38,2.726,0.453,0.531
1218.89,2.754,0.467,2.185
1219.39,2.726,0.464,2.185
1219.93,2.726,0.453,2.181
1220.44,2.726,0.453,2.185
1220.95,2.754,0.467,2.185
1221.46,2.739,0.464,2.185
1221.97,2.726,0.453,2.181
1222.47,2.726,0.453,0.531
1223.03,2.754,0.467,2.185
1223.53,2.739,0.453,2.185
1224.04,2.754,0.467,2.185
1224.55,2.754,0.525,2.185
1225.06,2.726,0.532,1.185
1225.57,2.726,0.482,2.181
1226.08,2.726,1.27,1.877
1226.6,2.726,0.453,0.531
1227.11,2.726,0.453,0.531
1227.62,2.726,0.453,0.531
1228.16,2.726,0.453,0.531
1228.7,2.726,0.453,0.531
1229.23,2.726,0.453,0.531
1229.74,2.726,0.453,0.531
1230.24,2.726,0.453,2.181
1230.79,2.726,0.453,0.531
1231.3,2.726,0.453,0.531
1231.82,2.726,0.453,0.531
1232.33,2.726,0.453,0.531
1232.84,2.726,0.453,0.531
1233.34,2.726,0.482,2.181
1233.85,2.726,0.742,1.372
1234.36,2.726,0.482,2.181
1234.87,2.726,0.539,1.185
1235.38,2.726,0.453,0.531
1235.9,2.726,0.453,0.531
1236.42,2.726,0.453,0.531
1236.95,2.726,0.453,0.531
1237.47,2.726,0.453,0.531
1237.98,2.726,0.453,0.531
1238.49,2.726,0.482,2.181
1239.0,2.739,0.453,2.185
1239.5,2.739,0.453,0.531
1240.02,2.739,0.469,2.187
1240.53,2.726,0.453,2.185
1241.04,2.726,0.454,2.185
1241.55,2.794,0.524,2.181
1242.06,2.726,0.453,0.531
1242.57,2.819,0.453,2.185
1243.08,2.726,0.453,2.185
1243.59,2.808,0.467,2.185
1244.1,2.726,0.453,2.181
1244.61,2.726,0.453,2.185
1245.12,2.752,0.453,2.185
1245.63,2.836,0.453,2.185
1246.14,2.726,0.453,2.181
1246.65,2.726,0.453,0.531
1247.15,2.754,0.467,2.185
1247.66,2.726,0.453,2.187
1248.17,2.808,0.467,2.185
1248.68,2.726,0.453,0.531
1249.19,2.785,0.453,2.185
1249.7,2.739,0.453,2.185
1250.21,2.808,0.467,2.185
1250.72,2.726,0.482,2.181
1251.22,2.726,0.468,2.185
1251.73,2.726,0.453,2.185
1252.24,2.774,0.453,2.185
1252.75,2.739,0.453,2.181
1253.26,2.726,0.453,0.531
1253.81,2.755,0.467,2.185
1254.32,2.726,0.584,2.185
1254.83,2.726,0.453,2.181
1255.37,2.726,0.453,0.531
1255.88,2.755,0.467,2.185
1256.39,2.726,0.453,2.185
1256.9,2.744,0.467,2.181
1257.41,2.726,0.453,0.531
1257.92,2.726,0.453,2.185
1258.43,2.755,0.467,2.185
1258.94,2.726,0.483,2.185
1259.45,2.792,0.467,2.185
1259.97,2.726,0.453,0.531
1260.48,2.768,0.462,2.185
1260.99,2.726,0.453,2.185
1261.5,2.768,0.467,2.185
1262.01,2.726,0.453,0.531
1262.52,2.74,0.467,2.185
1263.03,2.809,0.466,2.185
1263.57,2.726,0.453,0.531
1264.08,2.749,0.639,2.185
1264.59,2.726,0.453,0.531
1265.1,2.727,0.453,2.185
1265.61,2.727,0.453,0.531
1266.12,2.727,0.453,2.185
1266.63,2.727,0.453,0.531
1267.14,2.727,0.453,2.185
1267.64,2.808,0.467,2.185
1268.18,2.727,0.453,0.531
1268.68,2.755,0.467,2.185
1269.19,2.727,0.589,2.185
1269.7,2.727,0.453,2.181
1270.21,2.74,0.453,2.185
1270.72,2.778,0.467,2.185
1271.23,2.727,0.453,2.185
1271.74,2.746,0.453,2.181
1272.25,2.768,0.584,2.185
1272.76,2.768,0.453,0.531
1273.28,2.769,0.467,2.185
1273.78,2.768,0.467,2.185
1274.3,2.727,0.453,0.531
1274.81,2.727,0.453,2.185
1275.32,2.807,0.467,2.185
1275.83,2.727,0.478,2.185
1276.36,2.727,0.453,0.531
1276.87,2.768,0.453,2.185
1277.37,2.78,0.467,2.185
1277.88,2.74,0.453,0.531
1278.39,2.727,0.453,2.185
1278.9,2.809,0.467,2.185
1279.42,2.727,0.453,0.531
1279.93,2.727,0.453,2.185
1280.44,2.727,0.453,2.181
1280.95,2.755,0.467,2.185
1281.46,2.727,0.511,2.185
1281.99,2.727,0.453,0.531
1282.5,2.755,0.467,2.185
1283.01,2.845,0.453,2.185
1283.55,2.727,0.453,0.531
1284.06,2.727,0.518,2.185
1284.59,2.727,0.453,0.531
1285.1,2.755,0.467,2.185
1285.64,2.727,0.453,0.531
1286.14,2.727,0.453,2.185
1286.65,2.768,0.467,2.185
1287.17,2.727,0.476,2.185
1287.68,2.794,0.467,2.185
1288.19,2.727,0.465,2.185
1288.7,2.833,0.467,2.185
1289.22,2.727,0.453,0.531
1289.73,2.727,0.542,2.185
1290.24,2.727,0.453,0.531
1290.74,2.727,0.453,2.185
1291.25,2.755,0.467,2.185
1291.78,2.727,0.453,0.531
1292.28,2.755,0.467,2.185
1292.79,2.796,0.467,2.185
1293.32,2.727,0.482,2.181
1293.83,2.727,0.453,2.185
1294.34,2.755,0.467,2.185
1294.85,2.727,0.463,2.185
1295.36,2.727,0.453,2.181
1295.87,2.727,0.453,0.531
1296.38,2.81,0.453,2.185
1296.89,2.812,0.453,2.185
1297.4,2.727,0.453,2.181
1297.91,2.74,0.467,2.185
1298.42,2.727,0.453,2.185
1298.93,2.848,0.453,2.185
1299.45,2.727,0.482,2.181
1299.96,2.727,0.463,2.185
1300.47,2.727,0.453,2.185
1300.98,2.809,0.467,2.185
1301.49,2.727,0.453,0.531
1302.0,2.727,0.453,2.185
1302.52,2.755,0.467,2.185
1303.03,2.727,0.482,2.181
1303.53,2.727,0.453,2.187
1304.05,2.727,0.453,0.531
1304.55,2.74,0.453,2.185
1305.06,2.74,0.453,0.531
1305.57,2.74,0.532,1.185
1306.08,2.74,0.453,0.531
1306.62,2.74,0.453,0.531
1307.13,2.74,0.453,0.531
1307.64,2.74,0.453,0.531
1308.15,2.74,0.482,2.181
1308.66,2.74,0.453,0.531
1309.17,2.74,0.453,0.531
1309.68,2.74,0.453,0.531
1310.19,2.74,0.453,0.531
1310.79,2.74,0.453,0.531
1311.31,2.74,0.453,2.181
1311.82,2.74,0.482,2.181
1312.33,2.74,0.453,0.531
1312.83,2.74,0.453,0.531
1313.34,2.74,0.453,0.531
1313.85,2.74,0.453,0.531
1314.38,2.74,0.453,0.531
1314.89,2.74,0.453,0.531
1315.41,2.74,0.453,0.531
1315.96,2.719,0.453,2.185
1316.47,2.776,0.467,2.185
1316.98,2.719,0.482,2.181
1317.49,2.706,0.453,2.185
1318.0,2.735,0.467,2.185
1318.51,2.732,0.463,2.185
1319.02,2.706,0.453,0.531
1319.52,2.721,0.467,2.185
1320.03,2.719,0.473,2.185
1320.55,2.788,1.149,2.185
1321.05,2.707,0.453,0.531
1321.56,2.735,0.453,2.185
1322.07,2.789,0.453,2.185
1322.59,2.765,0.467,2.185
1323.1,2.683,0.453,0.531
1323.61,2.772,0.453,2.185
1324.12,2.683,0.453,2.185
1324.63,2.684,0.453,0.531
1325.14,2.687,0.453,2.185
1325.65,2.683,0.466,2.185
1326.16,2.684,0.453,2.181
1326.68,2.675,0.453,0.531
1327.19,2.703,0.453,2.185
1327.7,2.675,0.453,2.185
1328.21,2.724,0.467,2.185
1328.72,2.675,0.453,0.531
1329.23,2.77,0.453,2.187
1329.73,2.675,0.453,2.185
1330.24,2.675,0.482,2.181
1330.75,2.675,0.453,2.185
1331.26,2.675,0.453,2.185
1331.77,2.806,0.467,2.185
1332.27,2.675,0.453,2.181
1332.78,2.675,0.453,2.185
1333.29,2.665,0.453,2.185
1333.8,2.757,0.453,2.185
1334.32,2.665,0.453,2.181
1334.83,2.665,0.467,2.185
1335.34,2.693,0.467,2.187
1335.84,2.678,0.563,2.185
1336.36,2.665,0.453,0.531
1336.86,2.665,0.453,0.531
1337.37,2.665,0.453,0.531
1337.88,2.741,0.453,2.185
1338.39,2.678,0.453,2.181
1338.89,2.678,0.453,2.185
1339.4,2.693,0.467,2.185
1339.91,2.76,0.469,2.185
1340.43,2.665,0.453,2.181
1340.94,2.665,0.453,2.185
1341.46,2.678,0.979,2.187
1341.97,2.772,0.453,2.185
1342.49,2.665,0.482,2.181
1343.0,2.693,0.467,2.185
1343.51,2.745,0.575,2.185
1344.05,2.665,0.453,0.531
1344.56,2.665,0.453,0.531
1345.07,2.693,0.453,2.185
1345.58,2.665,0.453,0.531
1346.11,2.665,0.453,2.185
1346.62,2.665,0.453,0.531
1347.13,2.665,0.453,2.185
1347.64,2.665,0.453,0.531
1348.14,2.693,0.467,2.185
1348.65,2.665,0.453,2.181
1349.17,2.665,0.475,2.185
1349.68,2.665,0.453,2.187
1350.19,2.722,0.467,2.185
1350.69,2.665,0.453,0.531
1351.21,2.694,0.453,2.185
1351.72,2.665,0.453,2.185
1352.22,2.732,0.467,2.185
1352.73,2.665,0.453,0.531
1353.25,2.694,0.467,2.185
1353.76,2.665,0.464,2.185
1354.29,2.665,0.453,0.531
1354.8,2.665,0.453,2.185
1355.31,2.719,0.467,2.185
1355.83,2.666,0.453,2.185
1356.35,2.679,0.484,2.185
1356.87,2.666,0.453,2.181
1357.38,2.763,0.468,2.185
1357.89,2.666,0.507,2.185
1358.43,2.666,0.453,0.531
1358.94,2.692,0.482,2.185
1359.45,2.666,0.453,2.181
1359.96,2.666,0.453,2.185
1360.47,2.694,0.467,2.185
1360.98,2.666,0.453,0.531
1361.49,2.666,0.453,2.185
1362.0,2.746,0.467,2.185
1362.52,2.666,0.52,2.185
1363.03,2.722,0.453,2.185
1363.55,2.666,0.453,0.531
1364.06,2.666,0.453,2.185
1364.58,2.735,0.467,2.185
1365.09,2.666,0.453,2.185
1365.6,2.666,0.453,2.185
1366.11,2.707,0.453,0.531
1366.62,2.666,0.453,2.185
1367.13,2.687,0.467,2.181
1367.64,2.729,0.453,2.185
1368.14,2.666,0.453,2.181
1368.65,2.694,0.467,2.185
1369.16,2.691,0.467,2.185
1369.68,2.679,0.482,2.181
1370.19,2.666,0.453,2.185
1370.71,2.666,0.453,2.185
1371.22,2.764,0.463,2.185
1371.76,2.678,0.453,2.181
1372.27,2.666,0.453,2.185
1372.78,2.672,0.453,2.181
1373.29,2.666,0.453,0.531
1373.81,2.666,0.467,2.185
1374.32,2.666,0.453,2.185
1374.83,2.734,0.467,2.185
1375.34,2.666,0.453,2.181
1375.89,2.666,0.453,0.531
1376.4,2.694,0.467,2.185
1376.91,2.749,0.453,2.185
1377.42,2.743,1.206,2.185
1377.96,2.666,0.453,0.531
1378.47,2.666,0.453,2.185
1378.98,2.737,0.467,2.185
1379.49,2.666,0.453,0.531
1380.0,2.666,0.453,2.185
1380.52,2.679,0.453,2.185
1381.03,2.72,0.453,2.185
1381.54,2.666,0.453,0.531
1382.04,2.764,0.453,2.187
1382.55,2.666,0.496,2.185
1383.06,2.743,0.467,2.185
1383.58,2.666,0.453,0.531
1384.09,2.666,0.453,0.531
1384.6,2.68,0.467,2.185
1385.11,2.679,0.453,0.531
1385.63,2.679,0.453,0.531
1386.15,2.679,0.453,0.531
1386.69,2.679,0.453,0.531
1387.22,2.679,0.453,0.531
1387.74,2.679,0.453,0.531
1388.28,2.679,0.453,0.531
1388.79,2.679,0.453,0.531
1389.31,2.679,0.453,0.531
1389.82,2.679,0.453,0.531
1390.34,2.679,0.453,0.531
1390.88,2.68,0.453,0.531
1391.43,2.68,0.453,0.531
1391.94,2.703,0.453,2.185
1392.45,2.68,0.453,0.531
1392.96,2.68,0.453,2.185
1393.46,2.68,0.578,1.185
1393.97,2.68,0.453,0.531
1394.51,2.68,0.453,0.531
1395.02,2.68,0.453,2.181
1395.52,2.68,0.453,0.531
1396.03,2.68,0.453,2.185
1396.54,2.68,0.453,0.531
1397.1,2.68,0.453,0.531
1397.61,2.68,0.453,0.531
1398.13,2.68,0.453,0.531
1398.64,2.68,0.453,2.185
1399.15,2.681,0.467,2.185
1399.66,2.68,0.453,2.181
1400.18,2.667,0.453,0.531
1400.69,2.695,0.467,2.185
1401.2,2.667,0.541,1.185
1401.71,2.667,0.453,2.185
1402.22,2.681,0.467,2.187
1402.73,2.667,0.453,2.187
1403.24,2.695,0.467,2.185
1403.77,2.667,0.453,0.531
1404.28,2.738,0.453,2.185
1404.78,2.667,0.453,2.185
1405.29,2.736,0.866,2.185
1405.81,2.667,0.453,0.531
1406.32,2.741,0.453,2.185
1406.83,2.68,0.453,2.181
1407.34,2.667,0.453,2.185
1407.84,2.695,0.467,2.185
1408.35,2.667,0.482,2.185
1408.86,2.716,0.453,2.181
1409.37,2.667,0.453,0.531
1409.89,2.752,0.453,2.185
1410.4,2.667,0.453,2.185
1410.91,2.723,0.467,2.185
1411.42,2.667,0.453,0.531
1411.93,2.667,0.462,2.185
1412.44,2.667,0.453,2.181
1412.99,2.667,0.453,0.531
1413.5,2.695,0.467,2.185
1414.01,2.667,0.514,2.185
1414.52,2.718,0.467,2.185
1415.03,2.667,0.453,0.531
1415.54,2.695,0.467,2.185
1416.05,2.693,0.591,2.185
1416.56,2.667,0.453,2.181
1417.07,2.667,0.453,2.185
1417.58,2.693,0.453,2.185
1418.1,2.667,0.453,0.531
1418.61,2.765,0.453,2.185
1419.12,2.667,0.453,0.531
1419.63,2.667,0.453,2.185
1420.15,2.667,0.453,0.531
1420.66,2.707,0.453,2.185
1421.16,2.68,0.453,0.531
1421.67,2.695,0.467,2.185
1422.18,2.667,0.453,2.185
1422.69,2.696,0.467,2.181
1423.2,2.667,0.453,0.531
1423.71,2.696,0.467,2.185
1424.22,2.667,0.467,2.185
1424.75,2.667,0.453,0.531
1425.26,2.696,0.467,2.185
1425.77,2.693,0.517,2.185
1426.28,2.667,0.453,2.181
1426.79,2.752,0.453,2.185
1427.29,2.668,0.453,0.531
1427.8,2.696,0.467,2.185
1428.31,2.668,0.453,0.531
1428.82,2.668,0.453,2.185
1429.33,2.761,0.467,2.185
1429.85,2.668,0.453,0.531
1430.36,2.696,0.467,2.185
1430.87,2.754,0.453,2.185
1431.39,2.668,0.453,0.531
1431.9,2.696,0.467,2.185
1432.4,2.668,0.463,2.185
1432.94,2.668,0.482,2.181
1433.45,2.681,0.513,2.187
1433.96,2.668,0.453,2.187
1434.46,2.668,0.453,0.531
1434.98,2.696,0.467,2.187
1435.49,2.668,0.462,2.185
1436.0,2.68,0.453,2.181
1436.51,2.668,0.453,0.531
1437.02,2.681,0.453,2.185
1437.53,2.668,0.453,2.181
1438.04,2.744,0.453,2.185
1438.55,2.791,0.465,2.185
1439.09,2.668,0.453,0.531
1439.6,2.673,0.453,2.185
1440.11,2.775,0.453,2.185
1440.67,2.668,0.453,0.531
1441.18,2.668,0.453,0.531
1441.68,2.729,0.453,2.185
1442.19,2.668,0.561,2.185
1442.7,2.668,0.453,2.181
1443.21,2.668,0.467,2.185
1443.72,2.668,0.556,2.185
1444.26,2.668,0.453,0.531
1444.76,2.696,0.467,2.185
1445.27,2.79,0.465,2.185
1445.81,2.668,0.453,0.531
1446.32,2.668,0.453,2.185
1446.83,2.668,0.482,2.181
1447.33,2.696,0.467,2.185
1447.84,2.668,0.464,2.185
1448.38,2.681,0.453,0.531
1448.89,2.696,0.467,2.185
1449.4,2.668,0.453,0.531
1449.91,2.753,0.453,2.185
1450.42,2.668,0.453,2.185
1450.93,2.75,0.467,2.185
1451.45,2.668,0.453,0.531
1451.95,2.761,0.453,2.185
1452.46,2.668,0.453,2.181
1452.97,2.668,0.453,2.185
1453.48,2.668,0.547,2.185
1453.99,2.668,0.453,2.181
1454.5,2.756,0.453,2.185
1455.0,2.668,0.541,2.185
1455.53,2.668,0.453,0.531
1456.04,2.668,0.453,2.185
1456.55,2.799,0.467,2.185
1457.06,2.669,0.579,1.185
1457.58,2.697,0.467,2.185
1458.09,2.669,0.453,0.531
1458.59,2.697,0.453,2.185
1459.1,2.682,0.453,2.185
1459.61,2.735,0.467,2.185
1460.13,2.669,0.453,0.531
1460.64,2.669,0.496,2.187
1461.15,2.669,0.453,2.185
1461.66,2.751,0.467,2.185
1462.18,2.669,0.453,0.531
1462.69,2.669,0.455,2.187
1463.2,2.682,0.453,2.185
1463.71,2.669,0.548,1.185
1464.24,2.764,0.453,2.185
1464.75,2.669,0.453,2.185
1465.26,2.748,0.467,2.185
1465.79,2.669,0.453,0.531
1466.3,2.697,0.467,2.185
1466.8,2.763,0.453,2.185
1467.32,2.669,0.453,0.531
1467.83,2.711,0.467,2.185
1468.34,2.738,0.453,2.185
1468.87,2.71,0.453,0.531
1469.38,2.725,0.453,2.185
1469.89,2.697,0.467,2.185
1470.39,2.669,0.453,2.181
1470.9,2.669,0.453,2.185
1471.42,2.669,0.566,0.732
1471.95,2.669,0.453,0.531
1472.47,2.669,0.453,0.531
1473.0,2.669,0.453,0.531
1473.52,2.669,0.453,0.531
1474.03,2.669,0.453,0.531
1474.59,2.669,0.453,0.531
1475.11,2.669,0.453,0.531
1475.62,2.669,0.453,0.531
1476.14,2.669,0.453,0.531
1476.65,2.682,0.453,2.185
1477.17,2.686,0.453,0.531
1477.73,2.686,0.453,2.185
1478.24,2.685,0.453,0.531
1478.75,2.685,0.453,2.185
1479.29,2.685,0.453,0.531
1479.84,2.685,0.453,0.531
1480.35,2.685,0.453,0.531
1480.86,2.685,0.453,0.531
1481.42,2.685,0.453,0.531
1481.93,2.685,0.453,0.531
1482.45,2.685,0.453,0.531
1482.98,2.685,0.453,0.531
1483.5,2.685,0.462,2.185
1484.01,2.723,0.467,2.185
1484.52,2.685,0.453,0.531
1485.04,2.699,0.453,2.185
1485.55,2.685,0.453,2.181
1486.06,2.685,0.453,0.531
1486.57,2.685,0.467,2.181
1487.08,2.685,0.453,0.531
1487.59,2.7,0.453,2.185
1488.1,2.723,0.453,2.185
1488.6,2.768,0.467,2.185
1489.12,2.672,0.482,2.181
1489.63,2.672,0.473,2.185
1490.14,2.672,0.453,2.185
1490.65,2.796,0.453,2.185
1491.16,2.672,0.453,2.181
1491.67,2.713,0.462,2.185
1492.18,2.672,0.453,2.185
1492.69,2.754,0.453,2.185
1493.2,2.672,0.453,2.181
1493.75,2.672,0.453,0.531
1494.26,2.767,0.453,2.185
1494.76,2.685,0.453,2.185
1495.27,2.768,0.467,2.185
1495.78,2.672,0.453,2.181
1496.29,2.672,0.453,2.185
1496.8,2.689,0.453,2.185
1497.31,2.697,0.453,0.531
1497.82,2.7,0.467,2.185
1498.33,2.764,0.467,2.185
1498.85,2.685,0.453,2.181
1499.36,2.7,0.467,2.185
1499.87,2.672,0.453,2.185
1500.38,2.76,0.467,2.185
1500.91,2.672,0.453,0.531
1501.42,2.7,0.467,2.185
1501.93,2.672,0.526,2.185
1502.44,2.672,0.453,2.181
1502.95,2.768,0.453,2.185
1503.46,2.672,0.453,0.531
1503.96,2.7,0.467,2.185
1504.47,2.672,0.453,0.531
1504.98,2.672,0.453,2.185
1505.49,2.739,0.467,2.185
1505.99,2.672,0.453,0.531
1506.51,2.7,0.467,2.185
1507.01,2.779,0.467,2.185
1507.52,2.672,0.453,2.181
1508.03,2.672,0.453,2.185
1508.54,2.7,0.467,2.185
1509.05,2.795,0.453,2.185
1509.55,2.672,0.453,2.181
1510.06,2.672,0.522,2.185
1510.57,2.672,0.453,2.185
1511.08,2.71,0.467,2.185
1511.59,2.714,0.453,0.531
1512.1,2.716,0.453,2.185
1512.61,2.714,0.453,0.531
1513.12,2.724,0.453,2.185
1513.63,2.672,0.453,0.531
1514.14,2.672,0.453,2.181
1514.65,2.672,0.453,0.531
1515.16,2.7,0.467,2.185
1515.67,2.698,0.573,2.185
1516.23,2.672,0.453,0.531
1516.74,2.7,0.467,2.185
1517.25,2.672,0.474,2.185
1517.79,2.672,0.552,1.185
1518.3,2.754,0.453,2.185
1518.81,2.672,0.552,2.185
1519.32,2.672,0.453,2.181
1519.83,2.672,0.462,2.185
1520.36,2.672,0.453,2.181
1520.88,2.672,0.535,2.185
1521.39,2.672,0.453,2.185
1521.93,2.672,0.453,0.531
1522.43,2.701,0.467,2.185
1522.94,2.672,0.547,2.185
1523.48,2.672,0.453,2.181
1523.99,2.757,0.453,2.185
1524.5,2.672,0.503,2.185
1525.03,2.672,0.453,2.181
1525.54,2.672,0.549,2.185
1526.06,2.672,0.453,2.181
1526.58,2.672,0.453,0.531
1527.14,2.701,0.467,2.185
1527.65,2.789,0.469,2.185
1528.18,2.672,0.453,0.531
1528.69,2.672,0.453,2.185
1529.2,2.714,0.453,2.181
1529.71,2.685,0.467,2.185
1530.22,2.672,0.529,2.185
1530.75,2.672,0.453,0.531
1531.26,2.701,0.467,2.185
1531.77,2.672,0.453,0.531
1532.3,2.701,0.467,2.185
1532.81,2.698,0.453,2.185
1533.32,2.748,0.467,2.185
1533.9,2.672,0.453,0.531
1534.41,2.727,0.467,2.185
1534.92,2.672,0.453,0.531
1535.43,2.715,0.467,2.185
1535.94,2.685,0.458,2.185
1536.48,2.714,0.539,1.185
1536.99,2.701,0.467,2.185
1537.5,2.672,1.539,2.181
1538.04,2.701,0.467,2.185
1538.55,2.685,0.53,2.185
1539.08,2.673,0.453,0.531
1539.59,2.803,0.467,2.185
1540.13,2.673,0.453,0.531
1540.64,2.701,0.467,2.185
1541.16,2.673,0.482,2.181
1541.67,2.768,0.453,2.185
1542.18,2.673,0.453,2.185
1542.68,2.686,0.818,2.181
1543.24,2.673,0.453,2.185
1543.76,2.686,0.453,2.185
1544.27,2.743,0.467,2.185
1544.79,2.673,0.453,0.531
1545.31,2.701,0.467,2.185
1545.82,2.673,0.476,2.185
1546.37,2.673,0.453,2.181
1546.88,2.673,0.453,2.185
1547.38,2.765,0.453,2.185
1547.89,2.673,0.544,2.185
1548.4,2.673,0.453,0.531
1548.91,2.673,0.535,2.185
1549.42,2.673,0.453,2.181
1549.93,2.673,0.453,0.531
1550.49,2.765,0.453,2.185
1551.0,2.685,0.453,2.185
1551.51,2.689,0.453,2.181
1552.02,2.673,0.544,2.185
1552.53,2.701,0.453,2.185
1553.04,2.673,0.482,2.181
1553.55,2.714,0.467,2.185
1554.06,2.673,0.453,0.531
1554.57,2.673,0.453,2.185
1555.08,2.729,0.467,2.185
1555.59,2.696,0.453,2.181
1556.14,2.673,0.453,0.531
1556.64,2.673,0.453,0.531
1557.18,2.673,0.453,0.531
1557.71,2.673,0.453,0.531
1558.23,2.673,0.453,0.531
1558.76,2.673,0.453,0.531
1559.27,2.673,0.453,0.531
1559.81,2.673,0.453,0.531
1560.33,2.673,0.453,0.531
1560.85,2.673,0.453,0.531
1561.36,2.673,0.453,0.531
1561.87,2.673,0.453,0.531
1562.42,2.673,0.453,0.531
1562.96,2.673,0.453,0.531
1563.47,2.673,0.453,0.531
1563.99,2.673,0.453,0.531
1564.5,2.673,0.453,0.531
1565.01,2.673,0.453,0.531
1565.52,2.673,0.529,0.581
1566.05,2.673,0.453,0.531
1566.56,2.687,0.467,2.185
1567.07,2.686,0.482,2.181
1567.58,2.686,0.453,2.185
1568.09,2.701,0.467,2.187
1568.59,2.699,0.453,2.185
1569.1,2.708,0.453,2.185
1569.63,2.673,0.453,0.531
1570.14,2.686,0.469,2.185
1570.66,2.686,0.453,2.181
1571.17,2.686,0.453,0.531
1571.72,2.701,0.467,2.185
1572.23,2.772,0.453,2.185
1572.74,2.673,0.453,0.531
1573.26,2.768,0.453,2.185
1573.77,2.673,0.453,2.185
1574.27,2.701,0.467,2.185
1574.78,2.673,0.552,1.185
1575.29,2.769,0.453,2.185
1575.8,2.699,0.467,2.185
1576.31,2.783,0.453,2.185
1576.82,2.673,0.453,0.531
1577.33,2.691,1.092,2.185
1577.84,2.759,0.453,2.185
1578.34,2.673,0.453,2.181
1578.85,2.715,0.453,0.531
1579.41,2.716,0.467,2.185
1579.91,2.673,0.453,2.185
1580.42,2.766,0.467,2.185
1580.93,2.673,0.482,2.181
1581.44,2.673,0.453,2.185
1581.94,2.673,0.453,2.185
1582.45,2.755,0.467,2.185
1582.96,2.673,0.453,0.531
1583.47,2.673,0.453,2.185
1583.98,2.769,0.467,2.185
1584.49,2.673,0.534,1.185
1585.0,2.701,0.467,2.185
1585.51,2.673,0.453,2.185
1586.02,2.752,0.467,2.185
1586.54,2.673,0.453,0.531
1587.06,2.673,0.463,2.185
1587.57,2.686,0.453,2.185
1588.08,2.752,0.467,2.185
1588.58,2.673,0.453,0.531
1589.09,2.673,0.453,2.181
1589.6,2.673,0.453,2.185
1590.11,2.673,0.482,2.181
1590.62,2.673,0.453,2.185
1591.13,2.702,0.467,2.185
1591.64,2.673,0.453,0.531
1592.14,2.673,0.453,0.531
1592.65,2.673,0.453,2.181
1593.16,2.686,0.453,2.185
1593.67,2.684,0.467,2.185
1594.18,2.8,0.453,2.185
1594.69,2.715,0.453,0.531
1595.2,2.687,0.465,2.185
1595.71,2.702,0.467,2.185
1596.22,2.732,0.453,2.185
1596.72,2.674,0.453,0.531
1597.23,2.702,0.467,2.185
1597.74,2.674,0.453,0.531
1598.25,2.702,0.467,2.185
1598.76,2.674,0.453,0.531
1599.27,2.674,0.453,2.181
1599.77,2.674,0.453,2.185
1600.28,2.687,0.571,2.185
1600.81,2.687,0.453,0.531
1601.32,2.687,0.49,2.185
1601.84,2.674,0.453,0.531
1602.35,2.756,0.453,2.185
1602.88,2.674,0.482,2.181
1603.39,2.702,0.467,2.185
1603.9,2.674,0.453,2.181
1604.4,2.702,0.467,2.185
1604.91,2.756,0.526,2.185
1605.44,2.674,0.453,0.531
1605.95,2.73,0.453,2.185
1606.47,2.674,0.552,1.185
1606.98,2.759,0.455,2.185
1607.49,2.674,0.453,2.185
1608.02,2.674,0.453,2.181
1608.53,2.674,0.478,2.185
1609.04,2.687,0.453,2.185
1609.55,2.674,0.453,2.181
1610.06,2.702,0.467,2.185
1610.56,2.674,0.453,2.181
1611.07,2.762,0.453,2.185
1611.58,2.674,0.453,0.531
1612.09,2.702,0.526,2.185
1612.6,2.77,0.453,2.185
1613.12,2.674,0.453,0.531
1613.63,2.674,0.453,2.185
1614.14,2.766,0.467,2.185
1614.64,2.674,0.477,2.185
1615.15,2.674,0.476,2.185
1615.68,2.674,0.453,2.181
1616.19,2.728,0.453,2.185
1616.7,2.7,0.545,2.185
1617.23,2.674,0.453,0.531
1617.74,2.674,0.453,2.181
1618.24,2.674,0.453,2.185
1618.75,2.674,0.453,2.185
1619.26,2.795,0.467,2.185
1619.78,2.674,0.453,0.531
1620.29,2.702,0.467,2.185
1620.79,2.793,0.469,2.185
1621.35,2.674,0.453,0.531
1621.85,2.674,0.54,2.185
1622.37,2.674,0.453,2.181
1622.88,2.772,0.467,2.185
1623.4,2.7,0.588,2.185
1623.93,2.674,0.453,0.531
1624.43,2.674,0.453,2.185
1624.95,2.674,0.453,0.531
1625.46,2.703,0.526,2.185
1625.97,2.674,0.453,2.181
1626.48,2.716,0.519,2.185
1626.99,2.674,0.453,2.185
1627.52,2.716,0.467,2.181
1628.03,2.674,0.453,0.531
1628.54,2.674,0.453,2.185
1629.05,2.718,0.866,2.185
1629.57,2.674,0.453,2.185
1630.08,2.7,0.453,2.185
1630.59,2.731,0.467,2.185
1631.15,2.674,0.453,0.531
1631.66,2.703,0.467,2.185
1632.17,2.674,0.453,0.531
1632.68,2.688,0.467,2.185
1633.21,2.687,0.453,0.531
1633.72,2.688,0.467,2.187
1634.23,2.756,0.453,2.185
1634.74,2.674,0.453,0.531
1635.25,2.763,0.453,2.185
1635.76,2.674,0.556,1.185
1636.27,2.674,0.463,2.185
1636.79,2.674,0.453,2.185
1637.3,2.765,0.467,2.185
1637.81,2.675,0.453,2.185
1638.33,2.7,0.453,2.187
1638.84,2.728,0.467,2.185
1639.37,2.675,0.453,2.181
1639.88,2.675,0.453,2.185
1640.38,2.675,0.453,0.531
1640.89,2.723,0.453,2.185
1641.4,2.688,0.453,2.181
1641.91,2.688,0.466,0.531
1642.43,2.675,0.453,2.185
1642.95,2.675,0.453,0.531
1643.49,2.675,0.453,0.531
1644.04,2.675,0.453,0.531
1644.57,2.675,0.453,0.531
1645.1,2.675,0.453,0.531
1645.63,2.675,0.453,0.531
1646.14,2.675,0.453,0.531
1646.65,2.675,0.453,0.531
1647.16,2.675,0.482,2.181
1647.67,2.675,1.304,1.609
1648.18,2.675,0.482,2.181
1648.69,2.675,0.453,0.531
1649.23,2.675,0.453,0.531
1649.74,2.675,0.453,0.531
1650.25,2.675,0.453,0.531
1650.78,2.675,0.453,0.531
1651.3,2.675,0.453,0.531
1651.81,2.675,0.453,0.531
1652.32,2.675,0.453,0.531
1652.83,2.676,1.149,2.185
1653.34,2.688,0.453,0.531
1653.85,2.688,0.462,2.185
1654.36,2.688,0.453,2.185
1654.87,2.809,0.453,2.185
1655.37,2.675,0.453,2.181
1655.88,2.675,0.453,0.531
1656.39,2.703,0.467,2.185
1656.9,2.675,0.463,2.185
1657.42,2.675,0.453,0.531
1657.92,2.675,0.453,2.185
1658.43,2.757,0.467,2.185
1658.95,2.675,0.453,0.531
1659.45,2.742,0.453,2.185
1659.96,2.675,0.453,2.185
1660.48,2.7,0.453,2.181
1660.98,2.675,0.453,2.187
1661.49,2.688,0.453,2.187
1662.0,2.742,0.467,2.185
1662.51,2.675,0.453,0.531
1663.02,2.745,0.453,2.185
1663.53,2.675,0.453,2.185
1664.04,2.675,0.482,2.181
1664.54,2.675,0.453,2.185
1665.05,2.675,0.453,2.185
1665.56,2.734,0.467,2.181
1666.08,2.675,0.453,0.531
1666.59,2.703,0.467,2.185
1667.09,2.675,0.468,2.185
1667.6,2.675,0.453,2.181
1668.15,2.675,0.453,0.531
1668.66,2.703,0.453,2.185
1669.17,2.675,0.453,2.185
1669.68,2.675,0.453,0.531
1670.19,2.675,0.562,2.185
1670.7,2.701,0.453,2.185
1671.21,2.763,0.453,2.185
1671.72,2.675,0.453,0.531
1672.23,2.704,0.467,2.185
1672.73,2.675,0.453,2.185
1673.24,2.742,0.467,2.185
1673.75,2.675,0.453,0.531
1674.27,2.675,0.462,2.187
1674.78,2.675,0.453,2.185
1675.29,2.688,0.453,2.181
1675.8,2.675,0.453,0.531
1676.36,2.675,0.453,0.531
1676.86,2.704,0.453,2.185
1677.37,2.675,0.453,0.531
1677.88,2.675,0.453,2.185
1678.39,2.675,0.453,0.531
1678.91,2.675,0.453,2.185
1679.43,2.675,0.453,0.531
1679.94,2.676,0.538,1.185
1680.45,2.689,0.467,2.185
1680.96,2.688,0.453,0.531
1681.47,2.689,0.467,2.185
1681.97,2.688,0.499,2.185
1682.48,2.7,0.453,2.181
1682.99,2.675,0.453,0.531
1683.55,2.704,0.467,2.185
1684.06,2.773,0.462,2.185
1684.57,2.675,0.453,0.531
1685.08,2.704,0.467,2.185
1685.59,2.675,0.453,0.531
1686.1,2.675,0.453,2.181
1686.61,2.676,0.453,2.185
1687.12,2.704,0.467,2.185
1687.63,2.676,0.453,0.531
1688.15,2.74,0.453,2.185
1688.65,2.676,0.517,2.185
1689.19,2.676,0.453,0.531
1689.7,2.676,0.453,2.185
1690.21,2.743,0.467,2.185
1690.73,2.676,0.453,0.531
1691.24,2.676,0.453,2.185
1691.76,2.768,0.467,2.185
1692.28,2.676,0.453,2.185
1692.79,2.676,0.453,2.181
1693.32,2.676,0.519,2.185
1693.83,2.702,0.533,2.185
1694.34,2.676,0.453,2.181
1694.85,2.704,0.467,2.185
1695.35,2.676,0.453,2.181
1695.86,2.717,0.453,2.185
1696.37,2.689,0.584,2.185
1696.9,2.676,0.453,0.531
1697.41,2.676,0.507,2.185
1697.93,2.676,0.453,0.531
1698.44,2.758,0.53,2.185
1698.95,2.676,0.453,0.531
1699.46,2.704,0.467,2.185
1699.96,2.742,0.467,2.185
1700.49,2.676,0.453,2.185
1701.0,2.702,0.453,2.185
1701.51,2.676,0.453,2.181
1702.02,2.704,0.467,2.185
1702.53,2.782,0.467,2.185
1703.09,2.676,0.453,0.531
1703.6,2.676,0.453,2.185
1704.13,2.676,0.453,2.181
1704.64,2.704,0.467,2.185
1705.15,2.676,0.453,2.181
1705.66,2.76,0.453,2.185
1706.17,2.676,0.471,2.185
1706.7,2.676,0.453,0.531
1707.21,2.676,0.578,2.185
1707.72,2.676,0.453,2.181
1708.22,2.761,0.453,2.185
1708.73,2.742,0.467,2.185
1709.25,2.676,0.453,2.185
1709.76,2.755,0.453,2.185
1710.28,2.676,0.453,2.181
1710.78,2.704,0.467,2.185
1711.29,2.676,0.453,2.181
1711.8,2.749,0.453,2.185
1712.3,2.676,0.562,2.185
1712.83,2.676,0.453,0.531
1713.34,2.702,0.453,2.185
1713.85,2.676,0.453,2.181
1714.36,2.676,0.464,2.185
1714.87,2.676,0.547,2.185
1715.38,2.676,0.453,2.181
1715.89,2.761,0.465,2.185
1716.4,2.676,0.578,2.185
1716.91,2.676,0.453,2.181
1717.42,2.676,0.506,2.185
1717.93,2.676,0.453,2.185
1718.44,2.717,0.453,2.181
1718.95,2.676,0.453,0.531
1719.46,2.74,0.453,2.185
1719.97,2.676,0.453,2.181
1720.47,2.676,0.453,0.531
1720.98,2.689,0.453,2.185
1721.49,2.793,0.453,2.185
1722.0,2.676,0.552,1.185
1722.53,2.717,0.453,2.185
1723.04,2.676,0.453,2.185
1723.55,2.782,0.467,2.185
1724.11,2.676,0.453,0.531
1724.62,2.676,0.453,2.185
1725.13,2.767,0.453,2.185
1725.64,2.704,0.467,2.185
1726.15,2.676,0.692,0.883
1726.66,2.676,0.453,0.531
1727.22,2.676,0.463,2.185
1727.73,2.676,0.453,2.185
1728.24,2.676,0.453,0.531
1728.75,2.705,0.467,2.185
1729.26,2.676,0.471,2.185
1729.77,2.676,0.453,0.531
1730.28,2.676,0.453,0.531
1730.79,2.676,0.482,2.181
1731.3,2.676,0.453,0.531
1731.85,2.676,0.453,0.531
1732.41,2.676,0.453,0.531
1732.92,2.676,0.453,0.531
1733.48,2.676,0.453,0.531
1734.0,2.676,0.453,0.531
1734.55,2.677,0.453,0.531
1735.09,2.677,0.453,0.531
1735.61,2.677,0.453,0.531
1736.14,2.677,0.453,0.531
1736.68,2.677,0.617,0.732
1737.21,2.677,0.453,0.531
1737.76,2.677,0.453,0.531
1738.27,2.677,0.453,0.531
1738.78,2.677,0.453,0.531
1739.34,2.677,0.453,0.531
1739.88,2.677,0.453,0.531
1740.39,2.69,0.453,2.185
1740.9,2.758,0.453,2.185
1741.41,2.69,0.453,2.181
1741.92,2.69,0.453,0.531
1742.43,2.714,0.453,2.185
1742.94,2.677,0.453,2.185
1743.45,2.782,0.467,2.185
1743.96,2.677,0.453,0.531
1744.48,2.677,0.462,2.185
1744.99,2.677,0.453,2.185
1745.5,2.677,0.453,2.181
1746.01,2.677,0.453,0.531
1746.52,2.718,0.979,2.185
1747.03,2.769,0.453,2.185
1747.55,2.677,0.453,2.181
1748.06,2.677,0.453,2.185
1748.57,2.677,0.453,2.185
1749.08,2.784,0.467,2.185
1749.59,2.677,0.453,2.181
1750.1,2.677,0.46,2.185
1750.61,2.677,0.453,2.185
1751.12,2.704,0.526,2.185
1751.67,2.677,0.453,0.531
1752.18,2.705,0.467,2.185
1752.69,2.677,0.536,2.185
1753.21,2.677,0.453,2.181
1753.71,2.677,0.453,0.531
1754.23,2.723,0.453,2.185
1754.73,2.677,0.488,2.185
1755.24,2.733,0.467,2.185
1755.79,2.677,0.453,0.531
1756.3,2.718,0.467,2.185
1756.81,2.677,0.453,2.181
1757.39,2.677,0.453,0.531
1757.9,2.705,0.467,2.185
1758.41,2.69,0.468,2.185
1758.92,2.677,0.453,2.181
1759.43,2.746,0.453,2.185
1759.94,2.772,0.453,2.185
1760.45,2.677,0.453,2.181
1760.96,2.69,0.453,2.185
1761.47,2.705,0.467,2.187
1761.99,2.677,0.469,2.185
1762.5,2.677,0.453,0.531
1763.01,2.677,0.453,2.185
1763.53,2.677,0.453,0.531
1764.03,2.69,0.467,2.185
1764.55,2.69,0.453,0.531
1765.06,2.677,0.487,2.185
1765.57,2.677,0.453,2.181
1766.07,2.762,0.453,2.185
1766.59,2.677,0.537,2.185
1767.12,2.677,0.453,0.531
1767.63,2.677,0.453,0.531
1768.14,2.69,0.453,2.185
1768.65,2.69,0.453,0.531
1769.16,2.69,0.478,2.185
1769.67,2.69,0.453,2.181
1770.18,2.69,0.453,2.185
1770.69,2.706,0.467,2.185
1771.2,2.677,0.453,0.531
1771.71,2.677,0.453,2.185
1772.22,2.677,0.453,0.531
1772.74,2.677,0.453,2.185
1773.25,2.677,0.453,0.531
1773.78,2.677,0.453,2.185
1774.29,2.715,0.467,2.185
1774.8,2.678,0.453,0.531
1775.31,2.706,0.467,2.185
1775.82,2.691,0.512,2.185
1776.35,2.678,0.453,2.181
1776.86,2.678,0.453,2.185
1777.36,2.678,0.453,2.185
1777.87,2.757,0.467,2.185
1778.4,2.678,0.453,2.185
1778.91,2.678,0.453,2.187
1779.44,2.678,0.453,0.531
1779.95,2.706,0.467,2.185
1780.48,2.678,0.453,0.531
1780.99,2.678,0.453,2.185
1781.5,2.72,0.467,2.185
1782.01,2.691,0.519,2.185
1782.52,2.734,0.467,2.185
1783.04,2.678,0.453,2.185
1783.55,2.678,0.503,2.185
1784.08,2.678,0.453,0.531
1784.59,2.678,0.57,2.185
1785.1,2.678,0.453,2.181
1785.6,2.706,0.467,2.185
1786.11,2.758,0.467,2.185
1786.62,2.678,0.453,2.185
1787.13,2.678,0.566,2.185
1787.64,2.678,0.482,2.181
1788.15,2.706,0.467,2.185
1788.65,2.678,0.453,2.181
1789.17,2.706,0.467,2.185
1789.67,2.678,0.453,2.181
1790.18,2.678,0.453,2.185
1790.69,2.678,0.453,2.185
1791.21,2.678,0.534,1.185
1791.72,2.706,0.467,2.185
1792.23,2.776,0.47,2.185
1792.77,2.678,0.453,0.531
1793.28,2.678,0.453,2.185
1793.81,2.678,0.453,0.531
1794.32,2.678,0.453,2.185
1794.84,2.691,0.994,1.185
1795.35,2.706,0.467,2.185
1795.86,2.678,0.453,2.181
1796.37,2.706,0.467,2.185
1796.88,2.704,0.464,2.185
1797.42,2.678,0.453,0.531
1797.93,2.678,0.453,2.185
1798.44,2.746,0.467,2.185
1798.94,2.678,0.457,2.185
1799.45,2.678,0.453,2.185
1799.97,2.678,0.453,0.531
1800.48,2.678,0.453,2.185
1800.99,2.748,0.467,2.185
1801.54,2.72,0.453,0.531
1802.05,2.735,0.453,2.185
1802.58,2.678,0.453,0.531
1803.09,2.732,0.453,2.185
1803.6,2.775,0.453,2.185
1804.11,2.678,0.6,1.185
1804.62,2.707,0.467,2.185
1805.13,2.749,0.467,2.185
1805.65,2.678,0.453,0.531
1806.15,2.769,0.453,2.185
1806.66,2.678,0.453,2.185
1807.17,2.76,0.467,2.185
1807.68,2.72,0.453,0.531
1808.19,2.728,0.453,2.185
1808.69,2.691,0.453,2.185
1809.2,2.678,0.453,0.531
1809.72,2.707,0.467,2.185
1810.23,2.812,0.453,2.185
1810.74,2.679,0.453,0.531
1811.26,2.776,0.463,2.185
1811.77,2.707,0.467,2.187
1812.28,2.787,0.453,2.185
1812.78,2.703,0.453,2.181
1813.29,2.678,0.453,0.531
1813.8,2.707,0.467,2.185
1814.31,2.691,0.453,2.185
1814.82,2.678,0.453,0.531
1815.33,2.678,0.453,2.185
1815.84,2.707,0.467,2.185
1816.35,2.678,0.482,2.181
1816.86,2.691,0.453,2.187
1817.36,2.707,0.467,2.185
1817.87,2.678,0.453,2.181
1818.39,2.691,0.453,0.531
1818.91,2.691,0.453,2.185
1819.42,2.691,0.453,2.185
1819.93,2.691,0.453,0.531
1820.44,2.691,0.453,0.531
1821.02,2.691,0.453,0.531
1821.53,2.692,0.453,0.531
1822.05,2.692,0.453,0.531
1822.56,2.692,0.453,0.531
1823.07,2.692,0.482,2.181
1823.58,2.692,0.453,0.531
1824.1,2.692,0.453,0.531
1824.68,2.692,0.453,0.531
1825.21,2.692,0.453,0.531
1825.73,2.692,0.453,0.531
1826.25,2.692,0.453,0.531
1826.76,2.692,0.453,0.531
1827.27,2.692,0.482,2.181
1827.8,2.692,0.453,0.531
1828.32,2.692,0.453,0.531
1828.84,2.693,0.467,2.185
1829.35,2.692,0.453,2.181
1829.88,2.692,0.453,0.531
1830.39,2.707,0.467,2.185
1830.9,2.679,0.453,2.185
1831.4,2.748,0.467,2.185
1831.91,2.679,0.453,0.531
1832.42,2.679,0.453,2.185
1832.93,2.745,0.467,2.185
1833.43,2.679,0.482,2.181
1833.94,2.679,0.456,2.185
1834.45,2.679,0.453,2.185
1834.96,2.783,0.467,2.185
1835.47,2.679,0.541,1.185
1835.99,2.679,0.462,2.185
1836.5,2.692,0.453,2.185
1837.01,2.758,0.467,2.185
1837.53,2.679,0.453,0.531
1838.04,2.707,0.467,2.185
1838.54,2.679,0.562,1.185
1839.06,2.777,0.453,2.185
1839.57,2.679,0.541,2.185
1840.1,2.679,0.482,2.181
1840.62,2.679,0.462,2.185
1841.13,2.679,0.453,2.185
1841.63,2.758,0.467,2.185
1842.14,2.679,0.453,2.181
1842.65,2.679,0.453,2.185
1843.17,2.679,0.453,2.185
1843.68,2.8,0.467,2.185
1844.2,2.679,0.482,2.181
1844.71,2.679,0.453,2.185
1845.22,2.721,0.467,2.185
1845.73,2.679,0.521,2.185
1846.24,2.692,0.453,2.181
1846.79,2.679,0.453,0.531
1847.3,2.707,0.467,2.185
1847.81,2.705,0.538,2.185
1848.32,2.679,0.453,2.181
1848.83,2.679,0.526,2.185
1849.34,2.679,0.453,2.185
1849.85,2.679,0.453,0.531
1850.37,2.679,0.458,2.185
1850.89,2.679,0.482,2.181
1851.4,2.679,0.453,2.185
1851.91,2.679,0.453,2.185
1852.42,2.736,0.453,2.185
1852.95,2.68,0.552,1.185
1853.46,2.68,0.475,2.185
1853.97,2.693,0.453,2.185
1854.48,2.736,0.467,2.185
1855.0,2.68,0.453,0.531
1855.51,2.708,0.467,2.185
1856.02,2.68,0.453,0.531
1856.53,2.68,0.464,2.185
1857.04,2.68,0.453,0.531
1857.55,2.708,0.467,2.185
1858.06,2.68,0.453,0.531
1858.58,2.708,0.467,2.185
1859.09,2.68,0.453,0.531
1859.61,2.708,0.467,2.185
1860.11,2.68,0.453,0.531
1860.63,2.68,0.453,0.531
1861.14,2.694,0.467,2.185
1861.64,2.693,0.453,0.531
1862.15,2.693,1.319,2.185
1862.66,2.733,0.453,2.185
1863.18,2.693,0.453,2.181
1863.68,2.708,0.467,2.185
1864.2,2.706,0.523,2.185
1864.73,2.68,0.453,0.531
1865.24,2.68,0.453,2.185
1865.75,2.68,0.453,0.531
1866.26,2.708,0.467,2.185
1866.77,2.817,0.466,2.185
1867.3,2.68,0.453,0.531
1867.81,2.705,1.093,2.185
1868.32,2.786,0.453,2.185
1868.87,2.68,0.453,0.531
1869.38,2.68,0.501,2.185
1869.9,2.721,0.453,2.181
1870.42,2.722,0.467,2.185
1870.92,2.763,0.473,2.185
1871.45,2.68,0.453,0.531
1871.96,2.708,0.467,2.185
1872.52,2.68,0.453,0.531
1873.03,2.68,0.453,2.185
1873.55,2.68,0.453,0.531
1874.06,2.693,0.453,2.185
1874.59,2.68,0.453,0.531
1875.1,2.708,0.467,2.185
1875.6,2.747,0.467,2.185
1876.12,2.68,0.453,0.531
1876.63,2.68,0.579,2.185
1877.16,2.68,0.453,0.531
1877.66,2.694,0.467,2.185
1878.22,2.693,0.453,0.531
1878.74,2.68,0.453,2.185
1879.26,2.68,0.453,0.531
1879.77,2.68,0.453,2.185
1880.27,2.681,0.6,1.185
1880.79,2.709,0.467,2.185
1881.29,2.693,0.518,2.185
1881.82,2.68,0.453,0.531
1882.33,2.742,0.453,2.185
1882.84,2.693,0.571,2.185
1883.35,2.68,0.453,0.531
1883.86,2.681,0.51,2.185
1884.36,2.681,0.453,2.181
1884.87,2.762,0.453,2.185
1885.38,2.735,0.568,2.185
1885.9,2.681,0.453,0.531
1886.41,2.681,0.554,2.185
1886.93,2.681,0.453,0.531
1887.44,2.707,0.453,2.185
1887.95,2.695,0.453,2.181
1888.46,2.681,0.523,2.185
1888.97,2.681,0.58,1.185
1889.5,2.709,0.467,2.185
1890.01,2.681,0.473,2.185
1890.54,2.681,0.453,0.531
1891.05,2.681,0.453,2.185
1891.56,2.748,0.467,2.185
1892.08,2.681,0.453,0.531
1892.59,2.695,0.467,2.185
1893.1,2.791,0.464,2.185
1893.64,2.681,0.453,2.181
1894.15,2.734,0.453,2.185
1894.66,2.681,0.498,2.185
1895.2,2.681,0.453,0.531
1895.71,2.707,0.453,2.185
1896.24,2.681,0.453,0.531
1896.75,2.681,0.531,2.185
1897.26,2.681,0.453,2.181
1897.77,2.709,0.467,2.185
1898.28,2.693,0.453,2.181
1898.79,2.681,0.551,2.185
1899.31,2.681,0.453,2.187
1899.82,2.763,0.467,2.185
1900.33,2.681,0.453,0.531
1900.85,2.735,0.453,2.187
1901.36,2.694,0.473,2.185
1901.87,2.76,0.524,2.181
1902.38,2.681,0.453,0.531
1902.89,2.709,0.467,2.187
1903.39,2.681,0.491,2.187
1903.9,2.681,0.453,2.181
1904.41,2.694,0.453,2.185
1904.93,2.732,0.639,2.185
1905.44,2.763,0.453,2.185
1905.95,2.681,0.453,2.181
1906.45,2.681,0.453,2.185
1906.97,2.709,0.467,2.185
1907.47,2.707,0.468,2.185
1907.98,2.693,0.453,2.181
1908.5,2.681,0.453,0.531
1909.01,2.779,0.453,2.185
1909.52,2.709,0.467,2.185
1910.03,2.707,0.453,2.185
1910.54,2.706,0.453,0.531
1911.05,2.695,0.467,2.185
1911.56,2.681,0.453,2.185
1912.06,2.694,0.453,0.531
1912.57,2.737,0.453,2.185
1913.08,2.681,0.453,2.185
1913.59,2.681,0.453,0.531
1914.12,2.681,0.453,0.531
1914.64,2.681,0.482,2.181
1915.15,2.681,0.453,0.531
1915.73,2.681,0.453,0.531
1916.24,2.681,1.304,1.609
1916.75,2.681,0.453,0.531
1917.26,2.681,0.453,0.531
1917.78,2.681,0.453,0.531
1918.29,2.681,0.453,0.531
1918.81,2.681,0.453,0.531
1919.36,2.681,0.453,0.531
1919.89,2.681,0.466,0.531
1920.42,2.681,0.453,0.531
1920.97,2.681,0.453,0.531
1921.48,2.681,0.482,2.181
1922.02,2.681,0.453,0.531
1922.52,2.695,0.467,2.185
1923.03,2.694,0.482,2.181
1923.54,2.694,0.453,2.187
1924.05,2.695,0.467,2.185
1924.56,2.694,0.472,2.185
1925.07,2.694,0.453,2.181
1925.59,2.681,0.453,0.531
1926.1,2.771,0.453,2.185
1926.61,2.707,0.453,2.185
1927.11,2.749,0.467,2.185
1927.62,2.681,0.453,2.181
1928.13,2.681,0.453,2.185
1928.64,2.71,0.467,2.185
1929.15,2.707,0.455,2.185
1929.66,2.686,0.453,2.181
1930.17,2.694,0.453,2.187
1930.67,2.696,0.467,2.185
1931.18,2.792,0.453,2.185
1931.69,2.682,0.453,2.181
1932.2,2.682,0.483,2.187
1932.71,2.682,0.453,2.185
1933.22,2.751,0.453,2.185
1933.73,2.682,0.453,0.531
1934.24,2.779,0.462,2.185
1934.76,2.71,0.467,2.185
1935.27,2.682,0.453,0.531
1935.78,2.744,0.453,2.187
1936.29,2.695,0.453,2.185
1936.79,2.788,0.467,2.185
1937.3,2.682,0.482,2.181
1937.81,2.682,0.453,2.185
1938.32,2.71,0.467,2.185
1938.83,2.751,0.453,2.185
1939.33,2.682,0.453,2.181
1939.84,2.682,0.453,2.185
1940.35,2.682,0.453,2.181
1940.9,2.682,0.453,0.531
1941.41,2.767,0.453,2.187
1941.92,2.682,0.453,2.185
1942.43,2.74,0.467,2.185
1942.98,2.682,0.453,0.531
1943.49,2.71,0.467,2.185
1944.0,2.682,0.453,2.185
1944.5,2.682,0.453,2.181
1945.01,2.682,0.453,2.185
1945.52,2.695,0.453,2.185
1946.03,2.682,0.453,0.531
1946.55,2.71,0.582,2.185
1947.07,2.682,0.453,0.531
1947.58,2.682,0.453,0.531
1948.09,2.682,0.54,2.185
1948.6,2.682,0.453,2.185
1949.11,2.763,0.467,2.185
1949.62,2.682,0.453,0.531
1950.18,2.746,0.453,2.185
1950.68,2.682,0.578,2.185
1951.19,2.682,0.453,2.181
1951.7,2.682,0.453,2.185
1952.21,2.71,0.467,2.185
1952.72,2.748,0.453,2.185
1953.23,2.682,0.453,0.531
1953.74,2.71,0.467,2.185
1954.25,2.682,0.453,0.531
1954.75,2.682,0.453,2.181
1955.26,2.682,0.453,0.531
1955.77,2.682,0.667,0.732
1956.29,2.682,0.453,0.531
1956.8,2.695,0.453,2.187
1957.3,2.761,0.467,2.185
1957.82,2.695,1.069,1.609
1958.33,2.682,0.453,2.187
1958.84,2.682,0.453,2.185
1959.35,2.739,0.467,2.185
1959.91,2.682,0.453,0.531
1960.42,2.724,0.453,2.185
1960.93,2.697,0.453,2.181
1961.44,2.682,0.453,2.185
1961.95,2.682,0.453,2.185
1962.46,2.695,0.482,2.181
1962.97,2.711,0.467,2.185
1963.48,2.737,0.482,2.185
1964.0,2.682,0.453,0.531
1964.51,2.682,0.559,2.185
1965.02,2.682,0.453,2.181
1965.53,2.762,0.453,2.185
1966.03,2.682,0.583,2.185
1966.57,2.682,0.453,2.181
1967.08,2.738,0.453,2.185
1967.58,2.683,0.482,2.181
1968.09,2.767,0.453,2.185
1968.6,2.683,0.453,2.181
1969.12,2.683,0.453,2.185
1969.63,2.696,0.534,2.185
1970.14,2.683,0.453,2.181
1970.65,2.767,0.453,2.185
1971.16,2.749,0.467,2.185
1971.68,2.683,0.453,2.185
1972.19,2.765,0.453,2.185
1972.7,2.683,0.453,2.181
1973.21,2.683,0.462,2.185
1973.72,2.695,0.453,2.181
1974.23,2.683,0.453,2.185
1974.74,2.683,0.453,2.181
1975.24,2.683,0.453,2.187
1975.75,2.711,0.467,2.185
1976.26,2.683,0.472,2.185
1976.77,2.683,0.453,0.531
1977.29,2.711,0.467,2.185
1977.79,2.683,0.453,2.181
1978.31,2.683,0.453,2.185
1978.82,2.683,0.453,2.185
1979.34,2.683,0.453,2.181
1979.85,2.768,0.453,2.185
1980.36,2.683,0.453,2.181
1980.89,2.683,0.473,2.185
1981.4,2.683,0.453,2.185
1981.91,2.75,0.467,2.185
1982.45,2.683,0.453,0.531
1982.95,2.697,0.467,2.185
1983.46,2.739,0.453,2.185
1983.98,2.683,0.453,0.531
1984.49,2.711,0.467,2.185
1985.0,2.711,0.467,2.185
1985.52,2.683,0.453,0.531
1986.03,2.683,0.453,2.181
1986.54,2.683,0.453,2.185
1987.05,2.683,0.538,2.185
1987.57,2.683,0.453,2.181
1988.08,2.742,0.453,2.185
1988.59,2.683,0.469,2.185
1989.11,2.7,0.453,2.181
1989.62,2.683,0.453,2.185
1990.13,2.683,0.453,2.185
1990.65,2.683,0.453,0.531
1991.17,2.711,0.467,2.185
1991.67,2.683,0.453,2.181
1992.18,2.683,0.453,2.185
1992.7,2.711,0.467,2.187
1993.21,2.793,0.453,2.185
1993.71,2.683,0.482,2.181
1994.22,2.724,0.464,2.185
1994.73,2.696,0.528,2.185
1995.24,2.683,0.453,2.181
1995.75,2.711,0.467,2.185
1996.26,2.779,0.467,2.185
1996.78,2.683,0.453,0.531
1997.29,2.711,0.467,2.185
1997.81,2.683,0.453,0.531
1998.32,2.683,0.456,2.187
1998.82,2.683,0.453,2.187
1999.33,2.74,0.467,2.185
1999.86,2.683,0.453,0.531
2000.37,2.712,0.467,2.185
2000.88,2.796,0.453,2.185
2001.38,2.683,0.453,2.181
2001.89,2.683,0.453,2.187
2002.4,2.712,0.467,2.185
2002.91,2.71,0.752,2.183
2003.42,2.683,0.453,0.531
2003.93,2.794,0.453,2.185
2004.44,2.683,0.453,2.185
2004.94,2.789,0.467,2.185
2005.45,2.683,0.453,2.181
2005.96,2.683,0.453,2.187
2006.46,2.712,0.467,2.187
2006.97,2.683,0.473,2.185
2007.48,2.683,0.453,0.531
2007.99,2.696,0.453,2.185
2008.5,2.696,0.552,1.185
2009.02,2.696,0.453,0.531
2009.58,2.696,0.453,0.531
2010.09,2.697,0.566,0.732
2010.61,2.696,0.453,0.531
2011.12,2.696,1.237,2.181
2011.63,2.697,0.453,0.531
2012.15,2.697,0.453,0.531
2012.66,2.697,0.453,0.531
2013.19,2.697,0.453,0.531
2013.7,2.697,0.453,0.531
2014.22,2.697,0.453,0.531
2014.76,2.697,0.453,0.531
2015.31,2.697,0.453,0.531
2015.84,2.697,0.453,0.531
2016.35,2.697,0.482,2.181
2016.85,2.767,0.464,2.185
2017.36,2.697,0.453,2.181
2017.88,2.697,0.453,0.531
2018.39,2.698,0.467,2.185
2018.9,2.697,0.529,0.581
2019.42,2.697,0.462,2.185
2019.93,2.712,0.467,2.185
2020.44,2.684,0.453,2.181
2020.95,2.684,0.453,2.185
2021.46,2.691,0.467,2.185
2021.96,2.753,0.453,2.185
2022.47,2.697,0.453,2.181
2022.98,2.684,0.453,0.531
2023.53,2.726,0.467,2.185
2024.04,2.684,0.453,2.185
2024.56,2.78,0.467,2.185
2025.06,2.684,0.453,0.531
2025.58,2.684,0.46,2.185
2026.09,2.684,0.453,2.181
2026.6,2.684,0.453,2.185
2027.12,2.712,0.467,2.185
2027.63,2.684,0.466,2.185
2028.14,2.697,0.453,2.181
2028.65,2.684,0.453,2.185
2029.16,2.712,0.467,2.185
2029.68,2.684,0.464,2.185
2030.19,2.703,0.453,2.181
2030.7,2.684,0.453,0.531
2031.21,2.684,0.453,2.185
2031.72,2.779,0.467,2.185
2032.23,2.684,0.453,0.531
2032.74,2.712,0.467,2.187
2033.26,2.684,0.453,2.187
2033.77,2.79,0.467,2.185
2034.28,2.684,0.453,0.531
2034.8,2.712,0.467,2.185
2035.31,2.767,0.558,2.185
2035.83,2.697,0.482,2.181
2036.33,2.684,0.458,2.185
2036.84,2.684,0.453,0.531
2037.35,2.713,0.467,2.187
2037.86,2.697,0.471,2.185
2038.37,2.684,0.453,2.181
2038.88,2.697,0.473,2.185
2039.39,2.684,0.453,2.185
2039.9,2.783,0.467,2.185
2040.4,2.684,0.453,0.531
2040.91,2.713,0.467,2.185
2041.42,2.684,0.555,2.185
2041.93,2.684,0.453,2.181
2042.43,2.713,0.467,2.185
2042.94,2.685,0.453,0.531
2043.45,2.685,0.453,2.185
2043.96,2.685,0.453,0.531
2044.48,2.713,0.467,2.185
2044.99,2.685,0.453,0.531
2045.5,2.685,0.453,0.531
2046.01,2.779,0.453,2.185
2046.51,2.685,0.453,0.531
2047.02,2.713,0.467,2.185
2047.53,2.77,0.453,2.185
2048.03,2.685,0.482,2.181
2048.54,2.685,0.453,2.185
2049.05,2.713,0.467,2.185
2049.56,2.685,0.453,0.531
2050.07,2.698,0.453,2.185
2050.58,2.721,0.453,2.185
2051.09,2.698,0.453,2.181
2051.59,2.698,0.453,0.531
2052.15,2.699,0.467,2.185
2052.66,2.767,0.521,2.185
2053.17,2.685,0.453,0.531
2053.68,2.713,0.467,2.185
2054.19,2.698,0.463,2.185
2054.7,2.685,0.453,2.181
2055.2,2.698,0.453,0.531
2055.72,2.698,0.453,2.185
2056.22,2.806,0.467,2.185
2056.74,2.685,0.453,0.531
2057.25,2.713,0.467,2.185
2057.76,2.685,0.516,2.185
2058.27,2.685,0.453,2.181
2058.78,2.685,0.453,2.185
2059.28,2.685,0.482,2.181
2059.79,2.782,0.467,2.185
2060.3,2.685,0.453,2.185
2060.82,2.685,0.453,2.181
2061.33,2.685,0.457,2.185
2061.84,2.685,0.453,2.185
2062.35,2.726,0.453,2.181
2062.86,2.685,0.453,2.185
2063.37,2.685,0.453,2.187
2063.87,2.713,0.467,2.185
2064.4,2.685,0.453,0.531
2064.91,2.713,0.467,2.185
2065.42,2.685,0.453,2.181
2065.94,2.685,0.453,2.187
2066.45,2.685,0.453,2.185
2066.95,2.741,0.467,2.185
2067.47,2.685,0.453,0.531
2067.98,2.713,0.467,2.185
2068.49,2.685,0.457,2.185
2069.02,2.685,0.453,2.181
2069.53,2.685,0.457,2.187
2070.04,2.711,0.453,2.187
2070.55,2.685,0.453,0.531
2071.06,2.685,0.524,2.185
2071.58,2.685,0.453,2.185
2072.1,2.685,0.453,2.181
2072.61,2.77,0.465,2.185
2073.12,2.685,0.58,2.185
2073.65,2.685,0.453,0.531
2074.17,2.713,0.467,2.185
2074.68,2.713,0.467,2.185
2075.2,2.685,0.453,0.531
2075.71,2.685,0.453,2.185
2076.21,2.685,0.453,0.531
2076.74,2.685,0.453,2.185
2077.25,2.791,0.453,2.185
2077.79,2.685,0.453,0.531
2078.3,2.713,0.467,2.185
2078.81,2.78,0.467,2.185
2079.33,2.685,0.453,0.531
2079.89,2.685,0.453,2.185
2080.4,2.791,0.467,2.185
2080.93,2.685,0.453,0.531
2081.49,2.698,0.583,2.185
2082.0,2.685,0.453,0.531
2082.52,2.699,0.467,2.185
2083.02,2.685,0.453,0.531
2083.54,2.714,0.453,2.185
2084.05,2.752,0.505,2.185
2084.56,2.685,0.453,2.181
2085.07,2.685,0.453,2.185
2085.59,2.711,0.453,2.185
2086.1,2.698,0.866,2.185
2086.63,2.685,0.453,0.531
2087.19,2.714,0.467,2.185
2087.7,2.698,0.453,2.181
2088.21,2.685,0.507,2.185
2088.73,2.686,0.586,2.185
2089.26,2.686,0.453,0.531
2089.77,2.7,0.467,2.185
2090.28,2.768,0.467,2.185
2090.8,2.686,0.453,0.531
2091.32,2.747,0.453,2.185
2091.82,2.699,0.538,2.185
2092.36,2.686,0.453,2.181
2092.87,2.686,0.453,2.185
2093.38,2.714,0.467,2.185
2093.88,2.686,0.453,0.531
2094.4,2.686,0.483,2.187
2094.91,2.699,0.453,2.185
2095.42,2.791,0.467,2.185
2095.93,2.686,0.453,0.531
2096.44,2.686,0.462,2.185
2096.96,2.686,0.453,2.185
2097.46,2.791,0.467,2.185
2097.97,2.686,0.58,1.185
2098.49,2.686,0.454,2.185
2099.0,2.689,0.467,2.185
2099.51,2.686,0.453,0.531
2100.02,2.686,0.453,2.185
2100.53,2.782,0.467,2.185
2101.03,2.711,0.453,2.181
2101.57,2.686,0.453,0.531
2102.11,2.686,0.453,0.531
2102.63,2.699,0.453,2.185
2103.14,2.699,0.453,2.181
2103.65,2.699,0.453,0.531
2104.17,2.699,0.453,0.531
2104.72,2.699,0.453,0.531
2105.24,2.699,0.453,0.531
2105.75,2.699,0.453,0.531
2106.27,2.699,0.453,0.531
2106.81,2.699,0.453,0.531
2107.36,2.699,0.453,0.531
2107.89,2.699,0.453,0.531
2108.42,2.699,0.453,0.531
2108.95,2.699,0.453,0.531
2109.49,2.699,0.453,0.531
2110.0,2.699,0.482,2.181
2110.51,2.699,0.453,0.531
2111.07,2.699,0.453,0.531
2111.58,2.699,0.453,2.181
2112.1,2.699,0.453,0.531
2112.61,2.714,0.467,2.185
2113.12,2.768,0.453,2.187
2113.63,2.782,0.467,2.185
2114.14,2.686,0.453,0.531
2114.65,2.773,0.453,2.185
2115.16,2.686,0.453,2.187
2115.67,2.765,0.467,2.185
2116.19,2.686,0.453,0.531
2116.7,2.779,0.453,2.185
2117.21,2.714,0.467,2.185
2117.72,2.686,0.453,0.531
2118.23,2.714,0.467,2.185
2118.74,2.686,0.467,2.185
2119.25,2.687,0.453,2.181
2119.76,2.686,0.453,2.187
2120.27,2.686,0.453,2.185
2120.78,2.782,0.467,2.185
2121.3,2.686,0.482,2.181
2121.81,2.784,0.462,2.185
2122.32,2.686,0.453,2.185
2122.83,2.728,0.453,2.181
2123.39,2.686,0.453,0.531
2123.89,2.757,0.453,2.185
2124.4,2.686,0.453,2.185
2124.91,2.686,0.453,2.181
2125.47,2.686,0.453,0.531
2125.98,2.729,0.467,2.185
2126.48,2.686,0.453,2.187
2126.99,2.686,0.453,2.181
2127.55,2.686,0.453,0.531
2128.05,2.728,0.462,2.185
2128.57,2.728,0.467,2.185
2129.08,2.686,0.453,0.531
2129.59,2.743,0.453,2.185
2130.1,2.728,0.453,2.185
2130.61,2.687,0.453,2.181
2131.12,2.687,0.453,2.187
2131.63,2.687,0.453,2.185
2132.14,2.805,0.453,2.185
2132.66,2.728,0.6,1.185
2133.18,2.779,0.453,2.185
2133.69,2.715,0.453,2.185
2134.22,2.687,0.453,0.531
2134.73,2.762,0.453,2.185
2135.24,2.687,0.453,0.531
2135.74,2.715,0.467,2.185
2136.25,2.766,0.488,2.185
2136.8,2.687,0.453,0.531
2137.31,2.715,0.467,2.187
2137.82,2.712,0.467,2.185
2138.33,2.687,0.453,0.531
2138.84,2.687,0.527,2.185
2139.35,2.715,0.467,2.185
2139.86,2.715,0.467,2.185
2140.37,2.687,0.453,0.531
2140.88,2.715,0.467,2.185
2141.39,2.687,0.453,0.531
2141.91,2.715,0.467,2.185
2142.42,2.687,0.453,0.531
2142.93,2.771,0.453,2.185
2143.44,2.687,0.453,0.531
2143.95,2.687,0.453,0.531
2144.46,2.701,0.467,2.185
2144.98,2.7,0.453,0.531
2145.49,2.7,1.319,2.185
2146.0,2.736,0.453,2.185
2146.5,2.7,0.482,2.181
2147.01,2.687,0.466,2.185
2147.52,2.687,0.54,2.185
2148.04,2.687,0.482,2.181
2148.55,2.701,0.467,2.185
2149.05,2.687,0.566,2.185
2149.58,2.687,0.453,0.531
2150.09,2.782,0.453,2.185
2150.6,2.687,0.453,2.181
2151.1,2.687,0.478,2.185
2151.61,2.687,0.453,2.185
2152.12,2.753,0.866,2.183
2152.68,2.687,0.453,0.531
2153.18,2.715,0.467,2.185
2153.69,2.713,0.507,2.185
2154.22,2.687,0.453,2.181
2154.73,2.687,0.48,2.185
2155.24,2.687,0.453,2.181
2155.75,2.687,0.453,2.185
2156.26,2.7,0.453,2.185
2156.77,2.755,0.467,2.185
2157.29,2.687,0.453,0.531
2157.8,2.715,0.467,2.185
2158.31,2.687,0.499,2.185
2158.82,2.7,0.453,2.181
2159.32,2.687,0.453,2.185
2159.83,2.7,0.453,2.185
2160.34,2.754,0.467,2.185
2160.85,2.687,0.453,2.185
2161.36,2.7,0.492,2.187
2161.87,2.7,0.453,2.181
2162.38,2.687,0.453,2.185
2162.88,2.687,0.453,2.185
2163.39,2.754,0.467,2.185
2163.9,2.687,0.453,0.531
2164.41,2.687,0.468,2.185
2164.92,2.7,0.453,2.185
2165.43,2.687,0.453,2.181
2165.93,2.778,0.453,2.185
2166.44,2.687,0.453,2.181
2166.96,2.688,0.453,2.185
2167.47,2.688,0.453,2.185
2167.97,2.768,0.467,2.185
2168.48,2.688,0.453,2.185
2168.99,2.713,0.453,2.185
2169.5,2.729,0.467,2.185
2170.07,2.688,0.453,0.531
2170.58,2.688,0.453,2.185
2171.08,2.769,0.467,2.185
2171.59,2.688,0.453,2.185
2172.1,2.688,0.453,0.531
2172.61,2.716,0.467,2.185
2173.12,2.785,0.453,2.185
2173.63,2.688,0.453,0.531
2174.14,2.716,0.467,2.185
2174.65,2.752,0.467,2.185
2175.16,2.786,0.466,2.185
2175.68,2.688,0.502,2.185
2176.2,2.688,0.453,0.531
2176.71,2.716,0.467,2.185
2177.22,2.769,0.453,2.185
2177.75,2.688,0.453,0.531
2178.26,2.701,0.453,2.185
2178.77,2.725,0.453,2.181
2179.29,2.688,0.453,0.531
2179.86,2.716,0.467,2.185
2180.37,2.714,0.456,2.185
2180.88,2.688,0.453,2.181
2181.39,2.688,0.453,2.185
2181.9,2.716,0.467,2.187
2182.41,2.769,0.453,2.185
2182.92,2.688,0.579,1.185
2183.43,2.688,0.54,2.185
2183.94,2.688,0.453,0.531
2184.45,2.716,0.467,2.185
2184.96,2.688,0.504,2.185
2185.49,2.688,0.482,2.181
2186.01,2.688,0.453,2.185
2186.52,2.716,0.467,2.185
2187.03,2.688,0.503,2.185
2187.54,2.688,0.453,2.181
2188.05,2.688,0.453,0.531
2188.56,2.716,0.467,2.185
2189.07,2.688,0.458,2.185
2189.58,2.688,0.453,0.531
2190.09,2.688,0.453,2.185
2190.6,2.716,0.467,2.185
2191.13,2.688,0.453,0.531
2191.64,2.688,0.465,2.187
2192.15,2.688,0.453,2.185
2192.66,2.688,0.453,0.531
2193.17,2.688,0.467,2.181
2193.68,2.701,0.579,1.185
2194.2,2.701,0.539,1.185
2194.75,2.701,0.453,0.531
2195.28,2.701,0.453,0.531
2195.8,2.701,0.554,1.185
2196.31,2.701,0.453,2.185
2196.82,2.701,0.453,0.531
2197.33,2.702,0.467,2.185
2197.84,2.701,0.453,0.531
2198.35,2.701,0.453,0.531
2198.87,2.701,0.466,0.531
2199.38,2.701,0.453,0.531
2199.9,2.701,0.866,2.185
2200.42,2.704,0.453,0.531
2201.14,2.705,0.453,2.185
2201.66,2.705,0.453,0.531
2202.25,2.692,0.575,2.185
2202.77,2.692,0.453,0.531
2203.3,2.705,0.536,2.185
2203.83,2.745,0.467,2.185
2204.34,2.705,0.453,0.531
2204.92,2.705,0.453,0.531
2205.42,2.705,0.453,0.531
2205.93,2.705,0.535,1.185
2206.44,2.705,0.453,0.531
2206.95,2.705,0.453,0.531
2207.56,2.705,0.453,0.531
2208.07,2.706,0.467,2.185
2208.58,2.705,0.453,0.531
2209.09,2.706,0.467,2.185
2209.59,2.705,0.464,2.185
2210.1,2.72,0.467,2.185
2210.61,2.692,0.453,0.531
2211.12,2.782,0.453,2.185
2211.63,2.692,0.453,2.185
2212.14,2.692,0.453,0.531
2212.66,2.692,0.453,2.185
2213.17,2.758,0.467,2.185
2213.67,2.692,0.453,0.531
2214.18,2.692,0.466,2.185
2214.69,2.705,0.453,2.185
2215.2,2.798,0.467,2.185
2215.71,2.692,0.453,2.181
2216.22,2.692,0.467,2.185
2216.73,2.692,0.453,2.185
2217.24,2.749,0.467,2.185
2217.75,2.692,0.453,0.531
2218.25,2.692,0.528,2.185
2218.76,2.692,0.453,2.181
2219.27,2.692,0.453,2.187
2219.78,2.692,0.453,2.185
2220.29,2.798,0.467,2.185
2220.83,2.692,0.453,0.531
2221.34,2.72,0.467,2.185
2221.85,2.776,0.453,2.185
2222.38,2.692,0.649,1.185
2222.89,2.79,0.463,2.185
2223.41,2.72,0.467,2.185
2223.92,2.692,0.453,0.531
2224.44,2.692,0.465,2.187
2224.96,2.705,0.453,2.185
2225.47,2.745,0.467,2.185
2226.0,2.692,0.453,2.185
2226.51,2.692,0.453,2.185
2227.04,2.692,0.453,0.531
2227.55,2.692,0.489,2.185
2228.07,2.692,0.453,2.185
2228.58,2.758,0.467,2.185
2229.09,2.692,0.453,0.531
2229.6,2.692,0.539,1.185
2230.11,2.72,0.467,2.185
2230.62,2.692,0.453,0.531
2231.14,2.692,0.453,2.185
2231.65,2.788,0.467,2.185
2232.19,2.692,0.453,0.531
2232.7,2.72,0.467,2.185
2233.21,2.773,0.47,2.185
2233.72,2.692,0.453,0.531
2234.23,2.72,0.467,2.185
2234.74,2.771,0.467,2.185
2235.28,2.692,0.453,0.531
2235.79,2.692,0.453,2.185
2236.3,2.798,0.467,2.185
2236.86,2.692,0.453,0.531
2237.37,2.692,0.453,0.531
2237.88,2.773,0.453,2.187
2238.39,2.72,0.467,2.185
2238.9,2.692,0.562,1.185
2239.42,2.692,0.453,2.185
2239.93,2.692,0.453,2.185
2240.44,2.784,0.467,2.185
2240.98,2.692,0.453,0.531
2241.49,2.72,0.467,2.185
2242.0,2.705,0.573,2.185
2242.51,2.692,0.453,2.181
2243.02,2.78,0.453,2.185
2243.53,2.73,0.453,2.185
2244.04,2.734,0.453,0.531
2244.54,2.782,0.453,2.185
2245.05,2.72,0.467,2.185
2245.56,2.79,0.462,2.185
2246.07,2.717,0.453,2.181
2246.6,2.692,0.453,0.531
2247.11,2.787,0.453,2.185
2247.62,2.692,0.453,2.185
2248.13,2.692,0.453,2.181
2248.64,2.782,0.453,2.185
2249.14,2.692,0.46,2.185
2249.68,2.692,0.453,0.531
2250.19,2.692,0.453,2.185
2250.7,2.692,0.453,2.181
2251.2,2.804,0.464,2.185
2251.72,2.692,0.453,2.185
2252.23,2.734,0.453,2.181
2252.76,2.692,0.453,0.531
2253.27,2.72,0.467,2.187
2253.78,2.692,0.453,2.185
2254.29,2.72,0.467,2.185
2254.81,2.734,0.453,0.531
2255.32,2.735,0.467,2.185
2255.83,2.734,0.453,2.181
2256.34,2.692,0.453,2.185
2256.85,2.734,0.453,2.185
2257.36,2.763,0.467,2.185
2257.88,2.692,0.453,0.531
2258.39,2.758,0.453,2.185
2258.9,2.692,0.521,2.185
2259.42,2.705,0.453,2.181
2259.93,2.787,0.453,2.185
2260.44,2.705,0.496,2.185
2260.96,2.705,0.453,2.181
2261.47,2.692,0.453,2.185
2261.97,2.721,0.467,2.185
2262.48,2.692,0.692,0.883
2263.0,2.734,0.523,2.187
2263.51,2.735,0.467,2.185
2264.02,2.781,0.453,2.185
2264.53,2.705,0.453,2.181
2265.07,2.692,0.453,0.531
2265.58,2.721,0.467,2.185
2266.09,2.692,0.555,2.185
2266.6,2.692,0.453,2.181
2267.11,2.692,0.465,2.185
2267.62,2.692,0.453,2.181
2268.13,2.692,0.453,0.531
2268.69,2.721,0.467,2.185
2269.2,2.772,0.569,2.185
2269.73,2.692,0.482,2.181
2270.24,2.721,0.467,2.185
2270.75,2.692,0.453,2.181
2271.26,2.79,0.466,2.185
2271.78,2.705,0.551,2.185
2272.29,2.692,0.453,2.181
2272.8,2.692,0.462,2.187
2273.32,2.692,0.453,2.181
2273.83,2.692,0.453,2.185
2274.34,2.692,0.453,2.185
2274.86,2.692,0.453,0.531
2275.37,2.766,0.453,2.185
2275.88,2.692,0.453,0.531
2276.39,2.692,0.466,2.185
2276.91,2.692,0.453,2.185
2277.42,2.692,0.453,2.181
2277.93,2.692,0.453,2.185
2278.44,2.806,0.462,2.185
2278.95,2.734,0.453,0.531
2279.46,2.758,0.453,2.187
2279.97,2.705,0.453,2.185
2280.49,2.705,0.453,2.181
2280.99,2.692,0.462,2.185
2281.51,2.705,0.502,2.185
2282.03,2.692,0.453,2.181
2282.54,2.777,0.466,2.185
2283.06,2.692,0.546,2.185
2283.59,2.692,0.453,0.531
2284.1,2.734,0.453,2.185
2284.63,2.692,0.453,0.531
2285.14,2.693,0.453,2.185
2285.65,2.693,0.453,2.181
2286.16,2.693,0.453,0.531
2286.72,2.777,0.453,2.185
2287.23,2.718,0.453,2.185
2287.74,2.771,0.467,2.185
2288.25,2.693,0.453,0.531
2288.77,2.777,0.462,2.185
2289.28,2.706,0.453,2.185
2289.79,2.799,0.467,2.185
2290.3,2.693,0.453,0.531
2290.81,2.721,0.467,2.185
2291.32,2.693,0.617,0.682
2291.83,2.693,0.465,2.187
2292.34,2.693,0.453,2.185
2292.85,2.811,0.467,2.185
2293.36,2.734,0.453,0.531
2293.87,2.759,0.453,2.185
2294.38,2.693,0.453,2.185
2294.89,2.749,0.467,2.185
2295.44,2.693,0.453,0.531
2295.95,2.693,0.453,0.531
2296.48,2.693,0.453,0.531
2297.02,2.693,0.453,0.531
2297.54,2.707,0.467,2.185
2298.05,2.706,0.453,2.181
2298.6,2.706,0.453,0.531
2299.11,2.777,0.453,2.185
2299.62,2.693,0.453,0.531
2300.18,2.693,0.453,0.531
2300.69,2.693,0.482,2.181
2301.2,2.693,0.453,0.531
2301.71,2.693,0.453,0.531
2302.22,2.693,0.453,0.531
2302.74,2.693,0.453,0.531
2303.27,2.693,0.453,0.531
2303.78,2.693,0.453,0.531
2304.29,2.693,0.453,0.531
2304.86,2.693,0.546,1.185
2305.42,2.693,0.453,0.531
2305.93,2.693,0.453,2.181
2306.44,2.706,0.453,0.531
2307.0,2.721,0.453,2.187
2307.5,2.706,0.453,2.181
2308.01,2.693,0.453,2.185
2308.52,2.721,0.467,2.185
2309.02,2.693,0.471,2.185
2309.53,2.773,0.467,2.185
2310.05,2.693,0.453,0.531
2310.56,2.721,0.467,2.185
2311.06,2.706,0.478,2.185
2311.57,2.703,0.467,2.181
2312.08,2.693,0.453,0.531
2312.59,2.761,0.453,2.185
2313.1,2.706,0.453,2.181
2313.61,2.693,0.453,2.185
2314.12,2.693,0.453,2.185
2314.62,2.749,0.467,2.185
2315.13,2.693,0.453,0.531
2315.64,2.721,0.467,2.185
2316.15,2.734,0.524,2.185
2316.66,2.693,0.453,2.181
2317.17,2.791,0.463,2.185
2317.68,2.693,0.625,2.185
2318.22,2.693,0.453,0.531
2318.73,2.721,0.467,2.185
2319.26,2.693,0.453,0.531
2319.76,2.734,0.467,2.185
2320.27,2.806,0.453,2.185
2320.8,2.693,0.453,0.531
2321.31,2.776,0.453,2.185
2321.82,2.693,0.453,2.187
2322.33,2.775,0.467,2.185
2322.85,2.706,0.453,0.531
2323.36,2.693,0.527,2.185
2323.87,2.706,0.453,2.185
2324.38,2.799,0.467,2.185
2324.89,2.693,0.453,2.185
2325.4,2.693,0.544,2.185
2325.93,2.693,0.453,0.531
2326.44,2.778,0.453,2.187
2326.94,2.693,0.499,2.185
2327.45,2.693,0.453,2.181
2327.96,2.721,0.467,2.185
2328.47,2.693,0.453,2.181
2328.98,2.787,0.453,2.185
2329.49,2.79,0.453,2.185
2330.02,2.693,0.453,0.531
2330.52,2.721,0.467,2.185
2331.03,2.693,0.453,0.531
2331.55,2.706,0.453,2.185
2332.06,2.706,0.453,0.531
2332.58,2.693,0.453,2.185
2333.09,2.693,0.453,0.531
2333.6,2.693,0.478,2.185
2334.11,2.693,0.453,0.531
2334.62,2.693,0.453,2.185
2335.13,2.771,0.467,2.185
2335.68,2.693,0.453,0.531
2336.19,2.721,0.467,2.185
2336.69,2.768,0.453,2.185
2337.2,2.693,0.482,2.181
2337.71,2.693,0.504,2.187
2338.22,2.706,0.453,2.185
2338.72,2.731,0.467,2.185
2339.23,2.693,0.453,0.531
2339.74,2.698,0.453,2.181
2340.29,2.693,0.453,0.531
2340.8,2.773,0.453,2.185
2341.3,2.693,0.482,2.181
2341.81,2.693,0.453,2.187
2342.31,2.698,0.453,2.187
2342.82,2.759,0.467,2.185
2343.33,2.693,0.453,2.181
2343.84,2.693,0.453,2.185
2344.35,2.693,0.453,0.531
2344.86,2.706,0.453,2.185
2345.37,2.693,0.467,2.185
2345.88,2.761,0.453,2.185
2346.4,2.693,0.453,0.531
2346.91,2.693,0.542,2.185
2347.42,2.693,0.453,0.531
2347.93,2.721,0.467,2.185
2348.44,2.693,0.453,0.531
2348.95,2.721,0.467,2.185
2349.46,2.719,0.521,2.185
2349.97,2.693,0.453,2.181
2350.48,2.706,0.516,2.185
2350.99,2.693,0.453,2.185
2351.5,2.727,0.453,2.181
2352.01,2.693,0.453,2.187
2352.52,2.693,0.453,2.185
2353.03,2.706,0.453,2.181
2353.54,2.693,0.453,2.185
2354.05,2.693,0.453,2.185
2354.56,2.746,0.467,2.185
2355.08,2.693,0.453,0.531
2355.59,2.749,0.453,2.185
2356.1,2.693,0.5,2.185
2356.61,2.706,0.453,2.181
2357.12,2.693,0.453,2.187
2357.63,2.706,0.453,2.185
2358.14,2.693,0.453,0.531
2358.66,2.721,0.467,2.185
2359.17,2.815,0.464,2.185
2359.71,2.693,0.453,0.531
2360.22,2.693,0.453,0.531
2360.73,2.707,0.467,2.187
2361.24,2.761,0.453,2.185
2361.75,2.706,0.453,2.181
2362.26,2.693,0.453,0.531
2362.77,2.778,0.464,2.185
2363.28,2.693,0.453,2.185
2363.79,2.693,0.453,0.531
2364.3,2.721,0.453,2.187
2364.81,2.693,0.453,2.185
2365.33,2.712,0.453,2.181
2365.89,2.693,0.453,0.531
2366.4,2.721,0.467,2.185
2366.91,2.812,0.453,2.185
2367.42,2.734,0.482,2.181
2367.93,2.777,0.453,2.185
2368.44,2.693,0.507,2.185
2368.97,2.693,0.453,0.531
2369.48,2.693,0.462,2.185
2370.0,2.693,0.453,2.181
2370.51,2.763,0.453,2.185
2371.02,2.706,0.453,2.185
2371.55,2.693,0.453,2.181
2372.11,2.693,0.453,0.531
2372.62,2.721,0.467,2.185
2373.13,2.706,0.524,2.185
2373.65,2.693,0.453,2.181
2374.16,2.787,0.453,2.185
2374.67,2.776,0.544,2.185
2375.2,2.706,0.453,0.531
2375.71,2.776,0.507,2.185
2376.24,2.693,0.539,1.185
2376.76,2.76,0.453,2.185
2377.26,2.773,0.453,2.185
2377.78,2.759,0.467,2.185
2378.34,2.693,0.453,0.531
2378.85,2.706,0.453,2.185
2379.36,2.735,0.566,0.631
2379.89,2.736,0.467,2.185
2380.39,2.735,0.695,2.185
2380.92,2.693,0.453,0.531
2381.44,2.693,0.453,2.185
2381.94,2.693,0.482,2.181
2382.45,2.735,0.467,2.185
2382.96,2.824,0.467,2.185
2383.47,2.693,0.453,2.185
2383.98,2.763,0.467,2.185
2384.53,2.693,0.453,0.531
2385.04,2.693,0.453,2.185
2385.55,2.763,0.467,2.185
2386.09,2.693,0.453,0.531
2386.59,2.706,0.453,2.185
2387.11,2.775,0.453,2.185
2387.62,2.693,0.546,1.185
2388.13,2.693,0.502,2.185
2388.64,2.693,0.453,2.185
2389.15,2.76,0.467,2.185
2389.66,2.693,0.453,0.531
2390.18,2.786,0.453,2.185
2390.69,2.717,1.319,2.185
2391.2,2.735,0.496,2.185
2391.71,2.712,0.453,2.181
2392.24,2.693,0.453,0.531
2392.75,2.778,0.453,2.185
2393.26,2.693,0.453,2.181
2393.8,2.693,0.453,0.531
2394.31,2.693,0.453,0.531
2394.88,2.693,0.453,0.531
2395.39,2.693,0.453,0.531
2395.9,2.747,0.453,2.185
2396.41,2.706,0.453,2.181
2396.92,2.706,0.453,0.531
2397.43,2.693,0.453,2.185
2397.94,2.693,0.453,0.531
2398.51,2.693,0.453,0.531
2399.02,2.693,0.453,0.531
2399.53,2.693,0.453,0.531
2400.1,2.693,0.453,0.531
2400.64,2.693,0.453,0.531
2401.2,2.694,0.453,0.531
2401.72,2.694,0.453,2.181
2402.23,2.694,0.453,0.531
2402.75,2.694,0.453,0.531
2403.26,2.694,0.453,0.531
2403.77,2.694,0.453,0.531
2404.28,2.694,0.453,2.181
2404.79,2.707,0.453,0.531
2405.3,2.769,0.453,2.185
2405.8,2.694,0.453,2.185
2406.31,2.776,0.467,2.185
2406.82,2.694,0.453,0.531
2407.34,2.694,0.466,2.185
2407.85,2.707,0.467,2.185
2408.36,2.856,0.453,2.185
2408.87,2.694,0.453,2.181
2409.38,2.694,0.453,2.185
2409.88,2.694,0.453,2.181
2410.39,2.694,0.453,2.185
2410.9,2.748,0.467,2.185
2411.41,2.776,0.462,2.185
2411.92,2.727,0.453,2.181
2412.43,2.694,0.453,2.185
2412.94,2.72,0.453,2.185
2413.45,2.744,1.432,2.185
2414.01,2.694,0.453,0.531
2414.51,2.722,1.319,2.185
2415.02,2.75,0.467,2.185
2415.54,2.694,0.453,0.531
2416.05,2.707,0.453,2.185
2416.57,2.694,0.466,0.531
2417.08,2.75,0.453,2.185
2417.59,2.694,0.499,2.185
2418.12,2.735,0.453,0.531
2418.63,2.769,0.453,2.185
2419.13,2.694,0.52,2.185
2419.67,2.694,0.453,2.181
2420.21,2.694,0.453,0.531
2420.72,2.774,0.453,2.185
2421.23,2.694,0.453,2.185
2421.74,2.735,0.453,2.181
2422.25,2.694,0.453,2.185
2422.76,2.722,0.467,2.185
2423.27,2.796,0.453,2.185
2423.78,2.694,0.453,2.181
2424.29,2.707,0.453,2.185
2424.8,2.694,0.453,2.185
2425.31,2.741,0.467,2.185
2425.86,2.694,0.453,0.531
2426.37,2.722,0.467,2.185
2426.88,2.8,0.453,2.185
2427.4,2.694,0.453,0.531
2427.91,2.786,0.453,2.185
2428.42,2.694,0.453,0.531
2428.92,2.789,0.453,2.185
2429.43,2.694,0.453,0.531
2429.94,2.775,0.453,2.185
2430.45,2.694,0.494,2.185
2430.96,2.706,0.453,2.181
2431.5,2.694,0.453,0.531
2432.01,2.722,0.467,2.185
2432.52,2.694,0.457,2.185
2433.05,2.694,0.482,2.181
2433.56,2.784,0.453,2.185
2434.07,2.694,0.453,2.185
2434.58,2.694,0.453,0.531
2435.1,2.694,0.453,2.185
2435.61,2.694,0.453,0.531
2436.12,2.694,0.453,2.185
2436.63,2.694,0.453,0.531
2437.14,2.694,0.556,2.185
2437.65,2.694,0.453,0.531
2438.16,2.736,0.467,2.185
2438.67,2.789,0.453,2.185
2439.19,2.735,0.467,2.185
2439.7,2.694,0.453,0.531
2440.21,2.784,0.453,2.185
2440.72,2.694,0.453,2.185
2441.23,2.773,0.467,2.185
2441.74,2.735,0.453,0.531
2442.25,2.775,0.453,2.185
2442.76,2.694,0.922,2.185
2443.28,2.735,0.453,0.531
2443.79,2.722,0.467,2.185
2444.29,2.761,0.453,2.185
2444.81,2.694,0.453,0.531
2445.32,2.694,1.206,2.185
2445.84,2.751,0.467,2.185
2446.36,2.694,0.453,0.531
2446.87,2.694,0.453,2.185
2447.4,2.694,0.453,2.181
2447.91,2.694,0.552,2.185
2448.42,2.694,0.522,2.185
2448.95,2.694,0.453,0.531
2449.46,2.722,0.467,2.185
2449.97,2.694,0.453,0.531
2450.48,2.723,0.453,2.185
2450.98,2.707,0.453,2.187
2451.49,2.759,0.467,2.185
2452.02,2.694,0.453,0.531
2452.53,2.723,0.467,2.185
2453.04,2.817,0.465,2.185
2453.56,2.694,0.482,2.181
2454.08,2.694,0.521,2.187
2454.59,2.694,0.453,2.185
2455.1,2.694,0.552,1.185
2455.61,2.751,0.453,2.185
2456.11,2.694,0.483,2.185
2456.64,2.694,0.453,0.531
2457.15,2.708,0.467,2.185
2457.66,2.694,0.482,2.185
2458.19,2.694,0.453,2.181
2458.73,2.694,0.453,0.531
2459.23,2.757,0.453,2.185
2459.74,2.707,0.453,2.187
2460.25,2.713,0.453,2.181
2460.75,2.694,0.453,2.185
2461.26,2.723,0.467,2.185
2461.77,2.694,0.453,0.531
2462.28,2.779,0.453,2.185
2462.79,2.777,0.531,2.185
2463.31,2.695,0.453,2.181
2463.82,2.751,0.453,2.185
2464.32,2.695,0.465,2.185
2464.85,2.695,0.466,0.531
2465.36,2.736,0.465,2.185
2465.88,2.736,0.453,2.185
2466.38,2.776,0.467,2.185
2466.89,2.695,0.453,0.531
2467.4,2.723,0.467,2.185
2467.91,2.695,0.453,0.531
2468.42,2.723,0.467,2.185
2468.93,2.811,0.453,2.185
2469.45,2.695,0.453,0.531
2469.96,2.717,0.866,2.185
2470.47,2.8,0.453,2.185
2471.0,2.695,0.453,0.531
2471.51,2.695,0.453,2.185
2472.01,2.751,0.467,2.185
2472.53,2.695,0.465,2.185
2473.04,2.723,0.467,2.185
2473.56,2.736,0.453,2.185
2474.07,2.782,0.453,2.185
2474.57,2.736,0.453,0.531
2475.09,2.768,0.453,2.185
2475.59,2.695,0.511,2.185
2476.11,2.695,0.453,2.181
2476.61,2.695,0.453,2.185
2477.12,2.695,0.453,2.185
2477.63,2.695,0.453,2.181
2478.14,2.759,0.453,2.185
2478.64,2.72,0.453,2.181
2479.16,2.736,0.453,2.185
2479.67,2.695,0.453,2.185
2480.19,2.736,0.453,0.531
2480.71,2.695,0.469,2.187
2481.22,2.695,0.453,2.185
2481.72,2.765,0.467,2.185
2482.29,2.708,0.453,0.531
2482.8,2.695,0.453,2.185
2483.31,2.72,0.453,2.181
2483.81,2.695,0.453,2.185
2484.33,2.723,0.752,2.185
2484.9,2.695,0.453,0.531
2485.41,2.736,0.467,2.185
2485.92,2.808,0.468,2.185
2486.44,2.695,0.453,0.531
2486.96,2.723,0.453,2.185
2487.48,2.695,0.453,2.181
2487.99,2.695,0.453,0.531
2488.55,2.723,0.467,2.185
2489.06,2.721,0.453,2.187
2489.57,2.762,0.467,2.185
2490.08,2.695,0.453,0.531
2490.59,2.79,0.453,2.185
2491.09,2.695,0.453,2.181
2491.65,2.695,0.453,0.531
2492.16,2.695,0.453,2.185
2492.67,2.723,0.467,2.185
2493.18,2.695,0.453,0.531
2493.73,2.695,0.453,0.531
2494.26,2.695,0.453,0.531
2494.77,2.695,0.482,2.181
2495.28,2.695,0.453,0.531
2495.8,2.695,0.453,0.531
2496.3,2.695,0.453,0.531
2496.83,2.695,0.482,2.181
2497.34,2.695,0.453,0.531
2497.85,2.695,0.453,0.531
2498.4,2.695,0.453,0.531
2498.93,2.695,0.453,0.531
2499.49,2.695,0.453,0.531
2500.03,2.695,0.453,0.531
2500.55,2.696,0.558,1.185
2501.06,2.695,0.453,2.181
2501.56,2.695,0.453,0.531
2502.08,2.696,0.453,0.531
2502.59,2.758,0.453,2.185
2503.09,2.778,0.453,2.185
2503.6,2.775,0.467,2.185
2504.11,2.696,0.482,2.181
2504.62,2.696,0.462,2.185
2505.14,2.696,0.453,2.185
2505.65,2.777,0.467,2.185
2506.16,2.696,0.482,2.181
2506.67,2.788,0.453,2.185
2507.18,2.709,0.453,2.185
2507.69,2.696,0.453,0.531
2508.21,2.793,0.453,2.185
2508.72,2.724,0.467,2.185
2509.23,2.785,0.453,2.185
2509.74,2.696,0.453,2.181
2510.24,2.78,0.453,2.185
2510.75,2.775,0.507,2.185
2511.29,2.696,0.482,2.181
2511.8,2.696,0.525,2.185
2512.31,2.696,0.453,2.185
2512.82,2.696,0.453,2.181
2513.33,2.791,0.453,2.185
2513.84,2.721,0.453,2.181
2514.35,2.696,0.453,2.185
2514.86,2.696,0.552,2.185
2515.39,2.696,0.453,0.531
2515.9,2.724,0.467,2.185
2516.41,2.765,0.453,2.185
2516.98,2.696,0.453,0.531
2517.49,2.709,0.453,2.185
2518.01,2.696,0.453,0.531
2518.52,2.738,0.467,2.185
2519.03,2.737,0.453,2.181
2519.56,2.709,0.524,2.185
2520.06,2.696,0.453,2.185
2520.57,2.766,0.467,2.185
2521.11,2.696,0.453,0.531
2521.62,2.724,0.467,2.185
2522.13,2.762,0.453,2.185
2522.65,2.696,0.482,2.181
2523.16,2.696,0.453,2.185
2523.67,2.724,0.467,2.185
2524.19,2.762,0.453,2.185
2524.7,2.696,0.453,0.531
2525.21,2.696,0.552,1.185
2525.72,2.696,0.543,2.185
2526.23,2.794,0.466,2.185
2526.75,2.696,0.453,2.181
2527.26,2.762,0.453,2.185
2527.77,2.696,0.453,2.185
2528.28,2.75,0.467,2.185
2528.79,2.696,0.453,0.531
2529.3,2.724,0.467,2.185
2529.81,2.775,0.453,2.185
2530.34,2.709,0.453,0.531
2530.91,2.779,0.567,2.185
2531.43,2.696,0.453,0.531
2531.95,2.696,0.453,0.531
2532.46,2.725,0.453,2.185
2532.97,2.696,0.453,0.531
2533.48,2.786,0.453,2.185
2533.99,2.696,0.453,0.531
2534.5,2.722,0.467,2.187
2535.01,2.753,0.467,2.185
2535.52,2.696,0.566,0.631
2536.04,2.738,0.474,2.187
2536.55,2.696,0.453,2.187
2537.06,2.766,0.467,2.185
2537.58,2.696,0.453,0.531
2538.09,2.696,0.513,2.185
2538.6,2.714,0.467,2.185
2539.12,2.776,0.453,2.185
2539.63,2.696,0.453,2.181
2540.14,2.696,0.453,2.185
2540.65,2.725,0.467,2.185
2541.16,2.696,0.524,1.185
2541.69,2.696,0.453,2.185
2542.19,2.696,0.453,2.185
2542.7,2.753,0.467,2.185
2543.22,2.696,0.453,2.185
2543.73,2.696,0.453,2.185
2544.27,2.697,0.453,0.531
2544.78,2.697,0.453,2.185
2545.28,2.697,0.453,2.181
2545.79,2.725,0.467,2.185
2546.3,2.711,0.467,2.185
2546.82,2.697,0.453,0.531
2547.33,2.725,0.467,2.185
2547.84,2.697,0.47,2.185
2548.36,2.71,0.453,2.181
2548.87,2.697,0.453,2.185
2549.38,2.723,0.453,2.185
2549.88,2.753,0.467,2.185
2550.41,2.697,0.453,0.531
2550.92,2.725,0.467,2.185
2551.43,2.697,0.453,2.181
2551.94,2.697,0.453,0.531
2552.45,2.725,0.467,2.185
2552.96,2.754,0.453,2.185
2553.46,2.697,0.453,0.531
2553.98,2.747,0.453,2.185
2554.49,2.697,0.521,2.185
2555.0,2.697,0.453,2.181
2555.51,2.697,0.464,2.187
2556.02,2.697,0.453,2.185
2556.53,2.709,0.453,2.181
2557.04,2.697,0.453,2.185
2557.55,2.725,0.467,2.185
2558.06,2.697,0.579,1.185
2558.58,2.697,0.466,2.185
2559.09,2.697,0.507,2.185
2559.6,2.697,0.453,2.181
2560.11,2.767,0.453,2.185
2560.61,2.793,0.479,2.185
2561.14,2.697,0.453,0.531
2561.65,2.782,0.453,2.185
2562.16,2.697,0.453,2.185
2562.67,2.71,0.453,0.531
2563.18,2.697,0.453,2.185
2563.69,2.779,0.467,2.185
2564.21,2.697,0.453,0.531
2564.72,2.756,0.453,2.185
2565.22,2.71,0.453,2.185
2565.73,2.735,0.752,2.185
2566.25,2.697,0.453,0.531
2566.76,2.725,0.467,2.185
2567.27,2.697,0.466,2.185
2567.79,2.697,0.453,0.531
2568.3,2.725,0.467,2.185
2568.81,2.697,0.453,0.531
2569.33,2.766,0.453,2.185
2569.83,2.697,0.476,2.185
2570.36,2.697,0.453,2.181
2570.87,2.697,0.472,2.185
2571.38,2.697,0.453,2.185
2571.89,2.697,0.453,0.531
2572.41,2.792,0.453,2.185
2572.92,2.71,0.536,2.185
2573.44,2.697,0.453,2.181
2573.95,2.697,0.474,2.185
2574.46,2.697,0.453,2.185
2574.96,2.779,0.467,2.185
2575.48,2.697,0.453,0.531
2576.0,2.725,0.467,2.185
2576.51,2.697,0.552,2.185
2577.04,2.697,0.453,0.531
2577.55,2.725,0.467,2.185
2578.06,2.765,0.979,2.185
2578.57,2.697,0.453,0.531
2579.13,2.725,0.467,2.185
2579.64,2.723,0.513,2.185
2580.15,2.697,0.453,0.531
2580.66,2.697,0.453,2.185
2581.17,2.79,0.467,2.185
2581.68,2.71,0.453,0.531
2582.19,2.697,0.453,2.185
2582.7,2.767,0.467,2.185
2583.22,2.697,0.453,0.531
2583.74,2.697,0.453,2.187
2584.25,2.71,0.453,2.185
2584.76,2.776,0.467,2.185
2585.27,2.697,0.466,0.531
2585.79,2.697,0.453,2.187
2586.3,2.795,0.453,2.185
2586.81,2.697,0.453,2.181
2587.34,2.697,0.453,0.531
2587.85,2.78,0.453,2.187
2588.36,2.723,0.453,2.185
2588.86,2.754,0.467,2.185
2589.37,2.697,0.453,2.181
2589.88,2.71,0.464,2.185
2590.39,2.71,0.453,0.531
2590.9,2.71,0.453,0.531
2591.42,2.71,0.453,0.531
2591.94,2.71,0.453,0.531
2592.5,2.71,0.453,0.531
2593.02,2.711,0.453,0.531
2593.53,2.711,0.453,0.531
2594.09,2.711,0.453,0.531
2594.65,2.711,0.453,0.531
2595.18,2.711,0.453,0.531
2595.75,2.711,0.453,0.531
2596.26,2.711,0.566,0.732
2596.77,2.711,0.453,0.531
2597.3,2.711,0.453,0.531
2597.81,2.711,0.482,2.181
2598.33,2.711,0.453,0.531
2598.84,2.711,0.453,2.181
2599.37,2.711,0.453,0.531
2599.88,2.711,0.453,2.185
2600.39,2.712,0.467,2.185
2600.9,2.711,0.453,2.181
2601.41,2.711,0.453,2.185
2601.92,2.698,0.453,2.185
2602.43,2.711,0.463,2.185
2602.94,2.698,0.453,0.531
2603.45,2.726,0.467,2.185
2603.95,2.78,0.457,2.185
2604.46,2.711,0.453,2.181
2604.97,2.698,0.453,2.185
2605.49,2.698,1.092,2.185
2606.0,2.808,0.453,2.185
2606.51,2.698,0.453,2.181
2607.02,2.698,0.453,0.531
2607.59,2.773,0.453,2.185
2608.09,2.698,0.453,2.185
2608.6,2.754,0.467,2.185
2609.12,2.698,0.453,0.531
2609.63,2.726,0.467,2.185
2610.14,2.804,0.453,2.185
2610.66,2.698,0.453,0.531
2611.17,2.698,0.547,2.185
2611.7,2.698,0.453,2.181
2612.21,2.726,0.467,2.185
2612.72,2.769,0.453,2.185
2613.27,2.698,0.453,0.531
2613.77,2.698,0.453,2.185
2614.28,2.698,0.453,0.531
2614.79,2.783,0.453,2.185
2615.29,2.698,0.453,0.531
2615.81,2.698,0.453,2.185
2616.33,2.698,0.453,0.531
2616.84,2.727,0.467,2.185
2617.36,2.698,0.453,0.531
2617.87,2.712,0.467,2.185
2618.37,2.698,0.462,2.185
2618.9,2.698,0.482,2.181
2619.41,2.791,0.453,2.185
2619.92,2.698,0.453,2.185
2620.42,2.698,0.453,0.531
2620.94,2.712,0.467,2.185
2621.44,2.698,0.515,2.185
2621.98,2.698,0.453,0.531
2622.49,2.775,0.453,2.185
2622.99,2.711,0.453,2.185
2623.5,2.74,0.453,2.181
2624.01,2.698,0.453,0.531
2624.57,2.727,0.467,2.185
2625.08,2.776,0.453,2.185
2625.6,2.698,0.453,0.531
2626.11,2.727,0.467,2.185
2626.62,2.699,0.453,0.531
2627.13,2.699,0.463,2.185
2627.63,2.699,0.453,0.531
2628.15,2.699,0.453,2.185
2628.66,2.699,0.453,0.531
2629.17,2.699,0.589,2.185
2629.68,2.699,0.453,0.531
2630.19,2.727,0.467,2.185
2630.72,2.699,0.453,0.531
2631.22,2.699,0.453,2.185
2631.73,2.791,0.467,2.185
2632.25,2.699,0.453,0.531
2632.75,2.699,0.453,2.185
2633.26,2.78,0.467,2.185
2633.77,2.699,0.453,0.531
2634.28,2.763,0.453,2.185
2634.78,2.699,0.453,2.185
2635.29,2.699,0.453,0.531
2635.8,2.791,0.453,2.185
2636.31,2.699,0.453,2.185
2636.82,2.755,0.525,2.185
2637.35,2.74,0.453,0.531
2637.86,2.741,0.467,2.185
2638.37,2.725,0.543,2.185
2638.9,2.699,0.453,2.181
2639.41,2.699,0.453,2.185
2639.92,2.699,0.453,2.185
2640.43,2.741,0.467,2.185
2640.93,2.74,0.453,0.531
2641.44,2.727,0.467,2.185
2641.95,2.765,0.467,2.185
2642.51,2.699,0.453,0.531
2643.01,2.699,0.453,2.185
2643.52,2.77,0.467,2.185
2644.03,2.699,0.453,2.185
2644.54,2.725,0.453,2.185
2645.04,2.795,0.467,2.185
2645.6,2.699,0.453,0.531
2646.11,2.699,0.453,2.185
2646.62,2.709,0.467,2.181
2647.17,2.699,0.453,0.531
2647.68,2.727,0.467,2.185
2648.19,2.699,0.453,0.531
2648.69,2.756,0.453,2.185
2649.2,2.712,0.453,2.185
2649.71,2.754,0.525,2.185
2650.22,2.699,0.453,0.531
2650.73,2.727,0.467,2.185
2651.24,2.699,0.453,2.185
2651.76,2.754,0.639,2.185
2652.27,2.712,0.453,0.531
2652.78,2.727,0.467,2.185
2653.29,2.699,0.453,2.181
2653.84,2.699,0.453,0.531
2654.35,2.774,0.453,2.185
2654.85,2.699,0.453,2.185
2655.36,2.795,0.467,2.185
2655.87,2.699,0.453,0.531
2656.38,2.77,0.453,2.187
2656.89,2.712,0.453,2.185
2657.4,2.699,0.453,2.181
2657.91,2.699,0.535,2.185
2658.42,2.699,0.491,2.185
2658.93,2.699,0.453,0.531
2659.44,2.699,0.485,2.187
2659.95,2.699,0.453,2.181
2660.46,2.699,0.453,2.185
2660.97,2.727,0.453,2.185
2661.48,2.699,0.453,2.185
2661.99,2.704,1.206,2.185
2662.53,2.699,0.453,0.531
2663.04,2.782,0.453,2.185
2663.55,2.699,0.453,2.185
2664.06,2.727,0.467,2.185
2664.56,2.699,0.453,0.531
2665.07,2.784,0.453,2.185
2665.58,2.699,0.529,0.581
2666.1,2.797,0.465,2.185
2666.61,2.699,0.578,2.185
2667.12,2.699,0.453,2.181
2667.63,2.699,0.52,2.185
2668.14,2.737,0.467,2.185
2668.65,2.699,0.453,0.531
2669.16,2.699,0.453,2.185
2669.67,2.699,0.453,2.181
2670.18,2.759,0.453,2.185
2670.68,2.699,0.453,2.181
2671.23,2.699,0.453,0.531
2671.74,2.728,0.467,2.185
2672.24,2.795,0.453,2.185
2672.76,2.699,0.453,0.531
2673.27,2.699,0.453,2.185
2673.78,2.699,0.453,2.181
2674.29,2.699,0.453,2.185
2674.8,2.756,0.467,2.185
2675.3,2.699,0.453,0.531
2675.81,2.789,0.453,2.185
2676.32,2.699,0.453,0.531
2676.84,2.699,0.526,2.185
2677.35,2.7,0.453,2.185
2677.86,2.753,0.467,2.185
2678.36,2.7,0.482,2.181
2678.87,2.7,0.547,2.185
2679.38,2.7,0.453,2.187
2679.91,2.712,0.453,2.181
2680.44,2.741,0.453,0.531
2680.95,2.742,0.467,2.185
2681.46,2.7,0.502,2.185
2681.98,2.7,0.453,0.531
2682.49,2.728,0.453,2.185
2683.0,2.7,0.453,2.181
2683.51,2.7,0.453,2.185
2684.02,2.7,0.453,2.185
2684.53,2.769,0.453,2.185
2685.03,2.7,0.453,0.531
2685.54,2.783,0.453,2.185
2686.05,2.726,0.453,2.185
2686.55,2.766,0.467,2.185
2687.06,2.7,0.482,2.181
2687.57,2.7,0.453,2.185
2688.08,2.741,0.467,2.185
2688.61,2.7,0.453,0.531
2689.12,2.7,0.453,0.531
2689.66,2.7,0.453,0.531
2690.18,2.7,0.453,0.531
2690.71,2.7,0.453,0.531
2691.26,2.7,0.453,0.531
2691.79,2.7,0.453,0.531
2692.3,2.7,0.482,2.181
2692.8,2.7,0.868,1.372
2693.31,2.7,0.482,2.181
2693.82,2.7,0.453,0.531
2694.36,2.7,0.453,0.531
2694.87,2.7,0.617,1.185
2695.39,2.7,0.453,0.531
2695.96,2.7,0.453,2.181
2696.46,2.7,0.453,0.531
2697.03,2.774,0.453,2.185
2697.54,2.7,0.453,2.185
2698.04,2.713,0.453,0.531
2698.55,2.714,0.467,2.185
2699.06,2.713,0.453,2.185
2699.57,2.713,0.453,2.181
2700.13,2.7,0.453,0.531
2700.64,2.728,0.467,2.185
2701.14,2.726,0.453,2.185
2701.66,2.772,0.639,2.185
2702.17,2.7,0.453,0.531
2702.68,2.7,0.464,2.185
2703.19,2.7,0.453,2.185
2703.7,2.817,0.467,2.185
2704.21,2.7,0.453,0.531
2704.72,2.798,0.453,2.185
2705.23,2.7,0.453,2.181
2705.77,2.7,0.453,0.531
2706.28,2.728,0.467,2.185
2706.78,2.7,0.475,2.185
2707.29,2.7,0.453,2.181
2707.8,2.7,0.465,2.185
2708.31,2.7,0.488,2.187
2708.84,2.7,0.453,2.181
2709.35,2.792,0.453,2.185
2709.85,2.7,0.517,2.185
2710.38,2.7,0.453,0.531
2710.89,2.7,0.584,2.185
2711.4,2.7,0.453,2.181
2711.91,2.788,0.453,2.185
2712.41,2.7,0.538,2.185
2712.92,2.7,0.453,2.181
2713.43,2.779,0.453,2.185
2713.94,2.783,0.471,2.185
2714.45,2.7,0.453,2.181
2714.96,2.7,0.453,2.185
2715.47,2.7,0.453,2.185
2715.98,2.7,0.453,2.181
2716.49,2.7,0.478,2.185
2717.0,2.7,0.453,2.181
2717.51,2.7,0.453,2.185
2718.02,2.713,0.453,2.185
2718.53,2.806,0.467,2.185
2719.05,2.7,0.453,0.531
2719.62,2.729,0.467,2.185
2720.13,2.713,0.523,2.185
2720.64,2.713,0.453,2.181
2721.15,2.7,0.453,2.187
2721.66,2.743,0.467,2.185
2722.17,2.785,0.453,2.185
2722.67,2.742,0.453,2.181
2723.18,2.729,0.453,2.185
2723.69,2.701,0.552,1.185
2724.24,2.701,0.453,2.185
2724.76,2.701,0.453,2.181
2725.27,2.701,0.474,2.185
2725.78,2.701,0.608,2.181
2726.31,2.701,0.534,2.185
2726.82,2.701,0.453,2.181
2727.33,2.701,0.453,0.531
2727.84,2.701,0.453,2.185
2728.35,2.783,0.467,2.185
2728.86,2.701,0.453,0.531
2729.37,2.713,0.453,2.181
2729.88,2.701,0.453,2.185
2730.39,2.701,0.453,2.185
2730.91,2.701,0.453,0.531
2731.42,2.729,0.467,2.185
2731.93,2.786,0.453,2.185
2732.44,2.701,0.453,2.181
2732.94,2.701,0.453,2.187
2733.45,2.701,0.453,2.185
2733.95,2.808,0.467,2.185
2734.46,2.701,0.541,1.185
2734.97,2.701,0.453,2.185
2735.48,2.743,0.467,2.185
2735.99,2.79,0.453,2.185
2736.5,2.701,0.453,2.181
2737.01,2.748,0.467,2.185
2737.51,2.714,0.53,2.185
2738.05,2.701,0.453,0.531
2738.56,2.729,0.467,2.185
2739.06,2.701,0.482,2.181
2739.57,2.714,0.453,2.185
2740.08,2.714,0.453,2.185
2740.59,2.768,0.467,2.185
2741.11,2.701,0.453,0.531
2741.62,2.757,0.467,2.185
2742.13,2.701,0.453,0.531
2742.64,2.729,0.467,2.185
2743.15,2.78,0.522,2.185
2743.67,2.701,0.453,2.181
2744.18,2.701,0.475,2.185
2744.69,2.729,0.467,2.185
2745.21,2.701,0.453,0.531
2745.72,2.729,0.467,2.185
2746.23,2.807,0.453,2.185
2746.79,2.701,0.453,0.531
2747.3,2.729,0.467,2.185
2747.81,2.771,0.463,2.185
2748.34,2.714,0.453,2.181
2748.88,2.701,0.453,0.531
2749.39,2.701,0.468,2.185
2749.9,2.701,0.453,2.185
2750.41,2.714,0.453,0.531
2750.92,2.755,0.453,2.187
2751.42,2.701,0.453,2.185
2751.93,2.713,0.453,2.181
2752.47,2.701,0.453,0.531
2752.98,2.729,0.467,2.187
2753.49,2.701,0.49,2.187
2754.0,2.701,0.453,2.181
2754.51,2.701,0.453,0.531
2755.02,2.729,0.467,2.187
2755.53,2.811,0.462,2.185
2756.04,2.714,0.453,2.181
2756.6,2.701,0.453,0.531
2757.11,2.701,0.453,2.181
2757.62,2.714,0.453,2.185
2758.13,2.715,0.467,2.187
2758.63,2.78,0.453,2.185
2759.14,2.701,0.453,2.181
2759.65,2.701,0.453,2.185
2760.16,2.729,0.467,2.187
2760.67,2.793,0.453,2.185
2761.17,2.701,0.453,0.531
2761.68,2.799,0.453,2.185
2762.2,2.701,0.453,2.181
2762.7,2.742,0.453,2.185
2763.21,2.743,0.467,2.185
2763.72,2.79,0.453,2.185
2764.23,2.742,0.453,2.181
2764.73,2.742,0.453,0.531
2765.3,2.729,0.467,2.185
2765.81,2.701,0.476,2.185
2766.34,2.743,0.453,0.531
2766.85,2.729,0.467,2.185
2767.36,2.701,0.453,0.531
2767.89,2.701,0.466,2.185
2768.4,2.701,0.453,2.185
2768.9,2.73,0.467,2.185
2769.41,2.701,0.453,0.531
2769.92,2.701,0.466,2.185
2770.43,2.701,0.453,2.185
2770.94,2.782,0.467,2.185
2771.44,2.701,0.453,2.185
2771.95,2.701,0.453,2.185
2772.48,2.701,0.453,0.531
2772.98,2.701,0.453,2.181
2773.49,2.701,0.453,0.531
2774.06,2.794,0.453,2.185
2774.56,2.701,0.453,2.185
2775.08,2.701,0.453,2.181
2775.59,2.714,0.453,0.531
2776.1,2.73,0.467,2.185
2776.6,2.758,0.453,2.185
2777.11,2.743,0.453,2.181
2777.62,2.743,0.453,0.531
2778.13,2.743,0.467,2.185
2778.64,2.743,0.467,2.185
2779.19,2.743,0.453,0.531
2779.7,2.79,0.453,2.185
2780.21,2.702,0.453,2.185
2780.72,2.807,0.467,2.185
2781.23,2.702,0.453,0.531
2781.73,2.73,0.467,2.185
2782.24,2.727,0.453,2.185
2782.75,2.808,0.467,2.185
2783.26,2.702,0.453,2.181
2783.76,2.702,0.453,2.185
2784.27,2.702,0.453,0.531
2784.78,2.702,0.453,0.531
2785.29,2.702,0.482,2.181
2785.8,2.702,0.453,0.531
2786.37,2.702,0.482,2.181
2786.9,2.702,0.453,0.531
2787.42,2.702,0.453,0.531
2787.93,2.702,0.453,0.531
2788.53,2.702,0.453,0.531
2789.06,2.702,0.453,0.531
2789.61,2.702,0.453,0.531
2790.12,2.702,0.453,0.531
2790.65,2.702,0.453,0.531
2791.16,2.702,0.482,2.181
2791.7,2.702,0.453,0.531
2792.21,2.702,0.453,0.531
2792.72,2.716,0.467,2.185
2793.24,2.715,0.453,0.531
2793.75,2.715,0.453,2.185
2794.26,2.73,0.467,2.185
2794.77,2.728,0.524,2.185
2795.28,2.714,0.453,2.181
2795.79,2.702,0.453,0.531
2796.3,2.702,0.453,2.185
2796.81,2.784,0.467,2.185
2797.31,2.702,0.453,0.531
2797.82,2.73,0.467,2.185
2798.33,2.702,0.453,2.185
2798.84,2.802,0.467,2.185
2799.35,2.702,0.453,0.531
2799.86,2.73,0.467,2.185
2800.37,2.839,0.456,2.185
2800.92,2.702,0.453,0.531
2801.44,2.73,0.467,2.185
2801.94,2.702,0.453,0.531
2802.47,2.73,0.467,2.185
2802.98,2.715,0.5,2.185
2803.49,2.702,0.453,2.181
2804.0,2.743,0.453,2.185
2804.51,2.737,0.467,2.185
2805.01,2.759,0.467,2.185
2805.53,2.702,0.453,0.531
2806.04,2.73,0.467,2.185
2806.54,2.702,0.453,2.181
2807.05,2.702,0.453,2.185
2807.56,2.702,0.453,0.531
2808.07,2.702,0.453,2.185
2808.58,2.702,0.453,2.181
2809.09,2.702,0.464,2.185
2809.6,2.702,0.523,2.185
2810.13,2.702,0.453,2.181
2810.65,2.702,0.453,2.185
2811.15,2.702,0.453,2.185
2811.66,2.794,0.467,2.185
2812.2,2.702,0.453,0.531
2812.7,2.731,0.467,2.185
2813.21,2.815,0.453,2.185
2813.72,2.744,0.453,0.531
2814.23,2.745,0.467,2.185
2814.74,2.702,0.546,2.185
2815.25,2.715,0.453,2.181
2815.76,2.731,0.467,2.185
2816.27,2.728,0.552,2.185
2816.81,2.702,0.453,2.181
2817.32,2.791,0.453,2.185
2817.83,2.702,0.475,2.185
2818.34,2.715,0.453,2.181
2818.85,2.702,0.453,0.531
2819.42,2.702,0.465,2.185
2819.93,2.702,0.453,0.531
2820.44,2.74,0.453,2.185
2820.94,2.702,0.482,2.181
2821.45,2.787,0.465,2.185
2821.96,2.702,0.453,0.531
2822.48,2.709,0.467,2.185
2822.98,2.703,0.453,0.531
2823.49,2.703,0.453,2.185
2824.0,2.703,0.453,0.531
2824.51,2.703,0.453,0.531
2825.01,2.716,0.453,2.185
2825.52,2.784,0.467,2.185
2826.04,2.716,0.453,2.185
2826.55,2.785,0.453,2.185
2827.08,2.703,0.453,0.531
2827.59,2.729,0.475,2.185
2828.12,2.703,0.453,0.531
2828.62,2.703,0.453,2.185
2829.13,2.717,0.467,2.185
2829.64,2.716,0.453,0.531
2830.15,2.703,0.464,2.185
2830.65,2.703,0.453,2.181
2831.21,2.703,0.453,0.531
2831.72,2.796,0.453,2.185
2832.23,2.729,0.467,2.185
2832.74,2.703,0.566,0.631
2833.26,2.716,0.455,2.185
2833.77,2.703,0.453,2.185
2834.28,2.764,0.467,2.185
2834.84,2.703,0.453,0.531
2835.36,2.793,0.453,2.185
2835.87,2.703,0.453,2.181
2836.38,2.703,0.453,2.185
2836.89,2.731,0.467,2.185
2837.4,2.772,0.453,2.185
2837.96,2.703,0.453,0.531
2838.47,2.703,0.453,2.181
2838.97,2.716,0.453,2.185
2839.49,2.716,0.536,2.185
2840.0,2.703,0.453,0.531
2840.51,2.703,0.453,2.185
2841.02,2.783,0.467,2.185
2841.53,2.703,0.453,2.185
2842.03,2.703,0.453,2.185
2842.54,2.77,0.467,2.185
2843.06,2.703,0.453,0.531
2843.57,2.731,0.467,2.185
2844.08,2.837,0.463,2.185
2844.62,2.703,0.453,2.181
2845.12,2.703,0.532,2.185
2845.64,2.703,0.453,2.185
2846.15,2.703,0.453,0.531
2846.67,2.716,0.453,2.185
2847.18,2.716,0.453,2.181
2847.69,2.716,0.453,0.531
2848.26,2.782,0.453,2.185
2848.77,2.716,0.453,2.185
2849.28,2.769,0.467,2.185
2849.81,2.703,0.453,0.531
2850.32,2.744,0.453,2.187
2850.83,2.703,0.535,2.185
2851.34,2.703,0.453,2.181
2851.9,2.716,0.453,0.531
2852.41,2.731,0.453,2.187
2852.92,2.703,0.453,0.531
2853.43,2.778,0.453,2.185
2853.94,2.716,0.453,2.185
2854.45,2.703,0.453,0.531
2854.96,2.716,0.453,2.185
2855.47,2.728,0.467,2.185
2855.98,2.716,0.453,0.531
2856.49,2.731,0.467,2.185
2857.0,2.716,0.478,2.185
2857.51,2.724,0.453,2.181
2858.01,2.703,0.453,2.185
2858.52,2.731,0.467,2.185
2859.04,2.731,0.467,2.185
2859.55,2.703,0.453,0.531
2860.07,2.703,0.533,2.185
2860.58,2.716,0.453,2.185
2861.09,2.731,0.467,2.185
2861.63,2.703,0.453,0.531
2862.14,2.731,0.467,2.185
2862.65,2.824,0.453,2.185
2863.16,2.703,0.453,2.181
2863.67,2.703,0.453,2.185
2864.18,2.731,0.524,2.185
2864.69,2.703,0.482,2.181
2865.19,2.703,0.453,2.185
2865.7,2.754,0.453,2.185
2866.21,2.728,0.467,2.181
2866.74,2.703,0.453,0.531
2867.24,2.758,0.453,2.185
2867.75,2.703,0.525,2.185
2868.26,2.713,0.453,2.181
2868.77,2.703,0.453,2.185
2869.28,2.703,0.453,2.185
2869.79,2.782,0.467,2.185
2870.3,2.745,0.453,0.531
2870.87,2.745,0.467,2.185
2871.38,2.703,0.453,0.531
2871.89,2.703,0.467,2.185
2872.4,2.729,0.453,2.185
2872.91,2.703,0.453,2.181
2873.42,2.704,0.473,2.185
2873.93,2.704,0.465,2.185
2874.45,2.704,0.453,2.181
2874.96,2.801,0.453,2.185
2875.47,2.704,0.527,2.185
2875.99,2.704,0.453,0.531
2876.5,2.732,0.453,2.185
2877.01,2.704,0.453,0.531
2877.52,2.732,0.453,2.185
2878.03,2.73,0.453,2.185
2878.54,2.754,0.539,2.185
2879.08,2.704,0.453,0.531
2879.59,2.704,0.453,0.531
2880.1,2.718,0.467,2.185
2880.61,2.704,0.459,2.185
2881.12,2.717,0.453,0.531
2881.62,2.717,0.453,0.531
2882.13,2.717,0.453,0.531
2882.7,2.717,0.453,0.531
2883.21,2.717,0.453,0.531
2883.78,2.717,0.453,0.531
2884.35,2.717,0.453,0.531
2884.87,2.717,0.453,0.531
2885.44,2.717,0.482,2.181
2885.97,2.717,0.453,0.531
2886.5,2.717,0.453,0.531
2887.01,2.717,0.453,0.531
2887.62,2.717,0.453,0.531
2888.13,2.717,0.482,2.181
2888.64,2.717,0.453,0.531
2889.14,2.717,0.683,1.185
2889.7,2.717,0.453,0.531
2890.22,2.717,0.466,0.531
2890.73,2.717,0.453,2.185
2891.24,2.717,0.453,2.181
2891.75,2.717,0.453,0.531
2892.32,2.718,0.467,2.185
2892.83,2.73,0.459,2.185
2893.34,2.758,0.453,2.181
2893.9,2.704,0.453,0.531
2894.41,2.732,0.467,2.185
2894.91,2.718,0.467,2.185
2895.42,2.717,0.453,0.531
2895.93,2.765,0.453,2.185
2896.44,2.704,0.453,2.185
2896.94,2.77,0.467,2.185
2897.49,2.704,0.453,0.531
2898.0,2.707,0.524,2.185
2898.51,2.704,0.453,2.181
2899.02,2.802,0.453,2.185
2899.54,2.704,0.54,2.185
2900.07,2.704,0.453,2.181
2900.58,2.704,0.453,2.185
2901.09,2.732,0.467,2.185
2901.6,2.704,0.453,0.531
2902.11,2.732,0.467,2.185
2902.62,2.704,0.464,2.185
2903.13,2.704,0.453,2.181
2903.64,2.704,0.453,2.185
2904.15,2.704,0.453,2.187
2904.66,2.761,0.467,2.185
2905.18,2.704,0.453,0.531
2905.7,2.733,0.467,2.185
2906.2,2.746,0.462,2.185
2906.74,2.704,0.453,0.531
2907.24,2.733,0.467,2.185
2907.75,2.802,0.465,2.185
2908.26,2.705,0.453,0.531
2908.77,2.733,0.467,2.185
2909.28,2.783,0.453,2.185
2909.82,2.705,0.453,0.531
2910.33,2.733,0.467,2.185
2910.83,2.799,0.453,2.185
2911.36,2.705,0.453,0.531
2911.87,2.733,0.467,2.185
2912.38,2.705,0.453,0.531
2912.9,2.705,0.453,2.185
2913.41,2.758,0.467,2.185
2913.97,2.705,0.453,0.531
2914.48,2.733,0.453,2.185
2914.99,2.705,0.597,2.185
2915.51,2.705,0.564,1.185
2916.02,2.733,0.467,2.185
2916.53,2.705,0.453,0.531
2917.04,2.769,0.453,2.185
2917.55,2.705,0.453,2.185
2918.06,2.705,0.453,0.531
2918.57,2.731,0.752,2.183
2919.11,2.705,0.453,0.531
2919.62,2.719,0.467,2.185
2920.13,2.718,0.453,0.531
2920.64,2.746,0.453,2.187
2921.14,2.746,0.453,0.531
2921.66,2.746,0.453,0.531
2922.17,2.768,0.453,2.185
2922.67,2.705,0.557,2.185
2923.18,2.705,0.453,2.181
2923.69,2.735,0.453,2.185
2924.21,2.705,0.621,2.185
2924.74,2.705,0.453,0.531
2925.24,2.718,0.453,2.185
2925.77,2.705,0.453,0.531
2926.28,2.705,0.535,2.185
2926.79,2.716,1.092,2.185
2927.3,2.705,0.453,0.531
2927.81,2.719,0.467,2.185
2928.32,2.718,0.58,1.185
2928.84,2.718,0.453,2.185
2929.35,2.733,0.467,2.185
2929.86,2.705,0.464,2.185
2930.37,2.743,0.453,2.181
2930.92,2.705,0.453,0.531
2931.43,2.733,0.467,2.185
2931.94,2.705,0.487,2.187
2932.45,2.705,0.453,2.181
2932.96,2.705,0.453,0.531
2933.47,2.733,0.467,2.185
2933.98,2.705,0.55,1.185
2934.49,2.746,0.453,2.185
2935.01,2.705,0.453,2.185
2935.52,2.784,0.453,2.185
2936.05,2.705,0.453,0.531
2936.56,2.733,0.467,2.185
2937.07,2.705,0.466,2.185
2937.6,2.705,0.453,0.531
2938.11,2.733,0.467,2.185
2938.62,2.705,0.462,2.185
2939.14,2.705,0.453,2.181
2939.65,2.705,0.453,2.185
2940.16,2.718,0.453,2.185
2940.67,2.771,0.467,2.185
2941.2,2.705,0.453,0.531
2941.71,2.803,0.465,2.185
2942.22,2.718,0.453,2.185
2942.73,2.771,0.467,2.185
2943.26,2.705,0.453,0.531
2943.76,2.705,0.463,2.185
2944.28,2.733,0.467,2.185
2944.79,2.79,0.462,2.185
2945.3,2.705,0.453,0.531
2945.81,2.733,0.467,2.185
2946.32,2.828,0.453,2.185
2946.84,2.718,0.453,2.181
2947.34,2.705,0.453,2.185
2947.85,2.733,0.467,2.185
2948.37,2.787,0.453,2.185
2948.9,2.705,0.453,2.181
2949.41,2.733,0.467,2.185
2949.91,2.718,0.462,2.185
2950.46,2.705,0.453,0.531
2950.96,2.705,0.453,0.531
2951.47,2.733,0.467,2.185
2951.98,2.705,0.483,2.185
2952.5,2.705,0.453,2.181
2953.01,2.705,0.453,2.185
2953.52,2.705,0.453,0.531
2954.03,2.718,0.453,2.185
2954.54,2.73,0.467,2.185
2955.07,2.718,0.453,0.531
2955.58,2.734,0.467,2.185
2956.09,2.799,0.453,2.185
2956.61,2.705,0.453,0.531
2957.12,2.783,0.453,2.185
2957.63,2.705,0.453,0.531
2958.14,2.734,0.467,2.185
2958.65,2.705,0.472,2.185
2959.17,2.705,0.453,2.181
2959.68,2.705,0.453,0.531
2960.26,2.705,0.468,2.185
2960.78,2.718,0.58,2.185
2961.28,2.747,0.453,2.181
2961.79,2.809,0.453,2.185
2962.3,2.718,0.604,2.185
2962.83,2.719,0.453,0.531
2963.34,2.706,0.453,2.185
2963.85,2.788,0.467,2.185
2964.37,2.706,0.453,0.531
2964.89,2.789,0.453,2.185
2965.4,2.706,0.546,2.185
2965.91,2.706,0.466,0.531
2966.44,2.79,0.453,2.185
2966.95,2.779,0.453,2.185
2967.45,2.706,0.541,1.185
2967.97,2.79,0.453,2.185
2968.47,2.757,0.521,2.185
2968.99,2.706,0.453,0.531
2969.49,2.706,0.453,2.185
2970.0,2.788,0.467,2.185
2970.55,2.706,0.453,0.531
2971.06,2.734,0.467,2.185
2971.57,2.816,0.453,2.185
2972.09,2.706,0.453,2.181
2972.6,2.706,0.453,2.185
2973.11,2.706,0.453,2.185
2973.62,2.796,0.467,2.185
2974.16,2.719,0.453,0.531
2974.66,2.706,0.491,2.185
2975.17,2.706,0.453,2.181
2975.68,2.706,0.453,0.531
2976.25,2.769,0.453,2.185
2976.76,2.706,0.453,2.185
2977.27,2.73,0.453,2.181
2977.79,2.706,0.453,0.531
2978.3,2.72,0.467,2.185
2978.81,2.706,0.453,2.185
2979.32,2.706,0.453,0.531
2979.82,2.719,0.453,2.185
2980.33,2.719,0.453,0.531
2980.84,2.719,0.453,0.531
2981.36,2.719,0.453,0.531
2981.92,2.719,0.453,0.531
2982.43,2.719,0.818,2.181
2982.98,2.719,0.453,0.531
2983.49,2.719,0.563,1.185
2984.01,2.719,0.453,0.531
2984.62,2.719,0.453,0.531
2985.18,2.719,0.453,0.531
2985.69,2.719,0.453,0.531
2986.2,2.719,0.453,0.531
2986.77,2.719,1.086,1.372
2987.28,2.719,0.453,0.531
2987.85,2.719,0.617,1.185
2988.37,2.72,0.467,2.185
2988.87,2.719,0.453,0.531
2989.44,2.719,0.453,2.185
2989.95,2.731,0.467,2.185
2990.46,2.719,0.453,0.531
2990.97,2.734,0.467,2.185
2991.48,2.734,0.467,2.185
2991.98,2.706,0.453,0.531
2992.49,2.734,0.467,2.185
2993.0,2.706,0.475,2.185
2993.51,2.722,0.453,2.181
2994.02,2.706,0.453,0.531
2994.58,2.734,0.467,2.185
2995.09,2.706,0.453,2.185
2995.6,2.706,0.453,2.181
2996.11,2.706,0.453,2.185
2996.62,2.706,0.453,2.185
2997.13,2.731,0.453,2.181
2997.64,2.706,0.453,0.531
2998.15,2.706,0.453,2.185
2998.66,2.719,0.467,2.185
2999.21,2.706,0.453,0.531
2999.71,2.735,0.467,2.185
3000.22,2.706,0.494,2.185
3000.76,2.706,0.453,2.181
3001.27,2.706,0.477,2.185
3001.78,2.786,0.481,2.185
3002.3,2.706,0.453,2.181
3002.81,2.778,0.453,2.185
3003.32,2.707,0.563,1.185
3003.85,2.753,0.453,2.185
3004.36,2.707,0.593,2.185
3004.9,2.707,0.453,0.531
3005.42,2.735,0.467,2.185
3005.92,2.707,0.453,2.181
3006.43,2.778,0.453,2.185
3006.94,2.72,0.453,2.181
3007.45,2.707,0.453,0.531
3008.01,2.721,0.467,2.185
3008.52,2.773,0.467,2.185
3009.03,2.707,0.453,0.531
3009.54,2.707,0.453,2.181
3010.05,2.707,0.453,2.185
3010.56,2.707,0.453,2.185
3011.08,2.707,0.453,2.181
3011.59,2.748,0.457,2.185
3012.1,2.707,0.571,2.185
3012.62,2.748,0.482,2.181
3013.13,2.752,0.453,2.187
3013.64,2.732,0.453,2.181
3014.15,2.707,0.453,0.531
3014.66,2.72,0.453,2.185
3015.17,2.707,0.453,0.531
3015.68,2.735,0.467,2.185
3016.19,2.707,0.453,0.531
3016.7,2.707,0.453,2.185
3017.21,2.707,0.453,0.531
3017.73,2.707,0.458,2.185
3018.24,2.707,0.453,0.531
3018.75,2.805,0.465,2.185
3019.27,2.707,0.453,0.531
3019.78,2.707,0.453,2.185
3020.29,2.799,0.467,2.185
3020.83,2.707,0.453,0.531
3021.34,2.788,0.453,2.185
3021.85,2.707,0.569,2.185
3022.37,2.707,0.453,0.531
3022.88,2.735,0.467,2.185
3023.39,2.773,0.467,2.185
3023.91,2.707,0.453,0.531
3024.42,2.806,0.453,2.185
3024.92,2.748,0.453,2.185
3025.43,2.748,0.453,0.531
3025.94,2.707,0.453,2.185
3026.45,2.721,0.467,2.185
3026.96,2.79,0.453,2.185
3027.47,2.732,0.453,2.181
3028.03,2.707,0.453,0.531
3028.54,2.781,0.453,2.185
3029.05,2.707,0.453,2.185
3029.56,2.773,0.467,2.185
3030.09,2.707,0.453,0.531
3030.6,2.735,0.467,2.187
3031.11,2.707,0.493,2.185
3031.62,2.707,0.453,0.531
3032.13,2.735,0.467,2.185
3032.63,2.83,0.453,2.185
3033.14,2.707,0.453,2.181
3033.64,2.707,0.457,2.185
3034.15,2.707,0.453,2.185
3034.66,2.777,0.467,2.185
3035.17,2.707,0.453,0.531
3035.68,2.707,0.524,2.185
3036.19,2.733,0.453,2.185
3036.69,2.773,0.467,2.185
3037.2,2.707,0.453,0.531
3037.71,2.792,0.468,2.185
3038.22,2.707,0.453,2.181
3038.73,2.805,0.464,2.185
3039.24,2.707,0.453,2.185
3039.75,2.799,0.467,2.185
3040.26,2.707,0.453,0.531
3040.77,2.735,0.467,2.185
3041.28,2.707,0.477,2.185
3041.79,2.707,0.453,2.181
3042.29,2.707,0.478,2.185
3042.8,2.707,0.453,2.185
3043.31,2.79,0.467,2.185
3043.83,2.707,0.453,0.531
3044.33,2.735,0.453,2.185
3044.84,2.707,0.505,2.185
3045.35,2.707,0.453,2.181
3045.86,2.707,0.453,2.185
3046.37,2.713,0.453,2.185
3046.88,2.75,0.467,2.185
3047.39,2.749,0.453,0.531
3047.9,2.707,0.453,2.185
3048.41,2.789,0.453,2.185
3048.95,2.707,0.453,0.531
3049.46,2.733,0.453,2.185
3049.97,2.774,0.467,2.185
3050.48,2.707,0.453,0.531
3050.99,2.707,0.464,2.185
3051.5,2.707,0.453,2.181
3052.03,2.72,0.453,0.531
3052.55,2.791,0.468,2.185
3053.06,2.79,0.453,2.185
3053.58,2.707,0.453,2.181
3054.08,2.707,0.548,2.185
3054.59,2.707,0.453,2.181
3055.11,2.708,0.469,2.185
3055.63,2.708,0.453,2.187
3056.15,2.708,0.453,0.531
3056.66,2.736,0.467,2.187
3057.17,2.842,0.453,2.185
3057.67,2.708,0.453,2.181
3058.18,2.708,0.453,0.531
3058.69,2.736,0.467,2.187
3059.2,2.802,0.453,2.185
3059.71,2.708,0.453,0.531
3060.22,2.708,0.453,2.185
3060.73,2.708,0.453,2.181
3061.23,2.793,0.453,2.185
3061.74,2.733,0.453,2.181
3062.25,2.708,0.462,2.185
3062.76,2.828,0.453,2.185
3063.28,2.708,0.453,0.531
3063.78,2.736,0.467,2.185
3064.29,2.802,0.463,2.185
3064.8,2.708,0.453,2.181
3065.31,2.708,0.453,2.185
3065.82,2.708,0.539,1.185
3066.33,2.708,0.453,2.185
3066.84,2.708,0.453,2.185
3067.35,2.764,0.467,2.185
3067.9,2.708,0.453,0.531
3068.41,2.736,0.467,2.185
3068.93,2.708,0.466,2.185
3069.46,2.708,0.453,0.531
3069.97,2.736,0.467,2.187
3070.48,2.79,0.453,2.185
3070.99,2.708,0.453,0.531
3071.5,2.708,0.493,2.185
3072.01,2.708,0.453,2.181
3072.52,2.708,0.453,0.531
3073.08,2.736,0.467,2.185
3073.59,2.708,0.5,2.185
3074.1,2.708,0.453,2.181
3074.61,2.708,0.453,2.185
3075.12,2.712,0.453,2.187
3075.63,2.79,0.467,2.185
3076.13,2.749,0.453,2.181
3076.64,2.708,0.453,2.185
3077.14,2.736,0.467,2.185
3077.65,2.708,0.453,0.531
3078.16,2.793,0.462,2.185
3078.67,2.708,0.453,0.531
3079.18,2.721,0.453,2.185
3079.69,2.721,0.453,0.531
3080.28,2.721,0.453,0.531
3080.79,2.721,0.453,0.531
3081.32,2.721,0.453,0.531
3081.83,2.721,0.701,1.185
3082.34,2.721,0.453,0.531
3082.87,2.721,0.453,0.531
3083.37,2.721,0.453,0.531
3083.98,2.721,0.453,0.531
3084.48,2.721,0.453,0.531
3085.06,2.721,0.453,0.531
3085.63,2.721,0.453,0.531
3086.14,2.721,0.482,2.181
3086.64,2.721,0.453,0.531
3087.26,2.721,0.453,0.531
3087.77,2.721,0.453,0.531
3088.28,2.722,0.467,2.185
3088.79,2.721,0.453,0.531
3089.29,2.784,0.453,2.185
3089.8,2.721,0.453,2.181
3090.3,2.721,0.453,2.185
3090.81,2.721,0.453,2.185
3091.32,2.815,0.453,2.185
3091.83,2.708,0.453,2.181
3092.34,2.708,0.453,2.185
3092.85,2.721,0.453,2.185
3093.36,2.774,0.453,2.185
3093.89,2.708,0.453,0.531
3094.4,2.721,0.453,2.185
3094.91,2.814,0.467,2.185
3095.43,2.708,0.453,0.531
3095.95,2.737,0.467,2.185
3096.46,2.832,0.464,2.185
3097.0,2.708,0.546,1.185
3097.51,2.708,0.458,2.185
3098.03,2.708,0.453,2.185
3098.54,2.708,0.453,2.181
3099.08,2.721,0.453,0.531
3099.59,2.721,0.453,2.181
3100.1,2.708,0.453,2.187
3100.61,2.737,0.467,2.185
3101.12,2.831,0.453,2.185
3101.63,2.708,0.453,0.531
3102.15,2.737,0.467,2.185
3102.66,2.737,0.467,2.185
3103.18,2.709,0.453,0.531
3103.7,2.737,0.453,2.185
3104.21,2.709,0.583,2.185
3104.75,2.709,0.453,0.531
3105.26,2.737,0.467,2.185
3105.82,2.709,0.453,0.531
3106.33,2.709,0.453,2.185
3106.86,2.709,0.466,0.531
3107.37,2.737,0.453,2.187
3107.88,2.709,0.453,2.181
3108.39,2.709,0.453,0.531
3108.9,2.709,0.453,2.185
3109.41,2.727,0.453,2.181
3109.92,2.709,0.526,2.185
3110.44,2.709,0.497,2.185
3110.96,2.709,0.453,0.531
3111.47,2.737,0.467,2.185
3112.04,2.709,0.453,0.531
3112.55,2.709,0.453,2.185
3113.05,2.709,0.453,2.181
3113.57,2.709,0.465,2.185
3114.08,2.791,0.453,2.185
3114.62,2.709,0.453,0.531
3115.13,2.709,0.453,2.185
3115.64,2.709,0.453,2.181
3116.15,2.709,0.465,2.185
3116.67,2.709,0.539,1.185
3117.18,2.737,0.467,2.185
3117.69,2.709,0.453,0.531
3118.21,2.709,0.536,2.185
3118.72,2.709,0.453,0.531
3119.24,2.709,0.518,2.185
3119.75,2.709,0.453,0.531
3120.26,2.709,0.462,2.185
3120.77,2.709,0.453,2.181
3121.27,2.78,0.453,2.185
3121.78,2.709,0.582,2.185
3122.29,2.709,0.453,2.181
3122.8,2.737,0.453,2.185
3123.31,2.709,0.501,2.185
3123.84,2.709,0.453,0.531
3124.36,2.751,0.467,2.185
3124.86,2.709,0.499,2.185
3125.37,2.709,0.453,0.531
3125.88,2.709,0.453,2.185
3126.39,2.762,0.467,2.185
3126.9,2.709,0.453,0.531
3127.41,2.737,0.467,2.185
3127.91,2.709,0.453,0.531
3128.43,2.709,0.482,2.181
3128.94,2.722,0.453,0.531
3129.51,2.723,0.467,2.185
3130.02,2.709,0.453,2.185
3130.53,2.747,0.467,2.185
3131.05,2.709,0.453,0.531
3131.56,2.735,0.525,2.185
3132.07,2.747,0.525,2.185
3132.61,2.709,0.453,0.531
3133.12,2.737,0.467,2.185
3133.62,2.822,0.453,2.185
3134.13,2.716,0.453,2.181
3134.64,2.709,0.453,0.531
3135.15,2.737,0.467,2.185
3135.66,2.709,0.453,0.531
3136.17,2.723,0.467,2.185
3136.68,2.709,0.464,2.185
3137.2,2.722,0.453,0.531
3137.71,2.709,0.453,2.185
3138.22,2.709,0.453,2.181
3138.73,2.709,0.453,2.185
3139.24,2.709,0.453,2.185
3139.75,2.815,0.467,2.185
3140.25,2.709,0.453,0.531
3140.76,2.802,0.453,2.185
3141.27,2.722,0.453,2.185
3141.78,2.734,0.752,2.185
3142.33,2.751,0.453,0.531
3142.84,2.752,0.467,2.187
3143.35,2.752,0.467,2.185
3143.86,2.751,0.453,0.531
3144.38,2.738,0.467,2.185
3144.89,2.807,0.453,2.185
3145.4,2.709,0.453,2.181
3145.91,2.709,0.522,2.187
3146.43,2.709,0.453,2.185
3146.94,2.738,0.467,2.185
3147.44,2.709,0.566,0.631
3147.96,2.794,0.453,2.185
3148.47,2.738,0.467,2.185
3148.98,2.71,0.453,0.531
3149.5,2.738,0.467,2.185
3150.01,2.71,0.453,0.531
3150.52,2.723,0.453,2.185
3151.03,2.735,0.467,2.185
3151.55,2.723,0.453,0.531
3152.06,2.723,0.453,0.531
3152.57,2.769,0.453,2.185
3153.07,2.723,0.583,2.185
3153.58,2.723,0.453,2.181
3154.09,2.789,0.453,2.185
3154.6,2.71,0.453,2.181
3155.1,2.71,0.466,2.185
3155.62,2.789,0.453,2.185
3156.13,2.71,0.453,2.181
3156.68,2.71,0.453,0.531
3157.19,2.802,0.453,2.185
3157.7,2.71,0.453,2.185
3158.21,2.738,0.467,2.185
3158.72,2.71,0.453,0.531
3159.23,2.787,0.453,2.185
3159.74,2.808,0.462,2.185
3160.25,2.751,0.453,2.181
3160.76,2.71,0.453,2.185
3161.27,2.723,0.453,2.185
3161.78,2.766,0.467,2.185
3162.29,2.71,0.453,2.185
3162.8,2.71,0.453,2.185
3163.31,2.71,0.453,2.181
3163.84,2.71,0.453,0.531
3164.35,2.787,0.453,2.185
3164.86,2.71,0.527,2.185
3165.37,2.71,0.453,0.531
3165.88,2.738,0.467,2.185
3166.39,2.71,0.506,2.185
3166.9,2.71,0.453,2.181
3167.41,2.71,0.529,2.185
3167.92,2.736,0.453,2.185
3168.43,2.716,0.453,2.181
3169.0,2.71,0.453,0.531
3169.51,2.782,0.453,2.185
3170.01,2.71,0.453,2.185
3170.53,2.748,0.467,2.185
3171.07,2.71,0.453,0.531
3171.58,2.762,0.453,2.185
3172.09,2.71,0.453,2.185
3172.6,2.792,0.467,2.185
3173.11,2.71,0.453,0.531
3173.62,2.738,0.467,2.185
3174.13,2.71,0.453,2.185
3174.64,2.779,0.467,2.185
3175.15,2.71,0.453,0.531
3175.66,2.71,0.472,2.185
3176.17,2.722,0.453,2.185
3176.68,2.814,0.467,2.185
3177.21,2.71,0.453,0.531
3177.72,2.71,0.453,2.185
3178.23,2.78,0.467,2.185
3178.75,2.71,0.453,0.531
3179.26,2.805,0.453,2.185
3179.77,2.71,0.453,2.185
3180.28,2.71,0.453,0.531
3180.78,2.71,0.453,0.531
3181.3,2.71,0.453,2.181
3181.83,2.71,0.453,0.531
3182.35,2.71,0.453,0.531
3182.86,2.71,0.453,0.531
3183.38,2.71,0.453,0.531
3183.93,2.71,0.453,0.531
3184.49,2.71,0.453,0.531
3185.05,2.71,0.453,0.531
3185.6,2.71,0.453,0.531
3186.11,2.71,0.453,0.531
3186.69,2.71,0.566,0.732
3187.25,2.71,0.453,0.531
3187.76,2.71,0.453,0.531
3188.33,2.71,0.453,2.181
3188.84,2.723,0.453,0.531
3189.35,2.724,0.467,2.185
3189.86,2.723,0.453,0.531
3190.37,2.795,0.462,2.185
3190.88,2.736,0.453,2.185
3191.39,2.738,0.467,2.185
3191.89,2.71,0.482,2.181
3192.4,2.723,0.457,2.185
3192.91,2.723,0.453,2.185
3193.42,2.738,0.526,2.185
3193.95,2.71,0.453,0.531
3194.46,2.738,0.467,2.185
3194.97,2.738,0.467,2.185
3195.48,2.71,0.453,0.531
3195.99,2.71,0.466,2.185
3196.5,2.71,0.453,2.185
3197.01,2.71,0.453,2.181
3197.52,2.71,0.453,2.185
3198.03,2.71,0.453,2.185
3198.54,2.805,0.467,2.185
3199.05,2.752,0.65,1.185
3199.57,2.723,0.453,2.185
3200.08,2.71,0.453,2.185
3200.59,2.71,0.453,0.531
3201.1,2.738,0.467,2.185
3201.61,2.792,0.453,2.185
3202.13,2.71,0.453,0.531
3202.64,2.753,0.467,2.185
3203.14,2.71,0.462,2.185
3203.68,2.752,0.453,0.531
3204.18,2.711,0.453,2.185
3204.7,2.711,0.453,2.181
3205.21,2.777,0.453,2.185
3205.72,2.711,0.453,2.181
3206.22,2.752,0.453,2.185
3206.73,2.752,0.453,2.181
3207.24,2.752,0.453,2.185
3207.75,2.711,0.453,2.185
3208.26,2.791,0.467,2.185
3208.77,2.711,0.453,2.185
3209.27,2.807,0.469,2.185
3209.81,2.711,0.453,0.531
3210.32,2.739,0.467,2.185
3210.83,2.781,0.467,2.185
3211.38,2.711,0.453,0.531
3211.89,2.711,0.453,2.185
3212.39,2.711,0.453,0.531
3212.9,2.739,0.467,2.185
3213.41,2.711,0.453,0.531
3213.98,2.711,0.453,2.181
3214.48,2.711,0.453,2.185
3214.99,2.711,0.453,2.181
3215.53,2.711,0.453,0.531
3216.04,2.739,0.467,2.185
3216.55,2.827,0.453,2.185
3217.07,2.711,0.453,0.531
3217.59,2.788,0.453,2.185
3218.09,2.711,0.453,2.185
3218.6,2.711,0.453,2.181
3219.11,2.711,0.453,2.185
3219.63,2.711,0.453,2.187
3220.13,2.782,0.467,2.185
3220.65,2.752,0.453,0.531
3221.16,2.752,0.453,0.531
3221.67,2.809,0.453,2.185
3222.18,2.711,0.453,0.531
3222.69,2.739,0.467,2.187
3223.19,2.711,0.453,2.187
3223.7,2.723,0.453,2.181
3224.21,2.711,0.453,0.531
3224.78,2.778,0.453,2.185
3225.29,2.711,0.453,2.185
3225.8,2.723,0.453,2.181
3226.31,2.711,0.453,2.185
3226.81,2.762,0.453,2.185
3227.32,2.752,0.453,2.181
3227.84,2.711,0.453,2.185
3228.34,2.724,0.453,2.185
3228.85,2.711,0.453,2.181
3229.38,2.711,0.453,2.185
3229.89,2.724,0.453,2.185
3230.4,2.711,0.453,2.181
3230.91,2.711,0.453,2.185
3231.42,2.724,0.453,2.185
3231.93,2.804,0.467,2.185
3232.45,2.711,0.453,0.531
3232.96,2.739,0.467,2.185
3233.47,2.711,0.468,2.185
3234.0,2.711,0.482,2.181
3234.51,2.779,0.453,2.187
3235.02,2.727,0.525,2.185
3235.58,2.711,0.453,0.531
3236.09,2.739,0.467,2.185
3236.6,2.82,0.463,2.185
3237.13,2.711,0.482,2.181
3237.64,2.711,0.476,2.187
3238.15,2.711,0.453,2.185
3238.66,2.711,0.453,0.531
3239.19,2.725,0.467,2.185
3239.7,2.711,0.453,2.185
3240.21,2.724,0.453,0.531
3240.72,2.796,0.453,2.185
3241.23,2.724,0.581,2.185
3241.74,2.777,0.467,2.185
3242.25,2.711,0.482,2.181
3242.75,2.711,0.453,2.185
3243.26,2.739,0.467,2.185
3243.77,2.799,0.453,2.185
3244.29,2.711,0.453,0.531
3244.8,2.771,0.453,2.185
3245.3,2.724,0.552,2.185
3245.82,2.711,0.453,0.531
3246.33,2.739,0.467,2.185
3246.84,2.769,0.453,2.185
3247.34,2.711,0.453,0.531
3247.86,2.739,0.467,2.185
3248.36,2.778,0.467,2.185
3248.89,2.711,0.453,0.531
3249.41,2.711,0.457,2.185
3249.92,2.711,0.453,0.531
3250.43,2.724,0.453,2.185
3250.94,2.746,0.467,2.181
3251.45,2.724,0.535,2.185
3251.96,2.803,0.453,2.185
3252.48,2.711,0.453,0.531
3252.99,2.784,0.453,2.187
3253.5,2.711,0.453,2.185
3254.01,2.711,0.453,2.181
3254.57,2.711,0.453,0.531
3255.08,2.711,0.518,2.185
3255.59,2.725,0.467,2.185
3256.12,2.724,0.453,0.531
3256.63,2.725,0.467,2.185
3257.14,2.724,0.453,0.531
3257.64,2.74,0.467,2.185
3258.15,2.781,0.453,2.185
3258.67,2.712,0.453,0.531
3259.18,2.804,0.453,2.185
3259.69,2.794,0.453,2.185
3260.2,2.712,0.453,2.181
3260.72,2.712,0.453,0.531
3261.23,2.796,0.453,2.185
3261.74,2.712,0.453,2.185
3262.25,2.712,0.453,2.181
3262.81,2.712,0.453,0.531
3263.32,2.712,0.453,2.185
3263.83,2.794,0.467,2.185
3264.34,2.712,0.453,0.531
3264.85,2.74,0.467,2.185
3265.36,2.725,0.461,2.187
3265.87,2.737,0.453,2.181
3266.39,2.712,0.453,0.531
3266.9,2.739,0.453,2.185
3267.4,2.725,0.453,2.181
3267.96,2.725,0.453,0.531
3268.47,2.725,0.453,2.181
3269.02,2.712,0.453,0.531
3269.53,2.74,0.467,2.185
3270.04,2.794,0.467,2.185
3270.59,2.712,0.453,0.531
3271.1,2.783,0.453,2.185
3271.6,2.753,0.453,2.185
3272.11,2.787,0.467,2.185
3272.62,2.725,0.608,1.185
3273.13,2.712,0.474,2.187
3273.64,2.712,0.453,2.185
3274.15,2.74,0.467,2.185
3274.69,2.753,0.453,0.531
3275.2,2.774,0.453,2.185
3275.7,2.712,0.453,2.185
3276.21,2.74,0.467,2.185
3276.72,2.712,0.453,0.531
3277.23,2.726,0.467,2.185
3277.74,2.725,0.482,2.181
3278.25,2.726,0.467,2.185
3278.76,2.725,0.453,0.531
3279.27,2.725,0.453,0.531
3279.8,2.725,0.453,0.531
3280.31,2.725,0.453,0.531
3280.88,2.725,0.453,0.531
3281.39,2.725,0.453,0.531
3281.9,2.725,0.453,0.531
3282.41,2.725,0.453,0.531
3283.03,2.725,0.453,0.531
3283.58,2.725,0.453,0.531
3284.15,2.725,0.453,0.531
3284.67,2.725,0.482,2.181
3285.18,2.725,0.453,0.531
3285.76,2.725,0.453,0.531
3286.32,2.725,0.453,0.531
3286.86,2.725,0.453,0.531
3287.37,2.725,0.466,2.185
3287.88,2.725,0.453,2.185
3288.39,2.796,0.453,2.185
3288.89,2.718,0.453,2.181
3289.4,2.753,0.453,2.185
3289.91,2.712,0.453,2.185
3290.42,2.803,0.467,2.185
3290.93,2.712,0.453,0.531
3291.45,2.74,0.453,2.185
3291.96,2.725,0.453,2.185
3292.46,2.792,0.467,2.185
3292.97,2.712,0.453,0.531
3293.48,2.795,0.453,2.187
3293.99,2.725,0.453,2.187
3294.5,2.75,0.453,2.181
3295.02,2.712,0.453,0.531
3295.53,2.804,0.453,2.185
3296.04,2.712,0.453,2.185
3296.55,2.74,0.467,2.185
3297.09,2.712,0.453,0.531
3297.6,2.712,0.453,2.185
3298.11,2.79,0.467,2.185
3298.62,2.712,0.453,0.531
3299.13,2.753,0.526,2.185
3299.64,2.712,0.453,2.185
3300.14,2.753,0.467,2.185
3300.65,2.712,0.453,0.531
3301.16,2.74,0.467,2.185
3301.67,2.795,0.462,2.185
3302.2,2.725,0.482,2.181
3302.71,2.78,0.453,2.185
3303.21,2.712,0.477,2.185
3303.74,2.712,0.453,0.531
3304.25,2.74,0.467,2.185
3304.76,2.81,0.464,2.185
3305.27,2.712,0.453,2.181
3305.78,2.712,0.453,2.185
3306.29,2.725,0.453,2.185
3306.8,2.783,0.467,2.185
3307.31,2.712,0.453,0.531
3307.82,2.726,0.467,2.185
3308.33,2.725,0.453,0.531
3308.84,2.712,0.559,2.185
3309.35,2.712,0.453,2.181
3309.86,2.798,0.453,2.185
3310.37,2.782,0.453,2.185
3310.89,2.725,0.453,2.181
3311.4,2.712,0.453,0.531
3311.91,2.741,0.467,2.185
3312.42,2.794,0.467,2.185
3312.96,2.712,0.453,0.531
3313.47,2.771,0.453,2.185
3313.97,2.712,0.479,2.185
3314.48,2.712,0.453,0.531
3314.99,2.741,0.467,2.185
3315.52,2.712,0.453,0.531
3316.02,2.741,0.526,2.185
3316.54,2.712,0.453,0.531
3317.05,2.712,0.453,0.531
3317.57,2.741,0.467,2.187
3318.08,2.741,0.467,2.185
3318.6,2.713,0.453,0.531
3319.11,2.741,0.467,2.185
3319.61,2.741,0.467,2.185
3320.18,2.713,0.453,0.531
3320.69,2.741,0.467,2.185
3321.2,2.808,0.453,2.185
3321.72,2.713,0.453,0.531
3322.23,2.741,0.467,2.185
3322.74,2.841,0.453,2.185
3323.27,2.713,0.453,2.181
3323.78,2.713,0.453,2.185
3324.29,2.713,0.453,2.185
3324.79,2.769,0.467,2.185
3325.31,2.713,0.453,0.531
3325.83,2.741,0.467,2.185
3326.33,2.713,0.5,2.185
3326.87,2.713,0.453,0.531
3327.38,2.713,0.456,2.187
3327.9,2.713,0.453,2.185
3328.41,2.82,0.467,2.185
3328.92,2.713,0.453,0.531
3329.43,2.713,0.566,0.732
3329.94,2.713,0.453,2.185
3330.45,2.739,0.695,2.185
3330.97,2.741,0.453,2.185
3331.48,2.754,0.453,2.181
3331.99,2.754,0.515,2.185
3332.51,2.713,0.453,2.185
3333.02,2.713,0.453,2.181
3333.53,2.713,0.453,2.185
3334.04,2.713,0.453,2.185
3334.56,2.713,0.453,2.181
3335.07,2.713,0.51,2.185
3335.59,2.713,0.453,2.181
3336.1,2.713,0.453,0.531
3336.68,2.764,0.467,2.185
3337.19,2.793,0.453,2.185
3337.72,2.713,0.482,2.181
3338.23,2.727,0.467,2.185
3338.74,2.726,0.453,0.531
3339.25,2.786,0.453,2.185
3339.76,2.726,0.453,0.531
3340.27,2.726,0.453,2.185
3340.78,2.767,0.467,2.185
3341.29,2.754,0.55,1.185
3341.8,2.726,0.483,2.187
3342.31,2.726,0.453,2.181
3342.85,2.726,0.453,0.531
3343.37,2.798,0.467,2.185
3343.89,2.713,0.453,0.531
3344.4,2.791,0.453,2.185
3344.91,2.795,0.453,2.187
3345.42,2.774,0.467,2.185
3345.96,2.713,0.453,0.531
3346.47,2.713,0.453,0.531
3346.98,2.727,0.467,2.185
3347.49,2.726,0.453,0.531
3348.01,2.743,0.453,2.185
3348.52,2.713,0.453,0.531
3349.05,2.727,0.467,2.185
3349.55,2.726,0.453,0.531
3350.06,2.766,0.453,2.185
3350.57,2.795,0.518,2.185
3351.09,2.713,0.453,2.181
3351.6,2.713,0.453,2.185
3352.11,2.741,0.467,2.185
3352.62,2.727,0.467,2.185
3353.14,2.726,0.453,0.531
3353.65,2.741,0.453,2.185
3354.16,2.713,0.453,2.185
3354.67,2.739,0.453,2.181
3355.21,2.713,0.453,0.531
3355.72,2.757,0.453,2.185
3356.23,2.739,0.533,2.185
3356.78,2.713,0.453,2.181
3357.29,2.773,0.453,2.185
3357.79,2.811,0.453,2.185
3358.33,2.713,0.482,2.181
3358.84,2.713,0.526,2.185
3359.35,2.713,0.453,2.185
3359.86,2.783,0.467,2.185
3360.36,2.713,0.535,1.185
3360.88,2.713,0.488,2.185
3361.39,2.713,0.453,2.185
3361.9,2.726,0.453,2.181
3362.45,2.713,0.453,0.531
3362.96,2.741,0.467,2.185
3363.47,2.713,0.453,2.181
3364.0,2.713,0.453,0.531
3364.51,2.741,0.467,2.185
3365.02,2.713,0.512,2.185
3365.53,2.713,0.453,2.181
3366.04,2.713,0.516,2.185
3366.55,2.713,0.453,2.185
3367.06,2.763,0.467,2.185
3367.56,2.755,0.453,0.531
3368.08,2.786,0.453,2.185
3368.59,2.713,0.483,2.187
3369.11,2.713,0.453,0.531
3369.62,2.741,0.467,2.185
3370.12,2.8,0.453,2.185
3370.63,2.755,0.453,2.181
3371.15,2.713,0.453,0.531
3371.66,2.811,0.463,2.185
3372.18,2.713,0.453,2.185
3372.68,2.78,0.467,2.185
3373.19,2.713,0.453,2.181
3373.7,2.713,0.453,0.531
3374.27,2.713,0.462,2.185
3374.79,2.713,0.453,2.187
3375.29,2.713,0.453,0.531
3375.8,2.713,0.453,2.185
3376.31,2.713,0.453,0.531
3376.82,2.727,0.467,2.185
3377.32,2.726,0.552,1.185
3377.86,2.726,0.453,0.531
3378.4,2.726,0.453,0.531
3378.95,2.726,0.453,0.531
3379.46,2.726,0.541,1.185
3379.97,2.726,0.482,2.181
3380.54,2.726,0.453,0.531
3381.06,2.726,0.566,0.682
3381.57,2.726,0.453,0.531
3382.13,2.726,0.453,0.531
3382.69,2.726,0.453,0.531
3383.2,2.726,0.453,2.185
3383.76,2.73,0.453,0.531
3384.27,2.729,0.552,1.185
3384.83,2.729,0.453,0.531
3385.35,2.729,0.453,0.531
3385.87,2.729,0.453,0.531
3386.38,2.729,0.453,2.185
3386.9,2.73,0.467,2.185
3387.41,2.729,0.453,2.181
3387.94,2.716,0.453,0.531
3388.45,2.79,0.453,2.185
3388.95,2.716,0.453,2.185
3389.46,2.821,0.467,2.185
3389.97,2.716,0.453,0.531
3390.48,2.754,0.453,2.185
3390.98,2.742,0.453,2.185
3391.5,2.716,0.453,2.181
3392.02,2.716,0.453,0.531
3392.53,2.744,0.467,2.185
3393.04,2.716,0.453,0.531
3393.54,2.808,0.453,2.185
3394.05,2.716,0.453,2.185
3394.56,2.724,0.453,2.181
3395.12,2.757,0.453,0.531
3395.63,2.795,0.453,2.185
3396.14,2.716,0.472,2.185
3396.65,2.757,0.467,2.185
3397.16,2.716,0.453,2.185
3397.67,2.744,0.467,2.185
3398.17,2.772,0.467,2.185
3398.68,2.716,0.453,0.531
3399.19,2.73,0.453,2.185
3399.69,2.729,0.453,0.531
3400.2,2.716,0.464,2.185
3400.71,2.729,0.453,2.185
3401.22,2.716,0.453,2.181
3401.73,2.716,0.465,2.185
3402.24,2.716,0.567,2.185
3402.77,2.757,0.482,2.181
3403.28,2.824,0.453,2.185
3403.79,2.757,0.453,2.181
3404.35,2.716,0.453,0.531
3404.86,2.716,0.469,2.185
3405.37,2.716,0.453,2.181
3405.88,2.716,0.453,0.531
3406.45,2.744,0.467,2.185
3406.96,2.716,0.466,2.185
3407.5,2.716,0.453,0.531
3408.01,2.744,0.467,2.185
3408.51,2.797,0.453,2.185
3409.06,2.716,0.453,0.531
3409.57,2.716,0.453,2.185
3410.07,2.821,0.467,2.185
3410.63,2.716,0.453,0.531
3411.14,2.716,0.453,2.181
3411.65,2.716,0.453,2.185
3412.16,2.716,0.566,1.185
3412.67,2.716,0.456,2.185
3413.18,2.716,0.482,2.181
3413.69,2.716,0.453,2.185
3414.2,2.744,0.467,2.185
3414.71,2.782,0.453,2.185
3415.22,2.716,0.564,1.185
3415.74,2.805,0.453,2.185
3416.24,2.716,0.536,2.185
3416.76,2.716,0.548,1.185
3417.28,2.73,0.467,2.185
3417.79,2.782,0.467,2.185
3418.3,2.716,0.453,0.531
3418.81,2.744,0.467,2.185
3419.32,2.716,0.453,0.531
3419.84,2.716,0.453,2.185
3420.34,2.737,0.639,2.185
3420.87,2.716,0.458,2.185
3421.38,2.716,0.453,2.185
3421.91,2.716,0.453,0.531
3422.42,2.733,0.695,2.185
3422.93,2.782,0.453,2.185
3423.44,2.716,0.453,0.531
3423.95,2.744,0.467,2.185
3424.46,2.812,0.453,2.185
3424.97,2.716,0.453,0.531
3425.48,2.716,0.453,0.531
3425.99,2.716,0.453,2.181
3426.5,2.729,0.453,2.185
3427.0,2.798,0.453,2.185
3427.53,2.729,0.482,2.181
3428.04,2.716,0.453,2.185
3428.55,2.716,0.453,2.185
3429.06,2.782,0.467,2.185
3429.59,2.716,0.453,0.531
3430.1,2.744,0.539,2.185
3430.61,2.837,0.453,2.185
3431.13,2.716,0.453,2.181
3431.64,2.729,0.453,2.187
3432.15,2.778,0.453,2.185
3432.66,2.716,0.453,2.181
3433.17,2.716,0.453,2.185
3433.67,2.716,0.453,2.185
3434.18,2.784,0.467,2.185
3434.69,2.716,0.453,2.185
3435.2,2.716,0.525,2.185
3435.71,2.716,0.453,2.181
3436.22,2.716,0.481,2.185
3436.73,2.716,0.471,2.185
3437.24,2.716,0.453,0.531
3437.75,2.773,0.453,2.185
3438.25,2.716,0.517,2.185
3438.78,2.716,0.453,2.181
3439.28,2.729,0.465,2.185
3439.79,2.716,0.453,2.185
3440.3,2.753,0.467,2.185
3440.81,2.716,0.667,0.732
3441.32,2.716,0.468,2.185
3441.83,2.744,0.467,2.185
3442.34,2.814,0.466,2.185
3442.85,2.716,0.453,0.531
3443.36,2.716,0.472,2.185
3443.88,2.716,0.453,2.181
3444.39,2.729,0.453,0.531
3444.9,2.744,0.467,2.185
3445.41,2.716,0.465,2.185
3445.92,2.716,0.453,2.181
3446.44,2.716,0.453,2.185
3446.95,2.744,0.467,2.185
3447.47,2.782,0.467,2.185
3447.98,2.716,0.453,0.531
3448.5,2.716,0.453,2.185
3449.01,2.73,0.467,2.185
3449.52,2.729,0.453,0.531
3450.03,2.73,0.467,2.185
3450.54,2.742,0.489,2.187
3451.05,2.728,0.453,2.181
3451.61,2.716,0.453,0.531
3452.12,2.805,0.453,2.185
3452.63,2.716,0.453,0.531
3453.14,2.8,0.455,2.187
3453.65,2.716,0.453,2.185
3454.15,2.729,0.453,0.531
3454.66,2.744,0.467,2.185
3455.17,2.772,0.467,2.185
3455.68,2.716,0.453,0.531
3456.2,2.772,0.453,2.185
3456.7,2.791,0.453,2.185
3457.21,2.718,0.453,2.181
3457.77,2.716,0.453,0.531
3458.28,2.809,0.453,2.185
3458.78,2.716,0.453,2.185
3459.29,2.735,0.695,2.185
3459.83,2.716,0.453,0.531
3460.33,2.744,0.527,2.185
3460.84,2.744,0.467,2.185
3461.35,2.716,0.617,0.682
3461.86,2.716,0.465,2.187
3462.37,2.716,0.453,2.185
3462.88,2.716,0.453,2.181
3463.45,2.716,0.453,0.531
3463.95,2.744,0.467,2.185
3464.46,2.716,0.469,2.185
3464.99,2.716,0.453,0.531
3465.49,2.814,0.466,2.185
3466.01,2.744,0.467,2.185
3466.52,2.716,0.453,0.531
3467.02,2.783,0.453,2.185
3467.53,2.716,0.476,2.185
3468.04,2.716,0.453,2.181
3468.55,2.716,0.453,2.185
3469.06,2.757,0.453,2.185
3469.57,2.809,0.467,2.185
3470.08,2.716,0.453,0.531
3470.59,2.803,0.453,2.185
3471.1,2.716,0.453,0.531
3471.61,2.811,0.453,2.185
3472.11,2.716,0.453,2.185
3472.62,2.744,0.467,2.185
3473.13,2.716,0.453,0.531
3473.64,2.814,0.465,2.185
3474.15,2.757,0.453,2.185
3474.65,2.786,0.467,2.185
3475.17,2.716,0.453,0.531
3475.68,2.716,0.462,2.185
3476.19,2.744,0.467,2.185
3476.75,2.716,0.453,0.531
3477.26,2.716,0.453,2.181
3477.8,2.729,0.453,0.531
3478.31,2.729,0.462,2.185
3478.82,2.729,0.453,0.531
3479.33,2.729,0.453,2.185
3479.84,2.73,0.467,2.185
3480.34,2.729,0.453,0.531
3480.85,2.729,0.579,1.185
3481.35,2.729,0.453,0.531
3481.87,2.729,0.453,0.531
3482.37,2.729,0.453,0.531
3482.9,2.729,0.453,0.531
3483.46,2.729,0.453,0.531
3483.97,2.729,0.482,2.181
3484.49,2.729,0.453,0.531
3485.04,2.729,0.453,0.531
3485.55,2.729,0.482,2.181
3486.11,2.729,0.453,0.531
3486.62,2.729,0.453,0.531
3487.12,2.729,0.453,0.531
3487.63,2.729,0.453,2.181
3488.14,2.729,0.453,0.531
3488.65,2.729,0.453,2.185
3489.17,2.729,0.453,0.531
3489.67,2.73,0.467,2.185
3490.18,2.716,0.47,2.185
3490.69,2.783,0.467,2.185
3491.2,2.716,0.453,0.531
3491.71,2.744,0.467,2.185
3492.22,2.729,0.495,2.187
3492.74,2.727,0.453,2.181
3493.25,2.716,0.453,0.531
3493.82,2.769,0.453,2.185
3494.32,2.742,0.453,2.185
3494.83,2.716,0.541,1.185
3495.35,2.716,0.5,2.185
3495.86,2.729,0.453,2.185
3496.37,2.754,0.467,2.185
3496.91,2.716,0.453,0.531
3497.43,2.801,0.453,2.185
3497.93,2.716,0.453,2.185
3498.44,2.804,0.467,2.185
3498.96,2.716,0.453,0.531
3499.47,2.745,0.453,2.185
3499.99,2.716,0.503,2.185
3500.5,2.716,0.453,0.531
3501.01,2.745,0.467,2.185
3501.52,2.798,0.467,2.185
3502.04,2.716,0.453,0.531
3502.56,2.814,0.466,2.185
3503.08,2.716,0.453,2.185
3503.59,2.749,0.467,2.181
3504.13,2.716,0.453,0.531
3504.64,2.759,0.467,2.185
3505.15,2.716,0.466,2.185
3505.67,2.716,0.453,0.531
3506.17,2.716,0.453,2.185
3506.69,2.745,0.467,2.185
3507.23,2.758,0.453,0.531
3507.74,2.745,0.467,2.185
3508.25,2.772,0.453,2.185
3508.78,2.716,0.453,0.531
3509.28,2.745,0.467,2.185
3509.79,2.745,0.467,2.185
3510.35,2.716,0.453,0.531
3510.87,2.745,0.467,2.185
3511.38,2.716,0.479,2.185
3511.92,2.716,0.453,0.531
3512.43,2.801,0.453,2.185
3512.94,2.716,0.453,0.531
3513.45,2.745,0.467,2.185
3513.98,2.716,0.453,0.531
3514.49,2.716,0.453,2.185
3515.01,2.716,0.482,2.181
3515.51,2.745,0.467,2.185
3516.02,2.716,0.541,1.185
3516.54,2.745,0.453,2.185
3517.05,2.716,0.503,2.185
3517.59,2.716,0.453,0.531
3518.1,2.745,0.467,2.185
3518.61,2.786,0.471,2.185
3519.18,2.716,0.453,0.531
3519.69,2.716,0.548,1.185
3520.24,2.716,0.453,2.185
3520.75,2.716,0.453,0.531
3521.26,2.745,0.467,2.185
3521.77,2.745,0.467,2.185
3522.29,2.716,0.453,0.531
3522.81,2.716,0.453,2.185
3523.32,2.754,0.922,2.185
3523.83,2.716,0.453,2.185
3524.34,2.716,0.453,2.185
3524.86,2.716,0.453,0.531
3525.37,2.716,0.453,2.185
3525.88,2.812,0.467,2.185
3526.45,2.716,0.453,0.531
3526.96,2.745,0.467,2.185
3527.48,2.716,0.453,0.531
3527.99,2.804,0.453,2.185
3528.5,2.716,0.453,0.531
3529.0,2.731,0.467,2.185
3529.51,2.8,0.464,2.185
3530.03,2.729,0.453,2.181
3530.54,2.716,0.453,0.531
3531.11,2.745,0.467,2.185
3531.63,2.742,0.453,2.185
3532.14,2.719,0.453,2.181
3532.66,2.729,0.453,0.531
3533.17,2.745,0.453,2.185
3533.68,2.716,0.543,1.185
3534.19,2.826,0.453,2.185
3534.7,2.716,0.453,2.187
3535.21,2.758,0.527,2.185
3535.79,2.758,0.453,0.531
3536.3,2.759,0.467,2.185
3536.8,2.758,0.467,2.185
3537.32,2.717,1.102,2.181
3537.83,2.717,0.504,2.185
3538.35,2.717,0.453,2.185
3538.86,2.717,0.453,0.531
3539.36,2.717,0.453,2.185
3539.87,2.798,0.467,2.185
3540.4,2.717,0.453,0.531
3540.92,2.809,0.453,2.185
3541.43,2.73,0.453,2.185
3541.93,2.809,0.467,2.185
3542.44,2.717,0.534,1.185
3542.96,2.758,0.453,2.185
3543.47,2.758,0.582,2.185
3543.98,2.73,0.453,0.531
3544.49,2.731,0.453,2.185
3545.03,2.73,0.453,0.531
3545.55,2.73,0.453,2.185
3546.07,2.742,0.453,2.181
3546.61,2.73,0.453,0.531
3547.12,2.745,0.467,2.185
3547.63,2.717,0.467,2.185
3548.16,2.717,0.453,2.181
3548.71,2.717,0.453,0.531
3549.22,2.796,0.453,2.185
3549.73,2.743,0.453,2.185
3550.24,2.717,0.453,0.531
3550.75,2.717,0.453,2.185
3551.26,2.729,0.467,2.185
3551.82,2.717,0.453,0.531
3552.33,2.759,0.467,2.185
3552.84,2.758,0.453,0.531
3553.35,2.73,0.453,2.187
3553.86,2.73,0.866,2.185
3554.43,2.758,0.453,0.531
3554.94,2.759,0.467,2.185
3555.45,2.809,0.456,2.185
3555.96,2.73,0.453,0.531
3556.47,2.717,0.453,2.185
3556.98,2.786,0.467,2.185
3557.49,2.717,0.482,2.181
3557.99,2.717,0.453,2.185
3558.5,2.745,0.467,2.187
3559.01,2.807,0.453,2.185
3559.52,2.717,0.482,2.181
3560.03,2.717,0.453,2.185
3560.54,2.717,0.453,2.185
3561.05,2.799,0.467,2.185
3561.6,2.717,0.453,0.531
3562.11,2.717,0.453,0.531
3562.62,2.745,0.467,2.185
3563.13,2.824,0.453,2.185
3563.63,2.717,0.453,0.531
3564.14,2.717,0.468,2.185
3564.65,2.717,0.453,2.187
3565.16,2.798,0.467,2.185
3565.69,2.717,0.453,0.531
3566.2,2.745,0.467,2.185
3566.71,2.824,0.453,2.185
3567.22,2.717,0.453,0.531
3567.73,2.745,0.467,2.185
3568.24,2.717,0.55,1.185
3568.75,2.717,0.453,2.185
3569.26,2.724,0.467,2.185
3569.77,2.783,0.467,2.185
3570.27,2.717,0.482,2.181
3570.78,2.717,0.528,2.185
3571.3,2.717,0.453,2.185
3571.81,2.783,0.467,2.185
3572.31,2.717,0.453,0.531
3572.82,2.717,0.462,2.185
3573.34,2.717,0.453,2.185
3573.85,2.717,0.453,0.531
3574.36,2.717,0.466,2.185
3574.87,2.749,0.453,2.181
3575.43,2.717,0.453,0.531
3575.94,2.759,0.467,2.185
3576.45,2.717,0.453,2.185
3576.96,2.717,0.453,0.531
3577.47,2.717,0.453,0.531
3577.98,2.73,0.453,2.185
3578.49,2.717,0.453,2.185
3579.0,2.799,0.467,2.185
3579.51,2.717,0.453,0.531
3580.02,2.717,0.453,0.531
3580.53,2.731,0.467,2.185
3581.04,2.815,0.453,2.185
3581.55,2.73,0.453,2.181
3582.06,2.717,0.453,2.187
3582.57,2.745,0.467,2.185
3583.08,2.717,0.453,0.531
3583.6,2.717,0.482,2.181
3584.1,2.717,0.453,0.531
3584.65,2.717,0.453,0.531
3585.16,2.717,0.453,0.531
3585.68,2.717,0.453,0.531
3586.26,2.717,0.843,1.034
3586.84,2.717,0.453,0.531
3587.36,2.717,0.552,1.185
3587.92,2.717,0.453,0.531
3588.43,2.717,0.453,0.531
3588.94,2.717,0.453,0.531
3589.46,2.717,0.453,0.531
3589.96,2.717,0.482,2.181
3590.47,2.731,0.467,2.185
3590.98,2.717,0.464,2.185
3591.49,2.742,0.453,2.181
3591.99,2.717,0.453,0.531
3592.5,2.717,0.463,2.185
3593.01,2.717,0.453,2.181
3593.57,2.717,0.453,0.531
3594.08,2.815,0.466,2.185
3594.59,2.717,0.453,2.185
3595.1,2.787,0.467,2.185
3595.64,2.717,0.453,0.531
3596.14,2.745,0.453,2.185
3596.65,2.743,0.453,2.185
3597.17,2.717,0.453,2.181
3597.68,2.73,0.495,2.185
3598.19,2.717,0.453,2.185
3598.7,2.73,0.453,2.181
3599.21,2.717,0.453,2.185
3599.71,2.717,0.453,2.187
3600.22,2.824,0.467,2.185
3600.74,2.717,0.453,0.531
3601.25,2.717,0.453,2.185
3601.75,2.746,0.467,2.185
3602.26,2.746,0.467,2.185
3602.77,2.759,0.453,0.531
3603.28,2.829,0.453,2.185
3603.79,2.717,0.453,2.185
3604.3,2.736,0.453,2.181
3604.81,2.717,0.453,2.185
3605.31,2.717,0.453,2.185
3605.82,2.757,0.453,2.181
3606.33,2.717,0.453,0.531
3606.9,2.746,0.467,2.185
3607.41,2.813,0.453,2.185
3607.92,2.717,0.453,2.181
3608.42,2.759,0.453,0.531
3609.0,2.76,0.467,2.185
3609.5,2.759,0.453,0.531
3610.01,2.746,0.467,2.185
3610.52,2.812,0.453,2.185
3611.04,2.718,0.453,0.531
3611.56,2.718,0.459,2.185
3612.07,2.718,0.469,2.185
3612.58,2.759,0.453,2.181
3613.09,2.718,0.453,2.185
3613.59,2.746,0.467,2.185
3614.1,2.787,0.453,2.185
3614.61,2.718,0.453,0.531
3615.12,2.806,0.453,2.185
3615.63,2.718,0.453,0.531
3616.14,2.746,0.467,2.185
3616.7,2.718,0.453,0.531
3617.21,2.718,0.453,2.185
3617.72,2.718,0.453,2.181
3618.23,2.803,0.465,2.185
3618.74,2.746,0.467,2.185
3619.26,2.718,0.453,0.531
3619.77,2.746,0.467,2.187
3620.28,2.831,0.453,2.185
3620.79,2.718,0.552,1.185
3621.3,2.803,0.453,2.185
3621.81,2.772,0.543,2.185
3622.33,2.718,0.453,0.531
3622.84,2.718,0.482,2.181
3623.35,2.731,0.453,2.187
3623.85,2.731,0.453,2.181
3624.36,2.718,0.482,2.185
3624.87,2.718,0.632,2.185
3625.4,2.718,0.453,0.531
3625.91,2.718,0.453,2.185
3626.42,2.718,0.482,2.181
3626.93,2.746,0.467,2.185
3627.44,2.718,0.482,2.181
3627.95,2.746,0.467,2.185
3628.46,2.718,0.539,1.185
3628.97,2.746,0.467,2.185
3629.48,2.829,0.453,2.185
3630.0,2.718,0.453,0.531
3630.51,2.784,0.467,2.185
3631.02,2.718,0.453,2.181
3631.53,2.718,0.453,2.185
3632.04,2.746,0.467,2.185
3632.55,2.718,0.453,0.531
3633.06,2.731,0.465,2.185
3633.57,2.731,0.453,2.185
3634.08,2.771,0.467,2.185
3634.59,2.718,0.453,0.531
3635.11,2.718,0.465,2.187
3635.62,2.718,0.453,2.181
3636.17,2.718,0.453,0.531
3636.68,2.746,0.467,2.185
3637.19,2.744,0.468,2.185
3637.7,2.718,0.453,2.181
3638.21,2.718,0.453,2.185
3638.72,2.718,0.453,2.185
3639.24,2.718,0.453,2.181
3639.75,2.718,0.465,2.185
3640.26,2.772,0.453,2.187
3640.78,2.718,0.453,0.531
3641.29,2.746,0.467,2.185
3641.8,2.718,0.453,0.531
3642.31,2.746,0.467,2.187
3642.82,2.801,0.453,2.185
3643.32,2.76,0.453,2.181
3643.84,2.718,0.453,2.185
3644.34,2.746,0.467,2.185
3644.85,2.791,0.453,2.185
3645.36,2.718,0.453,2.181
3645.87,2.718,0.453,0.531
3646.45,2.795,0.453,2.187
3646.96,2.718,0.453,0.531
3647.47,2.718,0.453,2.185
3647.98,2.746,0.467,2.185
3648.48,2.841,0.453,2.185
3649.03,2.718,0.453,0.531
3649.54,2.731,0.453,2.185
3650.05,2.731,0.453,0.531
3650.56,2.731,0.453,0.531
3651.07,2.731,0.453,2.187
3651.58,2.731,0.453,0.531
3652.09,2.731,0.492,2.185
3652.6,2.731,0.467,2.185
3653.12,2.731,0.453,2.181
3653.65,2.718,0.453,0.531
3654.16,2.786,0.453,2.187
3654.67,2.718,0.474,2.185
3655.18,2.718,0.453,2.181
3655.69,2.718,0.453,2.185
3656.2,2.718,0.453,2.185
3656.71,2.849,0.467,2.185
3657.24,2.718,0.453,0.531
3657.75,2.8,0.453,2.185
3658.26,2.718,0.453,0.531
3658.77,2.731,0.453,2.185
3659.27,2.732,0.467,2.185
3659.78,2.731,0.453,0.531
3660.3,2.718,0.453,2.185
3660.81,2.746,0.467,2.185
3661.32,2.828,0.453,2.185
3661.86,2.718,0.453,0.531
3662.37,2.732,0.467,2.185
3662.88,2.743,0.453,2.185
3663.39,2.731,0.453,2.181
3663.89,2.718,0.453,2.185
3664.4,2.718,0.482,2.181
3664.91,2.718,0.453,2.185
3665.42,2.718,0.453,2.185
3665.93,2.797,0.467,2.185
3666.43,2.731,0.453,0.531
3667.01,2.732,0.467,2.185
3667.51,2.718,0.464,2.185
3668.03,2.731,0.453,2.181
3668.54,2.718,0.453,0.531
3669.11,2.747,0.467,2.187
3669.62,2.718,0.464,2.185
3670.13,2.718,0.453,0.531
3670.64,2.731,0.453,2.187
3671.15,2.789,0.467,2.185
3671.66,2.719,0.453,0.531
3672.18,2.803,0.465,2.187
3672.69,2.731,0.453,2.185
3673.2,2.799,0.467,2.185
3673.73,2.718,0.453,0.531
3674.24,2.791,0.453,2.185
3674.75,2.731,0.453,2.187
3675.27,2.754,0.453,2.181
3675.79,2.718,0.453,0.531
3676.3,2.747,0.467,2.185
3676.81,2.718,0.482,2.181
3677.32,2.719,0.453,2.185
3677.83,2.719,0.453,0.531
3678.34,2.731,0.462,2.185
3678.86,2.719,0.453,2.185
3679.37,2.813,0.467,2.185
3679.87,2.719,0.453,0.531
3680.39,2.811,0.453,2.185
3680.9,2.719,0.453,2.185
3681.41,2.825,0.467,2.185
3681.93,2.719,0.453,0.531
3682.44,2.747,0.453,2.185
3682.95,2.747,0.467,2.185
3683.46,2.719,0.453,0.531
3683.97,2.719,0.467,2.181
3684.48,2.732,0.453,0.531
3684.99,2.732,0.464,2.185
3685.5,2.732,0.453,0.531
3686.05,2.732,0.453,0.531
3686.56,2.732,0.453,0.531
3687.1,2.732,0.453,0.531
3687.61,2.732,0.453,0.531
3688.13,2.732,0.453,0.531
3688.67,2.732,0.453,0.531
3689.19,2.732,0.453,0.531
3689.7,2.732,0.453,0.531
3690.27,2.732,0.482,2.181
3690.81,2.732,0.453,0.531
3691.33,2.732,0.617,1.185
3691.84,2.732,0.453,0.531
3692.35,2.732,0.482,2.181
3692.89,2.732,0.453,0.531
3693.4,2.732,0.462,2.185
3693.91,2.719,0.453,2.185
3694.42,2.719,0.453,0.531
3694.94,2.747,0.467,2.185
3695.45,2.853,0.453,2.185
3695.96,2.719,0.482,2.181
3696.46,2.719,0.453,2.185
3696.98,2.747,0.467,2.185
3697.49,2.756,0.453,2.185
3698.0,2.719,0.453,0.531
3698.51,2.719,0.466,2.185
3699.02,2.719,0.453,2.185
3699.53,2.719,0.453,2.181
3700.04,2.719,0.453,0.531
3700.55,2.719,0.901,1.372
3701.06,2.817,0.466,2.185
3701.58,2.798,0.553,2.185
3702.1,2.719,0.453,2.181
3702.61,2.817,0.453,2.185
3703.12,2.719,0.502,2.185
3703.65,2.719,0.453,2.181
3704.16,2.732,0.453,2.185
3704.66,2.744,0.866,2.185
3705.18,2.772,0.467,2.185
3705.69,2.719,0.453,0.531
3706.2,2.747,0.453,2.185
3706.71,2.719,0.588,2.185
3707.24,2.719,0.453,0.531
3707.75,2.747,0.467,2.185
3708.25,2.719,0.453,2.181
3708.76,2.719,0.527,2.185
3709.28,2.732,0.453,2.187
3709.8,2.719,0.453,0.531
3710.31,2.785,0.453,2.185
3710.82,2.732,0.54,1.185
3711.33,2.732,0.482,2.185
3711.84,2.732,0.548,1.185
3712.35,2.719,0.539,2.185
3712.86,2.719,0.453,2.187
3713.37,2.719,0.453,0.531
3713.88,2.732,0.54,2.185
3714.39,2.732,0.453,2.181
3714.9,2.803,0.466,2.185
3715.42,2.745,0.521,2.185
3715.94,2.719,0.482,2.181
3716.45,2.748,0.467,2.185
3716.96,2.809,0.453,2.185
3717.47,2.719,0.453,0.531
3718.05,2.72,0.453,2.181
3718.58,2.82,0.453,2.185
3719.09,2.761,0.453,2.181
3719.62,2.761,0.453,2.185
3720.14,2.802,0.491,2.185
3720.65,2.72,0.453,2.181
3721.15,2.72,0.528,2.185
3721.66,2.72,0.532,2.185
3722.18,2.72,0.453,2.181
3722.69,2.814,0.453,2.185
3723.19,2.72,0.483,2.185
3723.71,2.72,0.453,2.181
3724.22,2.72,0.453,2.185
3724.72,2.746,0.453,2.185
3725.23,2.72,0.453,0.531
3725.74,2.72,0.453,2.185
3726.25,2.72,0.453,0.531
3726.76,2.801,0.453,2.185
3727.27,2.733,0.453,2.181
3727.77,2.72,0.476,2.185
3728.28,2.72,0.453,2.185
3728.8,2.72,0.453,0.531
3729.31,2.748,0.467,2.185
3729.82,2.825,0.453,2.185
3730.37,2.72,0.453,0.531
3730.88,2.748,0.467,2.185
3731.39,2.745,0.467,2.185
3731.89,2.72,0.453,2.181
3732.4,2.72,0.502,2.185
3732.91,2.72,0.482,2.181
3733.42,2.72,0.453,2.185
3733.92,2.72,0.453,2.185
3734.43,2.748,0.467,2.185
3734.94,2.72,0.453,0.531
3735.45,2.81,0.453,2.185
3735.96,2.748,0.522,2.185
3736.47,2.761,0.453,2.181
3736.98,2.72,0.453,2.185
3737.48,2.748,0.467,2.185
3737.99,2.748,0.467,2.185
3738.5,2.72,0.453,0.531
3739.01,2.748,0.467,2.185
3739.52,2.72,0.462,2.185
3740.03,2.732,0.453,2.181
3740.54,2.72,0.453,2.185
3741.05,2.72,0.453,2.185
3741.58,2.72,0.453,0.531
3742.09,2.72,0.453,2.185
3742.61,2.761,0.453,0.531
3743.12,2.762,0.467,2.185
3743.62,2.791,0.453,2.185
3744.15,2.72,0.453,0.531
3744.66,2.72,0.453,2.185
3745.16,2.72,0.453,0.531
3745.67,2.72,0.453,2.185
3746.18,2.8,0.467,2.185
3746.69,2.72,0.453,0.531
3747.2,2.793,0.453,2.187
3747.71,2.72,0.453,2.185
3748.22,2.748,0.467,2.185
3748.72,2.72,0.453,0.531
3749.23,2.748,0.467,2.185
3749.74,2.72,0.548,2.185
3750.25,2.72,0.453,2.181
3750.81,2.72,0.453,0.531
3751.32,2.72,0.566,0.732
3751.84,2.733,0.465,2.185
3752.35,2.733,0.453,2.181
3752.92,2.733,0.453,0.531
3753.43,2.776,0.453,2.185
3753.94,2.72,0.453,2.185
3754.44,2.72,0.568,1.185
3754.96,2.733,0.453,0.531
3755.46,2.734,0.467,2.185
3755.98,2.733,0.453,0.531
3756.49,2.764,0.453,2.187
3757.0,2.733,0.564,1.185
3757.5,2.72,0.453,2.185
3758.01,2.737,0.525,2.185
3758.52,2.788,0.453,2.185
3759.03,2.72,0.453,2.181
3759.54,2.72,0.453,2.187
3760.05,2.72,0.453,0.531
3760.56,2.734,0.523,2.185
3761.07,2.735,0.467,2.185
3761.57,2.734,0.453,0.531
3762.08,2.735,0.467,2.185
3762.59,2.734,0.47,2.185
3763.1,2.737,0.453,2.181
3763.61,2.721,0.453,0.531
3764.19,2.816,0.453,2.185
3764.7,2.721,0.453,2.181
3765.21,2.734,0.453,0.531
3765.78,2.796,0.453,2.185
3766.29,2.726,0.525,2.185
3766.8,2.763,0.467,2.185
3767.31,2.762,1.27,1.877
3767.83,2.721,0.453,2.185
3768.34,2.749,0.467,2.185
3768.85,2.721,0.453,2.181
3769.36,2.721,0.453,2.185
3769.87,2.721,0.453,2.185
3770.38,2.721,0.453,2.181
3770.89,2.721,0.453,2.185
3771.4,2.762,0.453,2.185
3771.92,2.762,0.453,2.181
3772.46,2.721,0.453,0.531
3772.97,2.749,0.467,2.185
3773.48,2.844,0.463,2.185
3774.03,2.721,0.453,0.531
3774.54,2.721,0.453,2.181
3775.07,2.721,0.453,0.531
3775.58,2.721,0.466,2.185
3776.09,2.721,0.453,2.185
3776.6,2.759,0.467,2.185
3777.12,2.721,0.453,0.531
3777.63,2.721,0.518,2.185
3778.14,2.721,0.453,2.185
3778.65,2.749,0.467,2.185
3779.16,2.721,0.453,0.531
3779.68,2.809,0.453,2.185
3780.19,2.734,0.453,2.185
3780.7,2.746,0.453,2.181
3781.23,2.721,0.453,0.531
3781.74,2.763,0.467,2.185
3782.25,2.721,0.453,2.187
3782.76,2.8,0.467,2.185
3783.28,2.721,0.453,0.531
3783.8,2.721,0.464,2.185
3784.31,2.721,0.453,2.185
3784.82,2.787,0.467,2.185
3785.34,2.762,0.453,0.531
3785.85,2.721,0.463,2.187
3786.36,2.721,0.453,0.531
3786.87,2.734,0.453,2.185
3787.38,2.746,0.467,2.185
3787.89,2.734,0.545,1.185
3788.4,2.734,0.546,1.185
3788.91,2.734,0.54,1.185
3789.42,2.734,0.453,0.531
3790.12,2.752,0.482,2.181
3790.63,2.752,0.482,2.181
3791.14,2.752,0.453,2.181
3791.64,2.755,0.453,2.185
3792.16,2.755,0.482,2.181
3792.67,2.754,0.667,0.732
3793.22,2.754,0.453,0.531
3793.74,2.755,0.467,2.185
3794.24,2.755,0.482,2.181
3794.75,2.784,0.453,2.185
3795.29,2.784,0.453,0.531
3795.8,2.784,0.453,0.531
3796.35,2.784,0.453,0.531
3796.91,2.784,0.453,0.531
3797.42,2.784,0.539,1.185
3797.93,2.757,0.467,2.185
3798.43,2.756,0.453,0.531
3798.94,2.823,0.453,2.185
3799.45,2.743,0.453,2.185
3799.96,2.782,0.467,2.185
3800.47,2.745,0.453,0.531
3800.98,2.773,0.467,2.185
3801.48,2.852,0.453,2.185
3801.99,2.745,0.453,0.531
3802.5,2.834,0.453,2.185
3803.01,2.827,0.504,2.185
3803.54,2.758,0.453,2.181
3804.05,2.745,0.453,2.185
3804.56,2.745,0.453,0.531
3805.07,2.745,0.453,2.185
3805.58,2.838,0.467,2.185
3806.12,2.745,0.453,0.531
3806.63,2.759,0.467,2.185
3807.14,2.84,0.453,2.185
3807.65,2.745,0.453,2.181
3808.16,2.843,0.466,2.185
3808.68,2.745,0.453,2.185
3809.19,2.811,0.467,2.185
3809.72,2.745,0.453,0.531
3810.23,2.773,0.467,2.187
3810.74,2.745,0.453,0.531
3811.25,2.759,0.467,2.185
3811.76,2.745,0.466,2.185
3812.3,2.745,0.453,0.531
3812.81,2.745,0.453,2.185
3813.32,2.799,0.467,2.185
3813.84,2.745,0.453,0.531
3814.36,2.745,0.475,2.185
3814.86,2.773,0.467,2.185
3815.37,2.745,0.453,0.531
3815.88,2.759,0.467,2.185
3816.39,2.758,0.453,0.531
3816.9,2.758,0.482,2.185
3817.41,2.745,0.453,2.185
3817.91,2.825,0.467,2.185
3818.47,2.745,0.453,0.531
3818.98,2.772,0.752,2.185
3819.49,2.814,0.467,2.185
3820.02,2.745,0.453,0.531
3820.53,2.773,0.467,2.185
3821.04,2.824,0.467,2.185
3821.56,2.758,0.453,0.531
3822.13,2.758,0.453,0.531
3822.65,2.771,0.752,2.185
3823.16,2.745,0.453,0.531
3823.67,2.773,0.467,2.185
3824.18,2.811,0.467,2.185
3824.76,2.745,0.453,0.531
3825.27,2.786,0.453,2.185
3825.78,2.786,0.467,2.185
3826.34,2.745,0.453,0.531
3826.85,2.773,0.554,2.187
3827.35,2.811,0.467,2.185
3827.86,2.745,0.453,0.531
3828.38,2.841,0.453,2.185
3828.89,2.745,0.453,2.187
3829.4,2.745,0.453,0.531
3829.91,2.745,0.453,2.181
3830.46,2.745,0.453,0.531
3830.97,2.745,0.566,2.185
3831.48,2.745,1.17,2.181
3832.01,2.773,0.467,2.185
3832.52,2.758,0.465,2.185
3833.06,2.745,0.453,0.531
3833.57,2.758,0.453,2.185
3834.08,2.811,0.467,2.185
3834.59,2.745,0.453,0.531
3835.1,2.773,0.467,2.185
3835.61,2.86,0.453,2.185
3836.13,2.745,0.453,0.531
3836.64,2.858,0.453,2.185
3837.15,2.745,0.453,2.181
3837.66,2.745,0.453,2.185
3838.17,2.773,0.467,2.185
3838.68,2.783,0.453,2.185
3839.19,2.786,0.453,0.531
3839.71,2.819,0.453,2.185
3840.22,2.745,0.453,2.185
3840.73,2.745,0.453,2.181
3841.28,2.758,0.453,0.531
3841.79,2.745,0.506,2.185
3842.3,2.745,0.453,2.185
3842.82,2.8,0.467,2.185
3843.34,2.745,0.453,0.531
3843.85,2.773,0.467,2.185
3844.36,2.771,0.464,2.185
3844.91,2.745,0.453,2.181
3845.42,2.745,0.453,2.185
3845.94,2.745,0.453,2.185
3846.45,2.814,0.467,2.185
3846.97,2.745,0.453,0.531
3847.49,2.773,0.467,2.185
3848.0,2.868,0.453,2.185
3848.5,2.745,0.545,1.185
3849.02,2.8,0.453,2.185
3849.53,2.824,0.453,2.185
3850.04,2.745,0.453,2.181
3850.55,2.745,0.453,0.531
3851.12,2.84,0.453,2.185
3851.64,2.745,0.453,2.185
3852.15,2.827,0.467,2.185
3852.66,2.745,0.453,0.531
3853.17,2.745,0.453,0.531
3853.68,2.759,0.467,2.185
3854.22,2.758,0.453,0.531
3854.73,2.758,0.453,2.185
3855.24,2.791,0.527,2.185
3855.8,2.758,0.453,0.531
3856.31,2.83,0.453,2.185
3856.82,2.745,0.453,2.185
3857.33,2.819,0.467,2.185
3857.9,2.745,0.453,0.531
3858.41,2.745,0.6,1.185
3858.97,2.745,0.453,0.531
3859.49,2.758,0.453,2.185
3860.0,2.758,0.453,0.531
3860.52,2.759,0.467,2.185
3861.03,2.758,0.453,0.531
3861.55,2.758,0.453,2.185
3862.06,2.773,0.467,2.185
3862.56,2.857,0.462,2.185
3863.08,2.786,0.453,2.181
3863.59,2.758,0.453,0.531
3864.1,2.758,0.453,0.531
3864.61,2.758,0.453,2.181
3865.15,2.758,0.453,0.531
3865.66,2.786,0.465,2.185
3866.17,2.745,0.453,2.185
3866.68,2.813,0.467,2.185
3867.19,2.758,0.453,0.531
3867.7,2.745,0.453,2.185
3868.21,2.824,0.467,2.185
3868.78,2.745,0.453,0.531
3869.29,2.745,0.453,2.185
3869.8,2.745,0.453,0.531
3870.31,2.745,0.453,2.185
3870.82,2.745,0.453,2.181
3871.39,2.758,0.453,0.531
3871.9,2.83,0.465,2.185
3872.41,2.745,0.453,0.531
3872.91,2.758,0.467,2.185
3873.42,2.758,0.453,0.531
3873.93,2.759,0.467,2.185
3874.44,2.822,0.453,2.185
3874.95,2.758,0.453,2.181
3875.49,2.745,0.453,0.531
3876.0,2.773,0.467,2.185
3876.5,2.745,0.482,2.181
3877.01,2.745,0.453,2.185
3877.52,2.758,0.467,2.185
3878.03,2.876,0.453,2.185
3878.54,2.745,1.069,1.609
3879.05,2.745,0.463,2.185
3879.57,2.773,0.467,2.185
3880.08,2.759,0.467,2.185
3880.58,2.745,0.453,0.531
3881.09,2.837,0.453,2.185
3881.6,2.745,0.453,2.185
3882.11,2.745,0.453,2.181
3882.62,2.745,0.453,2.187
3883.12,2.745,0.453,2.185
3883.63,2.862,0.467,2.185
3884.14,2.745,0.453,2.181
3884.65,2.745,0.453,2.187
3885.16,2.745,0.453,2.185
3885.66,2.852,0.453,2.185
3886.23,2.745,0.453,0.531
3886.76,2.745,0.453,0.531
3887.32,2.745,0.453,0.531
3887.84,2.745,0.453,0.531
3888.35,2.745,0.566,0.631
3888.86,2.745,0.453,0.531
3889.38,2.745,0.453,0.531
3889.89,2.758,0.455,2.185
3890.41,2.759,0.453,0.531
3891.04,2.83,0.453,2.185
3891.61,2.759,0.453,0.531
3892.12,2.759,0.462,2.185
3892.63,2.759,0.453,0.531
3893.14,2.759,0.453,0.531
3893.7,2.759,0.453,0.531
3894.21,2.759,0.453,0.531
3894.71,2.759,0.453,0.531
3895.26,2.759,0.453,0.531
3895.77,2.759,0.453,0.531
3896.28,2.759,0.453,0.531
3896.79,2.759,0.453,2.181
3897.3,2.759,0.453,0.531
3897.81,2.759,0.462,2.185
3898.32,2.746,0.453,2.187
3898.83,2.877,0.467,2.185
3899.34,2.746,0.482,2.181
3899.85,2.746,0.456,2.185
3900.36,2.746,0.453,0.531
3900.87,2.774,0.467,2.185
3901.38,2.844,0.453,2.185
3901.9,2.746,0.453,0.531
3902.41,2.774,0.467,2.185
3902.92,2.746,0.463,2.185
3903.43,2.746,0.453,2.181
3903.94,2.746,0.453,2.187
3904.45,2.746,0.453,2.185
3904.96,2.816,0.467,2.185
3905.52,2.746,0.453,0.531
3906.03,2.774,0.467,2.185
3906.54,2.746,0.453,0.531
3907.05,2.774,0.467,2.185
3907.56,2.829,0.453,2.185
3908.06,2.784,0.453,2.181
3908.6,2.746,0.453,0.531
3909.11,2.746,0.467,2.185
3909.62,2.746,0.453,2.185
3910.13,2.82,0.467,2.185
3910.64,2.746,0.453,0.531
3911.14,2.788,0.467,2.185
3911.65,2.746,0.519,2.185
3912.16,2.787,0.482,2.181
3912.68,2.787,0.529,2.185
3913.19,2.746,0.453,2.185
3913.7,2.788,0.467,2.185
3914.21,2.787,0.566,1.185
3914.73,2.787,0.48,2.187
3915.24,2.759,0.453,2.185
3915.75,2.814,0.467,2.185
3916.26,2.746,0.453,0.531
3916.76,2.746,0.535,2.185
3917.28,2.746,0.453,2.185
3917.79,2.746,0.453,0.531
3918.3,2.746,0.453,2.185
3918.81,2.803,0.467,2.185
3919.34,2.787,0.453,0.531
3919.85,2.789,0.467,2.185
3920.36,2.844,0.467,2.185
3920.91,2.746,0.453,0.531
3921.42,2.774,0.467,2.185
3921.93,2.746,0.549,2.185
3922.44,2.746,0.482,2.181
3922.95,2.746,0.538,2.185
3923.47,2.746,0.508,2.185
3923.98,2.787,0.453,0.531
3924.49,2.787,0.514,2.185
3925.0,2.787,0.453,0.531
3925.52,2.746,0.453,2.185
3926.03,2.746,0.453,0.531
3926.54,2.774,0.467,2.185
3927.05,2.803,0.467,2.185
3927.56,2.746,0.453,0.531
3928.07,2.844,0.466,2.185
3928.59,2.746,0.453,2.185
3929.1,2.828,0.467,2.185
3929.62,2.746,0.482,2.181
3930.13,2.787,0.453,2.185
3930.64,2.765,1.263,2.185
3931.15,2.803,0.467,2.185
3931.67,2.746,0.453,0.531
3932.18,2.818,0.453,2.185
3932.69,2.746,0.482,2.181
3933.2,2.746,0.473,2.187
3933.71,2.746,0.453,2.185
3934.22,2.838,0.467,2.185
3934.74,2.746,0.453,0.531
3935.25,2.842,0.464,2.185
3935.77,2.746,0.453,2.185
3936.28,2.813,0.467,2.185
3936.8,2.746,0.453,0.531
3937.31,2.774,0.467,2.185
3937.82,2.759,0.468,2.185
3938.33,2.746,0.453,0.531
3938.85,2.774,0.467,2.187
3939.36,2.859,0.453,2.185
3939.87,2.746,0.482,2.181
3940.37,2.746,0.453,2.185
3940.89,2.746,0.453,2.185
3941.4,2.839,0.467,2.185
3941.93,2.787,0.453,0.531
3942.44,2.746,0.453,2.185
3942.95,2.77,0.467,2.185
3943.47,2.746,0.453,0.531
3943.99,2.759,0.453,2.185
3944.5,2.759,0.453,2.181
3945.03,2.759,0.453,0.531
3945.54,2.831,0.465,2.185
3946.06,2.746,0.453,2.185
3946.57,2.816,0.467,2.185
3947.08,2.746,0.453,2.181
3947.65,2.759,0.453,0.531
3948.16,2.831,0.465,2.185
3948.67,2.774,0.467,2.185
3949.18,2.831,0.453,2.185
3949.69,2.746,0.453,0.531
3950.2,2.76,0.467,2.185
3950.71,2.759,0.453,0.531
3951.28,2.759,0.467,2.185
3951.8,2.759,0.453,0.531
3952.31,2.759,0.453,0.531
3952.82,2.803,0.453,2.185
3953.33,2.759,0.482,2.181
3953.84,2.788,0.453,2.185
3954.34,2.789,0.467,2.185
3954.85,2.788,0.453,0.531
3955.37,2.788,0.453,0.531
3955.88,2.788,0.453,0.531
3956.39,2.788,0.453,0.531
3956.91,2.759,0.453,2.185
3957.42,2.759,0.453,2.181
3957.97,2.759,0.453,0.531
3958.47,2.83,0.465,2.185
3958.99,2.797,0.453,2.187
3959.5,2.746,0.453,0.531
3960.01,2.759,0.453,2.185
3960.51,2.76,0.467,2.185
3961.02,2.759,0.453,0.531
3961.53,2.759,0.453,2.181
3962.04,2.759,0.453,2.185
3962.54,2.759,0.482,2.181
3963.05,2.759,0.453,2.185
3963.56,2.76,0.467,2.185
3964.07,2.8,0.467,2.185
3964.58,2.746,0.767,1.372
3965.09,2.839,0.453,2.185
3965.6,2.746,0.453,2.185
3966.1,2.746,0.453,2.181
3966.67,2.759,0.453,0.531
3967.18,2.81,0.453,2.185
3967.68,2.746,0.482,2.181
3968.19,2.788,0.453,2.185
3968.7,2.746,0.453,2.185
3969.21,2.814,0.467,2.185
3969.74,2.746,0.453,0.531
3970.25,2.789,0.467,2.185
3970.76,2.746,0.453,2.185
3971.26,2.774,0.467,2.185
3971.77,2.746,0.453,0.531
3972.28,2.746,0.465,2.185
3972.79,2.774,0.453,2.185
3973.3,2.746,0.453,2.181
3973.81,2.746,0.453,2.185
3974.32,2.746,0.453,2.185
3974.83,2.867,0.467,2.185
3975.34,2.746,0.453,0.531
3975.86,2.746,0.465,2.185
3976.37,2.746,0.453,2.185
3976.88,2.817,0.467,2.185
3977.4,2.746,0.453,0.531
3977.91,2.746,0.462,2.185
3978.43,2.812,0.453,2.185
3978.93,2.746,0.482,2.181
3979.44,2.746,0.453,2.185
3979.95,2.746,0.453,2.185
3980.46,2.828,0.467,2.185
3980.97,2.746,0.453,2.185
3981.49,2.746,0.453,2.185
3982.01,2.746,0.453,0.531
3982.52,2.774,0.467,2.185
3983.03,2.8,0.467,2.185
3983.54,2.746,0.453,0.531
3984.05,2.746,0.453,0.531
3984.61,2.746,0.453,0.531
3985.13,2.746,0.453,0.531
3985.64,2.746,0.453,0.531
3986.16,2.746,0.453,0.531
3986.67,2.746,0.466,0.531
3987.19,2.812,0.453,2.185
3987.69,2.761,0.552,1.185
3988.21,2.76,0.453,2.185
3988.71,2.775,0.467,2.185
3989.26,2.747,0.453,0.531
3989.77,2.747,0.453,0.531
3990.28,2.747,0.453,0.531
3990.79,2.747,0.466,0.531
3991.31,2.76,0.453,2.185
3991.86,2.761,0.453,0.531
3992.4,2.761,0.453,0.531
3992.92,2.761,0.453,0.531
3993.44,2.761,0.587,1.185
3993.99,2.761,0.453,0.531
3994.5,2.831,0.462,2.185
3995.06,2.761,0.453,0.531
3995.57,2.762,0.453,2.185
3996.08,2.761,0.453,0.531
3996.6,2.776,0.467,2.185
3997.12,2.774,0.462,2.185
3997.63,2.748,0.453,2.181
3998.13,2.748,0.453,2.185
3998.64,2.748,0.453,2.185
3999.15,2.748,0.453,2.181
3999.66,2.748,0.468,2.185
4000.17,2.748,0.453,2.185
4000.68,2.748,0.453,2.181
4001.19,2.748,0.453,0.531
4001.7,2.748,0.453,2.185
4002.21,2.748,0.453,0.531
4002.73,2.831,0.453,2.185
4003.24,2.748,0.453,2.185
4003.75,2.748,0.453,2.181
4004.26,2.748,0.478,2.185
4004.77,2.748,0.453,2.185
4005.27,2.789,0.467,2.185
4005.79,2.748,0.453,0.531
4006.29,2.833,0.453,2.185
4006.8,2.748,0.453,2.185
4007.31,2.819,0.526,2.185
4007.85,2.789,0.453,0.531
4008.35,2.833,0.453,2.185
4008.86,2.748,0.453,2.187
4009.37,2.776,0.453,2.181
4009.92,2.748,0.453,0.531
4010.43,2.776,0.467,2.185
4010.94,2.812,0.467,2.185
4011.44,2.748,0.453,0.531
4011.95,2.84,0.453,2.185
4012.46,2.789,0.453,2.185
4012.96,2.815,0.467,2.185
4013.47,2.748,0.453,0.531
4013.98,2.804,0.453,2.185
4014.48,2.748,0.453,2.185
4014.99,2.768,0.453,2.181
4015.55,2.748,0.453,0.531
4016.05,2.776,0.467,2.185
4016.56,2.846,0.469,2.185
4017.12,2.748,0.453,2.181
4017.63,2.748,0.453,2.185
4018.14,2.748,0.453,2.185
4018.65,2.808,0.467,2.185
4019.23,2.748,0.453,0.531
4019.74,2.776,0.467,2.185
4020.25,2.748,0.453,0.531
4020.76,2.748,0.453,0.531
4021.27,2.761,0.453,2.185
4021.78,2.762,0.467,2.185
4022.31,2.748,0.453,0.531
4022.82,2.776,0.467,2.185
4023.33,2.867,0.453,2.185
4023.91,2.748,0.453,0.531
4024.42,2.761,0.453,2.185
4024.93,2.773,0.467,2.185
4025.44,2.761,0.617,0.732
4025.95,2.748,0.476,2.185
4026.46,2.748,0.453,0.531
4026.97,2.748,0.505,2.185
4027.48,2.748,0.453,0.531
4027.99,2.828,0.453,2.185
4028.49,2.761,0.453,2.181
4029.0,2.748,0.453,2.185
4029.51,2.761,0.453,2.187
4030.02,2.83,0.467,2.185
4030.54,2.748,0.453,0.531
4031.05,2.748,0.456,2.187
4031.56,2.748,0.453,2.187
4032.06,2.776,0.467,2.185
4032.58,2.748,0.453,0.531
4033.09,2.776,0.467,2.185
4033.6,2.748,0.453,2.181
4034.11,2.748,0.453,0.531
4034.68,2.811,0.453,2.185
4035.18,2.748,0.453,2.185
4035.69,2.847,0.467,2.185
4036.2,2.748,0.453,0.531
4036.71,2.843,0.453,2.185
4037.22,2.748,0.482,2.181
4037.76,2.761,0.453,0.531
4038.27,2.761,0.453,0.531
4038.77,2.761,0.453,0.531
4039.28,2.819,0.453,2.185
4039.79,2.761,0.453,2.181
4040.35,2.761,0.453,0.531
4040.86,2.748,0.462,2.185
4041.37,2.789,0.453,2.185
4041.88,2.789,0.453,0.531
4042.39,2.789,0.453,0.531
4042.89,2.761,0.453,2.185
4043.4,2.761,1.304,1.609
4043.91,2.761,0.453,0.531
4044.42,2.761,0.453,0.531
4044.96,2.761,0.453,0.531
4045.5,2.761,0.453,0.531
4046.01,2.761,0.453,2.181
4046.57,2.761,0.453,0.531
4047.07,2.819,0.453,2.185
4047.58,2.748,0.453,2.187
4048.1,2.804,0.467,2.185
4048.6,2.748,0.453,0.531
4049.11,2.84,0.453,2.187
4049.62,2.748,0.453,2.185
4050.13,2.789,0.467,2.185
4050.64,2.748,0.453,0.531
4051.15,2.748,0.453,2.181
4051.67,2.761,0.453,0.531
4052.18,2.832,0.453,2.185
4052.69,2.776,0.467,2.185
4053.19,2.789,0.463,2.185
4053.71,2.789,0.453,2.181
4054.27,2.789,0.453,0.531
4054.77,2.825,0.453,2.185
4055.28,2.761,0.453,2.185
4055.79,2.869,0.467,2.185
4056.31,2.748,0.453,0.531
4056.82,2.833,0.453,2.187
4057.33,2.748,0.453,0.531
4057.85,2.762,0.467,2.185
4058.36,2.761,0.453,2.181
4058.87,2.761,0.453,2.185
4059.38,2.776,0.467,2.185
4059.89,2.789,0.469,2.185
4060.42,2.789,0.453,0.531
4060.93,2.789,0.467,2.185
4061.44,2.761,0.453,0.531
4061.96,2.761,0.498,2.187
4062.47,2.761,0.453,0.531
4062.98,2.748,0.453,2.185
4063.49,2.758,0.467,2.185
4064.0,2.817,0.467,2.185
4064.51,2.748,0.482,2.181
4065.02,2.748,0.478,2.187
4065.53,2.776,0.467,2.185
4066.04,2.844,0.453,2.185
4066.55,2.759,0.453,2.181
4067.11,2.748,0.453,0.531
4067.62,2.776,0.453,2.187
4068.13,2.748,0.453,2.181
4068.63,2.748,0.453,2.185
4069.14,2.748,0.453,2.185
4069.65,2.757,0.453,2.181
4070.16,2.748,0.52,2.185
4070.67,2.799,0.559,2.185
4071.21,2.748,0.453,0.531
4071.72,2.761,0.453,2.185
4072.23,2.841,0.467,2.185
4072.74,2.748,0.453,0.531
4073.32,2.833,0.453,2.185
4073.83,2.748,0.545,1.185
4074.34,2.748,0.453,0.531
4074.85,2.748,0.453,0.531
4075.42,2.748,0.453,0.531
4075.97,2.748,0.453,0.531
4076.48,2.748,0.587,1.185
4077.0,2.762,0.467,2.185
4077.5,2.761,0.453,2.181
4078.01,2.761,0.486,2.185
4078.52,2.761,0.453,0.531
4079.03,2.762,0.467,2.185
4079.54,2.761,0.453,0.531
4080.06,2.761,0.498,2.185
4080.57,2.777,0.467,2.185
4081.08,2.748,0.453,0.531
4081.81,2.749,0.462,2.185
4082.32,2.749,0.453,0.531
4082.94,2.749,0.453,0.531
4083.51,2.749,0.453,0.531
4084.03,2.762,0.453,2.185
4084.54,2.762,0.453,0.531
4085.11,2.762,0.482,2.181
4085.62,2.762,0.453,0.531
4086.14,2.762,0.453,0.531
4086.65,2.763,0.467,2.185
4087.16,2.762,0.453,0.531
4087.67,2.762,0.453,2.185
4088.17,2.763,0.467,2.185
4088.68,2.762,0.453,0.531
4089.26,2.762,0.453,2.185
4089.76,2.762,0.453,0.531
4090.27,2.764,0.453,2.185
4090.78,2.762,0.453,0.531
4091.29,2.763,0.467,2.185
4091.8,2.845,0.453,2.185
4092.33,2.749,0.453,0.531
4092.84,2.777,0.467,2.185
4093.38,2.749,0.453,0.531
4093.89,2.777,0.467,2.185
4094.4,2.801,0.453,2.185
4094.91,2.762,0.548,1.185
4095.42,2.749,0.526,2.185
4095.93,2.749,0.453,2.185
4096.44,2.749,0.453,2.181
4096.95,2.749,0.453,2.185
4097.46,2.762,0.453,2.185
4097.97,2.79,0.526,2.185
4098.56,2.79,0.453,0.531
4099.07,2.791,0.467,2.185
4099.58,2.842,0.453,2.185
4100.11,2.749,0.453,0.531
4100.62,2.749,0.453,2.185
4101.13,2.815,0.467,2.185
4101.64,2.749,0.453,0.531
4102.15,2.815,0.453,2.187
4102.66,2.749,0.551,2.185
4103.17,2.749,0.453,2.181
4103.68,2.777,0.467,2.185
4104.19,2.749,0.453,0.531
4104.71,2.777,0.467,2.185
4105.22,2.749,0.461,2.185
4105.76,2.749,0.453,0.531
4106.27,2.749,0.453,2.185
4106.78,2.749,0.453,2.181
4107.29,2.749,0.453,2.185
4107.81,2.79,0.467,2.185
4108.32,2.749,0.453,2.185
4108.83,2.791,0.467,2.185
4109.33,2.79,0.453,0.531
4109.85,2.749,0.458,2.185
4110.36,2.749,0.725,1.372
4110.87,2.749,0.465,2.185
4111.39,2.749,0.453,2.185
4111.9,2.749,0.453,2.181
4112.41,2.749,0.519,2.185
4112.92,2.749,0.453,2.185
4113.43,2.805,0.467,2.185
4113.95,2.749,0.453,0.531
4114.53,2.777,0.467,2.185
4115.03,2.859,0.453,2.185
4115.54,2.749,0.482,2.181
4116.05,2.749,0.453,2.185
4116.56,2.777,0.467,2.185
4117.08,2.749,0.453,0.531
4117.59,2.777,0.467,2.185
4118.09,2.749,0.453,0.531
4118.6,2.749,0.453,2.187
4119.11,2.806,0.467,2.185
4119.64,2.749,0.453,0.531
4120.15,2.749,0.514,2.185
4120.66,2.777,0.467,2.185
4121.17,2.841,0.453,2.185
4121.67,2.749,0.453,0.531
4122.19,2.749,0.52,2.185
4122.7,2.749,0.453,2.185
4123.21,2.749,0.453,0.531
4123.72,2.749,0.453,0.531
4124.22,2.749,0.563,1.185
4124.73,2.762,0.453,2.185
4125.24,2.762,0.6,1.185
4125.76,2.762,0.453,2.187
4126.27,2.763,0.467,2.185
4126.78,2.762,0.453,0.531
4127.28,2.801,0.453,2.185
4127.79,2.832,0.453,2.185
4128.3,2.753,0.453,2.181
4128.81,2.749,0.453,0.531
4129.32,2.838,0.453,2.185
4129.82,2.79,0.467,2.185
4130.34,2.749,0.453,0.531
4130.85,2.777,0.467,2.185
4131.36,2.815,0.467,2.185
4131.88,2.749,0.453,0.531
4132.39,2.79,0.506,2.185
4132.9,2.772,0.526,2.185
4133.41,2.79,0.453,2.185
4133.97,2.79,0.453,0.531
4134.48,2.79,0.453,0.531
4134.99,2.79,0.453,0.531
4135.5,2.762,0.453,2.185
4136.0,2.762,0.453,0.531
4136.51,2.762,0.465,2.185
4137.02,2.749,0.453,2.185
4137.53,2.828,0.467,2.185
4138.06,2.749,0.453,0.531
4138.57,2.833,0.464,2.185
4139.08,2.762,0.453,0.531
4139.65,2.762,0.453,0.531
4140.19,2.762,0.453,0.531
4140.71,2.762,0.453,0.531
4141.22,2.762,0.453,2.181
4141.78,2.762,0.453,0.531
4142.29,2.762,0.453,2.181
4142.8,2.762,0.453,0.531
4143.37,2.763,0.467,2.185
4143.88,2.762,0.453,2.181
4144.39,2.762,0.453,2.185
4144.9,2.79,0.467,2.185
4145.41,2.749,0.462,2.185
4145.92,2.776,0.453,2.181
4146.43,2.749,0.453,2.187
4146.94,2.762,0.459,2.185
4147.45,2.762,0.453,2.181
4147.96,2.749,0.453,2.185
4148.47,2.749,0.453,0.531
4148.98,2.763,0.467,2.185
4149.48,2.749,0.453,2.185
4149.99,2.787,0.467,2.185
4150.5,2.749,0.482,2.181
4151.0,2.749,0.453,2.185
4151.51,2.777,0.467,2.185
4152.02,2.809,0.453,2.185
4152.53,2.762,0.453,0.531
4153.04,2.749,0.479,2.185
4153.55,2.796,0.467,2.181
4154.06,2.749,0.453,0.531
4154.57,2.834,0.467,2.185
4155.09,2.749,0.453,2.185
4155.6,2.806,0.467,2.185
4156.11,2.749,0.453,2.181
4156.65,2.749,0.453,0.531
4157.15,2.815,0.453,2.185
4157.66,2.775,0.453,2.185
4158.17,2.749,0.453,0.531
4158.69,2.777,0.467,2.185
4159.2,2.749,0.459,2.185
4159.71,2.749,0.453,2.181
4160.28,2.762,0.453,0.531
4160.79,2.816,0.453,2.185
4161.3,2.749,0.453,2.185
4161.81,2.803,0.467,2.185
4162.34,2.749,0.453,0.531
4162.85,2.777,0.467,2.185
4163.36,2.79,0.453,2.185
4163.87,2.749,0.453,0.531
4164.38,2.777,0.467,2.185
4164.9,2.762,0.46,2.185
4165.42,2.749,0.453,2.181
4165.93,2.749,0.453,2.185
4166.44,2.749,0.453,2.185
4166.95,2.83,0.467,2.185
4167.51,2.749,0.453,0.531
4168.03,2.777,0.467,2.185
4168.54,2.867,0.468,2.185
4169.08,2.749,0.453,0.531
4169.59,2.777,0.467,2.185
4170.16,2.749,0.453,0.531
4170.67,2.749,0.453,0.531
4171.17,2.777,0.467,2.185
4171.68,2.749,0.547,2.185
4172.2,2.749,0.453,2.181
4172.71,2.749,0.478,2.185
4173.23,2.749,0.453,0.531
4173.74,2.762,0.511,2.185
4174.25,2.786,0.467,2.181
4174.76,2.762,0.453,0.531
4175.3,2.762,0.453,0.531
4175.85,2.762,0.453,0.531
4176.36,2.762,0.453,0.531
4176.9,2.762,0.453,0.531
4177.41,2.762,0.453,0.531
4177.92,2.762,0.489,2.185
4178.43,2.762,0.453,0.531
4179.08,2.763,0.467,2.187
4179.58,2.749,0.511,2.185
4180.1,2.749,0.453,0.531
4180.69,2.778,0.467,2.187
4181.2,2.75,0.559,1.185
4181.72,2.75,0.619,2.185
4182.28,2.832,0.467,2.185
4182.79,2.75,0.453,0.531
4183.52,2.75,0.453,0.531
4184.09,2.75,0.453,0.531
4184.6,2.763,0.623,2.185
4185.13,2.763,0.453,0.531
4185.68,2.763,0.453,0.531
4186.2,2.763,0.453,0.531
4186.75,2.763,0.453,0.531
4187.26,2.785,0.453,2.185
4187.77,2.763,0.649,1.185
4188.28,2.763,0.453,2.185
4188.79,2.779,0.467,2.185
4189.3,2.75,0.453,0.531
4189.81,2.764,0.467,2.185
4190.31,2.82,0.467,2.185
4190.82,2.75,0.453,0.531
4191.33,2.779,0.467,2.185
4191.84,2.86,0.453,2.185
4192.38,2.75,0.453,0.531
4192.88,2.779,0.467,2.185
4193.39,2.881,0.453,2.185
4193.93,2.75,0.453,0.531
4194.44,2.779,0.467,2.185
4194.94,2.75,0.453,2.181
4195.45,2.75,0.453,2.185
4195.96,2.75,0.453,2.185
4196.47,2.817,0.467,2.185
4196.99,2.75,0.453,0.531
4197.5,2.779,0.467,2.185
4198.01,2.779,0.467,2.185
4198.54,2.75,0.453,0.531
4199.05,2.779,0.467,2.185
4199.56,2.83,0.498,2.185
4200.09,2.75,0.482,2.181
4200.6,2.75,0.457,2.185
4201.11,2.75,0.453,2.181
4201.62,2.75,0.453,2.185
4202.13,2.75,0.453,2.185
4202.64,2.75,0.453,2.181
4203.15,2.75,0.52,2.185
4203.66,2.75,0.453,2.185
4204.2,2.75,0.566,0.732
4204.71,2.75,0.466,2.185
4205.23,2.75,0.453,2.185
4205.74,2.799,0.453,2.181
4206.29,2.75,0.453,0.531
4206.79,2.779,0.467,2.185
4207.3,2.75,0.453,0.531
4207.81,2.763,0.467,2.185
4208.31,2.75,0.453,2.181
4208.82,2.75,0.453,2.187
4209.33,2.75,0.453,2.185
4209.84,2.818,0.467,2.185
4210.39,2.75,0.453,0.531
4210.9,2.779,0.453,2.185
4211.41,2.75,0.453,2.185
4211.91,2.764,0.467,2.185
4212.44,2.763,0.453,0.531
4212.95,2.779,0.467,2.185
4213.45,2.75,0.453,0.531
4213.97,2.779,0.467,2.185
4214.48,2.844,0.453,2.185
4215.01,2.75,0.453,0.531
4215.52,2.779,0.467,2.185
4216.03,2.75,0.47,2.185
4216.54,2.75,0.453,2.181
4217.05,2.75,0.453,2.185
4217.56,2.75,0.453,2.185
4218.07,2.788,0.467,2.185
4218.62,2.75,0.453,0.531
4219.13,2.779,0.467,2.187
4219.64,2.75,0.453,0.531
4220.16,2.75,0.453,2.185
4220.67,2.82,0.467,2.185
4221.19,2.75,0.453,0.531
4221.7,2.779,0.467,2.185
4222.21,2.861,0.463,2.185
4222.77,2.75,0.453,0.531
4223.27,2.793,0.467,2.185
4223.78,2.861,0.453,2.185
4224.29,2.75,0.482,2.181
4224.8,2.75,0.51,2.185
4225.32,2.75,0.453,0.531
4225.83,2.763,0.453,2.185
4226.34,2.763,0.453,2.185
4226.85,2.817,0.467,2.185
4227.36,2.75,0.453,2.181
4227.9,2.792,0.453,0.531
4228.41,2.75,0.453,2.185
4228.92,2.764,0.467,2.185
4229.43,2.817,0.467,2.185
4229.97,2.75,0.453,0.531
4230.48,2.792,0.453,2.185
4230.98,2.788,0.453,2.181
4231.53,2.75,0.453,0.531
4232.04,2.75,0.588,2.185
4232.54,2.75,0.453,2.181
4233.05,2.835,0.453,2.185
4233.56,2.864,0.453,2.185
4234.13,2.75,0.453,0.531
4234.64,2.75,0.453,0.531
4235.22,2.75,0.453,0.531
4235.8,2.763,0.463,2.185
4236.31,2.763,0.453,2.185
4236.81,2.763,0.453,0.531
4237.32,2.764,0.467,2.185
4237.83,2.763,0.453,0.531
4238.36,2.763,0.516,2.185
4238.87,2.75,0.453,2.185
4239.37,2.857,0.467,2.185
4239.88,2.75,0.482,2.181
4240.39,2.751,0.453,0.531
4240.96,2.75,0.453,0.531
4241.53,2.75,0.453,0.531
4242.05,2.75,0.453,2.181
4242.6,2.763,0.453,0.531
4243.11,2.763,0.463,2.185
4243.62,2.774,0.453,2.181
4244.15,2.75,0.453,0.531
4244.67,2.75,0.509,2.185
4245.19,2.75,0.453,2.185
4245.7,2.764,0.467,2.185
4246.21,2.75,0.453,0.531
4246.72,2.75,0.453,2.185
4247.23,2.793,0.467,2.187
4247.74,2.792,0.453,0.531
4248.26,2.792,0.453,0.531
4248.77,2.792,0.539,1.185
4249.33,2.763,0.453,0.531
4249.84,2.813,0.453,2.185
4250.35,2.779,0.467,2.185
4250.86,2.75,0.455,2.185
4251.37,2.765,0.453,2.181
4251.92,2.75,0.453,0.531
4252.43,2.828,0.453,2.185
4252.94,2.763,0.453,0.531
4253.45,2.764,0.467,2.185
4253.96,2.763,0.453,0.531
4254.47,2.763,0.453,0.531
4254.98,2.764,0.467,2.185
4255.48,2.821,0.453,2.185
4255.99,2.763,0.453,2.181
4256.5,2.75,0.453,0.531
4257.01,2.854,0.453,2.185
4257.52,2.75,0.453,2.185
4258.03,2.824,0.467,2.185
4258.55,2.763,0.453,0.531
4259.05,2.825,0.453,2.185
4259.56,2.833,0.453,2.185
4260.07,2.75,0.453,0.531
4260.59,2.779,0.467,2.185
4261.1,2.75,0.462,2.185
4261.61,2.75,0.453,2.181
4262.12,2.75,0.453,0.531
4262.63,2.75,0.453,2.185
4263.14,2.839,0.467,2.185
4263.65,2.792,0.453,0.531
4264.22,2.75,0.453,2.185
4264.73,2.829,0.467,2.185
4265.27,2.75,0.453,0.531
4265.77,2.776,0.525,2.185
4266.28,2.751,0.453,0.531
4266.8,2.779,0.467,2.185
4267.31,2.751,0.453,0.531
4267.82,2.779,0.467,2.185
4268.33,2.75,0.468,2.185
4268.84,2.75,0.453,2.181
4269.35,2.764,0.453,2.185
4269.86,2.75,0.582,2.185
4270.37,2.75,0.548,1.185
4270.88,2.779,0.453,2.185
4271.39,2.884,0.453,2.185
4271.9,2.75,1.304,1.609
4272.41,2.75,0.463,2.185
4272.92,2.75,0.482,2.181
4273.43,2.763,0.453,2.185
4273.93,2.763,0.453,0.531
4274.44,2.763,0.453,0.531
4274.97,2.763,0.453,0.531
4275.49,2.763,0.453,0.531
4276.0,2.765,0.467,2.185
4276.5,2.763,0.453,0.531
4277.04,2.763,0.524,2.187
4277.55,2.763,0.453,0.531
4278.06,2.773,0.453,2.185
4278.57,2.763,0.516,2.185
4279.09,2.763,0.453,0.531
4279.59,2.763,0.453,0.531
4280.1,2.765,0.467,2.185
4280.61,2.763,0.617,0.732
4281.13,2.763,0.453,2.185
4281.65,2.764,0.453,0.531
4282.16,2.763,0.453,0.531
4282.68,2.763,0.604,2.185
4283.2,2.764,0.453,0.531
4283.7,2.788,0.453,2.185
4284.21,2.764,0.453,0.531
4284.77,2.764,0.453,0.531
4285.3,2.764,0.453,0.531
4285.81,2.764,0.453,0.531
4286.31,2.764,0.453,0.531
4286.83,2.764,0.453,2.181
4287.35,2.764,0.453,0.531
4287.86,2.829,0.453,2.187
4288.37,2.777,0.453,2.185
4288.88,2.833,0.467,2.185
4289.39,2.751,0.725,1.372
4289.9,2.764,0.524,2.185
4290.42,2.764,0.482,2.181
4290.93,2.764,0.515,2.185
4291.44,2.751,0.453,2.185
4291.95,2.751,0.453,0.531
4292.46,2.751,0.453,2.185
4292.97,2.792,0.467,2.185
4293.49,2.751,0.453,0.531
4294.0,2.779,0.467,2.187
4294.51,2.816,0.453,2.185
4295.01,2.751,0.453,0.531
4295.52,2.843,0.453,2.185
4296.03,2.764,0.453,2.185
4296.54,2.753,0.453,2.181
4297.12,2.764,0.453,0.531
4297.62,2.764,0.453,2.181
4298.2,2.751,0.453,0.531
4298.71,2.779,0.467,2.185
4299.21,2.751,0.465,2.185
4299.74,2.751,0.453,0.531
4300.25,2.849,0.465,2.185
4300.77,2.751,0.533,2.185
4301.27,2.751,0.453,2.181
4301.78,2.779,0.467,2.185
4302.29,2.751,0.469,2.185
4302.83,2.751,0.453,0.531
4303.34,2.765,0.467,2.185
4303.87,2.764,0.453,0.531
4304.37,2.794,0.453,2.185
4304.88,2.751,0.537,2.185
4305.38,2.751,0.453,2.181
4305.89,2.751,0.453,2.187
4306.4,2.751,0.453,2.185
4306.91,2.842,0.467,2.185
4307.44,2.751,0.453,0.531
4307.95,2.779,0.467,2.187
4308.46,2.751,0.516,2.185
4308.97,2.751,0.453,0.531
4309.47,2.793,0.467,2.185
4309.98,2.792,0.453,0.531
4310.5,2.751,0.526,2.185
4311.01,2.751,0.453,2.181
4311.52,2.751,0.453,2.185
4312.03,2.751,0.453,2.187
4312.54,2.817,0.467,2.185
4313.05,2.751,0.453,0.531
4313.56,2.793,0.467,2.185
4314.07,2.751,0.552,2.185
4314.58,2.792,0.453,2.181
4315.09,2.751,0.458,2.185
4315.6,2.764,0.453,2.185
4316.11,2.776,0.453,2.181
4316.67,2.751,0.453,0.531
4317.18,2.779,0.467,2.185
4317.71,2.751,0.453,0.531
4318.22,2.779,0.467,2.185
4318.73,2.751,0.462,2.185
4319.25,2.751,0.453,2.181
4319.76,2.849,0.468,2.185
4320.28,2.777,0.501,2.185
4320.81,2.751,0.453,2.181
4321.32,2.751,0.453,2.185
4321.82,2.779,0.467,2.185
4322.34,2.882,0.453,2.185
4322.84,2.751,0.453,0.531
4323.35,2.751,0.453,2.185
4323.86,2.765,0.453,2.181
4324.37,2.792,0.453,0.531
4324.88,2.792,0.453,0.531
4325.39,2.764,0.453,2.185
4325.95,2.764,0.453,0.531
4326.46,2.764,0.5,2.185
4326.97,2.751,0.453,2.185
4327.48,2.788,0.467,2.185
4328.0,2.751,0.453,0.531
4328.5,2.82,0.453,2.185
4329.01,2.778,0.922,2.185
4329.53,2.751,0.453,0.531
4330.04,2.751,0.453,2.185
4330.54,2.842,0.467,2.185
4331.06,2.751,0.453,0.531
4331.57,2.751,0.453,0.531
4332.09,2.751,0.453,0.531
4332.6,2.829,0.453,2.185
4333.11,2.764,0.453,0.531
4333.62,2.764,0.453,0.531
4334.13,2.764,0.492,2.185
4334.64,2.764,0.453,0.531
4335.15,2.764,0.496,2.187
4335.66,2.764,0.453,2.181
4336.21,2.764,0.453,0.531
4336.71,2.836,0.453,2.185
4337.23,2.833,0.453,2.185
4337.74,2.772,0.453,2.181
4338.28,2.751,0.453,0.531
4338.79,2.765,0.467,2.185
4339.3,2.833,0.481,2.185
4339.81,2.751,0.453,0.531
4340.32,2.779,0.467,2.185
4340.82,2.763,0.453,2.181
4341.33,2.751,0.453,0.531
4341.85,2.764,0.518,2.185
4342.39,2.764,0.453,0.531
4342.9,2.764,0.453,0.531
4343.41,2.764,0.453,2.187
4343.92,2.805,0.525,2.185
4344.43,2.817,0.467,2.185
4344.98,2.751,0.453,0.531
4345.49,2.751,0.453,0.531
4346.0,2.751,0.453,0.531
4346.51,2.835,0.462,2.185
4347.02,2.764,0.453,2.181
4347.53,2.764,0.453,0.531
4348.05,2.751,0.464,2.185
4348.56,2.777,0.453,2.185
4349.06,2.82,0.467,2.185
4349.57,2.751,0.55,1.185
4350.09,2.751,0.471,2.187
4350.6,2.751,0.453,2.185
4351.11,2.751,0.453,0.531
4351.62,2.751,0.453,2.185
4352.13,2.817,0.467,2.185
4352.66,2.751,0.453,0.531
4353.17,2.765,0.467,2.185
4353.75,2.764,0.453,0.531
4354.26,2.765,0.467,2.185
4354.77,2.764,0.453,2.185
4355.28,2.764,0.453,0.531
4355.78,2.765,0.467,2.185
4356.29,2.751,0.453,2.185
4356.8,2.764,0.453,0.531
4357.31,2.779,0.467,2.185
4357.82,2.857,0.453,2.185
4358.34,2.751,0.453,2.181
4358.89,2.751,0.453,0.531
4359.4,2.764,0.512,2.185
4359.91,2.779,0.467,2.185
4360.42,2.751,0.453,0.531
4361.0,2.764,0.537,2.185
4361.52,2.751,0.453,2.185
4362.03,2.804,0.467,2.185
4362.54,2.751,0.453,0.531
4363.06,2.834,0.453,2.187
4363.57,2.751,0.453,2.185
4364.08,2.818,0.467,2.185
4364.59,2.764,0.453,0.531
4365.1,2.836,0.453,2.185
4365.61,2.751,0.453,2.185
4366.12,2.805,0.525,2.185
4366.66,2.751,0.453,0.531
4367.17,2.779,0.467,2.185
4367.68,2.751,0.462,2.187
4368.19,2.751,0.453,2.181
4368.76,2.751,0.453,0.531
4369.27,2.751,0.543,2.185
4369.78,2.751,0.453,2.181
4370.29,2.849,0.463,2.185
4370.81,2.764,0.514,2.185
4371.32,2.751,0.453,2.181
4371.84,2.751,0.453,2.185
4372.35,2.765,0.922,2.185
4372.86,2.82,0.467,2.185
4373.38,2.751,0.453,0.531
4373.89,2.779,0.467,2.185
4374.4,2.764,0.481,2.185
4374.94,2.751,0.453,0.531
4375.45,2.764,1.206,2.185
4375.96,2.833,0.467,2.185
4376.47,2.751,0.482,2.181
4376.98,2.751,0.453,2.185
4377.49,2.751,0.453,0.531
4378.02,2.751,0.453,0.531
4378.55,2.751,0.453,0.531
4379.12,2.751,0.453,0.531
4379.65,2.751,0.453,0.531
4380.17,2.764,0.453,2.185
4380.69,2.765,0.467,2.185
4381.19,2.764,0.453,0.531
4381.7,2.764,0.901,1.372
4382.22,2.764,0.482,2.181
4382.73,2.765,0.467,2.185
4383.25,2.765,0.453,0.531
4383.92,2.765,0.453,0.531
4384.51,2.765,0.453,0.531
4385.06,2.765,0.453,0.531
4385.57,2.766,0.467,2.185
4386.08,2.765,0.453,0.531
4386.59,2.765,0.453,2.185
4387.1,2.765,0.453,0.531
4387.6,2.765,0.466,0.531
4388.11,2.765,0.453,0.531
4388.69,2.766,0.467,2.185
4389.2,2.752,0.554,2.185
4389.74,2.752,0.453,0.531
4390.26,2.78,0.467,2.185
4390.76,2.831,0.453,2.185
4391.29,2.752,0.453,0.531
4391.79,2.765,0.453,2.187
4392.3,2.78,0.467,2.185
4392.85,2.752,0.453,0.531
4393.36,2.78,0.467,2.185
4393.9,2.752,0.453,0.531
4394.41,2.78,0.467,2.185
4394.92,2.752,0.462,2.185
4395.43,2.765,0.453,2.181
4395.94,2.837,0.453,2.185
4396.46,2.752,0.453,2.185
4396.97,2.79,0.467,2.181
4397.54,2.752,0.453,0.531
4398.05,2.78,0.467,2.185
4398.56,2.859,0.467,2.185
4399.08,2.752,0.453,0.531
4399.59,2.78,0.467,2.185
4400.13,2.752,0.453,0.531
4400.64,2.78,0.467,2.185
4401.14,2.858,0.453,2.185
4401.67,2.752,0.453,0.531
4402.18,2.78,0.467,2.185
4402.69,2.752,0.464,2.185
4403.2,2.752,0.453,2.181
4403.71,2.752,0.453,2.185
4404.22,2.795,0.467,2.185
4404.73,2.809,0.467,2.185
4405.24,2.794,0.453,0.531
4405.75,2.794,0.453,2.181
4406.26,2.752,0.453,0.531
4406.77,2.752,0.453,2.185
4407.28,2.808,0.467,2.185
4407.79,2.752,0.554,2.185
4408.3,2.752,0.453,2.185
4408.82,2.752,0.453,0.531
4409.33,2.839,0.453,2.185
4409.84,2.752,0.461,2.187
4410.34,2.794,0.453,2.181
4410.85,2.794,0.453,2.185
4411.36,2.781,0.467,2.185
4411.87,2.752,0.453,0.531
4412.38,2.781,0.467,2.185
4412.88,2.752,0.453,0.531
4413.39,2.837,0.465,2.185
4413.91,2.752,0.453,0.531
4414.42,2.85,0.453,2.185
4414.93,2.752,0.583,2.185
4415.44,2.752,0.552,1.185
4415.96,2.826,0.453,2.185
4416.46,2.886,0.469,2.185
4416.99,2.752,0.453,0.531
4417.5,2.781,0.467,2.185
4418.01,2.862,0.453,2.185
4418.52,2.752,0.453,2.181
4419.03,2.752,0.453,2.185
4419.53,2.781,0.467,2.185
4420.06,2.752,0.453,0.531
4420.57,2.752,0.453,2.185
4421.08,2.771,0.467,2.181
4421.6,2.765,0.453,0.531
4422.11,2.837,0.453,2.185
4422.62,2.752,0.453,2.185
4423.12,2.752,0.453,0.531
4423.63,2.836,0.462,2.185
4424.15,2.777,0.453,2.181
4424.69,2.765,0.453,0.531
4425.2,2.837,0.453,2.185
4425.71,2.778,0.453,2.187
4426.22,2.752,0.453,0.531
4426.73,2.752,0.463,2.185
4427.25,2.752,0.453,2.187
4427.75,2.834,0.467,2.185
4428.26,2.752,0.453,0.531
4428.78,2.752,0.471,2.185
4429.29,2.752,0.453,2.185
4429.8,2.752,0.453,2.181
4430.32,2.752,0.453,2.185
4430.83,2.752,0.453,0.531
4431.34,2.765,0.453,2.185
4431.86,2.765,0.453,2.181
4432.37,2.752,0.517,2.185
4432.88,2.752,0.453,2.185
4433.39,2.781,0.467,2.185
4433.91,2.752,0.453,0.531
4434.42,2.781,0.453,2.185
4434.93,2.752,0.453,2.187
4435.45,2.752,0.453,2.181
4436.0,2.752,0.453,0.531
4436.51,2.781,0.467,2.185
4437.02,2.752,0.476,2.185
4437.56,2.752,0.453,0.531
4438.07,2.781,0.467,2.185
4438.58,2.778,0.488,2.185
4439.1,2.765,0.453,2.181
4439.61,2.752,0.453,0.531
4440.12,2.781,0.467,2.187
4440.64,2.844,0.467,2.185
4441.15,2.752,0.453,0.531
4441.65,2.8,0.453,2.185
4442.16,2.778,0.453,2.185
4442.67,2.752,0.453,0.531
4443.17,2.781,0.453,2.185
4443.68,2.752,0.453,0.531
4444.19,2.766,0.467,2.185
4444.7,2.765,0.453,2.185
4445.21,2.834,0.467,2.185
4445.72,2.752,0.625,1.185
4446.23,2.752,0.498,2.185
4446.74,2.754,0.467,2.185
4447.25,2.752,0.453,0.531
4447.76,2.752,0.453,0.531
4448.27,2.765,0.453,2.185
4448.81,2.765,0.453,0.531
4449.32,2.766,0.467,2.185
4449.83,2.765,0.994,1.185
4450.35,2.765,0.453,2.187
4450.86,2.781,0.467,2.185
4451.37,2.85,0.453,2.185
4451.88,2.752,0.482,2.181
4452.38,2.752,0.453,2.187
4452.89,2.781,0.467,2.187
4453.4,2.875,0.466,2.185
4453.92,2.752,0.453,0.531
4454.42,2.834,0.453,2.185
4454.93,2.752,0.488,2.185
4455.44,2.752,0.453,2.181
4455.97,2.752,0.453,0.531
4456.49,2.794,0.466,2.185
4457.0,2.752,0.453,2.185
4457.51,2.752,0.453,0.531
4458.02,2.752,0.453,2.181
4458.54,2.765,0.453,0.531
4459.05,2.831,0.453,2.185
4459.56,2.765,0.453,2.185
4460.07,2.752,0.453,0.531
4460.58,2.781,0.467,2.185
4461.09,2.819,0.467,2.185
4461.6,2.752,0.453,0.531
4462.11,2.752,0.457,2.185
4462.62,2.752,0.453,2.185
4463.13,2.82,0.467,2.185
4463.64,2.765,0.453,0.531
4464.15,2.752,0.503,2.185
4464.66,2.752,0.453,2.187
4465.16,2.823,0.582,2.185
4465.71,2.752,0.453,0.531
4466.22,2.752,0.453,2.181
4466.78,2.752,0.453,0.531
4467.29,2.781,0.467,2.185
4467.8,2.85,0.466,2.185
4468.31,2.752,0.453,0.531
4468.82,2.85,0.453,2.185
4469.33,2.752,0.453,2.185
4469.84,2.777,0.453,2.181
4470.39,2.794,0.453,0.531
4470.9,2.795,0.467,2.185
4471.41,2.794,0.453,2.181
4471.92,2.752,0.453,2.185
4472.43,2.752,0.453,2.185
4472.94,2.753,0.453,0.531
4473.45,2.781,0.453,2.185
4473.96,2.752,0.576,2.185
4474.51,2.752,0.453,0.531
4475.02,2.781,0.467,2.185
4475.53,2.89,0.453,2.185
4476.05,2.752,0.453,0.531
4476.56,2.781,0.467,2.185
4477.06,2.752,0.499,2.185
4477.58,2.752,0.453,0.531
4478.09,2.752,0.468,2.185
4478.6,2.839,0.467,2.185
4479.11,2.752,0.453,0.531
4479.62,2.781,0.467,2.185
4480.13,2.752,0.453,2.185
4480.64,2.819,0.467,2.185
4481.19,2.752,0.453,0.531
4481.71,2.752,0.453,2.185
4482.22,2.781,0.467,2.185
4482.79,2.752,0.453,0.531
4483.3,2.752,0.453,0.531
4483.9,2.752,0.453,0.531
4484.42,2.752,0.453,0.531
4484.95,2.753,0.453,0.531
4485.46,2.753,0.453,0.531
4485.97,2.753,0.552,1.185
4486.48,2.753,0.482,2.181
4486.98,2.765,0.453,2.185
4487.52,2.767,0.453,0.531
4488.09,2.767,0.453,0.531
4488.62,2.767,0.453,0.531
4489.14,2.767,0.453,0.531
4489.65,2.767,0.453,2.185
4490.16,2.767,0.453,0.531
4490.67,2.767,0.453,2.181
4491.18,2.767,0.453,2.185
4491.68,2.753,0.453,2.185
4492.19,2.809,0.467,2.185
4492.7,2.753,0.453,0.531
4493.21,2.837,0.453,2.185
4493.72,2.766,0.558,2.185
4494.26,2.753,0.482,2.181
4494.77,2.842,0.453,2.185
4495.28,2.753,0.503,2.185
4495.78,2.753,0.453,0.531
4496.29,2.753,0.453,2.185
4496.8,2.777,0.453,2.181
4497.31,2.753,0.453,0.531
4497.88,2.781,0.467,2.185
4498.39,2.851,0.453,2.185
4498.92,2.753,0.482,2.181
4499.42,2.85,0.453,2.185
4499.93,2.753,0.453,2.185
4500.45,2.765,0.453,2.181
4500.95,2.753,0.453,0.531
4501.47,2.781,0.467,2.185
4501.97,2.753,0.453,0.531
4502.48,2.781,0.467,2.185
4502.99,2.845,0.453,2.185
4503.53,2.753,0.453,0.531
4504.04,2.753,0.453,2.185
4504.55,2.753,0.453,2.181
4505.06,2.753,0.527,2.185
4505.57,2.85,0.469,2.185
4506.12,2.753,0.453,0.531
4506.63,2.824,0.453,2.185
4507.14,2.795,0.453,2.185
4507.65,2.794,0.482,2.181
4508.16,2.753,0.453,2.185
4508.66,2.781,0.467,2.185
4509.17,2.781,0.467,2.185
4509.68,2.753,0.453,0.531
4510.2,2.781,0.467,2.185
4510.71,2.753,0.464,2.185
4511.25,2.753,0.453,0.531
4511.77,2.807,0.467,2.185
4512.29,2.753,0.453,0.531
4512.8,2.781,0.467,2.187
4513.31,2.753,0.453,0.531
4513.82,2.781,0.467,2.185
4514.33,2.863,0.453,2.185
4514.84,2.794,0.453,2.181
4515.35,2.794,0.453,2.185
4515.86,2.767,0.467,2.185
4516.36,2.834,0.467,2.185
4516.87,2.753,0.453,0.531
4517.38,2.781,0.467,2.185
4517.89,2.887,0.453,2.185
4518.42,2.753,0.453,0.531
4518.93,2.781,0.467,2.185
4519.44,2.753,0.453,0.531
4519.95,2.781,0.467,2.185
4520.46,2.753,0.453,0.531
4520.97,2.753,0.453,2.185
4521.48,2.822,0.467,2.185
4522.01,2.753,0.453,0.531
4522.52,2.781,0.467,2.185
4523.03,2.822,0.462,2.185
4523.54,2.773,0.453,2.181
4524.09,2.753,0.453,0.531
4524.6,2.845,0.453,2.187
4525.11,2.753,0.453,2.185
4525.61,2.794,0.467,2.185
4526.13,2.753,0.453,0.531
4526.64,2.753,0.453,2.185
4527.18,2.753,0.453,0.531
4527.69,2.808,0.453,2.187
4528.2,2.766,0.453,0.531
4528.7,2.766,0.474,2.185
4529.21,2.767,0.453,2.181
4529.79,2.766,0.453,0.531
4530.3,2.781,0.467,2.185
4530.8,2.766,0.464,2.185
4531.32,2.753,0.453,2.181
4531.83,2.753,0.453,2.185
4532.33,2.767,0.467,2.185
4532.84,2.781,0.467,2.185
4533.35,2.753,0.453,0.531
4533.86,2.753,0.453,2.185
4534.38,2.753,0.453,2.187
4534.89,2.822,0.467,2.185
4535.39,2.753,0.453,0.531
4535.9,2.753,0.457,2.185
4536.41,2.753,0.482,2.181
4536.92,2.766,0.453,2.185
4537.43,2.766,0.453,2.185
4537.94,2.766,0.453,0.531
4538.45,2.781,0.467,2.185
4538.96,2.753,0.482,2.181
4539.47,2.753,0.467,2.185
4539.98,2.753,0.453,2.187
4540.51,2.753,0.453,0.531
4541.02,2.795,0.467,2.185
4541.53,2.753,0.453,2.185
4542.03,2.794,0.453,2.181
4542.54,2.753,0.453,0.531
4543.05,2.781,0.467,2.185
4543.56,2.753,0.453,2.181
4544.12,2.753,0.453,0.531
4544.62,2.845,0.453,2.185
4545.13,2.753,0.453,2.185
4545.65,2.809,0.467,2.185
4546.17,2.753,0.453,0.531
4546.68,2.838,0.453,2.185
4547.19,2.753,0.453,2.185
4547.69,2.753,0.453,0.531
4548.2,2.767,0.467,2.185
4548.71,2.766,0.453,0.531
4549.22,2.766,0.453,2.185
4549.73,2.766,0.453,2.185
4550.24,2.766,0.453,0.531
4550.79,2.766,0.453,0.531
4551.34,2.766,0.453,0.531
4551.85,2.809,0.453,2.187
4552.35,2.753,0.453,2.185
4552.86,2.781,0.467,2.185
4553.37,2.753,0.453,0.531
4553.88,2.753,0.463,2.187
4554.39,2.753,0.453,2.185
4554.9,2.753,0.453,0.531
4555.42,2.836,0.464,2.187
4555.93,2.766,0.453,2.185
4556.44,2.763,0.453,2.181
4556.95,2.753,0.453,2.185
4557.46,2.753,0.453,2.185
4557.96,2.781,0.467,2.185
4558.48,2.753,0.453,0.531
4558.99,2.83,0.453,2.187
4559.49,2.753,0.453,2.185
4560.0,2.833,0.467,2.185
4560.51,2.753,0.453,0.531
4561.02,2.753,0.453,2.185
4561.53,2.753,0.453,0.531
4562.04,2.767,0.467,2.185
4562.55,2.766,0.453,0.531
4563.06,2.766,0.507,2.187
4563.57,2.753,0.453,2.185
4564.08,2.819,0.467,2.185
4564.6,2.753,0.453,0.531
4565.11,2.781,0.467,2.185
4565.62,2.753,0.473,2.185
4566.13,2.753,0.453,0.531
4566.64,2.753,0.453,2.185
4567.15,2.793,0.639,2.185
4567.66,2.766,0.453,0.531
4568.17,2.781,0.467,2.185
4568.68,2.753,0.489,2.185
4569.19,2.753,0.453,2.181
4569.7,2.753,0.501,2.185
4570.21,2.779,0.453,2.187
4570.71,2.753,0.453,2.181
4571.22,2.753,0.453,2.185
4571.73,2.781,0.467,2.185
4572.24,2.753,0.453,2.187
4572.75,2.753,0.453,0.531
4573.25,2.788,0.467,2.185
4573.76,2.753,0.533,2.185
4574.27,2.766,0.482,2.181
4574.79,2.753,0.483,2.187
4575.3,2.753,0.453,2.185
4575.81,2.769,0.453,2.181
4576.38,2.753,0.453,0.531
4576.89,2.781,0.467,2.185
4577.4,2.835,0.453,2.185
4577.93,2.753,0.453,0.531
4578.44,2.781,0.467,2.185
4578.95,2.753,0.453,0.531
4579.46,2.781,0.467,2.185
4579.97,2.87,0.467,2.185
4580.48,2.753,0.453,0.531
4580.99,2.781,0.467,2.185
4581.5,2.779,0.453,2.187
4582.01,2.794,1.206,2.185
4582.55,2.753,0.453,0.531
4583.06,2.781,0.467,2.185
4583.56,2.753,0.453,0.531
4584.07,2.766,0.453,2.187
4584.58,2.766,0.453,0.531
4585.09,2.766,0.463,2.185
4585.61,2.835,0.453,2.185
4586.12,2.857,0.467,2.185
4586.63,2.753,0.453,0.531
4587.15,2.753,0.453,2.185
4587.69,2.753,0.453,0.531
4588.23,2.753,0.453,0.531
4588.75,2.753,0.453,0.531
4589.29,2.753,0.453,0.531
4589.81,2.753,0.453,0.531
4590.32,2.753,0.453,0.531
4590.83,2.753,0.482,2.181
4591.34,2.753,0.556,1.185
4591.85,2.753,0.453,0.531
4592.36,2.753,0.453,0.531
4592.88,2.753,0.453,0.531
4593.39,2.766,0.462,2.187
4593.9,2.766,0.453,0.531
4594.41,2.767,0.467,2.185
4594.92,2.766,0.455,2.185
4595.43,2.77,0.453,2.181
4596.0,2.753,0.453,0.531
4596.51,2.827,0.453,2.185
4597.02,2.781,0.467,2.185
4597.54,2.753,0.453,0.531
4598.05,2.767,0.467,2.185
4598.56,2.849,0.466,2.185
4599.09,2.753,0.453,0.531
4599.59,2.753,0.453,2.187
4600.1,2.835,0.467,2.185
4600.62,2.753,0.453,0.531
4601.12,2.781,0.467,2.185
4601.63,2.846,0.453,2.185
4602.15,2.753,0.453,0.531
4602.65,2.833,0.453,2.185
4603.16,2.753,0.502,2.185
4603.67,2.794,0.453,2.181
4604.17,2.794,0.53,2.185
4604.68,2.753,0.453,2.185
4605.21,2.794,0.453,2.181
4605.72,2.753,0.453,2.185
4606.23,2.753,0.453,2.185
4606.74,2.809,0.467,2.185
4607.28,2.753,0.453,0.531
4607.79,2.781,0.467,2.185
4608.29,2.753,0.453,0.531
4608.81,2.781,0.467,2.185
4609.32,2.869,0.453,2.185
4609.85,2.753,0.453,0.531
4610.36,2.753,0.453,2.185
4610.87,2.809,0.467,2.185
4611.43,2.753,0.453,0.531
4611.94,2.781,0.467,2.185
4612.44,2.753,0.527,2.185
4612.95,2.753,0.564,1.185
4613.46,2.753,0.465,2.185
4613.97,2.753,0.767,1.372
4614.52,2.753,0.465,2.185
4615.04,2.753,0.589,2.185
4615.55,2.753,0.482,2.181
4616.06,2.781,0.467,2.185
4616.57,2.753,0.566,0.732
4617.08,2.781,0.467,2.185
4617.59,2.753,0.464,2.185
4618.13,2.753,0.482,2.181
4618.63,2.753,0.547,2.185
4619.14,2.753,0.453,2.187
4619.65,2.808,0.527,2.185
4620.16,2.753,0.453,0.531
4620.68,2.753,0.453,0.531
4621.19,2.848,0.453,2.185
4621.7,2.753,0.453,0.531
4622.2,2.781,0.467,2.185
4622.71,2.817,0.453,2.185
4623.22,2.753,0.453,0.531
4623.74,2.781,0.467,2.185
4624.24,2.753,0.46,2.185
4624.77,2.753,0.453,0.531
4625.28,2.781,0.467,2.185
4625.79,2.886,0.453,2.185
4626.29,2.753,0.453,0.531
4626.8,2.781,0.467,2.185
4627.31,2.858,0.453,2.185
4627.83,2.753,0.453,0.531
4628.34,2.769,0.752,2.185
4628.89,2.753,0.453,0.531
4629.4,2.838,0.453,2.187
4629.91,2.766,0.453,2.185
4630.42,2.835,0.467,2.185
4630.93,2.753,0.453,0.531
4631.45,2.753,0.526,2.185
4631.96,2.753,0.453,2.185
4632.47,2.753,0.453,0.531
4632.97,2.767,0.467,2.185
4633.48,2.82,0.492,2.185
4633.99,2.766,0.453,0.531
4634.5,2.781,0.467,2.185
4635.01,2.781,0.467,2.185
4635.51,2.753,1.069,1.609
4636.03,2.753,0.453,2.185
4636.54,2.753,0.453,2.185
4637.04,2.844,0.467,2.185
4637.56,2.753,0.453,0.531
4638.07,2.753,0.522,2.185
4638.58,2.766,0.453,2.185
4639.09,2.822,0.467,2.185
4639.6,2.766,0.566,1.185
4640.12,2.753,0.453,2.185
4640.63,2.781,0.467,2.185
4641.14,2.753,0.453,0.531
4641.65,2.767,0.467,2.185
4642.16,2.766,0.453,0.531
4642.67,2.766,0.465,2.185
4643.18,2.835,0.453,2.185
4643.69,2.765,0.453,2.181
4644.2,2.753,0.453,2.185
4644.71,2.753,0.453,2.185
4645.22,2.753,0.453,2.181
4645.79,2.753,0.453,0.531
4646.3,2.817,0.453,2.185
4646.81,2.753,0.52,2.185
4647.32,2.753,0.453,2.181
4647.83,2.753,0.453,0.531
4648.34,2.781,0.922,2.185
4648.84,2.85,0.453,2.185
4649.35,2.753,0.453,2.181
4649.92,2.753,0.453,0.531
4650.43,2.838,0.453,2.185
4650.93,2.848,0.453,2.185
4651.44,2.753,0.453,0.531
4651.95,2.767,1.092,2.185
4652.46,2.781,0.467,2.185
4652.97,2.753,0.453,0.531
4653.48,2.753,0.453,2.185
4653.99,2.781,0.467,2.185
4654.5,2.84,0.453,2.185
4655.02,2.753,0.453,0.531
4655.53,2.753,0.453,2.181
4656.09,2.766,0.453,0.531
4656.6,2.828,0.453,2.187
4657.11,2.753,0.453,2.185
4657.64,2.753,0.453,0.531
4658.15,2.767,0.467,2.185
4658.66,2.766,0.453,0.531
4659.17,2.766,0.489,2.187
4659.68,2.781,0.467,2.185
4660.19,2.855,0.453,2.185
4660.7,2.794,0.453,2.181
4661.21,2.753,0.453,2.187
4661.72,2.753,0.453,2.185
4662.23,2.791,0.467,2.185
4662.78,2.753,0.453,0.531
4663.29,2.753,0.453,0.531
4663.8,2.831,0.453,2.185
4664.31,2.753,0.453,2.187
4664.82,2.778,0.453,2.181
4665.36,2.753,0.453,0.531
4665.87,2.781,0.467,2.187
4666.38,2.851,0.462,2.185
4666.89,2.753,0.453,2.181
4667.4,2.753,0.453,0.531
4667.98,2.834,0.453,2.185
4668.49,2.766,0.453,0.531
4669.07,2.766,0.453,0.531
4669.58,2.766,0.453,0.531
4670.09,2.766,0.453,0.531
4670.6,2.767,0.467,2.187
4671.11,2.851,0.453,2.185
4671.62,2.753,0.482,2.181
4672.13,2.753,0.456,2.185
4672.64,2.753,0.453,2.185
4673.15,2.753,0.453,2.181
4673.66,2.766,0.453,2.185
4674.17,2.753,0.453,2.187
4674.68,2.753,0.453,0.531
4675.19,2.753,0.482,2.185
4675.7,2.753,0.453,2.181
4676.21,2.753,0.453,2.185
4676.72,2.753,0.453,2.185
4677.22,2.82,0.467,2.185
4677.78,2.753,0.453,0.531
4678.29,2.781,0.467,2.185
4678.8,2.753,0.466,2.185
4679.31,2.753,0.453,0.531
4679.83,2.838,0.453,2.185
4680.34,2.753,0.56,2.185
4680.87,2.753,0.453,0.531
4681.37,2.753,0.453,2.185
4681.88,2.772,0.453,2.181
4682.46,2.753,0.453,0.531
4682.97,2.781,0.467,2.185
4683.47,2.834,0.453,2.185
4683.99,2.766,0.453,0.531
4684.5,2.753,0.453,2.185
4685.01,2.859,0.467,2.185
4685.52,2.753,0.453,0.531
4686.04,2.753,0.483,2.187
4686.54,2.825,0.453,2.185
4687.05,2.753,0.572,1.185
4687.57,2.753,0.463,2.185
4688.08,2.753,0.453,2.185
4688.59,2.753,0.453,2.181
4689.13,2.753,0.453,0.531
4689.64,2.766,0.453,2.185
4690.15,2.838,0.453,2.185
4690.67,2.753,0.55,1.185
4691.18,2.766,0.475,2.185
4691.7,2.794,0.453,2.185
4692.21,2.809,0.467,2.185
4692.77,2.753,0.453,0.531
4693.28,2.815,0.453,2.185
4693.79,2.753,0.453,0.531
4694.3,2.781,0.467,2.185
4694.81,2.753,0.453,0.531
4695.37,2.753,0.453,0.531
4695.88,2.776,0.453,2.185
4696.45,2.766,0.453,0.531
4697.0,2.766,0.453,0.531
4697.51,2.766,0.617,0.682
4698.03,2.766,0.453,0.531
4698.54,2.766,0.453,0.531
4699.05,2.766,0.453,0.531
4699.56,2.766,1.539,2.181
4700.08,2.767,0.467,2.185
4700.59,2.769,0.453,0.531
4701.31,2.769,0.453,0.531
4701.85,2.769,0.453,0.531
4702.38,2.769,0.453,0.531
4702.9,2.839,0.453,2.185
4703.41,2.769,0.453,0.531
4703.92,2.769,0.453,2.185
4704.43,2.769,0.453,0.531
4704.94,2.77,0.467,2.185
4705.45,2.769,0.453,0.531
4705.96,2.77,0.467,2.185
4706.46,2.848,0.464,2.185
4706.99,2.756,0.453,2.181
4707.5,2.756,0.472,2.185
4708.01,2.756,0.453,2.185
4708.51,2.775,0.453,2.181
4709.09,2.756,0.453,0.531
4709.6,2.784,0.467,2.185
4710.1,2.756,0.453,0.531
4710.64,2.756,0.453,2.185
4711.14,2.812,0.467,2.185
4711.67,2.756,0.453,0.531
4712.18,2.822,0.453,2.185
4712.69,2.782,0.453,2.185
4713.2,2.756,0.453,2.181
4713.71,2.756,0.453,0.531
4714.28,2.784,0.467,2.185
4714.79,2.756,0.499,2.185
4715.32,2.756,0.453,0.531
4715.83,2.784,0.467,2.185
4716.34,2.834,0.467,2.185
4716.85,2.756,0.453,2.185
4717.36,2.769,0.453,2.185
4717.87,2.781,0.453,2.181
4718.43,2.756,0.453,0.531
4718.93,2.784,0.467,2.185
4719.44,2.866,0.465,2.185
4719.98,2.756,0.563,1.185
4720.5,2.784,0.467,2.185
4721.01,2.875,0.468,2.185
4721.55,2.756,0.453,0.531
4722.06,2.756,0.55,2.185
4722.57,2.756,0.453,2.181
4723.08,2.81,0.453,2.185
4723.59,2.756,0.485,2.185
4724.12,2.756,0.453,0.531
4724.62,2.756,0.575,2.185
4725.13,2.756,0.453,0.531
4725.64,2.757,0.453,2.185
4726.15,2.797,0.453,2.181
4726.66,2.784,0.453,2.185
4727.17,2.826,0.467,2.185
4727.68,2.756,0.453,2.185
4728.19,2.756,0.453,0.531
4728.69,2.784,0.467,2.185
4729.21,2.756,0.453,0.531
4729.72,2.784,0.467,2.185
4730.23,2.756,0.453,2.185
4730.74,2.784,0.467,2.185
4731.25,2.756,0.453,0.531
4731.83,2.784,0.467,2.185
4732.33,2.866,0.453,2.185
4732.84,2.756,0.453,2.181
4733.35,2.756,0.545,2.185
4733.86,2.769,0.453,2.185
4734.37,2.756,0.453,2.181
4734.88,2.756,0.453,2.185
4735.39,2.756,0.482,2.181
4735.9,2.756,0.467,2.185
4736.41,2.756,0.453,2.185
4736.92,2.781,0.453,2.181
4737.44,2.756,0.453,0.531
4737.95,2.798,0.467,2.185
4738.46,2.756,0.453,2.185
4738.98,2.799,0.453,2.181
4739.5,2.756,0.453,0.531
4740.01,2.823,0.453,2.185
4740.52,2.756,0.453,2.185
4741.03,2.756,0.453,0.531
4741.54,2.756,0.453,0.531
4742.04,2.802,0.453,2.185
4742.55,2.756,0.453,2.185
4743.06,2.769,0.453,2.181
4743.63,2.756,0.453,0.531
4744.14,2.823,0.453,2.185
4744.65,2.756,0.453,2.185
4745.16,2.849,0.467,2.185
4745.67,2.756,0.453,0.531
4746.18,2.841,0.464,2.185
4746.7,2.756,0.453,2.185
4747.21,2.756,0.453,2.181
4747.72,2.756,0.453,2.185
4748.23,2.769,0.453,2.185
4748.73,2.822,0.467,2.185
4749.27,2.756,0.453,0.531
4749.78,2.841,0.453,2.185
4750.28,2.756,0.453,2.185
4750.79,2.808,0.525,2.185
4751.31,2.756,0.453,0.531
4751.82,2.756,0.475,2.185
4752.33,2.756,0.453,2.187
4752.84,2.756,0.7,1.185
4753.37,2.756,0.507,2.185
4753.88,2.756,0.453,2.185
4754.38,2.834,0.467,2.185
4754.89,2.756,0.453,0.531
4755.41,2.797,0.457,2.187
4755.92,2.769,0.453,2.187
4756.43,2.781,0.453,2.181
4756.98,2.756,0.453,0.531
4757.49,2.784,0.467,2.185
4758.0,2.756,0.47,2.185
4758.51,2.756,0.453,0.531
4759.01,2.756,0.475,2.185
4759.52,2.756,0.453,0.531
4760.03,2.834,0.453,2.185
4760.54,2.781,0.467,2.185
4761.04,2.769,0.453,0.531
4761.55,2.756,0.462,2.187
4762.06,2.769,0.453,2.185
4762.57,2.797,0.467,2.185
4763.07,2.756,0.453,0.531
4763.59,2.756,0.453,2.185
4764.1,2.784,0.467,2.187
4764.61,2.756,0.453,2.181
4765.15,2.756,0.453,0.531
4765.66,2.769,0.453,2.185
4766.17,2.77,0.467,2.185
4766.74,2.769,0.453,0.531
4767.24,2.77,0.467,2.185
4767.75,2.756,0.473,2.185
4768.32,2.756,0.453,0.531
4768.83,2.77,0.467,2.185
4769.33,2.769,0.482,2.181
4769.84,2.769,0.453,0.531
4770.35,2.8,0.453,2.185
4770.85,2.769,0.453,2.181
4771.39,2.769,0.453,0.531
4771.9,2.841,0.453,2.185
4772.41,2.756,0.453,2.185
4772.92,2.825,0.467,2.185
4773.43,2.756,0.453,0.531
4773.94,2.756,0.464,2.185
4774.45,2.756,0.453,2.185
4774.96,2.813,0.525,2.185
4775.49,2.756,0.453,0.531
4775.99,2.756,0.48,2.185
4776.5,2.756,0.453,2.181
4777.01,2.756,0.453,2.185
4777.52,2.784,0.467,2.185
4778.03,2.866,0.466,2.185
4778.55,2.756,0.453,2.181
4779.09,2.756,0.453,0.531
4779.6,2.845,0.453,2.187
4780.11,2.756,0.453,2.185
4780.62,2.841,0.467,2.185
4781.14,2.756,0.453,0.531
4781.65,2.756,0.453,0.531
4782.16,2.769,0.502,2.187
4782.67,2.769,0.453,2.187
4783.18,2.822,0.467,2.185
4783.69,2.756,0.453,0.531
4784.2,2.784,0.467,2.185
4784.7,2.756,0.49,2.185
4785.24,2.756,0.453,0.531
4785.75,2.77,0.467,2.185
4786.25,2.822,0.467,2.185
4786.77,2.756,0.453,0.531
4787.28,2.784,0.467,2.185
4787.79,2.756,0.453,0.531
4788.3,2.83,0.453,2.185
4788.81,2.769,0.506,2.185
4789.32,2.769,0.453,2.181
4789.82,2.756,0.453,2.187
4790.33,2.756,0.453,2.185
4790.84,2.797,0.525,2.183
4791.39,2.756,0.453,0.531
4791.9,2.784,0.467,2.185
4792.41,2.769,0.458,2.185
4792.94,2.756,0.453,0.531
4793.45,2.761,0.453,2.185
4793.96,2.848,0.467,2.185
4794.47,2.756,0.453,0.531
4794.98,2.784,0.467,2.185
4795.49,2.836,0.462,2.187
4796.02,2.756,0.453,2.181
4796.54,2.756,0.453,2.187
4797.04,2.784,0.467,2.187
4797.55,2.876,0.453,2.185
4798.06,2.756,0.482,2.181
4798.57,2.769,0.486,2.187
4799.08,2.769,0.453,0.531
4799.59,2.756,0.453,2.185
4800.1,2.852,0.467,2.185
4800.61,2.756,0.453,2.181
4801.12,2.756,0.453,0.531
4801.63,2.769,0.453,2.185
4802.14,2.84,0.467,2.185
4802.64,2.756,0.453,2.185
4803.15,2.756,0.453,2.185
4803.66,2.772,0.453,2.181
4804.21,2.756,0.453,0.531
4804.72,2.784,0.467,2.185
4805.23,2.756,0.482,2.181
4805.78,2.756,0.453,0.531
4806.3,2.769,0.453,2.185
4806.8,2.834,0.582,2.185
4807.32,2.769,0.453,0.531
4807.83,2.782,0.453,2.185
4808.34,2.756,0.453,0.531
4808.85,2.756,0.453,0.531
4809.36,2.756,0.453,0.531
4809.87,2.756,0.453,0.531
4810.4,2.756,0.453,0.531
4810.91,2.756,0.453,0.531
4811.44,2.756,0.453,0.531
4811.96,2.756,0.453,0.531
4812.5,2.756,0.453,0.531
4813.05,2.756,0.453,0.531
4813.62,2.756,0.453,0.531
4814.13,2.756,0.453,0.531
4814.64,2.77,0.467,2.185
4815.15,2.802,0.453,2.185
4815.66,2.769,0.482,2.181
4816.17,2.756,0.53,2.185
4816.68,2.756,0.453,2.181
4817.19,2.756,0.47,2.185
4817.7,2.797,0.453,2.185
4818.23,2.756,0.453,0.531
4818.75,2.784,0.467,2.185
4819.25,2.784,0.467,2.185
4819.77,2.756,0.453,0.531
4820.28,2.803,0.453,2.185
4820.79,2.756,0.512,2.185
4821.32,2.756,0.453,0.531
4821.83,2.784,0.467,2.185
4822.33,2.756,0.457,2.185
4822.84,2.756,0.453,0.531
4823.35,2.756,0.453,2.185
4823.86,2.756,0.453,2.181
4824.37,2.756,0.516,2.185
4824.88,2.756,0.589,2.185
4825.39,2.756,0.453,0.531
4825.89,2.784,0.467,2.185
4826.4,2.756,0.453,2.181
4826.91,2.756,0.502,2.185
4827.42,2.756,0.462,2.185
4827.94,2.756,0.453,0.531
4828.46,2.784,0.467,2.185
4828.97,2.769,0.539,2.185
4829.54,2.756,0.453,0.531
4830.05,2.756,0.453,2.185
4830.56,2.837,0.467,2.185
4831.08,2.756,0.453,0.531
4831.66,2.764,0.467,2.185
4832.2,2.756,0.453,0.531
4832.71,2.763,0.467,2.185
4833.22,2.756,0.453,2.181
4833.73,2.843,0.453,2.185
4834.24,2.838,0.467,2.185
4834.83,2.756,0.453,0.531
4835.34,2.784,0.467,2.185
4835.84,2.756,0.453,2.181
4836.35,2.756,0.521,2.185
4836.87,2.756,0.624,2.185
4837.4,2.769,0.453,0.531
4837.91,2.756,0.453,2.185
4838.44,2.756,0.453,0.531
4838.95,2.784,0.453,2.185
4839.47,2.756,0.453,0.531
4839.99,2.756,0.465,2.185
4840.5,2.756,0.453,0.531
4841.01,2.769,0.453,2.185
4841.52,2.756,0.482,2.181
4842.05,2.756,0.457,2.185
4842.56,2.756,0.501,2.185
4843.06,2.756,0.453,2.181
4843.57,2.756,0.453,2.185
4844.09,2.782,0.453,2.185
4844.59,2.852,0.467,2.185
4845.11,2.756,0.453,0.531
4845.69,2.784,0.467,2.185
4846.2,2.863,0.453,2.185
4846.72,2.756,0.453,0.531
4847.23,2.854,0.462,2.185
4847.74,2.756,0.453,0.531
4848.25,2.807,0.453,2.185
4848.75,2.769,0.453,2.181
4849.31,2.756,0.453,0.531
4849.82,2.784,0.467,2.187
4850.33,2.756,0.477,2.185
4850.84,2.756,0.453,2.181
4851.42,2.756,0.453,0.531
4851.93,2.841,0.453,2.185
4852.44,2.769,0.453,2.185
4852.95,2.813,0.467,2.185
4853.45,2.756,0.453,0.531
4853.96,2.784,0.467,2.185
4854.47,2.756,0.453,0.531
4854.98,2.756,0.469,2.185
4855.49,2.782,0.453,2.185
4856.0,2.756,0.453,0.531
4856.51,2.822,0.453,2.185
4857.01,2.769,0.453,2.181
4857.52,2.769,0.453,0.531
4858.03,2.784,0.467,2.185
4858.54,2.838,0.467,2.185
4859.05,2.756,0.453,0.531
4859.56,2.756,0.467,2.185
4860.07,2.77,0.467,2.185
4860.58,2.769,0.453,0.531
4861.09,2.821,0.453,2.185
4861.59,2.756,0.453,2.187
4862.11,2.789,0.453,2.181
4862.66,2.756,0.453,0.531
4863.17,2.784,0.467,2.187
4863.68,2.839,0.453,2.185
4864.19,2.794,0.453,2.181
4864.77,2.797,0.453,0.531
4865.28,2.798,0.453,2.185
4865.79,2.797,0.482,2.181
4866.3,2.756,0.453,2.185
4866.81,2.784,0.467,2.185
4867.32,2.784,0.467,2.185
4867.83,2.797,0.453,0.531
4868.34,2.797,0.453,0.531
4868.85,2.769,0.453,2.185
4869.36,2.826,0.467,2.185
4869.87,2.769,0.453,0.531
4870.39,2.769,0.482,2.181
4870.9,2.77,0.467,2.185
4871.41,2.769,0.453,0.531
4871.92,2.77,0.467,2.185
4872.42,2.769,0.453,0.531
4872.93,2.769,0.453,2.187
4873.44,2.874,0.467,2.185
4873.96,2.769,0.552,1.185
4874.48,2.756,0.453,2.185
4874.99,2.797,0.467,2.185
4875.5,2.848,0.453,2.185
4876.01,2.756,0.453,2.181
4876.52,2.756,0.453,2.185
4877.03,2.784,0.467,2.185
4877.54,2.784,0.467,2.185
4878.05,2.756,0.482,2.181
4878.6,2.756,0.453,0.531
4879.12,2.756,0.453,0.531
4879.64,2.769,0.453,2.187
4880.15,2.77,0.467,2.185
4880.66,2.879,0.453,2.185
4881.17,2.799,0.467,2.185
4881.68,2.797,0.453,0.531
4882.19,2.797,0.453,0.531
4882.7,2.797,0.453,2.181
4883.23,2.769,0.453,0.531
4883.75,2.769,0.453,2.185
4884.26,2.81,0.467,2.185
4884.77,2.769,0.453,0.531
4885.28,2.756,0.465,2.185
4885.79,2.769,0.453,2.185
4886.3,2.77,0.467,2.185
4886.81,2.756,0.453,2.181
4887.32,2.756,0.453,0.531
4887.83,2.784,0.467,2.185
4888.34,2.756,0.453,2.181
4888.84,2.756,0.453,2.187
4889.35,2.756,0.453,2.187
4889.86,2.862,0.467,2.185
4890.38,2.756,0.453,0.531
4890.89,2.756,0.524,2.185
4891.4,2.756,0.453,2.185
4891.91,2.768,0.453,2.181
4892.47,2.769,0.453,0.531
4892.98,2.784,0.467,2.185
4893.49,2.849,0.453,2.185
4894.02,2.756,0.453,0.531
4894.53,2.756,0.453,2.185
4895.04,2.857,0.467,2.185
4895.56,2.756,0.453,0.531
4896.07,2.784,0.467,2.185
4896.58,2.756,0.47,2.185
4897.09,2.756,0.453,0.531
4897.6,2.784,0.467,2.185
4898.11,2.844,0.453,2.185
4898.61,2.756,0.453,2.181
4899.12,2.769,0.453,2.185
4899.63,2.756,0.504,2.185
4900.15,2.756,0.552,1.185
4900.65,2.756,0.453,2.185
4901.17,2.784,0.467,2.185
4901.68,2.813,0.467,2.185
4902.19,2.756,0.453,0.531
4902.71,2.756,0.464,2.185
4903.23,2.756,0.541,2.185
4903.74,2.756,0.453,2.181
4904.25,2.784,0.467,2.185
4904.76,2.848,0.453,2.185
4905.29,2.756,0.453,0.531
4905.88,2.784,0.467,2.185
4906.39,2.756,0.466,0.531
4906.92,2.853,0.453,2.185
4907.43,2.782,0.52,2.185
4907.94,2.756,0.453,2.181
4908.45,2.756,0.462,2.185
4908.96,2.769,0.453,2.185
4909.47,2.825,0.752,2.185
4909.98,2.756,0.453,2.185
4910.49,2.756,0.453,2.185
4911.0,2.826,0.467,2.185
4911.54,2.769,0.453,0.531
4912.05,2.784,0.453,2.185
4912.56,2.756,0.453,0.531
4913.07,2.756,0.453,0.531
4913.59,2.756,0.453,0.531
4914.1,2.769,0.453,2.187
4914.61,2.769,0.453,0.531
4915.13,2.769,0.453,2.185
4915.64,2.778,0.467,2.181
4916.15,2.769,0.453,2.187
4916.65,2.769,0.453,0.531
4917.18,2.769,0.453,0.531
4917.69,2.769,0.453,0.531
4918.2,2.769,0.453,0.531
4918.74,2.769,0.453,0.531
4919.26,2.769,0.453,0.531
4919.85,2.769,0.453,0.531
4920.36,2.769,0.453,0.531
4920.9,2.769,0.453,0.531
4921.42,2.769,0.453,0.531
4921.93,2.834,0.453,2.185
4922.44,2.769,0.453,2.181
4922.95,2.769,0.453,0.531
4923.46,2.769,0.453,0.531
4923.97,2.769,0.453,2.185
4924.48,2.769,0.453,2.181
4925.03,2.769,0.453,0.531
4925.54,2.784,0.467,2.185
4926.05,2.841,0.453,2.185
4926.57,2.756,1.304,1.609
4927.08,2.812,0.453,2.185
4927.59,2.756,0.453,2.185
4928.14,2.769,0.566,0.732
4928.66,2.784,0.467,2.185
4929.16,2.756,0.453,0.531
4929.67,2.839,0.453,2.185
4930.18,2.756,0.453,0.531
4930.69,2.843,0.453,2.187
4931.2,2.756,0.453,2.185
4931.7,2.769,0.453,2.181
4932.21,2.756,0.453,0.531
4932.72,2.785,0.467,2.185
4933.24,2.838,0.467,2.185
4933.75,2.756,0.453,0.531
4934.26,2.785,0.467,2.185
4934.77,2.756,0.463,2.185
4935.3,2.756,0.453,0.531
4935.81,2.785,0.467,2.185
4936.31,2.756,0.453,0.531
4936.82,2.785,0.467,2.185
4937.33,2.867,0.465,2.185
4937.84,2.756,0.541,1.185
4938.35,2.785,0.467,2.185
4938.86,2.782,0.516,2.185
4939.41,2.756,0.453,0.531
4939.92,2.769,0.453,2.185
4940.44,2.757,0.453,0.531
4940.94,2.757,0.567,2.185
4941.46,2.757,0.453,0.531
4941.96,2.757,0.623,2.185
4942.47,2.757,0.453,0.531
4942.98,2.798,0.467,2.185
4943.49,2.757,0.453,0.531
4944.0,2.757,0.467,2.185
4944.51,2.862,0.467,2.185
4945.03,2.757,0.453,0.531
4945.54,2.785,0.467,2.185
4946.05,2.867,0.468,2.185
4946.59,2.757,0.453,0.531
4947.1,2.757,0.453,2.185
4947.61,2.757,0.453,0.531
4948.12,2.757,0.544,2.185
4948.63,2.757,0.453,2.181
4949.14,2.855,0.465,2.185
4949.66,2.783,0.453,2.185
4950.17,2.757,0.453,2.181
4950.73,2.757,0.453,0.531
4951.24,2.799,0.467,2.185
4951.75,2.867,0.453,2.185
4952.26,2.798,0.453,2.181
4952.76,2.757,0.453,2.185
4953.27,2.757,0.453,2.185
4953.78,2.757,0.453,0.531
4954.29,2.757,0.483,2.185
4954.8,2.757,0.453,0.531
4955.31,2.757,0.453,2.185
4955.82,2.782,0.453,2.181
4956.33,2.757,0.453,0.531
4956.91,2.757,0.48,2.185
4957.42,2.765,0.467,2.185
4957.93,2.794,0.467,2.185
4958.44,2.757,0.453,2.181
4958.99,2.757,0.453,0.531
4959.51,2.757,0.453,2.185
4960.02,2.771,0.467,2.185
4960.53,2.77,0.453,0.531
4961.04,2.77,0.453,2.185
4961.55,2.794,0.467,2.185
4962.06,2.757,0.453,0.531
4962.58,2.846,0.453,2.185
4963.09,2.757,0.466,0.531
4963.61,2.77,0.453,2.185
4964.12,2.77,0.482,2.181
4964.69,2.77,0.453,0.531
4965.2,2.785,0.467,2.185
4965.71,2.842,0.453,2.185
4966.22,2.757,0.453,0.531
4966.73,2.799,0.467,2.185
4967.23,2.823,0.467,2.185
4967.74,2.757,0.701,1.185
4968.25,2.798,0.51,2.185
4968.76,2.77,0.453,2.185
4969.27,2.813,0.467,2.185
4969.78,2.757,0.453,0.531
4970.29,2.757,0.453,2.181
4970.8,2.77,0.453,0.531
4971.38,2.798,0.453,2.187
4971.89,2.77,0.482,2.181
4972.39,2.757,0.453,2.185
4972.91,2.757,0.453,2.185
4973.42,2.785,0.467,2.185
4973.93,2.757,0.453,0.531
4974.44,2.77,0.539,2.185
4974.95,2.757,0.453,2.185
4975.48,2.757,0.453,0.531
4975.99,2.77,0.453,2.185
4976.5,2.785,0.467,2.185
4977.01,2.77,0.453,0.531
4977.52,2.77,0.453,0.531
4978.03,2.77,0.453,0.531
4978.55,2.77,0.484,2.185
4979.06,2.757,0.453,2.187
4979.57,2.823,0.467,2.185
4980.08,2.757,0.566,0.732
4980.59,2.757,0.453,2.187
4981.1,2.774,0.922,2.185
4981.61,2.782,0.467,2.185
4982.12,2.77,0.453,2.181
4982.68,2.757,0.453,0.531
4983.19,2.757,0.453,2.181
4983.76,2.757,0.453,0.531
4984.27,2.837,0.453,2.185
4984.78,2.757,0.453,2.185
4985.29,2.806,1.262,2.185
4985.81,2.798,0.453,0.531
4986.33,2.798,0.548,1.185
4986.84,2.77,0.453,2.185
4987.35,2.77,0.453,2.181
4987.88,2.77,0.453,0.531
4988.39,2.77,0.453,2.185
4988.89,2.77,0.453,0.531
4989.4,2.835,0.453,2.185
4989.91,2.77,0.453,0.531
4990.41,2.77,0.453,2.181
4990.95,2.77,0.453,0.531
4991.46,2.827,0.453,2.185
4991.97,2.77,0.453,2.185
4992.48,2.757,0.453,0.531
4992.99,2.771,0.467,2.185
4993.5,2.824,0.453,2.185
4994.01,2.77,0.453,0.531
4994.51,2.757,0.488,2.185
4995.02,2.759,0.453,2.181
4995.58,2.757,0.453,0.531
4996.09,2.821,0.453,2.185
4996.6,2.757,0.453,2.185
4997.1,2.78,0.453,2.181
4997.66,2.757,0.453,0.531
4998.17,2.828,0.453,2.185
4998.67,2.757,0.453,2.185
4999.18,2.782,0.453,2.181
4999.71,2.757,0.453,0.531
5000.22,2.785,0.467,2.185
5000.72,2.757,0.453,0.531
5001.23,2.757,0.453,2.185
5001.74,2.826,0.467,2.185
5002.26,2.757,0.453,2.185
5002.77,2.757,0.567,2.185
5003.29,2.757,0.453,0.531
5003.8,2.785,0.467,2.185
5004.3,2.863,0.453,2.185
5004.81,2.757,0.453,0.531
5005.32,2.82,0.453,2.185
5005.83,2.757,0.453,2.185
5006.34,2.757,0.453,0.531
5006.85,2.757,0.453,2.185
5007.36,2.757,0.453,2.181
5007.91,2.757,0.453,0.531
5008.42,2.785,0.453,2.185
5008.93,2.757,0.618,2.185
5009.44,2.757,0.453,0.531
5009.94,2.785,0.467,2.185
5010.45,2.849,0.453,2.185
5010.97,2.757,0.453,0.531
5011.48,2.785,0.467,2.185
5011.99,2.85,0.467,2.185
5012.51,2.757,0.453,0.531
5013.02,2.785,0.467,2.185
5013.57,2.757,0.453,0.531
5014.07,2.786,0.467,2.185
5014.58,2.85,0.467,2.185
5015.16,2.757,0.453,0.531
5015.67,2.786,0.467,2.185
5016.17,2.757,0.453,2.181
5016.68,2.757,0.453,2.185
5017.19,2.777,0.525,2.185
5017.7,2.827,0.467,2.185
5018.21,2.757,0.453,0.531
5018.72,2.786,0.467,2.185
5019.23,2.757,0.453,0.531
5019.73,2.786,0.467,2.185
5020.24,2.757,0.47,2.185
5020.75,2.757,0.453,0.531
5021.26,2.786,0.467,2.185
5021.77,2.855,0.463,2.185
5022.3,2.758,0.453,0.531
5022.81,2.786,0.467,2.185
5023.32,2.758,0.453,0.531
5023.87,2.758,0.453,0.531
5024.38,2.771,0.458,2.185
5024.89,2.758,0.453,2.185
5025.4,2.771,0.453,0.531
5025.91,2.771,0.453,0.531
5026.44,2.771,0.453,0.531
5026.99,2.771,0.453,0.531
5027.53,2.771,0.453,0.531
5028.06,2.771,0.453,0.531
5028.58,2.771,0.453,0.531
5029.11,2.771,0.453,0.531
5029.64,2.771,0.453,0.531
5030.16,2.817,0.453,2.185
5030.66,2.771,0.482,2.181
5031.17,2.771,0.453,2.185
5031.68,2.758,0.453,2.185
5032.19,2.758,0.453,0.531
5032.7,2.772,0.467,2.185
5033.21,2.771,0.546,1.185
5033.72,2.771,0.453,2.185
5034.23,2.758,0.453,2.185
5034.74,2.786,0.467,2.185
5035.25,2.758,0.453,0.531
5035.77,2.786,0.467,2.185
5036.28,2.84,0.454,2.185
5036.82,2.771,0.453,0.531
5037.32,2.786,0.467,2.185
5037.83,2.795,0.453,2.185
5038.34,2.758,0.453,0.531
5038.85,2.786,0.467,2.185
5039.36,2.853,0.469,2.185
5039.89,2.758,0.617,0.682
5040.4,2.786,0.467,2.185
5040.91,2.784,0.531,2.185
5041.44,2.758,0.453,0.531
5041.95,2.786,0.467,2.185
5042.46,2.758,0.453,0.531
5042.97,2.786,0.467,2.185
5043.48,2.836,0.467,2.185
5044.0,2.758,0.453,0.531
5044.51,2.758,0.521,2.185
5045.04,2.758,0.453,0.531
5045.55,2.771,0.453,2.185
5046.05,2.879,0.467,2.185
5046.62,2.758,0.453,0.531
5047.13,2.799,0.453,2.185
5047.64,2.879,0.467,2.185
5048.15,2.758,0.453,2.185
5048.66,2.758,0.533,2.185
5049.17,2.758,0.453,2.181
5049.68,2.842,0.463,2.185
5050.19,2.758,0.548,2.185
5050.7,2.758,0.516,0.581
5051.21,2.786,0.467,2.185
5051.72,2.758,0.47,2.185
5052.27,2.758,0.453,0.531
5052.77,2.758,0.453,2.185
5053.29,2.758,0.453,0.531
5053.8,2.758,0.524,2.185
5054.31,2.758,0.482,2.181
5054.82,2.758,0.453,2.187
5055.33,2.758,0.453,2.185
5055.84,2.758,0.453,2.181
5056.35,2.758,0.549,2.185
5056.86,2.758,0.453,2.187
5057.36,2.758,0.453,2.181
5057.93,2.758,0.453,0.531
5058.44,2.809,0.453,2.185
5058.94,2.758,0.538,2.185
5059.45,2.758,0.453,2.181
5059.96,2.758,0.453,2.185
5060.47,2.758,0.985,1.609
5060.98,2.758,0.523,2.185
5061.49,2.758,0.453,0.531
5062.0,2.786,0.467,2.185
5062.51,2.758,0.544,2.185
5063.02,2.758,0.453,2.181
5063.53,2.771,0.453,2.185
5064.03,2.786,0.467,2.185
5064.54,2.815,0.453,2.185
5065.05,2.799,0.453,2.181
5065.56,2.799,0.453,2.185
5066.08,2.758,0.453,2.185
5066.59,2.758,0.453,0.531
5067.1,2.758,0.453,2.181
5067.65,2.771,0.453,0.531
5068.16,2.772,0.467,2.185
5068.67,2.906,0.462,2.185
5069.24,2.758,0.453,0.531
5069.75,2.758,0.453,2.181
5070.26,2.771,0.453,0.531
5070.84,2.806,0.453,2.185
5071.35,2.841,0.519,2.185
5071.86,2.758,0.453,2.181
5072.44,2.758,0.453,0.531
5072.95,2.758,0.465,2.185
5073.47,2.758,0.453,0.531
5073.98,2.771,0.465,2.187
5074.49,2.772,0.467,2.185
5075.0,2.843,0.453,2.185
5075.51,2.758,0.482,2.181
5076.01,2.758,0.518,2.185
5076.53,2.784,0.453,2.185
5077.04,2.837,0.467,2.185
5077.55,2.758,0.541,1.185
5078.06,2.758,0.473,2.187
5078.57,2.758,0.453,0.531
5079.08,2.758,0.453,0.531
5079.59,2.771,0.453,2.185
5080.17,2.771,0.453,0.531
5080.68,2.772,0.467,2.185
5081.18,2.771,0.453,0.531
5081.77,2.771,0.453,0.531
5082.29,2.771,0.49,2.187
5082.8,2.771,0.453,0.531
5083.3,2.772,0.467,2.185
5083.81,2.797,0.453,2.185
5084.32,2.771,0.453,0.531
5084.82,2.758,0.453,2.187
5085.33,2.864,0.467,2.185
5085.84,2.758,0.516,0.581
5086.35,2.758,0.46,2.185
5086.86,2.758,0.525,2.185
5087.37,2.842,0.453,2.185
5087.95,2.758,0.453,0.531
5088.46,2.818,0.453,2.185
5089.0,2.771,0.453,0.531
5089.51,2.809,0.453,2.185
5090.02,2.771,0.453,0.531
5090.53,2.771,0.453,2.185
5091.04,2.786,0.467,2.185
5091.61,2.758,0.453,0.531
5092.13,2.758,0.453,0.531
5092.63,2.842,0.462,2.185
5093.16,2.771,0.453,0.531
5093.67,2.772,0.467,2.185
5094.18,2.771,1.086,1.372
5094.7,2.771,0.453,2.185
5095.21,2.786,0.467,2.185
5095.72,2.758,0.453,0.531
5096.23,2.786,0.467,2.185
5096.74,2.758,0.453,0.531
5097.25,2.795,0.453,2.185
5097.75,2.758,0.464,2.185
5098.26,2.8,0.453,2.181
5098.77,2.8,0.453,2.185
5099.28,2.758,0.453,2.185
5099.79,2.827,0.467,2.185
5100.3,2.8,0.453,0.531
5100.81,2.758,0.453,2.185
5101.32,2.758,0.453,0.531
5101.84,2.758,0.453,2.185
5102.35,2.759,0.453,2.181
5102.86,2.759,0.453,2.185
5103.37,2.759,0.501,2.185
5103.88,2.8,0.453,2.181
5104.38,2.8,0.453,2.185
5104.89,2.759,0.453,2.185
5105.4,2.864,0.467,2.185
5105.94,2.759,0.453,0.531
5106.45,2.787,0.467,2.185
5106.96,2.795,0.453,2.185
5107.47,2.759,0.453,0.531
5107.98,2.759,0.453,2.185
5108.49,2.78,0.467,2.185
5109.02,2.759,0.453,2.185
5109.53,2.759,0.453,2.185
5110.04,2.759,0.453,2.181
5110.55,2.85,0.453,2.185
5111.06,2.877,0.465,2.185
5111.6,2.759,0.453,0.531
5112.12,2.82,0.453,2.185
5112.62,2.759,0.522,2.185
5113.13,2.759,0.453,2.181
5113.64,2.792,0.453,2.185
5114.15,2.759,0.541,1.185
5114.7,2.8,0.453,2.185
5115.21,2.759,0.453,2.185
5115.72,2.771,0.453,2.181
5116.23,2.759,0.453,2.185
5116.74,2.759,0.453,2.185
5117.25,2.834,0.467,2.185
5117.8,2.759,0.453,0.531
5118.31,2.787,0.467,2.185
5118.82,2.759,0.472,2.185
5119.33,2.759,0.563,1.185
5119.83,2.787,0.453,2.185
5120.34,2.787,0.467,2.185
5120.9,2.759,0.453,0.531
5121.41,2.814,0.453,2.185
5121.91,2.759,0.453,0.531
5122.42,2.773,0.467,2.185
5122.93,2.759,0.485,2.187
5123.44,2.772,0.453,2.181
5123.98,2.759,0.453,0.531
5124.5,2.759,0.453,0.531
5125.08,2.773,0.467,2.185
5125.59,2.772,0.453,0.531
5126.1,2.772,0.453,0.531
5126.68,2.772,0.453,0.531
5127.19,2.772,0.482,2.181
5127.7,2.772,0.453,0.531
5128.21,2.772,0.453,0.531
5128.74,2.772,0.453,0.531
5129.27,2.772,0.453,0.531
5129.83,2.772,0.453,0.531
5130.33,2.772,0.453,2.181
5130.88,2.772,0.453,0.531
5131.38,2.773,0.467,2.185
5131.9,2.772,0.453,0.531
5132.41,2.772,0.453,2.181
5132.92,2.772,0.453,0.531
5133.43,2.787,0.467,2.185
5133.94,2.797,0.467,2.185
5134.45,2.759,0.453,2.181
5134.96,2.759,0.453,2.185
5135.46,2.801,0.467,2.185
5135.97,2.828,0.467,2.185
5136.48,2.759,0.453,0.531
5137.0,2.759,0.523,2.185
5137.51,2.838,0.478,2.185
5138.02,2.759,0.453,0.531
5138.53,2.787,0.467,2.185
5139.09,2.759,0.453,0.531
5139.6,2.776,0.582,2.185
5140.12,2.852,0.467,2.185
5140.65,2.759,0.453,0.531
5141.16,2.787,0.467,2.185
5141.67,2.866,0.467,2.185
5142.22,2.759,0.453,0.531
5142.73,2.787,0.467,2.185
5143.23,2.841,0.467,2.185
5143.76,2.759,0.453,0.531
5144.27,2.772,0.453,2.185
5144.78,2.759,0.453,2.181
5145.29,2.832,0.453,2.185
5145.79,2.834,0.453,2.185
5146.33,2.759,0.453,0.531
5146.84,2.759,0.453,2.185
5147.35,2.829,0.467,2.185
5147.93,2.759,0.453,0.531
5148.44,2.801,0.453,2.185
5148.94,2.87,0.467,2.185
5149.49,2.759,0.453,0.531
5149.99,2.759,0.453,2.181
5150.5,2.838,0.453,2.185
5151.01,2.772,0.628,2.185
5151.52,2.759,0.453,0.531
5152.03,2.759,0.453,2.185
5152.53,2.759,0.482,2.181
5153.04,2.788,0.467,2.185
5153.55,2.841,0.467,2.185
5154.12,2.759,0.453,0.531
5154.63,2.759,0.597,2.185
5155.16,2.76,0.453,0.531
5155.67,2.76,0.453,2.185
5156.18,2.76,0.453,0.531
5156.69,2.788,0.467,2.185
5157.2,2.76,0.453,2.181
5157.7,2.788,0.467,2.185
5158.21,2.76,0.464,2.185
5158.75,2.76,0.453,0.531
5159.26,2.76,0.453,2.185
5159.77,2.822,0.866,2.185
5160.28,2.76,0.453,0.531
5160.79,2.76,0.466,2.185
5161.3,2.773,0.481,2.185
5161.81,2.76,0.453,0.531
5162.32,2.76,0.453,2.187
5162.83,2.76,0.453,0.531
5163.34,2.788,0.467,2.185
5163.85,2.76,0.453,0.531
5164.36,2.849,0.453,2.185
5164.87,2.76,0.47,2.185
5165.38,2.772,0.453,2.181
5165.89,2.76,0.453,2.185
5166.4,2.76,0.453,2.185
5166.91,2.813,0.467,2.185
5167.44,2.76,0.453,0.531
5167.95,2.788,0.467,2.185
5168.46,2.844,0.453,2.185
5168.96,2.76,0.453,0.531
5169.47,2.76,0.519,2.185
5169.98,2.76,0.453,0.531
5170.5,2.774,0.467,2.185
5171.01,2.773,0.453,2.185
5171.52,2.773,0.453,0.531
5172.03,2.773,0.453,0.531
5172.54,2.773,0.513,2.185
5173.05,2.773,0.453,2.185
5173.56,2.829,0.467,2.185
5174.07,2.76,0.482,2.181
5174.6,2.76,0.453,0.531
5175.11,2.774,0.467,2.187
5175.63,2.844,0.453,2.185
5176.14,2.773,0.552,1.185
5176.65,2.76,0.453,2.185
5177.16,2.76,0.453,2.187
5177.67,2.841,0.467,2.185
5178.18,2.76,0.482,2.181
5178.69,2.76,0.465,2.185
5179.21,2.786,0.453,2.185
5179.72,2.862,0.467,2.185
5180.25,2.76,0.453,0.531
5180.76,2.76,0.453,2.185
5181.27,2.842,0.467,2.185
5181.79,2.76,0.453,0.531
5182.33,2.76,0.453,0.531
5182.84,2.76,0.482,2.181
5183.35,2.774,0.467,2.185
5183.86,2.853,0.453,2.185
5184.37,2.773,0.453,2.181
5184.89,2.76,0.453,0.531
5185.4,2.87,0.453,2.185
5185.97,2.801,0.453,0.531
5186.48,2.773,0.752,2.185
5186.99,2.788,0.453,2.185
5187.5,2.773,0.482,2.181
5188.01,2.76,0.453,2.185
5188.53,2.788,0.467,2.185
5189.04,2.788,0.467,2.185
5189.55,2.76,0.453,2.181
5190.06,2.773,0.453,2.185
5190.57,2.76,0.453,2.185
5191.08,2.842,0.467,2.185
5191.59,2.76,0.453,0.531
5192.1,2.788,0.467,2.185
5192.61,2.76,0.453,2.185
5193.12,2.76,0.453,2.181
5193.68,2.76,0.453,0.531
5194.2,2.845,0.453,2.185
5194.71,2.76,0.453,2.185
5195.22,2.76,0.453,0.531
5195.77,2.76,0.453,0.531
5196.29,2.76,0.901,1.372
5196.8,2.76,0.453,0.531
5197.31,2.76,0.572,1.185
5197.82,2.773,0.453,2.185
5198.33,2.773,0.453,2.181
5198.89,2.773,0.453,0.531
5199.4,2.81,0.453,2.185
5199.9,2.76,0.489,2.185
5200.41,2.76,0.453,2.181
5200.99,2.76,0.453,0.531
5201.5,2.807,0.453,2.185
5202.0,2.76,0.467,2.185
5202.52,2.76,0.453,0.531
5203.02,2.858,0.463,2.185
5203.54,2.76,0.482,2.181
5204.05,2.76,0.453,2.185
5204.56,2.76,0.453,2.187
5205.07,2.826,0.467,2.185
5205.61,2.773,0.453,0.531
5206.11,2.788,0.453,2.187
5206.63,2.786,0.453,2.185
5207.13,2.76,0.453,2.181
5207.64,2.76,0.453,2.185
5208.15,2.76,0.453,2.185
5208.66,2.76,0.453,0.531
5209.17,2.76,0.453,2.185
5209.68,2.789,0.467,2.181
5210.24,2.76,0.453,0.531
5210.75,2.788,0.467,2.185
5211.26,2.845,0.453,2.185
5211.77,2.76,0.453,0.531
5212.28,2.76,0.453,2.185
5212.8,2.76,0.453,0.531
5213.31,2.76,0.453,2.185
5213.82,2.76,0.453,0.531
5214.33,2.773,0.453,2.185
5214.84,2.76,0.453,0.531
5215.34,2.788,0.467,2.185
5215.85,2.76,0.453,0.531
5216.36,2.788,0.467,2.185
5216.87,2.786,0.493,2.185
5217.38,2.76,0.453,2.181
5217.96,2.76,0.453,0.531
5218.46,2.788,0.467,2.185
5218.97,2.773,0.504,2.185
5219.48,2.76,0.453,2.181
5219.99,2.76,0.453,0.531
5220.5,2.802,1.206,2.185
5221.01,2.788,0.467,2.185
5221.56,2.76,0.453,0.531
5222.07,2.774,0.467,2.185
5222.58,2.843,0.453,2.185
5223.09,2.76,0.546,1.185
5223.6,2.843,0.453,2.185
5224.11,2.76,0.568,2.185
5224.62,2.76,0.453,2.181
5225.13,2.76,0.453,2.185
5225.64,2.76,0.453,2.185
5226.15,2.856,0.467,2.185
5226.66,2.76,0.453,0.531
5227.17,2.788,0.467,2.185
5227.68,2.76,0.453,0.531
5228.19,2.831,0.453,2.185
5228.7,2.786,0.453,2.185
5229.21,2.76,0.453,0.531
5229.72,2.76,0.529,0.581
5230.28,2.773,0.453,0.531
5230.79,2.773,0.453,2.185
5231.29,2.788,0.467,2.185
5231.8,2.76,0.453,2.185
5232.31,2.76,0.453,0.531
5232.82,2.76,0.624,1.185
5233.37,2.76,0.453,0.531
5233.94,2.76,0.453,0.531
5234.45,2.76,0.453,0.531
5234.96,2.76,0.453,0.531
5235.53,2.76,0.453,0.531
5236.08,2.76,0.453,0.531
5236.59,2.774,0.467,2.185
5237.11,2.773,0.453,0.531
5237.62,2.774,0.467,2.185
5238.13,2.821,0.453,2.185
5238.63,2.802,0.453,0.531
5239.15,2.803,0.467,2.185
5239.65,2.839,0.467,2.185
5240.17,2.773,0.453,0.531
5240.68,2.76,0.508,2.185
5241.19,2.76,0.453,2.185
5241.7,2.798,0.467,2.185
5242.22,2.802,0.453,0.531
5242.73,2.803,0.453,2.185
5243.24,2.76,0.453,2.185
5243.75,2.76,0.453,2.181
5244.26,2.76,0.468,2.185
5244.77,2.76,0.453,2.181
5245.28,2.856,0.453,2.185
5245.79,2.76,0.516,2.185
5246.32,2.761,0.453,0.531
5246.83,2.789,0.467,2.185
5247.34,2.891,0.453,2.185
5247.85,2.761,0.572,1.185
5248.37,2.761,0.475,2.185
5248.88,2.774,0.453,2.185
5249.39,2.766,0.453,2.181
5249.9,2.761,0.453,2.185
5250.41,2.761,0.453,2.181
5250.94,2.761,0.453,0.531
5251.45,2.761,0.453,2.185
5251.96,2.835,0.467,2.185
5252.47,2.761,0.453,2.185
5252.98,2.774,0.453,2.187
5253.49,2.789,0.467,2.185
5254.04,2.761,0.453,0.531
5254.55,2.786,0.467,2.185
5255.06,2.852,0.467,2.185
5255.65,2.761,0.453,0.531
5256.16,2.761,0.617,2.185
5256.69,2.761,0.453,0.531
5257.2,2.761,0.453,2.185
5257.72,2.761,0.453,0.531
5258.23,2.761,0.453,2.185
5258.74,2.761,0.453,2.181
5259.25,2.817,0.453,2.185
5259.76,2.817,0.467,2.185
5260.36,2.761,0.453,0.531
5260.87,2.761,0.453,2.185
5261.38,2.761,0.453,2.181
5261.89,2.856,0.453,2.185
5262.4,2.761,0.453,0.531
5262.92,2.789,0.467,2.187
5263.43,2.835,0.453,2.185
5263.94,2.761,0.482,2.181
5264.45,2.761,0.453,2.185
5264.96,2.761,0.453,2.187
5265.47,2.827,0.467,2.185
5265.99,2.761,0.453,0.531
5266.51,2.761,0.466,2.185
5267.02,2.787,0.453,2.185
5267.53,2.843,0.467,2.185
5268.08,2.761,0.453,0.531
5268.59,2.761,0.453,0.531
5269.1,2.761,0.453,0.531
5269.61,2.775,0.467,2.185
5270.11,2.786,0.467,2.185
5270.66,2.774,0.453,0.531
5271.17,2.789,0.453,2.185
5271.68,2.825,0.467,2.185
5272.18,2.761,0.453,0.531
5272.68,2.846,0.453,2.185
5273.19,2.761,0.453,0.531
5273.7,2.774,0.453,2.185
5274.22,2.774,0.453,0.531
5274.73,2.775,0.467,2.185
5275.24,2.774,0.453,0.531
5275.75,2.823,0.453,2.185
5276.26,2.761,0.453,2.185
5276.77,2.789,0.467,2.185
5277.28,2.761,0.453,0.531
5277.81,2.761,0.453,0.531
5278.32,2.775,0.467,2.185
5278.83,2.774,0.453,2.181
5279.38,2.774,0.453,0.531
5279.9,2.761,0.453,2.185
5280.41,2.802,0.467,2.185
5280.92,2.802,0.453,0.531
5281.43,2.789,0.467,2.185
5281.94,2.807,0.453,2.185
5282.45,2.761,0.539,1.185
5282.96,2.817,0.453,2.185
5283.47,2.761,0.453,2.185
5283.98,2.827,0.467,2.185
5284.55,2.761,0.453,0.531
5285.06,2.789,0.467,2.185
5285.57,2.761,0.468,2.185
5286.09,2.761,0.453,0.531
5286.6,2.761,0.453,0.531
5287.11,2.775,0.467,2.185
5287.62,2.774,0.453,2.181
5288.12,2.774,0.453,2.185
5288.63,2.774,0.453,0.531
5289.14,2.774,0.453,2.181
5289.68,2.774,0.453,0.531
5290.19,2.789,0.467,2.185
5290.7,2.852,0.453,2.185
5291.23,2.761,0.453,0.531
5291.73,2.761,0.453,0.531
5292.25,2.774,0.463,2.187
5292.76,2.774,0.453,0.531
5293.27,2.774,0.453,2.185
5293.78,2.802,0.467,2.185
5294.29,2.774,0.453,0.531
5294.8,2.761,0.458,2.185
5295.32,2.774,0.453,2.185
5295.83,2.829,0.467,2.185
5296.34,2.761,0.482,2.181
5296.85,2.774,0.453,2.187
5297.36,2.761,0.453,2.185
5297.87,2.761,0.453,0.531
5298.38,2.789,0.467,2.187
5298.89,2.761,0.477,2.185
5299.4,2.761,0.453,2.181
5299.92,2.761,0.453,2.185
5300.42,2.761,0.453,2.185
5300.93,2.867,0.453,2.185
5301.51,2.761,0.453,0.531
5302.02,2.761,0.453,0.531
5302.61,2.761,0.453,0.531
5303.12,2.775,0.467,2.185
5303.63,2.774,0.453,0.531
5304.14,2.775,0.467,2.185
5304.64,2.761,0.453,2.185
5305.15,2.857,0.467,2.185
5305.66,2.761,0.482,2.181
5306.17,2.761,0.453,0.531
5306.76,2.845,0.463,2.185
5307.27,2.761,0.453,2.187
5307.78,2.761,0.453,2.181
5308.28,2.761,0.453,2.185
5308.79,2.761,0.453,2.185
5309.3,2.761,0.453,0.531
5309.81,2.789,0.467,2.185
5310.32,2.854,0.453,2.185
5310.84,2.761,0.453,0.531
5311.35,2.838,0.453,2.185
5311.86,2.761,0.453,2.185
5312.36,2.836,1.093,2.185
5312.89,2.761,0.453,0.531
5313.4,2.789,0.467,2.187
5313.91,2.761,0.531,2.185
5314.42,2.761,0.733,1.185
5314.93,2.761,0.463,2.185
5315.44,2.761,0.466,0.531
5315.95,2.774,0.478,2.185
5316.46,2.761,0.453,2.185
5316.97,2.761,0.453,2.181
5317.47,2.761,0.453,2.185
5317.98,2.761,0.453,2.185
5318.49,2.829,0.467,2.185
5319.01,2.761,0.453,0.531
5319.52,2.79,0.467,2.185
5320.02,2.854,0.453,2.185
5320.54,2.761,0.453,0.531
5321.06,2.762,0.453,2.185
5321.56,2.762,0.453,0.531
5322.08,2.79,0.467,2.185
5322.58,2.803,0.504,2.185
5323.11,2.762,0.64,1.185
5323.62,2.762,0.522,2.185
5324.13,2.762,0.453,2.187
5324.64,2.796,0.922,2.185
5325.15,2.762,0.453,0.531
5325.73,2.79,0.467,2.185
5326.24,2.857,0.453,2.185
5326.77,2.762,0.453,0.531
5327.28,2.762,0.453,2.181
5327.79,2.762,0.468,2.185
5328.3,2.762,0.453,2.185
5328.81,2.829,0.467,2.185
5329.35,2.762,0.453,0.531
5329.86,2.79,0.467,2.185
5330.37,2.762,0.488,2.185
5330.88,2.762,0.556,1.185
5331.39,2.79,0.453,2.185
5331.9,2.762,0.453,2.185
5332.41,2.79,0.453,2.181
5332.93,2.762,0.453,0.531
5333.44,2.79,0.467,2.185
5333.95,2.762,0.453,0.531
5334.46,2.775,0.453,0.531
5334.97,2.79,0.467,2.187
5335.48,2.872,0.453,2.185
5335.99,2.762,0.453,0.531
5336.58,2.762,0.453,0.531
5337.09,2.762,0.7,1.185
5337.6,2.776,0.467,2.185
5338.11,2.762,0.453,2.185
5338.62,2.775,0.453,0.531
5339.13,2.775,0.453,0.531
5339.7,2.775,0.453,0.531
5340.22,2.775,0.453,0.531
5340.81,2.775,0.453,0.531
5341.33,2.775,0.453,0.531
5341.91,2.775,0.453,0.531
5342.46,2.775,0.453,0.531
5342.97,2.817,0.453,2.185
5343.48,2.775,0.453,2.181
5343.98,2.775,0.453,2.185
5344.49,2.775,0.453,0.531
5345.0,2.775,0.453,2.185
5345.52,2.776,0.467,2.185
5346.02,2.775,0.453,0.531
5346.53,2.762,0.463,2.185
5347.04,2.788,0.453,2.185
5347.55,2.799,0.467,2.185
5348.08,2.762,0.453,0.531
5348.59,2.79,0.467,2.185
5349.1,2.872,0.467,2.185
5349.64,2.762,0.453,0.531
5350.15,2.79,0.467,2.185
5350.65,2.869,0.469,2.185
5351.19,2.762,0.453,0.531
5351.7,2.775,0.453,2.185
5352.21,2.828,0.467,2.185
5352.75,2.762,0.453,0.531
5353.26,2.79,0.467,2.185
5353.77,2.855,0.464,2.185
5354.32,2.762,0.453,0.531
5354.82,2.847,0.453,2.185
5355.33,2.762,0.453,2.185
5355.84,2.762,0.453,2.181
5356.35,2.762,0.488,2.185
5356.87,2.762,1.035,2.181
5357.39,2.762,0.465,2.185
5357.91,2.816,0.517,2.185
5358.44,2.762,0.482,2.181
5358.95,2.762,0.539,2.185
5359.46,2.762,0.509,2.185
5360.0,2.762,0.453,2.181
5360.51,2.762,0.511,2.185
5361.02,2.762,0.596,2.185
5361.53,2.762,0.539,1.185
5362.04,2.79,0.467,2.185
5362.55,2.791,0.467,2.181
5363.06,2.762,0.453,2.187
5363.58,2.832,0.467,2.185
5364.11,2.762,0.453,0.531
5364.62,2.79,0.467,2.185
5365.13,2.855,0.453,2.185
5365.71,2.762,0.453,0.531
5366.22,2.79,0.467,2.187
5366.73,2.762,0.532,1.185
5367.24,2.762,0.475,2.185
5367.75,2.775,0.453,2.185
5368.26,2.776,0.467,2.181
5368.83,2.762,0.453,0.531
5369.34,2.79,0.467,2.185
5369.85,2.762,0.453,0.531
5370.36,2.79,0.453,2.187
5370.87,2.762,0.514,2.185
5371.38,2.762,0.453,2.181
5371.89,2.762,0.453,2.187
5372.4,2.762,0.453,2.185
5372.91,2.762,0.453,2.181
5373.41,2.762,0.453,2.185
5373.92,2.79,0.467,2.185
5374.43,2.847,0.453,2.185
5374.93,2.762,0.453,0.531
5375.44,2.762,0.453,0.531
5375.95,2.79,0.467,2.185
5376.46,2.776,0.467,2.185
5376.97,2.762,0.453,0.531
5377.48,2.79,0.467,2.185
5377.98,2.762,0.483,2.187
5378.49,2.762,0.453,2.181
5379.01,2.762,0.453,0.531
5379.52,2.866,0.453,2.185
5380.03,2.804,0.453,0.531
5380.54,2.776,0.467,2.187
5381.05,2.788,0.467,2.185
5381.56,2.775,0.453,0.531
5382.07,2.762,0.483,2.187
5382.64,2.762,0.453,0.531
5383.15,2.775,0.503,2.185
5383.66,2.775,0.453,2.181
5384.23,2.775,0.453,0.531
5384.74,2.792,0.453,2.185
5385.25,2.762,0.453,2.185
5385.76,2.762,0.453,0.531
5386.26,2.776,0.467,2.185
5386.77,2.807,0.453,2.185
5387.28,2.775,0.453,0.531
5387.79,2.776,0.467,2.185
5388.31,2.775,0.453,0.531
5388.82,2.776,0.467,2.185
5389.32,2.762,0.46,2.185
5389.84,2.762,0.566,0.631
5390.35,2.762,0.453,2.185
5390.87,2.762,0.453,2.185
5391.37,2.787,0.467,2.185
5391.9,2.762,0.453,0.531
5392.41,2.847,0.453,2.185
5392.92,2.762,0.453,2.185
5393.43,2.762,0.482,2.181
5393.94,2.762,0.464,2.185
5394.45,2.762,0.453,2.185
5394.96,2.762,0.453,2.181
5395.51,2.762,0.453,0.531
5396.02,2.762,0.453,2.185
5396.52,2.791,0.467,2.185
5397.03,2.762,0.453,0.531
5397.54,2.795,0.453,2.185
5398.1,2.775,0.453,0.531
5398.61,2.829,0.453,2.185
5399.11,2.775,0.453,2.181
5399.62,2.762,0.453,2.185
5400.13,2.781,0.866,2.185
5400.64,2.832,0.467,2.185
5401.15,2.775,0.453,0.531
5401.66,2.762,0.453,2.185
5402.18,2.787,0.752,2.185
5402.69,2.829,0.467,2.185
5403.2,2.762,0.552,1.185
5403.78,2.762,0.453,0.531
5404.29,2.762,0.462,2.185
5404.8,2.762,0.453,2.187
5405.31,2.775,0.453,2.181
5405.85,2.762,0.453,0.531
5406.36,2.762,0.462,2.185
5406.87,2.788,0.453,2.185
5407.38,2.844,0.467,2.185
5407.91,2.762,0.453,0.531
5408.42,2.838,0.453,2.187
5408.92,2.762,0.453,2.185
5409.43,2.812,0.582,2.185
5409.95,2.762,0.453,0.531
5410.46,2.805,0.467,2.185
5410.97,2.804,0.527,2.185
5411.49,2.762,0.453,0.531
5412.0,2.762,0.466,0.531
5412.56,2.762,0.453,0.531
5413.07,2.776,0.453,2.185
5413.58,2.775,0.453,2.181
5414.09,2.762,0.453,2.185
5414.61,2.791,0.467,2.185
5415.11,2.885,0.453,2.185
5415.63,2.762,0.482,2.181
5416.13,2.762,0.453,2.185
5416.64,2.791,0.467,2.185
5417.15,2.762,0.453,0.531
5417.66,2.791,0.467,2.185
5418.17,2.762,0.469,2.185
5418.72,2.763,0.453,0.531
5419.23,2.817,0.467,2.185
5419.74,2.838,0.467,2.185
5420.31,2.763,0.453,0.531
5420.82,2.791,0.467,2.185
5421.33,2.832,0.464,2.185
5421.84,2.776,0.453,2.181
5422.35,2.763,0.453,2.185
5422.86,2.852,0.453,2.185
5423.37,2.763,0.482,2.181
5423.88,2.858,0.453,2.185
5424.39,2.845,0.459,2.185
5424.9,2.763,0.453,0.531
5425.41,2.777,0.467,2.185
5425.91,2.763,0.464,2.185
5426.43,2.763,0.453,2.181
5426.94,2.763,0.453,0.531
5427.44,2.805,0.467,2.185
5427.95,2.804,0.467,2.185
5428.46,2.804,0.453,0.531
5428.97,2.804,0.453,2.181
5429.48,2.763,0.453,2.185
5429.99,2.763,0.453,2.185
5430.5,2.809,0.866,2.185
5431.06,2.763,0.453,0.531
5431.57,2.791,0.467,2.185
5432.08,2.866,0.453,2.185
5432.63,2.763,0.453,0.531
5433.14,2.763,0.453,2.185
5433.65,2.763,0.453,2.181
5434.16,2.763,0.453,2.185
5434.67,2.763,0.453,0.531
5435.19,2.852,0.453,2.185
5435.7,2.763,0.453,0.531
5436.21,2.787,0.866,2.185
5436.72,2.832,0.467,2.185
5437.24,2.763,0.453,2.185
5437.75,2.763,0.453,2.185
5438.27,2.763,0.453,0.531
5438.79,2.791,0.467,2.185
5439.29,2.856,0.467,2.185
5439.85,2.763,0.453,0.531
5440.36,2.783,0.695,2.185
5440.87,2.763,0.453,0.531
5441.39,2.763,0.453,2.185
5441.9,2.826,0.866,2.185
5442.42,2.763,0.453,2.185
5442.92,2.79,0.525,2.185
5443.44,2.856,0.453,2.185
5443.96,2.776,0.453,0.531
5444.48,2.841,0.453,2.185
5444.99,2.763,0.453,2.185
5445.5,2.82,0.467,2.185
5446.03,2.804,0.453,0.531
5446.54,2.804,0.453,0.531
5447.04,2.847,0.463,2.185
5447.59,2.776,0.453,0.531
5448.15,2.776,0.453,0.531
5448.66,2.777,0.467,2.185
5449.17,2.776,0.477,2.185
5449.68,2.788,0.453,2.181
5450.22,2.763,0.453,0.531
5450.75,2.763,0.453,0.531
5451.32,2.763,0.453,0.531
5451.83,2.776,0.453,2.185
5452.34,2.777,0.453,0.531
5452.85,2.777,0.453,0.531
5453.38,2.777,0.453,0.531
5453.92,2.777,0.453,0.531
5454.49,2.777,0.453,0.531
5455.0,2.777,0.453,2.181
5455.51,2.777,0.453,0.531
5456.02,2.841,0.453,2.185
5456.53,2.764,0.453,2.185
5457.04,2.764,0.453,0.531
5457.55,2.845,0.453,2.185
5458.06,2.777,0.453,0.531
5458.56,2.778,0.467,2.185
5459.07,2.777,0.453,0.531
5459.58,2.849,0.453,2.187
5460.09,2.79,0.453,2.185
5460.61,2.764,0.453,2.181
5461.14,2.764,0.453,0.531
5461.65,2.778,0.453,2.185
5462.16,2.846,0.482,2.185
5462.67,2.764,0.453,2.181
5463.18,2.764,0.453,2.185
5463.69,2.764,0.453,2.185
5464.2,2.768,0.453,2.181
5464.71,2.764,0.453,0.531
5465.29,2.792,0.467,2.185
5465.8,2.849,0.453,2.185
5466.33,2.805,0.453,0.531
5466.85,2.847,0.453,2.187
5467.35,2.846,0.557,2.185
5467.86,2.764,0.55,1.185
5468.38,2.792,0.467,2.185
5468.89,2.859,0.453,2.185
5469.41,2.764,0.453,0.531
5469.92,2.764,0.537,2.185
5470.43,2.805,0.453,2.181
5470.95,2.862,0.453,2.185
5471.46,2.764,0.577,2.185
5471.98,2.764,0.453,0.531
5472.49,2.764,0.623,2.185
5473.01,2.764,0.453,0.531
5473.52,2.792,0.467,2.185
5474.03,2.764,0.453,0.531
5474.54,2.764,0.453,2.185
5475.05,2.764,0.453,0.531
5475.56,2.792,0.467,2.185
5476.08,2.832,0.467,2.185
5476.66,2.764,0.453,0.531
5477.17,2.764,0.49,2.185
5477.7,2.764,0.453,0.531
5478.22,2.792,0.467,2.185
5478.73,2.87,0.467,2.185
5479.28,2.764,0.453,0.531
5479.79,2.792,0.467,2.185
5480.3,2.792,0.453,2.185
5480.82,2.805,0.453,0.531
5481.33,2.805,0.467,2.185
5481.85,2.764,0.453,0.531
5482.36,2.778,0.467,2.185
5482.87,2.845,0.453,2.185
5483.44,2.764,0.453,0.531
5483.95,2.764,0.453,2.185
5484.45,2.846,0.467,2.185
5485.02,2.764,0.453,0.531
5485.53,2.792,0.467,2.185
5486.04,2.862,0.453,2.185
5486.55,2.764,0.453,0.531
5487.06,2.792,0.467,2.185
5487.56,2.764,0.453,0.531
5488.08,2.792,0.467,2.185
5488.59,2.764,0.453,2.181
5489.1,2.764,0.453,0.531
5489.68,2.852,0.453,2.185
5490.19,2.777,0.453,2.185
5490.7,2.789,0.453,2.181
5491.25,2.805,0.453,0.531
5491.76,2.816,0.453,2.185
5492.26,2.764,0.467,2.185
5492.83,2.764,0.453,0.531
5493.34,2.778,0.467,2.185
5493.84,2.777,0.482,2.181
5494.35,2.778,0.467,2.185
5494.86,2.777,0.453,0.531
5495.37,2.873,0.453,2.185
5495.88,2.764,0.453,2.187
5496.39,2.805,0.453,2.181
5496.94,2.777,0.453,0.531
5497.45,2.827,0.453,2.185
5497.95,2.764,0.468,2.185
5498.47,2.764,0.453,2.181
5498.99,2.764,0.453,0.531
5499.5,2.792,0.453,2.185
5500.01,2.764,0.453,2.181
5500.57,2.764,0.453,0.531
5501.08,2.806,0.467,2.185
5501.59,2.805,0.463,2.185
5502.1,2.805,0.453,2.181
5502.67,2.764,0.453,0.531
5503.18,2.764,0.465,2.185
5503.7,2.777,0.453,2.185
5504.2,2.811,0.866,2.185
5504.75,2.764,0.453,0.531
5505.26,2.792,0.453,2.185
5505.77,2.777,0.472,2.185
5506.28,2.764,0.453,2.181
5506.79,2.764,0.453,2.185
5507.31,2.792,0.467,2.185
5507.81,2.834,0.453,2.185
5508.32,2.764,0.453,2.181
5508.83,2.764,0.453,2.187
5509.34,2.764,0.453,2.185
5509.85,2.87,0.467,2.185
5510.37,2.764,0.453,0.531
5510.88,2.792,0.467,2.185
5511.39,2.854,0.453,2.185
5511.9,2.764,0.482,2.181
5512.4,2.805,0.489,2.185
5512.91,2.82,0.453,2.185
5513.42,2.805,0.453,0.531
5513.93,2.777,0.453,2.185
5514.44,2.778,0.467,2.185
5514.95,2.777,0.516,0.581
5515.46,2.764,0.453,2.187
5515.97,2.764,0.453,2.185
5516.48,2.764,0.453,0.531
5516.99,2.764,0.453,2.185
5517.49,2.834,0.467,2.185
5518.0,2.777,0.453,0.531
5518.51,2.764,0.477,2.185
5519.02,2.764,0.453,2.185
5519.53,2.846,0.467,2.185
5520.04,2.777,0.453,2.181
5520.61,2.764,0.453,0.531
5521.12,2.777,0.473,2.185
5521.63,2.764,0.453,2.185
5522.13,2.764,0.453,0.531
5522.64,2.792,0.752,2.185
5523.16,2.792,0.467,2.185
5523.66,2.764,0.453,0.531
5524.17,2.859,0.453,2.185
5524.68,2.777,0.453,2.185
5525.19,2.792,0.467,2.185
5525.72,2.764,0.453,0.531
5526.23,2.822,0.453,2.185
5526.73,2.764,0.453,2.185
5527.25,2.811,0.752,2.185
5527.78,2.764,0.453,0.531
5528.29,2.764,0.534,2.185
5528.8,2.764,0.453,2.181
5529.31,2.764,0.453,0.531
5529.9,2.764,0.51,2.185
5530.41,2.764,0.466,0.531
5530.93,2.764,0.453,2.181
5531.5,2.777,0.453,0.531
5532.01,2.848,0.463,2.187
5532.53,2.764,0.453,2.185
5533.04,2.86,0.467,2.185
5533.55,2.764,0.453,0.531
5534.05,2.764,0.453,2.187
5534.56,2.821,0.467,2.185
5535.07,2.764,0.453,0.531
5535.59,2.849,0.453,2.187
5536.1,2.79,0.453,2.185
5536.61,2.764,0.453,2.181
5537.16,2.764,0.453,0.531
5537.67,2.792,0.467,2.185
5538.18,2.764,0.462,2.185
5538.71,2.764,0.466,0.531
5539.23,2.764,0.491,2.185
5539.74,2.777,0.453,2.185
5540.26,2.764,0.453,0.531
5540.78,2.764,0.453,2.185
5541.29,2.764,0.453,2.181
5541.8,2.764,0.453,0.531
5542.39,2.792,0.467,2.185
5542.9,2.857,0.464,2.185
5543.43,2.764,0.453,2.181
5543.94,2.764,0.453,2.187
5544.46,2.764,0.453,2.187
5544.97,2.821,0.467,2.185
5545.49,2.764,0.453,0.531
5546.0,2.792,0.467,2.185
5546.51,2.764,0.482,2.181
5547.02,2.777,0.453,2.185
5547.53,2.764,0.453,2.185
5548.04,2.779,0.467,2.181
5548.62,2.764,0.453,0.531
5549.13,2.792,0.467,2.185
5549.64,2.87,0.453,2.185
5550.16,2.764,0.453,0.531
5550.74,2.764,0.453,2.185
5551.25,2.764,0.453,0.531
5551.76,2.778,0.467,2.185
5552.27,2.777,0.453,0.531
5552.78,2.793,0.467,2.185
5553.29,2.835,0.453,2.185
5553.85,2.764,0.453,0.531
5554.36,2.764,0.453,2.185
5554.87,2.764,0.453,0.531
5555.38,2.793,0.467,2.185
5555.89,2.86,0.466,2.185
5556.46,2.765,0.453,0.531
5556.97,2.765,0.453,2.185
5557.48,2.812,0.467,2.181
5557.98,2.765,0.453,2.185
5558.49,2.765,0.466,2.185
5559.01,2.765,0.453,2.181
5559.52,2.765,0.453,2.185
5560.02,2.765,0.453,2.185
5560.53,2.895,0.467,2.185
5561.04,2.765,0.453,0.531
5561.56,2.765,0.462,2.185
5562.07,2.765,0.453,2.181
5562.64,2.778,0.453,0.531
5563.15,2.807,0.467,2.185
5563.66,2.806,0.453,0.531
5564.16,2.806,0.453,0.531
5564.67,2.826,0.453,2.185
5565.18,2.778,0.453,2.181
5565.76,2.778,0.453,0.531
5566.27,2.765,0.453,2.185
5566.78,2.807,0.467,2.185
5567.29,2.806,0.453,0.531
5567.79,2.806,0.453,0.531
5568.38,2.806,0.453,0.531
5568.89,2.806,0.453,0.531
5569.44,2.806,0.453,0.531
5569.95,2.806,0.453,0.531
5570.54,2.806,0.482,2.181
5571.06,2.806,0.453,0.531
5571.57,2.779,0.467,2.185
5572.08,2.778,0.453,0.531
5572.59,2.81,0.453,2.185
5573.09,2.803,0.453,2.185
5573.65,2.778,0.453,0.531
5574.16,2.778,0.453,2.181
5574.72,2.778,0.453,0.531
5575.23,2.809,0.453,2.185
5575.73,2.793,0.467,2.185
5576.25,2.765,0.453,0.531
5576.75,2.828,0.453,2.185
5577.26,2.765,0.479,2.185
5577.77,2.765,0.453,2.181
5578.28,2.778,0.453,2.185
5578.79,2.793,0.467,2.185
5579.3,2.793,0.467,2.185
5579.8,2.765,0.453,0.531
5580.31,2.793,0.467,2.185
5580.82,2.821,0.467,2.185
5581.34,2.765,0.453,0.531
5581.86,2.793,0.453,2.187
5582.37,2.778,0.568,2.185
5582.88,2.765,0.453,2.181
5583.39,2.793,0.453,2.185
5583.9,2.847,0.521,2.185
5584.42,2.778,0.453,0.531
5584.93,2.778,0.529,2.185
5585.44,2.765,0.453,2.181
5585.94,2.793,0.467,2.185
5586.45,2.821,0.467,2.185
5586.98,2.765,0.453,2.185
5587.48,2.847,0.453,2.185
5588.04,2.765,0.453,0.531
5588.55,2.85,0.469,2.185
5589.09,2.765,0.453,0.531
5589.6,2.765,0.453,2.185
5590.12,2.778,0.453,0.531
5590.63,2.848,0.453,2.185
5591.14,2.765,0.453,2.181
5591.65,2.793,0.467,2.185
5592.16,2.765,0.453,0.531
5592.67,2.85,0.453,2.185
5593.22,2.765,0.453,0.531
5593.73,2.765,0.453,2.185
5594.24,2.765,0.453,0.531
5594.75,2.793,0.467,2.185
5595.25,2.833,0.467,2.185
5595.77,2.765,0.453,0.531
5596.35,2.793,0.467,2.185
5596.86,2.847,0.467,2.185
5597.38,2.765,0.453,0.531
5597.97,2.765,0.453,2.185
5598.48,2.765,0.453,0.531
5598.99,2.765,0.467,2.185
5599.5,2.765,0.453,0.531
5600.01,2.793,0.467,2.185
5600.52,2.765,0.453,0.531
5601.04,2.793,0.467,2.185
5601.55,2.888,0.453,2.185
5602.07,2.765,0.55,1.185
5602.59,2.765,0.503,2.185
5603.1,2.765,0.453,2.185
5603.61,2.858,0.467,2.185
5604.14,2.765,0.453,0.531
5604.66,2.794,0.467,2.185
5605.17,2.887,0.453,2.185
5605.68,2.765,0.453,0.531
5606.19,2.794,0.467,2.185
5606.7,2.765,0.453,2.181
5607.21,2.765,0.453,2.185
5607.72,2.765,0.453,2.185
5608.23,2.848,0.467,2.185
5608.74,2.765,0.453,0.531
5609.25,2.765,0.462,2.185
5609.76,2.765,0.453,2.185
5610.27,2.832,0.467,2.185
5610.84,2.765,0.453,0.531
5611.36,2.765,0.453,0.531
5611.87,2.779,0.467,2.185
5612.37,2.778,0.453,2.181
5612.88,2.778,0.453,2.185
5613.39,2.794,0.467,2.185
5613.9,2.765,0.453,0.531
5614.41,2.779,0.453,2.187
5614.92,2.765,0.453,2.187
5615.43,2.803,0.467,2.185
5615.96,2.765,0.453,0.531
5616.47,2.829,0.453,2.185
5616.97,2.765,0.453,2.185
5617.49,2.765,0.535,1.185
5618.01,2.765,0.453,0.531
5618.6,2.863,0.467,2.185
5619.11,2.778,0.453,2.185
5619.62,2.822,0.467,2.185
5620.17,2.765,0.453,0.531
5620.68,2.794,0.467,2.185
5621.19,2.875,0.453,2.185
5621.7,2.765,0.453,0.531
5622.21,2.765,0.465,2.185
5622.72,2.807,0.453,2.185
5623.23,2.782,0.453,2.181
5623.74,2.807,0.486,2.187
5624.25,2.794,0.467,2.185
5624.76,2.847,0.467,2.185
5625.27,2.765,0.453,0.531
5625.78,2.86,0.453,2.185
5626.28,2.765,0.453,2.185
5626.8,2.765,0.453,2.181
5627.31,2.765,0.453,0.531
5627.83,2.794,0.467,2.185
5628.34,2.791,0.462,2.185
5628.85,2.765,0.453,2.181
5629.36,2.765,0.453,2.185
5629.87,2.794,0.467,2.185
5630.38,2.765,0.453,0.531
5630.89,2.779,0.526,2.185
5631.41,2.778,0.453,0.531
5631.92,2.778,0.453,0.531
5632.43,2.794,0.467,2.185
5632.94,2.876,0.453,2.185
5633.51,2.765,0.453,0.531
5634.02,2.78,0.467,2.185
5634.53,2.778,0.453,2.181
5635.09,2.778,0.453,0.531
5635.59,2.85,0.453,2.185
5636.1,2.765,0.453,2.185
5636.61,2.794,0.467,2.185
5637.14,2.765,0.453,0.531
5637.65,2.831,0.453,2.185
5638.16,2.778,0.453,2.185
5638.67,2.807,0.467,2.185
5639.17,2.765,0.453,0.531
5639.69,2.807,0.465,2.185
5640.2,2.778,0.466,2.185
5640.72,2.778,0.453,2.181
5641.23,2.765,0.453,2.185
5641.74,2.765,0.453,2.185
5642.24,2.844,0.467,2.185
5642.76,2.766,0.453,0.531
5643.28,2.794,0.467,2.185
5643.78,2.779,0.458,2.185
5644.3,2.766,0.482,2.181
5644.8,2.766,0.453,2.185
5645.32,2.766,0.453,2.185
5645.83,2.766,0.453,0.531
5646.35,2.766,0.453,0.531
5646.85,2.779,0.453,2.187
5647.37,2.779,0.453,0.531
5647.88,2.779,0.453,2.187
5648.39,2.78,0.467,2.185
5648.9,2.827,0.453,2.185
5649.4,2.766,0.453,2.181
5649.96,2.766,0.453,0.531
5650.47,2.794,0.467,2.185
5650.98,2.766,0.453,2.185
5651.49,2.779,0.453,0.531
5651.99,2.794,0.467,2.185
5652.5,2.766,0.453,0.531
5653.02,2.835,0.453,2.185
5653.53,2.779,0.453,2.181
5654.04,2.779,0.453,0.531
5654.55,2.794,0.467,2.187
5655.06,2.889,0.462,2.185
5655.57,2.766,0.453,2.181
5656.08,2.766,0.453,2.187
5656.59,2.766,0.453,2.185
5657.09,2.766,0.453,2.181
5657.61,2.766,0.453,0.531
5658.19,2.794,0.467,2.185
5658.7,2.766,0.457,2.185
5659.25,2.766,0.548,1.185
5659.77,2.858,0.453,2.185
5660.28,2.792,0.453,2.185
5660.8,2.766,0.453,2.181
5661.31,2.766,0.453,2.187
5661.82,2.766,0.453,2.185
5662.33,2.808,0.979,2.185
5662.9,2.766,0.453,0.531
5663.41,2.794,0.467,2.185
5663.92,2.766,0.482,2.181
5664.43,2.766,0.465,2.185
5664.95,2.766,0.546,2.185
5665.48,2.766,0.453,2.181
5665.99,2.843,0.453,2.185
5666.5,2.836,0.469,2.185
5667.04,2.766,0.453,0.531
5667.55,2.766,0.453,2.185
5668.05,2.766,0.482,2.181
5668.56,2.794,0.467,2.185
5669.07,2.766,0.453,2.181
5669.58,2.851,0.453,2.185
5670.09,2.808,0.467,2.185
5670.61,2.807,0.453,0.531
5671.12,2.794,0.467,2.185
5671.62,2.872,0.467,2.185
5672.21,2.766,0.453,0.531
5672.73,2.794,0.467,2.185
5673.23,2.779,0.467,2.185
5673.74,2.766,0.453,0.531
5674.25,2.794,0.467,2.185
5674.76,2.766,0.479,2.185
5675.27,2.766,0.453,0.531
5675.78,2.837,0.453,2.185
5676.28,2.766,0.482,2.181
5676.79,2.766,0.453,2.185
5677.3,2.766,0.453,2.185
5677.81,2.776,0.453,2.181
5678.32,2.766,0.453,2.185
5678.82,2.82,0.453,2.185
5679.33,2.779,0.453,0.531
5679.84,2.779,0.453,2.181
5680.41,2.779,0.453,0.531
5680.91,2.779,0.455,2.185
5681.43,2.779,0.453,0.531
5681.93,2.78,0.467,2.185
5682.44,2.779,0.453,2.181
5683.01,2.779,0.453,0.531
5683.53,2.779,0.453,0.531
5684.04,2.779,0.453,2.185
5684.55,2.78,0.467,2.185
5685.06,2.779,0.453,0.531
5685.57,2.779,0.453,0.531
5686.13,2.779,0.453,0.531
5686.68,2.779,0.453,0.531
5687.19,2.779,0.453,0.531
5687.7,2.779,0.453,0.531
5688.27,2.779,0.453,0.531
5688.77,2.78,0.467,2.185
5689.28,2.842,0.453,2.185
5689.79,2.779,0.453,0.531
5690.3,2.779,0.453,2.181
5690.81,2.779,0.453,2.185
5691.32,2.766,0.453,2.185
5691.82,2.833,0.467,2.185
5692.33,2.766,0.453,0.531
5692.84,2.766,0.453,2.181
5693.42,2.766,0.453,0.531
5693.93,2.839,0.453,2.185
5694.43,2.779,0.453,2.185
5694.94,2.766,0.453,2.181
5695.45,2.766,0.453,2.187
5695.96,2.766,0.453,2.187
5696.47,2.804,0.467,2.185
5697.01,2.766,0.453,0.531
5697.52,2.809,0.467,2.185
5698.02,2.898,0.464,2.185
5698.56,2.808,0.453,0.531
5699.06,2.808,0.467,2.185
5699.58,2.766,0.453,0.531
5700.09,2.795,0.467,2.185
5700.6,2.792,0.455,2.185
5701.13,2.766,0.482,2.181
5701.64,2.766,0.465,2.185
5702.15,2.766,0.559,2.185
5702.67,2.766,0.453,2.181
5703.18,2.833,0.453,2.185
5703.68,2.766,0.565,2.185
5704.21,2.766,0.453,0.531
5704.72,2.795,0.467,2.185
5705.24,2.767,0.453,0.531
5705.74,2.795,0.467,2.185
5706.25,2.859,0.467,2.185
5706.77,2.767,0.453,2.185
5707.28,2.833,0.467,2.185
5707.79,2.767,0.453,2.185
5708.3,2.779,0.453,2.181
5708.81,2.86,0.453,2.185
5709.32,2.767,0.574,2.185
5709.89,2.767,0.453,0.531
5710.4,2.862,0.472,2.185
5711.0,2.767,0.453,0.531
5711.51,2.767,0.506,2.185
5712.04,2.767,0.453,0.531
5712.55,2.767,0.525,2.185
5713.06,2.767,0.453,2.181
5713.57,2.795,0.467,2.185
5714.08,2.846,0.467,2.185
5714.61,2.78,0.453,0.531
5715.2,2.849,0.453,2.185
5715.74,2.78,0.453,0.531
5716.25,2.767,0.61,2.185
5716.78,2.767,0.453,0.531
5717.29,2.781,0.467,2.185
5717.81,2.767,0.453,2.185
5718.32,2.846,0.617,2.185
5718.86,2.767,0.453,0.531
5719.37,2.808,0.507,2.185
5719.91,2.767,0.453,0.531
5720.41,2.823,0.467,2.185
5721.0,2.767,0.453,0.531
5721.51,2.793,0.453,2.185
5722.02,2.846,0.467,2.185
5722.53,2.767,0.453,2.185
5723.04,2.767,0.453,0.531
5723.57,2.854,0.453,2.185
5724.08,2.767,0.453,0.531
5724.59,2.78,0.568,2.185
5725.1,2.78,0.453,2.181
5725.61,2.78,0.453,0.531
5726.12,2.795,0.467,2.187
5726.63,2.836,0.467,2.185
5727.17,2.767,0.453,0.531
5727.68,2.795,0.467,2.185
5728.19,2.845,0.453,2.185
5728.71,2.767,0.453,0.531
5729.22,2.795,0.467,2.185
5729.73,2.767,0.453,0.531
5730.25,2.767,0.453,2.181
5730.75,2.78,0.453,2.185
5731.26,2.767,0.467,2.185
5731.77,2.833,0.467,2.185
5732.28,2.767,0.453,0.531
5732.79,2.865,0.462,2.185
5733.3,2.767,0.453,2.185
5733.81,2.805,0.467,2.185
5734.33,2.767,0.453,0.531
5734.84,2.795,0.467,2.185
5735.34,2.767,0.566,0.732
5735.86,2.767,0.453,2.187
5736.37,2.767,0.453,2.185
5736.88,2.767,0.453,0.531
5737.39,2.78,0.467,2.185
5737.9,2.816,0.453,2.185
5738.41,2.78,0.453,2.181
5738.98,2.767,0.453,0.531
5739.49,2.865,0.464,2.185
5740.01,2.767,0.453,2.185
5740.52,2.779,0.453,2.181
5741.09,2.767,0.453,0.531
5741.6,2.859,0.453,2.185
5742.1,2.793,0.453,2.185
5742.61,2.828,0.467,2.181
5743.14,2.767,0.453,0.531
5743.65,2.865,0.468,2.185
5744.16,2.767,0.453,2.185
5744.67,2.836,0.922,2.185
5745.21,2.767,0.453,0.531
5745.72,2.847,0.453,2.185
5746.22,2.795,0.467,2.185
5746.75,2.767,0.453,0.531
5747.26,2.795,0.467,2.185
5747.77,2.78,0.466,2.185
5748.28,2.777,0.453,2.181
5748.84,2.767,0.453,0.531
5749.35,2.852,0.453,2.185
5749.86,2.767,0.453,0.531
5750.36,2.78,0.464,2.185
5750.88,2.78,0.453,2.185
5751.39,2.78,0.453,0.531
5751.9,2.767,0.453,2.185
5752.41,2.833,0.467,2.185
5752.92,2.767,0.453,0.531
5753.43,2.795,0.453,2.185
5753.94,2.767,0.453,0.531
5754.44,2.78,0.457,2.185
5754.95,2.767,0.453,2.185
5755.46,2.846,0.467,2.185
5755.97,2.808,0.453,0.531
5756.48,2.843,0.453,2.185
5756.99,2.767,0.453,2.185
5757.5,2.779,0.453,2.181
5758.03,2.767,0.453,0.531
5758.54,2.767,0.462,2.185
5759.05,2.795,0.467,2.185
5759.56,2.847,0.453,2.185
5760.07,2.767,0.453,2.181
5760.63,2.767,0.453,0.531
5761.14,2.767,0.476,2.185
5761.65,2.767,0.453,2.185
5762.16,2.808,0.453,2.181
5762.71,2.808,0.453,0.531
5763.22,2.846,0.453,2.185
5763.73,2.78,0.453,2.181
5764.3,2.767,0.453,0.531
5764.81,2.795,0.467,2.185
5765.31,2.767,0.453,0.531
5765.82,2.781,0.467,2.185
5766.33,2.86,0.453,2.185
5766.84,2.78,0.453,2.181
5767.39,2.767,0.453,0.531
5767.9,2.78,0.453,2.185
5768.41,2.78,0.453,0.531
5768.91,2.781,0.453,2.185
5769.42,2.78,0.453,0.531
5769.93,2.781,0.467,2.185
5770.44,2.78,0.483,2.185
5771.01,2.78,0.453,0.531
5771.52,2.78,0.453,2.185
5772.03,2.792,0.467,2.185
5772.54,2.78,0.453,0.531
5773.06,2.767,0.453,2.185
5773.58,2.776,1.206,2.185
5774.09,2.767,0.453,0.531
5774.6,2.795,0.467,2.185
5775.11,2.767,0.464,2.185
5775.62,2.791,0.453,2.181
5776.15,2.767,0.453,0.531
5776.66,2.795,0.467,2.185
5777.17,2.865,0.463,2.185
5777.68,2.767,0.453,2.181
5778.19,2.767,0.507,2.185
5778.71,2.767,0.453,2.185
5779.22,2.8,0.467,2.181
5779.76,2.767,0.453,0.531
5780.27,2.861,0.453,2.185
5780.78,2.795,0.467,2.185
5781.3,2.767,0.453,0.531
5781.81,2.795,0.453,2.185
5782.32,2.767,0.492,2.187
5782.83,2.767,0.453,2.181
5783.34,2.767,0.518,2.185
5783.85,2.767,0.611,2.185
5784.38,2.767,0.453,0.531
5784.91,2.767,0.453,2.185
5785.42,2.767,0.453,0.531
5785.92,2.767,0.453,2.185
5786.43,2.767,0.453,0.531
5786.94,2.767,0.57,2.185
5787.45,2.767,0.453,2.181
5787.96,2.822,0.467,2.185
5788.47,2.767,0.453,2.181
5788.97,2.865,0.464,2.185
5789.49,2.849,0.467,2.185
5790.06,2.767,0.453,0.531
5790.57,2.834,0.453,2.185
5791.08,2.767,0.482,2.181
5791.59,2.796,0.467,2.185
5792.1,2.768,0.466,0.531
5792.62,2.796,0.467,2.185
5793.13,2.859,0.453,2.185
5793.66,2.768,0.453,0.531
5794.17,2.857,0.453,2.185
5794.69,2.768,0.453,0.531
5795.2,2.768,0.453,2.185
5795.71,2.768,0.453,2.181
5796.22,2.865,0.466,2.185
5796.73,2.768,0.499,2.185
5797.26,2.768,0.453,0.531
5797.77,2.768,0.453,2.181
5798.28,2.768,0.453,0.531
5798.79,2.796,0.467,2.187
5799.3,2.851,0.453,2.185
5799.81,2.768,0.482,2.181
5800.31,2.768,0.469,2.185
5800.83,2.77,0.453,2.185
5801.34,2.796,0.467,2.185
5801.84,2.768,0.453,0.531
5802.42,2.768,0.453,0.531
5802.94,2.782,0.467,2.185
5803.44,2.781,0.453,0.531
5803.95,2.781,0.453,2.185
5804.46,2.781,0.453,0.531
5804.97,2.85,0.453,2.185
5805.48,2.781,0.453,2.181
5806.03,2.781,0.453,0.531
5806.54,2.768,0.466,2.185
5807.06,2.781,0.453,2.185
5807.58,2.768,0.453,0.531
5808.08,2.768,0.453,0.531
5808.71,2.768,0.453,0.531
5809.23,2.768,0.453,0.531
5809.75,2.768,0.453,0.531
5810.25,2.768,0.482,2.181
5810.78,2.768,0.453,0.531
5811.3,2.768,0.552,1.185
5811.81,2.768,0.453,2.181
5812.32,2.781,0.453,0.531
5812.83,2.782,0.467,2.185
5813.34,2.796,0.453,2.185
5813.85,2.768,0.453,0.531
5814.36,2.768,0.519,2.185
5814.87,2.768,0.453,2.185
5815.38,2.768,0.453,0.531
5815.89,2.781,0.453,2.185
5816.4,2.781,0.453,2.181
5816.94,2.768,0.453,0.531
5817.45,2.796,0.467,2.185
5817.96,2.847,0.458,2.185
5818.49,2.768,0.453,2.181
5818.99,2.768,0.453,2.185
5819.5,2.781,0.453,2.185
5820.01,2.768,0.453,2.181
5820.52,2.768,0.474,2.185
5821.03,2.768,0.453,0.531
5821.56,2.796,0.467,2.185
5822.06,2.796,0.467,2.185
5822.61,2.768,0.453,0.531
5823.12,2.796,0.467,2.185
5823.62,2.848,0.467,2.185
5824.14,2.768,0.453,2.185
5824.65,2.847,0.453,2.185
5825.17,2.768,0.453,0.531
5825.68,2.809,0.453,2.185
5826.19,2.838,1.319,2.185
5826.7,2.768,0.453,0.531
5827.29,2.768,0.453,2.185
5827.8,2.842,0.467,2.185
5828.38,2.768,0.453,0.531
5828.89,2.824,0.453,2.185
5829.4,2.768,0.464,2.185
5829.91,2.768,0.545,1.185
5830.42,2.84,0.453,2.185
5830.93,2.768,0.517,2.185
5831.46,2.768,0.453,0.531
5831.97,2.796,0.467,2.185
5832.48,2.768,0.453,0.531
5833.0,2.785,0.525,2.185
5833.51,2.85,0.467,2.185
5834.1,2.768,0.453,0.531
5834.61,2.768,0.453,2.185
5835.11,2.768,0.453,2.181
5835.62,2.796,0.467,2.185
5836.13,2.768,0.552,1.185
5836.64,2.782,0.467,2.185
5837.16,2.781,0.453,0.531
5837.66,2.768,0.453,2.185
5838.17,2.768,0.453,0.531
5838.68,2.768,0.511,2.185
5839.19,2.768,0.453,2.181
5839.7,2.768,0.466,2.185
5840.22,2.823,0.513,2.185
5840.74,2.768,0.453,0.531
5841.25,2.768,0.453,2.185
5841.76,2.864,0.467,2.185
5842.3,2.768,0.453,0.531
5842.81,2.811,0.467,2.185
5843.32,2.877,0.453,2.185
5843.83,2.81,0.453,2.181
5844.41,2.768,0.453,0.531
5844.92,2.853,0.462,2.185
5845.43,2.768,0.453,0.531
5845.95,2.768,0.453,2.185
5846.46,2.793,0.453,2.181
5847.03,2.768,0.453,0.531
5847.54,2.796,0.467,2.185
5848.05,2.85,0.453,2.185
5848.56,2.768,0.453,0.531
5849.07,2.845,0.453,2.185
5849.58,2.81,0.453,2.185
5850.09,2.768,0.453,2.181
5850.63,2.81,0.453,0.531
5851.14,2.811,0.467,2.185
5851.65,2.81,0.453,2.181
5852.16,2.768,0.453,2.185
5852.67,2.796,0.467,2.185
5853.18,2.768,0.453,0.531
5853.69,2.781,0.467,2.185
5854.2,2.872,0.453,2.185
5854.71,2.781,0.453,0.531
5855.3,2.782,0.467,2.185
5855.81,2.835,0.453,2.185
5856.32,2.781,0.453,2.181
5856.83,2.768,0.453,2.185
5857.34,2.866,0.453,2.185
5857.86,2.768,0.453,2.181
5858.4,2.768,0.453,0.531
5858.91,2.849,0.453,2.185
5859.42,2.818,0.453,2.185
5859.93,2.866,0.467,2.185
5860.46,2.768,0.453,0.531
5860.97,2.768,0.467,2.185
5861.48,2.781,0.453,2.185
5862.0,2.768,0.453,2.181
5862.58,2.768,0.453,0.531
5863.09,2.781,0.453,2.185
5863.6,2.781,0.453,2.181
5864.17,2.768,0.453,0.531
5864.68,2.796,0.467,2.185
5865.19,2.794,0.494,2.185
5865.7,2.768,0.453,2.181
5866.26,2.768,0.453,0.531
5866.77,2.829,0.453,2.185
5867.28,2.794,0.453,2.185
5867.8,2.834,0.639,2.185
5868.33,2.768,0.453,0.531
5868.84,2.796,0.467,2.185
5869.35,2.768,0.463,2.185
5869.86,2.781,0.453,2.181
5870.43,2.768,0.453,0.531
5870.94,2.768,0.473,2.185
5871.45,2.81,0.453,2.185
5871.96,2.85,0.467,2.185
5872.47,2.768,0.453,0.531
5872.98,2.863,0.453,2.185
5873.49,2.768,0.453,2.185
5874.01,2.768,0.453,0.531
5874.52,2.768,0.453,2.185
5875.03,2.874,0.467,2.185
5875.53,2.768,0.453,2.181
5876.04,2.768,0.453,0.531
5876.55,2.79,0.467,2.185
5877.07,2.835,0.467,2.185
5877.57,2.768,0.533,1.185
5878.08,2.768,0.453,2.187
5878.59,2.768,0.453,0.531
5879.11,2.781,0.453,2.185
5879.62,2.84,0.453,2.185
5880.2,2.781,0.453,0.531
5880.7,2.781,0.453,2.185
5881.21,2.781,0.453,0.531
5881.72,2.782,0.467,2.185
5882.23,2.781,0.462,2.185
5882.74,2.806,0.453,2.181
5883.31,2.768,0.453,0.531
5883.83,2.768,0.478,2.185
5884.34,2.768,0.453,2.185
5884.85,2.874,0.467,2.185
5885.36,2.768,0.453,0.531
5885.91,2.768,0.453,0.531
5886.42,2.781,0.462,2.185
5886.93,2.781,0.467,2.185
5887.44,2.797,0.467,2.185
5888.0,2.768,0.453,0.531
5888.51,2.836,0.453,2.185
5889.01,2.781,0.453,2.181
5889.55,2.781,0.453,0.531
5890.06,2.849,0.453,2.185
5890.56,2.768,0.453,2.187
5891.07,2.768,0.453,0.531
5891.58,2.768,0.453,2.185
5892.09,2.797,0.467,2.185
5892.6,2.768,0.453,0.531
5893.11,2.844,0.453,2.185
5893.69,2.781,0.453,0.531
5894.2,2.781,0.462,2.185
5894.75,2.781,0.453,0.531
5895.26,2.781,0.52,2.185
5895.77,2.781,0.453,2.181
5896.28,2.768,0.495,2.185
5896.78,2.794,0.453,2.185
5897.29,2.769,0.453,0.531
5897.8,2.797,0.467,2.185
5898.31,2.825,0.467,2.185
5898.81,2.769,0.453,0.531
5899.32,2.846,0.453,2.185
5899.83,2.769,0.453,2.187
5900.34,2.769,0.453,2.181
5900.85,2.769,0.508,2.185
5901.36,2.848,0.574,2.185
5901.87,2.769,0.453,2.181
5902.38,2.797,0.467,2.185
5902.89,2.874,0.453,2.185
5903.48,2.769,0.453,0.531
5903.99,2.769,0.567,2.185
5904.51,2.769,0.453,0.531
5905.03,2.797,0.467,2.185
5905.53,2.769,0.453,2.181
5906.04,2.799,0.453,2.185
5906.55,2.782,0.465,2.185
5907.08,2.769,0.453,0.531
5907.59,2.769,0.453,2.185
5908.1,2.769,0.453,2.181
5908.61,2.837,0.453,2.185
5909.12,2.781,0.453,2.181
5909.62,2.769,0.453,2.185
5910.15,2.795,0.453,2.185
5910.66,2.769,0.453,2.181
5911.17,2.769,0.479,2.185
5911.68,2.769,0.453,2.185
5912.2,2.769,0.453,2.181
5912.71,2.769,0.453,2.185
5913.22,2.769,0.453,2.185
5913.73,2.81,0.467,2.181
5914.3,2.81,0.453,0.531
5914.81,2.81,0.467,2.185
5915.32,2.769,0.453,0.531
5915.83,2.797,0.467,2.185
5916.34,2.769,0.453,0.531
5916.85,2.844,0.453,2.185
5917.36,2.782,0.482,2.181
5917.86,2.783,0.453,2.185
5918.37,2.826,0.467,2.185
5918.9,2.769,0.453,0.531
5919.41,2.811,0.467,2.185
5919.92,2.81,0.453,0.531
5920.42,2.81,0.453,0.531
5920.93,2.81,0.453,2.181
5921.48,2.782,0.453,0.531
5921.99,2.782,0.453,2.181
5922.54,2.782,0.453,0.531
5923.05,2.782,0.482,2.181
5923.56,2.783,0.467,2.185
5924.07,2.782,0.453,0.531
5924.58,2.782,0.453,2.185
5925.1,2.782,0.453,0.531
5925.68,2.782,0.453,0.531
5926.23,2.782,0.453,0.531
5926.74,2.782,0.453,0.531
5927.3,2.782,0.453,0.531
5927.81,2.782,0.453,2.185
5928.33,2.783,0.467,2.185
5928.83,2.782,0.482,2.181
5929.34,2.782,0.482,2.181
5929.85,2.782,0.453,2.181
5930.36,2.782,0.462,2.185
5930.87,2.794,0.453,2.181
5931.43,2.782,0.453,0.531
5931.94,2.854,0.453,2.185
5932.45,2.769,0.453,2.185
5932.95,2.769,0.453,0.531
5933.46,2.854,0.465,2.185
5933.98,2.769,0.453,2.185
5934.49,2.782,0.453,2.181
5935.06,2.769,0.453,0.531
5935.57,2.769,0.453,2.181
5936.12,2.782,0.453,0.531
5936.63,2.783,0.467,2.185
5937.13,2.769,0.457,2.185
5937.65,2.769,0.453,2.181
5938.15,2.769,0.465,2.185
5938.67,2.769,0.453,2.181
5939.18,2.769,0.453,2.185
5939.68,2.769,0.453,2.185
5940.19,2.837,0.467,2.185
5940.74,2.769,0.453,0.531
5941.25,2.783,0.467,2.185
5941.76,2.82,0.465,2.185
5942.29,2.769,0.453,0.531
5942.8,2.835,0.453,2.185
5943.31,2.769,0.504,2.185
5943.82,2.769,0.453,0.531
5944.33,2.769,0.453,2.181
5944.84,2.782,0.453,2.185
5945.35,2.795,0.453,2.185
5945.86,2.769,0.453,2.181
5946.38,2.859,0.453,2.185
5946.89,2.795,0.527,2.185
5947.42,2.769,0.453,0.531
5947.93,2.857,0.453,2.185
5948.43,2.769,0.51,2.185
5948.94,2.769,0.453,2.181
5949.46,2.769,0.529,2.185
5949.97,2.769,0.453,0.531
5950.48,2.786,0.453,2.185
5950.99,2.794,0.453,2.181
5951.5,2.769,0.468,2.185
5952.01,2.77,0.453,2.181
5952.52,2.77,0.466,2.185
5953.03,2.806,0.453,2.181
5953.54,2.77,0.453,0.531
5954.05,2.77,0.453,2.185
5954.56,2.849,0.467,2.185
5955.15,2.77,0.453,0.531
5955.66,2.798,0.467,2.185
5956.17,2.77,0.453,0.531
5956.69,2.77,0.453,2.185
5957.2,2.785,0.453,2.181
5957.71,2.77,0.453,2.185
5958.23,2.77,0.453,2.185
5958.74,2.811,0.453,2.181
5959.25,2.811,0.453,2.185
5959.76,2.798,0.467,2.185
5960.26,2.807,0.467,2.185
5960.77,2.77,0.453,0.531
5961.29,2.854,0.453,2.185
5961.8,2.783,0.463,2.187
5962.31,2.77,0.453,0.531
5962.82,2.784,0.467,2.185
5963.33,2.783,0.453,0.531
5963.84,2.77,0.457,2.185
5964.35,2.77,0.453,2.187
5964.86,2.77,0.453,2.181
5965.43,2.77,0.453,0.531
5965.94,2.798,0.467,2.185
5966.45,2.868,0.453,2.185
5966.96,2.77,0.453,0.531
5967.47,2.77,0.505,2.185
5967.98,2.77,0.453,2.185
5968.49,2.811,0.453,2.181
5969.08,2.811,0.453,0.531
5969.59,2.77,0.453,2.185
5970.1,2.795,0.453,2.181
5970.61,2.77,0.453,0.531
5971.12,2.882,0.463,2.185
5971.63,2.77,0.453,2.185
5972.16,2.811,0.453,0.531
5972.67,2.811,0.453,0.531
5973.18,2.783,0.463,2.185
5973.69,2.783,0.453,2.185
5974.2,2.836,0.467,2.185
5974.72,2.77,0.453,0.531
5975.23,2.77,0.464,2.185
5975.74,2.77,0.453,0.531
5976.25,2.798,0.467,2.185
5976.76,2.852,0.462,2.185
5977.27,2.783,0.482,2.181
5977.78,2.77,0.453,2.185
5978.28,2.77,0.453,2.185
5978.79,2.851,0.467,2.185
5979.3,2.77,0.453,0.531
5979.89,2.798,0.467,2.185
5980.4,2.77,0.75,1.372
5980.91,2.77,0.453,2.187
5981.42,2.796,0.453,2.187
5981.93,2.837,0.467,2.185
5982.46,2.77,0.453,0.531
5982.96,2.85,0.453,2.185
5983.47,2.783,0.473,2.185
5983.98,2.77,0.453,2.181
5984.49,2.77,0.453,0.531
5985.0,2.77,0.453,2.181
5985.57,2.783,0.453,0.531
5986.08,2.783,0.453,0.531
5986.59,2.784,0.467,2.185
5987.1,2.783,0.453,0.531
5987.61,2.783,0.453,2.185
5988.12,2.837,0.467,2.185
5988.63,2.783,0.453,0.531
5989.14,2.854,0.453,2.185
5989.65,2.77,0.453,2.185
5990.16,2.77,0.453,2.181
5990.68,2.77,0.453,0.531
5991.19,2.823,0.453,2.185
5991.69,2.783,0.542,1.185
5992.2,2.77,0.453,2.187
5992.71,2.776,0.453,2.185
5993.22,2.811,0.467,2.185
5993.73,2.77,0.572,1.185
5994.24,2.77,0.453,2.185
5994.75,2.77,0.453,2.185
5995.26,2.851,0.467,2.185
5995.77,2.77,0.545,1.185
5996.29,2.77,0.453,2.185
5996.8,2.796,0.467,2.185
5997.31,2.826,0.467,2.185
5997.82,2.77,0.453,0.531
5998.33,2.783,0.525,2.185
5998.84,2.783,0.453,0.531
5999.35,2.783,0.453,2.185
5999.86,2.825,0.467,2.185
6000.37,2.783,0.453,0.531
6000.88,2.77,0.455,2.185
6001.4,2.77,0.453,0.531
6001.91,2.784,0.467,2.185
6002.42,2.784,0.467,2.185
6002.93,2.783,0.58,1.185
6003.44,2.783,0.453,0.531
6003.95,2.784,0.467,2.185
6004.46,2.853,0.463,2.185
6004.98,2.783,0.453,2.181
6005.57,2.77,0.453,0.531
6006.09,2.77,0.453,2.185
6006.6,2.798,0.467,2.185
6007.11,2.839,0.453,2.185
6007.62,2.783,0.482,2.181
6008.12,2.77,0.453,2.185
6008.63,2.77,0.453,2.187
6009.14,2.811,0.453,0.531
6009.65,2.798,0.467,2.185
6010.16,2.852,0.467,2.185
6010.67,2.77,0.453,0.531
6011.18,2.77,0.467,2.185
6011.7,2.852,0.453,2.185
6012.21,2.77,0.453,2.181
6012.79,2.77,0.453,0.531
6013.31,2.855,0.453,2.185
6013.82,2.77,0.453,0.531
6014.34,2.853,0.453,2.185
6014.85,2.783,0.453,0.531
6015.36,2.77,0.474,2.185
6015.86,2.796,0.453,2.185
6016.37,2.782,0.453,2.181
6016.87,2.811,0.453,2.185
6017.38,2.77,0.453,2.185
6017.89,2.815,0.453,2.181
6018.4,2.811,0.453,2.185
6018.91,2.77,0.533,2.185
6019.41,2.783,0.453,2.181
6019.92,2.823,0.453,2.185
6020.43,2.77,0.453,0.531
6020.94,2.829,0.453,2.185
6021.45,2.77,0.535,2.185
6021.96,2.77,0.453,2.181
6022.47,2.77,0.467,2.185
6022.98,2.796,0.453,2.185
6023.49,2.77,0.453,2.181
6024.0,2.77,0.465,2.185
6024.52,2.77,0.536,2.185
6025.03,2.77,0.482,2.181
6025.53,2.868,0.453,2.185
6026.05,2.853,0.579,2.185
6026.56,2.783,0.453,0.531
6027.07,2.77,0.453,2.185
6027.58,2.77,0.482,2.181
6028.09,2.799,0.467,2.185
6028.59,2.849,0.467,2.185
6029.17,2.77,0.453,0.531
6029.67,2.77,0.453,2.185
6030.18,2.77,0.453,2.181
6030.69,2.77,0.453,2.185
6031.2,2.796,0.466,2.185
6031.71,2.783,0.453,2.181
6032.29,2.77,0.453,0.531
6032.8,2.799,0.467,2.185
6033.3,2.77,0.453,0.531
6033.82,2.77,0.538,2.185
6034.33,2.77,0.453,2.185
6034.84,2.862,0.467,2.185
6035.37,2.812,0.453,0.531
6035.88,2.86,0.453,2.185
6036.38,2.796,0.453,2.185
6036.9,2.77,0.453,2.181
6037.4,2.77,0.453,2.185
6037.91,2.77,0.453,2.185
6038.42,2.84,0.467,2.185
6038.97,2.77,0.453,0.531
6039.48,2.77,0.453,0.531
6039.98,2.784,0.467,2.185
6040.49,2.783,0.453,0.531
6041.0,2.832,0.453,2.185
6041.51,2.783,0.453,2.181
6042.09,2.783,0.453,0.531
6042.6,2.77,0.453,2.185
6043.11,2.813,0.467,2.185
6043.62,2.812,0.453,0.531
6044.12,2.812,0.453,0.531
6044.65,2.812,0.453,0.531
6045.17,2.785,0.585,2.185
6045.69,2.787,0.453,0.531
6046.23,2.786,0.453,0.531
6046.75,2.786,0.55,1.185
6047.26,2.825,0.453,2.185
6047.78,2.786,0.453,0.531
6048.36,2.786,0.453,0.531
6048.89,2.786,0.453,0.531
6049.4,2.786,0.482,2.181
6049.91,2.786,0.453,0.531
6050.42,2.786,0.453,2.185
6050.97,2.786,0.453,0.531
6051.48,2.787,0.467,2.185
6051.99,2.786,0.453,0.531
6052.5,2.786,0.512,2.185
6053.01,2.773,0.453,2.185
6053.51,2.811,0.467,2.185
6054.05,2.773,0.453,0.531
6054.55,2.858,0.453,2.185
6055.06,2.786,0.453,2.187
6055.57,2.786,0.453,0.531
6056.09,2.786,0.526,2.185
6056.62,2.786,0.453,0.531
6057.13,2.787,0.453,2.185
6057.64,2.773,0.467,2.185
6058.15,2.773,0.482,2.181
6058.66,2.871,0.453,2.185
6059.17,2.773,0.453,2.185
6059.68,2.773,0.453,2.181
6060.19,2.786,0.453,2.185
6060.7,2.773,0.453,2.185
6061.21,2.773,0.453,0.531
6061.72,2.773,0.466,2.185
6062.22,2.773,0.482,2.181
6062.73,2.814,0.467,2.185
6063.24,2.876,0.471,2.185
6063.8,2.773,0.453,0.531
6064.31,2.853,0.536,2.185
6064.82,2.773,0.453,0.531
6065.33,2.791,0.639,2.185
6065.85,2.843,0.467,2.185
6066.37,2.773,0.453,2.185
6066.89,2.773,0.556,2.185
6067.42,2.773,0.453,0.531
6067.93,2.815,0.453,2.185
6068.45,2.773,0.453,0.531
6068.96,2.813,0.453,2.185
6069.46,2.869,0.469,2.185
6070.01,2.773,0.453,0.531
6070.51,2.773,0.453,2.185
6071.02,2.773,0.453,2.181
6071.53,2.814,0.467,2.185
6072.03,2.773,0.453,0.531
6072.54,2.773,0.453,2.185
6073.05,2.814,0.453,0.531
6073.56,2.885,0.453,2.185
6074.1,2.814,0.453,0.531
6074.61,2.773,0.639,2.185
6075.13,2.786,0.453,0.531
6075.64,2.773,0.453,2.185
6076.16,2.773,0.453,0.531
6076.67,2.801,0.467,2.185
6077.17,2.83,0.467,2.185
6077.76,2.773,0.453,0.531
6078.27,2.78,0.467,2.185
6078.78,2.879,0.467,2.185
6079.31,2.773,0.453,0.531
6079.82,2.773,0.453,2.181
6080.39,2.773,0.453,0.531
6080.9,2.801,0.467,2.185
6081.4,2.773,0.566,1.185
6081.92,2.773,0.516,2.185
6082.43,2.773,0.453,2.185
6082.94,2.83,0.467,2.185
6083.52,2.773,0.453,0.531
6084.03,2.847,0.453,2.185
6084.54,2.799,0.453,2.185
6085.05,2.801,0.467,2.185
6085.56,2.773,0.453,0.531
6086.06,2.773,0.468,2.185
6086.58,2.773,0.65,1.185
6087.08,2.773,0.453,0.531
6087.67,2.801,0.453,2.185
6088.18,2.856,0.506,2.185
6088.69,2.773,0.453,2.181
6089.2,2.773,0.453,2.185
6089.71,2.773,0.453,2.185
6090.22,2.843,0.467,2.185
6090.74,2.773,0.453,0.531
6091.25,2.773,0.453,2.181
6091.79,2.786,0.453,0.531
6092.3,2.857,0.453,2.185
6092.81,2.786,0.482,2.181
6093.38,2.773,0.453,0.531
6093.89,2.88,0.453,2.185
6094.4,2.773,0.453,2.185
6094.91,2.773,0.453,2.181
6095.42,2.773,0.453,2.185
6095.93,2.773,0.453,2.185
6096.44,2.855,0.467,2.185
6096.96,2.773,0.453,0.531
6097.47,2.868,0.453,2.185
6097.98,2.773,0.482,2.185
6098.49,2.773,0.453,0.531
6099.0,2.773,0.453,2.181
6099.57,2.773,0.453,0.531
6100.08,2.868,0.453,2.185
6100.59,2.856,0.477,2.185
6101.09,2.773,0.453,2.181
6101.6,2.773,0.453,0.531
6102.11,2.801,0.467,2.185
6102.62,2.839,0.467,2.185
6103.13,2.773,0.453,0.531
6103.65,2.773,0.499,2.185
6104.16,2.773,0.453,0.531
6104.67,2.786,0.453,2.187
6105.18,2.786,0.453,0.531
6105.69,2.786,0.453,0.531
6106.2,2.786,0.453,0.531
6106.79,2.786,0.453,2.185
6107.3,2.801,0.467,2.185
6107.81,2.773,0.453,0.531
6108.32,2.786,0.453,2.185
6108.82,2.803,0.453,2.181
6109.35,2.786,0.453,0.531
6109.86,2.773,0.499,2.185
6110.37,2.871,0.453,2.185
6110.88,2.801,0.467,2.185
6111.39,2.773,0.453,0.531
6111.9,2.773,0.453,2.187
6112.41,2.799,0.453,2.185
6112.92,2.787,0.467,2.185
6113.43,2.773,0.482,2.181
6113.93,2.787,0.467,2.185
6114.44,2.786,0.767,1.372
6114.96,2.786,0.486,2.187
6115.46,2.773,0.453,2.185
6115.97,2.799,0.453,2.181
6116.52,2.773,0.453,0.531
6117.03,2.871,0.453,2.187
6117.54,2.787,0.467,2.185
6118.05,2.786,0.453,0.531
6118.64,2.786,0.453,0.531
6119.14,2.851,0.453,2.185
6119.65,2.856,0.453,2.185
6120.16,2.854,0.467,2.185
6120.7,2.773,0.453,0.531
6121.21,2.773,0.453,0.531
6121.72,2.786,0.456,2.185
6122.23,2.786,0.453,2.181
6122.81,2.786,0.453,0.531
6123.32,2.773,0.453,2.187
6123.83,2.787,0.467,2.185
6124.34,2.786,0.453,0.531
6124.85,2.787,0.467,2.185
6125.36,2.865,0.453,2.185
6125.87,2.773,0.901,1.372
6126.38,2.773,0.463,2.185
6126.89,2.801,0.467,2.185
6127.41,2.773,0.453,0.531
6127.92,2.801,0.467,2.185
6128.43,2.773,0.571,2.185
6128.94,2.773,0.453,0.531
6129.45,2.773,0.464,2.185
6129.96,2.786,0.474,2.185
6130.53,2.773,0.453,0.531
6131.04,2.773,0.453,2.181
6131.61,2.786,0.453,0.531
6132.12,2.787,0.467,2.185
6132.63,2.786,0.453,2.181
6133.14,2.773,0.453,2.185
6133.65,2.801,0.467,2.185
6134.15,2.827,0.467,2.185
6134.66,2.773,0.453,0.531
6135.17,2.801,0.467,2.185
6135.68,2.856,0.485,2.187
6136.19,2.773,0.453,2.181
6136.7,2.858,0.453,2.185
6137.21,2.773,0.48,2.185
6137.73,2.773,0.453,0.531
6138.24,2.773,0.453,2.185
6138.75,2.773,0.453,0.531
6139.26,2.773,0.468,2.185
6139.78,2.773,0.701,1.185
6140.28,2.864,0.453,2.185
6140.79,2.804,0.453,2.181
6141.3,2.814,0.453,2.185
6141.81,2.773,0.453,2.185
6142.32,2.814,0.453,2.181
6142.83,2.773,0.453,2.185
6143.34,2.773,0.563,2.185
6143.85,2.773,0.55,1.185
6144.36,2.801,0.467,2.185
6144.87,2.773,0.453,0.531
6145.38,2.773,0.527,2.185
6145.89,2.773,0.453,2.181
6146.4,2.801,0.467,2.185
6146.91,2.882,0.47,2.185
6147.45,2.773,0.453,0.531
6147.95,2.856,0.453,2.185
6148.48,2.786,0.453,0.531
6148.99,2.773,0.453,2.185
6149.51,2.815,0.482,2.181
6150.02,2.801,0.467,2.185
6150.52,2.773,0.453,0.531
6151.04,2.801,0.467,2.185
6151.55,2.855,0.467,2.185
6152.06,2.773,0.453,0.531
6152.58,2.773,0.499,2.185
6153.09,2.773,0.453,2.185
6153.6,2.842,0.467,2.181
6154.15,2.773,0.453,0.531
6154.66,2.801,0.467,2.185
6155.17,2.773,0.469,2.185
6155.68,2.773,0.453,2.181
6156.19,2.773,0.462,2.185
6156.7,2.773,0.453,2.185
6157.21,2.821,0.979,2.185
6157.77,2.773,0.453,0.531
6158.27,2.843,0.453,2.185
6158.78,2.773,0.572,2.185
6159.29,2.773,0.453,2.181
6159.8,2.773,0.455,2.185
6160.31,2.801,0.467,2.185
6160.82,2.773,0.453,0.531
6161.32,2.786,0.453,2.185
6161.83,2.786,0.453,0.531
6162.34,2.787,0.467,2.187
6162.85,2.773,0.453,2.185
6163.36,2.798,0.453,2.181
6163.9,2.773,0.453,0.531
6164.41,2.773,0.453,2.185
6164.93,2.801,0.467,2.185
6165.43,2.773,0.453,0.531
6165.94,2.773,0.482,2.181
6166.46,2.773,0.453,0.531
6167.04,2.773,0.453,0.531
6167.56,2.773,0.453,0.531
6168.07,2.773,0.453,0.531
6168.6,2.773,0.453,0.531
6169.18,2.773,0.453,0.531
6169.69,2.773,0.453,2.181
6170.27,2.786,0.453,0.531
6170.78,2.882,0.453,2.185
6171.29,2.773,0.453,2.185
6171.8,2.815,0.467,2.185
6172.31,2.786,0.453,0.531
6172.82,2.854,0.453,2.185
6173.33,2.773,0.453,2.185
6173.84,2.773,0.453,0.531
6174.35,2.866,0.453,2.185
6174.86,2.773,0.453,2.181
6175.37,2.815,0.453,2.185
6175.87,2.786,0.453,2.185
6176.38,2.88,0.467,2.185
6176.92,2.773,0.453,0.531
6177.43,2.862,0.453,2.185
6177.94,2.786,0.509,2.185
6178.45,2.773,0.453,2.181
6178.95,2.773,0.471,2.185
6179.46,2.773,0.453,2.185
6179.97,2.777,0.453,2.181
6180.48,2.773,0.453,0.531
6180.99,2.773,0.453,2.187
6181.49,2.787,0.467,2.185
6182.07,2.773,0.453,0.531
6182.58,2.799,0.524,2.185
6183.09,2.773,0.453,2.181
6183.6,2.801,0.467,2.185
6184.11,2.773,0.525,2.185
6184.68,2.786,0.453,0.531
6185.19,2.786,0.539,1.185
6185.74,2.801,0.453,2.185
6186.25,2.83,0.453,2.185
6186.79,2.773,0.453,0.531
6187.3,2.801,0.467,2.185
6187.81,2.855,0.467,2.185
6188.39,2.773,0.453,0.531
6188.9,2.773,0.453,2.185
6189.41,2.892,0.467,2.185
6189.93,2.815,0.453,0.531
6190.53,2.773,0.453,2.185
6191.04,2.773,0.453,0.531
6191.56,2.773,0.618,2.185
6192.07,2.773,0.453,0.531
6192.58,2.787,0.467,2.185
6193.09,2.786,0.453,0.531
6193.61,2.773,0.453,2.185
6194.12,2.773,0.453,2.181
6194.63,2.773,0.458,2.185
6195.14,2.843,0.453,2.185
6195.69,2.773,0.453,0.531
6196.2,2.773,0.453,2.185
6196.71,2.773,0.453,0.531
6197.22,2.85,0.453,2.185
6197.73,2.773,0.453,0.531
6198.24,2.801,0.467,2.185
6198.75,2.864,0.462,2.185
6199.28,2.773,0.453,0.531
6199.79,2.773,0.466,2.185
6200.3,2.773,0.453,2.185
6200.81,2.786,0.453,2.181
6201.36,2.773,0.453,0.531
6201.87,2.848,0.453,2.185
6202.38,2.869,0.49,2.187
6202.9,2.815,0.453,2.181
6203.41,2.815,0.453,0.531
6203.92,2.815,0.453,0.531
6204.43,2.815,0.482,2.181
6204.94,2.787,0.467,2.185
6205.45,2.843,0.453,2.185
6205.96,2.786,0.453,2.181
6206.47,2.773,0.453,2.185
6206.98,2.773,0.453,2.185
6207.49,2.775,0.453,2.181
6208.06,2.773,0.453,0.531
6208.57,2.829,0.453,2.187
6209.08,2.786,0.475,2.185
6209.59,2.773,0.453,0.531
6210.1,2.773,0.482,2.181
6210.67,2.786,0.453,0.531
6211.18,2.787,0.467,2.185
6211.71,2.786,0.453,0.531
6212.22,2.786,0.453,2.181
6212.79,2.786,0.453,0.531
6213.3,2.853,0.453,2.185
6213.81,2.773,0.453,2.185
6214.33,2.798,0.453,2.181
6214.84,2.773,0.453,0.531
6215.35,2.783,0.467,2.185
6215.86,2.814,0.467,2.185
6216.38,2.786,0.453,0.531
6216.89,2.858,0.466,2.185
6217.41,2.786,0.453,2.185
6217.92,2.773,0.453,2.181
6218.43,2.84,0.453,2.185
6218.93,2.773,0.535,2.185
6219.45,2.773,0.482,2.181
6219.96,2.773,0.543,2.185
6220.47,2.773,0.453,2.185
6220.98,2.773,0.453,0.531
6221.49,2.773,0.606,2.185
6222.0,2.773,0.548,1.185
6222.51,2.773,0.453,2.185
6223.02,2.773,0.453,0.531
6223.54,2.786,0.537,2.185
6224.05,2.786,0.453,0.531
6224.56,2.786,0.453,2.185
6225.07,2.786,0.453,2.185
6225.58,2.786,0.453,0.531
6226.09,2.787,0.467,2.185
6226.62,2.786,0.453,0.531
6227.13,2.786,0.467,2.185
6227.64,2.855,0.467,2.185
6228.15,2.773,0.453,0.531
6228.67,2.815,0.471,2.185
6229.19,2.773,0.453,2.185
6229.69,2.773,0.453,0.531
6230.21,2.786,0.453,0.531
6230.8,2.857,0.464,2.185
6231.32,2.799,0.453,2.185
6231.83,2.855,0.467,2.185
6232.33,2.773,0.453,0.531
6232.84,2.783,0.467,2.181
6233.37,2.786,0.453,0.531
6233.88,2.786,0.463,2.185
6234.39,2.773,0.453,2.187
6234.9,2.855,0.467,2.181
6235.44,2.773,0.453,0.531
6235.95,2.773,0.453,2.185
6236.46,2.816,0.467,2.185
6236.97,2.815,0.884,1.185
6237.48,2.787,0.467,2.185
6237.99,2.786,0.453,0.531
6238.5,2.844,0.453,2.185
6239.0,2.773,0.467,2.185
6239.51,2.773,0.453,2.181
6240.07,2.773,0.453,0.531
6240.58,2.869,0.453,2.185
6241.09,2.799,0.453,2.185
6241.6,2.83,0.467,2.181
6242.11,2.773,0.453,0.531
6242.62,2.786,0.454,2.185
6243.13,2.773,0.453,2.185
6243.64,2.818,0.453,2.181
6244.15,2.773,0.453,0.531
6244.74,2.773,0.528,2.185
6245.25,2.773,0.453,2.181
6245.76,2.773,0.463,2.185
6246.28,2.773,0.453,2.185
6246.79,2.773,0.453,2.181
6247.3,2.773,0.453,2.185
6247.8,2.773,0.453,2.185
6248.31,2.854,0.467,2.185
6248.9,2.773,0.453,0.531
6249.41,2.834,0.453,2.185
6249.92,2.773,0.495,2.187
6250.43,2.773,0.453,0.531
6250.94,2.775,0.453,2.185
6251.44,2.855,0.467,2.185
6251.96,2.773,0.453,2.185
6252.47,2.773,0.453,0.531
6252.99,2.787,0.467,2.185
6253.5,2.786,0.453,0.531
6254.02,2.787,0.453,2.185
6254.53,2.786,0.453,2.181
6255.04,2.852,0.453,2.185
6255.54,2.773,0.549,2.185
6256.07,2.773,0.453,0.531
6256.58,2.84,0.453,2.185
6257.09,2.773,0.453,0.531
6257.6,2.773,0.453,2.185
6258.11,2.773,0.453,2.181
6258.62,2.828,0.453,2.185
6259.12,2.773,0.453,2.185
6259.67,2.773,0.453,0.531
6260.18,2.802,0.467,2.185
6260.69,2.773,0.453,2.181
6261.2,2.773,0.453,2.185
6261.72,2.773,0.453,2.185
6262.23,2.773,0.453,0.531
6262.74,2.773,0.453,2.185
6263.25,2.85,0.467,2.185
6263.76,2.773,0.453,2.185
6264.28,2.879,0.453,2.185
6264.8,2.773,0.453,0.531
6265.4,2.773,0.453,2.185
6265.93,2.786,0.453,0.531
6266.44,2.773,0.453,2.185
6266.95,2.773,0.453,2.181
6267.46,2.869,0.453,2.185
6267.98,2.773,0.506,2.185
6268.51,2.773,0.453,0.531
6269.03,2.773,0.453,2.185
6269.54,2.781,0.453,2.181
6270.05,2.773,0.458,2.185
6270.56,2.855,0.467,2.185
6271.09,2.774,0.453,0.531
6271.69,2.774,0.453,2.185
6272.2,2.774,0.453,0.531
6272.72,2.802,0.467,2.185
6273.23,2.774,0.453,2.181
6273.74,2.774,0.453,2.185
6274.25,2.774,0.453,2.185
6274.78,2.774,0.453,0.531
6275.29,2.802,0.467,2.185
6275.8,2.911,0.464,2.185
6276.35,2.774,0.453,0.531
6276.86,2.802,0.467,2.185
6277.37,2.774,0.453,0.531
6277.88,2.844,0.453,2.185
6278.39,2.787,0.453,2.181
6278.9,2.774,0.453,2.185
6279.41,2.774,0.453,0.531
6279.92,2.774,0.467,2.181
6280.47,2.787,0.453,0.531
6280.98,2.824,0.453,2.185
6281.49,2.787,0.453,0.531
6282.0,2.788,0.467,2.185
6282.51,2.787,0.58,1.185
6283.02,2.787,0.453,2.185
6283.53,2.802,0.467,2.185
6284.04,2.89,0.453,2.185
6284.59,2.774,0.453,0.531
6285.1,2.774,0.482,2.181
6285.61,2.774,0.453,0.531
6286.13,2.774,0.58,1.185
6286.64,2.774,0.466,0.531
6287.19,2.774,0.453,0.531
6287.7,2.774,0.453,0.531
6288.29,2.774,0.482,2.181
6288.8,2.774,0.54,1.185
6289.31,2.787,0.453,2.185
6289.82,2.774,0.453,2.185
6290.33,2.816,0.467,2.185
6290.85,2.815,0.453,0.531
6291.36,2.787,0.462,2.185
6291.93,2.787,0.453,0.531
6292.44,2.788,0.467,2.185
6292.94,2.815,0.467,2.185
6293.45,2.787,0.453,0.531
6293.97,2.842,0.453,2.187
6294.48,2.787,0.467,2.185
6294.99,2.774,0.453,2.181
6295.49,2.774,0.529,2.185
6296.0,2.774,0.453,2.185
6296.51,2.786,0.453,2.181
6297.1,2.774,0.453,0.531
6297.61,2.802,0.467,2.185
6298.12,2.774,0.498,2.185
6298.63,2.815,0.453,2.181
6299.14,2.774,0.453,2.185
6299.65,2.774,0.453,2.185
6300.16,2.843,0.467,2.185
6300.71,2.774,0.453,0.531
6301.22,2.774,0.453,2.185
6301.73,2.855,0.467,2.185
6302.24,2.872,0.465,2.185
6302.76,2.774,0.482,2.181
6303.27,2.802,0.467,2.185
6303.78,2.774,0.453,2.181
6304.29,2.774,0.518,2.185
6304.8,2.844,0.611,2.185
6305.34,2.774,0.453,0.531
6305.85,2.802,0.467,2.185
6306.36,2.774,0.482,2.181
6306.87,2.802,0.467,2.185
6307.38,2.881,0.466,2.185
6307.94,2.774,0.453,0.531
6308.45,2.802,0.467,2.185
6309.03,2.774,0.453,0.531
6309.54,2.774,0.453,2.185
6310.05,2.774,0.453,2.181
6310.56,2.774,0.465,2.185
6311.07,2.78,0.453,2.181
6311.59,2.774,0.468,2.185
6312.11,2.774,0.508,2.185
6312.64,2.774,0.453,0.531
6313.15,2.8,0.453,2.185
6313.66,2.842,0.467,2.185
6314.26,2.787,0.453,0.531
6314.77,2.802,0.467,2.185
6315.34,2.774,0.453,0.531
6315.85,2.774,0.453,2.185
6316.36,2.774,0.453,0.531
6316.87,2.774,0.453,2.185
6317.38,2.774,0.453,2.181
6317.97,2.816,0.453,0.531
6318.48,2.859,0.453,2.185
6318.99,2.774,0.453,2.185
6319.5,2.831,0.467,2.185
6320.02,2.774,0.453,0.531
6320.53,2.774,0.538,2.185
6321.05,2.774,0.453,0.531
6321.56,2.864,0.453,2.185
6322.07,2.774,0.453,2.181
6322.58,2.774,0.453,2.185
6323.09,2.802,0.467,2.185
6323.6,2.908,0.453,2.185
6324.18,2.774,0.453,0.531
6324.69,2.787,0.453,2.185
6325.2,2.788,0.467,2.185
6325.72,2.774,0.453,0.531
6326.23,2.802,0.467,2.185
6326.74,2.885,0.469,2.185
6327.26,2.774,0.453,0.531
6327.79,2.774,0.453,0.531
6328.3,2.788,0.467,2.185
6328.81,2.857,0.463,2.185
6329.33,2.787,0.453,2.181
6329.84,2.774,0.453,2.185
6330.35,2.774,0.453,2.185
6330.86,2.774,0.453,0.531
6331.37,2.787,0.467,2.185
6331.88,2.867,0.467,2.185
6332.39,2.787,0.466,0.531
6332.9,2.774,0.536,2.185
6333.41,2.795,0.453,2.181
6333.96,2.774,0.453,0.531
6334.47,2.774,0.453,2.185
6334.98,2.853,0.467,2.185
6335.56,2.774,0.453,0.531
6336.07,2.802,0.453,2.185
6336.58,2.826,0.453,2.185
6337.09,2.774,0.453,0.531
6337.59,2.774,0.465,2.185
6338.1,2.8,0.453,2.185
6338.61,2.774,0.453,0.531
6339.12,2.774,0.453,2.181
6339.63,2.774,0.465,2.185
6340.14,2.857,0.537,2.185
6340.65,2.774,0.552,1.185
6341.16,2.843,0.453,2.185
6341.67,2.774,0.453,0.531
6342.18,2.774,0.453,2.181
6342.69,2.787,0.538,2.185
6343.2,2.774,0.453,2.185
6343.73,2.788,0.453,0.531
6344.24,2.859,0.453,2.185
6344.75,2.775,0.453,0.531
6345.26,2.788,0.453,2.185
6345.77,2.8,0.453,2.181
6346.33,2.788,0.453,0.531
6346.84,2.789,0.467,2.185
6347.35,2.788,0.453,0.531
6347.86,2.788,0.453,2.185
6348.37,2.775,0.453,2.185
6348.88,2.87,0.467,2.185
6349.4,2.775,0.453,0.531
6349.91,2.859,0.453,2.185
6350.42,2.788,0.453,2.185
6350.93,2.79,0.453,2.181
6351.44,2.775,0.453,0.531
6351.95,2.775,0.457,2.185
6352.46,2.801,0.453,2.185
6352.97,2.87,0.467,2.185
6353.49,2.775,0.453,0.531
6353.99,2.806,0.453,2.185
6354.5,2.775,0.521,2.185
6355.01,2.775,0.453,2.181
6355.52,2.775,0.453,2.185
6356.03,2.775,0.453,2.185
6356.54,2.788,0.453,2.181
6357.05,2.775,0.453,2.185
6357.56,2.796,1.319,2.185
6358.07,2.909,0.453,2.185
6358.58,2.775,0.453,2.181
6359.16,2.775,0.453,0.531
6359.67,2.775,0.453,0.531
6360.27,2.788,0.463,2.185
6360.78,2.788,0.453,0.531
6361.29,2.788,0.478,2.185
6361.8,2.788,0.458,2.185
6362.31,2.8,0.453,2.181
6362.87,2.775,0.453,0.531
6363.38,2.803,0.467,2.185
6363.89,2.801,0.453,2.185
6364.39,2.803,0.467,2.185
6364.92,2.775,0.453,0.531
6365.44,2.789,0.453,2.187
6365.95,2.775,0.453,2.185
6366.46,2.8,0.453,2.181
6366.97,2.775,0.453,0.531
6367.56,2.775,0.453,2.185
6368.08,2.853,0.467,2.185
6368.59,2.775,0.453,0.531
6369.1,2.803,0.453,2.185
6369.62,2.872,0.466,2.185
6370.13,2.775,0.482,2.181
6370.64,2.858,0.453,2.185
6371.15,2.775,0.468,2.185
6371.67,2.775,0.453,2.181
6372.18,2.775,0.453,2.185
6372.7,2.775,0.453,2.185
6373.21,2.775,0.453,0.531
6373.72,2.803,0.467,2.185
6374.23,2.872,0.462,2.185
6374.76,2.775,0.453,2.181
6375.27,2.817,0.453,2.185
6375.78,2.775,0.588,2.185
6376.32,2.816,0.453,0.531
6376.83,2.775,0.453,2.185
6377.37,2.775,0.453,0.531
6377.88,2.775,0.453,2.185
6378.41,2.775,0.453,0.531
6378.92,2.775,0.453,2.185
6379.43,2.775,0.453,2.181
6379.95,2.803,0.453,2.185
6380.46,2.857,0.453,2.185
6381.02,2.775,0.453,0.531
6381.53,2.775,0.54,2.185
6382.05,2.775,0.453,2.181
6382.55,2.814,0.467,2.185
6383.06,2.867,0.453,2.185
6383.6,2.775,0.453,0.531
6384.11,2.788,0.453,2.185
6384.61,2.775,0.453,2.181
6385.12,2.775,0.511,2.185
6385.64,2.775,0.571,2.185
6386.15,2.816,0.453,0.531
6386.66,2.817,0.467,2.185
6387.16,2.816,0.453,2.181
6387.67,2.775,0.521,2.185
6388.18,2.832,0.453,2.185
6388.7,2.775,0.453,0.531
6389.21,2.803,0.467,2.185
6389.72,2.854,0.453,2.185
6390.25,2.775,0.453,0.531
6390.75,2.803,0.467,2.185
6391.27,2.775,0.453,0.531
6391.77,2.803,0.467,2.185
6392.28,2.87,0.453,2.185
6392.79,2.775,0.453,0.531
6393.3,2.817,0.467,2.185
6393.81,2.846,0.467,2.185
6394.39,2.775,0.453,0.531
6394.89,2.803,0.467,2.185
6395.4,2.854,0.467,2.185
6395.98,2.775,0.453,0.531
6396.49,2.775,0.453,2.185
6397.0,2.775,0.453,2.181
6397.51,2.868,0.453,2.185
6398.01,2.832,0.467,2.185
6398.58,2.775,0.453,0.531
6399.09,2.866,0.453,2.185
6399.6,2.775,0.453,0.531
6400.11,2.848,0.453,2.185
6400.62,2.788,0.453,0.531
6401.14,2.789,0.467,2.185
6401.66,2.788,0.453,0.531
6402.17,2.788,0.453,0.531
6402.67,2.789,0.467,2.185
6403.18,2.788,0.453,0.531
6403.7,2.788,0.466,2.185
6404.21,2.804,0.467,2.185
6404.72,2.86,0.453,2.185
6405.23,2.775,0.453,0.531
6405.82,2.775,0.453,0.531
6406.4,2.788,0.453,0.531
6406.91,2.788,0.466,2.185
6407.43,2.788,0.482,2.181
6408.01,2.789,0.453,0.531
6408.52,2.789,0.453,0.531
6409.07,2.789,0.617,0.682
6409.64,2.789,0.453,0.531
6410.21,2.789,0.453,0.531
6410.72,2.789,0.482,2.181
6411.23,2.789,0.453,0.531
6411.73,2.789,0.453,2.185
6412.24,2.789,0.453,0.531
6412.75,2.851,0.453,2.185
6413.26,2.789,0.453,0.531
6413.77,2.789,0.453,0.531
6414.28,2.789,0.467,2.185
6414.79,2.789,0.453,2.187
6415.3,2.801,0.467,2.181
6415.85,2.776,0.453,0.531
6416.36,2.818,0.467,2.185
6416.87,2.858,0.453,2.185
6417.41,2.789,0.453,0.531
6417.92,2.805,0.453,2.187
6418.43,2.776,0.492,2.187
6418.95,2.776,0.453,0.531
6419.46,2.776,0.453,2.185
6419.97,2.809,0.527,2.185
6420.53,2.776,0.453,0.531
6421.04,2.804,0.467,2.185
6421.55,2.889,0.464,2.185
6422.07,2.776,0.453,2.181
6422.58,2.776,0.476,2.185
6423.09,2.776,0.453,2.185
6423.61,2.776,0.453,2.181
6424.12,2.776,0.51,2.185
6424.63,2.776,0.586,2.185
6425.16,2.776,0.453,0.531
6425.68,2.776,0.453,2.185
6426.19,2.776,0.453,2.181
6426.7,2.776,0.511,2.185
6427.21,2.776,0.506,2.185
6427.72,2.776,0.453,2.181
6428.23,2.776,0.531,2.187
6428.75,2.776,0.453,2.185
6429.26,2.776,0.453,2.181
6429.77,2.855,0.453,2.185
6430.28,2.776,0.578,2.185
6430.82,2.776,0.453,0.531
6431.33,2.776,0.453,2.185
6431.84,2.776,0.453,2.181
6432.35,2.855,0.453,2.185
6432.86,2.776,0.538,2.185
6433.39,2.776,0.537,1.185
6433.91,2.804,0.467,2.185
6434.42,2.868,0.453,2.185
6434.99,2.776,0.453,0.531
6435.5,2.789,0.492,2.185
6436.04,2.776,0.482,2.181
6436.56,2.776,0.526,2.185
6437.08,2.776,0.453,2.181
6437.59,2.776,0.453,2.185
6438.1,2.804,0.467,2.187
6438.61,2.842,0.467,2.185
6439.12,2.776,0.453,0.531
6439.63,2.844,0.453,2.187
6440.14,2.776,0.551,2.185
6440.66,2.776,0.545,1.185
6441.17,2.804,0.467,2.185
6441.68,2.894,0.453,2.185
6442.21,2.776,0.453,0.531
6442.73,2.799,0.467,2.185
6443.25,2.776,0.453,0.531
6443.75,2.776,0.453,2.181
6444.26,2.776,0.54,2.185
6444.78,2.776,0.453,2.185
6445.29,2.801,0.453,2.181
6445.87,2.776,0.453,0.531
6446.38,2.826,0.453,2.187
6446.88,2.776,0.464,2.185
6447.4,2.776,0.453,2.181
6447.91,2.776,0.453,2.185
6448.41,2.804,0.467,2.185
6448.92,2.896,0.453,2.185
6449.42,2.776,0.453,0.531
6449.94,2.776,0.453,0.531
6450.45,2.776,0.453,2.181
6450.95,2.854,0.453,2.185
6451.46,2.789,0.453,2.181
6452.05,2.789,0.453,0.531
6452.56,2.776,0.465,2.187
6453.08,2.776,0.453,2.187
6453.59,2.776,0.453,2.181
6454.15,2.776,0.453,0.531
6454.66,2.804,0.467,2.185
6455.17,2.776,0.485,2.187
6455.68,2.817,0.453,2.181
6456.19,2.776,0.453,2.185
6456.7,2.789,0.453,2.185
6457.2,2.817,0.453,2.181
6457.72,2.817,0.453,2.185
6458.22,2.776,0.453,2.185
6458.73,2.801,0.453,2.181
6459.32,2.776,0.453,0.531
6459.83,2.804,0.467,2.185
6460.34,2.91,0.453,2.185
6460.85,2.776,0.453,0.531
6461.37,2.861,0.453,2.185
6461.88,2.776,0.453,2.181
6462.39,2.789,0.453,2.185
6462.9,2.804,0.527,2.185
6463.41,2.833,0.467,2.185
6463.92,2.776,0.539,1.185
6464.43,2.79,0.467,2.185
6464.94,2.789,0.453,0.531
6465.44,2.789,0.453,0.531
6465.96,2.789,0.493,2.185
6466.46,2.789,0.453,2.185
6466.98,2.812,0.467,2.181
6467.52,2.776,0.453,0.531
6468.03,2.823,0.453,2.185
6468.53,2.789,0.488,2.187
6469.04,2.776,0.453,2.181
6469.55,2.776,0.453,2.187
6470.06,2.776,0.453,2.185
6470.57,2.867,0.467,2.185
6471.11,2.776,0.453,0.531
6471.62,2.847,0.453,2.185
6472.13,2.776,0.53,2.185
6472.64,2.776,0.453,0.531
6473.15,2.861,0.453,2.185
6473.66,2.776,0.453,0.531
6474.16,2.874,0.453,2.185
6474.68,2.776,0.453,2.185
6475.18,2.833,0.467,2.185
6475.71,2.776,0.453,0.531
6476.21,2.867,0.453,2.185
6476.72,2.789,0.453,2.185
6477.23,2.803,0.467,2.185
6477.75,2.818,0.453,0.531
6478.26,2.818,0.453,0.531
6478.77,2.818,0.453,0.531
6479.28,2.789,0.453,2.185
6479.78,2.855,0.467,2.185
6480.29,2.789,0.453,0.531
6480.8,2.776,0.453,2.185
6481.31,2.819,0.467,2.185
6481.82,2.846,0.453,2.185
6482.33,2.789,0.453,0.531
6482.84,2.776,0.454,2.187
6483.35,2.776,0.453,2.185
6483.86,2.846,0.467,2.185
6484.39,2.776,0.453,0.531
6484.9,2.804,0.467,2.185
6485.4,2.776,0.453,2.181
6485.92,2.776,0.453,2.185
6486.43,2.818,0.467,2.185
6486.93,2.89,0.453,2.185
6487.46,2.776,0.701,1.185
6487.97,2.776,0.463,2.185
6488.48,2.776,0.453,2.187
6488.99,2.776,0.453,2.181
6489.58,2.776,0.453,0.531
6490.09,2.804,0.467,2.185
6490.6,2.776,0.453,2.181
6491.14,2.776,0.453,0.531
6491.65,2.805,0.467,2.185
6492.16,2.855,0.467,2.185
6492.68,2.776,0.453,0.531
6493.19,2.805,0.467,2.185
6493.7,2.776,0.468,2.185
6494.22,2.776,0.453,0.531
6494.74,2.805,0.467,2.185
6495.25,2.777,0.482,2.181
6495.75,2.805,0.467,2.185
6496.26,2.777,0.539,1.185
6496.79,2.805,0.467,2.185
6497.29,2.846,0.467,2.185
6497.89,2.777,0.453,0.531
6498.4,2.777,0.453,2.185
6498.92,2.777,0.453,0.531
6499.44,2.861,0.464,2.187
6499.95,2.859,0.506,2.185
6500.46,2.777,0.453,2.181
6500.97,2.777,0.453,2.185
6501.48,2.777,0.453,2.185
6501.99,2.777,0.453,0.531
6502.52,2.777,0.453,2.187
6503.02,2.907,0.467,2.185
6503.54,2.777,0.478,0.581
6504.05,2.777,0.453,0.531
6504.56,2.79,0.453,2.185
6505.07,2.777,0.453,2.185
6505.58,2.858,0.467,2.185
6506.09,2.777,0.453,0.531
6506.61,2.777,0.507,2.185
6507.12,2.777,0.453,2.185
6507.63,2.777,0.453,0.531
6508.14,2.805,0.467,2.185
6508.65,2.843,0.467,2.185
6509.21,2.777,0.453,0.531
6509.72,2.803,0.453,2.185
6510.22,2.882,0.467,2.185
6510.73,2.777,0.535,2.185
6511.24,2.858,0.467,2.185
6511.77,2.777,0.521,2.185
6512.28,2.887,0.453,2.185
6512.84,2.777,0.453,0.531
6513.35,2.777,0.453,0.531
6513.86,2.777,0.453,2.185
6514.37,2.858,0.467,2.185
6514.94,2.79,0.453,0.531
6515.45,2.777,0.453,2.185
6515.96,2.882,0.467,2.185
6516.46,2.777,0.453,2.185
6516.97,2.777,0.469,2.185
6517.51,2.777,0.453,0.531
6518.02,2.805,0.467,2.185
6518.53,2.839,0.539,2.185
6519.1,2.777,0.453,0.531
6519.61,2.777,0.453,0.531
6520.11,2.777,0.453,2.181
6520.66,2.79,0.453,0.531
6521.17,2.79,0.453,0.531
6521.68,2.79,0.453,2.185
6522.19,2.791,0.467,2.185
6522.69,2.777,0.453,2.185
6523.2,2.777,0.453,0.531
6523.71,2.777,0.453,0.531
6524.23,2.79,0.453,2.185
6524.77,2.79,0.453,0.531
6525.28,2.79,0.453,0.531
6525.85,2.79,0.453,0.531
6526.39,2.79,0.453,0.531
6526.91,2.79,0.482,2.181
6527.47,2.79,0.453,0.531
6527.98,2.79,0.482,2.181
6528.49,2.79,0.6,1.185
6529.01,2.791,0.467,2.185
6529.52,2.79,0.453,0.531
6530.03,2.79,0.453,2.181
6530.6,2.79,0.453,0.531
6531.11,2.791,0.467,2.185
6531.62,2.79,0.453,0.531
6532.13,2.846,0.453,2.185
6532.63,2.818,0.494,2.187
6533.15,2.777,0.453,2.181
6533.66,2.777,0.453,0.531
6534.18,2.79,0.453,2.185
6534.69,2.831,0.467,2.185
6535.27,2.777,0.453,0.531
6535.78,2.805,0.467,2.187
6536.29,2.805,0.467,2.185
6536.8,2.777,0.453,0.531
6537.32,2.83,0.453,2.185
6537.82,2.777,0.532,2.185
6538.33,2.818,0.453,2.181
6538.84,2.777,0.515,2.185
6539.35,2.79,0.453,2.185
6539.86,2.777,0.453,2.181
6540.37,2.777,0.453,2.185
6540.88,2.777,0.453,2.185
6541.39,2.831,0.467,2.185
6541.94,2.777,0.453,0.531
6542.45,2.851,0.453,2.185
6542.96,2.777,0.534,2.185
6543.47,2.777,0.453,2.181
6543.98,2.777,0.538,2.185
6544.49,2.777,0.453,2.185
6545.0,2.777,0.453,2.181
6545.51,2.79,0.514,2.185
6546.02,2.777,0.56,2.185
6546.55,2.777,0.453,0.531
6547.05,2.777,0.453,2.185
6547.56,2.777,0.453,2.181
6548.07,2.777,0.52,2.185
6548.58,2.777,0.453,2.181
6549.17,2.777,0.453,0.531
6549.68,2.805,0.467,2.185
6550.19,2.868,0.453,2.185
6550.69,2.777,0.453,0.531
6551.2,2.791,0.467,2.185
6551.71,2.805,0.467,2.185
6552.26,2.819,0.453,0.531
6552.77,2.82,0.467,2.185
6553.28,2.819,0.467,2.185
6553.81,2.819,0.453,0.531
6554.32,2.777,0.453,2.185
6554.83,2.802,0.453,2.181
6555.34,2.777,0.453,0.531
6555.86,2.777,0.453,2.185
6556.37,2.777,0.453,2.181
6556.88,2.777,0.453,2.185
6557.39,2.777,0.453,2.185
6557.91,2.79,0.453,2.181
6558.42,2.843,0.453,2.185
6558.93,2.777,0.548,2.185
6559.45,2.777,0.466,0.531
6559.97,2.777,0.462,2.185
6560.49,2.777,0.453,0.531
6560.99,2.87,0.453,2.185
6561.5,2.777,0.453,0.531
6562.01,2.777,0.453,2.185
6562.52,2.831,0.467,2.185
6563.03,2.777,0.453,0.531
6563.54,2.777,0.463,2.185
6564.05,2.873,0.453,2.185
6564.57,2.869,0.467,2.185
6565.08,2.777,0.453,0.531
6565.58,2.862,0.453,2.185
6566.09,2.777,0.482,2.185
6566.61,2.777,0.482,2.181
6567.11,2.777,0.453,2.185
6567.63,2.806,0.467,2.185
6568.14,2.777,0.453,0.531
6568.64,2.777,0.453,2.181
6569.15,2.79,0.492,2.187
6569.66,2.777,0.453,2.185
6570.17,2.8,0.453,2.181
6570.68,2.777,0.453,2.185
6571.19,2.803,0.453,2.185
6571.7,2.87,0.467,2.185
6572.23,2.777,0.453,0.531
6572.73,2.806,0.467,2.185
6573.24,2.803,0.528,2.185
6573.75,2.777,0.466,0.531
6574.26,2.777,0.465,2.187
6574.77,2.79,0.453,2.185
6575.28,2.777,0.453,2.181
6575.85,2.777,0.453,0.531
6576.36,2.823,0.453,2.187
6576.87,2.777,0.475,2.185
6577.39,2.777,0.453,2.181
6577.9,2.777,0.453,2.185
6578.42,2.777,0.482,2.181
6578.93,2.861,0.453,2.185
6579.44,2.778,0.453,2.187
6579.95,2.778,0.453,2.181
6580.46,2.778,0.453,0.531
6581.05,2.867,0.453,2.185
6581.56,2.778,0.453,0.531
6582.07,2.778,0.453,0.531
6582.59,2.791,0.453,2.185
6583.1,2.791,0.453,2.185
6583.61,2.86,0.467,2.185
6584.11,2.778,0.453,0.531
6584.62,2.82,0.467,2.187
6585.13,2.86,0.482,2.185
6585.64,2.778,0.453,2.181
6586.21,2.778,0.453,0.531
6586.72,2.792,0.467,2.185
6587.23,2.791,0.453,0.531
6587.74,2.792,0.467,2.185
6588.25,2.778,0.471,2.185
6588.78,2.778,0.667,0.732
6589.29,2.778,0.464,2.185
6589.8,2.842,0.453,2.185
6590.31,2.819,0.453,0.531
6590.82,2.89,0.464,2.185
6591.33,2.778,0.453,2.185
6591.84,2.815,1.319,2.185
6592.37,2.778,0.453,0.531
6592.88,2.778,0.733,1.185
6593.39,2.791,0.453,2.185
6593.9,2.791,0.453,0.531
6594.4,2.791,0.453,2.185
6594.91,2.792,0.467,2.185
6595.42,2.791,0.453,0.531
6595.93,2.791,0.453,0.531
6596.45,2.792,0.467,2.185
6596.95,2.791,0.453,0.531
6597.47,2.791,0.482,2.187
6597.98,2.778,0.453,2.185
6598.49,2.884,0.467,2.185
6599.0,2.778,0.453,0.531
6599.51,2.778,0.453,2.181
6600.08,2.791,0.453,0.531
6600.59,2.861,0.462,2.185
6601.1,2.778,0.453,2.185
6601.6,2.778,0.453,0.531
6602.11,2.849,0.453,2.185
6602.62,2.778,0.54,2.185
6603.13,2.778,0.453,2.181
6603.64,2.778,0.492,2.187
6604.15,2.778,0.526,2.185
6604.66,2.778,0.482,2.181
6605.16,2.778,0.461,2.185
6605.67,2.778,0.453,2.185
6606.18,2.847,0.467,2.185
6606.71,2.778,0.453,0.531
6607.22,2.778,0.453,2.181
6607.73,2.778,0.453,2.185
6608.23,2.778,0.453,2.185
6608.74,2.859,0.467,2.185
6609.31,2.778,0.453,0.531
6609.82,2.806,0.467,2.185
6610.33,2.856,0.467,2.185
6610.89,2.778,0.453,0.531
6611.4,2.806,0.453,2.185
6611.91,2.778,0.565,2.185
6612.42,2.778,0.453,0.531
6612.93,2.876,0.468,2.185
6613.44,2.778,0.453,0.531
6613.95,2.806,0.453,2.185
6614.46,2.804,0.453,2.185
6614.97,2.851,0.467,2.185
6615.48,2.778,0.453,0.531
6615.99,2.778,0.517,2.185
6616.5,2.778,0.453,2.185
6617.01,2.819,0.453,2.181
6617.52,2.778,0.453,2.185
6618.02,2.806,0.467,2.185
6618.53,2.834,0.467,2.185
6619.04,2.778,0.453,0.531
6619.55,2.868,0.453,2.185
6620.06,2.778,0.453,2.181
6620.57,2.778,0.453,2.185
6621.08,2.819,0.467,2.185
6621.59,2.844,0.467,2.185
6622.09,2.819,0.453,0.531
6622.6,2.89,0.453,2.185
6623.11,2.778,0.591,2.185
6623.62,2.819,0.453,0.531
6624.13,2.778,0.453,2.185
6624.63,2.778,0.453,0.531
6625.14,2.778,0.483,2.185
6625.65,2.778,0.55,1.185
6626.16,2.799,1.319,2.185
6626.67,2.847,0.467,2.185
6627.18,2.778,0.453,2.185
6627.69,2.778,0.453,2.181
6628.19,2.84,0.453,2.185
6628.7,2.778,0.484,2.185
6629.22,2.778,0.453,0.531
6629.73,2.778,0.473,2.185
6630.25,2.778,0.453,0.531
6630.75,2.778,0.453,2.185
6631.26,2.778,0.453,0.531
6631.77,2.848,0.453,2.185
6632.28,2.778,0.453,0.531
6632.78,2.832,0.467,2.185
6633.3,2.778,0.453,0.531
6633.81,2.778,0.453,2.181
6634.39,2.791,0.453,0.531
6634.9,2.791,0.453,0.531
6635.41,2.86,0.453,2.185
6635.92,2.791,0.453,0.531
6636.43,2.839,0.453,2.185
6636.93,2.791,0.453,2.181
6637.46,2.791,0.453,0.531
6637.97,2.791,0.453,0.531
6638.49,2.791,0.594,1.185
6639.02,2.791,0.453,0.531
6639.53,2.791,0.552,1.185
6640.06,2.791,0.453,0.531
6640.57,2.791,0.453,0.531
6641.26,2.791,0.453,0.531
6641.77,2.791,0.453,0.531
6642.29,2.791,0.453,0.531
6642.8,2.791,0.453,2.185
6643.31,2.791,0.453,0.531
6643.85,2.791,0.453,0.531
6644.36,2.791,0.453,2.185
6644.87,2.791,0.453,2.181
6645.44,2.791,0.453,0.531
6645.94,2.843,0.453,2.185
6646.45,2.873,0.463,2.185
6646.96,2.778,0.482,2.181
6647.47,2.778,0.453,2.185
6647.98,2.778,0.453,0.531
6648.49,2.778,0.453,2.181
6649.0,2.791,0.453,2.185
6649.51,2.861,0.453,2.185
6650.04,2.791,0.453,2.181
6650.55,2.778,0.466,2.185
6651.06,2.816,0.453,2.185
6651.58,2.778,0.453,0.531
6652.09,2.807,0.467,2.185
6652.6,2.778,0.467,2.185
6653.13,2.778,0.453,0.531
6653.64,2.807,0.467,2.185
6654.14,2.848,0.467,2.185
6654.66,2.778,0.453,0.531
6655.17,2.778,0.453,2.185
6655.68,2.849,0.467,2.185
6656.18,2.778,0.453,2.185
6656.69,2.778,0.453,2.185
6657.2,2.778,0.453,0.531
6657.71,2.807,0.467,2.185
6658.22,2.778,0.508,2.185
6658.73,2.778,0.453,2.181
6659.24,2.818,0.453,2.185
6659.74,2.778,0.463,2.185
6660.27,2.779,0.453,0.531
6660.78,2.779,0.516,2.185
6661.29,2.779,0.453,2.181
6661.8,2.779,0.462,2.185
6662.31,2.792,0.547,2.185
6662.84,2.779,0.482,2.181
6663.35,2.807,0.467,2.185
6663.86,2.779,0.467,2.185
6664.37,2.779,0.453,0.531
6664.89,2.808,0.453,2.185
6665.39,2.874,0.453,2.185
6665.91,2.779,0.453,0.531
6666.42,2.807,0.467,2.185
6666.96,2.779,0.453,0.531
6667.46,2.779,0.453,0.531
6667.97,2.793,0.467,2.185
6668.48,2.851,0.453,2.185
6668.99,2.792,0.482,2.181
6669.5,2.779,0.453,2.187
6670.01,2.805,0.453,2.185
6670.52,2.833,0.979,2.185
6671.08,2.779,0.453,0.531
6671.59,2.807,0.467,2.185
6672.1,2.779,0.541,1.185
6672.63,2.779,0.465,2.185
6673.14,2.779,0.453,0.531
6673.65,2.849,0.453,2.185
6674.15,2.779,0.453,2.181
6674.73,2.779,0.453,0.531
6675.24,2.807,0.467,2.185
6675.74,2.868,0.453,2.185
6676.26,2.779,0.453,0.531
6676.77,2.779,0.463,2.185
6677.28,2.792,0.453,2.185
6677.79,2.841,0.467,2.185
6678.34,2.82,0.453,0.531
6678.85,2.851,0.453,2.185
6679.35,2.779,0.516,2.185
6679.86,2.779,0.453,0.531
6680.37,2.807,0.467,2.185
6680.88,2.884,0.467,2.185
6681.38,2.779,0.453,0.531
6681.89,2.793,0.467,2.185
6682.4,2.792,0.453,0.531
6682.92,2.86,0.453,2.185
6683.43,2.861,0.453,2.185
6683.94,2.8,0.453,2.181
6684.47,2.779,0.453,0.531
6684.98,2.822,0.453,2.185
6685.49,2.779,0.453,0.531
6685.99,2.803,0.467,2.185
6686.5,2.779,0.474,2.185
6687.01,2.8,0.453,2.181
6687.6,2.779,0.453,0.531
6688.11,2.864,0.453,2.187
6688.62,2.846,0.509,2.185
6689.13,2.779,0.453,2.181
6689.64,2.779,0.453,0.531
6690.24,2.807,0.453,2.187
6690.75,2.779,0.466,2.185
6691.26,2.779,0.453,0.531
6691.77,2.807,0.467,2.185
6692.28,2.779,0.466,2.185
6692.79,2.779,0.994,1.185
6693.3,2.779,0.502,2.187
6693.81,2.792,0.453,2.187
6694.33,2.779,0.453,0.531
6694.84,2.792,0.473,2.185
6695.35,2.792,0.453,2.181
6695.9,2.792,0.453,0.531
6696.41,2.792,0.453,0.531
6696.92,2.792,0.453,0.531
6697.52,2.793,0.467,2.185
6698.02,2.793,0.453,2.185
6698.53,2.792,0.466,0.531
6699.05,2.779,0.501,2.185
6699.55,2.779,0.453,2.185
6700.1,2.779,0.453,0.531
6700.61,2.793,0.467,2.185
6701.13,2.792,0.453,0.531
6701.64,2.793,0.467,2.185
6702.15,2.792,0.453,0.531
6702.66,2.807,0.467,2.185
6703.17,2.82,0.453,2.185
6703.68,2.804,0.453,2.181
6704.24,2.779,0.453,0.531
6704.74,2.792,0.463,2.185
6705.26,2.779,0.453,2.185
6705.76,2.804,0.467,2.185
6706.27,2.792,0.453,0.531
6706.78,2.866,0.453,2.185
6707.29,2.805,0.453,2.185
6707.8,2.779,0.453,0.531
6708.32,2.779,0.453,2.185
6708.83,2.807,0.467,2.185
6709.34,2.779,0.453,0.531
6709.85,2.82,0.453,2.185
6710.36,2.793,0.467,2.185
6710.87,2.877,0.462,2.185
6711.39,2.82,0.453,2.181
6711.94,2.82,0.453,0.531
6712.45,2.779,0.462,2.185
6712.96,2.779,0.453,0.531
6713.46,2.792,0.453,2.185
6713.97,2.793,0.467,2.185
6714.48,2.792,0.453,0.531
6714.99,2.864,0.453,2.185
6715.5,2.779,0.453,0.531
6716.0,2.793,0.453,2.185
6716.51,2.792,0.482,2.181
6717.02,2.792,0.453,2.181
6717.59,2.792,0.453,0.531
6718.1,2.793,0.467,2.185
6718.61,2.877,0.465,2.185
6719.15,2.779,0.453,0.531
6719.66,2.779,0.453,2.185
6720.17,2.779,0.453,2.181
6720.74,2.779,0.453,0.531
6721.25,2.807,0.467,2.185
6721.76,2.858,0.467,2.185
6722.3,2.779,0.546,1.185
6722.82,2.877,0.453,2.185
6723.33,2.779,0.505,2.185
6723.84,2.779,0.453,2.181
6724.35,2.779,0.453,2.185
6724.86,2.779,0.466,0.531
6725.37,2.779,0.52,2.185
6725.88,2.805,0.453,2.185
6726.39,2.779,0.453,2.181
6726.9,2.779,0.501,2.185
6727.41,2.862,0.512,2.185
6727.93,2.779,0.453,2.181
6728.44,2.779,0.453,2.185
6728.95,2.779,0.453,2.185
6729.47,2.795,0.453,2.181
6729.97,2.779,0.453,2.185
6730.48,2.779,0.453,2.185
6730.99,2.779,0.453,0.531
6731.51,2.807,0.467,2.185
6732.02,2.885,0.453,2.185
6732.54,2.779,0.453,0.531
6733.05,2.856,0.453,2.185
6733.56,2.792,0.503,2.185
6734.09,2.792,0.453,2.181
6734.6,2.779,0.453,2.187
6735.11,2.779,0.453,2.185
6735.61,2.787,0.453,2.181
6736.13,2.779,0.453,0.531
6736.64,2.864,0.465,2.185
6737.15,2.779,0.453,0.531
6737.66,2.807,0.467,2.185
6738.17,2.807,0.467,2.185
6738.75,2.779,0.453,0.531
6739.25,2.805,0.453,2.185
6739.76,2.779,0.453,2.181
6740.27,2.779,0.453,2.187
6740.78,2.779,0.487,2.185
6741.29,2.779,0.453,2.181
6741.8,2.874,0.453,2.185
6742.31,2.852,0.453,2.185
6742.82,2.779,0.453,0.531
6743.32,2.779,0.529,2.185
6743.83,2.779,0.453,2.181
6744.34,2.847,0.453,2.185
6744.85,2.779,0.466,2.185
6745.38,2.779,0.453,0.531
6745.89,2.779,0.453,0.531
6746.4,2.793,0.467,2.185
6746.91,2.847,0.453,2.185
6747.43,2.792,0.453,0.531
6747.97,2.792,0.453,0.531
6748.48,2.792,0.453,0.531
6748.99,2.792,0.453,0.531
6749.58,2.792,0.453,0.531
6750.09,2.792,0.453,0.531
6750.63,2.792,0.453,0.531
6751.19,2.792,0.453,0.531
6751.76,2.792,0.453,0.531
6752.34,2.792,0.453,0.531
6752.87,2.792,0.453,0.531
6753.49,2.792,0.453,0.531
6754.0,2.792,0.453,0.531
6754.51,2.792,0.453,0.531
6755.05,2.792,0.453,0.531
6755.57,2.792,0.453,0.531
6756.08,2.792,0.453,2.185
6756.59,2.805,0.467,2.185
6757.1,2.792,0.453,0.531
6757.61,2.86,0.453,2.187
6758.11,2.862,0.499,2.185
6758.63,2.78,0.482,2.181
6759.13,2.78,0.521,2.185
6759.64,2.792,0.453,2.185
6760.15,2.792,0.453,0.531
6760.66,2.808,0.866,2.185
6761.17,2.846,0.467,2.185
6761.71,2.78,0.453,0.531
6762.22,2.808,0.467,2.185
6762.73,2.886,0.453,2.185
6763.25,2.793,0.453,0.531
6763.76,2.808,0.467,2.185
6764.27,2.792,0.453,2.181
6764.78,2.78,0.453,2.185
6765.29,2.78,0.453,2.185
6765.79,2.78,0.453,2.181
6766.3,2.78,0.524,2.185
6766.81,2.862,0.453,2.185
6767.32,2.78,0.453,2.181
6767.83,2.86,0.453,2.185
6768.34,2.859,0.481,2.185
6768.88,2.78,0.453,0.531
6769.39,2.78,0.521,2.185
6769.9,2.78,0.482,2.181
6770.41,2.78,0.466,2.185
6770.92,2.78,0.5,2.185
6771.45,2.78,0.482,2.181
6771.96,2.78,0.529,2.185
6772.47,2.78,0.453,2.185
6772.98,2.78,0.453,2.181
6773.49,2.78,0.453,2.185
6774.0,2.78,0.453,2.185
6774.51,2.78,0.453,2.181
6775.02,2.78,0.453,2.185
6775.53,2.78,0.453,2.187
6776.04,2.808,0.467,2.185
6776.6,2.78,0.453,0.531
6777.11,2.808,0.467,2.185
6777.62,2.78,0.453,0.531
6778.13,2.78,0.453,2.185
6778.64,2.847,0.467,2.185
6779.18,2.78,0.453,0.531
6779.7,2.78,0.457,2.185
6780.22,2.793,0.453,2.185
6780.73,2.811,0.453,2.181
6781.32,2.78,0.453,0.531
6781.83,2.808,0.467,2.185
6782.34,2.866,0.453,2.185
6782.86,2.78,0.541,1.185
6783.37,2.78,0.553,2.185
6783.88,2.78,0.453,0.531
6784.39,2.876,0.453,2.185
6784.9,2.78,0.453,2.181
6785.41,2.871,0.453,2.185
6785.91,2.78,0.453,0.531
6786.43,2.808,0.467,2.185
6786.93,2.78,0.453,0.531
6787.44,2.827,0.453,2.185
6787.95,2.793,0.453,2.185
6788.46,2.862,0.467,2.185
6788.97,2.78,0.453,0.531
6789.48,2.863,0.453,2.185
6789.98,2.78,0.464,2.185
6790.49,2.78,0.482,2.181
6791.0,2.793,0.453,2.185
6791.5,2.793,0.453,2.181
6792.02,2.78,0.453,2.185
6792.52,2.78,0.453,2.185
6793.03,2.836,0.467,2.185
6793.55,2.78,0.453,0.531
6794.06,2.865,0.453,2.185
6794.57,2.78,0.453,2.185
6795.08,2.821,0.453,2.181
6795.63,2.821,0.453,0.531
6796.14,2.808,0.467,2.185
6796.65,2.806,0.453,2.185
6797.16,2.78,0.453,0.531
6797.67,2.78,0.515,2.185
6798.19,2.78,0.453,2.185
6798.69,2.79,0.453,2.181
6799.27,2.78,0.453,0.531
6799.78,2.827,0.453,2.185
6800.29,2.875,0.453,2.185
6800.81,2.78,0.453,0.531
6801.32,2.889,0.453,2.185
6801.83,2.78,0.453,2.185
6802.35,2.78,0.453,2.181
6802.86,2.78,0.453,0.531
6803.46,2.852,0.453,2.185
6803.97,2.78,0.464,2.185
6804.48,2.78,0.482,2.181
6804.99,2.78,0.453,2.185
6805.51,2.78,0.453,2.185
6806.02,2.849,0.467,2.185
6806.54,2.78,0.453,0.531
6807.05,2.858,0.453,2.185
6807.56,2.793,0.453,2.181
6808.11,2.793,0.453,0.531
6808.62,2.78,0.453,2.185
6809.15,2.78,0.453,0.531
6809.66,2.864,0.465,2.185
6810.17,2.793,0.453,2.181
6810.71,2.793,0.453,0.531
6811.22,2.864,0.465,2.185
6811.74,2.793,0.594,1.185
6812.33,2.793,0.453,0.531
6812.84,2.793,0.453,2.181
6813.4,2.793,0.453,0.531
6813.91,2.857,0.453,2.185
6814.42,2.808,0.467,2.185
6814.93,2.78,0.453,0.531
6815.44,2.837,0.453,2.185
6815.95,2.793,0.469,2.185
6816.47,2.78,0.453,2.181
6817.03,2.793,0.453,0.531
6817.54,2.808,0.467,2.185
6818.05,2.853,0.453,2.185
6818.56,2.78,0.453,0.531
6819.07,2.878,0.462,2.187
6819.59,2.808,0.467,2.185
6820.1,2.78,0.453,0.531
6820.61,2.808,0.453,2.187
6821.12,2.793,0.453,2.185
6821.64,2.78,0.453,2.181
6822.22,2.78,0.453,0.531
6822.73,2.808,0.467,2.185
6823.23,2.78,0.478,2.185
6823.74,2.793,0.453,2.181
6824.33,2.78,0.453,0.531
6824.83,2.844,0.453,2.187
6825.34,2.78,0.453,2.181
6825.9,2.793,0.453,0.531
6826.41,2.808,0.467,2.185
6826.92,2.78,0.504,2.185
6827.43,2.78,0.453,2.181
6827.94,2.78,0.453,0.531
6828.54,2.78,0.464,2.185
6829.05,2.793,0.453,2.185
6829.56,2.862,0.467,2.185
6830.07,2.78,0.453,0.531
6830.58,2.869,0.453,2.185
6831.09,2.78,0.482,2.181
6831.6,2.78,0.453,0.531
6832.11,2.793,0.453,2.185
6832.62,2.835,0.467,2.185
6833.12,2.78,0.453,2.185
6833.64,2.78,0.453,2.185
6834.14,2.78,0.453,2.181
6834.65,2.78,0.474,2.185
6835.16,2.78,0.505,2.185
6835.69,2.78,0.453,0.531
6836.19,2.793,0.453,2.185
6836.7,2.793,0.453,2.181
6837.22,2.78,0.453,2.185
6837.74,2.78,0.488,2.187
6838.25,2.78,0.453,2.181
6838.76,2.78,0.52,2.185
6839.27,2.78,0.466,2.185
6839.79,2.78,0.453,0.531
6840.31,2.809,0.467,2.185
6840.82,2.837,0.467,2.185
6841.35,2.78,0.453,0.531
6841.85,2.809,0.467,2.185
6842.36,2.848,0.467,2.185
6842.94,2.78,0.453,0.531
6843.45,2.802,0.752,2.185
6843.96,2.787,0.453,2.181
6844.47,2.781,0.522,2.185
6844.98,2.781,0.462,2.185
6845.52,2.781,0.453,0.531
6846.03,2.809,0.467,2.187
6846.54,2.837,0.467,2.185
6847.05,2.781,0.453,0.531
6847.57,2.871,0.453,2.185
6848.07,2.86,0.526,2.185
6848.58,2.781,0.453,2.181
6849.09,2.781,0.502,2.185
6849.6,2.781,0.453,2.185
6850.11,2.781,0.453,2.181
6850.62,2.781,0.453,0.531
6851.13,2.818,0.467,2.185
6851.64,2.781,0.453,0.531
6852.15,2.781,0.466,2.185
6852.67,2.781,0.453,2.185
6853.18,2.781,0.453,2.181
6853.76,2.781,0.453,0.531
6854.27,2.781,0.453,2.181
6854.78,2.781,0.453,2.185
6855.28,2.781,0.453,2.185
6855.79,2.847,0.467,2.185
6856.38,2.781,0.453,0.531
6856.89,2.781,0.453,0.531
6857.4,2.794,0.537,2.185
6857.91,2.794,0.482,2.181
6858.42,2.864,0.462,2.185
6858.93,2.781,0.465,2.185
6859.44,2.781,0.453,2.181
6860.02,2.781,0.453,0.531
6860.53,2.781,0.453,0.531
6861.1,2.781,0.453,0.531
6861.62,2.781,0.453,0.531
6862.22,2.781,0.453,0.531
6862.73,2.781,0.541,1.185
6863.29,2.781,0.453,0.531
6863.8,2.781,0.767,1.372
6864.35,2.781,0.453,0.531
6864.87,2.842,0.453,2.185
6865.38,2.794,0.742,1.372
6865.95,2.794,0.453,0.531
6866.49,2.794,0.453,0.531
6867.0,2.794,0.453,0.531
6867.52,2.794,0.453,0.531
6868.05,2.794,0.453,0.531
6868.57,2.794,0.453,0.531
6869.08,2.797,0.453,2.185
6869.59,2.781,0.453,2.185
6870.11,2.794,0.453,0.531
6870.62,2.816,0.467,2.187
6871.12,2.891,0.453,2.185
6871.64,2.781,1.17,2.181
6872.15,2.781,0.453,2.185
6872.66,2.781,0.532,2.185
6873.18,2.781,0.453,2.181
6873.69,2.866,0.453,2.185
6874.2,2.886,0.453,2.185
6874.72,2.781,0.453,2.181
6875.22,2.781,0.522,2.185
6875.73,2.848,0.453,2.187
6876.27,2.781,0.453,0.531
6876.77,2.809,0.467,2.185
6877.28,2.809,0.467,2.185
6877.86,2.781,0.453,0.531
6878.37,2.809,0.467,2.185
6878.88,2.809,0.467,2.185
6879.42,2.781,0.453,0.531
6879.93,2.809,0.467,2.185
6880.44,2.874,0.453,2.185
6881.03,2.781,0.453,0.531
6881.54,2.809,0.467,2.185
6882.05,2.85,0.467,2.185
6882.57,2.781,0.453,0.531
6883.07,2.809,0.467,2.185
6883.58,2.849,0.467,2.185
6884.1,2.781,0.453,0.531
6884.61,2.781,0.453,2.185
6885.11,2.811,0.525,2.185
6885.63,2.781,0.453,2.185
6886.14,2.863,0.453,2.185
6886.68,2.781,0.453,0.531
6887.18,2.809,0.467,2.185
6887.69,2.909,0.453,2.185
6888.21,2.781,0.453,0.531
6888.72,2.781,0.453,2.185
6889.23,2.873,0.467,2.185
6889.76,2.781,0.453,0.531
6890.28,2.809,0.467,2.185
6890.78,2.871,0.453,2.185
6891.29,2.822,0.453,0.531
6891.81,2.857,0.453,2.185
6892.32,2.781,0.463,2.185
6892.83,2.781,0.453,2.181
6893.34,2.781,0.453,2.185
6893.85,2.781,0.552,1.185
6894.36,2.781,0.453,2.185
6894.87,2.787,0.453,2.181
6895.45,2.781,0.453,0.531
6895.96,2.781,0.453,2.185
6896.47,2.794,0.453,2.181
6896.98,2.781,0.453,2.185
6897.48,2.781,0.453,2.185
6898.01,2.781,0.453,0.531
6898.52,2.781,0.482,2.181
6899.03,2.794,0.453,2.187
6899.54,2.781,0.866,2.185
6900.05,2.874,0.467,2.185
6900.57,2.781,0.482,2.181
6901.07,2.781,0.453,2.187
6901.58,2.781,0.453,0.531
6902.09,2.809,0.467,2.187
6902.6,2.788,0.467,2.181
6903.15,2.794,0.453,0.531
6903.66,2.809,0.467,2.185
6904.17,2.865,0.462,2.185
6904.68,2.794,0.453,2.181
6905.27,2.781,0.453,0.531
6905.77,2.879,0.453,2.185
6906.29,2.781,0.453,2.185
6906.8,2.822,0.467,2.181
6907.35,2.822,0.453,0.531
6907.86,2.809,0.467,2.185
6908.37,2.781,0.453,0.531
6908.88,2.876,0.453,2.185
6909.4,2.781,0.453,2.187
6909.91,2.805,0.453,2.181
6910.41,2.781,0.453,2.185
6910.92,2.809,0.467,2.185
6911.43,2.863,0.467,2.185
6911.94,2.781,0.453,0.531
6912.45,2.809,0.467,2.185
6912.96,2.781,0.519,2.185
6913.47,2.781,0.453,2.181
6913.97,2.781,0.453,2.185
6914.49,2.781,0.453,2.181
6915.0,2.781,0.526,2.185
6915.51,2.807,0.453,2.185
6916.01,2.781,0.453,2.181
6916.57,2.781,0.453,0.531
6917.07,2.795,0.467,2.185
6917.6,2.794,0.453,0.531
6918.11,2.824,0.467,2.185
6918.62,2.872,0.453,2.185
6919.12,2.823,0.453,0.531
6919.64,2.781,0.457,2.185
6920.15,2.781,0.453,2.185
6920.65,2.781,0.453,0.531
6921.16,2.781,0.453,2.185
6921.68,2.781,0.467,2.181
6922.2,2.794,0.453,0.531
6922.71,2.794,0.453,2.185
6923.22,2.81,0.467,2.185
6923.73,2.863,0.467,2.185
6924.24,2.781,0.453,2.181
6924.83,2.781,0.453,0.531
6925.33,2.781,0.453,0.531
6925.84,2.781,0.453,0.531
6926.35,2.794,0.474,2.185
6926.86,2.794,0.482,2.181
6927.36,2.794,0.453,2.185
6927.88,2.81,0.467,2.185
6928.38,2.81,0.467,2.185
6928.89,2.781,0.482,2.181
6929.47,2.781,0.453,0.531
6929.98,2.88,0.453,2.185
6930.48,2.781,0.506,2.185
6931.0,2.781,0.453,2.181
6931.5,2.781,0.453,2.185
6932.01,2.81,0.467,2.185
6932.52,2.781,0.453,0.531
6933.04,2.866,0.453,2.185
6933.54,2.807,0.453,2.185
6934.06,2.781,0.453,2.181
6934.62,2.781,0.453,0.531
6935.13,2.81,0.467,2.187
6935.64,2.781,0.463,2.185
6936.15,2.823,0.482,2.181
6936.66,2.781,0.453,2.185
6937.16,2.787,0.453,2.185
6937.67,2.848,0.467,2.185
6938.24,2.781,0.453,0.531
6938.75,2.851,0.453,2.185
6939.26,2.876,0.453,2.185
6939.76,2.782,0.453,0.531
6940.28,2.782,0.453,0.531
6940.79,2.796,0.467,2.185
6941.3,2.823,0.453,2.185
6941.81,2.795,0.541,1.185
6942.33,2.782,0.453,2.185
6942.84,2.807,0.453,2.185
6943.35,2.874,0.467,2.185
6943.86,2.782,0.817,1.372
6944.37,2.81,0.467,2.185
6944.88,2.861,0.47,2.185
6945.45,2.782,0.453,0.531
6945.96,2.8,0.752,2.185
6946.47,2.794,0.453,2.181
6946.98,2.823,0.453,2.185
6947.49,2.782,0.453,2.187
6948.0,2.809,0.453,2.181
6948.53,2.782,0.453,0.531
6949.04,2.782,0.473,2.185
6949.55,2.782,0.453,2.181
6950.06,2.782,0.453,0.531
6950.66,2.868,0.453,2.185
6951.17,2.795,0.5,2.185
6951.68,2.782,0.453,2.181
6952.19,2.823,0.465,2.185
6952.7,2.782,0.549,2.185
6953.22,2.823,0.453,0.531
6953.73,2.782,0.453,2.185
6954.24,2.824,0.866,2.183
6954.75,2.782,0.453,2.185
6955.27,2.81,0.453,2.185
6955.78,2.782,0.453,0.531
6956.29,2.81,0.467,2.185
6956.81,2.878,0.467,2.185
6957.36,2.782,0.453,0.531
6957.88,2.782,0.453,2.185
6958.39,2.801,0.467,2.181
6958.9,2.795,0.453,2.185
6959.41,2.782,0.551,2.185
6959.95,2.782,0.453,0.531
6960.47,2.81,0.467,2.185
6960.97,2.782,0.453,0.531
6961.48,2.782,0.453,2.185
6961.99,2.782,0.453,2.181
6962.58,2.782,0.453,0.531
6963.09,2.81,0.467,2.185
6963.6,2.782,0.453,2.185
6964.11,2.807,0.467,2.181
6964.62,2.823,0.453,0.531
6965.13,2.869,0.453,2.185
6965.63,2.782,0.453,2.185
6966.14,2.782,0.453,2.181
6966.74,2.782,0.453,0.531
6967.25,2.81,0.467,2.185
6967.76,2.782,0.453,0.531
6968.27,2.872,0.453,2.185
6968.78,2.782,0.455,2.185
6969.29,2.782,0.482,2.181
6969.8,2.782,0.453,2.185
6970.31,2.782,0.453,2.185
6970.82,2.861,0.467,2.185
6971.34,2.795,0.453,0.531
6971.86,2.795,0.482,2.181
6972.38,2.795,0.453,0.531
6972.89,2.795,0.453,0.531
6973.41,2.795,0.453,0.531
6973.99,2.795,0.453,0.531
6974.57,2.795,0.453,0.531
6975.16,2.795,0.453,0.531
6975.75,2.795,0.453,0.531
6976.33,2.795,0.453,0.531
6976.85,2.795,0.482,2.181
6977.36,2.795,0.453,2.181
6977.94,2.795,0.453,0.531
6978.45,2.795,0.453,0.531
6978.96,2.795,0.868,1.372
6979.47,2.795,0.843,1.034
6979.98,2.796,0.467,2.185
6980.49,2.826,0.453,2.185
6981.0,2.795,0.55,1.185
6981.51,2.782,0.482,2.185
6982.02,2.865,0.453,2.185
6982.53,2.782,0.453,2.181
6983.04,2.782,0.453,0.531
6983.64,2.824,0.467,2.185
6984.15,2.823,0.453,0.531
6984.69,2.825,0.467,2.185
6985.2,2.88,0.465,2.185
6985.74,2.782,0.453,0.531
6986.25,2.782,0.453,2.185
6986.76,2.782,0.453,2.181
6987.27,2.782,0.453,2.185
6987.78,2.795,0.453,2.187
6988.29,2.81,0.467,2.185
6988.83,2.782,0.453,0.531
6989.34,2.81,0.467,2.185
6989.85,2.82,0.467,2.185
6990.38,2.782,0.453,0.531
6990.89,2.81,0.467,2.185
6991.4,2.893,0.466,2.185
6991.92,2.782,0.453,0.531
6992.42,2.811,0.467,2.185
6992.93,2.849,0.467,2.185
6993.46,2.782,0.453,0.531
6993.97,2.811,0.467,2.185
6994.48,2.849,0.467,2.185
6995.06,2.782,0.453,0.531
6995.57,2.811,0.467,2.185
6996.08,2.782,0.453,2.185
6996.59,2.795,0.468,2.185
6997.11,2.782,0.453,0.531
6997.62,2.811,0.453,2.185
6998.13,2.872,0.453,2.185
6998.63,2.782,0.453,0.531
6999.14,2.88,0.464,2.187
6999.66,2.782,0.453,2.185
7000.17,2.795,0.453,2.181
7000.75,2.782,0.453,0.531
7001.26,2.811,0.467,2.185
7001.78,2.782,0.453,0.531
7002.29,2.849,0.453,2.185
7002.8,2.782,0.496,2.185
7003.31,2.782,0.453,2.181
7003.82,2.782,0.453,2.185
7004.32,2.782,0.453,2.185
7004.83,2.782,0.453,2.181
7005.34,2.782,0.453,2.185
7005.85,2.795,0.453,2.185
7006.36,2.863,0.467,2.185
7006.93,2.782,0.453,0.531
7007.44,2.875,0.453,2.185
7007.95,2.782,0.453,0.531
7008.45,2.811,0.467,2.185
7008.96,2.782,0.453,0.531
7009.47,2.811,0.467,2.185
7009.98,2.782,0.453,0.531
7010.49,2.847,0.453,2.185
7011.0,2.863,0.453,2.185
7011.5,2.782,0.453,0.531
7012.01,2.797,0.467,2.185
7012.52,2.888,0.467,2.185
7013.07,2.783,0.453,0.531
7013.58,2.811,0.467,2.185
7014.08,2.796,0.467,2.185
7014.6,2.783,0.453,2.181
7015.1,2.783,0.453,2.185
7015.62,2.811,0.467,2.185
7016.17,2.783,0.453,0.531
7016.68,2.827,0.453,2.185
7017.19,2.809,0.454,2.185
7017.74,2.783,0.453,0.531
7018.25,2.796,0.453,2.185
7018.76,2.836,0.467,2.185
7019.26,2.796,0.453,0.531
7019.77,2.783,0.453,2.185
7020.28,2.824,0.524,2.185
7020.79,2.849,0.467,2.185
7021.3,2.783,0.453,0.531
7021.81,2.783,0.484,2.185
7022.32,2.783,0.453,2.181
7022.83,2.783,0.453,2.185
7023.33,2.783,0.453,2.185
7023.84,2.849,0.467,2.185
7024.39,2.783,0.453,0.531
7024.89,2.811,0.453,2.185
7025.4,2.856,0.453,2.185
7025.91,2.783,0.556,1.185
7026.43,2.783,0.468,2.185
7026.94,2.783,0.453,0.531
7027.44,2.811,0.467,2.185
7027.95,2.783,0.467,2.185
7028.49,2.783,0.453,0.531
7029.0,2.811,0.467,2.185
7029.51,2.783,0.489,2.185
7030.02,2.783,0.453,2.181
7030.52,2.783,0.453,2.185
7031.03,2.783,0.453,2.185
7031.54,2.879,0.467,2.185
7032.05,2.783,0.453,0.531
7032.56,2.783,0.453,0.531
7033.07,2.797,0.467,2.185
7033.58,2.783,0.521,2.185
7034.09,2.796,0.453,2.181
7034.6,2.783,0.453,2.185
7035.11,2.809,0.453,2.185
7035.61,2.783,0.453,0.531
7036.12,2.797,0.467,2.185
7036.63,2.796,0.534,1.185
7037.14,2.796,0.453,2.185
7037.69,2.796,0.453,0.531
7038.2,2.796,0.453,0.531
7038.7,2.862,0.453,2.185
7039.21,2.796,0.453,2.181
7039.8,2.796,0.453,0.531
7040.31,2.783,0.464,2.185
7040.82,2.783,0.453,2.185
7041.33,2.783,0.453,0.531
7041.84,2.797,0.467,2.185
7042.34,2.836,0.453,2.185
7042.85,2.796,0.453,0.531
7043.37,2.783,0.492,2.185
7043.88,2.783,0.453,2.181
7044.39,2.783,0.453,2.185
7044.89,2.783,0.482,2.181
7045.41,2.796,0.453,2.185
7045.91,2.783,0.453,2.185
7046.42,2.849,0.467,2.185
7046.94,2.783,0.453,0.531
7047.45,2.857,0.453,2.185
7047.95,2.796,0.453,2.185
7048.46,2.788,0.453,2.181
7049.02,2.796,0.453,0.531
7049.52,2.854,0.453,2.185
7050.03,2.811,0.467,2.185
7050.55,2.783,0.453,0.531
7051.06,2.811,0.467,2.185
7051.57,2.783,0.465,2.185
7052.08,2.783,0.482,2.181
7052.6,2.783,0.453,2.187
7053.1,2.783,0.453,2.185
7053.61,2.811,0.467,2.185
7054.13,2.824,0.453,0.531
7054.63,2.825,0.467,2.185
7055.14,2.877,0.453,2.185
7055.67,2.783,0.453,0.531
7056.18,2.783,0.514,2.185
7056.69,2.783,0.453,2.181
7057.19,2.783,0.461,2.185
7057.71,2.809,0.453,2.185
7058.22,2.783,0.453,2.181
7058.73,2.783,0.453,2.185
7059.24,2.783,0.453,2.185
7059.77,2.783,0.453,2.181
7060.28,2.783,0.47,2.185
7060.79,2.906,0.453,2.185
7061.29,2.783,0.453,0.531
7061.8,2.783,0.453,2.185
7062.31,2.783,0.453,2.181
7062.82,2.868,0.453,2.185
7063.33,2.783,0.512,2.185
7063.84,2.783,0.482,2.181
7064.34,2.876,0.453,2.185
7064.85,2.824,0.566,2.185
7065.38,2.783,0.453,0.531
7065.89,2.811,0.467,2.185
7066.4,2.819,0.453,2.181
7066.9,2.783,0.506,2.185
7067.41,2.783,0.453,2.181
7067.93,2.783,0.453,2.185
7068.44,2.809,0.453,2.185
7068.95,2.783,0.453,0.531
7069.46,2.812,0.467,2.185
7069.97,2.783,0.453,2.181
7070.48,2.874,0.453,2.185
7070.99,2.85,0.467,2.185
7071.5,2.783,0.453,2.185
7072.0,2.783,0.464,2.185
7072.53,2.783,0.453,0.531
7073.04,2.783,0.453,0.531
7073.55,2.876,0.453,2.185
7074.06,2.783,0.487,2.187
7074.58,2.783,0.453,0.531
7075.09,2.783,0.453,0.531
7075.6,2.797,0.467,2.185
7076.1,2.861,0.462,2.185
7076.63,2.796,0.453,0.531
7077.14,2.812,0.453,2.185
7077.65,2.783,0.453,0.531
7078.16,2.783,0.482,2.181
7078.67,2.783,0.482,2.181
7079.26,2.796,0.453,0.531
7079.77,2.797,0.467,2.185
7080.28,2.821,0.453,2.185
7080.79,2.783,0.453,0.531
7081.3,2.812,0.453,2.185
7081.82,2.783,0.453,0.531
7082.34,2.783,0.6,1.185
7082.94,2.783,0.453,0.531
7083.45,2.784,0.58,1.185
7084.03,2.783,0.453,0.531
7084.54,2.784,0.539,1.185
7085.08,2.783,0.453,0.531
7085.6,2.783,0.482,2.181
7086.15,2.783,0.453,0.531
7086.67,2.783,0.453,2.181
7087.25,2.783,0.453,0.531
7087.76,2.783,0.453,0.531
7088.27,2.783,0.453,0.531
7088.78,2.783,0.453,0.531
7089.29,2.784,0.539,1.185
7089.8,2.796,0.453,2.185
7090.31,2.796,0.453,0.531
7090.83,2.796,0.453,2.181
7091.41,2.796,0.453,0.531
7091.92,2.798,0.453,2.185
7092.43,2.879,0.465,2.185
7092.96,2.784,0.453,2.181
7093.47,2.784,0.465,2.185
7093.97,2.784,0.47,2.185
7094.48,2.784,0.453,2.181
7094.99,2.784,0.514,2.185
7095.5,2.81,0.453,2.185
7096.01,2.784,0.453,0.531
7096.53,2.784,0.453,2.185
7097.03,2.882,0.467,2.185
7097.56,2.784,0.453,0.531
7098.07,2.812,0.467,2.185
7098.58,2.84,0.453,2.185
7099.09,2.784,0.453,0.531
7099.6,2.784,0.465,2.185
7100.11,2.784,0.453,2.185
7100.62,2.784,0.453,2.181
7101.19,2.797,0.453,0.531
7101.7,2.812,0.467,2.185
7102.2,2.81,0.507,2.185
7102.73,2.784,0.453,2.181
7103.24,2.784,0.467,2.185
7103.75,2.784,0.521,2.185
7104.28,2.784,0.482,2.181
7104.79,2.784,0.473,2.185
7105.3,2.81,0.453,2.185
7105.82,2.784,0.453,2.181
7106.33,2.784,0.536,2.187
7106.84,2.784,0.453,2.185
7107.34,2.784,0.453,0.531
7107.85,2.812,0.467,2.185
7108.36,2.825,0.467,2.185
7108.87,2.784,0.453,0.531
7109.38,2.812,0.467,2.185
7109.89,2.873,0.453,2.185
7110.4,2.784,0.466,0.531
7110.92,2.847,0.453,2.185
7111.43,2.825,0.551,2.185
7111.96,2.784,0.482,2.181
7112.47,2.865,0.453,2.185
7112.99,2.797,0.453,0.531
7113.5,2.812,0.467,2.185
7114.0,2.784,0.453,0.531
7114.51,2.812,0.467,2.185
7115.02,2.784,0.502,2.185
7115.53,2.784,0.453,2.181
7116.04,2.784,0.453,2.185
7116.55,2.784,0.578,2.185
7117.07,2.784,0.453,0.531
7117.57,2.812,0.467,2.185
7118.08,2.812,0.467,2.185
7118.61,2.784,0.453,0.531
7119.12,2.859,0.453,2.185
7119.63,2.797,0.453,2.181
7120.22,2.784,0.453,0.531
7120.73,2.784,0.548,2.185
7121.24,2.784,0.453,0.531
7121.75,2.784,0.453,2.181
7122.26,2.784,0.453,2.185
7122.78,2.797,0.453,2.187
7123.29,2.784,0.453,2.181
7123.87,2.784,0.453,0.531
7124.38,2.877,0.453,2.185
7124.89,2.784,0.453,2.185
7125.47,2.784,0.453,0.531
7125.98,2.798,0.467,2.185
7126.49,2.797,0.453,2.181
7127.0,2.797,0.453,2.185
7127.5,2.797,0.453,0.531
7128.01,2.797,0.464,2.185
7128.53,2.797,0.453,0.531
7129.13,2.855,0.453,2.185
7129.64,2.797,0.482,2.181
7130.15,2.797,0.453,0.531
7130.75,2.797,0.455,2.185
7131.26,2.797,0.453,2.181
7131.82,2.797,0.453,0.531
7132.34,2.784,0.465,2.185
7132.85,2.784,0.453,0.531
7133.36,2.798,0.467,2.185
7133.87,2.843,0.453,2.185
7134.38,2.797,0.453,0.531
7134.89,2.869,0.465,2.185
7135.4,2.784,0.453,2.185
7135.91,2.784,0.453,2.181
7136.48,2.784,0.453,0.531
7136.99,2.798,0.467,2.185
7137.5,2.797,0.49,2.185
7138.01,2.784,0.482,2.181
7138.52,2.784,0.475,2.185
7139.03,2.784,0.453,0.531
7139.54,2.812,0.467,2.185
7140.05,2.784,0.453,0.531
7140.56,2.862,0.453,2.185
7141.07,2.797,0.453,2.181
7141.58,2.797,0.467,2.185
7142.09,2.867,0.453,2.185
7142.61,2.784,0.482,2.181
7143.11,2.784,0.544,2.185
7143.63,2.81,0.453,2.185
7144.13,2.854,0.467,2.185
7144.65,2.797,0.453,0.531
7145.16,2.812,0.467,2.185
7145.66,2.827,0.467,2.185
7146.17,2.826,0.482,2.181
7146.68,2.862,0.453,2.185
7147.27,2.797,0.453,0.531
7147.78,2.797,0.453,2.185
7148.28,2.852,0.467,2.185
7148.79,2.797,0.453,0.531
7149.3,2.798,0.467,2.185
7149.82,2.797,0.453,0.531
7150.33,2.797,0.47,2.185
7150.84,2.784,0.546,2.185
7151.35,2.784,0.482,2.181
7151.86,2.784,0.453,2.185
7152.37,2.784,0.453,2.185
7152.9,2.784,0.453,0.531
7153.41,2.797,0.453,2.185
7153.92,2.797,0.453,2.181
7154.49,2.797,0.453,0.531
7155.0,2.812,0.467,2.185
7155.51,2.895,0.453,2.185
7156.02,2.784,0.453,0.531
7156.53,2.784,0.453,2.185
7157.04,2.88,0.467,2.185
7157.55,2.784,0.453,0.531
7158.06,2.784,0.463,2.185
7158.57,2.784,0.453,2.185
7159.09,2.851,0.467,2.185
7159.63,2.784,0.453,0.531
7160.14,2.861,0.453,2.185
7160.65,2.81,0.522,2.185
7161.16,2.784,0.453,2.181
7161.67,2.784,0.453,2.187
7162.19,2.784,0.453,2.185
7162.7,2.826,0.453,2.181
7163.21,2.826,0.483,2.185
7163.72,2.784,0.453,2.185
7164.23,2.784,0.453,2.181
7164.74,2.784,0.468,2.185
7165.25,2.784,0.488,2.187
7165.79,2.784,0.453,0.531
7166.3,2.841,0.453,2.185
7166.8,2.907,0.453,2.185
7167.31,2.784,0.453,0.531
7167.82,2.813,0.453,2.185
7168.34,2.784,0.453,0.531
7168.85,2.784,0.453,2.185
7169.36,2.866,0.467,2.185
7169.96,2.785,0.453,0.531
7170.47,2.785,0.453,2.185
7170.98,2.822,0.467,2.185
7171.58,2.785,0.453,0.531
7172.09,2.794,0.525,2.185
7172.6,2.863,0.467,2.185
7173.2,2.785,0.453,0.531
7173.71,2.799,0.467,2.185
7174.27,2.785,0.453,0.531
7174.78,2.813,0.467,2.185
7175.29,2.867,0.453,2.185
7175.81,2.785,0.453,0.531
7176.31,2.813,0.467,2.185
7176.82,2.915,0.467,2.185
7177.37,2.785,0.453,0.531
7177.88,2.785,0.453,2.185
7178.39,2.785,0.453,2.181
7178.9,2.785,0.453,2.185
7179.41,2.785,0.453,2.181
7179.92,2.785,0.457,2.185
7180.43,2.785,0.472,2.185
7180.97,2.785,0.453,0.531
7181.48,2.785,0.453,2.185
7181.99,2.785,0.453,0.531
7182.5,2.785,0.453,2.185
7183.01,2.785,0.453,0.531
7183.52,2.785,0.533,2.185
7184.03,2.785,0.453,2.185
7184.54,2.81,0.467,2.181
7185.09,2.785,0.453,0.531
7185.59,2.813,0.467,2.185
7186.1,2.785,0.453,0.531
7186.61,2.813,0.453,2.185
7187.12,2.785,0.453,0.531
7187.65,2.785,0.453,0.531
7188.16,2.799,0.467,2.185
7188.67,2.822,0.453,2.185
7189.18,2.798,0.453,2.181
7189.69,2.785,0.453,2.185
7190.19,2.785,0.453,0.531
7190.76,2.785,0.453,0.531
7191.27,2.785,0.453,0.531
7191.83,2.785,0.453,0.531
7192.34,2.785,0.453,0.531
7192.86,2.785,0.482,2.181
7193.43,2.785,0.453,0.531
7193.95,2.785,0.453,0.531
7194.51,2.785,0.453,0.531
7195.11,2.785,0.453,0.531
7195.63,2.785,0.482,2.181
7196.22,2.785,0.453,0.531
7196.74,2.785,0.453,0.531
7197.25,2.785,0.546,1.185
7197.76,2.785,0.482,2.181
7198.27,2.785,0.453,0.531
7198.82,2.785,0.453,0.531
7199.33,2.799,0.467,2.185
7199.84,2.799,0.467,2.185
7200.35,2.798,0.453,0.531
7200.86,2.87,0.453,2.185
7201.37,2.785,0.501,2.185
7201.9,2.785,0.453,2.181
7202.41,2.785,0.512,2.185
7202.93,2.785,0.458,2.185
7203.45,2.785,0.482,2.181
7203.96,2.785,0.458,2.185
7204.48,2.785,0.453,2.185
7204.99,2.797,0.453,2.181
7205.5,2.785,0.453,0.531
7206.1,2.863,0.453,2.185
7206.61,2.785,0.453,0.531
7207.12,2.828,0.453,2.185
7207.63,2.798,0.453,2.185
7208.14,2.798,0.453,0.531
7208.64,2.785,0.453,2.185
7209.16,2.785,0.453,2.181
7209.75,2.785,0.453,0.531
7210.26,2.841,0.453,2.185
7210.77,2.811,0.485,2.185
7211.28,2.785,0.482,2.181
7211.79,2.87,0.467,2.185
7212.31,2.867,0.453,2.185
7212.82,2.798,0.453,2.181
7213.33,2.785,0.453,2.185
7213.84,2.785,0.453,0.531
7214.35,2.785,0.453,2.185
7214.86,2.841,0.467,2.185
7215.41,2.785,0.453,0.531
7215.93,2.813,0.467,2.185
7216.44,2.877,0.467,2.185
7216.96,2.785,0.453,2.185
7217.47,2.785,0.493,2.185
7217.98,2.785,0.453,0.531
7218.5,2.813,0.467,2.185
7219.01,2.842,0.467,2.185
7219.55,2.785,0.453,0.531
7220.06,2.785,0.526,2.185
7220.56,2.785,0.453,2.181
7221.07,2.842,0.453,2.185
7221.58,2.908,0.464,2.185
7222.11,2.785,0.55,1.185
7222.62,2.785,0.453,2.185
7223.13,2.785,0.453,2.185
7223.64,2.889,0.467,2.185
7224.16,2.785,0.453,0.531
7224.67,2.813,0.467,2.185
7225.17,2.88,0.453,2.185
7225.68,2.785,0.453,0.531
7226.2,2.785,0.453,0.531
7226.71,2.799,0.467,2.185
7227.22,2.798,0.453,0.531
7227.73,2.869,0.464,2.185
7228.24,2.798,0.453,0.531
7228.76,2.87,0.467,2.185
7229.27,2.813,0.467,2.185
7229.81,2.785,0.453,0.531
7230.31,2.88,0.453,2.185
7230.82,2.798,0.453,2.185
7231.33,2.835,0.453,2.181
7231.88,2.826,0.453,0.531
7232.39,2.785,0.463,2.185
7232.9,2.785,0.453,2.185
7233.42,2.785,0.453,2.181
7234.02,2.785,0.453,0.531
7234.53,2.785,0.462,2.185
7235.04,2.785,0.453,2.181
7235.55,2.785,0.453,0.531
7236.15,2.799,0.467,2.185
7236.66,2.798,0.551,1.185
7237.17,2.798,0.453,2.185
7237.68,2.798,0.453,2.181
7238.23,2.798,0.453,0.531
7238.74,2.785,0.453,2.185
7239.26,2.826,0.453,2.185
7239.77,2.826,0.453,0.531
7240.28,2.851,0.453,2.185
7240.79,2.785,0.453,2.185
7241.3,2.827,0.695,2.185
7241.86,2.785,0.453,0.531
7242.37,2.813,0.453,2.187
7242.88,2.785,0.453,2.185
7243.39,2.792,0.467,2.181
7243.95,2.785,0.453,0.531
7244.46,2.813,0.467,2.185
7244.97,2.877,0.453,2.185
7245.5,2.785,0.453,0.531
7246.0,2.785,0.453,2.185
7246.52,2.855,0.467,2.185
7247.03,2.785,0.453,0.531
7247.54,2.785,0.5,2.185
7248.05,2.813,0.467,2.185
7248.56,2.87,0.462,2.185
7249.08,2.785,0.453,2.181
7249.59,2.785,0.453,2.185
7250.1,2.814,0.467,2.185
7250.62,2.852,0.467,2.185
7251.12,2.785,0.453,0.531
7251.64,2.785,0.538,2.185
7252.15,2.785,0.453,2.181
7252.66,2.785,0.453,2.185
7253.17,2.785,0.453,2.185
7253.68,2.852,0.467,2.185
7254.22,2.785,0.453,0.531
7254.73,2.785,0.453,2.181
7255.32,2.798,0.453,0.531
7255.83,2.799,0.467,2.187
7256.34,2.798,0.453,0.531
7256.85,2.798,0.453,2.181
7257.43,2.798,0.453,0.531
7257.94,2.814,0.453,2.185
7258.45,2.811,0.453,2.185
7258.96,2.798,0.453,2.181
7259.54,2.785,0.453,0.531
7260.05,2.878,0.453,2.185
7260.56,2.785,0.453,2.185
7261.07,2.785,0.453,2.181
7261.58,2.785,0.453,2.187
7262.09,2.785,0.453,2.187
7262.6,2.881,0.467,2.185
7263.11,2.785,0.453,0.531
7263.62,2.798,0.453,2.185
7264.12,2.81,0.453,2.181
7264.7,2.785,0.453,0.531
7265.21,2.821,0.453,2.185
7265.72,2.785,0.453,2.185
7266.23,2.814,0.467,2.185
7266.77,2.785,0.453,0.531
7267.28,2.814,0.467,2.185
7267.79,2.896,0.453,2.185
7268.29,2.785,0.453,0.531
7268.81,2.785,0.478,2.185
7269.32,2.785,0.453,0.531
7269.83,2.785,0.52,2.185
7270.34,2.785,0.453,2.181
7270.84,2.785,0.453,2.187
7271.35,2.785,0.453,2.185
7271.86,2.842,0.467,2.185
7272.37,2.786,0.453,0.531
7272.97,2.786,0.453,2.185
7273.48,2.851,0.467,2.185
7274.04,2.786,0.453,0.531
7274.55,2.803,0.526,2.185
7275.06,2.786,0.453,0.531
7275.58,2.881,0.453,2.185
7276.09,2.868,0.506,2.185
7276.6,2.786,0.453,2.181
7277.11,2.786,0.499,2.185
7277.63,2.786,0.453,2.185
7278.14,2.786,0.453,2.181
7278.64,2.786,0.453,2.185
7279.16,2.786,0.453,2.185
7279.67,2.786,0.453,2.181
7280.18,2.786,0.458,2.185
7280.69,2.786,0.453,0.531
7281.19,2.786,0.453,2.185
7281.7,2.798,0.453,2.181
7282.21,2.786,0.453,0.531
7282.72,2.786,0.453,2.185
7283.23,2.786,0.453,2.181
7283.74,2.877,0.453,2.185
7284.25,2.786,0.549,2.185
7284.78,2.786,0.453,0.531
7285.29,2.786,0.453,2.185
7285.79,2.786,0.453,2.181
7286.3,2.878,0.453,2.185
7286.81,2.786,0.58,1.185
7287.35,2.814,0.467,2.185
7287.86,2.786,0.466,2.185
7288.39,2.786,0.453,0.531
7288.9,2.786,0.565,2.185
7289.41,2.786,0.453,0.531
7289.92,2.799,0.453,2.185
7290.43,2.786,0.453,0.531
7290.95,2.814,0.467,2.185
7291.46,2.786,0.453,2.181
7291.97,2.786,0.524,2.185
7292.48,2.814,0.467,2.185
7293.06,2.786,0.453,0.531
7293.57,2.799,0.453,2.187
7294.08,2.856,0.467,2.185
7294.6,2.786,0.453,0.531
7295.11,2.786,0.531,2.185
7295.62,2.786,0.453,2.185
7296.13,2.789,0.453,2.181
7296.67,2.786,0.453,0.531
7297.18,2.786,0.482,2.181
7297.69,2.786,0.453,0.531
7298.2,2.786,0.453,0.531
7298.71,2.786,0.453,0.531
7299.22,2.799,0.463,2.185
7299.73,2.799,0.994,1.185
7300.24,2.799,0.482,2.181
7300.75,2.8,0.467,2.185
7301.26,2.799,0.453,0.531
7301.83,2.799,0.453,0.531
7302.34,2.799,0.453,0.531
7302.94,2.799,0.453,0.531
7303.46,2.799,0.453,0.531
7304.06,2.799,0.453,0.531
7304.59,2.799,0.453,0.531
7305.17,2.799,0.453,0.531
7305.69,2.799,0.482,2.181
7306.22,2.799,0.453,0.531
7306.76,2.799,0.453,0.531
7307.27,2.799,0.453,0.531
7307.78,2.799,0.453,0.531
7308.33,2.799,0.453,0.531
7308.83,2.867,0.453,2.185
7309.34,2.799,0.453,0.531
7309.86,2.8,0.467,2.185
7310.38,2.799,0.453,0.531
7310.89,2.8,0.467,2.185
7311.39,2.855,0.464,2.185
7311.92,2.786,0.545,1.185
7312.43,2.786,0.472,2.185
7312.95,2.786,0.527,2.185
7313.46,2.786,0.453,2.181
7313.97,2.799,0.453,2.185
7314.49,2.786,0.453,2.185
7315.0,2.786,0.453,0.531
7315.51,2.786,0.469,2.185
7316.03,2.786,0.453,2.181
7316.53,2.786,0.453,2.185
7317.05,2.799,0.453,2.185
7317.56,2.845,0.467,2.185
7318.14,2.786,0.453,0.531
7318.65,2.829,0.467,2.185
7319.16,2.828,0.467,2.185
7319.67,2.828,0.453,0.531
7320.18,2.814,0.467,2.185
7320.69,2.814,0.467,2.185
7321.22,2.786,0.453,0.531
7321.73,2.847,0.453,2.185
7322.24,2.786,0.522,2.185
7322.75,2.786,0.6,1.185
7323.26,2.895,0.453,2.185
7323.77,2.897,0.531,2.185
7324.3,2.828,0.453,0.531
7324.81,2.871,0.453,2.185
7325.32,2.869,0.643,2.185
7325.83,2.786,0.453,0.531
7326.36,2.815,0.467,2.185
7326.87,2.786,0.453,2.181
7327.38,2.882,0.453,2.185
7327.88,2.786,0.496,2.187
7328.41,2.787,0.453,0.531
7328.92,2.787,0.538,2.185
7329.43,2.787,0.453,0.531
7329.94,2.799,0.453,0.531
7330.54,2.865,0.453,2.185
7331.05,2.787,0.453,2.185
7331.56,2.787,0.453,0.531
7332.07,2.787,0.453,0.531
7332.63,2.787,0.453,0.531
7333.14,2.787,0.453,0.531
7333.65,2.801,0.467,2.185
7334.17,2.799,0.453,0.531
7334.68,2.801,0.467,2.187
7335.19,2.787,0.488,2.187
7335.7,2.787,0.453,2.181
7336.21,2.787,0.453,0.531
7336.81,2.801,0.467,2.185
7337.32,2.8,0.55,1.185
7337.83,2.8,0.453,2.187
7338.35,2.787,0.453,2.185
7338.85,2.856,0.467,2.185
7339.36,2.787,0.453,0.531
7339.87,2.787,0.453,0.531
7340.38,2.815,0.467,2.185
7340.88,2.787,0.552,1.185
7341.4,2.787,0.453,2.185
7341.98,2.787,0.453,0.531
7342.49,2.8,0.473,2.185
7343.0,2.787,0.453,2.185
7343.51,2.815,0.467,2.185
7344.02,2.787,0.482,2.181
7344.61,2.828,0.453,0.531
7345.14,2.787,0.453,2.185
7345.65,2.8,0.453,2.185
7346.16,2.8,0.453,0.531
7346.66,2.815,0.467,2.185
7347.17,2.787,0.462,2.185
7347.69,2.8,0.453,2.181
7348.28,2.787,0.453,0.531
7348.79,2.849,0.453,2.185
7349.3,2.787,0.463,2.185
7349.81,2.787,0.453,2.181
7350.32,2.787,0.453,0.531
7350.92,2.787,0.501,2.185
7351.43,2.799,0.639,2.185
7351.97,2.8,0.453,0.531
7352.48,2.8,0.453,2.181
7353.02,2.8,0.453,0.531
7353.53,2.8,0.522,2.185
7354.03,2.787,0.453,2.185
7354.54,2.815,0.467,2.185
7355.12,2.787,0.453,0.531
7355.63,2.815,0.467,2.185
7356.13,2.869,0.453,2.185
7356.65,2.8,0.566,0.732
7357.16,2.815,0.453,2.185
7357.66,2.787,0.482,2.181
7358.17,2.787,0.453,2.185
7358.68,2.787,0.453,2.185
7359.19,2.889,0.467,2.185
7359.74,2.787,0.453,0.531
7360.25,2.815,0.467,2.185
7360.76,2.865,0.467,2.185
7361.28,2.8,0.453,0.531
7361.79,2.815,0.467,2.187
7362.3,2.8,0.462,2.185
7362.81,2.787,0.453,2.181
7363.41,2.787,0.453,0.531
7363.92,2.787,0.453,2.185
7364.42,2.824,0.467,2.185
7364.93,2.787,0.453,0.531
7365.45,2.787,0.453,2.185
7365.96,2.8,0.453,2.185
7366.47,2.8,0.453,2.181
7366.97,2.787,0.453,0.531
7367.49,2.815,0.467,2.185
7368.0,2.853,0.467,2.185
7368.52,2.787,0.453,0.531
7369.04,2.787,0.462,2.185
7369.55,2.787,0.649,1.185
7370.06,2.787,0.453,2.185
7370.57,2.787,0.453,2.185
7371.08,2.893,0.467,2.185
7371.6,2.787,0.453,0.531
7372.1,2.787,0.453,0.531
7372.61,2.801,0.467,2.187
7373.12,2.787,0.477,2.185
7373.63,2.8,0.453,2.181
7374.21,2.787,0.453,0.531
7374.72,2.871,0.453,2.185
7375.23,2.787,0.524,2.185
7375.73,2.787,0.453,0.531
7376.24,2.8,0.524,2.185
7376.75,2.868,0.467,2.185
7377.28,2.787,0.453,0.531
7377.79,2.815,0.467,2.187
7378.3,2.865,0.467,2.185
7378.81,2.787,0.453,0.531
7379.32,2.856,0.453,2.185
7379.82,2.815,0.467,2.185
7380.33,2.787,0.453,0.531
7380.85,2.869,0.453,2.185
7381.35,2.787,0.623,1.185
7381.87,2.885,0.465,2.185
7382.39,2.8,0.48,2.185
7382.92,2.787,0.566,0.732
7383.44,2.828,0.482,2.185
7383.95,2.787,0.453,2.185
7384.47,2.787,0.453,2.181
7384.98,2.877,0.453,2.185
7385.49,2.894,0.453,2.185
7386.06,2.787,0.453,0.531
7386.57,2.815,0.467,2.185
7387.08,2.787,0.453,2.181
7387.59,2.787,0.539,2.185
7388.1,2.787,0.537,2.185
7388.62,2.787,0.453,2.181
7389.12,2.825,0.467,2.185
7389.63,2.88,0.467,2.185
7390.21,2.787,0.453,0.531
7390.72,2.787,0.453,2.185
7391.22,2.787,0.453,2.181
7391.73,2.787,0.543,2.185
7392.24,2.897,0.453,2.185
7392.78,2.787,0.453,0.531
7393.29,2.787,0.453,2.185
7393.8,2.787,0.453,2.181
7394.31,2.852,0.453,2.185
7394.81,2.846,0.467,2.185
7395.32,2.787,0.457,2.185
7395.83,2.81,0.453,2.181
7396.34,2.787,0.465,2.185
7396.85,2.885,0.453,2.185
7397.42,2.787,0.453,0.531
7397.93,2.787,0.453,2.185
7398.44,2.787,0.453,0.531
7398.95,2.8,0.453,2.185
7399.46,2.787,0.453,2.181
7399.97,2.787,0.453,2.185
7400.48,2.787,0.453,2.185
7400.99,2.854,0.467,2.185
7401.52,2.829,0.453,0.531
7402.02,2.843,0.453,2.185
7402.53,2.829,0.453,0.531
7403.04,2.829,0.453,0.531
7403.55,2.829,0.453,0.531
7404.06,2.829,0.453,0.531
7404.56,2.829,0.453,0.531
7405.16,2.8,0.507,2.185
7405.68,2.8,0.453,0.531
7406.19,2.8,0.453,2.185
7406.7,2.8,0.453,0.531
7407.21,2.872,0.453,2.185
7407.72,2.787,0.453,0.531
7408.23,2.787,0.482,2.181
7408.81,2.787,0.453,0.531
7409.32,2.787,0.482,2.181
7409.83,2.787,0.453,0.531
7410.34,2.787,0.453,0.531
7410.94,2.787,0.453,0.531
7411.45,2.787,0.453,0.531
7412.06,2.788,0.466,0.531
7412.64,2.787,0.453,0.531
7413.15,2.787,0.482,2.181
7413.66,2.788,0.538,1.185
7414.24,2.787,0.453,0.531
7414.75,2.8,0.467,2.185
7415.26,2.8,0.453,0.531
7415.77,2.802,0.467,2.185
7416.28,2.8,0.453,0.531
7416.79,2.802,0.467,2.185
7417.29,2.8,0.453,0.531
7417.81,2.8,0.509,2.185
7418.32,2.788,0.453,2.185
7418.83,2.788,0.453,2.181
7419.34,2.788,0.453,0.531
7419.85,2.813,0.453,2.185
7420.36,2.809,0.453,2.181
7420.96,2.788,0.453,0.531
7421.46,2.816,0.467,2.185
7422.04,2.788,0.453,0.531
7422.55,2.802,0.467,2.185
7423.06,2.898,0.453,2.185
7423.57,2.788,0.482,2.181
7424.08,2.788,0.511,2.185
7424.59,2.788,0.453,2.185
7425.1,2.788,0.453,2.181
7425.61,2.801,0.464,2.185
7426.12,2.788,0.488,2.187
7426.65,2.788,0.453,0.531
7427.16,2.816,0.467,2.185
7427.67,2.788,0.453,0.531
7428.18,2.816,0.467,2.185
7428.69,2.921,0.453,2.185
7429.2,2.788,0.453,0.531
7429.72,2.88,0.453,2.185
7430.23,2.788,0.453,2.185
7430.74,2.788,1.035,2.181
7431.25,2.788,0.532,2.185
7431.76,2.87,0.453,2.185
7432.26,2.801,0.453,0.531
7432.77,2.788,0.453,2.185
7433.28,2.788,0.453,2.181
7433.79,2.788,0.453,0.531
7434.3,2.788,0.453,2.185
7434.81,2.841,0.467,2.185
7435.38,2.788,0.453,0.531
7435.89,2.816,0.467,2.185
7436.4,2.788,0.453,0.531
7436.9,2.788,0.453,0.531
7437.41,2.801,0.504,2.185
7437.92,2.801,0.453,0.531
7438.44,2.834,0.453,2.185
7438.94,2.801,0.453,0.531
7439.45,2.816,0.467,2.185
7439.96,2.788,0.453,0.531
7440.47,2.788,0.465,2.185
7440.98,2.788,0.453,2.187
7441.49,2.788,0.453,2.181
7442.02,2.788,0.453,0.531
7442.56,2.788,0.453,0.531
7443.07,2.802,0.467,2.185
7443.58,2.801,0.453,0.531
7444.09,2.802,0.467,2.185
7444.6,2.801,0.554,1.185
7445.12,2.801,0.453,0.531
7445.63,2.801,0.453,0.531
7446.14,2.801,0.453,0.531
7446.64,2.801,0.453,0.531
7447.15,2.801,0.453,2.185
7447.66,2.801,0.453,0.531
7448.17,2.801,0.534,2.185
7448.68,2.801,0.453,2.185
7449.19,2.801,0.467,2.185
7449.76,2.788,0.453,0.531
7450.27,2.788,0.453,2.185
7450.78,2.792,0.467,2.185
7451.29,2.894,0.467,2.185
7451.8,2.801,0.548,1.185
7452.31,2.788,0.535,2.185
7452.83,2.788,0.464,2.185
7453.36,2.788,0.453,0.531
7453.87,2.816,0.467,2.185
7454.38,2.867,0.467,2.185
7454.91,2.788,0.453,2.185
7455.42,2.87,0.542,2.185
7455.95,2.788,0.453,0.531
7456.46,2.83,0.467,2.185
7456.97,2.898,0.453,2.185
7457.48,2.829,0.453,0.531
7458.01,2.829,0.453,0.531
7458.52,2.829,0.453,2.181
7459.04,2.801,0.453,0.531
7459.56,2.801,0.453,2.185
7460.07,2.801,0.467,2.185
7460.61,2.801,0.453,0.531
7461.12,2.859,0.453,2.185
7461.63,2.788,0.467,2.185
7462.14,2.788,0.453,0.531
7462.65,2.86,0.453,2.185
7463.16,2.855,0.46,2.185
7463.68,2.801,0.453,2.181
7464.27,2.788,0.453,0.531
7464.78,2.816,0.467,2.187
7465.29,2.87,0.453,2.185
7465.8,2.788,0.453,0.531
7466.32,2.816,0.467,2.185
7466.83,2.883,0.467,2.185
7467.36,2.788,0.453,0.531
7467.87,2.816,0.467,2.185
7468.38,2.895,0.463,2.185
7468.92,2.788,0.482,2.181
7469.43,2.801,0.453,2.185
7469.95,2.801,0.453,0.531
7470.46,2.873,0.464,2.185
7470.97,2.842,0.453,2.185
7471.48,2.841,0.467,2.185
7472.04,2.788,0.453,0.531
7472.55,2.863,0.453,2.185
7473.06,2.801,0.468,2.185
7473.57,2.788,0.453,2.181
7474.08,2.829,0.509,2.185
7474.59,2.788,0.534,2.185
7475.11,2.788,0.482,2.181
7475.61,2.829,0.48,2.185
7476.13,2.829,0.453,0.531
7476.72,2.788,0.453,0.531
7477.22,2.866,0.453,2.185
7477.73,2.893,0.494,2.185
7478.24,2.788,0.453,2.181
7478.75,2.788,0.467,2.187
7479.27,2.839,0.453,2.185
7479.77,2.829,0.453,0.531
7480.27,2.829,0.483,2.187
7480.78,2.788,0.453,2.187
7481.3,2.8,0.453,2.181
7481.89,2.788,0.453,0.531
7482.4,2.788,0.453,2.185
7482.91,2.816,0.453,2.181
7483.41,2.788,0.453,2.185
7483.92,2.842,0.453,2.185
7484.43,2.788,0.453,0.531
7484.94,2.899,0.453,2.185
7485.45,2.788,0.453,2.185
7485.97,2.829,0.453,2.181
7486.56,2.801,0.453,0.531
7487.07,2.851,0.453,2.187
7487.57,2.788,0.468,2.185
7488.08,2.788,0.453,2.181
7488.59,2.788,0.453,0.531
7489.19,2.846,0.453,2.185
7489.7,2.788,0.489,2.187
7490.21,2.788,0.453,2.181
7490.72,2.788,0.465,2.185
7491.23,2.788,0.49,2.185
7491.75,2.788,0.453,0.531
7492.26,2.788,0.453,2.185
7492.77,2.788,0.453,2.181
7493.28,2.788,0.467,2.185
7493.8,2.788,0.453,2.181
7494.32,2.788,0.536,2.185
7494.83,2.788,0.562,2.185
7495.35,2.788,0.453,0.531
7495.86,2.817,0.467,2.185
7496.37,2.881,0.467,2.185
7496.95,2.788,0.453,0.531
7497.46,2.801,0.453,2.185
7497.97,2.788,0.453,2.181
7498.48,2.817,0.467,2.185
7498.99,2.855,0.467,2.185
7499.51,2.788,0.453,2.185
7500.02,2.858,0.453,2.185
7500.54,2.788,0.453,0.531
7501.05,2.799,0.524,2.185
7501.56,2.894,0.467,2.185
7502.16,2.788,0.453,0.531
7502.66,2.789,0.453,2.185
7503.18,2.789,0.453,0.531
7503.69,2.789,0.453,2.185
7504.2,2.789,0.482,2.181
7504.71,2.789,0.527,2.185
7505.22,2.789,0.453,0.531
7505.73,2.789,0.453,2.185
7506.24,2.864,0.467,2.185
7506.8,2.789,0.453,0.531
7507.31,2.857,0.453,2.185
7507.82,2.789,0.453,0.531
7508.33,2.803,0.467,2.185
7508.84,2.817,0.467,2.185
7509.34,2.83,0.453,0.531
7509.86,2.83,0.545,1.185
7510.38,2.83,0.453,0.531
7510.89,2.83,0.453,0.531
7511.41,2.83,0.453,0.531
7511.92,2.802,0.56,2.185
7512.43,2.802,0.453,0.531
7512.94,2.802,0.453,0.531
7513.45,2.802,0.513,2.185
7514.0,2.802,0.453,0.531
7514.51,2.789,0.453,2.185
7515.04,2.802,0.453,0.531
7515.55,2.802,0.453,0.531
7516.07,2.802,0.453,0.531
7516.6,2.802,0.453,0.531
7517.12,2.802,0.453,0.531
7517.72,2.802,0.453,0.531
7518.23,2.802,0.482,2.181
7518.75,2.802,0.453,0.531
7519.27,2.802,0.453,2.181
7519.78,2.802,0.453,0.531
7520.35,2.802,0.453,0.531
7520.94,2.802,0.453,0.531
7521.48,2.802,0.453,0.531
7521.99,2.802,0.453,0.531
7522.51,2.802,0.453,0.531
7523.01,2.868,0.453,2.185
7523.52,2.789,0.453,2.185
7524.03,2.81,0.453,2.181
7524.62,2.789,0.453,0.531
7525.13,2.789,0.453,2.185
7525.64,2.789,0.453,2.185
7526.15,2.789,0.453,2.181
7526.65,2.789,0.453,0.531
7527.26,2.817,0.467,2.185
7527.76,2.875,0.453,2.185
7528.36,2.789,0.453,0.531
7528.87,2.789,0.453,2.181
7529.38,2.789,0.453,2.185
7529.89,2.789,0.453,2.185
7530.4,2.792,0.453,2.181
7531.0,2.789,0.453,0.531
7531.51,2.831,0.467,2.185
7532.01,2.884,0.453,2.185
7532.55,2.83,0.453,0.531
7533.06,2.874,0.453,2.187
7533.57,2.789,0.453,2.185
7534.09,2.789,0.453,0.531
7534.6,2.817,0.467,2.185
7535.11,2.789,0.453,0.531
7535.62,2.853,0.453,2.185
7536.13,2.789,0.466,2.185
7536.67,2.83,0.566,0.732
7537.18,2.874,0.453,2.185
7537.69,2.815,0.467,2.185
7538.22,2.789,0.453,0.531
7538.74,2.789,0.519,2.185
7539.25,2.789,0.527,2.185
7539.76,2.789,0.453,0.531
7540.27,2.789,0.453,2.185
7540.78,2.789,0.482,2.181
7541.29,2.789,0.524,2.185
7541.81,2.789,0.453,2.185
7542.32,2.789,0.453,2.181
7542.82,2.83,0.536,2.185
7543.34,2.856,0.453,2.185
7543.87,2.83,0.453,2.181
7544.38,2.789,0.453,2.185
7544.88,2.871,0.453,2.185
7545.4,2.789,0.453,2.181
7545.91,2.789,0.453,2.185
7546.42,2.789,0.453,0.531
7546.98,2.789,0.453,0.531
7547.5,2.865,0.453,2.187
7548.01,2.789,0.482,2.185
7548.52,2.789,0.453,2.181
7549.04,2.789,0.458,2.185
7549.55,2.871,0.453,2.185
7550.06,2.794,0.453,2.181
7550.57,2.789,0.453,2.185
7551.08,2.803,0.525,2.185
7551.59,2.859,0.467,2.185
7552.1,2.802,0.453,0.531
7552.61,2.817,0.467,2.185
7553.15,2.789,0.453,0.531
7553.66,2.789,0.453,2.181
7554.2,2.789,0.453,0.531
7554.71,2.789,0.453,0.531
7555.22,2.832,0.453,2.185
7555.79,2.802,0.453,0.531
7556.3,2.802,0.463,2.185
7556.81,2.802,0.453,2.181
7557.32,2.802,0.453,2.185
7557.83,2.789,0.453,2.185
7558.34,2.881,0.467,2.185
7558.85,2.789,0.453,0.531
7559.36,2.789,0.519,2.185
7559.87,2.803,0.467,2.185
7560.41,2.802,0.453,0.531
7560.92,2.874,0.453,2.185
7561.43,2.789,0.453,2.185
7561.93,2.807,0.453,2.181
7562.53,2.789,0.453,0.531
7563.04,2.817,0.467,2.185
7563.55,2.863,0.464,2.185
7564.07,2.789,0.453,0.531
7564.59,2.817,0.467,2.185
7565.1,2.817,0.467,2.185
7565.71,2.789,0.453,0.531
7566.22,2.817,0.467,2.185
7566.79,2.789,0.453,0.531
7567.3,2.831,0.752,2.185
7567.82,2.881,0.467,2.185
7568.42,2.789,0.453,0.531
7568.93,2.789,0.453,0.531
7569.44,2.802,0.453,2.185
7570.02,2.802,0.453,0.531
7570.53,2.802,0.453,2.181
7571.12,2.802,0.453,0.531
7571.63,2.866,0.453,2.185
7572.13,2.817,0.467,2.185
7572.64,2.789,0.453,0.531
7573.16,2.831,0.522,2.185
7573.67,2.789,0.453,2.185
7574.18,2.814,0.866,2.185
7574.72,2.802,0.453,0.531
7575.23,2.817,0.467,2.185
7575.74,2.899,0.453,2.185
7576.31,2.789,0.453,0.531
7576.82,2.818,0.467,2.185
7577.33,2.789,0.453,2.181
7577.84,2.874,0.453,2.185
7578.34,2.802,0.453,2.185
7578.86,2.789,0.453,2.181
7579.36,2.789,0.453,2.185
7579.87,2.789,0.453,2.185
7580.38,2.875,0.467,2.185
7580.94,2.789,0.453,0.531
7581.45,2.856,0.453,2.185
7581.95,2.815,0.504,2.185
7582.46,2.789,0.453,2.181
7582.97,2.789,0.453,0.531
7583.48,2.884,0.453,2.185
7583.99,2.789,0.482,2.181
7584.51,2.874,0.453,2.185
7585.01,2.789,0.466,2.185
7585.54,2.789,0.453,0.531
7586.05,2.789,0.465,2.185
7586.56,2.789,0.453,2.185
7587.07,2.789,0.453,2.181
7587.67,2.789,0.453,0.531
7588.18,2.847,0.453,2.185
7588.68,2.789,0.562,2.185
7589.2,2.789,0.453,0.531
7589.71,2.789,0.473,2.185
7590.22,2.79,0.482,2.181
7590.73,2.79,0.493,2.185
7591.25,2.869,0.453,2.185
7591.76,2.79,0.453,2.181
7592.27,2.79,0.453,2.187
7592.78,2.818,0.467,2.185
7593.29,2.843,0.467,2.185
7593.8,2.79,0.453,0.531
7594.31,2.818,0.467,2.185
7594.82,2.885,0.453,2.185
7595.34,2.79,0.453,0.531
7595.85,2.818,0.467,2.187
7596.36,2.846,0.467,2.185
7596.88,2.79,0.453,0.531
7597.39,2.818,0.467,2.187
7597.9,2.9,0.466,2.185
7598.41,2.79,0.482,2.181
7598.92,2.879,0.453,2.185
7599.43,2.79,0.465,2.185
7599.94,2.79,0.453,0.531
7600.45,2.79,0.506,2.185
7600.96,2.79,0.453,0.531
7601.47,2.79,0.453,2.185
7601.98,2.818,0.467,2.185
7602.48,2.79,0.453,2.185
7602.99,2.833,0.467,2.185
7603.51,2.792,0.453,0.531
7604.02,2.792,0.453,2.185
7604.53,2.833,0.866,2.183
7605.04,2.792,0.453,2.185
7605.55,2.848,0.467,2.185
7606.08,2.792,0.453,0.531
7606.59,2.82,0.467,2.185
7607.09,2.792,0.453,0.531
7607.61,2.794,0.453,2.185
7608.12,2.846,1.432,2.185
7608.63,2.792,0.453,2.185
7609.14,2.818,0.569,2.185
7609.67,2.792,0.453,0.531
7610.17,2.792,0.453,2.185
7610.68,2.848,0.539,2.185
7611.3,2.792,0.453,0.531
7611.81,2.792,0.453,2.185
7612.32,2.792,0.466,0.531
7612.83,2.806,0.467,2.185
7613.33,2.805,0.453,0.531
7613.85,2.82,0.467,2.185
7614.36,2.929,0.47,2.185
7614.9,2.792,0.453,0.531
7615.41,2.833,0.467,2.185
7616.01,2.792,0.453,0.531
7616.52,2.792,0.453,2.181
7617.02,2.805,0.453,2.185
7617.53,2.805,0.453,0.531
7618.05,2.805,0.453,0.531
7618.56,2.876,0.468,2.185
7619.07,2.805,0.453,2.181
7619.63,2.805,0.453,0.531
7620.14,2.792,0.466,2.185
7620.65,2.792,0.453,0.531
7621.16,2.792,0.453,0.531
7621.68,2.792,0.453,0.531
7622.18,2.792,0.453,0.531
7622.7,2.805,0.647,2.185
7623.21,2.805,0.742,1.372
7623.72,2.806,0.467,2.185
7624.22,2.805,0.453,0.531
7624.75,2.805,0.453,0.531
7625.26,2.806,0.467,2.187
7625.76,2.805,0.453,0.531
7626.28,2.805,0.552,1.185
7626.8,2.805,0.466,0.531
7627.37,2.805,0.453,0.531
7627.88,2.805,0.482,2.181
7628.44,2.805,0.453,0.531
7628.95,2.805,0.453,0.531
7629.56,2.805,0.453,0.531
7630.07,2.805,0.453,2.181
7630.58,2.805,0.453,0.531
7631.09,2.805,0.482,2.181
7631.68,2.805,0.453,0.531
7632.22,2.805,0.453,0.531
7632.73,2.805,0.453,2.185
7633.24,2.806,0.467,2.185
7633.75,2.805,0.453,0.531
7634.26,2.792,0.466,2.185
7634.77,2.818,0.453,2.185
7635.28,2.792,0.453,2.181
7635.79,2.792,0.453,2.185
7636.3,2.805,0.453,2.185
7636.82,2.792,0.541,1.185
7637.34,2.792,0.533,2.185
7637.85,2.875,0.453,2.185
7638.36,2.792,0.453,2.181
7638.87,2.792,0.453,2.185
7639.38,2.792,0.453,2.185
7639.89,2.792,0.453,2.181
7640.4,2.792,0.453,0.531
7640.91,2.805,0.453,2.185
7641.42,2.792,0.453,0.531
7641.93,2.792,0.453,2.185
7642.43,2.845,1.376,2.185
7643.02,2.792,0.453,0.531
7643.53,2.82,0.467,2.185
7644.04,2.859,0.467,2.185
7644.57,2.792,0.453,0.531
7645.08,2.821,0.467,2.185
7645.59,2.862,0.467,2.185
7646.11,2.834,0.453,0.531
7646.62,2.821,0.467,2.185
7647.13,2.792,0.453,0.531
7647.65,2.857,0.453,2.185
7648.16,2.805,0.466,0.531
7648.68,2.877,0.453,2.185
7649.18,2.875,0.453,2.185
7649.7,2.792,0.453,2.181
7650.2,2.805,0.453,2.185
7650.71,2.792,0.453,2.185
7651.22,2.796,0.453,2.181
7651.73,2.792,0.453,2.185
7652.24,2.792,0.453,2.185
7652.75,2.792,0.453,2.181
7653.25,2.792,0.473,2.185
7653.76,2.792,0.453,0.531
7654.27,2.821,0.467,2.185
7654.78,2.903,0.453,2.185
7655.29,2.792,0.453,0.531
7655.79,2.887,0.453,2.185
7656.3,2.792,0.453,2.185
7656.81,2.792,0.453,2.181
7657.41,2.792,0.453,0.531
7657.92,2.806,0.467,2.185
7658.43,2.874,0.467,2.185
7659.03,2.792,0.453,0.531
7659.54,2.792,0.482,2.181
7660.05,2.792,0.478,2.185
7660.56,2.793,0.453,0.531
7661.07,2.805,0.453,2.185
7661.57,2.806,0.453,2.181
7662.08,2.793,0.453,2.185
7662.6,2.806,0.588,2.185
7663.11,2.793,0.6,1.185
7663.63,2.821,0.467,2.185
7664.13,2.891,0.467,2.185
7664.64,2.793,0.453,0.531
7665.14,2.793,0.482,2.181
7665.65,2.793,0.453,0.531
7666.16,2.807,0.467,2.185
7666.67,2.806,0.453,0.531
7667.17,2.807,0.467,2.185
7667.68,2.806,0.453,0.531
7668.19,2.877,0.453,2.185
7668.7,2.806,0.453,2.185
7669.21,2.862,0.467,2.185
7669.73,2.793,0.453,0.531
7670.24,2.821,0.467,2.187
7670.75,2.89,0.463,2.185
7671.27,2.793,0.453,2.181
7671.77,2.793,0.453,2.185
7672.28,2.793,0.552,2.185
7672.79,2.793,0.453,0.531
7673.3,2.883,0.453,2.185
7673.81,2.793,0.453,0.531
7674.32,2.829,0.467,2.185
7674.82,2.903,0.453,2.185
7675.33,2.793,0.453,0.531
7675.84,2.821,0.467,2.185
7676.35,2.898,0.467,2.185
7676.87,2.793,0.453,0.531
7677.47,2.806,0.453,2.185
7677.98,2.879,0.467,2.185
7678.49,2.793,0.453,0.531
7679.0,2.793,0.537,1.185
7679.54,2.793,0.453,0.531
7680.05,2.806,0.453,0.531
7680.65,2.806,0.502,2.185
7681.16,2.806,0.453,2.181
7681.74,2.806,0.453,0.531
7682.25,2.878,0.453,2.185
7682.76,2.793,0.453,0.531
7683.27,2.806,0.453,2.185
7683.78,2.807,0.467,2.185
7684.29,2.806,0.453,0.531
7684.8,2.793,0.453,2.187
7685.3,2.89,0.467,2.185
7685.83,2.793,0.453,0.531
7686.34,2.879,0.453,2.185
7686.84,2.793,0.487,2.185
7687.35,2.793,0.482,2.181
7687.86,2.878,0.453,2.185
7688.37,2.806,0.541,2.185
7688.88,2.793,0.453,2.181
7689.39,2.821,0.453,0.531
7689.9,2.806,0.453,2.185
7690.4,2.872,0.467,2.185
7690.97,2.793,0.453,0.531
7691.48,2.821,0.467,2.185
7691.99,2.906,0.453,2.185
7692.49,2.793,0.453,0.531
7693.01,2.878,0.463,2.185
7693.52,2.793,0.463,2.185
7694.03,2.793,0.6,1.185
7694.55,2.834,0.496,2.187
7695.05,2.793,0.453,2.187
7695.56,2.793,0.453,0.531
7696.07,2.793,0.453,2.185
7696.58,2.9,0.467,2.185
7697.1,2.793,0.453,0.531
7697.61,2.821,0.453,2.185
7698.12,2.793,0.462,2.185
7698.63,2.793,0.482,2.181
7699.14,2.793,0.462,2.185
7699.66,2.793,0.453,2.185
7700.17,2.806,0.453,2.181
7700.68,2.793,0.505,2.185
7701.2,2.872,0.556,2.185
7701.72,2.793,0.453,0.531
7702.23,2.806,0.482,2.185
7702.74,2.793,0.453,2.181
7703.25,2.821,0.467,2.185
7703.76,2.916,0.465,2.185
7704.3,2.793,0.453,0.531
7704.82,2.793,0.465,2.185
7705.33,2.806,0.491,2.185
7705.86,2.793,0.482,2.181
7706.36,2.793,0.472,2.187
7706.87,2.793,0.453,2.185
7707.38,2.793,0.453,0.531
7707.89,2.881,0.453,2.185
7708.4,2.793,0.482,2.181
7708.91,2.793,0.453,2.185
7709.43,2.793,0.453,2.185
7709.94,2.793,0.453,2.181
7710.45,2.793,0.456,2.185
7710.97,2.875,0.453,2.185
7711.5,2.793,0.453,0.531
7712.01,2.793,0.517,2.185
7712.53,2.793,0.48,2.185
7713.04,2.834,0.482,2.181
7713.54,2.878,0.453,2.185
7714.05,2.793,0.453,2.181
7714.64,2.806,0.453,0.531
7715.15,2.821,0.467,2.185
7715.65,2.911,0.467,2.185
7716.25,2.793,0.453,0.531
7716.76,2.874,0.453,2.185
7717.3,2.793,0.453,0.531
7717.81,2.793,0.453,2.185
7718.32,2.85,0.467,2.185
7718.84,2.793,0.453,0.531
7719.44,2.813,0.866,2.185
7719.95,2.875,0.467,2.185
7720.55,2.793,0.453,0.531
7721.05,2.822,0.467,2.185
7721.56,2.889,0.453,2.185
7722.09,2.793,0.453,0.531
7722.6,2.806,0.453,2.185
7723.11,2.793,0.453,2.181
7723.62,2.85,0.453,2.185
7724.13,2.865,0.453,2.185
7724.66,2.794,0.453,0.531
7725.17,2.794,0.453,2.185
7725.68,2.794,0.453,2.181
7726.19,2.794,0.453,2.187
7726.7,2.847,0.467,2.185
7727.23,2.794,0.453,0.531
7727.74,2.822,0.467,2.185
7728.25,2.794,0.453,0.531
7728.76,2.794,0.453,0.531
7729.27,2.807,0.453,2.185
7729.78,2.808,0.467,2.185
7730.29,2.807,0.453,0.531
7730.8,2.807,0.453,0.531
7731.31,2.807,0.594,1.185
7731.82,2.807,0.482,2.181
7732.32,2.836,0.453,2.185
7732.83,2.807,1.002,2.181
7733.34,2.9,0.453,2.185
7733.85,2.794,0.46,2.185
7734.38,2.835,0.453,0.531
7734.89,2.835,0.453,0.531
7735.42,2.835,0.453,0.531
7735.93,2.835,0.453,0.531
7736.45,2.835,0.453,0.531
7736.96,2.835,0.453,0.531
7737.54,2.835,0.453,0.531
7738.06,2.835,0.482,2.181
7738.63,2.835,0.453,0.531
7739.15,2.835,0.535,1.185
7739.72,2.835,0.453,0.531
7740.23,2.835,0.453,0.531
7740.74,2.835,0.541,1.185
7741.26,2.835,0.453,0.531
7741.89,2.835,0.453,0.531
7742.4,2.874,0.453,2.185
7742.9,2.807,0.482,2.181
7743.41,2.807,0.453,2.185
7743.92,2.807,0.453,0.531
7744.43,2.808,0.467,2.185
7744.94,2.868,0.453,2.185
7745.44,2.835,0.453,0.531
7745.96,2.836,0.467,2.185
7746.46,2.873,0.453,2.185
7747.05,2.807,0.453,0.531
7747.56,2.794,0.453,2.185
7748.07,2.794,0.453,0.531
7748.58,2.879,0.453,2.185
7749.09,2.794,0.487,2.187
7749.6,2.794,0.453,2.181
7750.11,2.794,0.453,2.185
7750.62,2.807,0.453,2.185
7751.13,2.821,0.453,2.181
7751.64,2.794,0.453,2.185
7752.15,2.807,0.493,2.185
7752.66,2.794,0.453,2.181
7753.17,2.887,0.453,2.185
7753.67,2.847,0.453,2.185
7754.19,2.807,0.453,0.531
7754.7,2.822,0.467,2.185
7755.2,2.794,0.467,2.185
7755.76,2.794,0.453,0.531
7756.27,2.808,0.467,2.185
7756.78,2.869,0.453,2.185
7757.29,2.794,0.453,0.531
7757.8,2.84,0.453,2.185
7758.31,2.886,0.453,2.185
7758.83,2.794,0.453,0.531
7759.34,2.887,0.453,2.185
7759.84,2.794,0.453,0.531
7760.35,2.879,0.453,2.185
7760.86,2.794,0.521,2.185
7761.37,2.794,0.617,0.682
7761.89,2.822,0.467,2.185
7762.4,2.902,0.47,2.185
7762.97,2.794,0.453,0.531
7763.48,2.794,0.453,2.185
7763.99,2.794,0.453,2.181
7764.5,2.794,0.506,2.185
7765.0,2.794,0.545,2.185
7765.52,2.794,0.453,0.531
7766.03,2.794,0.466,2.185
7766.55,2.794,0.453,0.531
7767.06,2.878,0.453,2.185
7767.57,2.794,0.453,0.531
7768.08,2.822,0.467,2.185
7768.59,2.9,0.467,2.185
7769.21,2.794,0.453,0.531
7769.71,2.822,0.467,2.185
7770.22,2.864,0.467,2.185
7770.82,2.794,0.453,0.531
7771.34,2.822,0.467,2.185
7771.84,2.864,0.467,2.185
7772.41,2.794,0.453,0.531
7772.92,2.822,0.467,2.185
7773.45,2.794,0.453,0.531
7773.96,2.794,0.453,2.181
7774.53,2.794,0.453,0.531
7775.04,2.794,0.519,2.185
7775.55,2.794,0.453,2.181
7776.1,2.807,0.453,0.531
7776.61,2.865,0.453,2.185
7777.12,2.877,0.453,2.185
7777.63,2.807,0.453,2.181
7778.21,2.794,0.453,0.531
7778.72,2.822,0.467,2.185
7779.23,2.822,0.467,2.185
7779.74,2.835,0.453,0.531
7780.24,2.835,0.467,2.185
7780.75,2.794,0.453,0.531
7781.26,2.822,0.453,2.187
7781.77,2.892,0.463,2.185
7782.29,2.794,0.453,2.181
7782.8,2.794,0.537,2.185
7783.31,2.794,0.453,2.185
7783.82,2.794,0.453,2.181
7784.42,2.794,0.453,0.531
7784.94,2.822,0.453,2.185
7785.45,2.825,0.466,2.185
7785.96,2.794,0.453,0.531
7786.47,2.794,0.453,2.185
7786.98,2.805,0.453,2.181
7787.49,2.794,0.453,2.185
7788.0,2.794,0.453,2.185
7788.51,2.794,0.453,2.181
7789.03,2.807,0.475,2.185
7789.54,2.898,0.467,2.185
7790.13,2.794,0.453,0.531
7790.64,2.822,0.467,2.185
7791.15,2.804,0.453,2.181
7791.75,2.794,0.453,0.531
7792.26,2.884,0.453,2.185
7792.77,2.794,0.453,0.531
7793.28,2.794,0.531,2.185
7793.79,2.794,0.453,2.187
7794.3,2.794,0.482,2.181
7794.81,2.794,0.453,2.185
7795.32,2.794,0.453,2.187
7795.83,2.87,0.467,2.185
7796.38,2.794,0.453,0.531
7796.88,2.794,0.478,2.185
7797.39,2.794,0.453,2.185
7797.9,2.832,0.467,2.181
7798.49,2.836,0.453,0.531
7799.0,2.837,0.467,2.187
7799.5,2.836,0.453,0.531
7800.02,2.807,0.453,2.185
7800.53,2.807,0.453,2.181
7801.03,2.794,0.453,2.185
7801.54,2.794,0.453,2.187
7802.05,2.819,0.525,2.185
7802.63,2.807,0.453,0.531
7803.14,2.879,0.453,2.185
7803.64,2.794,0.462,2.185
7804.15,2.836,0.453,0.531
7804.66,2.904,0.453,2.185
7805.17,2.794,0.453,2.185
7805.68,2.806,0.453,2.181
7806.19,2.794,0.453,0.531
7806.7,2.794,0.453,2.185
7807.21,2.823,0.467,2.185
7807.75,2.794,0.453,0.531
7808.26,2.823,0.453,2.185
7808.77,2.794,0.453,0.531
7809.28,2.823,0.467,2.185
7809.79,2.835,0.453,2.185
7810.3,2.794,0.453,0.531
7810.81,2.794,0.508,2.185
7811.32,2.82,0.453,2.185
7811.83,2.836,0.467,2.185
7812.35,2.836,0.453,0.531
7812.86,2.794,0.464,2.185
7813.37,2.82,0.453,2.185
7813.88,2.794,0.453,2.181
7814.39,2.794,0.518,2.185
7814.9,2.874,0.463,2.185
7815.44,2.795,0.453,0.531
7815.94,2.795,0.453,2.185
7816.45,2.795,0.453,2.181
7816.96,2.795,0.465,2.185
7817.47,2.862,0.467,2.185
7818.07,2.795,0.453,0.531
7818.58,2.795,0.453,2.185
7819.09,2.84,0.467,2.185
7819.6,2.795,0.453,2.185
7820.11,2.795,0.453,2.181
7820.63,2.795,0.465,2.185
7821.14,2.861,0.516,2.185
7821.66,2.795,0.453,2.181
7822.17,2.795,0.453,2.185
7822.68,2.808,0.453,2.185
7823.19,2.835,0.467,2.185
7823.69,2.836,0.453,2.185
7824.2,2.795,0.533,2.185
7824.71,2.836,0.453,0.531
7825.22,2.809,0.467,2.185
7825.73,2.808,0.453,0.531
7826.23,2.795,0.453,2.185
7826.74,2.9,0.467,2.185
7827.31,2.795,0.453,0.531
7827.81,2.823,0.467,2.185
7828.32,2.911,0.466,2.185
7828.85,2.795,0.453,0.531
7829.36,2.823,0.467,2.185
7829.87,2.926,0.467,2.185
7830.45,2.795,0.453,0.531
7830.96,2.823,0.582,2.185
7831.47,2.795,0.453,0.531
7831.97,2.823,0.467,2.185
7832.48,2.888,0.467,2.185
7833.07,2.808,0.453,0.531
7833.57,2.795,0.453,2.185
7834.08,2.795,0.453,0.531
7834.6,2.823,0.467,2.185
7835.1,2.795,0.453,2.181
7835.61,2.795,0.532,2.185
7836.12,2.808,0.517,2.185
7836.63,2.795,0.453,0.531
7837.14,2.873,0.453,2.185
7837.64,2.795,0.453,0.531
7838.15,2.823,0.467,2.185
7838.66,2.795,0.453,2.181
7839.17,2.795,0.453,2.185
7839.68,2.821,0.56,2.185
7840.2,2.795,0.453,0.531
7840.71,2.834,0.453,2.185
7841.22,2.795,0.482,2.181
7841.73,2.823,0.453,2.185
7842.24,2.901,0.453,2.185
7842.76,2.795,0.453,0.531
7843.27,2.823,0.467,2.185
7843.78,2.795,0.453,0.531
7844.3,2.795,0.453,0.531
7844.81,2.809,0.467,2.185
7845.32,2.808,0.453,0.531
7845.9,2.808,0.453,0.531
7846.43,2.808,0.453,0.531
7846.94,2.808,0.603,2.185
7847.45,2.808,0.453,0.531
7847.96,2.823,0.467,2.185
7848.47,2.795,0.453,0.531
7848.98,2.808,0.453,2.185
7849.52,2.808,0.453,0.531
7850.03,2.808,0.453,0.531
7850.55,2.808,0.482,2.181
7851.13,2.808,0.453,0.531
7851.64,2.808,0.453,0.531
7852.15,2.808,0.545,1.185
7852.73,2.808,0.453,0.531
7853.24,2.808,0.482,2.181
7853.74,2.808,0.482,2.181
7854.28,2.808,0.453,0.531
7854.79,2.808,0.453,0.531
7855.3,2.808,0.453,2.187
7855.81,2.808,0.453,2.181
7856.38,2.808,0.453,0.531
7856.9,2.808,0.453,0.531
7857.42,2.808,0.453,0.531
7857.92,2.808,0.453,0.531
7858.43,2.808,0.453,2.185
7858.95,2.808,0.467,2.185
7859.46,2.808,0.453,0.531
7859.97,2.82,0.525,2.185
7860.48,2.824,0.467,2.185
7861.01,2.824,0.453,0.531
7861.52,2.828,0.467,2.185
7862.03,2.893,0.453,2.185
7862.58,2.795,0.453,0.531
7863.09,2.795,0.453,2.185
7863.6,2.795,0.482,2.181
7864.1,2.795,0.453,2.185
7864.61,2.795,0.453,2.185
7865.12,2.795,0.453,0.531
7865.63,2.795,0.453,2.185
7866.14,2.874,0.467,2.185
7866.69,2.795,0.453,0.531
7867.2,2.795,0.453,2.185
7867.71,2.863,0.467,2.185
7868.21,2.795,0.453,2.185
7868.72,2.795,0.472,2.185
7869.23,2.795,0.453,2.181
7869.74,2.795,0.453,2.185
7870.25,2.795,0.453,2.185
7870.77,2.795,0.453,0.531
7871.27,2.824,0.467,2.185
7871.78,2.918,0.453,2.185
7872.29,2.795,0.453,2.181
7872.8,2.795,0.521,2.185
7873.31,2.821,0.475,2.185
7873.82,2.795,0.453,2.181
7874.33,2.795,0.453,2.185
7874.84,2.795,0.453,2.185
7875.35,2.865,0.467,2.185
7875.9,2.795,0.453,0.531
7876.41,2.824,0.467,2.185
7876.92,2.795,0.453,0.531
7877.44,2.795,0.491,2.185
7877.94,2.795,0.482,2.181
7878.45,2.891,0.453,2.185
7878.97,2.875,0.568,2.185
7879.48,2.796,0.453,0.531
7879.98,2.824,0.467,2.185
7880.49,2.904,0.453,2.185
7881.01,2.796,0.453,0.531
7881.52,2.824,0.467,2.185
7882.03,2.887,0.467,2.185
7882.59,2.796,0.453,0.531
7883.1,2.796,0.453,2.185
7883.61,2.837,0.453,0.531
7884.12,2.796,0.534,2.185
7884.63,2.796,0.453,0.531
7885.14,2.855,0.453,2.185
7885.65,2.809,0.453,0.531
7886.16,2.824,0.467,2.185
7886.67,2.901,0.467,2.185
7887.21,2.796,0.453,0.531
7887.72,2.824,0.467,2.185
7888.23,2.849,0.453,2.185
7888.75,2.796,0.482,2.181
7889.27,2.837,0.453,2.185
7889.78,2.837,0.453,0.531
7890.29,2.837,0.453,0.531
7890.8,2.837,0.453,2.181
7891.31,2.809,0.453,0.531
7891.83,2.809,0.453,2.181
7892.42,2.796,0.453,0.531
7892.93,2.796,0.453,2.181
7893.52,2.796,0.453,0.531
7894.03,2.81,0.467,2.187
7894.53,2.89,0.464,2.185
7895.05,2.796,0.453,0.531
7895.56,2.881,0.453,2.185
7896.07,2.878,0.458,2.185
7896.58,2.796,0.482,2.181
7897.09,2.886,0.453,2.185
7897.6,2.796,0.477,2.185
7898.11,2.796,0.466,0.531
7898.63,2.824,0.453,2.185
7899.14,2.796,0.469,2.185
7899.68,2.796,0.453,0.531
7900.19,2.81,0.467,2.185
7900.69,2.875,0.453,2.185
7901.2,2.796,0.453,0.531
7901.72,2.891,0.453,2.185
7902.23,2.809,0.543,2.185
7902.74,2.796,0.552,1.185
7903.25,2.877,0.453,2.185
7903.76,2.796,0.469,2.185
7904.29,2.796,0.453,0.531
7904.79,2.824,0.467,2.187
7905.31,2.824,0.467,2.185
7905.83,2.796,0.453,2.185
7906.34,2.878,0.453,2.185
7906.87,2.809,0.453,0.531
7907.38,2.809,0.493,2.185
7907.9,2.796,0.453,2.181
7908.49,2.796,0.453,0.531
7909.0,2.894,0.453,2.185
7909.51,2.809,0.453,2.185
7910.02,2.837,0.453,2.181
7910.53,2.796,0.453,0.531
7911.14,2.824,0.467,2.185
7911.64,2.876,0.453,2.185
7912.16,2.809,0.453,0.531
7912.67,2.796,0.467,2.185
7913.18,2.796,0.513,2.185
7913.69,2.796,0.453,2.181
7914.19,2.796,0.453,2.185
7914.7,2.796,0.453,2.187
7915.21,2.809,0.453,2.181
7915.72,2.796,0.453,0.531
7916.23,2.796,0.453,2.185
7916.74,2.796,0.453,0.531
7917.25,2.809,0.453,2.185
7917.76,2.809,0.453,2.181
7918.35,2.809,0.453,0.531
7918.86,2.865,0.453,2.185
7919.37,2.919,0.464,2.185
7919.88,2.796,0.544,1.185
7920.4,2.796,0.518,2.185
7920.9,2.822,0.453,2.185
7921.47,2.796,0.453,0.531
7921.98,2.796,0.482,2.181
7922.49,2.809,0.453,2.187
7923.0,2.796,0.453,2.185
7923.51,2.824,0.467,2.185
7924.07,2.796,0.453,0.531
7924.58,2.824,0.467,2.185
7925.09,2.866,0.467,2.185
7925.6,2.796,0.453,0.531
7926.12,2.796,0.453,2.187
7926.63,2.82,0.467,2.185
7927.15,2.809,0.467,2.185
7927.66,2.796,0.453,0.531
7928.18,2.796,0.49,2.185
7928.69,2.809,0.453,2.185
7929.2,2.852,0.453,2.181
7929.75,2.796,0.453,0.531
7930.26,2.864,0.453,2.187
7930.77,2.796,0.467,2.185
7931.28,2.837,0.453,0.531
7931.8,2.837,0.453,0.531
7932.31,2.809,0.453,2.185
7932.81,2.86,0.467,2.185
7933.37,2.809,0.453,0.531
7933.87,2.881,0.453,2.185
7934.38,2.796,0.535,2.185
7934.89,2.796,0.453,0.531
7935.4,2.796,0.508,2.185
7935.91,2.796,0.453,2.181
7936.42,2.796,0.518,2.185
7936.93,2.876,0.533,2.185
7937.46,2.796,0.453,0.531
7937.97,2.824,0.467,2.185
7938.48,2.796,0.503,2.185
7938.99,2.796,0.453,2.181
7939.5,2.894,0.464,2.185
7940.01,2.796,0.543,2.185
7940.53,2.796,0.453,0.531
7941.04,2.824,0.467,2.185
7941.55,2.796,0.725,1.372
7942.08,2.825,0.453,2.185
7942.59,2.876,0.463,2.185
7943.12,2.796,0.453,0.531
7943.62,2.796,0.515,2.185
7944.13,2.838,0.453,2.181
7944.64,2.838,0.521,2.185
7945.16,2.796,0.453,2.185
7945.66,2.834,0.453,2.181
7946.17,2.796,0.453,2.185
7946.68,2.796,0.562,2.185
7947.23,2.797,0.453,0.531
7947.74,2.797,0.453,2.185
7948.28,2.797,0.453,0.531
7948.79,2.797,0.453,2.185
7949.32,2.81,0.453,0.531
7949.83,2.81,0.453,2.185
7950.34,2.797,0.453,0.531
7950.85,2.825,0.467,2.185
7951.36,2.797,0.482,2.181
7951.87,2.871,0.453,2.185
7952.38,2.823,0.46,2.185
7952.93,2.797,0.453,0.531
7953.44,2.81,0.453,2.185
7953.95,2.797,0.453,0.531
7954.47,2.811,0.467,2.185
7954.98,2.797,0.454,2.185
7955.52,2.797,0.453,0.531
7956.03,2.797,0.453,2.185
7956.53,2.878,0.467,2.185
7957.05,2.797,0.453,0.531
7957.56,2.797,0.453,0.531
7958.07,2.811,0.467,2.185
7958.58,2.81,0.453,0.531
7959.1,2.81,0.453,0.531
7959.66,2.81,0.453,0.531
7960.17,2.811,0.467,2.185
7960.68,2.81,0.58,1.185
7961.19,2.81,0.453,2.181
7961.7,2.81,0.453,2.185
7962.21,2.797,0.453,2.185
7962.76,2.81,0.453,0.531
7963.27,2.81,0.453,2.185
7963.78,2.81,0.453,0.531
7964.31,2.81,0.453,0.531
7964.83,2.81,0.453,0.531
7965.34,2.81,0.539,1.185
7965.93,2.81,0.453,0.531
7966.44,2.81,0.482,2.181
7967.01,2.81,0.453,0.531
7967.53,2.81,0.482,2.181
7968.03,2.81,0.453,2.181
7968.62,2.81,0.453,0.531
7969.13,2.81,0.512,2.185
7969.63,2.81,0.453,0.531
7970.14,2.81,0.453,2.185
7970.65,2.878,0.467,2.185
7971.17,2.797,0.453,0.531
7971.76,2.797,0.453,0.531
7972.29,2.797,0.453,0.531
7972.82,2.797,0.453,0.531
7973.34,2.797,0.453,0.531
7973.85,2.81,0.558,2.185
7974.36,2.81,0.453,0.531
7974.87,2.811,0.467,2.187
7975.38,2.81,0.453,2.181
7975.88,2.797,0.453,0.531
7976.49,2.827,0.453,2.185
7977.0,2.797,0.467,2.185
7977.51,2.797,0.535,1.185
7978.03,2.797,0.472,2.185
7978.54,2.797,0.453,2.185
7979.06,2.797,0.453,2.181
7979.57,2.797,0.529,2.185
7980.08,2.797,0.547,2.185
7980.59,2.797,0.453,0.531
7981.1,2.797,0.453,2.181
7981.61,2.797,0.453,2.185
7982.12,2.797,0.453,2.185
7982.63,2.879,1.149,2.185
7983.18,2.797,0.453,0.531
7983.69,2.838,0.453,2.185
7984.2,2.797,0.467,2.185
7984.72,2.797,0.539,1.185
7985.23,2.857,0.453,2.185
7985.73,2.901,0.453,2.185
7986.24,2.797,0.453,0.531
7986.75,2.811,0.467,2.185
7987.26,2.81,0.453,0.531
7987.77,2.797,0.458,2.185
7988.29,2.81,0.548,2.185
7988.8,2.81,0.453,2.181
7989.31,2.797,0.453,2.185
7989.82,2.838,0.453,2.185
7990.33,2.85,0.467,2.185
7990.87,2.797,0.453,0.531
7991.48,2.81,0.453,2.185
7991.99,2.797,0.453,0.531
7992.5,2.797,0.453,2.185
7993.01,2.797,0.453,0.531
7993.52,2.797,0.453,2.185
7994.03,2.797,0.453,2.181
7994.54,2.797,0.453,0.531
7995.14,2.825,0.453,2.185
7995.66,2.797,0.456,2.185
7996.18,2.81,0.453,2.181
7996.69,2.797,0.453,2.185
7997.2,2.864,0.453,2.185
7997.71,2.797,0.453,2.181
7998.22,2.797,0.453,0.531
7998.73,2.797,0.482,2.181
7999.24,2.797,0.512,2.185
7999.76,2.797,0.453,0.531
8000.27,2.895,0.464,2.185
8000.78,2.889,0.453,2.185
8001.29,2.797,0.453,0.531
8001.8,2.892,0.453,2.185
8002.31,2.797,0.517,2.185
8002.82,2.797,0.453,2.181
8003.33,2.797,0.509,2.185
8003.84,2.797,0.453,2.185
8004.37,2.797,0.453,0.531
8004.88,2.811,0.467,2.185
8005.39,2.81,0.459,2.185
8005.9,2.81,0.453,0.531
8006.41,2.81,0.453,2.181
8007.01,2.797,0.453,0.531
8007.52,2.825,0.467,2.185
8008.02,2.867,0.453,2.185
8008.53,2.797,0.453,0.531
8009.05,2.834,0.467,2.185
8009.55,2.797,0.464,2.185
8010.06,2.797,0.482,2.181
8010.57,2.797,0.465,2.185
8011.08,2.797,0.453,2.185
8011.59,2.797,0.453,2.181
8012.1,2.81,0.453,2.185
8012.6,2.81,0.453,0.531
8013.11,2.887,0.453,2.185
8013.62,2.797,0.475,2.185
8014.13,2.797,0.58,1.185
8014.64,2.797,0.536,2.185
8015.15,2.797,0.58,2.185
8015.67,2.797,0.453,0.531
8016.17,2.826,0.467,2.185
8016.68,2.797,0.453,2.181
8017.19,2.797,0.549,2.185
8017.7,2.852,0.453,2.185
8018.23,2.797,0.453,0.531
8018.74,2.797,0.453,2.185
8019.24,2.797,0.453,2.181
8019.75,2.81,0.453,2.185
8020.26,2.81,0.453,2.185
8020.77,2.839,0.467,2.185
8021.35,2.839,0.453,0.531
8021.86,2.826,0.453,2.185
8022.37,2.797,0.453,0.531
8022.88,2.811,0.467,2.185
8023.39,2.878,0.453,2.185
8023.9,2.81,0.453,0.531
8024.4,2.797,0.453,2.185
8024.91,2.903,0.467,2.185
8025.43,2.797,0.453,0.531
8025.94,2.826,0.467,2.185
8026.44,2.907,0.453,2.185
8026.95,2.797,0.453,0.531
8027.46,2.895,0.464,2.185
8027.97,2.81,0.453,2.185
8028.48,2.8,0.453,2.181
8029.06,2.797,0.453,0.531
8029.57,2.81,0.453,2.185
8030.07,2.81,0.453,2.181
8030.67,2.797,0.453,0.531
8031.18,2.84,0.467,2.185
8031.68,2.839,0.453,0.531
8032.19,2.812,0.467,2.187
8032.7,2.849,0.453,2.185
8033.21,2.81,1.304,1.609
8033.72,2.797,0.453,2.185
8034.23,2.839,0.453,2.185
8034.74,2.826,0.467,2.185
8035.31,2.797,0.453,0.531
8035.82,2.826,0.467,2.185
8036.33,2.895,0.453,2.185
8036.83,2.798,0.6,1.185
8037.35,2.797,0.453,2.185
8037.86,2.798,0.453,2.185
8038.36,2.878,0.467,2.185
8038.87,2.798,0.453,0.531
8039.38,2.901,0.453,2.185
8039.89,2.798,0.453,2.187
8040.39,2.839,0.453,0.531
8040.9,2.839,0.453,0.531
8041.41,2.873,0.453,2.185
8041.92,2.88,0.518,2.185
8042.43,2.811,0.466,0.531
8042.94,2.798,0.501,2.185
8043.45,2.798,0.453,2.185
8043.96,2.82,0.453,2.181
8044.54,2.798,0.453,0.531
8045.05,2.826,0.467,2.185
8045.56,2.893,0.453,2.185
8046.08,2.798,0.453,0.531
8046.58,2.826,0.467,2.185
8047.09,2.798,0.453,0.531
8047.61,2.798,0.509,2.185
8048.12,2.798,0.453,2.187
8048.63,2.798,0.453,2.181
8049.14,2.798,0.453,2.185
8049.64,2.877,0.453,2.185
8050.15,2.798,0.453,2.181
8050.66,2.798,0.453,2.185
8051.17,2.811,0.453,2.185
8051.68,2.811,0.453,0.531
8052.19,2.798,0.453,2.185
8052.69,2.887,0.467,2.185
8053.2,2.798,0.453,2.185
8053.71,2.798,0.499,2.185
8054.23,2.798,0.453,0.531
8054.74,2.869,0.453,2.185
8055.25,2.811,0.467,2.185
8055.77,2.839,0.453,0.531
8056.28,2.812,0.467,2.185
8056.79,2.88,0.468,2.185
8057.33,2.798,0.453,0.531
8057.84,2.878,0.453,2.185
8058.36,2.798,0.453,0.531
8058.87,2.826,0.467,2.185
8059.37,2.798,0.453,2.181
8059.88,2.89,0.453,2.185
8060.39,2.798,0.453,2.181
8060.9,2.798,0.519,2.185
8061.42,2.889,0.467,2.185
8061.93,2.798,0.509,2.185
8062.44,2.89,0.469,2.185
8063.01,2.798,0.453,0.531
8063.51,2.852,0.453,2.185
8064.03,2.798,0.453,0.531
8064.54,2.811,0.453,2.185
8065.04,2.798,0.453,2.181
8065.55,2.798,0.526,2.185
8066.06,2.879,0.467,2.185
8066.58,2.798,0.453,0.531
8067.09,2.862,0.453,2.185
8067.59,2.811,0.463,2.185
8068.15,2.811,0.453,0.531
8068.66,2.812,0.467,2.185
8069.18,2.811,0.453,0.531
8069.69,2.811,0.453,2.185
8070.24,2.811,0.453,0.531
8070.75,2.811,0.453,0.531
8071.39,2.811,0.453,0.531
8071.94,2.811,0.453,0.531
8072.52,2.811,0.453,0.531
8073.08,2.811,0.453,0.531
8073.6,2.811,0.453,0.531
8074.12,2.811,0.453,0.531
8074.63,2.811,0.453,0.531
8075.15,2.811,0.453,0.531
8075.74,2.811,0.453,0.531
8076.27,2.811,0.453,0.531
8076.78,2.811,0.552,1.185
8077.29,2.811,0.453,0.531
8077.8,2.811,0.453,0.531
8078.31,2.811,0.453,2.185
8078.82,2.811,0.453,2.187
8079.33,2.89,0.467,2.185
8079.84,2.798,0.453,0.531
8080.35,2.798,0.453,0.531
8080.86,2.811,0.458,2.187
8081.37,2.811,0.453,0.531
8081.88,2.812,0.467,2.185
8082.39,2.916,0.453,2.185
8082.94,2.811,0.453,0.531
8083.46,2.811,0.453,0.531
8083.97,2.811,0.453,0.531
8084.48,2.811,0.453,0.531
8085.02,2.811,0.453,0.531
8085.53,2.811,0.465,2.185
8086.05,2.812,0.467,2.185
8086.63,2.798,0.453,0.531
8087.14,2.826,0.467,2.185
8087.65,2.798,0.453,0.531
8088.16,2.876,0.453,2.185
8088.67,2.881,0.502,2.185
8089.18,2.798,0.556,1.185
8089.69,2.896,0.465,2.185
8090.21,2.798,0.506,2.185
8090.74,2.798,0.453,0.531
8091.25,2.827,0.467,2.185
8091.76,2.855,0.467,2.185
8092.35,2.798,0.453,0.531
8092.86,2.798,0.453,2.185
8093.38,2.837,0.467,2.185
8093.99,2.798,0.453,0.531
8094.5,2.827,0.467,2.185
8095.01,2.891,0.453,2.185
8095.57,2.798,0.453,0.531
8096.08,2.841,0.467,2.185
8096.59,2.868,0.467,2.185
8097.13,2.84,0.453,0.531
8097.64,2.827,0.467,2.185
8098.15,2.865,0.467,2.185
8098.69,2.798,0.453,0.531
8099.2,2.827,0.467,2.185
8099.71,2.88,0.467,2.185
8100.3,2.798,0.453,0.531
8100.81,2.827,0.467,2.185
8101.32,2.894,0.453,2.185
8101.85,2.798,0.453,0.531
8102.36,2.841,0.467,2.185
8102.87,2.84,0.617,0.682
8103.41,2.84,0.457,2.185
8103.93,2.84,0.453,0.531
8104.44,2.836,0.453,2.187
8104.95,2.811,0.453,0.531
8105.47,2.812,0.467,2.185
8105.98,2.812,0.467,2.185
8106.5,2.798,0.453,0.531
8107.01,2.883,0.464,2.185
8107.53,2.811,0.453,2.185
8108.04,2.811,0.453,2.181
8108.65,2.798,0.453,0.531
8109.16,2.827,0.467,2.185
8109.67,2.798,0.453,2.181
8110.18,2.798,0.453,2.185
8110.69,2.798,0.453,2.181
8111.27,2.798,0.453,0.531
8111.78,2.862,0.453,2.185
8112.29,2.799,0.478,2.185
8112.8,2.799,0.546,1.185
8113.31,2.799,0.453,2.185
8113.83,2.799,0.453,0.531
8114.34,2.877,0.453,2.187
8114.85,2.811,0.453,0.531
8115.37,2.812,0.453,0.531
8115.89,2.812,0.468,2.185
8116.4,2.812,0.453,0.531
8116.91,2.813,0.467,2.185
8117.41,2.836,0.453,2.185
8117.92,2.799,0.453,0.531
8118.44,2.799,0.465,2.185
8118.95,2.799,0.453,2.185
8119.46,2.841,0.467,2.185
8120.04,2.84,0.453,0.531
8120.55,2.827,0.467,2.185
8121.05,2.855,0.453,2.185
8121.56,2.799,0.453,0.531
8122.07,2.841,0.467,2.185
8122.58,2.84,0.482,2.181
8123.09,2.84,0.453,2.185
8123.59,2.799,0.453,2.185
8124.1,2.856,0.695,2.185
8124.66,2.799,0.453,0.531
8125.17,2.814,0.453,2.185
8125.68,2.896,0.469,2.185
8126.23,2.799,0.453,0.531
8126.74,2.812,0.453,2.185
8127.24,2.799,0.453,2.181
8127.75,2.799,0.453,2.187
8128.26,2.799,0.453,2.185
8128.77,2.799,0.453,0.531
8129.28,2.799,0.453,2.185
8129.78,2.799,0.453,2.181
8130.29,2.812,0.53,2.185
8130.8,2.881,0.462,2.185
8131.34,2.799,0.453,2.181
8131.93,2.799,0.453,0.531
8132.44,2.884,0.453,2.185
8132.95,2.812,0.453,2.185
8133.46,2.811,0.453,2.181
8133.97,2.799,0.453,2.185
8134.48,2.813,0.467,2.185
8134.99,2.812,0.453,0.531
8135.5,2.827,0.467,2.185
8136.01,2.922,0.467,2.185
8136.53,2.799,0.453,0.531
8137.04,2.827,0.467,2.187
8137.55,2.897,0.466,2.185
8138.06,2.799,0.482,2.181
8138.57,2.84,0.466,2.185
8139.08,2.84,0.453,2.185
8139.59,2.84,0.453,2.181
8140.18,2.84,0.453,0.531
8140.72,2.84,0.453,0.531
8141.23,2.812,0.457,2.185
8141.74,2.799,0.453,2.185
8142.25,2.84,0.453,2.181
8142.82,2.84,0.453,0.531
8143.33,2.884,0.453,2.185
8143.84,2.799,0.471,2.187
8144.35,2.84,0.482,2.181
8144.86,2.799,0.478,2.185
8145.37,2.866,0.453,2.187
8145.87,2.812,0.453,0.531
8146.38,2.827,0.639,2.185
8146.89,2.799,0.453,0.531
8147.4,2.812,0.453,2.185
8147.91,2.84,0.467,2.185
8148.43,2.812,0.453,0.531
8148.94,2.799,0.507,2.185
8149.45,2.799,0.453,2.185
8149.95,2.842,0.866,2.185
8150.55,2.799,0.453,0.531
8151.06,2.818,1.206,2.185
8151.57,2.799,0.453,2.181
8152.1,2.799,0.453,0.531
8152.61,2.825,0.453,2.185
8153.12,2.799,0.453,2.181
8153.62,2.799,0.457,2.185
8154.14,2.884,0.469,2.185
8154.71,2.799,0.453,0.531
8155.22,2.799,0.453,2.185
8155.73,2.812,0.453,2.181
8156.23,2.799,0.453,2.185
8156.74,2.799,0.453,2.185
8157.25,2.799,0.453,0.531
8157.76,2.894,0.453,2.185
8158.27,2.799,0.482,2.181
8158.78,2.799,0.503,2.185
8159.29,2.799,0.453,2.185
8159.79,2.799,0.453,2.181
8160.3,2.799,0.453,2.185
8160.81,2.816,0.639,2.185
8161.32,2.865,0.467,2.185
8161.89,2.799,0.453,0.531
8162.4,2.84,0.467,2.185
8162.9,2.799,0.453,0.531
8163.42,2.799,0.453,2.185
8163.93,2.812,0.453,2.181
8164.43,2.799,0.453,2.185
8164.94,2.799,0.453,2.185
8165.45,2.799,1.035,2.181
8165.96,2.884,0.453,2.185
8166.47,2.881,0.453,2.185
8167.0,2.799,0.453,0.531
8167.51,2.799,0.453,2.185
8168.02,2.884,0.467,2.185
8168.52,2.812,0.453,0.531
8169.04,2.812,0.453,2.181
8169.57,2.799,0.453,2.185
8170.08,2.799,0.453,2.185
8170.59,2.799,0.453,0.531
8171.11,2.828,0.467,2.185
8171.62,2.827,0.922,2.185
8172.14,2.799,0.453,2.185
8172.65,2.799,0.566,2.185
8173.19,2.799,0.453,0.531
8173.7,2.841,0.453,2.185
8174.21,2.799,0.453,2.181
8174.72,2.828,0.467,2.185
8175.23,2.8,0.453,2.181
8175.74,2.8,0.453,0.531
8176.35,2.814,0.467,2.185
8176.86,2.813,0.453,0.531
8177.38,2.841,0.453,2.185
8177.99,2.841,0.453,0.531
8178.56,2.841,0.453,0.531
8179.08,2.841,0.453,0.531
8179.6,2.813,0.453,2.185
8180.11,2.813,0.453,2.181
8180.67,2.841,0.453,0.531
8181.25,2.841,0.453,0.531
8181.83,2.841,0.453,0.531
8182.35,2.813,0.453,2.185
8182.9,2.813,0.453,0.531
8183.45,2.813,0.453,0.531
8183.96,2.813,0.453,0.531
8184.48,2.813,0.568,1.185
8184.99,2.813,0.453,0.531
8185.6,2.813,0.453,0.531
8186.11,2.813,0.453,0.531
8186.62,2.813,0.453,0.531
8187.13,2.813,0.482,2.181
8187.72,2.813,0.453,0.531
8188.23,2.813,0.462,2.185
8188.75,2.813,0.453,2.185
8189.26,2.866,0.467,2.185
8189.77,2.8,0.453,0.531
8190.28,2.888,0.453,2.185
8190.79,2.826,0.594,2.185
8191.3,2.8,0.453,2.181
8191.8,2.8,0.453,2.185
8192.31,2.826,0.453,2.185
8192.82,2.856,0.467,2.185
8193.34,2.8,0.453,0.531
8193.87,2.8,0.453,0.531
8194.39,2.8,0.453,0.531
8194.93,2.8,0.453,0.531
8195.44,2.8,0.453,0.531
8196.05,2.813,0.461,2.187
8196.56,2.813,0.453,2.181
8197.07,2.813,0.453,2.185
8197.58,2.82,0.866,2.185
8198.16,2.8,0.453,0.531
8198.67,2.828,0.467,2.185
8199.18,2.866,0.467,2.185
8199.7,2.8,0.453,0.531
8200.21,2.887,0.453,2.185
8200.72,2.8,0.514,2.185
8201.23,2.8,0.482,2.181
8201.74,2.895,0.453,2.185
8202.26,2.8,0.476,2.185
8202.79,2.8,0.453,0.531
8203.3,2.828,0.467,2.185
8203.81,2.8,0.453,0.531
8204.32,2.851,0.453,2.185
8204.83,2.8,0.546,2.185
8205.34,2.813,0.482,2.181
8205.85,2.894,0.453,2.185
8206.36,2.8,0.463,2.185
8206.87,2.8,0.482,2.181
8207.39,2.8,0.453,2.185
8207.9,2.8,0.453,2.185
8208.41,2.8,0.453,2.181
8208.92,2.8,0.453,2.185
8209.43,2.8,0.453,0.531
8209.94,2.828,0.467,2.185
8210.45,2.866,0.453,2.185
8210.96,2.8,0.453,0.531
8211.46,2.885,0.465,2.185
8211.98,2.826,0.594,2.185
8212.49,2.8,0.482,2.181
8213.0,2.8,0.5,2.187
8213.51,2.8,0.453,2.185
8214.03,2.81,0.453,2.181
8214.62,2.8,0.453,0.531
8215.14,2.897,0.453,2.187
8215.65,2.8,0.453,0.531
8216.16,2.814,0.467,2.185
8216.67,2.813,0.453,0.531
8217.18,2.8,0.453,2.185
8217.69,2.828,0.467,2.185
8218.2,2.8,0.453,2.185
8218.71,2.854,0.47,2.185
8219.23,2.8,0.453,0.531
8219.75,2.828,0.453,2.185
8220.26,2.864,0.453,2.185
8220.77,2.8,0.453,0.531
8221.28,2.817,0.639,2.185
8221.8,2.812,0.453,2.181
8222.31,2.8,0.453,2.185
8222.82,2.8,0.453,2.181
8223.33,2.8,0.453,2.185
8223.84,2.879,0.541,2.185
8224.37,2.8,0.482,2.181
8224.87,2.89,0.453,2.187
8225.39,2.813,0.468,2.185
8225.9,2.8,0.453,2.181
8226.41,2.828,0.453,0.531
8227.02,2.828,0.453,2.187
8227.53,2.8,0.453,0.531
8228.06,2.8,0.453,0.531
8228.57,2.848,0.453,2.185
8229.08,2.813,0.482,2.181
8229.59,2.813,0.472,2.185
8230.1,2.882,0.453,2.185
8230.61,2.8,0.453,2.181
8231.12,2.8,0.453,0.531
8231.73,2.828,0.453,2.185
8232.24,2.8,0.463,2.185
8232.76,2.8,0.563,1.185
8233.27,2.8,0.462,2.185
8233.78,2.8,0.496,2.187
8234.29,2.8,0.453,2.181
8234.89,2.841,0.453,0.531
8235.4,2.828,0.467,2.185
8235.9,2.825,0.467,2.185
8236.41,2.813,0.453,0.531
8236.92,2.8,0.514,2.185
8237.43,2.841,0.453,2.185
8237.94,2.831,0.453,2.181
8238.53,2.8,0.453,0.531
8239.04,2.828,0.467,2.185
8239.55,2.893,0.467,2.185
8240.06,2.813,0.453,0.531
8240.67,2.8,0.453,2.185
8241.18,2.882,0.467,2.185
8241.75,2.8,0.453,0.531
8242.25,2.828,0.467,2.185
8242.76,2.8,0.464,2.185
8243.36,2.802,0.453,0.531
8243.87,2.83,0.467,2.185
8244.38,2.866,0.453,2.185
8244.89,2.815,0.453,2.181
8245.48,2.802,0.453,0.531
8245.99,2.83,0.453,2.185
8246.5,2.897,0.453,2.185
8247.0,2.802,0.482,2.181
8247.51,2.815,0.453,2.185
8248.02,2.815,0.453,0.531
8248.53,2.816,0.467,2.185
8249.04,2.802,0.457,2.185
8249.55,2.815,0.453,2.181
8250.06,2.802,0.521,2.185
8250.57,2.802,0.453,2.185
8251.08,2.802,0.453,2.181
8251.59,2.802,0.482,2.185
8252.11,2.802,0.453,2.185
8252.61,2.802,0.453,2.181
8253.17,2.802,0.453,0.531
8253.68,2.832,0.453,2.187
8254.19,2.925,0.453,2.185
8254.7,2.802,1.237,2.181
8255.21,2.802,0.542,2.185
8255.72,2.802,0.453,2.185
8256.24,2.815,0.453,2.181
8256.75,2.802,0.453,2.185
8257.27,2.802,0.453,2.181
8257.78,2.802,0.453,0.531
8258.29,2.83,0.524,2.185
8258.8,2.884,0.467,2.185
8259.3,2.802,0.453,0.531
8259.82,2.802,0.462,2.185
8260.33,2.828,0.453,2.185
8260.84,2.812,0.453,2.181
8261.39,2.802,0.453,0.531
8261.9,2.886,0.453,2.185
8262.41,2.802,0.462,2.185
8262.92,2.843,0.453,0.531
8263.43,2.802,0.453,2.185
8263.94,2.802,0.453,2.181
8264.45,2.815,0.465,2.185
8264.96,2.89,0.453,2.185
8265.49,2.802,0.453,0.531
8266.0,2.83,0.467,2.185
8266.51,2.881,0.467,2.185
8267.02,2.815,0.453,2.185
8267.53,2.885,0.506,2.185
8268.06,2.802,0.453,0.531
8268.57,2.83,0.467,2.185
8269.08,2.87,0.453,2.185
8269.61,2.802,0.453,0.531
8270.12,2.83,0.467,2.185
8270.63,2.926,0.465,2.185
8271.16,2.802,0.453,0.531
8271.67,2.83,0.467,2.185
8272.19,2.908,0.467,2.185
8272.75,2.802,0.453,0.531
8273.26,2.83,0.467,2.185
8273.77,2.913,0.465,2.185
8274.29,2.802,0.453,0.531
8274.8,2.802,0.453,2.185
8275.31,2.886,0.467,2.181
8275.9,2.802,0.453,0.531
8276.41,2.83,0.467,2.185
8276.92,2.923,0.467,2.185
8277.43,2.802,0.453,0.531
8278.04,2.802,0.453,2.185
8278.55,2.802,0.453,2.181
8279.06,2.868,0.453,2.185
8279.56,2.828,0.468,2.185
8280.12,2.802,0.453,0.531
8280.63,2.825,0.866,2.185
8281.15,2.802,0.453,2.185
8281.66,2.828,0.453,2.185
8282.18,2.802,0.453,0.531
8282.69,2.83,0.467,2.185
8283.19,2.815,0.453,2.181
8283.7,2.802,0.453,2.187
8284.21,2.815,0.453,2.185
8284.72,2.802,0.453,2.181
8285.22,2.891,0.453,2.185
8285.73,2.895,0.467,2.185
8286.23,2.802,0.453,2.185
8286.74,2.802,0.453,2.181
8287.26,2.802,0.453,2.185
8287.77,2.815,0.453,2.185
8288.32,2.815,0.453,0.531
8288.91,2.815,0.453,0.531
8289.43,2.815,0.453,0.531
8289.98,2.815,0.453,0.531
8290.52,2.815,0.453,0.531
8291.03,2.815,0.559,2.185
8291.54,2.815,0.482,2.181
8292.04,2.815,0.51,2.185
8292.55,2.83,0.467,2.185
8293.13,2.802,0.453,0.531
8293.64,2.802,0.453,0.531
8294.15,2.802,0.482,2.181
8294.65,2.802,0.453,0.531
8295.16,2.802,0.453,0.531
8295.68,2.802,0.466,0.531
8296.19,2.802,0.482,2.181
8296.79,2.802,0.453,0.531
8297.3,2.802,0.453,0.531
8297.81,2.802,0.868,1.372
8298.32,2.802,0.482,2.181
8298.82,2.802,0.453,0.531
8299.43,2.886,0.453,2.185
8299.95,2.815,0.48,2.185
8300.46,2.815,0.453,2.181
8301.05,2.802,0.453,0.531
8301.55,2.816,0.467,2.185
8302.06,2.815,0.453,0.531
8302.57,2.886,0.462,2.187
8303.09,2.885,0.453,2.185
8303.59,2.802,0.453,0.531
8304.1,2.83,0.467,2.185
8304.61,2.802,0.453,0.531
8305.14,2.802,0.453,0.531
8305.65,2.815,0.453,2.185
8306.16,2.815,0.453,0.531
8306.67,2.815,0.453,0.531
8307.2,2.815,0.453,0.531
8307.74,2.815,0.453,0.531
8308.25,2.815,0.453,2.185
8308.75,2.815,0.453,2.181
8309.29,2.815,0.453,0.531
8309.8,2.887,0.462,2.185
8310.31,2.802,0.453,2.181
8310.82,2.802,0.453,2.185
8311.34,2.802,0.453,2.185
8311.85,2.823,0.453,2.181
8312.44,2.802,0.453,0.531
8312.95,2.844,0.453,2.185
8313.46,2.925,0.453,2.185
8313.97,2.802,0.453,2.181
8314.48,2.802,0.453,2.185
8314.99,2.802,0.453,2.185
8315.51,2.802,0.453,2.181
8316.02,2.815,0.453,2.185
8316.53,2.802,0.453,2.185
8317.04,2.815,0.453,2.181
8317.55,2.802,0.453,0.531
8318.16,2.83,0.467,2.185
8318.67,2.901,0.453,2.185
8319.18,2.802,0.725,1.372
8319.69,2.802,0.505,2.185
8320.2,2.802,0.453,2.185
8320.71,2.802,0.453,0.531
8321.22,2.83,0.467,2.185
8321.76,2.802,0.453,0.531
8322.27,2.83,0.467,2.185
8322.79,2.925,0.464,2.185
8323.3,2.802,0.566,0.732
8323.82,2.83,0.453,2.185
8324.33,2.882,0.465,2.185
8324.87,2.802,0.453,0.531
8325.38,2.83,0.467,2.185
8325.89,2.843,0.467,2.185
8326.47,2.815,0.453,0.531
8326.98,2.83,0.467,2.185
8327.49,2.802,0.453,0.531
8328.0,2.83,0.467,2.185
8328.59,2.802,0.453,0.531
8329.1,2.802,0.453,2.181
8329.69,2.802,0.453,0.531
8330.2,2.83,0.467,2.185
8330.71,2.895,0.467,2.185
8331.3,2.802,0.453,0.531
8331.81,2.816,0.467,2.185
8332.32,2.87,0.467,2.185
8332.84,2.802,0.453,0.531
8333.36,2.802,0.468,2.185
8333.87,2.802,0.465,2.185
8334.38,2.802,0.453,0.531
8334.89,2.802,0.453,2.185
8335.4,2.827,0.467,2.181
8335.97,2.802,0.453,0.531
8336.48,2.83,0.453,2.187
8336.99,2.893,0.453,2.185
8337.5,2.802,0.453,0.531
8338.01,2.802,0.453,0.531
8338.52,2.815,0.453,2.185
8339.03,2.815,0.453,0.531
8339.53,2.815,0.463,2.187
8340.04,2.815,0.453,2.185
8340.55,2.815,0.453,0.531
8341.06,2.887,0.464,2.185
8341.58,2.802,0.482,2.181
8342.09,2.802,0.453,2.185
8342.6,2.802,0.453,2.185
8343.11,2.869,0.467,2.185
8343.66,2.802,0.453,0.531
8344.16,2.83,0.467,2.185
8344.67,2.815,0.535,2.185
8345.19,2.802,0.453,0.531
8345.71,2.9,0.453,2.187
8346.22,2.815,0.521,2.185
8346.73,2.844,0.453,0.531
8347.24,2.844,0.467,2.185
8347.76,2.802,0.453,0.531
8348.27,2.863,0.453,2.187
8348.77,2.802,0.453,2.185
8349.28,2.802,0.453,0.531
8349.79,2.864,0.453,2.187
8350.29,2.802,0.488,2.185
8350.81,2.804,0.453,0.531
8351.43,2.832,0.467,2.185
8351.94,2.817,0.51,2.185
8352.45,2.817,0.453,0.531
8352.96,2.804,0.453,2.185
8353.47,2.874,0.467,2.185
8354.03,2.804,0.453,0.531
8354.54,2.861,0.453,2.185
8355.04,2.804,0.458,2.185
8355.55,2.804,0.453,0.531
8356.07,2.855,0.453,2.185
8356.57,2.804,0.453,0.531
8357.09,2.817,0.463,2.185
8357.61,2.817,0.453,2.181
8358.2,2.817,0.453,0.531
8358.71,2.832,0.467,2.185
8359.21,2.861,0.467,2.185
8359.72,2.804,0.453,0.531
8360.23,2.832,0.453,2.185
8360.75,2.845,0.507,2.185
8361.26,2.804,0.453,2.181
8361.77,2.804,0.453,2.185
8362.28,2.887,0.453,2.185
8362.79,2.804,0.453,2.181
8363.31,2.804,0.462,2.185
8363.82,2.804,0.453,0.531
8364.34,2.899,0.453,2.185
8364.85,2.845,0.463,2.185
8365.36,2.804,0.453,2.181
8365.87,2.804,0.453,2.185
8366.38,2.804,0.453,2.185
8366.89,2.818,0.467,2.181
8367.45,2.804,0.453,0.531
8367.96,2.846,0.467,2.185
8368.47,2.925,0.464,2.185
8369.02,2.804,0.453,0.531
8369.54,2.804,0.453,2.181
8370.14,2.817,0.453,0.531
8370.65,2.889,0.453,2.185
8371.16,2.804,0.453,2.185
8371.67,2.804,0.453,2.181
8372.18,2.845,0.453,2.187
8372.68,2.804,0.453,2.185
8373.19,2.888,0.467,2.185
8373.7,2.817,0.453,0.531
8374.21,2.804,0.457,2.185
8374.72,2.804,0.489,2.185
8375.23,2.804,0.453,0.531
8375.75,2.889,0.453,2.185
8376.25,2.804,0.496,2.185
8376.77,2.804,0.482,2.181
8377.28,2.804,0.453,0.531
8377.89,2.861,0.453,2.187
8378.39,2.889,0.462,2.185
8378.9,2.804,0.453,2.181
8379.41,2.817,0.453,2.187
8379.92,2.804,0.453,2.185
8380.43,2.817,0.453,2.181
8380.93,2.804,0.523,2.185
8381.44,2.804,0.5,2.185
8381.97,2.817,0.453,2.181
8382.48,2.804,0.453,2.187
8382.98,2.804,0.453,2.185
8383.49,2.804,0.453,2.181
8384.0,2.804,0.473,2.185
8384.51,2.804,0.48,2.185
8385.04,2.804,0.556,1.185
8385.56,2.804,0.515,2.185
8386.07,2.804,0.588,2.185
8386.58,2.845,0.453,0.531
8387.09,2.832,0.467,2.185
8387.6,2.804,0.453,2.181
8388.1,2.817,0.502,2.185
8388.61,2.887,0.552,2.185
8389.15,2.804,0.453,0.531
8389.65,2.804,0.453,2.185
8390.16,2.804,0.453,2.181
8390.67,2.867,0.453,2.185
8391.18,2.886,0.467,2.185
8391.76,2.804,0.453,0.531
8392.27,2.902,0.453,2.185
8392.78,2.804,0.453,0.531
8393.29,2.832,0.467,2.185
8393.8,2.886,0.467,2.185
8394.38,2.804,0.453,0.531
8394.89,2.804,0.453,2.185
8395.39,2.852,0.582,2.185
8395.91,2.804,0.453,2.185
8396.42,2.938,0.465,2.185
8396.98,2.804,0.453,0.531
8397.49,2.804,0.453,2.187
8398.0,2.804,0.453,0.531
8398.51,2.804,0.466,2.185
8399.02,2.804,0.482,2.181
8399.53,2.832,0.467,2.185
8400.04,2.804,0.453,0.531
8400.54,2.804,0.453,0.531
8401.06,2.804,0.453,0.531
8401.59,2.804,0.453,0.531
8402.13,2.804,0.453,0.531
8402.64,2.888,0.453,2.185
8403.15,2.817,0.453,0.531
8403.66,2.817,0.453,0.531
8404.16,2.888,0.469,2.185
8404.68,2.817,1.27,2.181
8405.19,2.818,0.467,2.185
8405.7,2.804,0.462,2.185
8406.29,2.804,0.453,0.531
8406.8,2.804,0.453,0.531
8407.32,2.804,0.466,0.531
8407.83,2.804,0.482,2.181
8408.44,2.804,0.453,0.531
8408.95,2.804,0.453,0.531
8409.45,2.804,0.453,0.531
8409.96,2.804,0.453,0.531
8410.61,2.804,0.453,0.531
8411.12,2.804,0.453,0.531
8411.64,2.804,0.453,0.531
8412.15,2.885,0.453,2.185
8412.66,2.817,0.453,0.531
8413.17,2.817,0.453,2.185
8413.67,2.897,0.467,2.185
8414.18,2.817,0.453,0.531
8414.69,2.832,0.467,2.185
8415.2,2.804,0.453,2.181
8415.79,2.804,0.453,0.531
8416.3,2.832,0.467,2.185
8416.81,2.804,0.453,0.531
8417.33,2.817,0.453,2.185
8417.83,2.817,0.453,0.531
8418.34,2.817,0.453,2.181
8418.88,2.817,0.453,0.531
8419.39,2.882,0.453,2.185
8419.9,2.887,0.453,2.185
8420.41,2.804,0.453,0.531
8420.92,2.804,0.453,0.531
8421.43,2.804,0.453,0.531
8421.97,2.804,0.453,0.531
8422.48,2.817,0.453,2.185
8422.98,2.817,0.453,2.181
8423.51,2.817,0.453,0.531
8424.02,2.889,0.468,2.185
8424.53,2.845,0.453,2.185
8425.07,2.845,0.453,0.531
8425.58,2.817,0.525,2.185
8426.09,2.817,0.453,2.181
8426.6,2.889,0.453,2.185
8427.11,2.832,0.467,2.185
8427.63,2.804,0.453,0.531
8428.14,2.817,0.464,2.185
8428.65,2.804,0.453,2.185
8429.16,2.83,0.453,2.181
8429.72,2.804,0.453,0.531
8430.23,2.832,0.453,2.185
8430.74,2.832,0.467,2.185
8431.3,2.804,0.453,0.531
8431.81,2.832,0.467,2.185
8432.32,2.804,0.453,0.531
8432.82,2.804,0.453,2.185
8433.33,2.86,0.526,2.185
8433.91,2.804,0.453,0.531
8434.42,2.832,0.453,2.185
8434.93,2.899,0.453,2.185
8435.44,2.804,0.453,0.531
8435.95,2.887,0.453,2.185
8436.46,2.804,0.467,2.185
8436.97,2.845,0.453,0.531
8437.48,2.818,0.467,2.185
8437.99,2.886,0.467,2.185
8438.55,2.804,0.453,0.531
8439.06,2.832,0.467,2.185
8439.62,2.804,0.453,0.531
8440.13,2.804,0.453,2.185
8440.64,2.838,0.453,2.181
8441.14,2.804,0.453,0.531
8441.75,2.818,0.467,2.185
8442.26,2.91,0.467,2.185
8442.84,2.804,0.453,0.531
8443.35,2.896,0.453,2.185
8443.86,2.83,0.604,2.185
8444.37,2.804,0.667,0.732
8444.89,2.832,0.467,2.185
8445.4,2.804,0.453,0.531
8445.92,2.804,0.506,2.185
8446.43,2.804,0.453,0.531
8446.95,2.832,0.467,2.185
8447.46,2.804,0.453,2.181
8447.96,2.832,0.467,2.185
8448.47,2.804,0.453,2.181
8449.08,2.804,0.453,0.531
8449.61,2.804,0.453,0.531
8450.12,2.817,0.453,2.185
8450.68,2.817,0.453,0.531
8451.19,2.818,0.467,2.185
8451.7,2.817,0.453,0.531
8452.21,2.817,0.482,2.181
8452.72,2.817,0.453,0.531
8453.23,2.817,0.552,1.185
8453.74,2.817,0.453,2.187
8454.25,2.817,0.453,2.185
8454.76,2.832,0.467,2.185
8455.3,2.804,0.453,0.531
8455.81,2.832,0.467,2.185
8456.32,2.874,0.467,2.185
8456.88,2.804,0.453,0.531
8457.4,2.892,0.453,2.185
8457.91,2.804,0.453,0.531
8458.42,2.832,0.467,2.185
8458.93,2.886,0.453,2.185
8459.44,2.804,0.453,0.531
8459.95,2.832,0.467,2.185
8460.46,2.804,0.503,2.185
8460.97,2.804,0.532,1.185
8461.49,2.804,0.466,2.185
8462.0,2.804,0.453,2.187
8462.51,2.804,0.453,2.181
8463.02,2.804,0.453,2.185
8463.53,2.817,0.453,2.185
8464.04,2.816,0.453,2.181
8464.61,2.804,0.453,0.531
8465.12,2.863,0.453,2.185
8465.63,2.891,0.453,2.185
8466.13,2.817,0.564,1.185
8466.65,2.804,0.464,2.185
8467.16,2.884,0.453,2.185
8467.67,2.817,0.453,2.181
8468.18,2.804,0.453,2.185
8468.69,2.804,0.453,2.185
8469.19,2.806,0.453,0.531
8469.7,2.806,0.453,2.185
8470.21,2.884,0.467,2.185
8470.75,2.819,0.453,0.531
8471.26,2.806,0.463,2.187
8471.77,2.819,0.453,2.185
8472.28,2.806,0.453,2.181
8472.88,2.806,0.453,0.531
8473.39,2.834,0.467,2.185
8473.89,2.806,0.467,2.185
8474.4,2.806,0.453,2.181
8474.91,2.806,0.453,2.185
8475.42,2.806,0.453,2.185
8475.93,2.806,0.453,2.181
8476.52,2.806,0.453,0.531
8477.03,2.806,0.467,2.185
8477.54,2.806,0.453,2.185
8478.05,2.806,0.453,2.181
8478.56,2.819,0.453,0.531
8479.17,2.834,0.453,2.185
8479.68,2.903,0.453,2.185
8480.19,2.806,0.453,0.531
8480.69,2.82,0.467,2.185
8481.2,2.806,0.453,0.531
8481.71,2.806,0.47,2.185
8482.22,2.832,0.453,2.185
8482.73,2.819,0.453,2.181
8483.33,2.806,0.453,0.531
8483.84,2.806,0.522,2.185
8484.35,2.806,0.453,2.185
8484.86,2.831,1.206,2.183
8485.44,2.847,0.453,0.531
8485.95,2.847,0.572,1.185
8486.46,2.819,0.453,2.185
8486.96,2.885,0.453,2.185
8487.47,2.819,0.453,0.531
8487.98,2.89,0.453,2.185
8488.49,2.806,0.478,2.185
8489.01,2.806,0.453,2.181
8489.52,2.806,0.512,2.185
8490.03,2.806,0.521,2.185
8490.56,2.806,0.453,0.531
8491.07,2.876,0.453,2.185
8491.58,2.806,0.468,2.185
8492.09,2.806,0.453,2.181
8492.6,2.806,0.453,2.185
8493.12,2.806,0.453,2.181
8493.63,2.806,0.453,2.185
8494.13,2.806,0.453,2.185
8494.64,2.806,0.453,2.181
8495.15,2.806,0.524,2.185
8495.67,2.806,0.453,2.185
8496.17,2.806,0.453,2.181
8496.68,2.806,0.457,2.185
8497.19,2.806,0.608,2.185
8497.72,2.806,0.453,0.531
8498.23,2.807,0.467,2.185
8498.74,2.806,0.453,2.181
8499.25,2.806,0.453,2.185
8499.76,2.806,0.453,2.185
8500.27,2.847,0.453,2.181
8500.78,2.847,0.453,2.185
8501.29,2.888,0.535,2.185
8501.83,2.819,0.453,0.531
8502.35,2.834,0.467,2.185
8502.85,2.898,0.467,2.185
8503.39,2.806,0.453,0.531
8503.91,2.834,0.467,2.185
8504.42,2.806,0.453,2.181
8504.94,2.806,0.453,2.185
8505.45,2.806,0.453,2.185
8505.97,2.806,0.453,0.531
8506.48,2.806,0.453,2.185
8506.99,2.888,0.467,2.185
8507.5,2.806,0.453,2.185
8508.01,2.888,0.524,2.185
8508.54,2.819,0.453,0.531
8509.04,2.834,0.467,2.185
8509.55,2.806,0.453,0.531
8510.07,2.806,0.538,2.185
8510.59,2.806,0.552,1.185
8511.1,2.834,0.467,2.185
8511.61,2.859,0.467,2.185
8512.14,2.806,0.453,0.531
8512.65,2.817,0.639,2.185
8513.16,2.819,0.453,0.531
8513.67,2.819,0.453,0.531
8514.26,2.819,0.453,0.531
8514.78,2.819,0.453,0.531
8515.37,2.819,0.453,0.531
8515.88,2.819,0.556,1.185
8516.39,2.819,0.453,0.531
8516.93,2.819,0.453,0.531
8517.44,2.819,0.453,0.531
8517.95,2.819,0.453,0.531
8518.46,2.819,0.482,2.181
8519.05,2.819,0.453,0.531
8519.56,2.819,0.701,1.185
8520.08,2.819,0.453,0.531
8520.69,2.819,0.453,0.531
8521.19,2.819,0.453,0.531
8521.77,2.819,0.453,0.531
8522.28,2.82,0.467,2.185
8522.79,2.819,0.453,0.531
8523.31,2.819,0.464,2.185
8523.82,2.819,0.453,0.531
8524.34,2.82,0.467,2.185
8524.85,2.819,0.453,0.531
8525.37,2.82,0.467,2.185
8525.88,2.819,0.453,0.531
8526.38,2.82,0.453,2.185
8526.89,2.819,0.475,2.185
8527.4,2.819,0.453,2.181
8527.98,2.806,0.453,0.531
8528.49,2.87,0.453,2.187
8528.99,2.806,0.467,2.185
8529.59,2.806,0.453,0.531
8530.1,2.806,0.453,0.531
8530.62,2.806,0.453,0.531
8531.13,2.888,0.453,2.185
8531.64,2.806,0.48,2.185
8532.15,2.847,1.002,2.181
8532.67,2.847,0.453,2.185
8533.18,2.819,0.465,2.185
8533.69,2.819,0.453,2.181
8534.2,2.847,0.453,2.185
8534.71,2.806,0.453,2.185
8535.23,2.806,0.453,0.531
8535.75,2.806,0.453,2.185
8536.26,2.806,0.453,2.185
8536.77,2.827,0.453,2.181
8537.37,2.806,0.453,0.531
8537.88,2.89,0.464,2.185
8538.39,2.806,0.453,0.531
8538.9,2.834,0.467,2.185
8539.41,2.862,0.467,2.185
8539.96,2.806,0.453,0.531
8540.47,2.834,0.467,2.185
8540.98,2.899,0.453,2.185
8541.51,2.806,0.453,0.531
8542.02,2.82,0.467,2.185
8542.53,2.919,0.453,2.185
8543.03,2.847,0.566,0.732
8543.55,2.847,0.453,2.185
8544.06,2.847,0.453,2.181
8544.65,2.806,0.453,0.531
8545.17,2.891,0.453,2.185
8545.68,2.888,0.473,2.185
8546.19,2.806,0.453,2.181
8546.7,2.806,0.453,0.531
8547.31,2.891,0.453,2.185
8547.82,2.806,0.453,2.185
8548.33,2.847,0.453,2.181
8548.91,2.847,0.453,0.531
8549.43,2.892,0.453,2.187
8549.94,2.806,0.453,0.531
8550.45,2.834,0.467,2.185
8550.96,2.806,0.453,0.531
8551.47,2.819,0.453,2.185
8551.98,2.819,0.453,0.531
8552.49,2.86,0.453,2.185
8553.0,2.832,0.48,2.185
8553.55,2.806,0.453,0.531
8554.06,2.834,0.866,2.185
8554.57,2.806,0.566,0.631
8555.08,2.893,0.453,2.185
8555.6,2.888,0.476,2.185
8556.13,2.819,0.539,1.185
8556.64,2.806,0.463,2.187
8557.16,2.806,0.453,0.531
8557.68,2.806,0.453,2.181
8558.19,2.806,0.453,0.531
8558.7,2.819,0.525,2.185
8559.21,2.819,0.453,0.531
8559.72,2.819,0.453,0.531
8560.23,2.819,0.453,2.185
8560.74,2.896,0.467,2.185
8561.26,2.819,0.453,0.531
8561.77,2.834,0.467,2.185
8562.27,2.806,0.453,2.185
8562.78,2.806,0.453,2.181
8563.37,2.806,0.453,0.531
8563.87,2.834,0.467,2.185
8564.38,2.806,0.453,0.531
8564.9,2.834,0.467,2.185
8565.41,2.885,0.453,2.185
8565.98,2.819,0.453,0.531
8566.49,2.834,0.467,2.185
8566.99,2.902,0.467,2.185
8567.54,2.806,0.453,0.531
8568.05,2.834,0.467,2.185
8568.56,2.916,0.453,2.185
8569.07,2.806,0.58,1.185
8569.58,2.806,0.465,2.185
8570.09,2.806,0.453,0.531
8570.6,2.834,0.467,2.185
8571.11,2.898,0.453,2.185
8571.65,2.806,0.453,0.531
8572.16,2.819,0.453,2.185
8572.67,2.816,0.453,2.181
8573.17,2.806,0.453,2.187
8573.69,2.806,0.453,2.185
8574.2,2.806,0.453,2.181
8574.8,2.806,0.453,0.531
8575.3,2.834,0.467,2.185
8575.81,2.806,0.482,2.181
8576.32,2.806,0.453,2.185
8576.83,2.806,0.453,2.185
8577.34,2.888,0.467,2.185
8577.86,2.806,0.453,0.531
8578.36,2.806,0.453,2.185
8578.87,2.806,0.453,2.185
8579.38,2.806,0.453,2.181
8579.96,2.806,0.453,0.531
8580.47,2.834,0.467,2.185
8580.98,2.929,0.462,2.185
8581.51,2.847,0.453,0.531
8582.02,2.834,0.467,2.185
8582.53,2.875,0.467,2.185
8583.04,2.806,0.453,0.531
8583.55,2.85,0.453,2.185
8584.05,2.929,0.453,2.185
8584.56,2.806,0.453,0.531
8585.06,2.806,0.525,2.185
8585.57,2.806,0.453,2.185
8586.08,2.806,0.453,2.181
8586.58,2.806,0.453,2.185
8587.1,2.806,0.516,0.581
8587.61,2.806,0.453,2.185
8588.11,2.806,0.453,2.185
8588.62,2.806,0.453,2.181
8589.18,2.806,0.453,0.531
8589.69,2.891,0.453,2.185
8590.2,2.806,0.453,2.185
8590.79,2.806,0.453,0.531
8591.29,2.82,0.467,2.185
8591.8,2.834,0.467,2.185
8592.31,2.847,0.453,0.531
8592.82,2.912,0.453,2.185
8593.33,2.847,0.453,0.531
8593.85,2.82,0.467,2.185
8594.36,2.806,0.462,2.185
8594.87,2.81,0.453,2.181
8595.47,2.806,0.453,0.531
8595.98,2.834,0.453,2.185
8596.49,2.806,0.464,2.185
8597.02,2.806,0.65,1.185
8597.53,2.806,0.466,2.185
8598.04,2.832,0.537,2.185
8598.55,2.806,0.453,0.531
8599.06,2.864,0.453,2.185
8599.57,2.806,0.453,0.531
8600.08,2.834,0.467,2.185
8600.59,2.903,0.453,2.185
8601.11,2.806,0.453,0.531
8601.62,2.834,0.467,2.185
8602.12,2.806,0.453,2.181
8602.63,2.806,0.453,2.185
8603.14,2.888,0.453,2.185
8603.65,2.806,0.453,2.181
8604.16,2.806,0.472,2.185
8604.67,2.828,0.467,2.181
8605.18,2.806,0.453,2.185
8605.69,2.806,0.476,2.185
8606.21,2.806,0.453,0.531
8606.72,2.806,0.453,2.185
8607.23,2.869,0.467,2.185
8607.84,2.806,0.453,0.531
8608.34,2.848,0.467,2.185
8608.85,2.847,0.453,0.531
8609.36,2.847,0.453,0.531
8609.87,2.82,0.467,2.185
8610.37,2.819,0.546,1.185
8610.89,2.819,0.522,2.185
8611.4,2.806,0.453,2.185
8611.91,2.806,0.453,2.181
8612.42,2.904,0.453,2.185
8612.93,2.888,0.467,2.185
8613.52,2.806,0.453,0.531
8614.04,2.834,0.467,2.185
8614.54,2.939,0.453,2.185
8615.06,2.806,0.453,0.531
8615.57,2.872,0.453,2.185
8616.08,2.806,0.453,2.181
8616.6,2.806,0.453,2.185
8617.12,2.806,0.453,2.185
8617.63,2.819,0.453,2.181
8618.14,2.889,0.453,2.185
8618.64,2.898,0.453,2.185
8619.19,2.806,0.453,0.531
8619.7,2.806,0.453,2.185
8620.21,2.806,0.453,2.181
8620.72,2.819,0.516,2.185
8621.23,2.806,0.542,2.185
8621.74,2.806,0.453,0.531
8622.27,2.806,0.453,0.531
8622.81,2.806,0.453,0.531
8623.35,2.806,0.453,0.531
8623.87,2.806,0.453,0.531
8624.4,2.806,0.453,0.531
8624.93,2.806,0.453,0.531
8625.44,2.806,0.453,0.531
8625.99,2.806,0.453,0.531
8626.5,2.819,0.469,2.185
8627.01,2.819,0.453,0.531
8627.52,2.819,0.453,2.187
8628.03,2.819,0.453,0.531
8628.54,2.819,0.453,0.531
8629.06,2.819,0.453,0.531
8629.57,2.819,1.539,2.181
8630.08,2.819,0.482,2.181
8630.68,2.819,0.453,0.531
8631.29,2.819,0.453,0.531
8631.8,2.819,0.65,1.185
8632.4,2.819,0.453,0.531
8632.91,2.82,0.467,2.185
8633.42,2.819,0.453,0.531
8633.93,2.819,0.453,0.531
8634.44,2.82,0.467,2.185
8634.94,2.898,0.467,2.185
8635.45,2.819,0.453,0.531
8636.06,2.806,0.453,0.531
8636.57,2.806,0.465,2.185
8637.08,2.806,0.453,2.185
8637.65,2.847,0.453,0.531
8638.16,2.847,0.453,2.181
8638.69,2.819,0.453,0.531
8639.29,2.819,0.453,0.531
8639.81,2.819,0.541,2.185
8640.32,2.806,0.453,2.185
8640.82,2.847,0.453,2.181
8641.33,2.847,0.453,2.187
8641.84,2.806,0.453,2.185
8642.35,2.806,0.453,2.181
8642.86,2.912,0.453,2.185
8643.36,2.806,0.472,2.185
8643.9,2.806,0.453,0.531
8644.4,2.834,0.467,2.185
8644.91,2.919,0.453,2.185
8645.42,2.806,0.453,0.531
8645.93,2.806,0.453,2.185
8646.44,2.912,0.467,2.185
8647.0,2.806,0.453,0.531
8647.51,2.834,0.467,2.185
8648.02,2.888,0.467,2.185
8648.61,2.806,0.453,0.531
8649.12,2.834,0.467,2.185
8649.63,2.888,0.467,2.185
8650.15,2.806,0.453,0.531
8650.66,2.834,0.467,2.185
8651.17,2.806,0.482,2.181
8651.69,2.806,0.476,2.185
8652.2,2.806,0.453,2.185
8652.71,2.806,0.453,2.181
8653.22,2.806,0.453,2.185
8653.73,2.806,0.453,2.187
8654.24,2.834,0.467,2.185
8654.8,2.806,0.453,0.531
8655.31,2.82,0.467,2.185
8655.82,2.865,0.453,2.185
8656.32,2.847,0.453,0.531
8656.83,2.898,0.453,2.185
8657.34,2.847,0.453,0.531
8657.85,2.806,0.463,2.185
8658.36,2.806,0.453,2.181
8658.87,2.806,0.453,2.187
8659.38,2.819,0.453,2.185
8659.88,2.836,0.453,2.181
8660.47,2.806,0.453,0.531
8660.98,2.82,0.467,2.185
8661.49,2.806,0.465,2.185
8661.99,2.806,0.453,0.531
8662.51,2.898,0.453,2.185
8663.02,2.806,0.546,2.185
8663.53,2.806,0.453,0.531
8664.04,2.806,0.572,2.185
8664.55,2.806,0.453,0.531
8665.05,2.834,0.467,2.185
8665.56,2.806,0.453,0.531
8666.08,2.82,0.467,2.185
8666.59,2.834,0.467,2.185
8667.09,2.819,0.453,0.531
8667.6,2.819,0.453,2.181
8668.13,2.819,0.453,0.531
8668.64,2.881,0.453,2.185
8669.14,2.819,0.453,0.531
8669.76,2.819,0.453,2.185
8670.27,2.888,0.467,2.185
8670.8,2.819,0.453,0.531
8671.31,2.806,0.467,2.185
8671.82,2.806,0.482,2.181
8672.33,2.834,0.467,2.185
8672.84,2.819,0.464,2.185
8673.38,2.806,0.453,0.531
8673.89,2.834,0.467,2.185
8674.4,2.845,0.453,2.185
8674.9,2.819,0.453,0.531
8675.41,2.883,0.453,2.187
8675.91,2.832,0.464,2.185
8676.42,2.806,0.453,2.181
8676.93,2.806,0.453,2.185
8677.44,2.834,0.467,2.185
8677.98,2.806,0.453,0.531
8678.49,2.834,0.467,2.185
8679.0,2.891,0.453,2.185
8679.52,2.806,0.453,0.531
8680.02,2.834,0.467,2.185
8680.53,2.904,0.453,2.185
8681.04,2.806,0.482,2.181
8681.55,2.806,0.453,2.185
8682.06,2.806,0.453,2.185
8682.58,2.806,0.453,0.531
8683.08,2.834,0.467,2.185
8683.65,2.806,0.453,0.531
8684.16,2.875,0.453,2.185
8684.66,2.806,0.453,2.185
8685.19,2.807,0.453,0.531
8685.7,2.85,0.467,2.187
8686.21,2.82,0.534,2.185
8686.73,2.849,0.453,0.531
8687.24,2.849,0.453,2.185
8687.75,2.82,0.453,2.185
8688.26,2.877,0.467,2.185
8688.82,2.807,0.453,0.531
8689.33,2.807,0.453,2.185
8689.84,2.807,0.453,2.181
8690.35,2.807,0.453,2.185
8690.86,2.807,0.453,2.185
8691.37,2.864,0.467,2.185
8691.91,2.807,0.453,0.531
8692.42,2.886,0.453,2.185
8692.93,2.896,0.453,2.185
8693.43,2.849,0.453,2.181
8694.03,2.807,0.453,0.531
8694.54,2.836,0.467,2.185
8695.05,2.843,0.453,2.185
8695.59,2.82,0.453,0.531
8696.1,2.836,0.467,2.185
8696.61,2.913,0.453,2.185
8697.12,2.807,0.453,0.531
8697.63,2.884,0.453,2.185
8698.14,2.82,0.494,2.187
8698.65,2.807,0.453,2.181
8699.16,2.807,0.453,2.185
8699.67,2.807,0.453,2.185
8700.18,2.849,0.467,2.185
8700.74,2.849,0.453,0.531
8701.25,2.849,0.467,2.185
8701.77,2.807,0.453,0.531
8702.28,2.892,0.453,2.185
8702.79,2.89,0.476,2.185
8703.3,2.807,0.453,2.181
8703.91,2.807,0.453,0.531
8704.42,2.875,0.453,2.185
8704.92,2.807,0.462,2.185
8705.44,2.807,0.453,0.531
8705.95,2.892,0.453,2.185
8706.46,2.89,0.471,2.185
8707.02,2.807,0.453,0.531
8707.53,2.807,0.453,2.185
8708.04,2.822,0.453,2.181
8708.63,2.807,0.453,0.531
8709.13,2.836,0.467,2.185
8709.64,2.874,0.453,2.185
8710.18,2.807,0.453,0.531
8710.69,2.836,0.467,2.187
8711.2,2.874,0.467,2.185
8711.72,2.807,0.453,0.531
8712.23,2.821,0.467,2.185
8712.74,2.864,0.467,2.185
8713.34,2.807,0.453,0.531
8713.85,2.807,0.453,2.185
8714.36,2.807,0.546,1.185
8714.87,2.836,0.467,2.185
8715.38,2.873,0.467,2.185
8715.97,2.82,0.453,0.531
8716.48,2.836,0.467,2.187
8716.99,2.833,0.463,2.185
8717.5,2.807,0.453,2.181
8718.1,2.807,0.453,0.531
8718.61,2.807,0.453,2.185
8719.12,2.82,0.453,2.181
8719.71,2.807,0.453,0.531
8720.22,2.85,0.467,2.185
8720.73,2.849,0.453,2.185
8721.24,2.849,0.453,0.531
8721.76,2.891,0.453,2.185
8722.26,2.807,0.542,2.185
8722.78,2.807,0.552,1.185
8723.29,2.807,0.465,2.185
8723.81,2.807,0.453,2.181
8724.42,2.807,0.453,0.531
8724.93,2.836,0.467,2.185
8725.44,2.877,0.467,2.185
8725.96,2.807,0.453,0.531
8726.47,2.833,0.531,2.185
8726.99,2.808,0.466,0.531
8727.51,2.836,0.467,2.185
8728.01,2.874,0.467,2.185
8728.52,2.807,0.453,2.185
8729.03,2.807,0.453,2.187
8729.55,2.807,0.453,0.531
8730.05,2.88,0.453,2.185
8730.56,2.807,0.453,0.531
8731.07,2.807,0.482,2.181
8731.67,2.807,0.453,0.531
8732.19,2.807,0.453,0.531
8732.71,2.807,0.453,0.531
8733.22,2.807,0.453,0.531
8733.73,2.807,0.453,0.531
8734.24,2.822,0.467,2.185
8734.75,2.82,0.453,0.531
8735.26,2.82,0.482,2.181
8735.77,2.82,0.453,2.187
8736.27,2.82,0.453,0.531
8736.78,2.82,0.453,0.531
8737.29,2.82,0.55,1.185
8737.8,2.82,0.453,0.531
8738.41,2.821,0.552,1.185
8739.0,2.82,0.453,0.531
8739.52,2.82,0.453,2.185
8740.1,2.82,0.453,0.531
8740.62,2.82,0.482,2.181
8741.12,2.82,0.453,0.531
8741.64,2.822,0.467,2.185
8742.14,2.82,0.453,0.531
8742.65,2.822,0.467,2.185
8743.16,2.82,0.453,2.185
8743.74,2.82,0.453,0.531
8744.25,2.82,0.453,2.185
8744.76,2.849,0.467,2.185
8745.28,2.82,0.453,0.531
8745.79,2.82,0.527,2.185
8746.34,2.82,0.453,0.531
8746.85,2.82,1.206,2.185
8747.36,2.836,0.467,2.185
8747.87,2.807,0.453,0.531
8748.38,2.867,0.453,2.185
8748.88,2.808,0.453,0.531
8749.39,2.822,0.467,2.185
8749.9,2.836,0.467,2.185
8750.42,2.849,0.453,0.531
8750.93,2.85,0.467,2.187
8751.44,2.849,0.453,0.531
8751.95,2.849,0.453,0.531
8752.46,2.822,0.453,2.185
8752.97,2.808,0.462,2.185
8753.5,2.82,0.482,2.181
8754.0,2.892,0.453,2.185
8754.51,2.808,0.459,2.185
8755.05,2.808,0.453,0.531
8755.57,2.852,0.453,2.187
8756.07,2.914,0.453,2.185
8756.58,2.808,0.453,0.531
8757.09,2.836,0.467,2.185
8757.59,2.808,0.453,0.531
8758.11,2.836,0.467,2.185
8758.62,2.93,0.469,2.185
8759.17,2.808,0.453,0.531
8759.69,2.836,0.467,2.185
8760.2,2.861,0.467,2.185
8760.81,2.808,0.453,0.531
8761.31,2.89,0.453,2.185
8761.82,2.808,0.475,2.185
8762.33,2.808,0.453,2.181
8762.84,2.808,0.453,2.185
8763.35,2.808,0.453,0.531
8763.86,2.808,0.453,2.185
8764.36,2.808,0.453,0.531
8764.87,2.836,0.467,2.185
8765.38,2.836,0.467,2.185
8765.89,2.808,0.453,0.531
8766.39,2.808,0.474,2.185
8766.9,2.808,0.453,2.187
8767.41,2.82,0.453,2.181
8767.92,2.808,0.453,2.185
8768.43,2.808,0.453,2.185
8768.94,2.808,0.453,2.181
8769.45,2.808,0.453,2.187
8769.96,2.82,0.453,2.185
8770.47,2.808,0.453,0.531
8770.98,2.836,0.467,2.185
8771.54,2.808,0.453,0.531
8772.05,2.836,0.467,2.185
8772.64,2.808,0.453,0.531
8773.15,2.808,0.453,2.185
8773.66,2.808,0.453,2.181
8774.17,2.808,0.457,2.185
8774.68,2.821,0.525,2.185
8775.21,2.808,0.453,0.531
8775.71,2.808,0.453,2.185
8776.22,2.82,0.453,2.181
8776.73,2.808,0.486,2.187
8777.24,2.808,0.465,2.185
8777.76,2.808,0.453,0.531
8778.27,2.808,0.453,0.531
8778.78,2.822,0.467,2.185
8779.31,2.821,0.453,0.531
8779.82,2.821,0.463,2.187
8780.33,2.821,0.453,0.531
8780.84,2.822,0.467,2.185
8781.34,2.821,0.453,0.531
8781.86,2.822,0.467,2.187
8782.37,2.877,0.467,2.185
8782.89,2.821,0.453,0.531
8783.4,2.836,0.467,2.185
8783.91,2.808,0.453,0.531
8784.43,2.836,0.467,2.185
8784.94,2.913,0.453,2.185
8785.46,2.808,0.453,0.531
8785.97,2.892,0.467,2.185
8786.48,2.808,0.453,2.185
8786.99,2.833,0.453,2.181
8787.59,2.849,0.453,0.531
8788.1,2.85,0.467,2.185
8788.61,2.918,0.463,2.185
8789.13,2.849,0.453,2.181
8789.63,2.808,0.453,2.185
8790.15,2.821,0.495,2.185
8790.66,2.821,0.453,2.181
8791.17,2.808,0.453,2.185
8791.68,2.808,0.453,2.185
8792.18,2.888,0.467,2.185
8792.72,2.808,0.453,0.531
8793.23,2.865,0.453,2.187
8793.74,2.836,0.467,2.185
8794.24,2.808,0.453,0.531
8794.75,2.903,0.453,2.187
8795.26,2.808,0.486,2.187
8795.77,2.808,0.453,2.181
8796.37,2.808,0.453,0.531
8796.88,2.836,0.467,2.185
8797.39,2.821,0.53,2.185
8797.9,2.808,0.548,1.185
8798.41,2.808,0.473,2.187
8798.92,2.808,0.453,2.185
8799.43,2.82,0.453,2.181
8799.94,2.808,0.453,0.531
8800.55,2.836,0.467,2.187
8801.06,2.808,0.453,0.531
8801.57,2.822,0.467,2.185
8802.07,2.821,0.453,0.531
8802.58,2.821,0.453,2.185
8803.18,2.821,0.453,0.531
8803.69,2.821,0.453,2.181
8804.2,2.821,0.453,2.185
8804.72,2.808,0.453,2.185
8805.23,2.821,0.453,2.181
8805.82,2.808,0.453,0.531
8806.33,2.836,0.467,2.185
8806.84,2.808,0.453,0.531
8807.37,2.873,0.453,2.185
8807.88,2.821,0.549,2.185
8808.39,2.808,0.482,2.181
8808.9,2.892,0.453,2.185
8809.4,2.808,0.466,2.185
8809.92,2.808,0.482,2.181
8810.42,2.849,0.453,2.185
8810.94,2.808,0.453,2.187
8811.45,2.849,0.453,2.181
8812.04,2.808,0.453,0.531
8812.55,2.836,0.453,2.185
8813.06,2.808,0.453,0.531
8813.58,2.808,0.453,2.185
8814.1,2.808,0.453,2.185
8814.61,2.849,0.453,2.181
8815.19,2.849,0.453,0.531
8815.71,2.891,0.465,2.185
8816.22,2.808,0.505,2.185
8816.73,2.808,0.482,2.181
8817.24,2.808,0.466,2.185
8817.75,2.808,0.479,2.185
8818.26,2.808,0.453,2.181
8818.77,2.808,0.453,2.185
8819.28,2.808,0.453,2.181
8819.85,2.808,0.453,0.531
8820.36,2.892,0.453,2.185
8820.86,2.89,0.492,2.185
8821.37,2.808,0.453,2.181
8821.89,2.808,0.453,2.185
8822.4,2.808,0.453,2.185
8822.91,2.808,0.453,2.181
8823.42,2.886,0.453,2.185
8823.93,2.909,0.453,2.185
8824.51,2.808,0.453,0.531
8825.02,2.836,0.453,2.185
8825.55,2.808,0.453,0.531
8826.06,2.836,0.467,2.185
8826.57,2.901,0.467,2.185
8827.13,2.821,0.453,0.531
8827.64,2.821,0.453,2.187
8828.15,2.877,0.467,2.185
8828.72,2.808,0.453,0.531
8829.23,2.836,0.467,2.185
8829.74,2.877,0.467,2.185
8830.26,2.821,0.453,0.531
8830.77,2.808,0.453,2.185
8831.28,2.837,0.467,2.181
8831.79,2.808,0.453,2.185
8832.3,2.901,0.467,2.185
8832.82,2.808,0.453,2.185
8833.33,2.834,0.453,2.185
8833.86,2.808,0.453,0.531
8834.37,2.812,0.467,2.185
8834.88,2.909,0.467,2.185
8835.48,2.808,0.453,0.531
8835.99,2.808,0.453,0.531
8836.5,2.9,0.453,2.185
8837.01,2.808,0.539,2.185
8837.52,2.821,0.453,0.531
8838.04,2.859,0.453,2.185
8838.55,2.821,0.466,2.185
8839.06,2.808,0.453,0.531
8839.57,2.836,0.467,2.185
8840.08,2.89,0.453,2.185
8840.59,2.808,0.453,0.531
8841.1,2.808,0.47,2.187
8841.61,2.808,0.453,0.531
8842.14,2.808,0.453,0.531
8842.69,2.808,0.453,0.531
8843.2,2.808,0.453,0.531
8843.71,2.808,0.482,2.181
8844.21,2.808,0.482,2.181
8844.71,2.808,0.453,0.531
8845.22,2.821,0.453,2.185
8845.73,2.9,0.467,2.185
8846.24,2.821,0.453,0.531
8846.83,2.821,0.453,0.531
8847.42,2.821,0.453,0.531
8847.94,2.821,0.453,0.531
8848.46,2.821,0.453,0.531
8848.97,2.821,0.579,1.185
8849.48,2.821,0.534,1.185
8849.99,2.88,0.453,2.185
8850.55,2.823,0.453,0.531
8851.06,2.823,0.453,2.181
8851.62,2.823,0.453,0.531
8852.12,2.823,1.539,2.181
8852.63,2.823,0.453,0.531
8853.24,2.823,0.453,0.531
8853.77,2.823,0.453,0.531
8854.29,2.824,0.467,2.185
8854.8,2.823,0.453,0.531
8855.31,2.852,0.467,2.185
8855.82,2.81,0.467,2.185
8856.33,2.851,0.453,0.531
8856.84,2.851,0.453,2.181
8857.41,2.823,0.453,0.531
8857.92,2.824,0.467,2.185
8858.45,2.823,0.453,0.531
8858.96,2.823,0.453,2.185
8859.47,2.835,0.453,2.181
8860.06,2.81,0.453,0.531
8860.66,2.81,0.453,0.531
8861.17,2.858,0.453,2.185
8861.68,2.879,0.462,2.185
8862.2,2.823,0.453,2.181
8862.71,2.81,0.453,2.185
8863.22,2.81,0.453,0.531
8863.75,2.824,0.467,2.185
8864.25,2.823,0.453,0.531
8864.77,2.824,0.453,2.185
8865.28,2.851,0.47,2.185
8865.82,2.81,0.453,0.531
8866.33,2.838,0.467,2.185
8866.84,2.81,0.453,2.181
8867.36,2.838,0.467,2.185
8867.86,2.891,0.467,2.185
8868.47,2.81,0.453,0.531
8868.98,2.81,0.453,2.185
8869.49,2.81,0.453,0.531
8870.0,2.81,0.475,2.185
8870.51,2.81,0.453,2.181
8871.02,2.81,0.51,2.185
8871.53,2.851,0.453,2.185
8872.04,2.81,0.453,2.181
8872.55,2.81,0.453,2.185
8873.05,2.81,0.453,0.531
8873.57,2.823,0.453,2.185
8874.08,2.823,0.453,2.185
8874.59,2.901,0.467,2.185
8875.1,2.81,0.453,0.531
8875.6,2.81,0.453,2.181
8876.11,2.81,0.453,2.185
8876.62,2.894,0.453,2.185
8877.13,2.81,0.453,0.531
8877.64,2.907,0.464,2.185
8878.15,2.81,0.453,2.187
8878.67,2.81,0.453,2.181
8879.18,2.823,0.453,2.185
8879.69,2.851,0.453,2.185
8880.2,2.81,0.453,2.181
8880.71,2.81,0.453,2.185
8881.22,2.866,0.467,2.185
8881.76,2.81,0.453,0.531
8882.27,2.827,0.525,2.185
8882.78,2.81,0.453,0.531
8883.29,2.81,0.468,2.185
8883.8,2.81,0.453,0.531
8884.31,2.838,0.467,2.185
8884.86,2.81,0.453,0.531
8885.37,2.838,0.467,2.185
8885.88,2.904,0.467,2.185
8886.47,2.81,0.453,0.531
8886.98,2.81,0.453,0.531
8887.49,2.81,0.453,0.531
8888.01,2.81,0.453,0.531
8888.52,2.823,0.453,2.185
8889.03,2.835,0.453,2.181
8889.61,2.823,0.453,0.531
8890.12,2.81,0.453,2.185
8890.64,2.833,0.453,2.181
8891.24,2.81,0.453,0.531
8891.75,2.838,0.467,2.185
8892.26,2.892,0.453,2.185
8892.77,2.81,0.453,0.531
8893.28,2.895,0.464,2.187
8893.8,2.81,0.453,2.185
8894.31,2.81,0.453,2.181
8894.82,2.81,0.453,0.531
8895.44,2.81,0.453,0.531
8895.95,2.907,0.453,2.185
8896.46,2.81,0.473,2.185
8896.96,2.851,0.453,2.181
8897.48,2.851,0.453,2.185
8897.99,2.81,0.453,2.185
8898.5,2.81,0.453,2.181
8899.1,2.81,0.453,0.531
8899.61,2.876,0.453,2.187
8900.12,2.81,0.48,2.185
8900.63,2.81,0.482,2.181
8901.14,2.823,0.453,2.187
8901.65,2.838,0.467,2.185
8902.19,2.81,0.453,0.531
8902.7,2.903,0.453,2.185
8903.21,2.81,0.453,2.185
8903.72,2.822,0.453,2.181
8904.23,2.81,0.453,0.531
8904.84,2.902,0.453,2.185
8905.35,2.81,0.532,2.185
8905.86,2.81,0.482,2.181
8906.37,2.81,0.527,2.187
8906.88,2.81,0.453,2.185
8907.4,2.81,0.453,2.181
8907.91,2.851,0.48,2.185
8908.42,2.81,0.503,2.185
8908.93,2.81,0.453,2.181
8909.54,2.81,0.453,0.531
8910.05,2.81,0.453,0.531
8910.57,2.824,0.467,2.185
8911.07,2.866,0.453,2.185
8911.6,2.823,0.453,0.531
8912.12,2.81,0.525,2.185
8912.63,2.81,0.817,1.372
8913.14,2.81,0.453,2.185
8913.65,2.825,0.639,2.185
8914.16,2.838,0.467,2.185
8914.7,2.81,0.453,0.531
8915.2,2.81,0.528,2.185
8915.72,2.823,0.453,2.185
8916.23,2.823,0.453,2.181
8916.74,2.81,0.453,0.531
8917.26,2.836,0.453,2.187
8917.76,2.87,0.582,2.185
8918.35,2.81,0.453,0.531
8918.86,2.824,0.453,2.185
8919.37,2.823,0.453,0.531
8919.89,2.901,0.453,2.185
8920.4,2.823,0.466,2.185
8920.92,2.81,0.453,2.181
8921.43,2.81,0.453,2.187
8921.94,2.81,0.453,2.185
8922.45,2.891,0.467,2.185
8923.0,2.851,0.453,0.531
8923.51,2.852,0.453,2.185
8924.02,2.81,0.462,2.185
8924.56,2.81,0.453,0.531
8925.07,2.838,0.467,2.185
8925.58,2.906,0.453,2.185
8926.14,2.81,0.453,0.531
8926.64,2.81,0.453,2.185
8927.16,2.81,0.453,2.181
8927.67,2.905,0.453,2.187
8928.18,2.853,0.467,2.181
8928.75,2.81,0.453,0.531
8929.26,2.895,0.453,2.185
8929.77,2.81,0.473,2.185
8930.29,2.81,0.453,2.181
8930.8,2.81,0.453,2.185
8931.31,2.836,0.579,2.185
8931.84,2.81,0.453,0.531
8932.35,2.838,0.467,2.185
8932.86,2.917,0.453,2.185
8933.44,2.81,0.453,0.531
8933.95,2.81,0.453,2.185
8934.46,2.857,1.093,2.185
8934.97,2.823,0.453,2.185
8935.49,2.926,0.453,2.185
8936.04,2.81,0.453,0.531
8936.54,2.81,0.453,2.185
8937.06,2.81,0.453,2.181
8937.57,2.81,0.55,2.185
8938.08,2.836,0.562,2.185
8938.6,2.81,0.453,0.531
8939.11,2.838,0.467,2.187
8939.62,2.81,0.453,2.181
8940.13,2.81,0.471,2.185
8940.64,2.81,0.557,2.185
8941.17,2.81,0.453,0.531
8941.68,2.838,0.467,2.185
8942.23,2.81,0.453,0.531
8942.74,2.838,0.467,2.185
8943.25,2.892,0.467,2.185
8943.85,2.81,0.453,0.531
8944.36,2.81,0.453,2.185
8944.87,2.81,0.453,2.181
8945.47,2.81,0.453,0.531
8945.99,2.901,0.453,2.185
8946.5,2.923,0.468,2.185
8947.02,2.81,0.453,0.531
8947.53,2.81,0.453,2.185
8948.04,2.81,0.453,2.181
8948.55,2.81,0.453,2.185
8949.06,2.836,0.453,2.185
8949.57,2.81,0.453,0.531
8950.08,2.81,0.453,2.185
8950.61,2.81,0.453,0.531
8951.15,2.81,0.453,0.531
8951.67,2.81,0.453,0.531
8952.19,2.81,0.453,0.531
8952.73,2.81,0.453,0.531
8953.24,2.81,0.453,0.531
8953.84,2.81,0.453,0.531
8954.35,2.824,0.467,2.185
8954.86,2.823,0.539,1.185
8955.37,2.823,0.453,2.185
8955.94,2.823,0.453,0.531
8956.48,2.823,0.453,0.531
8957.0,2.823,0.453,0.531
8957.51,2.823,0.453,2.185
8958.02,2.823,0.453,0.531
8958.53,2.824,0.467,2.185
8959.04,2.823,0.453,0.531
8959.64,2.823,0.453,0.531
8960.15,2.823,0.453,0.531
8960.67,2.891,0.453,2.185
8961.18,2.835,1.093,2.185
8961.69,2.823,0.453,0.531
8962.24,2.823,0.453,0.531
8962.79,2.823,0.453,0.531
8963.38,2.823,0.453,0.531
8963.96,2.823,0.453,0.531
8964.47,2.823,0.453,0.531
8964.98,2.893,0.462,2.185
8965.49,2.81,0.453,2.185
8966.04,2.823,0.453,0.531
8966.55,2.823,0.453,2.185
8967.06,2.823,0.453,2.181
8967.57,2.823,0.453,0.531
8968.18,2.823,0.453,2.181
8968.69,2.823,0.453,0.531
8969.2,2.823,0.524,2.185
8969.7,2.847,0.467,2.185
8970.21,2.81,0.453,0.531
8970.82,2.81,0.453,0.531
8971.33,2.824,0.467,2.185
8971.83,2.874,0.453,2.185
8972.36,2.823,0.453,0.531
8972.87,2.838,0.467,2.185
8973.38,2.863,0.453,2.185
8973.92,2.81,0.453,0.531
8974.43,2.838,0.467,2.185
8974.94,2.876,0.467,2.185
8975.52,2.81,0.453,0.531
8976.03,2.81,0.453,2.185
8976.54,2.81,0.453,2.181
8977.12,2.81,0.453,0.531
8977.64,2.838,0.467,2.185
8978.14,2.944,0.465,2.185
8978.68,2.81,0.453,0.531
8979.2,2.895,0.453,2.185
8979.71,2.823,0.494,2.187
8980.22,2.823,0.453,2.181
8980.73,2.851,0.453,2.185
8981.24,2.851,0.453,0.531
8981.75,2.852,0.467,2.185
8982.25,2.851,0.453,0.531
8982.76,2.823,0.453,2.185
8983.27,2.823,0.453,2.181
8983.88,2.81,0.453,0.531
8984.38,2.863,0.453,2.185
8984.89,2.81,0.496,2.185
8985.4,2.81,0.453,2.181
8985.91,2.81,0.453,2.185
8986.42,2.81,0.453,2.185
8986.93,2.81,0.453,2.181
8987.53,2.81,0.453,0.531
8988.04,2.838,0.467,2.185
8988.55,2.81,0.453,0.531
8989.07,2.81,0.453,2.185
8989.58,2.879,0.467,2.185
8990.19,2.81,0.453,0.531
8990.7,2.838,0.467,2.185
8991.21,2.879,0.467,2.185
8991.77,2.81,0.453,0.531
8992.28,2.836,0.453,2.185
8992.79,2.821,0.453,2.181
8993.3,2.81,0.465,2.185
8993.81,2.906,0.467,2.185
8994.32,2.81,0.453,2.185
8994.83,2.928,0.467,2.185
8995.4,2.81,0.453,0.531
8995.91,2.81,0.547,1.185
8996.42,2.81,0.453,2.185
8996.93,2.81,0.453,0.531
8997.44,2.823,0.453,2.185
8997.95,2.81,0.453,2.185
8998.46,2.898,0.467,2.185
8998.99,2.81,0.453,0.531
8999.5,2.838,0.467,2.187
9000.01,2.888,0.453,2.185
9000.52,2.81,0.453,0.531
9001.03,2.81,0.467,2.185
9001.55,2.81,0.471,2.185
9002.06,2.81,0.453,2.181
9002.56,2.81,0.453,0.531
9003.08,2.838,0.979,2.185
9003.59,2.81,0.453,0.531
9004.1,2.823,0.578,2.185
9004.61,2.823,0.453,0.531
9005.12,2.882,0.453,2.185
9005.63,2.869,0.453,2.185
9006.14,2.81,0.453,0.531
9006.65,2.895,0.464,2.185
9007.16,2.81,0.473,2.185
9007.67,2.81,0.482,2.181
9008.18,2.81,0.469,2.185
9008.69,2.81,0.478,2.185
9009.2,2.81,0.453,2.181
9009.71,2.81,0.453,2.185
9010.22,2.81,0.453,2.185
9010.72,2.81,0.453,2.181
9011.23,2.81,0.453,2.187
9011.74,2.836,0.453,2.185
9012.25,2.81,0.453,2.181
9012.84,2.823,0.453,0.531
9013.35,2.81,0.453,2.185
9013.86,2.816,0.453,2.181
9014.43,2.81,0.453,0.531
9014.94,2.901,0.453,2.187
9015.45,2.823,0.541,2.185
9015.96,2.81,0.482,2.181
9016.47,2.81,0.5,2.185
9016.98,2.823,0.494,2.187
9017.49,2.81,0.453,2.181
9018.0,2.81,0.467,2.185
9018.51,2.81,0.866,2.185
9019.12,2.823,0.453,0.531
9019.63,2.838,0.467,2.185
9020.14,2.902,0.453,2.185
9020.66,2.81,0.453,0.531
9021.17,2.838,0.467,2.185
9021.68,2.933,0.462,2.185
9022.22,2.81,0.453,2.181
9022.73,2.81,0.453,2.185
9023.24,2.81,0.453,2.185
9023.75,2.851,0.453,2.181
9024.26,2.823,0.453,0.531
9024.77,2.823,0.525,2.185
9025.35,2.81,0.453,0.531
9025.86,2.902,0.453,2.185
9026.37,2.836,0.453,2.187
9026.89,2.81,0.453,2.181
9027.4,2.81,0.453,2.185
9027.91,2.822,0.453,2.187
9028.42,2.89,0.467,2.185
9028.98,2.81,0.453,0.531
9029.49,2.838,0.467,2.185
9030.0,2.866,0.453,2.185
9030.54,2.81,0.453,0.531
9031.05,2.81,0.453,2.185
9031.56,2.848,0.752,2.185
9032.14,2.81,0.453,0.531
9032.67,2.81,0.453,2.181
9033.23,2.823,0.453,0.531
9033.73,2.888,0.453,2.185
9034.24,2.892,0.478,2.185
9034.75,2.81,0.545,1.185
9035.26,2.81,0.453,2.187
9035.77,2.848,0.453,2.187
9036.28,2.851,0.453,0.531
9036.79,2.851,0.453,2.185
9037.3,2.851,0.453,2.181
9037.81,2.81,0.453,2.185
9038.32,2.81,0.453,2.185
9038.83,2.82,0.453,2.181
9039.41,2.81,0.453,0.531
9039.92,2.881,0.453,2.185
9040.43,2.81,0.485,2.185
9040.94,2.81,0.453,0.531
9041.45,2.824,0.467,2.187
9041.96,2.828,0.453,2.181
9042.54,2.81,0.453,0.531
9043.05,2.838,0.467,2.185
9043.62,2.81,0.453,0.531
9044.13,2.81,0.453,2.185
9044.64,2.81,0.453,2.181
9045.14,2.81,0.465,2.185
9045.66,2.81,0.589,2.185
9046.19,2.81,0.453,0.531
9046.7,2.81,0.453,2.185
9047.21,2.81,0.453,0.531
9047.72,2.838,0.467,2.185
9048.23,2.88,0.467,2.185
9048.73,2.81,0.453,2.185
9049.24,2.9,0.453,2.185
9049.76,2.81,0.453,0.531
9050.27,2.811,0.453,2.185
9050.77,2.886,0.467,2.185
9051.28,2.81,0.453,2.185
9051.79,2.81,0.453,2.185
9052.3,2.81,0.548,1.185
9052.81,2.895,0.453,2.185
9053.32,2.893,0.466,2.185
9053.85,2.81,0.453,0.531
9054.36,2.836,0.453,2.185
9054.86,2.81,0.453,2.181
9055.37,2.81,0.453,2.185
9055.88,2.836,0.453,2.185
9056.39,2.81,0.453,2.181
9056.89,2.81,0.453,2.185
9057.4,2.836,0.453,2.185
9057.91,2.81,0.453,2.181
9058.42,2.823,0.509,2.185
9058.92,2.81,0.575,2.185
9059.44,2.81,0.453,0.531
9059.95,2.81,0.453,0.531
9060.47,2.81,0.482,2.181
9060.97,2.823,0.453,2.185
9061.48,2.86,0.467,2.185
9062.06,2.823,0.453,0.531
9062.57,2.823,0.453,0.531
9063.09,2.823,0.453,0.531
9063.6,2.823,0.482,2.181
9064.11,2.823,0.453,0.531
9064.65,2.823,0.453,0.531
9065.22,2.823,0.453,0.531
9065.77,2.823,0.453,0.531
9066.36,2.823,0.453,0.531
9066.87,2.823,0.453,0.531
9067.41,2.823,0.453,0.531
9067.93,2.824,0.467,2.185
9068.44,2.823,0.453,0.531
9069.01,2.823,0.453,0.531
9069.53,2.823,0.453,2.185
9070.14,2.823,0.453,0.531
9070.68,2.823,0.453,0.531
9071.29,2.823,0.453,0.531
9071.79,2.823,0.453,0.531
9072.3,2.823,0.453,0.531
9072.82,2.823,0.453,0.531
9073.37,2.823,0.453,0.531
9073.89,2.823,0.453,0.531
9074.4,2.823,0.453,0.531
9074.94,2.823,0.453,0.531
9075.45,2.866,0.453,2.185
9075.95,2.81,0.475,2.187
9076.47,2.823,0.58,1.185
9076.98,2.81,0.453,2.185
9077.49,2.81,0.453,0.531
9078.0,2.827,0.639,2.185
9078.51,2.838,0.467,2.185
9079.03,2.81,0.453,0.531
9079.54,2.81,0.453,0.531
9080.05,2.81,0.453,0.531
9080.56,2.81,0.453,0.531
9081.07,2.81,0.453,0.531
9081.59,2.823,0.463,2.185
9082.1,2.823,0.453,0.531
9082.61,2.823,0.453,0.531
9083.11,2.823,0.453,2.185
9083.62,2.81,0.453,0.531
9084.14,2.81,0.453,2.185
9084.66,2.81,0.453,0.531
9085.17,2.839,0.467,2.185
9085.73,2.81,0.453,0.531
9086.24,2.893,0.453,2.185
9086.75,2.81,0.453,0.531
9087.27,2.873,0.453,2.185
9087.78,2.867,0.453,2.185
9088.29,2.81,0.453,0.531
9088.81,2.905,0.453,2.185
9089.32,2.836,0.51,2.185
9089.83,2.81,0.453,2.181
9090.34,2.81,0.472,2.185
9090.86,2.823,0.453,2.185
9091.36,2.81,0.453,2.181
9091.88,2.81,0.457,2.185
9092.4,2.908,0.467,2.185
9092.94,2.81,0.453,0.531
9093.45,2.824,0.453,2.185
9093.96,2.811,0.566,1.185
9094.48,2.839,0.467,2.185
9094.99,2.921,0.463,2.185
9095.52,2.811,0.453,0.531
9096.04,2.811,0.453,2.185
9096.55,2.904,0.467,2.185
9097.06,2.811,0.453,0.531
9097.57,2.899,0.453,2.185
9098.09,2.811,0.453,0.531
9098.6,2.839,0.453,2.185
9099.11,2.895,0.453,2.185
9099.62,2.811,0.453,0.531
9100.14,2.839,0.467,2.185
9100.65,2.89,0.469,2.185
9101.17,2.811,0.453,0.531
9101.69,2.825,0.467,2.185
9102.2,2.911,0.453,2.185
9102.71,2.811,0.453,0.531
9103.22,2.839,0.467,2.185
9103.73,2.9,0.453,2.185
9104.29,2.811,0.453,0.531
9104.8,2.839,0.467,2.185
9105.31,2.878,0.467,2.185
9105.86,2.811,0.453,0.531
9106.37,2.839,0.467,2.185
9106.87,2.931,0.453,2.185
9107.4,2.811,0.563,1.185
9107.92,2.811,0.508,2.185
9108.43,2.837,0.453,2.187
9108.94,2.811,0.453,2.181
9109.49,2.811,0.453,0.531
9110.0,2.839,0.467,2.185
9110.51,2.903,0.453,2.185
9111.02,2.811,0.453,0.531
9111.53,2.811,0.453,2.185
9112.05,2.811,0.453,2.185
9112.56,2.852,0.453,2.181
9113.07,2.811,0.474,2.185
9113.58,2.811,0.491,2.185
9114.09,2.811,0.539,1.185
9114.6,2.811,0.453,2.185
9115.11,2.824,0.453,2.185
9115.62,2.875,1.206,2.185
9116.18,2.811,0.453,0.531
9116.68,2.839,0.467,2.185
9117.19,2.929,0.467,2.185
9117.74,2.852,0.453,0.531
9118.25,2.839,0.467,2.185
9118.75,2.824,0.467,2.185
9119.27,2.811,0.453,0.531
9119.78,2.811,0.501,2.185
9120.3,2.811,0.453,2.185
9120.81,2.824,0.453,2.181
9121.33,2.811,0.453,2.185
9121.83,2.811,0.453,2.187
9122.34,2.811,0.453,2.181
9122.85,2.811,0.525,2.185
9123.36,2.811,0.453,2.181
9123.87,2.811,0.453,2.185
9124.38,2.811,0.453,2.185
9124.89,2.811,0.453,2.181
9125.4,2.811,0.453,2.185
9125.91,2.824,0.453,2.185
9126.42,2.836,0.453,2.181
9126.99,2.811,0.453,0.531
9127.5,2.839,0.467,2.185
9128.01,2.945,0.453,2.185
9128.52,2.811,0.453,0.531
9129.02,2.836,0.453,2.185
9129.53,2.824,0.453,0.531
9130.04,2.811,0.466,2.185
9130.55,2.811,0.486,2.187
9131.06,2.811,0.539,1.185
9131.57,2.824,0.48,2.187
9132.08,2.811,0.453,2.185
9132.59,2.815,0.453,2.181
9133.2,2.811,0.453,0.531
9133.71,2.85,0.453,2.185
9134.22,2.824,0.453,0.531
9134.72,2.839,0.467,2.185
9135.23,2.917,0.453,2.185
9135.75,2.811,0.453,0.531
9136.27,2.811,0.464,2.185
9136.78,2.837,0.453,2.185
9137.29,2.811,0.453,2.181
9137.88,2.811,0.453,0.531
9138.39,2.853,0.467,2.185
9138.9,2.896,0.453,2.185
9139.41,2.811,0.453,0.531
9139.92,2.896,0.453,2.185
9140.42,2.839,0.453,2.185
9140.94,2.852,0.453,0.531
9141.45,2.853,0.467,2.185
9141.96,2.89,0.453,2.185
9142.5,2.824,0.453,0.531
9143.01,2.873,0.453,2.185
9143.51,2.811,0.453,2.185
9144.03,2.811,0.453,2.181
9144.58,2.811,0.453,0.531
9145.09,2.839,0.467,2.185
9145.59,2.811,0.548,1.185
9146.13,2.811,0.453,2.187
9146.64,2.824,0.453,2.185
9147.15,2.811,0.453,2.181
9147.72,2.811,0.453,0.531
9148.25,2.887,0.453,2.185
9148.75,2.811,0.454,2.185
9149.27,2.811,0.951,1.372
9149.78,2.811,0.478,2.187
9150.29,2.811,0.453,2.185
9150.81,2.853,0.482,2.181
9151.32,2.853,0.466,2.185
9151.83,2.894,0.461,2.185
9152.37,2.811,0.482,2.181
9152.87,2.824,0.481,2.185
9153.38,2.811,0.453,2.185
9153.9,2.811,0.453,2.181
9154.4,2.839,0.467,2.185
9154.91,2.882,0.467,2.185
9155.45,2.811,0.453,0.531
9156.06,2.811,0.49,2.185
9156.57,2.811,0.563,1.185
9157.09,2.84,0.467,2.185
9157.6,2.811,0.453,2.181
9158.11,2.901,0.453,2.185
9158.62,2.886,0.467,2.185
9159.14,2.811,0.453,0.531
9159.65,2.811,0.509,2.185
9160.18,2.811,0.453,0.531
9160.69,2.84,0.467,2.185
9161.2,2.865,0.453,2.185
9161.73,2.811,0.453,0.531
9162.24,2.907,0.453,2.187
9162.75,2.824,0.453,2.185
9163.26,2.811,0.453,0.531
9163.77,2.811,0.465,2.185
9164.28,2.824,0.564,2.185
9164.79,2.811,0.453,0.531
9165.3,2.896,0.453,2.185
9165.81,2.89,0.467,2.185
9166.31,2.812,0.453,0.531
9166.82,2.84,0.467,2.185
9167.33,2.907,0.467,2.185
9167.88,2.812,0.453,0.531
9168.39,2.84,0.467,2.185
9168.89,2.812,0.453,2.181
9169.41,2.812,0.453,0.531
9169.92,2.812,0.453,2.185
9170.43,2.894,0.467,2.185
9170.99,2.812,0.453,0.531
9171.5,2.907,0.453,2.185
9172.01,2.837,0.464,2.185
9172.6,2.853,0.453,0.531
9173.11,2.826,0.467,2.185
9173.62,2.825,0.453,0.531
9174.13,2.825,0.453,0.531
9174.73,2.825,0.453,0.531
9175.27,2.825,0.453,0.531
9175.8,2.825,0.453,0.531
9176.31,2.825,0.453,0.531
9176.84,2.825,0.453,0.531
9177.37,2.825,0.453,0.531
9177.9,2.825,0.453,0.531
9178.41,2.825,0.453,0.531
9178.92,2.826,0.467,2.185
9179.43,2.825,0.482,2.181
9179.94,2.825,0.482,2.181
9180.51,2.825,0.453,0.531
9181.02,2.825,0.453,2.181
9181.54,2.827,0.453,2.187
9182.07,2.828,0.453,0.531
9182.58,2.828,0.453,2.185
9183.16,2.827,0.453,0.531
9183.78,2.827,0.453,0.531
9184.3,2.827,0.453,0.531
9184.82,2.827,0.453,0.531
9185.34,2.827,0.453,0.531
9185.85,2.827,0.482,2.181
9186.35,2.827,0.453,0.531
9186.91,2.827,0.453,0.531
9187.42,2.827,0.453,0.531
9188.0,2.827,0.453,0.531
9188.51,2.898,0.453,2.185
9189.02,2.827,0.453,0.531
9189.54,2.827,0.453,2.185
9190.05,2.827,0.453,2.185
9190.56,2.84,0.453,2.181
9191.11,2.814,0.453,0.531
9191.66,2.814,0.453,0.531
9192.17,2.828,0.467,2.185
9192.71,2.827,0.453,0.531
9193.22,2.898,0.464,2.185
9193.73,2.814,0.453,2.185
9194.24,2.814,0.453,2.181
9194.75,2.814,0.466,2.185
9195.26,2.814,0.457,2.185
9195.79,2.814,0.453,0.531
9196.3,2.843,0.467,2.185
9196.81,2.814,0.453,0.531
9197.31,2.843,0.467,2.185
9197.82,2.898,0.453,2.185
9198.36,2.827,0.453,0.531
9198.87,2.843,0.467,2.185
9199.38,2.91,0.467,2.185
9199.98,2.814,0.453,0.531
9200.49,2.843,0.467,2.185
9201.0,2.814,0.453,2.181
9201.51,2.827,0.453,2.185
9202.02,2.814,0.453,2.185
9202.53,2.814,0.453,0.531
9203.05,2.843,0.467,2.185
9203.56,2.871,0.467,2.185
9204.17,2.814,0.453,0.531
9204.68,2.814,0.453,2.185
9205.19,2.854,0.527,2.185
9205.7,2.814,0.453,2.185
9206.21,2.896,0.467,2.185
9206.79,2.814,0.453,0.531
9207.3,2.843,0.467,2.185
9207.8,2.924,0.453,2.185
9208.32,2.814,0.453,0.531
9208.83,2.814,0.453,0.531
9209.34,2.843,0.467,2.187
9209.85,2.857,0.467,2.185
9210.4,2.856,0.453,0.531
9210.91,2.828,0.467,2.185
9211.42,2.896,0.467,2.185
9212.01,2.814,0.453,0.531
9212.52,2.897,0.453,2.185
9213.03,2.814,0.453,2.181
9213.54,2.843,0.467,2.185
9214.05,2.818,0.453,2.181
9214.56,2.814,0.515,2.185
9215.08,2.814,0.475,2.185
9215.59,2.814,0.453,0.531
9216.1,2.904,0.453,2.185
9216.61,2.814,0.453,0.531
9217.12,2.843,0.467,2.185
9217.63,2.906,0.467,2.185
9218.22,2.814,0.453,0.531
9218.73,2.843,0.467,2.185
9219.24,2.904,0.453,2.185
9219.76,2.814,0.453,0.531
9220.27,2.814,0.516,2.185
9220.78,2.814,0.453,2.185
9221.3,2.814,0.453,2.181
9221.91,2.827,0.453,0.531
9222.42,2.843,0.467,2.185
9222.99,2.814,0.453,0.531
9223.5,2.843,0.467,2.185
9224.01,2.919,0.453,2.185
9224.53,2.814,0.453,0.531
9225.04,2.843,0.453,2.187
9225.55,2.84,0.467,2.185
9226.06,2.814,0.453,0.531
9226.57,2.814,0.465,2.185
9227.09,2.84,0.495,2.185
9227.6,2.814,0.453,2.181
9228.12,2.814,0.513,2.185
9228.63,2.814,0.453,0.531
9229.14,2.843,0.979,2.187
9229.66,2.839,0.453,2.181
9230.24,2.814,0.453,0.531
9230.75,2.843,0.467,2.185
9231.26,2.937,0.453,2.185
9231.76,2.814,0.453,0.531
9232.28,2.814,0.465,2.185
9232.79,2.814,0.489,2.187
9233.3,2.814,0.453,2.181
9233.81,2.827,0.453,2.187
9234.32,2.827,0.482,2.181
9234.83,2.814,0.453,2.185
9235.33,2.814,0.453,2.187
9235.84,2.827,0.453,2.181
9236.35,2.856,0.453,2.185
9236.86,2.814,0.453,2.185
9237.37,2.856,0.453,2.181
9237.97,2.814,0.453,0.531
9238.48,2.843,0.467,2.185
9238.99,2.884,0.453,2.185
9239.5,2.814,0.453,0.531
9240.01,2.843,0.467,2.185
9240.52,2.814,0.453,0.531
9241.03,2.908,0.453,2.185
9241.54,2.84,0.476,2.185
9242.06,2.814,0.453,0.531
9242.57,2.814,0.485,2.187
9243.08,2.856,0.453,2.185
9243.59,2.827,0.453,2.181
9244.18,2.814,0.453,0.531
9244.69,2.843,0.467,2.185
9245.2,2.879,0.453,2.185
9245.71,2.814,0.453,2.181
9246.22,2.814,0.453,2.185
9246.73,2.814,0.453,2.185
9247.26,2.814,0.453,0.531
9247.77,2.827,0.453,2.185
9248.28,2.827,0.453,2.181
9248.85,2.827,0.453,0.531
9249.36,2.843,0.467,2.185
9249.87,2.924,0.468,2.185
9250.39,2.814,0.453,0.531
9250.91,2.843,0.467,2.185
9251.42,2.815,1.206,2.185
9252.02,2.856,0.453,0.531
9252.53,2.849,0.453,2.185
9253.03,2.814,0.463,2.185
9253.57,2.815,0.453,0.531
9254.08,2.899,0.453,2.185
9254.59,2.84,0.462,2.187
9255.11,2.814,0.453,2.181
9255.62,2.814,0.453,2.185
9256.12,2.827,0.453,2.185
9256.63,2.814,0.482,2.181
9257.14,2.814,0.453,2.185
9257.65,2.814,0.453,2.185
9258.16,2.814,0.453,2.181
9258.67,2.814,0.525,2.185
9259.18,2.814,0.563,2.185
9259.72,2.814,0.453,0.531
9260.23,2.843,0.467,2.185
9260.73,2.814,0.453,2.181
9261.24,2.912,0.467,2.185
9261.76,2.814,0.49,2.187
9262.27,2.814,0.453,2.181
9262.78,2.814,0.453,2.187
9263.29,2.827,0.453,2.185
9263.8,2.814,0.453,2.181
9264.31,2.814,0.453,2.185
9264.83,2.814,0.527,2.185
9265.37,2.814,0.482,2.181
9265.88,2.843,0.467,2.185
9266.39,2.884,0.467,2.185
9266.93,2.814,0.453,0.531
9267.44,2.843,0.467,2.185
9267.95,2.907,0.467,2.185
9268.55,2.814,0.453,0.531
9269.06,2.814,0.576,2.185
9269.58,2.814,0.453,0.531
9270.08,2.843,0.467,2.185
9270.59,2.884,0.525,2.185
9271.19,2.814,0.453,0.531
9271.7,2.856,0.467,2.185
9272.21,2.896,0.467,2.185
9272.74,2.814,0.453,0.531
9273.25,2.843,0.467,2.185
9273.76,2.922,0.453,2.185
9274.28,2.814,0.453,0.531
9274.79,2.814,0.468,2.185
9275.31,2.814,0.453,0.531
9275.83,2.889,0.453,2.185
9276.34,2.814,0.542,2.185
9276.85,2.814,0.453,0.531
9277.36,2.843,0.467,2.185
9277.87,2.896,0.467,2.185
9278.41,2.814,0.453,0.531
9278.91,2.843,0.467,2.185
9279.42,2.91,0.467,2.185
9279.99,2.814,0.453,0.531
9280.53,2.814,0.453,0.531
9281.03,2.827,0.453,2.187
9281.62,2.827,0.453,0.531
9282.12,2.828,0.467,2.185
9282.63,2.827,0.453,0.531
9283.14,2.856,0.469,2.185
9283.65,2.856,0.453,2.185
9284.2,2.856,0.453,0.531
9284.8,2.856,0.453,0.531
9285.36,2.856,0.453,0.531
9285.88,2.856,0.453,0.531
9286.47,2.856,0.453,0.531
9287.02,2.856,0.453,0.531
9287.54,2.856,0.453,0.531
9288.07,2.856,0.453,0.531
9288.59,2.856,0.453,0.531
9289.15,2.856,0.453,0.531
9289.68,2.856,0.453,0.531
9290.21,2.856,0.453,0.531
9290.72,2.856,0.453,0.531
9291.23,2.829,0.546,2.185
9291.74,2.83,0.453,0.531
9292.25,2.831,0.467,2.185
9292.76,2.83,0.453,0.531
9293.57,2.845,0.467,2.185
9294.07,2.817,0.536,1.185
9294.58,2.817,0.453,0.531
9295.16,2.817,0.453,0.531
9295.75,2.817,0.453,0.531
9296.26,2.817,0.453,0.531
9296.81,2.817,0.453,0.531
9297.32,2.817,0.592,0.732
9297.83,2.817,0.683,1.185
9298.35,2.817,0.453,0.531
9298.9,2.817,0.453,0.531
9299.47,2.817,0.453,0.531
9299.98,2.83,0.527,2.185
9300.49,2.83,0.453,0.531
9301.01,2.831,0.467,2.185
9301.52,2.83,0.453,2.181
9302.02,2.817,0.453,2.185
9302.54,2.843,0.453,2.185
9303.14,2.817,0.453,0.531
9303.65,2.817,0.453,0.531
9304.16,2.83,0.453,2.185
9304.67,2.845,0.467,2.185
9305.24,2.817,0.453,0.531
9305.75,2.845,0.467,2.185
9306.26,2.886,0.467,2.185
9306.78,2.83,0.453,0.531
9307.28,2.88,0.453,2.185
9307.79,2.878,0.453,2.185
9308.3,2.817,0.453,0.531
9308.81,2.902,0.465,2.185
9309.33,2.817,0.453,0.531
9309.84,2.845,0.467,2.185
9310.34,2.817,0.453,2.181
9310.85,2.817,0.453,2.185
9311.36,2.817,0.453,2.185
9311.87,2.83,0.453,2.181
9312.38,2.817,0.465,2.185
9312.9,2.817,0.462,2.185
9313.43,2.817,0.453,0.531
9313.94,2.817,0.453,2.185
9314.45,2.876,1.092,2.185
9314.96,2.817,0.453,2.185
9315.47,2.817,0.583,2.185
9315.99,2.817,0.453,0.531
9316.49,2.831,0.467,2.185
9317.0,2.83,0.453,0.531
9317.52,2.858,0.467,2.185
9318.03,2.817,0.453,2.185
9318.54,2.858,0.453,2.181
9319.05,2.817,0.453,2.185
9319.56,2.817,0.453,2.185
9320.07,2.83,0.453,0.531
9320.58,2.845,0.467,2.185
9321.08,2.817,0.453,0.531
9321.7,2.817,0.453,2.181
9322.21,2.817,0.453,2.185
9322.72,2.817,0.453,2.185
9323.23,2.817,0.552,1.185
9323.73,2.906,0.453,2.185
9324.24,2.817,0.453,0.531
9324.76,2.884,0.453,2.185
9325.26,2.922,0.453,2.185
9325.79,2.817,0.453,0.531
9326.3,2.872,0.453,2.185
9326.8,2.83,0.466,2.185
9327.31,2.817,0.453,0.531
9327.82,2.845,0.467,2.185
9328.33,2.817,0.453,0.531
9328.85,2.817,0.453,2.185
9329.36,2.871,0.467,2.185
9329.87,2.817,0.453,0.531
9330.49,2.892,0.453,2.187
9331.0,2.817,0.506,2.185
9331.51,2.817,0.482,2.181
9332.02,2.817,0.453,2.185
9332.53,2.83,0.453,2.187
9333.04,2.825,0.453,2.181
9333.55,2.858,0.453,0.531
9334.06,2.859,0.467,2.185
9334.57,2.858,0.453,0.531
9335.08,2.845,0.467,2.185
9335.59,2.93,0.453,2.185
9336.1,2.817,0.453,0.531
9336.62,2.845,0.467,2.185
9337.13,2.883,0.467,2.185
9337.64,2.817,0.453,0.531
9338.15,2.875,0.453,2.185
9338.66,2.817,0.465,2.185
9339.17,2.817,0.453,2.181
9339.68,2.817,0.509,2.185
9340.19,2.817,0.453,2.187
9340.7,2.817,0.453,0.531
9341.2,2.817,0.453,2.187
9341.71,2.886,0.467,2.185
9342.28,2.817,0.453,0.531
9342.79,2.845,0.467,2.185
9343.3,2.895,0.453,2.185
9343.85,2.817,0.453,0.531
9344.36,2.858,0.453,2.185
9344.87,2.886,0.453,2.185
9345.38,2.817,0.453,0.531
9345.9,2.901,0.467,2.187
9346.41,2.83,0.6,1.185
9346.93,2.817,0.458,2.185
9347.44,2.817,0.497,2.187
9347.97,2.817,0.482,2.181
9348.49,2.83,0.491,2.185
9349.0,2.843,0.453,2.185
9349.51,2.817,0.453,2.181
9350.02,2.817,0.479,2.187
9350.53,2.83,0.453,2.185
9351.04,2.829,0.453,2.181
9351.64,2.817,0.453,0.531
9352.15,2.817,0.477,2.185
9352.66,2.817,0.453,2.181
9353.17,2.83,0.453,2.185
9353.68,2.842,0.467,2.185
9354.2,2.845,0.467,2.185
9354.75,2.817,0.453,0.531
9355.26,2.817,0.467,2.185
9355.77,2.817,0.453,2.185
9356.28,2.817,0.453,2.181
9356.79,2.83,0.453,2.185
9357.3,2.817,0.453,2.185
9357.81,2.892,0.467,2.185
9358.37,2.817,0.453,0.531
9358.88,2.912,0.453,2.185
9359.39,2.817,0.47,2.185
9359.9,2.817,0.453,2.181
9360.41,2.817,0.543,2.185
9360.93,2.83,0.489,2.185
9361.45,2.817,0.453,0.531
9361.97,2.845,0.467,2.185
9362.48,2.899,0.453,2.185
9363.05,2.817,0.453,0.531
9363.56,2.817,0.453,2.185
9364.07,2.817,0.533,1.185
9364.6,2.892,0.453,2.185
9365.12,2.817,0.453,2.185
9365.66,2.817,0.453,0.531
9366.17,2.845,0.467,2.185
9366.68,2.817,0.482,2.181
9367.19,2.817,0.522,2.185
9367.7,2.817,0.453,2.185
9368.24,2.817,0.529,0.581
9368.76,2.902,0.453,2.185
9369.27,2.817,0.453,0.531
9369.78,2.923,0.453,2.185
9370.29,2.858,0.453,0.531
9370.81,2.831,0.467,2.185
9371.32,2.852,0.453,2.181
9371.83,2.858,0.453,0.531
9372.35,2.858,0.453,2.185
9372.85,2.867,0.467,2.185
9373.44,2.817,0.453,0.531
9373.94,2.831,0.467,2.185
9374.45,2.915,0.463,2.185
9374.97,2.817,0.453,0.531
9375.48,2.817,0.453,2.185
9375.99,2.817,0.453,2.181
9376.5,2.817,0.523,2.187
9377.01,2.855,0.467,2.185
9377.52,2.817,0.453,0.531
9378.03,2.83,0.465,2.185
9378.54,2.817,0.494,2.187
9379.05,2.858,0.482,2.181
9379.56,2.858,0.465,2.185
9380.07,2.817,0.453,2.187
9380.58,2.83,0.453,0.531
9381.09,2.817,0.453,2.185
9381.6,2.835,0.453,2.181
9382.18,2.817,0.453,0.531
9382.69,2.845,0.467,2.185
9383.19,2.884,0.467,2.185
9383.81,2.817,0.453,0.531
9384.32,2.868,0.467,2.185
9384.83,2.842,0.453,2.181
9385.33,2.817,0.453,2.185
9385.84,2.83,0.453,2.185
9386.35,2.817,0.453,0.531
9386.86,2.834,0.582,2.185
9387.37,2.909,0.467,2.185
9387.98,2.817,0.453,0.531
9388.49,2.817,0.453,2.185
9388.99,2.817,0.453,2.181
9389.5,2.817,0.453,2.185
9390.01,2.845,0.467,2.185
9390.52,2.817,0.453,2.181
9391.03,2.817,0.453,0.531
9391.54,2.817,0.453,2.187
9392.05,2.817,0.453,0.531
9392.56,2.817,0.453,0.531
9393.07,2.83,0.467,2.185
9393.58,2.858,0.467,2.185
9394.09,2.83,0.453,0.531
9394.6,2.83,0.453,2.181
9395.11,2.83,0.453,0.531
9395.64,2.83,0.453,0.531
9396.18,2.83,0.453,0.531
9396.74,2.83,0.453,0.531
9397.25,2.83,0.453,0.531
9397.79,2.83,0.453,0.531
9398.34,2.83,0.453,0.531
9398.88,2.83,0.453,0.531
9399.45,2.83,0.453,0.531
9399.97,2.83,0.453,0.531
9400.48,2.83,0.453,0.531
9401.0,2.831,0.467,2.185
9401.51,2.831,0.453,0.531
9402.24,2.831,0.594,2.185
9402.8,2.831,0.453,0.531
9403.31,2.831,0.482,2.181
9403.92,2.831,0.453,0.531
9404.46,2.831,0.453,0.531
9404.97,2.831,0.453,0.531
9405.51,2.831,0.453,0.531
9406.09,2.831,0.453,0.531
9406.6,2.831,0.453,0.531
9407.11,2.832,0.467,2.185
9407.62,2.831,0.566,0.631
9408.14,2.831,0.453,0.531
9408.65,2.831,0.453,0.531
9409.17,2.831,0.453,0.531
9409.68,2.831,0.453,2.185
9410.23,2.831,0.453,0.531
9410.74,2.893,0.453,2.185
9411.25,2.899,0.453,2.185
9411.76,2.818,0.453,0.531
9412.28,2.846,0.467,2.185
9412.79,2.875,0.467,2.185
9413.32,2.818,0.453,0.531
9413.83,2.846,0.467,2.185
9414.34,2.818,0.453,0.531
9414.87,2.818,0.453,2.185
9415.38,2.818,0.453,2.181
9415.89,2.818,0.474,2.185
9416.41,2.818,0.488,2.185
9416.93,2.818,0.453,0.531
9417.44,2.831,0.453,2.185
9417.95,2.818,0.453,2.181
9418.46,2.818,0.453,2.185
9418.97,2.818,0.453,2.185
9419.48,2.818,0.453,2.181
9419.99,2.818,0.521,2.185
9420.51,2.846,0.467,2.185
9421.07,2.818,0.453,0.531
9421.58,2.846,0.467,2.185
9422.09,2.818,0.453,0.531
9422.6,2.846,0.467,2.185
9423.11,2.899,0.467,2.185
9423.62,2.818,0.453,2.185
9424.13,2.911,0.453,2.185
9424.75,2.818,0.453,0.531
9425.26,2.844,0.453,2.185
9425.77,2.818,0.453,0.531
9426.28,2.882,0.453,2.185
9426.83,2.818,0.453,0.531
9427.34,2.846,0.467,2.185
9427.85,2.818,0.453,2.181
9428.36,2.896,0.453,2.185
9428.87,2.818,0.459,2.185
9429.41,2.818,0.453,0.531
9429.92,2.887,0.453,2.185
9430.44,2.818,0.453,0.531
9430.95,2.818,0.453,2.185
9431.46,2.818,0.453,2.181
9431.97,2.818,0.467,2.185
9432.48,2.818,0.453,0.531
9432.99,2.91,0.453,2.185
9433.5,2.818,0.453,0.531
9434.01,2.846,0.467,2.185
9434.52,2.853,0.453,2.185
9435.09,2.831,0.453,0.531
9435.6,2.846,0.467,2.185
9436.11,2.911,0.467,2.185
9436.63,2.818,0.453,0.531
9437.15,2.846,0.467,2.185
9437.65,2.9,0.467,2.185
9438.18,2.818,0.453,0.531
9438.69,2.903,0.453,2.185
9439.2,2.818,0.464,2.185
9439.72,2.818,0.453,0.531
9440.23,2.818,0.453,2.185
9440.74,2.818,0.453,0.531
9441.25,2.818,0.492,2.185
9441.76,2.818,0.482,2.181
9442.27,2.818,0.453,2.185
9442.79,2.818,0.453,2.185
9443.3,2.818,0.453,2.181
9443.88,2.831,0.453,0.531
9444.39,2.846,0.453,2.185
9444.9,2.831,0.486,2.187
9445.42,2.818,0.453,2.181
9445.93,2.818,0.453,2.187
9446.44,2.818,0.453,2.185
9446.95,2.818,0.453,2.181
9447.56,2.818,0.453,0.531
9448.07,2.882,0.453,2.187
9448.58,2.912,0.453,2.185
9449.12,2.818,0.453,0.531
9449.63,2.846,0.467,2.185
9450.13,2.818,0.453,2.181
9450.72,2.818,0.453,0.531
9451.23,2.846,0.467,2.185
9451.74,2.818,0.454,2.185
9452.28,2.818,0.453,0.531
9452.79,2.818,0.453,2.185
9453.3,2.818,0.453,2.181
9453.81,2.818,0.453,2.185
9454.32,2.818,0.453,2.185
9454.83,2.818,0.453,2.181
9455.34,2.818,0.453,0.531
9455.96,2.846,0.467,2.187
9456.47,2.856,0.467,2.185
9457.01,2.818,0.453,0.531
9457.51,2.863,0.453,2.185
9458.02,2.818,0.453,0.531
9458.53,2.846,0.467,2.185
9459.03,2.848,0.453,2.185
9459.62,2.831,0.453,0.531
9460.13,2.846,0.467,2.185
9460.64,2.925,0.453,2.185
9461.16,2.818,0.453,0.531
9461.67,2.818,0.467,2.185
9462.18,2.818,0.467,2.185
9462.69,2.818,0.453,2.181
9463.3,2.831,0.453,0.531
9463.81,2.846,0.467,2.185
9464.32,2.818,0.453,0.531
9464.83,2.903,0.453,2.185
9465.34,2.818,0.463,2.185
9465.85,2.818,0.482,2.181
9466.36,2.818,0.474,2.185
9466.87,2.818,0.453,2.185
9467.38,2.818,0.453,2.181
9467.93,2.818,0.453,0.531
9468.44,2.896,0.453,2.185
9468.95,2.831,0.453,0.531
9469.46,2.832,0.467,2.185
9469.97,2.889,0.467,2.185
9470.53,2.818,0.453,0.531
9471.03,2.846,0.467,2.185
9471.54,2.872,0.467,2.185
9472.11,2.818,0.453,0.531
9472.62,2.832,0.467,2.185
9473.13,2.875,0.453,2.185
9473.65,2.818,0.453,0.531
9474.16,2.839,0.453,2.185
9474.66,2.89,0.453,2.185
9475.21,2.818,0.453,0.531
9475.71,2.859,0.467,2.185
9476.25,2.818,0.453,0.531
9476.76,2.846,0.467,2.185
9477.27,2.818,0.453,0.531
9477.78,2.903,0.464,2.185
9478.29,2.818,0.542,2.185
9478.8,2.818,0.453,0.531
9479.32,2.846,0.467,2.185
9479.83,2.846,1.263,2.185
9480.4,2.818,0.453,0.531
9480.91,2.846,0.467,2.185
9481.42,2.9,0.467,2.185
9481.93,2.818,0.453,0.531
9482.44,2.903,0.453,2.185
9482.95,2.818,0.483,2.187
9483.46,2.86,0.539,1.185
9483.97,2.818,0.538,2.185
9484.48,2.86,0.584,2.185
9484.99,2.818,0.767,1.372
9485.51,2.818,0.465,2.185
9486.02,2.856,0.453,2.181
9486.6,2.818,0.453,0.531
9487.11,2.818,0.453,2.185
9487.62,2.838,0.453,2.181
9488.13,2.818,0.453,0.531
9488.64,2.818,0.453,2.185
9489.15,2.843,0.467,2.185
9489.73,2.818,0.453,0.531
9490.24,2.846,0.453,2.187
9490.75,2.818,0.472,2.185
9491.27,2.818,0.466,0.531
9491.78,2.908,0.453,2.185
9492.29,2.818,0.453,0.531
9492.81,2.846,0.467,2.185
9493.31,2.9,0.467,2.185
9493.83,2.818,0.453,0.531
9494.34,2.846,0.467,2.185
9494.85,2.875,0.467,2.185
9495.43,2.86,0.453,0.531
9495.94,2.861,0.467,2.185
9496.44,2.897,0.453,2.185
9496.99,2.818,0.453,0.531
9497.5,2.846,0.467,2.185
9498.01,2.818,0.453,0.531
9498.53,2.908,0.453,2.185
9499.04,2.818,0.481,2.185
9499.55,2.818,0.545,1.185
9500.06,2.818,0.453,2.185
9500.57,2.831,0.453,2.185
9501.08,2.831,0.453,2.181
9501.69,2.818,0.453,0.531
9502.2,2.832,0.467,2.185
9502.72,2.831,0.453,0.531
9503.24,2.831,0.453,0.531
9503.74,2.831,0.453,0.531
9504.25,2.831,0.453,0.531
9504.79,2.831,0.453,0.531
9505.36,2.831,0.453,0.531
9505.9,2.831,0.453,0.531
9506.42,2.831,0.453,0.531
9506.97,2.831,0.453,0.531
9507.51,2.831,0.453,0.531
9508.02,2.831,0.453,0.531
9508.54,2.832,0.467,2.185
9509.04,2.831,0.453,0.531
9509.55,2.831,0.453,0.531
9510.06,2.831,0.453,0.531
9510.68,2.831,0.453,0.531
9511.19,2.831,0.453,0.531
9511.7,2.831,1.17,2.181
9512.32,2.831,0.453,0.531
9512.83,2.832,0.467,2.185
9513.34,2.831,0.482,2.181
9513.9,2.831,0.453,0.531
9514.47,2.831,0.453,0.531
9515.0,2.831,0.453,0.531
9515.51,2.831,0.482,2.181
9516.02,2.886,0.453,2.185
9516.52,2.831,0.453,2.181
9517.11,2.831,0.453,0.531
9517.63,2.831,0.462,2.185
9518.14,2.831,0.453,0.531
9518.76,2.831,1.069,1.609
9519.27,2.831,0.453,0.531
9519.78,2.901,0.453,2.185
9520.29,2.818,0.472,2.185
9520.83,2.831,0.453,0.531
9521.34,2.846,0.467,2.185
9521.88,2.818,0.453,0.531
9522.4,2.846,0.467,2.185
9522.91,2.888,0.467,2.185
9523.48,2.818,0.453,0.531
9523.99,2.861,0.467,2.185
9524.5,2.913,0.453,2.185
9525.04,2.86,0.453,0.531
9525.55,2.86,0.467,2.185
9526.06,2.9,0.467,2.185
9526.63,2.818,0.453,0.531
9527.15,2.878,0.453,2.185
9527.66,2.831,0.453,0.531
9528.17,2.846,0.467,2.185
9528.68,2.897,0.467,2.185
9529.22,2.818,0.453,0.531
9529.73,2.846,0.467,2.185
9530.24,2.899,0.467,2.185
9530.79,2.818,0.453,0.531
9531.3,2.846,0.467,2.185
9531.8,2.886,0.467,2.185
9532.4,2.818,0.453,0.531
9532.91,2.818,0.453,0.531
9533.43,2.832,0.467,2.185
9533.93,2.914,0.47,2.185
9534.5,2.818,0.453,0.531
9535.02,2.818,0.453,2.185
9535.53,2.818,0.453,0.531
9536.03,2.846,0.467,2.185
9536.54,2.843,0.467,2.185
9537.05,2.818,0.453,0.531
9537.56,2.818,0.453,0.531
9538.07,2.832,0.467,2.185
9538.58,2.832,0.467,2.185
9539.21,2.831,0.453,0.531
9539.72,2.831,0.453,2.181
9540.23,2.818,0.511,2.185
9540.74,2.86,0.582,2.185
9541.26,2.818,0.453,0.531
9541.77,2.846,0.467,2.185
9542.28,2.818,0.453,0.531
9542.79,2.818,0.453,2.185
9543.3,2.886,0.467,2.185
9543.81,2.818,0.453,2.185
9544.32,2.939,0.453,2.185
9544.85,2.831,0.453,0.531
9545.36,2.831,0.453,0.531
9545.87,2.824,0.467,2.185
9546.38,2.818,0.453,0.531
9546.91,2.818,0.453,2.185
9547.43,2.818,0.453,2.181
9547.94,2.818,0.463,2.187
9548.44,2.818,0.491,2.185
9548.95,2.818,0.564,1.185
9549.47,2.903,0.453,2.185
9549.97,2.818,0.462,2.185
9550.5,2.831,0.453,0.531
9551.01,2.903,0.453,2.185
9551.52,2.818,0.465,2.185
9552.03,2.818,0.453,0.531
9552.54,2.831,0.519,2.185
9553.05,2.831,0.453,2.181
9553.56,2.818,0.453,2.187
9554.07,2.818,0.453,2.185
9554.58,2.831,0.453,2.181
9555.08,2.818,0.453,0.531
9555.7,2.846,0.467,2.187
9556.21,2.886,0.467,2.185
9556.71,2.818,0.453,0.531
9557.23,2.873,0.453,2.185
9557.74,2.86,0.459,2.185
9558.27,2.818,0.453,2.181
9558.78,2.818,0.453,2.185
9559.29,2.818,0.453,2.185
9559.81,2.831,0.453,2.181
9560.41,2.818,0.453,0.531
9560.92,2.846,0.467,2.185
9561.43,2.883,0.453,2.185
9561.94,2.818,0.453,0.531
9562.46,2.882,0.453,2.185
9562.96,2.903,0.453,2.185
9563.47,2.818,0.453,0.531
9563.98,2.846,0.467,2.185
9564.49,2.818,0.453,0.531
9565.0,2.846,0.467,2.185
9565.51,2.897,0.467,2.185
9566.11,2.818,0.453,0.531
9566.62,2.846,0.467,2.185
9567.12,2.911,0.467,2.185
9567.63,2.831,0.453,0.531
9568.14,2.847,0.467,2.185
9568.65,2.902,0.453,2.185
9569.16,2.818,0.453,0.531
9569.67,2.818,0.465,2.185
9570.18,2.818,0.453,0.531
9570.69,2.847,0.467,2.185
9571.2,2.847,0.467,2.185
9571.74,2.818,0.453,0.531
9572.25,2.818,0.453,2.181
9572.85,2.831,0.453,0.531
9573.36,2.832,0.467,2.187
9573.87,2.935,0.453,2.185
9574.38,2.818,0.453,0.531
9574.89,2.818,0.51,2.185
9575.4,2.818,0.453,2.187
9575.91,2.818,0.453,0.531
9576.42,2.818,0.464,2.185
9576.93,2.818,0.453,0.531
9577.44,2.818,0.453,0.531
9577.96,2.831,0.453,0.531
9578.58,2.832,0.453,2.185
9579.09,2.88,0.453,2.185
9579.61,2.818,0.453,0.531
9580.12,2.847,0.467,2.185
9580.63,2.818,0.453,2.181
9581.13,2.818,0.497,2.185
9581.65,2.831,0.543,2.185
9582.18,2.818,0.453,0.531
9582.7,2.847,0.453,2.185
9583.21,2.844,0.455,2.185
9583.73,2.818,0.482,2.181
9584.24,2.818,0.467,2.185
9584.75,2.898,0.488,2.185
9585.27,2.818,0.453,0.531
9585.78,2.836,1.092,2.185
9586.29,2.872,0.467,2.185
9586.87,2.831,0.453,0.531
9587.38,2.818,0.453,2.185
9587.89,2.818,0.453,2.181
9588.4,2.818,0.468,2.185
9588.91,2.886,0.467,2.185
9589.53,2.818,0.453,0.531
9590.04,2.818,0.453,2.187
9590.54,2.849,0.453,2.181
9591.15,2.818,0.453,0.531
9591.66,2.847,0.467,2.185
9592.17,2.888,0.467,2.185
9592.78,2.818,0.453,0.531
9593.29,2.818,1.27,2.181
9593.8,2.818,0.509,2.185
9594.31,2.818,0.567,2.185
9594.82,2.818,0.453,0.531
9595.33,2.847,0.467,2.187
9595.84,2.818,0.525,2.185
9596.4,2.818,0.453,0.531
9596.91,2.898,0.453,2.185
9597.42,2.818,0.462,2.185
9597.93,2.831,0.453,0.531
9598.44,2.818,0.471,2.185
9598.95,2.818,0.563,2.185
9599.46,2.818,0.453,0.531
9599.98,2.847,0.467,2.185
9600.48,2.9,0.467,2.185
9601.1,2.818,0.453,0.531
9601.61,2.847,0.467,2.187
9602.12,2.888,0.467,2.185
9602.66,2.818,0.453,0.531
9603.17,2.847,0.467,2.187
9603.68,2.875,0.453,2.185
9604.19,2.818,0.453,0.531
9604.7,2.895,0.453,2.185
9605.21,2.847,0.467,2.185
9605.72,2.818,0.453,0.531
9606.23,2.861,0.467,2.185
9606.73,2.941,0.463,2.185
9607.25,2.86,0.453,0.531
9607.77,2.818,0.466,2.185
9608.28,2.916,0.465,2.185
9608.79,2.818,0.453,0.531
9609.31,2.9,0.453,2.185
9609.81,2.818,0.465,2.185
9610.32,2.818,0.529,0.581
9610.84,2.818,0.453,0.531
9611.35,2.818,0.482,2.181
9611.86,2.832,0.467,2.185
9612.36,2.831,0.453,0.531
9612.87,2.831,0.453,0.531
9613.49,2.831,0.482,2.181
9613.99,2.831,0.552,1.185
9614.51,2.831,0.453,0.531
9615.06,2.831,0.453,0.531
9615.57,2.831,0.453,2.181
9616.15,2.831,0.453,0.531
9616.67,2.831,0.453,0.531
9617.18,2.831,0.563,1.185
9617.69,2.832,0.467,2.185
9618.2,2.832,0.467,2.185
9618.77,2.818,0.453,0.531
9619.28,2.906,0.453,2.185
9619.79,2.818,0.453,0.531
9620.32,2.818,0.453,0.531
9620.83,2.818,0.453,0.531
9621.4,2.818,0.453,0.531
9621.92,2.818,0.453,0.531
9622.43,2.818,0.453,0.531
9622.94,2.818,0.453,0.531
9623.45,2.832,0.467,2.185
9623.96,2.831,0.453,0.531
9624.48,2.831,0.453,0.531
9625.01,2.831,0.453,0.531
9625.56,2.831,0.453,0.531
9626.1,2.831,0.453,0.531
9626.65,2.831,0.453,0.531
9627.17,2.832,0.467,2.185
9627.68,2.831,0.453,0.531
9628.19,2.831,0.453,0.531
9628.69,2.831,0.453,0.531
9629.24,2.831,0.453,0.531
9629.75,2.831,0.513,2.185
9630.26,2.831,0.564,1.185
9630.77,2.831,0.457,2.185
9631.28,2.844,0.514,2.185
9631.79,2.818,0.482,2.181
9632.3,2.818,0.474,2.185
9632.81,2.831,0.47,2.185
9633.32,2.818,0.482,2.181
9633.83,2.818,0.477,2.185
9634.34,2.818,0.526,2.185
9634.96,2.818,0.453,0.531
9635.47,2.847,0.467,2.185
9635.98,2.9,0.467,2.185
9636.49,2.818,0.507,2.185
9637.0,2.818,0.546,2.185
9637.57,2.818,0.453,0.531
9638.07,2.844,0.453,2.185
9638.58,2.831,0.453,2.181
9639.09,2.818,0.504,2.185
9639.6,2.818,0.453,0.531
9640.11,2.847,0.467,2.185
9640.62,2.885,0.467,2.185
9641.17,2.818,0.453,0.531
9641.68,2.847,0.467,2.185
9642.19,2.831,0.47,2.185
9642.72,2.818,0.453,0.531
9643.23,2.847,0.467,2.185
9643.74,2.847,0.467,2.185
9644.27,2.86,0.453,0.531
9644.78,2.861,0.467,2.185
9645.29,2.86,0.453,0.531
9645.8,2.911,0.453,2.185
9646.3,2.818,0.453,0.531
9646.81,2.847,0.467,2.185
9647.36,2.818,0.453,0.531
9647.86,2.847,0.467,2.185
9648.37,2.831,0.453,2.181
9648.95,2.818,0.453,0.531
9649.46,2.847,0.467,2.185
9649.96,2.949,0.467,2.185
9650.53,2.819,0.453,0.531
9651.04,2.819,0.453,2.185
9651.54,2.819,0.453,2.181
9652.05,2.847,0.467,2.185
9652.56,2.819,0.453,0.531
9653.09,2.847,0.467,2.185
9653.6,2.819,0.453,0.531
9654.11,2.847,0.467,2.185
9654.62,2.926,0.468,2.185
9655.16,2.819,0.453,0.531
9655.67,2.819,0.453,2.185
9656.18,2.832,0.453,2.181
9656.69,2.819,0.453,2.187
9657.2,2.875,0.467,2.185
9657.76,2.819,0.453,0.531
9658.27,2.847,0.467,2.185
9658.78,2.819,0.453,0.531
9659.29,2.819,0.453,2.187
9659.79,2.819,0.453,0.531
9660.3,2.906,0.453,2.185
9660.81,2.819,0.453,0.531
9661.32,2.819,0.538,2.187
9661.83,2.886,0.453,2.187
9662.35,2.832,0.453,2.181
9662.86,2.819,0.453,2.185
9663.37,2.819,0.453,2.185
9663.88,2.819,0.453,2.181
9664.39,2.819,0.453,2.185
9664.9,2.819,0.453,2.185
9665.41,2.847,0.467,2.185
9666.01,2.819,0.453,0.531
9666.52,2.833,0.467,2.185
9667.03,2.856,0.467,2.185
9667.58,2.819,0.453,0.531
9668.09,2.914,0.453,2.185
9668.6,2.845,0.453,2.185
9669.11,2.819,0.453,2.181
9669.62,2.86,0.453,0.531
9670.24,2.861,0.467,2.185
9670.75,2.911,0.453,2.185
9671.26,2.832,0.453,0.531
9671.77,2.819,0.464,2.185
9672.28,2.819,0.466,0.531
9672.8,2.819,0.465,2.185
9673.32,2.819,0.521,2.185
9673.83,2.819,0.453,2.181
9674.34,2.819,0.465,2.185
9674.84,2.819,0.469,2.185
9675.36,2.819,0.453,0.531
9675.87,2.819,0.465,2.185
9676.38,2.819,0.509,2.185
9676.88,2.819,0.453,0.531
9677.39,2.847,0.467,2.185
9677.9,2.819,0.464,2.185
9678.41,2.832,0.546,1.185
9678.93,2.819,0.504,2.185
9679.44,2.819,0.453,0.531
9679.95,2.832,0.521,2.185
9680.46,2.832,0.482,2.181
9680.97,2.832,0.453,0.531
9681.48,2.832,0.453,2.185
9681.99,2.819,0.453,2.185
9682.5,2.852,0.467,2.181
9683.05,2.819,0.453,0.531
9683.56,2.819,0.453,2.185
9684.07,2.819,0.453,2.181
9684.58,2.819,0.453,2.185
9685.1,2.832,0.453,2.185
9685.61,2.819,0.453,2.181
9686.12,2.819,0.453,2.185
9686.64,2.819,0.453,0.531
9687.15,2.832,0.532,2.185
9687.67,2.832,0.52,2.185
9688.18,2.832,0.482,2.181
9688.69,2.819,0.464,2.185
9689.2,2.904,0.453,2.185
9689.71,2.819,0.453,0.531
9690.22,2.847,0.467,2.185
9690.73,2.925,0.467,2.185
9691.36,2.819,0.453,0.531
9691.87,2.845,1.092,2.185
9692.38,2.819,0.453,2.181
9692.89,2.819,0.453,0.531
9693.41,2.819,0.453,2.185
9693.92,2.819,0.453,2.181
9694.43,2.819,0.453,2.185
9694.94,2.819,0.467,2.185
9695.47,2.819,0.453,0.531
9695.99,2.819,0.471,2.185
9696.5,2.819,0.519,2.185
9697.0,2.86,0.453,2.181
9697.51,2.917,0.453,2.185
9698.02,2.819,0.453,2.181
9698.53,2.819,0.497,2.185
9699.04,2.906,0.453,2.185
9699.55,2.819,0.482,2.181
9700.06,2.819,0.465,2.185
9700.58,2.861,0.467,2.185
9701.13,2.86,0.453,0.531
9701.64,2.833,0.467,2.185
9702.14,2.887,0.467,2.185
9702.71,2.819,0.453,0.531
9703.22,2.847,0.467,2.185
9703.72,2.901,0.467,2.185
9704.31,2.819,0.453,0.531
9704.82,2.847,0.467,2.185
9705.32,2.847,0.467,2.185
9705.83,2.819,0.453,0.531
9706.34,2.917,0.453,2.185
9706.85,2.819,0.479,2.185
9707.37,2.819,0.453,2.181
9707.88,2.819,0.453,2.185
9708.4,2.819,0.453,2.185
9708.91,2.819,0.453,2.181
9709.42,2.819,0.453,2.185
9709.92,2.904,0.453,2.185
9710.43,2.819,0.868,1.372
9710.94,2.819,0.453,2.185
9711.45,2.847,0.467,2.185
9711.99,2.819,0.453,0.531
9712.5,2.847,0.467,2.185
9713.0,2.915,0.453,2.185
9713.53,2.819,0.453,0.531
9714.04,2.847,0.467,2.185
9714.55,2.889,0.467,2.185
9715.12,2.832,0.453,0.531
9715.63,2.847,0.467,2.185
9716.14,2.925,0.467,2.185
9716.73,2.819,0.453,0.531
9717.24,2.847,0.467,2.185
9717.75,2.819,0.453,0.531
9718.27,2.819,0.453,2.181
9718.88,2.832,0.453,0.531
9719.47,2.832,0.453,0.531
9720.03,2.832,0.453,0.531
9720.6,2.832,0.453,0.531
9721.15,2.832,0.453,0.531
9721.71,2.832,0.453,0.531
9722.29,2.832,0.453,0.531
9722.84,2.832,0.453,0.531
9723.35,2.833,0.467,2.185
9723.86,2.832,0.453,0.531
9724.47,2.832,0.453,0.531
9724.98,2.819,0.453,2.185
9725.49,2.819,0.453,2.181
9726.0,2.832,0.453,2.185
9726.5,2.819,0.453,2.185
9727.03,2.832,0.453,0.531
9727.54,2.832,0.453,2.185
9728.05,2.832,0.453,0.531
9728.6,2.832,0.453,0.531
9729.16,2.832,0.453,0.531
9729.68,2.832,0.453,0.531
9730.19,2.832,0.453,0.531
9730.7,2.832,0.453,0.531
9731.21,2.832,0.453,0.531
9731.84,2.832,0.453,0.531
9732.35,2.832,0.453,0.531
9732.9,2.832,0.453,0.531
9733.49,2.832,0.453,0.531
9734.06,2.832,0.453,0.531
9734.57,2.832,0.654,1.185
9735.08,2.832,0.453,0.531
9735.59,2.832,0.453,2.185
9736.09,2.833,0.467,2.185
9736.6,2.878,0.453,2.185
9737.21,2.819,0.453,0.531
9737.72,2.819,0.453,0.531
9738.23,2.819,0.453,0.531
9738.74,2.832,0.453,2.185
9739.25,2.847,0.453,2.181
9739.82,2.832,0.453,0.531
9740.33,2.848,0.453,2.185
9740.85,2.819,0.453,0.531
9741.36,2.848,0.467,2.185
9741.87,2.873,0.467,2.185
9742.45,2.819,0.453,0.531
9742.96,2.82,0.453,2.185
9743.47,2.82,0.453,2.181
9743.97,2.862,0.467,2.185
9744.48,2.889,0.467,2.185
9745.09,2.82,0.453,0.531
9745.6,2.82,0.453,2.181
9746.11,2.82,0.453,2.185
9746.61,2.82,0.534,2.185
9747.12,2.82,0.482,2.181
9747.63,2.875,0.453,2.185
9748.14,2.94,0.453,2.185
9748.66,2.82,0.541,1.185
9749.19,2.833,0.453,2.185
9749.69,2.82,0.453,2.185
9750.2,2.82,0.453,2.181
9750.72,2.82,0.453,2.185
9751.23,2.82,0.453,2.185
9751.74,2.82,0.453,0.531
9752.25,2.82,0.453,2.187
9752.77,2.82,0.453,2.181
9753.28,2.917,0.465,2.185
9753.79,2.846,0.467,2.185
9754.33,2.82,0.453,0.531
9754.84,2.82,0.531,2.185
9755.36,2.82,0.482,2.181
9755.87,2.875,0.453,2.185
9756.38,2.82,0.453,2.181
9756.89,2.82,0.512,2.185
9757.41,2.848,0.467,2.185
9757.97,2.82,0.453,0.531
9758.48,2.848,0.467,2.185
9759.0,2.82,0.453,0.531
9759.51,2.848,0.467,2.185
9760.02,2.93,0.453,2.185
9760.55,2.82,0.453,0.531
9761.06,2.848,0.467,2.185
9761.57,2.82,0.453,2.181
9762.09,2.82,0.453,2.185
9762.6,2.82,0.453,2.185
9763.11,2.82,0.453,2.181
9763.62,2.82,0.453,0.531
9764.24,2.848,0.467,2.185
9764.79,2.82,0.453,0.531
9765.3,2.827,0.639,2.185
9765.89,2.82,0.453,0.531
9766.4,2.848,0.467,2.185
9766.99,2.82,0.453,0.531
9767.5,2.915,0.453,2.185
9768.01,2.902,0.476,2.185
9768.52,2.82,0.482,2.181
9769.03,2.833,0.453,2.187
9769.55,2.833,0.453,2.185
9770.06,2.845,0.453,2.181
9770.66,2.82,0.453,0.531
9771.17,2.848,0.467,2.185
9771.68,2.82,0.453,0.531
9772.2,2.848,0.467,2.185
9772.71,2.926,0.467,2.185
9773.25,2.82,0.453,0.531
9773.77,2.905,0.453,2.185
9774.28,2.82,0.462,2.185
9774.89,2.82,0.453,0.531
9775.4,2.833,0.453,2.185
9775.91,2.833,0.453,2.181
9776.51,2.833,0.453,0.531
9777.02,2.848,0.453,2.185
9777.53,2.943,0.453,2.185
9778.04,2.82,0.453,0.531
9778.55,2.884,0.453,2.185
9779.06,2.82,0.483,2.185
9779.57,2.82,0.482,2.181
9780.08,2.82,0.545,2.185
9780.59,2.82,0.486,2.185
9781.1,2.82,0.453,0.531
9781.61,2.848,0.467,2.185
9782.12,2.886,0.467,2.185
9782.7,2.82,0.453,0.531
9783.21,2.855,0.453,2.185
9783.72,2.82,0.453,0.531
9784.23,2.82,0.453,2.185
9784.73,2.876,0.467,2.185
9785.31,2.82,0.453,0.531
9785.82,2.848,0.467,2.185
9786.33,2.82,0.453,0.531
9786.84,2.82,0.453,2.181
9787.45,2.833,0.453,0.531
9787.96,2.904,0.468,2.185
9788.47,2.833,0.453,0.531
9788.98,2.834,0.467,2.185
9789.49,2.833,0.453,0.531
9790.0,2.833,0.453,2.185
9790.51,2.859,0.467,2.181
9791.11,2.82,0.453,0.531
9791.62,2.848,0.467,2.185
9792.13,2.894,0.453,2.185
9792.65,2.82,0.453,0.531
9793.17,2.861,0.462,2.185
9793.68,2.82,0.453,2.185
9794.19,2.833,0.453,2.181
9794.7,2.82,0.453,2.185
9795.21,2.82,0.453,2.185
9795.73,2.82,0.453,0.531
9796.24,2.848,0.453,2.185
9796.75,2.89,0.453,2.185
9797.25,2.833,0.453,0.531
9797.76,2.848,0.467,2.185
9798.27,2.902,0.453,2.185
9798.84,2.82,0.453,0.531
9799.35,2.849,0.467,2.185
9799.86,2.849,0.467,2.185
9800.4,2.862,0.453,0.531
9800.91,2.863,0.467,2.185
9801.42,2.862,0.529,0.581
9801.93,2.903,0.453,2.185
9802.45,2.82,0.487,2.187
9802.97,2.82,0.453,0.531
9803.49,2.916,0.507,2.185
9804.0,2.833,0.546,2.185
9804.51,2.82,1.539,2.181
9805.02,2.849,0.467,2.185
9805.53,2.82,0.453,2.181
9806.04,2.835,0.467,2.185
9806.55,2.833,0.453,0.531
9807.06,2.82,0.538,2.185
9807.58,2.82,0.482,2.181
9808.08,2.821,0.528,2.185
9808.6,2.926,0.467,2.185
9809.11,2.821,0.453,0.531
9809.62,2.861,0.453,2.185
9810.12,2.943,0.453,2.185
9810.65,2.821,0.453,0.531
9811.17,2.846,0.979,2.185
9811.68,2.821,0.453,2.181
9812.19,2.821,0.453,2.185
9812.7,2.821,0.456,2.185
9813.21,2.821,0.453,0.531
9813.72,2.905,0.453,2.185
9814.23,2.903,0.465,2.185
9814.76,2.821,0.453,0.531
9815.27,2.849,0.467,2.185
9815.78,2.906,0.453,2.185
9816.29,2.821,0.55,1.185
9816.8,2.821,0.453,2.185
9817.31,2.834,0.453,2.185
9817.82,2.821,0.453,2.181
9818.33,2.821,0.453,2.187
9818.84,2.834,0.453,2.185
9819.35,2.821,0.453,2.181
9819.86,2.821,0.453,2.185
9820.37,2.821,0.453,2.185
9820.88,2.829,0.453,2.181
9821.39,2.821,0.453,2.185
9821.9,2.821,0.554,2.185
9822.42,2.821,0.453,0.531
9822.92,2.849,0.467,2.185
9823.43,2.821,0.453,2.181
9823.94,2.821,0.524,2.185
9824.45,2.821,0.453,2.181
9824.96,2.821,0.475,2.185
9825.47,2.821,0.453,0.531
9825.98,2.821,0.453,0.531
9826.49,2.834,0.453,2.185
9827.0,2.834,0.453,0.531
9827.5,2.834,0.566,0.732
9828.05,2.834,0.453,0.531
9828.62,2.834,0.453,0.531
9829.18,2.834,0.453,0.531
9829.69,2.834,0.453,0.531
9830.25,2.834,0.453,0.531
9830.81,2.834,0.453,0.531
9831.37,2.834,0.453,0.531
9831.88,2.834,0.453,2.185
9832.39,2.835,0.467,2.185
9832.89,2.88,0.453,2.185
9833.4,2.821,0.453,0.531
9833.91,2.821,0.462,2.185
9834.42,2.847,0.453,2.185
9834.93,2.887,0.467,2.185
9835.49,2.821,0.453,0.531
9836.0,2.849,0.467,2.185
9836.55,2.821,0.453,0.531
9837.07,2.834,0.462,2.185
9837.59,2.834,0.453,0.531
9838.09,2.861,0.453,2.185
9838.6,2.834,0.6,1.185
9839.11,2.834,0.453,0.531
9839.62,2.834,0.453,0.531
9840.14,2.834,0.453,0.531
9840.66,2.834,0.453,0.531
9841.17,2.834,0.453,0.531
9841.76,2.834,0.453,0.531
9842.3,2.834,0.453,0.531
9842.82,2.834,0.453,0.531
9843.39,2.834,0.453,0.531
9843.98,2.834,0.453,0.531
9844.57,2.834,0.453,0.531
9845.12,2.834,0.453,0.531
9845.63,2.834,0.453,2.187
9846.18,2.834,0.453,0.531
9846.72,2.834,0.453,0.531
9847.23,2.834,0.65,1.185
9847.78,2.834,0.453,0.531
9848.29,2.834,0.453,2.185
9848.8,2.843,0.453,2.181
9849.31,2.821,0.453,2.185
9849.81,2.821,0.572,2.185
9850.34,2.821,0.453,0.531
9850.85,2.821,0.453,2.185
9851.36,2.821,0.453,0.531
9851.87,2.849,0.467,2.185
9852.38,2.848,0.453,2.181
9852.89,2.821,0.453,0.531
9853.4,2.821,0.453,2.185
9853.91,2.821,0.453,2.181
9854.42,2.821,0.453,2.185
9854.93,2.821,0.453,2.185
9855.44,2.821,0.453,2.181
9855.94,2.821,0.453,0.531
9856.57,2.849,0.467,2.185
9857.07,2.942,0.467,2.185
9857.63,2.821,0.453,0.531
9858.14,2.821,0.466,2.185
9858.65,2.821,0.453,0.531
9859.16,2.821,0.453,2.185
9859.67,2.821,0.453,2.181
9860.18,2.911,0.453,2.185
9860.69,2.821,0.453,2.181
9861.19,2.849,0.453,2.185
9861.71,2.821,0.516,0.581
9862.22,2.906,0.453,2.185
9862.73,2.888,0.453,2.185
9863.25,2.821,0.453,0.531
9863.76,2.849,0.467,2.185
9864.27,2.834,0.453,2.181
9864.78,2.821,0.553,2.185
9865.29,2.821,0.453,0.531
9865.8,2.849,0.467,2.185
9866.31,2.903,0.453,2.185
9866.87,2.821,0.453,0.531
9867.38,2.834,0.453,2.185
9867.89,2.821,0.453,2.181
9868.4,2.821,0.453,0.531
9869.02,2.835,0.467,2.185
9869.53,2.903,0.453,2.185
9870.05,2.821,0.453,0.531
9870.56,2.916,0.453,2.185
9871.06,2.821,0.453,2.181
9871.57,2.821,0.453,2.187
9872.08,2.821,0.453,0.531
9872.59,2.849,0.467,2.185
9873.09,2.929,0.453,2.185
9873.6,2.821,0.453,0.531
9874.12,2.907,0.453,2.185
9874.63,2.834,0.472,2.185
9875.14,2.821,0.453,2.181
9875.65,2.821,0.453,2.185
9876.16,2.821,0.453,2.185
9876.67,2.827,0.453,2.181
9877.17,2.821,0.453,2.185
9877.68,2.847,0.453,2.185
9878.19,2.821,0.453,0.531
9878.7,2.821,0.499,2.185
9879.21,2.821,0.453,0.531
9879.73,2.85,0.467,2.185
9880.23,2.9,0.453,2.185
9880.8,2.821,0.453,0.531
9881.31,2.904,0.453,2.185
9881.82,2.821,0.453,2.181
9882.33,2.821,0.453,2.185
9882.84,2.822,0.453,2.185
9883.35,2.822,0.453,2.181
9883.95,2.822,0.453,0.531
9884.46,2.873,0.467,2.185
9884.97,2.863,0.453,0.531
9885.47,2.834,0.466,2.185
9885.99,2.835,0.65,1.185
9886.5,2.834,0.474,2.185
9887.0,2.822,0.453,2.185
9887.51,2.834,0.453,2.181
9888.02,2.822,0.453,0.531
9888.53,2.834,0.453,2.185
9889.04,2.822,0.453,2.181
9889.54,2.822,0.453,2.185
9890.05,2.822,0.526,2.185
9890.56,2.822,0.453,2.181
9891.07,2.835,0.467,2.185
9891.58,2.904,0.453,2.185
9892.09,2.822,0.482,2.181
9892.6,2.822,0.457,2.185
9893.11,2.822,0.493,2.185
9893.62,2.822,0.466,0.531
9894.13,2.822,0.466,2.185
9894.64,2.822,0.483,2.185
9895.15,2.822,0.482,2.181
9895.66,2.822,0.453,2.185
9896.17,2.822,0.453,2.185
9896.68,2.822,0.453,0.531
9897.19,2.85,0.467,2.187
9897.7,2.928,0.467,2.185
9898.22,2.822,0.453,0.531
9898.73,2.911,0.453,2.185
9899.24,2.835,0.462,2.185
9899.75,2.822,0.453,2.181
9900.25,2.822,0.453,2.185
9900.76,2.822,0.453,2.185
9901.27,2.902,0.467,2.185
9901.82,2.822,0.453,0.531
9902.32,2.85,0.467,2.187
9902.83,2.822,0.463,2.185
9903.34,2.822,0.545,1.185
9903.86,2.822,0.453,2.185
9904.37,2.835,0.453,2.185
9904.92,2.822,0.453,0.531
9905.43,2.822,0.453,2.181
9906.03,2.835,0.453,0.531
9906.54,2.836,0.467,2.185
9907.05,2.888,0.453,2.185
9907.57,2.822,0.453,0.531
9908.08,2.822,0.453,2.185
9908.59,2.822,0.453,2.181
9909.1,2.822,0.462,2.185
9909.62,2.848,0.506,2.185
9910.15,2.822,0.453,0.531
9910.66,2.822,0.453,2.185
9911.17,2.822,0.453,2.181
9911.68,2.822,0.51,2.185
9912.18,2.835,0.468,2.185
9912.7,2.822,0.453,0.531
9913.21,2.822,0.453,2.185
9913.72,2.863,0.453,0.531
9914.22,2.907,0.453,2.185
9914.73,2.928,0.453,2.185
9915.32,2.822,0.453,0.531
9915.83,2.85,0.467,2.185
9916.34,2.86,0.467,2.181
9916.84,2.822,0.453,2.185
9917.35,2.888,0.453,2.185
9917.86,2.834,0.453,2.181
9918.48,2.822,0.453,0.531
9918.99,2.85,0.467,2.185
9919.5,2.822,0.453,2.181
9920.1,2.835,0.453,0.531
9920.61,2.85,0.467,2.185
9921.12,2.918,0.453,2.185
9921.65,2.822,0.453,0.531
9922.16,2.822,0.453,2.181
9922.77,2.835,0.453,0.531
9923.28,2.836,0.467,2.185
9923.79,2.904,0.453,2.185
9924.31,2.822,0.453,0.531
9924.82,2.85,0.467,2.185
9925.33,2.822,0.453,0.531
9925.84,2.92,0.466,2.187
9926.35,2.822,0.464,2.185
9926.87,2.822,0.482,2.181
9927.38,2.822,0.453,2.185
9927.89,2.822,0.453,2.185
9928.4,2.822,0.453,2.181
9929.0,2.822,0.453,0.531
9929.51,2.85,0.467,2.185
9930.02,2.915,0.467,2.185
9930.63,2.822,0.453,0.531
9931.15,2.877,0.453,2.185
9931.67,2.822,0.453,0.531
9932.18,2.85,0.467,2.185
9932.69,2.879,0.467,2.185
9933.27,2.822,0.453,0.531
9933.78,2.822,0.453,0.531
9934.29,2.822,0.453,0.531
9934.87,2.822,0.453,0.531
9935.42,2.822,0.453,0.531
9936.0,2.822,0.453,0.531
9936.51,2.822,0.453,0.531
9937.04,2.822,0.453,0.531
9937.59,2.822,0.453,0.531
9938.11,2.822,0.453,2.181
9938.69,2.835,0.453,0.531
9939.2,2.891,0.453,2.185
9939.71,2.848,0.453,2.185
9940.22,2.831,0.453,2.181
9940.83,2.822,0.453,0.531
9941.34,2.822,0.453,2.181
9941.94,2.835,0.453,0.531
9942.44,2.896,0.453,2.185
9942.95,2.835,0.453,0.531
9943.58,2.835,0.465,2.185
9944.18,2.835,0.453,0.531
9944.68,2.901,0.453,2.185
9945.19,2.835,0.453,2.181
9945.7,2.835,0.453,0.531
9946.34,2.835,0.453,0.531
9946.86,2.835,0.453,0.531
9947.37,2.835,0.482,2.181
9947.88,2.835,0.453,0.531
9948.48,2.835,0.453,0.531
9949.0,2.836,0.467,2.185
9949.51,2.835,0.453,0.531
9950.02,2.835,0.455,2.185
9950.61,2.835,0.453,0.531
9951.19,2.835,0.453,0.531
9951.76,2.835,0.453,0.531
9952.36,2.835,0.453,0.531
9952.97,2.835,0.453,0.531
9953.58,2.835,0.453,0.531
9954.14,2.835,0.453,0.531
9954.67,2.835,0.453,0.531
9955.23,2.835,0.453,0.531
9955.77,2.835,0.453,0.531
9956.29,2.836,0.467,2.185
9956.82,2.835,0.453,0.531
9957.33,2.836,0.467,2.185
9957.84,2.835,0.453,0.531
9958.46,2.836,0.467,2.185
9958.97,2.835,0.453,0.531
9959.48,2.851,0.467,2.185
9960.09,2.822,0.453,0.531
9960.59,2.848,0.453,2.185
9961.1,2.822,0.453,2.181
9961.61,2.851,0.467,2.185
9962.12,2.822,0.453,2.181
9962.62,2.822,0.506,2.185
9963.13,2.956,0.453,2.185
9963.67,2.822,0.453,0.531
9964.18,2.851,0.467,2.185
9964.69,2.822,0.453,0.531
9965.2,2.851,0.467,2.185
9965.71,2.915,0.467,2.185
9966.27,2.822,0.453,0.531
9966.77,2.851,0.467,2.185
9967.28,2.941,0.467,2.185
9967.87,2.822,0.453,0.531
9968.38,2.823,0.453,2.185
9968.89,2.84,0.453,2.181
9969.4,2.836,0.464,2.185
9969.9,2.891,0.467,2.185
9970.51,2.823,0.453,0.531
9971.02,2.823,0.453,2.181
9971.53,2.823,0.453,2.185
9972.04,2.823,0.453,2.181
9972.55,2.823,0.453,2.187
9973.07,2.823,0.453,2.185
9973.58,2.823,0.453,2.181
9974.09,2.907,0.453,2.185
9974.6,2.864,0.491,2.185
9975.12,2.823,0.453,2.181
9975.62,2.823,0.453,2.185
9976.14,2.849,0.453,2.185
9976.65,2.823,0.453,2.181
9977.16,2.823,0.453,2.185
9977.67,2.823,0.453,2.181
9978.17,2.836,0.453,2.187
9978.68,2.915,0.453,2.185
9979.18,2.823,0.453,0.531
9979.7,2.823,0.463,2.185
9980.21,2.823,0.453,2.185
9980.72,2.823,0.453,2.181
9981.34,2.823,0.453,0.531
9981.85,2.864,0.453,2.185
9982.35,2.916,0.453,2.185
9982.86,2.823,0.552,1.185
9983.38,2.926,0.453,2.185
9983.88,2.92,0.463,2.185
9984.4,2.864,0.453,0.531
9984.91,2.864,0.453,2.181
9985.42,2.823,0.453,0.531
9985.93,2.823,0.453,2.181
9986.54,2.823,0.453,0.531
9987.05,2.837,0.467,2.185
9987.56,2.905,0.467,2.185
9988.12,2.823,0.453,0.531
9988.63,2.851,0.467,2.185
9989.13,2.851,0.467,2.185
9989.66,2.823,0.453,0.531
9990.16,2.851,0.467,2.185
9990.67,2.93,0.467,2.185
9991.19,2.823,0.453,0.531
9991.7,2.851,0.467,2.185
9992.21,2.851,0.467,2.185
9992.76,2.823,0.453,0.531
9993.27,2.851,0.467,2.185
9993.78,2.919,0.466,2.185
9994.31,2.823,0.453,0.531
9994.82,2.88,0.453,2.187
9995.33,2.889,0.453,2.185
9995.84,2.823,0.453,0.531
9996.35,2.851,0.453,2.185
9996.86,2.836,0.466,2.185
9997.38,2.823,0.453,0.531
9997.89,2.851,0.467,2.185
9998.4,2.823,0.453,0.531
9998.91,2.837,0.467,2.185
9999.42,2.905,0.453,2.185
9999.99,2.823,0.453,0.531
10000.5,2.851,0.467,2.185
10001.01,2.879,0.467,2.185
10001.52,2.823,0.453,0.531
10002.03,2.865,0.467,2.187
10002.54,2.904,0.453,2.185
10003.04,2.823,0.453,0.531
10003.55,2.836,0.505,2.185
10004.06,2.836,0.453,0.531
10004.58,2.918,0.453,2.185
10005.1,2.836,0.51,2.185
10005.61,2.823,0.535,1.185
10006.13,2.921,0.465,2.185
10006.64,2.823,0.457,2.185
10007.15,2.823,0.453,0.531
10007.66,2.851,0.467,2.185
10008.16,2.937,0.453,2.185
10008.72,2.823,0.453,0.531
10009.23,2.823,0.456,2.185
10009.74,2.823,0.453,0.531
10010.25,2.823,0.462,2.187
10010.76,2.836,0.453,2.185
10011.27,2.823,0.453,2.181
10011.84,2.823,0.453,0.531
10012.35,2.851,0.467,2.185
10012.86,2.902,0.453,2.185
10013.39,2.823,0.453,0.531
10013.9,2.823,0.467,2.185
10014.42,2.823,0.453,0.531
10014.93,2.823,0.453,2.185
10015.44,2.823,0.453,2.185
10015.95,2.864,0.453,2.181
10016.46,2.864,0.453,2.185
10016.97,2.823,0.453,2.185
10017.48,2.823,0.453,2.181
10017.99,2.823,0.453,2.187
10018.51,2.823,0.453,2.185
10019.02,2.823,0.453,2.181
10019.53,2.823,0.453,2.185
10020.04,2.837,0.467,2.185
10020.65,2.823,0.453,0.531
10021.17,2.851,0.467,2.185
10021.68,2.89,0.467,2.185
10022.19,2.823,0.453,0.531
10022.7,2.851,0.467,2.185
10023.21,2.946,0.453,2.185
10023.74,2.823,0.453,0.531
10024.25,2.823,0.453,2.185
10024.76,2.901,0.467,2.185
10025.38,2.823,0.453,0.531
10025.89,2.865,0.508,2.185
10026.4,2.865,0.539,1.185
10026.91,2.865,0.505,2.185
10027.42,2.823,0.453,2.185
10027.93,2.836,0.453,2.181
10028.55,2.823,0.453,0.531
10029.06,2.823,0.482,2.181
10029.57,2.836,0.453,0.531
10030.08,2.836,0.453,0.531
10030.59,2.837,0.467,2.185
10031.1,2.905,0.453,2.185
10031.62,2.836,0.453,0.531
10032.13,2.908,0.453,2.185
10032.64,2.823,0.453,0.531
10033.15,2.823,0.457,2.185
10033.66,2.823,0.476,2.185
10034.17,2.823,0.453,2.181
10034.68,2.823,0.453,2.185
10035.19,2.836,0.453,2.185
10035.7,2.905,0.467,2.185
10036.24,2.823,0.453,0.531
10036.76,2.823,0.466,2.185
10037.27,2.836,0.453,2.187
10037.78,2.836,0.453,2.181
10038.29,2.823,0.453,2.185
10038.8,2.823,0.453,2.185
10039.3,2.848,0.453,2.181
10039.88,2.823,0.453,0.531
10040.43,2.823,0.453,0.531
10041.03,2.823,0.453,0.531
10041.6,2.823,0.453,0.531
10042.18,2.823,0.453,0.531
10042.76,2.823,0.453,0.531
10043.26,2.823,0.453,0.531
10043.83,2.823,0.453,0.531
10044.34,2.823,0.695,2.185
10044.86,2.836,0.453,0.531
10045.38,2.836,0.47,2.185
10045.89,2.836,0.453,2.181
10046.5,2.836,0.453,0.531
10047.01,2.908,0.453,2.185
10047.52,2.823,0.453,2.185
10048.04,2.823,0.453,0.531
10048.55,2.836,0.453,2.187
10049.06,2.893,0.467,2.185
10049.57,2.836,0.453,0.531
10050.09,2.837,0.467,2.185
10050.59,2.836,0.552,1.185
10051.11,2.836,0.453,2.185
10051.62,2.836,0.482,2.181
10052.12,2.836,1.086,1.372
10052.64,2.836,0.453,0.531
10053.18,2.836,0.453,0.531
10053.71,2.836,0.453,0.531
10054.22,2.836,0.453,0.531
10054.73,2.836,0.453,0.531
10055.25,2.836,0.453,0.531
10055.8,2.836,0.453,0.531
10056.35,2.836,0.453,0.531
10056.91,2.836,0.453,0.531
10057.52,2.836,0.453,0.531
10058.03,2.837,0.467,2.185
10058.61,2.836,0.453,0.531
10059.12,2.836,0.506,2.185
10059.63,2.836,0.453,0.531
10060.23,2.836,0.453,0.531
10060.74,2.836,0.453,0.531
10061.39,2.836,0.453,0.531
10061.93,2.836,0.453,0.531
10062.44,2.836,0.514,2.185
10062.95,2.836,0.453,2.181
10063.46,2.836,0.453,2.185
10063.97,2.824,0.453,2.185
10064.48,2.861,0.453,2.181
10064.99,2.824,0.509,2.185
10065.5,2.824,0.535,2.185
10066.04,2.824,0.453,0.531
10066.55,2.852,0.467,2.185
10067.06,2.824,0.453,0.531
10067.57,2.852,0.467,2.185
10068.08,2.917,0.453,2.185
10068.64,2.824,0.453,0.531
10069.15,2.85,0.453,2.185
10069.66,2.901,0.467,2.185
10070.27,2.824,0.453,0.531
10070.78,2.88,0.453,2.185
10071.33,2.824,0.453,0.531
10071.84,2.824,0.453,2.185
10072.35,2.824,0.453,0.531
10072.86,2.909,0.453,2.185
10073.37,2.824,0.453,0.531
10073.88,2.916,0.453,2.185
10074.39,2.837,0.462,2.185
10074.9,2.824,0.552,1.185
10075.42,2.824,0.527,2.185
10075.93,2.824,0.485,2.187
10076.46,2.837,0.453,0.531
10076.97,2.852,0.467,2.185
10077.47,2.948,0.453,2.185
10078.04,2.824,0.453,0.531
10078.55,2.824,0.453,0.531
10079.07,2.824,0.485,2.187
10079.58,2.824,0.453,2.187
10080.09,2.837,0.453,2.181
10080.59,2.824,0.453,2.185
10081.11,2.824,0.453,2.185
10081.62,2.824,0.453,2.181
10082.13,2.824,0.453,2.185
10082.64,2.824,0.453,2.187
10083.15,2.865,0.453,2.181
10083.66,2.865,0.453,2.185
10084.17,2.837,0.453,2.185
10084.67,2.837,0.453,0.531
10085.18,2.824,0.477,2.185
10085.69,2.824,0.453,0.531
10086.2,2.824,0.453,2.181
10086.71,2.824,0.453,2.185
10087.22,2.824,0.453,2.187
10087.73,2.838,0.453,2.181
10088.3,2.837,0.453,0.531
10088.81,2.852,0.467,2.185
10089.32,2.93,0.467,2.185
10089.89,2.824,0.453,0.531
10090.4,2.852,0.467,2.185
10090.91,2.906,0.467,2.185
10091.46,2.824,0.453,0.531
10091.96,2.824,0.539,1.185
10092.48,2.824,0.463,2.185
10092.99,2.824,0.453,0.531
10093.5,2.852,0.467,2.185
10094.01,2.852,0.467,2.185
10094.58,2.824,0.453,0.531
10095.09,2.852,0.467,2.185
10095.6,2.894,0.453,2.185
10096.14,2.824,0.453,0.531
10096.65,2.844,0.467,2.185
10097.17,2.917,0.467,2.185
10097.76,2.824,0.453,0.531
10098.27,2.854,0.467,2.185
10098.77,2.866,0.453,0.531
10099.3,2.824,0.453,2.185
10099.81,2.866,0.453,2.181
10100.32,2.824,0.453,2.185
10100.82,2.824,0.453,2.185
10101.33,2.824,0.453,2.181
10101.84,2.837,0.47,2.185
10102.35,2.824,0.547,2.185
10102.86,2.824,0.453,0.531
10103.37,2.852,0.467,2.185
10103.88,2.892,0.467,2.185
10104.48,2.824,0.453,0.531
10104.99,2.909,0.453,2.185
10105.5,2.824,0.453,0.531
10106.01,2.837,0.465,2.185
10106.52,2.837,0.546,2.185
10107.03,2.824,0.453,0.531
10107.54,2.852,0.467,2.185
10108.05,2.947,0.453,2.185
10108.58,2.824,0.453,0.531
10109.09,2.853,0.467,2.185
10109.6,2.891,0.467,2.185
10110.11,2.824,0.453,0.531
10110.62,2.824,0.453,2.185
10111.13,2.824,0.453,2.181
10111.73,2.824,0.453,0.531
10112.24,2.897,0.453,2.185
10112.75,2.879,0.467,2.185
10113.26,2.824,0.453,0.531
10113.77,2.912,0.453,2.185
10114.28,2.923,0.453,2.185
10114.79,2.824,0.453,0.531
10115.3,2.838,0.467,2.185
10115.8,2.837,0.453,0.531
10116.31,2.824,0.453,2.185
10116.82,2.923,0.467,2.185
10117.36,2.824,0.453,0.531
10117.87,2.853,0.467,2.185
10118.38,2.898,0.453,2.185
10118.92,2.837,0.453,0.531
10119.43,2.824,0.453,2.185
10119.94,2.829,0.453,2.181
10120.52,2.824,0.453,0.531
10121.03,2.92,0.453,2.185
10121.54,2.824,0.453,0.531
10122.05,2.853,0.453,2.185
10122.56,2.824,0.453,2.185
10123.07,2.824,1.539,2.181
10123.58,2.824,0.453,2.185
10124.1,2.85,0.453,2.187
10124.6,2.824,0.453,2.181
10125.11,2.824,0.453,2.185
10125.62,2.824,0.453,2.187
10126.13,2.824,0.453,2.181
10126.73,2.824,0.453,0.531
10127.24,2.853,0.467,2.185
10127.75,2.824,0.453,0.531
10128.26,2.853,0.467,2.185
10128.77,2.903,0.467,2.185
10129.34,2.825,0.453,0.531
10129.85,2.853,0.467,2.185
10130.36,2.943,0.467,2.185
10130.93,2.825,0.453,0.531
10131.44,2.839,0.467,2.185
10131.95,2.93,0.467,2.185
10132.55,2.825,0.453,0.531
10133.06,2.853,0.467,2.185
10133.6,2.825,0.453,0.531
10134.11,2.922,0.466,2.185
10134.62,2.851,0.491,2.185
10135.13,2.825,0.692,0.883
10135.64,2.825,0.535,2.185
10136.16,2.825,0.453,0.531
10136.67,2.839,0.453,2.185
10137.18,2.876,0.453,2.185
10137.69,2.838,0.564,1.185
10138.2,2.838,0.453,0.531
10138.71,2.838,0.453,2.181
10139.31,2.838,0.453,0.531
10139.82,2.9,0.453,2.185
10140.33,2.825,0.482,2.185
10140.84,2.825,0.604,2.181
10141.36,2.825,0.478,2.185
10141.87,2.825,0.453,2.185
10142.38,2.825,0.453,2.181
10142.89,2.825,0.453,2.185
10143.4,2.825,0.453,2.185
10143.91,2.825,0.453,2.181
10144.5,2.825,0.453,0.531
10145.01,2.825,0.453,2.185
10145.57,2.825,0.453,0.531
10146.14,2.825,0.453,0.531
10146.72,2.825,0.453,0.531
10147.23,2.838,0.453,2.185
10147.79,2.838,0.453,0.531
10148.35,2.838,0.453,0.531
10148.95,2.838,0.453,0.531
10149.53,2.838,0.453,0.531
10150.05,2.838,0.453,0.531
10150.6,2.838,0.453,0.531
10151.16,2.838,0.453,0.531
10151.67,2.838,0.456,2.185
10152.18,2.838,0.453,2.185
10152.69,2.853,0.467,2.185
10153.22,2.825,0.453,0.531
10153.73,2.853,0.467,2.185
10154.24,2.825,0.453,0.531
10154.75,2.839,0.467,2.185
10155.26,2.838,0.453,0.531
10155.77,2.838,0.453,0.531
10156.27,2.838,0.482,2.181
10156.78,2.838,0.482,2.181
10157.29,2.838,0.453,0.531
10157.8,2.838,0.453,0.531
10158.32,2.838,0.453,0.531
10158.82,2.838,0.453,0.531
10159.35,2.838,0.453,0.531
10159.87,2.838,0.453,0.531
10160.41,2.838,0.453,0.531
10160.92,2.838,0.453,0.531
10161.44,2.838,0.453,0.531
10161.99,2.838,0.453,0.531
10162.57,2.838,0.453,0.531
10163.09,2.838,0.473,2.185
10163.6,2.838,0.453,0.531
10164.11,2.838,0.462,2.185
10164.63,2.838,0.482,2.181
10165.14,2.838,0.453,0.531
10165.65,2.838,0.453,0.531
10166.22,2.838,0.453,0.531
10166.73,2.838,0.453,0.531
10167.24,2.909,0.453,2.185
10167.75,2.838,0.541,2.185
10168.26,2.825,0.453,0.531
10168.77,2.853,0.467,2.185
10169.28,2.894,0.467,2.185
10169.86,2.825,0.453,0.531
10170.37,2.853,0.467,2.185
10170.87,2.866,0.453,2.185
10171.43,2.825,0.453,0.531
10171.94,2.866,1.319,2.185
10172.45,2.825,0.453,0.531
10172.96,2.825,0.453,2.185
10173.47,2.825,0.482,2.181
10173.98,2.894,0.453,2.185
10174.49,2.878,0.467,2.185
10175.05,2.825,0.453,0.531
10175.56,2.853,0.467,2.185
10176.07,2.931,0.467,2.185
10176.66,2.825,0.453,0.531
10177.16,2.853,0.467,2.185
10177.67,2.932,0.467,2.185
10178.19,2.825,0.453,0.531
10178.7,2.853,0.467,2.187
10179.21,2.825,0.453,0.531
10179.71,2.825,0.453,2.185
10180.22,2.921,0.467,2.185
10180.83,2.825,0.453,0.531
10181.34,2.853,0.467,2.185
10181.84,2.931,0.467,2.185
10182.36,2.825,0.453,2.185
10182.87,2.825,0.529,2.185
10183.39,2.825,0.453,0.531
10183.9,2.825,0.453,2.185
10184.4,2.827,0.453,2.181
10184.91,2.825,0.453,2.185
10185.42,2.825,0.453,0.531
10185.93,2.853,0.467,2.185
10186.44,2.866,0.467,2.185
10186.95,2.825,0.453,0.531
10187.46,2.853,0.467,2.185
10187.97,2.893,0.453,2.185
10188.47,2.825,0.453,0.531
10188.98,2.853,0.467,2.185
10189.49,2.895,0.467,2.185
10190.01,2.825,0.453,0.531
10190.52,2.853,0.467,2.185
10191.03,2.932,0.453,2.185
10191.55,2.825,0.453,0.531
10192.06,2.853,0.467,2.185
10192.62,2.825,0.453,0.531
10193.13,2.853,0.467,2.185
10193.66,2.825,0.453,0.531
10194.17,2.825,0.453,2.185
10194.68,2.884,0.467,2.185
10195.2,2.825,0.468,2.185
10195.71,2.932,0.453,2.185
10196.28,2.825,0.453,0.531
10196.79,2.854,0.467,2.185
10197.3,2.885,0.453,2.185
10197.81,2.838,0.453,0.531
10198.33,2.825,0.463,2.187
10198.85,2.825,0.473,2.185
10199.36,2.825,0.453,0.531
10199.87,2.838,0.453,2.185
10200.39,2.838,0.453,0.531
10200.9,2.854,0.467,2.185
10201.41,2.932,0.467,2.185
10201.95,2.825,0.453,0.531
10202.46,2.854,0.467,2.185
10202.97,2.932,0.453,2.185
10203.52,2.825,0.453,0.531
10204.03,2.854,0.467,2.185
10204.54,2.932,0.453,2.185
10205.06,2.825,0.453,0.531
10205.57,2.854,0.467,2.185
10206.08,2.825,0.453,0.531
10206.6,2.84,0.467,2.185
10207.1,2.931,0.453,2.185
10207.69,2.826,0.453,0.531
10208.2,2.854,0.467,2.185
10208.7,2.918,0.467,2.185
10209.22,2.826,0.453,0.531
10209.85,2.854,0.467,2.185
10210.35,2.918,0.467,2.185
10210.96,2.839,0.453,0.531
10211.47,2.854,0.467,2.185
10211.98,2.931,0.453,2.185
10212.56,2.826,0.453,0.531
10213.07,2.854,0.467,2.185
10213.58,2.876,1.263,2.185
10214.15,2.826,0.453,0.531
10214.66,2.918,0.453,2.185
10215.17,2.826,0.463,2.185
10215.68,2.826,0.453,0.531
10216.19,2.915,0.453,2.185
10216.7,2.826,0.482,2.185
10217.21,2.826,0.453,0.531
10217.72,2.854,0.467,2.187
10218.23,2.932,0.467,2.185
10218.76,2.826,0.453,0.531
10219.26,2.879,0.453,2.185
10219.77,2.939,0.453,2.185
10220.28,2.867,0.453,0.531
10220.78,2.91,0.453,2.187
10221.29,2.826,0.457,2.185
10221.8,2.839,0.482,2.181
10222.31,2.826,0.499,2.185
10222.82,2.826,0.453,0.531
10223.33,2.854,0.467,2.185
10223.84,2.936,0.453,2.185
10224.38,2.826,0.453,0.531
10224.89,2.918,0.453,2.185
10225.4,2.826,0.479,2.185
10225.91,2.826,0.541,1.185
10226.43,2.839,0.453,2.185
10226.94,2.839,0.453,0.531
10227.45,2.84,0.467,2.185
10227.96,2.901,0.453,2.185
10228.47,2.839,0.453,0.531
10228.98,2.826,0.458,2.185
10229.49,2.91,0.453,2.185
10230.0,2.826,0.453,0.531
10230.51,2.826,0.482,2.181
10231.02,2.839,0.472,2.185
10231.53,2.826,0.496,2.185
10232.04,2.839,0.453,0.531
10232.55,2.911,0.453,2.185
10233.06,2.839,0.466,2.185
10233.57,2.826,0.453,0.531
10234.08,2.826,0.466,2.185
10234.59,2.826,0.453,0.531
10235.1,2.854,0.467,2.185
10235.6,2.895,0.453,2.185
10236.11,2.826,0.453,0.531
10236.63,2.915,0.453,2.185
10237.13,2.826,0.458,2.185
10237.64,2.826,0.453,0.531
10238.16,2.913,0.453,2.185
10238.66,2.826,0.467,2.185
10239.2,2.826,0.453,0.531
10239.71,2.826,0.453,2.185
10240.22,2.826,0.453,0.531
10240.73,2.84,0.467,2.185
10241.25,2.839,0.453,0.531
10241.77,2.839,0.453,0.531
10242.28,2.862,0.453,2.185
10242.79,2.879,0.453,2.185
10243.31,2.839,0.453,0.531
10243.83,2.826,0.465,2.185
10244.34,2.826,0.501,2.185
10244.85,2.826,0.453,2.181
10245.36,2.826,0.453,0.531
10245.87,2.826,0.539,1.185
10246.38,2.826,0.477,2.185
10246.89,2.826,0.453,2.185
10247.4,2.826,0.453,2.181
10248.01,2.826,0.453,0.531
10248.52,2.911,0.453,2.185
10249.03,2.826,0.453,0.531
10249.57,2.826,0.453,0.531
10250.13,2.826,0.453,0.531
10250.68,2.826,0.453,0.531
10251.23,2.826,0.453,0.531
10251.74,2.826,0.453,0.531
10252.35,2.826,0.453,0.531
10252.91,2.826,0.453,0.531
10253.5,2.826,0.453,0.531
10254.01,2.839,0.453,2.187
10254.52,2.898,0.467,2.185
10255.05,2.839,0.453,0.531
10255.57,2.84,0.467,2.185
10256.08,2.839,0.453,2.181
10256.59,2.839,0.453,0.531
10257.21,2.826,0.453,2.185
10257.72,2.826,0.566,1.185
10258.23,2.839,0.453,2.185
10258.74,2.839,0.453,0.531
10259.25,2.897,0.453,2.185
10259.83,2.839,0.453,0.531
10260.44,2.839,0.453,0.531
10261.0,2.839,0.453,0.531
10261.53,2.839,0.453,0.531
10262.07,2.839,0.453,0.531
10262.59,2.839,0.453,0.531
10263.11,2.839,0.453,0.531
10263.62,2.839,0.482,2.181
10264.12,2.839,0.453,0.531
10264.63,2.839,0.453,0.531
10265.19,2.839,0.453,0.531
10265.72,2.839,0.453,0.531
10266.25,2.839,0.453,0.531
10266.77,2.839,0.453,2.185
10267.37,2.839,0.453,0.531
10267.88,2.839,0.453,2.185
10268.45,2.839,0.453,0.531
10268.96,2.839,0.453,0.531
10269.55,2.839,0.453,0.531
10270.1,2.839,0.453,0.531
10270.62,2.839,0.453,2.181
10271.24,2.839,0.453,0.531
10271.75,2.84,0.467,2.187
10272.26,2.892,0.453,2.185
10272.79,2.826,0.453,0.531
10273.3,2.854,0.467,2.185
10273.82,2.826,0.453,0.531
10274.33,2.826,0.453,2.185
10274.84,2.826,0.453,0.531
10275.35,2.854,0.467,2.185
10275.93,2.826,0.453,0.531
10276.45,2.855,0.467,2.185
10276.95,2.826,0.482,2.181
10277.46,2.924,0.466,2.185
10277.98,2.839,0.46,2.185
10278.5,2.826,0.701,1.185
10279.02,2.911,0.465,2.185
10279.54,2.909,0.48,2.185
10280.12,2.839,0.453,0.531
10280.63,2.826,0.453,2.185
10281.14,2.826,0.453,0.531
10281.65,2.826,0.541,2.185
10282.16,2.826,1.237,2.181
10282.67,2.855,0.467,2.185
10283.18,2.896,0.453,2.185
10283.71,2.839,0.453,0.531
10284.22,2.855,0.467,2.185
10284.73,2.883,0.467,2.185
10285.32,2.826,0.453,0.531
10285.83,2.855,0.467,2.185
10286.34,2.894,0.467,2.185
10286.88,2.839,0.453,0.531
10287.4,2.855,0.467,2.185
10287.9,2.826,0.453,0.531
10288.43,2.827,0.453,2.185
10288.94,2.828,0.453,2.181
10289.55,2.827,0.453,0.531
10290.06,2.855,0.467,2.185
10290.57,2.945,0.453,2.185
10291.09,2.827,0.453,0.531
10291.6,2.869,0.467,2.185
10292.11,2.921,0.453,2.185
10292.64,2.868,0.541,1.185
10293.15,2.827,0.501,2.185
10293.67,2.827,0.453,2.181
10294.18,2.827,0.453,0.531
10294.8,2.855,0.467,2.185
10295.38,2.827,0.453,0.531
10295.89,2.9,0.453,2.185
10296.41,2.84,0.468,2.185
10296.92,2.827,0.453,0.531
10297.43,2.827,0.453,2.185
10297.94,2.827,0.453,2.181
10298.45,2.84,0.453,2.185
10298.97,2.909,0.467,2.185
10299.5,2.827,0.453,0.531
10300.01,2.855,0.467,2.185
10300.52,2.827,0.453,0.531
10301.05,2.827,0.453,2.185
10301.56,2.827,0.453,0.531
10302.07,2.855,0.467,2.185
10302.61,2.827,0.453,0.531
10303.12,2.855,0.467,2.185
10303.63,2.908,0.453,2.185
10304.17,2.827,0.453,0.531
10304.68,2.912,0.453,2.185
10305.19,2.84,0.464,2.185
10305.7,2.868,0.453,2.181
10306.21,2.868,0.502,2.185
10306.73,2.827,0.453,2.185
10307.24,2.827,0.453,0.531
10307.75,2.855,0.467,2.185
10308.26,2.931,0.467,2.185
10308.87,2.827,0.453,0.531
10309.38,2.84,0.453,2.185
10309.89,2.827,0.453,2.181
10310.4,2.912,0.466,2.185
10310.92,2.909,0.549,2.185
10311.5,2.827,0.453,0.531
10312.01,2.827,0.552,2.185
10312.52,2.827,0.453,0.531
10313.04,2.855,0.467,2.185
10313.54,2.906,0.467,2.185
10314.15,2.827,0.453,0.531
10314.65,2.84,0.453,2.185
10315.16,2.907,0.467,2.185
10315.76,2.827,0.453,0.531
10316.27,2.881,0.453,2.187
10316.78,2.912,0.453,2.185
10317.29,2.827,0.453,0.531
10317.8,2.827,0.453,2.185
10318.32,2.827,0.453,2.185
10318.83,2.827,0.453,2.181
10319.34,2.868,0.453,2.185
10319.85,2.827,0.453,2.185
10320.36,2.868,0.453,2.181
10320.95,2.827,0.453,0.531
10321.46,2.917,0.453,2.185
10321.97,2.827,0.463,2.187
10322.48,2.84,0.538,1.185
10323.0,2.827,0.453,2.185
10323.52,2.827,0.453,2.181
10324.02,2.84,0.453,2.185
10324.53,2.841,0.467,2.185
10325.04,2.84,0.453,0.531
10325.57,2.827,0.501,2.185
10326.08,2.84,0.492,2.185
10326.59,2.827,0.482,2.181
10327.1,2.827,0.453,2.185
10327.61,2.827,0.453,0.531
10328.12,2.841,0.467,2.185
10328.63,2.852,0.453,2.185
10329.14,2.84,0.453,0.531
10329.65,2.827,0.47,2.185
10330.16,2.827,0.453,0.531
10330.67,2.84,0.453,2.185
10331.18,2.841,0.467,2.185
10331.72,2.84,0.453,0.531
10332.25,2.827,0.458,2.185
10332.76,2.878,0.467,2.185
10333.27,2.827,0.482,2.181
10333.77,2.827,0.453,2.187
10334.28,2.827,0.513,2.185
10334.79,2.868,0.548,1.185
10335.3,2.884,0.453,2.185
10335.81,2.868,0.453,2.181
10336.32,2.827,0.453,0.531
10336.83,2.827,0.453,2.185
10337.34,2.827,0.453,2.181
10337.93,2.827,0.453,0.531
10338.44,2.905,0.453,2.185
10338.95,2.827,0.453,2.185
10339.46,2.827,0.453,0.531
10339.97,2.855,0.467,2.185
10340.48,2.827,0.453,2.181
10340.99,2.827,0.453,2.185
10341.49,2.827,0.453,0.531
10342.01,2.84,0.462,2.185
10342.52,2.84,0.453,2.181
10343.03,2.84,0.453,2.187
10343.54,2.855,0.467,2.185
10344.04,2.865,0.467,2.185
10344.55,2.827,0.453,0.531
10345.06,2.922,0.453,2.185
10345.57,2.827,0.465,2.185
10346.09,2.827,0.453,0.531
10346.6,2.912,0.453,2.185
10347.11,2.855,0.467,2.185
10347.68,2.827,0.453,0.531
10348.19,2.855,0.467,2.185
10348.7,2.961,0.465,2.185
10349.22,2.827,0.453,0.531
10349.73,2.827,0.467,2.185
10350.24,2.84,0.453,2.185
10350.75,2.827,0.453,2.181
10351.26,2.84,0.453,0.531
10351.77,2.84,0.453,0.531
10352.28,2.84,0.482,2.181
10352.79,2.84,0.453,0.531
10353.41,2.84,0.453,2.185
10353.92,2.84,0.467,2.185
10354.43,2.865,0.467,2.185
10354.93,2.827,0.453,0.531
10355.49,2.827,0.453,0.531
10356.04,2.827,0.453,0.531
10356.58,2.827,0.453,0.531
10357.15,2.827,0.453,0.531
10357.7,2.827,0.453,0.531
10358.21,2.827,0.453,0.531
10358.71,2.84,0.462,2.185
10359.32,2.84,0.453,0.531
10359.83,2.841,0.467,2.185
10360.34,2.869,0.453,2.185
10360.84,2.84,0.482,2.181
10361.35,2.827,0.453,2.187
10361.86,2.87,0.467,2.185
10362.37,2.869,0.467,2.185
10362.87,2.869,0.482,2.181
10363.38,2.869,0.453,2.185
10363.89,2.869,0.482,2.181
10364.4,2.869,0.453,0.531
10364.91,2.869,0.453,0.531
10365.5,2.869,0.453,0.531
10366.02,2.869,0.453,0.531
10366.55,2.869,0.453,0.531
10367.09,2.869,0.453,0.531
10367.6,2.84,0.453,2.185
10368.11,2.84,0.453,0.531
10368.62,2.84,0.453,0.531
10369.13,2.84,0.453,0.531
10369.64,2.84,0.453,0.531
10370.16,2.84,0.453,0.531
10370.71,2.84,0.453,0.531
10371.23,2.84,0.513,2.185
10371.74,2.827,0.453,2.185
10372.29,2.84,0.453,0.531
10372.8,2.84,0.453,0.531
10373.38,2.84,0.453,0.531
10373.94,2.84,0.453,0.531
10374.54,2.84,0.453,0.531
10375.06,2.84,0.453,0.531
10375.57,2.841,0.467,2.185
10376.08,2.84,0.453,0.531
10376.59,2.84,0.453,0.531
10377.22,2.841,0.467,2.185
10377.73,2.862,0.453,2.185
10378.31,2.84,0.453,0.531
10378.82,2.828,0.453,2.185
10379.33,2.828,0.453,0.531
10379.84,2.856,0.467,2.185
10380.35,2.828,0.453,2.181
10380.87,2.926,0.453,2.185
10381.37,2.869,0.453,2.181
10381.88,2.898,0.453,2.185
10382.39,2.907,0.467,2.185
10383.0,2.828,0.453,0.531
10383.51,2.828,0.553,2.185
10384.02,2.828,0.453,0.531
10384.53,2.856,0.467,2.187
10385.04,2.837,0.453,2.181
10385.55,2.828,0.453,2.185
10386.05,2.828,0.453,2.185
10386.56,2.828,0.453,0.531
10387.07,2.855,0.639,2.185
10387.59,2.828,0.453,0.531
10388.1,2.842,0.467,2.185
10388.61,2.897,0.467,2.185
10389.13,2.841,0.453,0.531
10389.64,2.828,0.541,2.185
10390.15,2.828,0.524,2.185
10390.66,2.828,0.453,0.531
10391.17,2.856,0.467,2.185
10391.67,2.921,0.453,2.185
10392.27,2.841,0.453,0.531
10392.78,2.841,0.453,2.185
10393.29,2.828,0.453,0.531
10393.8,2.856,0.467,2.185
10394.31,2.935,0.453,2.185
10394.85,2.828,0.453,0.531
10395.36,2.856,0.453,2.185
10395.87,2.854,0.463,2.185
10396.41,2.828,0.453,0.531
10396.92,2.856,0.453,2.185
10397.43,2.895,0.453,2.185
10397.94,2.841,0.453,0.531
10398.45,2.856,0.467,2.185
10398.96,2.828,0.453,0.531
10399.47,2.828,0.453,2.185
10399.98,2.828,0.453,0.531
10400.48,2.828,0.482,2.181
10400.99,2.828,0.466,2.185
10401.5,2.897,0.453,2.185
10402.01,2.828,0.453,0.531
10402.52,2.856,0.467,2.185
10403.03,2.91,1.319,2.185
10403.56,2.828,0.453,0.531
10404.19,2.828,0.453,2.185
10404.7,2.828,0.453,2.181
10405.21,2.828,0.457,2.185
10405.72,2.946,0.453,2.185
10406.31,2.828,0.453,0.531
10406.82,2.828,0.453,0.531
10407.33,2.856,0.467,2.185
10407.84,2.934,0.453,2.185
10408.38,2.828,0.453,0.531
10408.89,2.856,0.467,2.187
10409.4,2.885,0.453,2.185
10409.91,2.828,0.453,0.531
10410.43,2.903,0.453,2.185
10410.93,2.918,0.464,2.185
10411.46,2.828,0.453,0.531
10411.97,2.888,0.453,2.185
10412.48,2.884,0.453,2.185
10412.99,2.828,0.453,0.531
10413.5,2.856,0.467,2.185
10414.01,2.841,0.453,2.181
10414.52,2.828,0.453,2.185
10415.03,2.828,0.601,2.185
10415.55,2.828,0.453,0.531
10416.06,2.828,0.535,2.185
10416.57,2.828,0.453,0.531
10417.08,2.828,0.525,2.185
10417.59,2.841,0.453,2.181
10418.1,2.828,0.465,2.185
10418.62,2.828,0.453,0.531
10419.13,2.885,0.453,2.185
10419.63,2.933,0.463,2.185
10420.15,2.828,0.453,0.531
10420.66,2.856,0.467,2.185
10421.17,2.828,0.453,0.531
10421.68,2.828,0.453,0.531
10422.19,2.841,0.493,2.185
10422.7,2.828,0.472,2.185
10423.21,2.841,0.482,2.181
10423.72,2.828,0.498,2.185
10424.23,2.828,0.453,0.531
10424.74,2.926,0.453,2.185
10425.25,2.828,0.453,2.185
10425.76,2.841,0.453,2.181
10426.26,2.828,0.453,0.531
10426.89,2.857,0.467,2.185
10427.4,2.866,0.467,2.185
10427.96,2.828,0.453,0.531
10428.47,2.924,0.453,2.185
10428.98,2.87,0.453,0.531
10429.49,2.842,0.467,2.187
10430.0,2.853,0.467,2.181
10430.59,2.87,0.453,0.531
10431.1,2.89,0.453,2.185
10431.61,2.926,0.453,2.185
10432.12,2.828,0.482,2.181
10432.62,2.828,0.453,2.185
10433.13,2.828,0.453,2.185
10433.64,2.87,0.453,2.181
10434.18,2.87,0.453,0.531
10434.69,2.889,0.453,2.185
10435.2,2.828,0.453,0.531
10435.71,2.913,0.453,2.185
10436.22,2.828,0.453,0.531
10436.73,2.893,0.453,2.185
10437.24,2.841,0.453,0.531
10437.75,2.841,0.453,2.185
10438.26,2.841,0.453,2.181
10438.86,2.841,0.453,0.531
10439.37,2.857,0.467,2.185
10439.88,2.935,0.453,2.185
10440.4,2.828,0.453,0.531
10440.91,2.921,0.453,2.185
10441.42,2.926,0.453,2.185
10441.93,2.828,0.453,0.531
10442.44,2.857,0.467,2.187
10442.95,2.895,0.467,2.185
10443.56,2.87,0.453,0.531
10444.07,2.871,0.467,2.185
10444.57,2.87,0.467,2.185
10445.11,2.841,0.453,0.531
10445.61,2.857,0.467,2.185
10446.12,2.91,0.467,2.185
10446.68,2.828,0.453,0.531
10447.19,2.828,0.453,0.531
10447.7,2.841,0.488,2.187
10448.21,2.841,0.453,2.181
10448.72,2.841,0.453,0.531
10449.23,2.854,0.453,2.185
10449.74,2.924,0.467,2.185
10450.32,2.828,0.453,0.531
10450.83,2.857,0.467,2.187
10451.34,2.917,0.453,2.185
10451.85,2.828,0.453,0.531
10452.36,2.857,0.467,2.185
10452.94,2.828,0.453,0.531
10453.44,2.857,0.467,2.185
10453.95,2.934,0.453,2.185
10454.5,2.829,0.453,0.531
10455.01,2.915,0.453,2.185
10455.52,2.924,0.453,2.185
10456.03,2.829,0.453,0.531
10456.54,2.829,0.453,0.531
10457.04,2.829,0.453,0.531
10457.58,2.829,0.453,0.531
10458.11,2.829,0.453,0.531
10458.64,2.829,0.453,0.531
10459.18,2.829,0.453,0.531
10459.7,2.829,0.453,0.531
10460.22,2.829,0.453,0.531
10460.76,2.829,0.453,0.531
10461.3,2.829,0.453,0.531
10461.81,2.843,0.467,2.185
10462.33,2.842,0.453,0.531
10462.84,2.909,0.453,2.185
10463.35,2.829,0.485,2.187
10463.86,2.829,0.453,2.181
10464.45,2.829,0.453,0.531
10464.96,2.843,0.467,2.185
10465.47,2.842,0.592,0.732
10465.98,2.842,0.453,2.185
10466.53,2.842,0.453,0.531
10467.03,2.842,0.453,0.531
10467.77,2.842,0.453,0.531
10468.37,2.842,0.453,0.531
10468.88,2.842,0.453,0.531
10469.43,2.842,0.453,0.531
10469.97,2.842,0.453,0.531
10470.49,2.842,0.453,0.531
10471.01,2.842,0.453,0.531
10471.54,2.842,0.453,0.531
10472.07,2.842,0.453,0.531
10472.61,2.842,0.453,0.531
10473.12,2.842,0.453,2.185
10473.63,2.843,0.467,2.185
10474.14,2.91,0.453,2.185
10474.65,2.829,0.453,0.531
10475.16,2.829,0.453,2.185
10475.72,2.829,0.453,0.531
10476.23,2.842,0.453,2.185
10476.79,2.842,0.453,0.531
10477.32,2.842,0.453,0.531
10477.83,2.842,0.457,2.185
10478.35,2.842,0.453,0.531
10478.95,2.842,0.453,0.531
10479.51,2.842,0.453,0.531
10480.02,2.842,0.453,2.185
10480.53,2.842,0.453,0.531
10481.03,2.843,0.467,2.185
10481.54,2.921,0.453,2.185
10482.06,2.829,0.453,0.531
10482.57,2.829,0.482,2.181
10483.08,2.842,0.519,2.185
10483.6,2.829,0.515,2.185
10484.12,2.842,0.453,0.531
10484.63,2.829,0.453,2.185
10485.14,2.829,0.453,2.181
10485.65,2.829,0.465,2.185
10486.16,2.829,0.453,0.531
10486.67,2.857,0.467,2.185
10487.18,2.96,0.467,2.185
10487.77,2.829,0.453,0.531
10488.28,2.924,0.453,2.185
10488.78,2.841,0.463,2.185
10489.3,2.829,0.482,2.181
10489.8,2.913,0.453,2.185
10490.32,2.842,0.453,2.181
10490.93,2.842,0.453,0.531
10491.43,2.842,0.453,0.531
10491.95,2.842,0.482,2.187
10492.46,2.842,0.453,0.531
10492.97,2.843,0.467,2.185
10493.48,2.95,0.467,2.185
10493.99,2.829,0.453,2.185
10494.5,2.842,0.466,2.185
10495.04,2.829,0.453,0.531
10495.55,2.829,0.453,2.185
10496.06,2.829,0.453,2.181
10496.56,2.842,0.453,0.531
10497.19,2.857,0.467,2.185
10497.7,2.949,0.453,2.185
10498.25,2.829,0.453,0.531
10498.76,2.857,0.467,2.187
10499.26,2.829,0.453,0.531
10499.78,2.829,0.521,2.185
10500.29,2.829,0.453,0.531
10500.81,2.924,0.453,2.185
10501.31,2.842,0.453,2.185
10501.86,2.829,0.453,0.531
10502.37,2.857,0.467,2.185
10502.88,2.922,0.453,2.185
10503.43,2.842,0.453,0.531
10503.94,2.829,0.453,2.185
10504.45,2.829,0.453,2.181
10504.96,2.829,0.457,2.185
10505.47,2.829,0.453,0.531
10505.99,2.829,0.556,2.185
10506.5,2.829,0.453,0.531
10507.01,2.829,0.453,2.185
10507.52,2.829,0.453,2.181
10508.03,2.927,0.465,2.185
10508.55,2.829,0.453,2.181
10509.15,2.829,0.453,0.531
10509.66,2.843,0.467,2.185
10510.16,2.921,0.467,2.185
10510.67,2.829,0.453,2.185
10511.18,2.85,0.453,2.181
10511.79,2.829,0.453,0.531
10512.31,2.858,0.467,2.185
10512.9,2.829,0.453,0.531
10513.41,2.858,0.453,2.185
10513.92,2.829,0.453,0.531
10514.43,2.858,0.467,2.185
10514.94,2.936,0.463,2.185
10515.48,2.829,0.482,2.181
10515.99,2.829,0.465,2.185
10516.5,2.842,0.543,2.185
10517.01,2.829,0.482,2.181
10517.52,2.843,0.467,2.185
10518.03,2.896,0.453,2.185
10518.55,2.829,0.453,0.531
10519.18,2.884,0.453,2.185
10519.72,2.829,0.453,0.531
10520.23,2.858,0.467,2.185
10520.75,2.833,0.453,2.181
10521.26,2.925,0.453,2.185
10521.77,2.913,0.467,2.185
10522.28,2.83,0.476,2.185
10522.79,2.908,0.467,2.185
10523.41,2.83,0.453,0.531
10523.92,2.855,0.453,2.185
10524.43,2.83,0.453,0.531
10524.95,2.844,0.467,2.185
10525.45,2.91,0.453,2.185
10525.98,2.83,0.453,0.531
10526.49,2.83,0.453,2.185
10527.07,2.83,0.453,0.531
10527.64,2.83,0.453,0.531
10528.15,2.9,0.453,2.185
10528.66,2.83,0.454,2.185
10529.18,2.843,0.466,0.531
10529.78,2.843,0.453,0.531
10530.37,2.843,0.453,0.531
10530.88,2.843,0.488,2.187
10531.39,2.843,0.453,2.181
10531.98,2.843,0.453,0.531
10532.49,2.843,0.453,2.185
10533.0,2.853,0.453,2.181
10533.62,2.843,0.453,0.531
10534.13,2.896,0.453,2.185
10534.63,2.856,0.453,2.185
10535.15,2.83,0.453,2.181
10535.75,2.83,0.453,0.531
10536.26,2.927,0.467,2.185
10536.78,2.83,0.485,2.187
10537.29,2.83,0.453,0.531
10537.97,2.83,0.453,0.531
10538.48,2.843,0.486,2.185
10538.99,2.843,0.453,2.181
10539.5,2.843,0.453,0.531
10540.13,2.914,0.453,2.185
10540.64,2.83,0.484,2.187
10541.15,2.83,0.453,0.531
10541.66,2.858,0.467,2.185
10542.19,2.83,0.453,0.531
10542.7,2.858,0.467,2.185
10543.21,2.871,0.467,2.185
10543.74,2.83,0.453,0.531
10544.25,2.858,0.453,2.187
10544.76,2.907,0.453,2.185
10545.27,2.83,0.453,0.531
10545.79,2.914,0.464,2.185
10546.3,2.912,0.547,2.185
10546.82,2.843,0.453,0.531
10547.33,2.855,0.467,2.185
10547.91,2.83,0.453,0.531
10548.42,2.858,0.467,2.185
10548.93,2.896,0.467,2.185
10549.46,2.83,0.453,0.531
10549.97,2.844,0.467,2.185
10550.48,2.912,0.467,2.185
10551.06,2.83,0.453,0.531
10551.57,2.858,0.467,2.185
10552.08,2.896,0.467,2.185
10552.59,2.83,0.453,0.531
10553.09,2.858,0.467,2.185
10553.6,2.896,0.467,2.185
10554.12,2.83,0.453,0.531
10554.63,2.858,0.467,2.185
10555.14,2.899,0.453,2.185
10555.65,2.83,0.453,0.531
10556.16,2.83,0.453,2.185
10556.77,2.83,0.453,0.531
10557.35,2.83,0.453,0.531
10557.93,2.83,0.453,0.531
10558.46,2.83,0.453,0.531
10559.06,2.83,0.453,0.531
10559.64,2.83,0.453,0.531
10560.2,2.83,0.453,0.531
10560.73,2.83,0.453,0.531
10561.28,2.83,0.453,0.531
10561.8,2.843,0.453,2.187
10562.3,2.883,0.467,2.185
10562.81,2.843,0.548,1.185
10563.32,2.83,0.453,2.187
10563.83,2.83,0.453,2.185
10564.34,2.83,0.453,0.531
10564.85,2.858,0.467,2.185
10565.36,2.83,0.453,0.531
10565.89,2.83,0.519,2.185
10566.4,2.83,0.453,2.185
10566.91,2.83,0.453,2.181
10567.48,2.83,0.453,0.531
10568.09,2.83,0.453,0.531
10568.66,2.83,0.453,0.531
10569.25,2.83,0.453,0.531
10569.81,2.83,0.453,0.531
10570.32,2.83,0.453,0.531
10570.83,2.83,0.482,2.181
10571.34,2.83,0.566,0.732
10571.85,2.83,0.453,0.531
10572.38,2.83,0.453,0.531
10572.92,2.83,0.453,0.531
10573.44,2.83,0.453,0.531
10573.97,2.83,0.453,0.531
10574.48,2.844,0.467,2.185
10574.99,2.843,0.453,0.531
10575.49,2.843,0.453,0.531
10576.01,2.844,0.467,2.185
10576.52,2.843,0.482,2.181
10577.03,2.843,0.453,2.185
10577.54,2.843,0.453,0.531
10578.09,2.843,0.453,0.531
10578.66,2.843,0.453,0.531
10579.28,2.843,0.453,0.531
10579.79,2.843,0.453,2.181
10580.38,2.843,0.453,0.531
10580.9,2.843,0.453,0.531
10581.41,2.844,0.453,2.185
10581.92,2.925,0.463,2.185
10582.46,2.843,0.453,0.531
10582.96,2.83,0.453,2.185
10583.47,2.831,0.453,2.181
10583.98,2.83,0.453,2.185
10584.49,2.83,0.453,2.185
10585.1,2.83,0.453,0.531
10585.61,2.83,0.453,2.181
10586.21,2.843,0.453,0.531
10586.72,2.843,0.458,2.185
10587.24,2.83,0.462,2.185
10587.75,2.83,0.482,2.181
10588.25,2.83,0.453,2.185
10588.76,2.83,0.453,0.531
10589.27,2.83,0.466,2.185
10589.78,2.843,0.47,2.185
10590.29,2.83,0.482,2.181
10590.8,2.83,0.499,2.185
10591.31,2.83,0.481,2.185
10591.84,2.83,0.453,0.531
10592.35,2.871,0.467,2.185
10592.85,2.83,0.453,2.181
10593.36,2.83,0.466,2.185
10593.88,2.922,0.467,2.185
10594.47,2.83,0.453,0.531
10594.98,2.83,0.453,2.185
10595.49,2.83,0.453,0.531
10595.99,2.914,0.464,2.185
10596.5,2.843,0.453,0.531
10597.01,2.928,0.464,2.185
10597.53,2.843,0.453,2.185
10598.04,2.83,0.453,0.531
10598.56,2.894,0.453,2.185
10599.06,2.926,0.464,2.185
10599.61,2.83,0.453,0.531
10600.12,2.843,0.453,2.185
10600.63,2.83,0.453,2.181
10601.14,2.83,0.453,0.531
10601.65,2.92,0.453,2.185
10602.16,2.83,0.453,0.531
10602.67,2.858,0.467,2.185
10603.2,2.83,0.453,0.531
10603.71,2.83,0.456,2.185
10604.22,2.83,0.453,0.531
10604.74,2.858,0.467,2.185
10605.25,2.937,0.453,2.185
10605.8,2.83,0.453,0.531
10606.31,2.83,0.453,2.185
10606.82,2.852,0.453,2.181
10607.33,2.83,0.453,0.531
10607.84,2.83,0.453,2.185
10608.35,2.83,0.55,1.185
10608.86,2.897,0.453,2.185
10609.37,2.83,0.453,0.531
10609.87,2.83,0.464,2.185
10610.39,2.83,0.453,0.531
10610.9,2.893,0.453,2.185
10611.4,2.83,0.465,2.185
10611.93,2.83,0.453,0.531
10612.44,2.858,0.467,2.185
10612.95,2.923,0.453,2.185
10613.53,2.83,0.453,0.531
10614.04,2.844,0.467,2.185
10614.55,2.912,0.467,2.185
10615.09,2.83,0.453,0.531
10615.59,2.83,0.562,2.185
10616.1,2.83,0.453,0.531
10616.62,2.859,1.206,2.185
10617.13,2.83,0.453,2.181
10617.64,2.83,0.481,2.185
10618.15,2.83,0.555,2.185
10618.69,2.831,0.453,0.531
10619.2,2.836,0.467,2.185
10619.71,2.831,0.453,0.531
10620.22,2.869,0.467,2.185
10620.73,2.845,0.467,2.185
10621.27,2.831,0.453,0.531
10621.77,2.845,0.467,2.185
10622.28,2.872,0.453,2.185
10622.79,2.831,0.453,0.531
10623.29,2.831,0.464,2.185
10623.81,2.857,0.453,2.185
10624.32,2.868,0.453,2.181
10624.83,2.831,0.453,2.185
10625.33,2.844,0.453,2.185
10625.84,2.831,0.453,2.181
10626.46,2.831,0.453,0.531
10627.0,2.831,0.453,0.531
10627.51,2.845,0.467,2.185
10628.03,2.844,0.453,0.531
10628.54,2.844,0.453,0.531
10629.05,2.844,0.453,2.181
10629.63,2.844,0.453,0.531
10630.14,2.873,0.467,2.185
10630.64,2.897,0.467,2.185
10631.16,2.872,0.453,0.531
10631.67,2.912,0.453,2.187
10632.18,2.935,0.458,2.185
10632.69,2.831,0.453,0.531
10633.2,2.831,0.453,2.181
10633.78,2.844,0.453,0.531
10634.29,2.91,0.453,2.187
10634.8,2.844,0.453,0.531
10635.32,2.845,0.467,2.185
10635.85,2.844,0.453,0.531
10636.36,2.878,0.453,2.185
10636.87,2.915,0.453,2.185
10637.38,2.831,0.453,0.531
10637.89,2.943,0.466,2.185
10638.4,2.831,0.543,2.185
10638.91,2.872,0.453,0.531
10639.43,2.926,0.453,2.185
10639.94,2.917,0.453,2.185
10640.45,2.831,0.453,0.531
10640.97,2.831,0.513,2.185
10641.48,2.872,0.453,2.187
10641.99,2.831,0.453,2.181
10642.5,2.831,0.453,2.185
10643.01,2.857,0.453,2.185
10643.52,2.884,0.467,2.185
10644.11,2.831,0.453,0.531
10644.62,2.831,0.462,2.185
10645.13,2.831,0.453,2.181
10645.64,2.831,0.453,2.187
10646.15,2.857,0.453,2.185
10646.66,2.831,0.453,2.181
10647.17,2.831,0.466,2.185
10647.69,2.831,0.524,2.185
10648.22,2.831,0.453,0.531
10648.73,2.831,0.453,2.185
10649.24,2.902,0.467,2.185
10649.84,2.831,0.453,0.531
10650.35,2.844,0.467,2.185
10650.86,2.859,0.467,2.185
10651.46,2.872,0.453,0.531
10651.97,2.873,0.467,2.185
10652.48,2.872,0.453,0.531
10652.99,2.911,0.453,2.185
10653.5,2.844,0.453,0.531
10654.01,2.844,0.453,0.531
10654.52,2.844,0.453,0.531
10655.07,2.844,0.453,0.531
10655.59,2.844,0.453,0.531
10656.1,2.844,0.453,2.181
10656.61,2.844,0.453,0.531
10657.13,2.844,0.453,0.531
10657.69,2.844,0.453,0.531
10658.24,2.844,0.453,0.531
10658.84,2.844,0.453,0.531
10659.36,2.845,0.467,2.185
10659.87,2.844,0.453,0.531
10660.49,2.844,0.453,0.531
10661.0,2.844,0.453,0.531
10661.51,2.844,0.453,0.531
10662.02,2.844,0.453,0.531
10662.74,2.844,0.453,0.531
10663.31,2.844,0.453,0.531
10663.88,2.844,0.453,0.531
10664.44,2.844,0.453,0.531
10665.04,2.844,0.453,0.531
10665.58,2.844,0.453,0.531
10666.09,2.844,0.552,1.185
10666.61,2.845,0.467,2.185
10667.12,2.844,0.453,0.531
10667.73,2.844,0.453,0.531
10668.27,2.844,0.453,0.531
10668.8,2.844,0.453,0.531
10669.32,2.844,0.453,0.531
10669.87,2.844,0.453,0.531
10670.39,2.845,0.467,2.185
10671.01,2.844,0.453,0.531
10671.52,2.902,0.453,2.185
10672.03,2.844,0.482,2.181
10672.54,2.844,0.453,0.531
10673.05,2.844,0.453,2.185
10673.68,2.844,0.453,0.531
10674.19,2.844,0.453,0.531
10674.73,2.844,0.453,0.531
10675.26,2.844,0.453,0.531
10675.77,2.844,0.467,2.181
10676.33,2.844,0.453,0.531
10676.85,2.844,0.453,0.531
10677.37,2.844,0.55,2.185
10677.88,2.844,0.453,0.531
10678.39,2.844,0.453,0.531
10678.92,2.844,0.453,0.531
10679.43,2.844,0.467,2.185
10679.94,2.911,0.453,2.185
10680.45,2.873,0.453,0.531
10680.96,2.873,0.524,2.181
10681.53,2.844,0.453,0.531
10682.04,2.845,0.467,2.185
10682.55,2.885,0.467,2.185
10683.07,2.831,0.453,0.531
10683.57,2.859,0.467,2.187
10684.08,2.831,0.453,0.531
10684.59,2.859,0.467,2.185
10685.09,2.938,0.467,2.185
10685.62,2.831,0.453,0.531
10686.13,2.859,0.467,2.185
10686.64,2.899,0.467,2.185
10687.17,2.831,0.453,0.531
10687.68,2.859,0.467,2.185
10688.19,2.898,0.467,2.185
10688.69,2.831,0.453,0.531
10689.2,2.845,0.467,2.185
10689.71,2.844,0.453,2.181
10690.22,2.831,0.453,2.185
10690.72,2.859,0.467,2.185
10691.28,2.831,0.453,0.531
10691.79,2.84,0.453,2.181
10692.39,2.831,0.453,0.531
10692.9,2.859,0.467,2.185
10693.4,2.901,0.453,2.185
10693.93,2.831,0.453,0.531
10694.43,2.859,0.467,2.185
10694.94,2.924,0.467,2.185
10695.52,2.831,0.453,0.531
10696.03,2.859,0.467,2.185
10696.53,2.872,0.467,2.185
10697.1,2.831,0.453,0.531
10697.61,2.859,0.453,2.185
10698.14,2.831,0.453,0.531
10698.65,2.859,1.262,2.185
10699.23,2.831,0.453,0.531
10699.74,2.845,0.467,2.185
10700.27,2.844,0.453,0.531
10700.78,2.859,0.467,2.185
10701.28,2.938,0.467,2.185
10701.82,2.831,0.453,0.531
10702.32,2.86,0.467,2.185
10702.83,2.898,0.467,2.185
10703.41,2.831,0.453,0.531
10703.91,2.86,0.467,2.185
10704.42,2.901,0.467,2.185
10704.93,2.844,0.453,0.531
10705.44,2.844,0.482,2.181
10705.95,2.831,0.467,2.185
10706.46,2.831,0.453,2.181
10706.99,2.832,0.453,2.185
10707.5,2.911,0.474,2.185
10708.02,2.832,0.453,0.531
10708.52,2.86,0.467,2.185
10709.03,2.913,0.467,2.185
10709.55,2.832,0.453,0.531
10710.06,2.86,0.467,2.185
10710.59,2.832,0.453,0.531
10711.1,2.86,0.467,2.185
10711.6,2.926,0.453,2.185
10712.16,2.832,0.453,0.531
10712.66,2.832,0.453,2.185
10713.17,2.91,0.467,2.185
10713.73,2.845,0.453,0.531
10714.23,2.916,0.453,2.185
10714.75,2.832,0.465,2.185
10715.26,2.873,0.453,0.531
10715.77,2.931,0.453,2.185
10716.27,2.832,0.497,2.187
10716.78,2.832,0.453,2.181
10717.29,2.832,0.453,2.185
10717.8,2.832,0.453,0.531
10718.4,2.832,0.453,0.531
10718.91,2.845,0.453,2.185
10719.5,2.845,0.453,0.531
10720.01,2.845,0.483,2.185
10720.51,2.845,0.482,2.181
10721.02,2.892,0.453,2.185
10721.53,2.929,0.462,2.185
10722.06,2.832,0.453,0.531
10722.57,2.846,0.467,2.185
10723.08,2.898,0.467,2.185
10723.62,2.832,0.453,0.531
10724.13,2.927,0.453,2.185
10724.63,2.832,0.453,0.531
10725.14,2.832,0.468,2.185
10725.65,2.832,0.453,0.531
10726.25,2.832,0.453,0.531
10726.76,2.845,0.453,2.185
10727.27,2.832,0.453,2.185
10727.78,2.891,0.467,2.185
10728.33,2.873,0.453,0.531
10728.84,2.845,0.476,2.185
10729.35,2.86,0.467,2.185
10729.88,2.832,0.453,0.531
10730.39,2.927,0.453,2.185
10730.89,2.832,0.453,0.531
10731.41,2.832,0.453,0.531
10731.92,2.845,0.453,2.185
10732.43,2.832,0.453,2.185
10732.94,2.873,0.453,2.181
10733.52,2.873,0.453,0.531
10734.03,2.846,0.467,2.187
10734.54,2.858,0.464,2.185
10735.05,2.832,0.453,0.531
10735.56,2.86,0.467,2.185
10736.07,2.923,0.453,2.185
10736.59,2.832,0.453,0.531
10737.1,2.845,0.465,2.187
10737.62,2.845,0.453,2.185
10738.12,2.832,0.564,1.185
10738.64,2.832,0.473,2.187
10739.15,2.832,0.542,2.185
10739.66,2.832,0.482,2.181
10740.17,2.832,0.453,0.531
10740.7,2.832,0.453,0.531
10741.21,2.905,0.453,2.185
10741.72,2.832,0.455,2.185
10742.24,2.845,0.58,1.185
10742.75,2.845,0.453,0.531
10743.32,2.845,0.453,0.531
10743.86,2.845,0.453,0.531
10744.4,2.845,0.453,0.531
10744.97,2.845,0.453,0.531
10745.5,2.845,0.453,0.531
10746.02,2.845,0.453,0.531
10746.59,2.845,0.453,0.531
10747.17,2.845,0.453,0.531
10747.75,2.845,0.453,0.531
10748.33,2.845,0.453,0.531
10748.87,2.845,0.453,0.531
10749.47,2.845,0.453,0.531
10750.01,2.845,0.453,0.531
10750.57,2.845,0.453,0.531
10751.14,2.845,0.453,0.531
10751.65,2.845,0.453,0.531
10752.27,2.845,0.453,0.531
10752.8,2.845,0.453,0.531
10753.32,2.845,0.453,0.531
10754.04,2.845,0.453,0.531
10754.58,2.845,0.453,0.531
10755.14,2.845,0.453,0.531
10755.7,2.845,0.453,0.531
10756.22,2.845,0.453,0.531
10756.74,2.846,0.467,2.185
10757.24,2.845,0.453,0.531
10757.76,2.845,0.453,0.531
10758.27,2.845,0.453,0.531
10758.78,2.845,0.453,2.185
10759.34,2.845,0.453,0.531
10759.85,2.845,0.453,0.531
10760.37,2.845,0.453,0.531
10760.95,2.845,0.453,0.531
10761.53,2.845,0.453,0.531
10762.07,2.845,0.453,0.531
10762.66,2.845,0.453,0.531
10763.24,2.845,0.453,0.531
10763.76,2.845,0.453,0.531
10764.27,2.845,0.453,0.531
10764.77,2.846,0.467,2.185
10765.28,2.892,0.453,2.185
10765.79,2.845,0.453,0.531
10766.3,2.832,0.481,2.185
10766.81,2.832,0.496,2.187
10767.32,2.873,0.623,1.185
10767.84,2.873,0.453,2.185
10768.35,2.832,0.453,2.185
10768.86,2.845,0.453,2.181
10769.48,2.832,0.453,0.531
10769.99,2.904,0.453,2.185
10770.5,2.832,0.453,0.531
10771.01,2.845,0.495,2.187
10771.53,2.832,0.453,2.185
10772.04,2.832,0.453,2.181
10772.54,2.832,0.453,0.531
10773.05,2.832,0.453,2.185
10773.64,2.832,0.453,0.531
10774.14,2.832,0.453,2.181
10774.65,2.845,0.453,2.185
10775.16,2.832,0.453,2.185
10775.67,2.845,0.453,2.181
10776.18,2.832,0.453,0.531
10776.7,2.832,0.985,1.609
10777.21,2.832,0.473,2.185
10777.72,2.832,0.453,0.531
10778.23,2.86,0.467,2.185
10778.74,2.938,0.467,2.185
10779.33,2.832,0.453,0.531
10779.84,2.86,0.467,2.185
10780.35,2.901,0.453,2.185
10780.88,2.832,0.453,0.531
10781.39,2.86,0.467,2.185
10781.9,2.966,0.453,2.185
10782.42,2.832,0.453,0.531
10782.94,2.869,0.453,2.185
10783.45,2.845,0.453,0.531
10783.97,2.86,0.467,2.185
10784.47,2.832,0.453,0.531
10784.99,2.832,0.453,2.185
10785.5,2.832,0.453,0.531
10786.01,2.832,0.453,2.185
10786.53,2.832,0.453,2.181
10787.04,2.897,0.453,2.185
10787.55,2.832,0.453,2.181
10788.06,2.832,0.478,2.185
10788.57,2.832,0.531,2.185
10789.1,2.832,0.466,0.531
10789.63,2.86,0.467,2.185
10790.13,2.902,0.467,2.185
10790.73,2.845,0.453,0.531
10791.24,2.832,0.453,2.185
10791.75,2.832,0.453,0.531
10792.25,2.832,0.453,2.185
10792.77,2.832,0.453,0.531
10793.27,2.897,0.453,2.185
10793.81,2.832,0.453,0.531
10794.32,2.875,0.467,2.185
10794.83,2.874,0.467,2.185
10795.41,2.832,0.453,0.531
10795.92,2.874,0.467,2.185
10796.43,2.928,0.467,2.185
10796.93,2.874,0.453,2.185
10797.44,2.832,0.453,2.185
10797.95,2.832,0.482,2.181
10798.46,2.925,0.453,2.185
10798.97,2.861,0.467,2.185
10799.59,2.832,0.453,0.531
10800.1,2.832,0.453,0.531
10800.61,2.845,0.457,2.185
10801.12,2.845,0.566,0.631
10801.64,2.845,0.453,0.531
10802.26,2.845,0.453,0.531
10802.76,2.845,0.453,2.181
10803.32,2.845,0.453,0.531
10803.83,2.944,0.466,2.185
10804.35,2.874,0.453,2.181
10804.94,2.874,0.453,0.531
10805.45,2.874,0.467,2.185
10805.98,2.845,0.453,0.531
10806.49,2.911,0.453,2.185
10806.99,2.832,0.463,2.185
10807.51,2.874,0.482,2.181
10808.01,2.845,0.453,2.185
10808.52,2.845,0.453,0.531
10809.1,2.845,0.453,0.531
10809.61,2.845,0.512,2.185
10810.12,2.845,0.453,2.181
10810.73,2.845,0.453,0.531
10811.23,2.846,0.467,2.185
10811.78,2.845,0.453,0.531
10812.28,2.846,0.467,2.185
10812.79,2.902,0.453,2.185
10813.3,2.832,0.453,0.531
10813.81,2.832,0.453,0.531
10814.35,2.832,0.453,0.531
10814.86,2.846,0.467,2.185
10815.37,2.846,0.467,2.185
10815.92,2.845,0.453,0.531
10816.43,2.861,0.467,2.185
10816.93,2.966,0.453,2.185
10817.45,2.832,0.453,0.531
10817.95,2.861,0.467,2.185
10818.46,2.91,0.453,2.185
10818.97,2.845,0.453,0.531
10819.59,2.845,0.453,0.531
10820.09,2.845,0.457,2.185
10820.61,2.845,0.453,0.531
10821.11,2.845,0.453,0.531
10821.62,2.845,0.453,0.531
10822.13,2.845,0.453,2.185
10822.73,2.845,0.453,0.531
10823.28,2.845,0.453,0.531
10823.82,2.845,0.453,0.531
10824.39,2.845,0.453,0.531
10824.97,2.845,0.453,0.531
10825.49,2.845,0.453,0.531
10826.1,2.845,0.453,0.531
10826.65,2.845,0.453,0.531
10827.15,2.845,0.453,0.531
10827.67,2.845,0.453,0.531
10828.27,2.845,0.453,0.531
10828.8,2.845,0.453,0.531
10829.36,2.845,0.453,0.531
10829.9,2.845,0.453,0.531
10830.43,2.845,0.453,0.531
10830.99,2.845,0.453,0.531
10831.53,2.845,0.453,0.531
10832.08,2.845,0.453,0.531
10832.59,2.846,0.486,2.187
10833.21,2.846,0.453,0.531
10833.75,2.846,0.453,0.531
10834.29,2.846,0.453,0.531
10834.83,2.846,0.453,0.531
10835.37,2.846,0.453,0.531
10835.9,2.846,0.453,0.531
10836.45,2.846,0.453,0.531
10837.0,2.846,0.453,0.531
10837.52,2.846,0.453,2.185
10838.03,2.833,0.453,2.185
10838.54,2.846,0.453,0.531
10839.05,2.846,0.453,0.531
10839.6,2.846,0.453,0.531
10840.2,2.846,0.453,0.531
10840.78,2.846,0.453,0.531
10841.3,2.846,0.453,0.531
10841.94,2.846,0.453,0.531
10842.51,2.846,0.453,0.531
10843.05,2.846,0.453,0.531
10843.6,2.846,0.453,0.531
10844.11,2.847,0.467,2.185
10844.66,2.846,0.453,0.531
10845.17,2.846,0.453,0.531
10845.69,2.846,0.453,0.531
10846.31,2.861,0.467,2.185
10846.82,2.943,0.453,2.185
10847.33,2.833,0.6,1.185
10847.84,2.847,0.467,2.185
10848.36,2.846,0.453,0.531
10848.87,2.847,0.467,2.185
10849.38,2.846,0.453,0.531
10849.89,2.908,0.453,2.185
10850.4,2.833,0.465,2.185
10850.92,2.833,0.453,0.531
10851.43,2.833,0.453,2.181
10851.94,2.833,0.453,2.185
10852.45,2.833,0.453,2.185
10852.96,2.833,0.453,2.181
10853.47,2.846,0.453,0.531
10853.98,2.846,0.453,2.185
10854.49,2.833,0.453,2.181
10855.11,2.846,0.453,0.531
10855.62,2.861,0.467,2.185
10856.13,2.871,0.467,2.185
10856.64,2.833,0.453,0.531
10857.15,2.846,0.465,2.185
10857.67,2.846,0.453,0.531
10858.17,2.861,0.467,2.185
10858.68,2.833,0.453,0.531
10859.2,2.833,0.479,2.185
10859.71,2.833,0.453,2.185
10860.22,2.833,0.453,2.181
10860.73,2.833,0.512,2.185
10861.24,2.928,0.463,2.185
10861.78,2.833,0.453,0.531
10862.29,2.9,0.453,2.185
10862.8,2.833,0.469,2.185
10863.32,2.833,0.453,0.531
10863.83,2.861,0.467,2.185
10864.34,2.915,0.467,2.185
10864.91,2.833,0.453,0.531
10865.42,2.833,0.453,2.185
10865.93,2.833,0.453,0.531
10866.45,2.833,0.453,0.531
10866.96,2.861,0.467,2.185
10867.46,2.833,0.453,2.181
10867.98,2.833,0.453,2.185
10868.49,2.833,0.503,2.185
10869.01,2.833,0.58,1.185
10869.52,2.833,0.466,2.185
10870.03,2.874,0.478,2.185
10870.57,2.833,0.453,0.531
10871.09,2.861,0.467,2.185
10871.6,2.928,0.467,2.185
10872.2,2.874,0.453,0.531
10872.71,2.861,0.453,2.185
10873.22,2.833,0.453,0.531
10873.73,2.861,0.467,2.185
10874.24,2.833,0.453,0.531
10874.76,2.921,0.453,2.185
10875.27,2.833,0.453,0.531
10875.79,2.833,0.453,0.531
10876.3,2.909,0.453,2.185
10876.81,2.846,0.548,1.185
10877.35,2.846,0.453,0.531
10877.92,2.846,0.453,0.531
10878.5,2.846,0.453,0.531
10879.12,2.846,0.453,0.531
10879.71,2.846,0.453,0.531
10880.22,2.846,0.54,2.185
10880.73,2.846,0.453,0.531
10881.24,2.846,0.453,0.531
10881.76,2.846,0.467,2.185
10882.31,2.846,0.453,0.531
10882.82,2.847,0.467,2.185
10883.34,2.846,0.453,0.531
10883.85,2.846,0.466,2.185
10884.36,2.846,0.453,0.531
10884.87,2.846,0.457,2.185
10885.38,2.846,0.453,0.531
10885.89,2.884,0.453,2.185
10886.39,2.846,0.453,0.531
10886.9,2.847,0.467,2.185
10887.41,2.903,0.467,2.185
10887.92,2.846,0.453,0.531
10888.43,2.846,0.453,0.531
10888.93,2.847,0.467,2.187
10889.44,2.903,0.453,2.185
10889.95,2.846,0.466,0.531
10890.47,2.833,0.453,2.185
10890.97,2.833,0.453,2.185
10891.48,2.833,0.453,0.531
10891.99,2.833,0.453,0.531
10892.55,2.833,0.453,0.531
10893.09,2.833,0.453,0.531
10893.65,2.833,0.453,0.531
10894.17,2.833,0.453,0.531
10894.7,2.833,0.453,0.531
10895.25,2.833,0.453,0.531
10895.8,2.833,0.453,0.531
10896.36,2.833,0.453,0.531
10896.91,2.833,0.453,0.531
10897.53,2.833,0.453,0.531
10898.11,2.833,0.453,0.531
10898.66,2.833,0.453,0.531
10899.23,2.833,0.453,0.531
10899.79,2.833,0.453,0.531
10900.35,2.833,0.453,0.531
10900.89,2.833,0.453,0.531
10901.4,2.833,0.453,0.531
10901.92,2.833,0.453,0.531
10902.43,2.847,0.467,2.185
10902.95,2.846,0.453,0.531
10903.48,2.846,0.453,0.531
10903.99,2.846,0.453,2.185
10904.51,2.846,0.566,0.631
10905.05,2.846,0.453,0.531
10905.6,2.846,0.453,0.531
10906.14,2.846,0.453,0.531
10906.65,2.846,0.462,2.185
10907.16,2.846,0.453,2.181
10907.75,2.846,0.453,0.531
10908.27,2.846,0.453,0.531
10908.78,2.846,0.453,0.531
10909.33,2.846,0.453,0.531
10909.85,2.847,0.467,2.185
10910.4,2.846,0.453,0.531
10910.9,2.901,0.453,2.185
10911.41,2.833,0.462,2.185
10911.92,2.833,0.482,2.181
10912.43,2.833,1.086,1.372
10912.96,2.833,0.453,0.531
10913.56,2.833,0.453,0.531
10914.14,2.833,0.453,0.531
10914.65,2.833,0.482,2.181
10915.28,2.833,0.453,0.531
10915.85,2.833,0.453,0.531
10916.43,2.833,0.453,0.531
10917.01,2.833,0.453,0.531
10917.59,2.833,0.453,0.531
10918.16,2.833,0.453,0.531
10918.67,2.833,0.453,2.181
10919.18,2.846,0.453,0.531
10919.81,2.846,0.453,2.185
10920.32,2.833,0.453,2.185
10920.83,2.833,0.453,0.531
10921.34,2.833,0.453,2.185
10921.85,2.859,0.453,2.181
10922.45,2.833,0.453,0.531
10922.96,2.917,0.453,2.185
10923.47,2.833,0.476,2.185
10923.98,2.833,0.453,2.181
10924.5,2.833,0.453,2.185
10925.01,2.859,0.453,2.185
10925.52,2.846,0.453,2.181
10926.08,2.833,0.453,0.531
10926.59,2.833,0.473,2.185
10927.1,2.833,0.453,2.181
10927.61,2.833,0.453,0.531
10928.13,2.833,0.453,2.181
10928.75,2.833,0.453,0.531
10929.26,2.917,0.453,2.185
10929.77,2.833,0.453,0.531
10930.28,2.833,0.472,2.185
10930.8,2.846,0.453,2.185
10931.31,2.833,0.453,0.531
10931.82,2.833,0.481,2.185
10932.34,2.833,0.453,2.185
10932.85,2.858,0.453,2.181
10933.46,2.833,0.453,0.531
10933.97,2.862,0.467,2.187
10934.48,2.833,0.453,0.531
10934.99,2.862,0.467,2.185
10935.5,2.833,0.453,0.531
10936.0,2.833,0.453,2.185
10936.51,2.833,0.453,0.531
10937.04,2.837,0.467,2.185
10937.55,2.94,0.467,2.185
10938.1,2.833,0.453,0.531
10938.61,2.862,0.453,2.185
10939.12,2.9,0.467,2.185
10939.63,2.833,0.453,0.531
10940.14,2.862,0.467,2.185
10940.65,2.891,0.453,2.185
10941.16,2.846,0.453,0.531
10941.68,2.896,0.453,2.187
10942.18,2.833,0.453,0.531
10942.7,2.833,0.453,2.185
10943.21,2.833,0.453,2.181
10943.72,2.833,0.453,2.185
10944.23,2.833,0.453,0.531
10944.74,2.833,0.594,1.185
10945.24,2.847,0.467,2.185
10945.75,2.846,0.453,0.531
10946.27,2.846,0.453,0.531
10946.89,2.846,0.453,0.531
10947.47,2.846,0.453,0.531
10948.07,2.846,0.453,0.531
10948.58,2.846,0.453,0.531
10949.17,2.846,0.453,0.531
10949.72,2.846,0.453,0.531
10950.3,2.846,0.453,0.531
10950.87,2.846,0.453,0.531
10951.38,2.847,0.467,2.185
10951.94,2.846,0.453,0.531
10952.45,2.914,0.453,2.185
10952.95,2.846,0.453,0.531
10953.46,2.846,0.453,2.181
10954.08,2.846,0.453,0.531
10954.59,2.904,0.453,2.185
10955.1,2.846,0.453,0.531
10955.61,2.846,0.453,2.181
10956.12,2.846,0.453,2.185
10956.63,2.847,0.467,2.185
10957.13,2.862,0.467,2.185
10957.69,2.833,0.453,0.531
10958.2,2.862,0.467,2.185
10958.71,2.833,0.453,0.531
10959.28,2.833,0.453,0.531
10959.87,2.833,0.453,0.531
10960.38,2.846,0.453,2.185
10960.89,2.846,0.453,0.531
10961.45,2.846,0.453,0.531
10962.04,2.846,0.453,0.531
10962.56,2.846,0.453,0.531
10963.13,2.846,0.453,0.531
10963.67,2.846,0.453,0.531
10964.22,2.846,0.453,0.531
10964.8,2.846,0.453,0.531
10965.37,2.846,0.453,0.531
10965.91,2.846,0.453,0.531
10966.43,2.846,0.453,0.531
10966.96,2.846,0.453,0.531
10967.55,2.846,0.453,0.531
10968.12,2.846,0.453,0.531
10968.66,2.846,0.453,0.531
10969.18,2.846,0.453,0.531
10969.7,2.846,0.453,0.531
10970.22,2.846,0.453,0.531
10970.75,2.846,0.453,0.531
10971.26,2.847,0.453,2.185
10971.77,2.847,0.453,0.531
10972.28,2.847,0.453,2.187
10972.8,2.847,0.453,0.531
10973.4,2.847,0.453,0.531
10973.96,2.847,0.453,0.531
10974.47,2.847,0.453,0.531
10975.02,2.847,0.453,0.531
10975.54,2.847,0.453,0.531
10976.05,2.848,0.467,2.185
10976.56,2.9,0.453,2.185
10977.07,2.834,0.453,2.181
10977.64,2.834,0.453,0.531
10978.25,2.834,0.453,0.531
10978.87,2.834,0.453,0.531
10979.38,2.834,0.453,0.531
10979.89,2.848,0.467,2.185
10980.4,2.847,0.453,0.531
10980.91,2.847,0.453,2.185
10981.42,2.834,0.453,2.185
10981.97,2.834,0.453,0.531
10982.48,2.834,0.453,0.531
10983.06,2.834,0.453,0.531
10983.66,2.834,0.453,0.531
10984.24,2.834,0.453,0.531
10984.85,2.834,0.453,0.531
10985.36,2.834,0.453,0.531
10985.96,2.834,0.453,0.531
10986.56,2.834,0.453,0.531
10987.13,2.834,0.453,0.531
10987.69,2.834,0.453,0.531
10988.23,2.834,0.453,0.531
10988.74,2.847,0.453,2.185
10989.24,2.847,0.453,2.181
10989.86,2.847,0.453,0.531
10990.36,2.847,0.453,2.181
10990.98,2.847,0.453,0.531
10991.49,2.847,0.453,2.181
10992.09,2.847,0.453,0.531
10992.6,2.862,0.467,2.185
10993.1,2.933,0.453,2.185
10993.61,2.834,0.453,0.531
10994.12,2.891,0.453,2.185
10994.62,2.944,0.462,2.185
10995.14,2.834,0.466,0.531
10995.66,2.834,0.453,2.185
10996.17,2.862,0.467,2.185
10996.68,2.834,0.453,0.531
10997.19,2.847,0.458,2.185
10997.7,2.847,0.453,0.531
10998.21,2.847,0.453,0.531
10998.72,2.918,0.466,2.185
10999.23,2.847,0.453,0.531
10999.74,2.848,0.467,2.185
11000.25,2.888,0.453,2.185
11000.76,2.834,0.466,0.531
11001.27,2.834,0.453,2.185
11001.79,2.853,1.092,2.185
11002.3,2.862,0.467,2.185
11002.89,2.834,0.453,0.531
11003.4,2.862,0.467,2.185
11003.98,2.834,0.453,0.531
11004.49,2.847,0.453,2.185
11005.0,2.847,0.453,2.181
11005.51,2.847,0.453,0.531
11006.14,2.862,0.467,2.185
11006.65,2.834,0.453,0.531
11007.17,2.834,0.453,0.531
11007.68,2.847,0.542,2.185
11008.19,2.847,0.453,0.531
11008.7,2.918,0.466,2.185
11009.22,2.834,0.453,2.185
11009.82,2.847,0.453,0.531
11010.43,2.847,0.453,0.531
11011.04,2.847,0.453,0.531
11011.67,2.847,0.453,0.531
11012.18,2.847,0.453,2.181
11012.69,2.847,0.453,0.531
11013.32,2.847,0.453,2.185
11013.83,2.847,0.453,0.531
11014.46,2.847,0.482,2.181
11014.98,2.847,0.453,0.531
11015.55,2.847,0.453,0.531
11016.11,2.847,0.453,0.531
11016.71,2.847,0.453,0.531
11017.22,2.847,0.453,2.185
11017.82,2.847,0.453,0.531
11018.33,2.847,0.453,2.181
11018.9,2.847,0.453,0.531
11019.41,2.881,0.453,2.185
11019.93,2.834,0.453,0.531
11020.44,2.919,0.453,2.185
11020.95,2.847,0.453,2.181
11021.57,2.847,0.453,0.531
11022.07,2.862,0.467,2.185
11022.58,2.834,0.453,0.531
11023.09,2.834,0.453,2.181
11023.69,2.847,0.453,0.531
11024.2,2.847,0.504,2.185
11024.71,2.834,0.453,2.185
11025.29,2.834,0.453,0.531
11025.8,2.834,0.453,0.531
11026.4,2.834,0.453,0.531
11026.97,2.834,0.453,0.531
11027.53,2.834,0.453,0.531
11028.08,2.834,0.453,0.531
11028.62,2.834,0.453,0.531
11029.19,2.834,0.453,0.531
11029.76,2.834,0.453,0.531
11030.3,2.834,0.453,0.531
11030.86,2.834,0.453,0.531
11031.37,2.834,0.453,0.531
11031.93,2.834,0.453,0.531
11032.49,2.834,0.453,0.531
11033.04,2.834,0.453,0.531
11033.56,2.834,0.453,0.531
11034.11,2.834,0.453,0.531
11034.64,2.834,0.453,0.531
11035.21,2.834,0.453,0.531
11035.75,2.834,0.453,0.531
11036.28,2.834,0.453,0.531
11036.79,2.834,0.453,0.531
11037.3,2.834,0.453,0.531
11037.84,2.834,0.453,0.531
11038.37,2.834,0.453,0.531
11038.91,2.834,0.453,0.531
11039.45,2.834,0.453,0.531
11039.99,2.834,0.453,0.531
11040.51,2.834,0.453,0.531
11041.04,2.834,0.453,0.531
11041.63,2.834,0.453,0.531
11042.15,2.847,0.453,2.185
11042.66,2.847,0.453,0.531
11043.17,2.847,0.453,0.531
11043.68,2.847,0.453,0.531
11044.19,2.847,0.513,2.185
11044.7,2.847,0.453,0.531
11045.2,2.847,0.453,0.531
11045.77,2.847,0.453,0.531
11046.35,2.847,0.453,0.531
11046.93,2.847,0.453,0.531
11047.44,2.847,0.482,2.181
11047.98,2.847,0.453,0.531
11048.55,2.847,0.453,0.531
11049.06,2.847,0.453,0.531
11049.57,2.847,0.453,0.531
11050.08,2.847,0.453,0.531
11050.59,2.848,0.467,2.185
11051.11,2.847,0.453,0.531
11051.62,2.848,0.524,2.181
11052.2,2.847,0.453,0.531
11052.7,2.877,0.467,2.185
11053.21,2.929,0.467,2.185
11053.77,2.875,0.453,0.531
11054.28,2.894,0.453,2.185
11054.78,2.923,0.453,2.185
11055.29,2.834,0.453,0.531
11055.8,2.862,0.467,2.185
11056.31,2.834,0.453,2.181
11056.83,2.834,0.453,0.531
11057.46,2.862,0.467,2.185
11057.97,2.929,0.467,2.185
11058.48,2.834,0.453,0.531
11058.99,2.924,0.453,2.187
11059.5,2.945,0.453,2.185
11060.01,2.834,0.453,0.531
11060.53,2.834,0.519,2.185
11061.04,2.847,0.453,2.185
11061.54,2.847,0.453,0.531
11062.05,2.834,0.453,2.185
11062.56,2.834,0.453,0.531
11063.07,2.899,0.453,2.185
11063.58,2.834,0.453,0.531
11064.09,2.834,0.453,2.181
11064.7,2.847,0.453,0.531
11065.2,2.848,0.467,2.185
11065.76,2.847,0.453,0.531
11066.27,2.9,0.453,2.185
11066.78,2.905,0.453,2.185
11067.28,2.875,0.453,0.531
11067.83,2.875,0.453,0.531
11068.34,2.848,0.467,2.185
11068.85,2.847,0.453,0.531
11069.44,2.847,0.453,0.531
11069.95,2.847,0.482,2.181
11070.45,2.847,0.566,0.732
11070.96,2.847,0.453,0.531
11071.47,2.847,0.453,0.531
11071.98,2.847,0.534,1.185
11072.56,2.847,0.453,0.531
11073.07,2.847,0.453,2.185
11073.58,2.847,0.453,2.181
11074.13,2.847,0.453,0.531
11074.64,2.834,0.453,2.185
11075.14,2.834,0.453,2.181
11075.72,2.847,0.453,0.531
11076.23,2.847,0.482,2.181
11076.76,2.847,0.453,0.531
11077.27,2.847,0.453,0.531
11077.78,2.847,0.453,0.531
11078.39,2.847,0.453,0.531
11079.02,2.847,0.453,0.531
11079.6,2.847,0.453,0.531
11080.11,2.847,0.539,1.185
11080.63,2.847,0.453,0.531
11081.22,2.847,0.453,0.531
11081.73,2.847,0.453,2.185
11082.23,2.847,0.453,2.181
11082.85,2.847,0.453,0.531
11083.35,2.862,0.467,2.185
11083.86,2.834,0.453,0.531
11084.37,2.834,0.453,0.531
11084.91,2.834,0.453,0.531
11085.48,2.834,0.453,0.531
11086.03,2.834,0.453,0.531
11086.59,2.834,0.453,0.531
11087.12,2.834,0.453,0.531
11087.65,2.834,0.453,0.531
11088.2,2.834,0.453,0.531
11088.75,2.834,0.453,0.531
11089.35,2.834,0.453,0.531
11089.94,2.834,0.453,0.531
11090.47,2.834,0.453,0.531
11091.06,2.834,0.453,0.531
11091.65,2.834,0.453,0.531
11092.18,2.834,0.453,0.531
11092.74,2.834,0.453,0.531
11093.27,2.834,0.453,0.531
11093.8,2.834,0.453,0.531
11094.32,2.834,0.453,0.531
11094.85,2.834,0.453,0.531
11095.39,2.834,0.453,0.531
11095.91,2.834,0.453,0.531
11096.42,2.847,0.453,2.185
11096.93,2.847,0.482,2.181
11097.44,2.848,0.467,2.185
11097.94,2.847,0.453,0.531
11098.53,2.847,0.453,0.531
11099.06,2.847,0.453,0.531
11099.59,2.847,0.453,0.531
11100.15,2.847,0.453,0.531
11100.72,2.847,0.453,0.531
11101.23,2.847,0.453,0.531
11101.74,2.847,0.453,0.531
11102.25,2.847,0.552,1.185
11102.8,2.847,0.453,0.531
11103.41,2.847,0.453,0.531
11103.99,2.847,0.453,0.531
11104.54,2.847,0.453,0.531
11105.1,2.847,0.453,0.531
11105.68,2.847,0.453,0.531
11106.27,2.847,0.453,0.531
11106.84,2.847,0.453,0.531
11107.36,2.847,0.453,0.531
11107.89,2.847,0.453,0.531
11108.4,2.847,0.539,1.185
11109.01,2.847,0.453,0.531
11109.55,2.847,0.453,0.531
11110.05,2.847,0.453,2.185
11110.56,2.848,0.467,2.185
11111.11,2.847,0.453,0.531
11111.62,2.862,0.467,2.187
11112.13,2.945,0.462,2.185
11112.65,2.834,0.453,0.531
11113.17,2.834,0.478,2.185
11113.68,2.86,0.453,2.185
11114.18,2.834,0.453,0.531
11114.69,2.834,0.453,2.187
11115.2,2.834,0.453,0.531
11115.71,2.924,0.453,2.185
11116.22,2.847,0.462,2.185
11116.73,2.834,0.482,2.181
11117.24,2.834,0.467,2.185
11117.75,2.876,0.488,2.187
11118.29,2.834,0.482,2.181
11118.8,2.834,0.524,2.185
11119.31,2.834,0.54,2.185
11119.82,2.834,0.453,0.531
11120.33,2.921,0.453,2.185
11120.84,2.834,0.453,0.531
11121.34,2.919,0.463,2.187
11121.86,2.834,0.453,0.531
11122.36,2.834,0.453,0.531
11122.87,2.847,0.465,2.185
11123.38,2.847,0.453,0.531
11123.9,2.847,0.453,0.531
11124.51,2.847,0.453,0.531
11125.13,2.847,0.453,0.531
11125.74,2.847,0.453,0.531
11126.31,2.847,0.453,0.531
11126.88,2.847,0.453,0.531
11127.45,2.847,0.453,0.531
11127.95,2.847,0.55,1.185
11128.5,2.847,0.453,0.531
11129.01,2.847,0.453,0.531
11129.52,2.847,0.453,0.531
11130.13,2.847,0.453,0.531
11130.72,2.847,0.453,0.531
11131.29,2.847,0.453,0.531
11131.85,2.847,0.453,0.531
11132.38,2.847,0.453,0.531
11132.97,2.847,0.453,0.531
11133.56,2.847,0.453,0.531
11134.14,2.847,0.453,0.531
11134.7,2.847,0.453,0.531
11135.26,2.847,0.453,0.531
11135.81,2.847,0.453,0.531
11136.37,2.847,0.453,0.531
11136.88,2.847,0.453,0.531
11137.5,2.847,0.453,0.531
11138.02,2.847,0.453,0.531
11138.57,2.847,0.453,0.531
11139.08,2.847,0.453,0.531
11139.75,2.847,0.453,0.531
11140.29,2.847,0.453,0.531
11140.81,2.847,0.453,0.531
11141.36,2.847,0.453,0.531
11141.96,2.847,0.453,0.531
11142.53,2.847,0.453,0.531
11143.11,2.847,0.453,0.531
11143.67,2.847,0.453,0.531
11144.19,2.847,0.453,0.531
11144.77,2.847,0.453,0.531
11145.33,2.847,0.453,0.531
11145.85,2.847,0.453,0.531
11146.46,2.847,0.453,0.531
11147.01,2.847,0.453,0.531
11147.54,2.847,0.453,0.531
11148.1,2.847,0.453,0.531
11148.62,2.848,0.467,2.185
11149.12,2.859,0.467,2.185
11149.63,2.848,0.482,2.181
11150.22,2.848,0.453,0.531
11150.73,2.848,0.482,2.181
11151.23,2.848,0.453,0.531
11151.79,2.848,0.453,0.531
11152.33,2.848,0.453,0.531
11152.89,2.848,0.453,0.531
11153.45,2.848,0.453,0.531
11154.01,2.848,0.453,0.531
11154.58,2.848,0.453,0.531
11155.18,2.848,0.453,0.531
11155.77,2.848,0.453,0.531
11156.29,2.848,0.453,0.531
11156.8,2.848,0.453,0.531
11157.31,2.848,0.453,0.531
11157.87,2.848,0.453,0.531
11158.39,2.848,0.482,2.181
11158.92,2.848,0.453,0.531
11159.48,2.848,0.453,0.531
11160.03,2.848,0.453,0.531
11160.58,2.848,0.453,0.531
11161.15,2.848,0.453,0.531
11161.72,2.848,0.453,0.531
11162.27,2.848,0.453,0.531
11162.78,2.918,0.466,2.185
11163.29,2.848,0.453,0.531
11163.81,2.849,0.467,2.185
11164.32,2.848,0.453,0.531
11164.83,2.863,0.467,2.185
11165.34,2.965,0.467,2.185
11165.87,2.835,0.453,0.531
11166.38,2.863,0.467,2.185
11166.89,2.956,0.467,2.185
11167.5,2.835,0.453,0.531
11168.02,2.863,0.467,2.185
11168.52,2.938,0.467,2.185
11169.12,2.835,0.453,0.531
11169.63,2.863,0.467,2.185
11170.14,2.835,0.453,0.531
11170.67,2.849,0.467,2.187
11171.18,2.848,0.453,0.531
11171.69,2.835,0.453,2.185
11172.2,2.835,0.453,2.181
11172.71,2.835,0.453,2.185
11173.22,2.835,0.453,2.185
11173.73,2.863,0.467,2.185
11174.29,2.835,0.453,0.531
11174.84,2.835,0.453,0.531
11175.43,2.835,0.453,0.531
11176.03,2.835,0.453,0.531
11176.61,2.835,0.453,0.531
11177.12,2.835,0.453,0.531
11177.63,2.835,0.453,0.531
11178.13,2.835,0.453,0.531
11178.71,2.835,0.453,0.531
11179.22,2.835,0.453,0.531
11179.8,2.835,0.453,0.531
11180.31,2.835,0.453,0.531
11180.94,2.835,0.453,0.531
11181.63,2.835,0.453,0.531
11182.17,2.835,0.453,0.531
11182.74,2.835,0.453,0.531
11183.36,2.835,0.453,0.531
11183.92,2.835,0.453,0.531
11184.5,2.835,0.453,0.531
11185.0,2.835,0.539,1.185
11185.52,2.835,0.453,0.531
11186.03,2.835,0.453,0.531
11186.54,2.835,0.453,0.531
11187.1,2.835,0.453,0.531
11187.63,2.835,0.453,0.531
11188.19,2.835,0.453,0.531
11188.75,2.835,0.453,0.531
11189.29,2.835,0.453,0.531
11189.82,2.835,0.453,0.531
11190.35,2.835,0.453,0.531
11190.89,2.835,0.453,0.531
11191.42,2.835,0.453,0.531
11191.97,2.835,0.453,0.531
11192.48,2.835,0.453,0.531
11192.99,2.835,0.453,0.531
11193.5,2.835,0.453,0.531
11194.0,2.835,0.453,0.531
11194.53,2.835,0.453,0.531
11195.12,2.835,0.453,0.531
11195.71,2.835,0.453,0.531
11196.22,2.835,0.453,0.531
11196.75,2.835,0.453,0.531
11197.28,2.835,0.453,0.531
11197.85,2.835,0.453,0.531
11198.4,2.835,0.453,0.531
11198.92,2.835,0.453,0.531
11199.45,2.835,0.453,0.531
11199.96,2.835,0.453,0.531
11200.47,2.849,0.467,2.185
11200.98,2.848,0.453,0.531
11201.56,2.848,0.453,0.531
11202.09,2.848,0.453,0.531
11202.62,2.848,0.453,0.531
11203.13,2.848,0.453,0.531
11203.65,2.848,0.453,0.531
11204.18,2.848,0.453,0.531
11204.7,2.848,0.453,0.531
11205.21,2.848,0.453,0.531
11205.72,2.848,0.453,0.531
11206.23,2.848,0.453,0.531
11206.93,2.848,0.453,0.531
11207.53,2.848,0.453,0.531
11208.06,2.849,0.467,2.185
11208.56,2.848,0.453,0.531
11209.07,2.848,1.27,1.877
11209.59,2.848,0.453,0.531
11210.16,2.848,0.453,0.531
11210.76,2.848,0.453,0.531
11211.27,2.848,0.453,0.531
11211.78,2.848,0.453,0.531
11212.29,2.848,0.453,0.531
11212.8,2.848,0.453,0.531
11213.43,2.848,0.566,0.732
11213.94,2.848,0.453,0.531
11214.46,2.849,0.467,2.185
11214.97,2.848,0.453,0.531
11215.48,2.919,0.462,2.185
11215.99,2.848,0.562,1.185
11216.5,2.848,0.518,2.185
11217.01,2.835,0.453,2.187
11217.52,2.835,0.453,2.181
11218.03,2.835,0.453,2.185
11218.54,2.861,0.453,2.187
11219.05,2.835,0.453,0.531
11219.57,2.835,0.453,2.185
11220.08,2.835,0.453,0.531
11220.59,2.835,0.453,2.185
11221.1,2.835,0.453,2.181
11221.6,2.835,0.533,2.185
11222.12,2.835,0.453,2.185
11222.63,2.835,0.453,2.181
11223.13,2.835,0.453,2.185
11223.64,2.835,0.473,2.185
11224.16,2.835,0.6,1.185
11224.67,2.835,0.514,2.185
11225.18,2.835,0.453,2.185
11225.72,2.835,0.453,0.531
11226.23,2.835,0.453,0.531
11226.74,2.835,0.453,0.531
11227.36,2.835,0.453,0.531
11227.87,2.835,0.453,0.531
11228.37,2.835,0.453,0.531
11228.93,2.835,0.453,0.531
11229.52,2.835,0.453,0.531
11230.1,2.835,0.453,0.531
11230.66,2.835,0.453,0.531
11231.26,2.835,0.453,0.531
11231.83,2.835,0.453,0.531
11232.4,2.835,0.453,0.531
11232.98,2.835,0.453,0.531
11233.53,2.835,0.453,0.531
11234.06,2.835,0.453,0.531
11234.56,2.835,0.453,0.531
11235.07,2.835,0.453,0.531
11235.58,2.835,0.453,0.531
11236.17,2.835,0.453,0.531
11236.77,2.835,0.453,0.531
11237.33,2.835,0.453,0.531
11237.94,2.835,0.453,0.531
11238.55,2.835,0.453,0.531
11239.13,2.835,0.453,0.531
11239.67,2.835,0.453,0.531
11240.19,2.835,0.453,0.531
11240.77,2.835,0.453,0.531
11241.31,2.835,0.453,0.531
11241.82,2.835,0.453,0.531
11242.33,2.835,0.453,0.531
11242.84,2.835,0.453,0.531
11243.45,2.835,0.453,0.531
11244.01,2.835,0.453,0.531
11244.58,2.835,0.453,0.531
11245.16,2.835,0.453,0.531
11245.73,2.835,0.453,0.531
11246.31,2.835,0.453,0.531
11246.85,2.835,0.453,0.531
11247.41,2.835,0.453,0.531
11247.96,2.835,0.453,0.531
11248.49,2.835,0.453,0.531
11249.01,2.835,0.453,0.531
11249.52,2.835,0.453,0.531
11250.11,2.835,0.453,0.531
11250.63,2.835,0.453,0.531
11251.15,2.835,0.545,1.185
11251.66,2.835,0.453,0.531
11252.18,2.848,0.453,2.185
11252.73,2.849,0.453,0.531
11253.24,2.849,0.617,1.185
11253.77,2.849,0.453,0.531
11254.29,2.849,0.453,0.531
11254.82,2.849,0.453,0.531
11255.32,2.849,0.453,0.531
11255.9,2.849,0.453,0.531
11256.42,2.849,0.453,0.531
11256.97,2.849,0.453,0.531
11257.54,2.849,0.453,0.531
11258.09,2.849,0.453,0.531
11258.61,2.85,0.467,2.185
11259.16,2.849,0.453,0.531
11259.66,2.849,0.453,0.531
11260.23,2.849,0.453,0.531
11260.82,2.849,0.453,0.531
11261.33,2.849,0.453,0.531
11261.84,2.849,0.453,0.531
11262.35,2.849,0.453,0.531
11262.89,2.849,0.453,0.531
11263.48,2.849,0.453,0.531
11264.07,2.849,0.453,0.531
11264.64,2.849,0.453,0.531
11265.2,2.849,0.453,0.531
11265.77,2.849,0.453,0.531
11266.28,2.919,0.463,2.185
11266.79,2.849,0.453,0.531
11267.31,2.849,0.453,2.185
11267.82,2.866,0.467,2.185
11268.41,2.877,0.453,0.531
11268.92,2.878,0.453,2.185
11269.43,2.877,0.453,0.531
11269.94,2.877,0.866,2.185
11270.52,2.849,0.453,0.531
11271.03,2.912,0.453,2.187
11271.54,2.864,0.467,2.185
11272.06,2.836,0.453,0.531
11272.57,2.919,0.465,2.185
11273.08,2.836,0.481,2.185
11273.59,2.877,0.482,2.181
11274.1,2.877,0.453,2.187
11274.62,2.836,0.453,2.185
11275.2,2.836,0.453,0.531
11275.71,2.836,0.482,2.181
11276.22,2.849,0.453,2.185
11276.83,2.849,0.453,0.531
11277.35,2.849,0.453,0.531
11277.97,2.849,0.453,0.531
11278.6,2.849,0.453,0.531
11279.21,2.849,0.453,0.531
11279.8,2.849,0.453,0.531
11280.35,2.849,0.453,0.531
11280.93,2.849,0.453,0.531
11281.52,2.849,0.453,0.531
11282.08,2.849,0.453,0.531
11282.63,2.849,0.453,0.531
11283.14,2.849,0.453,0.531
11283.66,2.849,0.453,0.531
11284.17,2.849,0.453,0.531
11284.68,2.849,0.453,0.531
11285.28,2.849,0.453,0.531
11285.87,2.849,0.453,0.531
11286.47,2.849,0.453,0.531
11287.03,2.849,0.453,0.531
11287.58,2.849,0.453,0.531
11288.12,2.849,0.453,0.531
11288.69,2.849,0.453,0.531
11289.27,2.849,0.453,0.531
11289.83,2.849,0.453,0.531
11290.34,2.849,0.453,0.531
11290.85,2.849,0.453,0.531
11291.48,2.849,0.453,0.531
11292.07,2.849,0.453,0.531
11292.58,2.849,0.453,0.531
11293.11,2.849,0.453,0.531
11293.66,2.849,0.453,0.531
11294.25,2.849,0.453,0.531
11294.81,2.849,0.453,0.531
11295.42,2.849,0.453,0.531
11295.96,2.849,0.453,0.531
11296.52,2.849,0.453,0.531
11297.05,2.849,0.453,0.531
11297.56,2.849,0.545,1.185
11298.07,2.849,0.453,0.531
11298.62,2.849,0.453,0.531
11299.19,2.849,0.453,0.531
11299.73,2.849,0.453,0.531
11300.26,2.849,0.453,0.531
11300.77,2.849,0.453,0.531
11301.29,2.849,0.453,0.531
11301.84,2.849,0.453,0.531
11302.39,2.849,0.453,0.531
11302.9,2.85,0.467,2.185
11303.41,2.849,0.453,0.531
11303.92,2.85,0.467,2.185
11304.52,2.849,0.453,0.531
11305.08,2.849,0.453,0.531
11305.6,2.849,0.453,0.531
11306.17,2.849,0.453,0.531
11306.72,2.849,0.453,0.531
11307.25,2.849,0.453,0.531
11307.8,2.849,0.453,0.531
11308.34,2.849,0.453,0.531
11308.92,2.849,0.453,0.531
11309.48,2.849,0.453,0.531
11309.99,2.849,0.453,0.531
11310.5,2.849,0.453,0.531
11311.21,2.849,0.453,0.531
11311.79,2.849,0.453,0.531
11312.38,2.849,0.453,0.531
11312.98,2.849,0.453,0.531
11313.52,2.849,0.453,0.531
11314.09,2.849,0.453,0.531
11314.65,2.849,0.453,0.531
11315.23,2.849,0.453,0.531
11315.74,2.849,0.453,2.185
11316.25,2.849,0.453,0.531
11316.76,2.849,0.453,0.531
11317.28,2.849,0.453,0.531
11317.79,2.849,0.453,0.531
11318.3,2.907,0.453,2.185
11318.81,2.849,0.453,0.531
11319.33,2.849,0.526,2.185
11319.84,2.836,0.453,2.185
11320.36,2.836,0.453,2.181
11320.96,2.836,0.453,0.531
11321.48,2.836,0.453,0.531
11322.14,2.836,0.453,0.531
11322.71,2.836,0.453,0.531
11323.25,2.836,0.453,0.531
11323.76,2.836,0.453,0.531
11324.27,2.836,0.453,0.531
11324.78,2.836,0.453,0.531
11325.29,2.836,0.453,0.531
11325.8,2.836,0.453,0.531
11326.36,2.836,0.453,0.531
11326.95,2.836,0.453,0.531
11327.57,2.836,0.453,0.531
11328.14,2.836,0.453,0.531
11328.72,2.836,0.453,0.531
11329.34,2.836,0.453,0.531
11329.89,2.836,0.453,0.531
11330.43,2.836,0.453,0.531
11330.95,2.849,0.453,2.185
11331.46,2.849,0.453,0.531
11331.97,2.849,0.453,0.531
11332.48,2.878,0.453,2.185
11332.99,2.849,0.453,0.531
11333.6,2.849,0.453,0.531
11334.17,2.849,0.453,0.531
11334.73,2.849,0.453,0.531
11335.3,2.849,0.453,0.531
11335.86,2.849,0.453,0.531
11336.43,2.849,0.453,0.531
11336.99,2.849,0.453,0.531
11337.56,2.849,0.453,0.531
11338.09,2.849,0.453,0.531
11338.61,2.849,0.453,0.531
11339.12,2.849,0.453,0.531
11339.69,2.849,0.453,0.531
11340.2,2.849,0.453,0.531
11340.71,2.849,0.564,1.185
11341.22,2.849,0.545,1.185
11341.75,2.849,0.453,0.531
11342.33,2.849,0.453,0.531
11342.89,2.849,0.453,0.531
11343.45,2.849,0.453,0.531
11343.97,2.849,0.453,0.531
11344.54,2.849,0.453,0.531
11345.09,2.849,0.453,0.531
11345.61,2.849,0.453,0.531
11346.17,2.849,0.453,0.531
11346.69,2.849,0.453,0.531
11347.2,2.849,0.453,0.531
11347.7,2.849,0.453,0.531
11348.25,2.849,0.453,0.531
11348.79,2.849,0.453,0.531
11349.36,2.849,0.453,0.531
11349.9,2.849,0.453,0.531
11350.44,2.849,0.453,0.531
11350.96,2.849,0.453,0.531
11351.48,2.849,0.453,0.531
11352.01,2.849,0.453,0.531
11352.56,2.849,0.453,0.531
11353.11,2.849,0.453,0.531
11353.62,2.849,0.453,0.531
11354.13,2.849,0.453,0.531
11354.64,2.849,0.453,0.531
11355.38,2.849,0.453,0.531
11355.9,2.849,0.453,0.531
11356.46,2.849,0.453,0.531
11357.03,2.849,0.453,0.531
11357.6,2.849,0.453,0.531
11358.16,2.849,0.453,0.531
11358.73,2.849,0.453,0.531
11359.36,2.849,0.453,0.531
11359.94,2.849,0.453,0.531
11360.46,2.849,0.453,0.531
11360.97,2.849,0.453,0.531
11361.48,2.849,0.453,0.531
11361.98,2.849,0.453,0.531
11362.58,2.849,0.453,0.531
11363.14,2.849,0.453,0.531
11363.74,2.849,0.453,0.531
11364.36,2.849,0.453,0.531
11364.87,2.849,0.453,2.185
11365.42,2.849,0.453,0.531
11365.93,2.849,0.453,0.531
11366.49,2.849,0.453,0.531
11367.09,2.849,0.453,0.531
11367.61,2.849,0.453,0.531
11368.11,2.849,0.453,0.531
11368.62,2.849,0.453,0.531
11369.13,2.849,0.453,0.531
11369.75,2.849,0.453,0.531
11370.35,2.849,0.453,0.531
11370.91,2.849,0.453,0.531
11371.45,2.849,0.453,0.531
11372.03,2.849,0.453,0.531
11372.58,2.849,0.453,0.531
11373.16,2.849,0.453,0.531
11373.74,2.849,0.453,0.531
11374.29,2.849,0.453,0.531
11374.8,2.849,0.453,2.185
11375.31,2.849,0.453,0.531
11375.82,2.849,0.453,0.531
11376.33,2.914,0.453,2.185
11376.84,2.849,0.453,0.531
11377.43,2.849,0.453,0.531
11377.99,2.849,0.453,0.531
11378.59,2.849,0.453,0.531
11379.13,2.849,0.453,0.531
11379.69,2.849,0.453,0.531
11380.27,2.849,0.453,0.531
11380.82,2.849,0.453,0.531
11381.37,2.849,0.453,0.531
11381.95,2.849,0.453,0.531
11382.56,2.849,0.453,0.531
11383.07,2.849,0.453,0.531
11383.58,2.849,0.453,0.531
11384.09,2.849,0.453,0.531
11384.6,2.849,0.453,0.531
11385.11,2.849,0.482,2.181
11385.64,2.849,0.453,0.531
11386.22,2.849,0.453,0.531
11386.77,2.849,0.453,0.531
11387.28,2.849,0.482,2.181
11387.79,2.849,0.453,0.531
11388.34,2.849,0.453,0.531
11388.88,2.849,0.453,0.531
11389.42,2.849,0.453,0.531
11389.95,2.849,0.453,0.531
11390.47,2.849,0.453,0.531
11390.97,2.849,0.453,0.531
11391.48,2.849,0.453,0.531
11391.99,2.849,0.453,0.531
11392.5,2.849,0.453,0.531
11393.06,2.849,0.466,0.531
11393.6,2.849,0.617,1.185
11394.13,2.849,0.453,0.531
11394.67,2.849,0.453,0.531
11395.21,2.849,0.453,0.531
11395.72,2.849,0.453,2.185
11396.23,2.849,0.453,0.531
11396.74,2.849,0.453,0.531
11397.28,2.849,0.453,0.531
11397.78,2.849,0.453,0.531
11398.29,2.849,0.563,1.185
11398.8,2.849,0.453,0.531
11399.31,2.849,0.47,2.185
11399.82,2.849,0.482,2.181
11400.33,2.849,0.453,0.531
11400.88,2.849,0.453,0.531
11401.42,2.849,0.453,0.531
11401.94,2.849,0.453,0.531
11402.54,2.849,0.453,0.531
11403.13,2.849,0.453,0.531
11403.72,2.849,0.453,0.531
11404.32,2.849,0.453,0.531
11404.84,2.849,0.453,0.531
11405.35,2.849,0.453,0.531
11405.88,2.849,0.453,0.531
11406.38,2.849,0.453,0.531
11406.98,2.849,0.453,0.531
11407.62,2.849,0.453,0.531
11408.18,2.849,0.453,0.531
11408.78,2.849,0.453,0.531
11409.35,2.849,0.453,0.531
11409.91,2.849,0.453,0.531
11410.51,2.849,0.453,0.531
11411.07,2.849,0.453,0.531
11411.64,2.849,0.453,0.531
11412.15,2.849,0.453,0.531
11412.66,2.849,0.453,0.531
11413.17,2.849,0.453,0.531
11413.68,2.849,0.453,0.531
11414.19,2.849,0.453,0.531
11414.73,2.849,0.453,0.531
11415.32,2.849,0.453,0.531
11415.87,2.849,0.453,0.531
11416.46,2.849,0.453,0.531
11417.04,2.849,0.453,0.531
11417.61,2.849,0.453,0.531
11418.2,2.849,0.453,0.531
11418.76,2.849,0.453,0.531
11419.27,2.849,0.453,0.531
11419.77,2.849,0.453,0.531
11420.39,2.849,0.453,0.531
11420.96,2.849,0.453,0.531
11421.57,2.849,0.453,0.531
11422.13,2.849,0.453,0.531
11422.73,2.849,0.453,0.531
11423.28,2.849,0.453,0.531
11423.84,2.849,0.453,0.531
11424.4,2.849,0.453,0.531
11424.96,2.849,0.453,0.531
11425.5,2.849,0.453,0.531
11426.01,2.849,0.455,2.185
11426.52,2.849,0.453,0.531
11427.04,2.849,0.453,0.531
11427.55,2.85,0.467,2.185
11428.06,2.849,0.453,0.531
11428.57,2.849,0.453,2.187
11429.11,2.849,0.453,0.531
11429.72,2.849,0.453,0.531
11430.25,2.849,0.453,0.531
11430.81,2.849,0.453,0.531
11431.36,2.849,0.453,0.531
11431.94,2.849,0.453,0.531
11432.52,2.849,0.453,0.531
11433.1,2.849,0.453,0.531
11433.61,2.849,0.453,0.531
11434.12,2.849,0.453,0.531
11434.63,2.849,0.453,0.531
11435.14,2.849,0.453,0.531
11435.65,2.849,0.453,0.531
11436.21,2.849,0.453,0.531
11436.8,2.849,0.453,0.531
11437.34,2.849,0.453,0.531
11437.95,2.849,0.453,0.531
11438.5,2.849,0.453,0.531
11439.02,2.849,0.453,0.531
11439.53,2.849,0.453,0.531
11440.08,2.849,0.453,0.531
11440.61,2.849,0.453,0.531
11441.12,2.85,0.467,2.185
11441.62,2.849,0.453,0.531
11442.13,2.85,0.467,2.185
11442.64,2.849,0.453,0.531
11443.16,2.849,0.453,0.531
11443.67,2.849,0.453,0.531
11444.19,2.85,0.467,2.185
11444.7,2.849,0.548,1.185
11445.22,2.849,0.453,2.185
11445.72,2.85,0.467,2.185
11446.23,2.849,0.453,0.531
11446.8,2.849,0.453,0.531
11447.34,2.849,0.453,0.531
11447.86,2.849,0.453,0.531
11448.37,2.849,0.453,2.185
11448.87,2.849,0.453,0.531
11449.38,2.849,0.453,0.531
11450.01,2.849,0.453,0.531
11450.57,2.849,0.453,0.531
11451.15,2.849,0.453,0.531
11451.77,2.849,0.453,0.531
11452.3,2.849,0.453,0.531
11452.92,2.849,0.453,0.531
11453.44,2.849,0.453,0.531
11454.0,2.849,0.453,0.531
11454.59,2.849,0.453,0.531
11455.11,2.849,0.453,0.531
11455.61,2.849,0.453,0.531
11456.12,2.849,0.453,0.531
11456.63,2.849,0.453,0.531
11457.14,2.849,0.453,0.531
11457.7,2.849,0.453,0.531
11458.27,2.849,0.453,0.531
11458.83,2.849,0.453,0.531
11459.4,2.849,0.453,0.531
11460.0,2.849,0.453,0.531
11460.57,2.849,0.453,0.531
11461.17,2.849,0.453,0.531
11461.75,2.849,0.453,0.531
11462.26,2.849,0.453,0.531
11462.77,2.849,0.453,0.531
11463.38,2.849,0.453,0.531
11463.89,2.849,0.453,0.531
11464.4,2.849,0.453,0.531
11464.99,2.849,0.453,0.531
11465.56,2.849,0.453,0.531
11466.14,2.849,0.453,0.531
11466.69,2.849,0.453,0.531
11467.26,2.849,0.453,0.531
11467.82,2.849,0.453,0.531
11468.41,2.849,0.453,0.531
11468.96,2.849,0.453,0.531
11469.49,2.849,0.453,0.531
11470.08,2.849,0.453,0.531
11470.59,2.849,0.453,0.531
11471.1,2.849,0.453,0.531
11471.63,2.849,0.453,0.531
11472.2,2.849,0.453,0.531
11472.78,2.849,0.453,0.531
11473.34,2.849,0.453,0.531
11473.85,2.849,0.453,2.185
11474.36,2.915,0.467,2.185
11474.93,2.849,0.453,0.531
11475.43,2.864,0.467,2.185
11475.94,2.836,0.453,0.531
11476.53,2.836,0.453,0.531
11477.04,2.836,0.453,0.531
11477.55,2.836,0.453,0.531
11478.06,2.836,0.453,0.531
11478.58,2.836,0.453,0.531
11479.13,2.836,0.453,0.531
11479.71,2.836,0.453,0.531
11480.26,2.836,0.453,0.531
11480.84,2.836,0.453,0.531
11481.38,2.836,0.453,0.531
11481.9,2.836,0.453,0.531
11482.42,2.836,0.453,0.531
11483.0,2.836,0.453,0.531
11483.54,2.836,0.453,0.531
11484.05,2.836,0.453,0.531
11484.56,2.836,0.453,0.531
11485.07,2.836,0.453,0.531
11485.6,2.836,0.453,0.531
11486.15,2.836,0.453,0.531
11486.68,2.836,0.453,0.531
11487.21,2.836,0.453,0.531
11487.73,2.836,0.453,0.531
11488.25,2.836,0.453,0.531
11488.79,2.836,0.453,0.531
11489.3,2.85,0.467,2.185
11489.81,2.849,0.453,0.531
11490.32,2.849,0.453,2.181
11490.86,2.849,0.453,0.531
11491.37,2.85,0.467,2.185
11491.88,2.849,0.453,0.531
11492.39,2.921,0.453,2.185
11492.97,2.836,0.453,0.531
11493.48,2.917,0.453,2.185
11493.99,2.849,0.453,2.185
11494.53,2.849,0.453,0.531
11495.12,2.849,0.453,0.531
11495.7,2.849,0.453,0.531
11496.24,2.849,0.453,0.531
11496.82,2.849,0.453,0.531
11497.33,2.849,0.453,2.185
11497.84,2.85,0.467,2.185
11498.35,2.849,0.453,0.531
11498.86,2.849,0.453,0.531
11499.37,2.849,0.453,0.531
11499.88,2.849,0.453,0.531
11500.38,2.914,0.453,2.185
11501.01,2.849,0.453,0.531
11501.57,2.849,0.453,0.531
11502.1,2.849,0.453,0.531
11502.68,2.849,0.453,0.531
11503.24,2.849,0.453,0.531
11503.82,2.849,0.453,0.531
11504.37,2.849,0.453,0.531
11504.93,2.849,0.453,0.531
11505.44,2.849,0.453,0.531
11505.95,2.849,0.453,0.531
11506.45,2.849,0.453,0.531
11506.96,2.849,0.482,2.181
11507.5,2.849,0.453,0.531
11508.11,2.849,0.453,0.531
11508.7,2.849,0.453,0.531
11509.27,2.849,0.453,0.531
11509.84,2.849,0.453,0.531
11510.42,2.849,0.453,0.531
11511.0,2.849,0.453,0.531
11511.56,2.849,0.453,0.531
11512.08,2.849,0.453,0.531
11512.59,2.849,0.453,0.531
11513.1,2.849,0.453,0.531
11513.61,2.849,0.453,0.531
11514.13,2.849,0.453,0.531
11514.7,2.849,0.453,0.531
11515.27,2.849,0.453,0.531
11515.82,2.849,0.453,0.531
11516.38,2.849,0.453,0.531
11516.96,2.849,0.453,0.531
11517.51,2.849,0.453,0.531
11518.08,2.849,0.453,0.531
11518.63,2.849,0.453,0.531
11519.17,2.849,0.453,0.531
11519.68,2.849,0.453,0.531
11520.19,2.849,0.453,0.531
11520.7,2.849,0.453,0.531
11521.21,2.849,0.482,2.181
11521.72,2.849,0.453,0.531
11522.26,2.849,0.453,0.531
11522.78,2.849,0.465,2.185
11523.29,2.919,0.453,2.185
11523.8,2.867,0.453,2.181
11524.39,2.836,0.453,0.531
11524.91,2.836,0.482,2.181
11525.42,2.85,0.467,2.185
11525.94,2.849,0.453,0.531
11526.5,2.849,0.453,0.531
11527.01,2.849,0.453,0.531
11527.52,2.849,0.453,0.531
11528.09,2.849,0.453,0.531
11528.64,2.849,0.453,0.531
11529.18,2.849,0.453,0.531
11529.75,2.849,0.453,0.531
11530.28,2.849,0.453,0.531
11530.81,2.849,0.453,0.531
11531.33,2.849,0.453,0.531
11531.87,2.849,0.453,0.531
11532.43,2.849,0.453,0.531
11532.99,2.849,0.453,0.531
11533.5,2.849,0.453,0.531
11534.01,2.849,0.453,0.531
11534.52,2.849,0.453,0.531
11535.04,2.849,0.453,0.531
11535.65,2.849,0.453,0.531
11536.21,2.849,0.453,0.531
11536.78,2.849,0.453,0.531
11537.29,2.849,0.453,0.531
11537.81,2.849,0.453,0.531
11538.32,2.85,0.467,2.185
11538.83,2.849,0.453,2.181
11539.34,2.849,0.453,2.185
11539.85,2.85,0.467,2.185
11540.36,2.849,0.453,0.531
11540.87,2.864,0.467,2.185
11541.47,2.837,0.453,0.531
11542.06,2.837,0.453,0.531
11542.57,2.852,0.453,2.185
11543.08,2.85,0.482,2.181
11543.65,2.85,0.453,0.531
11544.16,2.85,0.453,0.531
11544.72,2.85,0.453,0.531
11545.23,2.85,0.453,0.531
11545.74,2.852,0.467,2.185
11546.25,2.85,0.482,2.181
11546.84,2.851,0.453,0.531
11547.36,2.852,0.467,2.185
11547.87,2.851,0.453,0.531
11548.43,2.851,0.453,0.531
11549.04,2.851,0.453,0.531
11549.55,2.851,0.453,2.181
11550.12,2.851,0.453,0.531
11550.75,2.851,0.453,0.531
11551.3,2.851,0.453,0.531
11551.84,2.851,0.453,0.531
11552.38,2.851,0.453,0.531
11552.93,2.851,0.453,0.531
11553.54,2.851,0.453,0.531
11554.09,2.851,0.453,0.531
11554.65,2.851,0.453,0.531
11555.16,2.851,0.453,0.531
11555.67,2.851,0.453,0.531
11556.17,2.851,0.541,1.185
11556.69,2.851,0.453,0.531
11557.23,2.851,0.453,0.531
11557.8,2.851,0.453,0.531
11558.36,2.851,0.453,0.531
11558.93,2.851,0.453,0.531
11559.48,2.851,0.453,0.531
11560.05,2.851,0.453,0.531
11560.61,2.851,0.453,0.531
11561.12,2.851,0.453,0.531
11561.63,2.851,0.453,0.531
11562.14,2.851,0.453,0.531
11562.65,2.851,0.453,0.531
11563.19,2.851,0.453,0.531
11563.81,2.851,0.453,0.531
11564.4,2.851,0.453,0.531
11564.95,2.851,0.453,0.531
11565.52,2.851,0.453,0.531
11566.07,2.851,0.453,0.531
11566.62,2.851,0.453,0.531
11567.17,2.851,0.453,0.531
11567.79,2.851,0.453,0.531
11568.42,2.851,0.453,0.531
11568.93,2.851,0.453,2.181
11569.43,2.851,0.453,0.531
11569.94,2.851,0.453,0.531
11570.55,2.851,0.453,0.531
11571.1,2.851,0.453,0.531
11571.62,2.851,0.453,2.181
11572.2,2.851,0.453,0.531
11572.71,2.866,0.467,2.185
11573.23,2.838,0.453,0.531
11573.78,2.838,0.453,0.531
11574.29,2.852,0.453,2.185
11574.8,2.851,0.453,0.531
11575.31,2.851,0.453,0.531
11575.82,2.851,0.453,0.531
11576.41,2.851,0.453,0.531
11576.95,2.851,0.453,0.531
11577.49,2.851,0.453,0.531
11578.06,2.851,0.453,0.531
11578.67,2.851,0.453,0.531
11579.21,2.851,0.453,0.531
11579.74,2.851,0.453,0.531
11580.25,2.851,0.453,0.531
11580.77,2.851,0.453,0.531
11581.3,2.851,0.453,0.531
11581.88,2.851,0.453,0.531
11582.4,2.851,0.453,0.531
11582.95,2.851,0.453,0.531
11583.5,2.851,0.453,0.531
11584.06,2.851,0.453,0.531
11584.57,2.851,0.453,0.531
11585.09,2.851,0.453,0.531
11585.62,2.851,0.453,0.531
11586.16,2.851,0.453,0.531
11586.73,2.851,0.453,0.531
11587.24,2.851,0.453,2.185
11587.79,2.851,0.453,0.531
11588.3,2.851,0.453,0.531
11588.81,2.851,0.453,2.185
11589.32,2.851,0.453,0.531
11589.83,2.852,0.467,2.185
11590.34,2.851,0.453,0.531
11590.85,2.838,0.466,2.185
11591.36,2.838,0.453,0.531
11591.91,2.838,0.453,0.531
11592.46,2.838,0.453,0.531
11592.99,2.838,0.453,0.531
11593.55,2.838,0.453,0.531
11594.12,2.838,0.453,0.531
11594.63,2.852,0.467,2.185
11595.14,2.851,0.453,0.531
11595.65,2.851,0.482,2.181
11596.16,2.851,0.453,0.531
11596.67,2.851,0.453,0.531
11597.18,2.851,0.453,0.531
11597.75,2.851,0.453,0.531
11598.26,2.851,0.453,0.531
11598.81,2.851,0.453,0.531
11599.37,2.851,0.453,0.531
11599.93,2.851,0.453,0.531
11600.5,2.851,0.453,0.531
11601.06,2.851,0.453,0.531
11601.62,2.851,0.453,0.531
11602.2,2.851,0.453,0.531
11602.71,2.851,0.453,0.531
11603.22,2.851,0.453,0.531
11603.73,2.851,0.453,0.531
11604.35,2.851,0.453,0.531
11604.89,2.851,0.453,0.531
11605.47,2.851,0.453,0.531
11606.0,2.851,0.453,0.531
11606.55,2.851,0.453,0.531
11607.12,2.851,0.453,0.531
11607.7,2.851,0.453,0.531
11608.25,2.851,0.453,0.531
11608.76,2.851,0.476,2.185
11609.27,2.851,0.453,0.531
11609.78,2.852,0.467,2.185
11610.28,2.851,0.453,0.531
11610.79,2.851,0.453,0.531
11611.3,2.851,0.453,0.531
11611.81,2.851,0.453,2.181
11612.32,2.851,0.453,0.531
11612.9,2.851,0.453,0.531
11613.47,2.851,0.453,0.531
11614.02,2.851,0.453,0.531
11614.57,2.851,0.453,0.531
11615.14,2.851,0.453,0.531
11615.71,2.851,0.453,0.531
11616.27,2.851,0.453,0.531
11616.79,2.851,0.453,0.531
11617.3,2.851,0.453,0.531
11617.81,2.851,0.453,0.531
11618.31,2.851,0.453,0.531
11618.9,2.851,0.453,0.531
11619.42,2.852,0.467,2.185
11619.97,2.851,0.453,0.531
11620.48,2.899,0.453,2.185
11620.98,2.838,0.453,0.531
11621.49,2.838,0.453,2.181
11622.09,2.851,0.453,0.531
11622.71,2.851,0.453,0.531
11623.26,2.851,0.453,0.531
11623.8,2.851,0.453,0.531
11624.31,2.851,0.453,0.531
11624.82,2.851,0.453,0.531
11625.33,2.851,0.453,0.531
11625.84,2.851,0.453,0.531
11626.36,2.851,0.453,0.531
11626.88,2.851,0.453,0.531
11627.44,2.851,0.453,0.531
11627.97,2.851,0.453,0.531
11628.5,2.851,0.453,0.531
11629.03,2.851,0.453,0.531
11629.58,2.851,0.453,0.531
11630.11,2.851,0.453,0.531
11630.63,2.851,0.453,0.531
11631.14,2.851,0.453,0.531
11631.65,2.851,0.453,0.531
11632.16,2.851,0.453,0.531
11632.67,2.851,0.453,0.531
11633.26,2.851,0.453,0.531
11633.82,2.851,0.453,0.531
11634.36,2.851,0.453,0.531
11634.87,2.851,0.453,0.531
11635.4,2.851,0.453,0.531
11635.92,2.851,0.453,0.531
11636.48,2.851,0.453,0.531
11637.04,2.851,0.453,0.531
11637.59,2.851,0.453,0.531
11638.1,2.851,0.453,2.185
11638.61,2.851,0.453,0.531
11639.12,2.851,0.453,0.531
11639.63,2.921,0.462,2.185
11640.24,2.851,0.453,0.531
11640.76,2.851,0.453,0.531
11641.28,2.851,0.453,0.531
11641.84,2.851,0.453,0.531
11642.39,2.851,0.453,0.531
11642.94,2.851,0.453,0.531
11643.45,2.852,0.467,2.185
11643.95,2.851,0.453,0.531
11644.56,2.851,0.453,0.531
11645.14,2.851,0.453,0.531
11645.65,2.851,0.6,1.185
11646.26,2.851,0.453,0.531
11646.77,2.851,0.453,0.531
11647.33,2.851,0.453,0.531
11647.84,2.851,0.453,0.531
11648.42,2.851,0.453,0.531
11649.03,2.851,0.453,0.531
11649.64,2.851,0.453,0.531
11650.21,2.851,0.453,0.531
11650.78,2.851,0.453,0.531
11651.38,2.851,0.453,0.531
11651.93,2.851,0.453,0.531
11652.51,2.851,0.453,0.531
11653.07,2.851,0.453,0.531
11653.58,2.851,0.453,0.531
11654.09,2.851,0.453,0.531
11654.65,2.851,0.453,0.531
11655.23,2.851,0.453,0.531
11655.81,2.851,0.453,0.531
11656.32,2.851,0.453,2.185
11656.83,2.852,0.467,2.185
11657.34,2.851,0.453,0.531
11657.9,2.851,0.453,0.531
11658.43,2.851,0.453,0.531
11658.94,2.851,0.453,0.531
11659.61,2.851,0.453,0.531
11660.12,2.851,0.453,0.531
11660.71,2.851,0.453,0.531
11661.25,2.851,0.453,0.531
11661.87,2.851,0.453,0.531
11662.46,2.851,0.453,0.531
11663.06,2.851,0.453,0.531
11663.61,2.851,0.453,0.531
11664.17,2.851,0.453,0.531
11664.69,2.851,0.453,0.531
11665.21,2.851,0.453,0.531
11665.77,2.851,0.453,0.531
11666.32,2.851,0.453,0.531
11666.84,2.851,0.453,0.531
11667.37,2.851,0.453,0.531
11667.89,2.851,0.453,0.531
11668.39,2.851,0.453,0.531
11669.03,2.851,0.453,0.531
11669.6,2.851,0.453,0.531
11670.12,2.851,0.453,0.531
11670.66,2.851,0.453,0.531
11671.2,2.851,0.453,0.531
11671.73,2.851,0.453,0.531
11672.27,2.851,0.453,0.531
11672.83,2.851,0.453,0.531
11673.4,2.851,0.453,0.531
11673.94,2.851,0.453,0.531
11674.46,2.851,0.453,0.531
11674.97,2.851,0.453,0.531
11675.48,2.851,0.453,0.531
11675.98,2.851,0.453,0.531
11676.64,2.851,0.453,0.531
11677.21,2.851,0.453,0.531
11677.72,2.851,0.453,0.531
11678.24,2.851,0.453,0.531
11678.78,2.851,0.453,0.531
11679.29,2.851,0.453,0.531
11679.8,2.851,0.566,0.732
11680.33,2.851,0.453,0.531
11680.9,2.851,0.453,0.531
11681.42,2.851,0.453,0.531
11681.92,2.851,0.453,0.531
11682.43,2.851,0.453,0.531
11682.94,2.851,0.453,0.531
11683.45,2.852,0.453,2.185
11683.96,2.851,0.453,2.181
11684.55,2.851,0.453,0.531
11685.07,2.838,0.453,2.185
11685.59,2.838,0.453,0.531
11686.26,2.838,0.453,0.531
11686.78,2.838,0.453,0.531
11687.32,2.838,0.453,0.531
11687.84,2.838,0.453,0.531
11688.35,2.852,0.467,2.185
11688.86,2.851,0.453,0.531
11689.37,2.851,0.453,2.181
11689.97,2.851,0.453,0.531
11690.48,2.838,0.464,2.185
11690.99,2.838,0.453,0.531
11691.51,2.838,0.453,0.531
11692.12,2.838,0.453,0.531
11692.67,2.838,0.453,0.531
11693.2,2.838,0.453,0.531
11693.76,2.838,0.453,0.531
11694.35,2.838,0.453,0.531
11694.9,2.838,0.453,0.531
11695.42,2.838,0.453,0.531
11695.93,2.838,0.453,0.531
11696.44,2.838,0.453,0.531
11696.94,2.838,0.453,0.531
11697.49,2.838,0.453,0.531
11698.05,2.838,0.453,0.531
11698.6,2.838,0.453,0.531
11699.16,2.838,0.453,0.531
11699.74,2.838,0.453,0.531
11700.32,2.838,0.453,0.531
11700.88,2.838,0.453,0.531
11701.42,2.838,0.453,0.531
11701.99,2.838,0.453,0.531
11702.51,2.838,0.453,0.531
11703.02,2.838,0.453,0.531
11703.52,2.838,0.453,0.531
11704.03,2.838,0.453,0.531
11704.6,2.838,0.453,0.531
11705.18,2.838,0.453,0.531
11705.78,2.838,0.453,0.531
11706.41,2.838,0.453,0.531
11706.97,2.838,0.453,0.531
11707.53,2.838,0.453,0.531
11708.05,2.838,0.453,0.531
11708.6,2.838,0.453,0.531
11709.19,2.838,0.453,0.531
11709.74,2.838,0.453,0.531
11710.26,2.838,0.453,0.531
11710.77,2.838,0.453,0.531
11711.28,2.838,0.453,0.531
11711.79,2.838,0.453,0.531
11712.32,2.838,0.453,0.531
11712.89,2.838,0.453,0.531
11713.41,2.838,0.453,0.531
11713.99,2.838,0.453,0.531
11714.53,2.838,0.453,0.531
11715.05,2.838,0.453,0.531
11715.58,2.838,0.453,0.531
11716.12,2.838,0.453,0.531
11716.66,2.838,0.453,0.531
11717.22,2.838,0.453,0.531
11717.84,2.838,0.453,0.531
11718.37,2.838,0.453,0.531
11719.0,2.838,0.453,0.531
11719.58,2.838,0.453,0.531
11720.13,2.838,0.453,0.531
11720.69,2.838,0.453,0.531
11721.23,2.838,0.453,0.531
11721.76,2.838,0.453,0.531
11722.31,2.838,0.592,0.732
11722.83,2.838,0.453,0.531
11723.36,2.838,0.453,0.531
11723.9,2.838,0.453,0.531
11724.46,2.838,0.453,0.531
11724.99,2.838,0.453,0.531
11725.55,2.838,0.453,0.531
11726.11,2.838,0.453,0.531
11726.68,2.838,0.453,0.531
11727.21,2.838,0.453,0.531
11727.73,2.852,0.467,2.185
11728.24,2.851,0.482,2.181
11728.82,2.851,0.453,0.531
11729.38,2.851,0.453,0.531
11729.9,2.851,0.453,0.531
11730.44,2.851,0.453,0.531
11730.99,2.851,0.453,0.531
11731.5,2.851,0.453,0.531
11732.01,2.851,0.453,0.531
11732.51,2.851,0.453,0.531
11733.02,2.851,0.453,2.185
11733.53,2.863,0.453,2.181
11734.09,2.851,0.453,0.531
11734.59,2.838,0.474,2.185
11735.1,2.838,0.453,0.531
11735.62,2.838,0.453,0.531
11736.17,2.838,0.453,0.531
11736.75,2.838,0.453,0.531
11737.3,2.838,0.453,0.531
11737.87,2.838,0.453,0.531
11738.44,2.838,0.453,0.531
11738.95,2.838,0.453,0.531
11739.46,2.838,0.453,0.531
11739.97,2.838,0.453,0.531
11740.48,2.838,0.453,0.531
11741.07,2.838,0.453,0.531
11741.66,2.838,0.453,0.531
11742.22,2.838,0.453,0.531
11742.79,2.838,0.453,0.531
11743.34,2.838,0.453,0.531
11743.88,2.838,0.453,0.531
11744.39,2.838,0.453,0.531
11745.09,2.838,0.453,0.531
11745.68,2.838,0.453,0.531
11746.24,2.838,0.453,0.531
11746.75,2.838,0.453,0.531
11747.26,2.838,0.453,0.531
11747.77,2.838,0.453,0.531
11748.28,2.838,0.453,0.531
11748.78,2.838,0.717,1.185
11749.3,2.838,0.453,0.531
11749.89,2.838,0.453,0.531
11750.48,2.838,0.453,0.531
11751.07,2.838,0.453,0.531
11751.63,2.838,0.453,0.531
11752.19,2.838,0.453,0.531
11752.77,2.838,0.453,0.531
11753.3,2.838,0.453,0.531
11753.86,2.838,0.453,0.531
11754.37,2.838,0.453,0.531
11754.88,2.838,0.482,2.181
11755.39,2.838,0.453,0.531
11755.9,2.838,0.453,0.531
11756.51,2.838,0.453,0.531
11757.08,2.838,0.453,0.531
11757.62,2.838,0.453,0.531
11758.15,2.838,0.453,0.531
11758.67,2.838,0.649,1.185
11759.2,2.838,0.453,0.531
11759.71,2.838,0.453,0.531
11760.24,2.838,0.453,0.531
11760.76,2.838,0.453,0.531
11761.29,2.838,0.453,0.531
11761.81,2.838,0.453,0.531
11762.32,2.838,0.453,0.531
11762.83,2.838,0.453,0.531
11763.34,2.838,0.453,0.531
11763.87,2.838,0.453,0.531
11764.4,2.838,0.453,0.531
11764.95,2.838,0.453,0.531
11765.48,2.838,0.453,0.531
11766.02,2.838,0.453,0.531
11766.54,2.838,0.453,0.531
11767.06,2.838,0.453,0.531
11767.6,2.838,0.453,0.531
11768.13,2.838,0.453,0.531
11768.67,2.838,0.453,0.531
11769.19,2.838,0.453,0.531
11769.7,2.838,0.453,0.531
11770.2,2.838,0.453,0.531
11770.84,2.838,0.453,2.181
11771.34,2.838,0.453,0.531
11771.92,2.838,0.453,0.531
11772.44,2.838,0.453,0.531
11772.97,2.838,0.453,0.531
11773.52,2.838,0.453,0.531
11774.07,2.838,0.453,0.531
11774.66,2.838,0.453,0.531
11775.17,2.851,0.525,2.185
11775.68,2.851,0.453,0.531
11776.2,2.851,0.453,2.185
11776.71,2.851,0.453,0.531
11777.21,2.851,0.453,0.531
11777.72,2.852,0.467,2.185
11778.23,2.851,0.453,0.531
11778.74,2.899,0.453,2.185
11779.25,2.851,0.482,2.181
11779.87,2.851,0.453,0.531
11780.4,2.851,0.453,0.531
11780.96,2.851,0.453,0.531
11781.54,2.851,0.453,0.531
11782.11,2.851,0.453,0.531
11782.63,2.851,0.453,0.531
11783.13,2.851,0.453,0.531
11783.64,2.851,0.453,0.531
11784.15,2.851,0.453,0.531
11784.66,2.851,0.453,0.531
11785.17,2.851,0.55,1.185
11785.69,2.851,0.453,0.531
11786.3,2.851,0.453,0.531
11786.82,2.851,0.453,0.531
11787.38,2.851,0.453,0.531
11787.9,2.851,0.453,0.531
11788.47,2.851,0.453,0.531
11788.98,2.851,0.491,2.187
11789.49,2.851,0.453,2.185
11790.03,2.851,0.453,0.531
11790.54,2.851,0.453,0.531
11791.04,2.851,0.453,0.531
11791.55,2.851,0.453,0.531
11792.06,2.851,0.453,0.531
11792.67,2.851,0.453,0.531
11793.25,2.851,0.453,0.531
11793.82,2.851,0.453,0.531
11794.41,2.851,0.453,0.531
11795.01,2.851,0.453,0.531
11795.61,2.851,0.453,0.531
11796.19,2.851,0.453,0.531
11796.74,2.851,0.453,0.531
11797.31,2.851,0.453,0.531
11797.85,2.851,0.453,0.531
11798.36,2.851,0.453,0.531
11798.87,2.851,0.453,0.531
11799.38,2.851,0.453,0.531
11799.89,2.851,0.453,0.531
11800.4,2.851,0.453,0.531
11800.96,2.851,0.453,0.531
11801.5,2.851,0.453,0.531
11802.05,2.851,0.453,0.531
11802.61,2.851,0.453,0.531
11803.14,2.851,0.453,0.531
11803.7,2.851,0.453,0.531
11804.23,2.851,0.453,0.531
11804.75,2.851,0.453,0.531
11805.29,2.851,0.453,0.531
11805.8,2.851,0.453,0.531
11806.31,2.851,0.453,0.531
11806.82,2.851,0.453,0.531
11807.33,2.851,0.453,0.531
11807.84,2.851,0.453,0.531
11808.37,2.851,0.453,0.531
11808.9,2.851,0.453,0.531
11809.44,2.851,0.453,0.531
11809.96,2.851,0.453,0.531
11810.5,2.851,0.592,0.732
11811.04,2.851,0.453,0.531
11811.57,2.851,0.453,0.531
11812.11,2.851,0.453,0.531
11812.64,2.851,0.453,0.531
11813.15,2.851,0.453,0.531
11813.66,2.851,0.453,0.531
11814.17,2.851,0.453,0.531
11814.68,2.851,0.564,1.185
11815.19,2.851,0.453,0.531
11815.75,2.851,0.453,0.531
11816.29,2.851,0.453,0.531
11816.82,2.851,0.453,0.531
11817.33,2.851,0.453,0.531
11817.87,2.851,0.453,0.531
11818.42,2.851,0.453,0.531
11818.96,2.851,0.453,0.531
11819.5,2.851,0.453,0.531
11820.04,2.851,0.453,0.531
11820.55,2.851,0.453,0.531
11821.06,2.851,0.482,2.181
11821.57,2.851,0.453,0.531
11822.12,2.851,0.453,0.531
11822.63,2.851,0.453,2.185
11823.22,2.851,0.453,0.531
11823.74,2.851,0.453,2.185
11824.24,2.851,0.466,0.531
11824.76,2.851,0.453,0.531
11825.29,2.851,0.453,0.531
11825.88,2.851,0.453,0.531
11826.47,2.851,0.453,0.531
11826.99,2.851,0.453,0.531
11827.5,2.851,0.453,0.531
11828.0,2.851,0.453,0.531
11828.51,2.851,0.453,0.531
11829.02,2.851,1.539,2.181
11829.53,2.851,0.453,0.531
11830.12,2.851,0.453,0.531
11830.68,2.851,0.453,0.531
11831.25,2.851,0.453,0.531
11831.78,2.851,0.453,0.531
11832.32,2.851,0.453,0.531
11832.83,2.851,0.453,2.185
11833.43,2.851,0.453,0.531
11833.98,2.851,0.453,0.531
11834.5,2.851,0.453,0.531
11835.01,2.851,0.453,0.531
11835.52,2.851,0.453,0.531
11836.05,2.851,0.453,0.531
11836.6,2.851,0.453,0.531
11837.17,2.851,0.453,0.531
11837.74,2.851,0.453,0.531
11838.32,2.851,0.453,0.531
11838.9,2.851,0.453,0.531
11839.47,2.851,0.453,0.531
11840.05,2.851,0.453,0.531
11840.62,2.851,0.453,0.531
11841.17,2.851,0.453,0.531
11841.72,2.851,0.453,0.531
11842.24,2.851,0.453,0.531
11842.75,2.851,0.453,0.531
11843.26,2.851,0.453,0.531
11843.77,2.851,0.453,0.531
11844.28,2.851,0.453,0.531
11844.83,2.851,0.453,0.531
11845.37,2.851,0.65,1.185
11845.89,2.851,0.453,0.531
11846.41,2.851,0.453,0.531
11846.97,2.851,0.453,0.531
11847.52,2.851,0.994,1.185
11848.05,2.851,0.453,0.531
11848.56,2.851,0.453,0.531
11849.07,2.851,0.453,0.531
11849.6,2.851,0.453,0.531
11850.12,2.851,0.6,1.185
11850.63,2.851,0.453,0.531
11851.13,2.851,0.453,0.531
11851.64,2.851,0.453,0.531
11852.17,2.851,0.453,0.531
11852.72,2.851,0.453,0.531
11853.26,2.851,0.453,0.531
11853.8,2.851,0.453,0.531
11854.33,2.851,0.453,0.531
11854.9,2.851,0.453,0.531
11855.42,2.851,0.453,0.531
11855.94,2.851,0.453,0.531
11856.46,2.851,0.453,0.531
11857.01,2.851,0.453,0.531
11857.52,2.851,0.453,0.531
11858.03,2.851,0.453,0.531
11858.54,2.851,0.453,0.531
11859.05,2.851,0.453,0.531
11859.68,2.851,0.453,0.531
11860.24,2.851,0.453,0.531
11860.8,2.851,0.453,0.531
11861.31,2.851,0.453,0.531
11861.83,2.851,0.453,0.531
11862.36,2.851,0.453,0.531
11862.88,2.851,0.453,0.531
11863.45,2.851,0.453,0.531
11864.0,2.851,0.453,0.531
11864.51,2.851,0.453,0.531
11865.02,2.851,0.482,2.181
11865.52,2.851,0.453,2.181
11866.08,2.851,0.453,0.531
11866.63,2.851,0.453,0.531
11867.19,2.851,0.453,0.531
11867.73,2.851,0.453,0.531
11868.25,2.851,0.453,0.531
11868.83,2.851,0.453,0.531
11869.43,2.851,0.453,0.531
11870.02,2.851,0.453,0.531
11870.57,2.851,0.453,0.531
11871.12,2.851,0.453,0.531
11871.65,2.851,0.453,0.531
11872.16,2.851,0.453,0.531
11872.66,2.851,0.453,0.531
11873.25,2.851,0.453,0.531
11873.82,2.851,0.453,0.531
11874.39,2.851,0.453,0.531
11874.94,2.851,0.453,0.531
11875.57,2.851,0.453,0.531
11876.2,2.851,0.453,0.531
11876.75,2.851,0.453,0.531
11877.28,2.851,0.453,0.531
11877.83,2.851,0.453,0.531
11878.38,2.851,0.453,0.531
11878.89,2.851,0.453,0.531
11879.4,2.851,0.453,0.531
11879.91,2.851,0.453,0.531
11880.42,2.851,0.453,0.531
11880.94,2.851,0.548,1.185
11881.47,2.851,0.453,0.531
11882.03,2.851,0.453,0.531
11882.63,2.851,0.453,0.531
11883.19,2.851,0.453,0.531
11883.75,2.851,0.453,0.531
11884.33,2.851,0.453,0.531
11884.88,2.851,0.453,0.531
11885.47,2.851,0.453,0.531
11886.03,2.851,0.453,0.531
11886.54,2.851,0.453,0.531
11887.05,2.851,0.453,0.531
11887.55,2.851,0.453,0.531
11888.14,2.851,0.453,0.531
11888.76,2.851,0.453,0.531
11889.32,2.851,0.453,0.531
11889.86,2.851,0.453,0.531
11890.42,2.851,0.453,0.531
11890.95,2.851,0.453,0.531
11891.51,2.851,0.453,0.531
11892.02,2.851,0.453,0.531
11892.57,2.851,0.453,0.531
11893.12,2.851,0.453,0.531
11893.68,2.851,0.453,0.531
11894.26,2.851,0.453,0.531
11894.79,2.851,0.453,0.531
11895.3,2.851,0.453,0.531
11895.81,2.851,0.453,0.531
11896.32,2.851,0.453,0.531
11896.85,2.851,0.453,0.531
11897.38,2.851,0.453,0.531
11897.94,2.851,0.453,0.531
11898.46,2.851,0.453,0.531
11898.99,2.851,0.453,0.531
11899.5,2.851,0.453,0.531
11900.05,2.851,0.453,0.531
11900.61,2.851,0.453,0.531
11901.15,2.851,0.453,0.531
11901.66,2.851,0.453,0.531
11902.17,2.851,0.453,0.531
11902.68,2.851,0.453,0.531
11903.19,2.851,0.453,0.531
11903.79,2.851,0.453,0.531
11904.36,2.851,0.453,0.531
11904.88,2.851,0.453,0.531
11905.48,2.851,0.453,0.531
11906.01,2.851,0.453,0.531
11906.56,2.851,0.453,0.531
11907.08,2.851,0.453,0.531
11907.62,2.851,0.453,0.531
11908.15,2.851,0.453,0.531
11908.66,2.851,0.453,0.531
11909.17,2.851,0.453,0.531
11909.7,2.851,0.453,0.531
11910.28,2.851,0.453,0.531
11910.79,2.851,0.453,2.185
11911.31,2.851,0.453,0.531
11911.9,2.851,0.453,0.531
11912.42,2.851,0.453,0.531
11912.98,2.851,0.453,0.531
11913.5,2.851,0.489,2.185
11914.01,2.851,0.453,2.185
11914.52,2.851,0.453,2.181
11915.12,2.838,0.453,0.531
11915.68,2.838,0.453,0.531
11916.19,2.838,0.453,0.531
11916.73,2.838,0.453,0.531
11917.24,2.838,0.453,0.531
11917.8,2.838,0.453,0.531
11918.39,2.838,0.453,0.531
11918.95,2.838,0.453,0.531
11919.52,2.838,0.453,0.531
11920.07,2.838,0.453,0.531
11920.59,2.851,0.453,2.185
11921.15,2.851,0.453,0.531
11921.69,2.851,0.453,0.531
11922.26,2.851,0.453,0.531
11922.77,2.851,0.467,2.185
11923.28,2.851,0.453,0.531
11923.79,2.852,0.467,2.185
11924.29,2.851,0.453,0.531
11924.81,2.851,0.453,0.531
11925.32,2.851,0.453,2.185
11925.82,2.852,0.467,2.185
11926.33,2.851,0.453,0.531
11926.92,2.851,0.453,0.531
11927.47,2.851,0.453,0.531
11928.04,2.851,0.453,0.531
11928.56,2.851,0.453,0.531
11929.1,2.851,0.453,0.531
11929.67,2.851,0.453,0.531
11930.29,2.851,0.453,0.531
11930.8,2.851,0.453,0.531
11931.32,2.851,0.453,0.531
11931.83,2.851,0.453,0.531
11932.34,2.851,0.453,0.531
11932.85,2.851,0.453,0.531
11933.41,2.851,0.453,0.531
11933.95,2.851,0.453,0.531
11934.49,2.851,0.453,0.531
11935.05,2.851,0.453,0.531
11935.62,2.851,0.453,0.531
11936.18,2.851,0.453,0.531
11936.72,2.851,0.453,0.531
11937.24,2.852,0.453,0.531
11937.78,2.851,0.453,0.531
11938.31,2.851,0.453,0.531
11938.82,2.851,0.453,0.531
11939.35,2.851,0.453,0.531
11939.86,2.851,0.453,0.531
11940.37,2.851,0.453,0.531
11940.9,2.851,0.453,0.531
11941.43,2.851,0.453,0.531
11942.0,2.851,0.453,0.531
11942.52,2.851,0.453,0.531
11943.09,2.851,0.453,0.531
11943.63,2.851,0.453,0.531
11944.18,2.851,0.453,0.531
11944.7,2.851,0.453,0.531
11945.21,2.851,0.453,0.531
11945.84,2.851,0.482,2.181
11946.41,2.851,0.453,0.531
11946.94,2.851,0.453,0.531
11947.47,2.851,0.617,0.682
11948.0,2.851,0.617,0.682
11948.53,2.851,0.453,0.531
11949.09,2.851,0.453,0.531
11949.63,2.851,0.453,0.531
11950.18,2.851,0.453,0.531
11950.77,2.851,0.453,0.531
11951.29,2.851,0.453,0.531
11951.8,2.851,0.453,0.531
11952.31,2.851,0.453,0.531
11952.81,2.851,0.453,0.531
11953.35,2.851,0.453,0.531
11953.91,2.851,0.453,0.531
11954.44,2.851,0.453,0.531
11954.99,2.851,0.453,0.531
11955.56,2.852,0.453,0.531
11956.12,2.852,0.453,0.531
11956.65,2.852,0.453,0.531
11957.2,2.852,0.453,0.531
11957.77,2.852,0.453,0.531
11958.28,2.852,0.453,0.531
11958.79,2.852,0.453,0.531
11959.3,2.853,0.467,2.185
11959.83,2.852,0.453,0.531
11960.34,2.867,0.467,2.185
11960.84,2.839,0.453,0.531
11961.35,2.839,0.453,0.531
11961.86,2.852,0.534,2.185
11962.37,2.852,0.482,2.181
11962.88,2.852,0.453,0.531
11963.39,2.852,0.453,2.185
11963.92,2.852,0.453,0.531
11964.43,2.852,0.453,0.531
11964.94,2.852,0.453,0.531
11965.45,2.852,0.453,0.531
11965.96,2.852,0.453,0.531
11966.47,2.852,0.453,0.531
11966.98,2.852,0.453,0.531
11967.49,2.852,0.453,0.531
11968.06,2.852,0.453,0.531
11968.6,2.852,0.453,0.531
11969.18,2.852,0.453,0.531
11969.69,2.853,0.467,2.185
11970.2,2.852,0.453,0.531
11970.72,2.852,0.529,0.581
11971.23,2.853,0.467,2.185
11971.74,2.852,0.482,2.181
11972.29,2.852,0.453,0.531
11972.8,2.852,0.453,0.531
11973.31,2.852,0.453,0.531
11973.82,2.852,0.453,0.531
11974.33,2.852,0.453,0.531
11974.9,2.852,0.453,0.531
11975.44,2.852,0.453,0.531
11976.03,2.852,0.453,0.531
11976.6,2.852,0.453,0.531
11977.19,2.852,0.453,0.531
11977.79,2.852,0.453,0.531
11978.41,2.852,0.453,0.531
11979.0,2.852,0.453,0.531
11979.55,2.852,0.453,0.531
11980.06,2.852,0.453,0.531
11980.57,2.852,0.453,0.531
11981.08,2.852,0.453,0.531
11981.59,2.852,0.453,0.531
11982.11,2.852,0.453,0.531
11982.63,2.852,0.453,0.531
11983.19,2.852,0.453,0.531
11983.71,2.852,0.453,2.181
11984.25,2.852,0.453,0.531
11984.76,2.852,0.453,2.185
11985.29,2.852,0.701,1.185
11985.81,2.852,0.453,0.531
11986.37,2.852,0.453,0.531
11986.93,2.852,0.453,0.531
11987.44,2.852,0.453,0.531
11988.02,2.852,0.453,0.531
11988.53,2.852,0.453,0.531
11989.03,2.852,0.453,0.531
11989.71,2.852,0.453,0.531
11990.24,2.852,0.453,0.531
11990.78,2.852,0.453,0.531
11991.32,2.852,0.453,0.531
11991.85,2.852,0.453,0.531
11992.39,2.852,0.453,0.531
11992.91,2.852,0.453,0.531
11993.43,2.852,0.453,0.531
11994.02,2.852,0.453,0.531
11994.55,2.852,0.453,0.531
11995.06,2.852,0.453,0.531
11995.63,2.852,0.453,0.531
11996.15,2.852,0.453,0.531
11996.67,2.852,0.453,0.531
11997.2,2.852,0.453,0.531
11997.71,2.852,0.453,0.531
11998.26,2.852,0.453,0.531
11998.84,2.852,0.453,0.531
11999.35,2.852,0.453,0.531
11999.88,2.852,0.453,0.531
12000.43,2.852,0.453,0.531
12000.95,2.852,0.453,0.531
12001.51,2.852,0.453,0.531
12002.02,2.852,0.453,0.531
12002.65,2.852,0.453,0.531
12003.2,2.852,0.453,0.531
12003.74,2.852,0.453,0.531
12004.26,2.852,0.453,0.531
12004.83,2.852,0.453,0.531
12005.4,2.852,0.453,0.531
12005.97,2.852,0.453,0.531
12006.54,2.852,0.453,0.531
12007.05,2.852,0.453,2.185
12007.56,2.852,0.453,2.181
12008.07,2.852,0.453,2.185
12008.58,2.852,0.453,0.531
12009.09,2.839,0.453,2.185
12009.6,2.84,0.453,0.531
12010.11,2.839,0.453,0.531
12010.67,2.839,0.453,0.531
12011.19,2.852,0.453,2.185
12011.7,2.852,0.453,0.531
12012.23,2.852,0.453,0.531
12012.78,2.852,0.453,0.531
12013.34,2.852,0.453,0.531
12013.89,2.852,0.453,0.531
12014.42,2.852,0.453,0.531
12014.93,2.852,0.453,2.181
12015.46,2.852,0.453,0.531
12015.98,2.852,0.453,0.531
12016.59,2.852,0.453,0.531
12017.16,2.852,0.453,0.531
12017.72,2.852,0.453,0.531
12018.27,2.852,0.453,0.531
12018.88,2.852,0.453,0.531
12019.43,2.852,0.453,0.531
12019.97,2.852,0.453,0.531
12020.51,2.852,0.453,0.531
12021.05,2.852,0.453,0.531
12021.61,2.852,0.453,0.531
12022.12,2.852,0.453,0.531
12022.63,2.852,0.453,0.531
12023.14,2.852,0.453,0.531
12023.65,2.852,0.453,0.531
12024.23,2.852,0.453,0.531
12024.8,2.852,0.453,0.531
12025.36,2.852,0.453,0.531
12025.87,2.852,0.453,2.185
12026.39,2.852,0.453,0.531
12027.0,2.852,0.453,0.531
12027.55,2.852,0.453,0.531
12028.11,2.852,0.453,0.531
12028.68,2.852,0.453,0.531
12029.19,2.923,0.453,2.185
12029.78,2.852,0.453,0.531
12030.29,2.852,0.453,0.531
12030.83,2.852,0.453,0.531
12031.36,2.852,0.453,0.531
12031.94,2.852,0.453,0.531
12032.53,2.852,0.453,0.531
12033.06,2.852,0.453,0.531
12033.6,2.852,0.453,0.531
12034.14,2.852,0.453,0.531
12034.66,2.852,0.453,0.531
12035.18,2.853,0.453,0.531
12035.69,2.853,0.453,0.531
12036.21,2.852,0.453,0.531
12036.73,2.852,0.453,0.531
12037.26,2.852,0.453,0.531
12037.77,2.852,0.453,0.531
12038.27,2.852,0.453,0.531
12038.88,2.852,0.453,0.531
12039.39,2.852,1.237,2.181
12039.9,2.852,0.482,2.181
12040.41,2.852,0.482,2.181
12040.92,2.852,0.453,0.531
12041.58,2.852,0.453,0.531
12042.09,2.852,0.453,0.531
12042.6,2.853,0.453,0.531
12043.14,2.853,0.453,0.531
12043.7,2.853,0.453,0.531
12044.26,2.853,0.453,0.531
12044.77,2.853,0.453,0.531
12045.28,2.853,0.453,0.531
12045.78,2.853,0.453,0.531
12046.34,2.853,0.453,0.531
12046.87,2.853,0.453,0.531
12047.4,2.853,0.453,0.531
12047.94,2.853,0.453,0.531
12048.45,2.853,0.453,0.531
12049.02,2.853,0.453,0.531
12049.55,2.853,0.453,0.531
12050.1,2.853,0.453,0.531
12050.65,2.853,0.453,0.531
12051.16,2.853,0.453,0.531
12051.67,2.853,0.453,0.531
12052.17,2.853,0.453,0.531
12052.68,2.853,0.453,0.531
12053.19,2.853,0.453,2.185
12053.7,2.909,0.467,2.185
12054.21,2.853,0.453,0.531
12054.72,2.84,0.459,2.185
12055.23,2.84,0.453,0.531
12055.74,2.84,0.482,2.181
12056.25,2.84,0.453,0.531
12056.8,2.84,0.453,0.531
12057.37,2.84,0.453,0.531
12057.91,2.84,0.453,0.531
12058.43,2.84,0.453,0.531
12058.94,2.84,0.453,0.531
12059.44,2.84,0.453,0.531
12059.95,2.84,0.453,0.531
12060.46,2.84,0.866,2.185
12060.99,2.853,0.453,0.531
12061.51,2.853,0.453,0.531
12062.14,2.853,0.453,0.531
12062.71,2.853,0.453,0.531
12063.28,2.853,0.453,0.531
12063.83,2.853,0.453,0.531
12064.39,2.853,0.453,0.531
12064.97,2.853,0.453,0.531
12065.48,2.853,0.453,0.531
12065.99,2.853,0.453,0.531
12066.5,2.853,0.453,0.531
12067.01,2.853,0.453,0.531
12067.63,2.853,0.453,0.531
12068.19,2.853,0.453,0.531
12068.73,2.853,0.453,0.531
12069.28,2.853,0.453,0.531
12069.84,2.853,0.453,0.531
12070.4,2.853,0.453,0.531
12070.92,2.854,0.467,2.185
12071.44,2.853,0.453,0.531
12071.95,2.853,1.002,2.181
12072.46,2.853,0.453,2.185
12072.97,2.853,0.453,0.531
12073.48,2.853,0.453,2.185
12074.1,2.853,0.453,0.531
12074.61,2.853,0.453,0.531
12075.12,2.853,0.453,0.531
12075.73,2.853,0.453,0.531
12076.3,2.853,0.453,0.531
12076.84,2.853,0.453,0.531
12077.39,2.853,0.453,0.531
12077.93,2.853,0.453,0.531
12078.45,2.853,0.453,0.531
12078.97,2.853,0.529,0.581
12079.49,2.853,0.453,0.531
12080.0,2.853,0.453,0.531
12080.56,2.853,0.453,0.531
12081.07,2.853,0.453,0.531
12081.58,2.853,0.453,0.531
12082.09,2.853,0.453,0.531
12082.59,2.853,0.453,0.531
12083.2,2.853,0.453,0.531
12083.75,2.853,0.453,0.531
12084.28,2.853,0.453,0.531
12084.8,2.853,0.453,0.531
12085.35,2.853,0.453,0.531
12085.88,2.853,0.453,0.531
12086.42,2.853,0.453,0.531
12086.96,2.853,0.453,0.531
12087.49,2.853,0.453,0.531
12087.99,2.853,0.453,0.531
12088.5,2.853,0.453,0.531
12089.01,2.853,0.453,0.531
12089.57,2.853,0.453,0.531
12090.1,2.853,0.453,0.531
12090.66,2.853,0.453,0.531
12091.19,2.853,0.453,0.531
12091.72,2.853,0.453,0.531
12092.25,2.853,0.453,0.531
12092.77,2.853,0.453,0.531
12093.29,2.853,0.453,0.531
12093.84,2.853,0.453,0.531
12094.41,2.853,0.453,0.531
12094.92,2.853,0.453,0.531
12095.43,2.853,0.453,0.531
12096.02,2.853,0.453,0.531
12096.58,2.853,0.453,0.531
12097.12,2.853,0.453,0.531
12097.68,2.853,0.453,0.531
12098.2,2.854,0.467,2.185
12098.71,2.853,0.453,0.531
12099.21,2.853,0.453,2.185
12099.72,2.853,0.453,2.181
12100.27,2.853,0.453,0.531
12100.89,2.853,0.453,0.531
12101.44,2.853,0.453,0.531
12101.94,2.853,0.453,0.531
12102.45,2.853,0.453,0.531
12102.96,2.853,0.453,0.531
12103.57,2.853,0.453,0.531
12104.1,2.853,0.453,0.531
12104.66,2.853,0.453,0.531
12105.22,2.853,0.453,0.531
12105.79,2.853,0.453,0.531
12106.34,2.853,0.453,0.531
12106.87,2.853,0.453,0.531
12107.43,2.853,0.453,0.531
12108.02,2.853,0.453,0.531
12108.59,2.853,0.453,0.531
12109.11,2.853,0.453,0.531
12109.62,2.853,0.453,0.531
12110.12,2.853,0.453,0.531
12110.8,2.853,0.453,0.531
12111.31,2.853,0.482,2.181
12111.82,2.853,0.453,0.531
12112.37,2.853,0.453,0.531
12112.89,2.853,0.453,0.531
12113.47,2.853,0.453,0.531
12113.98,2.853,0.453,0.531
12114.52,2.853,0.453,0.531
12115.11,2.853,0.453,0.531
12115.67,2.853,0.453,0.531
12116.19,2.853,0.453,2.185
12116.7,2.853,0.453,0.531
12117.2,2.853,0.453,0.531
12117.71,2.853,0.453,0.531
12118.22,2.854,0.467,2.185
12118.73,2.854,0.467,2.185
12119.24,2.853,0.453,0.531
12119.75,2.853,0.566,0.631
12120.27,2.853,0.453,0.531
12120.81,2.853,0.453,0.531
12121.36,2.853,0.453,0.531
12121.91,2.853,0.453,0.531
12122.44,2.853,0.453,0.531
12122.97,2.853,0.453,0.531
12123.49,2.853,0.453,0.531
12124.01,2.853,0.453,0.531
12124.52,2.853,0.453,0.531
12125.08,2.853,0.453,0.531
12125.59,2.853,0.453,0.531
12126.15,2.853,0.453,0.531
12126.68,2.853,0.453,0.531
12127.2,2.853,0.453,0.531
12127.75,2.853,0.453,0.531
12128.26,2.853,0.453,0.531
12128.81,2.853,0.453,0.531
12129.32,2.853,0.453,0.531
12129.93,2.853,0.453,0.531
12130.45,2.853,0.453,0.531
12130.96,2.853,0.453,0.531
12131.47,2.853,0.453,0.531
12131.98,2.853,0.453,0.531
12132.49,2.853,0.453,0.531
12133.04,2.853,0.453,0.531
12133.58,2.853,0.453,0.531
12134.11,2.853,0.453,0.531
12134.65,2.853,0.453,0.531
12135.24,2.853,0.453,0.531
12135.76,2.853,0.453,0.531
12136.31,2.853,0.453,0.531
12136.83,2.853,0.453,0.531
12137.36,2.853,0.453,0.531
12137.88,2.853,0.453,0.531
12138.39,2.853,0.453,0.531
12138.9,2.853,0.453,0.531
12139.41,2.853,0.453,0.531
12139.93,2.853,0.453,0.531
12140.53,2.853,0.453,0.531
12141.11,2.853,0.453,0.531
12141.64,2.853,0.453,0.531
12142.2,2.853,0.453,0.531
12142.71,2.854,0.467,2.185
12143.22,2.853,0.453,0.531
12143.82,2.853,0.453,0.531
12144.36,2.853,0.453,0.531
12144.95,2.853,0.453,0.531
12145.51,2.853,0.453,0.531
12146.03,2.853,0.453,0.531
12146.54,2.853,0.453,0.531
12147.05,2.853,0.453,0.531
12147.55,2.853,0.482,2.181
12148.06,2.853,0.453,0.531
12148.57,2.853,0.453,0.531
12149.09,2.853,0.866,2.185
12149.6,2.865,0.467,2.185
12150.11,2.853,0.453,0.531
12150.62,2.853,0.453,2.185
12151.2,2.853,0.453,0.531
12151.81,2.853,0.453,0.531
12152.33,2.853,0.453,0.531
12152.85,2.853,0.453,0.531
12153.36,2.853,0.453,0.531
12153.87,2.853,0.453,0.531
12154.38,2.853,0.453,0.531
12154.98,2.853,0.453,0.531
12155.56,2.853,0.453,0.531
12156.12,2.853,0.453,0.531
12156.7,2.853,0.453,0.531
12157.26,2.853,0.453,0.531
12157.82,2.853,0.453,0.531
12158.38,2.853,0.453,0.531
12158.94,2.853,0.453,0.531
12159.5,2.853,0.453,0.531
12160.01,2.853,0.453,0.531
12160.52,2.853,0.453,2.185
12161.03,2.853,0.453,0.531
12161.53,2.853,0.453,0.531
12162.04,2.853,0.654,1.185
12162.59,2.853,0.453,0.531
12163.18,2.853,0.453,0.531
12163.74,2.853,0.453,0.531
12164.29,2.853,0.453,0.531
12164.82,2.853,0.453,0.531
12165.33,2.853,0.582,2.185
12165.89,2.853,0.453,0.531
12166.39,2.853,0.469,2.185
12167.0,2.853,0.453,0.531
12167.5,2.853,0.453,0.531
12168.01,2.854,0.453,2.185
12168.52,2.853,0.453,0.531
12169.03,2.853,0.453,0.531
12169.61,2.853,0.453,0.531
12170.15,2.853,0.453,0.531
12170.71,2.853,0.453,0.531
12171.26,2.853,0.453,0.531
12171.81,2.853,0.453,0.531
12172.35,2.853,0.453,0.531
12172.87,2.853,0.453,0.531
12173.39,2.853,0.453,0.531
12173.94,2.853,0.453,0.531
12174.47,2.853,0.453,0.531
12174.98,2.853,0.453,0.531
12175.49,2.853,0.453,0.531
12176.0,2.853,0.453,0.531
12176.52,2.853,0.453,0.531
12177.03,2.853,0.539,1.185
12177.54,2.853,0.453,0.531
12178.09,2.853,0.453,0.531
12178.62,2.853,0.453,0.531
12179.15,2.853,0.453,0.531
12179.71,2.853,0.453,0.531
12180.24,2.853,0.453,0.531
12180.79,2.853,0.453,0.531
12181.31,2.853,0.453,0.531
12181.82,2.853,0.453,0.531
12182.33,2.853,0.453,0.531
12182.84,2.853,0.453,0.531
12183.41,2.853,0.453,0.531
12183.93,2.853,0.453,0.531
12184.46,2.853,0.453,0.531
12184.98,2.853,0.453,0.531
12185.54,2.853,0.453,0.531
12186.08,2.853,0.453,0.531
12186.63,2.853,0.453,0.531
12187.18,2.853,0.453,0.531
12187.73,2.853,0.453,0.531
12188.29,2.853,0.453,0.531
12188.8,2.853,0.453,0.531
12189.31,2.853,0.453,0.531
12189.82,2.853,0.453,0.531
12190.33,2.853,0.453,0.531
12190.83,2.853,0.453,2.181
12191.34,2.853,0.453,0.531
12191.86,2.853,0.453,0.531
12192.39,2.853,0.453,0.531
12192.94,2.853,0.453,0.531
12193.45,2.853,0.453,0.531
12194.0,2.853,0.453,0.531
12194.55,2.853,0.453,0.531
12195.1,2.853,0.453,0.531
12195.65,2.853,0.453,0.531
12196.17,2.853,0.453,0.531
12196.68,2.853,0.453,0.531
12197.2,2.853,0.482,2.181
12197.73,2.853,0.453,0.531
12198.28,2.853,0.453,0.531
12198.85,2.853,0.453,0.531
12199.4,2.853,0.453,0.531
12199.95,2.853,0.453,0.531
12200.51,2.853,0.453,0.531
12201.09,2.853,0.453,0.531
12201.62,2.853,0.453,0.531
12202.13,2.854,0.467,2.185
12202.7,2.853,0.453,0.531
12203.21,2.853,0.453,0.531
12203.72,2.854,0.467,2.185
12204.23,2.853,0.453,0.531
12204.74,2.853,0.453,2.185
12205.34,2.853,0.453,0.531
12205.85,2.892,0.453,2.185
12206.35,2.853,0.579,1.185
12206.91,2.853,0.453,0.531
12207.45,2.853,0.453,0.531
12208.02,2.853,0.453,0.531
12208.56,2.853,0.453,0.531
12209.13,2.853,0.453,0.531
12209.64,2.891,0.453,2.185
12210.15,2.853,0.482,2.181
12210.65,2.853,0.453,2.185
12211.16,2.853,0.453,0.531
12211.67,2.853,0.453,0.531
12212.18,2.853,0.467,2.185
12212.79,2.853,0.453,0.531
12213.3,2.853,0.453,2.185
12213.86,2.853,0.453,0.531
12214.41,2.853,0.453,0.531
12214.93,2.853,0.592,0.732
12215.44,2.853,0.453,0.531
12215.98,2.853,0.453,0.531
12216.51,2.853,0.453,0.531
12217.06,2.853,0.453,0.531
12217.68,2.853,0.453,0.531
12218.27,2.853,0.453,0.531
12218.81,2.853,0.453,0.531
12219.38,2.853,0.453,0.531
12219.93,2.853,0.453,0.531
12220.45,2.853,0.482,2.181
12220.95,2.853,0.453,0.531
12221.5,2.853,0.453,0.531
12222.05,2.853,0.453,0.531
12222.58,2.853,0.453,0.531
12223.12,2.853,0.453,0.531
12223.66,2.853,0.453,0.531
12224.2,2.853,0.453,0.531
12224.73,2.853,0.453,0.531
12225.25,2.853,0.453,0.531
12225.76,2.853,0.453,0.531
12226.27,2.853,0.453,0.531
12226.78,2.853,0.453,0.531
12227.37,2.853,0.453,0.531
12227.91,2.853,0.453,0.531
12228.43,2.853,0.453,0.531
12228.96,2.853,0.453,0.531
12229.51,2.853,0.453,0.531
12230.05,2.853,0.563,1.185
12230.58,2.853,0.453,0.531
12231.14,2.853,0.453,0.531
12231.69,2.853,0.453,0.531
12232.2,2.853,0.453,0.531
12232.71,2.853,0.453,0.531
12233.32,2.853,0.453,0.531
12233.87,2.853,0.453,0.531
12234.38,2.853,0.453,0.531
12234.93,2.853,0.453,0.531
12235.5,2.853,0.453,0.531
12236.08,2.853,0.453,0.531
12236.68,2.853,0.453,0.531
12237.2,2.853,0.453,0.531
12237.76,2.853,0.453,0.531
12238.3,2.853,0.453,0.531
12238.8,2.853,0.453,0.531
12239.36,2.853,0.453,0.531
12239.87,2.854,0.467,2.185
12240.38,2.853,0.453,0.531
12240.99,2.853,0.453,0.531
12241.56,2.853,0.453,0.531
12242.1,2.853,0.453,0.531
12242.64,2.853,0.453,0.531
12243.19,2.853,0.453,0.531
12243.73,2.853,0.453,0.531
12244.34,2.853,0.453,0.531
12244.89,2.853,0.453,0.531
12245.42,2.853,0.453,0.531
12245.98,2.853,0.453,0.531
12246.49,2.853,0.453,0.531
12246.99,2.853,0.453,0.531
12247.5,2.853,0.453,0.531
12248.1,2.853,0.453,0.531
12248.67,2.853,0.453,0.531
12249.24,2.853,0.453,0.531
12249.81,2.853,0.453,0.531
12250.32,2.853,0.453,2.185
12250.83,2.932,0.467,2.185
12251.33,2.853,0.482,2.181
12251.85,2.84,0.453,2.185
12252.36,2.868,0.467,2.185
12252.87,2.84,0.453,0.531
12253.38,2.84,0.453,0.531
12253.89,2.84,0.453,0.531
12254.45,2.84,0.453,0.531
12255.04,2.84,0.453,0.531
12255.59,2.84,0.453,0.531
12256.17,2.84,0.453,0.531
12256.67,2.854,0.467,2.185
12257.2,2.853,0.453,0.531
12257.82,2.853,0.453,0.531
12258.33,2.853,0.453,2.185
12258.84,2.865,0.467,2.185
12259.45,2.853,0.453,0.531
12259.96,2.924,0.453,2.185
12260.47,2.84,0.453,0.531
12260.97,2.84,0.453,0.531
12261.48,2.854,0.467,2.185
12261.99,2.853,0.453,0.531
12262.5,2.853,0.493,2.187
12263.01,2.853,1.304,1.609
12263.52,2.853,1.237,2.181
12264.03,2.853,0.534,1.185
12264.54,2.853,0.453,0.531
12265.06,2.853,0.453,0.531
12265.62,2.853,0.453,0.531
12266.24,2.853,0.453,0.531
12266.75,2.853,0.453,0.531
12267.36,2.853,0.453,0.531
12267.87,2.853,0.453,0.531
12268.44,2.853,0.453,0.531
12268.96,2.853,0.453,0.531
12269.5,2.853,0.453,0.531
12270.02,2.853,0.453,0.531
12270.55,2.853,0.453,0.531
12271.09,2.853,0.453,0.531
12271.64,2.853,0.453,0.531
12272.18,2.853,0.453,0.531
12272.72,2.853,0.453,0.531
12273.26,2.853,0.453,0.531
12273.79,2.853,0.453,0.531
12274.3,2.853,0.453,0.531
12274.81,2.853,0.453,0.531
12275.32,2.853,0.453,0.531
12275.83,2.853,0.453,0.531
12276.36,2.853,0.453,0.531
12276.89,2.853,0.453,0.531
12277.43,2.853,0.453,0.531
12277.95,2.853,0.453,0.531
12278.46,2.853,0.453,0.531
12279.0,2.853,0.453,0.531
12279.54,2.853,0.453,0.531
12280.08,2.853,0.453,0.531
12280.62,2.853,0.453,0.531
12281.22,2.853,0.453,0.531
12281.8,2.853,0.453,0.531
12282.37,2.853,0.453,0.531
12282.88,2.853,0.453,0.531
12283.44,2.853,0.453,0.531
12283.97,2.853,0.453,0.531
12284.51,2.853,0.453,0.531
12285.04,2.853,0.453,0.531
12285.58,2.853,0.453,0.531
12286.09,2.853,0.453,2.185
12286.6,2.853,0.453,0.531
12287.11,2.853,0.453,2.185
12287.65,2.853,0.453,0.531
12288.25,2.853,0.453,0.531
12288.76,2.853,0.453,0.531
12289.27,2.853,0.453,0.531
12289.78,2.853,0.453,0.531
12290.32,2.853,0.453,0.531
12290.88,2.853,0.453,0.531
12291.4,2.853,0.453,2.181
12291.91,2.853,0.453,0.531
12292.45,2.853,0.453,0.531
12293.0,2.853,0.453,0.531
12293.63,2.853,0.453,0.531
12294.14,2.853,0.453,0.531
12294.78,2.853,0.453,0.531
12295.29,2.853,0.453,0.531
12295.85,2.853,0.453,0.531
12296.36,2.853,0.453,0.531
12296.92,2.853,0.453,0.531
12297.47,2.853,0.453,0.531
12298.03,2.853,0.453,0.531
12298.57,2.853,0.453,0.531
12299.13,2.853,0.453,0.531
12299.67,2.853,0.453,0.531
12300.25,2.853,0.453,0.531
12300.79,2.853,0.453,0.531
12301.3,2.853,0.453,0.531
12301.81,2.853,0.453,0.531
12302.35,2.853,0.453,0.531
12302.89,2.853,0.453,0.531
12303.5,2.853,0.453,0.531
12304.01,2.854,0.467,2.185
12304.52,2.853,0.453,0.531
12305.14,2.853,0.453,0.531
12305.65,2.853,0.453,2.185
12306.16,2.853,0.453,2.185
12306.67,2.868,0.467,2.185
12307.25,2.84,0.453,0.531
12307.76,2.868,0.467,2.185
12308.26,2.84,0.453,0.531
12308.77,2.84,0.453,0.531
12309.28,2.84,1.086,1.372
12309.89,2.84,0.453,0.531
12310.4,2.84,0.453,0.531
12310.91,2.84,0.453,0.531
12311.43,2.84,0.453,0.531
12311.98,2.84,0.453,0.531
12312.56,2.84,0.453,0.531
12313.09,2.84,0.453,0.531
12313.62,2.84,0.453,0.531
12314.17,2.84,0.453,0.531
12314.71,2.84,0.453,0.531
12315.23,2.84,0.453,0.531
12315.74,2.84,0.453,0.531
12316.28,2.84,0.453,0.531
12316.79,2.84,0.453,0.531
12317.3,2.84,0.453,0.531
12317.81,2.84,0.453,0.531
12318.32,2.84,0.453,0.531
12318.93,2.84,0.453,0.531
12319.49,2.84,0.453,0.531
12320.01,2.84,0.453,0.531
12320.53,2.84,0.453,0.531
12321.06,2.84,0.453,0.531
12321.59,2.84,0.453,0.531
12322.13,2.84,0.453,0.531
12322.66,2.84,0.453,0.531
12323.18,2.84,0.453,0.531
12323.72,2.84,0.453,0.531
12324.23,2.84,0.453,0.531
12324.74,2.84,0.453,0.531
12325.25,2.84,0.453,0.531
12325.76,2.84,0.453,0.531
12326.45,2.84,0.453,0.531
12326.97,2.84,0.453,0.531
12327.51,2.84,0.453,0.531
12328.06,2.84,0.453,0.531
12328.6,2.84,0.453,0.531
12329.19,2.84,0.453,0.531
12329.76,2.84,0.453,0.531
12330.3,2.84,0.453,0.531
12330.84,2.84,0.453,0.531
12331.35,2.84,0.453,0.531
12331.85,2.84,0.453,0.531
12332.36,2.84,0.453,0.531
12332.87,2.84,0.453,0.531
12333.49,2.84,0.453,0.531
12334.04,2.84,0.453,0.531
12334.62,2.84,0.453,0.531
12335.17,2.84,0.453,0.531
12335.69,2.84,0.453,0.531
12336.25,2.84,0.453,0.531
12336.82,2.84,0.453,0.531
12337.38,2.84,0.453,0.531
12337.96,2.84,0.453,0.531
12338.47,2.84,0.482,2.181
12339.07,2.853,0.453,0.531
12339.58,2.853,0.453,2.185
12340.17,2.853,0.453,0.531
12340.71,2.853,0.453,0.531
12341.25,2.853,0.453,0.531
12341.76,2.853,0.453,2.185
12342.37,2.853,0.453,0.531
12342.89,2.853,0.453,0.531
12343.42,2.853,0.453,0.531
12344.01,2.853,0.453,0.531
12344.52,2.853,0.453,0.531
12345.03,2.853,0.453,0.531
12345.54,2.853,0.453,0.531
12346.06,2.853,0.453,0.531
12346.56,2.853,0.453,0.531
12347.07,2.853,0.453,0.531
12347.62,2.853,0.453,0.531
12348.17,2.853,0.453,0.531
12348.72,2.853,0.453,0.531
12349.25,2.853,0.453,0.531
12349.78,2.853,0.453,0.531
12350.3,2.853,0.453,0.531
12350.89,2.853,0.453,0.531
12351.4,2.853,0.453,2.181
12351.93,2.853,0.453,0.531
12352.44,2.853,1.102,2.181
12352.96,2.853,0.453,0.531
12353.59,2.853,0.453,0.531
12354.1,2.853,0.453,0.531
12354.64,2.853,0.453,0.531
12355.18,2.853,0.453,0.531
12355.76,2.853,0.453,0.531
12356.3,2.853,0.453,0.531
12356.9,2.853,0.453,0.531
12357.44,2.853,0.453,0.531
12358.01,2.853,0.453,0.531
12358.57,2.853,0.453,0.531
12359.12,2.853,0.453,0.531
12359.64,2.853,0.453,0.531
12360.15,2.853,0.453,0.531
12360.66,2.853,0.453,0.531
12361.17,2.853,0.453,0.531
12361.67,2.853,0.466,0.531
12362.3,2.853,0.453,0.531
12362.85,2.853,0.453,0.531
12363.4,2.853,0.453,0.531
12363.94,2.853,0.453,0.531
12364.47,2.853,0.453,0.531
12365.0,2.853,0.453,0.531
12365.55,2.853,0.453,0.531
12366.07,2.853,0.453,0.531
12366.61,2.853,0.453,0.531
12367.15,2.853,0.453,0.531
12367.67,2.853,0.453,0.531
12368.17,2.853,0.453,0.531
12368.69,2.853,0.453,0.531
12369.2,2.853,0.453,0.531
12369.73,2.853,0.453,0.531
12370.26,2.853,0.453,0.531
12370.78,2.853,0.453,0.531
12371.32,2.853,0.453,0.531
12371.87,2.853,0.453,0.531
12372.41,2.853,0.453,0.531
12372.97,2.853,0.453,0.531
12373.51,2.853,0.453,0.531
12374.08,2.853,0.453,0.531
12374.59,2.853,0.453,0.531
12375.1,2.853,0.453,0.531
12375.61,2.853,0.453,0.531
12376.12,2.853,0.482,2.181
12376.62,2.853,0.453,0.531
12377.18,2.853,0.453,0.531
12377.73,2.853,0.453,0.531
12378.29,2.853,0.453,0.531
12378.81,2.853,0.453,0.531
12379.35,2.853,0.453,0.531
12379.9,2.853,0.453,0.531
12380.44,2.853,0.453,0.531
12381.01,2.853,0.453,0.531
12381.59,2.853,0.453,0.531
12382.16,2.853,0.453,0.531
12382.67,2.853,0.453,0.531
12383.18,2.853,0.453,0.531
12383.77,2.853,0.453,0.531
12384.31,2.853,0.453,0.531
12384.84,2.853,0.453,0.531
12385.35,2.854,0.467,2.185
12385.85,2.853,0.453,0.531
12386.36,2.853,0.453,2.185
12386.87,2.854,0.467,2.185
12387.38,2.853,0.453,0.531
12387.97,2.853,0.453,0.531
12388.51,2.853,0.453,0.531
12389.02,2.853,0.453,0.531
12389.53,2.853,0.453,0.531
12390.04,2.853,0.453,0.531
12390.55,2.853,0.453,0.531
12391.06,2.853,0.453,0.531
12391.57,2.853,0.482,2.181
12392.08,2.853,0.453,0.531
12392.62,2.853,0.453,0.531
12393.17,2.853,0.453,0.531
12393.7,2.853,0.453,0.531
12394.21,2.853,0.453,0.531
12394.73,2.853,0.453,0.531
12395.28,2.853,0.453,0.531
12395.81,2.853,0.453,0.531
12396.37,2.853,0.453,0.531
12396.88,2.853,0.453,0.531
12397.39,2.853,0.453,0.531
12397.9,2.853,0.453,0.531
12398.4,2.853,0.453,0.531
12398.91,2.853,0.453,0.531
12399.42,2.853,0.453,0.531
12399.94,2.853,0.453,0.531
12400.48,2.853,0.453,0.531
12401.04,2.853,0.453,0.531
12401.62,2.853,0.453,0.531
12402.22,2.853,0.453,0.531
12402.8,2.853,0.453,0.531
12403.35,2.853,0.453,0.531
12403.88,2.853,0.453,0.531
12404.39,2.853,0.453,0.531
12404.9,2.853,0.453,0.531
12405.41,2.853,0.453,0.531
12405.92,2.853,0.453,0.531
12406.43,2.853,0.482,2.181
12406.94,2.853,0.54,1.185
12407.45,2.853,0.453,0.531
12407.97,2.853,0.453,0.531
12408.52,2.853,0.453,0.531
12409.04,2.853,0.453,0.531
12409.58,2.853,0.453,0.531
12410.1,2.853,0.453,0.531
12410.64,2.853,0.453,0.531
12411.2,2.853,0.453,0.531
12411.72,2.853,0.594,1.185
12412.23,2.853,0.453,0.531
12412.74,2.853,0.453,0.531
12413.24,2.853,0.453,0.531
12413.82,2.853,0.453,0.531
12414.36,2.853,0.453,0.531
12414.9,2.853,0.453,0.531
12415.44,2.853,0.453,0.531
12416.02,2.853,0.453,0.531
12416.57,2.853,0.453,0.531
12417.1,2.853,0.453,0.531
12417.65,2.853,0.453,0.531
12418.2,2.853,0.453,0.531
12418.73,2.853,0.453,0.531
12419.24,2.853,0.453,0.531
12419.79,2.853,0.453,0.531
12420.3,2.853,0.453,0.531
12421.04,2.853,0.453,0.531
12421.58,2.853,0.453,0.531
12422.14,2.853,0.453,0.531
12422.67,2.853,0.453,0.531
12423.23,2.853,0.453,0.531
12423.78,2.853,0.453,0.531
12424.37,2.853,0.453,0.531
12424.92,2.853,0.453,0.531
12425.45,2.853,0.453,0.531
12425.98,2.853,0.453,0.531
12426.5,2.853,0.453,0.531
12427.01,2.853,0.453,0.531
12427.51,2.853,0.453,0.531
12428.02,2.853,0.453,0.531
12428.53,2.853,0.453,0.531
12429.04,2.853,0.466,0.531
12429.55,2.854,0.467,2.185
12430.06,2.853,0.453,0.531
12430.69,2.854,0.467,2.185
12431.2,2.853,0.482,2.181
12431.81,2.853,0.453,0.531
12432.39,2.853,0.453,0.531
12432.95,2.853,0.453,0.531
12433.54,2.853,0.453,0.531
12434.06,2.853,0.453,0.531
12434.56,2.853,0.453,0.531
12435.07,2.853,0.453,0.531
12435.58,2.853,0.453,0.531
12436.19,2.853,0.453,0.531
12436.73,2.853,0.453,0.531
12437.29,2.853,0.453,0.531
12437.82,2.853,0.453,0.531
12438.35,2.853,0.453,0.531
12438.88,2.853,0.453,0.531
12439.41,2.853,0.453,0.531
12439.95,2.853,0.453,0.531
12440.48,2.853,0.453,0.531
12441.04,2.853,0.453,0.531
12441.55,2.853,0.453,0.531
12442.06,2.853,0.453,0.531
12442.62,2.853,0.453,0.531
12443.13,2.853,0.453,0.531
12443.69,2.853,0.453,0.531
12444.22,2.853,0.453,0.531
12444.79,2.853,0.453,0.531
12445.31,2.853,0.453,0.531
12445.82,2.854,0.467,2.185
12446.33,2.853,0.453,0.531
12446.85,2.853,0.453,0.531
12447.56,2.853,0.453,0.531
12448.11,2.853,0.453,0.531
12448.65,2.853,0.453,0.531
12449.27,2.853,0.453,0.531
12449.78,2.853,0.453,0.531
12450.29,2.853,0.453,0.531
12450.79,2.853,0.453,0.531
12451.3,2.853,0.453,0.531
12451.97,2.853,0.453,0.531
12452.53,2.853,0.453,0.531
12453.07,2.853,0.453,0.531
12453.58,2.853,0.453,0.531
12454.09,2.853,0.453,0.531
12454.64,2.853,0.453,0.531
12455.17,2.853,0.453,0.531
12455.69,2.853,0.453,0.531
12456.2,2.853,0.453,0.531
12456.72,2.853,0.453,0.531
12457.23,2.853,0.453,0.531
12457.74,2.853,0.453,0.531
12458.24,2.853,0.453,0.531
12458.75,2.853,0.453,0.531
12459.34,2.853,0.453,0.531
12459.89,2.853,0.453,0.531
12460.4,2.853,0.453,0.531
12460.95,2.853,0.453,0.531
12461.51,2.853,0.453,0.531
12462.06,2.853,0.453,0.531
12462.61,2.853,0.453,0.531
12463.13,2.853,0.453,0.531
12463.71,2.853,0.453,0.531
12464.22,2.853,0.453,0.531
12464.72,2.853,0.453,0.531
12465.23,2.853,0.453,0.531
12465.8,2.853,0.453,0.531
12466.37,2.853,0.453,0.531
12466.9,2.853,0.453,0.531
12467.5,2.853,0.453,0.531
12468.03,2.853,0.453,0.531
12468.57,2.853,0.453,0.531
12469.16,2.853,0.453,0.531
12469.71,2.853,0.453,0.531
12470.25,2.853,0.453,0.531
12470.76,2.853,0.453,0.531
12471.27,2.853,0.453,0.531
12471.78,2.853,0.453,0.531
12472.29,2.853,0.453,0.531
12472.8,2.853,0.453,0.531
12473.31,2.853,0.453,0.531
12473.83,2.853,0.453,0.531
12474.35,2.853,0.453,0.531
12474.87,2.853,0.453,0.531
12475.42,2.853,0.453,0.531
12475.96,2.853,0.453,0.531
12476.5,2.853,0.453,0.531
12477.04,2.853,0.453,0.531
12477.62,2.853,0.453,0.531
12478.16,2.853,0.453,0.531
12478.67,2.853,0.453,0.531
12479.18,2.853,0.453,0.531
12479.68,2.853,0.453,0.531
12480.19,2.853,0.482,2.181
12480.7,2.853,0.453,0.531
12481.22,2.853,0.453,0.531
12481.73,2.853,0.453,0.531
12482.28,2.853,0.453,0.531
12482.88,2.853,0.453,0.531
12483.45,2.853,0.453,0.531
12483.98,2.853,0.453,0.531
12484.51,2.853,0.453,0.531
12485.05,2.853,0.453,0.531
12485.6,2.853,0.453,0.531
12486.18,2.853,0.453,0.531
12486.69,2.853,0.453,0.531
12487.2,2.853,0.453,0.531
12487.74,2.853,0.453,0.531
12488.28,2.853,0.453,0.531
12488.82,2.853,0.453,0.531
12489.33,2.853,0.453,2.185
12489.84,2.854,0.467,2.185
12490.34,2.853,0.453,0.531
12490.95,2.853,0.453,0.531
12491.47,2.853,0.453,0.531
12492.01,2.853,0.453,0.531
12492.6,2.853,0.453,0.531
12493.12,2.853,0.453,0.531
12493.64,2.853,0.453,0.531
12494.15,2.853,0.453,0.531
12494.66,2.853,0.453,0.531
12495.16,2.853,0.453,0.531
12495.68,2.853,0.453,0.531
12496.24,2.853,0.453,0.531
12496.78,2.853,0.453,0.531
12497.35,2.853,0.453,0.531
12497.95,2.853,0.453,0.531
12498.48,2.853,0.453,0.531
12499.03,2.853,0.453,0.531
12499.57,2.853,0.453,0.531
12500.14,2.853,0.453,0.531
12500.69,2.853,0.453,0.531
12501.22,2.853,0.453,0.531
12501.73,2.853,0.453,0.531
12502.24,2.853,0.453,0.531
12502.75,2.853,0.453,0.531
12503.3,2.853,0.453,0.531
12503.84,2.853,0.453,0.531
12504.38,2.853,0.453,0.531
12504.95,2.853,0.453,0.531
12505.51,2.853,0.453,0.531
12506.06,2.853,0.453,0.531
12506.58,2.853,0.453,0.531
12507.15,2.853,0.453,0.531
12507.76,2.853,0.453,0.531
12508.3,2.853,0.453,0.531
12508.82,2.853,0.453,0.531
12509.33,2.853,0.453,0.531
12509.84,2.853,0.453,0.531
12510.34,2.853,0.453,0.531
12510.85,2.853,0.453,0.531
12511.41,2.853,0.453,0.531
12511.97,2.853,0.453,0.531
12512.52,2.853,0.453,0.531
12513.14,2.853,0.453,0.531
12513.65,2.853,0.453,0.531
12514.21,2.853,0.453,0.531
12514.77,2.853,0.453,0.531
12515.29,2.853,0.453,0.531
12515.88,2.853,0.453,0.531
12516.4,2.853,0.453,0.531
12516.9,2.853,0.453,0.531
12517.43,2.853,0.453,0.531
12517.93,2.853,0.453,0.531
12518.44,2.853,0.453,0.531
12519.05,2.853,0.453,0.531
12519.61,2.853,0.453,0.531
12520.13,2.853,0.453,0.531
12520.68,2.853,0.453,0.531
12521.19,2.853,0.453,0.531
12521.75,2.853,0.453,0.531
12522.27,2.853,0.453,0.531
12522.82,2.853,0.453,0.531
12523.34,2.853,0.453,0.531
12523.89,2.853,0.453,0.531
12524.4,2.853,0.453,0.531
12525.09,2.853,0.453,0.531
12525.6,2.853,0.466,0.531
12526.12,2.853,0.453,0.531
12526.63,2.853,0.453,0.531
12527.18,2.853,0.453,0.531
12527.72,2.853,0.453,0.531
12528.32,2.853,0.453,0.531
12528.87,2.853,0.453,0.531
12529.39,2.853,0.453,0.531
12529.93,2.853,0.453,0.531
12530.49,2.853,0.453,0.531
12531.0,2.853,0.58,1.185
12531.6,2.853,0.453,0.531
12532.1,2.915,0.453,2.185
12532.61,2.853,0.453,0.531
12533.23,2.853,0.453,0.531
12533.77,2.853,0.453,0.531
12534.29,2.853,0.453,0.531
12534.83,2.853,0.453,0.531
12535.38,2.853,0.453,0.531
12535.92,2.853,0.453,0.531
12536.43,2.853,0.453,0.531
12536.95,2.853,0.453,0.531
12537.48,2.853,0.453,0.531
12538.02,2.853,0.453,0.531
12538.54,2.853,0.453,0.531
12539.05,2.853,0.453,0.531
12539.56,2.853,0.453,0.531
12540.07,2.853,0.453,0.531
12540.65,2.853,0.453,0.531
12541.22,2.853,0.453,0.531
12541.74,2.853,0.564,1.185
12542.25,2.853,0.453,0.531
12542.77,2.853,0.453,0.531
12543.3,2.853,0.453,0.531
12543.82,2.853,0.453,0.531
12544.35,2.853,0.453,0.531
12544.87,2.853,0.453,0.531
12545.44,2.853,0.453,0.531
12545.99,2.853,0.453,0.531
12546.5,2.853,0.453,0.531
12547.01,2.853,0.453,0.531
12547.52,2.853,0.453,0.531
12548.03,2.853,0.453,0.531
12548.6,2.853,0.453,0.531
12549.16,2.853,0.453,0.531
12549.71,2.853,0.453,0.531
12550.24,2.853,0.453,0.531
12550.77,2.853,0.453,0.531
12551.31,2.853,0.453,0.531
12551.86,2.853,0.453,0.531
12552.4,2.853,0.453,0.531
12552.96,2.853,0.453,0.531
12553.55,2.853,0.453,0.531
12554.06,2.853,0.453,0.531
12554.56,2.853,0.453,0.531
12555.07,2.853,0.453,0.531
12555.63,2.853,0.453,0.531
12556.19,2.853,0.453,0.531
12556.74,2.853,0.453,0.531
12557.29,2.853,0.453,0.531
12557.82,2.853,0.453,0.531
12558.4,2.853,0.453,0.531
12558.92,2.853,0.453,0.531
12559.46,2.853,0.453,0.531
12560.02,2.853,0.453,0.531
12560.57,2.853,0.453,0.531
12561.15,2.853,0.453,0.531
12561.66,2.853,0.453,0.531
12562.27,2.853,0.453,0.531
12562.78,2.853,0.453,0.531
12563.37,2.853,0.453,0.531
12563.93,2.853,0.453,0.531
12564.51,2.853,0.453,0.531
12565.05,2.853,0.453,0.531
12565.59,2.853,0.453,0.531
12566.11,2.853,0.617,0.682
12566.63,2.853,0.453,0.531
12567.16,2.853,0.453,0.531
12567.67,2.853,0.453,0.531
12568.19,2.853,0.453,0.531
12568.7,2.853,1.237,2.181
12569.21,2.853,0.466,0.531
12569.73,2.853,0.453,0.531
12570.36,2.853,0.579,1.185
12570.93,2.853,0.453,0.531
12571.46,2.853,0.453,0.531
12571.98,2.853,0.994,1.185
12572.5,2.853,0.453,0.531
12573.04,2.853,0.453,0.531
12573.63,2.853,0.453,0.531
12575.24,3.048,0.453,0.531
12576.68,3.102,0.453,0.531
12577.19,3.102,0.453,0.531
12577.7,3.102,0.453,0.531
12578.2,3.102,0.453,0.531
12578.71,3.102,0.453,0.531
12579.22,3.102,0.453,0.531
12579.73,3.103,0.453,0.531
12580.23,3.103,0.453,0.531
12580.74,3.103,0.453,0.531
12581.25,3.103,0.453,0.531
12581.76,3.103,0.453,0.531
12582.27,3.103,0.453,0.531
12582.78,3.103,0.453,0.531
12583.29,3.103,0.453,0.531
12583.8,3.103,0.453,0.531
12584.3,3.103,0.453,0.531
12584.81,3.103,0.453,0.531
12585.32,3.103,0.453,0.531
12585.83,3.103,0.453,0.531
12586.34,3.103,0.453,0.531
12586.85,3.103,0.453,0.531
12587.36,3.103,0.453,0.531
12587.86,3.103,0.453,0.531
12588.37,3.103,0.453,0.531
12588.88,3.103,0.453,0.531
12589.39,3.103,0.453,0.531
12589.89,3.103,0.453,0.531
12590.4,3.103,0.453,0.531
12590.91,3.103,0.453,0.531
12591.42,3.103,0.453,0.531
12591.93,3.103,0.453,0.531
12592.43,3.103,0.453,0.531
12592.94,3.103,0.453,0.531
12593.45,3.103,0.453,0.531
12593.95,3.103,0.453,0.531
12594.46,3.103,0.453,0.531
12594.97,3.103,0.453,0.531
12595.48,3.103,0.453,0.531
12595.99,3.103,0.453,0.531
12596.49,3.103,0.453,0.531
12597.0,3.103,0.453,0.531
12597.51,3.103,0.453,0.531
12598.02,3.103,0.453,0.531
12598.53,3.103,0.453,0.531
12599.04,3.103,0.453,0.531
12599.55,3.103,0.453,0.531
12600.06,3.103,0.453,0.531
12600.57,3.103,0.453,0.531
12601.07,3.103,0.453,0.531
12601.58,3.103,0.453,0.531
12602.09,3.103,0.453,0.531
12602.6,3.103,0.453,0.531
12603.11,3.103,0.453,0.531
12603.62,3.103,0.453,0.531
12604.13,3.103,0.453,0.531
12604.63,3.103,0.453,0.531
12605.14,3.103,0.453,0.531
12605.65,3.103,0.453,0.531
12606.16,3.103,0.453,0.531
12606.67,3.103,0.453,0.531
12607.18,3.103,0.453,0.531
12607.69,3.103,0.453,0.531
12608.19,3.103,0.453,0.531
12608.7,3.103,0.453,0.531
12609.21,3.103,0.453,0.531
12609.72,3.103,0.453,0.531
12610.23,3.103,0.453,0.531
12610.74,3.103,0.453,0.531
12611.24,3.103,0.453,0.531
12611.75,3.103,0.453,0.531
12612.26,3.103,0.453,0.531
12612.77,3.103,0.453,0.531
12613.28,3.103,0.453,0.531
12613.78,3.103,0.453,0.531
12614.29,3.103,0.453,0.531
12614.8,3.103,0.453,0.531
12615.31,3.103,0.453,0.531
12615.82,3.103,0.453,0.531
12616.33,3.105,0.453,0.531
12616.83,3.105,0.453,0.531
12617.34,3.105,0.453,0.531
12617.85,3.105,0.453,0.531
12618.36,3.105,0.453,0.531
12618.86,3.105,0.453,0.531
12619.37,3.105,0.453,0.531
12619.88,3.105,0.453,0.531
12620.39,3.105,0.453,0.531
12620.9,3.105,0.453,0.531
12621.41,3.105,0.453,0.531
12621.91,3.105,0.453,0.531
12622.42,3.105,0.453,0.531
12622.93,3.105,0.453,0.531
12623.44,3.105,0.453,0.531
12623.94,3.105,0.453,0.531
12624.45,3.105,0.453,0.531
12624.96,3.105,0.453,0.531
12625.47,3.105,0.453,0.531
12625.98,3.105,0.453,0.531
12626.48,3.105,0.453,0.531
12626.99,3.105,0.453,0.531
12627.5,3.105,0.453,0.531
12628.01,3.105,0.453,0.531
12628.52,3.105,0.453,0.531
12629.03,3.105,0.453,0.531
12629.53,3.105,0.453,0.531
12630.04,3.105,0.453,0.531
12630.55,3.108,0.453,0.531
12631.06,3.109,0.453,0.531
12631.57,3.113,0.453,0.531
12632.08,3.114,0.453,0.531
12632.58,3.115,0.453,0.531
12633.09,3.119,0.453,0.531
12633.6,3.12,0.453,0.531
12634.11,3.123,0.453,0.531
12634.62,3.124,0.453,0.531
12635.13,3.126,0.453,0.531
12635.64,3.129,0.453,0.531
12636.14,3.129,0.453,0.531
12636.65,3.131,0.453,0.531
12637.16,3.134,0.453,0.531
12637.67,3.135,0.453,0.531
12638.18,3.137,0.453,0.531
12638.69,3.141,0.453,0.531
12639.19,3.142,0.453,0.531
12639.7,3.146,0.453,0.531
12640.21,3.148,0.453,0.531
12640.72,3.149,0.453,0.531
12641.23,3.152,0.453,0.531
12641.74,3.154,0.453,0.531
12642.24,3.157,0.453,0.531
12642.75,3.159,0.453,0.531
12643.26,3.161,0.453,0.531
12643.77,3.163,0.453,0.531
12644.27,3.165,0.453,0.531
12644.78,3.168,0.453,0.531
12645.29,3.169,0.453,0.531
12645.8,3.172,0.453,0.531
12646.31,3.174,0.453,0.531
12646.82,3.175,0.453,0.531
12647.33,3.179,0.453,0.531
12647.83,3.18,0.453,0.531
12648.34,3.184,0.453,0.531
12648.84,3.185,0.453,0.531
12649.35,3.187,0.453,0.531
12649.86,3.19,0.453,0.531
12650.37,3.191,0.453,0.531
12650.88,3.195,0.453,0.531
12651.38,3.196,0.453,0.531
12651.89,3.198,0.453,0.531
12652.4,3.201,0.453,0.531
12652.91,3.203,0.453,0.531
12653.42,3.206,0.453,0.531
12653.92,3.207,0.453,0.531
12654.43,3.21,0.453,0.531
12654.94,3.212,0.453,0.531
12655.45,3.214,0.453,0.531
12655.96,3.217,0.453,0.531
12656.46,3.218,0.453,0.531
12656.97,3.22,0.453,0.531
12657.48,3.223,0.453,0.531
12657.99,3.225,0.453,0.531
12658.5,3.228,0.453,0.531
12659.01,3.23,0.453,0.531
12659.52,3.233,0.453,0.531
12660.02,3.234,0.453,0.531
12660.53,3.235,0.453,0.531
12661.04,3.239,0.453,0.531
12661.55,3.24,0.453,0.531
12662.06,3.242,0.453,0.531
12662.57,3.246,0.453,0.531
12663.07,3.248,0.453,0.531
12663.58,3.251,0.453,0.531
12664.09,3.252,0.453,0.531
12664.6,3.254,0.453,0.531
12665.11,3.257,0.453,0.531
12665.62,3.258,0.453,0.531
12666.12,3.262,0.453,0.531
12666.63,3.263,0.453,0.531
12667.14,3.266,0.453,0.531
12667.65,3.268,0.453,0.531
12668.16,3.269,0.453,0.531
12668.67,3.273,0.453,0.531
12669.18,3.274,0.453,0.531
12669.68,3.278,0.453,0.531
12670.19,3.279,0.453,0.531
12670.7,3.28,0.453,0.531
12671.21,3.284,0.453,0.531
12671.71,3.285,0.453,0.531
12672.22,3.289,0.453,0.531
12672.73,3.29,0.453,0.531
12673.24,3.291,0.453,0.531
12673.75,3.295,0.453,0.531
12674.26,3.296,0.453,0.531
12674.76,3.299,0.453,0.531
12675.27,3.301,0.453,0.531
12675.78,3.302,0.453,0.531
12676.29,3.305,0.453,0.531
12676.8,3.307,0.453,0.531
12677.31,3.308,0.453,0.531
12677.81,3.312,0.453,0.531
12678.32,3.313,0.453,0.531
12678.83,3.316,0.453,0.531
12679.34,3.318,0.453,0.531
12679.85,3.319,0.453,0.531
12680.36,3.322,0.453,0.531
12680.86,3.324,0.453,0.531
12681.37,3.327,0.453,0.531
12681.88,3.328,0.453,0.531
12682.39,3.329,0.453,0.531
12682.9,3.333,0.453,0.531
12683.41,3.334,0.453,0.531
12683.91,3.338,0.453,0.531
12684.42,3.339,0.453,0.531
12684.93,3.341,0.453,0.531
12685.43,3.344,0.453,0.531
12685.94,3.345,0.453,0.531
12686.45,3.349,0.453,0.531
12686.96,3.35,0.453,0.531
12687.47,3.351,0.453,0.531
12687.98,3.355,0.453,0.531
12688.48,3.356,0.453,0.531
12688.99,3.36,0.453,0.531
12689.5,3.364,0.453,0.531
12690.01,3.365,0.453,0.531
12690.51,3.368,0.453,0.531
12691.02,3.37,0.453,0.531
12691.53,3.372,0.453,0.531
12692.04,3.374,0.453,0.531
12692.55,3.376,0.453,0.531
12693.06,3.379,0.453,0.531
12693.56,3.381,0.453,0.531
12694.07,3.384,0.453,0.531
12694.58,3.385,0.453,0.531
12695.09,3.387,0.453,0.531
12695.6,3.39,0.453,0.531
12696.11,3.391,0.453,0.531
12696.61,3.392,0.453,0.531
12697.12,3.396,0.453,0.531
12697.63,3.397,0.453,0.531
12698.14,3.401,0.453,0.531
12698.65,3.402,0.453,0.531
12699.15,3.403,0.453,0.531
12699.66,3.407,0.453,0.531
12700.17,3.408,0.453,0.531
12700.68,3.412,0.453,0.531
12701.19,3.413,0.453,0.531
12701.7,3.414,0.453,0.531
12702.21,3.418,0.453,0.531
12702.71,3.419,0.453,0.531
12703.22,3.423,0.453,0.531
12703.73,3.424,0.453,0.531
12704.24,3.425,0.453,0.531
12704.74,3.429,0.453,0.531
12705.25,3.43,0.453,0.531
12705.76,3.433,0.453,0.531
12706.27,3.434,0.453,0.531
12706.78,3.436,0.453,0.531
12707.28,3.439,0.453,0.531
12707.79,3.441,0.453,0.531
12708.3,3.444,0.453,0.531
12708.81,3.445,0.453,0.531
12709.32,3.447,0.453,0.531
12709.82,3.45,0.453,0.531
12710.33,3.452,0.453,0.531
12710.84,3.455,0.453,0.531
12711.35,3.456,0.453,0.531
12711.86,3.458,0.453,0.531
12712.37,3.461,0.453,0.531
12712.87,3.463,0.453,0.531
12713.38,3.466,0.453,0.531
12713.89,3.468,0.453,0.531
12714.4,3.469,0.453,0.531
12714.91,3.473,0.453,0.531
12715.42,3.474,0.453,0.531
12715.92,3.477,0.453,0.531
12716.43,3.479,0.453,0.531
12716.94,3.48,0.453,0.531
12717.45,3.483,0.453,0.531
12717.96,3.485,0.453,0.531
12718.47,3.488,0.453,0.531
12718.97,3.49,0.453,0.531
12719.48,3.493,0.453,0.531
12719.99,3.495,0.453,0.531
12720.5,3.496,0.453,0.531
12721.01,3.499,0.453,0.531
12721.52,3.501,0.453,0.531
12722.02,3.504,0.453,0.531
12722.53,3.505,0.453,0.531
12723.04,3.507,0.453,0.531
12723.55,3.51,0.453,0.531
12724.06,3.512,0.453,0.531
12724.56,3.515,0.453,0.531
12725.07,3.516,0.453,0.531
12725.58,3.518,0.453,0.531
12726.09,3.533,0.453,0.531
12726.6,3.533,0.453,0.531
12727.11,3.537,0.453,0.531
12727.61,3.538,0.453,0.531
12728.12,3.539,0.453,0.531
12728.63,3.543,0.453,0.531
12729.14,3.544,0.453,0.531
12729.65,3.548,0.453,0.531
12730.16,3.549,0.453,0.531
12730.66,3.55,0.453,0.531
12731.17,3.553,0.453,0.531
12731.68,3.554,0.453,0.531
12732.19,3.556,0.453,0.531
12732.69,3.559,0.453,0.531
12733.2,3.561,0.453,0.531
12733.71,3.564,0.453,0.531
12734.22,3.565,0.453,0.531
12734.72,3.568,0.453,0.531
12735.23,3.57,0.453,0.531
12735.74,3.571,0.453,0.531
12736.24,3.575,0.453,0.531
12736.75,3.576,0.453,0.531
12737.26,3.577,0.453,0.531
12737.77,3.585,0.453,0.531
12738.28,3.586,0.453,0.531
12738.78,3.59,0.453,0.531
12739.29,3.591,0.453,0.531
12739.8,3.592,0.453,0.531
12740.31,3.596,0.453,0.531
12740.82,3.597,0.453,0.531
12741.32,3.6,0.453,0.531
12741.83,3.601,0.453,0.531
12742.33,3.603,0.453,0.531
12742.84,3.606,0.453,0.531
12743.35,3.608,0.453,0.531
12743.85,3.611,0.453,0.531
12744.36,3.612,0.453,0.531
12744.87,3.613,0.453,0.531
12745.38,3.617,0.453,0.531
12745.88,3.618,0.453,0.531
12746.39,3.619,0.453,0.531
12746.9,3.623,0.453,0.531
12747.41,3.624,0.453,0.531
12747.92,3.628,0.453,0.531
12748.43,3.629,0.453,0.531
12748.93,3.63,0.453,0.531
12749.44,3.634,0.453,0.531
12749.95,3.635,0.453,0.531
12750.45,3.639,0.453,0.531
12750.96,3.64,0.453,0.531
12751.46,3.644,0.453,0.531
12751.97,3.645,0.453,0.531
12752.48,3.646,0.453,0.531
12752.99,3.65,0.453,0.531
12753.49,3.651,0.453,0.531
12754.0,3.653,0.453,0.531
12754.51,3.656,0.453,0.531
12755.01,3.657,0.453,0.531
12755.52,3.661,0.453,0.531
12756.03,3.662,0.453,0.531
12756.54,3.663,0.453,0.531
12757.05,3.667,0.453,0.531
12757.56,3.668,0.453,0.531
12758.06,3.671,0.453,0.531
12758.57,3.673,0.453,0.531
12759.08,3.675,0.453,0.531
12759.59,3.678,0.453,0.531
12760.1,3.679,0.453,0.531
12760.61,3.683,0.453,0.531
12761.12,3.684,0.453,0.531
12761.62,3.687,0.453,0.531
12762.13,3.689,0.453,0.531
12762.64,3.69,0.453,0.531
12763.15,3.694,0.453,0.531
12763.65,3.695,0.453,0.531
12764.16,3.699,0.453,0.531
12764.67,3.7,0.453,0.531
12765.18,3.701,0.453,0.531
12765.68,3.705,0.453,0.531
12766.19,3.706,0.453,0.531
12766.7,3.709,0.453,0.531
12767.21,3.711,0.453,0.531
12767.72,3.712,0.453,0.531
12768.22,3.716,0.453,0.531
12768.73,3.717,0.453,0.531
12769.24,3.72,0.453,0.531
12769.75,3.722,0.453,0.531
12770.26,3.723,0.453,0.531
12770.77,3.727,0.453,0.531
12771.28,3.728,0.453,0.531
12771.78,3.731,0.453,0.531
12772.29,3.751,0.453,0.531
12772.8,3.766,0.453,0.531
12773.31,3.772,0.453,0.531
12773.82,3.776,0.453,0.531
12774.32,3.78,0.453,0.531
12774.83,3.784,0.453,0.531
12775.34,3.787,0.453,0.531
12775.85,3.79,0.453,0.531
12776.35,3.793,0.453,0.531
12776.86,3.796,0.453,0.531
12777.37,3.799,0.453,0.531
12777.87,3.802,0.453,0.531
12778.38,3.804,0.453,0.531
12778.89,3.807,0.453,0.531
12779.4,3.809,0.453,0.531
12779.9,4.407,0.453,0.531
12780.41,4.409,0.453,0.531
12780.92,4.417,0.453,0.531
12781.43,4.417,0.453,0.531
12781.94,4.417,0.453,0.531
12782.44,4.417,0.453,0.531
12782.95,4.417,0.453,0.531
12783.46,4.417,0.453,0.531
12783.97,4.63,0.453,0.531
12784.48,4.631,0.453,0.531
12784.99,4.873,0.453,0.531
12785.5,5.081,0.453,0.531
12786.0,5.15,0.453,0.531
12786.51,5.167,0.453,0.531
12787.02,5.253,0.453,0.531
12787.53,5.253,0.453,0.531
12788.04,5.253,0.453,0.531
12788.55,5.253,0.453,0.531
12789.06,5.253,0.453,0.531
12789.57,5.253,0.453,0.531
12790.08,5.253,0.453,0.531
12790.58,5.253,0.453,0.531
12791.09,5.329,0.453,0.531
12791.6,5.391,0.453,0.531
12792.11,5.474,0.453,0.531
12792.61,5.595,0.453,0.531
12793.12,5.637,0.453,0.531
12793.62,5.638,0.453,0.531
12794.13,5.638,0.453,0.531
12794.64,5.638,0.453,0.531
12795.15,5.638,0.453,0.531
12795.65,5.638,0.453,0.531
12796.16,5.638,0.453,0.531
12796.66,5.734,0.453,0.531
12797.17,5.737,0.453,0.531
12797.68,5.852,0.453,0.531
12798.18,5.941,0.453,0.531
12798.69,6.026,0.453,0.531
12799.19,6.027,0.453,0.531
12799.69,6.027,0.453,0.531
12800.2,6.027,0.453,0.531
12800.71,6.027,0.453,0.531
12801.22,6.027,0.453,0.531
12801.72,6.027,0.453,0.531
12802.22,6.027,0.453,0.531
12802.73,6.125,0.453,0.531
12803.23,6.197,0.453,0.531
12803.74,6.276,0.453,0.531
12804.24,6.39,0.453,0.531
12804.74,6.448,0.453,0.531
12805.25,6.448,0.453,0.531
12805.76,6.448,0.453,0.531
12806.27,6.448,0.453,0.531
12806.77,6.448,0.453,0.531
12807.28,6.448,0.453,0.531
12807.79,6.448,0.453,0.531
12808.3,6.48,0.453,0.531
12808.81,6.541,0.453,0.531
12809.31,6.607,0.453,0.531
12809.82,6.717,0.453,0.531
12810.32,6.817,0.453,0.531
12810.83,6.807,0.453,0.531
12811.34,6.807,0.453,0.531
12811.85,6.807,0.453,0.531
12812.35,6.807,0.453,0.531
12812.86,6.807,0.453,0.531
12813.37,6.807,0.453,0.531
12813.88,6.807,0.453,0.531
12814.39,6.909,0.453,0.531
12814.89,6.91,0.453,0.531
12815.4,7.046,0.453,0.531
12815.9,7.122,0.453,0.531
12816.4,7.199,0.453,0.531
12816.91,7.199,0.453,0.531
12817.42,7.199,0.453,0.531
12817.93,7.199,0.453,0.531
12818.44,7.199,0.453,0.531
12818.94,7.198,0.453,0.531
12819.45,7.198,0.453,0.531
12819.96,7.198,0.453,0.531
12820.47,7.3,0.453,0.531
12820.97,7.348,0.453,0.531
12821.48,7.423,0.453,0.531
12821.98,7.533,0.453,0.531
12822.49,7.598,0.453,0.531
12823.0,7.605,0.453,0.531
12823.51,7.605,0.453,0.531
12824.01,7.605,0.453,0.531
12824.52,7.605,0.453,0.531
12825.03,7.605,0.453,0.531
12825.54,7.605,0.453,0.531
12826.05,7.605,0.453,0.531
12826.56,7.726,0.453,0.531
12827.06,7.798,0.453,0.531
12827.57,7.893,0.453,0.531
12828.07,7.981,0.453,0.531
12828.58,8.009,0.453,0.531
12829.09,8.009,0.453,0.531
12829.6,8.009,0.453,0.531
12830.1,8.009,0.453,0.531
12830.61,8.009,0.453,0.531
12831.12,8.009,0.453,0.531
12831.63,8.009,0.453,0.531
12832.14,8.09,0.453,0.531
12832.65,8.111,0.453,0.531
12833.15,8.176,0.453,0.531
12833.66,8.3,0.453,0.531
12834.16,8.405,0.453,0.531
12834.67,8.403,0.453,0.531
12835.18,8.403,0.453,0.531
12835.69,8.403,0.453,0.531
12836.2,8.403,0.453,0.531
12836.71,8.403,0.453,0.531
12837.22,8.403,0.453,0.531
12837.73,8.405,0.453,0.531
12838.24,8.518,0.453,0.531
12838.74,8.517,0.453,0.531
12839.25,8.65,0.453,0.531
12839.75,8.726,0.453,0.531
12840.26,8.835,0.453,0.531
12840.76,8.835,0.453,0.531
12841.27,8.835,0.453,0.531
12841.78,8.835,0.453,0.531
12842.28,8.835,0.453,0.531
12842.79,8.835,0.453,0.531
12843.29,8.835,0.453,0.531
12843.8,8.835,0.453,0.531
12844.31,8.955,0.453,0.531
12844.81,8.955,0.453,0.531
12845.32,9.049,0.453,0.531
12845.82,9.113,0.453,0.531
12846.32,9.187,0.453,0.531
12846.83,9.234,0.453,0.531
12847.34,9.234,0.453,0.531
12847.84,9.234,0.453,0.531
12848.35,9.234,0.453,0.531
12848.86,9.234,0.453,0.531
12849.36,9.234,0.453,0.531
12849.87,9.234,0.453,0.531
12850.38,9.236,0.453,0.531
12850.89,9.379,0.453,0.531
12851.39,9.461,0.453,0.531
12851.89,9.518,0.453,0.531
12852.4,9.633,0.453,0.531
12852.9,9.698,0.453,0.531
12853.4,9.698,0.453,0.531
12853.91,9.698,0.453,0.531
12854.41,9.698,0.453,0.531
12854.92,9.698,0.453,0.531
12855.43,9.698,0.453,0.531
12855.94,9.701,0.453,0.531
12856.44,9.707,0.453,0.531
12856.95,9.829,0.453,0.531
12857.46,9.907,0.453,0.531
12857.96,9.945,0.453,0.531
12858.46,10.0,0.453,0.531
12858.97,10.094,0.453,0.531
12859.48,10.098,0.453,0.531
12859.98,10.098,0.453,0.531
12860.49,10.098,0.453,0.531
12860.99,10.098,0.453,0.531
12861.5,10.098,0.453,0.531
12862.01,10.103,0.453,0.531
12862.51,10.114,0.453,0.531
12863.02,10.265,0.453,0.531
12863.53,10.265,0.453,0.531
12864.03,10.375,0.453,0.531
12864.54,10.451,0.453,0.531
12865.04,10.52,0.453,0.531
12865.54,10.536,0.453,0.531
12866.05,10.536,0.453,0.531
12866.56,10.536,0.453,0.531
12867.06,10.536,0.453,0.531
12867.57,10.536,0.453,0.531
12868.08,10.537,0.453,0.531
12868.59,10.548,0.453,0.531
12869.09,10.719,0.453,0.531
12869.6,10.702,0.453,0.531
12870.1,10.774,0.453,0.531
12870.6,10.834,0.453,0.531
12871.11,10.944,0.453,0.531
12871.61,11.015,0.453,0.531
12872.12,11.015,0.453,0.531
12872.63,11.015,0.453,0.531
12873.14,11.015,0.453,0.531
12873.65,11.015,0.453,0.531
12874.15,11.015,0.453,0.531
12874.66,11.015,0.453,0.531
12875.17,11.022,0.453,0.531
12875.68,11.13,0.453,0.531
12876.18,11.183,0.453,0.531
12876.69,11.27,0.453,0.531
12877.19,11.332,0.453,0.531
12877.7,11.42,0.453,0.531
12878.2,11.418,0.453,0.531
12878.71,11.418,0.453,0.531
12879.21,11.418,0.453,0.531
12879.72,11.418,0.453,0.531
12880.23,11.418,0.453,0.531
12880.74,11.421,0.453,0.531
12881.25,11.426,0.453,0.531
12881.76,11.433,0.453,0.531
12882.26,11.585,0.453,0.531
12882.77,11.66,0.453,0.531
12883.27,11.716,0.453,0.531
12883.78,11.827,0.453,0.531
12884.28,11.866,0.453,0.531
12884.79,11.866,0.453,0.531
12885.3,11.866,0.453,0.531
12885.81,11.866,0.453,0.531
12886.31,11.866,0.453,0.531
12886.82,11.866,0.453,0.531
12887.33,11.871,0.453,0.531
12887.84,11.873,0.453,0.531
12888.35,12.047,0.453,0.531
12888.85,12.047,0.453,0.531
12889.36,12.154,0.453,0.531
12889.87,12.189,0.453,0.531
12890.37,12.264,0.453,0.531
12890.88,12.281,0.453,0.531
12891.38,12.281,0.453,0.531
12891.89,12.281,0.453,0.531
12892.4,12.281,0.453,0.531
12892.91,12.281,0.453,0.531
12893.42,12.283,0.453,0.531
12893.93,12.286,0.453,0.531
12894.44,12.301,0.453,0.531
12894.95,12.468,0.453,0.531
12895.45,12.532,0.453,0.531
12895.96,12.593,0.453,0.531
12896.46,12.646,0.453,0.531
12896.97,12.77,0.453,0.531
12897.47,12.773,0.453,0.531
12897.98,12.773,0.453,0.531
12898.49,12.773,0.453,0.531
12899.0,12.777,0.453,0.531
12899.5,12.779,0.453,0.531
12900.01,12.788,0.453,0.531
12900.52,12.794,0.453,0.531
12901.03,12.909,0.453,0.531
12901.53,12.909,0.453,0.531
12902.04,13.019,0.453,0.531
12902.54,13.108,0.453,0.531
12903.04,13.157,0.453,0.531
12903.55,13.218,0.453,0.531
12904.05,13.217,0.453,0.531
12904.56,13.217,0.453,0.531
12905.07,13.217,0.453,0.531
12905.58,13.218,0.453,0.531
12906.09,13.229,0.453,0.531
12906.59,13.239,0.453,0.531
12907.1,13.393,0.453,0.531
12907.61,13.393,0.453,0.531
12908.12,13.484,0.453,0.531
12908.62,13.545,0.453,0.531
12909.13,13.613,0.453,0.531
12909.63,13.661,0.453,0.531
12910.13,13.661,0.453,0.531
12910.64,13.661,0.453,0.531
12911.14,13.661,0.453,0.531
12911.65,13.663,0.453,0.531
12912.16,13.664,0.453,0.531
12912.67,13.664,0.453,0.531
12913.19,13.668,0.453,0.531
12913.69,13.826,0.453,0.531
12914.2,13.868,0.453,0.531
12914.7,13.905,0.453,0.531
12915.21,13.972,0.453,0.531
12915.71,14.016,0.453,0.531
12916.22,14.076,0.453,0.531
12916.73,14.092,0.453,0.531
12917.24,14.092,0.453,0.531
12917.75,14.092,0.453,0.531
12918.26,14.092,0.453,0.531
12918.77,14.094,0.453,0.531
12919.28,14.098,0.453,0.531
12919.79,14.109,0.453,0.531
12920.3,14.223,0.453,0.531
12920.81,14.302,0.453,0.531
12921.31,14.352,0.453,0.531
12921.82,14.399,0.453,0.531
12922.32,14.454,0.453,0.531
12922.83,14.532,0.453,0.531
12923.34,14.53,0.453,0.531
12923.85,14.53,0.453,0.531
12924.36,14.53,0.453,0.531
12924.87,14.53,0.453,0.531
12925.38,14.53,0.453,0.531
12925.89,14.543,0.453,0.531
12926.4,14.678,0.453,0.531
12926.9,14.698,0.453,0.531
12927.41,14.759,0.453,0.531
12927.92,14.803,0.453,0.531
12928.42,14.871,0.453,0.531
12928.93,14.928,0.453,0.531
12929.43,14.985,0.453,0.531
12929.94,14.985,0.453,0.531
12930.45,14.985,0.453,0.531
12930.96,14.985,0.453,0.531
12931.47,14.985,0.453,0.531
12931.98,14.994,0.453,0.531
12932.49,15.01,0.453,0.531
12933.0,15.174,0.453,0.531
12933.5,15.169,0.453,0.531
12934.0,15.254,0.453,0.531
12934.51,15.293,0.453,0.531
12935.01,15.346,0.453,0.531
12935.52,15.428,0.453,0.531
12936.02,15.415,0.453,0.531
12936.53,15.419,0.453,0.531
12937.04,15.419,0.453,0.531
12937.54,15.419,0.453,0.531
12938.05,15.419,0.453,0.531
12938.56,15.42,0.453,0.531
12939.07,15.43,0.453,0.531
12939.58,15.565,0.453,0.531
12940.08,15.579,0.453,0.531
12940.59,15.641,0.453,0.531
12941.1,15.686,0.453,0.531
12941.6,15.748,0.453,0.531
12942.11,15.807,0.453,0.531
12942.61,15.842,0.453,0.531
12943.12,15.842,0.453,0.531
12943.63,15.842,0.453,0.531
12944.14,15.842,0.453,0.531
12944.65,15.842,0.453,0.531
12945.16,15.843,0.453,0.531
12945.67,15.844,0.453,0.531
12946.18,15.968,0.453,0.531
12946.68,15.966,0.453,0.531
12947.19,16.005,0.453,0.531
12947.69,16.055,0.453,0.531
12948.2,16.164,0.453,0.531
12948.7,16.227,0.453,0.531
12949.21,16.286,0.453,0.531
12949.72,16.286,0.453,0.531
12950.22,16.286,0.453,0.531
12950.73,16.286,0.453,0.531
12951.24,16.286,0.453,0.531
12951.75,16.286,0.453,0.531
12952.26,16.303,0.453,0.531
12952.77,16.438,0.453,0.531
12953.28,16.441,0.453,0.531
12953.79,16.569,0.453,0.531
12954.29,16.563,0.453,0.531
12954.8,16.671,0.453,0.531
12955.3,16.75,0.453,0.531
12955.81,16.741,0.453,0.531
12956.31,16.741,0.453,0.531
12956.82,16.741,0.453,0.531
12957.33,16.741,0.453,0.531
12957.83,16.741,0.453,0.531
12958.34,16.741,0.453,0.531
12958.85,16.746,0.453,0.531
12959.36,16.891,0.453,0.531
12959.86,16.904,0.453,0.531
12960.37,16.957,0.453,0.531
12960.88,16.996,0.453,0.531
12961.38,17.059,0.453,0.531
12961.88,17.104,0.453,0.531
12962.39,17.174,0.453,0.531
12962.89,17.177,0.453,0.531
12963.39,17.177,0.453,0.531
12963.9,17.177,0.453,0.531
12964.41,17.177,0.453,0.531
12964.91,17.181,0.453,0.531
12965.42,17.187,0.453,0.531
12965.93,17.312,0.453,0.531
12966.44,17.325,0.453,0.531
12966.95,17.386,0.453,0.531
12967.45,17.448,0.453,0.531
12967.96,17.52,0.453,0.531
12968.46,17.566,0.453,0.531
12968.97,17.573,0.453,0.531
12969.47,17.573,0.453,0.531
12969.98,17.573,0.453,0.531
12970.49,17.573,0.453,0.531
12971.0,17.573,0.453,0.531
12971.51,17.573,0.453,0.531
12972.02,17.579,0.453,0.531
12972.52,17.587,0.453,0.531
12973.03,17.747,0.453,0.531
12973.54,17.821,0.453,0.531
12974.04,17.839,0.453,0.531
12974.55,17.937,0.453,0.531
12975.05,17.984,0.453,0.531
12975.56,18.054,0.453,0.531
12976.07,18.054,0.453,0.531
12976.58,18.054,0.453,0.531
12977.08,18.054,0.453,0.531
12977.59,18.054,0.453,0.531
12978.1,18.054,0.453,0.531
12978.61,18.059,0.453,0.531
12979.12,18.069,0.453,0.531
12979.63,18.203,0.453,0.531
12980.14,18.232,0.453,0.531
12980.65,18.283,0.453,0.531
12981.15,18.318,0.453,0.531
12981.66,18.32,0.453,0.531
12982.16,18.372,0.453,0.531
12982.67,18.436,0.453,0.531
12983.17,18.496,0.453,0.531
12983.68,18.496,0.453,0.531
12984.19,18.496,0.453,0.531
12984.7,18.496,0.453,0.531
12985.21,18.496,0.453,0.531
12985.72,18.496,0.453,0.531
12986.23,18.497,0.453,0.531
12986.74,18.649,0.453,0.531
12987.25,18.649,0.453,0.531
12987.75,18.699,0.453,0.531
12988.26,18.762,0.453,0.531
12988.77,18.828,0.453,0.531
12989.27,18.885,0.453,0.531
12989.78,18.947,0.453,0.531
12990.29,18.947,0.453,0.531
12990.79,18.947,0.453,0.531
12991.3,18.947,0.453,0.531
12991.81,18.947,0.453,0.531
12992.32,18.947,0.453,0.531
12992.83,18.952,0.453,0.531
12993.34,19.002,0.453,0.531
12993.85,19.089,0.453,0.531
12994.35,19.146,0.453,0.531
12994.86,19.195,0.453,0.531
12995.37,19.275,0.453,0.531
12995.87,19.32,0.453,0.531
12996.38,19.362,0.453,0.531
12996.88,19.363,0.453,0.531
12997.39,19.363,0.453,0.531
12997.89,19.363,0.453,0.531
12998.4,19.363,0.453,0.531
12998.91,19.363,0.453,0.531
12999.42,19.365,0.453,0.531
12999.93,19.371,0.453,0.531
13000.44,19.53,0.453,0.531
13000.94,19.572,0.453,0.531
13001.45,19.577,0.453,0.531
13001.95,19.623,0.453,0.531
13002.46,19.714,0.453,0.531
13002.96,19.747,0.453,0.531
13003.47,19.799,0.453,0.531
13003.98,19.803,0.453,0.531
13004.49,19.803,0.453,0.531
13005.0,19.803,0.453,0.531
13005.51,19.803,0.453,0.531
13006.02,19.803,0.453,0.531
13006.52,19.806,0.453,0.531
13007.03,19.951,0.453,0.531
13007.54,20.017,0.453,0.531
13008.04,20.073,0.453,0.531
13008.54,20.111,0.453,0.531
13009.05,20.114,0.453,0.531
13009.55,20.165,0.453,0.531
13010.06,20.214,0.453,0.531
13010.56,20.215,0.453,0.531
13011.07,20.215,0.453,0.531
13011.58,20.215,0.453,0.531
13012.09,20.215,0.453,0.531
13012.59,20.217,0.453,0.531
13013.1,20.223,0.453,0.531
13013.61,20.227,0.453,0.531
13014.12,20.228,0.453,0.531
13014.63,20.402,0.453,0.531
13015.14,20.402,0.453,0.531
13015.64,20.472,0.453,0.531
13016.14,20.528,0.453,0.531
13016.65,20.584,0.453,0.531
13017.15,20.622,0.453,0.531
13017.66,20.67,0.453,0.531
13018.16,20.67,0.453,0.531
13018.67,20.67,0.453,0.531
13019.18,20.67,0.453,0.531
13019.68,20.67,0.453,0.531
13020.19,20.672,0.453,0.531
13020.7,20.679,0.453,0.531
13021.2,20.811,0.453,0.531
13021.71,20.825,0.453,0.531
13022.22,20.896,0.453,0.531
13022.72,20.946,0.453,0.531
13023.22,21.005,0.453,0.531
13023.73,21.057,0.453,0.531
13024.23,21.105,0.453,0.531
13024.74,21.105,0.453,0.531
13025.25,21.105,0.453,0.531
13025.76,21.105,0.453,0.531
13026.27,21.105,0.453,0.531
13026.78,21.105,0.453,0.531
13027.29,21.115,0.453,0.531
13027.8,21.289,0.453,0.531
13028.3,21.291,0.453,0.531
13028.81,21.331,0.453,0.531
13029.32,21.386,0.453,0.531
13029.82,21.465,0.453,0.531
13030.33,21.531,0.453,0.531
13030.83,21.574,0.453,0.531
13031.34,21.574,0.453,0.531
13031.84,21.574,0.453,0.531
13032.34,21.574,0.453,0.531
13032.85,21.574,0.453,0.531
13033.36,21.574,0.453,0.531
13033.86,21.581,0.453,0.531
13034.37,21.675,0.453,0.531
13034.88,21.672,0.453,0.531
13035.39,21.746,0.453,0.531
13035.89,21.803,0.453,0.531
13036.4,21.875,0.453,0.531
13036.9,21.932,0.453,0.531
13037.41,21.984,0.453,0.531
13037.92,21.984,0.453,0.531
13038.43,21.984,0.453,0.531
13038.94,21.984,0.453,0.531
13039.44,21.984,0.453,0.531
13039.95,21.984,0.453,0.531
13040.46,21.987,0.453,0.531
13040.97,21.992,0.453,0.531
13041.48,22.127,0.453,0.531
13041.98,22.151,0.453,0.531
13042.49,22.225,0.453,0.531
13042.99,22.239,0.453,0.531
13043.5,22.326,0.453,0.531
13044.0,22.372,0.453,0.531
13044.51,22.374,0.453,0.531
13045.02,22.375,0.453,0.531
13045.53,22.375,0.453,0.531
13046.04,22.375,0.453,0.531
13046.55,22.375,0.453,0.531
13047.06,22.375,0.453,0.531
13047.57,22.375,0.453,0.531
13048.08,22.377,0.453,0.531
13048.59,22.385,0.453,0.531
13049.1,22.561,0.453,0.531
13049.6,22.552,0.453,0.531
13050.11,22.632,0.453,0.531
13050.61,22.673,0.453,0.531
13051.12,22.705,0.453,0.531
13051.62,22.78,0.453,0.531
13052.13,22.844,0.453,0.531
13052.64,22.845,0.453,0.531
13053.15,22.845,0.453,0.531
13053.66,22.845,0.453,0.531
13054.16,22.845,0.453,0.531
13054.67,22.845,0.453,0.531
13055.18,22.846,0.453,0.531
13055.69,22.857,0.453,0.531
13056.19,22.97,0.453,0.531
13056.7,23.027,0.453,0.531
13057.2,23.032,0.453,0.531
13057.71,23.081,0.453,0.531
13058.21,23.15,0.453,0.531
13058.72,23.213,0.453,0.531
13059.22,23.228,0.453,0.531
13059.73,23.228,0.453,0.531
13060.24,23.229,0.453,0.531
13060.75,23.229,0.453,0.531
13061.26,23.229,0.453,0.531
13061.77,23.23,0.453,0.531
13062.27,23.234,0.453,0.531
13062.78,23.405,0.453,0.531
13063.29,23.4,0.453,0.531
13063.8,23.435,0.453,0.531
13064.3,23.5,0.453,0.531
13064.81,23.511,0.453,0.531
13065.31,23.581,0.453,0.531
13065.82,23.689,0.453,0.531
13066.32,23.689,0.453,0.531
13066.83,23.689,0.453,0.531
13067.34,23.689,0.453,0.531
13067.85,23.689,0.453,0.531
13068.35,23.689,0.453,0.531
13068.86,23.689,0.453,0.531
13069.37,23.696,0.453,0.531
13069.88,23.845,0.453,0.531
13070.39,23.843,0.453,0.531
13070.89,23.902,0.453,0.531
13071.4,23.956,0.453,0.531
13071.9,24.018,0.453,0.531
13072.41,24.062,0.453,0.531
13072.91,24.097,0.453,0.531
13073.42,24.097,0.453,0.531
13073.93,24.097,0.453,0.531
13074.44,24.097,0.453,0.531
13074.94,24.097,0.453,0.531
13075.45,24.098,0.453,0.531
13075.96,24.103,0.453,0.531
13076.47,24.264,0.453,0.531
13076.97,24.265,0.453,0.531
13077.48,24.325,0.453,0.531
13077.99,24.385,0.453,0.531
13078.49,24.437,0.453,0.531
13079.0,24.503,0.453,0.531
13079.5,24.548,0.453,0.531
13080.01,24.548,0.453,0.531
13080.52,24.548,0.453,0.531
13081.02,24.548,0.453,0.531
13081.53,24.548,0.453,0.531
13082.04,24.548,0.453,0.531
13082.54,24.548,0.453,0.531
13083.05,24.557,0.453,0.531
13083.56,24.683,0.453,0.531
13084.06,24.735,0.453,0.531
13084.56,24.785,0.453,0.531
13085.07,24.851,0.453,0.531
13085.57,24.936,0.453,0.531
13086.08,24.988,0.453,0.531
13086.58,24.988,0.453,0.531
13087.09,24.989,0.453,0.531
13087.6,24.989,0.453,0.531
13088.11,24.989,0.453,0.531
13088.62,24.989,0.453,0.531
13089.13,24.993,0.453,0.531
13089.64,24.997,0.453,0.531
13090.15,25.11,0.453,0.531
13090.65,25.164,0.453,0.531
13091.15,25.163,0.453,0.531
13091.66,25.207,0.453,0.531
13092.17,25.297,0.453,0.531
13092.67,25.365,0.453,0.531
13093.17,25.403,0.453,0.531
13093.68,25.403,0.453,0.531
13094.19,25.403,0.453,0.531
13094.69,25.403,0.453,0.531
13095.2,25.403,0.453,0.531
13095.71,25.403,0.453,0.531
13096.21,25.403,0.453,0.531
13096.71,25.404,0.453,0.531
13097.22,25.513,0.453,0.531
13097.73,25.559,0.453,0.531
13098.24,25.608,0.453,0.531
13098.74,25.707,0.453,0.531
13099.25,25.762,0.453,0.531
13099.75,25.832,0.453,0.531
13100.26,25.831,0.453,0.531
13100.77,25.832,0.453,0.531
13101.28,25.832,0.453,0.531
13101.78,25.832,0.453,0.531
13102.29,25.832,0.453,0.531
13102.8,25.832,0.453,0.531
13103.31,25.838,0.453,0.531
13103.82,25.979,0.453,0.531
13104.32,25.998,0.453,0.531
13104.83,26.025,0.453,0.531
13105.34,26.117,0.453,0.531
13105.84,26.188,0.453,0.531
13106.35,26.256,0.453,0.531
13106.86,26.255,0.453,0.531
13107.36,26.255,0.453,0.531
13107.87,26.255,0.453,0.531
13108.38,26.255,0.453,0.531
13108.89,26.255,0.453,0.531
13109.4,26.255,0.453,0.531
13109.91,26.37,0.453,0.531
13110.42,26.37,0.453,0.531
13110.92,26.431,0.453,0.531
13111.43,26.483,0.453,0.531
13111.93,26.558,0.453,0.531
13112.44,26.62,0.453,0.531
13112.94,26.665,0.453,0.531
13113.45,26.665,0.453,0.531
13113.96,26.665,0.453,0.531
13114.47,26.665,0.453,0.531
13114.98,26.665,0.453,0.531
13115.49,26.665,0.453,0.531
13116.0,26.666,0.453,0.531
13116.51,26.806,0.453,0.531
13117.02,26.857,0.453,0.531
13117.52,26.899,0.453,0.531
13118.02,26.973,0.453,0.531
13118.53,27.04,0.453,0.531
13119.03,27.086,0.453,0.531
13119.53,27.086,0.453,0.531
13120.04,27.086,0.453,0.531
13120.55,27.086,0.453,0.531
13121.06,27.086,0.453,0.531
13121.56,27.086,0.453,0.531
13122.07,27.089,0.453,0.531
13122.58,27.196,0.453,0.531
13123.08,27.282,0.453,0.531
13123.59,27.333,0.453,0.531
13124.09,27.408,0.453,0.531
13124.59,27.459,0.453,0.531
13125.1,27.511,0.453,0.531
13125.61,27.511,0.453,0.531
13126.11,27.511,0.453,0.531
13126.62,27.514,0.453,0.531
13127.13,27.514,0.453,0.531
13127.64,27.518,0.453,0.531
13128.14,27.521,0.453,0.531
13128.65,27.651,0.453,0.531
13129.16,27.704,0.453,0.531
13129.66,27.754,0.453,0.531
13130.17,27.83,0.453,0.531
13130.67,27.879,0.453,0.531
13131.18,27.918,0.453,0.531
13131.68,27.918,0.453,0.531
13132.19,27.918,0.453,0.531
13132.7,27.918,0.453,0.531
13133.21,27.918,0.453,0.531
13133.72,27.918,0.453,0.531
13134.23,28.056,0.453,0.531
13134.73,28.12,0.453,0.531
13135.24,28.168,0.453,0.531
13135.74,28.227,0.453,0.531
13136.25,28.312,0.453,0.531
13136.75,28.35,0.453,0.531
13137.26,28.351,0.453,0.531
13137.77,28.351,0.453,0.531
13138.28,28.351,0.453,0.531
13138.79,28.351,0.453,0.531
13139.3,28.351,0.453,0.531
13139.8,28.354,0.453,0.531
13140.32,28.472,0.453,0.531
13140.82,28.536,0.453,0.531
13141.33,28.587,0.453,0.531
13141.83,28.585,0.453,0.531
13142.33,28.671,0.453,0.531
13142.84,28.781,0.453,0.531
13143.35,28.783,0.453,0.531
13143.86,28.783,0.453,0.531
13144.37,28.783,0.453,0.531
13144.88,28.783,0.453,0.531
13145.38,28.783,0.453,0.531
13145.89,28.784,0.453,0.531
13146.41,28.932,0.453,0.531
13146.91,28.977,0.453,0.531
13147.41,29.03,0.453,0.531
13147.92,29.085,0.453,0.531
13148.42,29.135,0.453,0.531
13148.93,29.142,0.453,0.531
13149.43,29.154,0.453,0.531
13149.94,29.155,0.453,0.531
13150.45,29.157,0.453,0.531
13150.96,29.157,0.453,0.531
13151.46,29.157,0.453,0.531
13151.97,29.157,0.453,0.531
13152.48,29.159,0.453,0.531
13152.99,29.316,0.453,0.531
13153.49,29.384,0.453,0.531
13154.0,29.439,0.453,0.531
13154.5,29.503,0.453,0.531
13155.0,29.561,0.453,0.531
13155.51,29.584,0.453,0.531
13156.02,29.584,0.453,0.531
13156.53,29.584,0.453,0.531
13157.04,29.584,0.453,0.531
13157.54,29.584,0.453,0.531
13158.05,29.584,0.453,0.531
13158.56,29.584,0.453,0.531
13159.07,29.73,0.453,0.531
13159.58,29.833,0.453,0.531
13160.08,29.851,0.453,0.531
13160.59,29.921,0.453,0.531
13161.09,29.969,0.453,0.531
13161.6,30.0,0.453,0.531
13162.11,30.0,0.453,0.531
13162.62,30.0,0.453,0.531
13163.12,30.0,0.453,0.531
13163.63,30.0,0.453,0.531
13164.14,30.0,0.453,0.531
13164.65,30.133,0.453,0.531
13165.16,30.2,0.453,0.531
13165.66,30.259,0.453,0.531
13166.17,30.324,0.453,0.531
13166.67,30.379,0.453,0.531
13167.17,30.396,0.453,0.531
13167.68,30.398,0.453,0.531
13168.19,30.398,0.453,0.531
13168.7,30.398,0.453,0.531
13169.21,30.398,0.453,0.531
13169.72,30.4,0.453,0.531
13170.23,30.528,0.453,0.531
13170.74,30.601,0.453,0.531
13171.24,30.675,0.453,0.531
13171.75,30.723,0.453,0.531
13172.25,30.806,0.453,0.531
13172.76,30.856,0.453,0.531
13173.26,30.856,0.453,0.531
13173.77,30.856,0.453,0.531
13174.28,30.856,0.453,0.531
13174.79,30.856,0.453,0.531
13175.3,30.856,0.453,0.531
13175.81,30.962,0.453,0.531
13176.31,31.012,0.453,0.531
13176.81,31.067,0.453,0.531
13177.32,31.07,0.453,0.531
13177.82,31.184,0.453,0.531
13178.33,31.253,0.453,0.531
13178.83,31.252,0.453,0.531
13179.34,31.253,0.453,0.531
13179.85,31.253,0.453,0.531
13180.36,31.253,0.453,0.531
13180.87,31.253,0.453,0.531
13181.37,31.255,0.453,0.531
13181.88,31.356,0.453,0.531
13182.39,31.403,0.453,0.531
13182.89,31.475,0.453,0.531
13183.39,31.486,0.453,0.531
13183.9,31.587,0.453,0.531
13184.4,31.652,0.453,0.531
13184.91,31.659,0.453,0.531
13185.42,31.659,0.453,0.531
13185.92,31.659,0.453,0.531
13186.43,31.659,0.453,0.531
13186.94,31.659,0.453,0.531
13187.45,31.659,0.453,0.531
13187.96,31.659,0.453,0.531
13188.46,31.659,0.453,0.531
13188.97,31.659,0.453,0.531
13189.48,31.659,0.453,0.531
13189.99,31.783,0.453,0.531
13190.5,31.837,0.453,0.531
13191.0,31.897,0.453,0.531
13191.51,31.969,0.453,0.531
13192.01,32.014,0.453,0.531
13192.52,32.066,0.453,0.531
13193.03,32.066,0.453,0.531
13193.53,32.066,0.453,0.531
13194.04,32.066,0.453,0.531
13194.55,32.066,0.453,0.531
13195.05,32.066,0.453,0.531
13195.56,32.181,0.453,0.531
13196.07,32.238,0.453,0.531
13196.57,32.289,0.453,0.531
13197.08,32.353,0.453,0.531
13197.58,32.414,0.453,0.531
13198.09,32.465,0.453,0.531
13198.6,32.47,0.453,0.531
13199.1,32.47,0.453,0.531
13199.62,32.47,0.453,0.531
13200.12,32.47,0.453,0.531
13200.63,32.47,0.453,0.531
13201.14,32.579,0.453,0.531
13201.64,32.589,0.453,0.531
13202.15,32.638,0.453,0.531
13202.66,32.689,0.453,0.531
13203.16,32.77,0.453,0.531
13203.67,32.829,0.453,0.531
13204.17,32.886,0.453,0.531
13204.68,32.886,0.453,0.531
13205.19,32.886,0.453,0.531
13205.69,32.886,0.453,0.531
13206.2,32.886,0.453,0.531
13206.71,32.886,0.453,0.531
13207.22,32.886,0.453,0.531
13207.73,32.99,0.453,0.531
13208.23,33.05,0.453,0.531
13208.73,33.11,0.453,0.531
13209.24,33.183,0.453,0.531
13209.74,33.239,0.453,0.531
13210.24,33.282,0.453,0.531
13210.75,33.282,0.453,0.531
13211.26,33.282,0.453,0.531
13211.77,33.282,0.453,0.531
13212.27,33.282,0.453,0.531
13212.78,33.282,0.453,0.531
13213.29,33.282,0.453,0.531
13213.8,33.39,0.453,0.531
13214.3,33.443,0.453,0.531
13214.8,33.504,0.453,0.531
13215.31,33.584,0.453,0.531
13215.82,33.659,0.453,0.531
13216.32,33.686,0.453,0.531
13216.83,33.686,0.453,0.531
13217.33,33.686,0.453,0.531
13217.83,33.686,0.453,0.531
13218.34,33.686,0.453,0.531
13218.85,33.686,0.453,0.531
13219.36,33.785,0.453,0.531
13219.86,33.852,0.453,0.531
13220.37,33.898,0.453,0.531
13220.87,33.969,0.453,0.531
13221.38,34.029,0.453,0.531
13221.88,34.047,0.453,0.531
13222.38,34.048,0.453,0.531
13222.89,34.048,0.453,0.531
13223.4,34.048,0.453,0.531
13223.91,34.048,0.453,0.531
13224.42,34.048,0.453,0.531
13224.93,34.048,0.453,0.531
13225.43,34.048,0.453,0.531
13225.94,34.048,0.453,0.531
13226.45,34.048,0.453,0.531
13226.95,34.191,0.453,0.531
13227.46,34.252,0.453,0.531
13227.96,34.327,0.453,0.531
13228.47,34.398,0.453,0.531
13228.97,34.441,0.453,0.531
13229.48,34.473,0.453,0.531
13229.99,34.473,0.453,0.531
13230.49,34.473,0.453,0.531
13231.0,34.473,0.453,0.531
13231.51,34.473,0.453,0.531
13232.02,34.473,0.453,0.531
13232.52,34.473,0.453,0.531
13233.03,34.587,0.453,0.531
13233.54,34.662,0.453,0.531
13234.04,34.71,0.453,0.531
13234.54,34.774,0.453,0.531
13235.05,34.835,0.453,0.531
13235.55,34.875,0.453,0.531
13236.06,34.875,0.453,0.531
13236.57,34.875,0.453,0.531
13237.07,34.875,0.453,0.531
13237.58,34.875,0.453,0.531
13238.09,34.875,0.453,0.531
13238.59,34.951,0.453,0.531
13239.1,35.027,0.453,0.531
13239.6,35.098,0.453,0.531
13240.11,35.162,0.453,0.531
13240.61,35.228,0.453,0.531
13241.12,35.262,0.453,0.531
13241.63,35.269,0.453,0.531
13242.13,35.269,0.453,0.531
13242.64,35.269,0.453,0.531
13243.15,35.269,0.453,0.531
13243.66,35.269,0.453,0.531
13244.17,35.269,0.453,0.531
13244.67,35.345,0.453,0.531
13245.18,35.429,0.453,0.531
13245.69,35.483,0.453,0.531
13246.19,35.549,0.453,0.531
13246.7,35.624,0.453,0.531
13247.2,35.678,0.453,0.531
13247.71,35.679,0.453,0.531
13248.22,35.679,0.453,0.531
13248.73,35.679,0.453,0.531
13249.23,35.679,0.453,0.531
13249.74,35.679,0.453,0.531
13250.25,35.679,0.453,0.531
13250.76,35.771,0.453,0.531
13251.27,35.83,0.453,0.531
13251.77,35.899,0.453,0.531
13252.27,35.963,0.453,0.531
13252.78,36.055,0.453,0.531
13253.28,36.057,0.453,0.531
13253.79,36.057,0.453,0.531
13254.3,36.057,0.453,0.531
13254.8,36.057,0.453,0.531
13255.31,36.057,0.453,0.531
13255.82,36.057,0.453,0.531
13256.33,36.156,0.453,0.531
13256.83,36.228,0.453,0.531
13257.34,36.278,0.453,0.531
13257.85,36.355,0.453,0.531
13258.35,36.469,0.453,0.531
13258.85,36.468,0.453,0.531
13259.36,36.469,0.453,0.531
13259.87,36.469,0.453,0.531
13260.38,36.469,0.453,0.531
13260.89,36.469,0.453,0.531
13261.39,36.469,0.453,0.531
13261.9,36.469,0.453,0.531
13262.41,36.469,0.453,0.531
13262.92,36.469,0.453,0.531
13263.43,36.469,0.453,0.531
13263.93,36.568,0.453,0.531
13264.44,36.623,0.453,0.531
13264.94,36.676,0.453,0.531
13265.45,36.752,0.453,0.531
13265.96,36.845,0.453,0.531
13266.46,36.846,0.453,0.531
13266.97,36.846,0.453,0.531
13267.48,36.846,0.453,0.531
13267.99,36.846,0.453,0.531
13268.5,36.846,0.453,0.531
13269.0,36.846,0.453,0.531
13269.51,36.944,0.453,0.531
13270.02,37.009,0.453,0.531
13270.52,37.058,0.453,0.531
13271.02,37.14,0.453,0.531
13271.53,37.204,0.453,0.531
13272.03,37.227,0.453,0.531
13272.54,37.227,0.453,0.531
13273.05,37.227,0.453,0.531
13273.55,37.227,0.453,0.531
13274.06,37.227,0.453,0.531
13274.57,37.227,0.453,0.531
13275.08,37.227,0.453,0.531
13275.59,37.332,0.453,0.531
13276.1,37.456,0.453,0.531
13276.6,37.536,0.453,0.531
13277.11,37.59,0.453,0.531
13277.61,37.61,0.453,0.531
13278.12,37.614,0.453,0.531
13278.63,37.614,0.453,0.531
13279.13,37.614,0.453,0.531
13279.64,37.614,0.453,0.531
13280.14,37.614,0.453,0.531
13280.65,37.614,0.453,0.531
13281.16,37.736,0.453,0.531
13281.66,37.828,0.453,0.531
13282.17,37.92,0.453,0.531
13282.67,37.977,0.453,0.531
13283.18,38.009,0.453,0.531
13283.68,38.01,0.453,0.531
13284.19,38.01,0.453,0.531
13284.7,38.01,0.453,0.531
13285.21,38.01,0.453,0.531
13285.71,38.01,0.453,0.531
13286.22,38.01,0.453,0.531
13286.73,38.108,0.453,0.531
13287.24,38.179,0.453,0.531
13287.74,38.244,0.453,0.531
13288.25,38.31,0.453,0.531
13288.75,38.372,0.453,0.531
13289.26,38.415,0.453,0.531
13289.77,38.415,0.453,0.531
13290.28,38.416,0.453,0.531
13290.79,38.416,0.453,0.531
13291.3,38.416,0.453,0.531
13291.8,38.416,0.453,0.531
13292.31,38.416,0.453,0.531
13292.83,38.486,0.453,0.531
13293.33,38.541,0.453,0.531
13293.83,38.624,0.453,0.531
13294.34,38.702,0.453,0.531
13294.84,38.758,0.453,0.531
13295.35,38.792,0.453,0.531
13295.86,38.793,0.453,0.531
13296.36,38.793,0.453,0.531
13296.87,38.793,0.453,0.531
13297.38,38.793,0.453,0.531
13297.89,38.793,0.453,0.531
13298.4,38.874,0.453,0.531
13298.9,38.95,0.453,0.531
13299.41,39.007,0.453,0.531
13299.91,39.086,0.453,0.531
13300.42,39.144,0.453,0.531
13300.92,39.19,0.453,0.531
13301.42,39.19,0.453,0.531
13301.93,39.19,0.453,0.531
13302.44,39.19,0.453,0.531
13302.94,39.19,0.453,0.531
13303.45,39.19,0.453,0.531
13303.96,39.19,0.453,0.531
13304.47,39.329,0.453,0.531
13304.97,39.389,0.453,0.531
13305.48,39.47,0.453,0.531
13305.98,39.535,0.453,0.531
13306.49,39.552,0.453,0.531
13306.99,39.552,0.453,0.531
13307.5,39.552,0.453,0.531
13308.01,39.552,0.453,0.531
13308.52,39.552,0.453,0.531
13309.02,39.552,0.453,0.531
13309.53,39.663,0.453,0.531
13310.03,39.723,0.453,0.531
13310.54,39.773,0.453,0.531
13311.04,39.848,0.453,0.531
13311.55,39.901,0.453,0.531
13312.05,39.944,0.453,0.531
13312.56,39.944,0.453,0.531
13313.06,39.944,0.453,0.531
13313.57,39.945,0.453,0.531
13314.08,39.945,0.453,0.531
13314.59,39.945,0.453,0.531
13315.09,39.945,0.453,0.531
13315.6,40.047,0.453,0.531
13316.1,40.115,0.453,0.531
13316.61,40.221,0.453,0.531
13317.11,40.286,0.453,0.531
13317.62,40.332,0.453,0.531
13318.13,40.333,0.453,0.531
13318.63,40.334,0.453,0.531
13319.14,40.334,0.453,0.531
13319.65,40.334,0.453,0.531
13320.16,40.333,0.453,0.531
13320.67,40.333,0.453,0.531
13321.18,40.432,0.453,0.531
13321.68,40.503,0.453,0.531
13322.19,40.551,0.453,0.531
13322.69,40.675,0.453,0.531
13323.2,40.698,0.453,0.531
13323.7,40.699,0.453,0.531
13324.21,40.7,0.453,0.531
13324.72,40.7,0.453,0.531
13325.23,40.7,0.453,0.531
13325.74,40.7,0.453,0.531
13326.25,40.7,0.453,0.531
13326.76,40.7,0.453,0.531
13327.27,40.7,0.453,0.531
13327.78,40.802,0.453,0.531
13328.28,40.87,0.453,0.531
13328.79,40.945,0.453,0.531
13329.29,41.0,0.453,0.531
13329.8,41.064,0.453,0.531
13330.3,41.096,0.453,0.531
13330.81,41.098,0.453,0.531
13331.32,41.098,0.453,0.531
13331.83,41.098,0.453,0.531
13332.34,41.098,0.453,0.531
13332.85,41.098,0.453,0.531
13333.36,41.165,0.453,0.531
13333.87,41.242,0.453,0.531
13334.37,41.296,0.453,0.531
13334.88,41.392,0.453,0.531
13335.38,41.455,0.453,0.531
13335.89,41.491,0.453,0.531
13336.39,41.491,0.453,0.531
13336.9,41.491,0.453,0.531
13337.41,41.491,0.453,0.531
13337.92,41.491,0.453,0.531
13338.43,41.491,0.453,0.531
13338.94,41.56,0.453,0.531
13339.44,41.63,0.453,0.531
13339.95,41.699,0.453,0.531
13340.45,41.786,0.453,0.531
13340.96,41.846,0.453,0.531
13341.46,41.884,0.453,0.531
13341.97,41.884,0.453,0.531
13342.48,41.884,0.453,0.531
13342.99,41.884,0.453,0.531
13343.5,41.884,0.453,0.531
13344.01,41.884,0.453,0.531
13344.52,41.884,0.453,0.531
13345.03,42.025,0.453,0.531
13345.53,42.089,0.453,0.531
13346.04,42.162,0.453,0.531
13346.54,42.224,0.453,0.531
13347.05,42.256,0.453,0.531
13347.56,42.256,0.453,0.531
13348.07,42.256,0.453,0.531
13348.58,42.256,0.453,0.531
13349.09,42.256,0.453,0.531
13349.6,42.256,0.453,0.531
13350.11,42.345,0.453,0.531
13350.61,42.416,0.453,0.531
13351.11,42.497,0.453,0.531
13351.62,42.551,0.453,0.531
13352.12,42.604,0.453,0.531
13352.63,42.648,0.453,0.531
13353.13,42.648,0.453,0.531
13353.64,42.648,0.453,0.531
13354.15,42.648,0.453,0.531
13354.66,42.648,0.453,0.531
13355.16,42.648,0.453,0.531
13355.67,42.648,0.453,0.531
13356.18,42.788,0.453,0.531
13356.69,42.862,0.453,0.531
13357.19,42.931,0.453,0.531
13357.7,42.999,0.453,0.531
13358.2,43.04,0.453,0.531
13358.71,43.04,0.453,0.531
13359.22,43.04,0.453,0.531
13359.73,43.04,0.453,0.531
13360.24,43.04,0.453,0.531
13360.75,43.04,0.453,0.531
13361.26,43.04,0.453,0.531
13361.77,43.19,0.453,0.531
13362.27,43.263,0.453,0.531
13362.78,43.33,0.453,0.531
13363.28,43.392,0.453,0.531
13363.79,43.426,0.453,0.531
13364.3,43.426,0.453,0.531
13364.81,43.426,0.453,0.531
13365.32,43.427,0.453,0.531
13365.83,43.427,0.453,0.531
13366.33,43.427,0.453,0.531
13366.84,43.427,0.453,0.531
13367.35,43.427,0.453,0.531
13367.86,43.427,0.453,0.531
13368.37,43.53,0.453,0.531
13368.88,43.606,0.453,0.531
13369.38,43.706,0.453,0.531
13369.89,43.773,0.453,0.531
13370.39,43.806,0.453,0.531
13370.9,43.806,0.453,0.531
13371.4,43.806,0.453,0.531
13371.91,43.806,0.453,0.531
13372.42,43.817,0.453,0.531
13372.93,43.817,0.453,0.531
13373.44,43.913,0.453,0.531
13373.95,43.971,0.453,0.531
13374.45,44.034,0.453,0.531
13374.96,44.099,0.453,0.531
13375.46,44.198,0.453,0.531
13375.97,44.199,0.453,0.531
13376.48,44.199,0.453,0.531
13376.99,44.199,0.453,0.531
13377.5,44.199,0.453,0.531
13378.01,44.199,0.453,0.531
13378.52,44.199,0.453,0.531
13379.03,44.292,0.453,0.531
13379.53,44.359,0.453,0.531
13380.04,44.487,0.453,0.531
13380.54,44.557,0.453,0.531
13381.05,44.597,0.453,0.531
13381.55,44.598,0.453,0.531
13382.06,44.599,0.453,0.531
13382.57,44.599,0.453,0.531
13383.08,44.599,0.453,0.531
13383.59,44.599,0.453,0.531
13384.1,44.646,0.453,0.531
13384.6,44.724,0.453,0.531
13385.11,44.795,0.453,0.531
13385.62,44.872,0.453,0.531
13386.12,44.935,0.453,0.531
13386.63,44.976,0.453,0.531
13387.13,44.977,0.453,0.531
13387.64,44.977,0.453,0.531
13388.15,44.977,0.453,0.531
13388.66,44.977,0.453,0.531
13389.17,44.977,0.453,0.531
13389.67,45.045,0.453,0.531
13390.18,45.141,0.453,0.531
13390.69,45.198,0.453,0.531
13391.19,45.258,0.453,0.531
13391.7,45.34,0.453,0.531
13392.2,45.343,0.453,0.531
13392.71,45.343,0.453,0.531
13393.22,45.343,0.453,0.531
13393.73,45.343,0.453,0.531
13394.24,45.343,0.453,0.531
13394.75,45.343,0.453,0.531
13395.26,45.448,0.453,0.531
13395.77,45.55,0.453,0.531
13396.27,45.553,0.453,0.531
13396.78,45.613,0.453,0.531
13397.28,45.698,0.453,0.531
13397.79,45.692,0.453,0.531
13398.29,45.692,0.453,0.531
13398.8,45.749,0.453,0.531
13399.3,45.75,0.453,0.531
13399.81,45.75,0.453,0.531
13400.32,45.75,0.453,0.531
13400.83,45.75,0.453,0.531
13401.34,45.75,0.453,0.531
13401.85,45.75,0.453,0.531
13402.36,45.75,0.453,0.531
13402.87,45.772,0.453,0.531
13403.38,45.822,0.453,0.531
13403.89,45.822,0.453,0.531
13404.4,45.822,0.453,0.531
13404.91,45.822,0.453,0.531
13405.43,45.822,0.453,0.531
13405.94,45.886,0.453,0.531
13406.45,45.89,0.453,0.531
13406.96,45.89,0.453,0.531
13407.46,45.892,0.453,0.531
13407.97,45.939,0.453,0.531
13408.48,45.94,0.453,0.531
13408.99,45.94,0.453,0.531
13409.5,45.94,0.453,0.531
13410.01,46.001,0.453,0.531
13410.52,46.001,0.453,0.531
13411.03,46.001,0.453,0.531
13411.54,46.001,0.453,0.531
13412.04,46.098,0.453,0.531
13412.55,46.127,0.453,0.531
13413.06,46.119,0.453,0.531
13413.57,46.119,0.453,0.531
13414.08,46.119,0.453,0.531
13414.59,46.119,0.453,0.531
13415.1,46.111,0.453,0.531
13415.61,46.156,0.453,0.531
13416.11,46.186,0.453,0.531
13416.62,46.137,0.453,0.531
13417.13,46.137,0.453,0.531
13417.64,46.136,0.453,0.531
13418.15,46.136,0.453,0.531
13418.66,46.203,0.453,0.531
13419.16,46.213,0.453,0.531
13419.67,46.302,0.453,0.531
13420.17,46.415,0.453,0.531
13420.68,46.44,0.453,0.531
13421.18,46.445,0.453,0.531
13421.69,46.445,0.453,0.531
13422.2,46.445,0.453,0.531
13422.71,46.445,0.453,0.531
13423.22,46.445,0.453,0.531
13423.73,46.445,0.453,0.531
13424.24,46.559,0.453,0.531
13424.74,46.672,0.453,0.531
13425.24,46.75,0.453,0.531
13425.75,46.812,0.453,0.531
13426.25,46.846,0.453,0.531
13426.76,46.846,0.453,0.531
13427.27,46.846,0.453,0.531
13427.78,46.846,0.453,0.531
13428.29,46.846,0.453,0.531
13428.79,46.846,0.453,0.531
13429.3,46.94,0.453,0.531
13429.8,47.014,0.453,0.531
13430.31,47.085,0.453,0.531
13430.81,47.203,0.453,0.531
13431.31,47.239,0.453,0.531
13431.82,47.242,0.453,0.531
13432.33,47.242,0.453,0.531
13432.84,47.242,0.453,0.531
13433.34,47.242,0.453,0.531
13433.85,47.242,0.453,0.531
13434.36,47.242,0.453,0.531
13434.86,47.242,0.453,0.531
13435.37,47.408,0.453,0.531
13435.87,47.481,0.453,0.531
13436.38,47.598,0.453,0.531
13436.88,47.638,0.453,0.531
13437.38,47.639,0.453,0.531
13437.89,47.639,0.453,0.531
13438.4,47.639,0.453,0.531
13438.91,47.639,0.453,0.531
13439.42,47.639,0.453,0.531
13439.93,47.639,0.453,0.531
13440.44,47.639,0.453,0.531
13440.95,47.639,0.453,0.531
13441.46,47.716,0.453,0.531
13441.97,47.806,0.453,0.531
13442.47,47.863,0.453,0.531
13442.97,47.977,0.453,0.531
13443.48,48.04,0.453,0.531
13443.98,48.04,0.453,0.531
13444.49,48.04,0.453,0.531
13445.0,48.04,0.453,0.531
13445.51,48.04,0.453,0.531
13446.02,48.04,0.453,0.531
13446.53,48.04,0.453,0.531
13447.04,48.137,0.453,0.531
13447.54,48.249,0.453,0.531
13448.05,48.318,0.453,0.531
13448.55,48.427,0.453,0.531
13449.06,48.43,0.453,0.531
13449.57,48.431,0.453,0.531
13450.08,48.431,0.453,0.531
13450.58,48.431,0.453,0.531
13451.09,48.431,0.453,0.531
13451.6,48.431,0.453,0.531
13452.11,48.531,0.453,0.531
13452.62,48.631,0.453,0.531
13453.12,48.717,0.453,0.531
13453.63,48.778,0.453,0.531
13454.13,48.801,0.453,0.531
13454.64,48.801,0.453,0.531
13455.15,48.801,0.453,0.531
13455.65,48.801,0.453,0.531
13456.16,48.801,0.453,0.531
13456.67,48.801,0.453,0.531
13457.18,48.939,0.453,0.531
13457.68,48.99,0.453,0.531
13458.19,49.093,0.453,0.531
13458.69,49.164,0.453,0.531
13459.2,49.186,0.453,0.531
13459.71,49.186,0.453,0.531
13460.22,49.186,0.453,0.531
13460.72,49.186,0.453,0.531
13461.23,49.186,0.453,0.531
13461.74,49.186,0.453,0.531
13462.25,49.186,0.453,0.531
13462.76,49.303,0.453,0.531
13463.26,49.419,0.453,0.531
13463.77,49.5,0.453,0.531
13464.27,49.586,0.453,0.531
13464.77,49.588,0.453,0.531
13465.28,49.588,0.453,0.531
13465.79,49.588,0.453,0.531
13466.3,49.588,0.453,0.531
13466.81,49.588,0.453,0.531
13467.32,49.588,0.453,0.531
13467.83,49.588,0.453,0.531
13468.34,49.691,0.453,0.531
13468.84,49.808,0.453,0.531
13469.34,49.877,0.453,0.531
13469.85,49.982,0.453,0.531
13470.35,49.984,0.453,0.531
13470.86,49.984,0.453,0.531
13471.36,49.984,0.453,0.531
13471.87,49.984,0.453,0.531
13472.38,49.984,0.453,0.531
13472.89,49.984,0.453,0.531
13473.4,50.009,0.453,0.531
13473.9,50.157,0.453,0.531
13474.41,50.241,0.453,0.531
13474.91,50.335,0.453,0.531
13475.42,50.38,0.453,0.531
13475.92,50.38,0.453,0.531
13476.43,50.38,0.453,0.531
13476.94,50.38,0.453,0.531
13477.45,50.38,0.453,0.531
13477.96,50.38,0.453,0.531
13478.47,50.46,0.453,0.531
13478.97,50.52,0.453,0.531
13479.47,50.652,0.453,0.531
13479.98,50.715,0.453,0.531
13480.48,50.752,0.453,0.531
13480.99,50.752,0.453,0.531
13481.5,50.752,0.453,0.531
13482.01,50.752,0.453,0.531
13482.52,50.752,0.453,0.531
13483.03,50.752,0.453,0.531
13483.53,50.854,0.453,0.531
13484.04,50.927,0.453,0.531
13484.54,51.032,0.453,0.531
13485.05,51.101,0.453,0.531
13485.55,51.143,0.453,0.531
13486.06,51.143,0.453,0.531
13486.57,51.143,0.453,0.531
13487.08,51.143,0.453,0.531
13487.59,51.143,0.453,0.531
13488.1,51.143,0.453,0.531
13488.61,51.235,0.453,0.531
13489.12,51.306,0.453,0.531
13489.62,51.404,0.453,0.531
13490.13,51.504,0.453,0.531
13490.63,51.515,0.453,0.531
13491.14,51.516,0.453,0.531
13491.65,51.516,0.453,0.531
13492.16,51.516,0.453,0.531
13492.67,51.516,0.453,0.531
13493.18,51.516,0.453,0.531
13493.69,51.516,0.453,0.531
13494.19,51.634,0.453,0.531
13494.7,51.724,0.453,0.531
13495.2,51.821,0.453,0.531
13495.71,51.928,0.453,0.531
13496.21,51.929,0.453,0.531
13496.72,51.929,0.453,0.531
13497.23,51.929,0.453,0.531
13497.74,51.929,0.453,0.531
13498.25,51.929,0.453,0.531
13498.76,51.929,0.453,0.531
13499.27,51.929,0.453,0.531
13499.77,51.929,0.453,0.531
13500.28,52.022,0.453,0.531
13500.79,52.141,0.453,0.531
13501.29,52.262,0.453,0.531
13501.8,52.294,0.453,0.531
13502.31,52.294,0.453,0.531
13502.81,52.294,0.453,0.531
13503.32,52.294,0.453,0.531
13503.83,52.294,0.453,0.531
13504.33,52.294,0.453,0.531
13504.84,52.294,0.453,0.531
13505.35,52.475,0.453,0.531
13505.85,52.541,0.453,0.531
13506.36,52.651,0.453,0.531
13506.86,52.686,0.453,0.531
13507.37,52.69,0.453,0.531
13507.87,52.69,0.453,0.531
13508.38,52.69,0.453,0.531
13508.89,52.687,0.453,0.531
13509.39,52.687,0.453,0.531
13509.9,52.687,0.453,0.531
13510.41,52.841,0.453,0.531
13510.92,52.912,0.453,0.531
13511.42,53.033,0.453,0.531
13511.92,53.075,0.453,0.531
13512.43,53.075,0.453,0.531
13512.94,53.075,0.453,0.531
13513.45,53.075,0.453,0.531
13513.96,53.075,0.453,0.531
13514.46,53.075,0.453,0.531
13514.97,53.169,0.453,0.531
13515.48,53.177,0.453,0.531
13515.98,53.244,0.453,0.531
13516.49,53.369,0.453,0.531
13516.99,53.456,0.453,0.531
13517.5,53.459,0.453,0.531
13518.01,53.459,0.453,0.531
13518.52,53.459,0.453,0.531
13519.02,53.459,0.453,0.531
13519.53,53.459,0.453,0.531
13520.04,53.546,0.453,0.531
13520.54,53.557,0.453,0.531
13521.05,53.557,0.453,0.531
13521.55,53.686,0.453,0.531
13522.06,53.789,0.453,0.531
13522.56,53.83,0.453,0.531
13523.07,53.831,0.453,0.531
13523.58,53.831,0.453,0.531
13524.09,53.831,0.453,0.531
13524.6,53.831,0.453,0.531
13525.11,53.831,0.453,0.531
13525.62,53.944,0.453,0.531
13526.13,53.944,0.453,0.531
13526.63,54.004,0.453,0.531
13527.14,54.081,0.453,0.531
13527.64,54.196,0.453,0.531
13528.15,54.242,0.453,0.531
13528.65,54.241,0.453,0.531
13529.16,54.241,0.453,0.531
13529.67,54.241,0.453,0.531
13530.18,54.241,0.453,0.531
13530.69,54.241,0.453,0.531
13531.19,54.316,0.453,0.531
13531.7,54.332,0.453,0.531
13532.21,54.332,0.453,0.531
13532.72,54.448,0.453,0.531
13533.22,54.56,0.453,0.531
13533.72,54.604,0.453,0.531
13534.23,54.612,0.453,0.531
13534.73,54.612,0.453,0.531
13535.24,54.612,0.453,0.531
13535.75,54.612,0.453,0.531
13536.25,54.612,0.453,0.531
13536.76,54.715,0.453,0.531
13537.27,54.715,0.453,0.531
13537.77,54.778,0.453,0.531
13538.28,54.9,0.453,0.531
13538.78,54.966,0.453,0.531
13539.28,54.993,0.453,0.531
13539.79,54.994,0.453,0.531
13540.3,54.994,0.453,0.531
13540.8,54.994,0.453,0.531
13541.31,54.994,0.453,0.531
13541.82,54.994,0.453,0.531
13542.33,55.099,0.453,0.531
13542.83,55.099,0.453,0.531
13543.34,55.237,0.453,0.531
13543.84,55.346,0.453,0.531
13544.35,55.397,0.453,0.531
13544.85,55.397,0.453,0.531
13545.36,55.397,0.453,0.531
13545.87,55.397,0.453,0.531
13546.37,55.397,0.453,0.531
13546.88,55.397,0.453,0.531
13547.39,55.489,0.453,0.531
13547.9,55.494,0.453,0.531
13548.4,55.553,0.453,0.531
13548.9,55.669,0.453,0.531
13549.41,55.736,0.453,0.531
13549.91,55.777,0.453,0.531
13550.41,55.778,0.453,0.531
13550.92,55.778,0.453,0.531
13551.42,55.778,0.453,0.531
13551.93,55.778,0.453,0.531
13552.44,55.802,0.453,0.531
13552.95,55.88,0.453,0.531
13553.46,55.926,0.453,0.531
13553.96,56.002,0.453,0.531
13554.47,56.117,0.453,0.531
13554.97,56.162,0.453,0.531
13555.48,56.162,0.453,0.531
13555.98,56.162,0.453,0.531
13556.49,56.162,0.453,0.531
13557.0,56.162,0.453,0.531
13557.51,56.162,0.453,0.531
13558.02,56.247,0.453,0.531
13558.52,56.25,0.453,0.531
13559.03,56.32,0.453,0.531
13559.54,56.46,0.453,0.531
13560.04,56.533,0.453,0.531
13560.55,56.537,0.453,0.531
13561.06,56.537,0.453,0.531
13561.56,56.537,0.453,0.531
13562.07,56.537,0.453,0.531
13562.58,56.537,0.453,0.531
13563.09,56.598,0.453,0.531
13563.6,56.638,0.453,0.531
13564.1,56.717,0.453,0.531
13564.61,56.839,0.453,0.531
13565.11,56.925,0.453,0.531
13565.62,56.931,0.453,0.531
13566.12,56.931,0.453,0.531
13566.63,56.931,0.453,0.531
13567.14,56.931,0.453,0.531
13567.65,56.931,0.453,0.531
13568.16,56.931,0.453,0.531
13568.67,57.038,0.453,0.531
13569.17,57.038,0.453,0.531
13569.67,57.121,0.453,0.531
13570.18,57.235,0.453,0.531
13570.68,57.336,0.453,0.531
13571.19,57.337,0.453,0.531
13571.7,57.337,0.453,0.531
13572.21,57.337,0.453,0.531
13572.72,57.337,0.453,0.531
13573.22,57.337,0.453,0.531
13573.73,57.345,0.453,0.531
13574.24,57.422,0.453,0.531
13574.75,57.422,0.453,0.531
13575.25,57.482,0.453,0.531
13575.76,57.588,0.453,0.531
13576.27,57.723,0.453,0.531
13576.77,57.738,0.453,0.531
13577.28,57.738,0.453,0.531
13577.79,57.738,0.453,0.531
13578.29,57.738,0.453,0.531
13578.8,57.738,0.453,0.531
13579.3,57.84,0.453,0.531
13579.81,57.845,0.453,0.531
13580.31,57.957,0.453,0.531
13580.82,58.048,0.453,0.531
13581.32,58.145,0.453,0.531
13581.83,58.146,0.453,0.531
13582.34,58.146,0.453,0.531
13582.84,58.146,0.453,0.531
13583.35,58.146,0.453,0.531
13583.86,58.146,0.453,0.531
13584.37,58.235,0.453,0.531
13584.88,58.235,0.453,0.531
13585.38,58.3,0.453,0.531
13585.89,58.425,0.453,0.531
13586.39,58.527,0.453,0.531
13586.9,58.527,0.453,0.531
13587.41,58.527,0.453,0.531
13587.91,58.527,0.453,0.531
13588.42,58.527,0.453,0.531
13588.93,58.527,0.453,0.531
13589.43,58.628,0.453,0.531
13589.94,58.629,0.453,0.531
13590.44,58.689,0.453,0.531
13590.94,58.81,0.453,0.531
13591.45,58.924,0.453,0.531
13591.96,58.929,0.453,0.531
13592.46,58.929,0.453,0.531
13592.97,58.929,0.453,0.531
13593.48,58.929,0.453,0.531
13593.99,58.929,0.453,0.531
13594.49,58.929,0.453,0.531
13595.0,59.017,0.453,0.531
13595.51,59.064,0.453,0.531
13596.02,59.066,0.453,0.531
13596.53,59.066,0.453,0.531
13597.03,59.066,0.453,0.531
13597.54,59.112,0.453,0.531
13598.05,59.109,0.453,0.531
13598.56,59.109,0.453,0.531
13599.06,59.1,0.453,0.531
13599.57,59.15,0.453,0.531
13600.08,59.15,0.453,0.531
13600.59,59.15,0.453,0.531
13601.1,59.15,0.453,0.531
13601.61,59.253,0.453,0.531
13602.12,59.253,0.453,0.531
13602.62,59.253,0.453,0.531
13603.13,59.313,0.453,0.531
13603.64,59.308,0.453,0.531
13604.15,59.312,0.453,0.531
13604.66,59.312,0.453,0.531
13605.16,59.312,0.453,0.531
13605.67,59.312,0.453,0.531
13606.18,59.413,0.453,0.531
13606.69,59.413,0.453,0.531
13607.2,59.417,0.453,0.531
13607.71,59.459,0.453,0.531
13608.22,59.461,0.453,0.531
13608.72,59.461,0.453,0.531
13609.23,59.525,0.453,0.531
13609.74,59.643,0.453,0.531
13610.24,59.655,0.453,0.531
13610.75,59.696,0.453,0.531
13611.26,59.697,0.453,0.531
13611.76,59.697,0.453,0.531
13612.27,59.697,0.453,0.531
13612.78,59.697,0.453,0.531
13613.29,59.697,0.453,0.531
13613.8,59.754,0.453,0.531
13614.31,59.723,0.453,0.531
13614.82,59.723,0.453,0.531
13615.33,59.723,0.453,0.531
13615.84,59.723,0.453,0.531
13616.35,59.789,0.453,0.531
13616.86,59.793,0.453,0.531
13617.37,59.794,0.453,0.531
13617.88,59.794,0.453,0.531
13618.39,59.746,0.453,0.531
13618.9,59.812,0.453,0.531
13619.41,59.813,0.453,0.531
13619.92,59.73,0.453,0.531
13620.43,59.73,0.453,0.531
13620.93,59.79,0.453,0.531
13621.44,59.722,0.453,0.531
13621.95,59.722,0.453,0.531
13622.45,59.722,0.453,0.531
13622.96,59.77,0.453,0.531
13623.47,59.731,0.453,0.531
13623.98,59.732,0.453,0.531
13624.49,59.732,0.453,0.531
13625.0,59.732,0.453,0.531
13625.51,59.732,0.453,0.531
13626.02,59.732,0.453,0.531
13626.53,59.852,0.453,0.531
13627.03,59.852,0.453,0.531
13627.54,59.782,0.453,0.531
13628.05,59.782,0.453,0.531
13628.56,59.821,0.453,0.531
13629.07,59.823,0.453,0.531
13629.58,59.823,0.453,0.531
13630.09,59.823,0.453,0.531
13630.59,59.969,0.453,0.531
13631.1,60.057,0.453,0.531
13631.61,60.059,0.453,0.531
13632.12,60.06,0.453,0.531
13632.63,60.06,0.453,0.531
13633.14,60.06,0.453,0.531
13633.65,60.06,0.453,0.531
13634.16,60.163,0.453,0.531
13634.66,60.163,0.453,0.531
13635.17,60.163,0.453,0.531
13635.68,60.163,0.453,0.531
13636.19,60.216,0.453,0.531
13636.7,60.216,0.453,0.531
13637.2,60.29,0.453,0.531
13637.71,60.424,0.453,0.531
13638.21,60.456,0.453,0.531
13638.72,60.456,0.453,0.531
13639.22,60.456,0.453,0.531
13639.73,60.456,0.453,0.531
13640.24,60.456,0.453,0.531
13640.75,60.456,0.453,0.531
13641.26,60.461,0.453,0.531
13641.77,60.514,0.453,0.531
13642.27,60.515,0.453,0.531
13642.78,60.516,0.453,0.531
13643.29,60.516,0.453,0.531
13643.79,60.516,0.453,0.531
13644.3,60.569,0.453,0.531
13644.81,60.569,0.453,0.531
13645.31,60.569,0.453,0.531
13645.82,60.576,0.453,0.531
13646.32,60.69,0.453,0.531
13646.83,60.69,0.453,0.531
13647.34,60.717,0.453,0.531
13647.84,60.717,0.453,0.531
13648.35,60.717,0.453,0.531
13648.86,60.717,0.453,0.531
13649.36,60.807,0.453,0.531
13649.87,60.807,0.453,0.531
13650.38,60.807,0.453,0.531
13650.88,60.868,0.453,0.531
13651.39,60.868,0.453,0.531
13651.9,60.868,0.453,0.531
13652.41,60.868,0.453,0.531
13652.91,60.816,0.453,0.531
13653.42,60.816,0.453,0.531
13653.93,60.881,0.453,0.531
13654.44,60.881,0.453,0.531
13654.95,60.882,0.453,0.531
13655.46,60.882,0.453,0.531
13655.97,60.882,0.453,0.531
13656.47,60.947,0.453,0.531
13656.98,60.913,0.453,0.531
13657.49,60.914,0.453,0.531
13658.0,60.914,0.453,0.531
13658.51,60.914,0.453,0.531
13659.02,60.958,0.453,0.531
13659.53,60.959,0.453,0.531
13660.04,60.959,0.453,0.531
13660.55,60.959,0.453,0.531
13661.06,60.975,0.453,0.531
13661.56,60.912,0.453,0.531
13662.07,60.912,0.453,0.531
13662.58,60.912,0.453,0.531
13663.09,60.912,0.453,0.531
13663.59,61.011,0.453,0.531
13664.1,60.944,0.453,0.531
13664.61,60.944,0.453,0.531
13665.12,60.833,0.453,0.531
13665.63,60.833,0.453,0.531
13666.14,60.833,0.453,0.531
13666.64,60.834,0.453,0.531
13667.15,60.834,0.453,0.531
13667.66,60.834,0.453,0.531
13668.18,60.774,0.453,0.531
13668.69,60.774,0.453,0.531
13669.2,60.82,0.453,0.531
13669.7,60.822,0.453,0.531
13670.21,60.822,0.453,0.531
13670.72,60.943,0.453,0.531
13671.23,60.943,0.453,0.531
13671.73,60.985,0.453,0.531
13672.24,60.995,0.453,0.531
13672.75,60.966,0.453,0.531
13673.26,60.967,0.453,0.531
13673.77,60.967,0.453,0.531
13674.28,61.015,0.453,0.531
13674.78,61.017,0.453,0.531
13675.29,60.968,0.453,0.531
13675.8,60.947,0.453,0.531
13676.31,60.947,0.453,0.531
13676.82,60.91,0.453,0.531
13677.32,60.933,0.453,0.531
13677.83,60.941,0.453,0.531
13678.34,60.861,0.453,0.531
13678.84,60.861,0.453,0.531
13679.35,60.861,0.453,0.531
13679.86,60.885,0.453,0.531
13680.37,60.945,0.453,0.531
13680.88,60.946,0.453,0.531
13681.4,61.019,0.453,0.531
13681.9,61.019,0.453,0.531
13682.41,61.047,0.453,0.531
13682.92,61.048,0.453,0.531
13683.42,61.048,0.453,0.531
13683.93,61.048,0.453,0.531
13684.44,61.126,0.453,0.531
13684.95,60.911,0.453,0.531
13685.45,60.508,0.453,0.531
13685.96,60.343,0.453,0.531
13686.46,60.167,0.453,0.531
13686.97,59.926,0.453,0.531
13687.48,59.707,0.453,0.531
13687.98,59.552,0.453,0.531
13688.49,59.27,0.453,0.531
13689.0,59.028,0.453,0.531
13689.5,58.777,0.453,0.531
13690.01,58.808,0.453,0.531
13690.52,58.82,0.453,0.531
13691.02,58.887,0.453,0.531
13691.53,58.896,0.453,0.531
13692.03,58.99,0.453,0.531
13692.54,59.07,0.453,0.531
13693.04,59.124,0.453,0.531
13693.55,59.124,0.453,0.531
13694.05,59.124,0.453,0.531
13694.56,59.124,0.453,0.531
13695.07,59.124,0.453,0.531
13695.58,59.125,0.453,0.531
13696.09,59.125,0.453,0.531
13696.59,59.243,0.453,0.531
13697.1,59.243,0.453,0.531
13697.61,59.312,0.453,0.531
13698.11,59.438,0.453,0.531
13698.62,59.525,0.453,0.531
13699.13,59.53,0.453,0.531
13699.63,59.53,0.453,0.531
13700.14,59.53,0.453,0.531
13700.65,59.53,0.453,0.531
13701.16,59.53,0.453,0.531
13701.67,59.633,0.453,0.531
13702.17,59.634,0.453,0.531
13702.69,59.748,0.453,0.531
13703.19,59.9,0.453,0.531
13703.69,59.919,0.453,0.531
13704.2,59.92,0.453,0.531
13704.71,59.92,0.453,0.531
13705.22,59.92,0.453,0.531
13705.73,59.92,0.453,0.531
13706.24,59.92,0.453,0.531
13706.74,60.032,0.453,0.531
13707.25,60.032,0.453,0.531
13707.76,60.165,0.453,0.531
13708.26,60.281,0.453,0.531
13708.77,60.322,0.453,0.531
13709.27,60.323,0.453,0.531
13709.78,60.323,0.453,0.531
13710.29,60.323,0.453,0.531
13710.8,60.323,0.453,0.531
13711.31,60.323,0.453,0.531
13711.82,60.434,0.453,0.531
13712.33,60.441,0.453,0.531
13712.84,60.538,0.453,0.531
13713.35,60.589,0.453,0.531
13713.86,60.716,0.453,0.531
13714.37,60.724,0.453,0.531
13714.88,60.724,0.453,0.531
13715.39,60.724,0.453,0.531
13715.9,60.724,0.453,0.531
13716.41,60.796,0.453,0.531
13716.92,60.795,0.453,0.531
13717.43,60.851,0.453,0.531
13717.93,60.851,0.453,0.531
13718.44,60.851,0.453,0.531
13718.95,60.862,0.453,0.531
13719.46,60.864,0.453,0.531
13719.97,60.866,0.453,0.531
13720.48,60.866,0.453,0.531
13720.98,60.866,0.453,0.531
13721.49,60.866,0.453,0.531
13722.0,60.866,0.453,0.531
13722.51,60.866,0.453,0.531
13723.02,60.87,0.453,0.531
13723.53,60.871,0.453,0.531
13724.04,60.876,0.453,0.531
13724.55,60.816,0.453,0.531
13725.06,60.816,0.453,0.531
13725.57,60.816,0.453,0.531
13726.08,60.869,0.453,0.531
13726.58,60.872,0.453,0.531
13727.09,60.872,0.453,0.531
13727.6,60.801,0.453,0.531
13728.1,60.801,0.453,0.531
13728.61,60.855,0.453,0.531
13729.12,60.855,0.453,0.531
13729.63,60.799,0.453,0.531
13730.14,60.799,0.453,0.531
13730.65,60.799,0.453,0.531
13731.16,60.851,0.453,0.531
13731.67,60.822,0.453,0.531
13732.17,60.822,0.453,0.531
13732.68,60.822,0.453,0.531
13733.19,60.822,0.453,0.531
13733.7,60.845,0.453,0.531
13734.21,60.846,0.453,0.531
13734.72,60.846,0.453,0.531
13735.23,60.846,0.453,0.531
13735.74,60.874,0.453,0.531
13736.25,60.874,0.453,0.531
13736.76,60.874,0.453,0.531
13737.27,60.877,0.453,0.531
13737.78,60.897,0.453,0.531
13738.29,60.635,0.453,0.531
13738.79,60.635,0.453,0.531
13739.3,60.685,0.453,0.531
13739.82,60.735,0.453,0.531
13740.32,60.783,0.453,0.531
13740.84,60.828,0.453,0.531
13741.35,60.833,0.453,0.531
13741.85,60.717,0.453,0.531
13742.37,60.321,0.453,0.531
13742.88,59.802,0.453,0.531
13743.39,59.308,0.453,0.531
13743.9,58.812,0.453,0.531
13744.41,58.462,0.453,0.531
13744.92,58.5,0.453,0.531
13745.43,58.538,0.453,0.531
13745.94,58.577,0.453,0.531
13746.45,58.616,0.453,0.531
13746.96,58.655,0.453,0.531
13747.47,58.695,0.453,0.531
13747.98,58.733,0.453,0.531
13748.48,58.772,0.453,0.531
13748.99,58.812,0.453,0.531
13749.5,58.852,0.453,0.531
13750.01,58.891,0.453,0.531
13750.52,58.932,0.453,0.531
13751.03,58.972,0.453,0.531
13751.54,59.012,0.453,0.531
13752.05,59.051,0.453,0.531
13752.55,59.091,0.453,0.531
13753.06,59.132,0.453,0.531
13753.57,59.174,0.453,0.531
13754.08,59.215,0.453,0.531
13754.59,59.253,0.453,0.531
13755.1,59.293,0.453,0.531
13755.61,59.329,0.453,0.531
13756.12,59.359,0.453,0.531
13756.63,59.388,0.453,0.531
13757.14,59.398,0.453,0.531
13757.64,59.419,0.453,0.531
13758.15,59.437,0.453,0.531
13758.66,58.941,0.453,0.531
13759.17,58.9,0.453,0.531
13759.68,58.914,0.453,0.531
13760.19,58.929,0.453,0.531
13760.7,58.942,0.453,0.531
13761.21,57.774,0.453,0.531
13762.24,47.985,0.309,0.531
