2026-07-26 13:16:03,970 - hybrid_pipeline - INFO - 批次處理開始 — run_id=989e57ff, config_hash=3d1087f2
[perf_measure] skip wrap: hybrid_pipeline.segment_masked_dish not found
2026-07-26 13:16:06,607 - unet_inference - INFO - 成功載入權重: /data/taro_Projects/tsgh/backend/algorithms/hybrid/models/unet/b4/best_model_unet_b4.pth
2026-07-26 13:16:06,609 - unet_inference - INFO - 成功載入權重: /data/taro_Projects/tsgh/backend/algorithms/hybrid/models/unet/b4/best_model_unet_b4.pth
2026-07-26 13:16:06,618 - unet_inference - INFO - 成功載入權重: /data/taro_Projects/tsgh/backend/algorithms/hybrid/models/unet/b4/best_model_unet_b4.pth
2026-07-26 13:16:06,618 - unet_inference - INFO - 成功載入權重: /data/taro_Projects/tsgh/backend/algorithms/hybrid/models/unet/b4/best_model_unet_b4.pth
2026-07-26 13:16:06,740 - unet_inference - INFO - 模型載入完成，設備: cuda
2026-07-26 13:16:06,770 - unet_inference - INFO - 模型載入完成，設備: cuda
2026-07-26 13:16:06,781 - unet_inference - INFO - 模型載入完成，設備: cuda
2026-07-26 13:16:06,781 - unet_inference - INFO - 模型載入完成，設備: cuda
2026-07-26 13:16:07,012 - cellpose.core - INFO - ** TORCH CUDA version installed and working. **
2026-07-26 13:16:07,012 - cellpose.core - INFO - >>>> using GPU (CUDA)
2026-07-26 13:16:07,021 - dinov3 - INFO - using base=100 for rope new
2026-07-26 13:16:07,021 - dinov3 - INFO - using min_period=None for rope new
2026-07-26 13:16:07,021 - dinov3 - INFO - using max_period=None for rope new
2026-07-26 13:16:07,021 - dinov3 - INFO - using normalize_coords=separate for rope new
2026-07-26 13:16:07,021 - dinov3 - INFO - using shift_coords=None for rope new
2026-07-26 13:16:07,021 - dinov3 - INFO - using rescale_coords=2 for rope new
2026-07-26 13:16:07,021 - dinov3 - INFO - using jitter_coords=None for rope new
2026-07-26 13:16:07,021 - dinov3 - INFO - using dtype=fp32 for rope new
2026-07-26 13:16:07,021 - dinov3 - INFO - using mlp layer as FFN
2026-07-26 13:16:07,039 - cellpose.core - INFO - ** TORCH CUDA version installed and working. **
2026-07-26 13:16:07,039 - cellpose.core - INFO - >>>> using GPU (CUDA)
2026-07-26 13:16:07,044 - cellpose.core - INFO - ** TORCH CUDA version installed and working. **
2026-07-26 13:16:07,044 - cellpose.core - INFO - >>>> using GPU (CUDA)
2026-07-26 13:16:07,044 - cellpose.core - INFO - ** TORCH CUDA version installed and working. **
2026-07-26 13:16:07,045 - cellpose.core - INFO - >>>> using GPU (CUDA)
2026-07-26 13:16:07,049 - dinov3 - INFO - using base=100 for rope new
2026-07-26 13:16:07,049 - dinov3 - INFO - using min_period=None for rope new
2026-07-26 13:16:07,049 - dinov3 - INFO - using max_period=None for rope new
2026-07-26 13:16:07,049 - dinov3 - INFO - using normalize_coords=separate for rope new
2026-07-26 13:16:07,049 - dinov3 - INFO - using shift_coords=None for rope new
2026-07-26 13:16:07,049 - dinov3 - INFO - using rescale_coords=2 for rope new
2026-07-26 13:16:07,049 - dinov3 - INFO - using jitter_coords=None for rope new
2026-07-26 13:16:07,049 - dinov3 - INFO - using dtype=fp32 for rope new
2026-07-26 13:16:07,049 - dinov3 - INFO - using mlp layer as FFN
2026-07-26 13:16:07,054 - dinov3 - INFO - using base=100 for rope new
2026-07-26 13:16:07,054 - dinov3 - INFO - using min_period=None for rope new
2026-07-26 13:16:07,054 - dinov3 - INFO - using max_period=None for rope new
2026-07-26 13:16:07,054 - dinov3 - INFO - using base=100 for rope new
2026-07-26 13:16:07,054 - dinov3 - INFO - using normalize_coords=separate for rope new
2026-07-26 13:16:07,054 - dinov3 - INFO - using min_period=None for rope new
2026-07-26 13:16:07,054 - dinov3 - INFO - using shift_coords=None for rope new
2026-07-26 13:16:07,054 - dinov3 - INFO - using max_period=None for rope new
2026-07-26 13:16:07,054 - dinov3 - INFO - using rescale_coords=2 for rope new
2026-07-26 13:16:07,054 - dinov3 - INFO - using jitter_coords=None for rope new
2026-07-26 13:16:07,054 - dinov3 - INFO - using dtype=fp32 for rope new
2026-07-26 13:16:07,054 - dinov3 - INFO - using normalize_coords=separate for rope new
2026-07-26 13:16:07,054 - dinov3 - INFO - using shift_coords=None for rope new
2026-07-26 13:16:07,054 - dinov3 - INFO - using rescale_coords=2 for rope new
2026-07-26 13:16:07,054 - dinov3 - INFO - using jitter_coords=None for rope new
2026-07-26 13:16:07,054 - dinov3 - INFO - using dtype=fp32 for rope new
2026-07-26 13:16:07,054 - dinov3 - INFO - using mlp layer as FFN
2026-07-26 13:16:07,054 - dinov3 - INFO - using mlp layer as FFN
2026-07-26 13:16:07,499 - cellpose.models - INFO - >>>> loading model /data/taro_Projects/tsgh/backend/algorithms/hybrid/models/cellpose/cellpose_ihc_dish_best
2026-07-26 13:16:07,557 - cellpose.models - INFO - >>>> loading model /data/taro_Projects/tsgh/backend/algorithms/hybrid/models/cellpose/cellpose_ihc_dish_best
2026-07-26 13:16:07,565 - cellpose.models - INFO - >>>> loading model /data/taro_Projects/tsgh/backend/algorithms/hybrid/models/cellpose/cellpose_ihc_dish_best
2026-07-26 13:16:07,565 - cellpose.models - INFO - >>>> loading model /data/taro_Projects/tsgh/backend/algorithms/hybrid/models/cellpose/cellpose_ihc_dish_best
2026-07-26 13:16:07,607 - m2_segmentation - INFO - Cellpose 模型載入完成: cellpose_ihc_dish_best (diameter=None)
2026-07-26 13:16:07,607 - cellpose.core - INFO - ** TORCH CUDA version installed and working. **
2026-07-26 13:16:07,607 - cellpose.core - INFO - >>>> using GPU (CUDA)
2026-07-26 13:16:07,617 - dinov3 - INFO - using base=100 for rope new
2026-07-26 13:16:07,617 - dinov3 - INFO - using min_period=None for rope new
2026-07-26 13:16:07,617 - dinov3 - INFO - using max_period=None for rope new
2026-07-26 13:16:07,617 - dinov3 - INFO - using normalize_coords=separate for rope new
2026-07-26 13:16:07,617 - dinov3 - INFO - using shift_coords=None for rope new
2026-07-26 13:16:07,617 - dinov3 - INFO - using rescale_coords=2 for rope new
2026-07-26 13:16:07,617 - dinov3 - INFO - using jitter_coords=None for rope new
2026-07-26 13:16:07,617 - dinov3 - INFO - using dtype=fp32 for rope new
2026-07-26 13:16:07,617 - dinov3 - INFO - using mlp layer as FFN
2026-07-26 13:16:07,664 - m2_segmentation - INFO - Cellpose 模型載入完成: cellpose_ihc_dish_best (diameter=None)
2026-07-26 13:16:07,664 - cellpose.core - INFO - ** TORCH CUDA version installed and working. **
2026-07-26 13:16:07,664 - cellpose.core - INFO - >>>> using GPU (CUDA)
2026-07-26 13:16:07,673 - dinov3 - INFO - using base=100 for rope new
2026-07-26 13:16:07,673 - dinov3 - INFO - using min_period=None for rope new
2026-07-26 13:16:07,673 - dinov3 - INFO - using max_period=None for rope new
2026-07-26 13:16:07,673 - dinov3 - INFO - using normalize_coords=separate for rope new
2026-07-26 13:16:07,673 - dinov3 - INFO - using shift_coords=None for rope new
2026-07-26 13:16:07,673 - dinov3 - INFO - using rescale_coords=2 for rope new
2026-07-26 13:16:07,673 - dinov3 - INFO - using jitter_coords=None for rope new
2026-07-26 13:16:07,673 - dinov3 - INFO - using dtype=fp32 for rope new
2026-07-26 13:16:07,673 - dinov3 - INFO - using mlp layer as FFN
2026-07-26 13:16:07,678 - m2_segmentation - INFO - Cellpose 模型載入完成: cellpose_ihc_dish_best (diameter=None)
2026-07-26 13:16:07,678 - cellpose.core - INFO - ** TORCH CUDA version installed and working. **
2026-07-26 13:16:07,678 - cellpose.core - INFO - >>>> using GPU (CUDA)
2026-07-26 13:16:07,679 - m2_segmentation - INFO - Cellpose 模型載入完成: cellpose_ihc_dish_best (diameter=None)
2026-07-26 13:16:07,679 - cellpose.core - INFO - ** TORCH CUDA version installed and working. **
2026-07-26 13:16:07,679 - cellpose.core - INFO - >>>> using GPU (CUDA)
2026-07-26 13:16:07,686 - dinov3 - INFO - using base=100 for rope new
2026-07-26 13:16:07,686 - dinov3 - INFO - using min_period=None for rope new
2026-07-26 13:16:07,686 - dinov3 - INFO - using max_period=None for rope new
2026-07-26 13:16:07,686 - dinov3 - INFO - using normalize_coords=separate for rope new
2026-07-26 13:16:07,686 - dinov3 - INFO - using shift_coords=None for rope new
2026-07-26 13:16:07,686 - dinov3 - INFO - using rescale_coords=2 for rope new
2026-07-26 13:16:07,686 - dinov3 - INFO - using jitter_coords=None for rope new
2026-07-26 13:16:07,686 - dinov3 - INFO - using dtype=fp32 for rope new
2026-07-26 13:16:07,686 - dinov3 - INFO - using mlp layer as FFN
2026-07-26 13:16:07,687 - dinov3 - INFO - using base=100 for rope new
2026-07-26 13:16:07,687 - dinov3 - INFO - using min_period=None for rope new
2026-07-26 13:16:07,687 - dinov3 - INFO - using max_period=None for rope new
2026-07-26 13:16:07,687 - dinov3 - INFO - using normalize_coords=separate for rope new
2026-07-26 13:16:07,687 - dinov3 - INFO - using shift_coords=None for rope new
2026-07-26 13:16:07,687 - dinov3 - INFO - using rescale_coords=2 for rope new
2026-07-26 13:16:07,687 - dinov3 - INFO - using jitter_coords=None for rope new
2026-07-26 13:16:07,687 - dinov3 - INFO - using dtype=fp32 for rope new
2026-07-26 13:16:07,687 - dinov3 - INFO - using mlp layer as FFN
2026-07-26 13:16:08,072 - cellpose.models - INFO - >>>> loading model /data/taro_Projects/tsgh/backend/algorithms/hybrid/models/cellpose/cellpose_dish_best
2026-07-26 13:16:08,151 - m2_segmentation - INFO - Cellpose 模型載入完成: cellpose_dish_best (diameter=None)
2026-07-26 13:16:08,177 - cellpose.models - INFO - >>>> loading model /data/taro_Projects/tsgh/backend/algorithms/hybrid/models/cellpose/cellpose_dish_best
2026-07-26 13:16:08,197 - cellpose.models - INFO - >>>> loading model /data/taro_Projects/tsgh/backend/algorithms/hybrid/models/cellpose/cellpose_dish_best
2026-07-26 13:16:08,202 - cellpose.models - INFO - >>>> loading model /data/taro_Projects/tsgh/backend/algorithms/hybrid/models/cellpose/cellpose_dish_best
2026-07-26 13:16:08,262 - m2_segmentation - INFO - Cellpose 模型載入完成: cellpose_dish_best (diameter=None)
2026-07-26 13:16:08,289 - m2_segmentation - INFO - Cellpose 模型載入完成: cellpose_dish_best (diameter=None)
2026-07-26 13:16:08,291 - m2_segmentation - INFO - Cellpose 模型載入完成: cellpose_dish_best (diameter=None)
2026-07-26 13:16:08,292 - hybrid_pipeline - INFO - 4 個 worker 模型載入完成，耗時 4.32 秒（平行）
2026-07-26 13:16:10,139 - hybrid_pipeline - INFO - Tile tile_x4608_y0: 核心遮罩全空 → 空白 placeholder
2026-07-26 13:16:10,177 - hybrid_pipeline - INFO - [1/576] 已回收 tile_x4608_y0
2026-07-26 13:16:10,206 - hybrid_pipeline - INFO - Tile tile_x2304_y0: 核心遮罩全空 → 空白 placeholder
2026-07-26 13:16:10,249 - hybrid_pipeline - INFO - [2/576] 已回收 tile_x2304_y0
2026-07-26 13:16:10,277 - hybrid_pipeline - INFO - Tile tile_x1536_y0: 核心遮罩全空 → 空白 placeholder
2026-07-26 13:16:10,318 - hybrid_pipeline - INFO - [3/576] 已回收 tile_x1536_y0
2026-07-26 13:16:10,347 - hybrid_pipeline - INFO - Tile tile_x0_y0: 核心遮罩全空 → 空白 placeholder
2026-07-26 13:16:10,376 - hybrid_pipeline - INFO - Tile tile_x3840_y0: 核心遮罩全空 → 空白 placeholder
2026-07-26 13:16:10,381 - hybrid_pipeline - INFO - [4/576] 已回收 tile_x0_y0
2026-07-26 13:16:10,399 - hybrid_pipeline - INFO - [5/576] 已回收 tile_x3840_y0
2026-07-26 13:16:10,409 - hybrid_pipeline - INFO - Tile tile_x768_y0: 核心遮罩全空 → 空白 placeholder
2026-07-26 13:16:10,431 - hybrid_pipeline - INFO - Tile tile_x7680_y0: 核心遮罩全空 → 空白 placeholder
2026-07-26 13:16:10,434 - hybrid_pipeline - INFO - [6/576] 已回收 tile_x768_y0
2026-07-26 13:16:10,456 - hybrid_pipeline - INFO - [7/576] 已回收 tile_x7680_y0
2026-07-26 13:16:10,464 - hybrid_pipeline - INFO - Tile tile_x6144_y0: 核心遮罩全空 → 空白 placeholder
2026-07-26 13:16:10,485 - hybrid_pipeline - INFO - Tile tile_x6912_y0: 核心遮罩全空 → 空白 placeholder
2026-07-26 13:16:10,495 - hybrid_pipeline - INFO - [8/576] 已回收 tile_x6144_y0
2026-07-26 13:16:10,513 - hybrid_pipeline - INFO - [9/576] 已回收 tile_x6912_y0
2026-07-26 13:16:10,524 - hybrid_pipeline - INFO - Tile tile_x9984_y0: 核心遮罩全空 → 空白 placeholder
2026-07-26 13:16:10,542 - hybrid_pipeline - INFO - Tile tile_x8448_y0: 核心遮罩全空 → 空白 placeholder
2026-07-26 13:16:10,549 - hybrid_pipeline - INFO - [10/576] 已回收 tile_x9984_y0
2026-07-26 13:16:10,572 - hybrid_pipeline - INFO - Tile tile_x5376_y0: 核心遮罩全空 → 空白 placeholder
2026-07-26 13:16:10,577 - hybrid_pipeline - INFO - Tile tile_x9216_y0: 核心遮罩全空 → 空白 placeholder
2026-07-26 13:16:10,579 - hybrid_pipeline - INFO - [11/576] 已回收 tile_x8448_y0
2026-07-26 13:16:10,581 - hybrid_pipeline - INFO - Tile tile_x3072_y0: 核心遮罩全空 → 空白 placeholder
2026-07-26 13:16:10,608 - hybrid_pipeline - INFO - Tile tile_x10752_y0: 核心遮罩全空 → 空白 placeholder
2026-07-26 13:16:10,610 - hybrid_pipeline - INFO - [12/576] 已回收 tile_x5376_y0
2026-07-26 13:16:10,624 - hybrid_pipeline - INFO - [13/576] 已回收 tile_x3072_y0
2026-07-26 13:16:10,639 - hybrid_pipeline - INFO - [14/576] 已回收 tile_x9216_y0
2026-07-26 13:16:10,639 - hybrid_pipeline - INFO - Tile tile_x11520_y0: 核心遮罩全空 → 空白 placeholder
2026-07-26 13:16:10,653 - hybrid_pipeline - INFO - Tile tile_x12288_y0: 核心遮罩全空 → 空白 placeholder
2026-07-26 13:16:10,659 - hybrid_pipeline - INFO - [15/576] 已回收 tile_x10752_y0
2026-07-26 13:16:10,663 - hybrid_pipeline - INFO - Tile tile_x14592_y0: 核心遮罩全空 → 空白 placeholder
2026-07-26 13:16:10,686 - hybrid_pipeline - INFO - [16/576] 已回收 tile_x11520_y0
2026-07-26 13:16:10,692 - hybrid_pipeline - INFO - Tile tile_x13056_y0: 核心遮罩全空 → 空白 placeholder
2026-07-26 13:16:10,706 - hybrid_pipeline - INFO - [17/576] 已回收 tile_x12288_y0
2026-07-26 13:16:10,715 - hybrid_pipeline - INFO - Tile tile_x15360_y0: 核心遮罩全空 → 空白 placeholder
2026-07-26 13:16:10,722 - hybrid_pipeline - INFO - [18/576] 已回收 tile_x14592_y0
2026-07-26 13:16:10,736 - hybrid_pipeline - INFO - Tile tile_x13824_y0: 核心遮罩全空 → 空白 placeholder
2026-07-26 13:16:10,744 - hybrid_pipeline - INFO - [19/576] 已回收 tile_x13056_y0
2026-07-26 13:16:10,750 - hybrid_pipeline - INFO - Tile tile_x16128_y0: 核心遮罩全空 → 空白 placeholder
2026-07-26 13:16:10,767 - hybrid_pipeline - INFO - [20/576] 已回收 tile_x15360_y0
2026-07-26 13:16:10,772 - hybrid_pipeline - INFO - Tile tile_x16896_y0: 核心遮罩全空 → 空白 placeholder
2026-07-26 13:16:10,787 - hybrid_pipeline - INFO - [21/576] 已回收 tile_x13824_y0
2026-07-26 13:16:10,795 - hybrid_pipeline - INFO - Tile tile_x17664_y0: 核心遮罩全空 → 空白 placeholder
2026-07-26 13:16:10,803 - hybrid_pipeline - INFO - [22/576] 已回收 tile_x16128_y0
2026-07-26 13:16:10,820 - hybrid_pipeline - INFO - Tile tile_x768_y768: 核心遮罩全空 → 空白 placeholder
2026-07-26 13:16:10,823 - hybrid_pipeline - INFO - [23/576] 已回收 tile_x16896_y0
2026-07-26 13:16:10,830 - hybrid_pipeline - INFO - Tile tile_x0_y768: 核心遮罩全空 → 空白 placeholder
2026-07-26 13:16:10,842 - hybrid_pipeline - INFO - [24/576] 已回收 tile_x17664_y0
2026-07-26 13:16:10,847 - hybrid_pipeline - INFO - Tile tile_x1536_y768: 核心遮罩全空 → 空白 placeholder
2026-07-26 13:16:10,869 - hybrid_pipeline - INFO - Tile tile_x4608_y768: 核心遮罩全空 → 空白 placeholder
2026-07-26 13:16:10,880 - hybrid_pipeline - INFO - [25/576] 已回收 tile_x768_y768
2026-07-26 13:16:10,889 - hybrid_pipeline - INFO - [26/576] 已回收 tile_x0_y768
2026-07-26 13:16:10,901 - hybrid_pipeline - INFO - [27/576] 已回收 tile_x1536_y768
2026-07-26 13:16:10,908 - hybrid_pipeline - INFO - Tile tile_x2304_y768: 核心遮罩全空 → 空白 placeholder
2026-07-26 13:16:10,917 - hybrid_pipeline - INFO - [28/576] 已回收 tile_x4608_y768
2026-07-26 13:16:10,917 - hybrid_pipeline - INFO - Tile tile_x3072_y768: 核心遮罩全空 → 空白 placeholder
2026-07-26 13:16:10,930 - hybrid_pipeline - INFO - Tile tile_x3840_y768: 核心遮罩全空 → 空白 placeholder
2026-07-26 13:16:10,947 - hybrid_pipeline - INFO - Tile tile_x5376_y768: 核心遮罩全空 → 空白 placeholder
2026-07-26 13:16:10,959 - hybrid_pipeline - INFO - [29/576] 已回收 tile_x2304_y768
2026-07-26 13:16:10,976 - hybrid_pipeline - INFO - [30/576] 已回收 tile_x3072_y768
2026-07-26 13:16:10,984 - hybrid_pipeline - INFO - [31/576] 已回收 tile_x3840_y768
2026-07-26 13:16:10,988 - hybrid_pipeline - INFO - Tile tile_x6912_y768: 核心遮罩全空 → 空白 placeholder
2026-07-26 13:16:10,998 - hybrid_pipeline - INFO - [32/576] 已回收 tile_x5376_y768
2026-07-26 13:16:11,005 - hybrid_pipeline - INFO - Tile tile_x6144_y768: 核心遮罩全空 → 空白 placeholder
2026-07-26 13:16:11,013 - hybrid_pipeline - INFO - Tile tile_x7680_y768: 核心遮罩全空 → 空白 placeholder
2026-07-26 13:16:11,026 - hybrid_pipeline - INFO - Tile tile_x8448_y768: 核心遮罩全空 → 空白 placeholder
2026-07-26 13:16:11,037 - hybrid_pipeline - INFO - [33/576] 已回收 tile_x6912_y768
2026-07-26 13:16:11,060 - hybrid_pipeline - INFO - [34/576] 已回收 tile_x6144_y768
2026-07-26 13:16:11,065 - hybrid_pipeline - INFO - Tile tile_x9216_y768: 核心遮罩全空 → 空白 placeholder
2026-07-26 13:16:11,072 - hybrid_pipeline - INFO - [35/576] 已回收 tile_x7680_y768
2026-07-26 13:16:11,082 - hybrid_pipeline - INFO - [36/576] 已回收 tile_x8448_y768
2026-07-26 13:16:11,089 - hybrid_pipeline - INFO - Tile tile_x10752_y768: 核心遮罩全空 → 空白 placeholder
2026-07-26 13:16:11,101 - hybrid_pipeline - INFO - Tile tile_x9984_y768: 核心遮罩全空 → 空白 placeholder
2026-07-26 13:16:11,107 - hybrid_pipeline - INFO - Tile tile_x11520_y768: 核心遮罩全空 → 空白 placeholder
2026-07-26 13:16:11,113 - hybrid_pipeline - INFO - [37/576] 已回收 tile_x9216_y768
2026-07-26 13:16:11,140 - hybrid_pipeline - INFO - Tile tile_x13056_y768: 核心遮罩全空 → 空白 placeholder
2026-07-26 13:16:11,145 - hybrid_pipeline - INFO - [38/576] 已回收 tile_x10752_y768
2026-07-26 13:16:11,156 - hybrid_pipeline - INFO - [39/576] 已回收 tile_x9984_y768
2026-07-26 13:16:11,166 - hybrid_pipeline - INFO - [40/576] 已回收 tile_x11520_y768
2026-07-26 13:16:11,174 - hybrid_pipeline - INFO - Tile tile_x12288_y768: 核心遮罩全空 → 空白 placeholder
2026-07-26 13:16:11,184 - hybrid_pipeline - INFO - Tile tile_x13824_y768: 核心遮罩全空 → 空白 placeholder
2026-07-26 13:16:11,186 - hybrid_pipeline - INFO - [41/576] 已回收 tile_x13056_y768
2026-07-26 13:16:11,195 - hybrid_pipeline - INFO - Tile tile_x14592_y768: 核心遮罩全空 → 空白 placeholder
2026-07-26 13:16:11,213 - hybrid_pipeline - INFO - Tile tile_x15360_y768: 核心遮罩全空 → 空白 placeholder
2026-07-26 13:16:11,228 - hybrid_pipeline - INFO - [42/576] 已回收 tile_x12288_y768
2026-07-26 13:16:11,245 - hybrid_pipeline - INFO - [43/576] 已回收 tile_x13824_y768
2026-07-26 13:16:11,251 - hybrid_pipeline - INFO - [44/576] 已回收 tile_x14592_y768
2026-07-26 13:16:11,256 - hybrid_pipeline - INFO - Tile tile_x17664_y768: 核心遮罩全空 → 空白 placeholder
2026-07-26 13:16:11,266 - hybrid_pipeline - INFO - [45/576] 已回收 tile_x15360_y768
2026-07-26 13:16:11,274 - hybrid_pipeline - INFO - Tile tile_x16128_y768: 核心遮罩全空 → 空白 placeholder
2026-07-26 13:16:11,279 - hybrid_pipeline - INFO - Tile tile_x16896_y768: 核心遮罩全空 → 空白 placeholder
2026-07-26 13:16:11,282 - hybrid_pipeline - INFO - [46/576] 已回收 tile_x17664_y768
2026-07-26 13:16:11,295 - hybrid_pipeline - INFO - Tile tile_x0_y1536: 核心遮罩全空 → 空白 placeholder
2026-07-26 13:16:11,316 - hybrid_pipeline - INFO - Tile tile_x1536_y1536: 核心遮罩全空 → 空白 placeholder
2026-07-26 13:16:11,335 - hybrid_pipeline - INFO - [47/576] 已回收 tile_x16896_y768
2026-07-26 13:16:11,339 - hybrid_pipeline - INFO - [48/576] 已回收 tile_x16128_y768
2026-07-26 13:16:11,351 - hybrid_pipeline - INFO - [49/576] 已回收 tile_x0_y1536
2026-07-26 13:16:11,357 - hybrid_pipeline - INFO - [50/576] 已回收 tile_x1536_y1536
2026-07-26 13:16:11,369 - hybrid_pipeline - INFO - Tile tile_x2304_y1536: 核心遮罩全空 → 空白 placeholder
2026-07-26 13:16:11,369 - hybrid_pipeline - INFO - Tile tile_x768_y1536: 核心遮罩全空 → 空白 placeholder
2026-07-26 13:16:11,380 - hybrid_pipeline - INFO - Tile tile_x3072_y1536: 核心遮罩全空 → 空白 placeholder
2026-07-26 13:16:11,386 - hybrid_pipeline - INFO - Tile tile_x4608_y1536: 核心遮罩全空 → 空白 placeholder
2026-07-26 13:16:11,410 - hybrid_pipeline - INFO - [51/576] 已回收 tile_x2304_y1536
2026-07-26 13:16:11,423 - hybrid_pipeline - INFO - [52/576] 已回收 tile_x768_y1536
2026-07-26 13:16:11,439 - hybrid_pipeline - INFO - Tile tile_x3840_y1536: 核心遮罩全空 → 空白 placeholder
2026-07-26 13:16:11,440 - hybrid_pipeline - INFO - [53/576] 已回收 tile_x3072_y1536
2026-07-26 13:16:11,446 - hybrid_pipeline - INFO - [54/576] 已回收 tile_x4608_y1536
2026-07-26 13:16:11,453 - hybrid_pipeline - INFO - Tile tile_x5376_y1536: 核心遮罩全空 → 空白 placeholder
2026-07-26 13:16:11,471 - hybrid_pipeline - INFO - Tile tile_x6912_y1536: 核心遮罩全空 → 空白 placeholder
2026-07-26 13:16:11,475 - hybrid_pipeline - INFO - Tile tile_x6144_y1536: 核心遮罩全空 → 空白 placeholder
2026-07-26 13:16:11,487 - hybrid_pipeline - INFO - [55/576] 已回收 tile_x3840_y1536
2026-07-26 13:16:11,503 - hybrid_pipeline - INFO - [56/576] 已回收 tile_x5376_y1536
2026-07-26 13:16:11,515 - hybrid_pipeline - INFO - Tile tile_x7680_y1536: 核心遮罩全空 → 空白 placeholder
2026-07-26 13:16:11,525 - hybrid_pipeline - INFO - [57/576] 已回收 tile_x6912_y1536
2026-07-26 13:16:11,532 - hybrid_pipeline - INFO - Tile tile_x8448_y1536: 核心遮罩全空 → 空白 placeholder
2026-07-26 13:16:11,535 - hybrid_pipeline - INFO - [58/576] 已回收 tile_x6144_y1536
2026-07-26 13:16:11,553 - hybrid_pipeline - INFO - Tile tile_x9984_y1536: 核心遮罩全空 → 空白 placeholder
2026-07-26 13:16:11,560 - hybrid_pipeline - INFO - Tile tile_x9216_y1536: 核心遮罩全空 → 空白 placeholder
2026-07-26 13:16:11,564 - hybrid_pipeline - INFO - [59/576] 已回收 tile_x7680_y1536
2026-07-26 13:16:11,580 - hybrid_pipeline - INFO - [60/576] 已回收 tile_x8448_y1536
2026-07-26 13:16:11,589 - hybrid_pipeline - INFO - Tile tile_x10752_y1536: 核心遮罩全空 → 空白 placeholder
2026-07-26 13:16:11,608 - hybrid_pipeline - INFO - [61/576] 已回收 tile_x9984_y1536
2026-07-26 13:16:11,609 - hybrid_pipeline - INFO - Tile tile_x11520_y1536: 核心遮罩全空 → 空白 placeholder
2026-07-26 13:16:11,619 - hybrid_pipeline - INFO - [62/576] 已回收 tile_x9216_y1536
2026-07-26 13:16:11,637 - hybrid_pipeline - INFO - Tile tile_x12288_y1536: 核心遮罩全空 → 空白 placeholder
2026-07-26 13:16:11,647 - hybrid_pipeline - INFO - Tile tile_x13056_y1536: 核心遮罩全空 → 空白 placeholder
2026-07-26 13:16:11,648 - hybrid_pipeline - INFO - [63/576] 已回收 tile_x10752_y1536
2026-07-26 13:16:11,657 - hybrid_pipeline - INFO - [64/576] 已回收 tile_x11520_y1536
2026-07-26 13:16:11,678 - hybrid_pipeline - INFO - Tile tile_x14592_y1536: 核心遮罩全空 → 空白 placeholder
2026-07-26 13:16:11,684 - hybrid_pipeline - INFO - Tile tile_x16128_y1536: 核心遮罩全空 → 空白 placeholder
2026-07-26 13:16:11,690 - hybrid_pipeline - INFO - [65/576] 已回收 tile_x12288_y1536
2026-07-26 13:16:11,699 - hybrid_pipeline - INFO - [66/576] 已回收 tile_x13056_y1536
2026-07-26 13:16:11,717 - hybrid_pipeline - INFO - Tile tile_x15360_y1536: 核心遮罩全空 → 空白 placeholder
2026-07-26 13:16:11,728 - hybrid_pipeline - INFO - Tile tile_x13824_y1536: 核心遮罩全空 → 空白 placeholder
2026-07-26 13:16:11,728 - hybrid_pipeline - INFO - [67/576] 已回收 tile_x14592_y1536
2026-07-26 13:16:11,738 - hybrid_pipeline - INFO - [68/576] 已回收 tile_x16128_y1536
2026-07-26 13:16:11,757 - hybrid_pipeline - INFO - Tile tile_x16896_y1536: 核心遮罩全空 → 空白 placeholder
2026-07-26 13:16:11,762 - hybrid_pipeline - INFO - Tile tile_x17664_y1536: 核心遮罩全空 → 空白 placeholder
2026-07-26 13:16:11,766 - hybrid_pipeline - INFO - [69/576] 已回收 tile_x15360_y1536
2026-07-26 13:16:11,776 - hybrid_pipeline - INFO - [70/576] 已回收 tile_x13824_y1536
2026-07-26 13:16:11,795 - hybrid_pipeline - INFO - Tile tile_x0_y2304: 核心遮罩全空 → 空白 placeholder
2026-07-26 13:16:11,803 - hybrid_pipeline - INFO - Tile tile_x768_y2304: 核心遮罩全空 → 空白 placeholder
2026-07-26 13:16:11,813 - hybrid_pipeline - INFO - [71/576] 已回收 tile_x16896_y1536
2026-07-26 13:16:11,823 - hybrid_pipeline - INFO - [72/576] 已回收 tile_x17664_y1536
2026-07-26 13:16:11,842 - hybrid_pipeline - INFO - Tile tile_x3072_y2304: 核心遮罩全空 → 空白 placeholder
2026-07-26 13:16:11,847 - hybrid_pipeline - INFO - [73/576] 已回收 tile_x0_y2304
2026-07-26 13:16:11,851 - hybrid_pipeline - INFO - Tile tile_x1536_y2304: 核心遮罩全空 → 空白 placeholder
2026-07-26 13:16:11,856 - hybrid_pipeline - INFO - [74/576] 已回收 tile_x768_y2304
2026-07-26 13:16:11,876 - hybrid_pipeline - INFO - Tile tile_x2304_y2304: 核心遮罩全空 → 空白 placeholder
2026-07-26 13:16:11,885 - hybrid_pipeline - INFO - Tile tile_x3840_y2304: 核心遮罩全空 → 空白 placeholder
2026-07-26 13:16:11,891 - hybrid_pipeline - INFO - [75/576] 已回收 tile_x3072_y2304
2026-07-26 13:16:11,901 - hybrid_pipeline - INFO - [76/576] 已回收 tile_x1536_y2304
2026-07-26 13:16:11,922 - hybrid_pipeline - INFO - Tile tile_x4608_y2304: 核心遮罩全空 → 空白 placeholder
2026-07-26 13:16:11,927 - hybrid_pipeline - INFO - Tile tile_x5376_y2304: 核心遮罩全空 → 空白 placeholder
2026-07-26 13:16:11,936 - hybrid_pipeline - INFO - [77/576] 已回收 tile_x2304_y2304
2026-07-26 13:16:11,940 - hybrid_pipeline - INFO - [78/576] 已回收 tile_x3840_y2304
2026-07-26 13:16:11,965 - hybrid_pipeline - INFO - Tile tile_x6144_y2304: 核心遮罩全空 → 空白 placeholder
2026-07-26 13:16:11,969 - hybrid_pipeline - INFO - Tile tile_x6912_y2304: 核心遮罩全空 → 空白 placeholder
2026-07-26 13:16:11,974 - hybrid_pipeline - INFO - [79/576] 已回收 tile_x4608_y2304
2026-07-26 13:16:11,978 - hybrid_pipeline - INFO - [80/576] 已回收 tile_x5376_y2304
2026-07-26 13:16:11,999 - hybrid_pipeline - INFO - Tile tile_x9984_y2304: 核心遮罩全空 → 空白 placeholder
2026-07-26 13:16:12,006 - hybrid_pipeline - INFO - Tile tile_x7680_y2304: 核心遮罩全空 → 空白 placeholder
2026-07-26 13:16:12,015 - hybrid_pipeline - INFO - [81/576] 已回收 tile_x6144_y2304
2026-07-26 13:16:12,018 - hybrid_pipeline - INFO - [82/576] 已回收 tile_x6912_y2304
2026-07-26 13:16:12,044 - hybrid_pipeline - INFO - Tile tile_x9216_y2304: 核心遮罩全空 → 空白 placeholder
2026-07-26 13:16:12,045 - hybrid_pipeline - INFO - Tile tile_x8448_y2304: 核心遮罩全空 → 空白 placeholder
2026-07-26 13:16:12,057 - hybrid_pipeline - INFO - [83/576] 已回收 tile_x7680_y2304
2026-07-26 13:16:12,061 - hybrid_pipeline - INFO - [84/576] 已回收 tile_x9984_y2304
2026-07-26 13:16:12,085 - hybrid_pipeline - INFO - Tile tile_x11520_y2304: 核心遮罩全空 → 空白 placeholder
2026-07-26 13:16:12,090 - hybrid_pipeline - INFO - Tile tile_x10752_y2304: 核心遮罩全空 → 空白 placeholder
2026-07-26 13:16:12,093 - hybrid_pipeline - INFO - [85/576] 已回收 tile_x9216_y2304
2026-07-26 13:16:12,096 - hybrid_pipeline - INFO - [86/576] 已回收 tile_x8448_y2304
2026-07-26 13:16:12,122 - hybrid_pipeline - INFO - Tile tile_x12288_y2304: 核心遮罩全空 → 空白 placeholder
2026-07-26 13:16:12,124 - hybrid_pipeline - INFO - Tile tile_x13056_y2304: 核心遮罩全空 → 空白 placeholder
2026-07-26 13:16:12,135 - hybrid_pipeline - INFO - [87/576] 已回收 tile_x11520_y2304
2026-07-26 13:16:12,145 - hybrid_pipeline - INFO - [88/576] 已回收 tile_x10752_y2304
2026-07-26 13:16:12,163 - hybrid_pipeline - INFO - Tile tile_x13824_y2304: 核心遮罩全空 → 空白 placeholder
2026-07-26 13:16:12,173 - hybrid_pipeline - INFO - Tile tile_x14592_y2304: 核心遮罩全空 → 空白 placeholder
2026-07-26 13:16:12,173 - hybrid_pipeline - INFO - [89/576] 已回收 tile_x12288_y2304
2026-07-26 13:16:12,177 - hybrid_pipeline - INFO - [90/576] 已回收 tile_x13056_y2304
2026-07-26 13:16:12,201 - hybrid_pipeline - INFO - Tile tile_x15360_y2304: 核心遮罩全空 → 空白 placeholder
2026-07-26 13:16:12,206 - hybrid_pipeline - INFO - Tile tile_x16128_y2304: 核心遮罩全空 → 空白 placeholder
2026-07-26 13:16:12,214 - hybrid_pipeline - INFO - [91/576] 已回收 tile_x13824_y2304
2026-07-26 13:16:12,223 - hybrid_pipeline - INFO - [92/576] 已回收 tile_x14592_y2304
2026-07-26 13:16:12,242 - hybrid_pipeline - INFO - Tile tile_x16896_y2304: 核心遮罩全空 → 空白 placeholder
2026-07-26 13:16:12,252 - hybrid_pipeline - INFO - [93/576] 已回收 tile_x15360_y2304
2026-07-26 13:16:12,254 - hybrid_pipeline - INFO - Tile tile_x0_y3072: 核心遮罩全空 → 空白 placeholder
2026-07-26 13:16:12,261 - hybrid_pipeline - INFO - [94/576] 已回收 tile_x16128_y2304
2026-07-26 13:16:12,280 - hybrid_pipeline - INFO - Tile tile_x17664_y2304: 核心遮罩全空 → 空白 placeholder
2026-07-26 13:16:12,290 - hybrid_pipeline - INFO - Tile tile_x768_y3072: 核心遮罩全空 → 空白 placeholder
2026-07-26 13:16:12,295 - hybrid_pipeline - INFO - [95/576] 已回收 tile_x16896_y2304
2026-07-26 13:16:12,304 - hybrid_pipeline - INFO - [96/576] 已回收 tile_x0_y3072
2026-07-26 13:16:12,323 - hybrid_pipeline - INFO - Tile tile_x1536_y3072: 核心遮罩全空 → 空白 placeholder
2026-07-26 13:16:12,333 - hybrid_pipeline - INFO - Tile tile_x2304_y3072: 核心遮罩全空 → 空白 placeholder
2026-07-26 13:16:12,333 - hybrid_pipeline - INFO - [97/576] 已回收 tile_x17664_y2304
2026-07-26 13:16:12,342 - hybrid_pipeline - INFO - [98/576] 已回收 tile_x768_y3072
2026-07-26 13:16:12,358 - hybrid_pipeline - INFO - Tile tile_x3072_y3072: 核心遮罩全空 → 空白 placeholder
2026-07-26 13:16:12,371 - hybrid_pipeline - INFO - Tile tile_x3840_y3072: 核心遮罩全空 → 空白 placeholder
2026-07-26 13:16:12,376 - hybrid_pipeline - INFO - [99/576] 已回收 tile_x1536_y3072
2026-07-26 13:16:12,385 - hybrid_pipeline - INFO - [100/576] 已回收 tile_x2304_y3072
2026-07-26 13:16:12,407 - hybrid_pipeline - INFO - Tile tile_x4608_y3072: 核心遮罩全空 → 空白 placeholder
2026-07-26 13:16:12,412 - hybrid_pipeline - INFO - Tile tile_x5376_y3072: 核心遮罩全空 → 空白 placeholder
2026-07-26 13:16:12,414 - hybrid_pipeline - INFO - [101/576] 已回收 tile_x3072_y3072
2026-07-26 13:16:12,423 - hybrid_pipeline - INFO - [102/576] 已回收 tile_x3840_y3072
2026-07-26 13:16:12,442 - hybrid_pipeline - INFO - Tile tile_x6144_y3072: 核心遮罩全空 → 空白 placeholder
2026-07-26 13:16:12,451 - hybrid_pipeline - INFO - Tile tile_x6912_y3072: 核心遮罩全空 → 空白 placeholder
2026-07-26 13:16:12,456 - hybrid_pipeline - INFO - [103/576] 已回收 tile_x4608_y3072
2026-07-26 13:16:12,466 - hybrid_pipeline - INFO - [104/576] 已回收 tile_x5376_y3072
2026-07-26 13:16:12,485 - hybrid_pipeline - INFO - Tile tile_x9216_y3072: 核心遮罩全空 → 空白 placeholder
2026-07-26 13:16:12,494 - hybrid_pipeline - INFO - Tile tile_x8448_y3072: 核心遮罩全空 → 空白 placeholder
2026-07-26 13:16:12,495 - hybrid_pipeline - INFO - [105/576] 已回收 tile_x6144_y3072
2026-07-26 13:16:12,504 - hybrid_pipeline - INFO - [106/576] 已回收 tile_x6912_y3072
2026-07-26 13:16:12,522 - hybrid_pipeline - INFO - Tile tile_x7680_y3072: 核心遮罩全空 → 空白 placeholder
2026-07-26 13:16:12,532 - hybrid_pipeline - INFO - Tile tile_x12288_y3072: 核心遮罩全空 → 空白 placeholder
2026-07-26 13:16:12,537 - hybrid_pipeline - INFO - [107/576] 已回收 tile_x9216_y3072
2026-07-26 13:16:12,547 - hybrid_pipeline - INFO - [108/576] 已回收 tile_x8448_y3072
2026-07-26 13:16:12,566 - hybrid_pipeline - INFO - Tile tile_x9984_y3072: 核心遮罩全空 → 空白 placeholder
2026-07-26 13:16:12,574 - hybrid_pipeline - INFO - Tile tile_x11520_y3072: 核心遮罩全空 → 空白 placeholder
2026-07-26 13:16:12,575 - hybrid_pipeline - INFO - [109/576] 已回收 tile_x7680_y3072
2026-07-26 13:16:12,585 - hybrid_pipeline - INFO - [110/576] 已回收 tile_x12288_y3072
2026-07-26 13:16:12,603 - hybrid_pipeline - INFO - Tile tile_x10752_y3072: 核心遮罩全空 → 空白 placeholder
2026-07-26 13:16:12,612 - hybrid_pipeline - INFO - Tile tile_x13056_y3072: 核心遮罩全空 → 空白 placeholder
2026-07-26 13:16:12,618 - hybrid_pipeline - INFO - [111/576] 已回收 tile_x9984_y3072
2026-07-26 13:16:12,645 - hybrid_pipeline - INFO - Tile tile_x13824_y3072: 核心遮罩全空 → 空白 placeholder
2026-07-26 13:16:12,650 - hybrid_pipeline - INFO - [112/576] 已回收 tile_x10752_y3072
2026-07-26 13:16:12,662 - hybrid_pipeline - INFO - [113/576] 已回收 tile_x13056_y3072
2026-07-26 13:16:12,672 - hybrid_pipeline - INFO - [114/576] 已回收 tile_x13824_y3072
2026-07-26 13:16:12,679 - hybrid_pipeline - INFO - Tile tile_x14592_y3072: 核心遮罩全空 → 空白 placeholder
2026-07-26 13:16:12,691 - hybrid_pipeline - INFO - Tile tile_x16896_y3072: 核心遮罩全空 → 空白 placeholder
2026-07-26 13:16:12,700 - hybrid_pipeline - INFO - [115/576] 已回收 tile_x14592_y3072
2026-07-26 13:16:12,702 - hybrid_pipeline - INFO - Tile tile_x16128_y3072: 核心遮罩全空 → 空白 placeholder
2026-07-26 13:16:12,729 - hybrid_pipeline - INFO - Tile tile_x17664_y3072: 核心遮罩全空 → 空白 placeholder
2026-07-26 13:16:12,732 - hybrid_pipeline - INFO - [116/576] 已回收 tile_x16896_y3072
2026-07-26 13:16:12,736 - hybrid_pipeline - INFO - [117/576] 已回收 tile_x16128_y3072
2026-07-26 13:16:12,753 - hybrid_pipeline - INFO - [118/576] 已回收 tile_x17664_y3072
2026-07-26 13:16:12,757 - hybrid_pipeline - INFO - Tile tile_x0_y3840: 核心遮罩全空 → 空白 placeholder
2026-07-26 13:16:12,766 - hybrid_pipeline - INFO - Tile tile_x768_y3840: 核心遮罩全空 → 空白 placeholder
2026-07-26 13:16:12,778 - hybrid_pipeline - INFO - Tile tile_x1536_y3840: 核心遮罩全空 → 空白 placeholder
2026-07-26 13:16:12,815 - hybrid_pipeline - INFO - [119/576] 已回收 tile_x0_y3840
2026-07-26 13:16:12,825 - hybrid_pipeline - INFO - [120/576] 已回收 tile_x768_y3840
2026-07-26 13:16:12,835 - hybrid_pipeline - INFO - [121/576] 已回收 tile_x1536_y3840
2026-07-26 13:16:12,844 - hybrid_pipeline - INFO - Tile tile_x2304_y3840: 核心遮罩全空 → 空白 placeholder
2026-07-26 13:16:12,855 - hybrid_pipeline - INFO - Tile tile_x3072_y3840: 核心遮罩全空 → 空白 placeholder
2026-07-26 13:16:12,859 - hybrid_pipeline - INFO - Tile tile_x4608_y3840: 核心遮罩全空 → 空白 placeholder
2026-07-26 13:16:12,906 - hybrid_pipeline - INFO - [122/576] 已回收 tile_x2304_y3840
2026-07-26 13:16:12,909 - hybrid_pipeline - INFO - [123/576] 已回收 tile_x3072_y3840
2026-07-26 13:16:12,914 - hybrid_pipeline - INFO - [124/576] 已回收 tile_x4608_y3840
2026-07-26 13:16:12,934 - hybrid_pipeline - INFO - Tile tile_x3840_y3840: 核心遮罩全空 → 空白 placeholder
2026-07-26 13:16:12,938 - hybrid_pipeline - INFO - Tile tile_x5376_y3840: 核心遮罩全空 → 空白 placeholder
2026-07-26 13:16:12,940 - hybrid_pipeline - INFO - Tile tile_x6144_y3840: 核心遮罩全空 → 空白 placeholder
2026-07-26 13:16:12,973 - hybrid_pipeline - INFO - [125/576] 已回收 tile_x3840_y3840
2026-07-26 13:16:12,984 - hybrid_pipeline - INFO - [126/576] 已回收 tile_x5376_y3840
2026-07-26 13:16:12,989 - hybrid_pipeline - INFO - [127/576] 已回收 tile_x6144_y3840
2026-07-26 13:16:13,003 - hybrid_pipeline - INFO - Tile tile_x6912_y3840: 核心遮罩全空 → 空白 placeholder
2026-07-26 13:16:13,013 - hybrid_pipeline - INFO - Tile tile_x7680_y3840: 核心遮罩全空 → 空白 placeholder
2026-07-26 13:16:13,017 - hybrid_pipeline - INFO - Tile tile_x9216_y3840: 核心遮罩全空 → 空白 placeholder
2026-07-26 13:16:13,037 - hybrid_pipeline - INFO - [128/576] 已回收 tile_x6912_y3840
2026-07-26 13:16:13,065 - hybrid_pipeline - INFO - Tile tile_x8448_y3840: 核心遮罩全空 → 空白 placeholder
2026-07-26 13:16:13,069 - hybrid_pipeline - INFO - [129/576] 已回收 tile_x7680_y3840
2026-07-26 13:16:13,088 - hybrid_pipeline - INFO - [130/576] 已回收 tile_x9216_y3840
2026-07-26 13:16:13,099 - hybrid_pipeline - INFO - Tile tile_x11520_y3840: 核心遮罩全空 → 空白 placeholder
2026-07-26 13:16:13,117 - hybrid_pipeline - INFO - Tile tile_x10752_y3840: 核心遮罩全空 → 空白 placeholder
2026-07-26 13:16:13,125 - hybrid_pipeline - INFO - [131/576] 已回收 tile_x8448_y3840
2026-07-26 13:16:13,153 - hybrid_pipeline - INFO - Tile tile_x12288_y3840: 核心遮罩全空 → 空白 placeholder
2026-07-26 13:16:13,159 - hybrid_pipeline - INFO - [132/576] 已回收 tile_x11520_y3840
2026-07-26 13:16:13,177 - hybrid_pipeline - INFO - [133/576] 已回收 tile_x10752_y3840
2026-07-26 13:16:13,186 - hybrid_pipeline - INFO - Tile tile_x9984_y3840: 核心遮罩全空 → 空白 placeholder
2026-07-26 13:16:13,205 - hybrid_pipeline - INFO - Tile tile_x13056_y3840: 核心遮罩全空 → 空白 placeholder
2026-07-26 13:16:13,215 - hybrid_pipeline - INFO - [134/576] 已回收 tile_x12288_y3840
2026-07-26 13:16:13,242 - hybrid_pipeline - INFO - Tile tile_x13824_y3840: 核心遮罩全空 → 空白 placeholder
2026-07-26 13:16:13,249 - hybrid_pipeline - INFO - [135/576] 已回收 tile_x9984_y3840
2026-07-26 13:16:13,267 - hybrid_pipeline - INFO - [136/576] 已回收 tile_x13056_y3840
2026-07-26 13:16:13,277 - hybrid_pipeline - INFO - Tile tile_x16128_y3840: 核心遮罩全空 → 空白 placeholder
2026-07-26 13:16:13,298 - hybrid_pipeline - INFO - Tile tile_x14592_y3840: 核心遮罩全空 → 空白 placeholder
2026-07-26 13:16:13,322 - hybrid_pipeline - INFO - [137/576] 已回收 tile_x16128_y3840
2026-07-26 13:16:13,330 - hybrid_pipeline - INFO - [138/576] 已回收 tile_x14592_y3840
2026-07-26 13:16:13,351 - hybrid_pipeline - INFO - Tile tile_x17664_y3840: 核心遮罩全空 → 空白 placeholder
2026-07-26 13:16:13,360 - hybrid_pipeline - INFO - Tile tile_x16896_y3840: 核心遮罩全空 → 空白 placeholder
2026-07-26 13:16:13,373 - hybrid_pipeline - INFO - [139/576] 已回收 tile_x17664_y3840
2026-07-26 13:16:13,383 - hybrid_pipeline - INFO - [140/576] 已回收 tile_x16896_y3840
2026-07-26 13:16:13,402 - hybrid_pipeline - INFO - Tile tile_x0_y4608: 核心遮罩全空 → 空白 placeholder
2026-07-26 13:16:13,413 - hybrid_pipeline - INFO - Tile tile_x768_y4608: 核心遮罩全空 → 空白 placeholder
2026-07-26 13:16:13,429 - hybrid_pipeline - INFO - [141/576] 已回收 tile_x0_y4608
2026-07-26 13:16:13,440 - hybrid_pipeline - INFO - [142/576] 已回收 tile_x768_y4608
2026-07-26 13:16:13,463 - hybrid_pipeline - INFO - Tile tile_x1536_y4608: 核心遮罩全空 → 空白 placeholder
2026-07-26 13:16:13,470 - hybrid_pipeline - INFO - Tile tile_x2304_y4608: 核心遮罩全空 → 空白 placeholder
2026-07-26 13:16:13,496 - hybrid_pipeline - INFO - [143/576] 已回收 tile_x1536_y4608
2026-07-26 13:16:13,510 - hybrid_pipeline - INFO - [144/576] 已回收 tile_x2304_y4608
2026-07-26 13:16:13,525 - hybrid_pipeline - INFO - Tile tile_x5376_y4608: 核心遮罩全空 → 空白 placeholder
2026-07-26 13:16:13,540 - hybrid_pipeline - INFO - Tile tile_x4608_y4608: 核心遮罩全空 → 空白 placeholder
2026-07-26 13:16:13,550 - hybrid_pipeline - INFO - [145/576] 已回收 tile_x5376_y4608
2026-07-26 13:16:13,561 - hybrid_pipeline - INFO - [146/576] 已回收 tile_x4608_y4608
2026-07-26 13:16:13,579 - hybrid_pipeline - INFO - Tile tile_x3840_y4608: 核心遮罩全空 → 空白 placeholder
2026-07-26 13:16:13,590 - hybrid_pipeline - INFO - Tile tile_x3072_y4608: 核心遮罩全空 → 空白 placeholder
2026-07-26 13:16:13,609 - hybrid_pipeline - INFO - [147/576] 已回收 tile_x3840_y4608
2026-07-26 13:16:13,618 - hybrid_pipeline - INFO - [148/576] 已回收 tile_x3072_y4608
2026-07-26 13:16:13,637 - hybrid_pipeline - INFO - Tile tile_x6144_y4608: 核心遮罩全空 → 空白 placeholder
2026-07-26 13:16:13,646 - hybrid_pipeline - INFO - Tile tile_x6912_y4608: 核心遮罩全空 → 空白 placeholder
2026-07-26 13:16:13,677 - hybrid_pipeline - INFO - [149/576] 已回收 tile_x6144_y4608
2026-07-26 13:16:13,692 - hybrid_pipeline - INFO - [150/576] 已回收 tile_x6912_y4608
2026-07-26 13:16:13,706 - hybrid_pipeline - INFO - Tile tile_x7680_y4608: 核心遮罩全空 → 空白 placeholder
2026-07-26 13:16:13,718 - hybrid_pipeline - INFO - Tile tile_x11520_y4608: 核心遮罩全空 → 空白 placeholder
2026-07-26 13:16:13,764 - hybrid_pipeline - INFO - [151/576] 已回收 tile_x7680_y4608
2026-07-26 13:16:13,788 - hybrid_pipeline - INFO - [152/576] 已回收 tile_x11520_y4608
2026-07-26 13:16:13,793 - hybrid_pipeline - INFO - Tile tile_x8448_y4608: 核心遮罩全空 → 空白 placeholder
2026-07-26 13:16:13,815 - hybrid_pipeline - INFO - Tile tile_x10752_y4608: 核心遮罩全空 → 空白 placeholder
2026-07-26 13:16:13,861 - hybrid_pipeline - INFO - [153/576] 已回收 tile_x8448_y4608
2026-07-26 13:16:13,887 - hybrid_pipeline - INFO - [154/576] 已回收 tile_x10752_y4608
2026-07-26 13:16:13,887 - hybrid_pipeline - INFO - Tile tile_x9216_y4608: 核心遮罩全空 → 空白 placeholder
2026-07-26 13:16:13,914 - hybrid_pipeline - INFO - Tile tile_x9984_y4608: 核心遮罩全空 → 空白 placeholder
2026-07-26 13:16:13,941 - hybrid_pipeline - INFO - [155/576] 已回收 tile_x9216_y4608
2026-07-26 13:16:13,961 - hybrid_pipeline - INFO - [156/576] 已回收 tile_x9984_y4608
2026-07-26 13:16:13,972 - hybrid_pipeline - INFO - Tile tile_x12288_y4608: 核心遮罩全空 → 空白 placeholder
2026-07-26 13:16:13,989 - hybrid_pipeline - INFO - Tile tile_x13056_y4608: 核心遮罩全空 → 空白 placeholder
2026-07-26 13:16:14,009 - hybrid_pipeline - INFO - [157/576] 已回收 tile_x12288_y4608
2026-07-26 13:16:14,017 - hybrid_pipeline - INFO - [158/576] 已回收 tile_x13056_y4608
2026-07-26 13:16:14,040 - hybrid_pipeline - INFO - Tile tile_x13824_y4608: 核心遮罩全空 → 空白 placeholder
2026-07-26 13:16:14,046 - hybrid_pipeline - INFO - Tile tile_x16896_y4608: 核心遮罩全空 → 空白 placeholder
2026-07-26 13:16:14,075 - hybrid_pipeline - INFO - [159/576] 已回收 tile_x13824_y4608
2026-07-26 13:16:14,087 - hybrid_pipeline - INFO - [160/576] 已回收 tile_x16896_y4608
2026-07-26 13:16:14,106 - hybrid_pipeline - INFO - Tile tile_x16128_y4608: 核心遮罩全空 → 空白 placeholder
2026-07-26 13:16:14,115 - hybrid_pipeline - INFO - Tile tile_x15360_y4608: 核心遮罩全空 → 空白 placeholder
2026-07-26 13:16:14,127 - hybrid_pipeline - INFO - [161/576] 已回收 tile_x16128_y4608
2026-07-26 13:16:14,138 - hybrid_pipeline - INFO - [162/576] 已回收 tile_x11520_y3072
2026-07-26 13:16:14,141 - hybrid_pipeline - INFO - [163/576] 已回收 tile_x15360_y4608
2026-07-26 13:16:14,160 - hybrid_pipeline - INFO - Tile tile_x14592_y4608: 核心遮罩全空 → 空白 placeholder
2026-07-26 13:16:14,168 - m3_module.m3_cells_generator - INFO - All-positive 標註完成: 3 個細胞
2026-07-26 13:16:14,170 - hybrid_pipeline - INFO - Tile tile_x17664_y4608: 核心遮罩全空 → 空白 placeholder
2026-07-26 13:16:14,190 - hybrid_pipeline - INFO - [164/576] 已回收 tile_x14592_y4608
2026-07-26 13:16:14,202 - m3_module.m3_cells_generator - INFO - enlarge_cell_instances: 3 顆細胞, factor=1.50(面積), 中位半徑=18.4px, 外擴=4.1px
2026-07-26 13:16:14,223 - hybrid_pipeline - INFO - Tile tile_x0_y5376: 核心遮罩全空 → 空白 placeholder
2026-07-26 13:16:14,339 - m3_module.m3_dot_detection - INFO - detect_all_dots: 紅點=0, 黑點=0, 涉及細胞=3
2026-07-26 13:16:14,381 - m4_module.cell_crops - INFO - 匯出 1 張 per-cell 影像至 /data/taro_Projects/tsgh/output/r7_run/cell_crops/tile_x15360_y3072/cells
2026-07-26 13:16:14,381 - hybrid_pipeline - INFO - Tile tile_x15360_y3072 完成: 核心擁有 1 細胞 (1 陽性), 1.83 秒
2026-07-26 13:16:14,381 - hybrid_pipeline - INFO - [165/576] 已回收 tile_x15360_y3072
2026-07-26 13:16:14,405 - hybrid_pipeline - INFO - Tile tile_x768_y5376: 核心遮罩全空 → 空白 placeholder
2026-07-26 13:16:14,447 - hybrid_pipeline - INFO - [166/576] 已回收 tile_x768_y5376
2026-07-26 13:16:14,472 - hybrid_pipeline - INFO - Tile tile_x3840_y5376: 核心遮罩全空 → 空白 placeholder
2026-07-26 13:16:14,509 - hybrid_pipeline - INFO - [167/576] 已回收 tile_x3840_y5376
2026-07-26 13:16:14,537 - hybrid_pipeline - INFO - Tile tile_x3072_y5376: 核心遮罩全空 → 空白 placeholder
2026-07-26 13:16:14,588 - hybrid_pipeline - INFO - [168/576] 已回收 tile_x3072_y5376
2026-07-26 13:16:14,617 - hybrid_pipeline - INFO - Tile tile_x4608_y5376: 核心遮罩全空 → 空白 placeholder
2026-07-26 13:16:14,661 - hybrid_pipeline - INFO - [169/576] 已回收 tile_x4608_y5376
2026-07-26 13:16:14,688 - hybrid_pipeline - INFO - Tile tile_x5376_y5376: 核心遮罩全空 → 空白 placeholder
2026-07-26 13:16:14,748 - hybrid_pipeline - INFO - [170/576] 已回收 tile_x5376_y5376
2026-07-26 13:16:14,777 - hybrid_pipeline - INFO - Tile tile_x6144_y5376: 核心遮罩全空 → 空白 placeholder
2026-07-26 13:16:14,801 - hybrid_pipeline - INFO - [171/576] 已回收 tile_x13824_y3840
2026-07-26 13:16:14,806 - hybrid_pipeline - INFO - [172/576] 已回收 tile_x6144_y5376
2026-07-26 13:16:14,829 - m3_module.m3_cells_generator - INFO - All-positive 標註完成: 2 個細胞
2026-07-26 13:16:14,834 - hybrid_pipeline - INFO - Tile tile_x6912_y5376: 核心遮罩全空 → 空白 placeholder
2026-07-26 13:16:14,862 - m3_module.m3_cells_generator - INFO - enlarge_cell_instances: 2 顆細胞, factor=1.50(面積), 中位半徑=19.3px, 外擴=4.3px
2026-07-26 13:16:14,867 - hybrid_pipeline - INFO - [173/576] 已回收 tile_x6912_y5376
2026-07-26 13:16:14,901 - hybrid_pipeline - INFO - Tile tile_x10752_y5376: 核心遮罩全空 → 空白 placeholder
2026-07-26 13:16:14,904 - hybrid_pipeline - INFO - [174/576] 已回收 tile_x10752_y5376
2026-07-26 13:16:14,934 - hybrid_pipeline - INFO - Tile tile_x8448_y5376: 核心遮罩全空 → 空白 placeholder
2026-07-26 13:16:14,942 - hybrid_pipeline - INFO - [175/576] 已回收 tile_x8448_y5376
2026-07-26 13:16:14,970 - hybrid_pipeline - INFO - Tile tile_x9216_y5376: 核心遮罩全空 → 空白 placeholder
2026-07-26 13:16:14,979 - hybrid_pipeline - INFO - [176/576] 已回收 tile_x9216_y5376
2026-07-26 13:16:15,002 - m3_module.m3_dot_detection - INFO - detect_all_dots: 紅點=0, 黑點=0, 涉及細胞=2
2026-07-26 13:16:15,009 - hybrid_pipeline - INFO - Tile tile_x9984_y5376: 核心遮罩全空 → 空白 placeholder
2026-07-26 13:16:15,018 - hybrid_pipeline - INFO - [177/576] 已回收 tile_x9984_y5376
2026-07-26 13:16:15,042 - m4_module.cell_crops - INFO - 匯出 1 張 per-cell 影像至 /data/taro_Projects/tsgh/output/r7_run/cell_crops/tile_x15360_y3840/cells
2026-07-26 13:16:15,042 - hybrid_pipeline - INFO - Tile tile_x15360_y3840 完成: 核心擁有 1 細胞 (1 陽性), 1.83 秒
2026-07-26 13:16:15,043 - hybrid_pipeline - INFO - [178/576] 已回收 tile_x15360_y3840
2026-07-26 13:16:15,051 - hybrid_pipeline - INFO - Tile tile_x12288_y5376: 核心遮罩全空 → 空白 placeholder
2026-07-26 13:16:15,055 - hybrid_pipeline - INFO - [179/576] 已回收 tile_x12288_y5376
2026-07-26 13:16:15,069 - hybrid_pipeline - INFO - Tile tile_x7680_y5376: 核心遮罩全空 → 空白 placeholder
2026-07-26 13:16:15,081 - hybrid_pipeline - INFO - Tile tile_x11520_y5376: 核心遮罩全空 → 空白 placeholder
2026-07-26 13:16:15,097 - hybrid_pipeline - INFO - [180/576] 已回收 tile_x7680_y5376
2026-07-26 13:16:15,105 - hybrid_pipeline - INFO - [181/576] 已回收 tile_x11520_y5376
2026-07-26 13:16:15,125 - hybrid_pipeline - INFO - Tile tile_x13824_y5376: 核心遮罩全空 → 空白 placeholder
2026-07-26 13:16:15,133 - hybrid_pipeline - INFO - Tile tile_x13056_y5376: 核心遮罩全空 → 空白 placeholder
2026-07-26 13:16:15,158 - hybrid_pipeline - INFO - [182/576] 已回收 tile_x13824_y5376
2026-07-26 13:16:15,161 - hybrid_pipeline - INFO - [183/576] 已回收 tile_x13056_y5376
2026-07-26 13:16:15,187 - hybrid_pipeline - INFO - Tile tile_x16128_y5376: 核心遮罩全空 → 空白 placeholder
2026-07-26 13:16:15,190 - hybrid_pipeline - INFO - Tile tile_x15360_y5376: 核心遮罩全空 → 空白 placeholder
2026-07-26 13:16:15,208 - hybrid_pipeline - INFO - [184/576] 已回收 tile_x16128_y5376
2026-07-26 13:16:15,214 - hybrid_pipeline - INFO - [185/576] 已回收 tile_x15360_y5376
2026-07-26 13:16:15,236 - hybrid_pipeline - INFO - Tile tile_x14592_y5376: 核心遮罩全空 → 空白 placeholder
2026-07-26 13:16:15,243 - hybrid_pipeline - INFO - Tile tile_x16896_y5376: 核心遮罩全空 → 空白 placeholder
2026-07-26 13:16:15,269 - hybrid_pipeline - INFO - [186/576] 已回收 tile_x14592_y5376
2026-07-26 13:16:15,297 - hybrid_pipeline - INFO - Tile tile_x17664_y5376: 核心遮罩全空 → 空白 placeholder
2026-07-26 13:16:15,699 - hybrid_pipeline - INFO - [187/576] 已回收 tile_x17664_y4608
2026-07-26 13:16:15,704 - hybrid_pipeline - INFO - [188/576] 已回收 tile_x0_y5376
2026-07-26 13:16:15,729 - m3_module.m3_cells_generator - INFO - All-positive 標註完成: 5 個細胞
2026-07-26 13:16:15,734 - m3_module.m3_cells_generator - INFO - All-positive 標註完成: 6 個細胞
2026-07-26 13:16:15,766 - m3_module.m3_cells_generator - INFO - enlarge_cell_instances: 5 顆細胞, factor=1.50(面積), 中位半徑=17.3px, 外擴=3.9px
2026-07-26 13:16:15,773 - m3_module.m3_cells_generator - INFO - enlarge_cell_instances: 6 顆細胞, factor=1.50(面積), 中位半徑=16.7px, 外擴=3.8px
2026-07-26 13:16:15,903 - m3_module.m3_dot_detection - INFO - detect_all_dots: 紅點=0, 黑點=0, 涉及細胞=5
2026-07-26 13:16:15,909 - m3_module.m3_dot_detection - INFO - detect_all_dots: 紅點=0, 黑點=0, 涉及細胞=6
2026-07-26 13:16:15,945 - m4_module.cell_crops - INFO - 匯出 2 張 per-cell 影像至 /data/taro_Projects/tsgh/output/r7_run/cell_crops/tile_x2304_y5376/cells
2026-07-26 13:16:15,945 - hybrid_pipeline - INFO - Tile tile_x2304_y5376 完成: 核心擁有 2 細胞 (2 陽性), 1.80 秒
2026-07-26 13:16:15,945 - hybrid_pipeline - INFO - [189/576] 已回收 tile_x2304_y5376
2026-07-26 13:16:15,954 - m4_module.cell_crops - INFO - 匯出 4 張 per-cell 影像至 /data/taro_Projects/tsgh/output/r7_run/cell_crops/tile_x1536_y5376/cells
2026-07-26 13:16:15,954 - hybrid_pipeline - INFO - Tile tile_x1536_y5376 完成: 核心擁有 4 細胞 (4 陽性), 1.76 秒
2026-07-26 13:16:15,954 - hybrid_pipeline - INFO - [190/576] 已回收 tile_x1536_y5376
2026-07-26 13:16:15,970 - hybrid_pipeline - INFO - Tile tile_x3840_y6144: 核心遮罩全空 → 空白 placeholder
2026-07-26 13:16:15,978 - hybrid_pipeline - INFO - Tile tile_x1536_y6144: 核心遮罩全空 → 空白 placeholder
2026-07-26 13:16:16,017 - hybrid_pipeline - INFO - [191/576] 已回收 tile_x3840_y6144
2026-07-26 13:16:16,031 - hybrid_pipeline - INFO - [192/576] 已回收 tile_x1536_y6144
2026-07-26 13:16:16,041 - hybrid_pipeline - INFO - Tile tile_x4608_y6144: 核心遮罩全空 → 空白 placeholder
2026-07-26 13:16:16,059 - hybrid_pipeline - INFO - Tile tile_x2304_y6144: 核心遮罩全空 → 空白 placeholder
2026-07-26 13:16:16,091 - hybrid_pipeline - INFO - [193/576] 已回收 tile_x4608_y6144
2026-07-26 13:16:16,095 - hybrid_pipeline - INFO - [194/576] 已回收 tile_x2304_y6144
2026-07-26 13:16:16,114 - hybrid_pipeline - INFO - [195/576] 已回收 tile_x16896_y5376
2026-07-26 13:16:16,122 - hybrid_pipeline - INFO - Tile tile_x3072_y6144: 核心遮罩全空 → 空白 placeholder
2026-07-26 13:16:16,127 - hybrid_pipeline - INFO - Tile tile_x5376_y6144: 核心遮罩全空 → 空白 placeholder
2026-07-26 13:16:16,137 - hybrid_pipeline - INFO - [196/576] 已回收 tile_x3072_y6144
2026-07-26 13:16:16,139 - m3_module.m3_cells_generator - INFO - All-positive 標註完成: 10 個細胞
2026-07-26 13:16:16,163 - hybrid_pipeline - INFO - [197/576] 已回收 tile_x5376_y6144
2026-07-26 13:16:16,165 - hybrid_pipeline - INFO - Tile tile_x6144_y6144: 核心遮罩全空 → 空白 placeholder
2026-07-26 13:16:16,175 - m3_module.m3_cells_generator - INFO - enlarge_cell_instances: 10 顆細胞, factor=1.50(面積), 中位半徑=19.1px, 外擴=4.3px
2026-07-26 13:16:16,194 - hybrid_pipeline - INFO - Tile tile_x6912_y6144: 核心遮罩全空 → 空白 placeholder
2026-07-26 13:16:16,200 - m3_module.m3_elastic_matching - INFO - elastic_dish_nucleus_matching(overlap-first): IHC=10, DISH=2, matched(1核)=0 (其中重疊=0), drop-out(競爭落敗)=0, 無候選(計入)=10, factor=1.50, min_reach=20.0
2026-07-26 13:16:16,211 - hybrid_pipeline - INFO - [198/576] 已回收 tile_x6144_y6144
2026-07-26 13:16:16,219 - hybrid_pipeline - INFO - [199/576] 已回收 tile_x6912_y6144
2026-07-26 13:16:16,240 - hybrid_pipeline - INFO - Tile tile_x8448_y6144: 核心遮罩全空 → 空白 placeholder
2026-07-26 13:16:16,249 - hybrid_pipeline - INFO - Tile tile_x9216_y6144: 核心遮罩全空 → 空白 placeholder
2026-07-26 13:16:16,262 - hybrid_pipeline - INFO - [200/576] 已回收 tile_x8448_y6144
2026-07-26 13:16:16,266 - hybrid_pipeline - INFO - [201/576] 已回收 tile_x17664_y5376
2026-07-26 13:16:16,270 - hybrid_pipeline - INFO - [202/576] 已回收 tile_x9216_y6144
2026-07-26 13:16:16,294 - hybrid_pipeline - INFO - Tile tile_x9984_y6144: 核心遮罩全空 → 空白 placeholder
2026-07-26 13:16:16,296 - m3_module.m3_cells_generator - INFO - All-positive 標註完成: 22 個細胞
2026-07-26 13:16:16,301 - hybrid_pipeline - INFO - Tile tile_x11520_y6144: 核心遮罩全空 → 空白 placeholder
2026-07-26 13:16:16,311 - hybrid_pipeline - INFO - [203/576] 已回收 tile_x9984_y6144
2026-07-26 13:16:16,315 - m3_module.m3_dot_detection - INFO - detect_all_dots: 紅點=0, 黑點=0, 涉及細胞=10
2026-07-26 13:16:16,336 - m3_module.m3_cells_generator - INFO - enlarge_cell_instances: 22 顆細胞, factor=1.50(面積), 中位半徑=20.6px, 外擴=4.6px
2026-07-26 13:16:16,342 - hybrid_pipeline - INFO - [204/576] 已回收 tile_x11520_y6144
2026-07-26 13:16:16,342 - hybrid_pipeline - INFO - Tile tile_x10752_y6144: 核心遮罩全空 → 空白 placeholder
2026-07-26 13:16:16,357 - hybrid_pipeline - INFO - [205/576] 已回收 tile_x10752_y6144
2026-07-26 13:16:16,361 - m3_module.m3_elastic_matching - INFO - elastic_dish_nucleus_matching(overlap-first): IHC=22, DISH=1, matched(1核)=0 (其中重疊=0), drop-out(競爭落敗)=0, 無候選(計入)=22, factor=1.50, min_reach=20.0
2026-07-26 13:16:16,371 - hybrid_pipeline - INFO - Tile tile_x13056_y6144: 核心遮罩全空 → 空白 placeholder
2026-07-26 13:16:16,384 - hybrid_pipeline - INFO - [206/576] 已回收 tile_x13056_y6144
2026-07-26 13:16:16,387 - hybrid_pipeline - INFO - Tile tile_x13824_y6144: 核心遮罩全空 → 空白 placeholder
2026-07-26 13:16:16,389 - m4_module.cell_crops - INFO - 匯出 1 張 per-cell 影像至 /data/taro_Projects/tsgh/output/r7_run/cell_crops/tile_x0_y6144/cells
2026-07-26 13:16:16,389 - hybrid_pipeline - INFO - Tile tile_x0_y6144 完成: 核心擁有 1 細胞 (1 陽性), 1.18 秒
2026-07-26 13:16:16,390 - hybrid_pipeline - INFO - [207/576] 已回收 tile_x0_y6144
2026-07-26 13:16:16,400 - hybrid_pipeline - INFO - [208/576] 已回收 tile_x13824_y6144
2026-07-26 13:16:16,414 - hybrid_pipeline - INFO - Tile tile_x14592_y6144: 核心遮罩全空 → 空白 placeholder
2026-07-26 13:16:16,418 - hybrid_pipeline - INFO - Tile tile_x7680_y6144: 核心遮罩全空 → 空白 placeholder
2026-07-26 13:16:16,424 - hybrid_pipeline - INFO - Tile tile_x16128_y6144: 核心遮罩全空 → 空白 placeholder
2026-07-26 13:16:16,445 - hybrid_pipeline - INFO - [209/576] 已回收 tile_x14592_y6144
2026-07-26 13:16:16,459 - hybrid_pipeline - INFO - [210/576] 已回收 tile_x7680_y6144
2026-07-26 13:16:16,463 - hybrid_pipeline - INFO - [211/576] 已回收 tile_x16128_y6144
2026-07-26 13:16:16,475 - hybrid_pipeline - INFO - Tile tile_x16896_y6144: 核心遮罩全空 → 空白 placeholder
2026-07-26 13:16:16,478 - m3_module.m3_dot_detection - INFO - detect_all_dots: 紅點=0, 黑點=0, 涉及細胞=22
2026-07-26 13:16:16,485 - hybrid_pipeline - INFO - Tile tile_x15360_y6144: 核心遮罩全空 → 空白 placeholder
2026-07-26 13:16:16,492 - hybrid_pipeline - INFO - Tile tile_x17664_y6144: 核心遮罩全空 → 空白 placeholder
2026-07-26 13:16:16,557 - m4_module.cell_crops - INFO - 匯出 12 張 per-cell 影像至 /data/taro_Projects/tsgh/output/r7_run/cell_crops/tile_x768_y6144/cells
2026-07-26 13:16:16,557 - hybrid_pipeline - INFO - Tile tile_x768_y6144 完成: 核心擁有 12 細胞 (12 陽性), 1.29 秒
2026-07-26 13:16:16,558 - hybrid_pipeline - INFO - [212/576] 已回收 tile_x768_y6144
2026-07-26 13:16:16,583 - hybrid_pipeline - INFO - Tile tile_x12288_y6144: 核心遮罩全空 → 空白 placeholder
2026-07-26 13:16:17,514 - hybrid_pipeline - INFO - [213/576] 已回收 tile_x16896_y6144
2026-07-26 13:16:17,543 - m3_module.m3_cells_generator - INFO - All-positive 標註完成: 23 個細胞
2026-07-26 13:16:17,583 - m3_module.m3_cells_generator - INFO - enlarge_cell_instances: 23 顆細胞, factor=1.50(面積), 中位半徑=18.0px, 外擴=4.0px
2026-07-26 13:16:17,599 - hybrid_pipeline - INFO - [214/576] 已回收 tile_x12288_y6144
2026-07-26 13:16:17,611 - m3_module.m3_elastic_matching - INFO - elastic_dish_nucleus_matching(overlap-first): IHC=23, DISH=17, matched(1核)=1 (其中重疊=1), drop-out(競爭落敗)=0, 無候選(計入)=22, factor=1.50, min_reach=20.0
2026-07-26 13:16:17,630 - m3_module.m3_cells_generator - INFO - All-positive 標註完成: 3 個細胞
2026-07-26 13:16:17,663 - m3_module.m3_cells_generator - INFO - enlarge_cell_instances: 3 顆細胞, factor=1.50(面積), 中位半徑=15.4px, 外擴=3.5px
2026-07-26 13:16:17,684 - hybrid_pipeline - INFO - [215/576] 已回收 tile_x15360_y6144
2026-07-26 13:16:17,713 - m3_module.m3_cells_generator - INFO - All-positive 標註完成: 46 個細胞
2026-07-26 13:16:17,731 - m3_module.m3_dot_detection - INFO - detect_all_dots: 紅點=0, 黑點=0, 涉及細胞=23
2026-07-26 13:16:17,757 - m3_module.m3_cells_generator - INFO - enlarge_cell_instances: 46 顆細胞, factor=1.50(面積), 中位半徑=22.0px, 外擴=4.9px
2026-07-26 13:16:17,790 - m3_module.m3_elastic_matching - INFO - elastic_dish_nucleus_matching(overlap-first): IHC=46, DISH=244, matched(1核)=16 (其中重疊=16), drop-out(競爭落敗)=0, 無候選(計入)=30, factor=1.50, min_reach=20.0
2026-07-26 13:16:17,795 - m3_module.m3_dot_detection - INFO - detect_all_dots: 紅點=0, 黑點=0, 涉及細胞=3
2026-07-26 13:16:17,836 - m4_module.cell_crops - INFO - 匯出 0 張 per-cell 影像至 /data/taro_Projects/tsgh/output/r7_run/cell_crops/tile_x1536_y6912/cells
2026-07-26 13:16:17,836 - hybrid_pipeline - INFO - Tile tile_x1536_y6912 完成: 核心擁有 0 細胞 (0 陽性), 1.28 秒
2026-07-26 13:16:17,836 - hybrid_pipeline - INFO - [216/576] 已回收 tile_x1536_y6912
2026-07-26 13:16:17,856 - m4_module.cell_crops - INFO - 匯出 10 張 per-cell 影像至 /data/taro_Projects/tsgh/output/r7_run/cell_crops/tile_x0_y6912/cells
2026-07-26 13:16:17,856 - hybrid_pipeline - INFO - Tile tile_x0_y6912 完成: 核心擁有 10 細胞 (10 陽性), 1.41 秒
2026-07-26 13:16:17,860 - hybrid_pipeline - INFO - Tile tile_x3840_y6912: 核心遮罩全空 → 空白 placeholder
2026-07-26 13:16:17,873 - hybrid_pipeline - INFO - [217/576] 已回收 tile_x3840_y6912
2026-07-26 13:16:17,886 - hybrid_pipeline - INFO - [218/576] 已回收 tile_x17664_y6144
2026-07-26 13:16:17,901 - hybrid_pipeline - INFO - Tile tile_x5376_y6912: 核心遮罩全空 → 空白 placeholder
2026-07-26 13:16:17,915 - m3_module.m3_cells_generator - INFO - All-positive 標註完成: 20 個細胞
2026-07-26 13:16:17,915 - m3_module.m3_dot_detection - INFO - detect_all_dots: 紅點=0, 黑點=0, 涉及細胞=46
2026-07-26 13:16:17,918 - hybrid_pipeline - INFO - [219/576] 已回收 tile_x5376_y6912
2026-07-26 13:16:17,946 - hybrid_pipeline - INFO - Tile tile_x6144_y6912: 核心遮罩全空 → 空白 placeholder
2026-07-26 13:16:17,955 - hybrid_pipeline - INFO - [220/576] 已回收 tile_x6144_y6912
2026-07-26 13:16:17,956 - m3_module.m3_cells_generator - INFO - enlarge_cell_instances: 20 顆細胞, factor=1.50(面積), 中位半徑=24.5px, 外擴=5.5px
2026-07-26 13:16:17,983 - hybrid_pipeline - INFO - Tile tile_x7680_y6912: 核心遮罩全空 → 空白 placeholder
2026-07-26 13:16:17,995 - m3_module.m3_elastic_matching - INFO - elastic_dish_nucleus_matching(overlap-first): IHC=20, DISH=618, matched(1核)=20 (其中重疊=20), drop-out(競爭落敗)=0, 無候選(計入)=0, factor=1.50, min_reach=20.0
2026-07-26 13:16:18,010 - hybrid_pipeline - INFO - [221/576] 已回收 tile_x7680_y6912
2026-07-26 13:16:18,037 - hybrid_pipeline - INFO - Tile tile_x9216_y6912: 核心遮罩全空 → 空白 placeholder
2026-07-26 13:16:18,061 - m4_module.cell_crops - INFO - 匯出 31 張 per-cell 影像至 /data/taro_Projects/tsgh/output/r7_run/cell_crops/tile_x768_y6912/cells
2026-07-26 13:16:18,061 - hybrid_pipeline - INFO - Tile tile_x768_y6912 完成: 核心擁有 31 細胞 (31 陽性), 1.60 秒
2026-07-26 13:16:18,062 - hybrid_pipeline - INFO - [222/576] 已回收 tile_x768_y6912
2026-07-26 13:16:18,070 - hybrid_pipeline - INFO - [223/576] 已回收 tile_x9216_y6912
2026-07-26 13:16:18,086 - hybrid_pipeline - INFO - Tile tile_x4608_y6912: 核心遮罩全空 → 空白 placeholder
2026-07-26 13:16:18,101 - hybrid_pipeline - INFO - Tile tile_x8448_y6912: 核心遮罩全空 → 空白 placeholder
2026-07-26 13:16:18,111 - m3_module.m3_dot_detection - INFO - detect_all_dots: 紅點=0, 黑點=0, 涉及細胞=20
2026-07-26 13:16:18,138 - hybrid_pipeline - INFO - [224/576] 已回收 tile_x4608_y6912
2026-07-26 13:16:18,141 - hybrid_pipeline - INFO - [225/576] 已回收 tile_x8448_y6912
2026-07-26 13:16:18,170 - hybrid_pipeline - INFO - Tile tile_x10752_y6912: 核心遮罩全空 → 空白 placeholder
2026-07-26 13:16:18,170 - hybrid_pipeline - INFO - Tile tile_x9984_y6912: 核心遮罩全空 → 空白 placeholder
2026-07-26 13:16:18,195 - hybrid_pipeline - INFO - [226/576] 已回收 tile_x10752_y6912
2026-07-26 13:16:18,197 - hybrid_pipeline - INFO - [227/576] 已回收 tile_x9984_y6912
2026-07-26 13:16:18,215 - m4_module.cell_crops - INFO - 匯出 8 張 per-cell 影像至 /data/taro_Projects/tsgh/output/r7_run/cell_crops/tile_x2304_y6912/cells
2026-07-26 13:16:18,215 - hybrid_pipeline - INFO - Tile tile_x2304_y6912 完成: 核心擁有 8 細胞 (8 陽性), 1.75 秒
2026-07-26 13:16:18,216 - hybrid_pipeline - INFO - [228/576] 已回收 tile_x2304_y6912
2026-07-26 13:16:18,226 - hybrid_pipeline - INFO - Tile tile_x12288_y6912: 核心遮罩全空 → 空白 placeholder
2026-07-26 13:16:18,232 - hybrid_pipeline - INFO - Tile tile_x11520_y6912: 核心遮罩全空 → 空白 placeholder
2026-07-26 13:16:18,239 - hybrid_pipeline - INFO - Tile tile_x6912_y6912: 核心遮罩全空 → 空白 placeholder
2026-07-26 13:16:18,263 - hybrid_pipeline - INFO - [229/576] 已回收 tile_x11520_y6912
2026-07-26 13:16:18,267 - hybrid_pipeline - INFO - [230/576] 已回收 tile_x12288_y6912
2026-07-26 13:16:18,283 - hybrid_pipeline - INFO - [231/576] 已回收 tile_x6912_y6912
2026-07-26 13:16:18,293 - hybrid_pipeline - INFO - Tile tile_x13056_y6912: 核心遮罩全空 → 空白 placeholder
2026-07-26 13:16:18,296 - hybrid_pipeline - INFO - Tile tile_x15360_y6912: 核心遮罩全空 → 空白 placeholder
2026-07-26 13:16:18,310 - hybrid_pipeline - INFO - Tile tile_x14592_y6912: 核心遮罩全空 → 空白 placeholder
2026-07-26 13:16:18,344 - hybrid_pipeline - INFO - [232/576] 已回收 tile_x13056_y6912
2026-07-26 13:16:18,349 - hybrid_pipeline - INFO - [233/576] 已回收 tile_x15360_y6912
2026-07-26 13:16:18,351 - hybrid_pipeline - INFO - [234/576] 已回收 tile_x14592_y6912
2026-07-26 13:16:18,373 - hybrid_pipeline - INFO - Tile tile_x16896_y6912: 核心遮罩全空 → 空白 placeholder
2026-07-26 13:16:18,376 - hybrid_pipeline - INFO - Tile tile_x16128_y6912: 核心遮罩全空 → 空白 placeholder
2026-07-26 13:16:18,379 - hybrid_pipeline - INFO - Tile tile_x13824_y6912: 核心遮罩全空 → 空白 placeholder
2026-07-26 13:16:18,398 - hybrid_pipeline - INFO - [235/576] 已回收 tile_x16896_y6912
2026-07-26 13:16:18,427 - hybrid_pipeline - INFO - Tile tile_x17664_y6912: 核心遮罩全空 → 空白 placeholder
2026-07-26 13:16:18,598 - hybrid_pipeline - INFO - [236/576] 已回收 tile_x0_y6912
2026-07-26 13:16:18,623 - m3_module.m3_cells_generator - INFO - All-positive 標註完成: 6 個細胞
2026-07-26 13:16:18,653 - m3_module.m3_cells_generator - INFO - enlarge_cell_instances: 6 顆細胞, factor=1.50(面積), 中位半徑=24.4px, 外擴=5.5px
2026-07-26 13:16:18,681 - m3_module.m3_elastic_matching - INFO - elastic_dish_nucleus_matching(overlap-first): IHC=6, DISH=319, matched(1核)=6 (其中重疊=6), drop-out(競爭落敗)=0, 無候選(計入)=0, factor=1.50, min_reach=20.0
2026-07-26 13:16:18,798 - m3_module.m3_dot_detection - INFO - detect_all_dots: 紅點=0, 黑點=0, 涉及細胞=6
2026-07-26 13:16:18,870 - m4_module.cell_crops - INFO - 匯出 0 張 per-cell 影像至 /data/taro_Projects/tsgh/output/r7_run/cell_crops/tile_x3072_y6912/cells
2026-07-26 13:16:18,870 - hybrid_pipeline - INFO - Tile tile_x3072_y6912 完成: 核心擁有 0 細胞 (0 陽性), 1.36 秒
2026-07-26 13:16:19,481 - hybrid_pipeline - INFO - [237/576] 已回收 tile_x16128_y6912
2026-07-26 13:16:19,509 - m3_module.m3_cells_generator - INFO - All-positive 標註完成: 14 個細胞
2026-07-26 13:16:19,541 - hybrid_pipeline - INFO - [238/576] 已回收 tile_x17664_y6912
2026-07-26 13:16:19,548 - m3_module.m3_cells_generator - INFO - enlarge_cell_instances: 14 顆細胞, factor=1.50(面積), 中位半徑=15.2px, 外擴=3.4px
2026-07-26 13:16:19,567 - hybrid_pipeline - INFO - [239/576] 已回收 tile_x3072_y6912
2026-07-26 13:16:19,572 - m3_module.m3_cells_generator - INFO - All-positive 標註完成: 69 個細胞
2026-07-26 13:16:19,579 - m3_module.m3_elastic_matching - INFO - elastic_dish_nucleus_matching(overlap-first): IHC=14, DISH=1, matched(1核)=1 (其中重疊=1), drop-out(競爭落敗)=1, 無候選(計入)=12, factor=1.50, min_reach=20.0
2026-07-26 13:16:19,586 - hybrid_pipeline - INFO - [240/576] 已回收 tile_x13824_y6912
2026-07-26 13:16:19,600 - m3_module.m3_cells_generator - INFO - All-positive 標註完成: 125 個細胞
2026-07-26 13:16:19,615 - m3_module.m3_cells_generator - INFO - All-positive 標註完成: 52 個細胞
2026-07-26 13:16:19,627 - m3_module.m3_cells_generator - INFO - enlarge_cell_instances: 69 顆細胞, factor=1.50(面積), 中位半徑=22.7px, 外擴=5.1px
2026-07-26 13:16:19,655 - m3_module.m3_cells_generator - INFO - enlarge_cell_instances: 125 顆細胞, factor=1.50(面積), 中位半徑=23.0px, 外擴=5.2px
2026-07-26 13:16:19,659 - m3_module.m3_elastic_matching - INFO - elastic_dish_nucleus_matching(overlap-first): IHC=69, DISH=127, matched(1核)=15 (其中重疊=15), drop-out(競爭落敗)=3, 無候選(計入)=51, factor=1.50, min_reach=20.0
2026-07-26 13:16:19,671 - m3_module.m3_cells_generator - INFO - enlarge_cell_instances: 52 顆細胞, factor=1.50(面積), 中位半徑=22.0px, 外擴=4.9px
2026-07-26 13:16:19,686 - m3_module.m3_elastic_matching - INFO - elastic_dish_nucleus_matching(overlap-first): IHC=125, DISH=44, matched(1核)=10 (其中重疊=10), drop-out(競爭落敗)=8, 無候選(計入)=107, factor=1.50, min_reach=20.0
2026-07-26 13:16:19,702 - m3_module.m3_elastic_matching - INFO - elastic_dish_nucleus_matching(overlap-first): IHC=52, DISH=210, matched(1核)=20 (其中重疊=18), drop-out(競爭落敗)=2, 無候選(計入)=30, factor=1.50, min_reach=20.0
2026-07-26 13:16:19,708 - m3_module.m3_dot_detection - INFO - detect_all_dots: 紅點=0, 黑點=1, 涉及細胞=14
2026-07-26 13:16:19,796 - m3_module.m3_dot_detection - INFO - detect_all_dots: 紅點=1, 黑點=2, 涉及細胞=69
2026-07-26 13:16:19,796 - m4_module.cell_crops - INFO - 匯出 2 張 per-cell 影像至 /data/taro_Projects/tsgh/output/r7_run/cell_crops/tile_x0_y7680/cells
2026-07-26 13:16:19,797 - hybrid_pipeline - INFO - Tile tile_x0_y7680 完成: 核心擁有 2 細胞 (2 陽性), 1.45 秒
2026-07-26 13:16:19,821 - m3_module.m3_dot_detection - INFO - detect_all_dots: 紅點=0, 黑點=1, 涉及細胞=125
2026-07-26 13:16:19,831 - m3_module.m3_dot_detection - INFO - detect_all_dots: 紅點=0, 黑點=1, 涉及細胞=52
2026-07-26 13:16:19,873 - cellpose.dynamics - INFO - No cell pixels found.
2026-07-26 13:16:19,990 - m4_module.cell_crops - INFO - 匯出 15 張 per-cell 影像至 /data/taro_Projects/tsgh/output/r7_run/cell_crops/tile_x768_y7680/cells
2026-07-26 13:16:19,990 - hybrid_pipeline - INFO - Tile tile_x768_y7680 完成: 核心擁有 15 細胞 (15 陽性), 1.64 秒
2026-07-26 13:16:20,023 - m4_module.cell_crops - INFO - 匯出 43 張 per-cell 影像至 /data/taro_Projects/tsgh/output/r7_run/cell_crops/tile_x1536_y7680/cells
2026-07-26 13:16:20,024 - hybrid_pipeline - INFO - Tile tile_x1536_y7680 完成: 核心擁有 43 細胞 (43 陽性), 1.63 秒
2026-07-26 13:16:20,024 - hybrid_pipeline - INFO - [241/576] 已回收 tile_x1536_y7680
2026-07-26 13:16:20,050 - hybrid_pipeline - INFO - Tile tile_x4608_y7680: 核心遮罩全空 → 空白 placeholder
2026-07-26 13:16:20,097 - hybrid_pipeline - INFO - [242/576] 已回收 tile_x4608_y7680
2026-07-26 13:16:20,107 - m4_module.cell_crops - INFO - 匯出 73 張 per-cell 影像至 /data/taro_Projects/tsgh/output/r7_run/cell_crops/tile_x2304_y7680/cells
2026-07-26 13:16:20,107 - hybrid_pipeline - INFO - Tile tile_x2304_y7680 完成: 核心擁有 73 細胞 (73 陽性), 1.51 秒
2026-07-26 13:16:20,108 - hybrid_pipeline - INFO - [243/576] 已回收 tile_x2304_y7680
2026-07-26 13:16:20,124 - hybrid_pipeline - INFO - Tile tile_x6912_y7680: 核心遮罩全空 → 空白 placeholder
2026-07-26 13:16:20,132 - hybrid_pipeline - INFO - Tile tile_x3840_y7680: 核心遮罩全空 → 空白 placeholder
2026-07-26 13:16:20,185 - hybrid_pipeline - INFO - [244/576] 已回收 tile_x6912_y7680
2026-07-26 13:16:20,194 - hybrid_pipeline - INFO - [245/576] 已回收 tile_x3840_y7680
2026-07-26 13:16:20,209 - hybrid_pipeline - INFO - Tile tile_x6144_y7680: 核心遮罩全空 → 空白 placeholder
2026-07-26 13:16:20,218 - hybrid_pipeline - INFO - Tile tile_x8448_y7680: 核心遮罩全空 → 空白 placeholder
2026-07-26 13:16:20,245 - hybrid_pipeline - INFO - [246/576] 已回收 tile_x6144_y7680
2026-07-26 13:16:20,250 - hybrid_pipeline - INFO - [247/576] 已回收 tile_x8448_y7680
2026-07-26 13:16:20,273 - hybrid_pipeline - INFO - Tile tile_x7680_y7680: 核心遮罩全空 → 空白 placeholder
2026-07-26 13:16:20,280 - hybrid_pipeline - INFO - Tile tile_x9984_y7680: 核心遮罩全空 → 空白 placeholder
2026-07-26 13:16:20,304 - hybrid_pipeline - INFO - [248/576] 已回收 tile_x7680_y7680
2026-07-26 13:16:20,313 - hybrid_pipeline - INFO - [249/576] 已回收 tile_x9984_y7680
2026-07-26 13:16:20,332 - hybrid_pipeline - INFO - Tile tile_x11520_y7680: 核心遮罩全空 → 空白 placeholder
2026-07-26 13:16:20,333 - hybrid_pipeline - INFO - [250/576] 已回收 tile_x0_y7680
2026-07-26 13:16:20,343 - hybrid_pipeline - INFO - Tile tile_x9216_y7680: 核心遮罩全空 → 空白 placeholder
2026-07-26 13:16:20,348 - hybrid_pipeline - INFO - [251/576] 已回收 tile_x11520_y7680
2026-07-26 13:16:20,363 - m3_module.m3_cells_generator - INFO - All-positive 標註完成: 66 個細胞
2026-07-26 13:16:20,370 - hybrid_pipeline - INFO - [252/576] 已回收 tile_x768_y7680
2026-07-26 13:16:20,372 - hybrid_pipeline - INFO - [253/576] 已回收 tile_x9216_y7680
2026-07-26 13:16:20,375 - m3_module.m3_cells_generator - INFO - All-positive 標註完成: 0 個細胞
2026-07-26 13:16:20,377 - hybrid_pipeline - INFO - Tile tile_x10752_y7680: 核心遮罩全空 → 空白 placeholder
2026-07-26 13:16:20,401 - hybrid_pipeline - INFO - Tile tile_x12288_y7680: 核心遮罩全空 → 空白 placeholder
2026-07-26 13:16:20,404 - m3_module.m3_cells_generator - INFO - enlarge_cell_instances: 66 顆細胞, factor=1.50(面積), 中位半徑=22.8px, 外擴=5.1px
2026-07-26 13:16:20,419 - hybrid_pipeline - INFO - [254/576] 已回收 tile_x10752_y7680
2026-07-26 13:16:20,430 - m3_module.m3_elastic_matching - INFO - elastic_dish_nucleus_matching(overlap-first): IHC=66, DISH=5, matched(1核)=2 (其中重疊=2), drop-out(競爭落敗)=1, 無候選(計入)=63, factor=1.50, min_reach=20.0
2026-07-26 13:16:20,447 - hybrid_pipeline - INFO - Tile tile_x15360_y7680: 核心遮罩全空 → 空白 placeholder
2026-07-26 13:16:20,449 - hybrid_pipeline - INFO - [255/576] 已回收 tile_x12288_y7680
2026-07-26 13:16:20,463 - hybrid_pipeline - INFO - [256/576] 已回收 tile_x15360_y7680
2026-07-26 13:16:20,474 - hybrid_pipeline - INFO - Tile tile_x16128_y7680: 核心遮罩全空 → 空白 placeholder
2026-07-26 13:16:20,491 - hybrid_pipeline - INFO - Tile tile_x16896_y7680: 核心遮罩全空 → 空白 placeholder
2026-07-26 13:16:20,493 - hybrid_pipeline - INFO - [257/576] 已回收 tile_x16128_y7680
2026-07-26 13:16:20,504 - hybrid_pipeline - INFO - [258/576] 已回收 tile_x16896_y7680
2026-07-26 13:16:20,522 - m3_module.m3_dot_detection - INFO - detect_all_dots: 紅點=0, 黑點=0, 涉及細胞=0
2026-07-26 13:16:20,525 - hybrid_pipeline - INFO - Tile tile_x13824_y7680: 核心遮罩全空 → 空白 placeholder
2026-07-26 13:16:20,533 - hybrid_pipeline - INFO - Tile tile_x17664_y7680: 核心遮罩全空 → 空白 placeholder
2026-07-26 13:16:20,549 - m3_module.m3_dot_detection - INFO - detect_all_dots: 紅點=0, 黑點=0, 涉及細胞=66
2026-07-26 13:16:20,553 - m4_module.cell_crops - INFO - 匯出 0 張 per-cell 影像至 /data/taro_Projects/tsgh/output/r7_run/cell_crops/tile_x5376_y7680/cells
2026-07-26 13:16:20,553 - hybrid_pipeline - INFO - Tile tile_x5376_y7680 完成: 核心擁有 0 細胞 (0 陽性), 0.97 秒
2026-07-26 13:16:20,554 - hybrid_pipeline - INFO - [259/576] 已回收 tile_x5376_y7680
2026-07-26 13:16:20,579 - hybrid_pipeline - INFO - Tile tile_x14592_y7680: 核心遮罩全空 → 空白 placeholder
2026-07-26 13:16:20,708 - m4_module.cell_crops - INFO - 匯出 31 張 per-cell 影像至 /data/taro_Projects/tsgh/output/r7_run/cell_crops/tile_x3072_y7680/cells
2026-07-26 13:16:20,708 - hybrid_pipeline - INFO - Tile tile_x3072_y7680 完成: 核心擁有 31 細胞 (31 陽性), 1.23 秒
2026-07-26 13:16:20,708 - hybrid_pipeline - INFO - [260/576] 已回收 tile_x3072_y7680
2026-07-26 13:16:20,736 - hybrid_pipeline - INFO - Tile tile_x13056_y7680: 核心遮罩全空 → 空白 placeholder
2026-07-26 13:16:21,526 - hybrid_pipeline - INFO - [261/576] 已回收 tile_x13824_y7680
2026-07-26 13:16:21,554 - m3_module.m3_cells_generator - INFO - All-positive 標註完成: 41 個細胞
2026-07-26 13:16:21,600 - m3_module.m3_cells_generator - INFO - enlarge_cell_instances: 41 顆細胞, factor=1.50(面積), 中位半徑=19.6px, 外擴=4.4px
2026-07-26 13:16:21,631 - m3_module.m3_elastic_matching - INFO - elastic_dish_nucleus_matching(overlap-first): IHC=41, DISH=10, matched(1核)=10 (其中重疊=10), drop-out(競爭落敗)=7, 無候選(計入)=24, factor=1.50, min_reach=20.0
2026-07-26 13:16:21,657 - hybrid_pipeline - INFO - [262/576] 已回收 tile_x14592_y7680
2026-07-26 13:16:21,661 - hybrid_pipeline - INFO - [263/576] 已回收 tile_x17664_y7680
2026-07-26 13:16:21,687 - m3_module.m3_cells_generator - INFO - All-positive 標註完成: 99 個細胞
2026-07-26 13:16:21,695 - hybrid_pipeline - INFO - [264/576] 已回收 tile_x13056_y7680
2026-07-26 13:16:21,695 - m3_module.m3_cells_generator - INFO - All-positive 標註完成: 112 個細胞
2026-07-26 13:16:21,722 - m3_module.m3_cells_generator - INFO - All-positive 標註完成: 124 個細胞
2026-07-26 13:16:21,751 - m3_module.m3_cells_generator - INFO - enlarge_cell_instances: 99 顆細胞, factor=1.50(面積), 中位半徑=26.0px, 外擴=5.8px
2026-07-26 13:16:21,758 - m3_module.m3_cells_generator - INFO - enlarge_cell_instances: 112 顆細胞, factor=1.50(面積), 中位半徑=26.0px, 外擴=5.9px
2026-07-26 13:16:21,780 - m3_module.m3_elastic_matching - INFO - elastic_dish_nucleus_matching(overlap-first): IHC=99, DISH=8, matched(1核)=7 (其中重疊=7), drop-out(競爭落敗)=5, 無候選(計入)=87, factor=1.50, min_reach=20.0
2026-07-26 13:16:21,780 - m3_module.m3_cells_generator - INFO - enlarge_cell_instances: 124 顆細胞, factor=1.50(面積), 中位半徑=24.2px, 外擴=5.4px
2026-07-26 13:16:21,790 - m3_module.m3_elastic_matching - INFO - elastic_dish_nucleus_matching(overlap-first): IHC=112, DISH=21, matched(1核)=20 (其中重疊=20), drop-out(競爭落敗)=6, 無候選(計入)=86, factor=1.50, min_reach=20.0
2026-07-26 13:16:21,804 - m3_module.m3_dot_detection - INFO - detect_all_dots: 紅點=18, 黑點=27, 涉及細胞=41
2026-07-26 13:16:21,811 - m3_module.m3_elastic_matching - INFO - elastic_dish_nucleus_matching(overlap-first): IHC=124, DISH=13, matched(1核)=12 (其中重疊=12), drop-out(競爭落敗)=5, 無候選(計入)=107, factor=1.50, min_reach=20.0
2026-07-26 13:16:21,925 - m3_module.m3_dot_detection - INFO - detect_all_dots: 紅點=5, 黑點=7, 涉及細胞=99
2026-07-26 13:16:21,958 - m4_module.cell_crops - INFO - 匯出 15 張 per-cell 影像至 /data/taro_Projects/tsgh/output/r7_run/cell_crops/tile_x0_y8448/cells
2026-07-26 13:16:21,958 - hybrid_pipeline - INFO - Tile tile_x0_y8448 完成: 核心擁有 15 細胞 (15 陽性), 1.46 秒
2026-07-26 13:16:21,967 - m3_module.m3_dot_detection - INFO - detect_all_dots: 紅點=9, 黑點=14, 涉及細胞=124
2026-07-26 13:16:21,983 - m3_module.m3_dot_detection - INFO - detect_all_dots: 紅點=25, 黑點=35, 涉及細胞=112
2026-07-26 13:16:22,210 - m4_module.cell_crops - INFO - 匯出 65 張 per-cell 影像至 /data/taro_Projects/tsgh/output/r7_run/cell_crops/tile_x1536_y8448/cells
2026-07-26 13:16:22,210 - hybrid_pipeline - INFO - Tile tile_x1536_y8448 完成: 核心擁有 65 細胞 (65 陽性), 1.66 秒
2026-07-26 13:16:22,295 - m4_module.cell_crops - INFO - 匯出 70 張 per-cell 影像至 /data/taro_Projects/tsgh/output/r7_run/cell_crops/tile_x768_y8448/cells
2026-07-26 13:16:22,295 - hybrid_pipeline - INFO - Tile tile_x768_y8448 完成: 核心擁有 70 細胞 (70 陽性), 1.79 秒
2026-07-26 13:16:22,295 - hybrid_pipeline - INFO - [265/576] 已回收 tile_x768_y8448
2026-07-26 13:16:22,321 - hybrid_pipeline - INFO - Tile tile_x4608_y8448: 核心遮罩全空 → 空白 placeholder
2026-07-26 13:16:22,333 - hybrid_pipeline - INFO - [266/576] 已回收 tile_x4608_y8448
2026-07-26 13:16:22,343 - m4_module.cell_crops - INFO - 匯出 61 張 per-cell 影像至 /data/taro_Projects/tsgh/output/r7_run/cell_crops/tile_x2304_y8448/cells
2026-07-26 13:16:22,344 - hybrid_pipeline - INFO - Tile tile_x2304_y8448 完成: 核心擁有 61 細胞 (61 陽性), 1.64 秒
2026-07-26 13:16:22,344 - hybrid_pipeline - INFO - [267/576] 已回收 tile_x2304_y8448
2026-07-26 13:16:22,360 - hybrid_pipeline - INFO - Tile tile_x6144_y8448: 核心遮罩全空 → 空白 placeholder
2026-07-26 13:16:22,365 - hybrid_pipeline - INFO - [268/576] 已回收 tile_x0_y8448
2026-07-26 13:16:22,368 - hybrid_pipeline - INFO - Tile tile_x5376_y8448: 核心遮罩全空 → 空白 placeholder
2026-07-26 13:16:22,389 - m3_module.m3_cells_generator - INFO - All-positive 標註完成: 105 個細胞
2026-07-26 13:16:22,397 - hybrid_pipeline - INFO - [269/576] 已回收 tile_x6144_y8448
2026-07-26 13:16:22,410 - hybrid_pipeline - INFO - [270/576] 已回收 tile_x5376_y8448
2026-07-26 13:16:22,422 - hybrid_pipeline - INFO - Tile tile_x6912_y8448: 核心遮罩全空 → 空白 placeholder
2026-07-26 13:16:22,423 - hybrid_pipeline - INFO - [271/576] 已回收 tile_x1536_y8448
2026-07-26 13:16:22,436 - hybrid_pipeline - INFO - Tile tile_x8448_y8448: 核心遮罩全空 → 空白 placeholder
2026-07-26 13:16:22,441 - m3_module.m3_cells_generator - INFO - enlarge_cell_instances: 105 顆細胞, factor=1.50(面積), 中位半徑=24.7px, 外擴=5.5px
2026-07-26 13:16:22,450 - m3_module.m3_cells_generator - INFO - All-positive 標註完成: 15 個細胞
2026-07-26 13:16:22,451 - hybrid_pipeline - INFO - [272/576] 已回收 tile_x6912_y8448
2026-07-26 13:16:22,469 - m3_module.m3_elastic_matching - INFO - elastic_dish_nucleus_matching(overlap-first): IHC=105, DISH=14, matched(1核)=13 (其中重疊=13), drop-out(競爭落敗)=6, 無候選(計入)=86, factor=1.50, min_reach=20.0
2026-07-26 13:16:22,473 - hybrid_pipeline - INFO - [273/576] 已回收 tile_x8448_y8448
2026-07-26 13:16:22,480 - hybrid_pipeline - INFO - Tile tile_x9984_y8448: 核心遮罩全空 → 空白 placeholder
2026-07-26 13:16:22,488 - m3_module.m3_cells_generator - INFO - enlarge_cell_instances: 15 顆細胞, factor=1.50(面積), 中位半徑=23.6px, 外擴=5.3px
2026-07-26 13:16:22,505 - hybrid_pipeline - INFO - [274/576] 已回收 tile_x9984_y8448
2026-07-26 13:16:22,505 - hybrid_pipeline - INFO - Tile tile_x10752_y8448: 核心遮罩全空 → 空白 placeholder
2026-07-26 13:16:22,515 - m3_module.m3_elastic_matching - INFO - elastic_dish_nucleus_matching(overlap-first): IHC=15, DISH=4, matched(1核)=3 (其中重疊=3), drop-out(競爭落敗)=1, 無候選(計入)=11, factor=1.50, min_reach=20.0
2026-07-26 13:16:22,519 - hybrid_pipeline - INFO - [275/576] 已回收 tile_x10752_y8448
2026-07-26 13:16:22,534 - hybrid_pipeline - INFO - Tile tile_x9216_y8448: 核心遮罩全空 → 空白 placeholder
2026-07-26 13:16:22,544 - hybrid_pipeline - INFO - [276/576] 已回收 tile_x9216_y8448
2026-07-26 13:16:22,549 - hybrid_pipeline - INFO - Tile tile_x12288_y8448: 核心遮罩全空 → 空白 placeholder
2026-07-26 13:16:22,559 - hybrid_pipeline - INFO - [277/576] 已回收 tile_x12288_y8448
2026-07-26 13:16:22,574 - hybrid_pipeline - INFO - Tile tile_x13056_y8448: 核心遮罩全空 → 空白 placeholder
2026-07-26 13:16:22,588 - hybrid_pipeline - INFO - Tile tile_x16128_y8448: 核心遮罩全空 → 空白 placeholder
2026-07-26 13:16:22,588 - hybrid_pipeline - INFO - [278/576] 已回收 tile_x13056_y8448
2026-07-26 13:16:22,603 - hybrid_pipeline - INFO - [279/576] 已回收 tile_x16128_y8448
2026-07-26 13:16:22,610 - m3_module.m3_dot_detection - INFO - detect_all_dots: 紅點=6, 黑點=7, 涉及細胞=105
2026-07-26 13:16:22,618 - hybrid_pipeline - INFO - Tile tile_x13824_y8448: 核心遮罩全空 → 空白 placeholder
2026-07-26 13:16:22,628 - hybrid_pipeline - INFO - Tile tile_x14592_y8448: 核心遮罩全空 → 空白 placeholder
2026-07-26 13:16:22,633 - hybrid_pipeline - INFO - [280/576] 已回收 tile_x13824_y8448
2026-07-26 13:16:22,636 - m3_module.m3_dot_detection - INFO - detect_all_dots: 紅點=1, 黑點=0, 涉及細胞=15
2026-07-26 13:16:22,646 - hybrid_pipeline - INFO - [281/576] 已回收 tile_x14592_y8448
2026-07-26 13:16:22,660 - hybrid_pipeline - INFO - Tile tile_x15360_y8448: 核心遮罩全空 → 空白 placeholder
2026-07-26 13:16:22,671 - hybrid_pipeline - INFO - Tile tile_x16896_y8448: 核心遮罩全空 → 空白 placeholder
2026-07-26 13:16:22,671 - hybrid_pipeline - INFO - [282/576] 已回收 tile_x15360_y8448
2026-07-26 13:16:22,699 - hybrid_pipeline - INFO - Tile tile_x17664_y8448: 核心遮罩全空 → 空白 placeholder
2026-07-26 13:16:22,731 - m4_module.cell_crops - INFO - 匯出 0 張 per-cell 影像至 /data/taro_Projects/tsgh/output/r7_run/cell_crops/tile_x3840_y8448/cells
2026-07-26 13:16:22,731 - hybrid_pipeline - INFO - Tile tile_x3840_y8448 完成: 核心擁有 0 細胞 (0 陽性), 1.07 秒
2026-07-26 13:16:22,731 - hybrid_pipeline - INFO - [283/576] 已回收 tile_x3840_y8448
2026-07-26 13:16:22,761 - hybrid_pipeline - INFO - Tile tile_x11520_y8448: 核心遮罩全空 → 空白 placeholder
2026-07-26 13:16:22,916 - m4_module.cell_crops - INFO - 匯出 62 張 per-cell 影像至 /data/taro_Projects/tsgh/output/r7_run/cell_crops/tile_x3072_y8448/cells
2026-07-26 13:16:22,916 - hybrid_pipeline - INFO - Tile tile_x3072_y8448 完成: 核心擁有 62 細胞 (62 陽性), 1.39 秒
2026-07-26 13:16:22,917 - hybrid_pipeline - INFO - [284/576] 已回收 tile_x3072_y8448
2026-07-26 13:16:22,942 - hybrid_pipeline - INFO - Tile tile_x7680_y8448: 核心遮罩全空 → 空白 placeholder
2026-07-26 13:16:23,585 - hybrid_pipeline - INFO - [285/576] 已回收 tile_x16896_y8448
2026-07-26 13:16:23,612 - m3_module.m3_cells_generator - INFO - All-positive 標註完成: 72 個細胞
2026-07-26 13:16:23,644 - hybrid_pipeline - INFO - [286/576] 已回收 tile_x17664_y8448
2026-07-26 13:16:23,659 - m3_module.m3_cells_generator - INFO - enlarge_cell_instances: 72 顆細胞, factor=1.50(面積), 中位半徑=22.0px, 外擴=4.9px
2026-07-26 13:16:23,674 - m3_module.m3_cells_generator - INFO - All-positive 標註完成: 36 個細胞
2026-07-26 13:16:23,689 - m3_module.m3_elastic_matching - INFO - elastic_dish_nucleus_matching(overlap-first): IHC=72, DISH=34, matched(1核)=12 (其中重疊=12), drop-out(競爭落敗)=3, 無候選(計入)=57, factor=1.50, min_reach=20.0
2026-07-26 13:16:23,722 - hybrid_pipeline - INFO - [287/576] 已回收 tile_x11520_y8448
2026-07-26 13:16:23,725 - m3_module.m3_cells_generator - INFO - enlarge_cell_instances: 36 顆細胞, factor=1.50(面積), 中位半徑=23.7px, 外擴=5.3px
2026-07-26 13:16:23,753 - m3_module.m3_elastic_matching - INFO - elastic_dish_nucleus_matching(overlap-first): IHC=36, DISH=3, matched(1核)=1 (其中重疊=1), drop-out(競爭落敗)=0, 無候選(計入)=35, factor=1.50, min_reach=20.0
2026-07-26 13:16:23,755 - m3_module.m3_cells_generator - INFO - All-positive 標註完成: 68 個細胞
2026-07-26 13:16:23,799 - hybrid_pipeline - INFO - [288/576] 已回收 tile_x7680_y8448
2026-07-26 13:16:23,814 - m3_module.m3_cells_generator - INFO - enlarge_cell_instances: 68 顆細胞, factor=1.50(面積), 中位半徑=23.2px, 外擴=5.2px
2026-07-26 13:16:23,828 - m3_module.m3_cells_generator - INFO - All-positive 標註完成: 55 個細胞
2026-07-26 13:16:23,842 - m3_module.m3_elastic_matching - INFO - elastic_dish_nucleus_matching(overlap-first): IHC=68, DISH=14, matched(1核)=10 (其中重疊=10), drop-out(競爭落敗)=4, 無候選(計入)=54, factor=1.50, min_reach=20.0
2026-07-26 13:16:23,870 - m3_module.m3_dot_detection - INFO - detect_all_dots: 紅點=15, 黑點=27, 涉及細胞=72
2026-07-26 13:16:23,882 - m3_module.m3_cells_generator - INFO - enlarge_cell_instances: 55 顆細胞, factor=1.50(面積), 中位半徑=20.7px, 外擴=4.7px
2026-07-26 13:16:23,888 - m3_module.m3_dot_detection - INFO - detect_all_dots: 紅點=0, 黑點=0, 涉及細胞=36
2026-07-26 13:16:23,907 - m3_module.m3_elastic_matching - INFO - elastic_dish_nucleus_matching(overlap-first): IHC=55, DISH=10, matched(1核)=6 (其中重疊=6), drop-out(競爭落敗)=5, 無候選(計入)=44, factor=1.50, min_reach=20.0
2026-07-26 13:16:23,996 - m3_module.m3_dot_detection - INFO - detect_all_dots: 紅點=11, 黑點=17, 涉及細胞=68
2026-07-26 13:16:24,046 - m3_module.m3_dot_detection - INFO - detect_all_dots: 紅點=6, 黑點=6, 涉及細胞=55
2026-07-26 13:16:24,046 - m4_module.cell_crops - INFO - 匯出 16 張 per-cell 影像至 /data/taro_Projects/tsgh/output/r7_run/cell_crops/tile_x768_y9216/cells
2026-07-26 13:16:24,046 - hybrid_pipeline - INFO - Tile tile_x768_y9216 完成: 核心擁有 16 細胞 (16 陽性), 1.38 秒
2026-07-26 13:16:24,146 - m4_module.cell_crops - INFO - 匯出 61 張 per-cell 影像至 /data/taro_Projects/tsgh/output/r7_run/cell_crops/tile_x0_y9216/cells
2026-07-26 13:16:24,146 - hybrid_pipeline - INFO - Tile tile_x0_y9216 完成: 核心擁有 61 細胞 (61 陽性), 1.50 秒
2026-07-26 13:16:24,146 - hybrid_pipeline - INFO - [289/576] 已回收 tile_x0_y9216
2026-07-26 13:16:24,171 - hybrid_pipeline - INFO - Tile tile_x4608_y9216: 核心遮罩全空 → 空白 placeholder
2026-07-26 13:16:24,200 - hybrid_pipeline - INFO - [290/576] 已回收 tile_x4608_y9216
2026-07-26 13:16:24,230 - hybrid_pipeline - INFO - Tile tile_x6144_y9216: 核心遮罩全空 → 空白 placeholder
2026-07-26 13:16:24,233 - m4_module.cell_crops - INFO - 匯出 32 張 per-cell 影像至 /data/taro_Projects/tsgh/output/r7_run/cell_crops/tile_x1536_y9216/cells
2026-07-26 13:16:24,233 - hybrid_pipeline - INFO - Tile tile_x1536_y9216 完成: 核心擁有 32 細胞 (32 陽性), 1.32 秒
2026-07-26 13:16:24,233 - hybrid_pipeline - INFO - [291/576] 已回收 tile_x1536_y9216
2026-07-26 13:16:24,252 - m4_module.cell_crops - INFO - 匯出 42 張 per-cell 影像至 /data/taro_Projects/tsgh/output/r7_run/cell_crops/tile_x2304_y9216/cells
2026-07-26 13:16:24,252 - hybrid_pipeline - INFO - Tile tile_x2304_y9216 完成: 核心擁有 42 細胞 (42 陽性), 1.52 秒
2026-07-26 13:16:24,259 - hybrid_pipeline - INFO - Tile tile_x5376_y9216: 核心遮罩全空 → 空白 placeholder
2026-07-26 13:16:24,285 - hybrid_pipeline - INFO - [292/576] 已回收 tile_x6144_y9216
2026-07-26 13:16:24,311 - hybrid_pipeline - INFO - Tile tile_x6912_y9216: 核心遮罩全空 → 空白 placeholder
2026-07-26 13:16:24,330 - hybrid_pipeline - INFO - [293/576] 已回收 tile_x5376_y9216
2026-07-26 13:16:24,358 - hybrid_pipeline - INFO - Tile tile_x7680_y9216: 核心遮罩全空 → 空白 placeholder
2026-07-26 13:16:24,379 - hybrid_pipeline - INFO - [294/576] 已回收 tile_x6912_y9216
2026-07-26 13:16:24,407 - hybrid_pipeline - INFO - Tile tile_x10752_y9216: 核心遮罩全空 → 空白 placeholder
2026-07-26 13:16:24,423 - hybrid_pipeline - INFO - [295/576] 已回收 tile_x7680_y9216
2026-07-26 13:16:24,453 - hybrid_pipeline - INFO - Tile tile_x9216_y9216: 核心遮罩全空 → 空白 placeholder
2026-07-26 13:16:24,456 - hybrid_pipeline - INFO - [296/576] 已回收 tile_x10752_y9216
2026-07-26 13:16:24,484 - hybrid_pipeline - INFO - Tile tile_x9984_y9216: 核心遮罩全空 → 空白 placeholder
2026-07-26 13:16:24,487 - hybrid_pipeline - INFO - [297/576] 已回收 tile_x9216_y9216
2026-07-26 13:16:24,508 - hybrid_pipeline - INFO - [298/576] 已回收 tile_x9984_y9216
2026-07-26 13:16:24,517 - hybrid_pipeline - INFO - Tile tile_x8448_y9216: 核心遮罩全空 → 空白 placeholder
2026-07-26 13:16:24,537 - hybrid_pipeline - INFO - Tile tile_x11520_y9216: 核心遮罩全空 → 空白 placeholder
2026-07-26 13:16:24,546 - hybrid_pipeline - INFO - [299/576] 已回收 tile_x8448_y9216
2026-07-26 13:16:24,560 - hybrid_pipeline - INFO - [300/576] 已回收 tile_x11520_y9216
2026-07-26 13:16:24,577 - hybrid_pipeline - INFO - Tile tile_x12288_y9216: 核心遮罩全空 → 空白 placeholder
2026-07-26 13:16:24,584 - hybrid_pipeline - INFO - [301/576] 已回收 tile_x768_y9216
2026-07-26 13:16:24,589 - hybrid_pipeline - INFO - Tile tile_x15360_y9216: 核心遮罩全空 → 空白 placeholder
2026-07-26 13:16:24,614 - m3_module.m3_cells_generator - INFO - All-positive 標註完成: 27 個細胞
2026-07-26 13:16:24,614 - hybrid_pipeline - INFO - [302/576] 已回收 tile_x12288_y9216
2026-07-26 13:16:24,628 - hybrid_pipeline - INFO - [303/576] 已回收 tile_x15360_y9216
2026-07-26 13:16:24,645 - hybrid_pipeline - INFO - Tile tile_x14592_y9216: 核心遮罩全空 → 空白 placeholder
2026-07-26 13:16:24,646 - hybrid_pipeline - INFO - [304/576] 已回收 tile_x2304_y9216
2026-07-26 13:16:24,650 - m3_module.m3_cells_generator - INFO - enlarge_cell_instances: 27 顆細胞, factor=1.50(面積), 中位半徑=24.3px, 外擴=5.5px
2026-07-26 13:16:24,658 - hybrid_pipeline - INFO - Tile tile_x16896_y9216: 核心遮罩全空 → 空白 placeholder
2026-07-26 13:16:24,671 - m3_module.m3_cells_generator - INFO - All-positive 標註完成: 72 個細胞
2026-07-26 13:16:24,675 - hybrid_pipeline - INFO - [305/576] 已回收 tile_x14592_y9216
2026-07-26 13:16:24,675 - m3_module.m3_elastic_matching - INFO - elastic_dish_nucleus_matching(overlap-first): IHC=27, DISH=1, matched(1核)=1 (其中重疊=1), drop-out(競爭落敗)=0, 無候選(計入)=26, factor=1.50, min_reach=20.0
2026-07-26 13:16:24,691 - hybrid_pipeline - INFO - [306/576] 已回收 tile_x16896_y9216
2026-07-26 13:16:24,704 - hybrid_pipeline - INFO - Tile tile_x16128_y9216: 核心遮罩全空 → 空白 placeholder
2026-07-26 13:16:24,720 - hybrid_pipeline - INFO - Tile tile_x13056_y9216: 核心遮罩全空 → 空白 placeholder
2026-07-26 13:16:24,721 - m3_module.m3_cells_generator - INFO - enlarge_cell_instances: 72 顆細胞, factor=1.50(面積), 中位半徑=23.5px, 外擴=5.3px
2026-07-26 13:16:24,748 - m3_module.m3_elastic_matching - INFO - elastic_dish_nucleus_matching(overlap-first): IHC=72, DISH=4, matched(1核)=4 (其中重疊=4), drop-out(競爭落敗)=3, 無候選(計入)=65, factor=1.50, min_reach=20.0
2026-07-26 13:16:24,800 - m3_module.m3_dot_detection - INFO - detect_all_dots: 紅點=1, 黑點=2, 涉及細胞=27
2026-07-26 13:16:24,881 - m3_module.m3_dot_detection - INFO - detect_all_dots: 紅點=6, 黑點=7, 涉及細胞=72
2026-07-26 13:16:24,918 - m4_module.cell_crops - INFO - 匯出 16 張 per-cell 影像至 /data/taro_Projects/tsgh/output/r7_run/cell_crops/tile_x3840_y9216/cells
2026-07-26 13:16:24,918 - hybrid_pipeline - INFO - Tile tile_x3840_y9216 完成: 核心擁有 16 細胞 (16 陽性), 1.27 秒
2026-07-26 13:16:24,918 - hybrid_pipeline - INFO - [307/576] 已回收 tile_x3840_y9216
2026-07-26 13:16:24,946 - hybrid_pipeline - INFO - Tile tile_x13824_y9216: 核心遮罩全空 → 空白 placeholder
2026-07-26 13:16:25,105 - m4_module.cell_crops - INFO - 匯出 36 張 per-cell 影像至 /data/taro_Projects/tsgh/output/r7_run/cell_crops/tile_x3072_y9216/cells
2026-07-26 13:16:25,105 - hybrid_pipeline - INFO - Tile tile_x3072_y9216 完成: 核心擁有 36 細胞 (36 陽性), 1.38 秒
2026-07-26 13:16:25,105 - hybrid_pipeline - INFO - [308/576] 已回收 tile_x3072_y9216
2026-07-26 13:16:25,137 - hybrid_pipeline - INFO - Tile tile_x17664_y9216: 核心遮罩全空 → 空白 placeholder
2026-07-26 13:16:25,735 - hybrid_pipeline - INFO - [309/576] 已回收 tile_x13056_y9216
2026-07-26 13:16:25,764 - m3_module.m3_cells_generator - INFO - All-positive 標註完成: 71 個細胞
2026-07-26 13:16:25,769 - hybrid_pipeline - INFO - [310/576] 已回收 tile_x16128_y9216
2026-07-26 13:16:25,795 - m3_module.m3_cells_generator - INFO - All-positive 標註完成: 137 個細胞
2026-07-26 13:16:25,812 - m3_module.m3_cells_generator - INFO - enlarge_cell_instances: 71 顆細胞, factor=1.50(面積), 中位半徑=23.3px, 外擴=5.2px
2026-07-26 13:16:25,840 - m3_module.m3_elastic_matching - INFO - elastic_dish_nucleus_matching(overlap-first): IHC=71, DISH=7, matched(1核)=5 (其中重疊=5), drop-out(競爭落敗)=3, 無候選(計入)=63, factor=1.50, min_reach=20.0
2026-07-26 13:16:25,855 - m3_module.m3_cells_generator - INFO - enlarge_cell_instances: 137 顆細胞, factor=1.50(面積), 中位半徑=23.6px, 外擴=5.3px
2026-07-26 13:16:25,887 - m3_module.m3_elastic_matching - INFO - elastic_dish_nucleus_matching(overlap-first): IHC=137, DISH=32, matched(1核)=15 (其中重疊=15), drop-out(競爭落敗)=2, 無候選(計入)=120, factor=1.50, min_reach=20.0
2026-07-26 13:16:25,899 - hybrid_pipeline - INFO - [311/576] 已回收 tile_x13824_y9216
2026-07-26 13:16:25,928 - m3_module.m3_cells_generator - INFO - All-positive 標註完成: 89 個細胞
2026-07-26 13:16:25,969 - m3_module.m3_dot_detection - INFO - detect_all_dots: 紅點=3, 黑點=2, 涉及細胞=71
2026-07-26 13:16:25,980 - m3_module.m3_cells_generator - INFO - enlarge_cell_instances: 89 顆細胞, factor=1.50(面積), 中位半徑=26.0px, 外擴=5.9px
2026-07-26 13:16:26,009 - hybrid_pipeline - INFO - [312/576] 已回收 tile_x17664_y9216
2026-07-26 13:16:26,011 - m3_module.m3_elastic_matching - INFO - elastic_dish_nucleus_matching(overlap-first): IHC=89, DISH=31, matched(1核)=17 (其中重疊=15), drop-out(競爭落敗)=5, 無候選(計入)=67, factor=1.50, min_reach=20.0
2026-07-26 13:16:26,037 - m3_module.m3_cells_generator - INFO - All-positive 標註完成: 30 個細胞
2026-07-26 13:16:26,062 - m3_module.m3_dot_detection - INFO - detect_all_dots: 紅點=15, 黑點=25, 涉及細胞=137
2026-07-26 13:16:26,081 - m3_module.m3_cells_generator - INFO - enlarge_cell_instances: 30 顆細胞, factor=1.50(面積), 中位半徑=22.2px, 外擴=5.0px
2026-07-26 13:16:26,107 - m3_module.m3_elastic_matching - INFO - elastic_dish_nucleus_matching(overlap-first): IHC=30, DISH=14, matched(1核)=3 (其中重疊=3), drop-out(競爭落敗)=0, 無候選(計入)=27, factor=1.50, min_reach=20.0
2026-07-26 13:16:26,158 - m4_module.cell_crops - INFO - 匯出 36 張 per-cell 影像至 /data/taro_Projects/tsgh/output/r7_run/cell_crops/tile_x768_y9984/cells
2026-07-26 13:16:26,158 - hybrid_pipeline - INFO - Tile tile_x768_y9984 完成: 核心擁有 36 細胞 (36 陽性), 1.47 秒
2026-07-26 13:16:26,158 - hybrid_pipeline - INFO - [313/576] 已回收 tile_x768_y9984
2026-07-26 13:16:26,171 - m3_module.m3_dot_detection - INFO - detect_all_dots: 紅點=9, 黑點=15, 涉及細胞=89
2026-07-26 13:16:26,183 - hybrid_pipeline - INFO - Tile tile_x4608_y9984: 核心遮罩全空 → 空白 placeholder
2026-07-26 13:16:26,217 - hybrid_pipeline - INFO - [314/576] 已回收 tile_x4608_y9984
2026-07-26 13:16:26,230 - m3_module.m3_dot_detection - INFO - detect_all_dots: 紅點=2, 黑點=4, 涉及細胞=30
2026-07-26 13:16:26,241 - hybrid_pipeline - INFO - Tile tile_x6144_y9984: 核心遮罩全空 → 空白 placeholder
2026-07-26 13:16:26,278 - hybrid_pipeline - INFO - [315/576] 已回收 tile_x6144_y9984
2026-07-26 13:16:26,305 - hybrid_pipeline - INFO - Tile tile_x6912_y9984: 核心遮罩全空 → 空白 placeholder
2026-07-26 13:16:26,311 - hybrid_pipeline - INFO - [316/576] 已回收 tile_x6912_y9984
2026-07-26 13:16:26,319 - cellpose.dynamics - INFO - No cell pixels found.
2026-07-26 13:16:26,337 - hybrid_pipeline - INFO - Tile tile_x7680_y9984: 核心遮罩全空 → 空白 placeholder
2026-07-26 13:16:26,350 - hybrid_pipeline - INFO - [317/576] 已回收 tile_x7680_y9984
2026-07-26 13:16:26,361 - m4_module.cell_crops - INFO - 匯出 12 張 per-cell 影像至 /data/taro_Projects/tsgh/output/r7_run/cell_crops/tile_x2304_y9984/cells
2026-07-26 13:16:26,361 - hybrid_pipeline - INFO - Tile tile_x2304_y9984 完成: 核心擁有 12 細胞 (12 陽性), 1.26 秒
2026-07-26 13:16:26,378 - hybrid_pipeline - INFO - Tile tile_x8448_y9984: 核心遮罩全空 → 空白 placeholder
2026-07-26 13:16:26,384 - hybrid_pipeline - INFO - [318/576] 已回收 tile_x8448_y9984
2026-07-26 13:16:26,412 - hybrid_pipeline - INFO - Tile tile_x10752_y9984: 核心遮罩全空 → 空白 placeholder
2026-07-26 13:16:26,419 - hybrid_pipeline - INFO - [319/576] 已回收 tile_x10752_y9984
2026-07-26 13:16:26,423 - m4_module.cell_crops - INFO - 匯出 92 張 per-cell 影像至 /data/taro_Projects/tsgh/output/r7_run/cell_crops/tile_x0_y9984/cells
2026-07-26 13:16:26,423 - hybrid_pipeline - INFO - Tile tile_x0_y9984 完成: 核心擁有 92 細胞 (92 陽性), 1.75 秒
2026-07-26 13:16:26,424 - hybrid_pipeline - INFO - [320/576] 已回收 tile_x0_y9984
2026-07-26 13:16:26,447 - hybrid_pipeline - INFO - Tile tile_x9984_y9984: 核心遮罩全空 → 空白 placeholder
2026-07-26 13:16:26,449 - hybrid_pipeline - INFO - Tile tile_x3840_y9984: 核心遮罩全空 → 空白 placeholder
2026-07-26 13:16:26,452 - m4_module.cell_crops - INFO - 匯出 58 張 per-cell 影像至 /data/taro_Projects/tsgh/output/r7_run/cell_crops/tile_x1536_y9984/cells
2026-07-26 13:16:26,452 - hybrid_pipeline - INFO - Tile tile_x1536_y9984 完成: 核心擁有 58 細胞 (58 陽性), 1.53 秒
2026-07-26 13:16:26,453 - hybrid_pipeline - INFO - [321/576] 已回收 tile_x1536_y9984
2026-07-26 13:16:26,476 - hybrid_pipeline - INFO - Tile tile_x5376_y9984: 核心遮罩全空 → 空白 placeholder
2026-07-26 13:16:26,506 - hybrid_pipeline - INFO - [322/576] 已回收 tile_x9984_y9984
2026-07-26 13:16:26,519 - hybrid_pipeline - INFO - [323/576] 已回收 tile_x3840_y9984
2026-07-26 13:16:26,530 - hybrid_pipeline - INFO - Tile tile_x9216_y9984: 核心遮罩全空 → 空白 placeholder
2026-07-26 13:16:26,536 - hybrid_pipeline - INFO - [324/576] 已回收 tile_x5376_y9984
2026-07-26 13:16:26,547 - hybrid_pipeline - INFO - Tile tile_x11520_y9984: 核心遮罩全空 → 空白 placeholder
2026-07-26 13:16:26,563 - hybrid_pipeline - INFO - Tile tile_x13824_y9984: 核心遮罩全空 → 空白 placeholder
2026-07-26 13:16:26,599 - hybrid_pipeline - INFO - [325/576] 已回收 tile_x9216_y9984
2026-07-26 13:16:26,610 - hybrid_pipeline - INFO - [326/576] 已回收 tile_x11520_y9984
2026-07-26 13:16:26,622 - hybrid_pipeline - INFO - [327/576] 已回收 tile_x13824_y9984
2026-07-26 13:16:26,627 - hybrid_pipeline - INFO - Tile tile_x13056_y9984: 核心遮罩全空 → 空白 placeholder
2026-07-26 13:16:26,638 - hybrid_pipeline - INFO - Tile tile_x12288_y9984: 核心遮罩全空 → 空白 placeholder
2026-07-26 13:16:26,652 - hybrid_pipeline - INFO - Tile tile_x14592_y9984: 核心遮罩全空 → 空白 placeholder
2026-07-26 13:16:26,691 - hybrid_pipeline - INFO - [328/576] 已回收 tile_x13056_y9984
2026-07-26 13:16:26,702 - hybrid_pipeline - INFO - [329/576] 已回收 tile_x12288_y9984
2026-07-26 13:16:26,705 - hybrid_pipeline - INFO - [330/576] 已回收 tile_x14592_y9984
2026-07-26 13:16:26,722 - hybrid_pipeline - INFO - Tile tile_x16128_y9984: 核心遮罩全空 → 空白 placeholder
2026-07-26 13:16:26,732 - hybrid_pipeline - INFO - Tile tile_x16896_y9984: 核心遮罩全空 → 空白 placeholder
2026-07-26 13:16:26,734 - hybrid_pipeline - INFO - Tile tile_x15360_y9984: 核心遮罩全空 → 空白 placeholder
2026-07-26 13:16:26,745 - hybrid_pipeline - INFO - [331/576] 已回收 tile_x16128_y9984
2026-07-26 13:16:26,774 - hybrid_pipeline - INFO - Tile tile_x17664_y9984: 核心遮罩全空 → 空白 placeholder
2026-07-26 13:16:26,863 - hybrid_pipeline - INFO - [332/576] 已回收 tile_x2304_y9984
2026-07-26 13:16:26,869 - m3_module.m3_cells_generator - INFO - All-positive 標註完成: 0 個細胞
2026-07-26 13:16:27,018 - m3_module.m3_dot_detection - INFO - detect_all_dots: 紅點=0, 黑點=0, 涉及細胞=0
2026-07-26 13:16:27,049 - m4_module.cell_crops - INFO - 匯出 0 張 per-cell 影像至 /data/taro_Projects/tsgh/output/r7_run/cell_crops/tile_x3072_y9984/cells
2026-07-26 13:16:27,049 - hybrid_pipeline - INFO - Tile tile_x3072_y9984 完成: 核心擁有 0 細胞 (0 陽性), 1.04 秒
2026-07-26 13:16:27,873 - hybrid_pipeline - INFO - [333/576] 已回收 tile_x15360_y9984
2026-07-26 13:16:27,911 - m3_module.m3_cells_generator - INFO - All-positive 標註完成: 109 個細胞
2026-07-26 13:16:27,916 - hybrid_pipeline - INFO - [334/576] 已回收 tile_x3072_y9984
2026-07-26 13:16:27,949 - m3_module.m3_cells_generator - INFO - All-positive 標註完成: 4 個細胞
2026-07-26 13:16:27,952 - hybrid_pipeline - INFO - [335/576] 已回收 tile_x17664_y9984
2026-07-26 13:16:27,958 - hybrid_pipeline - INFO - [336/576] 已回收 tile_x16896_y9984
2026-07-26 13:16:27,966 - m3_module.m3_cells_generator - INFO - enlarge_cell_instances: 109 顆細胞, factor=1.50(面積), 中位半徑=21.6px, 外擴=4.9px
2026-07-26 13:16:27,985 - m3_module.m3_cells_generator - INFO - enlarge_cell_instances: 4 顆細胞, factor=1.50(面積), 中位半徑=29.5px, 外擴=6.6px
2026-07-26 13:16:27,992 - m3_module.m3_cells_generator - INFO - All-positive 標註完成: 121 個細胞
2026-07-26 13:16:27,998 - m3_module.m3_cells_generator - INFO - All-positive 標註完成: 131 個細胞
2026-07-26 13:16:28,000 - m3_module.m3_elastic_matching - INFO - elastic_dish_nucleus_matching(overlap-first): IHC=109, DISH=33, matched(1核)=25 (其中重疊=25), drop-out(競爭落敗)=6, 無候選(計入)=78, factor=1.50, min_reach=20.0
2026-07-26 13:16:28,011 - m3_module.m3_elastic_matching - INFO - elastic_dish_nucleus_matching(overlap-first): IHC=4, DISH=1, matched(1核)=1 (其中重疊=1), drop-out(競爭落敗)=0, 無候選(計入)=3, factor=1.50, min_reach=20.0
2026-07-26 13:16:28,065 - m3_module.m3_cells_generator - INFO - enlarge_cell_instances: 131 顆細胞, factor=1.50(面積), 中位半徑=22.7px, 外擴=5.1px
2026-07-26 13:16:28,067 - m3_module.m3_cells_generator - INFO - enlarge_cell_instances: 121 顆細胞, factor=1.50(面積), 中位半徑=21.1px, 外擴=4.8px
2026-07-26 13:16:28,100 - m3_module.m3_elastic_matching - INFO - elastic_dish_nucleus_matching(overlap-first): IHC=121, DISH=25, matched(1核)=20 (其中重疊=19), drop-out(競爭落敗)=5, 無候選(計入)=96, factor=1.50, min_reach=20.0
2026-07-26 13:16:28,101 - m3_module.m3_elastic_matching - INFO - elastic_dish_nucleus_matching(overlap-first): IHC=131, DISH=30, matched(1核)=23 (其中重疊=23), drop-out(競爭落敗)=9, 無候選(計入)=99, factor=1.50, min_reach=20.0
2026-07-26 13:16:28,159 - m3_module.m3_dot_detection - INFO - detect_all_dots: 紅點=0, 黑點=1, 涉及細胞=4
2026-07-26 13:16:28,190 - cellpose.dynamics - INFO - No cell pixels found.
2026-07-26 13:16:28,235 - m4_module.cell_crops - INFO - 匯出 1 張 per-cell 影像至 /data/taro_Projects/tsgh/output/r7_run/cell_crops/tile_x2304_y10752/cells
2026-07-26 13:16:28,235 - hybrid_pipeline - INFO - Tile tile_x2304_y10752 完成: 核心擁有 1 細胞 (1 陽性), 1.37 秒
2026-07-26 13:16:28,240 - m3_module.m3_dot_detection - INFO - detect_all_dots: 紅點=29, 黑點=44, 涉及細胞=109
2026-07-26 13:16:28,306 - m3_module.m3_dot_detection - INFO - detect_all_dots: 紅點=26, 黑點=39, 涉及細胞=121
2026-07-26 13:16:28,352 - m3_module.m3_dot_detection - INFO - detect_all_dots: 紅點=41, 黑點=66, 涉及細胞=131
2026-07-26 13:16:28,487 - m4_module.cell_crops - INFO - 匯出 67 張 per-cell 影像至 /data/taro_Projects/tsgh/output/r7_run/cell_crops/tile_x1536_y10752/cells
2026-07-26 13:16:28,487 - hybrid_pipeline - INFO - Tile tile_x1536_y10752 完成: 核心擁有 67 細胞 (67 陽性), 1.78 秒
2026-07-26 13:16:28,489 - hybrid_pipeline - INFO - [337/576] 已回收 tile_x1536_y10752
2026-07-26 13:16:28,515 - hybrid_pipeline - INFO - Tile tile_x3072_y10752: 核心遮罩全空 → 空白 placeholder
2026-07-26 13:16:28,553 - hybrid_pipeline - INFO - [338/576] 已回收 tile_x2304_y10752
2026-07-26 13:16:28,565 - m3_module.m3_cells_generator - INFO - All-positive 標註完成: 0 個細胞
2026-07-26 13:16:28,578 - m4_module.cell_crops - INFO - 匯出 52 張 per-cell 影像至 /data/taro_Projects/tsgh/output/r7_run/cell_crops/tile_x768_y10752/cells
2026-07-26 13:16:28,578 - hybrid_pipeline - INFO - Tile tile_x768_y10752 完成: 核心擁有 52 細胞 (52 陽性), 1.83 秒
2026-07-26 13:16:28,680 - m4_module.cell_crops - INFO - 匯出 80 張 per-cell 影像至 /data/taro_Projects/tsgh/output/r7_run/cell_crops/tile_x0_y10752/cells
2026-07-26 13:16:28,680 - hybrid_pipeline - INFO - Tile tile_x0_y10752 完成: 核心擁有 80 細胞 (80 陽性), 1.98 秒
2026-07-26 13:16:28,698 - m3_module.m3_dot_detection - INFO - detect_all_dots: 紅點=0, 黑點=0, 涉及細胞=0
2026-07-26 13:16:28,727 - m4_module.cell_crops - INFO - 匯出 0 張 per-cell 影像至 /data/taro_Projects/tsgh/output/r7_run/cell_crops/tile_x3840_y10752/cells
2026-07-26 13:16:28,727 - hybrid_pipeline - INFO - Tile tile_x3840_y10752 完成: 核心擁有 0 細胞 (0 陽性), 0.81 秒
2026-07-26 13:16:28,729 - hybrid_pipeline - INFO - [339/576] 已回收 tile_x3840_y10752
2026-07-26 13:16:28,753 - hybrid_pipeline - INFO - Tile tile_x6912_y10752: 核心遮罩全空 → 空白 placeholder
2026-07-26 13:16:28,831 - hybrid_pipeline - INFO - [340/576] 已回收 tile_x6912_y10752
2026-07-26 13:16:28,855 - hybrid_pipeline - INFO - Tile tile_x7680_y10752: 核心遮罩全空 → 空白 placeholder
2026-07-26 13:16:28,893 - hybrid_pipeline - INFO - [341/576] 已回收 tile_x7680_y10752
2026-07-26 13:16:28,918 - hybrid_pipeline - INFO - Tile tile_x8448_y10752: 核心遮罩全空 → 空白 placeholder
2026-07-26 13:16:28,953 - hybrid_pipeline - INFO - [342/576] 已回收 tile_x8448_y10752
2026-07-26 13:16:28,978 - hybrid_pipeline - INFO - Tile tile_x9216_y10752: 核心遮罩全空 → 空白 placeholder
2026-07-26 13:16:28,988 - hybrid_pipeline - INFO - [343/576] 已回收 tile_x768_y10752
2026-07-26 13:16:28,994 - hybrid_pipeline - INFO - [344/576] 已回收 tile_x9216_y10752
2026-07-26 13:16:28,997 - hybrid_pipeline - INFO - [345/576] 已回收 tile_x0_y10752
2026-07-26 13:16:29,020 - hybrid_pipeline - INFO - Tile tile_x9984_y10752: 核心遮罩全空 → 空白 placeholder
2026-07-26 13:16:29,020 - m3_module.m3_cells_generator - INFO - All-positive 標註完成: 16 個細胞
2026-07-26 13:16:29,027 - m3_module.m3_cells_generator - INFO - All-positive 標註完成: 23 個細胞
2026-07-26 13:16:29,062 - m3_module.m3_cells_generator - INFO - enlarge_cell_instances: 16 顆細胞, factor=1.50(面積), 中位半徑=20.1px, 外擴=4.5px
2026-07-26 13:16:29,068 - hybrid_pipeline - INFO - [346/576] 已回收 tile_x9984_y10752
2026-07-26 13:16:29,074 - m3_module.m3_cells_generator - INFO - enlarge_cell_instances: 23 顆細胞, factor=1.50(面積), 中位半徑=19.5px, 外擴=4.4px
2026-07-26 13:16:29,089 - m3_module.m3_elastic_matching - INFO - elastic_dish_nucleus_matching(overlap-first): IHC=16, DISH=7, matched(1核)=5 (其中重疊=5), drop-out(競爭落敗)=0, 無候選(計入)=11, factor=1.50, min_reach=20.0
2026-07-26 13:16:29,094 - hybrid_pipeline - INFO - Tile tile_x11520_y10752: 核心遮罩全空 → 空白 placeholder
2026-07-26 13:16:29,100 - m3_module.m3_elastic_matching - INFO - elastic_dish_nucleus_matching(overlap-first): IHC=23, DISH=15, matched(1核)=10 (其中重疊=9), drop-out(競爭落敗)=1, 無候選(計入)=12, factor=1.50, min_reach=20.0
2026-07-26 13:16:29,118 - hybrid_pipeline - INFO - [347/576] 已回收 tile_x11520_y10752
2026-07-26 13:16:29,146 - hybrid_pipeline - INFO - Tile tile_x13056_y10752: 核心遮罩全空 → 空白 placeholder
2026-07-26 13:16:29,177 - hybrid_pipeline - INFO - [348/576] 已回收 tile_x13056_y10752
2026-07-26 13:16:29,210 - hybrid_pipeline - INFO - Tile tile_x12288_y10752: 核心遮罩全空 → 空白 placeholder
2026-07-26 13:16:29,217 - m3_module.m3_dot_detection - INFO - detect_all_dots: 紅點=6, 黑點=5, 涉及細胞=16
2026-07-26 13:16:29,233 - hybrid_pipeline - INFO - [349/576] 已回收 tile_x12288_y10752
2026-07-26 13:16:29,244 - m3_module.m3_dot_detection - INFO - detect_all_dots: 紅點=12, 黑點=14, 涉及細胞=23
2026-07-26 13:16:29,262 - hybrid_pipeline - INFO - Tile tile_x15360_y10752: 核心遮罩全空 → 空白 placeholder
2026-07-26 13:16:29,271 - hybrid_pipeline - INFO - [350/576] 已回收 tile_x15360_y10752
2026-07-26 13:16:29,300 - hybrid_pipeline - INFO - Tile tile_x14592_y10752: 核心遮罩全空 → 空白 placeholder
2026-07-26 13:16:29,313 - m4_module.cell_crops - INFO - 匯出 3 張 per-cell 影像至 /data/taro_Projects/tsgh/output/r7_run/cell_crops/tile_x4608_y10752/cells
2026-07-26 13:16:29,313 - hybrid_pipeline - INFO - Tile tile_x4608_y10752 完成: 核心擁有 3 細胞 (3 陽性), 1.36 秒
2026-07-26 13:16:29,314 - hybrid_pipeline - INFO - [351/576] 已回收 tile_x4608_y10752
2026-07-26 13:16:29,317 - hybrid_pipeline - INFO - [352/576] 已回收 tile_x14592_y10752
2026-07-26 13:16:29,339 - hybrid_pipeline - INFO - Tile tile_x10752_y10752: 核心遮罩全空 → 空白 placeholder
2026-07-26 13:16:29,348 - hybrid_pipeline - INFO - Tile tile_x16128_y10752: 核心遮罩全空 → 空白 placeholder
2026-07-26 13:16:29,349 - m4_module.cell_crops - INFO - 匯出 1 張 per-cell 影像至 /data/taro_Projects/tsgh/output/r7_run/cell_crops/tile_x5376_y10752/cells
2026-07-26 13:16:29,349 - hybrid_pipeline - INFO - Tile tile_x5376_y10752 完成: 核心擁有 1 細胞 (1 陽性), 1.39 秒
2026-07-26 13:16:29,349 - hybrid_pipeline - INFO - [353/576] 已回收 tile_x5376_y10752
2026-07-26 13:16:29,360 - hybrid_pipeline - INFO - [354/576] 已回收 tile_x3072_y10752
2026-07-26 13:16:29,371 - hybrid_pipeline - INFO - [355/576] 已回收 tile_x10752_y10752
2026-07-26 13:16:29,375 - hybrid_pipeline - INFO - Tile tile_x13824_y10752: 核心遮罩全空 → 空白 placeholder
2026-07-26 13:16:29,390 - m3_module.m3_cells_generator - INFO - All-positive 標註完成: 6 個細胞
2026-07-26 13:16:29,396 - hybrid_pipeline - INFO - Tile tile_x16896_y10752: 核心遮罩全空 → 空白 placeholder
2026-07-26 13:16:29,420 - m3_module.m3_cells_generator - INFO - enlarge_cell_instances: 6 顆細胞, factor=1.50(面積), 中位半徑=12.7px, 外擴=2.8px
2026-07-26 13:16:29,445 - m3_module.m3_elastic_matching - INFO - elastic_dish_nucleus_matching(overlap-first): IHC=6, DISH=1, matched(1核)=1 (其中重疊=1), drop-out(競爭落敗)=1, 無候選(計入)=4, factor=1.50, min_reach=20.0
2026-07-26 13:16:29,561 - m3_module.m3_dot_detection - INFO - detect_all_dots: 紅點=0, 黑點=0, 涉及細胞=6
2026-07-26 13:16:29,613 - m4_module.cell_crops - INFO - 匯出 0 張 per-cell 影像至 /data/taro_Projects/tsgh/output/r7_run/cell_crops/tile_x6144_y10752/cells
2026-07-26 13:16:29,613 - hybrid_pipeline - INFO - Tile tile_x6144_y10752 完成: 核心擁有 0 細胞 (0 陽性), 1.13 秒
2026-07-26 13:16:29,615 - hybrid_pipeline - INFO - [356/576] 已回收 tile_x6144_y10752
2026-07-26 13:16:29,639 - hybrid_pipeline - INFO - Tile tile_x17664_y10752: 核心遮罩全空 → 空白 placeholder
2026-07-26 13:16:30,283 - hybrid_pipeline - INFO - [357/576] 已回收 tile_x16128_y10752
2026-07-26 13:16:30,315 - m3_module.m3_cells_generator - INFO - All-positive 標註完成: 134 個細胞
2026-07-26 13:16:30,371 - m3_module.m3_cells_generator - INFO - enlarge_cell_instances: 134 顆細胞, factor=1.50(面積), 中位半徑=24.7px, 外擴=5.6px
2026-07-26 13:16:30,403 - m3_module.m3_elastic_matching - INFO - elastic_dish_nucleus_matching(overlap-first): IHC=134, DISH=10, matched(1核)=9 (其中重疊=9), drop-out(競爭落敗)=2, 無候選(計入)=123, factor=1.50, min_reach=20.0
2026-07-26 13:16:30,416 - hybrid_pipeline - INFO - [358/576] 已回收 tile_x16896_y10752
2026-07-26 13:16:30,451 - m3_module.m3_cells_generator - INFO - All-positive 標註完成: 108 個細胞
2026-07-26 13:16:30,510 - m3_module.m3_cells_generator - INFO - enlarge_cell_instances: 108 顆細胞, factor=1.50(面積), 中位半徑=23.2px, 外擴=5.2px
2026-07-26 13:16:30,542 - m3_module.m3_elastic_matching - INFO - elastic_dish_nucleus_matching(overlap-first): IHC=108, DISH=25, matched(1核)=24 (其中重疊=24), drop-out(競爭落敗)=4, 無候選(計入)=80, factor=1.50, min_reach=20.0
2026-07-26 13:16:30,560 - m3_module.m3_dot_detection - INFO - detect_all_dots: 紅點=8, 黑點=11, 涉及細胞=134
2026-07-26 13:16:30,590 - hybrid_pipeline - INFO - [359/576] 已回收 tile_x13824_y10752
2026-07-26 13:16:30,601 - hybrid_pipeline - INFO - [360/576] 已回收 tile_x17664_y10752
2026-07-26 13:16:30,626 - m3_module.m3_cells_generator - INFO - All-positive 標註完成: 157 個細胞
2026-07-26 13:16:30,627 - m3_module.m3_cells_generator - INFO - All-positive 標註完成: 64 個細胞
2026-07-26 13:16:30,677 - m3_module.m3_cells_generator - INFO - enlarge_cell_instances: 64 顆細胞, factor=1.50(面積), 中位半徑=20.5px, 外擴=4.6px
2026-07-26 13:16:30,679 - m3_module.m3_cells_generator - INFO - enlarge_cell_instances: 157 顆細胞, factor=1.50(面積), 中位半徑=25.1px, 外擴=5.6px
2026-07-26 13:16:30,705 - m3_module.m3_elastic_matching - INFO - elastic_dish_nucleus_matching(overlap-first): IHC=64, DISH=14, matched(1核)=10 (其中重疊=10), drop-out(競爭落敗)=5, 無候選(計入)=49, factor=1.50, min_reach=20.0
2026-07-26 13:16:30,709 - m3_module.m3_elastic_matching - INFO - elastic_dish_nucleus_matching(overlap-first): IHC=157, DISH=28, matched(1核)=20 (其中重疊=20), drop-out(競爭落敗)=6, 無候選(計入)=131, factor=1.50, min_reach=20.0
2026-07-26 13:16:30,725 - m3_module.m3_dot_detection - INFO - detect_all_dots: 紅點=20, 黑點=32, 涉及細胞=108
2026-07-26 13:16:30,859 - m3_module.m3_dot_detection - INFO - detect_all_dots: 紅點=6, 黑點=13, 涉及細胞=64
2026-07-26 13:16:30,894 - m4_module.cell_crops - INFO - 匯出 81 張 per-cell 影像至 /data/taro_Projects/tsgh/output/r7_run/cell_crops/tile_x0_y11520/cells
2026-07-26 13:16:30,895 - hybrid_pipeline - INFO - Tile tile_x0_y11520 完成: 核心擁有 81 細胞 (81 陽性), 1.58 秒
2026-07-26 13:16:30,908 - m3_module.m3_dot_detection - INFO - detect_all_dots: 紅點=28, 黑點=43, 涉及細胞=157
2026-07-26 13:16:30,984 - m4_module.cell_crops - INFO - 匯出 54 張 per-cell 影像至 /data/taro_Projects/tsgh/output/r7_run/cell_crops/tile_x1536_y11520/cells
2026-07-26 13:16:30,984 - hybrid_pipeline - INFO - Tile tile_x1536_y11520 完成: 核心擁有 54 細胞 (54 陽性), 1.61 秒
2026-07-26 13:16:31,049 - m4_module.cell_crops - INFO - 匯出 23 張 per-cell 影像至 /data/taro_Projects/tsgh/output/r7_run/cell_crops/tile_x2304_y11520/cells
2026-07-26 13:16:31,049 - hybrid_pipeline - INFO - Tile tile_x2304_y11520 完成: 核心擁有 23 細胞 (23 陽性), 1.44 秒
2026-07-26 13:16:31,310 - m4_module.cell_crops - INFO - 匯出 84 張 per-cell 影像至 /data/taro_Projects/tsgh/output/r7_run/cell_crops/tile_x768_y11520/cells
2026-07-26 13:16:31,310 - hybrid_pipeline - INFO - Tile tile_x768_y11520 完成: 核心擁有 84 細胞 (84 陽性), 1.96 秒
2026-07-26 13:16:31,310 - hybrid_pipeline - INFO - [361/576] 已回收 tile_x0_y11520
2026-07-26 13:16:31,343 - m3_module.m3_cells_generator - INFO - All-positive 標註完成: 83 個細胞
2026-07-26 13:16:31,388 - hybrid_pipeline - INFO - [362/576] 已回收 tile_x1536_y11520
2026-07-26 13:16:31,396 - m3_module.m3_cells_generator - INFO - enlarge_cell_instances: 83 顆細胞, factor=1.50(面積), 中位半徑=20.7px, 外擴=4.7px
2026-07-26 13:16:31,416 - m3_module.m3_cells_generator - INFO - All-positive 標註完成: 111 個細胞
2026-07-26 13:16:31,424 - m3_module.m3_elastic_matching - INFO - elastic_dish_nucleus_matching(overlap-first): IHC=83, DISH=26, matched(1核)=17 (其中重疊=17), drop-out(競爭落敗)=8, 無候選(計入)=58, factor=1.50, min_reach=20.0
2026-07-26 13:16:31,470 - m3_module.m3_cells_generator - INFO - enlarge_cell_instances: 111 顆細胞, factor=1.50(面積), 中位半徑=21.5px, 外擴=4.8px
2026-07-26 13:16:31,499 - m3_module.m3_elastic_matching - INFO - elastic_dish_nucleus_matching(overlap-first): IHC=111, DISH=37, matched(1核)=30 (其中重疊=30), drop-out(競爭落敗)=15, 無候選(計入)=66, factor=1.50, min_reach=20.0
2026-07-26 13:16:31,601 - m3_module.m3_dot_detection - INFO - detect_all_dots: 紅點=23, 黑點=24, 涉及細胞=83
2026-07-26 13:16:31,710 - m3_module.m3_dot_detection - INFO - detect_all_dots: 紅點=34, 黑點=42, 涉及細胞=111
2026-07-26 13:16:31,749 - hybrid_pipeline - INFO - [363/576] 已回收 tile_x768_y11520
2026-07-26 13:16:31,753 - hybrid_pipeline - INFO - [364/576] 已回收 tile_x2304_y11520
2026-07-26 13:16:31,780 - m3_module.m3_cells_generator - INFO - All-positive 標註完成: 102 個細胞
2026-07-26 13:16:31,787 - m3_module.m3_cells_generator - INFO - All-positive 標註完成: 77 個細胞
2026-07-26 13:16:31,817 - m4_module.cell_crops - INFO - 匯出 48 張 per-cell 影像至 /data/taro_Projects/tsgh/output/r7_run/cell_crops/tile_x3840_y11520/cells
2026-07-26 13:16:31,817 - hybrid_pipeline - INFO - Tile tile_x3840_y11520 完成: 核心擁有 48 細胞 (48 陽性), 1.53 秒
2026-07-26 13:16:31,819 - hybrid_pipeline - INFO - [365/576] 已回收 tile_x3840_y11520
2026-07-26 13:16:31,829 - m3_module.m3_cells_generator - INFO - enlarge_cell_instances: 102 顆細胞, factor=1.50(面積), 中位半徑=22.9px, 外擴=5.2px
2026-07-26 13:16:31,840 - m3_module.m3_cells_generator - INFO - enlarge_cell_instances: 77 顆細胞, factor=1.50(面積), 中位半徑=17.4px, 外擴=3.9px
2026-07-26 13:16:31,843 - hybrid_pipeline - INFO - Tile tile_x6912_y11520: 核心遮罩全空 → 空白 placeholder
2026-07-26 13:16:31,857 - hybrid_pipeline - INFO - [366/576] 已回收 tile_x6912_y11520
2026-07-26 13:16:31,859 - m3_module.m3_elastic_matching - INFO - elastic_dish_nucleus_matching(overlap-first): IHC=102, DISH=61, matched(1核)=43 (其中重疊=43), drop-out(競爭落敗)=7, 無候選(計入)=52, factor=1.50, min_reach=20.0
2026-07-26 13:16:31,867 - m3_module.m3_elastic_matching - INFO - elastic_dish_nucleus_matching(overlap-first): IHC=77, DISH=14, matched(1核)=11 (其中重疊=11), drop-out(競爭落敗)=4, 無候選(計入)=62, factor=1.50, min_reach=20.0
2026-07-26 13:16:31,885 - hybrid_pipeline - INFO - Tile tile_x9216_y11520: 核心遮罩全空 → 空白 placeholder
2026-07-26 13:16:31,896 - hybrid_pipeline - INFO - [367/576] 已回收 tile_x9216_y11520
2026-07-26 13:16:31,921 - hybrid_pipeline - INFO - Tile tile_x9984_y11520: 核心遮罩全空 → 空白 placeholder
2026-07-26 13:16:31,958 - hybrid_pipeline - INFO - [368/576] 已回收 tile_x9984_y11520
2026-07-26 13:16:31,987 - m4_module.cell_crops - INFO - 匯出 72 張 per-cell 影像至 /data/taro_Projects/tsgh/output/r7_run/cell_crops/tile_x3072_y11520/cells
2026-07-26 13:16:31,987 - hybrid_pipeline - INFO - Tile tile_x3072_y11520 完成: 核心擁有 72 細胞 (72 陽性), 1.57 秒
2026-07-26 13:16:31,991 - hybrid_pipeline - INFO - Tile tile_x10752_y11520: 核心遮罩全空 → 空白 placeholder
2026-07-26 13:16:32,017 - hybrid_pipeline - INFO - [369/576] 已回收 tile_x10752_y11520
2026-07-26 13:16:32,019 - m3_module.m3_dot_detection - INFO - detect_all_dots: 紅點=15, 黑點=14, 涉及細胞=77
2026-07-26 13:16:32,049 - hybrid_pipeline - INFO - Tile tile_x11520_y11520: 核心遮罩全空 → 空白 placeholder
2026-07-26 13:16:32,055 - hybrid_pipeline - INFO - [370/576] 已回收 tile_x11520_y11520
2026-07-26 13:16:32,082 - m3_module.m3_dot_detection - INFO - detect_all_dots: 紅點=35, 黑點=52, 涉及細胞=102
2026-07-26 13:16:32,082 - hybrid_pipeline - INFO - Tile tile_x13056_y11520: 核心遮罩全空 → 空白 placeholder
2026-07-26 13:16:32,095 - hybrid_pipeline - INFO - [371/576] 已回收 tile_x13056_y11520
2026-07-26 13:16:32,121 - hybrid_pipeline - INFO - Tile tile_x13824_y11520: 核心遮罩全空 → 空白 placeholder
2026-07-26 13:16:32,133 - hybrid_pipeline - INFO - [372/576] 已回收 tile_x13824_y11520
2026-07-26 13:16:32,158 - hybrid_pipeline - INFO - Tile tile_x12288_y11520: 核心遮罩全空 → 空白 placeholder
2026-07-26 13:16:32,168 - hybrid_pipeline - INFO - [373/576] 已回收 tile_x12288_y11520
2026-07-26 13:16:32,173 - hybrid_pipeline - INFO - [374/576] 已回收 tile_x3072_y11520
2026-07-26 13:16:32,194 - hybrid_pipeline - INFO - Tile tile_x14592_y11520: 核心遮罩全空 → 空白 placeholder
2026-07-26 13:16:32,204 - m3_module.m3_cells_generator - INFO - All-positive 標註完成: 38 個細胞
2026-07-26 13:16:32,214 - m4_module.cell_crops - INFO - 匯出 35 張 per-cell 影像至 /data/taro_Projects/tsgh/output/r7_run/cell_crops/tile_x4608_y11520/cells
2026-07-26 13:16:32,214 - hybrid_pipeline - INFO - Tile tile_x4608_y11520 完成: 核心擁有 35 細胞 (35 陽性), 1.62 秒
2026-07-26 13:16:32,214 - hybrid_pipeline - INFO - [375/576] 已回收 tile_x4608_y11520
2026-07-26 13:16:32,216 - hybrid_pipeline - INFO - [376/576] 已回收 tile_x14592_y11520
2026-07-26 13:16:32,238 - hybrid_pipeline - INFO - Tile tile_x8448_y11520: 核心遮罩全空 → 空白 placeholder
2026-07-26 13:16:32,241 - m3_module.m3_cells_generator - INFO - enlarge_cell_instances: 38 顆細胞, factor=1.50(面積), 中位半徑=21.9px, 外擴=4.9px
2026-07-26 13:16:32,244 - hybrid_pipeline - INFO - Tile tile_x15360_y11520: 核心遮罩全空 → 空白 placeholder
2026-07-26 13:16:32,265 - m3_module.m3_elastic_matching - INFO - elastic_dish_nucleus_matching(overlap-first): IHC=38, DISH=6, matched(1核)=5 (其中重疊=5), drop-out(競爭落敗)=3, 無候選(計入)=30, factor=1.50, min_reach=20.0
2026-07-26 13:16:32,269 - hybrid_pipeline - INFO - [377/576] 已回收 tile_x15360_y11520
2026-07-26 13:16:32,272 - hybrid_pipeline - INFO - [378/576] 已回收 tile_x8448_y11520
2026-07-26 13:16:32,296 - hybrid_pipeline - INFO - Tile tile_x16896_y11520: 核心遮罩全空 → 空白 placeholder
2026-07-26 13:16:32,296 - hybrid_pipeline - INFO - Tile tile_x17664_y11520: 核心遮罩全空 → 空白 placeholder
2026-07-26 13:16:32,395 - m3_module.m3_dot_detection - INFO - detect_all_dots: 紅點=5, 黑點=6, 涉及細胞=38
2026-07-26 13:16:32,399 - m4_module.cell_crops - INFO - 匯出 76 張 per-cell 影像至 /data/taro_Projects/tsgh/output/r7_run/cell_crops/tile_x5376_y11520/cells
2026-07-26 13:16:32,399 - hybrid_pipeline - INFO - Tile tile_x5376_y11520 完成: 核心擁有 76 細胞 (76 陽性), 1.80 秒
2026-07-26 13:16:32,400 - hybrid_pipeline - INFO - [379/576] 已回收 tile_x5376_y11520
2026-07-26 13:16:32,435 - hybrid_pipeline - INFO - Tile tile_x7680_y11520: 核心遮罩全空 → 空白 placeholder
2026-07-26 13:16:32,512 - m4_module.cell_crops - INFO - 匯出 18 張 per-cell 影像至 /data/taro_Projects/tsgh/output/r7_run/cell_crops/tile_x6144_y11520/cells
2026-07-26 13:16:32,512 - hybrid_pipeline - INFO - Tile tile_x6144_y11520 完成: 核心擁有 18 細胞 (18 陽性), 1.12 秒
2026-07-26 13:16:32,514 - hybrid_pipeline - INFO - [380/576] 已回收 tile_x6144_y11520
2026-07-26 13:16:32,540 - hybrid_pipeline - INFO - Tile tile_x16128_y11520: 核心遮罩全空 → 空白 placeholder
2026-07-26 13:16:33,531 - hybrid_pipeline - INFO - [381/576] 已回收 tile_x17664_y11520
2026-07-26 13:16:33,546 - hybrid_pipeline - INFO - [382/576] 已回收 tile_x16896_y11520
2026-07-26 13:16:33,562 - hybrid_pipeline - INFO - [383/576] 已回收 tile_x7680_y11520
2026-07-26 13:16:33,565 - m3_module.m3_cells_generator - INFO - All-positive 標註完成: 160 個細胞
2026-07-26 13:16:33,582 - m3_module.m3_cells_generator - INFO - All-positive 標註完成: 147 個細胞
2026-07-26 13:16:33,588 - m3_module.m3_cells_generator - INFO - All-positive 標註完成: 145 個細胞
2026-07-26 13:16:33,592 - hybrid_pipeline - INFO - [384/576] 已回收 tile_x16128_y11520
2026-07-26 13:16:33,615 - m3_module.m3_cells_generator - INFO - All-positive 標註完成: 143 個細胞
2026-07-26 13:16:33,627 - m3_module.m3_cells_generator - INFO - enlarge_cell_instances: 160 顆細胞, factor=1.50(面積), 中位半徑=24.3px, 外擴=5.5px
2026-07-26 13:16:33,651 - m3_module.m3_cells_generator - INFO - enlarge_cell_instances: 147 顆細胞, factor=1.50(面積), 中位半徑=26.1px, 外擴=5.9px
2026-07-26 13:16:33,657 - m3_module.m3_cells_generator - INFO - enlarge_cell_instances: 145 顆細胞, factor=1.50(面積), 中位半徑=27.9px, 外擴=6.3px
2026-07-26 13:16:33,664 - m3_module.m3_elastic_matching - INFO - elastic_dish_nucleus_matching(overlap-first): IHC=160, DISH=20, matched(1核)=19 (其中重疊=19), drop-out(競爭落敗)=9, 無候選(計入)=132, factor=1.50, min_reach=20.0
2026-07-26 13:16:33,687 - m3_module.m3_cells_generator - INFO - enlarge_cell_instances: 143 顆細胞, factor=1.50(面積), 中位半徑=23.0px, 外擴=5.2px
2026-07-26 13:16:33,692 - m3_module.m3_elastic_matching - INFO - elastic_dish_nucleus_matching(overlap-first): IHC=147, DISH=230, matched(1核)=24 (其中重疊=24), drop-out(競爭落敗)=0, 無候選(計入)=123, factor=1.50, min_reach=20.0
2026-07-26 13:16:33,694 - m3_module.m3_elastic_matching - INFO - elastic_dish_nucleus_matching(overlap-first): IHC=145, DISH=18, matched(1核)=14 (其中重疊=14), drop-out(競爭落敗)=7, 無候選(計入)=124, factor=1.50, min_reach=20.0
2026-07-26 13:16:33,722 - m3_module.m3_elastic_matching - INFO - elastic_dish_nucleus_matching(overlap-first): IHC=143, DISH=25, matched(1核)=21 (其中重疊=21), drop-out(競爭落敗)=6, 無候選(計入)=116, factor=1.50, min_reach=20.0
2026-07-26 13:16:33,840 - m3_module.m3_dot_detection - INFO - detect_all_dots: 紅點=2, 黑點=4, 涉及細胞=147
2026-07-26 13:16:33,873 - m3_module.m3_dot_detection - INFO - detect_all_dots: 紅點=12, 黑點=25, 涉及細胞=145
2026-07-26 13:16:33,877 - m3_module.m3_dot_detection - INFO - detect_all_dots: 紅點=23, 黑點=44, 涉及細胞=160
2026-07-26 13:16:33,906 - m3_module.m3_dot_detection - INFO - detect_all_dots: 紅點=17, 黑點=27, 涉及細胞=143
2026-07-26 13:16:34,196 - m4_module.cell_crops - INFO - 匯出 91 張 per-cell 影像至 /data/taro_Projects/tsgh/output/r7_run/cell_crops/tile_x0_y12288/cells
2026-07-26 13:16:34,196 - hybrid_pipeline - INFO - Tile tile_x0_y12288 完成: 核心擁有 91 細胞 (91 陽性), 1.92 秒
2026-07-26 13:16:34,248 - m4_module.cell_crops - INFO - 匯出 81 張 per-cell 影像至 /data/taro_Projects/tsgh/output/r7_run/cell_crops/tile_x1536_y12288/cells
2026-07-26 13:16:34,248 - hybrid_pipeline - INFO - Tile tile_x1536_y12288 完成: 核心擁有 81 細胞 (81 陽性), 1.98 秒
2026-07-26 13:16:34,257 - m4_module.cell_crops - INFO - 匯出 74 張 per-cell 影像至 /data/taro_Projects/tsgh/output/r7_run/cell_crops/tile_x2304_y12288/cells
2026-07-26 13:16:34,257 - hybrid_pipeline - INFO - Tile tile_x2304_y12288 完成: 核心擁有 74 細胞 (74 陽性), 1.75 秒
2026-07-26 13:16:34,259 - m4_module.cell_crops - INFO - 匯出 73 張 per-cell 影像至 /data/taro_Projects/tsgh/output/r7_run/cell_crops/tile_x768_y12288/cells
2026-07-26 13:16:34,259 - hybrid_pipeline - INFO - Tile tile_x768_y12288 完成: 核心擁有 73 細胞 (73 陽性), 1.86 秒
2026-07-26 13:16:34,811 - hybrid_pipeline - INFO - [385/576] 已回收 tile_x2304_y12288
2026-07-26 13:16:34,841 - m3_module.m3_cells_generator - INFO - All-positive 標註完成: 21 個細胞
2026-07-26 13:16:34,846 - hybrid_pipeline - INFO - [386/576] 已回收 tile_x1536_y12288
2026-07-26 13:16:34,874 - m3_module.m3_cells_generator - INFO - All-positive 標註完成: 156 個細胞
2026-07-26 13:16:34,884 - m3_module.m3_cells_generator - INFO - enlarge_cell_instances: 21 顆細胞, factor=1.50(面積), 中位半徑=30.0px, 外擴=6.7px
2026-07-26 13:16:34,887 - hybrid_pipeline - INFO - [387/576] 已回收 tile_x768_y12288
2026-07-26 13:16:34,905 - hybrid_pipeline - INFO - [388/576] 已回收 tile_x0_y12288
2026-07-26 13:16:34,909 - m3_module.m3_elastic_matching - INFO - elastic_dish_nucleus_matching(overlap-first): IHC=21, DISH=3, matched(1核)=1 (其中重疊=1), drop-out(競爭落敗)=0, 無候選(計入)=20, factor=1.50, min_reach=20.0
2026-07-26 13:16:34,911 - m3_module.m3_cells_generator - INFO - All-positive 標註完成: 113 個細胞
2026-07-26 13:16:34,937 - m3_module.m3_cells_generator - INFO - enlarge_cell_instances: 156 顆細胞, factor=1.50(面積), 中位半徑=27.2px, 外擴=6.1px
2026-07-26 13:16:34,937 - m3_module.m3_cells_generator - INFO - All-positive 標註完成: 145 個細胞
2026-07-26 13:16:34,966 - m3_module.m3_elastic_matching - INFO - elastic_dish_nucleus_matching(overlap-first): IHC=156, DISH=35, matched(1核)=32 (其中重疊=32), drop-out(競爭落敗)=13, 無候選(計入)=111, factor=1.50, min_reach=20.0
2026-07-26 13:16:34,969 - m3_module.m3_cells_generator - INFO - enlarge_cell_instances: 113 顆細胞, factor=1.50(面積), 中位半徑=26.8px, 外擴=6.0px
2026-07-26 13:16:34,997 - m3_module.m3_cells_generator - INFO - enlarge_cell_instances: 145 顆細胞, factor=1.50(面積), 中位半徑=22.6px, 外擴=5.1px
2026-07-26 13:16:34,998 - m3_module.m3_elastic_matching - INFO - elastic_dish_nucleus_matching(overlap-first): IHC=113, DISH=14, matched(1核)=11 (其中重疊=11), drop-out(競爭落敗)=7, 無候選(計入)=95, factor=1.50, min_reach=20.0
2026-07-26 13:16:35,030 - m3_module.m3_elastic_matching - INFO - elastic_dish_nucleus_matching(overlap-first): IHC=145, DISH=61, matched(1核)=52 (其中重疊=52), drop-out(競爭落敗)=16, 無候選(計入)=77, factor=1.50, min_reach=20.0
2026-07-26 13:16:35,040 - m3_module.m3_dot_detection - INFO - detect_all_dots: 紅點=1, 黑點=2, 涉及細胞=21
2026-07-26 13:16:35,152 - m3_module.m3_dot_detection - INFO - detect_all_dots: 紅點=10, 黑點=11, 涉及細胞=113
2026-07-26 13:16:35,162 - m4_module.cell_crops - INFO - 匯出 5 張 per-cell 影像至 /data/taro_Projects/tsgh/output/r7_run/cell_crops/tile_x5376_y12288/cells
2026-07-26 13:16:35,162 - hybrid_pipeline - INFO - Tile tile_x5376_y12288 完成: 核心擁有 5 細胞 (5 陽性), 1.57 秒
2026-07-26 13:16:35,165 - hybrid_pipeline - INFO - [389/576] 已回收 tile_x5376_y12288
2026-07-26 13:16:35,180 - m3_module.m3_dot_detection - INFO - detect_all_dots: 紅點=34, 黑點=42, 涉及細胞=156
2026-07-26 13:16:35,191 - hybrid_pipeline - INFO - Tile tile_x7680_y12288: 核心遮罩全空 → 空白 placeholder
2026-07-26 13:16:35,213 - hybrid_pipeline - INFO - [390/576] 已回收 tile_x7680_y12288
2026-07-26 13:16:35,238 - hybrid_pipeline - INFO - Tile tile_x8448_y12288: 核心遮罩全空 → 空白 placeholder
2026-07-26 13:16:35,256 - hybrid_pipeline - INFO - [391/576] 已回收 tile_x8448_y12288
2026-07-26 13:16:35,281 - hybrid_pipeline - INFO - Tile tile_x9984_y12288: 核心遮罩全空 → 空白 placeholder
2026-07-26 13:16:35,293 - m3_module.m3_dot_detection - INFO - detect_all_dots: 紅點=52, 黑點=66, 涉及細胞=145
2026-07-26 13:16:35,296 - hybrid_pipeline - INFO - [392/576] 已回收 tile_x9984_y12288
2026-07-26 13:16:35,321 - hybrid_pipeline - INFO - Tile tile_x11520_y12288: 核心遮罩全空 → 空白 placeholder
2026-07-26 13:16:35,352 - hybrid_pipeline - INFO - [393/576] 已回收 tile_x11520_y12288
2026-07-26 13:16:35,378 - hybrid_pipeline - INFO - Tile tile_x13056_y12288: 核心遮罩全空 → 空白 placeholder
2026-07-26 13:16:35,414 - hybrid_pipeline - INFO - [394/576] 已回收 tile_x13056_y12288
2026-07-26 13:16:35,439 - hybrid_pipeline - INFO - Tile tile_x12288_y12288: 核心遮罩全空 → 空白 placeholder
2026-07-26 13:16:35,462 - m4_module.cell_crops - INFO - 匯出 74 張 per-cell 影像至 /data/taro_Projects/tsgh/output/r7_run/cell_crops/tile_x4608_y12288/cells
2026-07-26 13:16:35,462 - hybrid_pipeline - INFO - Tile tile_x4608_y12288 完成: 核心擁有 74 細胞 (74 陽性), 1.90 秒
2026-07-26 13:16:35,462 - hybrid_pipeline - INFO - [395/576] 已回收 tile_x12288_y12288
2026-07-26 13:16:35,488 - hybrid_pipeline - INFO - Tile tile_x10752_y12288: 核心遮罩全空 → 空白 placeholder
2026-07-26 13:16:35,497 - hybrid_pipeline - INFO - [396/576] 已回收 tile_x10752_y12288
2026-07-26 13:16:35,522 - hybrid_pipeline - INFO - Tile tile_x13824_y12288: 核心遮罩全空 → 空白 placeholder
2026-07-26 13:16:35,539 - hybrid_pipeline - INFO - [397/576] 已回收 tile_x13824_y12288
2026-07-26 13:16:35,567 - hybrid_pipeline - INFO - Tile tile_x14592_y12288: 核心遮罩全空 → 空白 placeholder
2026-07-26 13:16:35,575 - m4_module.cell_crops - INFO - 匯出 81 張 per-cell 影像至 /data/taro_Projects/tsgh/output/r7_run/cell_crops/tile_x3840_y12288/cells
2026-07-26 13:16:35,575 - hybrid_pipeline - INFO - Tile tile_x3840_y12288 完成: 核心擁有 81 細胞 (81 陽性), 2.04 秒
2026-07-26 13:16:35,576 - hybrid_pipeline - INFO - [398/576] 已回收 tile_x14592_y12288
2026-07-26 13:16:35,576 - hybrid_pipeline - INFO - [399/576] 已回收 tile_x3840_y12288
2026-07-26 13:16:35,580 - hybrid_pipeline - INFO - [400/576] 已回收 tile_x4608_y12288
2026-07-26 13:16:35,600 - hybrid_pipeline - INFO - Tile tile_x6912_y12288: 核心遮罩全空 → 空白 placeholder
2026-07-26 13:16:35,601 - hybrid_pipeline - INFO - Tile tile_x15360_y12288: 核心遮罩全空 → 空白 placeholder
2026-07-26 13:16:35,605 - m3_module.m3_cells_generator - INFO - All-positive 標註完成: 12 個細胞
2026-07-26 13:16:35,635 - m3_module.m3_cells_generator - INFO - enlarge_cell_instances: 12 顆細胞, factor=1.50(面積), 中位半徑=14.8px, 外擴=3.3px
2026-07-26 13:16:35,637 - m4_module.cell_crops - INFO - 匯出 61 張 per-cell 影像至 /data/taro_Projects/tsgh/output/r7_run/cell_crops/tile_x3072_y12288/cells
2026-07-26 13:16:35,637 - hybrid_pipeline - INFO - Tile tile_x3072_y12288 完成: 核心擁有 61 細胞 (61 陽性), 2.09 秒
2026-07-26 13:16:35,640 - hybrid_pipeline - INFO - [401/576] 已回收 tile_x3072_y12288
2026-07-26 13:16:35,644 - hybrid_pipeline - INFO - [402/576] 已回收 tile_x15360_y12288
2026-07-26 13:16:35,660 - m3_module.m3_elastic_matching - INFO - elastic_dish_nucleus_matching(overlap-first): IHC=12, DISH=7, matched(1核)=3 (其中重疊=3), drop-out(競爭落敗)=0, 無候選(計入)=9, factor=1.50, min_reach=20.0
2026-07-26 13:16:35,666 - hybrid_pipeline - INFO - Tile tile_x9216_y12288: 核心遮罩全空 → 空白 placeholder
2026-07-26 13:16:35,673 - hybrid_pipeline - INFO - Tile tile_x16896_y12288: 核心遮罩全空 → 空白 placeholder
2026-07-26 13:16:35,701 - hybrid_pipeline - INFO - [403/576] 已回收 tile_x16896_y12288
2026-07-26 13:16:35,704 - hybrid_pipeline - INFO - [404/576] 已回收 tile_x9216_y12288
2026-07-26 13:16:35,731 - hybrid_pipeline - INFO - Tile tile_x16128_y12288: 核心遮罩全空 → 空白 placeholder
2026-07-26 13:16:35,732 - hybrid_pipeline - INFO - Tile tile_x17664_y12288: 核心遮罩全空 → 空白 placeholder
2026-07-26 13:16:35,795 - m3_module.m3_dot_detection - INFO - detect_all_dots: 紅點=2, 黑點=2, 涉及細胞=12
2026-07-26 13:16:35,888 - m4_module.cell_crops - INFO - 匯出 3 張 per-cell 影像至 /data/taro_Projects/tsgh/output/r7_run/cell_crops/tile_x6144_y12288/cells
2026-07-26 13:16:35,888 - hybrid_pipeline - INFO - Tile tile_x6144_y12288 完成: 核心擁有 3 細胞 (3 陽性), 1.00 秒
2026-07-26 13:16:36,781 - hybrid_pipeline - INFO - [405/576] 已回收 tile_x6144_y12288
2026-07-26 13:16:36,810 - m3_module.m3_cells_generator - INFO - All-positive 標註完成: 136 個細胞
2026-07-26 13:16:36,871 - m3_module.m3_cells_generator - INFO - enlarge_cell_instances: 136 顆細胞, factor=1.50(面積), 中位半徑=24.9px, 外擴=5.6px
2026-07-26 13:16:36,899 - m3_module.m3_elastic_matching - INFO - elastic_dish_nucleus_matching(overlap-first): IHC=136, DISH=22, matched(1核)=17 (其中重疊=17), drop-out(競爭落敗)=7, 無候選(計入)=112, factor=1.50, min_reach=20.0
2026-07-26 13:16:36,905 - hybrid_pipeline - INFO - [406/576] 已回收 tile_x16128_y12288
2026-07-26 13:16:36,920 - hybrid_pipeline - INFO - [407/576] 已回收 tile_x6912_y12288
2026-07-26 13:16:36,928 - hybrid_pipeline - INFO - [408/576] 已回收 tile_x17664_y12288
2026-07-26 13:16:36,939 - m3_module.m3_cells_generator - INFO - All-positive 標註完成: 100 個細胞
2026-07-26 13:16:36,949 - m3_module.m3_cells_generator - INFO - All-positive 標註完成: 147 個細胞
2026-07-26 13:16:36,959 - m3_module.m3_cells_generator - INFO - All-positive 標註完成: 124 個細胞
2026-07-26 13:16:36,998 - m3_module.m3_cells_generator - INFO - enlarge_cell_instances: 100 顆細胞, factor=1.50(面積), 中位半徑=23.1px, 外擴=5.2px
2026-07-26 13:16:37,013 - m3_module.m3_cells_generator - INFO - enlarge_cell_instances: 147 顆細胞, factor=1.50(面積), 中位半徑=26.8px, 外擴=6.0px
2026-07-26 13:16:37,019 - m3_module.m3_cells_generator - INFO - enlarge_cell_instances: 124 顆細胞, factor=1.50(面積), 中位半徑=25.2px, 外擴=5.7px
2026-07-26 13:16:37,031 - m3_module.m3_elastic_matching - INFO - elastic_dish_nucleus_matching(overlap-first): IHC=100, DISH=6, matched(1核)=4 (其中重疊=4), drop-out(競爭落敗)=0, 無候選(計入)=96, factor=1.50, min_reach=20.0
2026-07-26 13:16:37,046 - m3_module.m3_elastic_matching - INFO - elastic_dish_nucleus_matching(overlap-first): IHC=147, DISH=30, matched(1核)=18 (其中重疊=18), drop-out(競爭落敗)=7, 無候選(計入)=122, factor=1.50, min_reach=20.0
2026-07-26 13:16:37,053 - m3_module.m3_elastic_matching - INFO - elastic_dish_nucleus_matching(overlap-first): IHC=124, DISH=23, matched(1核)=20 (其中重疊=20), drop-out(競爭落敗)=13, 無候選(計入)=91, factor=1.50, min_reach=20.0
2026-07-26 13:16:37,103 - m3_module.m3_dot_detection - INFO - detect_all_dots: 紅點=31, 黑點=46, 涉及細胞=136
2026-07-26 13:16:37,166 - m3_module.m3_dot_detection - INFO - detect_all_dots: 紅點=1, 黑點=2, 涉及細胞=100
2026-07-26 13:16:37,229 - m3_module.m3_dot_detection - INFO - detect_all_dots: 紅點=24, 黑點=31, 涉及細胞=147
2026-07-26 13:16:37,310 - m3_module.m3_dot_detection - INFO - detect_all_dots: 紅點=52, 黑點=87, 涉及細胞=124
2026-07-26 13:16:37,385 - m4_module.cell_crops - INFO - 匯出 43 張 per-cell 影像至 /data/taro_Projects/tsgh/output/r7_run/cell_crops/tile_x2304_y13056/cells
2026-07-26 13:16:37,385 - hybrid_pipeline - INFO - Tile tile_x2304_y13056 完成: 核心擁有 43 細胞 (43 陽性), 1.68 秒
2026-07-26 13:16:37,458 - m4_module.cell_crops - INFO - 匯出 65 張 per-cell 影像至 /data/taro_Projects/tsgh/output/r7_run/cell_crops/tile_x768_y13056/cells
2026-07-26 13:16:37,458 - hybrid_pipeline - INFO - Tile tile_x768_y13056 完成: 核心擁有 65 細胞 (65 陽性), 1.88 秒
2026-07-26 13:16:37,609 - m4_module.cell_crops - INFO - 匯出 72 張 per-cell 影像至 /data/taro_Projects/tsgh/output/r7_run/cell_crops/tile_x1536_y13056/cells
2026-07-26 13:16:37,609 - hybrid_pipeline - INFO - Tile tile_x1536_y13056 完成: 核心擁有 72 細胞 (72 陽性), 1.91 秒
2026-07-26 13:16:37,611 - hybrid_pipeline - INFO - [409/576] 已回收 tile_x1536_y13056
2026-07-26 13:16:37,621 - m4_module.cell_crops - INFO - 匯出 89 張 per-cell 影像至 /data/taro_Projects/tsgh/output/r7_run/cell_crops/tile_x0_y13056/cells
2026-07-26 13:16:37,621 - hybrid_pipeline - INFO - Tile tile_x0_y13056 完成: 核心擁有 89 細胞 (89 陽性), 2.05 秒
2026-07-26 13:16:37,635 - hybrid_pipeline - INFO - Tile tile_x7680_y13056: 核心遮罩全空 → 空白 placeholder
2026-07-26 13:16:37,710 - hybrid_pipeline - INFO - [410/576] 已回收 tile_x768_y13056
2026-07-26 13:16:37,742 - m3_module.m3_cells_generator - INFO - All-positive 標註完成: 134 個細胞
2026-07-26 13:16:37,800 - m3_module.m3_cells_generator - INFO - enlarge_cell_instances: 134 顆細胞, factor=1.50(面積), 中位半徑=20.1px, 外擴=4.5px
2026-07-26 13:16:37,831 - m3_module.m3_elastic_matching - INFO - elastic_dish_nucleus_matching(overlap-first): IHC=134, DISH=58, matched(1核)=34 (其中重疊=34), drop-out(競爭落敗)=8, 無候選(計入)=92, factor=1.50, min_reach=20.0
2026-07-26 13:16:37,836 - hybrid_pipeline - INFO - [411/576] 已回收 tile_x0_y13056
2026-07-26 13:16:37,870 - m3_module.m3_cells_generator - INFO - All-positive 標註完成: 17 個細胞
2026-07-26 13:16:37,911 - m3_module.m3_cells_generator - INFO - enlarge_cell_instances: 17 顆細胞, factor=1.50(面積), 中位半徑=23.3px, 外擴=5.2px
2026-07-26 13:16:37,937 - m3_module.m3_elastic_matching - INFO - elastic_dish_nucleus_matching(overlap-first): IHC=17, DISH=2, matched(1核)=1 (其中重疊=1), drop-out(競爭落敗)=0, 無候選(計入)=16, factor=1.50, min_reach=20.0
2026-07-26 13:16:37,965 - hybrid_pipeline - INFO - [412/576] 已回收 tile_x2304_y13056
2026-07-26 13:16:37,998 - m3_module.m3_cells_generator - INFO - All-positive 標註完成: 109 個細胞
2026-07-26 13:16:38,049 - m3_module.m3_dot_detection - INFO - detect_all_dots: 紅點=27, 黑點=37, 涉及細胞=134
2026-07-26 13:16:38,060 - m3_module.m3_cells_generator - INFO - enlarge_cell_instances: 109 顆細胞, factor=1.50(面積), 中位半徑=25.2px, 外擴=5.7px
2026-07-26 13:16:38,063 - m3_module.m3_dot_detection - INFO - detect_all_dots: 紅點=0, 黑點=0, 涉及細胞=17
2026-07-26 13:16:38,089 - m3_module.m3_elastic_matching - INFO - elastic_dish_nucleus_matching(overlap-first): IHC=109, DISH=31, matched(1核)=17 (其中重疊=17), drop-out(競爭落敗)=5, 無候選(計入)=87, factor=1.50, min_reach=20.0
2026-07-26 13:16:38,166 - m4_module.cell_crops - INFO - 匯出 5 張 per-cell 影像至 /data/taro_Projects/tsgh/output/r7_run/cell_crops/tile_x5376_y13056/cells
2026-07-26 13:16:38,166 - hybrid_pipeline - INFO - Tile tile_x5376_y13056 完成: 核心擁有 5 細胞 (5 陽性), 1.25 秒
2026-07-26 13:16:38,249 - m3_module.m3_dot_detection - INFO - detect_all_dots: 紅點=10, 黑點=13, 涉及細胞=109
2026-07-26 13:16:38,410 - m4_module.cell_crops - INFO - 匯出 86 張 per-cell 影像至 /data/taro_Projects/tsgh/output/r7_run/cell_crops/tile_x3072_y13056/cells
2026-07-26 13:16:38,410 - hybrid_pipeline - INFO - Tile tile_x3072_y13056 完成: 核心擁有 86 細胞 (86 陽性), 1.63 秒
2026-07-26 13:16:38,411 - hybrid_pipeline - INFO - [413/576] 已回收 tile_x7680_y13056
2026-07-26 13:16:38,441 - m3_module.m3_cells_generator - INFO - All-positive 標註完成: 3 個細胞
2026-07-26 13:16:38,467 - m3_module.m3_cells_generator - INFO - enlarge_cell_instances: 3 顆細胞, factor=1.50(面積), 中位半徑=18.6px, 外擴=4.2px
2026-07-26 13:16:38,581 - m4_module.cell_crops - INFO - 匯出 55 張 per-cell 影像至 /data/taro_Projects/tsgh/output/r7_run/cell_crops/tile_x3840_y13056/cells
2026-07-26 13:16:38,581 - hybrid_pipeline - INFO - Tile tile_x3840_y13056 完成: 核心擁有 55 細胞 (55 陽性), 1.68 秒
2026-07-26 13:16:38,584 - hybrid_pipeline - INFO - [414/576] 已回收 tile_x3840_y13056
2026-07-26 13:16:38,585 - hybrid_pipeline - INFO - [415/576] 已回收 tile_x3072_y13056
2026-07-26 13:16:38,607 - m3_module.m3_dot_detection - INFO - detect_all_dots: 紅點=0, 黑點=0, 涉及細胞=3
2026-07-26 13:16:38,610 - hybrid_pipeline - INFO - Tile tile_x8448_y13056: 核心遮罩全空 → 空白 placeholder
2026-07-26 13:16:38,620 - m3_module.m3_cells_generator - INFO - All-positive 標註完成: 103 個細胞
2026-07-26 13:16:38,645 - hybrid_pipeline - INFO - [416/576] 已回收 tile_x5376_y13056
2026-07-26 13:16:38,649 - hybrid_pipeline - INFO - [417/576] 已回收 tile_x8448_y13056
2026-07-26 13:16:38,651 - m4_module.cell_crops - INFO - 匯出 0 張 per-cell 影像至 /data/taro_Projects/tsgh/output/r7_run/cell_crops/tile_x6912_y13056/cells
2026-07-26 13:16:38,651 - hybrid_pipeline - INFO - Tile tile_x6912_y13056 完成: 核心擁有 0 細胞 (0 陽性), 1.04 秒
2026-07-26 13:16:38,652 - hybrid_pipeline - INFO - [418/576] 已回收 tile_x6912_y13056
2026-07-26 13:16:38,673 - hybrid_pipeline - INFO - Tile tile_x13056_y13056: 核心遮罩全空 → 空白 placeholder
2026-07-26 13:16:38,673 - m3_module.m3_cells_generator - INFO - enlarge_cell_instances: 103 顆細胞, factor=1.50(面積), 中位半徑=24.8px, 外擴=5.6px
2026-07-26 13:16:38,677 - hybrid_pipeline - INFO - Tile tile_x9216_y13056: 核心遮罩全空 → 空白 placeholder
2026-07-26 13:16:38,677 - m3_module.m3_cells_generator - INFO - All-positive 標註完成: 33 個細胞
2026-07-26 13:16:38,701 - m3_module.m3_elastic_matching - INFO - elastic_dish_nucleus_matching(overlap-first): IHC=103, DISH=15, matched(1核)=13 (其中重疊=13), drop-out(競爭落敗)=7, 無候選(計入)=83, factor=1.50, min_reach=20.0
2026-07-26 13:16:38,717 - m3_module.m3_cells_generator - INFO - enlarge_cell_instances: 33 顆細胞, factor=1.50(面積), 中位半徑=20.7px, 外擴=4.7px
2026-07-26 13:16:38,722 - hybrid_pipeline - INFO - [419/576] 已回收 tile_x13056_y13056
2026-07-26 13:16:38,726 - hybrid_pipeline - INFO - [420/576] 已回收 tile_x9216_y13056
2026-07-26 13:16:38,743 - m3_module.m3_elastic_matching - INFO - elastic_dish_nucleus_matching(overlap-first): IHC=33, DISH=5, matched(1核)=3 (其中重疊=3), drop-out(競爭落敗)=0, 無候選(計入)=30, factor=1.50, min_reach=20.0
2026-07-26 13:16:38,754 - hybrid_pipeline - INFO - Tile tile_x14592_y13056: 核心遮罩全空 → 空白 placeholder
2026-07-26 13:16:38,754 - hybrid_pipeline - INFO - Tile tile_x12288_y13056: 核心遮罩全空 → 空白 placeholder
2026-07-26 13:16:38,780 - hybrid_pipeline - INFO - [421/576] 已回收 tile_x12288_y13056
2026-07-26 13:16:38,784 - hybrid_pipeline - INFO - [422/576] 已回收 tile_x14592_y13056
2026-07-26 13:16:38,805 - hybrid_pipeline - INFO - Tile tile_x13824_y13056: 核心遮罩全空 → 空白 placeholder
2026-07-26 13:16:38,807 - hybrid_pipeline - INFO - Tile tile_x9984_y13056: 核心遮罩全空 → 空白 placeholder
2026-07-26 13:16:38,834 - hybrid_pipeline - INFO - [423/576] 已回收 tile_x13824_y13056
2026-07-26 13:16:38,839 - hybrid_pipeline - INFO - [424/576] 已回收 tile_x9984_y13056
2026-07-26 13:16:38,859 - hybrid_pipeline - INFO - Tile tile_x15360_y13056: 核心遮罩全空 → 空白 placeholder
2026-07-26 13:16:38,859 - m3_module.m3_dot_detection - INFO - detect_all_dots: 紅點=12, 黑點=17, 涉及細胞=103
2026-07-26 13:16:38,864 - hybrid_pipeline - INFO - Tile tile_x16128_y13056: 核心遮罩全空 → 空白 placeholder
2026-07-26 13:16:38,870 - m3_module.m3_dot_detection - INFO - detect_all_dots: 紅點=1, 黑點=1, 涉及細胞=33
2026-07-26 13:16:38,892 - hybrid_pipeline - INFO - [425/576] 已回收 tile_x15360_y13056
2026-07-26 13:16:38,895 - hybrid_pipeline - INFO - [426/576] 已回收 tile_x16128_y13056
2026-07-26 13:16:38,921 - hybrid_pipeline - INFO - Tile tile_x16896_y13056: 核心遮罩全空 → 空白 placeholder
2026-07-26 13:16:38,926 - hybrid_pipeline - INFO - Tile tile_x17664_y13056: 核心遮罩全空 → 空白 placeholder
2026-07-26 13:16:39,011 - m4_module.cell_crops - INFO - 匯出 30 張 per-cell 影像至 /data/taro_Projects/tsgh/output/r7_run/cell_crops/tile_x6144_y13056/cells
2026-07-26 13:16:39,011 - hybrid_pipeline - INFO - Tile tile_x6144_y13056 完成: 核心擁有 30 細胞 (30 陽性), 1.18 秒
2026-07-26 13:16:39,013 - hybrid_pipeline - INFO - [427/576] 已回收 tile_x6144_y13056
2026-07-26 13:16:39,042 - hybrid_pipeline - INFO - Tile tile_x11520_y13056: 核心遮罩全空 → 空白 placeholder
2026-07-26 13:16:39,145 - m4_module.cell_crops - INFO - 匯出 57 張 per-cell 影像至 /data/taro_Projects/tsgh/output/r7_run/cell_crops/tile_x4608_y13056/cells
2026-07-26 13:16:39,145 - hybrid_pipeline - INFO - Tile tile_x4608_y13056 完成: 核心擁有 57 細胞 (57 陽性), 1.44 秒
2026-07-26 13:16:39,147 - hybrid_pipeline - INFO - [428/576] 已回收 tile_x4608_y13056
2026-07-26 13:16:39,177 - hybrid_pipeline - INFO - Tile tile_x10752_y13056: 核心遮罩全空 → 空白 placeholder
2026-07-26 13:16:40,029 - hybrid_pipeline - INFO - [429/576] 已回收 tile_x16896_y13056
2026-07-26 13:16:40,062 - m3_module.m3_cells_generator - INFO - All-positive 標註完成: 98 個細胞
2026-07-26 13:16:40,065 - hybrid_pipeline - INFO - [430/576] 已回收 tile_x17664_y13056
2026-07-26 13:16:40,095 - m3_module.m3_cells_generator - INFO - All-positive 標註完成: 103 個細胞
2026-07-26 13:16:40,106 - hybrid_pipeline - INFO - [431/576] 已回收 tile_x11520_y13056
2026-07-26 13:16:40,122 - m3_module.m3_cells_generator - INFO - enlarge_cell_instances: 98 顆細胞, factor=1.50(面積), 中位半徑=22.8px, 外擴=5.1px
2026-07-26 13:16:40,137 - m3_module.m3_cells_generator - INFO - All-positive 標註完成: 135 個細胞
2026-07-26 13:16:40,150 - m3_module.m3_cells_generator - INFO - enlarge_cell_instances: 103 顆細胞, factor=1.50(面積), 中位半徑=27.0px, 外擴=6.1px
2026-07-26 13:16:40,154 - m3_module.m3_elastic_matching - INFO - elastic_dish_nucleus_matching(overlap-first): IHC=98, DISH=25, matched(1核)=20 (其中重疊=20), drop-out(競爭落敗)=12, 無候選(計入)=66, factor=1.50, min_reach=20.0
2026-07-26 13:16:40,184 - m3_module.m3_elastic_matching - INFO - elastic_dish_nucleus_matching(overlap-first): IHC=103, DISH=66, matched(1核)=46 (其中重疊=46), drop-out(競爭落敗)=12, 無候選(計入)=45, factor=1.50, min_reach=20.0
2026-07-26 13:16:40,205 - m3_module.m3_cells_generator - INFO - enlarge_cell_instances: 135 顆細胞, factor=1.50(面積), 中位半徑=26.3px, 外擴=5.9px
2026-07-26 13:16:40,243 - m3_module.m3_elastic_matching - INFO - elastic_dish_nucleus_matching(overlap-first): IHC=135, DISH=72, matched(1核)=46 (其中重疊=45), drop-out(競爭落敗)=10, 無候選(計入)=79, factor=1.50, min_reach=20.0
2026-07-26 13:16:40,358 - hybrid_pipeline - INFO - [432/576] 已回收 tile_x10752_y13056
2026-07-26 13:16:40,367 - m3_module.m3_dot_detection - INFO - detect_all_dots: 紅點=30, 黑點=38, 涉及細胞=98
2026-07-26 13:16:40,384 - m3_module.m3_cells_generator - INFO - All-positive 標註完成: 115 個細胞
2026-07-26 13:16:40,441 - m3_module.m3_cells_generator - INFO - enlarge_cell_instances: 115 顆細胞, factor=1.50(面積), 中位半徑=30.0px, 外擴=6.7px
2026-07-26 13:16:40,472 - m3_module.m3_elastic_matching - INFO - elastic_dish_nucleus_matching(overlap-first): IHC=115, DISH=50, matched(1核)=33 (其中重疊=32), drop-out(競爭落敗)=11, 無候選(計入)=71, factor=1.50, min_reach=20.0
2026-07-26 13:16:40,513 - m3_module.m3_dot_detection - INFO - detect_all_dots: 紅點=66, 黑點=83, 涉及細胞=135
2026-07-26 13:16:40,515 - m3_module.m3_dot_detection - INFO - detect_all_dots: 紅點=94, 黑點=121, 涉及細胞=103
2026-07-26 13:16:40,620 - m4_module.cell_crops - INFO - 匯出 75 張 per-cell 影像至 /data/taro_Projects/tsgh/output/r7_run/cell_crops/tile_x2304_y13824/cells
2026-07-26 13:16:40,620 - hybrid_pipeline - INFO - Tile tile_x2304_y13824 完成: 核心擁有 75 細胞 (75 陽性), 1.73 秒
2026-07-26 13:16:40,684 - m3_module.m3_dot_detection - INFO - detect_all_dots: 紅點=31, 黑點=44, 涉及細胞=115
2026-07-26 13:16:40,807 - m4_module.cell_crops - INFO - 匯出 48 張 per-cell 影像至 /data/taro_Projects/tsgh/output/r7_run/cell_crops/tile_x1536_y13824/cells
2026-07-26 13:16:40,807 - hybrid_pipeline - INFO - Tile tile_x1536_y13824 完成: 核心擁有 48 細胞 (48 陽性), 1.91 秒
2026-07-26 13:16:40,891 - m4_module.cell_crops - INFO - 匯出 81 張 per-cell 影像至 /data/taro_Projects/tsgh/output/r7_run/cell_crops/tile_x768_y13824/cells
2026-07-26 13:16:40,891 - hybrid_pipeline - INFO - Tile tile_x768_y13824 完成: 核心擁有 81 細胞 (81 陽性), 1.88 秒
2026-07-26 13:16:40,943 - hybrid_pipeline - INFO - [433/576] 已回收 tile_x2304_y13824
2026-07-26 13:16:40,970 - m3_module.m3_cells_generator - INFO - All-positive 標註完成: 67 個細胞
2026-07-26 13:16:41,022 - m3_module.m3_cells_generator - INFO - enlarge_cell_instances: 67 顆細胞, factor=1.50(面積), 中位半徑=24.4px, 外擴=5.5px
2026-07-26 13:16:41,049 - m3_module.m3_elastic_matching - INFO - elastic_dish_nucleus_matching(overlap-first): IHC=67, DISH=19, matched(1核)=13 (其中重疊=13), drop-out(競爭落敗)=4, 無候選(計入)=50, factor=1.50, min_reach=20.0
2026-07-26 13:16:41,058 - m4_module.cell_crops - INFO - 匯出 63 張 per-cell 影像至 /data/taro_Projects/tsgh/output/r7_run/cell_crops/tile_x0_y13824/cells
2026-07-26 13:16:41,058 - hybrid_pipeline - INFO - Tile tile_x0_y13824 完成: 核心擁有 63 細胞 (63 陽性), 1.91 秒
2026-07-26 13:16:41,203 - m3_module.m3_dot_detection - INFO - detect_all_dots: 紅點=14, 黑點=16, 涉及細胞=67
2026-07-26 13:16:41,224 - hybrid_pipeline - INFO - [434/576] 已回收 tile_x768_y13824
2026-07-26 13:16:41,250 - hybrid_pipeline - INFO - [435/576] 已回收 tile_x1536_y13824
2026-07-26 13:16:41,255 - m3_module.m3_cells_generator - INFO - All-positive 標註完成: 80 個細胞
2026-07-26 13:16:41,273 - m3_module.m3_cells_generator - INFO - All-positive 標註完成: 136 個細胞
2026-07-26 13:16:41,290 - hybrid_pipeline - INFO - [436/576] 已回收 tile_x0_y13824
2026-07-26 13:16:41,312 - m3_module.m3_cells_generator - INFO - enlarge_cell_instances: 80 顆細胞, factor=1.50(面積), 中位半徑=23.8px, 外擴=5.3px
2026-07-26 13:16:41,318 - cellpose.dynamics - INFO - No cell pixels found.
2026-07-26 13:16:41,333 - m3_module.m3_cells_generator - INFO - All-positive 標註完成: 71 個細胞
2026-07-26 13:16:41,339 - m3_module.m3_cells_generator - INFO - enlarge_cell_instances: 136 顆細胞, factor=1.50(面積), 中位半徑=22.3px, 外擴=5.0px
2026-07-26 13:16:41,345 - m3_module.m3_elastic_matching - INFO - elastic_dish_nucleus_matching(overlap-first): IHC=80, DISH=3, matched(1核)=2 (其中重疊=2), drop-out(競爭落敗)=2, 無候選(計入)=76, factor=1.50, min_reach=20.0
2026-07-26 13:16:41,372 - m3_module.m3_elastic_matching - INFO - elastic_dish_nucleus_matching(overlap-first): IHC=136, DISH=24, matched(1核)=19 (其中重疊=19), drop-out(競爭落敗)=4, 無候選(計入)=113, factor=1.50, min_reach=20.0
2026-07-26 13:16:41,382 - m3_module.m3_cells_generator - INFO - enlarge_cell_instances: 71 顆細胞, factor=1.50(面積), 中位半徑=20.6px, 外擴=4.6px
2026-07-26 13:16:41,414 - m3_module.m3_elastic_matching - INFO - elastic_dish_nucleus_matching(overlap-first): IHC=71, DISH=11, matched(1核)=10 (其中重疊=10), drop-out(競爭落敗)=0, 無候選(計入)=61, factor=1.50, min_reach=20.0
2026-07-26 13:16:41,431 - m4_module.cell_crops - INFO - 匯出 26 張 per-cell 影像至 /data/taro_Projects/tsgh/output/r7_run/cell_crops/tile_x3072_y13824/cells
2026-07-26 13:16:41,431 - hybrid_pipeline - INFO - Tile tile_x3072_y13824 完成: 核心擁有 26 細胞 (26 陽性), 1.40 秒
2026-07-26 13:16:41,482 - m3_module.m3_dot_detection - INFO - detect_all_dots: 紅點=1, 黑點=0, 涉及細胞=80
2026-07-26 13:16:41,556 - m3_module.m3_dot_detection - INFO - detect_all_dots: 紅點=22, 黑點=30, 涉及細胞=136
2026-07-26 13:16:41,560 - m3_module.m3_dot_detection - INFO - detect_all_dots: 紅點=8, 黑點=15, 涉及細胞=71
2026-07-26 13:16:41,696 - m4_module.cell_crops - INFO - 匯出 45 張 per-cell 影像至 /data/taro_Projects/tsgh/output/r7_run/cell_crops/tile_x5376_y13824/cells
2026-07-26 13:16:41,696 - hybrid_pipeline - INFO - Tile tile_x5376_y13824 完成: 核心擁有 45 細胞 (45 陽性), 1.59 秒
2026-07-26 13:16:41,708 - cellpose.dynamics - INFO - No cell pixels found.
2026-07-26 13:16:41,799 - m4_module.cell_crops - INFO - 匯出 34 張 per-cell 影像至 /data/taro_Projects/tsgh/output/r7_run/cell_crops/tile_x3840_y13824/cells
2026-07-26 13:16:41,799 - hybrid_pipeline - INFO - Tile tile_x3840_y13824 完成: 核心擁有 34 細胞 (34 陽性), 1.44 秒
2026-07-26 13:16:41,800 - hybrid_pipeline - INFO - [437/576] 已回收 tile_x3840_y13824
2026-07-26 13:16:41,812 - hybrid_pipeline - INFO - [438/576] 已回收 tile_x3072_y13824
2026-07-26 13:16:41,825 - m3_module.m3_cells_generator - INFO - All-positive 標註完成: 0 個細胞
2026-07-26 13:16:41,829 - hybrid_pipeline - INFO - Tile tile_x9216_y13824: 核心遮罩全空 → 空白 placeholder
2026-07-26 13:16:41,859 - m4_module.cell_crops - INFO - 匯出 83 張 per-cell 影像至 /data/taro_Projects/tsgh/output/r7_run/cell_crops/tile_x4608_y13824/cells
2026-07-26 13:16:41,859 - hybrid_pipeline - INFO - Tile tile_x4608_y13824 完成: 核心擁有 83 細胞 (83 陽性), 1.79 秒
2026-07-26 13:16:41,886 - hybrid_pipeline - INFO - [439/576] 已回收 tile_x9216_y13824
2026-07-26 13:16:41,917 - hybrid_pipeline - INFO - Tile tile_x8448_y13824: 核心遮罩全空 → 空白 placeholder
2026-07-26 13:16:41,957 - m3_module.m3_dot_detection - INFO - detect_all_dots: 紅點=0, 黑點=0, 涉及細胞=0
2026-07-26 13:16:41,965 - hybrid_pipeline - INFO - [440/576] 已回收 tile_x8448_y13824
2026-07-26 13:16:41,990 - m4_module.cell_crops - INFO - 匯出 0 張 per-cell 影像至 /data/taro_Projects/tsgh/output/r7_run/cell_crops/tile_x6912_y13824/cells
2026-07-26 13:16:41,990 - hybrid_pipeline - INFO - Tile tile_x6912_y13824 完成: 核心擁有 0 細胞 (0 陽性), 1.05 秒
2026-07-26 13:16:41,990 - hybrid_pipeline - INFO - [441/576] 已回收 tile_x6912_y13824
2026-07-26 13:16:41,994 - hybrid_pipeline - INFO - Tile tile_x10752_y13824: 核心遮罩全空 → 空白 placeholder
2026-07-26 13:16:42,016 - hybrid_pipeline - INFO - Tile tile_x11520_y13824: 核心遮罩全空 → 空白 placeholder
2026-07-26 13:16:42,068 - hybrid_pipeline - INFO - [442/576] 已回收 tile_x10752_y13824
2026-07-26 13:16:42,083 - hybrid_pipeline - INFO - [443/576] 已回收 tile_x11520_y13824
2026-07-26 13:16:42,098 - hybrid_pipeline - INFO - Tile tile_x9984_y13824: 核心遮罩全空 → 空白 placeholder
2026-07-26 13:16:42,108 - hybrid_pipeline - INFO - Tile tile_x14592_y13824: 核心遮罩全空 → 空白 placeholder
2026-07-26 13:16:42,142 - hybrid_pipeline - INFO - [444/576] 已回收 tile_x9984_y13824
2026-07-26 13:16:42,146 - hybrid_pipeline - INFO - [445/576] 已回收 tile_x14592_y13824
2026-07-26 13:16:42,168 - hybrid_pipeline - INFO - Tile tile_x13824_y13824: 核心遮罩全空 → 空白 placeholder
2026-07-26 13:16:42,170 - hybrid_pipeline - INFO - Tile tile_x12288_y13824: 核心遮罩全空 → 空白 placeholder
2026-07-26 13:16:42,213 - hybrid_pipeline - INFO - [446/576] 已回收 tile_x13824_y13824
2026-07-26 13:16:42,216 - hybrid_pipeline - INFO - [447/576] 已回收 tile_x12288_y13824
2026-07-26 13:16:42,238 - hybrid_pipeline - INFO - Tile tile_x13056_y13824: 核心遮罩全空 → 空白 placeholder
2026-07-26 13:16:42,244 - hybrid_pipeline - INFO - Tile tile_x15360_y13824: 核心遮罩全空 → 空白 placeholder
2026-07-26 13:16:42,246 - hybrid_pipeline - INFO - [448/576] 已回收 tile_x4608_y13824
2026-07-26 13:16:42,250 - m3_module.m3_cells_generator - INFO - All-positive 標註完成: 0 個細胞
2026-07-26 13:16:42,276 - hybrid_pipeline - INFO - [449/576] 已回收 tile_x13056_y13824
2026-07-26 13:16:42,281 - hybrid_pipeline - INFO - [450/576] 已回收 tile_x5376_y13824
2026-07-26 13:16:42,284 - hybrid_pipeline - INFO - [451/576] 已回收 tile_x15360_y13824
2026-07-26 13:16:42,303 - hybrid_pipeline - INFO - Tile tile_x16128_y13824: 核心遮罩全空 → 空白 placeholder
2026-07-26 13:16:42,309 - m3_module.m3_cells_generator - INFO - All-positive 標註完成: 6 個細胞
2026-07-26 13:16:42,315 - hybrid_pipeline - INFO - Tile tile_x16896_y13824: 核心遮罩全空 → 空白 placeholder
2026-07-26 13:16:42,340 - m3_module.m3_cells_generator - INFO - enlarge_cell_instances: 6 顆細胞, factor=1.50(面積), 中位半徑=21.6px, 外擴=4.9px
2026-07-26 13:16:42,395 - m3_module.m3_dot_detection - INFO - detect_all_dots: 紅點=0, 黑點=0, 涉及細胞=0
2026-07-26 13:16:42,431 - m4_module.cell_crops - INFO - 匯出 0 張 per-cell 影像至 /data/taro_Projects/tsgh/output/r7_run/cell_crops/tile_x7680_y13824/cells
2026-07-26 13:16:42,431 - hybrid_pipeline - INFO - Tile tile_x7680_y13824 完成: 核心擁有 0 細胞 (0 陽性), 1.18 秒
2026-07-26 13:16:42,432 - hybrid_pipeline - INFO - [452/576] 已回收 tile_x7680_y13824
2026-07-26 13:16:42,457 - hybrid_pipeline - INFO - Tile tile_x17664_y13824: 核心遮罩全空 → 空白 placeholder
2026-07-26 13:16:42,487 - m3_module.m3_dot_detection - INFO - detect_all_dots: 紅點=0, 黑點=0, 涉及細胞=6
2026-07-26 13:16:42,540 - m4_module.cell_crops - INFO - 匯出 5 張 per-cell 影像至 /data/taro_Projects/tsgh/output/r7_run/cell_crops/tile_x6144_y13824/cells
2026-07-26 13:16:42,540 - hybrid_pipeline - INFO - Tile tile_x6144_y13824 完成: 核心擁有 5 細胞 (5 陽性), 1.32 秒
2026-07-26 13:16:43,426 - hybrid_pipeline - INFO - [453/576] 已回收 tile_x16128_y13824
2026-07-26 13:16:43,457 - m3_module.m3_cells_generator - INFO - All-positive 標註完成: 52 個細胞
2026-07-26 13:16:43,512 - m3_module.m3_cells_generator - INFO - enlarge_cell_instances: 52 顆細胞, factor=1.50(面積), 中位半徑=28.5px, 外擴=6.4px
2026-07-26 13:16:43,537 - hybrid_pipeline - INFO - [454/576] 已回收 tile_x6144_y13824
2026-07-26 13:16:43,541 - m3_module.m3_elastic_matching - INFO - elastic_dish_nucleus_matching(overlap-first): IHC=52, DISH=14, matched(1核)=13 (其中重疊=13), drop-out(競爭落敗)=6, 無候選(計入)=33, factor=1.50, min_reach=20.0
2026-07-26 13:16:43,565 - hybrid_pipeline - INFO - [455/576] 已回收 tile_x16896_y13824
2026-07-26 13:16:43,568 - hybrid_pipeline - INFO - [456/576] 已回收 tile_x17664_y13824
2026-07-26 13:16:43,573 - m3_module.m3_cells_generator - INFO - All-positive 標註完成: 67 個細胞
2026-07-26 13:16:43,607 - m3_module.m3_cells_generator - INFO - All-positive 標註完成: 93 個細胞
2026-07-26 13:16:43,608 - m3_module.m3_cells_generator - INFO - All-positive 標註完成: 57 個細胞
2026-07-26 13:16:43,632 - m3_module.m3_cells_generator - INFO - enlarge_cell_instances: 67 顆細胞, factor=1.50(面積), 中位半徑=28.1px, 外擴=6.3px
2026-07-26 13:16:43,662 - m3_module.m3_cells_generator - INFO - enlarge_cell_instances: 57 顆細胞, factor=1.50(面積), 中位半徑=32.0px, 外擴=7.2px
2026-07-26 13:16:43,665 - m3_module.m3_elastic_matching - INFO - elastic_dish_nucleus_matching(overlap-first): IHC=67, DISH=38, matched(1核)=28 (其中重疊=28), drop-out(競爭落敗)=3, 無候選(計入)=36, factor=1.50, min_reach=20.0
2026-07-26 13:16:43,672 - m3_module.m3_cells_generator - INFO - enlarge_cell_instances: 93 顆細胞, factor=1.50(面積), 中位半徑=23.4px, 外擴=5.3px
2026-07-26 13:16:43,695 - m3_module.m3_elastic_matching - INFO - elastic_dish_nucleus_matching(overlap-first): IHC=57, DISH=20, matched(1核)=18 (其中重疊=18), drop-out(競爭落敗)=7, 無候選(計入)=32, factor=1.50, min_reach=20.0
2026-07-26 13:16:43,707 - m3_module.m3_elastic_matching - INFO - elastic_dish_nucleus_matching(overlap-first): IHC=93, DISH=76, matched(1核)=36 (其中重疊=36), drop-out(競爭落敗)=2, 無候選(計入)=55, factor=1.50, min_reach=20.0
2026-07-26 13:16:43,714 - m3_module.m3_dot_detection - INFO - detect_all_dots: 紅點=13, 黑點=16, 涉及細胞=52
2026-07-26 13:16:43,875 - m3_module.m3_dot_detection - INFO - detect_all_dots: 紅點=29, 黑點=48, 涉及細胞=67
2026-07-26 13:16:43,880 - m3_module.m3_dot_detection - INFO - detect_all_dots: 紅點=26, 黑點=33, 涉及細胞=57
2026-07-26 13:16:43,908 - m4_module.cell_crops - INFO - 匯出 34 張 per-cell 影像至 /data/taro_Projects/tsgh/output/r7_run/cell_crops/tile_x0_y14592/cells
2026-07-26 13:16:43,908 - hybrid_pipeline - INFO - Tile tile_x0_y14592 完成: 核心擁有 34 細胞 (34 陽性), 1.63 秒
2026-07-26 13:16:43,921 - m3_module.m3_dot_detection - INFO - detect_all_dots: 紅點=36, 黑點=44, 涉及細胞=93
2026-07-26 13:16:44,106 - m4_module.cell_crops - INFO - 匯出 23 張 per-cell 影像至 /data/taro_Projects/tsgh/output/r7_run/cell_crops/tile_x1536_y14592/cells
2026-07-26 13:16:44,106 - hybrid_pipeline - INFO - Tile tile_x1536_y14592 完成: 核心擁有 23 細胞 (23 陽性), 1.82 秒
2026-07-26 13:16:44,121 - m4_module.cell_crops - INFO - 匯出 30 張 per-cell 影像至 /data/taro_Projects/tsgh/output/r7_run/cell_crops/tile_x768_y14592/cells
2026-07-26 13:16:44,121 - hybrid_pipeline - INFO - Tile tile_x768_y14592 完成: 核心擁有 30 細胞 (30 陽性), 1.69 秒
2026-07-26 13:16:44,224 - m4_module.cell_crops - INFO - 匯出 55 張 per-cell 影像至 /data/taro_Projects/tsgh/output/r7_run/cell_crops/tile_x2304_y14592/cells
2026-07-26 13:16:44,224 - hybrid_pipeline - INFO - Tile tile_x2304_y14592 完成: 核心擁有 55 細胞 (55 陽性), 1.94 秒
2026-07-26 13:16:44,485 - hybrid_pipeline - INFO - [457/576] 已回收 tile_x0_y14592
2026-07-26 13:16:44,513 - m3_module.m3_cells_generator - INFO - All-positive 標註完成: 89 個細胞
2026-07-26 13:16:44,531 - hybrid_pipeline - INFO - [458/576] 已回收 tile_x1536_y14592
2026-07-26 13:16:44,565 - m3_module.m3_cells_generator - INFO - All-positive 標註完成: 66 個細胞
2026-07-26 13:16:44,573 - m3_module.m3_cells_generator - INFO - enlarge_cell_instances: 89 顆細胞, factor=1.50(面積), 中位半徑=28.0px, 外擴=6.3px
2026-07-26 13:16:44,605 - m3_module.m3_elastic_matching - INFO - elastic_dish_nucleus_matching(overlap-first): IHC=89, DISH=29, matched(1核)=19 (其中重疊=18), drop-out(競爭落敗)=4, 無候選(計入)=66, factor=1.50, min_reach=20.0
2026-07-26 13:16:44,624 - m3_module.m3_cells_generator - INFO - enlarge_cell_instances: 66 顆細胞, factor=1.50(面積), 中位半徑=23.6px, 外擴=5.3px
2026-07-26 13:16:44,657 - m3_module.m3_elastic_matching - INFO - elastic_dish_nucleus_matching(overlap-first): IHC=66, DISH=11, matched(1核)=6 (其中重疊=6), drop-out(競爭落敗)=2, 無候選(計入)=58, factor=1.50, min_reach=20.0
2026-07-26 13:16:44,696 - hybrid_pipeline - INFO - [459/576] 已回收 tile_x2304_y14592
2026-07-26 13:16:44,697 - hybrid_pipeline - INFO - [460/576] 已回收 tile_x768_y14592
2026-07-26 13:16:44,727 - m3_module.m3_cells_generator - INFO - All-positive 標註完成: 110 個細胞
2026-07-26 13:16:44,735 - m3_module.m3_cells_generator - INFO - All-positive 標註完成: 80 個細胞
2026-07-26 13:16:44,784 - m3_module.m3_cells_generator - INFO - enlarge_cell_instances: 110 顆細胞, factor=1.50(面積), 中位半徑=22.7px, 外擴=5.1px
2026-07-26 13:16:44,784 - m3_module.m3_cells_generator - INFO - enlarge_cell_instances: 80 顆細胞, factor=1.50(面積), 中位半徑=19.9px, 外擴=4.5px
2026-07-26 13:16:44,794 - m3_module.m3_dot_detection - INFO - detect_all_dots: 紅點=16, 黑點=24, 涉及細胞=89
2026-07-26 13:16:44,801 - m3_module.m3_dot_detection - INFO - detect_all_dots: 紅點=4, 黑點=5, 涉及細胞=66
2026-07-26 13:16:44,812 - m3_module.m3_elastic_matching - INFO - elastic_dish_nucleus_matching(overlap-first): IHC=80, DISH=9, matched(1核)=8 (其中重疊=8), drop-out(競爭落敗)=1, 無候選(計入)=71, factor=1.50, min_reach=20.0
2026-07-26 13:16:44,814 - m3_module.m3_elastic_matching - INFO - elastic_dish_nucleus_matching(overlap-first): IHC=110, DISH=10, matched(1核)=6 (其中重疊=6), drop-out(競爭落敗)=1, 無候選(計入)=103, factor=1.50, min_reach=20.0
2026-07-26 13:16:44,956 - m3_module.m3_dot_detection - INFO - detect_all_dots: 紅點=1, 黑點=6, 涉及細胞=110
2026-07-26 13:16:44,963 - m3_module.m3_dot_detection - INFO - detect_all_dots: 紅點=6, 黑點=11, 涉及細胞=80
2026-07-26 13:16:45,023 - m4_module.cell_crops - INFO - 匯出 39 張 per-cell 影像至 /data/taro_Projects/tsgh/output/r7_run/cell_crops/tile_x3840_y14592/cells
2026-07-26 13:16:45,023 - hybrid_pipeline - INFO - Tile tile_x3840_y14592 完成: 核心擁有 39 細胞 (39 陽性), 1.49 秒
2026-07-26 13:16:45,094 - m4_module.cell_crops - INFO - 匯出 58 張 per-cell 影像至 /data/taro_Projects/tsgh/output/r7_run/cell_crops/tile_x3072_y14592/cells
2026-07-26 13:16:45,094 - hybrid_pipeline - INFO - Tile tile_x3072_y14592 完成: 核心擁有 58 細胞 (58 陽性), 1.67 秒
2026-07-26 13:16:45,171 - m4_module.cell_crops - INFO - 匯出 32 張 per-cell 影像至 /data/taro_Projects/tsgh/output/r7_run/cell_crops/tile_x4608_y14592/cells
2026-07-26 13:16:45,172 - hybrid_pipeline - INFO - Tile tile_x4608_y14592 完成: 核心擁有 32 細胞 (32 陽性), 1.61 秒
2026-07-26 13:16:45,230 - m4_module.cell_crops - INFO - 匯出 63 張 per-cell 影像至 /data/taro_Projects/tsgh/output/r7_run/cell_crops/tile_x5376_y14592/cells
2026-07-26 13:16:45,230 - hybrid_pipeline - INFO - Tile tile_x5376_y14592 完成: 核心擁有 63 細胞 (63 陽性), 1.66 秒
2026-07-26 13:16:45,231 - hybrid_pipeline - INFO - [461/576] 已回收 tile_x5376_y14592
2026-07-26 13:16:45,256 - hybrid_pipeline - INFO - Tile tile_x9984_y14592: 核心遮罩全空 → 空白 placeholder
2026-07-26 13:16:45,443 - hybrid_pipeline - INFO - [462/576] 已回收 tile_x3072_y14592
2026-07-26 13:16:45,468 - m3_module.m3_cells_generator - INFO - All-positive 標註完成: 5 個細胞
2026-07-26 13:16:45,494 - hybrid_pipeline - INFO - [463/576] 已回收 tile_x3840_y14592
2026-07-26 13:16:45,499 - m3_module.m3_cells_generator - INFO - enlarge_cell_instances: 5 顆細胞, factor=1.50(面積), 中位半徑=31.7px, 外擴=7.1px
2026-07-26 13:16:45,526 - m3_module.m3_cells_generator - INFO - All-positive 標註完成: 19 個細胞
2026-07-26 13:16:45,567 - m3_module.m3_cells_generator - INFO - enlarge_cell_instances: 19 顆細胞, factor=1.50(面積), 中位半徑=24.9px, 外擴=5.6px
2026-07-26 13:16:45,591 - m3_module.m3_elastic_matching - INFO - elastic_dish_nucleus_matching(overlap-first): IHC=19, DISH=9, matched(1核)=5 (其中重疊=5), drop-out(競爭落敗)=1, 無候選(計入)=13, factor=1.50, min_reach=20.0
2026-07-26 13:16:45,634 - m3_module.m3_dot_detection - INFO - detect_all_dots: 紅點=0, 黑點=0, 涉及細胞=5
2026-07-26 13:16:45,670 - hybrid_pipeline - INFO - [464/576] 已回收 tile_x4608_y14592
2026-07-26 13:16:45,692 - m4_module.cell_crops - INFO - 匯出 0 張 per-cell 影像至 /data/taro_Projects/tsgh/output/r7_run/cell_crops/tile_x6144_y14592/cells
2026-07-26 13:16:45,693 - hybrid_pipeline - INFO - Tile tile_x6144_y14592 完成: 核心擁有 0 細胞 (0 陽性), 1.21 秒
2026-07-26 13:16:45,693 - hybrid_pipeline - INFO - [465/576] 已回收 tile_x6144_y14592
2026-07-26 13:16:45,704 - m3_module.m3_cells_generator - INFO - All-positive 標註完成: 25 個細胞
2026-07-26 13:16:45,720 - hybrid_pipeline - INFO - Tile tile_x9216_y14592: 核心遮罩全空 → 空白 placeholder
2026-07-26 13:16:45,734 - m3_module.m3_dot_detection - INFO - detect_all_dots: 紅點=8, 黑點=11, 涉及細胞=19
2026-07-26 13:16:45,740 - hybrid_pipeline - INFO - [466/576] 已回收 tile_x9216_y14592
2026-07-26 13:16:45,742 - m3_module.m3_cells_generator - INFO - enlarge_cell_instances: 25 顆細胞, factor=1.50(面積), 中位半徑=25.6px, 外擴=5.8px
2026-07-26 13:16:45,767 - m3_module.m3_elastic_matching - INFO - elastic_dish_nucleus_matching(overlap-first): IHC=25, DISH=26, matched(1核)=17 (其中重疊=17), drop-out(競爭落敗)=4, 無候選(計入)=4, factor=1.50, min_reach=20.0
2026-07-26 13:16:45,769 - hybrid_pipeline - INFO - Tile tile_x13824_y14592: 核心遮罩全空 → 空白 placeholder
2026-07-26 13:16:45,779 - hybrid_pipeline - INFO - [467/576] 已回收 tile_x13824_y14592
2026-07-26 13:16:45,806 - hybrid_pipeline - INFO - Tile tile_x12288_y14592: 核心遮罩全空 → 空白 placeholder
2026-07-26 13:16:45,831 - hybrid_pipeline - INFO - [468/576] 已回收 tile_x12288_y14592
2026-07-26 13:16:45,855 - hybrid_pipeline - INFO - Tile tile_x13056_y14592: 核心遮罩全空 → 空白 placeholder
2026-07-26 13:16:45,861 - m4_module.cell_crops - INFO - 匯出 13 張 per-cell 影像至 /data/taro_Projects/tsgh/output/r7_run/cell_crops/tile_x6912_y14592/cells
2026-07-26 13:16:45,861 - hybrid_pipeline - INFO - Tile tile_x6912_y14592 完成: 核心擁有 13 細胞 (13 陽性), 1.33 秒
2026-07-26 13:16:45,864 - hybrid_pipeline - INFO - [469/576] 已回收 tile_x6912_y14592
2026-07-26 13:16:45,888 - hybrid_pipeline - INFO - Tile tile_x10752_y14592: 核心遮罩全空 → 空白 placeholder
2026-07-26 13:16:45,896 - hybrid_pipeline - INFO - [470/576] 已回收 tile_x13056_y14592
2026-07-26 13:16:45,923 - hybrid_pipeline - INFO - Tile tile_x15360_y14592: 核心遮罩全空 → 空白 placeholder
2026-07-26 13:16:45,936 - hybrid_pipeline - INFO - [471/576] 已回收 tile_x10752_y14592
2026-07-26 13:16:45,963 - hybrid_pipeline - INFO - [472/576] 已回收 tile_x15360_y14592
2026-07-26 13:16:45,966 - hybrid_pipeline - INFO - Tile tile_x16128_y14592: 核心遮罩全空 → 空白 placeholder
2026-07-26 13:16:45,987 - m3_module.m3_dot_detection - INFO - detect_all_dots: 紅點=47, 黑點=68, 涉及細胞=25
2026-07-26 13:16:45,991 - hybrid_pipeline - INFO - Tile tile_x14592_y14592: 核心遮罩全空 → 空白 placeholder
2026-07-26 13:16:45,998 - hybrid_pipeline - INFO - [473/576] 已回收 tile_x16128_y14592
2026-07-26 13:16:46,008 - hybrid_pipeline - INFO - [474/576] 已回收 tile_x14592_y14592
2026-07-26 13:16:46,025 - hybrid_pipeline - INFO - Tile tile_x16896_y14592: 核心遮罩全空 → 空白 placeholder
2026-07-26 13:16:46,032 - hybrid_pipeline - INFO - Tile tile_x17664_y14592: 核心遮罩全空 → 空白 placeholder
2026-07-26 13:16:46,102 - m4_module.cell_crops - INFO - 匯出 9 張 per-cell 影像至 /data/taro_Projects/tsgh/output/r7_run/cell_crops/tile_x8448_y14592/cells
2026-07-26 13:16:46,102 - hybrid_pipeline - INFO - Tile tile_x8448_y14592 完成: 核心擁有 9 細胞 (9 陽性), 1.41 秒
2026-07-26 13:16:46,104 - hybrid_pipeline - INFO - [475/576] 已回收 tile_x8448_y14592
2026-07-26 13:16:46,130 - hybrid_pipeline - INFO - Tile tile_x11520_y14592: 核心遮罩全空 → 空白 placeholder
2026-07-26 13:16:46,140 - hybrid_pipeline - INFO - [476/576] 已回收 tile_x9984_y14592
2026-07-26 13:16:46,169 - m3_module.m3_cells_generator - INFO - All-positive 標註完成: 37 個細胞
2026-07-26 13:16:46,215 - m3_module.m3_cells_generator - INFO - enlarge_cell_instances: 37 顆細胞, factor=1.50(面積), 中位半徑=25.2px, 外擴=5.7px
2026-07-26 13:16:46,242 - m3_module.m3_elastic_matching - INFO - elastic_dish_nucleus_matching(overlap-first): IHC=37, DISH=30, matched(1核)=22 (其中重疊=22), drop-out(競爭落敗)=3, 無候選(計入)=12, factor=1.50, min_reach=20.0
2026-07-26 13:16:46,467 - m3_module.m3_dot_detection - INFO - detect_all_dots: 紅點=54, 黑點=69, 涉及細胞=37
2026-07-26 13:16:46,651 - m4_module.cell_crops - INFO - 匯出 24 張 per-cell 影像至 /data/taro_Projects/tsgh/output/r7_run/cell_crops/tile_x7680_y14592/cells
2026-07-26 13:16:46,651 - hybrid_pipeline - INFO - Tile tile_x7680_y14592 完成: 核心擁有 24 細胞 (24 陽性), 1.42 秒
2026-07-26 13:16:47,016 - hybrid_pipeline - INFO - [477/576] 已回收 tile_x16896_y14592
2026-07-26 13:16:47,054 - m3_module.m3_cells_generator - INFO - All-positive 標註完成: 15 個細胞
2026-07-26 13:16:47,096 - m3_module.m3_cells_generator - INFO - enlarge_cell_instances: 15 顆細胞, factor=1.50(面積), 中位半徑=31.3px, 外擴=7.0px
2026-07-26 13:16:47,123 - m3_module.m3_elastic_matching - INFO - elastic_dish_nucleus_matching(overlap-first): IHC=15, DISH=17, matched(1核)=11 (其中重疊=11), drop-out(競爭落敗)=1, 無候選(計入)=3, factor=1.50, min_reach=20.0
2026-07-26 13:16:47,168 - hybrid_pipeline - INFO - [478/576] 已回收 tile_x11520_y14592
2026-07-26 13:16:47,172 - hybrid_pipeline - INFO - [479/576] 已回收 tile_x17664_y14592
2026-07-26 13:16:47,202 - m3_module.m3_cells_generator - INFO - All-positive 標註完成: 69 個細胞
2026-07-26 13:16:47,208 - m3_module.m3_cells_generator - INFO - All-positive 標註完成: 124 個細胞
2026-07-26 13:16:47,209 - hybrid_pipeline - INFO - [480/576] 已回收 tile_x7680_y14592
2026-07-26 13:16:47,236 - m3_module.m3_cells_generator - INFO - All-positive 標註完成: 106 個細胞
2026-07-26 13:16:47,250 - m3_module.m3_cells_generator - INFO - enlarge_cell_instances: 69 顆細胞, factor=1.50(面積), 中位半徑=22.9px, 外擴=5.1px
2026-07-26 13:16:47,261 - m3_module.m3_cells_generator - INFO - enlarge_cell_instances: 124 顆細胞, factor=1.50(面積), 中位半徑=28.7px, 外擴=6.4px
2026-07-26 13:16:47,277 - m3_module.m3_elastic_matching - INFO - elastic_dish_nucleus_matching(overlap-first): IHC=69, DISH=5, matched(1核)=5 (其中重疊=5), drop-out(競爭落敗)=2, 無候選(計入)=62, factor=1.50, min_reach=20.0
2026-07-26 13:16:47,283 - m3_module.m3_dot_detection - INFO - detect_all_dots: 紅點=13, 黑點=19, 涉及細胞=15
2026-07-26 13:16:47,296 - m3_module.m3_elastic_matching - INFO - elastic_dish_nucleus_matching(overlap-first): IHC=124, DISH=76, matched(1核)=47 (其中重疊=47), drop-out(競爭落敗)=5, 無候選(計入)=72, factor=1.50, min_reach=20.0
2026-07-26 13:16:47,298 - m3_module.m3_cells_generator - INFO - enlarge_cell_instances: 106 顆細胞, factor=1.50(面積), 中位半徑=28.6px, 外擴=6.4px
2026-07-26 13:16:47,335 - m3_module.m3_elastic_matching - INFO - elastic_dish_nucleus_matching(overlap-first): IHC=106, DISH=54, matched(1核)=42 (其中重疊=42), drop-out(競爭落敗)=14, 無候選(計入)=50, factor=1.50, min_reach=20.0
2026-07-26 13:16:47,417 - m4_module.cell_crops - INFO - 匯出 11 張 per-cell 影像至 /data/taro_Projects/tsgh/output/r7_run/cell_crops/tile_x0_y15360/cells
2026-07-26 13:16:47,417 - hybrid_pipeline - INFO - Tile tile_x0_y15360 完成: 核心擁有 11 細胞 (11 陽性), 1.42 秒
2026-07-26 13:16:47,433 - m3_module.m3_dot_detection - INFO - detect_all_dots: 紅點=4, 黑點=6, 涉及細胞=69
2026-07-26 13:16:47,558 - m3_module.m3_dot_detection - INFO - detect_all_dots: 紅點=52, 黑點=66, 涉及細胞=124
2026-07-26 13:16:47,591 - m3_module.m3_dot_detection - INFO - detect_all_dots: 紅點=52, 黑點=74, 涉及細胞=106
2026-07-26 13:16:47,600 - m4_module.cell_crops - INFO - 匯出 37 張 per-cell 影像至 /data/taro_Projects/tsgh/output/r7_run/cell_crops/tile_x3840_y15360/cells
2026-07-26 13:16:47,600 - hybrid_pipeline - INFO - Tile tile_x3840_y15360 完成: 核心擁有 37 細胞 (37 陽性), 1.50 秒
2026-07-26 13:16:47,911 - m4_module.cell_crops - INFO - 匯出 70 張 per-cell 影像至 /data/taro_Projects/tsgh/output/r7_run/cell_crops/tile_x1536_y15360/cells
2026-07-26 13:16:47,912 - hybrid_pipeline - INFO - Tile tile_x1536_y15360 完成: 核心擁有 70 細胞 (70 陽性), 1.77 秒
2026-07-26 13:16:47,915 - m4_module.cell_crops - INFO - 匯出 73 張 per-cell 影像至 /data/taro_Projects/tsgh/output/r7_run/cell_crops/tile_x2304_y15360/cells
2026-07-26 13:16:47,915 - hybrid_pipeline - INFO - Tile tile_x2304_y15360 完成: 核心擁有 73 細胞 (73 陽性), 1.91 秒
2026-07-26 13:16:47,926 - hybrid_pipeline - INFO - [481/576] 已回收 tile_x0_y15360
2026-07-26 13:16:47,958 - m3_module.m3_cells_generator - INFO - All-positive 標註完成: 8 個細胞
2026-07-26 13:16:47,990 - m3_module.m3_cells_generator - INFO - enlarge_cell_instances: 8 顆細胞, factor=1.50(面積), 中位半徑=15.1px, 外擴=3.4px
2026-07-26 13:16:48,015 - m3_module.m3_elastic_matching - INFO - elastic_dish_nucleus_matching(overlap-first): IHC=8, DISH=4, matched(1核)=3 (其中重疊=3), drop-out(競爭落敗)=1, 無候選(計入)=4, factor=1.50, min_reach=20.0
2026-07-26 13:16:48,136 - m3_module.m3_dot_detection - INFO - detect_all_dots: 紅點=3, 黑點=4, 涉及細胞=8
2026-07-26 13:16:48,173 - hybrid_pipeline - INFO - [482/576] 已回收 tile_x3840_y15360
2026-07-26 13:16:48,205 - m3_module.m3_cells_generator - INFO - All-positive 標註完成: 28 個細胞
2026-07-26 13:16:48,210 - m4_module.cell_crops - INFO - 匯出 0 張 per-cell 影像至 /data/taro_Projects/tsgh/output/r7_run/cell_crops/tile_x768_y15360/cells
2026-07-26 13:16:48,210 - hybrid_pipeline - INFO - Tile tile_x768_y15360 完成: 核心擁有 0 細胞 (0 陽性), 1.19 秒
2026-07-26 13:16:48,240 - m3_module.m3_cells_generator - INFO - enlarge_cell_instances: 28 顆細胞, factor=1.50(面積), 中位半徑=17.6px, 外擴=4.0px
2026-07-26 13:16:48,266 - m3_module.m3_elastic_matching - INFO - elastic_dish_nucleus_matching(overlap-first): IHC=28, DISH=11, matched(1核)=8 (其中重疊=8), drop-out(競爭落敗)=1, 無候選(計入)=19, factor=1.50, min_reach=20.0
2026-07-26 13:16:48,355 - hybrid_pipeline - INFO - [483/576] 已回收 tile_x1536_y15360
2026-07-26 13:16:48,370 - hybrid_pipeline - INFO - [484/576] 已回收 tile_x2304_y15360
2026-07-26 13:16:48,389 - m3_module.m3_cells_generator - INFO - All-positive 標註完成: 102 個細胞
2026-07-26 13:16:48,399 - m3_module.m3_cells_generator - INFO - All-positive 標註完成: 130 個細胞
2026-07-26 13:16:48,411 - m3_module.m3_dot_detection - INFO - detect_all_dots: 紅點=7, 黑點=5, 涉及細胞=28
2026-07-26 13:16:48,442 - m3_module.m3_cells_generator - INFO - enlarge_cell_instances: 102 顆細胞, factor=1.50(面積), 中位半徑=21.9px, 外擴=4.9px
2026-07-26 13:16:48,457 - m3_module.m3_cells_generator - INFO - enlarge_cell_instances: 130 顆細胞, factor=1.50(面積), 中位半徑=22.4px, 外擴=5.0px
2026-07-26 13:16:48,472 - m3_module.m3_elastic_matching - INFO - elastic_dish_nucleus_matching(overlap-first): IHC=102, DISH=14, matched(1核)=10 (其中重疊=10), drop-out(競爭落敗)=7, 無候選(計入)=85, factor=1.50, min_reach=20.0
2026-07-26 13:16:48,487 - m3_module.m3_elastic_matching - INFO - elastic_dish_nucleus_matching(overlap-first): IHC=130, DISH=32, matched(1核)=22 (其中重疊=22), drop-out(競爭落敗)=7, 無候選(計入)=101, factor=1.50, min_reach=20.0
2026-07-26 13:16:48,522 - m4_module.cell_crops - INFO - 匯出 2 張 per-cell 影像至 /data/taro_Projects/tsgh/output/r7_run/cell_crops/tile_x3072_y15360/cells
2026-07-26 13:16:48,523 - hybrid_pipeline - INFO - Tile tile_x3072_y15360 完成: 核心擁有 2 細胞 (2 陽性), 1.35 秒
2026-07-26 13:16:48,614 - m3_module.m3_dot_detection - INFO - detect_all_dots: 紅點=4, 黑點=8, 涉及細胞=102
2026-07-26 13:16:48,663 - m3_module.m3_dot_detection - INFO - detect_all_dots: 紅點=15, 黑點=22, 涉及細胞=130
2026-07-26 13:16:48,895 - m4_module.cell_crops - INFO - 匯出 64 張 per-cell 影像至 /data/taro_Projects/tsgh/output/r7_run/cell_crops/tile_x5376_y15360/cells
2026-07-26 13:16:48,895 - hybrid_pipeline - INFO - Tile tile_x5376_y15360 完成: 核心擁有 64 細胞 (64 陽性), 1.69 秒
2026-07-26 13:16:48,897 - hybrid_pipeline - INFO - [485/576] 已回收 tile_x5376_y15360
2026-07-26 13:16:48,924 - hybrid_pipeline - INFO - Tile tile_x9984_y15360: 核心遮罩全空 → 空白 placeholder
2026-07-26 13:16:48,943 - hybrid_pipeline - INFO - [486/576] 已回收 tile_x768_y15360
2026-07-26 13:16:48,968 - m3_module.m3_cells_generator - INFO - All-positive 標註完成: 68 個細胞
2026-07-26 13:16:49,021 - m4_module.cell_crops - INFO - 匯出 67 張 per-cell 影像至 /data/taro_Projects/tsgh/output/r7_run/cell_crops/tile_x4608_y15360/cells
2026-07-26 13:16:49,021 - hybrid_pipeline - INFO - Tile tile_x4608_y15360 完成: 核心擁有 67 細胞 (67 陽性), 1.85 秒
2026-07-26 13:16:49,024 - m3_module.m3_cells_generator - INFO - enlarge_cell_instances: 68 顆細胞, factor=1.50(面積), 中位半徑=18.8px, 外擴=4.2px
2026-07-26 13:16:49,049 - m3_module.m3_elastic_matching - INFO - elastic_dish_nucleus_matching(overlap-first): IHC=68, DISH=5, matched(1核)=4 (其中重疊=4), drop-out(競爭落敗)=3, 無候選(計入)=61, factor=1.50, min_reach=20.0
2026-07-26 13:16:49,164 - hybrid_pipeline - INFO - [487/576] 已回收 tile_x3072_y15360
2026-07-26 13:16:49,180 - m3_module.m3_dot_detection - INFO - detect_all_dots: 紅點=6, 黑點=7, 涉及細胞=68
2026-07-26 13:16:49,194 - m3_module.m3_cells_generator - INFO - All-positive 標註完成: 88 個細胞
2026-07-26 13:16:49,250 - m3_module.m3_cells_generator - INFO - enlarge_cell_instances: 88 顆細胞, factor=1.50(面積), 中位半徑=21.0px, 外擴=4.7px
2026-07-26 13:16:49,279 - m3_module.m3_elastic_matching - INFO - elastic_dish_nucleus_matching(overlap-first): IHC=88, DISH=63, matched(1核)=38 (其中重疊=38), drop-out(競爭落敗)=4, 無候選(計入)=46, factor=1.50, min_reach=20.0
2026-07-26 13:16:49,361 - m4_module.cell_crops - INFO - 匯出 28 張 per-cell 影像至 /data/taro_Projects/tsgh/output/r7_run/cell_crops/tile_x6144_y15360/cells
2026-07-26 13:16:49,361 - hybrid_pipeline - INFO - Tile tile_x6144_y15360 完成: 核心擁有 28 細胞 (28 陽性), 1.44 秒
2026-07-26 13:16:49,363 - hybrid_pipeline - INFO - [488/576] 已回收 tile_x6144_y15360
2026-07-26 13:16:49,373 - hybrid_pipeline - INFO - [489/576] 已回收 tile_x4608_y15360
2026-07-26 13:16:49,388 - hybrid_pipeline - INFO - Tile tile_x10752_y15360: 核心遮罩全空 → 空白 placeholder
2026-07-26 13:16:49,406 - m3_module.m3_cells_generator - INFO - All-positive 標註完成: 22 個細胞
2026-07-26 13:16:49,436 - hybrid_pipeline - INFO - [490/576] 已回收 tile_x10752_y15360
2026-07-26 13:16:49,447 - m3_module.m3_cells_generator - INFO - enlarge_cell_instances: 22 顆細胞, factor=1.50(面積), 中位半徑=21.9px, 外擴=4.9px
2026-07-26 13:16:49,462 - hybrid_pipeline - INFO - Tile tile_x11520_y15360: 核心遮罩全空 → 空白 placeholder
2026-07-26 13:16:49,472 - m3_module.m3_elastic_matching - INFO - elastic_dish_nucleus_matching(overlap-first): IHC=22, DISH=30, matched(1核)=15 (其中重疊=15), drop-out(競爭落敗)=1, 無候選(計入)=6, factor=1.50, min_reach=20.0
2026-07-26 13:16:49,485 - hybrid_pipeline - INFO - [491/576] 已回收 tile_x11520_y15360
2026-07-26 13:16:49,512 - hybrid_pipeline - INFO - Tile tile_x13824_y15360: 核心遮罩全空 → 空白 placeholder
2026-07-26 13:16:49,522 - m3_module.m3_dot_detection - INFO - detect_all_dots: 紅點=46, 黑點=68, 涉及細胞=88
2026-07-26 13:16:49,550 - hybrid_pipeline - INFO - [492/576] 已回收 tile_x13824_y15360
2026-07-26 13:16:49,581 - hybrid_pipeline - INFO - Tile tile_x12288_y15360: 核心遮罩全空 → 空白 placeholder
2026-07-26 13:16:49,602 - hybrid_pipeline - INFO - [493/576] 已回收 tile_x12288_y15360
2026-07-26 13:16:49,626 - hybrid_pipeline - INFO - Tile tile_x14592_y15360: 核心遮罩全空 → 空白 placeholder
2026-07-26 13:16:49,639 - hybrid_pipeline - INFO - [494/576] 已回收 tile_x14592_y15360
2026-07-26 13:16:49,661 - m3_module.m3_dot_detection - INFO - detect_all_dots: 紅點=31, 黑點=48, 涉及細胞=22
2026-07-26 13:16:49,663 - hybrid_pipeline - INFO - Tile tile_x15360_y15360: 核心遮罩全空 → 空白 placeholder
2026-07-26 13:16:49,689 - hybrid_pipeline - INFO - [495/576] 已回收 tile_x15360_y15360
2026-07-26 13:16:49,715 - hybrid_pipeline - INFO - Tile tile_x16128_y15360: 核心遮罩全空 → 空白 placeholder
2026-07-26 13:16:49,729 - hybrid_pipeline - INFO - [496/576] 已回收 tile_x16128_y15360
2026-07-26 13:16:49,761 - hybrid_pipeline - INFO - [497/576] 已回收 tile_x9984_y15360
2026-07-26 13:16:49,763 - hybrid_pipeline - INFO - Tile tile_x16896_y15360: 核心遮罩全空 → 空白 placeholder
2026-07-26 13:16:49,769 - hybrid_pipeline - INFO - [498/576] 已回收 tile_x16896_y15360
2026-07-26 13:16:49,788 - m4_module.cell_crops - INFO - 匯出 10 張 per-cell 影像至 /data/taro_Projects/tsgh/output/r7_run/cell_crops/tile_x8448_y15360/cells
2026-07-26 13:16:49,788 - hybrid_pipeline - INFO - Tile tile_x8448_y15360 完成: 核心擁有 10 細胞 (10 陽性), 1.42 秒
2026-07-26 13:16:49,788 - m3_module.m3_cells_generator - INFO - All-positive 標註完成: 53 個細胞
2026-07-26 13:16:49,788 - hybrid_pipeline - INFO - [499/576] 已回收 tile_x8448_y15360
2026-07-26 13:16:49,791 - m4_module.cell_crops - INFO - 匯出 47 張 per-cell 影像至 /data/taro_Projects/tsgh/output/r7_run/cell_crops/tile_x6912_y15360/cells
2026-07-26 13:16:49,791 - hybrid_pipeline - INFO - Tile tile_x6912_y15360 完成: 核心擁有 47 細胞 (47 陽性), 1.62 秒
2026-07-26 13:16:49,791 - hybrid_pipeline - INFO - [500/576] 已回收 tile_x6912_y15360
2026-07-26 13:16:49,800 - hybrid_pipeline - INFO - Tile tile_x17664_y15360: 核心遮罩全空 → 空白 placeholder
2026-07-26 13:16:49,812 - hybrid_pipeline - INFO - Tile tile_x13056_y15360: 核心遮罩全空 → 空白 placeholder
2026-07-26 13:16:49,816 - hybrid_pipeline - INFO - Tile tile_x9216_y15360: 核心遮罩全空 → 空白 placeholder
2026-07-26 13:16:49,838 - m3_module.m3_cells_generator - INFO - enlarge_cell_instances: 53 顆細胞, factor=1.50(面積), 中位半徑=21.5px, 外擴=4.8px
2026-07-26 13:16:49,867 - m3_module.m3_elastic_matching - INFO - elastic_dish_nucleus_matching(overlap-first): IHC=53, DISH=61, matched(1核)=34 (其中重疊=34), drop-out(競爭落敗)=5, 無候選(計入)=14, factor=1.50, min_reach=20.0
2026-07-26 13:16:50,125 - m3_module.m3_dot_detection - INFO - detect_all_dots: 紅點=64, 黑點=79, 涉及細胞=53
2026-07-26 13:16:50,332 - m4_module.cell_crops - INFO - 匯出 21 張 per-cell 影像至 /data/taro_Projects/tsgh/output/r7_run/cell_crops/tile_x7680_y15360/cells
2026-07-26 13:16:50,332 - hybrid_pipeline - INFO - Tile tile_x7680_y15360 完成: 核心擁有 21 細胞 (21 陽性), 1.44 秒
2026-07-26 13:16:50,815 - hybrid_pipeline - INFO - [501/576] 已回收 tile_x17664_y15360
2026-07-26 13:16:50,846 - m3_module.m3_cells_generator - INFO - All-positive 標註完成: 61 個細胞
2026-07-26 13:16:50,900 - m3_module.m3_cells_generator - INFO - enlarge_cell_instances: 61 顆細胞, factor=1.50(面積), 中位半徑=27.2px, 外擴=6.1px
2026-07-26 13:16:50,930 - m3_module.m3_elastic_matching - INFO - elastic_dish_nucleus_matching(overlap-first): IHC=61, DISH=31, matched(1核)=19 (其中重疊=19), drop-out(競爭落敗)=3, 無候選(計入)=39, factor=1.50, min_reach=20.0
2026-07-26 13:16:50,970 - hybrid_pipeline - INFO - [502/576] 已回收 tile_x13056_y15360
2026-07-26 13:16:51,002 - hybrid_pipeline - INFO - [503/576] 已回收 tile_x9216_y15360
2026-07-26 13:16:51,004 - m3_module.m3_cells_generator - INFO - All-positive 標註完成: 52 個細胞
2026-07-26 13:16:51,013 - hybrid_pipeline - INFO - [504/576] 已回收 tile_x7680_y15360
2026-07-26 13:16:51,027 - m3_module.m3_cells_generator - INFO - All-positive 標註完成: 72 個細胞
2026-07-26 13:16:51,037 - m3_module.m3_cells_generator - INFO - All-positive 標註完成: 76 個細胞
2026-07-26 13:16:51,049 - m3_module.m3_cells_generator - INFO - enlarge_cell_instances: 52 顆細胞, factor=1.50(面積), 中位半徑=21.7px, 外擴=4.9px
2026-07-26 13:16:51,076 - m3_module.m3_elastic_matching - INFO - elastic_dish_nucleus_matching(overlap-first): IHC=52, DISH=19, matched(1核)=15 (其中重疊=15), drop-out(競爭落敗)=6, 無候選(計入)=31, factor=1.50, min_reach=20.0
2026-07-26 13:16:51,079 - m3_module.m3_cells_generator - INFO - enlarge_cell_instances: 72 顆細胞, factor=1.50(面積), 中位半徑=28.4px, 外擴=6.4px
2026-07-26 13:16:51,096 - m3_module.m3_cells_generator - INFO - enlarge_cell_instances: 76 顆細胞, factor=1.50(面積), 中位半徑=30.5px, 外擴=6.9px
2026-07-26 13:16:51,110 - m3_module.m3_elastic_matching - INFO - elastic_dish_nucleus_matching(overlap-first): IHC=72, DISH=35, matched(1核)=25 (其中重疊=25), drop-out(競爭落敗)=4, 無候選(計入)=43, factor=1.50, min_reach=20.0
2026-07-26 13:16:51,114 - m3_module.m3_dot_detection - INFO - detect_all_dots: 紅點=19, 黑點=36, 涉及細胞=61
2026-07-26 13:16:51,133 - m3_module.m3_elastic_matching - INFO - elastic_dish_nucleus_matching(overlap-first): IHC=76, DISH=69, matched(1核)=47 (其中重疊=47), drop-out(競爭落敗)=7, 無候選(計入)=22, factor=1.50, min_reach=20.0
2026-07-26 13:16:51,278 - m3_module.m3_dot_detection - INFO - detect_all_dots: 紅點=25, 黑點=20, 涉及細胞=52
2026-07-26 13:16:51,316 - m4_module.cell_crops - INFO - 匯出 36 張 per-cell 影像至 /data/taro_Projects/tsgh/output/r7_run/cell_crops/tile_x1536_y16128/cells
2026-07-26 13:16:51,316 - hybrid_pipeline - INFO - Tile tile_x1536_y16128 完成: 核心擁有 36 細胞 (36 陽性), 1.55 秒
2026-07-26 13:16:51,317 - m3_module.m3_dot_detection - INFO - detect_all_dots: 紅點=29, 黑點=44, 涉及細胞=72
2026-07-26 13:16:51,382 - m3_module.m3_dot_detection - INFO - detect_all_dots: 紅點=42, 黑點=73, 涉及細胞=76
2026-07-26 13:16:51,437 - m4_module.cell_crops - INFO - 匯出 27 張 per-cell 影像至 /data/taro_Projects/tsgh/output/r7_run/cell_crops/tile_x3072_y16128/cells
2026-07-26 13:16:51,437 - hybrid_pipeline - INFO - Tile tile_x3072_y16128 完成: 核心擁有 27 細胞 (27 陽性), 1.65 秒
2026-07-26 13:16:51,533 - m4_module.cell_crops - INFO - 匯出 40 張 per-cell 影像至 /data/taro_Projects/tsgh/output/r7_run/cell_crops/tile_x2304_y16128/cells
2026-07-26 13:16:51,534 - hybrid_pipeline - INFO - Tile tile_x2304_y16128 完成: 核心擁有 40 細胞 (40 陽性), 1.74 秒
2026-07-26 13:16:51,692 - m4_module.cell_crops - INFO - 匯出 53 張 per-cell 影像至 /data/taro_Projects/tsgh/output/r7_run/cell_crops/tile_x0_y16128/cells
2026-07-26 13:16:51,692 - hybrid_pipeline - INFO - Tile tile_x0_y16128 完成: 核心擁有 53 細胞 (53 陽性), 1.93 秒
2026-07-26 13:16:51,761 - hybrid_pipeline - INFO - [505/576] 已回收 tile_x1536_y16128
2026-07-26 13:16:51,790 - m3_module.m3_cells_generator - INFO - All-positive 標註完成: 26 個細胞
2026-07-26 13:16:51,829 - m3_module.m3_cells_generator - INFO - enlarge_cell_instances: 26 顆細胞, factor=1.50(面積), 中位半徑=28.3px, 外擴=6.4px
2026-07-26 13:16:51,854 - m3_module.m3_elastic_matching - INFO - elastic_dish_nucleus_matching(overlap-first): IHC=26, DISH=21, matched(1核)=12 (其中重疊=12), drop-out(競爭落敗)=2, 無候選(計入)=12, factor=1.50, min_reach=20.0
2026-07-26 13:16:51,984 - m3_module.m3_dot_detection - INFO - detect_all_dots: 紅點=3, 黑點=10, 涉及細胞=26
2026-07-26 13:16:52,117 - m4_module.cell_crops - INFO - 匯出 10 張 per-cell 影像至 /data/taro_Projects/tsgh/output/r7_run/cell_crops/tile_x768_y16128/cells
2026-07-26 13:16:52,117 - hybrid_pipeline - INFO - Tile tile_x768_y16128 完成: 核心擁有 10 細胞 (10 陽性), 1.30 秒
2026-07-26 13:16:52,164 - hybrid_pipeline - INFO - [506/576] 已回收 tile_x3072_y16128
2026-07-26 13:16:52,197 - m3_module.m3_cells_generator - INFO - All-positive 標註完成: 95 個細胞
2026-07-26 13:16:52,216 - hybrid_pipeline - INFO - [507/576] 已回收 tile_x0_y16128
2026-07-26 13:16:52,236 - hybrid_pipeline - INFO - [508/576] 已回收 tile_x2304_y16128
2026-07-26 13:16:52,250 - m3_module.m3_cells_generator - INFO - All-positive 標註完成: 57 個細胞
2026-07-26 13:16:52,259 - m3_module.m3_cells_generator - INFO - enlarge_cell_instances: 95 顆細胞, factor=1.50(面積), 中位半徑=29.5px, 外擴=6.6px
2026-07-26 13:16:52,263 - m3_module.m3_cells_generator - INFO - All-positive 標註完成: 122 個細胞
2026-07-26 13:16:52,289 - m3_module.m3_elastic_matching - INFO - elastic_dish_nucleus_matching(overlap-first): IHC=95, DISH=40, matched(1核)=24 (其中重疊=24), drop-out(競爭落敗)=2, 無候選(計入)=69, factor=1.50, min_reach=20.0
2026-07-26 13:16:52,307 - m3_module.m3_cells_generator - INFO - enlarge_cell_instances: 57 顆細胞, factor=1.50(面積), 中位半徑=22.4px, 外擴=5.0px
2026-07-26 13:16:52,331 - m3_module.m3_cells_generator - INFO - enlarge_cell_instances: 122 顆細胞, factor=1.50(面積), 中位半徑=26.2px, 外擴=5.9px
2026-07-26 13:16:52,338 - m3_module.m3_elastic_matching - INFO - elastic_dish_nucleus_matching(overlap-first): IHC=57, DISH=12, matched(1核)=9 (其中重疊=9), drop-out(競爭落敗)=1, 無候選(計入)=47, factor=1.50, min_reach=20.0
2026-07-26 13:16:52,365 - m3_module.m3_elastic_matching - INFO - elastic_dish_nucleus_matching(overlap-first): IHC=122, DISH=55, matched(1核)=36 (其中重疊=34), drop-out(競爭落敗)=7, 無候選(計入)=79, factor=1.50, min_reach=20.0
2026-07-26 13:16:52,486 - m3_module.m3_dot_detection - INFO - detect_all_dots: 紅點=4, 黑點=10, 涉及細胞=57
2026-07-26 13:16:52,491 - m3_module.m3_dot_detection - INFO - detect_all_dots: 紅點=20, 黑點=29, 涉及細胞=95
2026-07-26 13:16:52,567 - m3_module.m3_dot_detection - INFO - detect_all_dots: 紅點=24, 黑點=29, 涉及細胞=122
2026-07-26 13:16:52,652 - m4_module.cell_crops - INFO - 匯出 19 張 per-cell 影像至 /data/taro_Projects/tsgh/output/r7_run/cell_crops/tile_x5376_y16128/cells
2026-07-26 13:16:52,653 - hybrid_pipeline - INFO - Tile tile_x5376_y16128 完成: 核心擁有 19 細胞 (19 陽性), 1.64 秒
2026-07-26 13:16:52,721 - cellpose.dynamics - INFO - No cell pixels found.
2026-07-26 13:16:52,808 - m4_module.cell_crops - INFO - 匯出 49 張 per-cell 影像至 /data/taro_Projects/tsgh/output/r7_run/cell_crops/tile_x4608_y16128/cells
2026-07-26 13:16:52,808 - hybrid_pipeline - INFO - Tile tile_x4608_y16128 完成: 核心擁有 49 細胞 (49 陽性), 1.84 秒
2026-07-26 13:16:52,874 - hybrid_pipeline - INFO - [509/576] 已回收 tile_x768_y16128
2026-07-26 13:16:52,907 - m3_module.m3_cells_generator - INFO - All-positive 標註完成: 145 個細胞
2026-07-26 13:16:52,925 - m4_module.cell_crops - INFO - 匯出 78 張 per-cell 影像至 /data/taro_Projects/tsgh/output/r7_run/cell_crops/tile_x3840_y16128/cells
2026-07-26 13:16:52,926 - hybrid_pipeline - INFO - Tile tile_x3840_y16128 完成: 核心擁有 78 細胞 (78 陽性), 1.92 秒
2026-07-26 13:16:52,963 - m3_module.m3_cells_generator - INFO - enlarge_cell_instances: 145 顆細胞, factor=1.50(面積), 中位半徑=23.0px, 外擴=5.2px
2026-07-26 13:16:52,998 - m3_module.m3_elastic_matching - INFO - elastic_dish_nucleus_matching(overlap-first): IHC=145, DISH=25, matched(1核)=20 (其中重疊=20), drop-out(競爭落敗)=7, 無候選(計入)=118, factor=1.50, min_reach=20.0
2026-07-26 13:16:53,160 - m3_module.m3_dot_detection - INFO - detect_all_dots: 紅點=16, 黑點=26, 涉及細胞=145
2026-07-26 13:16:53,235 - hybrid_pipeline - INFO - [510/576] 已回收 tile_x3840_y16128
2026-07-26 13:16:53,246 - m3_module.m3_cells_generator - INFO - All-positive 標註完成: 0 個細胞
2026-07-26 13:16:53,345 - hybrid_pipeline - INFO - [511/576] 已回收 tile_x4608_y16128
2026-07-26 13:16:53,384 - m3_module.m3_cells_generator - INFO - All-positive 標註完成: 120 個細胞
2026-07-26 13:16:53,387 - m3_module.m3_dot_detection - INFO - detect_all_dots: 紅點=0, 黑點=0, 涉及細胞=0
2026-07-26 13:16:53,419 - m4_module.cell_crops - INFO - 匯出 0 張 per-cell 影像至 /data/taro_Projects/tsgh/output/r7_run/cell_crops/tile_x9984_y16128/cells
2026-07-26 13:16:53,420 - hybrid_pipeline - INFO - Tile tile_x9984_y16128 完成: 核心擁有 0 細胞 (0 陽性), 1.18 秒
2026-07-26 13:16:53,444 - hybrid_pipeline - INFO - [512/576] 已回收 tile_x5376_y16128
2026-07-26 13:16:53,449 - m3_module.m3_cells_generator - INFO - enlarge_cell_instances: 120 顆細胞, factor=1.50(面積), 中位半徑=23.2px, 外擴=5.2px
2026-07-26 13:16:53,471 - m3_module.m3_cells_generator - INFO - All-positive 標註完成: 51 個細胞
2026-07-26 13:16:53,484 - m3_module.m3_elastic_matching - INFO - elastic_dish_nucleus_matching(overlap-first): IHC=120, DISH=106, matched(1核)=59 (其中重疊=59), drop-out(競爭落敗)=8, 無候選(計入)=53, factor=1.50, min_reach=20.0
2026-07-26 13:16:53,518 - m3_module.m3_cells_generator - INFO - enlarge_cell_instances: 51 顆細胞, factor=1.50(面積), 中位半徑=21.3px, 外擴=4.8px
2026-07-26 13:16:53,547 - m3_module.m3_elastic_matching - INFO - elastic_dish_nucleus_matching(overlap-first): IHC=51, DISH=78, matched(1核)=38 (其中重疊=38), drop-out(競爭落敗)=3, 無候選(計入)=10, factor=1.50, min_reach=20.0
2026-07-26 13:16:53,558 - m4_module.cell_crops - INFO - 匯出 85 張 per-cell 影像至 /data/taro_Projects/tsgh/output/r7_run/cell_crops/tile_x6144_y16128/cells
2026-07-26 13:16:53,559 - hybrid_pipeline - INFO - Tile tile_x6144_y16128 完成: 核心擁有 85 細胞 (85 陽性), 1.80 秒
2026-07-26 13:16:53,839 - m3_module.m3_dot_detection - INFO - detect_all_dots: 紅點=74, 黑點=92, 涉及細胞=51
2026-07-26 13:16:53,850 - m3_module.m3_dot_detection - INFO - detect_all_dots: 紅點=99, 黑點=140, 涉及細胞=120
2026-07-26 13:16:53,936 - hybrid_pipeline - INFO - [513/576] 已回收 tile_x6144_y16128
2026-07-26 13:16:53,969 - m3_module.m3_cells_generator - INFO - All-positive 標註完成: 4 個細胞
2026-07-26 13:16:54,000 - m3_module.m3_cells_generator - INFO - enlarge_cell_instances: 4 顆細胞, factor=1.50(面積), 中位半徑=20.0px, 外擴=4.5px
2026-07-26 13:16:54,025 - m3_module.m3_elastic_matching - INFO - elastic_dish_nucleus_matching(overlap-first): IHC=4, DISH=1, matched(1核)=1 (其中重疊=1), drop-out(競爭落敗)=0, 無候選(計入)=3, factor=1.50, min_reach=20.0
2026-07-26 13:16:54,035 - m4_module.cell_crops - INFO - 匯出 26 張 per-cell 影像至 /data/taro_Projects/tsgh/output/r7_run/cell_crops/tile_x7680_y16128/cells
2026-07-26 13:16:54,035 - hybrid_pipeline - INFO - Tile tile_x7680_y16128 完成: 核心擁有 26 細胞 (26 陽性), 1.82 秒
2026-07-26 13:16:54,148 - m3_module.m3_dot_detection - INFO - detect_all_dots: 紅點=3, 黑點=4, 涉及細胞=4
2026-07-26 13:16:54,208 - m4_module.cell_crops - INFO - 匯出 70 張 per-cell 影像至 /data/taro_Projects/tsgh/output/r7_run/cell_crops/tile_x6912_y16128/cells
2026-07-26 13:16:54,208 - hybrid_pipeline - INFO - Tile tile_x6912_y16128 完成: 核心擁有 70 細胞 (70 陽性), 2.04 秒
2026-07-26 13:16:54,213 - m4_module.cell_crops - INFO - 匯出 1 張 per-cell 影像至 /data/taro_Projects/tsgh/output/r7_run/cell_crops/tile_x9216_y16128/cells
2026-07-26 13:16:54,213 - hybrid_pipeline - INFO - Tile tile_x9216_y16128 完成: 核心擁有 1 細胞 (1 陽性), 1.34 秒
2026-07-26 13:16:54,214 - hybrid_pipeline - INFO - [514/576] 已回收 tile_x9216_y16128
2026-07-26 13:16:54,241 - hybrid_pipeline - INFO - Tile tile_x12288_y16128: 核心遮罩全空 → 空白 placeholder
2026-07-26 13:16:54,247 - hybrid_pipeline - INFO - [515/576] 已回收 tile_x9984_y16128
2026-07-26 13:16:54,267 - hybrid_pipeline - INFO - [516/576] 已回收 tile_x12288_y16128
2026-07-26 13:16:54,274 - m3_module.m3_cells_generator - INFO - All-positive 標註完成: 14 個細胞
2026-07-26 13:16:54,292 - hybrid_pipeline - INFO - Tile tile_x13056_y16128: 核心遮罩全空 → 空白 placeholder
2026-07-26 13:16:54,308 - m3_module.m3_cells_generator - INFO - enlarge_cell_instances: 14 顆細胞, factor=1.50(面積), 中位半徑=21.4px, 外擴=4.8px
2026-07-26 13:16:54,324 - hybrid_pipeline - INFO - [517/576] 已回收 tile_x13056_y16128
2026-07-26 13:16:54,333 - m3_module.m3_elastic_matching - INFO - elastic_dish_nucleus_matching(overlap-first): IHC=14, DISH=35, matched(1核)=11 (其中重疊=11), drop-out(競爭落敗)=0, 無候選(計入)=3, factor=1.50, min_reach=20.0
2026-07-26 13:16:54,350 - hybrid_pipeline - INFO - Tile tile_x15360_y16128: 核心遮罩全空 → 空白 placeholder
2026-07-26 13:16:54,366 - hybrid_pipeline - INFO - [518/576] 已回收 tile_x15360_y16128
2026-07-26 13:16:54,366 - hybrid_pipeline - INFO - [519/576] 已回收 tile_x6912_y16128
2026-07-26 13:16:54,392 - hybrid_pipeline - INFO - Tile tile_x14592_y16128: 核心遮罩全空 → 空白 placeholder
2026-07-26 13:16:54,393 - m3_module.m3_cells_generator - INFO - All-positive 標註完成: 13 個細胞
2026-07-26 13:16:54,394 - hybrid_pipeline - INFO - [520/576] 已回收 tile_x7680_y16128
2026-07-26 13:16:54,417 - m3_module.m3_cells_generator - INFO - All-positive 標註完成: 22 個細胞
2026-07-26 13:16:54,423 - m3_module.m3_cells_generator - INFO - enlarge_cell_instances: 13 顆細胞, factor=1.50(面積), 中位半徑=15.8px, 外擴=3.6px
2026-07-26 13:16:54,439 - hybrid_pipeline - INFO - [521/576] 已回收 tile_x14592_y16128
2026-07-26 13:16:54,457 - m3_module.m3_cells_generator - INFO - enlarge_cell_instances: 22 顆細胞, factor=1.50(面積), 中位半徑=17.8px, 外擴=4.0px
2026-07-26 13:16:54,464 - hybrid_pipeline - INFO - Tile tile_x16128_y16128: 核心遮罩全空 → 空白 placeholder
2026-07-26 13:16:54,512 - m3_module.m3_dot_detection - INFO - detect_all_dots: 紅點=21, 黑點=25, 涉及細胞=14
2026-07-26 13:16:54,563 - m3_module.m3_dot_detection - INFO - detect_all_dots: 紅點=0, 黑點=0, 涉及細胞=13
2026-07-26 13:16:54,591 - m3_module.m3_dot_detection - INFO - detect_all_dots: 紅點=0, 黑點=0, 涉及細胞=22
2026-07-26 13:16:54,606 - m4_module.cell_crops - INFO - 匯出 0 張 per-cell 影像至 /data/taro_Projects/tsgh/output/r7_run/cell_crops/tile_x10752_y16128/cells
2026-07-26 13:16:54,606 - hybrid_pipeline - INFO - Tile tile_x10752_y16128 完成: 核心擁有 0 細胞 (0 陽性), 1.26 秒
2026-07-26 13:16:54,607 - hybrid_pipeline - INFO - [522/576] 已回收 tile_x10752_y16128
2026-07-26 13:16:54,621 - m4_module.cell_crops - INFO - 匯出 3 張 per-cell 影像至 /data/taro_Projects/tsgh/output/r7_run/cell_crops/tile_x8448_y16128/cells
2026-07-26 13:16:54,621 - hybrid_pipeline - INFO - Tile tile_x8448_y16128 完成: 核心擁有 3 細胞 (3 陽性), 1.39 秒
2026-07-26 13:16:54,622 - hybrid_pipeline - INFO - [523/576] 已回收 tile_x8448_y16128
2026-07-26 13:16:54,635 - hybrid_pipeline - INFO - Tile tile_x16896_y16128: 核心遮罩全空 → 空白 placeholder
2026-07-26 13:16:54,647 - hybrid_pipeline - INFO - Tile tile_x13824_y16128: 核心遮罩全空 → 空白 placeholder
2026-07-26 13:16:54,655 - m4_module.cell_crops - INFO - 匯出 11 張 per-cell 影像至 /data/taro_Projects/tsgh/output/r7_run/cell_crops/tile_x11520_y16128/cells
2026-07-26 13:16:54,655 - hybrid_pipeline - INFO - Tile tile_x11520_y16128 完成: 核心擁有 11 細胞 (11 陽性), 1.21 秒
2026-07-26 13:16:54,656 - hybrid_pipeline - INFO - [524/576] 已回收 tile_x11520_y16128
2026-07-26 13:16:54,678 - hybrid_pipeline - INFO - Tile tile_x17664_y16128: 核心遮罩全空 → 空白 placeholder
2026-07-26 13:16:55,338 - hybrid_pipeline - INFO - [525/576] 已回收 tile_x16128_y16128
2026-07-26 13:16:55,370 - m3_module.m3_cells_generator - INFO - All-positive 標註完成: 110 個細胞
2026-07-26 13:16:55,428 - m3_module.m3_cells_generator - INFO - enlarge_cell_instances: 110 顆細胞, factor=1.50(面積), 中位半徑=23.7px, 外擴=5.3px
2026-07-26 13:16:55,459 - m3_module.m3_elastic_matching - INFO - elastic_dish_nucleus_matching(overlap-first): IHC=110, DISH=77, matched(1核)=51 (其中重疊=51), drop-out(競爭落敗)=9, 無候選(計入)=50, factor=1.50, min_reach=20.0
2026-07-26 13:16:55,736 - m3_module.m3_dot_detection - INFO - detect_all_dots: 紅點=63, 黑點=96, 涉及細胞=110
2026-07-26 13:16:55,799 - hybrid_pipeline - INFO - [526/576] 已回收 tile_x16896_y16128
2026-07-26 13:16:55,813 - hybrid_pipeline - INFO - [527/576] 已回收 tile_x17664_y16128
2026-07-26 13:16:55,831 - m3_module.m3_cells_generator - INFO - All-positive 標註完成: 56 個細胞
2026-07-26 13:16:55,842 - m3_module.m3_cells_generator - INFO - All-positive 標註完成: 20 個細胞
2026-07-26 13:16:55,858 - hybrid_pipeline - INFO - [528/576] 已回收 tile_x13824_y16128
2026-07-26 13:16:55,880 - m3_module.m3_cells_generator - INFO - enlarge_cell_instances: 20 顆細胞, factor=1.50(面積), 中位半徑=23.4px, 外擴=5.3px
2026-07-26 13:16:55,883 - m3_module.m3_cells_generator - INFO - enlarge_cell_instances: 56 顆細胞, factor=1.50(面積), 中位半徑=24.0px, 外擴=5.4px
2026-07-26 13:16:55,887 - m3_module.m3_cells_generator - INFO - All-positive 標註完成: 129 個細胞
2026-07-26 13:16:55,909 - m3_module.m3_elastic_matching - INFO - elastic_dish_nucleus_matching(overlap-first): IHC=20, DISH=24, matched(1核)=10 (其中重疊=10), drop-out(競爭落敗)=1, 無候選(計入)=9, factor=1.50, min_reach=20.0
2026-07-26 13:16:55,912 - m3_module.m3_elastic_matching - INFO - elastic_dish_nucleus_matching(overlap-first): IHC=56, DISH=45, matched(1核)=23 (其中重疊=23), drop-out(競爭落敗)=4, 無候選(計入)=29, factor=1.50, min_reach=20.0
2026-07-26 13:16:55,957 - m3_module.m3_cells_generator - INFO - enlarge_cell_instances: 129 顆細胞, factor=1.50(面積), 中位半徑=31.4px, 外擴=7.1px
2026-07-26 13:16:55,993 - m3_module.m3_elastic_matching - INFO - elastic_dish_nucleus_matching(overlap-first): IHC=129, DISH=54, matched(1核)=44 (其中重疊=42), drop-out(競爭落敗)=13, 無候選(計入)=72, factor=1.50, min_reach=20.0
2026-07-26 13:16:56,073 - m3_module.m3_dot_detection - INFO - detect_all_dots: 紅點=6, 黑點=9, 涉及細胞=20
2026-07-26 13:16:56,098 - m4_module.cell_crops - INFO - 匯出 70 張 per-cell 影像至 /data/taro_Projects/tsgh/output/r7_run/cell_crops/tile_x0_y16896/cells
2026-07-26 13:16:56,099 - hybrid_pipeline - INFO - Tile tile_x0_y16896 完成: 核心擁有 70 細胞 (70 陽性), 1.66 秒
2026-07-26 13:16:56,101 - m3_module.m3_dot_detection - INFO - detect_all_dots: 紅點=14, 黑點=27, 涉及細胞=56
2026-07-26 13:16:56,191 - m4_module.cell_crops - INFO - 匯出 14 張 per-cell 影像至 /data/taro_Projects/tsgh/output/r7_run/cell_crops/tile_x1536_y16896/cells
2026-07-26 13:16:56,191 - hybrid_pipeline - INFO - Tile tile_x1536_y16896 完成: 核心擁有 14 細胞 (14 陽性), 1.54 秒
2026-07-26 13:16:56,268 - m3_module.m3_dot_detection - INFO - detect_all_dots: 紅點=62, 黑點=66, 涉及細胞=129
2026-07-26 13:16:56,307 - m4_module.cell_crops - INFO - 匯出 22 張 per-cell 影像至 /data/taro_Projects/tsgh/output/r7_run/cell_crops/tile_x768_y16896/cells
2026-07-26 13:16:56,307 - hybrid_pipeline - INFO - Tile tile_x768_y16896 完成: 核心擁有 22 細胞 (22 陽性), 1.70 秒
2026-07-26 13:16:56,389 - cellpose.dynamics - INFO - No cell pixels found.
2026-07-26 13:16:56,567 - hybrid_pipeline - INFO - [529/576] 已回收 tile_x0_y16896
2026-07-26 13:16:56,598 - m3_module.m3_cells_generator - INFO - All-positive 標註完成: 86 個細胞
2026-07-26 13:16:56,649 - m3_module.m3_cells_generator - INFO - enlarge_cell_instances: 86 顆細胞, factor=1.50(面積), 中位半徑=26.5px, 外擴=6.0px
2026-07-26 13:16:56,683 - m3_module.m3_elastic_matching - INFO - elastic_dish_nucleus_matching(overlap-first): IHC=86, DISH=42, matched(1核)=36 (其中重疊=36), drop-out(競爭落敗)=16, 無候選(計入)=34, factor=1.50, min_reach=20.0
2026-07-26 13:16:56,697 - m4_module.cell_crops - INFO - 匯出 59 張 per-cell 影像至 /data/taro_Projects/tsgh/output/r7_run/cell_crops/tile_x3840_y16896/cells
2026-07-26 13:16:56,698 - hybrid_pipeline - INFO - Tile tile_x3840_y16896 完成: 核心擁有 59 細胞 (59 陽性), 2.08 秒
2026-07-26 13:16:56,806 - hybrid_pipeline - INFO - [530/576] 已回收 tile_x1536_y16896
2026-07-26 13:16:56,818 - m3_module.m3_cells_generator - INFO - All-positive 標註完成: 0 個細胞
2026-07-26 13:16:56,950 - m3_module.m3_dot_detection - INFO - detect_all_dots: 紅點=0, 黑點=0, 涉及細胞=0
2026-07-26 13:16:56,969 - m3_module.m3_dot_detection - INFO - detect_all_dots: 紅點=75, 黑點=90, 涉及細胞=86
2026-07-26 13:16:56,984 - m4_module.cell_crops - INFO - 匯出 0 張 per-cell 影像至 /data/taro_Projects/tsgh/output/r7_run/cell_crops/tile_x2304_y16896/cells
2026-07-26 13:16:56,984 - hybrid_pipeline - INFO - Tile tile_x2304_y16896 完成: 核心擁有 0 細胞 (0 陽性), 1.17 秒
2026-07-26 13:16:57,034 - hybrid_pipeline - INFO - [531/576] 已回收 tile_x768_y16896
2026-07-26 13:16:57,061 - m3_module.m3_cells_generator - INFO - All-positive 標註完成: 126 個細胞
2026-07-26 13:16:57,086 - hybrid_pipeline - INFO - [532/576] 已回收 tile_x3840_y16896
2026-07-26 13:16:57,117 - m3_module.m3_cells_generator - INFO - All-positive 標註完成: 109 個細胞
2026-07-26 13:16:57,121 - m3_module.m3_cells_generator - INFO - enlarge_cell_instances: 126 顆細胞, factor=1.50(面積), 中位半徑=27.8px, 外擴=6.2px
2026-07-26 13:16:57,151 - m3_module.m3_elastic_matching - INFO - elastic_dish_nucleus_matching(overlap-first): IHC=126, DISH=39, matched(1核)=30 (其中重疊=30), drop-out(競爭落敗)=8, 無候選(計入)=88, factor=1.50, min_reach=20.0
2026-07-26 13:16:57,179 - m3_module.m3_cells_generator - INFO - enlarge_cell_instances: 109 顆細胞, factor=1.50(面積), 中位半徑=23.7px, 外擴=5.3px
2026-07-26 13:16:57,212 - m3_module.m3_elastic_matching - INFO - elastic_dish_nucleus_matching(overlap-first): IHC=109, DISH=42, matched(1核)=30 (其中重疊=29), drop-out(競爭落敗)=3, 無候選(計入)=76, factor=1.50, min_reach=20.0
2026-07-26 13:16:57,217 - m4_module.cell_crops - INFO - 匯出 50 張 per-cell 影像至 /data/taro_Projects/tsgh/output/r7_run/cell_crops/tile_x3072_y16896/cells
2026-07-26 13:16:57,217 - hybrid_pipeline - INFO - Tile tile_x3072_y16896 完成: 核心擁有 50 細胞 (50 陽性), 1.88 秒
2026-07-26 13:16:57,360 - m3_module.m3_dot_detection - INFO - detect_all_dots: 紅點=26, 黑點=35, 涉及細胞=126
2026-07-26 13:16:57,377 - cellpose.dynamics - INFO - No cell pixels found.
2026-07-26 13:16:57,415 - m3_module.m3_dot_detection - INFO - detect_all_dots: 紅點=27, 黑點=39, 涉及細胞=109
2026-07-26 13:16:57,705 - m4_module.cell_crops - INFO - 匯出 51 張 per-cell 影像至 /data/taro_Projects/tsgh/output/r7_run/cell_crops/tile_x5376_y16896/cells
2026-07-26 13:16:57,705 - hybrid_pipeline - INFO - Tile tile_x5376_y16896 完成: 核心擁有 51 細胞 (51 陽性), 1.85 秒
2026-07-26 13:16:57,712 - hybrid_pipeline - INFO - [533/576] 已回收 tile_x3072_y16896
2026-07-26 13:16:57,738 - m3_module.m3_cells_generator - INFO - All-positive 標註完成: 146 個細胞
2026-07-26 13:16:57,741 - m4_module.cell_crops - INFO - 匯出 81 張 per-cell 影像至 /data/taro_Projects/tsgh/output/r7_run/cell_crops/tile_x4608_y16896/cells
2026-07-26 13:16:57,741 - hybrid_pipeline - INFO - Tile tile_x4608_y16896 完成: 核心擁有 81 細胞 (81 陽性), 1.94 秒
2026-07-26 13:16:57,801 - m3_module.m3_cells_generator - INFO - enlarge_cell_instances: 146 顆細胞, factor=1.50(面積), 中位半徑=24.4px, 外擴=5.5px
2026-07-26 13:16:57,831 - m3_module.m3_elastic_matching - INFO - elastic_dish_nucleus_matching(overlap-first): IHC=146, DISH=42, matched(1核)=29 (其中重疊=29), drop-out(競爭落敗)=7, 無候選(計入)=110, factor=1.50, min_reach=20.0
2026-07-26 13:16:57,871 - hybrid_pipeline - INFO - [534/576] 已回收 tile_x4608_y16896
2026-07-26 13:16:57,882 - m3_module.m3_cells_generator - INFO - All-positive 標註完成: 0 個細胞
2026-07-26 13:16:57,922 - hybrid_pipeline - INFO - [535/576] 已回收 tile_x2304_y16896
2026-07-26 13:16:57,955 - m3_module.m3_cells_generator - INFO - All-positive 標註完成: 109 個細胞
2026-07-26 13:16:58,017 - m3_module.m3_cells_generator - INFO - enlarge_cell_instances: 109 顆細胞, factor=1.50(面積), 中位半徑=24.1px, 外擴=5.4px
2026-07-26 13:16:58,024 - m3_module.m3_dot_detection - INFO - detect_all_dots: 紅點=19, 黑點=30, 涉及細胞=146
2026-07-26 13:16:58,027 - m3_module.m3_dot_detection - INFO - detect_all_dots: 紅點=0, 黑點=0, 涉及細胞=0
2026-07-26 13:16:58,055 - m3_module.m3_elastic_matching - INFO - elastic_dish_nucleus_matching(overlap-first): IHC=109, DISH=161, matched(1核)=68 (其中重疊=68), drop-out(競爭落敗)=2, 無候選(計入)=39, factor=1.50, min_reach=20.0
2026-07-26 13:16:58,059 - m4_module.cell_crops - INFO - 匯出 0 張 per-cell 影像至 /data/taro_Projects/tsgh/output/r7_run/cell_crops/tile_x9984_y16896/cells
2026-07-26 13:16:58,059 - hybrid_pipeline - INFO - Tile tile_x9984_y16896 完成: 核心擁有 0 細胞 (0 陽性), 1.03 秒
2026-07-26 13:16:58,152 - hybrid_pipeline - INFO - [536/576] 已回收 tile_x5376_y16896
2026-07-26 13:16:58,183 - m3_module.m3_cells_generator - INFO - All-positive 標註完成: 17 個細胞
2026-07-26 13:16:58,222 - m3_module.m3_cells_generator - INFO - enlarge_cell_instances: 17 顆細胞, factor=1.50(面積), 中位半徑=21.5px, 外擴=4.8px
2026-07-26 13:16:58,247 - m3_module.m3_elastic_matching - INFO - elastic_dish_nucleus_matching(overlap-first): IHC=17, DISH=36, matched(1核)=9 (其中重疊=9), drop-out(競爭落敗)=0, 無候選(計入)=8, factor=1.50, min_reach=20.0
2026-07-26 13:16:58,406 - m3_module.m3_dot_detection - INFO - detect_all_dots: 紅點=15, 黑點=20, 涉及細胞=17
2026-07-26 13:16:58,448 - m4_module.cell_crops - INFO - 匯出 77 張 per-cell 影像至 /data/taro_Projects/tsgh/output/r7_run/cell_crops/tile_x6144_y16896/cells
2026-07-26 13:16:58,449 - hybrid_pipeline - INFO - Tile tile_x6144_y16896 完成: 核心擁有 77 細胞 (77 陽性), 1.88 秒
2026-07-26 13:16:58,507 - m3_module.m3_dot_detection - INFO - detect_all_dots: 紅點=149, 黑點=172, 涉及細胞=109
2026-07-26 13:16:58,532 - m4_module.cell_crops - INFO - 匯出 5 張 per-cell 影像至 /data/taro_Projects/tsgh/output/r7_run/cell_crops/tile_x8448_y16896/cells
2026-07-26 13:16:58,532 - hybrid_pipeline - INFO - Tile tile_x8448_y16896 完成: 核心擁有 5 細胞 (5 陽性), 1.45 秒
2026-07-26 13:16:58,843 - hybrid_pipeline - INFO - [537/576] 已回收 tile_x9984_y16896
2026-07-26 13:16:58,866 - hybrid_pipeline - INFO - [538/576] 已回收 tile_x6144_y16896
2026-07-26 13:16:58,875 - m3_module.m3_cells_generator - INFO - All-positive 標註完成: 18 個細胞
2026-07-26 13:16:58,890 - m3_module.m3_cells_generator - INFO - All-positive 標註完成: 97 個細胞
2026-07-26 13:16:58,908 - m3_module.m3_cells_generator - INFO - enlarge_cell_instances: 18 顆細胞, factor=1.50(面積), 中位半徑=19.6px, 外擴=4.4px
2026-07-26 13:16:58,909 - m4_module.cell_crops - INFO - 匯出 49 張 per-cell 影像至 /data/taro_Projects/tsgh/output/r7_run/cell_crops/tile_x6912_y16896/cells
2026-07-26 13:16:58,909 - hybrid_pipeline - INFO - Tile tile_x6912_y16896 完成: 核心擁有 49 細胞 (49 陽性), 2.10 秒
2026-07-26 13:16:58,947 - m3_module.m3_cells_generator - INFO - enlarge_cell_instances: 97 顆細胞, factor=1.50(面積), 中位半徑=22.8px, 外擴=5.1px
2026-07-26 13:16:58,951 - hybrid_pipeline - INFO - [539/576] 已回收 tile_x6912_y16896
2026-07-26 13:16:58,979 - m3_module.m3_cells_generator - INFO - All-positive 標註完成: 29 個細胞
2026-07-26 13:16:58,982 - m3_module.m3_elastic_matching - INFO - elastic_dish_nucleus_matching(overlap-first): IHC=97, DISH=140, matched(1核)=72 (其中重疊=72), drop-out(競爭落敗)=7, 無候選(計入)=18, factor=1.50, min_reach=20.0
2026-07-26 13:16:59,017 - m3_module.m3_cells_generator - INFO - enlarge_cell_instances: 29 顆細胞, factor=1.50(面積), 中位半徑=18.5px, 外擴=4.2px
2026-07-26 13:16:59,043 - m3_module.m3_elastic_matching - INFO - elastic_dish_nucleus_matching(overlap-first): IHC=29, DISH=2, matched(1核)=1 (其中重疊=1), drop-out(競爭落敗)=1, 無候選(計入)=27, factor=1.50, min_reach=20.0
2026-07-26 13:16:59,048 - m3_module.m3_dot_detection - INFO - detect_all_dots: 紅點=0, 黑點=0, 涉及細胞=18
2026-07-26 13:16:59,069 - hybrid_pipeline - INFO - [540/576] 已回收 tile_x8448_y16896
2026-07-26 13:16:59,101 - m3_module.m3_cells_generator - INFO - All-positive 標註完成: 11 個細胞
2026-07-26 13:16:59,110 - m4_module.cell_crops - INFO - 匯出 4 張 per-cell 影像至 /data/taro_Projects/tsgh/output/r7_run/cell_crops/tile_x10752_y16896/cells
2026-07-26 13:16:59,110 - hybrid_pipeline - INFO - Tile tile_x10752_y16896 完成: 核心擁有 4 細胞 (4 陽性), 1.24 秒
2026-07-26 13:16:59,113 - hybrid_pipeline - INFO - [541/576] 已回收 tile_x10752_y16896
2026-07-26 13:16:59,134 - m3_module.m3_cells_generator - INFO - enlarge_cell_instances: 11 顆細胞, factor=1.50(面積), 中位半徑=18.7px, 外擴=4.2px
2026-07-26 13:16:59,140 - hybrid_pipeline - INFO - Tile tile_x12288_y16896: 核心遮罩全空 → 空白 placeholder
2026-07-26 13:16:59,154 - hybrid_pipeline - INFO - [542/576] 已回收 tile_x12288_y16896
2026-07-26 13:16:59,159 - m3_module.m3_elastic_matching - INFO - elastic_dish_nucleus_matching(overlap-first): IHC=11, DISH=9, matched(1核)=4 (其中重疊=4), drop-out(競爭落敗)=0, 無候選(計入)=7, factor=1.50, min_reach=20.0
2026-07-26 13:16:59,162 - m3_module.m3_dot_detection - INFO - detect_all_dots: 紅點=0, 黑點=0, 涉及細胞=29
2026-07-26 13:16:59,179 - hybrid_pipeline - INFO - Tile tile_x15360_y16896: 核心遮罩全空 → 空白 placeholder
2026-07-26 13:16:59,191 - hybrid_pipeline - INFO - [543/576] 已回收 tile_x15360_y16896
2026-07-26 13:16:59,215 - hybrid_pipeline - INFO - Tile tile_x16896_y16896: 核心遮罩全空 → 空白 placeholder
2026-07-26 13:16:59,228 - hybrid_pipeline - INFO - [544/576] 已回收 tile_x16896_y16896
2026-07-26 13:16:59,252 - hybrid_pipeline - INFO - Tile tile_x16128_y16896: 核心遮罩全空 → 空白 placeholder
2026-07-26 13:16:59,265 - m4_module.cell_crops - INFO - 匯出 19 張 per-cell 影像至 /data/taro_Projects/tsgh/output/r7_run/cell_crops/tile_x11520_y16896/cells
2026-07-26 13:16:59,265 - hybrid_pipeline - INFO - Tile tile_x11520_y16896 完成: 核心擁有 19 細胞 (19 陽性), 1.34 秒
2026-07-26 13:16:59,266 - hybrid_pipeline - INFO - [545/576] 已回收 tile_x16128_y16896
2026-07-26 13:16:59,266 - hybrid_pipeline - INFO - [546/576] 已回收 tile_x11520_y16896
2026-07-26 13:16:59,290 - hybrid_pipeline - INFO - Tile tile_x17664_y16896: 核心遮罩全空 → 空白 placeholder
2026-07-26 13:16:59,290 - hybrid_pipeline - INFO - Tile tile_x14592_y16896: 核心遮罩全空 → 空白 placeholder
2026-07-26 13:16:59,296 - m3_module.m3_dot_detection - INFO - detect_all_dots: 紅點=10, 黑點=12, 涉及細胞=11
2026-07-26 13:16:59,387 - m4_module.cell_crops - INFO - 匯出 9 張 per-cell 影像至 /data/taro_Projects/tsgh/output/r7_run/cell_crops/tile_x9216_y16896/cells
2026-07-26 13:16:59,387 - hybrid_pipeline - INFO - Tile tile_x9216_y16896 完成: 核心擁有 9 細胞 (9 陽性), 1.24 秒
2026-07-26 13:16:59,389 - hybrid_pipeline - INFO - [547/576] 已回收 tile_x9216_y16896
2026-07-26 13:16:59,413 - hybrid_pipeline - INFO - Tile tile_x13824_y16896: 核心遮罩全空 → 空白 placeholder
2026-07-26 13:16:59,452 - m3_module.m3_dot_detection - INFO - detect_all_dots: 紅點=157, 黑點=200, 涉及細胞=97
2026-07-26 13:16:59,755 - m4_module.cell_crops - INFO - 匯出 69 張 per-cell 影像至 /data/taro_Projects/tsgh/output/r7_run/cell_crops/tile_x7680_y16896/cells
2026-07-26 13:16:59,755 - hybrid_pipeline - INFO - Tile tile_x7680_y16896 完成: 核心擁有 69 細胞 (69 陽性), 2.04 秒
2026-07-26 13:16:59,756 - hybrid_pipeline - INFO - [548/576] 已回收 tile_x7680_y16896
2026-07-26 13:16:59,784 - hybrid_pipeline - INFO - Tile tile_x13056_y16896: 核心遮罩全空 → 空白 placeholder
2026-07-26 13:17:00,362 - hybrid_pipeline - INFO - [549/576] 已回收 tile_x17664_y16896
2026-07-26 13:17:00,400 - m3_module.m3_cells_generator - INFO - All-positive 標註完成: 87 個細胞
2026-07-26 13:17:00,442 - hybrid_pipeline - INFO - [550/576] 已回收 tile_x13824_y16896
2026-07-26 13:17:00,443 - hybrid_pipeline - INFO - [551/576] 已回收 tile_x14592_y16896
2026-07-26 13:17:00,453 - m3_module.m3_cells_generator - INFO - enlarge_cell_instances: 87 顆細胞, factor=1.50(面積), 中位半徑=25.5px, 外擴=5.7px
2026-07-26 13:17:00,474 - m3_module.m3_cells_generator - INFO - All-positive 標註完成: 61 個細胞
2026-07-26 13:17:00,477 - m3_module.m3_cells_generator - INFO - All-positive 標註完成: 115 個細胞
2026-07-26 13:17:00,486 - m3_module.m3_elastic_matching - INFO - elastic_dish_nucleus_matching(overlap-first): IHC=87, DISH=92, matched(1核)=50 (其中重疊=49), drop-out(競爭落敗)=9, 無候選(計入)=28, factor=1.50, min_reach=20.0
2026-07-26 13:17:00,523 - m3_module.m3_cells_generator - INFO - enlarge_cell_instances: 61 顆細胞, factor=1.50(面積), 中位半徑=29.4px, 外擴=6.6px
2026-07-26 13:17:00,541 - m3_module.m3_cells_generator - INFO - enlarge_cell_instances: 115 顆細胞, factor=1.50(面積), 中位半徑=26.4px, 外擴=5.9px
2026-07-26 13:17:00,554 - m3_module.m3_elastic_matching - INFO - elastic_dish_nucleus_matching(overlap-first): IHC=61, DISH=62, matched(1核)=39 (其中重疊=39), drop-out(競爭落敗)=7, 無候選(計入)=15, factor=1.50, min_reach=20.0
2026-07-26 13:17:00,577 - m3_module.m3_elastic_matching - INFO - elastic_dish_nucleus_matching(overlap-first): IHC=115, DISH=122, matched(1核)=68 (其中重疊=68), drop-out(競爭落敗)=12, 無候選(計入)=35, factor=1.50, min_reach=20.0
2026-07-26 13:17:00,767 - m3_module.m3_dot_detection - INFO - detect_all_dots: 紅點=57, 黑點=84, 涉及細胞=87
2026-07-26 13:17:00,771 - m3_module.m3_dot_detection - INFO - detect_all_dots: 紅點=34, 黑點=42, 涉及細胞=61
2026-07-26 13:17:00,815 - hybrid_pipeline - INFO - [552/576] 已回收 tile_x13056_y16896
2026-07-26 13:17:00,845 - m3_module.m3_cells_generator - INFO - All-positive 標註完成: 117 個細胞
2026-07-26 13:17:00,896 - m3_module.m3_dot_detection - INFO - detect_all_dots: 紅點=73, 黑點=97, 涉及細胞=115
2026-07-26 13:17:00,904 - m3_module.m3_cells_generator - INFO - enlarge_cell_instances: 117 顆細胞, factor=1.50(面積), 中位半徑=26.6px, 外擴=6.0px
2026-07-26 13:17:00,936 - m3_module.m3_elastic_matching - INFO - elastic_dish_nucleus_matching(overlap-first): IHC=117, DISH=51, matched(1核)=37 (其中重疊=37), drop-out(競爭落敗)=12, 無候選(計入)=68, factor=1.50, min_reach=20.0
2026-07-26 13:17:00,996 - m4_module.cell_crops - INFO - 匯出 43 張 per-cell 影像至 /data/taro_Projects/tsgh/output/r7_run/cell_crops/tile_x1536_y17664/cells
2026-07-26 13:17:00,996 - hybrid_pipeline - INFO - Tile tile_x1536_y17664 完成: 核心擁有 43 細胞 (43 陽性), 1.61 秒
2026-07-26 13:17:01,044 - m4_module.cell_crops - INFO - 匯出 50 張 per-cell 影像至 /data/taro_Projects/tsgh/output/r7_run/cell_crops/tile_x0_y17664/cells
2026-07-26 13:17:01,044 - hybrid_pipeline - INFO - Tile tile_x0_y17664 完成: 核心擁有 50 細胞 (50 陽性), 1.78 秒
2026-07-26 13:17:01,048 - hybrid_pipeline - INFO - [553/576] 已回收 tile_x0_y17664
2026-07-26 13:17:01,074 - hybrid_pipeline - INFO - Tile tile_x2304_y17664: 核心遮罩全空 → 空白 placeholder
2026-07-26 13:17:01,234 - m3_module.m3_dot_detection - INFO - detect_all_dots: 紅點=70, 黑點=98, 涉及細胞=117
2026-07-26 13:17:01,296 - m4_module.cell_crops - INFO - 匯出 81 張 per-cell 影像至 /data/taro_Projects/tsgh/output/r7_run/cell_crops/tile_x768_y17664/cells
2026-07-26 13:17:01,297 - hybrid_pipeline - INFO - Tile tile_x768_y17664 完成: 核心擁有 81 細胞 (81 陽性), 2.03 秒
2026-07-26 13:17:01,452 - hybrid_pipeline - INFO - [554/576] 已回收 tile_x1536_y17664
2026-07-26 13:17:01,479 - m3_module.m3_cells_generator - INFO - All-positive 標註完成: 46 個細胞
2026-07-26 13:17:01,523 - m3_module.m3_cells_generator - INFO - enlarge_cell_instances: 46 顆細胞, factor=1.50(面積), 中位半徑=23.4px, 外擴=5.3px
2026-07-26 13:17:01,552 - m3_module.m3_elastic_matching - INFO - elastic_dish_nucleus_matching(overlap-first): IHC=46, DISH=19, matched(1核)=17 (其中重疊=17), drop-out(競爭落敗)=6, 無候選(計入)=23, factor=1.50, min_reach=20.0
2026-07-26 13:17:01,586 - hybrid_pipeline - INFO - [555/576] 已回收 tile_x768_y17664
2026-07-26 13:17:01,614 - m3_module.m3_cells_generator - INFO - All-positive 標註完成: 133 個細胞
2026-07-26 13:17:01,625 - m4_module.cell_crops - INFO - 匯出 76 張 per-cell 影像至 /data/taro_Projects/tsgh/output/r7_run/cell_crops/tile_x3840_y17664/cells
2026-07-26 13:17:01,626 - hybrid_pipeline - INFO - Tile tile_x3840_y17664 完成: 核心擁有 76 細胞 (76 陽性), 1.87 秒
2026-07-26 13:17:01,673 - m3_module.m3_cells_generator - INFO - enlarge_cell_instances: 133 顆細胞, factor=1.50(面積), 中位半徑=28.0px, 外擴=6.3px
2026-07-26 13:17:01,704 - m3_module.m3_elastic_matching - INFO - elastic_dish_nucleus_matching(overlap-first): IHC=133, DISH=33, matched(1核)=28 (其中重疊=28), drop-out(競爭落敗)=11, 無候選(計入)=94, factor=1.50, min_reach=20.0
2026-07-26 13:17:01,768 - m3_module.m3_dot_detection - INFO - detect_all_dots: 紅點=39, 黑點=51, 涉及細胞=46
2026-07-26 13:17:01,900 - m3_module.m3_dot_detection - INFO - detect_all_dots: 紅點=25, 黑點=31, 涉及細胞=133
2026-07-26 13:17:01,917 - m4_module.cell_crops - INFO - 匯出 22 張 per-cell 影像至 /data/taro_Projects/tsgh/output/r7_run/cell_crops/tile_x3072_y17664/cells
2026-07-26 13:17:01,918 - hybrid_pipeline - INFO - Tile tile_x3072_y17664 完成: 核心擁有 22 細胞 (22 陽性), 1.48 秒
2026-07-26 13:17:01,992 - hybrid_pipeline - INFO - [556/576] 已回收 tile_x3840_y17664
2026-07-26 13:17:02,018 - m3_module.m3_cells_generator - INFO - All-positive 標註完成: 161 個細胞
2026-07-26 13:17:02,080 - m3_module.m3_cells_generator - INFO - enlarge_cell_instances: 161 顆細胞, factor=1.50(面積), 中位半徑=23.2px, 外擴=5.2px
2026-07-26 13:17:02,112 - m3_module.m3_elastic_matching - INFO - elastic_dish_nucleus_matching(overlap-first): IHC=161, DISH=31, matched(1核)=27 (其中重疊=27), drop-out(競爭落敗)=9, 無候選(計入)=125, factor=1.50, min_reach=20.0
2026-07-26 13:17:02,148 - hybrid_pipeline - INFO - [557/576] 已回收 tile_x2304_y17664
2026-07-26 13:17:02,175 - m3_module.m3_cells_generator - INFO - All-positive 標註完成: 94 個細胞
2026-07-26 13:17:02,227 - m3_module.m3_cells_generator - INFO - enlarge_cell_instances: 94 顆細胞, factor=1.50(面積), 中位半徑=25.5px, 外擴=5.7px
2026-07-26 13:17:02,261 - m3_module.m3_elastic_matching - INFO - elastic_dish_nucleus_matching(overlap-first): IHC=94, DISH=142, matched(1核)=62 (其中重疊=62), drop-out(競爭落敗)=3, 無候選(計入)=29, factor=1.50, min_reach=20.0
2026-07-26 13:17:02,304 - m4_module.cell_crops - INFO - 匯出 80 張 per-cell 影像至 /data/taro_Projects/tsgh/output/r7_run/cell_crops/tile_x4608_y17664/cells
2026-07-26 13:17:02,304 - hybrid_pipeline - INFO - Tile tile_x4608_y17664 完成: 核心擁有 80 細胞 (80 陽性), 1.86 秒
2026-07-26 13:17:02,306 - m3_module.m3_dot_detection - INFO - detect_all_dots: 紅點=24, 黑點=27, 涉及細胞=161
2026-07-26 13:17:02,612 - hybrid_pipeline - INFO - [558/576] 已回收 tile_x3072_y17664
2026-07-26 13:17:02,620 - m3_module.m3_dot_detection - INFO - detect_all_dots: 紅點=96, 黑點=132, 涉及細胞=94
2026-07-26 13:17:02,639 - m3_module.m3_cells_generator - INFO - All-positive 標註完成: 101 個細胞
2026-07-26 13:17:02,640 - hybrid_pipeline - INFO - [559/576] 已回收 tile_x4608_y17664
2026-07-26 13:17:02,662 - m3_module.m3_cells_generator - INFO - All-positive 標註完成: 72 個細胞
2026-07-26 13:17:02,662 - m4_module.cell_crops - INFO - 匯出 106 張 per-cell 影像至 /data/taro_Projects/tsgh/output/r7_run/cell_crops/tile_x5376_y17664/cells
2026-07-26 13:17:02,662 - hybrid_pipeline - INFO - Tile tile_x5376_y17664 完成: 核心擁有 106 細胞 (106 陽性), 1.85 秒
2026-07-26 13:17:02,696 - m3_module.m3_cells_generator - INFO - enlarge_cell_instances: 101 顆細胞, factor=1.50(面積), 中位半徑=25.0px, 外擴=5.6px
2026-07-26 13:17:02,714 - m3_module.m3_cells_generator - INFO - enlarge_cell_instances: 72 顆細胞, factor=1.50(面積), 中位半徑=21.6px, 外擴=4.9px
2026-07-26 13:17:02,728 - m3_module.m3_elastic_matching - INFO - elastic_dish_nucleus_matching(overlap-first): IHC=101, DISH=105, matched(1核)=52 (其中重疊=52), drop-out(競爭落敗)=8, 無候選(計入)=41, factor=1.50, min_reach=20.0
2026-07-26 13:17:02,742 - m3_module.m3_elastic_matching - INFO - elastic_dish_nucleus_matching(overlap-first): IHC=72, DISH=15, matched(1核)=12 (其中重疊=12), drop-out(競爭落敗)=1, 無候選(計入)=59, factor=1.50, min_reach=20.0
2026-07-26 13:17:02,890 - m3_module.m3_dot_detection - INFO - detect_all_dots: 紅點=9, 黑點=12, 涉及細胞=72
2026-07-26 13:17:02,932 - hybrid_pipeline - INFO - [560/576] 已回收 tile_x5376_y17664
2026-07-26 13:17:02,948 - m4_module.cell_crops - INFO - 匯出 52 張 per-cell 影像至 /data/taro_Projects/tsgh/output/r7_run/cell_crops/tile_x7680_y17664/cells
2026-07-26 13:17:02,948 - hybrid_pipeline - INFO - Tile tile_x7680_y17664 完成: 核心擁有 52 細胞 (52 陽性), 1.90 秒
2026-07-26 13:17:02,961 - m3_module.m3_cells_generator - INFO - All-positive 標註完成: 5 個細胞
2026-07-26 13:17:02,992 - m3_module.m3_cells_generator - INFO - enlarge_cell_instances: 5 顆細胞, factor=1.50(面積), 中位半徑=38.7px, 外擴=8.7px
2026-07-26 13:17:03,008 - m3_module.m3_dot_detection - INFO - detect_all_dots: 紅點=61, 黑點=83, 涉及細胞=101
2026-07-26 13:17:03,107 - m4_module.cell_crops - INFO - 匯出 28 張 per-cell 影像至 /data/taro_Projects/tsgh/output/r7_run/cell_crops/tile_x6144_y17664/cells
2026-07-26 13:17:03,107 - hybrid_pipeline - INFO - Tile tile_x6144_y17664 完成: 核心擁有 28 細胞 (28 陽性), 1.52 秒
2026-07-26 13:17:03,131 - m3_module.m3_dot_detection - INFO - detect_all_dots: 紅點=0, 黑點=0, 涉及細胞=5
2026-07-26 13:17:03,185 - hybrid_pipeline - INFO - [561/576] 已回收 tile_x7680_y17664
2026-07-26 13:17:03,193 - m4_module.cell_crops - INFO - 匯出 5 張 per-cell 影像至 /data/taro_Projects/tsgh/output/r7_run/cell_crops/tile_x9216_y17664/cells
2026-07-26 13:17:03,193 - hybrid_pipeline - INFO - Tile tile_x9216_y17664 完成: 核心擁有 5 細胞 (5 陽性), 1.20 秒
2026-07-26 13:17:03,221 - m3_module.m3_cells_generator - INFO - All-positive 標註完成: 29 個細胞
2026-07-26 13:17:03,258 - m3_module.m3_cells_generator - INFO - enlarge_cell_instances: 29 顆細胞, factor=1.50(面積), 中位半徑=28.5px, 外擴=6.4px
2026-07-26 13:17:03,282 - m3_module.m3_elastic_matching - INFO - elastic_dish_nucleus_matching(overlap-first): IHC=29, DISH=25, matched(1核)=15 (其中重疊=15), drop-out(競爭落敗)=5, 無候選(計入)=9, factor=1.50, min_reach=20.0
2026-07-26 13:17:03,355 - m4_module.cell_crops - INFO - 匯出 71 張 per-cell 影像至 /data/taro_Projects/tsgh/output/r7_run/cell_crops/tile_x6912_y17664/cells
2026-07-26 13:17:03,355 - hybrid_pipeline - INFO - Tile tile_x6912_y17664 完成: 核心擁有 71 細胞 (71 陽性), 1.90 秒
2026-07-26 13:17:03,356 - hybrid_pipeline - INFO - [562/576] 已回收 tile_x6912_y17664
2026-07-26 13:17:03,386 - hybrid_pipeline - INFO - Tile tile_x9984_y17664: 核心遮罩全空 → 空白 placeholder
2026-07-26 13:17:03,407 - hybrid_pipeline - INFO - [563/576] 已回收 tile_x9984_y17664
2026-07-26 13:17:03,432 - hybrid_pipeline - INFO - Tile tile_x15360_y17664: 核心遮罩全空 → 空白 placeholder
2026-07-26 13:17:03,453 - hybrid_pipeline - INFO - [564/576] 已回收 tile_x15360_y17664
2026-07-26 13:17:03,458 - m3_module.m3_dot_detection - INFO - detect_all_dots: 紅點=24, 黑點=36, 涉及細胞=29
2026-07-26 13:17:03,476 - hybrid_pipeline - INFO - [565/576] 已回收 tile_x6144_y17664
2026-07-26 13:17:03,479 - hybrid_pipeline - INFO - Tile tile_x12288_y17664: 核心遮罩全空 → 空白 placeholder
2026-07-26 13:17:03,499 - m3_module.m3_cells_generator - INFO - All-positive 標註完成: 26 個細胞
2026-07-26 13:17:03,535 - m3_module.m3_cells_generator - INFO - enlarge_cell_instances: 26 顆細胞, factor=1.50(面積), 中位半徑=19.4px, 外擴=4.4px
2026-07-26 13:17:03,561 - m3_module.m3_elastic_matching - INFO - elastic_dish_nucleus_matching(overlap-first): IHC=26, DISH=1, matched(1核)=0 (其中重疊=0), drop-out(競爭落敗)=0, 無候選(計入)=26, factor=1.50, min_reach=20.0
2026-07-26 13:17:03,586 - m4_module.cell_crops - INFO - 匯出 20 張 per-cell 影像至 /data/taro_Projects/tsgh/output/r7_run/cell_crops/tile_x8448_y17664/cells
2026-07-26 13:17:03,586 - hybrid_pipeline - INFO - Tile tile_x8448_y17664 完成: 核心擁有 20 細胞 (20 陽性), 1.44 秒
2026-07-26 13:17:03,587 - hybrid_pipeline - INFO - [566/576] 已回收 tile_x8448_y17664
2026-07-26 13:17:03,613 - hybrid_pipeline - INFO - Tile tile_x14592_y17664: 核心遮罩全空 → 空白 placeholder
2026-07-26 13:17:03,631 - hybrid_pipeline - INFO - [567/576] 已回收 tile_x14592_y17664
2026-07-26 13:17:03,656 - hybrid_pipeline - INFO - Tile tile_x16896_y17664: 核心遮罩全空 → 空白 placeholder
2026-07-26 13:17:03,681 - m3_module.m3_dot_detection - INFO - detect_all_dots: 紅點=0, 黑點=0, 涉及細胞=26
2026-07-26 13:17:03,721 - hybrid_pipeline - INFO - [568/576] 已回收 tile_x16896_y17664
2026-07-26 13:17:03,744 - hybrid_pipeline - INFO - [569/576] 已回收 tile_x9216_y17664
2026-07-26 13:17:03,754 - hybrid_pipeline - INFO - Tile tile_x16128_y17664: 核心遮罩全空 → 空白 placeholder
2026-07-26 13:17:03,766 - m4_module.cell_crops - INFO - 匯出 15 張 per-cell 影像至 /data/taro_Projects/tsgh/output/r7_run/cell_crops/tile_x10752_y17664/cells
2026-07-26 13:17:03,766 - hybrid_pipeline - INFO - Tile tile_x10752_y17664 完成: 核心擁有 15 細胞 (15 陽性), 1.13 秒
2026-07-26 13:17:03,766 - m3_module.m3_cells_generator - INFO - All-positive 標註完成: 31 個細胞
2026-07-26 13:17:03,804 - m3_module.m3_cells_generator - INFO - enlarge_cell_instances: 31 顆細胞, factor=1.50(面積), 中位半徑=17.5px, 外擴=3.9px
2026-07-26 13:17:03,809 - hybrid_pipeline - INFO - [570/576] 已回收 tile_x16128_y17664
2026-07-26 13:17:03,827 - m3_module.m3_elastic_matching - INFO - elastic_dish_nucleus_matching(overlap-first): IHC=31, DISH=1, matched(1核)=0 (其中重疊=0), drop-out(競爭落敗)=0, 無候選(計入)=31, factor=1.50, min_reach=20.0
2026-07-26 13:17:03,839 - hybrid_pipeline - INFO - Tile tile_x17664_y17664: 核心遮罩全空 → 空白 placeholder
2026-07-26 13:17:03,839 - hybrid_pipeline - INFO - [571/576] 已回收 tile_x17664_y17664
2026-07-26 13:17:03,947 - m3_module.m3_dot_detection - INFO - detect_all_dots: 紅點=0, 黑點=0, 涉及細胞=31
2026-07-26 13:17:04,030 - m4_module.cell_crops - INFO - 匯出 21 張 per-cell 影像至 /data/taro_Projects/tsgh/output/r7_run/cell_crops/tile_x11520_y17664/cells
2026-07-26 13:17:04,030 - hybrid_pipeline - INFO - Tile tile_x11520_y17664 完成: 核心擁有 21 細胞 (21 陽性), 1.10 秒
2026-07-26 13:17:04,031 - hybrid_pipeline - INFO - [572/576] 已回收 tile_x11520_y17664
2026-07-26 13:17:04,337 - hybrid_pipeline - INFO - [573/576] 已回收 tile_x12288_y17664
2026-07-26 13:17:04,365 - m3_module.m3_cells_generator - INFO - All-positive 標註完成: 13 個細胞
2026-07-26 13:17:04,399 - m3_module.m3_cells_generator - INFO - enlarge_cell_instances: 13 顆細胞, factor=1.50(面積), 中位半徑=16.9px, 外擴=3.8px
2026-07-26 13:17:04,445 - hybrid_pipeline - INFO - [574/576] 已回收 tile_x10752_y17664
2026-07-26 13:17:04,473 - m3_module.m3_cells_generator - INFO - All-positive 標註完成: 7 個細胞
2026-07-26 13:17:04,505 - m3_module.m3_cells_generator - INFO - enlarge_cell_instances: 7 顆細胞, factor=1.50(面積), 中位半徑=18.2px, 外擴=4.1px
2026-07-26 13:17:04,534 - m3_module.m3_elastic_matching - INFO - elastic_dish_nucleus_matching(overlap-first): IHC=7, DISH=218, matched(1核)=5 (其中重疊=5), drop-out(競爭落敗)=0, 無候選(計入)=2, factor=1.50, min_reach=20.0
2026-07-26 13:17:04,535 - m3_module.m3_dot_detection - INFO - detect_all_dots: 紅點=0, 黑點=0, 涉及細胞=13
2026-07-26 13:17:04,592 - m4_module.cell_crops - INFO - 匯出 7 張 per-cell 影像至 /data/taro_Projects/tsgh/output/r7_run/cell_crops/tile_x13056_y17664/cells
2026-07-26 13:17:04,592 - hybrid_pipeline - INFO - Tile tile_x13056_y17664 完成: 核心擁有 7 細胞 (7 陽性), 1.14 秒
2026-07-26 13:17:04,593 - hybrid_pipeline - INFO - [575/576] 已回收 tile_x13056_y17664
2026-07-26 13:17:04,651 - m3_module.m3_dot_detection - INFO - detect_all_dots: 紅點=0, 黑點=0, 涉及細胞=7
2026-07-26 13:17:04,721 - m4_module.cell_crops - INFO - 匯出 4 張 per-cell 影像至 /data/taro_Projects/tsgh/output/r7_run/cell_crops/tile_x13824_y17664/cells
2026-07-26 13:17:04,721 - hybrid_pipeline - INFO - Tile tile_x13824_y17664 完成: 核心擁有 4 細胞 (4 陽性), 1.25 秒
2026-07-26 13:17:04,722 - hybrid_pipeline - INFO - [576/576] 已回收 tile_x13824_y17664
2026-07-26 13:17:05,401 - m4_module.csv - INFO - CSV 匯出完成: report.csv (5686 列)
2026-07-26 13:17:05,401 - m4_module.csv - INFO - Summary 報告輸出: summary.txt (485 valid cells)
2026-07-26 13:17:09,719 - hybrid_pipeline - INFO - overlay_slide.tiff 縫合完成: 18688×18688 px
2026-07-26 13:17:09,750 - hybrid_pipeline - INFO - 批次完成 — run_id=989e57ff | 總計=576 | 成功=137 | 跳過=439
{
  "label": "candidate_w4_r2",
  "n_tiles": 576,
  "mp_workers": 4,
  "grid": {
    "cols": 24,
    "rows": 24
  },
  "wall": {
    "end_to_end_total_s": 65.785,
    "phaseA_precut_s": 0.004,
    "runbatch_BCD_s": 65.781
  },
  "disk_bytes": {
    "precut_scratch": 0,
    "analysis_output": 7084916138
  },
  "stats": {
    "success": 137,
    "skipped": 439
  },
  "timings": {
    "G_mkdir_other": {
      "n": 6,
      "t": 0.0001952969905687496
    },
    "G_mkdir_fixed_outdir": {
      "n": 6,
      "t": 0.00010160100646317005
    },
    "C_export_csv": {
      "n": 1,
      "t": 0.005804299988085404
    },
    "C_export_summary": {
      "n": 1,
      "t": 0.0006108410016167909
    },
    "D_stitch_overlay": {
      "n": 1,
      "t": 4.348367607992259
    }
  },
  "config_hash": "3d1087f2",
  "peak_cuda_reserved_gb": 0.0,
  "peak_rss_gb": 11.616
}
