2026-07-26 13:09:15,299 - hybrid_pipeline - INFO - 批次處理開始 — run_id=89c188d0, config_hash=3d1087f2
[perf_measure] skip wrap: hybrid_pipeline.segment_masked_dish not found
2026-07-26 13:09:17,838 - unet_inference - INFO - 成功載入權重: /data/taro_Projects/tsgh/backend/algorithms/hybrid/models/unet/b4/best_model_unet_b4.pth
2026-07-26 13:09:17,865 - unet_inference - INFO - 成功載入權重: /data/taro_Projects/tsgh/backend/algorithms/hybrid/models/unet/b4/best_model_unet_b4.pth
2026-07-26 13:09:17,893 - unet_inference - INFO - 成功載入權重: /data/taro_Projects/tsgh/backend/algorithms/hybrid/models/unet/b4/best_model_unet_b4.pth
2026-07-26 13:09:17,893 - unet_inference - INFO - 成功載入權重: /data/taro_Projects/tsgh/backend/algorithms/hybrid/models/unet/b4/best_model_unet_b4.pth
2026-07-26 13:09:17,972 - unet_inference - INFO - 模型載入完成，設備: cuda
2026-07-26 13:09:18,009 - unet_inference - INFO - 模型載入完成，設備: cuda
2026-07-26 13:09:18,031 - unet_inference - INFO - 模型載入完成，設備: cuda
2026-07-26 13:09:18,032 - unet_inference - INFO - 模型載入完成，設備: cuda
2026-07-26 13:09:18,272 - cellpose.core - INFO - ** TORCH CUDA version installed and working. **
2026-07-26 13:09:18,272 - cellpose.core - INFO - >>>> using GPU (CUDA)
2026-07-26 13:09:18,282 - dinov3 - INFO - using base=100 for rope new
2026-07-26 13:09:18,282 - dinov3 - INFO - using min_period=None for rope new
2026-07-26 13:09:18,282 - dinov3 - INFO - using max_period=None for rope new
2026-07-26 13:09:18,282 - dinov3 - INFO - using normalize_coords=separate for rope new
2026-07-26 13:09:18,282 - dinov3 - INFO - using shift_coords=None for rope new
2026-07-26 13:09:18,282 - dinov3 - INFO - using rescale_coords=2 for rope new
2026-07-26 13:09:18,282 - dinov3 - INFO - using jitter_coords=None for rope new
2026-07-26 13:09:18,282 - dinov3 - INFO - using dtype=fp32 for rope new
2026-07-26 13:09:18,282 - dinov3 - INFO - using mlp layer as FFN
2026-07-26 13:09:18,300 - cellpose.core - INFO - ** TORCH CUDA version installed and working. **
2026-07-26 13:09:18,300 - cellpose.core - INFO - >>>> using GPU (CUDA)
2026-07-26 13:09:18,309 - dinov3 - INFO - using base=100 for rope new
2026-07-26 13:09:18,309 - dinov3 - INFO - using min_period=None for rope new
2026-07-26 13:09:18,309 - dinov3 - INFO - using max_period=None for rope new
2026-07-26 13:09:18,309 - dinov3 - INFO - using normalize_coords=separate for rope new
2026-07-26 13:09:18,309 - dinov3 - INFO - using shift_coords=None for rope new
2026-07-26 13:09:18,309 - dinov3 - INFO - using rescale_coords=2 for rope new
2026-07-26 13:09:18,309 - dinov3 - INFO - using jitter_coords=None for rope new
2026-07-26 13:09:18,309 - dinov3 - INFO - using dtype=fp32 for rope new
2026-07-26 13:09:18,309 - dinov3 - INFO - using mlp layer as FFN
2026-07-26 13:09:18,315 - cellpose.core - INFO - ** TORCH CUDA version installed and working. **
2026-07-26 13:09:18,315 - cellpose.core - INFO - >>>> using GPU (CUDA)
2026-07-26 13:09:18,315 - cellpose.core - INFO - ** TORCH CUDA version installed and working. **
2026-07-26 13:09:18,315 - cellpose.core - INFO - >>>> using GPU (CUDA)
2026-07-26 13:09:18,325 - dinov3 - INFO - using base=100 for rope new
2026-07-26 13:09:18,325 - dinov3 - INFO - using base=100 for rope new
2026-07-26 13:09:18,325 - dinov3 - INFO - using min_period=None for rope new
2026-07-26 13:09:18,325 - dinov3 - INFO - using min_period=None for rope new
2026-07-26 13:09:18,325 - dinov3 - INFO - using max_period=None for rope new
2026-07-26 13:09:18,325 - dinov3 - INFO - using max_period=None for rope new
2026-07-26 13:09:18,325 - dinov3 - INFO - using normalize_coords=separate for rope new
2026-07-26 13:09:18,325 - dinov3 - INFO - using normalize_coords=separate for rope new
2026-07-26 13:09:18,325 - dinov3 - INFO - using shift_coords=None for rope new
2026-07-26 13:09:18,325 - dinov3 - INFO - using shift_coords=None for rope new
2026-07-26 13:09:18,325 - dinov3 - INFO - using rescale_coords=2 for rope new
2026-07-26 13:09:18,325 - dinov3 - INFO - using rescale_coords=2 for rope new
2026-07-26 13:09:18,325 - dinov3 - INFO - using jitter_coords=None for rope new
2026-07-26 13:09:18,325 - dinov3 - INFO - using jitter_coords=None for rope new
2026-07-26 13:09:18,325 - dinov3 - INFO - using dtype=fp32 for rope new
2026-07-26 13:09:18,325 - dinov3 - INFO - using dtype=fp32 for rope new
2026-07-26 13:09:18,326 - dinov3 - INFO - using mlp layer as FFN
2026-07-26 13:09:18,326 - dinov3 - INFO - using mlp layer as FFN
2026-07-26 13:09:18,776 - cellpose.models - INFO - >>>> loading model /data/taro_Projects/tsgh/backend/algorithms/hybrid/models/cellpose/cellpose_ihc_dish_best
2026-07-26 13:09:18,810 - cellpose.models - INFO - >>>> loading model /data/taro_Projects/tsgh/backend/algorithms/hybrid/models/cellpose/cellpose_ihc_dish_best
2026-07-26 13:09:18,840 - cellpose.models - INFO - >>>> loading model /data/taro_Projects/tsgh/backend/algorithms/hybrid/models/cellpose/cellpose_ihc_dish_best
2026-07-26 13:09:18,848 - cellpose.models - INFO - >>>> loading model /data/taro_Projects/tsgh/backend/algorithms/hybrid/models/cellpose/cellpose_ihc_dish_best
2026-07-26 13:09:18,888 - m2_segmentation - INFO - Cellpose 模型載入完成: cellpose_ihc_dish_best (diameter=None)
2026-07-26 13:09:18,888 - cellpose.core - INFO - ** TORCH CUDA version installed and working. **
2026-07-26 13:09:18,888 - cellpose.core - INFO - >>>> using GPU (CUDA)
2026-07-26 13:09:18,896 - dinov3 - INFO - using base=100 for rope new
2026-07-26 13:09:18,896 - dinov3 - INFO - using min_period=None for rope new
2026-07-26 13:09:18,896 - dinov3 - INFO - using max_period=None for rope new
2026-07-26 13:09:18,896 - dinov3 - INFO - using normalize_coords=separate for rope new
2026-07-26 13:09:18,896 - dinov3 - INFO - using shift_coords=None for rope new
2026-07-26 13:09:18,896 - dinov3 - INFO - using rescale_coords=2 for rope new
2026-07-26 13:09:18,896 - dinov3 - INFO - using jitter_coords=None for rope new
2026-07-26 13:09:18,896 - dinov3 - INFO - using dtype=fp32 for rope new
2026-07-26 13:09:18,897 - dinov3 - INFO - using mlp layer as FFN
2026-07-26 13:09:18,918 - m2_segmentation - INFO - Cellpose 模型載入完成: cellpose_ihc_dish_best (diameter=None)
2026-07-26 13:09:18,918 - cellpose.core - INFO - ** TORCH CUDA version installed and working. **
2026-07-26 13:09:18,918 - cellpose.core - INFO - >>>> using GPU (CUDA)
2026-07-26 13:09:18,927 - dinov3 - INFO - using base=100 for rope new
2026-07-26 13:09:18,927 - dinov3 - INFO - using min_period=None for rope new
2026-07-26 13:09:18,927 - dinov3 - INFO - using max_period=None for rope new
2026-07-26 13:09:18,927 - dinov3 - INFO - using normalize_coords=separate for rope new
2026-07-26 13:09:18,927 - dinov3 - INFO - using shift_coords=None for rope new
2026-07-26 13:09:18,927 - dinov3 - INFO - using rescale_coords=2 for rope new
2026-07-26 13:09:18,927 - dinov3 - INFO - using jitter_coords=None for rope new
2026-07-26 13:09:18,927 - dinov3 - INFO - using dtype=fp32 for rope new
2026-07-26 13:09:18,927 - dinov3 - INFO - using mlp layer as FFN
2026-07-26 13:09:18,943 - m2_segmentation - INFO - Cellpose 模型載入完成: cellpose_ihc_dish_best (diameter=None)
2026-07-26 13:09:18,944 - cellpose.core - INFO - ** TORCH CUDA version installed and working. **
2026-07-26 13:09:18,944 - cellpose.core - INFO - >>>> using GPU (CUDA)
2026-07-26 13:09:18,946 - m2_segmentation - INFO - Cellpose 模型載入完成: cellpose_ihc_dish_best (diameter=None)
2026-07-26 13:09:18,947 - cellpose.core - INFO - ** TORCH CUDA version installed and working. **
2026-07-26 13:09:18,947 - cellpose.core - INFO - >>>> using GPU (CUDA)
2026-07-26 13:09:18,951 - dinov3 - INFO - using base=100 for rope new
2026-07-26 13:09:18,951 - dinov3 - INFO - using min_period=None for rope new
2026-07-26 13:09:18,951 - dinov3 - INFO - using max_period=None for rope new
2026-07-26 13:09:18,951 - dinov3 - INFO - using normalize_coords=separate for rope new
2026-07-26 13:09:18,951 - dinov3 - INFO - using shift_coords=None for rope new
2026-07-26 13:09:18,951 - dinov3 - INFO - using rescale_coords=2 for rope new
2026-07-26 13:09:18,951 - dinov3 - INFO - using jitter_coords=None for rope new
2026-07-26 13:09:18,951 - dinov3 - INFO - using dtype=fp32 for rope new
2026-07-26 13:09:18,952 - dinov3 - INFO - using mlp layer as FFN
2026-07-26 13:09:18,954 - dinov3 - INFO - using base=100 for rope new
2026-07-26 13:09:18,954 - dinov3 - INFO - using min_period=None for rope new
2026-07-26 13:09:18,954 - dinov3 - INFO - using max_period=None for rope new
2026-07-26 13:09:18,954 - dinov3 - INFO - using normalize_coords=separate for rope new
2026-07-26 13:09:18,954 - dinov3 - INFO - using shift_coords=None for rope new
2026-07-26 13:09:18,954 - dinov3 - INFO - using rescale_coords=2 for rope new
2026-07-26 13:09:18,954 - dinov3 - INFO - using jitter_coords=None for rope new
2026-07-26 13:09:18,954 - dinov3 - INFO - using dtype=fp32 for rope new
2026-07-26 13:09:18,954 - dinov3 - INFO - using mlp layer as FFN
2026-07-26 13:09:19,383 - cellpose.models - INFO - >>>> loading model /data/taro_Projects/tsgh/backend/algorithms/hybrid/models/cellpose/cellpose_dish_best
2026-07-26 13:09:19,440 - cellpose.models - INFO - >>>> loading model /data/taro_Projects/tsgh/backend/algorithms/hybrid/models/cellpose/cellpose_dish_best
2026-07-26 13:09:19,463 - cellpose.models - INFO - >>>> loading model /data/taro_Projects/tsgh/backend/algorithms/hybrid/models/cellpose/cellpose_dish_best
2026-07-26 13:09:19,467 - cellpose.models - INFO - >>>> loading model /data/taro_Projects/tsgh/backend/algorithms/hybrid/models/cellpose/cellpose_dish_best
2026-07-26 13:09:19,487 - m2_segmentation - INFO - Cellpose 模型載入完成: cellpose_dish_best (diameter=None)
2026-07-26 13:09:19,540 - m2_segmentation - INFO - Cellpose 模型載入完成: cellpose_dish_best (diameter=None)
2026-07-26 13:09:19,557 - m2_segmentation - INFO - Cellpose 模型載入完成: cellpose_dish_best (diameter=None)
2026-07-26 13:09:19,559 - m2_segmentation - INFO - Cellpose 模型載入完成: cellpose_dish_best (diameter=None)
2026-07-26 13:09:19,559 - hybrid_pipeline - INFO - 4 個 worker 模型載入完成，耗時 4.26 秒（平行）
2026-07-26 13:09:21,586 - hybrid_pipeline - INFO - Tile tile_x3840_y0: 核心遮罩全空 → 空白 placeholder
2026-07-26 13:09:21,604 - hybrid_pipeline - INFO - [1/576] 已回收 tile_x3840_y0
2026-07-26 13:09:21,607 - hybrid_pipeline - INFO - Tile tile_x5376_y0: 核心遮罩全空 → 空白 placeholder
2026-07-26 13:09:21,630 - hybrid_pipeline - INFO - [2/576] 已回收 tile_x5376_y0
2026-07-26 13:09:21,632 - hybrid_pipeline - INFO - Tile tile_x2304_y0: 核心遮罩全空 → 空白 placeholder
2026-07-26 13:09:21,658 - hybrid_pipeline - INFO - Tile tile_x1536_y0: 核心遮罩全空 → 空白 placeholder
2026-07-26 13:09:21,660 - hybrid_pipeline - INFO - [3/576] 已回收 tile_x2304_y0
2026-07-26 13:09:21,680 - hybrid_pipeline - INFO - [4/576] 已回收 tile_x1536_y0
2026-07-26 13:09:21,690 - hybrid_pipeline - INFO - Tile tile_x768_y0: 核心遮罩全空 → 空白 placeholder
2026-07-26 13:09:21,708 - hybrid_pipeline - INFO - Tile tile_x0_y0: 核心遮罩全空 → 空白 placeholder
2026-07-26 13:09:21,720 - hybrid_pipeline - INFO - [5/576] 已回收 tile_x768_y0
2026-07-26 13:09:21,739 - hybrid_pipeline - INFO - [6/576] 已回收 tile_x0_y0
2026-07-26 13:09:21,749 - hybrid_pipeline - INFO - Tile tile_x6144_y0: 核心遮罩全空 → 空白 placeholder
2026-07-26 13:09:21,768 - hybrid_pipeline - INFO - Tile tile_x6912_y0: 核心遮罩全空 → 空白 placeholder
2026-07-26 13:09:21,773 - hybrid_pipeline - INFO - [7/576] 已回收 tile_x6144_y0
2026-07-26 13:09:21,799 - hybrid_pipeline - INFO - [8/576] 已回收 tile_x6912_y0
2026-07-26 13:09:21,802 - hybrid_pipeline - INFO - Tile tile_x7680_y0: 核心遮罩全空 → 空白 placeholder
2026-07-26 13:09:21,808 - hybrid_pipeline - INFO - Tile tile_x4608_y0: 核心遮罩全空 → 空白 placeholder
2026-07-26 13:09:21,828 - hybrid_pipeline - INFO - Tile tile_x8448_y0: 核心遮罩全空 → 空白 placeholder
2026-07-26 13:09:21,835 - hybrid_pipeline - INFO - [9/576] 已回收 tile_x4608_y0
2026-07-26 13:09:21,845 - hybrid_pipeline - INFO - [10/576] 已回收 tile_x7680_y0
2026-07-26 13:09:21,855 - hybrid_pipeline - INFO - [11/576] 已回收 tile_x8448_y0
2026-07-26 13:09:21,864 - hybrid_pipeline - INFO - Tile tile_x9216_y0: 核心遮罩全空 → 空白 placeholder
2026-07-26 13:09:21,873 - hybrid_pipeline - INFO - Tile tile_x10752_y0: 核心遮罩全空 → 空白 placeholder
2026-07-26 13:09:21,884 - hybrid_pipeline - INFO - Tile tile_x9984_y0: 核心遮罩全空 → 空白 placeholder
2026-07-26 13:09:21,886 - hybrid_pipeline - INFO - Tile tile_x3072_y0: 核心遮罩全空 → 空白 placeholder
2026-07-26 13:09:21,898 - hybrid_pipeline - INFO - [12/576] 已回收 tile_x9216_y0
2026-07-26 13:09:21,929 - hybrid_pipeline - INFO - Tile tile_x13056_y0: 核心遮罩全空 → 空白 placeholder
2026-07-26 13:09:21,932 - hybrid_pipeline - INFO - [13/576] 已回收 tile_x10752_y0
2026-07-26 13:09:21,936 - hybrid_pipeline - INFO - [14/576] 已回收 tile_x3072_y0
2026-07-26 13:09:21,947 - hybrid_pipeline - INFO - [15/576] 已回收 tile_x9984_y0
2026-07-26 13:09:21,960 - hybrid_pipeline - INFO - [16/576] 已回收 tile_x13056_y0
2026-07-26 13:09:21,961 - hybrid_pipeline - INFO - Tile tile_x13824_y0: 核心遮罩全空 → 空白 placeholder
2026-07-26 13:09:21,966 - hybrid_pipeline - INFO - Tile tile_x11520_y0: 核心遮罩全空 → 空白 placeholder
2026-07-26 13:09:21,975 - hybrid_pipeline - INFO - Tile tile_x14592_y0: 核心遮罩全空 → 空白 placeholder
2026-07-26 13:09:21,990 - hybrid_pipeline - INFO - Tile tile_x15360_y0: 核心遮罩全空 → 空白 placeholder
2026-07-26 13:09:22,017 - hybrid_pipeline - INFO - [17/576] 已回收 tile_x13824_y0
2026-07-26 13:09:22,031 - hybrid_pipeline - INFO - [18/576] 已回收 tile_x11520_y0
2026-07-26 13:09:22,034 - hybrid_pipeline - INFO - [19/576] 已回收 tile_x14592_y0
2026-07-26 13:09:22,039 - hybrid_pipeline - INFO - [20/576] 已回收 tile_x15360_y0
2026-07-26 13:09:22,053 - hybrid_pipeline - INFO - Tile tile_x12288_y0: 核心遮罩全空 → 空白 placeholder
2026-07-26 13:09:22,061 - hybrid_pipeline - INFO - Tile tile_x16128_y0: 核心遮罩全空 → 空白 placeholder
2026-07-26 13:09:22,063 - hybrid_pipeline - INFO - Tile tile_x17664_y0: 核心遮罩全空 → 空白 placeholder
2026-07-26 13:09:22,064 - hybrid_pipeline - INFO - Tile tile_x16896_y0: 核心遮罩全空 → 空白 placeholder
2026-07-26 13:09:22,083 - hybrid_pipeline - INFO - [21/576] 已回收 tile_x12288_y0
2026-07-26 13:09:22,111 - hybrid_pipeline - INFO - Tile tile_x0_y768: 核心遮罩全空 → 空白 placeholder
2026-07-26 13:09:22,126 - hybrid_pipeline - INFO - [22/576] 已回收 tile_x16128_y0
2026-07-26 13:09:22,130 - hybrid_pipeline - INFO - [23/576] 已回收 tile_x16896_y0
2026-07-26 13:09:22,134 - hybrid_pipeline - INFO - [24/576] 已回收 tile_x17664_y0
2026-07-26 13:09:22,145 - hybrid_pipeline - INFO - [25/576] 已回收 tile_x0_y768
2026-07-26 13:09:22,159 - hybrid_pipeline - INFO - Tile tile_x768_y768: 核心遮罩全空 → 空白 placeholder
2026-07-26 13:09:22,160 - hybrid_pipeline - INFO - Tile tile_x1536_y768: 核心遮罩全空 → 空白 placeholder
2026-07-26 13:09:22,162 - hybrid_pipeline - INFO - Tile tile_x3072_y768: 核心遮罩全空 → 空白 placeholder
2026-07-26 13:09:22,174 - hybrid_pipeline - INFO - Tile tile_x2304_y768: 核心遮罩全空 → 空白 placeholder
2026-07-26 13:09:22,214 - hybrid_pipeline - INFO - [26/576] 已回收 tile_x768_y768
2026-07-26 13:09:22,224 - hybrid_pipeline - INFO - [27/576] 已回收 tile_x3072_y768
2026-07-26 13:09:22,229 - hybrid_pipeline - INFO - [28/576] 已回收 tile_x1536_y768
2026-07-26 13:09:22,233 - hybrid_pipeline - INFO - [29/576] 已回收 tile_x2304_y768
2026-07-26 13:09:22,243 - hybrid_pipeline - INFO - Tile tile_x3840_y768: 核心遮罩全空 → 空白 placeholder
2026-07-26 13:09:22,258 - hybrid_pipeline - INFO - Tile tile_x6144_y768: 核心遮罩全空 → 空白 placeholder
2026-07-26 13:09:22,258 - hybrid_pipeline - INFO - Tile tile_x5376_y768: 核心遮罩全空 → 空白 placeholder
2026-07-26 13:09:22,259 - hybrid_pipeline - INFO - Tile tile_x4608_y768: 核心遮罩全空 → 空白 placeholder
2026-07-26 13:09:22,272 - hybrid_pipeline - INFO - [30/576] 已回收 tile_x3840_y768
2026-07-26 13:09:22,302 - hybrid_pipeline - INFO - Tile tile_x6912_y768: 核心遮罩全空 → 空白 placeholder
2026-07-26 13:09:22,322 - hybrid_pipeline - INFO - [31/576] 已回收 tile_x5376_y768
2026-07-26 13:09:22,326 - hybrid_pipeline - INFO - [32/576] 已回收 tile_x4608_y768
2026-07-26 13:09:22,330 - hybrid_pipeline - INFO - [33/576] 已回收 tile_x6144_y768
2026-07-26 13:09:22,339 - hybrid_pipeline - INFO - [34/576] 已回收 tile_x6912_y768
2026-07-26 13:09:22,352 - hybrid_pipeline - INFO - Tile tile_x7680_y768: 核心遮罩全空 → 空白 placeholder
2026-07-26 13:09:22,354 - hybrid_pipeline - INFO - Tile tile_x8448_y768: 核心遮罩全空 → 空白 placeholder
2026-07-26 13:09:22,362 - hybrid_pipeline - INFO - Tile tile_x9216_y768: 核心遮罩全空 → 空白 placeholder
2026-07-26 13:09:22,369 - hybrid_pipeline - INFO - Tile tile_x9984_y768: 核心遮罩全空 → 空白 placeholder
2026-07-26 13:09:22,404 - hybrid_pipeline - INFO - [35/576] 已回收 tile_x7680_y768
2026-07-26 13:09:22,418 - hybrid_pipeline - INFO - [36/576] 已回收 tile_x8448_y768
2026-07-26 13:09:22,427 - hybrid_pipeline - INFO - [37/576] 已回收 tile_x9216_y768
2026-07-26 13:09:22,429 - hybrid_pipeline - INFO - [38/576] 已回收 tile_x9984_y768
2026-07-26 13:09:22,435 - hybrid_pipeline - INFO - Tile tile_x10752_y768: 核心遮罩全空 → 空白 placeholder
2026-07-26 13:09:22,446 - hybrid_pipeline - INFO - Tile tile_x11520_y768: 核心遮罩全空 → 空白 placeholder
2026-07-26 13:09:22,454 - hybrid_pipeline - INFO - Tile tile_x12288_y768: 核心遮罩全空 → 空白 placeholder
2026-07-26 13:09:22,455 - hybrid_pipeline - INFO - [39/576] 已回收 tile_x10752_y768
2026-07-26 13:09:22,456 - hybrid_pipeline - INFO - Tile tile_x13824_y768: 核心遮罩全空 → 空白 placeholder
2026-07-26 13:09:22,481 - hybrid_pipeline - INFO - Tile tile_x13056_y768: 核心遮罩全空 → 空白 placeholder
2026-07-26 13:09:22,510 - hybrid_pipeline - INFO - [40/576] 已回收 tile_x11520_y768
2026-07-26 13:09:22,520 - hybrid_pipeline - INFO - [41/576] 已回收 tile_x13824_y768
2026-07-26 13:09:22,524 - hybrid_pipeline - INFO - [42/576] 已回收 tile_x12288_y768
2026-07-26 13:09:22,531 - hybrid_pipeline - INFO - [43/576] 已回收 tile_x13056_y768
2026-07-26 13:09:22,539 - hybrid_pipeline - INFO - Tile tile_x14592_y768: 核心遮罩全空 → 空白 placeholder
2026-07-26 13:09:22,548 - hybrid_pipeline - INFO - Tile tile_x15360_y768: 核心遮罩全空 → 空白 placeholder
2026-07-26 13:09:22,552 - hybrid_pipeline - INFO - Tile tile_x16128_y768: 核心遮罩全空 → 空白 placeholder
2026-07-26 13:09:22,558 - hybrid_pipeline - INFO - Tile tile_x16896_y768: 核心遮罩全空 → 空白 placeholder
2026-07-26 13:09:22,564 - hybrid_pipeline - INFO - [44/576] 已回收 tile_x14592_y768
2026-07-26 13:09:22,591 - hybrid_pipeline - INFO - Tile tile_x17664_y768: 核心遮罩全空 → 空白 placeholder
2026-07-26 13:09:22,612 - hybrid_pipeline - INFO - [45/576] 已回收 tile_x15360_y768
2026-07-26 13:09:22,626 - hybrid_pipeline - INFO - [46/576] 已回收 tile_x16128_y768
2026-07-26 13:09:22,628 - hybrid_pipeline - INFO - [47/576] 已回收 tile_x16896_y768
2026-07-26 13:09:22,634 - hybrid_pipeline - INFO - [48/576] 已回收 tile_x17664_y768
2026-07-26 13:09:22,643 - hybrid_pipeline - INFO - Tile tile_x0_y1536: 核心遮罩全空 → 空白 placeholder
2026-07-26 13:09:22,657 - hybrid_pipeline - INFO - Tile tile_x1536_y1536: 核心遮罩全空 → 空白 placeholder
2026-07-26 13:09:22,657 - hybrid_pipeline - INFO - Tile tile_x768_y1536: 核心遮罩全空 → 空白 placeholder
2026-07-26 13:09:22,664 - hybrid_pipeline - INFO - Tile tile_x3840_y1536: 核心遮罩全空 → 空白 placeholder
2026-07-26 13:09:22,677 - hybrid_pipeline - INFO - [49/576] 已回收 tile_x0_y1536
2026-07-26 13:09:22,705 - hybrid_pipeline - INFO - Tile tile_x3072_y1536: 核心遮罩全空 → 空白 placeholder
2026-07-26 13:09:22,719 - hybrid_pipeline - INFO - [50/576] 已回收 tile_x768_y1536
2026-07-26 13:09:22,725 - hybrid_pipeline - INFO - [51/576] 已回收 tile_x1536_y1536
2026-07-26 13:09:22,728 - hybrid_pipeline - INFO - [52/576] 已回收 tile_x3840_y1536
2026-07-26 13:09:22,738 - hybrid_pipeline - INFO - [53/576] 已回收 tile_x3072_y1536
2026-07-26 13:09:22,750 - hybrid_pipeline - INFO - Tile tile_x2304_y1536: 核心遮罩全空 → 空白 placeholder
2026-07-26 13:09:22,754 - hybrid_pipeline - INFO - Tile tile_x4608_y1536: 核心遮罩全空 → 空白 placeholder
2026-07-26 13:09:22,754 - hybrid_pipeline - INFO - Tile tile_x6144_y1536: 核心遮罩全空 → 空白 placeholder
2026-07-26 13:09:22,768 - hybrid_pipeline - INFO - Tile tile_x5376_y1536: 核心遮罩全空 → 空白 placeholder
2026-07-26 13:09:22,802 - hybrid_pipeline - INFO - [54/576] 已回收 tile_x2304_y1536
2026-07-26 13:09:22,818 - hybrid_pipeline - INFO - [55/576] 已回收 tile_x4608_y1536
2026-07-26 13:09:22,821 - hybrid_pipeline - INFO - [56/576] 已回收 tile_x6144_y1536
2026-07-26 13:09:22,824 - hybrid_pipeline - INFO - [57/576] 已回收 tile_x5376_y1536
2026-07-26 13:09:22,832 - hybrid_pipeline - INFO - Tile tile_x6912_y1536: 核心遮罩全空 → 空白 placeholder
2026-07-26 13:09:22,847 - hybrid_pipeline - INFO - Tile tile_x8448_y1536: 核心遮罩全空 → 空白 placeholder
2026-07-26 13:09:22,850 - hybrid_pipeline - INFO - Tile tile_x7680_y1536: 核心遮罩全空 → 空白 placeholder
2026-07-26 13:09:22,851 - hybrid_pipeline - INFO - [58/576] 已回收 tile_x6912_y1536
2026-07-26 13:09:22,854 - hybrid_pipeline - INFO - Tile tile_x9984_y1536: 核心遮罩全空 → 空白 placeholder
2026-07-26 13:09:22,878 - hybrid_pipeline - INFO - Tile tile_x9216_y1536: 核心遮罩全空 → 空白 placeholder
2026-07-26 13:09:22,917 - hybrid_pipeline - INFO - [59/576] 已回收 tile_x8448_y1536
2026-07-26 13:09:22,919 - hybrid_pipeline - INFO - [60/576] 已回收 tile_x7680_y1536
2026-07-26 13:09:22,922 - hybrid_pipeline - INFO - [61/576] 已回收 tile_x9984_y1536
2026-07-26 13:09:22,927 - hybrid_pipeline - INFO - [62/576] 已回收 tile_x9216_y1536
2026-07-26 13:09:22,948 - hybrid_pipeline - INFO - Tile tile_x13056_y1536: 核心遮罩全空 → 空白 placeholder
2026-07-26 13:09:22,951 - hybrid_pipeline - INFO - Tile tile_x10752_y1536: 核心遮罩全空 → 空白 placeholder
2026-07-26 13:09:22,953 - hybrid_pipeline - INFO - Tile tile_x12288_y1536: 核心遮罩全空 → 空白 placeholder
2026-07-26 13:09:22,953 - hybrid_pipeline - INFO - Tile tile_x11520_y1536: 核心遮罩全空 → 空白 placeholder
2026-07-26 13:09:23,008 - hybrid_pipeline - INFO - [63/576] 已回收 tile_x13056_y1536
2026-07-26 13:09:23,015 - hybrid_pipeline - INFO - [64/576] 已回收 tile_x12288_y1536
2026-07-26 13:09:23,019 - hybrid_pipeline - INFO - [65/576] 已回收 tile_x10752_y1536
2026-07-26 13:09:23,022 - hybrid_pipeline - INFO - [66/576] 已回收 tile_x11520_y1536
2026-07-26 13:09:23,043 - hybrid_pipeline - INFO - Tile tile_x16128_y1536: 核心遮罩全空 → 空白 placeholder
2026-07-26 13:09:23,044 - hybrid_pipeline - INFO - Tile tile_x13824_y1536: 核心遮罩全空 → 空白 placeholder
2026-07-26 13:09:23,051 - hybrid_pipeline - INFO - Tile tile_x15360_y1536: 核心遮罩全空 → 空白 placeholder
2026-07-26 13:09:23,052 - hybrid_pipeline - INFO - Tile tile_x14592_y1536: 核心遮罩全空 → 空白 placeholder
2026-07-26 13:09:23,073 - hybrid_pipeline - INFO - [67/576] 已回收 tile_x16128_y1536
2026-07-26 13:09:23,100 - hybrid_pipeline - INFO - Tile tile_x16896_y1536: 核心遮罩全空 → 空白 placeholder
2026-07-26 13:09:23,110 - hybrid_pipeline - INFO - [68/576] 已回收 tile_x14592_y1536
2026-07-26 13:09:23,117 - hybrid_pipeline - INFO - [69/576] 已回收 tile_x13824_y1536
2026-07-26 13:09:23,124 - hybrid_pipeline - INFO - [70/576] 已回收 tile_x15360_y1536
2026-07-26 13:09:23,133 - hybrid_pipeline - INFO - [71/576] 已回收 tile_x16896_y1536
2026-07-26 13:09:23,139 - hybrid_pipeline - INFO - Tile tile_x17664_y1536: 核心遮罩全空 → 空白 placeholder
2026-07-26 13:09:23,145 - hybrid_pipeline - INFO - Tile tile_x0_y2304: 核心遮罩全空 → 空白 placeholder
2026-07-26 13:09:23,153 - hybrid_pipeline - INFO - Tile tile_x768_y2304: 核心遮罩全空 → 空白 placeholder
2026-07-26 13:09:23,164 - hybrid_pipeline - INFO - Tile tile_x1536_y2304: 核心遮罩全空 → 空白 placeholder
2026-07-26 13:09:23,180 - hybrid_pipeline - INFO - [72/576] 已回收 tile_x17664_y1536
2026-07-26 13:09:23,200 - hybrid_pipeline - INFO - [73/576] 已回收 tile_x0_y2304
2026-07-26 13:09:23,208 - hybrid_pipeline - INFO - Tile tile_x2304_y2304: 核心遮罩全空 → 空白 placeholder
2026-07-26 13:09:23,215 - hybrid_pipeline - INFO - [74/576] 已回收 tile_x768_y2304
2026-07-26 13:09:23,223 - hybrid_pipeline - INFO - [75/576] 已回收 tile_x1536_y2304
2026-07-26 13:09:23,230 - hybrid_pipeline - INFO - Tile tile_x3840_y2304: 核心遮罩全空 → 空白 placeholder
2026-07-26 13:09:23,244 - hybrid_pipeline - INFO - Tile tile_x3072_y2304: 核心遮罩全空 → 空白 placeholder
2026-07-26 13:09:23,245 - hybrid_pipeline - INFO - [76/576] 已回收 tile_x2304_y2304
2026-07-26 13:09:23,252 - hybrid_pipeline - INFO - Tile tile_x4608_y2304: 核心遮罩全空 → 空白 placeholder
2026-07-26 13:09:23,273 - hybrid_pipeline - INFO - Tile tile_x5376_y2304: 核心遮罩全空 → 空白 placeholder
2026-07-26 13:09:23,281 - hybrid_pipeline - INFO - [77/576] 已回收 tile_x3840_y2304
2026-07-26 13:09:23,304 - hybrid_pipeline - INFO - [78/576] 已回收 tile_x3072_y2304
2026-07-26 13:09:23,310 - hybrid_pipeline - INFO - Tile tile_x6144_y2304: 核心遮罩全空 → 空白 placeholder
2026-07-26 13:09:23,316 - hybrid_pipeline - INFO - [79/576] 已回收 tile_x4608_y2304
2026-07-26 13:09:23,325 - hybrid_pipeline - INFO - [80/576] 已回收 tile_x5376_y2304
2026-07-26 13:09:23,333 - hybrid_pipeline - INFO - Tile tile_x6912_y2304: 核心遮罩全空 → 空白 placeholder
2026-07-26 13:09:23,345 - hybrid_pipeline - INFO - Tile tile_x7680_y2304: 核心遮罩全空 → 空白 placeholder
2026-07-26 13:09:23,354 - hybrid_pipeline - INFO - [81/576] 已回收 tile_x6144_y2304
2026-07-26 13:09:23,355 - hybrid_pipeline - INFO - Tile tile_x11520_y2304: 核心遮罩全空 → 空白 placeholder
2026-07-26 13:09:23,381 - hybrid_pipeline - INFO - Tile tile_x9216_y2304: 核心遮罩全空 → 空白 placeholder
2026-07-26 13:09:23,387 - hybrid_pipeline - INFO - [82/576] 已回收 tile_x6912_y2304
2026-07-26 13:09:23,404 - hybrid_pipeline - INFO - [83/576] 已回收 tile_x7680_y2304
2026-07-26 13:09:23,411 - hybrid_pipeline - INFO - [84/576] 已回收 tile_x11520_y2304
2026-07-26 13:09:23,422 - hybrid_pipeline - INFO - Tile tile_x8448_y2304: 核心遮罩全空 → 空白 placeholder
2026-07-26 13:09:23,429 - hybrid_pipeline - INFO - [85/576] 已回收 tile_x9216_y2304
2026-07-26 13:09:23,429 - hybrid_pipeline - INFO - Tile tile_x10752_y2304: 核心遮罩全空 → 空白 placeholder
2026-07-26 13:09:23,440 - hybrid_pipeline - INFO - Tile tile_x9984_y2304: 核心遮罩全空 → 空白 placeholder
2026-07-26 13:09:23,455 - hybrid_pipeline - INFO - [86/576] 已回收 tile_x8448_y2304
2026-07-26 13:09:23,456 - hybrid_pipeline - INFO - Tile tile_x12288_y2304: 核心遮罩全空 → 空白 placeholder
2026-07-26 13:09:23,483 - hybrid_pipeline - INFO - Tile tile_x13056_y2304: 核心遮罩全空 → 空白 placeholder
2026-07-26 13:09:23,490 - hybrid_pipeline - INFO - [87/576] 已回收 tile_x10752_y2304
2026-07-26 13:09:23,500 - hybrid_pipeline - INFO - [88/576] 已回收 tile_x9984_y2304
2026-07-26 13:09:23,510 - hybrid_pipeline - INFO - [89/576] 已回收 tile_x12288_y2304
2026-07-26 13:09:23,521 - hybrid_pipeline - INFO - Tile tile_x13824_y2304: 核心遮罩全空 → 空白 placeholder
2026-07-26 13:09:23,529 - hybrid_pipeline - INFO - Tile tile_x14592_y2304: 核心遮罩全空 → 空白 placeholder
2026-07-26 13:09:23,530 - hybrid_pipeline - INFO - [90/576] 已回收 tile_x13056_y2304
2026-07-26 13:09:23,541 - hybrid_pipeline - INFO - Tile tile_x16128_y2304: 核心遮罩全空 → 空白 placeholder
2026-07-26 13:09:23,558 - hybrid_pipeline - INFO - Tile tile_x15360_y2304: 核心遮罩全空 → 空白 placeholder
2026-07-26 13:09:23,570 - hybrid_pipeline - INFO - [91/576] 已回收 tile_x13824_y2304
2026-07-26 13:09:23,586 - hybrid_pipeline - INFO - [92/576] 已回收 tile_x14592_y2304
2026-07-26 13:09:23,595 - hybrid_pipeline - INFO - [93/576] 已回收 tile_x16128_y2304
2026-07-26 13:09:23,600 - hybrid_pipeline - INFO - Tile tile_x16896_y2304: 核心遮罩全空 → 空白 placeholder
2026-07-26 13:09:23,608 - hybrid_pipeline - INFO - [94/576] 已回收 tile_x15360_y2304
2026-07-26 13:09:23,616 - hybrid_pipeline - INFO - Tile tile_x17664_y2304: 核心遮罩全空 → 空白 placeholder
2026-07-26 13:09:23,623 - hybrid_pipeline - INFO - Tile tile_x0_y3072: 核心遮罩全空 → 空白 placeholder
2026-07-26 13:09:23,636 - hybrid_pipeline - INFO - Tile tile_x768_y3072: 核心遮罩全空 → 空白 placeholder
2026-07-26 13:09:23,647 - hybrid_pipeline - INFO - [95/576] 已回收 tile_x16896_y2304
2026-07-26 13:09:23,670 - hybrid_pipeline - INFO - [96/576] 已回收 tile_x17664_y2304
2026-07-26 13:09:23,675 - hybrid_pipeline - INFO - Tile tile_x1536_y3072: 核心遮罩全空 → 空白 placeholder
2026-07-26 13:09:23,684 - hybrid_pipeline - INFO - [97/576] 已回收 tile_x0_y3072
2026-07-26 13:09:23,692 - hybrid_pipeline - INFO - [98/576] 已回收 tile_x768_y3072
2026-07-26 13:09:23,700 - hybrid_pipeline - INFO - Tile tile_x2304_y3072: 核心遮罩全空 → 空白 placeholder
2026-07-26 13:09:23,713 - hybrid_pipeline - INFO - Tile tile_x3072_y3072: 核心遮罩全空 → 空白 placeholder
2026-07-26 13:09:23,716 - hybrid_pipeline - INFO - [99/576] 已回收 tile_x1536_y3072
2026-07-26 13:09:23,722 - hybrid_pipeline - INFO - Tile tile_x3840_y3072: 核心遮罩全空 → 空白 placeholder
2026-07-26 13:09:23,744 - hybrid_pipeline - INFO - Tile tile_x6912_y3072: 核心遮罩全空 → 空白 placeholder
2026-07-26 13:09:23,754 - hybrid_pipeline - INFO - [100/576] 已回收 tile_x2304_y3072
2026-07-26 13:09:23,768 - hybrid_pipeline - INFO - [101/576] 已回收 tile_x3072_y3072
2026-07-26 13:09:23,780 - hybrid_pipeline - INFO - [102/576] 已回收 tile_x3840_y3072
2026-07-26 13:09:23,782 - hybrid_pipeline - INFO - Tile tile_x5376_y3072: 核心遮罩全空 → 空白 placeholder
2026-07-26 13:09:23,793 - hybrid_pipeline - INFO - [103/576] 已回收 tile_x6912_y3072
2026-07-26 13:09:23,797 - hybrid_pipeline - INFO - Tile tile_x4608_y3072: 核心遮罩全空 → 空白 placeholder
2026-07-26 13:09:23,809 - hybrid_pipeline - INFO - Tile tile_x6144_y3072: 核心遮罩全空 → 空白 placeholder
2026-07-26 13:09:23,822 - hybrid_pipeline - INFO - Tile tile_x7680_y3072: 核心遮罩全空 → 空白 placeholder
2026-07-26 13:09:23,834 - hybrid_pipeline - INFO - [104/576] 已回收 tile_x5376_y3072
2026-07-26 13:09:23,848 - hybrid_pipeline - INFO - [105/576] 已回收 tile_x4608_y3072
2026-07-26 13:09:23,863 - hybrid_pipeline - INFO - Tile tile_x8448_y3072: 核心遮罩全空 → 空白 placeholder
2026-07-26 13:09:23,866 - hybrid_pipeline - INFO - [106/576] 已回收 tile_x6144_y3072
2026-07-26 13:09:23,875 - hybrid_pipeline - INFO - [107/576] 已回收 tile_x7680_y3072
2026-07-26 13:09:23,878 - hybrid_pipeline - INFO - Tile tile_x13056_y3072: 核心遮罩全空 → 空白 placeholder
2026-07-26 13:09:23,897 - hybrid_pipeline - INFO - Tile tile_x12288_y3072: 核心遮罩全空 → 空白 placeholder
2026-07-26 13:09:23,904 - hybrid_pipeline - INFO - Tile tile_x9216_y3072: 核心遮罩全空 → 空白 placeholder
2026-07-26 13:09:23,914 - hybrid_pipeline - INFO - [108/576] 已回收 tile_x8448_y3072
2026-07-26 13:09:23,928 - hybrid_pipeline - INFO - [109/576] 已回收 tile_x13056_y3072
2026-07-26 13:09:23,943 - hybrid_pipeline - INFO - Tile tile_x9984_y3072: 核心遮罩全空 → 空白 placeholder
2026-07-26 13:09:23,954 - hybrid_pipeline - INFO - [110/576] 已回收 tile_x12288_y3072
2026-07-26 13:09:23,956 - hybrid_pipeline - INFO - Tile tile_x10752_y3072: 核心遮罩全空 → 空白 placeholder
2026-07-26 13:09:23,959 - hybrid_pipeline - INFO - [111/576] 已回收 tile_x9216_y3072
2026-07-26 13:09:23,982 - hybrid_pipeline - INFO - Tile tile_x11520_y3072: 核心遮罩全空 → 空白 placeholder
2026-07-26 13:09:23,986 - hybrid_pipeline - INFO - Tile tile_x13824_y3072: 核心遮罩全空 → 空白 placeholder
2026-07-26 13:09:23,994 - hybrid_pipeline - INFO - [112/576] 已回收 tile_x9984_y3072
2026-07-26 13:09:23,998 - hybrid_pipeline - INFO - [113/576] 已回收 tile_x10752_y3072
2026-07-26 13:09:24,025 - hybrid_pipeline - INFO - Tile tile_x14592_y3072: 核心遮罩全空 → 空白 placeholder
2026-07-26 13:09:24,025 - hybrid_pipeline - INFO - Tile tile_x17664_y3072: 核心遮罩全空 → 空白 placeholder
2026-07-26 13:09:24,032 - hybrid_pipeline - INFO - [114/576] 已回收 tile_x11520_y3072
2026-07-26 13:09:24,044 - hybrid_pipeline - INFO - [115/576] 已回收 tile_x13824_y3072
2026-07-26 13:09:24,062 - hybrid_pipeline - INFO - Tile tile_x16128_y3072: 核心遮罩全空 → 空白 placeholder
2026-07-26 13:09:24,072 - hybrid_pipeline - INFO - Tile tile_x0_y3840: 核心遮罩全空 → 空白 placeholder
2026-07-26 13:09:24,074 - hybrid_pipeline - INFO - [116/576] 已回收 tile_x14592_y3072
2026-07-26 13:09:24,108 - hybrid_pipeline - INFO - Tile tile_x16896_y3072: 核心遮罩全空 → 空白 placeholder
2026-07-26 13:09:24,110 - hybrid_pipeline - INFO - [117/576] 已回收 tile_x16128_y3072
2026-07-26 13:09:24,115 - hybrid_pipeline - INFO - [118/576] 已回收 tile_x0_y3840
2026-07-26 13:09:24,129 - hybrid_pipeline - INFO - [119/576] 已回收 tile_x16896_y3072
2026-07-26 13:09:24,137 - hybrid_pipeline - INFO - Tile tile_x768_y3840: 核心遮罩全空 → 空白 placeholder
2026-07-26 13:09:24,144 - hybrid_pipeline - INFO - Tile tile_x1536_y3840: 核心遮罩全空 → 空白 placeholder
2026-07-26 13:09:24,159 - hybrid_pipeline - INFO - Tile tile_x2304_y3840: 核心遮罩全空 → 空白 placeholder
2026-07-26 13:09:24,167 - hybrid_pipeline - INFO - [120/576] 已回收 tile_x768_y3840
2026-07-26 13:09:24,185 - hybrid_pipeline - INFO - [121/576] 已回收 tile_x1536_y3840
2026-07-26 13:09:24,194 - hybrid_pipeline - INFO - [122/576] 已回收 tile_x2304_y3840
2026-07-26 13:09:24,196 - hybrid_pipeline - INFO - Tile tile_x4608_y3840: 核心遮罩全空 → 空白 placeholder
2026-07-26 13:09:24,214 - hybrid_pipeline - INFO - Tile tile_x6144_y3840: 核心遮罩全空 → 空白 placeholder
2026-07-26 13:09:24,216 - hybrid_pipeline - INFO - [123/576] 已回收 tile_x4608_y3840
2026-07-26 13:09:24,223 - hybrid_pipeline - INFO - Tile tile_x5376_y3840: 核心遮罩全空 → 空白 placeholder
2026-07-26 13:09:24,248 - hybrid_pipeline - INFO - Tile tile_x3840_y3840: 核心遮罩全空 → 空白 placeholder
2026-07-26 13:09:24,257 - hybrid_pipeline - INFO - [124/576] 已回收 tile_x6144_y3840
2026-07-26 13:09:24,278 - hybrid_pipeline - INFO - [125/576] 已回收 tile_x5376_y3840
2026-07-26 13:09:24,286 - hybrid_pipeline - INFO - Tile tile_x3072_y3840: 核心遮罩全空 → 空白 placeholder
2026-07-26 13:09:24,295 - hybrid_pipeline - INFO - [126/576] 已回收 tile_x3840_y3840
2026-07-26 13:09:24,307 - hybrid_pipeline - INFO - Tile tile_x6912_y3840: 核心遮罩全空 → 空白 placeholder
2026-07-26 13:09:24,323 - hybrid_pipeline - INFO - Tile tile_x7680_y3840: 核心遮罩全空 → 空白 placeholder
2026-07-26 13:09:24,332 - hybrid_pipeline - INFO - [127/576] 已回收 tile_x3072_y3840
2026-07-26 13:09:24,359 - hybrid_pipeline - INFO - [128/576] 已回收 tile_x6912_y3840
2026-07-26 13:09:24,360 - hybrid_pipeline - INFO - Tile tile_x11520_y3840: 核心遮罩全空 → 空白 placeholder
2026-07-26 13:09:24,378 - hybrid_pipeline - INFO - [129/576] 已回收 tile_x7680_y3840
2026-07-26 13:09:24,387 - hybrid_pipeline - INFO - Tile tile_x13056_y3840: 核心遮罩全空 → 空白 placeholder
2026-07-26 13:09:24,391 - hybrid_pipeline - INFO - [130/576] 已回收 tile_x11520_y3840
2026-07-26 13:09:24,413 - hybrid_pipeline - INFO - Tile tile_x8448_y3840: 核心遮罩全空 → 空白 placeholder
2026-07-26 13:09:24,416 - hybrid_pipeline - INFO - Tile tile_x12288_y3840: 核心遮罩全空 → 空白 placeholder
2026-07-26 13:09:24,421 - hybrid_pipeline - INFO - [131/576] 已回收 tile_x13056_y3840
2026-07-26 13:09:24,446 - hybrid_pipeline - INFO - [132/576] 已回收 tile_x8448_y3840
2026-07-26 13:09:24,449 - hybrid_pipeline - INFO - Tile tile_x9216_y3840: 核心遮罩全空 → 空白 placeholder
2026-07-26 13:09:24,458 - hybrid_pipeline - INFO - [133/576] 已回收 tile_x12288_y3840
2026-07-26 13:09:24,473 - hybrid_pipeline - INFO - [134/576] 已回收 tile_x9216_y3840
2026-07-26 13:09:24,478 - hybrid_pipeline - INFO - Tile tile_x9984_y3840: 核心遮罩全空 → 空白 placeholder
2026-07-26 13:09:24,488 - hybrid_pipeline - INFO - Tile tile_x10752_y3840: 核心遮罩全空 → 空白 placeholder
2026-07-26 13:09:24,497 - hybrid_pipeline - INFO - [135/576] 已回收 tile_x9984_y3840
2026-07-26 13:09:24,504 - hybrid_pipeline - INFO - Tile tile_x13824_y3840: 核心遮罩全空 → 空白 placeholder
2026-07-26 13:09:24,526 - hybrid_pipeline - INFO - Tile tile_x16896_y3840: 核心遮罩全空 → 空白 placeholder
2026-07-26 13:09:24,539 - hybrid_pipeline - INFO - [136/576] 已回收 tile_x10752_y3840
2026-07-26 13:09:24,566 - hybrid_pipeline - INFO - Tile tile_x16128_y3840: 核心遮罩全空 → 空白 placeholder
2026-07-26 13:09:24,581 - hybrid_pipeline - INFO - [137/576] 已回收 tile_x16896_y3840
2026-07-26 13:09:24,610 - hybrid_pipeline - INFO - Tile tile_x14592_y3840: 核心遮罩全空 → 空白 placeholder
2026-07-26 13:09:24,613 - hybrid_pipeline - INFO - [138/576] 已回收 tile_x16128_y3840
2026-07-26 13:09:24,644 - hybrid_pipeline - INFO - Tile tile_x17664_y3840: 核心遮罩全空 → 空白 placeholder
2026-07-26 13:09:24,658 - hybrid_pipeline - INFO - [139/576] 已回收 tile_x14592_y3840
2026-07-26 13:09:24,682 - hybrid_pipeline - INFO - [140/576] 已回收 tile_x17664_y3840
2026-07-26 13:09:24,687 - hybrid_pipeline - INFO - Tile tile_x0_y4608: 核心遮罩全空 → 空白 placeholder
2026-07-26 13:09:24,710 - hybrid_pipeline - INFO - Tile tile_x768_y4608: 核心遮罩全空 → 空白 placeholder
2026-07-26 13:09:24,742 - hybrid_pipeline - INFO - [141/576] 已回收 tile_x0_y4608
2026-07-26 13:09:24,757 - hybrid_pipeline - INFO - [142/576] 已回收 tile_x768_y4608
2026-07-26 13:09:24,770 - hybrid_pipeline - INFO - Tile tile_x1536_y4608: 核心遮罩全空 → 空白 placeholder
2026-07-26 13:09:24,784 - hybrid_pipeline - INFO - Tile tile_x3072_y4608: 核心遮罩全空 → 空白 placeholder
2026-07-26 13:09:24,807 - hybrid_pipeline - INFO - [143/576] 已回收 tile_x1536_y4608
2026-07-26 13:09:24,821 - hybrid_pipeline - INFO - [144/576] 已回收 tile_x3072_y4608
2026-07-26 13:09:24,836 - hybrid_pipeline - INFO - Tile tile_x5376_y4608: 核心遮罩全空 → 空白 placeholder
2026-07-26 13:09:24,852 - hybrid_pipeline - INFO - Tile tile_x4608_y4608: 核心遮罩全空 → 空白 placeholder
2026-07-26 13:09:24,854 - hybrid_pipeline - INFO - [145/576] 已回收 tile_x5376_y4608
2026-07-26 13:09:24,869 - hybrid_pipeline - INFO - [146/576] 已回收 tile_x4608_y4608
2026-07-26 13:09:24,883 - hybrid_pipeline - INFO - Tile tile_x2304_y4608: 核心遮罩全空 → 空白 placeholder
2026-07-26 13:09:24,897 - hybrid_pipeline - INFO - Tile tile_x3840_y4608: 核心遮罩全空 → 空白 placeholder
2026-07-26 13:09:24,907 - hybrid_pipeline - INFO - [147/576] 已回收 tile_x2304_y4608
2026-07-26 13:09:24,920 - hybrid_pipeline - INFO - [148/576] 已回收 tile_x3840_y4608
2026-07-26 13:09:24,935 - hybrid_pipeline - INFO - Tile tile_x6144_y4608: 核心遮罩全空 → 空白 placeholder
2026-07-26 13:09:24,947 - hybrid_pipeline - INFO - Tile tile_x6912_y4608: 核心遮罩全空 → 空白 placeholder
2026-07-26 13:09:24,970 - hybrid_pipeline - INFO - [149/576] 已回收 tile_x6144_y4608
2026-07-26 13:09:24,997 - hybrid_pipeline - INFO - [150/576] 已回收 tile_x6912_y4608
2026-07-26 13:09:24,999 - hybrid_pipeline - INFO - Tile tile_x7680_y4608: 核心遮罩全空 → 空白 placeholder
2026-07-26 13:09:25,025 - hybrid_pipeline - INFO - Tile tile_x11520_y4608: 核心遮罩全空 → 空白 placeholder
2026-07-26 13:09:25,037 - hybrid_pipeline - INFO - [151/576] 已回收 tile_x7680_y4608
2026-07-26 13:09:25,069 - hybrid_pipeline - INFO - Tile tile_x8448_y4608: 核心遮罩全空 → 空白 placeholder
2026-07-26 13:09:25,071 - hybrid_pipeline - INFO - [152/576] 已回收 tile_x11520_y4608
2026-07-26 13:09:25,099 - hybrid_pipeline - INFO - Tile tile_x9984_y4608: 核心遮罩全空 → 空白 placeholder
2026-07-26 13:09:25,109 - hybrid_pipeline - INFO - [153/576] 已回收 tile_x8448_y4608
2026-07-26 13:09:25,137 - hybrid_pipeline - INFO - Tile tile_x9216_y4608: 核心遮罩全空 → 空白 placeholder
2026-07-26 13:09:25,150 - hybrid_pipeline - INFO - [154/576] 已回收 tile_x9984_y4608
2026-07-26 13:09:25,169 - hybrid_pipeline - INFO - [155/576] 已回收 tile_x9216_y4608
2026-07-26 13:09:25,180 - hybrid_pipeline - INFO - Tile tile_x12288_y4608: 核心遮罩全空 → 空白 placeholder
2026-07-26 13:09:25,191 - hybrid_pipeline - INFO - [156/576] 已回收 tile_x12288_y4608
2026-07-26 13:09:25,194 - hybrid_pipeline - INFO - Tile tile_x10752_y4608: 核心遮罩全空 → 空白 placeholder
2026-07-26 13:09:25,211 - hybrid_pipeline - INFO - [157/576] 已回收 tile_x10752_y4608
2026-07-26 13:09:25,220 - hybrid_pipeline - INFO - Tile tile_x13056_y4608: 核心遮罩全空 → 空白 placeholder
2026-07-26 13:09:25,232 - hybrid_pipeline - INFO - [158/576] 已回收 tile_x13056_y4608
2026-07-26 13:09:25,239 - hybrid_pipeline - INFO - Tile tile_x13824_y4608: 核心遮罩全空 → 空白 placeholder
2026-07-26 13:09:25,260 - hybrid_pipeline - INFO - Tile tile_x16128_y4608: 核心遮罩全空 → 空白 placeholder
2026-07-26 13:09:25,281 - hybrid_pipeline - INFO - [159/576] 已回收 tile_x13824_y4608
2026-07-26 13:09:25,306 - hybrid_pipeline - INFO - [160/576] 已回收 tile_x16128_y4608
2026-07-26 13:09:25,312 - hybrid_pipeline - INFO - Tile tile_x16896_y4608: 核心遮罩全空 → 空白 placeholder
2026-07-26 13:09:25,334 - hybrid_pipeline - INFO - Tile tile_x15360_y4608: 核心遮罩全空 → 空白 placeholder
2026-07-26 13:09:25,354 - hybrid_pipeline - INFO - [161/576] 已回收 tile_x16896_y4608
2026-07-26 13:09:25,382 - hybrid_pipeline - INFO - Tile tile_x14592_y4608: 核心遮罩全空 → 空白 placeholder
2026-07-26 13:09:25,387 - hybrid_pipeline - INFO - [162/576] 已回收 tile_x15360_y4608
2026-07-26 13:09:25,415 - hybrid_pipeline - INFO - Tile tile_x17664_y4608: 核心遮罩全空 → 空白 placeholder
2026-07-26 13:09:25,426 - hybrid_pipeline - INFO - [163/576] 已回收 tile_x14592_y4608
2026-07-26 13:09:25,457 - hybrid_pipeline - INFO - Tile tile_x0_y5376: 核心遮罩全空 → 空白 placeholder
2026-07-26 13:09:25,458 - hybrid_pipeline - INFO - [164/576] 已回收 tile_x17664_y4608
2026-07-26 13:09:25,487 - hybrid_pipeline - INFO - Tile tile_x768_y5376: 核心遮罩全空 → 空白 placeholder
2026-07-26 13:09:25,576 - hybrid_pipeline - INFO - [165/576] 已回收 tile_x17664_y3072
2026-07-26 13:09:25,611 - m3_module.m3_cells_generator - INFO - All-positive 標註完成: 3 個細胞
2026-07-26 13:09:25,644 - m3_module.m3_cells_generator - INFO - enlarge_cell_instances: 3 顆細胞, factor=1.50(面積), 中位半徑=18.4px, 外擴=4.1px
2026-07-26 13:09:25,770 - m3_module.m3_dot_detection - INFO - detect_all_dots: 紅點=0, 黑點=0, 涉及細胞=3
2026-07-26 13:09:25,811 - m4_module.cell_crops - INFO - 匯出 1 張 per-cell 影像至 /data/taro_Projects/tsgh/output/r7_run/cell_crops/tile_x15360_y3072/cells
2026-07-26 13:09:25,811 - hybrid_pipeline - INFO - Tile tile_x15360_y3072 完成: 核心擁有 1 細胞 (1 陽性), 1.81 秒
2026-07-26 13:09:25,812 - hybrid_pipeline - INFO - [166/576] 已回收 tile_x15360_y3072
2026-07-26 13:09:25,842 - hybrid_pipeline - INFO - Tile tile_x3072_y5376: 核心遮罩全空 → 空白 placeholder
2026-07-26 13:09:25,851 - hybrid_pipeline - INFO - [167/576] 已回收 tile_x3072_y5376
2026-07-26 13:09:25,877 - hybrid_pipeline - INFO - Tile tile_x3840_y5376: 核心遮罩全空 → 空白 placeholder
2026-07-26 13:09:25,898 - hybrid_pipeline - INFO - [168/576] 已回收 tile_x3840_y5376
2026-07-26 13:09:25,925 - hybrid_pipeline - INFO - Tile tile_x4608_y5376: 核心遮罩全空 → 空白 placeholder
2026-07-26 13:09:25,927 - hybrid_pipeline - INFO - [169/576] 已回收 tile_x13824_y3840
2026-07-26 13:09:25,953 - m3_module.m3_cells_generator - INFO - All-positive 標註完成: 2 個細胞
2026-07-26 13:09:25,978 - hybrid_pipeline - INFO - [170/576] 已回收 tile_x4608_y5376
2026-07-26 13:09:25,987 - m3_module.m3_cells_generator - INFO - enlarge_cell_instances: 2 顆細胞, factor=1.50(面積), 中位半徑=19.3px, 外擴=4.3px
2026-07-26 13:09:26,007 - hybrid_pipeline - INFO - Tile tile_x5376_y5376: 核心遮罩全空 → 空白 placeholder
2026-07-26 13:09:26,061 - hybrid_pipeline - INFO - [171/576] 已回收 tile_x5376_y5376
2026-07-26 13:09:26,089 - hybrid_pipeline - INFO - Tile tile_x6912_y5376: 核心遮罩全空 → 空白 placeholder
2026-07-26 13:09:26,115 - m3_module.m3_dot_detection - INFO - detect_all_dots: 紅點=0, 黑點=0, 涉及細胞=2
2026-07-26 13:09:26,133 - hybrid_pipeline - INFO - [172/576] 已回收 tile_x6912_y5376
2026-07-26 13:09:26,155 - m4_module.cell_crops - INFO - 匯出 1 張 per-cell 影像至 /data/taro_Projects/tsgh/output/r7_run/cell_crops/tile_x15360_y3840/cells
2026-07-26 13:09:26,155 - hybrid_pipeline - INFO - Tile tile_x15360_y3840 完成: 核心擁有 1 細胞 (1 陽性), 1.68 秒
2026-07-26 13:09:26,155 - hybrid_pipeline - INFO - [173/576] 已回收 tile_x15360_y3840
2026-07-26 13:09:26,161 - hybrid_pipeline - INFO - Tile tile_x7680_y5376: 核心遮罩全空 → 空白 placeholder
2026-07-26 13:09:26,171 - hybrid_pipeline - INFO - [174/576] 已回收 tile_x7680_y5376
2026-07-26 13:09:26,187 - hybrid_pipeline - INFO - Tile tile_x6144_y5376: 核心遮罩全空 → 空白 placeholder
2026-07-26 13:09:26,201 - hybrid_pipeline - INFO - Tile tile_x8448_y5376: 核心遮罩全空 → 空白 placeholder
2026-07-26 13:09:26,202 - hybrid_pipeline - INFO - [175/576] 已回收 tile_x6144_y5376
2026-07-26 13:09:26,217 - hybrid_pipeline - INFO - [176/576] 已回收 tile_x8448_y5376
2026-07-26 13:09:26,238 - hybrid_pipeline - INFO - Tile tile_x10752_y5376: 核心遮罩全空 → 空白 placeholder
2026-07-26 13:09:26,247 - hybrid_pipeline - INFO - Tile tile_x9984_y5376: 核心遮罩全空 → 空白 placeholder
2026-07-26 13:09:26,260 - hybrid_pipeline - INFO - [177/576] 已回收 tile_x10752_y5376
2026-07-26 13:09:26,265 - hybrid_pipeline - INFO - [178/576] 已回收 tile_x9984_y5376
2026-07-26 13:09:26,285 - hybrid_pipeline - INFO - Tile tile_x9216_y5376: 核心遮罩全空 → 空白 placeholder
2026-07-26 13:09:26,295 - hybrid_pipeline - INFO - Tile tile_x11520_y5376: 核心遮罩全空 → 空白 placeholder
2026-07-26 13:09:26,316 - hybrid_pipeline - INFO - [179/576] 已回收 tile_x9216_y5376
2026-07-26 13:09:26,323 - hybrid_pipeline - INFO - [180/576] 已回收 tile_x11520_y5376
2026-07-26 13:09:26,341 - hybrid_pipeline - INFO - Tile tile_x13056_y5376: 核心遮罩全空 → 空白 placeholder
2026-07-26 13:09:26,351 - hybrid_pipeline - INFO - Tile tile_x12288_y5376: 核心遮罩全空 → 空白 placeholder
2026-07-26 13:09:26,369 - hybrid_pipeline - INFO - [181/576] 已回收 tile_x13056_y5376
2026-07-26 13:09:26,376 - hybrid_pipeline - INFO - [182/576] 已回收 tile_x12288_y5376
2026-07-26 13:09:26,398 - hybrid_pipeline - INFO - Tile tile_x16128_y5376: 核心遮罩全空 → 空白 placeholder
2026-07-26 13:09:26,405 - hybrid_pipeline - INFO - Tile tile_x17664_y5376: 核心遮罩全空 → 空白 placeholder
2026-07-26 13:09:26,421 - hybrid_pipeline - INFO - [183/576] 已回收 tile_x16128_y5376
2026-07-26 13:09:26,428 - hybrid_pipeline - INFO - [184/576] 已回收 tile_x17664_y5376
2026-07-26 13:09:26,451 - hybrid_pipeline - INFO - Tile tile_x16896_y5376: 核心遮罩全空 → 空白 placeholder
2026-07-26 13:09:26,456 - hybrid_pipeline - INFO - Tile tile_x13824_y5376: 核心遮罩全空 → 空白 placeholder
2026-07-26 13:09:26,469 - hybrid_pipeline - INFO - [185/576] 已回收 tile_x16896_y5376
2026-07-26 13:09:26,498 - hybrid_pipeline - INFO - Tile tile_x15360_y5376: 核心遮罩全空 → 空白 placeholder
2026-07-26 13:09:26,509 - hybrid_pipeline - INFO - [186/576] 已回收 tile_x15360_y5376
2026-07-26 13:09:26,539 - hybrid_pipeline - INFO - Tile tile_x14592_y5376: 核心遮罩全空 → 空白 placeholder
2026-07-26 13:09:27,030 - hybrid_pipeline - INFO - [187/576] 已回收 tile_x0_y5376
2026-07-26 13:09:27,060 - m3_module.m3_cells_generator - INFO - All-positive 標註完成: 6 個細胞
2026-07-26 13:09:27,063 - hybrid_pipeline - INFO - [188/576] 已回收 tile_x768_y5376
2026-07-26 13:09:27,093 - m3_module.m3_cells_generator - INFO - All-positive 標註完成: 5 個細胞
2026-07-26 13:09:27,096 - m3_module.m3_cells_generator - INFO - enlarge_cell_instances: 6 顆細胞, factor=1.50(面積), 中位半徑=16.8px, 外擴=3.8px
2026-07-26 13:09:27,130 - m3_module.m3_cells_generator - INFO - enlarge_cell_instances: 5 顆細胞, factor=1.50(面積), 中位半徑=17.3px, 外擴=3.9px
2026-07-26 13:09:27,230 - m3_module.m3_dot_detection - INFO - detect_all_dots: 紅點=0, 黑點=0, 涉及細胞=6
2026-07-26 13:09:27,262 - m3_module.m3_dot_detection - INFO - detect_all_dots: 紅點=0, 黑點=0, 涉及細胞=5
2026-07-26 13:09:27,275 - m4_module.cell_crops - INFO - 匯出 4 張 per-cell 影像至 /data/taro_Projects/tsgh/output/r7_run/cell_crops/tile_x1536_y5376/cells
2026-07-26 13:09:27,276 - hybrid_pipeline - INFO - Tile tile_x1536_y5376 完成: 核心擁有 4 細胞 (4 陽性), 1.85 秒
2026-07-26 13:09:27,276 - hybrid_pipeline - INFO - [189/576] 已回收 tile_x1536_y5376
2026-07-26 13:09:27,300 - hybrid_pipeline - INFO - Tile tile_x4608_y6144: 核心遮罩全空 → 空白 placeholder
2026-07-26 13:09:27,304 - m4_module.cell_crops - INFO - 匯出 2 張 per-cell 影像至 /data/taro_Projects/tsgh/output/r7_run/cell_crops/tile_x2304_y5376/cells
2026-07-26 13:09:27,305 - hybrid_pipeline - INFO - Tile tile_x2304_y5376 完成: 核心擁有 2 細胞 (2 陽性), 1.85 秒
2026-07-26 13:09:27,305 - hybrid_pipeline - INFO - [190/576] 已回收 tile_x2304_y5376
2026-07-26 13:09:27,313 - hybrid_pipeline - INFO - [191/576] 已回收 tile_x4608_y6144
2026-07-26 13:09:27,330 - hybrid_pipeline - INFO - Tile tile_x1536_y6144: 核心遮罩全空 → 空白 placeholder
2026-07-26 13:09:27,340 - hybrid_pipeline - INFO - [192/576] 已回收 tile_x13824_y5376
2026-07-26 13:09:27,342 - hybrid_pipeline - INFO - Tile tile_x3840_y6144: 核心遮罩全空 → 空白 placeholder
2026-07-26 13:09:27,365 - m3_module.m3_cells_generator - INFO - All-positive 標註完成: 10 個細胞
2026-07-26 13:09:27,370 - hybrid_pipeline - INFO - [193/576] 已回收 tile_x1536_y6144
2026-07-26 13:09:27,380 - hybrid_pipeline - INFO - [194/576] 已回收 tile_x3840_y6144
2026-07-26 13:09:27,401 - hybrid_pipeline - INFO - Tile tile_x3072_y6144: 核心遮罩全空 → 空白 placeholder
2026-07-26 13:09:27,401 - m3_module.m3_cells_generator - INFO - enlarge_cell_instances: 10 顆細胞, factor=1.50(面積), 中位半徑=19.1px, 外擴=4.3px
2026-07-26 13:09:27,408 - hybrid_pipeline - INFO - Tile tile_x2304_y6144: 核心遮罩全空 → 空白 placeholder
2026-07-26 13:09:27,424 - hybrid_pipeline - INFO - [195/576] 已回收 tile_x3072_y6144
2026-07-26 13:09:27,426 - m3_module.m3_elastic_matching - INFO - elastic_dish_nucleus_matching(overlap-first): IHC=10, DISH=2, matched(1核)=0 (其中重疊=0), drop-out(競爭落敗)=0, 無候選(計入)=10, factor=1.50, min_reach=20.0
2026-07-26 13:09:27,426 - hybrid_pipeline - INFO - [196/576] 已回收 tile_x14592_y5376
2026-07-26 13:09:27,431 - hybrid_pipeline - INFO - [197/576] 已回收 tile_x2304_y6144
2026-07-26 13:09:27,455 - hybrid_pipeline - INFO - Tile tile_x6144_y6144: 核心遮罩全空 → 空白 placeholder
2026-07-26 13:09:27,457 - m3_module.m3_cells_generator - INFO - All-positive 標註完成: 22 個細胞
2026-07-26 13:09:27,457 - hybrid_pipeline - INFO - Tile tile_x6912_y6144: 核心遮罩全空 → 空白 placeholder
2026-07-26 13:09:27,497 - m3_module.m3_cells_generator - INFO - enlarge_cell_instances: 22 顆細胞, factor=1.50(面積), 中位半徑=20.6px, 外擴=4.6px
2026-07-26 13:09:27,498 - hybrid_pipeline - INFO - [198/576] 已回收 tile_x6144_y6144
2026-07-26 13:09:27,509 - hybrid_pipeline - INFO - [199/576] 已回收 tile_x6912_y6144
2026-07-26 13:09:27,524 - m3_module.m3_elastic_matching - INFO - elastic_dish_nucleus_matching(overlap-first): IHC=22, DISH=1, matched(1核)=0 (其中重疊=0), drop-out(競爭落敗)=0, 無候選(計入)=22, factor=1.50, min_reach=20.0
2026-07-26 13:09:27,527 - hybrid_pipeline - INFO - Tile tile_x7680_y6144: 核心遮罩全空 → 空白 placeholder
2026-07-26 13:09:27,537 - hybrid_pipeline - INFO - Tile tile_x11520_y6144: 核心遮罩全空 → 空白 placeholder
2026-07-26 13:09:27,541 - m3_module.m3_dot_detection - INFO - detect_all_dots: 紅點=0, 黑點=0, 涉及細胞=10
2026-07-26 13:09:27,545 - hybrid_pipeline - INFO - [200/576] 已回收 tile_x7680_y6144
2026-07-26 13:09:27,555 - hybrid_pipeline - INFO - [201/576] 已回收 tile_x11520_y6144
2026-07-26 13:09:27,574 - hybrid_pipeline - INFO - Tile tile_x9216_y6144: 核心遮罩全空 → 空白 placeholder
2026-07-26 13:09:27,584 - hybrid_pipeline - INFO - Tile tile_x12288_y6144: 核心遮罩全空 → 空白 placeholder
2026-07-26 13:09:27,589 - hybrid_pipeline - INFO - [202/576] 已回收 tile_x9216_y6144
2026-07-26 13:09:27,601 - hybrid_pipeline - INFO - [203/576] 已回收 tile_x12288_y6144
2026-07-26 13:09:27,616 - m4_module.cell_crops - INFO - 匯出 1 張 per-cell 影像至 /data/taro_Projects/tsgh/output/r7_run/cell_crops/tile_x0_y6144/cells
2026-07-26 13:09:27,616 - hybrid_pipeline - INFO - Tile tile_x0_y6144 完成: 核心擁有 1 細胞 (1 陽性), 1.19 秒
2026-07-26 13:09:27,617 - hybrid_pipeline - INFO - [204/576] 已回收 tile_x0_y6144
2026-07-26 13:09:27,617 - hybrid_pipeline - INFO - Tile tile_x9984_y6144: 核心遮罩全空 → 空白 placeholder
2026-07-26 13:09:27,631 - hybrid_pipeline - INFO - Tile tile_x10752_y6144: 核心遮罩全空 → 空白 placeholder
2026-07-26 13:09:27,640 - m3_module.m3_dot_detection - INFO - detect_all_dots: 紅點=0, 黑點=0, 涉及細胞=22
2026-07-26 13:09:27,646 - hybrid_pipeline - INFO - [205/576] 已回收 tile_x9984_y6144
2026-07-26 13:09:27,646 - hybrid_pipeline - INFO - Tile tile_x5376_y6144: 核心遮罩全空 → 空白 placeholder
2026-07-26 13:09:27,659 - hybrid_pipeline - INFO - [206/576] 已回收 tile_x10752_y6144
2026-07-26 13:09:27,674 - hybrid_pipeline - INFO - Tile tile_x13056_y6144: 核心遮罩全空 → 空白 placeholder
2026-07-26 13:09:27,676 - hybrid_pipeline - INFO - [207/576] 已回收 tile_x5376_y6144
2026-07-26 13:09:27,688 - hybrid_pipeline - INFO - Tile tile_x16128_y6144: 核心遮罩全空 → 空白 placeholder
2026-07-26 13:09:27,703 - hybrid_pipeline - INFO - Tile tile_x17664_y6144: 核心遮罩全空 → 空白 placeholder
2026-07-26 13:09:27,707 - hybrid_pipeline - INFO - [208/576] 已回收 tile_x13056_y6144
2026-07-26 13:09:27,717 - m4_module.cell_crops - INFO - 匯出 12 張 per-cell 影像至 /data/taro_Projects/tsgh/output/r7_run/cell_crops/tile_x768_y6144/cells
2026-07-26 13:09:27,717 - hybrid_pipeline - INFO - Tile tile_x768_y6144 完成: 核心擁有 12 細胞 (12 陽性), 1.21 秒
2026-07-26 13:09:27,718 - hybrid_pipeline - INFO - [209/576] 已回收 tile_x768_y6144
2026-07-26 13:09:27,720 - hybrid_pipeline - INFO - [210/576] 已回收 tile_x16128_y6144
2026-07-26 13:09:27,736 - hybrid_pipeline - INFO - Tile tile_x13824_y6144: 核心遮罩全空 → 空白 placeholder
2026-07-26 13:09:27,737 - hybrid_pipeline - INFO - [211/576] 已回收 tile_x17664_y6144
2026-07-26 13:09:27,744 - hybrid_pipeline - INFO - Tile tile_x8448_y6144: 核心遮罩全空 → 空白 placeholder
2026-07-26 13:09:27,752 - hybrid_pipeline - INFO - Tile tile_x14592_y6144: 核心遮罩全空 → 空白 placeholder
2026-07-26 13:09:27,765 - hybrid_pipeline - INFO - Tile tile_x16896_y6144: 核心遮罩全空 → 空白 placeholder
2026-07-26 13:09:27,804 - hybrid_pipeline - INFO - [212/576] 已回收 tile_x8448_y6144
2026-07-26 13:09:27,835 - hybrid_pipeline - INFO - Tile tile_x15360_y6144: 核心遮罩全空 → 空白 placeholder
2026-07-26 13:09:27,843 - hybrid_pipeline - INFO - [213/576] 已回收 tile_x15360_y6144
2026-07-26 13:09:27,872 - hybrid_pipeline - INFO - Tile tile_x3840_y6912: 核心遮罩全空 → 空白 placeholder
2026-07-26 13:09:28,785 - hybrid_pipeline - INFO - [214/576] 已回收 tile_x13824_y6144
2026-07-26 13:09:28,813 - m3_module.m3_cells_generator - INFO - All-positive 標註完成: 23 個細胞
2026-07-26 13:09:28,833 - hybrid_pipeline - INFO - [215/576] 已回收 tile_x16896_y6144
2026-07-26 13:09:28,852 - m3_module.m3_cells_generator - INFO - enlarge_cell_instances: 23 顆細胞, factor=1.50(面積), 中位半徑=18.0px, 外擴=4.0px
2026-07-26 13:09:28,862 - m3_module.m3_cells_generator - INFO - All-positive 標註完成: 3 個細胞
2026-07-26 13:09:28,877 - m3_module.m3_elastic_matching - INFO - elastic_dish_nucleus_matching(overlap-first): IHC=23, DISH=17, matched(1核)=1 (其中重疊=1), drop-out(競爭落敗)=0, 無候選(計入)=22, factor=1.50, min_reach=20.0
2026-07-26 13:09:28,892 - m3_module.m3_cells_generator - INFO - enlarge_cell_instances: 3 顆細胞, factor=1.50(面積), 中位半徑=15.4px, 外擴=3.5px
2026-07-26 13:09:28,953 - hybrid_pipeline - INFO - [216/576] 已回收 tile_x14592_y6144
2026-07-26 13:09:28,982 - m3_module.m3_cells_generator - INFO - All-positive 標註完成: 46 個細胞
2026-07-26 13:09:28,997 - m3_module.m3_dot_detection - INFO - detect_all_dots: 紅點=0, 黑點=0, 涉及細胞=23
2026-07-26 13:09:29,030 - m3_module.m3_cells_generator - INFO - enlarge_cell_instances: 46 顆細胞, factor=1.50(面積), 中位半徑=22.0px, 外擴=4.9px
2026-07-26 13:09:29,032 - m3_module.m3_dot_detection - INFO - detect_all_dots: 紅點=0, 黑點=0, 涉及細胞=3
2026-07-26 13:09:29,062 - m3_module.m3_elastic_matching - INFO - elastic_dish_nucleus_matching(overlap-first): IHC=46, DISH=244, matched(1核)=16 (其中重疊=16), drop-out(競爭落敗)=0, 無候選(計入)=30, factor=1.50, min_reach=20.0
2026-07-26 13:09:29,073 - m4_module.cell_crops - INFO - 匯出 0 張 per-cell 影像至 /data/taro_Projects/tsgh/output/r7_run/cell_crops/tile_x1536_y6912/cells
2026-07-26 13:09:29,073 - hybrid_pipeline - INFO - Tile tile_x1536_y6912 完成: 核心擁有 0 細胞 (0 陽性), 1.34 秒
2026-07-26 13:09:29,073 - hybrid_pipeline - INFO - [217/576] 已回收 tile_x1536_y6912
2026-07-26 13:09:29,102 - hybrid_pipeline - INFO - Tile tile_x5376_y6912: 核心遮罩全空 → 空白 placeholder
2026-07-26 13:09:29,105 - m4_module.cell_crops - INFO - 匯出 10 張 per-cell 影像至 /data/taro_Projects/tsgh/output/r7_run/cell_crops/tile_x0_y6912/cells
2026-07-26 13:09:29,105 - hybrid_pipeline - INFO - Tile tile_x0_y6912 完成: 核心擁有 10 細胞 (10 陽性), 1.40 秒
2026-07-26 13:09:29,106 - hybrid_pipeline - INFO - [218/576] 已回收 tile_x0_y6912
2026-07-26 13:09:29,130 - hybrid_pipeline - INFO - Tile tile_x4608_y6912: 核心遮罩全空 → 空白 placeholder
2026-07-26 13:09:29,131 - hybrid_pipeline - INFO - [219/576] 已回收 tile_x5376_y6912
2026-07-26 13:09:29,159 - hybrid_pipeline - INFO - Tile tile_x6144_y6912: 核心遮罩全空 → 空白 placeholder
2026-07-26 13:09:29,177 - hybrid_pipeline - INFO - [220/576] 已回收 tile_x4608_y6912
2026-07-26 13:09:29,184 - m3_module.m3_dot_detection - INFO - detect_all_dots: 紅點=0, 黑點=0, 涉及細胞=46
2026-07-26 13:09:29,185 - hybrid_pipeline - INFO - [221/576] 已回收 tile_x3840_y6912
2026-07-26 13:09:29,201 - hybrid_pipeline - INFO - [222/576] 已回收 tile_x6144_y6912
2026-07-26 13:09:29,204 - hybrid_pipeline - INFO - Tile tile_x6912_y6912: 核心遮罩全空 → 空白 placeholder
2026-07-26 13:09:29,211 - m3_module.m3_cells_generator - INFO - All-positive 標註完成: 6 個細胞
2026-07-26 13:09:29,229 - hybrid_pipeline - INFO - Tile tile_x7680_y6912: 核心遮罩全空 → 空白 placeholder
2026-07-26 13:09:29,241 - m3_module.m3_cells_generator - INFO - enlarge_cell_instances: 6 顆細胞, factor=1.50(面積), 中位半徑=24.4px, 外擴=5.5px
2026-07-26 13:09:29,260 - hybrid_pipeline - INFO - [223/576] 已回收 tile_x6912_y6912
2026-07-26 13:09:29,269 - m3_module.m3_elastic_matching - INFO - elastic_dish_nucleus_matching(overlap-first): IHC=6, DISH=319, matched(1核)=6 (其中重疊=6), drop-out(競爭落敗)=0, 無候選(計入)=0, factor=1.50, min_reach=20.0
2026-07-26 13:09:29,291 - hybrid_pipeline - INFO - [224/576] 已回收 tile_x7680_y6912
2026-07-26 13:09:29,293 - hybrid_pipeline - INFO - Tile tile_x11520_y6912: 核心遮罩全空 → 空白 placeholder
2026-07-26 13:09:29,321 - hybrid_pipeline - INFO - Tile tile_x10752_y6912: 核心遮罩全空 → 空白 placeholder
2026-07-26 13:09:29,331 - m4_module.cell_crops - INFO - 匯出 31 張 per-cell 影像至 /data/taro_Projects/tsgh/output/r7_run/cell_crops/tile_x768_y6912/cells
2026-07-26 13:09:29,331 - hybrid_pipeline - INFO - Tile tile_x768_y6912 完成: 核心擁有 31 細胞 (31 陽性), 1.61 秒
2026-07-26 13:09:29,331 - hybrid_pipeline - INFO - [225/576] 已回收 tile_x11520_y6912
2026-07-26 13:09:29,344 - hybrid_pipeline - INFO - [226/576] 已回收 tile_x10752_y6912
2026-07-26 13:09:29,360 - hybrid_pipeline - INFO - Tile tile_x8448_y6912: 核心遮罩全空 → 空白 placeholder
2026-07-26 13:09:29,374 - hybrid_pipeline - INFO - Tile tile_x9984_y6912: 核心遮罩全空 → 空白 placeholder
2026-07-26 13:09:29,380 - hybrid_pipeline - INFO - [227/576] 已回收 tile_x8448_y6912
2026-07-26 13:09:29,386 - m3_module.m3_dot_detection - INFO - detect_all_dots: 紅點=0, 黑點=0, 涉及細胞=6
2026-07-26 13:09:29,390 - hybrid_pipeline - INFO - [228/576] 已回收 tile_x9984_y6912
2026-07-26 13:09:29,411 - hybrid_pipeline - INFO - Tile tile_x9216_y6912: 核心遮罩全空 → 空白 placeholder
2026-07-26 13:09:29,417 - hybrid_pipeline - INFO - Tile tile_x13056_y6912: 核心遮罩全空 → 空白 placeholder
2026-07-26 13:09:29,435 - hybrid_pipeline - INFO - [229/576] 已回收 tile_x9216_y6912
2026-07-26 13:09:29,447 - hybrid_pipeline - INFO - [230/576] 已回收 tile_x13056_y6912
2026-07-26 13:09:29,460 - m4_module.cell_crops - INFO - 匯出 0 張 per-cell 影像至 /data/taro_Projects/tsgh/output/r7_run/cell_crops/tile_x3072_y6912/cells
2026-07-26 13:09:29,460 - hybrid_pipeline - INFO - Tile tile_x3072_y6912 完成: 核心擁有 0 細胞 (0 陽性), 1.62 秒
2026-07-26 13:09:29,461 - hybrid_pipeline - INFO - [231/576] 已回收 tile_x3072_y6912
2026-07-26 13:09:29,466 - hybrid_pipeline - INFO - Tile tile_x16128_y6912: 核心遮罩全空 → 空白 placeholder
2026-07-26 13:09:29,477 - hybrid_pipeline - INFO - Tile tile_x15360_y6912: 核心遮罩全空 → 空白 placeholder
2026-07-26 13:09:29,489 - hybrid_pipeline - INFO - Tile tile_x12288_y6912: 核心遮罩全空 → 空白 placeholder
2026-07-26 13:09:29,490 - hybrid_pipeline - INFO - [232/576] 已回收 tile_x16128_y6912
2026-07-26 13:09:29,504 - hybrid_pipeline - INFO - [233/576] 已回收 tile_x15360_y6912
2026-07-26 13:09:29,519 - hybrid_pipeline - INFO - Tile tile_x14592_y6912: 核心遮罩全空 → 空白 placeholder
2026-07-26 13:09:29,528 - hybrid_pipeline - INFO - [234/576] 已回收 tile_x12288_y6912
2026-07-26 13:09:29,532 - hybrid_pipeline - INFO - Tile tile_x16896_y6912: 核心遮罩全空 → 空白 placeholder
2026-07-26 13:09:29,548 - hybrid_pipeline - INFO - [235/576] 已回收 tile_x14592_y6912
2026-07-26 13:09:29,558 - hybrid_pipeline - INFO - Tile tile_x13824_y6912: 核心遮罩全空 → 空白 placeholder
2026-07-26 13:09:29,578 - hybrid_pipeline - INFO - Tile tile_x17664_y6912: 核心遮罩全空 → 空白 placeholder
2026-07-26 13:09:30,234 - hybrid_pipeline - INFO - [236/576] 已回收 tile_x768_y6912
2026-07-26 13:09:30,258 - m3_module.m3_cells_generator - INFO - All-positive 標註完成: 20 個細胞
2026-07-26 13:09:30,298 - m3_module.m3_cells_generator - INFO - enlarge_cell_instances: 20 顆細胞, factor=1.50(面積), 中位半徑=24.5px, 外擴=5.5px
2026-07-26 13:09:30,333 - m3_module.m3_elastic_matching - INFO - elastic_dish_nucleus_matching(overlap-first): IHC=20, DISH=618, matched(1核)=20 (其中重疊=20), drop-out(競爭落敗)=0, 無候選(計入)=0, factor=1.50, min_reach=20.0
2026-07-26 13:09:30,457 - m3_module.m3_dot_detection - INFO - detect_all_dots: 紅點=0, 黑點=0, 涉及細胞=20
2026-07-26 13:09:30,505 - hybrid_pipeline - INFO - [237/576] 已回收 tile_x16896_y6912
2026-07-26 13:09:30,533 - m3_module.m3_cells_generator - INFO - All-positive 標註完成: 14 個細胞
2026-07-26 13:09:30,560 - m4_module.cell_crops - INFO - 匯出 8 張 per-cell 影像至 /data/taro_Projects/tsgh/output/r7_run/cell_crops/tile_x2304_y6912/cells
2026-07-26 13:09:30,561 - hybrid_pipeline - INFO - Tile tile_x2304_y6912 完成: 核心擁有 8 細胞 (8 陽性), 1.61 秒
2026-07-26 13:09:30,573 - m3_module.m3_cells_generator - INFO - enlarge_cell_instances: 14 顆細胞, factor=1.50(面積), 中位半徑=15.2px, 外擴=3.4px
2026-07-26 13:09:30,600 - m3_module.m3_elastic_matching - INFO - elastic_dish_nucleus_matching(overlap-first): IHC=14, DISH=1, matched(1核)=1 (其中重疊=1), drop-out(競爭落敗)=1, 無候選(計入)=12, factor=1.50, min_reach=20.0
2026-07-26 13:09:30,651 - hybrid_pipeline - INFO - [238/576] 已回收 tile_x17664_y6912
2026-07-26 13:09:30,680 - hybrid_pipeline - INFO - [239/576] 已回收 tile_x13824_y6912
2026-07-26 13:09:30,680 - m3_module.m3_cells_generator - INFO - All-positive 標註完成: 70 個細胞
2026-07-26 13:09:30,712 - m3_module.m3_cells_generator - INFO - All-positive 標註完成: 52 個細胞
2026-07-26 13:09:30,723 - m3_module.m3_dot_detection - INFO - detect_all_dots: 紅點=0, 黑點=1, 涉及細胞=14
2026-07-26 13:09:30,735 - m3_module.m3_cells_generator - INFO - enlarge_cell_instances: 70 顆細胞, factor=1.50(面積), 中位半徑=22.6px, 外擴=5.1px
2026-07-26 13:09:30,762 - m3_module.m3_cells_generator - INFO - enlarge_cell_instances: 52 顆細胞, factor=1.50(面積), 中位半徑=22.0px, 外擴=4.9px
2026-07-26 13:09:30,767 - m3_module.m3_elastic_matching - INFO - elastic_dish_nucleus_matching(overlap-first): IHC=70, DISH=127, matched(1核)=15 (其中重疊=15), drop-out(競爭落敗)=3, 無候選(計入)=52, factor=1.50, min_reach=20.0
2026-07-26 13:09:30,793 - m3_module.m3_elastic_matching - INFO - elastic_dish_nucleus_matching(overlap-first): IHC=52, DISH=210, matched(1核)=20 (其中重疊=18), drop-out(競爭落敗)=2, 無候選(計入)=30, factor=1.50, min_reach=20.0
2026-07-26 13:09:30,796 - m4_module.cell_crops - INFO - 匯出 2 張 per-cell 影像至 /data/taro_Projects/tsgh/output/r7_run/cell_crops/tile_x0_y7680/cells
2026-07-26 13:09:30,796 - hybrid_pipeline - INFO - Tile tile_x0_y7680 完成: 核心擁有 2 細胞 (2 陽性), 1.29 秒
2026-07-26 13:09:30,895 - m3_module.m3_dot_detection - INFO - detect_all_dots: 紅點=1, 黑點=2, 涉及細胞=70
2026-07-26 13:09:30,917 - m3_module.m3_dot_detection - INFO - detect_all_dots: 紅點=0, 黑點=1, 涉及細胞=52
2026-07-26 13:09:31,017 - hybrid_pipeline - INFO - [240/576] 已回收 tile_x2304_y6912
2026-07-26 13:09:31,044 - m3_module.m3_cells_generator - INFO - All-positive 標註完成: 125 個細胞
2026-07-26 13:09:31,066 - m4_module.cell_crops - INFO - 匯出 15 張 per-cell 影像至 /data/taro_Projects/tsgh/output/r7_run/cell_crops/tile_x768_y7680/cells
2026-07-26 13:09:31,067 - hybrid_pipeline - INFO - Tile tile_x768_y7680 完成: 核心擁有 15 細胞 (15 陽性), 1.54 秒
2026-07-26 13:09:31,067 - hybrid_pipeline - INFO - [241/576] 已回收 tile_x768_y7680
2026-07-26 13:09:31,098 - hybrid_pipeline - INFO - Tile tile_x4608_y7680: 核心遮罩全空 → 空白 placeholder
2026-07-26 13:09:31,100 - m3_module.m3_cells_generator - INFO - enlarge_cell_instances: 125 顆細胞, factor=1.50(面積), 中位半徑=23.0px, 外擴=5.2px
2026-07-26 13:09:31,127 - m4_module.cell_crops - INFO - 匯出 44 張 per-cell 影像至 /data/taro_Projects/tsgh/output/r7_run/cell_crops/tile_x1536_y7680/cells
2026-07-26 13:09:31,127 - hybrid_pipeline - INFO - Tile tile_x1536_y7680 完成: 核心擁有 44 細胞 (44 陽性), 1.58 秒
2026-07-26 13:09:31,128 - hybrid_pipeline - INFO - [242/576] 已回收 tile_x1536_y7680
2026-07-26 13:09:31,128 - hybrid_pipeline - INFO - [243/576] 已回收 tile_x4608_y7680
2026-07-26 13:09:31,130 - m3_module.m3_elastic_matching - INFO - elastic_dish_nucleus_matching(overlap-first): IHC=125, DISH=44, matched(1核)=10 (其中重疊=10), drop-out(競爭落敗)=8, 無候選(計入)=107, factor=1.50, min_reach=20.0
2026-07-26 13:09:31,156 - hybrid_pipeline - INFO - Tile tile_x3840_y7680: 核心遮罩全空 → 空白 placeholder
2026-07-26 13:09:31,157 - hybrid_pipeline - INFO - Tile tile_x6144_y7680: 核心遮罩全空 → 空白 placeholder
2026-07-26 13:09:31,213 - hybrid_pipeline - INFO - [244/576] 已回收 tile_x3840_y7680
2026-07-26 13:09:31,222 - hybrid_pipeline - INFO - [245/576] 已回收 tile_x6144_y7680
2026-07-26 13:09:31,243 - hybrid_pipeline - INFO - Tile tile_x6912_y7680: 核心遮罩全空 → 空白 placeholder
2026-07-26 13:09:31,249 - hybrid_pipeline - INFO - Tile tile_x7680_y7680: 核心遮罩全空 → 空白 placeholder
2026-07-26 13:09:31,263 - m3_module.m3_dot_detection - INFO - detect_all_dots: 紅點=0, 黑點=1, 涉及細胞=125
2026-07-26 13:09:31,289 - hybrid_pipeline - INFO - [246/576] 已回收 tile_x6912_y7680
2026-07-26 13:09:31,301 - hybrid_pipeline - INFO - [247/576] 已回收 tile_x7680_y7680
2026-07-26 13:09:31,317 - hybrid_pipeline - INFO - Tile tile_x8448_y7680: 核心遮罩全空 → 空白 placeholder
2026-07-26 13:09:31,329 - hybrid_pipeline - INFO - Tile tile_x11520_y7680: 核心遮罩全空 → 空白 placeholder
2026-07-26 13:09:31,366 - hybrid_pipeline - INFO - [248/576] 已回收 tile_x8448_y7680
2026-07-26 13:09:31,381 - hybrid_pipeline - INFO - [249/576] 已回收 tile_x11520_y7680
2026-07-26 13:09:31,396 - hybrid_pipeline - INFO - Tile tile_x9216_y7680: 核心遮罩全空 → 空白 placeholder
2026-07-26 13:09:31,399 - hybrid_pipeline - INFO - [250/576] 已回收 tile_x0_y7680
2026-07-26 13:09:31,411 - hybrid_pipeline - INFO - [251/576] 已回收 tile_x9216_y7680
2026-07-26 13:09:31,415 - hybrid_pipeline - INFO - Tile tile_x9984_y7680: 核心遮罩全空 → 空白 placeholder
2026-07-26 13:09:31,428 - m3_module.m3_cells_generator - INFO - All-positive 標註完成: 66 個細胞
2026-07-26 13:09:31,430 - cellpose.dynamics - INFO - No cell pixels found.
2026-07-26 13:09:31,438 - hybrid_pipeline - INFO - [252/576] 已回收 tile_x9984_y7680
2026-07-26 13:09:31,440 - hybrid_pipeline - INFO - Tile tile_x10752_y7680: 核心遮罩全空 → 空白 placeholder
2026-07-26 13:09:31,468 - hybrid_pipeline - INFO - Tile tile_x12288_y7680: 核心遮罩全空 → 空白 placeholder
2026-07-26 13:09:31,471 - m3_module.m3_cells_generator - INFO - enlarge_cell_instances: 66 顆細胞, factor=1.50(面積), 中位半徑=22.8px, 外擴=5.1px
2026-07-26 13:09:31,476 - hybrid_pipeline - INFO - [253/576] 已回收 tile_x10752_y7680
2026-07-26 13:09:31,487 - hybrid_pipeline - INFO - [254/576] 已回收 tile_x12288_y7680
2026-07-26 13:09:31,499 - m3_module.m3_elastic_matching - INFO - elastic_dish_nucleus_matching(overlap-first): IHC=66, DISH=5, matched(1核)=2 (其中重疊=2), drop-out(競爭落敗)=1, 無候選(計入)=63, factor=1.50, min_reach=20.0
2026-07-26 13:09:31,506 - hybrid_pipeline - INFO - Tile tile_x14592_y7680: 核心遮罩全空 → 空白 placeholder
2026-07-26 13:09:31,515 - hybrid_pipeline - INFO - Tile tile_x13824_y7680: 核心遮罩全空 → 空白 placeholder
2026-07-26 13:09:31,527 - hybrid_pipeline - INFO - [255/576] 已回收 tile_x14592_y7680
2026-07-26 13:09:31,534 - hybrid_pipeline - INFO - [256/576] 已回收 tile_x13824_y7680
2026-07-26 13:09:31,557 - hybrid_pipeline - INFO - Tile tile_x15360_y7680: 核心遮罩全空 → 空白 placeholder
2026-07-26 13:09:31,560 - m4_module.cell_crops - INFO - 匯出 73 張 per-cell 影像至 /data/taro_Projects/tsgh/output/r7_run/cell_crops/tile_x2304_y7680/cells
2026-07-26 13:09:31,560 - hybrid_pipeline - INFO - Tile tile_x2304_y7680 完成: 核心擁有 73 細胞 (73 陽性), 1.33 秒
2026-07-26 13:09:31,563 - hybrid_pipeline - INFO - Tile tile_x16128_y7680: 核心遮罩全空 → 空白 placeholder
2026-07-26 13:09:31,575 - hybrid_pipeline - INFO - [257/576] 已回收 tile_x15360_y7680
2026-07-26 13:09:31,603 - hybrid_pipeline - INFO - Tile tile_x17664_y7680: 核心遮罩全空 → 空白 placeholder
2026-07-26 13:09:31,611 - hybrid_pipeline - INFO - [258/576] 已回收 tile_x16128_y7680
2026-07-26 13:09:31,618 - m3_module.m3_dot_detection - INFO - detect_all_dots: 紅點=0, 黑點=0, 涉及細胞=66
2026-07-26 13:09:31,639 - hybrid_pipeline - INFO - Tile tile_x16896_y7680: 核心遮罩全空 → 空白 placeholder
2026-07-26 13:09:31,780 - m4_module.cell_crops - INFO - 匯出 31 張 per-cell 影像至 /data/taro_Projects/tsgh/output/r7_run/cell_crops/tile_x3072_y7680/cells
2026-07-26 13:09:31,780 - hybrid_pipeline - INFO - Tile tile_x3072_y7680 完成: 核心擁有 31 細胞 (31 陽性), 1.27 秒
2026-07-26 13:09:31,780 - hybrid_pipeline - INFO - [259/576] 已回收 tile_x3072_y7680
2026-07-26 13:09:31,805 - hybrid_pipeline - INFO - Tile tile_x13056_y7680: 核心遮罩全空 → 空白 placeholder
2026-07-26 13:09:31,900 - hybrid_pipeline - INFO - [260/576] 已回收 tile_x2304_y7680
2026-07-26 13:09:31,906 - m3_module.m3_cells_generator - INFO - All-positive 標註完成: 0 個細胞
2026-07-26 13:09:32,050 - m3_module.m3_dot_detection - INFO - detect_all_dots: 紅點=0, 黑點=0, 涉及細胞=0
2026-07-26 13:09:32,083 - m4_module.cell_crops - INFO - 匯出 0 張 per-cell 影像至 /data/taro_Projects/tsgh/output/r7_run/cell_crops/tile_x5376_y7680/cells
2026-07-26 13:09:32,083 - hybrid_pipeline - INFO - Tile tile_x5376_y7680 完成: 核心擁有 0 細胞 (0 陽性), 1.07 秒
2026-07-26 13:09:32,601 - hybrid_pipeline - INFO - [261/576] 已回收 tile_x17664_y7680
2026-07-26 13:09:32,628 - m3_module.m3_cells_generator - INFO - All-positive 標註完成: 112 個細胞
2026-07-26 13:09:32,682 - hybrid_pipeline - INFO - [262/576] 已回收 tile_x16896_y7680
2026-07-26 13:09:32,685 - m3_module.m3_cells_generator - INFO - enlarge_cell_instances: 112 顆細胞, factor=1.50(面積), 中位半徑=26.0px, 外擴=5.9px
2026-07-26 13:09:32,715 - m3_module.m3_cells_generator - INFO - All-positive 標註完成: 41 個細胞
2026-07-26 13:09:32,720 - m3_module.m3_elastic_matching - INFO - elastic_dish_nucleus_matching(overlap-first): IHC=112, DISH=21, matched(1核)=20 (其中重疊=20), drop-out(競爭落敗)=6, 無候選(計入)=86, factor=1.50, min_reach=20.0
2026-07-26 13:09:32,734 - hybrid_pipeline - INFO - [263/576] 已回收 tile_x13056_y7680
2026-07-26 13:09:32,762 - m3_module.m3_cells_generator - INFO - enlarge_cell_instances: 41 顆細胞, factor=1.50(面積), 中位半徑=19.6px, 外擴=4.4px
2026-07-26 13:09:32,771 - m3_module.m3_cells_generator - INFO - All-positive 標註完成: 99 個細胞
2026-07-26 13:09:32,790 - m3_module.m3_elastic_matching - INFO - elastic_dish_nucleus_matching(overlap-first): IHC=41, DISH=10, matched(1核)=10 (其中重疊=10), drop-out(競爭落敗)=7, 無候選(計入)=24, factor=1.50, min_reach=20.0
2026-07-26 13:09:32,828 - m3_module.m3_cells_generator - INFO - enlarge_cell_instances: 99 顆細胞, factor=1.50(面積), 中位半徑=26.0px, 外擴=5.8px
2026-07-26 13:09:32,840 - hybrid_pipeline - INFO - [264/576] 已回收 tile_x5376_y7680
2026-07-26 13:09:32,859 - m3_module.m3_elastic_matching - INFO - elastic_dish_nucleus_matching(overlap-first): IHC=99, DISH=8, matched(1核)=7 (其中重疊=7), drop-out(競爭落敗)=5, 無候選(計入)=87, factor=1.50, min_reach=20.0
2026-07-26 13:09:32,874 - m3_module.m3_cells_generator - INFO - All-positive 標註完成: 105 個細胞
2026-07-26 13:09:32,924 - m3_module.m3_dot_detection - INFO - detect_all_dots: 紅點=25, 黑點=35, 涉及細胞=112
2026-07-26 13:09:32,933 - m3_module.m3_cells_generator - INFO - enlarge_cell_instances: 105 顆細胞, factor=1.50(面積), 中位半徑=24.7px, 外擴=5.5px
2026-07-26 13:09:32,961 - m3_module.m3_elastic_matching - INFO - elastic_dish_nucleus_matching(overlap-first): IHC=105, DISH=14, matched(1核)=13 (其中重疊=13), drop-out(競爭落敗)=6, 無候選(計入)=86, factor=1.50, min_reach=20.0
2026-07-26 13:09:32,961 - m3_module.m3_dot_detection - INFO - detect_all_dots: 紅點=18, 黑點=27, 涉及細胞=41
2026-07-26 13:09:32,995 - m3_module.m3_dot_detection - INFO - detect_all_dots: 紅點=5, 黑點=7, 涉及細胞=99
2026-07-26 13:09:33,099 - m3_module.m3_dot_detection - INFO - detect_all_dots: 紅點=6, 黑點=7, 涉及細胞=105
2026-07-26 13:09:33,122 - m4_module.cell_crops - INFO - 匯出 15 張 per-cell 影像至 /data/taro_Projects/tsgh/output/r7_run/cell_crops/tile_x0_y8448/cells
2026-07-26 13:09:33,123 - hybrid_pipeline - INFO - Tile tile_x0_y8448 完成: 核心擁有 15 細胞 (15 陽性), 1.51 秒
2026-07-26 13:09:33,239 - m4_module.cell_crops - INFO - 匯出 70 張 per-cell 影像至 /data/taro_Projects/tsgh/output/r7_run/cell_crops/tile_x768_y8448/cells
2026-07-26 13:09:33,239 - hybrid_pipeline - INFO - Tile tile_x768_y8448 完成: 核心擁有 70 細胞 (70 陽性), 1.66 秒
2026-07-26 13:09:33,277 - m4_module.cell_crops - INFO - 匯出 65 張 per-cell 影像至 /data/taro_Projects/tsgh/output/r7_run/cell_crops/tile_x1536_y8448/cells
2026-07-26 13:09:33,277 - hybrid_pipeline - INFO - Tile tile_x1536_y8448 完成: 核心擁有 65 細胞 (65 陽性), 1.50 秒
2026-07-26 13:09:33,278 - hybrid_pipeline - INFO - [265/576] 已回收 tile_x1536_y8448
2026-07-26 13:09:33,308 - hybrid_pipeline - INFO - Tile tile_x4608_y8448: 核心遮罩全空 → 空白 placeholder
2026-07-26 13:09:33,354 - hybrid_pipeline - INFO - [266/576] 已回收 tile_x4608_y8448
2026-07-26 13:09:33,383 - hybrid_pipeline - INFO - Tile tile_x6912_y8448: 核心遮罩全空 → 空白 placeholder
2026-07-26 13:09:33,396 - hybrid_pipeline - INFO - [267/576] 已回收 tile_x6912_y8448
2026-07-26 13:09:33,409 - m4_module.cell_crops - INFO - 匯出 62 張 per-cell 影像至 /data/taro_Projects/tsgh/output/r7_run/cell_crops/tile_x3072_y8448/cells
2026-07-26 13:09:33,409 - hybrid_pipeline - INFO - Tile tile_x3072_y8448 完成: 核心擁有 62 細胞 (62 陽性), 1.51 秒
2026-07-26 13:09:33,410 - hybrid_pipeline - INFO - [268/576] 已回收 tile_x3072_y8448
2026-07-26 13:09:33,424 - hybrid_pipeline - INFO - Tile tile_x6144_y8448: 核心遮罩全空 → 空白 placeholder
2026-07-26 13:09:33,436 - hybrid_pipeline - INFO - Tile tile_x5376_y8448: 核心遮罩全空 → 空白 placeholder
2026-07-26 13:09:33,448 - hybrid_pipeline - INFO - [269/576] 已回收 tile_x6144_y8448
2026-07-26 13:09:33,475 - hybrid_pipeline - INFO - Tile tile_x10752_y8448: 核心遮罩全空 → 空白 placeholder
2026-07-26 13:09:33,477 - hybrid_pipeline - INFO - [270/576] 已回收 tile_x5376_y8448
2026-07-26 13:09:33,505 - hybrid_pipeline - INFO - [271/576] 已回收 tile_x10752_y8448
2026-07-26 13:09:33,509 - hybrid_pipeline - INFO - Tile tile_x7680_y8448: 核心遮罩全空 → 空白 placeholder
2026-07-26 13:09:33,523 - hybrid_pipeline - INFO - [272/576] 已回收 tile_x7680_y8448
2026-07-26 13:09:33,526 - hybrid_pipeline - INFO - [273/576] 已回收 tile_x768_y8448
2026-07-26 13:09:33,534 - hybrid_pipeline - INFO - Tile tile_x11520_y8448: 核心遮罩全空 → 空白 placeholder
2026-07-26 13:09:33,544 - hybrid_pipeline - INFO - [274/576] 已回收 tile_x11520_y8448
2026-07-26 13:09:33,554 - hybrid_pipeline - INFO - Tile tile_x9984_y8448: 核心遮罩全空 → 空白 placeholder
2026-07-26 13:09:33,556 - hybrid_pipeline - INFO - [275/576] 已回收 tile_x0_y8448
2026-07-26 13:09:33,556 - m3_module.m3_cells_generator - INFO - All-positive 標註完成: 124 個細胞
2026-07-26 13:09:33,573 - hybrid_pipeline - INFO - Tile tile_x9216_y8448: 核心遮罩全空 → 空白 placeholder
2026-07-26 13:09:33,582 - m3_module.m3_cells_generator - INFO - All-positive 標註完成: 15 個細胞
2026-07-26 13:09:33,602 - hybrid_pipeline - INFO - [276/576] 已回收 tile_x9984_y8448
2026-07-26 13:09:33,612 - m3_module.m3_cells_generator - INFO - enlarge_cell_instances: 124 顆細胞, factor=1.50(面積), 中位半徑=24.2px, 外擴=5.4px
2026-07-26 13:09:33,619 - m3_module.m3_cells_generator - INFO - enlarge_cell_instances: 15 顆細胞, factor=1.50(面積), 中位半徑=23.6px, 外擴=5.3px
2026-07-26 13:09:33,623 - hybrid_pipeline - INFO - [277/576] 已回收 tile_x9216_y8448
2026-07-26 13:09:33,633 - hybrid_pipeline - INFO - Tile tile_x8448_y8448: 核心遮罩全空 → 空白 placeholder
2026-07-26 13:09:33,643 - m3_module.m3_elastic_matching - INFO - elastic_dish_nucleus_matching(overlap-first): IHC=124, DISH=13, matched(1核)=12 (其中重疊=12), drop-out(競爭落敗)=5, 無候選(計入)=107, factor=1.50, min_reach=20.0
2026-07-26 13:09:33,645 - m3_module.m3_elastic_matching - INFO - elastic_dish_nucleus_matching(overlap-first): IHC=15, DISH=4, matched(1核)=3 (其中重疊=3), drop-out(競爭落敗)=1, 無候選(計入)=11, factor=1.50, min_reach=20.0
2026-07-26 13:09:33,652 - hybrid_pipeline - INFO - [278/576] 已回收 tile_x8448_y8448
2026-07-26 13:09:33,652 - hybrid_pipeline - INFO - Tile tile_x13056_y8448: 核心遮罩全空 → 空白 placeholder
2026-07-26 13:09:33,665 - hybrid_pipeline - INFO - [279/576] 已回收 tile_x13056_y8448
2026-07-26 13:09:33,685 - hybrid_pipeline - INFO - Tile tile_x16128_y8448: 核心遮罩全空 → 空白 placeholder
2026-07-26 13:09:33,696 - hybrid_pipeline - INFO - Tile tile_x13824_y8448: 核心遮罩全空 → 空白 placeholder
2026-07-26 13:09:33,704 - hybrid_pipeline - INFO - [280/576] 已回收 tile_x16128_y8448
2026-07-26 13:09:33,712 - hybrid_pipeline - INFO - [281/576] 已回收 tile_x13824_y8448
2026-07-26 13:09:33,738 - hybrid_pipeline - INFO - Tile tile_x16896_y8448: 核心遮罩全空 → 空白 placeholder
2026-07-26 13:09:33,741 - hybrid_pipeline - INFO - Tile tile_x17664_y8448: 核心遮罩全空 → 空白 placeholder
2026-07-26 13:09:33,749 - hybrid_pipeline - INFO - [282/576] 已回收 tile_x16896_y8448
2026-07-26 13:09:33,772 - m3_module.m3_dot_detection - INFO - detect_all_dots: 紅點=1, 黑點=0, 涉及細胞=15
2026-07-26 13:09:33,779 - hybrid_pipeline - INFO - Tile tile_x14592_y8448: 核心遮罩全空 → 空白 placeholder
2026-07-26 13:09:33,802 - m3_module.m3_dot_detection - INFO - detect_all_dots: 紅點=9, 黑點=14, 涉及細胞=124
2026-07-26 13:09:33,864 - m4_module.cell_crops - INFO - 匯出 0 張 per-cell 影像至 /data/taro_Projects/tsgh/output/r7_run/cell_crops/tile_x3840_y8448/cells
2026-07-26 13:09:33,864 - hybrid_pipeline - INFO - Tile tile_x3840_y8448 完成: 核心擁有 0 細胞 (0 陽性), 1.18 秒
2026-07-26 13:09:33,864 - hybrid_pipeline - INFO - [283/576] 已回收 tile_x3840_y8448
2026-07-26 13:09:33,892 - hybrid_pipeline - INFO - Tile tile_x15360_y8448: 核心遮罩全空 → 空白 placeholder
2026-07-26 13:09:34,178 - m4_module.cell_crops - INFO - 匯出 61 張 per-cell 影像至 /data/taro_Projects/tsgh/output/r7_run/cell_crops/tile_x2304_y8448/cells
2026-07-26 13:09:34,178 - hybrid_pipeline - INFO - Tile tile_x2304_y8448 完成: 核心擁有 61 細胞 (61 陽性), 1.58 秒
2026-07-26 13:09:34,178 - hybrid_pipeline - INFO - [284/576] 已回收 tile_x2304_y8448
2026-07-26 13:09:34,203 - hybrid_pipeline - INFO - Tile tile_x12288_y8448: 核心遮罩全空 → 空白 placeholder
2026-07-26 13:09:34,623 - hybrid_pipeline - INFO - [285/576] 已回收 tile_x17664_y8448
2026-07-26 13:09:34,653 - m3_module.m3_cells_generator - INFO - All-positive 標註完成: 36 個細胞
2026-07-26 13:09:34,700 - m3_module.m3_cells_generator - INFO - enlarge_cell_instances: 36 顆細胞, factor=1.50(面積), 中位半徑=23.7px, 外擴=5.3px
2026-07-26 13:09:34,731 - m3_module.m3_elastic_matching - INFO - elastic_dish_nucleus_matching(overlap-first): IHC=36, DISH=3, matched(1核)=1 (其中重疊=1), drop-out(競爭落敗)=0, 無候選(計入)=35, factor=1.50, min_reach=20.0
2026-07-26 13:09:34,771 - hybrid_pipeline - INFO - [286/576] 已回收 tile_x14592_y8448
2026-07-26 13:09:34,782 - hybrid_pipeline - INFO - [287/576] 已回收 tile_x15360_y8448
2026-07-26 13:09:34,803 - m3_module.m3_cells_generator - INFO - All-positive 標註完成: 73 個細胞
2026-07-26 13:09:34,813 - m3_module.m3_cells_generator - INFO - All-positive 標註完成: 68 個細胞
2026-07-26 13:09:34,854 - m3_module.m3_cells_generator - INFO - enlarge_cell_instances: 73 顆細胞, factor=1.50(面積), 中位半徑=21.9px, 外擴=4.9px
2026-07-26 13:09:34,859 - m3_module.m3_dot_detection - INFO - detect_all_dots: 紅點=0, 黑點=0, 涉及細胞=36
2026-07-26 13:09:34,866 - m3_module.m3_cells_generator - INFO - enlarge_cell_instances: 68 顆細胞, factor=1.50(面積), 中位半徑=23.2px, 外擴=5.2px
2026-07-26 13:09:34,882 - m3_module.m3_elastic_matching - INFO - elastic_dish_nucleus_matching(overlap-first): IHC=73, DISH=34, matched(1核)=13 (其中重疊=13), drop-out(競爭落敗)=3, 無候選(計入)=57, factor=1.50, min_reach=20.0
2026-07-26 13:09:34,896 - m3_module.m3_elastic_matching - INFO - elastic_dish_nucleus_matching(overlap-first): IHC=68, DISH=14, matched(1核)=10 (其中重疊=10), drop-out(競爭落敗)=4, 無候選(計入)=54, factor=1.50, min_reach=20.0
2026-07-26 13:09:35,009 - m4_module.cell_crops - INFO - 匯出 16 張 per-cell 影像至 /data/taro_Projects/tsgh/output/r7_run/cell_crops/tile_x768_y9216/cells
2026-07-26 13:09:35,009 - hybrid_pipeline - INFO - Tile tile_x768_y9216 完成: 核心擁有 16 細胞 (16 陽性), 1.30 秒
2026-07-26 13:09:35,048 - m3_module.m3_dot_detection - INFO - detect_all_dots: 紅點=11, 黑點=17, 涉及細胞=68
2026-07-26 13:09:35,049 - m3_module.m3_dot_detection - INFO - detect_all_dots: 紅點=15, 黑點=27, 涉及細胞=73
2026-07-26 13:09:35,176 - hybrid_pipeline - INFO - [288/576] 已回收 tile_x12288_y8448
2026-07-26 13:09:35,205 - m3_module.m3_cells_generator - INFO - All-positive 標註完成: 55 個細胞
2026-07-26 13:09:35,249 - m3_module.m3_cells_generator - INFO - enlarge_cell_instances: 55 顆細胞, factor=1.50(面積), 中位半徑=20.7px, 外擴=4.7px
2026-07-26 13:09:35,275 - m3_module.m3_elastic_matching - INFO - elastic_dish_nucleus_matching(overlap-first): IHC=55, DISH=10, matched(1核)=6 (其中重疊=6), drop-out(競爭落敗)=5, 無候選(計入)=44, factor=1.50, min_reach=20.0
2026-07-26 13:09:35,295 - m4_module.cell_crops - INFO - 匯出 42 張 per-cell 影像至 /data/taro_Projects/tsgh/output/r7_run/cell_crops/tile_x2304_y9216/cells
2026-07-26 13:09:35,295 - hybrid_pipeline - INFO - Tile tile_x2304_y9216 完成: 核心擁有 42 細胞 (42 陽性), 1.43 秒
2026-07-26 13:09:35,324 - m4_module.cell_crops - INFO - 匯出 61 張 per-cell 影像至 /data/taro_Projects/tsgh/output/r7_run/cell_crops/tile_x0_y9216/cells
2026-07-26 13:09:35,324 - hybrid_pipeline - INFO - Tile tile_x0_y9216 完成: 核心擁有 61 細胞 (61 陽性), 1.57 秒
2026-07-26 13:09:35,324 - hybrid_pipeline - INFO - [289/576] 已回收 tile_x0_y9216
2026-07-26 13:09:35,352 - hybrid_pipeline - INFO - Tile tile_x5376_y9216: 核心遮罩全空 → 空白 placeholder
2026-07-26 13:09:35,380 - hybrid_pipeline - INFO - [290/576] 已回收 tile_x5376_y9216
2026-07-26 13:09:35,409 - hybrid_pipeline - INFO - Tile tile_x6912_y9216: 核心遮罩全空 → 空白 placeholder
2026-07-26 13:09:35,414 - m3_module.m3_dot_detection - INFO - detect_all_dots: 紅點=6, 黑點=6, 涉及細胞=55
2026-07-26 13:09:35,446 - hybrid_pipeline - INFO - [291/576] 已回收 tile_x6912_y9216
2026-07-26 13:09:35,476 - hybrid_pipeline - INFO - Tile tile_x6144_y9216: 核心遮罩全空 → 空白 placeholder
2026-07-26 13:09:35,480 - hybrid_pipeline - INFO - [292/576] 已回收 tile_x768_y9216
2026-07-26 13:09:35,487 - hybrid_pipeline - INFO - [293/576] 已回收 tile_x6144_y9216
2026-07-26 13:09:35,509 - m3_module.m3_cells_generator - INFO - All-positive 標註完成: 72 個細胞
2026-07-26 13:09:35,517 - hybrid_pipeline - INFO - Tile tile_x9216_y9216: 核心遮罩全空 → 空白 placeholder
2026-07-26 13:09:35,542 - hybrid_pipeline - INFO - [294/576] 已回收 tile_x9216_y9216
2026-07-26 13:09:35,559 - m3_module.m3_cells_generator - INFO - enlarge_cell_instances: 72 顆細胞, factor=1.50(面積), 中位半徑=23.5px, 外擴=5.3px
2026-07-26 13:09:35,571 - hybrid_pipeline - INFO - Tile tile_x9984_y9216: 核心遮罩全空 → 空白 placeholder
2026-07-26 13:09:35,579 - hybrid_pipeline - INFO - [295/576] 已回收 tile_x9984_y9216
2026-07-26 13:09:35,587 - m3_module.m3_elastic_matching - INFO - elastic_dish_nucleus_matching(overlap-first): IHC=72, DISH=4, matched(1核)=4 (其中重疊=4), drop-out(競爭落敗)=3, 無候選(計入)=65, factor=1.50, min_reach=20.0
2026-07-26 13:09:35,602 - m4_module.cell_crops - INFO - 匯出 32 張 per-cell 影像至 /data/taro_Projects/tsgh/output/r7_run/cell_crops/tile_x1536_y9216/cells
2026-07-26 13:09:35,602 - hybrid_pipeline - INFO - Tile tile_x1536_y9216 完成: 核心擁有 32 細胞 (32 陽性), 1.42 秒
2026-07-26 13:09:35,602 - hybrid_pipeline - INFO - [296/576] 已回收 tile_x1536_y9216
2026-07-26 13:09:35,610 - hybrid_pipeline - INFO - Tile tile_x10752_y9216: 核心遮罩全空 → 空白 placeholder
2026-07-26 13:09:35,617 - hybrid_pipeline - INFO - [297/576] 已回收 tile_x2304_y9216
2026-07-26 13:09:35,619 - hybrid_pipeline - INFO - [298/576] 已回收 tile_x10752_y9216
2026-07-26 13:09:35,630 - hybrid_pipeline - INFO - Tile tile_x4608_y9216: 核心遮罩全空 → 空白 placeholder
2026-07-26 13:09:35,644 - m3_module.m3_cells_generator - INFO - All-positive 標註完成: 27 個細胞
2026-07-26 13:09:35,651 - hybrid_pipeline - INFO - Tile tile_x8448_y9216: 核心遮罩全空 → 空白 placeholder
2026-07-26 13:09:35,656 - hybrid_pipeline - INFO - [299/576] 已回收 tile_x4608_y9216
2026-07-26 13:09:35,683 - hybrid_pipeline - INFO - Tile tile_x11520_y9216: 核心遮罩全空 → 空白 placeholder
2026-07-26 13:09:35,685 - m3_module.m3_cells_generator - INFO - enlarge_cell_instances: 27 顆細胞, factor=1.50(面積), 中位半徑=24.3px, 外擴=5.5px
2026-07-26 13:09:35,694 - hybrid_pipeline - INFO - [300/576] 已回收 tile_x8448_y9216
2026-07-26 13:09:35,706 - hybrid_pipeline - INFO - [301/576] 已回收 tile_x11520_y9216
2026-07-26 13:09:35,711 - m3_module.m3_elastic_matching - INFO - elastic_dish_nucleus_matching(overlap-first): IHC=27, DISH=1, matched(1核)=1 (其中重疊=1), drop-out(競爭落敗)=0, 無候選(計入)=26, factor=1.50, min_reach=20.0
2026-07-26 13:09:35,722 - hybrid_pipeline - INFO - Tile tile_x13056_y9216: 核心遮罩全空 → 空白 placeholder
2026-07-26 13:09:35,726 - m3_module.m3_dot_detection - INFO - detect_all_dots: 紅點=6, 黑點=7, 涉及細胞=72
2026-07-26 13:09:35,733 - hybrid_pipeline - INFO - Tile tile_x15360_y9216: 核心遮罩全空 → 空白 placeholder
2026-07-26 13:09:35,737 - hybrid_pipeline - INFO - [302/576] 已回收 tile_x13056_y9216
2026-07-26 13:09:35,749 - hybrid_pipeline - INFO - [303/576] 已回收 tile_x15360_y9216
2026-07-26 13:09:35,768 - hybrid_pipeline - INFO - Tile tile_x16128_y9216: 核心遮罩全空 → 空白 placeholder
2026-07-26 13:09:35,778 - hybrid_pipeline - INFO - Tile tile_x16896_y9216: 核心遮罩全空 → 空白 placeholder
2026-07-26 13:09:35,789 - hybrid_pipeline - INFO - [304/576] 已回收 tile_x16128_y9216
2026-07-26 13:09:35,797 - hybrid_pipeline - INFO - [305/576] 已回收 tile_x16896_y9216
2026-07-26 13:09:35,817 - hybrid_pipeline - INFO - Tile tile_x13824_y9216: 核心遮罩全空 → 空白 placeholder
2026-07-26 13:09:35,825 - hybrid_pipeline - INFO - Tile tile_x17664_y9216: 核心遮罩全空 → 空白 placeholder
2026-07-26 13:09:35,831 - m3_module.m3_dot_detection - INFO - detect_all_dots: 紅點=1, 黑點=2, 涉及細胞=27
2026-07-26 13:09:35,840 - hybrid_pipeline - INFO - [306/576] 已回收 tile_x13824_y9216
2026-07-26 13:09:35,868 - hybrid_pipeline - INFO - Tile tile_x14592_y9216: 核心遮罩全空 → 空白 placeholder
2026-07-26 13:09:35,953 - m4_module.cell_crops - INFO - 匯出 16 張 per-cell 影像至 /data/taro_Projects/tsgh/output/r7_run/cell_crops/tile_x3840_y9216/cells
2026-07-26 13:09:35,953 - hybrid_pipeline - INFO - Tile tile_x3840_y9216 完成: 核心擁有 16 細胞 (16 陽性), 1.17 秒
2026-07-26 13:09:35,953 - m4_module.cell_crops - INFO - 匯出 36 張 per-cell 影像至 /data/taro_Projects/tsgh/output/r7_run/cell_crops/tile_x3072_y9216/cells
2026-07-26 13:09:35,953 - hybrid_pipeline - INFO - Tile tile_x3072_y9216 完成: 核心擁有 36 細胞 (36 陽性), 1.33 秒
2026-07-26 13:09:35,953 - hybrid_pipeline - INFO - [307/576] 已回收 tile_x3840_y9216
2026-07-26 13:09:35,954 - hybrid_pipeline - INFO - [308/576] 已回收 tile_x3072_y9216
2026-07-26 13:09:35,978 - hybrid_pipeline - INFO - Tile tile_x7680_y9216: 核心遮罩全空 → 空白 placeholder
2026-07-26 13:09:35,978 - hybrid_pipeline - INFO - Tile tile_x12288_y9216: 核心遮罩全空 → 空白 placeholder
2026-07-26 13:09:36,927 - hybrid_pipeline - INFO - [309/576] 已回收 tile_x14592_y9216
2026-07-26 13:09:36,956 - m3_module.m3_cells_generator - INFO - All-positive 標註完成: 71 個細胞
2026-07-26 13:09:36,965 - hybrid_pipeline - INFO - [310/576] 已回收 tile_x17664_y9216
2026-07-26 13:09:36,994 - m3_module.m3_cells_generator - INFO - All-positive 標註完成: 137 個細胞
2026-07-26 13:09:37,004 - m3_module.m3_cells_generator - INFO - enlarge_cell_instances: 71 顆細胞, factor=1.50(面積), 中位半徑=23.3px, 外擴=5.2px
2026-07-26 13:09:37,030 - m3_module.m3_elastic_matching - INFO - elastic_dish_nucleus_matching(overlap-first): IHC=71, DISH=7, matched(1核)=5 (其中重疊=5), drop-out(競爭落敗)=3, 無候選(計入)=63, factor=1.50, min_reach=20.0
2026-07-26 13:09:37,032 - hybrid_pipeline - INFO - [311/576] 已回收 tile_x7680_y9216
2026-07-26 13:09:37,048 - m3_module.m3_cells_generator - INFO - enlarge_cell_instances: 137 顆細胞, factor=1.50(面積), 中位半徑=23.6px, 外擴=5.3px
2026-07-26 13:09:37,062 - m3_module.m3_cells_generator - INFO - All-positive 標註完成: 30 個細胞
2026-07-26 13:09:37,068 - hybrid_pipeline - INFO - [312/576] 已回收 tile_x12288_y9216
2026-07-26 13:09:37,081 - m3_module.m3_elastic_matching - INFO - elastic_dish_nucleus_matching(overlap-first): IHC=137, DISH=32, matched(1核)=15 (其中重疊=15), drop-out(競爭落敗)=2, 無候選(計入)=120, factor=1.50, min_reach=20.0
2026-07-26 13:09:37,102 - m3_module.m3_cells_generator - INFO - All-positive 標註完成: 89 個細胞
2026-07-26 13:09:37,115 - m3_module.m3_cells_generator - INFO - enlarge_cell_instances: 30 顆細胞, factor=1.50(面積), 中位半徑=22.2px, 外擴=5.0px
2026-07-26 13:09:37,145 - m3_module.m3_elastic_matching - INFO - elastic_dish_nucleus_matching(overlap-first): IHC=30, DISH=14, matched(1核)=3 (其中重疊=3), drop-out(競爭落敗)=0, 無候選(計入)=27, factor=1.50, min_reach=20.0
2026-07-26 13:09:37,158 - m3_module.m3_cells_generator - INFO - enlarge_cell_instances: 89 顆細胞, factor=1.50(面積), 中位半徑=26.0px, 外擴=5.9px
2026-07-26 13:09:37,169 - m3_module.m3_dot_detection - INFO - detect_all_dots: 紅點=3, 黑點=2, 涉及細胞=71
2026-07-26 13:09:37,187 - m3_module.m3_elastic_matching - INFO - elastic_dish_nucleus_matching(overlap-first): IHC=89, DISH=31, matched(1核)=17 (其中重疊=15), drop-out(競爭落敗)=5, 無候選(計入)=67, factor=1.50, min_reach=20.0
2026-07-26 13:09:37,261 - m3_module.m3_dot_detection - INFO - detect_all_dots: 紅點=15, 黑點=25, 涉及細胞=137
2026-07-26 13:09:37,272 - m3_module.m3_dot_detection - INFO - detect_all_dots: 紅點=2, 黑點=4, 涉及細胞=30
2026-07-26 13:09:37,297 - cellpose.dynamics - INFO - No cell pixels found.
2026-07-26 13:09:37,343 - m3_module.m3_dot_detection - INFO - detect_all_dots: 紅點=9, 黑點=15, 涉及細胞=89
2026-07-26 13:09:37,356 - m4_module.cell_crops - INFO - 匯出 36 張 per-cell 影像至 /data/taro_Projects/tsgh/output/r7_run/cell_crops/tile_x768_y9984/cells
2026-07-26 13:09:37,356 - hybrid_pipeline - INFO - Tile tile_x768_y9984 完成: 核心擁有 36 細胞 (36 陽性), 1.52 秒
2026-07-26 13:09:37,357 - hybrid_pipeline - INFO - [313/576] 已回收 tile_x768_y9984
2026-07-26 13:09:37,385 - hybrid_pipeline - INFO - Tile tile_x3840_y9984: 核心遮罩全空 → 空白 placeholder
2026-07-26 13:09:37,393 - hybrid_pipeline - INFO - [314/576] 已回收 tile_x3840_y9984
2026-07-26 13:09:37,408 - m4_module.cell_crops - INFO - 匯出 12 張 per-cell 影像至 /data/taro_Projects/tsgh/output/r7_run/cell_crops/tile_x2304_y9984/cells
2026-07-26 13:09:37,408 - hybrid_pipeline - INFO - Tile tile_x2304_y9984 完成: 核心擁有 12 細胞 (12 陽性), 1.45 秒
2026-07-26 13:09:37,424 - hybrid_pipeline - INFO - Tile tile_x6912_y9984: 核心遮罩全空 → 空白 placeholder
2026-07-26 13:09:37,448 - hybrid_pipeline - INFO - [315/576] 已回收 tile_x6912_y9984
2026-07-26 13:09:37,476 - hybrid_pipeline - INFO - Tile tile_x6144_y9984: 核心遮罩全空 → 空白 placeholder
2026-07-26 13:09:37,502 - hybrid_pipeline - INFO - [316/576] 已回收 tile_x6144_y9984
2026-07-26 13:09:37,530 - hybrid_pipeline - INFO - Tile tile_x7680_y9984: 核心遮罩全空 → 空白 placeholder
2026-07-26 13:09:37,557 - hybrid_pipeline - INFO - [317/576] 已回收 tile_x7680_y9984
2026-07-26 13:09:37,588 - hybrid_pipeline - INFO - Tile tile_x9984_y9984: 核心遮罩全空 → 空白 placeholder
2026-07-26 13:09:37,591 - hybrid_pipeline - INFO - [318/576] 已回收 tile_x9984_y9984
2026-07-26 13:09:37,619 - hybrid_pipeline - INFO - Tile tile_x9216_y9984: 核心遮罩全空 → 空白 placeholder
2026-07-26 13:09:37,622 - m4_module.cell_crops - INFO - 匯出 92 張 per-cell 影像至 /data/taro_Projects/tsgh/output/r7_run/cell_crops/tile_x0_y9984/cells
2026-07-26 13:09:37,622 - hybrid_pipeline - INFO - Tile tile_x0_y9984 完成: 核心擁有 92 細胞 (92 陽性), 1.83 秒
2026-07-26 13:09:37,623 - hybrid_pipeline - INFO - [319/576] 已回收 tile_x0_y9984
2026-07-26 13:09:37,624 - m4_module.cell_crops - INFO - 匯出 58 張 per-cell 影像至 /data/taro_Projects/tsgh/output/r7_run/cell_crops/tile_x1536_y9984/cells
2026-07-26 13:09:37,624 - hybrid_pipeline - INFO - Tile tile_x1536_y9984 完成: 核心擁有 58 細胞 (58 陽性), 1.67 秒
2026-07-26 13:09:37,624 - hybrid_pipeline - INFO - [320/576] 已回收 tile_x1536_y9984
2026-07-26 13:09:37,637 - hybrid_pipeline - INFO - [321/576] 已回收 tile_x9216_y9984
2026-07-26 13:09:37,654 - hybrid_pipeline - INFO - Tile tile_x4608_y9984: 核心遮罩全空 → 空白 placeholder
2026-07-26 13:09:37,656 - hybrid_pipeline - INFO - Tile tile_x5376_y9984: 核心遮罩全空 → 空白 placeholder
2026-07-26 13:09:37,661 - hybrid_pipeline - INFO - Tile tile_x10752_y9984: 核心遮罩全空 → 空白 placeholder
2026-07-26 13:09:37,690 - hybrid_pipeline - INFO - [322/576] 已回收 tile_x2304_y9984
2026-07-26 13:09:37,695 - m3_module.m3_cells_generator - INFO - All-positive 標註完成: 0 個細胞
2026-07-26 13:09:37,701 - hybrid_pipeline - INFO - [323/576] 已回收 tile_x4608_y9984
2026-07-26 13:09:37,703 - hybrid_pipeline - INFO - [324/576] 已回收 tile_x5376_y9984
2026-07-26 13:09:37,705 - hybrid_pipeline - INFO - [325/576] 已回收 tile_x10752_y9984
2026-07-26 13:09:37,727 - hybrid_pipeline - INFO - Tile tile_x11520_y9984: 核心遮罩全空 → 空白 placeholder
2026-07-26 13:09:37,734 - hybrid_pipeline - INFO - Tile tile_x8448_y9984: 核心遮罩全空 → 空白 placeholder
2026-07-26 13:09:37,738 - hybrid_pipeline - INFO - Tile tile_x12288_y9984: 核心遮罩全空 → 空白 placeholder
2026-07-26 13:09:37,787 - hybrid_pipeline - INFO - [326/576] 已回收 tile_x8448_y9984
2026-07-26 13:09:37,792 - hybrid_pipeline - INFO - [327/576] 已回收 tile_x12288_y9984
2026-07-26 13:09:37,793 - hybrid_pipeline - INFO - [328/576] 已回收 tile_x11520_y9984
2026-07-26 13:09:37,813 - hybrid_pipeline - INFO - Tile tile_x16128_y9984: 核心遮罩全空 → 空白 placeholder
2026-07-26 13:09:37,821 - hybrid_pipeline - INFO - Tile tile_x14592_y9984: 核心遮罩全空 → 空白 placeholder
2026-07-26 13:09:37,823 - hybrid_pipeline - INFO - Tile tile_x13824_y9984: 核心遮罩全空 → 空白 placeholder
2026-07-26 13:09:37,843 - m3_module.m3_dot_detection - INFO - detect_all_dots: 紅點=0, 黑點=0, 涉及細胞=0
2026-07-26 13:09:37,847 - hybrid_pipeline - INFO - [329/576] 已回收 tile_x16128_y9984
2026-07-26 13:09:37,865 - hybrid_pipeline - INFO - [330/576] 已回收 tile_x13824_y9984
2026-07-26 13:09:37,867 - hybrid_pipeline - INFO - [331/576] 已回收 tile_x14592_y9984
2026-07-26 13:09:37,873 - hybrid_pipeline - INFO - Tile tile_x15360_y9984: 核心遮罩全空 → 空白 placeholder
2026-07-26 13:09:37,875 - m4_module.cell_crops - INFO - 匯出 0 張 per-cell 影像至 /data/taro_Projects/tsgh/output/r7_run/cell_crops/tile_x3072_y9984/cells
2026-07-26 13:09:37,875 - hybrid_pipeline - INFO - Tile tile_x3072_y9984 完成: 核心擁有 0 細胞 (0 陽性), 0.84 秒
2026-07-26 13:09:37,875 - hybrid_pipeline - INFO - [332/576] 已回收 tile_x3072_y9984
2026-07-26 13:09:37,896 - hybrid_pipeline - INFO - Tile tile_x16896_y9984: 核心遮罩全空 → 空白 placeholder
2026-07-26 13:09:37,897 - hybrid_pipeline - INFO - Tile tile_x17664_y9984: 核心遮罩全空 → 空白 placeholder
2026-07-26 13:09:37,900 - hybrid_pipeline - INFO - Tile tile_x13056_y9984: 核心遮罩全空 → 空白 placeholder
2026-07-26 13:09:38,898 - hybrid_pipeline - INFO - [333/576] 已回收 tile_x15360_y9984
2026-07-26 13:09:38,925 - m3_module.m3_cells_generator - INFO - All-positive 標註完成: 131 個細胞
2026-07-26 13:09:38,965 - hybrid_pipeline - INFO - [334/576] 已回收 tile_x13056_y9984
2026-07-26 13:09:38,985 - m3_module.m3_cells_generator - INFO - enlarge_cell_instances: 131 顆細胞, factor=1.50(面積), 中位半徑=22.7px, 外擴=5.1px
2026-07-26 13:09:39,004 - m3_module.m3_cells_generator - INFO - All-positive 標註完成: 4 個細胞
2026-07-26 13:09:39,019 - m3_module.m3_elastic_matching - INFO - elastic_dish_nucleus_matching(overlap-first): IHC=131, DISH=30, matched(1核)=23 (其中重疊=23), drop-out(競爭落敗)=9, 無候選(計入)=99, factor=1.50, min_reach=20.0
2026-07-26 13:09:39,041 - m3_module.m3_cells_generator - INFO - enlarge_cell_instances: 4 顆細胞, factor=1.50(面積), 中位半徑=29.5px, 外擴=6.6px
2026-07-26 13:09:39,047 - hybrid_pipeline - INFO - [335/576] 已回收 tile_x17664_y9984
2026-07-26 13:09:39,048 - hybrid_pipeline - INFO - [336/576] 已回收 tile_x16896_y9984
2026-07-26 13:09:39,069 - m3_module.m3_elastic_matching - INFO - elastic_dish_nucleus_matching(overlap-first): IHC=4, DISH=1, matched(1核)=1 (其中重疊=1), drop-out(競爭落敗)=0, 無候選(計入)=3, factor=1.50, min_reach=20.0
2026-07-26 13:09:39,089 - m3_module.m3_cells_generator - INFO - All-positive 標註完成: 109 個細胞
2026-07-26 13:09:39,089 - m3_module.m3_cells_generator - INFO - All-positive 標註完成: 121 個細胞
2026-07-26 13:09:39,147 - m3_module.m3_cells_generator - INFO - enlarge_cell_instances: 121 顆細胞, factor=1.50(面積), 中位半徑=21.1px, 外擴=4.8px
2026-07-26 13:09:39,147 - m3_module.m3_cells_generator - INFO - enlarge_cell_instances: 109 顆細胞, factor=1.50(面積), 中位半徑=21.6px, 外擴=4.9px
2026-07-26 13:09:39,176 - m3_module.m3_elastic_matching - INFO - elastic_dish_nucleus_matching(overlap-first): IHC=109, DISH=33, matched(1核)=25 (其中重疊=25), drop-out(競爭落敗)=6, 無候選(計入)=78, factor=1.50, min_reach=20.0
2026-07-26 13:09:39,177 - m3_module.m3_elastic_matching - INFO - elastic_dish_nucleus_matching(overlap-first): IHC=121, DISH=25, matched(1核)=20 (其中重疊=19), drop-out(競爭落敗)=5, 無候選(計入)=96, factor=1.50, min_reach=20.0
2026-07-26 13:09:39,188 - m3_module.m3_dot_detection - INFO - detect_all_dots: 紅點=0, 黑點=1, 涉及細胞=4
2026-07-26 13:09:39,257 - m4_module.cell_crops - INFO - 匯出 1 張 per-cell 影像至 /data/taro_Projects/tsgh/output/r7_run/cell_crops/tile_x2304_y10752/cells
2026-07-26 13:09:39,257 - hybrid_pipeline - INFO - Tile tile_x2304_y10752 完成: 核心擁有 1 細胞 (1 陽性), 1.38 秒
2026-07-26 13:09:39,270 - m3_module.m3_dot_detection - INFO - detect_all_dots: 紅點=41, 黑點=66, 涉及細胞=131
2026-07-26 13:09:39,318 - cellpose.dynamics - INFO - No cell pixels found.
2026-07-26 13:09:39,375 - m3_module.m3_dot_detection - INFO - detect_all_dots: 紅點=26, 黑點=39, 涉及細胞=121
2026-07-26 13:09:39,391 - m3_module.m3_dot_detection - INFO - detect_all_dots: 紅點=29, 黑點=44, 涉及細胞=109
2026-07-26 13:09:39,597 - m4_module.cell_crops - INFO - 匯出 80 張 per-cell 影像至 /data/taro_Projects/tsgh/output/r7_run/cell_crops/tile_x0_y10752/cells
2026-07-26 13:09:39,598 - hybrid_pipeline - INFO - Tile tile_x0_y10752 完成: 核心擁有 80 細胞 (80 陽性), 1.75 秒
2026-07-26 13:09:39,637 - m4_module.cell_crops - INFO - 匯出 52 張 per-cell 影像至 /data/taro_Projects/tsgh/output/r7_run/cell_crops/tile_x768_y10752/cells
2026-07-26 13:09:39,637 - hybrid_pipeline - INFO - Tile tile_x768_y10752 完成: 核心擁有 52 細胞 (52 陽性), 1.77 秒
2026-07-26 13:09:39,639 - hybrid_pipeline - INFO - [337/576] 已回收 tile_x768_y10752
2026-07-26 13:09:39,641 - m4_module.cell_crops - INFO - 匯出 67 張 per-cell 影像至 /data/taro_Projects/tsgh/output/r7_run/cell_crops/tile_x1536_y10752/cells
2026-07-26 13:09:39,641 - hybrid_pipeline - INFO - Tile tile_x1536_y10752 完成: 核心擁有 67 細胞 (67 陽性), 1.77 秒
2026-07-26 13:09:39,643 - hybrid_pipeline - INFO - [338/576] 已回收 tile_x1536_y10752
2026-07-26 13:09:39,665 - hybrid_pipeline - INFO - Tile tile_x3072_y10752: 核心遮罩全空 → 空白 placeholder
2026-07-26 13:09:39,671 - hybrid_pipeline - INFO - Tile tile_x6912_y10752: 核心遮罩全空 → 空白 placeholder
2026-07-26 13:09:39,763 - hybrid_pipeline - INFO - [339/576] 已回收 tile_x2304_y10752
2026-07-26 13:09:39,772 - hybrid_pipeline - INFO - [340/576] 已回收 tile_x0_y10752
2026-07-26 13:09:39,776 - m3_module.m3_cells_generator - INFO - All-positive 標註完成: 0 個細胞
2026-07-26 13:09:39,800 - m3_module.m3_cells_generator - INFO - All-positive 標註完成: 16 個細胞
2026-07-26 13:09:39,836 - m3_module.m3_cells_generator - INFO - enlarge_cell_instances: 16 顆細胞, factor=1.50(面積), 中位半徑=20.1px, 外擴=4.5px
2026-07-26 13:09:39,860 - m3_module.m3_elastic_matching - INFO - elastic_dish_nucleus_matching(overlap-first): IHC=16, DISH=7, matched(1核)=5 (其中重疊=5), drop-out(競爭落敗)=0, 無候選(計入)=11, factor=1.50, min_reach=20.0
2026-07-26 13:09:39,912 - m3_module.m3_dot_detection - INFO - detect_all_dots: 紅點=0, 黑點=0, 涉及細胞=0
2026-07-26 13:09:39,943 - m4_module.cell_crops - INFO - 匯出 0 張 per-cell 影像至 /data/taro_Projects/tsgh/output/r7_run/cell_crops/tile_x3840_y10752/cells
2026-07-26 13:09:39,943 - hybrid_pipeline - INFO - Tile tile_x3840_y10752 完成: 核心擁有 0 細胞 (0 陽性), 0.98 秒
2026-07-26 13:09:39,943 - hybrid_pipeline - INFO - [341/576] 已回收 tile_x3840_y10752
2026-07-26 13:09:39,968 - hybrid_pipeline - INFO - Tile tile_x7680_y10752: 核心遮罩全空 → 空白 placeholder
2026-07-26 13:09:39,986 - m3_module.m3_dot_detection - INFO - detect_all_dots: 紅點=6, 黑點=5, 涉及細胞=16
2026-07-26 13:09:40,028 - hybrid_pipeline - INFO - [342/576] 已回收 tile_x7680_y10752
2026-07-26 13:09:40,055 - hybrid_pipeline - INFO - Tile tile_x9984_y10752: 核心遮罩全空 → 空白 placeholder
2026-07-26 13:09:40,068 - hybrid_pipeline - INFO - [343/576] 已回收 tile_x9984_y10752
2026-07-26 13:09:40,085 - m4_module.cell_crops - INFO - 匯出 3 張 per-cell 影像至 /data/taro_Projects/tsgh/output/r7_run/cell_crops/tile_x4608_y10752/cells
2026-07-26 13:09:40,085 - hybrid_pipeline - INFO - Tile tile_x4608_y10752 完成: 核心擁有 3 細胞 (3 陽性), 1.19 秒
2026-07-26 13:09:40,087 - hybrid_pipeline - INFO - [344/576] 已回收 tile_x4608_y10752
2026-07-26 13:09:40,095 - hybrid_pipeline - INFO - Tile tile_x9216_y10752: 核心遮罩全空 → 空白 placeholder
2026-07-26 13:09:40,109 - hybrid_pipeline - INFO - Tile tile_x8448_y10752: 核心遮罩全空 → 空白 placeholder
2026-07-26 13:09:40,134 - hybrid_pipeline - INFO - [345/576] 已回收 tile_x9216_y10752
2026-07-26 13:09:40,143 - hybrid_pipeline - INFO - [346/576] 已回收 tile_x8448_y10752
2026-07-26 13:09:40,167 - hybrid_pipeline - INFO - Tile tile_x13056_y10752: 核心遮罩全空 → 空白 placeholder
2026-07-26 13:09:40,172 - hybrid_pipeline - INFO - Tile tile_x10752_y10752: 核心遮罩全空 → 空白 placeholder
2026-07-26 13:09:40,189 - hybrid_pipeline - INFO - [347/576] 已回收 tile_x10752_y10752
2026-07-26 13:09:40,195 - hybrid_pipeline - INFO - [348/576] 已回收 tile_x13056_y10752
2026-07-26 13:09:40,220 - hybrid_pipeline - INFO - Tile tile_x12288_y10752: 核心遮罩全空 → 空白 placeholder
2026-07-26 13:09:40,220 - hybrid_pipeline - INFO - Tile tile_x11520_y10752: 核心遮罩全空 → 空白 placeholder
2026-07-26 13:09:40,235 - hybrid_pipeline - INFO - [349/576] 已回收 tile_x11520_y10752
2026-07-26 13:09:40,262 - hybrid_pipeline - INFO - Tile tile_x13824_y10752: 核心遮罩全空 → 空白 placeholder
2026-07-26 13:09:40,264 - hybrid_pipeline - INFO - [350/576] 已回收 tile_x12288_y10752
2026-07-26 13:09:40,288 - hybrid_pipeline - INFO - Tile tile_x15360_y10752: 核心遮罩全空 → 空白 placeholder
2026-07-26 13:09:40,327 - hybrid_pipeline - INFO - [351/576] 已回收 tile_x13824_y10752
2026-07-26 13:09:40,355 - hybrid_pipeline - INFO - Tile tile_x14592_y10752: 核心遮罩全空 → 空白 placeholder
2026-07-26 13:09:40,355 - hybrid_pipeline - INFO - [352/576] 已回收 tile_x15360_y10752
2026-07-26 13:09:40,381 - hybrid_pipeline - INFO - Tile tile_x16128_y10752: 核心遮罩全空 → 空白 placeholder
2026-07-26 13:09:40,428 - hybrid_pipeline - INFO - [353/576] 已回收 tile_x14592_y10752
2026-07-26 13:09:40,442 - hybrid_pipeline - INFO - [354/576] 已回收 tile_x16128_y10752
2026-07-26 13:09:40,461 - hybrid_pipeline - INFO - Tile tile_x16896_y10752: 核心遮罩全空 → 空白 placeholder
2026-07-26 13:09:40,471 - hybrid_pipeline - INFO - Tile tile_x17664_y10752: 核心遮罩全空 → 空白 placeholder
2026-07-26 13:09:40,666 - hybrid_pipeline - INFO - [355/576] 已回收 tile_x6912_y10752
2026-07-26 13:09:40,696 - m3_module.m3_cells_generator - INFO - All-positive 標註完成: 6 個細胞
2026-07-26 13:09:40,706 - hybrid_pipeline - INFO - [356/576] 已回收 tile_x3072_y10752
2026-07-26 13:09:40,725 - m3_module.m3_cells_generator - INFO - enlarge_cell_instances: 6 顆細胞, factor=1.50(面積), 中位半徑=12.7px, 外擴=2.8px
2026-07-26 13:09:40,729 - m3_module.m3_cells_generator - INFO - All-positive 標註完成: 23 個細胞
2026-07-26 13:09:40,749 - m3_module.m3_elastic_matching - INFO - elastic_dish_nucleus_matching(overlap-first): IHC=6, DISH=1, matched(1核)=1 (其中重疊=1), drop-out(競爭落敗)=1, 無候選(計入)=4, factor=1.50, min_reach=20.0
2026-07-26 13:09:40,777 - m3_module.m3_cells_generator - INFO - enlarge_cell_instances: 23 顆細胞, factor=1.50(面積), 中位半徑=19.5px, 外擴=4.4px
2026-07-26 13:09:40,804 - m3_module.m3_elastic_matching - INFO - elastic_dish_nucleus_matching(overlap-first): IHC=23, DISH=15, matched(1核)=10 (其中重疊=9), drop-out(競爭落敗)=1, 無候選(計入)=12, factor=1.50, min_reach=20.0
2026-07-26 13:09:40,881 - m3_module.m3_dot_detection - INFO - detect_all_dots: 紅點=0, 黑點=0, 涉及細胞=6
2026-07-26 13:09:40,937 - m4_module.cell_crops - INFO - 匯出 0 張 per-cell 影像至 /data/taro_Projects/tsgh/output/r7_run/cell_crops/tile_x6144_y10752/cells
2026-07-26 13:09:40,937 - hybrid_pipeline - INFO - Tile tile_x6144_y10752 完成: 核心擁有 0 細胞 (0 陽性), 1.29 秒
2026-07-26 13:09:40,957 - m3_module.m3_dot_detection - INFO - detect_all_dots: 紅點=12, 黑點=14, 涉及細胞=23
2026-07-26 13:09:41,058 - m4_module.cell_crops - INFO - 匯出 1 張 per-cell 影像至 /data/taro_Projects/tsgh/output/r7_run/cell_crops/tile_x5376_y10752/cells
2026-07-26 13:09:41,058 - hybrid_pipeline - INFO - Tile tile_x5376_y10752 完成: 核心擁有 1 細胞 (1 陽性), 1.42 秒
2026-07-26 13:09:41,700 - hybrid_pipeline - INFO - [357/576] 已回收 tile_x17664_y10752
2026-07-26 13:09:41,738 - m3_module.m3_cells_generator - INFO - All-positive 標註完成: 134 個細胞
2026-07-26 13:09:41,778 - hybrid_pipeline - INFO - [358/576] 已回收 tile_x16896_y10752
2026-07-26 13:09:41,803 - m3_module.m3_cells_generator - INFO - enlarge_cell_instances: 134 顆細胞, factor=1.50(面積), 中位半徑=24.7px, 外擴=5.6px
2026-07-26 13:09:41,812 - m3_module.m3_cells_generator - INFO - All-positive 標註完成: 157 個細胞
2026-07-26 13:09:41,812 - hybrid_pipeline - INFO - [359/576] 已回收 tile_x6144_y10752
2026-07-26 13:09:41,824 - hybrid_pipeline - INFO - [360/576] 已回收 tile_x5376_y10752
2026-07-26 13:09:41,836 - m3_module.m3_elastic_matching - INFO - elastic_dish_nucleus_matching(overlap-first): IHC=134, DISH=10, matched(1核)=9 (其中重疊=9), drop-out(競爭落敗)=2, 無候選(計入)=123, factor=1.50, min_reach=20.0
2026-07-26 13:09:41,845 - m3_module.m3_cells_generator - INFO - All-positive 標註完成: 109 個細胞
2026-07-26 13:09:41,860 - m3_module.m3_cells_generator - INFO - All-positive 標註完成: 64 個細胞
2026-07-26 13:09:41,883 - m3_module.m3_cells_generator - INFO - enlarge_cell_instances: 157 顆細胞, factor=1.50(面積), 中位半徑=25.1px, 外擴=5.6px
2026-07-26 13:09:41,916 - m3_module.m3_cells_generator - INFO - enlarge_cell_instances: 64 顆細胞, factor=1.50(面積), 中位半徑=20.5px, 外擴=4.6px
2026-07-26 13:09:41,916 - m3_module.m3_elastic_matching - INFO - elastic_dish_nucleus_matching(overlap-first): IHC=157, DISH=28, matched(1核)=20 (其中重疊=20), drop-out(競爭落敗)=6, 無候選(計入)=131, factor=1.50, min_reach=20.0
2026-07-26 13:09:41,917 - m3_module.m3_cells_generator - INFO - enlarge_cell_instances: 109 顆細胞, factor=1.50(面積), 中位半徑=23.2px, 外擴=5.2px
2026-07-26 13:09:41,947 - m3_module.m3_elastic_matching - INFO - elastic_dish_nucleus_matching(overlap-first): IHC=64, DISH=14, matched(1核)=10 (其中重疊=10), drop-out(競爭落敗)=5, 無候選(計入)=49, factor=1.50, min_reach=20.0
2026-07-26 13:09:41,950 - m3_module.m3_elastic_matching - INFO - elastic_dish_nucleus_matching(overlap-first): IHC=109, DISH=25, matched(1核)=24 (其中重疊=24), drop-out(競爭落敗)=4, 無候選(計入)=81, factor=1.50, min_reach=20.0
2026-07-26 13:09:42,016 - m3_module.m3_dot_detection - INFO - detect_all_dots: 紅點=8, 黑點=11, 涉及細胞=134
2026-07-26 13:09:42,099 - m3_module.m3_dot_detection - INFO - detect_all_dots: 紅點=6, 黑點=13, 涉及細胞=64
2026-07-26 13:09:42,119 - m3_module.m3_dot_detection - INFO - detect_all_dots: 紅點=28, 黑點=43, 涉及細胞=157
2026-07-26 13:09:42,140 - m3_module.m3_dot_detection - INFO - detect_all_dots: 紅點=20, 黑點=32, 涉及細胞=109
2026-07-26 13:09:42,295 - m4_module.cell_crops - INFO - 匯出 23 張 per-cell 影像至 /data/taro_Projects/tsgh/output/r7_run/cell_crops/tile_x2304_y11520/cells
2026-07-26 13:09:42,295 - hybrid_pipeline - INFO - Tile tile_x2304_y11520 完成: 核心擁有 23 細胞 (23 陽性), 1.59 秒
2026-07-26 13:09:42,352 - m4_module.cell_crops - INFO - 匯出 81 張 per-cell 影像至 /data/taro_Projects/tsgh/output/r7_run/cell_crops/tile_x0_y11520/cells
2026-07-26 13:09:42,352 - hybrid_pipeline - INFO - Tile tile_x0_y11520 完成: 核心擁有 81 細胞 (81 陽性), 1.91 秒
2026-07-26 13:09:42,397 - m4_module.cell_crops - INFO - 匯出 55 張 per-cell 影像至 /data/taro_Projects/tsgh/output/r7_run/cell_crops/tile_x1536_y11520/cells
2026-07-26 13:09:42,397 - hybrid_pipeline - INFO - Tile tile_x1536_y11520 完成: 核心擁有 55 細胞 (55 陽性), 1.73 秒
2026-07-26 13:09:42,508 - m4_module.cell_crops - INFO - 匯出 84 張 per-cell 影像至 /data/taro_Projects/tsgh/output/r7_run/cell_crops/tile_x768_y11520/cells
2026-07-26 13:09:42,508 - hybrid_pipeline - INFO - Tile tile_x768_y11520 完成: 核心擁有 84 細胞 (84 陽性), 2.08 秒
2026-07-26 13:09:42,684 - hybrid_pipeline - INFO - [361/576] 已回收 tile_x0_y11520
2026-07-26 13:09:42,716 - m3_module.m3_cells_generator - INFO - All-positive 標註完成: 77 個細胞
2026-07-26 13:09:42,756 - hybrid_pipeline - INFO - [362/576] 已回收 tile_x768_y11520
2026-07-26 13:09:42,764 - m3_module.m3_cells_generator - INFO - enlarge_cell_instances: 77 顆細胞, factor=1.50(面積), 中位半徑=17.4px, 外擴=3.9px
2026-07-26 13:09:42,794 - m3_module.m3_elastic_matching - INFO - elastic_dish_nucleus_matching(overlap-first): IHC=77, DISH=14, matched(1核)=11 (其中重疊=11), drop-out(競爭落敗)=4, 無候選(計入)=62, factor=1.50, min_reach=20.0
2026-07-26 13:09:42,797 - m3_module.m3_cells_generator - INFO - All-positive 標註完成: 83 個細胞
2026-07-26 13:09:42,848 - m3_module.m3_cells_generator - INFO - enlarge_cell_instances: 83 顆細胞, factor=1.50(面積), 中位半徑=20.8px, 外擴=4.7px
2026-07-26 13:09:42,877 - m3_module.m3_elastic_matching - INFO - elastic_dish_nucleus_matching(overlap-first): IHC=83, DISH=26, matched(1核)=17 (其中重疊=17), drop-out(競爭落敗)=8, 無候選(計入)=58, factor=1.50, min_reach=20.0
2026-07-26 13:09:42,918 - hybrid_pipeline - INFO - [363/576] 已回收 tile_x1536_y11520
2026-07-26 13:09:42,928 - hybrid_pipeline - INFO - [364/576] 已回收 tile_x2304_y11520
2026-07-26 13:09:42,952 - m3_module.m3_dot_detection - INFO - detect_all_dots: 紅點=15, 黑點=14, 涉及細胞=77
2026-07-26 13:09:42,954 - m3_module.m3_cells_generator - INFO - All-positive 標註完成: 102 個細胞
2026-07-26 13:09:42,954 - m3_module.m3_cells_generator - INFO - All-positive 標註完成: 111 個細胞
2026-07-26 13:09:43,013 - m3_module.m3_cells_generator - INFO - enlarge_cell_instances: 102 顆細胞, factor=1.50(面積), 中位半徑=22.9px, 外擴=5.2px
2026-07-26 13:09:43,014 - m3_module.m3_cells_generator - INFO - enlarge_cell_instances: 111 顆細胞, factor=1.50(面積), 中位半徑=21.5px, 外擴=4.8px
2026-07-26 13:09:43,042 - m3_module.m3_elastic_matching - INFO - elastic_dish_nucleus_matching(overlap-first): IHC=111, DISH=37, matched(1核)=30 (其中重疊=30), drop-out(競爭落敗)=15, 無候選(計入)=66, factor=1.50, min_reach=20.0
2026-07-26 13:09:43,042 - m3_module.m3_elastic_matching - INFO - elastic_dish_nucleus_matching(overlap-first): IHC=102, DISH=61, matched(1核)=43 (其中重疊=43), drop-out(競爭落敗)=7, 無候選(計入)=52, factor=1.50, min_reach=20.0
2026-07-26 13:09:43,057 - m3_module.m3_dot_detection - INFO - detect_all_dots: 紅點=23, 黑點=24, 涉及細胞=83
2026-07-26 13:09:43,148 - m4_module.cell_crops - INFO - 匯出 35 張 per-cell 影像至 /data/taro_Projects/tsgh/output/r7_run/cell_crops/tile_x4608_y11520/cells
2026-07-26 13:09:43,148 - hybrid_pipeline - INFO - Tile tile_x4608_y11520 完成: 核心擁有 35 細胞 (35 陽性), 1.45 秒
2026-07-26 13:09:43,150 - hybrid_pipeline - INFO - [365/576] 已回收 tile_x4608_y11520
2026-07-26 13:09:43,175 - hybrid_pipeline - INFO - Tile tile_x6912_y11520: 核心遮罩全空 → 空白 placeholder
2026-07-26 13:09:43,194 - hybrid_pipeline - INFO - [366/576] 已回收 tile_x6912_y11520
2026-07-26 13:09:43,220 - hybrid_pipeline - INFO - Tile tile_x9216_y11520: 核心遮罩全空 → 空白 placeholder
2026-07-26 13:09:43,237 - hybrid_pipeline - INFO - [367/576] 已回收 tile_x9216_y11520
2026-07-26 13:09:43,259 - m3_module.m3_dot_detection - INFO - detect_all_dots: 紅點=34, 黑點=42, 涉及細胞=111
2026-07-26 13:09:43,264 - hybrid_pipeline - INFO - Tile tile_x12288_y11520: 核心遮罩全空 → 空白 placeholder
2026-07-26 13:09:43,268 - m3_module.m3_dot_detection - INFO - detect_all_dots: 紅點=35, 黑點=52, 涉及細胞=102
2026-07-26 13:09:43,274 - m4_module.cell_crops - INFO - 匯出 48 張 per-cell 影像至 /data/taro_Projects/tsgh/output/r7_run/cell_crops/tile_x3840_y11520/cells
2026-07-26 13:09:43,275 - hybrid_pipeline - INFO - Tile tile_x3840_y11520 完成: 核心擁有 48 細胞 (48 陽性), 1.50 秒
2026-07-26 13:09:43,294 - hybrid_pipeline - INFO - [368/576] 已回收 tile_x12288_y11520
2026-07-26 13:09:43,324 - hybrid_pipeline - INFO - Tile tile_x9984_y11520: 核心遮罩全空 → 空白 placeholder
2026-07-26 13:09:43,350 - hybrid_pipeline - INFO - [369/576] 已回收 tile_x9984_y11520
2026-07-26 13:09:43,377 - hybrid_pipeline - INFO - Tile tile_x13056_y11520: 核心遮罩全空 → 空白 placeholder
2026-07-26 13:09:43,392 - hybrid_pipeline - INFO - [370/576] 已回收 tile_x13056_y11520
2026-07-26 13:09:43,419 - hybrid_pipeline - INFO - Tile tile_x10752_y11520: 核心遮罩全空 → 空白 placeholder
2026-07-26 13:09:43,434 - hybrid_pipeline - INFO - [371/576] 已回收 tile_x10752_y11520
2026-07-26 13:09:43,458 - hybrid_pipeline - INFO - Tile tile_x11520_y11520: 核心遮罩全空 → 空白 placeholder
2026-07-26 13:09:43,472 - hybrid_pipeline - INFO - [372/576] 已回收 tile_x11520_y11520
2026-07-26 13:09:43,493 - hybrid_pipeline - INFO - [373/576] 已回收 tile_x3840_y11520
2026-07-26 13:09:43,504 - hybrid_pipeline - INFO - Tile tile_x13824_y11520: 核心遮罩全空 → 空白 placeholder
2026-07-26 13:09:43,509 - hybrid_pipeline - INFO - [374/576] 已回收 tile_x13824_y11520
2026-07-26 13:09:43,524 - m3_module.m3_cells_generator - INFO - All-positive 標註完成: 38 個細胞
2026-07-26 13:09:43,532 - m4_module.cell_crops - INFO - 匯出 72 張 per-cell 影像至 /data/taro_Projects/tsgh/output/r7_run/cell_crops/tile_x3072_y11520/cells
2026-07-26 13:09:43,532 - hybrid_pipeline - INFO - Tile tile_x3072_y11520 完成: 核心擁有 72 細胞 (72 陽性), 1.71 秒
2026-07-26 13:09:43,533 - hybrid_pipeline - INFO - [375/576] 已回收 tile_x3072_y11520
2026-07-26 13:09:43,534 - hybrid_pipeline - INFO - Tile tile_x14592_y11520: 核心遮罩全空 → 空白 placeholder
2026-07-26 13:09:43,548 - hybrid_pipeline - INFO - [376/576] 已回收 tile_x14592_y11520
2026-07-26 13:09:43,558 - hybrid_pipeline - INFO - Tile tile_x8448_y11520: 核心遮罩全空 → 空白 placeholder
2026-07-26 13:09:43,563 - m3_module.m3_cells_generator - INFO - enlarge_cell_instances: 38 顆細胞, factor=1.50(面積), 中位半徑=21.9px, 外擴=4.9px
2026-07-26 13:09:43,574 - hybrid_pipeline - INFO - Tile tile_x16896_y11520: 核心遮罩全空 → 空白 placeholder
2026-07-26 13:09:43,583 - m4_module.cell_crops - INFO - 匯出 76 張 per-cell 影像至 /data/taro_Projects/tsgh/output/r7_run/cell_crops/tile_x5376_y11520/cells
2026-07-26 13:09:43,583 - hybrid_pipeline - INFO - Tile tile_x5376_y11520 完成: 核心擁有 76 細胞 (76 陽性), 1.77 秒
2026-07-26 13:09:43,584 - hybrid_pipeline - INFO - [377/576] 已回收 tile_x5376_y11520
2026-07-26 13:09:43,588 - hybrid_pipeline - INFO - [378/576] 已回收 tile_x16896_y11520
2026-07-26 13:09:43,588 - m3_module.m3_elastic_matching - INFO - elastic_dish_nucleus_matching(overlap-first): IHC=38, DISH=6, matched(1核)=5 (其中重疊=5), drop-out(競爭落敗)=3, 無候選(計入)=30, factor=1.50, min_reach=20.0
2026-07-26 13:09:43,612 - hybrid_pipeline - INFO - Tile tile_x7680_y11520: 核心遮罩全空 → 空白 placeholder
2026-07-26 13:09:43,615 - hybrid_pipeline - INFO - Tile tile_x16128_y11520: 核心遮罩全空 → 空白 placeholder
2026-07-26 13:09:43,646 - hybrid_pipeline - INFO - [379/576] 已回收 tile_x7680_y11520
2026-07-26 13:09:43,670 - hybrid_pipeline - INFO - Tile tile_x17664_y11520: 核心遮罩全空 → 空白 placeholder
2026-07-26 13:09:43,718 - m3_module.m3_dot_detection - INFO - detect_all_dots: 紅點=5, 黑點=6, 涉及細胞=38
2026-07-26 13:09:43,835 - m4_module.cell_crops - INFO - 匯出 18 張 per-cell 影像至 /data/taro_Projects/tsgh/output/r7_run/cell_crops/tile_x6144_y11520/cells
2026-07-26 13:09:43,835 - hybrid_pipeline - INFO - Tile tile_x6144_y11520 完成: 核心擁有 18 細胞 (18 陽性), 1.08 秒
2026-07-26 13:09:43,837 - hybrid_pipeline - INFO - [380/576] 已回收 tile_x6144_y11520
2026-07-26 13:09:43,861 - hybrid_pipeline - INFO - Tile tile_x15360_y11520: 核心遮罩全空 → 空白 placeholder
2026-07-26 13:09:44,495 - hybrid_pipeline - INFO - [381/576] 已回收 tile_x8448_y11520
2026-07-26 13:09:44,525 - m3_module.m3_cells_generator - INFO - All-positive 標註完成: 147 個細胞
2026-07-26 13:09:44,589 - m3_module.m3_cells_generator - INFO - enlarge_cell_instances: 147 顆細胞, factor=1.50(面積), 中位半徑=26.1px, 外擴=5.9px
2026-07-26 13:09:44,620 - m3_module.m3_elastic_matching - INFO - elastic_dish_nucleus_matching(overlap-first): IHC=147, DISH=230, matched(1核)=24 (其中重疊=24), drop-out(競爭落敗)=0, 無候選(計入)=123, factor=1.50, min_reach=20.0
2026-07-26 13:09:44,704 - hybrid_pipeline - INFO - [382/576] 已回收 tile_x16128_y11520
2026-07-26 13:09:44,736 - m3_module.m3_cells_generator - INFO - All-positive 標註完成: 145 個細胞
2026-07-26 13:09:44,754 - m3_module.m3_dot_detection - INFO - detect_all_dots: 紅點=2, 黑點=4, 涉及細胞=147
2026-07-26 13:09:44,774 - hybrid_pipeline - INFO - [383/576] 已回收 tile_x17664_y11520
2026-07-26 13:09:44,799 - m3_module.m3_cells_generator - INFO - enlarge_cell_instances: 145 顆細胞, factor=1.50(面積), 中位半徑=27.9px, 外擴=6.3px
2026-07-26 13:09:44,812 - m3_module.m3_cells_generator - INFO - All-positive 標註完成: 143 個細胞
2026-07-26 13:09:44,829 - m3_module.m3_elastic_matching - INFO - elastic_dish_nucleus_matching(overlap-first): IHC=145, DISH=18, matched(1核)=14 (其中重疊=14), drop-out(競爭落敗)=7, 無候選(計入)=124, factor=1.50, min_reach=20.0
2026-07-26 13:09:44,870 - hybrid_pipeline - INFO - [384/576] 已回收 tile_x15360_y11520
2026-07-26 13:09:44,872 - m3_module.m3_cells_generator - INFO - enlarge_cell_instances: 143 顆細胞, factor=1.50(面積), 中位半徑=23.0px, 外擴=5.2px
2026-07-26 13:09:44,901 - m3_module.m3_cells_generator - INFO - All-positive 標註完成: 160 個細胞
2026-07-26 13:09:44,904 - m3_module.m3_elastic_matching - INFO - elastic_dish_nucleus_matching(overlap-first): IHC=143, DISH=25, matched(1核)=21 (其中重疊=21), drop-out(競爭落敗)=6, 無候選(計入)=116, factor=1.50, min_reach=20.0
2026-07-26 13:09:44,961 - m3_module.m3_cells_generator - INFO - enlarge_cell_instances: 160 顆細胞, factor=1.50(面積), 中位半徑=24.3px, 外擴=5.5px
2026-07-26 13:09:44,992 - m3_module.m3_elastic_matching - INFO - elastic_dish_nucleus_matching(overlap-first): IHC=160, DISH=20, matched(1核)=19 (其中重疊=19), drop-out(競爭落敗)=9, 無候選(計入)=132, factor=1.50, min_reach=20.0
2026-07-26 13:09:45,004 - m3_module.m3_dot_detection - INFO - detect_all_dots: 紅點=12, 黑點=25, 涉及細胞=145
2026-07-26 13:09:45,086 - m3_module.m3_dot_detection - INFO - detect_all_dots: 紅點=17, 黑點=27, 涉及細胞=143
2026-07-26 13:09:45,111 - m4_module.cell_crops - INFO - 匯出 91 張 per-cell 影像至 /data/taro_Projects/tsgh/output/r7_run/cell_crops/tile_x0_y12288/cells
2026-07-26 13:09:45,111 - hybrid_pipeline - INFO - Tile tile_x0_y12288 完成: 核心擁有 91 細胞 (91 陽性), 1.58 秒
2026-07-26 13:09:45,186 - m3_module.m3_dot_detection - INFO - detect_all_dots: 紅點=23, 黑點=44, 涉及細胞=160
2026-07-26 13:09:45,390 - m4_module.cell_crops - INFO - 匯出 73 張 per-cell 影像至 /data/taro_Projects/tsgh/output/r7_run/cell_crops/tile_x768_y12288/cells
2026-07-26 13:09:45,390 - hybrid_pipeline - INFO - Tile tile_x768_y12288 完成: 核心擁有 73 細胞 (73 陽性), 1.80 秒
2026-07-26 13:09:45,443 - m4_module.cell_crops - INFO - 匯出 74 張 per-cell 影像至 /data/taro_Projects/tsgh/output/r7_run/cell_crops/tile_x2304_y12288/cells
2026-07-26 13:09:45,443 - hybrid_pipeline - INFO - Tile tile_x2304_y12288 完成: 核心擁有 74 細胞 (74 陽性), 1.80 秒
2026-07-26 13:09:45,559 - m4_module.cell_crops - INFO - 匯出 81 張 per-cell 影像至 /data/taro_Projects/tsgh/output/r7_run/cell_crops/tile_x1536_y12288/cells
2026-07-26 13:09:45,559 - hybrid_pipeline - INFO - Tile tile_x1536_y12288 完成: 核心擁有 81 細胞 (81 陽性), 1.72 秒
2026-07-26 13:09:45,582 - hybrid_pipeline - INFO - [385/576] 已回收 tile_x0_y12288
2026-07-26 13:09:45,610 - m3_module.m3_cells_generator - INFO - All-positive 標註完成: 145 個細胞
2026-07-26 13:09:45,672 - m3_module.m3_cells_generator - INFO - enlarge_cell_instances: 145 顆細胞, factor=1.50(面積), 中位半徑=22.6px, 外擴=5.1px
2026-07-26 13:09:45,702 - hybrid_pipeline - INFO - [386/576] 已回收 tile_x768_y12288
2026-07-26 13:09:45,704 - m3_module.m3_elastic_matching - INFO - elastic_dish_nucleus_matching(overlap-first): IHC=145, DISH=61, matched(1核)=52 (其中重疊=52), drop-out(競爭落敗)=16, 無候選(計入)=77, factor=1.50, min_reach=20.0
2026-07-26 13:09:45,736 - m3_module.m3_cells_generator - INFO - All-positive 標註完成: 113 個細胞
2026-07-26 13:09:45,790 - m3_module.m3_cells_generator - INFO - enlarge_cell_instances: 113 顆細胞, factor=1.50(面積), 中位半徑=26.8px, 外擴=6.0px
2026-07-26 13:09:45,802 - hybrid_pipeline - INFO - [387/576] 已回收 tile_x1536_y12288
2026-07-26 13:09:45,820 - m3_module.m3_elastic_matching - INFO - elastic_dish_nucleus_matching(overlap-first): IHC=113, DISH=14, matched(1核)=11 (其中重疊=11), drop-out(競爭落敗)=7, 無候選(計入)=95, factor=1.50, min_reach=20.0
2026-07-26 13:09:45,835 - m3_module.m3_cells_generator - INFO - All-positive 標註完成: 21 個細胞
2026-07-26 13:09:45,881 - m3_module.m3_cells_generator - INFO - enlarge_cell_instances: 21 顆細胞, factor=1.50(面積), 中位半徑=30.0px, 外擴=6.7px
2026-07-26 13:09:45,888 - hybrid_pipeline - INFO - [388/576] 已回收 tile_x2304_y12288
2026-07-26 13:09:45,907 - m3_module.m3_elastic_matching - INFO - elastic_dish_nucleus_matching(overlap-first): IHC=21, DISH=3, matched(1核)=1 (其中重疊=1), drop-out(競爭落敗)=0, 無候選(計入)=20, factor=1.50, min_reach=20.0
2026-07-26 13:09:45,912 - m3_module.m3_cells_generator - INFO - All-positive 標註完成: 156 個細胞
2026-07-26 13:09:45,972 - m3_module.m3_dot_detection - INFO - detect_all_dots: 紅點=10, 黑點=11, 涉及細胞=113
2026-07-26 13:09:45,974 - m3_module.m3_cells_generator - INFO - enlarge_cell_instances: 156 顆細胞, factor=1.50(面積), 中位半徑=27.2px, 外擴=6.1px
2026-07-26 13:09:45,987 - m3_module.m3_dot_detection - INFO - detect_all_dots: 紅點=52, 黑點=66, 涉及細胞=145
2026-07-26 13:09:46,001 - m3_module.m3_elastic_matching - INFO - elastic_dish_nucleus_matching(overlap-first): IHC=156, DISH=35, matched(1核)=32 (其中重疊=32), drop-out(競爭落敗)=13, 無候選(計入)=111, factor=1.50, min_reach=20.0
2026-07-26 13:09:46,027 - m3_module.m3_dot_detection - INFO - detect_all_dots: 紅點=1, 黑點=2, 涉及細胞=21
2026-07-26 13:09:46,145 - m4_module.cell_crops - INFO - 匯出 5 張 per-cell 影像至 /data/taro_Projects/tsgh/output/r7_run/cell_crops/tile_x5376_y12288/cells
2026-07-26 13:09:46,145 - hybrid_pipeline - INFO - Tile tile_x5376_y12288 完成: 核心擁有 5 細胞 (5 陽性), 1.28 秒
2026-07-26 13:09:46,146 - hybrid_pipeline - INFO - [389/576] 已回收 tile_x5376_y12288
2026-07-26 13:09:46,174 - hybrid_pipeline - INFO - Tile tile_x7680_y12288: 核心遮罩全空 → 空白 placeholder
2026-07-26 13:09:46,207 - m3_module.m3_dot_detection - INFO - detect_all_dots: 紅點=34, 黑點=42, 涉及細胞=156
2026-07-26 13:09:46,211 - hybrid_pipeline - INFO - [390/576] 已回收 tile_x7680_y12288
2026-07-26 13:09:46,237 - hybrid_pipeline - INFO - Tile tile_x9984_y12288: 核心遮罩全空 → 空白 placeholder
2026-07-26 13:09:46,252 - hybrid_pipeline - INFO - [391/576] 已回收 tile_x9984_y12288
2026-07-26 13:09:46,276 - m4_module.cell_crops - INFO - 匯出 74 張 per-cell 影像至 /data/taro_Projects/tsgh/output/r7_run/cell_crops/tile_x4608_y12288/cells
2026-07-26 13:09:46,276 - hybrid_pipeline - INFO - Tile tile_x4608_y12288 完成: 核心擁有 74 細胞 (74 陽性), 1.57 秒
2026-07-26 13:09:46,278 - hybrid_pipeline - INFO - [392/576] 已回收 tile_x4608_y12288
2026-07-26 13:09:46,278 - hybrid_pipeline - INFO - Tile tile_x9216_y12288: 核心遮罩全空 → 空白 placeholder
2026-07-26 13:09:46,292 - hybrid_pipeline - INFO - [393/576] 已回收 tile_x9216_y12288
2026-07-26 13:09:46,304 - hybrid_pipeline - INFO - Tile tile_x6912_y12288: 核心遮罩全空 → 空白 placeholder
2026-07-26 13:09:46,315 - hybrid_pipeline - INFO - Tile tile_x12288_y12288: 核心遮罩全空 → 空白 placeholder
2026-07-26 13:09:46,335 - hybrid_pipeline - INFO - [394/576] 已回收 tile_x6912_y12288
2026-07-26 13:09:46,342 - hybrid_pipeline - INFO - [395/576] 已回收 tile_x12288_y12288
2026-07-26 13:09:46,346 - m4_module.cell_crops - INFO - 匯出 61 張 per-cell 影像至 /data/taro_Projects/tsgh/output/r7_run/cell_crops/tile_x3072_y12288/cells
2026-07-26 13:09:46,346 - hybrid_pipeline - INFO - Tile tile_x3072_y12288 完成: 核心擁有 61 細胞 (61 陽性), 1.85 秒
2026-07-26 13:09:46,362 - hybrid_pipeline - INFO - Tile tile_x13056_y12288: 核心遮罩全空 → 空白 placeholder
2026-07-26 13:09:46,367 - hybrid_pipeline - INFO - Tile tile_x11520_y12288: 核心遮罩全空 → 空白 placeholder
2026-07-26 13:09:46,380 - hybrid_pipeline - INFO - [396/576] 已回收 tile_x3072_y12288
2026-07-26 13:09:46,387 - hybrid_pipeline - INFO - [397/576] 已回收 tile_x13056_y12288
2026-07-26 13:09:46,392 - hybrid_pipeline - INFO - [398/576] 已回收 tile_x11520_y12288
2026-07-26 13:09:46,407 - m3_module.m3_cells_generator - INFO - All-positive 標註完成: 12 個細胞
2026-07-26 13:09:46,414 - hybrid_pipeline - INFO - Tile tile_x10752_y12288: 核心遮罩全空 → 空白 placeholder
2026-07-26 13:09:46,420 - hybrid_pipeline - INFO - Tile tile_x13824_y12288: 核心遮罩全空 → 空白 placeholder
2026-07-26 13:09:46,439 - m3_module.m3_cells_generator - INFO - enlarge_cell_instances: 12 顆細胞, factor=1.50(面積), 中位半徑=14.8px, 外擴=3.3px
2026-07-26 13:09:46,461 - hybrid_pipeline - INFO - [399/576] 已回收 tile_x10752_y12288
2026-07-26 13:09:46,463 - m3_module.m3_elastic_matching - INFO - elastic_dish_nucleus_matching(overlap-first): IHC=12, DISH=7, matched(1核)=3 (其中重疊=3), drop-out(競爭落敗)=0, 無候選(計入)=9, factor=1.50, min_reach=20.0
2026-07-26 13:09:46,464 - hybrid_pipeline - INFO - [400/576] 已回收 tile_x13824_y12288
2026-07-26 13:09:46,486 - hybrid_pipeline - INFO - Tile tile_x15360_y12288: 核心遮罩全空 → 空白 placeholder
2026-07-26 13:09:46,494 - hybrid_pipeline - INFO - Tile tile_x16128_y12288: 核心遮罩全空 → 空白 placeholder
2026-07-26 13:09:46,519 - hybrid_pipeline - INFO - [401/576] 已回收 tile_x15360_y12288
2026-07-26 13:09:46,520 - hybrid_pipeline - INFO - [402/576] 已回收 tile_x16128_y12288
2026-07-26 13:09:46,544 - hybrid_pipeline - INFO - Tile tile_x16896_y12288: 核心遮罩全空 → 空白 placeholder
2026-07-26 13:09:46,557 - hybrid_pipeline - INFO - Tile tile_x17664_y12288: 核心遮罩全空 → 空白 placeholder
2026-07-26 13:09:46,585 - m3_module.m3_dot_detection - INFO - detect_all_dots: 紅點=2, 黑點=2, 涉及細胞=12
2026-07-26 13:09:46,604 - m4_module.cell_crops - INFO - 匯出 81 張 per-cell 影像至 /data/taro_Projects/tsgh/output/r7_run/cell_crops/tile_x3840_y12288/cells
2026-07-26 13:09:46,605 - hybrid_pipeline - INFO - Tile tile_x3840_y12288 完成: 核心擁有 81 細胞 (81 陽性), 1.83 秒
2026-07-26 13:09:46,606 - hybrid_pipeline - INFO - [403/576] 已回收 tile_x3840_y12288
2026-07-26 13:09:46,631 - hybrid_pipeline - INFO - Tile tile_x8448_y12288: 核心遮罩全空 → 空白 placeholder
2026-07-26 13:09:46,684 - m4_module.cell_crops - INFO - 匯出 3 張 per-cell 影像至 /data/taro_Projects/tsgh/output/r7_run/cell_crops/tile_x6144_y12288/cells
2026-07-26 13:09:46,685 - hybrid_pipeline - INFO - Tile tile_x6144_y12288 完成: 核心擁有 3 細胞 (3 陽性), 1.10 秒
2026-07-26 13:09:46,686 - hybrid_pipeline - INFO - [404/576] 已回收 tile_x6144_y12288
2026-07-26 13:09:46,710 - hybrid_pipeline - INFO - Tile tile_x14592_y12288: 核心遮罩全空 → 空白 placeholder
2026-07-26 13:09:47,775 - hybrid_pipeline - INFO - [405/576] 已回收 tile_x17664_y12288
2026-07-26 13:09:47,796 - hybrid_pipeline - INFO - [406/576] 已回收 tile_x8448_y12288
2026-07-26 13:09:47,806 - m3_module.m3_cells_generator - INFO - All-positive 標註完成: 136 個細胞
2026-07-26 13:09:47,828 - m3_module.m3_cells_generator - INFO - All-positive 標註完成: 100 個細胞
2026-07-26 13:09:47,848 - hybrid_pipeline - INFO - [407/576] 已回收 tile_x16896_y12288
2026-07-26 13:09:47,865 - hybrid_pipeline - INFO - [408/576] 已回收 tile_x14592_y12288
2026-07-26 13:09:47,874 - m3_module.m3_cells_generator - INFO - enlarge_cell_instances: 136 顆細胞, factor=1.50(面積), 中位半徑=24.9px, 外擴=5.6px
2026-07-26 13:09:47,893 - m3_module.m3_cells_generator - INFO - enlarge_cell_instances: 100 顆細胞, factor=1.50(面積), 中位半徑=23.1px, 外擴=5.2px
2026-07-26 13:09:47,893 - m3_module.m3_cells_generator - INFO - All-positive 標註完成: 147 個細胞
2026-07-26 13:09:47,901 - m3_module.m3_cells_generator - INFO - All-positive 標註完成: 124 個細胞
2026-07-26 13:09:47,908 - m3_module.m3_elastic_matching - INFO - elastic_dish_nucleus_matching(overlap-first): IHC=136, DISH=22, matched(1核)=17 (其中重疊=17), drop-out(競爭落敗)=7, 無候選(計入)=112, factor=1.50, min_reach=20.0
2026-07-26 13:09:47,925 - m3_module.m3_elastic_matching - INFO - elastic_dish_nucleus_matching(overlap-first): IHC=100, DISH=6, matched(1核)=4 (其中重疊=4), drop-out(競爭落敗)=0, 無候選(計入)=96, factor=1.50, min_reach=20.0
2026-07-26 13:09:47,964 - m3_module.m3_cells_generator - INFO - enlarge_cell_instances: 147 顆細胞, factor=1.50(面積), 中位半徑=26.8px, 外擴=6.0px
2026-07-26 13:09:47,976 - m3_module.m3_cells_generator - INFO - enlarge_cell_instances: 124 顆細胞, factor=1.50(面積), 中位半徑=25.2px, 外擴=5.7px
2026-07-26 13:09:47,998 - m3_module.m3_elastic_matching - INFO - elastic_dish_nucleus_matching(overlap-first): IHC=147, DISH=30, matched(1核)=18 (其中重疊=18), drop-out(競爭落敗)=7, 無候選(計入)=122, factor=1.50, min_reach=20.0
2026-07-26 13:09:48,008 - m3_module.m3_elastic_matching - INFO - elastic_dish_nucleus_matching(overlap-first): IHC=124, DISH=23, matched(1核)=20 (其中重疊=20), drop-out(競爭落敗)=13, 無候選(計入)=91, factor=1.50, min_reach=20.0
2026-07-26 13:09:48,069 - m3_module.m3_dot_detection - INFO - detect_all_dots: 紅點=1, 黑點=2, 涉及細胞=100
2026-07-26 13:09:48,121 - m3_module.m3_dot_detection - INFO - detect_all_dots: 紅點=31, 黑點=46, 涉及細胞=136
2026-07-26 13:09:48,177 - m3_module.m3_dot_detection - INFO - detect_all_dots: 紅點=24, 黑點=31, 涉及細胞=147
2026-07-26 13:09:48,259 - m3_module.m3_dot_detection - INFO - detect_all_dots: 紅點=52, 黑點=87, 涉及細胞=124
2026-07-26 13:09:48,281 - m4_module.cell_crops - INFO - 匯出 43 張 per-cell 影像至 /data/taro_Projects/tsgh/output/r7_run/cell_crops/tile_x2304_y13056/cells
2026-07-26 13:09:48,281 - hybrid_pipeline - INFO - Tile tile_x2304_y13056 完成: 核心擁有 43 細胞 (43 陽性), 1.68 秒
2026-07-26 13:09:48,479 - m4_module.cell_crops - INFO - 匯出 65 張 per-cell 影像至 /data/taro_Projects/tsgh/output/r7_run/cell_crops/tile_x768_y13056/cells
2026-07-26 13:09:48,479 - hybrid_pipeline - INFO - Tile tile_x768_y13056 完成: 核心擁有 65 細胞 (65 陽性), 1.96 秒
2026-07-26 13:09:48,573 - m4_module.cell_crops - INFO - 匯出 72 張 per-cell 影像至 /data/taro_Projects/tsgh/output/r7_run/cell_crops/tile_x1536_y13056/cells
2026-07-26 13:09:48,573 - hybrid_pipeline - INFO - Tile tile_x1536_y13056 完成: 核心擁有 72 細胞 (72 陽性), 1.89 秒
2026-07-26 13:09:48,576 - m4_module.cell_crops - INFO - 匯出 89 張 per-cell 影像至 /data/taro_Projects/tsgh/output/r7_run/cell_crops/tile_x0_y13056/cells
2026-07-26 13:09:48,576 - hybrid_pipeline - INFO - Tile tile_x0_y13056 完成: 核心擁有 89 細胞 (89 陽性), 2.06 秒
2026-07-26 13:09:48,992 - hybrid_pipeline - INFO - [409/576] 已回收 tile_x768_y13056
2026-07-26 13:09:49,023 - m3_module.m3_cells_generator - INFO - All-positive 標註完成: 134 個細胞
2026-07-26 13:09:49,024 - hybrid_pipeline - INFO - [410/576] 已回收 tile_x0_y13056
2026-07-26 13:09:49,030 - hybrid_pipeline - INFO - [411/576] 已回收 tile_x2304_y13056
2026-07-26 13:09:49,059 - hybrid_pipeline - INFO - [412/576] 已回收 tile_x1536_y13056
2026-07-26 13:09:49,059 - m3_module.m3_cells_generator - INFO - All-positive 標註完成: 17 個細胞
2026-07-26 13:09:49,061 - m3_module.m3_cells_generator - INFO - All-positive 標註完成: 109 個細胞
2026-07-26 13:09:49,085 - m3_module.m3_cells_generator - INFO - enlarge_cell_instances: 134 顆細胞, factor=1.50(面積), 中位半徑=20.1px, 外擴=4.5px
2026-07-26 13:09:49,086 - m3_module.m3_cells_generator - INFO - All-positive 標註完成: 103 個細胞
2026-07-26 13:09:49,100 - m3_module.m3_cells_generator - INFO - enlarge_cell_instances: 17 顆細胞, factor=1.50(面積), 中位半徑=23.3px, 外擴=5.2px
2026-07-26 13:09:49,118 - m3_module.m3_elastic_matching - INFO - elastic_dish_nucleus_matching(overlap-first): IHC=134, DISH=58, matched(1核)=34 (其中重疊=34), drop-out(競爭落敗)=8, 無候選(計入)=92, factor=1.50, min_reach=20.0
2026-07-26 13:09:49,123 - m3_module.m3_cells_generator - INFO - enlarge_cell_instances: 109 顆細胞, factor=1.50(面積), 中位半徑=25.2px, 外擴=5.7px
2026-07-26 13:09:49,127 - m3_module.m3_elastic_matching - INFO - elastic_dish_nucleus_matching(overlap-first): IHC=17, DISH=2, matched(1核)=1 (其中重疊=1), drop-out(競爭落敗)=0, 無候選(計入)=16, factor=1.50, min_reach=20.0
2026-07-26 13:09:49,150 - m3_module.m3_cells_generator - INFO - enlarge_cell_instances: 103 顆細胞, factor=1.50(面積), 中位半徑=24.8px, 外擴=5.6px
2026-07-26 13:09:49,156 - m3_module.m3_elastic_matching - INFO - elastic_dish_nucleus_matching(overlap-first): IHC=109, DISH=31, matched(1核)=17 (其中重疊=17), drop-out(競爭落敗)=5, 無候選(計入)=87, factor=1.50, min_reach=20.0
2026-07-26 13:09:49,180 - m3_module.m3_elastic_matching - INFO - elastic_dish_nucleus_matching(overlap-first): IHC=103, DISH=15, matched(1核)=13 (其中重疊=13), drop-out(競爭落敗)=7, 無候選(計入)=83, factor=1.50, min_reach=20.0
2026-07-26 13:09:49,258 - m3_module.m3_dot_detection - INFO - detect_all_dots: 紅點=0, 黑點=0, 涉及細胞=17
2026-07-26 13:09:49,319 - m3_module.m3_dot_detection - INFO - detect_all_dots: 紅點=10, 黑點=13, 涉及細胞=109
2026-07-26 13:09:49,339 - m3_module.m3_dot_detection - INFO - detect_all_dots: 紅點=12, 黑點=17, 涉及細胞=103
2026-07-26 13:09:49,350 - m3_module.m3_dot_detection - INFO - detect_all_dots: 紅點=27, 黑點=37, 涉及細胞=134
2026-07-26 13:09:49,358 - m4_module.cell_crops - INFO - 匯出 5 張 per-cell 影像至 /data/taro_Projects/tsgh/output/r7_run/cell_crops/tile_x5376_y13056/cells
2026-07-26 13:09:49,358 - hybrid_pipeline - INFO - Tile tile_x5376_y13056 完成: 核心擁有 5 細胞 (5 陽性), 1.51 秒
2026-07-26 13:09:49,359 - hybrid_pipeline - INFO - [413/576] 已回收 tile_x5376_y13056
2026-07-26 13:09:49,383 - hybrid_pipeline - INFO - Tile tile_x7680_y13056: 核心遮罩全空 → 空白 placeholder
2026-07-26 13:09:49,409 - hybrid_pipeline - INFO - [414/576] 已回收 tile_x7680_y13056
2026-07-26 13:09:49,437 - hybrid_pipeline - INFO - Tile tile_x9984_y13056: 核心遮罩全空 → 空白 placeholder
2026-07-26 13:09:49,454 - hybrid_pipeline - INFO - [415/576] 已回收 tile_x9984_y13056
2026-07-26 13:09:49,480 - hybrid_pipeline - INFO - Tile tile_x9216_y13056: 核心遮罩全空 → 空白 placeholder
2026-07-26 13:09:49,493 - hybrid_pipeline - INFO - [416/576] 已回收 tile_x9216_y13056
2026-07-26 13:09:49,518 - hybrid_pipeline - INFO - Tile tile_x10752_y13056: 核心遮罩全空 → 空白 placeholder
2026-07-26 13:09:49,556 - hybrid_pipeline - INFO - [417/576] 已回收 tile_x10752_y13056
2026-07-26 13:09:49,580 - hybrid_pipeline - INFO - Tile tile_x11520_y13056: 核心遮罩全空 → 空白 placeholder
2026-07-26 13:09:49,623 - m4_module.cell_crops - INFO - 匯出 57 張 per-cell 影像至 /data/taro_Projects/tsgh/output/r7_run/cell_crops/tile_x4608_y13056/cells
2026-07-26 13:09:49,623 - hybrid_pipeline - INFO - Tile tile_x4608_y13056 完成: 核心擁有 57 細胞 (57 陽性), 1.76 秒
2026-07-26 13:09:49,624 - hybrid_pipeline - INFO - [418/576] 已回收 tile_x4608_y13056
2026-07-26 13:09:49,632 - hybrid_pipeline - INFO - [419/576] 已回收 tile_x11520_y13056
2026-07-26 13:09:49,647 - m4_module.cell_crops - INFO - 匯出 55 張 per-cell 影像至 /data/taro_Projects/tsgh/output/r7_run/cell_crops/tile_x3840_y13056/cells
2026-07-26 13:09:49,647 - hybrid_pipeline - INFO - Tile tile_x3840_y13056 完成: 核心擁有 55 細胞 (55 陽性), 1.85 秒
2026-07-26 13:09:49,649 - hybrid_pipeline - INFO - Tile tile_x8448_y13056: 核心遮罩全空 → 空白 placeholder
2026-07-26 13:09:49,662 - hybrid_pipeline - INFO - Tile tile_x13056_y13056: 核心遮罩全空 → 空白 placeholder
2026-07-26 13:09:49,705 - m4_module.cell_crops - INFO - 匯出 86 張 per-cell 影像至 /data/taro_Projects/tsgh/output/r7_run/cell_crops/tile_x3072_y13056/cells
2026-07-26 13:09:49,705 - hybrid_pipeline - INFO - Tile tile_x3072_y13056 完成: 核心擁有 86 細胞 (86 陽性), 1.93 秒
2026-07-26 13:09:49,726 - hybrid_pipeline - INFO - [420/576] 已回收 tile_x13056_y13056
2026-07-26 13:09:49,732 - hybrid_pipeline - INFO - [421/576] 已回收 tile_x8448_y13056
2026-07-26 13:09:49,756 - hybrid_pipeline - INFO - Tile tile_x12288_y13056: 核心遮罩全空 → 空白 placeholder
2026-07-26 13:09:49,762 - hybrid_pipeline - INFO - Tile tile_x14592_y13056: 核心遮罩全空 → 空白 placeholder
2026-07-26 13:09:49,801 - hybrid_pipeline - INFO - [422/576] 已回收 tile_x14592_y13056
2026-07-26 13:09:49,801 - hybrid_pipeline - INFO - [423/576] 已回收 tile_x12288_y13056
2026-07-26 13:09:49,828 - hybrid_pipeline - INFO - Tile tile_x15360_y13056: 核心遮罩全空 → 空白 placeholder
2026-07-26 13:09:49,830 - hybrid_pipeline - INFO - Tile tile_x13824_y13056: 核心遮罩全空 → 空白 placeholder
2026-07-26 13:09:49,869 - hybrid_pipeline - INFO - [424/576] 已回收 tile_x13824_y13056
2026-07-26 13:09:49,871 - hybrid_pipeline - INFO - [425/576] 已回收 tile_x15360_y13056
2026-07-26 13:09:49,892 - hybrid_pipeline - INFO - [426/576] 已回收 tile_x3072_y13056
2026-07-26 13:09:49,896 - hybrid_pipeline - INFO - Tile tile_x16128_y13056: 核心遮罩全空 → 空白 placeholder
2026-07-26 13:09:49,904 - hybrid_pipeline - INFO - Tile tile_x16896_y13056: 核心遮罩全空 → 空白 placeholder
2026-07-26 13:09:49,921 - m3_module.m3_cells_generator - INFO - All-positive 標註完成: 33 個細胞
2026-07-26 13:09:49,943 - hybrid_pipeline - INFO - [427/576] 已回收 tile_x16896_y13056
2026-07-26 13:09:49,946 - hybrid_pipeline - INFO - [428/576] 已回收 tile_x3840_y13056
2026-07-26 13:09:49,969 - m3_module.m3_cells_generator - INFO - enlarge_cell_instances: 33 顆細胞, factor=1.50(面積), 中位半徑=20.8px, 外擴=4.7px
2026-07-26 13:09:49,976 - hybrid_pipeline - INFO - Tile tile_x17664_y13056: 核心遮罩全空 → 空白 placeholder
2026-07-26 13:09:49,979 - m3_module.m3_cells_generator - INFO - All-positive 標註完成: 3 個細胞
2026-07-26 13:09:49,997 - m3_module.m3_elastic_matching - INFO - elastic_dish_nucleus_matching(overlap-first): IHC=33, DISH=5, matched(1核)=3 (其中重疊=3), drop-out(競爭落敗)=0, 無候選(計入)=30, factor=1.50, min_reach=20.0
2026-07-26 13:09:50,012 - m3_module.m3_cells_generator - INFO - enlarge_cell_instances: 3 顆細胞, factor=1.50(面積), 中位半徑=18.6px, 外擴=4.2px
2026-07-26 13:09:50,134 - m3_module.m3_dot_detection - INFO - detect_all_dots: 紅點=1, 黑點=1, 涉及細胞=33
2026-07-26 13:09:50,159 - m3_module.m3_dot_detection - INFO - detect_all_dots: 紅點=0, 黑點=0, 涉及細胞=3
2026-07-26 13:09:50,202 - m4_module.cell_crops - INFO - 匯出 0 張 per-cell 影像至 /data/taro_Projects/tsgh/output/r7_run/cell_crops/tile_x6912_y13056/cells
2026-07-26 13:09:50,202 - hybrid_pipeline - INFO - Tile tile_x6912_y13056 完成: 核心擁有 0 細胞 (0 陽性), 1.17 秒
2026-07-26 13:09:50,272 - m4_module.cell_crops - INFO - 匯出 30 張 per-cell 影像至 /data/taro_Projects/tsgh/output/r7_run/cell_crops/tile_x6144_y13056/cells
2026-07-26 13:09:50,272 - hybrid_pipeline - INFO - Tile tile_x6144_y13056 完成: 核心擁有 30 細胞 (30 陽性), 1.28 秒
2026-07-26 13:09:51,211 - hybrid_pipeline - INFO - [429/576] 已回收 tile_x6912_y13056
2026-07-26 13:09:51,227 - hybrid_pipeline - INFO - [430/576] 已回收 tile_x17664_y13056
2026-07-26 13:09:51,238 - m3_module.m3_cells_generator - INFO - All-positive 標註完成: 71 個細胞
2026-07-26 13:09:51,256 - hybrid_pipeline - INFO - [431/576] 已回收 tile_x6144_y13056
2026-07-26 13:09:51,259 - m3_module.m3_cells_generator - INFO - All-positive 標註完成: 67 個細胞
2026-07-26 13:09:51,260 - hybrid_pipeline - INFO - [432/576] 已回收 tile_x16128_y13056
2026-07-26 13:09:51,288 - m3_module.m3_cells_generator - INFO - All-positive 標註完成: 115 個細胞
2026-07-26 13:09:51,290 - m3_module.m3_cells_generator - INFO - All-positive 標註完成: 135 個細胞
2026-07-26 13:09:51,299 - m3_module.m3_cells_generator - INFO - enlarge_cell_instances: 71 顆細胞, factor=1.50(面積), 中位半徑=20.6px, 外擴=4.6px
2026-07-26 13:09:51,314 - m3_module.m3_cells_generator - INFO - enlarge_cell_instances: 67 顆細胞, factor=1.50(面積), 中位半徑=24.4px, 外擴=5.5px
2026-07-26 13:09:51,331 - m3_module.m3_elastic_matching - INFO - elastic_dish_nucleus_matching(overlap-first): IHC=71, DISH=11, matched(1核)=10 (其中重疊=10), drop-out(競爭落敗)=0, 無候選(計入)=61, factor=1.50, min_reach=20.0
2026-07-26 13:09:51,352 - m3_module.m3_elastic_matching - INFO - elastic_dish_nucleus_matching(overlap-first): IHC=67, DISH=19, matched(1核)=13 (其中重疊=13), drop-out(競爭落敗)=4, 無候選(計入)=50, factor=1.50, min_reach=20.0
2026-07-26 13:09:51,360 - m3_module.m3_cells_generator - INFO - enlarge_cell_instances: 115 顆細胞, factor=1.50(面積), 中位半徑=30.0px, 外擴=6.7px
2026-07-26 13:09:51,369 - m3_module.m3_cells_generator - INFO - enlarge_cell_instances: 135 顆細胞, factor=1.50(面積), 中位半徑=26.3px, 外擴=5.9px
2026-07-26 13:09:51,400 - m3_module.m3_elastic_matching - INFO - elastic_dish_nucleus_matching(overlap-first): IHC=115, DISH=50, matched(1核)=33 (其中重疊=32), drop-out(競爭落敗)=11, 無候選(計入)=71, factor=1.50, min_reach=20.0
2026-07-26 13:09:51,407 - m3_module.m3_elastic_matching - INFO - elastic_dish_nucleus_matching(overlap-first): IHC=135, DISH=72, matched(1核)=46 (其中重疊=45), drop-out(競爭落敗)=10, 無候選(計入)=79, factor=1.50, min_reach=20.0
2026-07-26 13:09:51,497 - m3_module.m3_dot_detection - INFO - detect_all_dots: 紅點=8, 黑點=15, 涉及細胞=71
2026-07-26 13:09:51,526 - m3_module.m3_dot_detection - INFO - detect_all_dots: 紅點=14, 黑點=16, 涉及細胞=67
2026-07-26 13:09:51,616 - m3_module.m3_dot_detection - INFO - detect_all_dots: 紅點=31, 黑點=44, 涉及細胞=115
2026-07-26 13:09:51,682 - m3_module.m3_dot_detection - INFO - detect_all_dots: 紅點=66, 黑點=83, 涉及細胞=135
2026-07-26 13:09:51,735 - m4_module.cell_crops - INFO - 匯出 34 張 per-cell 影像至 /data/taro_Projects/tsgh/output/r7_run/cell_crops/tile_x3840_y13824/cells
2026-07-26 13:09:51,735 - hybrid_pipeline - INFO - Tile tile_x3840_y13824 完成: 核心擁有 34 細胞 (34 陽性), 1.79 秒
2026-07-26 13:09:51,741 - m4_module.cell_crops - INFO - 匯出 26 張 per-cell 影像至 /data/taro_Projects/tsgh/output/r7_run/cell_crops/tile_x3072_y13824/cells
2026-07-26 13:09:51,742 - hybrid_pipeline - INFO - Tile tile_x3072_y13824 完成: 核心擁有 26 細胞 (26 陽性), 1.80 秒
2026-07-26 13:09:51,996 - m4_module.cell_crops - INFO - 匯出 63 張 per-cell 影像至 /data/taro_Projects/tsgh/output/r7_run/cell_crops/tile_x0_y13824/cells
2026-07-26 13:09:51,996 - hybrid_pipeline - INFO - Tile tile_x0_y13824 完成: 核心擁有 63 細胞 (63 陽性), 2.13 秒
2026-07-26 13:09:52,056 - m4_module.cell_crops - INFO - 匯出 81 張 per-cell 影像至 /data/taro_Projects/tsgh/output/r7_run/cell_crops/tile_x768_y13824/cells
2026-07-26 13:09:52,056 - hybrid_pipeline - INFO - Tile tile_x768_y13824 完成: 核心擁有 81 細胞 (81 陽性), 2.16 秒
2026-07-26 13:09:52,380 - hybrid_pipeline - INFO - [433/576] 已回收 tile_x3840_y13824
2026-07-26 13:09:52,413 - m3_module.m3_cells_generator - INFO - All-positive 標註完成: 97 個細胞
2026-07-26 13:09:52,434 - hybrid_pipeline - INFO - [434/576] 已回收 tile_x3072_y13824
2026-07-26 13:09:52,464 - m3_module.m3_cells_generator - INFO - All-positive 標註完成: 103 個細胞
2026-07-26 13:09:52,474 - m3_module.m3_cells_generator - INFO - enlarge_cell_instances: 97 顆細胞, factor=1.50(面積), 中位半徑=23.0px, 外擴=5.2px
2026-07-26 13:09:52,499 - hybrid_pipeline - INFO - [435/576] 已回收 tile_x0_y13824
2026-07-26 13:09:52,502 - hybrid_pipeline - INFO - [436/576] 已回收 tile_x768_y13824
2026-07-26 13:09:52,503 - m3_module.m3_elastic_matching - INFO - elastic_dish_nucleus_matching(overlap-first): IHC=97, DISH=25, matched(1核)=20 (其中重疊=20), drop-out(競爭落敗)=12, 無候選(計入)=65, factor=1.50, min_reach=20.0
2026-07-26 13:09:52,537 - m3_module.m3_cells_generator - INFO - enlarge_cell_instances: 103 顆細胞, factor=1.50(面積), 中位半徑=27.0px, 外擴=6.1px
2026-07-26 13:09:52,546 - m3_module.m3_cells_generator - INFO - All-positive 標註完成: 136 個細胞
2026-07-26 13:09:52,547 - m3_module.m3_cells_generator - INFO - All-positive 標註完成: 80 個細胞
2026-07-26 13:09:52,570 - m3_module.m3_elastic_matching - INFO - elastic_dish_nucleus_matching(overlap-first): IHC=103, DISH=66, matched(1核)=46 (其中重疊=46), drop-out(競爭落敗)=12, 無候選(計入)=45, factor=1.50, min_reach=20.0
2026-07-26 13:09:52,592 - m3_module.m3_cells_generator - INFO - enlarge_cell_instances: 80 顆細胞, factor=1.50(面積), 中位半徑=23.8px, 外擴=5.3px
2026-07-26 13:09:52,605 - m3_module.m3_cells_generator - INFO - enlarge_cell_instances: 136 顆細胞, factor=1.50(面積), 中位半徑=22.3px, 外擴=5.0px
2026-07-26 13:09:52,620 - m3_module.m3_elastic_matching - INFO - elastic_dish_nucleus_matching(overlap-first): IHC=80, DISH=3, matched(1核)=2 (其中重疊=2), drop-out(競爭落敗)=2, 無候選(計入)=76, factor=1.50, min_reach=20.0
2026-07-26 13:09:52,635 - m3_module.m3_elastic_matching - INFO - elastic_dish_nucleus_matching(overlap-first): IHC=136, DISH=24, matched(1核)=19 (其中重疊=19), drop-out(競爭落敗)=4, 無候選(計入)=113, factor=1.50, min_reach=20.0
2026-07-26 13:09:52,711 - m3_module.m3_dot_detection - INFO - detect_all_dots: 紅點=30, 黑點=38, 涉及細胞=97
2026-07-26 13:09:52,747 - m3_module.m3_dot_detection - INFO - detect_all_dots: 紅點=1, 黑點=0, 涉及細胞=80
2026-07-26 13:09:52,782 - cellpose.dynamics - INFO - No cell pixels found.
2026-07-26 13:09:52,816 - m3_module.m3_dot_detection - INFO - detect_all_dots: 紅點=22, 黑點=30, 涉及細胞=136
2026-07-26 13:09:52,916 - m3_module.m3_dot_detection - INFO - detect_all_dots: 紅點=94, 黑點=121, 涉及細胞=103
2026-07-26 13:09:52,958 - m4_module.cell_crops - INFO - 匯出 45 張 per-cell 影像至 /data/taro_Projects/tsgh/output/r7_run/cell_crops/tile_x5376_y13824/cells
2026-07-26 13:09:52,958 - hybrid_pipeline - INFO - Tile tile_x5376_y13824 完成: 核心擁有 45 細胞 (45 陽性), 1.70 秒
2026-07-26 13:09:52,960 - hybrid_pipeline - INFO - [437/576] 已回收 tile_x5376_y13824
2026-07-26 13:09:52,962 - m4_module.cell_crops - INFO - 匯出 75 張 per-cell 影像至 /data/taro_Projects/tsgh/output/r7_run/cell_crops/tile_x2304_y13824/cells
2026-07-26 13:09:52,962 - hybrid_pipeline - INFO - Tile tile_x2304_y13824 完成: 核心擁有 75 細胞 (75 陽性), 1.75 秒
2026-07-26 13:09:52,983 - hybrid_pipeline - INFO - Tile tile_x10752_y13824: 核心遮罩全空 → 空白 placeholder
2026-07-26 13:09:53,111 - m4_module.cell_crops - INFO - 匯出 83 張 per-cell 影像至 /data/taro_Projects/tsgh/output/r7_run/cell_crops/tile_x4608_y13824/cells
2026-07-26 13:09:53,112 - hybrid_pipeline - INFO - Tile tile_x4608_y13824 完成: 核心擁有 83 細胞 (83 陽性), 1.86 秒
2026-07-26 13:09:53,113 - hybrid_pipeline - INFO - [438/576] 已回收 tile_x4608_y13824
2026-07-26 13:09:53,138 - hybrid_pipeline - INFO - Tile tile_x8448_y13824: 核心遮罩全空 → 空白 placeholder
2026-07-26 13:09:53,194 - hybrid_pipeline - INFO - [439/576] 已回收 tile_x8448_y13824
2026-07-26 13:09:53,205 - m4_module.cell_crops - INFO - 匯出 48 張 per-cell 影像至 /data/taro_Projects/tsgh/output/r7_run/cell_crops/tile_x1536_y13824/cells
2026-07-26 13:09:53,206 - hybrid_pipeline - INFO - Tile tile_x1536_y13824 完成: 核心擁有 48 細胞 (48 陽性), 1.98 秒
2026-07-26 13:09:53,223 - hybrid_pipeline - INFO - Tile tile_x9216_y13824: 核心遮罩全空 → 空白 placeholder
2026-07-26 13:09:53,249 - hybrid_pipeline - INFO - [440/576] 已回收 tile_x1536_y13824
2026-07-26 13:09:53,253 - m3_module.m3_cells_generator - INFO - All-positive 標註完成: 0 個細胞
2026-07-26 13:09:53,261 - hybrid_pipeline - INFO - [441/576] 已回收 tile_x9216_y13824
2026-07-26 13:09:53,278 - hybrid_pipeline - INFO - [442/576] 已回收 tile_x2304_y13824
2026-07-26 13:09:53,293 - hybrid_pipeline - INFO - Tile tile_x9984_y13824: 核心遮罩全空 → 空白 placeholder
2026-07-26 13:09:53,305 - m3_module.m3_cells_generator - INFO - All-positive 標註完成: 6 個細胞
2026-07-26 13:09:53,337 - m3_module.m3_cells_generator - INFO - enlarge_cell_instances: 6 顆細胞, factor=1.50(面積), 中位半徑=21.6px, 外擴=4.9px
2026-07-26 13:09:53,348 - hybrid_pipeline - INFO - [443/576] 已回收 tile_x9984_y13824
2026-07-26 13:09:53,363 - cellpose.dynamics - INFO - No cell pixels found.
2026-07-26 13:09:53,377 - hybrid_pipeline - INFO - Tile tile_x12288_y13824: 核心遮罩全空 → 空白 placeholder
2026-07-26 13:09:53,386 - hybrid_pipeline - INFO - [444/576] 已回收 tile_x12288_y13824
2026-07-26 13:09:53,389 - m3_module.m3_dot_detection - INFO - detect_all_dots: 紅點=0, 黑點=0, 涉及細胞=0
2026-07-26 13:09:53,412 - hybrid_pipeline - INFO - Tile tile_x16128_y13824: 核心遮罩全空 → 空白 placeholder
2026-07-26 13:09:53,422 - m4_module.cell_crops - INFO - 匯出 0 張 per-cell 影像至 /data/taro_Projects/tsgh/output/r7_run/cell_crops/tile_x7680_y13824/cells
2026-07-26 13:09:53,422 - hybrid_pipeline - INFO - Tile tile_x7680_y13824 完成: 核心擁有 0 細胞 (0 陽性), 0.99 秒
2026-07-26 13:09:53,422 - hybrid_pipeline - INFO - [445/576] 已回收 tile_x7680_y13824
2026-07-26 13:09:53,423 - hybrid_pipeline - INFO - [446/576] 已回收 tile_x16128_y13824
2026-07-26 13:09:53,447 - hybrid_pipeline - INFO - Tile tile_x11520_y13824: 核心遮罩全空 → 空白 placeholder
2026-07-26 13:09:53,448 - hybrid_pipeline - INFO - Tile tile_x13056_y13824: 核心遮罩全空 → 空白 placeholder
2026-07-26 13:09:53,476 - m3_module.m3_dot_detection - INFO - detect_all_dots: 紅點=0, 黑點=0, 涉及細胞=6
2026-07-26 13:09:53,479 - hybrid_pipeline - INFO - [447/576] 已回收 tile_x13056_y13824
2026-07-26 13:09:53,483 - hybrid_pipeline - INFO - [448/576] 已回收 tile_x11520_y13824
2026-07-26 13:09:53,503 - hybrid_pipeline - INFO - Tile tile_x13824_y13824: 核心遮罩全空 → 空白 placeholder
2026-07-26 13:09:53,509 - hybrid_pipeline - INFO - Tile tile_x15360_y13824: 核心遮罩全空 → 空白 placeholder
2026-07-26 13:09:53,529 - m4_module.cell_crops - INFO - 匯出 5 張 per-cell 影像至 /data/taro_Projects/tsgh/output/r7_run/cell_crops/tile_x6144_y13824/cells
2026-07-26 13:09:53,529 - hybrid_pipeline - INFO - Tile tile_x6144_y13824 完成: 核心擁有 5 細胞 (5 陽性), 1.15 秒
2026-07-26 13:09:53,530 - hybrid_pipeline - INFO - [449/576] 已回收 tile_x6144_y13824
2026-07-26 13:09:53,552 - hybrid_pipeline - INFO - Tile tile_x14592_y13824: 核心遮罩全空 → 空白 placeholder
2026-07-26 13:09:53,560 - hybrid_pipeline - INFO - [450/576] 已回收 tile_x13824_y13824
2026-07-26 13:09:53,564 - hybrid_pipeline - INFO - [451/576] 已回收 tile_x15360_y13824
2026-07-26 13:09:53,590 - hybrid_pipeline - INFO - Tile tile_x17664_y13824: 核心遮罩全空 → 空白 placeholder
2026-07-26 13:09:53,592 - hybrid_pipeline - INFO - Tile tile_x16896_y13824: 核心遮罩全空 → 空白 placeholder
2026-07-26 13:09:53,840 - hybrid_pipeline - INFO - [452/576] 已回收 tile_x10752_y13824
2026-07-26 13:09:53,844 - m3_module.m3_cells_generator - INFO - All-positive 標註完成: 0 個細胞
2026-07-26 13:09:53,976 - m3_module.m3_dot_detection - INFO - detect_all_dots: 紅點=0, 黑點=0, 涉及細胞=0
2026-07-26 13:09:54,011 - m4_module.cell_crops - INFO - 匯出 0 張 per-cell 影像至 /data/taro_Projects/tsgh/output/r7_run/cell_crops/tile_x6912_y13824/cells
2026-07-26 13:09:54,011 - hybrid_pipeline - INFO - Tile tile_x6912_y13824 完成: 核心擁有 0 細胞 (0 陽性), 1.05 秒
2026-07-26 13:09:54,600 - hybrid_pipeline - INFO - [453/576] 已回收 tile_x14592_y13824
2026-07-26 13:09:54,630 - m3_module.m3_cells_generator - INFO - All-positive 標註完成: 92 個細胞
2026-07-26 13:09:54,692 - m3_module.m3_cells_generator - INFO - enlarge_cell_instances: 92 顆細胞, factor=1.50(面積), 中位半徑=23.4px, 外擴=5.3px
2026-07-26 13:09:54,725 - m3_module.m3_elastic_matching - INFO - elastic_dish_nucleus_matching(overlap-first): IHC=92, DISH=76, matched(1核)=36 (其中重疊=36), drop-out(競爭落敗)=2, 無候選(計入)=54, factor=1.50, min_reach=20.0
2026-07-26 13:09:54,749 - hybrid_pipeline - INFO - [454/576] 已回收 tile_x17664_y13824
2026-07-26 13:09:54,764 - hybrid_pipeline - INFO - [455/576] 已回收 tile_x16896_y13824
2026-07-26 13:09:54,786 - m3_module.m3_cells_generator - INFO - All-positive 標註完成: 57 個細胞
2026-07-26 13:09:54,800 - m3_module.m3_cells_generator - INFO - All-positive 標註完成: 52 個細胞
2026-07-26 13:09:54,807 - hybrid_pipeline - INFO - [456/576] 已回收 tile_x6912_y13824
2026-07-26 13:09:54,836 - m3_module.m3_cells_generator - INFO - All-positive 標註完成: 66 個細胞
2026-07-26 13:09:54,852 - m3_module.m3_cells_generator - INFO - enlarge_cell_instances: 57 顆細胞, factor=1.50(面積), 中位半徑=32.0px, 外擴=7.2px
2026-07-26 13:09:54,857 - m3_module.m3_cells_generator - INFO - enlarge_cell_instances: 52 顆細胞, factor=1.50(面積), 中位半徑=28.5px, 外擴=6.4px
2026-07-26 13:09:54,885 - m3_module.m3_elastic_matching - INFO - elastic_dish_nucleus_matching(overlap-first): IHC=57, DISH=20, matched(1核)=18 (其中重疊=18), drop-out(競爭落敗)=7, 無候選(計入)=32, factor=1.50, min_reach=20.0
2026-07-26 13:09:54,887 - m3_module.m3_elastic_matching - INFO - elastic_dish_nucleus_matching(overlap-first): IHC=52, DISH=14, matched(1核)=13 (其中重疊=13), drop-out(競爭落敗)=6, 無候選(計入)=33, factor=1.50, min_reach=20.0
2026-07-26 13:09:54,890 - m3_module.m3_cells_generator - INFO - enlarge_cell_instances: 66 顆細胞, factor=1.50(面積), 中位半徑=23.6px, 外擴=5.3px
2026-07-26 13:09:54,922 - m3_module.m3_elastic_matching - INFO - elastic_dish_nucleus_matching(overlap-first): IHC=66, DISH=11, matched(1核)=6 (其中重疊=6), drop-out(競爭落敗)=2, 無候選(計入)=58, factor=1.50, min_reach=20.0
2026-07-26 13:09:54,952 - m3_module.m3_dot_detection - INFO - detect_all_dots: 紅點=36, 黑點=44, 涉及細胞=92
2026-07-26 13:09:55,055 - m3_module.m3_dot_detection - INFO - detect_all_dots: 紅點=13, 黑點=16, 涉及細胞=52
2026-07-26 13:09:55,059 - m3_module.m3_dot_detection - INFO - detect_all_dots: 紅點=4, 黑點=5, 涉及細胞=66
2026-07-26 13:09:55,077 - m3_module.m3_dot_detection - INFO - detect_all_dots: 紅點=26, 黑點=33, 涉及細胞=57
2026-07-26 13:09:55,251 - m4_module.cell_crops - INFO - 匯出 34 張 per-cell 影像至 /data/taro_Projects/tsgh/output/r7_run/cell_crops/tile_x0_y14592/cells
2026-07-26 13:09:55,251 - hybrid_pipeline - INFO - Tile tile_x0_y14592 完成: 核心擁有 34 細胞 (34 陽性), 1.69 秒
2026-07-26 13:09:55,266 - m4_module.cell_crops - INFO - 匯出 54 張 per-cell 影像至 /data/taro_Projects/tsgh/output/r7_run/cell_crops/tile_x2304_y14592/cells
2026-07-26 13:09:55,266 - hybrid_pipeline - INFO - Tile tile_x2304_y14592 完成: 核心擁有 54 細胞 (54 陽性), 1.74 秒
2026-07-26 13:09:55,275 - m4_module.cell_crops - INFO - 匯出 39 張 per-cell 影像至 /data/taro_Projects/tsgh/output/r7_run/cell_crops/tile_x3840_y14592/cells
2026-07-26 13:09:55,275 - hybrid_pipeline - INFO - Tile tile_x3840_y14592 完成: 核心擁有 39 細胞 (39 陽性), 1.44 秒
2026-07-26 13:09:55,320 - m4_module.cell_crops - INFO - 匯出 30 張 per-cell 影像至 /data/taro_Projects/tsgh/output/r7_run/cell_crops/tile_x768_y14592/cells
2026-07-26 13:09:55,320 - hybrid_pipeline - INFO - Tile tile_x768_y14592 完成: 核心擁有 30 細胞 (30 陽性), 1.76 秒
2026-07-26 13:09:55,703 - hybrid_pipeline - INFO - [457/576] 已回收 tile_x2304_y14592
2026-07-26 13:09:55,737 - m3_module.m3_cells_generator - INFO - All-positive 標註完成: 89 個細胞
2026-07-26 13:09:55,801 - m3_module.m3_cells_generator - INFO - enlarge_cell_instances: 89 顆細胞, factor=1.50(面積), 中位半徑=28.0px, 外擴=6.3px
2026-07-26 13:09:55,826 - hybrid_pipeline - INFO - [458/576] 已回收 tile_x768_y14592
2026-07-26 13:09:55,832 - m3_module.m3_elastic_matching - INFO - elastic_dish_nucleus_matching(overlap-first): IHC=89, DISH=29, matched(1核)=19 (其中重疊=18), drop-out(競爭落敗)=4, 無候選(計入)=66, factor=1.50, min_reach=20.0
2026-07-26 13:09:55,853 - hybrid_pipeline - INFO - [459/576] 已回收 tile_x0_y14592
2026-07-26 13:09:55,862 - m3_module.m3_cells_generator - INFO - All-positive 標註完成: 67 個細胞
2026-07-26 13:09:55,864 - hybrid_pipeline - INFO - [460/576] 已回收 tile_x3840_y14592
2026-07-26 13:09:55,886 - m3_module.m3_cells_generator - INFO - All-positive 標註完成: 80 個細胞
2026-07-26 13:09:55,895 - m3_module.m3_cells_generator - INFO - All-positive 標註完成: 110 個細胞
2026-07-26 13:09:55,926 - m3_module.m3_cells_generator - INFO - enlarge_cell_instances: 67 顆細胞, factor=1.50(面積), 中位半徑=28.1px, 外擴=6.3px
2026-07-26 13:09:55,945 - m3_module.m3_cells_generator - INFO - enlarge_cell_instances: 80 顆細胞, factor=1.50(面積), 中位半徑=19.9px, 外擴=4.5px
2026-07-26 13:09:55,951 - m3_module.m3_cells_generator - INFO - enlarge_cell_instances: 110 顆細胞, factor=1.50(面積), 中位半徑=22.7px, 外擴=5.1px
2026-07-26 13:09:55,957 - m3_module.m3_elastic_matching - INFO - elastic_dish_nucleus_matching(overlap-first): IHC=67, DISH=38, matched(1核)=28 (其中重疊=28), drop-out(競爭落敗)=3, 無候選(計入)=36, factor=1.50, min_reach=20.0
2026-07-26 13:09:55,975 - m3_module.m3_elastic_matching - INFO - elastic_dish_nucleus_matching(overlap-first): IHC=80, DISH=9, matched(1核)=8 (其中重疊=8), drop-out(競爭落敗)=1, 無候選(計入)=71, factor=1.50, min_reach=20.0
2026-07-26 13:09:55,981 - m3_module.m3_elastic_matching - INFO - elastic_dish_nucleus_matching(overlap-first): IHC=110, DISH=10, matched(1核)=6 (其中重疊=6), drop-out(競爭落敗)=1, 無候選(計入)=103, factor=1.50, min_reach=20.0
2026-07-26 13:09:56,021 - m3_module.m3_dot_detection - INFO - detect_all_dots: 紅點=16, 黑點=24, 涉及細胞=89
2026-07-26 13:09:56,117 - m3_module.m3_dot_detection - INFO - detect_all_dots: 紅點=1, 黑點=6, 涉及細胞=110
2026-07-26 13:09:56,118 - m3_module.m3_dot_detection - INFO - detect_all_dots: 紅點=6, 黑點=11, 涉及細胞=80
2026-07-26 13:09:56,158 - m3_module.m3_dot_detection - INFO - detect_all_dots: 紅點=29, 黑點=48, 涉及細胞=67
2026-07-26 13:09:56,319 - m4_module.cell_crops - INFO - 匯出 58 張 per-cell 影像至 /data/taro_Projects/tsgh/output/r7_run/cell_crops/tile_x3072_y14592/cells
2026-07-26 13:09:56,319 - hybrid_pipeline - INFO - Tile tile_x3072_y14592 完成: 核心擁有 58 細胞 (58 陽性), 1.72 秒
2026-07-26 13:09:56,326 - m4_module.cell_crops - INFO - 匯出 32 張 per-cell 影像至 /data/taro_Projects/tsgh/output/r7_run/cell_crops/tile_x4608_y14592/cells
2026-07-26 13:09:56,326 - hybrid_pipeline - INFO - Tile tile_x4608_y14592 完成: 核心擁有 32 細胞 (32 陽性), 1.56 秒
2026-07-26 13:09:56,382 - m4_module.cell_crops - INFO - 匯出 23 張 per-cell 影像至 /data/taro_Projects/tsgh/output/r7_run/cell_crops/tile_x1536_y14592/cells
2026-07-26 13:09:56,382 - hybrid_pipeline - INFO - Tile tile_x1536_y14592 完成: 核心擁有 23 細胞 (23 陽性), 1.63 秒
2026-07-26 13:09:56,383 - hybrid_pipeline - INFO - [461/576] 已回收 tile_x1536_y14592
2026-07-26 13:09:56,394 - m4_module.cell_crops - INFO - 匯出 63 張 per-cell 影像至 /data/taro_Projects/tsgh/output/r7_run/cell_crops/tile_x5376_y14592/cells
2026-07-26 13:09:56,394 - hybrid_pipeline - INFO - Tile tile_x5376_y14592 完成: 核心擁有 63 細胞 (63 陽性), 1.59 秒
2026-07-26 13:09:56,395 - hybrid_pipeline - INFO - [462/576] 已回收 tile_x5376_y14592
2026-07-26 13:09:56,408 - hybrid_pipeline - INFO - Tile tile_x10752_y14592: 核心遮罩全空 → 空白 placeholder
2026-07-26 13:09:56,420 - hybrid_pipeline - INFO - Tile tile_x9216_y14592: 核心遮罩全空 → 空白 placeholder
2026-07-26 13:09:56,475 - hybrid_pipeline - INFO - [463/576] 已回收 tile_x9216_y14592
2026-07-26 13:09:56,492 - hybrid_pipeline - INFO - [464/576] 已回收 tile_x3072_y14592
2026-07-26 13:09:56,506 - hybrid_pipeline - INFO - Tile tile_x9984_y14592: 核心遮罩全空 → 空白 placeholder
2026-07-26 13:09:56,518 - m3_module.m3_cells_generator - INFO - All-positive 標註完成: 5 個細胞
2026-07-26 13:09:56,551 - m3_module.m3_cells_generator - INFO - enlarge_cell_instances: 5 顆細胞, factor=1.50(面積), 中位半徑=31.7px, 外擴=7.1px
2026-07-26 13:09:56,639 - hybrid_pipeline - INFO - [465/576] 已回收 tile_x4608_y14592
2026-07-26 13:09:56,669 - m3_module.m3_cells_generator - INFO - All-positive 標註完成: 37 個細胞
2026-07-26 13:09:56,685 - m3_module.m3_dot_detection - INFO - detect_all_dots: 紅點=0, 黑點=0, 涉及細胞=5
2026-07-26 13:09:56,718 - m3_module.m3_cells_generator - INFO - enlarge_cell_instances: 37 顆細胞, factor=1.50(面積), 中位半徑=25.2px, 外擴=5.7px
2026-07-26 13:09:56,740 - m4_module.cell_crops - INFO - 匯出 0 張 per-cell 影像至 /data/taro_Projects/tsgh/output/r7_run/cell_crops/tile_x6144_y14592/cells
2026-07-26 13:09:56,740 - hybrid_pipeline - INFO - Tile tile_x6144_y14592 完成: 核心擁有 0 細胞 (0 陽性), 1.04 秒
2026-07-26 13:09:56,741 - hybrid_pipeline - INFO - [466/576] 已回收 tile_x6144_y14592
2026-07-26 13:09:56,745 - m3_module.m3_elastic_matching - INFO - elastic_dish_nucleus_matching(overlap-first): IHC=37, DISH=30, matched(1核)=22 (其中重疊=22), drop-out(競爭落敗)=3, 無候選(計入)=12, factor=1.50, min_reach=20.0
2026-07-26 13:09:56,771 - hybrid_pipeline - INFO - Tile tile_x11520_y14592: 核心遮罩全空 → 空白 placeholder
2026-07-26 13:09:56,792 - hybrid_pipeline - INFO - [467/576] 已回收 tile_x11520_y14592
2026-07-26 13:09:56,818 - hybrid_pipeline - INFO - Tile tile_x13824_y14592: 核心遮罩全空 → 空白 placeholder
2026-07-26 13:09:56,837 - hybrid_pipeline - INFO - [468/576] 已回收 tile_x13824_y14592
2026-07-26 13:09:56,862 - hybrid_pipeline - INFO - Tile tile_x15360_y14592: 核心遮罩全空 → 空白 placeholder
2026-07-26 13:09:56,881 - hybrid_pipeline - INFO - [469/576] 已回收 tile_x15360_y14592
2026-07-26 13:09:56,905 - hybrid_pipeline - INFO - Tile tile_x13056_y14592: 核心遮罩全空 → 空白 placeholder
2026-07-26 13:09:56,921 - hybrid_pipeline - INFO - [470/576] 已回收 tile_x13056_y14592
2026-07-26 13:09:56,951 - hybrid_pipeline - INFO - Tile tile_x12288_y14592: 核心遮罩全空 → 空白 placeholder
2026-07-26 13:09:56,981 - hybrid_pipeline - INFO - [471/576] 已回收 tile_x12288_y14592
2026-07-26 13:09:56,982 - m3_module.m3_dot_detection - INFO - detect_all_dots: 紅點=54, 黑點=69, 涉及細胞=37
2026-07-26 13:09:57,005 - hybrid_pipeline - INFO - Tile tile_x16128_y14592: 核心遮罩全空 → 空白 placeholder
2026-07-26 13:09:57,061 - hybrid_pipeline - INFO - [472/576] 已回收 tile_x16128_y14592
2026-07-26 13:09:57,093 - hybrid_pipeline - INFO - Tile tile_x16896_y14592: 核心遮罩全空 → 空白 placeholder
2026-07-26 13:09:57,133 - hybrid_pipeline - INFO - [473/576] 已回收 tile_x16896_y14592
2026-07-26 13:09:57,157 - hybrid_pipeline - INFO - Tile tile_x17664_y14592: 核心遮罩全空 → 空白 placeholder
2026-07-26 13:09:57,158 - m4_module.cell_crops - INFO - 匯出 24 張 per-cell 影像至 /data/taro_Projects/tsgh/output/r7_run/cell_crops/tile_x7680_y14592/cells
2026-07-26 13:09:57,158 - hybrid_pipeline - INFO - Tile tile_x7680_y14592 完成: 核心擁有 24 細胞 (24 陽性), 1.30 秒
2026-07-26 13:09:57,158 - hybrid_pipeline - INFO - [474/576] 已回收 tile_x7680_y14592
2026-07-26 13:09:57,183 - hybrid_pipeline - INFO - Tile tile_x14592_y14592: 核心遮罩全空 → 空白 placeholder
2026-07-26 13:09:57,270 - hybrid_pipeline - INFO - [475/576] 已回收 tile_x10752_y14592
2026-07-26 13:09:57,302 - m3_module.m3_cells_generator - INFO - All-positive 標註完成: 19 個細胞
2026-07-26 13:09:57,343 - m3_module.m3_cells_generator - INFO - enlarge_cell_instances: 19 顆細胞, factor=1.50(面積), 中位半徑=25.0px, 外擴=5.6px
2026-07-26 13:09:57,364 - hybrid_pipeline - INFO - [476/576] 已回收 tile_x9984_y14592
2026-07-26 13:09:57,368 - m3_module.m3_elastic_matching - INFO - elastic_dish_nucleus_matching(overlap-first): IHC=19, DISH=9, matched(1核)=5 (其中重疊=5), drop-out(競爭落敗)=1, 無候選(計入)=13, factor=1.50, min_reach=20.0
2026-07-26 13:09:57,401 - m3_module.m3_cells_generator - INFO - All-positive 標註完成: 25 個細胞
2026-07-26 13:09:57,443 - m3_module.m3_cells_generator - INFO - enlarge_cell_instances: 25 顆細胞, factor=1.50(面積), 中位半徑=25.6px, 外擴=5.8px
2026-07-26 13:09:57,471 - m3_module.m3_elastic_matching - INFO - elastic_dish_nucleus_matching(overlap-first): IHC=25, DISH=26, matched(1核)=17 (其中重疊=17), drop-out(競爭落敗)=4, 無候選(計入)=4, factor=1.50, min_reach=20.0
2026-07-26 13:09:57,510 - m3_module.m3_dot_detection - INFO - detect_all_dots: 紅點=8, 黑點=11, 涉及細胞=19
2026-07-26 13:09:57,635 - m4_module.cell_crops - INFO - 匯出 13 張 per-cell 影像至 /data/taro_Projects/tsgh/output/r7_run/cell_crops/tile_x6912_y14592/cells
2026-07-26 13:09:57,635 - hybrid_pipeline - INFO - Tile tile_x6912_y14592 完成: 核心擁有 13 細胞 (13 陽性), 1.25 秒
2026-07-26 13:09:57,696 - m3_module.m3_dot_detection - INFO - detect_all_dots: 紅點=47, 黑點=68, 涉及細胞=25
2026-07-26 13:09:57,809 - m4_module.cell_crops - INFO - 匯出 9 張 per-cell 影像至 /data/taro_Projects/tsgh/output/r7_run/cell_crops/tile_x8448_y14592/cells
2026-07-26 13:09:57,809 - hybrid_pipeline - INFO - Tile tile_x8448_y14592 完成: 核心擁有 9 細胞 (9 陽性), 1.33 秒
2026-07-26 13:09:58,241 - hybrid_pipeline - INFO - [477/576] 已回收 tile_x17664_y14592
2026-07-26 13:09:58,242 - hybrid_pipeline - INFO - [478/576] 已回收 tile_x14592_y14592
2026-07-26 13:09:58,278 - m3_module.m3_cells_generator - INFO - All-positive 標註完成: 8 個細胞
2026-07-26 13:09:58,278 - m3_module.m3_cells_generator - INFO - All-positive 標註完成: 28 個細胞
2026-07-26 13:09:58,307 - m3_module.m3_cells_generator - INFO - enlarge_cell_instances: 8 顆細胞, factor=1.50(面積), 中位半徑=15.1px, 外擴=3.4px
2026-07-26 13:09:58,316 - m3_module.m3_cells_generator - INFO - enlarge_cell_instances: 28 顆細胞, factor=1.50(面積), 中位半徑=17.6px, 外擴=4.0px
2026-07-26 13:09:58,339 - m3_module.m3_elastic_matching - INFO - elastic_dish_nucleus_matching(overlap-first): IHC=8, DISH=4, matched(1核)=3 (其中重疊=3), drop-out(競爭落敗)=1, 無候選(計入)=4, factor=1.50, min_reach=20.0
2026-07-26 13:09:58,343 - m3_module.m3_elastic_matching - INFO - elastic_dish_nucleus_matching(overlap-first): IHC=28, DISH=11, matched(1核)=8 (其中重疊=8), drop-out(競爭落敗)=1, 無候選(計入)=19, factor=1.50, min_reach=20.0
2026-07-26 13:09:58,395 - hybrid_pipeline - INFO - [479/576] 已回收 tile_x8448_y14592
2026-07-26 13:09:58,403 - hybrid_pipeline - INFO - [480/576] 已回收 tile_x6912_y14592
2026-07-26 13:09:58,437 - m3_module.m3_cells_generator - INFO - All-positive 標註完成: 69 個細胞
2026-07-26 13:09:58,441 - m3_module.m3_cells_generator - INFO - All-positive 標註完成: 124 個細胞
2026-07-26 13:09:58,473 - m3_module.m3_dot_detection - INFO - detect_all_dots: 紅點=3, 黑點=4, 涉及細胞=8
2026-07-26 13:09:58,482 - m3_module.m3_cells_generator - INFO - enlarge_cell_instances: 69 顆細胞, factor=1.50(面積), 中位半徑=22.9px, 外擴=5.1px
2026-07-26 13:09:58,491 - m3_module.m3_dot_detection - INFO - detect_all_dots: 紅點=7, 黑點=5, 涉及細胞=28
2026-07-26 13:09:58,502 - m3_module.m3_cells_generator - INFO - enlarge_cell_instances: 124 顆細胞, factor=1.50(面積), 中位半徑=28.7px, 外擴=6.4px
2026-07-26 13:09:58,513 - m3_module.m3_elastic_matching - INFO - elastic_dish_nucleus_matching(overlap-first): IHC=69, DISH=5, matched(1核)=5 (其中重疊=5), drop-out(競爭落敗)=2, 無候選(計入)=62, factor=1.50, min_reach=20.0
2026-07-26 13:09:58,537 - m3_module.m3_elastic_matching - INFO - elastic_dish_nucleus_matching(overlap-first): IHC=124, DISH=76, matched(1核)=47 (其中重疊=47), drop-out(競爭落敗)=5, 無候選(計入)=72, factor=1.50, min_reach=20.0
2026-07-26 13:09:58,551 - m4_module.cell_crops - INFO - 匯出 0 張 per-cell 影像至 /data/taro_Projects/tsgh/output/r7_run/cell_crops/tile_x768_y15360/cells
2026-07-26 13:09:58,551 - hybrid_pipeline - INFO - Tile tile_x768_y15360 完成: 核心擁有 0 細胞 (0 陽性), 1.42 秒
2026-07-26 13:09:58,602 - m4_module.cell_crops - INFO - 匯出 2 張 per-cell 影像至 /data/taro_Projects/tsgh/output/r7_run/cell_crops/tile_x3072_y15360/cells
2026-07-26 13:09:58,602 - hybrid_pipeline - INFO - Tile tile_x3072_y15360 完成: 核心擁有 2 細胞 (2 陽性), 1.44 秒
2026-07-26 13:09:58,650 - m3_module.m3_dot_detection - INFO - detect_all_dots: 紅點=4, 黑點=6, 涉及細胞=69
2026-07-26 13:09:58,786 - m3_module.m3_dot_detection - INFO - detect_all_dots: 紅點=52, 黑點=66, 涉及細胞=124
2026-07-26 13:09:58,816 - m4_module.cell_crops - INFO - 匯出 37 張 per-cell 影像至 /data/taro_Projects/tsgh/output/r7_run/cell_crops/tile_x3840_y15360/cells
2026-07-26 13:09:58,816 - hybrid_pipeline - INFO - Tile tile_x3840_y15360 完成: 核心擁有 37 細胞 (37 陽性), 1.45 秒
2026-07-26 13:09:59,139 - m4_module.cell_crops - INFO - 匯出 73 張 per-cell 影像至 /data/taro_Projects/tsgh/output/r7_run/cell_crops/tile_x2304_y15360/cells
2026-07-26 13:09:59,139 - hybrid_pipeline - INFO - Tile tile_x2304_y15360 完成: 核心擁有 73 細胞 (73 陽性), 1.87 秒
2026-07-26 13:09:59,362 - hybrid_pipeline - INFO - [481/576] 已回收 tile_x768_y15360
2026-07-26 13:09:59,397 - m3_module.m3_cells_generator - INFO - All-positive 標註完成: 15 個細胞
2026-07-26 13:09:59,433 - hybrid_pipeline - INFO - [482/576] 已回收 tile_x3072_y15360
2026-07-26 13:09:59,442 - m3_module.m3_cells_generator - INFO - enlarge_cell_instances: 15 顆細胞, factor=1.50(面積), 中位半徑=31.3px, 外擴=7.0px
2026-07-26 13:09:59,468 - m3_module.m3_cells_generator - INFO - All-positive 標註完成: 106 個細胞
2026-07-26 13:09:59,469 - m3_module.m3_elastic_matching - INFO - elastic_dish_nucleus_matching(overlap-first): IHC=15, DISH=17, matched(1核)=11 (其中重疊=11), drop-out(競爭落敗)=1, 無候選(計入)=3, factor=1.50, min_reach=20.0
2026-07-26 13:09:59,520 - hybrid_pipeline - INFO - [483/576] 已回收 tile_x3840_y15360
2026-07-26 13:09:59,524 - hybrid_pipeline - INFO - [484/576] 已回收 tile_x2304_y15360
2026-07-26 13:09:59,531 - m3_module.m3_cells_generator - INFO - enlarge_cell_instances: 106 顆細胞, factor=1.50(面積), 中位半徑=28.6px, 外擴=6.4px
2026-07-26 13:09:59,554 - m3_module.m3_cells_generator - INFO - All-positive 標註完成: 130 個細胞
2026-07-26 13:09:59,560 - m3_module.m3_cells_generator - INFO - All-positive 標註完成: 102 個細胞
2026-07-26 13:09:59,564 - m3_module.m3_elastic_matching - INFO - elastic_dish_nucleus_matching(overlap-first): IHC=106, DISH=54, matched(1核)=42 (其中重疊=42), drop-out(競爭落敗)=14, 無候選(計入)=50, factor=1.50, min_reach=20.0
2026-07-26 13:09:59,611 - m3_module.m3_cells_generator - INFO - enlarge_cell_instances: 130 顆細胞, factor=1.50(面積), 中位半徑=22.4px, 外擴=5.0px
2026-07-26 13:09:59,624 - m3_module.m3_cells_generator - INFO - enlarge_cell_instances: 102 顆細胞, factor=1.50(面積), 中位半徑=21.9px, 外擴=4.9px
2026-07-26 13:09:59,636 - m3_module.m3_dot_detection - INFO - detect_all_dots: 紅點=13, 黑點=19, 涉及細胞=15
2026-07-26 13:09:59,644 - m3_module.m3_elastic_matching - INFO - elastic_dish_nucleus_matching(overlap-first): IHC=130, DISH=32, matched(1核)=22 (其中重疊=22), drop-out(競爭落敗)=7, 無候選(計入)=101, factor=1.50, min_reach=20.0
2026-07-26 13:09:59,653 - m3_module.m3_elastic_matching - INFO - elastic_dish_nucleus_matching(overlap-first): IHC=102, DISH=14, matched(1核)=10 (其中重疊=10), drop-out(競爭落敗)=7, 無候選(計入)=85, factor=1.50, min_reach=20.0
2026-07-26 13:09:59,758 - m4_module.cell_crops - INFO - 匯出 11 張 per-cell 影像至 /data/taro_Projects/tsgh/output/r7_run/cell_crops/tile_x0_y15360/cells
2026-07-26 13:09:59,758 - hybrid_pipeline - INFO - Tile tile_x0_y15360 完成: 核心擁有 11 細胞 (11 陽性), 1.52 秒
2026-07-26 13:09:59,798 - m3_module.m3_dot_detection - INFO - detect_all_dots: 紅點=4, 黑點=8, 涉及細胞=102
2026-07-26 13:09:59,825 - m3_module.m3_dot_detection - INFO - detect_all_dots: 紅點=52, 黑點=74, 涉及細胞=106
2026-07-26 13:09:59,826 - m3_module.m3_dot_detection - INFO - detect_all_dots: 紅點=15, 黑點=22, 涉及細胞=130
2026-07-26 13:10:00,077 - m4_module.cell_crops - INFO - 匯出 64 張 per-cell 影像至 /data/taro_Projects/tsgh/output/r7_run/cell_crops/tile_x5376_y15360/cells
2026-07-26 13:10:00,077 - hybrid_pipeline - INFO - Tile tile_x5376_y15360 完成: 核心擁有 64 細胞 (64 陽性), 1.67 秒
2026-07-26 13:10:00,135 - m4_module.cell_crops - INFO - 匯出 70 張 per-cell 影像至 /data/taro_Projects/tsgh/output/r7_run/cell_crops/tile_x1536_y15360/cells
2026-07-26 13:10:00,135 - hybrid_pipeline - INFO - Tile tile_x1536_y15360 完成: 核心擁有 70 細胞 (70 陽性), 1.89 秒
2026-07-26 13:10:00,174 - m4_module.cell_crops - INFO - 匯出 67 張 per-cell 影像至 /data/taro_Projects/tsgh/output/r7_run/cell_crops/tile_x4608_y15360/cells
2026-07-26 13:10:00,174 - hybrid_pipeline - INFO - Tile tile_x4608_y15360 完成: 核心擁有 67 細胞 (67 陽性), 1.78 秒
2026-07-26 13:10:00,175 - hybrid_pipeline - INFO - [485/576] 已回收 tile_x4608_y15360
2026-07-26 13:10:00,200 - hybrid_pipeline - INFO - Tile tile_x9984_y15360: 核心遮罩全空 → 空白 placeholder
2026-07-26 13:10:00,264 - hybrid_pipeline - INFO - [486/576] 已回收 tile_x9984_y15360
2026-07-26 13:10:00,297 - hybrid_pipeline - INFO - Tile tile_x10752_y15360: 核心遮罩全空 → 空白 placeholder
2026-07-26 13:10:00,315 - hybrid_pipeline - INFO - [487/576] 已回收 tile_x10752_y15360
2026-07-26 13:10:00,341 - hybrid_pipeline - INFO - [488/576] 已回收 tile_x0_y15360
2026-07-26 13:10:00,341 - hybrid_pipeline - INFO - Tile tile_x9216_y15360: 核心遮罩全空 → 空白 placeholder
2026-07-26 13:10:00,364 - m3_module.m3_cells_generator - INFO - All-positive 標註完成: 68 個細胞
2026-07-26 13:10:00,419 - m3_module.m3_cells_generator - INFO - enlarge_cell_instances: 68 顆細胞, factor=1.50(面積), 中位半徑=18.8px, 外擴=4.2px
2026-07-26 13:10:00,443 - hybrid_pipeline - INFO - [489/576] 已回收 tile_x1536_y15360
2026-07-26 13:10:00,445 - m3_module.m3_elastic_matching - INFO - elastic_dish_nucleus_matching(overlap-first): IHC=68, DISH=5, matched(1核)=4 (其中重疊=4), drop-out(競爭落敗)=3, 無候選(計入)=61, factor=1.50, min_reach=20.0
2026-07-26 13:10:00,471 - m3_module.m3_cells_generator - INFO - All-positive 標註完成: 53 個細胞
2026-07-26 13:10:00,513 - hybrid_pipeline - INFO - [490/576] 已回收 tile_x5376_y15360
2026-07-26 13:10:00,526 - m3_module.m3_cells_generator - INFO - enlarge_cell_instances: 53 顆細胞, factor=1.50(面積), 中位半徑=21.5px, 外擴=4.8px
2026-07-26 13:10:00,539 - m3_module.m3_cells_generator - INFO - All-positive 標註完成: 22 個細胞
2026-07-26 13:10:00,553 - m3_module.m3_elastic_matching - INFO - elastic_dish_nucleus_matching(overlap-first): IHC=53, DISH=61, matched(1核)=34 (其中重疊=34), drop-out(競爭落敗)=5, 無候選(計入)=14, factor=1.50, min_reach=20.0
2026-07-26 13:10:00,582 - m3_module.m3_cells_generator - INFO - enlarge_cell_instances: 22 顆細胞, factor=1.50(面積), 中位半徑=21.9px, 外擴=4.9px
2026-07-26 13:10:00,587 - m3_module.m3_dot_detection - INFO - detect_all_dots: 紅點=6, 黑點=7, 涉及細胞=68
2026-07-26 13:10:00,607 - m3_module.m3_elastic_matching - INFO - elastic_dish_nucleus_matching(overlap-first): IHC=22, DISH=30, matched(1核)=15 (其中重疊=15), drop-out(競爭落敗)=1, 無候選(計入)=6, factor=1.50, min_reach=20.0
2026-07-26 13:10:00,765 - m4_module.cell_crops - INFO - 匯出 28 張 per-cell 影像至 /data/taro_Projects/tsgh/output/r7_run/cell_crops/tile_x6144_y15360/cells
2026-07-26 13:10:00,765 - hybrid_pipeline - INFO - Tile tile_x6144_y15360 完成: 核心擁有 28 細胞 (28 陽性), 1.40 秒
2026-07-26 13:10:00,766 - hybrid_pipeline - INFO - [491/576] 已回收 tile_x6144_y15360
2026-07-26 13:10:00,792 - hybrid_pipeline - INFO - Tile tile_x11520_y15360: 核心遮罩全空 → 空白 placeholder
2026-07-26 13:10:00,798 - m3_module.m3_dot_detection - INFO - detect_all_dots: 紅點=31, 黑點=48, 涉及細胞=22
2026-07-26 13:10:00,808 - m3_module.m3_dot_detection - INFO - detect_all_dots: 紅點=64, 黑點=79, 涉及細胞=53
2026-07-26 13:10:00,817 - hybrid_pipeline - INFO - [492/576] 已回收 tile_x11520_y15360
2026-07-26 13:10:00,841 - hybrid_pipeline - INFO - Tile tile_x13824_y15360: 核心遮罩全空 → 空白 placeholder
2026-07-26 13:10:00,878 - hybrid_pipeline - INFO - [493/576] 已回收 tile_x13824_y15360
2026-07-26 13:10:00,908 - hybrid_pipeline - INFO - Tile tile_x15360_y15360: 核心遮罩全空 → 空白 placeholder
2026-07-26 13:10:00,921 - m4_module.cell_crops - INFO - 匯出 10 張 per-cell 影像至 /data/taro_Projects/tsgh/output/r7_run/cell_crops/tile_x8448_y15360/cells
2026-07-26 13:10:00,921 - hybrid_pipeline - INFO - Tile tile_x8448_y15360 完成: 核心擁有 10 細胞 (10 陽性), 1.40 秒
2026-07-26 13:10:00,922 - hybrid_pipeline - INFO - [494/576] 已回收 tile_x8448_y15360
2026-07-26 13:10:00,938 - hybrid_pipeline - INFO - [495/576] 已回收 tile_x15360_y15360
2026-07-26 13:10:00,946 - hybrid_pipeline - INFO - Tile tile_x13056_y15360: 核心遮罩全空 → 空白 placeholder
2026-07-26 13:10:00,961 - hybrid_pipeline - INFO - Tile tile_x14592_y15360: 核心遮罩全空 → 空白 placeholder
2026-07-26 13:10:00,987 - hybrid_pipeline - INFO - [496/576] 已回收 tile_x13056_y15360
2026-07-26 13:10:00,991 - hybrid_pipeline - INFO - [497/576] 已回收 tile_x14592_y15360
2026-07-26 13:10:01,009 - m4_module.cell_crops - INFO - 匯出 21 張 per-cell 影像至 /data/taro_Projects/tsgh/output/r7_run/cell_crops/tile_x7680_y15360/cells
2026-07-26 13:10:01,009 - hybrid_pipeline - INFO - Tile tile_x7680_y15360 完成: 核心擁有 21 細胞 (21 陽性), 1.58 秒
2026-07-26 13:10:01,010 - hybrid_pipeline - INFO - [498/576] 已回收 tile_x7680_y15360
2026-07-26 13:10:01,017 - hybrid_pipeline - INFO - Tile tile_x16896_y15360: 核心遮罩全空 → 空白 placeholder
2026-07-26 13:10:01,018 - hybrid_pipeline - INFO - Tile tile_x16128_y15360: 核心遮罩全空 → 空白 placeholder
2026-07-26 13:10:01,033 - hybrid_pipeline - INFO - Tile tile_x12288_y15360: 核心遮罩全空 → 空白 placeholder
2026-07-26 13:10:01,045 - hybrid_pipeline - INFO - [499/576] 已回收 tile_x16128_y15360
2026-07-26 13:10:01,073 - hybrid_pipeline - INFO - Tile tile_x17664_y15360: 核心遮罩全空 → 空白 placeholder
2026-07-26 13:10:01,167 - hybrid_pipeline - INFO - [500/576] 已回收 tile_x9216_y15360
2026-07-26 13:10:01,192 - m3_module.m3_cells_generator - INFO - All-positive 標註完成: 88 個細胞
2026-07-26 13:10:01,246 - m3_module.m3_cells_generator - INFO - enlarge_cell_instances: 88 顆細胞, factor=1.50(面積), 中位半徑=21.0px, 外擴=4.7px
2026-07-26 13:10:01,274 - m3_module.m3_elastic_matching - INFO - elastic_dish_nucleus_matching(overlap-first): IHC=88, DISH=63, matched(1核)=38 (其中重疊=38), drop-out(競爭落敗)=4, 無候選(計入)=46, factor=1.50, min_reach=20.0
2026-07-26 13:10:01,508 - m3_module.m3_dot_detection - INFO - detect_all_dots: 紅點=46, 黑點=68, 涉及細胞=88
2026-07-26 13:10:01,781 - m4_module.cell_crops - INFO - 匯出 47 張 per-cell 影像至 /data/taro_Projects/tsgh/output/r7_run/cell_crops/tile_x6912_y15360/cells
2026-07-26 13:10:01,781 - hybrid_pipeline - INFO - Tile tile_x6912_y15360 完成: 核心擁有 47 細胞 (47 陽性), 1.47 秒
2026-07-26 13:10:02,168 - hybrid_pipeline - INFO - [501/576] 已回收 tile_x12288_y15360
2026-07-26 13:10:02,203 - m3_module.m3_cells_generator - INFO - All-positive 標註完成: 26 個細胞
2026-07-26 13:10:02,209 - hybrid_pipeline - INFO - [502/576] 已回收 tile_x16896_y15360
2026-07-26 13:10:02,211 - hybrid_pipeline - INFO - [503/576] 已回收 tile_x17664_y15360
2026-07-26 13:10:02,238 - hybrid_pipeline - INFO - [504/576] 已回收 tile_x6912_y15360
2026-07-26 13:10:02,239 - m3_module.m3_cells_generator - INFO - All-positive 標註完成: 61 個細胞
2026-07-26 13:10:02,248 - m3_module.m3_cells_generator - INFO - All-positive 標註完成: 76 個細胞
2026-07-26 13:10:02,250 - m3_module.m3_cells_generator - INFO - enlarge_cell_instances: 26 顆細胞, factor=1.50(面積), 中位半徑=28.3px, 外擴=6.4px
2026-07-26 13:10:02,266 - m3_module.m3_cells_generator - INFO - All-positive 標註完成: 122 個細胞
2026-07-26 13:10:02,279 - m3_module.m3_elastic_matching - INFO - elastic_dish_nucleus_matching(overlap-first): IHC=26, DISH=21, matched(1核)=12 (其中重疊=12), drop-out(競爭落敗)=2, 無候選(計入)=12, factor=1.50, min_reach=20.0
2026-07-26 13:10:02,298 - m3_module.m3_cells_generator - INFO - enlarge_cell_instances: 61 顆細胞, factor=1.50(面積), 中位半徑=27.2px, 外擴=6.1px
2026-07-26 13:10:02,322 - m3_module.m3_cells_generator - INFO - enlarge_cell_instances: 76 顆細胞, factor=1.50(面積), 中位半徑=30.5px, 外擴=6.9px
2026-07-26 13:10:02,337 - m3_module.m3_elastic_matching - INFO - elastic_dish_nucleus_matching(overlap-first): IHC=61, DISH=31, matched(1核)=19 (其中重疊=19), drop-out(競爭落敗)=3, 無候選(計入)=39, factor=1.50, min_reach=20.0
2026-07-26 13:10:02,338 - m3_module.m3_cells_generator - INFO - enlarge_cell_instances: 122 顆細胞, factor=1.50(面積), 中位半徑=26.2px, 外擴=5.9px
2026-07-26 13:10:02,361 - m3_module.m3_elastic_matching - INFO - elastic_dish_nucleus_matching(overlap-first): IHC=76, DISH=69, matched(1核)=46 (其中重疊=46), drop-out(競爭落敗)=7, 無候選(計入)=23, factor=1.50, min_reach=20.0
2026-07-26 13:10:02,373 - m3_module.m3_elastic_matching - INFO - elastic_dish_nucleus_matching(overlap-first): IHC=122, DISH=55, matched(1核)=36 (其中重疊=34), drop-out(競爭落敗)=7, 無候選(計入)=79, factor=1.50, min_reach=20.0
2026-07-26 13:10:02,448 - m3_module.m3_dot_detection - INFO - detect_all_dots: 紅點=3, 黑點=10, 涉及細胞=26
2026-07-26 13:10:02,532 - m3_module.m3_dot_detection - INFO - detect_all_dots: 紅點=19, 黑點=36, 涉及細胞=61
2026-07-26 13:10:02,579 - m3_module.m3_dot_detection - INFO - detect_all_dots: 紅點=24, 黑點=29, 涉及細胞=122
2026-07-26 13:10:02,586 - m4_module.cell_crops - INFO - 匯出 10 張 per-cell 影像至 /data/taro_Projects/tsgh/output/r7_run/cell_crops/tile_x768_y16128/cells
2026-07-26 13:10:02,586 - hybrid_pipeline - INFO - Tile tile_x768_y16128 完成: 核心擁有 10 細胞 (10 陽性), 1.58 秒
2026-07-26 13:10:02,612 - m3_module.m3_dot_detection - INFO - detect_all_dots: 紅點=41, 黑點=71, 涉及細胞=76
2026-07-26 13:10:02,721 - m4_module.cell_crops - INFO - 匯出 36 張 per-cell 影像至 /data/taro_Projects/tsgh/output/r7_run/cell_crops/tile_x1536_y16128/cells
2026-07-26 13:10:02,722 - hybrid_pipeline - INFO - Tile tile_x1536_y16128 完成: 核心擁有 36 細胞 (36 陽性), 1.68 秒
2026-07-26 13:10:02,920 - m4_module.cell_crops - INFO - 匯出 53 張 per-cell 影像至 /data/taro_Projects/tsgh/output/r7_run/cell_crops/tile_x0_y16128/cells
2026-07-26 13:10:02,920 - hybrid_pipeline - INFO - Tile tile_x0_y16128 完成: 核心擁有 53 細胞 (53 陽性), 1.93 秒
2026-07-26 13:10:02,943 - m4_module.cell_crops - INFO - 匯出 78 張 per-cell 影像至 /data/taro_Projects/tsgh/output/r7_run/cell_crops/tile_x3840_y16128/cells
2026-07-26 13:10:02,943 - hybrid_pipeline - INFO - Tile tile_x3840_y16128 完成: 核心擁有 78 細胞 (78 陽性), 1.78 秒
2026-07-26 13:10:03,108 - hybrid_pipeline - INFO - [505/576] 已回收 tile_x768_y16128
2026-07-26 13:10:03,140 - m3_module.m3_cells_generator - INFO - All-positive 標註完成: 95 個細胞
2026-07-26 13:10:03,195 - m3_module.m3_cells_generator - INFO - enlarge_cell_instances: 95 顆細胞, factor=1.50(面積), 中位半徑=29.5px, 外擴=6.6px
2026-07-26 13:10:03,225 - m3_module.m3_elastic_matching - INFO - elastic_dish_nucleus_matching(overlap-first): IHC=95, DISH=40, matched(1核)=24 (其中重疊=24), drop-out(競爭落敗)=2, 無候選(計入)=69, factor=1.50, min_reach=20.0
2026-07-26 13:10:03,360 - hybrid_pipeline - INFO - [506/576] 已回收 tile_x1536_y16128
2026-07-26 13:10:03,389 - m3_module.m3_cells_generator - INFO - All-positive 標註完成: 52 個細胞
2026-07-26 13:10:03,412 - m3_module.m3_dot_detection - INFO - detect_all_dots: 紅點=20, 黑點=29, 涉及細胞=95
2026-07-26 13:10:03,434 - hybrid_pipeline - INFO - [507/576] 已回收 tile_x3840_y16128
2026-07-26 13:10:03,437 - m3_module.m3_cells_generator - INFO - enlarge_cell_instances: 52 顆細胞, factor=1.50(面積), 中位半徑=21.7px, 外擴=4.9px
2026-07-26 13:10:03,452 - hybrid_pipeline - INFO - [508/576] 已回收 tile_x0_y16128
2026-07-26 13:10:03,467 - m3_module.m3_elastic_matching - INFO - elastic_dish_nucleus_matching(overlap-first): IHC=52, DISH=19, matched(1核)=15 (其中重疊=15), drop-out(競爭落敗)=6, 無候選(計入)=31, factor=1.50, min_reach=20.0
2026-07-26 13:10:03,470 - m3_module.m3_cells_generator - INFO - All-positive 標註完成: 57 個細胞
2026-07-26 13:10:03,481 - m3_module.m3_cells_generator - INFO - All-positive 標註完成: 72 個細胞
2026-07-26 13:10:03,530 - m3_module.m3_cells_generator - INFO - enlarge_cell_instances: 57 顆細胞, factor=1.50(面積), 中位半徑=22.4px, 外擴=5.0px
2026-07-26 13:10:03,544 - m3_module.m3_cells_generator - INFO - enlarge_cell_instances: 72 顆細胞, factor=1.50(面積), 中位半徑=28.4px, 外擴=6.4px
2026-07-26 13:10:03,562 - m3_module.m3_elastic_matching - INFO - elastic_dish_nucleus_matching(overlap-first): IHC=57, DISH=12, matched(1核)=9 (其中重疊=9), drop-out(競爭落敗)=1, 無候選(計入)=47, factor=1.50, min_reach=20.0
2026-07-26 13:10:03,573 - m3_module.m3_elastic_matching - INFO - elastic_dish_nucleus_matching(overlap-first): IHC=72, DISH=35, matched(1核)=25 (其中重疊=25), drop-out(競爭落敗)=4, 無候選(計入)=43, factor=1.50, min_reach=20.0
2026-07-26 13:10:03,664 - m3_module.m3_dot_detection - INFO - detect_all_dots: 紅點=25, 黑點=20, 涉及細胞=52
2026-07-26 13:10:03,703 - m3_module.m3_dot_detection - INFO - detect_all_dots: 紅點=4, 黑點=10, 涉及細胞=57
2026-07-26 13:10:03,726 - m4_module.cell_crops - INFO - 匯出 49 張 per-cell 影像至 /data/taro_Projects/tsgh/output/r7_run/cell_crops/tile_x4608_y16128/cells
2026-07-26 13:10:03,726 - hybrid_pipeline - INFO - Tile tile_x4608_y16128 完成: 核心擁有 49 細胞 (49 陽性), 1.56 秒
2026-07-26 13:10:03,772 - m3_module.m3_dot_detection - INFO - detect_all_dots: 紅點=29, 黑點=44, 涉及細胞=72
2026-07-26 13:10:03,823 - m4_module.cell_crops - INFO - 匯出 27 張 per-cell 影像至 /data/taro_Projects/tsgh/output/r7_run/cell_crops/tile_x3072_y16128/cells
2026-07-26 13:10:03,823 - hybrid_pipeline - INFO - Tile tile_x3072_y16128 完成: 核心擁有 27 細胞 (27 陽性), 1.61 秒
2026-07-26 13:10:03,869 - m4_module.cell_crops - INFO - 匯出 19 張 per-cell 影像至 /data/taro_Projects/tsgh/output/r7_run/cell_crops/tile_x5376_y16128/cells
2026-07-26 13:10:03,869 - hybrid_pipeline - INFO - Tile tile_x5376_y16128 完成: 核心擁有 19 細胞 (19 陽性), 1.63 秒
2026-07-26 13:10:03,991 - m4_module.cell_crops - INFO - 匯出 40 張 per-cell 影像至 /data/taro_Projects/tsgh/output/r7_run/cell_crops/tile_x2304_y16128/cells
2026-07-26 13:10:03,991 - hybrid_pipeline - INFO - Tile tile_x2304_y16128 完成: 核心擁有 40 細胞 (40 陽性), 1.78 秒
2026-07-26 13:10:04,152 - hybrid_pipeline - INFO - [509/576] 已回收 tile_x4608_y16128
2026-07-26 13:10:04,180 - m3_module.m3_cells_generator - INFO - All-positive 標註完成: 145 個細胞
2026-07-26 13:10:04,238 - m3_module.m3_cells_generator - INFO - enlarge_cell_instances: 145 顆細胞, factor=1.50(面積), 中位半徑=23.0px, 外擴=5.2px
2026-07-26 13:10:04,267 - m3_module.m3_elastic_matching - INFO - elastic_dish_nucleus_matching(overlap-first): IHC=145, DISH=25, matched(1核)=20 (其中重疊=20), drop-out(競爭落敗)=7, 無候選(計入)=118, factor=1.50, min_reach=20.0
2026-07-26 13:10:04,431 - m3_module.m3_dot_detection - INFO - detect_all_dots: 紅點=16, 黑點=26, 涉及細胞=145
2026-07-26 13:10:04,621 - hybrid_pipeline - INFO - [510/576] 已回收 tile_x2304_y16128
2026-07-26 13:10:04,652 - m3_module.m3_cells_generator - INFO - All-positive 標註完成: 4 個細胞
2026-07-26 13:10:04,672 - hybrid_pipeline - INFO - [511/576] 已回收 tile_x3072_y16128
2026-07-26 13:10:04,681 - m3_module.m3_cells_generator - INFO - enlarge_cell_instances: 4 顆細胞, factor=1.50(面積), 中位半徑=20.0px, 外擴=4.5px
2026-07-26 13:10:04,705 - m3_module.m3_cells_generator - INFO - All-positive 標註完成: 121 個細胞
2026-07-26 13:10:04,708 - m3_module.m3_elastic_matching - INFO - elastic_dish_nucleus_matching(overlap-first): IHC=4, DISH=1, matched(1核)=1 (其中重疊=1), drop-out(競爭落敗)=0, 無候選(計入)=3, factor=1.50, min_reach=20.0
2026-07-26 13:10:04,775 - m3_module.m3_cells_generator - INFO - enlarge_cell_instances: 121 顆細胞, factor=1.50(面積), 中位半徑=23.0px, 外擴=5.2px
2026-07-26 13:10:04,784 - hybrid_pipeline - INFO - [512/576] 已回收 tile_x5376_y16128
2026-07-26 13:10:04,813 - m3_module.m3_elastic_matching - INFO - elastic_dish_nucleus_matching(overlap-first): IHC=121, DISH=106, matched(1核)=60 (其中重疊=60), drop-out(競爭落敗)=8, 無候選(計入)=53, factor=1.50, min_reach=20.0
2026-07-26 13:10:04,818 - m3_module.m3_cells_generator - INFO - All-positive 標註完成: 51 個細胞
2026-07-26 13:10:04,832 - m4_module.cell_crops - INFO - 匯出 85 張 per-cell 影像至 /data/taro_Projects/tsgh/output/r7_run/cell_crops/tile_x6144_y16128/cells
2026-07-26 13:10:04,832 - hybrid_pipeline - INFO - Tile tile_x6144_y16128 完成: 核心擁有 85 細胞 (85 陽性), 1.73 秒
2026-07-26 13:10:04,852 - m3_module.m3_dot_detection - INFO - detect_all_dots: 紅點=3, 黑點=4, 涉及細胞=4
2026-07-26 13:10:04,865 - m3_module.m3_cells_generator - INFO - enlarge_cell_instances: 51 顆細胞, factor=1.50(面積), 中位半徑=21.3px, 外擴=4.8px
2026-07-26 13:10:04,892 - m3_module.m3_elastic_matching - INFO - elastic_dish_nucleus_matching(overlap-first): IHC=51, DISH=78, matched(1核)=38 (其中重疊=38), drop-out(競爭落敗)=3, 無候選(計入)=10, factor=1.50, min_reach=20.0
2026-07-26 13:10:04,920 - m4_module.cell_crops - INFO - 匯出 1 張 per-cell 影像至 /data/taro_Projects/tsgh/output/r7_run/cell_crops/tile_x9216_y16128/cells
2026-07-26 13:10:04,920 - hybrid_pipeline - INFO - Tile tile_x9216_y16128 完成: 核心擁有 1 細胞 (1 陽性), 1.47 秒
2026-07-26 13:10:05,171 - m3_module.m3_dot_detection - INFO - detect_all_dots: 紅點=101, 黑點=142, 涉及細胞=121
2026-07-26 13:10:05,180 - m3_module.m3_dot_detection - INFO - detect_all_dots: 紅點=74, 黑點=92, 涉及細胞=51
2026-07-26 13:10:05,189 - cellpose.dynamics - INFO - No cell pixels found.
2026-07-26 13:10:05,357 - hybrid_pipeline - INFO - [513/576] 已回收 tile_x6144_y16128
2026-07-26 13:10:05,377 - m4_module.cell_crops - INFO - 匯出 26 張 per-cell 影像至 /data/taro_Projects/tsgh/output/r7_run/cell_crops/tile_x7680_y16128/cells
2026-07-26 13:10:05,377 - hybrid_pipeline - INFO - Tile tile_x7680_y16128 完成: 核心擁有 26 細胞 (26 陽性), 1.94 秒
2026-07-26 13:10:05,388 - m3_module.m3_cells_generator - INFO - All-positive 標註完成: 14 個細胞
2026-07-26 13:10:05,422 - m3_module.m3_cells_generator - INFO - enlarge_cell_instances: 14 顆細胞, factor=1.50(面積), 中位半徑=21.4px, 外擴=4.8px
2026-07-26 13:10:05,446 - m3_module.m3_elastic_matching - INFO - elastic_dish_nucleus_matching(overlap-first): IHC=14, DISH=35, matched(1核)=11 (其中重疊=11), drop-out(競爭落敗)=0, 無候選(計入)=3, factor=1.50, min_reach=20.0
2026-07-26 13:10:05,531 - m4_module.cell_crops - INFO - 匯出 70 張 per-cell 影像至 /data/taro_Projects/tsgh/output/r7_run/cell_crops/tile_x6912_y16128/cells
2026-07-26 13:10:05,531 - hybrid_pipeline - INFO - Tile tile_x6912_y16128 完成: 核心擁有 70 細胞 (70 陽性), 2.17 秒
2026-07-26 13:10:05,611 - m3_module.m3_dot_detection - INFO - detect_all_dots: 紅點=21, 黑點=25, 涉及細胞=14
2026-07-26 13:10:05,652 - hybrid_pipeline - INFO - [514/576] 已回收 tile_x6912_y16128
2026-07-26 13:10:05,666 - m3_module.m3_cells_generator - INFO - All-positive 標註完成: 0 個細胞
2026-07-26 13:10:05,692 - hybrid_pipeline - INFO - [515/576] 已回收 tile_x9216_y16128
2026-07-26 13:10:05,724 - m3_module.m3_cells_generator - INFO - All-positive 標註完成: 13 個細胞
2026-07-26 13:10:05,726 - m4_module.cell_crops - INFO - 匯出 3 張 per-cell 影像至 /data/taro_Projects/tsgh/output/r7_run/cell_crops/tile_x8448_y16128/cells
2026-07-26 13:10:05,726 - hybrid_pipeline - INFO - Tile tile_x8448_y16128 完成: 核心擁有 3 細胞 (3 陽性), 1.58 秒
2026-07-26 13:10:05,726 - hybrid_pipeline - INFO - [516/576] 已回收 tile_x8448_y16128
2026-07-26 13:10:05,739 - hybrid_pipeline - INFO - [517/576] 已回收 tile_x7680_y16128
2026-07-26 13:10:05,755 - hybrid_pipeline - INFO - Tile tile_x12288_y16128: 核心遮罩全空 → 空白 placeholder
2026-07-26 13:10:05,757 - m3_module.m3_cells_generator - INFO - enlarge_cell_instances: 13 顆細胞, factor=1.50(面積), 中位半徑=15.8px, 外擴=3.6px
2026-07-26 13:10:05,765 - m3_module.m3_cells_generator - INFO - All-positive 標註完成: 22 個細胞
2026-07-26 13:10:05,780 - hybrid_pipeline - INFO - [518/576] 已回收 tile_x12288_y16128
2026-07-26 13:10:05,801 - m3_module.m3_cells_generator - INFO - enlarge_cell_instances: 22 顆細胞, factor=1.50(面積), 中位半徑=17.8px, 外擴=4.0px
2026-07-26 13:10:05,805 - hybrid_pipeline - INFO - Tile tile_x15360_y16128: 核心遮罩全空 → 空白 placeholder
2026-07-26 13:10:05,812 - m3_module.m3_dot_detection - INFO - detect_all_dots: 紅點=0, 黑點=0, 涉及細胞=0
2026-07-26 13:10:05,818 - hybrid_pipeline - INFO - [519/576] 已回收 tile_x15360_y16128
2026-07-26 13:10:05,843 - hybrid_pipeline - INFO - Tile tile_x16128_y16128: 核心遮罩全空 → 空白 placeholder
2026-07-26 13:10:05,844 - m4_module.cell_crops - INFO - 匯出 0 張 per-cell 影像至 /data/taro_Projects/tsgh/output/r7_run/cell_crops/tile_x9984_y16128/cells
2026-07-26 13:10:05,844 - hybrid_pipeline - INFO - Tile tile_x9984_y16128 完成: 核心擁有 0 細胞 (0 陽性), 1.17 秒
2026-07-26 13:10:05,845 - hybrid_pipeline - INFO - [520/576] 已回收 tile_x9984_y16128
2026-07-26 13:10:05,855 - hybrid_pipeline - INFO - [521/576] 已回收 tile_x16128_y16128
2026-07-26 13:10:05,870 - hybrid_pipeline - INFO - Tile tile_x13056_y16128: 核心遮罩全空 → 空白 placeholder
2026-07-26 13:10:05,880 - hybrid_pipeline - INFO - Tile tile_x17664_y16128: 核心遮罩全空 → 空白 placeholder
2026-07-26 13:10:05,892 - hybrid_pipeline - INFO - [522/576] 已回收 tile_x13056_y16128
2026-07-26 13:10:05,896 - m3_module.m3_dot_detection - INFO - detect_all_dots: 紅點=0, 黑點=0, 涉及細胞=13
2026-07-26 13:10:05,918 - hybrid_pipeline - INFO - Tile tile_x16896_y16128: 核心遮罩全空 → 空白 placeholder
2026-07-26 13:10:05,941 - m4_module.cell_crops - INFO - 匯出 0 張 per-cell 影像至 /data/taro_Projects/tsgh/output/r7_run/cell_crops/tile_x10752_y16128/cells
2026-07-26 13:10:05,941 - hybrid_pipeline - INFO - Tile tile_x10752_y16128 完成: 核心擁有 0 細胞 (0 陽性), 1.32 秒
2026-07-26 13:10:05,941 - hybrid_pipeline - INFO - [523/576] 已回收 tile_x10752_y16128
2026-07-26 13:10:05,942 - m3_module.m3_dot_detection - INFO - detect_all_dots: 紅點=0, 黑點=0, 涉及細胞=22
2026-07-26 13:10:05,970 - hybrid_pipeline - INFO - Tile tile_x13824_y16128: 核心遮罩全空 → 空白 placeholder
2026-07-26 13:10:06,009 - m4_module.cell_crops - INFO - 匯出 11 張 per-cell 影像至 /data/taro_Projects/tsgh/output/r7_run/cell_crops/tile_x11520_y16128/cells
2026-07-26 13:10:06,009 - hybrid_pipeline - INFO - Tile tile_x11520_y16128 完成: 核心擁有 11 細胞 (11 陽性), 1.23 秒
2026-07-26 13:10:06,011 - hybrid_pipeline - INFO - [524/576] 已回收 tile_x11520_y16128
2026-07-26 13:10:06,034 - hybrid_pipeline - INFO - Tile tile_x14592_y16128: 核心遮罩全空 → 空白 placeholder
2026-07-26 13:10:07,007 - hybrid_pipeline - INFO - [525/576] 已回收 tile_x17664_y16128
2026-07-26 13:10:07,036 - m3_module.m3_cells_generator - INFO - All-positive 標註完成: 110 個細胞
2026-07-26 13:10:07,059 - hybrid_pipeline - INFO - [526/576] 已回收 tile_x16896_y16128
2026-07-26 13:10:07,062 - hybrid_pipeline - INFO - [527/576] 已回收 tile_x13824_y16128
2026-07-26 13:10:07,083 - hybrid_pipeline - INFO - [528/576] 已回收 tile_x14592_y16128
2026-07-26 13:10:07,095 - m3_module.m3_cells_generator - INFO - All-positive 標註完成: 20 個細胞
2026-07-26 13:10:07,097 - m3_module.m3_cells_generator - INFO - All-positive 標註完成: 56 個細胞
2026-07-26 13:10:07,102 - m3_module.m3_cells_generator - INFO - enlarge_cell_instances: 110 顆細胞, factor=1.50(面積), 中位半徑=23.7px, 外擴=5.3px
2026-07-26 13:10:07,115 - m3_module.m3_cells_generator - INFO - All-positive 標註完成: 86 個細胞
2026-07-26 13:10:07,134 - m3_module.m3_cells_generator - INFO - enlarge_cell_instances: 20 顆細胞, factor=1.50(面積), 中位半徑=23.4px, 外擴=5.3px
2026-07-26 13:10:07,136 - m3_module.m3_elastic_matching - INFO - elastic_dish_nucleus_matching(overlap-first): IHC=110, DISH=77, matched(1核)=51 (其中重疊=51), drop-out(競爭落敗)=9, 無候選(計入)=50, factor=1.50, min_reach=20.0
2026-07-26 13:10:07,167 - m3_module.m3_elastic_matching - INFO - elastic_dish_nucleus_matching(overlap-first): IHC=20, DISH=24, matched(1核)=10 (其中重疊=10), drop-out(競爭落敗)=1, 無候選(計入)=9, factor=1.50, min_reach=20.0
2026-07-26 13:10:07,169 - m3_module.m3_cells_generator - INFO - enlarge_cell_instances: 56 顆細胞, factor=1.50(面積), 中位半徑=24.0px, 外擴=5.4px
2026-07-26 13:10:07,176 - m3_module.m3_cells_generator - INFO - enlarge_cell_instances: 86 顆細胞, factor=1.50(面積), 中位半徑=26.5px, 外擴=6.0px
2026-07-26 13:10:07,205 - m3_module.m3_elastic_matching - INFO - elastic_dish_nucleus_matching(overlap-first): IHC=56, DISH=45, matched(1核)=23 (其中重疊=23), drop-out(競爭落敗)=4, 無候選(計入)=29, factor=1.50, min_reach=20.0
2026-07-26 13:10:07,212 - m3_module.m3_elastic_matching - INFO - elastic_dish_nucleus_matching(overlap-first): IHC=86, DISH=42, matched(1核)=36 (其中重疊=36), drop-out(競爭落敗)=16, 無候選(計入)=34, factor=1.50, min_reach=20.0
2026-07-26 13:10:07,324 - m3_module.m3_dot_detection - INFO - detect_all_dots: 紅點=6, 黑點=9, 涉及細胞=20
2026-07-26 13:10:07,391 - m3_module.m3_dot_detection - INFO - detect_all_dots: 紅點=14, 黑點=27, 涉及細胞=56
2026-07-26 13:10:07,441 - m4_module.cell_crops - INFO - 匯出 14 張 per-cell 影像至 /data/taro_Projects/tsgh/output/r7_run/cell_crops/tile_x1536_y16896/cells
2026-07-26 13:10:07,441 - hybrid_pipeline - INFO - Tile tile_x1536_y16896 完成: 核心擁有 14 細胞 (14 陽性), 1.50 秒
2026-07-26 13:10:07,446 - m3_module.m3_dot_detection - INFO - detect_all_dots: 紅點=63, 黑點=96, 涉及細胞=110
2026-07-26 13:10:07,510 - m3_module.m3_dot_detection - INFO - detect_all_dots: 紅點=75, 黑點=90, 涉及細胞=86
2026-07-26 13:10:07,602 - m4_module.cell_crops - INFO - 匯出 22 張 per-cell 影像至 /data/taro_Projects/tsgh/output/r7_run/cell_crops/tile_x768_y16896/cells
2026-07-26 13:10:07,602 - hybrid_pipeline - INFO - Tile tile_x768_y16896 完成: 核心擁有 22 細胞 (22 陽性), 1.71 秒
2026-07-26 13:10:07,614 - cellpose.dynamics - INFO - No cell pixels found.
2026-07-26 13:10:07,755 - m4_module.cell_crops - INFO - 匯出 50 張 per-cell 影像至 /data/taro_Projects/tsgh/output/r7_run/cell_crops/tile_x3072_y16896/cells
2026-07-26 13:10:07,755 - hybrid_pipeline - INFO - Tile tile_x3072_y16896 完成: 核心擁有 50 細胞 (50 陽性), 1.75 秒
2026-07-26 13:10:07,806 - m4_module.cell_crops - INFO - 匯出 70 張 per-cell 影像至 /data/taro_Projects/tsgh/output/r7_run/cell_crops/tile_x0_y16896/cells
2026-07-26 13:10:07,806 - hybrid_pipeline - INFO - Tile tile_x0_y16896 完成: 核心擁有 70 細胞 (70 陽性), 1.95 秒
2026-07-26 13:10:08,113 - hybrid_pipeline - INFO - [529/576] 已回收 tile_x1536_y16896
2026-07-26 13:10:08,125 - m3_module.m3_cells_generator - INFO - All-positive 標註完成: 0 個細胞
2026-07-26 13:10:08,188 - hybrid_pipeline - INFO - [530/576] 已回收 tile_x0_y16896
2026-07-26 13:10:08,222 - m3_module.m3_cells_generator - INFO - All-positive 標註完成: 129 個細胞
2026-07-26 13:10:08,238 - hybrid_pipeline - INFO - [531/576] 已回收 tile_x768_y16896
2026-07-26 13:10:08,264 - hybrid_pipeline - INFO - [532/576] 已回收 tile_x3072_y16896
2026-07-26 13:10:08,270 - m3_module.m3_cells_generator - INFO - All-positive 標註完成: 109 個細胞
2026-07-26 13:10:08,271 - m3_module.m3_dot_detection - INFO - detect_all_dots: 紅點=0, 黑點=0, 涉及細胞=0
2026-07-26 13:10:08,291 - m3_module.m3_cells_generator - INFO - enlarge_cell_instances: 129 顆細胞, factor=1.50(面積), 中位半徑=31.4px, 外擴=7.1px
2026-07-26 13:10:08,295 - m3_module.m3_cells_generator - INFO - All-positive 標註完成: 126 個細胞
2026-07-26 13:10:08,307 - m4_module.cell_crops - INFO - 匯出 0 張 per-cell 影像至 /data/taro_Projects/tsgh/output/r7_run/cell_crops/tile_x2304_y16896/cells
2026-07-26 13:10:08,307 - hybrid_pipeline - INFO - Tile tile_x2304_y16896 完成: 核心擁有 0 細胞 (0 陽性), 1.25 秒
2026-07-26 13:10:08,325 - m3_module.m3_elastic_matching - INFO - elastic_dish_nucleus_matching(overlap-first): IHC=129, DISH=54, matched(1核)=44 (其中重疊=42), drop-out(競爭落敗)=13, 無候選(計入)=72, factor=1.50, min_reach=20.0
2026-07-26 13:10:08,339 - m3_module.m3_cells_generator - INFO - enlarge_cell_instances: 109 顆細胞, factor=1.50(面積), 中位半徑=23.7px, 外擴=5.3px
2026-07-26 13:10:08,361 - m3_module.m3_cells_generator - INFO - enlarge_cell_instances: 126 顆細胞, factor=1.50(面積), 中位半徑=27.8px, 外擴=6.2px
2026-07-26 13:10:08,374 - m3_module.m3_elastic_matching - INFO - elastic_dish_nucleus_matching(overlap-first): IHC=109, DISH=42, matched(1核)=30 (其中重疊=29), drop-out(競爭落敗)=3, 無候選(計入)=76, factor=1.50, min_reach=20.0
2026-07-26 13:10:08,394 - m3_module.m3_elastic_matching - INFO - elastic_dish_nucleus_matching(overlap-first): IHC=126, DISH=39, matched(1核)=30 (其中重疊=30), drop-out(競爭落敗)=8, 無候選(計入)=88, factor=1.50, min_reach=20.0
2026-07-26 13:10:08,576 - m3_module.m3_dot_detection - INFO - detect_all_dots: 紅點=27, 黑點=39, 涉及細胞=109
2026-07-26 13:10:08,592 - m3_module.m3_dot_detection - INFO - detect_all_dots: 紅點=26, 黑點=35, 涉及細胞=126
2026-07-26 13:10:08,611 - m3_module.m3_dot_detection - INFO - detect_all_dots: 紅點=62, 黑點=66, 涉及細胞=129
2026-07-26 13:10:08,758 - cellpose.dynamics - INFO - No cell pixels found.
2026-07-26 13:10:08,871 - m4_module.cell_crops - INFO - 匯出 51 張 per-cell 影像至 /data/taro_Projects/tsgh/output/r7_run/cell_crops/tile_x5376_y16896/cells
2026-07-26 13:10:08,872 - hybrid_pipeline - INFO - Tile tile_x5376_y16896 完成: 核心擁有 51 細胞 (51 陽性), 1.81 秒
2026-07-26 13:10:08,958 - m4_module.cell_crops - INFO - 匯出 81 張 per-cell 影像至 /data/taro_Projects/tsgh/output/r7_run/cell_crops/tile_x4608_y16896/cells
2026-07-26 13:10:08,958 - hybrid_pipeline - INFO - Tile tile_x4608_y16896 完成: 核心擁有 81 細胞 (81 陽性), 1.87 秒
2026-07-26 13:10:09,027 - m4_module.cell_crops - INFO - 匯出 59 張 per-cell 影像至 /data/taro_Projects/tsgh/output/r7_run/cell_crops/tile_x3840_y16896/cells
2026-07-26 13:10:09,027 - hybrid_pipeline - INFO - Tile tile_x3840_y16896 完成: 核心擁有 59 細胞 (59 陽性), 2.02 秒
2026-07-26 13:10:09,314 - hybrid_pipeline - INFO - [533/576] 已回收 tile_x4608_y16896
2026-07-26 13:10:09,324 - m3_module.m3_cells_generator - INFO - All-positive 標註完成: 0 個細胞
2026-07-26 13:10:09,350 - hybrid_pipeline - INFO - [534/576] 已回收 tile_x2304_y16896
2026-07-26 13:10:09,376 - hybrid_pipeline - INFO - [535/576] 已回收 tile_x5376_y16896
2026-07-26 13:10:09,383 - m3_module.m3_cells_generator - INFO - All-positive 標註完成: 146 個細胞
2026-07-26 13:10:09,404 - m3_module.m3_cells_generator - INFO - All-positive 標註完成: 18 個細胞
2026-07-26 13:10:09,443 - m3_module.m3_cells_generator - INFO - enlarge_cell_instances: 18 顆細胞, factor=1.50(面積), 中位半徑=19.6px, 外擴=4.4px
2026-07-26 13:10:09,458 - m3_module.m3_cells_generator - INFO - enlarge_cell_instances: 146 顆細胞, factor=1.50(面積), 中位半徑=24.4px, 外擴=5.5px
2026-07-26 13:10:09,479 - m3_module.m3_dot_detection - INFO - detect_all_dots: 紅點=0, 黑點=0, 涉及細胞=0
2026-07-26 13:10:09,496 - hybrid_pipeline - INFO - [536/576] 已回收 tile_x3840_y16896
2026-07-26 13:10:09,497 - m3_module.m3_elastic_matching - INFO - elastic_dish_nucleus_matching(overlap-first): IHC=146, DISH=42, matched(1核)=29 (其中重疊=29), drop-out(競爭落敗)=7, 無候選(計入)=110, factor=1.50, min_reach=20.0
2026-07-26 13:10:09,513 - m4_module.cell_crops - INFO - 匯出 0 張 per-cell 影像至 /data/taro_Projects/tsgh/output/r7_run/cell_crops/tile_x9984_y16896/cells
2026-07-26 13:10:09,513 - hybrid_pipeline - INFO - Tile tile_x9984_y16896 完成: 核心擁有 0 細胞 (0 陽性), 1.25 秒
2026-07-26 13:10:09,534 - m3_module.m3_cells_generator - INFO - All-positive 標註完成: 97 個細胞
2026-07-26 13:10:09,592 - m3_module.m3_cells_generator - INFO - enlarge_cell_instances: 97 顆細胞, factor=1.50(面積), 中位半徑=22.8px, 外擴=5.1px
2026-07-26 13:10:09,596 - m3_module.m3_dot_detection - INFO - detect_all_dots: 紅點=0, 黑點=0, 涉及細胞=18
2026-07-26 13:10:09,627 - m3_module.m3_elastic_matching - INFO - elastic_dish_nucleus_matching(overlap-first): IHC=97, DISH=140, matched(1核)=72 (其中重疊=72), drop-out(競爭落敗)=7, 無候選(計入)=18, factor=1.50, min_reach=20.0
2026-07-26 13:10:09,660 - m4_module.cell_crops - INFO - 匯出 4 張 per-cell 影像至 /data/taro_Projects/tsgh/output/r7_run/cell_crops/tile_x10752_y16896/cells
2026-07-26 13:10:09,660 - hybrid_pipeline - INFO - Tile tile_x10752_y16896 完成: 核心擁有 4 細胞 (4 陽性), 1.42 秒
2026-07-26 13:10:09,687 - m3_module.m3_dot_detection - INFO - detect_all_dots: 紅點=19, 黑點=30, 涉及細胞=146
2026-07-26 13:10:10,115 - m3_module.m3_dot_detection - INFO - detect_all_dots: 紅點=157, 黑點=200, 涉及細胞=97
2026-07-26 13:10:10,116 - m4_module.cell_crops - INFO - 匯出 77 張 per-cell 影像至 /data/taro_Projects/tsgh/output/r7_run/cell_crops/tile_x6144_y16896/cells
2026-07-26 13:10:10,116 - hybrid_pipeline - INFO - Tile tile_x6144_y16896 完成: 核心擁有 77 細胞 (77 陽性), 2.00 秒
2026-07-26 13:10:10,418 - m4_module.cell_crops - INFO - 匯出 69 張 per-cell 影像至 /data/taro_Projects/tsgh/output/r7_run/cell_crops/tile_x7680_y16896/cells
2026-07-26 13:10:10,418 - hybrid_pipeline - INFO - Tile tile_x7680_y16896 完成: 核心擁有 69 細胞 (69 陽性), 2.23 秒
2026-07-26 13:10:10,537 - hybrid_pipeline - INFO - [537/576] 已回收 tile_x10752_y16896
2026-07-26 13:10:10,545 - hybrid_pipeline - INFO - [538/576] 已回收 tile_x9984_y16896
2026-07-26 13:10:10,573 - m3_module.m3_cells_generator - INFO - All-positive 標註完成: 109 個細胞
2026-07-26 13:10:10,576 - m3_module.m3_cells_generator - INFO - All-positive 標註完成: 29 個細胞
2026-07-26 13:10:10,596 - hybrid_pipeline - INFO - [539/576] 已回收 tile_x7680_y16896
2026-07-26 13:10:10,616 - m3_module.m3_cells_generator - INFO - enlarge_cell_instances: 29 顆細胞, factor=1.50(面積), 中位半徑=18.5px, 外擴=4.1px
2026-07-26 13:10:10,628 - m3_module.m3_cells_generator - INFO - All-positive 標註完成: 11 個細胞
2026-07-26 13:10:10,628 - hybrid_pipeline - INFO - [540/576] 已回收 tile_x6144_y16896
2026-07-26 13:10:10,631 - m3_module.m3_cells_generator - INFO - enlarge_cell_instances: 109 顆細胞, factor=1.50(面積), 中位半徑=24.1px, 外擴=5.4px
2026-07-26 13:10:10,641 - m3_module.m3_elastic_matching - INFO - elastic_dish_nucleus_matching(overlap-first): IHC=29, DISH=2, matched(1核)=1 (其中重疊=1), drop-out(競爭落敗)=1, 無候選(計入)=27, factor=1.50, min_reach=20.0
2026-07-26 13:10:10,654 - m3_module.m3_cells_generator - INFO - All-positive 標註完成: 17 個細胞
2026-07-26 13:10:10,662 - m3_module.m3_cells_generator - INFO - enlarge_cell_instances: 11 顆細胞, factor=1.50(面積), 中位半徑=18.7px, 外擴=4.2px
2026-07-26 13:10:10,666 - m3_module.m3_elastic_matching - INFO - elastic_dish_nucleus_matching(overlap-first): IHC=109, DISH=161, matched(1核)=68 (其中重疊=68), drop-out(競爭落敗)=2, 無候選(計入)=39, factor=1.50, min_reach=20.0
2026-07-26 13:10:10,687 - m3_module.m3_elastic_matching - INFO - elastic_dish_nucleus_matching(overlap-first): IHC=11, DISH=9, matched(1核)=4 (其中重疊=4), drop-out(競爭落敗)=0, 無候選(計入)=7, factor=1.50, min_reach=20.0
2026-07-26 13:10:10,698 - m3_module.m3_cells_generator - INFO - enlarge_cell_instances: 17 顆細胞, factor=1.50(面積), 中位半徑=21.5px, 外擴=4.8px
2026-07-26 13:10:10,723 - m3_module.m3_elastic_matching - INFO - elastic_dish_nucleus_matching(overlap-first): IHC=17, DISH=36, matched(1核)=9 (其中重疊=9), drop-out(競爭落敗)=0, 無候選(計入)=8, factor=1.50, min_reach=20.0
2026-07-26 13:10:10,769 - m3_module.m3_dot_detection - INFO - detect_all_dots: 紅點=0, 黑點=0, 涉及細胞=29
2026-07-26 13:10:10,828 - m3_module.m3_dot_detection - INFO - detect_all_dots: 紅點=10, 黑點=12, 涉及細胞=11
2026-07-26 13:10:10,871 - m4_module.cell_crops - INFO - 匯出 19 張 per-cell 影像至 /data/taro_Projects/tsgh/output/r7_run/cell_crops/tile_x11520_y16896/cells
2026-07-26 13:10:10,872 - hybrid_pipeline - INFO - Tile tile_x11520_y16896 完成: 核心擁有 19 細胞 (19 陽性), 1.50 秒
2026-07-26 13:10:10,872 - hybrid_pipeline - INFO - [541/576] 已回收 tile_x11520_y16896
2026-07-26 13:10:10,878 - m3_module.m3_dot_detection - INFO - detect_all_dots: 紅點=15, 黑點=20, 涉及細胞=17
2026-07-26 13:10:10,904 - hybrid_pipeline - INFO - Tile tile_x12288_y16896: 核心遮罩全空 → 空白 placeholder
2026-07-26 13:10:10,918 - m4_module.cell_crops - INFO - 匯出 9 張 per-cell 影像至 /data/taro_Projects/tsgh/output/r7_run/cell_crops/tile_x9216_y16896/cells
2026-07-26 13:10:10,918 - hybrid_pipeline - INFO - Tile tile_x9216_y16896 完成: 核心擁有 9 細胞 (9 陽性), 1.42 秒
2026-07-26 13:10:10,918 - hybrid_pipeline - INFO - [542/576] 已回收 tile_x12288_y16896
2026-07-26 13:10:10,919 - hybrid_pipeline - INFO - [543/576] 已回收 tile_x9216_y16896
2026-07-26 13:10:10,942 - hybrid_pipeline - INFO - Tile tile_x13056_y16896: 核心遮罩全空 → 空白 placeholder
2026-07-26 13:10:10,943 - hybrid_pipeline - INFO - Tile tile_x13824_y16896: 核心遮罩全空 → 空白 placeholder
2026-07-26 13:10:10,970 - hybrid_pipeline - INFO - [544/576] 已回收 tile_x13824_y16896
2026-07-26 13:10:10,976 - hybrid_pipeline - INFO - [545/576] 已回收 tile_x13056_y16896
2026-07-26 13:10:11,001 - hybrid_pipeline - INFO - Tile tile_x16128_y16896: 核心遮罩全空 → 空白 placeholder
2026-07-26 13:10:11,003 - m4_module.cell_crops - INFO - 匯出 5 張 per-cell 影像至 /data/taro_Projects/tsgh/output/r7_run/cell_crops/tile_x8448_y16896/cells
2026-07-26 13:10:11,003 - hybrid_pipeline - INFO - Tile tile_x8448_y16896 完成: 核心擁有 5 細胞 (5 陽性), 1.65 秒
2026-07-26 13:10:11,003 - hybrid_pipeline - INFO - [546/576] 已回收 tile_x8448_y16896
2026-07-26 13:10:11,003 - hybrid_pipeline - INFO - Tile tile_x16896_y16896: 核心遮罩全空 → 空白 placeholder
2026-07-26 13:10:11,025 - hybrid_pipeline - INFO - [547/576] 已回收 tile_x16896_y16896
2026-07-26 13:10:11,027 - hybrid_pipeline - INFO - Tile tile_x15360_y16896: 核心遮罩全空 → 空白 placeholder
2026-07-26 13:10:11,054 - hybrid_pipeline - INFO - Tile tile_x17664_y16896: 核心遮罩全空 → 空白 placeholder
2026-07-26 13:10:11,090 - m3_module.m3_dot_detection - INFO - detect_all_dots: 紅點=149, 黑點=172, 涉及細胞=109
2026-07-26 13:10:11,477 - m4_module.cell_crops - INFO - 匯出 49 張 per-cell 影像至 /data/taro_Projects/tsgh/output/r7_run/cell_crops/tile_x6912_y16896/cells
2026-07-26 13:10:11,477 - hybrid_pipeline - INFO - Tile tile_x6912_y16896 完成: 核心擁有 49 細胞 (49 陽性), 2.17 秒
2026-07-26 13:10:11,479 - hybrid_pipeline - INFO - [548/576] 已回收 tile_x6912_y16896
2026-07-26 13:10:11,504 - hybrid_pipeline - INFO - Tile tile_x14592_y16896: 核心遮罩全空 → 空白 placeholder
2026-07-26 13:10:12,088 - hybrid_pipeline - INFO - [549/576] 已回收 tile_x16128_y16896
2026-07-26 13:10:12,123 - m3_module.m3_cells_generator - INFO - All-positive 標註完成: 117 個細胞
2026-07-26 13:10:12,166 - hybrid_pipeline - INFO - [550/576] 已回收 tile_x17664_y16896
2026-07-26 13:10:12,171 - hybrid_pipeline - INFO - [551/576] 已回收 tile_x15360_y16896
2026-07-26 13:10:12,187 - m3_module.m3_cells_generator - INFO - enlarge_cell_instances: 117 顆細胞, factor=1.50(面積), 中位半徑=26.6px, 外擴=6.0px
2026-07-26 13:10:12,202 - m3_module.m3_cells_generator - INFO - All-positive 標註完成: 62 個細胞
2026-07-26 13:10:12,204 - m3_module.m3_cells_generator - INFO - All-positive 標註完成: 46 個細胞
2026-07-26 13:10:12,222 - m3_module.m3_elastic_matching - INFO - elastic_dish_nucleus_matching(overlap-first): IHC=117, DISH=51, matched(1核)=37 (其中重疊=37), drop-out(競爭落敗)=12, 無候選(計入)=68, factor=1.50, min_reach=20.0
2026-07-26 13:10:12,254 - m3_module.m3_cells_generator - INFO - enlarge_cell_instances: 46 顆細胞, factor=1.50(面積), 中位半徑=23.4px, 外擴=5.3px
2026-07-26 13:10:12,258 - m3_module.m3_cells_generator - INFO - enlarge_cell_instances: 62 顆細胞, factor=1.50(面積), 中位半徑=29.2px, 外擴=6.6px
2026-07-26 13:10:12,284 - m3_module.m3_elastic_matching - INFO - elastic_dish_nucleus_matching(overlap-first): IHC=46, DISH=19, matched(1核)=17 (其中重疊=17), drop-out(競爭落敗)=6, 無候選(計入)=23, factor=1.50, min_reach=20.0
2026-07-26 13:10:12,290 - m3_module.m3_elastic_matching - INFO - elastic_dish_nucleus_matching(overlap-first): IHC=62, DISH=62, matched(1核)=40 (其中重疊=40), drop-out(競爭落敗)=7, 無候選(計入)=15, factor=1.50, min_reach=20.0
2026-07-26 13:10:12,495 - m3_module.m3_dot_detection - INFO - detect_all_dots: 紅點=39, 黑點=51, 涉及細胞=46
2026-07-26 13:10:12,501 - m3_module.m3_dot_detection - INFO - detect_all_dots: 紅點=34, 黑點=42, 涉及細胞=62
2026-07-26 13:10:12,533 - m3_module.m3_dot_detection - INFO - detect_all_dots: 紅點=70, 黑點=98, 涉及細胞=117
2026-07-26 13:10:12,618 - hybrid_pipeline - INFO - [552/576] 已回收 tile_x14592_y16896
2026-07-26 13:10:12,641 - m4_module.cell_crops - INFO - 匯出 22 張 per-cell 影像至 /data/taro_Projects/tsgh/output/r7_run/cell_crops/tile_x3072_y17664/cells
2026-07-26 13:10:12,642 - hybrid_pipeline - INFO - Tile tile_x3072_y17664 完成: 核心擁有 22 細胞 (22 陽性), 1.62 秒
2026-07-26 13:10:12,642 - hybrid_pipeline - INFO - [553/576] 已回收 tile_x3072_y17664
2026-07-26 13:10:12,647 - m3_module.m3_cells_generator - INFO - All-positive 標註完成: 87 個細胞
2026-07-26 13:10:12,666 - hybrid_pipeline - INFO - Tile tile_x2304_y17664: 核心遮罩全空 → 空白 placeholder
2026-07-26 13:10:12,694 - m3_module.m3_cells_generator - INFO - enlarge_cell_instances: 87 顆細胞, factor=1.50(面積), 中位半徑=25.5px, 外擴=5.7px
2026-07-26 13:10:12,722 - m4_module.cell_crops - INFO - 匯出 44 張 per-cell 影像至 /data/taro_Projects/tsgh/output/r7_run/cell_crops/tile_x1536_y17664/cells
2026-07-26 13:10:12,722 - hybrid_pipeline - INFO - Tile tile_x1536_y17664 完成: 核心擁有 44 細胞 (44 陽性), 1.72 秒
2026-07-26 13:10:12,726 - m3_module.m3_elastic_matching - INFO - elastic_dish_nucleus_matching(overlap-first): IHC=87, DISH=92, matched(1核)=50 (其中重疊=49), drop-out(競爭落敗)=9, 無候選(計入)=28, factor=1.50, min_reach=20.0
2026-07-26 13:10:12,917 - m4_module.cell_crops - INFO - 匯出 76 張 per-cell 影像至 /data/taro_Projects/tsgh/output/r7_run/cell_crops/tile_x3840_y17664/cells
2026-07-26 13:10:12,917 - hybrid_pipeline - INFO - Tile tile_x3840_y17664 完成: 核心擁有 76 細胞 (76 陽性), 1.94 秒
2026-07-26 13:10:12,997 - m3_module.m3_dot_detection - INFO - detect_all_dots: 紅點=57, 黑點=84, 涉及細胞=87
2026-07-26 13:10:13,227 - hybrid_pipeline - INFO - [554/576] 已回收 tile_x3840_y17664
2026-07-26 13:10:13,256 - m3_module.m3_cells_generator - INFO - All-positive 標註完成: 115 個細胞
2026-07-26 13:10:13,286 - m4_module.cell_crops - INFO - 匯出 50 張 per-cell 影像至 /data/taro_Projects/tsgh/output/r7_run/cell_crops/tile_x0_y17664/cells
2026-07-26 13:10:13,286 - hybrid_pipeline - INFO - Tile tile_x0_y17664 完成: 核心擁有 50 細胞 (50 陽性), 1.81 秒
2026-07-26 13:10:13,308 - hybrid_pipeline - INFO - [555/576] 已回收 tile_x1536_y17664
2026-07-26 13:10:13,322 - m3_module.m3_cells_generator - INFO - enlarge_cell_instances: 115 顆細胞, factor=1.50(面積), 中位半徑=26.4px, 外擴=5.9px
2026-07-26 13:10:13,334 - m3_module.m3_cells_generator - INFO - All-positive 標註完成: 133 個細胞
2026-07-26 13:10:13,356 - m3_module.m3_elastic_matching - INFO - elastic_dish_nucleus_matching(overlap-first): IHC=115, DISH=122, matched(1核)=68 (其中重疊=68), drop-out(競爭落敗)=12, 無候選(計入)=35, factor=1.50, min_reach=20.0
2026-07-26 13:10:13,397 - m3_module.m3_cells_generator - INFO - enlarge_cell_instances: 133 顆細胞, factor=1.50(面積), 中位半徑=28.0px, 外擴=6.3px
2026-07-26 13:10:13,429 - m3_module.m3_elastic_matching - INFO - elastic_dish_nucleus_matching(overlap-first): IHC=133, DISH=33, matched(1核)=28 (其中重疊=28), drop-out(競爭落敗)=11, 無候選(計入)=94, factor=1.50, min_reach=20.0
2026-07-26 13:10:13,621 - m3_module.m3_dot_detection - INFO - detect_all_dots: 紅點=25, 黑點=31, 涉及細胞=133
2026-07-26 13:10:13,639 - hybrid_pipeline - INFO - [556/576] 已回收 tile_x2304_y17664
2026-07-26 13:10:13,667 - m3_module.m3_cells_generator - INFO - All-positive 標註完成: 26 個細胞
2026-07-26 13:10:13,670 - m3_module.m3_dot_detection - INFO - detect_all_dots: 紅點=73, 黑點=97, 涉及細胞=115
2026-07-26 13:10:13,707 - m3_module.m3_cells_generator - INFO - enlarge_cell_instances: 26 顆細胞, factor=1.50(面積), 中位半徑=19.4px, 外擴=4.4px
2026-07-26 13:10:13,721 - hybrid_pipeline - INFO - [557/576] 已回收 tile_x0_y17664
2026-07-26 13:10:13,732 - m3_module.m3_elastic_matching - INFO - elastic_dish_nucleus_matching(overlap-first): IHC=26, DISH=1, matched(1核)=0 (其中重疊=0), drop-out(競爭落敗)=0, 無候選(計入)=26, factor=1.50, min_reach=20.0
2026-07-26 13:10:13,757 - m3_module.m3_cells_generator - INFO - All-positive 標註完成: 161 個細胞
2026-07-26 13:10:13,818 - m3_module.m3_cells_generator - INFO - enlarge_cell_instances: 161 顆細胞, factor=1.50(面積), 中位半徑=23.2px, 外擴=5.2px
2026-07-26 13:10:13,849 - m3_module.m3_elastic_matching - INFO - elastic_dish_nucleus_matching(overlap-first): IHC=161, DISH=31, matched(1核)=27 (其中重疊=27), drop-out(競爭落敗)=9, 無候選(計入)=125, factor=1.50, min_reach=20.0
2026-07-26 13:10:13,855 - m3_module.m3_dot_detection - INFO - detect_all_dots: 紅點=0, 黑點=0, 涉及細胞=26
2026-07-26 13:10:13,946 - m4_module.cell_crops - INFO - 匯出 15 張 per-cell 影像至 /data/taro_Projects/tsgh/output/r7_run/cell_crops/tile_x10752_y17664/cells
2026-07-26 13:10:13,946 - hybrid_pipeline - INFO - Tile tile_x10752_y17664 完成: 核心擁有 15 細胞 (15 陽性), 1.30 秒
2026-07-26 13:10:14,023 - m4_module.cell_crops - INFO - 匯出 80 張 per-cell 影像至 /data/taro_Projects/tsgh/output/r7_run/cell_crops/tile_x4608_y17664/cells
2026-07-26 13:10:14,023 - hybrid_pipeline - INFO - Tile tile_x4608_y17664 完成: 核心擁有 80 細胞 (80 陽性), 1.85 秒
2026-07-26 13:10:14,031 - m3_module.m3_dot_detection - INFO - detect_all_dots: 紅點=24, 黑點=27, 涉及細胞=161
2026-07-26 13:10:14,068 - m4_module.cell_crops - INFO - 匯出 81 張 per-cell 影像至 /data/taro_Projects/tsgh/output/r7_run/cell_crops/tile_x768_y17664/cells
2026-07-26 13:10:14,068 - hybrid_pipeline - INFO - Tile tile_x768_y17664 完成: 核心擁有 81 細胞 (81 陽性), 1.98 秒
2026-07-26 13:10:14,070 - hybrid_pipeline - INFO - [558/576] 已回收 tile_x768_y17664
2026-07-26 13:10:14,097 - hybrid_pipeline - INFO - Tile tile_x9984_y17664: 核心遮罩全空 → 空白 placeholder
2026-07-26 13:10:14,225 - hybrid_pipeline - INFO - [559/576] 已回收 tile_x4608_y17664
2026-07-26 13:10:14,253 - m3_module.m3_cells_generator - INFO - All-positive 標註完成: 101 個細胞
2026-07-26 13:10:14,308 - m3_module.m3_cells_generator - INFO - enlarge_cell_instances: 101 顆細胞, factor=1.50(面積), 中位半徑=25.0px, 外擴=5.6px
2026-07-26 13:10:14,338 - m3_module.m3_elastic_matching - INFO - elastic_dish_nucleus_matching(overlap-first): IHC=101, DISH=105, matched(1核)=52 (其中重疊=52), drop-out(競爭落敗)=8, 無候選(計入)=41, factor=1.50, min_reach=20.0
2026-07-26 13:10:14,388 - m4_module.cell_crops - INFO - 匯出 106 張 per-cell 影像至 /data/taro_Projects/tsgh/output/r7_run/cell_crops/tile_x5376_y17664/cells
2026-07-26 13:10:14,388 - hybrid_pipeline - INFO - Tile tile_x5376_y17664 完成: 核心擁有 106 細胞 (106 陽性), 1.77 秒
2026-07-26 13:10:14,583 - hybrid_pipeline - INFO - [560/576] 已回收 tile_x10752_y17664
2026-07-26 13:10:14,614 - m3_module.m3_dot_detection - INFO - detect_all_dots: 紅點=61, 黑點=83, 涉及細胞=101
2026-07-26 13:10:14,615 - m3_module.m3_cells_generator - INFO - All-positive 標註完成: 72 個細胞
2026-07-26 13:10:14,674 - m3_module.m3_cells_generator - INFO - enlarge_cell_instances: 72 顆細胞, factor=1.50(面積), 中位半徑=21.6px, 外擴=4.9px
2026-07-26 13:10:14,686 - hybrid_pipeline - INFO - [561/576] 已回收 tile_x5376_y17664
2026-07-26 13:10:14,703 - m3_module.m3_elastic_matching - INFO - elastic_dish_nucleus_matching(overlap-first): IHC=72, DISH=15, matched(1核)=12 (其中重疊=12), drop-out(競爭落敗)=1, 無候選(計入)=59, factor=1.50, min_reach=20.0
2026-07-26 13:10:14,712 - m3_module.m3_cells_generator - INFO - All-positive 標註完成: 5 個細胞
2026-07-26 13:10:14,746 - m3_module.m3_cells_generator - INFO - enlarge_cell_instances: 5 顆細胞, factor=1.50(面積), 中位半徑=38.7px, 外擴=8.7px
2026-07-26 13:10:14,855 - m3_module.m3_dot_detection - INFO - detect_all_dots: 紅點=9, 黑點=12, 涉及細胞=72
2026-07-26 13:10:14,882 - m3_module.m3_dot_detection - INFO - detect_all_dots: 紅點=0, 黑點=0, 涉及細胞=5
2026-07-26 13:10:14,941 - m4_module.cell_crops - INFO - 匯出 5 張 per-cell 影像至 /data/taro_Projects/tsgh/output/r7_run/cell_crops/tile_x9216_y17664/cells
2026-07-26 13:10:14,941 - hybrid_pipeline - INFO - Tile tile_x9216_y17664 完成: 核心擁有 5 細胞 (5 陽性), 1.22 秒
2026-07-26 13:10:14,963 - m4_module.cell_crops - INFO - 匯出 71 張 per-cell 影像至 /data/taro_Projects/tsgh/output/r7_run/cell_crops/tile_x6912_y17664/cells
2026-07-26 13:10:14,963 - hybrid_pipeline - INFO - Tile tile_x6912_y17664 完成: 核心擁有 71 細胞 (71 陽性), 1.66 秒
2026-07-26 13:10:15,071 - m4_module.cell_crops - INFO - 匯出 28 張 per-cell 影像至 /data/taro_Projects/tsgh/output/r7_run/cell_crops/tile_x6144_y17664/cells
2026-07-26 13:10:15,071 - hybrid_pipeline - INFO - Tile tile_x6144_y17664 完成: 核心擁有 28 細胞 (28 陽性), 1.43 秒
2026-07-26 13:10:15,188 - hybrid_pipeline - INFO - [562/576] 已回收 tile_x9984_y17664
2026-07-26 13:10:15,219 - m3_module.m3_cells_generator - INFO - All-positive 標註完成: 29 個細胞
2026-07-26 13:10:15,240 - hybrid_pipeline - INFO - [563/576] 已回收 tile_x6912_y17664
2026-07-26 13:10:15,261 - m3_module.m3_cells_generator - INFO - enlarge_cell_instances: 29 顆細胞, factor=1.50(面積), 中位半徑=28.5px, 外擴=6.4px
2026-07-26 13:10:15,266 - m3_module.m3_cells_generator - INFO - All-positive 標註完成: 31 個細胞
2026-07-26 13:10:15,287 - m3_module.m3_elastic_matching - INFO - elastic_dish_nucleus_matching(overlap-first): IHC=29, DISH=25, matched(1核)=15 (其中重疊=15), drop-out(競爭落敗)=5, 無候選(計入)=9, factor=1.50, min_reach=20.0
2026-07-26 13:10:15,305 - m3_module.m3_cells_generator - INFO - enlarge_cell_instances: 31 顆細胞, factor=1.50(面積), 中位半徑=17.5px, 外擴=3.9px
2026-07-26 13:10:15,331 - m3_module.m3_elastic_matching - INFO - elastic_dish_nucleus_matching(overlap-first): IHC=31, DISH=1, matched(1核)=0 (其中重疊=0), drop-out(競爭落敗)=0, 無候選(計入)=31, factor=1.50, min_reach=20.0
2026-07-26 13:10:15,447 - m3_module.m3_dot_detection - INFO - detect_all_dots: 紅點=0, 黑點=0, 涉及細胞=31
2026-07-26 13:10:15,459 - m3_module.m3_dot_detection - INFO - detect_all_dots: 紅點=24, 黑點=36, 涉及細胞=29
2026-07-26 13:10:15,529 - m4_module.cell_crops - INFO - 匯出 20 張 per-cell 影像至 /data/taro_Projects/tsgh/output/r7_run/cell_crops/tile_x11520_y17664/cells
2026-07-26 13:10:15,529 - hybrid_pipeline - INFO - Tile tile_x11520_y17664 完成: 核心擁有 20 細胞 (20 陽性), 1.31 秒
2026-07-26 13:10:15,531 - hybrid_pipeline - INFO - [564/576] 已回收 tile_x11520_y17664
2026-07-26 13:10:15,555 - hybrid_pipeline - INFO - Tile tile_x14592_y17664: 核心遮罩全空 → 空白 placeholder
2026-07-26 13:10:15,581 - hybrid_pipeline - INFO - [565/576] 已回收 tile_x14592_y17664
2026-07-26 13:10:15,582 - m4_module.cell_crops - INFO - 匯出 20 張 per-cell 影像至 /data/taro_Projects/tsgh/output/r7_run/cell_crops/tile_x8448_y17664/cells
2026-07-26 13:10:15,582 - hybrid_pipeline - INFO - Tile tile_x8448_y17664 完成: 核心擁有 20 細胞 (20 陽性), 1.51 秒
2026-07-26 13:10:15,583 - hybrid_pipeline - INFO - [566/576] 已回收 tile_x8448_y17664
2026-07-26 13:10:15,607 - hybrid_pipeline - INFO - Tile tile_x15360_y17664: 核心遮罩全空 → 空白 placeholder
2026-07-26 13:10:15,610 - hybrid_pipeline - INFO - Tile tile_x12288_y17664: 核心遮罩全空 → 空白 placeholder
2026-07-26 13:10:15,611 - hybrid_pipeline - INFO - [567/576] 已回收 tile_x6144_y17664
2026-07-26 13:10:15,628 - hybrid_pipeline - INFO - [568/576] 已回收 tile_x9216_y17664
2026-07-26 13:10:15,637 - m3_module.m3_cells_generator - INFO - All-positive 標註完成: 94 個細胞
2026-07-26 13:10:15,651 - hybrid_pipeline - INFO - [569/576] 已回收 tile_x15360_y17664
2026-07-26 13:10:15,651 - m3_module.m3_cells_generator - INFO - All-positive 標註完成: 13 個細胞
2026-07-26 13:10:15,679 - hybrid_pipeline - INFO - Tile tile_x16128_y17664: 核心遮罩全空 → 空白 placeholder
2026-07-26 13:10:15,680 - hybrid_pipeline - INFO - [570/576] 已回收 tile_x16128_y17664
2026-07-26 13:10:15,688 - m3_module.m3_cells_generator - INFO - enlarge_cell_instances: 13 顆細胞, factor=1.50(面積), 中位半徑=16.9px, 外擴=3.8px
2026-07-26 13:10:15,696 - m3_module.m3_cells_generator - INFO - enlarge_cell_instances: 94 顆細胞, factor=1.50(面積), 中位半徑=25.5px, 外擴=5.7px
2026-07-26 13:10:15,729 - m3_module.m3_elastic_matching - INFO - elastic_dish_nucleus_matching(overlap-first): IHC=94, DISH=142, matched(1核)=62 (其中重疊=62), drop-out(競爭落敗)=3, 無候選(計入)=29, factor=1.50, min_reach=20.0
2026-07-26 13:10:15,824 - m3_module.m3_dot_detection - INFO - detect_all_dots: 紅點=0, 黑點=0, 涉及細胞=13
2026-07-26 13:10:15,880 - m4_module.cell_crops - INFO - 匯出 7 張 per-cell 影像至 /data/taro_Projects/tsgh/output/r7_run/cell_crops/tile_x13056_y17664/cells
2026-07-26 13:10:15,880 - hybrid_pipeline - INFO - Tile tile_x13056_y17664 完成: 核心擁有 7 細胞 (7 陽性), 1.20 秒
2026-07-26 13:10:15,881 - hybrid_pipeline - INFO - [571/576] 已回收 tile_x13056_y17664
2026-07-26 13:10:15,904 - hybrid_pipeline - INFO - Tile tile_x17664_y17664: 核心遮罩全空 → 空白 placeholder
2026-07-26 13:10:15,905 - hybrid_pipeline - INFO - [572/576] 已回收 tile_x17664_y17664
2026-07-26 13:10:16,077 - m3_module.m3_dot_detection - INFO - detect_all_dots: 紅點=96, 黑點=132, 涉及細胞=94
2026-07-26 13:10:16,329 - hybrid_pipeline - INFO - [573/576] 已回收 tile_x12288_y17664
2026-07-26 13:10:16,357 - m3_module.m3_cells_generator - INFO - All-positive 標註完成: 7 個細胞
2026-07-26 13:10:16,388 - m3_module.m3_cells_generator - INFO - enlarge_cell_instances: 7 顆細胞, factor=1.50(面積), 中位半徑=18.2px, 外擴=4.1px
2026-07-26 13:10:16,399 - m4_module.cell_crops - INFO - 匯出 52 張 per-cell 影像至 /data/taro_Projects/tsgh/output/r7_run/cell_crops/tile_x7680_y17664/cells
2026-07-26 13:10:16,399 - hybrid_pipeline - INFO - Tile tile_x7680_y17664 完成: 核心擁有 52 細胞 (52 陽性), 1.82 秒
2026-07-26 13:10:16,400 - hybrid_pipeline - INFO - [574/576] 已回收 tile_x7680_y17664
2026-07-26 13:10:16,415 - m3_module.m3_elastic_matching - INFO - elastic_dish_nucleus_matching(overlap-first): IHC=7, DISH=218, matched(1核)=5 (其中重疊=5), drop-out(競爭落敗)=0, 無候選(計入)=2, factor=1.50, min_reach=20.0
2026-07-26 13:10:16,425 - hybrid_pipeline - INFO - Tile tile_x16896_y17664: 核心遮罩全空 → 空白 placeholder
2026-07-26 13:10:16,426 - hybrid_pipeline - INFO - [575/576] 已回收 tile_x16896_y17664
2026-07-26 13:10:16,528 - m3_module.m3_dot_detection - INFO - detect_all_dots: 紅點=0, 黑點=0, 涉及細胞=7
2026-07-26 13:10:16,600 - m4_module.cell_crops - INFO - 匯出 4 張 per-cell 影像至 /data/taro_Projects/tsgh/output/r7_run/cell_crops/tile_x13824_y17664/cells
2026-07-26 13:10:16,600 - hybrid_pipeline - INFO - Tile tile_x13824_y17664 完成: 核心擁有 4 細胞 (4 陽性), 1.02 秒
2026-07-26 13:10:16,601 - hybrid_pipeline - INFO - [576/576] 已回收 tile_x13824_y17664
2026-07-26 13:10:17,251 - m4_module.csv - INFO - CSV 匯出完成: report.csv (5687 列)
2026-07-26 13:10:17,252 - m4_module.csv - INFO - Summary 報告輸出: summary.txt (485 valid cells)
2026-07-26 13:10:21,597 - hybrid_pipeline - INFO - overlay_slide.tiff 縫合完成: 18688×18688 px
2026-07-26 13:10:21,628 - hybrid_pipeline - INFO - 批次完成 — run_id=89c188d0 | 總計=576 | 成功=137 | 跳過=439
{
  "label": "candidate_w4_r1",
  "n_tiles": 576,
  "mp_workers": 4,
  "grid": {
    "cols": 24,
    "rows": 24
  },
  "wall": {
    "end_to_end_total_s": 66.334,
    "phaseA_precut_s": 0.004,
    "runbatch_BCD_s": 66.329
  },
  "disk_bytes": {
    "precut_scratch": 0,
    "analysis_output": 7084914054
  },
  "stats": {
    "success": 137,
    "skipped": 439
  },
  "timings": {
    "G_mkdir_other": {
      "n": 6,
      "t": 0.0001460930216126144
    },
    "G_mkdir_fixed_outdir": {
      "n": 6,
      "t": 5.25410141563043e-05
    },
    "C_export_csv": {
      "n": 1,
      "t": 0.0039418719970854
    },
    "C_export_summary": {
      "n": 1,
      "t": 0.0002768380072666332
    },
    "D_stitch_overlay": {
      "n": 1,
      "t": 4.375735102003091
    }
  },
  "config_hash": "3d1087f2",
  "peak_cuda_reserved_gb": 0.0,
  "peak_rss_gb": 11.597
}
