2026-07-26 13:12:39,787 - hybrid_pipeline - INFO - 批次處理開始 — run_id=75889e2d, config_hash=3d1087f2
2026-07-26 13:12:40,968 - unet_inference - INFO - 成功載入權重: /data/taro_Projects/tsgh/backend/algorithms/hybrid/models/unet/b4/best_model_unet_b4.pth
2026-07-26 13:12:40,984 - unet_inference - INFO - 模型載入完成，設備: cuda
2026-07-26 13:12:41,137 - cellpose.core - INFO - ** TORCH CUDA version installed and working. **
2026-07-26 13:12:41,137 - cellpose.core - INFO - >>>> using GPU (CUDA)
2026-07-26 13:12:41,146 - dinov3 - INFO - using base=100 for rope new
2026-07-26 13:12:41,146 - dinov3 - INFO - using min_period=None for rope new
2026-07-26 13:12:41,146 - dinov3 - INFO - using max_period=None for rope new
2026-07-26 13:12:41,146 - dinov3 - INFO - using normalize_coords=separate for rope new
2026-07-26 13:12:41,146 - dinov3 - INFO - using shift_coords=None for rope new
2026-07-26 13:12:41,146 - dinov3 - INFO - using rescale_coords=2 for rope new
2026-07-26 13:12:41,146 - dinov3 - INFO - using jitter_coords=None for rope new
2026-07-26 13:12:41,146 - dinov3 - INFO - using dtype=fp32 for rope new
2026-07-26 13:12:41,146 - dinov3 - INFO - using mlp layer as FFN
2026-07-26 13:12:41,600 - cellpose.models - INFO - >>>> loading model /data/taro_Projects/tsgh/backend/algorithms/hybrid/models/cellpose/cellpose_ihc_dish_best
2026-07-26 13:12:41,665 - m2_segmentation - INFO - Cellpose 模型載入完成: cellpose_ihc_dish_best (diameter=None)
2026-07-26 13:12:41,665 - cellpose.core - INFO - ** TORCH CUDA version installed and working. **
2026-07-26 13:12:41,665 - cellpose.core - INFO - >>>> using GPU (CUDA)
2026-07-26 13:12:41,672 - dinov3 - INFO - using base=100 for rope new
2026-07-26 13:12:41,672 - dinov3 - INFO - using min_period=None for rope new
2026-07-26 13:12:41,672 - dinov3 - INFO - using max_period=None for rope new
2026-07-26 13:12:41,672 - dinov3 - INFO - using normalize_coords=separate for rope new
2026-07-26 13:12:41,672 - dinov3 - INFO - using shift_coords=None for rope new
2026-07-26 13:12:41,672 - dinov3 - INFO - using rescale_coords=2 for rope new
2026-07-26 13:12:41,672 - dinov3 - INFO - using jitter_coords=None for rope new
2026-07-26 13:12:41,672 - dinov3 - INFO - using dtype=fp32 for rope new
2026-07-26 13:12:41,672 - dinov3 - INFO - using mlp layer as FFN
2026-07-26 13:12:42,132 - cellpose.models - INFO - >>>> loading model /data/taro_Projects/tsgh/backend/algorithms/hybrid/models/cellpose/cellpose_dish_best
2026-07-26 13:12:42,181 - m2_segmentation - INFO - Cellpose 模型載入完成: cellpose_dish_best (diameter=None)
2026-07-26 13:12:45,426 - hybrid_pipeline - INFO - [1/576] 處理 tile: tile_x4608_y0
2026-07-26 13:12:46,806 - hybrid_pipeline - INFO - [2/576] 處理 tile: tile_x5376_y0
2026-07-26 13:12:46,853 - hybrid_pipeline - INFO - Tile tile_x4608_y0: 核心遮罩全空 → 空白 placeholder
2026-07-26 13:12:46,853 - hybrid_pipeline - INFO - [3/576] 處理 tile: tile_x3840_y0
2026-07-26 13:12:46,876 - hybrid_pipeline - INFO - Tile tile_x5376_y0: 核心遮罩全空 → 空白 placeholder
2026-07-26 13:12:46,886 - hybrid_pipeline - INFO - [4/576] 處理 tile: tile_x3072_y0
2026-07-26 13:12:46,912 - hybrid_pipeline - INFO - Tile tile_x3840_y0: 核心遮罩全空 → 空白 placeholder
2026-07-26 13:12:46,919 - hybrid_pipeline - INFO - [5/576] 處理 tile: tile_x2304_y0
2026-07-26 13:12:46,943 - hybrid_pipeline - INFO - Tile tile_x3072_y0: 核心遮罩全空 → 空白 placeholder
2026-07-26 13:12:46,952 - hybrid_pipeline - INFO - [6/576] 處理 tile: tile_x1536_y0
2026-07-26 13:12:46,976 - hybrid_pipeline - INFO - Tile tile_x2304_y0: 核心遮罩全空 → 空白 placeholder
2026-07-26 13:12:46,985 - hybrid_pipeline - INFO - [7/576] 處理 tile: tile_x0_y0
2026-07-26 13:12:47,008 - hybrid_pipeline - INFO - Tile tile_x1536_y0: 核心遮罩全空 → 空白 placeholder
2026-07-26 13:12:47,019 - hybrid_pipeline - INFO - [8/576] 處理 tile: tile_x768_y0
2026-07-26 13:12:47,042 - hybrid_pipeline - INFO - Tile tile_x0_y0: 核心遮罩全空 → 空白 placeholder
2026-07-26 13:12:47,051 - hybrid_pipeline - INFO - [9/576] 處理 tile: tile_x6144_y0
2026-07-26 13:12:47,075 - hybrid_pipeline - INFO - Tile tile_x768_y0: 核心遮罩全空 → 空白 placeholder
2026-07-26 13:12:47,084 - hybrid_pipeline - INFO - [10/576] 處理 tile: tile_x7680_y0
2026-07-26 13:12:47,107 - hybrid_pipeline - INFO - Tile tile_x6144_y0: 核心遮罩全空 → 空白 placeholder
2026-07-26 13:12:47,117 - hybrid_pipeline - INFO - [11/576] 處理 tile: tile_x6912_y0
2026-07-26 13:12:47,141 - hybrid_pipeline - INFO - Tile tile_x7680_y0: 核心遮罩全空 → 空白 placeholder
2026-07-26 13:12:47,150 - hybrid_pipeline - INFO - [12/576] 處理 tile: tile_x8448_y0
2026-07-26 13:12:47,173 - hybrid_pipeline - INFO - Tile tile_x6912_y0: 核心遮罩全空 → 空白 placeholder
2026-07-26 13:12:47,183 - hybrid_pipeline - INFO - [13/576] 處理 tile: tile_x9216_y0
2026-07-26 13:12:47,206 - hybrid_pipeline - INFO - Tile tile_x8448_y0: 核心遮罩全空 → 空白 placeholder
2026-07-26 13:12:47,218 - hybrid_pipeline - INFO - [14/576] 處理 tile: tile_x9984_y0
2026-07-26 13:12:47,241 - hybrid_pipeline - INFO - Tile tile_x9216_y0: 核心遮罩全空 → 空白 placeholder
2026-07-26 13:12:47,250 - hybrid_pipeline - INFO - [15/576] 處理 tile: tile_x10752_y0
2026-07-26 13:12:47,275 - hybrid_pipeline - INFO - Tile tile_x9984_y0: 核心遮罩全空 → 空白 placeholder
2026-07-26 13:12:47,285 - hybrid_pipeline - INFO - [16/576] 處理 tile: tile_x11520_y0
2026-07-26 13:12:47,308 - hybrid_pipeline - INFO - Tile tile_x10752_y0: 核心遮罩全空 → 空白 placeholder
2026-07-26 13:12:47,319 - hybrid_pipeline - INFO - [17/576] 處理 tile: tile_x13056_y0
2026-07-26 13:12:47,342 - hybrid_pipeline - INFO - Tile tile_x11520_y0: 核心遮罩全空 → 空白 placeholder
2026-07-26 13:12:47,351 - hybrid_pipeline - INFO - [18/576] 處理 tile: tile_x12288_y0
2026-07-26 13:12:47,374 - hybrid_pipeline - INFO - Tile tile_x13056_y0: 核心遮罩全空 → 空白 placeholder
2026-07-26 13:12:47,384 - hybrid_pipeline - INFO - [19/576] 處理 tile: tile_x13824_y0
2026-07-26 13:12:47,407 - hybrid_pipeline - INFO - Tile tile_x12288_y0: 核心遮罩全空 → 空白 placeholder
2026-07-26 13:12:47,416 - hybrid_pipeline - INFO - [20/576] 處理 tile: tile_x15360_y0
2026-07-26 13:12:47,440 - hybrid_pipeline - INFO - Tile tile_x13824_y0: 核心遮罩全空 → 空白 placeholder
2026-07-26 13:12:47,449 - hybrid_pipeline - INFO - [21/576] 處理 tile: tile_x16128_y0
2026-07-26 13:12:47,476 - hybrid_pipeline - INFO - Tile tile_x15360_y0: 核心遮罩全空 → 空白 placeholder
2026-07-26 13:12:47,482 - hybrid_pipeline - INFO - [22/576] 處理 tile: tile_x14592_y0
2026-07-26 13:12:47,505 - hybrid_pipeline - INFO - Tile tile_x16128_y0: 核心遮罩全空 → 空白 placeholder
2026-07-26 13:12:47,514 - hybrid_pipeline - INFO - [23/576] 處理 tile: tile_x16896_y0
2026-07-26 13:12:47,538 - hybrid_pipeline - INFO - Tile tile_x14592_y0: 核心遮罩全空 → 空白 placeholder
2026-07-26 13:12:47,547 - hybrid_pipeline - INFO - [24/576] 處理 tile: tile_x17664_y0
2026-07-26 13:12:47,570 - hybrid_pipeline - INFO - Tile tile_x16896_y0: 核心遮罩全空 → 空白 placeholder
2026-07-26 13:12:47,579 - hybrid_pipeline - INFO - [25/576] 處理 tile: tile_x0_y768
2026-07-26 13:12:47,603 - hybrid_pipeline - INFO - Tile tile_x17664_y0: 核心遮罩全空 → 空白 placeholder
2026-07-26 13:12:47,611 - hybrid_pipeline - INFO - [26/576] 處理 tile: tile_x2304_y768
2026-07-26 13:12:47,634 - hybrid_pipeline - INFO - Tile tile_x0_y768: 核心遮罩全空 → 空白 placeholder
2026-07-26 13:12:47,644 - hybrid_pipeline - INFO - [27/576] 處理 tile: tile_x768_y768
2026-07-26 13:12:47,667 - hybrid_pipeline - INFO - Tile tile_x2304_y768: 核心遮罩全空 → 空白 placeholder
2026-07-26 13:12:47,676 - hybrid_pipeline - INFO - [28/576] 處理 tile: tile_x1536_y768
2026-07-26 13:12:47,700 - hybrid_pipeline - INFO - Tile tile_x768_y768: 核心遮罩全空 → 空白 placeholder
2026-07-26 13:12:47,709 - hybrid_pipeline - INFO - [29/576] 處理 tile: tile_x3072_y768
2026-07-26 13:12:47,732 - hybrid_pipeline - INFO - Tile tile_x1536_y768: 核心遮罩全空 → 空白 placeholder
2026-07-26 13:12:47,741 - hybrid_pipeline - INFO - [30/576] 處理 tile: tile_x3840_y768
2026-07-26 13:12:47,764 - hybrid_pipeline - INFO - Tile tile_x3072_y768: 核心遮罩全空 → 空白 placeholder
2026-07-26 13:12:47,774 - hybrid_pipeline - INFO - [31/576] 處理 tile: tile_x5376_y768
2026-07-26 13:12:47,798 - hybrid_pipeline - INFO - Tile tile_x3840_y768: 核心遮罩全空 → 空白 placeholder
2026-07-26 13:12:47,806 - hybrid_pipeline - INFO - [32/576] 處理 tile: tile_x4608_y768
2026-07-26 13:12:47,829 - hybrid_pipeline - INFO - Tile tile_x5376_y768: 核心遮罩全空 → 空白 placeholder
2026-07-26 13:12:47,838 - hybrid_pipeline - INFO - [33/576] 處理 tile: tile_x6144_y768
2026-07-26 13:12:47,862 - hybrid_pipeline - INFO - Tile tile_x4608_y768: 核心遮罩全空 → 空白 placeholder
2026-07-26 13:12:47,872 - hybrid_pipeline - INFO - [34/576] 處理 tile: tile_x6912_y768
2026-07-26 13:12:47,895 - hybrid_pipeline - INFO - Tile tile_x6144_y768: 核心遮罩全空 → 空白 placeholder
2026-07-26 13:12:47,905 - hybrid_pipeline - INFO - [35/576] 處理 tile: tile_x7680_y768
2026-07-26 13:12:47,931 - hybrid_pipeline - INFO - Tile tile_x6912_y768: 核心遮罩全空 → 空白 placeholder
2026-07-26 13:12:47,939 - hybrid_pipeline - INFO - [36/576] 處理 tile: tile_x9984_y768
2026-07-26 13:12:47,963 - hybrid_pipeline - INFO - Tile tile_x7680_y768: 核心遮罩全空 → 空白 placeholder
2026-07-26 13:12:47,974 - hybrid_pipeline - INFO - [37/576] 處理 tile: tile_x8448_y768
2026-07-26 13:12:47,997 - hybrid_pipeline - INFO - Tile tile_x9984_y768: 核心遮罩全空 → 空白 placeholder
2026-07-26 13:12:48,008 - hybrid_pipeline - INFO - [38/576] 處理 tile: tile_x10752_y768
2026-07-26 13:12:48,031 - hybrid_pipeline - INFO - Tile tile_x8448_y768: 核心遮罩全空 → 空白 placeholder
2026-07-26 13:12:48,041 - hybrid_pipeline - INFO - [39/576] 處理 tile: tile_x9216_y768
2026-07-26 13:12:48,064 - hybrid_pipeline - INFO - Tile tile_x10752_y768: 核心遮罩全空 → 空白 placeholder
2026-07-26 13:12:48,073 - hybrid_pipeline - INFO - [40/576] 處理 tile: tile_x11520_y768
2026-07-26 13:12:48,097 - hybrid_pipeline - INFO - Tile tile_x9216_y768: 核心遮罩全空 → 空白 placeholder
2026-07-26 13:12:48,105 - hybrid_pipeline - INFO - [41/576] 處理 tile: tile_x13056_y768
2026-07-26 13:12:48,128 - hybrid_pipeline - INFO - Tile tile_x11520_y768: 核心遮罩全空 → 空白 placeholder
2026-07-26 13:12:48,137 - hybrid_pipeline - INFO - [42/576] 處理 tile: tile_x12288_y768
2026-07-26 13:12:48,160 - hybrid_pipeline - INFO - Tile tile_x13056_y768: 核心遮罩全空 → 空白 placeholder
2026-07-26 13:12:48,169 - hybrid_pipeline - INFO - [43/576] 處理 tile: tile_x13824_y768
2026-07-26 13:12:48,192 - hybrid_pipeline - INFO - Tile tile_x12288_y768: 核心遮罩全空 → 空白 placeholder
2026-07-26 13:12:48,201 - hybrid_pipeline - INFO - [44/576] 處理 tile: tile_x14592_y768
2026-07-26 13:12:48,224 - hybrid_pipeline - INFO - Tile tile_x13824_y768: 核心遮罩全空 → 空白 placeholder
2026-07-26 13:12:48,233 - hybrid_pipeline - INFO - [45/576] 處理 tile: tile_x15360_y768
2026-07-26 13:12:48,256 - hybrid_pipeline - INFO - Tile tile_x14592_y768: 核心遮罩全空 → 空白 placeholder
2026-07-26 13:12:48,266 - hybrid_pipeline - INFO - [46/576] 處理 tile: tile_x16128_y768
2026-07-26 13:12:48,289 - hybrid_pipeline - INFO - Tile tile_x15360_y768: 核心遮罩全空 → 空白 placeholder
2026-07-26 13:12:48,298 - hybrid_pipeline - INFO - [47/576] 處理 tile: tile_x16896_y768
2026-07-26 13:12:48,324 - hybrid_pipeline - INFO - Tile tile_x16128_y768: 核心遮罩全空 → 空白 placeholder
2026-07-26 13:12:48,331 - hybrid_pipeline - INFO - [48/576] 處理 tile: tile_x17664_y768
2026-07-26 13:12:48,354 - hybrid_pipeline - INFO - Tile tile_x16896_y768: 核心遮罩全空 → 空白 placeholder
2026-07-26 13:12:48,362 - hybrid_pipeline - INFO - [49/576] 處理 tile: tile_x0_y1536
2026-07-26 13:12:48,387 - hybrid_pipeline - INFO - Tile tile_x17664_y768: 核心遮罩全空 → 空白 placeholder
2026-07-26 13:12:48,396 - hybrid_pipeline - INFO - [50/576] 處理 tile: tile_x768_y1536
2026-07-26 13:12:48,420 - hybrid_pipeline - INFO - Tile tile_x0_y1536: 核心遮罩全空 → 空白 placeholder
2026-07-26 13:12:48,428 - hybrid_pipeline - INFO - [51/576] 處理 tile: tile_x3072_y1536
2026-07-26 13:12:48,451 - hybrid_pipeline - INFO - Tile tile_x768_y1536: 核心遮罩全空 → 空白 placeholder
2026-07-26 13:12:48,460 - hybrid_pipeline - INFO - [52/576] 處理 tile: tile_x2304_y1536
2026-07-26 13:12:48,482 - hybrid_pipeline - INFO - Tile tile_x3072_y1536: 核心遮罩全空 → 空白 placeholder
2026-07-26 13:12:48,491 - hybrid_pipeline - INFO - [53/576] 處理 tile: tile_x3840_y1536
2026-07-26 13:12:48,514 - hybrid_pipeline - INFO - Tile tile_x2304_y1536: 核心遮罩全空 → 空白 placeholder
2026-07-26 13:12:48,523 - hybrid_pipeline - INFO - [54/576] 處理 tile: tile_x1536_y1536
2026-07-26 13:12:48,546 - hybrid_pipeline - INFO - Tile tile_x3840_y1536: 核心遮罩全空 → 空白 placeholder
2026-07-26 13:12:48,555 - hybrid_pipeline - INFO - [55/576] 處理 tile: tile_x4608_y1536
2026-07-26 13:12:48,579 - hybrid_pipeline - INFO - Tile tile_x1536_y1536: 核心遮罩全空 → 空白 placeholder
2026-07-26 13:12:48,589 - hybrid_pipeline - INFO - [56/576] 處理 tile: tile_x5376_y1536
2026-07-26 13:12:48,612 - hybrid_pipeline - INFO - Tile tile_x4608_y1536: 核心遮罩全空 → 空白 placeholder
2026-07-26 13:12:48,620 - hybrid_pipeline - INFO - [57/576] 處理 tile: tile_x6144_y1536
2026-07-26 13:12:48,643 - hybrid_pipeline - INFO - Tile tile_x5376_y1536: 核心遮罩全空 → 空白 placeholder
2026-07-26 13:12:48,655 - hybrid_pipeline - INFO - [58/576] 處理 tile: tile_x6912_y1536
2026-07-26 13:12:48,678 - hybrid_pipeline - INFO - Tile tile_x6144_y1536: 核心遮罩全空 → 空白 placeholder
2026-07-26 13:12:48,687 - hybrid_pipeline - INFO - [59/576] 處理 tile: tile_x9984_y1536
2026-07-26 13:12:48,711 - hybrid_pipeline - INFO - Tile tile_x6912_y1536: 核心遮罩全空 → 空白 placeholder
2026-07-26 13:12:48,721 - hybrid_pipeline - INFO - [60/576] 處理 tile: tile_x8448_y1536
2026-07-26 13:12:48,745 - hybrid_pipeline - INFO - Tile tile_x9984_y1536: 核心遮罩全空 → 空白 placeholder
2026-07-26 13:12:48,756 - hybrid_pipeline - INFO - [61/576] 處理 tile: tile_x10752_y1536
2026-07-26 13:12:48,780 - hybrid_pipeline - INFO - Tile tile_x8448_y1536: 核心遮罩全空 → 空白 placeholder
2026-07-26 13:12:48,790 - hybrid_pipeline - INFO - [62/576] 處理 tile: tile_x9216_y1536
2026-07-26 13:12:48,814 - hybrid_pipeline - INFO - Tile tile_x10752_y1536: 核心遮罩全空 → 空白 placeholder
2026-07-26 13:12:48,823 - hybrid_pipeline - INFO - [63/576] 處理 tile: tile_x7680_y1536
2026-07-26 13:12:48,846 - hybrid_pipeline - INFO - Tile tile_x9216_y1536: 核心遮罩全空 → 空白 placeholder
2026-07-26 13:12:48,855 - hybrid_pipeline - INFO - [64/576] 處理 tile: tile_x11520_y1536
2026-07-26 13:12:48,878 - hybrid_pipeline - INFO - Tile tile_x7680_y1536: 核心遮罩全空 → 空白 placeholder
2026-07-26 13:12:48,889 - hybrid_pipeline - INFO - [65/576] 處理 tile: tile_x12288_y1536
2026-07-26 13:12:48,912 - hybrid_pipeline - INFO - Tile tile_x11520_y1536: 核心遮罩全空 → 空白 placeholder
2026-07-26 13:12:48,921 - hybrid_pipeline - INFO - [66/576] 處理 tile: tile_x13056_y1536
2026-07-26 13:12:48,945 - hybrid_pipeline - INFO - Tile tile_x12288_y1536: 核心遮罩全空 → 空白 placeholder
2026-07-26 13:12:48,955 - hybrid_pipeline - INFO - [67/576] 處理 tile: tile_x13824_y1536
2026-07-26 13:12:48,981 - hybrid_pipeline - INFO - Tile tile_x13056_y1536: 核心遮罩全空 → 空白 placeholder
2026-07-26 13:12:48,993 - hybrid_pipeline - INFO - [68/576] 處理 tile: tile_x14592_y1536
2026-07-26 13:12:49,016 - hybrid_pipeline - INFO - Tile tile_x13824_y1536: 核心遮罩全空 → 空白 placeholder
2026-07-26 13:12:49,025 - hybrid_pipeline - INFO - [69/576] 處理 tile: tile_x16128_y1536
2026-07-26 13:12:49,048 - hybrid_pipeline - INFO - Tile tile_x14592_y1536: 核心遮罩全空 → 空白 placeholder
2026-07-26 13:12:49,057 - hybrid_pipeline - INFO - [70/576] 處理 tile: tile_x15360_y1536
2026-07-26 13:12:49,081 - hybrid_pipeline - INFO - Tile tile_x16128_y1536: 核心遮罩全空 → 空白 placeholder
2026-07-26 13:12:49,094 - hybrid_pipeline - INFO - [71/576] 處理 tile: tile_x16896_y1536
2026-07-26 13:12:49,119 - hybrid_pipeline - INFO - Tile tile_x15360_y1536: 核心遮罩全空 → 空白 placeholder
2026-07-26 13:12:49,127 - hybrid_pipeline - INFO - [72/576] 處理 tile: tile_x0_y2304
2026-07-26 13:12:49,151 - hybrid_pipeline - INFO - Tile tile_x16896_y1536: 核心遮罩全空 → 空白 placeholder
2026-07-26 13:12:49,163 - hybrid_pipeline - INFO - [73/576] 處理 tile: tile_x17664_y1536
2026-07-26 13:12:49,186 - hybrid_pipeline - INFO - Tile tile_x0_y2304: 核心遮罩全空 → 空白 placeholder
2026-07-26 13:12:49,197 - hybrid_pipeline - INFO - [74/576] 處理 tile: tile_x1536_y2304
2026-07-26 13:12:49,221 - hybrid_pipeline - INFO - Tile tile_x17664_y1536: 核心遮罩全空 → 空白 placeholder
2026-07-26 13:12:49,229 - hybrid_pipeline - INFO - [75/576] 處理 tile: tile_x768_y2304
2026-07-26 13:12:49,252 - hybrid_pipeline - INFO - Tile tile_x1536_y2304: 核心遮罩全空 → 空白 placeholder
2026-07-26 13:12:49,262 - hybrid_pipeline - INFO - [76/576] 處理 tile: tile_x2304_y2304
2026-07-26 13:12:49,287 - hybrid_pipeline - INFO - Tile tile_x768_y2304: 核心遮罩全空 → 空白 placeholder
2026-07-26 13:12:49,294 - hybrid_pipeline - INFO - [77/576] 處理 tile: tile_x3840_y2304
2026-07-26 13:12:49,318 - hybrid_pipeline - INFO - Tile tile_x2304_y2304: 核心遮罩全空 → 空白 placeholder
2026-07-26 13:12:49,327 - hybrid_pipeline - INFO - [78/576] 處理 tile: tile_x3072_y2304
2026-07-26 13:12:49,350 - hybrid_pipeline - INFO - Tile tile_x3840_y2304: 核心遮罩全空 → 空白 placeholder
2026-07-26 13:12:49,359 - hybrid_pipeline - INFO - [79/576] 處理 tile: tile_x4608_y2304
2026-07-26 13:12:49,383 - hybrid_pipeline - INFO - Tile tile_x3072_y2304: 核心遮罩全空 → 空白 placeholder
2026-07-26 13:12:49,390 - hybrid_pipeline - INFO - [80/576] 處理 tile: tile_x5376_y2304
2026-07-26 13:12:49,415 - hybrid_pipeline - INFO - Tile tile_x4608_y2304: 核心遮罩全空 → 空白 placeholder
2026-07-26 13:12:49,422 - hybrid_pipeline - INFO - [81/576] 處理 tile: tile_x6144_y2304
2026-07-26 13:12:49,446 - hybrid_pipeline - INFO - Tile tile_x5376_y2304: 核心遮罩全空 → 空白 placeholder
2026-07-26 13:12:49,454 - hybrid_pipeline - INFO - [82/576] 處理 tile: tile_x6912_y2304
2026-07-26 13:12:49,478 - hybrid_pipeline - INFO - Tile tile_x6144_y2304: 核心遮罩全空 → 空白 placeholder
2026-07-26 13:12:49,486 - hybrid_pipeline - INFO - [83/576] 處理 tile: tile_x7680_y2304
2026-07-26 13:12:49,510 - hybrid_pipeline - INFO - Tile tile_x6912_y2304: 核心遮罩全空 → 空白 placeholder
2026-07-26 13:12:49,518 - hybrid_pipeline - INFO - [84/576] 處理 tile: tile_x9216_y2304
2026-07-26 13:12:49,542 - hybrid_pipeline - INFO - Tile tile_x7680_y2304: 核心遮罩全空 → 空白 placeholder
2026-07-26 13:12:49,551 - hybrid_pipeline - INFO - [85/576] 處理 tile: tile_x8448_y2304
2026-07-26 13:12:49,576 - hybrid_pipeline - INFO - Tile tile_x9216_y2304: 核心遮罩全空 → 空白 placeholder
2026-07-26 13:12:49,584 - hybrid_pipeline - INFO - [86/576] 處理 tile: tile_x9984_y2304
2026-07-26 13:12:49,608 - hybrid_pipeline - INFO - Tile tile_x8448_y2304: 核心遮罩全空 → 空白 placeholder
2026-07-26 13:12:49,618 - hybrid_pipeline - INFO - [87/576] 處理 tile: tile_x10752_y2304
2026-07-26 13:12:49,643 - hybrid_pipeline - INFO - Tile tile_x9984_y2304: 核心遮罩全空 → 空白 placeholder
2026-07-26 13:12:49,651 - hybrid_pipeline - INFO - [88/576] 處理 tile: tile_x12288_y2304
2026-07-26 13:12:49,676 - hybrid_pipeline - INFO - Tile tile_x10752_y2304: 核心遮罩全空 → 空白 placeholder
2026-07-26 13:12:49,684 - hybrid_pipeline - INFO - [89/576] 處理 tile: tile_x11520_y2304
2026-07-26 13:12:49,706 - hybrid_pipeline - INFO - Tile tile_x12288_y2304: 核心遮罩全空 → 空白 placeholder
2026-07-26 13:12:49,716 - hybrid_pipeline - INFO - [90/576] 處理 tile: tile_x13056_y2304
2026-07-26 13:12:49,740 - hybrid_pipeline - INFO - Tile tile_x11520_y2304: 核心遮罩全空 → 空白 placeholder
2026-07-26 13:12:49,748 - hybrid_pipeline - INFO - [91/576] 處理 tile: tile_x13824_y2304
2026-07-26 13:12:49,772 - hybrid_pipeline - INFO - Tile tile_x13056_y2304: 核心遮罩全空 → 空白 placeholder
2026-07-26 13:12:49,781 - hybrid_pipeline - INFO - [92/576] 處理 tile: tile_x14592_y2304
2026-07-26 13:12:49,805 - hybrid_pipeline - INFO - Tile tile_x13824_y2304: 核心遮罩全空 → 空白 placeholder
2026-07-26 13:12:49,813 - hybrid_pipeline - INFO - [93/576] 處理 tile: tile_x16128_y2304
2026-07-26 13:12:49,836 - hybrid_pipeline - INFO - Tile tile_x14592_y2304: 核心遮罩全空 → 空白 placeholder
2026-07-26 13:12:49,847 - hybrid_pipeline - INFO - [94/576] 處理 tile: tile_x15360_y2304
2026-07-26 13:12:49,871 - hybrid_pipeline - INFO - Tile tile_x16128_y2304: 核心遮罩全空 → 空白 placeholder
2026-07-26 13:12:49,879 - hybrid_pipeline - INFO - [95/576] 處理 tile: tile_x16896_y2304
2026-07-26 13:12:49,903 - hybrid_pipeline - INFO - Tile tile_x15360_y2304: 核心遮罩全空 → 空白 placeholder
2026-07-26 13:12:49,912 - hybrid_pipeline - INFO - [96/576] 處理 tile: tile_x17664_y2304
2026-07-26 13:12:49,936 - hybrid_pipeline - INFO - Tile tile_x16896_y2304: 核心遮罩全空 → 空白 placeholder
2026-07-26 13:12:49,943 - hybrid_pipeline - INFO - [97/576] 處理 tile: tile_x0_y3072
2026-07-26 13:12:49,966 - hybrid_pipeline - INFO - Tile tile_x17664_y2304: 核心遮罩全空 → 空白 placeholder
2026-07-26 13:12:49,978 - hybrid_pipeline - INFO - [98/576] 處理 tile: tile_x768_y3072
2026-07-26 13:12:50,002 - hybrid_pipeline - INFO - Tile tile_x0_y3072: 核心遮罩全空 → 空白 placeholder
2026-07-26 13:12:50,012 - hybrid_pipeline - INFO - [99/576] 處理 tile: tile_x1536_y3072
2026-07-26 13:12:50,035 - hybrid_pipeline - INFO - Tile tile_x768_y3072: 核心遮罩全空 → 空白 placeholder
2026-07-26 13:12:50,044 - hybrid_pipeline - INFO - [100/576] 處理 tile: tile_x2304_y3072
2026-07-26 13:12:50,067 - hybrid_pipeline - INFO - Tile tile_x1536_y3072: 核心遮罩全空 → 空白 placeholder
2026-07-26 13:12:50,077 - hybrid_pipeline - INFO - [101/576] 處理 tile: tile_x3072_y3072
2026-07-26 13:12:50,100 - hybrid_pipeline - INFO - Tile tile_x2304_y3072: 核心遮罩全空 → 空白 placeholder
2026-07-26 13:12:50,108 - hybrid_pipeline - INFO - [102/576] 處理 tile: tile_x3840_y3072
2026-07-26 13:12:50,132 - hybrid_pipeline - INFO - Tile tile_x3072_y3072: 核心遮罩全空 → 空白 placeholder
2026-07-26 13:12:50,141 - hybrid_pipeline - INFO - [103/576] 處理 tile: tile_x4608_y3072
2026-07-26 13:12:50,165 - hybrid_pipeline - INFO - Tile tile_x3840_y3072: 核心遮罩全空 → 空白 placeholder
2026-07-26 13:12:50,173 - hybrid_pipeline - INFO - [104/576] 處理 tile: tile_x5376_y3072
2026-07-26 13:12:50,196 - hybrid_pipeline - INFO - Tile tile_x4608_y3072: 核心遮罩全空 → 空白 placeholder
2026-07-26 13:12:50,206 - hybrid_pipeline - INFO - [105/576] 處理 tile: tile_x6912_y3072
2026-07-26 13:12:50,229 - hybrid_pipeline - INFO - Tile tile_x5376_y3072: 核心遮罩全空 → 空白 placeholder
2026-07-26 13:12:50,237 - hybrid_pipeline - INFO - [106/576] 處理 tile: tile_x6144_y3072
2026-07-26 13:12:50,260 - hybrid_pipeline - INFO - Tile tile_x6912_y3072: 核心遮罩全空 → 空白 placeholder
2026-07-26 13:12:50,268 - hybrid_pipeline - INFO - [107/576] 處理 tile: tile_x7680_y3072
2026-07-26 13:12:50,292 - hybrid_pipeline - INFO - Tile tile_x6144_y3072: 核心遮罩全空 → 空白 placeholder
2026-07-26 13:12:50,301 - hybrid_pipeline - INFO - [108/576] 處理 tile: tile_x8448_y3072
2026-07-26 13:12:50,327 - hybrid_pipeline - INFO - Tile tile_x7680_y3072: 核心遮罩全空 → 空白 placeholder
2026-07-26 13:12:50,334 - hybrid_pipeline - INFO - [109/576] 處理 tile: tile_x9216_y3072
2026-07-26 13:12:50,357 - hybrid_pipeline - INFO - Tile tile_x8448_y3072: 核心遮罩全空 → 空白 placeholder
2026-07-26 13:12:50,366 - hybrid_pipeline - INFO - [110/576] 處理 tile: tile_x9984_y3072
2026-07-26 13:12:50,390 - hybrid_pipeline - INFO - Tile tile_x9216_y3072: 核心遮罩全空 → 空白 placeholder
2026-07-26 13:12:50,398 - hybrid_pipeline - INFO - [111/576] 處理 tile: tile_x11520_y3072
2026-07-26 13:12:50,421 - hybrid_pipeline - INFO - Tile tile_x9984_y3072: 核心遮罩全空 → 空白 placeholder
2026-07-26 13:12:50,429 - hybrid_pipeline - INFO - [112/576] 處理 tile: tile_x10752_y3072
2026-07-26 13:12:50,452 - hybrid_pipeline - INFO - Tile tile_x11520_y3072: 核心遮罩全空 → 空白 placeholder
2026-07-26 13:12:50,461 - hybrid_pipeline - INFO - [113/576] 處理 tile: tile_x12288_y3072
2026-07-26 13:12:50,484 - hybrid_pipeline - INFO - Tile tile_x10752_y3072: 核心遮罩全空 → 空白 placeholder
2026-07-26 13:12:50,495 - hybrid_pipeline - INFO - [114/576] 處理 tile: tile_x13056_y3072
2026-07-26 13:12:50,519 - hybrid_pipeline - INFO - Tile tile_x12288_y3072: 核心遮罩全空 → 空白 placeholder
2026-07-26 13:12:50,528 - hybrid_pipeline - INFO - [115/576] 處理 tile: tile_x13824_y3072
2026-07-26 13:12:50,551 - hybrid_pipeline - INFO - Tile tile_x13056_y3072: 核心遮罩全空 → 空白 placeholder
2026-07-26 13:12:50,563 - hybrid_pipeline - INFO - [116/576] 處理 tile: tile_x16128_y3072
2026-07-26 13:12:50,587 - hybrid_pipeline - INFO - Tile tile_x13824_y3072: 核心遮罩全空 → 空白 placeholder
2026-07-26 13:12:50,596 - hybrid_pipeline - INFO - [117/576] 處理 tile: tile_x14592_y3072
2026-07-26 13:12:50,620 - hybrid_pipeline - INFO - Tile tile_x16128_y3072: 核心遮罩全空 → 空白 placeholder
2026-07-26 13:12:50,629 - hybrid_pipeline - INFO - [118/576] 處理 tile: tile_x15360_y3072
2026-07-26 13:12:50,652 - hybrid_pipeline - INFO - Tile tile_x14592_y3072: 核心遮罩全空 → 空白 placeholder
2026-07-26 13:12:51,552 - hybrid_pipeline - INFO - [119/576] 處理 tile: tile_x16896_y3072
2026-07-26 13:12:51,579 - m3_module.m3_cells_generator - INFO - All-positive 標註完成: 3 個細胞
2026-07-26 13:12:51,613 - m3_module.m3_cells_generator - INFO - enlarge_cell_instances: 3 顆細胞, factor=1.50(面積), 中位半徑=18.4px, 外擴=4.1px
2026-07-26 13:12:51,740 - m3_module.m3_dot_detection - INFO - detect_all_dots: 紅點=0, 黑點=0, 涉及細胞=3
2026-07-26 13:12:51,781 - m4_module.cell_crops - INFO - 匯出 1 張 per-cell 影像至 /data/taro_Projects/tsgh/output/r7_run/cell_crops/tile_x15360_y3072/cells
2026-07-26 13:12:51,781 - hybrid_pipeline - INFO - Tile tile_x15360_y3072 完成: 核心擁有 1 細胞 (1 陽性), 1.15 秒
2026-07-26 13:12:51,782 - hybrid_pipeline - INFO - [120/576] 處理 tile: tile_x17664_y3072
2026-07-26 13:12:51,805 - hybrid_pipeline - INFO - Tile tile_x16896_y3072: 核心遮罩全空 → 空白 placeholder
2026-07-26 13:12:51,823 - hybrid_pipeline - INFO - [121/576] 處理 tile: tile_x0_y3840
2026-07-26 13:12:51,847 - hybrid_pipeline - INFO - Tile tile_x17664_y3072: 核心遮罩全空 → 空白 placeholder
2026-07-26 13:12:51,858 - hybrid_pipeline - INFO - [122/576] 處理 tile: tile_x768_y3840
2026-07-26 13:12:51,882 - hybrid_pipeline - INFO - Tile tile_x0_y3840: 核心遮罩全空 → 空白 placeholder
2026-07-26 13:12:51,894 - hybrid_pipeline - INFO - [123/576] 處理 tile: tile_x1536_y3840
2026-07-26 13:12:51,921 - hybrid_pipeline - INFO - Tile tile_x768_y3840: 核心遮罩全空 → 空白 placeholder
2026-07-26 13:12:51,926 - hybrid_pipeline - INFO - [124/576] 處理 tile: tile_x2304_y3840
2026-07-26 13:12:51,949 - hybrid_pipeline - INFO - Tile tile_x1536_y3840: 核心遮罩全空 → 空白 placeholder
2026-07-26 13:12:51,959 - hybrid_pipeline - INFO - [125/576] 處理 tile: tile_x3072_y3840
2026-07-26 13:12:51,983 - hybrid_pipeline - INFO - Tile tile_x2304_y3840: 核心遮罩全空 → 空白 placeholder
2026-07-26 13:12:51,995 - hybrid_pipeline - INFO - [126/576] 處理 tile: tile_x3840_y3840
2026-07-26 13:12:52,018 - hybrid_pipeline - INFO - Tile tile_x3072_y3840: 核心遮罩全空 → 空白 placeholder
2026-07-26 13:12:52,027 - hybrid_pipeline - INFO - [127/576] 處理 tile: tile_x4608_y3840
2026-07-26 13:12:52,050 - hybrid_pipeline - INFO - Tile tile_x3840_y3840: 核心遮罩全空 → 空白 placeholder
2026-07-26 13:12:52,059 - hybrid_pipeline - INFO - [128/576] 處理 tile: tile_x5376_y3840
2026-07-26 13:12:52,083 - hybrid_pipeline - INFO - Tile tile_x4608_y3840: 核心遮罩全空 → 空白 placeholder
2026-07-26 13:12:52,092 - hybrid_pipeline - INFO - [129/576] 處理 tile: tile_x6144_y3840
2026-07-26 13:12:52,115 - hybrid_pipeline - INFO - Tile tile_x5376_y3840: 核心遮罩全空 → 空白 placeholder
2026-07-26 13:12:52,124 - hybrid_pipeline - INFO - [130/576] 處理 tile: tile_x6912_y3840
2026-07-26 13:12:52,147 - hybrid_pipeline - INFO - Tile tile_x6144_y3840: 核心遮罩全空 → 空白 placeholder
2026-07-26 13:12:52,157 - hybrid_pipeline - INFO - [131/576] 處理 tile: tile_x7680_y3840
2026-07-26 13:12:52,181 - hybrid_pipeline - INFO - Tile tile_x6912_y3840: 核心遮罩全空 → 空白 placeholder
2026-07-26 13:12:52,192 - hybrid_pipeline - INFO - [132/576] 處理 tile: tile_x8448_y3840
2026-07-26 13:12:52,216 - hybrid_pipeline - INFO - Tile tile_x7680_y3840: 核心遮罩全空 → 空白 placeholder
2026-07-26 13:12:52,226 - hybrid_pipeline - INFO - [133/576] 處理 tile: tile_x9216_y3840
2026-07-26 13:12:52,249 - hybrid_pipeline - INFO - Tile tile_x8448_y3840: 核心遮罩全空 → 空白 placeholder
2026-07-26 13:12:52,258 - hybrid_pipeline - INFO - [134/576] 處理 tile: tile_x9984_y3840
2026-07-26 13:12:52,281 - hybrid_pipeline - INFO - Tile tile_x9216_y3840: 核心遮罩全空 → 空白 placeholder
2026-07-26 13:12:52,292 - hybrid_pipeline - INFO - [135/576] 處理 tile: tile_x10752_y3840
2026-07-26 13:12:52,315 - hybrid_pipeline - INFO - Tile tile_x9984_y3840: 核心遮罩全空 → 空白 placeholder
2026-07-26 13:12:52,325 - hybrid_pipeline - INFO - [136/576] 處理 tile: tile_x12288_y3840
2026-07-26 13:12:52,348 - hybrid_pipeline - INFO - Tile tile_x10752_y3840: 核心遮罩全空 → 空白 placeholder
2026-07-26 13:12:52,357 - hybrid_pipeline - INFO - [137/576] 處理 tile: tile_x11520_y3840
2026-07-26 13:12:52,381 - hybrid_pipeline - INFO - Tile tile_x12288_y3840: 核心遮罩全空 → 空白 placeholder
2026-07-26 13:12:52,390 - hybrid_pipeline - INFO - [138/576] 處理 tile: tile_x13056_y3840
2026-07-26 13:12:52,413 - hybrid_pipeline - INFO - Tile tile_x11520_y3840: 核心遮罩全空 → 空白 placeholder
2026-07-26 13:12:52,422 - hybrid_pipeline - INFO - [139/576] 處理 tile: tile_x13824_y3840
2026-07-26 13:12:52,445 - hybrid_pipeline - INFO - Tile tile_x13056_y3840: 核心遮罩全空 → 空白 placeholder
2026-07-26 13:12:52,455 - hybrid_pipeline - INFO - [140/576] 處理 tile: tile_x15360_y3840
2026-07-26 13:12:52,479 - hybrid_pipeline - INFO - Tile tile_x13824_y3840: 核心遮罩全空 → 空白 placeholder
2026-07-26 13:12:53,043 - hybrid_pipeline - INFO - [141/576] 處理 tile: tile_x16896_y3840
2026-07-26 13:12:53,066 - m3_module.m3_cells_generator - INFO - All-positive 標註完成: 2 個細胞
2026-07-26 13:12:53,093 - m3_module.m3_cells_generator - INFO - enlarge_cell_instances: 2 顆細胞, factor=1.50(面積), 中位半徑=19.3px, 外擴=4.3px
2026-07-26 13:12:53,219 - m3_module.m3_dot_detection - INFO - detect_all_dots: 紅點=0, 黑點=0, 涉及細胞=2
2026-07-26 13:12:53,259 - m4_module.cell_crops - INFO - 匯出 1 張 per-cell 影像至 /data/taro_Projects/tsgh/output/r7_run/cell_crops/tile_x15360_y3840/cells
2026-07-26 13:12:53,259 - hybrid_pipeline - INFO - Tile tile_x15360_y3840 完成: 核心擁有 1 細胞 (1 陽性), 0.80 秒
2026-07-26 13:12:53,259 - hybrid_pipeline - INFO - [142/576] 處理 tile: tile_x14592_y3840
2026-07-26 13:12:53,285 - hybrid_pipeline - INFO - Tile tile_x16896_y3840: 核心遮罩全空 → 空白 placeholder
2026-07-26 13:12:53,296 - hybrid_pipeline - INFO - [143/576] 處理 tile: tile_x16128_y3840
2026-07-26 13:12:53,319 - hybrid_pipeline - INFO - Tile tile_x14592_y3840: 核心遮罩全空 → 空白 placeholder
2026-07-26 13:12:53,330 - hybrid_pipeline - INFO - [144/576] 處理 tile: tile_x17664_y3840
2026-07-26 13:12:53,353 - hybrid_pipeline - INFO - Tile tile_x16128_y3840: 核心遮罩全空 → 空白 placeholder
2026-07-26 13:12:53,364 - hybrid_pipeline - INFO - [145/576] 處理 tile: tile_x0_y4608
2026-07-26 13:12:53,387 - hybrid_pipeline - INFO - Tile tile_x17664_y3840: 核心遮罩全空 → 空白 placeholder
2026-07-26 13:12:53,398 - hybrid_pipeline - INFO - [146/576] 處理 tile: tile_x768_y4608
2026-07-26 13:12:53,425 - hybrid_pipeline - INFO - Tile tile_x0_y4608: 核心遮罩全空 → 空白 placeholder
2026-07-26 13:12:53,433 - hybrid_pipeline - INFO - [147/576] 處理 tile: tile_x1536_y4608
2026-07-26 13:12:53,455 - hybrid_pipeline - INFO - Tile tile_x768_y4608: 核心遮罩全空 → 空白 placeholder
2026-07-26 13:12:53,466 - hybrid_pipeline - INFO - [148/576] 處理 tile: tile_x2304_y4608
2026-07-26 13:12:53,489 - hybrid_pipeline - INFO - Tile tile_x1536_y4608: 核心遮罩全空 → 空白 placeholder
2026-07-26 13:12:53,499 - hybrid_pipeline - INFO - [149/576] 處理 tile: tile_x3072_y4608
2026-07-26 13:12:53,523 - hybrid_pipeline - INFO - Tile tile_x2304_y4608: 核心遮罩全空 → 空白 placeholder
2026-07-26 13:12:53,531 - hybrid_pipeline - INFO - [150/576] 處理 tile: tile_x3840_y4608
2026-07-26 13:12:53,554 - hybrid_pipeline - INFO - Tile tile_x3072_y4608: 核心遮罩全空 → 空白 placeholder
2026-07-26 13:12:53,565 - hybrid_pipeline - INFO - [151/576] 處理 tile: tile_x4608_y4608
2026-07-26 13:12:53,593 - hybrid_pipeline - INFO - Tile tile_x3840_y4608: 核心遮罩全空 → 空白 placeholder
2026-07-26 13:12:53,602 - hybrid_pipeline - INFO - [152/576] 處理 tile: tile_x5376_y4608
2026-07-26 13:12:53,626 - hybrid_pipeline - INFO - Tile tile_x4608_y4608: 核心遮罩全空 → 空白 placeholder
2026-07-26 13:12:53,636 - hybrid_pipeline - INFO - [153/576] 處理 tile: tile_x6144_y4608
2026-07-26 13:12:53,659 - hybrid_pipeline - INFO - Tile tile_x5376_y4608: 核心遮罩全空 → 空白 placeholder
2026-07-26 13:12:53,668 - hybrid_pipeline - INFO - [154/576] 處理 tile: tile_x6912_y4608
2026-07-26 13:12:53,691 - hybrid_pipeline - INFO - Tile tile_x6144_y4608: 核心遮罩全空 → 空白 placeholder
2026-07-26 13:12:53,702 - hybrid_pipeline - INFO - [155/576] 處理 tile: tile_x7680_y4608
2026-07-26 13:12:53,725 - hybrid_pipeline - INFO - Tile tile_x6912_y4608: 核心遮罩全空 → 空白 placeholder
2026-07-26 13:12:53,738 - hybrid_pipeline - INFO - [156/576] 處理 tile: tile_x8448_y4608
2026-07-26 13:12:53,762 - hybrid_pipeline - INFO - Tile tile_x7680_y4608: 核心遮罩全空 → 空白 placeholder
2026-07-26 13:12:53,771 - hybrid_pipeline - INFO - [157/576] 處理 tile: tile_x9216_y4608
2026-07-26 13:12:53,794 - hybrid_pipeline - INFO - Tile tile_x8448_y4608: 核心遮罩全空 → 空白 placeholder
2026-07-26 13:12:53,804 - hybrid_pipeline - INFO - [158/576] 處理 tile: tile_x9984_y4608
2026-07-26 13:12:53,827 - hybrid_pipeline - INFO - Tile tile_x9216_y4608: 核心遮罩全空 → 空白 placeholder
2026-07-26 13:12:53,836 - hybrid_pipeline - INFO - [159/576] 處理 tile: tile_x10752_y4608
2026-07-26 13:12:53,859 - hybrid_pipeline - INFO - Tile tile_x9984_y4608: 核心遮罩全空 → 空白 placeholder
2026-07-26 13:12:53,869 - hybrid_pipeline - INFO - [160/576] 處理 tile: tile_x12288_y4608
2026-07-26 13:12:53,892 - hybrid_pipeline - INFO - Tile tile_x10752_y4608: 核心遮罩全空 → 空白 placeholder
2026-07-26 13:12:53,902 - hybrid_pipeline - INFO - [161/576] 處理 tile: tile_x11520_y4608
2026-07-26 13:12:53,925 - hybrid_pipeline - INFO - Tile tile_x12288_y4608: 核心遮罩全空 → 空白 placeholder
2026-07-26 13:12:53,937 - hybrid_pipeline - INFO - [162/576] 處理 tile: tile_x13824_y4608
2026-07-26 13:12:53,961 - hybrid_pipeline - INFO - Tile tile_x11520_y4608: 核心遮罩全空 → 空白 placeholder
2026-07-26 13:12:53,973 - hybrid_pipeline - INFO - [163/576] 處理 tile: tile_x13056_y4608
2026-07-26 13:12:53,996 - hybrid_pipeline - INFO - Tile tile_x13824_y4608: 核心遮罩全空 → 空白 placeholder
2026-07-26 13:12:54,005 - hybrid_pipeline - INFO - [164/576] 處理 tile: tile_x14592_y4608
2026-07-26 13:12:54,029 - hybrid_pipeline - INFO - Tile tile_x13056_y4608: 核心遮罩全空 → 空白 placeholder
2026-07-26 13:12:54,042 - hybrid_pipeline - INFO - [165/576] 處理 tile: tile_x16128_y4608
2026-07-26 13:12:54,068 - hybrid_pipeline - INFO - Tile tile_x14592_y4608: 核心遮罩全空 → 空白 placeholder
2026-07-26 13:12:54,075 - hybrid_pipeline - INFO - [166/576] 處理 tile: tile_x15360_y4608
2026-07-26 13:12:54,098 - hybrid_pipeline - INFO - Tile tile_x16128_y4608: 核心遮罩全空 → 空白 placeholder
2026-07-26 13:12:54,107 - hybrid_pipeline - INFO - [167/576] 處理 tile: tile_x16896_y4608
2026-07-26 13:12:54,131 - hybrid_pipeline - INFO - Tile tile_x15360_y4608: 核心遮罩全空 → 空白 placeholder
2026-07-26 13:12:54,140 - hybrid_pipeline - INFO - [168/576] 處理 tile: tile_x17664_y4608
2026-07-26 13:12:54,164 - hybrid_pipeline - INFO - Tile tile_x16896_y4608: 核心遮罩全空 → 空白 placeholder
2026-07-26 13:12:54,174 - hybrid_pipeline - INFO - [169/576] 處理 tile: tile_x0_y5376
2026-07-26 13:12:54,198 - hybrid_pipeline - INFO - Tile tile_x17664_y4608: 核心遮罩全空 → 空白 placeholder
2026-07-26 13:12:54,212 - hybrid_pipeline - INFO - [170/576] 處理 tile: tile_x768_y5376
2026-07-26 13:12:54,239 - hybrid_pipeline - INFO - Tile tile_x0_y5376: 核心遮罩全空 → 空白 placeholder
2026-07-26 13:12:54,244 - hybrid_pipeline - INFO - [171/576] 處理 tile: tile_x1536_y5376
2026-07-26 13:12:54,271 - hybrid_pipeline - INFO - Tile tile_x768_y5376: 核心遮罩全空 → 空白 placeholder
2026-07-26 13:12:54,818 - hybrid_pipeline - INFO - [172/576] 處理 tile: tile_x2304_y5376
2026-07-26 13:12:54,841 - m3_module.m3_cells_generator - INFO - All-positive 標註完成: 6 個細胞
2026-07-26 13:12:54,871 - m3_module.m3_cells_generator - INFO - enlarge_cell_instances: 6 顆細胞, factor=1.50(面積), 中位半徑=16.8px, 外擴=3.8px
2026-07-26 13:12:55,001 - m3_module.m3_dot_detection - INFO - detect_all_dots: 紅點=0, 黑點=0, 涉及細胞=6
2026-07-26 13:12:55,045 - m4_module.cell_crops - INFO - 匯出 4 張 per-cell 影像至 /data/taro_Projects/tsgh/output/r7_run/cell_crops/tile_x1536_y5376/cells
2026-07-26 13:12:55,045 - hybrid_pipeline - INFO - Tile tile_x1536_y5376 完成: 核心擁有 4 細胞 (4 陽性), 0.80 秒
2026-07-26 13:12:55,416 - hybrid_pipeline - INFO - [173/576] 處理 tile: tile_x3072_y5376
2026-07-26 13:12:55,441 - m3_module.m3_cells_generator - INFO - All-positive 標註完成: 5 個細胞
2026-07-26 13:12:55,471 - m3_module.m3_cells_generator - INFO - enlarge_cell_instances: 5 顆細胞, factor=1.50(面積), 中位半徑=17.3px, 外擴=3.9px
2026-07-26 13:12:55,590 - m3_module.m3_dot_detection - INFO - detect_all_dots: 紅點=0, 黑點=0, 涉及細胞=5
2026-07-26 13:12:55,631 - m4_module.cell_crops - INFO - 匯出 2 張 per-cell 影像至 /data/taro_Projects/tsgh/output/r7_run/cell_crops/tile_x2304_y5376/cells
2026-07-26 13:12:55,631 - hybrid_pipeline - INFO - Tile tile_x2304_y5376 完成: 核心擁有 2 細胞 (2 陽性), 0.81 秒
2026-07-26 13:12:55,631 - hybrid_pipeline - INFO - [174/576] 處理 tile: tile_x3840_y5376
2026-07-26 13:12:55,654 - hybrid_pipeline - INFO - Tile tile_x3072_y5376: 核心遮罩全空 → 空白 placeholder
2026-07-26 13:12:55,668 - hybrid_pipeline - INFO - [175/576] 處理 tile: tile_x4608_y5376
2026-07-26 13:12:55,691 - hybrid_pipeline - INFO - Tile tile_x3840_y5376: 核心遮罩全空 → 空白 placeholder
2026-07-26 13:12:55,704 - hybrid_pipeline - INFO - [176/576] 處理 tile: tile_x5376_y5376
2026-07-26 13:12:55,727 - hybrid_pipeline - INFO - Tile tile_x4608_y5376: 核心遮罩全空 → 空白 placeholder
2026-07-26 13:12:55,738 - hybrid_pipeline - INFO - [177/576] 處理 tile: tile_x6144_y5376
2026-07-26 13:12:55,762 - hybrid_pipeline - INFO - Tile tile_x5376_y5376: 核心遮罩全空 → 空白 placeholder
2026-07-26 13:12:55,771 - hybrid_pipeline - INFO - [178/576] 處理 tile: tile_x6912_y5376
2026-07-26 13:12:55,795 - hybrid_pipeline - INFO - Tile tile_x6144_y5376: 核心遮罩全空 → 空白 placeholder
2026-07-26 13:12:55,804 - hybrid_pipeline - INFO - [179/576] 處理 tile: tile_x8448_y5376
2026-07-26 13:12:55,834 - hybrid_pipeline - INFO - Tile tile_x6912_y5376: 核心遮罩全空 → 空白 placeholder
2026-07-26 13:12:55,835 - hybrid_pipeline - INFO - [180/576] 處理 tile: tile_x9216_y5376
2026-07-26 13:12:55,859 - hybrid_pipeline - INFO - Tile tile_x8448_y5376: 核心遮罩全空 → 空白 placeholder
2026-07-26 13:12:55,870 - hybrid_pipeline - INFO - [181/576] 處理 tile: tile_x9984_y5376
2026-07-26 13:12:55,894 - hybrid_pipeline - INFO - Tile tile_x9216_y5376: 核心遮罩全空 → 空白 placeholder
2026-07-26 13:12:55,904 - hybrid_pipeline - INFO - [182/576] 處理 tile: tile_x7680_y5376
2026-07-26 13:12:55,929 - hybrid_pipeline - INFO - Tile tile_x9984_y5376: 核心遮罩全空 → 空白 placeholder
2026-07-26 13:12:55,937 - hybrid_pipeline - INFO - [183/576] 處理 tile: tile_x10752_y5376
2026-07-26 13:12:55,960 - hybrid_pipeline - INFO - Tile tile_x7680_y5376: 核心遮罩全空 → 空白 placeholder
2026-07-26 13:12:55,969 - hybrid_pipeline - INFO - [184/576] 處理 tile: tile_x11520_y5376
2026-07-26 13:12:55,994 - hybrid_pipeline - INFO - Tile tile_x10752_y5376: 核心遮罩全空 → 空白 placeholder
2026-07-26 13:12:56,007 - hybrid_pipeline - INFO - [185/576] 處理 tile: tile_x12288_y5376
2026-07-26 13:12:56,030 - hybrid_pipeline - INFO - Tile tile_x11520_y5376: 核心遮罩全空 → 空白 placeholder
2026-07-26 13:12:56,041 - hybrid_pipeline - INFO - [186/576] 處理 tile: tile_x13056_y5376
2026-07-26 13:12:56,065 - hybrid_pipeline - INFO - Tile tile_x12288_y5376: 核心遮罩全空 → 空白 placeholder
2026-07-26 13:12:56,076 - hybrid_pipeline - INFO - [187/576] 處理 tile: tile_x15360_y5376
2026-07-26 13:12:56,099 - hybrid_pipeline - INFO - Tile tile_x13056_y5376: 核心遮罩全空 → 空白 placeholder
2026-07-26 13:12:56,109 - hybrid_pipeline - INFO - [188/576] 處理 tile: tile_x14592_y5376
2026-07-26 13:12:56,135 - hybrid_pipeline - INFO - Tile tile_x15360_y5376: 核心遮罩全空 → 空白 placeholder
2026-07-26 13:12:56,142 - hybrid_pipeline - INFO - [189/576] 處理 tile: tile_x16896_y5376
2026-07-26 13:12:56,166 - hybrid_pipeline - INFO - Tile tile_x14592_y5376: 核心遮罩全空 → 空白 placeholder
2026-07-26 13:12:56,176 - hybrid_pipeline - INFO - [190/576] 處理 tile: tile_x13824_y5376
2026-07-26 13:12:56,199 - hybrid_pipeline - INFO - Tile tile_x16896_y5376: 核心遮罩全空 → 空白 placeholder
2026-07-26 13:12:56,210 - hybrid_pipeline - INFO - [191/576] 處理 tile: tile_x16128_y5376
2026-07-26 13:12:56,235 - hybrid_pipeline - INFO - Tile tile_x13824_y5376: 核心遮罩全空 → 空白 placeholder
2026-07-26 13:12:56,244 - hybrid_pipeline - INFO - [192/576] 處理 tile: tile_x17664_y5376
2026-07-26 13:12:56,271 - hybrid_pipeline - INFO - Tile tile_x16128_y5376: 核心遮罩全空 → 空白 placeholder
2026-07-26 13:12:56,276 - hybrid_pipeline - INFO - [193/576] 處理 tile: tile_x0_y6144
2026-07-26 13:12:56,300 - hybrid_pipeline - INFO - Tile tile_x17664_y5376: 核心遮罩全空 → 空白 placeholder
2026-07-26 13:12:56,865 - hybrid_pipeline - INFO - [194/576] 處理 tile: tile_x768_y6144
2026-07-26 13:12:56,893 - m3_module.m3_cells_generator - INFO - All-positive 標註完成: 10 個細胞
2026-07-26 13:12:56,926 - m3_module.m3_cells_generator - INFO - enlarge_cell_instances: 10 顆細胞, factor=1.50(面積), 中位半徑=19.0px, 外擴=4.3px
2026-07-26 13:12:56,952 - m3_module.m3_elastic_matching - INFO - elastic_dish_nucleus_matching(overlap-first): IHC=10, DISH=2, matched(1核)=0 (其中重疊=0), drop-out(競爭落敗)=0, 無候選(計入)=10, factor=1.50, min_reach=20.0
2026-07-26 13:12:57,063 - m3_module.m3_dot_detection - INFO - detect_all_dots: 紅點=0, 黑點=0, 涉及細胞=10
2026-07-26 13:12:57,138 - m4_module.cell_crops - INFO - 匯出 1 張 per-cell 影像至 /data/taro_Projects/tsgh/output/r7_run/cell_crops/tile_x0_y6144/cells
2026-07-26 13:12:57,138 - hybrid_pipeline - INFO - Tile tile_x0_y6144 完成: 核心擁有 1 細胞 (1 陽性), 0.86 秒
2026-07-26 13:12:57,480 - hybrid_pipeline - INFO - [195/576] 處理 tile: tile_x2304_y6144
2026-07-26 13:12:57,504 - m3_module.m3_cells_generator - INFO - All-positive 標註完成: 22 個細胞
2026-07-26 13:12:57,542 - m3_module.m3_cells_generator - INFO - enlarge_cell_instances: 22 顆細胞, factor=1.50(面積), 中位半徑=20.6px, 外擴=4.6px
2026-07-26 13:12:57,565 - m3_module.m3_elastic_matching - INFO - elastic_dish_nucleus_matching(overlap-first): IHC=22, DISH=1, matched(1核)=0 (其中重疊=0), drop-out(競爭落敗)=0, 無候選(計入)=22, factor=1.50, min_reach=20.0
2026-07-26 13:12:57,662 - m3_module.m3_dot_detection - INFO - detect_all_dots: 紅點=0, 黑點=0, 涉及細胞=22
2026-07-26 13:12:57,744 - m4_module.cell_crops - INFO - 匯出 12 張 per-cell 影像至 /data/taro_Projects/tsgh/output/r7_run/cell_crops/tile_x768_y6144/cells
2026-07-26 13:12:57,744 - hybrid_pipeline - INFO - Tile tile_x768_y6144 完成: 核心擁有 12 細胞 (12 陽性), 0.88 秒
2026-07-26 13:12:57,746 - hybrid_pipeline - INFO - [196/576] 處理 tile: tile_x1536_y6144
2026-07-26 13:12:57,770 - hybrid_pipeline - INFO - Tile tile_x2304_y6144: 核心遮罩全空 → 空白 placeholder
2026-07-26 13:12:57,778 - hybrid_pipeline - INFO - [197/576] 處理 tile: tile_x3840_y6144
2026-07-26 13:12:57,801 - hybrid_pipeline - INFO - Tile tile_x1536_y6144: 核心遮罩全空 → 空白 placeholder
2026-07-26 13:12:57,811 - hybrid_pipeline - INFO - [198/576] 處理 tile: tile_x4608_y6144
2026-07-26 13:12:57,835 - hybrid_pipeline - INFO - Tile tile_x3840_y6144: 核心遮罩全空 → 空白 placeholder
2026-07-26 13:12:57,843 - hybrid_pipeline - INFO - [199/576] 處理 tile: tile_x3072_y6144
2026-07-26 13:12:57,869 - hybrid_pipeline - INFO - Tile tile_x4608_y6144: 核心遮罩全空 → 空白 placeholder
2026-07-26 13:12:57,876 - hybrid_pipeline - INFO - [200/576] 處理 tile: tile_x5376_y6144
2026-07-26 13:12:57,899 - hybrid_pipeline - INFO - Tile tile_x3072_y6144: 核心遮罩全空 → 空白 placeholder
2026-07-26 13:12:57,909 - hybrid_pipeline - INFO - [201/576] 處理 tile: tile_x6144_y6144
2026-07-26 13:12:57,934 - hybrid_pipeline - INFO - Tile tile_x5376_y6144: 核心遮罩全空 → 空白 placeholder
2026-07-26 13:12:57,944 - hybrid_pipeline - INFO - [202/576] 處理 tile: tile_x6912_y6144
2026-07-26 13:12:57,967 - hybrid_pipeline - INFO - Tile tile_x6144_y6144: 核心遮罩全空 → 空白 placeholder
2026-07-26 13:12:57,980 - hybrid_pipeline - INFO - [203/576] 處理 tile: tile_x7680_y6144
2026-07-26 13:12:58,003 - hybrid_pipeline - INFO - Tile tile_x6912_y6144: 核心遮罩全空 → 空白 placeholder
2026-07-26 13:12:58,014 - hybrid_pipeline - INFO - [204/576] 處理 tile: tile_x8448_y6144
2026-07-26 13:12:58,037 - hybrid_pipeline - INFO - Tile tile_x7680_y6144: 核心遮罩全空 → 空白 placeholder
2026-07-26 13:12:58,046 - hybrid_pipeline - INFO - [205/576] 處理 tile: tile_x9984_y6144
2026-07-26 13:12:58,071 - hybrid_pipeline - INFO - Tile tile_x8448_y6144: 核心遮罩全空 → 空白 placeholder
2026-07-26 13:12:58,080 - hybrid_pipeline - INFO - [206/576] 處理 tile: tile_x10752_y6144
2026-07-26 13:12:58,103 - hybrid_pipeline - INFO - Tile tile_x9984_y6144: 核心遮罩全空 → 空白 placeholder
2026-07-26 13:12:58,113 - hybrid_pipeline - INFO - [207/576] 處理 tile: tile_x9216_y6144
2026-07-26 13:12:58,138 - hybrid_pipeline - INFO - Tile tile_x10752_y6144: 核心遮罩全空 → 空白 placeholder
2026-07-26 13:12:58,146 - hybrid_pipeline - INFO - [208/576] 處理 tile: tile_x11520_y6144
2026-07-26 13:12:58,170 - hybrid_pipeline - INFO - Tile tile_x9216_y6144: 核心遮罩全空 → 空白 placeholder
2026-07-26 13:12:58,179 - hybrid_pipeline - INFO - [209/576] 處理 tile: tile_x12288_y6144
2026-07-26 13:12:58,202 - hybrid_pipeline - INFO - Tile tile_x11520_y6144: 核心遮罩全空 → 空白 placeholder
2026-07-26 13:12:58,212 - hybrid_pipeline - INFO - [210/576] 處理 tile: tile_x13056_y6144
2026-07-26 13:12:58,235 - hybrid_pipeline - INFO - Tile tile_x12288_y6144: 核心遮罩全空 → 空白 placeholder
2026-07-26 13:12:58,247 - hybrid_pipeline - INFO - [211/576] 處理 tile: tile_x16128_y6144
2026-07-26 13:12:58,271 - hybrid_pipeline - INFO - Tile tile_x13056_y6144: 核心遮罩全空 → 空白 placeholder
2026-07-26 13:12:58,281 - hybrid_pipeline - INFO - [212/576] 處理 tile: tile_x13824_y6144
2026-07-26 13:12:58,303 - hybrid_pipeline - INFO - Tile tile_x16128_y6144: 核心遮罩全空 → 空白 placeholder
2026-07-26 13:12:58,312 - hybrid_pipeline - INFO - [213/576] 處理 tile: tile_x14592_y6144
2026-07-26 13:12:58,335 - hybrid_pipeline - INFO - Tile tile_x13824_y6144: 核心遮罩全空 → 空白 placeholder
2026-07-26 13:12:58,344 - hybrid_pipeline - INFO - [214/576] 處理 tile: tile_x15360_y6144
2026-07-26 13:12:58,367 - hybrid_pipeline - INFO - Tile tile_x14592_y6144: 核心遮罩全空 → 空白 placeholder
2026-07-26 13:12:58,377 - hybrid_pipeline - INFO - [215/576] 處理 tile: tile_x17664_y6144
2026-07-26 13:12:58,401 - hybrid_pipeline - INFO - Tile tile_x15360_y6144: 核心遮罩全空 → 空白 placeholder
2026-07-26 13:12:58,413 - hybrid_pipeline - INFO - [216/576] 處理 tile: tile_x16896_y6144
2026-07-26 13:12:58,436 - hybrid_pipeline - INFO - Tile tile_x17664_y6144: 核心遮罩全空 → 空白 placeholder
2026-07-26 13:12:58,446 - hybrid_pipeline - INFO - [217/576] 處理 tile: tile_x0_y6912
2026-07-26 13:12:58,471 - hybrid_pipeline - INFO - Tile tile_x16896_y6144: 核心遮罩全空 → 空白 placeholder
2026-07-26 13:12:59,059 - hybrid_pipeline - INFO - [218/576] 處理 tile: tile_x768_y6912
2026-07-26 13:12:59,085 - m3_module.m3_cells_generator - INFO - All-positive 標註完成: 23 個細胞
2026-07-26 13:12:59,131 - m3_module.m3_cells_generator - INFO - enlarge_cell_instances: 23 顆細胞, factor=1.50(面積), 中位半徑=18.0px, 外擴=4.0px
2026-07-26 13:12:59,156 - m3_module.m3_elastic_matching - INFO - elastic_dish_nucleus_matching(overlap-first): IHC=23, DISH=17, matched(1核)=1 (其中重疊=1), drop-out(競爭落敗)=0, 無候選(計入)=22, factor=1.50, min_reach=20.0
2026-07-26 13:12:59,270 - m3_module.m3_dot_detection - INFO - detect_all_dots: 紅點=0, 黑點=0, 涉及細胞=23
2026-07-26 13:12:59,381 - m4_module.cell_crops - INFO - 匯出 10 張 per-cell 影像至 /data/taro_Projects/tsgh/output/r7_run/cell_crops/tile_x0_y6912/cells
2026-07-26 13:12:59,381 - hybrid_pipeline - INFO - Tile tile_x0_y6912 完成: 核心擁有 10 細胞 (10 陽性), 0.93 秒
2026-07-26 13:12:59,779 - hybrid_pipeline - INFO - [219/576] 處理 tile: tile_x3840_y6912
2026-07-26 13:12:59,802 - m3_module.m3_cells_generator - INFO - All-positive 標註完成: 46 個細胞
2026-07-26 13:12:59,846 - m3_module.m3_cells_generator - INFO - enlarge_cell_instances: 46 顆細胞, factor=1.50(面積), 中位半徑=22.0px, 外擴=4.9px
2026-07-26 13:12:59,874 - m3_module.m3_elastic_matching - INFO - elastic_dish_nucleus_matching(overlap-first): IHC=46, DISH=244, matched(1核)=16 (其中重疊=16), drop-out(競爭落敗)=0, 無候選(計入)=30, factor=1.50, min_reach=20.0
2026-07-26 13:12:59,986 - m3_module.m3_dot_detection - INFO - detect_all_dots: 紅點=0, 黑點=0, 涉及細胞=46
2026-07-26 13:13:00,130 - m4_module.cell_crops - INFO - 匯出 31 張 per-cell 影像至 /data/taro_Projects/tsgh/output/r7_run/cell_crops/tile_x768_y6912/cells
2026-07-26 13:13:00,130 - hybrid_pipeline - INFO - Tile tile_x768_y6912 完成: 核心擁有 31 細胞 (31 陽性), 1.07 秒
2026-07-26 13:13:00,130 - hybrid_pipeline - INFO - [220/576] 處理 tile: tile_x2304_y6912
2026-07-26 13:13:00,154 - hybrid_pipeline - INFO - Tile tile_x3840_y6912: 核心遮罩全空 → 空白 placeholder
2026-07-26 13:13:01,037 - hybrid_pipeline - INFO - [221/576] 處理 tile: tile_x4608_y6912
2026-07-26 13:13:01,065 - m3_module.m3_cells_generator - INFO - All-positive 標註完成: 20 個細胞
2026-07-26 13:13:01,105 - m3_module.m3_cells_generator - INFO - enlarge_cell_instances: 20 顆細胞, factor=1.50(面積), 中位半徑=24.6px, 外擴=5.5px
2026-07-26 13:13:01,138 - m3_module.m3_elastic_matching - INFO - elastic_dish_nucleus_matching(overlap-first): IHC=20, DISH=618, matched(1核)=20 (其中重疊=20), drop-out(競爭落敗)=0, 無候選(計入)=0, factor=1.50, min_reach=20.0
2026-07-26 13:13:01,238 - m3_module.m3_dot_detection - INFO - detect_all_dots: 紅點=0, 黑點=0, 涉及細胞=20
2026-07-26 13:13:01,342 - m4_module.cell_crops - INFO - 匯出 8 張 per-cell 影像至 /data/taro_Projects/tsgh/output/r7_run/cell_crops/tile_x2304_y6912/cells
2026-07-26 13:13:01,342 - hybrid_pipeline - INFO - Tile tile_x2304_y6912 完成: 核心擁有 8 細胞 (8 陽性), 1.21 秒
2026-07-26 13:13:01,345 - hybrid_pipeline - INFO - [222/576] 處理 tile: tile_x3072_y6912
2026-07-26 13:13:01,371 - hybrid_pipeline - INFO - Tile tile_x4608_y6912: 核心遮罩全空 → 空白 placeholder
2026-07-26 13:13:02,252 - hybrid_pipeline - INFO - [223/576] 處理 tile: tile_x1536_y6912
2026-07-26 13:13:02,284 - m3_module.m3_cells_generator - INFO - All-positive 標註完成: 6 個細胞
2026-07-26 13:13:02,321 - m3_module.m3_cells_generator - INFO - enlarge_cell_instances: 6 顆細胞, factor=1.50(面積), 中位半徑=24.4px, 外擴=5.5px
2026-07-26 13:13:02,351 - m3_module.m3_elastic_matching - INFO - elastic_dish_nucleus_matching(overlap-first): IHC=6, DISH=319, matched(1核)=6 (其中重疊=6), drop-out(競爭落敗)=0, 無候選(計入)=0, factor=1.50, min_reach=20.0
2026-07-26 13:13:02,463 - m3_module.m3_dot_detection - INFO - detect_all_dots: 紅點=0, 黑點=0, 涉及細胞=6
2026-07-26 13:13:02,548 - m4_module.cell_crops - INFO - 匯出 0 張 per-cell 影像至 /data/taro_Projects/tsgh/output/r7_run/cell_crops/tile_x3072_y6912/cells
2026-07-26 13:13:02,548 - hybrid_pipeline - INFO - Tile tile_x3072_y6912 完成: 核心擁有 0 細胞 (0 陽性), 1.20 秒
2026-07-26 13:13:02,865 - hybrid_pipeline - INFO - [224/576] 處理 tile: tile_x5376_y6912
2026-07-26 13:13:02,888 - m3_module.m3_cells_generator - INFO - All-positive 標註完成: 3 個細胞
2026-07-26 13:13:02,915 - m3_module.m3_cells_generator - INFO - enlarge_cell_instances: 3 顆細胞, factor=1.50(面積), 中位半徑=15.4px, 外擴=3.5px
2026-07-26 13:13:03,027 - m3_module.m3_dot_detection - INFO - detect_all_dots: 紅點=0, 黑點=0, 涉及細胞=3
2026-07-26 13:13:03,068 - m4_module.cell_crops - INFO - 匯出 0 張 per-cell 影像至 /data/taro_Projects/tsgh/output/r7_run/cell_crops/tile_x1536_y6912/cells
2026-07-26 13:13:03,068 - hybrid_pipeline - INFO - Tile tile_x1536_y6912 完成: 核心擁有 0 細胞 (0 陽性), 0.82 秒
2026-07-26 13:13:03,068 - hybrid_pipeline - INFO - [225/576] 處理 tile: tile_x6144_y6912
2026-07-26 13:13:03,091 - hybrid_pipeline - INFO - Tile tile_x5376_y6912: 核心遮罩全空 → 空白 placeholder
2026-07-26 13:13:03,104 - hybrid_pipeline - INFO - [226/576] 處理 tile: tile_x6912_y6912
2026-07-26 13:13:03,130 - hybrid_pipeline - INFO - Tile tile_x6144_y6912: 核心遮罩全空 → 空白 placeholder
2026-07-26 13:13:03,140 - hybrid_pipeline - INFO - [227/576] 處理 tile: tile_x9216_y6912
2026-07-26 13:13:03,164 - hybrid_pipeline - INFO - Tile tile_x6912_y6912: 核心遮罩全空 → 空白 placeholder
2026-07-26 13:13:03,176 - hybrid_pipeline - INFO - [228/576] 處理 tile: tile_x10752_y6912
2026-07-26 13:13:03,200 - hybrid_pipeline - INFO - Tile tile_x9216_y6912: 核心遮罩全空 → 空白 placeholder
2026-07-26 13:13:03,209 - hybrid_pipeline - INFO - [229/576] 處理 tile: tile_x9984_y6912
2026-07-26 13:13:03,232 - hybrid_pipeline - INFO - Tile tile_x10752_y6912: 核心遮罩全空 → 空白 placeholder
2026-07-26 13:13:03,243 - hybrid_pipeline - INFO - [230/576] 處理 tile: tile_x7680_y6912
2026-07-26 13:13:03,266 - hybrid_pipeline - INFO - Tile tile_x9984_y6912: 核心遮罩全空 → 空白 placeholder
2026-07-26 13:13:03,275 - hybrid_pipeline - INFO - [231/576] 處理 tile: tile_x12288_y6912
2026-07-26 13:13:03,299 - hybrid_pipeline - INFO - Tile tile_x7680_y6912: 核心遮罩全空 → 空白 placeholder
2026-07-26 13:13:03,308 - hybrid_pipeline - INFO - [232/576] 處理 tile: tile_x8448_y6912
2026-07-26 13:13:03,331 - hybrid_pipeline - INFO - Tile tile_x12288_y6912: 核心遮罩全空 → 空白 placeholder
2026-07-26 13:13:03,340 - hybrid_pipeline - INFO - [233/576] 處理 tile: tile_x11520_y6912
2026-07-26 13:13:03,364 - hybrid_pipeline - INFO - Tile tile_x8448_y6912: 核心遮罩全空 → 空白 placeholder
2026-07-26 13:13:03,372 - hybrid_pipeline - INFO - [234/576] 處理 tile: tile_x15360_y6912
2026-07-26 13:13:03,395 - hybrid_pipeline - INFO - Tile tile_x11520_y6912: 核心遮罩全空 → 空白 placeholder
2026-07-26 13:13:03,404 - hybrid_pipeline - INFO - [235/576] 處理 tile: tile_x16128_y6912
2026-07-26 13:13:03,428 - hybrid_pipeline - INFO - Tile tile_x15360_y6912: 核心遮罩全空 → 空白 placeholder
2026-07-26 13:13:03,436 - hybrid_pipeline - INFO - [236/576] 處理 tile: tile_x17664_y6912
2026-07-26 13:13:03,459 - hybrid_pipeline - INFO - Tile tile_x16128_y6912: 核心遮罩全空 → 空白 placeholder
2026-07-26 13:13:03,470 - hybrid_pipeline - INFO - [237/576] 處理 tile: tile_x13056_y6912
2026-07-26 13:13:03,494 - hybrid_pipeline - INFO - Tile tile_x17664_y6912: 核心遮罩全空 → 空白 placeholder
2026-07-26 13:13:03,502 - hybrid_pipeline - INFO - [238/576] 處理 tile: tile_x13824_y6912
2026-07-26 13:13:03,526 - hybrid_pipeline - INFO - Tile tile_x13056_y6912: 核心遮罩全空 → 空白 placeholder
2026-07-26 13:13:03,535 - hybrid_pipeline - INFO - [239/576] 處理 tile: tile_x0_y7680
2026-07-26 13:13:03,561 - hybrid_pipeline - INFO - Tile tile_x13824_y6912: 核心遮罩全空 → 空白 placeholder
2026-07-26 13:13:04,195 - hybrid_pipeline - INFO - [240/576] 處理 tile: tile_x16896_y6912
2026-07-26 13:13:04,221 - m3_module.m3_cells_generator - INFO - All-positive 標註完成: 14 個細胞
2026-07-26 13:13:04,261 - m3_module.m3_cells_generator - INFO - enlarge_cell_instances: 14 顆細胞, factor=1.50(面積), 中位半徑=15.2px, 外擴=3.4px
2026-07-26 13:13:04,284 - m3_module.m3_elastic_matching - INFO - elastic_dish_nucleus_matching(overlap-first): IHC=14, DISH=1, matched(1核)=1 (其中重疊=1), drop-out(競爭落敗)=1, 無候選(計入)=12, factor=1.50, min_reach=20.0
2026-07-26 13:13:04,397 - m3_module.m3_dot_detection - INFO - detect_all_dots: 紅點=0, 黑點=1, 涉及細胞=14
2026-07-26 13:13:04,467 - m4_module.cell_crops - INFO - 匯出 2 張 per-cell 影像至 /data/taro_Projects/tsgh/output/r7_run/cell_crops/tile_x0_y7680/cells
2026-07-26 13:13:04,467 - hybrid_pipeline - INFO - Tile tile_x0_y7680 完成: 核心擁有 2 細胞 (2 陽性), 0.93 秒
2026-07-26 13:13:04,467 - hybrid_pipeline - INFO - [241/576] 處理 tile: tile_x14592_y6912
2026-07-26 13:13:04,490 - hybrid_pipeline - INFO - Tile tile_x16896_y6912: 核心遮罩全空 → 空白 placeholder
2026-07-26 13:13:04,501 - hybrid_pipeline - INFO - [242/576] 處理 tile: tile_x768_y7680
2026-07-26 13:13:04,524 - hybrid_pipeline - INFO - Tile tile_x14592_y6912: 核心遮罩全空 → 空白 placeholder
2026-07-26 13:13:05,204 - hybrid_pipeline - INFO - [243/576] 處理 tile: tile_x3072_y7680
2026-07-26 13:13:05,227 - m3_module.m3_cells_generator - INFO - All-positive 標註完成: 52 個細胞
2026-07-26 13:13:05,279 - m3_module.m3_cells_generator - INFO - enlarge_cell_instances: 52 顆細胞, factor=1.50(面積), 中位半徑=22.0px, 外擴=4.9px
2026-07-26 13:13:05,312 - m3_module.m3_elastic_matching - INFO - elastic_dish_nucleus_matching(overlap-first): IHC=52, DISH=210, matched(1核)=20 (其中重疊=18), drop-out(競爭落敗)=2, 無候選(計入)=30, factor=1.50, min_reach=20.0
2026-07-26 13:13:05,428 - m3_module.m3_dot_detection - INFO - detect_all_dots: 紅點=0, 黑點=1, 涉及細胞=52
2026-07-26 13:13:05,574 - m4_module.cell_crops - INFO - 匯出 15 張 per-cell 影像至 /data/taro_Projects/tsgh/output/r7_run/cell_crops/tile_x768_y7680/cells
2026-07-26 13:13:05,574 - hybrid_pipeline - INFO - Tile tile_x768_y7680 完成: 核心擁有 15 細胞 (15 陽性), 1.07 秒
2026-07-26 13:13:05,807 - hybrid_pipeline - INFO - [244/576] 處理 tile: tile_x1536_y7680
2026-07-26 13:13:05,836 - m3_module.m3_cells_generator - INFO - All-positive 標註完成: 66 個細胞
2026-07-26 13:13:05,876 - m3_module.m3_cells_generator - INFO - enlarge_cell_instances: 66 顆細胞, factor=1.50(面積), 中位半徑=22.8px, 外擴=5.1px
2026-07-26 13:13:05,901 - m3_module.m3_elastic_matching - INFO - elastic_dish_nucleus_matching(overlap-first): IHC=66, DISH=5, matched(1核)=2 (其中重疊=2), drop-out(競爭落敗)=1, 無候選(計入)=63, factor=1.50, min_reach=20.0
2026-07-26 13:13:06,009 - m3_module.m3_dot_detection - INFO - detect_all_dots: 紅點=0, 黑點=0, 涉及細胞=66
2026-07-26 13:13:06,167 - m4_module.cell_crops - INFO - 匯出 31 張 per-cell 影像至 /data/taro_Projects/tsgh/output/r7_run/cell_crops/tile_x3072_y7680/cells
2026-07-26 13:13:06,167 - hybrid_pipeline - INFO - Tile tile_x3072_y7680 完成: 核心擁有 31 細胞 (31 陽性), 0.96 秒
2026-07-26 13:13:06,459 - hybrid_pipeline - INFO - [245/576] 處理 tile: tile_x2304_y7680
2026-07-26 13:13:06,488 - m3_module.m3_cells_generator - INFO - All-positive 標註完成: 69 個細胞
2026-07-26 13:13:06,539 - m3_module.m3_cells_generator - INFO - enlarge_cell_instances: 69 顆細胞, factor=1.50(面積), 中位半徑=22.7px, 外擴=5.1px
2026-07-26 13:13:06,565 - m3_module.m3_elastic_matching - INFO - elastic_dish_nucleus_matching(overlap-first): IHC=69, DISH=127, matched(1核)=15 (其中重疊=15), drop-out(競爭落敗)=3, 無候選(計入)=51, factor=1.50, min_reach=20.0
2026-07-26 13:13:06,682 - m3_module.m3_dot_detection - INFO - detect_all_dots: 紅點=1, 黑點=2, 涉及細胞=69
2026-07-26 13:13:06,900 - m4_module.cell_crops - INFO - 匯出 43 張 per-cell 影像至 /data/taro_Projects/tsgh/output/r7_run/cell_crops/tile_x1536_y7680/cells
2026-07-26 13:13:06,901 - hybrid_pipeline - INFO - Tile tile_x1536_y7680 完成: 核心擁有 43 細胞 (43 陽性), 1.09 秒
2026-07-26 13:13:07,106 - hybrid_pipeline - INFO - [246/576] 處理 tile: tile_x4608_y7680
2026-07-26 13:13:07,135 - m3_module.m3_cells_generator - INFO - All-positive 標註完成: 125 個細胞
2026-07-26 13:13:07,186 - m3_module.m3_cells_generator - INFO - enlarge_cell_instances: 125 顆細胞, factor=1.50(面積), 中位半徑=23.0px, 外擴=5.2px
2026-07-26 13:13:07,213 - m3_module.m3_elastic_matching - INFO - elastic_dish_nucleus_matching(overlap-first): IHC=125, DISH=44, matched(1核)=10 (其中重疊=10), drop-out(競爭落敗)=8, 無候選(計入)=107, factor=1.50, min_reach=20.0
2026-07-26 13:13:07,329 - m3_module.m3_dot_detection - INFO - detect_all_dots: 紅點=0, 黑點=1, 涉及細胞=125
2026-07-26 13:13:07,598 - m4_module.cell_crops - INFO - 匯出 73 張 per-cell 影像至 /data/taro_Projects/tsgh/output/r7_run/cell_crops/tile_x2304_y7680/cells
2026-07-26 13:13:07,598 - hybrid_pipeline - INFO - Tile tile_x2304_y7680 完成: 核心擁有 73 細胞 (73 陽性), 1.14 秒
2026-07-26 13:13:07,599 - hybrid_pipeline - INFO - [247/576] 處理 tile: tile_x3840_y7680
2026-07-26 13:13:07,623 - hybrid_pipeline - INFO - Tile tile_x4608_y7680: 核心遮罩全空 → 空白 placeholder
2026-07-26 13:13:07,644 - hybrid_pipeline - INFO - [248/576] 處理 tile: tile_x5376_y7680
2026-07-26 13:13:07,668 - hybrid_pipeline - INFO - Tile tile_x3840_y7680: 核心遮罩全空 → 空白 placeholder
2026-07-26 13:13:07,872 - cellpose.dynamics - INFO - No cell pixels found.
2026-07-26 13:13:08,174 - hybrid_pipeline - INFO - [249/576] 處理 tile: tile_x6144_y7680
2026-07-26 13:13:08,186 - m3_module.m3_cells_generator - INFO - All-positive 標註完成: 0 個細胞
2026-07-26 13:13:08,309 - m3_module.m3_dot_detection - INFO - detect_all_dots: 紅點=0, 黑點=0, 涉及細胞=0
2026-07-26 13:13:08,342 - m4_module.cell_crops - INFO - 匯出 0 張 per-cell 影像至 /data/taro_Projects/tsgh/output/r7_run/cell_crops/tile_x5376_y7680/cells
2026-07-26 13:13:08,342 - hybrid_pipeline - INFO - Tile tile_x5376_y7680 完成: 核心擁有 0 細胞 (0 陽性), 0.70 秒
2026-07-26 13:13:08,342 - hybrid_pipeline - INFO - [250/576] 處理 tile: tile_x6912_y7680
2026-07-26 13:13:08,369 - hybrid_pipeline - INFO - Tile tile_x6144_y7680: 核心遮罩全空 → 空白 placeholder
2026-07-26 13:13:08,384 - hybrid_pipeline - INFO - [251/576] 處理 tile: tile_x8448_y7680
2026-07-26 13:13:08,407 - hybrid_pipeline - INFO - Tile tile_x6912_y7680: 核心遮罩全空 → 空白 placeholder
2026-07-26 13:13:08,423 - hybrid_pipeline - INFO - [252/576] 處理 tile: tile_x11520_y7680
2026-07-26 13:13:08,451 - hybrid_pipeline - INFO - Tile tile_x8448_y7680: 核心遮罩全空 → 空白 placeholder
2026-07-26 13:13:08,461 - hybrid_pipeline - INFO - [253/576] 處理 tile: tile_x7680_y7680
2026-07-26 13:13:08,486 - hybrid_pipeline - INFO - Tile tile_x11520_y7680: 核心遮罩全空 → 空白 placeholder
2026-07-26 13:13:08,499 - hybrid_pipeline - INFO - [254/576] 處理 tile: tile_x9984_y7680
2026-07-26 13:13:08,523 - hybrid_pipeline - INFO - Tile tile_x7680_y7680: 核心遮罩全空 → 空白 placeholder
2026-07-26 13:13:08,534 - hybrid_pipeline - INFO - [255/576] 處理 tile: tile_x9216_y7680
2026-07-26 13:13:08,560 - hybrid_pipeline - INFO - Tile tile_x9984_y7680: 核心遮罩全空 → 空白 placeholder
2026-07-26 13:13:08,571 - hybrid_pipeline - INFO - [256/576] 處理 tile: tile_x10752_y7680
2026-07-26 13:13:08,594 - hybrid_pipeline - INFO - Tile tile_x9216_y7680: 核心遮罩全空 → 空白 placeholder
2026-07-26 13:13:08,605 - hybrid_pipeline - INFO - [257/576] 處理 tile: tile_x12288_y7680
2026-07-26 13:13:08,628 - hybrid_pipeline - INFO - Tile tile_x10752_y7680: 核心遮罩全空 → 空白 placeholder
2026-07-26 13:13:08,640 - hybrid_pipeline - INFO - [258/576] 處理 tile: tile_x13056_y7680
2026-07-26 13:13:08,663 - hybrid_pipeline - INFO - Tile tile_x12288_y7680: 核心遮罩全空 → 空白 placeholder
2026-07-26 13:13:08,677 - hybrid_pipeline - INFO - [259/576] 處理 tile: tile_x16128_y7680
2026-07-26 13:13:08,704 - hybrid_pipeline - INFO - Tile tile_x13056_y7680: 核心遮罩全空 → 空白 placeholder
2026-07-26 13:13:08,714 - hybrid_pipeline - INFO - [260/576] 處理 tile: tile_x17664_y7680
2026-07-26 13:13:08,737 - hybrid_pipeline - INFO - Tile tile_x16128_y7680: 核心遮罩全空 → 空白 placeholder
2026-07-26 13:13:08,750 - hybrid_pipeline - INFO - [261/576] 處理 tile: tile_x15360_y7680
2026-07-26 13:13:08,775 - hybrid_pipeline - INFO - Tile tile_x17664_y7680: 核心遮罩全空 → 空白 placeholder
2026-07-26 13:13:08,787 - hybrid_pipeline - INFO - [262/576] 處理 tile: tile_x16896_y7680
2026-07-26 13:13:08,809 - hybrid_pipeline - INFO - Tile tile_x15360_y7680: 核心遮罩全空 → 空白 placeholder
2026-07-26 13:13:08,823 - hybrid_pipeline - INFO - [263/576] 處理 tile: tile_x13824_y7680
2026-07-26 13:13:08,846 - hybrid_pipeline - INFO - Tile tile_x16896_y7680: 核心遮罩全空 → 空白 placeholder
2026-07-26 13:13:08,860 - hybrid_pipeline - INFO - [264/576] 處理 tile: tile_x14592_y7680
2026-07-26 13:13:08,883 - hybrid_pipeline - INFO - Tile tile_x13824_y7680: 核心遮罩全空 → 空白 placeholder
2026-07-26 13:13:08,897 - hybrid_pipeline - INFO - [265/576] 處理 tile: tile_x0_y8448
2026-07-26 13:13:08,919 - hybrid_pipeline - INFO - Tile tile_x14592_y7680: 核心遮罩全空 → 空白 placeholder
2026-07-26 13:13:09,488 - hybrid_pipeline - INFO - [266/576] 處理 tile: tile_x768_y8448
2026-07-26 13:13:09,517 - m3_module.m3_cells_generator - INFO - All-positive 標註完成: 41 個細胞
2026-07-26 13:13:09,566 - m3_module.m3_cells_generator - INFO - enlarge_cell_instances: 41 顆細胞, factor=1.50(面積), 中位半徑=19.6px, 外擴=4.4px
2026-07-26 13:13:09,593 - m3_module.m3_elastic_matching - INFO - elastic_dish_nucleus_matching(overlap-first): IHC=41, DISH=10, matched(1核)=10 (其中重疊=10), drop-out(競爭落敗)=7, 無候選(計入)=24, factor=1.50, min_reach=20.0
2026-07-26 13:13:09,755 - m3_module.m3_dot_detection - INFO - detect_all_dots: 紅點=18, 黑點=27, 涉及細胞=41
2026-07-26 13:13:09,895 - m4_module.cell_crops - INFO - 匯出 15 張 per-cell 影像至 /data/taro_Projects/tsgh/output/r7_run/cell_crops/tile_x0_y8448/cells
2026-07-26 13:13:09,895 - hybrid_pipeline - INFO - Tile tile_x0_y8448 完成: 核心擁有 15 細胞 (15 陽性), 1.00 秒
2026-07-26 13:13:10,147 - hybrid_pipeline - INFO - [267/576] 處理 tile: tile_x3072_y8448
2026-07-26 13:13:10,179 - m3_module.m3_cells_generator - INFO - All-positive 標註完成: 112 個細胞
2026-07-26 13:13:10,235 - m3_module.m3_cells_generator - INFO - enlarge_cell_instances: 112 顆細胞, factor=1.50(面積), 中位半徑=26.0px, 外擴=5.9px
2026-07-26 13:13:10,263 - m3_module.m3_elastic_matching - INFO - elastic_dish_nucleus_matching(overlap-first): IHC=112, DISH=21, matched(1核)=20 (其中重疊=20), drop-out(競爭落敗)=6, 無候選(計入)=86, factor=1.50, min_reach=20.0
2026-07-26 13:13:10,445 - m3_module.m3_dot_detection - INFO - detect_all_dots: 紅點=25, 黑點=35, 涉及細胞=112
2026-07-26 13:13:10,754 - m4_module.cell_crops - INFO - 匯出 70 張 per-cell 影像至 /data/taro_Projects/tsgh/output/r7_run/cell_crops/tile_x768_y8448/cells
2026-07-26 13:13:10,754 - hybrid_pipeline - INFO - Tile tile_x768_y8448 完成: 核心擁有 70 細胞 (70 陽性), 1.27 秒
2026-07-26 13:13:10,815 - hybrid_pipeline - INFO - [268/576] 處理 tile: tile_x2304_y8448
2026-07-26 13:13:10,850 - m3_module.m3_cells_generator - INFO - All-positive 標註完成: 105 個細胞
2026-07-26 13:13:10,901 - m3_module.m3_cells_generator - INFO - enlarge_cell_instances: 105 顆細胞, factor=1.50(面積), 中位半徑=24.7px, 外擴=5.5px
2026-07-26 13:13:10,933 - m3_module.m3_elastic_matching - INFO - elastic_dish_nucleus_matching(overlap-first): IHC=105, DISH=14, matched(1核)=13 (其中重疊=13), drop-out(競爭落敗)=6, 無候選(計入)=86, factor=1.50, min_reach=20.0
2026-07-26 13:13:11,063 - m3_module.m3_dot_detection - INFO - detect_all_dots: 紅點=6, 黑點=7, 涉及細胞=105
2026-07-26 13:13:11,358 - m4_module.cell_crops - INFO - 匯出 62 張 per-cell 影像至 /data/taro_Projects/tsgh/output/r7_run/cell_crops/tile_x3072_y8448/cells
2026-07-26 13:13:11,358 - hybrid_pipeline - INFO - Tile tile_x3072_y8448 完成: 核心擁有 62 細胞 (62 陽性), 1.21 秒
2026-07-26 13:13:11,459 - hybrid_pipeline - INFO - [269/576] 處理 tile: tile_x1536_y8448
2026-07-26 13:13:11,488 - m3_module.m3_cells_generator - INFO - All-positive 標註完成: 124 個細胞
2026-07-26 13:13:11,543 - m3_module.m3_cells_generator - INFO - enlarge_cell_instances: 124 顆細胞, factor=1.50(面積), 中位半徑=24.2px, 外擴=5.4px
2026-07-26 13:13:11,570 - m3_module.m3_elastic_matching - INFO - elastic_dish_nucleus_matching(overlap-first): IHC=124, DISH=13, matched(1核)=12 (其中重疊=12), drop-out(競爭落敗)=5, 無候選(計入)=107, factor=1.50, min_reach=20.0
2026-07-26 13:13:11,712 - m3_module.m3_dot_detection - INFO - detect_all_dots: 紅點=9, 黑點=14, 涉及細胞=124
2026-07-26 13:13:12,075 - m4_module.cell_crops - INFO - 匯出 61 張 per-cell 影像至 /data/taro_Projects/tsgh/output/r7_run/cell_crops/tile_x2304_y8448/cells
2026-07-26 13:13:12,075 - hybrid_pipeline - INFO - Tile tile_x2304_y8448 完成: 核心擁有 61 細胞 (61 陽性), 1.26 秒
2026-07-26 13:13:12,094 - hybrid_pipeline - INFO - [270/576] 處理 tile: tile_x3840_y8448
2026-07-26 13:13:12,116 - m3_module.m3_cells_generator - INFO - All-positive 標註完成: 99 個細胞
2026-07-26 13:13:12,171 - m3_module.m3_cells_generator - INFO - enlarge_cell_instances: 99 顆細胞, factor=1.50(面積), 中位半徑=26.0px, 外擴=5.8px
2026-07-26 13:13:12,196 - m3_module.m3_elastic_matching - INFO - elastic_dish_nucleus_matching(overlap-first): IHC=99, DISH=8, matched(1核)=7 (其中重疊=7), drop-out(競爭落敗)=5, 無候選(計入)=87, factor=1.50, min_reach=20.0
2026-07-26 13:13:12,321 - m3_module.m3_dot_detection - INFO - detect_all_dots: 紅點=5, 黑點=7, 涉及細胞=99
2026-07-26 13:13:12,595 - m4_module.cell_crops - INFO - 匯出 65 張 per-cell 影像至 /data/taro_Projects/tsgh/output/r7_run/cell_crops/tile_x1536_y8448/cells
2026-07-26 13:13:12,595 - hybrid_pipeline - INFO - Tile tile_x1536_y8448 完成: 核心擁有 65 細胞 (65 陽性), 1.14 秒
2026-07-26 13:13:12,699 - hybrid_pipeline - INFO - [271/576] 處理 tile: tile_x5376_y8448
2026-07-26 13:13:12,728 - m3_module.m3_cells_generator - INFO - All-positive 標註完成: 15 個細胞
2026-07-26 13:13:12,760 - m3_module.m3_cells_generator - INFO - enlarge_cell_instances: 15 顆細胞, factor=1.50(面積), 中位半徑=23.6px, 外擴=5.3px
2026-07-26 13:13:12,781 - m3_module.m3_elastic_matching - INFO - elastic_dish_nucleus_matching(overlap-first): IHC=15, DISH=4, matched(1核)=3 (其中重疊=3), drop-out(競爭落敗)=1, 無候選(計入)=11, factor=1.50, min_reach=20.0
2026-07-26 13:13:12,886 - m3_module.m3_dot_detection - INFO - detect_all_dots: 紅點=1, 黑點=0, 涉及細胞=15
2026-07-26 13:13:12,970 - m4_module.cell_crops - INFO - 匯出 0 張 per-cell 影像至 /data/taro_Projects/tsgh/output/r7_run/cell_crops/tile_x3840_y8448/cells
2026-07-26 13:13:12,971 - hybrid_pipeline - INFO - Tile tile_x3840_y8448 完成: 核心擁有 0 細胞 (0 陽性), 0.88 秒
2026-07-26 13:13:12,971 - hybrid_pipeline - INFO - [272/576] 處理 tile: tile_x4608_y8448
2026-07-26 13:13:12,994 - hybrid_pipeline - INFO - Tile tile_x5376_y8448: 核心遮罩全空 → 空白 placeholder
2026-07-26 13:13:13,019 - hybrid_pipeline - INFO - [273/576] 處理 tile: tile_x6144_y8448
2026-07-26 13:13:13,044 - hybrid_pipeline - INFO - Tile tile_x4608_y8448: 核心遮罩全空 → 空白 placeholder
2026-07-26 13:13:13,066 - hybrid_pipeline - INFO - [274/576] 處理 tile: tile_x6912_y8448
2026-07-26 13:13:13,089 - hybrid_pipeline - INFO - Tile tile_x6144_y8448: 核心遮罩全空 → 空白 placeholder
2026-07-26 13:13:13,107 - hybrid_pipeline - INFO - [275/576] 處理 tile: tile_x9216_y8448
2026-07-26 13:13:13,130 - hybrid_pipeline - INFO - Tile tile_x6912_y8448: 核心遮罩全空 → 空白 placeholder
2026-07-26 13:13:13,150 - hybrid_pipeline - INFO - [276/576] 處理 tile: tile_x8448_y8448
2026-07-26 13:13:13,173 - hybrid_pipeline - INFO - Tile tile_x9216_y8448: 核心遮罩全空 → 空白 placeholder
2026-07-26 13:13:13,191 - hybrid_pipeline - INFO - [277/576] 處理 tile: tile_x7680_y8448
2026-07-26 13:13:13,214 - hybrid_pipeline - INFO - Tile tile_x8448_y8448: 核心遮罩全空 → 空白 placeholder
2026-07-26 13:13:13,227 - hybrid_pipeline - INFO - [278/576] 處理 tile: tile_x11520_y8448
2026-07-26 13:13:13,253 - hybrid_pipeline - INFO - Tile tile_x7680_y8448: 核心遮罩全空 → 空白 placeholder
2026-07-26 13:13:13,265 - hybrid_pipeline - INFO - [279/576] 處理 tile: tile_x10752_y8448
2026-07-26 13:13:13,289 - hybrid_pipeline - INFO - Tile tile_x11520_y8448: 核心遮罩全空 → 空白 placeholder
2026-07-26 13:13:13,303 - hybrid_pipeline - INFO - [280/576] 處理 tile: tile_x9984_y8448
2026-07-26 13:13:13,325 - hybrid_pipeline - INFO - Tile tile_x10752_y8448: 核心遮罩全空 → 空白 placeholder
2026-07-26 13:13:13,341 - hybrid_pipeline - INFO - [281/576] 處理 tile: tile_x12288_y8448
2026-07-26 13:13:13,364 - hybrid_pipeline - INFO - Tile tile_x9984_y8448: 核心遮罩全空 → 空白 placeholder
2026-07-26 13:13:13,380 - hybrid_pipeline - INFO - [282/576] 處理 tile: tile_x13056_y8448
2026-07-26 13:13:13,408 - hybrid_pipeline - INFO - Tile tile_x12288_y8448: 核心遮罩全空 → 空白 placeholder
2026-07-26 13:13:13,419 - hybrid_pipeline - INFO - [283/576] 處理 tile: tile_x16128_y8448
2026-07-26 13:13:13,444 - hybrid_pipeline - INFO - Tile tile_x13056_y8448: 核心遮罩全空 → 空白 placeholder
2026-07-26 13:13:13,457 - hybrid_pipeline - INFO - [284/576] 處理 tile: tile_x13824_y8448
2026-07-26 13:13:13,481 - hybrid_pipeline - INFO - Tile tile_x16128_y8448: 核心遮罩全空 → 空白 placeholder
2026-07-26 13:13:13,495 - hybrid_pipeline - INFO - [285/576] 處理 tile: tile_x14592_y8448
2026-07-26 13:13:13,518 - hybrid_pipeline - INFO - Tile tile_x13824_y8448: 核心遮罩全空 → 空白 placeholder
2026-07-26 13:13:13,530 - hybrid_pipeline - INFO - [286/576] 處理 tile: tile_x15360_y8448
2026-07-26 13:13:13,557 - hybrid_pipeline - INFO - Tile tile_x14592_y8448: 核心遮罩全空 → 空白 placeholder
2026-07-26 13:13:13,566 - hybrid_pipeline - INFO - [287/576] 處理 tile: tile_x16896_y8448
2026-07-26 13:13:13,592 - hybrid_pipeline - INFO - Tile tile_x15360_y8448: 核心遮罩全空 → 空白 placeholder
2026-07-26 13:13:13,604 - hybrid_pipeline - INFO - [288/576] 處理 tile: tile_x17664_y8448
2026-07-26 13:13:13,627 - hybrid_pipeline - INFO - Tile tile_x16896_y8448: 核心遮罩全空 → 空白 placeholder
2026-07-26 13:13:13,639 - hybrid_pipeline - INFO - [289/576] 處理 tile: tile_x0_y9216
2026-07-26 13:13:13,661 - hybrid_pipeline - INFO - Tile tile_x17664_y8448: 核心遮罩全空 → 空白 placeholder
2026-07-26 13:13:14,241 - hybrid_pipeline - INFO - [290/576] 處理 tile: tile_x2304_y9216
2026-07-26 13:13:14,269 - m3_module.m3_cells_generator - INFO - All-positive 標註完成: 73 個細胞
2026-07-26 13:13:14,317 - m3_module.m3_cells_generator - INFO - enlarge_cell_instances: 73 顆細胞, factor=1.50(面積), 中位半徑=21.9px, 外擴=4.9px
2026-07-26 13:13:14,342 - m3_module.m3_elastic_matching - INFO - elastic_dish_nucleus_matching(overlap-first): IHC=73, DISH=34, matched(1核)=13 (其中重疊=13), drop-out(競爭落敗)=3, 無候選(計入)=57, factor=1.50, min_reach=20.0
2026-07-26 13:13:14,498 - m3_module.m3_dot_detection - INFO - detect_all_dots: 紅點=15, 黑點=27, 涉及細胞=73
2026-07-26 13:13:14,758 - m4_module.cell_crops - INFO - 匯出 61 張 per-cell 影像至 /data/taro_Projects/tsgh/output/r7_run/cell_crops/tile_x0_y9216/cells
2026-07-26 13:13:14,758 - hybrid_pipeline - INFO - Tile tile_x0_y9216 完成: 核心擁有 61 細胞 (61 陽性), 1.12 秒
2026-07-26 13:13:14,865 - hybrid_pipeline - INFO - [291/576] 處理 tile: tile_x768_y9216
2026-07-26 13:13:14,895 - m3_module.m3_cells_generator - INFO - All-positive 標註完成: 68 個細胞
2026-07-26 13:13:14,947 - m3_module.m3_cells_generator - INFO - enlarge_cell_instances: 68 顆細胞, factor=1.50(面積), 中位半徑=23.2px, 外擴=5.2px
2026-07-26 13:13:14,973 - m3_module.m3_elastic_matching - INFO - elastic_dish_nucleus_matching(overlap-first): IHC=68, DISH=14, matched(1核)=10 (其中重疊=10), drop-out(競爭落敗)=4, 無候選(計入)=54, factor=1.50, min_reach=20.0
2026-07-26 13:13:15,098 - m3_module.m3_dot_detection - INFO - detect_all_dots: 紅點=11, 黑點=17, 涉及細胞=68
2026-07-26 13:13:15,335 - m4_module.cell_crops - INFO - 匯出 42 張 per-cell 影像至 /data/taro_Projects/tsgh/output/r7_run/cell_crops/tile_x2304_y9216/cells
2026-07-26 13:13:15,335 - hybrid_pipeline - INFO - Tile tile_x2304_y9216 完成: 核心擁有 42 細胞 (42 陽性), 1.09 秒
2026-07-26 13:13:15,458 - hybrid_pipeline - INFO - [292/576] 處理 tile: tile_x1536_y9216
2026-07-26 13:13:15,489 - m3_module.m3_cells_generator - INFO - All-positive 標註完成: 36 個細胞
2026-07-26 13:13:15,534 - m3_module.m3_cells_generator - INFO - enlarge_cell_instances: 36 顆細胞, factor=1.50(面積), 中位半徑=23.7px, 外擴=5.3px
2026-07-26 13:13:15,557 - m3_module.m3_elastic_matching - INFO - elastic_dish_nucleus_matching(overlap-first): IHC=36, DISH=3, matched(1核)=1 (其中重疊=1), drop-out(競爭落敗)=0, 無候選(計入)=35, factor=1.50, min_reach=20.0
2026-07-26 13:13:15,652 - m3_module.m3_dot_detection - INFO - detect_all_dots: 紅點=0, 黑點=0, 涉及細胞=36
2026-07-26 13:13:15,793 - m4_module.cell_crops - INFO - 匯出 16 張 per-cell 影像至 /data/taro_Projects/tsgh/output/r7_run/cell_crops/tile_x768_y9216/cells
2026-07-26 13:13:15,793 - hybrid_pipeline - INFO - Tile tile_x768_y9216 完成: 核心擁有 16 細胞 (16 陽性), 0.93 秒
2026-07-26 13:13:16,061 - hybrid_pipeline - INFO - [293/576] 處理 tile: tile_x3072_y9216
2026-07-26 13:13:16,091 - m3_module.m3_cells_generator - INFO - All-positive 標註完成: 55 個細胞
2026-07-26 13:13:16,142 - m3_module.m3_cells_generator - INFO - enlarge_cell_instances: 55 顆細胞, factor=1.50(面積), 中位半徑=20.7px, 外擴=4.7px
2026-07-26 13:13:16,166 - m3_module.m3_elastic_matching - INFO - elastic_dish_nucleus_matching(overlap-first): IHC=55, DISH=10, matched(1核)=6 (其中重疊=6), drop-out(競爭落敗)=5, 無候選(計入)=44, factor=1.50, min_reach=20.0
2026-07-26 13:13:16,273 - m3_module.m3_dot_detection - INFO - detect_all_dots: 紅點=6, 黑點=6, 涉及細胞=55
2026-07-26 13:13:16,452 - m4_module.cell_crops - INFO - 匯出 32 張 per-cell 影像至 /data/taro_Projects/tsgh/output/r7_run/cell_crops/tile_x1536_y9216/cells
2026-07-26 13:13:16,452 - hybrid_pipeline - INFO - Tile tile_x1536_y9216 完成: 核心擁有 32 細胞 (32 陽性), 0.99 秒
2026-07-26 13:13:16,674 - hybrid_pipeline - INFO - [294/576] 處理 tile: tile_x4608_y9216
2026-07-26 13:13:16,706 - m3_module.m3_cells_generator - INFO - All-positive 標註完成: 72 個細胞
2026-07-26 13:13:16,757 - m3_module.m3_cells_generator - INFO - enlarge_cell_instances: 72 顆細胞, factor=1.50(面積), 中位半徑=23.5px, 外擴=5.3px
2026-07-26 13:13:16,781 - m3_module.m3_elastic_matching - INFO - elastic_dish_nucleus_matching(overlap-first): IHC=72, DISH=4, matched(1核)=4 (其中重疊=4), drop-out(競爭落敗)=3, 無候選(計入)=65, factor=1.50, min_reach=20.0
2026-07-26 13:13:16,877 - m3_module.m3_dot_detection - INFO - detect_all_dots: 紅點=6, 黑點=7, 涉及細胞=72
2026-07-26 13:13:17,087 - m4_module.cell_crops - INFO - 匯出 36 張 per-cell 影像至 /data/taro_Projects/tsgh/output/r7_run/cell_crops/tile_x3072_y9216/cells
2026-07-26 13:13:17,087 - hybrid_pipeline - INFO - Tile tile_x3072_y9216 完成: 核心擁有 36 細胞 (36 陽性), 1.03 秒
2026-07-26 13:13:17,087 - hybrid_pipeline - INFO - [295/576] 處理 tile: tile_x5376_y9216
2026-07-26 13:13:17,113 - hybrid_pipeline - INFO - Tile tile_x4608_y9216: 核心遮罩全空 → 空白 placeholder
2026-07-26 13:13:17,134 - hybrid_pipeline - INFO - [296/576] 處理 tile: tile_x3840_y9216
2026-07-26 13:13:17,158 - hybrid_pipeline - INFO - Tile tile_x5376_y9216: 核心遮罩全空 → 空白 placeholder
2026-07-26 13:13:17,709 - hybrid_pipeline - INFO - [297/576] 處理 tile: tile_x6144_y9216
2026-07-26 13:13:17,739 - m3_module.m3_cells_generator - INFO - All-positive 標註完成: 27 個細胞
2026-07-26 13:13:17,773 - m3_module.m3_cells_generator - INFO - enlarge_cell_instances: 27 顆細胞, factor=1.50(面積), 中位半徑=24.3px, 外擴=5.5px
2026-07-26 13:13:17,795 - m3_module.m3_elastic_matching - INFO - elastic_dish_nucleus_matching(overlap-first): IHC=27, DISH=1, matched(1核)=1 (其中重疊=1), drop-out(競爭落敗)=0, 無候選(計入)=26, factor=1.50, min_reach=20.0
2026-07-26 13:13:17,879 - m3_module.m3_dot_detection - INFO - detect_all_dots: 紅點=1, 黑點=2, 涉及細胞=27
2026-07-26 13:13:17,990 - m4_module.cell_crops - INFO - 匯出 16 張 per-cell 影像至 /data/taro_Projects/tsgh/output/r7_run/cell_crops/tile_x3840_y9216/cells
2026-07-26 13:13:17,990 - hybrid_pipeline - INFO - Tile tile_x3840_y9216 完成: 核心擁有 16 細胞 (16 陽性), 0.86 秒
2026-07-26 13:13:17,990 - hybrid_pipeline - INFO - [298/576] 處理 tile: tile_x6912_y9216
2026-07-26 13:13:18,019 - hybrid_pipeline - INFO - Tile tile_x6144_y9216: 核心遮罩全空 → 空白 placeholder
2026-07-26 13:13:18,034 - hybrid_pipeline - INFO - [299/576] 處理 tile: tile_x9984_y9216
2026-07-26 13:13:18,057 - hybrid_pipeline - INFO - Tile tile_x6912_y9216: 核心遮罩全空 → 空白 placeholder
2026-07-26 13:13:18,073 - hybrid_pipeline - INFO - [300/576] 處理 tile: tile_x10752_y9216
2026-07-26 13:13:18,096 - hybrid_pipeline - INFO - Tile tile_x9984_y9216: 核心遮罩全空 → 空白 placeholder
2026-07-26 13:13:18,112 - hybrid_pipeline - INFO - [301/576] 處理 tile: tile_x8448_y9216
2026-07-26 13:13:18,136 - hybrid_pipeline - INFO - Tile tile_x10752_y9216: 核心遮罩全空 → 空白 placeholder
2026-07-26 13:13:18,150 - hybrid_pipeline - INFO - [302/576] 處理 tile: tile_x7680_y9216
2026-07-26 13:13:18,174 - hybrid_pipeline - INFO - Tile tile_x8448_y9216: 核心遮罩全空 → 空白 placeholder
2026-07-26 13:13:18,186 - hybrid_pipeline - INFO - [303/576] 處理 tile: tile_x11520_y9216
2026-07-26 13:13:18,210 - hybrid_pipeline - INFO - Tile tile_x7680_y9216: 核心遮罩全空 → 空白 placeholder
2026-07-26 13:13:18,222 - hybrid_pipeline - INFO - [304/576] 處理 tile: tile_x9216_y9216
2026-07-26 13:13:18,248 - hybrid_pipeline - INFO - Tile tile_x11520_y9216: 核心遮罩全空 → 空白 placeholder
2026-07-26 13:13:18,257 - hybrid_pipeline - INFO - [305/576] 處理 tile: tile_x12288_y9216
2026-07-26 13:13:18,281 - hybrid_pipeline - INFO - Tile tile_x9216_y9216: 核心遮罩全空 → 空白 placeholder
2026-07-26 13:13:18,296 - hybrid_pipeline - INFO - [306/576] 處理 tile: tile_x15360_y9216
2026-07-26 13:13:18,319 - hybrid_pipeline - INFO - Tile tile_x12288_y9216: 核心遮罩全空 → 空白 placeholder
2026-07-26 13:13:18,332 - hybrid_pipeline - INFO - [307/576] 處理 tile: tile_x16128_y9216
2026-07-26 13:13:18,355 - hybrid_pipeline - INFO - Tile tile_x15360_y9216: 核心遮罩全空 → 空白 placeholder
2026-07-26 13:13:18,368 - hybrid_pipeline - INFO - [308/576] 處理 tile: tile_x14592_y9216
2026-07-26 13:13:18,392 - hybrid_pipeline - INFO - Tile tile_x16128_y9216: 核心遮罩全空 → 空白 placeholder
2026-07-26 13:13:18,405 - hybrid_pipeline - INFO - [309/576] 處理 tile: tile_x16896_y9216
2026-07-26 13:13:18,429 - hybrid_pipeline - INFO - Tile tile_x14592_y9216: 核心遮罩全空 → 空白 placeholder
2026-07-26 13:13:18,441 - hybrid_pipeline - INFO - [310/576] 處理 tile: tile_x17664_y9216
2026-07-26 13:13:18,465 - hybrid_pipeline - INFO - Tile tile_x16896_y9216: 核心遮罩全空 → 空白 placeholder
2026-07-26 13:13:18,477 - hybrid_pipeline - INFO - [311/576] 處理 tile: tile_x13056_y9216
2026-07-26 13:13:18,500 - hybrid_pipeline - INFO - Tile tile_x17664_y9216: 核心遮罩全空 → 空白 placeholder
2026-07-26 13:13:18,514 - hybrid_pipeline - INFO - [312/576] 處理 tile: tile_x13824_y9216
2026-07-26 13:13:18,538 - hybrid_pipeline - INFO - Tile tile_x13056_y9216: 核心遮罩全空 → 空白 placeholder
2026-07-26 13:13:18,551 - hybrid_pipeline - INFO - [313/576] 處理 tile: tile_x0_y9984
2026-07-26 13:13:18,577 - hybrid_pipeline - INFO - Tile tile_x13824_y9216: 核心遮罩全空 → 空白 placeholder
2026-07-26 13:13:19,178 - hybrid_pipeline - INFO - [314/576] 處理 tile: tile_x768_y9984
2026-07-26 13:13:19,209 - m3_module.m3_cells_generator - INFO - All-positive 標註完成: 137 個細胞
2026-07-26 13:13:19,265 - m3_module.m3_cells_generator - INFO - enlarge_cell_instances: 137 顆細胞, factor=1.50(面積), 中位半徑=23.6px, 外擴=5.3px
2026-07-26 13:13:19,297 - m3_module.m3_elastic_matching - INFO - elastic_dish_nucleus_matching(overlap-first): IHC=137, DISH=32, matched(1核)=15 (其中重疊=15), drop-out(競爭落敗)=2, 無候選(計入)=120, factor=1.50, min_reach=20.0
2026-07-26 13:13:19,431 - m3_module.m3_dot_detection - INFO - detect_all_dots: 紅點=15, 黑點=25, 涉及細胞=137
2026-07-26 13:13:19,789 - m4_module.cell_crops - INFO - 匯出 92 張 per-cell 影像至 /data/taro_Projects/tsgh/output/r7_run/cell_crops/tile_x0_y9984/cells
2026-07-26 13:13:19,789 - hybrid_pipeline - INFO - Tile tile_x0_y9984 完成: 核心擁有 92 細胞 (92 陽性), 1.24 秒
2026-07-26 13:13:19,812 - hybrid_pipeline - INFO - [315/576] 處理 tile: tile_x1536_y9984
2026-07-26 13:13:19,835 - m3_module.m3_cells_generator - INFO - All-positive 標註完成: 71 個細胞
2026-07-26 13:13:19,884 - m3_module.m3_cells_generator - INFO - enlarge_cell_instances: 71 顆細胞, factor=1.50(面積), 中位半徑=23.3px, 外擴=5.2px
2026-07-26 13:13:19,909 - m3_module.m3_elastic_matching - INFO - elastic_dish_nucleus_matching(overlap-first): IHC=71, DISH=7, matched(1核)=5 (其中重疊=5), drop-out(競爭落敗)=3, 無候選(計入)=63, factor=1.50, min_reach=20.0
2026-07-26 13:13:20,003 - m3_module.m3_dot_detection - INFO - detect_all_dots: 紅點=3, 黑點=2, 涉及細胞=71
2026-07-26 13:13:20,188 - m4_module.cell_crops - INFO - 匯出 36 張 per-cell 影像至 /data/taro_Projects/tsgh/output/r7_run/cell_crops/tile_x768_y9984/cells
2026-07-26 13:13:20,188 - hybrid_pipeline - INFO - Tile tile_x768_y9984 完成: 核心擁有 36 細胞 (36 陽性), 1.01 秒
2026-07-26 13:13:20,459 - hybrid_pipeline - INFO - [316/576] 處理 tile: tile_x3072_y9984
2026-07-26 13:13:20,488 - m3_module.m3_cells_generator - INFO - All-positive 標註完成: 89 個細胞
2026-07-26 13:13:20,544 - m3_module.m3_cells_generator - INFO - enlarge_cell_instances: 89 顆細胞, factor=1.50(面積), 中位半徑=26.0px, 外擴=5.9px
2026-07-26 13:13:20,570 - m3_module.m3_elastic_matching - INFO - elastic_dish_nucleus_matching(overlap-first): IHC=89, DISH=31, matched(1核)=17 (其中重疊=15), drop-out(競爭落敗)=5, 無候選(計入)=67, factor=1.50, min_reach=20.0
2026-07-26 13:13:20,687 - m3_module.m3_dot_detection - INFO - detect_all_dots: 紅點=9, 黑點=15, 涉及細胞=89
2026-07-26 13:13:20,712 - cellpose.dynamics - INFO - No cell pixels found.
2026-07-26 13:13:20,960 - m4_module.cell_crops - INFO - 匯出 58 張 per-cell 影像至 /data/taro_Projects/tsgh/output/r7_run/cell_crops/tile_x1536_y9984/cells
2026-07-26 13:13:20,960 - hybrid_pipeline - INFO - Tile tile_x1536_y9984 完成: 核心擁有 58 細胞 (58 陽性), 1.15 秒
2026-07-26 13:13:21,023 - hybrid_pipeline - INFO - [317/576] 處理 tile: tile_x2304_y9984
2026-07-26 13:13:21,033 - m3_module.m3_cells_generator - INFO - All-positive 標註完成: 0 個細胞
2026-07-26 13:13:21,135 - m3_module.m3_dot_detection - INFO - detect_all_dots: 紅點=0, 黑點=0, 涉及細胞=0
2026-07-26 13:13:21,164 - m4_module.cell_crops - INFO - 匯出 0 張 per-cell 影像至 /data/taro_Projects/tsgh/output/r7_run/cell_crops/tile_x3072_y9984/cells
2026-07-26 13:13:21,164 - hybrid_pipeline - INFO - Tile tile_x3072_y9984 完成: 核心擁有 0 細胞 (0 陽性), 0.71 秒
2026-07-26 13:13:21,620 - hybrid_pipeline - INFO - [318/576] 處理 tile: tile_x4608_y9984
2026-07-26 13:13:21,650 - m3_module.m3_cells_generator - INFO - All-positive 標註完成: 30 個細胞
2026-07-26 13:13:21,693 - m3_module.m3_cells_generator - INFO - enlarge_cell_instances: 30 顆細胞, factor=1.50(面積), 中位半徑=22.2px, 外擴=5.0px
2026-07-26 13:13:21,715 - m3_module.m3_elastic_matching - INFO - elastic_dish_nucleus_matching(overlap-first): IHC=30, DISH=14, matched(1核)=3 (其中重疊=3), drop-out(競爭落敗)=0, 無候選(計入)=27, factor=1.50, min_reach=20.0
2026-07-26 13:13:21,800 - m3_module.m3_dot_detection - INFO - detect_all_dots: 紅點=2, 黑點=4, 涉及細胞=30
2026-07-26 13:13:21,918 - m4_module.cell_crops - INFO - 匯出 12 張 per-cell 影像至 /data/taro_Projects/tsgh/output/r7_run/cell_crops/tile_x2304_y9984/cells
2026-07-26 13:13:21,918 - hybrid_pipeline - INFO - Tile tile_x2304_y9984 完成: 核心擁有 12 細胞 (12 陽性), 0.89 秒
2026-07-26 13:13:21,918 - hybrid_pipeline - INFO - [319/576] 處理 tile: tile_x5376_y9984
2026-07-26 13:13:21,943 - hybrid_pipeline - INFO - Tile tile_x4608_y9984: 核心遮罩全空 → 空白 placeholder
2026-07-26 13:13:21,962 - hybrid_pipeline - INFO - [320/576] 處理 tile: tile_x3840_y9984
2026-07-26 13:13:21,984 - hybrid_pipeline - INFO - Tile tile_x5376_y9984: 核心遮罩全空 → 空白 placeholder
2026-07-26 13:13:22,001 - hybrid_pipeline - INFO - [321/576] 處理 tile: tile_x6144_y9984
2026-07-26 13:13:22,023 - hybrid_pipeline - INFO - Tile tile_x3840_y9984: 核心遮罩全空 → 空白 placeholder
2026-07-26 13:13:22,040 - hybrid_pipeline - INFO - [322/576] 處理 tile: tile_x6912_y9984
2026-07-26 13:13:22,063 - hybrid_pipeline - INFO - Tile tile_x6144_y9984: 核心遮罩全空 → 空白 placeholder
2026-07-26 13:13:22,080 - hybrid_pipeline - INFO - [323/576] 處理 tile: tile_x7680_y9984
2026-07-26 13:13:22,104 - hybrid_pipeline - INFO - Tile tile_x6912_y9984: 核心遮罩全空 → 空白 placeholder
2026-07-26 13:13:22,116 - hybrid_pipeline - INFO - [324/576] 處理 tile: tile_x8448_y9984
2026-07-26 13:13:22,139 - hybrid_pipeline - INFO - Tile tile_x7680_y9984: 核心遮罩全空 → 空白 placeholder
2026-07-26 13:13:22,152 - hybrid_pipeline - INFO - [325/576] 處理 tile: tile_x9984_y9984
2026-07-26 13:13:22,175 - hybrid_pipeline - INFO - Tile tile_x8448_y9984: 核心遮罩全空 → 空白 placeholder
2026-07-26 13:13:22,188 - hybrid_pipeline - INFO - [326/576] 處理 tile: tile_x10752_y9984
2026-07-26 13:13:22,211 - hybrid_pipeline - INFO - Tile tile_x9984_y9984: 核心遮罩全空 → 空白 placeholder
2026-07-26 13:13:22,225 - hybrid_pipeline - INFO - [327/576] 處理 tile: tile_x9216_y9984
2026-07-26 13:13:22,254 - hybrid_pipeline - INFO - Tile tile_x10752_y9984: 核心遮罩全空 → 空白 placeholder
2026-07-26 13:13:22,264 - hybrid_pipeline - INFO - [328/576] 處理 tile: tile_x11520_y9984
2026-07-26 13:13:22,288 - hybrid_pipeline - INFO - Tile tile_x9216_y9984: 核心遮罩全空 → 空白 placeholder
2026-07-26 13:13:22,306 - hybrid_pipeline - INFO - [329/576] 處理 tile: tile_x12288_y9984
2026-07-26 13:13:22,329 - hybrid_pipeline - INFO - Tile tile_x11520_y9984: 核心遮罩全空 → 空白 placeholder
2026-07-26 13:13:22,343 - hybrid_pipeline - INFO - [330/576] 處理 tile: tile_x13056_y9984
2026-07-26 13:13:22,367 - hybrid_pipeline - INFO - Tile tile_x12288_y9984: 核心遮罩全空 → 空白 placeholder
2026-07-26 13:13:22,380 - hybrid_pipeline - INFO - [331/576] 處理 tile: tile_x13824_y9984
2026-07-26 13:13:22,405 - hybrid_pipeline - INFO - Tile tile_x13056_y9984: 核心遮罩全空 → 空白 placeholder
2026-07-26 13:13:22,424 - hybrid_pipeline - INFO - [332/576] 處理 tile: tile_x14592_y9984
2026-07-26 13:13:22,449 - hybrid_pipeline - INFO - Tile tile_x13824_y9984: 核心遮罩全空 → 空白 placeholder
2026-07-26 13:13:22,461 - hybrid_pipeline - INFO - [333/576] 處理 tile: tile_x15360_y9984
2026-07-26 13:13:22,485 - hybrid_pipeline - INFO - Tile tile_x14592_y9984: 核心遮罩全空 → 空白 placeholder
2026-07-26 13:13:22,498 - hybrid_pipeline - INFO - [334/576] 處理 tile: tile_x16128_y9984
2026-07-26 13:13:22,523 - hybrid_pipeline - INFO - Tile tile_x15360_y9984: 核心遮罩全空 → 空白 placeholder
2026-07-26 13:13:22,535 - hybrid_pipeline - INFO - [335/576] 處理 tile: tile_x17664_y9984
2026-07-26 13:13:22,558 - hybrid_pipeline - INFO - Tile tile_x16128_y9984: 核心遮罩全空 → 空白 placeholder
2026-07-26 13:13:22,572 - hybrid_pipeline - INFO - [336/576] 處理 tile: tile_x16896_y9984
2026-07-26 13:13:22,597 - hybrid_pipeline - INFO - Tile tile_x17664_y9984: 核心遮罩全空 → 空白 placeholder
2026-07-26 13:13:22,612 - hybrid_pipeline - INFO - [337/576] 處理 tile: tile_x0_y10752
2026-07-26 13:13:22,635 - hybrid_pipeline - INFO - Tile tile_x16896_y9984: 核心遮罩全空 → 空白 placeholder
2026-07-26 13:13:23,254 - hybrid_pipeline - INFO - [338/576] 處理 tile: tile_x768_y10752
2026-07-26 13:13:23,283 - m3_module.m3_cells_generator - INFO - All-positive 標註完成: 131 個細胞
2026-07-26 13:13:23,339 - m3_module.m3_cells_generator - INFO - enlarge_cell_instances: 131 顆細胞, factor=1.50(面積), 中位半徑=22.7px, 外擴=5.1px
2026-07-26 13:13:23,374 - m3_module.m3_elastic_matching - INFO - elastic_dish_nucleus_matching(overlap-first): IHC=131, DISH=30, matched(1核)=23 (其中重疊=23), drop-out(競爭落敗)=9, 無候選(計入)=99, factor=1.50, min_reach=20.0
2026-07-26 13:13:23,594 - m3_module.m3_dot_detection - INFO - detect_all_dots: 紅點=41, 黑點=66, 涉及細胞=131
2026-07-26 13:13:23,916 - m4_module.cell_crops - INFO - 匯出 80 張 per-cell 影像至 /data/taro_Projects/tsgh/output/r7_run/cell_crops/tile_x0_y10752/cells
2026-07-26 13:13:23,916 - hybrid_pipeline - INFO - Tile tile_x0_y10752 完成: 核心擁有 80 細胞 (80 陽性), 1.30 秒
2026-07-26 13:13:23,944 - hybrid_pipeline - INFO - [339/576] 處理 tile: tile_x1536_y10752
2026-07-26 13:13:23,966 - m3_module.m3_cells_generator - INFO - All-positive 標註完成: 121 個細胞
2026-07-26 13:13:24,019 - m3_module.m3_cells_generator - INFO - enlarge_cell_instances: 121 顆細胞, factor=1.50(面積), 中位半徑=21.1px, 外擴=4.8px
2026-07-26 13:13:24,046 - m3_module.m3_elastic_matching - INFO - elastic_dish_nucleus_matching(overlap-first): IHC=121, DISH=25, matched(1核)=20 (其中重疊=19), drop-out(競爭落敗)=5, 無候選(計入)=96, factor=1.50, min_reach=20.0
2026-07-26 13:13:24,218 - m3_module.m3_dot_detection - INFO - detect_all_dots: 紅點=26, 黑點=39, 涉及細胞=121
2026-07-26 13:13:24,463 - m4_module.cell_crops - INFO - 匯出 52 張 per-cell 影像至 /data/taro_Projects/tsgh/output/r7_run/cell_crops/tile_x768_y10752/cells
2026-07-26 13:13:24,463 - hybrid_pipeline - INFO - Tile tile_x768_y10752 完成: 核心擁有 52 細胞 (52 陽性), 1.21 秒
2026-07-26 13:13:24,574 - hybrid_pipeline - INFO - [340/576] 處理 tile: tile_x3072_y10752
2026-07-26 13:13:24,603 - m3_module.m3_cells_generator - INFO - All-positive 標註完成: 109 個細胞
2026-07-26 13:13:24,653 - m3_module.m3_cells_generator - INFO - enlarge_cell_instances: 109 顆細胞, factor=1.50(面積), 中位半徑=21.6px, 外擴=4.9px
2026-07-26 13:13:24,678 - m3_module.m3_elastic_matching - INFO - elastic_dish_nucleus_matching(overlap-first): IHC=109, DISH=33, matched(1核)=25 (其中重疊=25), drop-out(競爭落敗)=6, 無候選(計入)=78, factor=1.50, min_reach=20.0
2026-07-26 13:13:24,840 - m3_module.m3_dot_detection - INFO - detect_all_dots: 紅點=29, 黑點=44, 涉及細胞=109
2026-07-26 13:13:25,068 - m4_module.cell_crops - INFO - 匯出 67 張 per-cell 影像至 /data/taro_Projects/tsgh/output/r7_run/cell_crops/tile_x1536_y10752/cells
2026-07-26 13:13:25,068 - hybrid_pipeline - INFO - Tile tile_x1536_y10752 完成: 核心擁有 67 細胞 (67 陽性), 1.12 秒
2026-07-26 13:13:25,068 - hybrid_pipeline - INFO - [341/576] 處理 tile: tile_x2304_y10752
2026-07-26 13:13:25,095 - hybrid_pipeline - INFO - Tile tile_x3072_y10752: 核心遮罩全空 → 空白 placeholder
2026-07-26 13:13:25,634 - hybrid_pipeline - INFO - [342/576] 處理 tile: tile_x3840_y10752
2026-07-26 13:13:25,664 - m3_module.m3_cells_generator - INFO - All-positive 標註完成: 4 個細胞
2026-07-26 13:13:25,694 - m3_module.m3_cells_generator - INFO - enlarge_cell_instances: 4 顆細胞, factor=1.50(面積), 中位半徑=29.5px, 外擴=6.6px
2026-07-26 13:13:25,717 - m3_module.m3_elastic_matching - INFO - elastic_dish_nucleus_matching(overlap-first): IHC=4, DISH=1, matched(1核)=1 (其中重疊=1), drop-out(競爭落敗)=0, 無候選(計入)=3, factor=1.50, min_reach=20.0
2026-07-26 13:13:25,805 - m3_module.m3_dot_detection - INFO - detect_all_dots: 紅點=0, 黑點=1, 涉及細胞=4
2026-07-26 13:13:25,872 - m4_module.cell_crops - INFO - 匯出 1 張 per-cell 影像至 /data/taro_Projects/tsgh/output/r7_run/cell_crops/tile_x2304_y10752/cells
2026-07-26 13:13:25,872 - hybrid_pipeline - INFO - Tile tile_x2304_y10752 完成: 核心擁有 1 細胞 (1 陽性), 0.80 秒
2026-07-26 13:13:25,880 - cellpose.dynamics - INFO - No cell pixels found.
2026-07-26 13:13:26,180 - hybrid_pipeline - INFO - [343/576] 處理 tile: tile_x5376_y10752
2026-07-26 13:13:26,192 - m3_module.m3_cells_generator - INFO - All-positive 標註完成: 0 個細胞
2026-07-26 13:13:26,299 - m3_module.m3_dot_detection - INFO - detect_all_dots: 紅點=0, 黑點=0, 涉及細胞=0
2026-07-26 13:13:26,329 - m4_module.cell_crops - INFO - 匯出 0 張 per-cell 影像至 /data/taro_Projects/tsgh/output/r7_run/cell_crops/tile_x3840_y10752/cells
2026-07-26 13:13:26,329 - hybrid_pipeline - INFO - Tile tile_x3840_y10752 完成: 核心擁有 0 細胞 (0 陽性), 0.69 秒
2026-07-26 13:13:26,786 - hybrid_pipeline - INFO - [344/576] 處理 tile: tile_x4608_y10752
2026-07-26 13:13:26,816 - m3_module.m3_cells_generator - INFO - All-positive 標註完成: 23 個細胞
2026-07-26 13:13:26,859 - m3_module.m3_cells_generator - INFO - enlarge_cell_instances: 23 顆細胞, factor=1.50(面積), 中位半徑=19.5px, 外擴=4.4px
2026-07-26 13:13:26,882 - m3_module.m3_elastic_matching - INFO - elastic_dish_nucleus_matching(overlap-first): IHC=23, DISH=15, matched(1核)=10 (其中重疊=9), drop-out(競爭落敗)=1, 無候選(計入)=12, factor=1.50, min_reach=20.0
2026-07-26 13:13:26,998 - m3_module.m3_dot_detection - INFO - detect_all_dots: 紅點=12, 黑點=14, 涉及細胞=23
2026-07-26 13:13:27,100 - m4_module.cell_crops - INFO - 匯出 1 張 per-cell 影像至 /data/taro_Projects/tsgh/output/r7_run/cell_crops/tile_x5376_y10752/cells
2026-07-26 13:13:27,100 - hybrid_pipeline - INFO - Tile tile_x5376_y10752 完成: 核心擁有 1 細胞 (1 陽性), 0.92 秒
2026-07-26 13:13:27,368 - hybrid_pipeline - INFO - [345/576] 處理 tile: tile_x6912_y10752
2026-07-26 13:13:27,400 - m3_module.m3_cells_generator - INFO - All-positive 標註完成: 15 個細胞
2026-07-26 13:13:27,436 - m3_module.m3_cells_generator - INFO - enlarge_cell_instances: 15 顆細胞, factor=1.50(面積), 中位半徑=20.2px, 外擴=4.5px
2026-07-26 13:13:27,458 - m3_module.m3_elastic_matching - INFO - elastic_dish_nucleus_matching(overlap-first): IHC=15, DISH=7, matched(1核)=5 (其中重疊=5), drop-out(競爭落敗)=0, 無候選(計入)=10, factor=1.50, min_reach=20.0
2026-07-26 13:13:27,551 - m3_module.m3_dot_detection - INFO - detect_all_dots: 紅點=6, 黑點=5, 涉及細胞=15
2026-07-26 13:13:27,642 - m4_module.cell_crops - INFO - 匯出 3 張 per-cell 影像至 /data/taro_Projects/tsgh/output/r7_run/cell_crops/tile_x4608_y10752/cells
2026-07-26 13:13:27,642 - hybrid_pipeline - INFO - Tile tile_x4608_y10752 完成: 核心擁有 3 細胞 (3 陽性), 0.86 秒
2026-07-26 13:13:27,644 - hybrid_pipeline - INFO - [346/576] 處理 tile: tile_x6144_y10752
2026-07-26 13:13:27,667 - hybrid_pipeline - INFO - Tile tile_x6912_y10752: 核心遮罩全空 → 空白 placeholder
2026-07-26 13:13:28,212 - hybrid_pipeline - INFO - [347/576] 處理 tile: tile_x7680_y10752
2026-07-26 13:13:28,242 - m3_module.m3_cells_generator - INFO - All-positive 標註完成: 6 個細胞
2026-07-26 13:13:28,269 - m3_module.m3_cells_generator - INFO - enlarge_cell_instances: 6 顆細胞, factor=1.50(面積), 中位半徑=12.7px, 外擴=2.8px
2026-07-26 13:13:28,290 - m3_module.m3_elastic_matching - INFO - elastic_dish_nucleus_matching(overlap-first): IHC=6, DISH=1, matched(1核)=1 (其中重疊=1), drop-out(競爭落敗)=1, 無候選(計入)=4, factor=1.50, min_reach=20.0
2026-07-26 13:13:28,370 - m3_module.m3_dot_detection - INFO - detect_all_dots: 紅點=0, 黑點=0, 涉及細胞=6
2026-07-26 13:13:28,420 - m4_module.cell_crops - INFO - 匯出 0 張 per-cell 影像至 /data/taro_Projects/tsgh/output/r7_run/cell_crops/tile_x6144_y10752/cells
2026-07-26 13:13:28,421 - hybrid_pipeline - INFO - Tile tile_x6144_y10752 完成: 核心擁有 0 細胞 (0 陽性), 0.78 秒
2026-07-26 13:13:28,421 - hybrid_pipeline - INFO - [348/576] 處理 tile: tile_x8448_y10752
2026-07-26 13:13:28,445 - hybrid_pipeline - INFO - Tile tile_x7680_y10752: 核心遮罩全空 → 空白 placeholder
2026-07-26 13:13:28,465 - hybrid_pipeline - INFO - [349/576] 處理 tile: tile_x9984_y10752
2026-07-26 13:13:28,488 - hybrid_pipeline - INFO - Tile tile_x8448_y10752: 核心遮罩全空 → 空白 placeholder
2026-07-26 13:13:28,508 - hybrid_pipeline - INFO - [350/576] 處理 tile: tile_x10752_y10752
2026-07-26 13:13:28,531 - hybrid_pipeline - INFO - Tile tile_x9984_y10752: 核心遮罩全空 → 空白 placeholder
2026-07-26 13:13:28,546 - hybrid_pipeline - INFO - [351/576] 處理 tile: tile_x9216_y10752
2026-07-26 13:13:28,574 - hybrid_pipeline - INFO - Tile tile_x10752_y10752: 核心遮罩全空 → 空白 placeholder
2026-07-26 13:13:28,585 - hybrid_pipeline - INFO - [352/576] 處理 tile: tile_x11520_y10752
2026-07-26 13:13:28,609 - hybrid_pipeline - INFO - Tile tile_x9216_y10752: 核心遮罩全空 → 空白 placeholder
2026-07-26 13:13:28,623 - hybrid_pipeline - INFO - [353/576] 處理 tile: tile_x13056_y10752
2026-07-26 13:13:28,646 - hybrid_pipeline - INFO - Tile tile_x11520_y10752: 核心遮罩全空 → 空白 placeholder
2026-07-26 13:13:28,663 - hybrid_pipeline - INFO - [354/576] 處理 tile: tile_x12288_y10752
2026-07-26 13:13:28,688 - hybrid_pipeline - INFO - Tile tile_x13056_y10752: 核心遮罩全空 → 空白 placeholder
2026-07-26 13:13:28,701 - hybrid_pipeline - INFO - [355/576] 處理 tile: tile_x13824_y10752
2026-07-26 13:13:28,725 - hybrid_pipeline - INFO - Tile tile_x12288_y10752: 核心遮罩全空 → 空白 placeholder
2026-07-26 13:13:28,738 - hybrid_pipeline - INFO - [356/576] 處理 tile: tile_x14592_y10752
2026-07-26 13:13:28,761 - hybrid_pipeline - INFO - Tile tile_x13824_y10752: 核心遮罩全空 → 空白 placeholder
2026-07-26 13:13:28,774 - hybrid_pipeline - INFO - [357/576] 處理 tile: tile_x15360_y10752
2026-07-26 13:13:28,798 - hybrid_pipeline - INFO - Tile tile_x14592_y10752: 核心遮罩全空 → 空白 placeholder
2026-07-26 13:13:28,816 - hybrid_pipeline - INFO - [358/576] 處理 tile: tile_x16128_y10752
2026-07-26 13:13:28,842 - hybrid_pipeline - INFO - Tile tile_x15360_y10752: 核心遮罩全空 → 空白 placeholder
2026-07-26 13:13:28,854 - hybrid_pipeline - INFO - [359/576] 處理 tile: tile_x17664_y10752
2026-07-26 13:13:28,878 - hybrid_pipeline - INFO - Tile tile_x16128_y10752: 核心遮罩全空 → 空白 placeholder
2026-07-26 13:13:28,890 - hybrid_pipeline - INFO - [360/576] 處理 tile: tile_x16896_y10752
2026-07-26 13:13:28,913 - hybrid_pipeline - INFO - Tile tile_x17664_y10752: 核心遮罩全空 → 空白 placeholder
2026-07-26 13:13:28,927 - hybrid_pipeline - INFO - [361/576] 處理 tile: tile_x0_y11520
2026-07-26 13:13:28,950 - hybrid_pipeline - INFO - Tile tile_x16896_y10752: 核心遮罩全空 → 空白 placeholder
2026-07-26 13:13:29,564 - hybrid_pipeline - INFO - [362/576] 處理 tile: tile_x768_y11520
2026-07-26 13:13:29,594 - m3_module.m3_cells_generator - INFO - All-positive 標註完成: 134 個細胞
2026-07-26 13:13:29,649 - m3_module.m3_cells_generator - INFO - enlarge_cell_instances: 134 顆細胞, factor=1.50(面積), 中位半徑=24.7px, 外擴=5.6px
2026-07-26 13:13:29,684 - m3_module.m3_elastic_matching - INFO - elastic_dish_nucleus_matching(overlap-first): IHC=134, DISH=10, matched(1核)=9 (其中重疊=9), drop-out(競爭落敗)=2, 無候選(計入)=123, factor=1.50, min_reach=20.0
2026-07-26 13:13:29,802 - m3_module.m3_dot_detection - INFO - detect_all_dots: 紅點=8, 黑點=11, 涉及細胞=134
2026-07-26 13:13:30,124 - m4_module.cell_crops - INFO - 匯出 81 張 per-cell 影像至 /data/taro_Projects/tsgh/output/r7_run/cell_crops/tile_x0_y11520/cells
2026-07-26 13:13:30,124 - hybrid_pipeline - INFO - Tile tile_x0_y11520 完成: 核心擁有 81 細胞 (81 陽性), 1.20 秒
2026-07-26 13:13:30,245 - hybrid_pipeline - INFO - [363/576] 處理 tile: tile_x1536_y11520
2026-07-26 13:13:30,274 - m3_module.m3_cells_generator - INFO - All-positive 標註完成: 157 個細胞
2026-07-26 13:13:30,332 - m3_module.m3_cells_generator - INFO - enlarge_cell_instances: 157 顆細胞, factor=1.50(面積), 中位半徑=25.1px, 外擴=5.6px
2026-07-26 13:13:30,359 - m3_module.m3_elastic_matching - INFO - elastic_dish_nucleus_matching(overlap-first): IHC=157, DISH=28, matched(1核)=20 (其中重疊=20), drop-out(競爭落敗)=6, 無候選(計入)=131, factor=1.50, min_reach=20.0
2026-07-26 13:13:30,511 - m3_module.m3_dot_detection - INFO - detect_all_dots: 紅點=28, 黑點=43, 涉及細胞=157
2026-07-26 13:13:30,900 - m4_module.cell_crops - INFO - 匯出 84 張 per-cell 影像至 /data/taro_Projects/tsgh/output/r7_run/cell_crops/tile_x768_y11520/cells
2026-07-26 13:13:30,900 - hybrid_pipeline - INFO - Tile tile_x768_y11520 完成: 核心擁有 84 細胞 (84 陽性), 1.34 秒
2026-07-26 13:13:30,900 - hybrid_pipeline - INFO - [364/576] 處理 tile: tile_x3072_y11520
2026-07-26 13:13:30,923 - m3_module.m3_cells_generator - INFO - All-positive 標註完成: 108 個細胞
2026-07-26 13:13:30,977 - m3_module.m3_cells_generator - INFO - enlarge_cell_instances: 108 顆細胞, factor=1.50(面積), 中位半徑=23.2px, 外擴=5.2px
2026-07-26 13:13:31,004 - m3_module.m3_elastic_matching - INFO - elastic_dish_nucleus_matching(overlap-first): IHC=108, DISH=25, matched(1核)=24 (其中重疊=24), drop-out(競爭落敗)=4, 無候選(計入)=80, factor=1.50, min_reach=20.0
2026-07-26 13:13:31,140 - m3_module.m3_dot_detection - INFO - detect_all_dots: 紅點=20, 黑點=32, 涉及細胞=108
2026-07-26 13:13:31,388 - m4_module.cell_crops - INFO - 匯出 54 張 per-cell 影像至 /data/taro_Projects/tsgh/output/r7_run/cell_crops/tile_x1536_y11520/cells
2026-07-26 13:13:31,388 - hybrid_pipeline - INFO - Tile tile_x1536_y11520 完成: 核心擁有 54 細胞 (54 陽性), 1.14 秒
2026-07-26 13:13:31,542 - hybrid_pipeline - INFO - [365/576] 處理 tile: tile_x2304_y11520
2026-07-26 13:13:31,572 - m3_module.m3_cells_generator - INFO - All-positive 標註完成: 111 個細胞
2026-07-26 13:13:31,627 - m3_module.m3_cells_generator - INFO - enlarge_cell_instances: 111 顆細胞, factor=1.50(面積), 中位半徑=21.5px, 外擴=4.8px
2026-07-26 13:13:31,655 - m3_module.m3_elastic_matching - INFO - elastic_dish_nucleus_matching(overlap-first): IHC=111, DISH=37, matched(1核)=30 (其中重疊=30), drop-out(競爭落敗)=15, 無候選(計入)=66, factor=1.50, min_reach=20.0
2026-07-26 13:13:31,825 - m3_module.m3_dot_detection - INFO - detect_all_dots: 紅點=34, 黑點=42, 涉及細胞=111
2026-07-26 13:13:32,093 - m4_module.cell_crops - INFO - 匯出 72 張 per-cell 影像至 /data/taro_Projects/tsgh/output/r7_run/cell_crops/tile_x3072_y11520/cells
2026-07-26 13:13:32,093 - hybrid_pipeline - INFO - Tile tile_x3072_y11520 完成: 核心擁有 72 細胞 (72 陽性), 1.19 秒
2026-07-26 13:13:32,175 - hybrid_pipeline - INFO - [366/576] 處理 tile: tile_x4608_y11520
2026-07-26 13:13:32,206 - m3_module.m3_cells_generator - INFO - All-positive 標註完成: 64 個細胞
2026-07-26 13:13:32,255 - m3_module.m3_cells_generator - INFO - enlarge_cell_instances: 64 顆細胞, factor=1.50(面積), 中位半徑=20.5px, 外擴=4.6px
2026-07-26 13:13:32,279 - m3_module.m3_elastic_matching - INFO - elastic_dish_nucleus_matching(overlap-first): IHC=64, DISH=14, matched(1核)=10 (其中重疊=10), drop-out(競爭落敗)=5, 無候選(計入)=49, factor=1.50, min_reach=20.0
2026-07-26 13:13:32,380 - m3_module.m3_dot_detection - INFO - detect_all_dots: 紅點=6, 黑點=13, 涉及細胞=64
2026-07-26 13:13:32,566 - m4_module.cell_crops - INFO - 匯出 23 張 per-cell 影像至 /data/taro_Projects/tsgh/output/r7_run/cell_crops/tile_x2304_y11520/cells
2026-07-26 13:13:32,567 - hybrid_pipeline - INFO - Tile tile_x2304_y11520 完成: 核心擁有 23 細胞 (23 陽性), 1.02 秒
2026-07-26 13:13:32,789 - hybrid_pipeline - INFO - [367/576] 處理 tile: tile_x5376_y11520
2026-07-26 13:13:32,819 - m3_module.m3_cells_generator - INFO - All-positive 標註完成: 77 個細胞
2026-07-26 13:13:32,869 - m3_module.m3_cells_generator - INFO - enlarge_cell_instances: 77 顆細胞, factor=1.50(面積), 中位半徑=17.4px, 外擴=3.9px
2026-07-26 13:13:32,894 - m3_module.m3_elastic_matching - INFO - elastic_dish_nucleus_matching(overlap-first): IHC=77, DISH=14, matched(1核)=11 (其中重疊=11), drop-out(競爭落敗)=4, 無候選(計入)=62, factor=1.50, min_reach=20.0
2026-07-26 13:13:33,000 - m3_module.m3_dot_detection - INFO - detect_all_dots: 紅點=15, 黑點=14, 涉及細胞=77
2026-07-26 13:13:33,189 - m4_module.cell_crops - INFO - 匯出 35 張 per-cell 影像至 /data/taro_Projects/tsgh/output/r7_run/cell_crops/tile_x4608_y11520/cells
2026-07-26 13:13:33,189 - hybrid_pipeline - INFO - Tile tile_x4608_y11520 完成: 核心擁有 35 細胞 (35 陽性), 1.01 秒
2026-07-26 13:13:33,436 - hybrid_pipeline - INFO - [368/576] 處理 tile: tile_x3840_y11520
2026-07-26 13:13:33,461 - m3_module.m3_cells_generator - INFO - All-positive 標註完成: 102 個細胞
2026-07-26 13:13:33,515 - m3_module.m3_cells_generator - INFO - enlarge_cell_instances: 102 顆細胞, factor=1.50(面積), 中位半徑=22.9px, 外擴=5.2px
2026-07-26 13:13:33,543 - m3_module.m3_elastic_matching - INFO - elastic_dish_nucleus_matching(overlap-first): IHC=102, DISH=61, matched(1核)=43 (其中重疊=43), drop-out(競爭落敗)=7, 無候選(計入)=52, factor=1.50, min_reach=20.0
2026-07-26 13:13:33,726 - m3_module.m3_dot_detection - INFO - detect_all_dots: 紅點=35, 黑點=52, 涉及細胞=102
2026-07-26 13:13:34,037 - m4_module.cell_crops - INFO - 匯出 76 張 per-cell 影像至 /data/taro_Projects/tsgh/output/r7_run/cell_crops/tile_x5376_y11520/cells
2026-07-26 13:13:34,037 - hybrid_pipeline - INFO - Tile tile_x5376_y11520 完成: 核心擁有 76 細胞 (76 陽性), 1.25 秒
2026-07-26 13:13:34,097 - hybrid_pipeline - INFO - [369/576] 處理 tile: tile_x6144_y11520
2026-07-26 13:13:34,127 - m3_module.m3_cells_generator - INFO - All-positive 標註完成: 83 個細胞
2026-07-26 13:13:34,176 - m3_module.m3_cells_generator - INFO - enlarge_cell_instances: 83 顆細胞, factor=1.50(面積), 中位半徑=20.7px, 外擴=4.7px
2026-07-26 13:13:34,201 - m3_module.m3_elastic_matching - INFO - elastic_dish_nucleus_matching(overlap-first): IHC=83, DISH=26, matched(1核)=17 (其中重疊=17), drop-out(競爭落敗)=8, 無候選(計入)=58, factor=1.50, min_reach=20.0
2026-07-26 13:13:34,337 - m3_module.m3_dot_detection - INFO - detect_all_dots: 紅點=23, 黑點=24, 涉及細胞=83
2026-07-26 13:13:34,543 - m4_module.cell_crops - INFO - 匯出 48 張 per-cell 影像至 /data/taro_Projects/tsgh/output/r7_run/cell_crops/tile_x3840_y11520/cells
2026-07-26 13:13:34,543 - hybrid_pipeline - INFO - Tile tile_x3840_y11520 完成: 核心擁有 48 細胞 (48 陽性), 1.11 秒
2026-07-26 13:13:34,698 - hybrid_pipeline - INFO - [370/576] 處理 tile: tile_x6912_y11520
2026-07-26 13:13:34,728 - m3_module.m3_cells_generator - INFO - All-positive 標註完成: 38 個細胞
2026-07-26 13:13:34,762 - m3_module.m3_cells_generator - INFO - enlarge_cell_instances: 38 顆細胞, factor=1.50(面積), 中位半徑=21.9px, 外擴=4.9px
2026-07-26 13:13:34,785 - m3_module.m3_elastic_matching - INFO - elastic_dish_nucleus_matching(overlap-first): IHC=38, DISH=6, matched(1核)=5 (其中重疊=5), drop-out(競爭落敗)=3, 無候選(計入)=30, factor=1.50, min_reach=20.0
2026-07-26 13:13:34,864 - m3_module.m3_dot_detection - INFO - detect_all_dots: 紅點=5, 黑點=6, 涉及細胞=38
2026-07-26 13:13:34,972 - m4_module.cell_crops - INFO - 匯出 18 張 per-cell 影像至 /data/taro_Projects/tsgh/output/r7_run/cell_crops/tile_x6144_y11520/cells
2026-07-26 13:13:34,972 - hybrid_pipeline - INFO - Tile tile_x6144_y11520 完成: 核心擁有 18 細胞 (18 陽性), 0.88 秒
2026-07-26 13:13:34,972 - hybrid_pipeline - INFO - [371/576] 處理 tile: tile_x7680_y11520
2026-07-26 13:13:34,997 - hybrid_pipeline - INFO - Tile tile_x6912_y11520: 核心遮罩全空 → 空白 placeholder
2026-07-26 13:13:35,019 - hybrid_pipeline - INFO - [372/576] 處理 tile: tile_x9216_y11520
2026-07-26 13:13:35,042 - hybrid_pipeline - INFO - Tile tile_x7680_y11520: 核心遮罩全空 → 空白 placeholder
2026-07-26 13:13:35,055 - hybrid_pipeline - INFO - [373/576] 處理 tile: tile_x8448_y11520
2026-07-26 13:13:35,078 - hybrid_pipeline - INFO - Tile tile_x9216_y11520: 核心遮罩全空 → 空白 placeholder
2026-07-26 13:13:35,094 - hybrid_pipeline - INFO - [374/576] 處理 tile: tile_x9984_y11520
2026-07-26 13:13:35,117 - hybrid_pipeline - INFO - Tile tile_x8448_y11520: 核心遮罩全空 → 空白 placeholder
2026-07-26 13:13:35,132 - hybrid_pipeline - INFO - [375/576] 處理 tile: tile_x11520_y11520
2026-07-26 13:13:35,154 - hybrid_pipeline - INFO - Tile tile_x9984_y11520: 核心遮罩全空 → 空白 placeholder
2026-07-26 13:13:35,169 - hybrid_pipeline - INFO - [376/576] 處理 tile: tile_x12288_y11520
2026-07-26 13:13:35,194 - hybrid_pipeline - INFO - Tile tile_x11520_y11520: 核心遮罩全空 → 空白 placeholder
2026-07-26 13:13:35,209 - hybrid_pipeline - INFO - [377/576] 處理 tile: tile_x10752_y11520
2026-07-26 13:13:35,232 - hybrid_pipeline - INFO - Tile tile_x12288_y11520: 核心遮罩全空 → 空白 placeholder
2026-07-26 13:13:35,246 - hybrid_pipeline - INFO - [378/576] 處理 tile: tile_x13056_y11520
2026-07-26 13:13:35,271 - hybrid_pipeline - INFO - Tile tile_x10752_y11520: 核心遮罩全空 → 空白 placeholder
2026-07-26 13:13:35,287 - hybrid_pipeline - INFO - [379/576] 處理 tile: tile_x13824_y11520
2026-07-26 13:13:35,310 - hybrid_pipeline - INFO - Tile tile_x13056_y11520: 核心遮罩全空 → 空白 placeholder
2026-07-26 13:13:35,326 - hybrid_pipeline - INFO - [380/576] 處理 tile: tile_x14592_y11520
2026-07-26 13:13:35,350 - hybrid_pipeline - INFO - Tile tile_x13824_y11520: 核心遮罩全空 → 空白 placeholder
2026-07-26 13:13:35,362 - hybrid_pipeline - INFO - [381/576] 處理 tile: tile_x15360_y11520
2026-07-26 13:13:35,385 - hybrid_pipeline - INFO - Tile tile_x14592_y11520: 核心遮罩全空 → 空白 placeholder
2026-07-26 13:13:35,398 - hybrid_pipeline - INFO - [382/576] 處理 tile: tile_x0_y12288
2026-07-26 13:13:35,420 - hybrid_pipeline - INFO - Tile tile_x15360_y11520: 核心遮罩全空 → 空白 placeholder
2026-07-26 13:13:36,050 - hybrid_pipeline - INFO - [383/576] 處理 tile: tile_x16128_y11520
2026-07-26 13:13:36,080 - m3_module.m3_cells_generator - INFO - All-positive 標註完成: 147 個細胞
2026-07-26 13:13:36,133 - m3_module.m3_cells_generator - INFO - enlarge_cell_instances: 147 顆細胞, factor=1.50(面積), 中位半徑=26.1px, 外擴=5.9px
2026-07-26 13:13:36,160 - m3_module.m3_elastic_matching - INFO - elastic_dish_nucleus_matching(overlap-first): IHC=147, DISH=230, matched(1核)=24 (其中重疊=24), drop-out(競爭落敗)=0, 無候選(計入)=123, factor=1.50, min_reach=20.0
2026-07-26 13:13:36,244 - m3_module.m3_dot_detection - INFO - detect_all_dots: 紅點=2, 黑點=4, 涉及細胞=147
2026-07-26 13:13:36,569 - m4_module.cell_crops - INFO - 匯出 91 張 per-cell 影像至 /data/taro_Projects/tsgh/output/r7_run/cell_crops/tile_x0_y12288/cells
2026-07-26 13:13:36,569 - hybrid_pipeline - INFO - Tile tile_x0_y12288 完成: 核心擁有 91 細胞 (91 陽性), 1.17 秒
2026-07-26 13:13:36,569 - hybrid_pipeline - INFO - [384/576] 處理 tile: tile_x17664_y11520
2026-07-26 13:13:36,597 - hybrid_pipeline - INFO - Tile tile_x16128_y11520: 核心遮罩全空 → 空白 placeholder
2026-07-26 13:13:36,617 - hybrid_pipeline - INFO - [385/576] 處理 tile: tile_x16896_y11520
2026-07-26 13:13:36,641 - hybrid_pipeline - INFO - Tile tile_x17664_y11520: 核心遮罩全空 → 空白 placeholder
2026-07-26 13:13:36,655 - hybrid_pipeline - INFO - [386/576] 處理 tile: tile_x768_y12288
2026-07-26 13:13:36,678 - hybrid_pipeline - INFO - Tile tile_x16896_y11520: 核心遮罩全空 → 空白 placeholder
2026-07-26 13:13:37,319 - hybrid_pipeline - INFO - [387/576] 處理 tile: tile_x2304_y12288
2026-07-26 13:13:37,349 - m3_module.m3_cells_generator - INFO - All-positive 標註完成: 145 個細胞
2026-07-26 13:13:37,406 - m3_module.m3_cells_generator - INFO - enlarge_cell_instances: 145 顆細胞, factor=1.50(面積), 中位半徑=27.9px, 外擴=6.3px
2026-07-26 13:13:37,438 - m3_module.m3_elastic_matching - INFO - elastic_dish_nucleus_matching(overlap-first): IHC=145, DISH=18, matched(1核)=14 (其中重疊=14), drop-out(競爭落敗)=7, 無候選(計入)=124, factor=1.50, min_reach=20.0
2026-07-26 13:13:37,560 - m3_module.m3_dot_detection - INFO - detect_all_dots: 紅點=12, 黑點=25, 涉及細胞=145
2026-07-26 13:13:37,935 - m4_module.cell_crops - INFO - 匯出 73 張 per-cell 影像至 /data/taro_Projects/tsgh/output/r7_run/cell_crops/tile_x768_y12288/cells
2026-07-26 13:13:37,935 - hybrid_pipeline - INFO - Tile tile_x768_y12288 完成: 核心擁有 73 細胞 (73 陽性), 1.28 秒
2026-07-26 13:13:37,981 - hybrid_pipeline - INFO - [388/576] 處理 tile: tile_x1536_y12288
2026-07-26 13:13:38,008 - m3_module.m3_cells_generator - INFO - All-positive 標註完成: 143 個細胞
2026-07-26 13:13:38,063 - m3_module.m3_cells_generator - INFO - enlarge_cell_instances: 143 顆細胞, factor=1.50(面積), 中位半徑=23.0px, 外擴=5.2px
2026-07-26 13:13:38,087 - m3_module.m3_elastic_matching - INFO - elastic_dish_nucleus_matching(overlap-first): IHC=143, DISH=25, matched(1核)=21 (其中重疊=21), drop-out(競爭落敗)=6, 無候選(計入)=116, factor=1.50, min_reach=20.0
2026-07-26 13:13:38,228 - m3_module.m3_dot_detection - INFO - detect_all_dots: 紅點=17, 黑點=27, 涉及細胞=143
2026-07-26 13:13:38,558 - m4_module.cell_crops - INFO - 匯出 74 張 per-cell 影像至 /data/taro_Projects/tsgh/output/r7_run/cell_crops/tile_x2304_y12288/cells
2026-07-26 13:13:38,558 - hybrid_pipeline - INFO - Tile tile_x2304_y12288 完成: 核心擁有 74 細胞 (74 陽性), 1.24 秒
2026-07-26 13:13:38,653 - hybrid_pipeline - INFO - [389/576] 處理 tile: tile_x3072_y12288
2026-07-26 13:13:38,684 - m3_module.m3_cells_generator - INFO - All-positive 標註完成: 160 個細胞
2026-07-26 13:13:38,740 - m3_module.m3_cells_generator - INFO - enlarge_cell_instances: 160 顆細胞, factor=1.50(面積), 中位半徑=24.3px, 外擴=5.5px
2026-07-26 13:13:38,769 - m3_module.m3_elastic_matching - INFO - elastic_dish_nucleus_matching(overlap-first): IHC=160, DISH=20, matched(1核)=19 (其中重疊=19), drop-out(競爭落敗)=9, 無候選(計入)=132, factor=1.50, min_reach=20.0
2026-07-26 13:13:38,922 - m3_module.m3_dot_detection - INFO - detect_all_dots: 紅點=23, 黑點=44, 涉及細胞=160
2026-07-26 13:13:39,286 - m4_module.cell_crops - INFO - 匯出 81 張 per-cell 影像至 /data/taro_Projects/tsgh/output/r7_run/cell_crops/tile_x1536_y12288/cells
2026-07-26 13:13:39,286 - hybrid_pipeline - INFO - Tile tile_x1536_y12288 完成: 核心擁有 81 細胞 (81 陽性), 1.30 秒
2026-07-26 13:13:39,319 - hybrid_pipeline - INFO - [390/576] 處理 tile: tile_x3840_y12288
2026-07-26 13:13:39,343 - m3_module.m3_cells_generator - INFO - All-positive 標註完成: 145 個細胞
2026-07-26 13:13:39,399 - m3_module.m3_cells_generator - INFO - enlarge_cell_instances: 145 顆細胞, factor=1.50(面積), 中位半徑=22.5px, 外擴=5.1px
2026-07-26 13:13:39,429 - m3_module.m3_elastic_matching - INFO - elastic_dish_nucleus_matching(overlap-first): IHC=145, DISH=61, matched(1核)=52 (其中重疊=52), drop-out(競爭落敗)=16, 無候選(計入)=77, factor=1.50, min_reach=20.0
2026-07-26 13:13:39,661 - m3_module.m3_dot_detection - INFO - detect_all_dots: 紅點=52, 黑點=66, 涉及細胞=145
2026-07-26 13:13:39,998 - m4_module.cell_crops - INFO - 匯出 61 張 per-cell 影像至 /data/taro_Projects/tsgh/output/r7_run/cell_crops/tile_x3072_y12288/cells
2026-07-26 13:13:39,998 - hybrid_pipeline - INFO - Tile tile_x3072_y12288 完成: 核心擁有 61 細胞 (61 陽性), 1.34 秒
2026-07-26 13:13:40,058 - hybrid_pipeline - INFO - [391/576] 處理 tile: tile_x4608_y12288
2026-07-26 13:13:40,089 - m3_module.m3_cells_generator - INFO - All-positive 標註完成: 156 個細胞
2026-07-26 13:13:40,146 - m3_module.m3_cells_generator - INFO - enlarge_cell_instances: 156 顆細胞, factor=1.50(面積), 中位半徑=27.2px, 外擴=6.1px
2026-07-26 13:13:40,172 - m3_module.m3_elastic_matching - INFO - elastic_dish_nucleus_matching(overlap-first): IHC=156, DISH=35, matched(1核)=32 (其中重疊=32), drop-out(競爭落敗)=13, 無候選(計入)=111, factor=1.50, min_reach=20.0
2026-07-26 13:13:40,348 - m3_module.m3_dot_detection - INFO - detect_all_dots: 紅點=34, 黑點=42, 涉及細胞=156
2026-07-26 13:13:40,731 - m4_module.cell_crops - INFO - 匯出 81 張 per-cell 影像至 /data/taro_Projects/tsgh/output/r7_run/cell_crops/tile_x3840_y12288/cells
2026-07-26 13:13:40,732 - hybrid_pipeline - INFO - Tile tile_x3840_y12288 完成: 核心擁有 81 細胞 (81 陽性), 1.41 秒
2026-07-26 13:13:40,732 - hybrid_pipeline - INFO - [392/576] 處理 tile: tile_x5376_y12288
2026-07-26 13:13:40,756 - m3_module.m3_cells_generator - INFO - All-positive 標註完成: 113 個細胞
2026-07-26 13:13:40,810 - m3_module.m3_cells_generator - INFO - enlarge_cell_instances: 113 顆細胞, factor=1.50(面積), 中位半徑=26.8px, 外擴=6.0px
2026-07-26 13:13:40,839 - m3_module.m3_elastic_matching - INFO - elastic_dish_nucleus_matching(overlap-first): IHC=113, DISH=14, matched(1核)=11 (其中重疊=11), drop-out(競爭落敗)=7, 無候選(計入)=95, factor=1.50, min_reach=20.0
2026-07-26 13:13:40,943 - m3_module.m3_dot_detection - INFO - detect_all_dots: 紅點=10, 黑點=11, 涉及細胞=113
2026-07-26 13:13:41,241 - m4_module.cell_crops - INFO - 匯出 74 張 per-cell 影像至 /data/taro_Projects/tsgh/output/r7_run/cell_crops/tile_x4608_y12288/cells
2026-07-26 13:13:41,241 - hybrid_pipeline - INFO - Tile tile_x4608_y12288 完成: 核心擁有 74 細胞 (74 陽性), 1.18 秒
2026-07-26 13:13:41,344 - hybrid_pipeline - INFO - [393/576] 處理 tile: tile_x6144_y12288
2026-07-26 13:13:41,374 - m3_module.m3_cells_generator - INFO - All-positive 標註完成: 21 個細胞
2026-07-26 13:13:41,415 - m3_module.m3_cells_generator - INFO - enlarge_cell_instances: 21 顆細胞, factor=1.50(面積), 中位半徑=30.0px, 外擴=6.7px
2026-07-26 13:13:41,438 - m3_module.m3_elastic_matching - INFO - elastic_dish_nucleus_matching(overlap-first): IHC=21, DISH=3, matched(1核)=1 (其中重疊=1), drop-out(競爭落敗)=0, 無候選(計入)=20, factor=1.50, min_reach=20.0
2026-07-26 13:13:41,513 - m3_module.m3_dot_detection - INFO - detect_all_dots: 紅點=1, 黑點=2, 涉及細胞=21
2026-07-26 13:13:41,636 - m4_module.cell_crops - INFO - 匯出 5 張 per-cell 影像至 /data/taro_Projects/tsgh/output/r7_run/cell_crops/tile_x5376_y12288/cells
2026-07-26 13:13:41,636 - hybrid_pipeline - INFO - Tile tile_x5376_y12288 完成: 核心擁有 5 細胞 (5 陽性), 0.90 秒
2026-07-26 13:13:41,944 - hybrid_pipeline - INFO - [394/576] 處理 tile: tile_x6912_y12288
2026-07-26 13:13:41,974 - m3_module.m3_cells_generator - INFO - All-positive 標註完成: 12 個細胞
2026-07-26 13:13:42,003 - m3_module.m3_cells_generator - INFO - enlarge_cell_instances: 12 顆細胞, factor=1.50(面積), 中位半徑=14.8px, 外擴=3.3px
2026-07-26 13:13:42,025 - m3_module.m3_elastic_matching - INFO - elastic_dish_nucleus_matching(overlap-first): IHC=12, DISH=7, matched(1核)=3 (其中重疊=3), drop-out(競爭落敗)=0, 無候選(計入)=9, factor=1.50, min_reach=20.0
2026-07-26 13:13:42,102 - m3_module.m3_dot_detection - INFO - detect_all_dots: 紅點=2, 黑點=2, 涉及細胞=12
2026-07-26 13:13:42,189 - m4_module.cell_crops - INFO - 匯出 3 張 per-cell 影像至 /data/taro_Projects/tsgh/output/r7_run/cell_crops/tile_x6144_y12288/cells
2026-07-26 13:13:42,189 - hybrid_pipeline - INFO - Tile tile_x6144_y12288 完成: 核心擁有 3 細胞 (3 陽性), 0.84 秒
2026-07-26 13:13:42,189 - hybrid_pipeline - INFO - [395/576] 處理 tile: tile_x8448_y12288
2026-07-26 13:13:42,214 - hybrid_pipeline - INFO - Tile tile_x6912_y12288: 核心遮罩全空 → 空白 placeholder
2026-07-26 13:13:42,231 - hybrid_pipeline - INFO - [396/576] 處理 tile: tile_x7680_y12288
2026-07-26 13:13:42,254 - hybrid_pipeline - INFO - Tile tile_x8448_y12288: 核心遮罩全空 → 空白 placeholder
2026-07-26 13:13:42,270 - hybrid_pipeline - INFO - [397/576] 處理 tile: tile_x12288_y12288
2026-07-26 13:13:42,293 - hybrid_pipeline - INFO - Tile tile_x7680_y12288: 核心遮罩全空 → 空白 placeholder
2026-07-26 13:13:42,307 - hybrid_pipeline - INFO - [398/576] 處理 tile: tile_x9216_y12288
2026-07-26 13:13:42,330 - hybrid_pipeline - INFO - Tile tile_x12288_y12288: 核心遮罩全空 → 空白 placeholder
2026-07-26 13:13:42,344 - hybrid_pipeline - INFO - [399/576] 處理 tile: tile_x11520_y12288
2026-07-26 13:13:42,368 - hybrid_pipeline - INFO - Tile tile_x9216_y12288: 核心遮罩全空 → 空白 placeholder
2026-07-26 13:13:42,382 - hybrid_pipeline - INFO - [400/576] 處理 tile: tile_x9984_y12288
2026-07-26 13:13:42,406 - hybrid_pipeline - INFO - Tile tile_x11520_y12288: 核心遮罩全空 → 空白 placeholder
2026-07-26 13:13:42,425 - hybrid_pipeline - INFO - [401/576] 處理 tile: tile_x10752_y12288
2026-07-26 13:13:42,448 - hybrid_pipeline - INFO - Tile tile_x9984_y12288: 核心遮罩全空 → 空白 placeholder
2026-07-26 13:13:42,463 - hybrid_pipeline - INFO - [402/576] 處理 tile: tile_x13056_y12288
2026-07-26 13:13:42,487 - hybrid_pipeline - INFO - Tile tile_x10752_y12288: 核心遮罩全空 → 空白 placeholder
2026-07-26 13:13:42,501 - hybrid_pipeline - INFO - [403/576] 處理 tile: tile_x13824_y12288
2026-07-26 13:13:42,524 - hybrid_pipeline - INFO - Tile tile_x13056_y12288: 核心遮罩全空 → 空白 placeholder
2026-07-26 13:13:42,536 - hybrid_pipeline - INFO - [404/576] 處理 tile: tile_x14592_y12288
2026-07-26 13:13:42,560 - hybrid_pipeline - INFO - Tile tile_x13824_y12288: 核心遮罩全空 → 空白 placeholder
2026-07-26 13:13:42,573 - hybrid_pipeline - INFO - [405/576] 處理 tile: tile_x15360_y12288
2026-07-26 13:13:42,600 - hybrid_pipeline - INFO - Tile tile_x14592_y12288: 核心遮罩全空 → 空白 placeholder
2026-07-26 13:13:42,610 - hybrid_pipeline - INFO - [406/576] 處理 tile: tile_x768_y13056
2026-07-26 13:13:42,633 - hybrid_pipeline - INFO - Tile tile_x15360_y12288: 核心遮罩全空 → 空白 placeholder
2026-07-26 13:13:43,241 - hybrid_pipeline - INFO - [407/576] 處理 tile: tile_x16896_y12288
2026-07-26 13:13:43,271 - m3_module.m3_cells_generator - INFO - All-positive 標註完成: 136 個細胞
2026-07-26 13:13:43,325 - m3_module.m3_cells_generator - INFO - enlarge_cell_instances: 136 顆細胞, factor=1.50(面積), 中位半徑=24.9px, 外擴=5.6px
2026-07-26 13:13:43,348 - m3_module.m3_elastic_matching - INFO - elastic_dish_nucleus_matching(overlap-first): IHC=136, DISH=22, matched(1核)=17 (其中重疊=17), drop-out(競爭落敗)=7, 無候選(計入)=112, factor=1.50, min_reach=20.0
2026-07-26 13:13:43,489 - m3_module.m3_dot_detection - INFO - detect_all_dots: 紅點=31, 黑點=46, 涉及細胞=136
2026-07-26 13:13:43,819 - m4_module.cell_crops - INFO - 匯出 65 張 per-cell 影像至 /data/taro_Projects/tsgh/output/r7_run/cell_crops/tile_x768_y13056/cells
2026-07-26 13:13:43,820 - hybrid_pipeline - INFO - Tile tile_x768_y13056 完成: 核心擁有 65 細胞 (65 陽性), 1.21 秒
2026-07-26 13:13:43,820 - hybrid_pipeline - INFO - [408/576] 處理 tile: tile_x16128_y12288
2026-07-26 13:13:43,850 - hybrid_pipeline - INFO - Tile tile_x16896_y12288: 核心遮罩全空 → 空白 placeholder
2026-07-26 13:13:43,867 - hybrid_pipeline - INFO - [409/576] 處理 tile: tile_x17664_y12288
2026-07-26 13:13:43,892 - hybrid_pipeline - INFO - Tile tile_x16128_y12288: 核心遮罩全空 → 空白 placeholder
2026-07-26 13:13:43,911 - hybrid_pipeline - INFO - [410/576] 處理 tile: tile_x0_y13056
2026-07-26 13:13:43,933 - hybrid_pipeline - INFO - Tile tile_x17664_y12288: 核心遮罩全空 → 空白 placeholder
2026-07-26 13:13:44,590 - hybrid_pipeline - INFO - [411/576] 處理 tile: tile_x1536_y13056
2026-07-26 13:13:44,618 - m3_module.m3_cells_generator - INFO - All-positive 標註完成: 147 個細胞
2026-07-26 13:13:44,675 - m3_module.m3_cells_generator - INFO - enlarge_cell_instances: 147 顆細胞, factor=1.50(面積), 中位半徑=26.8px, 外擴=6.0px
2026-07-26 13:13:44,703 - m3_module.m3_elastic_matching - INFO - elastic_dish_nucleus_matching(overlap-first): IHC=147, DISH=30, matched(1核)=18 (其中重疊=18), drop-out(競爭落敗)=7, 無候選(計入)=122, factor=1.50, min_reach=20.0
2026-07-26 13:13:44,834 - m3_module.m3_dot_detection - INFO - detect_all_dots: 紅點=24, 黑點=31, 涉及細胞=147
2026-07-26 13:13:45,210 - m4_module.cell_crops - INFO - 匯出 89 張 per-cell 影像至 /data/taro_Projects/tsgh/output/r7_run/cell_crops/tile_x0_y13056/cells
2026-07-26 13:13:45,210 - hybrid_pipeline - INFO - Tile tile_x0_y13056 完成: 核心擁有 89 細胞 (89 陽性), 1.30 秒
2026-07-26 13:13:45,252 - hybrid_pipeline - INFO - [412/576] 處理 tile: tile_x2304_y13056
2026-07-26 13:13:45,278 - m3_module.m3_cells_generator - INFO - All-positive 標註完成: 124 個細胞
2026-07-26 13:13:45,332 - m3_module.m3_cells_generator - INFO - enlarge_cell_instances: 124 顆細胞, factor=1.50(面積), 中位半徑=25.2px, 外擴=5.7px
2026-07-26 13:13:45,360 - m3_module.m3_elastic_matching - INFO - elastic_dish_nucleus_matching(overlap-first): IHC=124, DISH=23, matched(1核)=20 (其中重疊=20), drop-out(競爭落敗)=13, 無候選(計入)=91, factor=1.50, min_reach=20.0
2026-07-26 13:13:45,568 - m3_module.m3_dot_detection - INFO - detect_all_dots: 紅點=52, 黑點=87, 涉及細胞=124
2026-07-26 13:13:45,854 - m4_module.cell_crops - INFO - 匯出 72 張 per-cell 影像至 /data/taro_Projects/tsgh/output/r7_run/cell_crops/tile_x1536_y13056/cells
2026-07-26 13:13:45,854 - hybrid_pipeline - INFO - Tile tile_x1536_y13056 完成: 核心擁有 72 細胞 (72 陽性), 1.26 秒
2026-07-26 13:13:45,929 - hybrid_pipeline - INFO - [413/576] 處理 tile: tile_x3072_y13056
2026-07-26 13:13:45,958 - m3_module.m3_cells_generator - INFO - All-positive 標註完成: 100 個細胞
2026-07-26 13:13:46,009 - m3_module.m3_cells_generator - INFO - enlarge_cell_instances: 100 顆細胞, factor=1.50(面積), 中位半徑=23.1px, 外擴=5.2px
2026-07-26 13:13:46,035 - m3_module.m3_elastic_matching - INFO - elastic_dish_nucleus_matching(overlap-first): IHC=100, DISH=6, matched(1核)=4 (其中重疊=4), drop-out(競爭落敗)=0, 無候選(計入)=96, factor=1.50, min_reach=20.0
2026-07-26 13:13:46,116 - m3_module.m3_dot_detection - INFO - detect_all_dots: 紅點=1, 黑點=2, 涉及細胞=100
2026-07-26 13:13:46,320 - m4_module.cell_crops - INFO - 匯出 43 張 per-cell 影像至 /data/taro_Projects/tsgh/output/r7_run/cell_crops/tile_x2304_y13056/cells
2026-07-26 13:13:46,320 - hybrid_pipeline - INFO - Tile tile_x2304_y13056 完成: 核心擁有 43 細胞 (43 陽性), 1.07 秒
2026-07-26 13:13:46,570 - hybrid_pipeline - INFO - [414/576] 處理 tile: tile_x3840_y13056
2026-07-26 13:13:46,601 - m3_module.m3_cells_generator - INFO - All-positive 標註完成: 134 個細胞
2026-07-26 13:13:46,655 - m3_module.m3_cells_generator - INFO - enlarge_cell_instances: 134 顆細胞, factor=1.50(面積), 中位半徑=20.1px, 外擴=4.5px
2026-07-26 13:13:46,690 - m3_module.m3_elastic_matching - INFO - elastic_dish_nucleus_matching(overlap-first): IHC=134, DISH=58, matched(1核)=34 (其中重疊=34), drop-out(競爭落敗)=8, 無候選(計入)=92, factor=1.50, min_reach=20.0
2026-07-26 13:13:46,856 - m3_module.m3_dot_detection - INFO - detect_all_dots: 紅點=27, 黑點=37, 涉及細胞=134
2026-07-26 13:13:47,204 - m4_module.cell_crops - INFO - 匯出 86 張 per-cell 影像至 /data/taro_Projects/tsgh/output/r7_run/cell_crops/tile_x3072_y13056/cells
2026-07-26 13:13:47,204 - hybrid_pipeline - INFO - Tile tile_x3072_y13056 完成: 核心擁有 86 細胞 (86 陽性), 1.28 秒
2026-07-26 13:13:47,233 - hybrid_pipeline - INFO - [415/576] 處理 tile: tile_x4608_y13056
2026-07-26 13:13:47,257 - m3_module.m3_cells_generator - INFO - All-positive 標註完成: 109 個細胞
2026-07-26 13:13:47,311 - m3_module.m3_cells_generator - INFO - enlarge_cell_instances: 109 顆細胞, factor=1.50(面積), 中位半徑=25.2px, 外擴=5.7px
2026-07-26 13:13:47,338 - m3_module.m3_elastic_matching - INFO - elastic_dish_nucleus_matching(overlap-first): IHC=109, DISH=31, matched(1核)=17 (其中重疊=17), drop-out(競爭落敗)=5, 無候選(計入)=87, factor=1.50, min_reach=20.0
2026-07-26 13:13:47,450 - m3_module.m3_dot_detection - INFO - detect_all_dots: 紅點=10, 黑點=13, 涉及細胞=109
2026-07-26 13:13:47,767 - m4_module.cell_crops - INFO - 匯出 55 張 per-cell 影像至 /data/taro_Projects/tsgh/output/r7_run/cell_crops/tile_x3840_y13056/cells
2026-07-26 13:13:47,767 - hybrid_pipeline - INFO - Tile tile_x3840_y13056 完成: 核心擁有 55 細胞 (55 陽性), 1.20 秒
2026-07-26 13:13:47,863 - hybrid_pipeline - INFO - [416/576] 處理 tile: tile_x5376_y13056
2026-07-26 13:13:47,893 - m3_module.m3_cells_generator - INFO - All-positive 標註完成: 103 個細胞
2026-07-26 13:13:47,943 - m3_module.m3_cells_generator - INFO - enlarge_cell_instances: 103 顆細胞, factor=1.50(面積), 中位半徑=24.8px, 外擴=5.6px
2026-07-26 13:13:47,969 - m3_module.m3_elastic_matching - INFO - elastic_dish_nucleus_matching(overlap-first): IHC=103, DISH=15, matched(1核)=13 (其中重疊=13), drop-out(競爭落敗)=7, 無候選(計入)=83, factor=1.50, min_reach=20.0
2026-07-26 13:13:48,078 - m3_module.m3_dot_detection - INFO - detect_all_dots: 紅點=12, 黑點=17, 涉及細胞=103
2026-07-26 13:13:48,354 - m4_module.cell_crops - INFO - 匯出 57 張 per-cell 影像至 /data/taro_Projects/tsgh/output/r7_run/cell_crops/tile_x4608_y13056/cells
2026-07-26 13:13:48,354 - hybrid_pipeline - INFO - Tile tile_x4608_y13056 完成: 核心擁有 57 細胞 (57 陽性), 1.12 秒
2026-07-26 13:13:48,455 - hybrid_pipeline - INFO - [417/576] 處理 tile: tile_x6144_y13056
2026-07-26 13:13:48,480 - m3_module.m3_cells_generator - INFO - All-positive 標註完成: 17 個細胞
2026-07-26 13:13:48,518 - m3_module.m3_cells_generator - INFO - enlarge_cell_instances: 17 顆細胞, factor=1.50(面積), 中位半徑=23.3px, 外擴=5.2px
2026-07-26 13:13:48,541 - m3_module.m3_elastic_matching - INFO - elastic_dish_nucleus_matching(overlap-first): IHC=17, DISH=2, matched(1核)=1 (其中重疊=1), drop-out(競爭落敗)=0, 無候選(計入)=16, factor=1.50, min_reach=20.0
2026-07-26 13:13:48,625 - m3_module.m3_dot_detection - INFO - detect_all_dots: 紅點=0, 黑點=0, 涉及細胞=17
2026-07-26 13:13:48,726 - m4_module.cell_crops - INFO - 匯出 5 張 per-cell 影像至 /data/taro_Projects/tsgh/output/r7_run/cell_crops/tile_x5376_y13056/cells
2026-07-26 13:13:48,726 - hybrid_pipeline - INFO - Tile tile_x5376_y13056 完成: 核心擁有 5 細胞 (5 陽性), 0.86 秒
2026-07-26 13:13:49,063 - hybrid_pipeline - INFO - [418/576] 處理 tile: tile_x6912_y13056
2026-07-26 13:13:49,091 - m3_module.m3_cells_generator - INFO - All-positive 標註完成: 33 個細胞
2026-07-26 13:13:49,129 - m3_module.m3_cells_generator - INFO - enlarge_cell_instances: 33 顆細胞, factor=1.50(面積), 中位半徑=20.8px, 外擴=4.7px
2026-07-26 13:13:49,153 - m3_module.m3_elastic_matching - INFO - elastic_dish_nucleus_matching(overlap-first): IHC=33, DISH=5, matched(1核)=3 (其中重疊=3), drop-out(競爭落敗)=0, 無候選(計入)=30, factor=1.50, min_reach=20.0
2026-07-26 13:13:49,236 - m3_module.m3_dot_detection - INFO - detect_all_dots: 紅點=1, 黑點=1, 涉及細胞=33
2026-07-26 13:13:49,372 - m4_module.cell_crops - INFO - 匯出 30 張 per-cell 影像至 /data/taro_Projects/tsgh/output/r7_run/cell_crops/tile_x6144_y13056/cells
2026-07-26 13:13:49,372 - hybrid_pipeline - INFO - Tile tile_x6144_y13056 完成: 核心擁有 30 細胞 (30 陽性), 0.92 秒
2026-07-26 13:13:49,664 - hybrid_pipeline - INFO - [419/576] 處理 tile: tile_x7680_y13056
2026-07-26 13:13:49,690 - m3_module.m3_cells_generator - INFO - All-positive 標註完成: 3 個細胞
2026-07-26 13:13:49,717 - m3_module.m3_cells_generator - INFO - enlarge_cell_instances: 3 顆細胞, factor=1.50(面積), 中位半徑=18.6px, 外擴=4.2px
2026-07-26 13:13:49,802 - m3_module.m3_dot_detection - INFO - detect_all_dots: 紅點=0, 黑點=0, 涉及細胞=3
2026-07-26 13:13:49,843 - m4_module.cell_crops - INFO - 匯出 0 張 per-cell 影像至 /data/taro_Projects/tsgh/output/r7_run/cell_crops/tile_x6912_y13056/cells
2026-07-26 13:13:49,843 - hybrid_pipeline - INFO - Tile tile_x6912_y13056 完成: 核心擁有 0 細胞 (0 陽性), 0.78 秒
2026-07-26 13:13:49,843 - hybrid_pipeline - INFO - [420/576] 處理 tile: tile_x9216_y13056
2026-07-26 13:13:49,868 - hybrid_pipeline - INFO - Tile tile_x7680_y13056: 核心遮罩全空 → 空白 placeholder
2026-07-26 13:13:49,888 - hybrid_pipeline - INFO - [421/576] 處理 tile: tile_x8448_y13056
2026-07-26 13:13:49,912 - hybrid_pipeline - INFO - Tile tile_x9216_y13056: 核心遮罩全空 → 空白 placeholder
2026-07-26 13:13:49,929 - hybrid_pipeline - INFO - [422/576] 處理 tile: tile_x10752_y13056
2026-07-26 13:13:49,952 - hybrid_pipeline - INFO - Tile tile_x8448_y13056: 核心遮罩全空 → 空白 placeholder
2026-07-26 13:13:49,968 - hybrid_pipeline - INFO - [423/576] 處理 tile: tile_x11520_y13056
2026-07-26 13:13:49,994 - hybrid_pipeline - INFO - Tile tile_x10752_y13056: 核心遮罩全空 → 空白 placeholder
2026-07-26 13:13:50,004 - hybrid_pipeline - INFO - [424/576] 處理 tile: tile_x13056_y13056
2026-07-26 13:13:50,027 - hybrid_pipeline - INFO - Tile tile_x11520_y13056: 核心遮罩全空 → 空白 placeholder
2026-07-26 13:13:50,040 - hybrid_pipeline - INFO - [425/576] 處理 tile: tile_x9984_y13056
2026-07-26 13:13:50,062 - hybrid_pipeline - INFO - Tile tile_x13056_y13056: 核心遮罩全空 → 空白 placeholder
2026-07-26 13:13:50,076 - hybrid_pipeline - INFO - [426/576] 處理 tile: tile_x12288_y13056
2026-07-26 13:13:50,100 - hybrid_pipeline - INFO - Tile tile_x9984_y13056: 核心遮罩全空 → 空白 placeholder
2026-07-26 13:13:50,112 - hybrid_pipeline - INFO - [427/576] 處理 tile: tile_x13824_y13056
2026-07-26 13:13:50,140 - hybrid_pipeline - INFO - Tile tile_x12288_y13056: 核心遮罩全空 → 空白 placeholder
2026-07-26 13:13:50,150 - hybrid_pipeline - INFO - [428/576] 處理 tile: tile_x15360_y13056
2026-07-26 13:13:50,172 - hybrid_pipeline - INFO - Tile tile_x13824_y13056: 核心遮罩全空 → 空白 placeholder
2026-07-26 13:13:50,187 - hybrid_pipeline - INFO - [429/576] 處理 tile: tile_x16128_y13056
2026-07-26 13:13:50,210 - hybrid_pipeline - INFO - Tile tile_x15360_y13056: 核心遮罩全空 → 空白 placeholder
2026-07-26 13:13:50,224 - hybrid_pipeline - INFO - [430/576] 處理 tile: tile_x14592_y13056
2026-07-26 13:13:50,247 - hybrid_pipeline - INFO - Tile tile_x16128_y13056: 核心遮罩全空 → 空白 placeholder
2026-07-26 13:13:50,261 - hybrid_pipeline - INFO - [431/576] 處理 tile: tile_x16896_y13056
2026-07-26 13:13:50,284 - hybrid_pipeline - INFO - Tile tile_x14592_y13056: 核心遮罩全空 → 空白 placeholder
2026-07-26 13:13:50,296 - hybrid_pipeline - INFO - [432/576] 處理 tile: tile_x768_y13824
2026-07-26 13:13:50,319 - hybrid_pipeline - INFO - Tile tile_x16896_y13056: 核心遮罩全空 → 空白 placeholder
2026-07-26 13:13:50,941 - hybrid_pipeline - INFO - [433/576] 處理 tile: tile_x0_y13824
2026-07-26 13:13:50,970 - m3_module.m3_cells_generator - INFO - All-positive 標註完成: 135 個細胞
2026-07-26 13:13:51,025 - m3_module.m3_cells_generator - INFO - enlarge_cell_instances: 135 顆細胞, factor=1.50(面積), 中位半徑=26.3px, 外擴=5.9px
2026-07-26 13:13:51,057 - m3_module.m3_elastic_matching - INFO - elastic_dish_nucleus_matching(overlap-first): IHC=135, DISH=72, matched(1核)=46 (其中重疊=45), drop-out(競爭落敗)=10, 無候選(計入)=79, factor=1.50, min_reach=20.0
2026-07-26 13:13:51,292 - m3_module.m3_dot_detection - INFO - detect_all_dots: 紅點=66, 黑點=83, 涉及細胞=135
2026-07-26 13:13:51,664 - m4_module.cell_crops - INFO - 匯出 81 張 per-cell 影像至 /data/taro_Projects/tsgh/output/r7_run/cell_crops/tile_x768_y13824/cells
2026-07-26 13:13:51,664 - hybrid_pipeline - INFO - Tile tile_x768_y13824 完成: 核心擁有 81 細胞 (81 陽性), 1.37 秒
2026-07-26 13:13:51,689 - hybrid_pipeline - INFO - [434/576] 處理 tile: tile_x17664_y13056
2026-07-26 13:13:51,712 - m3_module.m3_cells_generator - INFO - All-positive 標註完成: 115 個細胞
2026-07-26 13:13:51,766 - m3_module.m3_cells_generator - INFO - enlarge_cell_instances: 115 顆細胞, factor=1.50(面積), 中位半徑=30.0px, 外擴=6.7px
2026-07-26 13:13:51,794 - m3_module.m3_elastic_matching - INFO - elastic_dish_nucleus_matching(overlap-first): IHC=115, DISH=50, matched(1核)=33 (其中重疊=32), drop-out(競爭落敗)=11, 無候選(計入)=71, factor=1.50, min_reach=20.0
2026-07-26 13:13:51,947 - m3_module.m3_dot_detection - INFO - detect_all_dots: 紅點=31, 黑點=44, 涉及細胞=115
2026-07-26 13:13:52,291 - m4_module.cell_crops - INFO - 匯出 63 張 per-cell 影像至 /data/taro_Projects/tsgh/output/r7_run/cell_crops/tile_x0_y13824/cells
2026-07-26 13:13:52,292 - hybrid_pipeline - INFO - Tile tile_x0_y13824 完成: 核心擁有 63 細胞 (63 陽性), 1.35 秒
2026-07-26 13:13:52,292 - hybrid_pipeline - INFO - [435/576] 處理 tile: tile_x1536_y13824
2026-07-26 13:13:52,316 - hybrid_pipeline - INFO - Tile tile_x17664_y13056: 核心遮罩全空 → 空白 placeholder
2026-07-26 13:13:52,925 - hybrid_pipeline - INFO - [436/576] 處理 tile: tile_x2304_y13824
2026-07-26 13:13:52,955 - m3_module.m3_cells_generator - INFO - All-positive 標註完成: 103 個細胞
2026-07-26 13:13:53,009 - m3_module.m3_cells_generator - INFO - enlarge_cell_instances: 103 顆細胞, factor=1.50(面積), 中位半徑=27.0px, 外擴=6.1px
2026-07-26 13:13:53,038 - m3_module.m3_elastic_matching - INFO - elastic_dish_nucleus_matching(overlap-first): IHC=103, DISH=66, matched(1核)=46 (其中重疊=46), drop-out(競爭落敗)=12, 無候選(計入)=45, factor=1.50, min_reach=20.0
2026-07-26 13:13:53,331 - m3_module.m3_dot_detection - INFO - detect_all_dots: 紅點=94, 黑點=121, 涉及細胞=103
2026-07-26 13:13:53,612 - m4_module.cell_crops - INFO - 匯出 48 張 per-cell 影像至 /data/taro_Projects/tsgh/output/r7_run/cell_crops/tile_x1536_y13824/cells
2026-07-26 13:13:53,612 - hybrid_pipeline - INFO - Tile tile_x1536_y13824 完成: 核心擁有 48 細胞 (48 陽性), 1.32 秒
2026-07-26 13:13:53,636 - hybrid_pipeline - INFO - [437/576] 處理 tile: tile_x3072_y13824
2026-07-26 13:13:53,666 - m3_module.m3_cells_generator - INFO - All-positive 標註完成: 98 個細胞
2026-07-26 13:13:53,719 - m3_module.m3_cells_generator - INFO - enlarge_cell_instances: 98 顆細胞, factor=1.50(面積), 中位半徑=22.8px, 外擴=5.1px
2026-07-26 13:13:53,751 - m3_module.m3_elastic_matching - INFO - elastic_dish_nucleus_matching(overlap-first): IHC=98, DISH=25, matched(1核)=20 (其中重疊=20), drop-out(競爭落敗)=12, 無候選(計入)=66, factor=1.50, min_reach=20.0
2026-07-26 13:13:53,910 - m3_module.m3_dot_detection - INFO - detect_all_dots: 紅點=30, 黑點=38, 涉及細胞=98
2026-07-26 13:13:54,150 - m4_module.cell_crops - INFO - 匯出 75 張 per-cell 影像至 /data/taro_Projects/tsgh/output/r7_run/cell_crops/tile_x2304_y13824/cells
2026-07-26 13:13:54,150 - hybrid_pipeline - INFO - Tile tile_x2304_y13824 完成: 核心擁有 75 細胞 (75 陽性), 1.22 秒
2026-07-26 13:13:54,271 - hybrid_pipeline - INFO - [438/576] 處理 tile: tile_x3840_y13824
2026-07-26 13:13:54,301 - m3_module.m3_cells_generator - INFO - All-positive 標註完成: 67 個細胞
2026-07-26 13:13:54,350 - m3_module.m3_cells_generator - INFO - enlarge_cell_instances: 67 顆細胞, factor=1.50(面積), 中位半徑=24.4px, 外擴=5.5px
2026-07-26 13:13:54,375 - m3_module.m3_elastic_matching - INFO - elastic_dish_nucleus_matching(overlap-first): IHC=67, DISH=19, matched(1核)=13 (其中重疊=13), drop-out(競爭落敗)=4, 無候選(計入)=50, factor=1.50, min_reach=20.0
2026-07-26 13:13:54,485 - m3_module.m3_dot_detection - INFO - detect_all_dots: 紅點=14, 黑點=16, 涉及細胞=67
2026-07-26 13:13:54,693 - m4_module.cell_crops - INFO - 匯出 26 張 per-cell 影像至 /data/taro_Projects/tsgh/output/r7_run/cell_crops/tile_x3072_y13824/cells
2026-07-26 13:13:54,693 - hybrid_pipeline - INFO - Tile tile_x3072_y13824 完成: 核心擁有 26 細胞 (26 陽性), 1.06 秒
2026-07-26 13:13:54,885 - hybrid_pipeline - INFO - [439/576] 處理 tile: tile_x4608_y13824
2026-07-26 13:13:54,918 - m3_module.m3_cells_generator - INFO - All-positive 標註完成: 71 個細胞
2026-07-26 13:13:54,970 - m3_module.m3_cells_generator - INFO - enlarge_cell_instances: 71 顆細胞, factor=1.50(面積), 中位半徑=20.6px, 外擴=4.6px
2026-07-26 13:13:54,995 - m3_module.m3_elastic_matching - INFO - elastic_dish_nucleus_matching(overlap-first): IHC=71, DISH=11, matched(1核)=10 (其中重疊=10), drop-out(競爭落敗)=0, 無候選(計入)=61, factor=1.50, min_reach=20.0
2026-07-26 13:13:55,098 - m3_module.m3_dot_detection - INFO - detect_all_dots: 紅點=8, 黑點=15, 涉及細胞=71
2026-07-26 13:13:55,326 - m4_module.cell_crops - INFO - 匯出 34 張 per-cell 影像至 /data/taro_Projects/tsgh/output/r7_run/cell_crops/tile_x3840_y13824/cells
2026-07-26 13:13:55,326 - hybrid_pipeline - INFO - Tile tile_x3840_y13824 完成: 核心擁有 34 細胞 (34 陽性), 1.05 秒
2026-07-26 13:13:55,533 - hybrid_pipeline - INFO - [440/576] 處理 tile: tile_x5376_y13824
2026-07-26 13:13:55,562 - m3_module.m3_cells_generator - INFO - All-positive 標註完成: 136 個細胞
2026-07-26 13:13:55,617 - m3_module.m3_cells_generator - INFO - enlarge_cell_instances: 136 顆細胞, factor=1.50(面積), 中位半徑=22.3px, 外擴=5.0px
2026-07-26 13:13:55,645 - m3_module.m3_elastic_matching - INFO - elastic_dish_nucleus_matching(overlap-first): IHC=136, DISH=24, matched(1核)=19 (其中重疊=19), drop-out(競爭落敗)=4, 無候選(計入)=113, factor=1.50, min_reach=20.0
2026-07-26 13:13:55,778 - m3_module.m3_dot_detection - INFO - detect_all_dots: 紅點=22, 黑點=30, 涉及細胞=136
2026-07-26 13:13:56,063 - m4_module.cell_crops - INFO - 匯出 83 張 per-cell 影像至 /data/taro_Projects/tsgh/output/r7_run/cell_crops/tile_x4608_y13824/cells
2026-07-26 13:13:56,063 - hybrid_pipeline - INFO - Tile tile_x4608_y13824 完成: 核心擁有 83 細胞 (83 陽性), 1.18 秒
2026-07-26 13:13:56,156 - hybrid_pipeline - INFO - [441/576] 處理 tile: tile_x6912_y13824
2026-07-26 13:13:56,187 - m3_module.m3_cells_generator - INFO - All-positive 標註完成: 80 個細胞
2026-07-26 13:13:56,233 - m3_module.m3_cells_generator - INFO - enlarge_cell_instances: 80 顆細胞, factor=1.50(面積), 中位半徑=23.8px, 外擴=5.3px
2026-07-26 13:13:56,259 - m3_module.m3_elastic_matching - INFO - elastic_dish_nucleus_matching(overlap-first): IHC=80, DISH=3, matched(1核)=2 (其中重疊=2), drop-out(競爭落敗)=2, 無候選(計入)=76, factor=1.50, min_reach=20.0
2026-07-26 13:13:56,340 - m3_module.m3_dot_detection - INFO - detect_all_dots: 紅點=1, 黑點=0, 涉及細胞=80
2026-07-26 13:13:56,409 - cellpose.dynamics - INFO - No cell pixels found.
2026-07-26 13:13:56,544 - m4_module.cell_crops - INFO - 匯出 45 張 per-cell 影像至 /data/taro_Projects/tsgh/output/r7_run/cell_crops/tile_x5376_y13824/cells
2026-07-26 13:13:56,544 - hybrid_pipeline - INFO - Tile tile_x5376_y13824 完成: 核心擁有 45 細胞 (45 陽性), 1.01 秒
2026-07-26 13:13:56,714 - hybrid_pipeline - INFO - [442/576] 處理 tile: tile_x6144_y13824
2026-07-26 13:13:56,726 - m3_module.m3_cells_generator - INFO - All-positive 標註完成: 0 個細胞
2026-07-26 13:13:56,830 - m3_module.m3_dot_detection - INFO - detect_all_dots: 紅點=0, 黑點=0, 涉及細胞=0
2026-07-26 13:13:56,863 - m4_module.cell_crops - INFO - 匯出 0 張 per-cell 影像至 /data/taro_Projects/tsgh/output/r7_run/cell_crops/tile_x6912_y13824/cells
2026-07-26 13:13:56,863 - hybrid_pipeline - INFO - Tile tile_x6912_y13824 完成: 核心擁有 0 細胞 (0 陽性), 0.71 秒
2026-07-26 13:13:57,319 - hybrid_pipeline - INFO - [443/576] 處理 tile: tile_x8448_y13824
2026-07-26 13:13:57,349 - m3_module.m3_cells_generator - INFO - All-positive 標註完成: 6 個細胞
2026-07-26 13:13:57,377 - m3_module.m3_cells_generator - INFO - enlarge_cell_instances: 6 顆細胞, factor=1.50(面積), 中位半徑=21.6px, 外擴=4.9px
2026-07-26 13:13:57,467 - m3_module.m3_dot_detection - INFO - detect_all_dots: 紅點=0, 黑點=0, 涉及細胞=6
2026-07-26 13:13:57,518 - m4_module.cell_crops - INFO - 匯出 5 張 per-cell 影像至 /data/taro_Projects/tsgh/output/r7_run/cell_crops/tile_x6144_y13824/cells
2026-07-26 13:13:57,518 - hybrid_pipeline - INFO - Tile tile_x6144_y13824 完成: 核心擁有 5 細胞 (5 陽性), 0.80 秒
2026-07-26 13:13:57,518 - hybrid_pipeline - INFO - [444/576] 處理 tile: tile_x7680_y13824
2026-07-26 13:13:57,541 - hybrid_pipeline - INFO - Tile tile_x8448_y13824: 核心遮罩全空 → 空白 placeholder
2026-07-26 13:13:57,756 - cellpose.dynamics - INFO - No cell pixels found.
2026-07-26 13:13:58,060 - hybrid_pipeline - INFO - [445/576] 處理 tile: tile_x9216_y13824
2026-07-26 13:13:58,071 - m3_module.m3_cells_generator - INFO - All-positive 標註完成: 0 個細胞
2026-07-26 13:13:58,163 - m3_module.m3_dot_detection - INFO - detect_all_dots: 紅點=0, 黑點=0, 涉及細胞=0
2026-07-26 13:13:58,193 - m4_module.cell_crops - INFO - 匯出 0 張 per-cell 影像至 /data/taro_Projects/tsgh/output/r7_run/cell_crops/tile_x7680_y13824/cells
2026-07-26 13:13:58,193 - hybrid_pipeline - INFO - Tile tile_x7680_y13824 完成: 核心擁有 0 細胞 (0 陽性), 0.67 秒
2026-07-26 13:13:58,194 - hybrid_pipeline - INFO - [446/576] 處理 tile: tile_x9984_y13824
2026-07-26 13:13:58,222 - hybrid_pipeline - INFO - Tile tile_x9216_y13824: 核心遮罩全空 → 空白 placeholder
2026-07-26 13:13:58,240 - hybrid_pipeline - INFO - [447/576] 處理 tile: tile_x10752_y13824
2026-07-26 13:13:58,263 - hybrid_pipeline - INFO - Tile tile_x9984_y13824: 核心遮罩全空 → 空白 placeholder
2026-07-26 13:13:58,278 - hybrid_pipeline - INFO - [448/576] 處理 tile: tile_x12288_y13824
2026-07-26 13:13:58,301 - hybrid_pipeline - INFO - Tile tile_x10752_y13824: 核心遮罩全空 → 空白 placeholder
2026-07-26 13:13:58,321 - hybrid_pipeline - INFO - [449/576] 處理 tile: tile_x11520_y13824
2026-07-26 13:13:58,350 - hybrid_pipeline - INFO - Tile tile_x12288_y13824: 核心遮罩全空 → 空白 placeholder
2026-07-26 13:13:58,360 - hybrid_pipeline - INFO - [450/576] 處理 tile: tile_x14592_y13824
2026-07-26 13:13:58,383 - hybrid_pipeline - INFO - Tile tile_x11520_y13824: 核心遮罩全空 → 空白 placeholder
2026-07-26 13:13:58,397 - hybrid_pipeline - INFO - [451/576] 處理 tile: tile_x13056_y13824
2026-07-26 13:13:58,419 - hybrid_pipeline - INFO - Tile tile_x14592_y13824: 核心遮罩全空 → 空白 placeholder
2026-07-26 13:13:58,435 - hybrid_pipeline - INFO - [452/576] 處理 tile: tile_x13824_y13824
2026-07-26 13:13:58,463 - hybrid_pipeline - INFO - Tile tile_x13056_y13824: 核心遮罩全空 → 空白 placeholder
2026-07-26 13:13:58,481 - hybrid_pipeline - INFO - [453/576] 處理 tile: tile_x15360_y13824
2026-07-26 13:13:58,504 - hybrid_pipeline - INFO - Tile tile_x13824_y13824: 核心遮罩全空 → 空白 placeholder
2026-07-26 13:13:58,517 - hybrid_pipeline - INFO - [454/576] 處理 tile: tile_x16128_y13824
2026-07-26 13:13:58,540 - hybrid_pipeline - INFO - Tile tile_x15360_y13824: 核心遮罩全空 → 空白 placeholder
2026-07-26 13:13:58,556 - hybrid_pipeline - INFO - [455/576] 處理 tile: tile_x16896_y13824
2026-07-26 13:13:58,581 - hybrid_pipeline - INFO - Tile tile_x16128_y13824: 核心遮罩全空 → 空白 placeholder
2026-07-26 13:13:58,596 - hybrid_pipeline - INFO - [456/576] 處理 tile: tile_x17664_y13824
2026-07-26 13:13:58,620 - hybrid_pipeline - INFO - Tile tile_x16896_y13824: 核心遮罩全空 → 空白 placeholder
2026-07-26 13:13:58,635 - hybrid_pipeline - INFO - [457/576] 處理 tile: tile_x768_y14592
2026-07-26 13:13:58,663 - hybrid_pipeline - INFO - Tile tile_x17664_y13824: 核心遮罩全空 → 空白 placeholder
2026-07-26 13:13:59,246 - hybrid_pipeline - INFO - [458/576] 處理 tile: tile_x1536_y14592
2026-07-26 13:13:59,275 - m3_module.m3_cells_generator - INFO - All-positive 標註完成: 57 個細胞
2026-07-26 13:13:59,328 - m3_module.m3_cells_generator - INFO - enlarge_cell_instances: 57 顆細胞, factor=1.50(面積), 中位半徑=32.0px, 外擴=7.2px
2026-07-26 13:13:59,359 - m3_module.m3_elastic_matching - INFO - elastic_dish_nucleus_matching(overlap-first): IHC=57, DISH=20, matched(1核)=18 (其中重疊=18), drop-out(競爭落敗)=7, 無候選(計入)=32, factor=1.50, min_reach=20.0
2026-07-26 13:13:59,495 - m3_module.m3_dot_detection - INFO - detect_all_dots: 紅點=26, 黑點=33, 涉及細胞=57
2026-07-26 13:13:59,728 - m4_module.cell_crops - INFO - 匯出 30 張 per-cell 影像至 /data/taro_Projects/tsgh/output/r7_run/cell_crops/tile_x768_y14592/cells
2026-07-26 13:13:59,728 - hybrid_pipeline - INFO - Tile tile_x768_y14592 完成: 核心擁有 30 細胞 (30 陽性), 1.09 秒
2026-07-26 13:13:59,882 - hybrid_pipeline - INFO - [459/576] 處理 tile: tile_x3072_y14592
2026-07-26 13:13:59,910 - m3_module.m3_cells_generator - INFO - All-positive 標註完成: 67 個細胞
2026-07-26 13:13:59,963 - m3_module.m3_cells_generator - INFO - enlarge_cell_instances: 67 顆細胞, factor=1.50(面積), 中位半徑=28.1px, 外擴=6.3px
2026-07-26 13:13:59,989 - m3_module.m3_elastic_matching - INFO - elastic_dish_nucleus_matching(overlap-first): IHC=67, DISH=38, matched(1核)=28 (其中重疊=28), drop-out(競爭落敗)=3, 無候選(計入)=36, factor=1.50, min_reach=20.0
2026-07-26 13:14:00,144 - m3_module.m3_dot_detection - INFO - detect_all_dots: 紅點=29, 黑點=48, 涉及細胞=67
2026-07-26 13:14:00,354 - m4_module.cell_crops - INFO - 匯出 23 張 per-cell 影像至 /data/taro_Projects/tsgh/output/r7_run/cell_crops/tile_x1536_y14592/cells
2026-07-26 13:14:00,354 - hybrid_pipeline - INFO - Tile tile_x1536_y14592 完成: 核心擁有 23 細胞 (23 陽性), 1.11 秒
2026-07-26 13:14:00,524 - hybrid_pipeline - INFO - [460/576] 處理 tile: tile_x0_y14592
2026-07-26 13:14:00,552 - m3_module.m3_cells_generator - INFO - All-positive 標註完成: 89 個細胞
2026-07-26 13:14:00,605 - m3_module.m3_cells_generator - INFO - enlarge_cell_instances: 89 顆細胞, factor=1.50(面積), 中位半徑=28.0px, 外擴=6.3px
2026-07-26 13:14:00,633 - m3_module.m3_elastic_matching - INFO - elastic_dish_nucleus_matching(overlap-first): IHC=89, DISH=29, matched(1核)=19 (其中重疊=18), drop-out(競爭落敗)=4, 無候選(計入)=66, factor=1.50, min_reach=20.0
2026-07-26 13:14:00,761 - m3_module.m3_dot_detection - INFO - detect_all_dots: 紅點=16, 黑點=24, 涉及細胞=89
2026-07-26 13:14:01,046 - m4_module.cell_crops - INFO - 匯出 58 張 per-cell 影像至 /data/taro_Projects/tsgh/output/r7_run/cell_crops/tile_x3072_y14592/cells
2026-07-26 13:14:01,046 - hybrid_pipeline - INFO - Tile tile_x3072_y14592 完成: 核心擁有 58 細胞 (58 陽性), 1.16 秒
2026-07-26 13:14:01,157 - hybrid_pipeline - INFO - [461/576] 處理 tile: tile_x2304_y14592
2026-07-26 13:14:01,186 - m3_module.m3_cells_generator - INFO - All-positive 標註完成: 52 個細胞
2026-07-26 13:14:01,237 - m3_module.m3_cells_generator - INFO - enlarge_cell_instances: 52 顆細胞, factor=1.50(面積), 中位半徑=28.5px, 外擴=6.4px
2026-07-26 13:14:01,262 - m3_module.m3_elastic_matching - INFO - elastic_dish_nucleus_matching(overlap-first): IHC=52, DISH=14, matched(1核)=13 (其中重疊=13), drop-out(競爭落敗)=6, 無候選(計入)=33, factor=1.50, min_reach=20.0
2026-07-26 13:14:01,370 - m3_module.m3_dot_detection - INFO - detect_all_dots: 紅點=13, 黑點=16, 涉及細胞=52
2026-07-26 13:14:01,557 - m4_module.cell_crops - INFO - 匯出 34 張 per-cell 影像至 /data/taro_Projects/tsgh/output/r7_run/cell_crops/tile_x0_y14592/cells
2026-07-26 13:14:01,557 - hybrid_pipeline - INFO - Tile tile_x0_y14592 完成: 核心擁有 34 細胞 (34 陽性), 1.03 秒
2026-07-26 13:14:01,797 - hybrid_pipeline - INFO - [462/576] 處理 tile: tile_x3840_y14592
2026-07-26 13:14:01,829 - m3_module.m3_cells_generator - INFO - All-positive 標註完成: 93 個細胞
2026-07-26 13:14:01,883 - m3_module.m3_cells_generator - INFO - enlarge_cell_instances: 93 顆細胞, factor=1.50(面積), 中位半徑=23.4px, 外擴=5.3px
2026-07-26 13:14:01,912 - m3_module.m3_elastic_matching - INFO - elastic_dish_nucleus_matching(overlap-first): IHC=93, DISH=76, matched(1核)=36 (其中重疊=36), drop-out(競爭落敗)=2, 無候選(計入)=55, factor=1.50, min_reach=20.0
2026-07-26 13:14:02,085 - m3_module.m3_dot_detection - INFO - detect_all_dots: 紅點=36, 黑點=44, 涉及細胞=93
2026-07-26 13:14:02,376 - m4_module.cell_crops - INFO - 匯出 55 張 per-cell 影像至 /data/taro_Projects/tsgh/output/r7_run/cell_crops/tile_x2304_y14592/cells
2026-07-26 13:14:02,376 - hybrid_pipeline - INFO - Tile tile_x2304_y14592 完成: 核心擁有 55 細胞 (55 陽性), 1.22 秒
2026-07-26 13:14:02,441 - hybrid_pipeline - INFO - [463/576] 處理 tile: tile_x5376_y14592
2026-07-26 13:14:02,471 - m3_module.m3_cells_generator - INFO - All-positive 標註完成: 66 個細胞
2026-07-26 13:14:02,524 - m3_module.m3_cells_generator - INFO - enlarge_cell_instances: 66 顆細胞, factor=1.50(面積), 中位半徑=23.6px, 外擴=5.3px
2026-07-26 13:14:02,550 - m3_module.m3_elastic_matching - INFO - elastic_dish_nucleus_matching(overlap-first): IHC=66, DISH=11, matched(1核)=6 (其中重疊=6), drop-out(競爭落敗)=2, 無候選(計入)=58, factor=1.50, min_reach=20.0
2026-07-26 13:14:02,641 - m3_module.m3_dot_detection - INFO - detect_all_dots: 紅點=4, 黑點=5, 涉及細胞=66
2026-07-26 13:14:02,843 - m4_module.cell_crops - INFO - 匯出 39 張 per-cell 影像至 /data/taro_Projects/tsgh/output/r7_run/cell_crops/tile_x3840_y14592/cells
2026-07-26 13:14:02,844 - hybrid_pipeline - INFO - Tile tile_x3840_y14592 完成: 核心擁有 39 細胞 (39 陽性), 1.05 秒
2026-07-26 13:14:03,075 - hybrid_pipeline - INFO - [464/576] 處理 tile: tile_x4608_y14592
2026-07-26 13:14:03,105 - m3_module.m3_cells_generator - INFO - All-positive 標註完成: 110 個細胞
2026-07-26 13:14:03,155 - m3_module.m3_cells_generator - INFO - enlarge_cell_instances: 110 顆細胞, factor=1.50(面積), 中位半徑=22.7px, 外擴=5.1px
2026-07-26 13:14:03,181 - m3_module.m3_elastic_matching - INFO - elastic_dish_nucleus_matching(overlap-first): IHC=110, DISH=10, matched(1核)=6 (其中重疊=6), drop-out(競爭落敗)=1, 無候選(計入)=103, factor=1.50, min_reach=20.0
2026-07-26 13:14:03,270 - m3_module.m3_dot_detection - INFO - detect_all_dots: 紅點=1, 黑點=6, 涉及細胞=110
2026-07-26 13:14:03,536 - m4_module.cell_crops - INFO - 匯出 63 張 per-cell 影像至 /data/taro_Projects/tsgh/output/r7_run/cell_crops/tile_x5376_y14592/cells
2026-07-26 13:14:03,536 - hybrid_pipeline - INFO - Tile tile_x5376_y14592 完成: 核心擁有 63 細胞 (63 陽性), 1.09 秒
2026-07-26 13:14:03,693 - hybrid_pipeline - INFO - [465/576] 處理 tile: tile_x6144_y14592
2026-07-26 13:14:03,719 - m3_module.m3_cells_generator - INFO - All-positive 標註完成: 80 個細胞
2026-07-26 13:14:03,768 - m3_module.m3_cells_generator - INFO - enlarge_cell_instances: 80 顆細胞, factor=1.50(面積), 中位半徑=19.9px, 外擴=4.5px
2026-07-26 13:14:03,793 - m3_module.m3_elastic_matching - INFO - elastic_dish_nucleus_matching(overlap-first): IHC=80, DISH=9, matched(1核)=8 (其中重疊=8), drop-out(競爭落敗)=1, 無候選(計入)=71, factor=1.50, min_reach=20.0
2026-07-26 13:14:03,890 - m3_module.m3_dot_detection - INFO - detect_all_dots: 紅點=6, 黑點=11, 涉及細胞=80
2026-07-26 13:14:04,084 - m4_module.cell_crops - INFO - 匯出 32 張 per-cell 影像至 /data/taro_Projects/tsgh/output/r7_run/cell_crops/tile_x4608_y14592/cells
2026-07-26 13:14:04,084 - hybrid_pipeline - INFO - Tile tile_x4608_y14592 完成: 核心擁有 32 細胞 (32 陽性), 1.01 秒
2026-07-26 13:14:04,284 - hybrid_pipeline - INFO - [466/576] 處理 tile: tile_x6912_y14592
2026-07-26 13:14:04,314 - m3_module.m3_cells_generator - INFO - All-positive 標註完成: 5 個細胞
2026-07-26 13:14:04,345 - m3_module.m3_cells_generator - INFO - enlarge_cell_instances: 5 顆細胞, factor=1.50(面積), 中位半徑=31.7px, 外擴=7.1px
2026-07-26 13:14:04,437 - m3_module.m3_dot_detection - INFO - detect_all_dots: 紅點=0, 黑點=0, 涉及細胞=5
2026-07-26 13:14:04,490 - m4_module.cell_crops - INFO - 匯出 0 張 per-cell 影像至 /data/taro_Projects/tsgh/output/r7_run/cell_crops/tile_x6144_y14592/cells
2026-07-26 13:14:04,490 - hybrid_pipeline - INFO - Tile tile_x6144_y14592 完成: 核心擁有 0 細胞 (0 陽性), 0.80 秒
2026-07-26 13:14:04,873 - hybrid_pipeline - INFO - [467/576] 處理 tile: tile_x8448_y14592
2026-07-26 13:14:04,902 - m3_module.m3_cells_generator - INFO - All-positive 標註完成: 19 個細胞
2026-07-26 13:14:04,940 - m3_module.m3_cells_generator - INFO - enlarge_cell_instances: 19 顆細胞, factor=1.50(面積), 中位半徑=25.0px, 外擴=5.6px
2026-07-26 13:14:04,964 - m3_module.m3_elastic_matching - INFO - elastic_dish_nucleus_matching(overlap-first): IHC=19, DISH=9, matched(1核)=5 (其中重疊=5), drop-out(競爭落敗)=1, 無候選(計入)=13, factor=1.50, min_reach=20.0
2026-07-26 13:14:05,062 - m3_module.m3_dot_detection - INFO - detect_all_dots: 紅點=8, 黑點=11, 涉及細胞=19
2026-07-26 13:14:05,190 - m4_module.cell_crops - INFO - 匯出 13 張 per-cell 影像至 /data/taro_Projects/tsgh/output/r7_run/cell_crops/tile_x6912_y14592/cells
2026-07-26 13:14:05,190 - hybrid_pipeline - INFO - Tile tile_x6912_y14592 完成: 核心擁有 13 細胞 (13 陽性), 0.90 秒
2026-07-26 13:14:05,519 - hybrid_pipeline - INFO - [468/576] 處理 tile: tile_x9984_y14592
2026-07-26 13:14:05,549 - m3_module.m3_cells_generator - INFO - All-positive 標註完成: 25 個細胞
2026-07-26 13:14:05,585 - m3_module.m3_cells_generator - INFO - enlarge_cell_instances: 25 顆細胞, factor=1.50(面積), 中位半徑=25.6px, 外擴=5.8px
2026-07-26 13:14:05,608 - m3_module.m3_elastic_matching - INFO - elastic_dish_nucleus_matching(overlap-first): IHC=25, DISH=26, matched(1核)=17 (其中重疊=17), drop-out(競爭落敗)=4, 無候選(計入)=4, factor=1.50, min_reach=20.0
2026-07-26 13:14:05,773 - m3_module.m3_dot_detection - INFO - detect_all_dots: 紅點=47, 黑點=68, 涉及細胞=25
2026-07-26 13:14:05,875 - m4_module.cell_crops - INFO - 匯出 9 張 per-cell 影像至 /data/taro_Projects/tsgh/output/r7_run/cell_crops/tile_x8448_y14592/cells
2026-07-26 13:14:05,875 - hybrid_pipeline - INFO - Tile tile_x8448_y14592 完成: 核心擁有 9 細胞 (9 陽性), 1.00 秒
2026-07-26 13:14:05,875 - hybrid_pipeline - INFO - [469/576] 處理 tile: tile_x9216_y14592
2026-07-26 13:14:05,897 - hybrid_pipeline - INFO - Tile tile_x9984_y14592: 核心遮罩全空 → 空白 placeholder
2026-07-26 13:14:05,918 - hybrid_pipeline - INFO - [470/576] 處理 tile: tile_x7680_y14592
2026-07-26 13:14:05,943 - hybrid_pipeline - INFO - Tile tile_x9216_y14592: 核心遮罩全空 → 空白 placeholder
2026-07-26 13:14:06,526 - hybrid_pipeline - INFO - [471/576] 處理 tile: tile_x10752_y14592
2026-07-26 13:14:06,556 - m3_module.m3_cells_generator - INFO - All-positive 標註完成: 37 個細胞
2026-07-26 13:14:06,599 - m3_module.m3_cells_generator - INFO - enlarge_cell_instances: 37 顆細胞, factor=1.50(面積), 中位半徑=25.2px, 外擴=5.7px
2026-07-26 13:14:06,622 - m3_module.m3_elastic_matching - INFO - elastic_dish_nucleus_matching(overlap-first): IHC=37, DISH=30, matched(1核)=22 (其中重疊=22), drop-out(競爭落敗)=3, 無候選(計入)=12, factor=1.50, min_reach=20.0
2026-07-26 13:14:06,796 - m3_module.m3_dot_detection - INFO - detect_all_dots: 紅點=54, 黑點=69, 涉及細胞=37
2026-07-26 13:14:06,959 - m4_module.cell_crops - INFO - 匯出 24 張 per-cell 影像至 /data/taro_Projects/tsgh/output/r7_run/cell_crops/tile_x7680_y14592/cells
2026-07-26 13:14:06,959 - hybrid_pipeline - INFO - Tile tile_x7680_y14592 完成: 核心擁有 24 細胞 (24 陽性), 1.04 秒
2026-07-26 13:14:06,960 - hybrid_pipeline - INFO - [472/576] 處理 tile: tile_x11520_y14592
2026-07-26 13:14:06,983 - hybrid_pipeline - INFO - Tile tile_x10752_y14592: 核心遮罩全空 → 空白 placeholder
2026-07-26 13:14:07,005 - hybrid_pipeline - INFO - [473/576] 處理 tile: tile_x12288_y14592
2026-07-26 13:14:07,029 - hybrid_pipeline - INFO - Tile tile_x11520_y14592: 核心遮罩全空 → 空白 placeholder
2026-07-26 13:14:07,046 - hybrid_pipeline - INFO - [474/576] 處理 tile: tile_x13824_y14592
2026-07-26 13:14:07,070 - hybrid_pipeline - INFO - Tile tile_x12288_y14592: 核心遮罩全空 → 空白 placeholder
2026-07-26 13:14:07,087 - hybrid_pipeline - INFO - [475/576] 處理 tile: tile_x15360_y14592
2026-07-26 13:14:07,111 - hybrid_pipeline - INFO - Tile tile_x13824_y14592: 核心遮罩全空 → 空白 placeholder
2026-07-26 13:14:07,124 - hybrid_pipeline - INFO - [476/576] 處理 tile: tile_x14592_y14592
2026-07-26 13:14:07,148 - hybrid_pipeline - INFO - Tile tile_x15360_y14592: 核心遮罩全空 → 空白 placeholder
2026-07-26 13:14:07,161 - hybrid_pipeline - INFO - [477/576] 處理 tile: tile_x13056_y14592
2026-07-26 13:14:07,184 - hybrid_pipeline - INFO - Tile tile_x14592_y14592: 核心遮罩全空 → 空白 placeholder
2026-07-26 13:14:07,197 - hybrid_pipeline - INFO - [478/576] 處理 tile: tile_x16128_y14592
2026-07-26 13:14:07,221 - hybrid_pipeline - INFO - Tile tile_x13056_y14592: 核心遮罩全空 → 空白 placeholder
2026-07-26 13:14:07,237 - hybrid_pipeline - INFO - [479/576] 處理 tile: tile_x17664_y14592
2026-07-26 13:14:07,261 - hybrid_pipeline - INFO - Tile tile_x16128_y14592: 核心遮罩全空 → 空白 placeholder
2026-07-26 13:14:07,278 - hybrid_pipeline - INFO - [480/576] 處理 tile: tile_x16896_y14592
2026-07-26 13:14:07,307 - hybrid_pipeline - INFO - Tile tile_x17664_y14592: 核心遮罩全空 → 空白 placeholder
2026-07-26 13:14:07,319 - hybrid_pipeline - INFO - [481/576] 處理 tile: tile_x0_y15360
2026-07-26 13:14:07,342 - hybrid_pipeline - INFO - Tile tile_x16896_y14592: 核心遮罩全空 → 空白 placeholder
2026-07-26 13:14:07,931 - hybrid_pipeline - INFO - [482/576] 處理 tile: tile_x3840_y15360
2026-07-26 13:14:07,957 - m3_module.m3_cells_generator - INFO - All-positive 標註完成: 15 個細胞
2026-07-26 13:14:07,996 - m3_module.m3_cells_generator - INFO - enlarge_cell_instances: 15 顆細胞, factor=1.50(面積), 中位半徑=31.3px, 外擴=7.0px
2026-07-26 13:14:08,021 - m3_module.m3_elastic_matching - INFO - elastic_dish_nucleus_matching(overlap-first): IHC=15, DISH=17, matched(1核)=11 (其中重疊=11), drop-out(競爭落敗)=1, 無候選(計入)=3, factor=1.50, min_reach=20.0
2026-07-26 13:14:08,135 - m3_module.m3_dot_detection - INFO - detect_all_dots: 紅點=13, 黑點=19, 涉及細胞=15
2026-07-26 13:14:08,253 - m4_module.cell_crops - INFO - 匯出 11 張 per-cell 影像至 /data/taro_Projects/tsgh/output/r7_run/cell_crops/tile_x0_y15360/cells
2026-07-26 13:14:08,254 - hybrid_pipeline - INFO - Tile tile_x0_y15360 完成: 核心擁有 11 細胞 (11 陽性), 0.93 秒
2026-07-26 13:14:08,547 - hybrid_pipeline - INFO - [483/576] 處理 tile: tile_x768_y15360
2026-07-26 13:14:08,578 - m3_module.m3_cells_generator - INFO - All-positive 標註完成: 69 個細胞
2026-07-26 13:14:08,625 - m3_module.m3_cells_generator - INFO - enlarge_cell_instances: 69 顆細胞, factor=1.50(面積), 中位半徑=22.9px, 外擴=5.1px
2026-07-26 13:14:08,650 - m3_module.m3_elastic_matching - INFO - elastic_dish_nucleus_matching(overlap-first): IHC=69, DISH=5, matched(1核)=5 (其中重疊=5), drop-out(競爭落敗)=2, 無候選(計入)=62, factor=1.50, min_reach=20.0
2026-07-26 13:14:08,743 - m3_module.m3_dot_detection - INFO - detect_all_dots: 紅點=4, 黑點=6, 涉及細胞=69
2026-07-26 13:14:08,908 - m4_module.cell_crops - INFO - 匯出 37 張 per-cell 影像至 /data/taro_Projects/tsgh/output/r7_run/cell_crops/tile_x3840_y15360/cells
2026-07-26 13:14:08,908 - hybrid_pipeline - INFO - Tile tile_x3840_y15360 完成: 核心擁有 37 細胞 (37 陽性), 0.98 秒
2026-07-26 13:14:09,146 - hybrid_pipeline - INFO - [484/576] 處理 tile: tile_x2304_y15360
2026-07-26 13:14:09,177 - m3_module.m3_cells_generator - INFO - All-positive 標註完成: 8 個細胞
2026-07-26 13:14:09,206 - m3_module.m3_cells_generator - INFO - enlarge_cell_instances: 8 顆細胞, factor=1.50(面積), 中位半徑=15.1px, 外擴=3.4px
2026-07-26 13:14:09,229 - m3_module.m3_elastic_matching - INFO - elastic_dish_nucleus_matching(overlap-first): IHC=8, DISH=4, matched(1核)=3 (其中重疊=3), drop-out(競爭落敗)=1, 無候選(計入)=4, factor=1.50, min_reach=20.0
2026-07-26 13:14:09,310 - m3_module.m3_dot_detection - INFO - detect_all_dots: 紅點=3, 黑點=4, 涉及細胞=8
2026-07-26 13:14:09,378 - m4_module.cell_crops - INFO - 匯出 0 張 per-cell 影像至 /data/taro_Projects/tsgh/output/r7_run/cell_crops/tile_x768_y15360/cells
2026-07-26 13:14:09,378 - hybrid_pipeline - INFO - Tile tile_x768_y15360 完成: 核心擁有 0 細胞 (0 陽性), 0.83 秒
2026-07-26 13:14:09,804 - hybrid_pipeline - INFO - [485/576] 處理 tile: tile_x3072_y15360
2026-07-26 13:14:09,834 - m3_module.m3_cells_generator - INFO - All-positive 標註完成: 124 個細胞
2026-07-26 13:14:09,886 - m3_module.m3_cells_generator - INFO - enlarge_cell_instances: 124 顆細胞, factor=1.50(面積), 中位半徑=28.7px, 外擴=6.4px
2026-07-26 13:14:09,916 - m3_module.m3_elastic_matching - INFO - elastic_dish_nucleus_matching(overlap-first): IHC=124, DISH=76, matched(1核)=47 (其中重疊=47), drop-out(競爭落敗)=5, 無候選(計入)=72, factor=1.50, min_reach=20.0
2026-07-26 13:14:10,130 - m3_module.m3_dot_detection - INFO - detect_all_dots: 紅點=52, 黑點=66, 涉及細胞=124
2026-07-26 13:14:10,469 - m4_module.cell_crops - INFO - 匯出 73 張 per-cell 影像至 /data/taro_Projects/tsgh/output/r7_run/cell_crops/tile_x2304_y15360/cells
2026-07-26 13:14:10,469 - hybrid_pipeline - INFO - Tile tile_x2304_y15360 完成: 核心擁有 73 細胞 (73 陽性), 1.32 秒
2026-07-26 13:14:10,470 - hybrid_pipeline - INFO - [486/576] 處理 tile: tile_x1536_y15360
2026-07-26 13:14:10,493 - m3_module.m3_cells_generator - INFO - All-positive 標註完成: 28 個細胞
2026-07-26 13:14:10,526 - m3_module.m3_cells_generator - INFO - enlarge_cell_instances: 28 顆細胞, factor=1.50(面積), 中位半徑=17.6px, 外擴=4.0px
2026-07-26 13:14:10,550 - m3_module.m3_elastic_matching - INFO - elastic_dish_nucleus_matching(overlap-first): IHC=28, DISH=11, matched(1核)=8 (其中重疊=8), drop-out(競爭落敗)=1, 無候選(計入)=19, factor=1.50, min_reach=20.0
2026-07-26 13:14:10,650 - m3_module.m3_dot_detection - INFO - detect_all_dots: 紅點=7, 黑點=5, 涉及細胞=28
2026-07-26 13:14:10,752 - m4_module.cell_crops - INFO - 匯出 2 張 per-cell 影像至 /data/taro_Projects/tsgh/output/r7_run/cell_crops/tile_x3072_y15360/cells
2026-07-26 13:14:10,753 - hybrid_pipeline - INFO - Tile tile_x3072_y15360 完成: 核心擁有 2 細胞 (2 陽性), 0.95 秒
2026-07-26 13:14:11,113 - hybrid_pipeline - INFO - [487/576] 處理 tile: tile_x4608_y15360
2026-07-26 13:14:11,141 - m3_module.m3_cells_generator - INFO - All-positive 標註完成: 106 個細胞
2026-07-26 13:14:11,193 - m3_module.m3_cells_generator - INFO - enlarge_cell_instances: 106 顆細胞, factor=1.50(面積), 中位半徑=28.6px, 外擴=6.4px
2026-07-26 13:14:11,223 - m3_module.m3_elastic_matching - INFO - elastic_dish_nucleus_matching(overlap-first): IHC=106, DISH=54, matched(1核)=42 (其中重疊=42), drop-out(競爭落敗)=14, 無候選(計入)=50, factor=1.50, min_reach=20.0
2026-07-26 13:14:11,434 - m3_module.m3_dot_detection - INFO - detect_all_dots: 紅點=52, 黑點=74, 涉及細胞=106
2026-07-26 13:14:11,748 - m4_module.cell_crops - INFO - 匯出 70 張 per-cell 影像至 /data/taro_Projects/tsgh/output/r7_run/cell_crops/tile_x1536_y15360/cells
2026-07-26 13:14:11,748 - hybrid_pipeline - INFO - Tile tile_x1536_y15360 完成: 核心擁有 70 細胞 (70 陽性), 1.28 秒
2026-07-26 13:14:11,803 - hybrid_pipeline - INFO - [488/576] 處理 tile: tile_x6144_y15360
2026-07-26 13:14:11,833 - m3_module.m3_cells_generator - INFO - All-positive 標註完成: 130 個細胞
2026-07-26 13:14:11,887 - m3_module.m3_cells_generator - INFO - enlarge_cell_instances: 130 顆細胞, factor=1.50(面積), 中位半徑=22.4px, 外擴=5.0px
2026-07-26 13:14:11,916 - m3_module.m3_elastic_matching - INFO - elastic_dish_nucleus_matching(overlap-first): IHC=130, DISH=32, matched(1核)=22 (其中重疊=22), drop-out(競爭落敗)=7, 無候選(計入)=101, factor=1.50, min_reach=20.0
2026-07-26 13:14:12,046 - m3_module.m3_dot_detection - INFO - detect_all_dots: 紅點=15, 黑點=22, 涉及細胞=130
2026-07-26 13:14:12,392 - m4_module.cell_crops - INFO - 匯出 67 張 per-cell 影像至 /data/taro_Projects/tsgh/output/r7_run/cell_crops/tile_x4608_y15360/cells
2026-07-26 13:14:12,392 - hybrid_pipeline - INFO - Tile tile_x4608_y15360 完成: 核心擁有 67 細胞 (67 陽性), 1.28 秒
2026-07-26 13:14:12,418 - hybrid_pipeline - INFO - [489/576] 處理 tile: tile_x5376_y15360
2026-07-26 13:14:12,441 - m3_module.m3_cells_generator - INFO - All-positive 標註完成: 68 個細胞
2026-07-26 13:14:12,491 - m3_module.m3_cells_generator - INFO - enlarge_cell_instances: 68 顆細胞, factor=1.50(面積), 中位半徑=18.8px, 外擴=4.2px
2026-07-26 13:14:12,516 - m3_module.m3_elastic_matching - INFO - elastic_dish_nucleus_matching(overlap-first): IHC=68, DISH=5, matched(1核)=4 (其中重疊=4), drop-out(競爭落敗)=3, 無候選(計入)=61, factor=1.50, min_reach=20.0
2026-07-26 13:14:12,609 - m3_module.m3_dot_detection - INFO - detect_all_dots: 紅點=6, 黑點=7, 涉及細胞=68
2026-07-26 13:14:12,789 - m4_module.cell_crops - INFO - 匯出 28 張 per-cell 影像至 /data/taro_Projects/tsgh/output/r7_run/cell_crops/tile_x6144_y15360/cells
2026-07-26 13:14:12,789 - hybrid_pipeline - INFO - Tile tile_x6144_y15360 完成: 核心擁有 28 細胞 (28 陽性), 0.99 秒
2026-07-26 13:14:13,042 - hybrid_pipeline - INFO - [490/576] 處理 tile: tile_x6912_y15360
2026-07-26 13:14:13,071 - m3_module.m3_cells_generator - INFO - All-positive 標註完成: 102 個細胞
2026-07-26 13:14:13,124 - m3_module.m3_cells_generator - INFO - enlarge_cell_instances: 102 顆細胞, factor=1.50(面積), 中位半徑=22.0px, 外擴=4.9px
2026-07-26 13:14:13,150 - m3_module.m3_elastic_matching - INFO - elastic_dish_nucleus_matching(overlap-first): IHC=102, DISH=14, matched(1核)=10 (其中重疊=10), drop-out(競爭落敗)=7, 無候選(計入)=85, factor=1.50, min_reach=20.0
2026-07-26 13:14:13,245 - m3_module.m3_dot_detection - INFO - detect_all_dots: 紅點=4, 黑點=8, 涉及細胞=102
2026-07-26 13:14:13,509 - m4_module.cell_crops - INFO - 匯出 64 張 per-cell 影像至 /data/taro_Projects/tsgh/output/r7_run/cell_crops/tile_x5376_y15360/cells
2026-07-26 13:14:13,509 - hybrid_pipeline - INFO - Tile tile_x5376_y15360 完成: 核心擁有 64 細胞 (64 陽性), 1.09 秒
2026-07-26 13:14:13,688 - hybrid_pipeline - INFO - [491/576] 處理 tile: tile_x7680_y15360
2026-07-26 13:14:13,717 - m3_module.m3_cells_generator - INFO - All-positive 標註完成: 88 個細胞
2026-07-26 13:14:13,770 - m3_module.m3_cells_generator - INFO - enlarge_cell_instances: 88 顆細胞, factor=1.50(面積), 中位半徑=21.0px, 外擴=4.7px
2026-07-26 13:14:13,798 - m3_module.m3_elastic_matching - INFO - elastic_dish_nucleus_matching(overlap-first): IHC=88, DISH=63, matched(1核)=38 (其中重疊=38), drop-out(競爭落敗)=4, 無候選(計入)=46, factor=1.50, min_reach=20.0
2026-07-26 13:14:14,003 - m3_module.m3_dot_detection - INFO - detect_all_dots: 紅點=46, 黑點=68, 涉及細胞=88
2026-07-26 13:14:14,261 - m4_module.cell_crops - INFO - 匯出 47 張 per-cell 影像至 /data/taro_Projects/tsgh/output/r7_run/cell_crops/tile_x6912_y15360/cells
2026-07-26 13:14:14,261 - hybrid_pipeline - INFO - Tile tile_x6912_y15360 完成: 核心擁有 47 細胞 (47 陽性), 1.22 秒
2026-07-26 13:14:14,367 - hybrid_pipeline - INFO - [492/576] 處理 tile: tile_x10752_y15360
2026-07-26 13:14:14,397 - m3_module.m3_cells_generator - INFO - All-positive 標註完成: 53 個細胞
2026-07-26 13:14:14,445 - m3_module.m3_cells_generator - INFO - enlarge_cell_instances: 53 顆細胞, factor=1.50(面積), 中位半徑=21.5px, 外擴=4.8px
2026-07-26 13:14:14,470 - m3_module.m3_elastic_matching - INFO - elastic_dish_nucleus_matching(overlap-first): IHC=53, DISH=61, matched(1核)=34 (其中重疊=34), drop-out(競爭落敗)=5, 無候選(計入)=14, factor=1.50, min_reach=20.0
2026-07-26 13:14:14,668 - m3_module.m3_dot_detection - INFO - detect_all_dots: 紅點=64, 黑點=79, 涉及細胞=53
2026-07-26 13:14:14,854 - m4_module.cell_crops - INFO - 匯出 21 張 per-cell 影像至 /data/taro_Projects/tsgh/output/r7_run/cell_crops/tile_x7680_y15360/cells
2026-07-26 13:14:14,854 - hybrid_pipeline - INFO - Tile tile_x7680_y15360 完成: 核心擁有 21 細胞 (21 陽性), 1.17 秒
2026-07-26 13:14:14,855 - hybrid_pipeline - INFO - [493/576] 處理 tile: tile_x9984_y15360
2026-07-26 13:14:14,878 - hybrid_pipeline - INFO - Tile tile_x10752_y15360: 核心遮罩全空 → 空白 placeholder
2026-07-26 13:14:14,902 - hybrid_pipeline - INFO - [494/576] 處理 tile: tile_x11520_y15360
2026-07-26 13:14:14,925 - hybrid_pipeline - INFO - Tile tile_x9984_y15360: 核心遮罩全空 → 空白 placeholder
2026-07-26 13:14:14,943 - hybrid_pipeline - INFO - [495/576] 處理 tile: tile_x8448_y15360
2026-07-26 13:14:14,966 - hybrid_pipeline - INFO - Tile tile_x11520_y15360: 核心遮罩全空 → 空白 placeholder
2026-07-26 13:14:15,579 - hybrid_pipeline - INFO - [496/576] 處理 tile: tile_x9216_y15360
2026-07-26 13:14:15,608 - m3_module.m3_cells_generator - INFO - All-positive 標註完成: 22 個細胞
2026-07-26 13:14:15,645 - m3_module.m3_cells_generator - INFO - enlarge_cell_instances: 22 顆細胞, factor=1.50(面積), 中位半徑=21.9px, 外擴=4.9px
2026-07-26 13:14:15,667 - m3_module.m3_elastic_matching - INFO - elastic_dish_nucleus_matching(overlap-first): IHC=22, DISH=30, matched(1核)=15 (其中重疊=15), drop-out(競爭落敗)=1, 無候選(計入)=6, factor=1.50, min_reach=20.0
2026-07-26 13:14:15,802 - m3_module.m3_dot_detection - INFO - detect_all_dots: 紅點=31, 黑點=48, 涉及細胞=22
2026-07-26 13:14:15,917 - m4_module.cell_crops - INFO - 匯出 10 張 per-cell 影像至 /data/taro_Projects/tsgh/output/r7_run/cell_crops/tile_x8448_y15360/cells
2026-07-26 13:14:15,917 - hybrid_pipeline - INFO - Tile tile_x8448_y15360 完成: 核心擁有 10 細胞 (10 陽性), 0.97 秒
2026-07-26 13:14:15,917 - hybrid_pipeline - INFO - [497/576] 處理 tile: tile_x12288_y15360
2026-07-26 13:14:15,944 - hybrid_pipeline - INFO - Tile tile_x9216_y15360: 核心遮罩全空 → 空白 placeholder
2026-07-26 13:14:15,963 - hybrid_pipeline - INFO - [498/576] 處理 tile: tile_x13824_y15360
2026-07-26 13:14:15,986 - hybrid_pipeline - INFO - Tile tile_x12288_y15360: 核心遮罩全空 → 空白 placeholder
2026-07-26 13:14:16,002 - hybrid_pipeline - INFO - [499/576] 處理 tile: tile_x13056_y15360
2026-07-26 13:14:16,026 - hybrid_pipeline - INFO - Tile tile_x13824_y15360: 核心遮罩全空 → 空白 placeholder
2026-07-26 13:14:16,040 - hybrid_pipeline - INFO - [500/576] 處理 tile: tile_x14592_y15360
2026-07-26 13:14:16,063 - hybrid_pipeline - INFO - Tile tile_x13056_y15360: 核心遮罩全空 → 空白 placeholder
2026-07-26 13:14:16,075 - hybrid_pipeline - INFO - [501/576] 處理 tile: tile_x16128_y15360
2026-07-26 13:14:16,098 - hybrid_pipeline - INFO - Tile tile_x14592_y15360: 核心遮罩全空 → 空白 placeholder
2026-07-26 13:14:16,112 - hybrid_pipeline - INFO - [502/576] 處理 tile: tile_x15360_y15360
2026-07-26 13:14:16,135 - hybrid_pipeline - INFO - Tile tile_x16128_y15360: 核心遮罩全空 → 空白 placeholder
2026-07-26 13:14:16,151 - hybrid_pipeline - INFO - [503/576] 處理 tile: tile_x17664_y15360
2026-07-26 13:14:16,173 - hybrid_pipeline - INFO - Tile tile_x15360_y15360: 核心遮罩全空 → 空白 placeholder
2026-07-26 13:14:16,186 - hybrid_pipeline - INFO - [504/576] 處理 tile: tile_x16896_y15360
2026-07-26 13:14:16,209 - hybrid_pipeline - INFO - Tile tile_x17664_y15360: 核心遮罩全空 → 空白 placeholder
2026-07-26 13:14:16,224 - hybrid_pipeline - INFO - [505/576] 處理 tile: tile_x0_y16128
2026-07-26 13:14:16,250 - hybrid_pipeline - INFO - Tile tile_x16896_y15360: 核心遮罩全空 → 空白 placeholder
2026-07-26 13:14:16,852 - hybrid_pipeline - INFO - [506/576] 處理 tile: tile_x1536_y16128
2026-07-26 13:14:16,882 - m3_module.m3_cells_generator - INFO - All-positive 標註完成: 76 個細胞
2026-07-26 13:14:16,936 - m3_module.m3_cells_generator - INFO - enlarge_cell_instances: 76 顆細胞, factor=1.50(面積), 中位半徑=30.5px, 外擴=6.9px
2026-07-26 13:14:16,970 - m3_module.m3_elastic_matching - INFO - elastic_dish_nucleus_matching(overlap-first): IHC=76, DISH=69, matched(1核)=47 (其中重疊=47), drop-out(競爭落敗)=7, 無候選(計入)=22, factor=1.50, min_reach=20.0
2026-07-26 13:14:17,175 - m3_module.m3_dot_detection - INFO - detect_all_dots: 紅點=42, 黑點=73, 涉及細胞=76
2026-07-26 13:14:17,471 - m4_module.cell_crops - INFO - 匯出 53 張 per-cell 影像至 /data/taro_Projects/tsgh/output/r7_run/cell_crops/tile_x0_y16128/cells
2026-07-26 13:14:17,472 - hybrid_pipeline - INFO - Tile tile_x0_y16128 完成: 核心擁有 53 細胞 (53 陽性), 1.25 秒
2026-07-26 13:14:17,517 - hybrid_pipeline - INFO - [507/576] 處理 tile: tile_x768_y16128
2026-07-26 13:14:17,544 - m3_module.m3_cells_generator - INFO - All-positive 標註完成: 61 個細胞
2026-07-26 13:14:17,590 - m3_module.m3_cells_generator - INFO - enlarge_cell_instances: 61 顆細胞, factor=1.50(面積), 中位半徑=27.2px, 外擴=6.1px
2026-07-26 13:14:17,615 - m3_module.m3_elastic_matching - INFO - elastic_dish_nucleus_matching(overlap-first): IHC=61, DISH=31, matched(1核)=19 (其中重疊=19), drop-out(競爭落敗)=3, 無候選(計入)=39, factor=1.50, min_reach=20.0
2026-07-26 13:14:17,745 - m3_module.m3_dot_detection - INFO - detect_all_dots: 紅點=19, 黑點=36, 涉及細胞=61
2026-07-26 13:14:17,928 - m4_module.cell_crops - INFO - 匯出 36 張 per-cell 影像至 /data/taro_Projects/tsgh/output/r7_run/cell_crops/tile_x1536_y16128/cells
2026-07-26 13:14:17,928 - hybrid_pipeline - INFO - Tile tile_x1536_y16128 完成: 核心擁有 36 細胞 (36 陽性), 1.08 秒
2026-07-26 13:14:18,130 - hybrid_pipeline - INFO - [508/576] 處理 tile: tile_x2304_y16128
2026-07-26 13:14:18,161 - m3_module.m3_cells_generator - INFO - All-positive 標註完成: 26 個細胞
2026-07-26 13:14:18,199 - m3_module.m3_cells_generator - INFO - enlarge_cell_instances: 26 顆細胞, factor=1.50(面積), 中位半徑=28.3px, 外擴=6.4px
2026-07-26 13:14:18,223 - m3_module.m3_elastic_matching - INFO - elastic_dish_nucleus_matching(overlap-first): IHC=26, DISH=21, matched(1核)=12 (其中重疊=12), drop-out(競爭落敗)=2, 無候選(計入)=12, factor=1.50, min_reach=20.0
2026-07-26 13:14:18,312 - m3_module.m3_dot_detection - INFO - detect_all_dots: 紅點=3, 黑點=10, 涉及細胞=26
2026-07-26 13:14:18,444 - m4_module.cell_crops - INFO - 匯出 10 張 per-cell 影像至 /data/taro_Projects/tsgh/output/r7_run/cell_crops/tile_x768_y16128/cells
2026-07-26 13:14:18,444 - hybrid_pipeline - INFO - Tile tile_x768_y16128 完成: 核心擁有 10 細胞 (10 陽性), 0.93 秒
2026-07-26 13:14:18,752 - hybrid_pipeline - INFO - [509/576] 處理 tile: tile_x3072_y16128
2026-07-26 13:14:18,783 - m3_module.m3_cells_generator - INFO - All-positive 標註完成: 72 個細胞
2026-07-26 13:14:18,831 - m3_module.m3_cells_generator - INFO - enlarge_cell_instances: 72 顆細胞, factor=1.50(面積), 中位半徑=28.4px, 外擴=6.4px
2026-07-26 13:14:18,858 - m3_module.m3_elastic_matching - INFO - elastic_dish_nucleus_matching(overlap-first): IHC=72, DISH=35, matched(1核)=25 (其中重疊=25), drop-out(競爭落敗)=4, 無候選(計入)=43, factor=1.50, min_reach=20.0
2026-07-26 13:14:19,009 - m3_module.m3_dot_detection - INFO - detect_all_dots: 紅點=29, 黑點=44, 涉及細胞=72
2026-07-26 13:14:19,216 - m4_module.cell_crops - INFO - 匯出 40 張 per-cell 影像至 /data/taro_Projects/tsgh/output/r7_run/cell_crops/tile_x2304_y16128/cells
2026-07-26 13:14:19,217 - hybrid_pipeline - INFO - Tile tile_x2304_y16128 完成: 核心擁有 40 細胞 (40 陽性), 1.09 秒
2026-07-26 13:14:19,366 - hybrid_pipeline - INFO - [510/576] 處理 tile: tile_x3840_y16128
2026-07-26 13:14:19,399 - m3_module.m3_cells_generator - INFO - All-positive 標註完成: 52 個細胞
2026-07-26 13:14:19,444 - m3_module.m3_cells_generator - INFO - enlarge_cell_instances: 52 顆細胞, factor=1.50(面積), 中位半徑=21.7px, 外擴=4.9px
2026-07-26 13:14:19,468 - m3_module.m3_elastic_matching - INFO - elastic_dish_nucleus_matching(overlap-first): IHC=52, DISH=19, matched(1核)=15 (其中重疊=15), drop-out(競爭落敗)=6, 無候選(計入)=31, factor=1.50, min_reach=20.0
2026-07-26 13:14:19,596 - m3_module.m3_dot_detection - INFO - detect_all_dots: 紅點=25, 黑點=20, 涉及細胞=52
2026-07-26 13:14:19,754 - m4_module.cell_crops - INFO - 匯出 27 張 per-cell 影像至 /data/taro_Projects/tsgh/output/r7_run/cell_crops/tile_x3072_y16128/cells
2026-07-26 13:14:19,755 - hybrid_pipeline - INFO - Tile tile_x3072_y16128 完成: 核心擁有 27 細胞 (27 陽性), 1.00 秒
2026-07-26 13:14:20,023 - hybrid_pipeline - INFO - [511/576] 處理 tile: tile_x5376_y16128
2026-07-26 13:14:20,051 - m3_module.m3_cells_generator - INFO - All-positive 標註完成: 122 個細胞
2026-07-26 13:14:20,106 - m3_module.m3_cells_generator - INFO - enlarge_cell_instances: 122 顆細胞, factor=1.50(面積), 中位半徑=26.2px, 外擴=5.9px
2026-07-26 13:14:20,134 - m3_module.m3_elastic_matching - INFO - elastic_dish_nucleus_matching(overlap-first): IHC=122, DISH=55, matched(1核)=36 (其中重疊=34), drop-out(競爭落敗)=7, 無候選(計入)=79, factor=1.50, min_reach=20.0
2026-07-26 13:14:20,287 - m3_module.m3_dot_detection - INFO - detect_all_dots: 紅點=24, 黑點=29, 涉及細胞=122
2026-07-26 13:14:20,636 - m4_module.cell_crops - INFO - 匯出 78 張 per-cell 影像至 /data/taro_Projects/tsgh/output/r7_run/cell_crops/tile_x3840_y16128/cells
2026-07-26 13:14:20,637 - hybrid_pipeline - INFO - Tile tile_x3840_y16128 完成: 核心擁有 78 細胞 (78 陽性), 1.27 秒
2026-07-26 13:14:20,643 - hybrid_pipeline - INFO - [512/576] 處理 tile: tile_x4608_y16128
2026-07-26 13:14:20,666 - m3_module.m3_cells_generator - INFO - All-positive 標註完成: 57 個細胞
2026-07-26 13:14:20,717 - m3_module.m3_cells_generator - INFO - enlarge_cell_instances: 57 顆細胞, factor=1.50(面積), 中位半徑=22.4px, 外擴=5.0px
2026-07-26 13:14:20,742 - m3_module.m3_elastic_matching - INFO - elastic_dish_nucleus_matching(overlap-first): IHC=57, DISH=12, matched(1核)=9 (其中重疊=9), drop-out(競爭落敗)=1, 無候選(計入)=47, factor=1.50, min_reach=20.0
2026-07-26 13:14:20,839 - m3_module.m3_dot_detection - INFO - detect_all_dots: 紅點=4, 黑點=10, 涉及細胞=57
2026-07-26 13:14:21,006 - m4_module.cell_crops - INFO - 匯出 19 張 per-cell 影像至 /data/taro_Projects/tsgh/output/r7_run/cell_crops/tile_x5376_y16128/cells
2026-07-26 13:14:21,007 - hybrid_pipeline - INFO - Tile tile_x5376_y16128 完成: 核心擁有 19 細胞 (19 陽性), 0.98 秒
2026-07-26 13:14:21,286 - hybrid_pipeline - INFO - [513/576] 處理 tile: tile_x6144_y16128
2026-07-26 13:14:21,309 - m3_module.m3_cells_generator - INFO - All-positive 標註完成: 95 個細胞
2026-07-26 13:14:21,364 - m3_module.m3_cells_generator - INFO - enlarge_cell_instances: 95 顆細胞, factor=1.50(面積), 中位半徑=29.5px, 外擴=6.6px
2026-07-26 13:14:21,391 - m3_module.m3_elastic_matching - INFO - elastic_dish_nucleus_matching(overlap-first): IHC=95, DISH=40, matched(1核)=24 (其中重疊=24), drop-out(競爭落敗)=2, 無候選(計入)=69, factor=1.50, min_reach=20.0
2026-07-26 13:14:21,524 - m3_module.m3_dot_detection - INFO - detect_all_dots: 紅點=20, 黑點=29, 涉及細胞=95
2026-07-26 13:14:21,818 - m4_module.cell_crops - INFO - 匯出 49 張 per-cell 影像至 /data/taro_Projects/tsgh/output/r7_run/cell_crops/tile_x4608_y16128/cells
2026-07-26 13:14:21,818 - hybrid_pipeline - INFO - Tile tile_x4608_y16128 完成: 核心擁有 49 細胞 (49 陽性), 1.18 秒
2026-07-26 13:14:21,965 - hybrid_pipeline - INFO - [514/576] 處理 tile: tile_x6912_y16128
2026-07-26 13:14:21,994 - m3_module.m3_cells_generator - INFO - All-positive 標註完成: 145 個細胞
2026-07-26 13:14:22,050 - m3_module.m3_cells_generator - INFO - enlarge_cell_instances: 145 顆細胞, factor=1.50(面積), 中位半徑=23.0px, 外擴=5.2px
2026-07-26 13:14:22,079 - m3_module.m3_elastic_matching - INFO - elastic_dish_nucleus_matching(overlap-first): IHC=145, DISH=25, matched(1核)=20 (其中重疊=20), drop-out(競爭落敗)=7, 無候選(計入)=118, factor=1.50, min_reach=20.0
2026-07-26 13:14:22,202 - m3_module.m3_dot_detection - INFO - detect_all_dots: 紅點=16, 黑點=26, 涉及細胞=145
2026-07-26 13:14:22,578 - m4_module.cell_crops - INFO - 匯出 85 張 per-cell 影像至 /data/taro_Projects/tsgh/output/r7_run/cell_crops/tile_x6144_y16128/cells
2026-07-26 13:14:22,579 - hybrid_pipeline - INFO - Tile tile_x6144_y16128 完成: 核心擁有 85 細胞 (85 陽性), 1.29 秒
2026-07-26 13:14:22,648 - hybrid_pipeline - INFO - [515/576] 處理 tile: tile_x8448_y16128
2026-07-26 13:14:22,677 - m3_module.m3_cells_generator - INFO - All-positive 標註完成: 120 個細胞
2026-07-26 13:14:22,732 - m3_module.m3_cells_generator - INFO - enlarge_cell_instances: 120 顆細胞, factor=1.50(面積), 中位半徑=23.2px, 外擴=5.2px
2026-07-26 13:14:22,762 - m3_module.m3_elastic_matching - INFO - elastic_dish_nucleus_matching(overlap-first): IHC=120, DISH=106, matched(1核)=59 (其中重疊=59), drop-out(競爭落敗)=8, 無候選(計入)=53, factor=1.50, min_reach=20.0
2026-07-26 13:14:23,092 - m3_module.m3_dot_detection - INFO - detect_all_dots: 紅點=99, 黑點=140, 涉及細胞=120
2026-07-26 13:14:23,432 - m4_module.cell_crops - INFO - 匯出 70 張 per-cell 影像至 /data/taro_Projects/tsgh/output/r7_run/cell_crops/tile_x6912_y16128/cells
2026-07-26 13:14:23,432 - hybrid_pipeline - INFO - Tile tile_x6912_y16128 完成: 核心擁有 70 細胞 (70 陽性), 1.47 秒
2026-07-26 13:14:23,433 - hybrid_pipeline - INFO - [516/576] 處理 tile: tile_x9984_y16128
2026-07-26 13:14:23,456 - m3_module.m3_cells_generator - INFO - All-positive 標註完成: 14 個細胞
2026-07-26 13:14:23,487 - m3_module.m3_cells_generator - INFO - enlarge_cell_instances: 14 顆細胞, factor=1.50(面積), 中位半徑=21.4px, 外擴=4.8px
2026-07-26 13:14:23,511 - m3_module.m3_elastic_matching - INFO - elastic_dish_nucleus_matching(overlap-first): IHC=14, DISH=35, matched(1核)=11 (其中重疊=11), drop-out(競爭落敗)=0, 無候選(計入)=3, factor=1.50, min_reach=20.0
2026-07-26 13:14:23,649 - m3_module.m3_dot_detection - INFO - detect_all_dots: 紅點=21, 黑點=25, 涉及細胞=14
2026-07-26 13:14:23,687 - cellpose.dynamics - INFO - No cell pixels found.
2026-07-26 13:14:23,760 - m4_module.cell_crops - INFO - 匯出 3 張 per-cell 影像至 /data/taro_Projects/tsgh/output/r7_run/cell_crops/tile_x8448_y16128/cells
2026-07-26 13:14:23,760 - hybrid_pipeline - INFO - Tile tile_x8448_y16128 完成: 核心擁有 3 細胞 (3 陽性), 1.11 秒
2026-07-26 13:14:24,001 - hybrid_pipeline - INFO - [517/576] 處理 tile: tile_x10752_y16128
2026-07-26 13:14:24,008 - m3_module.m3_cells_generator - INFO - All-positive 標註完成: 0 個細胞
2026-07-26 13:14:24,116 - m3_module.m3_dot_detection - INFO - detect_all_dots: 紅點=0, 黑點=0, 涉及細胞=0
2026-07-26 13:14:24,147 - m4_module.cell_crops - INFO - 匯出 0 張 per-cell 影像至 /data/taro_Projects/tsgh/output/r7_run/cell_crops/tile_x9984_y16128/cells
2026-07-26 13:14:24,147 - hybrid_pipeline - INFO - Tile tile_x9984_y16128 完成: 核心擁有 0 細胞 (0 陽性), 0.71 秒
2026-07-26 13:14:24,618 - hybrid_pipeline - INFO - [518/576] 處理 tile: tile_x7680_y16128
2026-07-26 13:14:24,649 - m3_module.m3_cells_generator - INFO - All-positive 標註完成: 13 個細胞
2026-07-26 13:14:24,678 - m3_module.m3_cells_generator - INFO - enlarge_cell_instances: 13 顆細胞, factor=1.50(面積), 中位半徑=15.8px, 外擴=3.6px
2026-07-26 13:14:24,766 - m3_module.m3_dot_detection - INFO - detect_all_dots: 紅點=0, 黑點=0, 涉及細胞=13
2026-07-26 13:14:24,806 - m4_module.cell_crops - INFO - 匯出 0 張 per-cell 影像至 /data/taro_Projects/tsgh/output/r7_run/cell_crops/tile_x10752_y16128/cells
2026-07-26 13:14:24,806 - hybrid_pipeline - INFO - Tile tile_x10752_y16128 完成: 核心擁有 0 細胞 (0 陽性), 0.81 秒
2026-07-26 13:14:25,331 - hybrid_pipeline - INFO - [519/576] 處理 tile: tile_x11520_y16128
2026-07-26 13:14:25,362 - m3_module.m3_cells_generator - INFO - All-positive 標註完成: 51 個細胞
2026-07-26 13:14:25,409 - m3_module.m3_cells_generator - INFO - enlarge_cell_instances: 51 顆細胞, factor=1.50(面積), 中位半徑=21.3px, 外擴=4.8px
2026-07-26 13:14:25,434 - m3_module.m3_elastic_matching - INFO - elastic_dish_nucleus_matching(overlap-first): IHC=51, DISH=78, matched(1核)=38 (其中重疊=38), drop-out(競爭落敗)=3, 無候選(計入)=10, factor=1.50, min_reach=20.0
2026-07-26 13:14:25,692 - m3_module.m3_dot_detection - INFO - detect_all_dots: 紅點=74, 黑點=92, 涉及細胞=51
2026-07-26 13:14:25,882 - m4_module.cell_crops - INFO - 匯出 26 張 per-cell 影像至 /data/taro_Projects/tsgh/output/r7_run/cell_crops/tile_x7680_y16128/cells
2026-07-26 13:14:25,882 - hybrid_pipeline - INFO - Tile tile_x7680_y16128 完成: 核心擁有 26 細胞 (26 陽性), 1.26 秒
2026-07-26 13:14:26,005 - hybrid_pipeline - INFO - [520/576] 處理 tile: tile_x9216_y16128
2026-07-26 13:14:26,035 - m3_module.m3_cells_generator - INFO - All-positive 標註完成: 22 個細胞
2026-07-26 13:14:26,070 - m3_module.m3_cells_generator - INFO - enlarge_cell_instances: 22 顆細胞, factor=1.50(面積), 中位半徑=17.8px, 外擴=4.0px
2026-07-26 13:14:26,163 - m3_module.m3_dot_detection - INFO - detect_all_dots: 紅點=0, 黑點=0, 涉及細胞=22
2026-07-26 13:14:26,224 - m4_module.cell_crops - INFO - 匯出 11 張 per-cell 影像至 /data/taro_Projects/tsgh/output/r7_run/cell_crops/tile_x11520_y16128/cells
2026-07-26 13:14:26,224 - hybrid_pipeline - INFO - Tile tile_x11520_y16128 完成: 核心擁有 11 細胞 (11 陽性), 0.89 秒
2026-07-26 13:14:26,613 - hybrid_pipeline - INFO - [521/576] 處理 tile: tile_x12288_y16128
2026-07-26 13:14:26,650 - m3_module.m3_cells_generator - INFO - All-positive 標註完成: 4 個細胞
2026-07-26 13:14:26,677 - m3_module.m3_cells_generator - INFO - enlarge_cell_instances: 4 顆細胞, factor=1.50(面積), 中位半徑=20.0px, 外擴=4.5px
2026-07-26 13:14:26,698 - m3_module.m3_elastic_matching - INFO - elastic_dish_nucleus_matching(overlap-first): IHC=4, DISH=1, matched(1核)=1 (其中重疊=1), drop-out(競爭落敗)=0, 無候選(計入)=3, factor=1.50, min_reach=20.0
2026-07-26 13:14:26,776 - m3_module.m3_dot_detection - INFO - detect_all_dots: 紅點=3, 黑點=4, 涉及細胞=4
2026-07-26 13:14:26,837 - m4_module.cell_crops - INFO - 匯出 1 張 per-cell 影像至 /data/taro_Projects/tsgh/output/r7_run/cell_crops/tile_x9216_y16128/cells
2026-07-26 13:14:26,837 - hybrid_pipeline - INFO - Tile tile_x9216_y16128 完成: 核心擁有 1 細胞 (1 陽性), 0.83 秒
2026-07-26 13:14:26,838 - hybrid_pipeline - INFO - [522/576] 處理 tile: tile_x13056_y16128
2026-07-26 13:14:26,874 - hybrid_pipeline - INFO - Tile tile_x12288_y16128: 核心遮罩全空 → 空白 placeholder
2026-07-26 13:14:26,880 - hybrid_pipeline - INFO - [523/576] 處理 tile: tile_x13824_y16128
2026-07-26 13:14:26,906 - hybrid_pipeline - INFO - Tile tile_x13056_y16128: 核心遮罩全空 → 空白 placeholder
2026-07-26 13:14:26,919 - hybrid_pipeline - INFO - [524/576] 處理 tile: tile_x15360_y16128
2026-07-26 13:14:26,942 - hybrid_pipeline - INFO - Tile tile_x13824_y16128: 核心遮罩全空 → 空白 placeholder
2026-07-26 13:14:26,956 - hybrid_pipeline - INFO - [525/576] 處理 tile: tile_x14592_y16128
2026-07-26 13:14:26,979 - hybrid_pipeline - INFO - Tile tile_x15360_y16128: 核心遮罩全空 → 空白 placeholder
2026-07-26 13:14:26,993 - hybrid_pipeline - INFO - [526/576] 處理 tile: tile_x16128_y16128
2026-07-26 13:14:27,016 - hybrid_pipeline - INFO - Tile tile_x14592_y16128: 核心遮罩全空 → 空白 placeholder
2026-07-26 13:14:27,031 - hybrid_pipeline - INFO - [527/576] 處理 tile: tile_x17664_y16128
2026-07-26 13:14:27,056 - hybrid_pipeline - INFO - Tile tile_x16128_y16128: 核心遮罩全空 → 空白 placeholder
2026-07-26 13:14:27,072 - hybrid_pipeline - INFO - [528/576] 處理 tile: tile_x16896_y16128
2026-07-26 13:14:27,096 - hybrid_pipeline - INFO - Tile tile_x17664_y16128: 核心遮罩全空 → 空白 placeholder
2026-07-26 13:14:27,117 - hybrid_pipeline - INFO - [529/576] 處理 tile: tile_x0_y16896
2026-07-26 13:14:27,140 - hybrid_pipeline - INFO - Tile tile_x16896_y16128: 核心遮罩全空 → 空白 placeholder
2026-07-26 13:14:27,744 - hybrid_pipeline - INFO - [530/576] 處理 tile: tile_x768_y16896
2026-07-26 13:14:27,775 - m3_module.m3_cells_generator - INFO - All-positive 標註完成: 110 個細胞
2026-07-26 13:14:27,830 - m3_module.m3_cells_generator - INFO - enlarge_cell_instances: 110 顆細胞, factor=1.50(面積), 中位半徑=23.7px, 外擴=5.3px
2026-07-26 13:14:27,864 - m3_module.m3_elastic_matching - INFO - elastic_dish_nucleus_matching(overlap-first): IHC=110, DISH=77, matched(1核)=51 (其中重疊=51), drop-out(競爭落敗)=9, 無候選(計入)=50, factor=1.50, min_reach=20.0
2026-07-26 13:14:28,110 - m3_module.m3_dot_detection - INFO - detect_all_dots: 紅點=63, 黑點=96, 涉及細胞=110
2026-07-26 13:14:28,459 - m4_module.cell_crops - INFO - 匯出 70 張 per-cell 影像至 /data/taro_Projects/tsgh/output/r7_run/cell_crops/tile_x0_y16896/cells
2026-07-26 13:14:28,459 - hybrid_pipeline - INFO - Tile tile_x0_y16896 完成: 核心擁有 70 細胞 (70 陽性), 1.34 秒
2026-07-26 13:14:28,459 - hybrid_pipeline - INFO - [531/576] 處理 tile: tile_x1536_y16896
2026-07-26 13:14:28,481 - m3_module.m3_cells_generator - INFO - All-positive 標註完成: 56 個細胞
2026-07-26 13:14:28,528 - m3_module.m3_cells_generator - INFO - enlarge_cell_instances: 56 顆細胞, factor=1.50(面積), 中位半徑=24.0px, 外擴=5.4px
2026-07-26 13:14:28,554 - m3_module.m3_elastic_matching - INFO - elastic_dish_nucleus_matching(overlap-first): IHC=56, DISH=45, matched(1核)=23 (其中重疊=23), drop-out(競爭落敗)=4, 無候選(計入)=29, factor=1.50, min_reach=20.0
2026-07-26 13:14:28,678 - m3_module.m3_dot_detection - INFO - detect_all_dots: 紅點=14, 黑點=27, 涉及細胞=56
2026-07-26 13:14:28,881 - m4_module.cell_crops - INFO - 匯出 22 張 per-cell 影像至 /data/taro_Projects/tsgh/output/r7_run/cell_crops/tile_x768_y16896/cells
2026-07-26 13:14:28,881 - hybrid_pipeline - INFO - Tile tile_x768_y16896 完成: 核心擁有 22 細胞 (22 陽性), 1.14 秒
2026-07-26 13:14:29,069 - hybrid_pipeline - INFO - [532/576] 處理 tile: tile_x2304_y16896
2026-07-26 13:14:29,099 - m3_module.m3_cells_generator - INFO - All-positive 標註完成: 20 個細胞
2026-07-26 13:14:29,133 - m3_module.m3_cells_generator - INFO - enlarge_cell_instances: 20 顆細胞, factor=1.50(面積), 中位半徑=23.4px, 外擴=5.3px
2026-07-26 13:14:29,158 - m3_module.m3_elastic_matching - INFO - elastic_dish_nucleus_matching(overlap-first): IHC=20, DISH=24, matched(1核)=10 (其中重疊=10), drop-out(競爭落敗)=1, 無候選(計入)=9, factor=1.50, min_reach=20.0
2026-07-26 13:14:29,254 - m3_module.m3_dot_detection - INFO - detect_all_dots: 紅點=6, 黑點=9, 涉及細胞=20
2026-07-26 13:14:29,318 - cellpose.dynamics - INFO - No cell pixels found.
2026-07-26 13:14:29,373 - m4_module.cell_crops - INFO - 匯出 14 張 per-cell 影像至 /data/taro_Projects/tsgh/output/r7_run/cell_crops/tile_x1536_y16896/cells
2026-07-26 13:14:29,373 - hybrid_pipeline - INFO - Tile tile_x1536_y16896 完成: 核心擁有 14 細胞 (14 陽性), 0.91 秒
2026-07-26 13:14:29,629 - hybrid_pipeline - INFO - [533/576] 處理 tile: tile_x3840_y16896
2026-07-26 13:14:29,642 - m3_module.m3_cells_generator - INFO - All-positive 標註完成: 0 個細胞
2026-07-26 13:14:29,742 - m3_module.m3_dot_detection - INFO - detect_all_dots: 紅點=0, 黑點=0, 涉及細胞=0
2026-07-26 13:14:29,773 - m4_module.cell_crops - INFO - 匯出 0 張 per-cell 影像至 /data/taro_Projects/tsgh/output/r7_run/cell_crops/tile_x2304_y16896/cells
2026-07-26 13:14:29,773 - hybrid_pipeline - INFO - Tile tile_x2304_y16896 完成: 核心擁有 0 細胞 (0 陽性), 0.70 秒
2026-07-26 13:14:30,353 - hybrid_pipeline - INFO - [534/576] 處理 tile: tile_x4608_y16896
2026-07-26 13:14:30,382 - m3_module.m3_cells_generator - INFO - All-positive 標註完成: 129 個細胞
2026-07-26 13:14:30,438 - m3_module.m3_cells_generator - INFO - enlarge_cell_instances: 129 顆細胞, factor=1.50(面積), 中位半徑=31.4px, 外擴=7.1px
2026-07-26 13:14:30,468 - m3_module.m3_elastic_matching - INFO - elastic_dish_nucleus_matching(overlap-first): IHC=129, DISH=54, matched(1核)=44 (其中重疊=42), drop-out(競爭落敗)=13, 無候選(計入)=72, factor=1.50, min_reach=20.0
2026-07-26 13:14:30,712 - m3_module.m3_dot_detection - INFO - detect_all_dots: 紅點=62, 黑點=66, 涉及細胞=129
2026-07-26 13:14:31,122 - m4_module.cell_crops - INFO - 匯出 59 張 per-cell 影像至 /data/taro_Projects/tsgh/output/r7_run/cell_crops/tile_x3840_y16896/cells
2026-07-26 13:14:31,122 - hybrid_pipeline - INFO - Tile tile_x3840_y16896 完成: 核心擁有 59 細胞 (59 陽性), 1.49 秒
2026-07-26 13:14:31,122 - hybrid_pipeline - INFO - [535/576] 處理 tile: tile_x3072_y16896
2026-07-26 13:14:31,145 - m3_module.m3_cells_generator - INFO - All-positive 標註完成: 126 個細胞
2026-07-26 13:14:31,201 - m3_module.m3_cells_generator - INFO - enlarge_cell_instances: 126 顆細胞, factor=1.50(面積), 中位半徑=27.8px, 外擴=6.2px
2026-07-26 13:14:31,230 - m3_module.m3_elastic_matching - INFO - elastic_dish_nucleus_matching(overlap-first): IHC=126, DISH=39, matched(1核)=30 (其中重疊=30), drop-out(競爭落敗)=8, 無候選(計入)=88, factor=1.50, min_reach=20.0
2026-07-26 13:14:31,379 - m3_module.m3_dot_detection - INFO - detect_all_dots: 紅點=26, 黑點=35, 涉及細胞=126
2026-07-26 13:14:31,741 - m4_module.cell_crops - INFO - 匯出 81 張 per-cell 影像至 /data/taro_Projects/tsgh/output/r7_run/cell_crops/tile_x4608_y16896/cells
2026-07-26 13:14:31,741 - hybrid_pipeline - INFO - Tile tile_x4608_y16896 完成: 核心擁有 81 細胞 (81 陽性), 1.39 秒
2026-07-26 13:14:31,764 - hybrid_pipeline - INFO - [536/576] 處理 tile: tile_x5376_y16896
2026-07-26 13:14:31,786 - m3_module.m3_cells_generator - INFO - All-positive 標註完成: 86 個細胞
2026-07-26 13:14:31,830 - m3_module.m3_cells_generator - INFO - enlarge_cell_instances: 86 顆細胞, factor=1.50(面積), 中位半徑=26.5px, 外擴=6.0px
2026-07-26 13:14:31,858 - m3_module.m3_elastic_matching - INFO - elastic_dish_nucleus_matching(overlap-first): IHC=86, DISH=42, matched(1核)=36 (其中重疊=36), drop-out(競爭落敗)=16, 無候選(計入)=34, factor=1.50, min_reach=20.0
2026-07-26 13:14:32,107 - m3_module.m3_dot_detection - INFO - detect_all_dots: 紅點=75, 黑點=90, 涉及細胞=86
2026-07-26 13:14:32,339 - m4_module.cell_crops - INFO - 匯出 50 張 per-cell 影像至 /data/taro_Projects/tsgh/output/r7_run/cell_crops/tile_x3072_y16896/cells
2026-07-26 13:14:32,339 - hybrid_pipeline - INFO - Tile tile_x3072_y16896 完成: 核心擁有 50 細胞 (50 陽性), 1.22 秒
2026-07-26 13:14:32,447 - hybrid_pipeline - INFO - [537/576] 處理 tile: tile_x6144_y16896
2026-07-26 13:14:32,477 - m3_module.m3_cells_generator - INFO - All-positive 標註完成: 109 個細胞
2026-07-26 13:14:32,530 - m3_module.m3_cells_generator - INFO - enlarge_cell_instances: 109 顆細胞, factor=1.50(面積), 中位半徑=23.7px, 外擴=5.3px
2026-07-26 13:14:32,557 - m3_module.m3_elastic_matching - INFO - elastic_dish_nucleus_matching(overlap-first): IHC=109, DISH=42, matched(1核)=30 (其中重疊=29), drop-out(競爭落敗)=3, 無候選(計入)=76, factor=1.50, min_reach=20.0
2026-07-26 13:14:32,710 - m3_module.m3_dot_detection - INFO - detect_all_dots: 紅點=27, 黑點=39, 涉及細胞=109
2026-07-26 13:14:32,984 - m4_module.cell_crops - INFO - 匯出 51 張 per-cell 影像至 /data/taro_Projects/tsgh/output/r7_run/cell_crops/tile_x5376_y16896/cells
2026-07-26 13:14:32,984 - hybrid_pipeline - INFO - Tile tile_x5376_y16896 完成: 核心擁有 51 細胞 (51 陽性), 1.22 秒
2026-07-26 13:14:33,121 - hybrid_pipeline - INFO - [538/576] 處理 tile: tile_x6912_y16896
2026-07-26 13:14:33,151 - m3_module.m3_cells_generator - INFO - All-positive 標註完成: 146 個細胞
2026-07-26 13:14:33,205 - m3_module.m3_cells_generator - INFO - enlarge_cell_instances: 146 顆細胞, factor=1.50(面積), 中位半徑=24.4px, 外擴=5.5px
2026-07-26 13:14:33,234 - m3_module.m3_elastic_matching - INFO - elastic_dish_nucleus_matching(overlap-first): IHC=146, DISH=42, matched(1核)=29 (其中重疊=29), drop-out(競爭落敗)=7, 無候選(計入)=110, factor=1.50, min_reach=20.0
2026-07-26 13:14:33,371 - m3_module.m3_dot_detection - INFO - detect_all_dots: 紅點=19, 黑點=30, 涉及細胞=146
2026-07-26 13:14:33,800 - m4_module.cell_crops - INFO - 匯出 77 張 per-cell 影像至 /data/taro_Projects/tsgh/output/r7_run/cell_crops/tile_x6144_y16896/cells
2026-07-26 13:14:33,800 - hybrid_pipeline - INFO - Tile tile_x6144_y16896 完成: 核心擁有 77 細胞 (77 陽性), 1.35 秒
2026-07-26 13:14:33,800 - hybrid_pipeline - INFO - [539/576] 處理 tile: tile_x7680_y16896
2026-07-26 13:14:33,824 - m3_module.m3_cells_generator - INFO - All-positive 標註完成: 109 個細胞
2026-07-26 13:14:33,879 - m3_module.m3_cells_generator - INFO - enlarge_cell_instances: 109 顆細胞, factor=1.50(面積), 中位半徑=24.1px, 外擴=5.4px
2026-07-26 13:14:33,910 - m3_module.m3_elastic_matching - INFO - elastic_dish_nucleus_matching(overlap-first): IHC=109, DISH=161, matched(1核)=68 (其中重疊=68), drop-out(競爭落敗)=2, 無候選(計入)=39, factor=1.50, min_reach=20.0
2026-07-26 13:14:34,306 - m3_module.m3_dot_detection - INFO - detect_all_dots: 紅點=149, 黑點=172, 涉及細胞=109
2026-07-26 13:14:34,673 - m4_module.cell_crops - INFO - 匯出 49 張 per-cell 影像至 /data/taro_Projects/tsgh/output/r7_run/cell_crops/tile_x6912_y16896/cells
2026-07-26 13:14:34,673 - hybrid_pipeline - INFO - Tile tile_x6912_y16896 完成: 核心擁有 49 細胞 (49 陽性), 1.55 秒
2026-07-26 13:14:34,673 - hybrid_pipeline - INFO - [540/576] 處理 tile: tile_x8448_y16896
2026-07-26 13:14:34,698 - m3_module.m3_cells_generator - INFO - All-positive 標註完成: 97 個細胞
2026-07-26 13:14:34,749 - m3_module.m3_cells_generator - INFO - enlarge_cell_instances: 97 顆細胞, factor=1.50(面積), 中位半徑=22.8px, 外擴=5.1px
2026-07-26 13:14:34,779 - m3_module.m3_elastic_matching - INFO - elastic_dish_nucleus_matching(overlap-first): IHC=97, DISH=140, matched(1核)=72 (其中重疊=72), drop-out(競爭落敗)=7, 無候選(計入)=18, factor=1.50, min_reach=20.0
2026-07-26 13:14:35,206 - m3_module.m3_dot_detection - INFO - detect_all_dots: 紅點=157, 黑點=200, 涉及細胞=97
2026-07-26 13:14:35,494 - m4_module.cell_crops - INFO - 匯出 69 張 per-cell 影像至 /data/taro_Projects/tsgh/output/r7_run/cell_crops/tile_x7680_y16896/cells
2026-07-26 13:14:35,494 - hybrid_pipeline - INFO - Tile tile_x7680_y16896 完成: 核心擁有 69 細胞 (69 陽性), 1.69 秒
2026-07-26 13:14:35,494 - hybrid_pipeline - INFO - [541/576] 處理 tile: tile_x9216_y16896
2026-07-26 13:14:35,517 - m3_module.m3_cells_generator - INFO - All-positive 標註完成: 17 個細胞
2026-07-26 13:14:35,556 - m3_module.m3_cells_generator - INFO - enlarge_cell_instances: 17 顆細胞, factor=1.50(面積), 中位半徑=21.5px, 外擴=4.8px
2026-07-26 13:14:35,580 - m3_module.m3_elastic_matching - INFO - elastic_dish_nucleus_matching(overlap-first): IHC=17, DISH=36, matched(1核)=9 (其中重疊=9), drop-out(競爭落敗)=0, 無候選(計入)=8, factor=1.50, min_reach=20.0
2026-07-26 13:14:35,691 - m3_module.m3_dot_detection - INFO - detect_all_dots: 紅點=15, 黑點=20, 涉及細胞=17
2026-07-26 13:14:35,818 - m4_module.cell_crops - INFO - 匯出 5 張 per-cell 影像至 /data/taro_Projects/tsgh/output/r7_run/cell_crops/tile_x8448_y16896/cells
2026-07-26 13:14:35,818 - hybrid_pipeline - INFO - Tile tile_x8448_y16896 完成: 核心擁有 5 細胞 (5 陽性), 1.14 秒
2026-07-26 13:14:36,093 - hybrid_pipeline - INFO - [542/576] 處理 tile: tile_x10752_y16896
2026-07-26 13:14:36,122 - m3_module.m3_cells_generator - INFO - All-positive 標註完成: 11 個細胞
2026-07-26 13:14:36,154 - m3_module.m3_cells_generator - INFO - enlarge_cell_instances: 11 顆細胞, factor=1.50(面積), 中位半徑=18.7px, 外擴=4.2px
2026-07-26 13:14:36,177 - m3_module.m3_elastic_matching - INFO - elastic_dish_nucleus_matching(overlap-first): IHC=11, DISH=9, matched(1核)=4 (其中重疊=4), drop-out(競爭落敗)=0, 無候選(計入)=7, factor=1.50, min_reach=20.0
2026-07-26 13:14:36,279 - m3_module.m3_dot_detection - INFO - detect_all_dots: 紅點=10, 黑點=12, 涉及細胞=11
2026-07-26 13:14:36,369 - m4_module.cell_crops - INFO - 匯出 9 張 per-cell 影像至 /data/taro_Projects/tsgh/output/r7_run/cell_crops/tile_x9216_y16896/cells
2026-07-26 13:14:36,369 - hybrid_pipeline - INFO - Tile tile_x9216_y16896 完成: 核心擁有 9 細胞 (9 陽性), 0.87 秒
2026-07-26 13:14:36,693 - hybrid_pipeline - INFO - [543/576] 處理 tile: tile_x11520_y16896
2026-07-26 13:14:36,723 - m3_module.m3_cells_generator - INFO - All-positive 標註完成: 18 個細胞
2026-07-26 13:14:36,753 - m3_module.m3_cells_generator - INFO - enlarge_cell_instances: 18 顆細胞, factor=1.50(面積), 中位半徑=19.6px, 外擴=4.4px
2026-07-26 13:14:36,848 - m3_module.m3_dot_detection - INFO - detect_all_dots: 紅點=0, 黑點=0, 涉及細胞=18
2026-07-26 13:14:36,907 - m4_module.cell_crops - INFO - 匯出 4 張 per-cell 影像至 /data/taro_Projects/tsgh/output/r7_run/cell_crops/tile_x10752_y16896/cells
2026-07-26 13:14:36,907 - hybrid_pipeline - INFO - Tile tile_x10752_y16896 完成: 核心擁有 4 細胞 (4 陽性), 0.81 秒
2026-07-26 13:14:37,280 - hybrid_pipeline - INFO - [544/576] 處理 tile: tile_x9984_y16896
2026-07-26 13:14:37,309 - m3_module.m3_cells_generator - INFO - All-positive 標註完成: 29 個細胞
2026-07-26 13:14:37,344 - m3_module.m3_cells_generator - INFO - enlarge_cell_instances: 29 顆細胞, factor=1.50(面積), 中位半徑=18.5px, 外擴=4.2px
2026-07-26 13:14:37,368 - m3_module.m3_elastic_matching - INFO - elastic_dish_nucleus_matching(overlap-first): IHC=29, DISH=2, matched(1核)=1 (其中重疊=1), drop-out(競爭落敗)=1, 無候選(計入)=27, factor=1.50, min_reach=20.0
2026-07-26 13:14:37,445 - m3_module.m3_dot_detection - INFO - detect_all_dots: 紅點=0, 黑點=0, 涉及細胞=29
2026-07-26 13:14:37,530 - cellpose.dynamics - INFO - No cell pixels found.
2026-07-26 13:14:37,547 - m4_module.cell_crops - INFO - 匯出 19 張 per-cell 影像至 /data/taro_Projects/tsgh/output/r7_run/cell_crops/tile_x11520_y16896/cells
2026-07-26 13:14:37,547 - hybrid_pipeline - INFO - Tile tile_x11520_y16896 完成: 核心擁有 19 細胞 (19 陽性), 0.85 秒
2026-07-26 13:14:37,828 - hybrid_pipeline - INFO - [545/576] 處理 tile: tile_x12288_y16896
2026-07-26 13:14:37,840 - m3_module.m3_cells_generator - INFO - All-positive 標註完成: 0 個細胞
2026-07-26 13:14:37,929 - m3_module.m3_dot_detection - INFO - detect_all_dots: 紅點=0, 黑點=0, 涉及細胞=0
2026-07-26 13:14:37,958 - m4_module.cell_crops - INFO - 匯出 0 張 per-cell 影像至 /data/taro_Projects/tsgh/output/r7_run/cell_crops/tile_x9984_y16896/cells
2026-07-26 13:14:37,958 - hybrid_pipeline - INFO - Tile tile_x9984_y16896 完成: 核心擁有 0 細胞 (0 陽性), 0.68 秒
2026-07-26 13:14:37,958 - hybrid_pipeline - INFO - [546/576] 處理 tile: tile_x14592_y16896
2026-07-26 13:14:37,981 - hybrid_pipeline - INFO - Tile tile_x12288_y16896: 核心遮罩全空 → 空白 placeholder
2026-07-26 13:14:37,999 - hybrid_pipeline - INFO - [547/576] 處理 tile: tile_x16896_y16896
2026-07-26 13:14:38,022 - hybrid_pipeline - INFO - Tile tile_x14592_y16896: 核心遮罩全空 → 空白 placeholder
2026-07-26 13:14:38,038 - hybrid_pipeline - INFO - [548/576] 處理 tile: tile_x16128_y16896
2026-07-26 13:14:38,061 - hybrid_pipeline - INFO - Tile tile_x16896_y16896: 核心遮罩全空 → 空白 placeholder
2026-07-26 13:14:38,076 - hybrid_pipeline - INFO - [549/576] 處理 tile: tile_x13824_y16896
2026-07-26 13:14:38,099 - hybrid_pipeline - INFO - Tile tile_x16128_y16896: 核心遮罩全空 → 空白 placeholder
2026-07-26 13:14:38,114 - hybrid_pipeline - INFO - [550/576] 處理 tile: tile_x13056_y16896
2026-07-26 13:14:38,138 - hybrid_pipeline - INFO - Tile tile_x13824_y16896: 核心遮罩全空 → 空白 placeholder
2026-07-26 13:14:38,151 - hybrid_pipeline - INFO - [551/576] 處理 tile: tile_x17664_y16896
2026-07-26 13:14:38,177 - hybrid_pipeline - INFO - Tile tile_x13056_y16896: 核心遮罩全空 → 空白 placeholder
2026-07-26 13:14:38,187 - hybrid_pipeline - INFO - [552/576] 處理 tile: tile_x15360_y16896
2026-07-26 13:14:38,210 - hybrid_pipeline - INFO - Tile tile_x17664_y16896: 核心遮罩全空 → 空白 placeholder
2026-07-26 13:14:38,224 - hybrid_pipeline - INFO - [553/576] 處理 tile: tile_x0_y17664
2026-07-26 13:14:38,248 - hybrid_pipeline - INFO - Tile tile_x15360_y16896: 核心遮罩全空 → 空白 placeholder
2026-07-26 13:14:38,848 - hybrid_pipeline - INFO - [554/576] 處理 tile: tile_x768_y17664
2026-07-26 13:14:38,879 - m3_module.m3_cells_generator - INFO - All-positive 標註完成: 87 個細胞
2026-07-26 13:14:38,930 - m3_module.m3_cells_generator - INFO - enlarge_cell_instances: 87 顆細胞, factor=1.50(面積), 中位半徑=25.5px, 外擴=5.7px
2026-07-26 13:14:38,964 - m3_module.m3_elastic_matching - INFO - elastic_dish_nucleus_matching(overlap-first): IHC=87, DISH=92, matched(1核)=50 (其中重疊=49), drop-out(競爭落敗)=9, 無候選(計入)=28, factor=1.50, min_reach=20.0
2026-07-26 13:14:39,196 - m3_module.m3_dot_detection - INFO - detect_all_dots: 紅點=57, 黑點=84, 涉及細胞=87
2026-07-26 13:14:39,459 - m4_module.cell_crops - INFO - 匯出 50 張 per-cell 影像至 /data/taro_Projects/tsgh/output/r7_run/cell_crops/tile_x0_y17664/cells
2026-07-26 13:14:39,459 - hybrid_pipeline - INFO - Tile tile_x0_y17664 完成: 核心擁有 50 細胞 (50 陽性), 1.23 秒
2026-07-26 13:14:39,570 - hybrid_pipeline - INFO - [555/576] 處理 tile: tile_x4608_y17664
2026-07-26 13:14:39,599 - m3_module.m3_cells_generator - INFO - All-positive 標註完成: 115 個細胞
2026-07-26 13:14:39,655 - m3_module.m3_cells_generator - INFO - enlarge_cell_instances: 115 顆細胞, factor=1.50(面積), 中位半徑=26.4px, 外擴=5.9px
2026-07-26 13:14:39,686 - m3_module.m3_elastic_matching - INFO - elastic_dish_nucleus_matching(overlap-first): IHC=115, DISH=122, matched(1核)=68 (其中重疊=68), drop-out(競爭落敗)=12, 無候選(計入)=35, factor=1.50, min_reach=20.0
2026-07-26 13:14:39,970 - m3_module.m3_dot_detection - INFO - detect_all_dots: 紅點=73, 黑點=97, 涉及細胞=115
2026-07-26 13:14:40,358 - m4_module.cell_crops - INFO - 匯出 81 張 per-cell 影像至 /data/taro_Projects/tsgh/output/r7_run/cell_crops/tile_x768_y17664/cells
2026-07-26 13:14:40,358 - hybrid_pipeline - INFO - Tile tile_x768_y17664 完成: 核心擁有 81 細胞 (81 陽性), 1.51 秒
2026-07-26 13:14:40,358 - hybrid_pipeline - INFO - [556/576] 處理 tile: tile_x3072_y17664
2026-07-26 13:14:40,382 - m3_module.m3_cells_generator - INFO - All-positive 標註完成: 133 個細胞
2026-07-26 13:14:40,440 - m3_module.m3_cells_generator - INFO - enlarge_cell_instances: 133 顆細胞, factor=1.50(面積), 中位半徑=28.0px, 外擴=6.3px
2026-07-26 13:14:40,469 - m3_module.m3_elastic_matching - INFO - elastic_dish_nucleus_matching(overlap-first): IHC=133, DISH=33, matched(1核)=28 (其中重疊=28), drop-out(競爭落敗)=11, 無候選(計入)=94, factor=1.50, min_reach=20.0
2026-07-26 13:14:40,624 - m3_module.m3_dot_detection - INFO - detect_all_dots: 紅點=25, 黑點=31, 涉及細胞=133
2026-07-26 13:14:41,013 - m4_module.cell_crops - INFO - 匯出 80 張 per-cell 影像至 /data/taro_Projects/tsgh/output/r7_run/cell_crops/tile_x4608_y17664/cells
2026-07-26 13:14:41,013 - hybrid_pipeline - INFO - Tile tile_x4608_y17664 完成: 核心擁有 80 細胞 (80 陽性), 1.44 秒
2026-07-26 13:14:41,013 - hybrid_pipeline - INFO - [557/576] 處理 tile: tile_x1536_y17664
2026-07-26 13:14:41,036 - m3_module.m3_cells_generator - INFO - All-positive 標註完成: 46 個細胞
2026-07-26 13:14:41,077 - m3_module.m3_cells_generator - INFO - enlarge_cell_instances: 46 顆細胞, factor=1.50(面積), 中位半徑=23.4px, 外擴=5.3px
2026-07-26 13:14:41,102 - m3_module.m3_elastic_matching - INFO - elastic_dish_nucleus_matching(overlap-first): IHC=46, DISH=19, matched(1核)=17 (其中重疊=17), drop-out(競爭落敗)=6, 無候選(計入)=23, factor=1.50, min_reach=20.0
2026-07-26 13:14:41,270 - m3_module.m3_dot_detection - INFO - detect_all_dots: 紅點=39, 黑點=51, 涉及細胞=46
2026-07-26 13:14:41,412 - m4_module.cell_crops - INFO - 匯出 22 張 per-cell 影像至 /data/taro_Projects/tsgh/output/r7_run/cell_crops/tile_x3072_y17664/cells
2026-07-26 13:14:41,412 - hybrid_pipeline - INFO - Tile tile_x3072_y17664 完成: 核心擁有 22 細胞 (22 陽性), 1.05 秒
2026-07-26 13:14:41,648 - hybrid_pipeline - INFO - [558/576] 處理 tile: tile_x2304_y17664
2026-07-26 13:14:41,677 - m3_module.m3_cells_generator - INFO - All-positive 標註完成: 61 個細胞
2026-07-26 13:14:41,721 - m3_module.m3_cells_generator - INFO - enlarge_cell_instances: 61 顆細胞, factor=1.50(面積), 中位半徑=29.4px, 外擴=6.6px
2026-07-26 13:14:41,747 - m3_module.m3_elastic_matching - INFO - elastic_dish_nucleus_matching(overlap-first): IHC=61, DISH=62, matched(1核)=39 (其中重疊=39), drop-out(競爭落敗)=7, 無候選(計入)=15, factor=1.50, min_reach=20.0
2026-07-26 13:14:41,899 - m3_module.m3_dot_detection - INFO - detect_all_dots: 紅點=34, 黑點=42, 涉及細胞=61
2026-07-26 13:14:42,100 - m4_module.cell_crops - INFO - 匯出 43 張 per-cell 影像至 /data/taro_Projects/tsgh/output/r7_run/cell_crops/tile_x1536_y17664/cells
2026-07-26 13:14:42,100 - hybrid_pipeline - INFO - Tile tile_x1536_y17664 完成: 核心擁有 43 細胞 (43 陽性), 1.09 秒
2026-07-26 13:14:42,101 - hybrid_pipeline - INFO - [559/576] 處理 tile: tile_x5376_y17664
2026-07-26 13:14:42,125 - hybrid_pipeline - INFO - Tile tile_x2304_y17664: 核心遮罩全空 → 空白 placeholder
2026-07-26 13:14:42,744 - hybrid_pipeline - INFO - [560/576] 處理 tile: tile_x3840_y17664
2026-07-26 13:14:42,774 - m3_module.m3_cells_generator - INFO - All-positive 標註完成: 161 個細胞
2026-07-26 13:14:42,829 - m3_module.m3_cells_generator - INFO - enlarge_cell_instances: 161 顆細胞, factor=1.50(面積), 中位半徑=23.2px, 外擴=5.2px
2026-07-26 13:14:42,864 - m3_module.m3_elastic_matching - INFO - elastic_dish_nucleus_matching(overlap-first): IHC=161, DISH=31, matched(1核)=27 (其中重疊=27), drop-out(競爭落敗)=9, 無候選(計入)=125, factor=1.50, min_reach=20.0
2026-07-26 13:14:43,007 - m3_module.m3_dot_detection - INFO - detect_all_dots: 紅點=24, 黑點=27, 涉及細胞=161
2026-07-26 13:14:43,354 - m4_module.cell_crops - INFO - 匯出 106 張 per-cell 影像至 /data/taro_Projects/tsgh/output/r7_run/cell_crops/tile_x5376_y17664/cells
2026-07-26 13:14:43,355 - hybrid_pipeline - INFO - Tile tile_x5376_y17664 完成: 核心擁有 106 細胞 (106 陽性), 1.25 秒
2026-07-26 13:14:43,421 - hybrid_pipeline - INFO - [561/576] 處理 tile: tile_x6144_y17664
2026-07-26 13:14:43,455 - m3_module.m3_cells_generator - INFO - All-positive 標註完成: 117 個細胞
2026-07-26 13:14:43,509 - m3_module.m3_cells_generator - INFO - enlarge_cell_instances: 117 顆細胞, factor=1.50(面積), 中位半徑=26.6px, 外擴=6.0px
2026-07-26 13:14:43,544 - m3_module.m3_elastic_matching - INFO - elastic_dish_nucleus_matching(overlap-first): IHC=117, DISH=51, matched(1核)=37 (其中重疊=37), drop-out(競爭落敗)=12, 無候選(計入)=68, factor=1.50, min_reach=20.0
2026-07-26 13:14:43,809 - m3_module.m3_dot_detection - INFO - detect_all_dots: 紅點=70, 黑點=98, 涉及細胞=117
2026-07-26 13:14:44,173 - m4_module.cell_crops - INFO - 匯出 76 張 per-cell 影像至 /data/taro_Projects/tsgh/output/r7_run/cell_crops/tile_x3840_y17664/cells
2026-07-26 13:14:44,173 - hybrid_pipeline - INFO - Tile tile_x3840_y17664 完成: 核心擁有 76 細胞 (76 陽性), 1.43 秒
2026-07-26 13:14:44,173 - hybrid_pipeline - INFO - [562/576] 處理 tile: tile_x7680_y17664
2026-07-26 13:14:44,197 - m3_module.m3_cells_generator - INFO - All-positive 標註完成: 72 個細胞
2026-07-26 13:14:44,248 - m3_module.m3_cells_generator - INFO - enlarge_cell_instances: 72 顆細胞, factor=1.50(面積), 中位半徑=21.6px, 外擴=4.9px
2026-07-26 13:14:44,273 - m3_module.m3_elastic_matching - INFO - elastic_dish_nucleus_matching(overlap-first): IHC=72, DISH=15, matched(1核)=12 (其中重疊=12), drop-out(競爭落敗)=1, 無候選(計入)=59, factor=1.50, min_reach=20.0
2026-07-26 13:14:44,369 - m3_module.m3_dot_detection - INFO - detect_all_dots: 紅點=9, 黑點=12, 涉及細胞=72
2026-07-26 13:14:44,576 - m4_module.cell_crops - INFO - 匯出 28 張 per-cell 影像至 /data/taro_Projects/tsgh/output/r7_run/cell_crops/tile_x6144_y17664/cells
2026-07-26 13:14:44,576 - hybrid_pipeline - INFO - Tile tile_x6144_y17664 完成: 核心擁有 28 細胞 (28 陽性), 1.15 秒
2026-07-26 13:14:44,854 - hybrid_pipeline - INFO - [563/576] 處理 tile: tile_x6912_y17664
2026-07-26 13:14:44,883 - m3_module.m3_cells_generator - INFO - All-positive 標註完成: 94 個細胞
2026-07-26 13:14:44,932 - m3_module.m3_cells_generator - INFO - enlarge_cell_instances: 94 顆細胞, factor=1.50(面積), 中位半徑=25.5px, 外擴=5.7px
2026-07-26 13:14:44,962 - m3_module.m3_elastic_matching - INFO - elastic_dish_nucleus_matching(overlap-first): IHC=94, DISH=142, matched(1核)=62 (其中重疊=62), drop-out(競爭落敗)=3, 無候選(計入)=29, factor=1.50, min_reach=20.0
2026-07-26 13:14:45,291 - m3_module.m3_dot_detection - INFO - detect_all_dots: 紅點=96, 黑點=132, 涉及細胞=94
2026-07-26 13:14:45,608 - m4_module.cell_crops - INFO - 匯出 52 張 per-cell 影像至 /data/taro_Projects/tsgh/output/r7_run/cell_crops/tile_x7680_y17664/cells
2026-07-26 13:14:45,608 - hybrid_pipeline - INFO - Tile tile_x7680_y17664 完成: 核心擁有 52 細胞 (52 陽性), 1.43 秒
2026-07-26 13:14:45,608 - hybrid_pipeline - INFO - [564/576] 處理 tile: tile_x11520_y17664
2026-07-26 13:14:45,631 - m3_module.m3_cells_generator - INFO - All-positive 標註完成: 101 個細胞
2026-07-26 13:14:45,684 - m3_module.m3_cells_generator - INFO - enlarge_cell_instances: 101 顆細胞, factor=1.50(面積), 中位半徑=25.0px, 外擴=5.6px
2026-07-26 13:14:45,713 - m3_module.m3_elastic_matching - INFO - elastic_dish_nucleus_matching(overlap-first): IHC=101, DISH=105, matched(1核)=52 (其中重疊=52), drop-out(競爭落敗)=8, 無候選(計入)=41, factor=1.50, min_reach=20.0
2026-07-26 13:14:45,957 - m3_module.m3_dot_detection - INFO - detect_all_dots: 紅點=61, 黑點=83, 涉及細胞=101
2026-07-26 13:14:46,289 - m4_module.cell_crops - INFO - 匯出 71 張 per-cell 影像至 /data/taro_Projects/tsgh/output/r7_run/cell_crops/tile_x6912_y17664/cells
2026-07-26 13:14:46,289 - hybrid_pipeline - INFO - Tile tile_x6912_y17664 完成: 核心擁有 71 細胞 (71 陽性), 1.44 秒
2026-07-26 13:14:46,289 - hybrid_pipeline - INFO - [565/576] 處理 tile: tile_x9984_y17664
2026-07-26 13:14:46,312 - m3_module.m3_cells_generator - INFO - All-positive 標註完成: 31 個細胞
2026-07-26 13:14:46,347 - m3_module.m3_cells_generator - INFO - enlarge_cell_instances: 31 顆細胞, factor=1.50(面積), 中位半徑=17.5px, 外擴=3.9px
2026-07-26 13:14:46,369 - m3_module.m3_elastic_matching - INFO - elastic_dish_nucleus_matching(overlap-first): IHC=31, DISH=1, matched(1核)=0 (其中重疊=0), drop-out(競爭落敗)=0, 無候選(計入)=31, factor=1.50, min_reach=20.0
2026-07-26 13:14:46,438 - m3_module.m3_dot_detection - INFO - detect_all_dots: 紅點=0, 黑點=0, 涉及細胞=31
2026-07-26 13:14:46,514 - m4_module.cell_crops - INFO - 匯出 21 張 per-cell 影像至 /data/taro_Projects/tsgh/output/r7_run/cell_crops/tile_x11520_y17664/cells
2026-07-26 13:14:46,514 - hybrid_pipeline - INFO - Tile tile_x11520_y17664 完成: 核心擁有 21 細胞 (21 陽性), 0.91 秒
2026-07-26 13:14:46,515 - hybrid_pipeline - INFO - [566/576] 處理 tile: tile_x10752_y17664
2026-07-26 13:14:46,540 - hybrid_pipeline - INFO - Tile tile_x9984_y17664: 核心遮罩全空 → 空白 placeholder
2026-07-26 13:14:47,096 - hybrid_pipeline - INFO - [567/576] 處理 tile: tile_x8448_y17664
2026-07-26 13:14:47,130 - m3_module.m3_cells_generator - INFO - All-positive 標註完成: 26 個細胞
2026-07-26 13:14:47,167 - m3_module.m3_cells_generator - INFO - enlarge_cell_instances: 26 顆細胞, factor=1.50(面積), 中位半徑=19.4px, 外擴=4.4px
2026-07-26 13:14:47,190 - m3_module.m3_elastic_matching - INFO - elastic_dish_nucleus_matching(overlap-first): IHC=26, DISH=1, matched(1核)=0 (其中重疊=0), drop-out(競爭落敗)=0, 無候選(計入)=26, factor=1.50, min_reach=20.0
2026-07-26 13:14:47,263 - m3_module.m3_dot_detection - INFO - detect_all_dots: 紅點=0, 黑點=0, 涉及細胞=26
2026-07-26 13:14:47,346 - m4_module.cell_crops - INFO - 匯出 15 張 per-cell 影像至 /data/taro_Projects/tsgh/output/r7_run/cell_crops/tile_x10752_y17664/cells
2026-07-26 13:14:47,346 - hybrid_pipeline - INFO - Tile tile_x10752_y17664 完成: 核心擁有 15 細胞 (15 陽性), 0.83 秒
2026-07-26 13:14:47,717 - hybrid_pipeline - INFO - [568/576] 處理 tile: tile_x9216_y17664
2026-07-26 13:14:47,746 - m3_module.m3_cells_generator - INFO - All-positive 標註完成: 29 個細胞
2026-07-26 13:14:47,783 - m3_module.m3_cells_generator - INFO - enlarge_cell_instances: 29 顆細胞, factor=1.50(面積), 中位半徑=28.5px, 外擴=6.4px
2026-07-26 13:14:47,811 - m3_module.m3_elastic_matching - INFO - elastic_dish_nucleus_matching(overlap-first): IHC=29, DISH=25, matched(1核)=15 (其中重疊=15), drop-out(競爭落敗)=5, 無候選(計入)=9, factor=1.50, min_reach=20.0
2026-07-26 13:14:47,939 - m3_module.m3_dot_detection - INFO - detect_all_dots: 紅點=24, 黑點=36, 涉及細胞=29
2026-07-26 13:14:48,064 - m4_module.cell_crops - INFO - 匯出 20 張 per-cell 影像至 /data/taro_Projects/tsgh/output/r7_run/cell_crops/tile_x8448_y17664/cells
2026-07-26 13:14:48,064 - hybrid_pipeline - INFO - Tile tile_x8448_y17664 完成: 核心擁有 20 細胞 (20 陽性), 0.97 秒
2026-07-26 13:14:48,309 - hybrid_pipeline - INFO - [569/576] 處理 tile: tile_x12288_y17664
2026-07-26 13:14:48,339 - m3_module.m3_cells_generator - INFO - All-positive 標註完成: 5 個細胞
2026-07-26 13:14:48,368 - m3_module.m3_cells_generator - INFO - enlarge_cell_instances: 5 顆細胞, factor=1.50(面積), 中位半徑=38.7px, 外擴=8.7px
2026-07-26 13:14:48,451 - m3_module.m3_dot_detection - INFO - detect_all_dots: 紅點=0, 黑點=0, 涉及細胞=5
2026-07-26 13:14:48,507 - m4_module.cell_crops - INFO - 匯出 5 張 per-cell 影像至 /data/taro_Projects/tsgh/output/r7_run/cell_crops/tile_x9216_y17664/cells
2026-07-26 13:14:48,507 - hybrid_pipeline - INFO - Tile tile_x9216_y17664 完成: 核心擁有 5 細胞 (5 陽性), 0.79 秒
2026-07-26 13:14:48,508 - hybrid_pipeline - INFO - [570/576] 處理 tile: tile_x13824_y17664
2026-07-26 13:14:48,533 - hybrid_pipeline - INFO - Tile tile_x12288_y17664: 核心遮罩全空 → 空白 placeholder
2026-07-26 13:14:49,180 - hybrid_pipeline - INFO - [571/576] 處理 tile: tile_x14592_y17664
2026-07-26 13:14:49,218 - m3_module.m3_cells_generator - INFO - All-positive 標註完成: 7 個細胞
2026-07-26 13:14:49,247 - m3_module.m3_cells_generator - INFO - enlarge_cell_instances: 7 顆細胞, factor=1.50(面積), 中位半徑=18.2px, 外擴=4.1px
2026-07-26 13:14:49,272 - m3_module.m3_elastic_matching - INFO - elastic_dish_nucleus_matching(overlap-first): IHC=7, DISH=218, matched(1核)=5 (其中重疊=5), drop-out(競爭落敗)=0, 無候選(計入)=2, factor=1.50, min_reach=20.0
2026-07-26 13:14:49,341 - m3_module.m3_dot_detection - INFO - detect_all_dots: 紅點=0, 黑點=0, 涉及細胞=7
2026-07-26 13:14:49,409 - m4_module.cell_crops - INFO - 匯出 4 張 per-cell 影像至 /data/taro_Projects/tsgh/output/r7_run/cell_crops/tile_x13824_y17664/cells
2026-07-26 13:14:49,409 - hybrid_pipeline - INFO - Tile tile_x13824_y17664 完成: 核心擁有 4 細胞 (4 陽性), 0.90 秒
2026-07-26 13:14:49,409 - hybrid_pipeline - INFO - [572/576] 處理 tile: tile_x13056_y17664
2026-07-26 13:14:49,437 - hybrid_pipeline - INFO - Tile tile_x14592_y17664: 核心遮罩全空 → 空白 placeholder
2026-07-26 13:14:49,989 - hybrid_pipeline - INFO - [573/576] 處理 tile: tile_x15360_y17664
2026-07-26 13:14:50,019 - m3_module.m3_cells_generator - INFO - All-positive 標註完成: 13 個細胞
2026-07-26 13:14:50,050 - m3_module.m3_cells_generator - INFO - enlarge_cell_instances: 13 顆細胞, factor=1.50(面積), 中位半徑=16.9px, 外擴=3.8px
2026-07-26 13:14:50,134 - m3_module.m3_dot_detection - INFO - detect_all_dots: 紅點=0, 黑點=0, 涉及細胞=13
2026-07-26 13:14:50,185 - m4_module.cell_crops - INFO - 匯出 7 張 per-cell 影像至 /data/taro_Projects/tsgh/output/r7_run/cell_crops/tile_x13056_y17664/cells
2026-07-26 13:14:50,185 - hybrid_pipeline - INFO - Tile tile_x13056_y17664 完成: 核心擁有 7 細胞 (7 陽性), 0.78 秒
2026-07-26 13:14:50,185 - hybrid_pipeline - INFO - [574/576] 處理 tile: tile_x16128_y17664
2026-07-26 13:14:50,215 - hybrid_pipeline - INFO - Tile tile_x15360_y17664: 核心遮罩全空 → 空白 placeholder
2026-07-26 13:14:50,234 - hybrid_pipeline - INFO - [575/576] 處理 tile: tile_x16896_y17664
2026-07-26 13:14:50,259 - hybrid_pipeline - INFO - Tile tile_x16128_y17664: 核心遮罩全空 → 空白 placeholder
2026-07-26 13:14:50,275 - hybrid_pipeline - INFO - [576/576] 處理 tile: tile_x17664_y17664
2026-07-26 13:14:50,300 - hybrid_pipeline - INFO - Tile tile_x16896_y17664: 核心遮罩全空 → 空白 placeholder
2026-07-26 13:14:50,343 - hybrid_pipeline - INFO - Tile tile_x17664_y17664: 核心遮罩全空 → 空白 placeholder
2026-07-26 13:14:50,353 - m4_module.csv - INFO - CSV 匯出完成: report.csv (5686 列)
2026-07-26 13:14:50,353 - m4_module.csv - INFO - Summary 報告輸出: summary.txt (485 valid cells)
2026-07-26 13:14:54,632 - hybrid_pipeline - INFO - overlay_slide.tiff 縫合完成: 18688×18688 px
2026-07-26 13:14:54,663 - hybrid_pipeline - INFO - 批次完成 — run_id=75889e2d | 總計=576 | 成功=137 | 跳過=439
[perf_measure] skip wrap: hybrid_pipeline.segment_masked_dish not found
{
  "label": "candidate_w1_r2",
  "n_tiles": 576,
  "mp_workers": 1,
  "grid": {
    "cols": 24,
    "rows": 24
  },
  "wall": {
    "end_to_end_total_s": 134.883,
    "phaseA_precut_s": 0.004,
    "runbatch_BCD_s": 134.879
  },
  "disk_bytes": {
    "precut_scratch": 0,
    "analysis_output": 7084914503
  },
  "stats": {
    "success": 137,
    "skipped": 439
  },
  "timings": {
    "G_mkdir_other": {
      "n": 468,
      "t": 0.01870157296070829
    },
    "G_mkdir_fixed_outdir": {
      "n": 6,
      "t": 5.5563985370099545e-05
    },
    "init_unet": {
      "n": 1,
      "t": 1.197724953002762
    },
    "init_cellpose_m2": {
      "n": 1,
      "t": 0.6802028170059202
    },
    "init_cellpose_m3b": {
      "n": 1,
      "t": 0.5167376769968541
    },
    "B2r_tile_read": {
      "n": 1152,
      "t": 5.358248604941764
    },
    "B1_unet_coremask": {
      "n": 576,
      "t": 15.97401513173827
    },
    "B4_empty_cache": {
      "n": 576,
      "t": 1.6910810520348605
    },
    "B4_gc_collect": {
      "n": 576,
      "t": 0.5925429959024768
    },
    "B2_png_encode_blank": {
      "n": 1269,
      "t": 8.891261304932414,
      "bytes": 4976595
    },
    "B2_tiff_encode_blank": {
      "n": 1269,
      "t": 0.7988605599530274,
      "bytes": 4316234832
    },
    "F_write_blank_tile": {
      "n": 423,
      "t": 10.088850845961133
    },
    "BM1_apply_mask": {
      "n": 153,
      "t": 1.9080093508964637
    },
    "BM1_overlay_dish": {
      "n": 153,
      "t": 1.4748007290327223
    },
    "BM1_fuse": {
      "n": 153,
      "t": 1.2811329580581514
    },
    "B1_m3b_cellpose": {
      "n": 306,
      "t": 84.26664017095754
    },
    "Bs_clear_edge": {
      "n": 153,
      "t": 2.2492909328866517
    },
    "B3_build_results": {
      "n": 153,
      "t": 4.175881476970972
    },
    "B3_enlarge_cells": {
      "n": 153,
      "t": 6.694073238031706
    },
    "B3_detect_dots": {
      "n": 153,
      "t": 24.488484758985578
    },
    "B3_merge_dots": {
      "n": 153,
      "t": 0.0013842420012224466
    },
    "Bs_filter_absolutize": {
      "n": 153,
      "t": 0.008496093025314622
    },
    "B2_png_encode": {
      "n": 459,
      "t": 25.280404183155042,
      "bytes": 157284098
    },
    "B2_tiff_encode": {
      "n": 459,
      "t": 0.35729079000884667,
      "bytes": 1563797424
    },
    "B2_render_overlay": {
      "n": 153,
      "t": 3.170268313973793
    },
    "B2_percell_crops": {
      "n": 153,
      "t": 1.67067638989829
    },
    "C_export_csv": {
      "n": 1,
      "t": 0.003938786001526751
    },
    "C_export_summary": {
      "n": 1,
      "t": 0.00026309599343221635
    },
    "D_stitch_overlay": {
      "n": 1,
      "t": 4.310321953991661
    }
  },
  "config_hash": "3d1087f2",
  "peak_cuda_reserved_gb": 2.164,
  "peak_rss_gb": 4.371
}
