2026-07-26 13:05:49,344 - hybrid_pipeline - INFO - 批次處理開始 — run_id=6d7d5a8b, config_hash=3d1087f2
2026-07-26 13:05:50,962 - unet_inference - INFO - 成功載入權重: /data/taro_Projects/tsgh/backend/algorithms/hybrid/models/unet/b4/best_model_unet_b4.pth
2026-07-26 13:05:50,977 - unet_inference - INFO - 模型載入完成，設備: cuda
2026-07-26 13:05:51,134 - cellpose.core - INFO - ** TORCH CUDA version installed and working. **
2026-07-26 13:05:51,134 - cellpose.core - INFO - >>>> using GPU (CUDA)
2026-07-26 13:05:51,143 - dinov3 - INFO - using base=100 for rope new
2026-07-26 13:05:51,143 - dinov3 - INFO - using min_period=None for rope new
2026-07-26 13:05:51,143 - dinov3 - INFO - using max_period=None for rope new
2026-07-26 13:05:51,143 - dinov3 - INFO - using normalize_coords=separate for rope new
2026-07-26 13:05:51,143 - dinov3 - INFO - using shift_coords=None for rope new
2026-07-26 13:05:51,143 - dinov3 - INFO - using rescale_coords=2 for rope new
2026-07-26 13:05:51,143 - dinov3 - INFO - using jitter_coords=None for rope new
2026-07-26 13:05:51,143 - dinov3 - INFO - using dtype=fp32 for rope new
2026-07-26 13:05:51,144 - dinov3 - INFO - using mlp layer as FFN
2026-07-26 13:05:51,589 - cellpose.models - INFO - >>>> loading model /data/taro_Projects/tsgh/backend/algorithms/hybrid/models/cellpose/cellpose_ihc_dish_best
2026-07-26 13:05:51,646 - m2_segmentation - INFO - Cellpose 模型載入完成: cellpose_ihc_dish_best (diameter=None)
2026-07-26 13:05:51,646 - cellpose.core - INFO - ** TORCH CUDA version installed and working. **
2026-07-26 13:05:51,646 - cellpose.core - INFO - >>>> using GPU (CUDA)
2026-07-26 13:05:51,653 - dinov3 - INFO - using base=100 for rope new
2026-07-26 13:05:51,653 - dinov3 - INFO - using min_period=None for rope new
2026-07-26 13:05:51,653 - dinov3 - INFO - using max_period=None for rope new
2026-07-26 13:05:51,653 - dinov3 - INFO - using normalize_coords=separate for rope new
2026-07-26 13:05:51,653 - dinov3 - INFO - using shift_coords=None for rope new
2026-07-26 13:05:51,653 - dinov3 - INFO - using rescale_coords=2 for rope new
2026-07-26 13:05:51,653 - dinov3 - INFO - using jitter_coords=None for rope new
2026-07-26 13:05:51,653 - dinov3 - INFO - using dtype=fp32 for rope new
2026-07-26 13:05:51,653 - dinov3 - INFO - using mlp layer as FFN
2026-07-26 13:05:52,092 - cellpose.models - INFO - >>>> loading model /data/taro_Projects/tsgh/backend/algorithms/hybrid/models/cellpose/cellpose_dish_best
2026-07-26 13:05:52,143 - m2_segmentation - INFO - Cellpose 模型載入完成: cellpose_dish_best (diameter=None)
2026-07-26 13:05:55,256 - hybrid_pipeline - INFO - [1/576] 處理 tile: tile_x5376_y0
2026-07-26 13:05:56,611 - hybrid_pipeline - INFO - [2/576] 處理 tile: tile_x3840_y0
2026-07-26 13:05:56,657 - hybrid_pipeline - INFO - Tile tile_x5376_y0: 核心遮罩全空 → 空白 placeholder
2026-07-26 13:05:56,657 - hybrid_pipeline - INFO - [3/576] 處理 tile: tile_x3072_y0
2026-07-26 13:05:56,684 - hybrid_pipeline - INFO - Tile tile_x3840_y0: 核心遮罩全空 → 空白 placeholder
2026-07-26 13:05:56,689 - hybrid_pipeline - INFO - [4/576] 處理 tile: tile_x4608_y0
2026-07-26 13:05:56,713 - hybrid_pipeline - INFO - Tile tile_x3072_y0: 核心遮罩全空 → 空白 placeholder
2026-07-26 13:05:56,721 - hybrid_pipeline - INFO - [5/576] 處理 tile: tile_x2304_y0
2026-07-26 13:05:56,744 - hybrid_pipeline - INFO - Tile tile_x4608_y0: 核心遮罩全空 → 空白 placeholder
2026-07-26 13:05:56,753 - hybrid_pipeline - INFO - [6/576] 處理 tile: tile_x0_y0
2026-07-26 13:05:56,777 - hybrid_pipeline - INFO - Tile tile_x2304_y0: 核心遮罩全空 → 空白 placeholder
2026-07-26 13:05:56,785 - hybrid_pipeline - INFO - [7/576] 處理 tile: tile_x1536_y0
2026-07-26 13:05:56,809 - hybrid_pipeline - INFO - Tile tile_x0_y0: 核心遮罩全空 → 空白 placeholder
2026-07-26 13:05:56,818 - hybrid_pipeline - INFO - [8/576] 處理 tile: tile_x768_y0
2026-07-26 13:05:56,842 - hybrid_pipeline - INFO - Tile tile_x1536_y0: 核心遮罩全空 → 空白 placeholder
2026-07-26 13:05:56,852 - hybrid_pipeline - INFO - [9/576] 處理 tile: tile_x6144_y0
2026-07-26 13:05:56,877 - hybrid_pipeline - INFO - Tile tile_x768_y0: 核心遮罩全空 → 空白 placeholder
2026-07-26 13:05:56,888 - hybrid_pipeline - INFO - [10/576] 處理 tile: tile_x7680_y0
2026-07-26 13:05:56,916 - hybrid_pipeline - INFO - Tile tile_x6144_y0: 核心遮罩全空 → 空白 placeholder
2026-07-26 13:05:56,922 - hybrid_pipeline - INFO - [11/576] 處理 tile: tile_x8448_y0
2026-07-26 13:05:56,946 - hybrid_pipeline - INFO - Tile tile_x7680_y0: 核心遮罩全空 → 空白 placeholder
2026-07-26 13:05:56,956 - hybrid_pipeline - INFO - [12/576] 處理 tile: tile_x6912_y0
2026-07-26 13:05:56,981 - hybrid_pipeline - INFO - Tile tile_x8448_y0: 核心遮罩全空 → 空白 placeholder
2026-07-26 13:05:56,989 - hybrid_pipeline - INFO - [13/576] 處理 tile: tile_x10752_y0
2026-07-26 13:05:57,013 - hybrid_pipeline - INFO - Tile tile_x6912_y0: 核心遮罩全空 → 空白 placeholder
2026-07-26 13:05:57,024 - hybrid_pipeline - INFO - [14/576] 處理 tile: tile_x9984_y0
2026-07-26 13:05:57,047 - hybrid_pipeline - INFO - Tile tile_x10752_y0: 核心遮罩全空 → 空白 placeholder
2026-07-26 13:05:57,057 - hybrid_pipeline - INFO - [15/576] 處理 tile: tile_x9216_y0
2026-07-26 13:05:57,083 - hybrid_pipeline - INFO - Tile tile_x9984_y0: 核心遮罩全空 → 空白 placeholder
2026-07-26 13:05:57,090 - hybrid_pipeline - INFO - [16/576] 處理 tile: tile_x11520_y0
2026-07-26 13:05:57,115 - hybrid_pipeline - INFO - Tile tile_x9216_y0: 核心遮罩全空 → 空白 placeholder
2026-07-26 13:05:57,125 - hybrid_pipeline - INFO - [17/576] 處理 tile: tile_x12288_y0
2026-07-26 13:05:57,149 - hybrid_pipeline - INFO - Tile tile_x11520_y0: 核心遮罩全空 → 空白 placeholder
2026-07-26 13:05:57,161 - hybrid_pipeline - INFO - [18/576] 處理 tile: tile_x15360_y0
2026-07-26 13:05:57,185 - hybrid_pipeline - INFO - Tile tile_x12288_y0: 核心遮罩全空 → 空白 placeholder
2026-07-26 13:05:57,192 - hybrid_pipeline - INFO - [19/576] 處理 tile: tile_x13056_y0
2026-07-26 13:05:57,217 - hybrid_pipeline - INFO - Tile tile_x15360_y0: 核心遮罩全空 → 空白 placeholder
2026-07-26 13:05:57,224 - hybrid_pipeline - INFO - [20/576] 處理 tile: tile_x13824_y0
2026-07-26 13:05:57,249 - hybrid_pipeline - INFO - Tile tile_x13056_y0: 核心遮罩全空 → 空白 placeholder
2026-07-26 13:05:57,256 - hybrid_pipeline - INFO - [21/576] 處理 tile: tile_x16128_y0
2026-07-26 13:05:57,279 - hybrid_pipeline - INFO - Tile tile_x13824_y0: 核心遮罩全空 → 空白 placeholder
2026-07-26 13:05:57,288 - hybrid_pipeline - INFO - [22/576] 處理 tile: tile_x14592_y0
2026-07-26 13:05:57,311 - hybrid_pipeline - INFO - Tile tile_x16128_y0: 核心遮罩全空 → 空白 placeholder
2026-07-26 13:05:57,320 - hybrid_pipeline - INFO - [23/576] 處理 tile: tile_x17664_y0
2026-07-26 13:05:57,344 - hybrid_pipeline - INFO - Tile tile_x14592_y0: 核心遮罩全空 → 空白 placeholder
2026-07-26 13:05:57,352 - hybrid_pipeline - INFO - [24/576] 處理 tile: tile_x16896_y0
2026-07-26 13:05:57,376 - hybrid_pipeline - INFO - Tile tile_x17664_y0: 核心遮罩全空 → 空白 placeholder
2026-07-26 13:05:57,385 - hybrid_pipeline - INFO - [25/576] 處理 tile: tile_x0_y768
2026-07-26 13:05:57,408 - hybrid_pipeline - INFO - Tile tile_x16896_y0: 核心遮罩全空 → 空白 placeholder
2026-07-26 13:05:57,417 - hybrid_pipeline - INFO - [26/576] 處理 tile: tile_x768_y768
2026-07-26 13:05:57,440 - hybrid_pipeline - INFO - Tile tile_x0_y768: 核心遮罩全空 → 空白 placeholder
2026-07-26 13:05:57,450 - hybrid_pipeline - INFO - [27/576] 處理 tile: tile_x5376_y768
2026-07-26 13:05:57,473 - hybrid_pipeline - INFO - Tile tile_x768_y768: 核心遮罩全空 → 空白 placeholder
2026-07-26 13:05:57,483 - hybrid_pipeline - INFO - [28/576] 處理 tile: tile_x3840_y768
2026-07-26 13:05:57,506 - hybrid_pipeline - INFO - Tile tile_x5376_y768: 核心遮罩全空 → 空白 placeholder
2026-07-26 13:05:57,516 - hybrid_pipeline - INFO - [29/576] 處理 tile: tile_x1536_y768
2026-07-26 13:05:57,540 - hybrid_pipeline - INFO - Tile tile_x3840_y768: 核心遮罩全空 → 空白 placeholder
2026-07-26 13:05:57,548 - hybrid_pipeline - INFO - [30/576] 處理 tile: tile_x4608_y768
2026-07-26 13:05:57,571 - hybrid_pipeline - INFO - Tile tile_x1536_y768: 核心遮罩全空 → 空白 placeholder
2026-07-26 13:05:57,581 - hybrid_pipeline - INFO - [31/576] 處理 tile: tile_x2304_y768
2026-07-26 13:05:57,604 - hybrid_pipeline - INFO - Tile tile_x4608_y768: 核心遮罩全空 → 空白 placeholder
2026-07-26 13:05:57,613 - hybrid_pipeline - INFO - [32/576] 處理 tile: tile_x3072_y768
2026-07-26 13:05:57,642 - hybrid_pipeline - INFO - Tile tile_x2304_y768: 核心遮罩全空 → 空白 placeholder
2026-07-26 13:05:57,646 - hybrid_pipeline - INFO - [33/576] 處理 tile: tile_x6144_y768
2026-07-26 13:05:57,672 - hybrid_pipeline - INFO - Tile tile_x3072_y768: 核心遮罩全空 → 空白 placeholder
2026-07-26 13:05:57,681 - hybrid_pipeline - INFO - [34/576] 處理 tile: tile_x6912_y768
2026-07-26 13:05:57,704 - hybrid_pipeline - INFO - Tile tile_x6144_y768: 核心遮罩全空 → 空白 placeholder
2026-07-26 13:05:57,712 - hybrid_pipeline - INFO - [35/576] 處理 tile: tile_x8448_y768
2026-07-26 13:05:57,735 - hybrid_pipeline - INFO - Tile tile_x6912_y768: 核心遮罩全空 → 空白 placeholder
2026-07-26 13:05:57,747 - hybrid_pipeline - INFO - [36/576] 處理 tile: tile_x7680_y768
2026-07-26 13:05:57,770 - hybrid_pipeline - INFO - Tile tile_x8448_y768: 核心遮罩全空 → 空白 placeholder
2026-07-26 13:05:57,782 - hybrid_pipeline - INFO - [37/576] 處理 tile: tile_x9984_y768
2026-07-26 13:05:57,805 - hybrid_pipeline - INFO - Tile tile_x7680_y768: 核心遮罩全空 → 空白 placeholder
2026-07-26 13:05:57,814 - hybrid_pipeline - INFO - [38/576] 處理 tile: tile_x9216_y768
2026-07-26 13:05:57,838 - hybrid_pipeline - INFO - Tile tile_x9984_y768: 核心遮罩全空 → 空白 placeholder
2026-07-26 13:05:57,847 - hybrid_pipeline - INFO - [39/576] 處理 tile: tile_x10752_y768
2026-07-26 13:05:57,870 - hybrid_pipeline - INFO - Tile tile_x9216_y768: 核心遮罩全空 → 空白 placeholder
2026-07-26 13:05:57,880 - hybrid_pipeline - INFO - [40/576] 處理 tile: tile_x11520_y768
2026-07-26 13:05:57,903 - hybrid_pipeline - INFO - Tile tile_x10752_y768: 核心遮罩全空 → 空白 placeholder
2026-07-26 13:05:57,912 - hybrid_pipeline - INFO - [41/576] 處理 tile: tile_x12288_y768
2026-07-26 13:05:57,935 - hybrid_pipeline - INFO - Tile tile_x11520_y768: 核心遮罩全空 → 空白 placeholder
2026-07-26 13:05:57,944 - hybrid_pipeline - INFO - [42/576] 處理 tile: tile_x13056_y768
2026-07-26 13:05:57,968 - hybrid_pipeline - INFO - Tile tile_x12288_y768: 核心遮罩全空 → 空白 placeholder
2026-07-26 13:05:57,976 - hybrid_pipeline - INFO - [43/576] 處理 tile: tile_x13824_y768
2026-07-26 13:05:57,999 - hybrid_pipeline - INFO - Tile tile_x13056_y768: 核心遮罩全空 → 空白 placeholder
2026-07-26 13:05:58,007 - hybrid_pipeline - INFO - [44/576] 處理 tile: tile_x14592_y768
2026-07-26 13:05:58,031 - hybrid_pipeline - INFO - Tile tile_x13824_y768: 核心遮罩全空 → 空白 placeholder
2026-07-26 13:05:58,039 - hybrid_pipeline - INFO - [45/576] 處理 tile: tile_x15360_y768
2026-07-26 13:05:58,062 - hybrid_pipeline - INFO - Tile tile_x14592_y768: 核心遮罩全空 → 空白 placeholder
2026-07-26 13:05:58,071 - hybrid_pipeline - INFO - [46/576] 處理 tile: tile_x16128_y768
2026-07-26 13:05:58,094 - hybrid_pipeline - INFO - Tile tile_x15360_y768: 核心遮罩全空 → 空白 placeholder
2026-07-26 13:05:58,103 - hybrid_pipeline - INFO - [47/576] 處理 tile: tile_x16896_y768
2026-07-26 13:05:58,126 - hybrid_pipeline - INFO - Tile tile_x16128_y768: 核心遮罩全空 → 空白 placeholder
2026-07-26 13:05:58,135 - hybrid_pipeline - INFO - [48/576] 處理 tile: tile_x17664_y768
2026-07-26 13:05:58,158 - hybrid_pipeline - INFO - Tile tile_x16896_y768: 核心遮罩全空 → 空白 placeholder
2026-07-26 13:05:58,167 - hybrid_pipeline - INFO - [49/576] 處理 tile: tile_x0_y1536
2026-07-26 13:05:58,190 - hybrid_pipeline - INFO - Tile tile_x17664_y768: 核心遮罩全空 → 空白 placeholder
2026-07-26 13:05:58,199 - hybrid_pipeline - INFO - [50/576] 處理 tile: tile_x768_y1536
2026-07-26 13:05:58,222 - hybrid_pipeline - INFO - Tile tile_x0_y1536: 核心遮罩全空 → 空白 placeholder
2026-07-26 13:05:58,231 - hybrid_pipeline - INFO - [51/576] 處理 tile: tile_x1536_y1536
2026-07-26 13:05:58,254 - hybrid_pipeline - INFO - Tile tile_x768_y1536: 核心遮罩全空 → 空白 placeholder
2026-07-26 13:05:58,263 - hybrid_pipeline - INFO - [52/576] 處理 tile: tile_x2304_y1536
2026-07-26 13:05:58,286 - hybrid_pipeline - INFO - Tile tile_x1536_y1536: 核心遮罩全空 → 空白 placeholder
2026-07-26 13:05:58,294 - hybrid_pipeline - INFO - [53/576] 處理 tile: tile_x3072_y1536
2026-07-26 13:05:58,318 - hybrid_pipeline - INFO - Tile tile_x2304_y1536: 核心遮罩全空 → 空白 placeholder
2026-07-26 13:05:58,327 - hybrid_pipeline - INFO - [54/576] 處理 tile: tile_x3840_y1536
2026-07-26 13:05:58,351 - hybrid_pipeline - INFO - Tile tile_x3072_y1536: 核心遮罩全空 → 空白 placeholder
2026-07-26 13:05:58,360 - hybrid_pipeline - INFO - [55/576] 處理 tile: tile_x5376_y1536
2026-07-26 13:05:58,383 - hybrid_pipeline - INFO - Tile tile_x3840_y1536: 核心遮罩全空 → 空白 placeholder
2026-07-26 13:05:58,392 - hybrid_pipeline - INFO - [56/576] 處理 tile: tile_x4608_y1536
2026-07-26 13:05:58,415 - hybrid_pipeline - INFO - Tile tile_x5376_y1536: 核心遮罩全空 → 空白 placeholder
2026-07-26 13:05:58,423 - hybrid_pipeline - INFO - [57/576] 處理 tile: tile_x6144_y1536
2026-07-26 13:05:58,446 - hybrid_pipeline - INFO - Tile tile_x4608_y1536: 核心遮罩全空 → 空白 placeholder
2026-07-26 13:05:58,455 - hybrid_pipeline - INFO - [58/576] 處理 tile: tile_x6912_y1536
2026-07-26 13:05:58,479 - hybrid_pipeline - INFO - Tile tile_x6144_y1536: 核心遮罩全空 → 空白 placeholder
2026-07-26 13:05:58,487 - hybrid_pipeline - INFO - [59/576] 處理 tile: tile_x7680_y1536
2026-07-26 13:05:58,511 - hybrid_pipeline - INFO - Tile tile_x6912_y1536: 核心遮罩全空 → 空白 placeholder
2026-07-26 13:05:58,521 - hybrid_pipeline - INFO - [60/576] 處理 tile: tile_x8448_y1536
2026-07-26 13:05:58,546 - hybrid_pipeline - INFO - Tile tile_x7680_y1536: 核心遮罩全空 → 空白 placeholder
2026-07-26 13:05:58,554 - hybrid_pipeline - INFO - [61/576] 處理 tile: tile_x9216_y1536
2026-07-26 13:05:58,577 - hybrid_pipeline - INFO - Tile tile_x8448_y1536: 核心遮罩全空 → 空白 placeholder
2026-07-26 13:05:58,590 - hybrid_pipeline - INFO - [62/576] 處理 tile: tile_x9984_y1536
2026-07-26 13:05:58,613 - hybrid_pipeline - INFO - Tile tile_x9216_y1536: 核心遮罩全空 → 空白 placeholder
2026-07-26 13:05:58,623 - hybrid_pipeline - INFO - [63/576] 處理 tile: tile_x10752_y1536
2026-07-26 13:05:58,646 - hybrid_pipeline - INFO - Tile tile_x9984_y1536: 核心遮罩全空 → 空白 placeholder
2026-07-26 13:05:58,656 - hybrid_pipeline - INFO - [64/576] 處理 tile: tile_x12288_y1536
2026-07-26 13:05:58,678 - hybrid_pipeline - INFO - Tile tile_x10752_y1536: 核心遮罩全空 → 空白 placeholder
2026-07-26 13:05:58,687 - hybrid_pipeline - INFO - [65/576] 處理 tile: tile_x11520_y1536
2026-07-26 13:05:58,712 - hybrid_pipeline - INFO - Tile tile_x12288_y1536: 核心遮罩全空 → 空白 placeholder
2026-07-26 13:05:58,722 - hybrid_pipeline - INFO - [66/576] 處理 tile: tile_x13056_y1536
2026-07-26 13:05:58,747 - hybrid_pipeline - INFO - Tile tile_x11520_y1536: 核心遮罩全空 → 空白 placeholder
2026-07-26 13:05:58,754 - hybrid_pipeline - INFO - [67/576] 處理 tile: tile_x13824_y1536
2026-07-26 13:05:58,778 - hybrid_pipeline - INFO - Tile tile_x13056_y1536: 核心遮罩全空 → 空白 placeholder
2026-07-26 13:05:58,786 - hybrid_pipeline - INFO - [68/576] 處理 tile: tile_x14592_y1536
2026-07-26 13:05:58,809 - hybrid_pipeline - INFO - Tile tile_x13824_y1536: 核心遮罩全空 → 空白 placeholder
2026-07-26 13:05:58,818 - hybrid_pipeline - INFO - [69/576] 處理 tile: tile_x15360_y1536
2026-07-26 13:05:58,842 - hybrid_pipeline - INFO - Tile tile_x14592_y1536: 核心遮罩全空 → 空白 placeholder
2026-07-26 13:05:58,852 - hybrid_pipeline - INFO - [70/576] 處理 tile: tile_x16128_y1536
2026-07-26 13:05:58,877 - hybrid_pipeline - INFO - Tile tile_x15360_y1536: 核心遮罩全空 → 空白 placeholder
2026-07-26 13:05:58,891 - hybrid_pipeline - INFO - [71/576] 處理 tile: tile_x16896_y1536
2026-07-26 13:05:58,915 - hybrid_pipeline - INFO - Tile tile_x16128_y1536: 核心遮罩全空 → 空白 placeholder
2026-07-26 13:05:58,925 - hybrid_pipeline - INFO - [72/576] 處理 tile: tile_x17664_y1536
2026-07-26 13:05:58,948 - hybrid_pipeline - INFO - Tile tile_x16896_y1536: 核心遮罩全空 → 空白 placeholder
2026-07-26 13:05:58,959 - hybrid_pipeline - INFO - [73/576] 處理 tile: tile_x0_y2304
2026-07-26 13:05:58,982 - hybrid_pipeline - INFO - Tile tile_x17664_y1536: 核心遮罩全空 → 空白 placeholder
2026-07-26 13:05:58,991 - hybrid_pipeline - INFO - [74/576] 處理 tile: tile_x768_y2304
2026-07-26 13:05:59,014 - hybrid_pipeline - INFO - Tile tile_x0_y2304: 核心遮罩全空 → 空白 placeholder
2026-07-26 13:05:59,022 - hybrid_pipeline - INFO - [75/576] 處理 tile: tile_x3072_y2304
2026-07-26 13:05:59,047 - hybrid_pipeline - INFO - Tile tile_x768_y2304: 核心遮罩全空 → 空白 placeholder
2026-07-26 13:05:59,055 - hybrid_pipeline - INFO - [76/576] 處理 tile: tile_x1536_y2304
2026-07-26 13:05:59,079 - hybrid_pipeline - INFO - Tile tile_x3072_y2304: 核心遮罩全空 → 空白 placeholder
2026-07-26 13:05:59,088 - hybrid_pipeline - INFO - [77/576] 處理 tile: tile_x2304_y2304
2026-07-26 13:05:59,111 - hybrid_pipeline - INFO - Tile tile_x1536_y2304: 核心遮罩全空 → 空白 placeholder
2026-07-26 13:05:59,119 - hybrid_pipeline - INFO - [78/576] 處理 tile: tile_x3840_y2304
2026-07-26 13:05:59,143 - hybrid_pipeline - INFO - Tile tile_x2304_y2304: 核心遮罩全空 → 空白 placeholder
2026-07-26 13:05:59,151 - hybrid_pipeline - INFO - [79/576] 處理 tile: tile_x5376_y2304
2026-07-26 13:05:59,174 - hybrid_pipeline - INFO - Tile tile_x3840_y2304: 核心遮罩全空 → 空白 placeholder
2026-07-26 13:05:59,185 - hybrid_pipeline - INFO - [80/576] 處理 tile: tile_x4608_y2304
2026-07-26 13:05:59,208 - hybrid_pipeline - INFO - Tile tile_x5376_y2304: 核心遮罩全空 → 空白 placeholder
2026-07-26 13:05:59,217 - hybrid_pipeline - INFO - [81/576] 處理 tile: tile_x6144_y2304
2026-07-26 13:05:59,241 - hybrid_pipeline - INFO - Tile tile_x4608_y2304: 核心遮罩全空 → 空白 placeholder
2026-07-26 13:05:59,249 - hybrid_pipeline - INFO - [82/576] 處理 tile: tile_x6912_y2304
2026-07-26 13:05:59,272 - hybrid_pipeline - INFO - Tile tile_x6144_y2304: 核心遮罩全空 → 空白 placeholder
2026-07-26 13:05:59,280 - hybrid_pipeline - INFO - [83/576] 處理 tile: tile_x9216_y2304
2026-07-26 13:05:59,304 - hybrid_pipeline - INFO - Tile tile_x6912_y2304: 核心遮罩全空 → 空白 placeholder
2026-07-26 13:05:59,312 - hybrid_pipeline - INFO - [84/576] 處理 tile: tile_x9984_y2304
2026-07-26 13:05:59,335 - hybrid_pipeline - INFO - Tile tile_x9216_y2304: 核心遮罩全空 → 空白 placeholder
2026-07-26 13:05:59,345 - hybrid_pipeline - INFO - [85/576] 處理 tile: tile_x7680_y2304
2026-07-26 13:05:59,370 - hybrid_pipeline - INFO - Tile tile_x9984_y2304: 核心遮罩全空 → 空白 placeholder
2026-07-26 13:05:59,377 - hybrid_pipeline - INFO - [86/576] 處理 tile: tile_x8448_y2304
2026-07-26 13:05:59,402 - hybrid_pipeline - INFO - Tile tile_x7680_y2304: 核心遮罩全空 → 空白 placeholder
2026-07-26 13:05:59,411 - hybrid_pipeline - INFO - [87/576] 處理 tile: tile_x11520_y2304
2026-07-26 13:05:59,434 - hybrid_pipeline - INFO - Tile tile_x8448_y2304: 核心遮罩全空 → 空白 placeholder
2026-07-26 13:05:59,443 - hybrid_pipeline - INFO - [88/576] 處理 tile: tile_x10752_y2304
2026-07-26 13:05:59,466 - hybrid_pipeline - INFO - Tile tile_x11520_y2304: 核心遮罩全空 → 空白 placeholder
2026-07-26 13:05:59,475 - hybrid_pipeline - INFO - [89/576] 處理 tile: tile_x12288_y2304
2026-07-26 13:05:59,499 - hybrid_pipeline - INFO - Tile tile_x10752_y2304: 核心遮罩全空 → 空白 placeholder
2026-07-26 13:05:59,508 - hybrid_pipeline - INFO - [90/576] 處理 tile: tile_x13056_y2304
2026-07-26 13:05:59,531 - hybrid_pipeline - INFO - Tile tile_x12288_y2304: 核心遮罩全空 → 空白 placeholder
2026-07-26 13:05:59,541 - hybrid_pipeline - INFO - [91/576] 處理 tile: tile_x13824_y2304
2026-07-26 13:05:59,565 - hybrid_pipeline - INFO - Tile tile_x13056_y2304: 核心遮罩全空 → 空白 placeholder
2026-07-26 13:05:59,574 - hybrid_pipeline - INFO - [92/576] 處理 tile: tile_x14592_y2304
2026-07-26 13:05:59,598 - hybrid_pipeline - INFO - Tile tile_x13824_y2304: 核心遮罩全空 → 空白 placeholder
2026-07-26 13:05:59,607 - hybrid_pipeline - INFO - [93/576] 處理 tile: tile_x16128_y2304
2026-07-26 13:05:59,631 - hybrid_pipeline - INFO - Tile tile_x14592_y2304: 核心遮罩全空 → 空白 placeholder
2026-07-26 13:05:59,640 - hybrid_pipeline - INFO - [94/576] 處理 tile: tile_x16896_y2304
2026-07-26 13:05:59,663 - hybrid_pipeline - INFO - Tile tile_x16128_y2304: 核心遮罩全空 → 空白 placeholder
2026-07-26 13:05:59,674 - hybrid_pipeline - INFO - [95/576] 處理 tile: tile_x17664_y2304
2026-07-26 13:05:59,697 - hybrid_pipeline - INFO - Tile tile_x16896_y2304: 核心遮罩全空 → 空白 placeholder
2026-07-26 13:05:59,705 - hybrid_pipeline - INFO - [96/576] 處理 tile: tile_x15360_y2304
2026-07-26 13:05:59,729 - hybrid_pipeline - INFO - Tile tile_x17664_y2304: 核心遮罩全空 → 空白 placeholder
2026-07-26 13:05:59,738 - hybrid_pipeline - INFO - [97/576] 處理 tile: tile_x0_y3072
2026-07-26 13:05:59,761 - hybrid_pipeline - INFO - Tile tile_x15360_y2304: 核心遮罩全空 → 空白 placeholder
2026-07-26 13:05:59,770 - hybrid_pipeline - INFO - [98/576] 處理 tile: tile_x768_y3072
2026-07-26 13:05:59,794 - hybrid_pipeline - INFO - Tile tile_x0_y3072: 核心遮罩全空 → 空白 placeholder
2026-07-26 13:05:59,802 - hybrid_pipeline - INFO - [99/576] 處理 tile: tile_x1536_y3072
2026-07-26 13:05:59,825 - hybrid_pipeline - INFO - Tile tile_x768_y3072: 核心遮罩全空 → 空白 placeholder
2026-07-26 13:05:59,834 - hybrid_pipeline - INFO - [100/576] 處理 tile: tile_x2304_y3072
2026-07-26 13:05:59,859 - hybrid_pipeline - INFO - Tile tile_x1536_y3072: 核心遮罩全空 → 空白 placeholder
2026-07-26 13:05:59,866 - hybrid_pipeline - INFO - [101/576] 處理 tile: tile_x3072_y3072
2026-07-26 13:05:59,892 - hybrid_pipeline - INFO - Tile tile_x2304_y3072: 核心遮罩全空 → 空白 placeholder
2026-07-26 13:05:59,901 - hybrid_pipeline - INFO - [102/576] 處理 tile: tile_x3840_y3072
2026-07-26 13:05:59,925 - hybrid_pipeline - INFO - Tile tile_x3072_y3072: 核心遮罩全空 → 空白 placeholder
2026-07-26 13:05:59,933 - hybrid_pipeline - INFO - [103/576] 處理 tile: tile_x4608_y3072
2026-07-26 13:05:59,957 - hybrid_pipeline - INFO - Tile tile_x3840_y3072: 核心遮罩全空 → 空白 placeholder
2026-07-26 13:05:59,968 - hybrid_pipeline - INFO - [104/576] 處理 tile: tile_x5376_y3072
2026-07-26 13:05:59,992 - hybrid_pipeline - INFO - Tile tile_x4608_y3072: 核心遮罩全空 → 空白 placeholder
2026-07-26 13:06:00,003 - hybrid_pipeline - INFO - [105/576] 處理 tile: tile_x6912_y3072
2026-07-26 13:06:00,027 - hybrid_pipeline - INFO - Tile tile_x5376_y3072: 核心遮罩全空 → 空白 placeholder
2026-07-26 13:06:00,035 - hybrid_pipeline - INFO - [106/576] 處理 tile: tile_x6144_y3072
2026-07-26 13:06:00,059 - hybrid_pipeline - INFO - Tile tile_x6912_y3072: 核心遮罩全空 → 空白 placeholder
2026-07-26 13:06:00,068 - hybrid_pipeline - INFO - [107/576] 處理 tile: tile_x7680_y3072
2026-07-26 13:06:00,092 - hybrid_pipeline - INFO - Tile tile_x6144_y3072: 核心遮罩全空 → 空白 placeholder
2026-07-26 13:06:00,101 - hybrid_pipeline - INFO - [108/576] 處理 tile: tile_x8448_y3072
2026-07-26 13:06:00,125 - hybrid_pipeline - INFO - Tile tile_x7680_y3072: 核心遮罩全空 → 空白 placeholder
2026-07-26 13:06:00,133 - hybrid_pipeline - INFO - [109/576] 處理 tile: tile_x9984_y3072
2026-07-26 13:06:00,156 - hybrid_pipeline - INFO - Tile tile_x8448_y3072: 核心遮罩全空 → 空白 placeholder
2026-07-26 13:06:00,166 - hybrid_pipeline - INFO - [110/576] 處理 tile: tile_x9216_y3072
2026-07-26 13:06:00,190 - hybrid_pipeline - INFO - Tile tile_x9984_y3072: 核心遮罩全空 → 空白 placeholder
2026-07-26 13:06:00,197 - hybrid_pipeline - INFO - [111/576] 處理 tile: tile_x10752_y3072
2026-07-26 13:06:00,221 - hybrid_pipeline - INFO - Tile tile_x9216_y3072: 核心遮罩全空 → 空白 placeholder
2026-07-26 13:06:00,230 - hybrid_pipeline - INFO - [112/576] 處理 tile: tile_x11520_y3072
2026-07-26 13:06:00,253 - hybrid_pipeline - INFO - Tile tile_x10752_y3072: 核心遮罩全空 → 空白 placeholder
2026-07-26 13:06:00,262 - hybrid_pipeline - INFO - [113/576] 處理 tile: tile_x12288_y3072
2026-07-26 13:06:00,286 - hybrid_pipeline - INFO - Tile tile_x11520_y3072: 核心遮罩全空 → 空白 placeholder
2026-07-26 13:06:00,295 - hybrid_pipeline - INFO - [114/576] 處理 tile: tile_x13056_y3072
2026-07-26 13:06:00,318 - hybrid_pipeline - INFO - Tile tile_x12288_y3072: 核心遮罩全空 → 空白 placeholder
2026-07-26 13:06:00,328 - hybrid_pipeline - INFO - [115/576] 處理 tile: tile_x13824_y3072
2026-07-26 13:06:00,351 - hybrid_pipeline - INFO - Tile tile_x13056_y3072: 核心遮罩全空 → 空白 placeholder
2026-07-26 13:06:00,362 - hybrid_pipeline - INFO - [116/576] 處理 tile: tile_x14592_y3072
2026-07-26 13:06:00,384 - hybrid_pipeline - INFO - Tile tile_x13824_y3072: 核心遮罩全空 → 空白 placeholder
2026-07-26 13:06:00,394 - hybrid_pipeline - INFO - [117/576] 處理 tile: tile_x16128_y3072
2026-07-26 13:06:00,418 - hybrid_pipeline - INFO - Tile tile_x14592_y3072: 核心遮罩全空 → 空白 placeholder
2026-07-26 13:06:00,426 - hybrid_pipeline - INFO - [118/576] 處理 tile: tile_x16896_y3072
2026-07-26 13:06:00,449 - hybrid_pipeline - INFO - Tile tile_x16128_y3072: 核心遮罩全空 → 空白 placeholder
2026-07-26 13:06:00,458 - hybrid_pipeline - INFO - [119/576] 處理 tile: tile_x15360_y3072
2026-07-26 13:06:00,481 - hybrid_pipeline - INFO - Tile tile_x16896_y3072: 核心遮罩全空 → 空白 placeholder
2026-07-26 13:06:01,380 - hybrid_pipeline - INFO - [120/576] 處理 tile: tile_x17664_y3072
2026-07-26 13:06:01,405 - m3_module.m3_cells_generator - INFO - All-positive 標註完成: 3 個細胞
2026-07-26 13:06:01,438 - m3_module.m3_cells_generator - INFO - enlarge_cell_instances: 3 顆細胞, factor=1.50(面積), 中位半徑=18.4px, 外擴=4.1px
2026-07-26 13:06:01,566 - m3_module.m3_dot_detection - INFO - detect_all_dots: 紅點=0, 黑點=0, 涉及細胞=3
2026-07-26 13:06:01,607 - m4_module.cell_crops - INFO - 匯出 1 張 per-cell 影像至 /data/taro_Projects/tsgh/output/r7_run/cell_crops/tile_x15360_y3072/cells
2026-07-26 13:06:01,607 - hybrid_pipeline - INFO - Tile tile_x15360_y3072 完成: 核心擁有 1 細胞 (1 陽性), 1.15 秒
2026-07-26 13:06:01,607 - hybrid_pipeline - INFO - [121/576] 處理 tile: tile_x0_y3840
2026-07-26 13:06:01,630 - hybrid_pipeline - INFO - Tile tile_x17664_y3072: 核心遮罩全空 → 空白 placeholder
2026-07-26 13:06:01,643 - hybrid_pipeline - INFO - [122/576] 處理 tile: tile_x768_y3840
2026-07-26 13:06:01,668 - hybrid_pipeline - INFO - Tile tile_x0_y3840: 核心遮罩全空 → 空白 placeholder
2026-07-26 13:06:01,680 - hybrid_pipeline - INFO - [123/576] 處理 tile: tile_x1536_y3840
2026-07-26 13:06:01,704 - hybrid_pipeline - INFO - Tile tile_x768_y3840: 核心遮罩全空 → 空白 placeholder
2026-07-26 13:06:01,714 - hybrid_pipeline - INFO - [124/576] 處理 tile: tile_x2304_y3840
2026-07-26 13:06:01,738 - hybrid_pipeline - INFO - Tile tile_x1536_y3840: 核心遮罩全空 → 空白 placeholder
2026-07-26 13:06:01,749 - hybrid_pipeline - INFO - [125/576] 處理 tile: tile_x5376_y3840
2026-07-26 13:06:01,773 - hybrid_pipeline - INFO - Tile tile_x2304_y3840: 核心遮罩全空 → 空白 placeholder
2026-07-26 13:06:01,787 - hybrid_pipeline - INFO - [126/576] 處理 tile: tile_x3840_y3840
2026-07-26 13:06:01,813 - hybrid_pipeline - INFO - Tile tile_x5376_y3840: 核心遮罩全空 → 空白 placeholder
2026-07-26 13:06:01,820 - hybrid_pipeline - INFO - [127/576] 處理 tile: tile_x3072_y3840
2026-07-26 13:06:01,846 - hybrid_pipeline - INFO - Tile tile_x3840_y3840: 核心遮罩全空 → 空白 placeholder
2026-07-26 13:06:01,854 - hybrid_pipeline - INFO - [128/576] 處理 tile: tile_x4608_y3840
2026-07-26 13:06:01,884 - hybrid_pipeline - INFO - Tile tile_x3072_y3840: 核心遮罩全空 → 空白 placeholder
2026-07-26 13:06:01,887 - hybrid_pipeline - INFO - [129/576] 處理 tile: tile_x6144_y3840
2026-07-26 13:06:01,911 - hybrid_pipeline - INFO - Tile tile_x4608_y3840: 核心遮罩全空 → 空白 placeholder
2026-07-26 13:06:01,919 - hybrid_pipeline - INFO - [130/576] 處理 tile: tile_x6912_y3840
2026-07-26 13:06:01,942 - hybrid_pipeline - INFO - Tile tile_x6144_y3840: 核心遮罩全空 → 空白 placeholder
2026-07-26 13:06:01,953 - hybrid_pipeline - INFO - [131/576] 處理 tile: tile_x7680_y3840
2026-07-26 13:06:01,976 - hybrid_pipeline - INFO - Tile tile_x6912_y3840: 核心遮罩全空 → 空白 placeholder
2026-07-26 13:06:01,986 - hybrid_pipeline - INFO - [132/576] 處理 tile: tile_x11520_y3840
2026-07-26 13:06:02,008 - hybrid_pipeline - INFO - Tile tile_x7680_y3840: 核心遮罩全空 → 空白 placeholder
2026-07-26 13:06:02,023 - hybrid_pipeline - INFO - [133/576] 處理 tile: tile_x10752_y3840
2026-07-26 13:06:02,049 - hybrid_pipeline - INFO - Tile tile_x11520_y3840: 核心遮罩全空 → 空白 placeholder
2026-07-26 13:06:02,055 - hybrid_pipeline - INFO - [134/576] 處理 tile: tile_x8448_y3840
2026-07-26 13:06:02,079 - hybrid_pipeline - INFO - Tile tile_x10752_y3840: 核心遮罩全空 → 空白 placeholder
2026-07-26 13:06:02,089 - hybrid_pipeline - INFO - [135/576] 處理 tile: tile_x9984_y3840
2026-07-26 13:06:02,113 - hybrid_pipeline - INFO - Tile tile_x8448_y3840: 核心遮罩全空 → 空白 placeholder
2026-07-26 13:06:02,122 - hybrid_pipeline - INFO - [136/576] 處理 tile: tile_x9216_y3840
2026-07-26 13:06:02,152 - hybrid_pipeline - INFO - Tile tile_x9984_y3840: 核心遮罩全空 → 空白 placeholder
2026-07-26 13:06:02,154 - hybrid_pipeline - INFO - [137/576] 處理 tile: tile_x12288_y3840
2026-07-26 13:06:02,178 - hybrid_pipeline - INFO - Tile tile_x9216_y3840: 核心遮罩全空 → 空白 placeholder
2026-07-26 13:06:02,186 - hybrid_pipeline - INFO - [138/576] 處理 tile: tile_x13056_y3840
2026-07-26 13:06:02,209 - hybrid_pipeline - INFO - Tile tile_x12288_y3840: 核心遮罩全空 → 空白 placeholder
2026-07-26 13:06:02,218 - hybrid_pipeline - INFO - [139/576] 處理 tile: tile_x16128_y3840
2026-07-26 13:06:02,241 - hybrid_pipeline - INFO - Tile tile_x13056_y3840: 核心遮罩全空 → 空白 placeholder
2026-07-26 13:06:02,250 - hybrid_pipeline - INFO - [140/576] 處理 tile: tile_x13824_y3840
2026-07-26 13:06:02,273 - hybrid_pipeline - INFO - Tile tile_x16128_y3840: 核心遮罩全空 → 空白 placeholder
2026-07-26 13:06:02,282 - hybrid_pipeline - INFO - [141/576] 處理 tile: tile_x16896_y3840
2026-07-26 13:06:02,305 - hybrid_pipeline - INFO - Tile tile_x13824_y3840: 核心遮罩全空 → 空白 placeholder
2026-07-26 13:06:02,315 - hybrid_pipeline - INFO - [142/576] 處理 tile: tile_x14592_y3840
2026-07-26 13:06:02,338 - hybrid_pipeline - INFO - Tile tile_x16896_y3840: 核心遮罩全空 → 空白 placeholder
2026-07-26 13:06:02,347 - hybrid_pipeline - INFO - [143/576] 處理 tile: tile_x15360_y3840
2026-07-26 13:06:02,370 - hybrid_pipeline - INFO - Tile tile_x14592_y3840: 核心遮罩全空 → 空白 placeholder
2026-07-26 13:06:02,932 - hybrid_pipeline - INFO - [144/576] 處理 tile: tile_x17664_y3840
2026-07-26 13:06:02,954 - m3_module.m3_cells_generator - INFO - All-positive 標註完成: 2 個細胞
2026-07-26 13:06:02,980 - m3_module.m3_cells_generator - INFO - enlarge_cell_instances: 2 顆細胞, factor=1.50(面積), 中位半徑=19.3px, 外擴=4.3px
2026-07-26 13:06:03,107 - m3_module.m3_dot_detection - INFO - detect_all_dots: 紅點=0, 黑點=0, 涉及細胞=2
2026-07-26 13:06:03,146 - m4_module.cell_crops - INFO - 匯出 1 張 per-cell 影像至 /data/taro_Projects/tsgh/output/r7_run/cell_crops/tile_x15360_y3840/cells
2026-07-26 13:06:03,146 - hybrid_pipeline - INFO - Tile tile_x15360_y3840 完成: 核心擁有 1 細胞 (1 陽性), 0.80 秒
2026-07-26 13:06:03,146 - hybrid_pipeline - INFO - [145/576] 處理 tile: tile_x0_y4608
2026-07-26 13:06:03,170 - hybrid_pipeline - INFO - Tile tile_x17664_y3840: 核心遮罩全空 → 空白 placeholder
2026-07-26 13:06:03,181 - hybrid_pipeline - INFO - [146/576] 處理 tile: tile_x768_y4608
2026-07-26 13:06:03,204 - hybrid_pipeline - INFO - Tile tile_x0_y4608: 核心遮罩全空 → 空白 placeholder
2026-07-26 13:06:03,215 - hybrid_pipeline - INFO - [147/576] 處理 tile: tile_x3072_y4608
2026-07-26 13:06:03,239 - hybrid_pipeline - INFO - Tile tile_x768_y4608: 核心遮罩全空 → 空白 placeholder
2026-07-26 13:06:03,250 - hybrid_pipeline - INFO - [148/576] 處理 tile: tile_x2304_y4608
2026-07-26 13:06:03,276 - hybrid_pipeline - INFO - Tile tile_x3072_y4608: 核心遮罩全空 → 空白 placeholder
2026-07-26 13:06:03,284 - hybrid_pipeline - INFO - [149/576] 處理 tile: tile_x1536_y4608
2026-07-26 13:06:03,307 - hybrid_pipeline - INFO - Tile tile_x2304_y4608: 核心遮罩全空 → 空白 placeholder
2026-07-26 13:06:03,317 - hybrid_pipeline - INFO - [150/576] 處理 tile: tile_x5376_y4608
2026-07-26 13:06:03,344 - hybrid_pipeline - INFO - Tile tile_x1536_y4608: 核心遮罩全空 → 空白 placeholder
2026-07-26 13:06:03,352 - hybrid_pipeline - INFO - [151/576] 處理 tile: tile_x3840_y4608
2026-07-26 13:06:03,375 - hybrid_pipeline - INFO - Tile tile_x5376_y4608: 核心遮罩全空 → 空白 placeholder
2026-07-26 13:06:03,386 - hybrid_pipeline - INFO - [152/576] 處理 tile: tile_x4608_y4608
2026-07-26 13:06:03,410 - hybrid_pipeline - INFO - Tile tile_x3840_y4608: 核心遮罩全空 → 空白 placeholder
2026-07-26 13:06:03,420 - hybrid_pipeline - INFO - [153/576] 處理 tile: tile_x6144_y4608
2026-07-26 13:06:03,443 - hybrid_pipeline - INFO - Tile tile_x4608_y4608: 核心遮罩全空 → 空白 placeholder
2026-07-26 13:06:03,452 - hybrid_pipeline - INFO - [154/576] 處理 tile: tile_x6912_y4608
2026-07-26 13:06:03,478 - hybrid_pipeline - INFO - Tile tile_x6144_y4608: 核心遮罩全空 → 空白 placeholder
2026-07-26 13:06:03,487 - hybrid_pipeline - INFO - [155/576] 處理 tile: tile_x7680_y4608
2026-07-26 13:06:03,510 - hybrid_pipeline - INFO - Tile tile_x6912_y4608: 核心遮罩全空 → 空白 placeholder
2026-07-26 13:06:03,522 - hybrid_pipeline - INFO - [156/576] 處理 tile: tile_x8448_y4608
2026-07-26 13:06:03,545 - hybrid_pipeline - INFO - Tile tile_x7680_y4608: 核心遮罩全空 → 空白 placeholder
2026-07-26 13:06:03,554 - hybrid_pipeline - INFO - [157/576] 處理 tile: tile_x11520_y4608
2026-07-26 13:06:03,577 - hybrid_pipeline - INFO - Tile tile_x8448_y4608: 核心遮罩全空 → 空白 placeholder
2026-07-26 13:06:03,587 - hybrid_pipeline - INFO - [158/576] 處理 tile: tile_x9984_y4608
2026-07-26 13:06:03,611 - hybrid_pipeline - INFO - Tile tile_x11520_y4608: 核心遮罩全空 → 空白 placeholder
2026-07-26 13:06:03,621 - hybrid_pipeline - INFO - [159/576] 處理 tile: tile_x10752_y4608
2026-07-26 13:06:03,645 - hybrid_pipeline - INFO - Tile tile_x9984_y4608: 核心遮罩全空 → 空白 placeholder
2026-07-26 13:06:03,653 - hybrid_pipeline - INFO - [160/576] 處理 tile: tile_x9216_y4608
2026-07-26 13:06:03,679 - hybrid_pipeline - INFO - Tile tile_x10752_y4608: 核心遮罩全空 → 空白 placeholder
2026-07-26 13:06:03,686 - hybrid_pipeline - INFO - [161/576] 處理 tile: tile_x12288_y4608
2026-07-26 13:06:03,711 - hybrid_pipeline - INFO - Tile tile_x9216_y4608: 核心遮罩全空 → 空白 placeholder
2026-07-26 13:06:03,718 - hybrid_pipeline - INFO - [162/576] 處理 tile: tile_x13056_y4608
2026-07-26 13:06:03,743 - hybrid_pipeline - INFO - Tile tile_x12288_y4608: 核心遮罩全空 → 空白 placeholder
2026-07-26 13:06:03,755 - hybrid_pipeline - INFO - [163/576] 處理 tile: tile_x13824_y4608
2026-07-26 13:06:03,779 - hybrid_pipeline - INFO - Tile tile_x13056_y4608: 核心遮罩全空 → 空白 placeholder
2026-07-26 13:06:03,787 - hybrid_pipeline - INFO - [164/576] 處理 tile: tile_x14592_y4608
2026-07-26 13:06:03,812 - hybrid_pipeline - INFO - Tile tile_x13824_y4608: 核心遮罩全空 → 空白 placeholder
2026-07-26 13:06:03,821 - hybrid_pipeline - INFO - [165/576] 處理 tile: tile_x16128_y4608
2026-07-26 13:06:03,844 - hybrid_pipeline - INFO - Tile tile_x14592_y4608: 核心遮罩全空 → 空白 placeholder
2026-07-26 13:06:03,853 - hybrid_pipeline - INFO - [166/576] 處理 tile: tile_x15360_y4608
2026-07-26 13:06:03,876 - hybrid_pipeline - INFO - Tile tile_x16128_y4608: 核心遮罩全空 → 空白 placeholder
2026-07-26 13:06:03,886 - hybrid_pipeline - INFO - [167/576] 處理 tile: tile_x16896_y4608
2026-07-26 13:06:03,908 - hybrid_pipeline - INFO - Tile tile_x15360_y4608: 核心遮罩全空 → 空白 placeholder
2026-07-26 13:06:03,917 - hybrid_pipeline - INFO - [168/576] 處理 tile: tile_x17664_y4608
2026-07-26 13:06:03,940 - hybrid_pipeline - INFO - Tile tile_x16896_y4608: 核心遮罩全空 → 空白 placeholder
2026-07-26 13:06:03,949 - hybrid_pipeline - INFO - [169/576] 處理 tile: tile_x0_y5376
2026-07-26 13:06:03,973 - hybrid_pipeline - INFO - Tile tile_x17664_y4608: 核心遮罩全空 → 空白 placeholder
2026-07-26 13:06:03,982 - hybrid_pipeline - INFO - [170/576] 處理 tile: tile_x768_y5376
2026-07-26 13:06:04,009 - hybrid_pipeline - INFO - Tile tile_x0_y5376: 核心遮罩全空 → 空白 placeholder
2026-07-26 13:06:04,018 - hybrid_pipeline - INFO - [171/576] 處理 tile: tile_x1536_y5376
2026-07-26 13:06:04,042 - hybrid_pipeline - INFO - Tile tile_x768_y5376: 核心遮罩全空 → 空白 placeholder
2026-07-26 13:06:04,594 - hybrid_pipeline - INFO - [172/576] 處理 tile: tile_x2304_y5376
2026-07-26 13:06:04,618 - m3_module.m3_cells_generator - INFO - All-positive 標註完成: 6 個細胞
2026-07-26 13:06:04,649 - m3_module.m3_cells_generator - INFO - enlarge_cell_instances: 6 顆細胞, factor=1.50(面積), 中位半徑=16.8px, 外擴=3.8px
2026-07-26 13:06:04,779 - m3_module.m3_dot_detection - INFO - detect_all_dots: 紅點=0, 黑點=0, 涉及細胞=6
2026-07-26 13:06:04,824 - m4_module.cell_crops - INFO - 匯出 4 張 per-cell 影像至 /data/taro_Projects/tsgh/output/r7_run/cell_crops/tile_x1536_y5376/cells
2026-07-26 13:06:04,824 - hybrid_pipeline - INFO - Tile tile_x1536_y5376 完成: 核心擁有 4 細胞 (4 陽性), 0.81 秒
2026-07-26 13:06:05,191 - hybrid_pipeline - INFO - [173/576] 處理 tile: tile_x3072_y5376
2026-07-26 13:06:05,214 - m3_module.m3_cells_generator - INFO - All-positive 標註完成: 5 個細胞
2026-07-26 13:06:05,243 - m3_module.m3_cells_generator - INFO - enlarge_cell_instances: 5 顆細胞, factor=1.50(面積), 中位半徑=17.3px, 外擴=3.9px
2026-07-26 13:06:05,367 - m3_module.m3_dot_detection - INFO - detect_all_dots: 紅點=0, 黑點=0, 涉及細胞=5
2026-07-26 13:06:05,408 - m4_module.cell_crops - INFO - 匯出 2 張 per-cell 影像至 /data/taro_Projects/tsgh/output/r7_run/cell_crops/tile_x2304_y5376/cells
2026-07-26 13:06:05,408 - hybrid_pipeline - INFO - Tile tile_x2304_y5376 完成: 核心擁有 2 細胞 (2 陽性), 0.81 秒
2026-07-26 13:06:05,408 - hybrid_pipeline - INFO - [174/576] 處理 tile: tile_x3840_y5376
2026-07-26 13:06:05,431 - hybrid_pipeline - INFO - Tile tile_x3072_y5376: 核心遮罩全空 → 空白 placeholder
2026-07-26 13:06:05,443 - hybrid_pipeline - INFO - [175/576] 處理 tile: tile_x4608_y5376
2026-07-26 13:06:05,466 - hybrid_pipeline - INFO - Tile tile_x3840_y5376: 核心遮罩全空 → 空白 placeholder
2026-07-26 13:06:05,476 - hybrid_pipeline - INFO - [176/576] 處理 tile: tile_x5376_y5376
2026-07-26 13:06:05,501 - hybrid_pipeline - INFO - Tile tile_x4608_y5376: 核心遮罩全空 → 空白 placeholder
2026-07-26 13:06:05,508 - hybrid_pipeline - INFO - [177/576] 處理 tile: tile_x6144_y5376
2026-07-26 13:06:05,531 - hybrid_pipeline - INFO - Tile tile_x5376_y5376: 核心遮罩全空 → 空白 placeholder
2026-07-26 13:06:05,541 - hybrid_pipeline - INFO - [178/576] 處理 tile: tile_x7680_y5376
2026-07-26 13:06:05,569 - hybrid_pipeline - INFO - Tile tile_x6144_y5376: 核心遮罩全空 → 空白 placeholder
2026-07-26 13:06:05,576 - hybrid_pipeline - INFO - [179/576] 處理 tile: tile_x6912_y5376
2026-07-26 13:06:05,600 - hybrid_pipeline - INFO - Tile tile_x7680_y5376: 核心遮罩全空 → 空白 placeholder
2026-07-26 13:06:05,610 - hybrid_pipeline - INFO - [180/576] 處理 tile: tile_x8448_y5376
2026-07-26 13:06:05,633 - hybrid_pipeline - INFO - Tile tile_x6912_y5376: 核心遮罩全空 → 空白 placeholder
2026-07-26 13:06:05,642 - hybrid_pipeline - INFO - [181/576] 處理 tile: tile_x11520_y5376
2026-07-26 13:06:05,665 - hybrid_pipeline - INFO - Tile tile_x8448_y5376: 核心遮罩全空 → 空白 placeholder
2026-07-26 13:06:05,673 - hybrid_pipeline - INFO - [182/576] 處理 tile: tile_x9216_y5376
2026-07-26 13:06:05,697 - hybrid_pipeline - INFO - Tile tile_x11520_y5376: 核心遮罩全空 → 空白 placeholder
2026-07-26 13:06:05,705 - hybrid_pipeline - INFO - [183/576] 處理 tile: tile_x10752_y5376
2026-07-26 13:06:05,728 - hybrid_pipeline - INFO - Tile tile_x9216_y5376: 核心遮罩全空 → 空白 placeholder
2026-07-26 13:06:05,738 - hybrid_pipeline - INFO - [184/576] 處理 tile: tile_x9984_y5376
2026-07-26 13:06:05,763 - hybrid_pipeline - INFO - Tile tile_x10752_y5376: 核心遮罩全空 → 空白 placeholder
2026-07-26 13:06:05,774 - hybrid_pipeline - INFO - [185/576] 處理 tile: tile_x12288_y5376
2026-07-26 13:06:05,800 - hybrid_pipeline - INFO - Tile tile_x9984_y5376: 核心遮罩全空 → 空白 placeholder
2026-07-26 13:06:05,811 - hybrid_pipeline - INFO - [186/576] 處理 tile: tile_x13824_y5376
2026-07-26 13:06:05,834 - hybrid_pipeline - INFO - Tile tile_x12288_y5376: 核心遮罩全空 → 空白 placeholder
2026-07-26 13:06:05,845 - hybrid_pipeline - INFO - [187/576] 處理 tile: tile_x13056_y5376
2026-07-26 13:06:05,868 - hybrid_pipeline - INFO - Tile tile_x13824_y5376: 核心遮罩全空 → 空白 placeholder
2026-07-26 13:06:05,877 - hybrid_pipeline - INFO - [188/576] 處理 tile: tile_x14592_y5376
2026-07-26 13:06:05,901 - hybrid_pipeline - INFO - Tile tile_x13056_y5376: 核心遮罩全空 → 空白 placeholder
2026-07-26 13:06:05,910 - hybrid_pipeline - INFO - [189/576] 處理 tile: tile_x15360_y5376
2026-07-26 13:06:05,935 - hybrid_pipeline - INFO - Tile tile_x14592_y5376: 核心遮罩全空 → 空白 placeholder
2026-07-26 13:06:05,942 - hybrid_pipeline - INFO - [190/576] 處理 tile: tile_x16896_y5376
2026-07-26 13:06:05,965 - hybrid_pipeline - INFO - Tile tile_x15360_y5376: 核心遮罩全空 → 空白 placeholder
2026-07-26 13:06:05,974 - hybrid_pipeline - INFO - [191/576] 處理 tile: tile_x16128_y5376
2026-07-26 13:06:05,998 - hybrid_pipeline - INFO - Tile tile_x16896_y5376: 核心遮罩全空 → 空白 placeholder
2026-07-26 13:06:06,008 - hybrid_pipeline - INFO - [192/576] 處理 tile: tile_x17664_y5376
2026-07-26 13:06:06,031 - hybrid_pipeline - INFO - Tile tile_x16128_y5376: 核心遮罩全空 → 空白 placeholder
2026-07-26 13:06:06,042 - hybrid_pipeline - INFO - [193/576] 處理 tile: tile_x0_y6144
2026-07-26 13:06:06,066 - hybrid_pipeline - INFO - Tile tile_x17664_y5376: 核心遮罩全空 → 空白 placeholder
2026-07-26 13:06:06,630 - hybrid_pipeline - INFO - [194/576] 處理 tile: tile_x768_y6144
2026-07-26 13:06:06,663 - m3_module.m3_cells_generator - INFO - All-positive 標註完成: 10 個細胞
2026-07-26 13:06:06,696 - m3_module.m3_cells_generator - INFO - enlarge_cell_instances: 10 顆細胞, factor=1.50(面積), 中位半徑=19.1px, 外擴=4.3px
2026-07-26 13:06:06,721 - m3_module.m3_elastic_matching - INFO - elastic_dish_nucleus_matching(overlap-first): IHC=10, DISH=2, matched(1核)=0 (其中重疊=0), drop-out(競爭落敗)=0, 無候選(計入)=10, factor=1.50, min_reach=20.0
2026-07-26 13:06:06,831 - m3_module.m3_dot_detection - INFO - detect_all_dots: 紅點=0, 黑點=0, 涉及細胞=10
2026-07-26 13:06:06,908 - m4_module.cell_crops - INFO - 匯出 1 張 per-cell 影像至 /data/taro_Projects/tsgh/output/r7_run/cell_crops/tile_x0_y6144/cells
2026-07-26 13:06:06,908 - hybrid_pipeline - INFO - Tile tile_x0_y6144 完成: 核心擁有 1 細胞 (1 陽性), 0.87 秒
2026-07-26 13:06:07,244 - hybrid_pipeline - INFO - [195/576] 處理 tile: tile_x1536_y6144
2026-07-26 13:06:07,268 - m3_module.m3_cells_generator - INFO - All-positive 標註完成: 22 個細胞
2026-07-26 13:06:07,309 - m3_module.m3_cells_generator - INFO - enlarge_cell_instances: 22 顆細胞, factor=1.50(面積), 中位半徑=20.6px, 外擴=4.6px
2026-07-26 13:06:07,332 - m3_module.m3_elastic_matching - INFO - elastic_dish_nucleus_matching(overlap-first): IHC=22, DISH=1, matched(1核)=0 (其中重疊=0), drop-out(競爭落敗)=0, 無候選(計入)=22, factor=1.50, min_reach=20.0
2026-07-26 13:06:07,441 - m3_module.m3_dot_detection - INFO - detect_all_dots: 紅點=0, 黑點=0, 涉及細胞=22
2026-07-26 13:06:07,516 - m4_module.cell_crops - INFO - 匯出 12 張 per-cell 影像至 /data/taro_Projects/tsgh/output/r7_run/cell_crops/tile_x768_y6144/cells
2026-07-26 13:06:07,516 - hybrid_pipeline - INFO - Tile tile_x768_y6144 完成: 核心擁有 12 細胞 (12 陽性), 0.88 秒
2026-07-26 13:06:07,516 - hybrid_pipeline - INFO - [196/576] 處理 tile: tile_x4608_y6144
2026-07-26 13:06:07,540 - hybrid_pipeline - INFO - Tile tile_x1536_y6144: 核心遮罩全空 → 空白 placeholder
2026-07-26 13:06:07,548 - hybrid_pipeline - INFO - [197/576] 處理 tile: tile_x2304_y6144
2026-07-26 13:06:07,572 - hybrid_pipeline - INFO - Tile tile_x4608_y6144: 核心遮罩全空 → 空白 placeholder
2026-07-26 13:06:07,586 - hybrid_pipeline - INFO - [198/576] 處理 tile: tile_x3072_y6144
2026-07-26 13:06:07,609 - hybrid_pipeline - INFO - Tile tile_x2304_y6144: 核心遮罩全空 → 空白 placeholder
2026-07-26 13:06:07,620 - hybrid_pipeline - INFO - [199/576] 處理 tile: tile_x5376_y6144
2026-07-26 13:06:07,643 - hybrid_pipeline - INFO - Tile tile_x3072_y6144: 核心遮罩全空 → 空白 placeholder
2026-07-26 13:06:07,657 - hybrid_pipeline - INFO - [200/576] 處理 tile: tile_x3840_y6144
2026-07-26 13:06:07,680 - hybrid_pipeline - INFO - Tile tile_x5376_y6144: 核心遮罩全空 → 空白 placeholder
2026-07-26 13:06:07,689 - hybrid_pipeline - INFO - [201/576] 處理 tile: tile_x6144_y6144
2026-07-26 13:06:07,713 - hybrid_pipeline - INFO - Tile tile_x3840_y6144: 核心遮罩全空 → 空白 placeholder
2026-07-26 13:06:07,722 - hybrid_pipeline - INFO - [202/576] 處理 tile: tile_x6912_y6144
2026-07-26 13:06:07,745 - hybrid_pipeline - INFO - Tile tile_x6144_y6144: 核心遮罩全空 → 空白 placeholder
2026-07-26 13:06:07,755 - hybrid_pipeline - INFO - [203/576] 處理 tile: tile_x8448_y6144
2026-07-26 13:06:07,779 - hybrid_pipeline - INFO - Tile tile_x6912_y6144: 核心遮罩全空 → 空白 placeholder
2026-07-26 13:06:07,789 - hybrid_pipeline - INFO - [204/576] 處理 tile: tile_x9984_y6144
2026-07-26 13:06:07,812 - hybrid_pipeline - INFO - Tile tile_x8448_y6144: 核心遮罩全空 → 空白 placeholder
2026-07-26 13:06:07,822 - hybrid_pipeline - INFO - [205/576] 處理 tile: tile_x7680_y6144
2026-07-26 13:06:07,845 - hybrid_pipeline - INFO - Tile tile_x9984_y6144: 核心遮罩全空 → 空白 placeholder
2026-07-26 13:06:07,855 - hybrid_pipeline - INFO - [206/576] 處理 tile: tile_x10752_y6144
2026-07-26 13:06:07,879 - hybrid_pipeline - INFO - Tile tile_x7680_y6144: 核心遮罩全空 → 空白 placeholder
2026-07-26 13:06:07,887 - hybrid_pipeline - INFO - [207/576] 處理 tile: tile_x9216_y6144
2026-07-26 13:06:07,911 - hybrid_pipeline - INFO - Tile tile_x10752_y6144: 核心遮罩全空 → 空白 placeholder
2026-07-26 13:06:07,919 - hybrid_pipeline - INFO - [208/576] 處理 tile: tile_x11520_y6144
2026-07-26 13:06:07,943 - hybrid_pipeline - INFO - Tile tile_x9216_y6144: 核心遮罩全空 → 空白 placeholder
2026-07-26 13:06:07,953 - hybrid_pipeline - INFO - [209/576] 處理 tile: tile_x12288_y6144
2026-07-26 13:06:07,977 - hybrid_pipeline - INFO - Tile tile_x11520_y6144: 核心遮罩全空 → 空白 placeholder
2026-07-26 13:06:07,986 - hybrid_pipeline - INFO - [210/576] 處理 tile: tile_x13056_y6144
2026-07-26 13:06:08,009 - hybrid_pipeline - INFO - Tile tile_x12288_y6144: 核心遮罩全空 → 空白 placeholder
2026-07-26 13:06:08,019 - hybrid_pipeline - INFO - [211/576] 處理 tile: tile_x17664_y6144
2026-07-26 13:06:08,042 - hybrid_pipeline - INFO - Tile tile_x13056_y6144: 核心遮罩全空 → 空白 placeholder
2026-07-26 13:06:08,052 - hybrid_pipeline - INFO - [212/576] 處理 tile: tile_x15360_y6144
2026-07-26 13:06:08,075 - hybrid_pipeline - INFO - Tile tile_x17664_y6144: 核心遮罩全空 → 空白 placeholder
2026-07-26 13:06:08,085 - hybrid_pipeline - INFO - [213/576] 處理 tile: tile_x16128_y6144
2026-07-26 13:06:08,107 - hybrid_pipeline - INFO - Tile tile_x15360_y6144: 核心遮罩全空 → 空白 placeholder
2026-07-26 13:06:08,117 - hybrid_pipeline - INFO - [214/576] 處理 tile: tile_x16896_y6144
2026-07-26 13:06:08,140 - hybrid_pipeline - INFO - Tile tile_x16128_y6144: 核心遮罩全空 → 空白 placeholder
2026-07-26 13:06:08,151 - hybrid_pipeline - INFO - [215/576] 處理 tile: tile_x14592_y6144
2026-07-26 13:06:08,175 - hybrid_pipeline - INFO - Tile tile_x16896_y6144: 核心遮罩全空 → 空白 placeholder
2026-07-26 13:06:08,184 - hybrid_pipeline - INFO - [216/576] 處理 tile: tile_x13824_y6144
2026-07-26 13:06:08,207 - hybrid_pipeline - INFO - Tile tile_x14592_y6144: 核心遮罩全空 → 空白 placeholder
2026-07-26 13:06:08,215 - hybrid_pipeline - INFO - [217/576] 處理 tile: tile_x0_y6912
2026-07-26 13:06:08,238 - hybrid_pipeline - INFO - Tile tile_x13824_y6144: 核心遮罩全空 → 空白 placeholder
2026-07-26 13:06:08,828 - hybrid_pipeline - INFO - [218/576] 處理 tile: tile_x768_y6912
2026-07-26 13:06:08,850 - m3_module.m3_cells_generator - INFO - All-positive 標註完成: 23 個細胞
2026-07-26 13:06:08,890 - m3_module.m3_cells_generator - INFO - enlarge_cell_instances: 23 顆細胞, factor=1.50(面積), 中位半徑=18.0px, 外擴=4.0px
2026-07-26 13:06:08,915 - m3_module.m3_elastic_matching - INFO - elastic_dish_nucleus_matching(overlap-first): IHC=23, DISH=17, matched(1核)=1 (其中重疊=1), drop-out(競爭落敗)=0, 無候選(計入)=22, factor=1.50, min_reach=20.0
2026-07-26 13:06:09,026 - m3_module.m3_dot_detection - INFO - detect_all_dots: 紅點=0, 黑點=0, 涉及細胞=23
2026-07-26 13:06:09,131 - m4_module.cell_crops - INFO - 匯出 10 張 per-cell 影像至 /data/taro_Projects/tsgh/output/r7_run/cell_crops/tile_x0_y6912/cells
2026-07-26 13:06:09,131 - hybrid_pipeline - INFO - Tile tile_x0_y6912 完成: 核心擁有 10 細胞 (10 陽性), 0.92 秒
2026-07-26 13:06:09,541 - hybrid_pipeline - INFO - [219/576] 處理 tile: tile_x1536_y6912
2026-07-26 13:06:09,564 - m3_module.m3_cells_generator - INFO - All-positive 標註完成: 46 個細胞
2026-07-26 13:06:09,611 - m3_module.m3_cells_generator - INFO - enlarge_cell_instances: 46 顆細胞, factor=1.50(面積), 中位半徑=22.0px, 外擴=4.9px
2026-07-26 13:06:09,640 - m3_module.m3_elastic_matching - INFO - elastic_dish_nucleus_matching(overlap-first): IHC=46, DISH=244, matched(1核)=16 (其中重疊=16), drop-out(競爭落敗)=0, 無候選(計入)=30, factor=1.50, min_reach=20.0
2026-07-26 13:06:09,757 - m3_module.m3_dot_detection - INFO - detect_all_dots: 紅點=0, 黑點=0, 涉及細胞=46
2026-07-26 13:06:09,907 - m4_module.cell_crops - INFO - 匯出 31 張 per-cell 影像至 /data/taro_Projects/tsgh/output/r7_run/cell_crops/tile_x768_y6912/cells
2026-07-26 13:06:09,907 - hybrid_pipeline - INFO - Tile tile_x768_y6912 完成: 核心擁有 31 細胞 (31 陽性), 1.08 秒
2026-07-26 13:06:10,128 - hybrid_pipeline - INFO - [220/576] 處理 tile: tile_x3840_y6912
2026-07-26 13:06:10,151 - m3_module.m3_cells_generator - INFO - All-positive 標註完成: 3 個細胞
2026-07-26 13:06:10,178 - m3_module.m3_cells_generator - INFO - enlarge_cell_instances: 3 顆細胞, factor=1.50(面積), 中位半徑=15.4px, 外擴=3.5px
2026-07-26 13:06:10,288 - m3_module.m3_dot_detection - INFO - detect_all_dots: 紅點=0, 黑點=0, 涉及細胞=3
2026-07-26 13:06:10,330 - m4_module.cell_crops - INFO - 匯出 0 張 per-cell 影像至 /data/taro_Projects/tsgh/output/r7_run/cell_crops/tile_x1536_y6912/cells
2026-07-26 13:06:10,330 - hybrid_pipeline - INFO - Tile tile_x1536_y6912 完成: 核心擁有 0 細胞 (0 陽性), 0.79 秒
2026-07-26 13:06:10,332 - hybrid_pipeline - INFO - [221/576] 處理 tile: tile_x2304_y6912
2026-07-26 13:06:10,358 - hybrid_pipeline - INFO - Tile tile_x3840_y6912: 核心遮罩全空 → 空白 placeholder
2026-07-26 13:06:11,266 - hybrid_pipeline - INFO - [222/576] 處理 tile: tile_x4608_y6912
2026-07-26 13:06:11,292 - m3_module.m3_cells_generator - INFO - All-positive 標註完成: 20 個細胞
2026-07-26 13:06:11,339 - m3_module.m3_cells_generator - INFO - enlarge_cell_instances: 20 顆細胞, factor=1.50(面積), 中位半徑=24.5px, 外擴=5.5px
2026-07-26 13:06:11,376 - m3_module.m3_elastic_matching - INFO - elastic_dish_nucleus_matching(overlap-first): IHC=20, DISH=618, matched(1核)=20 (其中重疊=20), drop-out(競爭落敗)=0, 無候選(計入)=0, factor=1.50, min_reach=20.0
2026-07-26 13:06:11,487 - m3_module.m3_dot_detection - INFO - detect_all_dots: 紅點=0, 黑點=0, 涉及細胞=20
2026-07-26 13:06:11,586 - m4_module.cell_crops - INFO - 匯出 8 張 per-cell 影像至 /data/taro_Projects/tsgh/output/r7_run/cell_crops/tile_x2304_y6912/cells
2026-07-26 13:06:11,587 - hybrid_pipeline - INFO - Tile tile_x2304_y6912 完成: 核心擁有 8 細胞 (8 陽性), 1.25 秒
2026-07-26 13:06:11,587 - hybrid_pipeline - INFO - [223/576] 處理 tile: tile_x5376_y6912
2026-07-26 13:06:11,611 - hybrid_pipeline - INFO - Tile tile_x4608_y6912: 核心遮罩全空 → 空白 placeholder
2026-07-26 13:06:11,624 - hybrid_pipeline - INFO - [224/576] 處理 tile: tile_x3072_y6912
2026-07-26 13:06:11,648 - hybrid_pipeline - INFO - Tile tile_x5376_y6912: 核心遮罩全空 → 空白 placeholder
2026-07-26 13:06:12,532 - hybrid_pipeline - INFO - [225/576] 處理 tile: tile_x6144_y6912
2026-07-26 13:06:12,559 - m3_module.m3_cells_generator - INFO - All-positive 標註完成: 6 個細胞
2026-07-26 13:06:12,589 - m3_module.m3_cells_generator - INFO - enlarge_cell_instances: 6 顆細胞, factor=1.50(面積), 中位半徑=24.4px, 外擴=5.5px
2026-07-26 13:06:12,615 - m3_module.m3_elastic_matching - INFO - elastic_dish_nucleus_matching(overlap-first): IHC=6, DISH=319, matched(1核)=6 (其中重疊=6), drop-out(競爭落敗)=0, 無候選(計入)=0, factor=1.50, min_reach=20.0
2026-07-26 13:06:12,728 - m3_module.m3_dot_detection - INFO - detect_all_dots: 紅點=0, 黑點=0, 涉及細胞=6
2026-07-26 13:06:12,798 - m4_module.cell_crops - INFO - 匯出 0 張 per-cell 影像至 /data/taro_Projects/tsgh/output/r7_run/cell_crops/tile_x3072_y6912/cells
2026-07-26 13:06:12,798 - hybrid_pipeline - INFO - Tile tile_x3072_y6912 完成: 核心擁有 0 細胞 (0 陽性), 1.17 秒
2026-07-26 13:06:12,798 - hybrid_pipeline - INFO - [226/576] 處理 tile: tile_x6912_y6912
2026-07-26 13:06:12,822 - hybrid_pipeline - INFO - Tile tile_x6144_y6912: 核心遮罩全空 → 空白 placeholder
2026-07-26 13:06:12,833 - hybrid_pipeline - INFO - [227/576] 處理 tile: tile_x11520_y6912
2026-07-26 13:06:12,857 - hybrid_pipeline - INFO - Tile tile_x6912_y6912: 核心遮罩全空 → 空白 placeholder
2026-07-26 13:06:12,868 - hybrid_pipeline - INFO - [228/576] 處理 tile: tile_x9984_y6912
2026-07-26 13:06:12,892 - hybrid_pipeline - INFO - Tile tile_x11520_y6912: 核心遮罩全空 → 空白 placeholder
2026-07-26 13:06:12,903 - hybrid_pipeline - INFO - [229/576] 處理 tile: tile_x7680_y6912
2026-07-26 13:06:12,931 - hybrid_pipeline - INFO - Tile tile_x9984_y6912: 核心遮罩全空 → 空白 placeholder
2026-07-26 13:06:12,935 - hybrid_pipeline - INFO - [230/576] 處理 tile: tile_x8448_y6912
2026-07-26 13:06:12,959 - hybrid_pipeline - INFO - Tile tile_x7680_y6912: 核心遮罩全空 → 空白 placeholder
2026-07-26 13:06:12,969 - hybrid_pipeline - INFO - [231/576] 處理 tile: tile_x10752_y6912
2026-07-26 13:06:12,992 - hybrid_pipeline - INFO - Tile tile_x8448_y6912: 核心遮罩全空 → 空白 placeholder
2026-07-26 13:06:13,001 - hybrid_pipeline - INFO - [232/576] 處理 tile: tile_x9216_y6912
2026-07-26 13:06:13,024 - hybrid_pipeline - INFO - Tile tile_x10752_y6912: 核心遮罩全空 → 空白 placeholder
2026-07-26 13:06:13,037 - hybrid_pipeline - INFO - [233/576] 處理 tile: tile_x12288_y6912
2026-07-26 13:06:13,060 - hybrid_pipeline - INFO - Tile tile_x9216_y6912: 核心遮罩全空 → 空白 placeholder
2026-07-26 13:06:13,071 - hybrid_pipeline - INFO - [234/576] 處理 tile: tile_x17664_y6912
2026-07-26 13:06:13,094 - hybrid_pipeline - INFO - Tile tile_x12288_y6912: 核心遮罩全空 → 空白 placeholder
2026-07-26 13:06:13,103 - hybrid_pipeline - INFO - [235/576] 處理 tile: tile_x14592_y6912
2026-07-26 13:06:13,126 - hybrid_pipeline - INFO - Tile tile_x17664_y6912: 核心遮罩全空 → 空白 placeholder
2026-07-26 13:06:13,139 - hybrid_pipeline - INFO - [236/576] 處理 tile: tile_x16128_y6912
2026-07-26 13:06:13,162 - hybrid_pipeline - INFO - Tile tile_x14592_y6912: 核心遮罩全空 → 空白 placeholder
2026-07-26 13:06:13,171 - hybrid_pipeline - INFO - [237/576] 處理 tile: tile_x13056_y6912
2026-07-26 13:06:13,198 - hybrid_pipeline - INFO - Tile tile_x16128_y6912: 核心遮罩全空 → 空白 placeholder
2026-07-26 13:06:13,204 - hybrid_pipeline - INFO - [238/576] 處理 tile: tile_x13824_y6912
2026-07-26 13:06:13,228 - hybrid_pipeline - INFO - Tile tile_x13056_y6912: 核心遮罩全空 → 空白 placeholder
2026-07-26 13:06:13,239 - hybrid_pipeline - INFO - [239/576] 處理 tile: tile_x15360_y6912
2026-07-26 13:06:13,263 - hybrid_pipeline - INFO - Tile tile_x13824_y6912: 核心遮罩全空 → 空白 placeholder
2026-07-26 13:06:13,271 - hybrid_pipeline - INFO - [240/576] 處理 tile: tile_x16896_y6912
2026-07-26 13:06:13,295 - hybrid_pipeline - INFO - Tile tile_x15360_y6912: 核心遮罩全空 → 空白 placeholder
2026-07-26 13:06:13,306 - hybrid_pipeline - INFO - [241/576] 處理 tile: tile_x0_y7680
2026-07-26 13:06:13,330 - hybrid_pipeline - INFO - Tile tile_x16896_y6912: 核心遮罩全空 → 空白 placeholder
2026-07-26 13:06:13,965 - hybrid_pipeline - INFO - [242/576] 處理 tile: tile_x768_y7680
2026-07-26 13:06:13,997 - m3_module.m3_cells_generator - INFO - All-positive 標註完成: 14 個細胞
2026-07-26 13:06:14,032 - m3_module.m3_cells_generator - INFO - enlarge_cell_instances: 14 顆細胞, factor=1.50(面積), 中位半徑=15.2px, 外擴=3.4px
2026-07-26 13:06:14,056 - m3_module.m3_elastic_matching - INFO - elastic_dish_nucleus_matching(overlap-first): IHC=14, DISH=1, matched(1核)=1 (其中重疊=1), drop-out(競爭落敗)=1, 無候選(計入)=12, factor=1.50, min_reach=20.0
2026-07-26 13:06:14,166 - m3_module.m3_dot_detection - INFO - detect_all_dots: 紅點=0, 黑點=1, 涉及細胞=14
2026-07-26 13:06:14,241 - m4_module.cell_crops - INFO - 匯出 2 張 per-cell 影像至 /data/taro_Projects/tsgh/output/r7_run/cell_crops/tile_x0_y7680/cells
2026-07-26 13:06:14,241 - hybrid_pipeline - INFO - Tile tile_x0_y7680 完成: 核心擁有 2 細胞 (2 陽性), 0.94 秒
2026-07-26 13:06:14,676 - hybrid_pipeline - INFO - [243/576] 處理 tile: tile_x3072_y7680
2026-07-26 13:06:14,701 - m3_module.m3_cells_generator - INFO - All-positive 標註完成: 52 個細胞
2026-07-26 13:06:14,756 - m3_module.m3_cells_generator - INFO - enlarge_cell_instances: 52 顆細胞, factor=1.50(面積), 中位半徑=22.0px, 外擴=4.9px
2026-07-26 13:06:14,785 - m3_module.m3_elastic_matching - INFO - elastic_dish_nucleus_matching(overlap-first): IHC=52, DISH=210, matched(1核)=20 (其中重疊=18), drop-out(競爭落敗)=2, 無候選(計入)=30, factor=1.50, min_reach=20.0
2026-07-26 13:06:14,906 - m3_module.m3_dot_detection - INFO - detect_all_dots: 紅點=0, 黑點=1, 涉及細胞=52
2026-07-26 13:06:15,056 - m4_module.cell_crops - INFO - 匯出 15 張 per-cell 影像至 /data/taro_Projects/tsgh/output/r7_run/cell_crops/tile_x768_y7680/cells
2026-07-26 13:06:15,056 - hybrid_pipeline - INFO - Tile tile_x768_y7680 完成: 核心擁有 15 細胞 (15 陽性), 1.09 秒
2026-07-26 13:06:15,298 - hybrid_pipeline - INFO - [244/576] 處理 tile: tile_x2304_y7680
2026-07-26 13:06:15,326 - m3_module.m3_cells_generator - INFO - All-positive 標註完成: 66 個細胞
2026-07-26 13:06:15,368 - m3_module.m3_cells_generator - INFO - enlarge_cell_instances: 66 顆細胞, factor=1.50(面積), 中位半徑=22.8px, 外擴=5.1px
2026-07-26 13:06:15,393 - m3_module.m3_elastic_matching - INFO - elastic_dish_nucleus_matching(overlap-first): IHC=66, DISH=5, matched(1核)=2 (其中重疊=2), drop-out(競爭落敗)=1, 無候選(計入)=63, factor=1.50, min_reach=20.0
2026-07-26 13:06:15,501 - m3_module.m3_dot_detection - INFO - detect_all_dots: 紅點=0, 黑點=0, 涉及細胞=66
2026-07-26 13:06:15,658 - m4_module.cell_crops - INFO - 匯出 31 張 per-cell 影像至 /data/taro_Projects/tsgh/output/r7_run/cell_crops/tile_x3072_y7680/cells
2026-07-26 13:06:15,658 - hybrid_pipeline - INFO - Tile tile_x3072_y7680 完成: 核心擁有 31 細胞 (31 陽性), 0.98 秒
2026-07-26 13:06:15,941 - hybrid_pipeline - INFO - [245/576] 處理 tile: tile_x3840_y7680
2026-07-26 13:06:15,971 - m3_module.m3_cells_generator - INFO - All-positive 標註完成: 125 個細胞
2026-07-26 13:06:16,025 - m3_module.m3_cells_generator - INFO - enlarge_cell_instances: 125 顆細胞, factor=1.50(面積), 中位半徑=23.0px, 外擴=5.2px
2026-07-26 13:06:16,051 - m3_module.m3_elastic_matching - INFO - elastic_dish_nucleus_matching(overlap-first): IHC=125, DISH=44, matched(1核)=10 (其中重疊=10), drop-out(競爭落敗)=8, 無候選(計入)=107, factor=1.50, min_reach=20.0
2026-07-26 13:06:16,169 - m3_module.m3_dot_detection - INFO - detect_all_dots: 紅點=0, 黑點=1, 涉及細胞=125
2026-07-26 13:06:16,437 - m4_module.cell_crops - INFO - 匯出 73 張 per-cell 影像至 /data/taro_Projects/tsgh/output/r7_run/cell_crops/tile_x2304_y7680/cells
2026-07-26 13:06:16,437 - hybrid_pipeline - INFO - Tile tile_x2304_y7680 完成: 核心擁有 73 細胞 (73 陽性), 1.14 秒
2026-07-26 13:06:16,437 - hybrid_pipeline - INFO - [246/576] 處理 tile: tile_x1536_y7680
2026-07-26 13:06:16,460 - hybrid_pipeline - INFO - Tile tile_x3840_y7680: 核心遮罩全空 → 空白 placeholder
2026-07-26 13:06:17,075 - hybrid_pipeline - INFO - [247/576] 處理 tile: tile_x4608_y7680
2026-07-26 13:06:17,109 - m3_module.m3_cells_generator - INFO - All-positive 標註完成: 71 個細胞
2026-07-26 13:06:17,160 - m3_module.m3_cells_generator - INFO - enlarge_cell_instances: 71 顆細胞, factor=1.50(面積), 中位半徑=22.6px, 外擴=5.1px
2026-07-26 13:06:17,186 - m3_module.m3_elastic_matching - INFO - elastic_dish_nucleus_matching(overlap-first): IHC=71, DISH=127, matched(1核)=15 (其中重疊=15), drop-out(競爭落敗)=3, 無候選(計入)=53, factor=1.50, min_reach=20.0
2026-07-26 13:06:17,301 - m3_module.m3_dot_detection - INFO - detect_all_dots: 紅點=1, 黑點=2, 涉及細胞=71
2026-07-26 13:06:17,516 - m4_module.cell_crops - INFO - 匯出 44 張 per-cell 影像至 /data/taro_Projects/tsgh/output/r7_run/cell_crops/tile_x1536_y7680/cells
2026-07-26 13:06:17,516 - hybrid_pipeline - INFO - Tile tile_x1536_y7680 完成: 核心擁有 44 細胞 (44 陽性), 1.08 秒
2026-07-26 13:06:17,516 - hybrid_pipeline - INFO - [248/576] 處理 tile: tile_x5376_y7680
2026-07-26 13:06:17,545 - hybrid_pipeline - INFO - Tile tile_x4608_y7680: 核心遮罩全空 → 空白 placeholder
2026-07-26 13:06:17,759 - cellpose.dynamics - INFO - No cell pixels found.
2026-07-26 13:06:18,053 - hybrid_pipeline - INFO - [249/576] 處理 tile: tile_x6144_y7680
2026-07-26 13:06:18,065 - m3_module.m3_cells_generator - INFO - All-positive 標註完成: 0 個細胞
2026-07-26 13:06:18,186 - m3_module.m3_dot_detection - INFO - detect_all_dots: 紅點=0, 黑點=0, 涉及細胞=0
2026-07-26 13:06:18,218 - m4_module.cell_crops - INFO - 匯出 0 張 per-cell 影像至 /data/taro_Projects/tsgh/output/r7_run/cell_crops/tile_x5376_y7680/cells
2026-07-26 13:06:18,218 - hybrid_pipeline - INFO - Tile tile_x5376_y7680 完成: 核心擁有 0 細胞 (0 陽性), 0.70 秒
2026-07-26 13:06:18,218 - hybrid_pipeline - INFO - [250/576] 處理 tile: tile_x6912_y7680
2026-07-26 13:06:18,244 - hybrid_pipeline - INFO - Tile tile_x6144_y7680: 核心遮罩全空 → 空白 placeholder
2026-07-26 13:06:18,264 - hybrid_pipeline - INFO - [251/576] 處理 tile: tile_x7680_y7680
2026-07-26 13:06:18,287 - hybrid_pipeline - INFO - Tile tile_x6912_y7680: 核心遮罩全空 → 空白 placeholder
2026-07-26 13:06:18,301 - hybrid_pipeline - INFO - [252/576] 處理 tile: tile_x11520_y7680
2026-07-26 13:06:18,324 - hybrid_pipeline - INFO - Tile tile_x7680_y7680: 核心遮罩全空 → 空白 placeholder
2026-07-26 13:06:18,339 - hybrid_pipeline - INFO - [253/576] 處理 tile: tile_x10752_y7680
2026-07-26 13:06:18,362 - hybrid_pipeline - INFO - Tile tile_x11520_y7680: 核心遮罩全空 → 空白 placeholder
2026-07-26 13:06:18,376 - hybrid_pipeline - INFO - [254/576] 處理 tile: tile_x9216_y7680
2026-07-26 13:06:18,399 - hybrid_pipeline - INFO - Tile tile_x10752_y7680: 核心遮罩全空 → 空白 placeholder
2026-07-26 13:06:18,414 - hybrid_pipeline - INFO - [255/576] 處理 tile: tile_x9984_y7680
2026-07-26 13:06:18,439 - hybrid_pipeline - INFO - Tile tile_x9216_y7680: 核心遮罩全空 → 空白 placeholder
2026-07-26 13:06:18,454 - hybrid_pipeline - INFO - [256/576] 處理 tile: tile_x8448_y7680
2026-07-26 13:06:18,478 - hybrid_pipeline - INFO - Tile tile_x9984_y7680: 核心遮罩全空 → 空白 placeholder
2026-07-26 13:06:18,491 - hybrid_pipeline - INFO - [257/576] 處理 tile: tile_x12288_y7680
2026-07-26 13:06:18,514 - hybrid_pipeline - INFO - Tile tile_x8448_y7680: 核心遮罩全空 → 空白 placeholder
2026-07-26 13:06:18,527 - hybrid_pipeline - INFO - [258/576] 處理 tile: tile_x14592_y7680
2026-07-26 13:06:18,554 - hybrid_pipeline - INFO - Tile tile_x12288_y7680: 核心遮罩全空 → 空白 placeholder
2026-07-26 13:06:18,564 - hybrid_pipeline - INFO - [259/576] 處理 tile: tile_x16128_y7680
2026-07-26 13:06:18,587 - hybrid_pipeline - INFO - Tile tile_x14592_y7680: 核心遮罩全空 → 空白 placeholder
2026-07-26 13:06:18,599 - hybrid_pipeline - INFO - [260/576] 處理 tile: tile_x16896_y7680
2026-07-26 13:06:18,622 - hybrid_pipeline - INFO - Tile tile_x16128_y7680: 核心遮罩全空 → 空白 placeholder
2026-07-26 13:06:18,635 - hybrid_pipeline - INFO - [261/576] 處理 tile: tile_x13056_y7680
2026-07-26 13:06:18,658 - hybrid_pipeline - INFO - Tile tile_x16896_y7680: 核心遮罩全空 → 空白 placeholder
2026-07-26 13:06:18,674 - hybrid_pipeline - INFO - [262/576] 處理 tile: tile_x15360_y7680
2026-07-26 13:06:18,697 - hybrid_pipeline - INFO - Tile tile_x13056_y7680: 核心遮罩全空 → 空白 placeholder
2026-07-26 13:06:18,711 - hybrid_pipeline - INFO - [263/576] 處理 tile: tile_x13824_y7680
2026-07-26 13:06:18,738 - hybrid_pipeline - INFO - Tile tile_x15360_y7680: 核心遮罩全空 → 空白 placeholder
2026-07-26 13:06:18,749 - hybrid_pipeline - INFO - [264/576] 處理 tile: tile_x17664_y7680
2026-07-26 13:06:18,774 - hybrid_pipeline - INFO - Tile tile_x13824_y7680: 核心遮罩全空 → 空白 placeholder
2026-07-26 13:06:18,787 - hybrid_pipeline - INFO - [265/576] 處理 tile: tile_x0_y8448
2026-07-26 13:06:18,811 - hybrid_pipeline - INFO - Tile tile_x17664_y7680: 核心遮罩全空 → 空白 placeholder
2026-07-26 13:06:19,378 - hybrid_pipeline - INFO - [266/576] 處理 tile: tile_x768_y8448
2026-07-26 13:06:19,403 - m3_module.m3_cells_generator - INFO - All-positive 標註完成: 41 個細胞
2026-07-26 13:06:19,452 - m3_module.m3_cells_generator - INFO - enlarge_cell_instances: 41 顆細胞, factor=1.50(面積), 中位半徑=19.6px, 外擴=4.4px
2026-07-26 13:06:19,476 - m3_module.m3_elastic_matching - INFO - elastic_dish_nucleus_matching(overlap-first): IHC=41, DISH=10, matched(1核)=10 (其中重疊=10), drop-out(競爭落敗)=7, 無候選(計入)=24, factor=1.50, min_reach=20.0
2026-07-26 13:06:19,639 - m3_module.m3_dot_detection - INFO - detect_all_dots: 紅點=18, 黑點=27, 涉及細胞=41
2026-07-26 13:06:19,790 - m4_module.cell_crops - INFO - 匯出 15 張 per-cell 影像至 /data/taro_Projects/tsgh/output/r7_run/cell_crops/tile_x0_y8448/cells
2026-07-26 13:06:19,790 - hybrid_pipeline - INFO - Tile tile_x0_y8448 完成: 核心擁有 15 細胞 (15 陽性), 1.00 秒
2026-07-26 13:06:20,039 - hybrid_pipeline - INFO - [267/576] 處理 tile: tile_x1536_y8448
2026-07-26 13:06:20,068 - m3_module.m3_cells_generator - INFO - All-positive 標註完成: 112 個細胞
2026-07-26 13:06:20,123 - m3_module.m3_cells_generator - INFO - enlarge_cell_instances: 112 顆細胞, factor=1.50(面積), 中位半徑=26.0px, 外擴=5.9px
2026-07-26 13:06:20,150 - m3_module.m3_elastic_matching - INFO - elastic_dish_nucleus_matching(overlap-first): IHC=112, DISH=21, matched(1核)=20 (其中重疊=20), drop-out(競爭落敗)=6, 無候選(計入)=86, factor=1.50, min_reach=20.0
2026-07-26 13:06:20,339 - m3_module.m3_dot_detection - INFO - detect_all_dots: 紅點=25, 黑點=35, 涉及細胞=112
2026-07-26 13:06:20,647 - m4_module.cell_crops - INFO - 匯出 70 張 per-cell 影像至 /data/taro_Projects/tsgh/output/r7_run/cell_crops/tile_x768_y8448/cells
2026-07-26 13:06:20,648 - hybrid_pipeline - INFO - Tile tile_x768_y8448 完成: 核心擁有 70 細胞 (70 陽性), 1.27 秒
2026-07-26 13:06:20,697 - hybrid_pipeline - INFO - [268/576] 處理 tile: tile_x2304_y8448
2026-07-26 13:06:20,725 - m3_module.m3_cells_generator - INFO - All-positive 標註完成: 99 個細胞
2026-07-26 13:06:20,780 - m3_module.m3_cells_generator - INFO - enlarge_cell_instances: 99 顆細胞, factor=1.50(面積), 中位半徑=26.0px, 外擴=5.8px
2026-07-26 13:06:20,806 - m3_module.m3_elastic_matching - INFO - elastic_dish_nucleus_matching(overlap-first): IHC=99, DISH=8, matched(1核)=7 (其中重疊=7), drop-out(競爭落敗)=5, 無候選(計入)=87, factor=1.50, min_reach=20.0
2026-07-26 13:06:20,932 - m3_module.m3_dot_detection - INFO - detect_all_dots: 紅點=5, 黑點=7, 涉及細胞=99
2026-07-26 13:06:21,207 - m4_module.cell_crops - INFO - 匯出 65 張 per-cell 影像至 /data/taro_Projects/tsgh/output/r7_run/cell_crops/tile_x1536_y8448/cells
2026-07-26 13:06:21,207 - hybrid_pipeline - INFO - Tile tile_x1536_y8448 完成: 核心擁有 65 細胞 (65 陽性), 1.17 秒
2026-07-26 13:06:21,341 - hybrid_pipeline - INFO - [269/576] 處理 tile: tile_x3072_y8448
2026-07-26 13:06:21,371 - m3_module.m3_cells_generator - INFO - All-positive 標註完成: 124 個細胞
2026-07-26 13:06:21,425 - m3_module.m3_cells_generator - INFO - enlarge_cell_instances: 124 顆細胞, factor=1.50(面積), 中位半徑=24.2px, 外擴=5.4px
2026-07-26 13:06:21,452 - m3_module.m3_elastic_matching - INFO - elastic_dish_nucleus_matching(overlap-first): IHC=124, DISH=13, matched(1核)=12 (其中重疊=12), drop-out(競爭落敗)=5, 無候選(計入)=107, factor=1.50, min_reach=20.0
2026-07-26 13:06:21,605 - m3_module.m3_dot_detection - INFO - detect_all_dots: 紅點=9, 黑點=14, 涉及細胞=124
2026-07-26 13:06:21,983 - m4_module.cell_crops - INFO - 匯出 61 張 per-cell 影像至 /data/taro_Projects/tsgh/output/r7_run/cell_crops/tile_x2304_y8448/cells
2026-07-26 13:06:21,983 - hybrid_pipeline - INFO - Tile tile_x2304_y8448 完成: 核心擁有 61 細胞 (61 陽性), 1.29 秒
2026-07-26 13:06:21,998 - hybrid_pipeline - INFO - [270/576] 處理 tile: tile_x3840_y8448
2026-07-26 13:06:22,024 - m3_module.m3_cells_generator - INFO - All-positive 標註完成: 105 個細胞
2026-07-26 13:06:22,079 - m3_module.m3_cells_generator - INFO - enlarge_cell_instances: 105 顆細胞, factor=1.50(面積), 中位半徑=24.7px, 外擴=5.5px
2026-07-26 13:06:22,107 - m3_module.m3_elastic_matching - INFO - elastic_dish_nucleus_matching(overlap-first): IHC=105, DISH=14, matched(1核)=13 (其中重疊=13), drop-out(競爭落敗)=6, 無候選(計入)=86, factor=1.50, min_reach=20.0
2026-07-26 13:06:22,241 - m3_module.m3_dot_detection - INFO - detect_all_dots: 紅點=6, 黑點=7, 涉及細胞=105
2026-07-26 13:06:22,555 - m4_module.cell_crops - INFO - 匯出 62 張 per-cell 影像至 /data/taro_Projects/tsgh/output/r7_run/cell_crops/tile_x3072_y8448/cells
2026-07-26 13:06:22,555 - hybrid_pipeline - INFO - Tile tile_x3072_y8448 完成: 核心擁有 62 細胞 (62 陽性), 1.21 秒
2026-07-26 13:06:22,626 - hybrid_pipeline - INFO - [271/576] 處理 tile: tile_x4608_y8448
2026-07-26 13:06:22,654 - m3_module.m3_cells_generator - INFO - All-positive 標註完成: 15 個細胞
2026-07-26 13:06:22,686 - m3_module.m3_cells_generator - INFO - enlarge_cell_instances: 15 顆細胞, factor=1.50(面積), 中位半徑=23.6px, 外擴=5.3px
2026-07-26 13:06:22,709 - m3_module.m3_elastic_matching - INFO - elastic_dish_nucleus_matching(overlap-first): IHC=15, DISH=4, matched(1核)=3 (其中重疊=3), drop-out(競爭落敗)=1, 無候選(計入)=11, factor=1.50, min_reach=20.0
2026-07-26 13:06:22,822 - m3_module.m3_dot_detection - INFO - detect_all_dots: 紅點=1, 黑點=0, 涉及細胞=15
2026-07-26 13:06:22,909 - m4_module.cell_crops - INFO - 匯出 0 張 per-cell 影像至 /data/taro_Projects/tsgh/output/r7_run/cell_crops/tile_x3840_y8448/cells
2026-07-26 13:06:22,909 - hybrid_pipeline - INFO - Tile tile_x3840_y8448 完成: 核心擁有 0 細胞 (0 陽性), 0.91 秒
2026-07-26 13:06:22,909 - hybrid_pipeline - INFO - [272/576] 處理 tile: tile_x5376_y8448
2026-07-26 13:06:22,936 - hybrid_pipeline - INFO - Tile tile_x4608_y8448: 核心遮罩全空 → 空白 placeholder
2026-07-26 13:06:22,955 - hybrid_pipeline - INFO - [273/576] 處理 tile: tile_x6144_y8448
2026-07-26 13:06:22,979 - hybrid_pipeline - INFO - Tile tile_x5376_y8448: 核心遮罩全空 → 空白 placeholder
2026-07-26 13:06:22,994 - hybrid_pipeline - INFO - [274/576] 處理 tile: tile_x6912_y8448
2026-07-26 13:06:23,018 - hybrid_pipeline - INFO - Tile tile_x6144_y8448: 核心遮罩全空 → 空白 placeholder
2026-07-26 13:06:23,033 - hybrid_pipeline - INFO - [275/576] 處理 tile: tile_x9984_y8448
2026-07-26 13:06:23,058 - hybrid_pipeline - INFO - Tile tile_x6912_y8448: 核心遮罩全空 → 空白 placeholder
2026-07-26 13:06:23,073 - hybrid_pipeline - INFO - [276/576] 處理 tile: tile_x10752_y8448
2026-07-26 13:06:23,097 - hybrid_pipeline - INFO - Tile tile_x9984_y8448: 核心遮罩全空 → 空白 placeholder
2026-07-26 13:06:23,111 - hybrid_pipeline - INFO - [277/576] 處理 tile: tile_x11520_y8448
2026-07-26 13:06:23,139 - hybrid_pipeline - INFO - Tile tile_x10752_y8448: 核心遮罩全空 → 空白 placeholder
2026-07-26 13:06:23,149 - hybrid_pipeline - INFO - [278/576] 處理 tile: tile_x7680_y8448
2026-07-26 13:06:23,174 - hybrid_pipeline - INFO - Tile tile_x11520_y8448: 核心遮罩全空 → 空白 placeholder
2026-07-26 13:06:23,189 - hybrid_pipeline - INFO - [279/576] 處理 tile: tile_x9216_y8448
2026-07-26 13:06:23,218 - hybrid_pipeline - INFO - Tile tile_x7680_y8448: 核心遮罩全空 → 空白 placeholder
2026-07-26 13:06:23,228 - hybrid_pipeline - INFO - [280/576] 處理 tile: tile_x8448_y8448
2026-07-26 13:06:23,251 - hybrid_pipeline - INFO - Tile tile_x9216_y8448: 核心遮罩全空 → 空白 placeholder
2026-07-26 13:06:23,266 - hybrid_pipeline - INFO - [281/576] 處理 tile: tile_x12288_y8448
2026-07-26 13:06:23,291 - hybrid_pipeline - INFO - Tile tile_x8448_y8448: 核心遮罩全空 → 空白 placeholder
2026-07-26 13:06:23,304 - hybrid_pipeline - INFO - [282/576] 處理 tile: tile_x13056_y8448
2026-07-26 13:06:23,327 - hybrid_pipeline - INFO - Tile tile_x12288_y8448: 核心遮罩全空 → 空白 placeholder
2026-07-26 13:06:23,341 - hybrid_pipeline - INFO - [283/576] 處理 tile: tile_x13824_y8448
2026-07-26 13:06:23,365 - hybrid_pipeline - INFO - Tile tile_x13056_y8448: 核心遮罩全空 → 空白 placeholder
2026-07-26 13:06:23,380 - hybrid_pipeline - INFO - [284/576] 處理 tile: tile_x15360_y8448
2026-07-26 13:06:23,404 - hybrid_pipeline - INFO - Tile tile_x13824_y8448: 核心遮罩全空 → 空白 placeholder
2026-07-26 13:06:23,416 - hybrid_pipeline - INFO - [285/576] 處理 tile: tile_x16128_y8448
2026-07-26 13:06:23,441 - hybrid_pipeline - INFO - Tile tile_x15360_y8448: 核心遮罩全空 → 空白 placeholder
2026-07-26 13:06:23,454 - hybrid_pipeline - INFO - [286/576] 處理 tile: tile_x14592_y8448
2026-07-26 13:06:23,478 - hybrid_pipeline - INFO - Tile tile_x16128_y8448: 核心遮罩全空 → 空白 placeholder
2026-07-26 13:06:23,492 - hybrid_pipeline - INFO - [287/576] 處理 tile: tile_x16896_y8448
2026-07-26 13:06:23,516 - hybrid_pipeline - INFO - Tile tile_x14592_y8448: 核心遮罩全空 → 空白 placeholder
2026-07-26 13:06:23,531 - hybrid_pipeline - INFO - [288/576] 處理 tile: tile_x17664_y8448
2026-07-26 13:06:23,555 - hybrid_pipeline - INFO - Tile tile_x16896_y8448: 核心遮罩全空 → 空白 placeholder
2026-07-26 13:06:23,568 - hybrid_pipeline - INFO - [289/576] 處理 tile: tile_x0_y9216
2026-07-26 13:06:23,593 - hybrid_pipeline - INFO - Tile tile_x17664_y8448: 核心遮罩全空 → 空白 placeholder
2026-07-26 13:06:24,192 - hybrid_pipeline - INFO - [290/576] 處理 tile: tile_x2304_y9216
2026-07-26 13:06:24,222 - m3_module.m3_cells_generator - INFO - All-positive 標註完成: 73 個細胞
2026-07-26 13:06:24,271 - m3_module.m3_cells_generator - INFO - enlarge_cell_instances: 73 顆細胞, factor=1.50(面積), 中位半徑=21.9px, 外擴=4.9px
2026-07-26 13:06:24,299 - m3_module.m3_elastic_matching - INFO - elastic_dish_nucleus_matching(overlap-first): IHC=73, DISH=34, matched(1核)=13 (其中重疊=13), drop-out(競爭落敗)=3, 無候選(計入)=57, factor=1.50, min_reach=20.0
2026-07-26 13:06:24,462 - m3_module.m3_dot_detection - INFO - detect_all_dots: 紅點=15, 黑點=27, 涉及細胞=73
2026-07-26 13:06:24,731 - m4_module.cell_crops - INFO - 匯出 61 張 per-cell 影像至 /data/taro_Projects/tsgh/output/r7_run/cell_crops/tile_x0_y9216/cells
2026-07-26 13:06:24,731 - hybrid_pipeline - INFO - Tile tile_x0_y9216 完成: 核心擁有 61 細胞 (61 陽性), 1.16 秒
2026-07-26 13:06:24,822 - hybrid_pipeline - INFO - [291/576] 處理 tile: tile_x768_y9216
2026-07-26 13:06:24,853 - m3_module.m3_cells_generator - INFO - All-positive 標註完成: 68 個細胞
2026-07-26 13:06:24,909 - m3_module.m3_cells_generator - INFO - enlarge_cell_instances: 68 顆細胞, factor=1.50(面積), 中位半徑=23.3px, 外擴=5.2px
2026-07-26 13:06:24,934 - m3_module.m3_elastic_matching - INFO - elastic_dish_nucleus_matching(overlap-first): IHC=68, DISH=14, matched(1核)=10 (其中重疊=10), drop-out(競爭落敗)=4, 無候選(計入)=54, factor=1.50, min_reach=20.0
2026-07-26 13:06:25,053 - m3_module.m3_dot_detection - INFO - detect_all_dots: 紅點=11, 黑點=17, 涉及細胞=68
2026-07-26 13:06:25,291 - m4_module.cell_crops - INFO - 匯出 42 張 per-cell 影像至 /data/taro_Projects/tsgh/output/r7_run/cell_crops/tile_x2304_y9216/cells
2026-07-26 13:06:25,291 - hybrid_pipeline - INFO - Tile tile_x2304_y9216 完成: 核心擁有 42 細胞 (42 陽性), 1.10 秒
2026-07-26 13:06:25,410 - hybrid_pipeline - INFO - [292/576] 處理 tile: tile_x3840_y9216
2026-07-26 13:06:25,439 - m3_module.m3_cells_generator - INFO - All-positive 標註完成: 36 個細胞
2026-07-26 13:06:25,488 - m3_module.m3_cells_generator - INFO - enlarge_cell_instances: 36 顆細胞, factor=1.50(面積), 中位半徑=23.7px, 外擴=5.3px
2026-07-26 13:06:25,512 - m3_module.m3_elastic_matching - INFO - elastic_dish_nucleus_matching(overlap-first): IHC=36, DISH=3, matched(1核)=1 (其中重疊=1), drop-out(競爭落敗)=0, 無候選(計入)=35, factor=1.50, min_reach=20.0
2026-07-26 13:06:25,607 - m3_module.m3_dot_detection - INFO - detect_all_dots: 紅點=0, 黑點=0, 涉及細胞=36
2026-07-26 13:06:25,752 - m4_module.cell_crops - INFO - 匯出 16 張 per-cell 影像至 /data/taro_Projects/tsgh/output/r7_run/cell_crops/tile_x768_y9216/cells
2026-07-26 13:06:25,752 - hybrid_pipeline - INFO - Tile tile_x768_y9216 完成: 核心擁有 16 細胞 (16 陽性), 0.93 秒
2026-07-26 13:06:26,003 - hybrid_pipeline - INFO - [293/576] 處理 tile: tile_x3072_y9216
2026-07-26 13:06:26,035 - m3_module.m3_cells_generator - INFO - All-positive 標註完成: 27 個細胞
2026-07-26 13:06:26,074 - m3_module.m3_cells_generator - INFO - enlarge_cell_instances: 27 顆細胞, factor=1.50(面積), 中位半徑=24.3px, 外擴=5.5px
2026-07-26 13:06:26,098 - m3_module.m3_elastic_matching - INFO - elastic_dish_nucleus_matching(overlap-first): IHC=27, DISH=1, matched(1核)=1 (其中重疊=1), drop-out(競爭落敗)=0, 無候選(計入)=26, factor=1.50, min_reach=20.0
2026-07-26 13:06:26,184 - m3_module.m3_dot_detection - INFO - detect_all_dots: 紅點=1, 黑點=2, 涉及細胞=27
2026-07-26 13:06:26,305 - m4_module.cell_crops - INFO - 匯出 16 張 per-cell 影像至 /data/taro_Projects/tsgh/output/r7_run/cell_crops/tile_x3840_y9216/cells
2026-07-26 13:06:26,305 - hybrid_pipeline - INFO - Tile tile_x3840_y9216 完成: 核心擁有 16 細胞 (16 陽性), 0.89 秒
2026-07-26 13:06:26,644 - hybrid_pipeline - INFO - [294/576] 處理 tile: tile_x1536_y9216
2026-07-26 13:06:26,673 - m3_module.m3_cells_generator - INFO - All-positive 標註完成: 72 個細胞
2026-07-26 13:06:26,729 - m3_module.m3_cells_generator - INFO - enlarge_cell_instances: 72 顆細胞, factor=1.50(面積), 中位半徑=23.5px, 外擴=5.3px
2026-07-26 13:06:26,754 - m3_module.m3_elastic_matching - INFO - elastic_dish_nucleus_matching(overlap-first): IHC=72, DISH=4, matched(1核)=4 (其中重疊=4), drop-out(競爭落敗)=3, 無候選(計入)=65, factor=1.50, min_reach=20.0
2026-07-26 13:06:26,857 - m3_module.m3_dot_detection - INFO - detect_all_dots: 紅點=6, 黑點=7, 涉及細胞=72
2026-07-26 13:06:27,075 - m4_module.cell_crops - INFO - 匯出 36 張 per-cell 影像至 /data/taro_Projects/tsgh/output/r7_run/cell_crops/tile_x3072_y9216/cells
2026-07-26 13:06:27,075 - hybrid_pipeline - INFO - Tile tile_x3072_y9216 完成: 核心擁有 36 細胞 (36 陽性), 1.07 秒
2026-07-26 13:06:27,251 - hybrid_pipeline - INFO - [295/576] 處理 tile: tile_x5376_y9216
2026-07-26 13:06:27,281 - m3_module.m3_cells_generator - INFO - All-positive 標註完成: 55 個細胞
2026-07-26 13:06:27,334 - m3_module.m3_cells_generator - INFO - enlarge_cell_instances: 55 顆細胞, factor=1.50(面積), 中位半徑=20.7px, 外擴=4.7px
2026-07-26 13:06:27,357 - m3_module.m3_elastic_matching - INFO - elastic_dish_nucleus_matching(overlap-first): IHC=55, DISH=10, matched(1核)=6 (其中重疊=6), drop-out(競爭落敗)=5, 無候選(計入)=44, factor=1.50, min_reach=20.0
2026-07-26 13:06:27,456 - m3_module.m3_dot_detection - INFO - detect_all_dots: 紅點=6, 黑點=6, 涉及細胞=55
2026-07-26 13:06:27,636 - m4_module.cell_crops - INFO - 匯出 32 張 per-cell 影像至 /data/taro_Projects/tsgh/output/r7_run/cell_crops/tile_x1536_y9216/cells
2026-07-26 13:06:27,636 - hybrid_pipeline - INFO - Tile tile_x1536_y9216 完成: 核心擁有 32 細胞 (32 陽性), 0.99 秒
2026-07-26 13:06:27,638 - hybrid_pipeline - INFO - [296/576] 處理 tile: tile_x4608_y9216
2026-07-26 13:06:27,664 - hybrid_pipeline - INFO - Tile tile_x5376_y9216: 核心遮罩全空 → 空白 placeholder
2026-07-26 13:06:27,689 - hybrid_pipeline - INFO - [297/576] 處理 tile: tile_x6144_y9216
2026-07-26 13:06:27,712 - hybrid_pipeline - INFO - Tile tile_x4608_y9216: 核心遮罩全空 → 空白 placeholder
2026-07-26 13:06:27,730 - hybrid_pipeline - INFO - [298/576] 處理 tile: tile_x6912_y9216
2026-07-26 13:06:27,753 - hybrid_pipeline - INFO - Tile tile_x6144_y9216: 核心遮罩全空 → 空白 placeholder
2026-07-26 13:06:27,768 - hybrid_pipeline - INFO - [299/576] 處理 tile: tile_x9216_y9216
2026-07-26 13:06:27,791 - hybrid_pipeline - INFO - Tile tile_x6912_y9216: 核心遮罩全空 → 空白 placeholder
2026-07-26 13:06:27,811 - hybrid_pipeline - INFO - [300/576] 處理 tile: tile_x9984_y9216
2026-07-26 13:06:27,835 - hybrid_pipeline - INFO - Tile tile_x9216_y9216: 核心遮罩全空 → 空白 placeholder
2026-07-26 13:06:27,850 - hybrid_pipeline - INFO - [301/576] 處理 tile: tile_x8448_y9216
2026-07-26 13:06:27,872 - hybrid_pipeline - INFO - Tile tile_x9984_y9216: 核心遮罩全空 → 空白 placeholder
2026-07-26 13:06:27,889 - hybrid_pipeline - INFO - [302/576] 處理 tile: tile_x7680_y9216
2026-07-26 13:06:27,912 - hybrid_pipeline - INFO - Tile tile_x8448_y9216: 核心遮罩全空 → 空白 placeholder
2026-07-26 13:06:27,930 - hybrid_pipeline - INFO - [303/576] 處理 tile: tile_x11520_y9216
2026-07-26 13:06:27,953 - hybrid_pipeline - INFO - Tile tile_x7680_y9216: 核心遮罩全空 → 空白 placeholder
2026-07-26 13:06:27,968 - hybrid_pipeline - INFO - [304/576] 處理 tile: tile_x10752_y9216
2026-07-26 13:06:27,995 - hybrid_pipeline - INFO - Tile tile_x11520_y9216: 核心遮罩全空 → 空白 placeholder
2026-07-26 13:06:28,006 - hybrid_pipeline - INFO - [305/576] 處理 tile: tile_x12288_y9216
2026-07-26 13:06:28,030 - hybrid_pipeline - INFO - Tile tile_x10752_y9216: 核心遮罩全空 → 空白 placeholder
2026-07-26 13:06:28,044 - hybrid_pipeline - INFO - [306/576] 處理 tile: tile_x14592_y9216
2026-07-26 13:06:28,067 - hybrid_pipeline - INFO - Tile tile_x12288_y9216: 核心遮罩全空 → 空白 placeholder
2026-07-26 13:06:28,080 - hybrid_pipeline - INFO - [307/576] 處理 tile: tile_x15360_y9216
2026-07-26 13:06:28,103 - hybrid_pipeline - INFO - Tile tile_x14592_y9216: 核心遮罩全空 → 空白 placeholder
2026-07-26 13:06:28,118 - hybrid_pipeline - INFO - [308/576] 處理 tile: tile_x16128_y9216
2026-07-26 13:06:28,141 - hybrid_pipeline - INFO - Tile tile_x15360_y9216: 核心遮罩全空 → 空白 placeholder
2026-07-26 13:06:28,155 - hybrid_pipeline - INFO - [309/576] 處理 tile: tile_x13824_y9216
2026-07-26 13:06:28,178 - hybrid_pipeline - INFO - Tile tile_x16128_y9216: 核心遮罩全空 → 空白 placeholder
2026-07-26 13:06:28,190 - hybrid_pipeline - INFO - [310/576] 處理 tile: tile_x16896_y9216
2026-07-26 13:06:28,214 - hybrid_pipeline - INFO - Tile tile_x13824_y9216: 核心遮罩全空 → 空白 placeholder
2026-07-26 13:06:28,226 - hybrid_pipeline - INFO - [311/576] 處理 tile: tile_x13056_y9216
2026-07-26 13:06:28,250 - hybrid_pipeline - INFO - Tile tile_x16896_y9216: 核心遮罩全空 → 空白 placeholder
2026-07-26 13:06:28,267 - hybrid_pipeline - INFO - [312/576] 處理 tile: tile_x17664_y9216
2026-07-26 13:06:28,290 - hybrid_pipeline - INFO - Tile tile_x13056_y9216: 核心遮罩全空 → 空白 placeholder
2026-07-26 13:06:28,302 - hybrid_pipeline - INFO - [313/576] 處理 tile: tile_x0_y9984
2026-07-26 13:06:28,325 - hybrid_pipeline - INFO - Tile tile_x17664_y9216: 核心遮罩全空 → 空白 placeholder
2026-07-26 13:06:28,953 - hybrid_pipeline - INFO - [314/576] 處理 tile: tile_x768_y9984
2026-07-26 13:06:28,981 - m3_module.m3_cells_generator - INFO - All-positive 標註完成: 137 個細胞
2026-07-26 13:06:29,041 - m3_module.m3_cells_generator - INFO - enlarge_cell_instances: 137 顆細胞, factor=1.50(面積), 中位半徑=23.6px, 外擴=5.3px
2026-07-26 13:06:29,072 - m3_module.m3_elastic_matching - INFO - elastic_dish_nucleus_matching(overlap-first): IHC=137, DISH=32, matched(1核)=15 (其中重疊=15), drop-out(競爭落敗)=2, 無候選(計入)=120, factor=1.50, min_reach=20.0
2026-07-26 13:06:29,207 - m3_module.m3_dot_detection - INFO - detect_all_dots: 紅點=15, 黑點=25, 涉及細胞=137
2026-07-26 13:06:29,564 - m4_module.cell_crops - INFO - 匯出 92 張 per-cell 影像至 /data/taro_Projects/tsgh/output/r7_run/cell_crops/tile_x0_y9984/cells
2026-07-26 13:06:29,564 - hybrid_pipeline - INFO - Tile tile_x0_y9984 完成: 核心擁有 92 細胞 (92 陽性), 1.26 秒
2026-07-26 13:06:29,583 - hybrid_pipeline - INFO - [315/576] 處理 tile: tile_x1536_y9984
2026-07-26 13:06:29,606 - m3_module.m3_cells_generator - INFO - All-positive 標註完成: 71 個細胞
2026-07-26 13:06:29,658 - m3_module.m3_cells_generator - INFO - enlarge_cell_instances: 71 顆細胞, factor=1.50(面積), 中位半徑=23.3px, 外擴=5.2px
2026-07-26 13:06:29,683 - m3_module.m3_elastic_matching - INFO - elastic_dish_nucleus_matching(overlap-first): IHC=71, DISH=7, matched(1核)=5 (其中重疊=5), drop-out(競爭落敗)=3, 無候選(計入)=63, factor=1.50, min_reach=20.0
2026-07-26 13:06:29,782 - m3_module.m3_dot_detection - INFO - detect_all_dots: 紅點=3, 黑點=2, 涉及細胞=71
2026-07-26 13:06:29,970 - m4_module.cell_crops - INFO - 匯出 36 張 per-cell 影像至 /data/taro_Projects/tsgh/output/r7_run/cell_crops/tile_x768_y9984/cells
2026-07-26 13:06:29,970 - hybrid_pipeline - INFO - Tile tile_x768_y9984 完成: 核心擁有 36 細胞 (36 陽性), 1.02 秒
2026-07-26 13:06:30,234 - hybrid_pipeline - INFO - [316/576] 處理 tile: tile_x3072_y9984
2026-07-26 13:06:30,263 - m3_module.m3_cells_generator - INFO - All-positive 標註完成: 89 個細胞
2026-07-26 13:06:30,321 - m3_module.m3_cells_generator - INFO - enlarge_cell_instances: 89 顆細胞, factor=1.50(面積), 中位半徑=26.0px, 外擴=5.9px
2026-07-26 13:06:30,349 - m3_module.m3_elastic_matching - INFO - elastic_dish_nucleus_matching(overlap-first): IHC=89, DISH=31, matched(1核)=17 (其中重疊=15), drop-out(競爭落敗)=5, 無候選(計入)=67, factor=1.50, min_reach=20.0
2026-07-26 13:06:30,471 - m3_module.m3_dot_detection - INFO - detect_all_dots: 紅點=9, 黑點=15, 涉及細胞=89
2026-07-26 13:06:30,478 - cellpose.dynamics - INFO - No cell pixels found.
2026-07-26 13:06:30,752 - m4_module.cell_crops - INFO - 匯出 58 張 per-cell 影像至 /data/taro_Projects/tsgh/output/r7_run/cell_crops/tile_x1536_y9984/cells
2026-07-26 13:06:30,752 - hybrid_pipeline - INFO - Tile tile_x1536_y9984 完成: 核心擁有 58 細胞 (58 陽性), 1.17 秒
2026-07-26 13:06:30,786 - hybrid_pipeline - INFO - [317/576] 處理 tile: tile_x2304_y9984
2026-07-26 13:06:30,792 - m3_module.m3_cells_generator - INFO - All-positive 標註完成: 0 個細胞
2026-07-26 13:06:30,896 - m3_module.m3_dot_detection - INFO - detect_all_dots: 紅點=0, 黑點=0, 涉及細胞=0
2026-07-26 13:06:30,926 - m4_module.cell_crops - INFO - 匯出 0 張 per-cell 影像至 /data/taro_Projects/tsgh/output/r7_run/cell_crops/tile_x3072_y9984/cells
2026-07-26 13:06:30,926 - hybrid_pipeline - INFO - Tile tile_x3072_y9984 完成: 核心擁有 0 細胞 (0 陽性), 0.69 秒
2026-07-26 13:06:31,385 - hybrid_pipeline - INFO - [318/576] 處理 tile: tile_x3840_y9984
2026-07-26 13:06:31,414 - m3_module.m3_cells_generator - INFO - All-positive 標註完成: 30 個細胞
2026-07-26 13:06:31,459 - m3_module.m3_cells_generator - INFO - enlarge_cell_instances: 30 顆細胞, factor=1.50(面積), 中位半徑=22.2px, 外擴=5.0px
2026-07-26 13:06:31,481 - m3_module.m3_elastic_matching - INFO - elastic_dish_nucleus_matching(overlap-first): IHC=30, DISH=14, matched(1核)=3 (其中重疊=3), drop-out(競爭落敗)=0, 無候選(計入)=27, factor=1.50, min_reach=20.0
2026-07-26 13:06:31,564 - m3_module.m3_dot_detection - INFO - detect_all_dots: 紅點=2, 黑點=4, 涉及細胞=30
2026-07-26 13:06:31,681 - m4_module.cell_crops - INFO - 匯出 12 張 per-cell 影像至 /data/taro_Projects/tsgh/output/r7_run/cell_crops/tile_x2304_y9984/cells
2026-07-26 13:06:31,681 - hybrid_pipeline - INFO - Tile tile_x2304_y9984 完成: 核心擁有 12 細胞 (12 陽性), 0.89 秒
2026-07-26 13:06:31,681 - hybrid_pipeline - INFO - [319/576] 處理 tile: tile_x4608_y9984
2026-07-26 13:06:31,706 - hybrid_pipeline - INFO - Tile tile_x3840_y9984: 核心遮罩全空 → 空白 placeholder
2026-07-26 13:06:31,727 - hybrid_pipeline - INFO - [320/576] 處理 tile: tile_x5376_y9984
2026-07-26 13:06:31,751 - hybrid_pipeline - INFO - Tile tile_x4608_y9984: 核心遮罩全空 → 空白 placeholder
2026-07-26 13:06:31,766 - hybrid_pipeline - INFO - [321/576] 處理 tile: tile_x6144_y9984
2026-07-26 13:06:31,792 - hybrid_pipeline - INFO - Tile tile_x5376_y9984: 核心遮罩全空 → 空白 placeholder
2026-07-26 13:06:31,805 - hybrid_pipeline - INFO - [322/576] 處理 tile: tile_x6912_y9984
2026-07-26 13:06:31,830 - hybrid_pipeline - INFO - Tile tile_x6144_y9984: 核心遮罩全空 → 空白 placeholder
2026-07-26 13:06:31,846 - hybrid_pipeline - INFO - [323/576] 處理 tile: tile_x9984_y9984
2026-07-26 13:06:31,873 - hybrid_pipeline - INFO - Tile tile_x6912_y9984: 核心遮罩全空 → 空白 placeholder
2026-07-26 13:06:31,885 - hybrid_pipeline - INFO - [324/576] 處理 tile: tile_x7680_y9984
2026-07-26 13:06:31,908 - hybrid_pipeline - INFO - Tile tile_x9984_y9984: 核心遮罩全空 → 空白 placeholder
2026-07-26 13:06:31,926 - hybrid_pipeline - INFO - [325/576] 處理 tile: tile_x8448_y9984
2026-07-26 13:06:31,950 - hybrid_pipeline - INFO - Tile tile_x7680_y9984: 核心遮罩全空 → 空白 placeholder
2026-07-26 13:06:31,964 - hybrid_pipeline - INFO - [326/576] 處理 tile: tile_x10752_y9984
2026-07-26 13:06:31,988 - hybrid_pipeline - INFO - Tile tile_x8448_y9984: 核心遮罩全空 → 空白 placeholder
2026-07-26 13:06:32,000 - hybrid_pipeline - INFO - [327/576] 處理 tile: tile_x9216_y9984
2026-07-26 13:06:32,026 - hybrid_pipeline - INFO - Tile tile_x10752_y9984: 核心遮罩全空 → 空白 placeholder
2026-07-26 13:06:32,041 - hybrid_pipeline - INFO - [328/576] 處理 tile: tile_x11520_y9984
2026-07-26 13:06:32,066 - hybrid_pipeline - INFO - Tile tile_x9216_y9984: 核心遮罩全空 → 空白 placeholder
2026-07-26 13:06:32,079 - hybrid_pipeline - INFO - [329/576] 處理 tile: tile_x15360_y9984
2026-07-26 13:06:32,103 - hybrid_pipeline - INFO - Tile tile_x11520_y9984: 核心遮罩全空 → 空白 placeholder
2026-07-26 13:06:32,118 - hybrid_pipeline - INFO - [330/576] 處理 tile: tile_x16128_y9984
2026-07-26 13:06:32,140 - hybrid_pipeline - INFO - Tile tile_x15360_y9984: 核心遮罩全空 → 空白 placeholder
2026-07-26 13:06:32,154 - hybrid_pipeline - INFO - [331/576] 處理 tile: tile_x13824_y9984
2026-07-26 13:06:32,177 - hybrid_pipeline - INFO - Tile tile_x16128_y9984: 核心遮罩全空 → 空白 placeholder
2026-07-26 13:06:32,190 - hybrid_pipeline - INFO - [332/576] 處理 tile: tile_x12288_y9984
2026-07-26 13:06:32,217 - hybrid_pipeline - INFO - Tile tile_x13824_y9984: 核心遮罩全空 → 空白 placeholder
2026-07-26 13:06:32,227 - hybrid_pipeline - INFO - [333/576] 處理 tile: tile_x14592_y9984
2026-07-26 13:06:32,251 - hybrid_pipeline - INFO - Tile tile_x12288_y9984: 核心遮罩全空 → 空白 placeholder
2026-07-26 13:06:32,263 - hybrid_pipeline - INFO - [334/576] 處理 tile: tile_x13056_y9984
2026-07-26 13:06:32,291 - hybrid_pipeline - INFO - Tile tile_x14592_y9984: 核心遮罩全空 → 空白 placeholder
2026-07-26 13:06:32,300 - hybrid_pipeline - INFO - [335/576] 處理 tile: tile_x16896_y9984
2026-07-26 13:06:32,323 - hybrid_pipeline - INFO - Tile tile_x13056_y9984: 核心遮罩全空 → 空白 placeholder
2026-07-26 13:06:32,336 - hybrid_pipeline - INFO - [336/576] 處理 tile: tile_x17664_y9984
2026-07-26 13:06:32,361 - hybrid_pipeline - INFO - Tile tile_x16896_y9984: 核心遮罩全空 → 空白 placeholder
2026-07-26 13:06:32,373 - hybrid_pipeline - INFO - [337/576] 處理 tile: tile_x768_y10752
2026-07-26 13:06:32,396 - hybrid_pipeline - INFO - Tile tile_x17664_y9984: 核心遮罩全空 → 空白 placeholder
2026-07-26 13:06:32,983 - hybrid_pipeline - INFO - [338/576] 處理 tile: tile_x1536_y10752
2026-07-26 13:06:33,011 - m3_module.m3_cells_generator - INFO - All-positive 標註完成: 120 個細胞
2026-07-26 13:06:33,068 - m3_module.m3_cells_generator - INFO - enlarge_cell_instances: 120 顆細胞, factor=1.50(面積), 中位半徑=21.2px, 外擴=4.8px
2026-07-26 13:06:33,095 - m3_module.m3_elastic_matching - INFO - elastic_dish_nucleus_matching(overlap-first): IHC=120, DISH=25, matched(1核)=20 (其中重疊=19), drop-out(競爭落敗)=5, 無候選(計入)=95, factor=1.50, min_reach=20.0
2026-07-26 13:06:33,276 - m3_module.m3_dot_detection - INFO - detect_all_dots: 紅點=26, 黑點=39, 涉及細胞=120
2026-07-26 13:06:33,525 - m4_module.cell_crops - INFO - 匯出 52 張 per-cell 影像至 /data/taro_Projects/tsgh/output/r7_run/cell_crops/tile_x768_y10752/cells
2026-07-26 13:06:33,525 - hybrid_pipeline - INFO - Tile tile_x768_y10752 完成: 核心擁有 52 細胞 (52 陽性), 1.15 秒
2026-07-26 13:06:33,628 - hybrid_pipeline - INFO - [339/576] 處理 tile: tile_x0_y10752
2026-07-26 13:06:33,658 - m3_module.m3_cells_generator - INFO - All-positive 標註完成: 109 個細胞
2026-07-26 13:06:33,711 - m3_module.m3_cells_generator - INFO - enlarge_cell_instances: 109 顆細胞, factor=1.50(面積), 中位半徑=21.6px, 外擴=4.9px
2026-07-26 13:06:33,739 - m3_module.m3_elastic_matching - INFO - elastic_dish_nucleus_matching(overlap-first): IHC=109, DISH=33, matched(1核)=25 (其中重疊=25), drop-out(競爭落敗)=6, 無候選(計入)=78, factor=1.50, min_reach=20.0
2026-07-26 13:06:33,929 - m3_module.m3_dot_detection - INFO - detect_all_dots: 紅點=29, 黑點=44, 涉及細胞=109
2026-07-26 13:06:34,164 - m4_module.cell_crops - INFO - 匯出 67 張 per-cell 影像至 /data/taro_Projects/tsgh/output/r7_run/cell_crops/tile_x1536_y10752/cells
2026-07-26 13:06:34,164 - hybrid_pipeline - INFO - Tile tile_x1536_y10752 完成: 核心擁有 67 細胞 (67 陽性), 1.18 秒
2026-07-26 13:06:34,306 - hybrid_pipeline - INFO - [340/576] 處理 tile: tile_x4608_y10752
2026-07-26 13:06:34,335 - m3_module.m3_cells_generator - INFO - All-positive 標註完成: 131 個細胞
2026-07-26 13:06:34,392 - m3_module.m3_cells_generator - INFO - enlarge_cell_instances: 131 顆細胞, factor=1.50(面積), 中位半徑=22.7px, 外擴=5.1px
2026-07-26 13:06:34,420 - m3_module.m3_elastic_matching - INFO - elastic_dish_nucleus_matching(overlap-first): IHC=131, DISH=30, matched(1核)=23 (其中重疊=23), drop-out(競爭落敗)=9, 無候選(計入)=99, factor=1.50, min_reach=20.0
2026-07-26 13:06:34,640 - m3_module.m3_dot_detection - INFO - detect_all_dots: 紅點=41, 黑點=66, 涉及細胞=131
2026-07-26 13:06:34,960 - m4_module.cell_crops - INFO - 匯出 80 張 per-cell 影像至 /data/taro_Projects/tsgh/output/r7_run/cell_crops/tile_x0_y10752/cells
2026-07-26 13:06:34,960 - hybrid_pipeline - INFO - Tile tile_x0_y10752 完成: 核心擁有 80 細胞 (80 陽性), 1.33 秒
2026-07-26 13:06:34,960 - hybrid_pipeline - INFO - [341/576] 處理 tile: tile_x2304_y10752
2026-07-26 13:06:34,982 - m3_module.m3_cells_generator - INFO - All-positive 標註完成: 15 個細胞
2026-07-26 13:06:35,019 - m3_module.m3_cells_generator - INFO - enlarge_cell_instances: 15 顆細胞, factor=1.50(面積), 中位半徑=20.2px, 外擴=4.5px
2026-07-26 13:06:35,043 - m3_module.m3_elastic_matching - INFO - elastic_dish_nucleus_matching(overlap-first): IHC=15, DISH=7, matched(1核)=5 (其中重疊=5), drop-out(競爭落敗)=0, 無候選(計入)=10, factor=1.50, min_reach=20.0
2026-07-26 13:06:35,142 - m3_module.m3_dot_detection - INFO - detect_all_dots: 紅點=6, 黑點=5, 涉及細胞=15
2026-07-26 13:06:35,240 - m4_module.cell_crops - INFO - 匯出 3 張 per-cell 影像至 /data/taro_Projects/tsgh/output/r7_run/cell_crops/tile_x4608_y10752/cells
2026-07-26 13:06:35,240 - hybrid_pipeline - INFO - Tile tile_x4608_y10752 完成: 核心擁有 3 細胞 (3 陽性), 0.93 秒
2026-07-26 13:06:35,547 - hybrid_pipeline - INFO - [342/576] 處理 tile: tile_x3840_y10752
2026-07-26 13:06:35,574 - m3_module.m3_cells_generator - INFO - All-positive 標註完成: 4 個細胞
2026-07-26 13:06:35,604 - m3_module.m3_cells_generator - INFO - enlarge_cell_instances: 4 顆細胞, factor=1.50(面積), 中位半徑=29.5px, 外擴=6.6px
2026-07-26 13:06:35,627 - m3_module.m3_elastic_matching - INFO - elastic_dish_nucleus_matching(overlap-first): IHC=4, DISH=1, matched(1核)=1 (其中重疊=1), drop-out(競爭落敗)=0, 無候選(計入)=3, factor=1.50, min_reach=20.0
2026-07-26 13:06:35,716 - m3_module.m3_dot_detection - INFO - detect_all_dots: 紅點=0, 黑點=1, 涉及細胞=4
2026-07-26 13:06:35,782 - m4_module.cell_crops - INFO - 匯出 1 張 per-cell 影像至 /data/taro_Projects/tsgh/output/r7_run/cell_crops/tile_x2304_y10752/cells
2026-07-26 13:06:35,782 - hybrid_pipeline - INFO - Tile tile_x2304_y10752 完成: 核心擁有 1 細胞 (1 陽性), 0.82 秒
2026-07-26 13:06:35,786 - cellpose.dynamics - INFO - No cell pixels found.
2026-07-26 13:06:36,094 - hybrid_pipeline - INFO - [343/576] 處理 tile: tile_x3072_y10752
2026-07-26 13:06:36,109 - m3_module.m3_cells_generator - INFO - All-positive 標註完成: 0 個細胞
2026-07-26 13:06:36,198 - m3_module.m3_dot_detection - INFO - detect_all_dots: 紅點=0, 黑點=0, 涉及細胞=0
2026-07-26 13:06:36,227 - m4_module.cell_crops - INFO - 匯出 0 張 per-cell 影像至 /data/taro_Projects/tsgh/output/r7_run/cell_crops/tile_x3840_y10752/cells
2026-07-26 13:06:36,227 - hybrid_pipeline - INFO - Tile tile_x3840_y10752 完成: 核心擁有 0 細胞 (0 陽性), 0.68 秒
2026-07-26 13:06:36,227 - hybrid_pipeline - INFO - [344/576] 處理 tile: tile_x5376_y10752
2026-07-26 13:06:36,254 - hybrid_pipeline - INFO - Tile tile_x3072_y10752: 核心遮罩全空 → 空白 placeholder
2026-07-26 13:06:36,810 - hybrid_pipeline - INFO - [345/576] 處理 tile: tile_x6144_y10752
2026-07-26 13:06:36,839 - m3_module.m3_cells_generator - INFO - All-positive 標註完成: 23 個細胞
2026-07-26 13:06:36,884 - m3_module.m3_cells_generator - INFO - enlarge_cell_instances: 23 顆細胞, factor=1.50(面積), 中位半徑=19.5px, 外擴=4.4px
2026-07-26 13:06:36,908 - m3_module.m3_elastic_matching - INFO - elastic_dish_nucleus_matching(overlap-first): IHC=23, DISH=15, matched(1核)=10 (其中重疊=9), drop-out(競爭落敗)=1, 無候選(計入)=12, factor=1.50, min_reach=20.0
2026-07-26 13:06:37,027 - m3_module.m3_dot_detection - INFO - detect_all_dots: 紅點=12, 黑點=14, 涉及細胞=23
2026-07-26 13:06:37,134 - m4_module.cell_crops - INFO - 匯出 1 張 per-cell 影像至 /data/taro_Projects/tsgh/output/r7_run/cell_crops/tile_x5376_y10752/cells
2026-07-26 13:06:37,134 - hybrid_pipeline - INFO - Tile tile_x5376_y10752 完成: 核心擁有 1 細胞 (1 陽性), 0.91 秒
2026-07-26 13:06:37,382 - hybrid_pipeline - INFO - [346/576] 處理 tile: tile_x7680_y10752
2026-07-26 13:06:37,411 - m3_module.m3_cells_generator - INFO - All-positive 標註完成: 6 個細胞
2026-07-26 13:06:37,438 - m3_module.m3_cells_generator - INFO - enlarge_cell_instances: 6 顆細胞, factor=1.50(面積), 中位半徑=12.7px, 外擴=2.8px
2026-07-26 13:06:37,460 - m3_module.m3_elastic_matching - INFO - elastic_dish_nucleus_matching(overlap-first): IHC=6, DISH=1, matched(1核)=1 (其中重疊=1), drop-out(競爭落敗)=1, 無候選(計入)=4, factor=1.50, min_reach=20.0
2026-07-26 13:06:37,539 - m3_module.m3_dot_detection - INFO - detect_all_dots: 紅點=0, 黑點=0, 涉及細胞=6
2026-07-26 13:06:37,589 - m4_module.cell_crops - INFO - 匯出 0 張 per-cell 影像至 /data/taro_Projects/tsgh/output/r7_run/cell_crops/tile_x6144_y10752/cells
2026-07-26 13:06:37,589 - hybrid_pipeline - INFO - Tile tile_x6144_y10752 完成: 核心擁有 0 細胞 (0 陽性), 0.78 秒
2026-07-26 13:06:37,591 - hybrid_pipeline - INFO - [347/576] 處理 tile: tile_x8448_y10752
2026-07-26 13:06:37,616 - hybrid_pipeline - INFO - Tile tile_x7680_y10752: 核心遮罩全空 → 空白 placeholder
2026-07-26 13:06:37,640 - hybrid_pipeline - INFO - [348/576] 處理 tile: tile_x6912_y10752
2026-07-26 13:06:37,664 - hybrid_pipeline - INFO - Tile tile_x8448_y10752: 核心遮罩全空 → 空白 placeholder
2026-07-26 13:06:37,679 - hybrid_pipeline - INFO - [349/576] 處理 tile: tile_x9984_y10752
2026-07-26 13:06:37,703 - hybrid_pipeline - INFO - Tile tile_x6912_y10752: 核心遮罩全空 → 空白 placeholder
2026-07-26 13:06:37,716 - hybrid_pipeline - INFO - [350/576] 處理 tile: tile_x9216_y10752
2026-07-26 13:06:37,739 - hybrid_pipeline - INFO - Tile tile_x9984_y10752: 核心遮罩全空 → 空白 placeholder
2026-07-26 13:06:37,753 - hybrid_pipeline - INFO - [351/576] 處理 tile: tile_x10752_y10752
2026-07-26 13:06:37,777 - hybrid_pipeline - INFO - Tile tile_x9216_y10752: 核心遮罩全空 → 空白 placeholder
2026-07-26 13:06:37,788 - hybrid_pipeline - INFO - [352/576] 處理 tile: tile_x11520_y10752
2026-07-26 13:06:37,813 - hybrid_pipeline - INFO - Tile tile_x10752_y10752: 核心遮罩全空 → 空白 placeholder
2026-07-26 13:06:37,827 - hybrid_pipeline - INFO - [353/576] 處理 tile: tile_x13056_y10752
2026-07-26 13:06:37,852 - hybrid_pipeline - INFO - Tile tile_x11520_y10752: 核心遮罩全空 → 空白 placeholder
2026-07-26 13:06:37,867 - hybrid_pipeline - INFO - [354/576] 處理 tile: tile_x12288_y10752
2026-07-26 13:06:37,891 - hybrid_pipeline - INFO - Tile tile_x13056_y10752: 核心遮罩全空 → 空白 placeholder
2026-07-26 13:06:37,905 - hybrid_pipeline - INFO - [355/576] 處理 tile: tile_x14592_y10752
2026-07-26 13:06:37,929 - hybrid_pipeline - INFO - Tile tile_x12288_y10752: 核心遮罩全空 → 空白 placeholder
2026-07-26 13:06:37,943 - hybrid_pipeline - INFO - [356/576] 處理 tile: tile_x15360_y10752
2026-07-26 13:06:37,966 - hybrid_pipeline - INFO - Tile tile_x14592_y10752: 核心遮罩全空 → 空白 placeholder
2026-07-26 13:06:37,981 - hybrid_pipeline - INFO - [357/576] 處理 tile: tile_x16128_y10752
2026-07-26 13:06:38,004 - hybrid_pipeline - INFO - Tile tile_x15360_y10752: 核心遮罩全空 → 空白 placeholder
2026-07-26 13:06:38,020 - hybrid_pipeline - INFO - [358/576] 處理 tile: tile_x13824_y10752
2026-07-26 13:06:38,045 - hybrid_pipeline - INFO - Tile tile_x16128_y10752: 核心遮罩全空 → 空白 placeholder
2026-07-26 13:06:38,057 - hybrid_pipeline - INFO - [359/576] 處理 tile: tile_x16896_y10752
2026-07-26 13:06:38,084 - hybrid_pipeline - INFO - Tile tile_x13824_y10752: 核心遮罩全空 → 空白 placeholder
2026-07-26 13:06:38,096 - hybrid_pipeline - INFO - [360/576] 處理 tile: tile_x0_y11520
2026-07-26 13:06:38,119 - hybrid_pipeline - INFO - Tile tile_x16896_y10752: 核心遮罩全空 → 空白 placeholder
2026-07-26 13:06:38,755 - hybrid_pipeline - INFO - [361/576] 處理 tile: tile_x768_y11520
2026-07-26 13:06:38,786 - m3_module.m3_cells_generator - INFO - All-positive 標註完成: 135 個細胞
2026-07-26 13:06:38,846 - m3_module.m3_cells_generator - INFO - enlarge_cell_instances: 135 顆細胞, factor=1.50(面積), 中位半徑=24.7px, 外擴=5.6px
2026-07-26 13:06:38,874 - m3_module.m3_elastic_matching - INFO - elastic_dish_nucleus_matching(overlap-first): IHC=135, DISH=10, matched(1核)=9 (其中重疊=9), drop-out(競爭落敗)=2, 無候選(計入)=124, factor=1.50, min_reach=20.0
2026-07-26 13:06:38,993 - m3_module.m3_dot_detection - INFO - detect_all_dots: 紅點=8, 黑點=11, 涉及細胞=135
2026-07-26 13:06:39,313 - m4_module.cell_crops - INFO - 匯出 81 張 per-cell 影像至 /data/taro_Projects/tsgh/output/r7_run/cell_crops/tile_x0_y11520/cells
2026-07-26 13:06:39,313 - hybrid_pipeline - INFO - Tile tile_x0_y11520 完成: 核心擁有 81 細胞 (81 陽性), 1.22 秒
2026-07-26 13:06:39,440 - hybrid_pipeline - INFO - [362/576] 處理 tile: tile_x17664_y10752
2026-07-26 13:06:39,469 - m3_module.m3_cells_generator - INFO - All-positive 標註完成: 157 個細胞
2026-07-26 13:06:39,530 - m3_module.m3_cells_generator - INFO - enlarge_cell_instances: 157 顆細胞, factor=1.50(面積), 中位半徑=25.1px, 外擴=5.6px
2026-07-26 13:06:39,554 - m3_module.m3_elastic_matching - INFO - elastic_dish_nucleus_matching(overlap-first): IHC=157, DISH=28, matched(1核)=20 (其中重疊=20), drop-out(競爭落敗)=6, 無候選(計入)=131, factor=1.50, min_reach=20.0
2026-07-26 13:06:39,694 - m3_module.m3_dot_detection - INFO - detect_all_dots: 紅點=28, 黑點=43, 涉及細胞=157
2026-07-26 13:06:40,057 - m4_module.cell_crops - INFO - 匯出 84 張 per-cell 影像至 /data/taro_Projects/tsgh/output/r7_run/cell_crops/tile_x768_y11520/cells
2026-07-26 13:06:40,057 - hybrid_pipeline - INFO - Tile tile_x768_y11520 完成: 核心擁有 84 細胞 (84 陽性), 1.30 秒
2026-07-26 13:06:40,057 - hybrid_pipeline - INFO - [363/576] 處理 tile: tile_x1536_y11520
2026-07-26 13:06:40,081 - hybrid_pipeline - INFO - Tile tile_x17664_y10752: 核心遮罩全空 → 空白 placeholder
2026-07-26 13:06:40,690 - hybrid_pipeline - INFO - [364/576] 處理 tile: tile_x3840_y11520
2026-07-26 13:06:40,718 - m3_module.m3_cells_generator - INFO - All-positive 標註完成: 108 個細胞
2026-07-26 13:06:40,776 - m3_module.m3_cells_generator - INFO - enlarge_cell_instances: 108 顆細胞, factor=1.50(面積), 中位半徑=23.2px, 外擴=5.2px
2026-07-26 13:06:40,802 - m3_module.m3_elastic_matching - INFO - elastic_dish_nucleus_matching(overlap-first): IHC=108, DISH=25, matched(1核)=24 (其中重疊=24), drop-out(競爭落敗)=4, 無候選(計入)=80, factor=1.50, min_reach=20.0
2026-07-26 13:06:40,953 - m3_module.m3_dot_detection - INFO - detect_all_dots: 紅點=20, 黑點=32, 涉及細胞=108
2026-07-26 13:06:41,197 - m4_module.cell_crops - INFO - 匯出 54 張 per-cell 影像至 /data/taro_Projects/tsgh/output/r7_run/cell_crops/tile_x1536_y11520/cells
2026-07-26 13:06:41,197 - hybrid_pipeline - INFO - Tile tile_x1536_y11520 完成: 核心擁有 54 細胞 (54 陽性), 1.14 秒
2026-07-26 13:06:41,319 - hybrid_pipeline - INFO - [365/576] 處理 tile: tile_x2304_y11520
2026-07-26 13:06:41,347 - m3_module.m3_cells_generator - INFO - All-positive 標註完成: 83 個細胞
2026-07-26 13:06:41,401 - m3_module.m3_cells_generator - INFO - enlarge_cell_instances: 83 顆細胞, factor=1.50(面積), 中位半徑=20.7px, 外擴=4.7px
2026-07-26 13:06:41,427 - m3_module.m3_elastic_matching - INFO - elastic_dish_nucleus_matching(overlap-first): IHC=83, DISH=26, matched(1核)=17 (其中重疊=17), drop-out(競爭落敗)=8, 無候選(計入)=58, factor=1.50, min_reach=20.0
2026-07-26 13:06:41,576 - m3_module.m3_dot_detection - INFO - detect_all_dots: 紅點=23, 黑點=24, 涉及細胞=83
2026-07-26 13:06:41,789 - m4_module.cell_crops - INFO - 匯出 48 張 per-cell 影像至 /data/taro_Projects/tsgh/output/r7_run/cell_crops/tile_x3840_y11520/cells
2026-07-26 13:06:41,789 - hybrid_pipeline - INFO - Tile tile_x3840_y11520 完成: 核心擁有 48 細胞 (48 陽性), 1.10 秒
2026-07-26 13:06:41,935 - hybrid_pipeline - INFO - [366/576] 處理 tile: tile_x4608_y11520
2026-07-26 13:06:41,963 - m3_module.m3_cells_generator - INFO - All-positive 標註完成: 64 個細胞
2026-07-26 13:06:42,014 - m3_module.m3_cells_generator - INFO - enlarge_cell_instances: 64 顆細胞, factor=1.50(面積), 中位半徑=20.5px, 外擴=4.6px
2026-07-26 13:06:42,040 - m3_module.m3_elastic_matching - INFO - elastic_dish_nucleus_matching(overlap-first): IHC=64, DISH=14, matched(1核)=10 (其中重疊=10), drop-out(競爭落敗)=5, 無候選(計入)=49, factor=1.50, min_reach=20.0
2026-07-26 13:06:42,159 - m3_module.m3_dot_detection - INFO - detect_all_dots: 紅點=6, 黑點=13, 涉及細胞=64
2026-07-26 13:06:42,344 - m4_module.cell_crops - INFO - 匯出 23 張 per-cell 影像至 /data/taro_Projects/tsgh/output/r7_run/cell_crops/tile_x2304_y11520/cells
2026-07-26 13:06:42,344 - hybrid_pipeline - INFO - Tile tile_x2304_y11520 完成: 核心擁有 23 細胞 (23 陽性), 1.03 秒
2026-07-26 13:06:42,545 - hybrid_pipeline - INFO - [367/576] 處理 tile: tile_x3072_y11520
2026-07-26 13:06:42,574 - m3_module.m3_cells_generator - INFO - All-positive 標註完成: 77 個細胞
2026-07-26 13:06:42,625 - m3_module.m3_cells_generator - INFO - enlarge_cell_instances: 77 顆細胞, factor=1.50(面積), 中位半徑=17.4px, 外擴=3.9px
2026-07-26 13:06:42,650 - m3_module.m3_elastic_matching - INFO - elastic_dish_nucleus_matching(overlap-first): IHC=77, DISH=14, matched(1核)=11 (其中重疊=11), drop-out(競爭落敗)=4, 無候選(計入)=62, factor=1.50, min_reach=20.0
2026-07-26 13:06:42,769 - m3_module.m3_dot_detection - INFO - detect_all_dots: 紅點=15, 黑點=14, 涉及細胞=77
2026-07-26 13:06:42,958 - m4_module.cell_crops - INFO - 匯出 35 張 per-cell 影像至 /data/taro_Projects/tsgh/output/r7_run/cell_crops/tile_x4608_y11520/cells
2026-07-26 13:06:42,958 - hybrid_pipeline - INFO - Tile tile_x4608_y11520 完成: 核心擁有 35 細胞 (35 陽性), 1.02 秒
2026-07-26 13:06:43,179 - hybrid_pipeline - INFO - [368/576] 處理 tile: tile_x6144_y11520
2026-07-26 13:06:43,209 - m3_module.m3_cells_generator - INFO - All-positive 標註完成: 111 個細胞
2026-07-26 13:06:43,265 - m3_module.m3_cells_generator - INFO - enlarge_cell_instances: 111 顆細胞, factor=1.50(面積), 中位半徑=21.5px, 外擴=4.8px
2026-07-26 13:06:43,292 - m3_module.m3_elastic_matching - INFO - elastic_dish_nucleus_matching(overlap-first): IHC=111, DISH=37, matched(1核)=30 (其中重疊=30), drop-out(競爭落敗)=15, 無候選(計入)=66, factor=1.50, min_reach=20.0
2026-07-26 13:06:43,476 - m3_module.m3_dot_detection - INFO - detect_all_dots: 紅點=34, 黑點=42, 涉及細胞=111
2026-07-26 13:06:43,745 - m4_module.cell_crops - INFO - 匯出 72 張 per-cell 影像至 /data/taro_Projects/tsgh/output/r7_run/cell_crops/tile_x3072_y11520/cells
2026-07-26 13:06:43,745 - hybrid_pipeline - INFO - Tile tile_x3072_y11520 完成: 核心擁有 72 細胞 (72 陽性), 1.20 秒
2026-07-26 13:06:43,824 - hybrid_pipeline - INFO - [369/576] 處理 tile: tile_x6912_y11520
2026-07-26 13:06:43,854 - m3_module.m3_cells_generator - INFO - All-positive 標註完成: 38 個細胞
2026-07-26 13:06:43,891 - m3_module.m3_cells_generator - INFO - enlarge_cell_instances: 38 顆細胞, factor=1.50(面積), 中位半徑=21.9px, 外擴=4.9px
2026-07-26 13:06:43,914 - m3_module.m3_elastic_matching - INFO - elastic_dish_nucleus_matching(overlap-first): IHC=38, DISH=6, matched(1核)=5 (其中重疊=5), drop-out(競爭落敗)=3, 無候選(計入)=30, factor=1.50, min_reach=20.0
2026-07-26 13:06:44,010 - m3_module.m3_dot_detection - INFO - detect_all_dots: 紅點=5, 黑點=6, 涉及細胞=38
2026-07-26 13:06:44,119 - m4_module.cell_crops - INFO - 匯出 18 張 per-cell 影像至 /data/taro_Projects/tsgh/output/r7_run/cell_crops/tile_x6144_y11520/cells
2026-07-26 13:06:44,119 - hybrid_pipeline - INFO - Tile tile_x6144_y11520 完成: 核心擁有 18 細胞 (18 陽性), 0.94 秒
2026-07-26 13:06:44,122 - hybrid_pipeline - INFO - [370/576] 處理 tile: tile_x5376_y11520
2026-07-26 13:06:44,145 - hybrid_pipeline - INFO - Tile tile_x6912_y11520: 核心遮罩全空 → 空白 placeholder
2026-07-26 13:06:44,766 - hybrid_pipeline - INFO - [371/576] 處理 tile: tile_x7680_y11520
2026-07-26 13:06:44,807 - m3_module.m3_cells_generator - INFO - All-positive 標註完成: 102 個細胞
2026-07-26 13:06:44,863 - m3_module.m3_cells_generator - INFO - enlarge_cell_instances: 102 顆細胞, factor=1.50(面積), 中位半徑=22.9px, 外擴=5.2px
2026-07-26 13:06:44,890 - m3_module.m3_elastic_matching - INFO - elastic_dish_nucleus_matching(overlap-first): IHC=102, DISH=61, matched(1核)=43 (其中重疊=43), drop-out(競爭落敗)=7, 無候選(計入)=52, factor=1.50, min_reach=20.0
2026-07-26 13:06:45,068 - m3_module.m3_dot_detection - INFO - detect_all_dots: 紅點=35, 黑點=52, 涉及細胞=102
2026-07-26 13:06:45,368 - m4_module.cell_crops - INFO - 匯出 76 張 per-cell 影像至 /data/taro_Projects/tsgh/output/r7_run/cell_crops/tile_x5376_y11520/cells
2026-07-26 13:06:45,369 - hybrid_pipeline - INFO - Tile tile_x5376_y11520 完成: 核心擁有 76 細胞 (76 陽性), 1.25 秒
2026-07-26 13:06:45,369 - hybrid_pipeline - INFO - [372/576] 處理 tile: tile_x9216_y11520
2026-07-26 13:06:45,393 - hybrid_pipeline - INFO - Tile tile_x7680_y11520: 核心遮罩全空 → 空白 placeholder
2026-07-26 13:06:45,414 - hybrid_pipeline - INFO - [373/576] 處理 tile: tile_x9984_y11520
2026-07-26 13:06:45,437 - hybrid_pipeline - INFO - Tile tile_x9216_y11520: 核心遮罩全空 → 空白 placeholder
2026-07-26 13:06:45,453 - hybrid_pipeline - INFO - [374/576] 處理 tile: tile_x10752_y11520
2026-07-26 13:06:45,478 - hybrid_pipeline - INFO - Tile tile_x9984_y11520: 核心遮罩全空 → 空白 placeholder
2026-07-26 13:06:45,494 - hybrid_pipeline - INFO - [375/576] 處理 tile: tile_x8448_y11520
2026-07-26 13:06:45,518 - hybrid_pipeline - INFO - Tile tile_x10752_y11520: 核心遮罩全空 → 空白 placeholder
2026-07-26 13:06:45,532 - hybrid_pipeline - INFO - [376/576] 處理 tile: tile_x13056_y11520
2026-07-26 13:06:45,555 - hybrid_pipeline - INFO - Tile tile_x8448_y11520: 核心遮罩全空 → 空白 placeholder
2026-07-26 13:06:45,570 - hybrid_pipeline - INFO - [377/576] 處理 tile: tile_x13824_y11520
2026-07-26 13:06:45,594 - hybrid_pipeline - INFO - Tile tile_x13056_y11520: 核心遮罩全空 → 空白 placeholder
2026-07-26 13:06:45,608 - hybrid_pipeline - INFO - [378/576] 處理 tile: tile_x12288_y11520
2026-07-26 13:06:45,631 - hybrid_pipeline - INFO - Tile tile_x13824_y11520: 核心遮罩全空 → 空白 placeholder
2026-07-26 13:06:45,650 - hybrid_pipeline - INFO - [379/576] 處理 tile: tile_x11520_y11520
2026-07-26 13:06:45,672 - hybrid_pipeline - INFO - Tile tile_x12288_y11520: 核心遮罩全空 → 空白 placeholder
2026-07-26 13:06:45,687 - hybrid_pipeline - INFO - [380/576] 處理 tile: tile_x14592_y11520
2026-07-26 13:06:45,710 - hybrid_pipeline - INFO - Tile tile_x11520_y11520: 核心遮罩全空 → 空白 placeholder
2026-07-26 13:06:45,723 - hybrid_pipeline - INFO - [381/576] 處理 tile: tile_x15360_y11520
2026-07-26 13:06:45,754 - hybrid_pipeline - INFO - Tile tile_x14592_y11520: 核心遮罩全空 → 空白 placeholder
2026-07-26 13:06:45,762 - hybrid_pipeline - INFO - [382/576] 處理 tile: tile_x16128_y11520
2026-07-26 13:06:45,786 - hybrid_pipeline - INFO - Tile tile_x15360_y11520: 核心遮罩全空 → 空白 placeholder
2026-07-26 13:06:45,799 - hybrid_pipeline - INFO - [383/576] 處理 tile: tile_x16896_y11520
2026-07-26 13:06:45,825 - hybrid_pipeline - INFO - Tile tile_x16128_y11520: 核心遮罩全空 → 空白 placeholder
2026-07-26 13:06:45,837 - hybrid_pipeline - INFO - [384/576] 處理 tile: tile_x17664_y11520
2026-07-26 13:06:45,862 - hybrid_pipeline - INFO - Tile tile_x16896_y11520: 核心遮罩全空 → 空白 placeholder
2026-07-26 13:06:45,874 - hybrid_pipeline - INFO - [385/576] 處理 tile: tile_x1536_y12288
2026-07-26 13:06:45,896 - hybrid_pipeline - INFO - Tile tile_x17664_y11520: 核心遮罩全空 → 空白 placeholder
2026-07-26 13:06:46,532 - hybrid_pipeline - INFO - [386/576] 處理 tile: tile_x768_y12288
2026-07-26 13:06:46,561 - m3_module.m3_cells_generator - INFO - All-positive 標註完成: 160 個細胞
2026-07-26 13:06:46,620 - m3_module.m3_cells_generator - INFO - enlarge_cell_instances: 160 顆細胞, factor=1.50(面積), 中位半徑=24.3px, 外擴=5.5px
2026-07-26 13:06:46,654 - m3_module.m3_elastic_matching - INFO - elastic_dish_nucleus_matching(overlap-first): IHC=160, DISH=20, matched(1核)=19 (其中重疊=19), drop-out(競爭落敗)=9, 無候選(計入)=132, factor=1.50, min_reach=20.0
2026-07-26 13:06:46,825 - m3_module.m3_dot_detection - INFO - detect_all_dots: 紅點=23, 黑點=44, 涉及細胞=160
2026-07-26 13:06:47,190 - m4_module.cell_crops - INFO - 匯出 81 張 per-cell 影像至 /data/taro_Projects/tsgh/output/r7_run/cell_crops/tile_x1536_y12288/cells
2026-07-26 13:06:47,190 - hybrid_pipeline - INFO - Tile tile_x1536_y12288 完成: 核心擁有 81 細胞 (81 陽性), 1.32 秒
2026-07-26 13:06:47,246 - hybrid_pipeline - INFO - [387/576] 處理 tile: tile_x0_y12288
2026-07-26 13:06:47,273 - m3_module.m3_cells_generator - INFO - All-positive 標註完成: 145 個細胞
2026-07-26 13:06:47,334 - m3_module.m3_cells_generator - INFO - enlarge_cell_instances: 145 顆細胞, factor=1.50(面積), 中位半徑=27.9px, 外擴=6.3px
2026-07-26 13:06:47,359 - m3_module.m3_elastic_matching - INFO - elastic_dish_nucleus_matching(overlap-first): IHC=145, DISH=18, matched(1核)=14 (其中重疊=14), drop-out(競爭落敗)=7, 無候選(計入)=124, factor=1.50, min_reach=20.0
2026-07-26 13:06:47,479 - m3_module.m3_dot_detection - INFO - detect_all_dots: 紅點=12, 黑點=25, 涉及細胞=145
2026-07-26 13:06:47,852 - m4_module.cell_crops - INFO - 匯出 73 張 per-cell 影像至 /data/taro_Projects/tsgh/output/r7_run/cell_crops/tile_x768_y12288/cells
2026-07-26 13:06:47,852 - hybrid_pipeline - INFO - Tile tile_x768_y12288 完成: 核心擁有 73 細胞 (73 陽性), 1.32 秒
2026-07-26 13:06:47,928 - hybrid_pipeline - INFO - [388/576] 處理 tile: tile_x2304_y12288
2026-07-26 13:06:47,957 - m3_module.m3_cells_generator - INFO - All-positive 標註完成: 147 個細胞
2026-07-26 13:06:48,020 - m3_module.m3_cells_generator - INFO - enlarge_cell_instances: 147 顆細胞, factor=1.50(面積), 中位半徑=26.1px, 外擴=5.9px
2026-07-26 13:06:48,049 - m3_module.m3_elastic_matching - INFO - elastic_dish_nucleus_matching(overlap-first): IHC=147, DISH=230, matched(1核)=24 (其中重疊=24), drop-out(競爭落敗)=0, 無候選(計入)=123, factor=1.50, min_reach=20.0
2026-07-26 13:06:48,138 - m3_module.m3_dot_detection - INFO - detect_all_dots: 紅點=2, 黑點=4, 涉及細胞=147
2026-07-26 13:06:48,478 - m4_module.cell_crops - INFO - 匯出 91 張 per-cell 影像至 /data/taro_Projects/tsgh/output/r7_run/cell_crops/tile_x0_y12288/cells
2026-07-26 13:06:48,478 - hybrid_pipeline - INFO - Tile tile_x0_y12288 完成: 核心擁有 91 細胞 (91 陽性), 1.23 秒
2026-07-26 13:06:48,588 - hybrid_pipeline - INFO - [389/576] 處理 tile: tile_x3072_y12288
2026-07-26 13:06:48,617 - m3_module.m3_cells_generator - INFO - All-positive 標註完成: 143 個細胞
2026-07-26 13:06:48,678 - m3_module.m3_cells_generator - INFO - enlarge_cell_instances: 143 顆細胞, factor=1.50(面積), 中位半徑=23.0px, 外擴=5.2px
2026-07-26 13:06:48,705 - m3_module.m3_elastic_matching - INFO - elastic_dish_nucleus_matching(overlap-first): IHC=143, DISH=25, matched(1核)=21 (其中重疊=21), drop-out(競爭落敗)=6, 無候選(計入)=116, factor=1.50, min_reach=20.0
2026-07-26 13:06:48,852 - m3_module.m3_dot_detection - INFO - detect_all_dots: 紅點=17, 黑點=27, 涉及細胞=143
2026-07-26 13:06:49,205 - m4_module.cell_crops - INFO - 匯出 74 張 per-cell 影像至 /data/taro_Projects/tsgh/output/r7_run/cell_crops/tile_x2304_y12288/cells
2026-07-26 13:06:49,205 - hybrid_pipeline - INFO - Tile tile_x2304_y12288 完成: 核心擁有 74 細胞 (74 陽性), 1.28 秒
2026-07-26 13:06:49,279 - hybrid_pipeline - INFO - [390/576] 處理 tile: tile_x3840_y12288
2026-07-26 13:06:49,311 - m3_module.m3_cells_generator - INFO - All-positive 標註完成: 145 個細胞
2026-07-26 13:06:49,371 - m3_module.m3_cells_generator - INFO - enlarge_cell_instances: 145 顆細胞, factor=1.50(面積), 中位半徑=22.5px, 外擴=5.1px
2026-07-26 13:06:49,403 - m3_module.m3_elastic_matching - INFO - elastic_dish_nucleus_matching(overlap-first): IHC=145, DISH=61, matched(1核)=52 (其中重疊=52), drop-out(競爭落敗)=16, 無候選(計入)=77, factor=1.50, min_reach=20.0
2026-07-26 13:06:49,656 - m3_module.m3_dot_detection - INFO - detect_all_dots: 紅點=52, 黑點=66, 涉及細胞=145
2026-07-26 13:06:50,015 - m4_module.cell_crops - INFO - 匯出 61 張 per-cell 影像至 /data/taro_Projects/tsgh/output/r7_run/cell_crops/tile_x3072_y12288/cells
2026-07-26 13:06:50,015 - hybrid_pipeline - INFO - Tile tile_x3072_y12288 完成: 核心擁有 61 細胞 (61 陽性), 1.43 秒
2026-07-26 13:06:50,055 - hybrid_pipeline - INFO - [391/576] 處理 tile: tile_x4608_y12288
2026-07-26 13:06:50,087 - m3_module.m3_cells_generator - INFO - All-positive 標註完成: 156 個細胞
2026-07-26 13:06:50,152 - m3_module.m3_cells_generator - INFO - enlarge_cell_instances: 156 顆細胞, factor=1.50(面積), 中位半徑=27.2px, 外擴=6.1px
2026-07-26 13:06:50,180 - m3_module.m3_elastic_matching - INFO - elastic_dish_nucleus_matching(overlap-first): IHC=156, DISH=35, matched(1核)=32 (其中重疊=32), drop-out(競爭落敗)=13, 無候選(計入)=111, factor=1.50, min_reach=20.0
2026-07-26 13:06:50,387 - m3_module.m3_dot_detection - INFO - detect_all_dots: 紅點=34, 黑點=42, 涉及細胞=156
2026-07-26 13:06:50,787 - m4_module.cell_crops - INFO - 匯出 81 張 per-cell 影像至 /data/taro_Projects/tsgh/output/r7_run/cell_crops/tile_x3840_y12288/cells
2026-07-26 13:06:50,787 - hybrid_pipeline - INFO - Tile tile_x3840_y12288 完成: 核心擁有 81 細胞 (81 陽性), 1.51 秒
2026-07-26 13:06:50,787 - hybrid_pipeline - INFO - [392/576] 處理 tile: tile_x5376_y12288
2026-07-26 13:06:50,811 - m3_module.m3_cells_generator - INFO - All-positive 標註完成: 113 個細胞
2026-07-26 13:06:50,870 - m3_module.m3_cells_generator - INFO - enlarge_cell_instances: 113 顆細胞, factor=1.50(面積), 中位半徑=26.8px, 外擴=6.0px
2026-07-26 13:06:50,900 - m3_module.m3_elastic_matching - INFO - elastic_dish_nucleus_matching(overlap-first): IHC=113, DISH=14, matched(1核)=11 (其中重疊=11), drop-out(競爭落敗)=7, 無候選(計入)=95, factor=1.50, min_reach=20.0
2026-07-26 13:06:51,023 - m3_module.m3_dot_detection - INFO - detect_all_dots: 紅點=10, 黑點=11, 涉及細胞=113
2026-07-26 13:06:51,340 - m4_module.cell_crops - INFO - 匯出 74 張 per-cell 影像至 /data/taro_Projects/tsgh/output/r7_run/cell_crops/tile_x4608_y12288/cells
2026-07-26 13:06:51,340 - hybrid_pipeline - INFO - Tile tile_x4608_y12288 完成: 核心擁有 74 細胞 (74 陽性), 1.28 秒
2026-07-26 13:06:51,414 - hybrid_pipeline - INFO - [393/576] 處理 tile: tile_x6144_y12288
2026-07-26 13:06:51,444 - m3_module.m3_cells_generator - INFO - All-positive 標註完成: 21 個細胞
2026-07-26 13:06:51,489 - m3_module.m3_cells_generator - INFO - enlarge_cell_instances: 21 顆細胞, factor=1.50(面積), 中位半徑=30.0px, 外擴=6.7px
2026-07-26 13:06:51,513 - m3_module.m3_elastic_matching - INFO - elastic_dish_nucleus_matching(overlap-first): IHC=21, DISH=3, matched(1核)=1 (其中重疊=1), drop-out(競爭落敗)=0, 無候選(計入)=20, factor=1.50, min_reach=20.0
2026-07-26 13:06:51,615 - m3_module.m3_dot_detection - INFO - detect_all_dots: 紅點=1, 黑點=2, 涉及細胞=21
2026-07-26 13:06:51,742 - m4_module.cell_crops - INFO - 匯出 5 張 per-cell 影像至 /data/taro_Projects/tsgh/output/r7_run/cell_crops/tile_x5376_y12288/cells
2026-07-26 13:06:51,742 - hybrid_pipeline - INFO - Tile tile_x5376_y12288 完成: 核心擁有 5 細胞 (5 陽性), 0.96 秒
2026-07-26 13:06:52,009 - hybrid_pipeline - INFO - [394/576] 處理 tile: tile_x6912_y12288
2026-07-26 13:06:52,038 - m3_module.m3_cells_generator - INFO - All-positive 標註完成: 12 個細胞
2026-07-26 13:06:52,068 - m3_module.m3_cells_generator - INFO - enlarge_cell_instances: 12 顆細胞, factor=1.50(面積), 中位半徑=14.8px, 外擴=3.3px
2026-07-26 13:06:52,089 - m3_module.m3_elastic_matching - INFO - elastic_dish_nucleus_matching(overlap-first): IHC=12, DISH=7, matched(1核)=3 (其中重疊=3), drop-out(競爭落敗)=0, 無候選(計入)=9, factor=1.50, min_reach=20.0
2026-07-26 13:06:52,172 - m3_module.m3_dot_detection - INFO - detect_all_dots: 紅點=2, 黑點=2, 涉及細胞=12
2026-07-26 13:06:52,258 - m4_module.cell_crops - INFO - 匯出 3 張 per-cell 影像至 /data/taro_Projects/tsgh/output/r7_run/cell_crops/tile_x6144_y12288/cells
2026-07-26 13:06:52,258 - hybrid_pipeline - INFO - Tile tile_x6144_y12288 完成: 核心擁有 3 細胞 (3 陽性), 0.84 秒
2026-07-26 13:06:52,258 - hybrid_pipeline - INFO - [395/576] 處理 tile: tile_x7680_y12288
2026-07-26 13:06:52,281 - hybrid_pipeline - INFO - Tile tile_x6912_y12288: 核心遮罩全空 → 空白 placeholder
2026-07-26 13:06:52,304 - hybrid_pipeline - INFO - [396/576] 處理 tile: tile_x8448_y12288
2026-07-26 13:06:52,327 - hybrid_pipeline - INFO - Tile tile_x7680_y12288: 核心遮罩全空 → 空白 placeholder
2026-07-26 13:06:52,340 - hybrid_pipeline - INFO - [397/576] 處理 tile: tile_x9984_y12288
2026-07-26 13:06:52,364 - hybrid_pipeline - INFO - Tile tile_x8448_y12288: 核心遮罩全空 → 空白 placeholder
2026-07-26 13:06:52,378 - hybrid_pipeline - INFO - [398/576] 處理 tile: tile_x9216_y12288
2026-07-26 13:06:52,406 - hybrid_pipeline - INFO - Tile tile_x9984_y12288: 核心遮罩全空 → 空白 placeholder
2026-07-26 13:06:52,416 - hybrid_pipeline - INFO - [399/576] 處理 tile: tile_x10752_y12288
2026-07-26 13:06:52,440 - hybrid_pipeline - INFO - Tile tile_x9216_y12288: 核心遮罩全空 → 空白 placeholder
2026-07-26 13:06:52,454 - hybrid_pipeline - INFO - [400/576] 處理 tile: tile_x11520_y12288
2026-07-26 13:06:52,477 - hybrid_pipeline - INFO - Tile tile_x10752_y12288: 核心遮罩全空 → 空白 placeholder
2026-07-26 13:06:52,494 - hybrid_pipeline - INFO - [401/576] 處理 tile: tile_x13056_y12288
2026-07-26 13:06:52,517 - hybrid_pipeline - INFO - Tile tile_x11520_y12288: 核心遮罩全空 → 空白 placeholder
2026-07-26 13:06:52,531 - hybrid_pipeline - INFO - [402/576] 處理 tile: tile_x12288_y12288
2026-07-26 13:06:52,554 - hybrid_pipeline - INFO - Tile tile_x13056_y12288: 核心遮罩全空 → 空白 placeholder
2026-07-26 13:06:52,567 - hybrid_pipeline - INFO - [403/576] 處理 tile: tile_x13824_y12288
2026-07-26 13:06:52,590 - hybrid_pipeline - INFO - Tile tile_x12288_y12288: 核心遮罩全空 → 空白 placeholder
2026-07-26 13:06:52,604 - hybrid_pipeline - INFO - [404/576] 處理 tile: tile_x14592_y12288
2026-07-26 13:06:52,629 - hybrid_pipeline - INFO - Tile tile_x13824_y12288: 核心遮罩全空 → 空白 placeholder
2026-07-26 13:06:52,641 - hybrid_pipeline - INFO - [405/576] 處理 tile: tile_x16128_y12288
2026-07-26 13:06:52,665 - hybrid_pipeline - INFO - Tile tile_x14592_y12288: 核心遮罩全空 → 空白 placeholder
2026-07-26 13:06:52,676 - hybrid_pipeline - INFO - [406/576] 處理 tile: tile_x15360_y12288
2026-07-26 13:06:52,701 - hybrid_pipeline - INFO - Tile tile_x16128_y12288: 核心遮罩全空 → 空白 placeholder
2026-07-26 13:06:52,718 - hybrid_pipeline - INFO - [407/576] 處理 tile: tile_x16896_y12288
2026-07-26 13:06:52,741 - hybrid_pipeline - INFO - Tile tile_x15360_y12288: 核心遮罩全空 → 空白 placeholder
2026-07-26 13:06:52,754 - hybrid_pipeline - INFO - [408/576] 處理 tile: tile_x17664_y12288
2026-07-26 13:06:52,777 - hybrid_pipeline - INFO - Tile tile_x16896_y12288: 核心遮罩全空 → 空白 placeholder
2026-07-26 13:06:52,789 - hybrid_pipeline - INFO - [409/576] 處理 tile: tile_x1536_y13056
2026-07-26 13:06:52,812 - hybrid_pipeline - INFO - Tile tile_x17664_y12288: 核心遮罩全空 → 空白 placeholder
2026-07-26 13:06:53,429 - hybrid_pipeline - INFO - [410/576] 處理 tile: tile_x0_y13056
2026-07-26 13:06:53,455 - m3_module.m3_cells_generator - INFO - All-positive 標註完成: 124 個細胞
2026-07-26 13:06:53,514 - m3_module.m3_cells_generator - INFO - enlarge_cell_instances: 124 顆細胞, factor=1.50(面積), 中位半徑=25.2px, 外擴=5.7px
2026-07-26 13:06:53,546 - m3_module.m3_elastic_matching - INFO - elastic_dish_nucleus_matching(overlap-first): IHC=124, DISH=23, matched(1核)=20 (其中重疊=20), drop-out(競爭落敗)=13, 無候選(計入)=91, factor=1.50, min_reach=20.0
2026-07-26 13:06:53,781 - m3_module.m3_dot_detection - INFO - detect_all_dots: 紅點=52, 黑點=87, 涉及細胞=124
2026-07-26 13:06:54,070 - m4_module.cell_crops - INFO - 匯出 72 張 per-cell 影像至 /data/taro_Projects/tsgh/output/r7_run/cell_crops/tile_x1536_y13056/cells
2026-07-26 13:06:54,070 - hybrid_pipeline - INFO - Tile tile_x1536_y13056 完成: 核心擁有 72 細胞 (72 陽性), 1.28 秒
2026-07-26 13:06:54,169 - hybrid_pipeline - INFO - [411/576] 處理 tile: tile_x768_y13056
2026-07-26 13:06:54,197 - m3_module.m3_cells_generator - INFO - All-positive 標註完成: 147 個細胞
2026-07-26 13:06:54,256 - m3_module.m3_cells_generator - INFO - enlarge_cell_instances: 147 顆細胞, factor=1.50(面積), 中位半徑=26.8px, 外擴=6.0px
2026-07-26 13:06:54,282 - m3_module.m3_elastic_matching - INFO - elastic_dish_nucleus_matching(overlap-first): IHC=147, DISH=30, matched(1核)=18 (其中重疊=18), drop-out(競爭落敗)=7, 無候選(計入)=122, factor=1.50, min_reach=20.0
2026-07-26 13:06:54,416 - m3_module.m3_dot_detection - INFO - detect_all_dots: 紅點=24, 黑點=31, 涉及細胞=147
2026-07-26 13:06:54,812 - m4_module.cell_crops - INFO - 匯出 89 張 per-cell 影像至 /data/taro_Projects/tsgh/output/r7_run/cell_crops/tile_x0_y13056/cells
2026-07-26 13:06:54,812 - hybrid_pipeline - INFO - Tile tile_x0_y13056 完成: 核心擁有 89 細胞 (89 陽性), 1.38 秒
2026-07-26 13:06:54,870 - hybrid_pipeline - INFO - [412/576] 處理 tile: tile_x2304_y13056
2026-07-26 13:06:54,900 - m3_module.m3_cells_generator - INFO - All-positive 標註完成: 136 個細胞
2026-07-26 13:06:54,961 - m3_module.m3_cells_generator - INFO - enlarge_cell_instances: 136 顆細胞, factor=1.50(面積), 中位半徑=24.9px, 外擴=5.6px
2026-07-26 13:06:54,987 - m3_module.m3_elastic_matching - INFO - elastic_dish_nucleus_matching(overlap-first): IHC=136, DISH=22, matched(1核)=17 (其中重疊=17), drop-out(競爭落敗)=7, 無候選(計入)=112, factor=1.50, min_reach=20.0
2026-07-26 13:06:55,151 - m3_module.m3_dot_detection - INFO - detect_all_dots: 紅點=31, 黑點=46, 涉及細胞=136
2026-07-26 13:06:55,520 - m4_module.cell_crops - INFO - 匯出 65 張 per-cell 影像至 /data/taro_Projects/tsgh/output/r7_run/cell_crops/tile_x768_y13056/cells
2026-07-26 13:06:55,520 - hybrid_pipeline - INFO - Tile tile_x768_y13056 完成: 核心擁有 65 細胞 (65 陽性), 1.35 秒
2026-07-26 13:06:55,550 - hybrid_pipeline - INFO - [413/576] 處理 tile: tile_x3840_y13056
2026-07-26 13:06:55,575 - m3_module.m3_cells_generator - INFO - All-positive 標註完成: 100 個細胞
2026-07-26 13:06:55,634 - m3_module.m3_cells_generator - INFO - enlarge_cell_instances: 100 顆細胞, factor=1.50(面積), 中位半徑=23.1px, 外擴=5.2px
2026-07-26 13:06:55,662 - m3_module.m3_elastic_matching - INFO - elastic_dish_nucleus_matching(overlap-first): IHC=100, DISH=6, matched(1核)=4 (其中重疊=4), drop-out(競爭落敗)=0, 無候選(計入)=96, factor=1.50, min_reach=20.0
2026-07-26 13:06:55,760 - m3_module.m3_dot_detection - INFO - detect_all_dots: 紅點=1, 黑點=2, 涉及細胞=100
2026-07-26 13:06:55,971 - m4_module.cell_crops - INFO - 匯出 43 張 per-cell 影像至 /data/taro_Projects/tsgh/output/r7_run/cell_crops/tile_x2304_y13056/cells
2026-07-26 13:06:55,971 - hybrid_pipeline - INFO - Tile tile_x2304_y13056 完成: 核心擁有 43 細胞 (43 陽性), 1.10 秒
2026-07-26 13:06:56,215 - hybrid_pipeline - INFO - [414/576] 處理 tile: tile_x3072_y13056
2026-07-26 13:06:56,248 - m3_module.m3_cells_generator - INFO - All-positive 標註完成: 109 個細胞
2026-07-26 13:06:56,311 - m3_module.m3_cells_generator - INFO - enlarge_cell_instances: 109 顆細胞, factor=1.50(面積), 中位半徑=25.2px, 外擴=5.7px
2026-07-26 13:06:56,340 - m3_module.m3_elastic_matching - INFO - elastic_dish_nucleus_matching(overlap-first): IHC=109, DISH=31, matched(1核)=17 (其中重疊=17), drop-out(競爭落敗)=5, 無候選(計入)=87, factor=1.50, min_reach=20.0
2026-07-26 13:06:56,481 - m3_module.m3_dot_detection - INFO - detect_all_dots: 紅點=10, 黑點=13, 涉及細胞=109
2026-07-26 13:06:56,817 - m4_module.cell_crops - INFO - 匯出 55 張 per-cell 影像至 /data/taro_Projects/tsgh/output/r7_run/cell_crops/tile_x3840_y13056/cells
2026-07-26 13:06:56,817 - hybrid_pipeline - INFO - Tile tile_x3840_y13056 完成: 核心擁有 55 細胞 (55 陽性), 1.27 秒
2026-07-26 13:06:56,894 - hybrid_pipeline - INFO - [415/576] 處理 tile: tile_x4608_y13056
2026-07-26 13:06:56,925 - m3_module.m3_cells_generator - INFO - All-positive 標註完成: 134 個細胞
2026-07-26 13:06:56,986 - m3_module.m3_cells_generator - INFO - enlarge_cell_instances: 134 顆細胞, factor=1.50(面積), 中位半徑=20.1px, 外擴=4.5px
2026-07-26 13:06:57,023 - m3_module.m3_elastic_matching - INFO - elastic_dish_nucleus_matching(overlap-first): IHC=134, DISH=58, matched(1核)=34 (其中重疊=34), drop-out(競爭落敗)=8, 無候選(計入)=92, factor=1.50, min_reach=20.0
2026-07-26 13:06:57,214 - m3_module.m3_dot_detection - INFO - detect_all_dots: 紅點=27, 黑點=37, 涉及細胞=134
2026-07-26 13:06:57,583 - m4_module.cell_crops - INFO - 匯出 86 張 per-cell 影像至 /data/taro_Projects/tsgh/output/r7_run/cell_crops/tile_x3072_y13056/cells
2026-07-26 13:06:57,584 - hybrid_pipeline - INFO - Tile tile_x3072_y13056 完成: 核心擁有 86 細胞 (86 陽性), 1.37 秒
2026-07-26 13:06:57,613 - hybrid_pipeline - INFO - [416/576] 處理 tile: tile_x5376_y13056
2026-07-26 13:06:57,637 - m3_module.m3_cells_generator - INFO - All-positive 標註完成: 103 個細胞
2026-07-26 13:06:57,693 - m3_module.m3_cells_generator - INFO - enlarge_cell_instances: 103 顆細胞, factor=1.50(面積), 中位半徑=24.8px, 外擴=5.6px
2026-07-26 13:06:57,722 - m3_module.m3_elastic_matching - INFO - elastic_dish_nucleus_matching(overlap-first): IHC=103, DISH=15, matched(1核)=13 (其中重疊=13), drop-out(競爭落敗)=7, 無候選(計入)=83, factor=1.50, min_reach=20.0
2026-07-26 13:06:57,853 - m3_module.m3_dot_detection - INFO - detect_all_dots: 紅點=12, 黑點=17, 涉及細胞=103
2026-07-26 13:06:58,130 - m4_module.cell_crops - INFO - 匯出 57 張 per-cell 影像至 /data/taro_Projects/tsgh/output/r7_run/cell_crops/tile_x4608_y13056/cells
2026-07-26 13:06:58,130 - hybrid_pipeline - INFO - Tile tile_x4608_y13056 完成: 核心擁有 57 細胞 (57 陽性), 1.24 秒
2026-07-26 13:06:58,210 - hybrid_pipeline - INFO - [417/576] 處理 tile: tile_x6144_y13056
2026-07-26 13:06:58,241 - m3_module.m3_cells_generator - INFO - All-positive 標註完成: 17 個細胞
2026-07-26 13:06:58,281 - m3_module.m3_cells_generator - INFO - enlarge_cell_instances: 17 顆細胞, factor=1.50(面積), 中位半徑=23.3px, 外擴=5.2px
2026-07-26 13:06:58,307 - m3_module.m3_elastic_matching - INFO - elastic_dish_nucleus_matching(overlap-first): IHC=17, DISH=2, matched(1核)=1 (其中重疊=1), drop-out(競爭落敗)=0, 無候選(計入)=16, factor=1.50, min_reach=20.0
2026-07-26 13:06:58,393 - m3_module.m3_dot_detection - INFO - detect_all_dots: 紅點=0, 黑點=0, 涉及細胞=17
2026-07-26 13:06:58,497 - m4_module.cell_crops - INFO - 匯出 5 張 per-cell 影像至 /data/taro_Projects/tsgh/output/r7_run/cell_crops/tile_x5376_y13056/cells
2026-07-26 13:06:58,500 - hybrid_pipeline - INFO - Tile tile_x5376_y13056 完成: 核心擁有 5 細胞 (5 陽性), 0.89 秒
2026-07-26 13:06:58,846 - hybrid_pipeline - INFO - [418/576] 處理 tile: tile_x6912_y13056
2026-07-26 13:06:58,876 - m3_module.m3_cells_generator - INFO - All-positive 標註完成: 33 個細胞
2026-07-26 13:06:58,917 - m3_module.m3_cells_generator - INFO - enlarge_cell_instances: 33 顆細胞, factor=1.50(面積), 中位半徑=20.8px, 外擴=4.7px
2026-07-26 13:06:58,940 - m3_module.m3_elastic_matching - INFO - elastic_dish_nucleus_matching(overlap-first): IHC=33, DISH=5, matched(1核)=3 (其中重疊=3), drop-out(競爭落敗)=0, 無候選(計入)=30, factor=1.50, min_reach=20.0
2026-07-26 13:06:59,028 - m3_module.m3_dot_detection - INFO - detect_all_dots: 紅點=1, 黑點=1, 涉及細胞=33
2026-07-26 13:06:59,174 - m4_module.cell_crops - INFO - 匯出 30 張 per-cell 影像至 /data/taro_Projects/tsgh/output/r7_run/cell_crops/tile_x6144_y13056/cells
2026-07-26 13:06:59,174 - hybrid_pipeline - INFO - Tile tile_x6144_y13056 完成: 核心擁有 30 細胞 (30 陽性), 0.96 秒
2026-07-26 13:06:59,488 - hybrid_pipeline - INFO - [419/576] 處理 tile: tile_x7680_y13056
2026-07-26 13:06:59,519 - m3_module.m3_cells_generator - INFO - All-positive 標註完成: 3 個細胞
2026-07-26 13:06:59,545 - m3_module.m3_cells_generator - INFO - enlarge_cell_instances: 3 顆細胞, factor=1.50(面積), 中位半徑=18.6px, 外擴=4.2px
2026-07-26 13:06:59,636 - m3_module.m3_dot_detection - INFO - detect_all_dots: 紅點=0, 黑點=0, 涉及細胞=3
2026-07-26 13:06:59,678 - m4_module.cell_crops - INFO - 匯出 0 張 per-cell 影像至 /data/taro_Projects/tsgh/output/r7_run/cell_crops/tile_x6912_y13056/cells
2026-07-26 13:06:59,679 - hybrid_pipeline - INFO - Tile tile_x6912_y13056 完成: 核心擁有 0 細胞 (0 陽性), 0.83 秒
2026-07-26 13:06:59,679 - hybrid_pipeline - INFO - [420/576] 處理 tile: tile_x8448_y13056
2026-07-26 13:06:59,705 - hybrid_pipeline - INFO - Tile tile_x7680_y13056: 核心遮罩全空 → 空白 placeholder
2026-07-26 13:06:59,724 - hybrid_pipeline - INFO - [421/576] 處理 tile: tile_x9216_y13056
2026-07-26 13:06:59,748 - hybrid_pipeline - INFO - Tile tile_x8448_y13056: 核心遮罩全空 → 空白 placeholder
2026-07-26 13:06:59,766 - hybrid_pipeline - INFO - [422/576] 處理 tile: tile_x10752_y13056
2026-07-26 13:06:59,791 - hybrid_pipeline - INFO - Tile tile_x9216_y13056: 核心遮罩全空 → 空白 placeholder
2026-07-26 13:06:59,804 - hybrid_pipeline - INFO - [423/576] 處理 tile: tile_x9984_y13056
2026-07-26 13:06:59,831 - hybrid_pipeline - INFO - Tile tile_x10752_y13056: 核心遮罩全空 → 空白 placeholder
2026-07-26 13:06:59,845 - hybrid_pipeline - INFO - [424/576] 處理 tile: tile_x11520_y13056
2026-07-26 13:06:59,870 - hybrid_pipeline - INFO - Tile tile_x9984_y13056: 核心遮罩全空 → 空白 placeholder
2026-07-26 13:06:59,883 - hybrid_pipeline - INFO - [425/576] 處理 tile: tile_x13056_y13056
2026-07-26 13:06:59,911 - hybrid_pipeline - INFO - Tile tile_x11520_y13056: 核心遮罩全空 → 空白 placeholder
2026-07-26 13:06:59,919 - hybrid_pipeline - INFO - [426/576] 處理 tile: tile_x12288_y13056
2026-07-26 13:06:59,943 - hybrid_pipeline - INFO - Tile tile_x13056_y13056: 核心遮罩全空 → 空白 placeholder
2026-07-26 13:06:59,954 - hybrid_pipeline - INFO - [427/576] 處理 tile: tile_x14592_y13056
2026-07-26 13:06:59,978 - hybrid_pipeline - INFO - Tile tile_x12288_y13056: 核心遮罩全空 → 空白 placeholder
2026-07-26 13:06:59,988 - hybrid_pipeline - INFO - [428/576] 處理 tile: tile_x13824_y13056
2026-07-26 13:07:00,013 - hybrid_pipeline - INFO - Tile tile_x14592_y13056: 核心遮罩全空 → 空白 placeholder
2026-07-26 13:07:00,025 - hybrid_pipeline - INFO - [429/576] 處理 tile: tile_x16128_y13056
2026-07-26 13:07:00,050 - hybrid_pipeline - INFO - Tile tile_x13824_y13056: 核心遮罩全空 → 空白 placeholder
2026-07-26 13:07:00,061 - hybrid_pipeline - INFO - [430/576] 處理 tile: tile_x15360_y13056
2026-07-26 13:07:00,087 - hybrid_pipeline - INFO - Tile tile_x16128_y13056: 核心遮罩全空 → 空白 placeholder
2026-07-26 13:07:00,098 - hybrid_pipeline - INFO - [431/576] 處理 tile: tile_x0_y13824
2026-07-26 13:07:00,121 - hybrid_pipeline - INFO - Tile tile_x15360_y13056: 核心遮罩全空 → 空白 placeholder
2026-07-26 13:07:00,780 - hybrid_pipeline - INFO - [432/576] 處理 tile: tile_x16896_y13056
2026-07-26 13:07:00,809 - m3_module.m3_cells_generator - INFO - All-positive 標註完成: 115 個細胞
2026-07-26 13:07:00,867 - m3_module.m3_cells_generator - INFO - enlarge_cell_instances: 115 顆細胞, factor=1.50(面積), 中位半徑=30.0px, 外擴=6.7px
2026-07-26 13:07:00,895 - m3_module.m3_elastic_matching - INFO - elastic_dish_nucleus_matching(overlap-first): IHC=115, DISH=50, matched(1核)=33 (其中重疊=32), drop-out(競爭落敗)=11, 無候選(計入)=71, factor=1.50, min_reach=20.0
2026-07-26 13:07:01,060 - m3_module.m3_dot_detection - INFO - detect_all_dots: 紅點=31, 黑點=44, 涉及細胞=115
2026-07-26 13:07:01,412 - m4_module.cell_crops - INFO - 匯出 63 張 per-cell 影像至 /data/taro_Projects/tsgh/output/r7_run/cell_crops/tile_x0_y13824/cells
2026-07-26 13:07:01,412 - hybrid_pipeline - INFO - Tile tile_x0_y13824 完成: 核心擁有 63 細胞 (63 陽性), 1.31 秒
2026-07-26 13:07:01,412 - hybrid_pipeline - INFO - [433/576] 處理 tile: tile_x17664_y13056
2026-07-26 13:07:01,441 - hybrid_pipeline - INFO - Tile tile_x16896_y13056: 核心遮罩全空 → 空白 placeholder
2026-07-26 13:07:01,459 - hybrid_pipeline - INFO - [434/576] 處理 tile: tile_x768_y13824
2026-07-26 13:07:01,482 - hybrid_pipeline - INFO - Tile tile_x17664_y13056: 核心遮罩全空 → 空白 placeholder
2026-07-26 13:07:02,114 - hybrid_pipeline - INFO - [435/576] 處理 tile: tile_x1536_y13824
2026-07-26 13:07:02,144 - m3_module.m3_cells_generator - INFO - All-positive 標註完成: 135 個細胞
2026-07-26 13:07:02,203 - m3_module.m3_cells_generator - INFO - enlarge_cell_instances: 135 顆細胞, factor=1.50(面積), 中位半徑=26.3px, 外擴=5.9px
2026-07-26 13:07:02,232 - m3_module.m3_elastic_matching - INFO - elastic_dish_nucleus_matching(overlap-first): IHC=135, DISH=72, matched(1核)=46 (其中重疊=45), drop-out(競爭落敗)=10, 無候選(計入)=79, factor=1.50, min_reach=20.0
2026-07-26 13:07:02,480 - m3_module.m3_dot_detection - INFO - detect_all_dots: 紅點=66, 黑點=83, 涉及細胞=135
2026-07-26 13:07:02,846 - m4_module.cell_crops - INFO - 匯出 81 張 per-cell 影像至 /data/taro_Projects/tsgh/output/r7_run/cell_crops/tile_x768_y13824/cells
2026-07-26 13:07:02,846 - hybrid_pipeline - INFO - Tile tile_x768_y13824 完成: 核心擁有 81 細胞 (81 陽性), 1.39 秒
2026-07-26 13:07:02,846 - hybrid_pipeline - INFO - [436/576] 處理 tile: tile_x2304_y13824
2026-07-26 13:07:02,870 - m3_module.m3_cells_generator - INFO - All-positive 標註完成: 103 個細胞
2026-07-26 13:07:02,927 - m3_module.m3_cells_generator - INFO - enlarge_cell_instances: 103 顆細胞, factor=1.50(面積), 中位半徑=27.0px, 外擴=6.1px
2026-07-26 13:07:02,956 - m3_module.m3_elastic_matching - INFO - elastic_dish_nucleus_matching(overlap-first): IHC=103, DISH=66, matched(1核)=46 (其中重疊=46), drop-out(競爭落敗)=12, 無候選(計入)=45, factor=1.50, min_reach=20.0
2026-07-26 13:07:03,264 - m3_module.m3_dot_detection - INFO - detect_all_dots: 紅點=94, 黑點=121, 涉及細胞=103
2026-07-26 13:07:03,549 - m4_module.cell_crops - INFO - 匯出 48 張 per-cell 影像至 /data/taro_Projects/tsgh/output/r7_run/cell_crops/tile_x1536_y13824/cells
2026-07-26 13:07:03,549 - hybrid_pipeline - INFO - Tile tile_x1536_y13824 完成: 核心擁有 48 細胞 (48 陽性), 1.43 秒
2026-07-26 13:07:03,573 - hybrid_pipeline - INFO - [437/576] 處理 tile: tile_x3072_y13824
2026-07-26 13:07:03,598 - m3_module.m3_cells_generator - INFO - All-positive 標註完成: 98 個細胞
2026-07-26 13:07:03,654 - m3_module.m3_cells_generator - INFO - enlarge_cell_instances: 98 顆細胞, factor=1.50(面積), 中位半徑=22.8px, 外擴=5.1px
2026-07-26 13:07:03,682 - m3_module.m3_elastic_matching - INFO - elastic_dish_nucleus_matching(overlap-first): IHC=98, DISH=25, matched(1核)=20 (其中重疊=20), drop-out(競爭落敗)=12, 無候選(計入)=66, factor=1.50, min_reach=20.0
2026-07-26 13:07:03,849 - m3_module.m3_dot_detection - INFO - detect_all_dots: 紅點=30, 黑點=38, 涉及細胞=98
2026-07-26 13:07:04,086 - m4_module.cell_crops - INFO - 匯出 75 張 per-cell 影像至 /data/taro_Projects/tsgh/output/r7_run/cell_crops/tile_x2304_y13824/cells
2026-07-26 13:07:04,086 - hybrid_pipeline - INFO - Tile tile_x2304_y13824 完成: 核心擁有 75 細胞 (75 陽性), 1.24 秒
2026-07-26 13:07:04,212 - hybrid_pipeline - INFO - [438/576] 處理 tile: tile_x4608_y13824
2026-07-26 13:07:04,241 - m3_module.m3_cells_generator - INFO - All-positive 標註完成: 67 個細胞
2026-07-26 13:07:04,294 - m3_module.m3_cells_generator - INFO - enlarge_cell_instances: 67 顆細胞, factor=1.50(面積), 中位半徑=24.4px, 外擴=5.5px
2026-07-26 13:07:04,320 - m3_module.m3_elastic_matching - INFO - elastic_dish_nucleus_matching(overlap-first): IHC=67, DISH=19, matched(1核)=13 (其中重疊=13), drop-out(競爭落敗)=4, 無候選(計入)=50, factor=1.50, min_reach=20.0
2026-07-26 13:07:04,443 - m3_module.m3_dot_detection - INFO - detect_all_dots: 紅點=14, 黑點=16, 涉及細胞=67
2026-07-26 13:07:04,648 - m4_module.cell_crops - INFO - 匯出 26 張 per-cell 影像至 /data/taro_Projects/tsgh/output/r7_run/cell_crops/tile_x3072_y13824/cells
2026-07-26 13:07:04,648 - hybrid_pipeline - INFO - Tile tile_x3072_y13824 完成: 核心擁有 26 細胞 (26 陽性), 1.07 秒
2026-07-26 13:07:04,846 - hybrid_pipeline - INFO - [439/576] 處理 tile: tile_x3840_y13824
2026-07-26 13:07:04,875 - m3_module.m3_cells_generator - INFO - All-positive 標註完成: 136 個細胞
2026-07-26 13:07:04,933 - m3_module.m3_cells_generator - INFO - enlarge_cell_instances: 136 顆細胞, factor=1.50(面積), 中位半徑=22.3px, 外擴=5.0px
2026-07-26 13:07:04,961 - m3_module.m3_elastic_matching - INFO - elastic_dish_nucleus_matching(overlap-first): IHC=136, DISH=24, matched(1核)=19 (其中重疊=19), drop-out(競爭落敗)=4, 無候選(計入)=113, factor=1.50, min_reach=20.0
2026-07-26 13:07:05,110 - m3_module.m3_dot_detection - INFO - detect_all_dots: 紅點=22, 黑點=30, 涉及細胞=136
2026-07-26 13:07:05,402 - m4_module.cell_crops - INFO - 匯出 83 張 per-cell 影像至 /data/taro_Projects/tsgh/output/r7_run/cell_crops/tile_x4608_y13824/cells
2026-07-26 13:07:05,402 - hybrid_pipeline - INFO - Tile tile_x4608_y13824 完成: 核心擁有 83 細胞 (83 陽性), 1.19 秒
2026-07-26 13:07:05,475 - hybrid_pipeline - INFO - [440/576] 處理 tile: tile_x6912_y13824
2026-07-26 13:07:05,504 - m3_module.m3_cells_generator - INFO - All-positive 標註完成: 71 個細胞
2026-07-26 13:07:05,559 - m3_module.m3_cells_generator - INFO - enlarge_cell_instances: 71 顆細胞, factor=1.50(面積), 中位半徑=20.6px, 外擴=4.6px
2026-07-26 13:07:05,585 - m3_module.m3_elastic_matching - INFO - elastic_dish_nucleus_matching(overlap-first): IHC=71, DISH=11, matched(1核)=10 (其中重疊=10), drop-out(競爭落敗)=0, 無候選(計入)=61, factor=1.50, min_reach=20.0
2026-07-26 13:07:05,705 - m3_module.m3_dot_detection - INFO - detect_all_dots: 紅點=8, 黑點=15, 涉及細胞=71
2026-07-26 13:07:05,733 - cellpose.dynamics - INFO - No cell pixels found.
2026-07-26 13:07:05,934 - m4_module.cell_crops - INFO - 匯出 34 張 per-cell 影像至 /data/taro_Projects/tsgh/output/r7_run/cell_crops/tile_x3840_y13824/cells
2026-07-26 13:07:05,934 - hybrid_pipeline - INFO - Tile tile_x3840_y13824 完成: 核心擁有 34 細胞 (34 陽性), 1.09 秒
2026-07-26 13:07:06,041 - hybrid_pipeline - INFO - [441/576] 處理 tile: tile_x5376_y13824
2026-07-26 13:07:06,051 - m3_module.m3_cells_generator - INFO - All-positive 標註完成: 0 個細胞
2026-07-26 13:07:06,154 - m3_module.m3_dot_detection - INFO - detect_all_dots: 紅點=0, 黑點=0, 涉及細胞=0
2026-07-26 13:07:06,185 - m4_module.cell_crops - INFO - 匯出 0 張 per-cell 影像至 /data/taro_Projects/tsgh/output/r7_run/cell_crops/tile_x6912_y13824/cells
2026-07-26 13:07:06,185 - hybrid_pipeline - INFO - Tile tile_x6912_y13824 完成: 核心擁有 0 細胞 (0 陽性), 0.71 秒
2026-07-26 13:07:06,677 - hybrid_pipeline - INFO - [442/576] 處理 tile: tile_x6144_y13824
2026-07-26 13:07:06,705 - m3_module.m3_cells_generator - INFO - All-positive 標註完成: 80 個細胞
2026-07-26 13:07:06,756 - m3_module.m3_cells_generator - INFO - enlarge_cell_instances: 80 顆細胞, factor=1.50(面積), 中位半徑=23.8px, 外擴=5.3px
2026-07-26 13:07:06,781 - m3_module.m3_elastic_matching - INFO - elastic_dish_nucleus_matching(overlap-first): IHC=80, DISH=3, matched(1核)=2 (其中重疊=2), drop-out(競爭落敗)=2, 無候選(計入)=76, factor=1.50, min_reach=20.0
2026-07-26 13:07:06,871 - m3_module.m3_dot_detection - INFO - detect_all_dots: 紅點=1, 黑點=0, 涉及細胞=80
2026-07-26 13:07:07,072 - m4_module.cell_crops - INFO - 匯出 45 張 per-cell 影像至 /data/taro_Projects/tsgh/output/r7_run/cell_crops/tile_x5376_y13824/cells
2026-07-26 13:07:07,072 - hybrid_pipeline - INFO - Tile tile_x5376_y13824 完成: 核心擁有 45 細胞 (45 陽性), 1.03 秒
2026-07-26 13:07:07,252 - hybrid_pipeline - INFO - [443/576] 處理 tile: tile_x7680_y13824
2026-07-26 13:07:07,277 - m3_module.m3_cells_generator - INFO - All-positive 標註完成: 6 個細胞
2026-07-26 13:07:07,307 - m3_module.m3_cells_generator - INFO - enlarge_cell_instances: 6 顆細胞, factor=1.50(面積), 中位半徑=21.6px, 外擴=4.9px
2026-07-26 13:07:07,400 - m3_module.m3_dot_detection - INFO - detect_all_dots: 紅點=0, 黑點=0, 涉及細胞=6
2026-07-26 13:07:07,450 - m4_module.cell_crops - INFO - 匯出 5 張 per-cell 影像至 /data/taro_Projects/tsgh/output/r7_run/cell_crops/tile_x6144_y13824/cells
2026-07-26 13:07:07,450 - hybrid_pipeline - INFO - Tile tile_x6144_y13824 完成: 核心擁有 5 細胞 (5 陽性), 0.77 秒
2026-07-26 13:07:07,496 - cellpose.dynamics - INFO - No cell pixels found.
2026-07-26 13:07:07,799 - hybrid_pipeline - INFO - [444/576] 處理 tile: tile_x8448_y13824
2026-07-26 13:07:07,811 - m3_module.m3_cells_generator - INFO - All-positive 標註完成: 0 個細胞
2026-07-26 13:07:07,900 - m3_module.m3_dot_detection - INFO - detect_all_dots: 紅點=0, 黑點=0, 涉及細胞=0
2026-07-26 13:07:07,931 - m4_module.cell_crops - INFO - 匯出 0 張 per-cell 影像至 /data/taro_Projects/tsgh/output/r7_run/cell_crops/tile_x7680_y13824/cells
2026-07-26 13:07:07,931 - hybrid_pipeline - INFO - Tile tile_x7680_y13824 完成: 核心擁有 0 細胞 (0 陽性), 0.68 秒
2026-07-26 13:07:07,931 - hybrid_pipeline - INFO - [445/576] 處理 tile: tile_x9216_y13824
2026-07-26 13:07:07,954 - hybrid_pipeline - INFO - Tile tile_x8448_y13824: 核心遮罩全空 → 空白 placeholder
2026-07-26 13:07:07,977 - hybrid_pipeline - INFO - [446/576] 處理 tile: tile_x9984_y13824
2026-07-26 13:07:08,000 - hybrid_pipeline - INFO - Tile tile_x9216_y13824: 核心遮罩全空 → 空白 placeholder
2026-07-26 13:07:08,018 - hybrid_pipeline - INFO - [447/576] 處理 tile: tile_x10752_y13824
2026-07-26 13:07:08,041 - hybrid_pipeline - INFO - Tile tile_x9984_y13824: 核心遮罩全空 → 空白 placeholder
2026-07-26 13:07:08,054 - hybrid_pipeline - INFO - [448/576] 處理 tile: tile_x11520_y13824
2026-07-26 13:07:08,076 - hybrid_pipeline - INFO - Tile tile_x10752_y13824: 核心遮罩全空 → 空白 placeholder
2026-07-26 13:07:08,091 - hybrid_pipeline - INFO - [449/576] 處理 tile: tile_x14592_y13824
2026-07-26 13:07:08,114 - hybrid_pipeline - INFO - Tile tile_x11520_y13824: 核心遮罩全空 → 空白 placeholder
2026-07-26 13:07:08,130 - hybrid_pipeline - INFO - [450/576] 處理 tile: tile_x12288_y13824
2026-07-26 13:07:08,153 - hybrid_pipeline - INFO - Tile tile_x14592_y13824: 核心遮罩全空 → 空白 placeholder
2026-07-26 13:07:08,172 - hybrid_pipeline - INFO - [451/576] 處理 tile: tile_x13056_y13824
2026-07-26 13:07:08,202 - hybrid_pipeline - INFO - Tile tile_x12288_y13824: 核心遮罩全空 → 空白 placeholder
2026-07-26 13:07:08,210 - hybrid_pipeline - INFO - [452/576] 處理 tile: tile_x13824_y13824
2026-07-26 13:07:08,234 - hybrid_pipeline - INFO - Tile tile_x13056_y13824: 核心遮罩全空 → 空白 placeholder
2026-07-26 13:07:08,248 - hybrid_pipeline - INFO - [453/576] 處理 tile: tile_x15360_y13824
2026-07-26 13:07:08,278 - hybrid_pipeline - INFO - Tile tile_x13824_y13824: 核心遮罩全空 → 空白 placeholder
2026-07-26 13:07:08,293 - hybrid_pipeline - INFO - [454/576] 處理 tile: tile_x16128_y13824
2026-07-26 13:07:08,322 - hybrid_pipeline - INFO - Tile tile_x15360_y13824: 核心遮罩全空 → 空白 placeholder
2026-07-26 13:07:08,331 - hybrid_pipeline - INFO - [455/576] 處理 tile: tile_x16896_y13824
2026-07-26 13:07:08,354 - hybrid_pipeline - INFO - Tile tile_x16128_y13824: 核心遮罩全空 → 空白 placeholder
2026-07-26 13:07:08,367 - hybrid_pipeline - INFO - [456/576] 處理 tile: tile_x17664_y13824
2026-07-26 13:07:08,391 - hybrid_pipeline - INFO - Tile tile_x16896_y13824: 核心遮罩全空 → 空白 placeholder
2026-07-26 13:07:08,404 - hybrid_pipeline - INFO - [457/576] 處理 tile: tile_x0_y14592
2026-07-26 13:07:08,427 - hybrid_pipeline - INFO - Tile tile_x17664_y13824: 核心遮罩全空 → 空白 placeholder
2026-07-26 13:07:09,028 - hybrid_pipeline - INFO - [458/576] 處理 tile: tile_x2304_y14592
2026-07-26 13:07:09,057 - m3_module.m3_cells_generator - INFO - All-positive 標註完成: 52 個細胞
2026-07-26 13:07:09,113 - m3_module.m3_cells_generator - INFO - enlarge_cell_instances: 52 顆細胞, factor=1.50(面積), 中位半徑=28.5px, 外擴=6.4px
2026-07-26 13:07:09,142 - m3_module.m3_elastic_matching - INFO - elastic_dish_nucleus_matching(overlap-first): IHC=52, DISH=14, matched(1核)=13 (其中重疊=13), drop-out(競爭落敗)=6, 無候選(計入)=33, factor=1.50, min_reach=20.0
2026-07-26 13:07:09,265 - m3_module.m3_dot_detection - INFO - detect_all_dots: 紅點=13, 黑點=16, 涉及細胞=52
2026-07-26 13:07:09,460 - m4_module.cell_crops - INFO - 匯出 34 張 per-cell 影像至 /data/taro_Projects/tsgh/output/r7_run/cell_crops/tile_x0_y14592/cells
2026-07-26 13:07:09,460 - hybrid_pipeline - INFO - Tile tile_x0_y14592 完成: 核心擁有 34 細胞 (34 陽性), 1.06 秒
2026-07-26 13:07:09,674 - hybrid_pipeline - INFO - [459/576] 處理 tile: tile_x768_y14592
2026-07-26 13:07:09,704 - m3_module.m3_cells_generator - INFO - All-positive 標註完成: 93 個細胞
2026-07-26 13:07:09,763 - m3_module.m3_cells_generator - INFO - enlarge_cell_instances: 93 顆細胞, factor=1.50(面積), 中位半徑=23.4px, 外擴=5.3px
2026-07-26 13:07:09,793 - m3_module.m3_elastic_matching - INFO - elastic_dish_nucleus_matching(overlap-first): IHC=93, DISH=76, matched(1核)=36 (其中重疊=36), drop-out(競爭落敗)=2, 無候選(計入)=55, factor=1.50, min_reach=20.0
2026-07-26 13:07:09,978 - m3_module.m3_dot_detection - INFO - detect_all_dots: 紅點=36, 黑點=44, 涉及細胞=93
2026-07-26 13:07:10,274 - m4_module.cell_crops - INFO - 匯出 55 張 per-cell 影像至 /data/taro_Projects/tsgh/output/r7_run/cell_crops/tile_x2304_y14592/cells
2026-07-26 13:07:10,274 - hybrid_pipeline - INFO - Tile tile_x2304_y14592 完成: 核心擁有 55 細胞 (55 陽性), 1.25 秒
2026-07-26 13:07:10,351 - hybrid_pipeline - INFO - [460/576] 處理 tile: tile_x1536_y14592
2026-07-26 13:07:10,375 - m3_module.m3_cells_generator - INFO - All-positive 標註完成: 57 個細胞
2026-07-26 13:07:10,432 - m3_module.m3_cells_generator - INFO - enlarge_cell_instances: 57 顆細胞, factor=1.50(面積), 中位半徑=32.0px, 外擴=7.2px
2026-07-26 13:07:10,458 - m3_module.m3_elastic_matching - INFO - elastic_dish_nucleus_matching(overlap-first): IHC=57, DISH=20, matched(1核)=18 (其中重疊=18), drop-out(競爭落敗)=7, 無候選(計入)=32, factor=1.50, min_reach=20.0
2026-07-26 13:07:10,607 - m3_module.m3_dot_detection - INFO - detect_all_dots: 紅點=26, 黑點=33, 涉及細胞=57
2026-07-26 13:07:10,833 - m4_module.cell_crops - INFO - 匯出 30 張 per-cell 影像至 /data/taro_Projects/tsgh/output/r7_run/cell_crops/tile_x768_y14592/cells
2026-07-26 13:07:10,833 - hybrid_pipeline - INFO - Tile tile_x768_y14592 完成: 核心擁有 30 細胞 (30 陽性), 1.16 秒
2026-07-26 13:07:10,974 - hybrid_pipeline - INFO - [461/576] 處理 tile: tile_x3072_y14592
2026-07-26 13:07:11,004 - m3_module.m3_cells_generator - INFO - All-positive 標註完成: 67 個細胞
2026-07-26 13:07:11,062 - m3_module.m3_cells_generator - INFO - enlarge_cell_instances: 67 顆細胞, factor=1.50(面積), 中位半徑=28.1px, 外擴=6.3px
2026-07-26 13:07:11,088 - m3_module.m3_elastic_matching - INFO - elastic_dish_nucleus_matching(overlap-first): IHC=67, DISH=38, matched(1核)=28 (其中重疊=28), drop-out(競爭落敗)=3, 無候選(計入)=36, factor=1.50, min_reach=20.0
2026-07-26 13:07:11,268 - m3_module.m3_dot_detection - INFO - detect_all_dots: 紅點=29, 黑點=48, 涉及細胞=67
2026-07-26 13:07:11,485 - m4_module.cell_crops - INFO - 匯出 23 張 per-cell 影像至 /data/taro_Projects/tsgh/output/r7_run/cell_crops/tile_x1536_y14592/cells
2026-07-26 13:07:11,485 - hybrid_pipeline - INFO - Tile tile_x1536_y14592 完成: 核心擁有 23 細胞 (23 陽性), 1.13 秒
2026-07-26 13:07:11,653 - hybrid_pipeline - INFO - [462/576] 處理 tile: tile_x4608_y14592
2026-07-26 13:07:11,685 - m3_module.m3_cells_generator - INFO - All-positive 標註完成: 89 個細胞
2026-07-26 13:07:11,743 - m3_module.m3_cells_generator - INFO - enlarge_cell_instances: 89 顆細胞, factor=1.50(面積), 中位半徑=28.0px, 外擴=6.3px
2026-07-26 13:07:11,770 - m3_module.m3_elastic_matching - INFO - elastic_dish_nucleus_matching(overlap-first): IHC=89, DISH=29, matched(1核)=19 (其中重疊=18), drop-out(競爭落敗)=4, 無候選(計入)=66, factor=1.50, min_reach=20.0
2026-07-26 13:07:11,913 - m3_module.m3_dot_detection - INFO - detect_all_dots: 紅點=16, 黑點=24, 涉及細胞=89
2026-07-26 13:07:12,203 - m4_module.cell_crops - INFO - 匯出 58 張 per-cell 影像至 /data/taro_Projects/tsgh/output/r7_run/cell_crops/tile_x3072_y14592/cells
2026-07-26 13:07:12,203 - hybrid_pipeline - INFO - Tile tile_x3072_y14592 完成: 核心擁有 58 細胞 (58 陽性), 1.23 秒
2026-07-26 13:07:12,290 - hybrid_pipeline - INFO - [463/576] 處理 tile: tile_x3840_y14592
2026-07-26 13:07:12,321 - m3_module.m3_cells_generator - INFO - All-positive 標註完成: 80 個細胞
2026-07-26 13:07:12,376 - m3_module.m3_cells_generator - INFO - enlarge_cell_instances: 80 顆細胞, factor=1.50(面積), 中位半徑=19.9px, 外擴=4.5px
2026-07-26 13:07:12,400 - m3_module.m3_elastic_matching - INFO - elastic_dish_nucleus_matching(overlap-first): IHC=80, DISH=9, matched(1核)=8 (其中重疊=8), drop-out(競爭落敗)=1, 無候選(計入)=71, factor=1.50, min_reach=20.0
2026-07-26 13:07:12,513 - m3_module.m3_dot_detection - INFO - detect_all_dots: 紅點=6, 黑點=11, 涉及細胞=80
2026-07-26 13:07:12,713 - m4_module.cell_crops - INFO - 匯出 32 張 per-cell 影像至 /data/taro_Projects/tsgh/output/r7_run/cell_crops/tile_x4608_y14592/cells
2026-07-26 13:07:12,713 - hybrid_pipeline - INFO - Tile tile_x4608_y14592 完成: 核心擁有 32 細胞 (32 陽性), 1.06 秒
2026-07-26 13:07:12,924 - hybrid_pipeline - INFO - [464/576] 處理 tile: tile_x5376_y14592
2026-07-26 13:07:12,951 - m3_module.m3_cells_generator - INFO - All-positive 標註完成: 66 個細胞
2026-07-26 13:07:13,007 - m3_module.m3_cells_generator - INFO - enlarge_cell_instances: 66 顆細胞, factor=1.50(面積), 中位半徑=23.6px, 外擴=5.3px
2026-07-26 13:07:13,032 - m3_module.m3_elastic_matching - INFO - elastic_dish_nucleus_matching(overlap-first): IHC=66, DISH=11, matched(1核)=6 (其中重疊=6), drop-out(競爭落敗)=2, 無候選(計入)=58, factor=1.50, min_reach=20.0
2026-07-26 13:07:13,134 - m3_module.m3_dot_detection - INFO - detect_all_dots: 紅點=4, 黑點=5, 涉及細胞=66
2026-07-26 13:07:13,336 - m4_module.cell_crops - INFO - 匯出 39 張 per-cell 影像至 /data/taro_Projects/tsgh/output/r7_run/cell_crops/tile_x3840_y14592/cells
2026-07-26 13:07:13,336 - hybrid_pipeline - INFO - Tile tile_x3840_y14592 完成: 核心擁有 39 細胞 (39 陽性), 1.05 秒
2026-07-26 13:07:13,550 - hybrid_pipeline - INFO - [465/576] 處理 tile: tile_x6912_y14592
2026-07-26 13:07:13,579 - m3_module.m3_cells_generator - INFO - All-positive 標註完成: 110 個細胞
2026-07-26 13:07:13,634 - m3_module.m3_cells_generator - INFO - enlarge_cell_instances: 110 顆細胞, factor=1.50(面積), 中位半徑=22.7px, 外擴=5.1px
2026-07-26 13:07:13,661 - m3_module.m3_elastic_matching - INFO - elastic_dish_nucleus_matching(overlap-first): IHC=110, DISH=10, matched(1核)=6 (其中重疊=6), drop-out(競爭落敗)=1, 無候選(計入)=103, factor=1.50, min_reach=20.0
2026-07-26 13:07:13,762 - m3_module.m3_dot_detection - INFO - detect_all_dots: 紅點=1, 黑點=6, 涉及細胞=110
2026-07-26 13:07:14,032 - m4_module.cell_crops - INFO - 匯出 63 張 per-cell 影像至 /data/taro_Projects/tsgh/output/r7_run/cell_crops/tile_x5376_y14592/cells
2026-07-26 13:07:14,032 - hybrid_pipeline - INFO - Tile tile_x5376_y14592 完成: 核心擁有 63 細胞 (63 陽性), 1.11 秒
2026-07-26 13:07:14,144 - hybrid_pipeline - INFO - [466/576] 處理 tile: tile_x7680_y14592
2026-07-26 13:07:14,173 - m3_module.m3_cells_generator - INFO - All-positive 標註完成: 20 個細胞
2026-07-26 13:07:14,214 - m3_module.m3_cells_generator - INFO - enlarge_cell_instances: 20 顆細胞, factor=1.50(面積), 中位半徑=24.3px, 外擴=5.5px
2026-07-26 13:07:14,237 - m3_module.m3_elastic_matching - INFO - elastic_dish_nucleus_matching(overlap-first): IHC=20, DISH=9, matched(1核)=5 (其中重疊=5), drop-out(競爭落敗)=1, 無候選(計入)=14, factor=1.50, min_reach=20.0
2026-07-26 13:07:14,347 - m3_module.m3_dot_detection - INFO - detect_all_dots: 紅點=8, 黑點=11, 涉及細胞=20
2026-07-26 13:07:14,479 - m4_module.cell_crops - INFO - 匯出 13 張 per-cell 影像至 /data/taro_Projects/tsgh/output/r7_run/cell_crops/tile_x6912_y14592/cells
2026-07-26 13:07:14,479 - hybrid_pipeline - INFO - Tile tile_x6912_y14592 完成: 核心擁有 13 細胞 (13 陽性), 0.93 秒
2026-07-26 13:07:14,786 - hybrid_pipeline - INFO - [467/576] 處理 tile: tile_x6144_y14592
2026-07-26 13:07:14,814 - m3_module.m3_cells_generator - INFO - All-positive 標註完成: 37 個細胞
2026-07-26 13:07:14,861 - m3_module.m3_cells_generator - INFO - enlarge_cell_instances: 37 顆細胞, factor=1.50(面積), 中位半徑=25.2px, 外擴=5.7px
2026-07-26 13:07:14,886 - m3_module.m3_elastic_matching - INFO - elastic_dish_nucleus_matching(overlap-first): IHC=37, DISH=30, matched(1核)=22 (其中重疊=22), drop-out(競爭落敗)=3, 無候選(計入)=12, factor=1.50, min_reach=20.0
2026-07-26 13:07:15,102 - m3_module.m3_dot_detection - INFO - detect_all_dots: 紅點=54, 黑點=69, 涉及細胞=37
2026-07-26 13:07:15,270 - m4_module.cell_crops - INFO - 匯出 24 張 per-cell 影像至 /data/taro_Projects/tsgh/output/r7_run/cell_crops/tile_x7680_y14592/cells
2026-07-26 13:07:15,270 - hybrid_pipeline - INFO - Tile tile_x7680_y14592 完成: 核心擁有 24 細胞 (24 陽性), 1.13 秒
2026-07-26 13:07:15,419 - hybrid_pipeline - INFO - [468/576] 處理 tile: tile_x8448_y14592
2026-07-26 13:07:15,447 - m3_module.m3_cells_generator - INFO - All-positive 標註完成: 5 個細胞
2026-07-26 13:07:15,478 - m3_module.m3_cells_generator - INFO - enlarge_cell_instances: 5 顆細胞, factor=1.50(面積), 中位半徑=31.7px, 外擴=7.1px
2026-07-26 13:07:15,569 - m3_module.m3_dot_detection - INFO - detect_all_dots: 紅點=0, 黑點=0, 涉及細胞=5
2026-07-26 13:07:15,622 - m4_module.cell_crops - INFO - 匯出 0 張 per-cell 影像至 /data/taro_Projects/tsgh/output/r7_run/cell_crops/tile_x6144_y14592/cells
2026-07-26 13:07:15,622 - hybrid_pipeline - INFO - Tile tile_x6144_y14592 完成: 核心擁有 0 細胞 (0 陽性), 0.84 秒
2026-07-26 13:07:16,055 - hybrid_pipeline - INFO - [469/576] 處理 tile: tile_x9216_y14592
2026-07-26 13:07:16,083 - m3_module.m3_cells_generator - INFO - All-positive 標註完成: 25 個細胞
2026-07-26 13:07:16,121 - m3_module.m3_cells_generator - INFO - enlarge_cell_instances: 25 顆細胞, factor=1.50(面積), 中位半徑=25.6px, 外擴=5.8px
2026-07-26 13:07:16,144 - m3_module.m3_elastic_matching - INFO - elastic_dish_nucleus_matching(overlap-first): IHC=25, DISH=26, matched(1核)=17 (其中重疊=17), drop-out(競爭落敗)=4, 無候選(計入)=4, factor=1.50, min_reach=20.0
2026-07-26 13:07:16,319 - m3_module.m3_dot_detection - INFO - detect_all_dots: 紅點=47, 黑點=68, 涉及細胞=25
2026-07-26 13:07:16,422 - m4_module.cell_crops - INFO - 匯出 9 張 per-cell 影像至 /data/taro_Projects/tsgh/output/r7_run/cell_crops/tile_x8448_y14592/cells
2026-07-26 13:07:16,422 - hybrid_pipeline - INFO - Tile tile_x8448_y14592 完成: 核心擁有 9 細胞 (9 陽性), 1.00 秒
2026-07-26 13:07:16,424 - hybrid_pipeline - INFO - [470/576] 處理 tile: tile_x11520_y14592
2026-07-26 13:07:16,449 - hybrid_pipeline - INFO - Tile tile_x9216_y14592: 核心遮罩全空 → 空白 placeholder
2026-07-26 13:07:16,481 - hybrid_pipeline - INFO - [471/576] 處理 tile: tile_x10752_y14592
2026-07-26 13:07:16,504 - hybrid_pipeline - INFO - Tile tile_x11520_y14592: 核心遮罩全空 → 空白 placeholder
2026-07-26 13:07:16,521 - hybrid_pipeline - INFO - [472/576] 處理 tile: tile_x9984_y14592
2026-07-26 13:07:16,544 - hybrid_pipeline - INFO - Tile tile_x10752_y14592: 核心遮罩全空 → 空白 placeholder
2026-07-26 13:07:16,564 - hybrid_pipeline - INFO - [473/576] 處理 tile: tile_x15360_y14592
2026-07-26 13:07:16,587 - hybrid_pipeline - INFO - Tile tile_x9984_y14592: 核心遮罩全空 → 空白 placeholder
2026-07-26 13:07:16,602 - hybrid_pipeline - INFO - [474/576] 處理 tile: tile_x14592_y14592
2026-07-26 13:07:16,625 - hybrid_pipeline - INFO - Tile tile_x15360_y14592: 核心遮罩全空 → 空白 placeholder
2026-07-26 13:07:16,639 - hybrid_pipeline - INFO - [475/576] 處理 tile: tile_x13824_y14592
2026-07-26 13:07:16,666 - hybrid_pipeline - INFO - Tile tile_x14592_y14592: 核心遮罩全空 → 空白 placeholder
2026-07-26 13:07:16,676 - hybrid_pipeline - INFO - [476/576] 處理 tile: tile_x13056_y14592
2026-07-26 13:07:16,700 - hybrid_pipeline - INFO - Tile tile_x13824_y14592: 核心遮罩全空 → 空白 placeholder
2026-07-26 13:07:16,716 - hybrid_pipeline - INFO - [477/576] 處理 tile: tile_x12288_y14592
2026-07-26 13:07:16,739 - hybrid_pipeline - INFO - Tile tile_x13056_y14592: 核心遮罩全空 → 空白 placeholder
2026-07-26 13:07:16,753 - hybrid_pipeline - INFO - [478/576] 處理 tile: tile_x16128_y14592
2026-07-26 13:07:16,776 - hybrid_pipeline - INFO - Tile tile_x12288_y14592: 核心遮罩全空 → 空白 placeholder
2026-07-26 13:07:16,790 - hybrid_pipeline - INFO - [479/576] 處理 tile: tile_x16896_y14592
2026-07-26 13:07:16,814 - hybrid_pipeline - INFO - Tile tile_x16128_y14592: 核心遮罩全空 → 空白 placeholder
2026-07-26 13:07:16,828 - hybrid_pipeline - INFO - [480/576] 處理 tile: tile_x17664_y14592
2026-07-26 13:07:16,855 - hybrid_pipeline - INFO - Tile tile_x16896_y14592: 核心遮罩全空 → 空白 placeholder
2026-07-26 13:07:16,867 - hybrid_pipeline - INFO - [481/576] 處理 tile: tile_x0_y15360
2026-07-26 13:07:16,890 - hybrid_pipeline - INFO - Tile tile_x17664_y14592: 核心遮罩全空 → 空白 placeholder
2026-07-26 13:07:17,473 - hybrid_pipeline - INFO - [482/576] 處理 tile: tile_x1536_y15360
2026-07-26 13:07:17,502 - m3_module.m3_cells_generator - INFO - All-positive 標註完成: 15 個細胞
2026-07-26 13:07:17,543 - m3_module.m3_cells_generator - INFO - enlarge_cell_instances: 15 顆細胞, factor=1.50(面積), 中位半徑=31.3px, 外擴=7.0px
2026-07-26 13:07:17,573 - m3_module.m3_elastic_matching - INFO - elastic_dish_nucleus_matching(overlap-first): IHC=15, DISH=17, matched(1核)=11 (其中重疊=11), drop-out(競爭落敗)=1, 無候選(計入)=3, factor=1.50, min_reach=20.0
2026-07-26 13:07:17,697 - m3_module.m3_dot_detection - INFO - detect_all_dots: 紅點=13, 黑點=19, 涉及細胞=15
2026-07-26 13:07:17,825 - m4_module.cell_crops - INFO - 匯出 11 張 per-cell 影像至 /data/taro_Projects/tsgh/output/r7_run/cell_crops/tile_x0_y15360/cells
2026-07-26 13:07:17,825 - hybrid_pipeline - INFO - Tile tile_x0_y15360 完成: 核心擁有 11 細胞 (11 陽性), 0.96 秒
2026-07-26 13:07:18,145 - hybrid_pipeline - INFO - [483/576] 處理 tile: tile_x3072_y15360
2026-07-26 13:07:18,173 - m3_module.m3_cells_generator - INFO - All-positive 標註完成: 106 個細胞
2026-07-26 13:07:18,227 - m3_module.m3_cells_generator - INFO - enlarge_cell_instances: 106 顆細胞, factor=1.50(面積), 中位半徑=28.6px, 外擴=6.4px
2026-07-26 13:07:18,255 - m3_module.m3_elastic_matching - INFO - elastic_dish_nucleus_matching(overlap-first): IHC=106, DISH=54, matched(1核)=42 (其中重疊=42), drop-out(競爭落敗)=14, 無候選(計入)=50, factor=1.50, min_reach=20.0
2026-07-26 13:07:18,488 - m3_module.m3_dot_detection - INFO - detect_all_dots: 紅點=52, 黑點=74, 涉及細胞=106
2026-07-26 13:07:18,793 - m4_module.cell_crops - INFO - 匯出 70 張 per-cell 影像至 /data/taro_Projects/tsgh/output/r7_run/cell_crops/tile_x1536_y15360/cells
2026-07-26 13:07:18,793 - hybrid_pipeline - INFO - Tile tile_x1536_y15360 完成: 核心擁有 70 細胞 (70 陽性), 1.32 秒
2026-07-26 13:07:18,796 - hybrid_pipeline - INFO - [484/576] 處理 tile: tile_x768_y15360
2026-07-26 13:07:18,819 - m3_module.m3_cells_generator - INFO - All-positive 標註完成: 28 個細胞
2026-07-26 13:07:18,853 - m3_module.m3_cells_generator - INFO - enlarge_cell_instances: 28 顆細胞, factor=1.50(面積), 中位半徑=17.6px, 外擴=4.0px
2026-07-26 13:07:18,878 - m3_module.m3_elastic_matching - INFO - elastic_dish_nucleus_matching(overlap-first): IHC=28, DISH=11, matched(1核)=8 (其中重疊=8), drop-out(競爭落敗)=1, 無候選(計入)=19, factor=1.50, min_reach=20.0
2026-07-26 13:07:18,989 - m3_module.m3_dot_detection - INFO - detect_all_dots: 紅點=7, 黑點=5, 涉及細胞=28
2026-07-26 13:07:19,094 - m4_module.cell_crops - INFO - 匯出 2 張 per-cell 影像至 /data/taro_Projects/tsgh/output/r7_run/cell_crops/tile_x3072_y15360/cells
2026-07-26 13:07:19,094 - hybrid_pipeline - INFO - Tile tile_x3072_y15360 完成: 核心擁有 2 細胞 (2 陽性), 0.95 秒
2026-07-26 13:07:19,386 - hybrid_pipeline - INFO - [485/576] 處理 tile: tile_x2304_y15360
2026-07-26 13:07:19,414 - m3_module.m3_cells_generator - INFO - All-positive 標註完成: 8 個細胞
2026-07-26 13:07:19,442 - m3_module.m3_cells_generator - INFO - enlarge_cell_instances: 8 顆細胞, factor=1.50(面積), 中位半徑=15.1px, 外擴=3.4px
2026-07-26 13:07:19,466 - m3_module.m3_elastic_matching - INFO - elastic_dish_nucleus_matching(overlap-first): IHC=8, DISH=4, matched(1核)=3 (其中重疊=3), drop-out(競爭落敗)=1, 無候選(計入)=4, factor=1.50, min_reach=20.0
2026-07-26 13:07:19,562 - m3_module.m3_dot_detection - INFO - detect_all_dots: 紅點=3, 黑點=4, 涉及細胞=8
2026-07-26 13:07:19,633 - m4_module.cell_crops - INFO - 匯出 0 張 per-cell 影像至 /data/taro_Projects/tsgh/output/r7_run/cell_crops/tile_x768_y15360/cells
2026-07-26 13:07:19,633 - hybrid_pipeline - INFO - Tile tile_x768_y15360 完成: 核心擁有 0 細胞 (0 陽性), 0.84 秒
2026-07-26 13:07:20,070 - hybrid_pipeline - INFO - [486/576] 處理 tile: tile_x3840_y15360
2026-07-26 13:07:20,097 - m3_module.m3_cells_generator - INFO - All-positive 標註完成: 124 個細胞
2026-07-26 13:07:20,153 - m3_module.m3_cells_generator - INFO - enlarge_cell_instances: 124 顆細胞, factor=1.50(面積), 中位半徑=28.7px, 外擴=6.4px
2026-07-26 13:07:20,183 - m3_module.m3_elastic_matching - INFO - elastic_dish_nucleus_matching(overlap-first): IHC=124, DISH=76, matched(1核)=47 (其中重疊=47), drop-out(競爭落敗)=5, 無候選(計入)=72, factor=1.50, min_reach=20.0
2026-07-26 13:07:20,411 - m3_module.m3_dot_detection - INFO - detect_all_dots: 紅點=52, 黑點=66, 涉及細胞=124
2026-07-26 13:07:20,762 - m4_module.cell_crops - INFO - 匯出 73 張 per-cell 影像至 /data/taro_Projects/tsgh/output/r7_run/cell_crops/tile_x2304_y15360/cells
2026-07-26 13:07:20,762 - hybrid_pipeline - INFO - Tile tile_x2304_y15360 完成: 核心擁有 73 細胞 (73 陽性), 1.38 秒
2026-07-26 13:07:20,762 - hybrid_pipeline - INFO - [487/576] 處理 tile: tile_x4608_y15360
2026-07-26 13:07:20,785 - m3_module.m3_cells_generator - INFO - All-positive 標註完成: 69 個細胞
2026-07-26 13:07:20,835 - m3_module.m3_cells_generator - INFO - enlarge_cell_instances: 69 顆細胞, factor=1.50(面積), 中位半徑=22.9px, 外擴=5.1px
2026-07-26 13:07:20,860 - m3_module.m3_elastic_matching - INFO - elastic_dish_nucleus_matching(overlap-first): IHC=69, DISH=5, matched(1核)=5 (其中重疊=5), drop-out(競爭落敗)=2, 無候選(計入)=62, factor=1.50, min_reach=20.0
2026-07-26 13:07:20,960 - m3_module.m3_dot_detection - INFO - detect_all_dots: 紅點=4, 黑點=6, 涉及細胞=69
2026-07-26 13:07:21,128 - m4_module.cell_crops - INFO - 匯出 37 張 per-cell 影像至 /data/taro_Projects/tsgh/output/r7_run/cell_crops/tile_x3840_y15360/cells
2026-07-26 13:07:21,129 - hybrid_pipeline - INFO - Tile tile_x3840_y15360 完成: 核心擁有 37 細胞 (37 陽性), 1.06 秒
2026-07-26 13:07:21,398 - hybrid_pipeline - INFO - [488/576] 處理 tile: tile_x5376_y15360
2026-07-26 13:07:21,427 - m3_module.m3_cells_generator - INFO - All-positive 標註完成: 130 個細胞
2026-07-26 13:07:21,486 - m3_module.m3_cells_generator - INFO - enlarge_cell_instances: 130 顆細胞, factor=1.50(面積), 中位半徑=22.4px, 外擴=5.0px
2026-07-26 13:07:21,514 - m3_module.m3_elastic_matching - INFO - elastic_dish_nucleus_matching(overlap-first): IHC=130, DISH=32, matched(1核)=22 (其中重疊=22), drop-out(競爭落敗)=7, 無候選(計入)=101, factor=1.50, min_reach=20.0
2026-07-26 13:07:21,657 - m3_module.m3_dot_detection - INFO - detect_all_dots: 紅點=15, 黑點=22, 涉及細胞=130
2026-07-26 13:07:22,003 - m4_module.cell_crops - INFO - 匯出 67 張 per-cell 影像至 /data/taro_Projects/tsgh/output/r7_run/cell_crops/tile_x4608_y15360/cells
2026-07-26 13:07:22,003 - hybrid_pipeline - INFO - Tile tile_x4608_y15360 完成: 核心擁有 67 細胞 (67 陽性), 1.24 秒
2026-07-26 13:07:22,033 - hybrid_pipeline - INFO - [489/576] 處理 tile: tile_x6144_y15360
2026-07-26 13:07:22,056 - m3_module.m3_cells_generator - INFO - All-positive 標註完成: 102 個細胞
2026-07-26 13:07:22,113 - m3_module.m3_cells_generator - INFO - enlarge_cell_instances: 102 顆細胞, factor=1.50(面積), 中位半徑=21.9px, 外擴=4.9px
2026-07-26 13:07:22,138 - m3_module.m3_elastic_matching - INFO - elastic_dish_nucleus_matching(overlap-first): IHC=102, DISH=14, matched(1核)=10 (其中重疊=10), drop-out(競爭落敗)=7, 無候選(計入)=85, factor=1.50, min_reach=20.0
2026-07-26 13:07:22,246 - m3_module.m3_dot_detection - INFO - detect_all_dots: 紅點=4, 黑點=8, 涉及細胞=102
2026-07-26 13:07:22,511 - m4_module.cell_crops - INFO - 匯出 64 張 per-cell 影像至 /data/taro_Projects/tsgh/output/r7_run/cell_crops/tile_x5376_y15360/cells
2026-07-26 13:07:22,511 - hybrid_pipeline - INFO - Tile tile_x5376_y15360 完成: 核心擁有 64 細胞 (64 陽性), 1.11 秒
2026-07-26 13:07:22,644 - hybrid_pipeline - INFO - [490/576] 處理 tile: tile_x6912_y15360
2026-07-26 13:07:22,673 - m3_module.m3_cells_generator - INFO - All-positive 標註完成: 68 個細胞
2026-07-26 13:07:22,726 - m3_module.m3_cells_generator - INFO - enlarge_cell_instances: 68 顆細胞, factor=1.50(面積), 中位半徑=18.8px, 外擴=4.2px
2026-07-26 13:07:22,750 - m3_module.m3_elastic_matching - INFO - elastic_dish_nucleus_matching(overlap-first): IHC=68, DISH=5, matched(1核)=4 (其中重疊=4), drop-out(競爭落敗)=3, 無候選(計入)=61, factor=1.50, min_reach=20.0
2026-07-26 13:07:22,853 - m3_module.m3_dot_detection - INFO - detect_all_dots: 紅點=6, 黑點=7, 涉及細胞=68
2026-07-26 13:07:23,028 - m4_module.cell_crops - INFO - 匯出 28 張 per-cell 影像至 /data/taro_Projects/tsgh/output/r7_run/cell_crops/tile_x6144_y15360/cells
2026-07-26 13:07:23,028 - hybrid_pipeline - INFO - Tile tile_x6144_y15360 完成: 核心擁有 28 細胞 (28 陽性), 1.00 秒
2026-07-26 13:07:23,297 - hybrid_pipeline - INFO - [491/576] 處理 tile: tile_x9984_y15360
2026-07-26 13:07:23,327 - m3_module.m3_cells_generator - INFO - All-positive 標註完成: 88 個細胞
2026-07-26 13:07:23,382 - m3_module.m3_cells_generator - INFO - enlarge_cell_instances: 88 顆細胞, factor=1.50(面積), 中位半徑=21.0px, 外擴=4.7px
2026-07-26 13:07:23,409 - m3_module.m3_elastic_matching - INFO - elastic_dish_nucleus_matching(overlap-first): IHC=88, DISH=63, matched(1核)=38 (其中重疊=38), drop-out(競爭落敗)=4, 無候選(計入)=46, factor=1.50, min_reach=20.0
2026-07-26 13:07:23,608 - m3_module.m3_dot_detection - INFO - detect_all_dots: 紅點=46, 黑點=68, 涉及細胞=88
2026-07-26 13:07:23,857 - m4_module.cell_crops - INFO - 匯出 47 張 per-cell 影像至 /data/taro_Projects/tsgh/output/r7_run/cell_crops/tile_x6912_y15360/cells
2026-07-26 13:07:23,858 - hybrid_pipeline - INFO - Tile tile_x6912_y15360 完成: 核心擁有 47 細胞 (47 陽性), 1.21 秒
2026-07-26 13:07:23,860 - hybrid_pipeline - INFO - [492/576] 處理 tile: tile_x8448_y15360
2026-07-26 13:07:23,885 - hybrid_pipeline - INFO - Tile tile_x9984_y15360: 核心遮罩全空 → 空白 placeholder
2026-07-26 13:07:24,496 - hybrid_pipeline - INFO - [493/576] 處理 tile: tile_x9216_y15360
2026-07-26 13:07:24,527 - m3_module.m3_cells_generator - INFO - All-positive 標註完成: 22 個細胞
2026-07-26 13:07:24,565 - m3_module.m3_cells_generator - INFO - enlarge_cell_instances: 22 顆細胞, factor=1.50(面積), 中位半徑=21.9px, 外擴=4.9px
2026-07-26 13:07:24,588 - m3_module.m3_elastic_matching - INFO - elastic_dish_nucleus_matching(overlap-first): IHC=22, DISH=30, matched(1核)=15 (其中重疊=15), drop-out(競爭落敗)=1, 無候選(計入)=6, factor=1.50, min_reach=20.0
2026-07-26 13:07:24,737 - m3_module.m3_dot_detection - INFO - detect_all_dots: 紅點=31, 黑點=48, 涉及細胞=22
2026-07-26 13:07:24,853 - m4_module.cell_crops - INFO - 匯出 10 張 per-cell 影像至 /data/taro_Projects/tsgh/output/r7_run/cell_crops/tile_x8448_y15360/cells
2026-07-26 13:07:24,853 - hybrid_pipeline - INFO - Tile tile_x8448_y15360 完成: 核心擁有 10 細胞 (10 陽性), 0.99 秒
2026-07-26 13:07:24,854 - hybrid_pipeline - INFO - [494/576] 處理 tile: tile_x7680_y15360
2026-07-26 13:07:24,877 - hybrid_pipeline - INFO - Tile tile_x9216_y15360: 核心遮罩全空 → 空白 placeholder
2026-07-26 13:07:25,478 - hybrid_pipeline - INFO - [495/576] 處理 tile: tile_x10752_y15360
2026-07-26 13:07:25,504 - m3_module.m3_cells_generator - INFO - All-positive 標註完成: 53 個細胞
2026-07-26 13:07:25,556 - m3_module.m3_cells_generator - INFO - enlarge_cell_instances: 53 顆細胞, factor=1.50(面積), 中位半徑=21.5px, 外擴=4.8px
2026-07-26 13:07:25,580 - m3_module.m3_elastic_matching - INFO - elastic_dish_nucleus_matching(overlap-first): IHC=53, DISH=61, matched(1核)=34 (其中重疊=34), drop-out(競爭落敗)=5, 無候選(計入)=14, factor=1.50, min_reach=20.0
2026-07-26 13:07:25,789 - m3_module.m3_dot_detection - INFO - detect_all_dots: 紅點=64, 黑點=79, 涉及細胞=53
2026-07-26 13:07:25,978 - m4_module.cell_crops - INFO - 匯出 21 張 per-cell 影像至 /data/taro_Projects/tsgh/output/r7_run/cell_crops/tile_x7680_y15360/cells
2026-07-26 13:07:25,978 - hybrid_pipeline - INFO - Tile tile_x7680_y15360 完成: 核心擁有 21 細胞 (21 陽性), 1.12 秒
2026-07-26 13:07:25,978 - hybrid_pipeline - INFO - [496/576] 處理 tile: tile_x11520_y15360
2026-07-26 13:07:26,003 - hybrid_pipeline - INFO - Tile tile_x10752_y15360: 核心遮罩全空 → 空白 placeholder
2026-07-26 13:07:26,025 - hybrid_pipeline - INFO - [497/576] 處理 tile: tile_x12288_y15360
2026-07-26 13:07:26,050 - hybrid_pipeline - INFO - Tile tile_x11520_y15360: 核心遮罩全空 → 空白 placeholder
2026-07-26 13:07:26,063 - hybrid_pipeline - INFO - [498/576] 處理 tile: tile_x13056_y15360
2026-07-26 13:07:26,088 - hybrid_pipeline - INFO - Tile tile_x12288_y15360: 核心遮罩全空 → 空白 placeholder
2026-07-26 13:07:26,104 - hybrid_pipeline - INFO - [499/576] 處理 tile: tile_x14592_y15360
2026-07-26 13:07:26,127 - hybrid_pipeline - INFO - Tile tile_x13056_y15360: 核心遮罩全空 → 空白 placeholder
2026-07-26 13:07:26,140 - hybrid_pipeline - INFO - [500/576] 處理 tile: tile_x16128_y15360
2026-07-26 13:07:26,164 - hybrid_pipeline - INFO - Tile tile_x14592_y15360: 核心遮罩全空 → 空白 placeholder
2026-07-26 13:07:26,175 - hybrid_pipeline - INFO - [501/576] 處理 tile: tile_x13824_y15360
2026-07-26 13:07:26,199 - hybrid_pipeline - INFO - Tile tile_x16128_y15360: 核心遮罩全空 → 空白 placeholder
2026-07-26 13:07:26,211 - hybrid_pipeline - INFO - [502/576] 處理 tile: tile_x15360_y15360
2026-07-26 13:07:26,235 - hybrid_pipeline - INFO - Tile tile_x13824_y15360: 核心遮罩全空 → 空白 placeholder
2026-07-26 13:07:26,248 - hybrid_pipeline - INFO - [503/576] 處理 tile: tile_x16896_y15360
2026-07-26 13:07:26,272 - hybrid_pipeline - INFO - Tile tile_x15360_y15360: 核心遮罩全空 → 空白 placeholder
2026-07-26 13:07:26,285 - hybrid_pipeline - INFO - [504/576] 處理 tile: tile_x17664_y15360
2026-07-26 13:07:26,308 - hybrid_pipeline - INFO - Tile tile_x16896_y15360: 核心遮罩全空 → 空白 placeholder
2026-07-26 13:07:26,321 - hybrid_pipeline - INFO - [505/576] 處理 tile: tile_x768_y16128
2026-07-26 13:07:26,345 - hybrid_pipeline - INFO - Tile tile_x17664_y15360: 核心遮罩全空 → 空白 placeholder
2026-07-26 13:07:26,914 - hybrid_pipeline - INFO - [506/576] 處理 tile: tile_x0_y16128
2026-07-26 13:07:26,945 - m3_module.m3_cells_generator - INFO - All-positive 標註完成: 26 個細胞
2026-07-26 13:07:26,988 - m3_module.m3_cells_generator - INFO - enlarge_cell_instances: 26 顆細胞, factor=1.50(面積), 中位半徑=28.3px, 外擴=6.4px
2026-07-26 13:07:27,014 - m3_module.m3_elastic_matching - INFO - elastic_dish_nucleus_matching(overlap-first): IHC=26, DISH=21, matched(1核)=12 (其中重疊=12), drop-out(競爭落敗)=2, 無候選(計入)=12, factor=1.50, min_reach=20.0
2026-07-26 13:07:27,119 - m3_module.m3_dot_detection - INFO - detect_all_dots: 紅點=3, 黑點=10, 涉及細胞=26
2026-07-26 13:07:27,252 - m4_module.cell_crops - INFO - 匯出 10 張 per-cell 影像至 /data/taro_Projects/tsgh/output/r7_run/cell_crops/tile_x768_y16128/cells
2026-07-26 13:07:27,252 - hybrid_pipeline - INFO - Tile tile_x768_y16128 完成: 核心擁有 10 細胞 (10 陽性), 0.93 秒
2026-07-26 13:07:27,562 - hybrid_pipeline - INFO - [507/576] 處理 tile: tile_x1536_y16128
2026-07-26 13:07:27,593 - m3_module.m3_cells_generator - INFO - All-positive 標註完成: 76 個細胞
2026-07-26 13:07:27,650 - m3_module.m3_cells_generator - INFO - enlarge_cell_instances: 76 顆細胞, factor=1.50(面積), 中位半徑=30.5px, 外擴=6.9px
2026-07-26 13:07:27,679 - m3_module.m3_elastic_matching - INFO - elastic_dish_nucleus_matching(overlap-first): IHC=76, DISH=69, matched(1核)=47 (其中重疊=47), drop-out(競爭落敗)=7, 無候選(計入)=22, factor=1.50, min_reach=20.0
2026-07-26 13:07:27,900 - m3_module.m3_dot_detection - INFO - detect_all_dots: 紅點=42, 黑點=73, 涉及細胞=76
2026-07-26 13:07:28,197 - m4_module.cell_crops - INFO - 匯出 53 張 per-cell 影像至 /data/taro_Projects/tsgh/output/r7_run/cell_crops/tile_x0_y16128/cells
2026-07-26 13:07:28,198 - hybrid_pipeline - INFO - Tile tile_x0_y16128 完成: 核心擁有 53 細胞 (53 陽性), 1.28 秒
2026-07-26 13:07:28,243 - hybrid_pipeline - INFO - [508/576] 處理 tile: tile_x3840_y16128
2026-07-26 13:07:28,273 - m3_module.m3_cells_generator - INFO - All-positive 標註完成: 61 個細胞
2026-07-26 13:07:28,324 - m3_module.m3_cells_generator - INFO - enlarge_cell_instances: 61 顆細胞, factor=1.50(面積), 中位半徑=27.2px, 外擴=6.1px
2026-07-26 13:07:28,350 - m3_module.m3_elastic_matching - INFO - elastic_dish_nucleus_matching(overlap-first): IHC=61, DISH=31, matched(1核)=19 (其中重疊=19), drop-out(競爭落敗)=3, 無候選(計入)=39, factor=1.50, min_reach=20.0
2026-07-26 13:07:28,496 - m3_module.m3_dot_detection - INFO - detect_all_dots: 紅點=19, 黑點=36, 涉及細胞=61
2026-07-26 13:07:28,683 - m4_module.cell_crops - INFO - 匯出 36 張 per-cell 影像至 /data/taro_Projects/tsgh/output/r7_run/cell_crops/tile_x1536_y16128/cells
2026-07-26 13:07:28,683 - hybrid_pipeline - INFO - Tile tile_x1536_y16128 完成: 核心擁有 36 細胞 (36 陽性), 1.12 秒
2026-07-26 13:07:28,898 - hybrid_pipeline - INFO - [509/576] 處理 tile: tile_x2304_y16128
2026-07-26 13:07:28,927 - m3_module.m3_cells_generator - INFO - All-positive 標註完成: 122 個細胞
2026-07-26 13:07:28,987 - m3_module.m3_cells_generator - INFO - enlarge_cell_instances: 122 顆細胞, factor=1.50(面積), 中位半徑=26.2px, 外擴=5.9px
2026-07-26 13:07:29,016 - m3_module.m3_elastic_matching - INFO - elastic_dish_nucleus_matching(overlap-first): IHC=122, DISH=55, matched(1核)=36 (其中重疊=34), drop-out(競爭落敗)=7, 無候選(計入)=79, factor=1.50, min_reach=20.0
2026-07-26 13:07:29,178 - m3_module.m3_dot_detection - INFO - detect_all_dots: 紅點=24, 黑點=29, 涉及細胞=122
2026-07-26 13:07:29,535 - m4_module.cell_crops - INFO - 匯出 78 張 per-cell 影像至 /data/taro_Projects/tsgh/output/r7_run/cell_crops/tile_x3840_y16128/cells
2026-07-26 13:07:29,535 - hybrid_pipeline - INFO - Tile tile_x3840_y16128 完成: 核心擁有 78 細胞 (78 陽性), 1.29 秒
2026-07-26 13:07:29,557 - hybrid_pipeline - INFO - [510/576] 處理 tile: tile_x3072_y16128
2026-07-26 13:07:29,581 - m3_module.m3_cells_generator - INFO - All-positive 標註完成: 72 個細胞
2026-07-26 13:07:29,633 - m3_module.m3_cells_generator - INFO - enlarge_cell_instances: 72 顆細胞, factor=1.50(面積), 中位半徑=28.4px, 外擴=6.4px
2026-07-26 13:07:29,659 - m3_module.m3_elastic_matching - INFO - elastic_dish_nucleus_matching(overlap-first): IHC=72, DISH=35, matched(1核)=25 (其中重疊=25), drop-out(競爭落敗)=4, 無候選(計入)=43, factor=1.50, min_reach=20.0
2026-07-26 13:07:29,819 - m3_module.m3_dot_detection - INFO - detect_all_dots: 紅點=29, 黑點=44, 涉及細胞=72
2026-07-26 13:07:30,039 - m4_module.cell_crops - INFO - 匯出 40 張 per-cell 影像至 /data/taro_Projects/tsgh/output/r7_run/cell_crops/tile_x2304_y16128/cells
2026-07-26 13:07:30,039 - hybrid_pipeline - INFO - Tile tile_x2304_y16128 完成: 核心擁有 40 細胞 (40 陽性), 1.14 秒
2026-07-26 13:07:30,220 - hybrid_pipeline - INFO - [511/576] 處理 tile: tile_x4608_y16128
2026-07-26 13:07:30,249 - m3_module.m3_cells_generator - INFO - All-positive 標註完成: 52 個細胞
2026-07-26 13:07:30,296 - m3_module.m3_cells_generator - INFO - enlarge_cell_instances: 52 顆細胞, factor=1.50(面積), 中位半徑=21.7px, 外擴=4.9px
2026-07-26 13:07:30,319 - m3_module.m3_elastic_matching - INFO - elastic_dish_nucleus_matching(overlap-first): IHC=52, DISH=19, matched(1核)=15 (其中重疊=15), drop-out(競爭落敗)=6, 無候選(計入)=31, factor=1.50, min_reach=20.0
2026-07-26 13:07:30,464 - m3_module.m3_dot_detection - INFO - detect_all_dots: 紅點=25, 黑點=20, 涉及細胞=52
2026-07-26 13:07:30,619 - m4_module.cell_crops - INFO - 匯出 27 張 per-cell 影像至 /data/taro_Projects/tsgh/output/r7_run/cell_crops/tile_x3072_y16128/cells
2026-07-26 13:07:30,619 - hybrid_pipeline - INFO - Tile tile_x3072_y16128 完成: 核心擁有 27 細胞 (27 陽性), 1.06 秒
2026-07-26 13:07:30,849 - hybrid_pipeline - INFO - [512/576] 處理 tile: tile_x5376_y16128
2026-07-26 13:07:30,878 - m3_module.m3_cells_generator - INFO - All-positive 標註完成: 95 個細胞
2026-07-26 13:07:30,938 - m3_module.m3_cells_generator - INFO - enlarge_cell_instances: 95 顆細胞, factor=1.50(面積), 中位半徑=29.5px, 外擴=6.6px
2026-07-26 13:07:30,966 - m3_module.m3_elastic_matching - INFO - elastic_dish_nucleus_matching(overlap-first): IHC=95, DISH=40, matched(1核)=24 (其中重疊=24), drop-out(競爭落敗)=2, 無候選(計入)=69, factor=1.50, min_reach=20.0
2026-07-26 13:07:31,108 - m3_module.m3_dot_detection - INFO - detect_all_dots: 紅點=20, 黑點=29, 涉及細胞=95
2026-07-26 13:07:31,413 - m4_module.cell_crops - INFO - 匯出 49 張 per-cell 影像至 /data/taro_Projects/tsgh/output/r7_run/cell_crops/tile_x4608_y16128/cells
2026-07-26 13:07:31,413 - hybrid_pipeline - INFO - Tile tile_x4608_y16128 完成: 核心擁有 49 細胞 (49 陽性), 1.19 秒
2026-07-26 13:07:31,476 - hybrid_pipeline - INFO - [513/576] 處理 tile: tile_x9984_y16128
2026-07-26 13:07:31,505 - m3_module.m3_cells_generator - INFO - All-positive 標註完成: 57 個細胞
2026-07-26 13:07:31,560 - m3_module.m3_cells_generator - INFO - enlarge_cell_instances: 57 顆細胞, factor=1.50(面積), 中位半徑=22.4px, 外擴=5.0px
2026-07-26 13:07:31,584 - m3_module.m3_elastic_matching - INFO - elastic_dish_nucleus_matching(overlap-first): IHC=57, DISH=12, matched(1核)=9 (其中重疊=9), drop-out(競爭落敗)=1, 無候選(計入)=47, factor=1.50, min_reach=20.0
2026-07-26 13:07:31,692 - m3_module.m3_dot_detection - INFO - detect_all_dots: 紅點=4, 黑點=10, 涉及細胞=57
2026-07-26 13:07:31,711 - cellpose.dynamics - INFO - No cell pixels found.
2026-07-26 13:07:31,858 - m4_module.cell_crops - INFO - 匯出 19 張 per-cell 影像至 /data/taro_Projects/tsgh/output/r7_run/cell_crops/tile_x5376_y16128/cells
2026-07-26 13:07:31,858 - hybrid_pipeline - INFO - Tile tile_x5376_y16128 完成: 核心擁有 19 細胞 (19 陽性), 1.01 秒
2026-07-26 13:07:32,017 - hybrid_pipeline - INFO - [514/576] 處理 tile: tile_x6144_y16128
2026-07-26 13:07:32,027 - m3_module.m3_cells_generator - INFO - All-positive 標註完成: 0 個細胞
2026-07-26 13:07:32,125 - m3_module.m3_dot_detection - INFO - detect_all_dots: 紅點=0, 黑點=0, 涉及細胞=0
2026-07-26 13:07:32,156 - m4_module.cell_crops - INFO - 匯出 0 張 per-cell 影像至 /data/taro_Projects/tsgh/output/r7_run/cell_crops/tile_x9984_y16128/cells
2026-07-26 13:07:32,156 - hybrid_pipeline - INFO - Tile tile_x9984_y16128 完成: 核心擁有 0 細胞 (0 陽性), 0.68 秒
2026-07-26 13:07:32,719 - hybrid_pipeline - INFO - [515/576] 處理 tile: tile_x6912_y16128
2026-07-26 13:07:32,748 - m3_module.m3_cells_generator - INFO - All-positive 標註完成: 145 個細胞
2026-07-26 13:07:32,807 - m3_module.m3_cells_generator - INFO - enlarge_cell_instances: 145 顆細胞, factor=1.50(面積), 中位半徑=23.0px, 外擴=5.2px
2026-07-26 13:07:32,836 - m3_module.m3_elastic_matching - INFO - elastic_dish_nucleus_matching(overlap-first): IHC=145, DISH=25, matched(1核)=20 (其中重疊=20), drop-out(競爭落敗)=7, 無候選(計入)=118, factor=1.50, min_reach=20.0
2026-07-26 13:07:32,975 - m3_module.m3_dot_detection - INFO - detect_all_dots: 紅點=16, 黑點=26, 涉及細胞=145
2026-07-26 13:07:33,361 - m4_module.cell_crops - INFO - 匯出 85 張 per-cell 影像至 /data/taro_Projects/tsgh/output/r7_run/cell_crops/tile_x6144_y16128/cells
2026-07-26 13:07:33,361 - hybrid_pipeline - INFO - Tile tile_x6144_y16128 完成: 核心擁有 85 細胞 (85 陽性), 1.34 秒
2026-07-26 13:07:33,399 - hybrid_pipeline - INFO - [516/576] 處理 tile: tile_x8448_y16128
2026-07-26 13:07:33,424 - m3_module.m3_cells_generator - INFO - All-positive 標註完成: 121 個細胞
2026-07-26 13:07:33,481 - m3_module.m3_cells_generator - INFO - enlarge_cell_instances: 121 顆細胞, factor=1.50(面積), 中位半徑=23.0px, 外擴=5.2px
2026-07-26 13:07:33,511 - m3_module.m3_elastic_matching - INFO - elastic_dish_nucleus_matching(overlap-first): IHC=121, DISH=106, matched(1核)=60 (其中重疊=60), drop-out(競爭落敗)=8, 無候選(計入)=53, factor=1.50, min_reach=20.0
2026-07-26 13:07:33,864 - m3_module.m3_dot_detection - INFO - detect_all_dots: 紅點=101, 黑點=142, 涉及細胞=121
2026-07-26 13:07:34,206 - m4_module.cell_crops - INFO - 匯出 70 張 per-cell 影像至 /data/taro_Projects/tsgh/output/r7_run/cell_crops/tile_x6912_y16128/cells
2026-07-26 13:07:34,207 - hybrid_pipeline - INFO - Tile tile_x6912_y16128 完成: 核心擁有 70 細胞 (70 陽性), 1.49 秒
2026-07-26 13:07:34,207 - hybrid_pipeline - INFO - [517/576] 處理 tile: tile_x7680_y16128
2026-07-26 13:07:34,231 - m3_module.m3_cells_generator - INFO - All-positive 標註完成: 14 個細胞
2026-07-26 13:07:34,262 - m3_module.m3_cells_generator - INFO - enlarge_cell_instances: 14 顆細胞, factor=1.50(面積), 中位半徑=21.4px, 外擴=4.8px
2026-07-26 13:07:34,286 - m3_module.m3_elastic_matching - INFO - elastic_dish_nucleus_matching(overlap-first): IHC=14, DISH=35, matched(1核)=11 (其中重疊=11), drop-out(競爭落敗)=0, 無候選(計入)=3, factor=1.50, min_reach=20.0
2026-07-26 13:07:34,417 - m3_module.m3_dot_detection - INFO - detect_all_dots: 紅點=21, 黑點=25, 涉及細胞=14
2026-07-26 13:07:34,525 - m4_module.cell_crops - INFO - 匯出 3 張 per-cell 影像至 /data/taro_Projects/tsgh/output/r7_run/cell_crops/tile_x8448_y16128/cells
2026-07-26 13:07:34,525 - hybrid_pipeline - INFO - Tile tile_x8448_y16128 完成: 核心擁有 3 細胞 (3 陽性), 1.13 秒
2026-07-26 13:07:34,928 - hybrid_pipeline - INFO - [518/576] 處理 tile: tile_x9216_y16128
2026-07-26 13:07:34,956 - m3_module.m3_cells_generator - INFO - All-positive 標註完成: 51 個細胞
2026-07-26 13:07:35,005 - m3_module.m3_cells_generator - INFO - enlarge_cell_instances: 51 顆細胞, factor=1.50(面積), 中位半徑=21.3px, 外擴=4.8px
2026-07-26 13:07:35,031 - m3_module.m3_elastic_matching - INFO - elastic_dish_nucleus_matching(overlap-first): IHC=51, DISH=78, matched(1核)=38 (其中重疊=38), drop-out(競爭落敗)=3, 無候選(計入)=10, factor=1.50, min_reach=20.0
2026-07-26 13:07:35,303 - m3_module.m3_dot_detection - INFO - detect_all_dots: 紅點=74, 黑點=92, 涉及細胞=51
2026-07-26 13:07:35,495 - m4_module.cell_crops - INFO - 匯出 26 張 per-cell 影像至 /data/taro_Projects/tsgh/output/r7_run/cell_crops/tile_x7680_y16128/cells
2026-07-26 13:07:35,495 - hybrid_pipeline - INFO - Tile tile_x7680_y16128 完成: 核心擁有 26 細胞 (26 陽性), 1.29 秒
2026-07-26 13:07:35,599 - hybrid_pipeline - INFO - [519/576] 處理 tile: tile_x10752_y16128
2026-07-26 13:07:35,633 - m3_module.m3_cells_generator - INFO - All-positive 標註完成: 4 個細胞
2026-07-26 13:07:35,662 - m3_module.m3_cells_generator - INFO - enlarge_cell_instances: 4 顆細胞, factor=1.50(面積), 中位半徑=20.0px, 外擴=4.5px
2026-07-26 13:07:35,685 - m3_module.m3_elastic_matching - INFO - elastic_dish_nucleus_matching(overlap-first): IHC=4, DISH=1, matched(1核)=1 (其中重疊=1), drop-out(競爭落敗)=0, 無候選(計入)=3, factor=1.50, min_reach=20.0
2026-07-26 13:07:35,780 - m3_module.m3_dot_detection - INFO - detect_all_dots: 紅點=3, 黑點=4, 涉及細胞=4
2026-07-26 13:07:35,849 - m4_module.cell_crops - INFO - 匯出 1 張 per-cell 影像至 /data/taro_Projects/tsgh/output/r7_run/cell_crops/tile_x9216_y16128/cells
2026-07-26 13:07:35,850 - hybrid_pipeline - INFO - Tile tile_x9216_y16128 完成: 核心擁有 1 細胞 (1 陽性), 0.92 秒
2026-07-26 13:07:36,194 - hybrid_pipeline - INFO - [520/576] 處理 tile: tile_x11520_y16128
2026-07-26 13:07:36,227 - m3_module.m3_cells_generator - INFO - All-positive 標註完成: 13 個細胞
2026-07-26 13:07:36,257 - m3_module.m3_cells_generator - INFO - enlarge_cell_instances: 13 顆細胞, factor=1.50(面積), 中位半徑=15.8px, 外擴=3.6px
2026-07-26 13:07:36,350 - m3_module.m3_dot_detection - INFO - detect_all_dots: 紅點=0, 黑點=0, 涉及細胞=13
2026-07-26 13:07:36,390 - m4_module.cell_crops - INFO - 匯出 0 張 per-cell 影像至 /data/taro_Projects/tsgh/output/r7_run/cell_crops/tile_x10752_y16128/cells
2026-07-26 13:07:36,390 - hybrid_pipeline - INFO - Tile tile_x10752_y16128 完成: 核心擁有 0 細胞 (0 陽性), 0.79 秒
2026-07-26 13:07:36,788 - hybrid_pipeline - INFO - [521/576] 處理 tile: tile_x13056_y16128
2026-07-26 13:07:36,819 - m3_module.m3_cells_generator - INFO - All-positive 標註完成: 22 個細胞
2026-07-26 13:07:36,853 - m3_module.m3_cells_generator - INFO - enlarge_cell_instances: 22 顆細胞, factor=1.50(面積), 中位半徑=17.8px, 外擴=4.0px
2026-07-26 13:07:36,938 - m3_module.m3_dot_detection - INFO - detect_all_dots: 紅點=0, 黑點=0, 涉及細胞=22
2026-07-26 13:07:37,000 - m4_module.cell_crops - INFO - 匯出 11 張 per-cell 影像至 /data/taro_Projects/tsgh/output/r7_run/cell_crops/tile_x11520_y16128/cells
2026-07-26 13:07:37,000 - hybrid_pipeline - INFO - Tile tile_x11520_y16128 完成: 核心擁有 11 細胞 (11 陽性), 0.81 秒
2026-07-26 13:07:37,000 - hybrid_pipeline - INFO - [522/576] 處理 tile: tile_x12288_y16128
2026-07-26 13:07:37,024 - hybrid_pipeline - INFO - Tile tile_x13056_y16128: 核心遮罩全空 → 空白 placeholder
2026-07-26 13:07:37,045 - hybrid_pipeline - INFO - [523/576] 處理 tile: tile_x13824_y16128
2026-07-26 13:07:37,069 - hybrid_pipeline - INFO - Tile tile_x12288_y16128: 核心遮罩全空 → 空白 placeholder
2026-07-26 13:07:37,085 - hybrid_pipeline - INFO - [524/576] 處理 tile: tile_x14592_y16128
2026-07-26 13:07:37,108 - hybrid_pipeline - INFO - Tile tile_x13824_y16128: 核心遮罩全空 → 空白 placeholder
2026-07-26 13:07:37,128 - hybrid_pipeline - INFO - [525/576] 處理 tile: tile_x16128_y16128
2026-07-26 13:07:37,155 - hybrid_pipeline - INFO - Tile tile_x14592_y16128: 核心遮罩全空 → 空白 placeholder
2026-07-26 13:07:37,165 - hybrid_pipeline - INFO - [526/576] 處理 tile: tile_x16896_y16128
2026-07-26 13:07:37,191 - hybrid_pipeline - INFO - Tile tile_x16128_y16128: 核心遮罩全空 → 空白 placeholder
2026-07-26 13:07:37,203 - hybrid_pipeline - INFO - [527/576] 處理 tile: tile_x15360_y16128
2026-07-26 13:07:37,226 - hybrid_pipeline - INFO - Tile tile_x16896_y16128: 核心遮罩全空 → 空白 placeholder
2026-07-26 13:07:37,242 - hybrid_pipeline - INFO - [528/576] 處理 tile: tile_x17664_y16128
2026-07-26 13:07:37,267 - hybrid_pipeline - INFO - Tile tile_x15360_y16128: 核心遮罩全空 → 空白 placeholder
2026-07-26 13:07:37,284 - hybrid_pipeline - INFO - [529/576] 處理 tile: tile_x0_y16896
2026-07-26 13:07:37,308 - hybrid_pipeline - INFO - Tile tile_x17664_y16128: 核心遮罩全空 → 空白 placeholder
2026-07-26 13:07:37,939 - hybrid_pipeline - INFO - [530/576] 處理 tile: tile_x768_y16896
2026-07-26 13:07:37,967 - m3_module.m3_cells_generator - INFO - All-positive 標註完成: 110 個細胞
2026-07-26 13:07:38,025 - m3_module.m3_cells_generator - INFO - enlarge_cell_instances: 110 顆細胞, factor=1.50(面積), 中位半徑=23.7px, 外擴=5.3px
2026-07-26 13:07:38,053 - m3_module.m3_elastic_matching - INFO - elastic_dish_nucleus_matching(overlap-first): IHC=110, DISH=77, matched(1核)=51 (其中重疊=51), drop-out(競爭落敗)=9, 無候選(計入)=50, factor=1.50, min_reach=20.0
2026-07-26 13:07:38,319 - m3_module.m3_dot_detection - INFO - detect_all_dots: 紅點=63, 黑點=96, 涉及細胞=110
2026-07-26 13:07:38,674 - m4_module.cell_crops - INFO - 匯出 70 張 per-cell 影像至 /data/taro_Projects/tsgh/output/r7_run/cell_crops/tile_x0_y16896/cells
2026-07-26 13:07:38,674 - hybrid_pipeline - INFO - Tile tile_x0_y16896 完成: 核心擁有 70 細胞 (70 陽性), 1.39 秒
2026-07-26 13:07:38,674 - hybrid_pipeline - INFO - [531/576] 處理 tile: tile_x1536_y16896
2026-07-26 13:07:38,697 - m3_module.m3_cells_generator - INFO - All-positive 標註完成: 56 個細胞
2026-07-26 13:07:38,750 - m3_module.m3_cells_generator - INFO - enlarge_cell_instances: 56 顆細胞, factor=1.50(面積), 中位半徑=24.0px, 外擴=5.4px
2026-07-26 13:07:38,776 - m3_module.m3_elastic_matching - INFO - elastic_dish_nucleus_matching(overlap-first): IHC=56, DISH=45, matched(1核)=23 (其中重疊=23), drop-out(競爭落敗)=4, 無候選(計入)=29, factor=1.50, min_reach=20.0
2026-07-26 13:07:38,922 - m3_module.m3_dot_detection - INFO - detect_all_dots: 紅點=14, 黑點=27, 涉及細胞=56
2026-07-26 13:07:39,123 - m4_module.cell_crops - INFO - 匯出 22 張 per-cell 影像至 /data/taro_Projects/tsgh/output/r7_run/cell_crops/tile_x768_y16896/cells
2026-07-26 13:07:39,123 - hybrid_pipeline - INFO - Tile tile_x768_y16896 完成: 核心擁有 22 細胞 (22 陽性), 1.18 秒
2026-07-26 13:07:39,289 - hybrid_pipeline - INFO - [532/576] 處理 tile: tile_x3072_y16896
2026-07-26 13:07:39,316 - m3_module.m3_cells_generator - INFO - All-positive 標註完成: 20 個細胞
2026-07-26 13:07:39,353 - m3_module.m3_cells_generator - INFO - enlarge_cell_instances: 20 顆細胞, factor=1.50(面積), 中位半徑=23.4px, 外擴=5.3px
2026-07-26 13:07:39,377 - m3_module.m3_elastic_matching - INFO - elastic_dish_nucleus_matching(overlap-first): IHC=20, DISH=24, matched(1核)=10 (其中重疊=10), drop-out(競爭落敗)=1, 無候選(計入)=9, factor=1.50, min_reach=20.0
2026-07-26 13:07:39,482 - m3_module.m3_dot_detection - INFO - detect_all_dots: 紅點=6, 黑點=9, 涉及細胞=20
2026-07-26 13:07:39,596 - m4_module.cell_crops - INFO - 匯出 14 張 per-cell 影像至 /data/taro_Projects/tsgh/output/r7_run/cell_crops/tile_x1536_y16896/cells
2026-07-26 13:07:39,596 - hybrid_pipeline - INFO - Tile tile_x1536_y16896 完成: 核心擁有 14 細胞 (14 陽性), 0.92 秒
2026-07-26 13:07:39,947 - hybrid_pipeline - INFO - [533/576] 處理 tile: tile_x3840_y16896
2026-07-26 13:07:39,976 - m3_module.m3_cells_generator - INFO - All-positive 標註完成: 86 個細胞
2026-07-26 13:07:40,023 - m3_module.m3_cells_generator - INFO - enlarge_cell_instances: 86 顆細胞, factor=1.50(面積), 中位半徑=26.5px, 外擴=6.0px
2026-07-26 13:07:40,050 - m3_module.m3_elastic_matching - INFO - elastic_dish_nucleus_matching(overlap-first): IHC=86, DISH=42, matched(1核)=36 (其中重疊=36), drop-out(競爭落敗)=16, 無候選(計入)=34, factor=1.50, min_reach=20.0
2026-07-26 13:07:40,325 - m3_module.m3_dot_detection - INFO - detect_all_dots: 紅點=75, 黑點=90, 涉及細胞=86
2026-07-26 13:07:40,563 - m4_module.cell_crops - INFO - 匯出 50 張 per-cell 影像至 /data/taro_Projects/tsgh/output/r7_run/cell_crops/tile_x3072_y16896/cells
2026-07-26 13:07:40,563 - hybrid_pipeline - INFO - Tile tile_x3072_y16896 完成: 核心擁有 50 細胞 (50 陽性), 1.27 秒
2026-07-26 13:07:40,689 - hybrid_pipeline - INFO - [534/576] 處理 tile: tile_x2304_y16896
2026-07-26 13:07:40,718 - m3_module.m3_cells_generator - INFO - All-positive 標註完成: 129 個細胞
2026-07-26 13:07:40,779 - m3_module.m3_cells_generator - INFO - enlarge_cell_instances: 129 顆細胞, factor=1.50(面積), 中位半徑=31.4px, 外擴=7.1px
2026-07-26 13:07:40,810 - m3_module.m3_elastic_matching - INFO - elastic_dish_nucleus_matching(overlap-first): IHC=129, DISH=54, matched(1核)=44 (其中重疊=42), drop-out(競爭落敗)=13, 無候選(計入)=72, factor=1.50, min_reach=20.0
2026-07-26 13:07:40,933 - cellpose.dynamics - INFO - No cell pixels found.
2026-07-26 13:07:41,070 - m3_module.m3_dot_detection - INFO - detect_all_dots: 紅點=62, 黑點=66, 涉及細胞=129
2026-07-26 13:07:41,469 - m4_module.cell_crops - INFO - 匯出 59 張 per-cell 影像至 /data/taro_Projects/tsgh/output/r7_run/cell_crops/tile_x3840_y16896/cells
2026-07-26 13:07:41,469 - hybrid_pipeline - INFO - Tile tile_x3840_y16896 完成: 核心擁有 59 細胞 (59 陽性), 1.52 秒
2026-07-26 13:07:41,469 - hybrid_pipeline - INFO - [535/576] 處理 tile: tile_x5376_y16896
2026-07-26 13:07:41,474 - m3_module.m3_cells_generator - INFO - All-positive 標註完成: 0 個細胞
2026-07-26 13:07:41,575 - m3_module.m3_dot_detection - INFO - detect_all_dots: 紅點=0, 黑點=0, 涉及細胞=0
2026-07-26 13:07:41,607 - m4_module.cell_crops - INFO - 匯出 0 張 per-cell 影像至 /data/taro_Projects/tsgh/output/r7_run/cell_crops/tile_x2304_y16896/cells
2026-07-26 13:07:41,607 - hybrid_pipeline - INFO - Tile tile_x2304_y16896 完成: 核心擁有 0 細胞 (0 陽性), 0.92 秒
2026-07-26 13:07:42,119 - hybrid_pipeline - INFO - [536/576] 處理 tile: tile_x4608_y16896
2026-07-26 13:07:42,153 - m3_module.m3_cells_generator - INFO - All-positive 標註完成: 109 個細胞
2026-07-26 13:07:42,210 - m3_module.m3_cells_generator - INFO - enlarge_cell_instances: 109 顆細胞, factor=1.50(面積), 中位半徑=23.7px, 外擴=5.3px
2026-07-26 13:07:42,243 - m3_module.m3_elastic_matching - INFO - elastic_dish_nucleus_matching(overlap-first): IHC=109, DISH=42, matched(1核)=30 (其中重疊=29), drop-out(競爭落敗)=3, 無候選(計入)=76, factor=1.50, min_reach=20.0
2026-07-26 13:07:42,408 - m3_module.m3_dot_detection - INFO - detect_all_dots: 紅點=27, 黑點=39, 涉及細胞=109
2026-07-26 13:07:42,684 - m4_module.cell_crops - INFO - 匯出 51 張 per-cell 影像至 /data/taro_Projects/tsgh/output/r7_run/cell_crops/tile_x5376_y16896/cells
2026-07-26 13:07:42,684 - hybrid_pipeline - INFO - Tile tile_x5376_y16896 完成: 核心擁有 51 細胞 (51 陽性), 1.21 秒
2026-07-26 13:07:42,837 - hybrid_pipeline - INFO - [537/576] 處理 tile: tile_x6144_y16896
2026-07-26 13:07:42,865 - m3_module.m3_cells_generator - INFO - All-positive 標註完成: 126 個細胞
2026-07-26 13:07:42,923 - m3_module.m3_cells_generator - INFO - enlarge_cell_instances: 126 顆細胞, factor=1.50(面積), 中位半徑=27.8px, 外擴=6.2px
2026-07-26 13:07:42,954 - m3_module.m3_elastic_matching - INFO - elastic_dish_nucleus_matching(overlap-first): IHC=126, DISH=39, matched(1核)=30 (其中重疊=30), drop-out(競爭落敗)=8, 無候選(計入)=88, factor=1.50, min_reach=20.0
2026-07-26 13:07:43,116 - m3_module.m3_dot_detection - INFO - detect_all_dots: 紅點=26, 黑點=35, 涉及細胞=126
2026-07-26 13:07:43,480 - m4_module.cell_crops - INFO - 匯出 81 張 per-cell 影像至 /data/taro_Projects/tsgh/output/r7_run/cell_crops/tile_x4608_y16896/cells
2026-07-26 13:07:43,480 - hybrid_pipeline - INFO - Tile tile_x4608_y16896 完成: 核心擁有 81 細胞 (81 陽性), 1.36 秒
2026-07-26 13:07:43,542 - hybrid_pipeline - INFO - [538/576] 處理 tile: tile_x6912_y16896
2026-07-26 13:07:43,569 - m3_module.m3_cells_generator - INFO - All-positive 標註完成: 146 個細胞
2026-07-26 13:07:43,628 - m3_module.m3_cells_generator - INFO - enlarge_cell_instances: 146 顆細胞, factor=1.50(面積), 中位半徑=24.4px, 外擴=5.5px
2026-07-26 13:07:43,657 - m3_module.m3_elastic_matching - INFO - elastic_dish_nucleus_matching(overlap-first): IHC=146, DISH=42, matched(1核)=29 (其中重疊=29), drop-out(競爭落敗)=7, 無候選(計入)=110, factor=1.50, min_reach=20.0
2026-07-26 13:07:43,811 - m3_module.m3_dot_detection - INFO - detect_all_dots: 紅點=19, 黑點=30, 涉及細胞=146
2026-07-26 13:07:44,235 - m4_module.cell_crops - INFO - 匯出 77 張 per-cell 影像至 /data/taro_Projects/tsgh/output/r7_run/cell_crops/tile_x6144_y16896/cells
2026-07-26 13:07:44,235 - hybrid_pipeline - INFO - Tile tile_x6144_y16896 完成: 核心擁有 77 細胞 (77 陽性), 1.40 秒
2026-07-26 13:07:44,235 - hybrid_pipeline - INFO - [539/576] 處理 tile: tile_x9216_y16896
2026-07-26 13:07:44,257 - m3_module.m3_cells_generator - INFO - All-positive 標註完成: 109 個細胞
2026-07-26 13:07:44,315 - m3_module.m3_cells_generator - INFO - enlarge_cell_instances: 109 顆細胞, factor=1.50(面積), 中位半徑=24.1px, 外擴=5.4px
2026-07-26 13:07:44,347 - m3_module.m3_elastic_matching - INFO - elastic_dish_nucleus_matching(overlap-first): IHC=109, DISH=161, matched(1核)=68 (其中重疊=68), drop-out(競爭落敗)=2, 無候選(計入)=39, factor=1.50, min_reach=20.0
2026-07-26 13:07:44,772 - m3_module.m3_dot_detection - INFO - detect_all_dots: 紅點=149, 黑點=172, 涉及細胞=109
2026-07-26 13:07:45,141 - m4_module.cell_crops - INFO - 匯出 49 張 per-cell 影像至 /data/taro_Projects/tsgh/output/r7_run/cell_crops/tile_x6912_y16896/cells
2026-07-26 13:07:45,141 - hybrid_pipeline - INFO - Tile tile_x6912_y16896 完成: 核心擁有 49 細胞 (49 陽性), 1.60 秒
2026-07-26 13:07:45,141 - hybrid_pipeline - INFO - [540/576] 處理 tile: tile_x8448_y16896
2026-07-26 13:07:45,166 - m3_module.m3_cells_generator - INFO - All-positive 標註完成: 11 個細胞
2026-07-26 13:07:45,198 - m3_module.m3_cells_generator - INFO - enlarge_cell_instances: 11 顆細胞, factor=1.50(面積), 中位半徑=18.7px, 外擴=4.2px
2026-07-26 13:07:45,222 - m3_module.m3_elastic_matching - INFO - elastic_dish_nucleus_matching(overlap-first): IHC=11, DISH=9, matched(1核)=4 (其中重疊=4), drop-out(競爭落敗)=0, 無候選(計入)=7, factor=1.50, min_reach=20.0
2026-07-26 13:07:45,333 - m3_module.m3_dot_detection - INFO - detect_all_dots: 紅點=10, 黑點=12, 涉及細胞=11
2026-07-26 13:07:45,428 - m4_module.cell_crops - INFO - 匯出 9 張 per-cell 影像至 /data/taro_Projects/tsgh/output/r7_run/cell_crops/tile_x9216_y16896/cells
2026-07-26 13:07:45,428 - hybrid_pipeline - INFO - Tile tile_x9216_y16896 完成: 核心擁有 9 細胞 (9 陽性), 1.19 秒
2026-07-26 13:07:45,805 - hybrid_pipeline - INFO - [541/576] 處理 tile: tile_x7680_y16896
2026-07-26 13:07:45,833 - m3_module.m3_cells_generator - INFO - All-positive 標註完成: 17 個細胞
2026-07-26 13:07:45,874 - m3_module.m3_cells_generator - INFO - enlarge_cell_instances: 17 顆細胞, factor=1.50(面積), 中位半徑=21.5px, 外擴=4.8px
2026-07-26 13:07:45,898 - m3_module.m3_elastic_matching - INFO - elastic_dish_nucleus_matching(overlap-first): IHC=17, DISH=36, matched(1核)=9 (其中重疊=9), drop-out(競爭落敗)=0, 無候選(計入)=8, factor=1.50, min_reach=20.0
2026-07-26 13:07:46,025 - m3_module.m3_dot_detection - INFO - detect_all_dots: 紅點=15, 黑點=20, 涉及細胞=17
2026-07-26 13:07:46,154 - m4_module.cell_crops - INFO - 匯出 5 張 per-cell 影像至 /data/taro_Projects/tsgh/output/r7_run/cell_crops/tile_x8448_y16896/cells
2026-07-26 13:07:46,154 - hybrid_pipeline - INFO - Tile tile_x8448_y16896 完成: 核心擁有 5 細胞 (5 陽性), 1.01 秒
2026-07-26 13:07:46,487 - hybrid_pipeline - INFO - [542/576] 處理 tile: tile_x10752_y16896
2026-07-26 13:07:46,515 - m3_module.m3_cells_generator - INFO - All-positive 標註完成: 97 個細胞
2026-07-26 13:07:46,570 - m3_module.m3_cells_generator - INFO - enlarge_cell_instances: 97 顆細胞, factor=1.50(面積), 中位半徑=22.8px, 外擴=5.1px
2026-07-26 13:07:46,602 - m3_module.m3_elastic_matching - INFO - elastic_dish_nucleus_matching(overlap-first): IHC=97, DISH=140, matched(1核)=72 (其中重疊=72), drop-out(競爭落敗)=7, 無候選(計入)=18, factor=1.50, min_reach=20.0
2026-07-26 13:07:47,051 - m3_module.m3_dot_detection - INFO - detect_all_dots: 紅點=157, 黑點=200, 涉及細胞=97
2026-07-26 13:07:47,339 - m4_module.cell_crops - INFO - 匯出 69 張 per-cell 影像至 /data/taro_Projects/tsgh/output/r7_run/cell_crops/tile_x7680_y16896/cells
2026-07-26 13:07:47,339 - hybrid_pipeline - INFO - Tile tile_x7680_y16896 完成: 核心擁有 69 細胞 (69 陽性), 1.53 秒
2026-07-26 13:07:47,340 - hybrid_pipeline - INFO - [543/576] 處理 tile: tile_x9984_y16896
2026-07-26 13:07:47,365 - m3_module.m3_cells_generator - INFO - All-positive 標註完成: 18 個細胞
2026-07-26 13:07:47,397 - m3_module.m3_cells_generator - INFO - enlarge_cell_instances: 18 顆細胞, factor=1.50(面積), 中位半徑=19.6px, 外擴=4.4px
2026-07-26 13:07:47,495 - m3_module.m3_dot_detection - INFO - detect_all_dots: 紅點=0, 黑點=0, 涉及細胞=18
2026-07-26 13:07:47,554 - m4_module.cell_crops - INFO - 匯出 4 張 per-cell 影像至 /data/taro_Projects/tsgh/output/r7_run/cell_crops/tile_x10752_y16896/cells
2026-07-26 13:07:47,554 - hybrid_pipeline - INFO - Tile tile_x10752_y16896 完成: 核心擁有 4 細胞 (4 陽性), 1.07 秒
2026-07-26 13:07:47,589 - cellpose.dynamics - INFO - No cell pixels found.
2026-07-26 13:07:47,895 - hybrid_pipeline - INFO - [544/576] 處理 tile: tile_x11520_y16896
2026-07-26 13:07:47,906 - m3_module.m3_cells_generator - INFO - All-positive 標註完成: 0 個細胞
2026-07-26 13:07:48,014 - m3_module.m3_dot_detection - INFO - detect_all_dots: 紅點=0, 黑點=0, 涉及細胞=0
2026-07-26 13:07:48,044 - m4_module.cell_crops - INFO - 匯出 0 張 per-cell 影像至 /data/taro_Projects/tsgh/output/r7_run/cell_crops/tile_x9984_y16896/cells
2026-07-26 13:07:48,044 - hybrid_pipeline - INFO - Tile tile_x9984_y16896 完成: 核心擁有 0 細胞 (0 陽性), 0.70 秒
2026-07-26 13:07:48,513 - hybrid_pipeline - INFO - [545/576] 處理 tile: tile_x13056_y16896
2026-07-26 13:07:48,541 - m3_module.m3_cells_generator - INFO - All-positive 標註完成: 29 個細胞
2026-07-26 13:07:48,576 - m3_module.m3_cells_generator - INFO - enlarge_cell_instances: 29 顆細胞, factor=1.50(面積), 中位半徑=18.5px, 外擴=4.1px
2026-07-26 13:07:48,599 - m3_module.m3_elastic_matching - INFO - elastic_dish_nucleus_matching(overlap-first): IHC=29, DISH=2, matched(1核)=1 (其中重疊=1), drop-out(競爭落敗)=1, 無候選(計入)=27, factor=1.50, min_reach=20.0
2026-07-26 13:07:48,680 - m3_module.m3_dot_detection - INFO - detect_all_dots: 紅點=0, 黑點=0, 涉及細胞=29
2026-07-26 13:07:48,776 - m4_module.cell_crops - INFO - 匯出 19 張 per-cell 影像至 /data/taro_Projects/tsgh/output/r7_run/cell_crops/tile_x11520_y16896/cells
2026-07-26 13:07:48,776 - hybrid_pipeline - INFO - Tile tile_x11520_y16896 完成: 核心擁有 19 細胞 (19 陽性), 0.88 秒
2026-07-26 13:07:48,778 - hybrid_pipeline - INFO - [546/576] 處理 tile: tile_x13824_y16896
2026-07-26 13:07:48,803 - hybrid_pipeline - INFO - Tile tile_x13056_y16896: 核心遮罩全空 → 空白 placeholder
2026-07-26 13:07:48,826 - hybrid_pipeline - INFO - [547/576] 處理 tile: tile_x12288_y16896
2026-07-26 13:07:48,850 - hybrid_pipeline - INFO - Tile tile_x13824_y16896: 核心遮罩全空 → 空白 placeholder
2026-07-26 13:07:48,866 - hybrid_pipeline - INFO - [548/576] 處理 tile: tile_x14592_y16896
2026-07-26 13:07:48,889 - hybrid_pipeline - INFO - Tile tile_x12288_y16896: 核心遮罩全空 → 空白 placeholder
2026-07-26 13:07:48,903 - hybrid_pipeline - INFO - [549/576] 處理 tile: tile_x16128_y16896
2026-07-26 13:07:48,926 - hybrid_pipeline - INFO - Tile tile_x14592_y16896: 核心遮罩全空 → 空白 placeholder
2026-07-26 13:07:48,941 - hybrid_pipeline - INFO - [550/576] 處理 tile: tile_x16896_y16896
2026-07-26 13:07:48,964 - hybrid_pipeline - INFO - Tile tile_x16128_y16896: 核心遮罩全空 → 空白 placeholder
2026-07-26 13:07:48,979 - hybrid_pipeline - INFO - [551/576] 處理 tile: tile_x15360_y16896
2026-07-26 13:07:49,004 - hybrid_pipeline - INFO - Tile tile_x16896_y16896: 核心遮罩全空 → 空白 placeholder
2026-07-26 13:07:49,017 - hybrid_pipeline - INFO - [552/576] 處理 tile: tile_x17664_y16896
2026-07-26 13:07:49,041 - hybrid_pipeline - INFO - Tile tile_x15360_y16896: 核心遮罩全空 → 空白 placeholder
2026-07-26 13:07:49,054 - hybrid_pipeline - INFO - [553/576] 處理 tile: tile_x0_y17664
2026-07-26 13:07:49,078 - hybrid_pipeline - INFO - Tile tile_x17664_y16896: 核心遮罩全空 → 空白 placeholder
2026-07-26 13:07:49,698 - hybrid_pipeline - INFO - [554/576] 處理 tile: tile_x3072_y17664
2026-07-26 13:07:49,726 - m3_module.m3_cells_generator - INFO - All-positive 標註完成: 87 個細胞
2026-07-26 13:07:49,781 - m3_module.m3_cells_generator - INFO - enlarge_cell_instances: 87 顆細胞, factor=1.50(面積), 中位半徑=25.5px, 外擴=5.7px
2026-07-26 13:07:49,810 - m3_module.m3_elastic_matching - INFO - elastic_dish_nucleus_matching(overlap-first): IHC=87, DISH=92, matched(1核)=50 (其中重疊=49), drop-out(競爭落敗)=9, 無候選(計入)=28, factor=1.50, min_reach=20.0
2026-07-26 13:07:50,060 - m3_module.m3_dot_detection - INFO - detect_all_dots: 紅點=57, 黑點=84, 涉及細胞=87
2026-07-26 13:07:50,342 - m4_module.cell_crops - INFO - 匯出 50 張 per-cell 影像至 /data/taro_Projects/tsgh/output/r7_run/cell_crops/tile_x0_y17664/cells
2026-07-26 13:07:50,342 - hybrid_pipeline - INFO - Tile tile_x0_y17664 完成: 核心擁有 50 細胞 (50 陽性), 1.29 秒
2026-07-26 13:07:50,408 - hybrid_pipeline - INFO - [555/576] 處理 tile: tile_x3840_y17664
2026-07-26 13:07:50,437 - m3_module.m3_cells_generator - INFO - All-positive 標註完成: 46 個細胞
2026-07-26 13:07:50,480 - m3_module.m3_cells_generator - INFO - enlarge_cell_instances: 46 顆細胞, factor=1.50(面積), 中位半徑=23.4px, 外擴=5.3px
2026-07-26 13:07:50,505 - m3_module.m3_elastic_matching - INFO - elastic_dish_nucleus_matching(overlap-first): IHC=46, DISH=19, matched(1核)=17 (其中重疊=17), drop-out(競爭落敗)=6, 無候選(計入)=23, factor=1.50, min_reach=20.0
2026-07-26 13:07:50,697 - m3_module.m3_dot_detection - INFO - detect_all_dots: 紅點=39, 黑點=51, 涉及細胞=46
2026-07-26 13:07:50,845 - m4_module.cell_crops - INFO - 匯出 22 張 per-cell 影像至 /data/taro_Projects/tsgh/output/r7_run/cell_crops/tile_x3072_y17664/cells
2026-07-26 13:07:50,845 - hybrid_pipeline - INFO - Tile tile_x3072_y17664 完成: 核心擁有 22 細胞 (22 陽性), 1.15 秒
2026-07-26 13:07:51,100 - hybrid_pipeline - INFO - [556/576] 處理 tile: tile_x768_y17664
2026-07-26 13:07:51,129 - m3_module.m3_cells_generator - INFO - All-positive 標註完成: 117 個細胞
2026-07-26 13:07:51,189 - m3_module.m3_cells_generator - INFO - enlarge_cell_instances: 117 顆細胞, factor=1.50(面積), 中位半徑=26.6px, 外擴=6.0px
2026-07-26 13:07:51,219 - m3_module.m3_elastic_matching - INFO - elastic_dish_nucleus_matching(overlap-first): IHC=117, DISH=51, matched(1核)=37 (其中重疊=37), drop-out(競爭落敗)=12, 無候選(計入)=68, factor=1.50, min_reach=20.0
2026-07-26 13:07:51,493 - m3_module.m3_dot_detection - INFO - detect_all_dots: 紅點=70, 黑點=98, 涉及細胞=117
2026-07-26 13:07:51,872 - m4_module.cell_crops - INFO - 匯出 76 張 per-cell 影像至 /data/taro_Projects/tsgh/output/r7_run/cell_crops/tile_x3840_y17664/cells
2026-07-26 13:07:51,872 - hybrid_pipeline - INFO - Tile tile_x3840_y17664 完成: 核心擁有 76 細胞 (76 陽性), 1.46 秒
2026-07-26 13:07:51,872 - hybrid_pipeline - INFO - [557/576] 處理 tile: tile_x4608_y17664
2026-07-26 13:07:51,896 - m3_module.m3_cells_generator - INFO - All-positive 標註完成: 115 個細胞
2026-07-26 13:07:51,956 - m3_module.m3_cells_generator - INFO - enlarge_cell_instances: 115 顆細胞, factor=1.50(面積), 中位半徑=26.4px, 外擴=5.9px
2026-07-26 13:07:51,987 - m3_module.m3_elastic_matching - INFO - elastic_dish_nucleus_matching(overlap-first): IHC=115, DISH=122, matched(1核)=68 (其中重疊=68), drop-out(競爭落敗)=12, 無候選(計入)=35, factor=1.50, min_reach=20.0
2026-07-26 13:07:52,287 - m3_module.m3_dot_detection - INFO - detect_all_dots: 紅點=73, 黑點=97, 涉及細胞=115
2026-07-26 13:07:52,683 - m4_module.cell_crops - INFO - 匯出 81 張 per-cell 影像至 /data/taro_Projects/tsgh/output/r7_run/cell_crops/tile_x768_y17664/cells
2026-07-26 13:07:52,683 - hybrid_pipeline - INFO - Tile tile_x768_y17664 完成: 核心擁有 81 細胞 (81 陽性), 1.58 秒
2026-07-26 13:07:52,683 - hybrid_pipeline - INFO - [558/576] 處理 tile: tile_x2304_y17664
2026-07-26 13:07:52,708 - m3_module.m3_cells_generator - INFO - All-positive 標註完成: 133 個細胞
2026-07-26 13:07:52,767 - m3_module.m3_cells_generator - INFO - enlarge_cell_instances: 133 顆細胞, factor=1.50(面積), 中位半徑=28.0px, 外擴=6.3px
2026-07-26 13:07:52,794 - m3_module.m3_elastic_matching - INFO - elastic_dish_nucleus_matching(overlap-first): IHC=133, DISH=33, matched(1核)=28 (其中重疊=28), drop-out(競爭落敗)=11, 無候選(計入)=94, factor=1.50, min_reach=20.0
2026-07-26 13:07:52,949 - m3_module.m3_dot_detection - INFO - detect_all_dots: 紅點=25, 黑點=31, 涉及細胞=133
2026-07-26 13:07:53,324 - m4_module.cell_crops - INFO - 匯出 80 張 per-cell 影像至 /data/taro_Projects/tsgh/output/r7_run/cell_crops/tile_x4608_y17664/cells
2026-07-26 13:07:53,324 - hybrid_pipeline - INFO - Tile tile_x4608_y17664 完成: 核心擁有 80 細胞 (80 陽性), 1.45 秒
2026-07-26 13:07:53,327 - hybrid_pipeline - INFO - [559/576] 處理 tile: tile_x1536_y17664
2026-07-26 13:07:53,351 - hybrid_pipeline - INFO - Tile tile_x2304_y17664: 核心遮罩全空 → 空白 placeholder
2026-07-26 13:07:53,968 - hybrid_pipeline - INFO - [560/576] 處理 tile: tile_x5376_y17664
2026-07-26 13:07:53,997 - m3_module.m3_cells_generator - INFO - All-positive 標註完成: 62 個細胞
2026-07-26 13:07:54,047 - m3_module.m3_cells_generator - INFO - enlarge_cell_instances: 62 顆細胞, factor=1.50(面積), 中位半徑=29.2px, 外擴=6.6px
2026-07-26 13:07:54,075 - m3_module.m3_elastic_matching - INFO - elastic_dish_nucleus_matching(overlap-first): IHC=62, DISH=62, matched(1核)=40 (其中重疊=40), drop-out(競爭落敗)=7, 無候選(計入)=15, factor=1.50, min_reach=20.0
2026-07-26 13:07:54,282 - m3_module.m3_dot_detection - INFO - detect_all_dots: 紅點=34, 黑點=42, 涉及細胞=62
2026-07-26 13:07:54,494 - m4_module.cell_crops - INFO - 匯出 44 張 per-cell 影像至 /data/taro_Projects/tsgh/output/r7_run/cell_crops/tile_x1536_y17664/cells
2026-07-26 13:07:54,494 - hybrid_pipeline - INFO - Tile tile_x1536_y17664 完成: 核心擁有 44 細胞 (44 陽性), 1.17 秒
2026-07-26 13:07:54,683 - hybrid_pipeline - INFO - [561/576] 處理 tile: tile_x6144_y17664
2026-07-26 13:07:54,712 - m3_module.m3_cells_generator - INFO - All-positive 標註完成: 161 個細胞
2026-07-26 13:07:54,772 - m3_module.m3_cells_generator - INFO - enlarge_cell_instances: 161 顆細胞, factor=1.50(面積), 中位半徑=23.2px, 外擴=5.2px
2026-07-26 13:07:54,802 - m3_module.m3_elastic_matching - INFO - elastic_dish_nucleus_matching(overlap-first): IHC=161, DISH=31, matched(1核)=27 (其中重疊=27), drop-out(競爭落敗)=9, 無候選(計入)=125, factor=1.50, min_reach=20.0
2026-07-26 13:07:54,952 - m3_module.m3_dot_detection - INFO - detect_all_dots: 紅點=24, 黑點=27, 涉及細胞=161
2026-07-26 13:07:55,305 - m4_module.cell_crops - INFO - 匯出 106 張 per-cell 影像至 /data/taro_Projects/tsgh/output/r7_run/cell_crops/tile_x5376_y17664/cells
2026-07-26 13:07:55,305 - hybrid_pipeline - INFO - Tile tile_x5376_y17664 完成: 核心擁有 106 細胞 (106 陽性), 1.34 秒
2026-07-26 13:07:55,325 - hybrid_pipeline - INFO - [562/576] 處理 tile: tile_x9216_y17664
2026-07-26 13:07:55,351 - m3_module.m3_cells_generator - INFO - All-positive 標註完成: 72 個細胞
2026-07-26 13:07:55,405 - m3_module.m3_cells_generator - INFO - enlarge_cell_instances: 72 顆細胞, factor=1.50(面積), 中位半徑=21.6px, 外擴=4.9px
2026-07-26 13:07:55,431 - m3_module.m3_elastic_matching - INFO - elastic_dish_nucleus_matching(overlap-first): IHC=72, DISH=15, matched(1核)=12 (其中重疊=12), drop-out(競爭落敗)=1, 無候選(計入)=59, factor=1.50, min_reach=20.0
2026-07-26 13:07:55,543 - m3_module.m3_dot_detection - INFO - detect_all_dots: 紅點=9, 黑點=12, 涉及細胞=72
2026-07-26 13:07:55,747 - m4_module.cell_crops - INFO - 匯出 28 張 per-cell 影像至 /data/taro_Projects/tsgh/output/r7_run/cell_crops/tile_x6144_y17664/cells
2026-07-26 13:07:55,748 - hybrid_pipeline - INFO - Tile tile_x6144_y17664 完成: 核心擁有 28 細胞 (28 陽性), 1.06 秒
2026-07-26 13:07:55,907 - hybrid_pipeline - INFO - [563/576] 處理 tile: tile_x9984_y17664
2026-07-26 13:07:55,936 - m3_module.m3_cells_generator - INFO - All-positive 標註完成: 5 個細胞
2026-07-26 13:07:55,966 - m3_module.m3_cells_generator - INFO - enlarge_cell_instances: 5 顆細胞, factor=1.50(面積), 中位半徑=38.7px, 外擴=8.7px
2026-07-26 13:07:56,051 - m3_module.m3_dot_detection - INFO - detect_all_dots: 紅點=0, 黑點=0, 涉及細胞=5
2026-07-26 13:07:56,107 - m4_module.cell_crops - INFO - 匯出 5 張 per-cell 影像至 /data/taro_Projects/tsgh/output/r7_run/cell_crops/tile_x9216_y17664/cells
2026-07-26 13:07:56,107 - hybrid_pipeline - INFO - Tile tile_x9216_y17664 完成: 核心擁有 5 細胞 (5 陽性), 0.78 秒
2026-07-26 13:07:56,107 - hybrid_pipeline - INFO - [564/576] 處理 tile: tile_x6912_y17664
2026-07-26 13:07:56,133 - hybrid_pipeline - INFO - Tile tile_x9984_y17664: 核心遮罩全空 → 空白 placeholder
2026-07-26 13:07:56,747 - hybrid_pipeline - INFO - [565/576] 處理 tile: tile_x7680_y17664
2026-07-26 13:07:56,777 - m3_module.m3_cells_generator - INFO - All-positive 標註完成: 101 個細胞
2026-07-26 13:07:56,836 - m3_module.m3_cells_generator - INFO - enlarge_cell_instances: 101 顆細胞, factor=1.50(面積), 中位半徑=25.0px, 外擴=5.6px
2026-07-26 13:07:56,866 - m3_module.m3_elastic_matching - INFO - elastic_dish_nucleus_matching(overlap-first): IHC=101, DISH=105, matched(1核)=52 (其中重疊=52), drop-out(競爭落敗)=8, 無候選(計入)=41, factor=1.50, min_reach=20.0
2026-07-26 13:07:57,125 - m3_module.m3_dot_detection - INFO - detect_all_dots: 紅點=61, 黑點=83, 涉及細胞=101
2026-07-26 13:07:57,467 - m4_module.cell_crops - INFO - 匯出 71 張 per-cell 影像至 /data/taro_Projects/tsgh/output/r7_run/cell_crops/tile_x6912_y17664/cells
2026-07-26 13:07:57,467 - hybrid_pipeline - INFO - Tile tile_x6912_y17664 完成: 核心擁有 71 細胞 (71 陽性), 1.36 秒
2026-07-26 13:07:57,499 - hybrid_pipeline - INFO - [566/576] 處理 tile: tile_x10752_y17664
2026-07-26 13:07:57,522 - m3_module.m3_cells_generator - INFO - All-positive 標註完成: 94 個細胞
2026-07-26 13:07:57,577 - m3_module.m3_cells_generator - INFO - enlarge_cell_instances: 94 顆細胞, factor=1.50(面積), 中位半徑=25.5px, 外擴=5.7px
2026-07-26 13:07:57,607 - m3_module.m3_elastic_matching - INFO - elastic_dish_nucleus_matching(overlap-first): IHC=94, DISH=142, matched(1核)=62 (其中重疊=62), drop-out(競爭落敗)=3, 無候選(計入)=29, factor=1.50, min_reach=20.0
2026-07-26 13:07:57,960 - m3_module.m3_dot_detection - INFO - detect_all_dots: 紅點=96, 黑點=132, 涉及細胞=94
2026-07-26 13:07:58,275 - m4_module.cell_crops - INFO - 匯出 52 張 per-cell 影像至 /data/taro_Projects/tsgh/output/r7_run/cell_crops/tile_x7680_y17664/cells
2026-07-26 13:07:58,275 - hybrid_pipeline - INFO - Tile tile_x7680_y17664 完成: 核心擁有 52 細胞 (52 陽性), 1.53 秒
2026-07-26 13:07:58,275 - hybrid_pipeline - INFO - [567/576] 處理 tile: tile_x8448_y17664
2026-07-26 13:07:58,298 - m3_module.m3_cells_generator - INFO - All-positive 標註完成: 26 個細胞
2026-07-26 13:07:58,336 - m3_module.m3_cells_generator - INFO - enlarge_cell_instances: 26 顆細胞, factor=1.50(面積), 中位半徑=19.4px, 外擴=4.4px
2026-07-26 13:07:58,360 - m3_module.m3_elastic_matching - INFO - elastic_dish_nucleus_matching(overlap-first): IHC=26, DISH=1, matched(1核)=0 (其中重疊=0), drop-out(競爭落敗)=0, 無候選(計入)=26, factor=1.50, min_reach=20.0
2026-07-26 13:07:58,449 - m3_module.m3_dot_detection - INFO - detect_all_dots: 紅點=0, 黑點=0, 涉及細胞=26
2026-07-26 13:07:58,533 - m4_module.cell_crops - INFO - 匯出 15 張 per-cell 影像至 /data/taro_Projects/tsgh/output/r7_run/cell_crops/tile_x10752_y17664/cells
2026-07-26 13:07:58,533 - hybrid_pipeline - INFO - Tile tile_x10752_y17664 完成: 核心擁有 15 細胞 (15 陽性), 1.03 秒
2026-07-26 13:07:58,906 - hybrid_pipeline - INFO - [568/576] 處理 tile: tile_x11520_y17664
2026-07-26 13:07:58,940 - m3_module.m3_cells_generator - INFO - All-positive 標註完成: 29 個細胞
2026-07-26 13:07:58,978 - m3_module.m3_cells_generator - INFO - enlarge_cell_instances: 29 顆細胞, factor=1.50(面積), 中位半徑=28.5px, 外擴=6.4px
2026-07-26 13:07:59,003 - m3_module.m3_elastic_matching - INFO - elastic_dish_nucleus_matching(overlap-first): IHC=29, DISH=25, matched(1核)=15 (其中重疊=15), drop-out(競爭落敗)=5, 無候選(計入)=9, factor=1.50, min_reach=20.0
2026-07-26 13:07:59,150 - m3_module.m3_dot_detection - INFO - detect_all_dots: 紅點=24, 黑點=36, 涉及細胞=29
2026-07-26 13:07:59,279 - m4_module.cell_crops - INFO - 匯出 20 張 per-cell 影像至 /data/taro_Projects/tsgh/output/r7_run/cell_crops/tile_x8448_y17664/cells
2026-07-26 13:07:59,279 - hybrid_pipeline - INFO - Tile tile_x8448_y17664 完成: 核心擁有 20 細胞 (20 陽性), 1.00 秒
2026-07-26 13:07:59,539 - hybrid_pipeline - INFO - [569/576] 處理 tile: tile_x12288_y17664
2026-07-26 13:07:59,567 - m3_module.m3_cells_generator - INFO - All-positive 標註完成: 31 個細胞
2026-07-26 13:07:59,604 - m3_module.m3_cells_generator - INFO - enlarge_cell_instances: 31 顆細胞, factor=1.50(面積), 中位半徑=17.5px, 外擴=3.9px
2026-07-26 13:07:59,626 - m3_module.m3_elastic_matching - INFO - elastic_dish_nucleus_matching(overlap-first): IHC=31, DISH=1, matched(1核)=0 (其中重疊=0), drop-out(競爭落敗)=0, 無候選(計入)=31, factor=1.50, min_reach=20.0
2026-07-26 13:07:59,704 - m3_module.m3_dot_detection - INFO - detect_all_dots: 紅點=0, 黑點=0, 涉及細胞=31
2026-07-26 13:07:59,781 - m4_module.cell_crops - INFO - 匯出 21 張 per-cell 影像至 /data/taro_Projects/tsgh/output/r7_run/cell_crops/tile_x11520_y17664/cells
2026-07-26 13:07:59,781 - hybrid_pipeline - INFO - Tile tile_x11520_y17664 完成: 核心擁有 21 細胞 (21 陽性), 0.87 秒
2026-07-26 13:07:59,782 - hybrid_pipeline - INFO - [570/576] 處理 tile: tile_x14592_y17664
2026-07-26 13:07:59,810 - hybrid_pipeline - INFO - Tile tile_x12288_y17664: 核心遮罩全空 → 空白 placeholder
2026-07-26 13:07:59,830 - hybrid_pipeline - INFO - [571/576] 處理 tile: tile_x13056_y17664
2026-07-26 13:07:59,853 - hybrid_pipeline - INFO - Tile tile_x14592_y17664: 核心遮罩全空 → 空白 placeholder
2026-07-26 13:08:00,402 - hybrid_pipeline - INFO - [572/576] 處理 tile: tile_x15360_y17664
2026-07-26 13:08:00,433 - m3_module.m3_cells_generator - INFO - All-positive 標註完成: 13 個細胞
2026-07-26 13:08:00,465 - m3_module.m3_cells_generator - INFO - enlarge_cell_instances: 13 顆細胞, factor=1.50(面積), 中位半徑=16.9px, 外擴=3.8px
2026-07-26 13:08:00,550 - m3_module.m3_dot_detection - INFO - detect_all_dots: 紅點=0, 黑點=0, 涉及細胞=13
2026-07-26 13:08:00,602 - m4_module.cell_crops - INFO - 匯出 7 張 per-cell 影像至 /data/taro_Projects/tsgh/output/r7_run/cell_crops/tile_x13056_y17664/cells
2026-07-26 13:08:00,602 - hybrid_pipeline - INFO - Tile tile_x13056_y17664 完成: 核心擁有 7 細胞 (7 陽性), 0.77 秒
2026-07-26 13:08:00,602 - hybrid_pipeline - INFO - [573/576] 處理 tile: tile_x13824_y17664
2026-07-26 13:08:00,632 - hybrid_pipeline - INFO - Tile tile_x15360_y17664: 核心遮罩全空 → 空白 placeholder
2026-07-26 13:08:01,269 - hybrid_pipeline - INFO - [574/576] 處理 tile: tile_x16896_y17664
2026-07-26 13:08:01,300 - m3_module.m3_cells_generator - INFO - All-positive 標註完成: 7 個細胞
2026-07-26 13:08:01,330 - m3_module.m3_cells_generator - INFO - enlarge_cell_instances: 7 顆細胞, factor=1.50(面積), 中位半徑=18.2px, 外擴=4.1px
2026-07-26 13:08:01,355 - m3_module.m3_elastic_matching - INFO - elastic_dish_nucleus_matching(overlap-first): IHC=7, DISH=218, matched(1核)=5 (其中重疊=5), drop-out(競爭落敗)=0, 無候選(計入)=2, factor=1.50, min_reach=20.0
2026-07-26 13:08:01,436 - m3_module.m3_dot_detection - INFO - detect_all_dots: 紅點=0, 黑點=0, 涉及細胞=7
2026-07-26 13:08:01,504 - m4_module.cell_crops - INFO - 匯出 4 張 per-cell 影像至 /data/taro_Projects/tsgh/output/r7_run/cell_crops/tile_x13824_y17664/cells
2026-07-26 13:08:01,504 - hybrid_pipeline - INFO - Tile tile_x13824_y17664 完成: 核心擁有 4 細胞 (4 陽性), 0.90 秒
2026-07-26 13:08:01,504 - hybrid_pipeline - INFO - [575/576] 處理 tile: tile_x16128_y17664
2026-07-26 13:08:01,527 - hybrid_pipeline - INFO - Tile tile_x16896_y17664: 核心遮罩全空 → 空白 placeholder
2026-07-26 13:08:01,549 - hybrid_pipeline - INFO - [576/576] 處理 tile: tile_x17664_y17664
2026-07-26 13:08:01,572 - hybrid_pipeline - INFO - Tile tile_x16128_y17664: 核心遮罩全空 → 空白 placeholder
2026-07-26 13:08:01,608 - hybrid_pipeline - INFO - Tile tile_x17664_y17664: 核心遮罩全空 → 空白 placeholder
2026-07-26 13:08:01,618 - m4_module.csv - INFO - CSV 匯出完成: report.csv (5688 列)
2026-07-26 13:08:01,618 - m4_module.csv - INFO - Summary 報告輸出: summary.txt (485 valid cells)
2026-07-26 13:08:05,954 - hybrid_pipeline - INFO - overlay_slide.tiff 縫合完成: 18688×18688 px
2026-07-26 13:08:05,979 - hybrid_pipeline - INFO - 批次完成 — run_id=6d7d5a8b | 總計=576 | 成功=137 | 跳過=439
[perf_measure] skip wrap: hybrid_pipeline.segment_masked_dish not found
{
  "label": "candidate_w1_r1",
  "n_tiles": 576,
  "mp_workers": 1,
  "grid": {
    "cols": 24,
    "rows": 24
  },
  "wall": {
    "end_to_end_total_s": 136.641,
    "phaseA_precut_s": 0.004,
    "runbatch_BCD_s": 136.637
  },
  "disk_bytes": {
    "precut_scratch": 0,
    "analysis_output": 7084925279
  },
  "stats": {
    "success": 137,
    "skipped": 439
  },
  "timings": {
    "G_mkdir_other": {
      "n": 468,
      "t": 0.015861808002227917
    },
    "G_mkdir_fixed_outdir": {
      "n": 6,
      "t": 9.217999468091875e-05
    },
    "init_unet": {
      "n": 1,
      "t": 1.6331864289968507
    },
    "init_cellpose_m2": {
      "n": 1,
      "t": 0.6681252959970152
    },
    "init_cellpose_m3b": {
      "n": 1,
      "t": 0.4970703489962034
    },
    "B2r_tile_read": {
      "n": 1152,
      "t": 5.097574175641057
    },
    "B1_unet_coremask": {
      "n": 576,
      "t": 16.011085533202277
    },
    "B4_empty_cache": {
      "n": 576,
      "t": 1.6863148412376177
    },
    "B4_gc_collect": {
      "n": 576,
      "t": 0.5969312871602597
    },
    "B2_png_encode_blank": {
      "n": 1269,
      "t": 8.93146536394488,
      "bytes": 4976595
    },
    "B2_tiff_encode_blank": {
      "n": 1269,
      "t": 0.8167874342907453,
      "bytes": 4316234832
    },
    "F_write_blank_tile": {
      "n": 423,
      "t": 10.133725399995456
    },
    "BM1_apply_mask": {
      "n": 153,
      "t": 1.9378176709724357
    },
    "BM1_overlay_dish": {
      "n": 153,
      "t": 1.4861178139981348
    },
    "BM1_fuse": {
      "n": 153,
      "t": 1.3199351729708724
    },
    "B1_m3b_cellpose": {
      "n": 306,
      "t": 85.53134353899804
    },
    "Bs_clear_edge": {
      "n": 153,
      "t": 2.272709741955623
    },
    "B3_build_results": {
      "n": 153,
      "t": 4.137642459914787
    },
    "B3_enlarge_cells": {
      "n": 153,
      "t": 7.094421438028803
    },
    "B3_detect_dots": {
      "n": 153,
      "t": 26.000599738996243
    },
    "B3_merge_dots": {
      "n": 153,
      "t": 0.001324095981544815
    },
    "Bs_filter_absolutize": {
      "n": 153,
      "t": 0.008120428028632887
    },
    "B2_png_encode": {
      "n": 459,
      "t": 25.647789614929934,
      "bytes": 157285149
    },
    "B2_tiff_encode": {
      "n": 459,
      "t": 0.36158224211249035,
      "bytes": 1563797424
    },
    "B2_render_overlay": {
      "n": 153,
      "t": 3.1696310841216473
    },
    "B2_percell_crops": {
      "n": 153,
      "t": 1.7432161899778293
    },
    "C_export_csv": {
      "n": 1,
      "t": 0.004224522999720648
    },
    "C_export_summary": {
      "n": 1,
      "t": 0.0002616880083223805
    },
    "D_stitch_overlay": {
      "n": 1,
      "t": 4.36036146900733
    }
  },
  "config_hash": "3d1087f2",
  "peak_cuda_reserved_gb": 2.166,
  "peak_rss_gb": 4.281
}
