2026-07-26 13:08:08,027 - hybrid_pipeline - INFO - 批次處理開始 — run_id=d32eea70, config_hash=3d1087f2
[perf_measure] skip wrap: hybrid_pipeline.segment_masked_dish not found
2026-07-26 13:08:10,496 - unet_inference - INFO - 成功載入權重: /data/taro_Projects/tsgh/backend/algorithms/hybrid/models/unet/b4/best_model_unet_b4.pth
2026-07-26 13:08:10,578 - unet_inference - INFO - 成功載入權重: /data/taro_Projects/tsgh/backend/algorithms/hybrid/models/unet/b4/best_model_unet_b4.pth
2026-07-26 13:08:10,597 - unet_inference - INFO - 成功載入權重: /data/taro_Projects/tsgh/backend/algorithms/hybrid/models/unet/b4/best_model_unet_b4.pth
2026-07-26 13:08:10,603 - unet_inference - INFO - 成功載入權重: /data/taro_Projects/tsgh/backend/algorithms/hybrid/models/unet/b4/best_model_unet_b4.pth
2026-07-26 13:08:10,640 - unet_inference - INFO - 模型載入完成，設備: cuda
2026-07-26 13:08:10,701 - unet_inference - INFO - 模型載入完成，設備: cuda
2026-07-26 13:08:10,725 - unet_inference - INFO - 模型載入完成，設備: cuda
2026-07-26 13:08:10,726 - unet_inference - INFO - 模型載入完成，設備: cuda
2026-07-26 13:08:10,908 - cellpose.core - INFO - ** TORCH CUDA version installed and working. **
2026-07-26 13:08:10,908 - cellpose.core - INFO - >>>> using GPU (CUDA)
2026-07-26 13:08:10,918 - dinov3 - INFO - using base=100 for rope new
2026-07-26 13:08:10,918 - dinov3 - INFO - using min_period=None for rope new
2026-07-26 13:08:10,918 - dinov3 - INFO - using max_period=None for rope new
2026-07-26 13:08:10,918 - dinov3 - INFO - using normalize_coords=separate for rope new
2026-07-26 13:08:10,918 - dinov3 - INFO - using shift_coords=None for rope new
2026-07-26 13:08:10,918 - dinov3 - INFO - using rescale_coords=2 for rope new
2026-07-26 13:08:10,918 - dinov3 - INFO - using jitter_coords=None for rope new
2026-07-26 13:08:10,918 - dinov3 - INFO - using dtype=fp32 for rope new
2026-07-26 13:08:10,918 - dinov3 - INFO - using mlp layer as FFN
2026-07-26 13:08:10,970 - cellpose.core - INFO - ** TORCH CUDA version installed and working. **
2026-07-26 13:08:10,970 - cellpose.core - INFO - >>>> using GPU (CUDA)
2026-07-26 13:08:10,979 - dinov3 - INFO - using base=100 for rope new
2026-07-26 13:08:10,979 - dinov3 - INFO - using min_period=None for rope new
2026-07-26 13:08:10,979 - dinov3 - INFO - using max_period=None for rope new
2026-07-26 13:08:10,979 - dinov3 - INFO - using normalize_coords=separate for rope new
2026-07-26 13:08:10,979 - dinov3 - INFO - using shift_coords=None for rope new
2026-07-26 13:08:10,979 - dinov3 - INFO - using rescale_coords=2 for rope new
2026-07-26 13:08:10,979 - dinov3 - INFO - using jitter_coords=None for rope new
2026-07-26 13:08:10,979 - dinov3 - INFO - using dtype=fp32 for rope new
2026-07-26 13:08:10,980 - dinov3 - INFO - using mlp layer as FFN
2026-07-26 13:08:10,988 - cellpose.core - INFO - ** TORCH CUDA version installed and working. **
2026-07-26 13:08:10,988 - cellpose.core - INFO - >>>> using GPU (CUDA)
2026-07-26 13:08:10,988 - cellpose.core - INFO - ** TORCH CUDA version installed and working. **
2026-07-26 13:08:10,988 - cellpose.core - INFO - >>>> using GPU (CUDA)
2026-07-26 13:08:10,997 - dinov3 - INFO - using base=100 for rope new
2026-07-26 13:08:10,997 - dinov3 - INFO - using base=100 for rope new
2026-07-26 13:08:10,997 - dinov3 - INFO - using min_period=None for rope new
2026-07-26 13:08:10,997 - dinov3 - INFO - using min_period=None for rope new
2026-07-26 13:08:10,997 - dinov3 - INFO - using max_period=None for rope new
2026-07-26 13:08:10,997 - dinov3 - INFO - using max_period=None for rope new
2026-07-26 13:08:10,997 - dinov3 - INFO - using normalize_coords=separate for rope new
2026-07-26 13:08:10,997 - dinov3 - INFO - using normalize_coords=separate for rope new
2026-07-26 13:08:10,997 - dinov3 - INFO - using shift_coords=None for rope new
2026-07-26 13:08:10,997 - dinov3 - INFO - using rescale_coords=2 for rope new
2026-07-26 13:08:10,997 - dinov3 - INFO - using shift_coords=None for rope new
2026-07-26 13:08:10,997 - dinov3 - INFO - using jitter_coords=None for rope new
2026-07-26 13:08:10,997 - dinov3 - INFO - using rescale_coords=2 for rope new
2026-07-26 13:08:10,997 - dinov3 - INFO - using dtype=fp32 for rope new
2026-07-26 13:08:10,997 - dinov3 - INFO - using jitter_coords=None for rope new
2026-07-26 13:08:10,997 - dinov3 - INFO - using dtype=fp32 for rope new
2026-07-26 13:08:10,998 - dinov3 - INFO - using mlp layer as FFN
2026-07-26 13:08:10,998 - dinov3 - INFO - using mlp layer as FFN
2026-07-26 13:08:11,409 - cellpose.models - INFO - >>>> loading model /data/taro_Projects/tsgh/backend/algorithms/hybrid/models/cellpose/cellpose_ihc_dish_best
2026-07-26 13:08:11,496 - cellpose.models - INFO - >>>> loading model /data/taro_Projects/tsgh/backend/algorithms/hybrid/models/cellpose/cellpose_ihc_dish_best
2026-07-26 13:08:11,504 - cellpose.models - INFO - >>>> loading model /data/taro_Projects/tsgh/backend/algorithms/hybrid/models/cellpose/cellpose_ihc_dish_best
2026-07-26 13:08:11,515 - m2_segmentation - INFO - Cellpose 模型載入完成: cellpose_ihc_dish_best (diameter=None)
2026-07-26 13:08:11,516 - cellpose.core - INFO - ** TORCH CUDA version installed and working. **
2026-07-26 13:08:11,516 - cellpose.core - INFO - >>>> using GPU (CUDA)
2026-07-26 13:08:11,518 - cellpose.models - INFO - >>>> loading model /data/taro_Projects/tsgh/backend/algorithms/hybrid/models/cellpose/cellpose_ihc_dish_best
2026-07-26 13:08:11,524 - dinov3 - INFO - using base=100 for rope new
2026-07-26 13:08:11,524 - dinov3 - INFO - using min_period=None for rope new
2026-07-26 13:08:11,524 - dinov3 - INFO - using max_period=None for rope new
2026-07-26 13:08:11,524 - dinov3 - INFO - using normalize_coords=separate for rope new
2026-07-26 13:08:11,524 - dinov3 - INFO - using shift_coords=None for rope new
2026-07-26 13:08:11,524 - dinov3 - INFO - using rescale_coords=2 for rope new
2026-07-26 13:08:11,524 - dinov3 - INFO - using jitter_coords=None for rope new
2026-07-26 13:08:11,524 - dinov3 - INFO - using dtype=fp32 for rope new
2026-07-26 13:08:11,524 - dinov3 - INFO - using mlp layer as FFN
2026-07-26 13:08:11,595 - m2_segmentation - INFO - Cellpose 模型載入完成: cellpose_ihc_dish_best (diameter=None)
2026-07-26 13:08:11,595 - cellpose.core - INFO - ** TORCH CUDA version installed and working. **
2026-07-26 13:08:11,595 - cellpose.core - INFO - >>>> using GPU (CUDA)
2026-07-26 13:08:11,600 - m2_segmentation - INFO - Cellpose 模型載入完成: cellpose_ihc_dish_best (diameter=None)
2026-07-26 13:08:11,600 - cellpose.core - INFO - ** TORCH CUDA version installed and working. **
2026-07-26 13:08:11,600 - cellpose.core - INFO - >>>> using GPU (CUDA)
2026-07-26 13:08:11,603 - dinov3 - INFO - using base=100 for rope new
2026-07-26 13:08:11,603 - dinov3 - INFO - using min_period=None for rope new
2026-07-26 13:08:11,603 - dinov3 - INFO - using max_period=None for rope new
2026-07-26 13:08:11,603 - dinov3 - INFO - using normalize_coords=separate for rope new
2026-07-26 13:08:11,603 - dinov3 - INFO - using shift_coords=None for rope new
2026-07-26 13:08:11,603 - dinov3 - INFO - using rescale_coords=2 for rope new
2026-07-26 13:08:11,603 - dinov3 - INFO - using jitter_coords=None for rope new
2026-07-26 13:08:11,603 - dinov3 - INFO - using dtype=fp32 for rope new
2026-07-26 13:08:11,604 - dinov3 - INFO - using mlp layer as FFN
2026-07-26 13:08:11,608 - dinov3 - INFO - using base=100 for rope new
2026-07-26 13:08:11,608 - dinov3 - INFO - using min_period=None for rope new
2026-07-26 13:08:11,608 - dinov3 - INFO - using max_period=None for rope new
2026-07-26 13:08:11,608 - dinov3 - INFO - using normalize_coords=separate for rope new
2026-07-26 13:08:11,608 - dinov3 - INFO - using shift_coords=None for rope new
2026-07-26 13:08:11,608 - dinov3 - INFO - using rescale_coords=2 for rope new
2026-07-26 13:08:11,608 - dinov3 - INFO - using jitter_coords=None for rope new
2026-07-26 13:08:11,608 - dinov3 - INFO - using dtype=fp32 for rope new
2026-07-26 13:08:11,608 - dinov3 - INFO - using mlp layer as FFN
2026-07-26 13:08:11,613 - m2_segmentation - INFO - Cellpose 模型載入完成: cellpose_ihc_dish_best (diameter=None)
2026-07-26 13:08:11,613 - cellpose.core - INFO - ** TORCH CUDA version installed and working. **
2026-07-26 13:08:11,613 - cellpose.core - INFO - >>>> using GPU (CUDA)
2026-07-26 13:08:11,621 - dinov3 - INFO - using base=100 for rope new
2026-07-26 13:08:11,621 - dinov3 - INFO - using min_period=None for rope new
2026-07-26 13:08:11,621 - dinov3 - INFO - using max_period=None for rope new
2026-07-26 13:08:11,621 - dinov3 - INFO - using normalize_coords=separate for rope new
2026-07-26 13:08:11,621 - dinov3 - INFO - using shift_coords=None for rope new
2026-07-26 13:08:11,621 - dinov3 - INFO - using rescale_coords=2 for rope new
2026-07-26 13:08:11,621 - dinov3 - INFO - using jitter_coords=None for rope new
2026-07-26 13:08:11,621 - dinov3 - INFO - using dtype=fp32 for rope new
2026-07-26 13:08:11,621 - dinov3 - INFO - using mlp layer as FFN
2026-07-26 13:08:11,998 - cellpose.models - INFO - >>>> loading model /data/taro_Projects/tsgh/backend/algorithms/hybrid/models/cellpose/cellpose_dish_best
2026-07-26 13:08:12,081 - m2_segmentation - INFO - Cellpose 模型載入完成: cellpose_dish_best (diameter=None)
2026-07-26 13:08:12,123 - cellpose.models - INFO - >>>> loading model /data/taro_Projects/tsgh/backend/algorithms/hybrid/models/cellpose/cellpose_dish_best
2026-07-26 13:08:12,126 - cellpose.models - INFO - >>>> loading model /data/taro_Projects/tsgh/backend/algorithms/hybrid/models/cellpose/cellpose_dish_best
2026-07-26 13:08:12,127 - cellpose.models - INFO - >>>> loading model /data/taro_Projects/tsgh/backend/algorithms/hybrid/models/cellpose/cellpose_dish_best
2026-07-26 13:08:12,218 - m2_segmentation - INFO - Cellpose 模型載入完成: cellpose_dish_best (diameter=None)
2026-07-26 13:08:12,220 - m2_segmentation - INFO - Cellpose 模型載入完成: cellpose_dish_best (diameter=None)
2026-07-26 13:08:12,220 - m2_segmentation - INFO - Cellpose 模型載入完成: cellpose_dish_best (diameter=None)
2026-07-26 13:08:12,221 - hybrid_pipeline - INFO - 4 個 worker 模型載入完成，耗時 4.19 秒（平行）
2026-07-26 13:08:13,914 - hybrid_pipeline - INFO - Tile tile_x4608_y0: 核心遮罩全空 → 空白 placeholder
2026-07-26 13:08:13,936 - hybrid_pipeline - INFO - [1/576] 已回收 tile_x4608_y0
2026-07-26 13:08:13,964 - hybrid_pipeline - INFO - Tile tile_x5376_y0: 核心遮罩全空 → 空白 placeholder
2026-07-26 13:08:13,987 - hybrid_pipeline - INFO - [2/576] 已回收 tile_x5376_y0
2026-07-26 13:08:14,016 - hybrid_pipeline - INFO - Tile tile_x1536_y0: 核心遮罩全空 → 空白 placeholder
2026-07-26 13:08:14,036 - hybrid_pipeline - INFO - [3/576] 已回收 tile_x1536_y0
2026-07-26 13:08:14,065 - hybrid_pipeline - INFO - Tile tile_x768_y0: 核心遮罩全空 → 空白 placeholder
2026-07-26 13:08:14,106 - hybrid_pipeline - INFO - [4/576] 已回收 tile_x768_y0
2026-07-26 13:08:14,136 - hybrid_pipeline - INFO - Tile tile_x0_y0: 核心遮罩全空 → 空白 placeholder
2026-07-26 13:08:14,181 - hybrid_pipeline - INFO - [5/576] 已回收 tile_x0_y0
2026-07-26 13:08:14,210 - hybrid_pipeline - INFO - Tile tile_x6144_y0: 核心遮罩全空 → 空白 placeholder
2026-07-26 13:08:14,248 - hybrid_pipeline - INFO - [6/576] 已回收 tile_x6144_y0
2026-07-26 13:08:14,276 - hybrid_pipeline - INFO - Tile tile_x7680_y0: 核心遮罩全空 → 空白 placeholder
2026-07-26 13:08:14,310 - hybrid_pipeline - INFO - [7/576] 已回收 tile_x7680_y0
2026-07-26 13:08:14,341 - hybrid_pipeline - INFO - Tile tile_x6912_y0: 核心遮罩全空 → 空白 placeholder
2026-07-26 13:08:14,366 - hybrid_pipeline - INFO - [8/576] 已回收 tile_x6912_y0
2026-07-26 13:08:14,395 - hybrid_pipeline - INFO - Tile tile_x8448_y0: 核心遮罩全空 → 空白 placeholder
2026-07-26 13:08:14,420 - hybrid_pipeline - INFO - [9/576] 已回收 tile_x8448_y0
2026-07-26 13:08:14,450 - hybrid_pipeline - INFO - Tile tile_x9216_y0: 核心遮罩全空 → 空白 placeholder
2026-07-26 13:08:14,474 - hybrid_pipeline - INFO - [10/576] 已回收 tile_x9216_y0
2026-07-26 13:08:14,493 - hybrid_pipeline - INFO - Tile tile_x3840_y0: 核心遮罩全空 → 空白 placeholder
2026-07-26 13:08:14,503 - hybrid_pipeline - INFO - Tile tile_x10752_y0: 核心遮罩全空 → 空白 placeholder
2026-07-26 13:08:14,504 - hybrid_pipeline - INFO - [11/576] 已回收 tile_x3840_y0
2026-07-26 13:08:14,525 - hybrid_pipeline - INFO - [12/576] 已回收 tile_x10752_y0
2026-07-26 13:08:14,530 - hybrid_pipeline - INFO - Tile tile_x11520_y0: 核心遮罩全空 → 空白 placeholder
2026-07-26 13:08:14,537 - hybrid_pipeline - INFO - Tile tile_x3072_y0: 核心遮罩全空 → 空白 placeholder
2026-07-26 13:08:14,553 - hybrid_pipeline - INFO - Tile tile_x9984_y0: 核心遮罩全空 → 空白 placeholder
2026-07-26 13:08:14,570 - hybrid_pipeline - INFO - Tile tile_x2304_y0: 核心遮罩全空 → 空白 placeholder
2026-07-26 13:08:14,571 - hybrid_pipeline - INFO - [13/576] 已回收 tile_x3072_y0
2026-07-26 13:08:14,579 - hybrid_pipeline - INFO - [14/576] 已回收 tile_x11520_y0
2026-07-26 13:08:14,603 - hybrid_pipeline - INFO - Tile tile_x13056_y0: 核心遮罩全空 → 空白 placeholder
2026-07-26 13:08:14,604 - hybrid_pipeline - INFO - Tile tile_x12288_y0: 核心遮罩全空 → 空白 placeholder
2026-07-26 13:08:14,611 - hybrid_pipeline - INFO - [15/576] 已回收 tile_x9984_y0
2026-07-26 13:08:14,614 - hybrid_pipeline - INFO - [16/576] 已回收 tile_x2304_y0
2026-07-26 13:08:14,638 - hybrid_pipeline - INFO - Tile tile_x13824_y0: 核心遮罩全空 → 空白 placeholder
2026-07-26 13:08:14,644 - hybrid_pipeline - INFO - Tile tile_x15360_y0: 核心遮罩全空 → 空白 placeholder
2026-07-26 13:08:14,652 - hybrid_pipeline - INFO - [17/576] 已回收 tile_x13056_y0
2026-07-26 13:08:14,656 - hybrid_pipeline - INFO - [18/576] 已回收 tile_x12288_y0
2026-07-26 13:08:14,681 - hybrid_pipeline - INFO - Tile tile_x14592_y0: 核心遮罩全空 → 空白 placeholder
2026-07-26 13:08:14,684 - hybrid_pipeline - INFO - Tile tile_x16128_y0: 核心遮罩全空 → 空白 placeholder
2026-07-26 13:08:14,692 - hybrid_pipeline - INFO - [19/576] 已回收 tile_x13824_y0
2026-07-26 13:08:14,697 - hybrid_pipeline - INFO - [20/576] 已回收 tile_x15360_y0
2026-07-26 13:08:14,720 - hybrid_pipeline - INFO - Tile tile_x16896_y0: 核心遮罩全空 → 空白 placeholder
2026-07-26 13:08:14,726 - hybrid_pipeline - INFO - Tile tile_x17664_y0: 核心遮罩全空 → 空白 placeholder
2026-07-26 13:08:14,735 - hybrid_pipeline - INFO - [21/576] 已回收 tile_x14592_y0
2026-07-26 13:08:14,738 - hybrid_pipeline - INFO - [22/576] 已回收 tile_x16128_y0
2026-07-26 13:08:14,763 - hybrid_pipeline - INFO - Tile tile_x0_y768: 核心遮罩全空 → 空白 placeholder
2026-07-26 13:08:14,769 - hybrid_pipeline - INFO - [23/576] 已回收 tile_x16896_y0
2026-07-26 13:08:14,769 - hybrid_pipeline - INFO - Tile tile_x768_y768: 核心遮罩全空 → 空白 placeholder
2026-07-26 13:08:14,773 - hybrid_pipeline - INFO - [24/576] 已回收 tile_x17664_y0
2026-07-26 13:08:14,796 - hybrid_pipeline - INFO - Tile tile_x1536_y768: 核心遮罩全空 → 空白 placeholder
2026-07-26 13:08:14,805 - hybrid_pipeline - INFO - Tile tile_x3072_y768: 核心遮罩全空 → 空白 placeholder
2026-07-26 13:08:14,823 - hybrid_pipeline - INFO - [25/576] 已回收 tile_x0_y768
2026-07-26 13:08:14,824 - hybrid_pipeline - INFO - [26/576] 已回收 tile_x768_y768
2026-07-26 13:08:14,846 - hybrid_pipeline - INFO - [27/576] 已回收 tile_x1536_y768
2026-07-26 13:08:14,849 - hybrid_pipeline - INFO - [28/576] 已回收 tile_x3072_y768
2026-07-26 13:08:14,849 - hybrid_pipeline - INFO - Tile tile_x2304_y768: 核心遮罩全空 → 空白 placeholder
2026-07-26 13:08:14,854 - hybrid_pipeline - INFO - Tile tile_x4608_y768: 核心遮罩全空 → 空白 placeholder
2026-07-26 13:08:14,876 - hybrid_pipeline - INFO - Tile tile_x5376_y768: 核心遮罩全空 → 空白 placeholder
2026-07-26 13:08:14,877 - hybrid_pipeline - INFO - Tile tile_x3840_y768: 核心遮罩全空 → 空白 placeholder
2026-07-26 13:08:14,899 - hybrid_pipeline - INFO - [29/576] 已回收 tile_x2304_y768
2026-07-26 13:08:14,915 - hybrid_pipeline - INFO - [30/576] 已回收 tile_x4608_y768
2026-07-26 13:08:14,928 - hybrid_pipeline - INFO - Tile tile_x6144_y768: 核心遮罩全空 → 空白 placeholder
2026-07-26 13:08:14,932 - hybrid_pipeline - INFO - [31/576] 已回收 tile_x3840_y768
2026-07-26 13:08:14,936 - hybrid_pipeline - INFO - [32/576] 已回收 tile_x5376_y768
2026-07-26 13:08:14,943 - hybrid_pipeline - INFO - Tile tile_x6912_y768: 核心遮罩全空 → 空白 placeholder
2026-07-26 13:08:14,960 - hybrid_pipeline - INFO - Tile tile_x7680_y768: 核心遮罩全空 → 空白 placeholder
2026-07-26 13:08:14,961 - hybrid_pipeline - INFO - Tile tile_x9216_y768: 核心遮罩全空 → 空白 placeholder
2026-07-26 13:08:14,968 - hybrid_pipeline - INFO - [33/576] 已回收 tile_x6144_y768
2026-07-26 13:08:14,990 - hybrid_pipeline - INFO - [34/576] 已回收 tile_x6912_y768
2026-07-26 13:08:14,997 - hybrid_pipeline - INFO - Tile tile_x8448_y768: 核心遮罩全空 → 空白 placeholder
2026-07-26 13:08:15,015 - hybrid_pipeline - INFO - [35/576] 已回收 tile_x7680_y768
2026-07-26 13:08:15,019 - hybrid_pipeline - INFO - Tile tile_x9984_y768: 核心遮罩全空 → 空白 placeholder
2026-07-26 13:08:15,026 - hybrid_pipeline - INFO - [36/576] 已回收 tile_x9216_y768
2026-07-26 13:08:15,043 - hybrid_pipeline - INFO - Tile tile_x10752_y768: 核心遮罩全空 → 空白 placeholder
2026-07-26 13:08:15,049 - hybrid_pipeline - INFO - [37/576] 已回收 tile_x8448_y768
2026-07-26 13:08:15,057 - hybrid_pipeline - INFO - Tile tile_x12288_y768: 核心遮罩全空 → 空白 placeholder
2026-07-26 13:08:15,067 - hybrid_pipeline - INFO - [38/576] 已回收 tile_x9984_y768
2026-07-26 13:08:15,082 - hybrid_pipeline - INFO - Tile tile_x11520_y768: 核心遮罩全空 → 空白 placeholder
2026-07-26 13:08:15,091 - hybrid_pipeline - INFO - [39/576] 已回收 tile_x10752_y768
2026-07-26 13:08:15,096 - hybrid_pipeline - INFO - Tile tile_x13056_y768: 核心遮罩全空 → 空白 placeholder
2026-07-26 13:08:15,116 - hybrid_pipeline - INFO - [40/576] 已回收 tile_x12288_y768
2026-07-26 13:08:15,123 - hybrid_pipeline - INFO - Tile tile_x13824_y768: 核心遮罩全空 → 空白 placeholder
2026-07-26 13:08:15,132 - hybrid_pipeline - INFO - [41/576] 已回收 tile_x11520_y768
2026-07-26 13:08:15,145 - hybrid_pipeline - INFO - Tile tile_x14592_y768: 核心遮罩全空 → 空白 placeholder
2026-07-26 13:08:15,150 - hybrid_pipeline - INFO - [42/576] 已回收 tile_x13056_y768
2026-07-26 13:08:15,161 - hybrid_pipeline - INFO - Tile tile_x16128_y768: 核心遮罩全空 → 空白 placeholder
2026-07-26 13:08:15,175 - hybrid_pipeline - INFO - [43/576] 已回收 tile_x13824_y768
2026-07-26 13:08:15,178 - hybrid_pipeline - INFO - Tile tile_x15360_y768: 核心遮罩全空 → 空白 placeholder
2026-07-26 13:08:15,200 - hybrid_pipeline - INFO - [44/576] 已回收 tile_x14592_y768
2026-07-26 13:08:15,203 - hybrid_pipeline - INFO - Tile tile_x16896_y768: 核心遮罩全空 → 空白 placeholder
2026-07-26 13:08:15,215 - hybrid_pipeline - INFO - [45/576] 已回收 tile_x16128_y768
2026-07-26 13:08:15,226 - hybrid_pipeline - INFO - [46/576] 已回收 tile_x15360_y768
2026-07-26 13:08:15,229 - hybrid_pipeline - INFO - Tile tile_x0_y1536: 核心遮罩全空 → 空白 placeholder
2026-07-26 13:08:15,243 - hybrid_pipeline - INFO - Tile tile_x17664_y768: 核心遮罩全空 → 空白 placeholder
2026-07-26 13:08:15,250 - hybrid_pipeline - INFO - [47/576] 已回收 tile_x16896_y768
2026-07-26 13:08:15,255 - hybrid_pipeline - INFO - Tile tile_x768_y1536: 核心遮罩全空 → 空白 placeholder
2026-07-26 13:08:15,280 - hybrid_pipeline - INFO - Tile tile_x1536_y1536: 核心遮罩全空 → 空白 placeholder
2026-07-26 13:08:15,284 - hybrid_pipeline - INFO - [48/576] 已回收 tile_x0_y1536
2026-07-26 13:08:15,300 - hybrid_pipeline - INFO - [49/576] 已回收 tile_x17664_y768
2026-07-26 13:08:15,313 - hybrid_pipeline - INFO - [50/576] 已回收 tile_x768_y1536
2026-07-26 13:08:15,314 - hybrid_pipeline - INFO - Tile tile_x2304_y1536: 核心遮罩全空 → 空白 placeholder
2026-07-26 13:08:15,325 - hybrid_pipeline - INFO - Tile tile_x3072_y1536: 核心遮罩全空 → 空白 placeholder
2026-07-26 13:08:15,330 - hybrid_pipeline - INFO - [51/576] 已回收 tile_x1536_y1536
2026-07-26 13:08:15,343 - hybrid_pipeline - INFO - Tile tile_x3840_y1536: 核心遮罩全空 → 空白 placeholder
2026-07-26 13:08:15,358 - hybrid_pipeline - INFO - Tile tile_x4608_y1536: 核心遮罩全空 → 空白 placeholder
2026-07-26 13:08:15,358 - hybrid_pipeline - INFO - [52/576] 已回收 tile_x2304_y1536
2026-07-26 13:08:15,382 - hybrid_pipeline - INFO - [53/576] 已回收 tile_x3072_y1536
2026-07-26 13:08:15,387 - hybrid_pipeline - INFO - Tile tile_x5376_y1536: 核心遮罩全空 → 空白 placeholder
2026-07-26 13:08:15,402 - hybrid_pipeline - INFO - [54/576] 已回收 tile_x3840_y1536
2026-07-26 13:08:15,411 - hybrid_pipeline - INFO - [55/576] 已回收 tile_x4608_y1536
2026-07-26 13:08:15,413 - hybrid_pipeline - INFO - Tile tile_x6144_y1536: 核心遮罩全空 → 空白 placeholder
2026-07-26 13:08:15,432 - hybrid_pipeline - INFO - Tile tile_x6912_y1536: 核心遮罩全空 → 空白 placeholder
2026-07-26 13:08:15,436 - hybrid_pipeline - INFO - [56/576] 已回收 tile_x5376_y1536
2026-07-26 13:08:15,440 - hybrid_pipeline - INFO - Tile tile_x7680_y1536: 核心遮罩全空 → 空白 placeholder
2026-07-26 13:08:15,459 - hybrid_pipeline - INFO - [57/576] 已回收 tile_x6144_y1536
2026-07-26 13:08:15,466 - hybrid_pipeline - INFO - Tile tile_x9216_y1536: 核心遮罩全空 → 空白 placeholder
2026-07-26 13:08:15,487 - hybrid_pipeline - INFO - Tile tile_x8448_y1536: 核心遮罩全空 → 空白 placeholder
2026-07-26 13:08:15,488 - hybrid_pipeline - INFO - [58/576] 已回收 tile_x6912_y1536
2026-07-26 13:08:15,498 - hybrid_pipeline - INFO - [59/576] 已回收 tile_x7680_y1536
2026-07-26 13:08:15,516 - hybrid_pipeline - INFO - [60/576] 已回收 tile_x9216_y1536
2026-07-26 13:08:15,516 - hybrid_pipeline - INFO - Tile tile_x9984_y1536: 核心遮罩全空 → 空白 placeholder
2026-07-26 13:08:15,527 - hybrid_pipeline - INFO - Tile tile_x10752_y1536: 核心遮罩全空 → 空白 placeholder
2026-07-26 13:08:15,535 - hybrid_pipeline - INFO - [61/576] 已回收 tile_x8448_y1536
2026-07-26 13:08:15,544 - hybrid_pipeline - INFO - Tile tile_x11520_y1536: 核心遮罩全空 → 空白 placeholder
2026-07-26 13:08:15,562 - hybrid_pipeline - INFO - Tile tile_x13056_y1536: 核心遮罩全空 → 空白 placeholder
2026-07-26 13:08:15,569 - hybrid_pipeline - INFO - [62/576] 已回收 tile_x9984_y1536
2026-07-26 13:08:15,585 - hybrid_pipeline - INFO - [63/576] 已回收 tile_x10752_y1536
2026-07-26 13:08:15,598 - hybrid_pipeline - INFO - Tile tile_x12288_y1536: 核心遮罩全空 → 空白 placeholder
2026-07-26 13:08:15,602 - hybrid_pipeline - INFO - [64/576] 已回收 tile_x11520_y1536
2026-07-26 13:08:15,613 - hybrid_pipeline - INFO - Tile tile_x16128_y1536: 核心遮罩全空 → 空白 placeholder
2026-07-26 13:08:15,616 - hybrid_pipeline - INFO - [65/576] 已回收 tile_x13056_y1536
2026-07-26 13:08:15,630 - hybrid_pipeline - INFO - Tile tile_x13824_y1536: 核心遮罩全空 → 空白 placeholder
2026-07-26 13:08:15,644 - hybrid_pipeline - INFO - Tile tile_x14592_y1536: 核心遮罩全空 → 空白 placeholder
2026-07-26 13:08:15,648 - hybrid_pipeline - INFO - [66/576] 已回收 tile_x12288_y1536
2026-07-26 13:08:15,663 - hybrid_pipeline - INFO - [67/576] 已回收 tile_x16128_y1536
2026-07-26 13:08:15,677 - hybrid_pipeline - INFO - Tile tile_x15360_y1536: 核心遮罩全空 → 空白 placeholder
2026-07-26 13:08:15,685 - hybrid_pipeline - INFO - [68/576] 已回收 tile_x13824_y1536
2026-07-26 13:08:15,691 - hybrid_pipeline - INFO - Tile tile_x16896_y1536: 核心遮罩全空 → 空白 placeholder
2026-07-26 13:08:15,701 - hybrid_pipeline - INFO - [69/576] 已回收 tile_x14592_y1536
2026-07-26 13:08:15,714 - hybrid_pipeline - INFO - Tile tile_x17664_y1536: 核心遮罩全空 → 空白 placeholder
2026-07-26 13:08:15,724 - hybrid_pipeline - INFO - [70/576] 已回收 tile_x15360_y1536
2026-07-26 13:08:15,735 - hybrid_pipeline - INFO - Tile tile_x768_y2304: 核心遮罩全空 → 空白 placeholder
2026-07-26 13:08:15,739 - hybrid_pipeline - INFO - [71/576] 已回收 tile_x16896_y1536
2026-07-26 13:08:15,752 - hybrid_pipeline - INFO - Tile tile_x3840_y2304: 核心遮罩全空 → 空白 placeholder
2026-07-26 13:08:15,761 - hybrid_pipeline - INFO - [72/576] 已回收 tile_x17664_y1536
2026-07-26 13:08:15,767 - hybrid_pipeline - INFO - Tile tile_x0_y2304: 核心遮罩全空 → 空白 placeholder
2026-07-26 13:08:15,790 - hybrid_pipeline - INFO - Tile tile_x3072_y2304: 核心遮罩全空 → 空白 placeholder
2026-07-26 13:08:15,790 - hybrid_pipeline - INFO - [73/576] 已回收 tile_x768_y2304
2026-07-26 13:08:15,811 - hybrid_pipeline - INFO - [74/576] 已回收 tile_x3840_y2304
2026-07-26 13:08:15,821 - hybrid_pipeline - INFO - Tile tile_x1536_y2304: 核心遮罩全空 → 空白 placeholder
2026-07-26 13:08:15,826 - hybrid_pipeline - INFO - [75/576] 已回收 tile_x0_y2304
2026-07-26 13:08:15,841 - hybrid_pipeline - INFO - Tile tile_x2304_y2304: 核心遮罩全空 → 空白 placeholder
2026-07-26 13:08:15,843 - hybrid_pipeline - INFO - [76/576] 已回收 tile_x3072_y2304
2026-07-26 13:08:15,857 - hybrid_pipeline - INFO - Tile tile_x4608_y2304: 核心遮罩全空 → 空白 placeholder
2026-07-26 13:08:15,867 - hybrid_pipeline - INFO - [77/576] 已回收 tile_x1536_y2304
2026-07-26 13:08:15,871 - hybrid_pipeline - INFO - Tile tile_x5376_y2304: 核心遮罩全空 → 空白 placeholder
2026-07-26 13:08:15,888 - hybrid_pipeline - INFO - [78/576] 已回收 tile_x2304_y2304
2026-07-26 13:08:15,895 - hybrid_pipeline - INFO - Tile tile_x6144_y2304: 核心遮罩全空 → 空白 placeholder
2026-07-26 13:08:15,906 - hybrid_pipeline - INFO - [79/576] 已回收 tile_x4608_y2304
2026-07-26 13:08:15,918 - hybrid_pipeline - INFO - Tile tile_x6912_y2304: 核心遮罩全空 → 空白 placeholder
2026-07-26 13:08:15,927 - hybrid_pipeline - INFO - [80/576] 已回收 tile_x5376_y2304
2026-07-26 13:08:15,935 - hybrid_pipeline - INFO - Tile tile_x9216_y2304: 核心遮罩全空 → 空白 placeholder
2026-07-26 13:08:15,951 - hybrid_pipeline - INFO - [81/576] 已回收 tile_x6144_y2304
2026-07-26 13:08:15,958 - hybrid_pipeline - INFO - Tile tile_x7680_y2304: 核心遮罩全空 → 空白 placeholder
2026-07-26 13:08:15,971 - hybrid_pipeline - INFO - [82/576] 已回收 tile_x6912_y2304
2026-07-26 13:08:15,981 - hybrid_pipeline - INFO - Tile tile_x9984_y2304: 核心遮罩全空 → 空白 placeholder
2026-07-26 13:08:15,987 - hybrid_pipeline - INFO - [83/576] 已回收 tile_x9216_y2304
2026-07-26 13:08:16,000 - hybrid_pipeline - INFO - Tile tile_x8448_y2304: 核心遮罩全空 → 空白 placeholder
2026-07-26 13:08:16,008 - hybrid_pipeline - INFO - [84/576] 已回收 tile_x7680_y2304
2026-07-26 13:08:16,016 - hybrid_pipeline - INFO - Tile tile_x10752_y2304: 核心遮罩全空 → 空白 placeholder
2026-07-26 13:08:16,028 - hybrid_pipeline - INFO - [85/576] 已回收 tile_x9984_y2304
2026-07-26 13:08:16,037 - hybrid_pipeline - INFO - Tile tile_x12288_y2304: 核心遮罩全空 → 空白 placeholder
2026-07-26 13:08:16,055 - hybrid_pipeline - INFO - [86/576] 已回收 tile_x8448_y2304
2026-07-26 13:08:16,056 - hybrid_pipeline - INFO - Tile tile_x13056_y2304: 核心遮罩全空 → 空白 placeholder
2026-07-26 13:08:16,071 - hybrid_pipeline - INFO - [87/576] 已回收 tile_x10752_y2304
2026-07-26 13:08:16,084 - hybrid_pipeline - INFO - Tile tile_x11520_y2304: 核心遮罩全空 → 空白 placeholder
2026-07-26 13:08:16,092 - hybrid_pipeline - INFO - [88/576] 已回收 tile_x12288_y2304
2026-07-26 13:08:16,095 - hybrid_pipeline - INFO - Tile tile_x13824_y2304: 核心遮罩全空 → 空白 placeholder
2026-07-26 13:08:16,110 - hybrid_pipeline - INFO - [89/576] 已回收 tile_x13056_y2304
2026-07-26 13:08:16,118 - hybrid_pipeline - INFO - Tile tile_x14592_y2304: 核心遮罩全空 → 空白 placeholder
2026-07-26 13:08:16,136 - hybrid_pipeline - INFO - [90/576] 已回收 tile_x11520_y2304
2026-07-26 13:08:16,137 - hybrid_pipeline - INFO - Tile tile_x16128_y2304: 核心遮罩全空 → 空白 placeholder
2026-07-26 13:08:16,153 - hybrid_pipeline - INFO - [91/576] 已回收 tile_x13824_y2304
2026-07-26 13:08:16,165 - hybrid_pipeline - INFO - Tile tile_x15360_y2304: 核心遮罩全空 → 空白 placeholder
2026-07-26 13:08:16,173 - hybrid_pipeline - INFO - [92/576] 已回收 tile_x14592_y2304
2026-07-26 13:08:16,181 - hybrid_pipeline - INFO - Tile tile_x17664_y2304: 核心遮罩全空 → 空白 placeholder
2026-07-26 13:08:16,187 - hybrid_pipeline - INFO - [93/576] 已回收 tile_x16128_y2304
2026-07-26 13:08:16,202 - hybrid_pipeline - INFO - Tile tile_x16896_y2304: 核心遮罩全空 → 空白 placeholder
2026-07-26 13:08:16,215 - hybrid_pipeline - INFO - Tile tile_x768_y3072: 核心遮罩全空 → 空白 placeholder
2026-07-26 13:08:16,220 - hybrid_pipeline - INFO - [94/576] 已回收 tile_x15360_y2304
2026-07-26 13:08:16,237 - hybrid_pipeline - INFO - [95/576] 已回收 tile_x17664_y2304
2026-07-26 13:08:16,248 - hybrid_pipeline - INFO - Tile tile_x0_y3072: 核心遮罩全空 → 空白 placeholder
2026-07-26 13:08:16,257 - hybrid_pipeline - INFO - [96/576] 已回收 tile_x16896_y2304
2026-07-26 13:08:16,264 - hybrid_pipeline - INFO - [97/576] 已回收 tile_x768_y3072
2026-07-26 13:08:16,265 - hybrid_pipeline - INFO - Tile tile_x1536_y3072: 核心遮罩全空 → 空白 placeholder
2026-07-26 13:08:16,286 - hybrid_pipeline - INFO - Tile tile_x3072_y3072: 核心遮罩全空 → 空白 placeholder
2026-07-26 13:08:16,289 - hybrid_pipeline - INFO - Tile tile_x3840_y3072: 核心遮罩全空 → 空白 placeholder
2026-07-26 13:08:16,301 - hybrid_pipeline - INFO - [98/576] 已回收 tile_x0_y3072
2026-07-26 13:08:16,319 - hybrid_pipeline - INFO - [99/576] 已回收 tile_x1536_y3072
2026-07-26 13:08:16,330 - hybrid_pipeline - INFO - Tile tile_x2304_y3072: 核心遮罩全空 → 空白 placeholder
2026-07-26 13:08:16,340 - hybrid_pipeline - INFO - [100/576] 已回收 tile_x3072_y3072
2026-07-26 13:08:16,348 - hybrid_pipeline - INFO - Tile tile_x4608_y3072: 核心遮罩全空 → 空白 placeholder
2026-07-26 13:08:16,349 - hybrid_pipeline - INFO - [101/576] 已回收 tile_x3840_y3072
2026-07-26 13:08:16,364 - hybrid_pipeline - INFO - Tile tile_x5376_y3072: 核心遮罩全空 → 空白 placeholder
2026-07-26 13:08:16,377 - hybrid_pipeline - INFO - Tile tile_x6912_y3072: 核心遮罩全空 → 空白 placeholder
2026-07-26 13:08:16,378 - hybrid_pipeline - INFO - [102/576] 已回收 tile_x2304_y3072
2026-07-26 13:08:16,395 - hybrid_pipeline - INFO - [103/576] 已回收 tile_x4608_y3072
2026-07-26 13:08:16,408 - hybrid_pipeline - INFO - Tile tile_x6144_y3072: 核心遮罩全空 → 空白 placeholder
2026-07-26 13:08:16,422 - hybrid_pipeline - INFO - Tile tile_x7680_y3072: 核心遮罩全空 → 空白 placeholder
2026-07-26 13:08:16,425 - hybrid_pipeline - INFO - [104/576] 已回收 tile_x5376_y3072
2026-07-26 13:08:16,435 - hybrid_pipeline - INFO - [105/576] 已回收 tile_x6912_y3072
2026-07-26 13:08:16,453 - hybrid_pipeline - INFO - Tile tile_x8448_y3072: 核心遮罩全空 → 空白 placeholder
2026-07-26 13:08:16,456 - hybrid_pipeline - INFO - [106/576] 已回收 tile_x6144_y3072
2026-07-26 13:08:16,464 - hybrid_pipeline - INFO - Tile tile_x9216_y3072: 核心遮罩全空 → 空白 placeholder
2026-07-26 13:08:16,472 - hybrid_pipeline - INFO - [107/576] 已回收 tile_x7680_y3072
2026-07-26 13:08:16,485 - hybrid_pipeline - INFO - Tile tile_x9984_y3072: 核心遮罩全空 → 空白 placeholder
2026-07-26 13:08:16,500 - hybrid_pipeline - INFO - Tile tile_x10752_y3072: 核心遮罩全空 → 空白 placeholder
2026-07-26 13:08:16,509 - hybrid_pipeline - INFO - [108/576] 已回收 tile_x8448_y3072
2026-07-26 13:08:16,519 - hybrid_pipeline - INFO - [109/576] 已回收 tile_x9216_y3072
2026-07-26 13:08:16,533 - hybrid_pipeline - INFO - [110/576] 已回收 tile_x9984_y3072
2026-07-26 13:08:16,538 - hybrid_pipeline - INFO - Tile tile_x11520_y3072: 核心遮罩全空 → 空白 placeholder
2026-07-26 13:08:16,549 - hybrid_pipeline - INFO - [111/576] 已回收 tile_x10752_y3072
2026-07-26 13:08:16,551 - hybrid_pipeline - INFO - Tile tile_x12288_y3072: 核心遮罩全空 → 空白 placeholder
2026-07-26 13:08:16,561 - hybrid_pipeline - INFO - Tile tile_x13056_y3072: 核心遮罩全空 → 空白 placeholder
2026-07-26 13:08:16,577 - hybrid_pipeline - INFO - Tile tile_x13824_y3072: 核心遮罩全空 → 空白 placeholder
2026-07-26 13:08:16,599 - hybrid_pipeline - INFO - [112/576] 已回收 tile_x11520_y3072
2026-07-26 13:08:16,604 - hybrid_pipeline - INFO - [113/576] 已回收 tile_x12288_y3072
2026-07-26 13:08:16,624 - hybrid_pipeline - INFO - [114/576] 已回收 tile_x13824_y3072
2026-07-26 13:08:16,628 - hybrid_pipeline - INFO - Tile tile_x14592_y3072: 核心遮罩全空 → 空白 placeholder
2026-07-26 13:08:16,633 - hybrid_pipeline - INFO - Tile tile_x16128_y3072: 核心遮罩全空 → 空白 placeholder
2026-07-26 13:08:16,653 - hybrid_pipeline - INFO - Tile tile_x16896_y3072: 核心遮罩全空 → 空白 placeholder
2026-07-26 13:08:16,666 - hybrid_pipeline - INFO - [115/576] 已回收 tile_x14592_y3072
2026-07-26 13:08:16,673 - hybrid_pipeline - INFO - [116/576] 已回收 tile_x16128_y3072
2026-07-26 13:08:16,686 - hybrid_pipeline - INFO - [117/576] 已回收 tile_x16896_y3072
2026-07-26 13:08:16,695 - hybrid_pipeline - INFO - Tile tile_x17664_y3072: 核心遮罩全空 → 空白 placeholder
2026-07-26 13:08:16,706 - hybrid_pipeline - INFO - Tile tile_x0_y3840: 核心遮罩全空 → 空白 placeholder
2026-07-26 13:08:16,710 - hybrid_pipeline - INFO - Tile tile_x768_y3840: 核心遮罩全空 → 空白 placeholder
2026-07-26 13:08:16,729 - hybrid_pipeline - INFO - [118/576] 已回收 tile_x17664_y3072
2026-07-26 13:08:16,746 - hybrid_pipeline - INFO - [119/576] 已回收 tile_x0_y3840
2026-07-26 13:08:16,751 - hybrid_pipeline - INFO - [120/576] 已回收 tile_x768_y3840
2026-07-26 13:08:16,758 - hybrid_pipeline - INFO - Tile tile_x1536_y3840: 核心遮罩全空 → 空白 placeholder
2026-07-26 13:08:16,778 - hybrid_pipeline - INFO - Tile tile_x5376_y3840: 核心遮罩全空 → 空白 placeholder
2026-07-26 13:08:16,780 - hybrid_pipeline - INFO - Tile tile_x4608_y3840: 核心遮罩全空 → 空白 placeholder
2026-07-26 13:08:16,797 - hybrid_pipeline - INFO - [121/576] 已回收 tile_x1536_y3840
2026-07-26 13:08:16,825 - hybrid_pipeline - INFO - Tile tile_x3072_y3840: 核心遮罩全空 → 空白 placeholder
2026-07-26 13:08:16,835 - hybrid_pipeline - INFO - [122/576] 已回收 tile_x4608_y3840
2026-07-26 13:08:16,838 - hybrid_pipeline - INFO - [123/576] 已回收 tile_x5376_y3840
2026-07-26 13:08:16,861 - hybrid_pipeline - INFO - [124/576] 已回收 tile_x3072_y3840
2026-07-26 13:08:16,864 - hybrid_pipeline - INFO - Tile tile_x3840_y3840: 核心遮罩全空 → 空白 placeholder
2026-07-26 13:08:16,866 - hybrid_pipeline - INFO - Tile tile_x2304_y3840: 核心遮罩全空 → 空白 placeholder
2026-07-26 13:08:16,891 - hybrid_pipeline - INFO - Tile tile_x6144_y3840: 核心遮罩全空 → 空白 placeholder
2026-07-26 13:08:16,917 - hybrid_pipeline - INFO - [125/576] 已回收 tile_x3840_y3840
2026-07-26 13:08:16,921 - hybrid_pipeline - INFO - [126/576] 已回收 tile_x2304_y3840
2026-07-26 13:08:16,932 - hybrid_pipeline - INFO - [127/576] 已回收 tile_x6144_y3840
2026-07-26 13:08:16,947 - hybrid_pipeline - INFO - Tile tile_x6912_y3840: 核心遮罩全空 → 空白 placeholder
2026-07-26 13:08:16,948 - hybrid_pipeline - INFO - Tile tile_x7680_y3840: 核心遮罩全空 → 空白 placeholder
2026-07-26 13:08:16,958 - hybrid_pipeline - INFO - Tile tile_x9216_y3840: 核心遮罩全空 → 空白 placeholder
2026-07-26 13:08:16,987 - hybrid_pipeline - INFO - [128/576] 已回收 tile_x6912_y3840
2026-07-26 13:08:16,996 - hybrid_pipeline - INFO - [129/576] 已回收 tile_x7680_y3840
2026-07-26 13:08:17,001 - hybrid_pipeline - INFO - [130/576] 已回收 tile_x9216_y3840
2026-07-26 13:08:17,017 - hybrid_pipeline - INFO - Tile tile_x12288_y3840: 核心遮罩全空 → 空白 placeholder
2026-07-26 13:08:17,023 - hybrid_pipeline - INFO - Tile tile_x11520_y3840: 核心遮罩全空 → 空白 placeholder
2026-07-26 13:08:17,029 - hybrid_pipeline - INFO - Tile tile_x8448_y3840: 核心遮罩全空 → 空白 placeholder
2026-07-26 13:08:17,051 - hybrid_pipeline - INFO - [131/576] 已回收 tile_x12288_y3840
2026-07-26 13:08:17,079 - hybrid_pipeline - INFO - Tile tile_x9984_y3840: 核心遮罩全空 → 空白 placeholder
2026-07-26 13:08:17,088 - hybrid_pipeline - INFO - [132/576] 已回收 tile_x11520_y3840
2026-07-26 13:08:17,097 - hybrid_pipeline - INFO - [133/576] 已回收 tile_x8448_y3840
2026-07-26 13:08:17,116 - hybrid_pipeline - INFO - Tile tile_x10752_y3840: 核心遮罩全空 → 空白 placeholder
2026-07-26 13:08:17,124 - hybrid_pipeline - INFO - Tile tile_x13056_y3840: 核心遮罩全空 → 空白 placeholder
2026-07-26 13:08:17,135 - hybrid_pipeline - INFO - [134/576] 已回收 tile_x9984_y3840
2026-07-26 13:08:17,163 - hybrid_pipeline - INFO - Tile tile_x13824_y3840: 核心遮罩全空 → 空白 placeholder
2026-07-26 13:08:17,181 - hybrid_pipeline - INFO - [135/576] 已回收 tile_x10752_y3840
2026-07-26 13:08:17,191 - hybrid_pipeline - INFO - [136/576] 已回收 tile_x13056_y3840
2026-07-26 13:08:17,210 - hybrid_pipeline - INFO - Tile tile_x16128_y3840: 核心遮罩全空 → 空白 placeholder
2026-07-26 13:08:17,220 - hybrid_pipeline - INFO - [137/576] 已回收 tile_x13824_y3840
2026-07-26 13:08:17,220 - hybrid_pipeline - INFO - Tile tile_x16896_y3840: 核心遮罩全空 → 空白 placeholder
2026-07-26 13:08:17,248 - hybrid_pipeline - INFO - Tile tile_x17664_y3840: 核心遮罩全空 → 空白 placeholder
2026-07-26 13:08:17,285 - hybrid_pipeline - INFO - [138/576] 已回收 tile_x16896_y3840
2026-07-26 13:08:17,303 - hybrid_pipeline - INFO - [139/576] 已回收 tile_x17664_y3840
2026-07-26 13:08:17,314 - hybrid_pipeline - INFO - Tile tile_x14592_y3840: 核心遮罩全空 → 空白 placeholder
2026-07-26 13:08:17,330 - hybrid_pipeline - INFO - [140/576] 已回收 tile_x14592_y3840
2026-07-26 13:08:17,331 - hybrid_pipeline - INFO - Tile tile_x768_y4608: 核心遮罩全空 → 空白 placeholder
2026-07-26 13:08:17,350 - hybrid_pipeline - INFO - [141/576] 已回收 tile_x768_y4608
2026-07-26 13:08:17,360 - hybrid_pipeline - INFO - Tile tile_x0_y4608: 核心遮罩全空 → 空白 placeholder
2026-07-26 13:08:17,375 - hybrid_pipeline - INFO - [142/576] 已回收 tile_x0_y4608
2026-07-26 13:08:17,379 - hybrid_pipeline - INFO - Tile tile_x1536_y4608: 核心遮罩全空 → 空白 placeholder
2026-07-26 13:08:17,392 - hybrid_pipeline - INFO - [143/576] 已回收 tile_x1536_y4608
2026-07-26 13:08:17,406 - hybrid_pipeline - INFO - Tile tile_x3072_y4608: 核心遮罩全空 → 空白 placeholder
2026-07-26 13:08:17,421 - hybrid_pipeline - INFO - Tile tile_x4608_y4608: 核心遮罩全空 → 空白 placeholder
2026-07-26 13:08:17,429 - hybrid_pipeline - INFO - [144/576] 已回收 tile_x3072_y4608
2026-07-26 13:08:17,456 - hybrid_pipeline - INFO - [145/576] 已回收 tile_x4608_y4608
2026-07-26 13:08:17,457 - hybrid_pipeline - INFO - Tile tile_x3840_y4608: 核心遮罩全空 → 空白 placeholder
2026-07-26 13:08:17,485 - hybrid_pipeline - INFO - Tile tile_x2304_y4608: 核心遮罩全空 → 空白 placeholder
2026-07-26 13:08:17,488 - hybrid_pipeline - INFO - [146/576] 已回收 tile_x3840_y4608
2026-07-26 13:08:17,510 - hybrid_pipeline - INFO - [147/576] 已回收 tile_x2304_y4608
2026-07-26 13:08:17,516 - hybrid_pipeline - INFO - Tile tile_x5376_y4608: 核心遮罩全空 → 空白 placeholder
2026-07-26 13:08:17,539 - hybrid_pipeline - INFO - Tile tile_x6144_y4608: 核心遮罩全空 → 空白 placeholder
2026-07-26 13:08:17,544 - hybrid_pipeline - INFO - [148/576] 已回收 tile_x5376_y4608
2026-07-26 13:08:17,560 - hybrid_pipeline - INFO - [149/576] 已回收 tile_x6144_y4608
2026-07-26 13:08:17,574 - hybrid_pipeline - INFO - Tile tile_x6912_y4608: 核心遮罩全空 → 空白 placeholder
2026-07-26 13:08:17,585 - hybrid_pipeline - INFO - Tile tile_x7680_y4608: 核心遮罩全空 → 空白 placeholder
2026-07-26 13:08:17,589 - hybrid_pipeline - INFO - [150/576] 已回收 tile_x6912_y4608
2026-07-26 13:08:17,610 - hybrid_pipeline - INFO - [151/576] 已回收 tile_x7680_y4608
2026-07-26 13:08:17,620 - hybrid_pipeline - INFO - Tile tile_x8448_y4608: 核心遮罩全空 → 空白 placeholder
2026-07-26 13:08:17,637 - hybrid_pipeline - INFO - Tile tile_x9216_y4608: 核心遮罩全空 → 空白 placeholder
2026-07-26 13:08:17,644 - hybrid_pipeline - INFO - [152/576] 已回收 tile_x8448_y4608
2026-07-26 13:08:17,663 - hybrid_pipeline - INFO - [153/576] 已回收 tile_x9216_y4608
2026-07-26 13:08:17,673 - hybrid_pipeline - INFO - Tile tile_x10752_y4608: 核心遮罩全空 → 空白 placeholder
2026-07-26 13:08:17,690 - hybrid_pipeline - INFO - Tile tile_x11520_y4608: 核心遮罩全空 → 空白 placeholder
2026-07-26 13:08:17,719 - hybrid_pipeline - INFO - [154/576] 已回收 tile_x10752_y4608
2026-07-26 13:08:17,737 - hybrid_pipeline - INFO - [155/576] 已回收 tile_x11520_y4608
2026-07-26 13:08:17,747 - hybrid_pipeline - INFO - Tile tile_x12288_y4608: 核心遮罩全空 → 空白 placeholder
2026-07-26 13:08:17,766 - hybrid_pipeline - INFO - Tile tile_x9984_y4608: 核心遮罩全空 → 空白 placeholder
2026-07-26 13:08:17,806 - hybrid_pipeline - INFO - [156/576] 已回收 tile_x12288_y4608
2026-07-26 13:08:17,835 - hybrid_pipeline - INFO - [157/576] 已回收 tile_x9984_y4608
2026-07-26 13:08:17,839 - hybrid_pipeline - INFO - Tile tile_x13056_y4608: 核心遮罩全空 → 空白 placeholder
2026-07-26 13:08:17,863 - hybrid_pipeline - INFO - Tile tile_x13824_y4608: 核心遮罩全空 → 空白 placeholder
2026-07-26 13:08:17,901 - hybrid_pipeline - INFO - [158/576] 已回收 tile_x13056_y4608
2026-07-26 13:08:17,919 - hybrid_pipeline - INFO - [159/576] 已回收 tile_x13824_y4608
2026-07-26 13:08:17,930 - hybrid_pipeline - INFO - Tile tile_x14592_y4608: 核心遮罩全空 → 空白 placeholder
2026-07-26 13:08:17,947 - hybrid_pipeline - INFO - Tile tile_x16896_y4608: 核心遮罩全空 → 空白 placeholder
2026-07-26 13:08:17,976 - hybrid_pipeline - INFO - [160/576] 已回收 tile_x14592_y4608
2026-07-26 13:08:17,994 - hybrid_pipeline - INFO - [161/576] 已回收 tile_x16896_y4608
2026-07-26 13:08:18,006 - hybrid_pipeline - INFO - Tile tile_x15360_y4608: 核心遮罩全空 → 空白 placeholder
2026-07-26 13:08:18,023 - hybrid_pipeline - INFO - Tile tile_x16128_y4608: 核心遮罩全空 → 空白 placeholder
2026-07-26 13:08:18,029 - hybrid_pipeline - INFO - [162/576] 已回收 tile_x15360_y4608
2026-07-26 13:08:18,043 - hybrid_pipeline - INFO - [163/576] 已回收 tile_x16128_y4608
2026-07-26 13:08:18,060 - hybrid_pipeline - INFO - Tile tile_x17664_y4608: 核心遮罩全空 → 空白 placeholder
2026-07-26 13:08:18,072 - hybrid_pipeline - INFO - Tile tile_x0_y5376: 核心遮罩全空 → 空白 placeholder
2026-07-26 13:08:18,091 - hybrid_pipeline - INFO - [164/576] 已回收 tile_x17664_y4608
2026-07-26 13:08:18,119 - hybrid_pipeline - INFO - Tile tile_x768_y5376: 核心遮罩全空 → 空白 placeholder
2026-07-26 13:08:18,132 - hybrid_pipeline - INFO - [165/576] 已回收 tile_x768_y5376
2026-07-26 13:08:18,151 - hybrid_pipeline - INFO - [166/576] 已回收 tile_x13056_y3072
2026-07-26 13:08:18,162 - hybrid_pipeline - INFO - Tile tile_x3072_y5376: 核心遮罩全空 → 空白 placeholder
2026-07-26 13:08:18,182 - m3_module.m3_cells_generator - INFO - All-positive 標註完成: 3 個細胞
2026-07-26 13:08:18,218 - m3_module.m3_cells_generator - INFO - enlarge_cell_instances: 3 顆細胞, factor=1.50(面積), 中位半徑=18.4px, 外擴=4.1px
2026-07-26 13:08:18,354 - m3_module.m3_dot_detection - INFO - detect_all_dots: 紅點=0, 黑點=0, 涉及細胞=3
2026-07-26 13:08:18,396 - m4_module.cell_crops - INFO - 匯出 1 張 per-cell 影像至 /data/taro_Projects/tsgh/output/r7_run/cell_crops/tile_x15360_y3072/cells
2026-07-26 13:08:18,396 - hybrid_pipeline - INFO - Tile tile_x15360_y3072 完成: 核心擁有 1 細胞 (1 陽性), 1.86 秒
2026-07-26 13:08:18,396 - hybrid_pipeline - INFO - [167/576] 已回收 tile_x15360_y3072
2026-07-26 13:08:18,421 - hybrid_pipeline - INFO - Tile tile_x3840_y5376: 核心遮罩全空 → 空白 placeholder
2026-07-26 13:08:18,475 - hybrid_pipeline - INFO - [168/576] 已回收 tile_x3840_y5376
2026-07-26 13:08:18,503 - hybrid_pipeline - INFO - Tile tile_x4608_y5376: 核心遮罩全空 → 空白 placeholder
2026-07-26 13:08:18,579 - hybrid_pipeline - INFO - [169/576] 已回收 tile_x4608_y5376
2026-07-26 13:08:18,607 - hybrid_pipeline - INFO - Tile tile_x5376_y5376: 核心遮罩全空 → 空白 placeholder
2026-07-26 13:08:18,673 - hybrid_pipeline - INFO - [170/576] 已回收 tile_x5376_y5376
2026-07-26 13:08:18,707 - hybrid_pipeline - INFO - Tile tile_x6144_y5376: 核心遮罩全空 → 空白 placeholder
2026-07-26 13:08:18,738 - hybrid_pipeline - INFO - [171/576] 已回收 tile_x6144_y5376
2026-07-26 13:08:18,767 - hybrid_pipeline - INFO - Tile tile_x7680_y5376: 核心遮罩全空 → 空白 placeholder
2026-07-26 13:08:18,788 - hybrid_pipeline - INFO - [172/576] 已回收 tile_x7680_y5376
2026-07-26 13:08:18,821 - hybrid_pipeline - INFO - Tile tile_x6912_y5376: 核心遮罩全空 → 空白 placeholder
2026-07-26 13:08:18,829 - hybrid_pipeline - INFO - [173/576] 已回收 tile_x6912_y5376
2026-07-26 13:08:18,842 - hybrid_pipeline - INFO - [174/576] 已回收 tile_x16128_y3840
2026-07-26 13:08:18,861 - hybrid_pipeline - INFO - Tile tile_x8448_y5376: 核心遮罩全空 → 空白 placeholder
2026-07-26 13:08:18,872 - hybrid_pipeline - INFO - [175/576] 已回收 tile_x8448_y5376
2026-07-26 13:08:18,874 - m3_module.m3_cells_generator - INFO - All-positive 標註完成: 2 個細胞
2026-07-26 13:08:18,911 - hybrid_pipeline - INFO - Tile tile_x9216_y5376: 核心遮罩全空 → 空白 placeholder
2026-07-26 13:08:18,911 - m3_module.m3_cells_generator - INFO - enlarge_cell_instances: 2 顆細胞, factor=1.50(面積), 中位半徑=19.3px, 外擴=4.3px
2026-07-26 13:08:18,920 - hybrid_pipeline - INFO - [176/576] 已回收 tile_x9216_y5376
2026-07-26 13:08:18,946 - hybrid_pipeline - INFO - Tile tile_x11520_y5376: 核心遮罩全空 → 空白 placeholder
2026-07-26 13:08:18,961 - hybrid_pipeline - INFO - [177/576] 已回收 tile_x11520_y5376
2026-07-26 13:08:18,990 - hybrid_pipeline - INFO - Tile tile_x10752_y5376: 核心遮罩全空 → 空白 placeholder
2026-07-26 13:08:19,006 - hybrid_pipeline - INFO - [178/576] 已回收 tile_x10752_y5376
2026-07-26 13:08:19,037 - hybrid_pipeline - INFO - Tile tile_x12288_y5376: 核心遮罩全空 → 空白 placeholder
2026-07-26 13:08:19,053 - hybrid_pipeline - INFO - [179/576] 已回收 tile_x12288_y5376
2026-07-26 13:08:19,078 - m3_module.m3_dot_detection - INFO - detect_all_dots: 紅點=0, 黑點=0, 涉及細胞=2
2026-07-26 13:08:19,080 - hybrid_pipeline - INFO - Tile tile_x13056_y5376: 核心遮罩全空 → 空白 placeholder
2026-07-26 13:08:19,088 - hybrid_pipeline - INFO - [180/576] 已回收 tile_x13056_y5376
2026-07-26 13:08:19,113 - hybrid_pipeline - INFO - Tile tile_x13824_y5376: 核心遮罩全空 → 空白 placeholder
2026-07-26 13:08:19,121 - m4_module.cell_crops - INFO - 匯出 1 張 per-cell 影像至 /data/taro_Projects/tsgh/output/r7_run/cell_crops/tile_x15360_y3840/cells
2026-07-26 13:08:19,121 - hybrid_pipeline - INFO - Tile tile_x15360_y3840 完成: 核心擁有 1 細胞 (1 陽性), 1.94 秒
2026-07-26 13:08:19,121 - hybrid_pipeline - INFO - [181/576] 已回收 tile_x15360_y3840
2026-07-26 13:08:19,122 - hybrid_pipeline - INFO - [182/576] 已回收 tile_x13824_y5376
2026-07-26 13:08:19,154 - hybrid_pipeline - INFO - Tile tile_x16128_y5376: 核心遮罩全空 → 空白 placeholder
2026-07-26 13:08:19,156 - hybrid_pipeline - INFO - Tile tile_x9984_y5376: 核心遮罩全空 → 空白 placeholder
2026-07-26 13:08:19,202 - hybrid_pipeline - INFO - [183/576] 已回收 tile_x9984_y5376
2026-07-26 13:08:19,209 - hybrid_pipeline - INFO - [184/576] 已回收 tile_x16128_y5376
2026-07-26 13:08:19,232 - hybrid_pipeline - INFO - Tile tile_x14592_y5376: 核心遮罩全空 → 空白 placeholder
2026-07-26 13:08:19,238 - hybrid_pipeline - INFO - Tile tile_x17664_y5376: 核心遮罩全空 → 空白 placeholder
2026-07-26 13:08:19,293 - hybrid_pipeline - INFO - [185/576] 已回收 tile_x14592_y5376
2026-07-26 13:08:19,307 - hybrid_pipeline - INFO - [186/576] 已回收 tile_x17664_y5376
2026-07-26 13:08:19,322 - hybrid_pipeline - INFO - Tile tile_x15360_y5376: 核心遮罩全空 → 空白 placeholder
2026-07-26 13:08:19,337 - hybrid_pipeline - INFO - Tile tile_x16896_y5376: 核心遮罩全空 → 空白 placeholder
2026-07-26 13:08:19,548 - hybrid_pipeline - INFO - [187/576] 已回收 tile_x0_y5376
2026-07-26 13:08:19,579 - m3_module.m3_cells_generator - INFO - All-positive 標註完成: 6 個細胞
2026-07-26 13:08:19,614 - m3_module.m3_cells_generator - INFO - enlarge_cell_instances: 6 顆細胞, factor=1.50(面積), 中位半徑=16.8px, 外擴=3.8px
2026-07-26 13:08:19,615 - hybrid_pipeline - INFO - [188/576] 已回收 tile_x3072_y5376
2026-07-26 13:08:19,644 - m3_module.m3_cells_generator - INFO - All-positive 標註完成: 5 個細胞
2026-07-26 13:08:19,680 - m3_module.m3_cells_generator - INFO - enlarge_cell_instances: 5 顆細胞, factor=1.50(面積), 中位半徑=17.3px, 外擴=3.9px
2026-07-26 13:08:19,753 - m3_module.m3_dot_detection - INFO - detect_all_dots: 紅點=0, 黑點=0, 涉及細胞=6
2026-07-26 13:08:19,801 - m4_module.cell_crops - INFO - 匯出 4 張 per-cell 影像至 /data/taro_Projects/tsgh/output/r7_run/cell_crops/tile_x1536_y5376/cells
2026-07-26 13:08:19,802 - hybrid_pipeline - INFO - Tile tile_x1536_y5376 完成: 核心擁有 4 細胞 (4 陽性), 1.76 秒
2026-07-26 13:08:19,802 - hybrid_pipeline - INFO - [189/576] 已回收 tile_x1536_y5376
2026-07-26 13:08:19,825 - m3_module.m3_dot_detection - INFO - detect_all_dots: 紅點=0, 黑點=0, 涉及細胞=5
2026-07-26 13:08:19,833 - hybrid_pipeline - INFO - Tile tile_x1536_y6144: 核心遮罩全空 → 空白 placeholder
2026-07-26 13:08:19,844 - hybrid_pipeline - INFO - [190/576] 已回收 tile_x1536_y6144
2026-07-26 13:08:19,870 - m4_module.cell_crops - INFO - 匯出 2 張 per-cell 影像至 /data/taro_Projects/tsgh/output/r7_run/cell_crops/tile_x2304_y5376/cells
2026-07-26 13:08:19,870 - hybrid_pipeline - INFO - Tile tile_x2304_y5376 完成: 核心擁有 2 細胞 (2 陽性), 1.74 秒
2026-07-26 13:08:19,871 - hybrid_pipeline - INFO - [191/576] 已回收 tile_x2304_y5376
2026-07-26 13:08:19,872 - hybrid_pipeline - INFO - Tile tile_x4608_y6144: 核心遮罩全空 → 空白 placeholder
2026-07-26 13:08:19,883 - hybrid_pipeline - INFO - [192/576] 已回收 tile_x4608_y6144
2026-07-26 13:08:19,901 - hybrid_pipeline - INFO - Tile tile_x2304_y6144: 核心遮罩全空 → 空白 placeholder
2026-07-26 13:08:19,909 - hybrid_pipeline - INFO - Tile tile_x3072_y6144: 核心遮罩全空 → 空白 placeholder
2026-07-26 13:08:19,917 - hybrid_pipeline - INFO - [193/576] 已回收 tile_x2304_y6144
2026-07-26 13:08:19,941 - hybrid_pipeline - INFO - [194/576] 已回收 tile_x3072_y6144
2026-07-26 13:08:19,947 - hybrid_pipeline - INFO - Tile tile_x3840_y6144: 核心遮罩全空 → 空白 placeholder
2026-07-26 13:08:19,971 - hybrid_pipeline - INFO - Tile tile_x5376_y6144: 核心遮罩全空 → 空白 placeholder
2026-07-26 13:08:20,007 - hybrid_pipeline - INFO - [195/576] 已回收 tile_x3840_y6144
2026-07-26 13:08:20,032 - hybrid_pipeline - INFO - [196/576] 已回收 tile_x5376_y6144
2026-07-26 13:08:20,036 - hybrid_pipeline - INFO - Tile tile_x6144_y6144: 核心遮罩全空 → 空白 placeholder
2026-07-26 13:08:20,059 - hybrid_pipeline - INFO - Tile tile_x6912_y6144: 核心遮罩全空 → 空白 placeholder
2026-07-26 13:08:20,100 - hybrid_pipeline - INFO - [197/576] 已回收 tile_x6144_y6144
2026-07-26 13:08:20,124 - hybrid_pipeline - INFO - [198/576] 已回收 tile_x6912_y6144
2026-07-26 13:08:20,129 - hybrid_pipeline - INFO - Tile tile_x7680_y6144: 核心遮罩全空 → 空白 placeholder
2026-07-26 13:08:20,153 - hybrid_pipeline - INFO - Tile tile_x11520_y6144: 核心遮罩全空 → 空白 placeholder
2026-07-26 13:08:20,195 - hybrid_pipeline - INFO - [199/576] 已回收 tile_x7680_y6144
2026-07-26 13:08:20,211 - hybrid_pipeline - INFO - [200/576] 已回收 tile_x11520_y6144
2026-07-26 13:08:20,225 - hybrid_pipeline - INFO - Tile tile_x8448_y6144: 核心遮罩全空 → 空白 placeholder
2026-07-26 13:08:20,241 - hybrid_pipeline - INFO - Tile tile_x9984_y6144: 核心遮罩全空 → 空白 placeholder
2026-07-26 13:08:20,264 - hybrid_pipeline - INFO - [201/576] 已回收 tile_x8448_y6144
2026-07-26 13:08:20,271 - hybrid_pipeline - INFO - [202/576] 已回收 tile_x9984_y6144
2026-07-26 13:08:20,292 - hybrid_pipeline - INFO - Tile tile_x9216_y6144: 核心遮罩全空 → 空白 placeholder
2026-07-26 13:08:20,301 - hybrid_pipeline - INFO - Tile tile_x10752_y6144: 核心遮罩全空 → 空白 placeholder
2026-07-26 13:08:20,322 - hybrid_pipeline - INFO - [203/576] 已回收 tile_x9216_y6144
2026-07-26 13:08:20,332 - hybrid_pipeline - INFO - [204/576] 已回收 tile_x10752_y6144
2026-07-26 13:08:20,355 - hybrid_pipeline - INFO - Tile tile_x12288_y6144: 核心遮罩全空 → 空白 placeholder
2026-07-26 13:08:20,356 - hybrid_pipeline - INFO - [205/576] 已回收 tile_x15360_y5376
2026-07-26 13:08:20,364 - hybrid_pipeline - INFO - Tile tile_x13056_y6144: 核心遮罩全空 → 空白 placeholder
2026-07-26 13:08:20,367 - hybrid_pipeline - INFO - [206/576] 已回收 tile_x12288_y6144
2026-07-26 13:08:20,384 - m3_module.m3_cells_generator - INFO - All-positive 標註完成: 10 個細胞
2026-07-26 13:08:20,391 - hybrid_pipeline - INFO - [207/576] 已回收 tile_x13056_y6144
2026-07-26 13:08:20,397 - hybrid_pipeline - INFO - Tile tile_x15360_y6144: 核心遮罩全空 → 空白 placeholder
2026-07-26 13:08:20,400 - hybrid_pipeline - INFO - [208/576] 已回收 tile_x16896_y5376
2026-07-26 13:08:20,422 - m3_module.m3_cells_generator - INFO - enlarge_cell_instances: 10 顆細胞, factor=1.50(面積), 中位半徑=19.1px, 外擴=4.3px
2026-07-26 13:08:20,423 - hybrid_pipeline - INFO - Tile tile_x13824_y6144: 核心遮罩全空 → 空白 placeholder
2026-07-26 13:08:20,429 - m3_module.m3_cells_generator - INFO - All-positive 標註完成: 22 個細胞
2026-07-26 13:08:20,442 - hybrid_pipeline - INFO - [209/576] 已回收 tile_x15360_y6144
2026-07-26 13:08:20,446 - m3_module.m3_elastic_matching - INFO - elastic_dish_nucleus_matching(overlap-first): IHC=10, DISH=2, matched(1核)=0 (其中重疊=0), drop-out(競爭落敗)=0, 無候選(計入)=10, factor=1.50, min_reach=20.0
2026-07-26 13:08:20,461 - hybrid_pipeline - INFO - [210/576] 已回收 tile_x13824_y6144
2026-07-26 13:08:20,469 - m3_module.m3_cells_generator - INFO - enlarge_cell_instances: 22 顆細胞, factor=1.50(面積), 中位半徑=20.6px, 外擴=4.6px
2026-07-26 13:08:20,474 - hybrid_pipeline - INFO - Tile tile_x14592_y6144: 核心遮罩全空 → 空白 placeholder
2026-07-26 13:08:20,492 - hybrid_pipeline - INFO - Tile tile_x16896_y6144: 核心遮罩全空 → 空白 placeholder
2026-07-26 13:08:20,496 - m3_module.m3_elastic_matching - INFO - elastic_dish_nucleus_matching(overlap-first): IHC=22, DISH=1, matched(1核)=0 (其中重疊=0), drop-out(競爭落敗)=0, 無候選(計入)=22, factor=1.50, min_reach=20.0
2026-07-26 13:08:20,570 - m3_module.m3_dot_detection - INFO - detect_all_dots: 紅點=0, 黑點=0, 涉及細胞=10
2026-07-26 13:08:20,617 - m3_module.m3_dot_detection - INFO - detect_all_dots: 紅點=0, 黑點=0, 涉及細胞=22
2026-07-26 13:08:20,646 - m4_module.cell_crops - INFO - 匯出 1 張 per-cell 影像至 /data/taro_Projects/tsgh/output/r7_run/cell_crops/tile_x0_y6144/cells
2026-07-26 13:08:20,646 - hybrid_pipeline - INFO - Tile tile_x0_y6144 完成: 核心擁有 1 細胞 (1 陽性), 1.35 秒
2026-07-26 13:08:20,646 - hybrid_pipeline - INFO - [211/576] 已回收 tile_x0_y6144
2026-07-26 13:08:20,672 - hybrid_pipeline - INFO - Tile tile_x16128_y6144: 核心遮罩全空 → 空白 placeholder
2026-07-26 13:08:20,695 - m4_module.cell_crops - INFO - 匯出 12 張 per-cell 影像至 /data/taro_Projects/tsgh/output/r7_run/cell_crops/tile_x768_y6144/cells
2026-07-26 13:08:20,695 - hybrid_pipeline - INFO - Tile tile_x768_y6144 完成: 核心擁有 12 細胞 (12 陽性), 1.39 秒
2026-07-26 13:08:20,695 - hybrid_pipeline - INFO - [212/576] 已回收 tile_x768_y6144
2026-07-26 13:08:20,720 - hybrid_pipeline - INFO - Tile tile_x17664_y6144: 核心遮罩全空 → 空白 placeholder
2026-07-26 13:08:21,373 - hybrid_pipeline - INFO - [213/576] 已回收 tile_x14592_y6144
2026-07-26 13:08:21,399 - m3_module.m3_cells_generator - INFO - All-positive 標註完成: 23 個細胞
2026-07-26 13:08:21,442 - m3_module.m3_cells_generator - INFO - enlarge_cell_instances: 23 顆細胞, factor=1.50(面積), 中位半徑=18.0px, 外擴=4.0px
2026-07-26 13:08:21,470 - m3_module.m3_elastic_matching - INFO - elastic_dish_nucleus_matching(overlap-first): IHC=23, DISH=17, matched(1核)=1 (其中重疊=1), drop-out(競爭落敗)=0, 無候選(計入)=22, factor=1.50, min_reach=20.0
2026-07-26 13:08:21,551 - hybrid_pipeline - INFO - [214/576] 已回收 tile_x16896_y6144
2026-07-26 13:08:21,580 - hybrid_pipeline - INFO - [215/576] 已回收 tile_x17664_y6144
2026-07-26 13:08:21,582 - m3_module.m3_cells_generator - INFO - All-positive 標註完成: 46 個細胞
2026-07-26 13:08:21,589 - m3_module.m3_dot_detection - INFO - detect_all_dots: 紅點=0, 黑點=0, 涉及細胞=23
2026-07-26 13:08:21,610 - m3_module.m3_cells_generator - INFO - All-positive 標註完成: 3 個細胞
2026-07-26 13:08:21,632 - m3_module.m3_cells_generator - INFO - enlarge_cell_instances: 46 顆細胞, factor=1.50(面積), 中位半徑=22.0px, 外擴=4.9px
2026-07-26 13:08:21,645 - m3_module.m3_cells_generator - INFO - enlarge_cell_instances: 3 顆細胞, factor=1.50(面積), 中位半徑=15.4px, 外擴=3.5px
2026-07-26 13:08:21,670 - m3_module.m3_elastic_matching - INFO - elastic_dish_nucleus_matching(overlap-first): IHC=46, DISH=244, matched(1核)=16 (其中重疊=16), drop-out(競爭落敗)=0, 無候選(計入)=30, factor=1.50, min_reach=20.0
2026-07-26 13:08:21,699 - m4_module.cell_crops - INFO - 匯出 10 張 per-cell 影像至 /data/taro_Projects/tsgh/output/r7_run/cell_crops/tile_x0_y6912/cells
2026-07-26 13:08:21,699 - hybrid_pipeline - INFO - Tile tile_x0_y6912 完成: 核心擁有 10 細胞 (10 陽性), 1.26 秒
2026-07-26 13:08:21,699 - hybrid_pipeline - INFO - [216/576] 已回收 tile_x0_y6912
2026-07-26 13:08:21,726 - hybrid_pipeline - INFO - Tile tile_x3840_y6912: 核心遮罩全空 → 空白 placeholder
2026-07-26 13:08:21,759 - hybrid_pipeline - INFO - [217/576] 已回收 tile_x3840_y6912
2026-07-26 13:08:21,787 - m3_module.m3_dot_detection - INFO - detect_all_dots: 紅點=0, 黑點=0, 涉及細胞=3
2026-07-26 13:08:21,787 - hybrid_pipeline - INFO - Tile tile_x6144_y6912: 核心遮罩全空 → 空白 placeholder
2026-07-26 13:08:21,800 - m3_module.m3_dot_detection - INFO - detect_all_dots: 紅點=0, 黑點=0, 涉及細胞=46
2026-07-26 13:08:21,825 - hybrid_pipeline - INFO - [218/576] 已回收 tile_x6144_y6912
2026-07-26 13:08:21,827 - m4_module.cell_crops - INFO - 匯出 0 張 per-cell 影像至 /data/taro_Projects/tsgh/output/r7_run/cell_crops/tile_x1536_y6912/cells
2026-07-26 13:08:21,827 - hybrid_pipeline - INFO - Tile tile_x1536_y6912 完成: 核心擁有 0 細胞 (0 陽性), 1.13 秒
2026-07-26 13:08:21,828 - hybrid_pipeline - INFO - [219/576] 已回收 tile_x1536_y6912
2026-07-26 13:08:21,835 - hybrid_pipeline - INFO - [220/576] 已回收 tile_x16128_y6144
2026-07-26 13:08:21,859 - hybrid_pipeline - INFO - Tile tile_x5376_y6912: 核心遮罩全空 → 空白 placeholder
2026-07-26 13:08:21,859 - hybrid_pipeline - INFO - Tile tile_x4608_y6912: 核心遮罩全空 → 空白 placeholder
2026-07-26 13:08:21,867 - m3_module.m3_cells_generator - INFO - All-positive 標註完成: 20 個細胞
2026-07-26 13:08:21,881 - hybrid_pipeline - INFO - [221/576] 已回收 tile_x5376_y6912
2026-07-26 13:08:21,897 - hybrid_pipeline - INFO - [222/576] 已回收 tile_x4608_y6912
2026-07-26 13:08:21,913 - m3_module.m3_cells_generator - INFO - enlarge_cell_instances: 20 顆細胞, factor=1.50(面積), 中位半徑=24.5px, 外擴=5.5px
2026-07-26 13:08:21,915 - hybrid_pipeline - INFO - Tile tile_x6912_y6912: 核心遮罩全空 → 空白 placeholder
2026-07-26 13:08:21,925 - hybrid_pipeline - INFO - Tile tile_x9216_y6912: 核心遮罩全空 → 空白 placeholder
2026-07-26 13:08:21,938 - hybrid_pipeline - INFO - [223/576] 已回收 tile_x6912_y6912
2026-07-26 13:08:21,950 - m3_module.m3_elastic_matching - INFO - elastic_dish_nucleus_matching(overlap-first): IHC=20, DISH=618, matched(1核)=20 (其中重疊=20), drop-out(競爭落敗)=0, 無候選(計入)=0, factor=1.50, min_reach=20.0
2026-07-26 13:08:21,952 - m4_module.cell_crops - INFO - 匯出 31 張 per-cell 影像至 /data/taro_Projects/tsgh/output/r7_run/cell_crops/tile_x768_y6912/cells
2026-07-26 13:08:21,952 - hybrid_pipeline - INFO - Tile tile_x768_y6912 完成: 核心擁有 31 細胞 (31 陽性), 1.49 秒
2026-07-26 13:08:21,955 - hybrid_pipeline - INFO - [224/576] 已回收 tile_x9216_y6912
2026-07-26 13:08:21,967 - hybrid_pipeline - INFO - Tile tile_x8448_y6912: 核心遮罩全空 → 空白 placeholder
2026-07-26 13:08:21,978 - hybrid_pipeline - INFO - Tile tile_x9984_y6912: 核心遮罩全空 → 空白 placeholder
2026-07-26 13:08:21,988 - hybrid_pipeline - INFO - [225/576] 已回收 tile_x8448_y6912
2026-07-26 13:08:22,000 - hybrid_pipeline - INFO - [226/576] 已回收 tile_x9984_y6912
2026-07-26 13:08:22,019 - hybrid_pipeline - INFO - Tile tile_x10752_y6912: 核心遮罩全空 → 空白 placeholder
2026-07-26 13:08:22,029 - hybrid_pipeline - INFO - Tile tile_x13056_y6912: 核心遮罩全空 → 空白 placeholder
2026-07-26 13:08:22,040 - hybrid_pipeline - INFO - [227/576] 已回收 tile_x10752_y6912
2026-07-26 13:08:22,048 - hybrid_pipeline - INFO - [228/576] 已回收 tile_x13056_y6912
2026-07-26 13:08:22,076 - hybrid_pipeline - INFO - Tile tile_x11520_y6912: 核心遮罩全空 → 空白 placeholder
2026-07-26 13:08:22,077 - m3_module.m3_dot_detection - INFO - detect_all_dots: 紅點=0, 黑點=0, 涉及細胞=20
2026-07-26 13:08:22,079 - hybrid_pipeline - INFO - Tile tile_x12288_y6912: 核心遮罩全空 → 空白 placeholder
2026-07-26 13:08:22,094 - hybrid_pipeline - INFO - [229/576] 已回收 tile_x11520_y6912
2026-07-26 13:08:22,121 - hybrid_pipeline - INFO - Tile tile_x14592_y6912: 核心遮罩全空 → 空白 placeholder
2026-07-26 13:08:22,123 - hybrid_pipeline - INFO - [230/576] 已回收 tile_x12288_y6912
2026-07-26 13:08:22,150 - hybrid_pipeline - INFO - Tile tile_x15360_y6912: 核心遮罩全空 → 空白 placeholder
2026-07-26 13:08:22,160 - hybrid_pipeline - INFO - [231/576] 已回收 tile_x14592_y6912
2026-07-26 13:08:22,179 - m4_module.cell_crops - INFO - 匯出 8 張 per-cell 影像至 /data/taro_Projects/tsgh/output/r7_run/cell_crops/tile_x2304_y6912/cells
2026-07-26 13:08:22,180 - hybrid_pipeline - INFO - Tile tile_x2304_y6912 完成: 核心擁有 8 細胞 (8 陽性), 1.53 秒
2026-07-26 13:08:22,180 - hybrid_pipeline - INFO - [232/576] 已回收 tile_x2304_y6912
2026-07-26 13:08:22,189 - hybrid_pipeline - INFO - [233/576] 已回收 tile_x15360_y6912
2026-07-26 13:08:22,193 - hybrid_pipeline - INFO - Tile tile_x16128_y6912: 核心遮罩全空 → 空白 placeholder
2026-07-26 13:08:22,207 - hybrid_pipeline - INFO - Tile tile_x7680_y6912: 核心遮罩全空 → 空白 placeholder
2026-07-26 13:08:22,219 - hybrid_pipeline - INFO - Tile tile_x13824_y6912: 核心遮罩全空 → 空白 placeholder
2026-07-26 13:08:22,247 - hybrid_pipeline - INFO - [234/576] 已回收 tile_x16128_y6912
2026-07-26 13:08:22,265 - hybrid_pipeline - INFO - [235/576] 已回收 tile_x7680_y6912
2026-07-26 13:08:22,277 - hybrid_pipeline - INFO - Tile tile_x17664_y6912: 核心遮罩全空 → 空白 placeholder
2026-07-26 13:08:22,294 - hybrid_pipeline - INFO - Tile tile_x16896_y6912: 核心遮罩全空 → 空白 placeholder
2026-07-26 13:08:22,813 - hybrid_pipeline - INFO - [236/576] 已回收 tile_x768_y6912
2026-07-26 13:08:22,837 - m3_module.m3_cells_generator - INFO - All-positive 標註完成: 6 個細胞
2026-07-26 13:08:22,869 - m3_module.m3_cells_generator - INFO - enlarge_cell_instances: 6 顆細胞, factor=1.50(面積), 中位半徑=24.4px, 外擴=5.5px
2026-07-26 13:08:22,898 - m3_module.m3_elastic_matching - INFO - elastic_dish_nucleus_matching(overlap-first): IHC=6, DISH=319, matched(1核)=6 (其中重疊=6), drop-out(競爭落敗)=0, 無候選(計入)=0, factor=1.50, min_reach=20.0
2026-07-26 13:08:23,009 - m3_module.m3_dot_detection - INFO - detect_all_dots: 紅點=0, 黑點=0, 涉及細胞=6
2026-07-26 13:08:23,079 - m4_module.cell_crops - INFO - 匯出 0 張 per-cell 影像至 /data/taro_Projects/tsgh/output/r7_run/cell_crops/tile_x3072_y6912/cells
2026-07-26 13:08:23,079 - hybrid_pipeline - INFO - Tile tile_x3072_y6912 完成: 核心擁有 0 細胞 (0 陽性), 1.53 秒
2026-07-26 13:08:23,079 - hybrid_pipeline - INFO - [237/576] 已回收 tile_x3072_y6912
2026-07-26 13:08:23,102 - hybrid_pipeline - INFO - Tile tile_x3840_y7680: 核心遮罩全空 → 空白 placeholder
2026-07-26 13:08:23,219 - hybrid_pipeline - INFO - [238/576] 已回收 tile_x13824_y6912
2026-07-26 13:08:23,250 - m3_module.m3_cells_generator - INFO - All-positive 標註完成: 14 個細胞
2026-07-26 13:08:23,287 - m3_module.m3_cells_generator - INFO - enlarge_cell_instances: 14 顆細胞, factor=1.50(面積), 中位半徑=15.2px, 外擴=3.4px
2026-07-26 13:08:23,306 - hybrid_pipeline - INFO - [239/576] 已回收 tile_x16896_y6912
2026-07-26 13:08:23,314 - m3_module.m3_elastic_matching - INFO - elastic_dish_nucleus_matching(overlap-first): IHC=14, DISH=1, matched(1核)=1 (其中重疊=1), drop-out(競爭落敗)=1, 無候選(計入)=12, factor=1.50, min_reach=20.0
2026-07-26 13:08:23,336 - m3_module.m3_cells_generator - INFO - All-positive 標註完成: 71 個細胞
2026-07-26 13:08:23,343 - hybrid_pipeline - INFO - [240/576] 已回收 tile_x17664_y6912
2026-07-26 13:08:23,375 - m3_module.m3_cells_generator - INFO - All-positive 標註完成: 52 個細胞
2026-07-26 13:08:23,394 - m3_module.m3_cells_generator - INFO - enlarge_cell_instances: 71 顆細胞, factor=1.50(面積), 中位半徑=22.6px, 外擴=5.1px
2026-07-26 13:08:23,425 - m3_module.m3_cells_generator - INFO - enlarge_cell_instances: 52 顆細胞, factor=1.50(面積), 中位半徑=22.0px, 外擴=4.9px
2026-07-26 13:08:23,426 - m3_module.m3_elastic_matching - INFO - elastic_dish_nucleus_matching(overlap-first): IHC=71, DISH=127, matched(1核)=15 (其中重疊=15), drop-out(競爭落敗)=3, 無候選(計入)=53, factor=1.50, min_reach=20.0
2026-07-26 13:08:23,447 - m3_module.m3_dot_detection - INFO - detect_all_dots: 紅點=0, 黑點=1, 涉及細胞=14
2026-07-26 13:08:23,455 - m3_module.m3_elastic_matching - INFO - elastic_dish_nucleus_matching(overlap-first): IHC=52, DISH=210, matched(1核)=20 (其中重疊=18), drop-out(競爭落敗)=2, 無候選(計入)=30, factor=1.50, min_reach=20.0
2026-07-26 13:08:23,523 - m4_module.cell_crops - INFO - 匯出 2 張 per-cell 影像至 /data/taro_Projects/tsgh/output/r7_run/cell_crops/tile_x0_y7680/cells
2026-07-26 13:08:23,523 - hybrid_pipeline - INFO - Tile tile_x0_y7680 完成: 核心擁有 2 細胞 (2 陽性), 1.33 秒
2026-07-26 13:08:23,558 - m3_module.m3_dot_detection - INFO - detect_all_dots: 紅點=1, 黑點=2, 涉及細胞=71
2026-07-26 13:08:23,581 - m3_module.m3_dot_detection - INFO - detect_all_dots: 紅點=0, 黑點=1, 涉及細胞=52
2026-07-26 13:08:23,631 - cellpose.dynamics - INFO - No cell pixels found.
2026-07-26 13:08:23,731 - m4_module.cell_crops - INFO - 匯出 15 張 per-cell 影像至 /data/taro_Projects/tsgh/output/r7_run/cell_crops/tile_x768_y7680/cells
2026-07-26 13:08:23,731 - hybrid_pipeline - INFO - Tile tile_x768_y7680 完成: 核心擁有 15 細胞 (15 陽性), 1.48 秒
2026-07-26 13:08:23,732 - hybrid_pipeline - INFO - [241/576] 已回收 tile_x768_y7680
2026-07-26 13:08:23,761 - hybrid_pipeline - INFO - Tile tile_x4608_y7680: 核心遮罩全空 → 空白 placeholder
2026-07-26 13:08:23,794 - m4_module.cell_crops - INFO - 匯出 44 張 per-cell 影像至 /data/taro_Projects/tsgh/output/r7_run/cell_crops/tile_x1536_y7680/cells
2026-07-26 13:08:23,794 - hybrid_pipeline - INFO - Tile tile_x1536_y7680 完成: 核心擁有 44 細胞 (44 陽性), 1.53 秒
2026-07-26 13:08:23,794 - hybrid_pipeline - INFO - [242/576] 已回收 tile_x4608_y7680
2026-07-26 13:08:23,818 - hybrid_pipeline - INFO - Tile tile_x6144_y7680: 核心遮罩全空 → 空白 placeholder
2026-07-26 13:08:23,882 - hybrid_pipeline - INFO - [243/576] 已回收 tile_x6144_y7680
2026-07-26 13:08:23,910 - hybrid_pipeline - INFO - Tile tile_x6912_y7680: 核心遮罩全空 → 空白 placeholder
2026-07-26 13:08:23,924 - hybrid_pipeline - INFO - [244/576] 已回收 tile_x3840_y7680
2026-07-26 13:08:23,949 - m3_module.m3_cells_generator - INFO - All-positive 標註完成: 66 個細胞
2026-07-26 13:08:23,964 - hybrid_pipeline - INFO - [245/576] 已回收 tile_x6912_y7680
2026-07-26 13:08:23,993 - m3_module.m3_cells_generator - INFO - enlarge_cell_instances: 66 顆細胞, factor=1.50(面積), 中位半徑=22.8px, 外擴=5.1px
2026-07-26 13:08:23,994 - hybrid_pipeline - INFO - Tile tile_x7680_y7680: 核心遮罩全空 → 空白 placeholder
2026-07-26 13:08:24,022 - m3_module.m3_elastic_matching - INFO - elastic_dish_nucleus_matching(overlap-first): IHC=66, DISH=5, matched(1核)=2 (其中重疊=2), drop-out(競爭落敗)=1, 無候選(計入)=63, factor=1.50, min_reach=20.0
2026-07-26 13:08:24,036 - hybrid_pipeline - INFO - [246/576] 已回收 tile_x7680_y7680
2026-07-26 13:08:24,067 - hybrid_pipeline - INFO - Tile tile_x10752_y7680: 核心遮罩全空 → 空白 placeholder
2026-07-26 13:08:24,083 - hybrid_pipeline - INFO - [247/576] 已回收 tile_x10752_y7680
2026-07-26 13:08:24,114 - hybrid_pipeline - INFO - Tile tile_x9984_y7680: 核心遮罩全空 → 空白 placeholder
2026-07-26 13:08:24,127 - hybrid_pipeline - INFO - [248/576] 已回收 tile_x1536_y7680
2026-07-26 13:08:24,131 - hybrid_pipeline - INFO - [249/576] 已回收 tile_x9984_y7680
2026-07-26 13:08:24,132 - m3_module.m3_cells_generator - INFO - All-positive 標註完成: 0 個細胞
2026-07-26 13:08:24,151 - m3_module.m3_dot_detection - INFO - detect_all_dots: 紅點=0, 黑點=0, 涉及細胞=66
2026-07-26 13:08:24,161 - hybrid_pipeline - INFO - Tile tile_x8448_y7680: 核心遮罩全空 → 空白 placeholder
2026-07-26 13:08:24,190 - hybrid_pipeline - INFO - [250/576] 已回收 tile_x8448_y7680
2026-07-26 13:08:24,193 - hybrid_pipeline - INFO - [251/576] 已回收 tile_x0_y7680
2026-07-26 13:08:24,217 - m3_module.m3_cells_generator - INFO - All-positive 標註完成: 125 個細胞
2026-07-26 13:08:24,219 - hybrid_pipeline - INFO - Tile tile_x12288_y7680: 核心遮罩全空 → 空白 placeholder
2026-07-26 13:08:24,240 - hybrid_pipeline - INFO - [252/576] 已回收 tile_x12288_y7680
2026-07-26 13:08:24,269 - hybrid_pipeline - INFO - Tile tile_x13056_y7680: 核心遮罩全空 → 空白 placeholder
2026-07-26 13:08:24,273 - m3_module.m3_cells_generator - INFO - enlarge_cell_instances: 125 顆細胞, factor=1.50(面積), 中位半徑=23.0px, 外擴=5.2px
2026-07-26 13:08:24,275 - hybrid_pipeline - INFO - [253/576] 已回收 tile_x13056_y7680
2026-07-26 13:08:24,276 - m3_module.m3_dot_detection - INFO - detect_all_dots: 紅點=0, 黑點=0, 涉及細胞=0
2026-07-26 13:08:24,302 - m3_module.m3_elastic_matching - INFO - elastic_dish_nucleus_matching(overlap-first): IHC=125, DISH=44, matched(1核)=10 (其中重疊=10), drop-out(競爭落敗)=8, 無候選(計入)=107, factor=1.50, min_reach=20.0
2026-07-26 13:08:24,304 - hybrid_pipeline - INFO - Tile tile_x16896_y7680: 核心遮罩全空 → 空白 placeholder
2026-07-26 13:08:24,307 - m4_module.cell_crops - INFO - 匯出 0 張 per-cell 影像至 /data/taro_Projects/tsgh/output/r7_run/cell_crops/tile_x5376_y7680/cells
2026-07-26 13:08:24,307 - hybrid_pipeline - INFO - Tile tile_x5376_y7680 完成: 核心擁有 0 細胞 (0 陽性), 1.00 秒
2026-07-26 13:08:24,308 - hybrid_pipeline - INFO - [254/576] 已回收 tile_x5376_y7680
2026-07-26 13:08:24,309 - hybrid_pipeline - INFO - [255/576] 已回收 tile_x16896_y7680
2026-07-26 13:08:24,314 - m4_module.cell_crops - INFO - 匯出 31 張 per-cell 影像至 /data/taro_Projects/tsgh/output/r7_run/cell_crops/tile_x3072_y7680/cells
2026-07-26 13:08:24,314 - hybrid_pipeline - INFO - Tile tile_x3072_y7680 完成: 核心擁有 31 細胞 (31 陽性), 1.24 秒
2026-07-26 13:08:24,314 - hybrid_pipeline - INFO - [256/576] 已回收 tile_x3072_y7680
2026-07-26 13:08:24,333 - hybrid_pipeline - INFO - Tile tile_x9216_y7680: 核心遮罩全空 → 空白 placeholder
2026-07-26 13:08:24,335 - hybrid_pipeline - INFO - Tile tile_x13824_y7680: 核心遮罩全空 → 空白 placeholder
2026-07-26 13:08:24,340 - hybrid_pipeline - INFO - Tile tile_x11520_y7680: 核心遮罩全空 → 空白 placeholder
2026-07-26 13:08:24,370 - hybrid_pipeline - INFO - [257/576] 已回收 tile_x9216_y7680
2026-07-26 13:08:24,379 - hybrid_pipeline - INFO - [258/576] 已回收 tile_x13824_y7680
2026-07-26 13:08:24,383 - hybrid_pipeline - INFO - [259/576] 已回收 tile_x11520_y7680
2026-07-26 13:08:24,405 - hybrid_pipeline - INFO - Tile tile_x15360_y7680: 核心遮罩全空 → 空白 placeholder
2026-07-26 13:08:24,409 - hybrid_pipeline - INFO - Tile tile_x17664_y7680: 核心遮罩全空 → 空白 placeholder
2026-07-26 13:08:24,410 - hybrid_pipeline - INFO - Tile tile_x14592_y7680: 核心遮罩全空 → 空白 placeholder
2026-07-26 13:08:24,434 - m3_module.m3_dot_detection - INFO - detect_all_dots: 紅點=0, 黑點=1, 涉及細胞=125
2026-07-26 13:08:24,718 - m4_module.cell_crops - INFO - 匯出 73 張 per-cell 影像至 /data/taro_Projects/tsgh/output/r7_run/cell_crops/tile_x2304_y7680/cells
2026-07-26 13:08:24,718 - hybrid_pipeline - INFO - Tile tile_x2304_y7680 完成: 核心擁有 73 細胞 (73 陽性), 1.50 秒
2026-07-26 13:08:24,719 - hybrid_pipeline - INFO - [260/576] 已回收 tile_x2304_y7680
2026-07-26 13:08:24,746 - hybrid_pipeline - INFO - Tile tile_x16128_y7680: 核心遮罩全空 → 空白 placeholder
2026-07-26 13:08:25,344 - hybrid_pipeline - INFO - [261/576] 已回收 tile_x15360_y7680
2026-07-26 13:08:25,373 - m3_module.m3_cells_generator - INFO - All-positive 標註完成: 112 個細胞
2026-07-26 13:08:25,430 - m3_module.m3_cells_generator - INFO - enlarge_cell_instances: 112 顆細胞, factor=1.50(面積), 中位半徑=26.0px, 外擴=5.9px
2026-07-26 13:08:25,465 - m3_module.m3_elastic_matching - INFO - elastic_dish_nucleus_matching(overlap-first): IHC=112, DISH=21, matched(1核)=20 (其中重疊=20), drop-out(競爭落敗)=6, 無候選(計入)=86, factor=1.50, min_reach=20.0
2026-07-26 13:08:25,510 - hybrid_pipeline - INFO - [262/576] 已回收 tile_x17664_y7680
2026-07-26 13:08:25,514 - hybrid_pipeline - INFO - [263/576] 已回收 tile_x14592_y7680
2026-07-26 13:08:25,544 - m3_module.m3_cells_generator - INFO - All-positive 標註完成: 99 個細胞
2026-07-26 13:08:25,549 - m3_module.m3_cells_generator - INFO - All-positive 標註完成: 41 個細胞
2026-07-26 13:08:25,596 - m3_module.m3_cells_generator - INFO - enlarge_cell_instances: 41 顆細胞, factor=1.50(面積), 中位半徑=19.6px, 外擴=4.4px
2026-07-26 13:08:25,607 - m3_module.m3_cells_generator - INFO - enlarge_cell_instances: 99 顆細胞, factor=1.50(面積), 中位半徑=26.0px, 外擴=5.8px
2026-07-26 13:08:25,629 - m3_module.m3_elastic_matching - INFO - elastic_dish_nucleus_matching(overlap-first): IHC=41, DISH=10, matched(1核)=10 (其中重疊=10), drop-out(競爭落敗)=7, 無候選(計入)=24, factor=1.50, min_reach=20.0
2026-07-26 13:08:25,638 - m3_module.m3_elastic_matching - INFO - elastic_dish_nucleus_matching(overlap-first): IHC=99, DISH=8, matched(1核)=7 (其中重疊=7), drop-out(競爭落敗)=5, 無候選(計入)=87, factor=1.50, min_reach=20.0
2026-07-26 13:08:25,664 - m3_module.m3_dot_detection - INFO - detect_all_dots: 紅點=25, 黑點=35, 涉及細胞=112
2026-07-26 13:08:25,686 - hybrid_pipeline - INFO - [264/576] 已回收 tile_x16128_y7680
2026-07-26 13:08:25,721 - m3_module.m3_cells_generator - INFO - All-positive 標註完成: 105 個細胞
2026-07-26 13:08:25,775 - m3_module.m3_cells_generator - INFO - enlarge_cell_instances: 105 顆細胞, factor=1.50(面積), 中位半徑=24.7px, 外擴=5.5px
2026-07-26 13:08:25,788 - m3_module.m3_dot_detection - INFO - detect_all_dots: 紅點=5, 黑點=7, 涉及細胞=99
2026-07-26 13:08:25,803 - m3_module.m3_elastic_matching - INFO - elastic_dish_nucleus_matching(overlap-first): IHC=105, DISH=14, matched(1核)=13 (其中重疊=13), drop-out(競爭落敗)=6, 無候選(計入)=86, factor=1.50, min_reach=20.0
2026-07-26 13:08:25,810 - m3_module.m3_dot_detection - INFO - detect_all_dots: 紅點=18, 黑點=27, 涉及細胞=41
2026-07-26 13:08:25,940 - m3_module.m3_dot_detection - INFO - detect_all_dots: 紅點=6, 黑點=7, 涉及細胞=105
2026-07-26 13:08:25,957 - m4_module.cell_crops - INFO - 匯出 15 張 per-cell 影像至 /data/taro_Projects/tsgh/output/r7_run/cell_crops/tile_x0_y8448/cells
2026-07-26 13:08:25,957 - hybrid_pipeline - INFO - Tile tile_x0_y8448 完成: 核心擁有 15 細胞 (15 陽性), 1.58 秒
2026-07-26 13:08:25,958 - hybrid_pipeline - INFO - [265/576] 已回收 tile_x0_y8448
2026-07-26 13:08:25,984 - hybrid_pipeline - INFO - Tile tile_x4608_y8448: 核心遮罩全空 → 空白 placeholder
2026-07-26 13:08:25,996 - m4_module.cell_crops - INFO - 匯出 70 張 per-cell 影像至 /data/taro_Projects/tsgh/output/r7_run/cell_crops/tile_x768_y8448/cells
2026-07-26 13:08:25,996 - hybrid_pipeline - INFO - Tile tile_x768_y8448 完成: 核心擁有 70 細胞 (70 陽性), 1.63 秒
2026-07-26 13:08:26,020 - hybrid_pipeline - INFO - [266/576] 已回收 tile_x4608_y8448
2026-07-26 13:08:26,047 - hybrid_pipeline - INFO - Tile tile_x6912_y8448: 核心遮罩全空 → 空白 placeholder
2026-07-26 13:08:26,060 - hybrid_pipeline - INFO - [267/576] 已回收 tile_x6912_y8448
2026-07-26 13:08:26,091 - hybrid_pipeline - INFO - Tile tile_x6144_y8448: 核心遮罩全空 → 空白 placeholder
2026-07-26 13:08:26,100 - m4_module.cell_crops - INFO - 匯出 65 張 per-cell 影像至 /data/taro_Projects/tsgh/output/r7_run/cell_crops/tile_x1536_y8448/cells
2026-07-26 13:08:26,100 - hybrid_pipeline - INFO - Tile tile_x1536_y8448 完成: 核心擁有 65 細胞 (65 陽性), 1.72 秒
2026-07-26 13:08:26,103 - hybrid_pipeline - INFO - [268/576] 已回收 tile_x6144_y8448
2026-07-26 13:08:26,131 - hybrid_pipeline - INFO - Tile tile_x7680_y8448: 核心遮罩全空 → 空白 placeholder
2026-07-26 13:08:26,142 - hybrid_pipeline - INFO - [269/576] 已回收 tile_x7680_y8448
2026-07-26 13:08:26,167 - hybrid_pipeline - INFO - Tile tile_x9984_y8448: 核心遮罩全空 → 空白 placeholder
2026-07-26 13:08:26,176 - hybrid_pipeline - INFO - [270/576] 已回收 tile_x768_y8448
2026-07-26 13:08:26,202 - hybrid_pipeline - INFO - [271/576] 已回收 tile_x9984_y8448
2026-07-26 13:08:26,211 - m3_module.m3_cells_generator - INFO - All-positive 標註完成: 15 個細胞
2026-07-26 13:08:26,226 - hybrid_pipeline - INFO - Tile tile_x10752_y8448: 核心遮罩全空 → 空白 placeholder
2026-07-26 13:08:26,247 - m3_module.m3_cells_generator - INFO - enlarge_cell_instances: 15 顆細胞, factor=1.50(面積), 中位半徑=23.6px, 外擴=5.3px
2026-07-26 13:08:26,249 - m4_module.cell_crops - INFO - 匯出 62 張 per-cell 影像至 /data/taro_Projects/tsgh/output/r7_run/cell_crops/tile_x3072_y8448/cells
2026-07-26 13:08:26,249 - hybrid_pipeline - INFO - Tile tile_x3072_y8448 完成: 核心擁有 62 細胞 (62 陽性), 1.53 秒
2026-07-26 13:08:26,250 - hybrid_pipeline - INFO - [272/576] 已回收 tile_x3072_y8448
2026-07-26 13:08:26,272 - hybrid_pipeline - INFO - [273/576] 已回收 tile_x10752_y8448
2026-07-26 13:08:26,273 - m3_module.m3_elastic_matching - INFO - elastic_dish_nucleus_matching(overlap-first): IHC=15, DISH=4, matched(1核)=3 (其中重疊=3), drop-out(競爭落敗)=1, 無候選(計入)=11, factor=1.50, min_reach=20.0
2026-07-26 13:08:26,275 - hybrid_pipeline - INFO - Tile tile_x5376_y8448: 核心遮罩全空 → 空白 placeholder
2026-07-26 13:08:26,300 - hybrid_pipeline - INFO - Tile tile_x11520_y8448: 核心遮罩全空 → 空白 placeholder
2026-07-26 13:08:26,322 - hybrid_pipeline - INFO - [274/576] 已回收 tile_x5376_y8448
2026-07-26 13:08:26,332 - hybrid_pipeline - INFO - [275/576] 已回收 tile_x11520_y8448
2026-07-26 13:08:26,354 - hybrid_pipeline - INFO - Tile tile_x9216_y8448: 核心遮罩全空 → 空白 placeholder
2026-07-26 13:08:26,363 - hybrid_pipeline - INFO - Tile tile_x13056_y8448: 核心遮罩全空 → 空白 placeholder
2026-07-26 13:08:26,369 - hybrid_pipeline - INFO - [276/576] 已回收 tile_x9216_y8448
2026-07-26 13:08:26,383 - hybrid_pipeline - INFO - [277/576] 已回收 tile_x13056_y8448
2026-07-26 13:08:26,395 - m3_module.m3_dot_detection - INFO - detect_all_dots: 紅點=1, 黑點=0, 涉及細胞=15
2026-07-26 13:08:26,399 - hybrid_pipeline - INFO - Tile tile_x12288_y8448: 核心遮罩全空 → 空白 placeholder
2026-07-26 13:08:26,412 - hybrid_pipeline - INFO - Tile tile_x14592_y8448: 核心遮罩全空 → 空白 placeholder
2026-07-26 13:08:26,419 - hybrid_pipeline - INFO - [278/576] 已回收 tile_x12288_y8448
2026-07-26 13:08:26,442 - hybrid_pipeline - INFO - [279/576] 已回收 tile_x14592_y8448
2026-07-26 13:08:26,448 - hybrid_pipeline - INFO - Tile tile_x16896_y8448: 核心遮罩全空 → 空白 placeholder
2026-07-26 13:08:26,458 - hybrid_pipeline - INFO - [280/576] 已回收 tile_x16896_y8448
2026-07-26 13:08:26,471 - hybrid_pipeline - INFO - Tile tile_x16128_y8448: 核心遮罩全空 → 空白 placeholder
2026-07-26 13:08:26,486 - hybrid_pipeline - INFO - [281/576] 已回收 tile_x16128_y8448
2026-07-26 13:08:26,488 - hybrid_pipeline - INFO - Tile tile_x15360_y8448: 核心遮罩全空 → 空白 placeholder
2026-07-26 13:08:26,488 - m4_module.cell_crops - INFO - 匯出 0 張 per-cell 影像至 /data/taro_Projects/tsgh/output/r7_run/cell_crops/tile_x3840_y8448/cells
2026-07-26 13:08:26,488 - hybrid_pipeline - INFO - Tile tile_x3840_y8448 完成: 核心擁有 0 細胞 (0 陽性), 1.14 秒
2026-07-26 13:08:26,489 - hybrid_pipeline - INFO - [282/576] 已回收 tile_x3840_y8448
2026-07-26 13:08:26,493 - hybrid_pipeline - INFO - [283/576] 已回收 tile_x1536_y8448
2026-07-26 13:08:26,500 - hybrid_pipeline - INFO - [284/576] 已回收 tile_x15360_y8448
2026-07-26 13:08:26,513 - hybrid_pipeline - INFO - Tile tile_x13824_y8448: 核心遮罩全空 → 空白 placeholder
2026-07-26 13:08:26,520 - hybrid_pipeline - INFO - Tile tile_x8448_y8448: 核心遮罩全空 → 空白 placeholder
2026-07-26 13:08:26,523 - m3_module.m3_cells_generator - INFO - All-positive 標註完成: 124 個細胞
2026-07-26 13:08:26,532 - hybrid_pipeline - INFO - Tile tile_x17664_y8448: 核心遮罩全空 → 空白 placeholder
2026-07-26 13:08:26,576 - m3_module.m3_cells_generator - INFO - enlarge_cell_instances: 124 顆細胞, factor=1.50(面積), 中位半徑=24.2px, 外擴=5.4px
2026-07-26 13:08:26,613 - m3_module.m3_elastic_matching - INFO - elastic_dish_nucleus_matching(overlap-first): IHC=124, DISH=13, matched(1核)=12 (其中重疊=12), drop-out(競爭落敗)=5, 無候選(計入)=107, factor=1.50, min_reach=20.0
2026-07-26 13:08:26,773 - m3_module.m3_dot_detection - INFO - detect_all_dots: 紅點=9, 黑點=14, 涉及細胞=124
2026-07-26 13:08:27,158 - m4_module.cell_crops - INFO - 匯出 61 張 per-cell 影像至 /data/taro_Projects/tsgh/output/r7_run/cell_crops/tile_x2304_y8448/cells
2026-07-26 13:08:27,158 - hybrid_pipeline - INFO - Tile tile_x2304_y8448 完成: 核心擁有 61 細胞 (61 陽性), 1.65 秒
2026-07-26 13:08:27,544 - hybrid_pipeline - INFO - [285/576] 已回收 tile_x13824_y8448
2026-07-26 13:08:27,580 - m3_module.m3_cells_generator - INFO - All-positive 標註完成: 73 個細胞
2026-07-26 13:08:27,628 - m3_module.m3_cells_generator - INFO - enlarge_cell_instances: 73 顆細胞, factor=1.50(面積), 中位半徑=21.9px, 外擴=4.9px
2026-07-26 13:08:27,656 - m3_module.m3_elastic_matching - INFO - elastic_dish_nucleus_matching(overlap-first): IHC=73, DISH=34, matched(1核)=13 (其中重疊=13), drop-out(競爭落敗)=3, 無候選(計入)=57, factor=1.50, min_reach=20.0
2026-07-26 13:08:27,667 - hybrid_pipeline - INFO - [286/576] 已回收 tile_x8448_y8448
2026-07-26 13:08:27,697 - m3_module.m3_cells_generator - INFO - All-positive 標註完成: 36 個細胞
2026-07-26 13:08:27,703 - hybrid_pipeline - INFO - [287/576] 已回收 tile_x17664_y8448
2026-07-26 13:08:27,732 - hybrid_pipeline - INFO - [288/576] 已回收 tile_x2304_y8448
2026-07-26 13:08:27,742 - m3_module.m3_cells_generator - INFO - All-positive 標註完成: 72 個細胞
2026-07-26 13:08:27,753 - m3_module.m3_cells_generator - INFO - enlarge_cell_instances: 36 顆細胞, factor=1.50(面積), 中位半徑=23.7px, 外擴=5.3px
2026-07-26 13:08:27,771 - m3_module.m3_cells_generator - INFO - All-positive 標註完成: 68 個細胞
2026-07-26 13:08:27,789 - m3_module.m3_elastic_matching - INFO - elastic_dish_nucleus_matching(overlap-first): IHC=36, DISH=3, matched(1核)=1 (其中重疊=1), drop-out(競爭落敗)=0, 無候選(計入)=35, factor=1.50, min_reach=20.0
2026-07-26 13:08:27,803 - m3_module.m3_cells_generator - INFO - enlarge_cell_instances: 72 顆細胞, factor=1.50(面積), 中位半徑=23.5px, 外擴=5.3px
2026-07-26 13:08:27,829 - m3_module.m3_cells_generator - INFO - enlarge_cell_instances: 68 顆細胞, factor=1.50(面積), 中位半徑=23.3px, 外擴=5.2px
2026-07-26 13:08:27,834 - m3_module.m3_elastic_matching - INFO - elastic_dish_nucleus_matching(overlap-first): IHC=72, DISH=4, matched(1核)=4 (其中重疊=4), drop-out(競爭落敗)=3, 無候選(計入)=65, factor=1.50, min_reach=20.0
2026-07-26 13:08:27,839 - m3_module.m3_dot_detection - INFO - detect_all_dots: 紅點=15, 黑點=27, 涉及細胞=73
2026-07-26 13:08:27,859 - m3_module.m3_elastic_matching - INFO - elastic_dish_nucleus_matching(overlap-first): IHC=68, DISH=14, matched(1核)=10 (其中重疊=10), drop-out(競爭落敗)=4, 無候選(計入)=54, factor=1.50, min_reach=20.0
2026-07-26 13:08:27,925 - m3_module.m3_dot_detection - INFO - detect_all_dots: 紅點=0, 黑點=0, 涉及細胞=36
2026-07-26 13:08:27,975 - m3_module.m3_dot_detection - INFO - detect_all_dots: 紅點=6, 黑點=7, 涉及細胞=72
2026-07-26 13:08:28,014 - m3_module.m3_dot_detection - INFO - detect_all_dots: 紅點=11, 黑點=17, 涉及細胞=68
2026-07-26 13:08:28,085 - m4_module.cell_crops - INFO - 匯出 16 張 per-cell 影像至 /data/taro_Projects/tsgh/output/r7_run/cell_crops/tile_x768_y9216/cells
2026-07-26 13:08:28,085 - hybrid_pipeline - INFO - Tile tile_x768_y9216 完成: 核心擁有 16 細胞 (16 陽性), 1.60 秒
2026-07-26 13:08:28,117 - m4_module.cell_crops - INFO - 匯出 61 張 per-cell 影像至 /data/taro_Projects/tsgh/output/r7_run/cell_crops/tile_x0_y9216/cells
2026-07-26 13:08:28,117 - hybrid_pipeline - INFO - Tile tile_x0_y9216 完成: 核心擁有 61 細胞 (61 陽性), 1.63 秒
2026-07-26 13:08:28,117 - hybrid_pipeline - INFO - [289/576] 已回收 tile_x0_y9216
2026-07-26 13:08:28,145 - hybrid_pipeline - INFO - Tile tile_x5376_y9216: 核心遮罩全空 → 空白 placeholder
2026-07-26 13:08:28,154 - hybrid_pipeline - INFO - [290/576] 已回收 tile_x5376_y9216
2026-07-26 13:08:28,185 - hybrid_pipeline - INFO - Tile tile_x6144_y9216: 核心遮罩全空 → 空白 placeholder
2026-07-26 13:08:28,202 - m4_module.cell_crops - INFO - 匯出 36 張 per-cell 影像至 /data/taro_Projects/tsgh/output/r7_run/cell_crops/tile_x3072_y9216/cells
2026-07-26 13:08:28,202 - hybrid_pipeline - INFO - Tile tile_x3072_y9216 完成: 核心擁有 36 細胞 (36 陽性), 1.70 秒
2026-07-26 13:08:28,202 - hybrid_pipeline - INFO - [291/576] 已回收 tile_x3072_y9216
2026-07-26 13:08:28,213 - hybrid_pipeline - INFO - [292/576] 已回收 tile_x6144_y9216
2026-07-26 13:08:28,234 - hybrid_pipeline - INFO - Tile tile_x4608_y9216: 核心遮罩全空 → 空白 placeholder
2026-07-26 13:08:28,239 - hybrid_pipeline - INFO - Tile tile_x6912_y9216: 核心遮罩全空 → 空白 placeholder
2026-07-26 13:08:28,262 - m4_module.cell_crops - INFO - 匯出 42 張 per-cell 影像至 /data/taro_Projects/tsgh/output/r7_run/cell_crops/tile_x2304_y9216/cells
2026-07-26 13:08:28,262 - hybrid_pipeline - INFO - Tile tile_x2304_y9216 完成: 核心擁有 42 細胞 (42 陽性), 1.77 秒
2026-07-26 13:08:28,281 - hybrid_pipeline - INFO - [293/576] 已回收 tile_x4608_y9216
2026-07-26 13:08:28,309 - hybrid_pipeline - INFO - Tile tile_x7680_y9216: 核心遮罩全空 → 空白 placeholder
2026-07-26 13:08:28,312 - hybrid_pipeline - INFO - [294/576] 已回收 tile_x6912_y9216
2026-07-26 13:08:28,340 - hybrid_pipeline - INFO - Tile tile_x8448_y9216: 核心遮罩全空 → 空白 placeholder
2026-07-26 13:08:28,368 - hybrid_pipeline - INFO - [295/576] 已回收 tile_x7680_y9216
2026-07-26 13:08:28,394 - hybrid_pipeline - INFO - Tile tile_x10752_y9216: 核心遮罩全空 → 空白 placeholder
2026-07-26 13:08:28,403 - hybrid_pipeline - INFO - [296/576] 已回收 tile_x8448_y9216
2026-07-26 13:08:28,431 - hybrid_pipeline - INFO - Tile tile_x9984_y9216: 核心遮罩全空 → 空白 placeholder
2026-07-26 13:08:28,434 - hybrid_pipeline - INFO - [297/576] 已回收 tile_x10752_y9216
2026-07-26 13:08:28,462 - hybrid_pipeline - INFO - Tile tile_x11520_y9216: 核心遮罩全空 → 空白 placeholder
2026-07-26 13:08:28,478 - hybrid_pipeline - INFO - [298/576] 已回收 tile_x9984_y9216
2026-07-26 13:08:28,507 - hybrid_pipeline - INFO - Tile tile_x9216_y9216: 核心遮罩全空 → 空白 placeholder
2026-07-26 13:08:28,517 - hybrid_pipeline - INFO - [299/576] 已回收 tile_x11520_y9216
2026-07-26 13:08:28,534 - hybrid_pipeline - INFO - [300/576] 已回收 tile_x9216_y9216
2026-07-26 13:08:28,547 - hybrid_pipeline - INFO - Tile tile_x12288_y9216: 核心遮罩全空 → 空白 placeholder
2026-07-26 13:08:28,560 - hybrid_pipeline - INFO - [301/576] 已回收 tile_x12288_y9216
2026-07-26 13:08:28,564 - hybrid_pipeline - INFO - Tile tile_x15360_y9216: 核心遮罩全空 → 空白 placeholder
2026-07-26 13:08:28,577 - hybrid_pipeline - INFO - [302/576] 已回收 tile_x768_y9216
2026-07-26 13:08:28,579 - hybrid_pipeline - INFO - [303/576] 已回收 tile_x15360_y9216
2026-07-26 13:08:28,591 - hybrid_pipeline - INFO - Tile tile_x13056_y9216: 核心遮罩全空 → 空白 placeholder
2026-07-26 13:08:28,606 - m3_module.m3_cells_generator - INFO - All-positive 標註完成: 55 個細胞
2026-07-26 13:08:28,607 - hybrid_pipeline - INFO - [304/576] 已回收 tile_x13056_y9216
2026-07-26 13:08:28,609 - hybrid_pipeline - INFO - Tile tile_x14592_y9216: 核心遮罩全空 → 空白 placeholder
2026-07-26 13:08:28,636 - hybrid_pipeline - INFO - Tile tile_x16128_y9216: 核心遮罩全空 → 空白 placeholder
2026-07-26 13:08:28,654 - m3_module.m3_cells_generator - INFO - enlarge_cell_instances: 55 顆細胞, factor=1.50(面積), 中位半徑=20.7px, 外擴=4.7px
2026-07-26 13:08:28,661 - hybrid_pipeline - INFO - [305/576] 已回收 tile_x14592_y9216
2026-07-26 13:08:28,668 - hybrid_pipeline - INFO - [306/576] 已回收 tile_x16128_y9216
2026-07-26 13:08:28,681 - m3_module.m3_elastic_matching - INFO - elastic_dish_nucleus_matching(overlap-first): IHC=55, DISH=10, matched(1核)=6 (其中重疊=6), drop-out(競爭落敗)=5, 無候選(計入)=44, factor=1.50, min_reach=20.0
2026-07-26 13:08:28,688 - hybrid_pipeline - INFO - [307/576] 已回收 tile_x2304_y9216
2026-07-26 13:08:28,691 - hybrid_pipeline - INFO - Tile tile_x13824_y9216: 核心遮罩全空 → 空白 placeholder
2026-07-26 13:08:28,701 - hybrid_pipeline - INFO - Tile tile_x17664_y9216: 核心遮罩全空 → 空白 placeholder
2026-07-26 13:08:28,718 - m3_module.m3_cells_generator - INFO - All-positive 標註完成: 27 個細胞
2026-07-26 13:08:28,756 - m3_module.m3_cells_generator - INFO - enlarge_cell_instances: 27 顆細胞, factor=1.50(面積), 中位半徑=24.3px, 外擴=5.5px
2026-07-26 13:08:28,784 - m3_module.m3_elastic_matching - INFO - elastic_dish_nucleus_matching(overlap-first): IHC=27, DISH=1, matched(1核)=1 (其中重疊=1), drop-out(競爭落敗)=0, 無候選(計入)=26, factor=1.50, min_reach=20.0
2026-07-26 13:08:28,832 - m3_module.m3_dot_detection - INFO - detect_all_dots: 紅點=6, 黑點=6, 涉及細胞=55
2026-07-26 13:08:28,906 - m3_module.m3_dot_detection - INFO - detect_all_dots: 紅點=1, 黑點=2, 涉及細胞=27
2026-07-26 13:08:29,019 - m4_module.cell_crops - INFO - 匯出 32 張 per-cell 影像至 /data/taro_Projects/tsgh/output/r7_run/cell_crops/tile_x1536_y9216/cells
2026-07-26 13:08:29,019 - hybrid_pipeline - INFO - Tile tile_x1536_y9216 完成: 核心擁有 32 細胞 (32 陽性), 1.35 秒
2026-07-26 13:08:29,019 - hybrid_pipeline - INFO - [308/576] 已回收 tile_x1536_y9216
2026-07-26 13:08:29,023 - m4_module.cell_crops - INFO - 匯出 16 張 per-cell 影像至 /data/taro_Projects/tsgh/output/r7_run/cell_crops/tile_x3840_y9216/cells
2026-07-26 13:08:29,023 - hybrid_pipeline - INFO - Tile tile_x3840_y9216 完成: 核心擁有 16 細胞 (16 陽性), 1.29 秒
2026-07-26 13:08:29,042 - hybrid_pipeline - INFO - Tile tile_x16896_y9216: 核心遮罩全空 → 空白 placeholder
2026-07-26 13:08:29,678 - hybrid_pipeline - INFO - [309/576] 已回收 tile_x13824_y9216
2026-07-26 13:08:29,705 - m3_module.m3_cells_generator - INFO - All-positive 標註完成: 137 個細胞
2026-07-26 13:08:29,760 - m3_module.m3_cells_generator - INFO - enlarge_cell_instances: 137 顆細胞, factor=1.50(面積), 中位半徑=23.6px, 外擴=5.3px
2026-07-26 13:08:29,771 - hybrid_pipeline - INFO - [310/576] 已回收 tile_x17664_y9216
2026-07-26 13:08:29,793 - m3_module.m3_elastic_matching - INFO - elastic_dish_nucleus_matching(overlap-first): IHC=137, DISH=32, matched(1核)=15 (其中重疊=15), drop-out(競爭落敗)=2, 無候選(計入)=120, factor=1.50, min_reach=20.0
2026-07-26 13:08:29,801 - m3_module.m3_cells_generator - INFO - All-positive 標註完成: 71 個細胞
2026-07-26 13:08:29,804 - hybrid_pipeline - INFO - [311/576] 已回收 tile_x3840_y9216
2026-07-26 13:08:29,836 - m3_module.m3_cells_generator - INFO - All-positive 標註完成: 89 個細胞
2026-07-26 13:08:29,857 - m3_module.m3_cells_generator - INFO - enlarge_cell_instances: 71 顆細胞, factor=1.50(面積), 中位半徑=23.3px, 外擴=5.2px
2026-07-26 13:08:29,888 - m3_module.m3_elastic_matching - INFO - elastic_dish_nucleus_matching(overlap-first): IHC=71, DISH=7, matched(1核)=5 (其中重疊=5), drop-out(競爭落敗)=3, 無候選(計入)=63, factor=1.50, min_reach=20.0
2026-07-26 13:08:29,890 - m3_module.m3_cells_generator - INFO - enlarge_cell_instances: 89 顆細胞, factor=1.50(面積), 中位半徑=26.0px, 外擴=5.9px
2026-07-26 13:08:29,894 - hybrid_pipeline - INFO - [312/576] 已回收 tile_x16896_y9216
2026-07-26 13:08:29,921 - m3_module.m3_elastic_matching - INFO - elastic_dish_nucleus_matching(overlap-first): IHC=89, DISH=31, matched(1核)=17 (其中重疊=15), drop-out(競爭落敗)=5, 無候選(計入)=67, factor=1.50, min_reach=20.0
2026-07-26 13:08:29,926 - m3_module.m3_cells_generator - INFO - All-positive 標註完成: 30 個細胞
2026-07-26 13:08:29,972 - m3_module.m3_cells_generator - INFO - enlarge_cell_instances: 30 顆細胞, factor=1.50(面積), 中位半徑=22.2px, 外擴=5.0px
2026-07-26 13:08:29,979 - m3_module.m3_dot_detection - INFO - detect_all_dots: 紅點=15, 黑點=25, 涉及細胞=137
2026-07-26 13:08:30,001 - m3_module.m3_elastic_matching - INFO - elastic_dish_nucleus_matching(overlap-first): IHC=30, DISH=14, matched(1核)=3 (其中重疊=3), drop-out(競爭落敗)=0, 無候選(計入)=27, factor=1.50, min_reach=20.0
2026-07-26 13:08:30,025 - m3_module.m3_dot_detection - INFO - detect_all_dots: 紅點=3, 黑點=2, 涉及細胞=71
2026-07-26 13:08:30,065 - cellpose.dynamics - INFO - No cell pixels found.
2026-07-26 13:08:30,085 - m3_module.m3_dot_detection - INFO - detect_all_dots: 紅點=9, 黑點=15, 涉及細胞=89
2026-07-26 13:08:30,124 - m3_module.m3_dot_detection - INFO - detect_all_dots: 紅點=2, 黑點=4, 涉及細胞=30
2026-07-26 13:08:30,219 - m4_module.cell_crops - INFO - 匯出 36 張 per-cell 影像至 /data/taro_Projects/tsgh/output/r7_run/cell_crops/tile_x768_y9984/cells
2026-07-26 13:08:30,219 - hybrid_pipeline - INFO - Tile tile_x768_y9984 完成: 核心擁有 36 細胞 (36 陽性), 1.55 秒
2026-07-26 13:08:30,251 - m4_module.cell_crops - INFO - 匯出 12 張 per-cell 影像至 /data/taro_Projects/tsgh/output/r7_run/cell_crops/tile_x2304_y9984/cells
2026-07-26 13:08:30,251 - hybrid_pipeline - INFO - Tile tile_x2304_y9984 完成: 核心擁有 12 細胞 (12 陽性), 1.23 秒
2026-07-26 13:08:30,252 - hybrid_pipeline - INFO - [313/576] 已回收 tile_x2304_y9984
2026-07-26 13:08:30,277 - hybrid_pipeline - INFO - Tile tile_x5376_y9984: 核心遮罩全空 → 空白 placeholder
2026-07-26 13:08:30,294 - hybrid_pipeline - INFO - [314/576] 已回收 tile_x5376_y9984
2026-07-26 13:08:30,323 - hybrid_pipeline - INFO - Tile tile_x6144_y9984: 核心遮罩全空 → 空白 placeholder
2026-07-26 13:08:30,338 - hybrid_pipeline - INFO - [315/576] 已回收 tile_x6144_y9984
2026-07-26 13:08:30,343 - m4_module.cell_crops - INFO - 匯出 92 張 per-cell 影像至 /data/taro_Projects/tsgh/output/r7_run/cell_crops/tile_x0_y9984/cells
2026-07-26 13:08:30,343 - hybrid_pipeline - INFO - Tile tile_x0_y9984 完成: 核心擁有 92 細胞 (92 陽性), 1.68 秒
2026-07-26 13:08:30,344 - hybrid_pipeline - INFO - [316/576] 已回收 tile_x0_y9984
2026-07-26 13:08:30,363 - hybrid_pipeline - INFO - Tile tile_x6912_y9984: 核心遮罩全空 → 空白 placeholder
2026-07-26 13:08:30,370 - m4_module.cell_crops - INFO - 匯出 58 張 per-cell 影像至 /data/taro_Projects/tsgh/output/r7_run/cell_crops/tile_x1536_y9984/cells
2026-07-26 13:08:30,371 - hybrid_pipeline - INFO - Tile tile_x1536_y9984 完成: 核心擁有 58 細胞 (58 陽性), 1.68 秒
2026-07-26 13:08:30,371 - hybrid_pipeline - INFO - [317/576] 已回收 tile_x1536_y9984
2026-07-26 13:08:30,374 - hybrid_pipeline - INFO - [318/576] 已回收 tile_x6912_y9984
2026-07-26 13:08:30,374 - hybrid_pipeline - INFO - Tile tile_x4608_y9984: 核心遮罩全空 → 空白 placeholder
2026-07-26 13:08:30,396 - hybrid_pipeline - INFO - [319/576] 已回收 tile_x4608_y9984
2026-07-26 13:08:30,401 - hybrid_pipeline - INFO - Tile tile_x7680_y9984: 核心遮罩全空 → 空白 placeholder
2026-07-26 13:08:30,404 - hybrid_pipeline - INFO - Tile tile_x3840_y9984: 核心遮罩全空 → 空白 placeholder
2026-07-26 13:08:30,407 - hybrid_pipeline - INFO - [320/576] 已回收 tile_x768_y9984
2026-07-26 13:08:30,413 - m3_module.m3_cells_generator - INFO - All-positive 標註完成: 0 個細胞
2026-07-26 13:08:30,422 - hybrid_pipeline - INFO - Tile tile_x9984_y9984: 核心遮罩全空 → 空白 placeholder
2026-07-26 13:08:30,439 - hybrid_pipeline - INFO - [321/576] 已回收 tile_x7680_y9984
2026-07-26 13:08:30,452 - hybrid_pipeline - INFO - [322/576] 已回收 tile_x3840_y9984
2026-07-26 13:08:30,465 - hybrid_pipeline - INFO - Tile tile_x8448_y9984: 核心遮罩全空 → 空白 placeholder
2026-07-26 13:08:30,480 - hybrid_pipeline - INFO - Tile tile_x9216_y9984: 核心遮罩全空 → 空白 placeholder
2026-07-26 13:08:30,480 - hybrid_pipeline - INFO - [323/576] 已回收 tile_x9984_y9984
2026-07-26 13:08:30,509 - hybrid_pipeline - INFO - Tile tile_x10752_y9984: 核心遮罩全空 → 空白 placeholder
2026-07-26 13:08:30,519 - hybrid_pipeline - INFO - [324/576] 已回收 tile_x8448_y9984
2026-07-26 13:08:30,527 - hybrid_pipeline - INFO - [325/576] 已回收 tile_x9216_y9984
2026-07-26 13:08:30,537 - hybrid_pipeline - INFO - [326/576] 已回收 tile_x10752_y9984
2026-07-26 13:08:30,554 - hybrid_pipeline - INFO - Tile tile_x12288_y9984: 核心遮罩全空 → 空白 placeholder
2026-07-26 13:08:30,559 - hybrid_pipeline - INFO - Tile tile_x13056_y9984: 核心遮罩全空 → 空白 placeholder
2026-07-26 13:08:30,564 - m3_module.m3_dot_detection - INFO - detect_all_dots: 紅點=0, 黑點=0, 涉及細胞=0
2026-07-26 13:08:30,568 - hybrid_pipeline - INFO - Tile tile_x13824_y9984: 核心遮罩全空 → 空白 placeholder
2026-07-26 13:08:30,572 - hybrid_pipeline - INFO - [327/576] 已回收 tile_x12288_y9984
2026-07-26 13:08:30,593 - hybrid_pipeline - INFO - [328/576] 已回收 tile_x13056_y9984
2026-07-26 13:08:30,595 - m4_module.cell_crops - INFO - 匯出 0 張 per-cell 影像至 /data/taro_Projects/tsgh/output/r7_run/cell_crops/tile_x3072_y9984/cells
2026-07-26 13:08:30,595 - hybrid_pipeline - INFO - Tile tile_x3072_y9984 完成: 核心擁有 0 細胞 (0 陽性), 0.82 秒
2026-07-26 13:08:30,595 - hybrid_pipeline - INFO - [329/576] 已回收 tile_x3072_y9984
2026-07-26 13:08:30,602 - hybrid_pipeline - INFO - Tile tile_x14592_y9984: 核心遮罩全空 → 空白 placeholder
2026-07-26 13:08:30,605 - hybrid_pipeline - INFO - [330/576] 已回收 tile_x13824_y9984
2026-07-26 13:08:30,621 - hybrid_pipeline - INFO - Tile tile_x15360_y9984: 核心遮罩全空 → 空白 placeholder
2026-07-26 13:08:30,623 - hybrid_pipeline - INFO - Tile tile_x11520_y9984: 核心遮罩全空 → 空白 placeholder
2026-07-26 13:08:30,624 - hybrid_pipeline - INFO - [331/576] 已回收 tile_x14592_y9984
2026-07-26 13:08:30,637 - hybrid_pipeline - INFO - Tile tile_x16128_y9984: 核心遮罩全空 → 空白 placeholder
2026-07-26 13:08:30,652 - hybrid_pipeline - INFO - Tile tile_x16896_y9984: 核心遮罩全空 → 空白 placeholder
2026-07-26 13:08:30,679 - hybrid_pipeline - INFO - [332/576] 已回收 tile_x15360_y9984
2026-07-26 13:08:30,712 - hybrid_pipeline - INFO - Tile tile_x17664_y9984: 核心遮罩全空 → 空白 placeholder
2026-07-26 13:08:31,194 - cellpose.dynamics - INFO - No cell pixels found.
2026-07-26 13:08:31,676 - hybrid_pipeline - INFO - [333/576] 已回收 tile_x17664_y9984
2026-07-26 13:08:31,681 - m3_module.m3_cells_generator - INFO - All-positive 標註完成: 0 個細胞
2026-07-26 13:08:31,787 - hybrid_pipeline - INFO - [334/576] 已回收 tile_x11520_y9984
2026-07-26 13:08:31,815 - m3_module.m3_cells_generator - INFO - All-positive 標註完成: 131 個細胞
2026-07-26 13:08:31,832 - hybrid_pipeline - INFO - [335/576] 已回收 tile_x16896_y9984
2026-07-26 13:08:31,833 - hybrid_pipeline - INFO - [336/576] 已回收 tile_x16128_y9984
2026-07-26 13:08:31,842 - m3_module.m3_dot_detection - INFO - detect_all_dots: 紅點=0, 黑點=0, 涉及細胞=0
2026-07-26 13:08:31,863 - m3_module.m3_cells_generator - INFO - All-positive 標註完成: 120 個細胞
2026-07-26 13:08:31,864 - m3_module.m3_cells_generator - INFO - All-positive 標註完成: 109 個細胞
2026-07-26 13:08:31,875 - m4_module.cell_crops - INFO - 匯出 0 張 per-cell 影像至 /data/taro_Projects/tsgh/output/r7_run/cell_crops/tile_x3840_y10752/cells
2026-07-26 13:08:31,875 - m3_module.m3_cells_generator - INFO - enlarge_cell_instances: 131 顆細胞, factor=1.50(面積), 中位半徑=22.7px, 外擴=5.1px
2026-07-26 13:08:31,875 - hybrid_pipeline - INFO - Tile tile_x3840_y10752 完成: 核心擁有 0 細胞 (0 陽性), 1.20 秒
2026-07-26 13:08:31,904 - m3_module.m3_elastic_matching - INFO - elastic_dish_nucleus_matching(overlap-first): IHC=131, DISH=30, matched(1核)=23 (其中重疊=23), drop-out(競爭落敗)=9, 無候選(計入)=99, factor=1.50, min_reach=20.0
2026-07-26 13:08:31,918 - m3_module.m3_cells_generator - INFO - enlarge_cell_instances: 109 顆細胞, factor=1.50(面積), 中位半徑=21.6px, 外擴=4.9px
2026-07-26 13:08:31,919 - m3_module.m3_cells_generator - INFO - enlarge_cell_instances: 120 顆細胞, factor=1.50(面積), 中位半徑=21.2px, 外擴=4.8px
2026-07-26 13:08:31,950 - m3_module.m3_elastic_matching - INFO - elastic_dish_nucleus_matching(overlap-first): IHC=109, DISH=33, matched(1核)=25 (其中重疊=25), drop-out(競爭落敗)=6, 無候選(計入)=78, factor=1.50, min_reach=20.0
2026-07-26 13:08:31,951 - m3_module.m3_elastic_matching - INFO - elastic_dish_nucleus_matching(overlap-first): IHC=120, DISH=25, matched(1核)=20 (其中重疊=19), drop-out(競爭落敗)=5, 無候選(計入)=95, factor=1.50, min_reach=20.0
2026-07-26 13:08:32,153 - m3_module.m3_dot_detection - INFO - detect_all_dots: 紅點=41, 黑點=66, 涉及細胞=131
2026-07-26 13:08:32,156 - m3_module.m3_dot_detection - INFO - detect_all_dots: 紅點=26, 黑點=39, 涉及細胞=120
2026-07-26 13:08:32,178 - m3_module.m3_dot_detection - INFO - detect_all_dots: 紅點=29, 黑點=44, 涉及細胞=109
2026-07-26 13:08:32,415 - m4_module.cell_crops - INFO - 匯出 52 張 per-cell 影像至 /data/taro_Projects/tsgh/output/r7_run/cell_crops/tile_x768_y10752/cells
2026-07-26 13:08:32,415 - hybrid_pipeline - INFO - Tile tile_x768_y10752 完成: 核心擁有 52 細胞 (52 陽性), 1.81 秒
2026-07-26 13:08:32,415 - hybrid_pipeline - INFO - [337/576] 已回收 tile_x768_y10752
2026-07-26 13:08:32,427 - m4_module.cell_crops - INFO - 匯出 67 張 per-cell 影像至 /data/taro_Projects/tsgh/output/r7_run/cell_crops/tile_x1536_y10752/cells
2026-07-26 13:08:32,427 - hybrid_pipeline - INFO - Tile tile_x1536_y10752 完成: 核心擁有 67 細胞 (67 陽性), 1.80 秒
2026-07-26 13:08:32,431 - hybrid_pipeline - INFO - [338/576] 已回收 tile_x3840_y10752
2026-07-26 13:08:32,441 - hybrid_pipeline - INFO - Tile tile_x6912_y10752: 核心遮罩全空 → 空白 placeholder
2026-07-26 13:08:32,458 - m3_module.m3_cells_generator - INFO - All-positive 標註完成: 4 個細胞
2026-07-26 13:08:32,481 - m4_module.cell_crops - INFO - 匯出 80 張 per-cell 影像至 /data/taro_Projects/tsgh/output/r7_run/cell_crops/tile_x0_y10752/cells
2026-07-26 13:08:32,481 - hybrid_pipeline - INFO - Tile tile_x0_y10752 完成: 核心擁有 80 細胞 (80 陽性), 1.89 秒
2026-07-26 13:08:32,482 - hybrid_pipeline - INFO - [339/576] 已回收 tile_x0_y10752
2026-07-26 13:08:32,495 - m3_module.m3_cells_generator - INFO - enlarge_cell_instances: 4 顆細胞, factor=1.50(面積), 中位半徑=29.5px, 外擴=6.6px
2026-07-26 13:08:32,510 - hybrid_pipeline - INFO - Tile tile_x3072_y10752: 核心遮罩全空 → 空白 placeholder
2026-07-26 13:08:32,525 - m3_module.m3_elastic_matching - INFO - elastic_dish_nucleus_matching(overlap-first): IHC=4, DISH=1, matched(1核)=1 (其中重疊=1), drop-out(競爭落敗)=0, 無候選(計入)=3, factor=1.50, min_reach=20.0
2026-07-26 13:08:32,530 - hybrid_pipeline - INFO - [340/576] 已回收 tile_x3072_y10752
2026-07-26 13:08:32,556 - hybrid_pipeline - INFO - Tile tile_x7680_y10752: 核心遮罩全空 → 空白 placeholder
2026-07-26 13:08:32,562 - hybrid_pipeline - INFO - [341/576] 已回收 tile_x1536_y10752
2026-07-26 13:08:32,572 - hybrid_pipeline - INFO - [342/576] 已回收 tile_x7680_y10752
2026-07-26 13:08:32,597 - m3_module.m3_cells_generator - INFO - All-positive 標註完成: 15 個細胞
2026-07-26 13:08:32,598 - hybrid_pipeline - INFO - Tile tile_x9216_y10752: 核心遮罩全空 → 空白 placeholder
2026-07-26 13:08:32,635 - m3_module.m3_cells_generator - INFO - enlarge_cell_instances: 15 顆細胞, factor=1.50(面積), 中位半徑=20.2px, 外擴=4.5px
2026-07-26 13:08:32,652 - m3_module.m3_dot_detection - INFO - detect_all_dots: 紅點=0, 黑點=1, 涉及細胞=4
2026-07-26 13:08:32,660 - m3_module.m3_elastic_matching - INFO - elastic_dish_nucleus_matching(overlap-first): IHC=15, DISH=7, matched(1核)=5 (其中重疊=5), drop-out(競爭落敗)=0, 無候選(計入)=10, factor=1.50, min_reach=20.0
2026-07-26 13:08:32,669 - hybrid_pipeline - INFO - [343/576] 已回收 tile_x9216_y10752
2026-07-26 13:08:32,695 - hybrid_pipeline - INFO - Tile tile_x8448_y10752: 核心遮罩全空 → 空白 placeholder
2026-07-26 13:08:32,721 - m4_module.cell_crops - INFO - 匯出 1 張 per-cell 影像至 /data/taro_Projects/tsgh/output/r7_run/cell_crops/tile_x2304_y10752/cells
2026-07-26 13:08:32,722 - hybrid_pipeline - INFO - Tile tile_x2304_y10752 完成: 核心擁有 1 細胞 (1 陽性), 1.05 秒
2026-07-26 13:08:32,742 - hybrid_pipeline - INFO - [344/576] 已回收 tile_x8448_y10752
2026-07-26 13:08:32,774 - hybrid_pipeline - INFO - Tile tile_x10752_y10752: 核心遮罩全空 → 空白 placeholder
2026-07-26 13:08:32,788 - m3_module.m3_dot_detection - INFO - detect_all_dots: 紅點=6, 黑點=5, 涉及細胞=15
2026-07-26 13:08:32,820 - hybrid_pipeline - INFO - [345/576] 已回收 tile_x10752_y10752
2026-07-26 13:08:32,854 - hybrid_pipeline - INFO - Tile tile_x12288_y10752: 核心遮罩全空 → 空白 placeholder
2026-07-26 13:08:32,862 - hybrid_pipeline - INFO - [346/576] 已回收 tile_x12288_y10752
2026-07-26 13:08:32,889 - m4_module.cell_crops - INFO - 匯出 3 張 per-cell 影像至 /data/taro_Projects/tsgh/output/r7_run/cell_crops/tile_x4608_y10752/cells
2026-07-26 13:08:32,889 - hybrid_pipeline - INFO - Tile tile_x4608_y10752 完成: 核心擁有 3 細胞 (3 陽性), 1.06 秒
2026-07-26 13:08:32,890 - hybrid_pipeline - INFO - [347/576] 已回收 tile_x4608_y10752
2026-07-26 13:08:32,892 - hybrid_pipeline - INFO - Tile tile_x11520_y10752: 核心遮罩全空 → 空白 placeholder
2026-07-26 13:08:32,909 - hybrid_pipeline - INFO - [348/576] 已回收 tile_x11520_y10752
2026-07-26 13:08:32,916 - hybrid_pipeline - INFO - Tile tile_x9984_y10752: 核心遮罩全空 → 空白 placeholder
2026-07-26 13:08:32,935 - hybrid_pipeline - INFO - Tile tile_x13056_y10752: 核心遮罩全空 → 空白 placeholder
2026-07-26 13:08:32,952 - hybrid_pipeline - INFO - [349/576] 已回收 tile_x9984_y10752
2026-07-26 13:08:32,961 - hybrid_pipeline - INFO - [350/576] 已回收 tile_x13056_y10752
2026-07-26 13:08:32,977 - hybrid_pipeline - INFO - Tile tile_x13824_y10752: 核心遮罩全空 → 空白 placeholder
2026-07-26 13:08:32,990 - hybrid_pipeline - INFO - Tile tile_x14592_y10752: 核心遮罩全空 → 空白 placeholder
2026-07-26 13:08:33,001 - hybrid_pipeline - INFO - [351/576] 已回收 tile_x13824_y10752
2026-07-26 13:08:33,009 - hybrid_pipeline - INFO - [352/576] 已回收 tile_x14592_y10752
2026-07-26 13:08:33,027 - hybrid_pipeline - INFO - Tile tile_x15360_y10752: 核心遮罩全空 → 空白 placeholder
2026-07-26 13:08:33,039 - hybrid_pipeline - INFO - Tile tile_x16128_y10752: 核心遮罩全空 → 空白 placeholder
2026-07-26 13:08:33,049 - hybrid_pipeline - INFO - [353/576] 已回收 tile_x15360_y10752
2026-07-26 13:08:33,079 - hybrid_pipeline - INFO - Tile tile_x16896_y10752: 核心遮罩全空 → 空白 placeholder
2026-07-26 13:08:33,128 - hybrid_pipeline - INFO - [354/576] 已回收 tile_x16896_y10752
2026-07-26 13:08:33,156 - hybrid_pipeline - INFO - Tile tile_x17664_y10752: 核心遮罩全空 → 空白 placeholder
2026-07-26 13:08:33,492 - hybrid_pipeline - INFO - [355/576] 已回收 tile_x6912_y10752
2026-07-26 13:08:33,520 - hybrid_pipeline - INFO - [356/576] 已回收 tile_x2304_y10752
2026-07-26 13:08:33,521 - m3_module.m3_cells_generator - INFO - All-positive 標註完成: 23 個細胞
2026-07-26 13:08:33,550 - m3_module.m3_cells_generator - INFO - All-positive 標註完成: 6 個細胞
2026-07-26 13:08:33,565 - m3_module.m3_cells_generator - INFO - enlarge_cell_instances: 23 顆細胞, factor=1.50(面積), 中位半徑=19.5px, 外擴=4.4px
2026-07-26 13:08:33,581 - m3_module.m3_cells_generator - INFO - enlarge_cell_instances: 6 顆細胞, factor=1.50(面積), 中位半徑=12.7px, 外擴=2.8px
2026-07-26 13:08:33,591 - m3_module.m3_elastic_matching - INFO - elastic_dish_nucleus_matching(overlap-first): IHC=23, DISH=15, matched(1核)=10 (其中重疊=9), drop-out(競爭落敗)=1, 無候選(計入)=12, factor=1.50, min_reach=20.0
2026-07-26 13:08:33,607 - m3_module.m3_elastic_matching - INFO - elastic_dish_nucleus_matching(overlap-first): IHC=6, DISH=1, matched(1核)=1 (其中重疊=1), drop-out(競爭落敗)=1, 無候選(計入)=4, factor=1.50, min_reach=20.0
2026-07-26 13:08:33,734 - m3_module.m3_dot_detection - INFO - detect_all_dots: 紅點=0, 黑點=0, 涉及細胞=6
2026-07-26 13:08:33,753 - m3_module.m3_dot_detection - INFO - detect_all_dots: 紅點=12, 黑點=14, 涉及細胞=23
2026-07-26 13:08:33,790 - m4_module.cell_crops - INFO - 匯出 0 張 per-cell 影像至 /data/taro_Projects/tsgh/output/r7_run/cell_crops/tile_x6144_y10752/cells
2026-07-26 13:08:33,790 - hybrid_pipeline - INFO - Tile tile_x6144_y10752 完成: 核心擁有 0 細胞 (0 陽性), 1.36 秒
2026-07-26 13:08:33,857 - m4_module.cell_crops - INFO - 匯出 1 張 per-cell 影像至 /data/taro_Projects/tsgh/output/r7_run/cell_crops/tile_x5376_y10752/cells
2026-07-26 13:08:33,857 - hybrid_pipeline - INFO - Tile tile_x5376_y10752 完成: 核心擁有 1 細胞 (1 陽性), 1.44 秒
2026-07-26 13:08:34,184 - hybrid_pipeline - INFO - [357/576] 已回收 tile_x16128_y10752
2026-07-26 13:08:34,221 - m3_module.m3_cells_generator - INFO - All-positive 標註完成: 134 個細胞
2026-07-26 13:08:34,223 - hybrid_pipeline - INFO - [358/576] 已回收 tile_x17664_y10752
2026-07-26 13:08:34,255 - m3_module.m3_cells_generator - INFO - All-positive 標註完成: 157 個細胞
2026-07-26 13:08:34,276 - m3_module.m3_cells_generator - INFO - enlarge_cell_instances: 134 顆細胞, factor=1.50(面積), 中位半徑=24.7px, 外擴=5.6px
2026-07-26 13:08:34,308 - m3_module.m3_elastic_matching - INFO - elastic_dish_nucleus_matching(overlap-first): IHC=134, DISH=10, matched(1核)=9 (其中重疊=9), drop-out(競爭落敗)=2, 無候選(計入)=123, factor=1.50, min_reach=20.0
2026-07-26 13:08:34,322 - m3_module.m3_cells_generator - INFO - enlarge_cell_instances: 157 顆細胞, factor=1.50(面積), 中位半徑=25.1px, 外擴=5.6px
2026-07-26 13:08:34,352 - m3_module.m3_elastic_matching - INFO - elastic_dish_nucleus_matching(overlap-first): IHC=157, DISH=28, matched(1核)=20 (其中重疊=20), drop-out(競爭落敗)=6, 無候選(計入)=131, factor=1.50, min_reach=20.0
2026-07-26 13:08:34,462 - m3_module.m3_dot_detection - INFO - detect_all_dots: 紅點=8, 黑點=11, 涉及細胞=134
2026-07-26 13:08:34,542 - m3_module.m3_dot_detection - INFO - detect_all_dots: 紅點=28, 黑點=43, 涉及細胞=157
2026-07-26 13:08:34,651 - hybrid_pipeline - INFO - [359/576] 已回收 tile_x5376_y10752
2026-07-26 13:08:34,681 - m3_module.m3_cells_generator - INFO - All-positive 標註完成: 83 個細胞
2026-07-26 13:08:34,693 - hybrid_pipeline - INFO - [360/576] 已回收 tile_x6144_y10752
2026-07-26 13:08:34,722 - m3_module.m3_cells_generator - INFO - All-positive 標註完成: 108 個細胞
2026-07-26 13:08:34,728 - m3_module.m3_cells_generator - INFO - enlarge_cell_instances: 83 顆細胞, factor=1.50(面積), 中位半徑=20.7px, 外擴=4.7px
2026-07-26 13:08:34,757 - m3_module.m3_elastic_matching - INFO - elastic_dish_nucleus_matching(overlap-first): IHC=83, DISH=26, matched(1核)=17 (其中重疊=17), drop-out(競爭落敗)=8, 無候選(計入)=58, factor=1.50, min_reach=20.0
2026-07-26 13:08:34,777 - m3_module.m3_cells_generator - INFO - enlarge_cell_instances: 108 顆細胞, factor=1.50(面積), 中位半徑=23.2px, 外擴=5.2px
2026-07-26 13:08:34,812 - m4_module.cell_crops - INFO - 匯出 81 張 per-cell 影像至 /data/taro_Projects/tsgh/output/r7_run/cell_crops/tile_x0_y11520/cells
2026-07-26 13:08:34,812 - hybrid_pipeline - INFO - Tile tile_x0_y11520 完成: 核心擁有 81 細胞 (81 陽性), 1.80 秒
2026-07-26 13:08:34,813 - m3_module.m3_elastic_matching - INFO - elastic_dish_nucleus_matching(overlap-first): IHC=108, DISH=25, matched(1核)=24 (其中重疊=24), drop-out(競爭落敗)=4, 無候選(計入)=80, factor=1.50, min_reach=20.0
2026-07-26 13:08:34,935 - m4_module.cell_crops - INFO - 匯出 84 張 per-cell 影像至 /data/taro_Projects/tsgh/output/r7_run/cell_crops/tile_x768_y11520/cells
2026-07-26 13:08:34,935 - hybrid_pipeline - INFO - Tile tile_x768_y11520 完成: 核心擁有 84 細胞 (84 陽性), 1.81 秒
2026-07-26 13:08:34,954 - m3_module.m3_dot_detection - INFO - detect_all_dots: 紅點=23, 黑點=24, 涉及細胞=83
2026-07-26 13:08:35,004 - m3_module.m3_dot_detection - INFO - detect_all_dots: 紅點=20, 黑點=32, 涉及細胞=108
2026-07-26 13:08:35,179 - m4_module.cell_crops - INFO - 匯出 48 張 per-cell 影像至 /data/taro_Projects/tsgh/output/r7_run/cell_crops/tile_x3840_y11520/cells
2026-07-26 13:08:35,179 - hybrid_pipeline - INFO - Tile tile_x3840_y11520 完成: 核心擁有 48 細胞 (48 陽性), 1.69 秒
2026-07-26 13:08:35,266 - m4_module.cell_crops - INFO - 匯出 54 張 per-cell 影像至 /data/taro_Projects/tsgh/output/r7_run/cell_crops/tile_x1536_y11520/cells
2026-07-26 13:08:35,266 - hybrid_pipeline - INFO - Tile tile_x1536_y11520 完成: 核心擁有 54 細胞 (54 陽性), 1.75 秒
2026-07-26 13:08:35,344 - hybrid_pipeline - INFO - [361/576] 已回收 tile_x768_y11520
2026-07-26 13:08:35,353 - hybrid_pipeline - INFO - [362/576] 已回收 tile_x0_y11520
2026-07-26 13:08:35,375 - m3_module.m3_cells_generator - INFO - All-positive 標註完成: 64 個細胞
2026-07-26 13:08:35,384 - m3_module.m3_cells_generator - INFO - All-positive 標註完成: 111 個細胞
2026-07-26 13:08:35,431 - m3_module.m3_cells_generator - INFO - enlarge_cell_instances: 64 顆細胞, factor=1.50(面積), 中位半徑=20.5px, 外擴=4.6px
2026-07-26 13:08:35,444 - m3_module.m3_cells_generator - INFO - enlarge_cell_instances: 111 顆細胞, factor=1.50(面積), 中位半徑=21.5px, 外擴=4.8px
2026-07-26 13:08:35,461 - m3_module.m3_elastic_matching - INFO - elastic_dish_nucleus_matching(overlap-first): IHC=64, DISH=14, matched(1核)=10 (其中重疊=10), drop-out(競爭落敗)=5, 無候選(計入)=49, factor=1.50, min_reach=20.0
2026-07-26 13:08:35,476 - m3_module.m3_elastic_matching - INFO - elastic_dish_nucleus_matching(overlap-first): IHC=111, DISH=37, matched(1核)=30 (其中重疊=30), drop-out(競爭落敗)=15, 無候選(計入)=66, factor=1.50, min_reach=20.0
2026-07-26 13:08:35,576 - hybrid_pipeline - INFO - [363/576] 已回收 tile_x3840_y11520
2026-07-26 13:08:35,611 - m3_module.m3_cells_generator - INFO - All-positive 標註完成: 77 個細胞
2026-07-26 13:08:35,615 - m3_module.m3_dot_detection - INFO - detect_all_dots: 紅點=6, 黑點=13, 涉及細胞=64
2026-07-26 13:08:35,663 - m3_module.m3_cells_generator - INFO - enlarge_cell_instances: 77 顆細胞, factor=1.50(面積), 中位半徑=17.4px, 外擴=3.9px
2026-07-26 13:08:35,682 - hybrid_pipeline - INFO - [364/576] 已回收 tile_x1536_y11520
2026-07-26 13:08:35,690 - m3_module.m3_elastic_matching - INFO - elastic_dish_nucleus_matching(overlap-first): IHC=77, DISH=14, matched(1核)=11 (其中重疊=11), drop-out(競爭落敗)=4, 無候選(計入)=62, factor=1.50, min_reach=20.0
2026-07-26 13:08:35,698 - m3_module.m3_dot_detection - INFO - detect_all_dots: 紅點=34, 黑點=42, 涉及細胞=111
2026-07-26 13:08:35,708 - m3_module.m3_cells_generator - INFO - All-positive 標註完成: 102 個細胞
2026-07-26 13:08:35,764 - m3_module.m3_cells_generator - INFO - enlarge_cell_instances: 102 顆細胞, factor=1.50(面積), 中位半徑=22.9px, 外擴=5.2px
2026-07-26 13:08:35,793 - m3_module.m3_elastic_matching - INFO - elastic_dish_nucleus_matching(overlap-first): IHC=102, DISH=61, matched(1核)=43 (其中重疊=43), drop-out(競爭落敗)=7, 無候選(計入)=52, factor=1.50, min_reach=20.0
2026-07-26 13:08:35,811 - m4_module.cell_crops - INFO - 匯出 23 張 per-cell 影像至 /data/taro_Projects/tsgh/output/r7_run/cell_crops/tile_x2304_y11520/cells
2026-07-26 13:08:35,811 - hybrid_pipeline - INFO - Tile tile_x2304_y11520 完成: 核心擁有 23 細胞 (23 陽性), 1.59 秒
2026-07-26 13:08:35,841 - m3_module.m3_dot_detection - INFO - detect_all_dots: 紅點=15, 黑點=14, 涉及細胞=77
2026-07-26 13:08:35,970 - m4_module.cell_crops - INFO - 匯出 72 張 per-cell 影像至 /data/taro_Projects/tsgh/output/r7_run/cell_crops/tile_x3072_y11520/cells
2026-07-26 13:08:35,970 - hybrid_pipeline - INFO - Tile tile_x3072_y11520 完成: 核心擁有 72 細胞 (72 陽性), 1.79 秒
2026-07-26 13:08:35,971 - hybrid_pipeline - INFO - [365/576] 已回收 tile_x3072_y11520
2026-07-26 13:08:36,001 - hybrid_pipeline - INFO - Tile tile_x6912_y11520: 核心遮罩全空 → 空白 placeholder
2026-07-26 13:08:36,008 - m3_module.m3_dot_detection - INFO - detect_all_dots: 紅點=35, 黑點=52, 涉及細胞=102
2026-07-26 13:08:36,021 - hybrid_pipeline - INFO - [366/576] 已回收 tile_x6912_y11520
2026-07-26 13:08:36,036 - m4_module.cell_crops - INFO - 匯出 35 張 per-cell 影像至 /data/taro_Projects/tsgh/output/r7_run/cell_crops/tile_x4608_y11520/cells
2026-07-26 13:08:36,036 - hybrid_pipeline - INFO - Tile tile_x4608_y11520 完成: 核心擁有 35 細胞 (35 陽性), 1.39 秒
2026-07-26 13:08:36,036 - hybrid_pipeline - INFO - [367/576] 已回收 tile_x4608_y11520
2026-07-26 13:08:36,046 - hybrid_pipeline - INFO - Tile tile_x9216_y11520: 核心遮罩全空 → 空白 placeholder
2026-07-26 13:08:36,062 - hybrid_pipeline - INFO - Tile tile_x7680_y11520: 核心遮罩全空 → 空白 placeholder
2026-07-26 13:08:36,071 - hybrid_pipeline - INFO - [368/576] 已回收 tile_x9216_y11520
2026-07-26 13:08:36,082 - hybrid_pipeline - INFO - [369/576] 已回收 tile_x7680_y11520
2026-07-26 13:08:36,092 - hybrid_pipeline - INFO - [370/576] 已回收 tile_x2304_y11520
2026-07-26 13:08:36,095 - hybrid_pipeline - INFO - Tile tile_x8448_y11520: 核心遮罩全空 → 空白 placeholder
2026-07-26 13:08:36,105 - hybrid_pipeline - INFO - Tile tile_x12288_y11520: 核心遮罩全空 → 空白 placeholder
2026-07-26 13:08:36,115 - m3_module.m3_cells_generator - INFO - All-positive 標註完成: 38 個細胞
2026-07-26 13:08:36,120 - hybrid_pipeline - INFO - [371/576] 已回收 tile_x8448_y11520
2026-07-26 13:08:36,145 - hybrid_pipeline - INFO - Tile tile_x13056_y11520: 核心遮罩全空 → 空白 placeholder
2026-07-26 13:08:36,149 - hybrid_pipeline - INFO - [372/576] 已回收 tile_x12288_y11520
2026-07-26 13:08:36,152 - m3_module.m3_cells_generator - INFO - enlarge_cell_instances: 38 顆細胞, factor=1.50(面積), 中位半徑=21.9px, 外擴=4.9px
2026-07-26 13:08:36,170 - hybrid_pipeline - INFO - [373/576] 已回收 tile_x13056_y11520
2026-07-26 13:08:36,178 - m3_module.m3_elastic_matching - INFO - elastic_dish_nucleus_matching(overlap-first): IHC=38, DISH=6, matched(1核)=5 (其中重疊=5), drop-out(競爭落敗)=3, 無候選(計入)=30, factor=1.50, min_reach=20.0
2026-07-26 13:08:36,178 - hybrid_pipeline - INFO - Tile tile_x11520_y11520: 核心遮罩全空 → 空白 placeholder
2026-07-26 13:08:36,186 - hybrid_pipeline - INFO - [374/576] 已回收 tile_x11520_y11520
2026-07-26 13:08:36,198 - hybrid_pipeline - INFO - Tile tile_x13824_y11520: 核心遮罩全空 → 空白 placeholder
2026-07-26 13:08:36,213 - hybrid_pipeline - INFO - [375/576] 已回收 tile_x13824_y11520
2026-07-26 13:08:36,215 - hybrid_pipeline - INFO - Tile tile_x14592_y11520: 核心遮罩全空 → 空白 placeholder
2026-07-26 13:08:36,227 - hybrid_pipeline - INFO - [376/576] 已回收 tile_x14592_y11520
2026-07-26 13:08:36,242 - hybrid_pipeline - INFO - Tile tile_x15360_y11520: 核心遮罩全空 → 空白 placeholder
2026-07-26 13:08:36,253 - hybrid_pipeline - INFO - Tile tile_x16128_y11520: 核心遮罩全空 → 空白 placeholder
2026-07-26 13:08:36,258 - hybrid_pipeline - INFO - [377/576] 已回收 tile_x15360_y11520
2026-07-26 13:08:36,269 - hybrid_pipeline - INFO - [378/576] 已回收 tile_x16128_y11520
2026-07-26 13:08:36,287 - hybrid_pipeline - INFO - Tile tile_x16896_y11520: 核心遮罩全空 → 空白 placeholder
2026-07-26 13:08:36,294 - hybrid_pipeline - INFO - Tile tile_x17664_y11520: 核心遮罩全空 → 空白 placeholder
2026-07-26 13:08:36,307 - m3_module.m3_dot_detection - INFO - detect_all_dots: 紅點=5, 黑點=6, 涉及細胞=38
2026-07-26 13:08:36,322 - m4_module.cell_crops - INFO - 匯出 76 張 per-cell 影像至 /data/taro_Projects/tsgh/output/r7_run/cell_crops/tile_x5376_y11520/cells
2026-07-26 13:08:36,322 - hybrid_pipeline - INFO - Tile tile_x5376_y11520 完成: 核心擁有 76 細胞 (76 陽性), 1.63 秒
2026-07-26 13:08:36,323 - hybrid_pipeline - INFO - [379/576] 已回收 tile_x5376_y11520
2026-07-26 13:08:36,348 - hybrid_pipeline - INFO - Tile tile_x9984_y11520: 核心遮罩全空 → 空白 placeholder
2026-07-26 13:08:36,426 - m4_module.cell_crops - INFO - 匯出 18 張 per-cell 影像至 /data/taro_Projects/tsgh/output/r7_run/cell_crops/tile_x6144_y11520/cells
2026-07-26 13:08:36,426 - hybrid_pipeline - INFO - Tile tile_x6144_y11520 完成: 核心擁有 18 細胞 (18 陽性), 1.08 秒
2026-07-26 13:08:36,428 - hybrid_pipeline - INFO - [380/576] 已回收 tile_x6144_y11520
2026-07-26 13:08:36,452 - hybrid_pipeline - INFO - Tile tile_x10752_y11520: 核心遮罩全空 → 空白 placeholder
2026-07-26 13:08:37,379 - hybrid_pipeline - INFO - [381/576] 已回收 tile_x16896_y11520
2026-07-26 13:08:37,420 - m3_module.m3_cells_generator - INFO - All-positive 標註完成: 147 個細胞
2026-07-26 13:08:37,478 - m3_module.m3_cells_generator - INFO - enlarge_cell_instances: 147 顆細胞, factor=1.50(面積), 中位半徑=26.1px, 外擴=5.9px
2026-07-26 13:08:37,509 - m3_module.m3_elastic_matching - INFO - elastic_dish_nucleus_matching(overlap-first): IHC=147, DISH=230, matched(1核)=24 (其中重疊=24), drop-out(競爭落敗)=0, 無候選(計入)=123, factor=1.50, min_reach=20.0
2026-07-26 13:08:37,533 - hybrid_pipeline - INFO - [382/576] 已回收 tile_x17664_y11520
2026-07-26 13:08:37,535 - hybrid_pipeline - INFO - [383/576] 已回收 tile_x9984_y11520
2026-07-26 13:08:37,544 - hybrid_pipeline - INFO - [384/576] 已回收 tile_x10752_y11520
2026-07-26 13:08:37,563 - m3_module.m3_cells_generator - INFO - All-positive 標註完成: 143 個細胞
2026-07-26 13:08:37,572 - m3_module.m3_cells_generator - INFO - All-positive 標註完成: 145 個細胞
2026-07-26 13:08:37,578 - m3_module.m3_cells_generator - INFO - All-positive 標註完成: 160 個細胞
2026-07-26 13:08:37,621 - m3_module.m3_cells_generator - INFO - enlarge_cell_instances: 143 顆細胞, factor=1.50(面積), 中位半徑=23.0px, 外擴=5.2px
2026-07-26 13:08:37,636 - m3_module.m3_cells_generator - INFO - enlarge_cell_instances: 145 顆細胞, factor=1.50(面積), 中位半徑=27.9px, 外擴=6.3px
2026-07-26 13:08:37,641 - m3_module.m3_cells_generator - INFO - enlarge_cell_instances: 160 顆細胞, factor=1.50(面積), 中位半徑=24.3px, 外擴=5.5px
2026-07-26 13:08:37,648 - m3_module.m3_dot_detection - INFO - detect_all_dots: 紅點=2, 黑點=4, 涉及細胞=147
2026-07-26 13:08:37,651 - m3_module.m3_elastic_matching - INFO - elastic_dish_nucleus_matching(overlap-first): IHC=143, DISH=25, matched(1核)=21 (其中重疊=21), drop-out(競爭落敗)=6, 無候選(計入)=116, factor=1.50, min_reach=20.0
2026-07-26 13:08:37,667 - m3_module.m3_elastic_matching - INFO - elastic_dish_nucleus_matching(overlap-first): IHC=145, DISH=18, matched(1核)=14 (其中重疊=14), drop-out(競爭落敗)=7, 無候選(計入)=124, factor=1.50, min_reach=20.0
2026-07-26 13:08:37,677 - m3_module.m3_elastic_matching - INFO - elastic_dish_nucleus_matching(overlap-first): IHC=160, DISH=20, matched(1核)=19 (其中重疊=19), drop-out(競爭落敗)=9, 無候選(計入)=132, factor=1.50, min_reach=20.0
2026-07-26 13:08:37,843 - m3_module.m3_dot_detection - INFO - detect_all_dots: 紅點=17, 黑點=27, 涉及細胞=143
2026-07-26 13:08:37,844 - m3_module.m3_dot_detection - INFO - detect_all_dots: 紅點=12, 黑點=25, 涉及細胞=145
2026-07-26 13:08:37,880 - m3_module.m3_dot_detection - INFO - detect_all_dots: 紅點=23, 黑點=44, 涉及細胞=160
2026-07-26 13:08:38,001 - m4_module.cell_crops - INFO - 匯出 91 張 per-cell 影像至 /data/taro_Projects/tsgh/output/r7_run/cell_crops/tile_x0_y12288/cells
2026-07-26 13:08:38,001 - hybrid_pipeline - INFO - Tile tile_x0_y12288 完成: 核心擁有 91 細胞 (91 陽性), 1.74 秒
2026-07-26 13:08:38,202 - m4_module.cell_crops - INFO - 匯出 74 張 per-cell 影像至 /data/taro_Projects/tsgh/output/r7_run/cell_crops/tile_x2304_y12288/cells
2026-07-26 13:08:38,202 - hybrid_pipeline - INFO - Tile tile_x2304_y12288 完成: 核心擁有 74 細胞 (74 陽性), 1.88 秒
2026-07-26 13:08:38,227 - m4_module.cell_crops - INFO - 匯出 73 張 per-cell 影像至 /data/taro_Projects/tsgh/output/r7_run/cell_crops/tile_x768_y12288/cells
2026-07-26 13:08:38,227 - hybrid_pipeline - INFO - Tile tile_x768_y12288 完成: 核心擁有 73 細胞 (73 陽性), 1.96 秒
2026-07-26 13:08:38,263 - m4_module.cell_crops - INFO - 匯出 81 張 per-cell 影像至 /data/taro_Projects/tsgh/output/r7_run/cell_crops/tile_x1536_y12288/cells
2026-07-26 13:08:38,263 - hybrid_pipeline - INFO - Tile tile_x1536_y12288 完成: 核心擁有 81 細胞 (81 陽性), 1.84 秒
2026-07-26 13:08:38,333 - hybrid_pipeline - INFO - [385/576] 已回收 tile_x0_y12288
2026-07-26 13:08:38,366 - m3_module.m3_cells_generator - INFO - All-positive 標註完成: 113 個細胞
2026-07-26 13:08:38,424 - m3_module.m3_cells_generator - INFO - enlarge_cell_instances: 113 顆細胞, factor=1.50(面積), 中位半徑=26.8px, 外擴=6.0px
2026-07-26 13:08:38,453 - m3_module.m3_elastic_matching - INFO - elastic_dish_nucleus_matching(overlap-first): IHC=113, DISH=14, matched(1核)=11 (其中重疊=11), drop-out(競爭落敗)=7, 無候選(計入)=95, factor=1.50, min_reach=20.0
2026-07-26 13:08:38,598 - m3_module.m3_dot_detection - INFO - detect_all_dots: 紅點=10, 黑點=11, 涉及細胞=113
2026-07-26 13:08:38,708 - hybrid_pipeline - INFO - [386/576] 已回收 tile_x1536_y12288
2026-07-26 13:08:38,744 - m3_module.m3_cells_generator - INFO - All-positive 標註完成: 21 個細胞
2026-07-26 13:08:38,782 - m3_module.m3_cells_generator - INFO - enlarge_cell_instances: 21 顆細胞, factor=1.50(面積), 中位半徑=30.0px, 外擴=6.7px
2026-07-26 13:08:38,807 - m3_module.m3_elastic_matching - INFO - elastic_dish_nucleus_matching(overlap-first): IHC=21, DISH=3, matched(1核)=1 (其中重疊=1), drop-out(競爭落敗)=0, 無候選(計入)=20, factor=1.50, min_reach=20.0
2026-07-26 13:08:38,827 - hybrid_pipeline - INFO - [387/576] 已回收 tile_x2304_y12288
2026-07-26 13:08:38,857 - hybrid_pipeline - INFO - [388/576] 已回收 tile_x768_y12288
2026-07-26 13:08:38,862 - m3_module.m3_cells_generator - INFO - All-positive 標註完成: 145 個細胞
2026-07-26 13:08:38,886 - m3_module.m3_cells_generator - INFO - All-positive 標註完成: 156 個細胞
2026-07-26 13:08:38,908 - m4_module.cell_crops - INFO - 匯出 74 張 per-cell 影像至 /data/taro_Projects/tsgh/output/r7_run/cell_crops/tile_x4608_y12288/cells
2026-07-26 13:08:38,908 - hybrid_pipeline - INFO - Tile tile_x4608_y12288 完成: 核心擁有 74 細胞 (74 陽性), 1.53 秒
2026-07-26 13:08:38,924 - m3_module.m3_cells_generator - INFO - enlarge_cell_instances: 145 顆細胞, factor=1.50(面積), 中位半徑=22.5px, 外擴=5.1px
2026-07-26 13:08:38,931 - m3_module.m3_dot_detection - INFO - detect_all_dots: 紅點=1, 黑點=2, 涉及細胞=21
2026-07-26 13:08:38,945 - m3_module.m3_cells_generator - INFO - enlarge_cell_instances: 156 顆細胞, factor=1.50(面積), 中位半徑=27.2px, 外擴=6.1px
2026-07-26 13:08:38,956 - m3_module.m3_elastic_matching - INFO - elastic_dish_nucleus_matching(overlap-first): IHC=145, DISH=61, matched(1核)=52 (其中重疊=52), drop-out(競爭落敗)=16, 無候選(計入)=77, factor=1.50, min_reach=20.0
2026-07-26 13:08:38,971 - m3_module.m3_elastic_matching - INFO - elastic_dish_nucleus_matching(overlap-first): IHC=156, DISH=35, matched(1核)=32 (其中重疊=32), drop-out(競爭落敗)=13, 無候選(計入)=111, factor=1.50, min_reach=20.0
2026-07-26 13:08:39,054 - m4_module.cell_crops - INFO - 匯出 5 張 per-cell 影像至 /data/taro_Projects/tsgh/output/r7_run/cell_crops/tile_x5376_y12288/cells
2026-07-26 13:08:39,054 - hybrid_pipeline - INFO - Tile tile_x5376_y12288 完成: 核心擁有 5 細胞 (5 陽性), 1.51 秒
2026-07-26 13:08:39,055 - hybrid_pipeline - INFO - [389/576] 已回收 tile_x5376_y12288
2026-07-26 13:08:39,081 - hybrid_pipeline - INFO - Tile tile_x6912_y12288: 核心遮罩全空 → 空白 placeholder
2026-07-26 13:08:39,110 - hybrid_pipeline - INFO - [390/576] 已回收 tile_x6912_y12288
2026-07-26 13:08:39,135 - hybrid_pipeline - INFO - Tile tile_x12288_y12288: 核心遮罩全空 → 空白 placeholder
2026-07-26 13:08:39,148 - hybrid_pipeline - INFO - [391/576] 已回收 tile_x12288_y12288
2026-07-26 13:08:39,152 - hybrid_pipeline - INFO - [392/576] 已回收 tile_x4608_y12288
2026-07-26 13:08:39,176 - hybrid_pipeline - INFO - Tile tile_x9216_y12288: 核心遮罩全空 → 空白 placeholder
2026-07-26 13:08:39,176 - m3_module.m3_cells_generator - INFO - All-positive 標註完成: 12 個細胞
2026-07-26 13:08:39,185 - m3_module.m3_dot_detection - INFO - detect_all_dots: 紅點=34, 黑點=42, 涉及細胞=156
2026-07-26 13:08:39,206 - hybrid_pipeline - INFO - [393/576] 已回收 tile_x9216_y12288
2026-07-26 13:08:39,207 - m3_module.m3_cells_generator - INFO - enlarge_cell_instances: 12 顆細胞, factor=1.50(面積), 中位半徑=14.8px, 外擴=3.3px
2026-07-26 13:08:39,221 - m3_module.m3_dot_detection - INFO - detect_all_dots: 紅點=52, 黑點=66, 涉及細胞=145
2026-07-26 13:08:39,230 - m3_module.m3_elastic_matching - INFO - elastic_dish_nucleus_matching(overlap-first): IHC=12, DISH=7, matched(1核)=3 (其中重疊=3), drop-out(競爭落敗)=0, 無候選(計入)=9, factor=1.50, min_reach=20.0
2026-07-26 13:08:39,234 - hybrid_pipeline - INFO - Tile tile_x11520_y12288: 核心遮罩全空 → 空白 placeholder
2026-07-26 13:08:39,244 - hybrid_pipeline - INFO - [394/576] 已回收 tile_x11520_y12288
2026-07-26 13:08:39,271 - hybrid_pipeline - INFO - Tile tile_x9984_y12288: 核心遮罩全空 → 空白 placeholder
2026-07-26 13:08:39,282 - hybrid_pipeline - INFO - [395/576] 已回收 tile_x9984_y12288
2026-07-26 13:08:39,307 - hybrid_pipeline - INFO - Tile tile_x10752_y12288: 核心遮罩全空 → 空白 placeholder
2026-07-26 13:08:39,319 - hybrid_pipeline - INFO - [396/576] 已回收 tile_x10752_y12288
2026-07-26 13:08:39,342 - hybrid_pipeline - INFO - Tile tile_x13824_y12288: 核心遮罩全空 → 空白 placeholder
2026-07-26 13:08:39,351 - m3_module.m3_dot_detection - INFO - detect_all_dots: 紅點=2, 黑點=2, 涉及細胞=12
2026-07-26 13:08:39,356 - hybrid_pipeline - INFO - [397/576] 已回收 tile_x13824_y12288
2026-07-26 13:08:39,382 - hybrid_pipeline - INFO - Tile tile_x14592_y12288: 核心遮罩全空 → 空白 placeholder
2026-07-26 13:08:39,393 - hybrid_pipeline - INFO - [398/576] 已回收 tile_x14592_y12288
2026-07-26 13:08:39,419 - hybrid_pipeline - INFO - Tile tile_x15360_y12288: 核心遮罩全空 → 空白 placeholder
2026-07-26 13:08:39,428 - hybrid_pipeline - INFO - [399/576] 已回收 tile_x15360_y12288
2026-07-26 13:08:39,444 - m4_module.cell_crops - INFO - 匯出 3 張 per-cell 影像至 /data/taro_Projects/tsgh/output/r7_run/cell_crops/tile_x6144_y12288/cells
2026-07-26 13:08:39,444 - hybrid_pipeline - INFO - Tile tile_x6144_y12288 完成: 核心擁有 3 細胞 (3 陽性), 1.11 秒
2026-07-26 13:08:39,445 - hybrid_pipeline - INFO - [400/576] 已回收 tile_x6144_y12288
2026-07-26 13:08:39,453 - hybrid_pipeline - INFO - Tile tile_x16896_y12288: 核心遮罩全空 → 空白 placeholder
2026-07-26 13:08:39,465 - hybrid_pipeline - INFO - [401/576] 已回收 tile_x16896_y12288
2026-07-26 13:08:39,469 - hybrid_pipeline - INFO - Tile tile_x13056_y12288: 核心遮罩全空 → 空白 placeholder
2026-07-26 13:08:39,484 - hybrid_pipeline - INFO - [402/576] 已回收 tile_x13056_y12288
2026-07-26 13:08:39,490 - hybrid_pipeline - INFO - Tile tile_x16128_y12288: 核心遮罩全空 → 空白 placeholder
2026-07-26 13:08:39,508 - hybrid_pipeline - INFO - Tile tile_x17664_y12288: 核心遮罩全空 → 空白 placeholder
2026-07-26 13:08:39,569 - m4_module.cell_crops - INFO - 匯出 61 張 per-cell 影像至 /data/taro_Projects/tsgh/output/r7_run/cell_crops/tile_x3072_y12288/cells
2026-07-26 13:08:39,570 - hybrid_pipeline - INFO - Tile tile_x3072_y12288 完成: 核心擁有 61 細胞 (61 陽性), 2.03 秒
2026-07-26 13:08:39,571 - hybrid_pipeline - INFO - [403/576] 已回收 tile_x3072_y12288
2026-07-26 13:08:39,584 - m4_module.cell_crops - INFO - 匯出 81 張 per-cell 影像至 /data/taro_Projects/tsgh/output/r7_run/cell_crops/tile_x3840_y12288/cells
2026-07-26 13:08:39,584 - hybrid_pipeline - INFO - Tile tile_x3840_y12288 完成: 核心擁有 81 細胞 (81 陽性), 2.05 秒
2026-07-26 13:08:39,584 - hybrid_pipeline - INFO - [404/576] 已回收 tile_x3840_y12288
2026-07-26 13:08:39,600 - hybrid_pipeline - INFO - Tile tile_x8448_y12288: 核心遮罩全空 → 空白 placeholder
2026-07-26 13:08:39,616 - hybrid_pipeline - INFO - Tile tile_x7680_y12288: 核心遮罩全空 → 空白 placeholder
2026-07-26 13:08:40,630 - hybrid_pipeline - INFO - [405/576] 已回收 tile_x17664_y12288
2026-07-26 13:08:40,663 - m3_module.m3_cells_generator - INFO - All-positive 標註完成: 136 個細胞
2026-07-26 13:08:40,723 - m3_module.m3_cells_generator - INFO - enlarge_cell_instances: 136 顆細胞, factor=1.50(面積), 中位半徑=24.9px, 外擴=5.6px
2026-07-26 13:08:40,751 - m3_module.m3_elastic_matching - INFO - elastic_dish_nucleus_matching(overlap-first): IHC=136, DISH=22, matched(1核)=17 (其中重疊=17), drop-out(競爭落敗)=7, 無候選(計入)=112, factor=1.50, min_reach=20.0
2026-07-26 13:08:40,755 - hybrid_pipeline - INFO - [406/576] 已回收 tile_x16128_y12288
2026-07-26 13:08:40,782 - hybrid_pipeline - INFO - [407/576] 已回收 tile_x7680_y12288
2026-07-26 13:08:40,788 - hybrid_pipeline - INFO - [408/576] 已回收 tile_x8448_y12288
2026-07-26 13:08:40,796 - m3_module.m3_cells_generator - INFO - All-positive 標註完成: 147 個細胞
2026-07-26 13:08:40,812 - m3_module.m3_cells_generator - INFO - All-positive 標註完成: 100 個細胞
2026-07-26 13:08:40,816 - m3_module.m3_cells_generator - INFO - All-positive 標註完成: 124 個細胞
2026-07-26 13:08:40,853 - m3_module.m3_cells_generator - INFO - enlarge_cell_instances: 147 顆細胞, factor=1.50(面積), 中位半徑=26.8px, 外擴=6.0px
2026-07-26 13:08:40,873 - m3_module.m3_cells_generator - INFO - enlarge_cell_instances: 100 顆細胞, factor=1.50(面積), 中位半徑=23.1px, 外擴=5.2px
2026-07-26 13:08:40,883 - m3_module.m3_cells_generator - INFO - enlarge_cell_instances: 124 顆細胞, factor=1.50(面積), 中位半徑=25.2px, 外擴=5.7px
2026-07-26 13:08:40,886 - m3_module.m3_elastic_matching - INFO - elastic_dish_nucleus_matching(overlap-first): IHC=147, DISH=30, matched(1核)=18 (其中重疊=18), drop-out(競爭落敗)=7, 無候選(計入)=122, factor=1.50, min_reach=20.0
2026-07-26 13:08:40,907 - m3_module.m3_elastic_matching - INFO - elastic_dish_nucleus_matching(overlap-first): IHC=100, DISH=6, matched(1核)=4 (其中重疊=4), drop-out(競爭落敗)=0, 無候選(計入)=96, factor=1.50, min_reach=20.0
2026-07-26 13:08:40,918 - m3_module.m3_elastic_matching - INFO - elastic_dish_nucleus_matching(overlap-first): IHC=124, DISH=23, matched(1核)=20 (其中重疊=20), drop-out(競爭落敗)=13, 無候選(計入)=91, factor=1.50, min_reach=20.0
2026-07-26 13:08:40,963 - m3_module.m3_dot_detection - INFO - detect_all_dots: 紅點=31, 黑點=46, 涉及細胞=136
2026-07-26 13:08:41,044 - m3_module.m3_dot_detection - INFO - detect_all_dots: 紅點=1, 黑點=2, 涉及細胞=100
2026-07-26 13:08:41,074 - m3_module.m3_dot_detection - INFO - detect_all_dots: 紅點=24, 黑點=31, 涉及細胞=147
2026-07-26 13:08:41,174 - m3_module.m3_dot_detection - INFO - detect_all_dots: 紅點=52, 黑點=87, 涉及細胞=124
2026-07-26 13:08:41,256 - m4_module.cell_crops - INFO - 匯出 43 張 per-cell 影像至 /data/taro_Projects/tsgh/output/r7_run/cell_crops/tile_x2304_y13056/cells
2026-07-26 13:08:41,256 - hybrid_pipeline - INFO - Tile tile_x2304_y13056 完成: 核心擁有 43 細胞 (43 陽性), 1.67 秒
2026-07-26 13:08:41,320 - m4_module.cell_crops - INFO - 匯出 65 張 per-cell 影像至 /data/taro_Projects/tsgh/output/r7_run/cell_crops/tile_x768_y13056/cells
2026-07-26 13:08:41,321 - hybrid_pipeline - INFO - Tile tile_x768_y13056 完成: 核心擁有 65 細胞 (65 陽性), 1.84 秒
2026-07-26 13:08:41,469 - m4_module.cell_crops - INFO - 匯出 89 張 per-cell 影像至 /data/taro_Projects/tsgh/output/r7_run/cell_crops/tile_x0_y13056/cells
2026-07-26 13:08:41,469 - hybrid_pipeline - INFO - Tile tile_x0_y13056 完成: 核心擁有 89 細胞 (89 陽性), 2.00 秒
2026-07-26 13:08:41,480 - m4_module.cell_crops - INFO - 匯出 72 張 per-cell 影像至 /data/taro_Projects/tsgh/output/r7_run/cell_crops/tile_x1536_y13056/cells
2026-07-26 13:08:41,480 - hybrid_pipeline - INFO - Tile tile_x1536_y13056 完成: 核心擁有 72 細胞 (72 陽性), 1.91 秒
2026-07-26 13:08:41,652 - hybrid_pipeline - INFO - [409/576] 已回收 tile_x768_y13056
2026-07-26 13:08:41,683 - m3_module.m3_cells_generator - INFO - All-positive 標註完成: 134 個細胞
2026-07-26 13:08:41,736 - m3_module.m3_cells_generator - INFO - enlarge_cell_instances: 134 顆細胞, factor=1.50(面積), 中位半徑=20.1px, 外擴=4.5px
2026-07-26 13:08:41,767 - m3_module.m3_elastic_matching - INFO - elastic_dish_nucleus_matching(overlap-first): IHC=134, DISH=58, matched(1核)=34 (其中重疊=34), drop-out(競爭落敗)=8, 無候選(計入)=92, factor=1.50, min_reach=20.0
2026-07-26 13:08:41,849 - hybrid_pipeline - INFO - [410/576] 已回收 tile_x0_y13056
2026-07-26 13:08:41,884 - m3_module.m3_cells_generator - INFO - All-positive 標註完成: 109 個細胞
2026-07-26 13:08:41,904 - hybrid_pipeline - INFO - [411/576] 已回收 tile_x2304_y13056
2026-07-26 13:08:41,927 - m3_module.m3_cells_generator - INFO - All-positive 標註完成: 17 個細胞
2026-07-26 13:08:41,941 - m3_module.m3_cells_generator - INFO - enlarge_cell_instances: 109 顆細胞, factor=1.50(面積), 中位半徑=25.2px, 外擴=5.7px
2026-07-26 13:08:41,968 - m3_module.m3_cells_generator - INFO - enlarge_cell_instances: 17 顆細胞, factor=1.50(面積), 中位半徑=23.3px, 外擴=5.2px
2026-07-26 13:08:41,971 - m3_module.m3_elastic_matching - INFO - elastic_dish_nucleus_matching(overlap-first): IHC=109, DISH=31, matched(1核)=17 (其中重疊=17), drop-out(競爭落敗)=5, 無候選(計入)=87, factor=1.50, min_reach=20.0
2026-07-26 13:08:41,979 - m3_module.m3_dot_detection - INFO - detect_all_dots: 紅點=27, 黑點=37, 涉及細胞=134
2026-07-26 13:08:41,987 - hybrid_pipeline - INFO - [412/576] 已回收 tile_x1536_y13056
2026-07-26 13:08:41,996 - m3_module.m3_elastic_matching - INFO - elastic_dish_nucleus_matching(overlap-first): IHC=17, DISH=2, matched(1核)=1 (其中重疊=1), drop-out(競爭落敗)=0, 無候選(計入)=16, factor=1.50, min_reach=20.0
2026-07-26 13:08:42,018 - m3_module.m3_cells_generator - INFO - All-positive 標註完成: 103 個細胞
2026-07-26 13:08:42,076 - m3_module.m3_cells_generator - INFO - enlarge_cell_instances: 103 顆細胞, factor=1.50(面積), 中位半徑=24.8px, 外擴=5.6px
2026-07-26 13:08:42,105 - m3_module.m3_elastic_matching - INFO - elastic_dish_nucleus_matching(overlap-first): IHC=103, DISH=15, matched(1核)=13 (其中重疊=13), drop-out(競爭落敗)=7, 無候選(計入)=83, factor=1.50, min_reach=20.0
2026-07-26 13:08:42,120 - m3_module.m3_dot_detection - INFO - detect_all_dots: 紅點=0, 黑點=0, 涉及細胞=17
2026-07-26 13:08:42,138 - m3_module.m3_dot_detection - INFO - detect_all_dots: 紅點=10, 黑點=13, 涉及細胞=109
2026-07-26 13:08:42,226 - m4_module.cell_crops - INFO - 匯出 5 張 per-cell 影像至 /data/taro_Projects/tsgh/output/r7_run/cell_crops/tile_x5376_y13056/cells
2026-07-26 13:08:42,226 - hybrid_pipeline - INFO - Tile tile_x5376_y13056 完成: 核心擁有 5 細胞 (5 陽性), 1.44 秒
2026-07-26 13:08:42,262 - m3_module.m3_dot_detection - INFO - detect_all_dots: 紅點=12, 黑點=17, 涉及細胞=103
2026-07-26 13:08:42,345 - m4_module.cell_crops - INFO - 匯出 86 張 per-cell 影像至 /data/taro_Projects/tsgh/output/r7_run/cell_crops/tile_x3072_y13056/cells
2026-07-26 13:08:42,345 - hybrid_pipeline - INFO - Tile tile_x3072_y13056 完成: 核心擁有 86 細胞 (86 陽性), 1.72 秒
2026-07-26 13:08:42,446 - hybrid_pipeline - INFO - [413/576] 已回收 tile_x3072_y13056
2026-07-26 13:08:42,465 - m4_module.cell_crops - INFO - 匯出 55 張 per-cell 影像至 /data/taro_Projects/tsgh/output/r7_run/cell_crops/tile_x3840_y13056/cells
2026-07-26 13:08:42,465 - hybrid_pipeline - INFO - Tile tile_x3840_y13056 完成: 核心擁有 55 細胞 (55 陽性), 1.71 秒
2026-07-26 13:08:42,467 - hybrid_pipeline - INFO - [414/576] 已回收 tile_x3840_y13056
2026-07-26 13:08:42,479 - m3_module.m3_cells_generator - INFO - All-positive 標註完成: 33 個細胞
2026-07-26 13:08:42,492 - hybrid_pipeline - INFO - Tile tile_x7680_y13056: 核心遮罩全空 → 空白 placeholder
2026-07-26 13:08:42,505 - hybrid_pipeline - INFO - [415/576] 已回收 tile_x7680_y13056
2026-07-26 13:08:42,521 - m3_module.m3_cells_generator - INFO - enlarge_cell_instances: 33 顆細胞, factor=1.50(面積), 中位半徑=20.7px, 外擴=4.7px
2026-07-26 13:08:42,530 - hybrid_pipeline - INFO - Tile tile_x10752_y13056: 核心遮罩全空 → 空白 placeholder
2026-07-26 13:08:42,545 - m3_module.m3_elastic_matching - INFO - elastic_dish_nucleus_matching(overlap-first): IHC=33, DISH=5, matched(1核)=3 (其中重疊=3), drop-out(競爭落敗)=0, 無候選(計入)=30, factor=1.50, min_reach=20.0
2026-07-26 13:08:42,550 - m4_module.cell_crops - INFO - 匯出 57 張 per-cell 影像至 /data/taro_Projects/tsgh/output/r7_run/cell_crops/tile_x4608_y13056/cells
2026-07-26 13:08:42,550 - hybrid_pipeline - INFO - Tile tile_x4608_y13056 完成: 核心擁有 57 細胞 (57 陽性), 1.76 秒
2026-07-26 13:08:42,552 - hybrid_pipeline - INFO - [416/576] 已回收 tile_x4608_y13056
2026-07-26 13:08:42,563 - hybrid_pipeline - INFO - [417/576] 已回收 tile_x10752_y13056
2026-07-26 13:08:42,577 - hybrid_pipeline - INFO - Tile tile_x9216_y13056: 核心遮罩全空 → 空白 placeholder
2026-07-26 13:08:42,596 - hybrid_pipeline - INFO - Tile tile_x11520_y13056: 核心遮罩全空 → 空白 placeholder
2026-07-26 13:08:42,613 - hybrid_pipeline - INFO - [418/576] 已回收 tile_x5376_y13056
2026-07-26 13:08:42,615 - hybrid_pipeline - INFO - [419/576] 已回收 tile_x9216_y13056
2026-07-26 13:08:42,618 - hybrid_pipeline - INFO - [420/576] 已回收 tile_x11520_y13056
2026-07-26 13:08:42,643 - m3_module.m3_cells_generator - INFO - All-positive 標註完成: 3 個細胞
2026-07-26 13:08:42,646 - hybrid_pipeline - INFO - Tile tile_x9984_y13056: 核心遮罩全空 → 空白 placeholder
2026-07-26 13:08:42,648 - hybrid_pipeline - INFO - Tile tile_x12288_y13056: 核心遮罩全空 → 空白 placeholder
2026-07-26 13:08:42,670 - m3_module.m3_cells_generator - INFO - enlarge_cell_instances: 3 顆細胞, factor=1.50(面積), 中位半徑=18.6px, 外擴=4.2px
2026-07-26 13:08:42,672 - m3_module.m3_dot_detection - INFO - detect_all_dots: 紅點=1, 黑點=1, 涉及細胞=33
2026-07-26 13:08:42,696 - hybrid_pipeline - INFO - [421/576] 已回收 tile_x9984_y13056
2026-07-26 13:08:42,697 - hybrid_pipeline - INFO - [422/576] 已回收 tile_x12288_y13056
2026-07-26 13:08:42,720 - hybrid_pipeline - INFO - Tile tile_x13824_y13056: 核心遮罩全空 → 空白 placeholder
2026-07-26 13:08:42,723 - hybrid_pipeline - INFO - Tile tile_x15360_y13056: 核心遮罩全空 → 空白 placeholder
2026-07-26 13:08:42,747 - hybrid_pipeline - INFO - [423/576] 已回收 tile_x13824_y13056
2026-07-26 13:08:42,751 - hybrid_pipeline - INFO - [424/576] 已回收 tile_x15360_y13056
2026-07-26 13:08:42,773 - hybrid_pipeline - INFO - Tile tile_x14592_y13056: 核心遮罩全空 → 空白 placeholder
2026-07-26 13:08:42,777 - hybrid_pipeline - INFO - Tile tile_x16128_y13056: 核心遮罩全空 → 空白 placeholder
2026-07-26 13:08:42,801 - hybrid_pipeline - INFO - [425/576] 已回收 tile_x14592_y13056
2026-07-26 13:08:42,805 - hybrid_pipeline - INFO - [426/576] 已回收 tile_x16128_y13056
2026-07-26 13:08:42,806 - m3_module.m3_dot_detection - INFO - detect_all_dots: 紅點=0, 黑點=0, 涉及細胞=3
2026-07-26 13:08:42,812 - m4_module.cell_crops - INFO - 匯出 30 張 per-cell 影像至 /data/taro_Projects/tsgh/output/r7_run/cell_crops/tile_x6144_y13056/cells
2026-07-26 13:08:42,812 - hybrid_pipeline - INFO - Tile tile_x6144_y13056 完成: 核心擁有 30 細胞 (30 陽性), 1.16 秒
2026-07-26 13:08:42,813 - hybrid_pipeline - INFO - [427/576] 已回收 tile_x6144_y13056
2026-07-26 13:08:42,829 - hybrid_pipeline - INFO - Tile tile_x17664_y13056: 核心遮罩全空 → 空白 placeholder
2026-07-26 13:08:42,832 - hybrid_pipeline - INFO - Tile tile_x16896_y13056: 核心遮罩全空 → 空白 placeholder
2026-07-26 13:08:42,838 - hybrid_pipeline - INFO - Tile tile_x8448_y13056: 核心遮罩全空 → 空白 placeholder
2026-07-26 13:08:42,849 - m4_module.cell_crops - INFO - 匯出 0 張 per-cell 影像至 /data/taro_Projects/tsgh/output/r7_run/cell_crops/tile_x6912_y13056/cells
2026-07-26 13:08:42,849 - hybrid_pipeline - INFO - Tile tile_x6912_y13056 完成: 核心擁有 0 細胞 (0 陽性), 0.95 秒
2026-07-26 13:08:42,850 - hybrid_pipeline - INFO - [428/576] 已回收 tile_x6912_y13056
2026-07-26 13:08:42,873 - hybrid_pipeline - INFO - Tile tile_x13056_y13056: 核心遮罩全空 → 空白 placeholder
2026-07-26 13:08:43,887 - hybrid_pipeline - INFO - [429/576] 已回收 tile_x17664_y13056
2026-07-26 13:08:43,918 - m3_module.m3_cells_generator - INFO - All-positive 標註完成: 103 個細胞
2026-07-26 13:08:43,953 - hybrid_pipeline - INFO - [430/576] 已回收 tile_x13056_y13056
2026-07-26 13:08:43,983 - m3_module.m3_cells_generator - INFO - enlarge_cell_instances: 103 顆細胞, factor=1.50(面積), 中位半徑=27.0px, 外擴=6.1px
2026-07-26 13:08:43,987 - m3_module.m3_cells_generator - INFO - All-positive 標註完成: 97 個細胞
2026-07-26 13:08:44,018 - m3_module.m3_elastic_matching - INFO - elastic_dish_nucleus_matching(overlap-first): IHC=103, DISH=66, matched(1核)=46 (其中重疊=46), drop-out(競爭落敗)=12, 無候選(計入)=45, factor=1.50, min_reach=20.0
2026-07-26 13:08:44,050 - m3_module.m3_cells_generator - INFO - enlarge_cell_instances: 97 顆細胞, factor=1.50(面積), 中位半徑=23.0px, 外擴=5.2px
2026-07-26 13:08:44,080 - m3_module.m3_elastic_matching - INFO - elastic_dish_nucleus_matching(overlap-first): IHC=97, DISH=25, matched(1核)=20 (其中重疊=20), drop-out(競爭落敗)=12, 無候選(計入)=65, factor=1.50, min_reach=20.0
2026-07-26 13:08:44,101 - hybrid_pipeline - INFO - [431/576] 已回收 tile_x8448_y13056
2026-07-26 13:08:44,118 - hybrid_pipeline - INFO - [432/576] 已回收 tile_x16896_y13056
2026-07-26 13:08:44,135 - m3_module.m3_cells_generator - INFO - All-positive 標註完成: 135 個細胞
2026-07-26 13:08:44,153 - m3_module.m3_cells_generator - INFO - All-positive 標註完成: 115 個細胞
2026-07-26 13:08:44,200 - m3_module.m3_cells_generator - INFO - enlarge_cell_instances: 135 顆細胞, factor=1.50(面積), 中位半徑=26.3px, 外擴=5.9px
2026-07-26 13:08:44,214 - m3_module.m3_cells_generator - INFO - enlarge_cell_instances: 115 顆細胞, factor=1.50(面積), 中位半徑=30.0px, 外擴=6.7px
2026-07-26 13:08:44,238 - m3_module.m3_elastic_matching - INFO - elastic_dish_nucleus_matching(overlap-first): IHC=135, DISH=72, matched(1核)=46 (其中重疊=45), drop-out(競爭落敗)=10, 無候選(計入)=79, factor=1.50, min_reach=20.0
2026-07-26 13:08:44,247 - m3_module.m3_elastic_matching - INFO - elastic_dish_nucleus_matching(overlap-first): IHC=115, DISH=50, matched(1核)=33 (其中重疊=32), drop-out(競爭落敗)=11, 無候選(計入)=71, factor=1.50, min_reach=20.0
2026-07-26 13:08:44,288 - m3_module.m3_dot_detection - INFO - detect_all_dots: 紅點=30, 黑點=38, 涉及細胞=97
2026-07-26 13:08:44,375 - m3_module.m3_dot_detection - INFO - detect_all_dots: 紅點=94, 黑點=121, 涉及細胞=103
2026-07-26 13:08:44,463 - m3_module.m3_dot_detection - INFO - detect_all_dots: 紅點=31, 黑點=44, 涉及細胞=115
2026-07-26 13:08:44,510 - m3_module.m3_dot_detection - INFO - detect_all_dots: 紅點=66, 黑點=83, 涉及細胞=135
2026-07-26 13:08:44,547 - m4_module.cell_crops - INFO - 匯出 75 張 per-cell 影像至 /data/taro_Projects/tsgh/output/r7_run/cell_crops/tile_x2304_y13824/cells
2026-07-26 13:08:44,547 - hybrid_pipeline - INFO - Tile tile_x2304_y13824 完成: 核心擁有 75 細胞 (75 陽性), 1.70 秒
2026-07-26 13:08:44,666 - m4_module.cell_crops - INFO - 匯出 48 張 per-cell 影像至 /data/taro_Projects/tsgh/output/r7_run/cell_crops/tile_x1536_y13824/cells
2026-07-26 13:08:44,666 - hybrid_pipeline - INFO - Tile tile_x1536_y13824 完成: 核心擁有 48 細胞 (48 陽性), 1.86 秒
2026-07-26 13:08:44,834 - m4_module.cell_crops - INFO - 匯出 63 張 per-cell 影像至 /data/taro_Projects/tsgh/output/r7_run/cell_crops/tile_x0_y13824/cells
2026-07-26 13:08:44,834 - hybrid_pipeline - INFO - Tile tile_x0_y13824 完成: 核心擁有 63 細胞 (63 陽性), 2.03 秒
2026-07-26 13:08:44,889 - m4_module.cell_crops - INFO - 匯出 81 張 per-cell 影像至 /data/taro_Projects/tsgh/output/r7_run/cell_crops/tile_x768_y13824/cells
2026-07-26 13:08:44,890 - hybrid_pipeline - INFO - Tile tile_x768_y13824 完成: 核心擁有 81 細胞 (81 陽性), 2.08 秒
2026-07-26 13:08:45,021 - hybrid_pipeline - INFO - [433/576] 已回收 tile_x1536_y13824
2026-07-26 13:08:45,052 - m3_module.m3_cells_generator - INFO - All-positive 標註完成: 70 個細胞
2026-07-26 13:08:45,061 - hybrid_pipeline - INFO - [434/576] 已回收 tile_x2304_y13824
2026-07-26 13:08:45,093 - m3_module.m3_cells_generator - INFO - All-positive 標註完成: 67 個細胞
2026-07-26 13:08:45,110 - m3_module.m3_cells_generator - INFO - enlarge_cell_instances: 70 顆細胞, factor=1.50(面積), 中位半徑=21.4px, 外擴=4.8px
2026-07-26 13:08:45,127 - hybrid_pipeline - INFO - [435/576] 已回收 tile_x768_y13824
2026-07-26 13:08:45,137 - m3_module.m3_elastic_matching - INFO - elastic_dish_nucleus_matching(overlap-first): IHC=70, DISH=11, matched(1核)=10 (其中重疊=10), drop-out(競爭落敗)=0, 無候選(計入)=60, factor=1.50, min_reach=20.0
2026-07-26 13:08:45,151 - m3_module.m3_cells_generator - INFO - enlarge_cell_instances: 67 顆細胞, factor=1.50(面積), 中位半徑=24.4px, 外擴=5.5px
2026-07-26 13:08:45,155 - m3_module.m3_cells_generator - INFO - All-positive 標註完成: 80 個細胞
2026-07-26 13:08:45,176 - hybrid_pipeline - INFO - [436/576] 已回收 tile_x0_y13824
2026-07-26 13:08:45,181 - m3_module.m3_elastic_matching - INFO - elastic_dish_nucleus_matching(overlap-first): IHC=67, DISH=19, matched(1核)=13 (其中重疊=13), drop-out(競爭落敗)=4, 無候選(計入)=50, factor=1.50, min_reach=20.0
2026-07-26 13:08:45,209 - m3_module.m3_cells_generator - INFO - All-positive 標註完成: 136 個細胞
2026-07-26 13:08:45,211 - m3_module.m3_cells_generator - INFO - enlarge_cell_instances: 80 顆細胞, factor=1.50(面積), 中位半徑=23.8px, 外擴=5.3px
2026-07-26 13:08:45,239 - m3_module.m3_elastic_matching - INFO - elastic_dish_nucleus_matching(overlap-first): IHC=80, DISH=3, matched(1核)=2 (其中重疊=2), drop-out(競爭落敗)=2, 無候選(計入)=76, factor=1.50, min_reach=20.0
2026-07-26 13:08:45,280 - m3_module.m3_cells_generator - INFO - enlarge_cell_instances: 136 顆細胞, factor=1.50(面積), 中位半徑=22.3px, 外擴=5.0px
2026-07-26 13:08:45,306 - m3_module.m3_dot_detection - INFO - detect_all_dots: 紅點=8, 黑點=15, 涉及細胞=70
2026-07-26 13:08:45,312 - m3_module.m3_elastic_matching - INFO - elastic_dish_nucleus_matching(overlap-first): IHC=136, DISH=24, matched(1核)=19 (其中重疊=19), drop-out(競爭落敗)=4, 無候選(計入)=113, factor=1.50, min_reach=20.0
2026-07-26 13:08:45,349 - m3_module.m3_dot_detection - INFO - detect_all_dots: 紅點=14, 黑點=16, 涉及細胞=67
2026-07-26 13:08:45,373 - m3_module.m3_dot_detection - INFO - detect_all_dots: 紅點=1, 黑點=0, 涉及細胞=80
2026-07-26 13:08:45,445 - cellpose.dynamics - INFO - No cell pixels found.
2026-07-26 13:08:45,496 - m3_module.m3_dot_detection - INFO - detect_all_dots: 紅點=22, 黑點=30, 涉及細胞=136
2026-07-26 13:08:45,509 - cellpose.dynamics - INFO - No cell pixels found.
2026-07-26 13:08:45,550 - m4_module.cell_crops - INFO - 匯出 33 張 per-cell 影像至 /data/taro_Projects/tsgh/output/r7_run/cell_crops/tile_x3840_y13824/cells
2026-07-26 13:08:45,550 - hybrid_pipeline - INFO - Tile tile_x3840_y13824 完成: 核心擁有 33 細胞 (33 陽性), 1.66 秒
2026-07-26 13:08:45,564 - m4_module.cell_crops - INFO - 匯出 26 張 per-cell 影像至 /data/taro_Projects/tsgh/output/r7_run/cell_crops/tile_x3072_y13824/cells
2026-07-26 13:08:45,564 - hybrid_pipeline - INFO - Tile tile_x3072_y13824 完成: 核心擁有 26 細胞 (26 陽性), 1.61 秒
2026-07-26 13:08:45,565 - hybrid_pipeline - INFO - [437/576] 已回收 tile_x3072_y13824
2026-07-26 13:08:45,588 - m4_module.cell_crops - INFO - 匯出 45 張 per-cell 影像至 /data/taro_Projects/tsgh/output/r7_run/cell_crops/tile_x5376_y13824/cells
2026-07-26 13:08:45,588 - hybrid_pipeline - INFO - Tile tile_x5376_y13824 完成: 核心擁有 45 細胞 (45 陽性), 1.49 秒
2026-07-26 13:08:45,592 - hybrid_pipeline - INFO - Tile tile_x8448_y13824: 核心遮罩全空 → 空白 placeholder
2026-07-26 13:08:45,651 - hybrid_pipeline - INFO - [438/576] 已回收 tile_x8448_y13824
2026-07-26 13:08:45,681 - hybrid_pipeline - INFO - Tile tile_x10752_y13824: 核心遮罩全空 → 空白 placeholder
2026-07-26 13:08:45,739 - hybrid_pipeline - INFO - [439/576] 已回收 tile_x10752_y13824
2026-07-26 13:08:45,769 - hybrid_pipeline - INFO - Tile tile_x9216_y13824: 核心遮罩全空 → 空白 placeholder
2026-07-26 13:08:45,794 - m4_module.cell_crops - INFO - 匯出 83 張 per-cell 影像至 /data/taro_Projects/tsgh/output/r7_run/cell_crops/tile_x4608_y13824/cells
2026-07-26 13:08:45,794 - hybrid_pipeline - INFO - Tile tile_x4608_y13824 完成: 核心擁有 83 細胞 (83 陽性), 1.68 秒
2026-07-26 13:08:45,831 - hybrid_pipeline - INFO - [440/576] 已回收 tile_x9216_y13824
2026-07-26 13:08:45,861 - hybrid_pipeline - INFO - Tile tile_x11520_y13824: 核心遮罩全空 → 空白 placeholder
2026-07-26 13:08:45,882 - hybrid_pipeline - INFO - [441/576] 已回收 tile_x11520_y13824
2026-07-26 13:08:45,890 - hybrid_pipeline - INFO - [442/576] 已回收 tile_x3840_y13824
2026-07-26 13:08:45,907 - hybrid_pipeline - INFO - Tile tile_x9984_y13824: 核心遮罩全空 → 空白 placeholder
2026-07-26 13:08:45,914 - m3_module.m3_cells_generator - INFO - All-positive 標註完成: 6 個細胞
2026-07-26 13:08:45,946 - m3_module.m3_cells_generator - INFO - enlarge_cell_instances: 6 顆細胞, factor=1.50(面積), 中位半徑=21.6px, 外擴=4.9px
2026-07-26 13:08:45,948 - hybrid_pipeline - INFO - [443/576] 已回收 tile_x9984_y13824
2026-07-26 13:08:45,975 - hybrid_pipeline - INFO - Tile tile_x12288_y13824: 核心遮罩全空 → 空白 placeholder
2026-07-26 13:08:45,985 - hybrid_pipeline - INFO - [444/576] 已回收 tile_x5376_y13824
2026-07-26 13:08:45,990 - m3_module.m3_cells_generator - INFO - All-positive 標註完成: 0 個細胞
2026-07-26 13:08:45,993 - hybrid_pipeline - INFO - [445/576] 已回收 tile_x12288_y13824
2026-07-26 13:08:46,019 - hybrid_pipeline - INFO - Tile tile_x14592_y13824: 核心遮罩全空 → 空白 placeholder
2026-07-26 13:08:46,033 - hybrid_pipeline - INFO - [446/576] 已回收 tile_x4608_y13824
2026-07-26 13:08:46,045 - m3_module.m3_cells_generator - INFO - All-positive 標註完成: 0 個細胞
2026-07-26 13:08:46,046 - hybrid_pipeline - INFO - [447/576] 已回收 tile_x14592_y13824
2026-07-26 13:08:46,073 - hybrid_pipeline - INFO - Tile tile_x15360_y13824: 核心遮罩全空 → 空白 placeholder
2026-07-26 13:08:46,084 - m3_module.m3_dot_detection - INFO - detect_all_dots: 紅點=0, 黑點=0, 涉及細胞=6
2026-07-26 13:08:46,094 - hybrid_pipeline - INFO - [448/576] 已回收 tile_x15360_y13824
2026-07-26 13:08:46,119 - hybrid_pipeline - INFO - Tile tile_x16896_y13824: 核心遮罩全空 → 空白 placeholder
2026-07-26 13:08:46,127 - m3_module.m3_dot_detection - INFO - detect_all_dots: 紅點=0, 黑點=0, 涉及細胞=0
2026-07-26 13:08:46,130 - hybrid_pipeline - INFO - [449/576] 已回收 tile_x16896_y13824
2026-07-26 13:08:46,138 - m4_module.cell_crops - INFO - 匯出 5 張 per-cell 影像至 /data/taro_Projects/tsgh/output/r7_run/cell_crops/tile_x6144_y13824/cells
2026-07-26 13:08:46,138 - hybrid_pipeline - INFO - Tile tile_x6144_y13824 完成: 核心擁有 5 細胞 (5 陽性), 1.12 秒
2026-07-26 13:08:46,139 - hybrid_pipeline - INFO - [450/576] 已回收 tile_x6144_y13824
2026-07-26 13:08:46,155 - hybrid_pipeline - INFO - Tile tile_x17664_y13824: 核心遮罩全空 → 空白 placeholder
2026-07-26 13:08:46,161 - m4_module.cell_crops - INFO - 匯出 0 張 per-cell 影像至 /data/taro_Projects/tsgh/output/r7_run/cell_crops/tile_x6912_y13824/cells
2026-07-26 13:08:46,161 - hybrid_pipeline - INFO - Tile tile_x6912_y13824 完成: 核心擁有 0 細胞 (0 陽性), 1.03 秒
2026-07-26 13:08:46,161 - hybrid_pipeline - INFO - [451/576] 已回收 tile_x6912_y13824
2026-07-26 13:08:46,163 - hybrid_pipeline - INFO - Tile tile_x13824_y13824: 核心遮罩全空 → 空白 placeholder
2026-07-26 13:08:46,185 - m3_module.m3_dot_detection - INFO - detect_all_dots: 紅點=0, 黑點=0, 涉及細胞=0
2026-07-26 13:08:46,188 - hybrid_pipeline - INFO - Tile tile_x13056_y13824: 核心遮罩全空 → 空白 placeholder
2026-07-26 13:08:46,220 - m4_module.cell_crops - INFO - 匯出 0 張 per-cell 影像至 /data/taro_Projects/tsgh/output/r7_run/cell_crops/tile_x7680_y13824/cells
2026-07-26 13:08:46,220 - hybrid_pipeline - INFO - Tile tile_x7680_y13824 完成: 核心擁有 0 細胞 (0 陽性), 1.05 秒
2026-07-26 13:08:46,221 - hybrid_pipeline - INFO - [452/576] 已回收 tile_x7680_y13824
2026-07-26 13:08:46,249 - hybrid_pipeline - INFO - Tile tile_x16128_y13824: 核心遮罩全空 → 空白 placeholder
2026-07-26 13:08:47,169 - hybrid_pipeline - INFO - [453/576] 已回收 tile_x17664_y13824
2026-07-26 13:08:47,201 - m3_module.m3_cells_generator - INFO - All-positive 標註完成: 52 個細胞
2026-07-26 13:08:47,255 - m3_module.m3_cells_generator - INFO - enlarge_cell_instances: 52 顆細胞, factor=1.50(面積), 中位半徑=28.5px, 外擴=6.4px
2026-07-26 13:08:47,285 - m3_module.m3_elastic_matching - INFO - elastic_dish_nucleus_matching(overlap-first): IHC=52, DISH=14, matched(1核)=13 (其中重疊=13), drop-out(競爭落敗)=6, 無候選(計入)=33, factor=1.50, min_reach=20.0
2026-07-26 13:08:47,321 - hybrid_pipeline - INFO - [454/576] 已回收 tile_x13056_y13824
2026-07-26 13:08:47,353 - m3_module.m3_cells_generator - INFO - All-positive 標註完成: 93 個細胞
2026-07-26 13:08:47,373 - hybrid_pipeline - INFO - [455/576] 已回收 tile_x13824_y13824
2026-07-26 13:08:47,378 - hybrid_pipeline - INFO - [456/576] 已回收 tile_x16128_y13824
2026-07-26 13:08:47,404 - m3_module.m3_cells_generator - INFO - All-positive 標註完成: 89 個細胞
2026-07-26 13:08:47,408 - m3_module.m3_cells_generator - INFO - All-positive 標註完成: 57 個細胞
2026-07-26 13:08:47,412 - m3_module.m3_cells_generator - INFO - enlarge_cell_instances: 93 顆細胞, factor=1.50(面積), 中位半徑=23.4px, 外擴=5.3px
2026-07-26 13:08:47,442 - m3_module.m3_elastic_matching - INFO - elastic_dish_nucleus_matching(overlap-first): IHC=93, DISH=76, matched(1核)=36 (其中重疊=36), drop-out(競爭落敗)=2, 無候選(計入)=55, factor=1.50, min_reach=20.0
2026-07-26 13:08:47,448 - m3_module.m3_dot_detection - INFO - detect_all_dots: 紅點=13, 黑點=16, 涉及細胞=52
2026-07-26 13:08:47,466 - m3_module.m3_cells_generator - INFO - enlarge_cell_instances: 89 顆細胞, factor=1.50(面積), 中位半徑=28.0px, 外擴=6.3px
2026-07-26 13:08:47,471 - m3_module.m3_cells_generator - INFO - enlarge_cell_instances: 57 顆細胞, factor=1.50(面積), 中位半徑=32.0px, 外擴=7.2px
2026-07-26 13:08:47,502 - m3_module.m3_elastic_matching - INFO - elastic_dish_nucleus_matching(overlap-first): IHC=89, DISH=29, matched(1核)=19 (其中重疊=18), drop-out(競爭落敗)=4, 無候選(計入)=66, factor=1.50, min_reach=20.0
2026-07-26 13:08:47,503 - m3_module.m3_elastic_matching - INFO - elastic_dish_nucleus_matching(overlap-first): IHC=57, DISH=20, matched(1核)=18 (其中重疊=18), drop-out(競爭落敗)=7, 無候選(計入)=32, factor=1.50, min_reach=20.0
2026-07-26 13:08:47,644 - m4_module.cell_crops - INFO - 匯出 34 張 per-cell 影像至 /data/taro_Projects/tsgh/output/r7_run/cell_crops/tile_x0_y14592/cells
2026-07-26 13:08:47,644 - hybrid_pipeline - INFO - Tile tile_x0_y14592 完成: 核心擁有 34 細胞 (34 陽性), 1.51 秒
2026-07-26 13:08:47,676 - m3_module.m3_dot_detection - INFO - detect_all_dots: 紅點=36, 黑點=44, 涉及細胞=93
2026-07-26 13:08:47,690 - m3_module.m3_dot_detection - INFO - detect_all_dots: 紅點=16, 黑點=24, 涉及細胞=89
2026-07-26 13:08:47,695 - m3_module.m3_dot_detection - INFO - detect_all_dots: 紅點=26, 黑點=33, 涉及細胞=57
2026-07-26 13:08:47,935 - m4_module.cell_crops - INFO - 匯出 30 張 per-cell 影像至 /data/taro_Projects/tsgh/output/r7_run/cell_crops/tile_x768_y14592/cells
2026-07-26 13:08:47,935 - hybrid_pipeline - INFO - Tile tile_x768_y14592 完成: 核心擁有 30 細胞 (30 陽性), 1.71 秒
2026-07-26 13:08:47,974 - m4_module.cell_crops - INFO - 匯出 55 張 per-cell 影像至 /data/taro_Projects/tsgh/output/r7_run/cell_crops/tile_x2304_y14592/cells
2026-07-26 13:08:47,974 - hybrid_pipeline - INFO - Tile tile_x2304_y14592 完成: 核心擁有 55 細胞 (55 陽性), 1.81 秒
2026-07-26 13:08:47,993 - m4_module.cell_crops - INFO - 匯出 58 張 per-cell 影像至 /data/taro_Projects/tsgh/output/r7_run/cell_crops/tile_x3072_y14592/cells
2026-07-26 13:08:47,994 - hybrid_pipeline - INFO - Tile tile_x3072_y14592 完成: 核心擁有 58 細胞 (58 陽性), 1.85 秒
2026-07-26 13:08:48,086 - hybrid_pipeline - INFO - [457/576] 已回收 tile_x0_y14592
2026-07-26 13:08:48,119 - m3_module.m3_cells_generator - INFO - All-positive 標註完成: 67 個細胞
2026-07-26 13:08:48,174 - m3_module.m3_cells_generator - INFO - enlarge_cell_instances: 67 顆細胞, factor=1.50(面積), 中位半徑=28.1px, 外擴=6.3px
2026-07-26 13:08:48,202 - m3_module.m3_elastic_matching - INFO - elastic_dish_nucleus_matching(overlap-first): IHC=67, DISH=38, matched(1核)=28 (其中重疊=28), drop-out(競爭落敗)=3, 無候選(計入)=36, factor=1.50, min_reach=20.0
2026-07-26 13:08:48,259 - hybrid_pipeline - INFO - [458/576] 已回收 tile_x2304_y14592
2026-07-26 13:08:48,287 - m3_module.m3_cells_generator - INFO - All-positive 標註完成: 110 個細胞
2026-07-26 13:08:48,339 - m3_module.m3_cells_generator - INFO - enlarge_cell_instances: 110 顆細胞, factor=1.50(面積), 中位半徑=22.7px, 外擴=5.1px
2026-07-26 13:08:48,367 - m3_module.m3_elastic_matching - INFO - elastic_dish_nucleus_matching(overlap-first): IHC=110, DISH=10, matched(1核)=6 (其中重疊=6), drop-out(競爭落敗)=1, 無候選(計入)=103, factor=1.50, min_reach=20.0
2026-07-26 13:08:48,396 - m3_module.m3_dot_detection - INFO - detect_all_dots: 紅點=29, 黑點=48, 涉及細胞=67
2026-07-26 13:08:48,505 - m3_module.m3_dot_detection - INFO - detect_all_dots: 紅點=1, 黑點=6, 涉及細胞=110
2026-07-26 13:08:48,508 - hybrid_pipeline - INFO - [459/576] 已回收 tile_x768_y14592
2026-07-26 13:08:48,513 - hybrid_pipeline - INFO - [460/576] 已回收 tile_x3072_y14592
2026-07-26 13:08:48,545 - m3_module.m3_cells_generator - INFO - All-positive 標註完成: 80 個細胞
2026-07-26 13:08:48,546 - m3_module.m3_cells_generator - INFO - All-positive 標註完成: 66 個細胞
2026-07-26 13:08:48,602 - m3_module.m3_cells_generator - INFO - enlarge_cell_instances: 66 顆細胞, factor=1.50(面積), 中位半徑=23.6px, 外擴=5.3px
2026-07-26 13:08:48,605 - m3_module.m3_cells_generator - INFO - enlarge_cell_instances: 80 顆細胞, factor=1.50(面積), 中位半徑=19.8px, 外擴=4.5px
2026-07-26 13:08:48,637 - m3_module.m3_elastic_matching - INFO - elastic_dish_nucleus_matching(overlap-first): IHC=66, DISH=11, matched(1核)=6 (其中重疊=6), drop-out(競爭落敗)=2, 無候選(計入)=58, factor=1.50, min_reach=20.0
2026-07-26 13:08:48,637 - m4_module.cell_crops - INFO - 匯出 23 張 per-cell 影像至 /data/taro_Projects/tsgh/output/r7_run/cell_crops/tile_x1536_y14592/cells
2026-07-26 13:08:48,638 - hybrid_pipeline - INFO - Tile tile_x1536_y14592 完成: 核心擁有 23 細胞 (23 陽性), 1.47 秒
2026-07-26 13:08:48,638 - m3_module.m3_elastic_matching - INFO - elastic_dish_nucleus_matching(overlap-first): IHC=80, DISH=9, matched(1核)=8 (其中重疊=8), drop-out(競爭落敗)=1, 無候選(計入)=71, factor=1.50, min_reach=20.0
2026-07-26 13:08:48,787 - m4_module.cell_crops - INFO - 匯出 63 張 per-cell 影像至 /data/taro_Projects/tsgh/output/r7_run/cell_crops/tile_x5376_y14592/cells
2026-07-26 13:08:48,788 - hybrid_pipeline - INFO - Tile tile_x5376_y14592 完成: 核心擁有 63 細胞 (63 陽性), 1.47 秒
2026-07-26 13:08:48,788 - m3_module.m3_dot_detection - INFO - detect_all_dots: 紅點=4, 黑點=5, 涉及細胞=66
2026-07-26 13:08:48,796 - m3_module.m3_dot_detection - INFO - detect_all_dots: 紅點=6, 黑點=11, 涉及細胞=80
2026-07-26 13:08:48,997 - m4_module.cell_crops - INFO - 匯出 39 張 per-cell 影像至 /data/taro_Projects/tsgh/output/r7_run/cell_crops/tile_x3840_y14592/cells
2026-07-26 13:08:48,997 - hybrid_pipeline - INFO - Tile tile_x3840_y14592 完成: 核心擁有 39 細胞 (39 陽性), 1.62 秒
2026-07-26 13:08:48,999 - m4_module.cell_crops - INFO - 匯出 32 張 per-cell 影像至 /data/taro_Projects/tsgh/output/r7_run/cell_crops/tile_x4608_y14592/cells
2026-07-26 13:08:48,999 - hybrid_pipeline - INFO - Tile tile_x4608_y14592 完成: 核心擁有 32 細胞 (32 陽性), 1.63 秒
2026-07-26 13:08:49,147 - hybrid_pipeline - INFO - [461/576] 已回收 tile_x1536_y14592
2026-07-26 13:08:49,179 - m3_module.m3_cells_generator - INFO - All-positive 標註完成: 5 個細胞
2026-07-26 13:08:49,212 - m3_module.m3_cells_generator - INFO - enlarge_cell_instances: 5 顆細胞, factor=1.50(面積), 中位半徑=31.7px, 外擴=7.1px
2026-07-26 13:08:49,237 - hybrid_pipeline - INFO - [462/576] 已回收 tile_x5376_y14592
2026-07-26 13:08:49,263 - m3_module.m3_cells_generator - INFO - All-positive 標註完成: 37 個細胞
2026-07-26 13:08:49,307 - m3_module.m3_cells_generator - INFO - enlarge_cell_instances: 37 顆細胞, factor=1.50(面積), 中位半徑=25.2px, 外擴=5.7px
2026-07-26 13:08:49,332 - m3_module.m3_elastic_matching - INFO - elastic_dish_nucleus_matching(overlap-first): IHC=37, DISH=30, matched(1核)=22 (其中重疊=22), drop-out(競爭落敗)=3, 無候選(計入)=12, factor=1.50, min_reach=20.0
2026-07-26 13:08:49,345 - m3_module.m3_dot_detection - INFO - detect_all_dots: 紅點=0, 黑點=0, 涉及細胞=5
2026-07-26 13:08:49,401 - m4_module.cell_crops - INFO - 匯出 0 張 per-cell 影像至 /data/taro_Projects/tsgh/output/r7_run/cell_crops/tile_x6144_y14592/cells
2026-07-26 13:08:49,401 - hybrid_pipeline - INFO - Tile tile_x6144_y14592 完成: 核心擁有 0 細胞 (0 陽性), 1.32 秒
2026-07-26 13:08:49,403 - hybrid_pipeline - INFO - [463/576] 已回收 tile_x6144_y14592
2026-07-26 13:08:49,427 - hybrid_pipeline - INFO - Tile tile_x9984_y14592: 核心遮罩全空 → 空白 placeholder
2026-07-26 13:08:49,473 - hybrid_pipeline - INFO - [464/576] 已回收 tile_x9984_y14592
2026-07-26 13:08:49,500 - hybrid_pipeline - INFO - Tile tile_x11520_y14592: 核心遮罩全空 → 空白 placeholder
2026-07-26 13:08:49,514 - hybrid_pipeline - INFO - [465/576] 已回收 tile_x11520_y14592
2026-07-26 13:08:49,538 - hybrid_pipeline - INFO - Tile tile_x9216_y14592: 核心遮罩全空 → 空白 placeholder
2026-07-26 13:08:49,559 - m3_module.m3_dot_detection - INFO - detect_all_dots: 紅點=54, 黑點=69, 涉及細胞=37
2026-07-26 13:08:49,575 - hybrid_pipeline - INFO - [466/576] 已回收 tile_x9216_y14592
2026-07-26 13:08:49,606 - hybrid_pipeline - INFO - Tile tile_x12288_y14592: 核心遮罩全空 → 空白 placeholder
2026-07-26 13:08:49,607 - hybrid_pipeline - INFO - [467/576] 已回收 tile_x4608_y14592
2026-07-26 13:08:49,630 - hybrid_pipeline - INFO - [468/576] 已回收 tile_x12288_y14592
2026-07-26 13:08:49,639 - m3_module.m3_cells_generator - INFO - All-positive 標註完成: 19 個細胞
2026-07-26 13:08:49,657 - hybrid_pipeline - INFO - Tile tile_x13824_y14592: 核心遮罩全空 → 空白 placeholder
2026-07-26 13:08:49,666 - hybrid_pipeline - INFO - [469/576] 已回收 tile_x13824_y14592
2026-07-26 13:08:49,682 - m3_module.m3_cells_generator - INFO - enlarge_cell_instances: 19 顆細胞, factor=1.50(面積), 中位半徑=25.0px, 外擴=5.6px
2026-07-26 13:08:49,683 - hybrid_pipeline - INFO - [470/576] 已回收 tile_x3840_y14592
2026-07-26 13:08:49,698 - hybrid_pipeline - INFO - Tile tile_x13056_y14592: 核心遮罩全空 → 空白 placeholder
2026-07-26 13:08:49,707 - m3_module.m3_cells_generator - INFO - All-positive 標註完成: 25 個細胞
2026-07-26 13:08:49,708 - m3_module.m3_elastic_matching - INFO - elastic_dish_nucleus_matching(overlap-first): IHC=19, DISH=9, matched(1核)=5 (其中重疊=5), drop-out(競爭落敗)=1, 無候選(計入)=13, factor=1.50, min_reach=20.0
2026-07-26 13:08:49,715 - hybrid_pipeline - INFO - [471/576] 已回收 tile_x13056_y14592
2026-07-26 13:08:49,736 - m4_module.cell_crops - INFO - 匯出 24 張 per-cell 影像至 /data/taro_Projects/tsgh/output/r7_run/cell_crops/tile_x7680_y14592/cells
2026-07-26 13:08:49,736 - hybrid_pipeline - INFO - Tile tile_x7680_y14592 完成: 核心擁有 24 細胞 (24 陽性), 1.48 秒
2026-07-26 13:08:49,737 - hybrid_pipeline - INFO - [472/576] 已回收 tile_x7680_y14592
2026-07-26 13:08:49,746 - hybrid_pipeline - INFO - Tile tile_x15360_y14592: 核心遮罩全空 → 空白 placeholder
2026-07-26 13:08:49,750 - m3_module.m3_cells_generator - INFO - enlarge_cell_instances: 25 顆細胞, factor=1.50(面積), 中位半徑=25.6px, 外擴=5.8px
2026-07-26 13:08:49,752 - hybrid_pipeline - INFO - [473/576] 已回收 tile_x15360_y14592
2026-07-26 13:08:49,764 - hybrid_pipeline - INFO - Tile tile_x10752_y14592: 核心遮罩全空 → 空白 placeholder
2026-07-26 13:08:49,776 - m3_module.m3_elastic_matching - INFO - elastic_dish_nucleus_matching(overlap-first): IHC=25, DISH=26, matched(1核)=17 (其中重疊=17), drop-out(競爭落敗)=4, 無候選(計入)=4, factor=1.50, min_reach=20.0
2026-07-26 13:08:49,781 - hybrid_pipeline - INFO - [474/576] 已回收 tile_x10752_y14592
2026-07-26 13:08:49,781 - hybrid_pipeline - INFO - Tile tile_x16896_y14592: 核心遮罩全空 → 空白 placeholder
2026-07-26 13:08:49,806 - hybrid_pipeline - INFO - Tile tile_x17664_y14592: 核心遮罩全空 → 空白 placeholder
2026-07-26 13:08:49,857 - m3_module.m3_dot_detection - INFO - detect_all_dots: 紅點=8, 黑點=11, 涉及細胞=19
2026-07-26 13:08:49,982 - m4_module.cell_crops - INFO - 匯出 13 張 per-cell 影像至 /data/taro_Projects/tsgh/output/r7_run/cell_crops/tile_x6912_y14592/cells
2026-07-26 13:08:49,982 - hybrid_pipeline - INFO - Tile tile_x6912_y14592 完成: 核心擁有 13 細胞 (13 陽性), 1.47 秒
2026-07-26 13:08:49,983 - hybrid_pipeline - INFO - [475/576] 已回收 tile_x6912_y14592
2026-07-26 13:08:50,004 - m3_module.m3_dot_detection - INFO - detect_all_dots: 紅點=47, 黑點=68, 涉及細胞=25
2026-07-26 13:08:50,007 - hybrid_pipeline - INFO - Tile tile_x14592_y14592: 核心遮罩全空 → 空白 placeholder
2026-07-26 13:08:50,117 - m4_module.cell_crops - INFO - 匯出 9 張 per-cell 影像至 /data/taro_Projects/tsgh/output/r7_run/cell_crops/tile_x8448_y14592/cells
2026-07-26 13:08:50,117 - hybrid_pipeline - INFO - Tile tile_x8448_y14592 完成: 核心擁有 9 細胞 (9 陽性), 1.61 秒
2026-07-26 13:08:50,118 - hybrid_pipeline - INFO - [476/576] 已回收 tile_x8448_y14592
2026-07-26 13:08:50,150 - hybrid_pipeline - INFO - Tile tile_x16128_y14592: 核心遮罩全空 → 空白 placeholder
2026-07-26 13:08:50,702 - hybrid_pipeline - INFO - [477/576] 已回收 tile_x16896_y14592
2026-07-26 13:08:50,731 - m3_module.m3_cells_generator - INFO - All-positive 標註完成: 8 個細胞
2026-07-26 13:08:50,761 - m3_module.m3_cells_generator - INFO - enlarge_cell_instances: 8 顆細胞, factor=1.50(面積), 中位半徑=15.1px, 外擴=3.4px
2026-07-26 13:08:50,775 - hybrid_pipeline - INFO - [478/576] 已回收 tile_x17664_y14592
2026-07-26 13:08:50,786 - m3_module.m3_elastic_matching - INFO - elastic_dish_nucleus_matching(overlap-first): IHC=8, DISH=4, matched(1核)=3 (其中重疊=3), drop-out(競爭落敗)=1, 無候選(計入)=4, factor=1.50, min_reach=20.0
2026-07-26 13:08:50,813 - m3_module.m3_cells_generator - INFO - All-positive 標註完成: 15 個細胞
2026-07-26 13:08:50,854 - m3_module.m3_cells_generator - INFO - enlarge_cell_instances: 15 顆細胞, factor=1.50(面積), 中位半徑=31.3px, 外擴=7.0px
2026-07-26 13:08:50,880 - m3_module.m3_elastic_matching - INFO - elastic_dish_nucleus_matching(overlap-first): IHC=15, DISH=17, matched(1核)=11 (其中重疊=11), drop-out(競爭落敗)=1, 無候選(計入)=3, factor=1.50, min_reach=20.0
2026-07-26 13:08:50,919 - m3_module.m3_dot_detection - INFO - detect_all_dots: 紅點=3, 黑點=4, 涉及細胞=8
2026-07-26 13:08:50,965 - hybrid_pipeline - INFO - [479/576] 已回收 tile_x14592_y14592
2026-07-26 13:08:50,995 - m4_module.cell_crops - INFO - 匯出 0 張 per-cell 影像至 /data/taro_Projects/tsgh/output/r7_run/cell_crops/tile_x768_y15360/cells
2026-07-26 13:08:50,995 - hybrid_pipeline - INFO - Tile tile_x768_y15360 完成: 核心擁有 0 細胞 (0 陽性), 1.24 秒
2026-07-26 13:08:50,998 - m3_module.m3_cells_generator - INFO - All-positive 標註完成: 106 個細胞
2026-07-26 13:08:51,044 - m3_module.m3_dot_detection - INFO - detect_all_dots: 紅點=13, 黑點=19, 涉及細胞=15
2026-07-26 13:08:51,054 - m3_module.m3_cells_generator - INFO - enlarge_cell_instances: 106 顆細胞, factor=1.50(面積), 中位半徑=28.6px, 外擴=6.4px
2026-07-26 13:08:51,084 - m3_module.m3_elastic_matching - INFO - elastic_dish_nucleus_matching(overlap-first): IHC=106, DISH=54, matched(1核)=42 (其中重疊=42), drop-out(競爭落敗)=14, 無候選(計入)=50, factor=1.50, min_reach=20.0
2026-07-26 13:08:51,136 - hybrid_pipeline - INFO - [480/576] 已回收 tile_x16128_y14592
2026-07-26 13:08:51,165 - m3_module.m3_cells_generator - INFO - All-positive 標註完成: 69 個細胞
2026-07-26 13:08:51,171 - m4_module.cell_crops - INFO - 匯出 11 張 per-cell 影像至 /data/taro_Projects/tsgh/output/r7_run/cell_crops/tile_x0_y15360/cells
2026-07-26 13:08:51,171 - hybrid_pipeline - INFO - Tile tile_x0_y15360 完成: 核心擁有 11 細胞 (11 陽性), 1.39 秒
2026-07-26 13:08:51,212 - m3_module.m3_cells_generator - INFO - enlarge_cell_instances: 69 顆細胞, factor=1.50(面積), 中位半徑=22.9px, 外擴=5.1px
2026-07-26 13:08:51,245 - m3_module.m3_elastic_matching - INFO - elastic_dish_nucleus_matching(overlap-first): IHC=69, DISH=5, matched(1核)=5 (其中重疊=5), drop-out(競爭落敗)=2, 無候選(計入)=62, factor=1.50, min_reach=20.0
2026-07-26 13:08:51,345 - m3_module.m3_dot_detection - INFO - detect_all_dots: 紅點=52, 黑點=74, 涉及細胞=106
2026-07-26 13:08:51,381 - m3_module.m3_dot_detection - INFO - detect_all_dots: 紅點=4, 黑點=6, 涉及細胞=69
2026-07-26 13:08:51,548 - m4_module.cell_crops - INFO - 匯出 37 張 per-cell 影像至 /data/taro_Projects/tsgh/output/r7_run/cell_crops/tile_x3840_y15360/cells
2026-07-26 13:08:51,548 - hybrid_pipeline - INFO - Tile tile_x3840_y15360 完成: 核心擁有 37 細胞 (37 陽性), 1.43 秒
2026-07-26 13:08:51,656 - m4_module.cell_crops - INFO - 匯出 70 張 per-cell 影像至 /data/taro_Projects/tsgh/output/r7_run/cell_crops/tile_x1536_y15360/cells
2026-07-26 13:08:51,656 - hybrid_pipeline - INFO - Tile tile_x1536_y15360 完成: 核心擁有 70 細胞 (70 陽性), 1.67 秒
2026-07-26 13:08:51,731 - hybrid_pipeline - INFO - [481/576] 已回收 tile_x768_y15360
2026-07-26 13:08:51,763 - m3_module.m3_cells_generator - INFO - All-positive 標註完成: 28 個細胞
2026-07-26 13:08:51,800 - m3_module.m3_cells_generator - INFO - enlarge_cell_instances: 28 顆細胞, factor=1.50(面積), 中位半徑=17.6px, 外擴=4.0px
2026-07-26 13:08:51,803 - hybrid_pipeline - INFO - [482/576] 已回收 tile_x0_y15360
2026-07-26 13:08:51,828 - m3_module.m3_elastic_matching - INFO - elastic_dish_nucleus_matching(overlap-first): IHC=28, DISH=11, matched(1核)=8 (其中重疊=8), drop-out(競爭落敗)=1, 無候選(計入)=19, factor=1.50, min_reach=20.0
2026-07-26 13:08:51,835 - m3_module.m3_cells_generator - INFO - All-positive 標註完成: 124 個細胞
2026-07-26 13:08:51,897 - m3_module.m3_cells_generator - INFO - enlarge_cell_instances: 124 顆細胞, factor=1.50(面積), 中位半徑=28.7px, 外擴=6.4px
2026-07-26 13:08:51,930 - m3_module.m3_elastic_matching - INFO - elastic_dish_nucleus_matching(overlap-first): IHC=124, DISH=76, matched(1核)=47 (其中重疊=47), drop-out(競爭落敗)=5, 無候選(計入)=72, factor=1.50, min_reach=20.0
2026-07-26 13:08:51,941 - hybrid_pipeline - INFO - [483/576] 已回收 tile_x1536_y15360
2026-07-26 13:08:51,977 - m3_module.m3_cells_generator - INFO - All-positive 標註完成: 102 個細胞
2026-07-26 13:08:51,983 - m3_module.m3_dot_detection - INFO - detect_all_dots: 紅點=7, 黑點=5, 涉及細胞=28
2026-07-26 13:08:52,027 - m3_module.m3_cells_generator - INFO - enlarge_cell_instances: 102 顆細胞, factor=1.50(面積), 中位半徑=21.9px, 外擴=4.9px
2026-07-26 13:08:52,057 - m3_module.m3_elastic_matching - INFO - elastic_dish_nucleus_matching(overlap-first): IHC=102, DISH=14, matched(1核)=10 (其中重疊=10), drop-out(競爭落敗)=7, 無候選(計入)=85, factor=1.50, min_reach=20.0
2026-07-26 13:08:52,087 - m4_module.cell_crops - INFO - 匯出 2 張 per-cell 影像至 /data/taro_Projects/tsgh/output/r7_run/cell_crops/tile_x3072_y15360/cells
2026-07-26 13:08:52,088 - hybrid_pipeline - INFO - Tile tile_x3072_y15360 完成: 核心擁有 2 細胞 (2 陽性), 1.39 秒
2026-07-26 13:08:52,179 - m3_module.m3_dot_detection - INFO - detect_all_dots: 紅點=52, 黑點=66, 涉及細胞=124
2026-07-26 13:08:52,197 - m3_module.m3_dot_detection - INFO - detect_all_dots: 紅點=4, 黑點=8, 涉及細胞=102
2026-07-26 13:08:52,239 - hybrid_pipeline - INFO - [484/576] 已回收 tile_x3840_y15360
2026-07-26 13:08:52,269 - m3_module.m3_cells_generator - INFO - All-positive 標註完成: 130 個細胞
2026-07-26 13:08:52,326 - m3_module.m3_cells_generator - INFO - enlarge_cell_instances: 130 顆細胞, factor=1.50(面積), 中位半徑=22.4px, 外擴=5.0px
2026-07-26 13:08:52,355 - m3_module.m3_elastic_matching - INFO - elastic_dish_nucleus_matching(overlap-first): IHC=130, DISH=32, matched(1核)=22 (其中重疊=22), drop-out(競爭落敗)=7, 無候選(計入)=101, factor=1.50, min_reach=20.0
2026-07-26 13:08:52,474 - m4_module.cell_crops - INFO - 匯出 64 張 per-cell 影像至 /data/taro_Projects/tsgh/output/r7_run/cell_crops/tile_x5376_y15360/cells
2026-07-26 13:08:52,474 - hybrid_pipeline - INFO - Tile tile_x5376_y15360 完成: 核心擁有 64 細胞 (64 陽性), 1.51 秒
2026-07-26 13:08:52,476 - hybrid_pipeline - INFO - [485/576] 已回收 tile_x5376_y15360
2026-07-26 13:08:52,507 - hybrid_pipeline - INFO - Tile tile_x9984_y15360: 核心遮罩全空 → 空白 placeholder
2026-07-26 13:08:52,527 - m4_module.cell_crops - INFO - 匯出 73 張 per-cell 影像至 /data/taro_Projects/tsgh/output/r7_run/cell_crops/tile_x2304_y15360/cells
2026-07-26 13:08:52,527 - hybrid_pipeline - INFO - Tile tile_x2304_y15360 完成: 核心擁有 73 細胞 (73 陽性), 1.75 秒
2026-07-26 13:08:52,529 - m3_module.m3_dot_detection - INFO - detect_all_dots: 紅點=15, 黑點=22, 涉及細胞=130
2026-07-26 13:08:52,549 - hybrid_pipeline - INFO - [486/576] 已回收 tile_x9984_y15360
2026-07-26 13:08:52,572 - hybrid_pipeline - INFO - Tile tile_x10752_y15360: 核心遮罩全空 → 空白 placeholder
2026-07-26 13:08:52,610 - hybrid_pipeline - INFO - [487/576] 已回收 tile_x10752_y15360
2026-07-26 13:08:52,636 - hybrid_pipeline - INFO - Tile tile_x11520_y15360: 核心遮罩全空 → 空白 placeholder
2026-07-26 13:08:52,709 - hybrid_pipeline - INFO - [488/576] 已回收 tile_x3072_y15360
2026-07-26 13:08:52,734 - hybrid_pipeline - INFO - [489/576] 已回收 tile_x2304_y15360
2026-07-26 13:08:52,742 - m3_module.m3_cells_generator - INFO - All-positive 標註完成: 88 個細胞
2026-07-26 13:08:52,764 - m3_module.m3_cells_generator - INFO - All-positive 標註完成: 68 個細胞
2026-07-26 13:08:52,799 - m3_module.m3_cells_generator - INFO - enlarge_cell_instances: 88 顆細胞, factor=1.50(面積), 中位半徑=21.0px, 外擴=4.7px
2026-07-26 13:08:52,814 - m3_module.m3_cells_generator - INFO - enlarge_cell_instances: 68 顆細胞, factor=1.50(面積), 中位半徑=18.8px, 外擴=4.2px
2026-07-26 13:08:52,829 - m3_module.m3_elastic_matching - INFO - elastic_dish_nucleus_matching(overlap-first): IHC=88, DISH=63, matched(1核)=38 (其中重疊=38), drop-out(競爭落敗)=4, 無候選(計入)=46, factor=1.50, min_reach=20.0
2026-07-26 13:08:52,840 - m3_module.m3_elastic_matching - INFO - elastic_dish_nucleus_matching(overlap-first): IHC=68, DISH=5, matched(1核)=4 (其中重疊=4), drop-out(競爭落敗)=3, 無候選(計入)=61, factor=1.50, min_reach=20.0
2026-07-26 13:08:52,883 - m4_module.cell_crops - INFO - 匯出 67 張 per-cell 影像至 /data/taro_Projects/tsgh/output/r7_run/cell_crops/tile_x4608_y15360/cells
2026-07-26 13:08:52,883 - hybrid_pipeline - INFO - Tile tile_x4608_y15360 完成: 核心擁有 67 細胞 (67 陽性), 1.75 秒
2026-07-26 13:08:52,884 - hybrid_pipeline - INFO - [490/576] 已回收 tile_x4608_y15360
2026-07-26 13:08:52,911 - hybrid_pipeline - INFO - Tile tile_x9216_y15360: 核心遮罩全空 → 空白 placeholder
2026-07-26 13:08:52,957 - hybrid_pipeline - INFO - [491/576] 已回收 tile_x9216_y15360
2026-07-26 13:08:52,980 - m3_module.m3_dot_detection - INFO - detect_all_dots: 紅點=6, 黑點=7, 涉及細胞=68
2026-07-26 13:08:52,986 - hybrid_pipeline - INFO - Tile tile_x14592_y15360: 核心遮罩全空 → 空白 placeholder
2026-07-26 13:08:53,000 - hybrid_pipeline - INFO - [492/576] 已回收 tile_x14592_y15360
2026-07-26 13:08:53,026 - hybrid_pipeline - INFO - Tile tile_x15360_y15360: 核心遮罩全空 → 空白 placeholder
2026-07-26 13:08:53,041 - hybrid_pipeline - INFO - [493/576] 已回收 tile_x15360_y15360
2026-07-26 13:08:53,064 - hybrid_pipeline - INFO - Tile tile_x13056_y15360: 核心遮罩全空 → 空白 placeholder
2026-07-26 13:08:53,079 - hybrid_pipeline - INFO - [494/576] 已回收 tile_x13056_y15360
2026-07-26 13:08:53,091 - m3_module.m3_dot_detection - INFO - detect_all_dots: 紅點=46, 黑點=68, 涉及細胞=88
2026-07-26 13:08:53,102 - hybrid_pipeline - INFO - Tile tile_x13824_y15360: 核心遮罩全空 → 空白 placeholder
2026-07-26 13:08:53,134 - hybrid_pipeline - INFO - [495/576] 已回收 tile_x13824_y15360
2026-07-26 13:08:53,158 - m4_module.cell_crops - INFO - 匯出 28 張 per-cell 影像至 /data/taro_Projects/tsgh/output/r7_run/cell_crops/tile_x6144_y15360/cells
2026-07-26 13:08:53,158 - hybrid_pipeline - INFO - Tile tile_x6144_y15360 完成: 核心擁有 28 細胞 (28 陽性), 1.35 秒
2026-07-26 13:08:53,159 - hybrid_pipeline - INFO - [496/576] 已回收 tile_x6144_y15360
2026-07-26 13:08:53,159 - hybrid_pipeline - INFO - Tile tile_x16128_y15360: 核心遮罩全空 → 空白 placeholder
2026-07-26 13:08:53,182 - hybrid_pipeline - INFO - Tile tile_x12288_y15360: 核心遮罩全空 → 空白 placeholder
2026-07-26 13:08:53,207 - hybrid_pipeline - INFO - [497/576] 已回收 tile_x16128_y15360
2026-07-26 13:08:53,228 - hybrid_pipeline - INFO - [498/576] 已回收 tile_x12288_y15360
2026-07-26 13:08:53,236 - hybrid_pipeline - INFO - Tile tile_x16896_y15360: 核心遮罩全空 → 空白 placeholder
2026-07-26 13:08:53,251 - hybrid_pipeline - INFO - Tile tile_x17664_y15360: 核心遮罩全空 → 空白 placeholder
2026-07-26 13:08:53,363 - m4_module.cell_crops - INFO - 匯出 47 張 per-cell 影像至 /data/taro_Projects/tsgh/output/r7_run/cell_crops/tile_x6912_y15360/cells
2026-07-26 13:08:53,363 - hybrid_pipeline - INFO - Tile tile_x6912_y15360 完成: 核心擁有 47 細胞 (47 陽性), 1.63 秒
2026-07-26 13:08:53,529 - hybrid_pipeline - INFO - [499/576] 已回收 tile_x11520_y15360
2026-07-26 13:08:53,559 - m3_module.m3_cells_generator - INFO - All-positive 標註完成: 53 個細胞
2026-07-26 13:08:53,612 - m3_module.m3_cells_generator - INFO - enlarge_cell_instances: 53 顆細胞, factor=1.50(面積), 中位半徑=21.5px, 外擴=4.8px
2026-07-26 13:08:53,638 - m3_module.m3_elastic_matching - INFO - elastic_dish_nucleus_matching(overlap-first): IHC=53, DISH=61, matched(1核)=34 (其中重疊=34), drop-out(競爭落敗)=5, 無候選(計入)=14, factor=1.50, min_reach=20.0
2026-07-26 13:08:53,717 - hybrid_pipeline - INFO - [500/576] 已回收 tile_x6912_y15360
2026-07-26 13:08:53,755 - m3_module.m3_cells_generator - INFO - All-positive 標註完成: 22 個細胞
2026-07-26 13:08:53,794 - m3_module.m3_cells_generator - INFO - enlarge_cell_instances: 22 顆細胞, factor=1.50(面積), 中位半徑=21.9px, 外擴=4.9px
2026-07-26 13:08:53,817 - m3_module.m3_elastic_matching - INFO - elastic_dish_nucleus_matching(overlap-first): IHC=22, DISH=30, matched(1核)=15 (其中重疊=15), drop-out(競爭落敗)=1, 無候選(計入)=6, factor=1.50, min_reach=20.0
2026-07-26 13:08:53,907 - m3_module.m3_dot_detection - INFO - detect_all_dots: 紅點=64, 黑點=79, 涉及細胞=53
2026-07-26 13:08:54,017 - m3_module.m3_dot_detection - INFO - detect_all_dots: 紅點=31, 黑點=48, 涉及細胞=22
2026-07-26 13:08:54,112 - m4_module.cell_crops - INFO - 匯出 21 張 per-cell 影像至 /data/taro_Projects/tsgh/output/r7_run/cell_crops/tile_x7680_y15360/cells
2026-07-26 13:08:54,112 - hybrid_pipeline - INFO - Tile tile_x7680_y15360 完成: 核心擁有 21 細胞 (21 陽性), 1.50 秒
2026-07-26 13:08:54,146 - m4_module.cell_crops - INFO - 匯出 10 張 per-cell 影像至 /data/taro_Projects/tsgh/output/r7_run/cell_crops/tile_x8448_y15360/cells
2026-07-26 13:08:54,146 - hybrid_pipeline - INFO - Tile tile_x8448_y15360 完成: 核心擁有 10 細胞 (10 陽性), 1.44 秒
2026-07-26 13:08:54,406 - hybrid_pipeline - INFO - [501/576] 已回收 tile_x17664_y15360
2026-07-26 13:08:54,416 - hybrid_pipeline - INFO - [502/576] 已回收 tile_x16896_y15360
2026-07-26 13:08:54,442 - m3_module.m3_cells_generator - INFO - All-positive 標註完成: 122 個細胞
2026-07-26 13:08:54,448 - m3_module.m3_cells_generator - INFO - All-positive 標註完成: 76 個細胞
2026-07-26 13:08:54,488 - hybrid_pipeline - INFO - [503/576] 已回收 tile_x7680_y15360
2026-07-26 13:08:54,508 - m3_module.m3_cells_generator - INFO - enlarge_cell_instances: 76 顆細胞, factor=1.50(面積), 中位半徑=30.5px, 外擴=6.9px
2026-07-26 13:08:54,511 - m3_module.m3_cells_generator - INFO - enlarge_cell_instances: 122 顆細胞, factor=1.50(面積), 中位半徑=26.2px, 外擴=5.9px
2026-07-26 13:08:54,526 - m3_module.m3_cells_generator - INFO - All-positive 標註完成: 52 個細胞
2026-07-26 13:08:54,543 - m3_module.m3_elastic_matching - INFO - elastic_dish_nucleus_matching(overlap-first): IHC=76, DISH=69, matched(1核)=47 (其中重疊=47), drop-out(競爭落敗)=7, 無候選(計入)=22, factor=1.50, min_reach=20.0
2026-07-26 13:08:54,547 - m3_module.m3_elastic_matching - INFO - elastic_dish_nucleus_matching(overlap-first): IHC=122, DISH=55, matched(1核)=36 (其中重疊=34), drop-out(競爭落敗)=7, 無候選(計入)=79, factor=1.50, min_reach=20.0
2026-07-26 13:08:54,583 - m3_module.m3_cells_generator - INFO - enlarge_cell_instances: 52 顆細胞, factor=1.50(面積), 中位半徑=21.7px, 外擴=4.9px
2026-07-26 13:08:54,615 - m3_module.m3_elastic_matching - INFO - elastic_dish_nucleus_matching(overlap-first): IHC=52, DISH=19, matched(1核)=15 (其中重疊=15), drop-out(競爭落敗)=6, 無候選(計入)=31, factor=1.50, min_reach=20.0
2026-07-26 13:08:54,630 - hybrid_pipeline - INFO - [504/576] 已回收 tile_x8448_y15360
2026-07-26 13:08:54,664 - m3_module.m3_cells_generator - INFO - All-positive 標註完成: 72 個細胞
2026-07-26 13:08:54,711 - m3_module.m3_cells_generator - INFO - enlarge_cell_instances: 72 顆細胞, factor=1.50(面積), 中位半徑=28.4px, 外擴=6.4px
2026-07-26 13:08:54,742 - m3_module.m3_elastic_matching - INFO - elastic_dish_nucleus_matching(overlap-first): IHC=72, DISH=35, matched(1核)=25 (其中重疊=25), drop-out(競爭落敗)=4, 無候選(計入)=43, factor=1.50, min_reach=20.0
2026-07-26 13:08:54,764 - m3_module.m3_dot_detection - INFO - detect_all_dots: 紅點=24, 黑點=29, 涉及細胞=122
2026-07-26 13:08:54,796 - m3_module.m3_dot_detection - INFO - detect_all_dots: 紅點=25, 黑點=20, 涉及細胞=52
2026-07-26 13:08:54,804 - m3_module.m3_dot_detection - INFO - detect_all_dots: 紅點=42, 黑點=73, 涉及細胞=76
2026-07-26 13:08:54,934 - m3_module.m3_dot_detection - INFO - detect_all_dots: 紅點=29, 黑點=44, 涉及細胞=72
2026-07-26 13:08:54,957 - m4_module.cell_crops - INFO - 匯出 27 張 per-cell 影像至 /data/taro_Projects/tsgh/output/r7_run/cell_crops/tile_x3072_y16128/cells
2026-07-26 13:08:54,957 - hybrid_pipeline - INFO - Tile tile_x3072_y16128 完成: 核心擁有 27 細胞 (27 陽性), 1.43 秒
2026-07-26 13:08:55,111 - m4_module.cell_crops - INFO - 匯出 53 張 per-cell 影像至 /data/taro_Projects/tsgh/output/r7_run/cell_crops/tile_x0_y16128/cells
2026-07-26 13:08:55,111 - hybrid_pipeline - INFO - Tile tile_x0_y16128 完成: 核心擁有 53 細胞 (53 陽性), 1.88 秒
2026-07-26 13:08:55,133 - m4_module.cell_crops - INFO - 匯出 78 張 per-cell 影像至 /data/taro_Projects/tsgh/output/r7_run/cell_crops/tile_x3840_y16128/cells
2026-07-26 13:08:55,133 - hybrid_pipeline - INFO - Tile tile_x3840_y16128 完成: 核心擁有 78 細胞 (78 陽性), 1.93 秒
2026-07-26 13:08:55,158 - m4_module.cell_crops - INFO - 匯出 40 張 per-cell 影像至 /data/taro_Projects/tsgh/output/r7_run/cell_crops/tile_x2304_y16128/cells
2026-07-26 13:08:55,159 - hybrid_pipeline - INFO - Tile tile_x2304_y16128 完成: 核心擁有 40 細胞 (40 陽性), 1.44 秒
2026-07-26 13:08:55,561 - hybrid_pipeline - INFO - [505/576] 已回收 tile_x0_y16128
2026-07-26 13:08:55,595 - m3_module.m3_cells_generator - INFO - All-positive 標註完成: 26 個細胞
2026-07-26 13:08:55,638 - m3_module.m3_cells_generator - INFO - enlarge_cell_instances: 26 顆細胞, factor=1.50(面積), 中位半徑=28.3px, 外擴=6.4px
2026-07-26 13:08:55,664 - hybrid_pipeline - INFO - [506/576] 已回收 tile_x3072_y16128
2026-07-26 13:08:55,668 - m3_module.m3_elastic_matching - INFO - elastic_dish_nucleus_matching(overlap-first): IHC=26, DISH=21, matched(1核)=12 (其中重疊=12), drop-out(競爭落敗)=2, 無候選(計入)=12, factor=1.50, min_reach=20.0
2026-07-26 13:08:55,687 - hybrid_pipeline - INFO - [507/576] 已回收 tile_x2304_y16128
2026-07-26 13:08:55,693 - hybrid_pipeline - INFO - [508/576] 已回收 tile_x3840_y16128
2026-07-26 13:08:55,699 - m3_module.m3_cells_generator - INFO - All-positive 標註完成: 61 個細胞
2026-07-26 13:08:55,720 - m3_module.m3_cells_generator - INFO - All-positive 標註完成: 57 個細胞
2026-07-26 13:08:55,724 - m3_module.m3_cells_generator - INFO - All-positive 標註完成: 95 個細胞
2026-07-26 13:08:55,750 - m3_module.m3_cells_generator - INFO - enlarge_cell_instances: 61 顆細胞, factor=1.50(面積), 中位半徑=27.2px, 外擴=6.1px
2026-07-26 13:08:55,772 - m3_module.m3_cells_generator - INFO - enlarge_cell_instances: 57 顆細胞, factor=1.50(面積), 中位半徑=22.4px, 外擴=5.0px
2026-07-26 13:08:55,782 - m3_module.m3_elastic_matching - INFO - elastic_dish_nucleus_matching(overlap-first): IHC=61, DISH=31, matched(1核)=19 (其中重疊=19), drop-out(競爭落敗)=3, 無候選(計入)=39, factor=1.50, min_reach=20.0
2026-07-26 13:08:55,787 - m3_module.m3_cells_generator - INFO - enlarge_cell_instances: 95 顆細胞, factor=1.50(面積), 中位半徑=29.5px, 外擴=6.6px
2026-07-26 13:08:55,807 - m3_module.m3_elastic_matching - INFO - elastic_dish_nucleus_matching(overlap-first): IHC=57, DISH=12, matched(1核)=9 (其中重疊=9), drop-out(競爭落敗)=1, 無候選(計入)=47, factor=1.50, min_reach=20.0
2026-07-26 13:08:55,824 - m3_module.m3_elastic_matching - INFO - elastic_dish_nucleus_matching(overlap-first): IHC=95, DISH=40, matched(1核)=24 (其中重疊=24), drop-out(競爭落敗)=2, 無候選(計入)=69, factor=1.50, min_reach=20.0
2026-07-26 13:08:55,825 - m3_module.m3_dot_detection - INFO - detect_all_dots: 紅點=3, 黑點=10, 涉及細胞=26
2026-07-26 13:08:55,955 - m3_module.m3_dot_detection - INFO - detect_all_dots: 紅點=4, 黑點=10, 涉及細胞=57
2026-07-26 13:08:55,960 - m4_module.cell_crops - INFO - 匯出 10 張 per-cell 影像至 /data/taro_Projects/tsgh/output/r7_run/cell_crops/tile_x768_y16128/cells
2026-07-26 13:08:55,960 - hybrid_pipeline - INFO - Tile tile_x768_y16128 完成: 核心擁有 10 細胞 (10 陽性), 1.56 秒
2026-07-26 13:08:55,976 - m3_module.m3_dot_detection - INFO - detect_all_dots: 紅點=19, 黑點=36, 涉及細胞=61
2026-07-26 13:08:56,015 - m3_module.m3_dot_detection - INFO - detect_all_dots: 紅點=20, 黑點=29, 涉及細胞=95
2026-07-26 13:08:56,120 - m4_module.cell_crops - INFO - 匯出 19 張 per-cell 影像至 /data/taro_Projects/tsgh/output/r7_run/cell_crops/tile_x5376_y16128/cells
2026-07-26 13:08:56,120 - hybrid_pipeline - INFO - Tile tile_x5376_y16128 完成: 核心擁有 19 細胞 (19 陽性), 1.49 秒
2026-07-26 13:08:56,162 - m4_module.cell_crops - INFO - 匯出 36 張 per-cell 影像至 /data/taro_Projects/tsgh/output/r7_run/cell_crops/tile_x1536_y16128/cells
2026-07-26 13:08:56,163 - hybrid_pipeline - INFO - Tile tile_x1536_y16128 完成: 核心擁有 36 細胞 (36 陽性), 1.67 秒
2026-07-26 13:08:56,222 - cellpose.dynamics - INFO - No cell pixels found.
2026-07-26 13:08:56,330 - m4_module.cell_crops - INFO - 匯出 49 張 per-cell 影像至 /data/taro_Projects/tsgh/output/r7_run/cell_crops/tile_x4608_y16128/cells
2026-07-26 13:08:56,330 - hybrid_pipeline - INFO - Tile tile_x4608_y16128 完成: 核心擁有 49 細胞 (49 陽性), 1.91 秒
2026-07-26 13:08:56,667 - hybrid_pipeline - INFO - [509/576] 已回收 tile_x5376_y16128
2026-07-26 13:08:56,680 - m3_module.m3_cells_generator - INFO - All-positive 標註完成: 0 個細胞
2026-07-26 13:08:56,809 - hybrid_pipeline - INFO - [510/576] 已回收 tile_x768_y16128
2026-07-26 13:08:56,824 - m3_module.m3_dot_detection - INFO - detect_all_dots: 紅點=0, 黑點=0, 涉及細胞=0
2026-07-26 13:08:56,843 - m3_module.m3_cells_generator - INFO - All-positive 標註完成: 145 個細胞
2026-07-26 13:08:56,857 - m4_module.cell_crops - INFO - 匯出 0 張 per-cell 影像至 /data/taro_Projects/tsgh/output/r7_run/cell_crops/tile_x9984_y16128/cells
2026-07-26 13:08:56,857 - hybrid_pipeline - INFO - Tile tile_x9984_y16128 完成: 核心擁有 0 細胞 (0 陽性), 1.17 秒
2026-07-26 13:08:56,862 - hybrid_pipeline - INFO - [511/576] 已回收 tile_x4608_y16128
2026-07-26 13:08:56,886 - m3_module.m3_cells_generator - INFO - All-positive 標註完成: 4 個細胞
2026-07-26 13:08:56,903 - m3_module.m3_cells_generator - INFO - enlarge_cell_instances: 145 顆細胞, factor=1.50(面積), 中位半徑=23.0px, 外擴=5.2px
2026-07-26 13:08:56,906 - hybrid_pipeline - INFO - [512/576] 已回收 tile_x1536_y16128
2026-07-26 13:08:56,917 - m3_module.m3_cells_generator - INFO - enlarge_cell_instances: 4 顆細胞, factor=1.50(面積), 中位半徑=20.0px, 外擴=4.5px
2026-07-26 13:08:56,935 - m3_module.m3_cells_generator - INFO - All-positive 標註完成: 121 個細胞
2026-07-26 13:08:56,936 - m3_module.m3_elastic_matching - INFO - elastic_dish_nucleus_matching(overlap-first): IHC=145, DISH=25, matched(1核)=20 (其中重疊=20), drop-out(競爭落敗)=7, 無候選(計入)=118, factor=1.50, min_reach=20.0
2026-07-26 13:08:56,943 - m3_module.m3_elastic_matching - INFO - elastic_dish_nucleus_matching(overlap-first): IHC=4, DISH=1, matched(1核)=1 (其中重疊=1), drop-out(競爭落敗)=0, 無候選(計入)=3, factor=1.50, min_reach=20.0
2026-07-26 13:08:56,997 - m3_module.m3_cells_generator - INFO - enlarge_cell_instances: 121 顆細胞, factor=1.50(面積), 中位半徑=23.0px, 外擴=5.2px
2026-07-26 13:08:57,035 - m3_module.m3_elastic_matching - INFO - elastic_dish_nucleus_matching(overlap-first): IHC=121, DISH=106, matched(1核)=60 (其中重疊=60), drop-out(競爭落敗)=8, 無候選(計入)=53, factor=1.50, min_reach=20.0
2026-07-26 13:08:57,090 - m3_module.m3_dot_detection - INFO - detect_all_dots: 紅點=3, 黑點=4, 涉及細胞=4
2026-07-26 13:08:57,123 - m3_module.m3_dot_detection - INFO - detect_all_dots: 紅點=16, 黑點=26, 涉及細胞=145
2026-07-26 13:08:57,157 - m4_module.cell_crops - INFO - 匯出 1 張 per-cell 影像至 /data/taro_Projects/tsgh/output/r7_run/cell_crops/tile_x9216_y16128/cells
2026-07-26 13:08:57,158 - hybrid_pipeline - INFO - Tile tile_x9216_y16128 完成: 核心擁有 1 細胞 (1 陽性), 1.47 秒
2026-07-26 13:08:57,404 - m3_module.m3_dot_detection - INFO - detect_all_dots: 紅點=101, 黑點=142, 涉及細胞=121
2026-07-26 13:08:57,513 - m4_module.cell_crops - INFO - 匯出 85 張 per-cell 影像至 /data/taro_Projects/tsgh/output/r7_run/cell_crops/tile_x6144_y16128/cells
2026-07-26 13:08:57,513 - hybrid_pipeline - INFO - Tile tile_x6144_y16128 完成: 核心擁有 85 細胞 (85 陽性), 1.95 秒
2026-07-26 13:08:57,667 - hybrid_pipeline - INFO - [513/576] 已回收 tile_x9984_y16128
2026-07-26 13:08:57,680 - hybrid_pipeline - INFO - [514/576] 已回收 tile_x6144_y16128
2026-07-26 13:08:57,700 - m3_module.m3_cells_generator - INFO - All-positive 標註完成: 14 個細胞
2026-07-26 13:08:57,712 - m3_module.m3_cells_generator - INFO - All-positive 標註完成: 13 個細胞
2026-07-26 13:08:57,733 - m3_module.m3_cells_generator - INFO - enlarge_cell_instances: 14 顆細胞, factor=1.50(面積), 中位半徑=21.4px, 外擴=4.8px
2026-07-26 13:08:57,745 - m3_module.m3_cells_generator - INFO - enlarge_cell_instances: 13 顆細胞, factor=1.50(面積), 中位半徑=15.8px, 外擴=3.6px
2026-07-26 13:08:57,760 - m3_module.m3_elastic_matching - INFO - elastic_dish_nucleus_matching(overlap-first): IHC=14, DISH=35, matched(1核)=11 (其中重疊=11), drop-out(競爭落敗)=0, 無候選(計入)=3, factor=1.50, min_reach=20.0
2026-07-26 13:08:57,763 - m4_module.cell_crops - INFO - 匯出 70 張 per-cell 影像至 /data/taro_Projects/tsgh/output/r7_run/cell_crops/tile_x6912_y16128/cells
2026-07-26 13:08:57,763 - hybrid_pipeline - INFO - Tile tile_x6912_y16128 完成: 核心擁有 70 細胞 (70 陽性), 2.10 秒
2026-07-26 13:08:57,885 - m3_module.m3_dot_detection - INFO - detect_all_dots: 紅點=0, 黑點=0, 涉及細胞=13
2026-07-26 13:08:57,929 - m4_module.cell_crops - INFO - 匯出 0 張 per-cell 影像至 /data/taro_Projects/tsgh/output/r7_run/cell_crops/tile_x10752_y16128/cells
2026-07-26 13:08:57,929 - hybrid_pipeline - INFO - Tile tile_x10752_y16128 完成: 核心擁有 0 細胞 (0 陽性), 1.12 秒
2026-07-26 13:08:57,931 - hybrid_pipeline - INFO - [515/576] 已回收 tile_x10752_y16128
2026-07-26 13:08:57,932 - hybrid_pipeline - INFO - [516/576] 已回收 tile_x6912_y16128
2026-07-26 13:08:57,936 - m3_module.m3_dot_detection - INFO - detect_all_dots: 紅點=21, 黑點=25, 涉及細胞=14
2026-07-26 13:08:57,956 - hybrid_pipeline - INFO - Tile tile_x14592_y16128: 核心遮罩全空 → 空白 placeholder
2026-07-26 13:08:57,963 - m3_module.m3_cells_generator - INFO - All-positive 標註完成: 22 個細胞
2026-07-26 13:08:57,965 - hybrid_pipeline - INFO - [517/576] 已回收 tile_x9216_y16128
2026-07-26 13:08:57,988 - m3_module.m3_cells_generator - INFO - All-positive 標註完成: 51 個細胞
2026-07-26 13:08:57,999 - m3_module.m3_cells_generator - INFO - enlarge_cell_instances: 22 顆細胞, factor=1.50(面積), 中位半徑=17.8px, 外擴=4.0px
2026-07-26 13:08:57,999 - hybrid_pipeline - INFO - [518/576] 已回收 tile_x14592_y16128
2026-07-26 13:08:58,034 - hybrid_pipeline - INFO - Tile tile_x13824_y16128: 核心遮罩全空 → 空白 placeholder
2026-07-26 13:08:58,039 - hybrid_pipeline - INFO - [519/576] 已回收 tile_x13824_y16128
2026-07-26 13:08:58,041 - m3_module.m3_cells_generator - INFO - enlarge_cell_instances: 51 顆細胞, factor=1.50(面積), 中位半徑=21.3px, 外擴=4.8px
2026-07-26 13:08:58,051 - m4_module.cell_crops - INFO - 匯出 3 張 per-cell 影像至 /data/taro_Projects/tsgh/output/r7_run/cell_crops/tile_x8448_y16128/cells
2026-07-26 13:08:58,051 - hybrid_pipeline - INFO - Tile tile_x8448_y16128 完成: 核心擁有 3 細胞 (3 陽性), 1.38 秒
2026-07-26 13:08:58,051 - hybrid_pipeline - INFO - [520/576] 已回收 tile_x8448_y16128
2026-07-26 13:08:58,070 - m3_module.m3_elastic_matching - INFO - elastic_dish_nucleus_matching(overlap-first): IHC=51, DISH=78, matched(1核)=38 (其中重疊=38), drop-out(競爭落敗)=3, 無候選(計入)=10, factor=1.50, min_reach=20.0
2026-07-26 13:08:58,072 - hybrid_pipeline - INFO - Tile tile_x17664_y16128: 核心遮罩全空 → 空白 placeholder
2026-07-26 13:08:58,076 - hybrid_pipeline - INFO - Tile tile_x13056_y16128: 核心遮罩全空 → 空白 placeholder
2026-07-26 13:08:58,082 - hybrid_pipeline - INFO - [521/576] 已回收 tile_x17664_y16128
2026-07-26 13:08:58,096 - hybrid_pipeline - INFO - [522/576] 已回收 tile_x13056_y16128
2026-07-26 13:08:58,107 - hybrid_pipeline - INFO - Tile tile_x16128_y16128: 核心遮罩全空 → 空白 placeholder
2026-07-26 13:08:58,121 - hybrid_pipeline - INFO - Tile tile_x15360_y16128: 核心遮罩全空 → 空白 placeholder
2026-07-26 13:08:58,138 - m3_module.m3_dot_detection - INFO - detect_all_dots: 紅點=0, 黑點=0, 涉及細胞=22
2026-07-26 13:08:58,206 - m4_module.cell_crops - INFO - 匯出 11 張 per-cell 影像至 /data/taro_Projects/tsgh/output/r7_run/cell_crops/tile_x11520_y16128/cells
2026-07-26 13:08:58,206 - hybrid_pipeline - INFO - Tile tile_x11520_y16128 完成: 核心擁有 11 細胞 (11 陽性), 1.30 秒
2026-07-26 13:08:58,211 - hybrid_pipeline - INFO - [523/576] 已回收 tile_x11520_y16128
2026-07-26 13:08:58,240 - hybrid_pipeline - INFO - Tile tile_x12288_y16128: 核心遮罩全空 → 空白 placeholder
2026-07-26 13:08:58,362 - m3_module.m3_dot_detection - INFO - detect_all_dots: 紅點=74, 黑點=92, 涉及細胞=51
2026-07-26 13:08:58,558 - m4_module.cell_crops - INFO - 匯出 26 張 per-cell 影像至 /data/taro_Projects/tsgh/output/r7_run/cell_crops/tile_x7680_y16128/cells
2026-07-26 13:08:58,558 - hybrid_pipeline - INFO - Tile tile_x7680_y16128 完成: 核心擁有 26 細胞 (26 陽性), 1.70 秒
2026-07-26 13:08:58,561 - hybrid_pipeline - INFO - [524/576] 已回收 tile_x7680_y16128
2026-07-26 13:08:58,586 - hybrid_pipeline - INFO - Tile tile_x16896_y16128: 核心遮罩全空 → 空白 placeholder
2026-07-26 13:08:58,987 - hybrid_pipeline - INFO - [525/576] 已回收 tile_x16128_y16128
2026-07-26 13:08:59,016 - m3_module.m3_cells_generator - INFO - All-positive 標註完成: 20 個細胞
2026-07-26 13:08:59,055 - m3_module.m3_cells_generator - INFO - enlarge_cell_instances: 20 顆細胞, factor=1.50(面積), 中位半徑=23.4px, 外擴=5.3px
2026-07-26 13:08:59,081 - m3_module.m3_elastic_matching - INFO - elastic_dish_nucleus_matching(overlap-first): IHC=20, DISH=24, matched(1核)=10 (其中重疊=10), drop-out(競爭落敗)=1, 無候選(計入)=9, factor=1.50, min_reach=20.0
2026-07-26 13:08:59,134 - hybrid_pipeline - INFO - [526/576] 已回收 tile_x15360_y16128
2026-07-26 13:08:59,164 - m3_module.m3_cells_generator - INFO - All-positive 標註完成: 110 個細胞
2026-07-26 13:08:59,170 - hybrid_pipeline - INFO - [527/576] 已回收 tile_x12288_y16128
2026-07-26 13:08:59,201 - m3_module.m3_cells_generator - INFO - All-positive 標註完成: 86 個細胞
2026-07-26 13:08:59,221 - m3_module.m3_cells_generator - INFO - enlarge_cell_instances: 110 顆細胞, factor=1.50(面積), 中位半徑=23.7px, 外擴=5.3px
2026-07-26 13:08:59,225 - m3_module.m3_dot_detection - INFO - detect_all_dots: 紅點=6, 黑點=9, 涉及細胞=20
2026-07-26 13:08:59,252 - m3_module.m3_cells_generator - INFO - enlarge_cell_instances: 86 顆細胞, factor=1.50(面積), 中位半徑=26.5px, 外擴=6.0px
2026-07-26 13:08:59,254 - m3_module.m3_elastic_matching - INFO - elastic_dish_nucleus_matching(overlap-first): IHC=110, DISH=77, matched(1核)=51 (其中重疊=51), drop-out(競爭落敗)=9, 無候選(計入)=50, factor=1.50, min_reach=20.0
2026-07-26 13:08:59,282 - m3_module.m3_elastic_matching - INFO - elastic_dish_nucleus_matching(overlap-first): IHC=86, DISH=42, matched(1核)=36 (其中重疊=36), drop-out(競爭落敗)=16, 無候選(計入)=34, factor=1.50, min_reach=20.0
2026-07-26 13:08:59,352 - m4_module.cell_crops - INFO - 匯出 14 張 per-cell 影像至 /data/taro_Projects/tsgh/output/r7_run/cell_crops/tile_x1536_y16896/cells
2026-07-26 13:08:59,352 - hybrid_pipeline - INFO - Tile tile_x1536_y16896 完成: 核心擁有 14 細胞 (14 陽性), 1.27 秒
2026-07-26 13:08:59,540 - m3_module.m3_dot_detection - INFO - detect_all_dots: 紅點=63, 黑點=96, 涉及細胞=110
2026-07-26 13:08:59,573 - m3_module.m3_dot_detection - INFO - detect_all_dots: 紅點=75, 黑點=90, 涉及細胞=86
2026-07-26 13:08:59,628 - cellpose.dynamics - INFO - No cell pixels found.
2026-07-26 13:08:59,671 - hybrid_pipeline - INFO - [528/576] 已回收 tile_x16896_y16128
2026-07-26 13:08:59,704 - m3_module.m3_cells_generator - INFO - All-positive 標註完成: 56 個細胞
2026-07-26 13:08:59,755 - m3_module.m3_cells_generator - INFO - enlarge_cell_instances: 56 顆細胞, factor=1.50(面積), 中位半徑=24.0px, 外擴=5.4px
2026-07-26 13:08:59,784 - m3_module.m3_elastic_matching - INFO - elastic_dish_nucleus_matching(overlap-first): IHC=56, DISH=45, matched(1核)=23 (其中重疊=23), drop-out(競爭落敗)=4, 無候選(計入)=29, factor=1.50, min_reach=20.0
2026-07-26 13:08:59,823 - m4_module.cell_crops - INFO - 匯出 50 張 per-cell 影像至 /data/taro_Projects/tsgh/output/r7_run/cell_crops/tile_x3072_y16896/cells
2026-07-26 13:08:59,823 - hybrid_pipeline - INFO - Tile tile_x3072_y16896 完成: 核心擁有 50 細胞 (50 陽性), 1.62 秒
2026-07-26 13:08:59,898 - m4_module.cell_crops - INFO - 匯出 70 張 per-cell 影像至 /data/taro_Projects/tsgh/output/r7_run/cell_crops/tile_x0_y16896/cells
2026-07-26 13:08:59,898 - hybrid_pipeline - INFO - Tile tile_x0_y16896 完成: 核心擁有 70 細胞 (70 陽性), 1.80 秒
2026-07-26 13:08:59,956 - m3_module.m3_dot_detection - INFO - detect_all_dots: 紅點=14, 黑點=27, 涉及細胞=56
2026-07-26 13:09:00,118 - hybrid_pipeline - INFO - [529/576] 已回收 tile_x0_y16896
2026-07-26 13:09:00,128 - m3_module.m3_cells_generator - INFO - All-positive 標註完成: 0 個細胞
2026-07-26 13:09:00,173 - m4_module.cell_crops - INFO - 匯出 22 張 per-cell 影像至 /data/taro_Projects/tsgh/output/r7_run/cell_crops/tile_x768_y16896/cells
2026-07-26 13:09:00,173 - hybrid_pipeline - INFO - Tile tile_x768_y16896 完成: 核心擁有 22 細胞 (22 陽性), 1.61 秒
2026-07-26 13:09:00,199 - hybrid_pipeline - INFO - [530/576] 已回收 tile_x1536_y16896
2026-07-26 13:09:00,224 - m3_module.m3_cells_generator - INFO - All-positive 標註完成: 126 個細胞
2026-07-26 13:09:00,271 - m3_module.m3_dot_detection - INFO - detect_all_dots: 紅點=0, 黑點=0, 涉及細胞=0
2026-07-26 13:09:00,278 - hybrid_pipeline - INFO - [531/576] 已回收 tile_x3072_y16896
2026-07-26 13:09:00,282 - m3_module.m3_cells_generator - INFO - enlarge_cell_instances: 126 顆細胞, factor=1.50(面積), 中位半徑=27.8px, 外擴=6.2px
2026-07-26 13:09:00,305 - m4_module.cell_crops - INFO - 匯出 0 張 per-cell 影像至 /data/taro_Projects/tsgh/output/r7_run/cell_crops/tile_x2304_y16896/cells
2026-07-26 13:09:00,305 - hybrid_pipeline - INFO - Tile tile_x2304_y16896 完成: 核心擁有 0 細胞 (0 陽性), 1.17 秒
2026-07-26 13:09:00,308 - m3_module.m3_cells_generator - INFO - All-positive 標註完成: 109 個細胞
2026-07-26 13:09:00,313 - m3_module.m3_elastic_matching - INFO - elastic_dish_nucleus_matching(overlap-first): IHC=126, DISH=39, matched(1核)=30 (其中重疊=30), drop-out(競爭落敗)=8, 無候選(計入)=88, factor=1.50, min_reach=20.0
2026-07-26 13:09:00,369 - m3_module.m3_cells_generator - INFO - enlarge_cell_instances: 109 顆細胞, factor=1.50(面積), 中位半徑=23.7px, 外擴=5.3px
2026-07-26 13:09:00,400 - m3_module.m3_elastic_matching - INFO - elastic_dish_nucleus_matching(overlap-first): IHC=109, DISH=42, matched(1核)=30 (其中重疊=29), drop-out(競爭落敗)=3, 無候選(計入)=76, factor=1.50, min_reach=20.0
2026-07-26 13:09:00,510 - m3_module.m3_dot_detection - INFO - detect_all_dots: 紅點=26, 黑點=35, 涉及細胞=126
2026-07-26 13:09:00,597 - m3_module.m3_dot_detection - INFO - detect_all_dots: 紅點=27, 黑點=39, 涉及細胞=109
2026-07-26 13:09:00,887 - m4_module.cell_crops - INFO - 匯出 81 張 per-cell 影像至 /data/taro_Projects/tsgh/output/r7_run/cell_crops/tile_x4608_y16896/cells
2026-07-26 13:09:00,887 - hybrid_pipeline - INFO - Tile tile_x4608_y16896 完成: 核心擁有 81 細胞 (81 陽性), 1.90 秒
2026-07-26 13:09:00,889 - m4_module.cell_crops - INFO - 匯出 51 張 per-cell 影像至 /data/taro_Projects/tsgh/output/r7_run/cell_crops/tile_x5376_y16896/cells
2026-07-26 13:09:00,889 - hybrid_pipeline - INFO - Tile tile_x5376_y16896 完成: 核心擁有 51 細胞 (51 陽性), 1.72 秒
2026-07-26 13:09:00,908 - hybrid_pipeline - INFO - [532/576] 已回收 tile_x768_y16896
2026-07-26 13:09:00,938 - m3_module.m3_cells_generator - INFO - All-positive 標註完成: 129 個細胞
2026-07-26 13:09:00,999 - m3_module.m3_cells_generator - INFO - enlarge_cell_instances: 129 顆細胞, factor=1.50(面積), 中位半徑=31.4px, 外擴=7.1px
2026-07-26 13:09:01,032 - m3_module.m3_elastic_matching - INFO - elastic_dish_nucleus_matching(overlap-first): IHC=129, DISH=54, matched(1核)=44 (其中重疊=42), drop-out(競爭落敗)=13, 無候選(計入)=72, factor=1.50, min_reach=20.0
2026-07-26 13:09:01,257 - hybrid_pipeline - INFO - [533/576] 已回收 tile_x4608_y16896
2026-07-26 13:09:01,285 - m3_module.m3_cells_generator - INFO - All-positive 標註完成: 18 個細胞
2026-07-26 13:09:01,298 - hybrid_pipeline - INFO - [534/576] 已回收 tile_x2304_y16896
2026-07-26 13:09:01,306 - cellpose.dynamics - INFO - No cell pixels found.
2026-07-26 13:09:01,321 - m3_module.m3_cells_generator - INFO - enlarge_cell_instances: 18 顆細胞, factor=1.50(面積), 中位半徑=19.6px, 外擴=4.4px
2026-07-26 13:09:01,334 - m3_module.m3_cells_generator - INFO - All-positive 標註完成: 109 個細胞
2026-07-26 13:09:01,337 - m3_module.m3_dot_detection - INFO - detect_all_dots: 紅點=62, 黑點=66, 涉及細胞=129
2026-07-26 13:09:01,347 - hybrid_pipeline - INFO - [535/576] 已回收 tile_x5376_y16896
2026-07-26 13:09:01,376 - m3_module.m3_cells_generator - INFO - All-positive 標註完成: 146 個細胞
2026-07-26 13:09:01,400 - m3_module.m3_cells_generator - INFO - enlarge_cell_instances: 109 顆細胞, factor=1.50(面積), 中位半徑=24.1px, 外擴=5.4px
2026-07-26 13:09:01,440 - m3_module.m3_elastic_matching - INFO - elastic_dish_nucleus_matching(overlap-first): IHC=109, DISH=161, matched(1核)=68 (其中重疊=68), drop-out(競爭落敗)=2, 無候選(計入)=39, factor=1.50, min_reach=20.0
2026-07-26 13:09:01,445 - m3_module.m3_cells_generator - INFO - enlarge_cell_instances: 146 顆細胞, factor=1.50(面積), 中位半徑=24.4px, 外擴=5.5px
2026-07-26 13:09:01,477 - m3_module.m3_dot_detection - INFO - detect_all_dots: 紅點=0, 黑點=0, 涉及細胞=18
2026-07-26 13:09:01,478 - m3_module.m3_elastic_matching - INFO - elastic_dish_nucleus_matching(overlap-first): IHC=146, DISH=42, matched(1核)=29 (其中重疊=29), drop-out(競爭落敗)=7, 無候選(計入)=110, factor=1.50, min_reach=20.0
2026-07-26 13:09:01,539 - m4_module.cell_crops - INFO - 匯出 4 張 per-cell 影像至 /data/taro_Projects/tsgh/output/r7_run/cell_crops/tile_x10752_y16896/cells
2026-07-26 13:09:01,539 - hybrid_pipeline - INFO - Tile tile_x10752_y16896 完成: 核心擁有 4 細胞 (4 陽性), 1.34 秒
2026-07-26 13:09:01,655 - m3_module.m3_dot_detection - INFO - detect_all_dots: 紅點=19, 黑點=30, 涉及細胞=146
2026-07-26 13:09:01,756 - m4_module.cell_crops - INFO - 匯出 59 張 per-cell 影像至 /data/taro_Projects/tsgh/output/r7_run/cell_crops/tile_x3840_y16896/cells
2026-07-26 13:09:01,756 - hybrid_pipeline - INFO - Tile tile_x3840_y16896 完成: 核心擁有 59 細胞 (59 陽性), 2.09 秒
2026-07-26 13:09:01,874 - m3_module.m3_dot_detection - INFO - detect_all_dots: 紅點=149, 黑點=172, 涉及細胞=109
2026-07-26 13:09:01,887 - hybrid_pipeline - INFO - [536/576] 已回收 tile_x3840_y16896
2026-07-26 13:09:01,897 - m3_module.m3_cells_generator - INFO - All-positive 標註完成: 0 個細胞
2026-07-26 13:09:02,035 - m3_module.m3_dot_detection - INFO - detect_all_dots: 紅點=0, 黑點=0, 涉及細胞=0
2026-07-26 13:09:02,067 - m4_module.cell_crops - INFO - 匯出 0 張 per-cell 影像至 /data/taro_Projects/tsgh/output/r7_run/cell_crops/tile_x9984_y16896/cells
2026-07-26 13:09:02,067 - hybrid_pipeline - INFO - Tile tile_x9984_y16896 完成: 核心擁有 0 細胞 (0 陽性), 1.16 秒
2026-07-26 13:09:02,084 - m4_module.cell_crops - INFO - 匯出 77 張 per-cell 影像至 /data/taro_Projects/tsgh/output/r7_run/cell_crops/tile_x6144_y16896/cells
2026-07-26 13:09:02,084 - hybrid_pipeline - INFO - Tile tile_x6144_y16896 完成: 核心擁有 77 細胞 (77 陽性), 1.81 秒
2026-07-26 13:09:02,260 - m4_module.cell_crops - INFO - 匯出 49 張 per-cell 影像至 /data/taro_Projects/tsgh/output/r7_run/cell_crops/tile_x6912_y16896/cells
2026-07-26 13:09:02,260 - hybrid_pipeline - INFO - Tile tile_x6912_y16896 完成: 核心擁有 49 細胞 (49 陽性), 2.14 秒
2026-07-26 13:09:02,274 - hybrid_pipeline - INFO - [537/576] 已回收 tile_x10752_y16896
2026-07-26 13:09:02,298 - m3_module.m3_cells_generator - INFO - All-positive 標註完成: 11 個細胞
2026-07-26 13:09:02,331 - m3_module.m3_cells_generator - INFO - enlarge_cell_instances: 11 顆細胞, factor=1.50(面積), 中位半徑=18.7px, 外擴=4.2px
2026-07-26 13:09:02,357 - m3_module.m3_elastic_matching - INFO - elastic_dish_nucleus_matching(overlap-first): IHC=11, DISH=9, matched(1核)=4 (其中重疊=4), drop-out(競爭落敗)=0, 無候選(計入)=7, factor=1.50, min_reach=20.0
2026-07-26 13:09:02,395 - hybrid_pipeline - INFO - [538/576] 已回收 tile_x6144_y16896
2026-07-26 13:09:02,428 - m3_module.m3_cells_generator - INFO - All-positive 標註完成: 29 個細胞
2026-07-26 13:09:02,467 - m3_module.m3_cells_generator - INFO - enlarge_cell_instances: 29 顆細胞, factor=1.50(面積), 中位半徑=18.4px, 外擴=4.1px
2026-07-26 13:09:02,494 - m3_module.m3_elastic_matching - INFO - elastic_dish_nucleus_matching(overlap-first): IHC=29, DISH=2, matched(1核)=1 (其中重疊=1), drop-out(競爭落敗)=1, 無候選(計入)=27, factor=1.50, min_reach=20.0
2026-07-26 13:09:02,499 - m3_module.m3_dot_detection - INFO - detect_all_dots: 紅點=10, 黑點=12, 涉及細胞=11
2026-07-26 13:09:02,539 - hybrid_pipeline - INFO - [539/576] 已回收 tile_x6912_y16896
2026-07-26 13:09:02,568 - m3_module.m3_cells_generator - INFO - All-positive 標註完成: 97 個細胞
2026-07-26 13:09:02,591 - m4_module.cell_crops - INFO - 匯出 9 張 per-cell 影像至 /data/taro_Projects/tsgh/output/r7_run/cell_crops/tile_x9216_y16896/cells
2026-07-26 13:09:02,591 - hybrid_pipeline - INFO - Tile tile_x9216_y16896 完成: 核心擁有 9 細胞 (9 陽性), 1.34 秒
2026-07-26 13:09:02,592 - hybrid_pipeline - INFO - [540/576] 已回收 tile_x9216_y16896
2026-07-26 13:09:02,611 - m3_module.m3_dot_detection - INFO - detect_all_dots: 紅點=0, 黑點=0, 涉及細胞=29
2026-07-26 13:09:02,616 - hybrid_pipeline - INFO - Tile tile_x14592_y16896: 核心遮罩全空 → 空白 placeholder
2026-07-26 13:09:02,621 - m3_module.m3_cells_generator - INFO - enlarge_cell_instances: 97 顆細胞, factor=1.50(面積), 中位半徑=22.7px, 外擴=5.1px
2026-07-26 13:09:02,649 - hybrid_pipeline - INFO - [541/576] 已回收 tile_x14592_y16896
2026-07-26 13:09:02,652 - m3_module.m3_elastic_matching - INFO - elastic_dish_nucleus_matching(overlap-first): IHC=97, DISH=140, matched(1核)=72 (其中重疊=72), drop-out(競爭落敗)=7, 無候選(計入)=18, factor=1.50, min_reach=20.0
2026-07-26 13:09:02,674 - hybrid_pipeline - INFO - Tile tile_x13824_y16896: 核心遮罩全空 → 空白 placeholder
2026-07-26 13:09:02,710 - hybrid_pipeline - INFO - [542/576] 已回收 tile_x13824_y16896
2026-07-26 13:09:02,715 - m4_module.cell_crops - INFO - 匯出 19 張 per-cell 影像至 /data/taro_Projects/tsgh/output/r7_run/cell_crops/tile_x11520_y16896/cells
2026-07-26 13:09:02,715 - hybrid_pipeline - INFO - Tile tile_x11520_y16896 完成: 核心擁有 19 細胞 (19 陽性), 1.37 秒
2026-07-26 13:09:02,717 - hybrid_pipeline - INFO - [543/576] 已回收 tile_x11520_y16896
2026-07-26 13:09:02,735 - hybrid_pipeline - INFO - Tile tile_x16128_y16896: 核心遮罩全空 → 空白 placeholder
2026-07-26 13:09:02,740 - hybrid_pipeline - INFO - Tile tile_x15360_y16896: 核心遮罩全空 → 空白 placeholder
2026-07-26 13:09:02,777 - hybrid_pipeline - INFO - [544/576] 已回收 tile_x15360_y16896
2026-07-26 13:09:02,777 - hybrid_pipeline - INFO - [545/576] 已回收 tile_x16128_y16896
2026-07-26 13:09:02,802 - hybrid_pipeline - INFO - Tile tile_x13056_y16896: 核心遮罩全空 → 空白 placeholder
2026-07-26 13:09:02,804 - hybrid_pipeline - INFO - Tile tile_x16896_y16896: 核心遮罩全空 → 空白 placeholder
2026-07-26 13:09:02,849 - hybrid_pipeline - INFO - [546/576] 已回收 tile_x16896_y16896
2026-07-26 13:09:02,879 - hybrid_pipeline - INFO - Tile tile_x17664_y16896: 核心遮罩全空 → 空白 placeholder
2026-07-26 13:09:02,946 - hybrid_pipeline - INFO - [547/576] 已回收 tile_x9984_y16896
2026-07-26 13:09:02,972 - m3_module.m3_cells_generator - INFO - All-positive 標註完成: 17 個細胞
2026-07-26 13:09:03,012 - m3_module.m3_cells_generator - INFO - enlarge_cell_instances: 17 顆細胞, factor=1.50(面積), 中位半徑=21.5px, 外擴=4.8px
2026-07-26 13:09:03,036 - m3_module.m3_elastic_matching - INFO - elastic_dish_nucleus_matching(overlap-first): IHC=17, DISH=36, matched(1核)=9 (其中重疊=9), drop-out(競爭落敗)=0, 無候選(計入)=8, factor=1.50, min_reach=20.0
2026-07-26 13:09:03,116 - m3_module.m3_dot_detection - INFO - detect_all_dots: 紅點=157, 黑點=200, 涉及細胞=97
2026-07-26 13:09:03,192 - m3_module.m3_dot_detection - INFO - detect_all_dots: 紅點=15, 黑點=20, 涉及細胞=17
2026-07-26 13:09:03,322 - m4_module.cell_crops - INFO - 匯出 5 張 per-cell 影像至 /data/taro_Projects/tsgh/output/r7_run/cell_crops/tile_x8448_y16896/cells
2026-07-26 13:09:03,322 - hybrid_pipeline - INFO - Tile tile_x8448_y16896 完成: 核心擁有 5 細胞 (5 陽性), 1.44 秒
2026-07-26 13:09:03,421 - m4_module.cell_crops - INFO - 匯出 69 張 per-cell 影像至 /data/taro_Projects/tsgh/output/r7_run/cell_crops/tile_x7680_y16896/cells
2026-07-26 13:09:03,421 - hybrid_pipeline - INFO - Tile tile_x7680_y16896 完成: 核心擁有 69 細胞 (69 陽性), 2.12 秒
2026-07-26 13:09:03,424 - hybrid_pipeline - INFO - [548/576] 已回收 tile_x7680_y16896
2026-07-26 13:09:03,450 - hybrid_pipeline - INFO - Tile tile_x12288_y16896: 核心遮罩全空 → 空白 placeholder
2026-07-26 13:09:03,816 - hybrid_pipeline - INFO - [549/576] 已回收 tile_x13056_y16896
2026-07-26 13:09:03,847 - m3_module.m3_cells_generator - INFO - All-positive 標註完成: 87 個細胞
2026-07-26 13:09:03,863 - hybrid_pipeline - INFO - [550/576] 已回收 tile_x17664_y16896
2026-07-26 13:09:03,892 - m3_module.m3_cells_generator - INFO - All-positive 標註完成: 46 個細胞
2026-07-26 13:09:03,903 - m3_module.m3_cells_generator - INFO - enlarge_cell_instances: 87 顆細胞, factor=1.50(面積), 中位半徑=25.5px, 外擴=5.7px
2026-07-26 13:09:03,910 - hybrid_pipeline - INFO - [551/576] 已回收 tile_x8448_y16896
2026-07-26 13:09:03,936 - m3_module.m3_elastic_matching - INFO - elastic_dish_nucleus_matching(overlap-first): IHC=87, DISH=92, matched(1核)=50 (其中重疊=49), drop-out(競爭落敗)=9, 無候選(計入)=28, factor=1.50, min_reach=20.0
2026-07-26 13:09:03,938 - m3_module.m3_cells_generator - INFO - enlarge_cell_instances: 46 顆細胞, factor=1.50(面積), 中位半徑=23.4px, 外擴=5.3px
2026-07-26 13:09:03,949 - m3_module.m3_cells_generator - INFO - All-positive 標註完成: 61 個細胞
2026-07-26 13:09:03,972 - m3_module.m3_elastic_matching - INFO - elastic_dish_nucleus_matching(overlap-first): IHC=46, DISH=19, matched(1核)=17 (其中重疊=17), drop-out(競爭落敗)=6, 無候選(計入)=23, factor=1.50, min_reach=20.0
2026-07-26 13:09:04,006 - m3_module.m3_cells_generator - INFO - enlarge_cell_instances: 61 顆細胞, factor=1.50(面積), 中位半徑=29.5px, 外擴=6.6px
2026-07-26 13:09:04,035 - m3_module.m3_elastic_matching - INFO - elastic_dish_nucleus_matching(overlap-first): IHC=61, DISH=62, matched(1核)=39 (其中重疊=39), drop-out(競爭落敗)=7, 無候選(計入)=15, factor=1.50, min_reach=20.0
2026-07-26 13:09:04,184 - m3_module.m3_dot_detection - INFO - detect_all_dots: 紅點=39, 黑點=51, 涉及細胞=46
2026-07-26 13:09:04,233 - m3_module.m3_dot_detection - INFO - detect_all_dots: 紅點=57, 黑點=84, 涉及細胞=87
2026-07-26 13:09:04,247 - m3_module.m3_dot_detection - INFO - detect_all_dots: 紅點=34, 黑點=42, 涉及細胞=61
2026-07-26 13:09:04,331 - m4_module.cell_crops - INFO - 匯出 22 張 per-cell 影像至 /data/taro_Projects/tsgh/output/r7_run/cell_crops/tile_x3072_y17664/cells
2026-07-26 13:09:04,331 - hybrid_pipeline - INFO - Tile tile_x3072_y17664 完成: 核心擁有 22 細胞 (22 陽性), 1.48 秒
2026-07-26 13:09:04,447 - hybrid_pipeline - INFO - [552/576] 已回收 tile_x12288_y16896
2026-07-26 13:09:04,466 - m4_module.cell_crops - INFO - 匯出 43 張 per-cell 影像至 /data/taro_Projects/tsgh/output/r7_run/cell_crops/tile_x1536_y17664/cells
2026-07-26 13:09:04,466 - hybrid_pipeline - INFO - Tile tile_x1536_y17664 完成: 核心擁有 43 細胞 (43 陽性), 1.52 秒
2026-07-26 13:09:04,466 - hybrid_pipeline - INFO - [553/576] 已回收 tile_x1536_y17664
2026-07-26 13:09:04,480 - m3_module.m3_cells_generator - INFO - All-positive 標註完成: 117 個細胞
2026-07-26 13:09:04,492 - hybrid_pipeline - INFO - Tile tile_x2304_y17664: 核心遮罩全空 → 空白 placeholder
2026-07-26 13:09:04,515 - m4_module.cell_crops - INFO - 匯出 50 張 per-cell 影像至 /data/taro_Projects/tsgh/output/r7_run/cell_crops/tile_x0_y17664/cells
2026-07-26 13:09:04,515 - hybrid_pipeline - INFO - Tile tile_x0_y17664 完成: 核心擁有 50 細胞 (50 陽性), 1.74 秒
2026-07-26 13:09:04,544 - m3_module.m3_cells_generator - INFO - enlarge_cell_instances: 117 顆細胞, factor=1.50(面積), 中位半徑=26.6px, 外擴=6.0px
2026-07-26 13:09:04,575 - m3_module.m3_elastic_matching - INFO - elastic_dish_nucleus_matching(overlap-first): IHC=117, DISH=51, matched(1核)=37 (其中重疊=37), drop-out(競爭落敗)=12, 無候選(計入)=68, factor=1.50, min_reach=20.0
2026-07-26 13:09:04,861 - m3_module.m3_dot_detection - INFO - detect_all_dots: 紅點=70, 黑點=98, 涉及細胞=117
2026-07-26 13:09:04,984 - hybrid_pipeline - INFO - [554/576] 已回收 tile_x3072_y17664
2026-07-26 13:09:04,987 - hybrid_pipeline - INFO - [555/576] 已回收 tile_x0_y17664
2026-07-26 13:09:05,018 - m3_module.m3_cells_generator - INFO - All-positive 標註完成: 161 個細胞
2026-07-26 13:09:05,019 - m3_module.m3_cells_generator - INFO - All-positive 標註完成: 133 個細胞
2026-07-26 13:09:05,081 - m3_module.m3_cells_generator - INFO - enlarge_cell_instances: 133 顆細胞, factor=1.50(面積), 中位半徑=28.0px, 外擴=6.3px
2026-07-26 13:09:05,082 - m3_module.m3_cells_generator - INFO - enlarge_cell_instances: 161 顆細胞, factor=1.50(面積), 中位半徑=23.2px, 外擴=5.2px
2026-07-26 13:09:05,116 - m3_module.m3_elastic_matching - INFO - elastic_dish_nucleus_matching(overlap-first): IHC=133, DISH=33, matched(1核)=28 (其中重疊=28), drop-out(競爭落敗)=11, 無候選(計入)=94, factor=1.50, min_reach=20.0
2026-07-26 13:09:05,118 - m3_module.m3_elastic_matching - INFO - elastic_dish_nucleus_matching(overlap-first): IHC=161, DISH=31, matched(1核)=27 (其中重疊=27), drop-out(競爭落敗)=9, 無候選(計入)=125, factor=1.50, min_reach=20.0
2026-07-26 13:09:05,242 - m4_module.cell_crops - INFO - 匯出 76 張 per-cell 影像至 /data/taro_Projects/tsgh/output/r7_run/cell_crops/tile_x3840_y17664/cells
2026-07-26 13:09:05,242 - hybrid_pipeline - INFO - Tile tile_x3840_y17664 完成: 核心擁有 76 細胞 (76 陽性), 1.82 秒
2026-07-26 13:09:05,317 - m3_module.m3_dot_detection - INFO - detect_all_dots: 紅點=24, 黑點=27, 涉及細胞=161
2026-07-26 13:09:05,324 - m3_module.m3_dot_detection - INFO - detect_all_dots: 紅點=25, 黑點=31, 涉及細胞=133
2026-07-26 13:09:05,683 - m4_module.cell_crops - INFO - 匯出 106 張 per-cell 影像至 /data/taro_Projects/tsgh/output/r7_run/cell_crops/tile_x5376_y17664/cells
2026-07-26 13:09:05,683 - hybrid_pipeline - INFO - Tile tile_x5376_y17664 完成: 核心擁有 106 細胞 (106 陽性), 1.82 秒
2026-07-26 13:09:05,685 - hybrid_pipeline - INFO - [556/576] 已回收 tile_x2304_y17664
2026-07-26 13:09:05,699 - hybrid_pipeline - INFO - [557/576] 已回收 tile_x3840_y17664
2026-07-26 13:09:05,718 - m3_module.m3_cells_generator - INFO - All-positive 標註完成: 72 個細胞
2026-07-26 13:09:05,728 - m3_module.m3_cells_generator - INFO - All-positive 標註完成: 115 個細胞
2026-07-26 13:09:05,741 - m4_module.cell_crops - INFO - 匯出 80 張 per-cell 影像至 /data/taro_Projects/tsgh/output/r7_run/cell_crops/tile_x4608_y17664/cells
2026-07-26 13:09:05,741 - hybrid_pipeline - INFO - Tile tile_x4608_y17664 完成: 核心擁有 80 細胞 (80 陽性), 1.93 秒
2026-07-26 13:09:05,775 - m3_module.m3_cells_generator - INFO - enlarge_cell_instances: 72 顆細胞, factor=1.50(面積), 中位半徑=21.6px, 外擴=4.9px
2026-07-26 13:09:05,791 - m3_module.m3_cells_generator - INFO - enlarge_cell_instances: 115 顆細胞, factor=1.50(面積), 中位半徑=26.4px, 外擴=5.9px
2026-07-26 13:09:05,806 - m3_module.m3_elastic_matching - INFO - elastic_dish_nucleus_matching(overlap-first): IHC=72, DISH=15, matched(1核)=12 (其中重疊=12), drop-out(競爭落敗)=1, 無候選(計入)=59, factor=1.50, min_reach=20.0
2026-07-26 13:09:05,825 - m3_module.m3_elastic_matching - INFO - elastic_dish_nucleus_matching(overlap-first): IHC=115, DISH=122, matched(1核)=68 (其中重疊=68), drop-out(競爭落敗)=12, 無候選(計入)=35, factor=1.50, min_reach=20.0
2026-07-26 13:09:05,952 - m3_module.m3_dot_detection - INFO - detect_all_dots: 紅點=9, 黑點=12, 涉及細胞=72
2026-07-26 13:09:06,130 - hybrid_pipeline - INFO - [558/576] 已回收 tile_x4608_y17664
2026-07-26 13:09:06,132 - m3_module.m3_dot_detection - INFO - detect_all_dots: 紅點=73, 黑點=97, 涉及細胞=115
2026-07-26 13:09:06,158 - m3_module.m3_cells_generator - INFO - All-positive 標註完成: 5 個細胞
2026-07-26 13:09:06,172 - m4_module.cell_crops - INFO - 匯出 28 張 per-cell 影像至 /data/taro_Projects/tsgh/output/r7_run/cell_crops/tile_x6144_y17664/cells
2026-07-26 13:09:06,172 - hybrid_pipeline - INFO - Tile tile_x6144_y17664 完成: 核心擁有 28 細胞 (28 陽性), 1.71 秒
2026-07-26 13:09:06,191 - m3_module.m3_cells_generator - INFO - enlarge_cell_instances: 5 顆細胞, factor=1.50(面積), 中位半徑=38.7px, 外擴=8.7px
2026-07-26 13:09:06,207 - hybrid_pipeline - INFO - [559/576] 已回收 tile_x5376_y17664
2026-07-26 13:09:06,238 - m3_module.m3_cells_generator - INFO - All-positive 標註完成: 29 個細胞
2026-07-26 13:09:06,276 - m3_module.m3_cells_generator - INFO - enlarge_cell_instances: 29 顆細胞, factor=1.50(面積), 中位半徑=28.5px, 外擴=6.4px
2026-07-26 13:09:06,303 - m3_module.m3_elastic_matching - INFO - elastic_dish_nucleus_matching(overlap-first): IHC=29, DISH=25, matched(1核)=15 (其中重疊=15), drop-out(競爭落敗)=5, 無候選(計入)=9, factor=1.50, min_reach=20.0
2026-07-26 13:09:06,335 - m3_module.m3_dot_detection - INFO - detect_all_dots: 紅點=0, 黑點=0, 涉及細胞=5
2026-07-26 13:09:06,397 - m4_module.cell_crops - INFO - 匯出 5 張 per-cell 影像至 /data/taro_Projects/tsgh/output/r7_run/cell_crops/tile_x9216_y17664/cells
2026-07-26 13:09:06,397 - hybrid_pipeline - INFO - Tile tile_x9216_y17664 完成: 核心擁有 5 細胞 (5 陽性), 1.41 秒
2026-07-26 13:09:06,482 - m3_module.m3_dot_detection - INFO - detect_all_dots: 紅點=24, 黑點=36, 涉及細胞=29
2026-07-26 13:09:06,535 - m4_module.cell_crops - INFO - 匯出 81 張 per-cell 影像至 /data/taro_Projects/tsgh/output/r7_run/cell_crops/tile_x768_y17664/cells
2026-07-26 13:09:06,536 - hybrid_pipeline - INFO - Tile tile_x768_y17664 完成: 核心擁有 81 細胞 (81 陽性), 2.09 秒
2026-07-26 13:09:06,609 - m4_module.cell_crops - INFO - 匯出 20 張 per-cell 影像至 /data/taro_Projects/tsgh/output/r7_run/cell_crops/tile_x8448_y17664/cells
2026-07-26 13:09:06,609 - hybrid_pipeline - INFO - Tile tile_x8448_y17664 完成: 核心擁有 20 細胞 (20 陽性), 1.63 秒
2026-07-26 13:09:06,860 - hybrid_pipeline - INFO - [560/576] 已回收 tile_x768_y17664
2026-07-26 13:09:06,880 - hybrid_pipeline - INFO - [561/576] 已回收 tile_x6144_y17664
2026-07-26 13:09:06,891 - m3_module.m3_cells_generator - INFO - All-positive 標註完成: 101 個細胞
2026-07-26 13:09:06,904 - m3_module.m3_cells_generator - INFO - All-positive 標註完成: 94 個細胞
2026-07-26 13:09:06,926 - hybrid_pipeline - INFO - [562/576] 已回收 tile_x9216_y17664
2026-07-26 13:09:06,949 - m3_module.m3_cells_generator - INFO - enlarge_cell_instances: 101 顆細胞, factor=1.50(面積), 中位半徑=25.0px, 外擴=5.6px
2026-07-26 13:09:06,958 - m3_module.m3_cells_generator - INFO - enlarge_cell_instances: 94 顆細胞, factor=1.50(面積), 中位半徑=25.5px, 外擴=5.7px
2026-07-26 13:09:06,961 - m3_module.m3_cells_generator - INFO - All-positive 標註完成: 31 個細胞
2026-07-26 13:09:06,981 - m3_module.m3_elastic_matching - INFO - elastic_dish_nucleus_matching(overlap-first): IHC=101, DISH=105, matched(1核)=52 (其中重疊=52), drop-out(競爭落敗)=8, 無候選(計入)=41, factor=1.50, min_reach=20.0
2026-07-26 13:09:06,991 - m3_module.m3_elastic_matching - INFO - elastic_dish_nucleus_matching(overlap-first): IHC=94, DISH=142, matched(1核)=62 (其中重疊=62), drop-out(競爭落敗)=3, 無候選(計入)=29, factor=1.50, min_reach=20.0
2026-07-26 13:09:07,001 - m3_module.m3_cells_generator - INFO - enlarge_cell_instances: 31 顆細胞, factor=1.50(面積), 中位半徑=17.5px, 外擴=3.9px
2026-07-26 13:09:07,027 - m3_module.m3_elastic_matching - INFO - elastic_dish_nucleus_matching(overlap-first): IHC=31, DISH=1, matched(1核)=0 (其中重疊=0), drop-out(競爭落敗)=0, 無候選(計入)=31, factor=1.50, min_reach=20.0
2026-07-26 13:09:07,124 - hybrid_pipeline - INFO - [563/576] 已回收 tile_x8448_y17664
2026-07-26 13:09:07,147 - m3_module.m3_dot_detection - INFO - detect_all_dots: 紅點=0, 黑點=0, 涉及細胞=31
2026-07-26 13:09:07,155 - m3_module.m3_cells_generator - INFO - All-positive 標註完成: 26 個細胞
2026-07-26 13:09:07,192 - m3_module.m3_cells_generator - INFO - enlarge_cell_instances: 26 顆細胞, factor=1.50(面積), 中位半徑=19.4px, 外擴=4.4px
2026-07-26 13:09:07,216 - m3_module.m3_elastic_matching - INFO - elastic_dish_nucleus_matching(overlap-first): IHC=26, DISH=1, matched(1核)=0 (其中重疊=0), drop-out(競爭落敗)=0, 無候選(計入)=26, factor=1.50, min_reach=20.0
2026-07-26 13:09:07,235 - m4_module.cell_crops - INFO - 匯出 21 張 per-cell 影像至 /data/taro_Projects/tsgh/output/r7_run/cell_crops/tile_x11520_y17664/cells
2026-07-26 13:09:07,235 - hybrid_pipeline - INFO - Tile tile_x11520_y17664 完成: 核心擁有 21 細胞 (21 陽性), 1.11 秒
2026-07-26 13:09:07,237 - hybrid_pipeline - INFO - [564/576] 已回收 tile_x11520_y17664
2026-07-26 13:09:07,263 - m3_module.m3_dot_detection - INFO - detect_all_dots: 紅點=61, 黑點=83, 涉及細胞=101
2026-07-26 13:09:07,267 - hybrid_pipeline - INFO - Tile tile_x15360_y17664: 核心遮罩全空 → 空白 placeholder
2026-07-26 13:09:07,330 - m3_module.m3_dot_detection - INFO - detect_all_dots: 紅點=0, 黑點=0, 涉及細胞=26
2026-07-26 13:09:07,345 - m3_module.m3_dot_detection - INFO - detect_all_dots: 紅點=96, 黑點=132, 涉及細胞=94
2026-07-26 13:09:07,413 - m4_module.cell_crops - INFO - 匯出 15 張 per-cell 影像至 /data/taro_Projects/tsgh/output/r7_run/cell_crops/tile_x10752_y17664/cells
2026-07-26 13:09:07,413 - hybrid_pipeline - INFO - Tile tile_x10752_y17664 完成: 核心擁有 15 細胞 (15 陽性), 1.21 秒
2026-07-26 13:09:07,414 - hybrid_pipeline - INFO - [565/576] 已回收 tile_x10752_y17664
2026-07-26 13:09:07,437 - hybrid_pipeline - INFO - Tile tile_x14592_y17664: 核心遮罩全空 → 空白 placeholder
2026-07-26 13:09:07,608 - m4_module.cell_crops - INFO - 匯出 71 張 per-cell 影像至 /data/taro_Projects/tsgh/output/r7_run/cell_crops/tile_x6912_y17664/cells
2026-07-26 13:09:07,608 - hybrid_pipeline - INFO - Tile tile_x6912_y17664 完成: 核心擁有 71 細胞 (71 陽性), 1.91 秒
2026-07-26 13:09:07,611 - hybrid_pipeline - INFO - [566/576] 已回收 tile_x6912_y17664
2026-07-26 13:09:07,636 - hybrid_pipeline - INFO - Tile tile_x9984_y17664: 核心遮罩全空 → 空白 placeholder
2026-07-26 13:09:07,667 - hybrid_pipeline - INFO - [567/576] 已回收 tile_x9984_y17664
2026-07-26 13:09:07,668 - m4_module.cell_crops - INFO - 匯出 52 張 per-cell 影像至 /data/taro_Projects/tsgh/output/r7_run/cell_crops/tile_x7680_y17664/cells
2026-07-26 13:09:07,668 - hybrid_pipeline - INFO - Tile tile_x7680_y17664 完成: 核心擁有 52 細胞 (52 陽性), 1.98 秒
2026-07-26 13:09:07,669 - hybrid_pipeline - INFO - [568/576] 已回收 tile_x7680_y17664
2026-07-26 13:09:07,694 - hybrid_pipeline - INFO - Tile tile_x16896_y17664: 核心遮罩全空 → 空白 placeholder
2026-07-26 13:09:07,695 - hybrid_pipeline - INFO - Tile tile_x12288_y17664: 核心遮罩全空 → 空白 placeholder
2026-07-26 13:09:07,740 - hybrid_pipeline - INFO - [569/576] 已回收 tile_x16896_y17664
2026-07-26 13:09:07,748 - hybrid_pipeline - INFO - [570/576] 已回收 tile_x12288_y17664
2026-07-26 13:09:07,770 - hybrid_pipeline - INFO - Tile tile_x16128_y17664: 核心遮罩全空 → 空白 placeholder
2026-07-26 13:09:07,770 - hybrid_pipeline - INFO - [571/576] 已回收 tile_x16128_y17664
2026-07-26 13:09:07,774 - hybrid_pipeline - INFO - Tile tile_x17664_y17664: 核心遮罩全空 → 空白 placeholder
2026-07-26 13:09:07,775 - hybrid_pipeline - INFO - [572/576] 已回收 tile_x17664_y17664
2026-07-26 13:09:07,923 - hybrid_pipeline - INFO - [573/576] 已回收 tile_x15360_y17664
2026-07-26 13:09:07,953 - m3_module.m3_cells_generator - INFO - All-positive 標註完成: 13 個細胞
2026-07-26 13:09:07,987 - m3_module.m3_cells_generator - INFO - enlarge_cell_instances: 13 顆細胞, factor=1.50(面積), 中位半徑=16.9px, 外擴=3.8px
2026-07-26 13:09:08,124 - m3_module.m3_dot_detection - INFO - detect_all_dots: 紅點=0, 黑點=0, 涉及細胞=13
2026-07-26 13:09:08,180 - m4_module.cell_crops - INFO - 匯出 7 張 per-cell 影像至 /data/taro_Projects/tsgh/output/r7_run/cell_crops/tile_x13056_y17664/cells
2026-07-26 13:09:08,180 - hybrid_pipeline - INFO - Tile tile_x13056_y17664 完成: 核心擁有 7 細胞 (7 陽性), 0.94 秒
2026-07-26 13:09:08,181 - hybrid_pipeline - INFO - [574/576] 已回收 tile_x13056_y17664
2026-07-26 13:09:08,194 - hybrid_pipeline - INFO - [575/576] 已回收 tile_x14592_y17664
2026-07-26 13:09:08,220 - m3_module.m3_cells_generator - INFO - All-positive 標註完成: 7 個細胞
2026-07-26 13:09:08,254 - m3_module.m3_cells_generator - INFO - enlarge_cell_instances: 7 顆細胞, factor=1.50(面積), 中位半徑=18.2px, 外擴=4.1px
2026-07-26 13:09:08,281 - m3_module.m3_elastic_matching - INFO - elastic_dish_nucleus_matching(overlap-first): IHC=7, DISH=218, matched(1核)=5 (其中重疊=5), drop-out(競爭落敗)=0, 無候選(計入)=2, factor=1.50, min_reach=20.0
2026-07-26 13:09:08,400 - m3_module.m3_dot_detection - INFO - detect_all_dots: 紅點=0, 黑點=0, 涉及細胞=7
2026-07-26 13:09:08,473 - m4_module.cell_crops - INFO - 匯出 4 張 per-cell 影像至 /data/taro_Projects/tsgh/output/r7_run/cell_crops/tile_x13824_y17664/cells
2026-07-26 13:09:08,473 - hybrid_pipeline - INFO - Tile tile_x13824_y17664 完成: 核心擁有 4 細胞 (4 陽性), 1.06 秒
2026-07-26 13:09:08,473 - hybrid_pipeline - INFO - [576/576] 已回收 tile_x13824_y17664
2026-07-26 13:09:09,124 - m4_module.csv - INFO - CSV 匯出完成: report.csv (5686 列)
2026-07-26 13:09:09,125 - m4_module.csv - INFO - Summary 報告輸出: summary.txt (485 valid cells)
2026-07-26 13:09:13,543 - hybrid_pipeline - INFO - overlay_slide.tiff 縫合完成: 18688×18688 px
2026-07-26 13:09:13,567 - hybrid_pipeline - INFO - 批次完成 — run_id=d32eea70 | 總計=576 | 成功=137 | 跳過=439
{
  "label": "control_w4_r1",
  "n_tiles": 576,
  "mp_workers": 4,
  "grid": {
    "cols": 24,
    "rows": 24
  },
  "wall": {
    "end_to_end_total_s": 65.546,
    "phaseA_precut_s": 0.004,
    "runbatch_BCD_s": 65.542
  },
  "disk_bytes": {
    "precut_scratch": 0,
    "analysis_output": 7084916056
  },
  "stats": {
    "success": 137,
    "skipped": 439
  },
  "timings": {
    "G_mkdir_other": {
      "n": 6,
      "t": 0.00015282901586033404
    },
    "G_mkdir_fixed_outdir": {
      "n": 6,
      "t": 0.00010817598376888782
    },
    "C_export_csv": {
      "n": 1,
      "t": 0.005667396995704621
    },
    "C_export_summary": {
      "n": 1,
      "t": 0.0005163829919183627
    },
    "D_stitch_overlay": {
      "n": 1,
      "t": 4.44251742499182
    }
  },
  "config_hash": "3d1087f2",
  "peak_cuda_reserved_gb": 0.0,
  "peak_rss_gb": 11.61
}
