2026-07-26 13:10:23,349 - hybrid_pipeline - INFO - 批次處理開始 — run_id=ffc90491, config_hash=3d1087f2
2026-07-26 13:10:24,549 - unet_inference - INFO - 成功載入權重: /data/taro_Projects/tsgh/backend/algorithms/hybrid/models/unet/b4/best_model_unet_b4.pth
2026-07-26 13:10:24,564 - unet_inference - INFO - 模型載入完成，設備: cuda
2026-07-26 13:10:24,717 - cellpose.core - INFO - ** TORCH CUDA version installed and working. **
2026-07-26 13:10:24,717 - cellpose.core - INFO - >>>> using GPU (CUDA)
2026-07-26 13:10:24,726 - dinov3 - INFO - using base=100 for rope new
2026-07-26 13:10:24,726 - dinov3 - INFO - using min_period=None for rope new
2026-07-26 13:10:24,726 - dinov3 - INFO - using max_period=None for rope new
2026-07-26 13:10:24,726 - dinov3 - INFO - using normalize_coords=separate for rope new
2026-07-26 13:10:24,726 - dinov3 - INFO - using shift_coords=None for rope new
2026-07-26 13:10:24,726 - dinov3 - INFO - using rescale_coords=2 for rope new
2026-07-26 13:10:24,726 - dinov3 - INFO - using jitter_coords=None for rope new
2026-07-26 13:10:24,726 - dinov3 - INFO - using dtype=fp32 for rope new
2026-07-26 13:10:24,726 - dinov3 - INFO - using mlp layer as FFN
2026-07-26 13:10:25,162 - cellpose.models - INFO - >>>> loading model /data/taro_Projects/tsgh/backend/algorithms/hybrid/models/cellpose/cellpose_ihc_dish_best
2026-07-26 13:10:25,224 - m2_segmentation - INFO - Cellpose 模型載入完成: cellpose_ihc_dish_best (diameter=None)
2026-07-26 13:10:25,225 - cellpose.core - INFO - ** TORCH CUDA version installed and working. **
2026-07-26 13:10:25,225 - cellpose.core - INFO - >>>> using GPU (CUDA)
2026-07-26 13:10:25,231 - dinov3 - INFO - using base=100 for rope new
2026-07-26 13:10:25,231 - dinov3 - INFO - using min_period=None for rope new
2026-07-26 13:10:25,231 - dinov3 - INFO - using max_period=None for rope new
2026-07-26 13:10:25,231 - dinov3 - INFO - using normalize_coords=separate for rope new
2026-07-26 13:10:25,231 - dinov3 - INFO - using shift_coords=None for rope new
2026-07-26 13:10:25,231 - dinov3 - INFO - using rescale_coords=2 for rope new
2026-07-26 13:10:25,231 - dinov3 - INFO - using jitter_coords=None for rope new
2026-07-26 13:10:25,231 - dinov3 - INFO - using dtype=fp32 for rope new
2026-07-26 13:10:25,231 - dinov3 - INFO - using mlp layer as FFN
2026-07-26 13:10:25,687 - cellpose.models - INFO - >>>> loading model /data/taro_Projects/tsgh/backend/algorithms/hybrid/models/cellpose/cellpose_dish_best
2026-07-26 13:10:25,736 - m2_segmentation - INFO - Cellpose 模型載入完成: cellpose_dish_best (diameter=None)
2026-07-26 13:10:29,000 - hybrid_pipeline - INFO - [1/576] 處理 tile: tile_x3840_y0
2026-07-26 13:10:30,364 - hybrid_pipeline - INFO - [2/576] 處理 tile: tile_x2304_y0
2026-07-26 13:10:30,413 - hybrid_pipeline - INFO - Tile tile_x3840_y0: 核心遮罩全空 → 空白 placeholder
2026-07-26 13:10:30,414 - hybrid_pipeline - INFO - [3/576] 處理 tile: tile_x3072_y0
2026-07-26 13:10:30,442 - hybrid_pipeline - INFO - Tile tile_x2304_y0: 核心遮罩全空 → 空白 placeholder
2026-07-26 13:10:30,446 - hybrid_pipeline - INFO - [4/576] 處理 tile: tile_x5376_y0
2026-07-26 13:10:30,469 - hybrid_pipeline - INFO - Tile tile_x3072_y0: 核心遮罩全空 → 空白 placeholder
2026-07-26 13:10:30,478 - hybrid_pipeline - INFO - [5/576] 處理 tile: tile_x4608_y0
2026-07-26 13:10:30,502 - hybrid_pipeline - INFO - Tile tile_x5376_y0: 核心遮罩全空 → 空白 placeholder
2026-07-26 13:10:30,512 - hybrid_pipeline - INFO - [6/576] 處理 tile: tile_x1536_y0
2026-07-26 13:10:30,537 - hybrid_pipeline - INFO - Tile tile_x4608_y0: 核心遮罩全空 → 空白 placeholder
2026-07-26 13:10:30,546 - hybrid_pipeline - INFO - [7/576] 處理 tile: tile_x768_y0
2026-07-26 13:10:30,572 - hybrid_pipeline - INFO - Tile tile_x1536_y0: 核心遮罩全空 → 空白 placeholder
2026-07-26 13:10:30,581 - hybrid_pipeline - INFO - [8/576] 處理 tile: tile_x0_y0
2026-07-26 13:10:30,605 - hybrid_pipeline - INFO - Tile tile_x768_y0: 核心遮罩全空 → 空白 placeholder
2026-07-26 13:10:30,615 - hybrid_pipeline - INFO - [9/576] 處理 tile: tile_x6144_y0
2026-07-26 13:10:30,639 - hybrid_pipeline - INFO - Tile tile_x0_y0: 核心遮罩全空 → 空白 placeholder
2026-07-26 13:10:30,649 - hybrid_pipeline - INFO - [10/576] 處理 tile: tile_x8448_y0
2026-07-26 13:10:30,673 - hybrid_pipeline - INFO - Tile tile_x6144_y0: 核心遮罩全空 → 空白 placeholder
2026-07-26 13:10:30,682 - hybrid_pipeline - INFO - [11/576] 處理 tile: tile_x7680_y0
2026-07-26 13:10:30,706 - hybrid_pipeline - INFO - Tile tile_x8448_y0: 核心遮罩全空 → 空白 placeholder
2026-07-26 13:10:30,716 - hybrid_pipeline - INFO - [12/576] 處理 tile: tile_x10752_y0
2026-07-26 13:10:30,739 - hybrid_pipeline - INFO - Tile tile_x7680_y0: 核心遮罩全空 → 空白 placeholder
2026-07-26 13:10:30,748 - hybrid_pipeline - INFO - [13/576] 處理 tile: tile_x6912_y0
2026-07-26 13:10:30,772 - hybrid_pipeline - INFO - Tile tile_x10752_y0: 核心遮罩全空 → 空白 placeholder
2026-07-26 13:10:30,781 - hybrid_pipeline - INFO - [14/576] 處理 tile: tile_x9984_y0
2026-07-26 13:10:30,805 - hybrid_pipeline - INFO - Tile tile_x6912_y0: 核心遮罩全空 → 空白 placeholder
2026-07-26 13:10:30,814 - hybrid_pipeline - INFO - [15/576] 處理 tile: tile_x9216_y0
2026-07-26 13:10:30,837 - hybrid_pipeline - INFO - Tile tile_x9984_y0: 核心遮罩全空 → 空白 placeholder
2026-07-26 13:10:30,846 - hybrid_pipeline - INFO - [16/576] 處理 tile: tile_x11520_y0
2026-07-26 13:10:30,870 - hybrid_pipeline - INFO - Tile tile_x9216_y0: 核心遮罩全空 → 空白 placeholder
2026-07-26 13:10:30,879 - hybrid_pipeline - INFO - [17/576] 處理 tile: tile_x12288_y0
2026-07-26 13:10:30,902 - hybrid_pipeline - INFO - Tile tile_x11520_y0: 核心遮罩全空 → 空白 placeholder
2026-07-26 13:10:30,914 - hybrid_pipeline - INFO - [18/576] 處理 tile: tile_x15360_y0
2026-07-26 13:10:30,937 - hybrid_pipeline - INFO - Tile tile_x12288_y0: 核心遮罩全空 → 空白 placeholder
2026-07-26 13:10:30,946 - hybrid_pipeline - INFO - [19/576] 處理 tile: tile_x13824_y0
2026-07-26 13:10:30,969 - hybrid_pipeline - INFO - Tile tile_x15360_y0: 核心遮罩全空 → 空白 placeholder
2026-07-26 13:10:30,979 - hybrid_pipeline - INFO - [20/576] 處理 tile: tile_x13056_y0
2026-07-26 13:10:31,002 - hybrid_pipeline - INFO - Tile tile_x13824_y0: 核心遮罩全空 → 空白 placeholder
2026-07-26 13:10:31,012 - hybrid_pipeline - INFO - [21/576] 處理 tile: tile_x16896_y0
2026-07-26 13:10:31,035 - hybrid_pipeline - INFO - Tile tile_x13056_y0: 核心遮罩全空 → 空白 placeholder
2026-07-26 13:10:31,044 - hybrid_pipeline - INFO - [22/576] 處理 tile: tile_x16128_y0
2026-07-26 13:10:31,067 - hybrid_pipeline - INFO - Tile tile_x16896_y0: 核心遮罩全空 → 空白 placeholder
2026-07-26 13:10:31,076 - hybrid_pipeline - INFO - [23/576] 處理 tile: tile_x14592_y0
2026-07-26 13:10:31,100 - hybrid_pipeline - INFO - Tile tile_x16128_y0: 核心遮罩全空 → 空白 placeholder
2026-07-26 13:10:31,108 - hybrid_pipeline - INFO - [24/576] 處理 tile: tile_x17664_y0
2026-07-26 13:10:31,131 - hybrid_pipeline - INFO - Tile tile_x14592_y0: 核心遮罩全空 → 空白 placeholder
2026-07-26 13:10:31,141 - hybrid_pipeline - INFO - [25/576] 處理 tile: tile_x0_y768
2026-07-26 13:10:31,164 - hybrid_pipeline - INFO - Tile tile_x17664_y0: 核心遮罩全空 → 空白 placeholder
2026-07-26 13:10:31,173 - hybrid_pipeline - INFO - [26/576] 處理 tile: tile_x768_y768
2026-07-26 13:10:31,197 - hybrid_pipeline - INFO - Tile tile_x0_y768: 核心遮罩全空 → 空白 placeholder
2026-07-26 13:10:31,205 - hybrid_pipeline - INFO - [27/576] 處理 tile: tile_x2304_y768
2026-07-26 13:10:31,228 - hybrid_pipeline - INFO - Tile tile_x768_y768: 核心遮罩全空 → 空白 placeholder
2026-07-26 13:10:31,237 - hybrid_pipeline - INFO - [28/576] 處理 tile: tile_x3840_y768
2026-07-26 13:10:31,261 - hybrid_pipeline - INFO - Tile tile_x2304_y768: 核心遮罩全空 → 空白 placeholder
2026-07-26 13:10:31,269 - hybrid_pipeline - INFO - [29/576] 處理 tile: tile_x4608_y768
2026-07-26 13:10:31,293 - hybrid_pipeline - INFO - Tile tile_x3840_y768: 核心遮罩全空 → 空白 placeholder
2026-07-26 13:10:31,304 - hybrid_pipeline - INFO - [30/576] 處理 tile: tile_x5376_y768
2026-07-26 13:10:31,327 - hybrid_pipeline - INFO - Tile tile_x4608_y768: 核心遮罩全空 → 空白 placeholder
2026-07-26 13:10:31,336 - hybrid_pipeline - INFO - [31/576] 處理 tile: tile_x1536_y768
2026-07-26 13:10:31,359 - hybrid_pipeline - INFO - Tile tile_x5376_y768: 核心遮罩全空 → 空白 placeholder
2026-07-26 13:10:31,368 - hybrid_pipeline - INFO - [32/576] 處理 tile: tile_x3072_y768
2026-07-26 13:10:31,393 - hybrid_pipeline - INFO - Tile tile_x1536_y768: 核心遮罩全空 → 空白 placeholder
2026-07-26 13:10:31,403 - hybrid_pipeline - INFO - [33/576] 處理 tile: tile_x6144_y768
2026-07-26 13:10:31,429 - hybrid_pipeline - INFO - Tile tile_x3072_y768: 核心遮罩全空 → 空白 placeholder
2026-07-26 13:10:31,436 - hybrid_pipeline - INFO - [34/576] 處理 tile: tile_x6912_y768
2026-07-26 13:10:31,459 - hybrid_pipeline - INFO - Tile tile_x6144_y768: 核心遮罩全空 → 空白 placeholder
2026-07-26 13:10:31,467 - hybrid_pipeline - INFO - [35/576] 處理 tile: tile_x7680_y768
2026-07-26 13:10:31,490 - hybrid_pipeline - INFO - Tile tile_x6912_y768: 核心遮罩全空 → 空白 placeholder
2026-07-26 13:10:31,499 - hybrid_pipeline - INFO - [36/576] 處理 tile: tile_x10752_y768
2026-07-26 13:10:31,523 - hybrid_pipeline - INFO - Tile tile_x7680_y768: 核心遮罩全空 → 空白 placeholder
2026-07-26 13:10:31,533 - hybrid_pipeline - INFO - [37/576] 處理 tile: tile_x9216_y768
2026-07-26 13:10:31,556 - hybrid_pipeline - INFO - Tile tile_x10752_y768: 核心遮罩全空 → 空白 placeholder
2026-07-26 13:10:31,566 - hybrid_pipeline - INFO - [38/576] 處理 tile: tile_x9984_y768
2026-07-26 13:10:31,589 - hybrid_pipeline - INFO - Tile tile_x9216_y768: 核心遮罩全空 → 空白 placeholder
2026-07-26 13:10:31,599 - hybrid_pipeline - INFO - [39/576] 處理 tile: tile_x8448_y768
2026-07-26 13:10:31,623 - hybrid_pipeline - INFO - Tile tile_x9984_y768: 核心遮罩全空 → 空白 placeholder
2026-07-26 13:10:31,631 - hybrid_pipeline - INFO - [40/576] 處理 tile: tile_x11520_y768
2026-07-26 13:10:31,655 - hybrid_pipeline - INFO - Tile tile_x8448_y768: 核心遮罩全空 → 空白 placeholder
2026-07-26 13:10:31,664 - hybrid_pipeline - INFO - [41/576] 處理 tile: tile_x13056_y768
2026-07-26 13:10:31,687 - hybrid_pipeline - INFO - Tile tile_x11520_y768: 核心遮罩全空 → 空白 placeholder
2026-07-26 13:10:31,696 - hybrid_pipeline - INFO - [42/576] 處理 tile: tile_x12288_y768
2026-07-26 13:10:31,719 - hybrid_pipeline - INFO - Tile tile_x13056_y768: 核心遮罩全空 → 空白 placeholder
2026-07-26 13:10:31,728 - hybrid_pipeline - INFO - [43/576] 處理 tile: tile_x13824_y768
2026-07-26 13:10:31,752 - hybrid_pipeline - INFO - Tile tile_x12288_y768: 核心遮罩全空 → 空白 placeholder
2026-07-26 13:10:31,760 - hybrid_pipeline - INFO - [44/576] 處理 tile: tile_x14592_y768
2026-07-26 13:10:31,784 - hybrid_pipeline - INFO - Tile tile_x13824_y768: 核心遮罩全空 → 空白 placeholder
2026-07-26 13:10:31,792 - hybrid_pipeline - INFO - [45/576] 處理 tile: tile_x16896_y768
2026-07-26 13:10:31,815 - hybrid_pipeline - INFO - Tile tile_x14592_y768: 核心遮罩全空 → 空白 placeholder
2026-07-26 13:10:31,824 - hybrid_pipeline - INFO - [46/576] 處理 tile: tile_x16128_y768
2026-07-26 13:10:31,846 - hybrid_pipeline - INFO - Tile tile_x16896_y768: 核心遮罩全空 → 空白 placeholder
2026-07-26 13:10:31,856 - hybrid_pipeline - INFO - [47/576] 處理 tile: tile_x15360_y768
2026-07-26 13:10:31,880 - hybrid_pipeline - INFO - Tile tile_x16128_y768: 核心遮罩全空 → 空白 placeholder
2026-07-26 13:10:31,888 - hybrid_pipeline - INFO - [48/576] 處理 tile: tile_x17664_y768
2026-07-26 13:10:31,911 - hybrid_pipeline - INFO - Tile tile_x15360_y768: 核心遮罩全空 → 空白 placeholder
2026-07-26 13:10:31,920 - hybrid_pipeline - INFO - [49/576] 處理 tile: tile_x768_y1536
2026-07-26 13:10:31,943 - hybrid_pipeline - INFO - Tile tile_x17664_y768: 核心遮罩全空 → 空白 placeholder
2026-07-26 13:10:31,952 - hybrid_pipeline - INFO - [50/576] 處理 tile: tile_x0_y1536
2026-07-26 13:10:31,975 - hybrid_pipeline - INFO - Tile tile_x768_y1536: 核心遮罩全空 → 空白 placeholder
2026-07-26 13:10:31,983 - hybrid_pipeline - INFO - [51/576] 處理 tile: tile_x3072_y1536
2026-07-26 13:10:32,008 - hybrid_pipeline - INFO - Tile tile_x0_y1536: 核心遮罩全空 → 空白 placeholder
2026-07-26 13:10:32,015 - hybrid_pipeline - INFO - [52/576] 處理 tile: tile_x1536_y1536
2026-07-26 13:10:32,039 - hybrid_pipeline - INFO - Tile tile_x3072_y1536: 核心遮罩全空 → 空白 placeholder
2026-07-26 13:10:32,047 - hybrid_pipeline - INFO - [53/576] 處理 tile: tile_x3840_y1536
2026-07-26 13:10:32,071 - hybrid_pipeline - INFO - Tile tile_x1536_y1536: 核心遮罩全空 → 空白 placeholder
2026-07-26 13:10:32,078 - hybrid_pipeline - INFO - [54/576] 處理 tile: tile_x2304_y1536
2026-07-26 13:10:32,106 - hybrid_pipeline - INFO - Tile tile_x3840_y1536: 核心遮罩全空 → 空白 placeholder
2026-07-26 13:10:32,112 - hybrid_pipeline - INFO - [55/576] 處理 tile: tile_x4608_y1536
2026-07-26 13:10:32,136 - hybrid_pipeline - INFO - Tile tile_x2304_y1536: 核心遮罩全空 → 空白 placeholder
2026-07-26 13:10:32,147 - hybrid_pipeline - INFO - [56/576] 處理 tile: tile_x5376_y1536
2026-07-26 13:10:32,171 - hybrid_pipeline - INFO - Tile tile_x4608_y1536: 核心遮罩全空 → 空白 placeholder
2026-07-26 13:10:32,180 - hybrid_pipeline - INFO - [57/576] 處理 tile: tile_x6144_y1536
2026-07-26 13:10:32,203 - hybrid_pipeline - INFO - Tile tile_x5376_y1536: 核心遮罩全空 → 空白 placeholder
2026-07-26 13:10:32,214 - hybrid_pipeline - INFO - [58/576] 處理 tile: tile_x6912_y1536
2026-07-26 13:10:32,239 - hybrid_pipeline - INFO - Tile tile_x6144_y1536: 核心遮罩全空 → 空白 placeholder
2026-07-26 13:10:32,249 - hybrid_pipeline - INFO - [59/576] 處理 tile: tile_x7680_y1536
2026-07-26 13:10:32,273 - hybrid_pipeline - INFO - Tile tile_x6912_y1536: 核心遮罩全空 → 空白 placeholder
2026-07-26 13:10:32,283 - hybrid_pipeline - INFO - [60/576] 處理 tile: tile_x8448_y1536
2026-07-26 13:10:32,307 - hybrid_pipeline - INFO - Tile tile_x7680_y1536: 核心遮罩全空 → 空白 placeholder
2026-07-26 13:10:32,318 - hybrid_pipeline - INFO - [61/576] 處理 tile: tile_x9984_y1536
2026-07-26 13:10:32,342 - hybrid_pipeline - INFO - Tile tile_x8448_y1536: 核心遮罩全空 → 空白 placeholder
2026-07-26 13:10:32,353 - hybrid_pipeline - INFO - [62/576] 處理 tile: tile_x9216_y1536
2026-07-26 13:10:32,376 - hybrid_pipeline - INFO - Tile tile_x9984_y1536: 核心遮罩全空 → 空白 placeholder
2026-07-26 13:10:32,388 - hybrid_pipeline - INFO - [63/576] 處理 tile: tile_x10752_y1536
2026-07-26 13:10:32,411 - hybrid_pipeline - INFO - Tile tile_x9216_y1536: 核心遮罩全空 → 空白 placeholder
2026-07-26 13:10:32,420 - hybrid_pipeline - INFO - [64/576] 處理 tile: tile_x11520_y1536
2026-07-26 13:10:32,444 - hybrid_pipeline - INFO - Tile tile_x10752_y1536: 核心遮罩全空 → 空白 placeholder
2026-07-26 13:10:32,452 - hybrid_pipeline - INFO - [65/576] 處理 tile: tile_x13056_y1536
2026-07-26 13:10:32,476 - hybrid_pipeline - INFO - Tile tile_x11520_y1536: 核心遮罩全空 → 空白 placeholder
2026-07-26 13:10:32,484 - hybrid_pipeline - INFO - [66/576] 處理 tile: tile_x12288_y1536
2026-07-26 13:10:32,507 - hybrid_pipeline - INFO - Tile tile_x13056_y1536: 核心遮罩全空 → 空白 placeholder
2026-07-26 13:10:32,515 - hybrid_pipeline - INFO - [67/576] 處理 tile: tile_x13824_y1536
2026-07-26 13:10:32,541 - hybrid_pipeline - INFO - Tile tile_x12288_y1536: 核心遮罩全空 → 空白 placeholder
2026-07-26 13:10:32,548 - hybrid_pipeline - INFO - [68/576] 處理 tile: tile_x14592_y1536
2026-07-26 13:10:32,571 - hybrid_pipeline - INFO - Tile tile_x13824_y1536: 核心遮罩全空 → 空白 placeholder
2026-07-26 13:10:32,581 - hybrid_pipeline - INFO - [69/576] 處理 tile: tile_x15360_y1536
2026-07-26 13:10:32,605 - hybrid_pipeline - INFO - Tile tile_x14592_y1536: 核心遮罩全空 → 空白 placeholder
2026-07-26 13:10:32,616 - hybrid_pipeline - INFO - [70/576] 處理 tile: tile_x16128_y1536
2026-07-26 13:10:32,640 - hybrid_pipeline - INFO - Tile tile_x15360_y1536: 核心遮罩全空 → 空白 placeholder
2026-07-26 13:10:32,650 - hybrid_pipeline - INFO - [71/576] 處理 tile: tile_x16896_y1536
2026-07-26 13:10:32,673 - hybrid_pipeline - INFO - Tile tile_x16128_y1536: 核心遮罩全空 → 空白 placeholder
2026-07-26 13:10:32,682 - hybrid_pipeline - INFO - [72/576] 處理 tile: tile_x17664_y1536
2026-07-26 13:10:32,705 - hybrid_pipeline - INFO - Tile tile_x16896_y1536: 核心遮罩全空 → 空白 placeholder
2026-07-26 13:10:32,714 - hybrid_pipeline - INFO - [73/576] 處理 tile: tile_x768_y2304
2026-07-26 13:10:32,737 - hybrid_pipeline - INFO - Tile tile_x17664_y1536: 核心遮罩全空 → 空白 placeholder
2026-07-26 13:10:32,747 - hybrid_pipeline - INFO - [74/576] 處理 tile: tile_x0_y2304
2026-07-26 13:10:32,771 - hybrid_pipeline - INFO - Tile tile_x768_y2304: 核心遮罩全空 → 空白 placeholder
2026-07-26 13:10:32,779 - hybrid_pipeline - INFO - [75/576] 處理 tile: tile_x2304_y2304
2026-07-26 13:10:32,804 - hybrid_pipeline - INFO - Tile tile_x0_y2304: 核心遮罩全空 → 空白 placeholder
2026-07-26 13:10:32,814 - hybrid_pipeline - INFO - [76/576] 處理 tile: tile_x3072_y2304
2026-07-26 13:10:32,839 - hybrid_pipeline - INFO - Tile tile_x2304_y2304: 核心遮罩全空 → 空白 placeholder
2026-07-26 13:10:32,849 - hybrid_pipeline - INFO - [77/576] 處理 tile: tile_x1536_y2304
2026-07-26 13:10:32,873 - hybrid_pipeline - INFO - Tile tile_x3072_y2304: 核心遮罩全空 → 空白 placeholder
2026-07-26 13:10:32,884 - hybrid_pipeline - INFO - [78/576] 處理 tile: tile_x3840_y2304
2026-07-26 13:10:32,908 - hybrid_pipeline - INFO - Tile tile_x1536_y2304: 核心遮罩全空 → 空白 placeholder
2026-07-26 13:10:32,916 - hybrid_pipeline - INFO - [79/576] 處理 tile: tile_x4608_y2304
2026-07-26 13:10:32,940 - hybrid_pipeline - INFO - Tile tile_x3840_y2304: 核心遮罩全空 → 空白 placeholder
2026-07-26 13:10:32,951 - hybrid_pipeline - INFO - [80/576] 處理 tile: tile_x5376_y2304
2026-07-26 13:10:32,975 - hybrid_pipeline - INFO - Tile tile_x4608_y2304: 核心遮罩全空 → 空白 placeholder
2026-07-26 13:10:32,982 - hybrid_pipeline - INFO - [81/576] 處理 tile: tile_x6144_y2304
2026-07-26 13:10:33,006 - hybrid_pipeline - INFO - Tile tile_x5376_y2304: 核心遮罩全空 → 空白 placeholder
2026-07-26 13:10:33,013 - hybrid_pipeline - INFO - [82/576] 處理 tile: tile_x6912_y2304
2026-07-26 13:10:33,037 - hybrid_pipeline - INFO - Tile tile_x6144_y2304: 核心遮罩全空 → 空白 placeholder
2026-07-26 13:10:33,045 - hybrid_pipeline - INFO - [83/576] 處理 tile: tile_x7680_y2304
2026-07-26 13:10:33,068 - hybrid_pipeline - INFO - Tile tile_x6912_y2304: 核心遮罩全空 → 空白 placeholder
2026-07-26 13:10:33,077 - hybrid_pipeline - INFO - [84/576] 處理 tile: tile_x8448_y2304
2026-07-26 13:10:33,101 - hybrid_pipeline - INFO - Tile tile_x7680_y2304: 核心遮罩全空 → 空白 placeholder
2026-07-26 13:10:33,108 - hybrid_pipeline - INFO - [85/576] 處理 tile: tile_x9984_y2304
2026-07-26 13:10:33,132 - hybrid_pipeline - INFO - Tile tile_x8448_y2304: 核心遮罩全空 → 空白 placeholder
2026-07-26 13:10:33,141 - hybrid_pipeline - INFO - [86/576] 處理 tile: tile_x9216_y2304
2026-07-26 13:10:33,164 - hybrid_pipeline - INFO - Tile tile_x9984_y2304: 核心遮罩全空 → 空白 placeholder
2026-07-26 13:10:33,173 - hybrid_pipeline - INFO - [87/576] 處理 tile: tile_x10752_y2304
2026-07-26 13:10:33,198 - hybrid_pipeline - INFO - Tile tile_x9216_y2304: 核心遮罩全空 → 空白 placeholder
2026-07-26 13:10:33,207 - hybrid_pipeline - INFO - [88/576] 處理 tile: tile_x11520_y2304
2026-07-26 13:10:33,230 - hybrid_pipeline - INFO - Tile tile_x10752_y2304: 核心遮罩全空 → 空白 placeholder
2026-07-26 13:10:33,240 - hybrid_pipeline - INFO - [89/576] 處理 tile: tile_x12288_y2304
2026-07-26 13:10:33,264 - hybrid_pipeline - INFO - Tile tile_x11520_y2304: 核心遮罩全空 → 空白 placeholder
2026-07-26 13:10:33,274 - hybrid_pipeline - INFO - [90/576] 處理 tile: tile_x14592_y2304
2026-07-26 13:10:33,298 - hybrid_pipeline - INFO - Tile tile_x12288_y2304: 核心遮罩全空 → 空白 placeholder
2026-07-26 13:10:33,308 - hybrid_pipeline - INFO - [91/576] 處理 tile: tile_x13056_y2304
2026-07-26 13:10:33,331 - hybrid_pipeline - INFO - Tile tile_x14592_y2304: 核心遮罩全空 → 空白 placeholder
2026-07-26 13:10:33,341 - hybrid_pipeline - INFO - [92/576] 處理 tile: tile_x13824_y2304
2026-07-26 13:10:33,364 - hybrid_pipeline - INFO - Tile tile_x13056_y2304: 核心遮罩全空 → 空白 placeholder
2026-07-26 13:10:33,375 - hybrid_pipeline - INFO - [93/576] 處理 tile: tile_x16128_y2304
2026-07-26 13:10:33,398 - hybrid_pipeline - INFO - Tile tile_x13824_y2304: 核心遮罩全空 → 空白 placeholder
2026-07-26 13:10:33,409 - hybrid_pipeline - INFO - [94/576] 處理 tile: tile_x15360_y2304
2026-07-26 13:10:33,433 - hybrid_pipeline - INFO - Tile tile_x16128_y2304: 核心遮罩全空 → 空白 placeholder
2026-07-26 13:10:33,444 - hybrid_pipeline - INFO - [95/576] 處理 tile: tile_x17664_y2304
2026-07-26 13:10:33,468 - hybrid_pipeline - INFO - Tile tile_x15360_y2304: 核心遮罩全空 → 空白 placeholder
2026-07-26 13:10:33,475 - hybrid_pipeline - INFO - [96/576] 處理 tile: tile_x16896_y2304
2026-07-26 13:10:33,498 - hybrid_pipeline - INFO - Tile tile_x17664_y2304: 核心遮罩全空 → 空白 placeholder
2026-07-26 13:10:33,507 - hybrid_pipeline - INFO - [97/576] 處理 tile: tile_x0_y3072
2026-07-26 13:10:33,531 - hybrid_pipeline - INFO - Tile tile_x16896_y2304: 核心遮罩全空 → 空白 placeholder
2026-07-26 13:10:33,540 - hybrid_pipeline - INFO - [98/576] 處理 tile: tile_x768_y3072
2026-07-26 13:10:33,564 - hybrid_pipeline - INFO - Tile tile_x0_y3072: 核心遮罩全空 → 空白 placeholder
2026-07-26 13:10:33,572 - hybrid_pipeline - INFO - [99/576] 處理 tile: tile_x1536_y3072
2026-07-26 13:10:33,596 - hybrid_pipeline - INFO - Tile tile_x768_y3072: 核心遮罩全空 → 空白 placeholder
2026-07-26 13:10:33,605 - hybrid_pipeline - INFO - [100/576] 處理 tile: tile_x2304_y3072
2026-07-26 13:10:33,628 - hybrid_pipeline - INFO - Tile tile_x1536_y3072: 核心遮罩全空 → 空白 placeholder
2026-07-26 13:10:33,638 - hybrid_pipeline - INFO - [101/576] 處理 tile: tile_x3072_y3072
2026-07-26 13:10:33,663 - hybrid_pipeline - INFO - Tile tile_x2304_y3072: 核心遮罩全空 → 空白 placeholder
2026-07-26 13:10:33,670 - hybrid_pipeline - INFO - [102/576] 處理 tile: tile_x3840_y3072
2026-07-26 13:10:33,694 - hybrid_pipeline - INFO - Tile tile_x3072_y3072: 核心遮罩全空 → 空白 placeholder
2026-07-26 13:10:33,702 - hybrid_pipeline - INFO - [103/576] 處理 tile: tile_x4608_y3072
2026-07-26 13:10:33,725 - hybrid_pipeline - INFO - Tile tile_x3840_y3072: 核心遮罩全空 → 空白 placeholder
2026-07-26 13:10:33,734 - hybrid_pipeline - INFO - [104/576] 處理 tile: tile_x5376_y3072
2026-07-26 13:10:33,758 - hybrid_pipeline - INFO - Tile tile_x4608_y3072: 核心遮罩全空 → 空白 placeholder
2026-07-26 13:10:33,767 - hybrid_pipeline - INFO - [105/576] 處理 tile: tile_x6144_y3072
2026-07-26 13:10:33,790 - hybrid_pipeline - INFO - Tile tile_x5376_y3072: 核心遮罩全空 → 空白 placeholder
2026-07-26 13:10:33,800 - hybrid_pipeline - INFO - [106/576] 處理 tile: tile_x6912_y3072
2026-07-26 13:10:33,825 - hybrid_pipeline - INFO - Tile tile_x6144_y3072: 核心遮罩全空 → 空白 placeholder
2026-07-26 13:10:33,833 - hybrid_pipeline - INFO - [107/576] 處理 tile: tile_x7680_y3072
2026-07-26 13:10:33,856 - hybrid_pipeline - INFO - Tile tile_x6912_y3072: 核心遮罩全空 → 空白 placeholder
2026-07-26 13:10:33,865 - hybrid_pipeline - INFO - [108/576] 處理 tile: tile_x8448_y3072
2026-07-26 13:10:33,888 - hybrid_pipeline - INFO - Tile tile_x7680_y3072: 核心遮罩全空 → 空白 placeholder
2026-07-26 13:10:33,897 - hybrid_pipeline - INFO - [109/576] 處理 tile: tile_x9216_y3072
2026-07-26 13:10:33,921 - hybrid_pipeline - INFO - Tile tile_x8448_y3072: 核心遮罩全空 → 空白 placeholder
2026-07-26 13:10:33,933 - hybrid_pipeline - INFO - [110/576] 處理 tile: tile_x9984_y3072
2026-07-26 13:10:33,956 - hybrid_pipeline - INFO - Tile tile_x9216_y3072: 核心遮罩全空 → 空白 placeholder
2026-07-26 13:10:33,965 - hybrid_pipeline - INFO - [111/576] 處理 tile: tile_x10752_y3072
2026-07-26 13:10:33,989 - hybrid_pipeline - INFO - Tile tile_x9984_y3072: 核心遮罩全空 → 空白 placeholder
2026-07-26 13:10:34,002 - hybrid_pipeline - INFO - [112/576] 處理 tile: tile_x11520_y3072
2026-07-26 13:10:34,027 - hybrid_pipeline - INFO - Tile tile_x10752_y3072: 核心遮罩全空 → 空白 placeholder
2026-07-26 13:10:34,035 - hybrid_pipeline - INFO - [113/576] 處理 tile: tile_x12288_y3072
2026-07-26 13:10:34,058 - hybrid_pipeline - INFO - Tile tile_x11520_y3072: 核心遮罩全空 → 空白 placeholder
2026-07-26 13:10:34,072 - hybrid_pipeline - INFO - [114/576] 處理 tile: tile_x13056_y3072
2026-07-26 13:10:34,095 - hybrid_pipeline - INFO - Tile tile_x12288_y3072: 核心遮罩全空 → 空白 placeholder
2026-07-26 13:10:34,105 - hybrid_pipeline - INFO - [115/576] 處理 tile: tile_x13824_y3072
2026-07-26 13:10:34,128 - hybrid_pipeline - INFO - Tile tile_x13056_y3072: 核心遮罩全空 → 空白 placeholder
2026-07-26 13:10:34,139 - hybrid_pipeline - INFO - [116/576] 處理 tile: tile_x14592_y3072
2026-07-26 13:10:34,163 - hybrid_pipeline - INFO - Tile tile_x13824_y3072: 核心遮罩全空 → 空白 placeholder
2026-07-26 13:10:34,173 - hybrid_pipeline - INFO - [117/576] 處理 tile: tile_x15360_y3072
2026-07-26 13:10:34,196 - hybrid_pipeline - INFO - Tile tile_x14592_y3072: 核心遮罩全空 → 空白 placeholder
2026-07-26 13:10:35,093 - hybrid_pipeline - INFO - [118/576] 處理 tile: tile_x16896_y3072
2026-07-26 13:10:35,120 - m3_module.m3_cells_generator - INFO - All-positive 標註完成: 3 個細胞
2026-07-26 13:10:35,153 - m3_module.m3_cells_generator - INFO - enlarge_cell_instances: 3 顆細胞, factor=1.50(面積), 中位半徑=18.4px, 外擴=4.1px
2026-07-26 13:10:35,280 - m3_module.m3_dot_detection - INFO - detect_all_dots: 紅點=0, 黑點=0, 涉及細胞=3
2026-07-26 13:10:35,321 - m4_module.cell_crops - INFO - 匯出 1 張 per-cell 影像至 /data/taro_Projects/tsgh/output/r7_run/cell_crops/tile_x15360_y3072/cells
2026-07-26 13:10:35,321 - hybrid_pipeline - INFO - Tile tile_x15360_y3072 完成: 核心擁有 1 細胞 (1 陽性), 1.15 秒
2026-07-26 13:10:35,322 - hybrid_pipeline - INFO - [119/576] 處理 tile: tile_x16128_y3072
2026-07-26 13:10:35,349 - hybrid_pipeline - INFO - Tile tile_x16896_y3072: 核心遮罩全空 → 空白 placeholder
2026-07-26 13:10:35,362 - hybrid_pipeline - INFO - [120/576] 處理 tile: tile_x17664_y3072
2026-07-26 13:10:35,385 - hybrid_pipeline - INFO - Tile tile_x16128_y3072: 核心遮罩全空 → 空白 placeholder
2026-07-26 13:10:35,397 - hybrid_pipeline - INFO - [121/576] 處理 tile: tile_x0_y3840
2026-07-26 13:10:35,420 - hybrid_pipeline - INFO - Tile tile_x17664_y3072: 核心遮罩全空 → 空白 placeholder
2026-07-26 13:10:35,432 - hybrid_pipeline - INFO - [122/576] 處理 tile: tile_x768_y3840
2026-07-26 13:10:35,455 - hybrid_pipeline - INFO - Tile tile_x0_y3840: 核心遮罩全空 → 空白 placeholder
2026-07-26 13:10:35,472 - hybrid_pipeline - INFO - [123/576] 處理 tile: tile_x1536_y3840
2026-07-26 13:10:35,495 - hybrid_pipeline - INFO - Tile tile_x768_y3840: 核心遮罩全空 → 空白 placeholder
2026-07-26 13:10:35,504 - hybrid_pipeline - INFO - [124/576] 處理 tile: tile_x2304_y3840
2026-07-26 13:10:35,529 - hybrid_pipeline - INFO - Tile tile_x1536_y3840: 核心遮罩全空 → 空白 placeholder
2026-07-26 13:10:35,539 - hybrid_pipeline - INFO - [125/576] 處理 tile: tile_x3072_y3840
2026-07-26 13:10:35,566 - hybrid_pipeline - INFO - Tile tile_x2304_y3840: 核心遮罩全空 → 空白 placeholder
2026-07-26 13:10:35,571 - hybrid_pipeline - INFO - [126/576] 處理 tile: tile_x6144_y3840
2026-07-26 13:10:35,595 - hybrid_pipeline - INFO - Tile tile_x3072_y3840: 核心遮罩全空 → 空白 placeholder
2026-07-26 13:10:35,606 - hybrid_pipeline - INFO - [127/576] 處理 tile: tile_x5376_y3840
2026-07-26 13:10:35,630 - hybrid_pipeline - INFO - Tile tile_x6144_y3840: 核心遮罩全空 → 空白 placeholder
2026-07-26 13:10:35,638 - hybrid_pipeline - INFO - [128/576] 處理 tile: tile_x4608_y3840
2026-07-26 13:10:35,661 - hybrid_pipeline - INFO - Tile tile_x5376_y3840: 核心遮罩全空 → 空白 placeholder
2026-07-26 13:10:35,670 - hybrid_pipeline - INFO - [129/576] 處理 tile: tile_x3840_y3840
2026-07-26 13:10:35,698 - hybrid_pipeline - INFO - Tile tile_x4608_y3840: 核心遮罩全空 → 空白 placeholder
2026-07-26 13:10:35,702 - hybrid_pipeline - INFO - [130/576] 處理 tile: tile_x6912_y3840
2026-07-26 13:10:35,725 - hybrid_pipeline - INFO - Tile tile_x3840_y3840: 核心遮罩全空 → 空白 placeholder
2026-07-26 13:10:35,734 - hybrid_pipeline - INFO - [131/576] 處理 tile: tile_x8448_y3840
2026-07-26 13:10:35,758 - hybrid_pipeline - INFO - Tile tile_x6912_y3840: 核心遮罩全空 → 空白 placeholder
2026-07-26 13:10:35,767 - hybrid_pipeline - INFO - [132/576] 處理 tile: tile_x7680_y3840
2026-07-26 13:10:35,790 - hybrid_pipeline - INFO - Tile tile_x8448_y3840: 核心遮罩全空 → 空白 placeholder
2026-07-26 13:10:35,798 - hybrid_pipeline - INFO - [133/576] 處理 tile: tile_x12288_y3840
2026-07-26 13:10:35,823 - hybrid_pipeline - INFO - Tile tile_x7680_y3840: 核心遮罩全空 → 空白 placeholder
2026-07-26 13:10:35,831 - hybrid_pipeline - INFO - [134/576] 處理 tile: tile_x11520_y3840
2026-07-26 13:10:35,854 - hybrid_pipeline - INFO - Tile tile_x12288_y3840: 核心遮罩全空 → 空白 placeholder
2026-07-26 13:10:35,862 - hybrid_pipeline - INFO - [135/576] 處理 tile: tile_x9216_y3840
2026-07-26 13:10:35,888 - hybrid_pipeline - INFO - Tile tile_x11520_y3840: 核心遮罩全空 → 空白 placeholder
2026-07-26 13:10:35,895 - hybrid_pipeline - INFO - [136/576] 處理 tile: tile_x10752_y3840
2026-07-26 13:10:35,919 - hybrid_pipeline - INFO - Tile tile_x9216_y3840: 核心遮罩全空 → 空白 placeholder
2026-07-26 13:10:35,929 - hybrid_pipeline - INFO - [137/576] 處理 tile: tile_x9984_y3840
2026-07-26 13:10:35,953 - hybrid_pipeline - INFO - Tile tile_x10752_y3840: 核心遮罩全空 → 空白 placeholder
2026-07-26 13:10:35,966 - hybrid_pipeline - INFO - [138/576] 處理 tile: tile_x13056_y3840
2026-07-26 13:10:35,989 - hybrid_pipeline - INFO - Tile tile_x9984_y3840: 核心遮罩全空 → 空白 placeholder
2026-07-26 13:10:36,000 - hybrid_pipeline - INFO - [139/576] 處理 tile: tile_x13824_y3840
2026-07-26 13:10:36,023 - hybrid_pipeline - INFO - Tile tile_x13056_y3840: 核心遮罩全空 → 空白 placeholder
2026-07-26 13:10:36,033 - hybrid_pipeline - INFO - [140/576] 處理 tile: tile_x16896_y3840
2026-07-26 13:10:36,056 - hybrid_pipeline - INFO - Tile tile_x13824_y3840: 核心遮罩全空 → 空白 placeholder
2026-07-26 13:10:36,066 - hybrid_pipeline - INFO - [141/576] 處理 tile: tile_x16128_y3840
2026-07-26 13:10:36,089 - hybrid_pipeline - INFO - Tile tile_x16896_y3840: 核心遮罩全空 → 空白 placeholder
2026-07-26 13:10:36,097 - hybrid_pipeline - INFO - [142/576] 處理 tile: tile_x15360_y3840
2026-07-26 13:10:36,121 - hybrid_pipeline - INFO - Tile tile_x16128_y3840: 核心遮罩全空 → 空白 placeholder
2026-07-26 13:10:36,690 - hybrid_pipeline - INFO - [143/576] 處理 tile: tile_x14592_y3840
2026-07-26 13:10:36,713 - m3_module.m3_cells_generator - INFO - All-positive 標註完成: 2 個細胞
2026-07-26 13:10:36,740 - m3_module.m3_cells_generator - INFO - enlarge_cell_instances: 2 顆細胞, factor=1.50(面積), 中位半徑=19.3px, 外擴=4.3px
2026-07-26 13:10:36,867 - m3_module.m3_dot_detection - INFO - detect_all_dots: 紅點=0, 黑點=0, 涉及細胞=2
2026-07-26 13:10:36,906 - m4_module.cell_crops - INFO - 匯出 1 張 per-cell 影像至 /data/taro_Projects/tsgh/output/r7_run/cell_crops/tile_x15360_y3840/cells
2026-07-26 13:10:36,906 - hybrid_pipeline - INFO - Tile tile_x15360_y3840 完成: 核心擁有 1 細胞 (1 陽性), 0.81 秒
2026-07-26 13:10:36,906 - hybrid_pipeline - INFO - [144/576] 處理 tile: tile_x17664_y3840
2026-07-26 13:10:36,929 - hybrid_pipeline - INFO - Tile tile_x14592_y3840: 核心遮罩全空 → 空白 placeholder
2026-07-26 13:10:36,941 - hybrid_pipeline - INFO - [145/576] 處理 tile: tile_x0_y4608
2026-07-26 13:10:36,964 - hybrid_pipeline - INFO - Tile tile_x17664_y3840: 核心遮罩全空 → 空白 placeholder
2026-07-26 13:10:36,975 - hybrid_pipeline - INFO - [146/576] 處理 tile: tile_x768_y4608
2026-07-26 13:10:36,998 - hybrid_pipeline - INFO - Tile tile_x0_y4608: 核心遮罩全空 → 空白 placeholder
2026-07-26 13:10:37,009 - hybrid_pipeline - INFO - [147/576] 處理 tile: tile_x3072_y4608
2026-07-26 13:10:37,032 - hybrid_pipeline - INFO - Tile tile_x768_y4608: 核心遮罩全空 → 空白 placeholder
2026-07-26 13:10:37,046 - hybrid_pipeline - INFO - [148/576] 處理 tile: tile_x1536_y4608
2026-07-26 13:10:37,076 - hybrid_pipeline - INFO - Tile tile_x3072_y4608: 核心遮罩全空 → 空白 placeholder
2026-07-26 13:10:37,079 - hybrid_pipeline - INFO - [149/576] 處理 tile: tile_x3840_y4608
2026-07-26 13:10:37,102 - hybrid_pipeline - INFO - Tile tile_x1536_y4608: 核心遮罩全空 → 空白 placeholder
2026-07-26 13:10:37,112 - hybrid_pipeline - INFO - [150/576] 處理 tile: tile_x4608_y4608
2026-07-26 13:10:37,135 - hybrid_pipeline - INFO - Tile tile_x3840_y4608: 核心遮罩全空 → 空白 placeholder
2026-07-26 13:10:37,145 - hybrid_pipeline - INFO - [151/576] 處理 tile: tile_x2304_y4608
2026-07-26 13:10:37,168 - hybrid_pipeline - INFO - Tile tile_x4608_y4608: 核心遮罩全空 → 空白 placeholder
2026-07-26 13:10:37,177 - hybrid_pipeline - INFO - [152/576] 處理 tile: tile_x5376_y4608
2026-07-26 13:10:37,201 - hybrid_pipeline - INFO - Tile tile_x2304_y4608: 核心遮罩全空 → 空白 placeholder
2026-07-26 13:10:37,211 - hybrid_pipeline - INFO - [153/576] 處理 tile: tile_x6144_y4608
2026-07-26 13:10:37,235 - hybrid_pipeline - INFO - Tile tile_x5376_y4608: 核心遮罩全空 → 空白 placeholder
2026-07-26 13:10:37,244 - hybrid_pipeline - INFO - [154/576] 處理 tile: tile_x6912_y4608
2026-07-26 13:10:37,267 - hybrid_pipeline - INFO - Tile tile_x6144_y4608: 核心遮罩全空 → 空白 placeholder
2026-07-26 13:10:37,278 - hybrid_pipeline - INFO - [155/576] 處理 tile: tile_x7680_y4608
2026-07-26 13:10:37,301 - hybrid_pipeline - INFO - Tile tile_x6912_y4608: 核心遮罩全空 → 空白 placeholder
2026-07-26 13:10:37,311 - hybrid_pipeline - INFO - [156/576] 處理 tile: tile_x8448_y4608
2026-07-26 13:10:37,337 - hybrid_pipeline - INFO - Tile tile_x7680_y4608: 核心遮罩全空 → 空白 placeholder
2026-07-26 13:10:37,346 - hybrid_pipeline - INFO - [157/576] 處理 tile: tile_x9984_y4608
2026-07-26 13:10:37,369 - hybrid_pipeline - INFO - Tile tile_x8448_y4608: 核心遮罩全空 → 空白 placeholder
2026-07-26 13:10:37,378 - hybrid_pipeline - INFO - [158/576] 處理 tile: tile_x9216_y4608
2026-07-26 13:10:37,401 - hybrid_pipeline - INFO - Tile tile_x9984_y4608: 核心遮罩全空 → 空白 placeholder
2026-07-26 13:10:37,410 - hybrid_pipeline - INFO - [159/576] 處理 tile: tile_x10752_y4608
2026-07-26 13:10:37,433 - hybrid_pipeline - INFO - Tile tile_x9216_y4608: 核心遮罩全空 → 空白 placeholder
2026-07-26 13:10:37,442 - hybrid_pipeline - INFO - [160/576] 處理 tile: tile_x12288_y4608
2026-07-26 13:10:37,466 - hybrid_pipeline - INFO - Tile tile_x10752_y4608: 核心遮罩全空 → 空白 placeholder
2026-07-26 13:10:37,475 - hybrid_pipeline - INFO - [161/576] 處理 tile: tile_x11520_y4608
2026-07-26 13:10:37,498 - hybrid_pipeline - INFO - Tile tile_x12288_y4608: 核心遮罩全空 → 空白 placeholder
2026-07-26 13:10:37,507 - hybrid_pipeline - INFO - [162/576] 處理 tile: tile_x13056_y4608
2026-07-26 13:10:37,530 - hybrid_pipeline - INFO - Tile tile_x11520_y4608: 核心遮罩全空 → 空白 placeholder
2026-07-26 13:10:37,540 - hybrid_pipeline - INFO - [163/576] 處理 tile: tile_x13824_y4608
2026-07-26 13:10:37,563 - hybrid_pipeline - INFO - Tile tile_x13056_y4608: 核心遮罩全空 → 空白 placeholder
2026-07-26 13:10:37,573 - hybrid_pipeline - INFO - [164/576] 處理 tile: tile_x15360_y4608
2026-07-26 13:10:37,596 - hybrid_pipeline - INFO - Tile tile_x13824_y4608: 核心遮罩全空 → 空白 placeholder
2026-07-26 13:10:37,605 - hybrid_pipeline - INFO - [165/576] 處理 tile: tile_x16128_y4608
2026-07-26 13:10:37,629 - hybrid_pipeline - INFO - Tile tile_x15360_y4608: 核心遮罩全空 → 空白 placeholder
2026-07-26 13:10:37,637 - hybrid_pipeline - INFO - [166/576] 處理 tile: tile_x14592_y4608
2026-07-26 13:10:37,663 - hybrid_pipeline - INFO - Tile tile_x16128_y4608: 核心遮罩全空 → 空白 placeholder
2026-07-26 13:10:37,672 - hybrid_pipeline - INFO - [167/576] 處理 tile: tile_x16896_y4608
2026-07-26 13:10:37,695 - hybrid_pipeline - INFO - Tile tile_x14592_y4608: 核心遮罩全空 → 空白 placeholder
2026-07-26 13:10:37,706 - hybrid_pipeline - INFO - [168/576] 處理 tile: tile_x17664_y4608
2026-07-26 13:10:37,730 - hybrid_pipeline - INFO - Tile tile_x16896_y4608: 核心遮罩全空 → 空白 placeholder
2026-07-26 13:10:37,740 - hybrid_pipeline - INFO - [169/576] 處理 tile: tile_x0_y5376
2026-07-26 13:10:37,764 - hybrid_pipeline - INFO - Tile tile_x17664_y4608: 核心遮罩全空 → 空白 placeholder
2026-07-26 13:10:37,775 - hybrid_pipeline - INFO - [170/576] 處理 tile: tile_x768_y5376
2026-07-26 13:10:37,799 - hybrid_pipeline - INFO - Tile tile_x0_y5376: 核心遮罩全空 → 空白 placeholder
2026-07-26 13:10:37,808 - hybrid_pipeline - INFO - [171/576] 處理 tile: tile_x4608_y5376
2026-07-26 13:10:37,831 - hybrid_pipeline - INFO - Tile tile_x768_y5376: 核心遮罩全空 → 空白 placeholder
2026-07-26 13:10:37,842 - hybrid_pipeline - INFO - [172/576] 處理 tile: tile_x2304_y5376
2026-07-26 13:10:37,866 - hybrid_pipeline - INFO - Tile tile_x4608_y5376: 核心遮罩全空 → 空白 placeholder
2026-07-26 13:10:38,419 - hybrid_pipeline - INFO - [173/576] 處理 tile: tile_x3840_y5376
2026-07-26 13:10:38,445 - m3_module.m3_cells_generator - INFO - All-positive 標註完成: 5 個細胞
2026-07-26 13:10:38,475 - m3_module.m3_cells_generator - INFO - enlarge_cell_instances: 5 顆細胞, factor=1.50(面積), 中位半徑=17.3px, 外擴=3.9px
2026-07-26 13:10:38,601 - m3_module.m3_dot_detection - INFO - detect_all_dots: 紅點=0, 黑點=0, 涉及細胞=5
2026-07-26 13:10:38,643 - m4_module.cell_crops - INFO - 匯出 2 張 per-cell 影像至 /data/taro_Projects/tsgh/output/r7_run/cell_crops/tile_x2304_y5376/cells
2026-07-26 13:10:38,643 - hybrid_pipeline - INFO - Tile tile_x2304_y5376 完成: 核心擁有 2 細胞 (2 陽性), 0.80 秒
2026-07-26 13:10:38,643 - hybrid_pipeline - INFO - [174/576] 處理 tile: tile_x3072_y5376
2026-07-26 13:10:38,666 - hybrid_pipeline - INFO - Tile tile_x3840_y5376: 核心遮罩全空 → 空白 placeholder
2026-07-26 13:10:38,676 - hybrid_pipeline - INFO - [175/576] 處理 tile: tile_x1536_y5376
2026-07-26 13:10:38,700 - hybrid_pipeline - INFO - Tile tile_x3072_y5376: 核心遮罩全空 → 空白 placeholder
2026-07-26 13:10:39,257 - hybrid_pipeline - INFO - [176/576] 處理 tile: tile_x5376_y5376
2026-07-26 13:10:39,282 - m3_module.m3_cells_generator - INFO - All-positive 標註完成: 6 個細胞
2026-07-26 13:10:39,312 - m3_module.m3_cells_generator - INFO - enlarge_cell_instances: 6 顆細胞, factor=1.50(面積), 中位半徑=16.8px, 外擴=3.8px
2026-07-26 13:10:39,441 - m3_module.m3_dot_detection - INFO - detect_all_dots: 紅點=0, 黑點=0, 涉及細胞=6
2026-07-26 13:10:39,485 - m4_module.cell_crops - INFO - 匯出 4 張 per-cell 影像至 /data/taro_Projects/tsgh/output/r7_run/cell_crops/tile_x1536_y5376/cells
2026-07-26 13:10:39,485 - hybrid_pipeline - INFO - Tile tile_x1536_y5376 完成: 核心擁有 4 細胞 (4 陽性), 0.81 秒
2026-07-26 13:10:39,485 - hybrid_pipeline - INFO - [177/576] 處理 tile: tile_x6144_y5376
2026-07-26 13:10:39,510 - hybrid_pipeline - INFO - Tile tile_x5376_y5376: 核心遮罩全空 → 空白 placeholder
2026-07-26 13:10:39,519 - hybrid_pipeline - INFO - [178/576] 處理 tile: tile_x6912_y5376
2026-07-26 13:10:39,542 - hybrid_pipeline - INFO - Tile tile_x6144_y5376: 核心遮罩全空 → 空白 placeholder
2026-07-26 13:10:39,553 - hybrid_pipeline - INFO - [179/576] 處理 tile: tile_x7680_y5376
2026-07-26 13:10:39,577 - hybrid_pipeline - INFO - Tile tile_x6912_y5376: 核心遮罩全空 → 空白 placeholder
2026-07-26 13:10:39,588 - hybrid_pipeline - INFO - [180/576] 處理 tile: tile_x8448_y5376
2026-07-26 13:10:39,611 - hybrid_pipeline - INFO - Tile tile_x7680_y5376: 核心遮罩全空 → 空白 placeholder
2026-07-26 13:10:39,623 - hybrid_pipeline - INFO - [181/576] 處理 tile: tile_x11520_y5376
2026-07-26 13:10:39,646 - hybrid_pipeline - INFO - Tile tile_x8448_y5376: 核心遮罩全空 → 空白 placeholder
2026-07-26 13:10:39,657 - hybrid_pipeline - INFO - [182/576] 處理 tile: tile_x9216_y5376
2026-07-26 13:10:39,680 - hybrid_pipeline - INFO - Tile tile_x11520_y5376: 核心遮罩全空 → 空白 placeholder
2026-07-26 13:10:39,693 - hybrid_pipeline - INFO - [183/576] 處理 tile: tile_x10752_y5376
2026-07-26 13:10:39,717 - hybrid_pipeline - INFO - Tile tile_x9216_y5376: 核心遮罩全空 → 空白 placeholder
2026-07-26 13:10:39,731 - hybrid_pipeline - INFO - [184/576] 處理 tile: tile_x9984_y5376
2026-07-26 13:10:39,754 - hybrid_pipeline - INFO - Tile tile_x10752_y5376: 核心遮罩全空 → 空白 placeholder
2026-07-26 13:10:39,765 - hybrid_pipeline - INFO - [185/576] 處理 tile: tile_x12288_y5376
2026-07-26 13:10:39,791 - hybrid_pipeline - INFO - Tile tile_x9984_y5376: 核心遮罩全空 → 空白 placeholder
2026-07-26 13:10:39,801 - hybrid_pipeline - INFO - [186/576] 處理 tile: tile_x13056_y5376
2026-07-26 13:10:39,825 - hybrid_pipeline - INFO - Tile tile_x12288_y5376: 核心遮罩全空 → 空白 placeholder
2026-07-26 13:10:39,836 - hybrid_pipeline - INFO - [187/576] 處理 tile: tile_x16896_y5376
2026-07-26 13:10:39,859 - hybrid_pipeline - INFO - Tile tile_x13056_y5376: 核心遮罩全空 → 空白 placeholder
2026-07-26 13:10:39,869 - hybrid_pipeline - INFO - [188/576] 處理 tile: tile_x16128_y5376
2026-07-26 13:10:39,893 - hybrid_pipeline - INFO - Tile tile_x16896_y5376: 核心遮罩全空 → 空白 placeholder
2026-07-26 13:10:39,902 - hybrid_pipeline - INFO - [189/576] 處理 tile: tile_x14592_y5376
2026-07-26 13:10:39,925 - hybrid_pipeline - INFO - Tile tile_x16128_y5376: 核心遮罩全空 → 空白 placeholder
2026-07-26 13:10:39,935 - hybrid_pipeline - INFO - [190/576] 處理 tile: tile_x15360_y5376
2026-07-26 13:10:39,958 - hybrid_pipeline - INFO - Tile tile_x14592_y5376: 核心遮罩全空 → 空白 placeholder
2026-07-26 13:10:39,969 - hybrid_pipeline - INFO - [191/576] 處理 tile: tile_x17664_y5376
2026-07-26 13:10:39,992 - hybrid_pipeline - INFO - Tile tile_x15360_y5376: 核心遮罩全空 → 空白 placeholder
2026-07-26 13:10:40,002 - hybrid_pipeline - INFO - [192/576] 處理 tile: tile_x13824_y5376
2026-07-26 13:10:40,025 - hybrid_pipeline - INFO - Tile tile_x17664_y5376: 核心遮罩全空 → 空白 placeholder
2026-07-26 13:10:40,034 - hybrid_pipeline - INFO - [193/576] 處理 tile: tile_x0_y6144
2026-07-26 13:10:40,058 - hybrid_pipeline - INFO - Tile tile_x13824_y5376: 核心遮罩全空 → 空白 placeholder
2026-07-26 13:10:40,628 - hybrid_pipeline - INFO - [194/576] 處理 tile: tile_x4608_y6144
2026-07-26 13:10:40,652 - m3_module.m3_cells_generator - INFO - All-positive 標註完成: 10 個細胞
2026-07-26 13:10:40,684 - m3_module.m3_cells_generator - INFO - enlarge_cell_instances: 10 顆細胞, factor=1.50(面積), 中位半徑=19.0px, 外擴=4.3px
2026-07-26 13:10:40,706 - m3_module.m3_elastic_matching - INFO - elastic_dish_nucleus_matching(overlap-first): IHC=10, DISH=2, matched(1核)=0 (其中重疊=0), drop-out(競爭落敗)=0, 無候選(計入)=10, factor=1.50, min_reach=20.0
2026-07-26 13:10:40,816 - m3_module.m3_dot_detection - INFO - detect_all_dots: 紅點=0, 黑點=0, 涉及細胞=10
2026-07-26 13:10:40,889 - m4_module.cell_crops - INFO - 匯出 1 張 per-cell 影像至 /data/taro_Projects/tsgh/output/r7_run/cell_crops/tile_x0_y6144/cells
2026-07-26 13:10:40,889 - hybrid_pipeline - INFO - Tile tile_x0_y6144 完成: 核心擁有 1 細胞 (1 陽性), 0.86 秒
2026-07-26 13:10:40,889 - hybrid_pipeline - INFO - [195/576] 處理 tile: tile_x3072_y6144
2026-07-26 13:10:40,913 - hybrid_pipeline - INFO - Tile tile_x4608_y6144: 核心遮罩全空 → 空白 placeholder
2026-07-26 13:10:40,925 - hybrid_pipeline - INFO - [196/576] 處理 tile: tile_x768_y6144
2026-07-26 13:10:40,950 - hybrid_pipeline - INFO - Tile tile_x3072_y6144: 核心遮罩全空 → 空白 placeholder
2026-07-26 13:10:41,521 - hybrid_pipeline - INFO - [197/576] 處理 tile: tile_x1536_y6144
2026-07-26 13:10:41,552 - m3_module.m3_cells_generator - INFO - All-positive 標註完成: 22 個細胞
2026-07-26 13:10:41,590 - m3_module.m3_cells_generator - INFO - enlarge_cell_instances: 22 顆細胞, factor=1.50(面積), 中位半徑=20.6px, 外擴=4.6px
2026-07-26 13:10:41,614 - m3_module.m3_elastic_matching - INFO - elastic_dish_nucleus_matching(overlap-first): IHC=22, DISH=1, matched(1核)=0 (其中重疊=0), drop-out(競爭落敗)=0, 無候選(計入)=22, factor=1.50, min_reach=20.0
2026-07-26 13:10:41,721 - m3_module.m3_dot_detection - INFO - detect_all_dots: 紅點=0, 黑點=0, 涉及細胞=22
2026-07-26 13:10:41,797 - m4_module.cell_crops - INFO - 匯出 12 張 per-cell 影像至 /data/taro_Projects/tsgh/output/r7_run/cell_crops/tile_x768_y6144/cells
2026-07-26 13:10:41,797 - hybrid_pipeline - INFO - Tile tile_x768_y6144 完成: 核心擁有 12 細胞 (12 陽性), 0.87 秒
2026-07-26 13:10:41,797 - hybrid_pipeline - INFO - [198/576] 處理 tile: tile_x3840_y6144
2026-07-26 13:10:41,820 - hybrid_pipeline - INFO - Tile tile_x1536_y6144: 核心遮罩全空 → 空白 placeholder
2026-07-26 13:10:41,832 - hybrid_pipeline - INFO - [199/576] 處理 tile: tile_x2304_y6144
2026-07-26 13:10:41,855 - hybrid_pipeline - INFO - Tile tile_x3840_y6144: 核心遮罩全空 → 空白 placeholder
2026-07-26 13:10:41,869 - hybrid_pipeline - INFO - [200/576] 處理 tile: tile_x5376_y6144
2026-07-26 13:10:41,892 - hybrid_pipeline - INFO - Tile tile_x2304_y6144: 核心遮罩全空 → 空白 placeholder
2026-07-26 13:10:41,904 - hybrid_pipeline - INFO - [201/576] 處理 tile: tile_x6144_y6144
2026-07-26 13:10:41,927 - hybrid_pipeline - INFO - Tile tile_x5376_y6144: 核心遮罩全空 → 空白 placeholder
2026-07-26 13:10:41,938 - hybrid_pipeline - INFO - [202/576] 處理 tile: tile_x6912_y6144
2026-07-26 13:10:41,962 - hybrid_pipeline - INFO - Tile tile_x6144_y6144: 核心遮罩全空 → 空白 placeholder
2026-07-26 13:10:41,971 - hybrid_pipeline - INFO - [203/576] 處理 tile: tile_x7680_y6144
2026-07-26 13:10:41,994 - hybrid_pipeline - INFO - Tile tile_x6912_y6144: 核心遮罩全空 → 空白 placeholder
2026-07-26 13:10:42,005 - hybrid_pipeline - INFO - [204/576] 處理 tile: tile_x9216_y6144
2026-07-26 13:10:42,029 - hybrid_pipeline - INFO - Tile tile_x7680_y6144: 核心遮罩全空 → 空白 placeholder
2026-07-26 13:10:42,040 - hybrid_pipeline - INFO - [205/576] 處理 tile: tile_x10752_y6144
2026-07-26 13:10:42,063 - hybrid_pipeline - INFO - Tile tile_x9216_y6144: 核心遮罩全空 → 空白 placeholder
2026-07-26 13:10:42,074 - hybrid_pipeline - INFO - [206/576] 處理 tile: tile_x8448_y6144
2026-07-26 13:10:42,098 - hybrid_pipeline - INFO - Tile tile_x10752_y6144: 核心遮罩全空 → 空白 placeholder
2026-07-26 13:10:42,109 - hybrid_pipeline - INFO - [207/576] 處理 tile: tile_x9984_y6144
2026-07-26 13:10:42,133 - hybrid_pipeline - INFO - Tile tile_x8448_y6144: 核心遮罩全空 → 空白 placeholder
2026-07-26 13:10:42,144 - hybrid_pipeline - INFO - [208/576] 處理 tile: tile_x11520_y6144
2026-07-26 13:10:42,168 - hybrid_pipeline - INFO - Tile tile_x9984_y6144: 核心遮罩全空 → 空白 placeholder
2026-07-26 13:10:42,177 - hybrid_pipeline - INFO - [209/576] 處理 tile: tile_x12288_y6144
2026-07-26 13:10:42,205 - hybrid_pipeline - INFO - Tile tile_x11520_y6144: 核心遮罩全空 → 空白 placeholder
2026-07-26 13:10:42,212 - hybrid_pipeline - INFO - [210/576] 處理 tile: tile_x16128_y6144
2026-07-26 13:10:42,235 - hybrid_pipeline - INFO - Tile tile_x12288_y6144: 核心遮罩全空 → 空白 placeholder
2026-07-26 13:10:42,243 - hybrid_pipeline - INFO - [211/576] 處理 tile: tile_x13056_y6144
2026-07-26 13:10:42,265 - hybrid_pipeline - INFO - Tile tile_x16128_y6144: 核心遮罩全空 → 空白 placeholder
2026-07-26 13:10:42,277 - hybrid_pipeline - INFO - [212/576] 處理 tile: tile_x16896_y6144
2026-07-26 13:10:42,300 - hybrid_pipeline - INFO - Tile tile_x13056_y6144: 核心遮罩全空 → 空白 placeholder
2026-07-26 13:10:42,311 - hybrid_pipeline - INFO - [213/576] 處理 tile: tile_x17664_y6144
2026-07-26 13:10:42,334 - hybrid_pipeline - INFO - Tile tile_x16896_y6144: 核心遮罩全空 → 空白 placeholder
2026-07-26 13:10:42,343 - hybrid_pipeline - INFO - [214/576] 處理 tile: tile_x13824_y6144
2026-07-26 13:10:42,370 - hybrid_pipeline - INFO - Tile tile_x17664_y6144: 核心遮罩全空 → 空白 placeholder
2026-07-26 13:10:42,375 - hybrid_pipeline - INFO - [215/576] 處理 tile: tile_x15360_y6144
2026-07-26 13:10:42,399 - hybrid_pipeline - INFO - Tile tile_x13824_y6144: 核心遮罩全空 → 空白 placeholder
2026-07-26 13:10:42,408 - hybrid_pipeline - INFO - [216/576] 處理 tile: tile_x14592_y6144
2026-07-26 13:10:42,432 - hybrid_pipeline - INFO - Tile tile_x15360_y6144: 核心遮罩全空 → 空白 placeholder
2026-07-26 13:10:42,441 - hybrid_pipeline - INFO - [217/576] 處理 tile: tile_x0_y6912
2026-07-26 13:10:42,464 - hybrid_pipeline - INFO - Tile tile_x14592_y6144: 核心遮罩全空 → 空白 placeholder
2026-07-26 13:10:43,054 - hybrid_pipeline - INFO - [218/576] 處理 tile: tile_x2304_y6912
2026-07-26 13:10:43,078 - m3_module.m3_cells_generator - INFO - All-positive 標註完成: 23 個細胞
2026-07-26 13:10:43,116 - m3_module.m3_cells_generator - INFO - enlarge_cell_instances: 23 顆細胞, factor=1.50(面積), 中位半徑=18.0px, 外擴=4.0px
2026-07-26 13:10:43,140 - m3_module.m3_elastic_matching - INFO - elastic_dish_nucleus_matching(overlap-first): IHC=23, DISH=17, matched(1核)=1 (其中重疊=1), drop-out(競爭落敗)=0, 無候選(計入)=22, factor=1.50, min_reach=20.0
2026-07-26 13:10:43,253 - m3_module.m3_dot_detection - INFO - detect_all_dots: 紅點=0, 黑點=0, 涉及細胞=23
2026-07-26 13:10:43,363 - m4_module.cell_crops - INFO - 匯出 10 張 per-cell 影像至 /data/taro_Projects/tsgh/output/r7_run/cell_crops/tile_x0_y6912/cells
2026-07-26 13:10:43,363 - hybrid_pipeline - INFO - Tile tile_x0_y6912 完成: 核心擁有 10 細胞 (10 陽性), 0.92 秒
2026-07-26 13:10:43,982 - hybrid_pipeline - INFO - [219/576] 處理 tile: tile_x1536_y6912
2026-07-26 13:10:44,012 - m3_module.m3_cells_generator - INFO - All-positive 標註完成: 20 個細胞
2026-07-26 13:10:44,054 - m3_module.m3_cells_generator - INFO - enlarge_cell_instances: 20 顆細胞, factor=1.50(面積), 中位半徑=24.5px, 外擴=5.5px
2026-07-26 13:10:44,090 - m3_module.m3_elastic_matching - INFO - elastic_dish_nucleus_matching(overlap-first): IHC=20, DISH=618, matched(1核)=20 (其中重疊=20), drop-out(競爭落敗)=0, 無候選(計入)=0, factor=1.50, min_reach=20.0
2026-07-26 13:10:44,204 - m3_module.m3_dot_detection - INFO - detect_all_dots: 紅點=0, 黑點=0, 涉及細胞=20
2026-07-26 13:10:44,313 - m4_module.cell_crops - INFO - 匯出 8 張 per-cell 影像至 /data/taro_Projects/tsgh/output/r7_run/cell_crops/tile_x2304_y6912/cells
2026-07-26 13:10:44,313 - hybrid_pipeline - INFO - Tile tile_x2304_y6912 完成: 核心擁有 8 細胞 (8 陽性), 1.26 秒
2026-07-26 13:10:44,592 - hybrid_pipeline - INFO - [220/576] 處理 tile: tile_x3840_y6912
2026-07-26 13:10:44,615 - m3_module.m3_cells_generator - INFO - All-positive 標註完成: 3 個細胞
2026-07-26 13:10:44,642 - m3_module.m3_cells_generator - INFO - enlarge_cell_instances: 3 顆細胞, factor=1.50(面積), 中位半徑=15.4px, 外擴=3.5px
2026-07-26 13:10:44,755 - m3_module.m3_dot_detection - INFO - detect_all_dots: 紅點=0, 黑點=0, 涉及細胞=3
2026-07-26 13:10:44,796 - m4_module.cell_crops - INFO - 匯出 0 張 per-cell 影像至 /data/taro_Projects/tsgh/output/r7_run/cell_crops/tile_x1536_y6912/cells
2026-07-26 13:10:44,796 - hybrid_pipeline - INFO - Tile tile_x1536_y6912 完成: 核心擁有 0 細胞 (0 陽性), 0.81 秒
2026-07-26 13:10:44,798 - hybrid_pipeline - INFO - [221/576] 處理 tile: tile_x768_y6912
2026-07-26 13:10:44,823 - hybrid_pipeline - INFO - Tile tile_x3840_y6912: 核心遮罩全空 → 空白 placeholder
2026-07-26 13:10:45,506 - hybrid_pipeline - INFO - [222/576] 處理 tile: tile_x3072_y6912
2026-07-26 13:10:45,532 - m3_module.m3_cells_generator - INFO - All-positive 標註完成: 46 個細胞
2026-07-26 13:10:45,586 - m3_module.m3_cells_generator - INFO - enlarge_cell_instances: 46 顆細胞, factor=1.50(面積), 中位半徑=22.0px, 外擴=4.9px
2026-07-26 13:10:45,615 - m3_module.m3_elastic_matching - INFO - elastic_dish_nucleus_matching(overlap-first): IHC=46, DISH=244, matched(1核)=16 (其中重疊=16), drop-out(競爭落敗)=0, 無候選(計入)=30, factor=1.50, min_reach=20.0
2026-07-26 13:10:45,731 - m3_module.m3_dot_detection - INFO - detect_all_dots: 紅點=0, 黑點=0, 涉及細胞=46
2026-07-26 13:10:45,880 - m4_module.cell_crops - INFO - 匯出 31 張 per-cell 影像至 /data/taro_Projects/tsgh/output/r7_run/cell_crops/tile_x768_y6912/cells
2026-07-26 13:10:45,880 - hybrid_pipeline - INFO - Tile tile_x768_y6912 完成: 核心擁有 31 細胞 (31 陽性), 1.08 秒
2026-07-26 13:10:46,433 - hybrid_pipeline - INFO - [223/576] 處理 tile: tile_x5376_y6912
2026-07-26 13:10:46,461 - m3_module.m3_cells_generator - INFO - All-positive 標註完成: 6 個細胞
2026-07-26 13:10:46,490 - m3_module.m3_cells_generator - INFO - enlarge_cell_instances: 6 顆細胞, factor=1.50(面積), 中位半徑=24.4px, 外擴=5.5px
2026-07-26 13:10:46,516 - m3_module.m3_elastic_matching - INFO - elastic_dish_nucleus_matching(overlap-first): IHC=6, DISH=319, matched(1核)=6 (其中重疊=6), drop-out(競爭落敗)=0, 無候選(計入)=0, factor=1.50, min_reach=20.0
2026-07-26 13:10:46,624 - m3_module.m3_dot_detection - INFO - detect_all_dots: 紅點=0, 黑點=0, 涉及細胞=6
2026-07-26 13:10:46,693 - m4_module.cell_crops - INFO - 匯出 0 張 per-cell 影像至 /data/taro_Projects/tsgh/output/r7_run/cell_crops/tile_x3072_y6912/cells
2026-07-26 13:10:46,693 - hybrid_pipeline - INFO - Tile tile_x3072_y6912 完成: 核心擁有 0 細胞 (0 陽性), 1.19 秒
2026-07-26 13:10:46,694 - hybrid_pipeline - INFO - [224/576] 處理 tile: tile_x4608_y6912
2026-07-26 13:10:46,717 - hybrid_pipeline - INFO - Tile tile_x5376_y6912: 核心遮罩全空 → 空白 placeholder
2026-07-26 13:10:46,730 - hybrid_pipeline - INFO - [225/576] 處理 tile: tile_x6144_y6912
2026-07-26 13:10:46,754 - hybrid_pipeline - INFO - Tile tile_x4608_y6912: 核心遮罩全空 → 空白 placeholder
2026-07-26 13:10:46,767 - hybrid_pipeline - INFO - [226/576] 處理 tile: tile_x6912_y6912
2026-07-26 13:10:46,791 - hybrid_pipeline - INFO - Tile tile_x6144_y6912: 核心遮罩全空 → 空白 placeholder
2026-07-26 13:10:46,802 - hybrid_pipeline - INFO - [227/576] 處理 tile: tile_x7680_y6912
2026-07-26 13:10:46,827 - hybrid_pipeline - INFO - Tile tile_x6912_y6912: 核心遮罩全空 → 空白 placeholder
2026-07-26 13:10:46,834 - hybrid_pipeline - INFO - [228/576] 處理 tile: tile_x8448_y6912
2026-07-26 13:10:46,857 - hybrid_pipeline - INFO - Tile tile_x7680_y6912: 核心遮罩全空 → 空白 placeholder
2026-07-26 13:10:46,868 - hybrid_pipeline - INFO - [229/576] 處理 tile: tile_x10752_y6912
2026-07-26 13:10:46,892 - hybrid_pipeline - INFO - Tile tile_x8448_y6912: 核心遮罩全空 → 空白 placeholder
2026-07-26 13:10:46,900 - hybrid_pipeline - INFO - [230/576] 處理 tile: tile_x9216_y6912
2026-07-26 13:10:46,924 - hybrid_pipeline - INFO - Tile tile_x10752_y6912: 核心遮罩全空 → 空白 placeholder
2026-07-26 13:10:46,936 - hybrid_pipeline - INFO - [231/576] 處理 tile: tile_x11520_y6912
2026-07-26 13:10:46,959 - hybrid_pipeline - INFO - Tile tile_x9216_y6912: 核心遮罩全空 → 空白 placeholder
2026-07-26 13:10:46,969 - hybrid_pipeline - INFO - [232/576] 處理 tile: tile_x9984_y6912
2026-07-26 13:10:46,992 - hybrid_pipeline - INFO - Tile tile_x11520_y6912: 核心遮罩全空 → 空白 placeholder
2026-07-26 13:10:47,002 - hybrid_pipeline - INFO - [233/576] 處理 tile: tile_x12288_y6912
2026-07-26 13:10:47,026 - hybrid_pipeline - INFO - Tile tile_x9984_y6912: 核心遮罩全空 → 空白 placeholder
2026-07-26 13:10:47,035 - hybrid_pipeline - INFO - [234/576] 處理 tile: tile_x15360_y6912
2026-07-26 13:10:47,059 - hybrid_pipeline - INFO - Tile tile_x12288_y6912: 核心遮罩全空 → 空白 placeholder
2026-07-26 13:10:47,068 - hybrid_pipeline - INFO - [235/576] 處理 tile: tile_x13056_y6912
2026-07-26 13:10:47,093 - hybrid_pipeline - INFO - Tile tile_x15360_y6912: 核心遮罩全空 → 空白 placeholder
2026-07-26 13:10:47,102 - hybrid_pipeline - INFO - [236/576] 處理 tile: tile_x16128_y6912
2026-07-26 13:10:47,125 - hybrid_pipeline - INFO - Tile tile_x13056_y6912: 核心遮罩全空 → 空白 placeholder
2026-07-26 13:10:47,134 - hybrid_pipeline - INFO - [237/576] 處理 tile: tile_x13824_y6912
2026-07-26 13:10:47,158 - hybrid_pipeline - INFO - Tile tile_x16128_y6912: 核心遮罩全空 → 空白 placeholder
2026-07-26 13:10:47,167 - hybrid_pipeline - INFO - [238/576] 處理 tile: tile_x14592_y6912
2026-07-26 13:10:47,191 - hybrid_pipeline - INFO - Tile tile_x13824_y6912: 核心遮罩全空 → 空白 placeholder
2026-07-26 13:10:47,201 - hybrid_pipeline - INFO - [239/576] 處理 tile: tile_x16896_y6912
2026-07-26 13:10:47,224 - hybrid_pipeline - INFO - Tile tile_x14592_y6912: 核心遮罩全空 → 空白 placeholder
2026-07-26 13:10:47,232 - hybrid_pipeline - INFO - [240/576] 處理 tile: tile_x17664_y6912
2026-07-26 13:10:47,257 - hybrid_pipeline - INFO - Tile tile_x16896_y6912: 核心遮罩全空 → 空白 placeholder
2026-07-26 13:10:47,266 - hybrid_pipeline - INFO - [241/576] 處理 tile: tile_x0_y7680
2026-07-26 13:10:47,290 - hybrid_pipeline - INFO - Tile tile_x17664_y6912: 核心遮罩全空 → 空白 placeholder
2026-07-26 13:10:47,928 - hybrid_pipeline - INFO - [242/576] 處理 tile: tile_x1536_y7680
2026-07-26 13:10:47,951 - m3_module.m3_cells_generator - INFO - All-positive 標註完成: 14 個細胞
2026-07-26 13:10:47,985 - m3_module.m3_cells_generator - INFO - enlarge_cell_instances: 14 顆細胞, factor=1.50(面積), 中位半徑=15.2px, 外擴=3.4px
2026-07-26 13:10:48,009 - m3_module.m3_elastic_matching - INFO - elastic_dish_nucleus_matching(overlap-first): IHC=14, DISH=1, matched(1核)=1 (其中重疊=1), drop-out(競爭落敗)=1, 無候選(計入)=12, factor=1.50, min_reach=20.0
2026-07-26 13:10:48,122 - m3_module.m3_dot_detection - INFO - detect_all_dots: 紅點=0, 黑點=1, 涉及細胞=14
2026-07-26 13:10:48,195 - m4_module.cell_crops - INFO - 匯出 2 張 per-cell 影像至 /data/taro_Projects/tsgh/output/r7_run/cell_crops/tile_x0_y7680/cells
2026-07-26 13:10:48,196 - hybrid_pipeline - INFO - Tile tile_x0_y7680 完成: 核心擁有 2 細胞 (2 陽性), 0.93 秒
2026-07-26 13:10:48,617 - hybrid_pipeline - INFO - [243/576] 處理 tile: tile_x768_y7680
2026-07-26 13:10:48,640 - m3_module.m3_cells_generator - INFO - All-positive 標註完成: 70 個細胞
2026-07-26 13:10:48,695 - m3_module.m3_cells_generator - INFO - enlarge_cell_instances: 70 顆細胞, factor=1.50(面積), 中位半徑=22.6px, 外擴=5.1px
2026-07-26 13:10:48,723 - m3_module.m3_elastic_matching - INFO - elastic_dish_nucleus_matching(overlap-first): IHC=70, DISH=127, matched(1核)=15 (其中重疊=15), drop-out(競爭落敗)=3, 無候選(計入)=52, factor=1.50, min_reach=20.0
2026-07-26 13:10:48,846 - m3_module.m3_dot_detection - INFO - detect_all_dots: 紅點=1, 黑點=2, 涉及細胞=70
2026-07-26 13:10:49,069 - m4_module.cell_crops - INFO - 匯出 44 張 per-cell 影像至 /data/taro_Projects/tsgh/output/r7_run/cell_crops/tile_x1536_y7680/cells
2026-07-26 13:10:49,069 - hybrid_pipeline - INFO - Tile tile_x1536_y7680 完成: 核心擁有 44 細胞 (44 陽性), 1.14 秒
2026-07-26 13:10:49,304 - hybrid_pipeline - INFO - [244/576] 處理 tile: tile_x3072_y7680
2026-07-26 13:10:49,334 - m3_module.m3_cells_generator - INFO - All-positive 標註完成: 52 個細胞
2026-07-26 13:10:49,386 - m3_module.m3_cells_generator - INFO - enlarge_cell_instances: 52 顆細胞, factor=1.50(面積), 中位半徑=22.0px, 外擴=4.9px
2026-07-26 13:10:49,413 - m3_module.m3_elastic_matching - INFO - elastic_dish_nucleus_matching(overlap-first): IHC=52, DISH=210, matched(1核)=20 (其中重疊=18), drop-out(競爭落敗)=2, 無候選(計入)=30, factor=1.50, min_reach=20.0
2026-07-26 13:10:49,528 - m3_module.m3_dot_detection - INFO - detect_all_dots: 紅點=0, 黑點=1, 涉及細胞=52
2026-07-26 13:10:49,678 - m4_module.cell_crops - INFO - 匯出 15 張 per-cell 影像至 /data/taro_Projects/tsgh/output/r7_run/cell_crops/tile_x768_y7680/cells
2026-07-26 13:10:49,678 - hybrid_pipeline - INFO - Tile tile_x768_y7680 完成: 核心擁有 15 細胞 (15 陽性), 1.06 秒
2026-07-26 13:10:49,928 - hybrid_pipeline - INFO - [245/576] 處理 tile: tile_x2304_y7680
2026-07-26 13:10:49,955 - m3_module.m3_cells_generator - INFO - All-positive 標註完成: 66 個細胞
2026-07-26 13:10:49,996 - m3_module.m3_cells_generator - INFO - enlarge_cell_instances: 66 顆細胞, factor=1.50(面積), 中位半徑=22.8px, 外擴=5.1px
2026-07-26 13:10:50,021 - m3_module.m3_elastic_matching - INFO - elastic_dish_nucleus_matching(overlap-first): IHC=66, DISH=5, matched(1核)=2 (其中重疊=2), drop-out(競爭落敗)=1, 無候選(計入)=63, factor=1.50, min_reach=20.0
2026-07-26 13:10:50,132 - m3_module.m3_dot_detection - INFO - detect_all_dots: 紅點=0, 黑點=0, 涉及細胞=66
2026-07-26 13:10:50,292 - m4_module.cell_crops - INFO - 匯出 31 張 per-cell 影像至 /data/taro_Projects/tsgh/output/r7_run/cell_crops/tile_x3072_y7680/cells
2026-07-26 13:10:50,292 - hybrid_pipeline - INFO - Tile tile_x3072_y7680 完成: 核心擁有 31 細胞 (31 陽性), 0.99 秒
2026-07-26 13:10:50,590 - hybrid_pipeline - INFO - [246/576] 處理 tile: tile_x3840_y7680
2026-07-26 13:10:50,622 - m3_module.m3_cells_generator - INFO - All-positive 標註完成: 125 個細胞
2026-07-26 13:10:50,674 - m3_module.m3_cells_generator - INFO - enlarge_cell_instances: 125 顆細胞, factor=1.50(面積), 中位半徑=23.0px, 外擴=5.2px
2026-07-26 13:10:50,701 - m3_module.m3_elastic_matching - INFO - elastic_dish_nucleus_matching(overlap-first): IHC=125, DISH=44, matched(1核)=10 (其中重疊=10), drop-out(競爭落敗)=8, 無候選(計入)=107, factor=1.50, min_reach=20.0
2026-07-26 13:10:50,822 - m3_module.m3_dot_detection - INFO - detect_all_dots: 紅點=0, 黑點=1, 涉及細胞=125
2026-07-26 13:10:51,102 - m4_module.cell_crops - INFO - 匯出 73 張 per-cell 影像至 /data/taro_Projects/tsgh/output/r7_run/cell_crops/tile_x2304_y7680/cells
2026-07-26 13:10:51,102 - hybrid_pipeline - INFO - Tile tile_x2304_y7680 完成: 核心擁有 73 細胞 (73 陽性), 1.17 秒
2026-07-26 13:10:51,102 - hybrid_pipeline - INFO - [247/576] 處理 tile: tile_x5376_y7680
2026-07-26 13:10:51,129 - hybrid_pipeline - INFO - Tile tile_x3840_y7680: 核心遮罩全空 → 空白 placeholder
2026-07-26 13:10:51,348 - cellpose.dynamics - INFO - No cell pixels found.
2026-07-26 13:10:51,646 - hybrid_pipeline - INFO - [248/576] 處理 tile: tile_x4608_y7680
2026-07-26 13:10:51,658 - m3_module.m3_cells_generator - INFO - All-positive 標註完成: 0 個細胞
2026-07-26 13:10:51,779 - m3_module.m3_dot_detection - INFO - detect_all_dots: 紅點=0, 黑點=0, 涉及細胞=0
2026-07-26 13:10:51,812 - m4_module.cell_crops - INFO - 匯出 0 張 per-cell 影像至 /data/taro_Projects/tsgh/output/r7_run/cell_crops/tile_x5376_y7680/cells
2026-07-26 13:10:51,812 - hybrid_pipeline - INFO - Tile tile_x5376_y7680 完成: 核心擁有 0 細胞 (0 陽性), 0.71 秒
2026-07-26 13:10:51,812 - hybrid_pipeline - INFO - [249/576] 處理 tile: tile_x6144_y7680
2026-07-26 13:10:51,837 - hybrid_pipeline - INFO - Tile tile_x4608_y7680: 核心遮罩全空 → 空白 placeholder
2026-07-26 13:10:51,854 - hybrid_pipeline - INFO - [250/576] 處理 tile: tile_x6912_y7680
2026-07-26 13:10:51,882 - hybrid_pipeline - INFO - Tile tile_x6144_y7680: 核心遮罩全空 → 空白 placeholder
2026-07-26 13:10:51,891 - hybrid_pipeline - INFO - [251/576] 處理 tile: tile_x9984_y7680
2026-07-26 13:10:51,914 - hybrid_pipeline - INFO - Tile tile_x6912_y7680: 核心遮罩全空 → 空白 placeholder
2026-07-26 13:10:51,928 - hybrid_pipeline - INFO - [252/576] 處理 tile: tile_x9216_y7680
2026-07-26 13:10:51,951 - hybrid_pipeline - INFO - Tile tile_x9984_y7680: 核心遮罩全空 → 空白 placeholder
2026-07-26 13:10:51,965 - hybrid_pipeline - INFO - [253/576] 處理 tile: tile_x7680_y7680
2026-07-26 13:10:51,987 - hybrid_pipeline - INFO - Tile tile_x9216_y7680: 核心遮罩全空 → 空白 placeholder
2026-07-26 13:10:52,002 - hybrid_pipeline - INFO - [254/576] 處理 tile: tile_x8448_y7680
2026-07-26 13:10:52,025 - hybrid_pipeline - INFO - Tile tile_x7680_y7680: 核心遮罩全空 → 空白 placeholder
2026-07-26 13:10:52,042 - hybrid_pipeline - INFO - [255/576] 處理 tile: tile_x11520_y7680
2026-07-26 13:10:52,068 - hybrid_pipeline - INFO - Tile tile_x8448_y7680: 核心遮罩全空 → 空白 placeholder
2026-07-26 13:10:52,077 - hybrid_pipeline - INFO - [256/576] 處理 tile: tile_x10752_y7680
2026-07-26 13:10:52,100 - hybrid_pipeline - INFO - Tile tile_x11520_y7680: 核心遮罩全空 → 空白 placeholder
2026-07-26 13:10:52,115 - hybrid_pipeline - INFO - [257/576] 處理 tile: tile_x12288_y7680
2026-07-26 13:10:52,137 - hybrid_pipeline - INFO - Tile tile_x10752_y7680: 核心遮罩全空 → 空白 placeholder
2026-07-26 13:10:52,153 - hybrid_pipeline - INFO - [258/576] 處理 tile: tile_x16128_y7680
2026-07-26 13:10:52,177 - hybrid_pipeline - INFO - Tile tile_x12288_y7680: 核心遮罩全空 → 空白 placeholder
2026-07-26 13:10:52,190 - hybrid_pipeline - INFO - [259/576] 處理 tile: tile_x13056_y7680
2026-07-26 13:10:52,212 - hybrid_pipeline - INFO - Tile tile_x16128_y7680: 核心遮罩全空 → 空白 placeholder
2026-07-26 13:10:52,226 - hybrid_pipeline - INFO - [260/576] 處理 tile: tile_x17664_y7680
2026-07-26 13:10:52,249 - hybrid_pipeline - INFO - Tile tile_x13056_y7680: 核心遮罩全空 → 空白 placeholder
2026-07-26 13:10:52,265 - hybrid_pipeline - INFO - [261/576] 處理 tile: tile_x13824_y7680
2026-07-26 13:10:52,288 - hybrid_pipeline - INFO - Tile tile_x17664_y7680: 核心遮罩全空 → 空白 placeholder
2026-07-26 13:10:52,302 - hybrid_pipeline - INFO - [262/576] 處理 tile: tile_x16896_y7680
2026-07-26 13:10:52,324 - hybrid_pipeline - INFO - Tile tile_x13824_y7680: 核心遮罩全空 → 空白 placeholder
2026-07-26 13:10:52,341 - hybrid_pipeline - INFO - [263/576] 處理 tile: tile_x15360_y7680
2026-07-26 13:10:52,365 - hybrid_pipeline - INFO - Tile tile_x16896_y7680: 核心遮罩全空 → 空白 placeholder
2026-07-26 13:10:52,379 - hybrid_pipeline - INFO - [264/576] 處理 tile: tile_x14592_y7680
2026-07-26 13:10:52,401 - hybrid_pipeline - INFO - Tile tile_x15360_y7680: 核心遮罩全空 → 空白 placeholder
2026-07-26 13:10:52,422 - hybrid_pipeline - INFO - [265/576] 處理 tile: tile_x0_y8448
2026-07-26 13:10:52,444 - hybrid_pipeline - INFO - Tile tile_x14592_y7680: 核心遮罩全空 → 空白 placeholder
2026-07-26 13:10:53,024 - hybrid_pipeline - INFO - [266/576] 處理 tile: tile_x768_y8448
2026-07-26 13:10:53,054 - m3_module.m3_cells_generator - INFO - All-positive 標註完成: 41 個細胞
2026-07-26 13:10:53,102 - m3_module.m3_cells_generator - INFO - enlarge_cell_instances: 41 顆細胞, factor=1.50(面積), 中位半徑=19.6px, 外擴=4.4px
2026-07-26 13:10:53,132 - m3_module.m3_elastic_matching - INFO - elastic_dish_nucleus_matching(overlap-first): IHC=41, DISH=10, matched(1核)=10 (其中重疊=10), drop-out(競爭落敗)=7, 無候選(計入)=24, factor=1.50, min_reach=20.0
2026-07-26 13:10:53,294 - m3_module.m3_dot_detection - INFO - detect_all_dots: 紅點=18, 黑點=27, 涉及細胞=41
2026-07-26 13:10:53,436 - m4_module.cell_crops - INFO - 匯出 15 張 per-cell 影像至 /data/taro_Projects/tsgh/output/r7_run/cell_crops/tile_x0_y8448/cells
2026-07-26 13:10:53,436 - hybrid_pipeline - INFO - Tile tile_x0_y8448 完成: 核心擁有 15 細胞 (15 陽性), 1.01 秒
2026-07-26 13:10:53,692 - hybrid_pipeline - INFO - [267/576] 處理 tile: tile_x2304_y8448
2026-07-26 13:10:53,721 - m3_module.m3_cells_generator - INFO - All-positive 標註完成: 112 個細胞
2026-07-26 13:10:53,775 - m3_module.m3_cells_generator - INFO - enlarge_cell_instances: 112 顆細胞, factor=1.50(面積), 中位半徑=26.0px, 外擴=5.9px
2026-07-26 13:10:53,803 - m3_module.m3_elastic_matching - INFO - elastic_dish_nucleus_matching(overlap-first): IHC=112, DISH=21, matched(1核)=20 (其中重疊=20), drop-out(競爭落敗)=6, 無候選(計入)=86, factor=1.50, min_reach=20.0
2026-07-26 13:10:53,986 - m3_module.m3_dot_detection - INFO - detect_all_dots: 紅點=25, 黑點=35, 涉及細胞=112
2026-07-26 13:10:54,297 - m4_module.cell_crops - INFO - 匯出 70 張 per-cell 影像至 /data/taro_Projects/tsgh/output/r7_run/cell_crops/tile_x768_y8448/cells
2026-07-26 13:10:54,297 - hybrid_pipeline - INFO - Tile tile_x768_y8448 完成: 核心擁有 70 細胞 (70 陽性), 1.27 秒
2026-07-26 13:10:54,371 - hybrid_pipeline - INFO - [268/576] 處理 tile: tile_x3072_y8448
2026-07-26 13:10:54,400 - m3_module.m3_cells_generator - INFO - All-positive 標註完成: 124 個細胞
2026-07-26 13:10:54,454 - m3_module.m3_cells_generator - INFO - enlarge_cell_instances: 124 顆細胞, factor=1.50(面積), 中位半徑=24.2px, 外擴=5.4px
2026-07-26 13:10:54,482 - m3_module.m3_elastic_matching - INFO - elastic_dish_nucleus_matching(overlap-first): IHC=124, DISH=13, matched(1核)=12 (其中重疊=12), drop-out(競爭落敗)=5, 無候選(計入)=107, factor=1.50, min_reach=20.0
2026-07-26 13:10:54,622 - m3_module.m3_dot_detection - INFO - detect_all_dots: 紅點=9, 黑點=14, 涉及細胞=124
2026-07-26 13:10:54,997 - m4_module.cell_crops - INFO - 匯出 61 張 per-cell 影像至 /data/taro_Projects/tsgh/output/r7_run/cell_crops/tile_x2304_y8448/cells
2026-07-26 13:10:54,997 - hybrid_pipeline - INFO - Tile tile_x2304_y8448 完成: 核心擁有 61 細胞 (61 陽性), 1.30 秒
2026-07-26 13:10:55,030 - hybrid_pipeline - INFO - [269/576] 處理 tile: tile_x1536_y8448
2026-07-26 13:10:55,054 - m3_module.m3_cells_generator - INFO - All-positive 標註完成: 105 個細胞
2026-07-26 13:10:55,108 - m3_module.m3_cells_generator - INFO - enlarge_cell_instances: 105 顆細胞, factor=1.50(面積), 中位半徑=24.7px, 外擴=5.5px
2026-07-26 13:10:55,135 - m3_module.m3_elastic_matching - INFO - elastic_dish_nucleus_matching(overlap-first): IHC=105, DISH=14, matched(1核)=13 (其中重疊=13), drop-out(競爭落敗)=6, 無候選(計入)=86, factor=1.50, min_reach=20.0
2026-07-26 13:10:55,262 - m3_module.m3_dot_detection - INFO - detect_all_dots: 紅點=6, 黑點=7, 涉及細胞=105
2026-07-26 13:10:55,562 - m4_module.cell_crops - INFO - 匯出 62 張 per-cell 影像至 /data/taro_Projects/tsgh/output/r7_run/cell_crops/tile_x3072_y8448/cells
2026-07-26 13:10:55,562 - hybrid_pipeline - INFO - Tile tile_x3072_y8448 完成: 核心擁有 62 細胞 (62 陽性), 1.19 秒
2026-07-26 13:10:55,664 - hybrid_pipeline - INFO - [270/576] 處理 tile: tile_x5376_y8448
2026-07-26 13:10:55,695 - m3_module.m3_cells_generator - INFO - All-positive 標註完成: 99 個細胞
2026-07-26 13:10:55,747 - m3_module.m3_cells_generator - INFO - enlarge_cell_instances: 99 顆細胞, factor=1.50(面積), 中位半徑=26.0px, 外擴=5.8px
2026-07-26 13:10:55,771 - m3_module.m3_elastic_matching - INFO - elastic_dish_nucleus_matching(overlap-first): IHC=99, DISH=8, matched(1核)=7 (其中重疊=7), drop-out(競爭落敗)=5, 無候選(計入)=87, factor=1.50, min_reach=20.0
2026-07-26 13:10:55,894 - m3_module.m3_dot_detection - INFO - detect_all_dots: 紅點=5, 黑點=7, 涉及細胞=99
2026-07-26 13:10:56,160 - m4_module.cell_crops - INFO - 匯出 65 張 per-cell 影像至 /data/taro_Projects/tsgh/output/r7_run/cell_crops/tile_x1536_y8448/cells
2026-07-26 13:10:56,161 - hybrid_pipeline - INFO - Tile tile_x1536_y8448 完成: 核心擁有 65 細胞 (65 陽性), 1.13 秒
2026-07-26 13:10:56,161 - hybrid_pipeline - INFO - [271/576] 處理 tile: tile_x4608_y8448
2026-07-26 13:10:56,184 - hybrid_pipeline - INFO - Tile tile_x5376_y8448: 核心遮罩全空 → 空白 placeholder
2026-07-26 13:10:56,206 - hybrid_pipeline - INFO - [272/576] 處理 tile: tile_x3840_y8448
2026-07-26 13:10:56,230 - hybrid_pipeline - INFO - Tile tile_x4608_y8448: 核心遮罩全空 → 空白 placeholder
2026-07-26 13:10:56,810 - hybrid_pipeline - INFO - [273/576] 處理 tile: tile_x6144_y8448
2026-07-26 13:10:56,843 - m3_module.m3_cells_generator - INFO - All-positive 標註完成: 15 個細胞
2026-07-26 13:10:56,877 - m3_module.m3_cells_generator - INFO - enlarge_cell_instances: 15 顆細胞, factor=1.50(面積), 中位半徑=23.6px, 外擴=5.3px
2026-07-26 13:10:56,900 - m3_module.m3_elastic_matching - INFO - elastic_dish_nucleus_matching(overlap-first): IHC=15, DISH=4, matched(1核)=3 (其中重疊=3), drop-out(競爭落敗)=1, 無候選(計入)=11, factor=1.50, min_reach=20.0
2026-07-26 13:10:57,013 - m3_module.m3_dot_detection - INFO - detect_all_dots: 紅點=1, 黑點=0, 涉及細胞=15
2026-07-26 13:10:57,103 - m4_module.cell_crops - INFO - 匯出 0 張 per-cell 影像至 /data/taro_Projects/tsgh/output/r7_run/cell_crops/tile_x3840_y8448/cells
2026-07-26 13:10:57,104 - hybrid_pipeline - INFO - Tile tile_x3840_y8448 完成: 核心擁有 0 細胞 (0 陽性), 0.90 秒
2026-07-26 13:10:57,104 - hybrid_pipeline - INFO - [274/576] 處理 tile: tile_x6912_y8448
2026-07-26 13:10:57,135 - hybrid_pipeline - INFO - Tile tile_x6144_y8448: 核心遮罩全空 → 空白 placeholder
2026-07-26 13:10:57,145 - hybrid_pipeline - INFO - [275/576] 處理 tile: tile_x9216_y8448
2026-07-26 13:10:57,170 - hybrid_pipeline - INFO - Tile tile_x6912_y8448: 核心遮罩全空 → 空白 placeholder
2026-07-26 13:10:57,184 - hybrid_pipeline - INFO - [276/576] 處理 tile: tile_x11520_y8448
2026-07-26 13:10:57,208 - hybrid_pipeline - INFO - Tile tile_x9216_y8448: 核心遮罩全空 → 空白 placeholder
2026-07-26 13:10:57,220 - hybrid_pipeline - INFO - [277/576] 處理 tile: tile_x7680_y8448
2026-07-26 13:10:57,244 - hybrid_pipeline - INFO - Tile tile_x11520_y8448: 核心遮罩全空 → 空白 placeholder
2026-07-26 13:10:57,258 - hybrid_pipeline - INFO - [278/576] 處理 tile: tile_x8448_y8448
2026-07-26 13:10:57,283 - hybrid_pipeline - INFO - Tile tile_x7680_y8448: 核心遮罩全空 → 空白 placeholder
2026-07-26 13:10:57,296 - hybrid_pipeline - INFO - [279/576] 處理 tile: tile_x9984_y8448
2026-07-26 13:10:57,320 - hybrid_pipeline - INFO - Tile tile_x8448_y8448: 核心遮罩全空 → 空白 placeholder
2026-07-26 13:10:57,331 - hybrid_pipeline - INFO - [280/576] 處理 tile: tile_x10752_y8448
2026-07-26 13:10:57,356 - hybrid_pipeline - INFO - Tile tile_x9984_y8448: 核心遮罩全空 → 空白 placeholder
2026-07-26 13:10:57,365 - hybrid_pipeline - INFO - [281/576] 處理 tile: tile_x16128_y8448
2026-07-26 13:10:57,391 - hybrid_pipeline - INFO - Tile tile_x10752_y8448: 核心遮罩全空 → 空白 placeholder
2026-07-26 13:10:57,402 - hybrid_pipeline - INFO - [282/576] 處理 tile: tile_x13056_y8448
2026-07-26 13:10:57,425 - hybrid_pipeline - INFO - Tile tile_x16128_y8448: 核心遮罩全空 → 空白 placeholder
2026-07-26 13:10:57,439 - hybrid_pipeline - INFO - [283/576] 處理 tile: tile_x14592_y8448
2026-07-26 13:10:57,470 - hybrid_pipeline - INFO - Tile tile_x13056_y8448: 核心遮罩全空 → 空白 placeholder
2026-07-26 13:10:57,478 - hybrid_pipeline - INFO - [284/576] 處理 tile: tile_x12288_y8448
2026-07-26 13:10:57,502 - hybrid_pipeline - INFO - Tile tile_x14592_y8448: 核心遮罩全空 → 空白 placeholder
2026-07-26 13:10:57,514 - hybrid_pipeline - INFO - [285/576] 處理 tile: tile_x15360_y8448
2026-07-26 13:10:57,539 - hybrid_pipeline - INFO - Tile tile_x12288_y8448: 核心遮罩全空 → 空白 placeholder
2026-07-26 13:10:57,551 - hybrid_pipeline - INFO - [286/576] 處理 tile: tile_x16896_y8448
2026-07-26 13:10:57,577 - hybrid_pipeline - INFO - Tile tile_x15360_y8448: 核心遮罩全空 → 空白 placeholder
2026-07-26 13:10:57,586 - hybrid_pipeline - INFO - [287/576] 處理 tile: tile_x17664_y8448
2026-07-26 13:10:57,611 - hybrid_pipeline - INFO - Tile tile_x16896_y8448: 核心遮罩全空 → 空白 placeholder
2026-07-26 13:10:57,623 - hybrid_pipeline - INFO - [288/576] 處理 tile: tile_x13824_y8448
2026-07-26 13:10:57,648 - hybrid_pipeline - INFO - Tile tile_x17664_y8448: 核心遮罩全空 → 空白 placeholder
2026-07-26 13:10:57,662 - hybrid_pipeline - INFO - [289/576] 處理 tile: tile_x0_y9216
2026-07-26 13:10:57,686 - hybrid_pipeline - INFO - Tile tile_x13824_y8448: 核心遮罩全空 → 空白 placeholder
2026-07-26 13:10:58,308 - hybrid_pipeline - INFO - [290/576] 處理 tile: tile_x768_y9216
2026-07-26 13:10:58,334 - m3_module.m3_cells_generator - INFO - All-positive 標註完成: 73 個細胞
2026-07-26 13:10:58,385 - m3_module.m3_cells_generator - INFO - enlarge_cell_instances: 73 顆細胞, factor=1.50(面積), 中位半徑=21.9px, 外擴=4.9px
2026-07-26 13:10:58,413 - m3_module.m3_elastic_matching - INFO - elastic_dish_nucleus_matching(overlap-first): IHC=73, DISH=34, matched(1核)=13 (其中重疊=13), drop-out(競爭落敗)=3, 無候選(計入)=57, factor=1.50, min_reach=20.0
2026-07-26 13:10:58,582 - m3_module.m3_dot_detection - INFO - detect_all_dots: 紅點=15, 黑點=27, 涉及細胞=73
2026-07-26 13:10:58,862 - m4_module.cell_crops - INFO - 匯出 61 張 per-cell 影像至 /data/taro_Projects/tsgh/output/r7_run/cell_crops/tile_x0_y9216/cells
2026-07-26 13:10:58,862 - hybrid_pipeline - INFO - Tile tile_x0_y9216 完成: 核心擁有 61 細胞 (61 陽性), 1.20 秒
2026-07-26 13:10:58,948 - hybrid_pipeline - INFO - [291/576] 處理 tile: tile_x3840_y9216
2026-07-26 13:10:58,979 - m3_module.m3_cells_generator - INFO - All-positive 標註完成: 36 個細胞
2026-07-26 13:10:59,028 - m3_module.m3_cells_generator - INFO - enlarge_cell_instances: 36 顆細胞, factor=1.50(面積), 中位半徑=23.7px, 外擴=5.3px
2026-07-26 13:10:59,052 - m3_module.m3_elastic_matching - INFO - elastic_dish_nucleus_matching(overlap-first): IHC=36, DISH=3, matched(1核)=1 (其中重疊=1), drop-out(競爭落敗)=0, 無候選(計入)=35, factor=1.50, min_reach=20.0
2026-07-26 13:10:59,149 - m3_module.m3_dot_detection - INFO - detect_all_dots: 紅點=0, 黑點=0, 涉及細胞=36
2026-07-26 13:10:59,298 - m4_module.cell_crops - INFO - 匯出 16 張 per-cell 影像至 /data/taro_Projects/tsgh/output/r7_run/cell_crops/tile_x768_y9216/cells
2026-07-26 13:10:59,298 - hybrid_pipeline - INFO - Tile tile_x768_y9216 完成: 核心擁有 16 細胞 (16 陽性), 0.99 秒
2026-07-26 13:10:59,572 - hybrid_pipeline - INFO - [292/576] 處理 tile: tile_x5376_y9216
2026-07-26 13:10:59,604 - m3_module.m3_cells_generator - INFO - All-positive 標註完成: 27 個細胞
2026-07-26 13:10:59,641 - m3_module.m3_cells_generator - INFO - enlarge_cell_instances: 27 顆細胞, factor=1.50(面積), 中位半徑=24.3px, 外擴=5.5px
2026-07-26 13:10:59,665 - m3_module.m3_elastic_matching - INFO - elastic_dish_nucleus_matching(overlap-first): IHC=27, DISH=1, matched(1核)=1 (其中重疊=1), drop-out(競爭落敗)=0, 無候選(計入)=26, factor=1.50, min_reach=20.0
2026-07-26 13:10:59,753 - m3_module.m3_dot_detection - INFO - detect_all_dots: 紅點=1, 黑點=2, 涉及細胞=27
2026-07-26 13:10:59,867 - m4_module.cell_crops - INFO - 匯出 16 張 per-cell 影像至 /data/taro_Projects/tsgh/output/r7_run/cell_crops/tile_x3840_y9216/cells
2026-07-26 13:10:59,867 - hybrid_pipeline - INFO - Tile tile_x3840_y9216 完成: 核心擁有 16 細胞 (16 陽性), 0.92 秒
2026-07-26 13:10:59,868 - hybrid_pipeline - INFO - [293/576] 處理 tile: tile_x4608_y9216
2026-07-26 13:10:59,893 - hybrid_pipeline - INFO - Tile tile_x5376_y9216: 核心遮罩全空 → 空白 placeholder
2026-07-26 13:10:59,917 - hybrid_pipeline - INFO - [294/576] 處理 tile: tile_x1536_y9216
2026-07-26 13:10:59,941 - hybrid_pipeline - INFO - Tile tile_x4608_y9216: 核心遮罩全空 → 空白 placeholder
2026-07-26 13:11:00,502 - hybrid_pipeline - INFO - [295/576] 處理 tile: tile_x2304_y9216
2026-07-26 13:11:00,538 - m3_module.m3_cells_generator - INFO - All-positive 標註完成: 55 個細胞
2026-07-26 13:11:00,591 - m3_module.m3_cells_generator - INFO - enlarge_cell_instances: 55 顆細胞, factor=1.50(面積), 中位半徑=20.7px, 外擴=4.7px
2026-07-26 13:11:00,616 - m3_module.m3_elastic_matching - INFO - elastic_dish_nucleus_matching(overlap-first): IHC=55, DISH=10, matched(1核)=6 (其中重疊=6), drop-out(競爭落敗)=5, 無候選(計入)=44, factor=1.50, min_reach=20.0
2026-07-26 13:11:00,720 - m3_module.m3_dot_detection - INFO - detect_all_dots: 紅點=6, 黑點=6, 涉及細胞=55
2026-07-26 13:11:00,902 - m4_module.cell_crops - INFO - 匯出 32 張 per-cell 影像至 /data/taro_Projects/tsgh/output/r7_run/cell_crops/tile_x1536_y9216/cells
2026-07-26 13:11:00,903 - hybrid_pipeline - INFO - Tile tile_x1536_y9216 完成: 核心擁有 32 細胞 (32 陽性), 0.99 秒
2026-07-26 13:11:01,115 - hybrid_pipeline - INFO - [296/576] 處理 tile: tile_x3072_y9216
2026-07-26 13:11:01,144 - m3_module.m3_cells_generator - INFO - All-positive 標註完成: 68 個細胞
2026-07-26 13:11:01,198 - m3_module.m3_cells_generator - INFO - enlarge_cell_instances: 68 顆細胞, factor=1.50(面積), 中位半徑=23.3px, 外擴=5.2px
2026-07-26 13:11:01,223 - m3_module.m3_elastic_matching - INFO - elastic_dish_nucleus_matching(overlap-first): IHC=68, DISH=14, matched(1核)=10 (其中重疊=10), drop-out(競爭落敗)=4, 無候選(計入)=54, factor=1.50, min_reach=20.0
2026-07-26 13:11:01,345 - m3_module.m3_dot_detection - INFO - detect_all_dots: 紅點=11, 黑點=17, 涉及細胞=68
2026-07-26 13:11:01,580 - m4_module.cell_crops - INFO - 匯出 42 張 per-cell 影像至 /data/taro_Projects/tsgh/output/r7_run/cell_crops/tile_x2304_y9216/cells
2026-07-26 13:11:01,580 - hybrid_pipeline - INFO - Tile tile_x2304_y9216 完成: 核心擁有 42 細胞 (42 陽性), 1.08 秒
2026-07-26 13:11:01,722 - hybrid_pipeline - INFO - [297/576] 處理 tile: tile_x6144_y9216
2026-07-26 13:11:01,752 - m3_module.m3_cells_generator - INFO - All-positive 標註完成: 72 個細胞
2026-07-26 13:11:01,804 - m3_module.m3_cells_generator - INFO - enlarge_cell_instances: 72 顆細胞, factor=1.50(面積), 中位半徑=23.5px, 外擴=5.3px
2026-07-26 13:11:01,828 - m3_module.m3_elastic_matching - INFO - elastic_dish_nucleus_matching(overlap-first): IHC=72, DISH=4, matched(1核)=4 (其中重疊=4), drop-out(競爭落敗)=3, 無候選(計入)=65, factor=1.50, min_reach=20.0
2026-07-26 13:11:01,923 - m3_module.m3_dot_detection - INFO - detect_all_dots: 紅點=6, 黑點=7, 涉及細胞=72
2026-07-26 13:11:02,131 - m4_module.cell_crops - INFO - 匯出 36 張 per-cell 影像至 /data/taro_Projects/tsgh/output/r7_run/cell_crops/tile_x3072_y9216/cells
2026-07-26 13:11:02,131 - hybrid_pipeline - INFO - Tile tile_x3072_y9216 完成: 核心擁有 36 細胞 (36 陽性), 1.02 秒
2026-07-26 13:11:02,132 - hybrid_pipeline - INFO - [298/576] 處理 tile: tile_x9984_y9216
2026-07-26 13:11:02,154 - hybrid_pipeline - INFO - Tile tile_x6144_y9216: 核心遮罩全空 → 空白 placeholder
2026-07-26 13:11:02,176 - hybrid_pipeline - INFO - [299/576] 處理 tile: tile_x7680_y9216
2026-07-26 13:11:02,198 - hybrid_pipeline - INFO - Tile tile_x9984_y9216: 核心遮罩全空 → 空白 placeholder
2026-07-26 13:11:02,216 - hybrid_pipeline - INFO - [300/576] 處理 tile: tile_x6912_y9216
2026-07-26 13:11:02,240 - hybrid_pipeline - INFO - Tile tile_x7680_y9216: 核心遮罩全空 → 空白 placeholder
2026-07-26 13:11:02,256 - hybrid_pipeline - INFO - [301/576] 處理 tile: tile_x10752_y9216
2026-07-26 13:11:02,280 - hybrid_pipeline - INFO - Tile tile_x6912_y9216: 核心遮罩全空 → 空白 placeholder
2026-07-26 13:11:02,294 - hybrid_pipeline - INFO - [302/576] 處理 tile: tile_x9216_y9216
2026-07-26 13:11:02,317 - hybrid_pipeline - INFO - Tile tile_x10752_y9216: 核心遮罩全空 → 空白 placeholder
2026-07-26 13:11:02,332 - hybrid_pipeline - INFO - [303/576] 處理 tile: tile_x8448_y9216
2026-07-26 13:11:02,355 - hybrid_pipeline - INFO - Tile tile_x9216_y9216: 核心遮罩全空 → 空白 placeholder
2026-07-26 13:11:02,368 - hybrid_pipeline - INFO - [304/576] 處理 tile: tile_x11520_y9216
2026-07-26 13:11:02,392 - hybrid_pipeline - INFO - Tile tile_x8448_y9216: 核心遮罩全空 → 空白 placeholder
2026-07-26 13:11:02,404 - hybrid_pipeline - INFO - [305/576] 處理 tile: tile_x12288_y9216
2026-07-26 13:11:02,427 - hybrid_pipeline - INFO - Tile tile_x11520_y9216: 核心遮罩全空 → 空白 placeholder
2026-07-26 13:11:02,442 - hybrid_pipeline - INFO - [306/576] 處理 tile: tile_x15360_y9216
2026-07-26 13:11:02,470 - hybrid_pipeline - INFO - Tile tile_x12288_y9216: 核心遮罩全空 → 空白 placeholder
2026-07-26 13:11:02,482 - hybrid_pipeline - INFO - [307/576] 處理 tile: tile_x16128_y9216
2026-07-26 13:11:02,505 - hybrid_pipeline - INFO - Tile tile_x15360_y9216: 核心遮罩全空 → 空白 placeholder
2026-07-26 13:11:02,519 - hybrid_pipeline - INFO - [308/576] 處理 tile: tile_x14592_y9216
2026-07-26 13:11:02,542 - hybrid_pipeline - INFO - Tile tile_x16128_y9216: 核心遮罩全空 → 空白 placeholder
2026-07-26 13:11:02,556 - hybrid_pipeline - INFO - [309/576] 處理 tile: tile_x17664_y9216
2026-07-26 13:11:02,579 - hybrid_pipeline - INFO - Tile tile_x14592_y9216: 核心遮罩全空 → 空白 placeholder
2026-07-26 13:11:02,592 - hybrid_pipeline - INFO - [310/576] 處理 tile: tile_x13824_y9216
2026-07-26 13:11:02,620 - hybrid_pipeline - INFO - Tile tile_x17664_y9216: 核心遮罩全空 → 空白 placeholder
2026-07-26 13:11:02,629 - hybrid_pipeline - INFO - [311/576] 處理 tile: tile_x16896_y9216
2026-07-26 13:11:02,652 - hybrid_pipeline - INFO - Tile tile_x13824_y9216: 核心遮罩全空 → 空白 placeholder
2026-07-26 13:11:02,665 - hybrid_pipeline - INFO - [312/576] 處理 tile: tile_x13056_y9216
2026-07-26 13:11:02,688 - hybrid_pipeline - INFO - Tile tile_x16896_y9216: 核心遮罩全空 → 空白 placeholder
2026-07-26 13:11:02,702 - hybrid_pipeline - INFO - [313/576] 處理 tile: tile_x0_y9984
2026-07-26 13:11:02,725 - hybrid_pipeline - INFO - Tile tile_x13056_y9216: 核心遮罩全空 → 空白 placeholder
2026-07-26 13:11:03,336 - hybrid_pipeline - INFO - [314/576] 處理 tile: tile_x2304_y9984
2026-07-26 13:11:03,370 - m3_module.m3_cells_generator - INFO - All-positive 標註完成: 137 個細胞
2026-07-26 13:11:03,429 - m3_module.m3_cells_generator - INFO - enlarge_cell_instances: 137 顆細胞, factor=1.50(面積), 中位半徑=23.6px, 外擴=5.3px
2026-07-26 13:11:03,462 - m3_module.m3_elastic_matching - INFO - elastic_dish_nucleus_matching(overlap-first): IHC=137, DISH=32, matched(1核)=15 (其中重疊=15), drop-out(競爭落敗)=2, 無候選(計入)=120, factor=1.50, min_reach=20.0
2026-07-26 13:11:03,600 - m3_module.m3_dot_detection - INFO - detect_all_dots: 紅點=15, 黑點=25, 涉及細胞=137
2026-07-26 13:11:03,965 - m4_module.cell_crops - INFO - 匯出 92 張 per-cell 影像至 /data/taro_Projects/tsgh/output/r7_run/cell_crops/tile_x0_y9984/cells
2026-07-26 13:11:03,965 - hybrid_pipeline - INFO - Tile tile_x0_y9984 完成: 核心擁有 92 細胞 (92 陽性), 1.26 秒
2026-07-26 13:11:03,965 - hybrid_pipeline - INFO - [315/576] 處理 tile: tile_x1536_y9984
2026-07-26 13:11:03,987 - m3_module.m3_cells_generator - INFO - All-positive 標註完成: 30 個細胞
2026-07-26 13:11:04,033 - m3_module.m3_cells_generator - INFO - enlarge_cell_instances: 30 顆細胞, factor=1.50(面積), 中位半徑=22.2px, 外擴=5.0px
2026-07-26 13:11:04,058 - m3_module.m3_elastic_matching - INFO - elastic_dish_nucleus_matching(overlap-first): IHC=30, DISH=14, matched(1核)=3 (其中重疊=3), drop-out(競爭落敗)=0, 無候選(計入)=27, factor=1.50, min_reach=20.0
2026-07-26 13:11:04,147 - m3_module.m3_dot_detection - INFO - detect_all_dots: 紅點=2, 黑點=4, 涉及細胞=30
2026-07-26 13:11:04,271 - m4_module.cell_crops - INFO - 匯出 12 張 per-cell 影像至 /data/taro_Projects/tsgh/output/r7_run/cell_crops/tile_x2304_y9984/cells
2026-07-26 13:11:04,271 - hybrid_pipeline - INFO - Tile tile_x2304_y9984 完成: 核心擁有 12 細胞 (12 陽性), 0.93 秒
2026-07-26 13:11:04,613 - hybrid_pipeline - INFO - [316/576] 處理 tile: tile_x768_y9984
2026-07-26 13:11:04,642 - m3_module.m3_cells_generator - INFO - All-positive 標註完成: 89 個細胞
2026-07-26 13:11:04,699 - m3_module.m3_cells_generator - INFO - enlarge_cell_instances: 89 顆細胞, factor=1.50(面積), 中位半徑=26.0px, 外擴=5.9px
2026-07-26 13:11:04,725 - m3_module.m3_elastic_matching - INFO - elastic_dish_nucleus_matching(overlap-first): IHC=89, DISH=31, matched(1核)=17 (其中重疊=15), drop-out(競爭落敗)=5, 無候選(計入)=67, factor=1.50, min_reach=20.0
2026-07-26 13:11:04,843 - m3_module.m3_dot_detection - INFO - detect_all_dots: 紅點=9, 黑點=15, 涉及細胞=89
2026-07-26 13:11:05,109 - m4_module.cell_crops - INFO - 匯出 58 張 per-cell 影像至 /data/taro_Projects/tsgh/output/r7_run/cell_crops/tile_x1536_y9984/cells
2026-07-26 13:11:05,109 - hybrid_pipeline - INFO - Tile tile_x1536_y9984 完成: 核心擁有 58 細胞 (58 陽性), 1.14 秒
2026-07-26 13:11:05,234 - hybrid_pipeline - INFO - [317/576] 處理 tile: tile_x3072_y9984
2026-07-26 13:11:05,265 - m3_module.m3_cells_generator - INFO - All-positive 標註完成: 71 個細胞
2026-07-26 13:11:05,315 - m3_module.m3_cells_generator - INFO - enlarge_cell_instances: 71 顆細胞, factor=1.50(面積), 中位半徑=23.3px, 外擴=5.2px
2026-07-26 13:11:05,340 - m3_module.m3_elastic_matching - INFO - elastic_dish_nucleus_matching(overlap-first): IHC=71, DISH=7, matched(1核)=5 (其中重疊=5), drop-out(競爭落敗)=3, 無候選(計入)=63, factor=1.50, min_reach=20.0
2026-07-26 13:11:05,437 - m3_module.m3_dot_detection - INFO - detect_all_dots: 紅點=3, 黑點=2, 涉及細胞=71
2026-07-26 13:11:05,479 - cellpose.dynamics - INFO - No cell pixels found.
2026-07-26 13:11:05,625 - m4_module.cell_crops - INFO - 匯出 36 張 per-cell 影像至 /data/taro_Projects/tsgh/output/r7_run/cell_crops/tile_x768_y9984/cells
2026-07-26 13:11:05,625 - hybrid_pipeline - INFO - Tile tile_x768_y9984 完成: 核心擁有 36 細胞 (36 陽性), 1.01 秒
2026-07-26 13:11:05,791 - hybrid_pipeline - INFO - [318/576] 處理 tile: tile_x3840_y9984
2026-07-26 13:11:05,803 - m3_module.m3_cells_generator - INFO - All-positive 標註完成: 0 個細胞
2026-07-26 13:11:05,891 - m3_module.m3_dot_detection - INFO - detect_all_dots: 紅點=0, 黑點=0, 涉及細胞=0
2026-07-26 13:11:05,919 - m4_module.cell_crops - INFO - 匯出 0 張 per-cell 影像至 /data/taro_Projects/tsgh/output/r7_run/cell_crops/tile_x3072_y9984/cells
2026-07-26 13:11:05,919 - hybrid_pipeline - INFO - Tile tile_x3072_y9984 完成: 核心擁有 0 細胞 (0 陽性), 0.68 秒
2026-07-26 13:11:05,919 - hybrid_pipeline - INFO - [319/576] 處理 tile: tile_x4608_y9984
2026-07-26 13:11:05,945 - hybrid_pipeline - INFO - Tile tile_x3840_y9984: 核心遮罩全空 → 空白 placeholder
2026-07-26 13:11:05,973 - hybrid_pipeline - INFO - [320/576] 處理 tile: tile_x5376_y9984
2026-07-26 13:11:05,997 - hybrid_pipeline - INFO - Tile tile_x4608_y9984: 核心遮罩全空 → 空白 placeholder
2026-07-26 13:11:06,013 - hybrid_pipeline - INFO - [321/576] 處理 tile: tile_x6144_y9984
2026-07-26 13:11:06,037 - hybrid_pipeline - INFO - Tile tile_x5376_y9984: 核心遮罩全空 → 空白 placeholder
2026-07-26 13:11:06,050 - hybrid_pipeline - INFO - [322/576] 處理 tile: tile_x6912_y9984
2026-07-26 13:11:06,073 - hybrid_pipeline - INFO - Tile tile_x6144_y9984: 核心遮罩全空 → 空白 placeholder
2026-07-26 13:11:06,087 - hybrid_pipeline - INFO - [323/576] 處理 tile: tile_x9984_y9984
2026-07-26 13:11:06,111 - hybrid_pipeline - INFO - Tile tile_x6912_y9984: 核心遮罩全空 → 空白 placeholder
2026-07-26 13:11:06,125 - hybrid_pipeline - INFO - [324/576] 處理 tile: tile_x10752_y9984
2026-07-26 13:11:06,151 - hybrid_pipeline - INFO - Tile tile_x9984_y9984: 核心遮罩全空 → 空白 placeholder
2026-07-26 13:11:06,164 - hybrid_pipeline - INFO - [325/576] 處理 tile: tile_x8448_y9984
2026-07-26 13:11:06,187 - hybrid_pipeline - INFO - Tile tile_x10752_y9984: 核心遮罩全空 → 空白 placeholder
2026-07-26 13:11:06,202 - hybrid_pipeline - INFO - [326/576] 處理 tile: tile_x7680_y9984
2026-07-26 13:11:06,225 - hybrid_pipeline - INFO - Tile tile_x8448_y9984: 核心遮罩全空 → 空白 placeholder
2026-07-26 13:11:06,245 - hybrid_pipeline - INFO - [327/576] 處理 tile: tile_x9216_y9984
2026-07-26 13:11:06,270 - hybrid_pipeline - INFO - Tile tile_x7680_y9984: 核心遮罩全空 → 空白 placeholder
2026-07-26 13:11:06,286 - hybrid_pipeline - INFO - [328/576] 處理 tile: tile_x11520_y9984
2026-07-26 13:11:06,310 - hybrid_pipeline - INFO - Tile tile_x9216_y9984: 核心遮罩全空 → 空白 placeholder
2026-07-26 13:11:06,324 - hybrid_pipeline - INFO - [329/576] 處理 tile: tile_x12288_y9984
2026-07-26 13:11:06,348 - hybrid_pipeline - INFO - Tile tile_x11520_y9984: 核心遮罩全空 → 空白 placeholder
2026-07-26 13:11:06,360 - hybrid_pipeline - INFO - [330/576] 處理 tile: tile_x13824_y9984
2026-07-26 13:11:06,383 - hybrid_pipeline - INFO - Tile tile_x12288_y9984: 核心遮罩全空 → 空白 placeholder
2026-07-26 13:11:06,397 - hybrid_pipeline - INFO - [331/576] 處理 tile: tile_x16128_y9984
2026-07-26 13:11:06,423 - hybrid_pipeline - INFO - Tile tile_x13824_y9984: 核心遮罩全空 → 空白 placeholder
2026-07-26 13:11:06,436 - hybrid_pipeline - INFO - [332/576] 處理 tile: tile_x15360_y9984
2026-07-26 13:11:06,466 - hybrid_pipeline - INFO - Tile tile_x16128_y9984: 核心遮罩全空 → 空白 placeholder
2026-07-26 13:11:06,475 - hybrid_pipeline - INFO - [333/576] 處理 tile: tile_x13056_y9984
2026-07-26 13:11:06,499 - hybrid_pipeline - INFO - Tile tile_x15360_y9984: 核心遮罩全空 → 空白 placeholder
2026-07-26 13:11:06,512 - hybrid_pipeline - INFO - [334/576] 處理 tile: tile_x16896_y9984
2026-07-26 13:11:06,535 - hybrid_pipeline - INFO - Tile tile_x13056_y9984: 核心遮罩全空 → 空白 placeholder
2026-07-26 13:11:06,548 - hybrid_pipeline - INFO - [335/576] 處理 tile: tile_x14592_y9984
2026-07-26 13:11:06,572 - hybrid_pipeline - INFO - Tile tile_x16896_y9984: 核心遮罩全空 → 空白 placeholder
2026-07-26 13:11:06,584 - hybrid_pipeline - INFO - [336/576] 處理 tile: tile_x17664_y9984
2026-07-26 13:11:06,609 - hybrid_pipeline - INFO - Tile tile_x14592_y9984: 核心遮罩全空 → 空白 placeholder
2026-07-26 13:11:06,621 - hybrid_pipeline - INFO - [337/576] 處理 tile: tile_x0_y10752
2026-07-26 13:11:06,649 - hybrid_pipeline - INFO - Tile tile_x17664_y9984: 核心遮罩全空 → 空白 placeholder
2026-07-26 13:11:07,262 - hybrid_pipeline - INFO - [338/576] 處理 tile: tile_x768_y10752
2026-07-26 13:11:07,291 - m3_module.m3_cells_generator - INFO - All-positive 標註完成: 131 個細胞
2026-07-26 13:11:07,349 - m3_module.m3_cells_generator - INFO - enlarge_cell_instances: 131 顆細胞, factor=1.50(面積), 中位半徑=22.7px, 外擴=5.1px
2026-07-26 13:11:07,384 - m3_module.m3_elastic_matching - INFO - elastic_dish_nucleus_matching(overlap-first): IHC=131, DISH=30, matched(1核)=23 (其中重疊=23), drop-out(競爭落敗)=9, 無候選(計入)=99, factor=1.50, min_reach=20.0
2026-07-26 13:11:07,607 - m3_module.m3_dot_detection - INFO - detect_all_dots: 紅點=41, 黑點=66, 涉及細胞=131
2026-07-26 13:11:07,928 - m4_module.cell_crops - INFO - 匯出 80 張 per-cell 影像至 /data/taro_Projects/tsgh/output/r7_run/cell_crops/tile_x0_y10752/cells
2026-07-26 13:11:07,929 - hybrid_pipeline - INFO - Tile tile_x0_y10752 完成: 核心擁有 80 細胞 (80 陽性), 1.31 秒
2026-07-26 13:11:07,956 - hybrid_pipeline - INFO - [339/576] 處理 tile: tile_x2304_y10752
2026-07-26 13:11:07,979 - m3_module.m3_cells_generator - INFO - All-positive 標註完成: 121 個細胞
2026-07-26 13:11:08,038 - m3_module.m3_cells_generator - INFO - enlarge_cell_instances: 121 顆細胞, factor=1.50(面積), 中位半徑=21.1px, 外擴=4.8px
2026-07-26 13:11:08,065 - m3_module.m3_elastic_matching - INFO - elastic_dish_nucleus_matching(overlap-first): IHC=121, DISH=25, matched(1核)=20 (其中重疊=19), drop-out(競爭落敗)=5, 無候選(計入)=96, factor=1.50, min_reach=20.0
2026-07-26 13:11:08,235 - m3_module.m3_dot_detection - INFO - detect_all_dots: 紅點=26, 黑點=39, 涉及細胞=121
2026-07-26 13:11:08,486 - m4_module.cell_crops - INFO - 匯出 52 張 per-cell 影像至 /data/taro_Projects/tsgh/output/r7_run/cell_crops/tile_x768_y10752/cells
2026-07-26 13:11:08,486 - hybrid_pipeline - INFO - Tile tile_x768_y10752 完成: 核心擁有 52 細胞 (52 陽性), 1.22 秒
2026-07-26 13:11:08,574 - hybrid_pipeline - INFO - [340/576] 處理 tile: tile_x1536_y10752
2026-07-26 13:11:08,603 - m3_module.m3_cells_generator - INFO - All-positive 標註完成: 4 個細胞
2026-07-26 13:11:08,633 - m3_module.m3_cells_generator - INFO - enlarge_cell_instances: 4 顆細胞, factor=1.50(面積), 中位半徑=29.5px, 外擴=6.6px
2026-07-26 13:11:08,657 - m3_module.m3_elastic_matching - INFO - elastic_dish_nucleus_matching(overlap-first): IHC=4, DISH=1, matched(1核)=1 (其中重疊=1), drop-out(競爭落敗)=0, 無候選(計入)=3, factor=1.50, min_reach=20.0
2026-07-26 13:11:08,747 - m3_module.m3_dot_detection - INFO - detect_all_dots: 紅點=0, 黑點=1, 涉及細胞=4
2026-07-26 13:11:08,814 - m4_module.cell_crops - INFO - 匯出 1 張 per-cell 影像至 /data/taro_Projects/tsgh/output/r7_run/cell_crops/tile_x2304_y10752/cells
2026-07-26 13:11:08,814 - hybrid_pipeline - INFO - Tile tile_x2304_y10752 完成: 核心擁有 1 細胞 (1 陽性), 0.86 秒
2026-07-26 13:11:09,202 - hybrid_pipeline - INFO - [341/576] 處理 tile: tile_x3072_y10752
2026-07-26 13:11:09,233 - m3_module.m3_cells_generator - INFO - All-positive 標註完成: 109 個細胞
2026-07-26 13:11:09,287 - m3_module.m3_cells_generator - INFO - enlarge_cell_instances: 109 顆細胞, factor=1.50(面積), 中位半徑=21.6px, 外擴=4.9px
2026-07-26 13:11:09,312 - m3_module.m3_elastic_matching - INFO - elastic_dish_nucleus_matching(overlap-first): IHC=109, DISH=33, matched(1核)=25 (其中重疊=25), drop-out(競爭落敗)=6, 無候選(計入)=78, factor=1.50, min_reach=20.0
2026-07-26 13:11:09,474 - m3_module.m3_dot_detection - INFO - detect_all_dots: 紅點=29, 黑點=44, 涉及細胞=109
2026-07-26 13:11:09,704 - m4_module.cell_crops - INFO - 匯出 67 張 per-cell 影像至 /data/taro_Projects/tsgh/output/r7_run/cell_crops/tile_x1536_y10752/cells
2026-07-26 13:11:09,704 - hybrid_pipeline - INFO - Tile tile_x1536_y10752 完成: 核心擁有 67 細胞 (67 陽性), 1.13 秒
2026-07-26 13:11:09,704 - hybrid_pipeline - INFO - [342/576] 處理 tile: tile_x5376_y10752
2026-07-26 13:11:09,727 - hybrid_pipeline - INFO - Tile tile_x3072_y10752: 核心遮罩全空 → 空白 placeholder
2026-07-26 13:11:10,280 - hybrid_pipeline - INFO - [343/576] 處理 tile: tile_x3840_y10752
2026-07-26 13:11:10,311 - m3_module.m3_cells_generator - INFO - All-positive 標註完成: 23 個細胞
2026-07-26 13:11:10,356 - m3_module.m3_cells_generator - INFO - enlarge_cell_instances: 23 顆細胞, factor=1.50(面積), 中位半徑=19.5px, 外擴=4.4px
2026-07-26 13:11:10,384 - m3_module.m3_elastic_matching - INFO - elastic_dish_nucleus_matching(overlap-first): IHC=23, DISH=15, matched(1核)=10 (其中重疊=9), drop-out(競爭落敗)=1, 無候選(計入)=12, factor=1.50, min_reach=20.0
2026-07-26 13:11:10,496 - m3_module.m3_dot_detection - INFO - detect_all_dots: 紅點=12, 黑點=14, 涉及細胞=23
2026-07-26 13:11:10,526 - cellpose.dynamics - INFO - No cell pixels found.
2026-07-26 13:11:10,603 - m4_module.cell_crops - INFO - 匯出 1 張 per-cell 影像至 /data/taro_Projects/tsgh/output/r7_run/cell_crops/tile_x5376_y10752/cells
2026-07-26 13:11:10,603 - hybrid_pipeline - INFO - Tile tile_x5376_y10752 完成: 核心擁有 1 細胞 (1 陽性), 0.90 秒
2026-07-26 13:11:10,829 - hybrid_pipeline - INFO - [344/576] 處理 tile: tile_x4608_y10752
2026-07-26 13:11:10,841 - m3_module.m3_cells_generator - INFO - All-positive 標註完成: 0 個細胞
2026-07-26 13:11:10,944 - m3_module.m3_dot_detection - INFO - detect_all_dots: 紅點=0, 黑點=0, 涉及細胞=0
2026-07-26 13:11:10,974 - m4_module.cell_crops - INFO - 匯出 0 張 per-cell 影像至 /data/taro_Projects/tsgh/output/r7_run/cell_crops/tile_x3840_y10752/cells
2026-07-26 13:11:10,974 - hybrid_pipeline - INFO - Tile tile_x3840_y10752 完成: 核心擁有 0 細胞 (0 陽性), 0.69 秒
2026-07-26 13:11:11,439 - hybrid_pipeline - INFO - [345/576] 處理 tile: tile_x6912_y10752
2026-07-26 13:11:11,468 - m3_module.m3_cells_generator - INFO - All-positive 標註完成: 15 個細胞
2026-07-26 13:11:11,505 - m3_module.m3_cells_generator - INFO - enlarge_cell_instances: 15 顆細胞, factor=1.50(面積), 中位半徑=20.2px, 外擴=4.5px
2026-07-26 13:11:11,527 - m3_module.m3_elastic_matching - INFO - elastic_dish_nucleus_matching(overlap-first): IHC=15, DISH=7, matched(1核)=5 (其中重疊=5), drop-out(競爭落敗)=0, 無候選(計入)=10, factor=1.50, min_reach=20.0
2026-07-26 13:11:11,618 - m3_module.m3_dot_detection - INFO - detect_all_dots: 紅點=6, 黑點=5, 涉及細胞=15
2026-07-26 13:11:11,709 - m4_module.cell_crops - INFO - 匯出 3 張 per-cell 影像至 /data/taro_Projects/tsgh/output/r7_run/cell_crops/tile_x4608_y10752/cells
2026-07-26 13:11:11,709 - hybrid_pipeline - INFO - Tile tile_x4608_y10752 完成: 核心擁有 3 細胞 (3 陽性), 0.88 秒
2026-07-26 13:11:11,710 - hybrid_pipeline - INFO - [346/576] 處理 tile: tile_x7680_y10752
2026-07-26 13:11:11,736 - hybrid_pipeline - INFO - Tile tile_x6912_y10752: 核心遮罩全空 → 空白 placeholder
2026-07-26 13:11:11,756 - hybrid_pipeline - INFO - [347/576] 處理 tile: tile_x6144_y10752
2026-07-26 13:11:11,780 - hybrid_pipeline - INFO - Tile tile_x7680_y10752: 核心遮罩全空 → 空白 placeholder
2026-07-26 13:11:12,309 - hybrid_pipeline - INFO - [348/576] 處理 tile: tile_x9216_y10752
2026-07-26 13:11:12,343 - m3_module.m3_cells_generator - INFO - All-positive 標註完成: 6 個細胞
2026-07-26 13:11:12,370 - m3_module.m3_cells_generator - INFO - enlarge_cell_instances: 6 顆細胞, factor=1.50(面積), 中位半徑=12.7px, 外擴=2.8px
2026-07-26 13:11:12,392 - m3_module.m3_elastic_matching - INFO - elastic_dish_nucleus_matching(overlap-first): IHC=6, DISH=1, matched(1核)=1 (其中重疊=1), drop-out(競爭落敗)=1, 無候選(計入)=4, factor=1.50, min_reach=20.0
2026-07-26 13:11:12,477 - m3_module.m3_dot_detection - INFO - detect_all_dots: 紅點=0, 黑點=0, 涉及細胞=6
2026-07-26 13:11:12,528 - m4_module.cell_crops - INFO - 匯出 0 張 per-cell 影像至 /data/taro_Projects/tsgh/output/r7_run/cell_crops/tile_x6144_y10752/cells
2026-07-26 13:11:12,528 - hybrid_pipeline - INFO - Tile tile_x6144_y10752 完成: 核心擁有 0 細胞 (0 陽性), 0.77 秒
2026-07-26 13:11:12,528 - hybrid_pipeline - INFO - [349/576] 處理 tile: tile_x9984_y10752
2026-07-26 13:11:12,560 - hybrid_pipeline - INFO - Tile tile_x9216_y10752: 核心遮罩全空 → 空白 placeholder
2026-07-26 13:11:12,569 - hybrid_pipeline - INFO - [350/576] 處理 tile: tile_x8448_y10752
2026-07-26 13:11:12,595 - hybrid_pipeline - INFO - Tile tile_x9984_y10752: 核心遮罩全空 → 空白 placeholder
2026-07-26 13:11:12,611 - hybrid_pipeline - INFO - [351/576] 處理 tile: tile_x11520_y10752
2026-07-26 13:11:12,634 - hybrid_pipeline - INFO - Tile tile_x8448_y10752: 核心遮罩全空 → 空白 placeholder
2026-07-26 13:11:12,650 - hybrid_pipeline - INFO - [352/576] 處理 tile: tile_x10752_y10752
2026-07-26 13:11:12,678 - hybrid_pipeline - INFO - Tile tile_x11520_y10752: 核心遮罩全空 → 空白 placeholder
2026-07-26 13:11:12,689 - hybrid_pipeline - INFO - [353/576] 處理 tile: tile_x12288_y10752
2026-07-26 13:11:12,712 - hybrid_pipeline - INFO - Tile tile_x10752_y10752: 核心遮罩全空 → 空白 placeholder
2026-07-26 13:11:12,727 - hybrid_pipeline - INFO - [354/576] 處理 tile: tile_x13056_y10752
2026-07-26 13:11:12,751 - hybrid_pipeline - INFO - Tile tile_x12288_y10752: 核心遮罩全空 → 空白 placeholder
2026-07-26 13:11:12,765 - hybrid_pipeline - INFO - [355/576] 處理 tile: tile_x14592_y10752
2026-07-26 13:11:12,791 - hybrid_pipeline - INFO - Tile tile_x13056_y10752: 核心遮罩全空 → 空白 placeholder
2026-07-26 13:11:12,806 - hybrid_pipeline - INFO - [356/576] 處理 tile: tile_x13824_y10752
2026-07-26 13:11:12,832 - hybrid_pipeline - INFO - Tile tile_x14592_y10752: 核心遮罩全空 → 空白 placeholder
2026-07-26 13:11:12,844 - hybrid_pipeline - INFO - [357/576] 處理 tile: tile_x16896_y10752
2026-07-26 13:11:12,872 - hybrid_pipeline - INFO - Tile tile_x13824_y10752: 核心遮罩全空 → 空白 placeholder
2026-07-26 13:11:12,882 - hybrid_pipeline - INFO - [358/576] 處理 tile: tile_x15360_y10752
2026-07-26 13:11:12,907 - hybrid_pipeline - INFO - Tile tile_x16896_y10752: 核心遮罩全空 → 空白 placeholder
2026-07-26 13:11:12,920 - hybrid_pipeline - INFO - [359/576] 處理 tile: tile_x17664_y10752
2026-07-26 13:11:12,943 - hybrid_pipeline - INFO - Tile tile_x15360_y10752: 核心遮罩全空 → 空白 placeholder
2026-07-26 13:11:12,957 - hybrid_pipeline - INFO - [360/576] 處理 tile: tile_x16128_y10752
2026-07-26 13:11:12,980 - hybrid_pipeline - INFO - Tile tile_x17664_y10752: 核心遮罩全空 → 空白 placeholder
2026-07-26 13:11:12,994 - hybrid_pipeline - INFO - [361/576] 處理 tile: tile_x0_y11520
2026-07-26 13:11:13,017 - hybrid_pipeline - INFO - Tile tile_x16128_y10752: 核心遮罩全空 → 空白 placeholder
2026-07-26 13:11:13,640 - hybrid_pipeline - INFO - [362/576] 處理 tile: tile_x768_y11520
2026-07-26 13:11:13,671 - m3_module.m3_cells_generator - INFO - All-positive 標註完成: 134 個細胞
2026-07-26 13:11:13,731 - m3_module.m3_cells_generator - INFO - enlarge_cell_instances: 134 顆細胞, factor=1.50(面積), 中位半徑=24.7px, 外擴=5.6px
2026-07-26 13:11:13,758 - m3_module.m3_elastic_matching - INFO - elastic_dish_nucleus_matching(overlap-first): IHC=134, DISH=10, matched(1核)=9 (其中重疊=9), drop-out(競爭落敗)=2, 無候選(計入)=123, factor=1.50, min_reach=20.0
2026-07-26 13:11:13,872 - m3_module.m3_dot_detection - INFO - detect_all_dots: 紅點=8, 黑點=11, 涉及細胞=134
2026-07-26 13:11:14,192 - m4_module.cell_crops - INFO - 匯出 81 張 per-cell 影像至 /data/taro_Projects/tsgh/output/r7_run/cell_crops/tile_x0_y11520/cells
2026-07-26 13:11:14,192 - hybrid_pipeline - INFO - Tile tile_x0_y11520 完成: 核心擁有 81 細胞 (81 陽性), 1.20 秒
2026-07-26 13:11:14,342 - hybrid_pipeline - INFO - [363/576] 處理 tile: tile_x1536_y11520
2026-07-26 13:11:14,372 - m3_module.m3_cells_generator - INFO - All-positive 標註完成: 157 個細胞
2026-07-26 13:11:14,431 - m3_module.m3_cells_generator - INFO - enlarge_cell_instances: 157 顆細胞, factor=1.50(面積), 中位半徑=25.1px, 外擴=5.6px
2026-07-26 13:11:14,457 - m3_module.m3_elastic_matching - INFO - elastic_dish_nucleus_matching(overlap-first): IHC=157, DISH=28, matched(1核)=20 (其中重疊=20), drop-out(競爭落敗)=6, 無候選(計入)=131, factor=1.50, min_reach=20.0
2026-07-26 13:11:14,607 - m3_module.m3_dot_detection - INFO - detect_all_dots: 紅點=28, 黑點=43, 涉及細胞=157
2026-07-26 13:11:14,985 - m4_module.cell_crops - INFO - 匯出 84 張 per-cell 影像至 /data/taro_Projects/tsgh/output/r7_run/cell_crops/tile_x768_y11520/cells
2026-07-26 13:11:14,985 - hybrid_pipeline - INFO - Tile tile_x768_y11520 完成: 核心擁有 84 細胞 (84 陽性), 1.34 秒
2026-07-26 13:11:14,999 - hybrid_pipeline - INFO - [364/576] 處理 tile: tile_x2304_y11520
2026-07-26 13:11:15,022 - m3_module.m3_cells_generator - INFO - All-positive 標註完成: 108 個細胞
2026-07-26 13:11:15,080 - m3_module.m3_cells_generator - INFO - enlarge_cell_instances: 108 顆細胞, factor=1.50(面積), 中位半徑=23.2px, 外擴=5.2px
2026-07-26 13:11:15,107 - m3_module.m3_elastic_matching - INFO - elastic_dish_nucleus_matching(overlap-first): IHC=108, DISH=25, matched(1核)=24 (其中重疊=24), drop-out(競爭落敗)=4, 無候選(計入)=80, factor=1.50, min_reach=20.0
2026-07-26 13:11:15,246 - m3_module.m3_dot_detection - INFO - detect_all_dots: 紅點=20, 黑點=32, 涉及細胞=108
2026-07-26 13:11:15,495 - m4_module.cell_crops - INFO - 匯出 54 張 per-cell 影像至 /data/taro_Projects/tsgh/output/r7_run/cell_crops/tile_x1536_y11520/cells
2026-07-26 13:11:15,495 - hybrid_pipeline - INFO - Tile tile_x1536_y11520 完成: 核心擁有 54 細胞 (54 陽性), 1.15 秒
2026-07-26 13:11:15,640 - hybrid_pipeline - INFO - [365/576] 處理 tile: tile_x4608_y11520
2026-07-26 13:11:15,671 - m3_module.m3_cells_generator - INFO - All-positive 標註完成: 64 個細胞
2026-07-26 13:11:15,723 - m3_module.m3_cells_generator - INFO - enlarge_cell_instances: 64 顆細胞, factor=1.50(面積), 中位半徑=20.5px, 外擴=4.6px
2026-07-26 13:11:15,747 - m3_module.m3_elastic_matching - INFO - elastic_dish_nucleus_matching(overlap-first): IHC=64, DISH=14, matched(1核)=10 (其中重疊=10), drop-out(競爭落敗)=5, 無候選(計入)=49, factor=1.50, min_reach=20.0
2026-07-26 13:11:15,862 - m3_module.m3_dot_detection - INFO - detect_all_dots: 紅點=6, 黑點=13, 涉及細胞=64
2026-07-26 13:11:16,053 - m4_module.cell_crops - INFO - 匯出 23 張 per-cell 影像至 /data/taro_Projects/tsgh/output/r7_run/cell_crops/tile_x2304_y11520/cells
2026-07-26 13:11:16,053 - hybrid_pipeline - INFO - Tile tile_x2304_y11520 完成: 核心擁有 23 細胞 (23 陽性), 1.05 秒
2026-07-26 13:11:16,261 - hybrid_pipeline - INFO - [366/576] 處理 tile: tile_x3072_y11520
2026-07-26 13:11:16,290 - m3_module.m3_cells_generator - INFO - All-positive 標註完成: 77 個細胞
2026-07-26 13:11:16,342 - m3_module.m3_cells_generator - INFO - enlarge_cell_instances: 77 顆細胞, factor=1.50(面積), 中位半徑=17.4px, 外擴=3.9px
2026-07-26 13:11:16,367 - m3_module.m3_elastic_matching - INFO - elastic_dish_nucleus_matching(overlap-first): IHC=77, DISH=14, matched(1核)=11 (其中重疊=11), drop-out(競爭落敗)=4, 無候選(計入)=62, factor=1.50, min_reach=20.0
2026-07-26 13:11:16,483 - m3_module.m3_dot_detection - INFO - detect_all_dots: 紅點=15, 黑點=14, 涉及細胞=77
2026-07-26 13:11:16,671 - m4_module.cell_crops - INFO - 匯出 35 張 per-cell 影像至 /data/taro_Projects/tsgh/output/r7_run/cell_crops/tile_x4608_y11520/cells
2026-07-26 13:11:16,671 - hybrid_pipeline - INFO - Tile tile_x4608_y11520 完成: 核心擁有 35 細胞 (35 陽性), 1.03 秒
2026-07-26 13:11:16,893 - hybrid_pipeline - INFO - [367/576] 處理 tile: tile_x3840_y11520
2026-07-26 13:11:16,922 - m3_module.m3_cells_generator - INFO - All-positive 標註完成: 111 個細胞
2026-07-26 13:11:16,980 - m3_module.m3_cells_generator - INFO - enlarge_cell_instances: 111 顆細胞, factor=1.50(面積), 中位半徑=21.5px, 外擴=4.8px
2026-07-26 13:11:17,007 - m3_module.m3_elastic_matching - INFO - elastic_dish_nucleus_matching(overlap-first): IHC=111, DISH=37, matched(1核)=30 (其中重疊=30), drop-out(競爭落敗)=15, 無候選(計入)=66, factor=1.50, min_reach=20.0
2026-07-26 13:11:17,197 - m3_module.m3_dot_detection - INFO - detect_all_dots: 紅點=34, 黑點=42, 涉及細胞=111
2026-07-26 13:11:17,463 - m4_module.cell_crops - INFO - 匯出 72 張 per-cell 影像至 /data/taro_Projects/tsgh/output/r7_run/cell_crops/tile_x3072_y11520/cells
2026-07-26 13:11:17,463 - hybrid_pipeline - INFO - Tile tile_x3072_y11520 完成: 核心擁有 72 細胞 (72 陽性), 1.20 秒
2026-07-26 13:11:17,558 - hybrid_pipeline - INFO - [368/576] 處理 tile: tile_x5376_y11520
2026-07-26 13:11:17,587 - m3_module.m3_cells_generator - INFO - All-positive 標註完成: 83 個細胞
2026-07-26 13:11:17,641 - m3_module.m3_cells_generator - INFO - enlarge_cell_instances: 83 顆細胞, factor=1.50(面積), 中位半徑=20.8px, 外擴=4.7px
2026-07-26 13:11:17,666 - m3_module.m3_elastic_matching - INFO - elastic_dish_nucleus_matching(overlap-first): IHC=83, DISH=26, matched(1核)=17 (其中重疊=17), drop-out(競爭落敗)=8, 無候選(計入)=58, factor=1.50, min_reach=20.0
2026-07-26 13:11:17,823 - m3_module.m3_dot_detection - INFO - detect_all_dots: 紅點=23, 黑點=24, 涉及細胞=83
2026-07-26 13:11:18,030 - m4_module.cell_crops - INFO - 匯出 48 張 per-cell 影像至 /data/taro_Projects/tsgh/output/r7_run/cell_crops/tile_x3840_y11520/cells
2026-07-26 13:11:18,030 - hybrid_pipeline - INFO - Tile tile_x3840_y11520 完成: 核心擁有 48 細胞 (48 陽性), 1.14 秒
2026-07-26 13:11:18,201 - hybrid_pipeline - INFO - [369/576] 處理 tile: tile_x6144_y11520
2026-07-26 13:11:18,232 - m3_module.m3_cells_generator - INFO - All-positive 標註完成: 102 個細胞
2026-07-26 13:11:18,292 - m3_module.m3_cells_generator - INFO - enlarge_cell_instances: 102 顆細胞, factor=1.50(面積), 中位半徑=22.9px, 外擴=5.2px
2026-07-26 13:11:18,319 - m3_module.m3_elastic_matching - INFO - elastic_dish_nucleus_matching(overlap-first): IHC=102, DISH=61, matched(1核)=43 (其中重疊=43), drop-out(競爭落敗)=7, 無候選(計入)=52, factor=1.50, min_reach=20.0
2026-07-26 13:11:18,515 - m3_module.m3_dot_detection - INFO - detect_all_dots: 紅點=35, 黑點=52, 涉及細胞=102
2026-07-26 13:11:18,833 - m4_module.cell_crops - INFO - 匯出 76 張 per-cell 影像至 /data/taro_Projects/tsgh/output/r7_run/cell_crops/tile_x5376_y11520/cells
2026-07-26 13:11:18,833 - hybrid_pipeline - INFO - Tile tile_x5376_y11520 完成: 核心擁有 76 細胞 (76 陽性), 1.27 秒
2026-07-26 13:11:18,862 - hybrid_pipeline - INFO - [370/576] 處理 tile: tile_x6912_y11520
2026-07-26 13:11:18,885 - m3_module.m3_cells_generator - INFO - All-positive 標註完成: 38 個細胞
2026-07-26 13:11:18,922 - m3_module.m3_cells_generator - INFO - enlarge_cell_instances: 38 顆細胞, factor=1.50(面積), 中位半徑=21.9px, 外擴=4.9px
2026-07-26 13:11:18,944 - m3_module.m3_elastic_matching - INFO - elastic_dish_nucleus_matching(overlap-first): IHC=38, DISH=6, matched(1核)=5 (其中重疊=5), drop-out(競爭落敗)=3, 無候選(計入)=30, factor=1.50, min_reach=20.0
2026-07-26 13:11:19,036 - m3_module.m3_dot_detection - INFO - detect_all_dots: 紅點=5, 黑點=6, 涉及細胞=38
2026-07-26 13:11:19,143 - m4_module.cell_crops - INFO - 匯出 18 張 per-cell 影像至 /data/taro_Projects/tsgh/output/r7_run/cell_crops/tile_x6144_y11520/cells
2026-07-26 13:11:19,144 - hybrid_pipeline - INFO - Tile tile_x6144_y11520 完成: 核心擁有 18 細胞 (18 陽性), 0.94 秒
2026-07-26 13:11:19,144 - hybrid_pipeline - INFO - [371/576] 處理 tile: tile_x7680_y11520
2026-07-26 13:11:19,167 - hybrid_pipeline - INFO - Tile tile_x6912_y11520: 核心遮罩全空 → 空白 placeholder
2026-07-26 13:11:19,190 - hybrid_pipeline - INFO - [372/576] 處理 tile: tile_x8448_y11520
2026-07-26 13:11:19,214 - hybrid_pipeline - INFO - Tile tile_x7680_y11520: 核心遮罩全空 → 空白 placeholder
2026-07-26 13:11:19,235 - hybrid_pipeline - INFO - [373/576] 處理 tile: tile_x9216_y11520
2026-07-26 13:11:19,258 - hybrid_pipeline - INFO - Tile tile_x8448_y11520: 核心遮罩全空 → 空白 placeholder
2026-07-26 13:11:19,277 - hybrid_pipeline - INFO - [374/576] 處理 tile: tile_x11520_y11520
2026-07-26 13:11:19,301 - hybrid_pipeline - INFO - Tile tile_x9216_y11520: 核心遮罩全空 → 空白 placeholder
2026-07-26 13:11:19,318 - hybrid_pipeline - INFO - [375/576] 處理 tile: tile_x9984_y11520
2026-07-26 13:11:19,342 - hybrid_pipeline - INFO - Tile tile_x11520_y11520: 核心遮罩全空 → 空白 placeholder
2026-07-26 13:11:19,357 - hybrid_pipeline - INFO - [376/576] 處理 tile: tile_x10752_y11520
2026-07-26 13:11:19,380 - hybrid_pipeline - INFO - Tile tile_x9984_y11520: 核心遮罩全空 → 空白 placeholder
2026-07-26 13:11:19,396 - hybrid_pipeline - INFO - [377/576] 處理 tile: tile_x12288_y11520
2026-07-26 13:11:19,419 - hybrid_pipeline - INFO - Tile tile_x10752_y11520: 核心遮罩全空 → 空白 placeholder
2026-07-26 13:11:19,431 - hybrid_pipeline - INFO - [378/576] 處理 tile: tile_x13056_y11520
2026-07-26 13:11:19,453 - hybrid_pipeline - INFO - Tile tile_x12288_y11520: 核心遮罩全空 → 空白 placeholder
2026-07-26 13:11:19,468 - hybrid_pipeline - INFO - [379/576] 處理 tile: tile_x13824_y11520
2026-07-26 13:11:19,495 - hybrid_pipeline - INFO - Tile tile_x13056_y11520: 核心遮罩全空 → 空白 placeholder
2026-07-26 13:11:19,505 - hybrid_pipeline - INFO - [380/576] 處理 tile: tile_x14592_y11520
2026-07-26 13:11:19,528 - hybrid_pipeline - INFO - Tile tile_x13824_y11520: 核心遮罩全空 → 空白 placeholder
2026-07-26 13:11:19,544 - hybrid_pipeline - INFO - [381/576] 處理 tile: tile_x15360_y11520
2026-07-26 13:11:19,567 - hybrid_pipeline - INFO - Tile tile_x14592_y11520: 核心遮罩全空 → 空白 placeholder
2026-07-26 13:11:19,581 - hybrid_pipeline - INFO - [382/576] 處理 tile: tile_x16128_y11520
2026-07-26 13:11:19,604 - hybrid_pipeline - INFO - Tile tile_x15360_y11520: 核心遮罩全空 → 空白 placeholder
2026-07-26 13:11:19,618 - hybrid_pipeline - INFO - [383/576] 處理 tile: tile_x17664_y11520
2026-07-26 13:11:19,647 - hybrid_pipeline - INFO - Tile tile_x16128_y11520: 核心遮罩全空 → 空白 placeholder
2026-07-26 13:11:19,661 - hybrid_pipeline - INFO - [384/576] 處理 tile: tile_x16896_y11520
2026-07-26 13:11:19,685 - hybrid_pipeline - INFO - Tile tile_x17664_y11520: 核心遮罩全空 → 空白 placeholder
2026-07-26 13:11:19,697 - hybrid_pipeline - INFO - [385/576] 處理 tile: tile_x0_y12288
2026-07-26 13:11:19,723 - hybrid_pipeline - INFO - Tile tile_x16896_y11520: 核心遮罩全空 → 空白 placeholder
2026-07-26 13:11:20,351 - hybrid_pipeline - INFO - [386/576] 處理 tile: tile_x768_y12288
2026-07-26 13:11:20,380 - m3_module.m3_cells_generator - INFO - All-positive 標註完成: 147 個細胞
2026-07-26 13:11:20,439 - m3_module.m3_cells_generator - INFO - enlarge_cell_instances: 147 顆細胞, factor=1.50(面積), 中位半徑=26.1px, 外擴=5.9px
2026-07-26 13:11:20,473 - m3_module.m3_elastic_matching - INFO - elastic_dish_nucleus_matching(overlap-first): IHC=147, DISH=230, matched(1核)=24 (其中重疊=24), drop-out(競爭落敗)=0, 無候選(計入)=123, factor=1.50, min_reach=20.0
2026-07-26 13:11:20,562 - m3_module.m3_dot_detection - INFO - detect_all_dots: 紅點=2, 黑點=4, 涉及細胞=147
2026-07-26 13:11:20,899 - m4_module.cell_crops - INFO - 匯出 91 張 per-cell 影像至 /data/taro_Projects/tsgh/output/r7_run/cell_crops/tile_x0_y12288/cells
2026-07-26 13:11:20,899 - hybrid_pipeline - INFO - Tile tile_x0_y12288 完成: 核心擁有 91 細胞 (91 陽性), 1.20 秒
2026-07-26 13:11:21,042 - hybrid_pipeline - INFO - [387/576] 處理 tile: tile_x1536_y12288
2026-07-26 13:11:21,071 - m3_module.m3_cells_generator - INFO - All-positive 標註完成: 145 個細胞
2026-07-26 13:11:21,133 - m3_module.m3_cells_generator - INFO - enlarge_cell_instances: 145 顆細胞, factor=1.50(面積), 中位半徑=27.9px, 外擴=6.3px
2026-07-26 13:11:21,158 - m3_module.m3_elastic_matching - INFO - elastic_dish_nucleus_matching(overlap-first): IHC=145, DISH=18, matched(1核)=14 (其中重疊=14), drop-out(競爭落敗)=7, 無候選(計入)=124, factor=1.50, min_reach=20.0
2026-07-26 13:11:21,280 - m3_module.m3_dot_detection - INFO - detect_all_dots: 紅點=12, 黑點=25, 涉及細胞=145
2026-07-26 13:11:21,654 - m4_module.cell_crops - INFO - 匯出 73 張 per-cell 影像至 /data/taro_Projects/tsgh/output/r7_run/cell_crops/tile_x768_y12288/cells
2026-07-26 13:11:21,654 - hybrid_pipeline - INFO - Tile tile_x768_y12288 完成: 核心擁有 73 細胞 (73 陽性), 1.30 秒
2026-07-26 13:11:21,737 - hybrid_pipeline - INFO - [388/576] 處理 tile: tile_x2304_y12288
2026-07-26 13:11:21,762 - m3_module.m3_cells_generator - INFO - All-positive 標註完成: 160 個細胞
2026-07-26 13:11:21,825 - m3_module.m3_cells_generator - INFO - enlarge_cell_instances: 160 顆細胞, factor=1.50(面積), 中位半徑=24.3px, 外擴=5.5px
2026-07-26 13:11:21,855 - m3_module.m3_elastic_matching - INFO - elastic_dish_nucleus_matching(overlap-first): IHC=160, DISH=20, matched(1核)=19 (其中重疊=19), drop-out(競爭落敗)=9, 無候選(計入)=132, factor=1.50, min_reach=20.0
2026-07-26 13:11:22,022 - m3_module.m3_dot_detection - INFO - detect_all_dots: 紅點=23, 黑點=44, 涉及細胞=160
2026-07-26 13:11:22,393 - m4_module.cell_crops - INFO - 匯出 81 張 per-cell 影像至 /data/taro_Projects/tsgh/output/r7_run/cell_crops/tile_x1536_y12288/cells
2026-07-26 13:11:22,393 - hybrid_pipeline - INFO - Tile tile_x1536_y12288 完成: 核心擁有 81 細胞 (81 陽性), 1.35 秒
2026-07-26 13:11:22,422 - hybrid_pipeline - INFO - [389/576] 處理 tile: tile_x3072_y12288
2026-07-26 13:11:22,446 - m3_module.m3_cells_generator - INFO - All-positive 標註完成: 143 個細胞
2026-07-26 13:11:22,505 - m3_module.m3_cells_generator - INFO - enlarge_cell_instances: 143 顆細胞, factor=1.50(面積), 中位半徑=23.0px, 外擴=5.2px
2026-07-26 13:11:22,529 - m3_module.m3_elastic_matching - INFO - elastic_dish_nucleus_matching(overlap-first): IHC=143, DISH=25, matched(1核)=21 (其中重疊=21), drop-out(競爭落敗)=6, 無候選(計入)=116, factor=1.50, min_reach=20.0
2026-07-26 13:11:22,665 - m3_module.m3_dot_detection - INFO - detect_all_dots: 紅點=17, 黑點=27, 涉及細胞=143
2026-07-26 13:11:22,996 - m4_module.cell_crops - INFO - 匯出 74 張 per-cell 影像至 /data/taro_Projects/tsgh/output/r7_run/cell_crops/tile_x2304_y12288/cells
2026-07-26 13:11:22,996 - hybrid_pipeline - INFO - Tile tile_x2304_y12288 完成: 核心擁有 74 細胞 (74 陽性), 1.26 秒
2026-07-26 13:11:23,086 - hybrid_pipeline - INFO - [390/576] 處理 tile: tile_x4608_y12288
2026-07-26 13:11:23,116 - m3_module.m3_cells_generator - INFO - All-positive 標註完成: 145 個細胞
2026-07-26 13:11:23,176 - m3_module.m3_cells_generator - INFO - enlarge_cell_instances: 145 顆細胞, factor=1.50(面積), 中位半徑=22.6px, 外擴=5.1px
2026-07-26 13:11:23,205 - m3_module.m3_elastic_matching - INFO - elastic_dish_nucleus_matching(overlap-first): IHC=145, DISH=61, matched(1核)=52 (其中重疊=52), drop-out(競爭落敗)=16, 無候選(計入)=77, factor=1.50, min_reach=20.0
2026-07-26 13:11:23,449 - m3_module.m3_dot_detection - INFO - detect_all_dots: 紅點=52, 黑點=66, 涉及細胞=145
2026-07-26 13:11:23,792 - m4_module.cell_crops - INFO - 匯出 61 張 per-cell 影像至 /data/taro_Projects/tsgh/output/r7_run/cell_crops/tile_x3072_y12288/cells
2026-07-26 13:11:23,792 - hybrid_pipeline - INFO - Tile tile_x3072_y12288 完成: 核心擁有 61 細胞 (61 陽性), 1.37 秒
2026-07-26 13:11:23,792 - hybrid_pipeline - INFO - [391/576] 處理 tile: tile_x3840_y12288
2026-07-26 13:11:23,817 - m3_module.m3_cells_generator - INFO - All-positive 標註完成: 113 個細胞
2026-07-26 13:11:23,876 - m3_module.m3_cells_generator - INFO - enlarge_cell_instances: 113 顆細胞, factor=1.50(面積), 中位半徑=26.8px, 外擴=6.0px
2026-07-26 13:11:23,902 - m3_module.m3_elastic_matching - INFO - elastic_dish_nucleus_matching(overlap-first): IHC=113, DISH=14, matched(1核)=11 (其中重疊=11), drop-out(競爭落敗)=7, 無候選(計入)=95, factor=1.50, min_reach=20.0
2026-07-26 13:11:24,016 - m3_module.m3_dot_detection - INFO - detect_all_dots: 紅點=10, 黑點=11, 涉及細胞=113
2026-07-26 13:11:24,310 - m4_module.cell_crops - INFO - 匯出 74 張 per-cell 影像至 /data/taro_Projects/tsgh/output/r7_run/cell_crops/tile_x4608_y12288/cells
2026-07-26 13:11:24,311 - hybrid_pipeline - INFO - Tile tile_x4608_y12288 完成: 核心擁有 74 細胞 (74 陽性), 1.22 秒
2026-07-26 13:11:24,474 - hybrid_pipeline - INFO - [392/576] 處理 tile: tile_x5376_y12288
2026-07-26 13:11:24,503 - m3_module.m3_cells_generator - INFO - All-positive 標註完成: 156 個細胞
2026-07-26 13:11:24,565 - m3_module.m3_cells_generator - INFO - enlarge_cell_instances: 156 顆細胞, factor=1.50(面積), 中位半徑=27.2px, 外擴=6.1px
2026-07-26 13:11:24,591 - m3_module.m3_elastic_matching - INFO - elastic_dish_nucleus_matching(overlap-first): IHC=156, DISH=35, matched(1核)=32 (其中重疊=32), drop-out(競爭落敗)=13, 無候選(計入)=111, factor=1.50, min_reach=20.0
2026-07-26 13:11:24,770 - m3_module.m3_dot_detection - INFO - detect_all_dots: 紅點=34, 黑點=42, 涉及細胞=156
2026-07-26 13:11:25,148 - m4_module.cell_crops - INFO - 匯出 81 張 per-cell 影像至 /data/taro_Projects/tsgh/output/r7_run/cell_crops/tile_x3840_y12288/cells
2026-07-26 13:11:25,149 - hybrid_pipeline - INFO - Tile tile_x3840_y12288 完成: 核心擁有 81 細胞 (81 陽性), 1.36 秒
2026-07-26 13:11:25,149 - hybrid_pipeline - INFO - [393/576] 處理 tile: tile_x6144_y12288
2026-07-26 13:11:25,172 - m3_module.m3_cells_generator - INFO - All-positive 標註完成: 21 個細胞
2026-07-26 13:11:25,216 - m3_module.m3_cells_generator - INFO - enlarge_cell_instances: 21 顆細胞, factor=1.50(面積), 中位半徑=30.0px, 外擴=6.7px
2026-07-26 13:11:25,240 - m3_module.m3_elastic_matching - INFO - elastic_dish_nucleus_matching(overlap-first): IHC=21, DISH=3, matched(1核)=1 (其中重疊=1), drop-out(競爭落敗)=0, 無候選(計入)=20, factor=1.50, min_reach=20.0
2026-07-26 13:11:25,330 - m3_module.m3_dot_detection - INFO - detect_all_dots: 紅點=1, 黑點=2, 涉及細胞=21
2026-07-26 13:11:25,453 - m4_module.cell_crops - INFO - 匯出 5 張 per-cell 影像至 /data/taro_Projects/tsgh/output/r7_run/cell_crops/tile_x5376_y12288/cells
2026-07-26 13:11:25,453 - hybrid_pipeline - INFO - Tile tile_x5376_y12288 完成: 核心擁有 5 細胞 (5 陽性), 0.98 秒
2026-07-26 13:11:25,754 - hybrid_pipeline - INFO - [394/576] 處理 tile: tile_x6912_y12288
2026-07-26 13:11:25,785 - m3_module.m3_cells_generator - INFO - All-positive 標註完成: 12 個細胞
2026-07-26 13:11:25,816 - m3_module.m3_cells_generator - INFO - enlarge_cell_instances: 12 顆細胞, factor=1.50(面積), 中位半徑=14.8px, 外擴=3.3px
2026-07-26 13:11:25,837 - m3_module.m3_elastic_matching - INFO - elastic_dish_nucleus_matching(overlap-first): IHC=12, DISH=7, matched(1核)=3 (其中重疊=3), drop-out(競爭落敗)=0, 無候選(計入)=9, factor=1.50, min_reach=20.0
2026-07-26 13:11:25,925 - m3_module.m3_dot_detection - INFO - detect_all_dots: 紅點=2, 黑點=2, 涉及細胞=12
2026-07-26 13:11:26,012 - m4_module.cell_crops - INFO - 匯出 3 張 per-cell 影像至 /data/taro_Projects/tsgh/output/r7_run/cell_crops/tile_x6144_y12288/cells
2026-07-26 13:11:26,012 - hybrid_pipeline - INFO - Tile tile_x6144_y12288 完成: 核心擁有 3 細胞 (3 陽性), 0.86 秒
2026-07-26 13:11:26,012 - hybrid_pipeline - INFO - [395/576] 處理 tile: tile_x8448_y12288
2026-07-26 13:11:26,039 - hybrid_pipeline - INFO - Tile tile_x6912_y12288: 核心遮罩全空 → 空白 placeholder
2026-07-26 13:11:26,062 - hybrid_pipeline - INFO - [396/576] 處理 tile: tile_x7680_y12288
2026-07-26 13:11:26,084 - hybrid_pipeline - INFO - Tile tile_x8448_y12288: 核心遮罩全空 → 空白 placeholder
2026-07-26 13:11:26,104 - hybrid_pipeline - INFO - [397/576] 處理 tile: tile_x9216_y12288
2026-07-26 13:11:26,134 - hybrid_pipeline - INFO - Tile tile_x7680_y12288: 核心遮罩全空 → 空白 placeholder
2026-07-26 13:11:26,148 - hybrid_pipeline - INFO - [398/576] 處理 tile: tile_x12288_y12288
2026-07-26 13:11:26,172 - hybrid_pipeline - INFO - Tile tile_x9216_y12288: 核心遮罩全空 → 空白 placeholder
2026-07-26 13:11:26,187 - hybrid_pipeline - INFO - [399/576] 處理 tile: tile_x11520_y12288
2026-07-26 13:11:26,210 - hybrid_pipeline - INFO - Tile tile_x12288_y12288: 核心遮罩全空 → 空白 placeholder
2026-07-26 13:11:26,224 - hybrid_pipeline - INFO - [400/576] 處理 tile: tile_x10752_y12288
2026-07-26 13:11:26,247 - hybrid_pipeline - INFO - Tile tile_x11520_y12288: 核心遮罩全空 → 空白 placeholder
2026-07-26 13:11:26,267 - hybrid_pipeline - INFO - [401/576] 處理 tile: tile_x9984_y12288
2026-07-26 13:11:26,292 - hybrid_pipeline - INFO - Tile tile_x10752_y12288: 核心遮罩全空 → 空白 placeholder
2026-07-26 13:11:26,304 - hybrid_pipeline - INFO - [402/576] 處理 tile: tile_x13056_y12288
2026-07-26 13:11:26,333 - hybrid_pipeline - INFO - Tile tile_x9984_y12288: 核心遮罩全空 → 空白 placeholder
2026-07-26 13:11:26,343 - hybrid_pipeline - INFO - [403/576] 處理 tile: tile_x13824_y12288
2026-07-26 13:11:26,369 - hybrid_pipeline - INFO - Tile tile_x13056_y12288: 核心遮罩全空 → 空白 placeholder
2026-07-26 13:11:26,385 - hybrid_pipeline - INFO - [404/576] 處理 tile: tile_x14592_y12288
2026-07-26 13:11:26,409 - hybrid_pipeline - INFO - Tile tile_x13824_y12288: 核心遮罩全空 → 空白 placeholder
2026-07-26 13:11:26,424 - hybrid_pipeline - INFO - [405/576] 處理 tile: tile_x15360_y12288
2026-07-26 13:11:26,447 - hybrid_pipeline - INFO - Tile tile_x14592_y12288: 核心遮罩全空 → 空白 placeholder
2026-07-26 13:11:26,462 - hybrid_pipeline - INFO - [406/576] 處理 tile: tile_x16128_y12288
2026-07-26 13:11:26,485 - hybrid_pipeline - INFO - Tile tile_x15360_y12288: 核心遮罩全空 → 空白 placeholder
2026-07-26 13:11:26,499 - hybrid_pipeline - INFO - [407/576] 處理 tile: tile_x17664_y12288
2026-07-26 13:11:26,524 - hybrid_pipeline - INFO - Tile tile_x16128_y12288: 核心遮罩全空 → 空白 placeholder
2026-07-26 13:11:26,539 - hybrid_pipeline - INFO - [408/576] 處理 tile: tile_x16896_y12288
2026-07-26 13:11:26,565 - hybrid_pipeline - INFO - Tile tile_x17664_y12288: 核心遮罩全空 → 空白 placeholder
2026-07-26 13:11:26,575 - hybrid_pipeline - INFO - [409/576] 處理 tile: tile_x0_y13056
2026-07-26 13:11:26,597 - hybrid_pipeline - INFO - Tile tile_x16896_y12288: 核心遮罩全空 → 空白 placeholder
2026-07-26 13:11:27,245 - hybrid_pipeline - INFO - [410/576] 處理 tile: tile_x768_y13056
2026-07-26 13:11:27,277 - m3_module.m3_cells_generator - INFO - All-positive 標註完成: 147 個細胞
2026-07-26 13:11:27,338 - m3_module.m3_cells_generator - INFO - enlarge_cell_instances: 147 顆細胞, factor=1.50(面積), 中位半徑=26.8px, 外擴=6.0px
2026-07-26 13:11:27,365 - m3_module.m3_elastic_matching - INFO - elastic_dish_nucleus_matching(overlap-first): IHC=147, DISH=30, matched(1核)=18 (其中重疊=18), drop-out(競爭落敗)=7, 無候選(計入)=122, factor=1.50, min_reach=20.0
2026-07-26 13:11:27,497 - m3_module.m3_dot_detection - INFO - detect_all_dots: 紅點=24, 黑點=31, 涉及細胞=147
2026-07-26 13:11:27,875 - m4_module.cell_crops - INFO - 匯出 89 張 per-cell 影像至 /data/taro_Projects/tsgh/output/r7_run/cell_crops/tile_x0_y13056/cells
2026-07-26 13:11:27,875 - hybrid_pipeline - INFO - Tile tile_x0_y13056 完成: 核心擁有 89 細胞 (89 陽性), 1.30 秒
2026-07-26 13:11:27,930 - hybrid_pipeline - INFO - [411/576] 處理 tile: tile_x1536_y13056
2026-07-26 13:11:27,957 - m3_module.m3_cells_generator - INFO - All-positive 標註完成: 136 個細胞
2026-07-26 13:11:28,017 - m3_module.m3_cells_generator - INFO - enlarge_cell_instances: 136 顆細胞, factor=1.50(面積), 中位半徑=24.9px, 外擴=5.6px
2026-07-26 13:11:28,041 - m3_module.m3_elastic_matching - INFO - elastic_dish_nucleus_matching(overlap-first): IHC=136, DISH=22, matched(1核)=17 (其中重疊=17), drop-out(競爭落敗)=7, 無候選(計入)=112, factor=1.50, min_reach=20.0
2026-07-26 13:11:28,192 - m3_module.m3_dot_detection - INFO - detect_all_dots: 紅點=31, 黑點=46, 涉及細胞=136
2026-07-26 13:11:28,530 - m4_module.cell_crops - INFO - 匯出 65 張 per-cell 影像至 /data/taro_Projects/tsgh/output/r7_run/cell_crops/tile_x768_y13056/cells
2026-07-26 13:11:28,530 - hybrid_pipeline - INFO - Tile tile_x768_y13056 完成: 核心擁有 65 細胞 (65 陽性), 1.29 秒
2026-07-26 13:11:28,600 - hybrid_pipeline - INFO - [412/576] 處理 tile: tile_x2304_y13056
2026-07-26 13:11:28,629 - m3_module.m3_cells_generator - INFO - All-positive 標註完成: 124 個細胞
2026-07-26 13:11:28,688 - m3_module.m3_cells_generator - INFO - enlarge_cell_instances: 124 顆細胞, factor=1.50(面積), 中位半徑=25.2px, 外擴=5.7px
2026-07-26 13:11:28,715 - m3_module.m3_elastic_matching - INFO - elastic_dish_nucleus_matching(overlap-first): IHC=124, DISH=23, matched(1核)=20 (其中重疊=20), drop-out(競爭落敗)=13, 無候選(計入)=91, factor=1.50, min_reach=20.0
2026-07-26 13:11:28,942 - m3_module.m3_dot_detection - INFO - detect_all_dots: 紅點=52, 黑點=87, 涉及細胞=124
2026-07-26 13:11:29,232 - m4_module.cell_crops - INFO - 匯出 72 張 per-cell 影像至 /data/taro_Projects/tsgh/output/r7_run/cell_crops/tile_x1536_y13056/cells
2026-07-26 13:11:29,232 - hybrid_pipeline - INFO - Tile tile_x1536_y13056 完成: 核心擁有 72 細胞 (72 陽性), 1.30 秒
2026-07-26 13:11:29,294 - hybrid_pipeline - INFO - [413/576] 處理 tile: tile_x3072_y13056
2026-07-26 13:11:29,322 - m3_module.m3_cells_generator - INFO - All-positive 標註完成: 100 個細胞
2026-07-26 13:11:29,380 - m3_module.m3_cells_generator - INFO - enlarge_cell_instances: 100 顆細胞, factor=1.50(面積), 中位半徑=23.1px, 外擴=5.2px
2026-07-26 13:11:29,405 - m3_module.m3_elastic_matching - INFO - elastic_dish_nucleus_matching(overlap-first): IHC=100, DISH=6, matched(1核)=4 (其中重疊=4), drop-out(競爭落敗)=0, 無候選(計入)=96, factor=1.50, min_reach=20.0
2026-07-26 13:11:29,500 - m3_module.m3_dot_detection - INFO - detect_all_dots: 紅點=1, 黑點=2, 涉及細胞=100
2026-07-26 13:11:29,705 - m4_module.cell_crops - INFO - 匯出 43 張 per-cell 影像至 /data/taro_Projects/tsgh/output/r7_run/cell_crops/tile_x2304_y13056/cells
2026-07-26 13:11:29,705 - hybrid_pipeline - INFO - Tile tile_x2304_y13056 完成: 核心擁有 43 細胞 (43 陽性), 1.10 秒
2026-07-26 13:11:29,957 - hybrid_pipeline - INFO - [414/576] 處理 tile: tile_x3840_y13056
2026-07-26 13:11:29,985 - m3_module.m3_cells_generator - INFO - All-positive 標註完成: 134 個細胞
2026-07-26 13:11:30,042 - m3_module.m3_cells_generator - INFO - enlarge_cell_instances: 134 顆細胞, factor=1.50(面積), 中位半徑=20.1px, 外擴=4.5px
2026-07-26 13:11:30,070 - m3_module.m3_elastic_matching - INFO - elastic_dish_nucleus_matching(overlap-first): IHC=134, DISH=58, matched(1核)=34 (其中重疊=34), drop-out(競爭落敗)=8, 無候選(計入)=92, factor=1.50, min_reach=20.0
2026-07-26 13:11:30,242 - m3_module.m3_dot_detection - INFO - detect_all_dots: 紅點=27, 黑點=37, 涉及細胞=134
2026-07-26 13:11:30,596 - m4_module.cell_crops - INFO - 匯出 86 張 per-cell 影像至 /data/taro_Projects/tsgh/output/r7_run/cell_crops/tile_x3072_y13056/cells
2026-07-26 13:11:30,596 - hybrid_pipeline - INFO - Tile tile_x3072_y13056 完成: 核心擁有 86 細胞 (86 陽性), 1.30 秒
2026-07-26 13:11:30,626 - hybrid_pipeline - INFO - [415/576] 處理 tile: tile_x4608_y13056
2026-07-26 13:11:30,651 - m3_module.m3_cells_generator - INFO - All-positive 標註完成: 109 個細胞
2026-07-26 13:11:30,709 - m3_module.m3_cells_generator - INFO - enlarge_cell_instances: 109 顆細胞, factor=1.50(面積), 中位半徑=25.2px, 外擴=5.7px
2026-07-26 13:11:30,736 - m3_module.m3_elastic_matching - INFO - elastic_dish_nucleus_matching(overlap-first): IHC=109, DISH=31, matched(1核)=17 (其中重疊=17), drop-out(競爭落敗)=5, 無候選(計入)=87, factor=1.50, min_reach=20.0
2026-07-26 13:11:30,860 - m3_module.m3_dot_detection - INFO - detect_all_dots: 紅點=10, 黑點=13, 涉及細胞=109
2026-07-26 13:11:31,174 - m4_module.cell_crops - INFO - 匯出 55 張 per-cell 影像至 /data/taro_Projects/tsgh/output/r7_run/cell_crops/tile_x3840_y13056/cells
2026-07-26 13:11:31,174 - hybrid_pipeline - INFO - Tile tile_x3840_y13056 完成: 核心擁有 55 細胞 (55 陽性), 1.22 秒
2026-07-26 13:11:31,270 - hybrid_pipeline - INFO - [416/576] 處理 tile: tile_x5376_y13056
2026-07-26 13:11:31,300 - m3_module.m3_cells_generator - INFO - All-positive 標註完成: 103 個細胞
2026-07-26 13:11:31,354 - m3_module.m3_cells_generator - INFO - enlarge_cell_instances: 103 顆細胞, factor=1.50(面積), 中位半徑=24.8px, 外擴=5.6px
2026-07-26 13:11:31,380 - m3_module.m3_elastic_matching - INFO - elastic_dish_nucleus_matching(overlap-first): IHC=103, DISH=15, matched(1核)=13 (其中重疊=13), drop-out(競爭落敗)=7, 無候選(計入)=83, factor=1.50, min_reach=20.0
2026-07-26 13:11:31,505 - m3_module.m3_dot_detection - INFO - detect_all_dots: 紅點=12, 黑點=17, 涉及細胞=103
2026-07-26 13:11:31,785 - m4_module.cell_crops - INFO - 匯出 57 張 per-cell 影像至 /data/taro_Projects/tsgh/output/r7_run/cell_crops/tile_x4608_y13056/cells
2026-07-26 13:11:31,785 - hybrid_pipeline - INFO - Tile tile_x4608_y13056 完成: 核心擁有 57 細胞 (57 陽性), 1.16 秒
2026-07-26 13:11:31,866 - hybrid_pipeline - INFO - [417/576] 處理 tile: tile_x6144_y13056
2026-07-26 13:11:31,897 - m3_module.m3_cells_generator - INFO - All-positive 標註完成: 17 個細胞
2026-07-26 13:11:31,936 - m3_module.m3_cells_generator - INFO - enlarge_cell_instances: 17 顆細胞, factor=1.50(面積), 中位半徑=23.3px, 外擴=5.2px
2026-07-26 13:11:31,960 - m3_module.m3_elastic_matching - INFO - elastic_dish_nucleus_matching(overlap-first): IHC=17, DISH=2, matched(1核)=1 (其中重疊=1), drop-out(競爭落敗)=0, 無候選(計入)=16, factor=1.50, min_reach=20.0
2026-07-26 13:11:32,050 - m3_module.m3_dot_detection - INFO - detect_all_dots: 紅點=0, 黑點=0, 涉及細胞=17
2026-07-26 13:11:32,148 - m4_module.cell_crops - INFO - 匯出 5 張 per-cell 影像至 /data/taro_Projects/tsgh/output/r7_run/cell_crops/tile_x5376_y13056/cells
2026-07-26 13:11:32,148 - hybrid_pipeline - INFO - Tile tile_x5376_y13056 完成: 核心擁有 5 細胞 (5 陽性), 0.88 秒
2026-07-26 13:11:32,478 - hybrid_pipeline - INFO - [418/576] 處理 tile: tile_x6912_y13056
2026-07-26 13:11:32,509 - m3_module.m3_cells_generator - INFO - All-positive 標註完成: 33 個細胞
2026-07-26 13:11:32,550 - m3_module.m3_cells_generator - INFO - enlarge_cell_instances: 33 顆細胞, factor=1.50(面積), 中位半徑=20.7px, 外擴=4.7px
2026-07-26 13:11:32,575 - m3_module.m3_elastic_matching - INFO - elastic_dish_nucleus_matching(overlap-first): IHC=33, DISH=5, matched(1核)=3 (其中重疊=3), drop-out(競爭落敗)=0, 無候選(計入)=30, factor=1.50, min_reach=20.0
2026-07-26 13:11:32,667 - m3_module.m3_dot_detection - INFO - detect_all_dots: 紅點=1, 黑點=1, 涉及細胞=33
2026-07-26 13:11:32,809 - m4_module.cell_crops - INFO - 匯出 30 張 per-cell 影像至 /data/taro_Projects/tsgh/output/r7_run/cell_crops/tile_x6144_y13056/cells
2026-07-26 13:11:32,809 - hybrid_pipeline - INFO - Tile tile_x6144_y13056 完成: 核心擁有 30 細胞 (30 陽性), 0.94 秒
2026-07-26 13:11:33,103 - hybrid_pipeline - INFO - [419/576] 處理 tile: tile_x8448_y13056
2026-07-26 13:11:33,132 - m3_module.m3_cells_generator - INFO - All-positive 標註完成: 3 個細胞
2026-07-26 13:11:33,157 - m3_module.m3_cells_generator - INFO - enlarge_cell_instances: 3 顆細胞, factor=1.50(面積), 中位半徑=18.6px, 外擴=4.2px
2026-07-26 13:11:33,244 - m3_module.m3_dot_detection - INFO - detect_all_dots: 紅點=0, 黑點=0, 涉及細胞=3
2026-07-26 13:11:33,285 - m4_module.cell_crops - INFO - 匯出 0 張 per-cell 影像至 /data/taro_Projects/tsgh/output/r7_run/cell_crops/tile_x6912_y13056/cells
2026-07-26 13:11:33,285 - hybrid_pipeline - INFO - Tile tile_x6912_y13056 完成: 核心擁有 0 細胞 (0 陽性), 0.81 秒
2026-07-26 13:11:33,285 - hybrid_pipeline - INFO - [420/576] 處理 tile: tile_x7680_y13056
2026-07-26 13:11:33,309 - hybrid_pipeline - INFO - Tile tile_x8448_y13056: 核心遮罩全空 → 空白 placeholder
2026-07-26 13:11:33,331 - hybrid_pipeline - INFO - [421/576] 處理 tile: tile_x9216_y13056
2026-07-26 13:11:33,354 - hybrid_pipeline - INFO - Tile tile_x7680_y13056: 核心遮罩全空 → 空白 placeholder
2026-07-26 13:11:33,371 - hybrid_pipeline - INFO - [422/576] 處理 tile: tile_x11520_y13056
2026-07-26 13:11:33,394 - hybrid_pipeline - INFO - Tile tile_x9216_y13056: 核心遮罩全空 → 空白 placeholder
2026-07-26 13:11:33,411 - hybrid_pipeline - INFO - [423/576] 處理 tile: tile_x9984_y13056
2026-07-26 13:11:33,433 - hybrid_pipeline - INFO - Tile tile_x11520_y13056: 核心遮罩全空 → 空白 placeholder
2026-07-26 13:11:33,451 - hybrid_pipeline - INFO - [424/576] 處理 tile: tile_x10752_y13056
2026-07-26 13:11:33,473 - hybrid_pipeline - INFO - Tile tile_x9984_y13056: 核心遮罩全空 → 空白 placeholder
2026-07-26 13:11:33,490 - hybrid_pipeline - INFO - [425/576] 處理 tile: tile_x13056_y13056
2026-07-26 13:11:33,515 - hybrid_pipeline - INFO - Tile tile_x10752_y13056: 核心遮罩全空 → 空白 placeholder
2026-07-26 13:11:33,530 - hybrid_pipeline - INFO - [426/576] 處理 tile: tile_x12288_y13056
2026-07-26 13:11:33,554 - hybrid_pipeline - INFO - Tile tile_x13056_y13056: 核心遮罩全空 → 空白 placeholder
2026-07-26 13:11:33,568 - hybrid_pipeline - INFO - [427/576] 處理 tile: tile_x13824_y13056
2026-07-26 13:11:33,592 - hybrid_pipeline - INFO - Tile tile_x12288_y13056: 核心遮罩全空 → 空白 placeholder
2026-07-26 13:11:33,607 - hybrid_pipeline - INFO - [428/576] 處理 tile: tile_x14592_y13056
2026-07-26 13:11:33,639 - hybrid_pipeline - INFO - Tile tile_x13824_y13056: 核心遮罩全空 → 空白 placeholder
2026-07-26 13:11:33,649 - hybrid_pipeline - INFO - [429/576] 處理 tile: tile_x15360_y13056
2026-07-26 13:11:33,672 - hybrid_pipeline - INFO - Tile tile_x14592_y13056: 核心遮罩全空 → 空白 placeholder
2026-07-26 13:11:33,686 - hybrid_pipeline - INFO - [430/576] 處理 tile: tile_x16128_y13056
2026-07-26 13:11:33,710 - hybrid_pipeline - INFO - Tile tile_x15360_y13056: 核心遮罩全空 → 空白 placeholder
2026-07-26 13:11:33,724 - hybrid_pipeline - INFO - [431/576] 處理 tile: tile_x16896_y13056
2026-07-26 13:11:33,750 - hybrid_pipeline - INFO - Tile tile_x16128_y13056: 核心遮罩全空 → 空白 placeholder
2026-07-26 13:11:33,763 - hybrid_pipeline - INFO - [432/576] 處理 tile: tile_x17664_y13056
2026-07-26 13:11:33,786 - hybrid_pipeline - INFO - Tile tile_x16896_y13056: 核心遮罩全空 → 空白 placeholder
2026-07-26 13:11:33,805 - hybrid_pipeline - INFO - [433/576] 處理 tile: tile_x0_y13824
2026-07-26 13:11:33,828 - hybrid_pipeline - INFO - Tile tile_x17664_y13056: 核心遮罩全空 → 空白 placeholder
2026-07-26 13:11:34,485 - hybrid_pipeline - INFO - [434/576] 處理 tile: tile_x768_y13824
2026-07-26 13:11:34,515 - m3_module.m3_cells_generator - INFO - All-positive 標註完成: 115 個細胞
2026-07-26 13:11:34,575 - m3_module.m3_cells_generator - INFO - enlarge_cell_instances: 115 顆細胞, factor=1.50(面積), 中位半徑=30.0px, 外擴=6.7px
2026-07-26 13:11:34,604 - m3_module.m3_elastic_matching - INFO - elastic_dish_nucleus_matching(overlap-first): IHC=115, DISH=50, matched(1核)=33 (其中重疊=32), drop-out(競爭落敗)=11, 無候選(計入)=71, factor=1.50, min_reach=20.0
2026-07-26 13:11:34,792 - m3_module.m3_dot_detection - INFO - detect_all_dots: 紅點=31, 黑點=44, 涉及細胞=115
2026-07-26 13:11:35,160 - m4_module.cell_crops - INFO - 匯出 63 張 per-cell 影像至 /data/taro_Projects/tsgh/output/r7_run/cell_crops/tile_x0_y13824/cells
2026-07-26 13:11:35,160 - hybrid_pipeline - INFO - Tile tile_x0_y13824 完成: 核心擁有 63 細胞 (63 陽性), 1.36 秒
2026-07-26 13:11:35,196 - hybrid_pipeline - INFO - [435/576] 處理 tile: tile_x2304_y13824
2026-07-26 13:11:35,220 - m3_module.m3_cells_generator - INFO - All-positive 標註完成: 135 個細胞
2026-07-26 13:11:35,282 - m3_module.m3_cells_generator - INFO - enlarge_cell_instances: 135 顆細胞, factor=1.50(面積), 中位半徑=26.3px, 外擴=5.9px
2026-07-26 13:11:35,311 - m3_module.m3_elastic_matching - INFO - elastic_dish_nucleus_matching(overlap-first): IHC=135, DISH=72, matched(1核)=46 (其中重疊=45), drop-out(競爭落敗)=10, 無候選(計入)=79, factor=1.50, min_reach=20.0
2026-07-26 13:11:35,557 - m3_module.m3_dot_detection - INFO - detect_all_dots: 紅點=66, 黑點=83, 涉及細胞=135
2026-07-26 13:11:35,926 - m4_module.cell_crops - INFO - 匯出 81 張 per-cell 影像至 /data/taro_Projects/tsgh/output/r7_run/cell_crops/tile_x768_y13824/cells
2026-07-26 13:11:35,926 - hybrid_pipeline - INFO - Tile tile_x768_y13824 完成: 核心擁有 81 細胞 (81 陽性), 1.44 秒
2026-07-26 13:11:35,927 - hybrid_pipeline - INFO - [436/576] 處理 tile: tile_x1536_y13824
2026-07-26 13:11:35,950 - m3_module.m3_cells_generator - INFO - All-positive 標註完成: 98 個細胞
2026-07-26 13:11:36,008 - m3_module.m3_cells_generator - INFO - enlarge_cell_instances: 98 顆細胞, factor=1.50(面積), 中位半徑=22.8px, 外擴=5.1px
2026-07-26 13:11:36,035 - m3_module.m3_elastic_matching - INFO - elastic_dish_nucleus_matching(overlap-first): IHC=98, DISH=25, matched(1核)=20 (其中重疊=20), drop-out(競爭落敗)=12, 無候選(計入)=66, factor=1.50, min_reach=20.0
2026-07-26 13:11:36,208 - m3_module.m3_dot_detection - INFO - detect_all_dots: 紅點=30, 黑點=38, 涉及細胞=98
2026-07-26 13:11:36,449 - m4_module.cell_crops - INFO - 匯出 75 張 per-cell 影像至 /data/taro_Projects/tsgh/output/r7_run/cell_crops/tile_x2304_y13824/cells
2026-07-26 13:11:36,449 - hybrid_pipeline - INFO - Tile tile_x2304_y13824 完成: 核心擁有 75 細胞 (75 陽性), 1.25 秒
2026-07-26 13:11:36,594 - hybrid_pipeline - INFO - [437/576] 處理 tile: tile_x3072_y13824
2026-07-26 13:11:36,624 - m3_module.m3_cells_generator - INFO - All-positive 標註完成: 103 個細胞
2026-07-26 13:11:36,682 - m3_module.m3_cells_generator - INFO - enlarge_cell_instances: 103 顆細胞, factor=1.50(面積), 中位半徑=27.0px, 外擴=6.1px
2026-07-26 13:11:36,712 - m3_module.m3_elastic_matching - INFO - elastic_dish_nucleus_matching(overlap-first): IHC=103, DISH=66, matched(1核)=46 (其中重疊=46), drop-out(競爭落敗)=12, 無候選(計入)=45, factor=1.50, min_reach=20.0
2026-07-26 13:11:37,030 - m3_module.m3_dot_detection - INFO - detect_all_dots: 紅點=94, 黑點=121, 涉及細胞=103
2026-07-26 13:11:37,310 - m4_module.cell_crops - INFO - 匯出 48 張 per-cell 影像至 /data/taro_Projects/tsgh/output/r7_run/cell_crops/tile_x1536_y13824/cells
2026-07-26 13:11:37,310 - hybrid_pipeline - INFO - Tile tile_x1536_y13824 完成: 核心擁有 48 細胞 (48 陽性), 1.38 秒
2026-07-26 13:11:37,310 - hybrid_pipeline - INFO - [438/576] 處理 tile: tile_x3840_y13824
2026-07-26 13:11:37,333 - m3_module.m3_cells_generator - INFO - All-positive 標註完成: 67 個細胞
2026-07-26 13:11:37,389 - m3_module.m3_cells_generator - INFO - enlarge_cell_instances: 67 顆細胞, factor=1.50(面積), 中位半徑=24.4px, 外擴=5.5px
2026-07-26 13:11:37,415 - m3_module.m3_elastic_matching - INFO - elastic_dish_nucleus_matching(overlap-first): IHC=67, DISH=19, matched(1核)=13 (其中重疊=13), drop-out(競爭落敗)=4, 無候選(計入)=50, factor=1.50, min_reach=20.0
2026-07-26 13:11:37,531 - m3_module.m3_dot_detection - INFO - detect_all_dots: 紅點=14, 黑點=16, 涉及細胞=67
2026-07-26 13:11:37,746 - m4_module.cell_crops - INFO - 匯出 26 張 per-cell 影像至 /data/taro_Projects/tsgh/output/r7_run/cell_crops/tile_x3072_y13824/cells
2026-07-26 13:11:37,746 - hybrid_pipeline - INFO - Tile tile_x3072_y13824 完成: 核心擁有 26 細胞 (26 陽性), 1.15 秒
2026-07-26 13:11:37,948 - hybrid_pipeline - INFO - [439/576] 處理 tile: tile_x4608_y13824
2026-07-26 13:11:37,983 - m3_module.m3_cells_generator - INFO - All-positive 標註完成: 71 個細胞
2026-07-26 13:11:38,040 - m3_module.m3_cells_generator - INFO - enlarge_cell_instances: 71 顆細胞, factor=1.50(面積), 中位半徑=20.6px, 外擴=4.6px
2026-07-26 13:11:38,064 - m3_module.m3_elastic_matching - INFO - elastic_dish_nucleus_matching(overlap-first): IHC=71, DISH=11, matched(1核)=10 (其中重疊=10), drop-out(競爭落敗)=0, 無候選(計入)=61, factor=1.50, min_reach=20.0
2026-07-26 13:11:38,185 - m3_module.m3_dot_detection - INFO - detect_all_dots: 紅點=8, 黑點=15, 涉及細胞=71
2026-07-26 13:11:38,413 - m4_module.cell_crops - INFO - 匯出 34 張 per-cell 影像至 /data/taro_Projects/tsgh/output/r7_run/cell_crops/tile_x3840_y13824/cells
2026-07-26 13:11:38,413 - hybrid_pipeline - INFO - Tile tile_x3840_y13824 完成: 核心擁有 34 細胞 (34 陽性), 1.10 秒
2026-07-26 13:11:38,579 - hybrid_pipeline - INFO - [440/576] 處理 tile: tile_x5376_y13824
2026-07-26 13:11:38,609 - m3_module.m3_cells_generator - INFO - All-positive 標註完成: 136 個細胞
2026-07-26 13:11:38,668 - m3_module.m3_cells_generator - INFO - enlarge_cell_instances: 136 顆細胞, factor=1.50(面積), 中位半徑=22.3px, 外擴=5.0px
2026-07-26 13:11:38,695 - m3_module.m3_elastic_matching - INFO - elastic_dish_nucleus_matching(overlap-first): IHC=136, DISH=24, matched(1核)=19 (其中重疊=19), drop-out(競爭落敗)=4, 無候選(計入)=113, factor=1.50, min_reach=20.0
2026-07-26 13:11:38,837 - m3_module.m3_dot_detection - INFO - detect_all_dots: 紅點=22, 黑點=30, 涉及細胞=136
2026-07-26 13:11:39,128 - m4_module.cell_crops - INFO - 匯出 83 張 per-cell 影像至 /data/taro_Projects/tsgh/output/r7_run/cell_crops/tile_x4608_y13824/cells
2026-07-26 13:11:39,128 - hybrid_pipeline - INFO - Tile tile_x4608_y13824 完成: 核心擁有 83 細胞 (83 陽性), 1.18 秒
2026-07-26 13:11:39,208 - hybrid_pipeline - INFO - [441/576] 處理 tile: tile_x6912_y13824
2026-07-26 13:11:39,237 - m3_module.m3_cells_generator - INFO - All-positive 標註完成: 80 個細胞
2026-07-26 13:11:39,286 - m3_module.m3_cells_generator - INFO - enlarge_cell_instances: 80 顆細胞, factor=1.50(面積), 中位半徑=23.8px, 外擴=5.3px
2026-07-26 13:11:39,311 - m3_module.m3_elastic_matching - INFO - elastic_dish_nucleus_matching(overlap-first): IHC=80, DISH=3, matched(1核)=2 (其中重疊=2), drop-out(競爭落敗)=2, 無候選(計入)=76, factor=1.50, min_reach=20.0
2026-07-26 13:11:39,401 - m3_module.m3_dot_detection - INFO - detect_all_dots: 紅點=1, 黑點=0, 涉及細胞=80
2026-07-26 13:11:39,451 - cellpose.dynamics - INFO - No cell pixels found.
2026-07-26 13:11:39,601 - m4_module.cell_crops - INFO - 匯出 45 張 per-cell 影像至 /data/taro_Projects/tsgh/output/r7_run/cell_crops/tile_x5376_y13824/cells
2026-07-26 13:11:39,601 - hybrid_pipeline - INFO - Tile tile_x5376_y13824 完成: 核心擁有 45 細胞 (45 陽性), 1.02 秒
2026-07-26 13:11:39,750 - hybrid_pipeline - INFO - [442/576] 處理 tile: tile_x6144_y13824
2026-07-26 13:11:39,763 - m3_module.m3_cells_generator - INFO - All-positive 標註完成: 0 個細胞
2026-07-26 13:11:39,870 - m3_module.m3_dot_detection - INFO - detect_all_dots: 紅點=0, 黑點=0, 涉及細胞=0
2026-07-26 13:11:39,903 - m4_module.cell_crops - INFO - 匯出 0 張 per-cell 影像至 /data/taro_Projects/tsgh/output/r7_run/cell_crops/tile_x6912_y13824/cells
2026-07-26 13:11:39,903 - hybrid_pipeline - INFO - Tile tile_x6912_y13824 完成: 核心擁有 0 細胞 (0 陽性), 0.69 秒
2026-07-26 13:11:40,349 - hybrid_pipeline - INFO - [443/576] 處理 tile: tile_x7680_y13824
2026-07-26 13:11:40,382 - m3_module.m3_cells_generator - INFO - All-positive 標註完成: 6 個細胞
2026-07-26 13:11:40,414 - m3_module.m3_cells_generator - INFO - enlarge_cell_instances: 6 顆細胞, factor=1.50(面積), 中位半徑=21.6px, 外擴=4.9px
2026-07-26 13:11:40,509 - m3_module.m3_dot_detection - INFO - detect_all_dots: 紅點=0, 黑點=0, 涉及細胞=6
2026-07-26 13:11:40,560 - m4_module.cell_crops - INFO - 匯出 5 張 per-cell 影像至 /data/taro_Projects/tsgh/output/r7_run/cell_crops/tile_x6144_y13824/cells
2026-07-26 13:11:40,560 - hybrid_pipeline - INFO - Tile tile_x6144_y13824 完成: 核心擁有 5 細胞 (5 陽性), 0.81 秒
2026-07-26 13:11:40,598 - cellpose.dynamics - INFO - No cell pixels found.
2026-07-26 13:11:40,905 - hybrid_pipeline - INFO - [444/576] 處理 tile: tile_x9216_y13824
2026-07-26 13:11:40,918 - m3_module.m3_cells_generator - INFO - All-positive 標註完成: 0 個細胞
2026-07-26 13:11:41,007 - m3_module.m3_dot_detection - INFO - detect_all_dots: 紅點=0, 黑點=0, 涉及細胞=0
2026-07-26 13:11:41,037 - m4_module.cell_crops - INFO - 匯出 0 張 per-cell 影像至 /data/taro_Projects/tsgh/output/r7_run/cell_crops/tile_x7680_y13824/cells
2026-07-26 13:11:41,038 - hybrid_pipeline - INFO - Tile tile_x7680_y13824 完成: 核心擁有 0 細胞 (0 陽性), 0.69 秒
2026-07-26 13:11:41,038 - hybrid_pipeline - INFO - [445/576] 處理 tile: tile_x8448_y13824
2026-07-26 13:11:41,063 - hybrid_pipeline - INFO - Tile tile_x9216_y13824: 核心遮罩全空 → 空白 placeholder
2026-07-26 13:11:41,084 - hybrid_pipeline - INFO - [446/576] 處理 tile: tile_x9984_y13824
2026-07-26 13:11:41,107 - hybrid_pipeline - INFO - Tile tile_x8448_y13824: 核心遮罩全空 → 空白 placeholder
2026-07-26 13:11:41,122 - hybrid_pipeline - INFO - [447/576] 處理 tile: tile_x14592_y13824
2026-07-26 13:11:41,145 - hybrid_pipeline - INFO - Tile tile_x9984_y13824: 核心遮罩全空 → 空白 placeholder
2026-07-26 13:11:41,159 - hybrid_pipeline - INFO - [448/576] 處理 tile: tile_x13824_y13824
2026-07-26 13:11:41,183 - hybrid_pipeline - INFO - Tile tile_x14592_y13824: 核心遮罩全空 → 空白 placeholder
2026-07-26 13:11:41,196 - hybrid_pipeline - INFO - [449/576] 處理 tile: tile_x10752_y13824
2026-07-26 13:11:41,219 - hybrid_pipeline - INFO - Tile tile_x13824_y13824: 核心遮罩全空 → 空白 placeholder
2026-07-26 13:11:41,232 - hybrid_pipeline - INFO - [450/576] 處理 tile: tile_x11520_y13824
2026-07-26 13:11:41,254 - hybrid_pipeline - INFO - Tile tile_x10752_y13824: 核心遮罩全空 → 空白 placeholder
2026-07-26 13:11:41,268 - hybrid_pipeline - INFO - [451/576] 處理 tile: tile_x12288_y13824
2026-07-26 13:11:41,295 - hybrid_pipeline - INFO - Tile tile_x11520_y13824: 核心遮罩全空 → 空白 placeholder
2026-07-26 13:11:41,306 - hybrid_pipeline - INFO - [452/576] 處理 tile: tile_x13056_y13824
2026-07-26 13:11:41,329 - hybrid_pipeline - INFO - Tile tile_x12288_y13824: 核心遮罩全空 → 空白 placeholder
2026-07-26 13:11:41,344 - hybrid_pipeline - INFO - [453/576] 處理 tile: tile_x15360_y13824
2026-07-26 13:11:41,367 - hybrid_pipeline - INFO - Tile tile_x13056_y13824: 核心遮罩全空 → 空白 placeholder
2026-07-26 13:11:41,379 - hybrid_pipeline - INFO - [454/576] 處理 tile: tile_x16128_y13824
2026-07-26 13:11:41,403 - hybrid_pipeline - INFO - Tile tile_x15360_y13824: 核心遮罩全空 → 空白 placeholder
2026-07-26 13:11:41,421 - hybrid_pipeline - INFO - [455/576] 處理 tile: tile_x16896_y13824
2026-07-26 13:11:41,444 - hybrid_pipeline - INFO - Tile tile_x16128_y13824: 核心遮罩全空 → 空白 placeholder
2026-07-26 13:11:41,457 - hybrid_pipeline - INFO - [456/576] 處理 tile: tile_x1536_y14592
2026-07-26 13:11:41,480 - hybrid_pipeline - INFO - Tile tile_x16896_y13824: 核心遮罩全空 → 空白 placeholder
2026-07-26 13:11:42,059 - hybrid_pipeline - INFO - [457/576] 處理 tile: tile_x0_y14592
2026-07-26 13:11:42,089 - m3_module.m3_cells_generator - INFO - All-positive 標註完成: 67 個細胞
2026-07-26 13:11:42,145 - m3_module.m3_cells_generator - INFO - enlarge_cell_instances: 67 顆細胞, factor=1.50(面積), 中位半徑=28.1px, 外擴=6.3px
2026-07-26 13:11:42,179 - m3_module.m3_elastic_matching - INFO - elastic_dish_nucleus_matching(overlap-first): IHC=67, DISH=38, matched(1核)=28 (其中重疊=28), drop-out(競爭落敗)=3, 無候選(計入)=36, factor=1.50, min_reach=20.0
2026-07-26 13:11:42,352 - m3_module.m3_dot_detection - INFO - detect_all_dots: 紅點=29, 黑點=48, 涉及細胞=67
2026-07-26 13:11:42,567 - m4_module.cell_crops - INFO - 匯出 23 張 per-cell 影像至 /data/taro_Projects/tsgh/output/r7_run/cell_crops/tile_x1536_y14592/cells
2026-07-26 13:11:42,567 - hybrid_pipeline - INFO - Tile tile_x1536_y14592 完成: 核心擁有 23 細胞 (23 陽性), 1.11 秒
2026-07-26 13:11:42,724 - hybrid_pipeline - INFO - [458/576] 處理 tile: tile_x768_y14592
2026-07-26 13:11:42,754 - m3_module.m3_cells_generator - INFO - All-positive 標註完成: 52 個細胞
2026-07-26 13:11:42,809 - m3_module.m3_cells_generator - INFO - enlarge_cell_instances: 52 顆細胞, factor=1.50(面積), 中位半徑=28.5px, 外擴=6.4px
2026-07-26 13:11:42,835 - m3_module.m3_elastic_matching - INFO - elastic_dish_nucleus_matching(overlap-first): IHC=52, DISH=14, matched(1核)=13 (其中重疊=13), drop-out(競爭落敗)=6, 無候選(計入)=33, factor=1.50, min_reach=20.0
2026-07-26 13:11:42,954 - m3_module.m3_dot_detection - INFO - detect_all_dots: 紅點=13, 黑點=16, 涉及細胞=52
2026-07-26 13:11:43,143 - m4_module.cell_crops - INFO - 匯出 34 張 per-cell 影像至 /data/taro_Projects/tsgh/output/r7_run/cell_crops/tile_x0_y14592/cells
2026-07-26 13:11:43,143 - hybrid_pipeline - INFO - Tile tile_x0_y14592 完成: 核心擁有 34 細胞 (34 陽性), 1.08 秒
2026-07-26 13:11:43,352 - hybrid_pipeline - INFO - [459/576] 處理 tile: tile_x17664_y13824
2026-07-26 13:11:43,382 - m3_module.m3_cells_generator - INFO - All-positive 標註完成: 57 個細胞
2026-07-26 13:11:43,437 - m3_module.m3_cells_generator - INFO - enlarge_cell_instances: 57 顆細胞, factor=1.50(面積), 中位半徑=32.0px, 外擴=7.2px
2026-07-26 13:11:43,461 - m3_module.m3_elastic_matching - INFO - elastic_dish_nucleus_matching(overlap-first): IHC=57, DISH=20, matched(1核)=18 (其中重疊=18), drop-out(競爭落敗)=7, 無候選(計入)=32, factor=1.50, min_reach=20.0
2026-07-26 13:11:43,595 - m3_module.m3_dot_detection - INFO - detect_all_dots: 紅點=26, 黑點=33, 涉及細胞=57
2026-07-26 13:11:43,813 - m4_module.cell_crops - INFO - 匯出 30 張 per-cell 影像至 /data/taro_Projects/tsgh/output/r7_run/cell_crops/tile_x768_y14592/cells
2026-07-26 13:11:43,813 - hybrid_pipeline - INFO - Tile tile_x768_y14592 完成: 核心擁有 30 細胞 (30 陽性), 1.09 秒
2026-07-26 13:11:43,813 - hybrid_pipeline - INFO - [460/576] 處理 tile: tile_x2304_y14592
2026-07-26 13:11:43,837 - hybrid_pipeline - INFO - Tile tile_x17664_y13824: 核心遮罩全空 → 空白 placeholder
2026-07-26 13:11:44,437 - hybrid_pipeline - INFO - [461/576] 處理 tile: tile_x3840_y14592
2026-07-26 13:11:44,466 - m3_module.m3_cells_generator - INFO - All-positive 標註完成: 93 個細胞
2026-07-26 13:11:44,523 - m3_module.m3_cells_generator - INFO - enlarge_cell_instances: 93 顆細胞, factor=1.50(面積), 中位半徑=23.4px, 外擴=5.3px
2026-07-26 13:11:44,552 - m3_module.m3_elastic_matching - INFO - elastic_dish_nucleus_matching(overlap-first): IHC=93, DISH=76, matched(1核)=36 (其中重疊=36), drop-out(競爭落敗)=2, 無候選(計入)=55, factor=1.50, min_reach=20.0
2026-07-26 13:11:44,737 - m3_module.m3_dot_detection - INFO - detect_all_dots: 紅點=36, 黑點=44, 涉及細胞=93
2026-07-26 13:11:45,034 - m4_module.cell_crops - INFO - 匯出 55 張 per-cell 影像至 /data/taro_Projects/tsgh/output/r7_run/cell_crops/tile_x2304_y14592/cells
2026-07-26 13:11:45,034 - hybrid_pipeline - INFO - Tile tile_x2304_y14592 完成: 核心擁有 55 細胞 (55 陽性), 1.22 秒
2026-07-26 13:11:45,087 - hybrid_pipeline - INFO - [462/576] 處理 tile: tile_x3072_y14592
2026-07-26 13:11:45,122 - m3_module.m3_cells_generator - INFO - All-positive 標註完成: 66 個細胞
2026-07-26 13:11:45,178 - m3_module.m3_cells_generator - INFO - enlarge_cell_instances: 66 顆細胞, factor=1.50(面積), 中位半徑=23.6px, 外擴=5.3px
2026-07-26 13:11:45,207 - m3_module.m3_elastic_matching - INFO - elastic_dish_nucleus_matching(overlap-first): IHC=66, DISH=11, matched(1核)=6 (其中重疊=6), drop-out(競爭落敗)=2, 無候選(計入)=58, factor=1.50, min_reach=20.0
2026-07-26 13:11:45,308 - m3_module.m3_dot_detection - INFO - detect_all_dots: 紅點=4, 黑點=5, 涉及細胞=66
2026-07-26 13:11:45,509 - m4_module.cell_crops - INFO - 匯出 39 張 per-cell 影像至 /data/taro_Projects/tsgh/output/r7_run/cell_crops/tile_x3840_y14592/cells
2026-07-26 13:11:45,509 - hybrid_pipeline - INFO - Tile tile_x3840_y14592 完成: 核心擁有 39 細胞 (39 陽性), 1.07 秒
2026-07-26 13:11:45,721 - hybrid_pipeline - INFO - [463/576] 處理 tile: tile_x4608_y14592
2026-07-26 13:11:45,749 - m3_module.m3_cells_generator - INFO - All-positive 標註完成: 89 個細胞
2026-07-26 13:11:45,808 - m3_module.m3_cells_generator - INFO - enlarge_cell_instances: 89 顆細胞, factor=1.50(面積), 中位半徑=28.0px, 外擴=6.3px
2026-07-26 13:11:45,834 - m3_module.m3_elastic_matching - INFO - elastic_dish_nucleus_matching(overlap-first): IHC=89, DISH=29, matched(1核)=19 (其中重疊=18), drop-out(競爭落敗)=4, 無候選(計入)=66, factor=1.50, min_reach=20.0
2026-07-26 13:11:45,977 - m3_module.m3_dot_detection - INFO - detect_all_dots: 紅點=16, 黑點=24, 涉及細胞=89
2026-07-26 13:11:46,266 - m4_module.cell_crops - INFO - 匯出 58 張 per-cell 影像至 /data/taro_Projects/tsgh/output/r7_run/cell_crops/tile_x3072_y14592/cells
2026-07-26 13:11:46,266 - hybrid_pipeline - INFO - Tile tile_x3072_y14592 完成: 核心擁有 58 細胞 (58 陽性), 1.18 秒
2026-07-26 13:11:46,349 - hybrid_pipeline - INFO - [464/576] 處理 tile: tile_x5376_y14592
2026-07-26 13:11:46,378 - m3_module.m3_cells_generator - INFO - All-positive 標註完成: 80 個細胞
2026-07-26 13:11:46,432 - m3_module.m3_cells_generator - INFO - enlarge_cell_instances: 80 顆細胞, factor=1.50(面積), 中位半徑=19.9px, 外擴=4.5px
2026-07-26 13:11:46,457 - m3_module.m3_elastic_matching - INFO - elastic_dish_nucleus_matching(overlap-first): IHC=80, DISH=9, matched(1核)=8 (其中重疊=8), drop-out(競爭落敗)=1, 無候選(計入)=71, factor=1.50, min_reach=20.0
2026-07-26 13:11:46,566 - m3_module.m3_dot_detection - INFO - detect_all_dots: 紅點=6, 黑點=11, 涉及細胞=80
2026-07-26 13:11:46,759 - m4_module.cell_crops - INFO - 匯出 32 張 per-cell 影像至 /data/taro_Projects/tsgh/output/r7_run/cell_crops/tile_x4608_y14592/cells
2026-07-26 13:11:46,759 - hybrid_pipeline - INFO - Tile tile_x4608_y14592 完成: 核心擁有 32 細胞 (32 陽性), 1.04 秒
2026-07-26 13:11:46,969 - hybrid_pipeline - INFO - [465/576] 處理 tile: tile_x7680_y14592
2026-07-26 13:11:46,998 - m3_module.m3_cells_generator - INFO - All-positive 標註完成: 110 個細胞
2026-07-26 13:11:47,053 - m3_module.m3_cells_generator - INFO - enlarge_cell_instances: 110 顆細胞, factor=1.50(面積), 中位半徑=22.7px, 外擴=5.1px
2026-07-26 13:11:47,080 - m3_module.m3_elastic_matching - INFO - elastic_dish_nucleus_matching(overlap-first): IHC=110, DISH=10, matched(1核)=6 (其中重疊=6), drop-out(競爭落敗)=1, 無候選(計入)=103, factor=1.50, min_reach=20.0
2026-07-26 13:11:47,179 - m3_module.m3_dot_detection - INFO - detect_all_dots: 紅點=1, 黑點=6, 涉及細胞=110
2026-07-26 13:11:47,443 - m4_module.cell_crops - INFO - 匯出 63 張 per-cell 影像至 /data/taro_Projects/tsgh/output/r7_run/cell_crops/tile_x5376_y14592/cells
2026-07-26 13:11:47,443 - hybrid_pipeline - INFO - Tile tile_x5376_y14592 完成: 核心擁有 63 細胞 (63 陽性), 1.09 秒
2026-07-26 13:11:47,583 - hybrid_pipeline - INFO - [466/576] 處理 tile: tile_x6144_y14592
2026-07-26 13:11:47,614 - m3_module.m3_cells_generator - INFO - All-positive 標註完成: 37 個細胞
2026-07-26 13:11:47,661 - m3_module.m3_cells_generator - INFO - enlarge_cell_instances: 37 顆細胞, factor=1.50(面積), 中位半徑=25.2px, 外擴=5.7px
2026-07-26 13:11:47,685 - m3_module.m3_elastic_matching - INFO - elastic_dish_nucleus_matching(overlap-first): IHC=37, DISH=30, matched(1核)=22 (其中重疊=22), drop-out(競爭落敗)=3, 無候選(計入)=12, factor=1.50, min_reach=20.0
2026-07-26 13:11:47,906 - m3_module.m3_dot_detection - INFO - detect_all_dots: 紅點=54, 黑點=69, 涉及細胞=37
2026-07-26 13:11:48,076 - m4_module.cell_crops - INFO - 匯出 24 張 per-cell 影像至 /data/taro_Projects/tsgh/output/r7_run/cell_crops/tile_x7680_y14592/cells
2026-07-26 13:11:48,076 - hybrid_pipeline - INFO - Tile tile_x7680_y14592 完成: 核心擁有 24 細胞 (24 陽性), 1.11 秒
2026-07-26 13:11:48,219 - hybrid_pipeline - INFO - [467/576] 處理 tile: tile_x8448_y14592
2026-07-26 13:11:48,249 - m3_module.m3_cells_generator - INFO - All-positive 標註完成: 5 個細胞
2026-07-26 13:11:48,280 - m3_module.m3_cells_generator - INFO - enlarge_cell_instances: 5 顆細胞, factor=1.50(面積), 中位半徑=31.7px, 外擴=7.1px
2026-07-26 13:11:48,375 - m3_module.m3_dot_detection - INFO - detect_all_dots: 紅點=0, 黑點=0, 涉及細胞=5
2026-07-26 13:11:48,427 - m4_module.cell_crops - INFO - 匯出 0 張 per-cell 影像至 /data/taro_Projects/tsgh/output/r7_run/cell_crops/tile_x6144_y14592/cells
2026-07-26 13:11:48,427 - hybrid_pipeline - INFO - Tile tile_x6144_y14592 完成: 核心擁有 0 細胞 (0 陽性), 0.84 秒
2026-07-26 13:11:48,861 - hybrid_pipeline - INFO - [468/576] 處理 tile: tile_x6912_y14592
2026-07-26 13:11:48,890 - m3_module.m3_cells_generator - INFO - All-positive 標註完成: 25 個細胞
2026-07-26 13:11:48,931 - m3_module.m3_cells_generator - INFO - enlarge_cell_instances: 25 顆細胞, factor=1.50(面積), 中位半徑=25.6px, 外擴=5.8px
2026-07-26 13:11:48,955 - m3_module.m3_elastic_matching - INFO - elastic_dish_nucleus_matching(overlap-first): IHC=25, DISH=26, matched(1核)=17 (其中重疊=17), drop-out(競爭落敗)=4, 無候選(計入)=4, factor=1.50, min_reach=20.0
2026-07-26 13:11:49,156 - m3_module.m3_dot_detection - INFO - detect_all_dots: 紅點=47, 黑點=68, 涉及細胞=25
2026-07-26 13:11:49,264 - m4_module.cell_crops - INFO - 匯出 9 張 per-cell 影像至 /data/taro_Projects/tsgh/output/r7_run/cell_crops/tile_x8448_y14592/cells
2026-07-26 13:11:49,264 - hybrid_pipeline - INFO - Tile tile_x8448_y14592 完成: 核心擁有 9 細胞 (9 陽性), 1.04 秒
2026-07-26 13:11:49,495 - hybrid_pipeline - INFO - [469/576] 處理 tile: tile_x9984_y14592
2026-07-26 13:11:49,524 - m3_module.m3_cells_generator - INFO - All-positive 標註完成: 19 個細胞
2026-07-26 13:11:49,564 - m3_module.m3_cells_generator - INFO - enlarge_cell_instances: 19 顆細胞, factor=1.50(面積), 中位半徑=25.0px, 外擴=5.6px
2026-07-26 13:11:49,586 - m3_module.m3_elastic_matching - INFO - elastic_dish_nucleus_matching(overlap-first): IHC=19, DISH=9, matched(1核)=5 (其中重疊=5), drop-out(競爭落敗)=1, 無候選(計入)=13, factor=1.50, min_reach=20.0
2026-07-26 13:11:49,684 - m3_module.m3_dot_detection - INFO - detect_all_dots: 紅點=8, 黑點=11, 涉及細胞=19
2026-07-26 13:11:49,800 - m4_module.cell_crops - INFO - 匯出 13 張 per-cell 影像至 /data/taro_Projects/tsgh/output/r7_run/cell_crops/tile_x6912_y14592/cells
2026-07-26 13:11:49,800 - hybrid_pipeline - INFO - Tile tile_x6912_y14592 完成: 核心擁有 13 細胞 (13 陽性), 0.94 秒
2026-07-26 13:11:49,800 - hybrid_pipeline - INFO - [470/576] 處理 tile: tile_x9216_y14592
2026-07-26 13:11:49,828 - hybrid_pipeline - INFO - Tile tile_x9984_y14592: 核心遮罩全空 → 空白 placeholder
2026-07-26 13:11:49,848 - hybrid_pipeline - INFO - [471/576] 處理 tile: tile_x10752_y14592
2026-07-26 13:11:49,872 - hybrid_pipeline - INFO - Tile tile_x9216_y14592: 核心遮罩全空 → 空白 placeholder
2026-07-26 13:11:49,891 - hybrid_pipeline - INFO - [472/576] 處理 tile: tile_x11520_y14592
2026-07-26 13:11:49,913 - hybrid_pipeline - INFO - Tile tile_x10752_y14592: 核心遮罩全空 → 空白 placeholder
2026-07-26 13:11:49,931 - hybrid_pipeline - INFO - [473/576] 處理 tile: tile_x13824_y14592
2026-07-26 13:11:49,954 - hybrid_pipeline - INFO - Tile tile_x11520_y14592: 核心遮罩全空 → 空白 placeholder
2026-07-26 13:11:49,969 - hybrid_pipeline - INFO - [474/576] 處理 tile: tile_x12288_y14592
2026-07-26 13:11:49,992 - hybrid_pipeline - INFO - Tile tile_x13824_y14592: 核心遮罩全空 → 空白 placeholder
2026-07-26 13:11:50,006 - hybrid_pipeline - INFO - [475/576] 處理 tile: tile_x13056_y14592
2026-07-26 13:11:50,028 - hybrid_pipeline - INFO - Tile tile_x12288_y14592: 核心遮罩全空 → 空白 placeholder
2026-07-26 13:11:50,042 - hybrid_pipeline - INFO - [476/576] 處理 tile: tile_x15360_y14592
2026-07-26 13:11:50,066 - hybrid_pipeline - INFO - Tile tile_x13056_y14592: 核心遮罩全空 → 空白 placeholder
2026-07-26 13:11:50,088 - hybrid_pipeline - INFO - [477/576] 處理 tile: tile_x16128_y14592
2026-07-26 13:11:50,111 - hybrid_pipeline - INFO - Tile tile_x15360_y14592: 核心遮罩全空 → 空白 placeholder
2026-07-26 13:11:50,125 - hybrid_pipeline - INFO - [478/576] 處理 tile: tile_x14592_y14592
2026-07-26 13:11:50,150 - hybrid_pipeline - INFO - Tile tile_x16128_y14592: 核心遮罩全空 → 空白 placeholder
2026-07-26 13:11:50,164 - hybrid_pipeline - INFO - [479/576] 處理 tile: tile_x17664_y14592
2026-07-26 13:11:50,188 - hybrid_pipeline - INFO - Tile tile_x14592_y14592: 核心遮罩全空 → 空白 placeholder
2026-07-26 13:11:50,200 - hybrid_pipeline - INFO - [480/576] 處理 tile: tile_x16896_y14592
2026-07-26 13:11:50,226 - hybrid_pipeline - INFO - Tile tile_x17664_y14592: 核心遮罩全空 → 空白 placeholder
2026-07-26 13:11:50,238 - hybrid_pipeline - INFO - [481/576] 處理 tile: tile_x768_y15360
2026-07-26 13:11:50,260 - hybrid_pipeline - INFO - Tile tile_x16896_y14592: 核心遮罩全空 → 空白 placeholder
2026-07-26 13:11:50,806 - hybrid_pipeline - INFO - [482/576] 處理 tile: tile_x0_y15360
2026-07-26 13:11:50,836 - m3_module.m3_cells_generator - INFO - All-positive 標註完成: 8 個細胞
2026-07-26 13:11:50,864 - m3_module.m3_cells_generator - INFO - enlarge_cell_instances: 8 顆細胞, factor=1.50(面積), 中位半徑=15.1px, 外擴=3.4px
2026-07-26 13:11:50,889 - m3_module.m3_elastic_matching - INFO - elastic_dish_nucleus_matching(overlap-first): IHC=8, DISH=4, matched(1核)=3 (其中重疊=3), drop-out(競爭落敗)=1, 無候選(計入)=4, factor=1.50, min_reach=20.0
2026-07-26 13:11:50,983 - m3_module.m3_dot_detection - INFO - detect_all_dots: 紅點=3, 黑點=4, 涉及細胞=8
2026-07-26 13:11:51,059 - m4_module.cell_crops - INFO - 匯出 0 張 per-cell 影像至 /data/taro_Projects/tsgh/output/r7_run/cell_crops/tile_x768_y15360/cells
2026-07-26 13:11:51,059 - hybrid_pipeline - INFO - Tile tile_x768_y15360 完成: 核心擁有 0 細胞 (0 陽性), 0.82 秒
2026-07-26 13:11:51,433 - hybrid_pipeline - INFO - [483/576] 處理 tile: tile_x1536_y15360
2026-07-26 13:11:51,463 - m3_module.m3_cells_generator - INFO - All-positive 標註完成: 15 個細胞
2026-07-26 13:11:51,505 - m3_module.m3_cells_generator - INFO - enlarge_cell_instances: 15 顆細胞, factor=1.50(面積), 中位半徑=31.3px, 外擴=7.0px
2026-07-26 13:11:51,528 - m3_module.m3_elastic_matching - INFO - elastic_dish_nucleus_matching(overlap-first): IHC=15, DISH=17, matched(1核)=11 (其中重疊=11), drop-out(競爭落敗)=1, 無候選(計入)=3, factor=1.50, min_reach=20.0
2026-07-26 13:11:51,653 - m3_module.m3_dot_detection - INFO - detect_all_dots: 紅點=13, 黑點=19, 涉及細胞=15
2026-07-26 13:11:51,776 - m4_module.cell_crops - INFO - 匯出 11 張 per-cell 影像至 /data/taro_Projects/tsgh/output/r7_run/cell_crops/tile_x0_y15360/cells
2026-07-26 13:11:51,776 - hybrid_pipeline - INFO - Tile tile_x0_y15360 完成: 核心擁有 11 細胞 (11 陽性), 0.97 秒
2026-07-26 13:11:52,101 - hybrid_pipeline - INFO - [484/576] 處理 tile: tile_x2304_y15360
2026-07-26 13:11:52,129 - m3_module.m3_cells_generator - INFO - All-positive 標註完成: 106 個細胞
2026-07-26 13:11:52,183 - m3_module.m3_cells_generator - INFO - enlarge_cell_instances: 106 顆細胞, factor=1.50(面積), 中位半徑=28.6px, 外擴=6.4px
2026-07-26 13:11:52,211 - m3_module.m3_elastic_matching - INFO - elastic_dish_nucleus_matching(overlap-first): IHC=106, DISH=54, matched(1核)=42 (其中重疊=42), drop-out(競爭落敗)=14, 無候選(計入)=50, factor=1.50, min_reach=20.0
2026-07-26 13:11:52,439 - m3_module.m3_dot_detection - INFO - detect_all_dots: 紅點=52, 黑點=74, 涉及細胞=106
2026-07-26 13:11:52,745 - m4_module.cell_crops - INFO - 匯出 70 張 per-cell 影像至 /data/taro_Projects/tsgh/output/r7_run/cell_crops/tile_x1536_y15360/cells
2026-07-26 13:11:52,745 - hybrid_pipeline - INFO - Tile tile_x1536_y15360 完成: 核心擁有 70 細胞 (70 陽性), 1.31 秒
2026-07-26 13:11:52,826 - hybrid_pipeline - INFO - [485/576] 處理 tile: tile_x3840_y15360
2026-07-26 13:11:52,855 - m3_module.m3_cells_generator - INFO - All-positive 標註完成: 124 個細胞
2026-07-26 13:11:52,911 - m3_module.m3_cells_generator - INFO - enlarge_cell_instances: 124 顆細胞, factor=1.50(面積), 中位半徑=28.7px, 外擴=6.4px
2026-07-26 13:11:52,942 - m3_module.m3_elastic_matching - INFO - elastic_dish_nucleus_matching(overlap-first): IHC=124, DISH=76, matched(1核)=47 (其中重疊=47), drop-out(競爭落敗)=5, 無候選(計入)=72, factor=1.50, min_reach=20.0
2026-07-26 13:11:53,162 - m3_module.m3_dot_detection - INFO - detect_all_dots: 紅點=52, 黑點=66, 涉及細胞=124
2026-07-26 13:11:53,506 - m4_module.cell_crops - INFO - 匯出 73 張 per-cell 影像至 /data/taro_Projects/tsgh/output/r7_run/cell_crops/tile_x2304_y15360/cells
2026-07-26 13:11:53,507 - hybrid_pipeline - INFO - Tile tile_x2304_y15360 完成: 核心擁有 73 細胞 (73 陽性), 1.41 秒
2026-07-26 13:11:53,507 - hybrid_pipeline - INFO - [486/576] 處理 tile: tile_x3072_y15360
2026-07-26 13:11:53,530 - m3_module.m3_cells_generator - INFO - All-positive 標註完成: 69 個細胞
2026-07-26 13:11:53,580 - m3_module.m3_cells_generator - INFO - enlarge_cell_instances: 69 顆細胞, factor=1.50(面積), 中位半徑=22.9px, 外擴=5.1px
2026-07-26 13:11:53,606 - m3_module.m3_elastic_matching - INFO - elastic_dish_nucleus_matching(overlap-first): IHC=69, DISH=5, matched(1核)=5 (其中重疊=5), drop-out(競爭落敗)=2, 無候選(計入)=62, factor=1.50, min_reach=20.0
2026-07-26 13:11:53,696 - m3_module.m3_dot_detection - INFO - detect_all_dots: 紅點=4, 黑點=6, 涉及細胞=69
2026-07-26 13:11:53,863 - m4_module.cell_crops - INFO - 匯出 37 張 per-cell 影像至 /data/taro_Projects/tsgh/output/r7_run/cell_crops/tile_x3840_y15360/cells
2026-07-26 13:11:53,863 - hybrid_pipeline - INFO - Tile tile_x3840_y15360 完成: 核心擁有 37 細胞 (37 陽性), 1.04 秒
2026-07-26 13:11:54,117 - hybrid_pipeline - INFO - [487/576] 處理 tile: tile_x4608_y15360
2026-07-26 13:11:54,155 - m3_module.m3_cells_generator - INFO - All-positive 標註完成: 28 個細胞
2026-07-26 13:11:54,190 - m3_module.m3_cells_generator - INFO - enlarge_cell_instances: 28 顆細胞, factor=1.50(面積), 中位半徑=17.6px, 外擴=4.0px
2026-07-26 13:11:54,214 - m3_module.m3_elastic_matching - INFO - elastic_dish_nucleus_matching(overlap-first): IHC=28, DISH=11, matched(1核)=8 (其中重疊=8), drop-out(競爭落敗)=1, 無候選(計入)=19, factor=1.50, min_reach=20.0
2026-07-26 13:11:54,320 - m3_module.m3_dot_detection - INFO - detect_all_dots: 紅點=7, 黑點=5, 涉及細胞=28
2026-07-26 13:11:54,426 - m4_module.cell_crops - INFO - 匯出 2 張 per-cell 影像至 /data/taro_Projects/tsgh/output/r7_run/cell_crops/tile_x3072_y15360/cells
2026-07-26 13:11:54,426 - hybrid_pipeline - INFO - Tile tile_x3072_y15360 完成: 核心擁有 2 細胞 (2 陽性), 0.92 秒
2026-07-26 13:11:54,762 - hybrid_pipeline - INFO - [488/576] 處理 tile: tile_x5376_y15360
2026-07-26 13:11:54,792 - m3_module.m3_cells_generator - INFO - All-positive 標註完成: 130 個細胞
2026-07-26 13:11:54,851 - m3_module.m3_cells_generator - INFO - enlarge_cell_instances: 130 顆細胞, factor=1.50(面積), 中位半徑=22.4px, 外擴=5.0px
2026-07-26 13:11:54,879 - m3_module.m3_elastic_matching - INFO - elastic_dish_nucleus_matching(overlap-first): IHC=130, DISH=32, matched(1核)=22 (其中重疊=22), drop-out(競爭落敗)=7, 無候選(計入)=101, factor=1.50, min_reach=20.0
2026-07-26 13:11:55,020 - m3_module.m3_dot_detection - INFO - detect_all_dots: 紅點=15, 黑點=22, 涉及細胞=130
2026-07-26 13:11:55,366 - m4_module.cell_crops - INFO - 匯出 67 張 per-cell 影像至 /data/taro_Projects/tsgh/output/r7_run/cell_crops/tile_x4608_y15360/cells
2026-07-26 13:11:55,367 - hybrid_pipeline - INFO - Tile tile_x4608_y15360 完成: 核心擁有 67 細胞 (67 陽性), 1.25 秒
2026-07-26 13:11:55,392 - hybrid_pipeline - INFO - [489/576] 處理 tile: tile_x6912_y15360
2026-07-26 13:11:55,415 - m3_module.m3_cells_generator - INFO - All-positive 標註完成: 102 個細胞
2026-07-26 13:11:55,473 - m3_module.m3_cells_generator - INFO - enlarge_cell_instances: 102 顆細胞, factor=1.50(面積), 中位半徑=21.9px, 外擴=4.9px
2026-07-26 13:11:55,498 - m3_module.m3_elastic_matching - INFO - elastic_dish_nucleus_matching(overlap-first): IHC=102, DISH=14, matched(1核)=10 (其中重疊=10), drop-out(競爭落敗)=7, 無候選(計入)=85, factor=1.50, min_reach=20.0
2026-07-26 13:11:55,609 - m3_module.m3_dot_detection - INFO - detect_all_dots: 紅點=4, 黑點=8, 涉及細胞=102
2026-07-26 13:11:55,880 - m4_module.cell_crops - INFO - 匯出 64 張 per-cell 影像至 /data/taro_Projects/tsgh/output/r7_run/cell_crops/tile_x5376_y15360/cells
2026-07-26 13:11:55,880 - hybrid_pipeline - INFO - Tile tile_x5376_y15360 完成: 核心擁有 64 細胞 (64 陽性), 1.12 秒
2026-07-26 13:11:56,046 - hybrid_pipeline - INFO - [490/576] 處理 tile: tile_x7680_y15360
2026-07-26 13:11:56,075 - m3_module.m3_cells_generator - INFO - All-positive 標註完成: 88 個細胞
2026-07-26 13:11:56,133 - m3_module.m3_cells_generator - INFO - enlarge_cell_instances: 88 顆細胞, factor=1.50(面積), 中位半徑=21.0px, 外擴=4.7px
2026-07-26 13:11:56,161 - m3_module.m3_elastic_matching - INFO - elastic_dish_nucleus_matching(overlap-first): IHC=88, DISH=63, matched(1核)=38 (其中重疊=38), drop-out(競爭落敗)=4, 無候選(計入)=46, factor=1.50, min_reach=20.0
2026-07-26 13:11:56,387 - m3_module.m3_dot_detection - INFO - detect_all_dots: 紅點=46, 黑點=68, 涉及細胞=88
2026-07-26 13:11:56,657 - m4_module.cell_crops - INFO - 匯出 47 張 per-cell 影像至 /data/taro_Projects/tsgh/output/r7_run/cell_crops/tile_x6912_y15360/cells
2026-07-26 13:11:56,657 - hybrid_pipeline - INFO - Tile tile_x6912_y15360 完成: 核心擁有 47 細胞 (47 陽性), 1.26 秒
2026-07-26 13:11:56,743 - hybrid_pipeline - INFO - [491/576] 處理 tile: tile_x6144_y15360
2026-07-26 13:11:56,772 - m3_module.m3_cells_generator - INFO - All-positive 標註完成: 53 個細胞
2026-07-26 13:11:56,827 - m3_module.m3_cells_generator - INFO - enlarge_cell_instances: 53 顆細胞, factor=1.50(面積), 中位半徑=21.5px, 外擴=4.8px
2026-07-26 13:11:56,852 - m3_module.m3_elastic_matching - INFO - elastic_dish_nucleus_matching(overlap-first): IHC=53, DISH=61, matched(1核)=34 (其中重疊=34), drop-out(競爭落敗)=5, 無候選(計入)=14, factor=1.50, min_reach=20.0
2026-07-26 13:11:57,099 - m3_module.m3_dot_detection - INFO - detect_all_dots: 紅點=64, 黑點=79, 涉及細胞=53
2026-07-26 13:11:57,291 - m4_module.cell_crops - INFO - 匯出 22 張 per-cell 影像至 /data/taro_Projects/tsgh/output/r7_run/cell_crops/tile_x7680_y15360/cells
2026-07-26 13:11:57,291 - hybrid_pipeline - INFO - Tile tile_x7680_y15360 完成: 核心擁有 22 細胞 (22 陽性), 1.24 秒
2026-07-26 13:11:57,424 - hybrid_pipeline - INFO - [492/576] 處理 tile: tile_x8448_y15360
2026-07-26 13:11:57,453 - m3_module.m3_cells_generator - INFO - All-positive 標註完成: 68 個細胞
2026-07-26 13:11:57,508 - m3_module.m3_cells_generator - INFO - enlarge_cell_instances: 68 顆細胞, factor=1.50(面積), 中位半徑=18.8px, 外擴=4.2px
2026-07-26 13:11:57,534 - m3_module.m3_elastic_matching - INFO - elastic_dish_nucleus_matching(overlap-first): IHC=68, DISH=5, matched(1核)=4 (其中重疊=4), drop-out(競爭落敗)=3, 無候選(計入)=61, factor=1.50, min_reach=20.0
2026-07-26 13:11:57,638 - m3_module.m3_dot_detection - INFO - detect_all_dots: 紅點=6, 黑點=7, 涉及細胞=68
2026-07-26 13:11:57,811 - m4_module.cell_crops - INFO - 匯出 28 張 per-cell 影像至 /data/taro_Projects/tsgh/output/r7_run/cell_crops/tile_x6144_y15360/cells
2026-07-26 13:11:57,811 - hybrid_pipeline - INFO - Tile tile_x6144_y15360 完成: 核心擁有 28 細胞 (28 陽性), 1.07 秒
2026-07-26 13:11:58,070 - hybrid_pipeline - INFO - [493/576] 處理 tile: tile_x10752_y15360
2026-07-26 13:11:58,100 - m3_module.m3_cells_generator - INFO - All-positive 標註完成: 22 個細胞
2026-07-26 13:11:58,139 - m3_module.m3_cells_generator - INFO - enlarge_cell_instances: 22 顆細胞, factor=1.50(面積), 中位半徑=21.9px, 外擴=4.9px
2026-07-26 13:11:58,161 - m3_module.m3_elastic_matching - INFO - elastic_dish_nucleus_matching(overlap-first): IHC=22, DISH=30, matched(1核)=15 (其中重疊=15), drop-out(競爭落敗)=1, 無候選(計入)=6, factor=1.50, min_reach=20.0
2026-07-26 13:11:58,311 - m3_module.m3_dot_detection - INFO - detect_all_dots: 紅點=31, 黑點=48, 涉及細胞=22
2026-07-26 13:11:58,425 - m4_module.cell_crops - INFO - 匯出 10 張 per-cell 影像至 /data/taro_Projects/tsgh/output/r7_run/cell_crops/tile_x8448_y15360/cells
2026-07-26 13:11:58,425 - hybrid_pipeline - INFO - Tile tile_x8448_y15360 完成: 核心擁有 10 細胞 (10 陽性), 1.00 秒
2026-07-26 13:11:58,425 - hybrid_pipeline - INFO - [494/576] 處理 tile: tile_x9984_y15360
2026-07-26 13:11:58,452 - hybrid_pipeline - INFO - Tile tile_x10752_y15360: 核心遮罩全空 → 空白 placeholder
2026-07-26 13:11:58,472 - hybrid_pipeline - INFO - [495/576] 處理 tile: tile_x9216_y15360
2026-07-26 13:11:58,495 - hybrid_pipeline - INFO - Tile tile_x9984_y15360: 核心遮罩全空 → 空白 placeholder
2026-07-26 13:11:58,513 - hybrid_pipeline - INFO - [496/576] 處理 tile: tile_x11520_y15360
2026-07-26 13:11:58,537 - hybrid_pipeline - INFO - Tile tile_x9216_y15360: 核心遮罩全空 → 空白 placeholder
2026-07-26 13:11:58,554 - hybrid_pipeline - INFO - [497/576] 處理 tile: tile_x12288_y15360
2026-07-26 13:11:58,578 - hybrid_pipeline - INFO - Tile tile_x11520_y15360: 核心遮罩全空 → 空白 placeholder
2026-07-26 13:11:58,595 - hybrid_pipeline - INFO - [498/576] 處理 tile: tile_x13824_y15360
2026-07-26 13:11:58,618 - hybrid_pipeline - INFO - Tile tile_x12288_y15360: 核心遮罩全空 → 空白 placeholder
2026-07-26 13:11:58,635 - hybrid_pipeline - INFO - [499/576] 處理 tile: tile_x13056_y15360
2026-07-26 13:11:58,658 - hybrid_pipeline - INFO - Tile tile_x13824_y15360: 核心遮罩全空 → 空白 placeholder
2026-07-26 13:11:58,672 - hybrid_pipeline - INFO - [500/576] 處理 tile: tile_x14592_y15360
2026-07-26 13:11:58,695 - hybrid_pipeline - INFO - Tile tile_x13056_y15360: 核心遮罩全空 → 空白 placeholder
2026-07-26 13:11:58,712 - hybrid_pipeline - INFO - [501/576] 處理 tile: tile_x16128_y15360
2026-07-26 13:11:58,735 - hybrid_pipeline - INFO - Tile tile_x14592_y15360: 核心遮罩全空 → 空白 placeholder
2026-07-26 13:11:58,748 - hybrid_pipeline - INFO - [502/576] 處理 tile: tile_x15360_y15360
2026-07-26 13:11:58,772 - hybrid_pipeline - INFO - Tile tile_x16128_y15360: 核心遮罩全空 → 空白 placeholder
2026-07-26 13:11:58,783 - hybrid_pipeline - INFO - [503/576] 處理 tile: tile_x16896_y15360
2026-07-26 13:11:58,806 - hybrid_pipeline - INFO - Tile tile_x15360_y15360: 核心遮罩全空 → 空白 placeholder
2026-07-26 13:11:58,818 - hybrid_pipeline - INFO - [504/576] 處理 tile: tile_x17664_y15360
2026-07-26 13:11:58,846 - hybrid_pipeline - INFO - Tile tile_x16896_y15360: 核心遮罩全空 → 空白 placeholder
2026-07-26 13:11:58,853 - hybrid_pipeline - INFO - [505/576] 處理 tile: tile_x1536_y16128
2026-07-26 13:11:58,877 - hybrid_pipeline - INFO - Tile tile_x17664_y15360: 核心遮罩全空 → 空白 placeholder
2026-07-26 13:11:59,441 - hybrid_pipeline - INFO - [506/576] 處理 tile: tile_x768_y16128
2026-07-26 13:11:59,470 - m3_module.m3_cells_generator - INFO - All-positive 標註完成: 61 個細胞
2026-07-26 13:11:59,519 - m3_module.m3_cells_generator - INFO - enlarge_cell_instances: 61 顆細胞, factor=1.50(面積), 中位半徑=27.2px, 外擴=6.1px
2026-07-26 13:11:59,550 - m3_module.m3_elastic_matching - INFO - elastic_dish_nucleus_matching(overlap-first): IHC=61, DISH=31, matched(1核)=19 (其中重疊=19), drop-out(競爭落敗)=3, 無候選(計入)=39, factor=1.50, min_reach=20.0
2026-07-26 13:11:59,692 - m3_module.m3_dot_detection - INFO - detect_all_dots: 紅點=19, 黑點=36, 涉及細胞=61
2026-07-26 13:11:59,874 - m4_module.cell_crops - INFO - 匯出 36 張 per-cell 影像至 /data/taro_Projects/tsgh/output/r7_run/cell_crops/tile_x1536_y16128/cells
2026-07-26 13:11:59,874 - hybrid_pipeline - INFO - Tile tile_x1536_y16128 完成: 核心擁有 36 細胞 (36 陽性), 1.02 秒
2026-07-26 13:12:00,047 - hybrid_pipeline - INFO - [507/576] 處理 tile: tile_x2304_y16128
2026-07-26 13:12:00,076 - m3_module.m3_cells_generator - INFO - All-positive 標註完成: 26 個細胞
2026-07-26 13:12:00,116 - m3_module.m3_cells_generator - INFO - enlarge_cell_instances: 26 顆細胞, factor=1.50(面積), 中位半徑=28.3px, 外擴=6.4px
2026-07-26 13:12:00,140 - m3_module.m3_elastic_matching - INFO - elastic_dish_nucleus_matching(overlap-first): IHC=26, DISH=21, matched(1核)=12 (其中重疊=12), drop-out(競爭落敗)=2, 無候選(計入)=12, factor=1.50, min_reach=20.0
2026-07-26 13:12:00,237 - m3_module.m3_dot_detection - INFO - detect_all_dots: 紅點=3, 黑點=10, 涉及細胞=26
2026-07-26 13:12:00,369 - m4_module.cell_crops - INFO - 匯出 10 張 per-cell 影像至 /data/taro_Projects/tsgh/output/r7_run/cell_crops/tile_x768_y16128/cells
2026-07-26 13:12:00,369 - hybrid_pipeline - INFO - Tile tile_x768_y16128 完成: 核心擁有 10 細胞 (10 陽性), 0.93 秒
2026-07-26 13:12:00,678 - hybrid_pipeline - INFO - [508/576] 處理 tile: tile_x0_y16128
2026-07-26 13:12:00,708 - m3_module.m3_cells_generator - INFO - All-positive 標註完成: 72 個細胞
2026-07-26 13:12:00,758 - m3_module.m3_cells_generator - INFO - enlarge_cell_instances: 72 顆細胞, factor=1.50(面積), 中位半徑=28.4px, 外擴=6.4px
2026-07-26 13:12:00,784 - m3_module.m3_elastic_matching - INFO - elastic_dish_nucleus_matching(overlap-first): IHC=72, DISH=35, matched(1核)=25 (其中重疊=25), drop-out(競爭落敗)=4, 無候選(計入)=43, factor=1.50, min_reach=20.0
2026-07-26 13:12:00,946 - m3_module.m3_dot_detection - INFO - detect_all_dots: 紅點=29, 黑點=44, 涉及細胞=72
2026-07-26 13:12:01,153 - m4_module.cell_crops - INFO - 匯出 40 張 per-cell 影像至 /data/taro_Projects/tsgh/output/r7_run/cell_crops/tile_x2304_y16128/cells
2026-07-26 13:12:01,153 - hybrid_pipeline - INFO - Tile tile_x2304_y16128 完成: 核心擁有 40 細胞 (40 陽性), 1.11 秒
2026-07-26 13:12:01,324 - hybrid_pipeline - INFO - [509/576] 處理 tile: tile_x3072_y16128
2026-07-26 13:12:01,354 - m3_module.m3_cells_generator - INFO - All-positive 標註完成: 76 個細胞
2026-07-26 13:12:01,411 - m3_module.m3_cells_generator - INFO - enlarge_cell_instances: 76 顆細胞, factor=1.50(面積), 中位半徑=30.5px, 外擴=6.9px
2026-07-26 13:12:01,439 - m3_module.m3_elastic_matching - INFO - elastic_dish_nucleus_matching(overlap-first): IHC=76, DISH=69, matched(1核)=47 (其中重疊=47), drop-out(競爭落敗)=7, 無候選(計入)=22, factor=1.50, min_reach=20.0
2026-07-26 13:12:01,662 - m3_module.m3_dot_detection - INFO - detect_all_dots: 紅點=42, 黑點=73, 涉及細胞=76
2026-07-26 13:12:01,956 - m4_module.cell_crops - INFO - 匯出 53 張 per-cell 影像至 /data/taro_Projects/tsgh/output/r7_run/cell_crops/tile_x0_y16128/cells
2026-07-26 13:12:01,956 - hybrid_pipeline - INFO - Tile tile_x0_y16128 完成: 核心擁有 53 細胞 (53 陽性), 1.28 秒
2026-07-26 13:12:01,998 - hybrid_pipeline - INFO - [510/576] 處理 tile: tile_x5376_y16128
2026-07-26 13:12:02,023 - m3_module.m3_cells_generator - INFO - All-positive 標註完成: 52 個細胞
2026-07-26 13:12:02,070 - m3_module.m3_cells_generator - INFO - enlarge_cell_instances: 52 顆細胞, factor=1.50(面積), 中位半徑=21.7px, 外擴=4.9px
2026-07-26 13:12:02,094 - m3_module.m3_elastic_matching - INFO - elastic_dish_nucleus_matching(overlap-first): IHC=52, DISH=19, matched(1核)=15 (其中重疊=15), drop-out(競爭落敗)=6, 無候選(計入)=31, factor=1.50, min_reach=20.0
2026-07-26 13:12:02,228 - m3_module.m3_dot_detection - INFO - detect_all_dots: 紅點=25, 黑點=20, 涉及細胞=52
2026-07-26 13:12:02,383 - m4_module.cell_crops - INFO - 匯出 27 張 per-cell 影像至 /data/taro_Projects/tsgh/output/r7_run/cell_crops/tile_x3072_y16128/cells
2026-07-26 13:12:02,383 - hybrid_pipeline - INFO - Tile tile_x3072_y16128 完成: 核心擁有 27 細胞 (27 陽性), 1.06 秒
2026-07-26 13:12:02,629 - hybrid_pipeline - INFO - [511/576] 處理 tile: tile_x4608_y16128
2026-07-26 13:12:02,660 - m3_module.m3_cells_generator - INFO - All-positive 標註完成: 57 個細胞
2026-07-26 13:12:02,715 - m3_module.m3_cells_generator - INFO - enlarge_cell_instances: 57 顆細胞, factor=1.50(面積), 中位半徑=22.4px, 外擴=5.0px
2026-07-26 13:12:02,739 - m3_module.m3_elastic_matching - INFO - elastic_dish_nucleus_matching(overlap-first): IHC=57, DISH=12, matched(1核)=9 (其中重疊=9), drop-out(競爭落敗)=1, 無候選(計入)=47, factor=1.50, min_reach=20.0
2026-07-26 13:12:02,847 - m3_module.m3_dot_detection - INFO - detect_all_dots: 紅點=4, 黑點=10, 涉及細胞=57
2026-07-26 13:12:03,009 - m4_module.cell_crops - INFO - 匯出 19 張 per-cell 影像至 /data/taro_Projects/tsgh/output/r7_run/cell_crops/tile_x5376_y16128/cells
2026-07-26 13:12:03,009 - hybrid_pipeline - INFO - Tile tile_x5376_y16128 完成: 核心擁有 19 細胞 (19 陽性), 1.01 秒
2026-07-26 13:12:03,270 - hybrid_pipeline - INFO - [512/576] 處理 tile: tile_x3840_y16128
2026-07-26 13:12:03,300 - m3_module.m3_cells_generator - INFO - All-positive 標註完成: 95 個細胞
2026-07-26 13:12:03,359 - m3_module.m3_cells_generator - INFO - enlarge_cell_instances: 95 顆細胞, factor=1.50(面積), 中位半徑=29.5px, 外擴=6.6px
2026-07-26 13:12:03,388 - m3_module.m3_elastic_matching - INFO - elastic_dish_nucleus_matching(overlap-first): IHC=95, DISH=40, matched(1核)=24 (其中重疊=24), drop-out(競爭落敗)=2, 無候選(計入)=69, factor=1.50, min_reach=20.0
2026-07-26 13:12:03,532 - m3_module.m3_dot_detection - INFO - detect_all_dots: 紅點=20, 黑點=29, 涉及細胞=95
2026-07-26 13:12:03,827 - m4_module.cell_crops - INFO - 匯出 49 張 per-cell 影像至 /data/taro_Projects/tsgh/output/r7_run/cell_crops/tile_x4608_y16128/cells
2026-07-26 13:12:03,827 - hybrid_pipeline - INFO - Tile tile_x4608_y16128 完成: 核心擁有 49 細胞 (49 陽性), 1.20 秒
2026-07-26 13:12:03,932 - hybrid_pipeline - INFO - [513/576] 處理 tile: tile_x6144_y16128
2026-07-26 13:12:03,960 - m3_module.m3_cells_generator - INFO - All-positive 標註完成: 122 個細胞
2026-07-26 13:12:04,019 - m3_module.m3_cells_generator - INFO - enlarge_cell_instances: 122 顆細胞, factor=1.50(面積), 中位半徑=26.2px, 外擴=5.9px
2026-07-26 13:12:04,047 - m3_module.m3_elastic_matching - INFO - elastic_dish_nucleus_matching(overlap-first): IHC=122, DISH=55, matched(1核)=36 (其中重疊=34), drop-out(競爭落敗)=7, 無候選(計入)=79, factor=1.50, min_reach=20.0
2026-07-26 13:12:04,211 - m3_module.m3_dot_detection - INFO - detect_all_dots: 紅點=24, 黑點=29, 涉及細胞=122
2026-07-26 13:12:04,550 - m4_module.cell_crops - INFO - 匯出 78 張 per-cell 影像至 /data/taro_Projects/tsgh/output/r7_run/cell_crops/tile_x3840_y16128/cells
2026-07-26 13:12:04,550 - hybrid_pipeline - INFO - Tile tile_x3840_y16128 完成: 核心擁有 78 細胞 (78 陽性), 1.28 秒
2026-07-26 13:12:04,644 - hybrid_pipeline - INFO - [514/576] 處理 tile: tile_x6912_y16128
2026-07-26 13:12:04,674 - m3_module.m3_cells_generator - INFO - All-positive 標註完成: 145 個細胞
2026-07-26 13:12:04,732 - m3_module.m3_cells_generator - INFO - enlarge_cell_instances: 145 顆細胞, factor=1.50(面積), 中位半徑=23.0px, 外擴=5.2px
2026-07-26 13:12:04,761 - m3_module.m3_elastic_matching - INFO - elastic_dish_nucleus_matching(overlap-first): IHC=145, DISH=25, matched(1核)=20 (其中重疊=20), drop-out(競爭落敗)=7, 無候選(計入)=118, factor=1.50, min_reach=20.0
2026-07-26 13:12:04,897 - m3_module.m3_dot_detection - INFO - detect_all_dots: 紅點=16, 黑點=26, 涉及細胞=145
2026-07-26 13:12:05,276 - m4_module.cell_crops - INFO - 匯出 85 張 per-cell 影像至 /data/taro_Projects/tsgh/output/r7_run/cell_crops/tile_x6144_y16128/cells
2026-07-26 13:12:05,276 - hybrid_pipeline - INFO - Tile tile_x6144_y16128 完成: 核心擁有 85 細胞 (85 陽性), 1.34 秒
2026-07-26 13:12:05,326 - hybrid_pipeline - INFO - [515/576] 處理 tile: tile_x9216_y16128
2026-07-26 13:12:05,354 - m3_module.m3_cells_generator - INFO - All-positive 標註完成: 121 個細胞
2026-07-26 13:12:05,411 - m3_module.m3_cells_generator - INFO - enlarge_cell_instances: 121 顆細胞, factor=1.50(面積), 中位半徑=23.0px, 外擴=5.2px
2026-07-26 13:12:05,441 - m3_module.m3_elastic_matching - INFO - elastic_dish_nucleus_matching(overlap-first): IHC=121, DISH=106, matched(1核)=60 (其中重疊=60), drop-out(競爭落敗)=8, 無候選(計入)=53, factor=1.50, min_reach=20.0
2026-07-26 13:12:05,784 - m3_module.m3_dot_detection - INFO - detect_all_dots: 紅點=101, 黑點=142, 涉及細胞=121
2026-07-26 13:12:06,122 - m4_module.cell_crops - INFO - 匯出 70 張 per-cell 影像至 /data/taro_Projects/tsgh/output/r7_run/cell_crops/tile_x6912_y16128/cells
2026-07-26 13:12:06,122 - hybrid_pipeline - INFO - Tile tile_x6912_y16128 完成: 核心擁有 70 細胞 (70 陽性), 1.48 秒
2026-07-26 13:12:06,122 - hybrid_pipeline - INFO - [516/576] 處理 tile: tile_x7680_y16128
2026-07-26 13:12:06,145 - m3_module.m3_cells_generator - INFO - All-positive 標註完成: 4 個細胞
2026-07-26 13:12:06,174 - m3_module.m3_cells_generator - INFO - enlarge_cell_instances: 4 顆細胞, factor=1.50(面積), 中位半徑=20.0px, 外擴=4.5px
2026-07-26 13:12:06,196 - m3_module.m3_elastic_matching - INFO - elastic_dish_nucleus_matching(overlap-first): IHC=4, DISH=1, matched(1核)=1 (其中重疊=1), drop-out(競爭落敗)=0, 無候選(計入)=3, factor=1.50, min_reach=20.0
2026-07-26 13:12:06,300 - m3_module.m3_dot_detection - INFO - detect_all_dots: 紅點=3, 黑點=4, 涉及細胞=4
2026-07-26 13:12:06,360 - m4_module.cell_crops - INFO - 匯出 1 張 per-cell 影像至 /data/taro_Projects/tsgh/output/r7_run/cell_crops/tile_x9216_y16128/cells
2026-07-26 13:12:06,360 - hybrid_pipeline - INFO - Tile tile_x9216_y16128 完成: 核心擁有 1 細胞 (1 陽性), 1.03 秒
2026-07-26 13:12:06,837 - hybrid_pipeline - INFO - [517/576] 處理 tile: tile_x8448_y16128
2026-07-26 13:12:06,866 - m3_module.m3_cells_generator - INFO - All-positive 標註完成: 51 個細胞
2026-07-26 13:12:06,914 - m3_module.m3_cells_generator - INFO - enlarge_cell_instances: 51 顆細胞, factor=1.50(面積), 中位半徑=21.3px, 外擴=4.8px
2026-07-26 13:12:06,939 - m3_module.m3_elastic_matching - INFO - elastic_dish_nucleus_matching(overlap-first): IHC=51, DISH=78, matched(1核)=38 (其中重疊=38), drop-out(競爭落敗)=3, 無候選(計入)=10, factor=1.50, min_reach=20.0
2026-07-26 13:12:07,202 - m3_module.m3_dot_detection - INFO - detect_all_dots: 紅點=74, 黑點=92, 涉及細胞=51
2026-07-26 13:12:07,387 - m4_module.cell_crops - INFO - 匯出 26 張 per-cell 影像至 /data/taro_Projects/tsgh/output/r7_run/cell_crops/tile_x7680_y16128/cells
2026-07-26 13:12:07,387 - hybrid_pipeline - INFO - Tile tile_x7680_y16128 完成: 核心擁有 26 細胞 (26 陽性), 1.26 秒
2026-07-26 13:12:07,566 - hybrid_pipeline - INFO - [518/576] 處理 tile: tile_x9984_y16128
2026-07-26 13:12:07,597 - m3_module.m3_cells_generator - INFO - All-positive 標註完成: 14 個細胞
2026-07-26 13:12:07,629 - m3_module.m3_cells_generator - INFO - enlarge_cell_instances: 14 顆細胞, factor=1.50(面積), 中位半徑=21.4px, 外擴=4.8px
2026-07-26 13:12:07,653 - m3_module.m3_elastic_matching - INFO - elastic_dish_nucleus_matching(overlap-first): IHC=14, DISH=35, matched(1核)=11 (其中重疊=11), drop-out(競爭落敗)=0, 無候選(計入)=3, factor=1.50, min_reach=20.0
2026-07-26 13:12:07,792 - m3_module.m3_dot_detection - INFO - detect_all_dots: 紅點=21, 黑點=25, 涉及細胞=14
2026-07-26 13:12:07,816 - cellpose.dynamics - INFO - No cell pixels found.
2026-07-26 13:12:07,901 - m4_module.cell_crops - INFO - 匯出 3 張 per-cell 影像至 /data/taro_Projects/tsgh/output/r7_run/cell_crops/tile_x8448_y16128/cells
2026-07-26 13:12:07,901 - hybrid_pipeline - INFO - Tile tile_x8448_y16128 完成: 核心擁有 3 細胞 (3 陽性), 1.06 秒
2026-07-26 13:12:08,127 - hybrid_pipeline - INFO - [519/576] 處理 tile: tile_x10752_y16128
2026-07-26 13:12:08,138 - m3_module.m3_cells_generator - INFO - All-positive 標註完成: 0 個細胞
2026-07-26 13:12:08,233 - m3_module.m3_dot_detection - INFO - detect_all_dots: 紅點=0, 黑點=0, 涉及細胞=0
2026-07-26 13:12:08,263 - m4_module.cell_crops - INFO - 匯出 0 張 per-cell 影像至 /data/taro_Projects/tsgh/output/r7_run/cell_crops/tile_x9984_y16128/cells
2026-07-26 13:12:08,263 - hybrid_pipeline - INFO - Tile tile_x9984_y16128 完成: 核心擁有 0 細胞 (0 陽性), 0.70 秒
2026-07-26 13:12:08,701 - hybrid_pipeline - INFO - [520/576] 處理 tile: tile_x11520_y16128
2026-07-26 13:12:08,729 - m3_module.m3_cells_generator - INFO - All-positive 標註完成: 13 個細胞
2026-07-26 13:12:08,759 - m3_module.m3_cells_generator - INFO - enlarge_cell_instances: 13 顆細胞, factor=1.50(面積), 中位半徑=15.8px, 外擴=3.6px
2026-07-26 13:12:08,847 - m3_module.m3_dot_detection - INFO - detect_all_dots: 紅點=0, 黑點=0, 涉及細胞=13
2026-07-26 13:12:08,887 - m4_module.cell_crops - INFO - 匯出 0 張 per-cell 影像至 /data/taro_Projects/tsgh/output/r7_run/cell_crops/tile_x10752_y16128/cells
2026-07-26 13:12:08,887 - hybrid_pipeline - INFO - Tile tile_x10752_y16128 完成: 核心擁有 0 細胞 (0 陽性), 0.76 秒
2026-07-26 13:12:09,313 - hybrid_pipeline - INFO - [521/576] 處理 tile: tile_x12288_y16128
2026-07-26 13:12:09,345 - m3_module.m3_cells_generator - INFO - All-positive 標註完成: 22 個細胞
2026-07-26 13:12:09,378 - m3_module.m3_cells_generator - INFO - enlarge_cell_instances: 22 顆細胞, factor=1.50(面積), 中位半徑=17.8px, 外擴=4.0px
2026-07-26 13:12:09,465 - m3_module.m3_dot_detection - INFO - detect_all_dots: 紅點=0, 黑點=0, 涉及細胞=22
2026-07-26 13:12:09,525 - m4_module.cell_crops - INFO - 匯出 11 張 per-cell 影像至 /data/taro_Projects/tsgh/output/r7_run/cell_crops/tile_x11520_y16128/cells
2026-07-26 13:12:09,525 - hybrid_pipeline - INFO - Tile tile_x11520_y16128 完成: 核心擁有 11 細胞 (11 陽性), 0.82 秒
2026-07-26 13:12:09,526 - hybrid_pipeline - INFO - [522/576] 處理 tile: tile_x14592_y16128
2026-07-26 13:12:09,551 - hybrid_pipeline - INFO - Tile tile_x12288_y16128: 核心遮罩全空 → 空白 placeholder
2026-07-26 13:12:09,571 - hybrid_pipeline - INFO - [523/576] 處理 tile: tile_x13824_y16128
2026-07-26 13:12:09,601 - hybrid_pipeline - INFO - Tile tile_x14592_y16128: 核心遮罩全空 → 空白 placeholder
2026-07-26 13:12:09,621 - hybrid_pipeline - INFO - [524/576] 處理 tile: tile_x13056_y16128
2026-07-26 13:12:09,644 - hybrid_pipeline - INFO - Tile tile_x13824_y16128: 核心遮罩全空 → 空白 placeholder
2026-07-26 13:12:09,664 - hybrid_pipeline - INFO - [525/576] 處理 tile: tile_x16128_y16128
2026-07-26 13:12:09,688 - hybrid_pipeline - INFO - Tile tile_x13056_y16128: 核心遮罩全空 → 空白 placeholder
2026-07-26 13:12:09,704 - hybrid_pipeline - INFO - [526/576] 處理 tile: tile_x15360_y16128
2026-07-26 13:12:09,728 - hybrid_pipeline - INFO - Tile tile_x16128_y16128: 核心遮罩全空 → 空白 placeholder
2026-07-26 13:12:09,742 - hybrid_pipeline - INFO - [527/576] 處理 tile: tile_x16896_y16128
2026-07-26 13:12:09,764 - hybrid_pipeline - INFO - Tile tile_x15360_y16128: 核心遮罩全空 → 空白 placeholder
2026-07-26 13:12:09,778 - hybrid_pipeline - INFO - [528/576] 處理 tile: tile_x17664_y16128
2026-07-26 13:12:09,802 - hybrid_pipeline - INFO - Tile tile_x16896_y16128: 核心遮罩全空 → 空白 placeholder
2026-07-26 13:12:09,819 - hybrid_pipeline - INFO - [529/576] 處理 tile: tile_x0_y16896
2026-07-26 13:12:09,842 - hybrid_pipeline - INFO - Tile tile_x17664_y16128: 核心遮罩全空 → 空白 placeholder
2026-07-26 13:12:10,453 - hybrid_pipeline - INFO - [530/576] 處理 tile: tile_x768_y16896
2026-07-26 13:12:10,483 - m3_module.m3_cells_generator - INFO - All-positive 標註完成: 110 個細胞
2026-07-26 13:12:10,541 - m3_module.m3_cells_generator - INFO - enlarge_cell_instances: 110 顆細胞, factor=1.50(面積), 中位半徑=23.7px, 外擴=5.3px
2026-07-26 13:12:10,576 - m3_module.m3_elastic_matching - INFO - elastic_dish_nucleus_matching(overlap-first): IHC=110, DISH=77, matched(1核)=51 (其中重疊=51), drop-out(競爭落敗)=9, 無候選(計入)=50, factor=1.50, min_reach=20.0
2026-07-26 13:12:10,843 - m3_module.m3_dot_detection - INFO - detect_all_dots: 紅點=63, 黑點=96, 涉及細胞=110
2026-07-26 13:12:11,191 - m4_module.cell_crops - INFO - 匯出 70 張 per-cell 影像至 /data/taro_Projects/tsgh/output/r7_run/cell_crops/tile_x0_y16896/cells
2026-07-26 13:12:11,192 - hybrid_pipeline - INFO - Tile tile_x0_y16896 完成: 核心擁有 70 細胞 (70 陽性), 1.37 秒
2026-07-26 13:12:11,192 - hybrid_pipeline - INFO - [531/576] 處理 tile: tile_x1536_y16896
2026-07-26 13:12:11,217 - m3_module.m3_cells_generator - INFO - All-positive 標註完成: 56 個細胞
2026-07-26 13:12:11,270 - m3_module.m3_cells_generator - INFO - enlarge_cell_instances: 56 顆細胞, factor=1.50(面積), 中位半徑=24.0px, 外擴=5.4px
2026-07-26 13:12:11,296 - m3_module.m3_elastic_matching - INFO - elastic_dish_nucleus_matching(overlap-first): IHC=56, DISH=45, matched(1核)=23 (其中重疊=23), drop-out(競爭落敗)=4, 無候選(計入)=29, factor=1.50, min_reach=20.0
2026-07-26 13:12:11,429 - m3_module.m3_dot_detection - INFO - detect_all_dots: 紅點=14, 黑點=27, 涉及細胞=56
2026-07-26 13:12:11,633 - m4_module.cell_crops - INFO - 匯出 22 張 per-cell 影像至 /data/taro_Projects/tsgh/output/r7_run/cell_crops/tile_x768_y16896/cells
2026-07-26 13:12:11,633 - hybrid_pipeline - INFO - Tile tile_x768_y16896 完成: 核心擁有 22 細胞 (22 陽性), 1.18 秒
2026-07-26 13:12:11,821 - hybrid_pipeline - INFO - [532/576] 處理 tile: tile_x2304_y16896
2026-07-26 13:12:11,850 - m3_module.m3_cells_generator - INFO - All-positive 標註完成: 20 個細胞
2026-07-26 13:12:11,887 - m3_module.m3_cells_generator - INFO - enlarge_cell_instances: 20 顆細胞, factor=1.50(面積), 中位半徑=23.4px, 外擴=5.3px
2026-07-26 13:12:11,912 - m3_module.m3_elastic_matching - INFO - elastic_dish_nucleus_matching(overlap-first): IHC=20, DISH=24, matched(1核)=10 (其中重疊=10), drop-out(競爭落敗)=1, 無候選(計入)=9, factor=1.50, min_reach=20.0
2026-07-26 13:12:12,015 - m3_module.m3_dot_detection - INFO - detect_all_dots: 紅點=6, 黑點=9, 涉及細胞=20
2026-07-26 13:12:12,079 - cellpose.dynamics - INFO - No cell pixels found.
2026-07-26 13:12:12,129 - m4_module.cell_crops - INFO - 匯出 14 張 per-cell 影像至 /data/taro_Projects/tsgh/output/r7_run/cell_crops/tile_x1536_y16896/cells
2026-07-26 13:12:12,129 - hybrid_pipeline - INFO - Tile tile_x1536_y16896 完成: 核心擁有 14 細胞 (14 陽性), 0.94 秒
2026-07-26 13:12:12,383 - hybrid_pipeline - INFO - [533/576] 處理 tile: tile_x3072_y16896
2026-07-26 13:12:12,395 - m3_module.m3_cells_generator - INFO - All-positive 標註完成: 0 個細胞
2026-07-26 13:12:12,504 - m3_module.m3_dot_detection - INFO - detect_all_dots: 紅點=0, 黑點=0, 涉及細胞=0
2026-07-26 13:12:12,535 - m4_module.cell_crops - INFO - 匯出 0 張 per-cell 影像至 /data/taro_Projects/tsgh/output/r7_run/cell_crops/tile_x2304_y16896/cells
2026-07-26 13:12:12,535 - hybrid_pipeline - INFO - Tile tile_x2304_y16896 完成: 核心擁有 0 細胞 (0 陽性), 0.71 秒
2026-07-26 13:12:13,024 - hybrid_pipeline - INFO - [534/576] 處理 tile: tile_x4608_y16896
2026-07-26 13:12:13,053 - m3_module.m3_cells_generator - INFO - All-positive 標註完成: 86 個細胞
2026-07-26 13:12:13,101 - m3_module.m3_cells_generator - INFO - enlarge_cell_instances: 86 顆細胞, factor=1.50(面積), 中位半徑=26.5px, 外擴=6.0px
2026-07-26 13:12:13,129 - m3_module.m3_elastic_matching - INFO - elastic_dish_nucleus_matching(overlap-first): IHC=86, DISH=42, matched(1核)=36 (其中重疊=36), drop-out(競爭落敗)=16, 無候選(計入)=34, factor=1.50, min_reach=20.0
2026-07-26 13:12:13,412 - m3_module.m3_dot_detection - INFO - detect_all_dots: 紅點=75, 黑點=90, 涉及細胞=86
2026-07-26 13:12:13,643 - m4_module.cell_crops - INFO - 匯出 50 張 per-cell 影像至 /data/taro_Projects/tsgh/output/r7_run/cell_crops/tile_x3072_y16896/cells
2026-07-26 13:12:13,643 - hybrid_pipeline - INFO - Tile tile_x3072_y16896 完成: 核心擁有 50 細胞 (50 陽性), 1.26 秒
2026-07-26 13:12:13,766 - hybrid_pipeline - INFO - [535/576] 處理 tile: tile_x3840_y16896
2026-07-26 13:12:13,795 - m3_module.m3_cells_generator - INFO - All-positive 標註完成: 126 個細胞
2026-07-26 13:12:13,855 - m3_module.m3_cells_generator - INFO - enlarge_cell_instances: 126 顆細胞, factor=1.50(面積), 中位半徑=27.8px, 外擴=6.2px
2026-07-26 13:12:13,884 - m3_module.m3_elastic_matching - INFO - elastic_dish_nucleus_matching(overlap-first): IHC=126, DISH=39, matched(1核)=30 (其中重疊=30), drop-out(競爭落敗)=8, 無候選(計入)=88, factor=1.50, min_reach=20.0
2026-07-26 13:12:14,050 - m3_module.m3_dot_detection - INFO - detect_all_dots: 紅點=26, 黑點=35, 涉及細胞=126
2026-07-26 13:12:14,399 - m4_module.cell_crops - INFO - 匯出 81 張 per-cell 影像至 /data/taro_Projects/tsgh/output/r7_run/cell_crops/tile_x4608_y16896/cells
2026-07-26 13:12:14,399 - hybrid_pipeline - INFO - Tile tile_x4608_y16896 完成: 核心擁有 81 細胞 (81 陽性), 1.38 秒
2026-07-26 13:12:14,492 - hybrid_pipeline - INFO - [536/576] 處理 tile: tile_x5376_y16896
2026-07-26 13:12:14,520 - m3_module.m3_cells_generator - INFO - All-positive 標註完成: 129 個細胞
2026-07-26 13:12:14,582 - m3_module.m3_cells_generator - INFO - enlarge_cell_instances: 129 顆細胞, factor=1.50(面積), 中位半徑=31.4px, 外擴=7.1px
2026-07-26 13:12:14,613 - m3_module.m3_elastic_matching - INFO - elastic_dish_nucleus_matching(overlap-first): IHC=129, DISH=54, matched(1核)=44 (其中重疊=42), drop-out(競爭落敗)=13, 無候選(計入)=72, factor=1.50, min_reach=20.0
2026-07-26 13:12:14,862 - m3_module.m3_dot_detection - INFO - detect_all_dots: 紅點=62, 黑點=66, 涉及細胞=129
2026-07-26 13:12:15,263 - m4_module.cell_crops - INFO - 匯出 59 張 per-cell 影像至 /data/taro_Projects/tsgh/output/r7_run/cell_crops/tile_x3840_y16896/cells
2026-07-26 13:12:15,263 - hybrid_pipeline - INFO - Tile tile_x3840_y16896 完成: 核心擁有 59 細胞 (59 陽性), 1.50 秒
2026-07-26 13:12:15,263 - hybrid_pipeline - INFO - [537/576] 處理 tile: tile_x6912_y16896
2026-07-26 13:12:15,288 - m3_module.m3_cells_generator - INFO - All-positive 標註完成: 109 個細胞
2026-07-26 13:12:15,347 - m3_module.m3_cells_generator - INFO - enlarge_cell_instances: 109 顆細胞, factor=1.50(面積), 中位半徑=23.7px, 外擴=5.3px
2026-07-26 13:12:15,374 - m3_module.m3_elastic_matching - INFO - elastic_dish_nucleus_matching(overlap-first): IHC=109, DISH=42, matched(1核)=30 (其中重疊=29), drop-out(競爭落敗)=3, 無候選(計入)=76, factor=1.50, min_reach=20.0
2026-07-26 13:12:15,546 - m3_module.m3_dot_detection - INFO - detect_all_dots: 紅點=27, 黑點=39, 涉及細胞=109
2026-07-26 13:12:15,818 - m4_module.cell_crops - INFO - 匯出 51 張 per-cell 影像至 /data/taro_Projects/tsgh/output/r7_run/cell_crops/tile_x5376_y16896/cells
2026-07-26 13:12:15,818 - hybrid_pipeline - INFO - Tile tile_x5376_y16896 完成: 核心擁有 51 細胞 (51 陽性), 1.33 秒
2026-07-26 13:12:15,944 - hybrid_pipeline - INFO - [538/576] 處理 tile: tile_x6144_y16896
2026-07-26 13:12:15,975 - m3_module.m3_cells_generator - INFO - All-positive 標註完成: 109 個細胞
2026-07-26 13:12:16,034 - m3_module.m3_cells_generator - INFO - enlarge_cell_instances: 109 顆細胞, factor=1.50(面積), 中位半徑=24.1px, 外擴=5.4px
2026-07-26 13:12:16,066 - m3_module.m3_elastic_matching - INFO - elastic_dish_nucleus_matching(overlap-first): IHC=109, DISH=161, matched(1核)=68 (其中重疊=68), drop-out(競爭落敗)=2, 無候選(計入)=39, factor=1.50, min_reach=20.0
2026-07-26 13:12:16,485 - m3_module.m3_dot_detection - INFO - detect_all_dots: 紅點=149, 黑點=172, 涉及細胞=109
2026-07-26 13:12:16,852 - m4_module.cell_crops - INFO - 匯出 49 張 per-cell 影像至 /data/taro_Projects/tsgh/output/r7_run/cell_crops/tile_x6912_y16896/cells
2026-07-26 13:12:16,852 - hybrid_pipeline - INFO - Tile tile_x6912_y16896 完成: 核心擁有 49 細胞 (49 陽性), 1.59 秒
2026-07-26 13:12:16,853 - hybrid_pipeline - INFO - [539/576] 處理 tile: tile_x7680_y16896
2026-07-26 13:12:16,876 - m3_module.m3_cells_generator - INFO - All-positive 標註完成: 146 個細胞
2026-07-26 13:12:16,938 - m3_module.m3_cells_generator - INFO - enlarge_cell_instances: 146 顆細胞, factor=1.50(面積), 中位半徑=24.4px, 外擴=5.5px
2026-07-26 13:12:16,966 - m3_module.m3_elastic_matching - INFO - elastic_dish_nucleus_matching(overlap-first): IHC=146, DISH=42, matched(1核)=29 (其中重疊=29), drop-out(競爭落敗)=7, 無候選(計入)=110, factor=1.50, min_reach=20.0
2026-07-26 13:12:17,115 - m3_module.m3_dot_detection - INFO - detect_all_dots: 紅點=19, 黑點=30, 涉及細胞=146
2026-07-26 13:12:17,530 - m4_module.cell_crops - INFO - 匯出 77 張 per-cell 影像至 /data/taro_Projects/tsgh/output/r7_run/cell_crops/tile_x6144_y16896/cells
2026-07-26 13:12:17,530 - hybrid_pipeline - INFO - Tile tile_x6144_y16896 完成: 核心擁有 77 細胞 (77 陽性), 1.59 秒
2026-07-26 13:12:17,554 - hybrid_pipeline - INFO - [540/576] 處理 tile: tile_x9216_y16896
2026-07-26 13:12:17,580 - m3_module.m3_cells_generator - INFO - All-positive 標註完成: 97 個細胞
2026-07-26 13:12:17,637 - m3_module.m3_cells_generator - INFO - enlarge_cell_instances: 97 顆細胞, factor=1.50(面積), 中位半徑=22.8px, 外擴=5.1px
2026-07-26 13:12:17,667 - m3_module.m3_elastic_matching - INFO - elastic_dish_nucleus_matching(overlap-first): IHC=97, DISH=140, matched(1核)=72 (其中重疊=72), drop-out(競爭落敗)=7, 無候選(計入)=18, factor=1.50, min_reach=20.0
2026-07-26 13:12:18,106 - m3_module.m3_dot_detection - INFO - detect_all_dots: 紅點=157, 黑點=200, 涉及細胞=97
2026-07-26 13:12:18,397 - m4_module.cell_crops - INFO - 匯出 69 張 per-cell 影像至 /data/taro_Projects/tsgh/output/r7_run/cell_crops/tile_x7680_y16896/cells
2026-07-26 13:12:18,397 - hybrid_pipeline - INFO - Tile tile_x7680_y16896 完成: 核心擁有 69 細胞 (69 陽性), 1.54 秒
2026-07-26 13:12:18,397 - hybrid_pipeline - INFO - [541/576] 處理 tile: tile_x8448_y16896
2026-07-26 13:12:18,424 - m3_module.m3_cells_generator - INFO - All-positive 標註完成: 11 個細胞
2026-07-26 13:12:18,456 - m3_module.m3_cells_generator - INFO - enlarge_cell_instances: 11 顆細胞, factor=1.50(面積), 中位半徑=18.7px, 外擴=4.2px
2026-07-26 13:12:18,480 - m3_module.m3_elastic_matching - INFO - elastic_dish_nucleus_matching(overlap-first): IHC=11, DISH=9, matched(1核)=4 (其中重疊=4), drop-out(競爭落敗)=0, 無候選(計入)=7, factor=1.50, min_reach=20.0
2026-07-26 13:12:18,580 - m3_module.m3_dot_detection - INFO - detect_all_dots: 紅點=10, 黑點=12, 涉及細胞=11
2026-07-26 13:12:18,667 - m4_module.cell_crops - INFO - 匯出 9 張 per-cell 影像至 /data/taro_Projects/tsgh/output/r7_run/cell_crops/tile_x9216_y16896/cells
2026-07-26 13:12:18,667 - hybrid_pipeline - INFO - Tile tile_x9216_y16896 完成: 核心擁有 9 細胞 (9 陽性), 1.11 秒
2026-07-26 13:12:19,086 - hybrid_pipeline - INFO - [542/576] 處理 tile: tile_x11520_y16896
2026-07-26 13:12:19,116 - m3_module.m3_cells_generator - INFO - All-positive 標註完成: 17 個細胞
2026-07-26 13:12:19,156 - m3_module.m3_cells_generator - INFO - enlarge_cell_instances: 17 顆細胞, factor=1.50(面積), 中位半徑=21.5px, 外擴=4.8px
2026-07-26 13:12:19,180 - m3_module.m3_elastic_matching - INFO - elastic_dish_nucleus_matching(overlap-first): IHC=17, DISH=36, matched(1核)=9 (其中重疊=9), drop-out(競爭落敗)=0, 無候選(計入)=8, factor=1.50, min_reach=20.0
2026-07-26 13:12:19,300 - m3_module.m3_dot_detection - INFO - detect_all_dots: 紅點=15, 黑點=20, 涉及細胞=17
2026-07-26 13:12:19,424 - m4_module.cell_crops - INFO - 匯出 5 張 per-cell 影像至 /data/taro_Projects/tsgh/output/r7_run/cell_crops/tile_x8448_y16896/cells
2026-07-26 13:12:19,424 - hybrid_pipeline - INFO - Tile tile_x8448_y16896 完成: 核心擁有 5 細胞 (5 陽性), 1.03 秒
2026-07-26 13:12:19,686 - hybrid_pipeline - INFO - [543/576] 處理 tile: tile_x10752_y16896
2026-07-26 13:12:19,715 - m3_module.m3_cells_generator - INFO - All-positive 標註完成: 29 個細胞
2026-07-26 13:12:19,751 - m3_module.m3_cells_generator - INFO - enlarge_cell_instances: 29 顆細胞, factor=1.50(面積), 中位半徑=18.4px, 外擴=4.1px
2026-07-26 13:12:19,775 - m3_module.m3_elastic_matching - INFO - elastic_dish_nucleus_matching(overlap-first): IHC=29, DISH=2, matched(1核)=1 (其中重疊=1), drop-out(競爭落敗)=1, 無候選(計入)=27, factor=1.50, min_reach=20.0
2026-07-26 13:12:19,860 - m3_module.m3_dot_detection - INFO - detect_all_dots: 紅點=0, 黑點=0, 涉及細胞=29
2026-07-26 13:12:19,962 - m4_module.cell_crops - INFO - 匯出 19 張 per-cell 影像至 /data/taro_Projects/tsgh/output/r7_run/cell_crops/tile_x11520_y16896/cells
2026-07-26 13:12:19,962 - hybrid_pipeline - INFO - Tile tile_x11520_y16896 完成: 核心擁有 19 細胞 (19 陽性), 0.88 秒
2026-07-26 13:12:20,281 - hybrid_pipeline - INFO - [544/576] 處理 tile: tile_x9984_y16896
2026-07-26 13:12:20,307 - m3_module.m3_cells_generator - INFO - All-positive 標註完成: 18 個細胞
2026-07-26 13:12:20,339 - m3_module.m3_cells_generator - INFO - enlarge_cell_instances: 18 顆細胞, factor=1.50(面積), 中位半徑=19.6px, 外擴=4.4px
2026-07-26 13:12:20,431 - m3_module.m3_dot_detection - INFO - detect_all_dots: 紅點=0, 黑點=0, 涉及細胞=18
2026-07-26 13:12:20,489 - m4_module.cell_crops - INFO - 匯出 4 張 per-cell 影像至 /data/taro_Projects/tsgh/output/r7_run/cell_crops/tile_x10752_y16896/cells
2026-07-26 13:12:20,490 - hybrid_pipeline - INFO - Tile tile_x10752_y16896 完成: 核心擁有 4 細胞 (4 陽性), 0.80 秒
2026-07-26 13:12:20,522 - cellpose.dynamics - INFO - No cell pixels found.
2026-07-26 13:12:20,821 - hybrid_pipeline - INFO - [545/576] 處理 tile: tile_x14592_y16896
2026-07-26 13:12:20,830 - m3_module.m3_cells_generator - INFO - All-positive 標註完成: 0 個細胞
2026-07-26 13:12:20,927 - m3_module.m3_dot_detection - INFO - detect_all_dots: 紅點=0, 黑點=0, 涉及細胞=0
2026-07-26 13:12:20,957 - m4_module.cell_crops - INFO - 匯出 0 張 per-cell 影像至 /data/taro_Projects/tsgh/output/r7_run/cell_crops/tile_x9984_y16896/cells
2026-07-26 13:12:20,957 - hybrid_pipeline - INFO - Tile tile_x9984_y16896 完成: 核心擁有 0 細胞 (0 陽性), 0.68 秒
2026-07-26 13:12:20,957 - hybrid_pipeline - INFO - [546/576] 處理 tile: tile_x13056_y16896
2026-07-26 13:12:20,982 - hybrid_pipeline - INFO - Tile tile_x14592_y16896: 核心遮罩全空 → 空白 placeholder
2026-07-26 13:12:21,001 - hybrid_pipeline - INFO - [547/576] 處理 tile: tile_x13824_y16896
2026-07-26 13:12:21,023 - hybrid_pipeline - INFO - Tile tile_x13056_y16896: 核心遮罩全空 → 空白 placeholder
2026-07-26 13:12:21,040 - hybrid_pipeline - INFO - [548/576] 處理 tile: tile_x15360_y16896
2026-07-26 13:12:21,070 - hybrid_pipeline - INFO - Tile tile_x13824_y16896: 核心遮罩全空 → 空白 placeholder
2026-07-26 13:12:21,081 - hybrid_pipeline - INFO - [549/576] 處理 tile: tile_x12288_y16896
2026-07-26 13:12:21,106 - hybrid_pipeline - INFO - Tile tile_x15360_y16896: 核心遮罩全空 → 空白 placeholder
2026-07-26 13:12:21,127 - hybrid_pipeline - INFO - [550/576] 處理 tile: tile_x16128_y16896
2026-07-26 13:12:21,150 - hybrid_pipeline - INFO - Tile tile_x12288_y16896: 核心遮罩全空 → 空白 placeholder
2026-07-26 13:12:21,166 - hybrid_pipeline - INFO - [551/576] 處理 tile: tile_x17664_y16896
2026-07-26 13:12:21,189 - hybrid_pipeline - INFO - Tile tile_x16128_y16896: 核心遮罩全空 → 空白 placeholder
2026-07-26 13:12:21,205 - hybrid_pipeline - INFO - [552/576] 處理 tile: tile_x16896_y16896
2026-07-26 13:12:21,228 - hybrid_pipeline - INFO - Tile tile_x17664_y16896: 核心遮罩全空 → 空白 placeholder
2026-07-26 13:12:21,248 - hybrid_pipeline - INFO - [553/576] 處理 tile: tile_x1536_y17664
2026-07-26 13:12:21,271 - hybrid_pipeline - INFO - Tile tile_x16896_y16896: 核心遮罩全空 → 空白 placeholder
2026-07-26 13:12:21,859 - hybrid_pipeline - INFO - [554/576] 處理 tile: tile_x3072_y17664
2026-07-26 13:12:21,891 - m3_module.m3_cells_generator - INFO - All-positive 標註完成: 62 個細胞
2026-07-26 13:12:21,939 - m3_module.m3_cells_generator - INFO - enlarge_cell_instances: 62 顆細胞, factor=1.50(面積), 中位半徑=29.2px, 外擴=6.6px
2026-07-26 13:12:21,966 - m3_module.m3_elastic_matching - INFO - elastic_dish_nucleus_matching(overlap-first): IHC=62, DISH=62, matched(1核)=40 (其中重疊=40), drop-out(競爭落敗)=7, 無候選(計入)=15, factor=1.50, min_reach=20.0
2026-07-26 13:12:22,161 - m3_module.m3_dot_detection - INFO - detect_all_dots: 紅點=34, 黑點=42, 涉及細胞=62
2026-07-26 13:12:22,367 - m4_module.cell_crops - INFO - 匯出 44 張 per-cell 影像至 /data/taro_Projects/tsgh/output/r7_run/cell_crops/tile_x1536_y17664/cells
2026-07-26 13:12:22,367 - hybrid_pipeline - INFO - Tile tile_x1536_y17664 完成: 核心擁有 44 細胞 (44 陽性), 1.12 秒
2026-07-26 13:12:22,515 - hybrid_pipeline - INFO - [555/576] 處理 tile: tile_x2304_y17664
2026-07-26 13:12:22,545 - m3_module.m3_cells_generator - INFO - All-positive 標註完成: 46 個細胞
2026-07-26 13:12:22,585 - m3_module.m3_cells_generator - INFO - enlarge_cell_instances: 46 顆細胞, factor=1.50(面積), 中位半徑=23.4px, 外擴=5.3px
2026-07-26 13:12:22,608 - m3_module.m3_elastic_matching - INFO - elastic_dish_nucleus_matching(overlap-first): IHC=46, DISH=19, matched(1核)=17 (其中重疊=17), drop-out(競爭落敗)=6, 無候選(計入)=23, factor=1.50, min_reach=20.0
2026-07-26 13:12:22,767 - m3_module.m3_dot_detection - INFO - detect_all_dots: 紅點=39, 黑點=51, 涉及細胞=46
2026-07-26 13:12:22,903 - m4_module.cell_crops - INFO - 匯出 22 張 per-cell 影像至 /data/taro_Projects/tsgh/output/r7_run/cell_crops/tile_x3072_y17664/cells
2026-07-26 13:12:22,903 - hybrid_pipeline - INFO - Tile tile_x3072_y17664 完成: 核心擁有 22 細胞 (22 陽性), 1.04 秒
2026-07-26 13:12:22,903 - hybrid_pipeline - INFO - [556/576] 處理 tile: tile_x768_y17664
2026-07-26 13:12:22,927 - hybrid_pipeline - INFO - Tile tile_x2304_y17664: 核心遮罩全空 → 空白 placeholder
2026-07-26 13:12:23,570 - hybrid_pipeline - INFO - [557/576] 處理 tile: tile_x0_y17664
2026-07-26 13:12:23,599 - m3_module.m3_cells_generator - INFO - All-positive 標註完成: 115 個細胞
2026-07-26 13:12:23,660 - m3_module.m3_cells_generator - INFO - enlarge_cell_instances: 115 顆細胞, factor=1.50(面積), 中位半徑=26.4px, 外擴=5.9px
2026-07-26 13:12:23,690 - m3_module.m3_elastic_matching - INFO - elastic_dish_nucleus_matching(overlap-first): IHC=115, DISH=122, matched(1核)=68 (其中重疊=68), drop-out(競爭落敗)=12, 無候選(計入)=35, factor=1.50, min_reach=20.0
2026-07-26 13:12:23,988 - m3_module.m3_dot_detection - INFO - detect_all_dots: 紅點=73, 黑點=97, 涉及細胞=115
2026-07-26 13:12:24,368 - m4_module.cell_crops - INFO - 匯出 81 張 per-cell 影像至 /data/taro_Projects/tsgh/output/r7_run/cell_crops/tile_x768_y17664/cells
2026-07-26 13:12:24,368 - hybrid_pipeline - INFO - Tile tile_x768_y17664 完成: 核心擁有 81 細胞 (81 陽性), 1.46 秒
2026-07-26 13:12:24,368 - hybrid_pipeline - INFO - [558/576] 處理 tile: tile_x3840_y17664
2026-07-26 13:12:24,391 - m3_module.m3_cells_generator - INFO - All-positive 標註完成: 87 個細胞
2026-07-26 13:12:24,447 - m3_module.m3_cells_generator - INFO - enlarge_cell_instances: 87 顆細胞, factor=1.50(面積), 中位半徑=25.5px, 外擴=5.7px
2026-07-26 13:12:24,475 - m3_module.m3_elastic_matching - INFO - elastic_dish_nucleus_matching(overlap-first): IHC=87, DISH=92, matched(1核)=50 (其中重疊=49), drop-out(競爭落敗)=9, 無候選(計入)=28, factor=1.50, min_reach=20.0
2026-07-26 13:12:24,728 - m3_module.m3_dot_detection - INFO - detect_all_dots: 紅點=57, 黑點=84, 涉及細胞=87
2026-07-26 13:12:24,994 - m4_module.cell_crops - INFO - 匯出 50 張 per-cell 影像至 /data/taro_Projects/tsgh/output/r7_run/cell_crops/tile_x0_y17664/cells
2026-07-26 13:12:24,994 - hybrid_pipeline - INFO - Tile tile_x0_y17664 完成: 核心擁有 50 細胞 (50 陽性), 1.42 秒
2026-07-26 13:12:25,108 - hybrid_pipeline - INFO - [559/576] 處理 tile: tile_x5376_y17664
2026-07-26 13:12:25,137 - m3_module.m3_cells_generator - INFO - All-positive 標註完成: 117 個細胞
2026-07-26 13:12:25,197 - m3_module.m3_cells_generator - INFO - enlarge_cell_instances: 117 顆細胞, factor=1.50(面積), 中位半徑=26.6px, 外擴=6.0px
2026-07-26 13:12:25,226 - m3_module.m3_elastic_matching - INFO - elastic_dish_nucleus_matching(overlap-first): IHC=117, DISH=51, matched(1核)=37 (其中重疊=37), drop-out(競爭落敗)=12, 無候選(計入)=68, factor=1.50, min_reach=20.0
2026-07-26 13:12:25,483 - m3_module.m3_dot_detection - INFO - detect_all_dots: 紅點=70, 黑點=98, 涉及細胞=117
2026-07-26 13:12:25,849 - m4_module.cell_crops - INFO - 匯出 76 張 per-cell 影像至 /data/taro_Projects/tsgh/output/r7_run/cell_crops/tile_x3840_y17664/cells
2026-07-26 13:12:25,849 - hybrid_pipeline - INFO - Tile tile_x3840_y17664 完成: 核心擁有 76 細胞 (76 陽性), 1.48 秒
2026-07-26 13:12:25,849 - hybrid_pipeline - INFO - [560/576] 處理 tile: tile_x4608_y17664
2026-07-26 13:12:25,873 - m3_module.m3_cells_generator - INFO - All-positive 標註完成: 161 個細胞
2026-07-26 13:12:25,933 - m3_module.m3_cells_generator - INFO - enlarge_cell_instances: 161 顆細胞, factor=1.50(面積), 中位半徑=23.2px, 外擴=5.2px
2026-07-26 13:12:25,962 - m3_module.m3_elastic_matching - INFO - elastic_dish_nucleus_matching(overlap-first): IHC=161, DISH=31, matched(1核)=27 (其中重疊=27), drop-out(競爭落敗)=9, 無候選(計入)=125, factor=1.50, min_reach=20.0
2026-07-26 13:12:26,113 - m3_module.m3_dot_detection - INFO - detect_all_dots: 紅點=24, 黑點=27, 涉及細胞=161
2026-07-26 13:12:26,447 - m4_module.cell_crops - INFO - 匯出 106 張 per-cell 影像至 /data/taro_Projects/tsgh/output/r7_run/cell_crops/tile_x5376_y17664/cells
2026-07-26 13:12:26,447 - hybrid_pipeline - INFO - Tile tile_x5376_y17664 完成: 核心擁有 106 細胞 (106 陽性), 1.34 秒
2026-07-26 13:12:26,559 - hybrid_pipeline - INFO - [561/576] 處理 tile: tile_x6144_y17664
2026-07-26 13:12:26,588 - m3_module.m3_cells_generator - INFO - All-positive 標註完成: 133 個細胞
2026-07-26 13:12:26,648 - m3_module.m3_cells_generator - INFO - enlarge_cell_instances: 133 顆細胞, factor=1.50(面積), 中位半徑=28.0px, 外擴=6.3px
2026-07-26 13:12:26,678 - m3_module.m3_elastic_matching - INFO - elastic_dish_nucleus_matching(overlap-first): IHC=133, DISH=33, matched(1核)=28 (其中重疊=28), drop-out(競爭落敗)=11, 無候選(計入)=94, factor=1.50, min_reach=20.0
2026-07-26 13:12:26,842 - m3_module.m3_dot_detection - INFO - detect_all_dots: 紅點=25, 黑點=31, 涉及細胞=133
2026-07-26 13:12:27,237 - m4_module.cell_crops - INFO - 匯出 80 張 per-cell 影像至 /data/taro_Projects/tsgh/output/r7_run/cell_crops/tile_x4608_y17664/cells
2026-07-26 13:12:27,237 - hybrid_pipeline - INFO - Tile tile_x4608_y17664 完成: 核心擁有 80 細胞 (80 陽性), 1.39 秒
2026-07-26 13:12:27,238 - hybrid_pipeline - INFO - [562/576] 處理 tile: tile_x9216_y17664
2026-07-26 13:12:27,260 - m3_module.m3_cells_generator - INFO - All-positive 標註完成: 72 個細胞
2026-07-26 13:12:27,316 - m3_module.m3_cells_generator - INFO - enlarge_cell_instances: 72 顆細胞, factor=1.50(面積), 中位半徑=21.6px, 外擴=4.9px
2026-07-26 13:12:27,340 - m3_module.m3_elastic_matching - INFO - elastic_dish_nucleus_matching(overlap-first): IHC=72, DISH=15, matched(1核)=12 (其中重疊=12), drop-out(競爭落敗)=1, 無候選(計入)=59, factor=1.50, min_reach=20.0
2026-07-26 13:12:27,455 - m3_module.m3_dot_detection - INFO - detect_all_dots: 紅點=9, 黑點=12, 涉及細胞=72
2026-07-26 13:12:27,659 - m4_module.cell_crops - INFO - 匯出 28 張 per-cell 影像至 /data/taro_Projects/tsgh/output/r7_run/cell_crops/tile_x6144_y17664/cells
2026-07-26 13:12:27,659 - hybrid_pipeline - INFO - Tile tile_x6144_y17664 完成: 核心擁有 28 細胞 (28 陽性), 1.10 秒
2026-07-26 13:12:27,820 - hybrid_pipeline - INFO - [563/576] 處理 tile: tile_x7680_y17664
2026-07-26 13:12:27,850 - m3_module.m3_cells_generator - INFO - All-positive 標註完成: 5 個細胞
2026-07-26 13:12:27,882 - m3_module.m3_cells_generator - INFO - enlarge_cell_instances: 5 顆細胞, factor=1.50(面積), 中位半徑=38.7px, 外擴=8.7px
2026-07-26 13:12:27,976 - m3_module.m3_dot_detection - INFO - detect_all_dots: 紅點=0, 黑點=0, 涉及細胞=5
2026-07-26 13:12:28,032 - m4_module.cell_crops - INFO - 匯出 5 張 per-cell 影像至 /data/taro_Projects/tsgh/output/r7_run/cell_crops/tile_x9216_y17664/cells
2026-07-26 13:12:28,032 - hybrid_pipeline - INFO - Tile tile_x9216_y17664 完成: 核心擁有 5 細胞 (5 陽性), 0.79 秒
2026-07-26 13:12:28,488 - hybrid_pipeline - INFO - [564/576] 處理 tile: tile_x8448_y17664
2026-07-26 13:12:28,519 - m3_module.m3_cells_generator - INFO - All-positive 標註完成: 94 個細胞
2026-07-26 13:12:28,572 - m3_module.m3_cells_generator - INFO - enlarge_cell_instances: 94 顆細胞, factor=1.50(面積), 中位半徑=25.5px, 外擴=5.7px
2026-07-26 13:12:28,603 - m3_module.m3_elastic_matching - INFO - elastic_dish_nucleus_matching(overlap-first): IHC=94, DISH=142, matched(1核)=62 (其中重疊=62), drop-out(競爭落敗)=3, 無候選(計入)=29, factor=1.50, min_reach=20.0
2026-07-26 13:12:28,946 - m3_module.m3_dot_detection - INFO - detect_all_dots: 紅點=96, 黑點=132, 涉及細胞=94
2026-07-26 13:12:29,261 - m4_module.cell_crops - INFO - 匯出 52 張 per-cell 影像至 /data/taro_Projects/tsgh/output/r7_run/cell_crops/tile_x7680_y17664/cells
2026-07-26 13:12:29,261 - hybrid_pipeline - INFO - Tile tile_x7680_y17664 完成: 核心擁有 52 細胞 (52 陽性), 1.44 秒
2026-07-26 13:12:29,261 - hybrid_pipeline - INFO - [565/576] 處理 tile: tile_x6912_y17664
2026-07-26 13:12:29,285 - m3_module.m3_cells_generator - INFO - All-positive 標註完成: 29 個細胞
2026-07-26 13:12:29,324 - m3_module.m3_cells_generator - INFO - enlarge_cell_instances: 29 顆細胞, factor=1.50(面積), 中位半徑=28.5px, 外擴=6.4px
2026-07-26 13:12:29,348 - m3_module.m3_elastic_matching - INFO - elastic_dish_nucleus_matching(overlap-first): IHC=29, DISH=25, matched(1核)=15 (其中重疊=15), drop-out(競爭落敗)=5, 無候選(計入)=9, factor=1.50, min_reach=20.0
2026-07-26 13:12:29,487 - m3_module.m3_dot_detection - INFO - detect_all_dots: 紅點=24, 黑點=36, 涉及細胞=29
2026-07-26 13:12:29,606 - m4_module.cell_crops - INFO - 匯出 20 張 per-cell 影像至 /data/taro_Projects/tsgh/output/r7_run/cell_crops/tile_x8448_y17664/cells
2026-07-26 13:12:29,606 - hybrid_pipeline - INFO - Tile tile_x8448_y17664 完成: 核心擁有 20 細胞 (20 陽性), 1.12 秒
2026-07-26 13:12:29,948 - hybrid_pipeline - INFO - [566/576] 處理 tile: tile_x10752_y17664
2026-07-26 13:12:29,976 - m3_module.m3_cells_generator - INFO - All-positive 標註完成: 101 個細胞
2026-07-26 13:12:30,033 - m3_module.m3_cells_generator - INFO - enlarge_cell_instances: 101 顆細胞, factor=1.50(面積), 中位半徑=25.0px, 外擴=5.6px
2026-07-26 13:12:30,061 - m3_module.m3_elastic_matching - INFO - elastic_dish_nucleus_matching(overlap-first): IHC=101, DISH=105, matched(1核)=52 (其中重疊=52), drop-out(競爭落敗)=8, 無候選(計入)=41, factor=1.50, min_reach=20.0
2026-07-26 13:12:30,317 - m3_module.m3_dot_detection - INFO - detect_all_dots: 紅點=61, 黑點=83, 涉及細胞=101
2026-07-26 13:12:30,653 - m4_module.cell_crops - INFO - 匯出 71 張 per-cell 影像至 /data/taro_Projects/tsgh/output/r7_run/cell_crops/tile_x6912_y17664/cells
2026-07-26 13:12:30,653 - hybrid_pipeline - INFO - Tile tile_x6912_y17664 完成: 核心擁有 71 細胞 (71 陽性), 1.39 秒
2026-07-26 13:12:30,653 - hybrid_pipeline - INFO - [567/576] 處理 tile: tile_x11520_y17664
2026-07-26 13:12:30,676 - m3_module.m3_cells_generator - INFO - All-positive 標註完成: 26 個細胞
2026-07-26 13:12:30,714 - m3_module.m3_cells_generator - INFO - enlarge_cell_instances: 26 顆細胞, factor=1.50(面積), 中位半徑=19.4px, 外擴=4.4px
2026-07-26 13:12:30,737 - m3_module.m3_elastic_matching - INFO - elastic_dish_nucleus_matching(overlap-first): IHC=26, DISH=1, matched(1核)=0 (其中重疊=0), drop-out(競爭落敗)=0, 無候選(計入)=26, factor=1.50, min_reach=20.0
2026-07-26 13:12:30,818 - m3_module.m3_dot_detection - INFO - detect_all_dots: 紅點=0, 黑點=0, 涉及細胞=26
2026-07-26 13:12:30,899 - m4_module.cell_crops - INFO - 匯出 15 張 per-cell 影像至 /data/taro_Projects/tsgh/output/r7_run/cell_crops/tile_x10752_y17664/cells
2026-07-26 13:12:30,899 - hybrid_pipeline - INFO - Tile tile_x10752_y17664 完成: 核心擁有 15 細胞 (15 陽性), 0.95 秒
2026-07-26 13:12:31,277 - hybrid_pipeline - INFO - [568/576] 處理 tile: tile_x9984_y17664
2026-07-26 13:12:31,307 - m3_module.m3_cells_generator - INFO - All-positive 標註完成: 31 個細胞
2026-07-26 13:12:31,344 - m3_module.m3_cells_generator - INFO - enlarge_cell_instances: 31 顆細胞, factor=1.50(面積), 中位半徑=17.6px, 外擴=3.9px
2026-07-26 13:12:31,365 - m3_module.m3_elastic_matching - INFO - elastic_dish_nucleus_matching(overlap-first): IHC=31, DISH=1, matched(1核)=0 (其中重疊=0), drop-out(競爭落敗)=0, 無候選(計入)=31, factor=1.50, min_reach=20.0
2026-07-26 13:12:31,447 - m3_module.m3_dot_detection - INFO - detect_all_dots: 紅點=0, 黑點=0, 涉及細胞=31
2026-07-26 13:12:31,524 - m4_module.cell_crops - INFO - 匯出 20 張 per-cell 影像至 /data/taro_Projects/tsgh/output/r7_run/cell_crops/tile_x11520_y17664/cells
2026-07-26 13:12:31,524 - hybrid_pipeline - INFO - Tile tile_x11520_y17664 完成: 核心擁有 20 細胞 (20 陽性), 0.87 秒
2026-07-26 13:12:31,524 - hybrid_pipeline - INFO - [569/576] 處理 tile: tile_x12288_y17664
2026-07-26 13:12:31,549 - hybrid_pipeline - INFO - Tile tile_x9984_y17664: 核心遮罩全空 → 空白 placeholder
2026-07-26 13:12:31,569 - hybrid_pipeline - INFO - [570/576] 處理 tile: tile_x13056_y17664
2026-07-26 13:12:31,595 - hybrid_pipeline - INFO - Tile tile_x12288_y17664: 核心遮罩全空 → 空白 placeholder
2026-07-26 13:12:32,130 - hybrid_pipeline - INFO - [571/576] 處理 tile: tile_x13824_y17664
2026-07-26 13:12:32,161 - m3_module.m3_cells_generator - INFO - All-positive 標註完成: 13 個細胞
2026-07-26 13:12:32,195 - m3_module.m3_cells_generator - INFO - enlarge_cell_instances: 13 顆細胞, factor=1.50(面積), 中位半徑=16.9px, 外擴=3.8px
2026-07-26 13:12:32,290 - m3_module.m3_dot_detection - INFO - detect_all_dots: 紅點=0, 黑點=0, 涉及細胞=13
2026-07-26 13:12:32,344 - m4_module.cell_crops - INFO - 匯出 7 張 per-cell 影像至 /data/taro_Projects/tsgh/output/r7_run/cell_crops/tile_x13056_y17664/cells
2026-07-26 13:12:32,344 - hybrid_pipeline - INFO - Tile tile_x13056_y17664 完成: 核心擁有 7 細胞 (7 陽性), 0.77 秒
2026-07-26 13:12:32,808 - hybrid_pipeline - INFO - [572/576] 處理 tile: tile_x14592_y17664
2026-07-26 13:12:32,838 - m3_module.m3_cells_generator - INFO - All-positive 標註完成: 7 個細胞
2026-07-26 13:12:32,867 - m3_module.m3_cells_generator - INFO - enlarge_cell_instances: 7 顆細胞, factor=1.50(面積), 中位半徑=18.2px, 外擴=4.1px
2026-07-26 13:12:32,892 - m3_module.m3_elastic_matching - INFO - elastic_dish_nucleus_matching(overlap-first): IHC=7, DISH=218, matched(1核)=5 (其中重疊=5), drop-out(競爭落敗)=0, 無候選(計入)=2, factor=1.50, min_reach=20.0
2026-07-26 13:12:32,974 - m3_module.m3_dot_detection - INFO - detect_all_dots: 紅點=0, 黑點=0, 涉及細胞=7
2026-07-26 13:12:33,040 - m4_module.cell_crops - INFO - 匯出 4 張 per-cell 影像至 /data/taro_Projects/tsgh/output/r7_run/cell_crops/tile_x13824_y17664/cells
2026-07-26 13:12:33,040 - hybrid_pipeline - INFO - Tile tile_x13824_y17664 完成: 核心擁有 4 細胞 (4 陽性), 0.91 秒
2026-07-26 13:12:33,040 - hybrid_pipeline - INFO - [573/576] 處理 tile: tile_x15360_y17664
2026-07-26 13:12:33,064 - hybrid_pipeline - INFO - Tile tile_x14592_y17664: 核心遮罩全空 → 空白 placeholder
2026-07-26 13:12:33,088 - hybrid_pipeline - INFO - [574/576] 處理 tile: tile_x16128_y17664
2026-07-26 13:12:33,112 - hybrid_pipeline - INFO - Tile tile_x15360_y17664: 核心遮罩全空 → 空白 placeholder
2026-07-26 13:12:33,127 - hybrid_pipeline - INFO - [575/576] 處理 tile: tile_x16896_y17664
2026-07-26 13:12:33,152 - hybrid_pipeline - INFO - Tile tile_x16128_y17664: 核心遮罩全空 → 空白 placeholder
2026-07-26 13:12:33,164 - hybrid_pipeline - INFO - [576/576] 處理 tile: tile_x17664_y17664
2026-07-26 13:12:33,189 - hybrid_pipeline - INFO - Tile tile_x16896_y17664: 核心遮罩全空 → 空白 placeholder
2026-07-26 13:12:33,223 - hybrid_pipeline - INFO - Tile tile_x17664_y17664: 核心遮罩全空 → 空白 placeholder
2026-07-26 13:12:33,237 - m4_module.csv - INFO - CSV 匯出完成: report.csv (5688 列)
2026-07-26 13:12:33,238 - m4_module.csv - INFO - Summary 報告輸出: summary.txt (485 valid cells)
2026-07-26 13:12:37,699 - hybrid_pipeline - INFO - overlay_slide.tiff 縫合完成: 18688×18688 px
2026-07-26 13:12:37,730 - hybrid_pipeline - INFO - 批次完成 — run_id=ffc90491 | 總計=576 | 成功=137 | 跳過=439
[perf_measure] skip wrap: hybrid_pipeline.segment_masked_dish not found
{
  "label": "control_w1_r2",
  "n_tiles": 576,
  "mp_workers": 1,
  "grid": {
    "cols": 24,
    "rows": 24
  },
  "wall": {
    "end_to_end_total_s": 134.388,
    "phaseA_precut_s": 0.004,
    "runbatch_BCD_s": 134.384
  },
  "disk_bytes": {
    "precut_scratch": 0,
    "analysis_output": 7084926113
  },
  "stats": {
    "success": 137,
    "skipped": 439
  },
  "timings": {
    "G_mkdir_other": {
      "n": 468,
      "t": 0.015146785983233713
    },
    "G_mkdir_fixed_outdir": {
      "n": 3462,
      "t": 0.07752877584425732
    },
    "init_unet": {
      "n": 1,
      "t": 1.2155917159980163
    },
    "init_cellpose_m2": {
      "n": 1,
      "t": 0.6600415099965176
    },
    "init_cellpose_m3b": {
      "n": 1,
      "t": 0.5116979239974171
    },
    "B2r_tile_read": {
      "n": 1152,
      "t": 5.329522985135554
    },
    "B1_unet_coremask": {
      "n": 576,
      "t": 16.164344258926576
    },
    "B4_empty_cache": {
      "n": 576,
      "t": 1.6895770980336238
    },
    "B4_gc_collect": {
      "n": 576,
      "t": 0.6002273419726407
    },
    "B2_png_encode_blank": {
      "n": 1269,
      "t": 8.928586309863022,
      "bytes": 4976595
    },
    "B2_tiff_encode_blank": {
      "n": 1269,
      "t": 0.813061519555049,
      "bytes": 4316234832
    },
    "F_write_blank_tile": {
      "n": 423,
      "t": 10.124555904098088
    },
    "BM1_apply_mask": {
      "n": 153,
      "t": 2.068245971997385
    },
    "BM1_overlay_dish": {
      "n": 153,
      "t": 1.4435622319870163
    },
    "BM1_fuse": {
      "n": 153,
      "t": 1.325892632114119
    },
    "B1_m3b_cellpose": {
      "n": 306,
      "t": 85.1634645582235
    },
    "Bs_clear_edge": {
      "n": 153,
      "t": 2.253214747935999
    },
    "B3_build_results": {
      "n": 153,
      "t": 4.202460725966375
    },
    "B3_enlarge_cells": {
      "n": 153,
      "t": 7.091542618043604
    },
    "B3_detect_dots": {
      "n": 153,
      "t": 25.737156867980957
    },
    "B3_merge_dots": {
      "n": 153,
      "t": 0.001371611884678714
    },
    "Bs_filter_absolutize": {
      "n": 153,
      "t": 0.008143618979374878
    },
    "B2_png_encode": {
      "n": 459,
      "t": 25.455677480975282,
      "bytes": 157285198
    },
    "B2_tiff_encode": {
      "n": 459,
      "t": 0.3566112029366195,
      "bytes": 1563797424
    },
    "B2_render_overlay": {
      "n": 153,
      "t": 3.0637068988435203
    },
    "B2_percell_crops": {
      "n": 153,
      "t": 1.6803618529665982
    },
    "C_export_csv": {
      "n": 1,
      "t": 0.003900135008734651
    },
    "C_export_summary": {
      "n": 1,
      "t": 0.00025315200036857277
    },
    "D_stitch_overlay": {
      "n": 1,
      "t": 4.492670826002723
    }
  },
  "config_hash": "3d1087f2",
  "peak_cuda_reserved_gb": 2.16,
  "peak_rss_gb": 4.429
}
