2026-07-26 13:03:31,793 - hybrid_pipeline - INFO - 批次處理開始 — run_id=94a6e467, config_hash=3d1087f2
2026-07-26 13:03:32,981 - unet_inference - INFO - 成功載入權重: /data/taro_Projects/tsgh/backend/algorithms/hybrid/models/unet/b4/best_model_unet_b4.pth
2026-07-26 13:03:32,996 - unet_inference - INFO - 模型載入完成，設備: cuda
2026-07-26 13:03:33,149 - cellpose.core - INFO - ** TORCH CUDA version installed and working. **
2026-07-26 13:03:33,149 - cellpose.core - INFO - >>>> using GPU (CUDA)
2026-07-26 13:03:33,157 - dinov3 - INFO - using base=100 for rope new
2026-07-26 13:03:33,157 - dinov3 - INFO - using min_period=None for rope new
2026-07-26 13:03:33,157 - dinov3 - INFO - using max_period=None for rope new
2026-07-26 13:03:33,157 - dinov3 - INFO - using normalize_coords=separate for rope new
2026-07-26 13:03:33,157 - dinov3 - INFO - using shift_coords=None for rope new
2026-07-26 13:03:33,157 - dinov3 - INFO - using rescale_coords=2 for rope new
2026-07-26 13:03:33,157 - dinov3 - INFO - using jitter_coords=None for rope new
2026-07-26 13:03:33,157 - dinov3 - INFO - using dtype=fp32 for rope new
2026-07-26 13:03:33,158 - dinov3 - INFO - using mlp layer as FFN
2026-07-26 13:03:33,608 - cellpose.models - INFO - >>>> loading model /data/taro_Projects/tsgh/backend/algorithms/hybrid/models/cellpose/cellpose_ihc_dish_best
2026-07-26 13:03:33,672 - m2_segmentation - INFO - Cellpose 模型載入完成: cellpose_ihc_dish_best (diameter=None)
2026-07-26 13:03:33,672 - cellpose.core - INFO - ** TORCH CUDA version installed and working. **
2026-07-26 13:03:33,672 - cellpose.core - INFO - >>>> using GPU (CUDA)
2026-07-26 13:03:33,679 - dinov3 - INFO - using base=100 for rope new
2026-07-26 13:03:33,679 - dinov3 - INFO - using min_period=None for rope new
2026-07-26 13:03:33,679 - dinov3 - INFO - using max_period=None for rope new
2026-07-26 13:03:33,679 - dinov3 - INFO - using normalize_coords=separate for rope new
2026-07-26 13:03:33,679 - dinov3 - INFO - using shift_coords=None for rope new
2026-07-26 13:03:33,679 - dinov3 - INFO - using rescale_coords=2 for rope new
2026-07-26 13:03:33,679 - dinov3 - INFO - using jitter_coords=None for rope new
2026-07-26 13:03:33,679 - dinov3 - INFO - using dtype=fp32 for rope new
2026-07-26 13:03:33,679 - dinov3 - INFO - using mlp layer as FFN
2026-07-26 13:03:34,111 - cellpose.models - INFO - >>>> loading model /data/taro_Projects/tsgh/backend/algorithms/hybrid/models/cellpose/cellpose_dish_best
2026-07-26 13:03:34,162 - m2_segmentation - INFO - Cellpose 模型載入完成: cellpose_dish_best (diameter=None)
2026-07-26 13:03:37,516 - hybrid_pipeline - INFO - [1/576] 處理 tile: tile_x3072_y0
2026-07-26 13:03:38,883 - hybrid_pipeline - INFO - [2/576] 處理 tile: tile_x5376_y0
2026-07-26 13:03:38,931 - hybrid_pipeline - INFO - Tile tile_x3072_y0: 核心遮罩全空 → 空白 placeholder
2026-07-26 13:03:38,931 - hybrid_pipeline - INFO - [3/576] 處理 tile: tile_x3840_y0
2026-07-26 13:03:38,955 - hybrid_pipeline - INFO - Tile tile_x5376_y0: 核心遮罩全空 → 空白 placeholder
2026-07-26 13:03:38,964 - hybrid_pipeline - INFO - [4/576] 處理 tile: tile_x4608_y0
2026-07-26 13:03:38,987 - hybrid_pipeline - INFO - Tile tile_x3840_y0: 核心遮罩全空 → 空白 placeholder
2026-07-26 13:03:38,996 - hybrid_pipeline - INFO - [5/576] 處理 tile: tile_x2304_y0
2026-07-26 13:03:39,020 - hybrid_pipeline - INFO - Tile tile_x4608_y0: 核心遮罩全空 → 空白 placeholder
2026-07-26 13:03:39,028 - hybrid_pipeline - INFO - [6/576] 處理 tile: tile_x0_y0
2026-07-26 13:03:39,051 - hybrid_pipeline - INFO - Tile tile_x2304_y0: 核心遮罩全空 → 空白 placeholder
2026-07-26 13:03:39,061 - hybrid_pipeline - INFO - [7/576] 處理 tile: tile_x1536_y0
2026-07-26 13:03:39,085 - hybrid_pipeline - INFO - Tile tile_x0_y0: 核心遮罩全空 → 空白 placeholder
2026-07-26 13:03:39,094 - hybrid_pipeline - INFO - [8/576] 處理 tile: tile_x768_y0
2026-07-26 13:03:39,123 - hybrid_pipeline - INFO - Tile tile_x1536_y0: 核心遮罩全空 → 空白 placeholder
2026-07-26 13:03:39,127 - hybrid_pipeline - INFO - [9/576] 處理 tile: tile_x6144_y0
2026-07-26 13:03:39,150 - hybrid_pipeline - INFO - Tile tile_x768_y0: 核心遮罩全空 → 空白 placeholder
2026-07-26 13:03:39,161 - hybrid_pipeline - INFO - [10/576] 處理 tile: tile_x7680_y0
2026-07-26 13:03:39,184 - hybrid_pipeline - INFO - Tile tile_x6144_y0: 核心遮罩全空 → 空白 placeholder
2026-07-26 13:03:39,193 - hybrid_pipeline - INFO - [11/576] 處理 tile: tile_x6912_y0
2026-07-26 13:03:39,217 - hybrid_pipeline - INFO - Tile tile_x7680_y0: 核心遮罩全空 → 空白 placeholder
2026-07-26 13:03:39,226 - hybrid_pipeline - INFO - [12/576] 處理 tile: tile_x8448_y0
2026-07-26 13:03:39,249 - hybrid_pipeline - INFO - Tile tile_x6912_y0: 核心遮罩全空 → 空白 placeholder
2026-07-26 13:03:39,259 - hybrid_pipeline - INFO - [13/576] 處理 tile: tile_x10752_y0
2026-07-26 13:03:39,282 - hybrid_pipeline - INFO - Tile tile_x8448_y0: 核心遮罩全空 → 空白 placeholder
2026-07-26 13:03:39,291 - hybrid_pipeline - INFO - [14/576] 處理 tile: tile_x9216_y0
2026-07-26 13:03:39,314 - hybrid_pipeline - INFO - Tile tile_x10752_y0: 核心遮罩全空 → 空白 placeholder
2026-07-26 13:03:39,328 - hybrid_pipeline - INFO - [15/576] 處理 tile: tile_x9984_y0
2026-07-26 13:03:39,351 - hybrid_pipeline - INFO - Tile tile_x9216_y0: 核心遮罩全空 → 空白 placeholder
2026-07-26 13:03:39,360 - hybrid_pipeline - INFO - [16/576] 處理 tile: tile_x11520_y0
2026-07-26 13:03:39,383 - hybrid_pipeline - INFO - Tile tile_x9984_y0: 核心遮罩全空 → 空白 placeholder
2026-07-26 13:03:39,392 - hybrid_pipeline - INFO - [17/576] 處理 tile: tile_x14592_y0
2026-07-26 13:03:39,416 - hybrid_pipeline - INFO - Tile tile_x11520_y0: 核心遮罩全空 → 空白 placeholder
2026-07-26 13:03:39,424 - hybrid_pipeline - INFO - [18/576] 處理 tile: tile_x13824_y0
2026-07-26 13:03:39,448 - hybrid_pipeline - INFO - Tile tile_x14592_y0: 核心遮罩全空 → 空白 placeholder
2026-07-26 13:03:39,457 - hybrid_pipeline - INFO - [19/576] 處理 tile: tile_x12288_y0
2026-07-26 13:03:39,480 - hybrid_pipeline - INFO - Tile tile_x13824_y0: 核心遮罩全空 → 空白 placeholder
2026-07-26 13:03:39,489 - hybrid_pipeline - INFO - [20/576] 處理 tile: tile_x16128_y0
2026-07-26 13:03:39,512 - hybrid_pipeline - INFO - Tile tile_x12288_y0: 核心遮罩全空 → 空白 placeholder
2026-07-26 13:03:39,521 - hybrid_pipeline - INFO - [21/576] 處理 tile: tile_x15360_y0
2026-07-26 13:03:39,545 - hybrid_pipeline - INFO - Tile tile_x16128_y0: 核心遮罩全空 → 空白 placeholder
2026-07-26 13:03:39,553 - hybrid_pipeline - INFO - [22/576] 處理 tile: tile_x13056_y0
2026-07-26 13:03:39,578 - hybrid_pipeline - INFO - Tile tile_x15360_y0: 核心遮罩全空 → 空白 placeholder
2026-07-26 13:03:39,589 - hybrid_pipeline - INFO - [23/576] 處理 tile: tile_x17664_y0
2026-07-26 13:03:39,612 - hybrid_pipeline - INFO - Tile tile_x13056_y0: 核心遮罩全空 → 空白 placeholder
2026-07-26 13:03:39,620 - hybrid_pipeline - INFO - [24/576] 處理 tile: tile_x16896_y0
2026-07-26 13:03:39,644 - hybrid_pipeline - INFO - Tile tile_x17664_y0: 核心遮罩全空 → 空白 placeholder
2026-07-26 13:03:39,653 - hybrid_pipeline - INFO - [25/576] 處理 tile: tile_x0_y768
2026-07-26 13:03:39,677 - hybrid_pipeline - INFO - Tile tile_x16896_y0: 核心遮罩全空 → 空白 placeholder
2026-07-26 13:03:39,688 - hybrid_pipeline - INFO - [26/576] 處理 tile: tile_x2304_y768
2026-07-26 13:03:39,711 - hybrid_pipeline - INFO - Tile tile_x0_y768: 核心遮罩全空 → 空白 placeholder
2026-07-26 13:03:39,719 - hybrid_pipeline - INFO - [27/576] 處理 tile: tile_x3840_y768
2026-07-26 13:03:39,743 - hybrid_pipeline - INFO - Tile tile_x2304_y768: 核心遮罩全空 → 空白 placeholder
2026-07-26 13:03:39,751 - hybrid_pipeline - INFO - [28/576] 處理 tile: tile_x1536_y768
2026-07-26 13:03:39,776 - hybrid_pipeline - INFO - Tile tile_x3840_y768: 核心遮罩全空 → 空白 placeholder
2026-07-26 13:03:39,786 - hybrid_pipeline - INFO - [29/576] 處理 tile: tile_x3072_y768
2026-07-26 13:03:39,810 - hybrid_pipeline - INFO - Tile tile_x1536_y768: 核心遮罩全空 → 空白 placeholder
2026-07-26 13:03:39,819 - hybrid_pipeline - INFO - [30/576] 處理 tile: tile_x768_y768
2026-07-26 13:03:39,842 - hybrid_pipeline - INFO - Tile tile_x3072_y768: 核心遮罩全空 → 空白 placeholder
2026-07-26 13:03:39,850 - hybrid_pipeline - INFO - [31/576] 處理 tile: tile_x4608_y768
2026-07-26 13:03:39,874 - hybrid_pipeline - INFO - Tile tile_x768_y768: 核心遮罩全空 → 空白 placeholder
2026-07-26 13:03:39,882 - hybrid_pipeline - INFO - [32/576] 處理 tile: tile_x5376_y768
2026-07-26 13:03:39,905 - hybrid_pipeline - INFO - Tile tile_x4608_y768: 核心遮罩全空 → 空白 placeholder
2026-07-26 13:03:39,914 - hybrid_pipeline - INFO - [33/576] 處理 tile: tile_x6144_y768
2026-07-26 13:03:39,937 - hybrid_pipeline - INFO - Tile tile_x5376_y768: 核心遮罩全空 → 空白 placeholder
2026-07-26 13:03:39,946 - hybrid_pipeline - INFO - [34/576] 處理 tile: tile_x7680_y768
2026-07-26 13:03:39,970 - hybrid_pipeline - INFO - Tile tile_x6144_y768: 核心遮罩全空 → 空白 placeholder
2026-07-26 13:03:39,981 - hybrid_pipeline - INFO - [35/576] 處理 tile: tile_x8448_y768
2026-07-26 13:03:40,005 - hybrid_pipeline - INFO - Tile tile_x7680_y768: 核心遮罩全空 → 空白 placeholder
2026-07-26 13:03:40,014 - hybrid_pipeline - INFO - [36/576] 處理 tile: tile_x9216_y768
2026-07-26 13:03:40,039 - hybrid_pipeline - INFO - Tile tile_x8448_y768: 核心遮罩全空 → 空白 placeholder
2026-07-26 13:03:40,047 - hybrid_pipeline - INFO - [37/576] 處理 tile: tile_x6912_y768
2026-07-26 13:03:40,071 - hybrid_pipeline - INFO - Tile tile_x9216_y768: 核心遮罩全空 → 空白 placeholder
2026-07-26 13:03:40,079 - hybrid_pipeline - INFO - [38/576] 處理 tile: tile_x9984_y768
2026-07-26 13:03:40,103 - hybrid_pipeline - INFO - Tile tile_x6912_y768: 核心遮罩全空 → 空白 placeholder
2026-07-26 13:03:40,114 - hybrid_pipeline - INFO - [39/576] 處理 tile: tile_x10752_y768
2026-07-26 13:03:40,139 - hybrid_pipeline - INFO - Tile tile_x9984_y768: 核心遮罩全空 → 空白 placeholder
2026-07-26 13:03:40,148 - hybrid_pipeline - INFO - [40/576] 處理 tile: tile_x11520_y768
2026-07-26 13:03:40,172 - hybrid_pipeline - INFO - Tile tile_x10752_y768: 核心遮罩全空 → 空白 placeholder
2026-07-26 13:03:40,180 - hybrid_pipeline - INFO - [41/576] 處理 tile: tile_x12288_y768
2026-07-26 13:03:40,204 - hybrid_pipeline - INFO - Tile tile_x11520_y768: 核心遮罩全空 → 空白 placeholder
2026-07-26 13:03:40,214 - hybrid_pipeline - INFO - [42/576] 處理 tile: tile_x13056_y768
2026-07-26 13:03:40,237 - hybrid_pipeline - INFO - Tile tile_x12288_y768: 核心遮罩全空 → 空白 placeholder
2026-07-26 13:03:40,246 - hybrid_pipeline - INFO - [43/576] 處理 tile: tile_x14592_y768
2026-07-26 13:03:40,270 - hybrid_pipeline - INFO - Tile tile_x13056_y768: 核心遮罩全空 → 空白 placeholder
2026-07-26 13:03:40,279 - hybrid_pipeline - INFO - [44/576] 處理 tile: tile_x13824_y768
2026-07-26 13:03:40,303 - hybrid_pipeline - INFO - Tile tile_x14592_y768: 核心遮罩全空 → 空白 placeholder
2026-07-26 13:03:40,311 - hybrid_pipeline - INFO - [45/576] 處理 tile: tile_x15360_y768
2026-07-26 13:03:40,335 - hybrid_pipeline - INFO - Tile tile_x13824_y768: 核心遮罩全空 → 空白 placeholder
2026-07-26 13:03:40,345 - hybrid_pipeline - INFO - [46/576] 處理 tile: tile_x16896_y768
2026-07-26 13:03:40,369 - hybrid_pipeline - INFO - Tile tile_x15360_y768: 核心遮罩全空 → 空白 placeholder
2026-07-26 13:03:40,377 - hybrid_pipeline - INFO - [47/576] 處理 tile: tile_x16128_y768
2026-07-26 13:03:40,401 - hybrid_pipeline - INFO - Tile tile_x16896_y768: 核心遮罩全空 → 空白 placeholder
2026-07-26 13:03:40,410 - hybrid_pipeline - INFO - [48/576] 處理 tile: tile_x0_y1536
2026-07-26 13:03:40,435 - hybrid_pipeline - INFO - Tile tile_x16128_y768: 核心遮罩全空 → 空白 placeholder
2026-07-26 13:03:40,442 - hybrid_pipeline - INFO - [49/576] 處理 tile: tile_x17664_y768
2026-07-26 13:03:40,465 - hybrid_pipeline - INFO - Tile tile_x0_y1536: 核心遮罩全空 → 空白 placeholder
2026-07-26 13:03:40,473 - hybrid_pipeline - INFO - [50/576] 處理 tile: tile_x768_y1536
2026-07-26 13:03:40,498 - hybrid_pipeline - INFO - Tile tile_x17664_y768: 核心遮罩全空 → 空白 placeholder
2026-07-26 13:03:40,505 - hybrid_pipeline - INFO - [51/576] 處理 tile: tile_x1536_y1536
2026-07-26 13:03:40,529 - hybrid_pipeline - INFO - Tile tile_x768_y1536: 核心遮罩全空 → 空白 placeholder
2026-07-26 13:03:40,537 - hybrid_pipeline - INFO - [52/576] 處理 tile: tile_x3072_y1536
2026-07-26 13:03:40,560 - hybrid_pipeline - INFO - Tile tile_x1536_y1536: 核心遮罩全空 → 空白 placeholder
2026-07-26 13:03:40,569 - hybrid_pipeline - INFO - [53/576] 處理 tile: tile_x2304_y1536
2026-07-26 13:03:40,592 - hybrid_pipeline - INFO - Tile tile_x3072_y1536: 核心遮罩全空 → 空白 placeholder
2026-07-26 13:03:40,600 - hybrid_pipeline - INFO - [54/576] 處理 tile: tile_x3840_y1536
2026-07-26 13:03:40,624 - hybrid_pipeline - INFO - Tile tile_x2304_y1536: 核心遮罩全空 → 空白 placeholder
2026-07-26 13:03:40,632 - hybrid_pipeline - INFO - [55/576] 處理 tile: tile_x4608_y1536
2026-07-26 13:03:40,658 - hybrid_pipeline - INFO - Tile tile_x3840_y1536: 核心遮罩全空 → 空白 placeholder
2026-07-26 13:03:40,664 - hybrid_pipeline - INFO - [56/576] 處理 tile: tile_x5376_y1536
2026-07-26 13:03:40,687 - hybrid_pipeline - INFO - Tile tile_x4608_y1536: 核心遮罩全空 → 空白 placeholder
2026-07-26 13:03:40,696 - hybrid_pipeline - INFO - [57/576] 處理 tile: tile_x6144_y1536
2026-07-26 13:03:40,719 - hybrid_pipeline - INFO - Tile tile_x5376_y1536: 核心遮罩全空 → 空白 placeholder
2026-07-26 13:03:40,728 - hybrid_pipeline - INFO - [58/576] 處理 tile: tile_x6912_y1536
2026-07-26 13:03:40,752 - hybrid_pipeline - INFO - Tile tile_x6144_y1536: 核心遮罩全空 → 空白 placeholder
2026-07-26 13:03:40,762 - hybrid_pipeline - INFO - [59/576] 處理 tile: tile_x7680_y1536
2026-07-26 13:03:40,786 - hybrid_pipeline - INFO - Tile tile_x6912_y1536: 核心遮罩全空 → 空白 placeholder
2026-07-26 13:03:40,797 - hybrid_pipeline - INFO - [60/576] 處理 tile: tile_x9984_y1536
2026-07-26 13:03:40,820 - hybrid_pipeline - INFO - Tile tile_x7680_y1536: 核心遮罩全空 → 空白 placeholder
2026-07-26 13:03:40,830 - hybrid_pipeline - INFO - [61/576] 處理 tile: tile_x9216_y1536
2026-07-26 13:03:40,854 - hybrid_pipeline - INFO - Tile tile_x9984_y1536: 核心遮罩全空 → 空白 placeholder
2026-07-26 13:03:40,863 - hybrid_pipeline - INFO - [62/576] 處理 tile: tile_x8448_y1536
2026-07-26 13:03:40,886 - hybrid_pipeline - INFO - Tile tile_x9216_y1536: 核心遮罩全空 → 空白 placeholder
2026-07-26 13:03:40,895 - hybrid_pipeline - INFO - [63/576] 處理 tile: tile_x10752_y1536
2026-07-26 13:03:40,919 - hybrid_pipeline - INFO - Tile tile_x8448_y1536: 核心遮罩全空 → 空白 placeholder
2026-07-26 13:03:40,927 - hybrid_pipeline - INFO - [64/576] 處理 tile: tile_x12288_y1536
2026-07-26 13:03:40,951 - hybrid_pipeline - INFO - Tile tile_x10752_y1536: 核心遮罩全空 → 空白 placeholder
2026-07-26 13:03:40,959 - hybrid_pipeline - INFO - [65/576] 處理 tile: tile_x11520_y1536
2026-07-26 13:03:40,986 - hybrid_pipeline - INFO - Tile tile_x12288_y1536: 核心遮罩全空 → 空白 placeholder
2026-07-26 13:03:40,992 - hybrid_pipeline - INFO - [66/576] 處理 tile: tile_x13056_y1536
2026-07-26 13:03:41,015 - hybrid_pipeline - INFO - Tile tile_x11520_y1536: 核心遮罩全空 → 空白 placeholder
2026-07-26 13:03:41,025 - hybrid_pipeline - INFO - [67/576] 處理 tile: tile_x13824_y1536
2026-07-26 13:03:41,049 - hybrid_pipeline - INFO - Tile tile_x13056_y1536: 核心遮罩全空 → 空白 placeholder
2026-07-26 13:03:41,058 - hybrid_pipeline - INFO - [68/576] 處理 tile: tile_x16128_y1536
2026-07-26 13:03:41,081 - hybrid_pipeline - INFO - Tile tile_x13824_y1536: 核心遮罩全空 → 空白 placeholder
2026-07-26 13:03:41,089 - hybrid_pipeline - INFO - [69/576] 處理 tile: tile_x16896_y1536
2026-07-26 13:03:41,113 - hybrid_pipeline - INFO - Tile tile_x16128_y1536: 核心遮罩全空 → 空白 placeholder
2026-07-26 13:03:41,121 - hybrid_pipeline - INFO - [70/576] 處理 tile: tile_x14592_y1536
2026-07-26 13:03:41,145 - hybrid_pipeline - INFO - Tile tile_x16896_y1536: 核心遮罩全空 → 空白 placeholder
2026-07-26 13:03:41,153 - hybrid_pipeline - INFO - [71/576] 處理 tile: tile_x15360_y1536
2026-07-26 13:03:41,176 - hybrid_pipeline - INFO - Tile tile_x14592_y1536: 核心遮罩全空 → 空白 placeholder
2026-07-26 13:03:41,187 - hybrid_pipeline - INFO - [72/576] 處理 tile: tile_x17664_y1536
2026-07-26 13:03:41,210 - hybrid_pipeline - INFO - Tile tile_x15360_y1536: 核心遮罩全空 → 空白 placeholder
2026-07-26 13:03:41,218 - hybrid_pipeline - INFO - [73/576] 處理 tile: tile_x0_y2304
2026-07-26 13:03:41,242 - hybrid_pipeline - INFO - Tile tile_x17664_y1536: 核心遮罩全空 → 空白 placeholder
2026-07-26 13:03:41,252 - hybrid_pipeline - INFO - [74/576] 處理 tile: tile_x768_y2304
2026-07-26 13:03:41,275 - hybrid_pipeline - INFO - Tile tile_x0_y2304: 核心遮罩全空 → 空白 placeholder
2026-07-26 13:03:41,284 - hybrid_pipeline - INFO - [75/576] 處理 tile: tile_x1536_y2304
2026-07-26 13:03:41,307 - hybrid_pipeline - INFO - Tile tile_x768_y2304: 核心遮罩全空 → 空白 placeholder
2026-07-26 13:03:41,318 - hybrid_pipeline - INFO - [76/576] 處理 tile: tile_x2304_y2304
2026-07-26 13:03:41,344 - hybrid_pipeline - INFO - Tile tile_x1536_y2304: 核心遮罩全空 → 空白 placeholder
2026-07-26 13:03:41,350 - hybrid_pipeline - INFO - [77/576] 處理 tile: tile_x3072_y2304
2026-07-26 13:03:41,373 - hybrid_pipeline - INFO - Tile tile_x2304_y2304: 核心遮罩全空 → 空白 placeholder
2026-07-26 13:03:41,381 - hybrid_pipeline - INFO - [78/576] 處理 tile: tile_x3840_y2304
2026-07-26 13:03:41,405 - hybrid_pipeline - INFO - Tile tile_x3072_y2304: 核心遮罩全空 → 空白 placeholder
2026-07-26 13:03:41,413 - hybrid_pipeline - INFO - [79/576] 處理 tile: tile_x4608_y2304
2026-07-26 13:03:41,437 - hybrid_pipeline - INFO - Tile tile_x3840_y2304: 核心遮罩全空 → 空白 placeholder
2026-07-26 13:03:41,446 - hybrid_pipeline - INFO - [80/576] 處理 tile: tile_x5376_y2304
2026-07-26 13:03:41,469 - hybrid_pipeline - INFO - Tile tile_x4608_y2304: 核心遮罩全空 → 空白 placeholder
2026-07-26 13:03:41,478 - hybrid_pipeline - INFO - [81/576] 處理 tile: tile_x6144_y2304
2026-07-26 13:03:41,501 - hybrid_pipeline - INFO - Tile tile_x5376_y2304: 核心遮罩全空 → 空白 placeholder
2026-07-26 13:03:41,510 - hybrid_pipeline - INFO - [82/576] 處理 tile: tile_x6912_y2304
2026-07-26 13:03:41,533 - hybrid_pipeline - INFO - Tile tile_x6144_y2304: 核心遮罩全空 → 空白 placeholder
2026-07-26 13:03:41,541 - hybrid_pipeline - INFO - [83/576] 處理 tile: tile_x7680_y2304
2026-07-26 13:03:41,565 - hybrid_pipeline - INFO - Tile tile_x6912_y2304: 核心遮罩全空 → 空白 placeholder
2026-07-26 13:03:41,574 - hybrid_pipeline - INFO - [84/576] 處理 tile: tile_x8448_y2304
2026-07-26 13:03:41,597 - hybrid_pipeline - INFO - Tile tile_x7680_y2304: 核心遮罩全空 → 空白 placeholder
2026-07-26 13:03:41,606 - hybrid_pipeline - INFO - [85/576] 處理 tile: tile_x9216_y2304
2026-07-26 13:03:41,629 - hybrid_pipeline - INFO - Tile tile_x8448_y2304: 核心遮罩全空 → 空白 placeholder
2026-07-26 13:03:41,640 - hybrid_pipeline - INFO - [86/576] 處理 tile: tile_x10752_y2304
2026-07-26 13:03:41,664 - hybrid_pipeline - INFO - Tile tile_x9216_y2304: 核心遮罩全空 → 空白 placeholder
2026-07-26 13:03:41,674 - hybrid_pipeline - INFO - [87/576] 處理 tile: tile_x9984_y2304
2026-07-26 13:03:41,697 - hybrid_pipeline - INFO - Tile tile_x10752_y2304: 核心遮罩全空 → 空白 placeholder
2026-07-26 13:03:41,706 - hybrid_pipeline - INFO - [88/576] 處理 tile: tile_x11520_y2304
2026-07-26 13:03:41,731 - hybrid_pipeline - INFO - Tile tile_x9984_y2304: 核心遮罩全空 → 空白 placeholder
2026-07-26 13:03:41,744 - hybrid_pipeline - INFO - [89/576] 處理 tile: tile_x13056_y2304
2026-07-26 13:03:41,769 - hybrid_pipeline - INFO - Tile tile_x11520_y2304: 核心遮罩全空 → 空白 placeholder
2026-07-26 13:03:41,776 - hybrid_pipeline - INFO - [90/576] 處理 tile: tile_x12288_y2304
2026-07-26 13:03:41,799 - hybrid_pipeline - INFO - Tile tile_x13056_y2304: 核心遮罩全空 → 空白 placeholder
2026-07-26 13:03:41,810 - hybrid_pipeline - INFO - [91/576] 處理 tile: tile_x13824_y2304
2026-07-26 13:03:41,833 - hybrid_pipeline - INFO - Tile tile_x12288_y2304: 核心遮罩全空 → 空白 placeholder
2026-07-26 13:03:41,843 - hybrid_pipeline - INFO - [92/576] 處理 tile: tile_x14592_y2304
2026-07-26 13:03:41,867 - hybrid_pipeline - INFO - Tile tile_x13824_y2304: 核心遮罩全空 → 空白 placeholder
2026-07-26 13:03:41,875 - hybrid_pipeline - INFO - [93/576] 處理 tile: tile_x15360_y2304
2026-07-26 13:03:41,898 - hybrid_pipeline - INFO - Tile tile_x14592_y2304: 核心遮罩全空 → 空白 placeholder
2026-07-26 13:03:41,907 - hybrid_pipeline - INFO - [94/576] 處理 tile: tile_x16896_y2304
2026-07-26 13:03:41,932 - hybrid_pipeline - INFO - Tile tile_x15360_y2304: 核心遮罩全空 → 空白 placeholder
2026-07-26 13:03:41,939 - hybrid_pipeline - INFO - [95/576] 處理 tile: tile_x17664_y2304
2026-07-26 13:03:41,962 - hybrid_pipeline - INFO - Tile tile_x16896_y2304: 核心遮罩全空 → 空白 placeholder
2026-07-26 13:03:41,972 - hybrid_pipeline - INFO - [96/576] 處理 tile: tile_x16128_y2304
2026-07-26 13:03:41,996 - hybrid_pipeline - INFO - Tile tile_x17664_y2304: 核心遮罩全空 → 空白 placeholder
2026-07-26 13:03:42,005 - hybrid_pipeline - INFO - [97/576] 處理 tile: tile_x768_y3072
2026-07-26 13:03:42,028 - hybrid_pipeline - INFO - Tile tile_x16128_y2304: 核心遮罩全空 → 空白 placeholder
2026-07-26 13:03:42,038 - hybrid_pipeline - INFO - [98/576] 處理 tile: tile_x0_y3072
2026-07-26 13:03:42,061 - hybrid_pipeline - INFO - Tile tile_x768_y3072: 核心遮罩全空 → 空白 placeholder
2026-07-26 13:03:42,071 - hybrid_pipeline - INFO - [99/576] 處理 tile: tile_x1536_y3072
2026-07-26 13:03:42,095 - hybrid_pipeline - INFO - Tile tile_x0_y3072: 核心遮罩全空 → 空白 placeholder
2026-07-26 13:03:42,104 - hybrid_pipeline - INFO - [100/576] 處理 tile: tile_x2304_y3072
2026-07-26 13:03:42,127 - hybrid_pipeline - INFO - Tile tile_x1536_y3072: 核心遮罩全空 → 空白 placeholder
2026-07-26 13:03:42,135 - hybrid_pipeline - INFO - [101/576] 處理 tile: tile_x3072_y3072
2026-07-26 13:03:42,159 - hybrid_pipeline - INFO - Tile tile_x2304_y3072: 核心遮罩全空 → 空白 placeholder
2026-07-26 13:03:42,167 - hybrid_pipeline - INFO - [102/576] 處理 tile: tile_x3840_y3072
2026-07-26 13:03:42,191 - hybrid_pipeline - INFO - Tile tile_x3072_y3072: 核心遮罩全空 → 空白 placeholder
2026-07-26 13:03:42,201 - hybrid_pipeline - INFO - [103/576] 處理 tile: tile_x5376_y3072
2026-07-26 13:03:42,225 - hybrid_pipeline - INFO - Tile tile_x3840_y3072: 核心遮罩全空 → 空白 placeholder
2026-07-26 13:03:42,233 - hybrid_pipeline - INFO - [104/576] 處理 tile: tile_x4608_y3072
2026-07-26 13:03:42,257 - hybrid_pipeline - INFO - Tile tile_x5376_y3072: 核心遮罩全空 → 空白 placeholder
2026-07-26 13:03:42,266 - hybrid_pipeline - INFO - [105/576] 處理 tile: tile_x6912_y3072
2026-07-26 13:03:42,290 - hybrid_pipeline - INFO - Tile tile_x4608_y3072: 核心遮罩全空 → 空白 placeholder
2026-07-26 13:03:42,298 - hybrid_pipeline - INFO - [106/576] 處理 tile: tile_x6144_y3072
2026-07-26 13:03:42,322 - hybrid_pipeline - INFO - Tile tile_x6912_y3072: 核心遮罩全空 → 空白 placeholder
2026-07-26 13:03:42,331 - hybrid_pipeline - INFO - [107/576] 處理 tile: tile_x7680_y3072
2026-07-26 13:03:42,355 - hybrid_pipeline - INFO - Tile tile_x6144_y3072: 核心遮罩全空 → 空白 placeholder
2026-07-26 13:03:42,363 - hybrid_pipeline - INFO - [108/576] 處理 tile: tile_x8448_y3072
2026-07-26 13:03:42,386 - hybrid_pipeline - INFO - Tile tile_x7680_y3072: 核心遮罩全空 → 空白 placeholder
2026-07-26 13:03:42,395 - hybrid_pipeline - INFO - [109/576] 處理 tile: tile_x9984_y3072
2026-07-26 13:03:42,418 - hybrid_pipeline - INFO - Tile tile_x8448_y3072: 核心遮罩全空 → 空白 placeholder
2026-07-26 13:03:42,428 - hybrid_pipeline - INFO - [110/576] 處理 tile: tile_x11520_y3072
2026-07-26 13:03:42,451 - hybrid_pipeline - INFO - Tile tile_x9984_y3072: 核心遮罩全空 → 空白 placeholder
2026-07-26 13:03:42,460 - hybrid_pipeline - INFO - [111/576] 處理 tile: tile_x9216_y3072
2026-07-26 13:03:42,483 - hybrid_pipeline - INFO - Tile tile_x11520_y3072: 核心遮罩全空 → 空白 placeholder
2026-07-26 13:03:42,493 - hybrid_pipeline - INFO - [112/576] 處理 tile: tile_x10752_y3072
2026-07-26 13:03:42,517 - hybrid_pipeline - INFO - Tile tile_x9216_y3072: 核心遮罩全空 → 空白 placeholder
2026-07-26 13:03:42,527 - hybrid_pipeline - INFO - [113/576] 處理 tile: tile_x12288_y3072
2026-07-26 13:03:42,553 - hybrid_pipeline - INFO - Tile tile_x10752_y3072: 核心遮罩全空 → 空白 placeholder
2026-07-26 13:03:42,559 - hybrid_pipeline - INFO - [114/576] 處理 tile: tile_x13056_y3072
2026-07-26 13:03:42,582 - hybrid_pipeline - INFO - Tile tile_x12288_y3072: 核心遮罩全空 → 空白 placeholder
2026-07-26 13:03:42,591 - hybrid_pipeline - INFO - [115/576] 處理 tile: tile_x13824_y3072
2026-07-26 13:03:42,615 - hybrid_pipeline - INFO - Tile tile_x13056_y3072: 核心遮罩全空 → 空白 placeholder
2026-07-26 13:03:42,627 - hybrid_pipeline - INFO - [116/576] 處理 tile: tile_x16128_y3072
2026-07-26 13:03:42,653 - hybrid_pipeline - INFO - Tile tile_x13824_y3072: 核心遮罩全空 → 空白 placeholder
2026-07-26 13:03:42,660 - hybrid_pipeline - INFO - [117/576] 處理 tile: tile_x16896_y3072
2026-07-26 13:03:42,683 - hybrid_pipeline - INFO - Tile tile_x16128_y3072: 核心遮罩全空 → 空白 placeholder
2026-07-26 13:03:42,695 - hybrid_pipeline - INFO - [118/576] 處理 tile: tile_x14592_y3072
2026-07-26 13:03:42,719 - hybrid_pipeline - INFO - Tile tile_x16896_y3072: 核心遮罩全空 → 空白 placeholder
2026-07-26 13:03:42,728 - hybrid_pipeline - INFO - [119/576] 處理 tile: tile_x15360_y3072
2026-07-26 13:03:42,752 - hybrid_pipeline - INFO - Tile tile_x14592_y3072: 核心遮罩全空 → 空白 placeholder
2026-07-26 13:03:43,644 - hybrid_pipeline - INFO - [120/576] 處理 tile: tile_x17664_y3072
2026-07-26 13:03:43,670 - m3_module.m3_cells_generator - INFO - All-positive 標註完成: 3 個細胞
2026-07-26 13:03:43,703 - m3_module.m3_cells_generator - INFO - enlarge_cell_instances: 3 顆細胞, factor=1.50(面積), 中位半徑=18.4px, 外擴=4.1px
2026-07-26 13:03:43,830 - m3_module.m3_dot_detection - INFO - detect_all_dots: 紅點=0, 黑點=0, 涉及細胞=3
2026-07-26 13:03:43,870 - m4_module.cell_crops - INFO - 匯出 1 張 per-cell 影像至 /data/taro_Projects/tsgh/output/r7_run/cell_crops/tile_x15360_y3072/cells
2026-07-26 13:03:43,870 - hybrid_pipeline - INFO - Tile tile_x15360_y3072 完成: 核心擁有 1 細胞 (1 陽性), 1.14 秒
2026-07-26 13:03:43,870 - hybrid_pipeline - INFO - [121/576] 處理 tile: tile_x0_y3840
2026-07-26 13:03:43,894 - hybrid_pipeline - INFO - Tile tile_x17664_y3072: 核心遮罩全空 → 空白 placeholder
2026-07-26 13:03:43,905 - hybrid_pipeline - INFO - [122/576] 處理 tile: tile_x768_y3840
2026-07-26 13:03:43,929 - hybrid_pipeline - INFO - Tile tile_x0_y3840: 核心遮罩全空 → 空白 placeholder
2026-07-26 13:03:43,940 - hybrid_pipeline - INFO - [123/576] 處理 tile: tile_x1536_y3840
2026-07-26 13:03:43,965 - hybrid_pipeline - INFO - Tile tile_x768_y3840: 核心遮罩全空 → 空白 placeholder
2026-07-26 13:03:43,975 - hybrid_pipeline - INFO - [124/576] 處理 tile: tile_x2304_y3840
2026-07-26 13:03:43,999 - hybrid_pipeline - INFO - Tile tile_x1536_y3840: 核心遮罩全空 → 空白 placeholder
2026-07-26 13:03:44,010 - hybrid_pipeline - INFO - [125/576] 處理 tile: tile_x3072_y3840
2026-07-26 13:03:44,033 - hybrid_pipeline - INFO - Tile tile_x2304_y3840: 核心遮罩全空 → 空白 placeholder
2026-07-26 13:03:44,042 - hybrid_pipeline - INFO - [126/576] 處理 tile: tile_x6144_y3840
2026-07-26 13:03:44,065 - hybrid_pipeline - INFO - Tile tile_x3072_y3840: 核心遮罩全空 → 空白 placeholder
2026-07-26 13:03:44,073 - hybrid_pipeline - INFO - [127/576] 處理 tile: tile_x4608_y3840
2026-07-26 13:03:44,097 - hybrid_pipeline - INFO - Tile tile_x6144_y3840: 核心遮罩全空 → 空白 placeholder
2026-07-26 13:03:44,106 - hybrid_pipeline - INFO - [128/576] 處理 tile: tile_x3840_y3840
2026-07-26 13:03:44,132 - hybrid_pipeline - INFO - Tile tile_x4608_y3840: 核心遮罩全空 → 空白 placeholder
2026-07-26 13:03:44,142 - hybrid_pipeline - INFO - [129/576] 處理 tile: tile_x5376_y3840
2026-07-26 13:03:44,166 - hybrid_pipeline - INFO - Tile tile_x3840_y3840: 核心遮罩全空 → 空白 placeholder
2026-07-26 13:03:44,174 - hybrid_pipeline - INFO - [130/576] 處理 tile: tile_x6912_y3840
2026-07-26 13:03:44,197 - hybrid_pipeline - INFO - Tile tile_x5376_y3840: 核心遮罩全空 → 空白 placeholder
2026-07-26 13:03:44,206 - hybrid_pipeline - INFO - [131/576] 處理 tile: tile_x7680_y3840
2026-07-26 13:03:44,230 - hybrid_pipeline - INFO - Tile tile_x6912_y3840: 核心遮罩全空 → 空白 placeholder
2026-07-26 13:03:44,238 - hybrid_pipeline - INFO - [132/576] 處理 tile: tile_x8448_y3840
2026-07-26 13:03:44,262 - hybrid_pipeline - INFO - Tile tile_x7680_y3840: 核心遮罩全空 → 空白 placeholder
2026-07-26 13:03:44,269 - hybrid_pipeline - INFO - [133/576] 處理 tile: tile_x9984_y3840
2026-07-26 13:03:44,293 - hybrid_pipeline - INFO - Tile tile_x8448_y3840: 核心遮罩全空 → 空白 placeholder
2026-07-26 13:03:44,301 - hybrid_pipeline - INFO - [134/576] 處理 tile: tile_x9216_y3840
2026-07-26 13:03:44,325 - hybrid_pipeline - INFO - Tile tile_x9984_y3840: 核心遮罩全空 → 空白 placeholder
2026-07-26 13:03:44,335 - hybrid_pipeline - INFO - [135/576] 處理 tile: tile_x12288_y3840
2026-07-26 13:03:44,359 - hybrid_pipeline - INFO - Tile tile_x9216_y3840: 核心遮罩全空 → 空白 placeholder
2026-07-26 13:03:44,367 - hybrid_pipeline - INFO - [136/576] 處理 tile: tile_x11520_y3840
2026-07-26 13:03:44,394 - hybrid_pipeline - INFO - Tile tile_x12288_y3840: 核心遮罩全空 → 空白 placeholder
2026-07-26 13:03:44,400 - hybrid_pipeline - INFO - [137/576] 處理 tile: tile_x10752_y3840
2026-07-26 13:03:44,425 - hybrid_pipeline - INFO - Tile tile_x11520_y3840: 核心遮罩全空 → 空白 placeholder
2026-07-26 13:03:44,434 - hybrid_pipeline - INFO - [138/576] 處理 tile: tile_x13056_y3840
2026-07-26 13:03:44,457 - hybrid_pipeline - INFO - Tile tile_x10752_y3840: 核心遮罩全空 → 空白 placeholder
2026-07-26 13:03:44,469 - hybrid_pipeline - INFO - [139/576] 處理 tile: tile_x13824_y3840
2026-07-26 13:03:44,493 - hybrid_pipeline - INFO - Tile tile_x13056_y3840: 核心遮罩全空 → 空白 placeholder
2026-07-26 13:03:44,501 - hybrid_pipeline - INFO - [140/576] 處理 tile: tile_x14592_y3840
2026-07-26 13:03:44,526 - hybrid_pipeline - INFO - Tile tile_x13824_y3840: 核心遮罩全空 → 空白 placeholder
2026-07-26 13:03:44,535 - hybrid_pipeline - INFO - [141/576] 處理 tile: tile_x16896_y3840
2026-07-26 13:03:44,560 - hybrid_pipeline - INFO - Tile tile_x14592_y3840: 核心遮罩全空 → 空白 placeholder
2026-07-26 13:03:44,567 - hybrid_pipeline - INFO - [142/576] 處理 tile: tile_x16128_y3840
2026-07-26 13:03:44,592 - hybrid_pipeline - INFO - Tile tile_x16896_y3840: 核心遮罩全空 → 空白 placeholder
2026-07-26 13:03:44,600 - hybrid_pipeline - INFO - [143/576] 處理 tile: tile_x15360_y3840
2026-07-26 13:03:44,624 - hybrid_pipeline - INFO - Tile tile_x16128_y3840: 核心遮罩全空 → 空白 placeholder
2026-07-26 13:03:45,193 - hybrid_pipeline - INFO - [144/576] 處理 tile: tile_x17664_y3840
2026-07-26 13:03:45,215 - m3_module.m3_cells_generator - INFO - All-positive 標註完成: 2 個細胞
2026-07-26 13:03:45,242 - m3_module.m3_cells_generator - INFO - enlarge_cell_instances: 2 顆細胞, factor=1.50(面積), 中位半徑=19.3px, 外擴=4.3px
2026-07-26 13:03:45,369 - m3_module.m3_dot_detection - INFO - detect_all_dots: 紅點=0, 黑點=0, 涉及細胞=2
2026-07-26 13:03:45,409 - m4_module.cell_crops - INFO - 匯出 1 張 per-cell 影像至 /data/taro_Projects/tsgh/output/r7_run/cell_crops/tile_x15360_y3840/cells
2026-07-26 13:03:45,409 - hybrid_pipeline - INFO - Tile tile_x15360_y3840 完成: 核心擁有 1 細胞 (1 陽性), 0.81 秒
2026-07-26 13:03:45,409 - hybrid_pipeline - INFO - [145/576] 處理 tile: tile_x1536_y4608
2026-07-26 13:03:45,433 - hybrid_pipeline - INFO - Tile tile_x17664_y3840: 核心遮罩全空 → 空白 placeholder
2026-07-26 13:03:45,443 - hybrid_pipeline - INFO - [146/576] 處理 tile: tile_x768_y4608
2026-07-26 13:03:45,466 - hybrid_pipeline - INFO - Tile tile_x1536_y4608: 核心遮罩全空 → 空白 placeholder
2026-07-26 13:03:45,478 - hybrid_pipeline - INFO - [147/576] 處理 tile: tile_x0_y4608
2026-07-26 13:03:45,501 - hybrid_pipeline - INFO - Tile tile_x768_y4608: 核心遮罩全空 → 空白 placeholder
2026-07-26 13:03:45,511 - hybrid_pipeline - INFO - [148/576] 處理 tile: tile_x3072_y4608
2026-07-26 13:03:45,535 - hybrid_pipeline - INFO - Tile tile_x0_y4608: 核心遮罩全空 → 空白 placeholder
2026-07-26 13:03:45,543 - hybrid_pipeline - INFO - [149/576] 處理 tile: tile_x5376_y4608
2026-07-26 13:03:45,567 - hybrid_pipeline - INFO - Tile tile_x3072_y4608: 核心遮罩全空 → 空白 placeholder
2026-07-26 13:03:45,575 - hybrid_pipeline - INFO - [150/576] 處理 tile: tile_x3840_y4608
2026-07-26 13:03:45,600 - hybrid_pipeline - INFO - Tile tile_x5376_y4608: 核心遮罩全空 → 空白 placeholder
2026-07-26 13:03:45,609 - hybrid_pipeline - INFO - [151/576] 處理 tile: tile_x4608_y4608
2026-07-26 13:03:45,633 - hybrid_pipeline - INFO - Tile tile_x3840_y4608: 核心遮罩全空 → 空白 placeholder
2026-07-26 13:03:45,642 - hybrid_pipeline - INFO - [152/576] 處理 tile: tile_x2304_y4608
2026-07-26 13:03:45,667 - hybrid_pipeline - INFO - Tile tile_x4608_y4608: 核心遮罩全空 → 空白 placeholder
2026-07-26 13:03:45,677 - hybrid_pipeline - INFO - [153/576] 處理 tile: tile_x6912_y4608
2026-07-26 13:03:45,702 - hybrid_pipeline - INFO - Tile tile_x2304_y4608: 核心遮罩全空 → 空白 placeholder
2026-07-26 13:03:45,710 - hybrid_pipeline - INFO - [154/576] 處理 tile: tile_x6144_y4608
2026-07-26 13:03:45,732 - hybrid_pipeline - INFO - Tile tile_x6912_y4608: 核心遮罩全空 → 空白 placeholder
2026-07-26 13:03:45,741 - hybrid_pipeline - INFO - [155/576] 處理 tile: tile_x7680_y4608
2026-07-26 13:03:45,765 - hybrid_pipeline - INFO - Tile tile_x6144_y4608: 核心遮罩全空 → 空白 placeholder
2026-07-26 13:03:45,773 - hybrid_pipeline - INFO - [156/576] 處理 tile: tile_x11520_y4608
2026-07-26 13:03:45,806 - hybrid_pipeline - INFO - Tile tile_x7680_y4608: 核心遮罩全空 → 空白 placeholder
2026-07-26 13:03:45,807 - hybrid_pipeline - INFO - [157/576] 處理 tile: tile_x8448_y4608
2026-07-26 13:03:45,830 - hybrid_pipeline - INFO - Tile tile_x11520_y4608: 核心遮罩全空 → 空白 placeholder
2026-07-26 13:03:45,841 - hybrid_pipeline - INFO - [158/576] 處理 tile: tile_x9216_y4608
2026-07-26 13:03:45,865 - hybrid_pipeline - INFO - Tile tile_x8448_y4608: 核心遮罩全空 → 空白 placeholder
2026-07-26 13:03:45,874 - hybrid_pipeline - INFO - [159/576] 處理 tile: tile_x9984_y4608
2026-07-26 13:03:45,897 - hybrid_pipeline - INFO - Tile tile_x9216_y4608: 核心遮罩全空 → 空白 placeholder
2026-07-26 13:03:45,907 - hybrid_pipeline - INFO - [160/576] 處理 tile: tile_x10752_y4608
2026-07-26 13:03:45,931 - hybrid_pipeline - INFO - Tile tile_x9984_y4608: 核心遮罩全空 → 空白 placeholder
2026-07-26 13:03:45,942 - hybrid_pipeline - INFO - [161/576] 處理 tile: tile_x12288_y4608
2026-07-26 13:03:45,966 - hybrid_pipeline - INFO - Tile tile_x10752_y4608: 核心遮罩全空 → 空白 placeholder
2026-07-26 13:03:45,976 - hybrid_pipeline - INFO - [162/576] 處理 tile: tile_x13824_y4608
2026-07-26 13:03:46,001 - hybrid_pipeline - INFO - Tile tile_x12288_y4608: 核心遮罩全空 → 空白 placeholder
2026-07-26 13:03:46,008 - hybrid_pipeline - INFO - [163/576] 處理 tile: tile_x13056_y4608
2026-07-26 13:03:46,031 - hybrid_pipeline - INFO - Tile tile_x13824_y4608: 核心遮罩全空 → 空白 placeholder
2026-07-26 13:03:46,043 - hybrid_pipeline - INFO - [164/576] 處理 tile: tile_x15360_y4608
2026-07-26 13:03:46,072 - hybrid_pipeline - INFO - Tile tile_x13056_y4608: 核心遮罩全空 → 空白 placeholder
2026-07-26 13:03:46,076 - hybrid_pipeline - INFO - [165/576] 處理 tile: tile_x14592_y4608
2026-07-26 13:03:46,099 - hybrid_pipeline - INFO - Tile tile_x15360_y4608: 核心遮罩全空 → 空白 placeholder
2026-07-26 13:03:46,110 - hybrid_pipeline - INFO - [166/576] 處理 tile: tile_x16128_y4608
2026-07-26 13:03:46,133 - hybrid_pipeline - INFO - Tile tile_x14592_y4608: 核心遮罩全空 → 空白 placeholder
2026-07-26 13:03:46,142 - hybrid_pipeline - INFO - [167/576] 處理 tile: tile_x16896_y4608
2026-07-26 13:03:46,167 - hybrid_pipeline - INFO - Tile tile_x16128_y4608: 核心遮罩全空 → 空白 placeholder
2026-07-26 13:03:46,175 - hybrid_pipeline - INFO - [168/576] 處理 tile: tile_x17664_y4608
2026-07-26 13:03:46,199 - hybrid_pipeline - INFO - Tile tile_x16896_y4608: 核心遮罩全空 → 空白 placeholder
2026-07-26 13:03:46,207 - hybrid_pipeline - INFO - [169/576] 處理 tile: tile_x0_y5376
2026-07-26 13:03:46,231 - hybrid_pipeline - INFO - Tile tile_x17664_y4608: 核心遮罩全空 → 空白 placeholder
2026-07-26 13:03:46,239 - hybrid_pipeline - INFO - [170/576] 處理 tile: tile_x768_y5376
2026-07-26 13:03:46,262 - hybrid_pipeline - INFO - Tile tile_x0_y5376: 核心遮罩全空 → 空白 placeholder
2026-07-26 13:03:46,272 - hybrid_pipeline - INFO - [171/576] 處理 tile: tile_x1536_y5376
2026-07-26 13:03:46,295 - hybrid_pipeline - INFO - Tile tile_x768_y5376: 核心遮罩全空 → 空白 placeholder
2026-07-26 13:03:46,868 - hybrid_pipeline - INFO - [172/576] 處理 tile: tile_x4608_y5376
2026-07-26 13:03:46,891 - m3_module.m3_cells_generator - INFO - All-positive 標註完成: 6 個細胞
2026-07-26 13:03:46,920 - m3_module.m3_cells_generator - INFO - enlarge_cell_instances: 6 顆細胞, factor=1.50(面積), 中位半徑=16.8px, 外擴=3.8px
2026-07-26 13:03:47,051 - m3_module.m3_dot_detection - INFO - detect_all_dots: 紅點=0, 黑點=0, 涉及細胞=6
2026-07-26 13:03:47,095 - m4_module.cell_crops - INFO - 匯出 4 張 per-cell 影像至 /data/taro_Projects/tsgh/output/r7_run/cell_crops/tile_x1536_y5376/cells
2026-07-26 13:03:47,095 - hybrid_pipeline - INFO - Tile tile_x1536_y5376 完成: 核心擁有 4 細胞 (4 陽性), 0.82 秒
2026-07-26 13:03:47,095 - hybrid_pipeline - INFO - [173/576] 處理 tile: tile_x3840_y5376
2026-07-26 13:03:47,118 - hybrid_pipeline - INFO - Tile tile_x4608_y5376: 核心遮罩全空 → 空白 placeholder
2026-07-26 13:03:47,129 - hybrid_pipeline - INFO - [174/576] 處理 tile: tile_x2304_y5376
2026-07-26 13:03:47,152 - hybrid_pipeline - INFO - Tile tile_x3840_y5376: 核心遮罩全空 → 空白 placeholder
2026-07-26 13:03:47,713 - hybrid_pipeline - INFO - [175/576] 處理 tile: tile_x3072_y5376
2026-07-26 13:03:47,738 - m3_module.m3_cells_generator - INFO - All-positive 標註完成: 5 個細胞
2026-07-26 13:03:47,766 - m3_module.m3_cells_generator - INFO - enlarge_cell_instances: 5 顆細胞, factor=1.50(面積), 中位半徑=17.3px, 外擴=3.9px
2026-07-26 13:03:47,894 - m3_module.m3_dot_detection - INFO - detect_all_dots: 紅點=0, 黑點=0, 涉及細胞=5
2026-07-26 13:03:47,935 - m4_module.cell_crops - INFO - 匯出 2 張 per-cell 影像至 /data/taro_Projects/tsgh/output/r7_run/cell_crops/tile_x2304_y5376/cells
2026-07-26 13:03:47,935 - hybrid_pipeline - INFO - Tile tile_x2304_y5376 完成: 核心擁有 2 細胞 (2 陽性), 0.81 秒
2026-07-26 13:03:47,935 - hybrid_pipeline - INFO - [176/576] 處理 tile: tile_x5376_y5376
2026-07-26 13:03:47,960 - hybrid_pipeline - INFO - Tile tile_x3072_y5376: 核心遮罩全空 → 空白 placeholder
2026-07-26 13:03:47,974 - hybrid_pipeline - INFO - [177/576] 處理 tile: tile_x6144_y5376
2026-07-26 13:03:47,998 - hybrid_pipeline - INFO - Tile tile_x5376_y5376: 核心遮罩全空 → 空白 placeholder
2026-07-26 13:03:48,009 - hybrid_pipeline - INFO - [178/576] 處理 tile: tile_x6912_y5376
2026-07-26 13:03:48,032 - hybrid_pipeline - INFO - Tile tile_x6144_y5376: 核心遮罩全空 → 空白 placeholder
2026-07-26 13:03:48,043 - hybrid_pipeline - INFO - [179/576] 處理 tile: tile_x7680_y5376
2026-07-26 13:03:48,067 - hybrid_pipeline - INFO - Tile tile_x6912_y5376: 核心遮罩全空 → 空白 placeholder
2026-07-26 13:03:48,076 - hybrid_pipeline - INFO - [180/576] 處理 tile: tile_x9984_y5376
2026-07-26 13:03:48,103 - hybrid_pipeline - INFO - Tile tile_x7680_y5376: 核心遮罩全空 → 空白 placeholder
2026-07-26 13:03:48,109 - hybrid_pipeline - INFO - [181/576] 處理 tile: tile_x9216_y5376
2026-07-26 13:03:48,133 - hybrid_pipeline - INFO - Tile tile_x9984_y5376: 核心遮罩全空 → 空白 placeholder
2026-07-26 13:03:48,143 - hybrid_pipeline - INFO - [182/576] 處理 tile: tile_x8448_y5376
2026-07-26 13:03:48,166 - hybrid_pipeline - INFO - Tile tile_x9216_y5376: 核心遮罩全空 → 空白 placeholder
2026-07-26 13:03:48,175 - hybrid_pipeline - INFO - [183/576] 處理 tile: tile_x11520_y5376
2026-07-26 13:03:48,201 - hybrid_pipeline - INFO - Tile tile_x8448_y5376: 核心遮罩全空 → 空白 placeholder
2026-07-26 13:03:48,213 - hybrid_pipeline - INFO - [184/576] 處理 tile: tile_x10752_y5376
2026-07-26 13:03:48,237 - hybrid_pipeline - INFO - Tile tile_x11520_y5376: 核心遮罩全空 → 空白 placeholder
2026-07-26 13:03:48,246 - hybrid_pipeline - INFO - [185/576] 處理 tile: tile_x12288_y5376
2026-07-26 13:03:48,269 - hybrid_pipeline - INFO - Tile tile_x10752_y5376: 核心遮罩全空 → 空白 placeholder
2026-07-26 13:03:48,278 - hybrid_pipeline - INFO - [186/576] 處理 tile: tile_x13056_y5376
2026-07-26 13:03:48,302 - hybrid_pipeline - INFO - Tile tile_x12288_y5376: 核心遮罩全空 → 空白 placeholder
2026-07-26 13:03:48,311 - hybrid_pipeline - INFO - [187/576] 處理 tile: tile_x13824_y5376
2026-07-26 13:03:48,341 - hybrid_pipeline - INFO - Tile tile_x13056_y5376: 核心遮罩全空 → 空白 placeholder
2026-07-26 13:03:48,344 - hybrid_pipeline - INFO - [188/576] 處理 tile: tile_x16896_y5376
2026-07-26 13:03:48,367 - hybrid_pipeline - INFO - Tile tile_x13824_y5376: 核心遮罩全空 → 空白 placeholder
2026-07-26 13:03:48,375 - hybrid_pipeline - INFO - [189/576] 處理 tile: tile_x14592_y5376
2026-07-26 13:03:48,399 - hybrid_pipeline - INFO - Tile tile_x16896_y5376: 核心遮罩全空 → 空白 placeholder
2026-07-26 13:03:48,408 - hybrid_pipeline - INFO - [190/576] 處理 tile: tile_x16128_y5376
2026-07-26 13:03:48,431 - hybrid_pipeline - INFO - Tile tile_x14592_y5376: 核心遮罩全空 → 空白 placeholder
2026-07-26 13:03:48,440 - hybrid_pipeline - INFO - [191/576] 處理 tile: tile_x17664_y5376
2026-07-26 13:03:48,465 - hybrid_pipeline - INFO - Tile tile_x16128_y5376: 核心遮罩全空 → 空白 placeholder
2026-07-26 13:03:48,472 - hybrid_pipeline - INFO - [192/576] 處理 tile: tile_x15360_y5376
2026-07-26 13:03:48,496 - hybrid_pipeline - INFO - Tile tile_x17664_y5376: 核心遮罩全空 → 空白 placeholder
2026-07-26 13:03:48,505 - hybrid_pipeline - INFO - [193/576] 處理 tile: tile_x0_y6144
2026-07-26 13:03:48,529 - hybrid_pipeline - INFO - Tile tile_x15360_y5376: 核心遮罩全空 → 空白 placeholder
2026-07-26 13:03:49,109 - hybrid_pipeline - INFO - [194/576] 處理 tile: tile_x768_y6144
2026-07-26 13:03:49,133 - m3_module.m3_cells_generator - INFO - All-positive 標註完成: 10 個細胞
2026-07-26 13:03:49,166 - m3_module.m3_cells_generator - INFO - enlarge_cell_instances: 10 顆細胞, factor=1.50(面積), 中位半徑=19.0px, 外擴=4.3px
2026-07-26 13:03:49,190 - m3_module.m3_elastic_matching - INFO - elastic_dish_nucleus_matching(overlap-first): IHC=10, DISH=2, matched(1核)=0 (其中重疊=0), drop-out(競爭落敗)=0, 無候選(計入)=10, factor=1.50, min_reach=20.0
2026-07-26 13:03:49,299 - m3_module.m3_dot_detection - INFO - detect_all_dots: 紅點=0, 黑點=0, 涉及細胞=10
2026-07-26 13:03:49,380 - m4_module.cell_crops - INFO - 匯出 1 張 per-cell 影像至 /data/taro_Projects/tsgh/output/r7_run/cell_crops/tile_x0_y6144/cells
2026-07-26 13:03:49,380 - hybrid_pipeline - INFO - Tile tile_x0_y6144 完成: 核心擁有 1 細胞 (1 陽性), 0.88 秒
2026-07-26 13:03:49,720 - hybrid_pipeline - INFO - [195/576] 處理 tile: tile_x4608_y6144
2026-07-26 13:03:49,742 - m3_module.m3_cells_generator - INFO - All-positive 標註完成: 22 個細胞
2026-07-26 13:03:49,781 - m3_module.m3_cells_generator - INFO - enlarge_cell_instances: 22 顆細胞, factor=1.50(面積), 中位半徑=20.5px, 外擴=4.6px
2026-07-26 13:03:49,805 - m3_module.m3_elastic_matching - INFO - elastic_dish_nucleus_matching(overlap-first): IHC=22, DISH=1, matched(1核)=0 (其中重疊=0), drop-out(競爭落敗)=0, 無候選(計入)=22, factor=1.50, min_reach=20.0
2026-07-26 13:03:49,914 - m3_module.m3_dot_detection - INFO - detect_all_dots: 紅點=0, 黑點=0, 涉及細胞=22
2026-07-26 13:03:49,991 - m4_module.cell_crops - INFO - 匯出 12 張 per-cell 影像至 /data/taro_Projects/tsgh/output/r7_run/cell_crops/tile_x768_y6144/cells
2026-07-26 13:03:49,991 - hybrid_pipeline - INFO - Tile tile_x768_y6144 完成: 核心擁有 12 細胞 (12 陽性), 0.88 秒
2026-07-26 13:03:49,992 - hybrid_pipeline - INFO - [196/576] 處理 tile: tile_x3072_y6144
2026-07-26 13:03:50,016 - hybrid_pipeline - INFO - Tile tile_x4608_y6144: 核心遮罩全空 → 空白 placeholder
2026-07-26 13:03:50,025 - hybrid_pipeline - INFO - [197/576] 處理 tile: tile_x1536_y6144
2026-07-26 13:03:50,048 - hybrid_pipeline - INFO - Tile tile_x3072_y6144: 核心遮罩全空 → 空白 placeholder
2026-07-26 13:03:50,057 - hybrid_pipeline - INFO - [198/576] 處理 tile: tile_x5376_y6144
2026-07-26 13:03:50,081 - hybrid_pipeline - INFO - Tile tile_x1536_y6144: 核心遮罩全空 → 空白 placeholder
2026-07-26 13:03:50,089 - hybrid_pipeline - INFO - [199/576] 處理 tile: tile_x3840_y6144
2026-07-26 13:03:50,113 - hybrid_pipeline - INFO - Tile tile_x5376_y6144: 核心遮罩全空 → 空白 placeholder
2026-07-26 13:03:50,121 - hybrid_pipeline - INFO - [200/576] 處理 tile: tile_x2304_y6144
2026-07-26 13:03:50,145 - hybrid_pipeline - INFO - Tile tile_x3840_y6144: 核心遮罩全空 → 空白 placeholder
2026-07-26 13:03:50,153 - hybrid_pipeline - INFO - [201/576] 處理 tile: tile_x6144_y6144
2026-07-26 13:03:50,176 - hybrid_pipeline - INFO - Tile tile_x2304_y6144: 核心遮罩全空 → 空白 placeholder
2026-07-26 13:03:50,185 - hybrid_pipeline - INFO - [202/576] 處理 tile: tile_x6912_y6144
2026-07-26 13:03:50,209 - hybrid_pipeline - INFO - Tile tile_x6144_y6144: 核心遮罩全空 → 空白 placeholder
2026-07-26 13:03:50,219 - hybrid_pipeline - INFO - [203/576] 處理 tile: tile_x7680_y6144
2026-07-26 13:03:50,249 - hybrid_pipeline - INFO - Tile tile_x6912_y6144: 核心遮罩全空 → 空白 placeholder
2026-07-26 13:03:50,255 - hybrid_pipeline - INFO - [204/576] 處理 tile: tile_x11520_y6144
2026-07-26 13:03:50,279 - hybrid_pipeline - INFO - Tile tile_x7680_y6144: 核心遮罩全空 → 空白 placeholder
2026-07-26 13:03:50,288 - hybrid_pipeline - INFO - [205/576] 處理 tile: tile_x10752_y6144
2026-07-26 13:03:50,312 - hybrid_pipeline - INFO - Tile tile_x11520_y6144: 核心遮罩全空 → 空白 placeholder
2026-07-26 13:03:50,323 - hybrid_pipeline - INFO - [206/576] 處理 tile: tile_x9216_y6144
2026-07-26 13:03:50,347 - hybrid_pipeline - INFO - Tile tile_x10752_y6144: 核心遮罩全空 → 空白 placeholder
2026-07-26 13:03:50,356 - hybrid_pipeline - INFO - [207/576] 處理 tile: tile_x9984_y6144
2026-07-26 13:03:50,380 - hybrid_pipeline - INFO - Tile tile_x9216_y6144: 核心遮罩全空 → 空白 placeholder
2026-07-26 13:03:50,388 - hybrid_pipeline - INFO - [208/576] 處理 tile: tile_x8448_y6144
2026-07-26 13:03:50,411 - hybrid_pipeline - INFO - Tile tile_x9984_y6144: 核心遮罩全空 → 空白 placeholder
2026-07-26 13:03:50,421 - hybrid_pipeline - INFO - [209/576] 處理 tile: tile_x12288_y6144
2026-07-26 13:03:50,446 - hybrid_pipeline - INFO - Tile tile_x8448_y6144: 核心遮罩全空 → 空白 placeholder
2026-07-26 13:03:50,455 - hybrid_pipeline - INFO - [210/576] 處理 tile: tile_x13056_y6144
2026-07-26 13:03:50,482 - hybrid_pipeline - INFO - Tile tile_x12288_y6144: 核心遮罩全空 → 空白 placeholder
2026-07-26 13:03:50,492 - hybrid_pipeline - INFO - [211/576] 處理 tile: tile_x13824_y6144
2026-07-26 13:03:50,515 - hybrid_pipeline - INFO - Tile tile_x13056_y6144: 核心遮罩全空 → 空白 placeholder
2026-07-26 13:03:50,526 - hybrid_pipeline - INFO - [212/576] 處理 tile: tile_x16128_y6144
2026-07-26 13:03:50,549 - hybrid_pipeline - INFO - Tile tile_x13824_y6144: 核心遮罩全空 → 空白 placeholder
2026-07-26 13:03:50,558 - hybrid_pipeline - INFO - [213/576] 處理 tile: tile_x16896_y6144
2026-07-26 13:03:50,581 - hybrid_pipeline - INFO - Tile tile_x16128_y6144: 核心遮罩全空 → 空白 placeholder
2026-07-26 13:03:50,591 - hybrid_pipeline - INFO - [214/576] 處理 tile: tile_x15360_y6144
2026-07-26 13:03:50,614 - hybrid_pipeline - INFO - Tile tile_x16896_y6144: 核心遮罩全空 → 空白 placeholder
2026-07-26 13:03:50,625 - hybrid_pipeline - INFO - [215/576] 處理 tile: tile_x14592_y6144
2026-07-26 13:03:50,649 - hybrid_pipeline - INFO - Tile tile_x15360_y6144: 核心遮罩全空 → 空白 placeholder
2026-07-26 13:03:50,661 - hybrid_pipeline - INFO - [216/576] 處理 tile: tile_x17664_y6144
2026-07-26 13:03:50,690 - hybrid_pipeline - INFO - Tile tile_x14592_y6144: 核心遮罩全空 → 空白 placeholder
2026-07-26 13:03:50,694 - hybrid_pipeline - INFO - [217/576] 處理 tile: tile_x0_y6912
2026-07-26 13:03:50,717 - hybrid_pipeline - INFO - Tile tile_x17664_y6144: 核心遮罩全空 → 空白 placeholder
2026-07-26 13:03:51,308 - hybrid_pipeline - INFO - [218/576] 處理 tile: tile_x768_y6912
2026-07-26 13:03:51,331 - m3_module.m3_cells_generator - INFO - All-positive 標註完成: 23 個細胞
2026-07-26 13:03:51,370 - m3_module.m3_cells_generator - INFO - enlarge_cell_instances: 23 顆細胞, factor=1.50(面積), 中位半徑=18.0px, 外擴=4.0px
2026-07-26 13:03:51,396 - m3_module.m3_elastic_matching - INFO - elastic_dish_nucleus_matching(overlap-first): IHC=23, DISH=17, matched(1核)=1 (其中重疊=1), drop-out(競爭落敗)=0, 無候選(計入)=22, factor=1.50, min_reach=20.0
2026-07-26 13:03:51,507 - m3_module.m3_dot_detection - INFO - detect_all_dots: 紅點=0, 黑點=0, 涉及細胞=23
2026-07-26 13:03:51,619 - m4_module.cell_crops - INFO - 匯出 10 張 per-cell 影像至 /data/taro_Projects/tsgh/output/r7_run/cell_crops/tile_x0_y6912/cells
2026-07-26 13:03:51,619 - hybrid_pipeline - INFO - Tile tile_x0_y6912 完成: 核心擁有 10 細胞 (10 陽性), 0.92 秒
2026-07-26 13:03:52,035 - hybrid_pipeline - INFO - [219/576] 處理 tile: tile_x1536_y6912
2026-07-26 13:03:52,059 - m3_module.m3_cells_generator - INFO - All-positive 標註完成: 46 個細胞
2026-07-26 13:03:52,105 - m3_module.m3_cells_generator - INFO - enlarge_cell_instances: 46 顆細胞, factor=1.50(面積), 中位半徑=22.0px, 外擴=4.9px
2026-07-26 13:03:52,135 - m3_module.m3_elastic_matching - INFO - elastic_dish_nucleus_matching(overlap-first): IHC=46, DISH=244, matched(1核)=16 (其中重疊=16), drop-out(競爭落敗)=0, 無候選(計入)=30, factor=1.50, min_reach=20.0
2026-07-26 13:03:52,252 - m3_module.m3_dot_detection - INFO - detect_all_dots: 紅點=0, 黑點=0, 涉及細胞=46
2026-07-26 13:03:52,403 - m4_module.cell_crops - INFO - 匯出 31 張 per-cell 影像至 /data/taro_Projects/tsgh/output/r7_run/cell_crops/tile_x768_y6912/cells
2026-07-26 13:03:52,403 - hybrid_pipeline - INFO - Tile tile_x768_y6912 完成: 核心擁有 31 細胞 (31 陽性), 1.10 秒
2026-07-26 13:03:52,640 - hybrid_pipeline - INFO - [220/576] 處理 tile: tile_x2304_y6912
2026-07-26 13:03:52,671 - m3_module.m3_cells_generator - INFO - All-positive 標註完成: 3 個細胞
2026-07-26 13:03:52,700 - m3_module.m3_cells_generator - INFO - enlarge_cell_instances: 3 顆細胞, factor=1.50(面積), 中位半徑=15.4px, 外擴=3.5px
2026-07-26 13:03:52,815 - m3_module.m3_dot_detection - INFO - detect_all_dots: 紅點=0, 黑點=0, 涉及細胞=3
2026-07-26 13:03:52,856 - m4_module.cell_crops - INFO - 匯出 0 張 per-cell 影像至 /data/taro_Projects/tsgh/output/r7_run/cell_crops/tile_x1536_y6912/cells
2026-07-26 13:03:52,856 - hybrid_pipeline - INFO - Tile tile_x1536_y6912 完成: 核心擁有 0 細胞 (0 陽性), 0.82 秒
2026-07-26 13:03:53,591 - hybrid_pipeline - INFO - [221/576] 處理 tile: tile_x3072_y6912
2026-07-26 13:03:53,621 - m3_module.m3_cells_generator - INFO - All-positive 標註完成: 20 個細胞
2026-07-26 13:03:53,670 - m3_module.m3_cells_generator - INFO - enlarge_cell_instances: 20 顆細胞, factor=1.50(面積), 中位半徑=24.5px, 外擴=5.5px
2026-07-26 13:03:53,705 - m3_module.m3_elastic_matching - INFO - elastic_dish_nucleus_matching(overlap-first): IHC=20, DISH=618, matched(1核)=20 (其中重疊=20), drop-out(競爭落敗)=0, 無候選(計入)=0, factor=1.50, min_reach=20.0
2026-07-26 13:03:53,825 - m3_module.m3_dot_detection - INFO - detect_all_dots: 紅點=0, 黑點=0, 涉及細胞=20
2026-07-26 13:03:53,930 - m4_module.cell_crops - INFO - 匯出 8 張 per-cell 影像至 /data/taro_Projects/tsgh/output/r7_run/cell_crops/tile_x2304_y6912/cells
2026-07-26 13:03:53,930 - hybrid_pipeline - INFO - Tile tile_x2304_y6912 完成: 核心擁有 8 細胞 (8 陽性), 1.29 秒
2026-07-26 13:03:54,530 - hybrid_pipeline - INFO - [222/576] 處理 tile: tile_x4608_y6912
2026-07-26 13:03:54,558 - m3_module.m3_cells_generator - INFO - All-positive 標註完成: 6 個細胞
2026-07-26 13:03:54,587 - m3_module.m3_cells_generator - INFO - enlarge_cell_instances: 6 顆細胞, factor=1.50(面積), 中位半徑=24.4px, 外擴=5.5px
2026-07-26 13:03:54,614 - m3_module.m3_elastic_matching - INFO - elastic_dish_nucleus_matching(overlap-first): IHC=6, DISH=319, matched(1核)=6 (其中重疊=6), drop-out(競爭落敗)=0, 無候選(計入)=0, factor=1.50, min_reach=20.0
2026-07-26 13:03:54,726 - m3_module.m3_dot_detection - INFO - detect_all_dots: 紅點=0, 黑點=0, 涉及細胞=6
2026-07-26 13:03:54,795 - m4_module.cell_crops - INFO - 匯出 0 張 per-cell 影像至 /data/taro_Projects/tsgh/output/r7_run/cell_crops/tile_x3072_y6912/cells
2026-07-26 13:03:54,795 - hybrid_pipeline - INFO - Tile tile_x3072_y6912 完成: 核心擁有 0 細胞 (0 陽性), 1.20 秒
2026-07-26 13:03:54,795 - hybrid_pipeline - INFO - [223/576] 處理 tile: tile_x3840_y6912
2026-07-26 13:03:54,819 - hybrid_pipeline - INFO - Tile tile_x4608_y6912: 核心遮罩全空 → 空白 placeholder
2026-07-26 13:03:54,832 - hybrid_pipeline - INFO - [224/576] 處理 tile: tile_x5376_y6912
2026-07-26 13:03:54,856 - hybrid_pipeline - INFO - Tile tile_x3840_y6912: 核心遮罩全空 → 空白 placeholder
2026-07-26 13:03:54,868 - hybrid_pipeline - INFO - [225/576] 處理 tile: tile_x6144_y6912
2026-07-26 13:03:54,894 - hybrid_pipeline - INFO - Tile tile_x5376_y6912: 核心遮罩全空 → 空白 placeholder
2026-07-26 13:03:54,904 - hybrid_pipeline - INFO - [226/576] 處理 tile: tile_x6912_y6912
2026-07-26 13:03:54,928 - hybrid_pipeline - INFO - Tile tile_x6144_y6912: 核心遮罩全空 → 空白 placeholder
2026-07-26 13:03:54,936 - hybrid_pipeline - INFO - [227/576] 處理 tile: tile_x11520_y6912
2026-07-26 13:03:54,959 - hybrid_pipeline - INFO - Tile tile_x6912_y6912: 核心遮罩全空 → 空白 placeholder
2026-07-26 13:03:54,971 - hybrid_pipeline - INFO - [228/576] 處理 tile: tile_x10752_y6912
2026-07-26 13:03:54,995 - hybrid_pipeline - INFO - Tile tile_x11520_y6912: 核心遮罩全空 → 空白 placeholder
2026-07-26 13:03:55,007 - hybrid_pipeline - INFO - [229/576] 處理 tile: tile_x9216_y6912
2026-07-26 13:03:55,030 - hybrid_pipeline - INFO - Tile tile_x10752_y6912: 核心遮罩全空 → 空白 placeholder
2026-07-26 13:03:55,041 - hybrid_pipeline - INFO - [230/576] 處理 tile: tile_x9984_y6912
2026-07-26 13:03:55,064 - hybrid_pipeline - INFO - Tile tile_x9216_y6912: 核心遮罩全空 → 空白 placeholder
2026-07-26 13:03:55,076 - hybrid_pipeline - INFO - [231/576] 處理 tile: tile_x8448_y6912
2026-07-26 13:03:55,099 - hybrid_pipeline - INFO - Tile tile_x9984_y6912: 核心遮罩全空 → 空白 placeholder
2026-07-26 13:03:55,110 - hybrid_pipeline - INFO - [232/576] 處理 tile: tile_x7680_y6912
2026-07-26 13:03:55,134 - hybrid_pipeline - INFO - Tile tile_x8448_y6912: 核心遮罩全空 → 空白 placeholder
2026-07-26 13:03:55,145 - hybrid_pipeline - INFO - [233/576] 處理 tile: tile_x12288_y6912
2026-07-26 13:03:55,168 - hybrid_pipeline - INFO - Tile tile_x7680_y6912: 核心遮罩全空 → 空白 placeholder
2026-07-26 13:03:55,179 - hybrid_pipeline - INFO - [234/576] 處理 tile: tile_x13056_y6912
2026-07-26 13:03:55,204 - hybrid_pipeline - INFO - Tile tile_x12288_y6912: 核心遮罩全空 → 空白 placeholder
2026-07-26 13:03:55,213 - hybrid_pipeline - INFO - [235/576] 處理 tile: tile_x16128_y6912
2026-07-26 13:03:55,237 - hybrid_pipeline - INFO - Tile tile_x13056_y6912: 核心遮罩全空 → 空白 placeholder
2026-07-26 13:03:55,245 - hybrid_pipeline - INFO - [236/576] 處理 tile: tile_x16896_y6912
2026-07-26 13:03:55,269 - hybrid_pipeline - INFO - Tile tile_x16128_y6912: 核心遮罩全空 → 空白 placeholder
2026-07-26 13:03:55,277 - hybrid_pipeline - INFO - [237/576] 處理 tile: tile_x17664_y6912
2026-07-26 13:03:55,302 - hybrid_pipeline - INFO - Tile tile_x16896_y6912: 核心遮罩全空 → 空白 placeholder
2026-07-26 13:03:55,309 - hybrid_pipeline - INFO - [238/576] 處理 tile: tile_x15360_y6912
2026-07-26 13:03:55,332 - hybrid_pipeline - INFO - Tile tile_x17664_y6912: 核心遮罩全空 → 空白 placeholder
2026-07-26 13:03:55,342 - hybrid_pipeline - INFO - [239/576] 處理 tile: tile_x13824_y6912
2026-07-26 13:03:55,366 - hybrid_pipeline - INFO - Tile tile_x15360_y6912: 核心遮罩全空 → 空白 placeholder
2026-07-26 13:03:55,375 - hybrid_pipeline - INFO - [240/576] 處理 tile: tile_x14592_y6912
2026-07-26 13:03:55,404 - hybrid_pipeline - INFO - Tile tile_x13824_y6912: 核心遮罩全空 → 空白 placeholder
2026-07-26 13:03:55,407 - hybrid_pipeline - INFO - [241/576] 處理 tile: tile_x0_y7680
2026-07-26 13:03:55,432 - hybrid_pipeline - INFO - Tile tile_x14592_y6912: 核心遮罩全空 → 空白 placeholder
2026-07-26 13:03:56,074 - hybrid_pipeline - INFO - [242/576] 處理 tile: tile_x768_y7680
2026-07-26 13:03:56,097 - m3_module.m3_cells_generator - INFO - All-positive 標註完成: 14 個細胞
2026-07-26 13:03:56,132 - m3_module.m3_cells_generator - INFO - enlarge_cell_instances: 14 顆細胞, factor=1.50(面積), 中位半徑=15.2px, 外擴=3.4px
2026-07-26 13:03:56,156 - m3_module.m3_elastic_matching - INFO - elastic_dish_nucleus_matching(overlap-first): IHC=14, DISH=1, matched(1核)=1 (其中重疊=1), drop-out(競爭落敗)=1, 無候選(計入)=12, factor=1.50, min_reach=20.0
2026-07-26 13:03:56,271 - m3_module.m3_dot_detection - INFO - detect_all_dots: 紅點=0, 黑點=1, 涉及細胞=14
2026-07-26 13:03:56,349 - m4_module.cell_crops - INFO - 匯出 2 張 per-cell 影像至 /data/taro_Projects/tsgh/output/r7_run/cell_crops/tile_x0_y7680/cells
2026-07-26 13:03:56,349 - hybrid_pipeline - INFO - Tile tile_x0_y7680 完成: 核心擁有 2 細胞 (2 陽性), 0.94 秒
2026-07-26 13:03:56,800 - hybrid_pipeline - INFO - [243/576] 處理 tile: tile_x3072_y7680
2026-07-26 13:03:56,824 - m3_module.m3_cells_generator - INFO - All-positive 標註完成: 52 個細胞
2026-07-26 13:03:56,877 - m3_module.m3_cells_generator - INFO - enlarge_cell_instances: 52 顆細胞, factor=1.50(面積), 中位半徑=22.0px, 外擴=4.9px
2026-07-26 13:03:56,906 - m3_module.m3_elastic_matching - INFO - elastic_dish_nucleus_matching(overlap-first): IHC=52, DISH=210, matched(1核)=20 (其中重疊=18), drop-out(競爭落敗)=2, 無候選(計入)=30, factor=1.50, min_reach=20.0
2026-07-26 13:03:57,028 - m3_module.m3_dot_detection - INFO - detect_all_dots: 紅點=0, 黑點=1, 涉及細胞=52
2026-07-26 13:03:57,178 - m4_module.cell_crops - INFO - 匯出 15 張 per-cell 影像至 /data/taro_Projects/tsgh/output/r7_run/cell_crops/tile_x768_y7680/cells
2026-07-26 13:03:57,179 - hybrid_pipeline - INFO - Tile tile_x768_y7680 完成: 核心擁有 15 細胞 (15 陽性), 1.10 秒
2026-07-26 13:03:57,421 - hybrid_pipeline - INFO - [244/576] 處理 tile: tile_x2304_y7680
2026-07-26 13:03:57,451 - m3_module.m3_cells_generator - INFO - All-positive 標註完成: 66 個細胞
2026-07-26 13:03:57,491 - m3_module.m3_cells_generator - INFO - enlarge_cell_instances: 66 顆細胞, factor=1.50(面積), 中位半徑=22.8px, 外擴=5.1px
2026-07-26 13:03:57,516 - m3_module.m3_elastic_matching - INFO - elastic_dish_nucleus_matching(overlap-first): IHC=66, DISH=5, matched(1核)=2 (其中重疊=2), drop-out(競爭落敗)=1, 無候選(計入)=63, factor=1.50, min_reach=20.0
2026-07-26 13:03:57,628 - m3_module.m3_dot_detection - INFO - detect_all_dots: 紅點=0, 黑點=0, 涉及細胞=66
2026-07-26 13:03:57,787 - m4_module.cell_crops - INFO - 匯出 31 張 per-cell 影像至 /data/taro_Projects/tsgh/output/r7_run/cell_crops/tile_x3072_y7680/cells
2026-07-26 13:03:57,787 - hybrid_pipeline - INFO - Tile tile_x3072_y7680 完成: 核心擁有 31 細胞 (31 陽性), 0.99 秒
2026-07-26 13:03:58,074 - hybrid_pipeline - INFO - [245/576] 處理 tile: tile_x1536_y7680
2026-07-26 13:03:58,103 - m3_module.m3_cells_generator - INFO - All-positive 標註完成: 125 個細胞
2026-07-26 13:03:58,157 - m3_module.m3_cells_generator - INFO - enlarge_cell_instances: 125 顆細胞, factor=1.50(面積), 中位半徑=23.0px, 外擴=5.2px
2026-07-26 13:03:58,184 - m3_module.m3_elastic_matching - INFO - elastic_dish_nucleus_matching(overlap-first): IHC=125, DISH=44, matched(1核)=10 (其中重疊=10), drop-out(競爭落敗)=8, 無候選(計入)=107, factor=1.50, min_reach=20.0
2026-07-26 13:03:58,305 - m3_module.m3_dot_detection - INFO - detect_all_dots: 紅點=0, 黑點=1, 涉及細胞=125
2026-07-26 13:03:58,581 - m4_module.cell_crops - INFO - 匯出 73 張 per-cell 影像至 /data/taro_Projects/tsgh/output/r7_run/cell_crops/tile_x2304_y7680/cells
2026-07-26 13:03:58,581 - hybrid_pipeline - INFO - Tile tile_x2304_y7680 完成: 核心擁有 73 細胞 (73 陽性), 1.16 秒
2026-07-26 13:03:58,735 - hybrid_pipeline - INFO - [246/576] 處理 tile: tile_x3840_y7680
2026-07-26 13:03:58,764 - m3_module.m3_cells_generator - INFO - All-positive 標註完成: 69 個細胞
2026-07-26 13:03:58,814 - m3_module.m3_cells_generator - INFO - enlarge_cell_instances: 69 顆細胞, factor=1.50(面積), 中位半徑=22.7px, 外擴=5.1px
2026-07-26 13:03:58,840 - m3_module.m3_elastic_matching - INFO - elastic_dish_nucleus_matching(overlap-first): IHC=69, DISH=127, matched(1核)=15 (其中重疊=15), drop-out(競爭落敗)=3, 無候選(計入)=51, factor=1.50, min_reach=20.0
2026-07-26 13:03:58,954 - m3_module.m3_dot_detection - INFO - detect_all_dots: 紅點=1, 黑點=2, 涉及細胞=69
2026-07-26 13:03:59,167 - m4_module.cell_crops - INFO - 匯出 43 張 per-cell 影像至 /data/taro_Projects/tsgh/output/r7_run/cell_crops/tile_x1536_y7680/cells
2026-07-26 13:03:59,167 - hybrid_pipeline - INFO - Tile tile_x1536_y7680 完成: 核心擁有 43 細胞 (43 陽性), 1.09 秒
2026-07-26 13:03:59,168 - hybrid_pipeline - INFO - [247/576] 處理 tile: tile_x4608_y7680
2026-07-26 13:03:59,192 - hybrid_pipeline - INFO - Tile tile_x3840_y7680: 核心遮罩全空 → 空白 placeholder
2026-07-26 13:03:59,213 - hybrid_pipeline - INFO - [248/576] 處理 tile: tile_x6144_y7680
2026-07-26 13:03:59,237 - hybrid_pipeline - INFO - Tile tile_x4608_y7680: 核心遮罩全空 → 空白 placeholder
2026-07-26 13:03:59,254 - hybrid_pipeline - INFO - [249/576] 處理 tile: tile_x5376_y7680
2026-07-26 13:03:59,278 - hybrid_pipeline - INFO - Tile tile_x6144_y7680: 核心遮罩全空 → 空白 placeholder
2026-07-26 13:03:59,484 - cellpose.dynamics - INFO - No cell pixels found.
2026-07-26 13:03:59,785 - hybrid_pipeline - INFO - [250/576] 處理 tile: tile_x6912_y7680
2026-07-26 13:03:59,797 - m3_module.m3_cells_generator - INFO - All-positive 標註完成: 0 個細胞
2026-07-26 13:03:59,917 - m3_module.m3_dot_detection - INFO - detect_all_dots: 紅點=0, 黑點=0, 涉及細胞=0
2026-07-26 13:03:59,959 - m4_module.cell_crops - INFO - 匯出 0 張 per-cell 影像至 /data/taro_Projects/tsgh/output/r7_run/cell_crops/tile_x5376_y7680/cells
2026-07-26 13:03:59,959 - hybrid_pipeline - INFO - Tile tile_x5376_y7680 完成: 核心擁有 0 細胞 (0 陽性), 0.71 秒
2026-07-26 13:03:59,959 - hybrid_pipeline - INFO - [251/576] 處理 tile: tile_x11520_y7680
2026-07-26 13:03:59,983 - hybrid_pipeline - INFO - Tile tile_x6912_y7680: 核心遮罩全空 → 空白 placeholder
2026-07-26 13:04:00,004 - hybrid_pipeline - INFO - [252/576] 處理 tile: tile_x9984_y7680
2026-07-26 13:04:00,028 - hybrid_pipeline - INFO - Tile tile_x11520_y7680: 核心遮罩全空 → 空白 placeholder
2026-07-26 13:04:00,041 - hybrid_pipeline - INFO - [253/576] 處理 tile: tile_x10752_y7680
2026-07-26 13:04:00,070 - hybrid_pipeline - INFO - Tile tile_x9984_y7680: 核心遮罩全空 → 空白 placeholder
2026-07-26 13:04:00,082 - hybrid_pipeline - INFO - [254/576] 處理 tile: tile_x7680_y7680
2026-07-26 13:04:00,106 - hybrid_pipeline - INFO - Tile tile_x10752_y7680: 核心遮罩全空 → 空白 placeholder
2026-07-26 13:04:00,120 - hybrid_pipeline - INFO - [255/576] 處理 tile: tile_x9216_y7680
2026-07-26 13:04:00,143 - hybrid_pipeline - INFO - Tile tile_x7680_y7680: 核心遮罩全空 → 空白 placeholder
2026-07-26 13:04:00,155 - hybrid_pipeline - INFO - [256/576] 處理 tile: tile_x8448_y7680
2026-07-26 13:04:00,178 - hybrid_pipeline - INFO - Tile tile_x9216_y7680: 核心遮罩全空 → 空白 placeholder
2026-07-26 13:04:00,198 - hybrid_pipeline - INFO - [257/576] 處理 tile: tile_x12288_y7680
2026-07-26 13:04:00,222 - hybrid_pipeline - INFO - Tile tile_x8448_y7680: 核心遮罩全空 → 空白 placeholder
2026-07-26 13:04:00,235 - hybrid_pipeline - INFO - [258/576] 處理 tile: tile_x13056_y7680
2026-07-26 13:04:00,259 - hybrid_pipeline - INFO - Tile tile_x12288_y7680: 核心遮罩全空 → 空白 placeholder
2026-07-26 13:04:00,272 - hybrid_pipeline - INFO - [259/576] 處理 tile: tile_x15360_y7680
2026-07-26 13:04:00,297 - hybrid_pipeline - INFO - Tile tile_x13056_y7680: 核心遮罩全空 → 空白 placeholder
2026-07-26 13:04:00,310 - hybrid_pipeline - INFO - [260/576] 處理 tile: tile_x16128_y7680
2026-07-26 13:04:00,334 - hybrid_pipeline - INFO - Tile tile_x15360_y7680: 核心遮罩全空 → 空白 placeholder
2026-07-26 13:04:00,347 - hybrid_pipeline - INFO - [261/576] 處理 tile: tile_x17664_y7680
2026-07-26 13:04:00,372 - hybrid_pipeline - INFO - Tile tile_x16128_y7680: 核心遮罩全空 → 空白 placeholder
2026-07-26 13:04:00,384 - hybrid_pipeline - INFO - [262/576] 處理 tile: tile_x13824_y7680
2026-07-26 13:04:00,409 - hybrid_pipeline - INFO - Tile tile_x17664_y7680: 核心遮罩全空 → 空白 placeholder
2026-07-26 13:04:00,421 - hybrid_pipeline - INFO - [263/576] 處理 tile: tile_x16896_y7680
2026-07-26 13:04:00,445 - hybrid_pipeline - INFO - Tile tile_x13824_y7680: 核心遮罩全空 → 空白 placeholder
2026-07-26 13:04:00,457 - hybrid_pipeline - INFO - [264/576] 處理 tile: tile_x14592_y7680
2026-07-26 13:04:00,481 - hybrid_pipeline - INFO - Tile tile_x16896_y7680: 核心遮罩全空 → 空白 placeholder
2026-07-26 13:04:00,495 - hybrid_pipeline - INFO - [265/576] 處理 tile: tile_x0_y8448
2026-07-26 13:04:00,517 - hybrid_pipeline - INFO - Tile tile_x14592_y7680: 核心遮罩全空 → 空白 placeholder
2026-07-26 13:04:01,095 - hybrid_pipeline - INFO - [266/576] 處理 tile: tile_x768_y8448
2026-07-26 13:04:01,127 - m3_module.m3_cells_generator - INFO - All-positive 標註完成: 41 個細胞
2026-07-26 13:04:01,175 - m3_module.m3_cells_generator - INFO - enlarge_cell_instances: 41 顆細胞, factor=1.50(面積), 中位半徑=19.6px, 外擴=4.4px
2026-07-26 13:04:01,199 - m3_module.m3_elastic_matching - INFO - elastic_dish_nucleus_matching(overlap-first): IHC=41, DISH=10, matched(1核)=10 (其中重疊=10), drop-out(競爭落敗)=7, 無候選(計入)=24, factor=1.50, min_reach=20.0
2026-07-26 13:04:01,365 - m3_module.m3_dot_detection - INFO - detect_all_dots: 紅點=18, 黑點=27, 涉及細胞=41
2026-07-26 13:04:01,510 - m4_module.cell_crops - INFO - 匯出 15 張 per-cell 影像至 /data/taro_Projects/tsgh/output/r7_run/cell_crops/tile_x0_y8448/cells
2026-07-26 13:04:01,510 - hybrid_pipeline - INFO - Tile tile_x0_y8448 完成: 核心擁有 15 細胞 (15 陽性), 1.01 秒
2026-07-26 13:04:01,763 - hybrid_pipeline - INFO - [267/576] 處理 tile: tile_x1536_y8448
2026-07-26 13:04:01,792 - m3_module.m3_cells_generator - INFO - All-positive 標註完成: 112 個細胞
2026-07-26 13:04:01,847 - m3_module.m3_cells_generator - INFO - enlarge_cell_instances: 112 顆細胞, factor=1.50(面積), 中位半徑=26.0px, 外擴=5.9px
2026-07-26 13:04:01,874 - m3_module.m3_elastic_matching - INFO - elastic_dish_nucleus_matching(overlap-first): IHC=112, DISH=21, matched(1核)=20 (其中重疊=20), drop-out(競爭落敗)=6, 無候選(計入)=86, factor=1.50, min_reach=20.0
2026-07-26 13:04:02,068 - m3_module.m3_dot_detection - INFO - detect_all_dots: 紅點=25, 黑點=35, 涉及細胞=112
2026-07-26 13:04:02,375 - m4_module.cell_crops - INFO - 匯出 70 張 per-cell 影像至 /data/taro_Projects/tsgh/output/r7_run/cell_crops/tile_x768_y8448/cells
2026-07-26 13:04:02,375 - hybrid_pipeline - INFO - Tile tile_x768_y8448 完成: 核心擁有 70 細胞 (70 陽性), 1.28 秒
2026-07-26 13:04:02,427 - hybrid_pipeline - INFO - [268/576] 處理 tile: tile_x2304_y8448
2026-07-26 13:04:02,455 - m3_module.m3_cells_generator - INFO - All-positive 標註完成: 99 個細胞
2026-07-26 13:04:02,509 - m3_module.m3_cells_generator - INFO - enlarge_cell_instances: 99 顆細胞, factor=1.50(面積), 中位半徑=26.0px, 外擴=5.8px
2026-07-26 13:04:02,534 - m3_module.m3_elastic_matching - INFO - elastic_dish_nucleus_matching(overlap-first): IHC=99, DISH=8, matched(1核)=7 (其中重疊=7), drop-out(競爭落敗)=5, 無候選(計入)=87, factor=1.50, min_reach=20.0
2026-07-26 13:04:02,667 - m3_module.m3_dot_detection - INFO - detect_all_dots: 紅點=5, 黑點=7, 涉及細胞=99
2026-07-26 13:04:02,944 - m4_module.cell_crops - INFO - 匯出 65 張 per-cell 影像至 /data/taro_Projects/tsgh/output/r7_run/cell_crops/tile_x1536_y8448/cells
2026-07-26 13:04:02,944 - hybrid_pipeline - INFO - Tile tile_x1536_y8448 完成: 核心擁有 65 細胞 (65 陽性), 1.18 秒
2026-07-26 13:04:03,082 - hybrid_pipeline - INFO - [269/576] 處理 tile: tile_x3840_y8448
2026-07-26 13:04:03,111 - m3_module.m3_cells_generator - INFO - All-positive 標註完成: 124 個細胞
2026-07-26 13:04:03,166 - m3_module.m3_cells_generator - INFO - enlarge_cell_instances: 124 顆細胞, factor=1.50(面積), 中位半徑=24.2px, 外擴=5.4px
2026-07-26 13:04:03,193 - m3_module.m3_elastic_matching - INFO - elastic_dish_nucleus_matching(overlap-first): IHC=124, DISH=13, matched(1核)=12 (其中重疊=12), drop-out(競爭落敗)=5, 無候選(計入)=107, factor=1.50, min_reach=20.0
2026-07-26 13:04:03,336 - m3_module.m3_dot_detection - INFO - detect_all_dots: 紅點=9, 黑點=14, 涉及細胞=124
2026-07-26 13:04:03,706 - m4_module.cell_crops - INFO - 匯出 61 張 per-cell 影像至 /data/taro_Projects/tsgh/output/r7_run/cell_crops/tile_x2304_y8448/cells
2026-07-26 13:04:03,707 - hybrid_pipeline - INFO - Tile tile_x2304_y8448 完成: 核心擁有 61 細胞 (61 陽性), 1.28 秒
2026-07-26 13:04:03,707 - hybrid_pipeline - INFO - [270/576] 處理 tile: tile_x3072_y8448
2026-07-26 13:04:03,730 - m3_module.m3_cells_generator - INFO - All-positive 標註完成: 15 個細胞
2026-07-26 13:04:03,762 - m3_module.m3_cells_generator - INFO - enlarge_cell_instances: 15 顆細胞, factor=1.50(面積), 中位半徑=23.6px, 外擴=5.3px
2026-07-26 13:04:03,786 - m3_module.m3_elastic_matching - INFO - elastic_dish_nucleus_matching(overlap-first): IHC=15, DISH=4, matched(1核)=3 (其中重疊=3), drop-out(競爭落敗)=1, 無候選(計入)=11, factor=1.50, min_reach=20.0
2026-07-26 13:04:03,900 - m3_module.m3_dot_detection - INFO - detect_all_dots: 紅點=1, 黑點=0, 涉及細胞=15
2026-07-26 13:04:04,000 - m4_module.cell_crops - INFO - 匯出 0 張 per-cell 影像至 /data/taro_Projects/tsgh/output/r7_run/cell_crops/tile_x3840_y8448/cells
2026-07-26 13:04:04,000 - hybrid_pipeline - INFO - Tile tile_x3840_y8448 完成: 核心擁有 0 細胞 (0 陽性), 0.92 秒
2026-07-26 13:04:04,362 - hybrid_pipeline - INFO - [271/576] 處理 tile: tile_x5376_y8448
2026-07-26 13:04:04,393 - m3_module.m3_cells_generator - INFO - All-positive 標註完成: 105 個細胞
2026-07-26 13:04:04,444 - m3_module.m3_cells_generator - INFO - enlarge_cell_instances: 105 顆細胞, factor=1.50(面積), 中位半徑=24.7px, 外擴=5.5px
2026-07-26 13:04:04,469 - m3_module.m3_elastic_matching - INFO - elastic_dish_nucleus_matching(overlap-first): IHC=105, DISH=14, matched(1核)=13 (其中重疊=13), drop-out(競爭落敗)=6, 無候選(計入)=86, factor=1.50, min_reach=20.0
2026-07-26 13:04:04,599 - m3_module.m3_dot_detection - INFO - detect_all_dots: 紅點=6, 黑點=7, 涉及細胞=105
2026-07-26 13:04:04,896 - m4_module.cell_crops - INFO - 匯出 62 張 per-cell 影像至 /data/taro_Projects/tsgh/output/r7_run/cell_crops/tile_x3072_y8448/cells
2026-07-26 13:04:04,896 - hybrid_pipeline - INFO - Tile tile_x3072_y8448 完成: 核心擁有 62 細胞 (62 陽性), 1.19 秒
2026-07-26 13:04:04,897 - hybrid_pipeline - INFO - [272/576] 處理 tile: tile_x4608_y8448
2026-07-26 13:04:04,923 - hybrid_pipeline - INFO - Tile tile_x5376_y8448: 核心遮罩全空 → 空白 placeholder
2026-07-26 13:04:04,945 - hybrid_pipeline - INFO - [273/576] 處理 tile: tile_x6144_y8448
2026-07-26 13:04:04,969 - hybrid_pipeline - INFO - Tile tile_x4608_y8448: 核心遮罩全空 → 空白 placeholder
2026-07-26 13:04:04,984 - hybrid_pipeline - INFO - [274/576] 處理 tile: tile_x6912_y8448
2026-07-26 13:04:05,010 - hybrid_pipeline - INFO - Tile tile_x6144_y8448: 核心遮罩全空 → 空白 placeholder
2026-07-26 13:04:05,023 - hybrid_pipeline - INFO - [275/576] 處理 tile: tile_x10752_y8448
2026-07-26 13:04:05,046 - hybrid_pipeline - INFO - Tile tile_x6912_y8448: 核心遮罩全空 → 空白 placeholder
2026-07-26 13:04:05,060 - hybrid_pipeline - INFO - [276/576] 處理 tile: tile_x7680_y8448
2026-07-26 13:04:05,084 - hybrid_pipeline - INFO - Tile tile_x10752_y8448: 核心遮罩全空 → 空白 placeholder
2026-07-26 13:04:05,097 - hybrid_pipeline - INFO - [277/576] 處理 tile: tile_x9984_y8448
2026-07-26 13:04:05,121 - hybrid_pipeline - INFO - Tile tile_x7680_y8448: 核心遮罩全空 → 空白 placeholder
2026-07-26 13:04:05,133 - hybrid_pipeline - INFO - [278/576] 處理 tile: tile_x11520_y8448
2026-07-26 13:04:05,157 - hybrid_pipeline - INFO - Tile tile_x9984_y8448: 核心遮罩全空 → 空白 placeholder
2026-07-26 13:04:05,176 - hybrid_pipeline - INFO - [279/576] 處理 tile: tile_x9216_y8448
2026-07-26 13:04:05,201 - hybrid_pipeline - INFO - Tile tile_x11520_y8448: 核心遮罩全空 → 空白 placeholder
2026-07-26 13:04:05,216 - hybrid_pipeline - INFO - [280/576] 處理 tile: tile_x8448_y8448
2026-07-26 13:04:05,240 - hybrid_pipeline - INFO - Tile tile_x9216_y8448: 核心遮罩全空 → 空白 placeholder
2026-07-26 13:04:05,253 - hybrid_pipeline - INFO - [281/576] 處理 tile: tile_x12288_y8448
2026-07-26 13:04:05,279 - hybrid_pipeline - INFO - Tile tile_x8448_y8448: 核心遮罩全空 → 空白 placeholder
2026-07-26 13:04:05,291 - hybrid_pipeline - INFO - [282/576] 處理 tile: tile_x13056_y8448
2026-07-26 13:04:05,319 - hybrid_pipeline - INFO - Tile tile_x12288_y8448: 核心遮罩全空 → 空白 placeholder
2026-07-26 13:04:05,328 - hybrid_pipeline - INFO - [283/576] 處理 tile: tile_x16896_y8448
2026-07-26 13:04:05,353 - hybrid_pipeline - INFO - Tile tile_x13056_y8448: 核心遮罩全空 → 空白 placeholder
2026-07-26 13:04:05,366 - hybrid_pipeline - INFO - [284/576] 處理 tile: tile_x16128_y8448
2026-07-26 13:04:05,389 - hybrid_pipeline - INFO - Tile tile_x16896_y8448: 核心遮罩全空 → 空白 placeholder
2026-07-26 13:04:05,400 - hybrid_pipeline - INFO - [285/576] 處理 tile: tile_x13824_y8448
2026-07-26 13:04:05,423 - hybrid_pipeline - INFO - Tile tile_x16128_y8448: 核心遮罩全空 → 空白 placeholder
2026-07-26 13:04:05,438 - hybrid_pipeline - INFO - [286/576] 處理 tile: tile_x17664_y8448
2026-07-26 13:04:05,468 - hybrid_pipeline - INFO - Tile tile_x13824_y8448: 核心遮罩全空 → 空白 placeholder
2026-07-26 13:04:05,473 - hybrid_pipeline - INFO - [287/576] 處理 tile: tile_x15360_y8448
2026-07-26 13:04:05,497 - hybrid_pipeline - INFO - Tile tile_x17664_y8448: 核心遮罩全空 → 空白 placeholder
2026-07-26 13:04:05,509 - hybrid_pipeline - INFO - [288/576] 處理 tile: tile_x14592_y8448
2026-07-26 13:04:05,532 - hybrid_pipeline - INFO - Tile tile_x15360_y8448: 核心遮罩全空 → 空白 placeholder
2026-07-26 13:04:05,544 - hybrid_pipeline - INFO - [289/576] 處理 tile: tile_x0_y9216
2026-07-26 13:04:05,568 - hybrid_pipeline - INFO - Tile tile_x14592_y8448: 核心遮罩全空 → 空白 placeholder
2026-07-26 13:04:06,160 - hybrid_pipeline - INFO - [290/576] 處理 tile: tile_x768_y9216
2026-07-26 13:04:06,189 - m3_module.m3_cells_generator - INFO - All-positive 標註完成: 73 個細胞
2026-07-26 13:04:06,238 - m3_module.m3_cells_generator - INFO - enlarge_cell_instances: 73 顆細胞, factor=1.50(面積), 中位半徑=21.9px, 外擴=4.9px
2026-07-26 13:04:06,267 - m3_module.m3_elastic_matching - INFO - elastic_dish_nucleus_matching(overlap-first): IHC=73, DISH=34, matched(1核)=13 (其中重疊=13), drop-out(競爭落敗)=3, 無候選(計入)=57, factor=1.50, min_reach=20.0
2026-07-26 13:04:06,436 - m3_module.m3_dot_detection - INFO - detect_all_dots: 紅點=15, 黑點=27, 涉及細胞=73
2026-07-26 13:04:06,711 - m4_module.cell_crops - INFO - 匯出 61 張 per-cell 影像至 /data/taro_Projects/tsgh/output/r7_run/cell_crops/tile_x0_y9216/cells
2026-07-26 13:04:06,711 - hybrid_pipeline - INFO - Tile tile_x0_y9216 完成: 核心擁有 61 細胞 (61 陽性), 1.17 秒
2026-07-26 13:04:06,785 - hybrid_pipeline - INFO - [291/576] 處理 tile: tile_x2304_y9216
2026-07-26 13:04:06,813 - m3_module.m3_cells_generator - INFO - All-positive 標註完成: 36 個細胞
2026-07-26 13:04:06,858 - m3_module.m3_cells_generator - INFO - enlarge_cell_instances: 36 顆細胞, factor=1.50(面積), 中位半徑=23.7px, 外擴=5.3px
2026-07-26 13:04:06,881 - m3_module.m3_elastic_matching - INFO - elastic_dish_nucleus_matching(overlap-first): IHC=36, DISH=3, matched(1核)=1 (其中重疊=1), drop-out(競爭落敗)=0, 無候選(計入)=35, factor=1.50, min_reach=20.0
2026-07-26 13:04:06,968 - m3_module.m3_dot_detection - INFO - detect_all_dots: 紅點=0, 黑點=0, 涉及細胞=36
2026-07-26 13:04:07,114 - m4_module.cell_crops - INFO - 匯出 16 張 per-cell 影像至 /data/taro_Projects/tsgh/output/r7_run/cell_crops/tile_x768_y9216/cells
2026-07-26 13:04:07,114 - hybrid_pipeline - INFO - Tile tile_x768_y9216 完成: 核心擁有 16 細胞 (16 陽性), 0.95 秒
2026-07-26 13:04:07,415 - hybrid_pipeline - INFO - [292/576] 處理 tile: tile_x1536_y9216
2026-07-26 13:04:07,443 - m3_module.m3_cells_generator - INFO - All-positive 標註完成: 68 個細胞
2026-07-26 13:04:07,495 - m3_module.m3_cells_generator - INFO - enlarge_cell_instances: 68 顆細胞, factor=1.50(面積), 中位半徑=23.2px, 外擴=5.2px
2026-07-26 13:04:07,520 - m3_module.m3_elastic_matching - INFO - elastic_dish_nucleus_matching(overlap-first): IHC=68, DISH=14, matched(1核)=10 (其中重疊=10), drop-out(競爭落敗)=4, 無候選(計入)=54, factor=1.50, min_reach=20.0
2026-07-26 13:04:07,639 - m3_module.m3_dot_detection - INFO - detect_all_dots: 紅點=11, 黑點=17, 涉及細胞=68
2026-07-26 13:04:07,878 - m4_module.cell_crops - INFO - 匯出 42 張 per-cell 影像至 /data/taro_Projects/tsgh/output/r7_run/cell_crops/tile_x2304_y9216/cells
2026-07-26 13:04:07,878 - hybrid_pipeline - INFO - Tile tile_x2304_y9216 完成: 核心擁有 42 細胞 (42 陽性), 1.09 秒
2026-07-26 13:04:08,021 - hybrid_pipeline - INFO - [293/576] 處理 tile: tile_x3072_y9216
2026-07-26 13:04:08,052 - m3_module.m3_cells_generator - INFO - All-positive 標註完成: 55 個細胞
2026-07-26 13:04:08,101 - m3_module.m3_cells_generator - INFO - enlarge_cell_instances: 55 顆細胞, factor=1.50(面積), 中位半徑=20.7px, 外擴=4.7px
2026-07-26 13:04:08,125 - m3_module.m3_elastic_matching - INFO - elastic_dish_nucleus_matching(overlap-first): IHC=55, DISH=10, matched(1核)=6 (其中重疊=6), drop-out(競爭落敗)=5, 無候選(計入)=44, factor=1.50, min_reach=20.0
2026-07-26 13:04:08,236 - m3_module.m3_dot_detection - INFO - detect_all_dots: 紅點=6, 黑點=6, 涉及細胞=55
2026-07-26 13:04:08,416 - m4_module.cell_crops - INFO - 匯出 32 張 per-cell 影像至 /data/taro_Projects/tsgh/output/r7_run/cell_crops/tile_x1536_y9216/cells
2026-07-26 13:04:08,417 - hybrid_pipeline - INFO - Tile tile_x1536_y9216 完成: 核心擁有 32 細胞 (32 陽性), 1.00 秒
2026-07-26 13:04:08,637 - hybrid_pipeline - INFO - [294/576] 處理 tile: tile_x3840_y9216
2026-07-26 13:04:08,666 - m3_module.m3_cells_generator - INFO - All-positive 標註完成: 72 個細胞
2026-07-26 13:04:08,718 - m3_module.m3_cells_generator - INFO - enlarge_cell_instances: 72 顆細胞, factor=1.50(面積), 中位半徑=23.5px, 外擴=5.3px
2026-07-26 13:04:08,745 - m3_module.m3_elastic_matching - INFO - elastic_dish_nucleus_matching(overlap-first): IHC=72, DISH=4, matched(1核)=4 (其中重疊=4), drop-out(競爭落敗)=3, 無候選(計入)=65, factor=1.50, min_reach=20.0
2026-07-26 13:04:08,848 - m3_module.m3_dot_detection - INFO - detect_all_dots: 紅點=6, 黑點=7, 涉及細胞=72
2026-07-26 13:04:09,066 - m4_module.cell_crops - INFO - 匯出 36 張 per-cell 影像至 /data/taro_Projects/tsgh/output/r7_run/cell_crops/tile_x3072_y9216/cells
2026-07-26 13:04:09,066 - hybrid_pipeline - INFO - Tile tile_x3072_y9216 完成: 核心擁有 36 細胞 (36 陽性), 1.05 秒
2026-07-26 13:04:09,239 - hybrid_pipeline - INFO - [295/576] 處理 tile: tile_x4608_y9216
2026-07-26 13:04:09,269 - m3_module.m3_cells_generator - INFO - All-positive 標註完成: 27 個細胞
2026-07-26 13:04:09,303 - m3_module.m3_cells_generator - INFO - enlarge_cell_instances: 27 顆細胞, factor=1.50(面積), 中位半徑=24.3px, 外擴=5.5px
2026-07-26 13:04:09,326 - m3_module.m3_elastic_matching - INFO - elastic_dish_nucleus_matching(overlap-first): IHC=27, DISH=1, matched(1核)=1 (其中重疊=1), drop-out(競爭落敗)=0, 無候選(計入)=26, factor=1.50, min_reach=20.0
2026-07-26 13:04:09,411 - m3_module.m3_dot_detection - INFO - detect_all_dots: 紅點=1, 黑點=2, 涉及細胞=27
2026-07-26 13:04:09,522 - m4_module.cell_crops - INFO - 匯出 16 張 per-cell 影像至 /data/taro_Projects/tsgh/output/r7_run/cell_crops/tile_x3840_y9216/cells
2026-07-26 13:04:09,522 - hybrid_pipeline - INFO - Tile tile_x3840_y9216 完成: 核心擁有 16 細胞 (16 陽性), 0.88 秒
2026-07-26 13:04:09,522 - hybrid_pipeline - INFO - [296/576] 處理 tile: tile_x5376_y9216
2026-07-26 13:04:09,547 - hybrid_pipeline - INFO - Tile tile_x4608_y9216: 核心遮罩全空 → 空白 placeholder
2026-07-26 13:04:09,569 - hybrid_pipeline - INFO - [297/576] 處理 tile: tile_x6144_y9216
2026-07-26 13:04:09,594 - hybrid_pipeline - INFO - Tile tile_x5376_y9216: 核心遮罩全空 → 空白 placeholder
2026-07-26 13:04:09,610 - hybrid_pipeline - INFO - [298/576] 處理 tile: tile_x6912_y9216
2026-07-26 13:04:09,635 - hybrid_pipeline - INFO - Tile tile_x6144_y9216: 核心遮罩全空 → 空白 placeholder
2026-07-26 13:04:09,655 - hybrid_pipeline - INFO - [299/576] 處理 tile: tile_x9984_y9216
2026-07-26 13:04:09,677 - hybrid_pipeline - INFO - Tile tile_x6912_y9216: 核心遮罩全空 → 空白 placeholder
2026-07-26 13:04:09,691 - hybrid_pipeline - INFO - [300/576] 處理 tile: tile_x9216_y9216
2026-07-26 13:04:09,719 - hybrid_pipeline - INFO - Tile tile_x9984_y9216: 核心遮罩全空 → 空白 placeholder
2026-07-26 13:04:09,728 - hybrid_pipeline - INFO - [301/576] 處理 tile: tile_x10752_y9216
2026-07-26 13:04:09,752 - hybrid_pipeline - INFO - Tile tile_x9216_y9216: 核心遮罩全空 → 空白 placeholder
2026-07-26 13:04:09,765 - hybrid_pipeline - INFO - [302/576] 處理 tile: tile_x7680_y9216
2026-07-26 13:04:09,791 - hybrid_pipeline - INFO - Tile tile_x10752_y9216: 核心遮罩全空 → 空白 placeholder
2026-07-26 13:04:09,800 - hybrid_pipeline - INFO - [303/576] 處理 tile: tile_x8448_y9216
2026-07-26 13:04:09,824 - hybrid_pipeline - INFO - Tile tile_x7680_y9216: 核心遮罩全空 → 空白 placeholder
2026-07-26 13:04:09,839 - hybrid_pipeline - INFO - [304/576] 處理 tile: tile_x11520_y9216
2026-07-26 13:04:09,863 - hybrid_pipeline - INFO - Tile tile_x8448_y9216: 核心遮罩全空 → 空白 placeholder
2026-07-26 13:04:09,875 - hybrid_pipeline - INFO - [305/576] 處理 tile: tile_x12288_y9216
2026-07-26 13:04:09,898 - hybrid_pipeline - INFO - Tile tile_x11520_y9216: 核心遮罩全空 → 空白 placeholder
2026-07-26 13:04:09,911 - hybrid_pipeline - INFO - [306/576] 處理 tile: tile_x13056_y9216
2026-07-26 13:04:09,940 - hybrid_pipeline - INFO - Tile tile_x12288_y9216: 核心遮罩全空 → 空白 placeholder
2026-07-26 13:04:09,947 - hybrid_pipeline - INFO - [307/576] 處理 tile: tile_x16128_y9216
2026-07-26 13:04:09,972 - hybrid_pipeline - INFO - Tile tile_x13056_y9216: 核心遮罩全空 → 空白 placeholder
2026-07-26 13:04:09,983 - hybrid_pipeline - INFO - [308/576] 處理 tile: tile_x13824_y9216
2026-07-26 13:04:10,006 - hybrid_pipeline - INFO - Tile tile_x16128_y9216: 核心遮罩全空 → 空白 placeholder
2026-07-26 13:04:10,021 - hybrid_pipeline - INFO - [309/576] 處理 tile: tile_x15360_y9216
2026-07-26 13:04:10,043 - hybrid_pipeline - INFO - Tile tile_x13824_y9216: 核心遮罩全空 → 空白 placeholder
2026-07-26 13:04:10,056 - hybrid_pipeline - INFO - [310/576] 處理 tile: tile_x14592_y9216
2026-07-26 13:04:10,079 - hybrid_pipeline - INFO - Tile tile_x15360_y9216: 核心遮罩全空 → 空白 placeholder
2026-07-26 13:04:10,093 - hybrid_pipeline - INFO - [311/576] 處理 tile: tile_x16896_y9216
2026-07-26 13:04:10,117 - hybrid_pipeline - INFO - Tile tile_x14592_y9216: 核心遮罩全空 → 空白 placeholder
2026-07-26 13:04:10,130 - hybrid_pipeline - INFO - [312/576] 處理 tile: tile_x17664_y9216
2026-07-26 13:04:10,153 - hybrid_pipeline - INFO - Tile tile_x16896_y9216: 核心遮罩全空 → 空白 placeholder
2026-07-26 13:04:10,168 - hybrid_pipeline - INFO - [313/576] 處理 tile: tile_x0_y9984
2026-07-26 13:04:10,191 - hybrid_pipeline - INFO - Tile tile_x17664_y9216: 核心遮罩全空 → 空白 placeholder
2026-07-26 13:04:10,809 - hybrid_pipeline - INFO - [314/576] 處理 tile: tile_x768_y9984
2026-07-26 13:04:10,840 - m3_module.m3_cells_generator - INFO - All-positive 標註完成: 137 個細胞
2026-07-26 13:04:10,895 - m3_module.m3_cells_generator - INFO - enlarge_cell_instances: 137 顆細胞, factor=1.50(面積), 中位半徑=23.6px, 外擴=5.3px
2026-07-26 13:04:10,929 - m3_module.m3_elastic_matching - INFO - elastic_dish_nucleus_matching(overlap-first): IHC=137, DISH=32, matched(1核)=15 (其中重疊=15), drop-out(競爭落敗)=2, 無候選(計入)=120, factor=1.50, min_reach=20.0
2026-07-26 13:04:11,063 - m3_module.m3_dot_detection - INFO - detect_all_dots: 紅點=15, 黑點=25, 涉及細胞=137
2026-07-26 13:04:11,421 - m4_module.cell_crops - INFO - 匯出 92 張 per-cell 影像至 /data/taro_Projects/tsgh/output/r7_run/cell_crops/tile_x0_y9984/cells
2026-07-26 13:04:11,421 - hybrid_pipeline - INFO - Tile tile_x0_y9984 完成: 核心擁有 92 細胞 (92 陽性), 1.25 秒
2026-07-26 13:04:11,444 - hybrid_pipeline - INFO - [315/576] 處理 tile: tile_x1536_y9984
2026-07-26 13:04:11,467 - m3_module.m3_cells_generator - INFO - All-positive 標註完成: 71 個細胞
2026-07-26 13:04:11,515 - m3_module.m3_cells_generator - INFO - enlarge_cell_instances: 71 顆細胞, factor=1.50(面積), 中位半徑=23.3px, 外擴=5.2px
2026-07-26 13:04:11,541 - m3_module.m3_elastic_matching - INFO - elastic_dish_nucleus_matching(overlap-first): IHC=71, DISH=7, matched(1核)=5 (其中重疊=5), drop-out(競爭落敗)=3, 無候選(計入)=63, factor=1.50, min_reach=20.0
2026-07-26 13:04:11,636 - m3_module.m3_dot_detection - INFO - detect_all_dots: 紅點=3, 黑點=2, 涉及細胞=71
2026-07-26 13:04:11,818 - m4_module.cell_crops - INFO - 匯出 36 張 per-cell 影像至 /data/taro_Projects/tsgh/output/r7_run/cell_crops/tile_x768_y9984/cells
2026-07-26 13:04:11,818 - hybrid_pipeline - INFO - Tile tile_x768_y9984 完成: 核心擁有 36 細胞 (36 陽性), 1.01 秒
2026-07-26 13:04:12,092 - hybrid_pipeline - INFO - [316/576] 處理 tile: tile_x2304_y9984
2026-07-26 13:04:12,121 - m3_module.m3_cells_generator - INFO - All-positive 標註完成: 89 個細胞
2026-07-26 13:04:12,177 - m3_module.m3_cells_generator - INFO - enlarge_cell_instances: 89 顆細胞, factor=1.50(面積), 中位半徑=26.0px, 外擴=5.9px
2026-07-26 13:04:12,203 - m3_module.m3_elastic_matching - INFO - elastic_dish_nucleus_matching(overlap-first): IHC=89, DISH=31, matched(1核)=17 (其中重疊=15), drop-out(競爭落敗)=5, 無候選(計入)=67, factor=1.50, min_reach=20.0
2026-07-26 13:04:12,325 - m3_module.m3_dot_detection - INFO - detect_all_dots: 紅點=9, 黑點=15, 涉及細胞=89
2026-07-26 13:04:12,591 - m4_module.cell_crops - INFO - 匯出 58 張 per-cell 影像至 /data/taro_Projects/tsgh/output/r7_run/cell_crops/tile_x1536_y9984/cells
2026-07-26 13:04:12,591 - hybrid_pipeline - INFO - Tile tile_x1536_y9984 完成: 核心擁有 58 細胞 (58 陽性), 1.15 秒
2026-07-26 13:04:12,712 - hybrid_pipeline - INFO - [317/576] 處理 tile: tile_x4608_y9984
2026-07-26 13:04:12,744 - m3_module.m3_cells_generator - INFO - All-positive 標註完成: 30 個細胞
2026-07-26 13:04:12,786 - m3_module.m3_cells_generator - INFO - enlarge_cell_instances: 30 顆細胞, factor=1.50(面積), 中位半徑=22.2px, 外擴=5.0px
2026-07-26 13:04:12,809 - m3_module.m3_elastic_matching - INFO - elastic_dish_nucleus_matching(overlap-first): IHC=30, DISH=14, matched(1核)=3 (其中重疊=3), drop-out(競爭落敗)=0, 無候選(計入)=27, factor=1.50, min_reach=20.0
2026-07-26 13:04:12,896 - m3_module.m3_dot_detection - INFO - detect_all_dots: 紅點=2, 黑點=4, 涉及細胞=30
2026-07-26 13:04:13,013 - m4_module.cell_crops - INFO - 匯出 12 張 per-cell 影像至 /data/taro_Projects/tsgh/output/r7_run/cell_crops/tile_x2304_y9984/cells
2026-07-26 13:04:13,013 - hybrid_pipeline - INFO - Tile tile_x2304_y9984 完成: 核心擁有 12 細胞 (12 陽性), 0.92 秒
2026-07-26 13:04:13,014 - hybrid_pipeline - INFO - [318/576] 處理 tile: tile_x3072_y9984
2026-07-26 13:04:13,036 - hybrid_pipeline - INFO - Tile tile_x4608_y9984: 核心遮罩全空 → 空白 placeholder
2026-07-26 13:04:13,253 - cellpose.dynamics - INFO - No cell pixels found.
2026-07-26 13:04:13,555 - hybrid_pipeline - INFO - [319/576] 處理 tile: tile_x3840_y9984
2026-07-26 13:04:13,568 - m3_module.m3_cells_generator - INFO - All-positive 標註完成: 0 個細胞
2026-07-26 13:04:13,657 - m3_module.m3_dot_detection - INFO - detect_all_dots: 紅點=0, 黑點=0, 涉及細胞=0
2026-07-26 13:04:13,685 - m4_module.cell_crops - INFO - 匯出 0 張 per-cell 影像至 /data/taro_Projects/tsgh/output/r7_run/cell_crops/tile_x3072_y9984/cells
2026-07-26 13:04:13,685 - hybrid_pipeline - INFO - Tile tile_x3072_y9984 完成: 核心擁有 0 細胞 (0 陽性), 0.67 秒
2026-07-26 13:04:13,686 - hybrid_pipeline - INFO - [320/576] 處理 tile: tile_x5376_y9984
2026-07-26 13:04:13,709 - hybrid_pipeline - INFO - Tile tile_x3840_y9984: 核心遮罩全空 → 空白 placeholder
2026-07-26 13:04:13,731 - hybrid_pipeline - INFO - [321/576] 處理 tile: tile_x6144_y9984
2026-07-26 13:04:13,758 - hybrid_pipeline - INFO - Tile tile_x5376_y9984: 核心遮罩全空 → 空白 placeholder
2026-07-26 13:04:13,769 - hybrid_pipeline - INFO - [322/576] 處理 tile: tile_x6912_y9984
2026-07-26 13:04:13,794 - hybrid_pipeline - INFO - Tile tile_x6144_y9984: 核心遮罩全空 → 空白 placeholder
2026-07-26 13:04:13,805 - hybrid_pipeline - INFO - [323/576] 處理 tile: tile_x9984_y9984
2026-07-26 13:04:13,828 - hybrid_pipeline - INFO - Tile tile_x6912_y9984: 核心遮罩全空 → 空白 placeholder
2026-07-26 13:04:13,840 - hybrid_pipeline - INFO - [324/576] 處理 tile: tile_x7680_y9984
2026-07-26 13:04:13,869 - hybrid_pipeline - INFO - Tile tile_x9984_y9984: 核心遮罩全空 → 空白 placeholder
2026-07-26 13:04:13,879 - hybrid_pipeline - INFO - [325/576] 處理 tile: tile_x9216_y9984
2026-07-26 13:04:13,902 - hybrid_pipeline - INFO - Tile tile_x7680_y9984: 核心遮罩全空 → 空白 placeholder
2026-07-26 13:04:13,917 - hybrid_pipeline - INFO - [326/576] 處理 tile: tile_x10752_y9984
2026-07-26 13:04:13,941 - hybrid_pipeline - INFO - Tile tile_x9216_y9984: 核心遮罩全空 → 空白 placeholder
2026-07-26 13:04:13,954 - hybrid_pipeline - INFO - [327/576] 處理 tile: tile_x8448_y9984
2026-07-26 13:04:13,977 - hybrid_pipeline - INFO - Tile tile_x10752_y9984: 核心遮罩全空 → 空白 placeholder
2026-07-26 13:04:13,991 - hybrid_pipeline - INFO - [328/576] 處理 tile: tile_x11520_y9984
2026-07-26 13:04:14,015 - hybrid_pipeline - INFO - Tile tile_x8448_y9984: 核心遮罩全空 → 空白 placeholder
2026-07-26 13:04:14,028 - hybrid_pipeline - INFO - [329/576] 處理 tile: tile_x12288_y9984
2026-07-26 13:04:14,052 - hybrid_pipeline - INFO - Tile tile_x11520_y9984: 核心遮罩全空 → 空白 placeholder
2026-07-26 13:04:14,066 - hybrid_pipeline - INFO - [330/576] 處理 tile: tile_x13056_y9984
2026-07-26 13:04:14,093 - hybrid_pipeline - INFO - Tile tile_x12288_y9984: 核心遮罩全空 → 空白 placeholder
2026-07-26 13:04:14,107 - hybrid_pipeline - INFO - [331/576] 處理 tile: tile_x14592_y9984
2026-07-26 13:04:14,131 - hybrid_pipeline - INFO - Tile tile_x13056_y9984: 核心遮罩全空 → 空白 placeholder
2026-07-26 13:04:14,143 - hybrid_pipeline - INFO - [332/576] 處理 tile: tile_x15360_y9984
2026-07-26 13:04:14,167 - hybrid_pipeline - INFO - Tile tile_x14592_y9984: 核心遮罩全空 → 空白 placeholder
2026-07-26 13:04:14,179 - hybrid_pipeline - INFO - [333/576] 處理 tile: tile_x13824_y9984
2026-07-26 13:04:14,202 - hybrid_pipeline - INFO - Tile tile_x15360_y9984: 核心遮罩全空 → 空白 placeholder
2026-07-26 13:04:14,214 - hybrid_pipeline - INFO - [334/576] 處理 tile: tile_x16128_y9984
2026-07-26 13:04:14,238 - hybrid_pipeline - INFO - Tile tile_x13824_y9984: 核心遮罩全空 → 空白 placeholder
2026-07-26 13:04:14,250 - hybrid_pipeline - INFO - [335/576] 處理 tile: tile_x16896_y9984
2026-07-26 13:04:14,274 - hybrid_pipeline - INFO - Tile tile_x16128_y9984: 核心遮罩全空 → 空白 placeholder
2026-07-26 13:04:14,286 - hybrid_pipeline - INFO - [336/576] 處理 tile: tile_x17664_y9984
2026-07-26 13:04:14,311 - hybrid_pipeline - INFO - Tile tile_x16896_y9984: 核心遮罩全空 → 空白 placeholder
2026-07-26 13:04:14,322 - hybrid_pipeline - INFO - [337/576] 處理 tile: tile_x0_y10752
2026-07-26 13:04:14,345 - hybrid_pipeline - INFO - Tile tile_x17664_y9984: 核心遮罩全空 → 空白 placeholder
2026-07-26 13:04:14,961 - hybrid_pipeline - INFO - [338/576] 處理 tile: tile_x768_y10752
2026-07-26 13:04:14,991 - m3_module.m3_cells_generator - INFO - All-positive 標註完成: 131 個細胞
2026-07-26 13:04:15,045 - m3_module.m3_cells_generator - INFO - enlarge_cell_instances: 131 顆細胞, factor=1.50(面積), 中位半徑=22.7px, 外擴=5.1px
2026-07-26 13:04:15,079 - m3_module.m3_elastic_matching - INFO - elastic_dish_nucleus_matching(overlap-first): IHC=131, DISH=30, matched(1核)=23 (其中重疊=23), drop-out(競爭落敗)=9, 無候選(計入)=99, factor=1.50, min_reach=20.0
2026-07-26 13:04:15,299 - m3_module.m3_dot_detection - INFO - detect_all_dots: 紅點=41, 黑點=66, 涉及細胞=131
2026-07-26 13:04:15,624 - m4_module.cell_crops - INFO - 匯出 80 張 per-cell 影像至 /data/taro_Projects/tsgh/output/r7_run/cell_crops/tile_x0_y10752/cells
2026-07-26 13:04:15,624 - hybrid_pipeline - INFO - Tile tile_x0_y10752 完成: 核心擁有 80 細胞 (80 陽性), 1.30 秒
2026-07-26 13:04:15,652 - hybrid_pipeline - INFO - [339/576] 處理 tile: tile_x1536_y10752
2026-07-26 13:04:15,674 - m3_module.m3_cells_generator - INFO - All-positive 標註完成: 121 個細胞
2026-07-26 13:04:15,730 - m3_module.m3_cells_generator - INFO - enlarge_cell_instances: 121 顆細胞, factor=1.50(面積), 中位半徑=21.2px, 外擴=4.8px
2026-07-26 13:04:15,758 - m3_module.m3_elastic_matching - INFO - elastic_dish_nucleus_matching(overlap-first): IHC=121, DISH=25, matched(1核)=20 (其中重疊=19), drop-out(競爭落敗)=5, 無候選(計入)=96, factor=1.50, min_reach=20.0
2026-07-26 13:04:15,934 - m3_module.m3_dot_detection - INFO - detect_all_dots: 紅點=26, 黑點=39, 涉及細胞=121
2026-07-26 13:04:16,181 - m4_module.cell_crops - INFO - 匯出 52 張 per-cell 影像至 /data/taro_Projects/tsgh/output/r7_run/cell_crops/tile_x768_y10752/cells
2026-07-26 13:04:16,182 - hybrid_pipeline - INFO - Tile tile_x768_y10752 完成: 核心擁有 52 細胞 (52 陽性), 1.22 秒
2026-07-26 13:04:16,298 - hybrid_pipeline - INFO - [340/576] 處理 tile: tile_x2304_y10752
2026-07-26 13:04:16,328 - m3_module.m3_cells_generator - INFO - All-positive 標註完成: 109 個細胞
2026-07-26 13:04:16,380 - m3_module.m3_cells_generator - INFO - enlarge_cell_instances: 109 顆細胞, factor=1.50(面積), 中位半徑=21.6px, 外擴=4.9px
2026-07-26 13:04:16,406 - m3_module.m3_elastic_matching - INFO - elastic_dish_nucleus_matching(overlap-first): IHC=109, DISH=33, matched(1核)=25 (其中重疊=25), drop-out(競爭落敗)=6, 無候選(計入)=78, factor=1.50, min_reach=20.0
2026-07-26 13:04:16,597 - m3_module.m3_dot_detection - INFO - detect_all_dots: 紅點=29, 黑點=44, 涉及細胞=109
2026-07-26 13:04:16,842 - m4_module.cell_crops - INFO - 匯出 67 張 per-cell 影像至 /data/taro_Projects/tsgh/output/r7_run/cell_crops/tile_x1536_y10752/cells
2026-07-26 13:04:16,842 - hybrid_pipeline - INFO - Tile tile_x1536_y10752 完成: 核心擁有 67 細胞 (67 陽性), 1.19 秒
2026-07-26 13:04:16,935 - hybrid_pipeline - INFO - [341/576] 處理 tile: tile_x3072_y10752
2026-07-26 13:04:16,964 - m3_module.m3_cells_generator - INFO - All-positive 標註完成: 4 個細胞
2026-07-26 13:04:16,991 - m3_module.m3_cells_generator - INFO - enlarge_cell_instances: 4 顆細胞, factor=1.50(面積), 中位半徑=29.5px, 外擴=6.6px
2026-07-26 13:04:17,013 - m3_module.m3_elastic_matching - INFO - elastic_dish_nucleus_matching(overlap-first): IHC=4, DISH=1, matched(1核)=1 (其中重疊=1), drop-out(競爭落敗)=0, 無候選(計入)=3, factor=1.50, min_reach=20.0
2026-07-26 13:04:17,094 - m3_module.m3_dot_detection - INFO - detect_all_dots: 紅點=0, 黑點=1, 涉及細胞=4
2026-07-26 13:04:17,157 - m4_module.cell_crops - INFO - 匯出 1 張 per-cell 影像至 /data/taro_Projects/tsgh/output/r7_run/cell_crops/tile_x2304_y10752/cells
2026-07-26 13:04:17,157 - hybrid_pipeline - INFO - Tile tile_x2304_y10752 完成: 核心擁有 1 細胞 (1 陽性), 0.86 秒
2026-07-26 13:04:17,157 - hybrid_pipeline - INFO - [342/576] 處理 tile: tile_x4608_y10752
2026-07-26 13:04:17,182 - hybrid_pipeline - INFO - Tile tile_x3072_y10752: 核心遮罩全空 → 空白 placeholder
2026-07-26 13:04:17,729 - hybrid_pipeline - INFO - [343/576] 處理 tile: tile_x3840_y10752
2026-07-26 13:04:17,762 - m3_module.m3_cells_generator - INFO - All-positive 標註完成: 15 個細胞
2026-07-26 13:04:17,798 - m3_module.m3_cells_generator - INFO - enlarge_cell_instances: 15 顆細胞, factor=1.50(面積), 中位半徑=20.2px, 外擴=4.5px
2026-07-26 13:04:17,822 - m3_module.m3_elastic_matching - INFO - elastic_dish_nucleus_matching(overlap-first): IHC=15, DISH=7, matched(1核)=5 (其中重疊=5), drop-out(競爭落敗)=0, 無候選(計入)=10, factor=1.50, min_reach=20.0
2026-07-26 13:04:17,922 - m3_module.m3_dot_detection - INFO - detect_all_dots: 紅點=6, 黑點=5, 涉及細胞=15
2026-07-26 13:04:17,980 - cellpose.dynamics - INFO - No cell pixels found.
2026-07-26 13:04:18,023 - m4_module.cell_crops - INFO - 匯出 3 張 per-cell 影像至 /data/taro_Projects/tsgh/output/r7_run/cell_crops/tile_x4608_y10752/cells
2026-07-26 13:04:18,023 - hybrid_pipeline - INFO - Tile tile_x4608_y10752 完成: 核心擁有 3 細胞 (3 陽性), 0.87 秒
2026-07-26 13:04:18,288 - hybrid_pipeline - INFO - [344/576] 處理 tile: tile_x5376_y10752
2026-07-26 13:04:18,300 - m3_module.m3_cells_generator - INFO - All-positive 標註完成: 0 個細胞
2026-07-26 13:04:18,405 - m3_module.m3_dot_detection - INFO - detect_all_dots: 紅點=0, 黑點=0, 涉及細胞=0
2026-07-26 13:04:18,435 - m4_module.cell_crops - INFO - 匯出 0 張 per-cell 影像至 /data/taro_Projects/tsgh/output/r7_run/cell_crops/tile_x3840_y10752/cells
2026-07-26 13:04:18,435 - hybrid_pipeline - INFO - Tile tile_x3840_y10752 完成: 核心擁有 0 細胞 (0 陽性), 0.71 秒
2026-07-26 13:04:18,911 - hybrid_pipeline - INFO - [345/576] 處理 tile: tile_x6912_y10752
2026-07-26 13:04:18,942 - m3_module.m3_cells_generator - INFO - All-positive 標註完成: 23 個細胞
2026-07-26 13:04:18,982 - m3_module.m3_cells_generator - INFO - enlarge_cell_instances: 23 顆細胞, factor=1.50(面積), 中位半徑=19.5px, 外擴=4.4px
2026-07-26 13:04:19,005 - m3_module.m3_elastic_matching - INFO - elastic_dish_nucleus_matching(overlap-first): IHC=23, DISH=15, matched(1核)=10 (其中重疊=9), drop-out(競爭落敗)=1, 無候選(計入)=12, factor=1.50, min_reach=20.0
2026-07-26 13:04:19,112 - m3_module.m3_dot_detection - INFO - detect_all_dots: 紅點=12, 黑點=14, 涉及細胞=23
2026-07-26 13:04:19,208 - m4_module.cell_crops - INFO - 匯出 1 張 per-cell 影像至 /data/taro_Projects/tsgh/output/r7_run/cell_crops/tile_x5376_y10752/cells
2026-07-26 13:04:19,208 - hybrid_pipeline - INFO - Tile tile_x5376_y10752 完成: 核心擁有 1 細胞 (1 陽性), 0.92 秒
2026-07-26 13:04:19,208 - hybrid_pipeline - INFO - [346/576] 處理 tile: tile_x6144_y10752
2026-07-26 13:04:19,235 - hybrid_pipeline - INFO - Tile tile_x6912_y10752: 核心遮罩全空 → 空白 placeholder
2026-07-26 13:04:19,775 - hybrid_pipeline - INFO - [347/576] 處理 tile: tile_x7680_y10752
2026-07-26 13:04:19,807 - m3_module.m3_cells_generator - INFO - All-positive 標註完成: 6 個細胞
2026-07-26 13:04:19,836 - m3_module.m3_cells_generator - INFO - enlarge_cell_instances: 6 顆細胞, factor=1.50(面積), 中位半徑=12.7px, 外擴=2.8px
2026-07-26 13:04:19,859 - m3_module.m3_elastic_matching - INFO - elastic_dish_nucleus_matching(overlap-first): IHC=6, DISH=1, matched(1核)=1 (其中重疊=1), drop-out(競爭落敗)=1, 無候選(計入)=4, factor=1.50, min_reach=20.0
2026-07-26 13:04:19,941 - m3_module.m3_dot_detection - INFO - detect_all_dots: 紅點=0, 黑點=0, 涉及細胞=6
2026-07-26 13:04:19,992 - m4_module.cell_crops - INFO - 匯出 0 張 per-cell 影像至 /data/taro_Projects/tsgh/output/r7_run/cell_crops/tile_x6144_y10752/cells
2026-07-26 13:04:19,992 - hybrid_pipeline - INFO - Tile tile_x6144_y10752 完成: 核心擁有 0 細胞 (0 陽性), 0.78 秒
2026-07-26 13:04:19,992 - hybrid_pipeline - INFO - [348/576] 處理 tile: tile_x8448_y10752
2026-07-26 13:04:20,018 - hybrid_pipeline - INFO - Tile tile_x7680_y10752: 核心遮罩全空 → 空白 placeholder
2026-07-26 13:04:20,036 - hybrid_pipeline - INFO - [349/576] 處理 tile: tile_x9216_y10752
2026-07-26 13:04:20,063 - hybrid_pipeline - INFO - Tile tile_x8448_y10752: 核心遮罩全空 → 空白 placeholder
2026-07-26 13:04:20,074 - hybrid_pipeline - INFO - [350/576] 處理 tile: tile_x10752_y10752
2026-07-26 13:04:20,097 - hybrid_pipeline - INFO - Tile tile_x9216_y10752: 核心遮罩全空 → 空白 placeholder
2026-07-26 13:04:20,112 - hybrid_pipeline - INFO - [351/576] 處理 tile: tile_x9984_y10752
2026-07-26 13:04:20,137 - hybrid_pipeline - INFO - Tile tile_x10752_y10752: 核心遮罩全空 → 空白 placeholder
2026-07-26 13:04:20,156 - hybrid_pipeline - INFO - [352/576] 處理 tile: tile_x13056_y10752
2026-07-26 13:04:20,179 - hybrid_pipeline - INFO - Tile tile_x9984_y10752: 核心遮罩全空 → 空白 placeholder
2026-07-26 13:04:20,190 - hybrid_pipeline - INFO - [353/576] 處理 tile: tile_x11520_y10752
2026-07-26 13:04:20,214 - hybrid_pipeline - INFO - Tile tile_x13056_y10752: 核心遮罩全空 → 空白 placeholder
2026-07-26 13:04:20,227 - hybrid_pipeline - INFO - [354/576] 處理 tile: tile_x13824_y10752
2026-07-26 13:04:20,257 - hybrid_pipeline - INFO - Tile tile_x11520_y10752: 核心遮罩全空 → 空白 placeholder
2026-07-26 13:04:20,272 - hybrid_pipeline - INFO - [355/576] 處理 tile: tile_x12288_y10752
2026-07-26 13:04:20,295 - hybrid_pipeline - INFO - Tile tile_x13824_y10752: 核心遮罩全空 → 空白 placeholder
2026-07-26 13:04:20,311 - hybrid_pipeline - INFO - [356/576] 處理 tile: tile_x14592_y10752
2026-07-26 13:04:20,333 - hybrid_pipeline - INFO - Tile tile_x12288_y10752: 核心遮罩全空 → 空白 placeholder
2026-07-26 13:04:20,347 - hybrid_pipeline - INFO - [357/576] 處理 tile: tile_x15360_y10752
2026-07-26 13:04:20,370 - hybrid_pipeline - INFO - Tile tile_x14592_y10752: 核心遮罩全空 → 空白 placeholder
2026-07-26 13:04:20,385 - hybrid_pipeline - INFO - [358/576] 處理 tile: tile_x16128_y10752
2026-07-26 13:04:20,408 - hybrid_pipeline - INFO - Tile tile_x15360_y10752: 核心遮罩全空 → 空白 placeholder
2026-07-26 13:04:20,422 - hybrid_pipeline - INFO - [359/576] 處理 tile: tile_x16896_y10752
2026-07-26 13:04:20,445 - hybrid_pipeline - INFO - Tile tile_x16128_y10752: 核心遮罩全空 → 空白 placeholder
2026-07-26 13:04:20,462 - hybrid_pipeline - INFO - [360/576] 處理 tile: tile_x0_y11520
2026-07-26 13:04:20,485 - hybrid_pipeline - INFO - Tile tile_x16896_y10752: 核心遮罩全空 → 空白 placeholder
2026-07-26 13:04:21,129 - hybrid_pipeline - INFO - [361/576] 處理 tile: tile_x768_y11520
2026-07-26 13:04:21,159 - m3_module.m3_cells_generator - INFO - All-positive 標註完成: 134 個細胞
2026-07-26 13:04:21,216 - m3_module.m3_cells_generator - INFO - enlarge_cell_instances: 134 顆細胞, factor=1.50(面積), 中位半徑=24.7px, 外擴=5.6px
2026-07-26 13:04:21,246 - m3_module.m3_elastic_matching - INFO - elastic_dish_nucleus_matching(overlap-first): IHC=134, DISH=10, matched(1核)=9 (其中重疊=9), drop-out(競爭落敗)=2, 無候選(計入)=123, factor=1.50, min_reach=20.0
2026-07-26 13:04:21,373 - m3_module.m3_dot_detection - INFO - detect_all_dots: 紅點=8, 黑點=11, 涉及細胞=134
2026-07-26 13:04:21,694 - m4_module.cell_crops - INFO - 匯出 81 張 per-cell 影像至 /data/taro_Projects/tsgh/output/r7_run/cell_crops/tile_x0_y11520/cells
2026-07-26 13:04:21,694 - hybrid_pipeline - INFO - Tile tile_x0_y11520 完成: 核心擁有 81 細胞 (81 陽性), 1.23 秒
2026-07-26 13:04:21,816 - hybrid_pipeline - INFO - [362/576] 處理 tile: tile_x17664_y10752
2026-07-26 13:04:21,847 - m3_module.m3_cells_generator - INFO - All-positive 標註完成: 157 個細胞
2026-07-26 13:04:21,902 - m3_module.m3_cells_generator - INFO - enlarge_cell_instances: 157 顆細胞, factor=1.50(面積), 中位半徑=25.1px, 外擴=5.6px
2026-07-26 13:04:21,927 - m3_module.m3_elastic_matching - INFO - elastic_dish_nucleus_matching(overlap-first): IHC=157, DISH=28, matched(1核)=20 (其中重疊=20), drop-out(競爭落敗)=6, 無候選(計入)=131, factor=1.50, min_reach=20.0
2026-07-26 13:04:22,066 - m3_module.m3_dot_detection - INFO - detect_all_dots: 紅點=28, 黑點=43, 涉及細胞=157
2026-07-26 13:04:22,426 - m4_module.cell_crops - INFO - 匯出 84 張 per-cell 影像至 /data/taro_Projects/tsgh/output/r7_run/cell_crops/tile_x768_y11520/cells
2026-07-26 13:04:22,426 - hybrid_pipeline - INFO - Tile tile_x768_y11520 完成: 核心擁有 84 細胞 (84 陽性), 1.30 秒
2026-07-26 13:04:22,426 - hybrid_pipeline - INFO - [363/576] 處理 tile: tile_x1536_y11520
2026-07-26 13:04:22,450 - hybrid_pipeline - INFO - Tile tile_x17664_y10752: 核心遮罩全空 → 空白 placeholder
2026-07-26 13:04:23,061 - hybrid_pipeline - INFO - [364/576] 處理 tile: tile_x3840_y11520
2026-07-26 13:04:23,091 - m3_module.m3_cells_generator - INFO - All-positive 標註完成: 108 個細胞
2026-07-26 13:04:23,146 - m3_module.m3_cells_generator - INFO - enlarge_cell_instances: 108 顆細胞, factor=1.50(面積), 中位半徑=23.2px, 外擴=5.2px
2026-07-26 13:04:23,172 - m3_module.m3_elastic_matching - INFO - elastic_dish_nucleus_matching(overlap-first): IHC=108, DISH=25, matched(1核)=24 (其中重疊=24), drop-out(競爭落敗)=4, 無候選(計入)=80, factor=1.50, min_reach=20.0
2026-07-26 13:04:23,324 - m3_module.m3_dot_detection - INFO - detect_all_dots: 紅點=20, 黑點=32, 涉及細胞=108
2026-07-26 13:04:23,569 - m4_module.cell_crops - INFO - 匯出 54 張 per-cell 影像至 /data/taro_Projects/tsgh/output/r7_run/cell_crops/tile_x1536_y11520/cells
2026-07-26 13:04:23,569 - hybrid_pipeline - INFO - Tile tile_x1536_y11520 完成: 核心擁有 54 細胞 (54 陽性), 1.14 秒
2026-07-26 13:04:23,703 - hybrid_pipeline - INFO - [365/576] 處理 tile: tile_x2304_y11520
2026-07-26 13:04:23,727 - m3_module.m3_cells_generator - INFO - All-positive 標註完成: 83 個細胞
2026-07-26 13:04:23,780 - m3_module.m3_cells_generator - INFO - enlarge_cell_instances: 83 顆細胞, factor=1.50(面積), 中位半徑=20.8px, 外擴=4.7px
2026-07-26 13:04:23,807 - m3_module.m3_elastic_matching - INFO - elastic_dish_nucleus_matching(overlap-first): IHC=83, DISH=26, matched(1核)=17 (其中重疊=17), drop-out(競爭落敗)=8, 無候選(計入)=58, factor=1.50, min_reach=20.0
2026-07-26 13:04:23,972 - m3_module.m3_dot_detection - INFO - detect_all_dots: 紅點=23, 黑點=24, 涉及細胞=83
2026-07-26 13:04:24,179 - m4_module.cell_crops - INFO - 匯出 48 張 per-cell 影像至 /data/taro_Projects/tsgh/output/r7_run/cell_crops/tile_x3840_y11520/cells
2026-07-26 13:04:24,179 - hybrid_pipeline - INFO - Tile tile_x3840_y11520 完成: 核心擁有 48 細胞 (48 陽性), 1.12 秒
2026-07-26 13:04:24,327 - hybrid_pipeline - INFO - [366/576] 處理 tile: tile_x3072_y11520
2026-07-26 13:04:24,357 - m3_module.m3_cells_generator - INFO - All-positive 標註完成: 64 個細胞
2026-07-26 13:04:24,406 - m3_module.m3_cells_generator - INFO - enlarge_cell_instances: 64 顆細胞, factor=1.50(面積), 中位半徑=20.5px, 外擴=4.6px
2026-07-26 13:04:24,431 - m3_module.m3_elastic_matching - INFO - elastic_dish_nucleus_matching(overlap-first): IHC=64, DISH=14, matched(1核)=10 (其中重疊=10), drop-out(競爭落敗)=5, 無候選(計入)=49, factor=1.50, min_reach=20.0
2026-07-26 13:04:24,550 - m3_module.m3_dot_detection - INFO - detect_all_dots: 紅點=6, 黑點=13, 涉及細胞=64
2026-07-26 13:04:24,736 - m4_module.cell_crops - INFO - 匯出 23 張 per-cell 影像至 /data/taro_Projects/tsgh/output/r7_run/cell_crops/tile_x2304_y11520/cells
2026-07-26 13:04:24,736 - hybrid_pipeline - INFO - Tile tile_x2304_y11520 完成: 核心擁有 23 細胞 (23 陽性), 1.03 秒
2026-07-26 13:04:24,980 - hybrid_pipeline - INFO - [367/576] 處理 tile: tile_x5376_y11520
2026-07-26 13:04:25,004 - m3_module.m3_cells_generator - INFO - All-positive 標註完成: 111 個細胞
2026-07-26 13:04:25,059 - m3_module.m3_cells_generator - INFO - enlarge_cell_instances: 111 顆細胞, factor=1.50(面積), 中位半徑=21.5px, 外擴=4.8px
2026-07-26 13:04:25,086 - m3_module.m3_elastic_matching - INFO - elastic_dish_nucleus_matching(overlap-first): IHC=111, DISH=37, matched(1核)=30 (其中重疊=30), drop-out(競爭落敗)=15, 無候選(計入)=66, factor=1.50, min_reach=20.0
2026-07-26 13:04:25,280 - m3_module.m3_dot_detection - INFO - detect_all_dots: 紅點=34, 黑點=42, 涉及細胞=111
2026-07-26 13:04:25,545 - m4_module.cell_crops - INFO - 匯出 72 張 per-cell 影像至 /data/taro_Projects/tsgh/output/r7_run/cell_crops/tile_x3072_y11520/cells
2026-07-26 13:04:25,545 - hybrid_pipeline - INFO - Tile tile_x3072_y11520 完成: 核心擁有 72 細胞 (72 陽性), 1.22 秒
2026-07-26 13:04:25,657 - hybrid_pipeline - INFO - [368/576] 處理 tile: tile_x4608_y11520
2026-07-26 13:04:25,688 - m3_module.m3_cells_generator - INFO - All-positive 標註完成: 102 個細胞
2026-07-26 13:04:25,744 - m3_module.m3_cells_generator - INFO - enlarge_cell_instances: 102 顆細胞, factor=1.50(面積), 中位半徑=22.9px, 外擴=5.2px
2026-07-26 13:04:25,773 - m3_module.m3_elastic_matching - INFO - elastic_dish_nucleus_matching(overlap-first): IHC=102, DISH=61, matched(1核)=43 (其中重疊=43), drop-out(競爭落敗)=7, 無候選(計入)=52, factor=1.50, min_reach=20.0
2026-07-26 13:04:25,980 - m3_module.m3_dot_detection - INFO - detect_all_dots: 紅點=35, 黑點=52, 涉及細胞=102
2026-07-26 13:04:26,287 - m4_module.cell_crops - INFO - 匯出 76 張 per-cell 影像至 /data/taro_Projects/tsgh/output/r7_run/cell_crops/tile_x5376_y11520/cells
2026-07-26 13:04:26,287 - hybrid_pipeline - INFO - Tile tile_x5376_y11520 完成: 核心擁有 76 細胞 (76 陽性), 1.31 秒
2026-07-26 13:04:26,333 - hybrid_pipeline - INFO - [369/576] 處理 tile: tile_x6144_y11520
2026-07-26 13:04:26,359 - m3_module.m3_cells_generator - INFO - All-positive 標註完成: 77 個細胞
2026-07-26 13:04:26,408 - m3_module.m3_cells_generator - INFO - enlarge_cell_instances: 77 顆細胞, factor=1.50(面積), 中位半徑=17.4px, 外擴=3.9px
2026-07-26 13:04:26,433 - m3_module.m3_elastic_matching - INFO - elastic_dish_nucleus_matching(overlap-first): IHC=77, DISH=14, matched(1核)=11 (其中重疊=11), drop-out(競爭落敗)=4, 無候選(計入)=62, factor=1.50, min_reach=20.0
2026-07-26 13:04:26,546 - m3_module.m3_dot_detection - INFO - detect_all_dots: 紅點=15, 黑點=14, 涉及細胞=77
2026-07-26 13:04:26,744 - m4_module.cell_crops - INFO - 匯出 35 張 per-cell 影像至 /data/taro_Projects/tsgh/output/r7_run/cell_crops/tile_x4608_y11520/cells
2026-07-26 13:04:26,744 - hybrid_pipeline - INFO - Tile tile_x4608_y11520 完成: 核心擁有 35 細胞 (35 陽性), 1.09 秒
2026-07-26 13:04:26,946 - hybrid_pipeline - INFO - [370/576] 處理 tile: tile_x6912_y11520
2026-07-26 13:04:26,975 - m3_module.m3_cells_generator - INFO - All-positive 標註完成: 38 個細胞
2026-07-26 13:04:27,009 - m3_module.m3_cells_generator - INFO - enlarge_cell_instances: 38 顆細胞, factor=1.50(面積), 中位半徑=21.9px, 外擴=4.9px
2026-07-26 13:04:27,031 - m3_module.m3_elastic_matching - INFO - elastic_dish_nucleus_matching(overlap-first): IHC=38, DISH=6, matched(1核)=5 (其中重疊=5), drop-out(競爭落敗)=3, 無候選(計入)=30, factor=1.50, min_reach=20.0
2026-07-26 13:04:27,126 - m3_module.m3_dot_detection - INFO - detect_all_dots: 紅點=5, 黑點=6, 涉及細胞=38
2026-07-26 13:04:27,234 - m4_module.cell_crops - INFO - 匯出 18 張 per-cell 影像至 /data/taro_Projects/tsgh/output/r7_run/cell_crops/tile_x6144_y11520/cells
2026-07-26 13:04:27,234 - hybrid_pipeline - INFO - Tile tile_x6144_y11520 完成: 核心擁有 18 細胞 (18 陽性), 0.90 秒
2026-07-26 13:04:27,235 - hybrid_pipeline - INFO - [371/576] 處理 tile: tile_x7680_y11520
2026-07-26 13:04:27,259 - hybrid_pipeline - INFO - Tile tile_x6912_y11520: 核心遮罩全空 → 空白 placeholder
2026-07-26 13:04:27,280 - hybrid_pipeline - INFO - [372/576] 處理 tile: tile_x9216_y11520
2026-07-26 13:04:27,305 - hybrid_pipeline - INFO - Tile tile_x7680_y11520: 核心遮罩全空 → 空白 placeholder
2026-07-26 13:04:27,318 - hybrid_pipeline - INFO - [373/576] 處理 tile: tile_x8448_y11520
2026-07-26 13:04:27,342 - hybrid_pipeline - INFO - Tile tile_x9216_y11520: 核心遮罩全空 → 空白 placeholder
2026-07-26 13:04:27,355 - hybrid_pipeline - INFO - [374/576] 處理 tile: tile_x13056_y11520
2026-07-26 13:04:27,379 - hybrid_pipeline - INFO - Tile tile_x8448_y11520: 核心遮罩全空 → 空白 placeholder
2026-07-26 13:04:27,391 - hybrid_pipeline - INFO - [375/576] 處理 tile: tile_x9984_y11520
2026-07-26 13:04:27,414 - hybrid_pipeline - INFO - Tile tile_x13056_y11520: 核心遮罩全空 → 空白 placeholder
2026-07-26 13:04:27,429 - hybrid_pipeline - INFO - [376/576] 處理 tile: tile_x10752_y11520
2026-07-26 13:04:27,452 - hybrid_pipeline - INFO - Tile tile_x9984_y11520: 核心遮罩全空 → 空白 placeholder
2026-07-26 13:04:27,468 - hybrid_pipeline - INFO - [377/576] 處理 tile: tile_x11520_y11520
2026-07-26 13:04:27,491 - hybrid_pipeline - INFO - Tile tile_x10752_y11520: 核心遮罩全空 → 空白 placeholder
2026-07-26 13:04:27,507 - hybrid_pipeline - INFO - [378/576] 處理 tile: tile_x12288_y11520
2026-07-26 13:04:27,531 - hybrid_pipeline - INFO - Tile tile_x11520_y11520: 核心遮罩全空 → 空白 placeholder
2026-07-26 13:04:27,545 - hybrid_pipeline - INFO - [379/576] 處理 tile: tile_x13824_y11520
2026-07-26 13:04:27,570 - hybrid_pipeline - INFO - Tile tile_x12288_y11520: 核心遮罩全空 → 空白 placeholder
2026-07-26 13:04:27,584 - hybrid_pipeline - INFO - [380/576] 處理 tile: tile_x14592_y11520
2026-07-26 13:04:27,607 - hybrid_pipeline - INFO - Tile tile_x13824_y11520: 核心遮罩全空 → 空白 placeholder
2026-07-26 13:04:27,621 - hybrid_pipeline - INFO - [381/576] 處理 tile: tile_x15360_y11520
2026-07-26 13:04:27,644 - hybrid_pipeline - INFO - Tile tile_x14592_y11520: 核心遮罩全空 → 空白 placeholder
2026-07-26 13:04:27,657 - hybrid_pipeline - INFO - [382/576] 處理 tile: tile_x0_y12288
2026-07-26 13:04:27,679 - hybrid_pipeline - INFO - Tile tile_x15360_y11520: 核心遮罩全空 → 空白 placeholder
2026-07-26 13:04:28,314 - hybrid_pipeline - INFO - [383/576] 處理 tile: tile_x16128_y11520
2026-07-26 13:04:28,339 - m3_module.m3_cells_generator - INFO - All-positive 標註完成: 147 個細胞
2026-07-26 13:04:28,392 - m3_module.m3_cells_generator - INFO - enlarge_cell_instances: 147 顆細胞, factor=1.50(面積), 中位半徑=26.1px, 外擴=5.9px
2026-07-26 13:04:28,419 - m3_module.m3_elastic_matching - INFO - elastic_dish_nucleus_matching(overlap-first): IHC=147, DISH=230, matched(1核)=24 (其中重疊=24), drop-out(競爭落敗)=0, 無候選(計入)=123, factor=1.50, min_reach=20.0
2026-07-26 13:04:28,503 - m3_module.m3_dot_detection - INFO - detect_all_dots: 紅點=2, 黑點=4, 涉及細胞=147
2026-07-26 13:04:28,831 - m4_module.cell_crops - INFO - 匯出 91 張 per-cell 影像至 /data/taro_Projects/tsgh/output/r7_run/cell_crops/tile_x0_y12288/cells
2026-07-26 13:04:28,831 - hybrid_pipeline - INFO - Tile tile_x0_y12288 完成: 核心擁有 91 細胞 (91 陽性), 1.17 秒
2026-07-26 13:04:28,832 - hybrid_pipeline - INFO - [384/576] 處理 tile: tile_x16896_y11520
2026-07-26 13:04:28,856 - hybrid_pipeline - INFO - Tile tile_x16128_y11520: 核心遮罩全空 → 空白 placeholder
2026-07-26 13:04:28,879 - hybrid_pipeline - INFO - [385/576] 處理 tile: tile_x17664_y11520
2026-07-26 13:04:28,904 - hybrid_pipeline - INFO - Tile tile_x16896_y11520: 核心遮罩全空 → 空白 placeholder
2026-07-26 13:04:28,918 - hybrid_pipeline - INFO - [386/576] 處理 tile: tile_x768_y12288
2026-07-26 13:04:28,943 - hybrid_pipeline - INFO - Tile tile_x17664_y11520: 核心遮罩全空 → 空白 placeholder
2026-07-26 13:04:29,594 - hybrid_pipeline - INFO - [387/576] 處理 tile: tile_x1536_y12288
2026-07-26 13:04:29,621 - m3_module.m3_cells_generator - INFO - All-positive 標註完成: 145 個細胞
2026-07-26 13:04:29,678 - m3_module.m3_cells_generator - INFO - enlarge_cell_instances: 145 顆細胞, factor=1.50(面積), 中位半徑=27.9px, 外擴=6.3px
2026-07-26 13:04:29,708 - m3_module.m3_elastic_matching - INFO - elastic_dish_nucleus_matching(overlap-first): IHC=145, DISH=18, matched(1核)=14 (其中重疊=14), drop-out(競爭落敗)=7, 無候選(計入)=124, factor=1.50, min_reach=20.0
2026-07-26 13:04:29,826 - m3_module.m3_dot_detection - INFO - detect_all_dots: 紅點=12, 黑點=25, 涉及細胞=145
2026-07-26 13:04:30,201 - m4_module.cell_crops - INFO - 匯出 73 張 per-cell 影像至 /data/taro_Projects/tsgh/output/r7_run/cell_crops/tile_x768_y12288/cells
2026-07-26 13:04:30,201 - hybrid_pipeline - INFO - Tile tile_x768_y12288 完成: 核心擁有 73 細胞 (73 陽性), 1.28 秒
2026-07-26 13:04:30,282 - hybrid_pipeline - INFO - [388/576] 處理 tile: tile_x2304_y12288
2026-07-26 13:04:30,311 - m3_module.m3_cells_generator - INFO - All-positive 標註完成: 160 個細胞
2026-07-26 13:04:30,366 - m3_module.m3_cells_generator - INFO - enlarge_cell_instances: 160 顆細胞, factor=1.50(面積), 中位半徑=24.3px, 外擴=5.5px
2026-07-26 13:04:30,394 - m3_module.m3_elastic_matching - INFO - elastic_dish_nucleus_matching(overlap-first): IHC=160, DISH=20, matched(1核)=19 (其中重疊=19), drop-out(競爭落敗)=9, 無候選(計入)=132, factor=1.50, min_reach=20.0
2026-07-26 13:04:30,562 - m3_module.m3_dot_detection - INFO - detect_all_dots: 紅點=23, 黑點=44, 涉及細胞=160
2026-07-26 13:04:30,933 - m4_module.cell_crops - INFO - 匯出 81 張 per-cell 影像至 /data/taro_Projects/tsgh/output/r7_run/cell_crops/tile_x1536_y12288/cells
2026-07-26 13:04:30,933 - hybrid_pipeline - INFO - Tile tile_x1536_y12288 完成: 核心擁有 81 細胞 (81 陽性), 1.34 秒
2026-07-26 13:04:30,988 - hybrid_pipeline - INFO - [389/576] 處理 tile: tile_x3072_y12288
2026-07-26 13:04:31,017 - m3_module.m3_cells_generator - INFO - All-positive 標註完成: 143 個細胞
2026-07-26 13:04:31,072 - m3_module.m3_cells_generator - INFO - enlarge_cell_instances: 143 顆細胞, factor=1.50(面積), 中位半徑=23.0px, 外擴=5.2px
2026-07-26 13:04:31,096 - m3_module.m3_elastic_matching - INFO - elastic_dish_nucleus_matching(overlap-first): IHC=143, DISH=25, matched(1核)=21 (其中重疊=21), drop-out(競爭落敗)=6, 無候選(計入)=116, factor=1.50, min_reach=20.0
2026-07-26 13:04:31,229 - m3_module.m3_dot_detection - INFO - detect_all_dots: 紅點=17, 黑點=27, 涉及細胞=143
2026-07-26 13:04:31,563 - m4_module.cell_crops - INFO - 匯出 74 張 per-cell 影像至 /data/taro_Projects/tsgh/output/r7_run/cell_crops/tile_x2304_y12288/cells
2026-07-26 13:04:31,563 - hybrid_pipeline - INFO - Tile tile_x2304_y12288 完成: 核心擁有 74 細胞 (74 陽性), 1.28 秒
2026-07-26 13:04:31,664 - hybrid_pipeline - INFO - [390/576] 處理 tile: tile_x3840_y12288
2026-07-26 13:04:31,693 - m3_module.m3_cells_generator - INFO - All-positive 標註完成: 145 個細胞
2026-07-26 13:04:31,746 - m3_module.m3_cells_generator - INFO - enlarge_cell_instances: 145 顆細胞, factor=1.50(面積), 中位半徑=22.6px, 外擴=5.1px
2026-07-26 13:04:31,776 - m3_module.m3_elastic_matching - INFO - elastic_dish_nucleus_matching(overlap-first): IHC=145, DISH=61, matched(1核)=52 (其中重疊=52), drop-out(競爭落敗)=16, 無候選(計入)=77, factor=1.50, min_reach=20.0
2026-07-26 13:04:32,015 - m3_module.m3_dot_detection - INFO - detect_all_dots: 紅點=52, 黑點=66, 涉及細胞=145
2026-07-26 13:04:32,365 - m4_module.cell_crops - INFO - 匯出 61 張 per-cell 影像至 /data/taro_Projects/tsgh/output/r7_run/cell_crops/tile_x3072_y12288/cells
2026-07-26 13:04:32,365 - hybrid_pipeline - INFO - Tile tile_x3072_y12288 完成: 核心擁有 61 細胞 (61 陽性), 1.38 秒
2026-07-26 13:04:32,400 - hybrid_pipeline - INFO - [391/576] 處理 tile: tile_x4608_y12288
2026-07-26 13:04:32,423 - m3_module.m3_cells_generator - INFO - All-positive 標註完成: 156 個細胞
2026-07-26 13:04:32,480 - m3_module.m3_cells_generator - INFO - enlarge_cell_instances: 156 顆細胞, factor=1.50(面積), 中位半徑=27.2px, 外擴=6.1px
2026-07-26 13:04:32,506 - m3_module.m3_elastic_matching - INFO - elastic_dish_nucleus_matching(overlap-first): IHC=156, DISH=35, matched(1核)=32 (其中重疊=32), drop-out(競爭落敗)=13, 無候選(計入)=111, factor=1.50, min_reach=20.0
2026-07-26 13:04:32,684 - m3_module.m3_dot_detection - INFO - detect_all_dots: 紅點=34, 黑點=42, 涉及細胞=156
2026-07-26 13:04:33,080 - m4_module.cell_crops - INFO - 匯出 81 張 per-cell 影像至 /data/taro_Projects/tsgh/output/r7_run/cell_crops/tile_x3840_y12288/cells
2026-07-26 13:04:33,080 - hybrid_pipeline - INFO - Tile tile_x3840_y12288 完成: 核心擁有 81 細胞 (81 陽性), 1.42 秒
2026-07-26 13:04:33,080 - hybrid_pipeline - INFO - [392/576] 處理 tile: tile_x6144_y12288
2026-07-26 13:04:33,103 - m3_module.m3_cells_generator - INFO - All-positive 標註完成: 113 個細胞
2026-07-26 13:04:33,156 - m3_module.m3_cells_generator - INFO - enlarge_cell_instances: 113 顆細胞, factor=1.50(面積), 中位半徑=26.8px, 外擴=6.0px
2026-07-26 13:04:33,184 - m3_module.m3_elastic_matching - INFO - elastic_dish_nucleus_matching(overlap-first): IHC=113, DISH=14, matched(1核)=11 (其中重疊=11), drop-out(競爭落敗)=7, 無候選(計入)=95, factor=1.50, min_reach=20.0
2026-07-26 13:04:33,300 - m3_module.m3_dot_detection - INFO - detect_all_dots: 紅點=10, 黑點=11, 涉及細胞=113
2026-07-26 13:04:33,603 - m4_module.cell_crops - INFO - 匯出 74 張 per-cell 影像至 /data/taro_Projects/tsgh/output/r7_run/cell_crops/tile_x4608_y12288/cells
2026-07-26 13:04:33,603 - hybrid_pipeline - INFO - Tile tile_x4608_y12288 完成: 核心擁有 74 細胞 (74 陽性), 1.20 秒
2026-07-26 13:04:33,721 - hybrid_pipeline - INFO - [393/576] 處理 tile: tile_x5376_y12288
2026-07-26 13:04:33,750 - m3_module.m3_cells_generator - INFO - All-positive 標註完成: 12 個細胞
2026-07-26 13:04:33,782 - m3_module.m3_cells_generator - INFO - enlarge_cell_instances: 12 顆細胞, factor=1.50(面積), 中位半徑=14.8px, 外擴=3.3px
2026-07-26 13:04:33,806 - m3_module.m3_elastic_matching - INFO - elastic_dish_nucleus_matching(overlap-first): IHC=12, DISH=7, matched(1核)=3 (其中重疊=3), drop-out(競爭落敗)=0, 無候選(計入)=9, factor=1.50, min_reach=20.0
2026-07-26 13:04:33,906 - m3_module.m3_dot_detection - INFO - detect_all_dots: 紅點=2, 黑點=2, 涉及細胞=12
2026-07-26 13:04:34,002 - m4_module.cell_crops - INFO - 匯出 3 張 per-cell 影像至 /data/taro_Projects/tsgh/output/r7_run/cell_crops/tile_x6144_y12288/cells
2026-07-26 13:04:34,002 - hybrid_pipeline - INFO - Tile tile_x6144_y12288 完成: 核心擁有 3 細胞 (3 陽性), 0.92 秒
2026-07-26 13:04:34,340 - hybrid_pipeline - INFO - [394/576] 處理 tile: tile_x6912_y12288
2026-07-26 13:04:34,370 - m3_module.m3_cells_generator - INFO - All-positive 標註完成: 21 個細胞
2026-07-26 13:04:34,409 - m3_module.m3_cells_generator - INFO - enlarge_cell_instances: 21 顆細胞, factor=1.50(面積), 中位半徑=30.0px, 外擴=6.7px
2026-07-26 13:04:34,431 - m3_module.m3_elastic_matching - INFO - elastic_dish_nucleus_matching(overlap-first): IHC=21, DISH=3, matched(1核)=1 (其中重疊=1), drop-out(競爭落敗)=0, 無候選(計入)=20, factor=1.50, min_reach=20.0
2026-07-26 13:04:34,518 - m3_module.m3_dot_detection - INFO - detect_all_dots: 紅點=1, 黑點=2, 涉及細胞=21
2026-07-26 13:04:34,630 - m4_module.cell_crops - INFO - 匯出 5 張 per-cell 影像至 /data/taro_Projects/tsgh/output/r7_run/cell_crops/tile_x5376_y12288/cells
2026-07-26 13:04:34,630 - hybrid_pipeline - INFO - Tile tile_x5376_y12288 完成: 核心擁有 5 細胞 (5 陽性), 0.91 秒
2026-07-26 13:04:34,630 - hybrid_pipeline - INFO - [395/576] 處理 tile: tile_x7680_y12288
2026-07-26 13:04:34,654 - hybrid_pipeline - INFO - Tile tile_x6912_y12288: 核心遮罩全空 → 空白 placeholder
2026-07-26 13:04:34,673 - hybrid_pipeline - INFO - [396/576] 處理 tile: tile_x8448_y12288
2026-07-26 13:04:34,699 - hybrid_pipeline - INFO - Tile tile_x7680_y12288: 核心遮罩全空 → 空白 placeholder
2026-07-26 13:04:34,714 - hybrid_pipeline - INFO - [397/576] 處理 tile: tile_x9216_y12288
2026-07-26 13:04:34,739 - hybrid_pipeline - INFO - Tile tile_x8448_y12288: 核心遮罩全空 → 空白 placeholder
2026-07-26 13:04:34,755 - hybrid_pipeline - INFO - [398/576] 處理 tile: tile_x12288_y12288
2026-07-26 13:04:34,778 - hybrid_pipeline - INFO - Tile tile_x9216_y12288: 核心遮罩全空 → 空白 placeholder
2026-07-26 13:04:34,791 - hybrid_pipeline - INFO - [399/576] 處理 tile: tile_x9984_y12288
2026-07-26 13:04:34,815 - hybrid_pipeline - INFO - Tile tile_x12288_y12288: 核心遮罩全空 → 空白 placeholder
2026-07-26 13:04:34,829 - hybrid_pipeline - INFO - [400/576] 處理 tile: tile_x10752_y12288
2026-07-26 13:04:34,854 - hybrid_pipeline - INFO - Tile tile_x9984_y12288: 核心遮罩全空 → 空白 placeholder
2026-07-26 13:04:34,871 - hybrid_pipeline - INFO - [401/576] 處理 tile: tile_x11520_y12288
2026-07-26 13:04:34,894 - hybrid_pipeline - INFO - Tile tile_x10752_y12288: 核心遮罩全空 → 空白 placeholder
2026-07-26 13:04:34,909 - hybrid_pipeline - INFO - [402/576] 處理 tile: tile_x13056_y12288
2026-07-26 13:04:34,933 - hybrid_pipeline - INFO - Tile tile_x11520_y12288: 核心遮罩全空 → 空白 placeholder
2026-07-26 13:04:34,950 - hybrid_pipeline - INFO - [403/576] 處理 tile: tile_x13824_y12288
2026-07-26 13:04:34,974 - hybrid_pipeline - INFO - Tile tile_x13056_y12288: 核心遮罩全空 → 空白 placeholder
2026-07-26 13:04:34,988 - hybrid_pipeline - INFO - [404/576] 處理 tile: tile_x14592_y12288
2026-07-26 13:04:35,011 - hybrid_pipeline - INFO - Tile tile_x13824_y12288: 核心遮罩全空 → 空白 placeholder
2026-07-26 13:04:35,029 - hybrid_pipeline - INFO - [405/576] 處理 tile: tile_x16128_y12288
2026-07-26 13:04:35,057 - hybrid_pipeline - INFO - Tile tile_x14592_y12288: 核心遮罩全空 → 空白 placeholder
2026-07-26 13:04:35,067 - hybrid_pipeline - INFO - [406/576] 處理 tile: tile_x15360_y12288
2026-07-26 13:04:35,090 - hybrid_pipeline - INFO - Tile tile_x16128_y12288: 核心遮罩全空 → 空白 placeholder
2026-07-26 13:04:35,104 - hybrid_pipeline - INFO - [407/576] 處理 tile: tile_x16896_y12288
2026-07-26 13:04:35,132 - hybrid_pipeline - INFO - Tile tile_x15360_y12288: 核心遮罩全空 → 空白 placeholder
2026-07-26 13:04:35,141 - hybrid_pipeline - INFO - [408/576] 處理 tile: tile_x17664_y12288
2026-07-26 13:04:35,166 - hybrid_pipeline - INFO - Tile tile_x16896_y12288: 核心遮罩全空 → 空白 placeholder
2026-07-26 13:04:35,177 - hybrid_pipeline - INFO - [409/576] 處理 tile: tile_x1536_y13056
2026-07-26 13:04:35,201 - hybrid_pipeline - INFO - Tile tile_x17664_y12288: 核心遮罩全空 → 空白 placeholder
2026-07-26 13:04:35,818 - hybrid_pipeline - INFO - [410/576] 處理 tile: tile_x768_y13056
2026-07-26 13:04:35,851 - m3_module.m3_cells_generator - INFO - All-positive 標註完成: 124 個細胞
2026-07-26 13:04:35,906 - m3_module.m3_cells_generator - INFO - enlarge_cell_instances: 124 顆細胞, factor=1.50(面積), 中位半徑=25.2px, 外擴=5.7px
2026-07-26 13:04:35,939 - m3_module.m3_elastic_matching - INFO - elastic_dish_nucleus_matching(overlap-first): IHC=124, DISH=23, matched(1核)=20 (其中重疊=20), drop-out(競爭落敗)=13, 無候選(計入)=91, factor=1.50, min_reach=20.0
2026-07-26 13:04:36,163 - m3_module.m3_dot_detection - INFO - detect_all_dots: 紅點=52, 黑點=87, 涉及細胞=124
2026-07-26 13:04:36,453 - m4_module.cell_crops - INFO - 匯出 72 張 per-cell 影像至 /data/taro_Projects/tsgh/output/r7_run/cell_crops/tile_x1536_y13056/cells
2026-07-26 13:04:36,453 - hybrid_pipeline - INFO - Tile tile_x1536_y13056 完成: 核心擁有 72 細胞 (72 陽性), 1.28 秒
2026-07-26 13:04:36,531 - hybrid_pipeline - INFO - [411/576] 處理 tile: tile_x0_y13056
2026-07-26 13:04:36,560 - m3_module.m3_cells_generator - INFO - All-positive 標註完成: 136 個細胞
2026-07-26 13:04:36,616 - m3_module.m3_cells_generator - INFO - enlarge_cell_instances: 136 顆細胞, factor=1.50(面積), 中位半徑=24.9px, 外擴=5.6px
2026-07-26 13:04:36,640 - m3_module.m3_elastic_matching - INFO - elastic_dish_nucleus_matching(overlap-first): IHC=136, DISH=22, matched(1核)=17 (其中重疊=17), drop-out(競爭落敗)=7, 無候選(計入)=112, factor=1.50, min_reach=20.0
2026-07-26 13:04:36,793 - m3_module.m3_dot_detection - INFO - detect_all_dots: 紅點=31, 黑點=46, 涉及細胞=136
2026-07-26 13:04:37,131 - m4_module.cell_crops - INFO - 匯出 65 張 per-cell 影像至 /data/taro_Projects/tsgh/output/r7_run/cell_crops/tile_x768_y13056/cells
2026-07-26 13:04:37,131 - hybrid_pipeline - INFO - Tile tile_x768_y13056 完成: 核心擁有 65 細胞 (65 陽性), 1.31 秒
2026-07-26 13:04:37,244 - hybrid_pipeline - INFO - [412/576] 處理 tile: tile_x2304_y13056
2026-07-26 13:04:37,273 - m3_module.m3_cells_generator - INFO - All-positive 標註完成: 147 個細胞
2026-07-26 13:04:37,332 - m3_module.m3_cells_generator - INFO - enlarge_cell_instances: 147 顆細胞, factor=1.50(面積), 中位半徑=26.8px, 外擴=6.0px
2026-07-26 13:04:37,357 - m3_module.m3_elastic_matching - INFO - elastic_dish_nucleus_matching(overlap-first): IHC=147, DISH=30, matched(1核)=18 (其中重疊=18), drop-out(競爭落敗)=7, 無候選(計入)=122, factor=1.50, min_reach=20.0
2026-07-26 13:04:37,492 - m3_module.m3_dot_detection - INFO - detect_all_dots: 紅點=24, 黑點=31, 涉及細胞=147
2026-07-26 13:04:37,884 - m4_module.cell_crops - INFO - 匯出 89 張 per-cell 影像至 /data/taro_Projects/tsgh/output/r7_run/cell_crops/tile_x0_y13056/cells
2026-07-26 13:04:37,884 - hybrid_pipeline - INFO - Tile tile_x0_y13056 完成: 核心擁有 89 細胞 (89 陽性), 1.35 秒
2026-07-26 13:04:37,911 - hybrid_pipeline - INFO - [413/576] 處理 tile: tile_x3072_y13056
2026-07-26 13:04:37,934 - m3_module.m3_cells_generator - INFO - All-positive 標註完成: 100 個細胞
2026-07-26 13:04:37,987 - m3_module.m3_cells_generator - INFO - enlarge_cell_instances: 100 顆細胞, factor=1.50(面積), 中位半徑=23.1px, 外擴=5.2px
2026-07-26 13:04:38,013 - m3_module.m3_elastic_matching - INFO - elastic_dish_nucleus_matching(overlap-first): IHC=100, DISH=6, matched(1核)=4 (其中重疊=4), drop-out(競爭落敗)=0, 無候選(計入)=96, factor=1.50, min_reach=20.0
2026-07-26 13:04:38,103 - m3_module.m3_dot_detection - INFO - detect_all_dots: 紅點=1, 黑點=2, 涉及細胞=100
2026-07-26 13:04:38,315 - m4_module.cell_crops - INFO - 匯出 43 張 per-cell 影像至 /data/taro_Projects/tsgh/output/r7_run/cell_crops/tile_x2304_y13056/cells
2026-07-26 13:04:38,315 - hybrid_pipeline - INFO - Tile tile_x2304_y13056 完成: 核心擁有 43 細胞 (43 陽性), 1.07 秒
2026-07-26 13:04:38,588 - hybrid_pipeline - INFO - [414/576] 處理 tile: tile_x3840_y13056
2026-07-26 13:04:38,617 - m3_module.m3_cells_generator - INFO - All-positive 標註完成: 134 個細胞
2026-07-26 13:04:38,671 - m3_module.m3_cells_generator - INFO - enlarge_cell_instances: 134 顆細胞, factor=1.50(面積), 中位半徑=20.1px, 外擴=4.5px
2026-07-26 13:04:38,699 - m3_module.m3_elastic_matching - INFO - elastic_dish_nucleus_matching(overlap-first): IHC=134, DISH=58, matched(1核)=34 (其中重疊=34), drop-out(競爭落敗)=8, 無候選(計入)=92, factor=1.50, min_reach=20.0
2026-07-26 13:04:38,866 - m3_module.m3_dot_detection - INFO - detect_all_dots: 紅點=27, 黑點=37, 涉及細胞=134
2026-07-26 13:04:39,232 - m4_module.cell_crops - INFO - 匯出 86 張 per-cell 影像至 /data/taro_Projects/tsgh/output/r7_run/cell_crops/tile_x3072_y13056/cells
2026-07-26 13:04:39,232 - hybrid_pipeline - INFO - Tile tile_x3072_y13056 完成: 核心擁有 86 細胞 (86 陽性), 1.32 秒
2026-07-26 13:04:39,272 - hybrid_pipeline - INFO - [415/576] 處理 tile: tile_x4608_y13056
2026-07-26 13:04:39,298 - m3_module.m3_cells_generator - INFO - All-positive 標註完成: 109 個細胞
2026-07-26 13:04:39,352 - m3_module.m3_cells_generator - INFO - enlarge_cell_instances: 109 顆細胞, factor=1.50(面積), 中位半徑=25.2px, 外擴=5.7px
2026-07-26 13:04:39,379 - m3_module.m3_elastic_matching - INFO - elastic_dish_nucleus_matching(overlap-first): IHC=109, DISH=31, matched(1核)=17 (其中重疊=17), drop-out(競爭落敗)=5, 無候選(計入)=87, factor=1.50, min_reach=20.0
2026-07-26 13:04:39,507 - m3_module.m3_dot_detection - INFO - detect_all_dots: 紅點=10, 黑點=13, 涉及細胞=109
2026-07-26 13:04:39,827 - m4_module.cell_crops - INFO - 匯出 55 張 per-cell 影像至 /data/taro_Projects/tsgh/output/r7_run/cell_crops/tile_x3840_y13056/cells
2026-07-26 13:04:39,827 - hybrid_pipeline - INFO - Tile tile_x3840_y13056 完成: 核心擁有 55 細胞 (55 陽性), 1.24 秒
2026-07-26 13:04:39,915 - hybrid_pipeline - INFO - [416/576] 處理 tile: tile_x5376_y13056
2026-07-26 13:04:39,945 - m3_module.m3_cells_generator - INFO - All-positive 標註完成: 103 個細胞
2026-07-26 13:04:39,995 - m3_module.m3_cells_generator - INFO - enlarge_cell_instances: 103 顆細胞, factor=1.50(面積), 中位半徑=24.8px, 外擴=5.6px
2026-07-26 13:04:40,021 - m3_module.m3_elastic_matching - INFO - elastic_dish_nucleus_matching(overlap-first): IHC=103, DISH=15, matched(1核)=13 (其中重疊=13), drop-out(競爭落敗)=7, 無候選(計入)=83, factor=1.50, min_reach=20.0
2026-07-26 13:04:40,144 - m3_module.m3_dot_detection - INFO - detect_all_dots: 紅點=12, 黑點=17, 涉及細胞=103
2026-07-26 13:04:40,419 - m4_module.cell_crops - INFO - 匯出 57 張 per-cell 影像至 /data/taro_Projects/tsgh/output/r7_run/cell_crops/tile_x4608_y13056/cells
2026-07-26 13:04:40,419 - hybrid_pipeline - INFO - Tile tile_x4608_y13056 完成: 核心擁有 57 細胞 (57 陽性), 1.15 秒
2026-07-26 13:04:40,506 - hybrid_pipeline - INFO - [417/576] 處理 tile: tile_x6144_y13056
2026-07-26 13:04:40,536 - m3_module.m3_cells_generator - INFO - All-positive 標註完成: 17 個細胞
2026-07-26 13:04:40,572 - m3_module.m3_cells_generator - INFO - enlarge_cell_instances: 17 顆細胞, factor=1.50(面積), 中位半徑=23.3px, 外擴=5.2px
2026-07-26 13:04:40,596 - m3_module.m3_elastic_matching - INFO - elastic_dish_nucleus_matching(overlap-first): IHC=17, DISH=2, matched(1核)=1 (其中重疊=1), drop-out(競爭落敗)=0, 無候選(計入)=16, factor=1.50, min_reach=20.0
2026-07-26 13:04:40,686 - m3_module.m3_dot_detection - INFO - detect_all_dots: 紅點=0, 黑點=0, 涉及細胞=17
2026-07-26 13:04:40,784 - m4_module.cell_crops - INFO - 匯出 5 張 per-cell 影像至 /data/taro_Projects/tsgh/output/r7_run/cell_crops/tile_x5376_y13056/cells
2026-07-26 13:04:40,784 - hybrid_pipeline - INFO - Tile tile_x5376_y13056 完成: 核心擁有 5 細胞 (5 陽性), 0.87 秒
2026-07-26 13:04:41,122 - hybrid_pipeline - INFO - [418/576] 處理 tile: tile_x7680_y13056
2026-07-26 13:04:41,152 - m3_module.m3_cells_generator - INFO - All-positive 標註完成: 33 個細胞
2026-07-26 13:04:41,189 - m3_module.m3_cells_generator - INFO - enlarge_cell_instances: 33 顆細胞, factor=1.50(面積), 中位半徑=20.7px, 外擴=4.7px
2026-07-26 13:04:41,213 - m3_module.m3_elastic_matching - INFO - elastic_dish_nucleus_matching(overlap-first): IHC=33, DISH=5, matched(1核)=3 (其中重疊=3), drop-out(競爭落敗)=0, 無候選(計入)=30, factor=1.50, min_reach=20.0
2026-07-26 13:04:41,303 - m3_module.m3_dot_detection - INFO - detect_all_dots: 紅點=1, 黑點=1, 涉及細胞=33
2026-07-26 13:04:41,432 - m4_module.cell_crops - INFO - 匯出 30 張 per-cell 影像至 /data/taro_Projects/tsgh/output/r7_run/cell_crops/tile_x6144_y13056/cells
2026-07-26 13:04:41,432 - hybrid_pipeline - INFO - Tile tile_x6144_y13056 完成: 核心擁有 30 細胞 (30 陽性), 0.93 秒
2026-07-26 13:04:41,432 - hybrid_pipeline - INFO - [419/576] 處理 tile: tile_x6912_y13056
2026-07-26 13:04:41,457 - hybrid_pipeline - INFO - Tile tile_x7680_y13056: 核心遮罩全空 → 空白 placeholder
2026-07-26 13:04:42,030 - hybrid_pipeline - INFO - [420/576] 處理 tile: tile_x8448_y13056
2026-07-26 13:04:42,059 - m3_module.m3_cells_generator - INFO - All-positive 標註完成: 3 個細胞
2026-07-26 13:04:42,084 - m3_module.m3_cells_generator - INFO - enlarge_cell_instances: 3 顆細胞, factor=1.50(面積), 中位半徑=18.6px, 外擴=4.2px
2026-07-26 13:04:42,172 - m3_module.m3_dot_detection - INFO - detect_all_dots: 紅點=0, 黑點=0, 涉及細胞=3
2026-07-26 13:04:42,213 - m4_module.cell_crops - INFO - 匯出 0 張 per-cell 影像至 /data/taro_Projects/tsgh/output/r7_run/cell_crops/tile_x6912_y13056/cells
2026-07-26 13:04:42,213 - hybrid_pipeline - INFO - Tile tile_x6912_y13056 完成: 核心擁有 0 細胞 (0 陽性), 0.78 秒
2026-07-26 13:04:42,213 - hybrid_pipeline - INFO - [421/576] 處理 tile: tile_x9216_y13056
2026-07-26 13:04:42,241 - hybrid_pipeline - INFO - Tile tile_x8448_y13056: 核心遮罩全空 → 空白 placeholder
2026-07-26 13:04:42,260 - hybrid_pipeline - INFO - [422/576] 處理 tile: tile_x9984_y13056
2026-07-26 13:04:42,282 - hybrid_pipeline - INFO - Tile tile_x9216_y13056: 核心遮罩全空 → 空白 placeholder
2026-07-26 13:04:42,299 - hybrid_pipeline - INFO - [423/576] 處理 tile: tile_x11520_y13056
2026-07-26 13:04:42,323 - hybrid_pipeline - INFO - Tile tile_x9984_y13056: 核心遮罩全空 → 空白 placeholder
2026-07-26 13:04:42,337 - hybrid_pipeline - INFO - [424/576] 處理 tile: tile_x10752_y13056
2026-07-26 13:04:42,362 - hybrid_pipeline - INFO - Tile tile_x11520_y13056: 核心遮罩全空 → 空白 placeholder
2026-07-26 13:04:42,376 - hybrid_pipeline - INFO - [425/576] 處理 tile: tile_x12288_y13056
2026-07-26 13:04:42,401 - hybrid_pipeline - INFO - Tile tile_x10752_y13056: 核心遮罩全空 → 空白 placeholder
2026-07-26 13:04:42,414 - hybrid_pipeline - INFO - [426/576] 處理 tile: tile_x13056_y13056
2026-07-26 13:04:42,438 - hybrid_pipeline - INFO - Tile tile_x12288_y13056: 核心遮罩全空 → 空白 placeholder
2026-07-26 13:04:42,451 - hybrid_pipeline - INFO - [427/576] 處理 tile: tile_x13824_y13056
2026-07-26 13:04:42,474 - hybrid_pipeline - INFO - Tile tile_x13056_y13056: 核心遮罩全空 → 空白 placeholder
2026-07-26 13:04:42,489 - hybrid_pipeline - INFO - [428/576] 處理 tile: tile_x14592_y13056
2026-07-26 13:04:42,513 - hybrid_pipeline - INFO - Tile tile_x13824_y13056: 核心遮罩全空 → 空白 placeholder
2026-07-26 13:04:42,526 - hybrid_pipeline - INFO - [429/576] 處理 tile: tile_x15360_y13056
2026-07-26 13:04:42,549 - hybrid_pipeline - INFO - Tile tile_x14592_y13056: 核心遮罩全空 → 空白 placeholder
2026-07-26 13:04:42,562 - hybrid_pipeline - INFO - [430/576] 處理 tile: tile_x16128_y13056
2026-07-26 13:04:42,586 - hybrid_pipeline - INFO - Tile tile_x15360_y13056: 核心遮罩全空 → 空白 placeholder
2026-07-26 13:04:42,600 - hybrid_pipeline - INFO - [431/576] 處理 tile: tile_x17664_y13056
2026-07-26 13:04:42,623 - hybrid_pipeline - INFO - Tile tile_x16128_y13056: 核心遮罩全空 → 空白 placeholder
2026-07-26 13:04:42,637 - hybrid_pipeline - INFO - [432/576] 處理 tile: tile_x16896_y13056
2026-07-26 13:04:42,661 - hybrid_pipeline - INFO - Tile tile_x17664_y13056: 核心遮罩全空 → 空白 placeholder
2026-07-26 13:04:42,675 - hybrid_pipeline - INFO - [433/576] 處理 tile: tile_x768_y13824
2026-07-26 13:04:42,698 - hybrid_pipeline - INFO - Tile tile_x16896_y13056: 核心遮罩全空 → 空白 placeholder
2026-07-26 13:04:43,329 - hybrid_pipeline - INFO - [434/576] 處理 tile: tile_x0_y13824
2026-07-26 13:04:43,360 - m3_module.m3_cells_generator - INFO - All-positive 標註完成: 135 個細胞
2026-07-26 13:04:43,417 - m3_module.m3_cells_generator - INFO - enlarge_cell_instances: 135 顆細胞, factor=1.50(面積), 中位半徑=26.3px, 外擴=5.9px
2026-07-26 13:04:43,452 - m3_module.m3_elastic_matching - INFO - elastic_dish_nucleus_matching(overlap-first): IHC=135, DISH=72, matched(1核)=46 (其中重疊=45), drop-out(競爭落敗)=10, 無候選(計入)=79, factor=1.50, min_reach=20.0
2026-07-26 13:04:43,715 - m3_module.m3_dot_detection - INFO - detect_all_dots: 紅點=66, 黑點=83, 涉及細胞=135
2026-07-26 13:04:44,100 - m4_module.cell_crops - INFO - 匯出 81 張 per-cell 影像至 /data/taro_Projects/tsgh/output/r7_run/cell_crops/tile_x768_y13824/cells
2026-07-26 13:04:44,100 - hybrid_pipeline - INFO - Tile tile_x768_y13824 完成: 核心擁有 81 細胞 (81 陽性), 1.43 秒
2026-07-26 13:04:44,100 - hybrid_pipeline - INFO - [435/576] 處理 tile: tile_x2304_y13824
2026-07-26 13:04:44,124 - m3_module.m3_cells_generator - INFO - All-positive 標註完成: 115 個細胞
2026-07-26 13:04:44,183 - m3_module.m3_cells_generator - INFO - enlarge_cell_instances: 115 顆細胞, factor=1.50(面積), 中位半徑=30.0px, 外擴=6.7px
2026-07-26 13:04:44,215 - m3_module.m3_elastic_matching - INFO - elastic_dish_nucleus_matching(overlap-first): IHC=115, DISH=50, matched(1核)=33 (其中重疊=32), drop-out(競爭落敗)=11, 無候選(計入)=71, factor=1.50, min_reach=20.0
2026-07-26 13:04:44,417 - m3_module.m3_dot_detection - INFO - detect_all_dots: 紅點=31, 黑點=44, 涉及細胞=115
2026-07-26 13:04:44,795 - m4_module.cell_crops - INFO - 匯出 63 張 per-cell 影像至 /data/taro_Projects/tsgh/output/r7_run/cell_crops/tile_x0_y13824/cells
2026-07-26 13:04:44,795 - hybrid_pipeline - INFO - Tile tile_x0_y13824 完成: 核心擁有 63 細胞 (63 陽性), 1.47 秒
2026-07-26 13:04:44,807 - hybrid_pipeline - INFO - [436/576] 處理 tile: tile_x1536_y13824
2026-07-26 13:04:44,832 - m3_module.m3_cells_generator - INFO - All-positive 標註完成: 98 個細胞
2026-07-26 13:04:44,886 - m3_module.m3_cells_generator - INFO - enlarge_cell_instances: 98 顆細胞, factor=1.50(面積), 中位半徑=22.8px, 外擴=5.1px
2026-07-26 13:04:44,916 - m3_module.m3_elastic_matching - INFO - elastic_dish_nucleus_matching(overlap-first): IHC=98, DISH=25, matched(1核)=20 (其中重疊=20), drop-out(競爭落敗)=12, 無候選(計入)=66, factor=1.50, min_reach=20.0
2026-07-26 13:04:45,083 - m3_module.m3_dot_detection - INFO - detect_all_dots: 紅點=30, 黑點=38, 涉及細胞=98
2026-07-26 13:04:45,325 - m4_module.cell_crops - INFO - 匯出 75 張 per-cell 影像至 /data/taro_Projects/tsgh/output/r7_run/cell_crops/tile_x2304_y13824/cells
2026-07-26 13:04:45,325 - hybrid_pipeline - INFO - Tile tile_x2304_y13824 完成: 核心擁有 75 細胞 (75 陽性), 1.22 秒
2026-07-26 13:04:45,473 - hybrid_pipeline - INFO - [437/576] 處理 tile: tile_x4608_y13824
2026-07-26 13:04:45,502 - m3_module.m3_cells_generator - INFO - All-positive 標註完成: 103 個細胞
2026-07-26 13:04:45,557 - m3_module.m3_cells_generator - INFO - enlarge_cell_instances: 103 顆細胞, factor=1.50(面積), 中位半徑=27.0px, 外擴=6.1px
2026-07-26 13:04:45,587 - m3_module.m3_elastic_matching - INFO - elastic_dish_nucleus_matching(overlap-first): IHC=103, DISH=66, matched(1核)=46 (其中重疊=46), drop-out(競爭落敗)=12, 無候選(計入)=45, factor=1.50, min_reach=20.0
2026-07-26 13:04:45,898 - m3_module.m3_dot_detection - INFO - detect_all_dots: 紅點=94, 黑點=121, 涉及細胞=103
2026-07-26 13:04:46,181 - m4_module.cell_crops - INFO - 匯出 48 張 per-cell 影像至 /data/taro_Projects/tsgh/output/r7_run/cell_crops/tile_x1536_y13824/cells
2026-07-26 13:04:46,181 - hybrid_pipeline - INFO - Tile tile_x1536_y13824 完成: 核心擁有 48 細胞 (48 陽性), 1.37 秒
2026-07-26 13:04:46,203 - hybrid_pipeline - INFO - [438/576] 處理 tile: tile_x3072_y13824
2026-07-26 13:04:46,228 - m3_module.m3_cells_generator - INFO - All-positive 標註完成: 136 個細胞
2026-07-26 13:04:46,284 - m3_module.m3_cells_generator - INFO - enlarge_cell_instances: 136 顆細胞, factor=1.50(面積), 中位半徑=22.3px, 外擴=5.0px
2026-07-26 13:04:46,312 - m3_module.m3_elastic_matching - INFO - elastic_dish_nucleus_matching(overlap-first): IHC=136, DISH=24, matched(1核)=19 (其中重疊=19), drop-out(競爭落敗)=4, 無候選(計入)=113, factor=1.50, min_reach=20.0
2026-07-26 13:04:46,465 - m3_module.m3_dot_detection - INFO - detect_all_dots: 紅點=22, 黑點=30, 涉及細胞=136
2026-07-26 13:04:46,756 - m4_module.cell_crops - INFO - 匯出 83 張 per-cell 影像至 /data/taro_Projects/tsgh/output/r7_run/cell_crops/tile_x4608_y13824/cells
2026-07-26 13:04:46,757 - hybrid_pipeline - INFO - Tile tile_x4608_y13824 完成: 核心擁有 83 細胞 (83 陽性), 1.28 秒
2026-07-26 13:04:46,837 - hybrid_pipeline - INFO - [439/576] 處理 tile: tile_x3840_y13824
2026-07-26 13:04:46,867 - m3_module.m3_cells_generator - INFO - All-positive 標註完成: 67 個細胞
2026-07-26 13:04:46,919 - m3_module.m3_cells_generator - INFO - enlarge_cell_instances: 67 顆細胞, factor=1.50(面積), 中位半徑=24.4px, 外擴=5.5px
2026-07-26 13:04:46,945 - m3_module.m3_elastic_matching - INFO - elastic_dish_nucleus_matching(overlap-first): IHC=67, DISH=19, matched(1核)=13 (其中重疊=13), drop-out(競爭落敗)=4, 無候選(計入)=50, factor=1.50, min_reach=20.0
2026-07-26 13:04:47,071 - m3_module.m3_dot_detection - INFO - detect_all_dots: 紅點=14, 黑點=16, 涉及細胞=67
2026-07-26 13:04:47,279 - m4_module.cell_crops - INFO - 匯出 26 張 per-cell 影像至 /data/taro_Projects/tsgh/output/r7_run/cell_crops/tile_x3072_y13824/cells
2026-07-26 13:04:47,279 - hybrid_pipeline - INFO - Tile tile_x3072_y13824 完成: 核心擁有 26 細胞 (26 陽性), 1.08 秒
2026-07-26 13:04:47,459 - hybrid_pipeline - INFO - [440/576] 處理 tile: tile_x5376_y13824
2026-07-26 13:04:47,489 - m3_module.m3_cells_generator - INFO - All-positive 標註完成: 71 個細胞
2026-07-26 13:04:47,543 - m3_module.m3_cells_generator - INFO - enlarge_cell_instances: 71 顆細胞, factor=1.50(面積), 中位半徑=20.6px, 外擴=4.6px
2026-07-26 13:04:47,567 - m3_module.m3_elastic_matching - INFO - elastic_dish_nucleus_matching(overlap-first): IHC=71, DISH=11, matched(1核)=10 (其中重疊=10), drop-out(競爭落敗)=0, 無候選(計入)=61, factor=1.50, min_reach=20.0
2026-07-26 13:04:47,683 - m3_module.m3_dot_detection - INFO - detect_all_dots: 紅點=8, 黑點=15, 涉及細胞=71
2026-07-26 13:04:47,908 - m4_module.cell_crops - INFO - 匯出 34 張 per-cell 影像至 /data/taro_Projects/tsgh/output/r7_run/cell_crops/tile_x3840_y13824/cells
2026-07-26 13:04:47,908 - hybrid_pipeline - INFO - Tile tile_x3840_y13824 完成: 核心擁有 34 細胞 (34 陽性), 1.07 秒
2026-07-26 13:04:48,079 - hybrid_pipeline - INFO - [441/576] 處理 tile: tile_x6144_y13824
2026-07-26 13:04:48,108 - m3_module.m3_cells_generator - INFO - All-positive 標註完成: 80 個細胞
2026-07-26 13:04:48,155 - m3_module.m3_cells_generator - INFO - enlarge_cell_instances: 80 顆細胞, factor=1.50(面積), 中位半徑=23.8px, 外擴=5.3px
2026-07-26 13:04:48,180 - m3_module.m3_elastic_matching - INFO - elastic_dish_nucleus_matching(overlap-first): IHC=80, DISH=3, matched(1核)=2 (其中重疊=2), drop-out(競爭落敗)=2, 無候選(計入)=76, factor=1.50, min_reach=20.0
2026-07-26 13:04:48,273 - m3_module.m3_dot_detection - INFO - detect_all_dots: 紅點=1, 黑點=0, 涉及細胞=80
2026-07-26 13:04:48,474 - m4_module.cell_crops - INFO - 匯出 45 張 per-cell 影像至 /data/taro_Projects/tsgh/output/r7_run/cell_crops/tile_x5376_y13824/cells
2026-07-26 13:04:48,474 - hybrid_pipeline - INFO - Tile tile_x5376_y13824 完成: 核心擁有 45 細胞 (45 陽性), 1.01 秒
2026-07-26 13:04:48,663 - hybrid_pipeline - INFO - [442/576] 處理 tile: tile_x6912_y13824
2026-07-26 13:04:48,693 - m3_module.m3_cells_generator - INFO - All-positive 標註完成: 6 個細胞
2026-07-26 13:04:48,724 - m3_module.m3_cells_generator - INFO - enlarge_cell_instances: 6 顆細胞, factor=1.50(面積), 中位半徑=21.6px, 外擴=4.9px
2026-07-26 13:04:48,814 - m3_module.m3_dot_detection - INFO - detect_all_dots: 紅點=0, 黑點=0, 涉及細胞=6
2026-07-26 13:04:48,866 - m4_module.cell_crops - INFO - 匯出 5 張 per-cell 影像至 /data/taro_Projects/tsgh/output/r7_run/cell_crops/tile_x6144_y13824/cells
2026-07-26 13:04:48,866 - hybrid_pipeline - INFO - Tile tile_x6144_y13824 完成: 核心擁有 5 細胞 (5 陽性), 0.79 秒
2026-07-26 13:04:48,909 - cellpose.dynamics - INFO - No cell pixels found.
2026-07-26 13:04:49,216 - hybrid_pipeline - INFO - [443/576] 處理 tile: tile_x7680_y13824
2026-07-26 13:04:49,227 - m3_module.m3_cells_generator - INFO - All-positive 標註完成: 0 個細胞
2026-07-26 13:04:49,336 - m3_module.m3_dot_detection - INFO - detect_all_dots: 紅點=0, 黑點=0, 涉及細胞=0
2026-07-26 13:04:49,368 - m4_module.cell_crops - INFO - 匯出 0 張 per-cell 影像至 /data/taro_Projects/tsgh/output/r7_run/cell_crops/tile_x6912_y13824/cells
2026-07-26 13:04:49,368 - hybrid_pipeline - INFO - Tile tile_x6912_y13824 完成: 核心擁有 0 細胞 (0 陽性), 0.70 秒
2026-07-26 13:04:49,490 - cellpose.dynamics - INFO - No cell pixels found.
2026-07-26 13:04:49,798 - hybrid_pipeline - INFO - [444/576] 處理 tile: tile_x8448_y13824
2026-07-26 13:04:49,810 - m3_module.m3_cells_generator - INFO - All-positive 標註完成: 0 個細胞
2026-07-26 13:04:49,898 - m3_module.m3_dot_detection - INFO - detect_all_dots: 紅點=0, 黑點=0, 涉及細胞=0
2026-07-26 13:04:49,929 - m4_module.cell_crops - INFO - 匯出 0 張 per-cell 影像至 /data/taro_Projects/tsgh/output/r7_run/cell_crops/tile_x7680_y13824/cells
2026-07-26 13:04:49,929 - hybrid_pipeline - INFO - Tile tile_x7680_y13824 完成: 核心擁有 0 細胞 (0 陽性), 0.71 秒
2026-07-26 13:04:49,929 - hybrid_pipeline - INFO - [445/576] 處理 tile: tile_x9216_y13824
2026-07-26 13:04:49,954 - hybrid_pipeline - INFO - Tile tile_x8448_y13824: 核心遮罩全空 → 空白 placeholder
2026-07-26 13:04:49,975 - hybrid_pipeline - INFO - [446/576] 處理 tile: tile_x9984_y13824
2026-07-26 13:04:49,998 - hybrid_pipeline - INFO - Tile tile_x9216_y13824: 核心遮罩全空 → 空白 placeholder
2026-07-26 13:04:50,015 - hybrid_pipeline - INFO - [447/576] 處理 tile: tile_x11520_y13824
2026-07-26 13:04:50,039 - hybrid_pipeline - INFO - Tile tile_x9984_y13824: 核心遮罩全空 → 空白 placeholder
2026-07-26 13:04:50,052 - hybrid_pipeline - INFO - [448/576] 處理 tile: tile_x10752_y13824
2026-07-26 13:04:50,075 - hybrid_pipeline - INFO - Tile tile_x11520_y13824: 核心遮罩全空 → 空白 placeholder
2026-07-26 13:04:50,089 - hybrid_pipeline - INFO - [449/576] 處理 tile: tile_x12288_y13824
2026-07-26 13:04:50,112 - hybrid_pipeline - INFO - Tile tile_x10752_y13824: 核心遮罩全空 → 空白 placeholder
2026-07-26 13:04:50,127 - hybrid_pipeline - INFO - [450/576] 處理 tile: tile_x13824_y13824
2026-07-26 13:04:50,151 - hybrid_pipeline - INFO - Tile tile_x12288_y13824: 核心遮罩全空 → 空白 placeholder
2026-07-26 13:04:50,164 - hybrid_pipeline - INFO - [451/576] 處理 tile: tile_x13056_y13824
2026-07-26 13:04:50,191 - hybrid_pipeline - INFO - Tile tile_x13824_y13824: 核心遮罩全空 → 空白 placeholder
2026-07-26 13:04:50,202 - hybrid_pipeline - INFO - [452/576] 處理 tile: tile_x14592_y13824
2026-07-26 13:04:50,226 - hybrid_pipeline - INFO - Tile tile_x13056_y13824: 核心遮罩全空 → 空白 placeholder
2026-07-26 13:04:50,239 - hybrid_pipeline - INFO - [453/576] 處理 tile: tile_x15360_y13824
2026-07-26 13:04:50,263 - hybrid_pipeline - INFO - Tile tile_x14592_y13824: 核心遮罩全空 → 空白 placeholder
2026-07-26 13:04:50,276 - hybrid_pipeline - INFO - [454/576] 處理 tile: tile_x16128_y13824
2026-07-26 13:04:50,303 - hybrid_pipeline - INFO - Tile tile_x15360_y13824: 核心遮罩全空 → 空白 placeholder
2026-07-26 13:04:50,314 - hybrid_pipeline - INFO - [455/576] 處理 tile: tile_x16896_y13824
2026-07-26 13:04:50,337 - hybrid_pipeline - INFO - Tile tile_x16128_y13824: 核心遮罩全空 → 空白 placeholder
2026-07-26 13:04:50,350 - hybrid_pipeline - INFO - [456/576] 處理 tile: tile_x17664_y13824
2026-07-26 13:04:50,376 - hybrid_pipeline - INFO - Tile tile_x16896_y13824: 核心遮罩全空 → 空白 placeholder
2026-07-26 13:04:50,386 - hybrid_pipeline - INFO - [457/576] 處理 tile: tile_x0_y14592
2026-07-26 13:04:50,410 - hybrid_pipeline - INFO - Tile tile_x17664_y13824: 核心遮罩全空 → 空白 placeholder
2026-07-26 13:04:51,033 - hybrid_pipeline - INFO - [458/576] 處理 tile: tile_x768_y14592
2026-07-26 13:04:51,063 - m3_module.m3_cells_generator - INFO - All-positive 標註完成: 52 個細胞
2026-07-26 13:04:51,115 - m3_module.m3_cells_generator - INFO - enlarge_cell_instances: 52 顆細胞, factor=1.50(面積), 中位半徑=28.5px, 外擴=6.4px
2026-07-26 13:04:51,145 - m3_module.m3_elastic_matching - INFO - elastic_dish_nucleus_matching(overlap-first): IHC=52, DISH=14, matched(1核)=13 (其中重疊=13), drop-out(競爭落敗)=6, 無候選(計入)=33, factor=1.50, min_reach=20.0
2026-07-26 13:04:51,267 - m3_module.m3_dot_detection - INFO - detect_all_dots: 紅點=13, 黑點=16, 涉及細胞=52
2026-07-26 13:04:51,457 - m4_module.cell_crops - INFO - 匯出 34 張 per-cell 影像至 /data/taro_Projects/tsgh/output/r7_run/cell_crops/tile_x0_y14592/cells
2026-07-26 13:04:51,458 - hybrid_pipeline - INFO - Tile tile_x0_y14592 完成: 核心擁有 34 細胞 (34 陽性), 1.07 秒
2026-07-26 13:04:51,671 - hybrid_pipeline - INFO - [459/576] 處理 tile: tile_x2304_y14592
2026-07-26 13:04:51,700 - m3_module.m3_cells_generator - INFO - All-positive 標註完成: 57 個細胞
2026-07-26 13:04:51,753 - m3_module.m3_cells_generator - INFO - enlarge_cell_instances: 57 顆細胞, factor=1.50(面積), 中位半徑=32.0px, 外擴=7.2px
2026-07-26 13:04:51,778 - m3_module.m3_elastic_matching - INFO - elastic_dish_nucleus_matching(overlap-first): IHC=57, DISH=20, matched(1核)=18 (其中重疊=18), drop-out(競爭落敗)=7, 無候選(計入)=32, factor=1.50, min_reach=20.0
2026-07-26 13:04:51,928 - m3_module.m3_dot_detection - INFO - detect_all_dots: 紅點=26, 黑點=33, 涉及細胞=57
2026-07-26 13:04:52,154 - m4_module.cell_crops - INFO - 匯出 30 張 per-cell 影像至 /data/taro_Projects/tsgh/output/r7_run/cell_crops/tile_x768_y14592/cells
2026-07-26 13:04:52,154 - hybrid_pipeline - INFO - Tile tile_x768_y14592 完成: 核心擁有 30 細胞 (30 陽性), 1.12 秒
2026-07-26 13:04:52,318 - hybrid_pipeline - INFO - [460/576] 處理 tile: tile_x1536_y14592
2026-07-26 13:04:52,348 - m3_module.m3_cells_generator - INFO - All-positive 標註完成: 94 個細胞
2026-07-26 13:04:52,403 - m3_module.m3_cells_generator - INFO - enlarge_cell_instances: 94 顆細胞, factor=1.50(面積), 中位半徑=23.4px, 外擴=5.3px
2026-07-26 13:04:52,432 - m3_module.m3_elastic_matching - INFO - elastic_dish_nucleus_matching(overlap-first): IHC=94, DISH=76, matched(1核)=36 (其中重疊=36), drop-out(競爭落敗)=2, 無候選(計入)=56, factor=1.50, min_reach=20.0
2026-07-26 13:04:52,623 - m3_module.m3_dot_detection - INFO - detect_all_dots: 紅點=36, 黑點=44, 涉及細胞=94
2026-07-26 13:04:52,919 - m4_module.cell_crops - INFO - 匯出 55 張 per-cell 影像至 /data/taro_Projects/tsgh/output/r7_run/cell_crops/tile_x2304_y14592/cells
2026-07-26 13:04:52,919 - hybrid_pipeline - INFO - Tile tile_x2304_y14592 完成: 核心擁有 55 細胞 (55 陽性), 1.25 秒
2026-07-26 13:04:53,003 - hybrid_pipeline - INFO - [461/576] 處理 tile: tile_x3840_y14592
2026-07-26 13:04:53,032 - m3_module.m3_cells_generator - INFO - All-positive 標註完成: 67 個細胞
2026-07-26 13:04:53,086 - m3_module.m3_cells_generator - INFO - enlarge_cell_instances: 67 顆細胞, factor=1.50(面積), 中位半徑=28.1px, 外擴=6.3px
2026-07-26 13:04:53,113 - m3_module.m3_elastic_matching - INFO - elastic_dish_nucleus_matching(overlap-first): IHC=67, DISH=38, matched(1核)=28 (其中重疊=28), drop-out(競爭落敗)=3, 無候選(計入)=36, factor=1.50, min_reach=20.0
2026-07-26 13:04:53,290 - m3_module.m3_dot_detection - INFO - detect_all_dots: 紅點=29, 黑點=48, 涉及細胞=67
2026-07-26 13:04:53,509 - m4_module.cell_crops - INFO - 匯出 23 張 per-cell 影像至 /data/taro_Projects/tsgh/output/r7_run/cell_crops/tile_x1536_y14592/cells
2026-07-26 13:04:53,509 - hybrid_pipeline - INFO - Tile tile_x1536_y14592 完成: 核心擁有 23 細胞 (23 陽性), 1.19 秒
2026-07-26 13:04:53,653 - hybrid_pipeline - INFO - [462/576] 處理 tile: tile_x3072_y14592
2026-07-26 13:04:53,683 - m3_module.m3_cells_generator - INFO - All-positive 標註完成: 66 個細胞
2026-07-26 13:04:53,735 - m3_module.m3_cells_generator - INFO - enlarge_cell_instances: 66 顆細胞, factor=1.50(面積), 中位半徑=23.6px, 外擴=5.3px
2026-07-26 13:04:53,760 - m3_module.m3_elastic_matching - INFO - elastic_dish_nucleus_matching(overlap-first): IHC=66, DISH=11, matched(1核)=6 (其中重疊=6), drop-out(競爭落敗)=2, 無候選(計入)=58, factor=1.50, min_reach=20.0
2026-07-26 13:04:53,867 - m3_module.m3_dot_detection - INFO - detect_all_dots: 紅點=4, 黑點=5, 涉及細胞=66
2026-07-26 13:04:54,070 - m4_module.cell_crops - INFO - 匯出 39 張 per-cell 影像至 /data/taro_Projects/tsgh/output/r7_run/cell_crops/tile_x3840_y14592/cells
2026-07-26 13:04:54,070 - hybrid_pipeline - INFO - Tile tile_x3840_y14592 完成: 核心擁有 39 細胞 (39 陽性), 1.07 秒
2026-07-26 13:04:54,298 - hybrid_pipeline - INFO - [463/576] 處理 tile: tile_x4608_y14592
2026-07-26 13:04:54,329 - m3_module.m3_cells_generator - INFO - All-positive 標註完成: 89 個細胞
2026-07-26 13:04:54,383 - m3_module.m3_cells_generator - INFO - enlarge_cell_instances: 89 顆細胞, factor=1.50(面積), 中位半徑=28.0px, 外擴=6.3px
2026-07-26 13:04:54,416 - m3_module.m3_elastic_matching - INFO - elastic_dish_nucleus_matching(overlap-first): IHC=89, DISH=29, matched(1核)=19 (其中重疊=18), drop-out(競爭落敗)=4, 無候選(計入)=66, factor=1.50, min_reach=20.0
2026-07-26 13:04:54,563 - m3_module.m3_dot_detection - INFO - detect_all_dots: 紅點=16, 黑點=24, 涉及細胞=89
2026-07-26 13:04:54,864 - m4_module.cell_crops - INFO - 匯出 58 張 per-cell 影像至 /data/taro_Projects/tsgh/output/r7_run/cell_crops/tile_x3072_y14592/cells
2026-07-26 13:04:54,864 - hybrid_pipeline - INFO - Tile tile_x3072_y14592 完成: 核心擁有 58 細胞 (58 陽性), 1.21 秒
2026-07-26 13:04:54,958 - hybrid_pipeline - INFO - [464/576] 處理 tile: tile_x5376_y14592
2026-07-26 13:04:54,990 - m3_module.m3_cells_generator - INFO - All-positive 標註完成: 80 個細胞
2026-07-26 13:04:55,043 - m3_module.m3_cells_generator - INFO - enlarge_cell_instances: 80 顆細胞, factor=1.50(面積), 中位半徑=19.9px, 外擴=4.5px
2026-07-26 13:04:55,070 - m3_module.m3_elastic_matching - INFO - elastic_dish_nucleus_matching(overlap-first): IHC=80, DISH=9, matched(1核)=8 (其中重疊=8), drop-out(競爭落敗)=1, 無候選(計入)=71, factor=1.50, min_reach=20.0
2026-07-26 13:04:55,188 - m3_module.m3_dot_detection - INFO - detect_all_dots: 紅點=6, 黑點=11, 涉及細胞=80
2026-07-26 13:04:55,392 - m4_module.cell_crops - INFO - 匯出 32 張 per-cell 影像至 /data/taro_Projects/tsgh/output/r7_run/cell_crops/tile_x4608_y14592/cells
2026-07-26 13:04:55,393 - hybrid_pipeline - INFO - Tile tile_x4608_y14592 完成: 核心擁有 32 細胞 (32 陽性), 1.09 秒
2026-07-26 13:04:55,606 - hybrid_pipeline - INFO - [465/576] 處理 tile: tile_x7680_y14592
2026-07-26 13:04:55,636 - m3_module.m3_cells_generator - INFO - All-positive 標註完成: 110 個細胞
2026-07-26 13:04:55,688 - m3_module.m3_cells_generator - INFO - enlarge_cell_instances: 110 顆細胞, factor=1.50(面積), 中位半徑=22.7px, 外擴=5.1px
2026-07-26 13:04:55,714 - m3_module.m3_elastic_matching - INFO - elastic_dish_nucleus_matching(overlap-first): IHC=110, DISH=10, matched(1核)=6 (其中重疊=6), drop-out(競爭落敗)=1, 無候選(計入)=103, factor=1.50, min_reach=20.0
2026-07-26 13:04:55,820 - m3_module.m3_dot_detection - INFO - detect_all_dots: 紅點=1, 黑點=6, 涉及細胞=110
2026-07-26 13:04:56,094 - m4_module.cell_crops - INFO - 匯出 63 張 per-cell 影像至 /data/taro_Projects/tsgh/output/r7_run/cell_crops/tile_x5376_y14592/cells
2026-07-26 13:04:56,094 - hybrid_pipeline - INFO - Tile tile_x5376_y14592 完成: 核心擁有 63 細胞 (63 陽性), 1.14 秒
2026-07-26 13:04:56,247 - hybrid_pipeline - INFO - [466/576] 處理 tile: tile_x6144_y14592
2026-07-26 13:04:56,270 - m3_module.m3_cells_generator - INFO - All-positive 標註完成: 37 個細胞
2026-07-26 13:04:56,316 - m3_module.m3_cells_generator - INFO - enlarge_cell_instances: 37 顆細胞, factor=1.50(面積), 中位半徑=25.2px, 外擴=5.7px
2026-07-26 13:04:56,342 - m3_module.m3_elastic_matching - INFO - elastic_dish_nucleus_matching(overlap-first): IHC=37, DISH=30, matched(1核)=22 (其中重疊=22), drop-out(競爭落敗)=3, 無候選(計入)=12, factor=1.50, min_reach=20.0
2026-07-26 13:04:56,564 - m3_module.m3_dot_detection - INFO - detect_all_dots: 紅點=54, 黑點=69, 涉及細胞=37
2026-07-26 13:04:56,744 - m4_module.cell_crops - INFO - 匯出 24 張 per-cell 影像至 /data/taro_Projects/tsgh/output/r7_run/cell_crops/tile_x7680_y14592/cells
2026-07-26 13:04:56,744 - hybrid_pipeline - INFO - Tile tile_x7680_y14592 完成: 核心擁有 24 細胞 (24 陽性), 1.14 秒
2026-07-26 13:04:56,910 - hybrid_pipeline - INFO - [467/576] 處理 tile: tile_x6912_y14592
2026-07-26 13:04:56,944 - m3_module.m3_cells_generator - INFO - All-positive 標註完成: 5 個細胞
2026-07-26 13:04:56,975 - m3_module.m3_cells_generator - INFO - enlarge_cell_instances: 5 顆細胞, factor=1.50(面積), 中位半徑=31.7px, 外擴=7.1px
2026-07-26 13:04:57,068 - m3_module.m3_dot_detection - INFO - detect_all_dots: 紅點=0, 黑點=0, 涉及細胞=5
2026-07-26 13:04:57,121 - m4_module.cell_crops - INFO - 匯出 0 張 per-cell 影像至 /data/taro_Projects/tsgh/output/r7_run/cell_crops/tile_x6144_y14592/cells
2026-07-26 13:04:57,121 - hybrid_pipeline - INFO - Tile tile_x6144_y14592 完成: 核心擁有 0 細胞 (0 陽性), 0.87 秒
2026-07-26 13:04:57,511 - hybrid_pipeline - INFO - [468/576] 處理 tile: tile_x8448_y14592
2026-07-26 13:04:57,541 - m3_module.m3_cells_generator - INFO - All-positive 標註完成: 19 個細胞
2026-07-26 13:04:57,580 - m3_module.m3_cells_generator - INFO - enlarge_cell_instances: 19 顆細胞, factor=1.50(面積), 中位半徑=25.0px, 外擴=5.6px
2026-07-26 13:04:57,603 - m3_module.m3_elastic_matching - INFO - elastic_dish_nucleus_matching(overlap-first): IHC=19, DISH=9, matched(1核)=5 (其中重疊=5), drop-out(競爭落敗)=1, 無候選(計入)=13, factor=1.50, min_reach=20.0
2026-07-26 13:04:57,716 - m3_module.m3_dot_detection - INFO - detect_all_dots: 紅點=8, 黑點=11, 涉及細胞=19
2026-07-26 13:04:57,855 - m4_module.cell_crops - INFO - 匯出 13 張 per-cell 影像至 /data/taro_Projects/tsgh/output/r7_run/cell_crops/tile_x6912_y14592/cells
2026-07-26 13:04:57,855 - hybrid_pipeline - INFO - Tile tile_x6912_y14592 完成: 核心擁有 13 細胞 (13 陽性), 0.95 秒
2026-07-26 13:04:58,182 - hybrid_pipeline - INFO - [469/576] 處理 tile: tile_x9216_y14592
2026-07-26 13:04:58,206 - m3_module.m3_cells_generator - INFO - All-positive 標註完成: 25 個細胞
2026-07-26 13:04:58,243 - m3_module.m3_cells_generator - INFO - enlarge_cell_instances: 25 顆細胞, factor=1.50(面積), 中位半徑=25.6px, 外擴=5.8px
2026-07-26 13:04:58,268 - m3_module.m3_elastic_matching - INFO - elastic_dish_nucleus_matching(overlap-first): IHC=25, DISH=26, matched(1核)=17 (其中重疊=17), drop-out(競爭落敗)=4, 無候選(計入)=4, factor=1.50, min_reach=20.0
2026-07-26 13:04:58,458 - m3_module.m3_dot_detection - INFO - detect_all_dots: 紅點=47, 黑點=68, 涉及細胞=25
2026-07-26 13:04:58,568 - m4_module.cell_crops - INFO - 匯出 9 張 per-cell 影像至 /data/taro_Projects/tsgh/output/r7_run/cell_crops/tile_x8448_y14592/cells
2026-07-26 13:04:58,569 - hybrid_pipeline - INFO - Tile tile_x8448_y14592 完成: 核心擁有 9 細胞 (9 陽性), 1.06 秒
2026-07-26 13:04:58,569 - hybrid_pipeline - INFO - [470/576] 處理 tile: tile_x9984_y14592
2026-07-26 13:04:58,593 - hybrid_pipeline - INFO - Tile tile_x9216_y14592: 核心遮罩全空 → 空白 placeholder
2026-07-26 13:04:58,610 - hybrid_pipeline - INFO - [471/576] 處理 tile: tile_x10752_y14592
2026-07-26 13:04:58,634 - hybrid_pipeline - INFO - Tile tile_x9984_y14592: 核心遮罩全空 → 空白 placeholder
2026-07-26 13:04:58,652 - hybrid_pipeline - INFO - [472/576] 處理 tile: tile_x11520_y14592
2026-07-26 13:04:58,677 - hybrid_pipeline - INFO - Tile tile_x10752_y14592: 核心遮罩全空 → 空白 placeholder
2026-07-26 13:04:58,692 - hybrid_pipeline - INFO - [473/576] 處理 tile: tile_x12288_y14592
2026-07-26 13:04:58,717 - hybrid_pipeline - INFO - Tile tile_x11520_y14592: 核心遮罩全空 → 空白 placeholder
2026-07-26 13:04:58,728 - hybrid_pipeline - INFO - [474/576] 處理 tile: tile_x13824_y14592
2026-07-26 13:04:58,752 - hybrid_pipeline - INFO - Tile tile_x12288_y14592: 核心遮罩全空 → 空白 placeholder
2026-07-26 13:04:58,765 - hybrid_pipeline - INFO - [475/576] 處理 tile: tile_x14592_y14592
2026-07-26 13:04:58,790 - hybrid_pipeline - INFO - Tile tile_x13824_y14592: 核心遮罩全空 → 空白 placeholder
2026-07-26 13:04:58,800 - hybrid_pipeline - INFO - [476/576] 處理 tile: tile_x16128_y14592
2026-07-26 13:04:58,824 - hybrid_pipeline - INFO - Tile tile_x14592_y14592: 核心遮罩全空 → 空白 placeholder
2026-07-26 13:04:58,835 - hybrid_pipeline - INFO - [477/576] 處理 tile: tile_x15360_y14592
2026-07-26 13:04:58,859 - hybrid_pipeline - INFO - Tile tile_x16128_y14592: 核心遮罩全空 → 空白 placeholder
2026-07-26 13:04:58,871 - hybrid_pipeline - INFO - [478/576] 處理 tile: tile_x17664_y14592
2026-07-26 13:04:58,896 - hybrid_pipeline - INFO - Tile tile_x15360_y14592: 核心遮罩全空 → 空白 placeholder
2026-07-26 13:04:58,908 - hybrid_pipeline - INFO - [479/576] 處理 tile: tile_x16896_y14592
2026-07-26 13:04:58,933 - hybrid_pipeline - INFO - Tile tile_x17664_y14592: 核心遮罩全空 → 空白 placeholder
2026-07-26 13:04:58,946 - hybrid_pipeline - INFO - [480/576] 處理 tile: tile_x13056_y14592
2026-07-26 13:04:58,973 - hybrid_pipeline - INFO - Tile tile_x16896_y14592: 核心遮罩全空 → 空白 placeholder
2026-07-26 13:04:58,985 - hybrid_pipeline - INFO - [481/576] 處理 tile: tile_x768_y15360
2026-07-26 13:04:59,009 - hybrid_pipeline - INFO - Tile tile_x13056_y14592: 核心遮罩全空 → 空白 placeholder
2026-07-26 13:04:59,588 - hybrid_pipeline - INFO - [482/576] 處理 tile: tile_x0_y15360
2026-07-26 13:04:59,612 - m3_module.m3_cells_generator - INFO - All-positive 標註完成: 8 個細胞
2026-07-26 13:04:59,644 - m3_module.m3_cells_generator - INFO - enlarge_cell_instances: 8 顆細胞, factor=1.50(面積), 中位半徑=15.1px, 外擴=3.4px
2026-07-26 13:04:59,669 - m3_module.m3_elastic_matching - INFO - elastic_dish_nucleus_matching(overlap-first): IHC=8, DISH=4, matched(1核)=3 (其中重疊=3), drop-out(競爭落敗)=1, 無候選(計入)=4, factor=1.50, min_reach=20.0
2026-07-26 13:04:59,769 - m3_module.m3_dot_detection - INFO - detect_all_dots: 紅點=3, 黑點=4, 涉及細胞=8
2026-07-26 13:04:59,843 - m4_module.cell_crops - INFO - 匯出 0 張 per-cell 影像至 /data/taro_Projects/tsgh/output/r7_run/cell_crops/tile_x768_y15360/cells
2026-07-26 13:04:59,843 - hybrid_pipeline - INFO - Tile tile_x768_y15360 完成: 核心擁有 0 細胞 (0 陽性), 0.86 秒
2026-07-26 13:05:00,227 - hybrid_pipeline - INFO - [483/576] 處理 tile: tile_x1536_y15360
2026-07-26 13:05:00,260 - m3_module.m3_cells_generator - INFO - All-positive 標註完成: 15 個細胞
2026-07-26 13:05:00,302 - m3_module.m3_cells_generator - INFO - enlarge_cell_instances: 15 顆細胞, factor=1.50(面積), 中位半徑=31.3px, 外擴=7.0px
2026-07-26 13:05:00,328 - m3_module.m3_elastic_matching - INFO - elastic_dish_nucleus_matching(overlap-first): IHC=15, DISH=17, matched(1核)=11 (其中重疊=11), drop-out(競爭落敗)=1, 無候選(計入)=3, factor=1.50, min_reach=20.0
2026-07-26 13:05:00,458 - m3_module.m3_dot_detection - INFO - detect_all_dots: 紅點=13, 黑點=19, 涉及細胞=15
2026-07-26 13:05:00,588 - m4_module.cell_crops - INFO - 匯出 11 張 per-cell 影像至 /data/taro_Projects/tsgh/output/r7_run/cell_crops/tile_x0_y15360/cells
2026-07-26 13:05:00,588 - hybrid_pipeline - INFO - Tile tile_x0_y15360 完成: 核心擁有 11 細胞 (11 陽性), 1.00 秒
2026-07-26 13:05:00,925 - hybrid_pipeline - INFO - [484/576] 處理 tile: tile_x3840_y15360
2026-07-26 13:05:00,955 - m3_module.m3_cells_generator - INFO - All-positive 標註完成: 106 個細胞
2026-07-26 13:05:01,008 - m3_module.m3_cells_generator - INFO - enlarge_cell_instances: 106 顆細胞, factor=1.50(面積), 中位半徑=28.6px, 外擴=6.4px
2026-07-26 13:05:01,038 - m3_module.m3_elastic_matching - INFO - elastic_dish_nucleus_matching(overlap-first): IHC=106, DISH=54, matched(1核)=42 (其中重疊=42), drop-out(競爭落敗)=14, 無候選(計入)=50, factor=1.50, min_reach=20.0
2026-07-26 13:05:01,279 - m3_module.m3_dot_detection - INFO - detect_all_dots: 紅點=52, 黑點=74, 涉及細胞=106
2026-07-26 13:05:01,602 - m4_module.cell_crops - INFO - 匯出 70 張 per-cell 影像至 /data/taro_Projects/tsgh/output/r7_run/cell_crops/tile_x1536_y15360/cells
2026-07-26 13:05:01,602 - hybrid_pipeline - INFO - Tile tile_x1536_y15360 完成: 核心擁有 70 細胞 (70 陽性), 1.37 秒
2026-07-26 13:05:01,636 - hybrid_pipeline - INFO - [485/576] 處理 tile: tile_x4608_y15360
2026-07-26 13:05:01,668 - m3_module.m3_cells_generator - INFO - All-positive 標註完成: 69 個細胞
2026-07-26 13:05:01,718 - m3_module.m3_cells_generator - INFO - enlarge_cell_instances: 69 顆細胞, factor=1.50(面積), 中位半徑=22.9px, 外擴=5.1px
2026-07-26 13:05:01,750 - m3_module.m3_elastic_matching - INFO - elastic_dish_nucleus_matching(overlap-first): IHC=69, DISH=5, matched(1核)=5 (其中重疊=5), drop-out(競爭落敗)=2, 無候選(計入)=62, factor=1.50, min_reach=20.0
2026-07-26 13:05:01,849 - m3_module.m3_dot_detection - INFO - detect_all_dots: 紅點=4, 黑點=6, 涉及細胞=69
2026-07-26 13:05:02,025 - m4_module.cell_crops - INFO - 匯出 37 張 per-cell 影像至 /data/taro_Projects/tsgh/output/r7_run/cell_crops/tile_x3840_y15360/cells
2026-07-26 13:05:02,025 - hybrid_pipeline - INFO - Tile tile_x3840_y15360 完成: 核心擁有 37 細胞 (37 陽性), 1.10 秒
2026-07-26 13:05:02,293 - hybrid_pipeline - INFO - [486/576] 處理 tile: tile_x5376_y15360
2026-07-26 13:05:02,324 - m3_module.m3_cells_generator - INFO - All-positive 標註完成: 130 個細胞
2026-07-26 13:05:02,383 - m3_module.m3_cells_generator - INFO - enlarge_cell_instances: 130 顆細胞, factor=1.50(面積), 中位半徑=22.4px, 外擴=5.0px
2026-07-26 13:05:02,413 - m3_module.m3_elastic_matching - INFO - elastic_dish_nucleus_matching(overlap-first): IHC=130, DISH=32, matched(1核)=22 (其中重疊=22), drop-out(競爭落敗)=7, 無候選(計入)=101, factor=1.50, min_reach=20.0
2026-07-26 13:05:02,560 - m3_module.m3_dot_detection - INFO - detect_all_dots: 紅點=15, 黑點=22, 涉及細胞=130
2026-07-26 13:05:02,932 - m4_module.cell_crops - INFO - 匯出 67 張 per-cell 影像至 /data/taro_Projects/tsgh/output/r7_run/cell_crops/tile_x4608_y15360/cells
2026-07-26 13:05:02,932 - hybrid_pipeline - INFO - Tile tile_x4608_y15360 完成: 核心擁有 67 細胞 (67 陽性), 1.30 秒
2026-07-26 13:05:02,967 - hybrid_pipeline - INFO - [487/576] 處理 tile: tile_x2304_y15360
2026-07-26 13:05:02,991 - m3_module.m3_cells_generator - INFO - All-positive 標註完成: 102 個細胞
2026-07-26 13:05:03,046 - m3_module.m3_cells_generator - INFO - enlarge_cell_instances: 102 顆細胞, factor=1.50(面積), 中位半徑=21.9px, 外擴=4.9px
2026-07-26 13:05:03,073 - m3_module.m3_elastic_matching - INFO - elastic_dish_nucleus_matching(overlap-first): IHC=102, DISH=14, matched(1核)=10 (其中重疊=10), drop-out(競爭落敗)=7, 無候選(計入)=85, factor=1.50, min_reach=20.0
2026-07-26 13:05:03,185 - m3_module.m3_dot_detection - INFO - detect_all_dots: 紅點=4, 黑點=8, 涉及細胞=102
2026-07-26 13:05:03,454 - m4_module.cell_crops - INFO - 匯出 64 張 per-cell 影像至 /data/taro_Projects/tsgh/output/r7_run/cell_crops/tile_x5376_y15360/cells
2026-07-26 13:05:03,455 - hybrid_pipeline - INFO - Tile tile_x5376_y15360 完成: 核心擁有 64 細胞 (64 陽性), 1.16 秒
2026-07-26 13:05:03,630 - hybrid_pipeline - INFO - [488/576] 處理 tile: tile_x3072_y15360
2026-07-26 13:05:03,659 - m3_module.m3_cells_generator - INFO - All-positive 標註完成: 124 個細胞
2026-07-26 13:05:03,711 - m3_module.m3_cells_generator - INFO - enlarge_cell_instances: 124 顆細胞, factor=1.50(面積), 中位半徑=28.7px, 外擴=6.4px
2026-07-26 13:05:03,741 - m3_module.m3_elastic_matching - INFO - elastic_dish_nucleus_matching(overlap-first): IHC=124, DISH=76, matched(1核)=47 (其中重疊=47), drop-out(競爭落敗)=5, 無候選(計入)=72, factor=1.50, min_reach=20.0
2026-07-26 13:05:03,968 - m3_module.m3_dot_detection - INFO - detect_all_dots: 紅點=52, 黑點=66, 涉及細胞=124
2026-07-26 13:05:04,313 - m4_module.cell_crops - INFO - 匯出 73 張 per-cell 影像至 /data/taro_Projects/tsgh/output/r7_run/cell_crops/tile_x2304_y15360/cells
2026-07-26 13:05:04,313 - hybrid_pipeline - INFO - Tile tile_x2304_y15360 完成: 核心擁有 73 細胞 (73 陽性), 1.35 秒
2026-07-26 13:05:04,313 - hybrid_pipeline - INFO - [489/576] 處理 tile: tile_x6912_y15360
2026-07-26 13:05:04,340 - m3_module.m3_cells_generator - INFO - All-positive 標註完成: 28 個細胞
2026-07-26 13:05:04,373 - m3_module.m3_cells_generator - INFO - enlarge_cell_instances: 28 顆細胞, factor=1.50(面積), 中位半徑=17.6px, 外擴=4.0px
2026-07-26 13:05:04,398 - m3_module.m3_elastic_matching - INFO - elastic_dish_nucleus_matching(overlap-first): IHC=28, DISH=11, matched(1核)=8 (其中重疊=8), drop-out(競爭落敗)=1, 無候選(計入)=19, factor=1.50, min_reach=20.0
2026-07-26 13:05:04,507 - m3_module.m3_dot_detection - INFO - detect_all_dots: 紅點=7, 黑點=5, 涉及細胞=28
2026-07-26 13:05:04,609 - m4_module.cell_crops - INFO - 匯出 2 張 per-cell 影像至 /data/taro_Projects/tsgh/output/r7_run/cell_crops/tile_x3072_y15360/cells
2026-07-26 13:05:04,609 - hybrid_pipeline - INFO - Tile tile_x3072_y15360 完成: 核心擁有 2 細胞 (2 陽性), 0.98 秒
2026-07-26 13:05:04,971 - hybrid_pipeline - INFO - [490/576] 處理 tile: tile_x6144_y15360
2026-07-26 13:05:05,002 - m3_module.m3_cells_generator - INFO - All-positive 標註完成: 88 個細胞
2026-07-26 13:05:05,055 - m3_module.m3_cells_generator - INFO - enlarge_cell_instances: 88 顆細胞, factor=1.50(面積), 中位半徑=21.0px, 外擴=4.7px
2026-07-26 13:05:05,084 - m3_module.m3_elastic_matching - INFO - elastic_dish_nucleus_matching(overlap-first): IHC=88, DISH=63, matched(1核)=38 (其中重疊=38), drop-out(競爭落敗)=4, 無候選(計入)=46, factor=1.50, min_reach=20.0
2026-07-26 13:05:05,319 - m3_module.m3_dot_detection - INFO - detect_all_dots: 紅點=46, 黑點=68, 涉及細胞=88
2026-07-26 13:05:05,587 - m4_module.cell_crops - INFO - 匯出 47 張 per-cell 影像至 /data/taro_Projects/tsgh/output/r7_run/cell_crops/tile_x6912_y15360/cells
2026-07-26 13:05:05,587 - hybrid_pipeline - INFO - Tile tile_x6912_y15360 完成: 核心擁有 47 細胞 (47 陽性), 1.27 秒
2026-07-26 13:05:05,671 - hybrid_pipeline - INFO - [491/576] 處理 tile: tile_x7680_y15360
2026-07-26 13:05:05,702 - m3_module.m3_cells_generator - INFO - All-positive 標註完成: 68 個細胞
2026-07-26 13:05:05,754 - m3_module.m3_cells_generator - INFO - enlarge_cell_instances: 68 顆細胞, factor=1.50(面積), 中位半徑=18.8px, 外擴=4.2px
2026-07-26 13:05:05,780 - m3_module.m3_elastic_matching - INFO - elastic_dish_nucleus_matching(overlap-first): IHC=68, DISH=5, matched(1核)=4 (其中重疊=4), drop-out(競爭落敗)=3, 無候選(計入)=61, factor=1.50, min_reach=20.0
2026-07-26 13:05:05,891 - m3_module.m3_dot_detection - INFO - detect_all_dots: 紅點=6, 黑點=7, 涉及細胞=68
2026-07-26 13:05:06,074 - m4_module.cell_crops - INFO - 匯出 28 張 per-cell 影像至 /data/taro_Projects/tsgh/output/r7_run/cell_crops/tile_x6144_y15360/cells
2026-07-26 13:05:06,074 - hybrid_pipeline - INFO - Tile tile_x6144_y15360 完成: 核心擁有 28 細胞 (28 陽性), 1.10 秒
2026-07-26 13:05:06,331 - hybrid_pipeline - INFO - [492/576] 處理 tile: tile_x8448_y15360
2026-07-26 13:05:06,364 - m3_module.m3_cells_generator - INFO - All-positive 標註完成: 53 個細胞
2026-07-26 13:05:06,414 - m3_module.m3_cells_generator - INFO - enlarge_cell_instances: 53 顆細胞, factor=1.50(面積), 中位半徑=21.5px, 外擴=4.8px
2026-07-26 13:05:06,442 - m3_module.m3_elastic_matching - INFO - elastic_dish_nucleus_matching(overlap-first): IHC=53, DISH=61, matched(1核)=34 (其中重疊=34), drop-out(競爭落敗)=5, 無候選(計入)=14, factor=1.50, min_reach=20.0
2026-07-26 13:05:06,700 - m3_module.m3_dot_detection - INFO - detect_all_dots: 紅點=64, 黑點=79, 涉及細胞=53
2026-07-26 13:05:06,902 - m4_module.cell_crops - INFO - 匯出 21 張 per-cell 影像至 /data/taro_Projects/tsgh/output/r7_run/cell_crops/tile_x7680_y15360/cells
2026-07-26 13:05:06,902 - hybrid_pipeline - INFO - Tile tile_x7680_y15360 完成: 核心擁有 21 細胞 (21 陽性), 1.23 秒
2026-07-26 13:05:07,055 - hybrid_pipeline - INFO - [493/576] 處理 tile: tile_x10752_y15360
2026-07-26 13:05:07,096 - m3_module.m3_cells_generator - INFO - All-positive 標註完成: 22 個細胞
2026-07-26 13:05:07,134 - m3_module.m3_cells_generator - INFO - enlarge_cell_instances: 22 顆細胞, factor=1.50(面積), 中位半徑=21.9px, 外擴=4.9px
2026-07-26 13:05:07,159 - m3_module.m3_elastic_matching - INFO - elastic_dish_nucleus_matching(overlap-first): IHC=22, DISH=30, matched(1核)=15 (其中重疊=15), drop-out(競爭落敗)=1, 無候選(計入)=6, factor=1.50, min_reach=20.0
2026-07-26 13:05:07,315 - m3_module.m3_dot_detection - INFO - detect_all_dots: 紅點=31, 黑點=48, 涉及細胞=22
2026-07-26 13:05:07,437 - m4_module.cell_crops - INFO - 匯出 10 張 per-cell 影像至 /data/taro_Projects/tsgh/output/r7_run/cell_crops/tile_x8448_y15360/cells
2026-07-26 13:05:07,438 - hybrid_pipeline - INFO - Tile tile_x8448_y15360 完成: 核心擁有 10 細胞 (10 陽性), 1.11 秒
2026-07-26 13:05:07,438 - hybrid_pipeline - INFO - [494/576] 處理 tile: tile_x11520_y15360
2026-07-26 13:05:07,464 - hybrid_pipeline - INFO - Tile tile_x10752_y15360: 核心遮罩全空 → 空白 placeholder
2026-07-26 13:05:07,481 - hybrid_pipeline - INFO - [495/576] 處理 tile: tile_x9984_y15360
2026-07-26 13:05:07,505 - hybrid_pipeline - INFO - Tile tile_x11520_y15360: 核心遮罩全空 → 空白 placeholder
2026-07-26 13:05:07,521 - hybrid_pipeline - INFO - [496/576] 處理 tile: tile_x9216_y15360
2026-07-26 13:05:07,544 - hybrid_pipeline - INFO - Tile tile_x9984_y15360: 核心遮罩全空 → 空白 placeholder
2026-07-26 13:05:07,560 - hybrid_pipeline - INFO - [497/576] 處理 tile: tile_x13056_y15360
2026-07-26 13:05:07,584 - hybrid_pipeline - INFO - Tile tile_x9216_y15360: 核心遮罩全空 → 空白 placeholder
2026-07-26 13:05:07,600 - hybrid_pipeline - INFO - [498/576] 處理 tile: tile_x12288_y15360
2026-07-26 13:05:07,626 - hybrid_pipeline - INFO - Tile tile_x13056_y15360: 核心遮罩全空 → 空白 placeholder
2026-07-26 13:05:07,642 - hybrid_pipeline - INFO - [499/576] 處理 tile: tile_x14592_y15360
2026-07-26 13:05:07,666 - hybrid_pipeline - INFO - Tile tile_x12288_y15360: 核心遮罩全空 → 空白 placeholder
2026-07-26 13:05:07,679 - hybrid_pipeline - INFO - [500/576] 處理 tile: tile_x15360_y15360
2026-07-26 13:05:07,704 - hybrid_pipeline - INFO - Tile tile_x14592_y15360: 核心遮罩全空 → 空白 placeholder
2026-07-26 13:05:07,719 - hybrid_pipeline - INFO - [501/576] 處理 tile: tile_x13824_y15360
2026-07-26 13:05:07,748 - hybrid_pipeline - INFO - Tile tile_x15360_y15360: 核心遮罩全空 → 空白 placeholder
2026-07-26 13:05:07,756 - hybrid_pipeline - INFO - [502/576] 處理 tile: tile_x16128_y15360
2026-07-26 13:05:07,783 - hybrid_pipeline - INFO - Tile tile_x13824_y15360: 核心遮罩全空 → 空白 placeholder
2026-07-26 13:05:07,793 - hybrid_pipeline - INFO - [503/576] 處理 tile: tile_x16896_y15360
2026-07-26 13:05:07,818 - hybrid_pipeline - INFO - Tile tile_x16128_y15360: 核心遮罩全空 → 空白 placeholder
2026-07-26 13:05:07,828 - hybrid_pipeline - INFO - [504/576] 處理 tile: tile_x17664_y15360
2026-07-26 13:05:07,852 - hybrid_pipeline - INFO - Tile tile_x16896_y15360: 核心遮罩全空 → 空白 placeholder
2026-07-26 13:05:07,863 - hybrid_pipeline - INFO - [505/576] 處理 tile: tile_x0_y16128
2026-07-26 13:05:07,891 - hybrid_pipeline - INFO - Tile tile_x17664_y15360: 核心遮罩全空 → 空白 placeholder
2026-07-26 13:05:08,504 - hybrid_pipeline - INFO - [506/576] 處理 tile: tile_x768_y16128
2026-07-26 13:05:08,532 - m3_module.m3_cells_generator - INFO - All-positive 標註完成: 76 個細胞
2026-07-26 13:05:08,585 - m3_module.m3_cells_generator - INFO - enlarge_cell_instances: 76 顆細胞, factor=1.50(面積), 中位半徑=30.5px, 外擴=6.9px
2026-07-26 13:05:08,619 - m3_module.m3_elastic_matching - INFO - elastic_dish_nucleus_matching(overlap-first): IHC=76, DISH=69, matched(1核)=47 (其中重疊=47), drop-out(競爭落敗)=7, 無候選(計入)=22, factor=1.50, min_reach=20.0
2026-07-26 13:05:08,836 - m3_module.m3_dot_detection - INFO - detect_all_dots: 紅點=42, 黑點=73, 涉及細胞=76
2026-07-26 13:05:09,134 - m4_module.cell_crops - INFO - 匯出 53 張 per-cell 影像至 /data/taro_Projects/tsgh/output/r7_run/cell_crops/tile_x0_y16128/cells
2026-07-26 13:05:09,134 - hybrid_pipeline - INFO - Tile tile_x0_y16128 完成: 核心擁有 53 細胞 (53 陽性), 1.27 秒
2026-07-26 13:05:09,170 - hybrid_pipeline - INFO - [507/576] 處理 tile: tile_x1536_y16128
2026-07-26 13:05:09,195 - m3_module.m3_cells_generator - INFO - All-positive 標註完成: 26 個細胞
2026-07-26 13:05:09,233 - m3_module.m3_cells_generator - INFO - enlarge_cell_instances: 26 顆細胞, factor=1.50(面積), 中位半徑=28.3px, 外擴=6.4px
2026-07-26 13:05:09,258 - m3_module.m3_elastic_matching - INFO - elastic_dish_nucleus_matching(overlap-first): IHC=26, DISH=21, matched(1核)=12 (其中重疊=12), drop-out(競爭落敗)=2, 無候選(計入)=12, factor=1.50, min_reach=20.0
2026-07-26 13:05:09,363 - m3_module.m3_dot_detection - INFO - detect_all_dots: 紅點=3, 黑點=10, 涉及細胞=26
2026-07-26 13:05:09,493 - m4_module.cell_crops - INFO - 匯出 10 張 per-cell 影像至 /data/taro_Projects/tsgh/output/r7_run/cell_crops/tile_x768_y16128/cells
2026-07-26 13:05:09,493 - hybrid_pipeline - INFO - Tile tile_x768_y16128 完成: 核心擁有 10 細胞 (10 陽性), 0.99 秒
2026-07-26 13:05:09,786 - hybrid_pipeline - INFO - [508/576] 處理 tile: tile_x2304_y16128
2026-07-26 13:05:09,817 - m3_module.m3_cells_generator - INFO - All-positive 標註完成: 61 個細胞
2026-07-26 13:05:09,862 - m3_module.m3_cells_generator - INFO - enlarge_cell_instances: 61 顆細胞, factor=1.50(面積), 中位半徑=27.2px, 外擴=6.1px
2026-07-26 13:05:09,888 - m3_module.m3_elastic_matching - INFO - elastic_dish_nucleus_matching(overlap-first): IHC=61, DISH=31, matched(1核)=19 (其中重疊=19), drop-out(競爭落敗)=3, 無候選(計入)=39, factor=1.50, min_reach=20.0
2026-07-26 13:05:10,030 - m3_module.m3_dot_detection - INFO - detect_all_dots: 紅點=19, 黑點=36, 涉及細胞=61
2026-07-26 13:05:10,212 - m4_module.cell_crops - INFO - 匯出 36 張 per-cell 影像至 /data/taro_Projects/tsgh/output/r7_run/cell_crops/tile_x1536_y16128/cells
2026-07-26 13:05:10,212 - hybrid_pipeline - INFO - Tile tile_x1536_y16128 完成: 核心擁有 36 細胞 (36 陽性), 1.04 秒
2026-07-26 13:05:10,398 - hybrid_pipeline - INFO - [509/576] 處理 tile: tile_x3072_y16128
2026-07-26 13:05:10,427 - m3_module.m3_cells_generator - INFO - All-positive 標註完成: 72 個細胞
2026-07-26 13:05:10,476 - m3_module.m3_cells_generator - INFO - enlarge_cell_instances: 72 顆細胞, factor=1.50(面積), 中位半徑=28.4px, 外擴=6.4px
2026-07-26 13:05:10,502 - m3_module.m3_elastic_matching - INFO - elastic_dish_nucleus_matching(overlap-first): IHC=72, DISH=35, matched(1核)=25 (其中重疊=25), drop-out(競爭落敗)=4, 無候選(計入)=43, factor=1.50, min_reach=20.0
2026-07-26 13:05:10,671 - m3_module.m3_dot_detection - INFO - detect_all_dots: 紅點=29, 黑點=44, 涉及細胞=72
2026-07-26 13:05:10,876 - m4_module.cell_crops - INFO - 匯出 40 張 per-cell 影像至 /data/taro_Projects/tsgh/output/r7_run/cell_crops/tile_x2304_y16128/cells
2026-07-26 13:05:10,876 - hybrid_pipeline - INFO - Tile tile_x2304_y16128 完成: 核心擁有 40 細胞 (40 陽性), 1.09 秒
2026-07-26 13:05:11,019 - hybrid_pipeline - INFO - [510/576] 處理 tile: tile_x3840_y16128
2026-07-26 13:05:11,049 - m3_module.m3_cells_generator - INFO - All-positive 標註完成: 52 個細胞
2026-07-26 13:05:11,095 - m3_module.m3_cells_generator - INFO - enlarge_cell_instances: 52 顆細胞, factor=1.50(面積), 中位半徑=21.7px, 外擴=4.9px
2026-07-26 13:05:11,121 - m3_module.m3_elastic_matching - INFO - elastic_dish_nucleus_matching(overlap-first): IHC=52, DISH=19, matched(1核)=15 (其中重疊=15), drop-out(競爭落敗)=6, 無候選(計入)=31, factor=1.50, min_reach=20.0
2026-07-26 13:05:11,272 - m3_module.m3_dot_detection - INFO - detect_all_dots: 紅點=25, 黑點=20, 涉及細胞=52
2026-07-26 13:05:11,431 - m4_module.cell_crops - INFO - 匯出 27 張 per-cell 影像至 /data/taro_Projects/tsgh/output/r7_run/cell_crops/tile_x3072_y16128/cells
2026-07-26 13:05:11,431 - hybrid_pipeline - INFO - Tile tile_x3072_y16128 完成: 核心擁有 27 細胞 (27 陽性), 1.03 秒
2026-07-26 13:05:11,667 - hybrid_pipeline - INFO - [511/576] 處理 tile: tile_x4608_y16128
2026-07-26 13:05:11,700 - m3_module.m3_cells_generator - INFO - All-positive 標註完成: 122 個細胞
2026-07-26 13:05:11,757 - m3_module.m3_cells_generator - INFO - enlarge_cell_instances: 122 顆細胞, factor=1.50(面積), 中位半徑=26.2px, 外擴=5.9px
2026-07-26 13:05:11,788 - m3_module.m3_elastic_matching - INFO - elastic_dish_nucleus_matching(overlap-first): IHC=122, DISH=55, matched(1核)=36 (其中重疊=34), drop-out(競爭落敗)=7, 無候選(計入)=79, factor=1.50, min_reach=20.0
2026-07-26 13:05:11,960 - m3_module.m3_dot_detection - INFO - detect_all_dots: 紅點=24, 黑點=29, 涉及細胞=122
2026-07-26 13:05:12,312 - m4_module.cell_crops - INFO - 匯出 78 張 per-cell 影像至 /data/taro_Projects/tsgh/output/r7_run/cell_crops/tile_x3840_y16128/cells
2026-07-26 13:05:12,312 - hybrid_pipeline - INFO - Tile tile_x3840_y16128 完成: 核心擁有 78 細胞 (78 陽性), 1.29 秒
2026-07-26 13:05:12,335 - hybrid_pipeline - INFO - [512/576] 處理 tile: tile_x5376_y16128
2026-07-26 13:05:12,359 - m3_module.m3_cells_generator - INFO - All-positive 標註完成: 95 個細胞
2026-07-26 13:05:12,414 - m3_module.m3_cells_generator - INFO - enlarge_cell_instances: 95 顆細胞, factor=1.50(面積), 中位半徑=29.5px, 外擴=6.6px
2026-07-26 13:05:12,441 - m3_module.m3_elastic_matching - INFO - elastic_dish_nucleus_matching(overlap-first): IHC=95, DISH=40, matched(1核)=24 (其中重疊=24), drop-out(競爭落敗)=2, 無候選(計入)=69, factor=1.50, min_reach=20.0
2026-07-26 13:05:12,581 - m3_module.m3_dot_detection - INFO - detect_all_dots: 紅點=20, 黑點=29, 涉及細胞=95
2026-07-26 13:05:12,879 - m4_module.cell_crops - INFO - 匯出 49 張 per-cell 影像至 /data/taro_Projects/tsgh/output/r7_run/cell_crops/tile_x4608_y16128/cells
2026-07-26 13:05:12,879 - hybrid_pipeline - INFO - Tile tile_x4608_y16128 完成: 核心擁有 49 細胞 (49 陽性), 1.21 秒
2026-07-26 13:05:12,951 - hybrid_pipeline - INFO - [513/576] 處理 tile: tile_x6144_y16128
2026-07-26 13:05:12,979 - m3_module.m3_cells_generator - INFO - All-positive 標註完成: 57 個細胞
2026-07-26 13:05:13,029 - m3_module.m3_cells_generator - INFO - enlarge_cell_instances: 57 顆細胞, factor=1.50(面積), 中位半徑=22.4px, 外擴=5.0px
2026-07-26 13:05:13,054 - m3_module.m3_elastic_matching - INFO - elastic_dish_nucleus_matching(overlap-first): IHC=57, DISH=12, matched(1核)=9 (其中重疊=9), drop-out(競爭落敗)=1, 無候選(計入)=47, factor=1.50, min_reach=20.0
2026-07-26 13:05:13,163 - m3_module.m3_dot_detection - INFO - detect_all_dots: 紅點=4, 黑點=10, 涉及細胞=57
2026-07-26 13:05:13,324 - m4_module.cell_crops - INFO - 匯出 19 張 per-cell 影像至 /data/taro_Projects/tsgh/output/r7_run/cell_crops/tile_x5376_y16128/cells
2026-07-26 13:05:13,324 - hybrid_pipeline - INFO - Tile tile_x5376_y16128 完成: 核心擁有 19 細胞 (19 陽性), 0.99 秒
2026-07-26 13:05:13,631 - hybrid_pipeline - INFO - [514/576] 處理 tile: tile_x6912_y16128
2026-07-26 13:05:13,660 - m3_module.m3_cells_generator - INFO - All-positive 標註完成: 145 個細胞
2026-07-26 13:05:13,716 - m3_module.m3_cells_generator - INFO - enlarge_cell_instances: 145 顆細胞, factor=1.50(面積), 中位半徑=23.0px, 外擴=5.2px
2026-07-26 13:05:13,744 - m3_module.m3_elastic_matching - INFO - elastic_dish_nucleus_matching(overlap-first): IHC=145, DISH=25, matched(1核)=20 (其中重疊=20), drop-out(競爭落敗)=7, 無候選(計入)=118, factor=1.50, min_reach=20.0
2026-07-26 13:05:13,887 - m3_module.m3_dot_detection - INFO - detect_all_dots: 紅點=16, 黑點=26, 涉及細胞=145
2026-07-26 13:05:14,260 - m4_module.cell_crops - INFO - 匯出 85 張 per-cell 影像至 /data/taro_Projects/tsgh/output/r7_run/cell_crops/tile_x6144_y16128/cells
2026-07-26 13:05:14,260 - hybrid_pipeline - INFO - Tile tile_x6144_y16128 完成: 核心擁有 85 細胞 (85 陽性), 1.31 秒
2026-07-26 13:05:14,318 - hybrid_pipeline - INFO - [515/576] 處理 tile: tile_x7680_y16128
2026-07-26 13:05:14,345 - m3_module.m3_cells_generator - INFO - All-positive 標註完成: 121 個細胞
2026-07-26 13:05:14,400 - m3_module.m3_cells_generator - INFO - enlarge_cell_instances: 121 顆細胞, factor=1.50(面積), 中位半徑=23.0px, 外擴=5.2px
2026-07-26 13:05:14,430 - m3_module.m3_elastic_matching - INFO - elastic_dish_nucleus_matching(overlap-first): IHC=121, DISH=106, matched(1核)=60 (其中重疊=60), drop-out(競爭落敗)=8, 無候選(計入)=53, factor=1.50, min_reach=20.0
2026-07-26 13:05:14,778 - m3_module.m3_dot_detection - INFO - detect_all_dots: 紅點=101, 黑點=142, 涉及細胞=121
2026-07-26 13:05:15,125 - m4_module.cell_crops - INFO - 匯出 70 張 per-cell 影像至 /data/taro_Projects/tsgh/output/r7_run/cell_crops/tile_x6912_y16128/cells
2026-07-26 13:05:15,126 - hybrid_pipeline - INFO - Tile tile_x6912_y16128 完成: 核心擁有 70 細胞 (70 陽性), 1.49 秒
2026-07-26 13:05:15,126 - hybrid_pipeline - INFO - [516/576] 處理 tile: tile_x8448_y16128
2026-07-26 13:05:15,149 - m3_module.m3_cells_generator - INFO - All-positive 標註完成: 51 個細胞
2026-07-26 13:05:15,195 - m3_module.m3_cells_generator - INFO - enlarge_cell_instances: 51 顆細胞, factor=1.50(面積), 中位半徑=21.3px, 外擴=4.8px
2026-07-26 13:05:15,221 - m3_module.m3_elastic_matching - INFO - elastic_dish_nucleus_matching(overlap-first): IHC=51, DISH=78, matched(1核)=38 (其中重疊=38), drop-out(競爭落敗)=3, 無候選(計入)=10, factor=1.50, min_reach=20.0
2026-07-26 13:05:15,475 - m3_module.m3_dot_detection - INFO - detect_all_dots: 紅點=74, 黑點=92, 涉及細胞=51
2026-07-26 13:05:15,664 - m4_module.cell_crops - INFO - 匯出 26 張 per-cell 影像至 /data/taro_Projects/tsgh/output/r7_run/cell_crops/tile_x7680_y16128/cells
2026-07-26 13:05:15,664 - hybrid_pipeline - INFO - Tile tile_x7680_y16128 完成: 核心擁有 26 細胞 (26 陽性), 1.35 秒
2026-07-26 13:05:15,857 - hybrid_pipeline - INFO - [517/576] 處理 tile: tile_x9216_y16128
2026-07-26 13:05:15,886 - m3_module.m3_cells_generator - INFO - All-positive 標註完成: 14 個細胞
2026-07-26 13:05:15,917 - m3_module.m3_cells_generator - INFO - enlarge_cell_instances: 14 顆細胞, factor=1.50(面積), 中位半徑=21.4px, 外擴=4.8px
2026-07-26 13:05:15,940 - m3_module.m3_elastic_matching - INFO - elastic_dish_nucleus_matching(overlap-first): IHC=14, DISH=35, matched(1核)=11 (其中重疊=11), drop-out(競爭落敗)=0, 無候選(計入)=3, factor=1.50, min_reach=20.0
2026-07-26 13:05:16,078 - m3_module.m3_dot_detection - INFO - detect_all_dots: 紅點=21, 黑點=25, 涉及細胞=14
2026-07-26 13:05:16,192 - m4_module.cell_crops - INFO - 匯出 3 張 per-cell 影像至 /data/taro_Projects/tsgh/output/r7_run/cell_crops/tile_x8448_y16128/cells
2026-07-26 13:05:16,192 - hybrid_pipeline - INFO - Tile tile_x8448_y16128 完成: 核心擁有 3 細胞 (3 陽性), 1.07 秒
2026-07-26 13:05:16,475 - hybrid_pipeline - INFO - [518/576] 處理 tile: tile_x10752_y16128
2026-07-26 13:05:16,506 - m3_module.m3_cells_generator - INFO - All-positive 標註完成: 4 個細胞
2026-07-26 13:05:16,534 - m3_module.m3_cells_generator - INFO - enlarge_cell_instances: 4 顆細胞, factor=1.50(面積), 中位半徑=20.0px, 外擴=4.5px
2026-07-26 13:05:16,557 - m3_module.m3_elastic_matching - INFO - elastic_dish_nucleus_matching(overlap-first): IHC=4, DISH=1, matched(1核)=1 (其中重疊=1), drop-out(競爭落敗)=0, 無候選(計入)=3, factor=1.50, min_reach=20.0
2026-07-26 13:05:16,654 - m3_module.m3_dot_detection - INFO - detect_all_dots: 紅點=3, 黑點=4, 涉及細胞=4
2026-07-26 13:05:16,717 - m4_module.cell_crops - INFO - 匯出 1 張 per-cell 影像至 /data/taro_Projects/tsgh/output/r7_run/cell_crops/tile_x9216_y16128/cells
2026-07-26 13:05:16,717 - hybrid_pipeline - INFO - Tile tile_x9216_y16128 完成: 核心擁有 1 細胞 (1 陽性), 0.86 秒
2026-07-26 13:05:17,059 - hybrid_pipeline - INFO - [519/576] 處理 tile: tile_x9984_y16128
2026-07-26 13:05:17,089 - m3_module.m3_cells_generator - INFO - All-positive 標註完成: 13 個細胞
2026-07-26 13:05:17,118 - m3_module.m3_cells_generator - INFO - enlarge_cell_instances: 13 顆細胞, factor=1.50(面積), 中位半徑=15.8px, 外擴=3.6px
2026-07-26 13:05:17,209 - m3_module.m3_dot_detection - INFO - detect_all_dots: 紅點=0, 黑點=0, 涉及細胞=13
2026-07-26 13:05:17,249 - m4_module.cell_crops - INFO - 匯出 0 張 per-cell 影像至 /data/taro_Projects/tsgh/output/r7_run/cell_crops/tile_x10752_y16128/cells
2026-07-26 13:05:17,249 - hybrid_pipeline - INFO - Tile tile_x10752_y16128 完成: 核心擁有 0 細胞 (0 陽性), 0.77 秒
2026-07-26 13:05:17,300 - cellpose.dynamics - INFO - No cell pixels found.
2026-07-26 13:05:17,605 - hybrid_pipeline - INFO - [520/576] 處理 tile: tile_x12288_y16128
2026-07-26 13:05:17,622 - m3_module.m3_cells_generator - INFO - All-positive 標註完成: 0 個細胞
2026-07-26 13:05:17,712 - m3_module.m3_dot_detection - INFO - detect_all_dots: 紅點=0, 黑點=0, 涉及細胞=0
2026-07-26 13:05:17,741 - m4_module.cell_crops - INFO - 匯出 0 張 per-cell 影像至 /data/taro_Projects/tsgh/output/r7_run/cell_crops/tile_x9984_y16128/cells
2026-07-26 13:05:17,741 - hybrid_pipeline - INFO - Tile tile_x9984_y16128 完成: 核心擁有 0 細胞 (0 陽性), 0.68 秒
2026-07-26 13:05:17,741 - hybrid_pipeline - INFO - [521/576] 處理 tile: tile_x11520_y16128
2026-07-26 13:05:17,764 - hybrid_pipeline - INFO - Tile tile_x12288_y16128: 核心遮罩全空 → 空白 placeholder
2026-07-26 13:05:18,326 - hybrid_pipeline - INFO - [522/576] 處理 tile: tile_x13056_y16128
2026-07-26 13:05:18,356 - m3_module.m3_cells_generator - INFO - All-positive 標註完成: 22 個細胞
2026-07-26 13:05:18,388 - m3_module.m3_cells_generator - INFO - enlarge_cell_instances: 22 顆細胞, factor=1.50(面積), 中位半徑=17.8px, 外擴=4.0px
2026-07-26 13:05:18,476 - m3_module.m3_dot_detection - INFO - detect_all_dots: 紅點=0, 黑點=0, 涉及細胞=22
2026-07-26 13:05:18,538 - m4_module.cell_crops - INFO - 匯出 11 張 per-cell 影像至 /data/taro_Projects/tsgh/output/r7_run/cell_crops/tile_x11520_y16128/cells
2026-07-26 13:05:18,538 - hybrid_pipeline - INFO - Tile tile_x11520_y16128 完成: 核心擁有 11 細胞 (11 陽性), 0.80 秒
2026-07-26 13:05:18,538 - hybrid_pipeline - INFO - [523/576] 處理 tile: tile_x13824_y16128
2026-07-26 13:05:18,562 - hybrid_pipeline - INFO - Tile tile_x13056_y16128: 核心遮罩全空 → 空白 placeholder
2026-07-26 13:05:18,583 - hybrid_pipeline - INFO - [524/576] 處理 tile: tile_x14592_y16128
2026-07-26 13:05:18,608 - hybrid_pipeline - INFO - Tile tile_x13824_y16128: 核心遮罩全空 → 空白 placeholder
2026-07-26 13:05:18,623 - hybrid_pipeline - INFO - [525/576] 處理 tile: tile_x15360_y16128
2026-07-26 13:05:18,648 - hybrid_pipeline - INFO - Tile tile_x14592_y16128: 核心遮罩全空 → 空白 placeholder
2026-07-26 13:05:18,669 - hybrid_pipeline - INFO - [526/576] 處理 tile: tile_x16128_y16128
2026-07-26 13:05:18,692 - hybrid_pipeline - INFO - Tile tile_x15360_y16128: 核心遮罩全空 → 空白 placeholder
2026-07-26 13:05:18,708 - hybrid_pipeline - INFO - [527/576] 處理 tile: tile_x16896_y16128
2026-07-26 13:05:18,732 - hybrid_pipeline - INFO - Tile tile_x16128_y16128: 核心遮罩全空 → 空白 placeholder
2026-07-26 13:05:18,746 - hybrid_pipeline - INFO - [528/576] 處理 tile: tile_x17664_y16128
2026-07-26 13:05:18,769 - hybrid_pipeline - INFO - Tile tile_x16896_y16128: 核心遮罩全空 → 空白 placeholder
2026-07-26 13:05:18,784 - hybrid_pipeline - INFO - [529/576] 處理 tile: tile_x0_y16896
2026-07-26 13:05:18,808 - hybrid_pipeline - INFO - Tile tile_x17664_y16128: 核心遮罩全空 → 空白 placeholder
2026-07-26 13:05:19,418 - hybrid_pipeline - INFO - [530/576] 處理 tile: tile_x768_y16896
2026-07-26 13:05:19,447 - m3_module.m3_cells_generator - INFO - All-positive 標註完成: 110 個細胞
2026-07-26 13:05:19,501 - m3_module.m3_cells_generator - INFO - enlarge_cell_instances: 110 顆細胞, factor=1.50(面積), 中位半徑=23.7px, 外擴=5.3px
2026-07-26 13:05:19,535 - m3_module.m3_elastic_matching - INFO - elastic_dish_nucleus_matching(overlap-first): IHC=110, DISH=77, matched(1核)=51 (其中重疊=51), drop-out(競爭落敗)=9, 無候選(計入)=50, factor=1.50, min_reach=20.0
2026-07-26 13:05:19,800 - m3_module.m3_dot_detection - INFO - detect_all_dots: 紅點=63, 黑點=96, 涉及細胞=110
2026-07-26 13:05:20,151 - m4_module.cell_crops - INFO - 匯出 70 張 per-cell 影像至 /data/taro_Projects/tsgh/output/r7_run/cell_crops/tile_x0_y16896/cells
2026-07-26 13:05:20,151 - hybrid_pipeline - INFO - Tile tile_x0_y16896 完成: 核心擁有 70 細胞 (70 陽性), 1.37 秒
2026-07-26 13:05:20,151 - hybrid_pipeline - INFO - [531/576] 處理 tile: tile_x2304_y16896
2026-07-26 13:05:20,175 - m3_module.m3_cells_generator - INFO - All-positive 標註完成: 56 個細胞
2026-07-26 13:05:20,224 - m3_module.m3_cells_generator - INFO - enlarge_cell_instances: 56 顆細胞, factor=1.50(面積), 中位半徑=24.0px, 外擴=5.4px
2026-07-26 13:05:20,250 - m3_module.m3_elastic_matching - INFO - elastic_dish_nucleus_matching(overlap-first): IHC=56, DISH=45, matched(1核)=23 (其中重疊=23), drop-out(競爭落敗)=4, 無候選(計入)=29, factor=1.50, min_reach=20.0
2026-07-26 13:05:20,392 - m3_module.m3_dot_detection - INFO - detect_all_dots: 紅點=14, 黑點=27, 涉及細胞=56
2026-07-26 13:05:20,398 - cellpose.dynamics - INFO - No cell pixels found.
2026-07-26 13:05:20,591 - m4_module.cell_crops - INFO - 匯出 22 張 per-cell 影像至 /data/taro_Projects/tsgh/output/r7_run/cell_crops/tile_x768_y16896/cells
2026-07-26 13:05:20,591 - hybrid_pipeline - INFO - Tile tile_x768_y16896 完成: 核心擁有 22 細胞 (22 陽性), 1.17 秒
2026-07-26 13:05:20,709 - hybrid_pipeline - INFO - [532/576] 處理 tile: tile_x1536_y16896
2026-07-26 13:05:20,720 - m3_module.m3_cells_generator - INFO - All-positive 標註完成: 0 個細胞
2026-07-26 13:05:20,821 - m3_module.m3_dot_detection - INFO - detect_all_dots: 紅點=0, 黑點=0, 涉及細胞=0
2026-07-26 13:05:20,853 - m4_module.cell_crops - INFO - 匯出 0 張 per-cell 影像至 /data/taro_Projects/tsgh/output/r7_run/cell_crops/tile_x2304_y16896/cells
2026-07-26 13:05:20,853 - hybrid_pipeline - INFO - Tile tile_x2304_y16896 完成: 核心擁有 0 細胞 (0 陽性), 0.70 秒
2026-07-26 13:05:21,317 - hybrid_pipeline - INFO - [533/576] 處理 tile: tile_x3840_y16896
2026-07-26 13:05:21,346 - m3_module.m3_cells_generator - INFO - All-positive 標註完成: 20 個細胞
2026-07-26 13:05:21,380 - m3_module.m3_cells_generator - INFO - enlarge_cell_instances: 20 顆細胞, factor=1.50(面積), 中位半徑=23.4px, 外擴=5.3px
2026-07-26 13:05:21,405 - m3_module.m3_elastic_matching - INFO - elastic_dish_nucleus_matching(overlap-first): IHC=20, DISH=24, matched(1核)=10 (其中重疊=10), drop-out(競爭落敗)=1, 無候選(計入)=9, factor=1.50, min_reach=20.0
2026-07-26 13:05:21,516 - m3_module.m3_dot_detection - INFO - detect_all_dots: 紅點=6, 黑點=9, 涉及細胞=20
2026-07-26 13:05:21,628 - m4_module.cell_crops - INFO - 匯出 14 張 per-cell 影像至 /data/taro_Projects/tsgh/output/r7_run/cell_crops/tile_x1536_y16896/cells
2026-07-26 13:05:21,628 - hybrid_pipeline - INFO - Tile tile_x1536_y16896 完成: 核心擁有 14 細胞 (14 陽性), 0.92 秒
2026-07-26 13:05:22,025 - hybrid_pipeline - INFO - [534/576] 處理 tile: tile_x3072_y16896
2026-07-26 13:05:22,054 - m3_module.m3_cells_generator - INFO - All-positive 標註完成: 129 個細胞
2026-07-26 13:05:22,112 - m3_module.m3_cells_generator - INFO - enlarge_cell_instances: 129 顆細胞, factor=1.50(面積), 中位半徑=31.4px, 外擴=7.1px
2026-07-26 13:05:22,142 - m3_module.m3_elastic_matching - INFO - elastic_dish_nucleus_matching(overlap-first): IHC=129, DISH=54, matched(1核)=44 (其中重疊=42), drop-out(競爭落敗)=13, 無候選(計入)=72, factor=1.50, min_reach=20.0
2026-07-26 13:05:22,393 - m3_module.m3_dot_detection - INFO - detect_all_dots: 紅點=62, 黑點=66, 涉及細胞=129
2026-07-26 13:05:22,799 - m4_module.cell_crops - INFO - 匯出 59 張 per-cell 影像至 /data/taro_Projects/tsgh/output/r7_run/cell_crops/tile_x3840_y16896/cells
2026-07-26 13:05:22,799 - hybrid_pipeline - INFO - Tile tile_x3840_y16896 完成: 核心擁有 59 細胞 (59 陽性), 1.48 秒
2026-07-26 13:05:22,800 - hybrid_pipeline - INFO - [535/576] 處理 tile: tile_x4608_y16896
2026-07-26 13:05:22,825 - m3_module.m3_cells_generator - INFO - All-positive 標註完成: 86 個細胞
2026-07-26 13:05:22,870 - m3_module.m3_cells_generator - INFO - enlarge_cell_instances: 86 顆細胞, factor=1.50(面積), 中位半徑=26.5px, 外擴=6.0px
2026-07-26 13:05:22,898 - m3_module.m3_elastic_matching - INFO - elastic_dish_nucleus_matching(overlap-first): IHC=86, DISH=42, matched(1核)=36 (其中重疊=36), drop-out(競爭落敗)=16, 無候選(計入)=34, factor=1.50, min_reach=20.0
2026-07-26 13:05:23,163 - m3_module.m3_dot_detection - INFO - detect_all_dots: 紅點=75, 黑點=90, 涉及細胞=86
2026-07-26 13:05:23,395 - m4_module.cell_crops - INFO - 匯出 50 張 per-cell 影像至 /data/taro_Projects/tsgh/output/r7_run/cell_crops/tile_x3072_y16896/cells
2026-07-26 13:05:23,395 - hybrid_pipeline - INFO - Tile tile_x3072_y16896 完成: 核心擁有 50 細胞 (50 陽性), 1.37 秒
2026-07-26 13:05:23,531 - hybrid_pipeline - INFO - [536/576] 處理 tile: tile_x5376_y16896
2026-07-26 13:05:23,561 - m3_module.m3_cells_generator - INFO - All-positive 標註完成: 126 個細胞
2026-07-26 13:05:23,616 - m3_module.m3_cells_generator - INFO - enlarge_cell_instances: 126 顆細胞, factor=1.50(面積), 中位半徑=27.8px, 外擴=6.2px
2026-07-26 13:05:23,645 - m3_module.m3_elastic_matching - INFO - elastic_dish_nucleus_matching(overlap-first): IHC=126, DISH=39, matched(1核)=30 (其中重疊=30), drop-out(競爭落敗)=8, 無候選(計入)=88, factor=1.50, min_reach=20.0
2026-07-26 13:05:23,815 - m3_module.m3_dot_detection - INFO - detect_all_dots: 紅點=26, 黑點=35, 涉及細胞=126
2026-07-26 13:05:24,174 - m4_module.cell_crops - INFO - 匯出 81 張 per-cell 影像至 /data/taro_Projects/tsgh/output/r7_run/cell_crops/tile_x4608_y16896/cells
2026-07-26 13:05:24,174 - hybrid_pipeline - INFO - Tile tile_x4608_y16896 完成: 核心擁有 81 細胞 (81 陽性), 1.37 秒
2026-07-26 13:05:24,192 - hybrid_pipeline - INFO - [537/576] 處理 tile: tile_x6144_y16896
2026-07-26 13:05:24,215 - m3_module.m3_cells_generator - INFO - All-positive 標註完成: 109 個細胞
2026-07-26 13:05:24,269 - m3_module.m3_cells_generator - INFO - enlarge_cell_instances: 109 顆細胞, factor=1.50(面積), 中位半徑=23.7px, 外擴=5.3px
2026-07-26 13:05:24,297 - m3_module.m3_elastic_matching - INFO - elastic_dish_nucleus_matching(overlap-first): IHC=109, DISH=42, matched(1核)=30 (其中重疊=29), drop-out(競爭落敗)=3, 無候選(計入)=76, factor=1.50, min_reach=20.0
2026-07-26 13:05:24,463 - m3_module.m3_dot_detection - INFO - detect_all_dots: 紅點=27, 黑點=39, 涉及細胞=109
2026-07-26 13:05:24,738 - m4_module.cell_crops - INFO - 匯出 51 張 per-cell 影像至 /data/taro_Projects/tsgh/output/r7_run/cell_crops/tile_x5376_y16896/cells
2026-07-26 13:05:24,738 - hybrid_pipeline - INFO - Tile tile_x5376_y16896 完成: 核心擁有 51 細胞 (51 陽性), 1.21 秒
2026-07-26 13:05:24,877 - hybrid_pipeline - INFO - [538/576] 處理 tile: tile_x6912_y16896
2026-07-26 13:05:24,907 - m3_module.m3_cells_generator - INFO - All-positive 標註完成: 146 個細胞
2026-07-26 13:05:24,963 - m3_module.m3_cells_generator - INFO - enlarge_cell_instances: 146 顆細胞, factor=1.50(面積), 中位半徑=24.4px, 外擴=5.5px
2026-07-26 13:05:24,991 - m3_module.m3_elastic_matching - INFO - elastic_dish_nucleus_matching(overlap-first): IHC=146, DISH=42, matched(1核)=29 (其中重疊=29), drop-out(競爭落敗)=7, 無候選(計入)=110, factor=1.50, min_reach=20.0
2026-07-26 13:05:25,142 - m3_module.m3_dot_detection - INFO - detect_all_dots: 紅點=19, 黑點=30, 涉及細胞=146
2026-07-26 13:05:25,559 - m4_module.cell_crops - INFO - 匯出 77 張 per-cell 影像至 /data/taro_Projects/tsgh/output/r7_run/cell_crops/tile_x6144_y16896/cells
2026-07-26 13:05:25,559 - hybrid_pipeline - INFO - Tile tile_x6144_y16896 完成: 核心擁有 77 細胞 (77 陽性), 1.37 秒
2026-07-26 13:05:25,559 - hybrid_pipeline - INFO - [539/576] 處理 tile: tile_x7680_y16896
2026-07-26 13:05:25,582 - m3_module.m3_cells_generator - INFO - All-positive 標註完成: 109 個細胞
2026-07-26 13:05:25,637 - m3_module.m3_cells_generator - INFO - enlarge_cell_instances: 109 顆細胞, factor=1.50(面積), 中位半徑=24.1px, 外擴=5.4px
2026-07-26 13:05:25,668 - m3_module.m3_elastic_matching - INFO - elastic_dish_nucleus_matching(overlap-first): IHC=109, DISH=161, matched(1核)=68 (其中重疊=68), drop-out(競爭落敗)=2, 無候選(計入)=39, factor=1.50, min_reach=20.0
2026-07-26 13:05:26,081 - m3_module.m3_dot_detection - INFO - detect_all_dots: 紅點=149, 黑點=172, 涉及細胞=109
2026-07-26 13:05:26,452 - m4_module.cell_crops - INFO - 匯出 49 張 per-cell 影像至 /data/taro_Projects/tsgh/output/r7_run/cell_crops/tile_x6912_y16896/cells
2026-07-26 13:05:26,452 - hybrid_pipeline - INFO - Tile tile_x6912_y16896 完成: 核心擁有 49 細胞 (49 陽性), 1.57 秒
2026-07-26 13:05:26,452 - hybrid_pipeline - INFO - [540/576] 處理 tile: tile_x8448_y16896
2026-07-26 13:05:26,477 - m3_module.m3_cells_generator - INFO - All-positive 標註完成: 97 個細胞
2026-07-26 13:05:26,528 - m3_module.m3_cells_generator - INFO - enlarge_cell_instances: 97 顆細胞, factor=1.50(面積), 中位半徑=22.8px, 外擴=5.1px
2026-07-26 13:05:26,559 - m3_module.m3_elastic_matching - INFO - elastic_dish_nucleus_matching(overlap-first): IHC=97, DISH=140, matched(1核)=72 (其中重疊=72), drop-out(競爭落敗)=7, 無候選(計入)=18, factor=1.50, min_reach=20.0
2026-07-26 13:05:26,998 - m3_module.m3_dot_detection - INFO - detect_all_dots: 紅點=157, 黑點=200, 涉及細胞=97
2026-07-26 13:05:27,287 - m4_module.cell_crops - INFO - 匯出 69 張 per-cell 影像至 /data/taro_Projects/tsgh/output/r7_run/cell_crops/tile_x7680_y16896/cells
2026-07-26 13:05:27,287 - hybrid_pipeline - INFO - Tile tile_x7680_y16896 完成: 核心擁有 69 細胞 (69 陽性), 1.73 秒
2026-07-26 13:05:27,287 - hybrid_pipeline - INFO - [541/576] 處理 tile: tile_x9216_y16896
2026-07-26 13:05:27,311 - m3_module.m3_cells_generator - INFO - All-positive 標註完成: 17 個細胞
2026-07-26 13:05:27,349 - m3_module.m3_cells_generator - INFO - enlarge_cell_instances: 17 顆細胞, factor=1.50(面積), 中位半徑=21.5px, 外擴=4.8px
2026-07-26 13:05:27,374 - m3_module.m3_elastic_matching - INFO - elastic_dish_nucleus_matching(overlap-first): IHC=17, DISH=36, matched(1核)=9 (其中重疊=9), drop-out(競爭落敗)=0, 無候選(計入)=8, factor=1.50, min_reach=20.0
2026-07-26 13:05:27,498 - m3_module.m3_dot_detection - INFO - detect_all_dots: 紅點=15, 黑點=20, 涉及細胞=17
2026-07-26 13:05:27,625 - m4_module.cell_crops - INFO - 匯出 5 張 per-cell 影像至 /data/taro_Projects/tsgh/output/r7_run/cell_crops/tile_x8448_y16896/cells
2026-07-26 13:05:27,625 - hybrid_pipeline - INFO - Tile tile_x8448_y16896 完成: 核心擁有 5 細胞 (5 陽性), 1.17 秒
2026-07-26 13:05:27,882 - hybrid_pipeline - INFO - [542/576] 處理 tile: tile_x9984_y16896
2026-07-26 13:05:27,912 - m3_module.m3_cells_generator - INFO - All-positive 標註完成: 11 個細胞
2026-07-26 13:05:27,943 - m3_module.m3_cells_generator - INFO - enlarge_cell_instances: 11 顆細胞, factor=1.50(面積), 中位半徑=18.7px, 外擴=4.2px
2026-07-26 13:05:27,968 - m3_module.m3_elastic_matching - INFO - elastic_dish_nucleus_matching(overlap-first): IHC=11, DISH=9, matched(1核)=4 (其中重疊=4), drop-out(競爭落敗)=0, 無候選(計入)=7, factor=1.50, min_reach=20.0
2026-07-26 13:05:28,079 - m3_module.m3_dot_detection - INFO - detect_all_dots: 紅點=10, 黑點=12, 涉及細胞=11
2026-07-26 13:05:28,133 - cellpose.dynamics - INFO - No cell pixels found.
2026-07-26 13:05:28,174 - m4_module.cell_crops - INFO - 匯出 9 張 per-cell 影像至 /data/taro_Projects/tsgh/output/r7_run/cell_crops/tile_x9216_y16896/cells
2026-07-26 13:05:28,174 - hybrid_pipeline - INFO - Tile tile_x9216_y16896 完成: 核心擁有 9 細胞 (9 陽性), 0.89 秒
2026-07-26 13:05:28,436 - hybrid_pipeline - INFO - [543/576] 處理 tile: tile_x11520_y16896
2026-07-26 13:05:28,449 - m3_module.m3_cells_generator - INFO - All-positive 標註完成: 0 個細胞
2026-07-26 13:05:28,552 - m3_module.m3_dot_detection - INFO - detect_all_dots: 紅點=0, 黑點=0, 涉及細胞=0
2026-07-26 13:05:28,583 - m4_module.cell_crops - INFO - 匯出 0 張 per-cell 影像至 /data/taro_Projects/tsgh/output/r7_run/cell_crops/tile_x9984_y16896/cells
2026-07-26 13:05:28,583 - hybrid_pipeline - INFO - Tile tile_x9984_y16896 完成: 核心擁有 0 細胞 (0 陽性), 0.70 秒
2026-07-26 13:05:29,032 - hybrid_pipeline - INFO - [544/576] 處理 tile: tile_x10752_y16896
2026-07-26 13:05:29,063 - m3_module.m3_cells_generator - INFO - All-positive 標註完成: 29 個細胞
2026-07-26 13:05:29,098 - m3_module.m3_cells_generator - INFO - enlarge_cell_instances: 29 顆細胞, factor=1.50(面積), 中位半徑=18.4px, 外擴=4.1px
2026-07-26 13:05:29,122 - m3_module.m3_elastic_matching - INFO - elastic_dish_nucleus_matching(overlap-first): IHC=29, DISH=2, matched(1核)=1 (其中重疊=1), drop-out(競爭落敗)=1, 無候選(計入)=27, factor=1.50, min_reach=20.0
2026-07-26 13:05:29,209 - m3_module.m3_dot_detection - INFO - detect_all_dots: 紅點=0, 黑點=0, 涉及細胞=29
2026-07-26 13:05:29,311 - m4_module.cell_crops - INFO - 匯出 19 張 per-cell 影像至 /data/taro_Projects/tsgh/output/r7_run/cell_crops/tile_x11520_y16896/cells
2026-07-26 13:05:29,311 - hybrid_pipeline - INFO - Tile tile_x11520_y16896 完成: 核心擁有 19 細胞 (19 陽性), 0.87 秒
2026-07-26 13:05:29,633 - hybrid_pipeline - INFO - [545/576] 處理 tile: tile_x12288_y16896
2026-07-26 13:05:29,664 - m3_module.m3_cells_generator - INFO - All-positive 標註完成: 18 個細胞
2026-07-26 13:05:29,694 - m3_module.m3_cells_generator - INFO - enlarge_cell_instances: 18 顆細胞, factor=1.50(面積), 中位半徑=19.6px, 外擴=4.4px
2026-07-26 13:05:29,786 - m3_module.m3_dot_detection - INFO - detect_all_dots: 紅點=0, 黑點=0, 涉及細胞=18
2026-07-26 13:05:29,847 - m4_module.cell_crops - INFO - 匯出 4 張 per-cell 影像至 /data/taro_Projects/tsgh/output/r7_run/cell_crops/tile_x10752_y16896/cells
2026-07-26 13:05:29,847 - hybrid_pipeline - INFO - Tile tile_x10752_y16896 完成: 核心擁有 4 細胞 (4 陽性), 0.81 秒
2026-07-26 13:05:29,847 - hybrid_pipeline - INFO - [546/576] 處理 tile: tile_x14592_y16896
2026-07-26 13:05:29,873 - hybrid_pipeline - INFO - Tile tile_x12288_y16896: 核心遮罩全空 → 空白 placeholder
2026-07-26 13:05:29,889 - hybrid_pipeline - INFO - [547/576] 處理 tile: tile_x13056_y16896
2026-07-26 13:05:29,914 - hybrid_pipeline - INFO - Tile tile_x14592_y16896: 核心遮罩全空 → 空白 placeholder
2026-07-26 13:05:29,932 - hybrid_pipeline - INFO - [548/576] 處理 tile: tile_x13824_y16896
2026-07-26 13:05:29,955 - hybrid_pipeline - INFO - Tile tile_x13056_y16896: 核心遮罩全空 → 空白 placeholder
2026-07-26 13:05:29,970 - hybrid_pipeline - INFO - [549/576] 處理 tile: tile_x15360_y16896
2026-07-26 13:05:29,994 - hybrid_pipeline - INFO - Tile tile_x13824_y16896: 核心遮罩全空 → 空白 placeholder
2026-07-26 13:05:30,007 - hybrid_pipeline - INFO - [550/576] 處理 tile: tile_x16128_y16896
2026-07-26 13:05:30,030 - hybrid_pipeline - INFO - Tile tile_x15360_y16896: 核心遮罩全空 → 空白 placeholder
2026-07-26 13:05:30,044 - hybrid_pipeline - INFO - [551/576] 處理 tile: tile_x16896_y16896
2026-07-26 13:05:30,068 - hybrid_pipeline - INFO - Tile tile_x16128_y16896: 核心遮罩全空 → 空白 placeholder
2026-07-26 13:05:30,089 - hybrid_pipeline - INFO - [552/576] 處理 tile: tile_x17664_y16896
2026-07-26 13:05:30,113 - hybrid_pipeline - INFO - Tile tile_x16896_y16896: 核心遮罩全空 → 空白 placeholder
2026-07-26 13:05:30,133 - hybrid_pipeline - INFO - [553/576] 處理 tile: tile_x0_y17664
2026-07-26 13:05:30,157 - hybrid_pipeline - INFO - Tile tile_x17664_y16896: 核心遮罩全空 → 空白 placeholder
2026-07-26 13:05:30,769 - hybrid_pipeline - INFO - [554/576] 處理 tile: tile_x3840_y17664
2026-07-26 13:05:30,802 - m3_module.m3_cells_generator - INFO - All-positive 標註完成: 87 個細胞
2026-07-26 13:05:30,854 - m3_module.m3_cells_generator - INFO - enlarge_cell_instances: 87 顆細胞, factor=1.50(面積), 中位半徑=25.5px, 外擴=5.7px
2026-07-26 13:05:30,883 - m3_module.m3_elastic_matching - INFO - elastic_dish_nucleus_matching(overlap-first): IHC=87, DISH=92, matched(1核)=50 (其中重疊=49), drop-out(競爭落敗)=9, 無候選(計入)=28, factor=1.50, min_reach=20.0
2026-07-26 13:05:31,130 - m3_module.m3_dot_detection - INFO - detect_all_dots: 紅點=57, 黑點=84, 涉及細胞=87
2026-07-26 13:05:31,399 - m4_module.cell_crops - INFO - 匯出 50 張 per-cell 影像至 /data/taro_Projects/tsgh/output/r7_run/cell_crops/tile_x0_y17664/cells
2026-07-26 13:05:31,399 - hybrid_pipeline - INFO - Tile tile_x0_y17664 完成: 核心擁有 50 細胞 (50 陽性), 1.27 秒
2026-07-26 13:05:31,486 - hybrid_pipeline - INFO - [555/576] 處理 tile: tile_x1536_y17664
2026-07-26 13:05:31,521 - m3_module.m3_cells_generator - INFO - All-positive 標註完成: 117 個細胞
2026-07-26 13:05:31,580 - m3_module.m3_cells_generator - INFO - enlarge_cell_instances: 117 顆細胞, factor=1.50(面積), 中位半徑=26.6px, 外擴=6.0px
2026-07-26 13:05:31,612 - m3_module.m3_elastic_matching - INFO - elastic_dish_nucleus_matching(overlap-first): IHC=117, DISH=51, matched(1核)=37 (其中重疊=37), drop-out(競爭落敗)=12, 無候選(計入)=68, factor=1.50, min_reach=20.0
2026-07-26 13:05:31,880 - m3_module.m3_dot_detection - INFO - detect_all_dots: 紅點=70, 黑點=98, 涉及細胞=117
2026-07-26 13:05:32,253 - m4_module.cell_crops - INFO - 匯出 76 張 per-cell 影像至 /data/taro_Projects/tsgh/output/r7_run/cell_crops/tile_x3840_y17664/cells
2026-07-26 13:05:32,253 - hybrid_pipeline - INFO - Tile tile_x3840_y17664 完成: 核心擁有 76 細胞 (76 陽性), 1.48 秒
2026-07-26 13:05:32,253 - hybrid_pipeline - INFO - [556/576] 處理 tile: tile_x768_y17664
2026-07-26 13:05:32,275 - m3_module.m3_cells_generator - INFO - All-positive 標註完成: 62 個細胞
2026-07-26 13:05:32,320 - m3_module.m3_cells_generator - INFO - enlarge_cell_instances: 62 顆細胞, factor=1.50(面積), 中位半徑=29.2px, 外擴=6.6px
2026-07-26 13:05:32,347 - m3_module.m3_elastic_matching - INFO - elastic_dish_nucleus_matching(overlap-first): IHC=62, DISH=62, matched(1核)=40 (其中重疊=40), drop-out(競爭落敗)=7, 無候選(計入)=15, factor=1.50, min_reach=20.0
2026-07-26 13:05:32,530 - m3_module.m3_dot_detection - INFO - detect_all_dots: 紅點=34, 黑點=42, 涉及細胞=62
2026-07-26 13:05:32,742 - m4_module.cell_crops - INFO - 匯出 44 張 per-cell 影像至 /data/taro_Projects/tsgh/output/r7_run/cell_crops/tile_x1536_y17664/cells
2026-07-26 13:05:32,742 - hybrid_pipeline - INFO - Tile tile_x1536_y17664 完成: 核心擁有 44 細胞 (44 陽性), 1.26 秒
2026-07-26 13:05:32,957 - hybrid_pipeline - INFO - [557/576] 處理 tile: tile_x3072_y17664
2026-07-26 13:05:32,988 - m3_module.m3_cells_generator - INFO - All-positive 標註完成: 115 個細胞
2026-07-26 13:05:33,046 - m3_module.m3_cells_generator - INFO - enlarge_cell_instances: 115 顆細胞, factor=1.50(面積), 中位半徑=26.4px, 外擴=5.9px
2026-07-26 13:05:33,076 - m3_module.m3_elastic_matching - INFO - elastic_dish_nucleus_matching(overlap-first): IHC=115, DISH=122, matched(1核)=68 (其中重疊=68), drop-out(競爭落敗)=12, 無候選(計入)=35, factor=1.50, min_reach=20.0
2026-07-26 13:05:33,371 - m3_module.m3_dot_detection - INFO - detect_all_dots: 紅點=73, 黑點=97, 涉及細胞=115
2026-07-26 13:05:33,761 - m4_module.cell_crops - INFO - 匯出 81 張 per-cell 影像至 /data/taro_Projects/tsgh/output/r7_run/cell_crops/tile_x768_y17664/cells
2026-07-26 13:05:33,761 - hybrid_pipeline - INFO - Tile tile_x768_y17664 完成: 核心擁有 81 細胞 (81 陽性), 1.51 秒
2026-07-26 13:05:33,761 - hybrid_pipeline - INFO - [558/576] 處理 tile: tile_x2304_y17664
2026-07-26 13:05:33,787 - m3_module.m3_cells_generator - INFO - All-positive 標註完成: 46 個細胞
2026-07-26 13:05:33,828 - m3_module.m3_cells_generator - INFO - enlarge_cell_instances: 46 顆細胞, factor=1.50(面積), 中位半徑=23.4px, 外擴=5.3px
2026-07-26 13:05:33,853 - m3_module.m3_elastic_matching - INFO - elastic_dish_nucleus_matching(overlap-first): IHC=46, DISH=19, matched(1核)=17 (其中重疊=17), drop-out(競爭落敗)=6, 無候選(計入)=23, factor=1.50, min_reach=20.0
2026-07-26 13:05:34,020 - m3_module.m3_dot_detection - INFO - detect_all_dots: 紅點=39, 黑點=51, 涉及細胞=46
2026-07-26 13:05:34,158 - m4_module.cell_crops - INFO - 匯出 22 張 per-cell 影像至 /data/taro_Projects/tsgh/output/r7_run/cell_crops/tile_x3072_y17664/cells
2026-07-26 13:05:34,158 - hybrid_pipeline - INFO - Tile tile_x3072_y17664 完成: 核心擁有 22 細胞 (22 陽性), 1.20 秒
2026-07-26 13:05:34,159 - hybrid_pipeline - INFO - [559/576] 處理 tile: tile_x4608_y17664
2026-07-26 13:05:34,183 - hybrid_pipeline - INFO - Tile tile_x2304_y17664: 核心遮罩全空 → 空白 placeholder
2026-07-26 13:05:34,880 - hybrid_pipeline - INFO - [560/576] 處理 tile: tile_x5376_y17664
2026-07-26 13:05:34,905 - m3_module.m3_cells_generator - INFO - All-positive 標註完成: 133 個細胞
2026-07-26 13:05:34,964 - m3_module.m3_cells_generator - INFO - enlarge_cell_instances: 133 顆細胞, factor=1.50(面積), 中位半徑=28.0px, 外擴=6.3px
2026-07-26 13:05:34,995 - m3_module.m3_elastic_matching - INFO - elastic_dish_nucleus_matching(overlap-first): IHC=133, DISH=33, matched(1核)=28 (其中重疊=28), drop-out(競爭落敗)=11, 無候選(計入)=94, factor=1.50, min_reach=20.0
2026-07-26 13:05:35,168 - m3_module.m3_dot_detection - INFO - detect_all_dots: 紅點=25, 黑點=31, 涉及細胞=133
2026-07-26 13:05:35,591 - m4_module.cell_crops - INFO - 匯出 80 張 per-cell 影像至 /data/taro_Projects/tsgh/output/r7_run/cell_crops/tile_x4608_y17664/cells
2026-07-26 13:05:35,591 - hybrid_pipeline - INFO - Tile tile_x4608_y17664 完成: 核心擁有 80 細胞 (80 陽性), 1.43 秒
2026-07-26 13:05:35,591 - hybrid_pipeline - INFO - [561/576] 處理 tile: tile_x9216_y17664
2026-07-26 13:05:35,616 - m3_module.m3_cells_generator - INFO - All-positive 標註完成: 161 個細胞
2026-07-26 13:05:35,676 - m3_module.m3_cells_generator - INFO - enlarge_cell_instances: 161 顆細胞, factor=1.50(面積), 中位半徑=23.2px, 外擴=5.2px
2026-07-26 13:05:35,707 - m3_module.m3_elastic_matching - INFO - elastic_dish_nucleus_matching(overlap-first): IHC=161, DISH=31, matched(1核)=27 (其中重疊=27), drop-out(競爭落敗)=9, 無候選(計入)=125, factor=1.50, min_reach=20.0
2026-07-26 13:05:35,867 - m3_module.m3_dot_detection - INFO - detect_all_dots: 紅點=24, 黑點=27, 涉及細胞=161
2026-07-26 13:05:36,227 - m4_module.cell_crops - INFO - 匯出 106 張 per-cell 影像至 /data/taro_Projects/tsgh/output/r7_run/cell_crops/tile_x5376_y17664/cells
2026-07-26 13:05:36,227 - hybrid_pipeline - INFO - Tile tile_x5376_y17664 完成: 核心擁有 106 細胞 (106 陽性), 1.35 秒
2026-07-26 13:05:36,227 - hybrid_pipeline - INFO - [562/576] 處理 tile: tile_x6144_y17664
2026-07-26 13:05:36,252 - m3_module.m3_cells_generator - INFO - All-positive 標註完成: 5 個細胞
2026-07-26 13:05:36,284 - m3_module.m3_cells_generator - INFO - enlarge_cell_instances: 5 顆細胞, factor=1.50(面積), 中位半徑=38.7px, 外擴=8.7px
2026-07-26 13:05:36,378 - m3_module.m3_dot_detection - INFO - detect_all_dots: 紅點=0, 黑點=0, 涉及細胞=5
2026-07-26 13:05:36,437 - m4_module.cell_crops - INFO - 匯出 5 張 per-cell 影像至 /data/taro_Projects/tsgh/output/r7_run/cell_crops/tile_x9216_y17664/cells
2026-07-26 13:05:36,437 - hybrid_pipeline - INFO - Tile tile_x9216_y17664 完成: 核心擁有 5 細胞 (5 陽性), 0.85 秒
2026-07-26 13:05:36,907 - hybrid_pipeline - INFO - [563/576] 處理 tile: tile_x7680_y17664
2026-07-26 13:05:36,938 - m3_module.m3_cells_generator - INFO - All-positive 標註完成: 72 個細胞
2026-07-26 13:05:36,993 - m3_module.m3_cells_generator - INFO - enlarge_cell_instances: 72 顆細胞, factor=1.50(面積), 中位半徑=21.6px, 外擴=4.9px
2026-07-26 13:05:37,020 - m3_module.m3_elastic_matching - INFO - elastic_dish_nucleus_matching(overlap-first): IHC=72, DISH=15, matched(1核)=12 (其中重疊=12), drop-out(競爭落敗)=1, 無候選(計入)=59, factor=1.50, min_reach=20.0
2026-07-26 13:05:37,138 - m3_module.m3_dot_detection - INFO - detect_all_dots: 紅點=9, 黑點=12, 涉及細胞=72
2026-07-26 13:05:37,354 - m4_module.cell_crops - INFO - 匯出 28 張 per-cell 影像至 /data/taro_Projects/tsgh/output/r7_run/cell_crops/tile_x6144_y17664/cells
2026-07-26 13:05:37,354 - hybrid_pipeline - INFO - Tile tile_x6144_y17664 完成: 核心擁有 28 細胞 (28 陽性), 1.13 秒
2026-07-26 13:05:37,587 - hybrid_pipeline - INFO - [564/576] 處理 tile: tile_x9984_y17664
2026-07-26 13:05:37,619 - m3_module.m3_cells_generator - INFO - All-positive 標註完成: 94 個細胞
2026-07-26 13:05:37,666 - m3_module.m3_cells_generator - INFO - enlarge_cell_instances: 94 顆細胞, factor=1.50(面積), 中位半徑=25.5px, 外擴=5.7px
2026-07-26 13:05:37,695 - m3_module.m3_elastic_matching - INFO - elastic_dish_nucleus_matching(overlap-first): IHC=94, DISH=142, matched(1核)=62 (其中重疊=62), drop-out(競爭落敗)=3, 無候選(計入)=29, factor=1.50, min_reach=20.0
2026-07-26 13:05:37,985 - m3_module.m3_dot_detection - INFO - detect_all_dots: 紅點=96, 黑點=132, 涉及細胞=94
2026-07-26 13:05:38,285 - m4_module.cell_crops - INFO - 匯出 52 張 per-cell 影像至 /data/taro_Projects/tsgh/output/r7_run/cell_crops/tile_x7680_y17664/cells
2026-07-26 13:05:38,285 - hybrid_pipeline - INFO - Tile tile_x7680_y17664 完成: 核心擁有 52 細胞 (52 陽性), 1.38 秒
2026-07-26 13:05:38,286 - hybrid_pipeline - INFO - [565/576] 處理 tile: tile_x6912_y17664
2026-07-26 13:05:38,309 - hybrid_pipeline - INFO - Tile tile_x9984_y17664: 核心遮罩全空 → 空白 placeholder
2026-07-26 13:05:38,900 - hybrid_pipeline - INFO - [566/576] 處理 tile: tile_x8448_y17664
2026-07-26 13:05:38,929 - m3_module.m3_cells_generator - INFO - All-positive 標註完成: 101 個細胞
2026-07-26 13:05:38,983 - m3_module.m3_cells_generator - INFO - enlarge_cell_instances: 101 顆細胞, factor=1.50(面積), 中位半徑=25.0px, 外擴=5.6px
2026-07-26 13:05:39,012 - m3_module.m3_elastic_matching - INFO - elastic_dish_nucleus_matching(overlap-first): IHC=101, DISH=105, matched(1核)=52 (其中重疊=52), drop-out(競爭落敗)=8, 無候選(計入)=41, factor=1.50, min_reach=20.0
2026-07-26 13:05:39,270 - m3_module.m3_dot_detection - INFO - detect_all_dots: 紅點=61, 黑點=83, 涉及細胞=101
2026-07-26 13:05:39,609 - m4_module.cell_crops - INFO - 匯出 71 張 per-cell 影像至 /data/taro_Projects/tsgh/output/r7_run/cell_crops/tile_x6912_y17664/cells
2026-07-26 13:05:39,609 - hybrid_pipeline - INFO - Tile tile_x6912_y17664 完成: 核心擁有 71 細胞 (71 陽性), 1.32 秒
2026-07-26 13:05:39,610 - hybrid_pipeline - INFO - [567/576] 處理 tile: tile_x11520_y17664
2026-07-26 13:05:39,633 - m3_module.m3_cells_generator - INFO - All-positive 標註完成: 29 個細胞
2026-07-26 13:05:39,670 - m3_module.m3_cells_generator - INFO - enlarge_cell_instances: 29 顆細胞, factor=1.50(面積), 中位半徑=28.5px, 外擴=6.4px
2026-07-26 13:05:39,694 - m3_module.m3_elastic_matching - INFO - elastic_dish_nucleus_matching(overlap-first): IHC=29, DISH=25, matched(1核)=15 (其中重疊=15), drop-out(競爭落敗)=5, 無候選(計入)=9, factor=1.50, min_reach=20.0
2026-07-26 13:05:39,836 - m3_module.m3_dot_detection - INFO - detect_all_dots: 紅點=24, 黑點=36, 涉及細胞=29
2026-07-26 13:05:39,960 - m4_module.cell_crops - INFO - 匯出 20 張 per-cell 影像至 /data/taro_Projects/tsgh/output/r7_run/cell_crops/tile_x8448_y17664/cells
2026-07-26 13:05:39,960 - hybrid_pipeline - INFO - Tile tile_x8448_y17664 完成: 核心擁有 20 細胞 (20 陽性), 1.06 秒
2026-07-26 13:05:40,201 - hybrid_pipeline - INFO - [568/576] 處理 tile: tile_x10752_y17664
2026-07-26 13:05:40,229 - m3_module.m3_cells_generator - INFO - All-positive 標註完成: 31 個細胞
2026-07-26 13:05:40,267 - m3_module.m3_cells_generator - INFO - enlarge_cell_instances: 31 顆細胞, factor=1.50(面積), 中位半徑=17.5px, 外擴=3.9px
2026-07-26 13:05:40,289 - m3_module.m3_elastic_matching - INFO - elastic_dish_nucleus_matching(overlap-first): IHC=31, DISH=1, matched(1核)=0 (其中重疊=0), drop-out(競爭落敗)=0, 無候選(計入)=31, factor=1.50, min_reach=20.0
2026-07-26 13:05:40,369 - m3_module.m3_dot_detection - INFO - detect_all_dots: 紅點=0, 黑點=0, 涉及細胞=31
2026-07-26 13:05:40,448 - m4_module.cell_crops - INFO - 匯出 21 張 per-cell 影像至 /data/taro_Projects/tsgh/output/r7_run/cell_crops/tile_x11520_y17664/cells
2026-07-26 13:05:40,449 - hybrid_pipeline - INFO - Tile tile_x11520_y17664 完成: 核心擁有 21 細胞 (21 陽性), 0.84 秒
2026-07-26 13:05:40,806 - hybrid_pipeline - INFO - [569/576] 處理 tile: tile_x13824_y17664
2026-07-26 13:05:40,836 - m3_module.m3_cells_generator - INFO - All-positive 標註完成: 26 個細胞
2026-07-26 13:05:40,872 - m3_module.m3_cells_generator - INFO - enlarge_cell_instances: 26 顆細胞, factor=1.50(面積), 中位半徑=19.4px, 外擴=4.4px
2026-07-26 13:05:40,896 - m3_module.m3_elastic_matching - INFO - elastic_dish_nucleus_matching(overlap-first): IHC=26, DISH=1, matched(1核)=0 (其中重疊=0), drop-out(競爭落敗)=0, 無候選(計入)=26, factor=1.50, min_reach=20.0
2026-07-26 13:05:40,980 - m3_module.m3_dot_detection - INFO - detect_all_dots: 紅點=0, 黑點=0, 涉及細胞=26
2026-07-26 13:05:41,063 - m4_module.cell_crops - INFO - 匯出 15 張 per-cell 影像至 /data/taro_Projects/tsgh/output/r7_run/cell_crops/tile_x10752_y17664/cells
2026-07-26 13:05:41,063 - hybrid_pipeline - INFO - Tile tile_x10752_y17664 完成: 核心擁有 15 細胞 (15 陽性), 0.86 秒
2026-07-26 13:05:41,467 - hybrid_pipeline - INFO - [570/576] 處理 tile: tile_x15360_y17664
2026-07-26 13:05:41,496 - m3_module.m3_cells_generator - INFO - All-positive 標註完成: 7 個細胞
2026-07-26 13:05:41,525 - m3_module.m3_cells_generator - INFO - enlarge_cell_instances: 7 顆細胞, factor=1.50(面積), 中位半徑=18.2px, 外擴=4.1px
2026-07-26 13:05:41,549 - m3_module.m3_elastic_matching - INFO - elastic_dish_nucleus_matching(overlap-first): IHC=7, DISH=218, matched(1核)=5 (其中重疊=5), drop-out(競爭落敗)=0, 無候選(計入)=2, factor=1.50, min_reach=20.0
2026-07-26 13:05:41,629 - m3_module.m3_dot_detection - INFO - detect_all_dots: 紅點=0, 黑點=0, 涉及細胞=7
2026-07-26 13:05:41,696 - m4_module.cell_crops - INFO - 匯出 4 張 per-cell 影像至 /data/taro_Projects/tsgh/output/r7_run/cell_crops/tile_x13824_y17664/cells
2026-07-26 13:05:41,696 - hybrid_pipeline - INFO - Tile tile_x13824_y17664 完成: 核心擁有 4 細胞 (4 陽性), 0.89 秒
2026-07-26 13:05:41,697 - hybrid_pipeline - INFO - [571/576] 處理 tile: tile_x12288_y17664
2026-07-26 13:05:41,720 - hybrid_pipeline - INFO - Tile tile_x15360_y17664: 核心遮罩全空 → 空白 placeholder
2026-07-26 13:05:41,740 - hybrid_pipeline - INFO - [572/576] 處理 tile: tile_x16128_y17664
2026-07-26 13:05:41,765 - hybrid_pipeline - INFO - Tile tile_x12288_y17664: 核心遮罩全空 → 空白 placeholder
2026-07-26 13:05:41,780 - hybrid_pipeline - INFO - [573/576] 處理 tile: tile_x13056_y17664
2026-07-26 13:05:41,806 - hybrid_pipeline - INFO - Tile tile_x16128_y17664: 核心遮罩全空 → 空白 placeholder
2026-07-26 13:05:42,360 - hybrid_pipeline - INFO - [574/576] 處理 tile: tile_x14592_y17664
2026-07-26 13:05:42,393 - m3_module.m3_cells_generator - INFO - All-positive 標註完成: 13 個細胞
2026-07-26 13:05:42,426 - m3_module.m3_cells_generator - INFO - enlarge_cell_instances: 13 顆細胞, factor=1.50(面積), 中位半徑=16.9px, 外擴=3.8px
2026-07-26 13:05:42,518 - m3_module.m3_dot_detection - INFO - detect_all_dots: 紅點=0, 黑點=0, 涉及細胞=13
2026-07-26 13:05:42,574 - m4_module.cell_crops - INFO - 匯出 7 張 per-cell 影像至 /data/taro_Projects/tsgh/output/r7_run/cell_crops/tile_x13056_y17664/cells
2026-07-26 13:05:42,574 - hybrid_pipeline - INFO - Tile tile_x13056_y17664 完成: 核心擁有 7 細胞 (7 陽性), 0.79 秒
2026-07-26 13:05:42,574 - hybrid_pipeline - INFO - [575/576] 處理 tile: tile_x16896_y17664
2026-07-26 13:05:42,598 - hybrid_pipeline - INFO - Tile tile_x14592_y17664: 核心遮罩全空 → 空白 placeholder
2026-07-26 13:05:42,611 - hybrid_pipeline - INFO - [576/576] 處理 tile: tile_x17664_y17664
2026-07-26 13:05:42,635 - hybrid_pipeline - INFO - Tile tile_x16896_y17664: 核心遮罩全空 → 空白 placeholder
2026-07-26 13:05:42,673 - hybrid_pipeline - INFO - Tile tile_x17664_y17664: 核心遮罩全空 → 空白 placeholder
2026-07-26 13:05:42,684 - m4_module.csv - INFO - CSV 匯出完成: report.csv (5687 列)
2026-07-26 13:05:42,684 - m4_module.csv - INFO - Summary 報告輸出: summary.txt (485 valid cells)
2026-07-26 13:05:47,180 - hybrid_pipeline - INFO - overlay_slide.tiff 縫合完成: 18688×18688 px
2026-07-26 13:05:47,213 - hybrid_pipeline - INFO - 批次完成 — run_id=94a6e467 | 總計=576 | 成功=137 | 跳過=439
[perf_measure] skip wrap: hybrid_pipeline.segment_masked_dish not found
{
  "label": "control_w1_r1",
  "n_tiles": 576,
  "mp_workers": 1,
  "grid": {
    "cols": 24,
    "rows": 24
  },
  "wall": {
    "end_to_end_total_s": 135.426,
    "phaseA_precut_s": 0.004,
    "runbatch_BCD_s": 135.422
  },
  "disk_bytes": {
    "precut_scratch": 0,
    "analysis_output": 7084919742
  },
  "stats": {
    "success": 137,
    "skipped": 439
  },
  "timings": {
    "G_mkdir_other": {
      "n": 468,
      "t": 0.014916607993654907
    },
    "G_mkdir_fixed_outdir": {
      "n": 3462,
      "t": 0.07451481811585836
    },
    "init_unet": {
      "n": 1,
      "t": 1.2027849330042955
    },
    "init_cellpose_m2": {
      "n": 1,
      "t": 0.6757784100045683
    },
    "init_cellpose_m3b": {
      "n": 1,
      "t": 0.49004986899672076
    },
    "B2r_tile_read": {
      "n": 1152,
      "t": 5.072916281118523
    },
    "B1_unet_coremask": {
      "n": 576,
      "t": 16.120836457965197
    },
    "B4_empty_cache": {
      "n": 576,
      "t": 1.6913788640667917
    },
    "B4_gc_collect": {
      "n": 576,
      "t": 0.6005518959573237
    },
    "B2_png_encode_blank": {
      "n": 1269,
      "t": 8.908090672193794,
      "bytes": 4976595
    },
    "B2_tiff_encode_blank": {
      "n": 1269,
      "t": 0.8877999037358677,
      "bytes": 4316234832
    },
    "F_write_blank_tile": {
      "n": 423,
      "t": 10.180826703290222
    },
    "BM1_apply_mask": {
      "n": 153,
      "t": 1.9644815420906525
    },
    "BM1_overlay_dish": {
      "n": 153,
      "t": 1.5153141739283456
    },
    "BM1_fuse": {
      "n": 153,
      "t": 1.3232181680214126
    },
    "B1_m3b_cellpose": {
      "n": 306,
      "t": 85.86718989624933
    },
    "Bs_clear_edge": {
      "n": 153,
      "t": 2.285419135907432
    },
    "B3_build_results": {
      "n": 153,
      "t": 4.188634656980867
    },
    "B3_enlarge_cells": {
      "n": 153,
      "t": 6.765552885903162
    },
    "B3_detect_dots": {
      "n": 153,
      "t": 26.062694023057702
    },
    "B3_merge_dots": {
      "n": 153,
      "t": 0.0013782459282083437
    },
    "Bs_filter_absolutize": {
      "n": 153,
      "t": 0.008144077000906691
    },
    "B2_png_encode": {
      "n": 459,
      "t": 25.623162540243356,
      "bytes": 157285132
    },
    "B2_tiff_encode": {
      "n": 459,
      "t": 0.42946299430332147,
      "bytes": 1563797424
    },
    "B2_render_overlay": {
      "n": 153,
      "t": 3.1726947539427783
    },
    "B2_percell_crops": {
      "n": 153,
      "t": 1.7188073730940232
    },
    "C_export_csv": {
      "n": 1,
      "t": 0.004285474991775118
    },
    "C_export_summary": {
      "n": 1,
      "t": 0.00028153799939900637
    },
    "D_stitch_overlay": {
      "n": 1,
      "t": 4.528226647991687
    }
  },
  "config_hash": "3d1087f2",
  "peak_cuda_reserved_gb": 2.166,
  "peak_rss_gb": 4.358
}
