2026-07-26 13:14:56,751 - hybrid_pipeline - INFO - 批次處理開始 — run_id=369c1eb8, config_hash=3d1087f2
[perf_measure] skip wrap: hybrid_pipeline.segment_masked_dish not found
2026-07-26 13:14:59,304 - unet_inference - INFO - 成功載入權重: /data/taro_Projects/tsgh/backend/algorithms/hybrid/models/unet/b4/best_model_unet_b4.pth
2026-07-26 13:14:59,334 - unet_inference - INFO - 成功載入權重: /data/taro_Projects/tsgh/backend/algorithms/hybrid/models/unet/b4/best_model_unet_b4.pth
2026-07-26 13:14:59,339 - unet_inference - INFO - 成功載入權重: /data/taro_Projects/tsgh/backend/algorithms/hybrid/models/unet/b4/best_model_unet_b4.pth
2026-07-26 13:14:59,340 - unet_inference - INFO - 成功載入權重: /data/taro_Projects/tsgh/backend/algorithms/hybrid/models/unet/b4/best_model_unet_b4.pth
2026-07-26 13:14:59,333 - unet_inference - INFO - 模型載入完成，設備: cuda
2026-07-26 13:14:59,428 - unet_inference - INFO - 模型載入完成，設備: cuda
2026-07-26 13:14:59,457 - unet_inference - INFO - 模型載入完成，設備: cuda
2026-07-26 13:14:59,457 - unet_inference - INFO - 模型載入完成，設備: cuda
2026-07-26 13:14:59,596 - cellpose.core - INFO - ** TORCH CUDA version installed and working. **
2026-07-26 13:14:59,596 - cellpose.core - INFO - >>>> using GPU (CUDA)
2026-07-26 13:14:59,606 - dinov3 - INFO - using base=100 for rope new
2026-07-26 13:14:59,606 - dinov3 - INFO - using min_period=None for rope new
2026-07-26 13:14:59,606 - dinov3 - INFO - using max_period=None for rope new
2026-07-26 13:14:59,606 - dinov3 - INFO - using normalize_coords=separate for rope new
2026-07-26 13:14:59,606 - dinov3 - INFO - using shift_coords=None for rope new
2026-07-26 13:14:59,606 - dinov3 - INFO - using rescale_coords=2 for rope new
2026-07-26 13:14:59,606 - dinov3 - INFO - using jitter_coords=None for rope new
2026-07-26 13:14:59,606 - dinov3 - INFO - using dtype=fp32 for rope new
2026-07-26 13:14:59,606 - dinov3 - INFO - using mlp layer as FFN
2026-07-26 13:14:59,696 - cellpose.core - INFO - ** TORCH CUDA version installed and working. **
2026-07-26 13:14:59,696 - cellpose.core - INFO - >>>> using GPU (CUDA)
2026-07-26 13:14:59,706 - dinov3 - INFO - using base=100 for rope new
2026-07-26 13:14:59,706 - dinov3 - INFO - using min_period=None for rope new
2026-07-26 13:14:59,706 - dinov3 - INFO - using max_period=None for rope new
2026-07-26 13:14:59,706 - dinov3 - INFO - using normalize_coords=separate for rope new
2026-07-26 13:14:59,706 - dinov3 - INFO - using shift_coords=None for rope new
2026-07-26 13:14:59,706 - dinov3 - INFO - using rescale_coords=2 for rope new
2026-07-26 13:14:59,706 - dinov3 - INFO - using jitter_coords=None for rope new
2026-07-26 13:14:59,706 - dinov3 - INFO - using dtype=fp32 for rope new
2026-07-26 13:14:59,706 - dinov3 - INFO - using mlp layer as FFN
2026-07-26 13:14:59,721 - cellpose.core - INFO - ** TORCH CUDA version installed and working. **
2026-07-26 13:14:59,721 - cellpose.core - INFO - >>>> using GPU (CUDA)
2026-07-26 13:14:59,721 - cellpose.core - INFO - ** TORCH CUDA version installed and working. **
2026-07-26 13:14:59,721 - cellpose.core - INFO - >>>> using GPU (CUDA)
2026-07-26 13:14:59,731 - dinov3 - INFO - using base=100 for rope new
2026-07-26 13:14:59,731 - dinov3 - INFO - using base=100 for rope new
2026-07-26 13:14:59,731 - dinov3 - INFO - using min_period=None for rope new
2026-07-26 13:14:59,731 - dinov3 - INFO - using min_period=None for rope new
2026-07-26 13:14:59,731 - dinov3 - INFO - using max_period=None for rope new
2026-07-26 13:14:59,731 - dinov3 - INFO - using max_period=None for rope new
2026-07-26 13:14:59,731 - dinov3 - INFO - using normalize_coords=separate for rope new
2026-07-26 13:14:59,731 - dinov3 - INFO - using normalize_coords=separate for rope new
2026-07-26 13:14:59,731 - dinov3 - INFO - using shift_coords=None for rope new
2026-07-26 13:14:59,731 - dinov3 - INFO - using shift_coords=None for rope new
2026-07-26 13:14:59,731 - dinov3 - INFO - using rescale_coords=2 for rope new
2026-07-26 13:14:59,731 - dinov3 - INFO - using rescale_coords=2 for rope new
2026-07-26 13:14:59,731 - dinov3 - INFO - using jitter_coords=None for rope new
2026-07-26 13:14:59,731 - dinov3 - INFO - using jitter_coords=None for rope new
2026-07-26 13:14:59,731 - dinov3 - INFO - using dtype=fp32 for rope new
2026-07-26 13:14:59,731 - dinov3 - INFO - using dtype=fp32 for rope new
2026-07-26 13:14:59,731 - dinov3 - INFO - using mlp layer as FFN
2026-07-26 13:14:59,731 - dinov3 - INFO - using mlp layer as FFN
2026-07-26 13:15:00,068 - cellpose.models - INFO - >>>> loading model /data/taro_Projects/tsgh/backend/algorithms/hybrid/models/cellpose/cellpose_ihc_dish_best
2026-07-26 13:15:00,148 - m2_segmentation - INFO - Cellpose 模型載入完成: cellpose_ihc_dish_best (diameter=None)
2026-07-26 13:15:00,148 - cellpose.core - INFO - ** TORCH CUDA version installed and working. **
2026-07-26 13:15:00,148 - cellpose.core - INFO - >>>> using GPU (CUDA)
2026-07-26 13:15:00,156 - dinov3 - INFO - using base=100 for rope new
2026-07-26 13:15:00,156 - dinov3 - INFO - using min_period=None for rope new
2026-07-26 13:15:00,156 - dinov3 - INFO - using max_period=None for rope new
2026-07-26 13:15:00,156 - dinov3 - INFO - using normalize_coords=separate for rope new
2026-07-26 13:15:00,156 - dinov3 - INFO - using shift_coords=None for rope new
2026-07-26 13:15:00,156 - dinov3 - INFO - using rescale_coords=2 for rope new
2026-07-26 13:15:00,156 - dinov3 - INFO - using jitter_coords=None for rope new
2026-07-26 13:15:00,156 - dinov3 - INFO - using dtype=fp32 for rope new
2026-07-26 13:15:00,156 - dinov3 - INFO - using mlp layer as FFN
2026-07-26 13:15:00,225 - cellpose.models - INFO - >>>> loading model /data/taro_Projects/tsgh/backend/algorithms/hybrid/models/cellpose/cellpose_ihc_dish_best
2026-07-26 13:15:00,226 - cellpose.models - INFO - >>>> loading model /data/taro_Projects/tsgh/backend/algorithms/hybrid/models/cellpose/cellpose_ihc_dish_best
2026-07-26 13:15:00,240 - cellpose.models - INFO - >>>> loading model /data/taro_Projects/tsgh/backend/algorithms/hybrid/models/cellpose/cellpose_ihc_dish_best
2026-07-26 13:15:00,325 - m2_segmentation - INFO - Cellpose 模型載入完成: cellpose_ihc_dish_best (diameter=None)
2026-07-26 13:15:00,325 - m2_segmentation - INFO - Cellpose 模型載入完成: cellpose_ihc_dish_best (diameter=None)
2026-07-26 13:15:00,325 - cellpose.core - INFO - ** TORCH CUDA version installed and working. **
2026-07-26 13:15:00,325 - cellpose.core - INFO - >>>> using GPU (CUDA)
2026-07-26 13:15:00,326 - cellpose.core - INFO - ** TORCH CUDA version installed and working. **
2026-07-26 13:15:00,326 - cellpose.core - INFO - >>>> using GPU (CUDA)
2026-07-26 13:15:00,333 - dinov3 - INFO - using base=100 for rope new
2026-07-26 13:15:00,333 - dinov3 - INFO - using base=100 for rope new
2026-07-26 13:15:00,333 - dinov3 - INFO - using min_period=None for rope new
2026-07-26 13:15:00,334 - dinov3 - INFO - using max_period=None for rope new
2026-07-26 13:15:00,334 - dinov3 - INFO - using min_period=None for rope new
2026-07-26 13:15:00,334 - dinov3 - INFO - using normalize_coords=separate for rope new
2026-07-26 13:15:00,334 - dinov3 - INFO - using shift_coords=None for rope new
2026-07-26 13:15:00,334 - dinov3 - INFO - using max_period=None for rope new
2026-07-26 13:15:00,334 - dinov3 - INFO - using rescale_coords=2 for rope new
2026-07-26 13:15:00,334 - dinov3 - INFO - using normalize_coords=separate for rope new
2026-07-26 13:15:00,334 - dinov3 - INFO - using jitter_coords=None for rope new
2026-07-26 13:15:00,334 - dinov3 - INFO - using shift_coords=None for rope new
2026-07-26 13:15:00,334 - dinov3 - INFO - using dtype=fp32 for rope new
2026-07-26 13:15:00,334 - dinov3 - INFO - using rescale_coords=2 for rope new
2026-07-26 13:15:00,334 - dinov3 - INFO - using jitter_coords=None for rope new
2026-07-26 13:15:00,334 - dinov3 - INFO - using dtype=fp32 for rope new
2026-07-26 13:15:00,334 - dinov3 - INFO - using mlp layer as FFN
2026-07-26 13:15:00,334 - dinov3 - INFO - using mlp layer as FFN
2026-07-26 13:15:00,337 - m2_segmentation - INFO - Cellpose 模型載入完成: cellpose_ihc_dish_best (diameter=None)
2026-07-26 13:15:00,337 - cellpose.core - INFO - ** TORCH CUDA version installed and working. **
2026-07-26 13:15:00,337 - cellpose.core - INFO - >>>> using GPU (CUDA)
2026-07-26 13:15:00,345 - dinov3 - INFO - using base=100 for rope new
2026-07-26 13:15:00,345 - dinov3 - INFO - using min_period=None for rope new
2026-07-26 13:15:00,345 - dinov3 - INFO - using max_period=None for rope new
2026-07-26 13:15:00,345 - dinov3 - INFO - using normalize_coords=separate for rope new
2026-07-26 13:15:00,345 - dinov3 - INFO - using shift_coords=None for rope new
2026-07-26 13:15:00,345 - dinov3 - INFO - using rescale_coords=2 for rope new
2026-07-26 13:15:00,345 - dinov3 - INFO - using jitter_coords=None for rope new
2026-07-26 13:15:00,345 - dinov3 - INFO - using dtype=fp32 for rope new
2026-07-26 13:15:00,345 - dinov3 - INFO - using mlp layer as FFN
2026-07-26 13:15:00,632 - cellpose.models - INFO - >>>> loading model /data/taro_Projects/tsgh/backend/algorithms/hybrid/models/cellpose/cellpose_dish_best
2026-07-26 13:15:00,704 - m2_segmentation - INFO - Cellpose 模型載入完成: cellpose_dish_best (diameter=None)
2026-07-26 13:15:00,830 - cellpose.models - INFO - >>>> loading model /data/taro_Projects/tsgh/backend/algorithms/hybrid/models/cellpose/cellpose_dish_best
2026-07-26 13:15:00,842 - cellpose.models - INFO - >>>> loading model /data/taro_Projects/tsgh/backend/algorithms/hybrid/models/cellpose/cellpose_dish_best
2026-07-26 13:15:00,846 - cellpose.models - INFO - >>>> loading model /data/taro_Projects/tsgh/backend/algorithms/hybrid/models/cellpose/cellpose_dish_best
2026-07-26 13:15:00,921 - m2_segmentation - INFO - Cellpose 模型載入完成: cellpose_dish_best (diameter=None)
2026-07-26 13:15:00,930 - m2_segmentation - INFO - Cellpose 模型載入完成: cellpose_dish_best (diameter=None)
2026-07-26 13:15:00,939 - m2_segmentation - INFO - Cellpose 模型載入完成: cellpose_dish_best (diameter=None)
2026-07-26 13:15:00,939 - hybrid_pipeline - INFO - 4 個 worker 模型載入完成，耗時 4.18 秒（平行）
2026-07-26 13:15:02,484 - hybrid_pipeline - INFO - Tile tile_x5376_y0: 核心遮罩全空 → 空白 placeholder
2026-07-26 13:15:02,533 - hybrid_pipeline - INFO - [1/576] 已回收 tile_x5376_y0
2026-07-26 13:15:02,561 - hybrid_pipeline - INFO - Tile tile_x3840_y0: 核心遮罩全空 → 空白 placeholder
2026-07-26 13:15:02,607 - hybrid_pipeline - INFO - [2/576] 已回收 tile_x3840_y0
2026-07-26 13:15:02,640 - hybrid_pipeline - INFO - Tile tile_x1536_y0: 核心遮罩全空 → 空白 placeholder
2026-07-26 13:15:02,680 - hybrid_pipeline - INFO - [3/576] 已回收 tile_x1536_y0
2026-07-26 13:15:02,709 - hybrid_pipeline - INFO - Tile tile_x768_y0: 核心遮罩全空 → 空白 placeholder
2026-07-26 13:15:02,742 - hybrid_pipeline - INFO - [4/576] 已回收 tile_x768_y0
2026-07-26 13:15:02,770 - hybrid_pipeline - INFO - Tile tile_x0_y0: 核心遮罩全空 → 空白 placeholder
2026-07-26 13:15:02,809 - hybrid_pipeline - INFO - [5/576] 已回收 tile_x0_y0
2026-07-26 13:15:02,837 - hybrid_pipeline - INFO - Tile tile_x6144_y0: 核心遮罩全空 → 空白 placeholder
2026-07-26 13:15:02,888 - hybrid_pipeline - INFO - [6/576] 已回收 tile_x6144_y0
2026-07-26 13:15:02,916 - hybrid_pipeline - INFO - Tile tile_x6912_y0: 核心遮罩全空 → 空白 placeholder
2026-07-26 13:15:02,949 - hybrid_pipeline - INFO - [7/576] 已回收 tile_x6912_y0
2026-07-26 13:15:02,977 - hybrid_pipeline - INFO - Tile tile_x8448_y0: 核心遮罩全空 → 空白 placeholder
2026-07-26 13:15:03,002 - hybrid_pipeline - INFO - [8/576] 已回收 tile_x8448_y0
2026-07-26 13:15:03,029 - hybrid_pipeline - INFO - Tile tile_x9216_y0: 核心遮罩全空 → 空白 placeholder
2026-07-26 13:15:03,052 - hybrid_pipeline - INFO - [9/576] 已回收 tile_x9216_y0
2026-07-26 13:15:03,080 - hybrid_pipeline - INFO - Tile tile_x7680_y0: 核心遮罩全空 → 空白 placeholder
2026-07-26 13:15:03,114 - hybrid_pipeline - INFO - [10/576] 已回收 tile_x7680_y0
2026-07-26 13:15:03,142 - hybrid_pipeline - INFO - Tile tile_x10752_y0: 核心遮罩全空 → 空白 placeholder
2026-07-26 13:15:03,161 - hybrid_pipeline - INFO - [11/576] 已回收 tile_x10752_y0
2026-07-26 13:15:03,168 - hybrid_pipeline - INFO - Tile tile_x4608_y0: 核心遮罩全空 → 空白 placeholder
2026-07-26 13:15:03,174 - hybrid_pipeline - INFO - Tile tile_x2304_y0: 核心遮罩全空 → 空白 placeholder
2026-07-26 13:15:03,189 - hybrid_pipeline - INFO - Tile tile_x9984_y0: 核心遮罩全空 → 空白 placeholder
2026-07-26 13:15:03,210 - hybrid_pipeline - INFO - [12/576] 已回收 tile_x4608_y0
2026-07-26 13:15:03,214 - hybrid_pipeline - INFO - [13/576] 已回收 tile_x2304_y0
2026-07-26 13:15:03,224 - hybrid_pipeline - INFO - [14/576] 已回收 tile_x9984_y0
2026-07-26 13:15:03,238 - hybrid_pipeline - INFO - Tile tile_x11520_y0: 核心遮罩全空 → 空白 placeholder
2026-07-26 13:15:03,245 - hybrid_pipeline - INFO - Tile tile_x12288_y0: 核心遮罩全空 → 空白 placeholder
2026-07-26 13:15:03,251 - hybrid_pipeline - INFO - Tile tile_x15360_y0: 核心遮罩全空 → 空白 placeholder
2026-07-26 13:15:03,277 - hybrid_pipeline - INFO - Tile tile_x3072_y0: 核心遮罩全空 → 空白 placeholder
2026-07-26 13:15:03,284 - hybrid_pipeline - INFO - [15/576] 已回收 tile_x11520_y0
2026-07-26 13:15:03,306 - hybrid_pipeline - INFO - [16/576] 已回收 tile_x12288_y0
2026-07-26 13:15:03,313 - hybrid_pipeline - INFO - Tile tile_x13824_y0: 核心遮罩全空 → 空白 placeholder
2026-07-26 13:15:03,318 - hybrid_pipeline - INFO - [17/576] 已回收 tile_x15360_y0
2026-07-26 13:15:03,322 - hybrid_pipeline - INFO - [18/576] 已回收 tile_x3072_y0
2026-07-26 13:15:03,336 - hybrid_pipeline - INFO - Tile tile_x14592_y0: 核心遮罩全空 → 空白 placeholder
2026-07-26 13:15:03,342 - hybrid_pipeline - INFO - [19/576] 已回收 tile_x13824_y0
2026-07-26 13:15:03,347 - hybrid_pipeline - INFO - Tile tile_x13056_y0: 核心遮罩全空 → 空白 placeholder
2026-07-26 13:15:03,352 - hybrid_pipeline - INFO - Tile tile_x16128_y0: 核心遮罩全空 → 空白 placeholder
2026-07-26 13:15:03,370 - hybrid_pipeline - INFO - Tile tile_x16896_y0: 核心遮罩全空 → 空白 placeholder
2026-07-26 13:15:03,384 - hybrid_pipeline - INFO - [20/576] 已回收 tile_x14592_y0
2026-07-26 13:15:03,402 - hybrid_pipeline - INFO - [21/576] 已回收 tile_x13056_y0
2026-07-26 13:15:03,413 - hybrid_pipeline - INFO - [22/576] 已回收 tile_x16128_y0
2026-07-26 13:15:03,414 - hybrid_pipeline - INFO - Tile tile_x17664_y0: 核心遮罩全空 → 空白 placeholder
2026-07-26 13:15:03,425 - hybrid_pipeline - INFO - [23/576] 已回收 tile_x16896_y0
2026-07-26 13:15:03,432 - hybrid_pipeline - INFO - Tile tile_x0_y768: 核心遮罩全空 → 空白 placeholder
2026-07-26 13:15:03,444 - hybrid_pipeline - INFO - Tile tile_x768_y768: 核心遮罩全空 → 空白 placeholder
2026-07-26 13:15:03,449 - hybrid_pipeline - INFO - Tile tile_x3072_y768: 核心遮罩全空 → 空白 placeholder
2026-07-26 13:15:03,458 - hybrid_pipeline - INFO - [24/576] 已回收 tile_x17664_y0
2026-07-26 13:15:03,485 - hybrid_pipeline - INFO - [25/576] 已回收 tile_x0_y768
2026-07-26 13:15:03,486 - hybrid_pipeline - INFO - Tile tile_x1536_y768: 核心遮罩全空 → 空白 placeholder
2026-07-26 13:15:03,499 - hybrid_pipeline - INFO - [26/576] 已回收 tile_x768_y768
2026-07-26 13:15:03,511 - hybrid_pipeline - INFO - [27/576] 已回收 tile_x3072_y768
2026-07-26 13:15:03,514 - hybrid_pipeline - INFO - Tile tile_x2304_y768: 核心遮罩全空 → 空白 placeholder
2026-07-26 13:15:03,528 - hybrid_pipeline - INFO - Tile tile_x5376_y768: 核心遮罩全空 → 空白 placeholder
2026-07-26 13:15:03,529 - hybrid_pipeline - INFO - [28/576] 已回收 tile_x1536_y768
2026-07-26 13:15:03,540 - hybrid_pipeline - INFO - Tile tile_x3840_y768: 核心遮罩全空 → 空白 placeholder
2026-07-26 13:15:03,556 - hybrid_pipeline - INFO - Tile tile_x4608_y768: 核心遮罩全空 → 空白 placeholder
2026-07-26 13:15:03,568 - hybrid_pipeline - INFO - [29/576] 已回收 tile_x2304_y768
2026-07-26 13:15:03,587 - hybrid_pipeline - INFO - [30/576] 已回收 tile_x5376_y768
2026-07-26 13:15:03,591 - hybrid_pipeline - INFO - [31/576] 已回收 tile_x3840_y768
2026-07-26 13:15:03,598 - hybrid_pipeline - INFO - Tile tile_x6144_y768: 核心遮罩全空 → 空白 placeholder
2026-07-26 13:15:03,600 - hybrid_pipeline - INFO - [32/576] 已回收 tile_x4608_y768
2026-07-26 13:15:03,614 - hybrid_pipeline - INFO - Tile tile_x6912_y768: 核心遮罩全空 → 空白 placeholder
2026-07-26 13:15:03,622 - hybrid_pipeline - INFO - Tile tile_x7680_y768: 核心遮罩全空 → 空白 placeholder
2026-07-26 13:15:03,628 - hybrid_pipeline - INFO - Tile tile_x8448_y768: 核心遮罩全空 → 空白 placeholder
2026-07-26 13:15:03,630 - hybrid_pipeline - INFO - [33/576] 已回收 tile_x6144_y768
2026-07-26 13:15:03,657 - hybrid_pipeline - INFO - Tile tile_x10752_y768: 核心遮罩全空 → 空白 placeholder
2026-07-26 13:15:03,673 - hybrid_pipeline - INFO - [34/576] 已回收 tile_x6912_y768
2026-07-26 13:15:03,687 - hybrid_pipeline - INFO - [35/576] 已回收 tile_x7680_y768
2026-07-26 13:15:03,691 - hybrid_pipeline - INFO - [36/576] 已回收 tile_x8448_y768
2026-07-26 13:15:03,698 - hybrid_pipeline - INFO - [37/576] 已回收 tile_x10752_y768
2026-07-26 13:15:03,703 - hybrid_pipeline - INFO - Tile tile_x9216_y768: 核心遮罩全空 → 空白 placeholder
2026-07-26 13:15:03,719 - hybrid_pipeline - INFO - Tile tile_x9984_y768: 核心遮罩全空 → 空白 placeholder
2026-07-26 13:15:03,721 - hybrid_pipeline - INFO - Tile tile_x11520_y768: 核心遮罩全空 → 空白 placeholder
2026-07-26 13:15:03,726 - hybrid_pipeline - INFO - Tile tile_x13056_y768: 核心遮罩全空 → 空白 placeholder
2026-07-26 13:15:03,733 - hybrid_pipeline - INFO - [38/576] 已回收 tile_x9216_y768
2026-07-26 13:15:03,762 - hybrid_pipeline - INFO - Tile tile_x12288_y768: 核心遮罩全空 → 空白 placeholder
2026-07-26 13:15:03,775 - hybrid_pipeline - INFO - [39/576] 已回收 tile_x11520_y768
2026-07-26 13:15:03,791 - hybrid_pipeline - INFO - [40/576] 已回收 tile_x13056_y768
2026-07-26 13:15:03,791 - hybrid_pipeline - INFO - [41/576] 已回收 tile_x9984_y768
2026-07-26 13:15:03,798 - hybrid_pipeline - INFO - [42/576] 已回收 tile_x12288_y768
2026-07-26 13:15:03,805 - hybrid_pipeline - INFO - Tile tile_x13824_y768: 核心遮罩全空 → 空白 placeholder
2026-07-26 13:15:03,820 - hybrid_pipeline - INFO - Tile tile_x14592_y768: 核心遮罩全空 → 空白 placeholder
2026-07-26 13:15:03,820 - hybrid_pipeline - INFO - Tile tile_x16128_y768: 核心遮罩全空 → 空白 placeholder
2026-07-26 13:15:03,830 - hybrid_pipeline - INFO - Tile tile_x15360_y768: 核心遮罩全空 → 空白 placeholder
2026-07-26 13:15:03,830 - hybrid_pipeline - INFO - [43/576] 已回收 tile_x13824_y768
2026-07-26 13:15:03,857 - hybrid_pipeline - INFO - Tile tile_x17664_y768: 核心遮罩全空 → 空白 placeholder
2026-07-26 13:15:03,874 - hybrid_pipeline - INFO - [44/576] 已回收 tile_x14592_y768
2026-07-26 13:15:03,886 - hybrid_pipeline - INFO - [45/576] 已回收 tile_x16128_y768
2026-07-26 13:15:03,893 - hybrid_pipeline - INFO - [46/576] 已回收 tile_x15360_y768
2026-07-26 13:15:03,903 - hybrid_pipeline - INFO - Tile tile_x16896_y768: 核心遮罩全空 → 空白 placeholder
2026-07-26 13:15:03,905 - hybrid_pipeline - INFO - [47/576] 已回收 tile_x17664_y768
2026-07-26 13:15:03,917 - hybrid_pipeline - INFO - Tile tile_x1536_y1536: 核心遮罩全空 → 空白 placeholder
2026-07-26 13:15:03,923 - hybrid_pipeline - INFO - Tile tile_x0_y1536: 核心遮罩全空 → 空白 placeholder
2026-07-26 13:15:03,929 - hybrid_pipeline - INFO - Tile tile_x768_y1536: 核心遮罩全空 → 空白 placeholder
2026-07-26 13:15:03,947 - hybrid_pipeline - INFO - [48/576] 已回收 tile_x16896_y768
2026-07-26 13:15:03,973 - hybrid_pipeline - INFO - [49/576] 已回收 tile_x1536_y1536
2026-07-26 13:15:03,975 - hybrid_pipeline - INFO - Tile tile_x2304_y1536: 核心遮罩全空 → 空白 placeholder
2026-07-26 13:15:03,986 - hybrid_pipeline - INFO - [50/576] 已回收 tile_x0_y1536
2026-07-26 13:15:03,990 - hybrid_pipeline - INFO - [51/576] 已回收 tile_x768_y1536
2026-07-26 13:15:04,002 - hybrid_pipeline - INFO - Tile tile_x3072_y1536: 核心遮罩全空 → 空白 placeholder
2026-07-26 13:15:04,008 - hybrid_pipeline - INFO - [52/576] 已回收 tile_x2304_y1536
2026-07-26 13:15:04,013 - hybrid_pipeline - INFO - Tile tile_x3840_y1536: 核心遮罩全空 → 空白 placeholder
2026-07-26 13:15:04,019 - hybrid_pipeline - INFO - Tile tile_x4608_y1536: 核心遮罩全空 → 空白 placeholder
2026-07-26 13:15:04,036 - hybrid_pipeline - INFO - Tile tile_x5376_y1536: 核心遮罩全空 → 空白 placeholder
2026-07-26 13:15:04,055 - hybrid_pipeline - INFO - [53/576] 已回收 tile_x3072_y1536
2026-07-26 13:15:04,073 - hybrid_pipeline - INFO - [54/576] 已回收 tile_x3840_y1536
2026-07-26 13:15:04,077 - hybrid_pipeline - INFO - [55/576] 已回收 tile_x4608_y1536
2026-07-26 13:15:04,083 - hybrid_pipeline - INFO - Tile tile_x6144_y1536: 核心遮罩全空 → 空白 placeholder
2026-07-26 13:15:04,090 - hybrid_pipeline - INFO - [56/576] 已回收 tile_x5376_y1536
2026-07-26 13:15:04,105 - hybrid_pipeline - INFO - Tile tile_x6912_y1536: 核心遮罩全空 → 空白 placeholder
2026-07-26 13:15:04,109 - hybrid_pipeline - INFO - [57/576] 已回收 tile_x6144_y1536
2026-07-26 13:15:04,110 - hybrid_pipeline - INFO - Tile tile_x9216_y1536: 核心遮罩全空 → 空白 placeholder
2026-07-26 13:15:04,119 - hybrid_pipeline - INFO - Tile tile_x8448_y1536: 核心遮罩全空 → 空白 placeholder
2026-07-26 13:15:04,136 - hybrid_pipeline - INFO - Tile tile_x7680_y1536: 核心遮罩全空 → 空白 placeholder
2026-07-26 13:15:04,158 - hybrid_pipeline - INFO - [58/576] 已回收 tile_x6912_y1536
2026-07-26 13:15:04,170 - hybrid_pipeline - INFO - [59/576] 已回收 tile_x9216_y1536
2026-07-26 13:15:04,179 - hybrid_pipeline - INFO - [60/576] 已回收 tile_x8448_y1536
2026-07-26 13:15:04,186 - hybrid_pipeline - INFO - [61/576] 已回收 tile_x7680_y1536
2026-07-26 13:15:04,189 - hybrid_pipeline - INFO - Tile tile_x9984_y1536: 核心遮罩全空 → 空白 placeholder
2026-07-26 13:15:04,199 - hybrid_pipeline - INFO - Tile tile_x10752_y1536: 核心遮罩全空 → 空白 placeholder
2026-07-26 13:15:04,206 - hybrid_pipeline - INFO - Tile tile_x11520_y1536: 核心遮罩全空 → 空白 placeholder
2026-07-26 13:15:04,214 - hybrid_pipeline - INFO - Tile tile_x12288_y1536: 核心遮罩全空 → 空白 placeholder
2026-07-26 13:15:04,225 - hybrid_pipeline - INFO - [62/576] 已回收 tile_x9984_y1536
2026-07-26 13:15:04,253 - hybrid_pipeline - INFO - Tile tile_x13056_y1536: 核心遮罩全空 → 空白 placeholder
2026-07-26 13:15:04,259 - hybrid_pipeline - INFO - [63/576] 已回收 tile_x10752_y1536
2026-07-26 13:15:04,272 - hybrid_pipeline - INFO - [64/576] 已回收 tile_x12288_y1536
2026-07-26 13:15:04,275 - hybrid_pipeline - INFO - [65/576] 已回收 tile_x11520_y1536
2026-07-26 13:15:04,284 - hybrid_pipeline - INFO - [66/576] 已回收 tile_x13056_y1536
2026-07-26 13:15:04,289 - hybrid_pipeline - INFO - Tile tile_x13824_y1536: 核心遮罩全空 → 空白 placeholder
2026-07-26 13:15:04,301 - hybrid_pipeline - INFO - Tile tile_x14592_y1536: 核心遮罩全空 → 空白 placeholder
2026-07-26 13:15:04,302 - hybrid_pipeline - INFO - Tile tile_x16128_y1536: 核心遮罩全空 → 空白 placeholder
2026-07-26 13:15:04,314 - hybrid_pipeline - INFO - Tile tile_x15360_y1536: 核心遮罩全空 → 空白 placeholder
2026-07-26 13:15:04,321 - hybrid_pipeline - INFO - [67/576] 已回收 tile_x13824_y1536
2026-07-26 13:15:04,349 - hybrid_pipeline - INFO - Tile tile_x17664_y1536: 核心遮罩全空 → 空白 placeholder
2026-07-26 13:15:04,362 - hybrid_pipeline - INFO - [68/576] 已回收 tile_x16128_y1536
2026-07-26 13:15:04,369 - hybrid_pipeline - INFO - [69/576] 已回收 tile_x14592_y1536
2026-07-26 13:15:04,376 - hybrid_pipeline - INFO - [70/576] 已回收 tile_x15360_y1536
2026-07-26 13:15:04,385 - hybrid_pipeline - INFO - [71/576] 已回收 tile_x17664_y1536
2026-07-26 13:15:04,393 - hybrid_pipeline - INFO - Tile tile_x16896_y1536: 核心遮罩全空 → 空白 placeholder
2026-07-26 13:15:04,397 - hybrid_pipeline - INFO - Tile tile_x0_y2304: 核心遮罩全空 → 空白 placeholder
2026-07-26 13:15:04,402 - hybrid_pipeline - INFO - Tile tile_x768_y2304: 核心遮罩全空 → 空白 placeholder
2026-07-26 13:15:04,410 - hybrid_pipeline - INFO - Tile tile_x3072_y2304: 核心遮罩全空 → 空白 placeholder
2026-07-26 13:15:04,438 - hybrid_pipeline - INFO - [72/576] 已回收 tile_x16896_y1536
2026-07-26 13:15:04,459 - hybrid_pipeline - INFO - [73/576] 已回收 tile_x0_y2304
2026-07-26 13:15:04,467 - hybrid_pipeline - INFO - Tile tile_x2304_y2304: 核心遮罩全空 → 空白 placeholder
2026-07-26 13:15:04,467 - hybrid_pipeline - INFO - [74/576] 已回收 tile_x768_y2304
2026-07-26 13:15:04,475 - hybrid_pipeline - INFO - [75/576] 已回收 tile_x3072_y2304
2026-07-26 13:15:04,488 - hybrid_pipeline - INFO - Tile tile_x1536_y2304: 核心遮罩全空 → 空白 placeholder
2026-07-26 13:15:04,491 - hybrid_pipeline - INFO - [76/576] 已回收 tile_x2304_y2304
2026-07-26 13:15:04,499 - hybrid_pipeline - INFO - Tile tile_x3840_y2304: 核心遮罩全空 → 空白 placeholder
2026-07-26 13:15:04,505 - hybrid_pipeline - INFO - Tile tile_x4608_y2304: 核心遮罩全空 → 空白 placeholder
2026-07-26 13:15:04,515 - hybrid_pipeline - INFO - Tile tile_x6144_y2304: 核心遮罩全空 → 空白 placeholder
2026-07-26 13:15:04,544 - hybrid_pipeline - INFO - [77/576] 已回收 tile_x1536_y2304
2026-07-26 13:15:04,561 - hybrid_pipeline - INFO - [78/576] 已回收 tile_x3840_y2304
2026-07-26 13:15:04,568 - hybrid_pipeline - INFO - [79/576] 已回收 tile_x4608_y2304
2026-07-26 13:15:04,572 - hybrid_pipeline - INFO - Tile tile_x5376_y2304: 核心遮罩全空 → 空白 placeholder
2026-07-26 13:15:04,573 - hybrid_pipeline - INFO - [80/576] 已回收 tile_x6144_y2304
2026-07-26 13:15:04,593 - hybrid_pipeline - INFO - Tile tile_x6912_y2304: 核心遮罩全空 → 空白 placeholder
2026-07-26 13:15:04,594 - hybrid_pipeline - INFO - [81/576] 已回收 tile_x5376_y2304
2026-07-26 13:15:04,599 - hybrid_pipeline - INFO - Tile tile_x7680_y2304: 核心遮罩全空 → 空白 placeholder
2026-07-26 13:15:04,602 - hybrid_pipeline - INFO - Tile tile_x9216_y2304: 核心遮罩全空 → 空白 placeholder
2026-07-26 13:15:04,622 - hybrid_pipeline - INFO - Tile tile_x8448_y2304: 核心遮罩全空 → 空白 placeholder
2026-07-26 13:15:04,649 - hybrid_pipeline - INFO - [82/576] 已回收 tile_x6912_y2304
2026-07-26 13:15:04,661 - hybrid_pipeline - INFO - [83/576] 已回收 tile_x7680_y2304
2026-07-26 13:15:04,665 - hybrid_pipeline - INFO - [84/576] 已回收 tile_x9216_y2304
2026-07-26 13:15:04,670 - hybrid_pipeline - INFO - [85/576] 已回收 tile_x8448_y2304
2026-07-26 13:15:04,679 - hybrid_pipeline - INFO - Tile tile_x9984_y2304: 核心遮罩全空 → 空白 placeholder
2026-07-26 13:15:04,693 - hybrid_pipeline - INFO - Tile tile_x10752_y2304: 核心遮罩全空 → 空白 placeholder
2026-07-26 13:15:04,693 - hybrid_pipeline - INFO - Tile tile_x11520_y2304: 核心遮罩全空 → 空白 placeholder
2026-07-26 13:15:04,699 - hybrid_pipeline - INFO - Tile tile_x12288_y2304: 核心遮罩全空 → 空白 placeholder
2026-07-26 13:15:04,713 - hybrid_pipeline - INFO - [86/576] 已回收 tile_x9984_y2304
2026-07-26 13:15:04,741 - hybrid_pipeline - INFO - Tile tile_x13056_y2304: 核心遮罩全空 → 空白 placeholder
2026-07-26 13:15:04,746 - hybrid_pipeline - INFO - [87/576] 已回收 tile_x10752_y2304
2026-07-26 13:15:04,764 - hybrid_pipeline - INFO - [88/576] 已回收 tile_x11520_y2304
2026-07-26 13:15:04,767 - hybrid_pipeline - INFO - [89/576] 已回收 tile_x12288_y2304
2026-07-26 13:15:04,775 - hybrid_pipeline - INFO - Tile tile_x13824_y2304: 核心遮罩全空 → 空白 placeholder
2026-07-26 13:15:04,781 - hybrid_pipeline - INFO - [90/576] 已回收 tile_x13056_y2304
2026-07-26 13:15:04,792 - hybrid_pipeline - INFO - Tile tile_x14592_y2304: 核心遮罩全空 → 空白 placeholder
2026-07-26 13:15:04,795 - hybrid_pipeline - INFO - Tile tile_x15360_y2304: 核心遮罩全空 → 空白 placeholder
2026-07-26 13:15:04,812 - hybrid_pipeline - INFO - Tile tile_x16128_y2304: 核心遮罩全空 → 空白 placeholder
2026-07-26 13:15:04,814 - hybrid_pipeline - INFO - [91/576] 已回收 tile_x13824_y2304
2026-07-26 13:15:04,842 - hybrid_pipeline - INFO - Tile tile_x16896_y2304: 核心遮罩全空 → 空白 placeholder
2026-07-26 13:15:04,845 - hybrid_pipeline - INFO - [92/576] 已回收 tile_x14592_y2304
2026-07-26 13:15:04,860 - hybrid_pipeline - INFO - [93/576] 已回收 tile_x15360_y2304
2026-07-26 13:15:04,867 - hybrid_pipeline - INFO - [94/576] 已回收 tile_x16128_y2304
2026-07-26 13:15:04,875 - hybrid_pipeline - INFO - Tile tile_x17664_y2304: 核心遮罩全空 → 空白 placeholder
2026-07-26 13:15:04,887 - hybrid_pipeline - INFO - Tile tile_x0_y3072: 核心遮罩全空 → 空白 placeholder
2026-07-26 13:15:04,887 - hybrid_pipeline - INFO - [95/576] 已回收 tile_x16896_y2304
2026-07-26 13:15:04,895 - hybrid_pipeline - INFO - Tile tile_x768_y3072: 核心遮罩全空 → 空白 placeholder
2026-07-26 13:15:04,914 - hybrid_pipeline - INFO - Tile tile_x1536_y3072: 核心遮罩全空 → 空白 placeholder
2026-07-26 13:15:04,925 - hybrid_pipeline - INFO - [96/576] 已回收 tile_x17664_y2304
2026-07-26 13:15:04,946 - hybrid_pipeline - INFO - [97/576] 已回收 tile_x0_y3072
2026-07-26 13:15:04,954 - hybrid_pipeline - INFO - [98/576] 已回收 tile_x768_y3072
2026-07-26 13:15:04,955 - hybrid_pipeline - INFO - Tile tile_x3840_y3072: 核心遮罩全空 → 空白 placeholder
2026-07-26 13:15:04,967 - hybrid_pipeline - INFO - [99/576] 已回收 tile_x1536_y3072
2026-07-26 13:15:04,976 - hybrid_pipeline - INFO - Tile tile_x4608_y3072: 核心遮罩全空 → 空白 placeholder
2026-07-26 13:15:04,985 - hybrid_pipeline - INFO - Tile tile_x2304_y3072: 核心遮罩全空 → 空白 placeholder
2026-07-26 13:15:04,993 - hybrid_pipeline - INFO - [100/576] 已回收 tile_x3840_y3072
2026-07-26 13:15:04,998 - hybrid_pipeline - INFO - Tile tile_x3072_y3072: 核心遮罩全空 → 空白 placeholder
2026-07-26 13:15:05,021 - hybrid_pipeline - INFO - Tile tile_x5376_y3072: 核心遮罩全空 → 空白 placeholder
2026-07-26 13:15:05,031 - hybrid_pipeline - INFO - [101/576] 已回收 tile_x4608_y3072
2026-07-26 13:15:05,040 - hybrid_pipeline - INFO - [102/576] 已回收 tile_x2304_y3072
2026-07-26 13:15:05,053 - hybrid_pipeline - INFO - [103/576] 已回收 tile_x3072_y3072
2026-07-26 13:15:05,060 - hybrid_pipeline - INFO - Tile tile_x6144_y3072: 核心遮罩全空 → 空白 placeholder
2026-07-26 13:15:05,061 - hybrid_pipeline - INFO - [104/576] 已回收 tile_x5376_y3072
2026-07-26 13:15:05,067 - hybrid_pipeline - INFO - Tile tile_x7680_y3072: 核心遮罩全空 → 空白 placeholder
2026-07-26 13:15:05,081 - hybrid_pipeline - INFO - Tile tile_x6912_y3072: 核心遮罩全空 → 空白 placeholder
2026-07-26 13:15:05,090 - hybrid_pipeline - INFO - Tile tile_x8448_y3072: 核心遮罩全空 → 空白 placeholder
2026-07-26 13:15:05,108 - hybrid_pipeline - INFO - [105/576] 已回收 tile_x6144_y3072
2026-07-26 13:15:05,125 - hybrid_pipeline - INFO - [106/576] 已回收 tile_x7680_y3072
2026-07-26 13:15:05,136 - hybrid_pipeline - INFO - Tile tile_x9216_y3072: 核心遮罩全空 → 空白 placeholder
2026-07-26 13:15:05,145 - hybrid_pipeline - INFO - [107/576] 已回收 tile_x6912_y3072
2026-07-26 13:15:05,148 - hybrid_pipeline - INFO - [108/576] 已回收 tile_x8448_y3072
2026-07-26 13:15:05,154 - hybrid_pipeline - INFO - Tile tile_x12288_y3072: 核心遮罩全空 → 空白 placeholder
2026-07-26 13:15:05,175 - hybrid_pipeline - INFO - Tile tile_x10752_y3072: 核心遮罩全空 → 空白 placeholder
2026-07-26 13:15:05,176 - hybrid_pipeline - INFO - Tile tile_x9984_y3072: 核心遮罩全空 → 空白 placeholder
2026-07-26 13:15:05,185 - hybrid_pipeline - INFO - [109/576] 已回收 tile_x9216_y3072
2026-07-26 13:15:05,201 - hybrid_pipeline - INFO - [110/576] 已回收 tile_x12288_y3072
2026-07-26 13:15:05,213 - hybrid_pipeline - INFO - Tile tile_x11520_y3072: 核心遮罩全空 → 空白 placeholder
2026-07-26 13:15:05,229 - hybrid_pipeline - INFO - Tile tile_x13056_y3072: 核心遮罩全空 → 空白 placeholder
2026-07-26 13:15:05,230 - hybrid_pipeline - INFO - [111/576] 已回收 tile_x9984_y3072
2026-07-26 13:15:05,234 - hybrid_pipeline - INFO - [112/576] 已回收 tile_x10752_y3072
2026-07-26 13:15:05,258 - hybrid_pipeline - INFO - Tile tile_x14592_y3072: 核心遮罩全空 → 空白 placeholder
2026-07-26 13:15:05,262 - hybrid_pipeline - INFO - Tile tile_x13824_y3072: 核心遮罩全空 → 空白 placeholder
2026-07-26 13:15:05,268 - hybrid_pipeline - INFO - [113/576] 已回收 tile_x13056_y3072
2026-07-26 13:15:05,297 - hybrid_pipeline - INFO - Tile tile_x16128_y3072: 核心遮罩全空 → 空白 placeholder
2026-07-26 13:15:05,312 - hybrid_pipeline - INFO - [114/576] 已回收 tile_x14592_y3072
2026-07-26 13:15:05,313 - hybrid_pipeline - INFO - [115/576] 已回收 tile_x13824_y3072
2026-07-26 13:15:05,322 - hybrid_pipeline - INFO - [116/576] 已回收 tile_x16128_y3072
2026-07-26 13:15:05,342 - hybrid_pipeline - INFO - Tile tile_x16896_y3072: 核心遮罩全空 → 空白 placeholder
2026-07-26 13:15:05,343 - hybrid_pipeline - INFO - Tile tile_x17664_y3072: 核心遮罩全空 → 空白 placeholder
2026-07-26 13:15:05,353 - hybrid_pipeline - INFO - Tile tile_x0_y3840: 核心遮罩全空 → 空白 placeholder
2026-07-26 13:15:05,388 - hybrid_pipeline - INFO - [117/576] 已回收 tile_x17664_y3072
2026-07-26 13:15:05,397 - hybrid_pipeline - INFO - [118/576] 已回收 tile_x16896_y3072
2026-07-26 13:15:05,401 - hybrid_pipeline - INFO - [119/576] 已回收 tile_x0_y3840
2026-07-26 13:15:05,414 - hybrid_pipeline - INFO - Tile tile_x768_y3840: 核心遮罩全空 → 空白 placeholder
2026-07-26 13:15:05,424 - hybrid_pipeline - INFO - Tile tile_x1536_y3840: 核心遮罩全空 → 空白 placeholder
2026-07-26 13:15:05,430 - hybrid_pipeline - INFO - Tile tile_x3072_y3840: 核心遮罩全空 → 空白 placeholder
2026-07-26 13:15:05,464 - hybrid_pipeline - INFO - [120/576] 已回收 tile_x768_y3840
2026-07-26 13:15:05,482 - hybrid_pipeline - INFO - [121/576] 已回收 tile_x1536_y3840
2026-07-26 13:15:05,490 - hybrid_pipeline - INFO - [122/576] 已回收 tile_x3072_y3840
2026-07-26 13:15:05,493 - hybrid_pipeline - INFO - Tile tile_x3840_y3840: 核心遮罩全空 → 空白 placeholder
2026-07-26 13:15:05,511 - hybrid_pipeline - INFO - Tile tile_x2304_y3840: 核心遮罩全空 → 空白 placeholder
2026-07-26 13:15:05,520 - hybrid_pipeline - INFO - Tile tile_x4608_y3840: 核心遮罩全空 → 空白 placeholder
2026-07-26 13:15:05,528 - hybrid_pipeline - INFO - [123/576] 已回收 tile_x3840_y3840
2026-07-26 13:15:05,553 - hybrid_pipeline - INFO - [124/576] 已回收 tile_x2304_y3840
2026-07-26 13:15:05,557 - hybrid_pipeline - INFO - Tile tile_x5376_y3840: 核心遮罩全空 → 空白 placeholder
2026-07-26 13:15:05,564 - hybrid_pipeline - INFO - [125/576] 已回收 tile_x4608_y3840
2026-07-26 13:15:05,575 - hybrid_pipeline - INFO - [126/576] 已回收 tile_x5376_y3840
2026-07-26 13:15:05,583 - hybrid_pipeline - INFO - Tile tile_x6144_y3840: 核心遮罩全空 → 空白 placeholder
2026-07-26 13:15:05,595 - hybrid_pipeline - INFO - Tile tile_x6912_y3840: 核心遮罩全空 → 空白 placeholder
2026-07-26 13:15:05,604 - hybrid_pipeline - INFO - Tile tile_x7680_y3840: 核心遮罩全空 → 空白 placeholder
2026-07-26 13:15:05,616 - hybrid_pipeline - INFO - [127/576] 已回收 tile_x6144_y3840
2026-07-26 13:15:05,636 - hybrid_pipeline - INFO - [128/576] 已回收 tile_x6912_y3840
2026-07-26 13:15:05,640 - hybrid_pipeline - INFO - [129/576] 已回收 tile_x7680_y3840
2026-07-26 13:15:05,646 - hybrid_pipeline - INFO - Tile tile_x9216_y3840: 核心遮罩全空 → 空白 placeholder
2026-07-26 13:15:05,665 - hybrid_pipeline - INFO - Tile tile_x8448_y3840: 核心遮罩全空 → 空白 placeholder
2026-07-26 13:15:05,669 - hybrid_pipeline - INFO - Tile tile_x9984_y3840: 核心遮罩全空 → 空白 placeholder
2026-07-26 13:15:05,699 - hybrid_pipeline - INFO - [130/576] 已回收 tile_x9216_y3840
2026-07-26 13:15:05,727 - hybrid_pipeline - INFO - Tile tile_x11520_y3840: 核心遮罩全空 → 空白 placeholder
2026-07-26 13:15:05,729 - hybrid_pipeline - INFO - [131/576] 已回收 tile_x8448_y3840
2026-07-26 13:15:05,733 - hybrid_pipeline - INFO - [132/576] 已回收 tile_x9984_y3840
2026-07-26 13:15:05,758 - hybrid_pipeline - INFO - Tile tile_x12288_y3840: 核心遮罩全空 → 空白 placeholder
2026-07-26 13:15:05,761 - hybrid_pipeline - INFO - Tile tile_x10752_y3840: 核心遮罩全空 → 空白 placeholder
2026-07-26 13:15:05,779 - hybrid_pipeline - INFO - [133/576] 已回收 tile_x11520_y3840
2026-07-26 13:15:05,807 - hybrid_pipeline - INFO - Tile tile_x13056_y3840: 核心遮罩全空 → 空白 placeholder
2026-07-26 13:15:05,822 - hybrid_pipeline - INFO - [134/576] 已回收 tile_x10752_y3840
2026-07-26 13:15:05,833 - hybrid_pipeline - INFO - [135/576] 已回收 tile_x12288_y3840
2026-07-26 13:15:05,853 - hybrid_pipeline - INFO - Tile tile_x17664_y3840: 核心遮罩全空 → 空白 placeholder
2026-07-26 13:15:05,861 - hybrid_pipeline - INFO - Tile tile_x13824_y3840: 核心遮罩全空 → 空白 placeholder
2026-07-26 13:15:05,866 - hybrid_pipeline - INFO - [136/576] 已回收 tile_x13056_y3840
2026-07-26 13:15:05,894 - hybrid_pipeline - INFO - Tile tile_x16896_y3840: 核心遮罩全空 → 空白 placeholder
2026-07-26 13:15:05,908 - hybrid_pipeline - INFO - [137/576] 已回收 tile_x17664_y3840
2026-07-26 13:15:05,933 - hybrid_pipeline - INFO - [138/576] 已回收 tile_x16896_y3840
2026-07-26 13:15:05,941 - hybrid_pipeline - INFO - Tile tile_x14592_y3840: 核心遮罩全空 → 空白 placeholder
2026-07-26 13:15:05,953 - hybrid_pipeline - INFO - [139/576] 已回收 tile_x14592_y3840
2026-07-26 13:15:05,962 - hybrid_pipeline - INFO - Tile tile_x16128_y3840: 核心遮罩全空 → 空白 placeholder
2026-07-26 13:15:05,978 - hybrid_pipeline - INFO - [140/576] 已回收 tile_x16128_y3840
2026-07-26 13:15:05,982 - hybrid_pipeline - INFO - Tile tile_x0_y4608: 核心遮罩全空 → 空白 placeholder
2026-07-26 13:15:05,996 - hybrid_pipeline - INFO - [141/576] 已回收 tile_x0_y4608
2026-07-26 13:15:06,008 - hybrid_pipeline - INFO - Tile tile_x768_y4608: 核心遮罩全空 → 空白 placeholder
2026-07-26 13:15:06,026 - hybrid_pipeline - INFO - Tile tile_x1536_y4608: 核心遮罩全空 → 空白 placeholder
2026-07-26 13:15:06,028 - hybrid_pipeline - INFO - [142/576] 已回收 tile_x768_y4608
2026-07-26 13:15:06,044 - hybrid_pipeline - INFO - [143/576] 已回收 tile_x1536_y4608
2026-07-26 13:15:06,059 - hybrid_pipeline - INFO - Tile tile_x5376_y4608: 核心遮罩全空 → 空白 placeholder
2026-07-26 13:15:06,074 - hybrid_pipeline - INFO - Tile tile_x3840_y4608: 核心遮罩全空 → 空白 placeholder
2026-07-26 13:15:06,091 - hybrid_pipeline - INFO - [144/576] 已回收 tile_x5376_y4608
2026-07-26 13:15:06,109 - hybrid_pipeline - INFO - [145/576] 已回收 tile_x3840_y4608
2026-07-26 13:15:06,119 - hybrid_pipeline - INFO - Tile tile_x2304_y4608: 核心遮罩全空 → 空白 placeholder
2026-07-26 13:15:06,137 - hybrid_pipeline - INFO - Tile tile_x4608_y4608: 核心遮罩全空 → 空白 placeholder
2026-07-26 13:15:06,150 - hybrid_pipeline - INFO - [146/576] 已回收 tile_x2304_y4608
2026-07-26 13:15:06,170 - hybrid_pipeline - INFO - [147/576] 已回收 tile_x4608_y4608
2026-07-26 13:15:06,181 - hybrid_pipeline - INFO - Tile tile_x3072_y4608: 核心遮罩全空 → 空白 placeholder
2026-07-26 13:15:06,192 - hybrid_pipeline - INFO - [148/576] 已回收 tile_x3072_y4608
2026-07-26 13:15:06,200 - hybrid_pipeline - INFO - Tile tile_x6144_y4608: 核心遮罩全空 → 空白 placeholder
2026-07-26 13:15:06,218 - hybrid_pipeline - INFO - [149/576] 已回收 tile_x6144_y4608
2026-07-26 13:15:06,221 - hybrid_pipeline - INFO - Tile tile_x6912_y4608: 核心遮罩全空 → 空白 placeholder
2026-07-26 13:15:06,242 - hybrid_pipeline - INFO - [150/576] 已回收 tile_x6912_y4608
2026-07-26 13:15:06,247 - hybrid_pipeline - INFO - Tile tile_x7680_y4608: 核心遮罩全空 → 空白 placeholder
2026-07-26 13:15:06,260 - hybrid_pipeline - INFO - [151/576] 已回收 tile_x7680_y4608
2026-07-26 13:15:06,272 - hybrid_pipeline - INFO - Tile tile_x11520_y4608: 核心遮罩全空 → 空白 placeholder
2026-07-26 13:15:06,288 - hybrid_pipeline - INFO - Tile tile_x10752_y4608: 核心遮罩全空 → 空白 placeholder
2026-07-26 13:15:06,290 - hybrid_pipeline - INFO - [152/576] 已回收 tile_x11520_y4608
2026-07-26 13:15:06,319 - hybrid_pipeline - INFO - Tile tile_x8448_y4608: 核心遮罩全空 → 空白 placeholder
2026-07-26 13:15:06,321 - hybrid_pipeline - INFO - [153/576] 已回收 tile_x10752_y4608
2026-07-26 13:15:06,350 - hybrid_pipeline - INFO - Tile tile_x9984_y4608: 核心遮罩全空 → 空白 placeholder
2026-07-26 13:15:06,359 - hybrid_pipeline - INFO - [154/576] 已回收 tile_x8448_y4608
2026-07-26 13:15:06,387 - hybrid_pipeline - INFO - Tile tile_x9216_y4608: 核心遮罩全空 → 空白 placeholder
2026-07-26 13:15:06,417 - hybrid_pipeline - INFO - [155/576] 已回收 tile_x9984_y4608
2026-07-26 13:15:06,445 - hybrid_pipeline - INFO - Tile tile_x12288_y4608: 核心遮罩全空 → 空白 placeholder
2026-07-26 13:15:06,457 - hybrid_pipeline - INFO - [156/576] 已回收 tile_x9216_y4608
2026-07-26 13:15:06,487 - hybrid_pipeline - INFO - Tile tile_x13056_y4608: 核心遮罩全空 → 空白 placeholder
2026-07-26 13:15:06,515 - hybrid_pipeline - INFO - [157/576] 已回收 tile_x12288_y4608
2026-07-26 13:15:06,542 - hybrid_pipeline - INFO - Tile tile_x13824_y4608: 核心遮罩全空 → 空白 placeholder
2026-07-26 13:15:06,550 - hybrid_pipeline - INFO - [158/576] 已回收 tile_x13056_y4608
2026-07-26 13:15:06,577 - hybrid_pipeline - INFO - Tile tile_x16896_y4608: 核心遮罩全空 → 空白 placeholder
2026-07-26 13:15:06,592 - hybrid_pipeline - INFO - [159/576] 已回收 tile_x13824_y4608
2026-07-26 13:15:06,619 - hybrid_pipeline - INFO - Tile tile_x16128_y4608: 核心遮罩全空 → 空白 placeholder
2026-07-26 13:15:06,626 - hybrid_pipeline - INFO - [160/576] 已回收 tile_x16896_y4608
2026-07-26 13:15:06,648 - hybrid_pipeline - INFO - [161/576] 已回收 tile_x16128_y4608
2026-07-26 13:15:06,658 - hybrid_pipeline - INFO - Tile tile_x14592_y4608: 核心遮罩全空 → 空白 placeholder
2026-07-26 13:15:06,675 - hybrid_pipeline - INFO - [162/576] 已回收 tile_x14592_y4608
2026-07-26 13:15:06,679 - hybrid_pipeline - INFO - Tile tile_x17664_y4608: 核心遮罩全空 → 空白 placeholder
2026-07-26 13:15:06,693 - hybrid_pipeline - INFO - [163/576] 已回收 tile_x17664_y4608
2026-07-26 13:15:06,706 - hybrid_pipeline - INFO - Tile tile_x15360_y4608: 核心遮罩全空 → 空白 placeholder
2026-07-26 13:15:06,721 - hybrid_pipeline - INFO - Tile tile_x0_y5376: 核心遮罩全空 → 空白 placeholder
2026-07-26 13:15:06,735 - hybrid_pipeline - INFO - [164/576] 已回收 tile_x15360_y4608
2026-07-26 13:15:06,766 - hybrid_pipeline - INFO - Tile tile_x768_y5376: 核心遮罩全空 → 空白 placeholder
2026-07-26 13:15:06,780 - hybrid_pipeline - INFO - [165/576] 已回收 tile_x768_y5376
2026-07-26 13:15:06,788 - hybrid_pipeline - INFO - [166/576] 已回收 tile_x11520_y3072
2026-07-26 13:15:06,813 - hybrid_pipeline - INFO - Tile tile_x4608_y5376: 核心遮罩全空 → 空白 placeholder
2026-07-26 13:15:06,818 - m3_module.m3_cells_generator - INFO - All-positive 標註完成: 3 個細胞
2026-07-26 13:15:06,835 - hybrid_pipeline - INFO - [167/576] 已回收 tile_x4608_y5376
2026-07-26 13:15:06,853 - m3_module.m3_cells_generator - INFO - enlarge_cell_instances: 3 顆細胞, factor=1.50(面積), 中位半徑=18.4px, 外擴=4.1px
2026-07-26 13:15:06,869 - hybrid_pipeline - INFO - Tile tile_x3072_y5376: 核心遮罩全空 → 空白 placeholder
2026-07-26 13:15:06,878 - hybrid_pipeline - INFO - [168/576] 已回收 tile_x3072_y5376
2026-07-26 13:15:06,909 - hybrid_pipeline - INFO - Tile tile_x5376_y5376: 核心遮罩全空 → 空白 placeholder
2026-07-26 13:15:06,986 - m3_module.m3_dot_detection - INFO - detect_all_dots: 紅點=0, 黑點=0, 涉及細胞=3
2026-07-26 13:15:07,029 - m4_module.cell_crops - INFO - 匯出 1 張 per-cell 影像至 /data/taro_Projects/tsgh/output/r7_run/cell_crops/tile_x15360_y3072/cells
2026-07-26 13:15:07,029 - hybrid_pipeline - INFO - Tile tile_x15360_y3072 完成: 核心擁有 1 細胞 (1 陽性), 1.84 秒
2026-07-26 13:15:07,029 - hybrid_pipeline - INFO - [169/576] 已回收 tile_x15360_y3072
2026-07-26 13:15:07,055 - hybrid_pipeline - INFO - Tile tile_x3840_y5376: 核心遮罩全空 → 空白 placeholder
2026-07-26 13:15:07,087 - hybrid_pipeline - INFO - [170/576] 已回收 tile_x3840_y5376
2026-07-26 13:15:07,114 - hybrid_pipeline - INFO - Tile tile_x6144_y5376: 核心遮罩全空 → 空白 placeholder
2026-07-26 13:15:07,175 - hybrid_pipeline - INFO - [171/576] 已回收 tile_x6144_y5376
2026-07-26 13:15:07,202 - hybrid_pipeline - INFO - Tile tile_x6912_y5376: 核心遮罩全空 → 空白 placeholder
2026-07-26 13:15:07,261 - hybrid_pipeline - INFO - [172/576] 已回收 tile_x6912_y5376
2026-07-26 13:15:07,290 - hybrid_pipeline - INFO - Tile tile_x7680_y5376: 核心遮罩全空 → 空白 placeholder
2026-07-26 13:15:07,339 - hybrid_pipeline - INFO - [173/576] 已回收 tile_x7680_y5376
2026-07-26 13:15:07,370 - hybrid_pipeline - INFO - Tile tile_x8448_y5376: 核心遮罩全空 → 空白 placeholder
2026-07-26 13:15:07,377 - hybrid_pipeline - INFO - [174/576] 已回收 tile_x8448_y5376
2026-07-26 13:15:07,406 - hybrid_pipeline - INFO - Tile tile_x9984_y5376: 核心遮罩全空 → 空白 placeholder
2026-07-26 13:15:07,422 - hybrid_pipeline - INFO - [175/576] 已回收 tile_x9984_y5376
2026-07-26 13:15:07,450 - hybrid_pipeline - INFO - Tile tile_x9216_y5376: 核心遮罩全空 → 空白 placeholder
2026-07-26 13:15:07,479 - hybrid_pipeline - INFO - [176/576] 已回收 tile_x9216_y5376
2026-07-26 13:15:07,485 - hybrid_pipeline - INFO - [177/576] 已回收 tile_x13824_y3840
2026-07-26 13:15:07,508 - hybrid_pipeline - INFO - Tile tile_x11520_y5376: 核心遮罩全空 → 空白 placeholder
2026-07-26 13:15:07,513 - m3_module.m3_cells_generator - INFO - All-positive 標註完成: 2 個細胞
2026-07-26 13:15:07,545 - m3_module.m3_cells_generator - INFO - enlarge_cell_instances: 2 顆細胞, factor=1.50(面積), 中位半徑=19.3px, 外擴=4.3px
2026-07-26 13:15:07,554 - hybrid_pipeline - INFO - [178/576] 已回收 tile_x11520_y5376
2026-07-26 13:15:07,580 - hybrid_pipeline - INFO - Tile tile_x13056_y5376: 核心遮罩全空 → 空白 placeholder
2026-07-26 13:15:07,600 - hybrid_pipeline - INFO - [179/576] 已回收 tile_x13056_y5376
2026-07-26 13:15:07,630 - hybrid_pipeline - INFO - Tile tile_x12288_y5376: 核心遮罩全空 → 空白 placeholder
2026-07-26 13:15:07,643 - hybrid_pipeline - INFO - [180/576] 已回收 tile_x12288_y5376
2026-07-26 13:15:07,673 - hybrid_pipeline - INFO - Tile tile_x13824_y5376: 核心遮罩全空 → 空白 placeholder
2026-07-26 13:15:07,681 - hybrid_pipeline - INFO - [181/576] 已回收 tile_x13824_y5376
2026-07-26 13:15:07,681 - m3_module.m3_dot_detection - INFO - detect_all_dots: 紅點=0, 黑點=0, 涉及細胞=2
2026-07-26 13:15:07,709 - hybrid_pipeline - INFO - Tile tile_x16896_y5376: 核心遮罩全空 → 空白 placeholder
2026-07-26 13:15:07,717 - hybrid_pipeline - INFO - [182/576] 已回收 tile_x16896_y5376
2026-07-26 13:15:07,722 - m4_module.cell_crops - INFO - 匯出 1 張 per-cell 影像至 /data/taro_Projects/tsgh/output/r7_run/cell_crops/tile_x15360_y3840/cells
2026-07-26 13:15:07,722 - hybrid_pipeline - INFO - Tile tile_x15360_y3840 完成: 核心擁有 1 細胞 (1 陽性), 1.89 秒
2026-07-26 13:15:07,724 - hybrid_pipeline - INFO - [183/576] 已回收 tile_x15360_y3840
2026-07-26 13:15:07,746 - hybrid_pipeline - INFO - Tile tile_x15360_y5376: 核心遮罩全空 → 空白 placeholder
2026-07-26 13:15:07,750 - hybrid_pipeline - INFO - Tile tile_x10752_y5376: 核心遮罩全空 → 空白 placeholder
2026-07-26 13:15:07,770 - hybrid_pipeline - INFO - [184/576] 已回收 tile_x15360_y5376
2026-07-26 13:15:07,791 - hybrid_pipeline - INFO - [185/576] 已回收 tile_x10752_y5376
2026-07-26 13:15:07,799 - hybrid_pipeline - INFO - Tile tile_x16128_y5376: 核心遮罩全空 → 空白 placeholder
2026-07-26 13:15:07,815 - hybrid_pipeline - INFO - Tile tile_x14592_y5376: 核心遮罩全空 → 空白 placeholder
2026-07-26 13:15:07,857 - hybrid_pipeline - INFO - [186/576] 已回收 tile_x14592_y5376
2026-07-26 13:15:07,887 - hybrid_pipeline - INFO - Tile tile_x17664_y5376: 核心遮罩全空 → 空白 placeholder
2026-07-26 13:15:08,082 - hybrid_pipeline - INFO - [187/576] 已回收 tile_x0_y5376
2026-07-26 13:15:08,108 - m3_module.m3_cells_generator - INFO - All-positive 標註完成: 6 個細胞
2026-07-26 13:15:08,143 - m3_module.m3_cells_generator - INFO - enlarge_cell_instances: 6 顆細胞, factor=1.50(面積), 中位半徑=16.8px, 外擴=3.8px
2026-07-26 13:15:08,281 - m3_module.m3_dot_detection - INFO - detect_all_dots: 紅點=0, 黑點=0, 涉及細胞=6
2026-07-26 13:15:08,327 - m4_module.cell_crops - INFO - 匯出 4 張 per-cell 影像至 /data/taro_Projects/tsgh/output/r7_run/cell_crops/tile_x1536_y5376/cells
2026-07-26 13:15:08,327 - hybrid_pipeline - INFO - Tile tile_x1536_y5376 完成: 核心擁有 4 細胞 (4 陽性), 1.64 秒
2026-07-26 13:15:08,327 - hybrid_pipeline - INFO - [188/576] 已回收 tile_x1536_y5376
2026-07-26 13:15:08,355 - hybrid_pipeline - INFO - Tile tile_x1536_y6144: 核心遮罩全空 → 空白 placeholder
2026-07-26 13:15:08,370 - hybrid_pipeline - INFO - [189/576] 已回收 tile_x5376_y5376
2026-07-26 13:15:08,387 - hybrid_pipeline - INFO - [190/576] 已回收 tile_x1536_y6144
2026-07-26 13:15:08,400 - m3_module.m3_cells_generator - INFO - All-positive 標註完成: 5 個細胞
2026-07-26 13:15:08,416 - hybrid_pipeline - INFO - Tile tile_x2304_y6144: 核心遮罩全空 → 空白 placeholder
2026-07-26 13:15:08,434 - m3_module.m3_cells_generator - INFO - enlarge_cell_instances: 5 顆細胞, factor=1.50(面積), 中位半徑=17.3px, 外擴=3.9px
2026-07-26 13:15:08,460 - hybrid_pipeline - INFO - [191/576] 已回收 tile_x2304_y6144
2026-07-26 13:15:08,489 - hybrid_pipeline - INFO - Tile tile_x3072_y6144: 核心遮罩全空 → 空白 placeholder
2026-07-26 13:15:08,526 - hybrid_pipeline - INFO - [192/576] 已回收 tile_x3072_y6144
2026-07-26 13:15:08,555 - hybrid_pipeline - INFO - Tile tile_x4608_y6144: 核心遮罩全空 → 空白 placeholder
2026-07-26 13:15:08,565 - m3_module.m3_dot_detection - INFO - detect_all_dots: 紅點=0, 黑點=0, 涉及細胞=5
2026-07-26 13:15:08,584 - hybrid_pipeline - INFO - [193/576] 已回收 tile_x4608_y6144
2026-07-26 13:15:08,606 - m4_module.cell_crops - INFO - 匯出 2 張 per-cell 影像至 /data/taro_Projects/tsgh/output/r7_run/cell_crops/tile_x2304_y5376/cells
2026-07-26 13:15:08,607 - hybrid_pipeline - INFO - Tile tile_x2304_y5376 完成: 核心擁有 2 細胞 (2 陽性), 1.73 秒
2026-07-26 13:15:08,611 - hybrid_pipeline - INFO - [194/576] 已回收 tile_x2304_y5376
2026-07-26 13:15:08,612 - hybrid_pipeline - INFO - Tile tile_x5376_y6144: 核心遮罩全空 → 空白 placeholder
2026-07-26 13:15:08,629 - hybrid_pipeline - INFO - [195/576] 已回收 tile_x5376_y6144
2026-07-26 13:15:08,639 - hybrid_pipeline - INFO - Tile tile_x3840_y6144: 核心遮罩全空 → 空白 placeholder
2026-07-26 13:15:08,651 - hybrid_pipeline - INFO - [196/576] 已回收 tile_x3840_y6144
2026-07-26 13:15:08,659 - hybrid_pipeline - INFO - Tile tile_x6144_y6144: 核心遮罩全空 → 空白 placeholder
2026-07-26 13:15:08,661 - hybrid_pipeline - INFO - [197/576] 已回收 tile_x16128_y5376
2026-07-26 13:15:08,669 - hybrid_pipeline - INFO - [198/576] 已回收 tile_x6144_y6144
2026-07-26 13:15:08,679 - hybrid_pipeline - INFO - Tile tile_x6912_y6144: 核心遮罩全空 → 空白 placeholder
2026-07-26 13:15:08,691 - m3_module.m3_cells_generator - INFO - All-positive 標註完成: 10 個細胞
2026-07-26 13:15:08,697 - hybrid_pipeline - INFO - Tile tile_x9216_y6144: 核心遮罩全空 → 空白 placeholder
2026-07-26 13:15:08,725 - hybrid_pipeline - INFO - [199/576] 已回收 tile_x6912_y6144
2026-07-26 13:15:08,726 - m3_module.m3_cells_generator - INFO - enlarge_cell_instances: 10 顆細胞, factor=1.50(面積), 中位半徑=19.0px, 外擴=4.3px
2026-07-26 13:15:08,741 - hybrid_pipeline - INFO - [200/576] 已回收 tile_x9216_y6144
2026-07-26 13:15:08,752 - m3_module.m3_elastic_matching - INFO - elastic_dish_nucleus_matching(overlap-first): IHC=10, DISH=2, matched(1核)=0 (其中重疊=0), drop-out(競爭落敗)=0, 無候選(計入)=10, factor=1.50, min_reach=20.0
2026-07-26 13:15:08,756 - hybrid_pipeline - INFO - Tile tile_x7680_y6144: 核心遮罩全空 → 空白 placeholder
2026-07-26 13:15:08,765 - hybrid_pipeline - INFO - Tile tile_x9984_y6144: 核心遮罩全空 → 空白 placeholder
2026-07-26 13:15:08,772 - hybrid_pipeline - INFO - [201/576] 已回收 tile_x7680_y6144
2026-07-26 13:15:08,782 - hybrid_pipeline - INFO - [202/576] 已回收 tile_x17664_y5376
2026-07-26 13:15:08,785 - hybrid_pipeline - INFO - [203/576] 已回收 tile_x9984_y6144
2026-07-26 13:15:08,798 - hybrid_pipeline - INFO - Tile tile_x11520_y6144: 核心遮罩全空 → 空白 placeholder
2026-07-26 13:15:08,810 - m3_module.m3_cells_generator - INFO - All-positive 標註完成: 22 個細胞
2026-07-26 13:15:08,815 - hybrid_pipeline - INFO - Tile tile_x10752_y6144: 核心遮罩全空 → 空白 placeholder
2026-07-26 13:15:08,820 - hybrid_pipeline - INFO - [204/576] 已回收 tile_x11520_y6144
2026-07-26 13:15:08,850 - hybrid_pipeline - INFO - Tile tile_x12288_y6144: 核心遮罩全空 → 空白 placeholder
2026-07-26 13:15:08,854 - m3_module.m3_cells_generator - INFO - enlarge_cell_instances: 22 顆細胞, factor=1.50(面積), 中位半徑=20.6px, 外擴=4.6px
2026-07-26 13:15:08,855 - hybrid_pipeline - INFO - [205/576] 已回收 tile_x10752_y6144
2026-07-26 13:15:08,869 - hybrid_pipeline - INFO - [206/576] 已回收 tile_x12288_y6144
2026-07-26 13:15:08,874 - m3_module.m3_dot_detection - INFO - detect_all_dots: 紅點=0, 黑點=0, 涉及細胞=10
2026-07-26 13:15:08,880 - m3_module.m3_elastic_matching - INFO - elastic_dish_nucleus_matching(overlap-first): IHC=22, DISH=1, matched(1核)=0 (其中重疊=0), drop-out(競爭落敗)=0, 無候選(計入)=22, factor=1.50, min_reach=20.0
2026-07-26 13:15:08,885 - hybrid_pipeline - INFO - Tile tile_x16128_y6144: 核心遮罩全空 → 空白 placeholder
2026-07-26 13:15:08,897 - hybrid_pipeline - INFO - Tile tile_x13824_y6144: 核心遮罩全空 → 空白 placeholder
2026-07-26 13:15:08,903 - hybrid_pipeline - INFO - [207/576] 已回收 tile_x16128_y6144
2026-07-26 13:15:08,914 - hybrid_pipeline - INFO - [208/576] 已回收 tile_x13824_y6144
2026-07-26 13:15:08,932 - hybrid_pipeline - INFO - Tile tile_x15360_y6144: 核心遮罩全空 → 空白 placeholder
2026-07-26 13:15:08,942 - hybrid_pipeline - INFO - Tile tile_x16896_y6144: 核心遮罩全空 → 空白 placeholder
2026-07-26 13:15:08,947 - hybrid_pipeline - INFO - [209/576] 已回收 tile_x15360_y6144
2026-07-26 13:15:08,948 - m4_module.cell_crops - INFO - 匯出 1 張 per-cell 影像至 /data/taro_Projects/tsgh/output/r7_run/cell_crops/tile_x0_y6144/cells
2026-07-26 13:15:08,948 - hybrid_pipeline - INFO - Tile tile_x0_y6144 完成: 核心擁有 1 細胞 (1 陽性), 1.18 秒
2026-07-26 13:15:08,948 - hybrid_pipeline - INFO - [210/576] 已回收 tile_x0_y6144
2026-07-26 13:15:08,958 - hybrid_pipeline - INFO - [211/576] 已回收 tile_x16896_y6144
2026-07-26 13:15:08,975 - hybrid_pipeline - INFO - Tile tile_x8448_y6144: 核心遮罩全空 → 空白 placeholder
2026-07-26 13:15:08,978 - hybrid_pipeline - INFO - Tile tile_x17664_y6144: 核心遮罩全空 → 空白 placeholder
2026-07-26 13:15:08,991 - hybrid_pipeline - INFO - Tile tile_x14592_y6144: 核心遮罩全空 → 空白 placeholder
2026-07-26 13:15:08,996 - m3_module.m3_dot_detection - INFO - detect_all_dots: 紅點=0, 黑點=0, 涉及細胞=22
2026-07-26 13:15:09,074 - m4_module.cell_crops - INFO - 匯出 12 張 per-cell 影像至 /data/taro_Projects/tsgh/output/r7_run/cell_crops/tile_x768_y6144/cells
2026-07-26 13:15:09,074 - hybrid_pipeline - INFO - Tile tile_x768_y6144 完成: 核心擁有 12 細胞 (12 陽性), 1.22 秒
2026-07-26 13:15:09,074 - hybrid_pipeline - INFO - [212/576] 已回收 tile_x768_y6144
2026-07-26 13:15:09,100 - hybrid_pipeline - INFO - Tile tile_x13056_y6144: 核心遮罩全空 → 空白 placeholder
2026-07-26 13:15:10,061 - hybrid_pipeline - INFO - [213/576] 已回收 tile_x17664_y6144
2026-07-26 13:15:10,089 - m3_module.m3_cells_generator - INFO - All-positive 標註完成: 23 個細胞
2026-07-26 13:15:10,124 - hybrid_pipeline - INFO - [214/576] 已回收 tile_x13056_y6144
2026-07-26 13:15:10,128 - m3_module.m3_cells_generator - INFO - enlarge_cell_instances: 23 顆細胞, factor=1.50(面積), 中位半徑=17.9px, 外擴=4.0px
2026-07-26 13:15:10,155 - m3_module.m3_cells_generator - INFO - All-positive 標註完成: 3 個細胞
2026-07-26 13:15:10,158 - m3_module.m3_elastic_matching - INFO - elastic_dish_nucleus_matching(overlap-first): IHC=23, DISH=17, matched(1核)=1 (其中重疊=1), drop-out(競爭落敗)=0, 無候選(計入)=22, factor=1.50, min_reach=20.0
2026-07-26 13:15:10,188 - m3_module.m3_cells_generator - INFO - enlarge_cell_instances: 3 顆細胞, factor=1.50(面積), 中位半徑=15.4px, 外擴=3.5px
2026-07-26 13:15:10,223 - hybrid_pipeline - INFO - [215/576] 已回收 tile_x8448_y6144
2026-07-26 13:15:10,250 - m3_module.m3_cells_generator - INFO - All-positive 標註完成: 46 個細胞
2026-07-26 13:15:10,276 - m3_module.m3_dot_detection - INFO - detect_all_dots: 紅點=0, 黑點=0, 涉及細胞=23
2026-07-26 13:15:10,295 - m3_module.m3_cells_generator - INFO - enlarge_cell_instances: 46 顆細胞, factor=1.50(面積), 中位半徑=22.0px, 外擴=4.9px
2026-07-26 13:15:10,321 - m3_module.m3_dot_detection - INFO - detect_all_dots: 紅點=0, 黑點=0, 涉及細胞=3
2026-07-26 13:15:10,325 - m3_module.m3_elastic_matching - INFO - elastic_dish_nucleus_matching(overlap-first): IHC=46, DISH=244, matched(1核)=16 (其中重疊=16), drop-out(競爭落敗)=0, 無候選(計入)=30, factor=1.50, min_reach=20.0
2026-07-26 13:15:10,361 - m4_module.cell_crops - INFO - 匯出 0 張 per-cell 影像至 /data/taro_Projects/tsgh/output/r7_run/cell_crops/tile_x1536_y6912/cells
2026-07-26 13:15:10,361 - hybrid_pipeline - INFO - Tile tile_x1536_y6912 完成: 核心擁有 0 細胞 (0 陽性), 1.29 秒
2026-07-26 13:15:10,362 - hybrid_pipeline - INFO - [216/576] 已回收 tile_x1536_y6912
2026-07-26 13:15:10,387 - hybrid_pipeline - INFO - Tile tile_x3840_y6912: 核心遮罩全空 → 空白 placeholder
2026-07-26 13:15:10,391 - m4_module.cell_crops - INFO - 匯出 10 張 per-cell 影像至 /data/taro_Projects/tsgh/output/r7_run/cell_crops/tile_x0_y6912/cells
2026-07-26 13:15:10,393 - hybrid_pipeline - INFO - Tile tile_x0_y6912 完成: 核心擁有 10 細胞 (10 陽性), 1.45 秒
2026-07-26 13:15:10,402 - hybrid_pipeline - INFO - [217/576] 已回收 tile_x3840_y6912
2026-07-26 13:15:10,419 - hybrid_pipeline - INFO - [218/576] 已回收 tile_x14592_y6144
2026-07-26 13:15:10,429 - hybrid_pipeline - INFO - Tile tile_x5376_y6912: 核心遮罩全空 → 空白 placeholder
2026-07-26 13:15:10,439 - hybrid_pipeline - INFO - [219/576] 已回收 tile_x5376_y6912
2026-07-26 13:15:10,448 - m3_module.m3_cells_generator - INFO - All-positive 標註完成: 20 個細胞
2026-07-26 13:15:10,448 - m3_module.m3_dot_detection - INFO - detect_all_dots: 紅點=0, 黑點=0, 涉及細胞=46
2026-07-26 13:15:10,466 - hybrid_pipeline - INFO - Tile tile_x6144_y6912: 核心遮罩全空 → 空白 placeholder
2026-07-26 13:15:10,477 - hybrid_pipeline - INFO - [220/576] 已回收 tile_x6144_y6912
2026-07-26 13:15:10,488 - m3_module.m3_cells_generator - INFO - enlarge_cell_instances: 20 顆細胞, factor=1.50(面積), 中位半徑=24.5px, 外擴=5.5px
2026-07-26 13:15:10,502 - hybrid_pipeline - INFO - Tile tile_x8448_y6912: 核心遮罩全空 → 空白 placeholder
2026-07-26 13:15:10,519 - hybrid_pipeline - INFO - [221/576] 已回收 tile_x8448_y6912
2026-07-26 13:15:10,522 - m3_module.m3_elastic_matching - INFO - elastic_dish_nucleus_matching(overlap-first): IHC=20, DISH=618, matched(1核)=20 (其中重疊=20), drop-out(競爭落敗)=0, 無候選(計入)=0, factor=1.50, min_reach=20.0
2026-07-26 13:15:10,548 - hybrid_pipeline - INFO - Tile tile_x7680_y6912: 核心遮罩全空 → 空白 placeholder
2026-07-26 13:15:10,573 - hybrid_pipeline - INFO - [222/576] 已回收 tile_x7680_y6912
2026-07-26 13:15:10,596 - m4_module.cell_crops - INFO - 匯出 31 張 per-cell 影像至 /data/taro_Projects/tsgh/output/r7_run/cell_crops/tile_x768_y6912/cells
2026-07-26 13:15:10,596 - hybrid_pipeline - INFO - Tile tile_x768_y6912 完成: 核心擁有 31 細胞 (31 陽性), 1.65 秒
2026-07-26 13:15:10,597 - hybrid_pipeline - INFO - [223/576] 已回收 tile_x768_y6912
2026-07-26 13:15:10,602 - hybrid_pipeline - INFO - Tile tile_x11520_y6912: 核心遮罩全空 → 空白 placeholder
2026-07-26 13:15:10,625 - hybrid_pipeline - INFO - Tile tile_x4608_y6912: 核心遮罩全空 → 空白 placeholder
2026-07-26 13:15:10,640 - m3_module.m3_dot_detection - INFO - detect_all_dots: 紅點=0, 黑點=0, 涉及細胞=20
2026-07-26 13:15:10,643 - hybrid_pipeline - INFO - [224/576] 已回收 tile_x11520_y6912
2026-07-26 13:15:10,666 - hybrid_pipeline - INFO - [225/576] 已回收 tile_x4608_y6912
2026-07-26 13:15:10,677 - hybrid_pipeline - INFO - Tile tile_x9984_y6912: 核心遮罩全空 → 空白 placeholder
2026-07-26 13:15:10,682 - hybrid_pipeline - INFO - [226/576] 已回收 tile_x9984_y6912
2026-07-26 13:15:10,693 - hybrid_pipeline - INFO - Tile tile_x10752_y6912: 核心遮罩全空 → 空白 placeholder
2026-07-26 13:15:10,706 - hybrid_pipeline - INFO - [227/576] 已回收 tile_x10752_y6912
2026-07-26 13:15:10,712 - hybrid_pipeline - INFO - Tile tile_x9216_y6912: 核心遮罩全空 → 空白 placeholder
2026-07-26 13:15:10,729 - hybrid_pipeline - INFO - [228/576] 已回收 tile_x9216_y6912
2026-07-26 13:15:10,735 - hybrid_pipeline - INFO - Tile tile_x12288_y6912: 核心遮罩全空 → 空白 placeholder
2026-07-26 13:15:10,742 - m4_module.cell_crops - INFO - 匯出 8 張 per-cell 影像至 /data/taro_Projects/tsgh/output/r7_run/cell_crops/tile_x2304_y6912/cells
2026-07-26 13:15:10,743 - hybrid_pipeline - INFO - Tile tile_x2304_y6912 完成: 核心擁有 8 細胞 (8 陽性), 1.78 秒
2026-07-26 13:15:10,743 - hybrid_pipeline - INFO - [229/576] 已回收 tile_x2304_y6912
2026-07-26 13:15:10,753 - hybrid_pipeline - INFO - [230/576] 已回收 tile_x12288_y6912
2026-07-26 13:15:10,759 - hybrid_pipeline - INFO - Tile tile_x13056_y6912: 核心遮罩全空 → 空白 placeholder
2026-07-26 13:15:10,768 - hybrid_pipeline - INFO - Tile tile_x6912_y6912: 核心遮罩全空 → 空白 placeholder
2026-07-26 13:15:10,781 - hybrid_pipeline - INFO - [231/576] 已回收 tile_x13056_y6912
2026-07-26 13:15:10,781 - hybrid_pipeline - INFO - Tile tile_x13824_y6912: 核心遮罩全空 → 空白 placeholder
2026-07-26 13:15:10,808 - hybrid_pipeline - INFO - Tile tile_x15360_y6912: 核心遮罩全空 → 空白 placeholder
2026-07-26 13:15:10,812 - hybrid_pipeline - INFO - [232/576] 已回收 tile_x6912_y6912
2026-07-26 13:15:10,829 - hybrid_pipeline - INFO - [233/576] 已回收 tile_x13824_y6912
2026-07-26 13:15:10,841 - hybrid_pipeline - INFO - Tile tile_x14592_y6912: 核心遮罩全空 → 空白 placeholder
2026-07-26 13:15:10,857 - hybrid_pipeline - INFO - Tile tile_x16128_y6912: 核心遮罩全空 → 空白 placeholder
2026-07-26 13:15:10,860 - hybrid_pipeline - INFO - [234/576] 已回收 tile_x15360_y6912
2026-07-26 13:15:10,883 - hybrid_pipeline - INFO - [235/576] 已回收 tile_x14592_y6912
2026-07-26 13:15:10,891 - hybrid_pipeline - INFO - Tile tile_x17664_y6912: 核心遮罩全空 → 空白 placeholder
2026-07-26 13:15:10,913 - hybrid_pipeline - INFO - Tile tile_x16896_y6912: 核心遮罩全空 → 空白 placeholder
2026-07-26 13:15:11,142 - hybrid_pipeline - INFO - [236/576] 已回收 tile_x0_y6912
2026-07-26 13:15:11,166 - m3_module.m3_cells_generator - INFO - All-positive 標註完成: 6 個細胞
2026-07-26 13:15:11,195 - m3_module.m3_cells_generator - INFO - enlarge_cell_instances: 6 顆細胞, factor=1.50(面積), 中位半徑=24.4px, 外擴=5.5px
2026-07-26 13:15:11,226 - m3_module.m3_elastic_matching - INFO - elastic_dish_nucleus_matching(overlap-first): IHC=6, DISH=319, matched(1核)=6 (其中重疊=6), drop-out(競爭落敗)=0, 無候選(計入)=0, factor=1.50, min_reach=20.0
2026-07-26 13:15:11,350 - m3_module.m3_dot_detection - INFO - detect_all_dots: 紅點=0, 黑點=0, 涉及細胞=6
2026-07-26 13:15:11,423 - m4_module.cell_crops - INFO - 匯出 0 張 per-cell 影像至 /data/taro_Projects/tsgh/output/r7_run/cell_crops/tile_x3072_y6912/cells
2026-07-26 13:15:11,423 - hybrid_pipeline - INFO - Tile tile_x3072_y6912 完成: 核心擁有 0 細胞 (0 陽性), 1.36 秒
2026-07-26 13:15:11,849 - hybrid_pipeline - INFO - [237/576] 已回收 tile_x16128_y6912
2026-07-26 13:15:11,874 - m3_module.m3_cells_generator - INFO - All-positive 標註完成: 14 個細胞
2026-07-26 13:15:11,909 - m3_module.m3_cells_generator - INFO - enlarge_cell_instances: 14 顆細胞, factor=1.50(面積), 中位半徑=15.2px, 外擴=3.4px
2026-07-26 13:15:11,934 - m3_module.m3_elastic_matching - INFO - elastic_dish_nucleus_matching(overlap-first): IHC=14, DISH=1, matched(1核)=1 (其中重疊=1), drop-out(競爭落敗)=1, 無候選(計入)=12, factor=1.50, min_reach=20.0
2026-07-26 13:15:11,995 - hybrid_pipeline - INFO - [238/576] 已回收 tile_x16896_y6912
2026-07-26 13:15:11,998 - hybrid_pipeline - INFO - [239/576] 已回收 tile_x17664_y6912
2026-07-26 13:15:12,026 - m3_module.m3_cells_generator - INFO - All-positive 標註完成: 70 個細胞
2026-07-26 13:15:12,035 - m3_module.m3_cells_generator - INFO - All-positive 標註完成: 52 個細胞
2026-07-26 13:15:12,061 - m3_module.m3_dot_detection - INFO - detect_all_dots: 紅點=0, 黑點=1, 涉及細胞=14
2026-07-26 13:15:12,079 - hybrid_pipeline - INFO - [240/576] 已回收 tile_x3072_y6912
2026-07-26 13:15:12,081 - m3_module.m3_cells_generator - INFO - enlarge_cell_instances: 70 顆細胞, factor=1.50(面積), 中位半徑=22.6px, 外擴=5.1px
2026-07-26 13:15:12,087 - m3_module.m3_cells_generator - INFO - enlarge_cell_instances: 52 顆細胞, factor=1.50(面積), 中位半徑=22.0px, 外擴=4.9px
2026-07-26 13:15:12,108 - m3_module.m3_cells_generator - INFO - All-positive 標註完成: 66 個細胞
2026-07-26 13:15:12,113 - m3_module.m3_elastic_matching - INFO - elastic_dish_nucleus_matching(overlap-first): IHC=70, DISH=127, matched(1核)=15 (其中重疊=15), drop-out(競爭落敗)=3, 無候選(計入)=52, factor=1.50, min_reach=20.0
2026-07-26 13:15:12,117 - m3_module.m3_elastic_matching - INFO - elastic_dish_nucleus_matching(overlap-first): IHC=52, DISH=210, matched(1核)=20 (其中重疊=18), drop-out(競爭落敗)=2, 無候選(計入)=30, factor=1.50, min_reach=20.0
2026-07-26 13:15:12,135 - m4_module.cell_crops - INFO - 匯出 2 張 per-cell 影像至 /data/taro_Projects/tsgh/output/r7_run/cell_crops/tile_x0_y7680/cells
2026-07-26 13:15:12,135 - hybrid_pipeline - INFO - Tile tile_x0_y7680 完成: 核心擁有 2 細胞 (2 陽性), 1.31 秒
2026-07-26 13:15:12,152 - m3_module.m3_cells_generator - INFO - enlarge_cell_instances: 66 顆細胞, factor=1.50(面積), 中位半徑=22.8px, 外擴=5.1px
2026-07-26 13:15:12,180 - m3_module.m3_elastic_matching - INFO - elastic_dish_nucleus_matching(overlap-first): IHC=66, DISH=5, matched(1核)=2 (其中重疊=2), drop-out(競爭落敗)=1, 無候選(計入)=63, factor=1.50, min_reach=20.0
2026-07-26 13:15:12,253 - m3_module.m3_dot_detection - INFO - detect_all_dots: 紅點=1, 黑點=2, 涉及細胞=70
2026-07-26 13:15:12,253 - m3_module.m3_dot_detection - INFO - detect_all_dots: 紅點=0, 黑點=1, 涉及細胞=52
2026-07-26 13:15:12,304 - m3_module.m3_dot_detection - INFO - detect_all_dots: 紅點=0, 黑點=0, 涉及細胞=66
2026-07-26 13:15:12,394 - cellpose.dynamics - INFO - No cell pixels found.
2026-07-26 13:15:12,404 - m4_module.cell_crops - INFO - 匯出 15 張 per-cell 影像至 /data/taro_Projects/tsgh/output/r7_run/cell_crops/tile_x768_y7680/cells
2026-07-26 13:15:12,404 - hybrid_pipeline - INFO - Tile tile_x768_y7680 完成: 核心擁有 15 細胞 (15 陽性), 1.54 秒
2026-07-26 13:15:12,404 - hybrid_pipeline - INFO - [241/576] 已回收 tile_x768_y7680
2026-07-26 13:15:12,432 - hybrid_pipeline - INFO - Tile tile_x4608_y7680: 核心遮罩全空 → 空白 placeholder
2026-07-26 13:15:12,439 - hybrid_pipeline - INFO - [242/576] 已回收 tile_x4608_y7680
2026-07-26 13:15:12,465 - hybrid_pipeline - INFO - Tile tile_x6144_y7680: 核心遮罩全空 → 空白 placeholder
2026-07-26 13:15:12,472 - m4_module.cell_crops - INFO - 匯出 31 張 per-cell 影像至 /data/taro_Projects/tsgh/output/r7_run/cell_crops/tile_x3072_y7680/cells
2026-07-26 13:15:12,472 - hybrid_pipeline - INFO - Tile tile_x3072_y7680 完成: 核心擁有 31 細胞 (31 陽性), 1.33 秒
2026-07-26 13:15:12,482 - m4_module.cell_crops - INFO - 匯出 44 張 per-cell 影像至 /data/taro_Projects/tsgh/output/r7_run/cell_crops/tile_x1536_y7680/cells
2026-07-26 13:15:12,482 - hybrid_pipeline - INFO - Tile tile_x1536_y7680 完成: 核心擁有 44 細胞 (44 陽性), 1.60 秒
2026-07-26 13:15:12,482 - hybrid_pipeline - INFO - [243/576] 已回收 tile_x1536_y7680
2026-07-26 13:15:12,498 - hybrid_pipeline - INFO - [244/576] 已回收 tile_x6144_y7680
2026-07-26 13:15:12,506 - hybrid_pipeline - INFO - Tile tile_x3840_y7680: 核心遮罩全空 → 空白 placeholder
2026-07-26 13:15:12,522 - hybrid_pipeline - INFO - Tile tile_x6912_y7680: 核心遮罩全空 → 空白 placeholder
2026-07-26 13:15:12,569 - hybrid_pipeline - INFO - [245/576] 已回收 tile_x3840_y7680
2026-07-26 13:15:12,591 - hybrid_pipeline - INFO - [246/576] 已回收 tile_x6912_y7680
2026-07-26 13:15:12,598 - hybrid_pipeline - INFO - Tile tile_x7680_y7680: 核心遮罩全空 → 空白 placeholder
2026-07-26 13:15:12,617 - hybrid_pipeline - INFO - Tile tile_x11520_y7680: 核心遮罩全空 → 空白 placeholder
2026-07-26 13:15:12,662 - hybrid_pipeline - INFO - [247/576] 已回收 tile_x7680_y7680
2026-07-26 13:15:12,675 - hybrid_pipeline - INFO - [248/576] 已回收 tile_x11520_y7680
2026-07-26 13:15:12,695 - hybrid_pipeline - INFO - Tile tile_x8448_y7680: 核心遮罩全空 → 空白 placeholder
2026-07-26 13:15:12,707 - hybrid_pipeline - INFO - Tile tile_x12288_y7680: 核心遮罩全空 → 空白 placeholder
2026-07-26 13:15:12,734 - hybrid_pipeline - INFO - [249/576] 已回收 tile_x8448_y7680
2026-07-26 13:15:12,750 - hybrid_pipeline - INFO - [250/576] 已回收 tile_x12288_y7680
2026-07-26 13:15:12,763 - hybrid_pipeline - INFO - Tile tile_x9216_y7680: 核心遮罩全空 → 空白 placeholder
2026-07-26 13:15:12,778 - hybrid_pipeline - INFO - Tile tile_x10752_y7680: 核心遮罩全空 → 空白 placeholder
2026-07-26 13:15:12,811 - hybrid_pipeline - INFO - [251/576] 已回收 tile_x9216_y7680
2026-07-26 13:15:12,824 - hybrid_pipeline - INFO - [252/576] 已回收 tile_x10752_y7680
2026-07-26 13:15:12,840 - hybrid_pipeline - INFO - Tile tile_x9984_y7680: 核心遮罩全空 → 空白 placeholder
2026-07-26 13:15:12,853 - hybrid_pipeline - INFO - [253/576] 已回收 tile_x9984_y7680
2026-07-26 13:15:12,855 - hybrid_pipeline - INFO - Tile tile_x13056_y7680: 核心遮罩全空 → 空白 placeholder
2026-07-26 13:15:12,871 - hybrid_pipeline - INFO - [254/576] 已回收 tile_x13056_y7680
2026-07-26 13:15:12,883 - hybrid_pipeline - INFO - [255/576] 已回收 tile_x0_y7680
2026-07-26 13:15:12,883 - hybrid_pipeline - INFO - Tile tile_x16128_y7680: 核心遮罩全空 → 空白 placeholder
2026-07-26 13:15:12,901 - hybrid_pipeline - INFO - Tile tile_x16896_y7680: 核心遮罩全空 → 空白 placeholder
2026-07-26 13:15:12,909 - hybrid_pipeline - INFO - [256/576] 已回收 tile_x16128_y7680
2026-07-26 13:15:12,910 - m3_module.m3_cells_generator - INFO - All-positive 標註完成: 125 個細胞
2026-07-26 13:15:12,939 - hybrid_pipeline - INFO - Tile tile_x13824_y7680: 核心遮罩全空 → 空白 placeholder
2026-07-26 13:15:12,944 - hybrid_pipeline - INFO - [257/576] 已回收 tile_x16896_y7680
2026-07-26 13:15:12,953 - hybrid_pipeline - INFO - [258/576] 已回收 tile_x3072_y7680
2026-07-26 13:15:12,958 - m3_module.m3_cells_generator - INFO - All-positive 標註完成: 0 個細胞
2026-07-26 13:15:12,961 - hybrid_pipeline - INFO - [259/576] 已回收 tile_x13824_y7680
2026-07-26 13:15:12,962 - m3_module.m3_cells_generator - INFO - enlarge_cell_instances: 125 顆細胞, factor=1.50(面積), 中位半徑=23.0px, 外擴=5.2px
2026-07-26 13:15:12,976 - hybrid_pipeline - INFO - Tile tile_x17664_y7680: 核心遮罩全空 → 空白 placeholder
2026-07-26 13:15:12,991 - hybrid_pipeline - INFO - Tile tile_x15360_y7680: 核心遮罩全空 → 空白 placeholder
2026-07-26 13:15:12,993 - m3_module.m3_elastic_matching - INFO - elastic_dish_nucleus_matching(overlap-first): IHC=125, DISH=44, matched(1核)=10 (其中重疊=10), drop-out(競爭落敗)=8, 無候選(計入)=107, factor=1.50, min_reach=20.0
2026-07-26 13:15:13,116 - m3_module.m3_dot_detection - INFO - detect_all_dots: 紅點=0, 黑點=0, 涉及細胞=0
2026-07-26 13:15:13,135 - m3_module.m3_dot_detection - INFO - detect_all_dots: 紅點=0, 黑點=1, 涉及細胞=125
2026-07-26 13:15:13,147 - m4_module.cell_crops - INFO - 匯出 0 張 per-cell 影像至 /data/taro_Projects/tsgh/output/r7_run/cell_crops/tile_x5376_y7680/cells
2026-07-26 13:15:13,147 - hybrid_pipeline - INFO - Tile tile_x5376_y7680 完成: 核心擁有 0 細胞 (0 陽性), 1.07 秒
2026-07-26 13:15:13,424 - m4_module.cell_crops - INFO - 匯出 73 張 per-cell 影像至 /data/taro_Projects/tsgh/output/r7_run/cell_crops/tile_x2304_y7680/cells
2026-07-26 13:15:13,424 - hybrid_pipeline - INFO - Tile tile_x2304_y7680 完成: 核心擁有 73 細胞 (73 陽性), 1.58 秒
2026-07-26 13:15:13,424 - hybrid_pipeline - INFO - [260/576] 已回收 tile_x2304_y7680
2026-07-26 13:15:13,452 - hybrid_pipeline - INFO - Tile tile_x14592_y7680: 核心遮罩全空 → 空白 placeholder
2026-07-26 13:15:13,825 - hybrid_pipeline - INFO - [261/576] 已回收 tile_x17664_y7680
2026-07-26 13:15:13,852 - m3_module.m3_cells_generator - INFO - All-positive 標註完成: 41 個細胞
2026-07-26 13:15:13,893 - m3_module.m3_cells_generator - INFO - enlarge_cell_instances: 41 顆細胞, factor=1.50(面積), 中位半徑=19.6px, 外擴=4.4px
2026-07-26 13:15:13,919 - m3_module.m3_elastic_matching - INFO - elastic_dish_nucleus_matching(overlap-first): IHC=41, DISH=10, matched(1核)=10 (其中重疊=10), drop-out(競爭落敗)=7, 無候選(計入)=24, factor=1.50, min_reach=20.0
2026-07-26 13:15:14,077 - hybrid_pipeline - INFO - [262/576] 已回收 tile_x15360_y7680
2026-07-26 13:15:14,083 - hybrid_pipeline - INFO - [263/576] 已回收 tile_x5376_y7680
2026-07-26 13:15:14,098 - m3_module.m3_dot_detection - INFO - detect_all_dots: 紅點=18, 黑點=27, 涉及細胞=41
2026-07-26 13:15:14,109 - m3_module.m3_cells_generator - INFO - All-positive 標註完成: 124 個細胞
2026-07-26 13:15:14,112 - m3_module.m3_cells_generator - INFO - All-positive 標註完成: 112 個細胞
2026-07-26 13:15:14,166 - m3_module.m3_cells_generator - INFO - enlarge_cell_instances: 112 顆細胞, factor=1.50(面積), 中位半徑=26.0px, 外擴=5.9px
2026-07-26 13:15:14,167 - m3_module.m3_cells_generator - INFO - enlarge_cell_instances: 124 顆細胞, factor=1.50(面積), 中位半徑=24.2px, 外擴=5.4px
2026-07-26 13:15:14,196 - m3_module.m3_elastic_matching - INFO - elastic_dish_nucleus_matching(overlap-first): IHC=124, DISH=13, matched(1核)=12 (其中重疊=12), drop-out(競爭落敗)=5, 無候選(計入)=107, factor=1.50, min_reach=20.0
2026-07-26 13:15:14,199 - m3_module.m3_elastic_matching - INFO - elastic_dish_nucleus_matching(overlap-first): IHC=112, DISH=21, matched(1核)=20 (其中重疊=20), drop-out(競爭落敗)=6, 無候選(計入)=86, factor=1.50, min_reach=20.0
2026-07-26 13:15:14,253 - m4_module.cell_crops - INFO - 匯出 15 張 per-cell 影像至 /data/taro_Projects/tsgh/output/r7_run/cell_crops/tile_x0_y8448/cells
2026-07-26 13:15:14,253 - hybrid_pipeline - INFO - Tile tile_x0_y8448 完成: 核心擁有 15 細胞 (15 陽性), 1.31 秒
2026-07-26 13:15:14,352 - m3_module.m3_dot_detection - INFO - detect_all_dots: 紅點=9, 黑點=14, 涉及細胞=124
2026-07-26 13:15:14,397 - m3_module.m3_dot_detection - INFO - detect_all_dots: 紅點=25, 黑點=35, 涉及細胞=112
2026-07-26 13:15:14,408 - hybrid_pipeline - INFO - [264/576] 已回收 tile_x14592_y7680
2026-07-26 13:15:14,436 - m3_module.m3_cells_generator - INFO - All-positive 標註完成: 99 個細胞
2026-07-26 13:15:14,491 - m3_module.m3_cells_generator - INFO - enlarge_cell_instances: 99 顆細胞, factor=1.50(面積), 中位半徑=26.0px, 外擴=5.8px
2026-07-26 13:15:14,518 - m3_module.m3_elastic_matching - INFO - elastic_dish_nucleus_matching(overlap-first): IHC=99, DISH=8, matched(1核)=7 (其中重疊=7), drop-out(競爭落敗)=5, 無候選(計入)=87, factor=1.50, min_reach=20.0
2026-07-26 13:15:14,652 - m3_module.m3_dot_detection - INFO - detect_all_dots: 紅點=5, 黑點=7, 涉及細胞=99
2026-07-26 13:15:14,714 - hybrid_pipeline - INFO - [265/576] 已回收 tile_x0_y8448
2026-07-26 13:15:14,715 - m4_module.cell_crops - INFO - 匯出 70 張 per-cell 影像至 /data/taro_Projects/tsgh/output/r7_run/cell_crops/tile_x768_y8448/cells
2026-07-26 13:15:14,715 - hybrid_pipeline - INFO - Tile tile_x768_y8448 完成: 核心擁有 70 細胞 (70 陽性), 1.76 秒
2026-07-26 13:15:14,727 - m4_module.cell_crops - INFO - 匯出 61 張 per-cell 影像至 /data/taro_Projects/tsgh/output/r7_run/cell_crops/tile_x2304_y8448/cells
2026-07-26 13:15:14,727 - hybrid_pipeline - INFO - Tile tile_x2304_y8448 完成: 核心擁有 61 細胞 (61 陽性), 1.77 秒
2026-07-26 13:15:14,727 - hybrid_pipeline - INFO - [266/576] 已回收 tile_x2304_y8448
2026-07-26 13:15:14,743 - m3_module.m3_cells_generator - INFO - All-positive 標註完成: 105 個細胞
2026-07-26 13:15:14,756 - hybrid_pipeline - INFO - Tile tile_x5376_y8448: 核心遮罩全空 → 空白 placeholder
2026-07-26 13:15:14,782 - hybrid_pipeline - INFO - [267/576] 已回收 tile_x5376_y8448
2026-07-26 13:15:14,791 - m3_module.m3_cells_generator - INFO - enlarge_cell_instances: 105 顆細胞, factor=1.50(面積), 中位半徑=24.7px, 外擴=5.5px
2026-07-26 13:15:14,809 - hybrid_pipeline - INFO - Tile tile_x6912_y8448: 核心遮罩全空 → 空白 placeholder
2026-07-26 13:15:14,819 - m3_module.m3_elastic_matching - INFO - elastic_dish_nucleus_matching(overlap-first): IHC=105, DISH=14, matched(1核)=13 (其中重疊=13), drop-out(競爭落敗)=6, 無候選(計入)=86, factor=1.50, min_reach=20.0
2026-07-26 13:15:14,820 - hybrid_pipeline - INFO - [268/576] 已回收 tile_x6912_y8448
2026-07-26 13:15:14,849 - hybrid_pipeline - INFO - Tile tile_x9984_y8448: 核心遮罩全空 → 空白 placeholder
2026-07-26 13:15:14,855 - hybrid_pipeline - INFO - [269/576] 已回收 tile_x9984_y8448
2026-07-26 13:15:14,858 - hybrid_pipeline - INFO - [270/576] 已回收 tile_x768_y8448
2026-07-26 13:15:14,880 - hybrid_pipeline - INFO - Tile tile_x10752_y8448: 核心遮罩全空 → 空白 placeholder
2026-07-26 13:15:14,884 - m3_module.m3_cells_generator - INFO - All-positive 標註完成: 15 個細胞
2026-07-26 13:15:14,907 - hybrid_pipeline - INFO - [271/576] 已回收 tile_x10752_y8448
2026-07-26 13:15:14,925 - m3_module.m3_cells_generator - INFO - enlarge_cell_instances: 15 顆細胞, factor=1.50(面積), 中位半徑=23.6px, 外擴=5.3px
2026-07-26 13:15:14,940 - hybrid_pipeline - INFO - Tile tile_x9216_y8448: 核心遮罩全空 → 空白 placeholder
2026-07-26 13:15:14,940 - m4_module.cell_crops - INFO - 匯出 65 張 per-cell 影像至 /data/taro_Projects/tsgh/output/r7_run/cell_crops/tile_x1536_y8448/cells
2026-07-26 13:15:14,940 - hybrid_pipeline - INFO - Tile tile_x1536_y8448 完成: 核心擁有 65 細胞 (65 陽性), 1.52 秒
2026-07-26 13:15:14,940 - hybrid_pipeline - INFO - [272/576] 已回收 tile_x1536_y8448
2026-07-26 13:15:14,946 - hybrid_pipeline - INFO - [273/576] 已回收 tile_x9216_y8448
2026-07-26 13:15:14,951 - m3_module.m3_elastic_matching - INFO - elastic_dish_nucleus_matching(overlap-first): IHC=15, DISH=4, matched(1核)=3 (其中重疊=3), drop-out(競爭落敗)=1, 無候選(計入)=11, factor=1.50, min_reach=20.0
2026-07-26 13:15:14,960 - m3_module.m3_dot_detection - INFO - detect_all_dots: 紅點=6, 黑點=7, 涉及細胞=105
2026-07-26 13:15:14,966 - hybrid_pipeline - INFO - Tile tile_x4608_y8448: 核心遮罩全空 → 空白 placeholder
2026-07-26 13:15:14,977 - hybrid_pipeline - INFO - Tile tile_x11520_y8448: 核心遮罩全空 → 空白 placeholder
2026-07-26 13:15:15,004 - hybrid_pipeline - INFO - [274/576] 已回收 tile_x11520_y8448
2026-07-26 13:15:15,006 - hybrid_pipeline - INFO - [275/576] 已回收 tile_x4608_y8448
2026-07-26 13:15:15,032 - hybrid_pipeline - INFO - Tile tile_x12288_y8448: 核心遮罩全空 → 空白 placeholder
2026-07-26 13:15:15,032 - hybrid_pipeline - INFO - Tile tile_x7680_y8448: 核心遮罩全空 → 空白 placeholder
2026-07-26 13:15:15,063 - m3_module.m3_dot_detection - INFO - detect_all_dots: 紅點=1, 黑點=0, 涉及細胞=15
2026-07-26 13:15:15,065 - hybrid_pipeline - INFO - [276/576] 已回收 tile_x12288_y8448
2026-07-26 13:15:15,066 - hybrid_pipeline - INFO - [277/576] 已回收 tile_x7680_y8448
2026-07-26 13:15:15,094 - hybrid_pipeline - INFO - Tile tile_x13056_y8448: 核心遮罩全空 → 空白 placeholder
2026-07-26 13:15:15,095 - hybrid_pipeline - INFO - Tile tile_x15360_y8448: 核心遮罩全空 → 空白 placeholder
2026-07-26 13:15:15,120 - hybrid_pipeline - INFO - [278/576] 已回收 tile_x15360_y8448
2026-07-26 13:15:15,123 - hybrid_pipeline - INFO - [279/576] 已回收 tile_x13056_y8448
2026-07-26 13:15:15,152 - hybrid_pipeline - INFO - Tile tile_x16896_y8448: 核心遮罩全空 → 空白 placeholder
2026-07-26 13:15:15,153 - hybrid_pipeline - INFO - Tile tile_x17664_y8448: 核心遮罩全空 → 空白 placeholder
2026-07-26 13:15:15,155 - m4_module.cell_crops - INFO - 匯出 0 張 per-cell 影像至 /data/taro_Projects/tsgh/output/r7_run/cell_crops/tile_x3840_y8448/cells
2026-07-26 13:15:15,155 - hybrid_pipeline - INFO - Tile tile_x3840_y8448 完成: 核心擁有 0 細胞 (0 陽性), 1.07 秒
2026-07-26 13:15:15,156 - hybrid_pipeline - INFO - [280/576] 已回收 tile_x3840_y8448
2026-07-26 13:15:15,173 - hybrid_pipeline - INFO - [281/576] 已回收 tile_x17664_y8448
2026-07-26 13:15:15,182 - hybrid_pipeline - INFO - Tile tile_x8448_y8448: 核心遮罩全空 → 空白 placeholder
2026-07-26 13:15:15,188 - hybrid_pipeline - INFO - [282/576] 已回收 tile_x16896_y8448
2026-07-26 13:15:15,201 - hybrid_pipeline - INFO - Tile tile_x16128_y8448: 核心遮罩全空 → 空白 placeholder
2026-07-26 13:15:15,211 - hybrid_pipeline - INFO - [283/576] 已回收 tile_x8448_y8448
2026-07-26 13:15:15,217 - hybrid_pipeline - INFO - Tile tile_x13824_y8448: 核心遮罩全空 → 空白 placeholder
2026-07-26 13:15:15,240 - hybrid_pipeline - INFO - Tile tile_x14592_y8448: 核心遮罩全空 → 空白 placeholder
2026-07-26 13:15:15,268 - m4_module.cell_crops - INFO - 匯出 62 張 per-cell 影像至 /data/taro_Projects/tsgh/output/r7_run/cell_crops/tile_x3072_y8448/cells
2026-07-26 13:15:15,268 - hybrid_pipeline - INFO - Tile tile_x3072_y8448 完成: 核心擁有 62 細胞 (62 陽性), 1.44 秒
2026-07-26 13:15:15,268 - hybrid_pipeline - INFO - [284/576] 已回收 tile_x3072_y8448
2026-07-26 13:15:15,299 - hybrid_pipeline - INFO - Tile tile_x6144_y8448: 核心遮罩全空 → 空白 placeholder
2026-07-26 13:15:16,312 - hybrid_pipeline - INFO - [285/576] 已回收 tile_x16128_y8448
2026-07-26 13:15:16,341 - hybrid_pipeline - INFO - [286/576] 已回收 tile_x13824_y8448
2026-07-26 13:15:16,345 - m3_module.m3_cells_generator - INFO - All-positive 標註完成: 73 個細胞
2026-07-26 13:15:16,370 - m3_module.m3_cells_generator - INFO - All-positive 標註完成: 36 個細胞
2026-07-26 13:15:16,381 - hybrid_pipeline - INFO - [287/576] 已回收 tile_x6144_y8448
2026-07-26 13:15:16,383 - hybrid_pipeline - INFO - [288/576] 已回收 tile_x14592_y8448
2026-07-26 13:15:16,399 - m3_module.m3_cells_generator - INFO - enlarge_cell_instances: 73 顆細胞, factor=1.50(面積), 中位半徑=21.9px, 外擴=4.9px
2026-07-26 13:15:16,418 - m3_module.m3_cells_generator - INFO - All-positive 標註完成: 72 個細胞
2026-07-26 13:15:16,424 - m3_module.m3_cells_generator - INFO - enlarge_cell_instances: 36 顆細胞, factor=1.50(面積), 中位半徑=23.7px, 外擴=5.3px
2026-07-26 13:15:16,427 - m3_module.m3_cells_generator - INFO - All-positive 標註完成: 68 個細胞
2026-07-26 13:15:16,435 - m3_module.m3_elastic_matching - INFO - elastic_dish_nucleus_matching(overlap-first): IHC=73, DISH=34, matched(1核)=13 (其中重疊=13), drop-out(競爭落敗)=3, 無候選(計入)=57, factor=1.50, min_reach=20.0
2026-07-26 13:15:16,455 - m3_module.m3_elastic_matching - INFO - elastic_dish_nucleus_matching(overlap-first): IHC=36, DISH=3, matched(1核)=1 (其中重疊=1), drop-out(競爭落敗)=0, 無候選(計入)=35, factor=1.50, min_reach=20.0
2026-07-26 13:15:16,484 - m3_module.m3_cells_generator - INFO - enlarge_cell_instances: 72 顆細胞, factor=1.50(面積), 中位半徑=23.5px, 外擴=5.3px
2026-07-26 13:15:16,484 - m3_module.m3_cells_generator - INFO - enlarge_cell_instances: 68 顆細胞, factor=1.50(面積), 中位半徑=23.2px, 外擴=5.2px
2026-07-26 13:15:16,513 - m3_module.m3_elastic_matching - INFO - elastic_dish_nucleus_matching(overlap-first): IHC=72, DISH=4, matched(1核)=4 (其中重疊=4), drop-out(競爭落敗)=3, 無候選(計入)=65, factor=1.50, min_reach=20.0
2026-07-26 13:15:16,515 - m3_module.m3_elastic_matching - INFO - elastic_dish_nucleus_matching(overlap-first): IHC=68, DISH=14, matched(1核)=10 (其中重疊=10), drop-out(競爭落敗)=4, 無候選(計入)=54, factor=1.50, min_reach=20.0
2026-07-26 13:15:16,586 - m3_module.m3_dot_detection - INFO - detect_all_dots: 紅點=0, 黑點=0, 涉及細胞=36
2026-07-26 13:15:16,611 - m3_module.m3_dot_detection - INFO - detect_all_dots: 紅點=15, 黑點=27, 涉及細胞=73
2026-07-26 13:15:16,653 - m3_module.m3_dot_detection - INFO - detect_all_dots: 紅點=6, 黑點=7, 涉及細胞=72
2026-07-26 13:15:16,671 - m3_module.m3_dot_detection - INFO - detect_all_dots: 紅點=11, 黑點=17, 涉及細胞=68
2026-07-26 13:15:16,746 - m4_module.cell_crops - INFO - 匯出 16 張 per-cell 影像至 /data/taro_Projects/tsgh/output/r7_run/cell_crops/tile_x768_y9216/cells
2026-07-26 13:15:16,746 - hybrid_pipeline - INFO - Tile tile_x768_y9216 完成: 核心擁有 16 細胞 (16 陽性), 1.56 秒
2026-07-26 13:15:16,878 - m4_module.cell_crops - INFO - 匯出 36 張 per-cell 影像至 /data/taro_Projects/tsgh/output/r7_run/cell_crops/tile_x3072_y9216/cells
2026-07-26 13:15:16,878 - hybrid_pipeline - INFO - Tile tile_x3072_y9216 完成: 核心擁有 36 細胞 (36 陽性), 1.61 秒
2026-07-26 13:15:16,878 - hybrid_pipeline - INFO - [289/576] 已回收 tile_x3072_y9216
2026-07-26 13:15:16,897 - m4_module.cell_crops - INFO - 匯出 61 張 per-cell 影像至 /data/taro_Projects/tsgh/output/r7_run/cell_crops/tile_x0_y9216/cells
2026-07-26 13:15:16,897 - hybrid_pipeline - INFO - Tile tile_x0_y9216 完成: 核心擁有 61 細胞 (61 陽性), 1.72 秒
2026-07-26 13:15:16,902 - hybrid_pipeline - INFO - Tile tile_x4608_y9216: 核心遮罩全空 → 空白 placeholder
2026-07-26 13:15:16,915 - m4_module.cell_crops - INFO - 匯出 42 張 per-cell 影像至 /data/taro_Projects/tsgh/output/r7_run/cell_crops/tile_x2304_y9216/cells
2026-07-26 13:15:16,915 - hybrid_pipeline - INFO - Tile tile_x2304_y9216 完成: 核心擁有 42 細胞 (42 陽性), 1.70 秒
2026-07-26 13:15:16,915 - hybrid_pipeline - INFO - [290/576] 已回收 tile_x2304_y9216
2026-07-26 13:15:16,941 - hybrid_pipeline - INFO - Tile tile_x6144_y9216: 核心遮罩全空 → 空白 placeholder
2026-07-26 13:15:16,962 - hybrid_pipeline - INFO - [291/576] 已回收 tile_x4608_y9216
2026-07-26 13:15:16,985 - hybrid_pipeline - INFO - Tile tile_x5376_y9216: 核心遮罩全空 → 空白 placeholder
2026-07-26 13:15:17,003 - hybrid_pipeline - INFO - [292/576] 已回收 tile_x6144_y9216
2026-07-26 13:15:17,028 - hybrid_pipeline - INFO - Tile tile_x6912_y9216: 核心遮罩全空 → 空白 placeholder
2026-07-26 13:15:17,048 - hybrid_pipeline - INFO - [293/576] 已回收 tile_x5376_y9216
2026-07-26 13:15:17,078 - hybrid_pipeline - INFO - Tile tile_x9984_y9216: 核心遮罩全空 → 空白 placeholder
2026-07-26 13:15:17,079 - hybrid_pipeline - INFO - [294/576] 已回收 tile_x6912_y9216
2026-07-26 13:15:17,106 - hybrid_pipeline - INFO - Tile tile_x10752_y9216: 核心遮罩全空 → 空白 placeholder
2026-07-26 13:15:17,119 - hybrid_pipeline - INFO - [295/576] 已回收 tile_x9984_y9216
2026-07-26 13:15:17,146 - hybrid_pipeline - INFO - [296/576] 已回收 tile_x10752_y9216
2026-07-26 13:15:17,148 - hybrid_pipeline - INFO - Tile tile_x9216_y9216: 核心遮罩全空 → 空白 placeholder
2026-07-26 13:15:17,175 - hybrid_pipeline - INFO - Tile tile_x8448_y9216: 核心遮罩全空 → 空白 placeholder
2026-07-26 13:15:17,178 - hybrid_pipeline - INFO - [297/576] 已回收 tile_x9216_y9216
2026-07-26 13:15:17,193 - hybrid_pipeline - INFO - [298/576] 已回收 tile_x8448_y9216
2026-07-26 13:15:17,209 - hybrid_pipeline - INFO - Tile tile_x7680_y9216: 核心遮罩全空 → 空白 placeholder
2026-07-26 13:15:17,221 - hybrid_pipeline - INFO - Tile tile_x11520_y9216: 核心遮罩全空 → 空白 placeholder
2026-07-26 13:15:17,221 - hybrid_pipeline - INFO - [299/576] 已回收 tile_x0_y9216
2026-07-26 13:15:17,233 - hybrid_pipeline - INFO - [300/576] 已回收 tile_x7680_y9216
2026-07-26 13:15:17,246 - hybrid_pipeline - INFO - [301/576] 已回收 tile_x11520_y9216
2026-07-26 13:15:17,251 - m3_module.m3_cells_generator - INFO - All-positive 標註完成: 55 個細胞
2026-07-26 13:15:17,263 - hybrid_pipeline - INFO - Tile tile_x12288_y9216: 核心遮罩全空 → 空白 placeholder
2026-07-26 13:15:17,276 - hybrid_pipeline - INFO - Tile tile_x15360_y9216: 核心遮罩全空 → 空白 placeholder
2026-07-26 13:15:17,285 - hybrid_pipeline - INFO - [302/576] 已回收 tile_x768_y9216
2026-07-26 13:15:17,299 - m3_module.m3_cells_generator - INFO - enlarge_cell_instances: 55 顆細胞, factor=1.50(面積), 中位半徑=20.7px, 外擴=4.7px
2026-07-26 13:15:17,301 - hybrid_pipeline - INFO - [303/576] 已回收 tile_x12288_y9216
2026-07-26 13:15:17,308 - hybrid_pipeline - INFO - [304/576] 已回收 tile_x15360_y9216
2026-07-26 13:15:17,316 - m3_module.m3_cells_generator - INFO - All-positive 標註完成: 27 個細胞
2026-07-26 13:15:17,326 - m3_module.m3_elastic_matching - INFO - elastic_dish_nucleus_matching(overlap-first): IHC=55, DISH=10, matched(1核)=6 (其中重疊=6), drop-out(競爭落敗)=5, 無候選(計入)=44, factor=1.50, min_reach=20.0
2026-07-26 13:15:17,334 - hybrid_pipeline - INFO - Tile tile_x16896_y9216: 核心遮罩全空 → 空白 placeholder
2026-07-26 13:15:17,337 - hybrid_pipeline - INFO - Tile tile_x16128_y9216: 核心遮罩全空 → 空白 placeholder
2026-07-26 13:15:17,353 - m3_module.m3_cells_generator - INFO - enlarge_cell_instances: 27 顆細胞, factor=1.50(面積), 中位半徑=24.3px, 外擴=5.5px
2026-07-26 13:15:17,360 - hybrid_pipeline - INFO - [305/576] 已回收 tile_x16896_y9216
2026-07-26 13:15:17,365 - hybrid_pipeline - INFO - [306/576] 已回收 tile_x16128_y9216
2026-07-26 13:15:17,378 - m3_module.m3_elastic_matching - INFO - elastic_dish_nucleus_matching(overlap-first): IHC=27, DISH=1, matched(1核)=1 (其中重疊=1), drop-out(競爭落敗)=0, 無候選(計入)=26, factor=1.50, min_reach=20.0
2026-07-26 13:15:17,386 - hybrid_pipeline - INFO - Tile tile_x17664_y9216: 核心遮罩全空 → 空白 placeholder
2026-07-26 13:15:17,393 - hybrid_pipeline - INFO - Tile tile_x13824_y9216: 核心遮罩全空 → 空白 placeholder
2026-07-26 13:15:17,473 - m3_module.m3_dot_detection - INFO - detect_all_dots: 紅點=6, 黑點=6, 涉及細胞=55
2026-07-26 13:15:17,500 - m3_module.m3_dot_detection - INFO - detect_all_dots: 紅點=1, 黑點=2, 涉及細胞=27
2026-07-26 13:15:17,618 - m4_module.cell_crops - INFO - 匯出 16 張 per-cell 影像至 /data/taro_Projects/tsgh/output/r7_run/cell_crops/tile_x3840_y9216/cells
2026-07-26 13:15:17,618 - hybrid_pipeline - INFO - Tile tile_x3840_y9216 完成: 核心擁有 16 細胞 (16 陽性), 1.28 秒
2026-07-26 13:15:17,618 - hybrid_pipeline - INFO - [307/576] 已回收 tile_x3840_y9216
2026-07-26 13:15:17,643 - hybrid_pipeline - INFO - Tile tile_x14592_y9216: 核心遮罩全空 → 空白 placeholder
2026-07-26 13:15:17,659 - m4_module.cell_crops - INFO - 匯出 32 張 per-cell 影像至 /data/taro_Projects/tsgh/output/r7_run/cell_crops/tile_x1536_y9216/cells
2026-07-26 13:15:17,659 - hybrid_pipeline - INFO - Tile tile_x1536_y9216 完成: 核心擁有 32 細胞 (32 陽性), 1.35 秒
2026-07-26 13:15:17,659 - hybrid_pipeline - INFO - [308/576] 已回收 tile_x1536_y9216
2026-07-26 13:15:17,683 - hybrid_pipeline - INFO - Tile tile_x13056_y9216: 核心遮罩全空 → 空白 placeholder
2026-07-26 13:15:17,740 - hybrid_pipeline - INFO - [309/576] 已回收 tile_x13056_y9216
2026-07-26 13:15:17,769 - hybrid_pipeline - INFO - Tile tile_x4608_y9984: 核心遮罩全空 → 空白 placeholder
2026-07-26 13:15:18,392 - hybrid_pipeline - INFO - [310/576] 已回收 tile_x13824_y9216
2026-07-26 13:15:18,419 - m3_module.m3_cells_generator - INFO - All-positive 標註完成: 71 個細胞
2026-07-26 13:15:18,453 - hybrid_pipeline - INFO - [311/576] 已回收 tile_x17664_y9216
2026-07-26 13:15:18,465 - m3_module.m3_cells_generator - INFO - enlarge_cell_instances: 71 顆細胞, factor=1.50(面積), 中位半徑=23.3px, 外擴=5.2px
2026-07-26 13:15:18,482 - m3_module.m3_cells_generator - INFO - All-positive 標註完成: 137 個細胞
2026-07-26 13:15:18,493 - m3_module.m3_elastic_matching - INFO - elastic_dish_nucleus_matching(overlap-first): IHC=71, DISH=7, matched(1核)=5 (其中重疊=5), drop-out(競爭落敗)=3, 無候選(計入)=63, factor=1.50, min_reach=20.0
2026-07-26 13:15:18,536 - m3_module.m3_cells_generator - INFO - enlarge_cell_instances: 137 顆細胞, factor=1.50(面積), 中位半徑=23.6px, 外擴=5.3px
2026-07-26 13:15:18,569 - m3_module.m3_elastic_matching - INFO - elastic_dish_nucleus_matching(overlap-first): IHC=137, DISH=32, matched(1核)=15 (其中重疊=15), drop-out(競爭落敗)=2, 無候選(計入)=120, factor=1.50, min_reach=20.0
2026-07-26 13:15:18,628 - m3_module.m3_dot_detection - INFO - detect_all_dots: 紅點=3, 黑點=2, 涉及細胞=71
2026-07-26 13:15:18,640 - hybrid_pipeline - INFO - [312/576] 已回收 tile_x14592_y9216
2026-07-26 13:15:18,665 - m3_module.m3_cells_generator - INFO - All-positive 標註完成: 89 個細胞
2026-07-26 13:15:18,674 - hybrid_pipeline - INFO - [313/576] 已回收 tile_x4608_y9984
2026-07-26 13:15:18,701 - m3_module.m3_cells_generator - INFO - All-positive 標註完成: 30 個細胞
2026-07-26 13:15:18,722 - m3_module.m3_cells_generator - INFO - enlarge_cell_instances: 89 顆細胞, factor=1.50(面積), 中位半徑=26.0px, 外擴=5.9px
2026-07-26 13:15:18,744 - m3_module.m3_dot_detection - INFO - detect_all_dots: 紅點=15, 黑點=25, 涉及細胞=137
2026-07-26 13:15:18,744 - m3_module.m3_cells_generator - INFO - enlarge_cell_instances: 30 顆細胞, factor=1.50(面積), 中位半徑=22.2px, 外擴=5.0px
2026-07-26 13:15:18,750 - m3_module.m3_elastic_matching - INFO - elastic_dish_nucleus_matching(overlap-first): IHC=89, DISH=31, matched(1核)=17 (其中重疊=15), drop-out(競爭落敗)=5, 無候選(計入)=67, factor=1.50, min_reach=20.0
2026-07-26 13:15:18,770 - m3_module.m3_elastic_matching - INFO - elastic_dish_nucleus_matching(overlap-first): IHC=30, DISH=14, matched(1核)=3 (其中重疊=3), drop-out(競爭落敗)=0, 無候選(計入)=27, factor=1.50, min_reach=20.0
2026-07-26 13:15:18,790 - cellpose.dynamics - INFO - No cell pixels found.
2026-07-26 13:15:18,815 - m4_module.cell_crops - INFO - 匯出 36 張 per-cell 影像至 /data/taro_Projects/tsgh/output/r7_run/cell_crops/tile_x768_y9984/cells
2026-07-26 13:15:18,815 - hybrid_pipeline - INFO - Tile tile_x768_y9984 完成: 核心擁有 36 細胞 (36 陽性), 1.45 秒
2026-07-26 13:15:18,816 - hybrid_pipeline - INFO - [314/576] 已回收 tile_x768_y9984
2026-07-26 13:15:18,841 - hybrid_pipeline - INFO - Tile tile_x3840_y9984: 核心遮罩全空 → 空白 placeholder
2026-07-26 13:15:18,853 - hybrid_pipeline - INFO - [315/576] 已回收 tile_x3840_y9984
2026-07-26 13:15:18,880 - hybrid_pipeline - INFO - Tile tile_x6912_y9984: 核心遮罩全空 → 空白 placeholder
2026-07-26 13:15:18,891 - hybrid_pipeline - INFO - [316/576] 已回收 tile_x6912_y9984
2026-07-26 13:15:18,898 - m3_module.m3_dot_detection - INFO - detect_all_dots: 紅點=2, 黑點=4, 涉及細胞=30
2026-07-26 13:15:18,911 - m3_module.m3_dot_detection - INFO - detect_all_dots: 紅點=9, 黑點=15, 涉及細胞=89
2026-07-26 13:15:18,919 - hybrid_pipeline - INFO - Tile tile_x7680_y9984: 核心遮罩全空 → 空白 placeholder
2026-07-26 13:15:18,947 - hybrid_pipeline - INFO - [317/576] 已回收 tile_x7680_y9984
2026-07-26 13:15:18,977 - hybrid_pipeline - INFO - Tile tile_x8448_y9984: 核心遮罩全空 → 空白 placeholder
2026-07-26 13:15:19,001 - hybrid_pipeline - INFO - [318/576] 已回收 tile_x8448_y9984
2026-07-26 13:15:19,024 - m4_module.cell_crops - INFO - 匯出 12 張 per-cell 影像至 /data/taro_Projects/tsgh/output/r7_run/cell_crops/tile_x2304_y9984/cells
2026-07-26 13:15:19,024 - hybrid_pipeline - INFO - Tile tile_x2304_y9984 完成: 核心擁有 12 細胞 (12 陽性), 1.28 秒
2026-07-26 13:15:19,024 - hybrid_pipeline - INFO - [319/576] 已回收 tile_x2304_y9984
2026-07-26 13:15:19,028 - hybrid_pipeline - INFO - Tile tile_x9984_y9984: 核心遮罩全空 → 空白 placeholder
2026-07-26 13:15:19,047 - hybrid_pipeline - INFO - Tile tile_x6144_y9984: 核心遮罩全空 → 空白 placeholder
2026-07-26 13:15:19,061 - hybrid_pipeline - INFO - [320/576] 已回收 tile_x9984_y9984
2026-07-26 13:15:19,075 - hybrid_pipeline - INFO - [321/576] 已回收 tile_x6144_y9984
2026-07-26 13:15:19,089 - hybrid_pipeline - INFO - Tile tile_x10752_y9984: 核心遮罩全空 → 空白 placeholder
2026-07-26 13:15:19,101 - hybrid_pipeline - INFO - Tile tile_x9216_y9984: 核心遮罩全空 → 空白 placeholder
2026-07-26 13:15:19,110 - hybrid_pipeline - INFO - [322/576] 已回收 tile_x10752_y9984
2026-07-26 13:15:19,119 - m4_module.cell_crops - INFO - 匯出 92 張 per-cell 影像至 /data/taro_Projects/tsgh/output/r7_run/cell_crops/tile_x0_y9984/cells
2026-07-26 13:15:19,119 - hybrid_pipeline - INFO - Tile tile_x0_y9984 完成: 核心擁有 92 細胞 (92 陽性), 1.76 秒
2026-07-26 13:15:19,121 - hybrid_pipeline - INFO - [323/576] 已回收 tile_x9216_y9984
2026-07-26 13:15:19,139 - hybrid_pipeline - INFO - Tile tile_x11520_y9984: 核心遮罩全空 → 空白 placeholder
2026-07-26 13:15:19,147 - hybrid_pipeline - INFO - Tile tile_x12288_y9984: 核心遮罩全空 → 空白 placeholder
2026-07-26 13:15:19,164 - hybrid_pipeline - INFO - [324/576] 已回收 tile_x11520_y9984
2026-07-26 13:15:19,180 - hybrid_pipeline - INFO - [325/576] 已回收 tile_x12288_y9984
2026-07-26 13:15:19,190 - m4_module.cell_crops - INFO - 匯出 58 張 per-cell 影像至 /data/taro_Projects/tsgh/output/r7_run/cell_crops/tile_x1536_y9984/cells
2026-07-26 13:15:19,190 - hybrid_pipeline - INFO - Tile tile_x1536_y9984 完成: 核心擁有 58 細胞 (58 陽性), 1.57 秒
2026-07-26 13:15:19,190 - hybrid_pipeline - INFO - [326/576] 已回收 tile_x1536_y9984
2026-07-26 13:15:19,194 - hybrid_pipeline - INFO - Tile tile_x13824_y9984: 核心遮罩全空 → 空白 placeholder
2026-07-26 13:15:19,202 - hybrid_pipeline - INFO - [327/576] 已回收 tile_x13824_y9984
2026-07-26 13:15:19,211 - hybrid_pipeline - INFO - Tile tile_x13056_y9984: 核心遮罩全空 → 空白 placeholder
2026-07-26 13:15:19,216 - hybrid_pipeline - INFO - Tile tile_x5376_y9984: 核心遮罩全空 → 空白 placeholder
2026-07-26 13:15:19,229 - hybrid_pipeline - INFO - Tile tile_x16128_y9984: 核心遮罩全空 → 空白 placeholder
2026-07-26 13:15:19,230 - hybrid_pipeline - INFO - [328/576] 已回收 tile_x0_y9984
2026-07-26 13:15:19,234 - m3_module.m3_cells_generator - INFO - All-positive 標註完成: 0 個細胞
2026-07-26 13:15:19,237 - hybrid_pipeline - INFO - [329/576] 已回收 tile_x13056_y9984
2026-07-26 13:15:19,265 - hybrid_pipeline - INFO - Tile tile_x14592_y9984: 核心遮罩全空 → 空白 placeholder
2026-07-26 13:15:19,266 - hybrid_pipeline - INFO - [330/576] 已回收 tile_x5376_y9984
2026-07-26 13:15:19,278 - hybrid_pipeline - INFO - [331/576] 已回收 tile_x16128_y9984
2026-07-26 13:15:19,294 - hybrid_pipeline - INFO - Tile tile_x16896_y9984: 核心遮罩全空 → 空白 placeholder
2026-07-26 13:15:19,306 - hybrid_pipeline - INFO - Tile tile_x15360_y9984: 核心遮罩全空 → 空白 placeholder
2026-07-26 13:15:19,374 - m3_module.m3_dot_detection - INFO - detect_all_dots: 紅點=0, 黑點=0, 涉及細胞=0
2026-07-26 13:15:19,405 - m4_module.cell_crops - INFO - 匯出 0 張 per-cell 影像至 /data/taro_Projects/tsgh/output/r7_run/cell_crops/tile_x3072_y9984/cells
2026-07-26 13:15:19,405 - hybrid_pipeline - INFO - Tile tile_x3072_y9984 完成: 核心擁有 0 細胞 (0 陽性), 0.95 秒
2026-07-26 13:15:19,406 - hybrid_pipeline - INFO - [332/576] 已回收 tile_x3072_y9984
2026-07-26 13:15:19,440 - hybrid_pipeline - INFO - Tile tile_x17664_y9984: 核心遮罩全空 → 空白 placeholder
2026-07-26 13:15:20,486 - hybrid_pipeline - INFO - [333/576] 已回收 tile_x17664_y9984
2026-07-26 13:15:20,513 - m3_module.m3_cells_generator - INFO - All-positive 標註完成: 15 個細胞
2026-07-26 13:15:20,525 - hybrid_pipeline - INFO - [334/576] 已回收 tile_x14592_y9984
2026-07-26 13:15:20,530 - hybrid_pipeline - INFO - [335/576] 已回收 tile_x15360_y9984
2026-07-26 13:15:20,534 - hybrid_pipeline - INFO - [336/576] 已回收 tile_x16896_y9984
2026-07-26 13:15:20,557 - m3_module.m3_cells_generator - INFO - enlarge_cell_instances: 15 顆細胞, factor=1.50(面積), 中位半徑=20.2px, 外擴=4.5px
2026-07-26 13:15:20,569 - m3_module.m3_cells_generator - INFO - All-positive 標註完成: 131 個細胞
2026-07-26 13:15:20,574 - m3_module.m3_cells_generator - INFO - All-positive 標註完成: 109 個細胞
2026-07-26 13:15:20,575 - m3_module.m3_cells_generator - INFO - All-positive 標註完成: 121 個細胞
2026-07-26 13:15:20,584 - m3_module.m3_elastic_matching - INFO - elastic_dish_nucleus_matching(overlap-first): IHC=15, DISH=7, matched(1核)=5 (其中重疊=5), drop-out(競爭落敗)=0, 無候選(計入)=10, factor=1.50, min_reach=20.0
2026-07-26 13:15:20,643 - m3_module.m3_cells_generator - INFO - enlarge_cell_instances: 131 顆細胞, factor=1.50(面積), 中位半徑=22.7px, 外擴=5.1px
2026-07-26 13:15:20,644 - m3_module.m3_cells_generator - INFO - enlarge_cell_instances: 121 顆細胞, factor=1.50(面積), 中位半徑=21.1px, 外擴=4.8px
2026-07-26 13:15:20,645 - m3_module.m3_cells_generator - INFO - enlarge_cell_instances: 109 顆細胞, factor=1.50(面積), 中位半徑=21.6px, 外擴=4.9px
2026-07-26 13:15:20,679 - m3_module.m3_elastic_matching - INFO - elastic_dish_nucleus_matching(overlap-first): IHC=109, DISH=33, matched(1核)=25 (其中重疊=25), drop-out(競爭落敗)=6, 無候選(計入)=78, factor=1.50, min_reach=20.0
2026-07-26 13:15:20,679 - m3_module.m3_elastic_matching - INFO - elastic_dish_nucleus_matching(overlap-first): IHC=121, DISH=25, matched(1核)=20 (其中重疊=19), drop-out(競爭落敗)=5, 無候選(計入)=96, factor=1.50, min_reach=20.0
2026-07-26 13:15:20,680 - m3_module.m3_elastic_matching - INFO - elastic_dish_nucleus_matching(overlap-first): IHC=131, DISH=30, matched(1核)=23 (其中重疊=23), drop-out(競爭落敗)=9, 無候選(計入)=99, factor=1.50, min_reach=20.0
2026-07-26 13:15:20,736 - m3_module.m3_dot_detection - INFO - detect_all_dots: 紅點=6, 黑點=5, 涉及細胞=15
2026-07-26 13:15:20,768 - cellpose.dynamics - INFO - No cell pixels found.
2026-07-26 13:15:20,843 - m4_module.cell_crops - INFO - 匯出 3 張 per-cell 影像至 /data/taro_Projects/tsgh/output/r7_run/cell_crops/tile_x4608_y10752/cells
2026-07-26 13:15:20,843 - hybrid_pipeline - INFO - Tile tile_x4608_y10752 完成: 核心擁有 3 細胞 (3 陽性), 1.44 秒
2026-07-26 13:15:20,890 - m3_module.m3_dot_detection - INFO - detect_all_dots: 紅點=26, 黑點=39, 涉及細胞=121
2026-07-26 13:15:20,904 - m3_module.m3_dot_detection - INFO - detect_all_dots: 紅點=29, 黑點=44, 涉及細胞=109
2026-07-26 13:15:20,934 - m3_module.m3_dot_detection - INFO - detect_all_dots: 紅點=41, 黑點=66, 涉及細胞=131
2026-07-26 13:15:21,131 - hybrid_pipeline - INFO - [337/576] 已回收 tile_x4608_y10752
2026-07-26 13:15:21,137 - m3_module.m3_cells_generator - INFO - All-positive 標註完成: 0 個細胞
2026-07-26 13:15:21,157 - m4_module.cell_crops - INFO - 匯出 52 張 per-cell 影像至 /data/taro_Projects/tsgh/output/r7_run/cell_crops/tile_x768_y10752/cells
2026-07-26 13:15:21,157 - hybrid_pipeline - INFO - Tile tile_x768_y10752 完成: 核心擁有 52 細胞 (52 陽性), 1.89 秒
2026-07-26 13:15:21,159 - m4_module.cell_crops - INFO - 匯出 67 張 per-cell 影像至 /data/taro_Projects/tsgh/output/r7_run/cell_crops/tile_x1536_y10752/cells
2026-07-26 13:15:21,160 - hybrid_pipeline - INFO - Tile tile_x1536_y10752 完成: 核心擁有 67 細胞 (67 陽性), 1.88 秒
2026-07-26 13:15:21,263 - m4_module.cell_crops - INFO - 匯出 80 張 per-cell 影像至 /data/taro_Projects/tsgh/output/r7_run/cell_crops/tile_x0_y10752/cells
2026-07-26 13:15:21,264 - hybrid_pipeline - INFO - Tile tile_x0_y10752 完成: 核心擁有 80 細胞 (80 陽性), 2.03 秒
2026-07-26 13:15:21,265 - hybrid_pipeline - INFO - [338/576] 已回收 tile_x0_y10752
2026-07-26 13:15:21,280 - m3_module.m3_dot_detection - INFO - detect_all_dots: 紅點=0, 黑點=0, 涉及細胞=0
2026-07-26 13:15:21,300 - hybrid_pipeline - INFO - Tile tile_x3072_y10752: 核心遮罩全空 → 空白 placeholder
2026-07-26 13:15:21,311 - m4_module.cell_crops - INFO - 匯出 0 張 per-cell 影像至 /data/taro_Projects/tsgh/output/r7_run/cell_crops/tile_x3840_y10752/cells
2026-07-26 13:15:21,311 - hybrid_pipeline - INFO - Tile tile_x3840_y10752 完成: 核心擁有 0 細胞 (0 陽性), 0.83 秒
2026-07-26 13:15:21,370 - hybrid_pipeline - INFO - [339/576] 已回收 tile_x3072_y10752
2026-07-26 13:15:21,398 - hybrid_pipeline - INFO - Tile tile_x6912_y10752: 核心遮罩全空 → 空白 placeholder
2026-07-26 13:15:21,437 - hybrid_pipeline - INFO - [340/576] 已回收 tile_x6912_y10752
2026-07-26 13:15:21,466 - hybrid_pipeline - INFO - Tile tile_x7680_y10752: 核心遮罩全空 → 空白 placeholder
2026-07-26 13:15:21,514 - hybrid_pipeline - INFO - [341/576] 已回收 tile_x7680_y10752
2026-07-26 13:15:21,528 - hybrid_pipeline - INFO - [342/576] 已回收 tile_x768_y10752
2026-07-26 13:15:21,547 - hybrid_pipeline - INFO - Tile tile_x8448_y10752: 核心遮罩全空 → 空白 placeholder
2026-07-26 13:15:21,553 - m3_module.m3_cells_generator - INFO - All-positive 標註完成: 6 個細胞
2026-07-26 13:15:21,561 - hybrid_pipeline - INFO - [343/576] 已回收 tile_x1536_y10752
2026-07-26 13:15:21,567 - hybrid_pipeline - INFO - [344/576] 已回收 tile_x8448_y10752
2026-07-26 13:15:21,585 - m3_module.m3_cells_generator - INFO - enlarge_cell_instances: 6 顆細胞, factor=1.50(面積), 中位半徑=12.7px, 外擴=2.8px
2026-07-26 13:15:21,593 - m3_module.m3_cells_generator - INFO - All-positive 標註完成: 4 個細胞
2026-07-26 13:15:21,594 - hybrid_pipeline - INFO - Tile tile_x9984_y10752: 核心遮罩全空 → 空白 placeholder
2026-07-26 13:15:21,609 - m3_module.m3_elastic_matching - INFO - elastic_dish_nucleus_matching(overlap-first): IHC=6, DISH=1, matched(1核)=1 (其中重疊=1), drop-out(競爭落敗)=1, 無候選(計入)=4, factor=1.50, min_reach=20.0
2026-07-26 13:15:21,622 - m3_module.m3_cells_generator - INFO - enlarge_cell_instances: 4 顆細胞, factor=1.50(面積), 中位半徑=29.5px, 外擴=6.6px
2026-07-26 13:15:21,635 - hybrid_pipeline - INFO - [345/576] 已回收 tile_x9984_y10752
2026-07-26 13:15:21,655 - m3_module.m3_elastic_matching - INFO - elastic_dish_nucleus_matching(overlap-first): IHC=4, DISH=1, matched(1核)=1 (其中重疊=1), drop-out(競爭落敗)=0, 無候選(計入)=3, factor=1.50, min_reach=20.0
2026-07-26 13:15:21,661 - hybrid_pipeline - INFO - Tile tile_x11520_y10752: 核心遮罩全空 → 空白 placeholder
2026-07-26 13:15:21,672 - hybrid_pipeline - INFO - [346/576] 已回收 tile_x11520_y10752
2026-07-26 13:15:21,698 - hybrid_pipeline - INFO - Tile tile_x12288_y10752: 核心遮罩全空 → 空白 placeholder
2026-07-26 13:15:21,709 - hybrid_pipeline - INFO - [347/576] 已回收 tile_x12288_y10752
2026-07-26 13:15:21,732 - m3_module.m3_dot_detection - INFO - detect_all_dots: 紅點=0, 黑點=0, 涉及細胞=6
2026-07-26 13:15:21,734 - hybrid_pipeline - INFO - Tile tile_x13056_y10752: 核心遮罩全空 → 空白 placeholder
2026-07-26 13:15:21,748 - hybrid_pipeline - INFO - [348/576] 已回收 tile_x13056_y10752
2026-07-26 13:15:21,772 - hybrid_pipeline - INFO - Tile tile_x13824_y10752: 核心遮罩全空 → 空白 placeholder
2026-07-26 13:15:21,774 - m3_module.m3_dot_detection - INFO - detect_all_dots: 紅點=0, 黑點=1, 涉及細胞=4
2026-07-26 13:15:21,787 - m4_module.cell_crops - INFO - 匯出 0 張 per-cell 影像至 /data/taro_Projects/tsgh/output/r7_run/cell_crops/tile_x6144_y10752/cells
2026-07-26 13:15:21,787 - hybrid_pipeline - INFO - Tile tile_x6144_y10752 完成: 核心擁有 0 細胞 (0 陽性), 1.25 秒
2026-07-26 13:15:21,789 - hybrid_pipeline - INFO - [349/576] 已回收 tile_x6144_y10752
2026-07-26 13:15:21,814 - hybrid_pipeline - INFO - [350/576] 已回收 tile_x13824_y10752
2026-07-26 13:15:21,816 - hybrid_pipeline - INFO - Tile tile_x10752_y10752: 核心遮罩全空 → 空白 placeholder
2026-07-26 13:15:21,841 - hybrid_pipeline - INFO - Tile tile_x14592_y10752: 核心遮罩全空 → 空白 placeholder
2026-07-26 13:15:21,843 - m4_module.cell_crops - INFO - 匯出 1 張 per-cell 影像至 /data/taro_Projects/tsgh/output/r7_run/cell_crops/tile_x2304_y10752/cells
2026-07-26 13:15:21,843 - hybrid_pipeline - INFO - Tile tile_x2304_y10752 完成: 核心擁有 1 細胞 (1 陽性), 1.31 秒
2026-07-26 13:15:21,843 - hybrid_pipeline - INFO - [351/576] 已回收 tile_x2304_y10752
2026-07-26 13:15:21,866 - hybrid_pipeline - INFO - [352/576] 已回收 tile_x10752_y10752
2026-07-26 13:15:21,867 - hybrid_pipeline - INFO - Tile tile_x9216_y10752: 核心遮罩全空 → 空白 placeholder
2026-07-26 13:15:21,890 - hybrid_pipeline - INFO - Tile tile_x15360_y10752: 核心遮罩全空 → 空白 placeholder
2026-07-26 13:15:21,896 - hybrid_pipeline - INFO - [353/576] 已回收 tile_x14592_y10752
2026-07-26 13:15:21,924 - hybrid_pipeline - INFO - Tile tile_x16128_y10752: 核心遮罩全空 → 空白 placeholder
2026-07-26 13:15:21,930 - hybrid_pipeline - INFO - [354/576] 已回收 tile_x9216_y10752
2026-07-26 13:15:21,959 - hybrid_pipeline - INFO - Tile tile_x16896_y10752: 核心遮罩全空 → 空白 placeholder
2026-07-26 13:15:21,979 - hybrid_pipeline - INFO - [355/576] 已回收 tile_x16128_y10752
2026-07-26 13:15:22,013 - hybrid_pipeline - INFO - Tile tile_x17664_y10752: 核心遮罩全空 → 空白 placeholder
2026-07-26 13:15:22,135 - hybrid_pipeline - INFO - [356/576] 已回收 tile_x3840_y10752
2026-07-26 13:15:22,165 - m3_module.m3_cells_generator - INFO - All-positive 標註完成: 23 個細胞
2026-07-26 13:15:22,206 - m3_module.m3_cells_generator - INFO - enlarge_cell_instances: 23 顆細胞, factor=1.50(面積), 中位半徑=19.5px, 外擴=4.4px
2026-07-26 13:15:22,230 - m3_module.m3_elastic_matching - INFO - elastic_dish_nucleus_matching(overlap-first): IHC=23, DISH=15, matched(1核)=10 (其中重疊=9), drop-out(競爭落敗)=1, 無候選(計入)=12, factor=1.50, min_reach=20.0
2026-07-26 13:15:22,377 - m3_module.m3_dot_detection - INFO - detect_all_dots: 紅點=12, 黑點=14, 涉及細胞=23
2026-07-26 13:15:22,479 - m4_module.cell_crops - INFO - 匯出 1 張 per-cell 影像至 /data/taro_Projects/tsgh/output/r7_run/cell_crops/tile_x5376_y10752/cells
2026-07-26 13:15:22,479 - hybrid_pipeline - INFO - Tile tile_x5376_y10752 完成: 核心擁有 1 細胞 (1 陽性), 1.35 秒
2026-07-26 13:15:23,010 - hybrid_pipeline - INFO - [357/576] 已回收 tile_x15360_y10752
2026-07-26 13:15:23,044 - m3_module.m3_cells_generator - INFO - All-positive 標註完成: 134 個細胞
2026-07-26 13:15:23,096 - hybrid_pipeline - INFO - [358/576] 已回收 tile_x16896_y10752
2026-07-26 13:15:23,111 - m3_module.m3_cells_generator - INFO - enlarge_cell_instances: 134 顆細胞, factor=1.50(面積), 中位半徑=24.7px, 外擴=5.6px
2026-07-26 13:15:23,128 - m3_module.m3_cells_generator - INFO - All-positive 標註完成: 108 個細胞
2026-07-26 13:15:23,144 - m3_module.m3_elastic_matching - INFO - elastic_dish_nucleus_matching(overlap-first): IHC=134, DISH=10, matched(1核)=9 (其中重疊=9), drop-out(競爭落敗)=2, 無候選(計入)=123, factor=1.50, min_reach=20.0
2026-07-26 13:15:23,152 - hybrid_pipeline - INFO - [359/576] 已回收 tile_x17664_y10752
2026-07-26 13:15:23,156 - hybrid_pipeline - INFO - [360/576] 已回收 tile_x5376_y10752
2026-07-26 13:15:23,184 - m3_module.m3_cells_generator - INFO - enlarge_cell_instances: 108 顆細胞, factor=1.50(面積), 中位半徑=23.2px, 外擴=5.2px
2026-07-26 13:15:23,189 - m3_module.m3_cells_generator - INFO - All-positive 標註完成: 64 個細胞
2026-07-26 13:15:23,193 - m3_module.m3_cells_generator - INFO - All-positive 標註完成: 157 個細胞
2026-07-26 13:15:23,214 - m3_module.m3_elastic_matching - INFO - elastic_dish_nucleus_matching(overlap-first): IHC=108, DISH=25, matched(1核)=24 (其中重疊=24), drop-out(競爭落敗)=4, 無候選(計入)=80, factor=1.50, min_reach=20.0
2026-07-26 13:15:23,246 - m3_module.m3_cells_generator - INFO - enlarge_cell_instances: 64 顆細胞, factor=1.50(面積), 中位半徑=20.5px, 外擴=4.6px
2026-07-26 13:15:23,255 - m3_module.m3_cells_generator - INFO - enlarge_cell_instances: 157 顆細胞, factor=1.50(面積), 中位半徑=25.1px, 外擴=5.6px
2026-07-26 13:15:23,276 - m3_module.m3_elastic_matching - INFO - elastic_dish_nucleus_matching(overlap-first): IHC=64, DISH=14, matched(1核)=10 (其中重疊=10), drop-out(競爭落敗)=5, 無候選(計入)=49, factor=1.50, min_reach=20.0
2026-07-26 13:15:23,287 - m3_module.m3_elastic_matching - INFO - elastic_dish_nucleus_matching(overlap-first): IHC=157, DISH=28, matched(1核)=20 (其中重疊=20), drop-out(競爭落敗)=6, 無候選(計入)=131, factor=1.50, min_reach=20.0
2026-07-26 13:15:23,311 - m3_module.m3_dot_detection - INFO - detect_all_dots: 紅點=8, 黑點=11, 涉及細胞=134
2026-07-26 13:15:23,411 - m3_module.m3_dot_detection - INFO - detect_all_dots: 紅點=20, 黑點=32, 涉及細胞=108
2026-07-26 13:15:23,428 - m3_module.m3_dot_detection - INFO - detect_all_dots: 紅點=6, 黑點=13, 涉及細胞=64
2026-07-26 13:15:23,479 - m3_module.m3_dot_detection - INFO - detect_all_dots: 紅點=28, 黑點=43, 涉及細胞=157
2026-07-26 13:15:23,623 - m4_module.cell_crops - INFO - 匯出 23 張 per-cell 影像至 /data/taro_Projects/tsgh/output/r7_run/cell_crops/tile_x2304_y11520/cells
2026-07-26 13:15:23,623 - hybrid_pipeline - INFO - Tile tile_x2304_y11520 完成: 核心擁有 23 細胞 (23 陽性), 1.49 秒
2026-07-26 13:15:23,624 - hybrid_pipeline - INFO - [361/576] 已回收 tile_x2304_y11520
2026-07-26 13:15:23,650 - hybrid_pipeline - INFO - Tile tile_x6912_y11520: 核心遮罩全空 → 空白 placeholder
2026-07-26 13:15:23,653 - m4_module.cell_crops - INFO - 匯出 81 張 per-cell 影像至 /data/taro_Projects/tsgh/output/r7_run/cell_crops/tile_x0_y11520/cells
2026-07-26 13:15:23,653 - hybrid_pipeline - INFO - Tile tile_x0_y11520 完成: 核心擁有 81 細胞 (81 陽性), 1.79 秒
2026-07-26 13:15:23,673 - m4_module.cell_crops - INFO - 匯出 54 張 per-cell 影像至 /data/taro_Projects/tsgh/output/r7_run/cell_crops/tile_x1536_y11520/cells
2026-07-26 13:15:23,673 - hybrid_pipeline - INFO - Tile tile_x1536_y11520 完成: 核心擁有 54 細胞 (54 陽性), 1.74 秒
2026-07-26 13:15:23,870 - m4_module.cell_crops - INFO - 匯出 84 張 per-cell 影像至 /data/taro_Projects/tsgh/output/r7_run/cell_crops/tile_x768_y11520/cells
2026-07-26 13:15:23,870 - hybrid_pipeline - INFO - Tile tile_x768_y11520 完成: 核心擁有 84 細胞 (84 陽性), 1.89 秒
2026-07-26 13:15:24,067 - hybrid_pipeline - INFO - [362/576] 已回收 tile_x0_y11520
2026-07-26 13:15:24,095 - hybrid_pipeline - INFO - [363/576] 已回收 tile_x1536_y11520
2026-07-26 13:15:24,100 - m3_module.m3_cells_generator - INFO - All-positive 標註完成: 111 個細胞
2026-07-26 13:15:24,120 - m3_module.m3_cells_generator - INFO - All-positive 標註完成: 83 個細胞
2026-07-26 13:15:24,129 - hybrid_pipeline - INFO - [364/576] 已回收 tile_x768_y11520
2026-07-26 13:15:24,154 - m3_module.m3_cells_generator - INFO - All-positive 標註完成: 77 個細胞
2026-07-26 13:15:24,158 - m3_module.m3_cells_generator - INFO - enlarge_cell_instances: 111 顆細胞, factor=1.50(面積), 中位半徑=21.5px, 外擴=4.8px
2026-07-26 13:15:24,172 - m3_module.m3_cells_generator - INFO - enlarge_cell_instances: 83 顆細胞, factor=1.50(面積), 中位半徑=20.7px, 外擴=4.7px
2026-07-26 13:15:24,189 - m3_module.m3_elastic_matching - INFO - elastic_dish_nucleus_matching(overlap-first): IHC=111, DISH=37, matched(1核)=30 (其中重疊=30), drop-out(競爭落敗)=15, 無候選(計入)=66, factor=1.50, min_reach=20.0
2026-07-26 13:15:24,202 - m3_module.m3_elastic_matching - INFO - elastic_dish_nucleus_matching(overlap-first): IHC=83, DISH=26, matched(1核)=17 (其中重疊=17), drop-out(競爭落敗)=8, 無候選(計入)=58, factor=1.50, min_reach=20.0
2026-07-26 13:15:24,209 - m3_module.m3_cells_generator - INFO - enlarge_cell_instances: 77 顆細胞, factor=1.50(面積), 中位半徑=17.4px, 外擴=3.9px
2026-07-26 13:15:24,237 - m3_module.m3_elastic_matching - INFO - elastic_dish_nucleus_matching(overlap-first): IHC=77, DISH=14, matched(1核)=11 (其中重疊=11), drop-out(競爭落敗)=4, 無候選(計入)=62, factor=1.50, min_reach=20.0
2026-07-26 13:15:24,386 - m3_module.m3_dot_detection - INFO - detect_all_dots: 紅點=23, 黑點=24, 涉及細胞=83
2026-07-26 13:15:24,390 - m3_module.m3_dot_detection - INFO - detect_all_dots: 紅點=15, 黑點=14, 涉及細胞=77
2026-07-26 13:15:24,413 - m3_module.m3_dot_detection - INFO - detect_all_dots: 紅點=34, 黑點=42, 涉及細胞=111
2026-07-26 13:15:24,543 - hybrid_pipeline - INFO - [365/576] 已回收 tile_x6912_y11520
2026-07-26 13:15:24,580 - m3_module.m3_cells_generator - INFO - All-positive 標註完成: 102 個細胞
2026-07-26 13:15:24,589 - m4_module.cell_crops - INFO - 匯出 35 張 per-cell 影像至 /data/taro_Projects/tsgh/output/r7_run/cell_crops/tile_x4608_y11520/cells
2026-07-26 13:15:24,589 - hybrid_pipeline - INFO - Tile tile_x4608_y11520 完成: 核心擁有 35 細胞 (35 陽性), 1.44 秒
2026-07-26 13:15:24,590 - hybrid_pipeline - INFO - [366/576] 已回收 tile_x4608_y11520
2026-07-26 13:15:24,604 - m4_module.cell_crops - INFO - 匯出 48 張 per-cell 影像至 /data/taro_Projects/tsgh/output/r7_run/cell_crops/tile_x3840_y11520/cells
2026-07-26 13:15:24,604 - hybrid_pipeline - INFO - Tile tile_x3840_y11520 完成: 核心擁有 48 細胞 (48 陽性), 1.51 秒
2026-07-26 13:15:24,605 - hybrid_pipeline - INFO - [367/576] 已回收 tile_x3840_y11520
2026-07-26 13:15:24,617 - hybrid_pipeline - INFO - Tile tile_x9216_y11520: 核心遮罩全空 → 空白 placeholder
2026-07-26 13:15:24,627 - m3_module.m3_cells_generator - INFO - enlarge_cell_instances: 102 顆細胞, factor=1.50(面積), 中位半徑=22.9px, 外擴=5.2px
2026-07-26 13:15:24,631 - hybrid_pipeline - INFO - Tile tile_x7680_y11520: 核心遮罩全空 → 空白 placeholder
2026-07-26 13:15:24,655 - m3_module.m3_elastic_matching - INFO - elastic_dish_nucleus_matching(overlap-first): IHC=102, DISH=61, matched(1核)=43 (其中重疊=43), drop-out(競爭落敗)=7, 無候選(計入)=52, factor=1.50, min_reach=20.0
2026-07-26 13:15:24,668 - hybrid_pipeline - INFO - [368/576] 已回收 tile_x9216_y11520
2026-07-26 13:15:24,680 - hybrid_pipeline - INFO - [369/576] 已回收 tile_x7680_y11520
2026-07-26 13:15:24,688 - m4_module.cell_crops - INFO - 匯出 72 張 per-cell 影像至 /data/taro_Projects/tsgh/output/r7_run/cell_crops/tile_x3072_y11520/cells
2026-07-26 13:15:24,688 - hybrid_pipeline - INFO - Tile tile_x3072_y11520 完成: 核心擁有 72 細胞 (72 陽性), 1.68 秒
2026-07-26 13:15:24,701 - hybrid_pipeline - INFO - Tile tile_x9984_y11520: 核心遮罩全空 → 空白 placeholder
2026-07-26 13:15:24,708 - hybrid_pipeline - INFO - Tile tile_x10752_y11520: 核心遮罩全空 → 空白 placeholder
2026-07-26 13:15:24,746 - hybrid_pipeline - INFO - [370/576] 已回收 tile_x9984_y11520
2026-07-26 13:15:24,755 - hybrid_pipeline - INFO - [371/576] 已回收 tile_x10752_y11520
2026-07-26 13:15:24,784 - hybrid_pipeline - INFO - Tile tile_x11520_y11520: 核心遮罩全空 → 空白 placeholder
2026-07-26 13:15:24,788 - hybrid_pipeline - INFO - Tile tile_x12288_y11520: 核心遮罩全空 → 空白 placeholder
2026-07-26 13:15:24,801 - hybrid_pipeline - INFO - [372/576] 已回收 tile_x11520_y11520
2026-07-26 13:15:24,809 - hybrid_pipeline - INFO - [373/576] 已回收 tile_x12288_y11520
2026-07-26 13:15:24,829 - hybrid_pipeline - INFO - Tile tile_x13056_y11520: 核心遮罩全空 → 空白 placeholder
2026-07-26 13:15:24,838 - hybrid_pipeline - INFO - Tile tile_x13824_y11520: 核心遮罩全空 → 空白 placeholder
2026-07-26 13:15:24,850 - hybrid_pipeline - INFO - [374/576] 已回收 tile_x13056_y11520
2026-07-26 13:15:24,866 - hybrid_pipeline - INFO - [375/576] 已回收 tile_x13824_y11520
2026-07-26 13:15:24,875 - m3_module.m3_dot_detection - INFO - detect_all_dots: 紅點=35, 黑點=52, 涉及細胞=102
2026-07-26 13:15:24,881 - hybrid_pipeline - INFO - Tile tile_x14592_y11520: 核心遮罩全空 → 空白 placeholder
2026-07-26 13:15:24,893 - hybrid_pipeline - INFO - [376/576] 已回收 tile_x14592_y11520
2026-07-26 13:15:24,896 - hybrid_pipeline - INFO - Tile tile_x15360_y11520: 核心遮罩全空 → 空白 placeholder
2026-07-26 13:15:24,906 - hybrid_pipeline - INFO - [377/576] 已回收 tile_x15360_y11520
2026-07-26 13:15:24,913 - hybrid_pipeline - INFO - [378/576] 已回收 tile_x3072_y11520
2026-07-26 13:15:24,928 - hybrid_pipeline - INFO - Tile tile_x16128_y11520: 核心遮罩全空 → 空白 placeholder
2026-07-26 13:15:24,933 - hybrid_pipeline - INFO - Tile tile_x16896_y11520: 核心遮罩全空 → 空白 placeholder
2026-07-26 13:15:24,937 - m3_module.m3_cells_generator - INFO - All-positive 標註完成: 38 個細胞
2026-07-26 13:15:24,943 - hybrid_pipeline - INFO - [379/576] 已回收 tile_x16128_y11520
2026-07-26 13:15:24,967 - hybrid_pipeline - INFO - Tile tile_x17664_y11520: 核心遮罩全空 → 空白 placeholder
2026-07-26 13:15:24,974 - m3_module.m3_cells_generator - INFO - enlarge_cell_instances: 38 顆細胞, factor=1.50(面積), 中位半徑=21.9px, 外擴=4.9px
2026-07-26 13:15:25,001 - m3_module.m3_elastic_matching - INFO - elastic_dish_nucleus_matching(overlap-first): IHC=38, DISH=6, matched(1核)=5 (其中重疊=5), drop-out(競爭落敗)=3, 無候選(計入)=30, factor=1.50, min_reach=20.0
2026-07-26 13:15:25,130 - m3_module.m3_dot_detection - INFO - detect_all_dots: 紅點=5, 黑點=6, 涉及細胞=38
2026-07-26 13:15:25,188 - m4_module.cell_crops - INFO - 匯出 76 張 per-cell 影像至 /data/taro_Projects/tsgh/output/r7_run/cell_crops/tile_x5376_y11520/cells
2026-07-26 13:15:25,188 - hybrid_pipeline - INFO - Tile tile_x5376_y11520 完成: 核心擁有 76 細胞 (76 陽性), 1.56 秒
2026-07-26 13:15:25,190 - hybrid_pipeline - INFO - [380/576] 已回收 tile_x5376_y11520
2026-07-26 13:15:25,215 - hybrid_pipeline - INFO - Tile tile_x8448_y11520: 核心遮罩全空 → 空白 placeholder
2026-07-26 13:15:25,246 - m4_module.cell_crops - INFO - 匯出 18 張 per-cell 影像至 /data/taro_Projects/tsgh/output/r7_run/cell_crops/tile_x6144_y11520/cells
2026-07-26 13:15:25,246 - hybrid_pipeline - INFO - Tile tile_x6144_y11520 完成: 核心擁有 18 細胞 (18 陽性), 1.18 秒
2026-07-26 13:15:26,069 - hybrid_pipeline - INFO - [381/576] 已回收 tile_x16896_y11520
2026-07-26 13:15:26,095 - m3_module.m3_cells_generator - INFO - All-positive 標註完成: 160 個細胞
2026-07-26 13:15:26,161 - m3_module.m3_cells_generator - INFO - enlarge_cell_instances: 160 顆細胞, factor=1.50(面積), 中位半徑=24.3px, 外擴=5.5px
2026-07-26 13:15:26,194 - m3_module.m3_elastic_matching - INFO - elastic_dish_nucleus_matching(overlap-first): IHC=160, DISH=20, matched(1核)=19 (其中重疊=19), drop-out(競爭落敗)=9, 無候選(計入)=132, factor=1.50, min_reach=20.0
2026-07-26 13:15:26,210 - hybrid_pipeline - INFO - [382/576] 已回收 tile_x17664_y11520
2026-07-26 13:15:26,222 - hybrid_pipeline - INFO - [383/576] 已回收 tile_x6144_y11520
2026-07-26 13:15:26,246 - m3_module.m3_cells_generator - INFO - All-positive 標註完成: 145 個細胞
2026-07-26 13:15:26,249 - hybrid_pipeline - INFO - [384/576] 已回收 tile_x8448_y11520
2026-07-26 13:15:26,250 - m3_module.m3_cells_generator - INFO - All-positive 標註完成: 147 個細胞
2026-07-26 13:15:26,277 - m3_module.m3_cells_generator - INFO - All-positive 標註完成: 143 個細胞
2026-07-26 13:15:26,308 - m3_module.m3_cells_generator - INFO - enlarge_cell_instances: 145 顆細胞, factor=1.50(面積), 中位半徑=27.9px, 外擴=6.3px
2026-07-26 13:15:26,315 - m3_module.m3_cells_generator - INFO - enlarge_cell_instances: 147 顆細胞, factor=1.50(面積), 中位半徑=26.1px, 外擴=5.9px
2026-07-26 13:15:26,331 - m3_module.m3_cells_generator - INFO - enlarge_cell_instances: 143 顆細胞, factor=1.50(面積), 中位半徑=23.0px, 外擴=5.2px
2026-07-26 13:15:26,340 - m3_module.m3_elastic_matching - INFO - elastic_dish_nucleus_matching(overlap-first): IHC=145, DISH=18, matched(1核)=14 (其中重疊=14), drop-out(競爭落敗)=7, 無候選(計入)=124, factor=1.50, min_reach=20.0
2026-07-26 13:15:26,349 - m3_module.m3_elastic_matching - INFO - elastic_dish_nucleus_matching(overlap-first): IHC=147, DISH=230, matched(1核)=24 (其中重疊=24), drop-out(競爭落敗)=0, 無候選(計入)=123, factor=1.50, min_reach=20.0
2026-07-26 13:15:26,361 - m3_module.m3_elastic_matching - INFO - elastic_dish_nucleus_matching(overlap-first): IHC=143, DISH=25, matched(1核)=21 (其中重疊=21), drop-out(競爭落敗)=6, 無候選(計入)=116, factor=1.50, min_reach=20.0
2026-07-26 13:15:26,396 - m3_module.m3_dot_detection - INFO - detect_all_dots: 紅點=23, 黑點=44, 涉及細胞=160
2026-07-26 13:15:26,494 - m3_module.m3_dot_detection - INFO - detect_all_dots: 紅點=2, 黑點=4, 涉及細胞=147
2026-07-26 13:15:26,516 - m3_module.m3_dot_detection - INFO - detect_all_dots: 紅點=12, 黑點=25, 涉及細胞=145
2026-07-26 13:15:26,548 - m3_module.m3_dot_detection - INFO - detect_all_dots: 紅點=17, 黑點=27, 涉及細胞=143
2026-07-26 13:15:26,773 - m4_module.cell_crops - INFO - 匯出 81 張 per-cell 影像至 /data/taro_Projects/tsgh/output/r7_run/cell_crops/tile_x1536_y12288/cells
2026-07-26 13:15:26,773 - hybrid_pipeline - INFO - Tile tile_x1536_y12288 完成: 核心擁有 81 細胞 (81 陽性), 1.87 秒
2026-07-26 13:15:26,851 - m4_module.cell_crops - INFO - 匯出 91 張 per-cell 影像至 /data/taro_Projects/tsgh/output/r7_run/cell_crops/tile_x0_y12288/cells
2026-07-26 13:15:26,851 - hybrid_pipeline - INFO - Tile tile_x0_y12288 完成: 核心擁有 91 細胞 (91 陽性), 1.94 秒
2026-07-26 13:15:26,895 - m4_module.cell_crops - INFO - 匯出 73 張 per-cell 影像至 /data/taro_Projects/tsgh/output/r7_run/cell_crops/tile_x2304_y12288/cells
2026-07-26 13:15:26,895 - hybrid_pipeline - INFO - Tile tile_x2304_y12288 完成: 核心擁有 73 細胞 (73 陽性), 1.71 秒
2026-07-26 13:15:26,903 - m4_module.cell_crops - INFO - 匯出 73 張 per-cell 影像至 /data/taro_Projects/tsgh/output/r7_run/cell_crops/tile_x768_y12288/cells
2026-07-26 13:15:26,903 - hybrid_pipeline - INFO - Tile tile_x768_y12288 完成: 核心擁有 73 細胞 (73 陽性), 1.96 秒
2026-07-26 13:15:27,126 - hybrid_pipeline - INFO - [385/576] 已回收 tile_x1536_y12288
2026-07-26 13:15:27,157 - m3_module.m3_cells_generator - INFO - All-positive 標註完成: 145 個細胞
2026-07-26 13:15:27,215 - m3_module.m3_cells_generator - INFO - enlarge_cell_instances: 145 顆細胞, factor=1.50(面積), 中位半徑=22.5px, 外擴=5.1px
2026-07-26 13:15:27,245 - m3_module.m3_elastic_matching - INFO - elastic_dish_nucleus_matching(overlap-first): IHC=145, DISH=61, matched(1核)=52 (其中重疊=52), drop-out(競爭落敗)=16, 無候選(計入)=77, factor=1.50, min_reach=20.0
2026-07-26 13:15:27,339 - hybrid_pipeline - INFO - [386/576] 已回收 tile_x2304_y12288
2026-07-26 13:15:27,368 - m3_module.m3_cells_generator - INFO - All-positive 標註完成: 21 個細胞
2026-07-26 13:15:27,409 - m3_module.m3_cells_generator - INFO - enlarge_cell_instances: 21 顆細胞, factor=1.50(面積), 中位半徑=30.0px, 外擴=6.7px
2026-07-26 13:15:27,433 - m3_module.m3_elastic_matching - INFO - elastic_dish_nucleus_matching(overlap-first): IHC=21, DISH=3, matched(1核)=1 (其中重疊=1), drop-out(競爭落敗)=0, 無候選(計入)=20, factor=1.50, min_reach=20.0
2026-07-26 13:15:27,474 - hybrid_pipeline - INFO - [387/576] 已回收 tile_x768_y12288
2026-07-26 13:15:27,502 - m3_module.m3_cells_generator - INFO - All-positive 標註完成: 113 個細胞
2026-07-26 13:15:27,517 - m3_module.m3_dot_detection - INFO - detect_all_dots: 紅點=52, 黑點=66, 涉及細胞=145
2026-07-26 13:15:27,525 - hybrid_pipeline - INFO - [388/576] 已回收 tile_x0_y12288
2026-07-26 13:15:27,554 - m3_module.m3_dot_detection - INFO - detect_all_dots: 紅點=1, 黑點=2, 涉及細胞=21
2026-07-26 13:15:27,556 - m3_module.m3_cells_generator - INFO - All-positive 標註完成: 156 個細胞
2026-07-26 13:15:27,561 - m3_module.m3_cells_generator - INFO - enlarge_cell_instances: 113 顆細胞, factor=1.50(面積), 中位半徑=26.8px, 外擴=6.0px
2026-07-26 13:15:27,590 - m3_module.m3_elastic_matching - INFO - elastic_dish_nucleus_matching(overlap-first): IHC=113, DISH=14, matched(1核)=11 (其中重疊=11), drop-out(競爭落敗)=7, 無候選(計入)=95, factor=1.50, min_reach=20.0
2026-07-26 13:15:27,619 - m3_module.m3_cells_generator - INFO - enlarge_cell_instances: 156 顆細胞, factor=1.50(面積), 中位半徑=27.2px, 外擴=6.1px
2026-07-26 13:15:27,646 - m3_module.m3_elastic_matching - INFO - elastic_dish_nucleus_matching(overlap-first): IHC=156, DISH=35, matched(1核)=32 (其中重疊=32), drop-out(競爭落敗)=13, 無候選(計入)=111, factor=1.50, min_reach=20.0
2026-07-26 13:15:27,678 - m4_module.cell_crops - INFO - 匯出 5 張 per-cell 影像至 /data/taro_Projects/tsgh/output/r7_run/cell_crops/tile_x5376_y12288/cells
2026-07-26 13:15:27,678 - hybrid_pipeline - INFO - Tile tile_x5376_y12288 完成: 核心擁有 5 細胞 (5 陽性), 1.43 秒
2026-07-26 13:15:27,680 - hybrid_pipeline - INFO - [389/576] 已回收 tile_x5376_y12288
2026-07-26 13:15:27,705 - hybrid_pipeline - INFO - Tile tile_x6912_y12288: 核心遮罩全空 → 空白 placeholder
2026-07-26 13:15:27,741 - m3_module.m3_dot_detection - INFO - detect_all_dots: 紅點=10, 黑點=11, 涉及細胞=113
2026-07-26 13:15:27,742 - hybrid_pipeline - INFO - [390/576] 已回收 tile_x6912_y12288
2026-07-26 13:15:27,766 - hybrid_pipeline - INFO - Tile tile_x8448_y12288: 核心遮罩全空 → 空白 placeholder
2026-07-26 13:15:27,801 - hybrid_pipeline - INFO - [391/576] 已回收 tile_x8448_y12288
2026-07-26 13:15:27,826 - hybrid_pipeline - INFO - Tile tile_x11520_y12288: 核心遮罩全空 → 空白 placeholder
2026-07-26 13:15:27,841 - hybrid_pipeline - INFO - [392/576] 已回收 tile_x11520_y12288
2026-07-26 13:15:27,855 - m3_module.m3_dot_detection - INFO - detect_all_dots: 紅點=34, 黑點=42, 涉及細胞=156
2026-07-26 13:15:27,865 - hybrid_pipeline - INFO - Tile tile_x9984_y12288: 核心遮罩全空 → 空白 placeholder
2026-07-26 13:15:27,871 - m4_module.cell_crops - INFO - 匯出 61 張 per-cell 影像至 /data/taro_Projects/tsgh/output/r7_run/cell_crops/tile_x3072_y12288/cells
2026-07-26 13:15:27,872 - hybrid_pipeline - INFO - Tile tile_x3072_y12288 完成: 核心擁有 61 細胞 (61 陽性), 1.80 秒
2026-07-26 13:15:27,884 - hybrid_pipeline - INFO - [393/576] 已回收 tile_x9984_y12288
2026-07-26 13:15:27,908 - hybrid_pipeline - INFO - Tile tile_x10752_y12288: 核心遮罩全空 → 空白 placeholder
2026-07-26 13:15:27,920 - hybrid_pipeline - INFO - [394/576] 已回收 tile_x10752_y12288
2026-07-26 13:15:27,945 - hybrid_pipeline - INFO - Tile tile_x13824_y12288: 核心遮罩全空 → 空白 placeholder
2026-07-26 13:15:27,953 - hybrid_pipeline - INFO - [395/576] 已回收 tile_x3072_y12288
2026-07-26 13:15:27,955 - hybrid_pipeline - INFO - [396/576] 已回收 tile_x13824_y12288
2026-07-26 13:15:27,977 - m3_module.m3_cells_generator - INFO - All-positive 標註完成: 12 個細胞
2026-07-26 13:15:27,980 - hybrid_pipeline - INFO - Tile tile_x12288_y12288: 核心遮罩全空 → 空白 placeholder
2026-07-26 13:15:28,008 - m3_module.m3_cells_generator - INFO - enlarge_cell_instances: 12 顆細胞, factor=1.50(面積), 中位半徑=14.8px, 外擴=3.3px
2026-07-26 13:15:28,011 - hybrid_pipeline - INFO - [397/576] 已回收 tile_x12288_y12288
2026-07-26 13:15:28,032 - m3_module.m3_elastic_matching - INFO - elastic_dish_nucleus_matching(overlap-first): IHC=12, DISH=7, matched(1核)=3 (其中重疊=3), drop-out(競爭落敗)=0, 無候選(計入)=9, factor=1.50, min_reach=20.0
2026-07-26 13:15:28,035 - hybrid_pipeline - INFO - Tile tile_x14592_y12288: 核心遮罩全空 → 空白 placeholder
2026-07-26 13:15:28,046 - m4_module.cell_crops - INFO - 匯出 74 張 per-cell 影像至 /data/taro_Projects/tsgh/output/r7_run/cell_crops/tile_x4608_y12288/cells
2026-07-26 13:15:28,046 - hybrid_pipeline - INFO - Tile tile_x4608_y12288 完成: 核心擁有 74 細胞 (74 陽性), 1.84 秒
2026-07-26 13:15:28,047 - hybrid_pipeline - INFO - [398/576] 已回收 tile_x4608_y12288
2026-07-26 13:15:28,047 - hybrid_pipeline - INFO - [399/576] 已回收 tile_x14592_y12288
2026-07-26 13:15:28,071 - hybrid_pipeline - INFO - Tile tile_x7680_y12288: 核心遮罩全空 → 空白 placeholder
2026-07-26 13:15:28,072 - hybrid_pipeline - INFO - Tile tile_x15360_y12288: 核心遮罩全空 → 空白 placeholder
2026-07-26 13:15:28,103 - hybrid_pipeline - INFO - [400/576] 已回收 tile_x15360_y12288
2026-07-26 13:15:28,105 - hybrid_pipeline - INFO - [401/576] 已回收 tile_x7680_y12288
2026-07-26 13:15:28,126 - hybrid_pipeline - INFO - Tile tile_x16896_y12288: 核心遮罩全空 → 空白 placeholder
2026-07-26 13:15:28,130 - hybrid_pipeline - INFO - Tile tile_x16128_y12288: 核心遮罩全空 → 空白 placeholder
2026-07-26 13:15:28,155 - hybrid_pipeline - INFO - [402/576] 已回收 tile_x16896_y12288
2026-07-26 13:15:28,155 - m3_module.m3_dot_detection - INFO - detect_all_dots: 紅點=2, 黑點=2, 涉及細胞=12
2026-07-26 13:15:28,180 - hybrid_pipeline - INFO - Tile tile_x17664_y12288: 核心遮罩全空 → 空白 placeholder
2026-07-26 13:15:28,251 - m4_module.cell_crops - INFO - 匯出 3 張 per-cell 影像至 /data/taro_Projects/tsgh/output/r7_run/cell_crops/tile_x6144_y12288/cells
2026-07-26 13:15:28,251 - hybrid_pipeline - INFO - Tile tile_x6144_y12288 完成: 核心擁有 3 細胞 (3 陽性), 1.13 秒
2026-07-26 13:15:28,252 - m4_module.cell_crops - INFO - 匯出 81 張 per-cell 影像至 /data/taro_Projects/tsgh/output/r7_run/cell_crops/tile_x3840_y12288/cells
2026-07-26 13:15:28,252 - hybrid_pipeline - INFO - Tile tile_x3840_y12288 完成: 核心擁有 81 細胞 (81 陽性), 2.03 秒
2026-07-26 13:15:28,252 - hybrid_pipeline - INFO - [403/576] 已回收 tile_x6144_y12288
2026-07-26 13:15:28,253 - hybrid_pipeline - INFO - [404/576] 已回收 tile_x3840_y12288
2026-07-26 13:15:28,278 - hybrid_pipeline - INFO - Tile tile_x9216_y12288: 核心遮罩全空 → 空白 placeholder
2026-07-26 13:15:28,285 - hybrid_pipeline - INFO - Tile tile_x13056_y12288: 核心遮罩全空 → 空白 placeholder
2026-07-26 13:15:29,307 - hybrid_pipeline - INFO - [405/576] 已回收 tile_x16128_y12288
2026-07-26 13:15:29,335 - hybrid_pipeline - INFO - [406/576] 已回收 tile_x17664_y12288
2026-07-26 13:15:29,340 - m3_module.m3_cells_generator - INFO - All-positive 標註完成: 136 個細胞
2026-07-26 13:15:29,366 - m3_module.m3_cells_generator - INFO - All-positive 標註完成: 124 個細胞
2026-07-26 13:15:29,372 - hybrid_pipeline - INFO - [407/576] 已回收 tile_x9216_y12288
2026-07-26 13:15:29,406 - m3_module.m3_cells_generator - INFO - enlarge_cell_instances: 136 顆細胞, factor=1.50(面積), 中位半徑=24.9px, 外擴=5.6px
2026-07-26 13:15:29,407 - m3_module.m3_cells_generator - INFO - All-positive 標註完成: 100 個細胞
2026-07-26 13:15:29,430 - m3_module.m3_cells_generator - INFO - enlarge_cell_instances: 124 顆細胞, factor=1.50(面積), 中位半徑=25.2px, 外擴=5.7px
2026-07-26 13:15:29,438 - m3_module.m3_elastic_matching - INFO - elastic_dish_nucleus_matching(overlap-first): IHC=136, DISH=22, matched(1核)=17 (其中重疊=17), drop-out(競爭落敗)=7, 無候選(計入)=112, factor=1.50, min_reach=20.0
2026-07-26 13:15:29,452 - hybrid_pipeline - INFO - [408/576] 已回收 tile_x13056_y12288
2026-07-26 13:15:29,463 - m3_module.m3_elastic_matching - INFO - elastic_dish_nucleus_matching(overlap-first): IHC=124, DISH=23, matched(1核)=20 (其中重疊=20), drop-out(競爭落敗)=13, 無候選(計入)=91, factor=1.50, min_reach=20.0
2026-07-26 13:15:29,473 - m3_module.m3_cells_generator - INFO - enlarge_cell_instances: 100 顆細胞, factor=1.50(面積), 中位半徑=23.1px, 外擴=5.2px
2026-07-26 13:15:29,487 - m3_module.m3_cells_generator - INFO - All-positive 標註完成: 147 個細胞
2026-07-26 13:15:29,508 - m3_module.m3_elastic_matching - INFO - elastic_dish_nucleus_matching(overlap-first): IHC=100, DISH=6, matched(1核)=4 (其中重疊=4), drop-out(競爭落敗)=0, 無候選(計入)=96, factor=1.50, min_reach=20.0
2026-07-26 13:15:29,551 - m3_module.m3_cells_generator - INFO - enlarge_cell_instances: 147 顆細胞, factor=1.50(面積), 中位半徑=26.8px, 外擴=6.0px
2026-07-26 13:15:29,581 - m3_module.m3_elastic_matching - INFO - elastic_dish_nucleus_matching(overlap-first): IHC=147, DISH=30, matched(1核)=18 (其中重疊=18), drop-out(競爭落敗)=7, 無候選(計入)=122, factor=1.50, min_reach=20.0
2026-07-26 13:15:29,644 - m3_module.m3_dot_detection - INFO - detect_all_dots: 紅點=1, 黑點=2, 涉及細胞=100
2026-07-26 13:15:29,650 - m3_module.m3_dot_detection - INFO - detect_all_dots: 紅點=31, 黑點=46, 涉及細胞=136
2026-07-26 13:15:29,720 - m3_module.m3_dot_detection - INFO - detect_all_dots: 紅點=52, 黑點=87, 涉及細胞=124
2026-07-26 13:15:29,752 - m3_module.m3_dot_detection - INFO - detect_all_dots: 紅點=24, 黑點=31, 涉及細胞=147
2026-07-26 13:15:29,857 - m4_module.cell_crops - INFO - 匯出 43 張 per-cell 影像至 /data/taro_Projects/tsgh/output/r7_run/cell_crops/tile_x2304_y13056/cells
2026-07-26 13:15:29,857 - hybrid_pipeline - INFO - Tile tile_x2304_y13056 完成: 核心擁有 43 細胞 (43 陽性), 1.61 秒
2026-07-26 13:15:30,007 - m4_module.cell_crops - INFO - 匯出 65 張 per-cell 影像至 /data/taro_Projects/tsgh/output/r7_run/cell_crops/tile_x768_y13056/cells
2026-07-26 13:15:30,007 - hybrid_pipeline - INFO - Tile tile_x768_y13056 完成: 核心擁有 65 細胞 (65 陽性), 1.90 秒
2026-07-26 13:15:30,029 - m4_module.cell_crops - INFO - 匯出 72 張 per-cell 影像至 /data/taro_Projects/tsgh/output/r7_run/cell_crops/tile_x1536_y13056/cells
2026-07-26 13:15:30,029 - hybrid_pipeline - INFO - Tile tile_x1536_y13056 完成: 核心擁有 72 細胞 (72 陽性), 1.87 秒
2026-07-26 13:15:30,144 - m4_module.cell_crops - INFO - 匯出 89 張 per-cell 影像至 /data/taro_Projects/tsgh/output/r7_run/cell_crops/tile_x0_y13056/cells
2026-07-26 13:15:30,144 - hybrid_pipeline - INFO - Tile tile_x0_y13056 完成: 核心擁有 89 細胞 (89 陽性), 1.89 秒
2026-07-26 13:15:30,519 - hybrid_pipeline - INFO - [409/576] 已回收 tile_x768_y13056
2026-07-26 13:15:30,527 - hybrid_pipeline - INFO - [410/576] 已回收 tile_x2304_y13056
2026-07-26 13:15:30,554 - hybrid_pipeline - INFO - [411/576] 已回收 tile_x1536_y13056
2026-07-26 13:15:30,556 - m3_module.m3_cells_generator - INFO - All-positive 標註完成: 134 個細胞
2026-07-26 13:15:30,563 - m3_module.m3_cells_generator - INFO - All-positive 標註完成: 17 個細胞
2026-07-26 13:15:30,574 - hybrid_pipeline - INFO - [412/576] 已回收 tile_x0_y13056
2026-07-26 13:15:30,578 - m3_module.m3_cells_generator - INFO - All-positive 標註完成: 109 個細胞
2026-07-26 13:15:30,605 - m3_module.m3_cells_generator - INFO - All-positive 標註完成: 103 個細胞
2026-07-26 13:15:30,605 - m3_module.m3_cells_generator - INFO - enlarge_cell_instances: 17 顆細胞, factor=1.50(面積), 中位半徑=23.3px, 外擴=5.2px
2026-07-26 13:15:30,618 - m3_module.m3_cells_generator - INFO - enlarge_cell_instances: 134 顆細胞, factor=1.50(面積), 中位半徑=20.1px, 外擴=4.5px
2026-07-26 13:15:30,632 - m3_module.m3_elastic_matching - INFO - elastic_dish_nucleus_matching(overlap-first): IHC=17, DISH=2, matched(1核)=1 (其中重疊=1), drop-out(競爭落敗)=0, 無候選(計入)=16, factor=1.50, min_reach=20.0
2026-07-26 13:15:30,640 - m3_module.m3_cells_generator - INFO - enlarge_cell_instances: 109 顆細胞, factor=1.50(面積), 中位半徑=25.2px, 外擴=5.7px
2026-07-26 13:15:30,651 - m3_module.m3_elastic_matching - INFO - elastic_dish_nucleus_matching(overlap-first): IHC=134, DISH=58, matched(1核)=34 (其中重疊=34), drop-out(競爭落敗)=8, 無候選(計入)=92, factor=1.50, min_reach=20.0
2026-07-26 13:15:30,664 - m3_module.m3_cells_generator - INFO - enlarge_cell_instances: 103 顆細胞, factor=1.50(面積), 中位半徑=24.8px, 外擴=5.6px
2026-07-26 13:15:30,673 - m3_module.m3_elastic_matching - INFO - elastic_dish_nucleus_matching(overlap-first): IHC=109, DISH=31, matched(1核)=17 (其中重疊=17), drop-out(競爭落敗)=5, 無候選(計入)=87, factor=1.50, min_reach=20.0
2026-07-26 13:15:30,694 - m3_module.m3_elastic_matching - INFO - elastic_dish_nucleus_matching(overlap-first): IHC=103, DISH=15, matched(1核)=13 (其中重疊=13), drop-out(競爭落敗)=7, 無候選(計入)=83, factor=1.50, min_reach=20.0
2026-07-26 13:15:30,763 - m3_module.m3_dot_detection - INFO - detect_all_dots: 紅點=0, 黑點=0, 涉及細胞=17
2026-07-26 13:15:30,837 - m3_module.m3_dot_detection - INFO - detect_all_dots: 紅點=10, 黑點=13, 涉及細胞=109
2026-07-26 13:15:30,851 - m3_module.m3_dot_detection - INFO - detect_all_dots: 紅點=12, 黑點=17, 涉及細胞=103
2026-07-26 13:15:30,863 - m4_module.cell_crops - INFO - 匯出 5 張 per-cell 影像至 /data/taro_Projects/tsgh/output/r7_run/cell_crops/tile_x5376_y13056/cells
2026-07-26 13:15:30,863 - hybrid_pipeline - INFO - Tile tile_x5376_y13056 完成: 核心擁有 5 細胞 (5 陽性), 1.49 秒
2026-07-26 13:15:30,863 - hybrid_pipeline - INFO - [413/576] 已回收 tile_x5376_y13056
2026-07-26 13:15:30,864 - m3_module.m3_dot_detection - INFO - detect_all_dots: 紅點=27, 黑點=37, 涉及細胞=134
2026-07-26 13:15:30,889 - hybrid_pipeline - INFO - Tile tile_x9216_y13056: 核心遮罩全空 → 空白 placeholder
2026-07-26 13:15:30,914 - hybrid_pipeline - INFO - [414/576] 已回收 tile_x9216_y13056
2026-07-26 13:15:30,939 - hybrid_pipeline - INFO - Tile tile_x7680_y13056: 核心遮罩全空 → 空白 placeholder
2026-07-26 13:15:30,958 - hybrid_pipeline - INFO - [415/576] 已回收 tile_x7680_y13056
2026-07-26 13:15:30,986 - hybrid_pipeline - INFO - Tile tile_x9984_y13056: 核心遮罩全空 → 空白 placeholder
2026-07-26 13:15:31,005 - hybrid_pipeline - INFO - [416/576] 已回收 tile_x9984_y13056
2026-07-26 13:15:31,035 - hybrid_pipeline - INFO - Tile tile_x10752_y13056: 核心遮罩全空 → 空白 placeholder
2026-07-26 13:15:31,042 - hybrid_pipeline - INFO - [417/576] 已回收 tile_x10752_y13056
2026-07-26 13:15:31,068 - hybrid_pipeline - INFO - Tile tile_x12288_y13056: 核心遮罩全空 → 空白 placeholder
2026-07-26 13:15:31,081 - hybrid_pipeline - INFO - [418/576] 已回收 tile_x12288_y13056
2026-07-26 13:15:31,106 - hybrid_pipeline - INFO - Tile tile_x11520_y13056: 核心遮罩全空 → 空白 placeholder
2026-07-26 13:15:31,136 - m4_module.cell_crops - INFO - 匯出 57 張 per-cell 影像至 /data/taro_Projects/tsgh/output/r7_run/cell_crops/tile_x4608_y13056/cells
2026-07-26 13:15:31,136 - hybrid_pipeline - INFO - Tile tile_x4608_y13056 完成: 核心擁有 57 細胞 (57 陽性), 1.68 秒
2026-07-26 13:15:31,137 - hybrid_pipeline - INFO - [419/576] 已回收 tile_x4608_y13056
2026-07-26 13:15:31,156 - hybrid_pipeline - INFO - [420/576] 已回收 tile_x11520_y13056
2026-07-26 13:15:31,161 - hybrid_pipeline - INFO - Tile tile_x8448_y13056: 核心遮罩全空 → 空白 placeholder
2026-07-26 13:15:31,167 - m4_module.cell_crops - INFO - 匯出 55 張 per-cell 影像至 /data/taro_Projects/tsgh/output/r7_run/cell_crops/tile_x3840_y13056/cells
2026-07-26 13:15:31,167 - hybrid_pipeline - INFO - Tile tile_x3840_y13056 完成: 核心擁有 55 細胞 (55 陽性), 1.83 秒
2026-07-26 13:15:31,182 - hybrid_pipeline - INFO - Tile tile_x13056_y13056: 核心遮罩全空 → 空白 placeholder
2026-07-26 13:15:31,221 - m4_module.cell_crops - INFO - 匯出 86 張 per-cell 影像至 /data/taro_Projects/tsgh/output/r7_run/cell_crops/tile_x3072_y13056/cells
2026-07-26 13:15:31,221 - hybrid_pipeline - INFO - Tile tile_x3072_y13056 完成: 核心擁有 86 細胞 (86 陽性), 1.91 秒
2026-07-26 13:15:31,236 - hybrid_pipeline - INFO - [421/576] 已回收 tile_x8448_y13056
2026-07-26 13:15:31,249 - hybrid_pipeline - INFO - [422/576] 已回收 tile_x13056_y13056
2026-07-26 13:15:31,260 - hybrid_pipeline - INFO - Tile tile_x13824_y13056: 核心遮罩全空 → 空白 placeholder
2026-07-26 13:15:31,280 - hybrid_pipeline - INFO - Tile tile_x15360_y13056: 核心遮罩全空 → 空白 placeholder
2026-07-26 13:15:31,326 - hybrid_pipeline - INFO - [423/576] 已回收 tile_x13824_y13056
2026-07-26 13:15:31,342 - hybrid_pipeline - INFO - [424/576] 已回收 tile_x15360_y13056
2026-07-26 13:15:31,356 - hybrid_pipeline - INFO - Tile tile_x14592_y13056: 核心遮罩全空 → 空白 placeholder
2026-07-26 13:15:31,371 - hybrid_pipeline - INFO - Tile tile_x16128_y13056: 核心遮罩全空 → 空白 placeholder
2026-07-26 13:15:31,413 - hybrid_pipeline - INFO - [425/576] 已回收 tile_x14592_y13056
2026-07-26 13:15:31,444 - hybrid_pipeline - INFO - Tile tile_x16896_y13056: 核心遮罩全空 → 空白 placeholder
2026-07-26 13:15:31,453 - hybrid_pipeline - INFO - [426/576] 已回收 tile_x16896_y13056
2026-07-26 13:15:31,482 - hybrid_pipeline - INFO - Tile tile_x17664_y13056: 核心遮罩全空 → 空白 placeholder
2026-07-26 13:15:31,523 - hybrid_pipeline - INFO - [427/576] 已回收 tile_x3072_y13056
2026-07-26 13:15:31,548 - m3_module.m3_cells_generator - INFO - All-positive 標註完成: 33 個細胞
2026-07-26 13:15:31,563 - hybrid_pipeline - INFO - [428/576] 已回收 tile_x3840_y13056
2026-07-26 13:15:31,589 - m3_module.m3_cells_generator - INFO - enlarge_cell_instances: 33 顆細胞, factor=1.50(面積), 中位半徑=20.7px, 外擴=4.7px
2026-07-26 13:15:31,590 - m3_module.m3_cells_generator - INFO - All-positive 標註完成: 3 個細胞
2026-07-26 13:15:31,615 - m3_module.m3_elastic_matching - INFO - elastic_dish_nucleus_matching(overlap-first): IHC=33, DISH=5, matched(1核)=3 (其中重疊=3), drop-out(競爭落敗)=0, 無候選(計入)=30, factor=1.50, min_reach=20.0
2026-07-26 13:15:31,619 - m3_module.m3_cells_generator - INFO - enlarge_cell_instances: 3 顆細胞, factor=1.50(面積), 中位半徑=18.6px, 外擴=4.2px
2026-07-26 13:15:31,751 - m3_module.m3_dot_detection - INFO - detect_all_dots: 紅點=1, 黑點=1, 涉及細胞=33
2026-07-26 13:15:31,767 - m3_module.m3_dot_detection - INFO - detect_all_dots: 紅點=0, 黑點=0, 涉及細胞=3
2026-07-26 13:15:31,811 - m4_module.cell_crops - INFO - 匯出 0 張 per-cell 影像至 /data/taro_Projects/tsgh/output/r7_run/cell_crops/tile_x6912_y13056/cells
2026-07-26 13:15:31,811 - hybrid_pipeline - INFO - Tile tile_x6912_y13056 完成: 核心擁有 0 細胞 (0 陽性), 1.26 秒
2026-07-26 13:15:31,890 - m4_module.cell_crops - INFO - 匯出 30 張 per-cell 影像至 /data/taro_Projects/tsgh/output/r7_run/cell_crops/tile_x6144_y13056/cells
2026-07-26 13:15:31,890 - hybrid_pipeline - INFO - Tile tile_x6144_y13056 完成: 核心擁有 30 細胞 (30 陽性), 1.37 秒
2026-07-26 13:15:32,435 - hybrid_pipeline - INFO - [429/576] 已回收 tile_x16128_y13056
2026-07-26 13:15:32,465 - m3_module.m3_cells_generator - INFO - All-positive 標註完成: 135 個細胞
2026-07-26 13:15:32,530 - m3_module.m3_cells_generator - INFO - enlarge_cell_instances: 135 顆細胞, factor=1.50(面積), 中位半徑=26.3px, 外擴=5.9px
2026-07-26 13:15:32,564 - m3_module.m3_elastic_matching - INFO - elastic_dish_nucleus_matching(overlap-first): IHC=135, DISH=72, matched(1核)=46 (其中重疊=45), drop-out(競爭落敗)=10, 無候選(計入)=79, factor=1.50, min_reach=20.0
2026-07-26 13:15:32,580 - hybrid_pipeline - INFO - [430/576] 已回收 tile_x17664_y13056
2026-07-26 13:15:32,618 - m3_module.m3_cells_generator - INFO - All-positive 標註完成: 115 個細胞
2026-07-26 13:15:32,666 - hybrid_pipeline - INFO - [431/576] 已回收 tile_x6912_y13056
2026-07-26 13:15:32,670 - hybrid_pipeline - INFO - [432/576] 已回收 tile_x6144_y13056
2026-07-26 13:15:32,678 - m3_module.m3_cells_generator - INFO - enlarge_cell_instances: 115 顆細胞, factor=1.50(面積), 中位半徑=30.0px, 外擴=6.7px
2026-07-26 13:15:32,703 - m3_module.m3_cells_generator - INFO - All-positive 標註完成: 103 個細胞
2026-07-26 13:15:32,704 - m3_module.m3_cells_generator - INFO - All-positive 標註完成: 97 個細胞
2026-07-26 13:15:32,714 - m3_module.m3_elastic_matching - INFO - elastic_dish_nucleus_matching(overlap-first): IHC=115, DISH=50, matched(1核)=33 (其中重疊=32), drop-out(競爭落敗)=11, 無候選(計入)=71, factor=1.50, min_reach=20.0
2026-07-26 13:15:32,762 - m3_module.m3_cells_generator - INFO - enlarge_cell_instances: 103 顆細胞, factor=1.50(面積), 中位半徑=27.0px, 外擴=6.1px
2026-07-26 13:15:32,764 - m3_module.m3_cells_generator - INFO - enlarge_cell_instances: 97 顆細胞, factor=1.50(面積), 中位半徑=23.0px, 外擴=5.2px
2026-07-26 13:15:32,796 - m3_module.m3_elastic_matching - INFO - elastic_dish_nucleus_matching(overlap-first): IHC=97, DISH=25, matched(1核)=20 (其中重疊=20), drop-out(競爭落敗)=12, 無候選(計入)=65, factor=1.50, min_reach=20.0
2026-07-26 13:15:32,798 - m3_module.m3_elastic_matching - INFO - elastic_dish_nucleus_matching(overlap-first): IHC=103, DISH=66, matched(1核)=46 (其中重疊=46), drop-out(競爭落敗)=12, 無候選(計入)=45, factor=1.50, min_reach=20.0
2026-07-26 13:15:32,866 - m3_module.m3_dot_detection - INFO - detect_all_dots: 紅點=66, 黑點=83, 涉及細胞=135
2026-07-26 13:15:32,947 - m3_module.m3_dot_detection - INFO - detect_all_dots: 紅點=31, 黑點=44, 涉及細胞=115
2026-07-26 13:15:33,003 - m3_module.m3_dot_detection - INFO - detect_all_dots: 紅點=30, 黑點=38, 涉及細胞=97
2026-07-26 13:15:33,127 - m3_module.m3_dot_detection - INFO - detect_all_dots: 紅點=94, 黑點=121, 涉及細胞=103
2026-07-26 13:15:33,242 - m4_module.cell_crops - INFO - 匯出 81 張 per-cell 影像至 /data/taro_Projects/tsgh/output/r7_run/cell_crops/tile_x768_y13824/cells
2026-07-26 13:15:33,242 - hybrid_pipeline - INFO - Tile tile_x768_y13824 完成: 核心擁有 81 細胞 (81 陽性), 1.90 秒
2026-07-26 13:15:33,257 - m4_module.cell_crops - INFO - 匯出 75 張 per-cell 影像至 /data/taro_Projects/tsgh/output/r7_run/cell_crops/tile_x2304_y13824/cells
2026-07-26 13:15:33,257 - hybrid_pipeline - INFO - Tile tile_x2304_y13824 完成: 核心擁有 75 細胞 (75 陽性), 1.69 秒
2026-07-26 13:15:33,318 - m4_module.cell_crops - INFO - 匯出 63 張 per-cell 影像至 /data/taro_Projects/tsgh/output/r7_run/cell_crops/tile_x0_y13824/cells
2026-07-26 13:15:33,318 - hybrid_pipeline - INFO - Tile tile_x0_y13824 完成: 核心擁有 63 細胞 (63 陽性), 1.87 秒
2026-07-26 13:15:33,373 - hybrid_pipeline - INFO - [433/576] 已回收 tile_x768_y13824
2026-07-26 13:15:33,410 - m3_module.m3_cells_generator - INFO - All-positive 標註完成: 67 個細胞
2026-07-26 13:15:33,420 - m4_module.cell_crops - INFO - 匯出 48 張 per-cell 影像至 /data/taro_Projects/tsgh/output/r7_run/cell_crops/tile_x1536_y13824/cells
2026-07-26 13:15:33,420 - hybrid_pipeline - INFO - Tile tile_x1536_y13824 完成: 核心擁有 48 細胞 (48 陽性), 1.90 秒
2026-07-26 13:15:33,468 - m3_module.m3_cells_generator - INFO - enlarge_cell_instances: 67 顆細胞, factor=1.50(面積), 中位半徑=24.4px, 外擴=5.5px
2026-07-26 13:15:33,495 - m3_module.m3_elastic_matching - INFO - elastic_dish_nucleus_matching(overlap-first): IHC=67, DISH=19, matched(1核)=13 (其中重疊=13), drop-out(競爭落敗)=4, 無候選(計入)=50, factor=1.50, min_reach=20.0
2026-07-26 13:15:33,505 - hybrid_pipeline - INFO - [434/576] 已回收 tile_x0_y13824
2026-07-26 13:15:33,537 - m3_module.m3_cells_generator - INFO - All-positive 標註完成: 71 個細胞
2026-07-26 13:15:33,593 - m3_module.m3_cells_generator - INFO - enlarge_cell_instances: 71 顆細胞, factor=1.50(面積), 中位半徑=20.6px, 外擴=4.6px
2026-07-26 13:15:33,620 - m3_module.m3_elastic_matching - INFO - elastic_dish_nucleus_matching(overlap-first): IHC=71, DISH=11, matched(1核)=10 (其中重疊=10), drop-out(競爭落敗)=0, 無候選(計入)=61, factor=1.50, min_reach=20.0
2026-07-26 13:15:33,651 - m3_module.m3_dot_detection - INFO - detect_all_dots: 紅點=14, 黑點=16, 涉及細胞=67
2026-07-26 13:15:33,771 - m3_module.m3_dot_detection - INFO - detect_all_dots: 紅點=8, 黑點=15, 涉及細胞=71
2026-07-26 13:15:33,815 - hybrid_pipeline - INFO - [435/576] 已回收 tile_x1536_y13824
2026-07-26 13:15:33,844 - hybrid_pipeline - INFO - [436/576] 已回收 tile_x2304_y13824
2026-07-26 13:15:33,854 - m3_module.m3_cells_generator - INFO - All-positive 標註完成: 80 個細胞
2026-07-26 13:15:33,871 - m3_module.m3_cells_generator - INFO - All-positive 標註完成: 136 個細胞
2026-07-26 13:15:33,877 - m4_module.cell_crops - INFO - 匯出 26 張 per-cell 影像至 /data/taro_Projects/tsgh/output/r7_run/cell_crops/tile_x3072_y13824/cells
2026-07-26 13:15:33,878 - hybrid_pipeline - INFO - Tile tile_x3072_y13824 完成: 核心擁有 26 細胞 (26 陽性), 1.44 秒
2026-07-26 13:15:33,888 - cellpose.dynamics - INFO - No cell pixels found.
2026-07-26 13:15:33,909 - m3_module.m3_cells_generator - INFO - enlarge_cell_instances: 80 顆細胞, factor=1.50(面積), 中位半徑=23.8px, 外擴=5.3px
2026-07-26 13:15:33,929 - m3_module.m3_cells_generator - INFO - enlarge_cell_instances: 136 顆細胞, factor=1.50(面積), 中位半徑=22.3px, 外擴=5.0px
2026-07-26 13:15:33,937 - m3_module.m3_elastic_matching - INFO - elastic_dish_nucleus_matching(overlap-first): IHC=80, DISH=3, matched(1核)=2 (其中重疊=2), drop-out(競爭落敗)=2, 無候選(計入)=76, factor=1.50, min_reach=20.0
2026-07-26 13:15:33,961 - m3_module.m3_elastic_matching - INFO - elastic_dish_nucleus_matching(overlap-first): IHC=136, DISH=24, matched(1核)=19 (其中重疊=19), drop-out(競爭落敗)=4, 無候選(計入)=113, factor=1.50, min_reach=20.0
2026-07-26 13:15:34,015 - m4_module.cell_crops - INFO - 匯出 34 張 per-cell 影像至 /data/taro_Projects/tsgh/output/r7_run/cell_crops/tile_x3840_y13824/cells
2026-07-26 13:15:34,015 - hybrid_pipeline - INFO - Tile tile_x3840_y13824 完成: 核心擁有 34 細胞 (34 陽性), 1.44 秒
2026-07-26 13:15:34,062 - m3_module.m3_dot_detection - INFO - detect_all_dots: 紅點=1, 黑點=0, 涉及細胞=80
2026-07-26 13:15:34,138 - m3_module.m3_dot_detection - INFO - detect_all_dots: 紅點=22, 黑點=30, 涉及細胞=136
2026-07-26 13:15:34,232 - cellpose.dynamics - INFO - No cell pixels found.
2026-07-26 13:15:34,282 - m4_module.cell_crops - INFO - 匯出 45 張 per-cell 影像至 /data/taro_Projects/tsgh/output/r7_run/cell_crops/tile_x5376_y13824/cells
2026-07-26 13:15:34,283 - hybrid_pipeline - INFO - Tile tile_x5376_y13824 完成: 核心擁有 45 細胞 (45 陽性), 1.61 秒
2026-07-26 13:15:34,346 - hybrid_pipeline - INFO - [437/576] 已回收 tile_x3072_y13824
2026-07-26 13:15:34,367 - hybrid_pipeline - INFO - [438/576] 已回收 tile_x3840_y13824
2026-07-26 13:15:34,371 - m3_module.m3_cells_generator - INFO - All-positive 標註完成: 0 個細胞
2026-07-26 13:15:34,374 - m3_module.m3_cells_generator - INFO - All-positive 標註完成: 6 個細胞
2026-07-26 13:15:34,408 - m3_module.m3_cells_generator - INFO - enlarge_cell_instances: 6 顆細胞, factor=1.50(面積), 中位半徑=21.6px, 外擴=4.9px
2026-07-26 13:15:34,434 - m4_module.cell_crops - INFO - 匯出 83 張 per-cell 影像至 /data/taro_Projects/tsgh/output/r7_run/cell_crops/tile_x4608_y13824/cells
2026-07-26 13:15:34,434 - hybrid_pipeline - INFO - Tile tile_x4608_y13824 完成: 核心擁有 83 細胞 (83 陽性), 1.77 秒
2026-07-26 13:15:34,436 - hybrid_pipeline - INFO - [439/576] 已回收 tile_x4608_y13824
2026-07-26 13:15:34,461 - hybrid_pipeline - INFO - Tile tile_x9216_y13824: 核心遮罩全空 → 空白 placeholder
2026-07-26 13:15:34,499 - hybrid_pipeline - INFO - [440/576] 已回收 tile_x9216_y13824
2026-07-26 13:15:34,504 - m3_module.m3_dot_detection - INFO - detect_all_dots: 紅點=0, 黑點=0, 涉及細胞=0
2026-07-26 13:15:34,526 - hybrid_pipeline - INFO - Tile tile_x11520_y13824: 核心遮罩全空 → 空白 placeholder
2026-07-26 13:15:34,538 - m4_module.cell_crops - INFO - 匯出 0 張 per-cell 影像至 /data/taro_Projects/tsgh/output/r7_run/cell_crops/tile_x6912_y13824/cells
2026-07-26 13:15:34,538 - hybrid_pipeline - INFO - Tile tile_x6912_y13824 完成: 核心擁有 0 細胞 (0 陽性), 1.03 秒
2026-07-26 13:15:34,538 - hybrid_pipeline - INFO - [441/576] 已回收 tile_x6912_y13824
2026-07-26 13:15:34,540 - hybrid_pipeline - INFO - [442/576] 已回收 tile_x11520_y13824
2026-07-26 13:15:34,544 - m3_module.m3_dot_detection - INFO - detect_all_dots: 紅點=0, 黑點=0, 涉及細胞=6
2026-07-26 13:15:34,563 - hybrid_pipeline - INFO - Tile tile_x9984_y13824: 核心遮罩全空 → 空白 placeholder
2026-07-26 13:15:34,569 - hybrid_pipeline - INFO - Tile tile_x10752_y13824: 核心遮罩全空 → 空白 placeholder
2026-07-26 13:15:34,598 - m4_module.cell_crops - INFO - 匯出 5 張 per-cell 影像至 /data/taro_Projects/tsgh/output/r7_run/cell_crops/tile_x6144_y13824/cells
2026-07-26 13:15:34,598 - hybrid_pipeline - INFO - Tile tile_x6144_y13824 完成: 核心擁有 5 細胞 (5 陽性), 1.23 秒
2026-07-26 13:15:34,598 - hybrid_pipeline - INFO - [443/576] 已回收 tile_x10752_y13824
2026-07-26 13:15:34,599 - hybrid_pipeline - INFO - [444/576] 已回收 tile_x6144_y13824
2026-07-26 13:15:34,602 - hybrid_pipeline - INFO - [445/576] 已回收 tile_x9984_y13824
2026-07-26 13:15:34,624 - hybrid_pipeline - INFO - Tile tile_x14592_y13824: 核心遮罩全空 → 空白 placeholder
2026-07-26 13:15:34,626 - hybrid_pipeline - INFO - Tile tile_x8448_y13824: 核心遮罩全空 → 空白 placeholder
2026-07-26 13:15:34,628 - hybrid_pipeline - INFO - Tile tile_x12288_y13824: 核心遮罩全空 → 空白 placeholder
2026-07-26 13:15:34,676 - hybrid_pipeline - INFO - [446/576] 已回收 tile_x5376_y13824
2026-07-26 13:15:34,679 - hybrid_pipeline - INFO - [447/576] 已回收 tile_x14592_y13824
2026-07-26 13:15:34,680 - m3_module.m3_cells_generator - INFO - All-positive 標註完成: 0 個細胞
2026-07-26 13:15:34,682 - hybrid_pipeline - INFO - [448/576] 已回收 tile_x12288_y13824
2026-07-26 13:15:34,685 - hybrid_pipeline - INFO - [449/576] 已回收 tile_x8448_y13824
2026-07-26 13:15:34,708 - hybrid_pipeline - INFO - Tile tile_x15360_y13824: 核心遮罩全空 → 空白 placeholder
2026-07-26 13:15:34,712 - hybrid_pipeline - INFO - Tile tile_x13056_y13824: 核心遮罩全空 → 空白 placeholder
2026-07-26 13:15:34,713 - hybrid_pipeline - INFO - Tile tile_x13824_y13824: 核心遮罩全空 → 空白 placeholder
2026-07-26 13:15:34,779 - hybrid_pipeline - INFO - [450/576] 已回收 tile_x15360_y13824
2026-07-26 13:15:34,780 - hybrid_pipeline - INFO - [451/576] 已回收 tile_x13056_y13824
2026-07-26 13:15:34,807 - hybrid_pipeline - INFO - Tile tile_x16896_y13824: 核心遮罩全空 → 空白 placeholder
2026-07-26 13:15:34,812 - hybrid_pipeline - INFO - Tile tile_x17664_y13824: 核心遮罩全空 → 空白 placeholder
2026-07-26 13:15:34,819 - m3_module.m3_dot_detection - INFO - detect_all_dots: 紅點=0, 黑點=0, 涉及細胞=0
2026-07-26 13:15:34,853 - m4_module.cell_crops - INFO - 匯出 0 張 per-cell 影像至 /data/taro_Projects/tsgh/output/r7_run/cell_crops/tile_x7680_y13824/cells
2026-07-26 13:15:34,854 - hybrid_pipeline - INFO - Tile tile_x7680_y13824 完成: 核心擁有 0 細胞 (0 陽性), 1.04 秒
2026-07-26 13:15:34,854 - hybrid_pipeline - INFO - [452/576] 已回收 tile_x7680_y13824
2026-07-26 13:15:34,885 - hybrid_pipeline - INFO - Tile tile_x16128_y13824: 核心遮罩全空 → 空白 placeholder
2026-07-26 13:15:35,818 - hybrid_pipeline - INFO - [453/576] 已回收 tile_x13824_y13824
2026-07-26 13:15:35,847 - m3_module.m3_cells_generator - INFO - All-positive 標註完成: 52 個細胞
2026-07-26 13:15:35,903 - m3_module.m3_cells_generator - INFO - enlarge_cell_instances: 52 顆細胞, factor=1.50(面積), 中位半徑=28.5px, 外擴=6.4px
2026-07-26 13:15:35,933 - m3_module.m3_elastic_matching - INFO - elastic_dish_nucleus_matching(overlap-first): IHC=52, DISH=14, matched(1核)=13 (其中重疊=13), drop-out(競爭落敗)=6, 無候選(計入)=33, factor=1.50, min_reach=20.0
2026-07-26 13:15:35,941 - hybrid_pipeline - INFO - [454/576] 已回收 tile_x16896_y13824
2026-07-26 13:15:35,961 - hybrid_pipeline - INFO - [455/576] 已回收 tile_x16128_y13824
2026-07-26 13:15:35,969 - hybrid_pipeline - INFO - [456/576] 已回收 tile_x17664_y13824
2026-07-26 13:15:35,977 - m3_module.m3_cells_generator - INFO - All-positive 標註完成: 67 個細胞
2026-07-26 13:15:35,994 - m3_module.m3_cells_generator - INFO - All-positive 標註完成: 66 個細胞
2026-07-26 13:15:36,003 - m3_module.m3_cells_generator - INFO - All-positive 標註完成: 92 個細胞
2026-07-26 13:15:36,038 - m3_module.m3_cells_generator - INFO - enlarge_cell_instances: 67 顆細胞, factor=1.50(面積), 中位半徑=28.1px, 外擴=6.3px
2026-07-26 13:15:36,057 - m3_module.m3_cells_generator - INFO - enlarge_cell_instances: 66 顆細胞, factor=1.50(面積), 中位半徑=23.6px, 外擴=5.3px
2026-07-26 13:15:36,066 - m3_module.m3_cells_generator - INFO - enlarge_cell_instances: 92 顆細胞, factor=1.50(面積), 中位半徑=23.4px, 外擴=5.3px
2026-07-26 13:15:36,074 - m3_module.m3_elastic_matching - INFO - elastic_dish_nucleus_matching(overlap-first): IHC=67, DISH=38, matched(1核)=28 (其中重疊=28), drop-out(競爭落敗)=3, 無候選(計入)=36, factor=1.50, min_reach=20.0
2026-07-26 13:15:36,088 - m3_module.m3_elastic_matching - INFO - elastic_dish_nucleus_matching(overlap-first): IHC=66, DISH=11, matched(1核)=6 (其中重疊=6), drop-out(競爭落敗)=2, 無候選(計入)=58, factor=1.50, min_reach=20.0
2026-07-26 13:15:36,101 - m3_module.m3_elastic_matching - INFO - elastic_dish_nucleus_matching(overlap-first): IHC=92, DISH=76, matched(1核)=36 (其中重疊=36), drop-out(競爭落敗)=2, 無候選(計入)=54, factor=1.50, min_reach=20.0
2026-07-26 13:15:36,105 - m3_module.m3_dot_detection - INFO - detect_all_dots: 紅點=13, 黑點=16, 涉及細胞=52
2026-07-26 13:15:36,231 - m3_module.m3_dot_detection - INFO - detect_all_dots: 紅點=4, 黑點=5, 涉及細胞=66
2026-07-26 13:15:36,285 - m3_module.m3_dot_detection - INFO - detect_all_dots: 紅點=29, 黑點=48, 涉及細胞=67
2026-07-26 13:15:36,299 - m4_module.cell_crops - INFO - 匯出 34 張 per-cell 影像至 /data/taro_Projects/tsgh/output/r7_run/cell_crops/tile_x0_y14592/cells
2026-07-26 13:15:36,299 - hybrid_pipeline - INFO - Tile tile_x0_y14592 完成: 核心擁有 34 細胞 (34 陽性), 1.61 秒
2026-07-26 13:15:36,318 - m3_module.m3_dot_detection - INFO - detect_all_dots: 紅點=36, 黑點=44, 涉及細胞=92
2026-07-26 13:15:36,442 - m4_module.cell_crops - INFO - 匯出 39 張 per-cell 影像至 /data/taro_Projects/tsgh/output/r7_run/cell_crops/tile_x3840_y14592/cells
2026-07-26 13:15:36,442 - hybrid_pipeline - INFO - Tile tile_x3840_y14592 完成: 核心擁有 39 細胞 (39 陽性), 1.59 秒
2026-07-26 13:15:36,510 - m4_module.cell_crops - INFO - 匯出 23 張 per-cell 影像至 /data/taro_Projects/tsgh/output/r7_run/cell_crops/tile_x1536_y14592/cells
2026-07-26 13:15:36,510 - hybrid_pipeline - INFO - Tile tile_x1536_y14592 完成: 核心擁有 23 細胞 (23 陽性), 1.73 秒
2026-07-26 13:15:36,618 - m4_module.cell_crops - INFO - 匯出 54 張 per-cell 影像至 /data/taro_Projects/tsgh/output/r7_run/cell_crops/tile_x2304_y14592/cells
2026-07-26 13:15:36,619 - hybrid_pipeline - INFO - Tile tile_x2304_y14592 完成: 核心擁有 54 細胞 (54 陽性), 1.84 秒
2026-07-26 13:15:36,840 - hybrid_pipeline - INFO - [457/576] 已回收 tile_x0_y14592
2026-07-26 13:15:36,871 - m3_module.m3_cells_generator - INFO - All-positive 標註完成: 57 個細胞
2026-07-26 13:15:36,932 - m3_module.m3_cells_generator - INFO - enlarge_cell_instances: 57 顆細胞, factor=1.50(面積), 中位半徑=32.0px, 外擴=7.2px
2026-07-26 13:15:36,961 - m3_module.m3_elastic_matching - INFO - elastic_dish_nucleus_matching(overlap-first): IHC=57, DISH=20, matched(1核)=18 (其中重疊=18), drop-out(競爭落敗)=7, 無候選(計入)=32, factor=1.50, min_reach=20.0
2026-07-26 13:15:36,970 - hybrid_pipeline - INFO - [458/576] 已回收 tile_x1536_y14592
2026-07-26 13:15:37,001 - hybrid_pipeline - INFO - [459/576] 已回收 tile_x2304_y14592
2026-07-26 13:15:37,005 - m3_module.m3_cells_generator - INFO - All-positive 標註完成: 89 個細胞
2026-07-26 13:15:37,037 - m3_module.m3_cells_generator - INFO - All-positive 標註完成: 5 個細胞
2026-07-26 13:15:37,072 - m3_module.m3_cells_generator - INFO - enlarge_cell_instances: 89 顆細胞, factor=1.50(面積), 中位半徑=28.0px, 外擴=6.3px
2026-07-26 13:15:37,073 - m3_module.m3_cells_generator - INFO - enlarge_cell_instances: 5 顆細胞, factor=1.50(面積), 中位半徑=31.7px, 外擴=7.1px
2026-07-26 13:15:37,076 - hybrid_pipeline - INFO - [460/576] 已回收 tile_x3840_y14592
2026-07-26 13:15:37,106 - m3_module.m3_elastic_matching - INFO - elastic_dish_nucleus_matching(overlap-first): IHC=89, DISH=29, matched(1核)=19 (其中重疊=18), drop-out(競爭落敗)=4, 無候選(計入)=66, factor=1.50, min_reach=20.0
2026-07-26 13:15:37,110 - m3_module.m3_cells_generator - INFO - All-positive 標註完成: 80 個細胞
2026-07-26 13:15:37,161 - m3_module.m3_dot_detection - INFO - detect_all_dots: 紅點=26, 黑點=33, 涉及細胞=57
2026-07-26 13:15:37,173 - m3_module.m3_cells_generator - INFO - enlarge_cell_instances: 80 顆細胞, factor=1.50(面積), 中位半徑=19.9px, 外擴=4.5px
2026-07-26 13:15:37,203 - m3_module.m3_elastic_matching - INFO - elastic_dish_nucleus_matching(overlap-first): IHC=80, DISH=9, matched(1核)=8 (其中重疊=8), drop-out(競爭落敗)=1, 無候選(計入)=71, factor=1.50, min_reach=20.0
2026-07-26 13:15:37,218 - m3_module.m3_dot_detection - INFO - detect_all_dots: 紅點=0, 黑點=0, 涉及細胞=5
2026-07-26 13:15:37,276 - m4_module.cell_crops - INFO - 匯出 0 張 per-cell 影像至 /data/taro_Projects/tsgh/output/r7_run/cell_crops/tile_x6144_y14592/cells
2026-07-26 13:15:37,276 - hybrid_pipeline - INFO - Tile tile_x6144_y14592 完成: 核心擁有 0 細胞 (0 陽性), 1.31 秒
2026-07-26 13:15:37,299 - m3_module.m3_dot_detection - INFO - detect_all_dots: 紅點=16, 黑點=24, 涉及細胞=89
2026-07-26 13:15:37,344 - m3_module.m3_dot_detection - INFO - detect_all_dots: 紅點=6, 黑點=11, 涉及細胞=80
2026-07-26 13:15:37,408 - m4_module.cell_crops - INFO - 匯出 30 張 per-cell 影像至 /data/taro_Projects/tsgh/output/r7_run/cell_crops/tile_x768_y14592/cells
2026-07-26 13:15:37,408 - hybrid_pipeline - INFO - Tile tile_x768_y14592 完成: 核心擁有 30 細胞 (30 陽性), 1.59 秒
2026-07-26 13:15:37,551 - m4_module.cell_crops - INFO - 匯出 32 張 per-cell 影像至 /data/taro_Projects/tsgh/output/r7_run/cell_crops/tile_x4608_y14592/cells
2026-07-26 13:15:37,551 - hybrid_pipeline - INFO - Tile tile_x4608_y14592 完成: 核心擁有 32 細胞 (32 陽性), 1.59 秒
2026-07-26 13:15:37,598 - m4_module.cell_crops - INFO - 匯出 58 張 per-cell 影像至 /data/taro_Projects/tsgh/output/r7_run/cell_crops/tile_x3072_y14592/cells
2026-07-26 13:15:37,599 - hybrid_pipeline - INFO - Tile tile_x3072_y14592 完成: 核心擁有 58 細胞 (58 陽性), 1.66 秒
2026-07-26 13:15:37,907 - hybrid_pipeline - INFO - [461/576] 已回收 tile_x768_y14592
2026-07-26 13:15:37,939 - m3_module.m3_cells_generator - INFO - All-positive 標註完成: 110 個細胞
2026-07-26 13:15:37,996 - m3_module.m3_cells_generator - INFO - enlarge_cell_instances: 110 顆細胞, factor=1.50(面積), 中位半徑=22.7px, 外擴=5.1px
2026-07-26 13:15:38,005 - hybrid_pipeline - INFO - [462/576] 已回收 tile_x3072_y14592
2026-07-26 13:15:38,024 - m3_module.m3_elastic_matching - INFO - elastic_dish_nucleus_matching(overlap-first): IHC=110, DISH=10, matched(1核)=6 (其中重疊=6), drop-out(競爭落敗)=1, 無候選(計入)=103, factor=1.50, min_reach=20.0
2026-07-26 13:15:38,036 - m3_module.m3_cells_generator - INFO - All-positive 標註完成: 19 個細胞
2026-07-26 13:15:38,076 - hybrid_pipeline - INFO - [463/576] 已回收 tile_x4608_y14592
2026-07-26 13:15:38,078 - m3_module.m3_cells_generator - INFO - enlarge_cell_instances: 19 顆細胞, factor=1.50(面積), 中位半徑=25.0px, 外擴=5.6px
2026-07-26 13:15:38,102 - m3_module.m3_cells_generator - INFO - All-positive 標註完成: 37 個細胞
2026-07-26 13:15:38,104 - m3_module.m3_elastic_matching - INFO - elastic_dish_nucleus_matching(overlap-first): IHC=19, DISH=9, matched(1核)=5 (其中重疊=5), drop-out(競爭落敗)=1, 無候選(計入)=13, factor=1.50, min_reach=20.0
2026-07-26 13:15:38,124 - hybrid_pipeline - INFO - [464/576] 已回收 tile_x6144_y14592
2026-07-26 13:15:38,150 - m3_module.m3_cells_generator - INFO - All-positive 標註完成: 25 個細胞
2026-07-26 13:15:38,151 - m3_module.m3_cells_generator - INFO - enlarge_cell_instances: 37 顆細胞, factor=1.50(面積), 中位半徑=25.2px, 外擴=5.7px
2026-07-26 13:15:38,166 - m3_module.m3_dot_detection - INFO - detect_all_dots: 紅點=1, 黑點=6, 涉及細胞=110
2026-07-26 13:15:38,177 - m3_module.m3_elastic_matching - INFO - elastic_dish_nucleus_matching(overlap-first): IHC=37, DISH=30, matched(1核)=22 (其中重疊=22), drop-out(競爭落敗)=3, 無候選(計入)=12, factor=1.50, min_reach=20.0
2026-07-26 13:15:38,188 - m3_module.m3_cells_generator - INFO - enlarge_cell_instances: 25 顆細胞, factor=1.50(面積), 中位半徑=25.6px, 外擴=5.8px
2026-07-26 13:15:38,214 - m3_module.m3_elastic_matching - INFO - elastic_dish_nucleus_matching(overlap-first): IHC=25, DISH=26, matched(1核)=17 (其中重疊=17), drop-out(競爭落敗)=4, 無候選(計入)=4, factor=1.50, min_reach=20.0
2026-07-26 13:15:38,247 - m3_module.m3_dot_detection - INFO - detect_all_dots: 紅點=8, 黑點=11, 涉及細胞=19
2026-07-26 13:15:38,370 - m4_module.cell_crops - INFO - 匯出 13 張 per-cell 影像至 /data/taro_Projects/tsgh/output/r7_run/cell_crops/tile_x6912_y14592/cells
2026-07-26 13:15:38,370 - hybrid_pipeline - INFO - Tile tile_x6912_y14592 完成: 核心擁有 13 細胞 (13 陽性), 1.40 秒
2026-07-26 13:15:38,372 - hybrid_pipeline - INFO - [465/576] 已回收 tile_x6912_y14592
2026-07-26 13:15:38,400 - hybrid_pipeline - INFO - Tile tile_x9984_y14592: 核心遮罩全空 → 空白 placeholder
2026-07-26 13:15:38,405 - m3_module.m3_dot_detection - INFO - detect_all_dots: 紅點=54, 黑點=69, 涉及細胞=37
2026-07-26 13:15:38,416 - hybrid_pipeline - INFO - [466/576] 已回收 tile_x9984_y14592
2026-07-26 13:15:38,432 - m3_module.m3_dot_detection - INFO - detect_all_dots: 紅點=47, 黑點=68, 涉及細胞=25
2026-07-26 13:15:38,440 - m4_module.cell_crops - INFO - 匯出 63 張 per-cell 影像至 /data/taro_Projects/tsgh/output/r7_run/cell_crops/tile_x5376_y14592/cells
2026-07-26 13:15:38,440 - hybrid_pipeline - INFO - Tile tile_x5376_y14592 完成: 核心擁有 63 細胞 (63 陽性), 1.60 秒
2026-07-26 13:15:38,441 - hybrid_pipeline - INFO - [467/576] 已回收 tile_x5376_y14592
2026-07-26 13:15:38,441 - hybrid_pipeline - INFO - Tile tile_x13824_y14592: 核心遮罩全空 → 空白 placeholder
2026-07-26 13:15:38,456 - hybrid_pipeline - INFO - [468/576] 已回收 tile_x13824_y14592
2026-07-26 13:15:38,464 - hybrid_pipeline - INFO - Tile tile_x9216_y14592: 核心遮罩全空 → 空白 placeholder
2026-07-26 13:15:38,479 - hybrid_pipeline - INFO - Tile tile_x15360_y14592: 核心遮罩全空 → 空白 placeholder
2026-07-26 13:15:38,484 - hybrid_pipeline - INFO - [469/576] 已回收 tile_x9216_y14592
2026-07-26 13:15:38,496 - hybrid_pipeline - INFO - [470/576] 已回收 tile_x15360_y14592
2026-07-26 13:15:38,508 - hybrid_pipeline - INFO - Tile tile_x14592_y14592: 核心遮罩全空 → 空白 placeholder
2026-07-26 13:15:38,522 - hybrid_pipeline - INFO - Tile tile_x12288_y14592: 核心遮罩全空 → 空白 placeholder
2026-07-26 13:15:38,533 - hybrid_pipeline - INFO - [471/576] 已回收 tile_x14592_y14592
2026-07-26 13:15:38,539 - m4_module.cell_crops - INFO - 匯出 9 張 per-cell 影像至 /data/taro_Projects/tsgh/output/r7_run/cell_crops/tile_x8448_y14592/cells
2026-07-26 13:15:38,539 - hybrid_pipeline - INFO - Tile tile_x8448_y14592 完成: 核心擁有 9 細胞 (9 陽性), 1.54 秒
2026-07-26 13:15:38,540 - hybrid_pipeline - INFO - [472/576] 已回收 tile_x8448_y14592
2026-07-26 13:15:38,541 - hybrid_pipeline - INFO - [473/576] 已回收 tile_x12288_y14592
2026-07-26 13:15:38,564 - hybrid_pipeline - INFO - Tile tile_x11520_y14592: 核心遮罩全空 → 空白 placeholder
2026-07-26 13:15:38,566 - hybrid_pipeline - INFO - Tile tile_x13056_y14592: 核心遮罩全空 → 空白 placeholder
2026-07-26 13:15:38,566 - hybrid_pipeline - INFO - Tile tile_x16128_y14592: 核心遮罩全空 → 空白 placeholder
2026-07-26 13:15:38,581 - m4_module.cell_crops - INFO - 匯出 24 張 per-cell 影像至 /data/taro_Projects/tsgh/output/r7_run/cell_crops/tile_x7680_y14592/cells
2026-07-26 13:15:38,581 - hybrid_pipeline - INFO - Tile tile_x7680_y14592 完成: 核心擁有 24 細胞 (24 陽性), 1.51 秒
2026-07-26 13:15:38,581 - hybrid_pipeline - INFO - [474/576] 已回收 tile_x7680_y14592
2026-07-26 13:15:38,599 - hybrid_pipeline - INFO - [475/576] 已回收 tile_x13056_y14592
2026-07-26 13:15:38,604 - hybrid_pipeline - INFO - Tile tile_x10752_y14592: 核心遮罩全空 → 空白 placeholder
2026-07-26 13:15:38,617 - hybrid_pipeline - INFO - [476/576] 已回收 tile_x11520_y14592
2026-07-26 13:15:38,624 - hybrid_pipeline - INFO - Tile tile_x16896_y14592: 核心遮罩全空 → 空白 placeholder
2026-07-26 13:15:38,641 - hybrid_pipeline - INFO - Tile tile_x17664_y14592: 核心遮罩全空 → 空白 placeholder
2026-07-26 13:15:39,783 - hybrid_pipeline - INFO - [477/576] 已回收 tile_x10752_y14592
2026-07-26 13:15:39,807 - hybrid_pipeline - INFO - [478/576] 已回收 tile_x17664_y14592
2026-07-26 13:15:39,815 - hybrid_pipeline - INFO - [479/576] 已回收 tile_x16128_y14592
2026-07-26 13:15:39,819 - m3_module.m3_cells_generator - INFO - All-positive 標註完成: 15 個細胞
2026-07-26 13:15:39,821 - hybrid_pipeline - INFO - [480/576] 已回收 tile_x16896_y14592
2026-07-26 13:15:39,840 - m3_module.m3_cells_generator - INFO - All-positive 標註完成: 69 個細胞
2026-07-26 13:15:39,847 - m3_module.m3_cells_generator - INFO - All-positive 標註完成: 124 個細胞
2026-07-26 13:15:39,850 - m3_module.m3_cells_generator - INFO - All-positive 標註完成: 8 個細胞
2026-07-26 13:15:39,863 - m3_module.m3_cells_generator - INFO - enlarge_cell_instances: 15 顆細胞, factor=1.50(面積), 中位半徑=31.3px, 外擴=7.0px
2026-07-26 13:15:39,884 - m3_module.m3_cells_generator - INFO - enlarge_cell_instances: 8 顆細胞, factor=1.50(面積), 中位半徑=15.1px, 外擴=3.4px
2026-07-26 13:15:39,891 - m3_module.m3_elastic_matching - INFO - elastic_dish_nucleus_matching(overlap-first): IHC=15, DISH=17, matched(1核)=11 (其中重疊=11), drop-out(競爭落敗)=1, 無候選(計入)=3, factor=1.50, min_reach=20.0
2026-07-26 13:15:39,896 - m3_module.m3_cells_generator - INFO - enlarge_cell_instances: 69 顆細胞, factor=1.50(面積), 中位半徑=22.9px, 外擴=5.1px
2026-07-26 13:15:39,908 - m3_module.m3_cells_generator - INFO - enlarge_cell_instances: 124 顆細胞, factor=1.50(面積), 中位半徑=28.7px, 外擴=6.4px
2026-07-26 13:15:39,922 - m3_module.m3_elastic_matching - INFO - elastic_dish_nucleus_matching(overlap-first): IHC=8, DISH=4, matched(1核)=3 (其中重疊=3), drop-out(競爭落敗)=1, 無候選(計入)=4, factor=1.50, min_reach=20.0
2026-07-26 13:15:39,936 - m3_module.m3_elastic_matching - INFO - elastic_dish_nucleus_matching(overlap-first): IHC=69, DISH=5, matched(1核)=5 (其中重疊=5), drop-out(競爭落敗)=2, 無候選(計入)=62, factor=1.50, min_reach=20.0
2026-07-26 13:15:39,950 - m3_module.m3_elastic_matching - INFO - elastic_dish_nucleus_matching(overlap-first): IHC=124, DISH=76, matched(1核)=47 (其中重疊=47), drop-out(競爭落敗)=5, 無候選(計入)=72, factor=1.50, min_reach=20.0
2026-07-26 13:15:40,061 - m3_module.m3_dot_detection - INFO - detect_all_dots: 紅點=3, 黑點=4, 涉及細胞=8
2026-07-26 13:15:40,077 - m3_module.m3_dot_detection - INFO - detect_all_dots: 紅點=13, 黑點=19, 涉及細胞=15
2026-07-26 13:15:40,084 - m3_module.m3_dot_detection - INFO - detect_all_dots: 紅點=4, 黑點=6, 涉及細胞=69
2026-07-26 13:15:40,134 - m4_module.cell_crops - INFO - 匯出 0 張 per-cell 影像至 /data/taro_Projects/tsgh/output/r7_run/cell_crops/tile_x768_y15360/cells
2026-07-26 13:15:40,134 - hybrid_pipeline - INFO - Tile tile_x768_y15360 完成: 核心擁有 0 細胞 (0 陽性), 1.53 秒
2026-07-26 13:15:40,197 - m4_module.cell_crops - INFO - 匯出 11 張 per-cell 影像至 /data/taro_Projects/tsgh/output/r7_run/cell_crops/tile_x0_y15360/cells
2026-07-26 13:15:40,197 - hybrid_pipeline - INFO - Tile tile_x0_y15360 完成: 核心擁有 11 細胞 (11 陽性), 1.62 秒
2026-07-26 13:15:40,212 - m3_module.m3_dot_detection - INFO - detect_all_dots: 紅點=52, 黑點=66, 涉及細胞=124
2026-07-26 13:15:40,250 - m4_module.cell_crops - INFO - 匯出 37 張 per-cell 影像至 /data/taro_Projects/tsgh/output/r7_run/cell_crops/tile_x3840_y15360/cells
2026-07-26 13:15:40,250 - hybrid_pipeline - INFO - Tile tile_x3840_y15360 完成: 核心擁有 37 細胞 (37 陽性), 1.63 秒
2026-07-26 13:15:40,562 - m4_module.cell_crops - INFO - 匯出 73 張 per-cell 影像至 /data/taro_Projects/tsgh/output/r7_run/cell_crops/tile_x2304_y15360/cells
2026-07-26 13:15:40,563 - hybrid_pipeline - INFO - Tile tile_x2304_y15360 完成: 核心擁有 73 細胞 (73 陽性), 2.02 秒
2026-07-26 13:15:40,875 - hybrid_pipeline - INFO - [481/576] 已回收 tile_x0_y15360
2026-07-26 13:15:40,899 - m3_module.m3_cells_generator - INFO - All-positive 標註完成: 106 個細胞
2026-07-26 13:15:40,956 - m3_module.m3_cells_generator - INFO - enlarge_cell_instances: 106 顆細胞, factor=1.50(面積), 中位半徑=28.6px, 外擴=6.4px
2026-07-26 13:15:40,970 - hybrid_pipeline - INFO - [482/576] 已回收 tile_x3840_y15360
2026-07-26 13:15:40,989 - m3_module.m3_elastic_matching - INFO - elastic_dish_nucleus_matching(overlap-first): IHC=106, DISH=54, matched(1核)=42 (其中重疊=42), drop-out(競爭落敗)=14, 無候選(計入)=50, factor=1.50, min_reach=20.0
2026-07-26 13:15:41,005 - m3_module.m3_cells_generator - INFO - All-positive 標註完成: 28 個細胞
2026-07-26 13:15:41,015 - hybrid_pipeline - INFO - [483/576] 已回收 tile_x2304_y15360
2026-07-26 13:15:41,016 - hybrid_pipeline - INFO - [484/576] 已回收 tile_x768_y15360
2026-07-26 13:15:41,044 - m3_module.m3_cells_generator - INFO - enlarge_cell_instances: 28 顆細胞, factor=1.50(面積), 中位半徑=17.6px, 外擴=4.0px
2026-07-26 13:15:41,049 - m3_module.m3_cells_generator - INFO - All-positive 標註完成: 130 個細胞
2026-07-26 13:15:41,056 - m3_module.m3_cells_generator - INFO - All-positive 標註完成: 102 個細胞
2026-07-26 13:15:41,071 - m3_module.m3_elastic_matching - INFO - elastic_dish_nucleus_matching(overlap-first): IHC=28, DISH=11, matched(1核)=8 (其中重疊=8), drop-out(競爭落敗)=1, 無候選(計入)=19, factor=1.50, min_reach=20.0
2026-07-26 13:15:41,109 - m3_module.m3_cells_generator - INFO - enlarge_cell_instances: 130 顆細胞, factor=1.50(面積), 中位半徑=22.4px, 外擴=5.0px
2026-07-26 13:15:41,113 - m3_module.m3_cells_generator - INFO - enlarge_cell_instances: 102 顆細胞, factor=1.50(面積), 中位半徑=22.0px, 外擴=4.9px
2026-07-26 13:15:41,144 - m3_module.m3_elastic_matching - INFO - elastic_dish_nucleus_matching(overlap-first): IHC=130, DISH=32, matched(1核)=22 (其中重疊=22), drop-out(競爭落敗)=7, 無候選(計入)=101, factor=1.50, min_reach=20.0
2026-07-26 13:15:41,146 - m3_module.m3_elastic_matching - INFO - elastic_dish_nucleus_matching(overlap-first): IHC=102, DISH=14, matched(1核)=10 (其中重疊=10), drop-out(競爭落敗)=7, 無候選(計入)=85, factor=1.50, min_reach=20.0
2026-07-26 13:15:41,229 - m3_module.m3_dot_detection - INFO - detect_all_dots: 紅點=7, 黑點=5, 涉及細胞=28
2026-07-26 13:15:41,269 - m3_module.m3_dot_detection - INFO - detect_all_dots: 紅點=52, 黑點=74, 涉及細胞=106
2026-07-26 13:15:41,291 - m3_module.m3_dot_detection - INFO - detect_all_dots: 紅點=4, 黑點=8, 涉及細胞=102
2026-07-26 13:15:41,325 - m3_module.m3_dot_detection - INFO - detect_all_dots: 紅點=15, 黑點=22, 涉及細胞=130
2026-07-26 13:15:41,336 - m4_module.cell_crops - INFO - 匯出 2 張 per-cell 影像至 /data/taro_Projects/tsgh/output/r7_run/cell_crops/tile_x3072_y15360/cells
2026-07-26 13:15:41,336 - hybrid_pipeline - INFO - Tile tile_x3072_y15360 完成: 核心擁有 2 細胞 (2 陽性), 1.53 秒
2026-07-26 13:15:41,571 - m4_module.cell_crops - INFO - 匯出 64 張 per-cell 影像至 /data/taro_Projects/tsgh/output/r7_run/cell_crops/tile_x5376_y15360/cells
2026-07-26 13:15:41,571 - hybrid_pipeline - INFO - Tile tile_x5376_y15360 完成: 核心擁有 64 細胞 (64 陽性), 1.75 秒
2026-07-26 13:15:41,572 - hybrid_pipeline - INFO - [485/576] 已回收 tile_x5376_y15360
2026-07-26 13:15:41,581 - m4_module.cell_crops - INFO - 匯出 70 張 per-cell 影像至 /data/taro_Projects/tsgh/output/r7_run/cell_crops/tile_x1536_y15360/cells
2026-07-26 13:15:41,581 - hybrid_pipeline - INFO - Tile tile_x1536_y15360 完成: 核心擁有 70 細胞 (70 陽性), 1.80 秒
2026-07-26 13:15:41,597 - hybrid_pipeline - INFO - Tile tile_x10752_y15360: 核心遮罩全空 → 空白 placeholder
2026-07-26 13:15:41,677 - hybrid_pipeline - INFO - [486/576] 已回收 tile_x10752_y15360
2026-07-26 13:15:41,681 - m4_module.cell_crops - INFO - 匯出 67 張 per-cell 影像至 /data/taro_Projects/tsgh/output/r7_run/cell_crops/tile_x4608_y15360/cells
2026-07-26 13:15:41,682 - hybrid_pipeline - INFO - Tile tile_x4608_y15360 完成: 核心擁有 67 細胞 (67 陽性), 1.87 秒
2026-07-26 13:15:41,705 - hybrid_pipeline - INFO - Tile tile_x9984_y15360: 核心遮罩全空 → 空白 placeholder
2026-07-26 13:15:41,770 - hybrid_pipeline - INFO - [487/576] 已回收 tile_x9984_y15360
2026-07-26 13:15:41,797 - hybrid_pipeline - INFO - Tile tile_x9216_y15360: 核心遮罩全空 → 空白 placeholder
2026-07-26 13:15:41,928 - hybrid_pipeline - INFO - [488/576] 已回收 tile_x1536_y15360
2026-07-26 13:15:41,935 - hybrid_pipeline - INFO - [489/576] 已回收 tile_x3072_y15360
2026-07-26 13:15:41,962 - m3_module.m3_cells_generator - INFO - All-positive 標註完成: 88 個細胞
2026-07-26 13:15:41,966 - m3_module.m3_cells_generator - INFO - All-positive 標註完成: 68 個細胞
2026-07-26 13:15:42,021 - m3_module.m3_cells_generator - INFO - enlarge_cell_instances: 68 顆細胞, factor=1.50(面積), 中位半徑=18.8px, 外擴=4.2px
2026-07-26 13:15:42,022 - m3_module.m3_cells_generator - INFO - enlarge_cell_instances: 88 顆細胞, factor=1.50(面積), 中位半徑=21.0px, 外擴=4.7px
2026-07-26 13:15:42,048 - m3_module.m3_elastic_matching - INFO - elastic_dish_nucleus_matching(overlap-first): IHC=68, DISH=5, matched(1核)=4 (其中重疊=4), drop-out(競爭落敗)=3, 無候選(計入)=61, factor=1.50, min_reach=20.0
2026-07-26 13:15:42,048 - hybrid_pipeline - INFO - [490/576] 已回收 tile_x4608_y15360
2026-07-26 13:15:42,050 - m3_module.m3_elastic_matching - INFO - elastic_dish_nucleus_matching(overlap-first): IHC=88, DISH=63, matched(1核)=38 (其中重疊=38), drop-out(競爭落敗)=4, 無候選(計入)=46, factor=1.50, min_reach=20.0
2026-07-26 13:15:42,072 - m3_module.m3_cells_generator - INFO - All-positive 標註完成: 53 個細胞
2026-07-26 13:15:42,125 - m3_module.m3_cells_generator - INFO - enlarge_cell_instances: 53 顆細胞, factor=1.50(面積), 中位半徑=21.5px, 外擴=4.8px
2026-07-26 13:15:42,152 - m3_module.m3_elastic_matching - INFO - elastic_dish_nucleus_matching(overlap-first): IHC=53, DISH=61, matched(1核)=34 (其中重疊=34), drop-out(競爭落敗)=5, 無候選(計入)=14, factor=1.50, min_reach=20.0
2026-07-26 13:15:42,189 - m3_module.m3_dot_detection - INFO - detect_all_dots: 紅點=6, 黑點=7, 涉及細胞=68
2026-07-26 13:15:42,297 - m3_module.m3_dot_detection - INFO - detect_all_dots: 紅點=46, 黑點=68, 涉及細胞=88
2026-07-26 13:15:42,364 - m4_module.cell_crops - INFO - 匯出 28 張 per-cell 影像至 /data/taro_Projects/tsgh/output/r7_run/cell_crops/tile_x6144_y15360/cells
2026-07-26 13:15:42,364 - hybrid_pipeline - INFO - Tile tile_x6144_y15360 完成: 核心擁有 28 細胞 (28 陽性), 1.40 秒
2026-07-26 13:15:42,365 - hybrid_pipeline - INFO - [491/576] 已回收 tile_x6144_y15360
2026-07-26 13:15:42,392 - hybrid_pipeline - INFO - Tile tile_x12288_y15360: 核心遮罩全空 → 空白 placeholder
2026-07-26 13:15:42,403 - m3_module.m3_dot_detection - INFO - detect_all_dots: 紅點=64, 黑點=79, 涉及細胞=53
2026-07-26 13:15:42,412 - hybrid_pipeline - INFO - [492/576] 已回收 tile_x12288_y15360
2026-07-26 13:15:42,437 - hybrid_pipeline - INFO - Tile tile_x13056_y15360: 核心遮罩全空 → 空白 placeholder
2026-07-26 13:15:42,456 - hybrid_pipeline - INFO - [493/576] 已回收 tile_x13056_y15360
2026-07-26 13:15:42,479 - hybrid_pipeline - INFO - Tile tile_x15360_y15360: 核心遮罩全空 → 空白 placeholder
2026-07-26 13:15:42,514 - hybrid_pipeline - INFO - [494/576] 已回收 tile_x15360_y15360
2026-07-26 13:15:42,539 - hybrid_pipeline - INFO - Tile tile_x16128_y15360: 核心遮罩全空 → 空白 placeholder
2026-07-26 13:15:42,553 - hybrid_pipeline - INFO - [495/576] 已回收 tile_x16128_y15360
2026-07-26 13:15:42,561 - m4_module.cell_crops - INFO - 匯出 47 張 per-cell 影像至 /data/taro_Projects/tsgh/output/r7_run/cell_crops/tile_x6912_y15360/cells
2026-07-26 13:15:42,562 - hybrid_pipeline - INFO - Tile tile_x6912_y15360 完成: 核心擁有 47 細胞 (47 陽性), 1.69 秒
2026-07-26 13:15:42,563 - hybrid_pipeline - INFO - [496/576] 已回收 tile_x6912_y15360
2026-07-26 13:15:42,578 - hybrid_pipeline - INFO - Tile tile_x14592_y15360: 核心遮罩全空 → 空白 placeholder
2026-07-26 13:15:42,581 - hybrid_pipeline - INFO - [497/576] 已回收 tile_x9216_y15360
2026-07-26 13:15:42,589 - hybrid_pipeline - INFO - Tile tile_x11520_y15360: 核心遮罩全空 → 空白 placeholder
2026-07-26 13:15:42,603 - m4_module.cell_crops - INFO - 匯出 22 張 per-cell 影像至 /data/taro_Projects/tsgh/output/r7_run/cell_crops/tile_x7680_y15360/cells
2026-07-26 13:15:42,603 - hybrid_pipeline - INFO - Tile tile_x7680_y15360 完成: 核心擁有 22 細胞 (22 陽性), 1.59 秒
2026-07-26 13:15:42,603 - hybrid_pipeline - INFO - [498/576] 已回收 tile_x7680_y15360
2026-07-26 13:15:42,607 - hybrid_pipeline - INFO - [499/576] 已回收 tile_x14592_y15360
2026-07-26 13:15:42,608 - m3_module.m3_cells_generator - INFO - All-positive 標註完成: 22 個細胞
2026-07-26 13:15:42,628 - hybrid_pipeline - INFO - Tile tile_x13824_y15360: 核心遮罩全空 → 空白 placeholder
2026-07-26 13:15:42,635 - hybrid_pipeline - INFO - [500/576] 已回收 tile_x11520_y15360
2026-07-26 13:15:42,636 - hybrid_pipeline - INFO - Tile tile_x16896_y15360: 核心遮罩全空 → 空白 placeholder
2026-07-26 13:15:42,649 - m3_module.m3_cells_generator - INFO - enlarge_cell_instances: 22 顆細胞, factor=1.50(面積), 中位半徑=21.9px, 外擴=4.9px
2026-07-26 13:15:42,660 - hybrid_pipeline - INFO - Tile tile_x17664_y15360: 核心遮罩全空 → 空白 placeholder
2026-07-26 13:15:42,674 - m3_module.m3_elastic_matching - INFO - elastic_dish_nucleus_matching(overlap-first): IHC=22, DISH=30, matched(1核)=15 (其中重疊=15), drop-out(競爭落敗)=1, 無候選(計入)=6, factor=1.50, min_reach=20.0
2026-07-26 13:15:42,876 - m3_module.m3_dot_detection - INFO - detect_all_dots: 紅點=31, 黑點=48, 涉及細胞=22
2026-07-26 13:15:42,997 - m4_module.cell_crops - INFO - 匯出 10 張 per-cell 影像至 /data/taro_Projects/tsgh/output/r7_run/cell_crops/tile_x8448_y15360/cells
2026-07-26 13:15:42,997 - hybrid_pipeline - INFO - Tile tile_x8448_y15360 完成: 核心擁有 10 細胞 (10 陽性), 1.23 秒
2026-07-26 13:15:43,640 - hybrid_pipeline - INFO - [501/576] 已回收 tile_x8448_y15360
2026-07-26 13:15:43,669 - m3_module.m3_cells_generator - INFO - All-positive 標註完成: 26 個細胞
2026-07-26 13:15:43,713 - m3_module.m3_cells_generator - INFO - enlarge_cell_instances: 26 顆細胞, factor=1.50(面積), 中位半徑=28.3px, 外擴=6.4px
2026-07-26 13:15:43,740 - m3_module.m3_elastic_matching - INFO - elastic_dish_nucleus_matching(overlap-first): IHC=26, DISH=21, matched(1核)=12 (其中重疊=12), drop-out(競爭落敗)=2, 無候選(計入)=12, factor=1.50, min_reach=20.0
2026-07-26 13:15:43,769 - hybrid_pipeline - INFO - [502/576] 已回收 tile_x13824_y15360
2026-07-26 13:15:43,797 - hybrid_pipeline - INFO - [503/576] 已回收 tile_x17664_y15360
2026-07-26 13:15:43,803 - m3_module.m3_cells_generator - INFO - All-positive 標註完成: 61 個細胞
2026-07-26 13:15:43,813 - hybrid_pipeline - INFO - [504/576] 已回收 tile_x16896_y15360
2026-07-26 13:15:43,822 - m3_module.m3_cells_generator - INFO - All-positive 標註完成: 52 個細胞
2026-07-26 13:15:43,840 - m3_module.m3_cells_generator - INFO - All-positive 標註完成: 72 個細胞
2026-07-26 13:15:43,852 - m3_module.m3_cells_generator - INFO - enlarge_cell_instances: 61 顆細胞, factor=1.50(面積), 中位半徑=27.2px, 外擴=6.1px
2026-07-26 13:15:43,870 - m3_module.m3_cells_generator - INFO - enlarge_cell_instances: 52 顆細胞, factor=1.50(面積), 中位半徑=21.7px, 外擴=4.9px
2026-07-26 13:15:43,882 - m3_module.m3_elastic_matching - INFO - elastic_dish_nucleus_matching(overlap-first): IHC=61, DISH=31, matched(1核)=19 (其中重疊=19), drop-out(競爭落敗)=3, 無候選(計入)=39, factor=1.50, min_reach=20.0
2026-07-26 13:15:43,883 - m3_module.m3_dot_detection - INFO - detect_all_dots: 紅點=3, 黑點=10, 涉及細胞=26
2026-07-26 13:15:43,892 - m3_module.m3_cells_generator - INFO - enlarge_cell_instances: 72 顆細胞, factor=1.50(面積), 中位半徑=28.4px, 外擴=6.4px
2026-07-26 13:15:43,898 - m3_module.m3_elastic_matching - INFO - elastic_dish_nucleus_matching(overlap-first): IHC=52, DISH=19, matched(1核)=15 (其中重疊=15), drop-out(競爭落敗)=6, 無候選(計入)=31, factor=1.50, min_reach=20.0
2026-07-26 13:15:43,925 - m3_module.m3_elastic_matching - INFO - elastic_dish_nucleus_matching(overlap-first): IHC=72, DISH=35, matched(1核)=25 (其中重疊=25), drop-out(競爭落敗)=4, 無候選(計入)=43, factor=1.50, min_reach=20.0
2026-07-26 13:15:44,026 - m4_module.cell_crops - INFO - 匯出 10 張 per-cell 影像至 /data/taro_Projects/tsgh/output/r7_run/cell_crops/tile_x768_y16128/cells
2026-07-26 13:15:44,026 - hybrid_pipeline - INFO - Tile tile_x768_y16128 完成: 核心擁有 10 細胞 (10 陽性), 1.44 秒
2026-07-26 13:15:44,080 - m3_module.m3_dot_detection - INFO - detect_all_dots: 紅點=19, 黑點=36, 涉及細胞=61
2026-07-26 13:15:44,086 - m3_module.m3_dot_detection - INFO - detect_all_dots: 紅點=25, 黑點=20, 涉及細胞=52
2026-07-26 13:15:44,129 - m3_module.m3_dot_detection - INFO - detect_all_dots: 紅點=29, 黑點=44, 涉及細胞=72
2026-07-26 13:15:44,244 - m4_module.cell_crops - INFO - 匯出 27 張 per-cell 影像至 /data/taro_Projects/tsgh/output/r7_run/cell_crops/tile_x3072_y16128/cells
2026-07-26 13:15:44,244 - hybrid_pipeline - INFO - Tile tile_x3072_y16128 完成: 核心擁有 27 細胞 (27 陽性), 1.61 秒
2026-07-26 13:15:44,271 - m4_module.cell_crops - INFO - 匯出 36 張 per-cell 影像至 /data/taro_Projects/tsgh/output/r7_run/cell_crops/tile_x1536_y16128/cells
2026-07-26 13:15:44,271 - hybrid_pipeline - INFO - Tile tile_x1536_y16128 完成: 核心擁有 36 細胞 (36 陽性), 1.67 秒
2026-07-26 13:15:44,351 - m4_module.cell_crops - INFO - 匯出 40 張 per-cell 影像至 /data/taro_Projects/tsgh/output/r7_run/cell_crops/tile_x2304_y16128/cells
2026-07-26 13:15:44,351 - hybrid_pipeline - INFO - Tile tile_x2304_y16128 完成: 核心擁有 40 細胞 (40 陽性), 1.74 秒
2026-07-26 13:15:44,655 - hybrid_pipeline - INFO - [505/576] 已回收 tile_x768_y16128
2026-07-26 13:15:44,685 - m3_module.m3_cells_generator - INFO - All-positive 標註完成: 76 個細胞
2026-07-26 13:15:44,741 - m3_module.m3_cells_generator - INFO - enlarge_cell_instances: 76 顆細胞, factor=1.50(面積), 中位半徑=30.5px, 外擴=6.9px
2026-07-26 13:15:44,770 - m3_module.m3_elastic_matching - INFO - elastic_dish_nucleus_matching(overlap-first): IHC=76, DISH=69, matched(1核)=47 (其中重疊=47), drop-out(競爭落敗)=7, 無候選(計入)=22, factor=1.50, min_reach=20.0
2026-07-26 13:15:44,782 - hybrid_pipeline - INFO - [506/576] 已回收 tile_x1536_y16128
2026-07-26 13:15:44,817 - m3_module.m3_cells_generator - INFO - All-positive 標註完成: 122 個細胞
2026-07-26 13:15:44,878 - m3_module.m3_cells_generator - INFO - enlarge_cell_instances: 122 顆細胞, factor=1.50(面積), 中位半徑=26.2px, 外擴=5.9px
2026-07-26 13:15:44,910 - m3_module.m3_elastic_matching - INFO - elastic_dish_nucleus_matching(overlap-first): IHC=122, DISH=55, matched(1核)=36 (其中重疊=34), drop-out(競爭落敗)=7, 無候選(計入)=79, factor=1.50, min_reach=20.0
2026-07-26 13:15:44,945 - hybrid_pipeline - INFO - [507/576] 已回收 tile_x2304_y16128
2026-07-26 13:15:44,949 - hybrid_pipeline - INFO - [508/576] 已回收 tile_x3072_y16128
2026-07-26 13:15:44,974 - m3_module.m3_cells_generator - INFO - All-positive 標註完成: 95 個細胞
2026-07-26 13:15:44,979 - m3_module.m3_cells_generator - INFO - All-positive 標註完成: 57 個細胞
2026-07-26 13:15:45,024 - m3_module.m3_dot_detection - INFO - detect_all_dots: 紅點=42, 黑點=73, 涉及細胞=76
2026-07-26 13:15:45,038 - m3_module.m3_cells_generator - INFO - enlarge_cell_instances: 95 顆細胞, factor=1.50(面積), 中位半徑=29.5px, 外擴=6.6px
2026-07-26 13:15:45,038 - m3_module.m3_cells_generator - INFO - enlarge_cell_instances: 57 顆細胞, factor=1.50(面積), 中位半徑=22.4px, 外擴=5.0px
2026-07-26 13:15:45,067 - m3_module.m3_elastic_matching - INFO - elastic_dish_nucleus_matching(overlap-first): IHC=57, DISH=12, matched(1核)=9 (其中重疊=9), drop-out(競爭落敗)=1, 無候選(計入)=47, factor=1.50, min_reach=20.0
2026-07-26 13:15:45,070 - m3_module.m3_elastic_matching - INFO - elastic_dish_nucleus_matching(overlap-first): IHC=95, DISH=40, matched(1核)=24 (其中重疊=24), drop-out(競爭落敗)=2, 無候選(計入)=69, factor=1.50, min_reach=20.0
2026-07-26 13:15:45,121 - m3_module.m3_dot_detection - INFO - detect_all_dots: 紅點=24, 黑點=29, 涉及細胞=122
2026-07-26 13:15:45,210 - m3_module.m3_dot_detection - INFO - detect_all_dots: 紅點=4, 黑點=10, 涉及細胞=57
2026-07-26 13:15:45,258 - m3_module.m3_dot_detection - INFO - detect_all_dots: 紅點=20, 黑點=29, 涉及細胞=95
2026-07-26 13:15:45,330 - m4_module.cell_crops - INFO - 匯出 53 張 per-cell 影像至 /data/taro_Projects/tsgh/output/r7_run/cell_crops/tile_x0_y16128/cells
2026-07-26 13:15:45,331 - hybrid_pipeline - INFO - Tile tile_x0_y16128 完成: 核心擁有 53 細胞 (53 陽性), 1.69 秒
2026-07-26 13:15:45,378 - m4_module.cell_crops - INFO - 匯出 19 張 per-cell 影像至 /data/taro_Projects/tsgh/output/r7_run/cell_crops/tile_x5376_y16128/cells
2026-07-26 13:15:45,378 - hybrid_pipeline - INFO - Tile tile_x5376_y16128 完成: 核心擁有 19 細胞 (19 陽性), 1.57 秒
2026-07-26 13:15:45,445 - cellpose.dynamics - INFO - No cell pixels found.
2026-07-26 13:15:45,484 - m4_module.cell_crops - INFO - 匯出 78 張 per-cell 影像至 /data/taro_Projects/tsgh/output/r7_run/cell_crops/tile_x3840_y16128/cells
2026-07-26 13:15:45,485 - hybrid_pipeline - INFO - Tile tile_x3840_y16128 完成: 核心擁有 78 細胞 (78 陽性), 1.72 秒
2026-07-26 13:15:45,576 - m4_module.cell_crops - INFO - 匯出 49 張 per-cell 影像至 /data/taro_Projects/tsgh/output/r7_run/cell_crops/tile_x4608_y16128/cells
2026-07-26 13:15:45,576 - hybrid_pipeline - INFO - Tile tile_x4608_y16128 完成: 核心擁有 49 細胞 (49 陽性), 1.78 秒
2026-07-26 13:15:45,638 - hybrid_pipeline - INFO - [509/576] 已回收 tile_x0_y16128
2026-07-26 13:15:45,666 - m3_module.m3_cells_generator - INFO - All-positive 標註完成: 145 個細胞
2026-07-26 13:15:45,725 - m3_module.m3_cells_generator - INFO - enlarge_cell_instances: 145 顆細胞, factor=1.50(面積), 中位半徑=23.0px, 外擴=5.2px
2026-07-26 13:15:45,755 - m3_module.m3_elastic_matching - INFO - elastic_dish_nucleus_matching(overlap-first): IHC=145, DISH=25, matched(1核)=20 (其中重疊=20), drop-out(競爭落敗)=7, 無候選(計入)=118, factor=1.50, min_reach=20.0
2026-07-26 13:15:45,910 - hybrid_pipeline - INFO - [510/576] 已回收 tile_x3840_y16128
2026-07-26 13:15:45,923 - m3_module.m3_dot_detection - INFO - detect_all_dots: 紅點=16, 黑點=26, 涉及細胞=145
2026-07-26 13:15:45,933 - m3_module.m3_cells_generator - INFO - All-positive 標註完成: 120 個細胞
2026-07-26 13:15:45,955 - hybrid_pipeline - INFO - [511/576] 已回收 tile_x5376_y16128
2026-07-26 13:15:45,967 - m3_module.m3_cells_generator - INFO - All-positive 標註完成: 0 個細胞
2026-07-26 13:15:45,989 - m3_module.m3_cells_generator - INFO - enlarge_cell_instances: 120 顆細胞, factor=1.50(面積), 中位半徑=23.2px, 外擴=5.2px
2026-07-26 13:15:46,023 - m3_module.m3_elastic_matching - INFO - elastic_dish_nucleus_matching(overlap-first): IHC=120, DISH=106, matched(1核)=59 (其中重疊=59), drop-out(競爭落敗)=8, 無候選(計入)=53, factor=1.50, min_reach=20.0
2026-07-26 13:15:46,110 - m3_module.m3_dot_detection - INFO - detect_all_dots: 紅點=0, 黑點=0, 涉及細胞=0
2026-07-26 13:15:46,143 - m4_module.cell_crops - INFO - 匯出 0 張 per-cell 影像至 /data/taro_Projects/tsgh/output/r7_run/cell_crops/tile_x9984_y16128/cells
2026-07-26 13:15:46,143 - hybrid_pipeline - INFO - Tile tile_x9984_y16128 完成: 核心擁有 0 細胞 (0 陽性), 1.20 秒
2026-07-26 13:15:46,143 - hybrid_pipeline - INFO - [512/576] 已回收 tile_x4608_y16128
2026-07-26 13:15:46,172 - m3_module.m3_cells_generator - INFO - All-positive 標註完成: 51 個細胞
2026-07-26 13:15:46,220 - m3_module.m3_cells_generator - INFO - enlarge_cell_instances: 51 顆細胞, factor=1.50(面積), 中位半徑=21.3px, 外擴=4.8px
2026-07-26 13:15:46,247 - m3_module.m3_elastic_matching - INFO - elastic_dish_nucleus_matching(overlap-first): IHC=51, DISH=78, matched(1核)=38 (其中重疊=38), drop-out(競爭落敗)=3, 無候選(計入)=10, factor=1.50, min_reach=20.0
2026-07-26 13:15:46,320 - m4_module.cell_crops - INFO - 匯出 85 張 per-cell 影像至 /data/taro_Projects/tsgh/output/r7_run/cell_crops/tile_x6144_y16128/cells
2026-07-26 13:15:46,321 - hybrid_pipeline - INFO - Tile tile_x6144_y16128 完成: 核心擁有 85 細胞 (85 陽性), 1.67 秒
2026-07-26 13:15:46,401 - m3_module.m3_dot_detection - INFO - detect_all_dots: 紅點=99, 黑點=140, 涉及細胞=120
2026-07-26 13:15:46,540 - m3_module.m3_dot_detection - INFO - detect_all_dots: 紅點=74, 黑點=92, 涉及細胞=51
2026-07-26 13:15:46,600 - hybrid_pipeline - INFO - [513/576] 已回收 tile_x6144_y16128
2026-07-26 13:15:46,633 - m3_module.m3_cells_generator - INFO - All-positive 標註完成: 4 個細胞
2026-07-26 13:15:46,662 - m3_module.m3_cells_generator - INFO - enlarge_cell_instances: 4 顆細胞, factor=1.50(面積), 中位半徑=20.0px, 外擴=4.5px
2026-07-26 13:15:46,685 - m3_module.m3_elastic_matching - INFO - elastic_dish_nucleus_matching(overlap-first): IHC=4, DISH=1, matched(1核)=1 (其中重疊=1), drop-out(競爭落敗)=0, 無候選(計入)=3, factor=1.50, min_reach=20.0
2026-07-26 13:15:46,739 - m4_module.cell_crops - INFO - 匯出 26 張 per-cell 影像至 /data/taro_Projects/tsgh/output/r7_run/cell_crops/tile_x7680_y16128/cells
2026-07-26 13:15:46,739 - hybrid_pipeline - INFO - Tile tile_x7680_y16128 完成: 核心擁有 26 細胞 (26 陽性), 1.79 秒
2026-07-26 13:15:46,761 - m4_module.cell_crops - INFO - 匯出 70 張 per-cell 影像至 /data/taro_Projects/tsgh/output/r7_run/cell_crops/tile_x6912_y16128/cells
2026-07-26 13:15:46,761 - hybrid_pipeline - INFO - Tile tile_x6912_y16128 完成: 核心擁有 70 細胞 (70 陽性), 1.98 秒
2026-07-26 13:15:46,817 - m3_module.m3_dot_detection - INFO - detect_all_dots: 紅點=3, 黑點=4, 涉及細胞=4
2026-07-26 13:15:46,882 - m4_module.cell_crops - INFO - 匯出 1 張 per-cell 影像至 /data/taro_Projects/tsgh/output/r7_run/cell_crops/tile_x9216_y16128/cells
2026-07-26 13:15:46,882 - hybrid_pipeline - INFO - Tile tile_x9216_y16128 完成: 核心擁有 1 細胞 (1 陽性), 1.24 秒
2026-07-26 13:15:46,883 - hybrid_pipeline - INFO - [514/576] 已回收 tile_x9216_y16128
2026-07-26 13:15:46,912 - hybrid_pipeline - INFO - Tile tile_x13056_y16128: 核心遮罩全空 → 空白 placeholder
2026-07-26 13:15:46,933 - hybrid_pipeline - INFO - [515/576] 已回收 tile_x9984_y16128
2026-07-26 13:15:46,956 - hybrid_pipeline - INFO - [516/576] 已回收 tile_x13056_y16128
2026-07-26 13:15:46,960 - m3_module.m3_cells_generator - INFO - All-positive 標註完成: 13 個細胞
2026-07-26 13:15:46,988 - hybrid_pipeline - INFO - Tile tile_x14592_y16128: 核心遮罩全空 → 空白 placeholder
2026-07-26 13:15:46,992 - m3_module.m3_cells_generator - INFO - enlarge_cell_instances: 13 顆細胞, factor=1.50(面積), 中位半徑=15.8px, 外擴=3.6px
2026-07-26 13:15:47,003 - hybrid_pipeline - INFO - [517/576] 已回收 tile_x14592_y16128
2026-07-26 13:15:47,030 - hybrid_pipeline - INFO - Tile tile_x15360_y16128: 核心遮罩全空 → 空白 placeholder
2026-07-26 13:15:47,039 - hybrid_pipeline - INFO - [518/576] 已回收 tile_x6912_y16128
2026-07-26 13:15:47,044 - hybrid_pipeline - INFO - [519/576] 已回收 tile_x15360_y16128
2026-07-26 13:15:47,069 - hybrid_pipeline - INFO - Tile tile_x13824_y16128: 核心遮罩全空 → 空白 placeholder
2026-07-26 13:15:47,070 - m3_module.m3_cells_generator - INFO - All-positive 標註完成: 14 個細胞
2026-07-26 13:15:47,070 - hybrid_pipeline - INFO - [520/576] 已回收 tile_x7680_y16128
2026-07-26 13:15:47,094 - m3_module.m3_cells_generator - INFO - All-positive 標註完成: 22 個細胞
2026-07-26 13:15:47,104 - m3_module.m3_cells_generator - INFO - enlarge_cell_instances: 14 顆細胞, factor=1.50(面積), 中位半徑=21.4px, 外擴=4.8px
2026-07-26 13:15:47,112 - hybrid_pipeline - INFO - [521/576] 已回收 tile_x13824_y16128
2026-07-26 13:15:47,131 - m3_module.m3_elastic_matching - INFO - elastic_dish_nucleus_matching(overlap-first): IHC=14, DISH=35, matched(1核)=11 (其中重疊=11), drop-out(競爭落敗)=0, 無候選(計入)=3, factor=1.50, min_reach=20.0
2026-07-26 13:15:47,131 - m3_module.m3_cells_generator - INFO - enlarge_cell_instances: 22 顆細胞, factor=1.50(面積), 中位半徑=17.8px, 外擴=4.0px
2026-07-26 13:15:47,133 - m3_module.m3_dot_detection - INFO - detect_all_dots: 紅點=0, 黑點=0, 涉及細胞=13
2026-07-26 13:15:47,143 - hybrid_pipeline - INFO - Tile tile_x16896_y16128: 核心遮罩全空 → 空白 placeholder
2026-07-26 13:15:47,178 - m4_module.cell_crops - INFO - 匯出 0 張 per-cell 影像至 /data/taro_Projects/tsgh/output/r7_run/cell_crops/tile_x10752_y16128/cells
2026-07-26 13:15:47,179 - hybrid_pipeline - INFO - Tile tile_x10752_y16128 完成: 核心擁有 0 細胞 (0 陽性), 1.22 秒
2026-07-26 13:15:47,179 - hybrid_pipeline - INFO - [522/576] 已回收 tile_x10752_y16128
2026-07-26 13:15:47,205 - hybrid_pipeline - INFO - Tile tile_x12288_y16128: 核心遮罩全空 → 空白 placeholder
2026-07-26 13:15:47,272 - m3_module.m3_dot_detection - INFO - detect_all_dots: 紅點=0, 黑點=0, 涉及細胞=22
2026-07-26 13:15:47,305 - m3_module.m3_dot_detection - INFO - detect_all_dots: 紅點=21, 黑點=25, 涉及細胞=14
2026-07-26 13:15:47,336 - m4_module.cell_crops - INFO - 匯出 11 張 per-cell 影像至 /data/taro_Projects/tsgh/output/r7_run/cell_crops/tile_x11520_y16128/cells
2026-07-26 13:15:47,336 - hybrid_pipeline - INFO - Tile tile_x11520_y16128 完成: 核心擁有 11 細胞 (11 陽性), 1.19 秒
2026-07-26 13:15:47,337 - hybrid_pipeline - INFO - [523/576] 已回收 tile_x11520_y16128
2026-07-26 13:15:47,362 - hybrid_pipeline - INFO - Tile tile_x17664_y16128: 核心遮罩全空 → 空白 placeholder
2026-07-26 13:15:47,417 - m4_module.cell_crops - INFO - 匯出 3 張 per-cell 影像至 /data/taro_Projects/tsgh/output/r7_run/cell_crops/tile_x8448_y16128/cells
2026-07-26 13:15:47,417 - hybrid_pipeline - INFO - Tile tile_x8448_y16128 完成: 核心擁有 3 細胞 (3 陽性), 1.51 秒
2026-07-26 13:15:47,418 - hybrid_pipeline - INFO - [524/576] 已回收 tile_x8448_y16128
2026-07-26 13:15:47,442 - hybrid_pipeline - INFO - Tile tile_x16128_y16128: 核心遮罩全空 → 空白 placeholder
2026-07-26 13:15:48,027 - hybrid_pipeline - INFO - [525/576] 已回收 tile_x16896_y16128
2026-07-26 13:15:48,060 - m3_module.m3_cells_generator - INFO - All-positive 標註完成: 56 個細胞
2026-07-26 13:15:48,106 - m3_module.m3_cells_generator - INFO - enlarge_cell_instances: 56 顆細胞, factor=1.50(面積), 中位半徑=24.0px, 外擴=5.4px
2026-07-26 13:15:48,111 - hybrid_pipeline - INFO - [526/576] 已回收 tile_x12288_y16128
2026-07-26 13:15:48,135 - m3_module.m3_elastic_matching - INFO - elastic_dish_nucleus_matching(overlap-first): IHC=56, DISH=45, matched(1核)=23 (其中重疊=23), drop-out(競爭落敗)=4, 無候選(計入)=29, factor=1.50, min_reach=20.0
2026-07-26 13:15:48,136 - m3_module.m3_cells_generator - INFO - All-positive 標註完成: 110 個細胞
2026-07-26 13:15:48,193 - m3_module.m3_cells_generator - INFO - enlarge_cell_instances: 110 顆細胞, factor=1.50(面積), 中位半徑=23.7px, 外擴=5.3px
2026-07-26 13:15:48,224 - m3_module.m3_elastic_matching - INFO - elastic_dish_nucleus_matching(overlap-first): IHC=110, DISH=77, matched(1核)=51 (其中重疊=51), drop-out(競爭落敗)=9, 無候選(計入)=50, factor=1.50, min_reach=20.0
2026-07-26 13:15:48,234 - hybrid_pipeline - INFO - [527/576] 已回收 tile_x17664_y16128
2026-07-26 13:15:48,273 - m3_module.m3_cells_generator - INFO - All-positive 標註完成: 20 個細胞
2026-07-26 13:15:48,311 - m3_module.m3_cells_generator - INFO - enlarge_cell_instances: 20 顆細胞, factor=1.50(面積), 中位半徑=23.4px, 外擴=5.3px
2026-07-26 13:15:48,313 - m3_module.m3_dot_detection - INFO - detect_all_dots: 紅點=14, 黑點=27, 涉及細胞=56
2026-07-26 13:15:48,337 - m3_module.m3_elastic_matching - INFO - elastic_dish_nucleus_matching(overlap-first): IHC=20, DISH=24, matched(1核)=10 (其中重疊=10), drop-out(競爭落敗)=1, 無候選(計入)=9, factor=1.50, min_reach=20.0
2026-07-26 13:15:48,398 - cellpose.dynamics - INFO - No cell pixels found.
2026-07-26 13:15:48,450 - hybrid_pipeline - INFO - [528/576] 已回收 tile_x16128_y16128
2026-07-26 13:15:48,483 - m3_module.m3_cells_generator - INFO - All-positive 標註完成: 86 個細胞
2026-07-26 13:15:48,484 - m3_module.m3_dot_detection - INFO - detect_all_dots: 紅點=6, 黑點=9, 涉及細胞=20
2026-07-26 13:15:48,521 - m3_module.m3_dot_detection - INFO - detect_all_dots: 紅點=63, 黑點=96, 涉及細胞=110
2026-07-26 13:15:48,525 - m4_module.cell_crops - INFO - 匯出 22 張 per-cell 影像至 /data/taro_Projects/tsgh/output/r7_run/cell_crops/tile_x768_y16896/cells
2026-07-26 13:15:48,525 - hybrid_pipeline - INFO - Tile tile_x768_y16896 完成: 核心擁有 22 細胞 (22 陽性), 1.41 秒
2026-07-26 13:15:48,530 - m3_module.m3_cells_generator - INFO - enlarge_cell_instances: 86 顆細胞, factor=1.50(面積), 中位半徑=26.5px, 外擴=6.0px
2026-07-26 13:15:48,559 - m3_module.m3_elastic_matching - INFO - elastic_dish_nucleus_matching(overlap-first): IHC=86, DISH=42, matched(1核)=36 (其中重疊=36), drop-out(競爭落敗)=16, 無候選(計入)=34, factor=1.50, min_reach=20.0
2026-07-26 13:15:48,605 - m4_module.cell_crops - INFO - 匯出 14 張 per-cell 影像至 /data/taro_Projects/tsgh/output/r7_run/cell_crops/tile_x1536_y16896/cells
2026-07-26 13:15:48,605 - hybrid_pipeline - INFO - Tile tile_x1536_y16896 完成: 核心擁有 14 細胞 (14 陽性), 1.27 秒
2026-07-26 13:15:48,843 - m3_module.m3_dot_detection - INFO - detect_all_dots: 紅點=75, 黑點=90, 涉及細胞=86
2026-07-26 13:15:48,880 - m4_module.cell_crops - INFO - 匯出 70 張 per-cell 影像至 /data/taro_Projects/tsgh/output/r7_run/cell_crops/tile_x0_y16896/cells
2026-07-26 13:15:48,880 - hybrid_pipeline - INFO - Tile tile_x0_y16896 完成: 核心擁有 70 細胞 (70 陽性), 1.70 秒
2026-07-26 13:15:48,967 - hybrid_pipeline - INFO - [529/576] 已回收 tile_x768_y16896
2026-07-26 13:15:48,980 - m3_module.m3_cells_generator - INFO - All-positive 標註完成: 0 個細胞
2026-07-26 13:15:49,092 - m4_module.cell_crops - INFO - 匯出 50 張 per-cell 影像至 /data/taro_Projects/tsgh/output/r7_run/cell_crops/tile_x3072_y16896/cells
2026-07-26 13:15:49,092 - hybrid_pipeline - INFO - Tile tile_x3072_y16896 完成: 核心擁有 50 細胞 (50 陽性), 1.67 秒
2026-07-26 13:15:49,118 - m3_module.m3_dot_detection - INFO - detect_all_dots: 紅點=0, 黑點=0, 涉及細胞=0
2026-07-26 13:15:49,150 - m4_module.cell_crops - INFO - 匯出 0 張 per-cell 影像至 /data/taro_Projects/tsgh/output/r7_run/cell_crops/tile_x2304_y16896/cells
2026-07-26 13:15:49,150 - hybrid_pipeline - INFO - Tile tile_x2304_y16896 完成: 核心擁有 0 細胞 (0 陽性), 1.12 秒
2026-07-26 13:15:49,398 - hybrid_pipeline - INFO - [530/576] 已回收 tile_x0_y16896
2026-07-26 13:15:49,425 - m3_module.m3_cells_generator - INFO - All-positive 標註完成: 129 個細胞
2026-07-26 13:15:49,479 - hybrid_pipeline - INFO - [531/576] 已回收 tile_x1536_y16896
2026-07-26 13:15:49,484 - m3_module.m3_cells_generator - INFO - enlarge_cell_instances: 129 顆細胞, factor=1.50(面積), 中位半徑=31.4px, 外擴=7.1px
2026-07-26 13:15:49,511 - m3_module.m3_cells_generator - INFO - All-positive 標註完成: 126 個細胞
2026-07-26 13:15:49,518 - m3_module.m3_elastic_matching - INFO - elastic_dish_nucleus_matching(overlap-first): IHC=129, DISH=54, matched(1核)=44 (其中重疊=42), drop-out(競爭落敗)=13, 無候選(計入)=72, factor=1.50, min_reach=20.0
2026-07-26 13:15:49,548 - hybrid_pipeline - INFO - [532/576] 已回收 tile_x3072_y16896
2026-07-26 13:15:49,580 - m3_module.m3_cells_generator - INFO - enlarge_cell_instances: 126 顆細胞, factor=1.50(面積), 中位半徑=27.8px, 外擴=6.2px
2026-07-26 13:15:49,580 - m3_module.m3_cells_generator - INFO - All-positive 標註完成: 109 個細胞
2026-07-26 13:15:49,614 - m3_module.m3_elastic_matching - INFO - elastic_dish_nucleus_matching(overlap-first): IHC=126, DISH=39, matched(1核)=30 (其中重疊=30), drop-out(競爭落敗)=8, 無候選(計入)=88, factor=1.50, min_reach=20.0
2026-07-26 13:15:49,644 - m3_module.m3_cells_generator - INFO - enlarge_cell_instances: 109 顆細胞, factor=1.50(面積), 中位半徑=23.7px, 外擴=5.3px
2026-07-26 13:15:49,676 - m3_module.m3_elastic_matching - INFO - elastic_dish_nucleus_matching(overlap-first): IHC=109, DISH=42, matched(1核)=30 (其中重疊=29), drop-out(競爭落敗)=3, 無候選(計入)=76, factor=1.50, min_reach=20.0
2026-07-26 13:15:49,706 - cellpose.dynamics - INFO - No cell pixels found.
2026-07-26 13:15:49,821 - m3_module.m3_dot_detection - INFO - detect_all_dots: 紅點=26, 黑點=35, 涉及細胞=126
2026-07-26 13:15:49,824 - m3_module.m3_dot_detection - INFO - detect_all_dots: 紅點=62, 黑點=66, 涉及細胞=129
2026-07-26 13:15:49,874 - m3_module.m3_dot_detection - INFO - detect_all_dots: 紅點=27, 黑點=39, 涉及細胞=109
2026-07-26 13:15:50,144 - hybrid_pipeline - INFO - [533/576] 已回收 tile_x2304_y16896
2026-07-26 13:15:50,163 - m4_module.cell_crops - INFO - 匯出 51 張 per-cell 影像至 /data/taro_Projects/tsgh/output/r7_run/cell_crops/tile_x5376_y16896/cells
2026-07-26 13:15:50,163 - hybrid_pipeline - INFO - Tile tile_x5376_y16896 完成: 核心擁有 51 細胞 (51 陽性), 1.71 秒
2026-07-26 13:15:50,174 - m3_module.m3_cells_generator - INFO - All-positive 標註完成: 146 個細胞
2026-07-26 13:15:50,196 - m4_module.cell_crops - INFO - 匯出 81 張 per-cell 影像至 /data/taro_Projects/tsgh/output/r7_run/cell_crops/tile_x4608_y16896/cells
2026-07-26 13:15:50,196 - hybrid_pipeline - INFO - Tile tile_x4608_y16896 完成: 核心擁有 81 細胞 (81 陽性), 1.96 秒
2026-07-26 13:15:50,227 - m3_module.m3_cells_generator - INFO - enlarge_cell_instances: 146 顆細胞, factor=1.50(面積), 中位半徑=24.4px, 外擴=5.5px
2026-07-26 13:15:50,240 - m4_module.cell_crops - INFO - 匯出 59 張 per-cell 影像至 /data/taro_Projects/tsgh/output/r7_run/cell_crops/tile_x3840_y16896/cells
2026-07-26 13:15:50,240 - hybrid_pipeline - INFO - Tile tile_x3840_y16896 完成: 核心擁有 59 細胞 (59 陽性), 2.13 秒
2026-07-26 13:15:50,241 - hybrid_pipeline - INFO - [534/576] 已回收 tile_x3840_y16896
2026-07-26 13:15:50,246 - m3_module.m3_cells_generator - INFO - All-positive 標註完成: 0 個細胞
2026-07-26 13:15:50,259 - m3_module.m3_elastic_matching - INFO - elastic_dish_nucleus_matching(overlap-first): IHC=146, DISH=42, matched(1核)=29 (其中重疊=29), drop-out(競爭落敗)=7, 無候選(計入)=110, factor=1.50, min_reach=20.0
2026-07-26 13:15:50,386 - m3_module.m3_dot_detection - INFO - detect_all_dots: 紅點=0, 黑點=0, 涉及細胞=0
2026-07-26 13:15:50,418 - m4_module.cell_crops - INFO - 匯出 0 張 per-cell 影像至 /data/taro_Projects/tsgh/output/r7_run/cell_crops/tile_x9984_y16896/cells
2026-07-26 13:15:50,418 - hybrid_pipeline - INFO - Tile tile_x9984_y16896 完成: 核心擁有 0 細胞 (0 陽性), 1.02 秒
2026-07-26 13:15:50,445 - m3_module.m3_dot_detection - INFO - detect_all_dots: 紅點=19, 黑點=30, 涉及細胞=146
2026-07-26 13:15:50,643 - hybrid_pipeline - INFO - [535/576] 已回收 tile_x5376_y16896
2026-07-26 13:15:50,657 - hybrid_pipeline - INFO - [536/576] 已回收 tile_x4608_y16896
2026-07-26 13:15:50,678 - m3_module.m3_cells_generator - INFO - All-positive 標註完成: 11 個細胞
2026-07-26 13:15:50,688 - m3_module.m3_cells_generator - INFO - All-positive 標註完成: 109 個細胞
2026-07-26 13:15:50,711 - m3_module.m3_cells_generator - INFO - enlarge_cell_instances: 11 顆細胞, factor=1.50(面積), 中位半徑=18.7px, 外擴=4.2px
2026-07-26 13:15:50,738 - m3_module.m3_elastic_matching - INFO - elastic_dish_nucleus_matching(overlap-first): IHC=11, DISH=9, matched(1核)=4 (其中重疊=4), drop-out(競爭落敗)=0, 無候選(計入)=7, factor=1.50, min_reach=20.0
2026-07-26 13:15:50,751 - m3_module.m3_cells_generator - INFO - enlarge_cell_instances: 109 顆細胞, factor=1.50(面積), 中位半徑=24.1px, 外擴=5.4px
2026-07-26 13:15:50,789 - m3_module.m3_elastic_matching - INFO - elastic_dish_nucleus_matching(overlap-first): IHC=109, DISH=161, matched(1核)=68 (其中重疊=68), drop-out(競爭落敗)=2, 無候選(計入)=39, factor=1.50, min_reach=20.0
2026-07-26 13:15:50,874 - m4_module.cell_crops - INFO - 匯出 77 張 per-cell 影像至 /data/taro_Projects/tsgh/output/r7_run/cell_crops/tile_x6144_y16896/cells
2026-07-26 13:15:50,874 - hybrid_pipeline - INFO - Tile tile_x6144_y16896 完成: 核心擁有 77 細胞 (77 陽性), 1.91 秒
2026-07-26 13:15:50,889 - m3_module.m3_dot_detection - INFO - detect_all_dots: 紅點=10, 黑點=12, 涉及細胞=11
2026-07-26 13:15:50,977 - m4_module.cell_crops - INFO - 匯出 9 張 per-cell 影像至 /data/taro_Projects/tsgh/output/r7_run/cell_crops/tile_x9216_y16896/cells
2026-07-26 13:15:50,977 - hybrid_pipeline - INFO - Tile tile_x9216_y16896 完成: 核心擁有 9 細胞 (9 陽性), 1.43 秒
2026-07-26 13:15:51,215 - m3_module.m3_dot_detection - INFO - detect_all_dots: 紅點=149, 黑點=172, 涉及細胞=109
2026-07-26 13:15:51,367 - hybrid_pipeline - INFO - [537/576] 已回收 tile_x6144_y16896
2026-07-26 13:15:51,391 - hybrid_pipeline - INFO - [538/576] 已回收 tile_x9984_y16896
2026-07-26 13:15:51,398 - m3_module.m3_cells_generator - INFO - All-positive 標註完成: 97 個細胞
2026-07-26 13:15:51,422 - m3_module.m3_cells_generator - INFO - All-positive 標註完成: 17 個細胞
2026-07-26 13:15:51,453 - m3_module.m3_cells_generator - INFO - enlarge_cell_instances: 97 顆細胞, factor=1.50(面積), 中位半徑=22.7px, 外擴=5.1px
2026-07-26 13:15:51,463 - m3_module.m3_cells_generator - INFO - enlarge_cell_instances: 17 顆細胞, factor=1.50(面積), 中位半徑=21.5px, 外擴=4.8px
2026-07-26 13:15:51,487 - m3_module.m3_elastic_matching - INFO - elastic_dish_nucleus_matching(overlap-first): IHC=97, DISH=140, matched(1核)=72 (其中重疊=72), drop-out(競爭落敗)=7, 無候選(計入)=18, factor=1.50, min_reach=20.0
2026-07-26 13:15:51,489 - m3_module.m3_elastic_matching - INFO - elastic_dish_nucleus_matching(overlap-first): IHC=17, DISH=36, matched(1核)=9 (其中重疊=9), drop-out(競爭落敗)=0, 無候選(計入)=8, factor=1.50, min_reach=20.0
2026-07-26 13:15:51,608 - m4_module.cell_crops - INFO - 匯出 49 張 per-cell 影像至 /data/taro_Projects/tsgh/output/r7_run/cell_crops/tile_x6912_y16896/cells
2026-07-26 13:15:51,608 - hybrid_pipeline - INFO - Tile tile_x6912_y16896 完成: 核心擁有 49 細胞 (49 陽性), 2.13 秒
2026-07-26 13:15:51,616 - hybrid_pipeline - INFO - [539/576] 已回收 tile_x9216_y16896
2026-07-26 13:15:51,648 - m3_module.m3_cells_generator - INFO - All-positive 標註完成: 18 個細胞
2026-07-26 13:15:51,652 - m3_module.m3_dot_detection - INFO - detect_all_dots: 紅點=15, 黑點=20, 涉及細胞=17
2026-07-26 13:15:51,680 - m3_module.m3_cells_generator - INFO - enlarge_cell_instances: 18 顆細胞, factor=1.50(面積), 中位半徑=19.6px, 外擴=4.4px
2026-07-26 13:15:51,681 - hybrid_pipeline - INFO - [540/576] 已回收 tile_x6912_y16896
2026-07-26 13:15:51,706 - m3_module.m3_cells_generator - INFO - All-positive 標註完成: 29 個細胞
2026-07-26 13:15:51,742 - m3_module.m3_cells_generator - INFO - enlarge_cell_instances: 29 顆細胞, factor=1.50(面積), 中位半徑=18.5px, 外擴=4.2px
2026-07-26 13:15:51,767 - m3_module.m3_elastic_matching - INFO - elastic_dish_nucleus_matching(overlap-first): IHC=29, DISH=2, matched(1核)=1 (其中重疊=1), drop-out(競爭落敗)=1, 無候選(計入)=27, factor=1.50, min_reach=20.0
2026-07-26 13:15:51,778 - m4_module.cell_crops - INFO - 匯出 5 張 per-cell 影像至 /data/taro_Projects/tsgh/output/r7_run/cell_crops/tile_x8448_y16896/cells
2026-07-26 13:15:51,778 - hybrid_pipeline - INFO - Tile tile_x8448_y16896 完成: 核心擁有 5 細胞 (5 陽性), 1.54 秒
2026-07-26 13:15:51,780 - hybrid_pipeline - INFO - [541/576] 已回收 tile_x8448_y16896
2026-07-26 13:15:51,808 - hybrid_pipeline - INFO - Tile tile_x14592_y16896: 核心遮罩全空 → 空白 placeholder
2026-07-26 13:15:51,815 - m3_module.m3_dot_detection - INFO - detect_all_dots: 紅點=0, 黑點=0, 涉及細胞=18
2026-07-26 13:15:51,824 - hybrid_pipeline - INFO - [542/576] 已回收 tile_x14592_y16896
2026-07-26 13:15:51,847 - hybrid_pipeline - INFO - Tile tile_x13824_y16896: 核心遮罩全空 → 空白 placeholder
2026-07-26 13:15:51,863 - hybrid_pipeline - INFO - [543/576] 已回收 tile_x13824_y16896
2026-07-26 13:15:51,877 - m4_module.cell_crops - INFO - 匯出 4 張 per-cell 影像至 /data/taro_Projects/tsgh/output/r7_run/cell_crops/tile_x10752_y16896/cells
2026-07-26 13:15:51,877 - hybrid_pipeline - INFO - Tile tile_x10752_y16896 完成: 核心擁有 4 細胞 (4 陽性), 1.24 秒
2026-07-26 13:15:51,877 - hybrid_pipeline - INFO - [544/576] 已回收 tile_x10752_y16896
2026-07-26 13:15:51,883 - m3_module.m3_dot_detection - INFO - detect_all_dots: 紅點=0, 黑點=0, 涉及細胞=29
2026-07-26 13:15:51,890 - hybrid_pipeline - INFO - Tile tile_x16128_y16896: 核心遮罩全空 → 空白 placeholder
2026-07-26 13:15:51,901 - hybrid_pipeline - INFO - Tile tile_x13056_y16896: 核心遮罩全空 → 空白 placeholder
2026-07-26 13:15:51,920 - hybrid_pipeline - INFO - [545/576] 已回收 tile_x16128_y16896
2026-07-26 13:15:51,927 - hybrid_pipeline - INFO - [546/576] 已回收 tile_x13056_y16896
2026-07-26 13:15:51,944 - hybrid_pipeline - INFO - Tile tile_x16896_y16896: 核心遮罩全空 → 空白 placeholder
2026-07-26 13:15:51,952 - hybrid_pipeline - INFO - Tile tile_x17664_y16896: 核心遮罩全空 → 空白 placeholder
2026-07-26 13:15:51,956 - m3_module.m3_dot_detection - INFO - detect_all_dots: 紅點=157, 黑點=200, 涉及細胞=97
2026-07-26 13:15:51,986 - m4_module.cell_crops - INFO - 匯出 19 張 per-cell 影像至 /data/taro_Projects/tsgh/output/r7_run/cell_crops/tile_x11520_y16896/cells
2026-07-26 13:15:51,986 - hybrid_pipeline - INFO - Tile tile_x11520_y16896 完成: 核心擁有 19 細胞 (19 陽性), 1.33 秒
2026-07-26 13:15:51,987 - hybrid_pipeline - INFO - [547/576] 已回收 tile_x11520_y16896
2026-07-26 13:15:52,012 - hybrid_pipeline - INFO - Tile tile_x15360_y16896: 核心遮罩全空 → 空白 placeholder
2026-07-26 13:15:52,256 - m4_module.cell_crops - INFO - 匯出 69 張 per-cell 影像至 /data/taro_Projects/tsgh/output/r7_run/cell_crops/tile_x7680_y16896/cells
2026-07-26 13:15:52,256 - hybrid_pipeline - INFO - Tile tile_x7680_y16896 完成: 核心擁有 69 細胞 (69 陽性), 2.11 秒
2026-07-26 13:15:52,258 - hybrid_pipeline - INFO - [548/576] 已回收 tile_x7680_y16896
2026-07-26 13:15:52,282 - hybrid_pipeline - INFO - Tile tile_x12288_y16896: 核心遮罩全空 → 空白 placeholder
2026-07-26 13:15:52,902 - hybrid_pipeline - INFO - [549/576] 已回收 tile_x16896_y16896
2026-07-26 13:15:52,928 - m3_module.m3_cells_generator - INFO - All-positive 標註完成: 87 個細胞
2026-07-26 13:15:52,981 - m3_module.m3_cells_generator - INFO - enlarge_cell_instances: 87 顆細胞, factor=1.50(面積), 中位半徑=25.5px, 外擴=5.7px
2026-07-26 13:15:53,017 - m3_module.m3_elastic_matching - INFO - elastic_dish_nucleus_matching(overlap-first): IHC=87, DISH=92, matched(1核)=50 (其中重疊=49), drop-out(競爭落敗)=9, 無候選(計入)=28, factor=1.50, min_reach=20.0
2026-07-26 13:15:53,068 - hybrid_pipeline - INFO - [550/576] 已回收 tile_x15360_y16896
2026-07-26 13:15:53,097 - m3_module.m3_cells_generator - INFO - All-positive 標註完成: 62 個細胞
2026-07-26 13:15:53,099 - hybrid_pipeline - INFO - [551/576] 已回收 tile_x17664_y16896
2026-07-26 13:15:53,126 - m3_module.m3_cells_generator - INFO - All-positive 標註完成: 115 個細胞
2026-07-26 13:15:53,145 - m3_module.m3_cells_generator - INFO - enlarge_cell_instances: 62 顆細胞, factor=1.50(面積), 中位半徑=29.2px, 外擴=6.6px
2026-07-26 13:15:53,173 - m3_module.m3_elastic_matching - INFO - elastic_dish_nucleus_matching(overlap-first): IHC=62, DISH=62, matched(1核)=40 (其中重疊=40), drop-out(競爭落敗)=7, 無候選(計入)=15, factor=1.50, min_reach=20.0
2026-07-26 13:15:53,178 - m3_module.m3_cells_generator - INFO - enlarge_cell_instances: 115 顆細胞, factor=1.50(面積), 中位半徑=26.4px, 外擴=5.9px
2026-07-26 13:15:53,212 - m3_module.m3_elastic_matching - INFO - elastic_dish_nucleus_matching(overlap-first): IHC=115, DISH=122, matched(1核)=68 (其中重疊=68), drop-out(競爭落敗)=12, 無候選(計入)=35, factor=1.50, min_reach=20.0
2026-07-26 13:15:53,257 - hybrid_pipeline - INFO - [552/576] 已回收 tile_x12288_y16896
2026-07-26 13:15:53,295 - m3_module.m3_cells_generator - INFO - All-positive 標註完成: 46 個細胞
2026-07-26 13:15:53,302 - m3_module.m3_dot_detection - INFO - detect_all_dots: 紅點=57, 黑點=84, 涉及細胞=87
2026-07-26 13:15:53,336 - m3_module.m3_cells_generator - INFO - enlarge_cell_instances: 46 顆細胞, factor=1.50(面積), 中位半徑=23.4px, 外擴=5.3px
2026-07-26 13:15:53,365 - m3_module.m3_elastic_matching - INFO - elastic_dish_nucleus_matching(overlap-first): IHC=46, DISH=19, matched(1核)=17 (其中重疊=17), drop-out(競爭落敗)=6, 無候選(計入)=23, factor=1.50, min_reach=20.0
2026-07-26 13:15:53,395 - m3_module.m3_dot_detection - INFO - detect_all_dots: 紅點=34, 黑點=42, 涉及細胞=62
2026-07-26 13:15:53,541 - m3_module.m3_dot_detection - INFO - detect_all_dots: 紅點=73, 黑點=97, 涉及細胞=115
2026-07-26 13:15:53,581 - m3_module.m3_dot_detection - INFO - detect_all_dots: 紅點=39, 黑點=51, 涉及細胞=46
2026-07-26 13:15:53,591 - m4_module.cell_crops - INFO - 匯出 50 張 per-cell 影像至 /data/taro_Projects/tsgh/output/r7_run/cell_crops/tile_x0_y17664/cells
2026-07-26 13:15:53,591 - hybrid_pipeline - INFO - Tile tile_x0_y17664 完成: 核心擁有 50 細胞 (50 陽性), 1.67 秒
2026-07-26 13:15:53,612 - m4_module.cell_crops - INFO - 匯出 44 張 per-cell 影像至 /data/taro_Projects/tsgh/output/r7_run/cell_crops/tile_x1536_y17664/cells
2026-07-26 13:15:53,612 - hybrid_pipeline - INFO - Tile tile_x1536_y17664 完成: 核心擁有 44 細胞 (44 陽性), 1.63 秒
2026-07-26 13:15:53,614 - hybrid_pipeline - INFO - [553/576] 已回收 tile_x1536_y17664
2026-07-26 13:15:53,637 - hybrid_pipeline - INFO - Tile tile_x2304_y17664: 核心遮罩全空 → 空白 placeholder
2026-07-26 13:15:53,734 - m4_module.cell_crops - INFO - 匯出 22 張 per-cell 影像至 /data/taro_Projects/tsgh/output/r7_run/cell_crops/tile_x3072_y17664/cells
2026-07-26 13:15:53,734 - hybrid_pipeline - INFO - Tile tile_x3072_y17664 完成: 核心擁有 22 細胞 (22 陽性), 1.48 秒
2026-07-26 13:15:53,945 - m4_module.cell_crops - INFO - 匯出 81 張 per-cell 影像至 /data/taro_Projects/tsgh/output/r7_run/cell_crops/tile_x768_y17664/cells
2026-07-26 13:15:53,945 - hybrid_pipeline - INFO - Tile tile_x768_y17664 完成: 核心擁有 81 細胞 (81 陽性), 2.02 秒
2026-07-26 13:15:53,983 - hybrid_pipeline - INFO - [554/576] 已回收 tile_x0_y17664
2026-07-26 13:15:54,013 - m3_module.m3_cells_generator - INFO - All-positive 標註完成: 117 個細胞
2026-07-26 13:15:54,070 - m3_module.m3_cells_generator - INFO - enlarge_cell_instances: 117 顆細胞, factor=1.50(面積), 中位半徑=26.6px, 外擴=6.0px
2026-07-26 13:15:54,100 - m3_module.m3_elastic_matching - INFO - elastic_dish_nucleus_matching(overlap-first): IHC=117, DISH=51, matched(1核)=37 (其中重疊=37), drop-out(競爭落敗)=12, 無候選(計入)=68, factor=1.50, min_reach=20.0
2026-07-26 13:15:54,267 - hybrid_pipeline - INFO - [555/576] 已回收 tile_x768_y17664
2026-07-26 13:15:54,298 - m3_module.m3_cells_generator - INFO - All-positive 標註完成: 133 個細胞
2026-07-26 13:15:54,307 - hybrid_pipeline - INFO - [556/576] 已回收 tile_x3072_y17664
2026-07-26 13:15:54,331 - m3_module.m3_cells_generator - INFO - All-positive 標註完成: 161 個細胞
2026-07-26 13:15:54,358 - m3_module.m3_cells_generator - INFO - enlarge_cell_instances: 133 顆細胞, factor=1.50(面積), 中位半徑=28.0px, 外擴=6.3px
2026-07-26 13:15:54,391 - m3_module.m3_elastic_matching - INFO - elastic_dish_nucleus_matching(overlap-first): IHC=133, DISH=33, matched(1核)=28 (其中重疊=28), drop-out(競爭落敗)=11, 無候選(計入)=94, factor=1.50, min_reach=20.0
2026-07-26 13:15:54,394 - m3_module.m3_cells_generator - INFO - enlarge_cell_instances: 161 顆細胞, factor=1.50(面積), 中位半徑=23.2px, 外擴=5.2px
2026-07-26 13:15:54,415 - m3_module.m3_dot_detection - INFO - detect_all_dots: 紅點=70, 黑點=98, 涉及細胞=117
2026-07-26 13:15:54,426 - m3_module.m3_elastic_matching - INFO - elastic_dish_nucleus_matching(overlap-first): IHC=161, DISH=31, matched(1核)=27 (其中重疊=27), drop-out(競爭落敗)=9, 無候選(計入)=125, factor=1.50, min_reach=20.0
2026-07-26 13:15:54,598 - m3_module.m3_dot_detection - INFO - detect_all_dots: 紅點=25, 黑點=31, 涉及細胞=133
2026-07-26 13:15:54,608 - hybrid_pipeline - INFO - [557/576] 已回收 tile_x2304_y17664
2026-07-26 13:15:54,617 - m3_module.m3_dot_detection - INFO - detect_all_dots: 紅點=24, 黑點=27, 涉及細胞=161
2026-07-26 13:15:54,638 - m3_module.m3_cells_generator - INFO - All-positive 標註完成: 72 個細胞
2026-07-26 13:15:54,687 - m3_module.m3_cells_generator - INFO - enlarge_cell_instances: 72 顆細胞, factor=1.50(面積), 中位半徑=21.6px, 外擴=4.9px
2026-07-26 13:15:54,714 - m3_module.m3_elastic_matching - INFO - elastic_dish_nucleus_matching(overlap-first): IHC=72, DISH=15, matched(1核)=12 (其中重疊=12), drop-out(競爭落敗)=1, 無候選(計入)=59, factor=1.50, min_reach=20.0
2026-07-26 13:15:54,792 - m4_module.cell_crops - INFO - 匯出 76 張 per-cell 影像至 /data/taro_Projects/tsgh/output/r7_run/cell_crops/tile_x3840_y17664/cells
2026-07-26 13:15:54,792 - hybrid_pipeline - INFO - Tile tile_x3840_y17664 完成: 核心擁有 76 細胞 (76 陽性), 1.89 秒
2026-07-26 13:15:54,858 - m3_module.m3_dot_detection - INFO - detect_all_dots: 紅點=9, 黑點=12, 涉及細胞=72
2026-07-26 13:15:54,934 - hybrid_pipeline - INFO - [558/576] 已回收 tile_x3840_y17664
2026-07-26 13:15:54,959 - m3_module.m3_cells_generator - INFO - All-positive 標註完成: 101 個細胞
2026-07-26 13:15:54,975 - m4_module.cell_crops - INFO - 匯出 106 張 per-cell 影像至 /data/taro_Projects/tsgh/output/r7_run/cell_crops/tile_x5376_y17664/cells
2026-07-26 13:15:54,975 - hybrid_pipeline - INFO - Tile tile_x5376_y17664 完成: 核心擁有 106 細胞 (106 陽性), 1.72 秒
2026-07-26 13:15:55,003 - m4_module.cell_crops - INFO - 匯出 80 張 per-cell 影像至 /data/taro_Projects/tsgh/output/r7_run/cell_crops/tile_x4608_y17664/cells
2026-07-26 13:15:55,003 - hybrid_pipeline - INFO - Tile tile_x4608_y17664 完成: 核心擁有 80 細胞 (80 陽性), 1.91 秒
2026-07-26 13:15:55,015 - m3_module.m3_cells_generator - INFO - enlarge_cell_instances: 101 顆細胞, factor=1.50(面積), 中位半徑=25.0px, 外擴=5.6px
2026-07-26 13:15:55,046 - m3_module.m3_elastic_matching - INFO - elastic_dish_nucleus_matching(overlap-first): IHC=101, DISH=105, matched(1核)=52 (其中重疊=52), drop-out(競爭落敗)=8, 無候選(計入)=41, factor=1.50, min_reach=20.0
2026-07-26 13:15:55,070 - m4_module.cell_crops - INFO - 匯出 28 張 per-cell 影像至 /data/taro_Projects/tsgh/output/r7_run/cell_crops/tile_x6144_y17664/cells
2026-07-26 13:15:55,070 - hybrid_pipeline - INFO - Tile tile_x6144_y17664 完成: 核心擁有 28 細胞 (28 陽性), 1.46 秒
2026-07-26 13:15:55,072 - hybrid_pipeline - INFO - [559/576] 已回收 tile_x6144_y17664
2026-07-26 13:15:55,098 - hybrid_pipeline - INFO - Tile tile_x9984_y17664: 核心遮罩全空 → 空白 placeholder
2026-07-26 13:15:55,322 - m3_module.m3_dot_detection - INFO - detect_all_dots: 紅點=61, 黑點=83, 涉及細胞=101
2026-07-26 13:15:55,390 - hybrid_pipeline - INFO - [560/576] 已回收 tile_x5376_y17664
2026-07-26 13:15:55,392 - hybrid_pipeline - INFO - [561/576] 已回收 tile_x4608_y17664
2026-07-26 13:15:55,427 - m3_module.m3_cells_generator - INFO - All-positive 標註完成: 29 個細胞
2026-07-26 13:15:55,428 - m3_module.m3_cells_generator - INFO - All-positive 標註完成: 94 個細胞
2026-07-26 13:15:55,469 - m3_module.m3_cells_generator - INFO - enlarge_cell_instances: 29 顆細胞, factor=1.50(面積), 中位半徑=28.5px, 外擴=6.4px
2026-07-26 13:15:55,484 - m3_module.m3_cells_generator - INFO - enlarge_cell_instances: 94 顆細胞, factor=1.50(面積), 中位半徑=25.5px, 外擴=5.7px
2026-07-26 13:15:55,499 - m3_module.m3_elastic_matching - INFO - elastic_dish_nucleus_matching(overlap-first): IHC=29, DISH=25, matched(1核)=15 (其中重疊=15), drop-out(競爭落敗)=5, 無候選(計入)=9, factor=1.50, min_reach=20.0
2026-07-26 13:15:55,519 - m3_module.m3_elastic_matching - INFO - elastic_dish_nucleus_matching(overlap-first): IHC=94, DISH=142, matched(1核)=62 (其中重疊=62), drop-out(競爭落敗)=3, 無候選(計入)=29, factor=1.50, min_reach=20.0
2026-07-26 13:15:55,680 - m3_module.m3_dot_detection - INFO - detect_all_dots: 紅點=24, 黑點=36, 涉及細胞=29
2026-07-26 13:15:55,681 - m4_module.cell_crops - INFO - 匯出 71 張 per-cell 影像至 /data/taro_Projects/tsgh/output/r7_run/cell_crops/tile_x6912_y17664/cells
2026-07-26 13:15:55,681 - hybrid_pipeline - INFO - Tile tile_x6912_y17664 完成: 核心擁有 71 細胞 (71 陽性), 1.70 秒
2026-07-26 13:15:55,789 - hybrid_pipeline - INFO - [562/576] 已回收 tile_x6912_y17664
2026-07-26 13:15:55,809 - m4_module.cell_crops - INFO - 匯出 20 張 per-cell 影像至 /data/taro_Projects/tsgh/output/r7_run/cell_crops/tile_x8448_y17664/cells
2026-07-26 13:15:55,809 - hybrid_pipeline - INFO - Tile tile_x8448_y17664 完成: 核心擁有 20 細胞 (20 陽性), 1.50 秒
2026-07-26 13:15:55,818 - m3_module.m3_cells_generator - INFO - All-positive 標註完成: 5 個細胞
2026-07-26 13:15:55,851 - m3_module.m3_cells_generator - INFO - enlarge_cell_instances: 5 顆細胞, factor=1.50(面積), 中位半徑=38.7px, 外擴=8.7px
2026-07-26 13:15:55,870 - m3_module.m3_dot_detection - INFO - detect_all_dots: 紅點=96, 黑點=132, 涉及細胞=94
2026-07-26 13:15:55,913 - hybrid_pipeline - INFO - [563/576] 已回收 tile_x9984_y17664
2026-07-26 13:15:55,946 - m3_module.m3_cells_generator - INFO - All-positive 標註完成: 26 個細胞
2026-07-26 13:15:55,985 - m3_module.m3_cells_generator - INFO - enlarge_cell_instances: 26 顆細胞, factor=1.50(面積), 中位半徑=19.4px, 外擴=4.4px
2026-07-26 13:15:55,989 - m3_module.m3_dot_detection - INFO - detect_all_dots: 紅點=0, 黑點=0, 涉及細胞=5
2026-07-26 13:15:56,009 - m3_module.m3_elastic_matching - INFO - elastic_dish_nucleus_matching(overlap-first): IHC=26, DISH=1, matched(1核)=0 (其中重疊=0), drop-out(競爭落敗)=0, 無候選(計入)=26, factor=1.50, min_reach=20.0
2026-07-26 13:15:56,052 - m4_module.cell_crops - INFO - 匯出 5 張 per-cell 影像至 /data/taro_Projects/tsgh/output/r7_run/cell_crops/tile_x9216_y17664/cells
2026-07-26 13:15:56,052 - hybrid_pipeline - INFO - Tile tile_x9216_y17664 完成: 核心擁有 5 細胞 (5 陽性), 1.12 秒
2026-07-26 13:15:56,121 - m3_module.m3_dot_detection - INFO - detect_all_dots: 紅點=0, 黑點=0, 涉及細胞=26
2026-07-26 13:15:56,194 - m4_module.cell_crops - INFO - 匯出 52 張 per-cell 影像至 /data/taro_Projects/tsgh/output/r7_run/cell_crops/tile_x7680_y17664/cells
2026-07-26 13:15:56,194 - hybrid_pipeline - INFO - Tile tile_x7680_y17664 完成: 核心擁有 52 細胞 (52 陽性), 1.93 秒
2026-07-26 13:15:56,196 - hybrid_pipeline - INFO - [564/576] 已回收 tile_x7680_y17664
2026-07-26 13:15:56,205 - m4_module.cell_crops - INFO - 匯出 15 張 per-cell 影像至 /data/taro_Projects/tsgh/output/r7_run/cell_crops/tile_x10752_y17664/cells
2026-07-26 13:15:56,205 - hybrid_pipeline - INFO - Tile tile_x10752_y17664 完成: 核心擁有 15 細胞 (15 陽性), 1.13 秒
2026-07-26 13:15:56,206 - hybrid_pipeline - INFO - [565/576] 已回收 tile_x10752_y17664
2026-07-26 13:15:56,225 - hybrid_pipeline - INFO - Tile tile_x12288_y17664: 核心遮罩全空 → 空白 placeholder
2026-07-26 13:15:56,234 - hybrid_pipeline - INFO - Tile tile_x15360_y17664: 核心遮罩全空 → 空白 placeholder
2026-07-26 13:15:56,255 - hybrid_pipeline - INFO - [566/576] 已回收 tile_x12288_y17664
2026-07-26 13:15:56,260 - hybrid_pipeline - INFO - [567/576] 已回收 tile_x15360_y17664
2026-07-26 13:15:56,263 - hybrid_pipeline - INFO - [568/576] 已回收 tile_x8448_y17664
2026-07-26 13:15:56,284 - hybrid_pipeline - INFO - Tile tile_x16128_y17664: 核心遮罩全空 → 空白 placeholder
2026-07-26 13:15:56,288 - hybrid_pipeline - INFO - Tile tile_x16896_y17664: 核心遮罩全空 → 空白 placeholder
2026-07-26 13:15:56,293 - m3_module.m3_cells_generator - INFO - All-positive 標註完成: 31 個細胞
2026-07-26 13:15:56,314 - hybrid_pipeline - INFO - [569/576] 已回收 tile_x16896_y17664
2026-07-26 13:15:56,333 - m3_module.m3_cells_generator - INFO - enlarge_cell_instances: 31 顆細胞, factor=1.50(面積), 中位半徑=17.5px, 外擴=3.9px
2026-07-26 13:15:56,337 - hybrid_pipeline - INFO - Tile tile_x14592_y17664: 核心遮罩全空 → 空白 placeholder
2026-07-26 13:15:56,338 - hybrid_pipeline - INFO - [570/576] 已回收 tile_x14592_y17664
2026-07-26 13:15:56,358 - m3_module.m3_elastic_matching - INFO - elastic_dish_nucleus_matching(overlap-first): IHC=31, DISH=1, matched(1核)=0 (其中重疊=0), drop-out(競爭落敗)=0, 無候選(計入)=31, factor=1.50, min_reach=20.0
2026-07-26 13:15:56,475 - m3_module.m3_dot_detection - INFO - detect_all_dots: 紅點=0, 黑點=0, 涉及細胞=31
2026-07-26 13:15:56,558 - m4_module.cell_crops - INFO - 匯出 20 張 per-cell 影像至 /data/taro_Projects/tsgh/output/r7_run/cell_crops/tile_x11520_y17664/cells
2026-07-26 13:15:56,558 - hybrid_pipeline - INFO - Tile tile_x11520_y17664 完成: 核心擁有 20 細胞 (20 陽性), 1.17 秒
2026-07-26 13:15:56,559 - hybrid_pipeline - INFO - [571/576] 已回收 tile_x11520_y17664
2026-07-26 13:15:56,563 - hybrid_pipeline - INFO - [572/576] 已回收 tile_x9216_y17664
2026-07-26 13:15:56,582 - hybrid_pipeline - INFO - Tile tile_x17664_y17664: 核心遮罩全空 → 空白 placeholder
2026-07-26 13:15:56,582 - hybrid_pipeline - INFO - [573/576] 已回收 tile_x17664_y17664
2026-07-26 13:15:56,586 - m3_module.m3_cells_generator - INFO - All-positive 標註完成: 13 個細胞
2026-07-26 13:15:56,620 - m3_module.m3_cells_generator - INFO - enlarge_cell_instances: 13 顆細胞, factor=1.50(面積), 中位半徑=16.9px, 外擴=3.8px
2026-07-26 13:15:56,757 - m3_module.m3_dot_detection - INFO - detect_all_dots: 紅點=0, 黑點=0, 涉及細胞=13
2026-07-26 13:15:56,814 - m4_module.cell_crops - INFO - 匯出 7 張 per-cell 影像至 /data/taro_Projects/tsgh/output/r7_run/cell_crops/tile_x13056_y17664/cells
2026-07-26 13:15:56,814 - hybrid_pipeline - INFO - Tile tile_x13056_y17664 完成: 核心擁有 7 細胞 (7 陽性), 1.03 秒
2026-07-26 13:15:56,814 - hybrid_pipeline - INFO - [574/576] 已回收 tile_x13056_y17664
2026-07-26 13:15:57,027 - hybrid_pipeline - INFO - [575/576] 已回收 tile_x16128_y17664
2026-07-26 13:15:57,056 - m3_module.m3_cells_generator - INFO - All-positive 標註完成: 7 個細胞
2026-07-26 13:15:57,087 - m3_module.m3_cells_generator - INFO - enlarge_cell_instances: 7 顆細胞, factor=1.50(面積), 中位半徑=18.2px, 外擴=4.1px
2026-07-26 13:15:57,114 - m3_module.m3_elastic_matching - INFO - elastic_dish_nucleus_matching(overlap-first): IHC=7, DISH=218, matched(1核)=5 (其中重疊=5), drop-out(競爭落敗)=0, 無候選(計入)=2, factor=1.50, min_reach=20.0
2026-07-26 13:15:57,235 - m3_module.m3_dot_detection - INFO - detect_all_dots: 紅點=0, 黑點=0, 涉及細胞=7
2026-07-26 13:15:57,308 - m4_module.cell_crops - INFO - 匯出 4 張 per-cell 影像至 /data/taro_Projects/tsgh/output/r7_run/cell_crops/tile_x13824_y17664/cells
2026-07-26 13:15:57,308 - hybrid_pipeline - INFO - Tile tile_x13824_y17664 完成: 核心擁有 4 細胞 (4 陽性), 1.05 秒
2026-07-26 13:15:57,309 - hybrid_pipeline - INFO - [576/576] 已回收 tile_x13824_y17664
2026-07-26 13:15:57,942 - m4_module.csv - INFO - CSV 匯出完成: report.csv (5686 列)
2026-07-26 13:15:57,942 - m4_module.csv - INFO - Summary 報告輸出: summary.txt (484 valid cells)
2026-07-26 13:16:02,240 - hybrid_pipeline - INFO - overlay_slide.tiff 縫合完成: 18688×18688 px
2026-07-26 13:16:02,271 - hybrid_pipeline - INFO - 批次完成 — run_id=369c1eb8 | 總計=576 | 成功=137 | 跳過=439
{
  "label": "control_w4_r2",
  "n_tiles": 576,
  "mp_workers": 4,
  "grid": {
    "cols": 24,
    "rows": 24
  },
  "wall": {
    "end_to_end_total_s": 65.525,
    "phaseA_precut_s": 0.004,
    "runbatch_BCD_s": 65.521
  },
  "disk_bytes": {
    "precut_scratch": 0,
    "analysis_output": 7084913872
  },
  "stats": {
    "success": 137,
    "skipped": 439
  },
  "timings": {
    "G_mkdir_other": {
      "n": 6,
      "t": 0.0002196059940615669
    },
    "G_mkdir_fixed_outdir": {
      "n": 6,
      "t": 5.529297050088644e-05
    },
    "C_export_csv": {
      "n": 1,
      "t": 0.005576455994741991
    },
    "C_export_summary": {
      "n": 1,
      "t": 0.00030397500086110085
    },
    "D_stitch_overlay": {
      "n": 1,
      "t": 4.3286037250072695
    }
  },
  "config_hash": "3d1087f2",
  "peak_cuda_reserved_gb": 0.0,
  "peak_rss_gb": 11.639
}
