2026-07-26 13:17:26,174 - hybrid_pipeline - INFO - 批次處理開始 — run_id=922952e1, config_hash=3d1087f2
[perf_measure] skip wrap: hybrid_pipeline.segment_masked_dish not found
2026-07-26 13:17:28,844 - unet_inference - INFO - 成功載入權重: /data/taro_Projects/tsgh/backend/algorithms/hybrid/models/unet/b4/best_model_unet_b4.pth
2026-07-26 13:17:28,850 - unet_inference - INFO - 成功載入權重: /data/taro_Projects/tsgh/backend/algorithms/hybrid/models/unet/b4/best_model_unet_b4.pth
2026-07-26 13:17:28,855 - unet_inference - INFO - 成功載入權重: /data/taro_Projects/tsgh/backend/algorithms/hybrid/models/unet/b4/best_model_unet_b4.pth
2026-07-26 13:17:28,860 - unet_inference - INFO - 成功載入權重: /data/taro_Projects/tsgh/backend/algorithms/hybrid/models/unet/b4/best_model_unet_b4.pth
2026-07-26 13:17:28,938 - unet_inference - INFO - 模型載入完成，設備: cuda
2026-07-26 13:17:29,006 - unet_inference - INFO - 模型載入完成，設備: cuda
2026-07-26 13:17:29,010 - unet_inference - INFO - 模型載入完成，設備: cuda
2026-07-26 13:17:29,010 - unet_inference - INFO - 模型載入完成，設備: cuda
2026-07-26 13:17:29,203 - cellpose.core - INFO - ** TORCH CUDA version installed and working. **
2026-07-26 13:17:29,203 - cellpose.core - INFO - >>>> using GPU (CUDA)
2026-07-26 13:17:29,212 - dinov3 - INFO - using base=100 for rope new
2026-07-26 13:17:29,212 - dinov3 - INFO - using min_period=None for rope new
2026-07-26 13:17:29,212 - dinov3 - INFO - using max_period=None for rope new
2026-07-26 13:17:29,212 - dinov3 - INFO - using normalize_coords=separate for rope new
2026-07-26 13:17:29,212 - dinov3 - INFO - using shift_coords=None for rope new
2026-07-26 13:17:29,213 - dinov3 - INFO - using rescale_coords=2 for rope new
2026-07-26 13:17:29,213 - dinov3 - INFO - using jitter_coords=None for rope new
2026-07-26 13:17:29,213 - dinov3 - INFO - using dtype=fp32 for rope new
2026-07-26 13:17:29,213 - dinov3 - INFO - using mlp layer as FFN
2026-07-26 13:17:29,270 - cellpose.core - INFO - ** TORCH CUDA version installed and working. **
2026-07-26 13:17:29,271 - cellpose.core - INFO - >>>> using GPU (CUDA)
2026-07-26 13:17:29,272 - cellpose.core - INFO - ** TORCH CUDA version installed and working. **
2026-07-26 13:17:29,272 - cellpose.core - INFO - >>>> using GPU (CUDA)
2026-07-26 13:17:29,272 - cellpose.core - INFO - ** TORCH CUDA version installed and working. **
2026-07-26 13:17:29,272 - cellpose.core - INFO - >>>> using GPU (CUDA)
2026-07-26 13:17:29,280 - dinov3 - INFO - using base=100 for rope new
2026-07-26 13:17:29,280 - dinov3 - INFO - using min_period=None for rope new
2026-07-26 13:17:29,280 - dinov3 - INFO - using max_period=None for rope new
2026-07-26 13:17:29,280 - dinov3 - INFO - using normalize_coords=separate for rope new
2026-07-26 13:17:29,280 - dinov3 - INFO - using shift_coords=None for rope new
2026-07-26 13:17:29,280 - dinov3 - INFO - using rescale_coords=2 for rope new
2026-07-26 13:17:29,280 - dinov3 - INFO - using jitter_coords=None for rope new
2026-07-26 13:17:29,280 - dinov3 - INFO - using dtype=fp32 for rope new
2026-07-26 13:17:29,280 - dinov3 - INFO - using mlp layer as FFN
2026-07-26 13:17:29,281 - dinov3 - INFO - using base=100 for rope new
2026-07-26 13:17:29,281 - dinov3 - INFO - using min_period=None for rope new
2026-07-26 13:17:29,281 - dinov3 - INFO - using max_period=None for rope new
2026-07-26 13:17:29,281 - dinov3 - INFO - using normalize_coords=separate for rope new
2026-07-26 13:17:29,281 - dinov3 - INFO - using shift_coords=None for rope new
2026-07-26 13:17:29,281 - dinov3 - INFO - using base=100 for rope new
2026-07-26 13:17:29,281 - dinov3 - INFO - using rescale_coords=2 for rope new
2026-07-26 13:17:29,281 - dinov3 - INFO - using jitter_coords=None for rope new
2026-07-26 13:17:29,281 - dinov3 - INFO - using dtype=fp32 for rope new
2026-07-26 13:17:29,281 - dinov3 - INFO - using min_period=None for rope new
2026-07-26 13:17:29,281 - dinov3 - INFO - using max_period=None for rope new
2026-07-26 13:17:29,281 - dinov3 - INFO - using normalize_coords=separate for rope new
2026-07-26 13:17:29,281 - dinov3 - INFO - using shift_coords=None for rope new
2026-07-26 13:17:29,281 - dinov3 - INFO - using rescale_coords=2 for rope new
2026-07-26 13:17:29,281 - dinov3 - INFO - using jitter_coords=None for rope new
2026-07-26 13:17:29,281 - dinov3 - INFO - using dtype=fp32 for rope new
2026-07-26 13:17:29,281 - dinov3 - INFO - using mlp layer as FFN
2026-07-26 13:17:29,282 - dinov3 - INFO - using mlp layer as FFN
2026-07-26 13:17:29,695 - cellpose.models - INFO - >>>> loading model /data/taro_Projects/tsgh/backend/algorithms/hybrid/models/cellpose/cellpose_ihc_dish_best
2026-07-26 13:17:29,774 - cellpose.models - INFO - >>>> loading model /data/taro_Projects/tsgh/backend/algorithms/hybrid/models/cellpose/cellpose_ihc_dish_best
2026-07-26 13:17:29,799 - m2_segmentation - INFO - Cellpose 模型載入完成: cellpose_ihc_dish_best (diameter=None)
2026-07-26 13:17:29,799 - cellpose.core - INFO - ** TORCH CUDA version installed and working. **
2026-07-26 13:17:29,799 - cellpose.core - INFO - >>>> using GPU (CUDA)
2026-07-26 13:17:29,805 - cellpose.models - INFO - >>>> loading model /data/taro_Projects/tsgh/backend/algorithms/hybrid/models/cellpose/cellpose_ihc_dish_best
2026-07-26 13:17:29,805 - cellpose.models - INFO - >>>> loading model /data/taro_Projects/tsgh/backend/algorithms/hybrid/models/cellpose/cellpose_ihc_dish_best
2026-07-26 13:17:29,807 - dinov3 - INFO - using base=100 for rope new
2026-07-26 13:17:29,807 - dinov3 - INFO - using min_period=None for rope new
2026-07-26 13:17:29,807 - dinov3 - INFO - using max_period=None for rope new
2026-07-26 13:17:29,807 - dinov3 - INFO - using normalize_coords=separate for rope new
2026-07-26 13:17:29,807 - dinov3 - INFO - using shift_coords=None for rope new
2026-07-26 13:17:29,807 - dinov3 - INFO - using rescale_coords=2 for rope new
2026-07-26 13:17:29,807 - dinov3 - INFO - using jitter_coords=None for rope new
2026-07-26 13:17:29,807 - dinov3 - INFO - using dtype=fp32 for rope new
2026-07-26 13:17:29,807 - dinov3 - INFO - using mlp layer as FFN
2026-07-26 13:17:29,875 - m2_segmentation - INFO - Cellpose 模型載入完成: cellpose_ihc_dish_best (diameter=None)
2026-07-26 13:17:29,876 - cellpose.core - INFO - ** TORCH CUDA version installed and working. **
2026-07-26 13:17:29,876 - cellpose.core - INFO - >>>> using GPU (CUDA)
2026-07-26 13:17:29,884 - dinov3 - INFO - using base=100 for rope new
2026-07-26 13:17:29,884 - dinov3 - INFO - using min_period=None for rope new
2026-07-26 13:17:29,884 - dinov3 - INFO - using max_period=None for rope new
2026-07-26 13:17:29,884 - dinov3 - INFO - using normalize_coords=separate for rope new
2026-07-26 13:17:29,884 - dinov3 - INFO - using shift_coords=None for rope new
2026-07-26 13:17:29,884 - dinov3 - INFO - using rescale_coords=2 for rope new
2026-07-26 13:17:29,884 - dinov3 - INFO - using jitter_coords=None for rope new
2026-07-26 13:17:29,884 - dinov3 - INFO - using dtype=fp32 for rope new
2026-07-26 13:17:29,884 - dinov3 - INFO - using mlp layer as FFN
2026-07-26 13:17:29,906 - m2_segmentation - INFO - Cellpose 模型載入完成: cellpose_ihc_dish_best (diameter=None)
2026-07-26 13:17:29,906 - cellpose.core - INFO - ** TORCH CUDA version installed and working. **
2026-07-26 13:17:29,906 - cellpose.core - INFO - >>>> using GPU (CUDA)
2026-07-26 13:17:29,910 - m2_segmentation - INFO - Cellpose 模型載入完成: cellpose_ihc_dish_best (diameter=None)
2026-07-26 13:17:29,910 - cellpose.core - INFO - ** TORCH CUDA version installed and working. **
2026-07-26 13:17:29,910 - cellpose.core - INFO - >>>> using GPU (CUDA)
2026-07-26 13:17:29,914 - dinov3 - INFO - using base=100 for rope new
2026-07-26 13:17:29,914 - dinov3 - INFO - using min_period=None for rope new
2026-07-26 13:17:29,914 - dinov3 - INFO - using max_period=None for rope new
2026-07-26 13:17:29,914 - dinov3 - INFO - using normalize_coords=separate for rope new
2026-07-26 13:17:29,914 - dinov3 - INFO - using shift_coords=None for rope new
2026-07-26 13:17:29,914 - dinov3 - INFO - using rescale_coords=2 for rope new
2026-07-26 13:17:29,914 - dinov3 - INFO - using jitter_coords=None for rope new
2026-07-26 13:17:29,914 - dinov3 - INFO - using dtype=fp32 for rope new
2026-07-26 13:17:29,914 - dinov3 - INFO - using mlp layer as FFN
2026-07-26 13:17:29,918 - dinov3 - INFO - using base=100 for rope new
2026-07-26 13:17:29,918 - dinov3 - INFO - using min_period=None for rope new
2026-07-26 13:17:29,918 - dinov3 - INFO - using max_period=None for rope new
2026-07-26 13:17:29,918 - dinov3 - INFO - using normalize_coords=separate for rope new
2026-07-26 13:17:29,918 - dinov3 - INFO - using shift_coords=None for rope new
2026-07-26 13:17:29,918 - dinov3 - INFO - using rescale_coords=2 for rope new
2026-07-26 13:17:29,918 - dinov3 - INFO - using jitter_coords=None for rope new
2026-07-26 13:17:29,918 - dinov3 - INFO - using dtype=fp32 for rope new
2026-07-26 13:17:29,918 - dinov3 - INFO - using mlp layer as FFN
2026-07-26 13:17:30,263 - cellpose.models - INFO - >>>> loading model /data/taro_Projects/tsgh/backend/algorithms/hybrid/models/cellpose/cellpose_dish_best
2026-07-26 13:17:30,343 - m2_segmentation - INFO - Cellpose 模型載入完成: cellpose_dish_best (diameter=None)
2026-07-26 13:17:30,378 - cellpose.models - INFO - >>>> loading model /data/taro_Projects/tsgh/backend/algorithms/hybrid/models/cellpose/cellpose_dish_best
2026-07-26 13:17:30,385 - cellpose.models - INFO - >>>> loading model /data/taro_Projects/tsgh/backend/algorithms/hybrid/models/cellpose/cellpose_dish_best
2026-07-26 13:17:30,413 - cellpose.models - INFO - >>>> loading model /data/taro_Projects/tsgh/backend/algorithms/hybrid/models/cellpose/cellpose_dish_best
2026-07-26 13:17:30,466 - m2_segmentation - INFO - Cellpose 模型載入完成: cellpose_dish_best (diameter=None)
2026-07-26 13:17:30,481 - m2_segmentation - INFO - Cellpose 模型載入完成: cellpose_dish_best (diameter=None)
2026-07-26 13:17:30,500 - m2_segmentation - INFO - Cellpose 模型載入完成: cellpose_dish_best (diameter=None)
2026-07-26 13:17:30,501 - hybrid_pipeline - INFO - 4 個 worker 模型載入完成，耗時 4.32 秒（平行）
2026-07-26 13:17:32,257 - hybrid_pipeline - INFO - Tile tile_x4608_y0: 核心遮罩全空 → 空白 placeholder
2026-07-26 13:17:32,313 - hybrid_pipeline - INFO - [1/576] 已回收 tile_x4608_y0
2026-07-26 13:17:32,340 - hybrid_pipeline - INFO - Tile tile_x2304_y0: 核心遮罩全空 → 空白 placeholder
2026-07-26 13:17:32,382 - hybrid_pipeline - INFO - [2/576] 已回收 tile_x2304_y0
2026-07-26 13:17:32,411 - hybrid_pipeline - INFO - Tile tile_x1536_y0: 核心遮罩全空 → 空白 placeholder
2026-07-26 13:17:32,430 - hybrid_pipeline - INFO - [3/576] 已回收 tile_x1536_y0
2026-07-26 13:17:32,458 - hybrid_pipeline - INFO - Tile tile_x0_y0: 核心遮罩全空 → 空白 placeholder
2026-07-26 13:17:32,487 - hybrid_pipeline - INFO - [4/576] 已回收 tile_x0_y0
2026-07-26 13:17:32,514 - hybrid_pipeline - INFO - Tile tile_x768_y0: 核心遮罩全空 → 空白 placeholder
2026-07-26 13:17:32,552 - hybrid_pipeline - INFO - [5/576] 已回收 tile_x768_y0
2026-07-26 13:17:32,580 - hybrid_pipeline - INFO - Tile tile_x6144_y0: 核心遮罩全空 → 空白 placeholder
2026-07-26 13:17:32,616 - hybrid_pipeline - INFO - [6/576] 已回收 tile_x6144_y0
2026-07-26 13:17:32,645 - hybrid_pipeline - INFO - Tile tile_x6912_y0: 核心遮罩全空 → 空白 placeholder
2026-07-26 13:17:32,666 - hybrid_pipeline - INFO - [7/576] 已回收 tile_x6912_y0
2026-07-26 13:17:32,677 - hybrid_pipeline - INFO - Tile tile_x5376_y0: 核心遮罩全空 → 空白 placeholder
2026-07-26 13:17:32,693 - hybrid_pipeline - INFO - [8/576] 已回收 tile_x5376_y0
2026-07-26 13:17:32,695 - hybrid_pipeline - INFO - Tile tile_x7680_y0: 核心遮罩全空 → 空白 placeholder
2026-07-26 13:17:32,720 - hybrid_pipeline - INFO - Tile tile_x3840_y0: 核心遮罩全空 → 空白 placeholder
2026-07-26 13:17:32,726 - hybrid_pipeline - INFO - Tile tile_x8448_y0: 核心遮罩全空 → 空白 placeholder
2026-07-26 13:17:32,736 - hybrid_pipeline - INFO - [9/576] 已回收 tile_x7680_y0
2026-07-26 13:17:32,759 - hybrid_pipeline - INFO - [10/576] 已回收 tile_x3840_y0
2026-07-26 13:17:32,764 - hybrid_pipeline - INFO - Tile tile_x9216_y0: 核心遮罩全空 → 空白 placeholder
2026-07-26 13:17:32,765 - hybrid_pipeline - INFO - [11/576] 已回收 tile_x8448_y0
2026-07-26 13:17:32,787 - hybrid_pipeline - INFO - Tile tile_x10752_y0: 核心遮罩全空 → 空白 placeholder
2026-07-26 13:17:32,789 - hybrid_pipeline - INFO - [12/576] 已回收 tile_x9216_y0
2026-07-26 13:17:32,794 - hybrid_pipeline - INFO - Tile tile_x11520_y0: 核心遮罩全空 → 空白 placeholder
2026-07-26 13:17:32,816 - hybrid_pipeline - INFO - Tile tile_x9984_y0: 核心遮罩全空 → 空白 placeholder
2026-07-26 13:17:32,822 - hybrid_pipeline - INFO - [13/576] 已回收 tile_x10752_y0
2026-07-26 13:17:32,840 - hybrid_pipeline - INFO - [14/576] 已回收 tile_x11520_y0
2026-07-26 13:17:32,851 - hybrid_pipeline - INFO - Tile tile_x13056_y0: 核心遮罩全空 → 空白 placeholder
2026-07-26 13:17:32,860 - hybrid_pipeline - INFO - [15/576] 已回收 tile_x9984_y0
2026-07-26 13:17:32,869 - hybrid_pipeline - INFO - Tile tile_x15360_y0: 核心遮罩全空 → 空白 placeholder
2026-07-26 13:17:32,888 - hybrid_pipeline - INFO - Tile tile_x12288_y0: 核心遮罩全空 → 空白 placeholder
2026-07-26 13:17:32,892 - hybrid_pipeline - INFO - [16/576] 已回收 tile_x13056_y0
2026-07-26 13:17:32,909 - hybrid_pipeline - INFO - [17/576] 已回收 tile_x15360_y0
2026-07-26 13:17:32,921 - hybrid_pipeline - INFO - Tile tile_x16128_y0: 核心遮罩全空 → 空白 placeholder
2026-07-26 13:17:32,927 - hybrid_pipeline - INFO - [18/576] 已回收 tile_x12288_y0
2026-07-26 13:17:32,938 - hybrid_pipeline - INFO - Tile tile_x13824_y0: 核心遮罩全空 → 空白 placeholder
2026-07-26 13:17:32,951 - hybrid_pipeline - INFO - [19/576] 已回收 tile_x16128_y0
2026-07-26 13:17:32,956 - hybrid_pipeline - INFO - Tile tile_x14592_y0: 核心遮罩全空 → 空白 placeholder
2026-07-26 13:17:32,977 - hybrid_pipeline - INFO - Tile tile_x16896_y0: 核心遮罩全空 → 空白 placeholder
2026-07-26 13:17:32,982 - hybrid_pipeline - INFO - [20/576] 已回收 tile_x13824_y0
2026-07-26 13:17:32,996 - hybrid_pipeline - INFO - [21/576] 已回收 tile_x14592_y0
2026-07-26 13:17:33,008 - hybrid_pipeline - INFO - Tile tile_x3072_y0: 核心遮罩全空 → 空白 placeholder
2026-07-26 13:17:33,011 - hybrid_pipeline - INFO - Tile tile_x17664_y0: 核心遮罩全空 → 空白 placeholder
2026-07-26 13:17:33,022 - hybrid_pipeline - INFO - Tile tile_x0_y768: 核心遮罩全空 → 空白 placeholder
2026-07-26 13:17:33,027 - hybrid_pipeline - INFO - [22/576] 已回收 tile_x16896_y0
2026-07-26 13:17:33,048 - hybrid_pipeline - INFO - [23/576] 已回收 tile_x3072_y0
2026-07-26 13:17:33,055 - hybrid_pipeline - INFO - Tile tile_x2304_y768: 核心遮罩全空 → 空白 placeholder
2026-07-26 13:17:33,070 - hybrid_pipeline - INFO - [24/576] 已回收 tile_x17664_y0
2026-07-26 13:17:33,078 - hybrid_pipeline - INFO - Tile tile_x768_y768: 核心遮罩全空 → 空白 placeholder
2026-07-26 13:17:33,081 - hybrid_pipeline - INFO - [25/576] 已回收 tile_x0_y768
2026-07-26 13:17:33,103 - hybrid_pipeline - INFO - Tile tile_x3072_y768: 核心遮罩全空 → 空白 placeholder
2026-07-26 13:17:33,104 - hybrid_pipeline - INFO - [26/576] 已回收 tile_x2304_y768
2026-07-26 13:17:33,110 - hybrid_pipeline - INFO - Tile tile_x1536_y768: 核心遮罩全空 → 空白 placeholder
2026-07-26 13:17:33,125 - hybrid_pipeline - INFO - [27/576] 已回收 tile_x768_y768
2026-07-26 13:17:33,132 - hybrid_pipeline - INFO - Tile tile_x3840_y768: 核心遮罩全空 → 空白 placeholder
2026-07-26 13:17:33,149 - hybrid_pipeline - INFO - [28/576] 已回收 tile_x3072_y768
2026-07-26 13:17:33,154 - hybrid_pipeline - INFO - Tile tile_x4608_y768: 核心遮罩全空 → 空白 placeholder
2026-07-26 13:17:33,167 - hybrid_pipeline - INFO - [29/576] 已回收 tile_x1536_y768
2026-07-26 13:17:33,177 - hybrid_pipeline - INFO - Tile tile_x5376_y768: 核心遮罩全空 → 空白 placeholder
2026-07-26 13:17:33,188 - hybrid_pipeline - INFO - [30/576] 已回收 tile_x3840_y768
2026-07-26 13:17:33,195 - hybrid_pipeline - INFO - Tile tile_x6912_y768: 核心遮罩全空 → 空白 placeholder
2026-07-26 13:17:33,208 - hybrid_pipeline - INFO - [31/576] 已回收 tile_x4608_y768
2026-07-26 13:17:33,218 - hybrid_pipeline - INFO - Tile tile_x6144_y768: 核心遮罩全空 → 空白 placeholder
2026-07-26 13:17:33,228 - hybrid_pipeline - INFO - [32/576] 已回收 tile_x5376_y768
2026-07-26 13:17:33,242 - hybrid_pipeline - INFO - [33/576] 已回收 tile_x6912_y768
2026-07-26 13:17:33,244 - hybrid_pipeline - INFO - Tile tile_x8448_y768: 核心遮罩全空 → 空白 placeholder
2026-07-26 13:17:33,256 - hybrid_pipeline - INFO - Tile tile_x7680_y768: 核心遮罩全空 → 空白 placeholder
2026-07-26 13:17:33,265 - hybrid_pipeline - INFO - [34/576] 已回收 tile_x6144_y768
2026-07-26 13:17:33,271 - hybrid_pipeline - INFO - Tile tile_x9216_y768: 核心遮罩全空 → 空白 placeholder
2026-07-26 13:17:33,293 - hybrid_pipeline - INFO - Tile tile_x9984_y768: 核心遮罩全空 → 空白 placeholder
2026-07-26 13:17:33,294 - hybrid_pipeline - INFO - [35/576] 已回收 tile_x8448_y768
2026-07-26 13:17:33,316 - hybrid_pipeline - INFO - [36/576] 已回收 tile_x7680_y768
2026-07-26 13:17:33,326 - hybrid_pipeline - INFO - Tile tile_x10752_y768: 核心遮罩全空 → 空白 placeholder
2026-07-26 13:17:33,328 - hybrid_pipeline - INFO - [37/576] 已回收 tile_x9216_y768
2026-07-26 13:17:33,344 - hybrid_pipeline - INFO - [38/576] 已回收 tile_x9984_y768
2026-07-26 13:17:33,348 - hybrid_pipeline - INFO - Tile tile_x11520_y768: 核心遮罩全空 → 空白 placeholder
2026-07-26 13:17:33,357 - hybrid_pipeline - INFO - Tile tile_x13056_y768: 核心遮罩全空 → 空白 placeholder
2026-07-26 13:17:33,366 - hybrid_pipeline - INFO - [39/576] 已回收 tile_x10752_y768
2026-07-26 13:17:33,372 - hybrid_pipeline - INFO - Tile tile_x13824_y768: 核心遮罩全空 → 空白 placeholder
2026-07-26 13:17:33,394 - hybrid_pipeline - INFO - Tile tile_x12288_y768: 核心遮罩全空 → 空白 placeholder
2026-07-26 13:17:33,398 - hybrid_pipeline - INFO - [40/576] 已回收 tile_x11520_y768
2026-07-26 13:17:33,416 - hybrid_pipeline - INFO - [41/576] 已回收 tile_x13056_y768
2026-07-26 13:17:33,427 - hybrid_pipeline - INFO - Tile tile_x16128_y768: 核心遮罩全空 → 空白 placeholder
2026-07-26 13:17:33,430 - hybrid_pipeline - INFO - [42/576] 已回收 tile_x13824_y768
2026-07-26 13:17:33,441 - hybrid_pipeline - INFO - Tile tile_x14592_y768: 核心遮罩全空 → 空白 placeholder
2026-07-26 13:17:33,446 - hybrid_pipeline - INFO - [43/576] 已回收 tile_x12288_y768
2026-07-26 13:17:33,459 - hybrid_pipeline - INFO - Tile tile_x15360_y768: 核心遮罩全空 → 空白 placeholder
2026-07-26 13:17:33,470 - hybrid_pipeline - INFO - [44/576] 已回收 tile_x16128_y768
2026-07-26 13:17:33,478 - hybrid_pipeline - INFO - Tile tile_x16896_y768: 核心遮罩全空 → 空白 placeholder
2026-07-26 13:17:33,497 - hybrid_pipeline - INFO - [45/576] 已回收 tile_x14592_y768
2026-07-26 13:17:33,502 - hybrid_pipeline - INFO - Tile tile_x17664_y768: 核心遮罩全空 → 空白 placeholder
2026-07-26 13:17:33,519 - hybrid_pipeline - INFO - [46/576] 已回收 tile_x15360_y768
2026-07-26 13:17:33,525 - hybrid_pipeline - INFO - Tile tile_x0_y1536: 核心遮罩全空 → 空白 placeholder
2026-07-26 13:17:33,533 - hybrid_pipeline - INFO - [47/576] 已回收 tile_x16896_y768
2026-07-26 13:17:33,547 - hybrid_pipeline - INFO - [48/576] 已回收 tile_x17664_y768
2026-07-26 13:17:33,549 - hybrid_pipeline - INFO - Tile tile_x1536_y1536: 核心遮罩全空 → 空白 placeholder
2026-07-26 13:17:33,563 - hybrid_pipeline - INFO - Tile tile_x768_y1536: 核心遮罩全空 → 空白 placeholder
2026-07-26 13:17:33,572 - hybrid_pipeline - INFO - Tile tile_x3072_y1536: 核心遮罩全空 → 空白 placeholder
2026-07-26 13:17:33,574 - hybrid_pipeline - INFO - [49/576] 已回收 tile_x0_y1536
2026-07-26 13:17:33,596 - hybrid_pipeline - INFO - [50/576] 已回收 tile_x1536_y1536
2026-07-26 13:17:33,602 - hybrid_pipeline - INFO - Tile tile_x2304_y1536: 核心遮罩全空 → 空白 placeholder
2026-07-26 13:17:33,617 - hybrid_pipeline - INFO - [51/576] 已回收 tile_x768_y1536
2026-07-26 13:17:33,628 - hybrid_pipeline - INFO - Tile tile_x3840_y1536: 核心遮罩全空 → 空白 placeholder
2026-07-26 13:17:33,634 - hybrid_pipeline - INFO - [52/576] 已回收 tile_x3072_y1536
2026-07-26 13:17:33,647 - hybrid_pipeline - INFO - Tile tile_x4608_y1536: 核心遮罩全空 → 空白 placeholder
2026-07-26 13:17:33,654 - hybrid_pipeline - INFO - [53/576] 已回收 tile_x2304_y1536
2026-07-26 13:17:33,662 - hybrid_pipeline - INFO - Tile tile_x5376_y1536: 核心遮罩全空 → 空白 placeholder
2026-07-26 13:17:33,673 - hybrid_pipeline - INFO - [54/576] 已回收 tile_x3840_y1536
2026-07-26 13:17:33,682 - hybrid_pipeline - INFO - Tile tile_x6144_y1536: 核心遮罩全空 → 空白 placeholder
2026-07-26 13:17:33,699 - hybrid_pipeline - INFO - [55/576] 已回收 tile_x4608_y1536
2026-07-26 13:17:33,702 - hybrid_pipeline - INFO - Tile tile_x6912_y1536: 核心遮罩全空 → 空白 placeholder
2026-07-26 13:17:33,716 - hybrid_pipeline - INFO - [56/576] 已回收 tile_x5376_y1536
2026-07-26 13:17:33,727 - hybrid_pipeline - INFO - Tile tile_x7680_y1536: 核心遮罩全空 → 空白 placeholder
2026-07-26 13:17:33,739 - hybrid_pipeline - INFO - [57/576] 已回收 tile_x6144_y1536
2026-07-26 13:17:33,745 - hybrid_pipeline - INFO - Tile tile_x9216_y1536: 核心遮罩全空 → 空白 placeholder
2026-07-26 13:17:33,755 - hybrid_pipeline - INFO - [58/576] 已回收 tile_x6912_y1536
2026-07-26 13:17:33,764 - hybrid_pipeline - INFO - Tile tile_x8448_y1536: 核心遮罩全空 → 空白 placeholder
2026-07-26 13:17:33,782 - hybrid_pipeline - INFO - [59/576] 已回收 tile_x7680_y1536
2026-07-26 13:17:33,783 - hybrid_pipeline - INFO - Tile tile_x9984_y1536: 核心遮罩全空 → 空白 placeholder
2026-07-26 13:17:33,798 - hybrid_pipeline - INFO - [60/576] 已回收 tile_x9216_y1536
2026-07-26 13:17:33,812 - hybrid_pipeline - INFO - Tile tile_x10752_y1536: 核心遮罩全空 → 空白 placeholder
2026-07-26 13:17:33,821 - hybrid_pipeline - INFO - [61/576] 已回收 tile_x8448_y1536
2026-07-26 13:17:33,828 - hybrid_pipeline - INFO - Tile tile_x12288_y1536: 核心遮罩全空 → 空白 placeholder
2026-07-26 13:17:33,838 - hybrid_pipeline - INFO - [62/576] 已回收 tile_x9984_y1536
2026-07-26 13:17:33,849 - hybrid_pipeline - INFO - Tile tile_x11520_y1536: 核心遮罩全空 → 空白 placeholder
2026-07-26 13:17:33,864 - hybrid_pipeline - INFO - [63/576] 已回收 tile_x10752_y1536
2026-07-26 13:17:33,866 - hybrid_pipeline - INFO - Tile tile_x13056_y1536: 核心遮罩全空 → 空白 placeholder
2026-07-26 13:17:33,880 - hybrid_pipeline - INFO - [64/576] 已回收 tile_x12288_y1536
2026-07-26 13:17:33,892 - hybrid_pipeline - INFO - Tile tile_x13824_y1536: 核心遮罩全空 → 空白 placeholder
2026-07-26 13:17:33,903 - hybrid_pipeline - INFO - [65/576] 已回收 tile_x11520_y1536
2026-07-26 13:17:33,908 - hybrid_pipeline - INFO - Tile tile_x16896_y1536: 核心遮罩全空 → 空白 placeholder
2026-07-26 13:17:33,917 - hybrid_pipeline - INFO - [66/576] 已回收 tile_x13056_y1536
2026-07-26 13:17:33,932 - hybrid_pipeline - INFO - Tile tile_x14592_y1536: 核心遮罩全空 → 空白 placeholder
2026-07-26 13:17:33,940 - hybrid_pipeline - INFO - [67/576] 已回收 tile_x13824_y1536
2026-07-26 13:17:33,946 - hybrid_pipeline - INFO - Tile tile_x15360_y1536: 核心遮罩全空 → 空白 placeholder
2026-07-26 13:17:33,962 - hybrid_pipeline - INFO - [68/576] 已回收 tile_x16896_y1536
2026-07-26 13:17:33,963 - hybrid_pipeline - INFO - Tile tile_x16128_y1536: 核心遮罩全空 → 空白 placeholder
2026-07-26 13:17:33,987 - hybrid_pipeline - INFO - [69/576] 已回收 tile_x14592_y1536
2026-07-26 13:17:33,991 - hybrid_pipeline - INFO - Tile tile_x17664_y1536: 核心遮罩全空 → 空白 placeholder
2026-07-26 13:17:34,003 - hybrid_pipeline - INFO - [70/576] 已回收 tile_x15360_y1536
2026-07-26 13:17:34,015 - hybrid_pipeline - INFO - Tile tile_x0_y2304: 核心遮罩全空 → 空白 placeholder
2026-07-26 13:17:34,022 - hybrid_pipeline - INFO - [71/576] 已回收 tile_x16128_y1536
2026-07-26 13:17:34,033 - hybrid_pipeline - INFO - Tile tile_x768_y2304: 核心遮罩全空 → 空白 placeholder
2026-07-26 13:17:34,042 - hybrid_pipeline - INFO - [72/576] 已回收 tile_x17664_y1536
2026-07-26 13:17:34,054 - hybrid_pipeline - INFO - Tile tile_x1536_y2304: 核心遮罩全空 → 空白 placeholder
2026-07-26 13:17:34,066 - hybrid_pipeline - INFO - [73/576] 已回收 tile_x0_y2304
2026-07-26 13:17:34,069 - hybrid_pipeline - INFO - Tile tile_x3840_y2304: 核心遮罩全空 → 空白 placeholder
2026-07-26 13:17:34,088 - hybrid_pipeline - INFO - [74/576] 已回收 tile_x768_y2304
2026-07-26 13:17:34,095 - hybrid_pipeline - INFO - Tile tile_x4608_y2304: 核心遮罩全空 → 空白 placeholder
2026-07-26 13:17:34,103 - hybrid_pipeline - INFO - [75/576] 已回收 tile_x1536_y2304
2026-07-26 13:17:34,114 - hybrid_pipeline - INFO - Tile tile_x3072_y2304: 核心遮罩全空 → 空白 placeholder
2026-07-26 13:17:34,121 - hybrid_pipeline - INFO - [76/576] 已回收 tile_x3840_y2304
2026-07-26 13:17:34,131 - hybrid_pipeline - INFO - Tile tile_x2304_y2304: 核心遮罩全空 → 空白 placeholder
2026-07-26 13:17:34,145 - hybrid_pipeline - INFO - [77/576] 已回收 tile_x4608_y2304
2026-07-26 13:17:34,148 - hybrid_pipeline - INFO - Tile tile_x5376_y2304: 核心遮罩全空 → 空白 placeholder
2026-07-26 13:17:34,174 - hybrid_pipeline - INFO - Tile tile_x6144_y2304: 核心遮罩全空 → 空白 placeholder
2026-07-26 13:17:34,176 - hybrid_pipeline - INFO - [78/576] 已回收 tile_x3072_y2304
2026-07-26 13:17:34,180 - hybrid_pipeline - INFO - [79/576] 已回收 tile_x2304_y2304
2026-07-26 13:17:34,199 - hybrid_pipeline - INFO - [80/576] 已回收 tile_x5376_y2304
2026-07-26 13:17:34,205 - hybrid_pipeline - INFO - Tile tile_x6912_y2304: 核心遮罩全空 → 空白 placeholder
2026-07-26 13:17:34,212 - hybrid_pipeline - INFO - Tile tile_x8448_y2304: 核心遮罩全空 → 空白 placeholder
2026-07-26 13:17:34,221 - hybrid_pipeline - INFO - [81/576] 已回收 tile_x6144_y2304
2026-07-26 13:17:34,228 - hybrid_pipeline - INFO - Tile tile_x7680_y2304: 核心遮罩全空 → 空白 placeholder
2026-07-26 13:17:34,248 - hybrid_pipeline - INFO - Tile tile_x9216_y2304: 核心遮罩全空 → 空白 placeholder
2026-07-26 13:17:34,258 - hybrid_pipeline - INFO - [82/576] 已回收 tile_x6912_y2304
2026-07-26 13:17:34,265 - hybrid_pipeline - INFO - [83/576] 已回收 tile_x8448_y2304
2026-07-26 13:17:34,281 - hybrid_pipeline - INFO - [84/576] 已回收 tile_x7680_y2304
2026-07-26 13:17:34,285 - hybrid_pipeline - INFO - Tile tile_x9984_y2304: 核心遮罩全空 → 空白 placeholder
2026-07-26 13:17:34,294 - hybrid_pipeline - INFO - Tile tile_x10752_y2304: 核心遮罩全空 → 空白 placeholder
2026-07-26 13:17:34,297 - hybrid_pipeline - INFO - [85/576] 已回收 tile_x9216_y2304
2026-07-26 13:17:34,310 - hybrid_pipeline - INFO - Tile tile_x11520_y2304: 核心遮罩全空 → 空白 placeholder
2026-07-26 13:17:34,325 - hybrid_pipeline - INFO - Tile tile_x12288_y2304: 核心遮罩全空 → 空白 placeholder
2026-07-26 13:17:34,341 - hybrid_pipeline - INFO - [86/576] 已回收 tile_x9984_y2304
2026-07-26 13:17:34,355 - hybrid_pipeline - INFO - [87/576] 已回收 tile_x10752_y2304
2026-07-26 13:17:34,369 - hybrid_pipeline - INFO - [88/576] 已回收 tile_x11520_y2304
2026-07-26 13:17:34,370 - hybrid_pipeline - INFO - Tile tile_x13056_y2304: 核心遮罩全空 → 空白 placeholder
2026-07-26 13:17:34,377 - hybrid_pipeline - INFO - [89/576] 已回收 tile_x12288_y2304
2026-07-26 13:17:34,385 - hybrid_pipeline - INFO - Tile tile_x13824_y2304: 核心遮罩全空 → 空白 placeholder
2026-07-26 13:17:34,397 - hybrid_pipeline - INFO - Tile tile_x14592_y2304: 核心遮罩全空 → 空白 placeholder
2026-07-26 13:17:34,400 - hybrid_pipeline - INFO - Tile tile_x16128_y2304: 核心遮罩全空 → 空白 placeholder
2026-07-26 13:17:34,408 - hybrid_pipeline - INFO - [90/576] 已回收 tile_x13056_y2304
2026-07-26 13:17:34,437 - hybrid_pipeline - INFO - [91/576] 已回收 tile_x13824_y2304
2026-07-26 13:17:34,437 - hybrid_pipeline - INFO - Tile tile_x15360_y2304: 核心遮罩全空 → 空白 placeholder
2026-07-26 13:17:34,459 - hybrid_pipeline - INFO - [92/576] 已回收 tile_x14592_y2304
2026-07-26 13:17:34,465 - hybrid_pipeline - INFO - [93/576] 已回收 tile_x16128_y2304
2026-07-26 13:17:34,466 - hybrid_pipeline - INFO - Tile tile_x17664_y2304: 核心遮罩全空 → 空白 placeholder
2026-07-26 13:17:34,485 - hybrid_pipeline - INFO - [94/576] 已回收 tile_x15360_y2304
2026-07-26 13:17:34,488 - hybrid_pipeline - INFO - Tile tile_x16896_y2304: 核心遮罩全空 → 空白 placeholder
2026-07-26 13:17:34,491 - hybrid_pipeline - INFO - Tile tile_x768_y3072: 核心遮罩全空 → 空白 placeholder
2026-07-26 13:17:34,512 - hybrid_pipeline - INFO - [95/576] 已回收 tile_x17664_y2304
2026-07-26 13:17:34,513 - hybrid_pipeline - INFO - Tile tile_x0_y3072: 核心遮罩全空 → 空白 placeholder
2026-07-26 13:17:34,540 - hybrid_pipeline - INFO - Tile tile_x1536_y3072: 核心遮罩全空 → 空白 placeholder
2026-07-26 13:17:34,543 - hybrid_pipeline - INFO - [96/576] 已回收 tile_x16896_y2304
2026-07-26 13:17:34,555 - hybrid_pipeline - INFO - [97/576] 已回收 tile_x768_y3072
2026-07-26 13:17:34,564 - hybrid_pipeline - INFO - [98/576] 已回收 tile_x0_y3072
2026-07-26 13:17:34,571 - hybrid_pipeline - INFO - Tile tile_x2304_y3072: 核心遮罩全空 → 空白 placeholder
2026-07-26 13:17:34,583 - hybrid_pipeline - INFO - Tile tile_x3072_y3072: 核心遮罩全空 → 空白 placeholder
2026-07-26 13:17:34,585 - hybrid_pipeline - INFO - [99/576] 已回收 tile_x1536_y3072
2026-07-26 13:17:34,591 - hybrid_pipeline - INFO - Tile tile_x3840_y3072: 核心遮罩全空 → 空白 placeholder
2026-07-26 13:17:34,612 - hybrid_pipeline - INFO - Tile tile_x5376_y3072: 核心遮罩全空 → 空白 placeholder
2026-07-26 13:17:34,625 - hybrid_pipeline - INFO - [100/576] 已回收 tile_x2304_y3072
2026-07-26 13:17:34,643 - hybrid_pipeline - INFO - [101/576] 已回收 tile_x3072_y3072
2026-07-26 13:17:34,648 - hybrid_pipeline - INFO - [102/576] 已回收 tile_x3840_y3072
2026-07-26 13:17:34,654 - hybrid_pipeline - INFO - Tile tile_x6144_y3072: 核心遮罩全空 → 空白 placeholder
2026-07-26 13:17:34,662 - hybrid_pipeline - INFO - [103/576] 已回收 tile_x5376_y3072
2026-07-26 13:17:34,674 - hybrid_pipeline - INFO - Tile tile_x4608_y3072: 核心遮罩全空 → 空白 placeholder
2026-07-26 13:17:34,690 - hybrid_pipeline - INFO - Tile tile_x6912_y3072: 核心遮罩全空 → 空白 placeholder
2026-07-26 13:17:34,691 - hybrid_pipeline - INFO - [104/576] 已回收 tile_x6144_y3072
2026-07-26 13:17:34,693 - hybrid_pipeline - INFO - Tile tile_x7680_y3072: 核心遮罩全空 → 空白 placeholder
2026-07-26 13:17:34,722 - hybrid_pipeline - INFO - Tile tile_x8448_y3072: 核心遮罩全空 → 空白 placeholder
2026-07-26 13:17:34,736 - hybrid_pipeline - INFO - [105/576] 已回收 tile_x4608_y3072
2026-07-26 13:17:34,746 - hybrid_pipeline - INFO - [106/576] 已回收 tile_x6912_y3072
2026-07-26 13:17:34,750 - hybrid_pipeline - INFO - [107/576] 已回收 tile_x7680_y3072
2026-07-26 13:17:34,757 - hybrid_pipeline - INFO - [108/576] 已回收 tile_x8448_y3072
2026-07-26 13:17:34,765 - hybrid_pipeline - INFO - Tile tile_x9216_y3072: 核心遮罩全空 → 空白 placeholder
2026-07-26 13:17:34,775 - hybrid_pipeline - INFO - Tile tile_x9984_y3072: 核心遮罩全空 → 空白 placeholder
2026-07-26 13:17:34,778 - hybrid_pipeline - INFO - Tile tile_x13056_y3072: 核心遮罩全空 → 空白 placeholder
2026-07-26 13:17:34,787 - hybrid_pipeline - INFO - Tile tile_x12288_y3072: 核心遮罩全空 → 空白 placeholder
2026-07-26 13:17:34,796 - hybrid_pipeline - INFO - [109/576] 已回收 tile_x9216_y3072
2026-07-26 13:17:34,825 - hybrid_pipeline - INFO - Tile tile_x11520_y3072: 核心遮罩全空 → 空白 placeholder
2026-07-26 13:17:34,831 - hybrid_pipeline - INFO - [110/576] 已回收 tile_x9984_y3072
2026-07-26 13:17:34,851 - hybrid_pipeline - INFO - [111/576] 已回收 tile_x12288_y3072
2026-07-26 13:17:34,853 - hybrid_pipeline - INFO - [112/576] 已回收 tile_x13056_y3072
2026-07-26 13:17:34,860 - hybrid_pipeline - INFO - Tile tile_x10752_y3072: 核心遮罩全空 → 空白 placeholder
2026-07-26 13:17:34,867 - hybrid_pipeline - INFO - [113/576] 已回收 tile_x11520_y3072
2026-07-26 13:17:34,884 - hybrid_pipeline - INFO - Tile tile_x13824_y3072: 核心遮罩全空 → 空白 placeholder
2026-07-26 13:17:34,884 - hybrid_pipeline - INFO - Tile tile_x14592_y3072: 核心遮罩全空 → 空白 placeholder
2026-07-26 13:17:34,888 - hybrid_pipeline - INFO - [114/576] 已回收 tile_x10752_y3072
2026-07-26 13:17:34,898 - hybrid_pipeline - INFO - Tile tile_x16128_y3072: 核心遮罩全空 → 空白 placeholder
2026-07-26 13:17:34,915 - hybrid_pipeline - INFO - Tile tile_x17664_y3072: 核心遮罩全空 → 空白 placeholder
2026-07-26 13:17:34,936 - hybrid_pipeline - INFO - [115/576] 已回收 tile_x14592_y3072
2026-07-26 13:17:34,941 - hybrid_pipeline - INFO - [116/576] 已回收 tile_x13824_y3072
2026-07-26 13:17:34,966 - hybrid_pipeline - INFO - Tile tile_x16896_y3072: 核心遮罩全空 → 空白 placeholder
2026-07-26 13:17:34,969 - hybrid_pipeline - INFO - [117/576] 已回收 tile_x17664_y3072
2026-07-26 13:17:34,972 - hybrid_pipeline - INFO - Tile tile_x768_y3840: 核心遮罩全空 → 空白 placeholder
2026-07-26 13:17:34,997 - hybrid_pipeline - INFO - Tile tile_x0_y3840: 核心遮罩全空 → 空白 placeholder
2026-07-26 13:17:35,002 - hybrid_pipeline - INFO - [118/576] 已回收 tile_x16896_y3072
2026-07-26 13:17:35,012 - hybrid_pipeline - INFO - [119/576] 已回收 tile_x768_y3840
2026-07-26 13:17:35,022 - hybrid_pipeline - INFO - [120/576] 已回收 tile_x0_y3840
2026-07-26 13:17:35,033 - hybrid_pipeline - INFO - Tile tile_x1536_y3840: 核心遮罩全空 → 空白 placeholder
2026-07-26 13:17:35,043 - hybrid_pipeline - INFO - Tile tile_x2304_y3840: 核心遮罩全空 → 空白 placeholder
2026-07-26 13:17:35,050 - hybrid_pipeline - INFO - Tile tile_x5376_y3840: 核心遮罩全空 → 空白 placeholder
2026-07-26 13:17:35,065 - hybrid_pipeline - INFO - [121/576] 已回收 tile_x1536_y3840
2026-07-26 13:17:35,081 - hybrid_pipeline - INFO - [122/576] 已回收 tile_x2304_y3840
2026-07-26 13:17:35,085 - hybrid_pipeline - INFO - [123/576] 已回收 tile_x5376_y3840
2026-07-26 13:17:35,094 - hybrid_pipeline - INFO - Tile tile_x3840_y3840: 核心遮罩全空 → 空白 placeholder
2026-07-26 13:17:35,105 - hybrid_pipeline - INFO - Tile tile_x4608_y3840: 核心遮罩全空 → 空白 placeholder
2026-07-26 13:17:35,113 - hybrid_pipeline - INFO - Tile tile_x3072_y3840: 核心遮罩全空 → 空白 placeholder
2026-07-26 13:17:35,139 - hybrid_pipeline - INFO - [124/576] 已回收 tile_x3840_y3840
2026-07-26 13:17:35,170 - hybrid_pipeline - INFO - [125/576] 已回收 tile_x3072_y3840
2026-07-26 13:17:35,171 - hybrid_pipeline - INFO - [126/576] 已回收 tile_x4608_y3840
2026-07-26 13:17:35,172 - hybrid_pipeline - INFO - Tile tile_x6912_y3840: 核心遮罩全空 → 空白 placeholder
2026-07-26 13:17:35,197 - hybrid_pipeline - INFO - Tile tile_x6144_y3840: 核心遮罩全空 → 空白 placeholder
2026-07-26 13:17:35,197 - hybrid_pipeline - INFO - [127/576] 已回收 tile_x6912_y3840
2026-07-26 13:17:35,200 - hybrid_pipeline - INFO - Tile tile_x7680_y3840: 核心遮罩全空 → 空白 placeholder
2026-07-26 13:17:35,225 - hybrid_pipeline - INFO - Tile tile_x8448_y3840: 核心遮罩全空 → 空白 placeholder
2026-07-26 13:17:35,254 - hybrid_pipeline - INFO - [128/576] 已回收 tile_x7680_y3840
2026-07-26 13:17:35,258 - hybrid_pipeline - INFO - [129/576] 已回收 tile_x6144_y3840
2026-07-26 13:17:35,266 - hybrid_pipeline - INFO - [130/576] 已回收 tile_x8448_y3840
2026-07-26 13:17:35,285 - hybrid_pipeline - INFO - Tile tile_x9216_y3840: 核心遮罩全空 → 空白 placeholder
2026-07-26 13:17:35,292 - hybrid_pipeline - INFO - Tile tile_x9984_y3840: 核心遮罩全空 → 空白 placeholder
2026-07-26 13:17:35,293 - hybrid_pipeline - INFO - Tile tile_x12288_y3840: 核心遮罩全空 → 空白 placeholder
2026-07-26 13:17:35,324 - hybrid_pipeline - INFO - [131/576] 已回收 tile_x9216_y3840
2026-07-26 13:17:35,333 - hybrid_pipeline - INFO - [132/576] 已回收 tile_x9984_y3840
2026-07-26 13:17:35,337 - hybrid_pipeline - INFO - [133/576] 已回收 tile_x12288_y3840
2026-07-26 13:17:35,356 - hybrid_pipeline - INFO - Tile tile_x10752_y3840: 核心遮罩全空 → 空白 placeholder
2026-07-26 13:17:35,365 - hybrid_pipeline - INFO - Tile tile_x11520_y3840: 核心遮罩全空 → 空白 placeholder
2026-07-26 13:17:35,366 - hybrid_pipeline - INFO - Tile tile_x13056_y3840: 核心遮罩全空 → 空白 placeholder
2026-07-26 13:17:35,391 - hybrid_pipeline - INFO - [134/576] 已回收 tile_x10752_y3840
2026-07-26 13:17:35,419 - hybrid_pipeline - INFO - Tile tile_x13824_y3840: 核心遮罩全空 → 空白 placeholder
2026-07-26 13:17:35,424 - hybrid_pipeline - INFO - [135/576] 已回收 tile_x13056_y3840
2026-07-26 13:17:35,427 - hybrid_pipeline - INFO - [136/576] 已回收 tile_x11520_y3840
2026-07-26 13:17:35,452 - hybrid_pipeline - INFO - Tile tile_x16896_y3840: 核心遮罩全空 → 空白 placeholder
2026-07-26 13:17:35,454 - hybrid_pipeline - INFO - Tile tile_x16128_y3840: 核心遮罩全空 → 空白 placeholder
2026-07-26 13:17:35,511 - hybrid_pipeline - INFO - [137/576] 已回收 tile_x16896_y3840
2026-07-26 13:17:35,515 - hybrid_pipeline - INFO - [138/576] 已回收 tile_x16128_y3840
2026-07-26 13:17:35,540 - hybrid_pipeline - INFO - Tile tile_x14592_y3840: 核心遮罩全空 → 空白 placeholder
2026-07-26 13:17:35,543 - hybrid_pipeline - INFO - Tile tile_x17664_y3840: 核心遮罩全空 → 空白 placeholder
2026-07-26 13:17:35,591 - hybrid_pipeline - INFO - [139/576] 已回收 tile_x14592_y3840
2026-07-26 13:17:35,595 - hybrid_pipeline - INFO - [140/576] 已回收 tile_x17664_y3840
2026-07-26 13:17:35,622 - hybrid_pipeline - INFO - Tile tile_x768_y4608: 核心遮罩全空 → 空白 placeholder
2026-07-26 13:17:35,623 - hybrid_pipeline - INFO - Tile tile_x0_y4608: 核心遮罩全空 → 空白 placeholder
2026-07-26 13:17:35,667 - hybrid_pipeline - INFO - [141/576] 已回收 tile_x0_y4608
2026-07-26 13:17:35,668 - hybrid_pipeline - INFO - [142/576] 已回收 tile_x768_y4608
2026-07-26 13:17:35,698 - hybrid_pipeline - INFO - Tile tile_x2304_y4608: 核心遮罩全空 → 空白 placeholder
2026-07-26 13:17:35,701 - hybrid_pipeline - INFO - Tile tile_x1536_y4608: 核心遮罩全空 → 空白 placeholder
2026-07-26 13:17:35,730 - hybrid_pipeline - INFO - [143/576] 已回收 tile_x1536_y4608
2026-07-26 13:17:35,733 - hybrid_pipeline - INFO - [144/576] 已回收 tile_x2304_y4608
2026-07-26 13:17:35,760 - hybrid_pipeline - INFO - Tile tile_x3072_y4608: 核心遮罩全空 → 空白 placeholder
2026-07-26 13:17:35,764 - hybrid_pipeline - INFO - Tile tile_x3840_y4608: 核心遮罩全空 → 空白 placeholder
2026-07-26 13:17:35,786 - hybrid_pipeline - INFO - [145/576] 已回收 tile_x3072_y4608
2026-07-26 13:17:35,794 - hybrid_pipeline - INFO - [146/576] 已回收 tile_x3840_y4608
2026-07-26 13:17:35,815 - hybrid_pipeline - INFO - Tile tile_x5376_y4608: 核心遮罩全空 → 空白 placeholder
2026-07-26 13:17:35,821 - hybrid_pipeline - INFO - Tile tile_x4608_y4608: 核心遮罩全空 → 空白 placeholder
2026-07-26 13:17:35,867 - hybrid_pipeline - INFO - [147/576] 已回收 tile_x5376_y4608
2026-07-26 13:17:35,872 - hybrid_pipeline - INFO - [148/576] 已回收 tile_x4608_y4608
2026-07-26 13:17:35,900 - hybrid_pipeline - INFO - Tile tile_x6912_y4608: 核心遮罩全空 → 空白 placeholder
2026-07-26 13:17:35,900 - hybrid_pipeline - INFO - Tile tile_x6144_y4608: 核心遮罩全空 → 空白 placeholder
2026-07-26 13:17:35,947 - hybrid_pipeline - INFO - [149/576] 已回收 tile_x6912_y4608
2026-07-26 13:17:35,959 - hybrid_pipeline - INFO - [150/576] 已回收 tile_x6144_y4608
2026-07-26 13:17:35,979 - hybrid_pipeline - INFO - Tile tile_x7680_y4608: 核心遮罩全空 → 空白 placeholder
2026-07-26 13:17:35,989 - hybrid_pipeline - INFO - Tile tile_x8448_y4608: 核心遮罩全空 → 空白 placeholder
2026-07-26 13:17:36,001 - hybrid_pipeline - INFO - [151/576] 已回收 tile_x7680_y4608
2026-07-26 13:17:36,015 - hybrid_pipeline - INFO - [152/576] 已回收 tile_x8448_y4608
2026-07-26 13:17:36,032 - hybrid_pipeline - INFO - Tile tile_x9216_y4608: 核心遮罩全空 → 空白 placeholder
2026-07-26 13:17:36,045 - hybrid_pipeline - INFO - [153/576] 已回收 tile_x9216_y4608
2026-07-26 13:17:36,048 - hybrid_pipeline - INFO - Tile tile_x9984_y4608: 核心遮罩全空 → 空白 placeholder
2026-07-26 13:17:36,063 - hybrid_pipeline - INFO - [154/576] 已回收 tile_x9984_y4608
2026-07-26 13:17:36,075 - hybrid_pipeline - INFO - Tile tile_x12288_y4608: 核心遮罩全空 → 空白 placeholder
2026-07-26 13:17:36,090 - hybrid_pipeline - INFO - Tile tile_x10752_y4608: 核心遮罩全空 → 空白 placeholder
2026-07-26 13:17:36,102 - hybrid_pipeline - INFO - [155/576] 已回收 tile_x12288_y4608
2026-07-26 13:17:36,127 - hybrid_pipeline - INFO - Tile tile_x11520_y4608: 核心遮罩全空 → 空白 placeholder
2026-07-26 13:17:36,136 - hybrid_pipeline - INFO - [156/576] 已回收 tile_x10752_y4608
2026-07-26 13:17:36,167 - hybrid_pipeline - INFO - Tile tile_x13056_y4608: 核心遮罩全空 → 空白 placeholder
2026-07-26 13:17:36,174 - hybrid_pipeline - INFO - [157/576] 已回收 tile_x11520_y4608
2026-07-26 13:17:36,207 - hybrid_pipeline - INFO - Tile tile_x13824_y4608: 核心遮罩全空 → 空白 placeholder
2026-07-26 13:17:36,207 - hybrid_pipeline - INFO - [158/576] 已回收 tile_x13056_y4608
2026-07-26 13:17:36,236 - hybrid_pipeline - INFO - Tile tile_x15360_y4608: 核心遮罩全空 → 空白 placeholder
2026-07-26 13:17:36,248 - hybrid_pipeline - INFO - [159/576] 已回收 tile_x13824_y4608
2026-07-26 13:17:36,276 - hybrid_pipeline - INFO - Tile tile_x14592_y4608: 核心遮罩全空 → 空白 placeholder
2026-07-26 13:17:36,282 - hybrid_pipeline - INFO - [160/576] 已回收 tile_x15360_y4608
2026-07-26 13:17:36,308 - hybrid_pipeline - INFO - [161/576] 已回收 tile_x14592_y4608
2026-07-26 13:17:36,312 - hybrid_pipeline - INFO - Tile tile_x16128_y4608: 核心遮罩全空 → 空白 placeholder
2026-07-26 13:17:36,331 - hybrid_pipeline - INFO - [162/576] 已回收 tile_x16128_y4608
2026-07-26 13:17:36,341 - hybrid_pipeline - INFO - Tile tile_x16896_y4608: 核心遮罩全空 → 空白 placeholder
2026-07-26 13:17:36,354 - hybrid_pipeline - INFO - [163/576] 已回收 tile_x16896_y4608
2026-07-26 13:17:36,359 - hybrid_pipeline - INFO - Tile tile_x17664_y4608: 核心遮罩全空 → 空白 placeholder
2026-07-26 13:17:36,383 - hybrid_pipeline - INFO - Tile tile_x0_y5376: 核心遮罩全空 → 空白 placeholder
2026-07-26 13:17:36,389 - hybrid_pipeline - INFO - [164/576] 已回收 tile_x17664_y4608
2026-07-26 13:17:36,422 - hybrid_pipeline - INFO - Tile tile_x768_y5376: 核心遮罩全空 → 空白 placeholder
2026-07-26 13:17:36,431 - hybrid_pipeline - INFO - [165/576] 已回收 tile_x768_y5376
2026-07-26 13:17:36,441 - hybrid_pipeline - INFO - [166/576] 已回收 tile_x16128_y3072
2026-07-26 13:17:36,464 - hybrid_pipeline - INFO - Tile tile_x3072_y5376: 核心遮罩全空 → 空白 placeholder
2026-07-26 13:17:36,470 - m3_module.m3_cells_generator - INFO - All-positive 標註完成: 3 個細胞
2026-07-26 13:17:36,503 - m3_module.m3_cells_generator - INFO - enlarge_cell_instances: 3 顆細胞, factor=1.50(面積), 中位半徑=18.4px, 外擴=4.1px
2026-07-26 13:17:36,509 - hybrid_pipeline - INFO - [167/576] 已回收 tile_x3072_y5376
2026-07-26 13:17:36,542 - hybrid_pipeline - INFO - Tile tile_x3840_y5376: 核心遮罩全空 → 空白 placeholder
2026-07-26 13:17:36,584 - hybrid_pipeline - INFO - [168/576] 已回收 tile_x3840_y5376
2026-07-26 13:17:36,614 - hybrid_pipeline - INFO - Tile tile_x4608_y5376: 核心遮罩全空 → 空白 placeholder
2026-07-26 13:17:36,636 - m3_module.m3_dot_detection - INFO - detect_all_dots: 紅點=0, 黑點=0, 涉及細胞=3
2026-07-26 13:17:36,651 - hybrid_pipeline - INFO - [169/576] 已回收 tile_x4608_y5376
2026-07-26 13:17:36,676 - m4_module.cell_crops - INFO - 匯出 1 張 per-cell 影像至 /data/taro_Projects/tsgh/output/r7_keep/cell_crops/tile_x15360_y3072/cells
2026-07-26 13:17:36,677 - hybrid_pipeline - INFO - Tile tile_x15360_y3072 完成: 核心擁有 1 細胞 (1 陽性), 1.81 秒
2026-07-26 13:17:36,684 - hybrid_pipeline - INFO - Tile tile_x5376_y5376: 核心遮罩全空 → 空白 placeholder
2026-07-26 13:17:36,722 - hybrid_pipeline - INFO - [170/576] 已回收 tile_x5376_y5376
2026-07-26 13:17:36,750 - hybrid_pipeline - INFO - Tile tile_x6144_y5376: 核心遮罩全空 → 空白 placeholder
2026-07-26 13:17:36,783 - hybrid_pipeline - INFO - [171/576] 已回收 tile_x6144_y5376
2026-07-26 13:17:36,786 - hybrid_pipeline - INFO - [172/576] 已回收 tile_x13824_y3840
2026-07-26 13:17:36,814 - hybrid_pipeline - INFO - Tile tile_x6912_y5376: 核心遮罩全空 → 空白 placeholder
2026-07-26 13:17:36,817 - m3_module.m3_cells_generator - INFO - All-positive 標註完成: 2 個細胞
2026-07-26 13:17:36,847 - hybrid_pipeline - INFO - [173/576] 已回收 tile_x6912_y5376
2026-07-26 13:17:36,851 - m3_module.m3_cells_generator - INFO - enlarge_cell_instances: 2 顆細胞, factor=1.50(面積), 中位半徑=19.3px, 外擴=4.3px
2026-07-26 13:17:36,879 - hybrid_pipeline - INFO - Tile tile_x7680_y5376: 核心遮罩全空 → 空白 placeholder
2026-07-26 13:17:36,914 - hybrid_pipeline - INFO - [174/576] 已回收 tile_x7680_y5376
2026-07-26 13:17:36,943 - hybrid_pipeline - INFO - Tile tile_x9984_y5376: 核心遮罩全空 → 空白 placeholder
2026-07-26 13:17:36,976 - hybrid_pipeline - INFO - [175/576] 已回收 tile_x9984_y5376
2026-07-26 13:17:36,981 - m3_module.m3_dot_detection - INFO - detect_all_dots: 紅點=0, 黑點=0, 涉及細胞=2
2026-07-26 13:17:37,006 - hybrid_pipeline - INFO - Tile tile_x9216_y5376: 核心遮罩全空 → 空白 placeholder
2026-07-26 13:17:37,019 - hybrid_pipeline - INFO - [176/576] 已回收 tile_x9216_y5376
2026-07-26 13:17:37,023 - m4_module.cell_crops - INFO - 匯出 1 張 per-cell 影像至 /data/taro_Projects/tsgh/output/r7_keep/cell_crops/tile_x15360_y3840/cells
2026-07-26 13:17:37,023 - hybrid_pipeline - INFO - Tile tile_x15360_y3840 完成: 核心擁有 1 細胞 (1 陽性), 1.63 秒
2026-07-26 13:17:37,023 - hybrid_pipeline - INFO - [177/576] 已回收 tile_x15360_y3840
2026-07-26 13:17:37,048 - hybrid_pipeline - INFO - Tile tile_x8448_y5376: 核心遮罩全空 → 空白 placeholder
2026-07-26 13:17:37,048 - hybrid_pipeline - INFO - Tile tile_x10752_y5376: 核心遮罩全空 → 空白 placeholder
2026-07-26 13:17:37,101 - hybrid_pipeline - INFO - [178/576] 已回收 tile_x10752_y5376
2026-07-26 13:17:37,105 - hybrid_pipeline - INFO - [179/576] 已回收 tile_x8448_y5376
2026-07-26 13:17:37,130 - hybrid_pipeline - INFO - Tile tile_x12288_y5376: 核心遮罩全空 → 空白 placeholder
2026-07-26 13:17:37,134 - hybrid_pipeline - INFO - Tile tile_x11520_y5376: 核心遮罩全空 → 空白 placeholder
2026-07-26 13:17:37,179 - hybrid_pipeline - INFO - [180/576] 已回收 tile_x11520_y5376
2026-07-26 13:17:37,188 - hybrid_pipeline - INFO - [181/576] 已回收 tile_x12288_y5376
2026-07-26 13:17:37,209 - hybrid_pipeline - INFO - Tile tile_x13056_y5376: 核心遮罩全空 → 空白 placeholder
2026-07-26 13:17:37,217 - hybrid_pipeline - INFO - Tile tile_x13824_y5376: 核心遮罩全空 → 空白 placeholder
2026-07-26 13:17:37,238 - hybrid_pipeline - INFO - [182/576] 已回收 tile_x13056_y5376
2026-07-26 13:17:37,241 - hybrid_pipeline - INFO - [183/576] 已回收 tile_x13824_y5376
2026-07-26 13:17:37,267 - hybrid_pipeline - INFO - Tile tile_x15360_y5376: 核心遮罩全空 → 空白 placeholder
2026-07-26 13:17:37,269 - hybrid_pipeline - INFO - Tile tile_x16128_y5376: 核心遮罩全空 → 空白 placeholder
2026-07-26 13:17:37,306 - hybrid_pipeline - INFO - [184/576] 已回收 tile_x15360_y5376
2026-07-26 13:17:37,309 - hybrid_pipeline - INFO - [185/576] 已回收 tile_x16128_y5376
2026-07-26 13:17:37,326 - hybrid_pipeline - INFO - [186/576] 已回收 tile_x15360_y3072
2026-07-26 13:17:37,337 - hybrid_pipeline - INFO - Tile tile_x16896_y5376: 核心遮罩全空 → 空白 placeholder
2026-07-26 13:17:37,343 - hybrid_pipeline - INFO - Tile tile_x14592_y5376: 核心遮罩全空 → 空白 placeholder
2026-07-26 13:17:37,352 - m3_module.m3_cells_generator - INFO - All-positive 標註完成: 5 個細胞
2026-07-26 13:17:37,370 - hybrid_pipeline - INFO - [187/576] 已回收 tile_x16896_y5376
2026-07-26 13:17:37,388 - m3_module.m3_cells_generator - INFO - enlarge_cell_instances: 5 顆細胞, factor=1.50(面積), 中位半徑=17.3px, 外擴=3.9px
2026-07-26 13:17:37,403 - hybrid_pipeline - INFO - Tile tile_x17664_y5376: 核心遮罩全空 → 空白 placeholder
2026-07-26 13:17:37,417 - hybrid_pipeline - INFO - [188/576] 已回收 tile_x17664_y5376
2026-07-26 13:17:37,447 - hybrid_pipeline - INFO - Tile tile_x1536_y6144: 核心遮罩全空 → 空白 placeholder
2026-07-26 13:17:37,483 - hybrid_pipeline - INFO - [189/576] 已回收 tile_x1536_y6144
2026-07-26 13:17:37,513 - hybrid_pipeline - INFO - Tile tile_x3840_y6144: 核心遮罩全空 → 空白 placeholder
2026-07-26 13:17:37,527 - m3_module.m3_dot_detection - INFO - detect_all_dots: 紅點=0, 黑點=0, 涉及細胞=5
2026-07-26 13:17:37,568 - m4_module.cell_crops - INFO - 匯出 2 張 per-cell 影像至 /data/taro_Projects/tsgh/output/r7_keep/cell_crops/tile_x2304_y5376/cells
2026-07-26 13:17:37,568 - hybrid_pipeline - INFO - Tile tile_x2304_y5376 完成: 核心擁有 2 細胞 (2 陽性), 1.13 秒
2026-07-26 13:17:37,580 - hybrid_pipeline - INFO - [190/576] 已回收 tile_x3840_y6144
2026-07-26 13:17:37,608 - hybrid_pipeline - INFO - Tile tile_x4608_y6144: 核心遮罩全空 → 空白 placeholder
2026-07-26 13:17:37,676 - hybrid_pipeline - INFO - [191/576] 已回收 tile_x4608_y6144
2026-07-26 13:17:37,705 - hybrid_pipeline - INFO - Tile tile_x3072_y6144: 核心遮罩全空 → 空白 placeholder
2026-07-26 13:17:37,765 - hybrid_pipeline - INFO - [192/576] 已回收 tile_x3072_y6144
2026-07-26 13:17:37,796 - hybrid_pipeline - INFO - Tile tile_x2304_y6144: 核心遮罩全空 → 空白 placeholder
2026-07-26 13:17:37,809 - hybrid_pipeline - INFO - [193/576] 已回收 tile_x2304_y6144
2026-07-26 13:17:37,835 - hybrid_pipeline - INFO - [194/576] 已回收 tile_x0_y5376
2026-07-26 13:17:37,841 - hybrid_pipeline - INFO - Tile tile_x5376_y6144: 核心遮罩全空 → 空白 placeholder
2026-07-26 13:17:37,863 - m3_module.m3_cells_generator - INFO - All-positive 標註完成: 6 個細胞
2026-07-26 13:17:37,872 - hybrid_pipeline - INFO - [195/576] 已回收 tile_x5376_y6144
2026-07-26 13:17:37,900 - m3_module.m3_cells_generator - INFO - enlarge_cell_instances: 6 顆細胞, factor=1.50(面積), 中位半徑=16.8px, 外擴=3.8px
2026-07-26 13:17:37,901 - hybrid_pipeline - INFO - Tile tile_x6144_y6144: 核心遮罩全空 → 空白 placeholder
2026-07-26 13:17:37,915 - hybrid_pipeline - INFO - [196/576] 已回收 tile_x6144_y6144
2026-07-26 13:17:37,947 - hybrid_pipeline - INFO - Tile tile_x7680_y6144: 核心遮罩全空 → 空白 placeholder
2026-07-26 13:17:37,954 - hybrid_pipeline - INFO - [197/576] 已回收 tile_x7680_y6144
2026-07-26 13:17:37,984 - hybrid_pipeline - INFO - Tile tile_x8448_y6144: 核心遮罩全空 → 空白 placeholder
2026-07-26 13:17:38,004 - hybrid_pipeline - INFO - [198/576] 已回收 tile_x8448_y6144
2026-07-26 13:17:38,034 - hybrid_pipeline - INFO - Tile tile_x11520_y6144: 核心遮罩全空 → 空白 placeholder
2026-07-26 13:17:38,035 - m3_module.m3_dot_detection - INFO - detect_all_dots: 紅點=0, 黑點=0, 涉及細胞=6
2026-07-26 13:17:38,079 - m4_module.cell_crops - INFO - 匯出 4 張 per-cell 影像至 /data/taro_Projects/tsgh/output/r7_keep/cell_crops/tile_x1536_y5376/cells
2026-07-26 13:17:38,080 - hybrid_pipeline - INFO - Tile tile_x1536_y5376 完成: 核心擁有 4 細胞 (4 陽性), 1.73 秒
2026-07-26 13:17:38,080 - hybrid_pipeline - INFO - [199/576] 已回收 tile_x1536_y5376
2026-07-26 13:17:38,085 - hybrid_pipeline - INFO - [200/576] 已回收 tile_x11520_y6144
2026-07-26 13:17:38,104 - hybrid_pipeline - INFO - Tile tile_x6912_y6144: 核心遮罩全空 → 空白 placeholder
2026-07-26 13:17:38,116 - hybrid_pipeline - INFO - Tile tile_x9216_y6144: 核心遮罩全空 → 空白 placeholder
2026-07-26 13:17:38,170 - hybrid_pipeline - INFO - [201/576] 已回收 tile_x6912_y6144
2026-07-26 13:17:38,188 - hybrid_pipeline - INFO - [202/576] 已回收 tile_x9216_y6144
2026-07-26 13:17:38,198 - hybrid_pipeline - INFO - Tile tile_x10752_y6144: 核心遮罩全空 → 空白 placeholder
2026-07-26 13:17:38,217 - hybrid_pipeline - INFO - Tile tile_x9984_y6144: 核心遮罩全空 → 空白 placeholder
2026-07-26 13:17:38,251 - hybrid_pipeline - INFO - [203/576] 已回收 tile_x10752_y6144
2026-07-26 13:17:38,267 - hybrid_pipeline - INFO - [204/576] 已回收 tile_x9984_y6144
2026-07-26 13:17:38,282 - hybrid_pipeline - INFO - Tile tile_x12288_y6144: 核心遮罩全空 → 空白 placeholder
2026-07-26 13:17:38,295 - hybrid_pipeline - INFO - Tile tile_x13056_y6144: 核心遮罩全空 → 空白 placeholder
2026-07-26 13:17:38,310 - hybrid_pipeline - INFO - [205/576] 已回收 tile_x12288_y6144
2026-07-26 13:17:38,328 - hybrid_pipeline - INFO - [206/576] 已回收 tile_x13056_y6144
2026-07-26 13:17:38,340 - hybrid_pipeline - INFO - Tile tile_x13824_y6144: 核心遮罩全空 → 空白 placeholder
2026-07-26 13:17:38,348 - hybrid_pipeline - INFO - [207/576] 已回收 tile_x13824_y6144
2026-07-26 13:17:38,359 - hybrid_pipeline - INFO - Tile tile_x14592_y6144: 核心遮罩全空 → 空白 placeholder
2026-07-26 13:17:38,373 - hybrid_pipeline - INFO - [208/576] 已回收 tile_x14592_y5376
2026-07-26 13:17:38,378 - hybrid_pipeline - INFO - Tile tile_x16128_y6144: 核心遮罩全空 → 空白 placeholder
2026-07-26 13:17:38,382 - hybrid_pipeline - INFO - [209/576] 已回收 tile_x14592_y6144
2026-07-26 13:17:38,397 - hybrid_pipeline - INFO - [210/576] 已回收 tile_x16128_y6144
2026-07-26 13:17:38,403 - m3_module.m3_cells_generator - INFO - All-positive 標註完成: 10 個細胞
2026-07-26 13:17:38,411 - hybrid_pipeline - INFO - Tile tile_x17664_y6144: 核心遮罩全空 → 空白 placeholder
2026-07-26 13:17:38,430 - hybrid_pipeline - INFO - Tile tile_x15360_y6144: 核心遮罩全空 → 空白 placeholder
2026-07-26 13:17:38,438 - m3_module.m3_cells_generator - INFO - enlarge_cell_instances: 10 顆細胞, factor=1.50(面積), 中位半徑=19.0px, 外擴=4.3px
2026-07-26 13:17:38,444 - hybrid_pipeline - INFO - [211/576] 已回收 tile_x2304_y5376
2026-07-26 13:17:38,463 - m3_module.m3_elastic_matching - INFO - elastic_dish_nucleus_matching(overlap-first): IHC=10, DISH=2, matched(1核)=0 (其中重疊=0), drop-out(競爭落敗)=0, 無候選(計入)=10, factor=1.50, min_reach=20.0
2026-07-26 13:17:38,473 - m3_module.m3_cells_generator - INFO - All-positive 標註完成: 22 個細胞
2026-07-26 13:17:38,517 - m3_module.m3_cells_generator - INFO - enlarge_cell_instances: 22 顆細胞, factor=1.50(面積), 中位半徑=20.6px, 外擴=4.6px
2026-07-26 13:17:38,545 - m3_module.m3_elastic_matching - INFO - elastic_dish_nucleus_matching(overlap-first): IHC=22, DISH=1, matched(1核)=0 (其中重疊=0), drop-out(競爭落敗)=0, 無候選(計入)=22, factor=1.50, min_reach=20.0
2026-07-26 13:17:38,590 - m3_module.m3_dot_detection - INFO - detect_all_dots: 紅點=0, 黑點=0, 涉及細胞=10
2026-07-26 13:17:38,665 - m4_module.cell_crops - INFO - 匯出 1 張 per-cell 影像至 /data/taro_Projects/tsgh/output/r7_keep/cell_crops/tile_x0_y6144/cells
2026-07-26 13:17:38,665 - hybrid_pipeline - INFO - Tile tile_x0_y6144 完成: 核心擁有 1 細胞 (1 陽性), 1.36 秒
2026-07-26 13:17:38,665 - hybrid_pipeline - INFO - [212/576] 已回收 tile_x0_y6144
2026-07-26 13:17:38,675 - m3_module.m3_dot_detection - INFO - detect_all_dots: 紅點=0, 黑點=0, 涉及細胞=22
2026-07-26 13:17:38,694 - hybrid_pipeline - INFO - Tile tile_x16896_y6144: 核心遮罩全空 → 空白 placeholder
2026-07-26 13:17:38,751 - m4_module.cell_crops - INFO - 匯出 12 張 per-cell 影像至 /data/taro_Projects/tsgh/output/r7_keep/cell_crops/tile_x768_y6144/cells
2026-07-26 13:17:38,751 - hybrid_pipeline - INFO - Tile tile_x768_y6144 完成: 核心擁有 12 細胞 (12 陽性), 1.43 秒
2026-07-26 13:17:39,367 - hybrid_pipeline - INFO - [213/576] 已回收 tile_x768_y6144
2026-07-26 13:17:39,395 - m3_module.m3_cells_generator - INFO - All-positive 標註完成: 3 個細胞
2026-07-26 13:17:39,424 - m3_module.m3_cells_generator - INFO - enlarge_cell_instances: 3 顆細胞, factor=1.50(面積), 中位半徑=15.4px, 外擴=3.5px
2026-07-26 13:17:39,444 - hybrid_pipeline - INFO - [214/576] 已回收 tile_x15360_y6144
2026-07-26 13:17:39,471 - m3_module.m3_cells_generator - INFO - All-positive 標註完成: 46 個細胞
2026-07-26 13:17:39,519 - m3_module.m3_cells_generator - INFO - enlarge_cell_instances: 46 顆細胞, factor=1.50(面積), 中位半徑=22.0px, 外擴=4.9px
2026-07-26 13:17:39,554 - m3_module.m3_elastic_matching - INFO - elastic_dish_nucleus_matching(overlap-first): IHC=46, DISH=244, matched(1核)=16 (其中重疊=16), drop-out(競爭落敗)=0, 無候選(計入)=30, factor=1.50, min_reach=20.0
2026-07-26 13:17:39,557 - m3_module.m3_dot_detection - INFO - detect_all_dots: 紅點=0, 黑點=0, 涉及細胞=3
2026-07-26 13:17:39,599 - m4_module.cell_crops - INFO - 匯出 0 張 per-cell 影像至 /data/taro_Projects/tsgh/output/r7_keep/cell_crops/tile_x1536_y6912/cells
2026-07-26 13:17:39,599 - hybrid_pipeline - INFO - Tile tile_x1536_y6912 完成: 核心擁有 0 細胞 (0 陽性), 1.16 秒
2026-07-26 13:17:39,600 - hybrid_pipeline - INFO - [215/576] 已回收 tile_x1536_y6912
2026-07-26 13:17:39,625 - hybrid_pipeline - INFO - Tile tile_x4608_y6912: 核心遮罩全空 → 空白 placeholder
2026-07-26 13:17:39,674 - m3_module.m3_dot_detection - INFO - detect_all_dots: 紅點=0, 黑點=0, 涉及細胞=46
2026-07-26 13:17:39,681 - hybrid_pipeline - INFO - [216/576] 已回收 tile_x4608_y6912
2026-07-26 13:17:39,710 - hybrid_pipeline - INFO - Tile tile_x3840_y6912: 核心遮罩全空 → 空白 placeholder
2026-07-26 13:17:39,758 - hybrid_pipeline - INFO - [217/576] 已回收 tile_x3840_y6912
2026-07-26 13:17:39,782 - hybrid_pipeline - INFO - [218/576] 已回收 tile_x16896_y6144
2026-07-26 13:17:39,786 - hybrid_pipeline - INFO - Tile tile_x5376_y6912: 核心遮罩全空 → 空白 placeholder
2026-07-26 13:17:39,812 - m3_module.m3_cells_generator - INFO - All-positive 標註完成: 20 個細胞
2026-07-26 13:17:39,824 - m4_module.cell_crops - INFO - 匯出 31 張 per-cell 影像至 /data/taro_Projects/tsgh/output/r7_keep/cell_crops/tile_x768_y6912/cells
2026-07-26 13:17:39,824 - hybrid_pipeline - INFO - Tile tile_x768_y6912 完成: 核心擁有 31 細胞 (31 陽性), 1.43 秒
2026-07-26 13:17:39,833 - hybrid_pipeline - INFO - [219/576] 已回收 tile_x5376_y6912
2026-07-26 13:17:39,851 - m3_module.m3_cells_generator - INFO - enlarge_cell_instances: 20 顆細胞, factor=1.50(面積), 中位半徑=24.5px, 外擴=5.5px
2026-07-26 13:17:39,863 - hybrid_pipeline - INFO - Tile tile_x6144_y6912: 核心遮罩全空 → 空白 placeholder
2026-07-26 13:17:39,882 - hybrid_pipeline - INFO - [220/576] 已回收 tile_x6144_y6912
2026-07-26 13:17:39,886 - m3_module.m3_elastic_matching - INFO - elastic_dish_nucleus_matching(overlap-first): IHC=20, DISH=618, matched(1核)=20 (其中重疊=20), drop-out(競爭落敗)=0, 無候選(計入)=0, factor=1.50, min_reach=20.0
2026-07-26 13:17:39,912 - hybrid_pipeline - INFO - Tile tile_x7680_y6912: 核心遮罩全空 → 空白 placeholder
2026-07-26 13:17:39,919 - hybrid_pipeline - INFO - [221/576] 已回收 tile_x7680_y6912
2026-07-26 13:17:39,949 - hybrid_pipeline - INFO - Tile tile_x8448_y6912: 核心遮罩全空 → 空白 placeholder
2026-07-26 13:17:39,955 - hybrid_pipeline - INFO - [222/576] 已回收 tile_x8448_y6912
2026-07-26 13:17:39,983 - hybrid_pipeline - INFO - Tile tile_x11520_y6912: 核心遮罩全空 → 空白 placeholder
2026-07-26 13:17:39,986 - hybrid_pipeline - INFO - [223/576] 已回收 tile_x17664_y6144
2026-07-26 13:17:39,993 - hybrid_pipeline - INFO - [224/576] 已回收 tile_x11520_y6912
2026-07-26 13:17:40,011 - m3_module.m3_dot_detection - INFO - detect_all_dots: 紅點=0, 黑點=0, 涉及細胞=20
2026-07-26 13:17:40,018 - m3_module.m3_cells_generator - INFO - All-positive 標註完成: 23 個細胞
2026-07-26 13:17:40,024 - hybrid_pipeline - INFO - Tile tile_x9216_y6912: 核心遮罩全空 → 空白 placeholder
2026-07-26 13:17:40,059 - m3_module.m3_cells_generator - INFO - enlarge_cell_instances: 23 顆細胞, factor=1.50(面積), 中位半徑=18.0px, 外擴=4.0px
2026-07-26 13:17:40,072 - hybrid_pipeline - INFO - [225/576] 已回收 tile_x9216_y6912
2026-07-26 13:17:40,084 - m3_module.m3_elastic_matching - INFO - elastic_dish_nucleus_matching(overlap-first): IHC=23, DISH=17, matched(1核)=1 (其中重疊=1), drop-out(競爭落敗)=0, 無候選(計入)=22, factor=1.50, min_reach=20.0
2026-07-26 13:17:40,101 - hybrid_pipeline - INFO - Tile tile_x9984_y6912: 核心遮罩全空 → 空白 placeholder
2026-07-26 13:17:40,113 - m4_module.cell_crops - INFO - 匯出 8 張 per-cell 影像至 /data/taro_Projects/tsgh/output/r7_keep/cell_crops/tile_x2304_y6912/cells
2026-07-26 13:17:40,113 - hybrid_pipeline - INFO - Tile tile_x2304_y6912 完成: 核心擁有 8 細胞 (8 陽性), 1.45 秒
2026-07-26 13:17:40,114 - hybrid_pipeline - INFO - [226/576] 已回收 tile_x2304_y6912
2026-07-26 13:17:40,129 - hybrid_pipeline - INFO - [227/576] 已回收 tile_x9984_y6912
2026-07-26 13:17:40,140 - hybrid_pipeline - INFO - Tile tile_x6912_y6912: 核心遮罩全空 → 空白 placeholder
2026-07-26 13:17:40,157 - hybrid_pipeline - INFO - Tile tile_x10752_y6912: 核心遮罩全空 → 空白 placeholder
2026-07-26 13:17:40,186 - hybrid_pipeline - INFO - [228/576] 已回收 tile_x6912_y6912
2026-07-26 13:17:40,191 - hybrid_pipeline - INFO - [229/576] 已回收 tile_x10752_y6912
2026-07-26 13:17:40,198 - m3_module.m3_dot_detection - INFO - detect_all_dots: 紅點=0, 黑點=0, 涉及細胞=23
2026-07-26 13:17:40,213 - hybrid_pipeline - INFO - Tile tile_x13056_y6912: 核心遮罩全空 → 空白 placeholder
2026-07-26 13:17:40,220 - hybrid_pipeline - INFO - Tile tile_x13824_y6912: 核心遮罩全空 → 空白 placeholder
2026-07-26 13:17:40,234 - hybrid_pipeline - INFO - [230/576] 已回收 tile_x13056_y6912
2026-07-26 13:17:40,245 - hybrid_pipeline - INFO - [231/576] 已回收 tile_x13824_y6912
2026-07-26 13:17:40,261 - hybrid_pipeline - INFO - Tile tile_x14592_y6912: 核心遮罩全空 → 空白 placeholder
2026-07-26 13:17:40,272 - hybrid_pipeline - INFO - Tile tile_x15360_y6912: 核心遮罩全空 → 空白 placeholder
2026-07-26 13:17:40,283 - hybrid_pipeline - INFO - [232/576] 已回收 tile_x14592_y6912
2026-07-26 13:17:40,291 - hybrid_pipeline - INFO - [233/576] 已回收 tile_x15360_y6912
2026-07-26 13:17:40,305 - m4_module.cell_crops - INFO - 匯出 10 張 per-cell 影像至 /data/taro_Projects/tsgh/output/r7_keep/cell_crops/tile_x0_y6912/cells
2026-07-26 13:17:40,305 - hybrid_pipeline - INFO - Tile tile_x0_y6912 完成: 核心擁有 10 細胞 (10 陽性), 1.92 秒
2026-07-26 13:17:40,306 - hybrid_pipeline - INFO - [234/576] 已回收 tile_x0_y6912
2026-07-26 13:17:40,313 - hybrid_pipeline - INFO - Tile tile_x17664_y6912: 核心遮罩全空 → 空白 placeholder
2026-07-26 13:17:40,320 - hybrid_pipeline - INFO - Tile tile_x16896_y6912: 核心遮罩全空 → 空白 placeholder
2026-07-26 13:17:40,335 - hybrid_pipeline - INFO - Tile tile_x12288_y6912: 核心遮罩全空 → 空白 placeholder
2026-07-26 13:17:40,343 - hybrid_pipeline - INFO - [235/576] 已回收 tile_x17664_y6912
2026-07-26 13:17:40,371 - hybrid_pipeline - INFO - Tile tile_x16128_y6912: 核心遮罩全空 → 空白 placeholder
2026-07-26 13:17:40,664 - hybrid_pipeline - INFO - [236/576] 已回收 tile_x768_y6912
2026-07-26 13:17:40,689 - m3_module.m3_cells_generator - INFO - All-positive 標註完成: 6 個細胞
2026-07-26 13:17:40,717 - m3_module.m3_cells_generator - INFO - enlarge_cell_instances: 6 顆細胞, factor=1.50(面積), 中位半徑=24.4px, 外擴=5.5px
2026-07-26 13:17:40,750 - m3_module.m3_elastic_matching - INFO - elastic_dish_nucleus_matching(overlap-first): IHC=6, DISH=319, matched(1核)=6 (其中重疊=6), drop-out(競爭落敗)=0, 無候選(計入)=0, factor=1.50, min_reach=20.0
2026-07-26 13:17:40,877 - m3_module.m3_dot_detection - INFO - detect_all_dots: 紅點=0, 黑點=0, 涉及細胞=6
2026-07-26 13:17:40,949 - m4_module.cell_crops - INFO - 匯出 0 張 per-cell 影像至 /data/taro_Projects/tsgh/output/r7_keep/cell_crops/tile_x3072_y6912/cells
2026-07-26 13:17:40,950 - hybrid_pipeline - INFO - Tile tile_x3072_y6912 完成: 核心擁有 0 細胞 (0 陽性), 1.51 秒
2026-07-26 13:17:41,354 - hybrid_pipeline - INFO - [237/576] 已回收 tile_x16896_y6912
2026-07-26 13:17:41,378 - m3_module.m3_cells_generator - INFO - All-positive 標註完成: 14 個細胞
2026-07-26 13:17:41,413 - m3_module.m3_cells_generator - INFO - enlarge_cell_instances: 14 顆細胞, factor=1.50(面積), 中位半徑=15.2px, 外擴=3.4px
2026-07-26 13:17:41,437 - m3_module.m3_elastic_matching - INFO - elastic_dish_nucleus_matching(overlap-first): IHC=14, DISH=1, matched(1核)=1 (其中重疊=1), drop-out(競爭落敗)=1, 無候選(計入)=12, factor=1.50, min_reach=20.0
2026-07-26 13:17:41,465 - hybrid_pipeline - INFO - [238/576] 已回收 tile_x16128_y6912
2026-07-26 13:17:41,494 - m3_module.m3_cells_generator - INFO - All-positive 標註完成: 69 個細胞
2026-07-26 13:17:41,514 - hybrid_pipeline - INFO - [239/576] 已回收 tile_x12288_y6912
2026-07-26 13:17:41,544 - m3_module.m3_cells_generator - INFO - All-positive 標註完成: 52 個細胞
2026-07-26 13:17:41,548 - m3_module.m3_cells_generator - INFO - enlarge_cell_instances: 69 顆細胞, factor=1.50(面積), 中位半徑=22.7px, 外擴=5.1px
2026-07-26 13:17:41,561 - m3_module.m3_dot_detection - INFO - detect_all_dots: 紅點=0, 黑點=1, 涉及細胞=14
2026-07-26 13:17:41,577 - m3_module.m3_elastic_matching - INFO - elastic_dish_nucleus_matching(overlap-first): IHC=69, DISH=127, matched(1核)=15 (其中重疊=15), drop-out(競爭落敗)=3, 無候選(計入)=51, factor=1.50, min_reach=20.0
2026-07-26 13:17:41,606 - m3_module.m3_cells_generator - INFO - enlarge_cell_instances: 52 顆細胞, factor=1.50(面積), 中位半徑=22.0px, 外擴=4.9px
2026-07-26 13:17:41,624 - hybrid_pipeline - INFO - [240/576] 已回收 tile_x3072_y6912
2026-07-26 13:17:41,637 - m4_module.cell_crops - INFO - 匯出 2 張 per-cell 影像至 /data/taro_Projects/tsgh/output/r7_keep/cell_crops/tile_x0_y7680/cells
2026-07-26 13:17:41,637 - hybrid_pipeline - INFO - Tile tile_x0_y7680 完成: 核心擁有 2 細胞 (2 陽性), 1.35 秒
2026-07-26 13:17:41,637 - hybrid_pipeline - INFO - [241/576] 已回收 tile_x0_y7680
2026-07-26 13:17:41,638 - m3_module.m3_elastic_matching - INFO - elastic_dish_nucleus_matching(overlap-first): IHC=52, DISH=210, matched(1核)=20 (其中重疊=18), drop-out(競爭落敗)=2, 無候選(計入)=30, factor=1.50, min_reach=20.0
2026-07-26 13:17:41,656 - m3_module.m3_cells_generator - INFO - All-positive 標註完成: 125 個細胞
2026-07-26 13:17:41,673 - hybrid_pipeline - INFO - Tile tile_x3840_y7680: 核心遮罩全空 → 空白 placeholder
2026-07-26 13:17:41,709 - m3_module.m3_cells_generator - INFO - enlarge_cell_instances: 125 顆細胞, factor=1.50(面積), 中位半徑=23.0px, 外擴=5.2px
2026-07-26 13:17:41,712 - m3_module.m3_dot_detection - INFO - detect_all_dots: 紅點=1, 黑點=2, 涉及細胞=69
2026-07-26 13:17:41,713 - hybrid_pipeline - INFO - [242/576] 已回收 tile_x3840_y7680
2026-07-26 13:17:41,738 - hybrid_pipeline - INFO - Tile tile_x6912_y7680: 核心遮罩全空 → 空白 placeholder
2026-07-26 13:17:41,740 - m3_module.m3_elastic_matching - INFO - elastic_dish_nucleus_matching(overlap-first): IHC=125, DISH=44, matched(1核)=10 (其中重疊=10), drop-out(競爭落敗)=8, 無候選(計入)=107, factor=1.50, min_reach=20.0
2026-07-26 13:17:41,762 - hybrid_pipeline - INFO - [243/576] 已回收 tile_x6912_y7680
2026-07-26 13:17:41,763 - m3_module.m3_dot_detection - INFO - detect_all_dots: 紅點=0, 黑點=1, 涉及細胞=52
2026-07-26 13:17:41,792 - hybrid_pipeline - INFO - Tile tile_x6144_y7680: 核心遮罩全空 → 空白 placeholder
2026-07-26 13:17:41,810 - hybrid_pipeline - INFO - [244/576] 已回收 tile_x6144_y7680
2026-07-26 13:17:41,838 - hybrid_pipeline - INFO - Tile tile_x7680_y7680: 核心遮罩全空 → 空白 placeholder
2026-07-26 13:17:41,874 - hybrid_pipeline - INFO - [245/576] 已回收 tile_x7680_y7680
2026-07-26 13:17:41,874 - m3_module.m3_dot_detection - INFO - detect_all_dots: 紅點=0, 黑點=1, 涉及細胞=125
2026-07-26 13:17:41,903 - hybrid_pipeline - INFO - Tile tile_x8448_y7680: 核心遮罩全空 → 空白 placeholder
2026-07-26 13:17:41,914 - m4_module.cell_crops - INFO - 匯出 15 張 per-cell 影像至 /data/taro_Projects/tsgh/output/r7_keep/cell_crops/tile_x768_y7680/cells
2026-07-26 13:17:41,914 - hybrid_pipeline - INFO - Tile tile_x768_y7680 完成: 核心擁有 15 細胞 (15 陽性), 1.61 秒
2026-07-26 13:17:41,914 - hybrid_pipeline - INFO - [246/576] 已回收 tile_x768_y7680
2026-07-26 13:17:41,935 - hybrid_pipeline - INFO - [247/576] 已回收 tile_x8448_y7680
2026-07-26 13:17:41,942 - hybrid_pipeline - INFO - Tile tile_x4608_y7680: 核心遮罩全空 → 空白 placeholder
2026-07-26 13:17:41,960 - m4_module.cell_crops - INFO - 匯出 43 張 per-cell 影像至 /data/taro_Projects/tsgh/output/r7_keep/cell_crops/tile_x1536_y7680/cells
2026-07-26 13:17:41,960 - hybrid_pipeline - INFO - Tile tile_x1536_y7680 完成: 核心擁有 43 細胞 (43 陽性), 1.62 秒
2026-07-26 13:17:41,963 - hybrid_pipeline - INFO - Tile tile_x11520_y7680: 核心遮罩全空 → 空白 placeholder
2026-07-26 13:17:41,990 - hybrid_pipeline - INFO - [248/576] 已回收 tile_x4608_y7680
2026-07-26 13:17:42,000 - hybrid_pipeline - INFO - [249/576] 已回收 tile_x11520_y7680
2026-07-26 13:17:42,019 - hybrid_pipeline - INFO - Tile tile_x9216_y7680: 核心遮罩全空 → 空白 placeholder
2026-07-26 13:17:42,027 - cellpose.dynamics - INFO - No cell pixels found.
2026-07-26 13:17:42,028 - hybrid_pipeline - INFO - Tile tile_x10752_y7680: 核心遮罩全空 → 空白 placeholder
2026-07-26 13:17:42,043 - hybrid_pipeline - INFO - [250/576] 已回收 tile_x9216_y7680
2026-07-26 13:17:42,059 - hybrid_pipeline - INFO - [251/576] 已回收 tile_x10752_y7680
2026-07-26 13:17:42,073 - hybrid_pipeline - INFO - Tile tile_x9984_y7680: 核心遮罩全空 → 空白 placeholder
2026-07-26 13:17:42,087 - hybrid_pipeline - INFO - Tile tile_x12288_y7680: 核心遮罩全空 → 空白 placeholder
2026-07-26 13:17:42,114 - hybrid_pipeline - INFO - [252/576] 已回收 tile_x9984_y7680
2026-07-26 13:17:42,129 - hybrid_pipeline - INFO - [253/576] 已回收 tile_x12288_y7680
2026-07-26 13:17:42,143 - hybrid_pipeline - INFO - Tile tile_x13056_y7680: 核心遮罩全空 → 空白 placeholder
2026-07-26 13:17:42,158 - hybrid_pipeline - INFO - Tile tile_x13824_y7680: 核心遮罩全空 → 空白 placeholder
2026-07-26 13:17:42,174 - m4_module.cell_crops - INFO - 匯出 73 張 per-cell 影像至 /data/taro_Projects/tsgh/output/r7_keep/cell_crops/tile_x2304_y7680/cells
2026-07-26 13:17:42,174 - hybrid_pipeline - INFO - Tile tile_x2304_y7680 完成: 核心擁有 73 細胞 (73 陽性), 1.51 秒
2026-07-26 13:17:42,199 - hybrid_pipeline - INFO - [254/576] 已回收 tile_x13056_y7680
2026-07-26 13:17:42,223 - hybrid_pipeline - INFO - [255/576] 已回收 tile_x13824_y7680
2026-07-26 13:17:42,228 - hybrid_pipeline - INFO - Tile tile_x16128_y7680: 核心遮罩全空 → 空白 placeholder
2026-07-26 13:17:42,251 - hybrid_pipeline - INFO - Tile tile_x15360_y7680: 核心遮罩全空 → 空白 placeholder
2026-07-26 13:17:42,290 - hybrid_pipeline - INFO - [256/576] 已回收 tile_x16128_y7680
2026-07-26 13:17:42,309 - hybrid_pipeline - INFO - [257/576] 已回收 tile_x15360_y7680
2026-07-26 13:17:42,323 - hybrid_pipeline - INFO - Tile tile_x14592_y7680: 核心遮罩全空 → 空白 placeholder
2026-07-26 13:17:42,337 - hybrid_pipeline - INFO - Tile tile_x16896_y7680: 核心遮罩全空 → 空白 placeholder
2026-07-26 13:17:42,365 - hybrid_pipeline - INFO - [258/576] 已回收 tile_x14592_y7680
2026-07-26 13:17:42,394 - hybrid_pipeline - INFO - Tile tile_x17664_y7680: 核心遮罩全空 → 空白 placeholder
2026-07-26 13:17:42,473 - hybrid_pipeline - INFO - [259/576] 已回收 tile_x1536_y7680
2026-07-26 13:17:42,501 - m3_module.m3_cells_generator - INFO - All-positive 標註完成: 66 個細胞
2026-07-26 13:17:42,546 - m3_module.m3_cells_generator - INFO - enlarge_cell_instances: 66 顆細胞, factor=1.50(面積), 中位半徑=22.8px, 外擴=5.1px
2026-07-26 13:17:42,565 - hybrid_pipeline - INFO - [260/576] 已回收 tile_x2304_y7680
2026-07-26 13:17:42,570 - m3_module.m3_cells_generator - INFO - All-positive 標註完成: 0 個細胞
2026-07-26 13:17:42,575 - m3_module.m3_elastic_matching - INFO - elastic_dish_nucleus_matching(overlap-first): IHC=66, DISH=5, matched(1核)=2 (其中重疊=2), drop-out(競爭落敗)=1, 無候選(計入)=63, factor=1.50, min_reach=20.0
2026-07-26 13:17:42,697 - m3_module.m3_dot_detection - INFO - detect_all_dots: 紅點=0, 黑點=0, 涉及細胞=66
2026-07-26 13:17:42,711 - m3_module.m3_dot_detection - INFO - detect_all_dots: 紅點=0, 黑點=0, 涉及細胞=0
2026-07-26 13:17:42,743 - m4_module.cell_crops - INFO - 匯出 0 張 per-cell 影像至 /data/taro_Projects/tsgh/output/r7_keep/cell_crops/tile_x5376_y7680/cells
2026-07-26 13:17:42,743 - hybrid_pipeline - INFO - Tile tile_x5376_y7680 完成: 核心擁有 0 細胞 (0 陽性), 1.12 秒
2026-07-26 13:17:42,856 - m4_module.cell_crops - INFO - 匯出 31 張 per-cell 影像至 /data/taro_Projects/tsgh/output/r7_keep/cell_crops/tile_x3072_y7680/cells
2026-07-26 13:17:42,856 - hybrid_pipeline - INFO - Tile tile_x3072_y7680 完成: 核心擁有 31 細胞 (31 陽性), 1.39 秒
2026-07-26 13:17:43,385 - hybrid_pipeline - INFO - [261/576] 已回收 tile_x16896_y7680
2026-07-26 13:17:43,413 - m3_module.m3_cells_generator - INFO - All-positive 標註完成: 41 個細胞
2026-07-26 13:17:43,435 - hybrid_pipeline - INFO - [262/576] 已回收 tile_x17664_y7680
2026-07-26 13:17:43,463 - m3_module.m3_cells_generator - INFO - enlarge_cell_instances: 41 顆細胞, factor=1.50(面積), 中位半徑=19.6px, 外擴=4.4px
2026-07-26 13:17:43,471 - m3_module.m3_cells_generator - INFO - All-positive 標註完成: 99 個細胞
2026-07-26 13:17:43,491 - m3_module.m3_elastic_matching - INFO - elastic_dish_nucleus_matching(overlap-first): IHC=41, DISH=10, matched(1核)=10 (其中重疊=10), drop-out(競爭落敗)=7, 無候選(計入)=24, factor=1.50, min_reach=20.0
2026-07-26 13:17:43,512 - hybrid_pipeline - INFO - [263/576] 已回收 tile_x3072_y7680
2026-07-26 13:17:43,531 - m3_module.m3_cells_generator - INFO - enlarge_cell_instances: 99 顆細胞, factor=1.50(面積), 中位半徑=26.0px, 外擴=5.8px
2026-07-26 13:17:43,550 - m3_module.m3_cells_generator - INFO - All-positive 標註完成: 112 個細胞
2026-07-26 13:17:43,562 - m3_module.m3_elastic_matching - INFO - elastic_dish_nucleus_matching(overlap-first): IHC=99, DISH=8, matched(1核)=7 (其中重疊=7), drop-out(競爭落敗)=5, 無候選(計入)=87, factor=1.50, min_reach=20.0
2026-07-26 13:17:43,562 - hybrid_pipeline - INFO - [264/576] 已回收 tile_x5376_y7680
2026-07-26 13:17:43,593 - m3_module.m3_cells_generator - INFO - All-positive 標註完成: 105 個細胞
2026-07-26 13:17:43,605 - m3_module.m3_cells_generator - INFO - enlarge_cell_instances: 112 顆細胞, factor=1.50(面積), 中位半徑=26.0px, 外擴=5.9px
2026-07-26 13:17:43,634 - m3_module.m3_elastic_matching - INFO - elastic_dish_nucleus_matching(overlap-first): IHC=112, DISH=21, matched(1核)=20 (其中重疊=20), drop-out(競爭落敗)=6, 無候選(計入)=86, factor=1.50, min_reach=20.0
2026-07-26 13:17:43,647 - m3_module.m3_cells_generator - INFO - enlarge_cell_instances: 105 顆細胞, factor=1.50(面積), 中位半徑=24.7px, 外擴=5.5px
2026-07-26 13:17:43,671 - m3_module.m3_dot_detection - INFO - detect_all_dots: 紅點=18, 黑點=27, 涉及細胞=41
2026-07-26 13:17:43,676 - m3_module.m3_elastic_matching - INFO - elastic_dish_nucleus_matching(overlap-first): IHC=105, DISH=14, matched(1核)=13 (其中重疊=13), drop-out(競爭落敗)=6, 無候選(計入)=86, factor=1.50, min_reach=20.0
2026-07-26 13:17:43,700 - m3_module.m3_dot_detection - INFO - detect_all_dots: 紅點=5, 黑點=7, 涉及細胞=99
2026-07-26 13:17:43,816 - m3_module.m3_dot_detection - INFO - detect_all_dots: 紅點=6, 黑點=7, 涉及細胞=105
2026-07-26 13:17:43,823 - m3_module.m3_dot_detection - INFO - detect_all_dots: 紅點=25, 黑點=35, 涉及細胞=112
2026-07-26 13:17:43,824 - m4_module.cell_crops - INFO - 匯出 15 張 per-cell 影像至 /data/taro_Projects/tsgh/output/r7_keep/cell_crops/tile_x0_y8448/cells
2026-07-26 13:17:43,824 - hybrid_pipeline - INFO - Tile tile_x0_y8448 完成: 核心擁有 15 細胞 (15 陽性), 1.52 秒
2026-07-26 13:17:43,990 - m4_module.cell_crops - INFO - 匯出 65 張 per-cell 影像至 /data/taro_Projects/tsgh/output/r7_keep/cell_crops/tile_x1536_y8448/cells
2026-07-26 13:17:43,990 - hybrid_pipeline - INFO - Tile tile_x1536_y8448 完成: 核心擁有 65 細胞 (65 陽性), 1.63 秒
2026-07-26 13:17:44,125 - m4_module.cell_crops - INFO - 匯出 62 張 per-cell 影像至 /data/taro_Projects/tsgh/output/r7_keep/cell_crops/tile_x3072_y8448/cells
2026-07-26 13:17:44,125 - hybrid_pipeline - INFO - Tile tile_x3072_y8448 完成: 核心擁有 62 細胞 (62 陽性), 1.56 秒
2026-07-26 13:17:44,125 - hybrid_pipeline - INFO - [265/576] 已回收 tile_x3072_y8448
2026-07-26 13:17:44,134 - m4_module.cell_crops - INFO - 匯出 70 張 per-cell 影像至 /data/taro_Projects/tsgh/output/r7_keep/cell_crops/tile_x768_y8448/cells
2026-07-26 13:17:44,134 - hybrid_pipeline - INFO - Tile tile_x768_y8448 完成: 核心擁有 70 細胞 (70 陽性), 1.66 秒
2026-07-26 13:17:44,135 - hybrid_pipeline - INFO - [266/576] 已回收 tile_x768_y8448
2026-07-26 13:17:44,150 - hybrid_pipeline - INFO - Tile tile_x5376_y8448: 核心遮罩全空 → 空白 placeholder
2026-07-26 13:17:44,164 - hybrid_pipeline - INFO - Tile tile_x4608_y8448: 核心遮罩全空 → 空白 placeholder
2026-07-26 13:17:44,175 - hybrid_pipeline - INFO - [267/576] 已回收 tile_x5376_y8448
2026-07-26 13:17:44,186 - hybrid_pipeline - INFO - [268/576] 已回收 tile_x4608_y8448
2026-07-26 13:17:44,206 - hybrid_pipeline - INFO - Tile tile_x6144_y8448: 核心遮罩全空 → 空白 placeholder
2026-07-26 13:17:44,212 - hybrid_pipeline - INFO - Tile tile_x6912_y8448: 核心遮罩全空 → 空白 placeholder
2026-07-26 13:17:44,248 - hybrid_pipeline - INFO - [269/576] 已回收 tile_x6144_y8448
2026-07-26 13:17:44,254 - hybrid_pipeline - INFO - [270/576] 已回收 tile_x6912_y8448
2026-07-26 13:17:44,273 - hybrid_pipeline - INFO - Tile tile_x7680_y8448: 核心遮罩全空 → 空白 placeholder
2026-07-26 13:17:44,283 - hybrid_pipeline - INFO - Tile tile_x10752_y8448: 核心遮罩全空 → 空白 placeholder
2026-07-26 13:17:44,288 - hybrid_pipeline - INFO - [271/576] 已回收 tile_x1536_y8448
2026-07-26 13:17:44,293 - hybrid_pipeline - INFO - [272/576] 已回收 tile_x7680_y8448
2026-07-26 13:17:44,301 - hybrid_pipeline - INFO - [273/576] 已回收 tile_x0_y8448
2026-07-26 13:17:44,303 - hybrid_pipeline - INFO - [274/576] 已回收 tile_x10752_y8448
2026-07-26 13:17:44,319 - m3_module.m3_cells_generator - INFO - All-positive 標註完成: 15 個細胞
2026-07-26 13:17:44,328 - hybrid_pipeline - INFO - Tile tile_x8448_y8448: 核心遮罩全空 → 空白 placeholder
2026-07-26 13:17:44,329 - m3_module.m3_cells_generator - INFO - All-positive 標註完成: 124 個細胞
2026-07-26 13:17:44,335 - hybrid_pipeline - INFO - Tile tile_x9984_y8448: 核心遮罩全空 → 空白 placeholder
2026-07-26 13:17:44,355 - m3_module.m3_cells_generator - INFO - enlarge_cell_instances: 15 顆細胞, factor=1.50(面積), 中位半徑=23.6px, 外擴=5.3px
2026-07-26 13:17:44,379 - m3_module.m3_elastic_matching - INFO - elastic_dish_nucleus_matching(overlap-first): IHC=15, DISH=4, matched(1核)=3 (其中重疊=3), drop-out(競爭落敗)=1, 無候選(計入)=11, factor=1.50, min_reach=20.0
2026-07-26 13:17:44,380 - hybrid_pipeline - INFO - [275/576] 已回收 tile_x8448_y8448
2026-07-26 13:17:44,385 - m3_module.m3_cells_generator - INFO - enlarge_cell_instances: 124 顆細胞, factor=1.50(面積), 中位半徑=24.2px, 外擴=5.4px
2026-07-26 13:17:44,395 - hybrid_pipeline - INFO - [276/576] 已回收 tile_x9984_y8448
2026-07-26 13:17:44,409 - hybrid_pipeline - INFO - Tile tile_x11520_y8448: 核心遮罩全空 → 空白 placeholder
2026-07-26 13:17:44,416 - m3_module.m3_elastic_matching - INFO - elastic_dish_nucleus_matching(overlap-first): IHC=124, DISH=13, matched(1核)=12 (其中重疊=12), drop-out(競爭落敗)=5, 無候選(計入)=107, factor=1.50, min_reach=20.0
2026-07-26 13:17:44,419 - hybrid_pipeline - INFO - [277/576] 已回收 tile_x11520_y8448
2026-07-26 13:17:44,425 - hybrid_pipeline - INFO - Tile tile_x16128_y8448: 核心遮罩全空 → 空白 placeholder
2026-07-26 13:17:44,435 - hybrid_pipeline - INFO - [278/576] 已回收 tile_x16128_y8448
2026-07-26 13:17:44,451 - hybrid_pipeline - INFO - Tile tile_x15360_y8448: 核心遮罩全空 → 空白 placeholder
2026-07-26 13:17:44,461 - hybrid_pipeline - INFO - [279/576] 已回收 tile_x15360_y8448
2026-07-26 13:17:44,466 - hybrid_pipeline - INFO - Tile tile_x16896_y8448: 核心遮罩全空 → 空白 placeholder
2026-07-26 13:17:44,477 - hybrid_pipeline - INFO - [280/576] 已回收 tile_x16896_y8448
2026-07-26 13:17:44,490 - hybrid_pipeline - INFO - Tile tile_x17664_y8448: 核心遮罩全空 → 空白 placeholder
2026-07-26 13:17:44,501 - m3_module.m3_dot_detection - INFO - detect_all_dots: 紅點=1, 黑點=0, 涉及細胞=15
2026-07-26 13:17:44,505 - hybrid_pipeline - INFO - Tile tile_x13824_y8448: 核心遮罩全空 → 空白 placeholder
2026-07-26 13:17:44,507 - hybrid_pipeline - INFO - [281/576] 已回收 tile_x17664_y8448
2026-07-26 13:17:44,520 - hybrid_pipeline - INFO - [282/576] 已回收 tile_x13824_y8448
2026-07-26 13:17:44,532 - hybrid_pipeline - INFO - Tile tile_x14592_y8448: 核心遮罩全空 → 空白 placeholder
2026-07-26 13:17:44,549 - hybrid_pipeline - INFO - Tile tile_x13056_y8448: 核心遮罩全空 → 空白 placeholder
2026-07-26 13:17:44,572 - m3_module.m3_dot_detection - INFO - detect_all_dots: 紅點=9, 黑點=14, 涉及細胞=124
2026-07-26 13:17:44,597 - m4_module.cell_crops - INFO - 匯出 0 張 per-cell 影像至 /data/taro_Projects/tsgh/output/r7_keep/cell_crops/tile_x3840_y8448/cells
2026-07-26 13:17:44,597 - hybrid_pipeline - INFO - Tile tile_x3840_y8448 完成: 核心擁有 0 細胞 (0 陽性), 1.16 秒
2026-07-26 13:17:44,597 - hybrid_pipeline - INFO - [283/576] 已回收 tile_x3840_y8448
2026-07-26 13:17:44,624 - hybrid_pipeline - INFO - Tile tile_x9216_y8448: 核心遮罩全空 → 空白 placeholder
2026-07-26 13:17:44,949 - m4_module.cell_crops - INFO - 匯出 61 張 per-cell 影像至 /data/taro_Projects/tsgh/output/r7_keep/cell_crops/tile_x2304_y8448/cells
2026-07-26 13:17:44,949 - hybrid_pipeline - INFO - Tile tile_x2304_y8448 完成: 核心擁有 61 細胞 (61 陽性), 1.56 秒
2026-07-26 13:17:44,950 - hybrid_pipeline - INFO - [284/576] 已回收 tile_x2304_y8448
2026-07-26 13:17:44,975 - hybrid_pipeline - INFO - Tile tile_x12288_y8448: 核心遮罩全空 → 空白 placeholder
2026-07-26 13:17:45,593 - hybrid_pipeline - INFO - [285/576] 已回收 tile_x13056_y8448
2026-07-26 13:17:45,608 - hybrid_pipeline - INFO - [286/576] 已回收 tile_x14592_y8448
2026-07-26 13:17:45,620 - hybrid_pipeline - INFO - [287/576] 已回收 tile_x9216_y8448
2026-07-26 13:17:45,623 - m3_module.m3_cells_generator - INFO - All-positive 標註完成: 55 個細胞
2026-07-26 13:17:45,639 - m3_module.m3_cells_generator - INFO - All-positive 標註完成: 73 個細胞
2026-07-26 13:17:45,648 - m3_module.m3_cells_generator - INFO - All-positive 標註完成: 68 個細胞
2026-07-26 13:17:45,670 - m3_module.m3_cells_generator - INFO - enlarge_cell_instances: 55 顆細胞, factor=1.50(面積), 中位半徑=20.7px, 外擴=4.7px
2026-07-26 13:17:45,690 - m3_module.m3_cells_generator - INFO - enlarge_cell_instances: 73 顆細胞, factor=1.50(面積), 中位半徑=21.9px, 外擴=4.9px
2026-07-26 13:17:45,701 - m3_module.m3_elastic_matching - INFO - elastic_dish_nucleus_matching(overlap-first): IHC=55, DISH=10, matched(1核)=6 (其中重疊=6), drop-out(競爭落敗)=5, 無候選(計入)=44, factor=1.50, min_reach=20.0
2026-07-26 13:17:45,702 - m3_module.m3_cells_generator - INFO - enlarge_cell_instances: 68 顆細胞, factor=1.50(面積), 中位半徑=23.2px, 外擴=5.2px
2026-07-26 13:17:45,726 - m3_module.m3_elastic_matching - INFO - elastic_dish_nucleus_matching(overlap-first): IHC=73, DISH=34, matched(1核)=13 (其中重疊=13), drop-out(競爭落敗)=3, 無候選(計入)=57, factor=1.50, min_reach=20.0
2026-07-26 13:17:45,737 - m3_module.m3_elastic_matching - INFO - elastic_dish_nucleus_matching(overlap-first): IHC=68, DISH=14, matched(1核)=10 (其中重疊=10), drop-out(競爭落敗)=4, 無候選(計入)=54, factor=1.50, min_reach=20.0
2026-07-26 13:17:45,852 - m3_module.m3_dot_detection - INFO - detect_all_dots: 紅點=6, 黑點=6, 涉及細胞=55
2026-07-26 13:17:45,899 - m3_module.m3_dot_detection - INFO - detect_all_dots: 紅點=11, 黑點=17, 涉及細胞=68
2026-07-26 13:17:45,910 - m3_module.m3_dot_detection - INFO - detect_all_dots: 紅點=15, 黑點=27, 涉及細胞=73
2026-07-26 13:17:45,929 - hybrid_pipeline - INFO - [288/576] 已回收 tile_x12288_y8448
2026-07-26 13:17:45,955 - m3_module.m3_cells_generator - INFO - All-positive 標註完成: 36 個細胞
2026-07-26 13:17:45,999 - m3_module.m3_cells_generator - INFO - enlarge_cell_instances: 36 顆細胞, factor=1.50(面積), 中位半徑=23.7px, 外擴=5.3px
2026-07-26 13:17:46,024 - m3_module.m3_elastic_matching - INFO - elastic_dish_nucleus_matching(overlap-first): IHC=36, DISH=3, matched(1核)=1 (其中重疊=1), drop-out(競爭落敗)=0, 無候選(計入)=35, factor=1.50, min_reach=20.0
2026-07-26 13:17:46,050 - m4_module.cell_crops - INFO - 匯出 32 張 per-cell 影像至 /data/taro_Projects/tsgh/output/r7_keep/cell_crops/tile_x1536_y9216/cells
2026-07-26 13:17:46,050 - hybrid_pipeline - INFO - Tile tile_x1536_y9216 完成: 核心擁有 32 細胞 (32 陽性), 1.53 秒
2026-07-26 13:17:46,145 - m4_module.cell_crops - INFO - 匯出 42 張 per-cell 影像至 /data/taro_Projects/tsgh/output/r7_keep/cell_crops/tile_x2304_y9216/cells
2026-07-26 13:17:46,145 - hybrid_pipeline - INFO - Tile tile_x2304_y9216 完成: 核心擁有 42 細胞 (42 陽性), 1.55 秒
2026-07-26 13:17:46,146 - hybrid_pipeline - INFO - [289/576] 已回收 tile_x2304_y9216
2026-07-26 13:17:46,146 - m3_module.m3_dot_detection - INFO - detect_all_dots: 紅點=0, 黑點=0, 涉及細胞=36
2026-07-26 13:17:46,173 - hybrid_pipeline - INFO - Tile tile_x4608_y9216: 核心遮罩全空 → 空白 placeholder
2026-07-26 13:17:46,187 - hybrid_pipeline - INFO - [290/576] 已回收 tile_x4608_y9216
2026-07-26 13:17:46,190 - m4_module.cell_crops - INFO - 匯出 61 張 per-cell 影像至 /data/taro_Projects/tsgh/output/r7_keep/cell_crops/tile_x0_y9216/cells
2026-07-26 13:17:46,191 - hybrid_pipeline - INFO - Tile tile_x0_y9216 完成: 核心擁有 61 細胞 (61 陽性), 1.68 秒
2026-07-26 13:17:46,212 - hybrid_pipeline - INFO - Tile tile_x6144_y9216: 核心遮罩全空 → 空白 placeholder
2026-07-26 13:17:46,255 - hybrid_pipeline - INFO - [291/576] 已回收 tile_x6144_y9216
2026-07-26 13:17:46,283 - hybrid_pipeline - INFO - Tile tile_x6912_y9216: 核心遮罩全空 → 空白 placeholder
2026-07-26 13:17:46,289 - m4_module.cell_crops - INFO - 匯出 16 張 per-cell 影像至 /data/taro_Projects/tsgh/output/r7_keep/cell_crops/tile_x768_y9216/cells
2026-07-26 13:17:46,289 - hybrid_pipeline - INFO - Tile tile_x768_y9216 完成: 核心擁有 16 細胞 (16 陽性), 1.34 秒
2026-07-26 13:17:46,289 - hybrid_pipeline - INFO - [292/576] 已回收 tile_x768_y9216
2026-07-26 13:17:46,314 - hybrid_pipeline - INFO - Tile tile_x5376_y9216: 核心遮罩全空 → 空白 placeholder
2026-07-26 13:17:46,335 - hybrid_pipeline - INFO - [293/576] 已回收 tile_x6912_y9216
2026-07-26 13:17:46,364 - hybrid_pipeline - INFO - Tile tile_x7680_y9216: 核心遮罩全空 → 空白 placeholder
2026-07-26 13:17:46,377 - hybrid_pipeline - INFO - [294/576] 已回收 tile_x5376_y9216
2026-07-26 13:17:46,404 - hybrid_pipeline - INFO - Tile tile_x8448_y9216: 核心遮罩全空 → 空白 placeholder
2026-07-26 13:17:46,422 - hybrid_pipeline - INFO - [295/576] 已回收 tile_x7680_y9216
2026-07-26 13:17:46,450 - hybrid_pipeline - INFO - Tile tile_x9984_y9216: 核心遮罩全空 → 空白 placeholder
2026-07-26 13:17:46,468 - hybrid_pipeline - INFO - [296/576] 已回收 tile_x8448_y9216
2026-07-26 13:17:46,493 - hybrid_pipeline - INFO - [297/576] 已回收 tile_x9984_y9216
2026-07-26 13:17:46,497 - hybrid_pipeline - INFO - Tile tile_x10752_y9216: 核心遮罩全空 → 空白 placeholder
2026-07-26 13:17:46,514 - hybrid_pipeline - INFO - [298/576] 已回收 tile_x10752_y9216
2026-07-26 13:17:46,525 - hybrid_pipeline - INFO - Tile tile_x11520_y9216: 核心遮罩全空 → 空白 placeholder
2026-07-26 13:17:46,539 - hybrid_pipeline - INFO - [299/576] 已回收 tile_x11520_y9216
2026-07-26 13:17:46,543 - hybrid_pipeline - INFO - Tile tile_x9216_y9216: 核心遮罩全空 → 空白 placeholder
2026-07-26 13:17:46,568 - hybrid_pipeline - INFO - Tile tile_x12288_y9216: 核心遮罩全空 → 空白 placeholder
2026-07-26 13:17:46,576 - hybrid_pipeline - INFO - [300/576] 已回收 tile_x9216_y9216
2026-07-26 13:17:46,587 - hybrid_pipeline - INFO - [301/576] 已回收 tile_x12288_y9216
2026-07-26 13:17:46,605 - hybrid_pipeline - INFO - Tile tile_x13056_y9216: 核心遮罩全空 → 空白 placeholder
2026-07-26 13:17:46,613 - hybrid_pipeline - INFO - [302/576] 已回收 tile_x1536_y9216
2026-07-26 13:17:46,620 - hybrid_pipeline - INFO - Tile tile_x14592_y9216: 核心遮罩全空 → 空白 placeholder
2026-07-26 13:17:46,631 - hybrid_pipeline - INFO - [303/576] 已回收 tile_x13056_y9216
2026-07-26 13:17:46,641 - hybrid_pipeline - INFO - [304/576] 已回收 tile_x14592_y9216
2026-07-26 13:17:46,642 - m3_module.m3_cells_generator - INFO - All-positive 標註完成: 72 個細胞
2026-07-26 13:17:46,652 - hybrid_pipeline - INFO - [305/576] 已回收 tile_x0_y9216
2026-07-26 13:17:46,665 - hybrid_pipeline - INFO - Tile tile_x16128_y9216: 核心遮罩全空 → 空白 placeholder
2026-07-26 13:17:46,673 - hybrid_pipeline - INFO - Tile tile_x15360_y9216: 核心遮罩全空 → 空白 placeholder
2026-07-26 13:17:46,679 - m3_module.m3_cells_generator - INFO - All-positive 標註完成: 27 個細胞
2026-07-26 13:17:46,699 - m3_module.m3_cells_generator - INFO - enlarge_cell_instances: 72 顆細胞, factor=1.50(面積), 中位半徑=23.5px, 外擴=5.3px
2026-07-26 13:17:46,703 - hybrid_pipeline - INFO - [306/576] 已回收 tile_x16128_y9216
2026-07-26 13:17:46,711 - hybrid_pipeline - INFO - [307/576] 已回收 tile_x15360_y9216
2026-07-26 13:17:46,721 - m3_module.m3_cells_generator - INFO - enlarge_cell_instances: 27 顆細胞, factor=1.50(面積), 中位半徑=24.3px, 外擴=5.5px
2026-07-26 13:17:46,731 - m3_module.m3_elastic_matching - INFO - elastic_dish_nucleus_matching(overlap-first): IHC=72, DISH=4, matched(1核)=4 (其中重疊=4), drop-out(競爭落敗)=3, 無候選(計入)=65, factor=1.50, min_reach=20.0
2026-07-26 13:17:46,735 - hybrid_pipeline - INFO - Tile tile_x13824_y9216: 核心遮罩全空 → 空白 placeholder
2026-07-26 13:17:46,743 - hybrid_pipeline - INFO - Tile tile_x17664_y9216: 核心遮罩全空 → 空白 placeholder
2026-07-26 13:17:46,750 - m3_module.m3_elastic_matching - INFO - elastic_dish_nucleus_matching(overlap-first): IHC=27, DISH=1, matched(1核)=1 (其中重疊=1), drop-out(競爭落敗)=0, 無候選(計入)=26, factor=1.50, min_reach=20.0
2026-07-26 13:17:46,879 - m3_module.m3_dot_detection - INFO - detect_all_dots: 紅點=6, 黑點=7, 涉及細胞=72
2026-07-26 13:17:46,880 - m3_module.m3_dot_detection - INFO - detect_all_dots: 紅點=1, 黑點=2, 涉及細胞=27
2026-07-26 13:17:46,996 - m4_module.cell_crops - INFO - 匯出 16 張 per-cell 影像至 /data/taro_Projects/tsgh/output/r7_keep/cell_crops/tile_x3840_y9216/cells
2026-07-26 13:17:46,996 - hybrid_pipeline - INFO - Tile tile_x3840_y9216 完成: 核心擁有 16 細胞 (16 陽性), 1.39 秒
2026-07-26 13:17:47,101 - m4_module.cell_crops - INFO - 匯出 36 張 per-cell 影像至 /data/taro_Projects/tsgh/output/r7_keep/cell_crops/tile_x3072_y9216/cells
2026-07-26 13:17:47,102 - hybrid_pipeline - INFO - Tile tile_x3072_y9216 完成: 核心擁有 36 細胞 (36 陽性), 1.51 秒
2026-07-26 13:17:47,102 - hybrid_pipeline - INFO - [308/576] 已回收 tile_x3072_y9216
2026-07-26 13:17:47,126 - hybrid_pipeline - INFO - Tile tile_x16896_y9216: 核心遮罩全空 → 空白 placeholder
2026-07-26 13:17:47,367 - cellpose.dynamics - INFO - No cell pixels found.
2026-07-26 13:17:47,734 - hybrid_pipeline - INFO - [309/576] 已回收 tile_x3840_y9216
2026-07-26 13:17:47,759 - m3_module.m3_cells_generator - INFO - All-positive 標註完成: 137 個細胞
2026-07-26 13:17:47,784 - hybrid_pipeline - INFO - [310/576] 已回收 tile_x17664_y9216
2026-07-26 13:17:47,815 - hybrid_pipeline - INFO - [311/576] 已回收 tile_x13824_y9216
2026-07-26 13:17:47,823 - m3_module.m3_cells_generator - INFO - All-positive 標註完成: 71 個細胞
2026-07-26 13:17:47,824 - m3_module.m3_cells_generator - INFO - enlarge_cell_instances: 137 顆細胞, factor=1.50(面積), 中位半徑=23.6px, 外擴=5.3px
2026-07-26 13:17:47,847 - m3_module.m3_cells_generator - INFO - All-positive 標註完成: 89 個細胞
2026-07-26 13:17:47,854 - hybrid_pipeline - INFO - [312/576] 已回收 tile_x16896_y9216
2026-07-26 13:17:47,857 - m3_module.m3_elastic_matching - INFO - elastic_dish_nucleus_matching(overlap-first): IHC=137, DISH=32, matched(1核)=15 (其中重疊=15), drop-out(競爭落敗)=2, 無候選(計入)=120, factor=1.50, min_reach=20.0
2026-07-26 13:17:47,860 - m3_module.m3_cells_generator - INFO - All-positive 標註完成: 0 個細胞
2026-07-26 13:17:47,879 - m3_module.m3_cells_generator - INFO - enlarge_cell_instances: 71 顆細胞, factor=1.50(面積), 中位半徑=23.3px, 外擴=5.2px
2026-07-26 13:17:47,900 - m3_module.m3_cells_generator - INFO - enlarge_cell_instances: 89 顆細胞, factor=1.50(面積), 中位半徑=26.0px, 外擴=5.9px
2026-07-26 13:17:47,908 - m3_module.m3_elastic_matching - INFO - elastic_dish_nucleus_matching(overlap-first): IHC=71, DISH=7, matched(1核)=5 (其中重疊=5), drop-out(競爭落敗)=3, 無候選(計入)=63, factor=1.50, min_reach=20.0
2026-07-26 13:17:47,929 - m3_module.m3_elastic_matching - INFO - elastic_dish_nucleus_matching(overlap-first): IHC=89, DISH=31, matched(1核)=17 (其中重疊=15), drop-out(競爭落敗)=5, 無候選(計入)=67, factor=1.50, min_reach=20.0
2026-07-26 13:17:48,013 - m3_module.m3_dot_detection - INFO - detect_all_dots: 紅點=0, 黑點=0, 涉及細胞=0
2026-07-26 13:17:48,038 - m3_module.m3_dot_detection - INFO - detect_all_dots: 紅點=3, 黑點=2, 涉及細胞=71
2026-07-26 13:17:48,042 - m3_module.m3_dot_detection - INFO - detect_all_dots: 紅點=15, 黑點=25, 涉及細胞=137
2026-07-26 13:17:48,044 - m4_module.cell_crops - INFO - 匯出 0 張 per-cell 影像至 /data/taro_Projects/tsgh/output/r7_keep/cell_crops/tile_x3072_y9984/cells
2026-07-26 13:17:48,044 - hybrid_pipeline - INFO - Tile tile_x3072_y9984 完成: 核心擁有 0 細胞 (0 陽性), 0.94 秒
2026-07-26 13:17:48,044 - hybrid_pipeline - INFO - [313/576] 已回收 tile_x3072_y9984
2026-07-26 13:17:48,067 - hybrid_pipeline - INFO - Tile tile_x5376_y9984: 核心遮罩全空 → 空白 placeholder
2026-07-26 13:17:48,090 - m3_module.m3_dot_detection - INFO - detect_all_dots: 紅點=9, 黑點=15, 涉及細胞=89
2026-07-26 13:17:48,092 - hybrid_pipeline - INFO - [314/576] 已回收 tile_x5376_y9984
2026-07-26 13:17:48,116 - hybrid_pipeline - INFO - Tile tile_x6144_y9984: 核心遮罩全空 → 空白 placeholder
2026-07-26 13:17:48,126 - hybrid_pipeline - INFO - [315/576] 已回收 tile_x6144_y9984
2026-07-26 13:17:48,157 - hybrid_pipeline - INFO - Tile tile_x6912_y9984: 核心遮罩全空 → 空白 placeholder
2026-07-26 13:17:48,165 - hybrid_pipeline - INFO - [316/576] 已回收 tile_x6912_y9984
2026-07-26 13:17:48,191 - hybrid_pipeline - INFO - Tile tile_x9984_y9984: 核心遮罩全空 → 空白 placeholder
2026-07-26 13:17:48,199 - hybrid_pipeline - INFO - [317/576] 已回收 tile_x9984_y9984
2026-07-26 13:17:48,224 - hybrid_pipeline - INFO - Tile tile_x9216_y9984: 核心遮罩全空 → 空白 placeholder
2026-07-26 13:17:48,226 - m4_module.cell_crops - INFO - 匯出 36 張 per-cell 影像至 /data/taro_Projects/tsgh/output/r7_keep/cell_crops/tile_x768_y9984/cells
2026-07-26 13:17:48,226 - hybrid_pipeline - INFO - Tile tile_x768_y9984 完成: 核心擁有 36 細胞 (36 陽性), 1.51 秒
2026-07-26 13:17:48,226 - hybrid_pipeline - INFO - [318/576] 已回收 tile_x768_y9984
2026-07-26 13:17:48,252 - hybrid_pipeline - INFO - Tile tile_x3840_y9984: 核心遮罩全空 → 空白 placeholder
2026-07-26 13:17:48,259 - hybrid_pipeline - INFO - [319/576] 已回收 tile_x9216_y9984
2026-07-26 13:17:48,289 - hybrid_pipeline - INFO - Tile tile_x7680_y9984: 核心遮罩全空 → 空白 placeholder
2026-07-26 13:17:48,292 - hybrid_pipeline - INFO - [320/576] 已回收 tile_x3840_y9984
2026-07-26 13:17:48,324 - hybrid_pipeline - INFO - Tile tile_x8448_y9984: 核心遮罩全空 → 空白 placeholder
2026-07-26 13:17:48,330 - hybrid_pipeline - INFO - [321/576] 已回收 tile_x7680_y9984
2026-07-26 13:17:48,361 - hybrid_pipeline - INFO - Tile tile_x10752_y9984: 核心遮罩全空 → 空白 placeholder
2026-07-26 13:17:48,361 - hybrid_pipeline - INFO - [322/576] 已回收 tile_x8448_y9984
2026-07-26 13:17:48,369 - m4_module.cell_crops - INFO - 匯出 58 張 per-cell 影像至 /data/taro_Projects/tsgh/output/r7_keep/cell_crops/tile_x1536_y9984/cells
2026-07-26 13:17:48,369 - hybrid_pipeline - INFO - Tile tile_x1536_y9984 完成: 核心擁有 58 細胞 (58 陽性), 1.67 秒
2026-07-26 13:17:48,370 - hybrid_pipeline - INFO - [323/576] 已回收 tile_x1536_y9984
2026-07-26 13:17:48,392 - hybrid_pipeline - INFO - Tile tile_x12288_y9984: 核心遮罩全空 → 空白 placeholder
2026-07-26 13:17:48,396 - hybrid_pipeline - INFO - Tile tile_x4608_y9984: 核心遮罩全空 → 空白 placeholder
2026-07-26 13:17:48,402 - m4_module.cell_crops - INFO - 匯出 92 張 per-cell 影像至 /data/taro_Projects/tsgh/output/r7_keep/cell_crops/tile_x0_y9984/cells
2026-07-26 13:17:48,402 - hybrid_pipeline - INFO - Tile tile_x0_y9984 完成: 核心擁有 92 細胞 (92 陽性), 1.75 秒
2026-07-26 13:17:48,405 - hybrid_pipeline - INFO - [324/576] 已回收 tile_x10752_y9984
2026-07-26 13:17:48,434 - hybrid_pipeline - INFO - Tile tile_x11520_y9984: 核心遮罩全空 → 空白 placeholder
2026-07-26 13:17:48,445 - hybrid_pipeline - INFO - [325/576] 已回收 tile_x12288_y9984
2026-07-26 13:17:48,455 - hybrid_pipeline - INFO - [326/576] 已回收 tile_x4608_y9984
2026-07-26 13:17:48,475 - hybrid_pipeline - INFO - [327/576] 已回收 tile_x11520_y9984
2026-07-26 13:17:48,478 - hybrid_pipeline - INFO - Tile tile_x13056_y9984: 核心遮罩全空 → 空白 placeholder
2026-07-26 13:17:48,480 - hybrid_pipeline - INFO - Tile tile_x15360_y9984: 核心遮罩全空 → 空白 placeholder
2026-07-26 13:17:48,503 - hybrid_pipeline - INFO - Tile tile_x13824_y9984: 核心遮罩全空 → 空白 placeholder
2026-07-26 13:17:48,515 - hybrid_pipeline - INFO - [328/576] 已回收 tile_x13056_y9984
2026-07-26 13:17:48,520 - hybrid_pipeline - INFO - [329/576] 已回收 tile_x15360_y9984
2026-07-26 13:17:48,534 - hybrid_pipeline - INFO - [330/576] 已回收 tile_x13824_y9984
2026-07-26 13:17:48,544 - hybrid_pipeline - INFO - Tile tile_x14592_y9984: 核心遮罩全空 → 空白 placeholder
2026-07-26 13:17:48,548 - hybrid_pipeline - INFO - Tile tile_x16128_y9984: 核心遮罩全空 → 空白 placeholder
2026-07-26 13:17:48,561 - hybrid_pipeline - INFO - Tile tile_x16896_y9984: 核心遮罩全空 → 空白 placeholder
2026-07-26 13:17:48,569 - hybrid_pipeline - INFO - [331/576] 已回收 tile_x14592_y9984
2026-07-26 13:17:48,599 - hybrid_pipeline - INFO - Tile tile_x17664_y9984: 核心遮罩全空 → 空白 placeholder
2026-07-26 13:17:48,646 - hybrid_pipeline - INFO - [332/576] 已回收 tile_x0_y9984
2026-07-26 13:17:48,674 - m3_module.m3_cells_generator - INFO - All-positive 標註完成: 30 個細胞
2026-07-26 13:17:48,720 - m3_module.m3_cells_generator - INFO - enlarge_cell_instances: 30 顆細胞, factor=1.50(面積), 中位半徑=22.2px, 外擴=5.0px
2026-07-26 13:17:48,744 - m3_module.m3_elastic_matching - INFO - elastic_dish_nucleus_matching(overlap-first): IHC=30, DISH=14, matched(1核)=3 (其中重疊=3), drop-out(競爭落敗)=0, 無候選(計入)=27, factor=1.50, min_reach=20.0
2026-07-26 13:17:48,862 - m3_module.m3_dot_detection - INFO - detect_all_dots: 紅點=2, 黑點=4, 涉及細胞=30
2026-07-26 13:17:48,990 - m4_module.cell_crops - INFO - 匯出 12 張 per-cell 影像至 /data/taro_Projects/tsgh/output/r7_keep/cell_crops/tile_x2304_y9984/cells
2026-07-26 13:17:48,990 - hybrid_pipeline - INFO - Tile tile_x2304_y9984 完成: 核心擁有 12 細胞 (12 陽性), 1.26 秒
2026-07-26 13:17:48,990 - hybrid_pipeline - INFO - [333/576] 已回收 tile_x2304_y9984
2026-07-26 13:17:49,018 - hybrid_pipeline - INFO - Tile tile_x3072_y10752: 核心遮罩全空 → 空白 placeholder
2026-07-26 13:17:49,643 - hybrid_pipeline - INFO - [334/576] 已回收 tile_x16128_y9984
2026-07-26 13:17:49,676 - m3_module.m3_cells_generator - INFO - All-positive 標註完成: 131 個細胞
2026-07-26 13:17:49,712 - hybrid_pipeline - INFO - [335/576] 已回收 tile_x17664_y9984
2026-07-26 13:17:49,712 - hybrid_pipeline - INFO - [336/576] 已回收 tile_x16896_y9984
2026-07-26 13:17:49,732 - m3_module.m3_cells_generator - INFO - enlarge_cell_instances: 131 顆細胞, factor=1.50(面積), 中位半徑=22.7px, 外擴=5.1px
2026-07-26 13:17:49,748 - m3_module.m3_cells_generator - INFO - All-positive 標註完成: 120 個細胞
2026-07-26 13:17:49,748 - m3_module.m3_cells_generator - INFO - All-positive 標註完成: 109 個細胞
2026-07-26 13:17:49,763 - m3_module.m3_elastic_matching - INFO - elastic_dish_nucleus_matching(overlap-first): IHC=131, DISH=30, matched(1核)=23 (其中重疊=23), drop-out(競爭落敗)=9, 無候選(計入)=99, factor=1.50, min_reach=20.0
2026-07-26 13:17:49,800 - hybrid_pipeline - INFO - [337/576] 已回收 tile_x3072_y10752
2026-07-26 13:17:49,809 - m3_module.m3_cells_generator - INFO - enlarge_cell_instances: 109 顆細胞, factor=1.50(面積), 中位半徑=21.6px, 外擴=4.9px
2026-07-26 13:17:49,817 - m3_module.m3_cells_generator - INFO - enlarge_cell_instances: 120 顆細胞, factor=1.50(面積), 中位半徑=21.2px, 外擴=4.8px
2026-07-26 13:17:49,833 - m3_module.m3_cells_generator - INFO - All-positive 標註完成: 4 個細胞
2026-07-26 13:17:49,844 - m3_module.m3_elastic_matching - INFO - elastic_dish_nucleus_matching(overlap-first): IHC=109, DISH=33, matched(1核)=25 (其中重疊=25), drop-out(競爭落敗)=6, 無候選(計入)=78, factor=1.50, min_reach=20.0
2026-07-26 13:17:49,851 - m3_module.m3_elastic_matching - INFO - elastic_dish_nucleus_matching(overlap-first): IHC=120, DISH=25, matched(1核)=20 (其中重疊=19), drop-out(競爭落敗)=5, 無候選(計入)=95, factor=1.50, min_reach=20.0
2026-07-26 13:17:49,868 - m3_module.m3_cells_generator - INFO - enlarge_cell_instances: 4 顆細胞, factor=1.50(面積), 中位半徑=29.5px, 外擴=6.6px
2026-07-26 13:17:49,900 - m3_module.m3_elastic_matching - INFO - elastic_dish_nucleus_matching(overlap-first): IHC=4, DISH=1, matched(1核)=1 (其中重疊=1), drop-out(競爭落敗)=0, 無候選(計入)=3, factor=1.50, min_reach=20.0
2026-07-26 13:17:50,021 - m3_module.m3_dot_detection - INFO - detect_all_dots: 紅點=0, 黑點=1, 涉及細胞=4
2026-07-26 13:17:50,045 - m3_module.m3_dot_detection - INFO - detect_all_dots: 紅點=41, 黑點=66, 涉及細胞=131
2026-07-26 13:17:50,045 - m3_module.m3_dot_detection - INFO - detect_all_dots: 紅點=29, 黑點=44, 涉及細胞=109
2026-07-26 13:17:50,058 - m3_module.m3_dot_detection - INFO - detect_all_dots: 紅點=26, 黑點=39, 涉及細胞=120
2026-07-26 13:17:50,087 - m4_module.cell_crops - INFO - 匯出 1 張 per-cell 影像至 /data/taro_Projects/tsgh/output/r7_keep/cell_crops/tile_x2304_y10752/cells
2026-07-26 13:17:50,087 - hybrid_pipeline - INFO - Tile tile_x2304_y10752 完成: 核心擁有 1 細胞 (1 陽性), 1.10 秒
2026-07-26 13:17:50,178 - cellpose.dynamics - INFO - No cell pixels found.
2026-07-26 13:17:50,301 - m4_module.cell_crops - INFO - 匯出 67 張 per-cell 影像至 /data/taro_Projects/tsgh/output/r7_keep/cell_crops/tile_x1536_y10752/cells
2026-07-26 13:17:50,301 - hybrid_pipeline - INFO - Tile tile_x1536_y10752 完成: 核心擁有 67 細胞 (67 陽性), 1.73 秒
2026-07-26 13:17:50,319 - m4_module.cell_crops - INFO - 匯出 52 張 per-cell 影像至 /data/taro_Projects/tsgh/output/r7_keep/cell_crops/tile_x768_y10752/cells
2026-07-26 13:17:50,319 - hybrid_pipeline - INFO - Tile tile_x768_y10752 完成: 核心擁有 52 細胞 (52 陽性), 1.79 秒
2026-07-26 13:17:50,378 - m4_module.cell_crops - INFO - 匯出 80 張 per-cell 影像至 /data/taro_Projects/tsgh/output/r7_keep/cell_crops/tile_x0_y10752/cells
2026-07-26 13:17:50,379 - hybrid_pipeline - INFO - Tile tile_x0_y10752 完成: 核心擁有 80 細胞 (80 陽性), 1.86 秒
2026-07-26 13:17:50,539 - hybrid_pipeline - INFO - [338/576] 已回收 tile_x0_y10752
2026-07-26 13:17:50,568 - m3_module.m3_cells_generator - INFO - All-positive 標註完成: 16 個細胞
2026-07-26 13:17:50,605 - m3_module.m3_cells_generator - INFO - enlarge_cell_instances: 16 顆細胞, factor=1.50(面積), 中位半徑=20.1px, 外擴=4.5px
2026-07-26 13:17:50,630 - m3_module.m3_elastic_matching - INFO - elastic_dish_nucleus_matching(overlap-first): IHC=16, DISH=7, matched(1核)=5 (其中重疊=5), drop-out(競爭落敗)=0, 無候選(計入)=11, factor=1.50, min_reach=20.0
2026-07-26 13:17:50,647 - hybrid_pipeline - INFO - [339/576] 已回收 tile_x768_y10752
2026-07-26 13:17:50,651 - m3_module.m3_cells_generator - INFO - All-positive 標註完成: 0 個細胞
2026-07-26 13:17:50,754 - hybrid_pipeline - INFO - [340/576] 已回收 tile_x1536_y10752
2026-07-26 13:17:50,760 - m3_module.m3_dot_detection - INFO - detect_all_dots: 紅點=6, 黑點=5, 涉及細胞=16
2026-07-26 13:17:50,775 - hybrid_pipeline - INFO - [341/576] 已回收 tile_x2304_y10752
2026-07-26 13:17:50,785 - m3_module.m3_dot_detection - INFO - detect_all_dots: 紅點=0, 黑點=0, 涉及細胞=0
2026-07-26 13:17:50,786 - m3_module.m3_cells_generator - INFO - All-positive 標註完成: 23 個細胞
2026-07-26 13:17:50,806 - m3_module.m3_cells_generator - INFO - All-positive 標註完成: 6 個細胞
2026-07-26 13:17:50,816 - m4_module.cell_crops - INFO - 匯出 0 張 per-cell 影像至 /data/taro_Projects/tsgh/output/r7_keep/cell_crops/tile_x3840_y10752/cells
2026-07-26 13:17:50,816 - hybrid_pipeline - INFO - Tile tile_x3840_y10752 完成: 核心擁有 0 細胞 (0 陽性), 1.10 秒
2026-07-26 13:17:50,816 - hybrid_pipeline - INFO - [342/576] 已回收 tile_x3840_y10752
2026-07-26 13:17:50,831 - m3_module.m3_cells_generator - INFO - enlarge_cell_instances: 23 顆細胞, factor=1.50(面積), 中位半徑=19.5px, 外擴=4.4px
2026-07-26 13:17:50,837 - m3_module.m3_cells_generator - INFO - enlarge_cell_instances: 6 顆細胞, factor=1.50(面積), 中位半徑=12.7px, 外擴=2.8px
2026-07-26 13:17:50,842 - hybrid_pipeline - INFO - Tile tile_x7680_y10752: 核心遮罩全空 → 空白 placeholder
2026-07-26 13:17:50,853 - hybrid_pipeline - INFO - [343/576] 已回收 tile_x7680_y10752
2026-07-26 13:17:50,857 - m3_module.m3_elastic_matching - INFO - elastic_dish_nucleus_matching(overlap-first): IHC=23, DISH=15, matched(1核)=10 (其中重疊=9), drop-out(競爭落敗)=1, 無候選(計入)=12, factor=1.50, min_reach=20.0
2026-07-26 13:17:50,860 - m4_module.cell_crops - INFO - 匯出 3 張 per-cell 影像至 /data/taro_Projects/tsgh/output/r7_keep/cell_crops/tile_x4608_y10752/cells
2026-07-26 13:17:50,860 - hybrid_pipeline - INFO - Tile tile_x4608_y10752 完成: 核心擁有 3 細胞 (3 陽性), 1.22 秒
2026-07-26 13:17:50,861 - hybrid_pipeline - INFO - [344/576] 已回收 tile_x4608_y10752
2026-07-26 13:17:50,862 - m3_module.m3_elastic_matching - INFO - elastic_dish_nucleus_matching(overlap-first): IHC=6, DISH=1, matched(1核)=1 (其中重疊=1), drop-out(競爭落敗)=1, 無候選(計入)=4, factor=1.50, min_reach=20.0
2026-07-26 13:17:50,879 - hybrid_pipeline - INFO - Tile tile_x11520_y10752: 核心遮罩全空 → 空白 placeholder
2026-07-26 13:17:50,887 - hybrid_pipeline - INFO - Tile tile_x6912_y10752: 核心遮罩全空 → 空白 placeholder
2026-07-26 13:17:50,909 - hybrid_pipeline - INFO - [345/576] 已回收 tile_x11520_y10752
2026-07-26 13:17:50,916 - hybrid_pipeline - INFO - [346/576] 已回收 tile_x6912_y10752
2026-07-26 13:17:50,934 - hybrid_pipeline - INFO - Tile tile_x9984_y10752: 核心遮罩全空 → 空白 placeholder
2026-07-26 13:17:50,941 - hybrid_pipeline - INFO - Tile tile_x9216_y10752: 核心遮罩全空 → 空白 placeholder
2026-07-26 13:17:50,964 - hybrid_pipeline - INFO - [347/576] 已回收 tile_x9984_y10752
2026-07-26 13:17:50,969 - hybrid_pipeline - INFO - [348/576] 已回收 tile_x9216_y10752
2026-07-26 13:17:50,976 - m3_module.m3_dot_detection - INFO - detect_all_dots: 紅點=12, 黑點=14, 涉及細胞=23
2026-07-26 13:17:50,980 - m3_module.m3_dot_detection - INFO - detect_all_dots: 紅點=0, 黑點=0, 涉及細胞=6
2026-07-26 13:17:50,988 - hybrid_pipeline - INFO - Tile tile_x12288_y10752: 核心遮罩全空 → 空白 placeholder
2026-07-26 13:17:50,993 - hybrid_pipeline - INFO - Tile tile_x13056_y10752: 核心遮罩全空 → 空白 placeholder
2026-07-26 13:17:51,020 - hybrid_pipeline - INFO - [349/576] 已回收 tile_x12288_y10752
2026-07-26 13:17:51,025 - hybrid_pipeline - INFO - [350/576] 已回收 tile_x13056_y10752
2026-07-26 13:17:51,034 - m4_module.cell_crops - INFO - 匯出 0 張 per-cell 影像至 /data/taro_Projects/tsgh/output/r7_keep/cell_crops/tile_x6144_y10752/cells
2026-07-26 13:17:51,034 - hybrid_pipeline - INFO - Tile tile_x6144_y10752 完成: 核心擁有 0 細胞 (0 陽性), 1.23 秒
2026-07-26 13:17:51,035 - hybrid_pipeline - INFO - [351/576] 已回收 tile_x6144_y10752
2026-07-26 13:17:51,045 - hybrid_pipeline - INFO - Tile tile_x13824_y10752: 核心遮罩全空 → 空白 placeholder
2026-07-26 13:17:51,049 - hybrid_pipeline - INFO - Tile tile_x14592_y10752: 核心遮罩全空 → 空白 placeholder
2026-07-26 13:17:51,060 - hybrid_pipeline - INFO - Tile tile_x10752_y10752: 核心遮罩全空 → 空白 placeholder
2026-07-26 13:17:51,077 - m4_module.cell_crops - INFO - 匯出 1 張 per-cell 影像至 /data/taro_Projects/tsgh/output/r7_keep/cell_crops/tile_x5376_y10752/cells
2026-07-26 13:17:51,077 - hybrid_pipeline - INFO - Tile tile_x5376_y10752 完成: 核心擁有 1 細胞 (1 陽性), 1.37 秒
2026-07-26 13:17:51,079 - hybrid_pipeline - INFO - [352/576] 已回收 tile_x5376_y10752
2026-07-26 13:17:51,089 - hybrid_pipeline - INFO - [353/576] 已回收 tile_x13824_y10752
2026-07-26 13:17:51,100 - hybrid_pipeline - INFO - [354/576] 已回收 tile_x14592_y10752
2026-07-26 13:17:51,103 - hybrid_pipeline - INFO - Tile tile_x8448_y10752: 核心遮罩全空 → 空白 placeholder
2026-07-26 13:17:51,117 - hybrid_pipeline - INFO - Tile tile_x15360_y10752: 核心遮罩全空 → 空白 placeholder
2026-07-26 13:17:51,125 - hybrid_pipeline - INFO - Tile tile_x16128_y10752: 核心遮罩全空 → 空白 placeholder
2026-07-26 13:17:51,155 - hybrid_pipeline - INFO - [355/576] 已回收 tile_x15360_y10752
2026-07-26 13:17:51,161 - hybrid_pipeline - INFO - [356/576] 已回收 tile_x16128_y10752
2026-07-26 13:17:51,185 - hybrid_pipeline - INFO - Tile tile_x16896_y10752: 核心遮罩全空 → 空白 placeholder
2026-07-26 13:17:51,186 - hybrid_pipeline - INFO - Tile tile_x17664_y10752: 核心遮罩全空 → 空白 placeholder
2026-07-26 13:17:52,075 - hybrid_pipeline - INFO - [357/576] 已回收 tile_x10752_y10752
2026-07-26 13:17:52,103 - m3_module.m3_cells_generator - INFO - All-positive 標註完成: 134 個細胞
2026-07-26 13:17:52,161 - m3_module.m3_cells_generator - INFO - enlarge_cell_instances: 134 顆細胞, factor=1.50(面積), 中位半徑=24.7px, 外擴=5.6px
2026-07-26 13:17:52,190 - m3_module.m3_elastic_matching - INFO - elastic_dish_nucleus_matching(overlap-first): IHC=134, DISH=10, matched(1核)=9 (其中重疊=9), drop-out(競爭落敗)=2, 無候選(計入)=123, factor=1.50, min_reach=20.0
2026-07-26 13:17:52,334 - hybrid_pipeline - INFO - [358/576] 已回收 tile_x17664_y10752
2026-07-26 13:17:52,347 - m3_module.m3_dot_detection - INFO - detect_all_dots: 紅點=8, 黑點=11, 涉及細胞=134
2026-07-26 13:17:52,354 - hybrid_pipeline - INFO - [359/576] 已回收 tile_x8448_y10752
2026-07-26 13:17:52,369 - hybrid_pipeline - INFO - [360/576] 已回收 tile_x16896_y10752
2026-07-26 13:17:52,370 - m3_module.m3_cells_generator - INFO - All-positive 標註完成: 108 個細胞
2026-07-26 13:17:52,385 - m3_module.m3_cells_generator - INFO - All-positive 標註完成: 157 個細胞
2026-07-26 13:17:52,393 - m3_module.m3_cells_generator - INFO - All-positive 標註完成: 111 個細胞
2026-07-26 13:17:52,420 - m3_module.m3_cells_generator - INFO - enlarge_cell_instances: 108 顆細胞, factor=1.50(面積), 中位半徑=23.2px, 外擴=5.2px
2026-07-26 13:17:52,454 - m3_module.m3_cells_generator - INFO - enlarge_cell_instances: 111 顆細胞, factor=1.50(面積), 中位半徑=21.5px, 外擴=4.8px
2026-07-26 13:17:52,455 - m3_module.m3_elastic_matching - INFO - elastic_dish_nucleus_matching(overlap-first): IHC=108, DISH=25, matched(1核)=24 (其中重疊=24), drop-out(競爭落敗)=4, 無候選(計入)=80, factor=1.50, min_reach=20.0
2026-07-26 13:17:52,455 - m3_module.m3_cells_generator - INFO - enlarge_cell_instances: 157 顆細胞, factor=1.50(面積), 中位半徑=25.1px, 外擴=5.6px
2026-07-26 13:17:52,490 - m3_module.m3_elastic_matching - INFO - elastic_dish_nucleus_matching(overlap-first): IHC=157, DISH=28, matched(1核)=20 (其中重疊=20), drop-out(競爭落敗)=6, 無候選(計入)=131, factor=1.50, min_reach=20.0
2026-07-26 13:17:52,491 - m3_module.m3_elastic_matching - INFO - elastic_dish_nucleus_matching(overlap-first): IHC=111, DISH=37, matched(1核)=30 (其中重疊=30), drop-out(競爭落敗)=15, 無候選(計入)=66, factor=1.50, min_reach=20.0
2026-07-26 13:17:52,657 - m3_module.m3_dot_detection - INFO - detect_all_dots: 紅點=20, 黑點=32, 涉及細胞=108
2026-07-26 13:17:52,664 - m3_module.m3_dot_detection - INFO - detect_all_dots: 紅點=28, 黑點=43, 涉及細胞=157
2026-07-26 13:17:52,681 - m4_module.cell_crops - INFO - 匯出 81 張 per-cell 影像至 /data/taro_Projects/tsgh/output/r7_keep/cell_crops/tile_x0_y11520/cells
2026-07-26 13:17:52,681 - hybrid_pipeline - INFO - Tile tile_x0_y11520 完成: 核心擁有 81 細胞 (81 陽性), 1.65 秒
2026-07-26 13:17:52,714 - m3_module.m3_dot_detection - INFO - detect_all_dots: 紅點=34, 黑點=42, 涉及細胞=111
2026-07-26 13:17:52,924 - m4_module.cell_crops - INFO - 匯出 54 張 per-cell 影像至 /data/taro_Projects/tsgh/output/r7_keep/cell_crops/tile_x1536_y11520/cells
2026-07-26 13:17:52,924 - hybrid_pipeline - INFO - Tile tile_x1536_y11520 完成: 核心擁有 54 細胞 (54 陽性), 1.77 秒
2026-07-26 13:17:52,994 - m4_module.cell_crops - INFO - 匯出 72 張 per-cell 影像至 /data/taro_Projects/tsgh/output/r7_keep/cell_crops/tile_x3072_y11520/cells
2026-07-26 13:17:52,994 - hybrid_pipeline - INFO - Tile tile_x3072_y11520 完成: 核心擁有 72 細胞 (72 陽性), 1.83 秒
2026-07-26 13:17:53,064 - m4_module.cell_crops - INFO - 匯出 84 張 per-cell 影像至 /data/taro_Projects/tsgh/output/r7_keep/cell_crops/tile_x768_y11520/cells
2026-07-26 13:17:53,064 - hybrid_pipeline - INFO - Tile tile_x768_y11520 完成: 核心擁有 84 細胞 (84 陽性), 1.99 秒
2026-07-26 13:17:53,081 - hybrid_pipeline - INFO - [361/576] 已回收 tile_x0_y11520
2026-07-26 13:17:53,106 - m3_module.m3_cells_generator - INFO - All-positive 標註完成: 64 個細胞
2026-07-26 13:17:53,162 - m3_module.m3_cells_generator - INFO - enlarge_cell_instances: 64 顆細胞, factor=1.50(面積), 中位半徑=20.5px, 外擴=4.6px
2026-07-26 13:17:53,190 - m3_module.m3_elastic_matching - INFO - elastic_dish_nucleus_matching(overlap-first): IHC=64, DISH=14, matched(1核)=10 (其中重疊=10), drop-out(競爭落敗)=5, 無候選(計入)=49, factor=1.50, min_reach=20.0
2026-07-26 13:17:53,333 - m3_module.m3_dot_detection - INFO - detect_all_dots: 紅點=6, 黑點=13, 涉及細胞=64
2026-07-26 13:17:53,461 - hybrid_pipeline - INFO - [362/576] 已回收 tile_x1536_y11520
2026-07-26 13:17:53,489 - m3_module.m3_cells_generator - INFO - All-positive 標註完成: 77 個細胞
2026-07-26 13:17:53,530 - m4_module.cell_crops - INFO - 匯出 23 張 per-cell 影像至 /data/taro_Projects/tsgh/output/r7_keep/cell_crops/tile_x2304_y11520/cells
2026-07-26 13:17:53,530 - hybrid_pipeline - INFO - Tile tile_x2304_y11520 完成: 核心擁有 23 細胞 (23 陽性), 1.46 秒
2026-07-26 13:17:53,540 - m3_module.m3_cells_generator - INFO - enlarge_cell_instances: 77 顆細胞, factor=1.50(面積), 中位半徑=17.4px, 外擴=3.9px
2026-07-26 13:17:53,567 - m3_module.m3_elastic_matching - INFO - elastic_dish_nucleus_matching(overlap-first): IHC=77, DISH=14, matched(1核)=11 (其中重疊=11), drop-out(競爭落敗)=4, 無候選(計入)=62, factor=1.50, min_reach=20.0
2026-07-26 13:17:53,591 - hybrid_pipeline - INFO - [363/576] 已回收 tile_x3072_y11520
2026-07-26 13:17:53,598 - hybrid_pipeline - INFO - [364/576] 已回收 tile_x768_y11520
2026-07-26 13:17:53,628 - m3_module.m3_cells_generator - INFO - All-positive 標註完成: 102 個細胞
2026-07-26 13:17:53,629 - m3_module.m3_cells_generator - INFO - All-positive 標註完成: 83 個細胞
2026-07-26 13:17:53,683 - m3_module.m3_cells_generator - INFO - enlarge_cell_instances: 83 顆細胞, factor=1.50(面積), 中位半徑=20.7px, 外擴=4.7px
2026-07-26 13:17:53,688 - m3_module.m3_cells_generator - INFO - enlarge_cell_instances: 102 顆細胞, factor=1.50(面積), 中位半徑=22.9px, 外擴=5.2px
2026-07-26 13:17:53,711 - m3_module.m3_elastic_matching - INFO - elastic_dish_nucleus_matching(overlap-first): IHC=83, DISH=26, matched(1核)=17 (其中重疊=17), drop-out(競爭落敗)=8, 無候選(計入)=58, factor=1.50, min_reach=20.0
2026-07-26 13:17:53,718 - m3_module.m3_elastic_matching - INFO - elastic_dish_nucleus_matching(overlap-first): IHC=102, DISH=61, matched(1核)=43 (其中重疊=43), drop-out(競爭落敗)=7, 無候選(計入)=52, factor=1.50, min_reach=20.0
2026-07-26 13:17:53,723 - m3_module.m3_dot_detection - INFO - detect_all_dots: 紅點=15, 黑點=14, 涉及細胞=77
2026-07-26 13:17:53,890 - m3_module.m3_dot_detection - INFO - detect_all_dots: 紅點=23, 黑點=24, 涉及細胞=83
2026-07-26 13:17:53,909 - m3_module.m3_dot_detection - INFO - detect_all_dots: 紅點=35, 黑點=52, 涉及細胞=102
2026-07-26 13:17:53,912 - hybrid_pipeline - INFO - [365/576] 已回收 tile_x2304_y11520
2026-07-26 13:17:53,917 - m4_module.cell_crops - INFO - 匯出 35 張 per-cell 影像至 /data/taro_Projects/tsgh/output/r7_keep/cell_crops/tile_x4608_y11520/cells
2026-07-26 13:17:53,917 - hybrid_pipeline - INFO - Tile tile_x4608_y11520 完成: 核心擁有 35 細胞 (35 陽性), 1.58 秒
2026-07-26 13:17:53,920 - hybrid_pipeline - INFO - [366/576] 已回收 tile_x4608_y11520
2026-07-26 13:17:53,943 - hybrid_pipeline - INFO - Tile tile_x6912_y11520: 核心遮罩全空 → 空白 placeholder
2026-07-26 13:17:53,943 - m3_module.m3_cells_generator - INFO - All-positive 標註完成: 38 個細胞
2026-07-26 13:17:53,980 - m3_module.m3_cells_generator - INFO - enlarge_cell_instances: 38 顆細胞, factor=1.50(面積), 中位半徑=21.9px, 外擴=4.9px
2026-07-26 13:17:53,982 - hybrid_pipeline - INFO - [367/576] 已回收 tile_x6912_y11520
2026-07-26 13:17:54,005 - m3_module.m3_elastic_matching - INFO - elastic_dish_nucleus_matching(overlap-first): IHC=38, DISH=6, matched(1核)=5 (其中重疊=5), drop-out(競爭落敗)=3, 無候選(計入)=30, factor=1.50, min_reach=20.0
2026-07-26 13:17:54,007 - hybrid_pipeline - INFO - Tile tile_x9984_y11520: 核心遮罩全空 → 空白 placeholder
2026-07-26 13:17:54,022 - hybrid_pipeline - INFO - [368/576] 已回收 tile_x9984_y11520
2026-07-26 13:17:54,049 - hybrid_pipeline - INFO - Tile tile_x12288_y11520: 核心遮罩全空 → 空白 placeholder
2026-07-26 13:17:54,063 - hybrid_pipeline - INFO - [369/576] 已回收 tile_x12288_y11520
2026-07-26 13:17:54,088 - hybrid_pipeline - INFO - Tile tile_x13056_y11520: 核心遮罩全空 → 空白 placeholder
2026-07-26 13:17:54,101 - hybrid_pipeline - INFO - [370/576] 已回收 tile_x13056_y11520
2026-07-26 13:17:54,105 - m4_module.cell_crops - INFO - 匯出 48 張 per-cell 影像至 /data/taro_Projects/tsgh/output/r7_keep/cell_crops/tile_x3840_y11520/cells
2026-07-26 13:17:54,105 - hybrid_pipeline - INFO - Tile tile_x3840_y11520 完成: 核心擁有 48 細胞 (48 陽性), 1.74 秒
2026-07-26 13:17:54,105 - hybrid_pipeline - INFO - [371/576] 已回收 tile_x3840_y11520
2026-07-26 13:17:54,125 - hybrid_pipeline - INFO - Tile tile_x11520_y11520: 核心遮罩全空 → 空白 placeholder
2026-07-26 13:17:54,132 - m3_module.m3_dot_detection - INFO - detect_all_dots: 紅點=5, 黑點=6, 涉及細胞=38
2026-07-26 13:17:54,132 - hybrid_pipeline - INFO - Tile tile_x7680_y11520: 核心遮罩全空 → 空白 placeholder
2026-07-26 13:17:54,155 - hybrid_pipeline - INFO - [372/576] 已回收 tile_x11520_y11520
2026-07-26 13:17:54,160 - hybrid_pipeline - INFO - [373/576] 已回收 tile_x7680_y11520
2026-07-26 13:17:54,184 - hybrid_pipeline - INFO - Tile tile_x14592_y11520: 核心遮罩全空 → 空白 placeholder
2026-07-26 13:17:54,191 - hybrid_pipeline - INFO - Tile tile_x10752_y11520: 核心遮罩全空 → 空白 placeholder
2026-07-26 13:17:54,208 - hybrid_pipeline - INFO - [374/576] 已回收 tile_x10752_y11520
2026-07-26 13:17:54,213 - hybrid_pipeline - INFO - [375/576] 已回收 tile_x14592_y11520
2026-07-26 13:17:54,220 - m4_module.cell_crops - INFO - 匯出 76 張 per-cell 影像至 /data/taro_Projects/tsgh/output/r7_keep/cell_crops/tile_x5376_y11520/cells
2026-07-26 13:17:54,220 - hybrid_pipeline - INFO - Tile tile_x5376_y11520 完成: 核心擁有 76 細胞 (76 陽性), 1.87 秒
2026-07-26 13:17:54,223 - hybrid_pipeline - INFO - [376/576] 已回收 tile_x5376_y11520
2026-07-26 13:17:54,238 - hybrid_pipeline - INFO - Tile tile_x15360_y11520: 核心遮罩全空 → 空白 placeholder
2026-07-26 13:17:54,238 - hybrid_pipeline - INFO - Tile tile_x13824_y11520: 核心遮罩全空 → 空白 placeholder
2026-07-26 13:17:54,247 - hybrid_pipeline - INFO - Tile tile_x9216_y11520: 核心遮罩全空 → 空白 placeholder
2026-07-26 13:17:54,250 - m4_module.cell_crops - INFO - 匯出 18 張 per-cell 影像至 /data/taro_Projects/tsgh/output/r7_keep/cell_crops/tile_x6144_y11520/cells
2026-07-26 13:17:54,250 - hybrid_pipeline - INFO - Tile tile_x6144_y11520 完成: 核心擁有 18 細胞 (18 陽性), 1.17 秒
2026-07-26 13:17:54,251 - hybrid_pipeline - INFO - [377/576] 已回收 tile_x6144_y11520
2026-07-26 13:17:54,274 - hybrid_pipeline - INFO - Tile tile_x8448_y11520: 核心遮罩全空 → 空白 placeholder
2026-07-26 13:17:54,291 - hybrid_pipeline - INFO - [378/576] 已回收 tile_x15360_y11520
2026-07-26 13:17:54,299 - hybrid_pipeline - INFO - [379/576] 已回收 tile_x9216_y11520
2026-07-26 13:17:54,308 - hybrid_pipeline - INFO - [380/576] 已回收 tile_x8448_y11520
2026-07-26 13:17:54,325 - hybrid_pipeline - INFO - Tile tile_x16896_y11520: 核心遮罩全空 → 空白 placeholder
2026-07-26 13:17:54,325 - hybrid_pipeline - INFO - Tile tile_x16128_y11520: 核心遮罩全空 → 空白 placeholder
2026-07-26 13:17:54,333 - hybrid_pipeline - INFO - Tile tile_x17664_y11520: 核心遮罩全空 → 空白 placeholder
2026-07-26 13:17:55,205 - hybrid_pipeline - INFO - [381/576] 已回收 tile_x13824_y11520
2026-07-26 13:17:55,237 - m3_module.m3_cells_generator - INFO - All-positive 標註完成: 147 個細胞
2026-07-26 13:17:55,291 - m3_module.m3_cells_generator - INFO - enlarge_cell_instances: 147 顆細胞, factor=1.50(面積), 中位半徑=26.1px, 外擴=5.9px
2026-07-26 13:17:55,321 - m3_module.m3_elastic_matching - INFO - elastic_dish_nucleus_matching(overlap-first): IHC=147, DISH=230, matched(1核)=24 (其中重疊=24), drop-out(競爭落敗)=0, 無候選(計入)=123, factor=1.50, min_reach=20.0
2026-07-26 13:17:55,450 - m3_module.m3_dot_detection - INFO - detect_all_dots: 紅點=2, 黑點=4, 涉及細胞=147
2026-07-26 13:17:55,555 - hybrid_pipeline - INFO - [382/576] 已回收 tile_x17664_y11520
2026-07-26 13:17:55,582 - m3_module.m3_cells_generator - INFO - All-positive 標註完成: 145 個細胞
2026-07-26 13:17:55,603 - hybrid_pipeline - INFO - [383/576] 已回收 tile_x16128_y11520
2026-07-26 13:17:55,606 - hybrid_pipeline - INFO - [384/576] 已回收 tile_x16896_y11520
2026-07-26 13:17:55,640 - m3_module.m3_cells_generator - INFO - All-positive 標註完成: 145 個細胞
2026-07-26 13:17:55,643 - m3_module.m3_cells_generator - INFO - All-positive 標註完成: 143 個細胞
2026-07-26 13:17:55,648 - m3_module.m3_cells_generator - INFO - enlarge_cell_instances: 145 顆細胞, factor=1.50(面積), 中位半徑=22.5px, 外擴=5.1px
2026-07-26 13:17:55,679 - m3_module.m3_elastic_matching - INFO - elastic_dish_nucleus_matching(overlap-first): IHC=145, DISH=61, matched(1核)=52 (其中重疊=52), drop-out(競爭落敗)=16, 無候選(計入)=77, factor=1.50, min_reach=20.0
2026-07-26 13:17:55,714 - m3_module.m3_cells_generator - INFO - enlarge_cell_instances: 145 顆細胞, factor=1.50(面積), 中位半徑=27.9px, 外擴=6.3px
2026-07-26 13:17:55,717 - m3_module.m3_cells_generator - INFO - enlarge_cell_instances: 143 顆細胞, factor=1.50(面積), 中位半徑=23.0px, 外擴=5.2px
2026-07-26 13:17:55,746 - m3_module.m3_elastic_matching - INFO - elastic_dish_nucleus_matching(overlap-first): IHC=145, DISH=18, matched(1核)=14 (其中重疊=14), drop-out(競爭落敗)=7, 無候選(計入)=124, factor=1.50, min_reach=20.0
2026-07-26 13:17:55,747 - m3_module.m3_elastic_matching - INFO - elastic_dish_nucleus_matching(overlap-first): IHC=143, DISH=25, matched(1核)=21 (其中重疊=21), drop-out(競爭落敗)=6, 無候選(計入)=116, factor=1.50, min_reach=20.0
2026-07-26 13:17:55,818 - m4_module.cell_crops - INFO - 匯出 91 張 per-cell 影像至 /data/taro_Projects/tsgh/output/r7_keep/cell_crops/tile_x0_y12288/cells
2026-07-26 13:17:55,819 - hybrid_pipeline - INFO - Tile tile_x0_y12288 完成: 核心擁有 91 細胞 (91 陽性), 1.61 秒
2026-07-26 13:17:55,906 - m3_module.m3_dot_detection - INFO - detect_all_dots: 紅點=17, 黑點=27, 涉及細胞=143
2026-07-26 13:17:55,919 - m3_module.m3_dot_detection - INFO - detect_all_dots: 紅點=12, 黑點=25, 涉及細胞=145
2026-07-26 13:17:55,984 - m3_module.m3_dot_detection - INFO - detect_all_dots: 紅點=52, 黑點=66, 涉及細胞=145
2026-07-26 13:17:56,261 - m4_module.cell_crops - INFO - 匯出 74 張 per-cell 影像至 /data/taro_Projects/tsgh/output/r7_keep/cell_crops/tile_x2304_y12288/cells
2026-07-26 13:17:56,261 - hybrid_pipeline - INFO - Tile tile_x2304_y12288 完成: 核心擁有 74 細胞 (74 陽性), 1.96 秒
2026-07-26 13:17:56,284 - hybrid_pipeline - INFO - [385/576] 已回收 tile_x0_y12288
2026-07-26 13:17:56,307 - m4_module.cell_crops - INFO - 匯出 73 張 per-cell 影像至 /data/taro_Projects/tsgh/output/r7_keep/cell_crops/tile_x768_y12288/cells
2026-07-26 13:17:56,308 - hybrid_pipeline - INFO - Tile tile_x768_y12288 完成: 核心擁有 73 細胞 (73 陽性), 2.02 秒
2026-07-26 13:17:56,319 - m3_module.m3_cells_generator - INFO - All-positive 標註完成: 160 個細胞
2026-07-26 13:17:56,342 - m4_module.cell_crops - INFO - 匯出 61 張 per-cell 影像至 /data/taro_Projects/tsgh/output/r7_keep/cell_crops/tile_x3072_y12288/cells
2026-07-26 13:17:56,342 - hybrid_pipeline - INFO - Tile tile_x3072_y12288 完成: 核心擁有 61 細胞 (61 陽性), 2.03 秒
2026-07-26 13:17:56,376 - m3_module.m3_cells_generator - INFO - enlarge_cell_instances: 160 顆細胞, factor=1.50(面積), 中位半徑=24.3px, 外擴=5.5px
2026-07-26 13:17:56,407 - m3_module.m3_elastic_matching - INFO - elastic_dish_nucleus_matching(overlap-first): IHC=160, DISH=20, matched(1核)=19 (其中重疊=19), drop-out(競爭落敗)=9, 無候選(計入)=132, factor=1.50, min_reach=20.0
2026-07-26 13:17:56,467 - hybrid_pipeline - INFO - [386/576] 已回收 tile_x3072_y12288
2026-07-26 13:17:56,498 - m3_module.m3_cells_generator - INFO - All-positive 標註完成: 21 個細胞
2026-07-26 13:17:56,539 - m3_module.m3_cells_generator - INFO - enlarge_cell_instances: 21 顆細胞, factor=1.50(面積), 中位半徑=30.0px, 外擴=6.7px
2026-07-26 13:17:56,564 - m3_module.m3_elastic_matching - INFO - elastic_dish_nucleus_matching(overlap-first): IHC=21, DISH=3, matched(1核)=1 (其中重疊=1), drop-out(競爭落敗)=0, 無候選(計入)=20, factor=1.50, min_reach=20.0
2026-07-26 13:17:56,605 - m3_module.m3_dot_detection - INFO - detect_all_dots: 紅點=23, 黑點=44, 涉及細胞=160
2026-07-26 13:17:56,678 - hybrid_pipeline - INFO - [387/576] 已回收 tile_x2304_y12288
2026-07-26 13:17:56,684 - m3_module.m3_dot_detection - INFO - detect_all_dots: 紅點=1, 黑點=2, 涉及細胞=21
2026-07-26 13:17:56,706 - m3_module.m3_cells_generator - INFO - All-positive 標註完成: 113 個細胞
2026-07-26 13:17:56,762 - m3_module.m3_cells_generator - INFO - enlarge_cell_instances: 113 顆細胞, factor=1.50(面積), 中位半徑=26.8px, 外擴=6.0px
2026-07-26 13:17:56,791 - m3_module.m3_elastic_matching - INFO - elastic_dish_nucleus_matching(overlap-first): IHC=113, DISH=14, matched(1核)=11 (其中重疊=11), drop-out(競爭落敗)=7, 無候選(計入)=95, factor=1.50, min_reach=20.0
2026-07-26 13:17:56,804 - hybrid_pipeline - INFO - [388/576] 已回收 tile_x768_y12288
2026-07-26 13:17:56,807 - m4_module.cell_crops - INFO - 匯出 5 張 per-cell 影像至 /data/taro_Projects/tsgh/output/r7_keep/cell_crops/tile_x5376_y12288/cells
2026-07-26 13:17:56,807 - hybrid_pipeline - INFO - Tile tile_x5376_y12288 完成: 核心擁有 5 細胞 (5 陽性), 1.25 秒
2026-07-26 13:17:56,808 - hybrid_pipeline - INFO - [389/576] 已回收 tile_x5376_y12288
2026-07-26 13:17:56,834 - hybrid_pipeline - INFO - Tile tile_x6912_y12288: 核心遮罩全空 → 空白 placeholder
2026-07-26 13:17:56,840 - m3_module.m3_cells_generator - INFO - All-positive 標註完成: 156 個細胞
2026-07-26 13:17:56,873 - hybrid_pipeline - INFO - [390/576] 已回收 tile_x6912_y12288
2026-07-26 13:17:56,897 - m3_module.m3_cells_generator - INFO - enlarge_cell_instances: 156 顆細胞, factor=1.50(面積), 中位半徑=27.2px, 外擴=6.1px
2026-07-26 13:17:56,899 - hybrid_pipeline - INFO - Tile tile_x9216_y12288: 核心遮罩全空 → 空白 placeholder
2026-07-26 13:17:56,913 - m3_module.m3_dot_detection - INFO - detect_all_dots: 紅點=10, 黑點=11, 涉及細胞=113
2026-07-26 13:17:56,924 - m3_module.m3_elastic_matching - INFO - elastic_dish_nucleus_matching(overlap-first): IHC=156, DISH=35, matched(1核)=32 (其中重疊=32), drop-out(競爭落敗)=13, 無候選(計入)=111, factor=1.50, min_reach=20.0
2026-07-26 13:17:56,935 - hybrid_pipeline - INFO - [391/576] 已回收 tile_x9216_y12288
2026-07-26 13:17:56,961 - hybrid_pipeline - INFO - Tile tile_x12288_y12288: 核心遮罩全空 → 空白 placeholder
2026-07-26 13:17:56,976 - m4_module.cell_crops - INFO - 匯出 81 張 per-cell 影像至 /data/taro_Projects/tsgh/output/r7_keep/cell_crops/tile_x1536_y12288/cells
2026-07-26 13:17:56,976 - hybrid_pipeline - INFO - Tile tile_x1536_y12288 完成: 核心擁有 81 細胞 (81 陽性), 1.77 秒
2026-07-26 13:17:56,993 - hybrid_pipeline - INFO - [392/576] 已回收 tile_x12288_y12288
2026-07-26 13:17:57,020 - hybrid_pipeline - INFO - Tile tile_x11520_y12288: 核心遮罩全空 → 空白 placeholder
2026-07-26 13:17:57,035 - hybrid_pipeline - INFO - [393/576] 已回收 tile_x11520_y12288
2026-07-26 13:17:57,058 - hybrid_pipeline - INFO - Tile tile_x9984_y12288: 核心遮罩全空 → 空白 placeholder
2026-07-26 13:17:57,076 - hybrid_pipeline - INFO - [394/576] 已回收 tile_x9984_y12288
2026-07-26 13:17:57,104 - hybrid_pipeline - INFO - Tile tile_x10752_y12288: 核心遮罩全空 → 空白 placeholder
2026-07-26 13:17:57,115 - hybrid_pipeline - INFO - [395/576] 已回收 tile_x10752_y12288
2026-07-26 13:17:57,134 - m3_module.m3_dot_detection - INFO - detect_all_dots: 紅點=34, 黑點=42, 涉及細胞=156
2026-07-26 13:17:57,135 - hybrid_pipeline - INFO - [396/576] 已回收 tile_x1536_y12288
2026-07-26 13:17:57,139 - hybrid_pipeline - INFO - Tile tile_x13056_y12288: 核心遮罩全空 → 空白 placeholder
2026-07-26 13:17:57,153 - hybrid_pipeline - INFO - [397/576] 已回收 tile_x13056_y12288
2026-07-26 13:17:57,158 - m3_module.m3_cells_generator - INFO - All-positive 標註完成: 12 個細胞
2026-07-26 13:17:57,178 - hybrid_pipeline - INFO - Tile tile_x13824_y12288: 核心遮罩全空 → 空白 placeholder
2026-07-26 13:17:57,189 - m3_module.m3_cells_generator - INFO - enlarge_cell_instances: 12 顆細胞, factor=1.50(面積), 中位半徑=14.8px, 外擴=3.3px
2026-07-26 13:17:57,191 - hybrid_pipeline - INFO - [398/576] 已回收 tile_x13824_y12288
2026-07-26 13:17:57,213 - m3_module.m3_elastic_matching - INFO - elastic_dish_nucleus_matching(overlap-first): IHC=12, DISH=7, matched(1核)=3 (其中重疊=3), drop-out(競爭落敗)=0, 無候選(計入)=9, factor=1.50, min_reach=20.0
2026-07-26 13:17:57,216 - hybrid_pipeline - INFO - Tile tile_x15360_y12288: 核心遮罩全空 → 空白 placeholder
2026-07-26 13:17:57,219 - m4_module.cell_crops - INFO - 匯出 74 張 per-cell 影像至 /data/taro_Projects/tsgh/output/r7_keep/cell_crops/tile_x4608_y12288/cells
2026-07-26 13:17:57,219 - hybrid_pipeline - INFO - Tile tile_x4608_y12288 完成: 核心擁有 74 細胞 (74 陽性), 1.61 秒
2026-07-26 13:17:57,221 - hybrid_pipeline - INFO - [399/576] 已回收 tile_x4608_y12288
2026-07-26 13:17:57,226 - hybrid_pipeline - INFO - [400/576] 已回收 tile_x15360_y12288
2026-07-26 13:17:57,245 - hybrid_pipeline - INFO - Tile tile_x8448_y12288: 核心遮罩全空 → 空白 placeholder
2026-07-26 13:17:57,250 - hybrid_pipeline - INFO - Tile tile_x16128_y12288: 核心遮罩全空 → 空白 placeholder
2026-07-26 13:17:57,269 - hybrid_pipeline - INFO - [401/576] 已回收 tile_x8448_y12288
2026-07-26 13:17:57,276 - hybrid_pipeline - INFO - [402/576] 已回收 tile_x16128_y12288
2026-07-26 13:17:57,293 - hybrid_pipeline - INFO - Tile tile_x17664_y12288: 核心遮罩全空 → 空白 placeholder
2026-07-26 13:17:57,305 - hybrid_pipeline - INFO - Tile tile_x16896_y12288: 核心遮罩全空 → 空白 placeholder
2026-07-26 13:17:57,337 - m3_module.m3_dot_detection - INFO - detect_all_dots: 紅點=2, 黑點=2, 涉及細胞=12
2026-07-26 13:17:57,432 - m4_module.cell_crops - INFO - 匯出 3 張 per-cell 影像至 /data/taro_Projects/tsgh/output/r7_keep/cell_crops/tile_x6144_y12288/cells
2026-07-26 13:17:57,432 - hybrid_pipeline - INFO - Tile tile_x6144_y12288 完成: 核心擁有 3 細胞 (3 陽性), 1.15 秒
2026-07-26 13:17:57,434 - hybrid_pipeline - INFO - [403/576] 已回收 tile_x6144_y12288
2026-07-26 13:17:57,457 - hybrid_pipeline - INFO - Tile tile_x14592_y12288: 核心遮罩全空 → 空白 placeholder
2026-07-26 13:17:57,527 - m4_module.cell_crops - INFO - 匯出 81 張 per-cell 影像至 /data/taro_Projects/tsgh/output/r7_keep/cell_crops/tile_x3840_y12288/cells
2026-07-26 13:17:57,527 - hybrid_pipeline - INFO - Tile tile_x3840_y12288 完成: 核心擁有 81 細胞 (81 陽性), 1.92 秒
2026-07-26 13:17:57,529 - hybrid_pipeline - INFO - [404/576] 已回收 tile_x3840_y12288
2026-07-26 13:17:57,555 - hybrid_pipeline - INFO - Tile tile_x7680_y12288: 核心遮罩全空 → 空白 placeholder
2026-07-26 13:17:58,457 - hybrid_pipeline - INFO - [405/576] 已回收 tile_x16896_y12288
2026-07-26 13:17:58,492 - m3_module.m3_cells_generator - INFO - All-positive 標註完成: 124 個細胞
2026-07-26 13:17:58,501 - hybrid_pipeline - INFO - [406/576] 已回收 tile_x14592_y12288
2026-07-26 13:17:58,529 - hybrid_pipeline - INFO - [407/576] 已回收 tile_x17664_y12288
2026-07-26 13:17:58,529 - m3_module.m3_cells_generator - INFO - All-positive 標註完成: 100 個細胞
2026-07-26 13:17:58,550 - m3_module.m3_cells_generator - INFO - enlarge_cell_instances: 124 顆細胞, factor=1.50(面積), 中位半徑=25.2px, 外擴=5.7px
2026-07-26 13:17:58,557 - m3_module.m3_cells_generator - INFO - All-positive 標註完成: 147 個細胞
2026-07-26 13:17:58,583 - m3_module.m3_elastic_matching - INFO - elastic_dish_nucleus_matching(overlap-first): IHC=124, DISH=23, matched(1核)=20 (其中重疊=20), drop-out(競爭落敗)=13, 無候選(計入)=91, factor=1.50, min_reach=20.0
2026-07-26 13:17:58,590 - m3_module.m3_cells_generator - INFO - enlarge_cell_instances: 100 顆細胞, factor=1.50(面積), 中位半徑=23.1px, 外擴=5.2px
2026-07-26 13:17:58,609 - hybrid_pipeline - INFO - [408/576] 已回收 tile_x7680_y12288
2026-07-26 13:17:58,625 - m3_module.m3_elastic_matching - INFO - elastic_dish_nucleus_matching(overlap-first): IHC=100, DISH=6, matched(1核)=4 (其中重疊=4), drop-out(競爭落敗)=0, 無候選(計入)=96, factor=1.50, min_reach=20.0
2026-07-26 13:17:58,626 - m3_module.m3_cells_generator - INFO - enlarge_cell_instances: 147 顆細胞, factor=1.50(面積), 中位半徑=26.8px, 外擴=6.0px
2026-07-26 13:17:58,638 - m3_module.m3_cells_generator - INFO - All-positive 標註完成: 136 個細胞
2026-07-26 13:17:58,658 - m3_module.m3_elastic_matching - INFO - elastic_dish_nucleus_matching(overlap-first): IHC=147, DISH=30, matched(1核)=18 (其中重疊=18), drop-out(競爭落敗)=7, 無候選(計入)=122, factor=1.50, min_reach=20.0
2026-07-26 13:17:58,706 - m3_module.m3_cells_generator - INFO - enlarge_cell_instances: 136 顆細胞, factor=1.50(面積), 中位半徑=24.9px, 外擴=5.6px
2026-07-26 13:17:58,734 - m3_module.m3_elastic_matching - INFO - elastic_dish_nucleus_matching(overlap-first): IHC=136, DISH=22, matched(1核)=17 (其中重疊=17), drop-out(競爭落敗)=7, 無候選(計入)=112, factor=1.50, min_reach=20.0
2026-07-26 13:17:58,766 - m3_module.m3_dot_detection - INFO - detect_all_dots: 紅點=1, 黑點=2, 涉及細胞=100
2026-07-26 13:17:58,814 - m3_module.m3_dot_detection - INFO - detect_all_dots: 紅點=24, 黑點=31, 涉及細胞=147
2026-07-26 13:17:58,858 - m3_module.m3_dot_detection - INFO - detect_all_dots: 紅點=52, 黑點=87, 涉及細胞=124
2026-07-26 13:17:58,924 - m3_module.m3_dot_detection - INFO - detect_all_dots: 紅點=31, 黑點=46, 涉及細胞=136
2026-07-26 13:17:58,977 - m4_module.cell_crops - INFO - 匯出 43 張 per-cell 影像至 /data/taro_Projects/tsgh/output/r7_keep/cell_crops/tile_x2304_y13056/cells
2026-07-26 13:17:58,977 - hybrid_pipeline - INFO - Tile tile_x2304_y13056 完成: 核心擁有 43 細胞 (43 陽性), 1.54 秒
2026-07-26 13:17:59,169 - m4_module.cell_crops - INFO - 匯出 72 張 per-cell 影像至 /data/taro_Projects/tsgh/output/r7_keep/cell_crops/tile_x1536_y13056/cells
2026-07-26 13:17:59,169 - hybrid_pipeline - INFO - Tile tile_x1536_y13056 完成: 核心擁有 72 細胞 (72 陽性), 1.89 秒
2026-07-26 13:17:59,211 - m4_module.cell_crops - INFO - 匯出 89 張 per-cell 影像至 /data/taro_Projects/tsgh/output/r7_keep/cell_crops/tile_x0_y13056/cells
2026-07-26 13:17:59,211 - hybrid_pipeline - INFO - Tile tile_x0_y13056 完成: 核心擁有 89 細胞 (89 陽性), 1.94 秒
2026-07-26 13:17:59,276 - m4_module.cell_crops - INFO - 匯出 65 張 per-cell 影像至 /data/taro_Projects/tsgh/output/r7_keep/cell_crops/tile_x768_y13056/cells
2026-07-26 13:17:59,276 - hybrid_pipeline - INFO - Tile tile_x768_y13056 完成: 核心擁有 65 細胞 (65 陽性), 1.75 秒
2026-07-26 13:17:59,534 - hybrid_pipeline - INFO - [409/576] 已回收 tile_x1536_y13056
2026-07-26 13:17:59,566 - m3_module.m3_cells_generator - INFO - All-positive 標註完成: 134 個細胞
2026-07-26 13:17:59,629 - m3_module.m3_cells_generator - INFO - enlarge_cell_instances: 134 顆細胞, factor=1.50(面積), 中位半徑=20.1px, 外擴=4.5px
2026-07-26 13:17:59,661 - m3_module.m3_elastic_matching - INFO - elastic_dish_nucleus_matching(overlap-first): IHC=134, DISH=58, matched(1核)=34 (其中重疊=34), drop-out(競爭落敗)=8, 無候選(計入)=92, factor=1.50, min_reach=20.0
2026-07-26 13:17:59,665 - hybrid_pipeline - INFO - [410/576] 已回收 tile_x2304_y13056
2026-07-26 13:17:59,673 - hybrid_pipeline - INFO - [411/576] 已回收 tile_x768_y13056
2026-07-26 13:17:59,686 - hybrid_pipeline - INFO - [412/576] 已回收 tile_x0_y13056
2026-07-26 13:17:59,705 - m3_module.m3_cells_generator - INFO - All-positive 標註完成: 103 個細胞
2026-07-26 13:17:59,708 - m3_module.m3_cells_generator - INFO - All-positive 標註完成: 17 個細胞
2026-07-26 13:17:59,718 - m3_module.m3_cells_generator - INFO - All-positive 標註完成: 109 個細胞
2026-07-26 13:17:59,745 - m3_module.m3_cells_generator - INFO - enlarge_cell_instances: 17 顆細胞, factor=1.50(面積), 中位半徑=23.3px, 外擴=5.2px
2026-07-26 13:17:59,760 - m3_module.m3_cells_generator - INFO - enlarge_cell_instances: 103 顆細胞, factor=1.50(面積), 中位半徑=24.8px, 外擴=5.6px
2026-07-26 13:17:59,771 - m3_module.m3_elastic_matching - INFO - elastic_dish_nucleus_matching(overlap-first): IHC=17, DISH=2, matched(1核)=1 (其中重疊=1), drop-out(競爭落敗)=0, 無候選(計入)=16, factor=1.50, min_reach=20.0
2026-07-26 13:17:59,771 - m3_module.m3_cells_generator - INFO - enlarge_cell_instances: 109 顆細胞, factor=1.50(面積), 中位半徑=25.2px, 外擴=5.7px
2026-07-26 13:17:59,792 - m3_module.m3_elastic_matching - INFO - elastic_dish_nucleus_matching(overlap-first): IHC=103, DISH=15, matched(1核)=13 (其中重疊=13), drop-out(競爭落敗)=7, 無候選(計入)=83, factor=1.50, min_reach=20.0
2026-07-26 13:17:59,802 - m3_module.m3_elastic_matching - INFO - elastic_dish_nucleus_matching(overlap-first): IHC=109, DISH=31, matched(1核)=17 (其中重疊=17), drop-out(競爭落敗)=5, 無候選(計入)=87, factor=1.50, min_reach=20.0
2026-07-26 13:17:59,881 - m3_module.m3_dot_detection - INFO - detect_all_dots: 紅點=27, 黑點=37, 涉及細胞=134
2026-07-26 13:17:59,900 - m3_module.m3_dot_detection - INFO - detect_all_dots: 紅點=0, 黑點=0, 涉及細胞=17
2026-07-26 13:17:59,953 - m3_module.m3_dot_detection - INFO - detect_all_dots: 紅點=10, 黑點=13, 涉及細胞=109
2026-07-26 13:17:59,957 - m3_module.m3_dot_detection - INFO - detect_all_dots: 紅點=12, 黑點=17, 涉及細胞=103
2026-07-26 13:18:00,000 - m4_module.cell_crops - INFO - 匯出 5 張 per-cell 影像至 /data/taro_Projects/tsgh/output/r7_keep/cell_crops/tile_x5376_y13056/cells
2026-07-26 13:18:00,000 - hybrid_pipeline - INFO - Tile tile_x5376_y13056 完成: 核心擁有 5 細胞 (5 陽性), 1.39 秒
2026-07-26 13:18:00,000 - hybrid_pipeline - INFO - [413/576] 已回收 tile_x5376_y13056
2026-07-26 13:18:00,026 - hybrid_pipeline - INFO - Tile tile_x8448_y13056: 核心遮罩全空 → 空白 placeholder
2026-07-26 13:18:00,042 - hybrid_pipeline - INFO - [414/576] 已回收 tile_x8448_y13056
2026-07-26 13:18:00,066 - hybrid_pipeline - INFO - Tile tile_x9216_y13056: 核心遮罩全空 → 空白 placeholder
2026-07-26 13:18:00,095 - hybrid_pipeline - INFO - [415/576] 已回收 tile_x9216_y13056
2026-07-26 13:18:00,125 - hybrid_pipeline - INFO - Tile tile_x10752_y13056: 核心遮罩全空 → 空白 placeholder
2026-07-26 13:18:00,154 - hybrid_pipeline - INFO - [416/576] 已回收 tile_x10752_y13056
2026-07-26 13:18:00,185 - hybrid_pipeline - INFO - Tile tile_x11520_y13056: 核心遮罩全空 → 空白 placeholder
2026-07-26 13:18:00,227 - hybrid_pipeline - INFO - [417/576] 已回收 tile_x11520_y13056
2026-07-26 13:18:00,242 - m4_module.cell_crops - INFO - 匯出 86 張 per-cell 影像至 /data/taro_Projects/tsgh/output/r7_keep/cell_crops/tile_x3072_y13056/cells
2026-07-26 13:18:00,243 - hybrid_pipeline - INFO - Tile tile_x3072_y13056 完成: 核心擁有 86 細胞 (86 陽性), 1.79 秒
2026-07-26 13:18:00,244 - m4_module.cell_crops - INFO - 匯出 57 張 per-cell 影像至 /data/taro_Projects/tsgh/output/r7_keep/cell_crops/tile_x4608_y13056/cells
2026-07-26 13:18:00,245 - hybrid_pipeline - INFO - Tile tile_x4608_y13056 完成: 核心擁有 57 細胞 (57 陽性), 1.74 秒
2026-07-26 13:18:00,246 - hybrid_pipeline - INFO - [418/576] 已回收 tile_x4608_y13056
2026-07-26 13:18:00,259 - hybrid_pipeline - INFO - Tile tile_x9984_y13056: 核心遮罩全空 → 空白 placeholder
2026-07-26 13:18:00,269 - hybrid_pipeline - INFO - Tile tile_x7680_y13056: 核心遮罩全空 → 空白 placeholder
2026-07-26 13:18:00,281 - m4_module.cell_crops - INFO - 匯出 55 張 per-cell 影像至 /data/taro_Projects/tsgh/output/r7_keep/cell_crops/tile_x3840_y13056/cells
2026-07-26 13:18:00,281 - hybrid_pipeline - INFO - Tile tile_x3840_y13056 完成: 核心擁有 55 細胞 (55 陽性), 1.75 秒
2026-07-26 13:18:00,307 - hybrid_pipeline - INFO - [419/576] 已回收 tile_x9984_y13056
2026-07-26 13:18:00,321 - hybrid_pipeline - INFO - [420/576] 已回收 tile_x7680_y13056
2026-07-26 13:18:00,340 - hybrid_pipeline - INFO - Tile tile_x12288_y13056: 核心遮罩全空 → 空白 placeholder
2026-07-26 13:18:00,346 - hybrid_pipeline - INFO - Tile tile_x13056_y13056: 核心遮罩全空 → 空白 placeholder
2026-07-26 13:18:00,394 - hybrid_pipeline - INFO - [421/576] 已回收 tile_x12288_y13056
2026-07-26 13:18:00,398 - hybrid_pipeline - INFO - [422/576] 已回收 tile_x13056_y13056
2026-07-26 13:18:00,424 - hybrid_pipeline - INFO - [423/576] 已回收 tile_x3072_y13056
2026-07-26 13:18:00,425 - hybrid_pipeline - INFO - Tile tile_x14592_y13056: 核心遮罩全空 → 空白 placeholder
2026-07-26 13:18:00,429 - hybrid_pipeline - INFO - Tile tile_x13824_y13056: 核心遮罩全空 → 空白 placeholder
2026-07-26 13:18:00,451 - m3_module.m3_cells_generator - INFO - All-positive 標註完成: 33 個細胞
2026-07-26 13:18:00,455 - hybrid_pipeline - INFO - [424/576] 已回收 tile_x13824_y13056
2026-07-26 13:18:00,467 - hybrid_pipeline - INFO - [425/576] 已回收 tile_x14592_y13056
2026-07-26 13:18:00,485 - hybrid_pipeline - INFO - Tile tile_x15360_y13056: 核心遮罩全空 → 空白 placeholder
2026-07-26 13:18:00,490 - hybrid_pipeline - INFO - Tile tile_x16128_y13056: 核心遮罩全空 → 空白 placeholder
2026-07-26 13:18:00,492 - m3_module.m3_cells_generator - INFO - enlarge_cell_instances: 33 顆細胞, factor=1.50(面積), 中位半徑=20.8px, 外擴=4.7px
2026-07-26 13:18:00,517 - m3_module.m3_elastic_matching - INFO - elastic_dish_nucleus_matching(overlap-first): IHC=33, DISH=5, matched(1核)=3 (其中重疊=3), drop-out(競爭落敗)=0, 無候選(計入)=30, factor=1.50, min_reach=20.0
2026-07-26 13:18:00,521 - hybrid_pipeline - INFO - [426/576] 已回收 tile_x15360_y13056
2026-07-26 13:18:00,551 - hybrid_pipeline - INFO - Tile tile_x16896_y13056: 核心遮罩全空 → 空白 placeholder
2026-07-26 13:18:00,597 - hybrid_pipeline - INFO - [427/576] 已回收 tile_x3840_y13056
2026-07-26 13:18:00,632 - m3_module.m3_cells_generator - INFO - All-positive 標註完成: 3 個細胞
2026-07-26 13:18:00,651 - m3_module.m3_dot_detection - INFO - detect_all_dots: 紅點=1, 黑點=1, 涉及細胞=33
2026-07-26 13:18:00,661 - m3_module.m3_cells_generator - INFO - enlarge_cell_instances: 3 顆細胞, factor=1.50(面積), 中位半徑=18.6px, 外擴=4.2px
2026-07-26 13:18:00,762 - m3_module.m3_dot_detection - INFO - detect_all_dots: 紅點=0, 黑點=0, 涉及細胞=3
2026-07-26 13:18:00,790 - m4_module.cell_crops - INFO - 匯出 30 張 per-cell 影像至 /data/taro_Projects/tsgh/output/r7_keep/cell_crops/tile_x6144_y13056/cells
2026-07-26 13:18:00,790 - hybrid_pipeline - INFO - Tile tile_x6144_y13056 完成: 核心擁有 30 細胞 (30 陽性), 1.26 秒
2026-07-26 13:18:00,791 - hybrid_pipeline - INFO - [428/576] 已回收 tile_x6144_y13056
2026-07-26 13:18:00,805 - m4_module.cell_crops - INFO - 匯出 0 張 per-cell 影像至 /data/taro_Projects/tsgh/output/r7_keep/cell_crops/tile_x6912_y13056/cells
2026-07-26 13:18:00,805 - hybrid_pipeline - INFO - Tile tile_x6912_y13056 完成: 核心擁有 0 細胞 (0 陽性), 1.12 秒
2026-07-26 13:18:00,814 - hybrid_pipeline - INFO - Tile tile_x17664_y13056: 核心遮罩全空 → 空白 placeholder
2026-07-26 13:18:01,681 - hybrid_pipeline - INFO - [429/576] 已回收 tile_x16128_y13056
2026-07-26 13:18:01,714 - m3_module.m3_cells_generator - INFO - All-positive 標註完成: 115 個細胞
2026-07-26 13:18:01,734 - hybrid_pipeline - INFO - [430/576] 已回收 tile_x16896_y13056
2026-07-26 13:18:01,756 - hybrid_pipeline - INFO - [431/576] 已回收 tile_x6912_y13056
2026-07-26 13:18:01,773 - m3_module.m3_cells_generator - INFO - All-positive 標註完成: 135 個細胞
2026-07-26 13:18:01,776 - m3_module.m3_cells_generator - INFO - enlarge_cell_instances: 115 顆細胞, factor=1.50(面積), 中位半徑=30.0px, 外擴=6.7px
2026-07-26 13:18:01,795 - m3_module.m3_cells_generator - INFO - All-positive 標註完成: 103 個細胞
2026-07-26 13:18:01,807 - hybrid_pipeline - INFO - [432/576] 已回收 tile_x17664_y13056
2026-07-26 13:18:01,812 - m3_module.m3_elastic_matching - INFO - elastic_dish_nucleus_matching(overlap-first): IHC=115, DISH=50, matched(1核)=33 (其中重疊=32), drop-out(競爭落敗)=11, 無候選(計入)=71, factor=1.50, min_reach=20.0
2026-07-26 13:18:01,837 - m3_module.m3_cells_generator - INFO - enlarge_cell_instances: 135 顆細胞, factor=1.50(面積), 中位半徑=26.3px, 外擴=5.9px
2026-07-26 13:18:01,840 - m3_module.m3_cells_generator - INFO - All-positive 標註完成: 97 個細胞
2026-07-26 13:18:01,860 - m3_module.m3_cells_generator - INFO - enlarge_cell_instances: 103 顆細胞, factor=1.50(面積), 中位半徑=27.0px, 外擴=6.1px
2026-07-26 13:18:01,878 - m3_module.m3_elastic_matching - INFO - elastic_dish_nucleus_matching(overlap-first): IHC=135, DISH=72, matched(1核)=46 (其中重疊=45), drop-out(競爭落敗)=10, 無候選(計入)=79, factor=1.50, min_reach=20.0
2026-07-26 13:18:01,899 - m3_module.m3_elastic_matching - INFO - elastic_dish_nucleus_matching(overlap-first): IHC=103, DISH=66, matched(1核)=46 (其中重疊=46), drop-out(競爭落敗)=12, 無候選(計入)=45, factor=1.50, min_reach=20.0
2026-07-26 13:18:01,899 - m3_module.m3_cells_generator - INFO - enlarge_cell_instances: 97 顆細胞, factor=1.50(面積), 中位半徑=23.0px, 外擴=5.2px
2026-07-26 13:18:01,935 - m3_module.m3_elastic_matching - INFO - elastic_dish_nucleus_matching(overlap-first): IHC=97, DISH=25, matched(1核)=20 (其中重疊=20), drop-out(競爭落敗)=12, 無候選(計入)=65, factor=1.50, min_reach=20.0
2026-07-26 13:18:02,040 - m3_module.m3_dot_detection - INFO - detect_all_dots: 紅點=31, 黑點=44, 涉及細胞=115
2026-07-26 13:18:02,133 - m3_module.m3_dot_detection - INFO - detect_all_dots: 紅點=30, 黑點=38, 涉及細胞=97
2026-07-26 13:18:02,159 - m3_module.m3_dot_detection - INFO - detect_all_dots: 紅點=66, 黑點=83, 涉及細胞=135
2026-07-26 13:18:02,205 - m3_module.m3_dot_detection - INFO - detect_all_dots: 紅點=94, 黑點=121, 涉及細胞=103
2026-07-26 13:18:02,400 - m4_module.cell_crops - INFO - 匯出 75 張 per-cell 影像至 /data/taro_Projects/tsgh/output/r7_keep/cell_crops/tile_x2304_y13824/cells
2026-07-26 13:18:02,400 - hybrid_pipeline - INFO - Tile tile_x2304_y13824 完成: 核心擁有 75 細胞 (75 陽性), 1.61 秒
2026-07-26 13:18:02,414 - m4_module.cell_crops - INFO - 匯出 63 張 per-cell 影像至 /data/taro_Projects/tsgh/output/r7_keep/cell_crops/tile_x0_y13824/cells
2026-07-26 13:18:02,415 - hybrid_pipeline - INFO - Tile tile_x0_y13824 完成: 核心擁有 63 細胞 (63 陽性), 1.95 秒
2026-07-26 13:18:02,500 - m4_module.cell_crops - INFO - 匯出 48 張 per-cell 影像至 /data/taro_Projects/tsgh/output/r7_keep/cell_crops/tile_x1536_y13824/cells
2026-07-26 13:18:02,500 - hybrid_pipeline - INFO - Tile tile_x1536_y13824 完成: 核心擁有 48 細胞 (48 陽性), 1.90 秒
2026-07-26 13:18:02,544 - m4_module.cell_crops - INFO - 匯出 81 張 per-cell 影像至 /data/taro_Projects/tsgh/output/r7_keep/cell_crops/tile_x768_y13824/cells
2026-07-26 13:18:02,544 - hybrid_pipeline - INFO - Tile tile_x768_y13824 完成: 核心擁有 81 細胞 (81 陽性), 2.02 秒
2026-07-26 13:18:02,692 - hybrid_pipeline - INFO - [433/576] 已回收 tile_x0_y13824
2026-07-26 13:18:02,721 - m3_module.m3_cells_generator - INFO - All-positive 標註完成: 67 個細胞
2026-07-26 13:18:02,770 - m3_module.m3_cells_generator - INFO - enlarge_cell_instances: 67 顆細胞, factor=1.50(面積), 中位半徑=24.4px, 外擴=5.5px
2026-07-26 13:18:02,797 - m3_module.m3_elastic_matching - INFO - elastic_dish_nucleus_matching(overlap-first): IHC=67, DISH=19, matched(1核)=13 (其中重疊=13), drop-out(競爭落敗)=4, 無候選(計入)=50, factor=1.50, min_reach=20.0
2026-07-26 13:18:02,924 - hybrid_pipeline - INFO - [434/576] 已回收 tile_x768_y13824
2026-07-26 13:18:02,945 - hybrid_pipeline - INFO - [435/576] 已回收 tile_x1536_y13824
2026-07-26 13:18:02,945 - hybrid_pipeline - INFO - [436/576] 已回收 tile_x2304_y13824
2026-07-26 13:18:02,956 - m3_module.m3_dot_detection - INFO - detect_all_dots: 紅點=14, 黑點=16, 涉及細胞=67
2026-07-26 13:18:02,956 - m3_module.m3_cells_generator - INFO - All-positive 標註完成: 136 個細胞
2026-07-26 13:18:02,971 - m3_module.m3_cells_generator - INFO - All-positive 標註完成: 6 個細胞
2026-07-26 13:18:02,975 - m3_module.m3_cells_generator - INFO - All-positive 標註完成: 80 個細胞
2026-07-26 13:18:03,003 - m3_module.m3_cells_generator - INFO - enlarge_cell_instances: 6 顆細胞, factor=1.50(面積), 中位半徑=21.6px, 外擴=4.9px
2026-07-26 13:18:03,014 - m3_module.m3_cells_generator - INFO - enlarge_cell_instances: 136 顆細胞, factor=1.50(面積), 中位半徑=22.3px, 外擴=5.0px
2026-07-26 13:18:03,023 - m3_module.m3_cells_generator - INFO - enlarge_cell_instances: 80 顆細胞, factor=1.50(面積), 中位半徑=23.8px, 外擴=5.3px
2026-07-26 13:18:03,045 - m3_module.m3_elastic_matching - INFO - elastic_dish_nucleus_matching(overlap-first): IHC=136, DISH=24, matched(1核)=19 (其中重疊=19), drop-out(競爭落敗)=4, 無候選(計入)=113, factor=1.50, min_reach=20.0
2026-07-26 13:18:03,053 - m3_module.m3_elastic_matching - INFO - elastic_dish_nucleus_matching(overlap-first): IHC=80, DISH=3, matched(1核)=2 (其中重疊=2), drop-out(競爭落敗)=2, 無候選(計入)=76, factor=1.50, min_reach=20.0
2026-07-26 13:18:03,151 - m3_module.m3_dot_detection - INFO - detect_all_dots: 紅點=0, 黑點=0, 涉及細胞=6
2026-07-26 13:18:03,176 - m3_module.m3_dot_detection - INFO - detect_all_dots: 紅點=1, 黑點=0, 涉及細胞=80
2026-07-26 13:18:03,187 - m4_module.cell_crops - INFO - 匯出 26 張 per-cell 影像至 /data/taro_Projects/tsgh/output/r7_keep/cell_crops/tile_x3072_y13824/cells
2026-07-26 13:18:03,187 - hybrid_pipeline - INFO - Tile tile_x3072_y13824 完成: 核心擁有 26 細胞 (26 陽性), 1.51 秒
2026-07-26 13:18:03,207 - m4_module.cell_crops - INFO - 匯出 5 張 per-cell 影像至 /data/taro_Projects/tsgh/output/r7_keep/cell_crops/tile_x6144_y13824/cells
2026-07-26 13:18:03,207 - hybrid_pipeline - INFO - Tile tile_x6144_y13824 完成: 核心擁有 5 細胞 (5 陽性), 1.40 秒
2026-07-26 13:18:03,208 - hybrid_pipeline - INFO - [437/576] 已回收 tile_x6144_y13824
2026-07-26 13:18:03,231 - hybrid_pipeline - INFO - Tile tile_x8448_y13824: 核心遮罩全空 → 空白 placeholder
2026-07-26 13:18:03,240 - m3_module.m3_dot_detection - INFO - detect_all_dots: 紅點=22, 黑點=30, 涉及細胞=136
2026-07-26 13:18:03,288 - hybrid_pipeline - INFO - [438/576] 已回收 tile_x8448_y13824
2026-07-26 13:18:03,321 - hybrid_pipeline - INFO - Tile tile_x9984_y13824: 核心遮罩全空 → 空白 placeholder
2026-07-26 13:18:03,381 - hybrid_pipeline - INFO - [439/576] 已回收 tile_x9984_y13824
2026-07-26 13:18:03,386 - m4_module.cell_crops - INFO - 匯出 45 張 per-cell 影像至 /data/taro_Projects/tsgh/output/r7_keep/cell_crops/tile_x5376_y13824/cells
2026-07-26 13:18:03,386 - hybrid_pipeline - INFO - Tile tile_x5376_y13824 完成: 核心擁有 45 細胞 (45 陽性), 1.63 秒
2026-07-26 13:18:03,395 - cellpose.dynamics - INFO - No cell pixels found.
2026-07-26 13:18:03,414 - hybrid_pipeline - INFO - Tile tile_x10752_y13824: 核心遮罩全空 → 空白 placeholder
2026-07-26 13:18:03,436 - cellpose.dynamics - INFO - No cell pixels found.
2026-07-26 13:18:03,439 - hybrid_pipeline - INFO - [440/576] 已回收 tile_x10752_y13824
2026-07-26 13:18:03,467 - hybrid_pipeline - INFO - Tile tile_x9216_y13824: 核心遮罩全空 → 空白 placeholder
2026-07-26 13:18:03,501 - hybrid_pipeline - INFO - [441/576] 已回收 tile_x9216_y13824
2026-07-26 13:18:03,531 - hybrid_pipeline - INFO - Tile tile_x11520_y13824: 核心遮罩全空 → 空白 placeholder
2026-07-26 13:18:03,546 - m4_module.cell_crops - INFO - 匯出 83 張 per-cell 影像至 /data/taro_Projects/tsgh/output/r7_keep/cell_crops/tile_x4608_y13824/cells
2026-07-26 13:18:03,547 - hybrid_pipeline - INFO - Tile tile_x4608_y13824 完成: 核心擁有 83 細胞 (83 陽性), 1.81 秒
2026-07-26 13:18:03,577 - hybrid_pipeline - INFO - [442/576] 已回收 tile_x11520_y13824
2026-07-26 13:18:03,608 - hybrid_pipeline - INFO - Tile tile_x13056_y13824: 核心遮罩全空 → 空白 placeholder
2026-07-26 13:18:03,667 - hybrid_pipeline - INFO - [443/576] 已回收 tile_x13056_y13824
2026-07-26 13:18:03,699 - hybrid_pipeline - INFO - Tile tile_x12288_y13824: 核心遮罩全空 → 空白 placeholder
2026-07-26 13:18:03,707 - hybrid_pipeline - INFO - [444/576] 已回收 tile_x3072_y13824
2026-07-26 13:18:03,730 - m3_module.m3_cells_generator - INFO - All-positive 標註完成: 71 個細胞
2026-07-26 13:18:03,756 - hybrid_pipeline - INFO - [445/576] 已回收 tile_x12288_y13824
2026-07-26 13:18:03,784 - hybrid_pipeline - INFO - Tile tile_x13824_y13824: 核心遮罩全空 → 空白 placeholder
2026-07-26 13:18:03,785 - m3_module.m3_cells_generator - INFO - enlarge_cell_instances: 71 顆細胞, factor=1.50(面積), 中位半徑=20.6px, 外擴=4.6px
2026-07-26 13:18:03,812 - m3_module.m3_elastic_matching - INFO - elastic_dish_nucleus_matching(overlap-first): IHC=71, DISH=11, matched(1核)=10 (其中重疊=10), drop-out(競爭落敗)=0, 無候選(計入)=61, factor=1.50, min_reach=20.0
2026-07-26 13:18:03,815 - hybrid_pipeline - INFO - [446/576] 已回收 tile_x13824_y13824
2026-07-26 13:18:03,840 - hybrid_pipeline - INFO - Tile tile_x14592_y13824: 核心遮罩全空 → 空白 placeholder
2026-07-26 13:18:03,855 - hybrid_pipeline - INFO - [447/576] 已回收 tile_x14592_y13824
2026-07-26 13:18:03,883 - hybrid_pipeline - INFO - Tile tile_x15360_y13824: 核心遮罩全空 → 空白 placeholder
2026-07-26 13:18:03,906 - hybrid_pipeline - INFO - [448/576] 已回收 tile_x15360_y13824
2026-07-26 13:18:03,918 - hybrid_pipeline - INFO - [449/576] 已回收 tile_x4608_y13824
2026-07-26 13:18:03,927 - m3_module.m3_cells_generator - INFO - All-positive 標註完成: 0 個細胞
2026-07-26 13:18:03,931 - hybrid_pipeline - INFO - Tile tile_x16896_y13824: 核心遮罩全空 → 空白 placeholder
2026-07-26 13:18:03,947 - hybrid_pipeline - INFO - [450/576] 已回收 tile_x5376_y13824
2026-07-26 13:18:03,949 - hybrid_pipeline - INFO - [451/576] 已回收 tile_x16896_y13824
2026-07-26 13:18:03,954 - m3_module.m3_cells_generator - INFO - All-positive 標註完成: 0 個細胞
2026-07-26 13:18:03,964 - m3_module.m3_dot_detection - INFO - detect_all_dots: 紅點=8, 黑點=15, 涉及細胞=71
2026-07-26 13:18:03,974 - hybrid_pipeline - INFO - Tile tile_x17664_y13824: 核心遮罩全空 → 空白 placeholder
2026-07-26 13:18:04,075 - m3_module.m3_dot_detection - INFO - detect_all_dots: 紅點=0, 黑點=0, 涉及細胞=0
2026-07-26 13:18:04,076 - m3_module.m3_dot_detection - INFO - detect_all_dots: 紅點=0, 黑點=0, 涉及細胞=0
2026-07-26 13:18:04,109 - m4_module.cell_crops - INFO - 匯出 0 張 per-cell 影像至 /data/taro_Projects/tsgh/output/r7_keep/cell_crops/tile_x7680_y13824/cells
2026-07-26 13:18:04,109 - hybrid_pipeline - INFO - Tile tile_x7680_y13824 完成: 核心擁有 0 細胞 (0 陽性), 1.16 秒
2026-07-26 13:18:04,111 - m4_module.cell_crops - INFO - 匯出 0 張 per-cell 影像至 /data/taro_Projects/tsgh/output/r7_keep/cell_crops/tile_x6912_y13824/cells
2026-07-26 13:18:04,111 - hybrid_pipeline - INFO - Tile tile_x6912_y13824 完成: 核心擁有 0 細胞 (0 陽性), 1.19 秒
2026-07-26 13:18:04,197 - m4_module.cell_crops - INFO - 匯出 34 張 per-cell 影像至 /data/taro_Projects/tsgh/output/r7_keep/cell_crops/tile_x3840_y13824/cells
2026-07-26 13:18:04,198 - hybrid_pipeline - INFO - Tile tile_x3840_y13824 完成: 核心擁有 34 細胞 (34 陽性), 1.51 秒
2026-07-26 13:18:04,200 - hybrid_pipeline - INFO - [452/576] 已回收 tile_x3840_y13824
2026-07-26 13:18:04,223 - hybrid_pipeline - INFO - Tile tile_x16128_y13824: 核心遮罩全空 → 空白 placeholder
2026-07-26 13:18:04,849 - hybrid_pipeline - INFO - [453/576] 已回收 tile_x6912_y13824
2026-07-26 13:18:04,879 - m3_module.m3_cells_generator - INFO - All-positive 標註完成: 57 個細胞
2026-07-26 13:18:04,932 - m3_module.m3_cells_generator - INFO - enlarge_cell_instances: 57 顆細胞, factor=1.50(面積), 中位半徑=32.0px, 外擴=7.2px
2026-07-26 13:18:04,959 - m3_module.m3_elastic_matching - INFO - elastic_dish_nucleus_matching(overlap-first): IHC=57, DISH=20, matched(1核)=18 (其中重疊=18), drop-out(競爭落敗)=7, 無候選(計入)=32, factor=1.50, min_reach=20.0
2026-07-26 13:18:05,062 - hybrid_pipeline - INFO - [454/576] 已回收 tile_x17664_y13824
2026-07-26 13:18:05,094 - m3_module.m3_cells_generator - INFO - All-positive 標註完成: 67 個細胞
2026-07-26 13:18:05,096 - hybrid_pipeline - INFO - [455/576] 已回收 tile_x7680_y13824
2026-07-26 13:18:05,126 - m3_module.m3_cells_generator - INFO - All-positive 標註完成: 52 個細胞
2026-07-26 13:18:05,126 - hybrid_pipeline - INFO - [456/576] 已回收 tile_x16128_y13824
2026-07-26 13:18:05,145 - m3_module.m3_dot_detection - INFO - detect_all_dots: 紅點=26, 黑點=33, 涉及細胞=57
2026-07-26 13:18:05,152 - m3_module.m3_cells_generator - INFO - enlarge_cell_instances: 67 顆細胞, factor=1.50(面積), 中位半徑=28.1px, 外擴=6.3px
2026-07-26 13:18:05,156 - m3_module.m3_cells_generator - INFO - All-positive 標註完成: 66 個細胞
2026-07-26 13:18:05,182 - m3_module.m3_elastic_matching - INFO - elastic_dish_nucleus_matching(overlap-first): IHC=67, DISH=38, matched(1核)=28 (其中重疊=28), drop-out(競爭落敗)=3, 無候選(計入)=36, factor=1.50, min_reach=20.0
2026-07-26 13:18:05,182 - m3_module.m3_cells_generator - INFO - enlarge_cell_instances: 52 顆細胞, factor=1.50(面積), 中位半徑=28.5px, 外擴=6.4px
2026-07-26 13:18:05,214 - m3_module.m3_elastic_matching - INFO - elastic_dish_nucleus_matching(overlap-first): IHC=52, DISH=14, matched(1核)=13 (其中重疊=13), drop-out(競爭落敗)=6, 無候選(計入)=33, factor=1.50, min_reach=20.0
2026-07-26 13:18:05,218 - m3_module.m3_cells_generator - INFO - enlarge_cell_instances: 66 顆細胞, factor=1.50(面積), 中位半徑=23.6px, 外擴=5.3px
2026-07-26 13:18:05,251 - m3_module.m3_elastic_matching - INFO - elastic_dish_nucleus_matching(overlap-first): IHC=66, DISH=11, matched(1核)=6 (其中重疊=6), drop-out(競爭落敗)=2, 無候選(計入)=58, factor=1.50, min_reach=20.0
2026-07-26 13:18:05,356 - m3_module.m3_dot_detection - INFO - detect_all_dots: 紅點=13, 黑點=16, 涉及細胞=52
2026-07-26 13:18:05,385 - m4_module.cell_crops - INFO - 匯出 30 張 per-cell 影像至 /data/taro_Projects/tsgh/output/r7_keep/cell_crops/tile_x768_y14592/cells
2026-07-26 13:18:05,385 - hybrid_pipeline - INFO - Tile tile_x768_y14592 完成: 核心擁有 30 細胞 (30 陽性), 1.47 秒
2026-07-26 13:18:05,390 - m3_module.m3_dot_detection - INFO - detect_all_dots: 紅點=4, 黑點=5, 涉及細胞=66
2026-07-26 13:18:05,400 - m3_module.m3_dot_detection - INFO - detect_all_dots: 紅點=29, 黑點=48, 涉及細胞=67
2026-07-26 13:18:05,549 - m4_module.cell_crops - INFO - 匯出 34 張 per-cell 影像至 /data/taro_Projects/tsgh/output/r7_keep/cell_crops/tile_x0_y14592/cells
2026-07-26 13:18:05,549 - hybrid_pipeline - INFO - Tile tile_x0_y14592 完成: 核心擁有 34 細胞 (34 陽性), 1.60 秒
2026-07-26 13:18:05,603 - m4_module.cell_crops - INFO - 匯出 39 張 per-cell 影像至 /data/taro_Projects/tsgh/output/r7_keep/cell_crops/tile_x3840_y14592/cells
2026-07-26 13:18:05,603 - hybrid_pipeline - INFO - Tile tile_x3840_y14592 完成: 核心擁有 39 細胞 (39 陽性), 1.40 秒
2026-07-26 13:18:05,626 - m4_module.cell_crops - INFO - 匯出 23 張 per-cell 影像至 /data/taro_Projects/tsgh/output/r7_keep/cell_crops/tile_x1536_y14592/cells
2026-07-26 13:18:05,626 - hybrid_pipeline - INFO - Tile tile_x1536_y14592 完成: 核心擁有 23 細胞 (23 陽性), 1.68 秒
2026-07-26 13:18:05,917 - hybrid_pipeline - INFO - [457/576] 已回收 tile_x768_y14592
2026-07-26 13:18:05,945 - m3_module.m3_cells_generator - INFO - All-positive 標註完成: 92 個細胞
2026-07-26 13:18:05,998 - m3_module.m3_cells_generator - INFO - enlarge_cell_instances: 92 顆細胞, factor=1.50(面積), 中位半徑=23.4px, 外擴=5.3px
2026-07-26 13:18:06,028 - m3_module.m3_elastic_matching - INFO - elastic_dish_nucleus_matching(overlap-first): IHC=92, DISH=76, matched(1核)=36 (其中重疊=36), drop-out(競爭落敗)=2, 無候選(計入)=54, factor=1.50, min_reach=20.0
2026-07-26 13:18:06,062 - hybrid_pipeline - INFO - [458/576] 已回收 tile_x1536_y14592
2026-07-26 13:18:06,092 - m3_module.m3_cells_generator - INFO - All-positive 標註完成: 80 個細胞
2026-07-26 13:18:06,148 - m3_module.m3_cells_generator - INFO - enlarge_cell_instances: 80 顆細胞, factor=1.50(面積), 中位半徑=19.9px, 外擴=4.5px
2026-07-26 13:18:06,176 - m3_module.m3_elastic_matching - INFO - elastic_dish_nucleus_matching(overlap-first): IHC=80, DISH=9, matched(1核)=8 (其中重疊=8), drop-out(競爭落敗)=1, 無候選(計入)=71, factor=1.50, min_reach=20.0
2026-07-26 13:18:06,216 - hybrid_pipeline - INFO - [459/576] 已回收 tile_x3840_y14592
2026-07-26 13:18:06,248 - m3_module.m3_cells_generator - INFO - All-positive 標註完成: 110 個細胞
2026-07-26 13:18:06,254 - hybrid_pipeline - INFO - [460/576] 已回收 tile_x0_y14592
2026-07-26 13:18:06,254 - m3_module.m3_dot_detection - INFO - detect_all_dots: 紅點=36, 黑點=44, 涉及細胞=92
2026-07-26 13:18:06,279 - m3_module.m3_cells_generator - INFO - All-positive 標註完成: 89 個細胞
2026-07-26 13:18:06,304 - m3_module.m3_cells_generator - INFO - enlarge_cell_instances: 110 顆細胞, factor=1.50(面積), 中位半徑=22.7px, 外擴=5.1px
2026-07-26 13:18:06,328 - m3_module.m3_dot_detection - INFO - detect_all_dots: 紅點=6, 黑點=11, 涉及細胞=80
2026-07-26 13:18:06,333 - m3_module.m3_elastic_matching - INFO - elastic_dish_nucleus_matching(overlap-first): IHC=110, DISH=10, matched(1核)=6 (其中重疊=6), drop-out(競爭落敗)=1, 無候選(計入)=103, factor=1.50, min_reach=20.0
2026-07-26 13:18:06,338 - m3_module.m3_cells_generator - INFO - enlarge_cell_instances: 89 顆細胞, factor=1.50(面積), 中位半徑=28.0px, 外擴=6.3px
2026-07-26 13:18:06,367 - m3_module.m3_elastic_matching - INFO - elastic_dish_nucleus_matching(overlap-first): IHC=89, DISH=29, matched(1核)=19 (其中重疊=18), drop-out(競爭落敗)=4, 無候選(計入)=66, factor=1.50, min_reach=20.0
2026-07-26 13:18:06,474 - m3_module.m3_dot_detection - INFO - detect_all_dots: 紅點=1, 黑點=6, 涉及細胞=110
2026-07-26 13:18:06,517 - m3_module.m3_dot_detection - INFO - detect_all_dots: 紅點=16, 黑點=24, 涉及細胞=89
2026-07-26 13:18:06,543 - m4_module.cell_crops - INFO - 匯出 32 張 per-cell 影像至 /data/taro_Projects/tsgh/output/r7_keep/cell_crops/tile_x4608_y14592/cells
2026-07-26 13:18:06,543 - hybrid_pipeline - INFO - Tile tile_x4608_y14592 完成: 核心擁有 32 細胞 (32 陽性), 1.48 秒
2026-07-26 13:18:06,557 - m4_module.cell_crops - INFO - 匯出 54 張 per-cell 影像至 /data/taro_Projects/tsgh/output/r7_keep/cell_crops/tile_x2304_y14592/cells
2026-07-26 13:18:06,557 - hybrid_pipeline - INFO - Tile tile_x2304_y14592 完成: 核心擁有 54 細胞 (54 陽性), 1.71 秒
2026-07-26 13:18:06,724 - hybrid_pipeline - INFO - [461/576] 已回收 tile_x2304_y14592
2026-07-26 13:18:06,753 - m3_module.m3_cells_generator - INFO - All-positive 標註完成: 5 個細胞
2026-07-26 13:18:06,758 - m4_module.cell_crops - INFO - 匯出 63 張 per-cell 影像至 /data/taro_Projects/tsgh/output/r7_keep/cell_crops/tile_x5376_y14592/cells
2026-07-26 13:18:06,758 - hybrid_pipeline - INFO - Tile tile_x5376_y14592 完成: 核心擁有 63 細胞 (63 陽性), 1.63 秒
2026-07-26 13:18:06,784 - m3_module.m3_cells_generator - INFO - enlarge_cell_instances: 5 顆細胞, factor=1.50(面積), 中位半徑=31.7px, 外擴=7.1px
2026-07-26 13:18:06,812 - m4_module.cell_crops - INFO - 匯出 58 張 per-cell 影像至 /data/taro_Projects/tsgh/output/r7_keep/cell_crops/tile_x3072_y14592/cells
2026-07-26 13:18:06,813 - hybrid_pipeline - INFO - Tile tile_x3072_y14592 完成: 核心擁有 58 細胞 (58 陽性), 1.72 秒
2026-07-26 13:18:06,816 - hybrid_pipeline - INFO - [462/576] 已回收 tile_x3072_y14592
2026-07-26 13:18:06,840 - hybrid_pipeline - INFO - Tile tile_x9984_y14592: 核心遮罩全空 → 空白 placeholder
2026-07-26 13:18:06,865 - hybrid_pipeline - INFO - [463/576] 已回收 tile_x9984_y14592
2026-07-26 13:18:06,878 - hybrid_pipeline - INFO - [464/576] 已回收 tile_x4608_y14592
2026-07-26 13:18:06,890 - hybrid_pipeline - INFO - Tile tile_x10752_y14592: 核心遮罩全空 → 空白 placeholder
2026-07-26 13:18:06,905 - m3_module.m3_cells_generator - INFO - All-positive 標註完成: 19 個細胞
2026-07-26 13:18:06,922 - m3_module.m3_dot_detection - INFO - detect_all_dots: 紅點=0, 黑點=0, 涉及細胞=5
2026-07-26 13:18:06,940 - hybrid_pipeline - INFO - [465/576] 已回收 tile_x10752_y14592
2026-07-26 13:18:06,946 - m3_module.m3_cells_generator - INFO - enlarge_cell_instances: 19 顆細胞, factor=1.50(面積), 中位半徑=25.0px, 外擴=5.6px
2026-07-26 13:18:06,968 - hybrid_pipeline - INFO - Tile tile_x11520_y14592: 核心遮罩全空 → 空白 placeholder
2026-07-26 13:18:06,971 - m3_module.m3_elastic_matching - INFO - elastic_dish_nucleus_matching(overlap-first): IHC=19, DISH=9, matched(1核)=5 (其中重疊=5), drop-out(競爭落敗)=1, 無候選(計入)=13, factor=1.50, min_reach=20.0
2026-07-26 13:18:06,979 - m4_module.cell_crops - INFO - 匯出 0 張 per-cell 影像至 /data/taro_Projects/tsgh/output/r7_keep/cell_crops/tile_x6144_y14592/cells
2026-07-26 13:18:06,979 - hybrid_pipeline - INFO - Tile tile_x6144_y14592 完成: 核心擁有 0 細胞 (0 陽性), 1.06 秒
2026-07-26 13:18:07,018 - hybrid_pipeline - INFO - [466/576] 已回收 tile_x11520_y14592
2026-07-26 13:18:07,044 - hybrid_pipeline - INFO - Tile tile_x13056_y14592: 核心遮罩全空 → 空白 placeholder
2026-07-26 13:18:07,067 - hybrid_pipeline - INFO - [467/576] 已回收 tile_x5376_y14592
2026-07-26 13:18:07,075 - hybrid_pipeline - INFO - [468/576] 已回收 tile_x13056_y14592
2026-07-26 13:18:07,100 - m3_module.m3_cells_generator - INFO - All-positive 標註完成: 37 個細胞
2026-07-26 13:18:07,110 - hybrid_pipeline - INFO - Tile tile_x12288_y14592: 核心遮罩全空 → 空白 placeholder
2026-07-26 13:18:07,113 - m3_module.m3_dot_detection - INFO - detect_all_dots: 紅點=8, 黑點=11, 涉及細胞=19
2026-07-26 13:18:07,135 - hybrid_pipeline - INFO - [469/576] 已回收 tile_x12288_y14592
2026-07-26 13:18:07,144 - m3_module.m3_cells_generator - INFO - enlarge_cell_instances: 37 顆細胞, factor=1.50(面積), 中位半徑=25.2px, 外擴=5.7px
2026-07-26 13:18:07,167 - hybrid_pipeline - INFO - Tile tile_x14592_y14592: 核心遮罩全空 → 空白 placeholder
2026-07-26 13:18:07,170 - m3_module.m3_elastic_matching - INFO - elastic_dish_nucleus_matching(overlap-first): IHC=37, DISH=30, matched(1核)=22 (其中重疊=22), drop-out(競爭落敗)=3, 無候選(計入)=12, factor=1.50, min_reach=20.0
2026-07-26 13:18:07,179 - hybrid_pipeline - INFO - [470/576] 已回收 tile_x14592_y14592
2026-07-26 13:18:07,211 - hybrid_pipeline - INFO - Tile tile_x15360_y14592: 核心遮罩全空 → 空白 placeholder
2026-07-26 13:18:07,216 - hybrid_pipeline - INFO - [471/576] 已回收 tile_x15360_y14592
2026-07-26 13:18:07,240 - hybrid_pipeline - INFO - Tile tile_x16128_y14592: 核心遮罩全空 → 空白 placeholder
2026-07-26 13:18:07,241 - m4_module.cell_crops - INFO - 匯出 13 張 per-cell 影像至 /data/taro_Projects/tsgh/output/r7_keep/cell_crops/tile_x6912_y14592/cells
2026-07-26 13:18:07,241 - hybrid_pipeline - INFO - Tile tile_x6912_y14592 完成: 核心擁有 13 細胞 (13 陽性), 1.18 秒
2026-07-26 13:18:07,242 - hybrid_pipeline - INFO - [472/576] 已回收 tile_x6912_y14592
2026-07-26 13:18:07,252 - hybrid_pipeline - INFO - [473/576] 已回收 tile_x16128_y14592
2026-07-26 13:18:07,267 - hybrid_pipeline - INFO - Tile tile_x9216_y14592: 核心遮罩全空 → 空白 placeholder
2026-07-26 13:18:07,277 - hybrid_pipeline - INFO - Tile tile_x16896_y14592: 核心遮罩全空 → 空白 placeholder
2026-07-26 13:18:07,289 - hybrid_pipeline - INFO - [474/576] 已回收 tile_x9216_y14592
2026-07-26 13:18:07,313 - hybrid_pipeline - INFO - Tile tile_x17664_y14592: 核心遮罩全空 → 空白 placeholder
2026-07-26 13:18:07,407 - m3_module.m3_dot_detection - INFO - detect_all_dots: 紅點=54, 黑點=69, 涉及細胞=37
2026-07-26 13:18:07,583 - m4_module.cell_crops - INFO - 匯出 24 張 per-cell 影像至 /data/taro_Projects/tsgh/output/r7_keep/cell_crops/tile_x7680_y14592/cells
2026-07-26 13:18:07,583 - hybrid_pipeline - INFO - Tile tile_x7680_y14592 完成: 核心擁有 24 細胞 (24 陽性), 1.37 秒
2026-07-26 13:18:07,585 - hybrid_pipeline - INFO - [475/576] 已回收 tile_x7680_y14592
2026-07-26 13:18:07,609 - hybrid_pipeline - INFO - Tile tile_x13824_y14592: 核心遮罩全空 → 空白 placeholder
2026-07-26 13:18:07,712 - hybrid_pipeline - INFO - [476/576] 已回收 tile_x6144_y14592
2026-07-26 13:18:07,744 - m3_module.m3_cells_generator - INFO - All-positive 標註完成: 25 個細胞
2026-07-26 13:18:07,784 - m3_module.m3_cells_generator - INFO - enlarge_cell_instances: 25 顆細胞, factor=1.50(面積), 中位半徑=25.6px, 外擴=5.8px
2026-07-26 13:18:07,811 - m3_module.m3_elastic_matching - INFO - elastic_dish_nucleus_matching(overlap-first): IHC=25, DISH=26, matched(1核)=17 (其中重疊=17), drop-out(競爭落敗)=4, 無候選(計入)=4, factor=1.50, min_reach=20.0
2026-07-26 13:18:08,035 - m3_module.m3_dot_detection - INFO - detect_all_dots: 紅點=47, 黑點=68, 涉及細胞=25
2026-07-26 13:18:08,144 - m4_module.cell_crops - INFO - 匯出 9 張 per-cell 影像至 /data/taro_Projects/tsgh/output/r7_keep/cell_crops/tile_x8448_y14592/cells
2026-07-26 13:18:08,144 - hybrid_pipeline - INFO - Tile tile_x8448_y14592 完成: 核心擁有 9 細胞 (9 陽性), 1.42 秒
2026-07-26 13:18:08,247 - hybrid_pipeline - INFO - [477/576] 已回收 tile_x16896_y14592
2026-07-26 13:18:08,281 - m3_module.m3_cells_generator - INFO - All-positive 標註完成: 8 個細胞
2026-07-26 13:18:08,315 - m3_module.m3_cells_generator - INFO - enlarge_cell_instances: 8 顆細胞, factor=1.50(面積), 中位半徑=15.1px, 外擴=3.4px
2026-07-26 13:18:08,327 - hybrid_pipeline - INFO - [478/576] 已回收 tile_x17664_y14592
2026-07-26 13:18:08,341 - m3_module.m3_elastic_matching - INFO - elastic_dish_nucleus_matching(overlap-first): IHC=8, DISH=4, matched(1核)=3 (其中重疊=3), drop-out(競爭落敗)=1, 無候選(計入)=4, factor=1.50, min_reach=20.0
2026-07-26 13:18:08,361 - m3_module.m3_cells_generator - INFO - All-positive 標註完成: 106 個細胞
2026-07-26 13:18:08,418 - m3_module.m3_cells_generator - INFO - enlarge_cell_instances: 106 顆細胞, factor=1.50(面積), 中位半徑=28.6px, 外擴=6.4px
2026-07-26 13:18:08,447 - m3_module.m3_dot_detection - INFO - detect_all_dots: 紅點=3, 黑點=4, 涉及細胞=8
2026-07-26 13:18:08,454 - m3_module.m3_elastic_matching - INFO - elastic_dish_nucleus_matching(overlap-first): IHC=106, DISH=54, matched(1核)=42 (其中重疊=42), drop-out(競爭落敗)=14, 無候選(計入)=50, factor=1.50, min_reach=20.0
2026-07-26 13:18:08,519 - m4_module.cell_crops - INFO - 匯出 0 張 per-cell 影像至 /data/taro_Projects/tsgh/output/r7_keep/cell_crops/tile_x768_y15360/cells
2026-07-26 13:18:08,519 - hybrid_pipeline - INFO - Tile tile_x768_y15360 完成: 核心擁有 0 細胞 (0 陽性), 1.27 秒
2026-07-26 13:18:08,694 - m3_module.m3_dot_detection - INFO - detect_all_dots: 紅點=52, 黑點=74, 涉及細胞=106
2026-07-26 13:18:08,829 - hybrid_pipeline - INFO - [479/576] 已回收 tile_x13824_y14592
2026-07-26 13:18:08,842 - hybrid_pipeline - INFO - [480/576] 已回收 tile_x8448_y14592
2026-07-26 13:18:08,864 - m3_module.m3_cells_generator - INFO - All-positive 標註完成: 124 個細胞
2026-07-26 13:18:08,870 - m3_module.m3_cells_generator - INFO - All-positive 標註完成: 15 個細胞
2026-07-26 13:18:08,916 - m3_module.m3_cells_generator - INFO - enlarge_cell_instances: 15 顆細胞, factor=1.50(面積), 中位半徑=31.3px, 外擴=7.0px
2026-07-26 13:18:08,929 - m3_module.m3_cells_generator - INFO - enlarge_cell_instances: 124 顆細胞, factor=1.50(面積), 中位半徑=28.7px, 外擴=6.4px
2026-07-26 13:18:08,946 - m3_module.m3_elastic_matching - INFO - elastic_dish_nucleus_matching(overlap-first): IHC=15, DISH=17, matched(1核)=11 (其中重疊=11), drop-out(競爭落敗)=1, 無候選(計入)=3, factor=1.50, min_reach=20.0
2026-07-26 13:18:08,964 - m3_module.m3_elastic_matching - INFO - elastic_dish_nucleus_matching(overlap-first): IHC=124, DISH=76, matched(1核)=47 (其中重疊=47), drop-out(競爭落敗)=5, 無候選(計入)=72, factor=1.50, min_reach=20.0
2026-07-26 13:18:09,010 - m4_module.cell_crops - INFO - 匯出 70 張 per-cell 影像至 /data/taro_Projects/tsgh/output/r7_keep/cell_crops/tile_x1536_y15360/cells
2026-07-26 13:18:09,011 - hybrid_pipeline - INFO - Tile tile_x1536_y15360 完成: 核心擁有 70 細胞 (70 陽性), 1.72 秒
2026-07-26 13:18:09,103 - m3_module.m3_dot_detection - INFO - detect_all_dots: 紅點=13, 黑點=19, 涉及細胞=15
2026-07-26 13:18:09,209 - m3_module.m3_dot_detection - INFO - detect_all_dots: 紅點=52, 黑點=66, 涉及細胞=124
2026-07-26 13:18:09,220 - m4_module.cell_crops - INFO - 匯出 11 張 per-cell 影像至 /data/taro_Projects/tsgh/output/r7_keep/cell_crops/tile_x0_y15360/cells
2026-07-26 13:18:09,220 - hybrid_pipeline - INFO - Tile tile_x0_y15360 完成: 核心擁有 11 細胞 (11 陽性), 1.51 秒
2026-07-26 13:18:09,374 - hybrid_pipeline - INFO - [481/576] 已回收 tile_x768_y15360
2026-07-26 13:18:09,409 - m3_module.m3_cells_generator - INFO - All-positive 標註完成: 28 個細胞
2026-07-26 13:18:09,411 - hybrid_pipeline - INFO - [482/576] 已回收 tile_x1536_y15360
2026-07-26 13:18:09,441 - m3_module.m3_cells_generator - INFO - All-positive 標註完成: 69 個細胞
2026-07-26 13:18:09,445 - m3_module.m3_cells_generator - INFO - enlarge_cell_instances: 28 顆細胞, factor=1.50(面積), 中位半徑=17.6px, 外擴=4.0px
2026-07-26 13:18:09,471 - m3_module.m3_elastic_matching - INFO - elastic_dish_nucleus_matching(overlap-first): IHC=28, DISH=11, matched(1核)=8 (其中重疊=8), drop-out(競爭落敗)=1, 無候選(計入)=19, factor=1.50, min_reach=20.0
2026-07-26 13:18:09,497 - m3_module.m3_cells_generator - INFO - enlarge_cell_instances: 69 顆細胞, factor=1.50(面積), 中位半徑=22.9px, 外擴=5.1px
2026-07-26 13:18:09,527 - m3_module.m3_elastic_matching - INFO - elastic_dish_nucleus_matching(overlap-first): IHC=69, DISH=5, matched(1核)=5 (其中重疊=5), drop-out(競爭落敗)=2, 無候選(計入)=62, factor=1.50, min_reach=20.0
2026-07-26 13:18:09,570 - m4_module.cell_crops - INFO - 匯出 73 張 per-cell 影像至 /data/taro_Projects/tsgh/output/r7_keep/cell_crops/tile_x2304_y15360/cells
2026-07-26 13:18:09,570 - hybrid_pipeline - INFO - Tile tile_x2304_y15360 完成: 核心擁有 73 細胞 (73 陽性), 1.99 秒
2026-07-26 13:18:09,612 - m3_module.m3_dot_detection - INFO - detect_all_dots: 紅點=7, 黑點=5, 涉及細胞=28
2026-07-26 13:18:09,666 - m3_module.m3_dot_detection - INFO - detect_all_dots: 紅點=4, 黑點=6, 涉及細胞=69
2026-07-26 13:18:09,715 - m4_module.cell_crops - INFO - 匯出 2 張 per-cell 影像至 /data/taro_Projects/tsgh/output/r7_keep/cell_crops/tile_x3072_y15360/cells
2026-07-26 13:18:09,715 - hybrid_pipeline - INFO - Tile tile_x3072_y15360 完成: 核心擁有 2 細胞 (2 陽性), 1.47 秒
2026-07-26 13:18:09,832 - m4_module.cell_crops - INFO - 匯出 37 張 per-cell 影像至 /data/taro_Projects/tsgh/output/r7_keep/cell_crops/tile_x3840_y15360/cells
2026-07-26 13:18:09,832 - hybrid_pipeline - INFO - Tile tile_x3840_y15360 完成: 核心擁有 37 細胞 (37 陽性), 1.51 秒
2026-07-26 13:18:10,093 - hybrid_pipeline - INFO - [483/576] 已回收 tile_x0_y15360
2026-07-26 13:18:10,108 - hybrid_pipeline - INFO - [484/576] 已回收 tile_x2304_y15360
2026-07-26 13:18:10,128 - m3_module.m3_cells_generator - INFO - All-positive 標註完成: 102 個細胞
2026-07-26 13:18:10,142 - m3_module.m3_cells_generator - INFO - All-positive 標註完成: 130 個細胞
2026-07-26 13:18:10,187 - m3_module.m3_cells_generator - INFO - enlarge_cell_instances: 102 顆細胞, factor=1.50(面積), 中位半徑=21.9px, 外擴=4.9px
2026-07-26 13:18:10,204 - m3_module.m3_cells_generator - INFO - enlarge_cell_instances: 130 顆細胞, factor=1.50(面積), 中位半徑=22.4px, 外擴=5.0px
2026-07-26 13:18:10,218 - m3_module.m3_elastic_matching - INFO - elastic_dish_nucleus_matching(overlap-first): IHC=102, DISH=14, matched(1核)=10 (其中重疊=10), drop-out(競爭落敗)=7, 無候選(計入)=85, factor=1.50, min_reach=20.0
2026-07-26 13:18:10,236 - m3_module.m3_elastic_matching - INFO - elastic_dish_nucleus_matching(overlap-first): IHC=130, DISH=32, matched(1核)=22 (其中重疊=22), drop-out(競爭落敗)=7, 無候選(計入)=101, factor=1.50, min_reach=20.0
2026-07-26 13:18:10,356 - m3_module.m3_dot_detection - INFO - detect_all_dots: 紅點=4, 黑點=8, 涉及細胞=102
2026-07-26 13:18:10,407 - m3_module.m3_dot_detection - INFO - detect_all_dots: 紅點=15, 黑點=22, 涉及細胞=130
2026-07-26 13:18:10,583 - hybrid_pipeline - INFO - [485/576] 已回收 tile_x3072_y15360
2026-07-26 13:18:10,617 - m3_module.m3_cells_generator - INFO - All-positive 標註完成: 68 個細胞
2026-07-26 13:18:10,642 - m4_module.cell_crops - INFO - 匯出 64 張 per-cell 影像至 /data/taro_Projects/tsgh/output/r7_keep/cell_crops/tile_x5376_y15360/cells
2026-07-26 13:18:10,642 - hybrid_pipeline - INFO - Tile tile_x5376_y15360 完成: 核心擁有 64 細胞 (64 陽性), 1.80 秒
2026-07-26 13:18:10,659 - hybrid_pipeline - INFO - [486/576] 已回收 tile_x3840_y15360
2026-07-26 13:18:10,671 - m3_module.m3_cells_generator - INFO - enlarge_cell_instances: 68 顆細胞, factor=1.50(面積), 中位半徑=18.8px, 外擴=4.2px
2026-07-26 13:18:10,686 - m3_module.m3_cells_generator - INFO - All-positive 標註完成: 88 個細胞
2026-07-26 13:18:10,698 - m3_module.m3_elastic_matching - INFO - elastic_dish_nucleus_matching(overlap-first): IHC=68, DISH=5, matched(1核)=4 (其中重疊=4), drop-out(競爭落敗)=3, 無候選(計入)=61, factor=1.50, min_reach=20.0
2026-07-26 13:18:10,746 - m3_module.m3_cells_generator - INFO - enlarge_cell_instances: 88 顆細胞, factor=1.50(面積), 中位半徑=21.0px, 外擴=4.7px
2026-07-26 13:18:10,762 - m4_module.cell_crops - INFO - 匯出 67 張 per-cell 影像至 /data/taro_Projects/tsgh/output/r7_keep/cell_crops/tile_x4608_y15360/cells
2026-07-26 13:18:10,762 - hybrid_pipeline - INFO - Tile tile_x4608_y15360 完成: 核心擁有 67 細胞 (67 陽性), 1.93 秒
2026-07-26 13:18:10,776 - m3_module.m3_elastic_matching - INFO - elastic_dish_nucleus_matching(overlap-first): IHC=88, DISH=63, matched(1核)=38 (其中重疊=38), drop-out(競爭落敗)=4, 無候選(計入)=46, factor=1.50, min_reach=20.0
2026-07-26 13:18:10,807 - m3_module.m3_dot_detection - INFO - detect_all_dots: 紅點=6, 黑點=7, 涉及細胞=68
2026-07-26 13:18:10,985 - m4_module.cell_crops - INFO - 匯出 28 張 per-cell 影像至 /data/taro_Projects/tsgh/output/r7_keep/cell_crops/tile_x6144_y15360/cells
2026-07-26 13:18:10,985 - hybrid_pipeline - INFO - Tile tile_x6144_y15360 完成: 核心擁有 28 細胞 (28 陽性), 1.61 秒
2026-07-26 13:18:10,988 - hybrid_pipeline - INFO - [487/576] 已回收 tile_x6144_y15360
2026-07-26 13:18:11,010 - m3_module.m3_dot_detection - INFO - detect_all_dots: 紅點=46, 黑點=68, 涉及細胞=88
2026-07-26 13:18:11,018 - hybrid_pipeline - INFO - Tile tile_x10752_y15360: 核心遮罩全空 → 空白 placeholder
2026-07-26 13:18:11,038 - hybrid_pipeline - INFO - [488/576] 已回收 tile_x10752_y15360
2026-07-26 13:18:11,070 - hybrid_pipeline - INFO - Tile tile_x11520_y15360: 核心遮罩全空 → 空白 placeholder
2026-07-26 13:18:11,114 - hybrid_pipeline - INFO - [489/576] 已回收 tile_x11520_y15360
2026-07-26 13:18:11,141 - hybrid_pipeline - INFO - Tile tile_x9984_y15360: 核心遮罩全空 → 空白 placeholder
2026-07-26 13:18:11,155 - hybrid_pipeline - INFO - [490/576] 已回收 tile_x9984_y15360
2026-07-26 13:18:11,184 - hybrid_pipeline - INFO - Tile tile_x12288_y15360: 核心遮罩全空 → 空白 placeholder
2026-07-26 13:18:11,186 - hybrid_pipeline - INFO - [491/576] 已回收 tile_x5376_y15360
2026-07-26 13:18:11,193 - hybrid_pipeline - INFO - [492/576] 已回收 tile_x12288_y15360
2026-07-26 13:18:11,202 - hybrid_pipeline - INFO - [493/576] 已回收 tile_x4608_y15360
2026-07-26 13:18:11,221 - m3_module.m3_cells_generator - INFO - All-positive 標註完成: 53 個細胞
2026-07-26 13:18:11,224 - hybrid_pipeline - INFO - Tile tile_x13056_y15360: 核心遮罩全空 → 空白 placeholder
2026-07-26 13:18:11,227 - m3_module.m3_cells_generator - INFO - All-positive 標註完成: 22 個細胞
2026-07-26 13:18:11,266 - hybrid_pipeline - INFO - [494/576] 已回收 tile_x13056_y15360
2026-07-26 13:18:11,268 - m3_module.m3_cells_generator - INFO - enlarge_cell_instances: 22 顆細胞, factor=1.50(面積), 中位半徑=21.9px, 外擴=4.9px
2026-07-26 13:18:11,275 - m3_module.m3_cells_generator - INFO - enlarge_cell_instances: 53 顆細胞, factor=1.50(面積), 中位半徑=21.5px, 外擴=4.8px
2026-07-26 13:18:11,276 - m4_module.cell_crops - INFO - 匯出 47 張 per-cell 影像至 /data/taro_Projects/tsgh/output/r7_keep/cell_crops/tile_x6912_y15360/cells
2026-07-26 13:18:11,276 - hybrid_pipeline - INFO - Tile tile_x6912_y15360 完成: 核心擁有 47 細胞 (47 陽性), 1.87 秒
2026-07-26 13:18:11,277 - hybrid_pipeline - INFO - [495/576] 已回收 tile_x6912_y15360
2026-07-26 13:18:11,295 - m3_module.m3_elastic_matching - INFO - elastic_dish_nucleus_matching(overlap-first): IHC=22, DISH=30, matched(1核)=15 (其中重疊=15), drop-out(競爭落敗)=1, 無候選(計入)=6, factor=1.50, min_reach=20.0
2026-07-26 13:18:11,297 - hybrid_pipeline - INFO - Tile tile_x15360_y15360: 核心遮罩全空 → 空白 placeholder
2026-07-26 13:18:11,302 - hybrid_pipeline - INFO - Tile tile_x9216_y15360: 核心遮罩全空 → 空白 placeholder
2026-07-26 13:18:11,303 - m3_module.m3_elastic_matching - INFO - elastic_dish_nucleus_matching(overlap-first): IHC=53, DISH=61, matched(1核)=34 (其中重疊=34), drop-out(競爭落敗)=5, 無候選(計入)=14, factor=1.50, min_reach=20.0
2026-07-26 13:18:11,316 - hybrid_pipeline - INFO - [496/576] 已回收 tile_x15360_y15360
2026-07-26 13:18:11,324 - hybrid_pipeline - INFO - [497/576] 已回收 tile_x9216_y15360
2026-07-26 13:18:11,345 - hybrid_pipeline - INFO - Tile tile_x16128_y15360: 核心遮罩全空 → 空白 placeholder
2026-07-26 13:18:11,348 - hybrid_pipeline - INFO - Tile tile_x17664_y15360: 核心遮罩全空 → 空白 placeholder
2026-07-26 13:18:11,367 - hybrid_pipeline - INFO - [498/576] 已回收 tile_x16128_y15360
2026-07-26 13:18:11,395 - hybrid_pipeline - INFO - Tile tile_x16896_y15360: 核心遮罩全空 → 空白 placeholder
2026-07-26 13:18:11,491 - m3_module.m3_dot_detection - INFO - detect_all_dots: 紅點=31, 黑點=48, 涉及細胞=22
2026-07-26 13:18:11,568 - m3_module.m3_dot_detection - INFO - detect_all_dots: 紅點=64, 黑點=79, 涉及細胞=53
2026-07-26 13:18:11,615 - m4_module.cell_crops - INFO - 匯出 10 張 per-cell 影像至 /data/taro_Projects/tsgh/output/r7_keep/cell_crops/tile_x8448_y15360/cells
2026-07-26 13:18:11,615 - hybrid_pipeline - INFO - Tile tile_x8448_y15360 完成: 核心擁有 10 細胞 (10 陽性), 1.51 秒
2026-07-26 13:18:11,617 - hybrid_pipeline - INFO - [499/576] 已回收 tile_x8448_y15360
2026-07-26 13:18:11,639 - hybrid_pipeline - INFO - Tile tile_x13824_y15360: 核心遮罩全空 → 空白 placeholder
2026-07-26 13:18:11,770 - m4_module.cell_crops - INFO - 匯出 22 張 per-cell 影像至 /data/taro_Projects/tsgh/output/r7_keep/cell_crops/tile_x7680_y15360/cells
2026-07-26 13:18:11,770 - hybrid_pipeline - INFO - Tile tile_x7680_y15360 完成: 核心擁有 22 細胞 (22 陽性), 1.68 秒
2026-07-26 13:18:11,772 - hybrid_pipeline - INFO - [500/576] 已回收 tile_x7680_y15360
2026-07-26 13:18:11,796 - hybrid_pipeline - INFO - Tile tile_x14592_y15360: 核心遮罩全空 → 空白 placeholder
2026-07-26 13:18:12,340 - hybrid_pipeline - INFO - [501/576] 已回收 tile_x17664_y15360
2026-07-26 13:18:12,370 - hybrid_pipeline - INFO - [502/576] 已回收 tile_x16896_y15360
2026-07-26 13:18:12,373 - m3_module.m3_cells_generator - INFO - All-positive 標註完成: 76 個細胞
2026-07-26 13:18:12,400 - m3_module.m3_cells_generator - INFO - All-positive 標註完成: 26 個細胞
2026-07-26 13:18:12,438 - m3_module.m3_cells_generator - INFO - enlarge_cell_instances: 76 顆細胞, factor=1.50(面積), 中位半徑=30.5px, 外擴=6.9px
2026-07-26 13:18:12,445 - m3_module.m3_cells_generator - INFO - enlarge_cell_instances: 26 顆細胞, factor=1.50(面積), 中位半徑=28.3px, 外擴=6.4px
2026-07-26 13:18:12,472 - m3_module.m3_elastic_matching - INFO - elastic_dish_nucleus_matching(overlap-first): IHC=76, DISH=69, matched(1核)=47 (其中重疊=47), drop-out(競爭落敗)=7, 無候選(計入)=22, factor=1.50, min_reach=20.0
2026-07-26 13:18:12,479 - m3_module.m3_elastic_matching - INFO - elastic_dish_nucleus_matching(overlap-first): IHC=26, DISH=21, matched(1核)=12 (其中重疊=12), drop-out(競爭落敗)=2, 無候選(計入)=12, factor=1.50, min_reach=20.0
2026-07-26 13:18:12,506 - hybrid_pipeline - INFO - [503/576] 已回收 tile_x13824_y15360
2026-07-26 13:18:12,538 - m3_module.m3_cells_generator - INFO - All-positive 標註完成: 61 個細胞
2026-07-26 13:18:12,584 - m3_module.m3_cells_generator - INFO - enlarge_cell_instances: 61 顆細胞, factor=1.50(面積), 中位半徑=27.2px, 外擴=6.1px
2026-07-26 13:18:12,588 - m3_module.m3_dot_detection - INFO - detect_all_dots: 紅點=3, 黑點=10, 涉及細胞=26
2026-07-26 13:18:12,617 - m3_module.m3_elastic_matching - INFO - elastic_dish_nucleus_matching(overlap-first): IHC=61, DISH=31, matched(1核)=19 (其中重疊=19), drop-out(競爭落敗)=3, 無候選(計入)=39, factor=1.50, min_reach=20.0
2026-07-26 13:18:12,720 - m4_module.cell_crops - INFO - 匯出 10 張 per-cell 影像至 /data/taro_Projects/tsgh/output/r7_keep/cell_crops/tile_x768_y16128/cells
2026-07-26 13:18:12,721 - hybrid_pipeline - INFO - Tile tile_x768_y16128 完成: 核心擁有 10 細胞 (10 陽性), 1.35 秒
2026-07-26 13:18:12,723 - m3_module.m3_dot_detection - INFO - detect_all_dots: 紅點=42, 黑點=73, 涉及細胞=76
2026-07-26 13:18:12,794 - m3_module.m3_dot_detection - INFO - detect_all_dots: 紅點=19, 黑點=36, 涉及細胞=61
2026-07-26 13:18:12,909 - hybrid_pipeline - INFO - [504/576] 已回收 tile_x14592_y15360
2026-07-26 13:18:12,940 - m3_module.m3_cells_generator - INFO - All-positive 標註完成: 72 個細胞
2026-07-26 13:18:12,988 - m4_module.cell_crops - INFO - 匯出 36 張 per-cell 影像至 /data/taro_Projects/tsgh/output/r7_keep/cell_crops/tile_x1536_y16128/cells
2026-07-26 13:18:12,988 - hybrid_pipeline - INFO - Tile tile_x1536_y16128 完成: 核心擁有 36 細胞 (36 陽性), 1.37 秒
2026-07-26 13:18:12,992 - m3_module.m3_cells_generator - INFO - enlarge_cell_instances: 72 顆細胞, factor=1.50(面積), 中位半徑=28.4px, 外擴=6.4px
2026-07-26 13:18:13,023 - m3_module.m3_elastic_matching - INFO - elastic_dish_nucleus_matching(overlap-first): IHC=72, DISH=35, matched(1核)=25 (其中重疊=25), drop-out(競爭落敗)=4, 無候選(計入)=43, factor=1.50, min_reach=20.0
2026-07-26 13:18:13,031 - m4_module.cell_crops - INFO - 匯出 53 張 per-cell 影像至 /data/taro_Projects/tsgh/output/r7_keep/cell_crops/tile_x0_y16128/cells
2026-07-26 13:18:13,032 - hybrid_pipeline - INFO - Tile tile_x0_y16128 完成: 核心擁有 53 細胞 (53 陽性), 1.71 秒
2026-07-26 13:18:13,219 - m3_module.m3_dot_detection - INFO - detect_all_dots: 紅點=29, 黑點=44, 涉及細胞=72
2026-07-26 13:18:13,438 - m4_module.cell_crops - INFO - 匯出 40 張 per-cell 影像至 /data/taro_Projects/tsgh/output/r7_keep/cell_crops/tile_x2304_y16128/cells
2026-07-26 13:18:13,438 - hybrid_pipeline - INFO - Tile tile_x2304_y16128 完成: 核心擁有 40 細胞 (40 陽性), 1.67 秒
2026-07-26 13:18:13,481 - hybrid_pipeline - INFO - [505/576] 已回收 tile_x0_y16128
2026-07-26 13:18:13,506 - m3_module.m3_cells_generator - INFO - All-positive 標註完成: 52 個細胞
2026-07-26 13:18:13,551 - m3_module.m3_cells_generator - INFO - enlarge_cell_instances: 52 顆細胞, factor=1.50(面積), 中位半徑=21.7px, 外擴=4.9px
2026-07-26 13:18:13,579 - m3_module.m3_elastic_matching - INFO - elastic_dish_nucleus_matching(overlap-first): IHC=52, DISH=19, matched(1核)=15 (其中重疊=15), drop-out(競爭落敗)=6, 無候選(計入)=31, factor=1.50, min_reach=20.0
2026-07-26 13:18:13,618 - hybrid_pipeline - INFO - [506/576] 已回收 tile_x768_y16128
2026-07-26 13:18:13,622 - hybrid_pipeline - INFO - [507/576] 已回收 tile_x1536_y16128
2026-07-26 13:18:13,650 - m3_module.m3_cells_generator - INFO - All-positive 標註完成: 95 個細胞
2026-07-26 13:18:13,657 - m3_module.m3_cells_generator - INFO - All-positive 標註完成: 122 個細胞
2026-07-26 13:18:13,713 - m3_module.m3_cells_generator - INFO - enlarge_cell_instances: 95 顆細胞, factor=1.50(面積), 中位半徑=29.5px, 外擴=6.6px
2026-07-26 13:18:13,722 - m3_module.m3_cells_generator - INFO - enlarge_cell_instances: 122 顆細胞, factor=1.50(面積), 中位半徑=26.2px, 外擴=5.9px
2026-07-26 13:18:13,747 - m3_module.m3_elastic_matching - INFO - elastic_dish_nucleus_matching(overlap-first): IHC=95, DISH=40, matched(1核)=24 (其中重疊=24), drop-out(競爭落敗)=2, 無候選(計入)=69, factor=1.50, min_reach=20.0
2026-07-26 13:18:13,756 - m3_module.m3_elastic_matching - INFO - elastic_dish_nucleus_matching(overlap-first): IHC=122, DISH=55, matched(1核)=36 (其中重疊=34), drop-out(競爭落敗)=7, 無候選(計入)=79, factor=1.50, min_reach=20.0
2026-07-26 13:18:13,772 - m3_module.m3_dot_detection - INFO - detect_all_dots: 紅點=25, 黑點=20, 涉及細胞=52
2026-07-26 13:18:13,929 - m3_module.m3_dot_detection - INFO - detect_all_dots: 紅點=24, 黑點=29, 涉及細胞=122
2026-07-26 13:18:13,933 - m3_module.m3_dot_detection - INFO - detect_all_dots: 紅點=20, 黑點=29, 涉及細胞=95
2026-07-26 13:18:13,935 - m4_module.cell_crops - INFO - 匯出 27 張 per-cell 影像至 /data/taro_Projects/tsgh/output/r7_keep/cell_crops/tile_x3072_y16128/cells
2026-07-26 13:18:13,935 - hybrid_pipeline - INFO - Tile tile_x3072_y16128 完成: 核心擁有 27 細胞 (27 陽性), 1.60 秒
2026-07-26 13:18:14,138 - hybrid_pipeline - INFO - [508/576] 已回收 tile_x2304_y16128
2026-07-26 13:18:14,172 - m3_module.m3_cells_generator - INFO - All-positive 標註完成: 145 個細胞
2026-07-26 13:18:14,226 - m3_module.m3_cells_generator - INFO - enlarge_cell_instances: 145 顆細胞, factor=1.50(面積), 中位半徑=23.0px, 外擴=5.2px
2026-07-26 13:18:14,259 - m3_module.m3_elastic_matching - INFO - elastic_dish_nucleus_matching(overlap-first): IHC=145, DISH=25, matched(1核)=20 (其中重疊=20), drop-out(競爭落敗)=7, 無候選(計入)=118, factor=1.50, min_reach=20.0
2026-07-26 13:18:14,261 - m4_module.cell_crops - INFO - 匯出 49 張 per-cell 影像至 /data/taro_Projects/tsgh/output/r7_keep/cell_crops/tile_x4608_y16128/cells
2026-07-26 13:18:14,262 - hybrid_pipeline - INFO - Tile tile_x4608_y16128 完成: 核心擁有 49 細胞 (49 陽性), 1.76 秒
2026-07-26 13:18:14,297 - m4_module.cell_crops - INFO - 匯出 78 張 per-cell 影像至 /data/taro_Projects/tsgh/output/r7_keep/cell_crops/tile_x3840_y16128/cells
2026-07-26 13:18:14,297 - hybrid_pipeline - INFO - Tile tile_x3840_y16128 完成: 核心擁有 78 細胞 (78 陽性), 1.93 秒
2026-07-26 13:18:14,428 - m3_module.m3_dot_detection - INFO - detect_all_dots: 紅點=16, 黑點=26, 涉及細胞=145
2026-07-26 13:18:14,472 - hybrid_pipeline - INFO - [509/576] 已回收 tile_x3072_y16128
2026-07-26 13:18:14,502 - m3_module.m3_cells_generator - INFO - All-positive 標註完成: 57 個細胞
2026-07-26 13:18:14,557 - m3_module.m3_cells_generator - INFO - enlarge_cell_instances: 57 顆細胞, factor=1.50(面積), 中位半徑=22.4px, 外擴=5.0px
2026-07-26 13:18:14,583 - m3_module.m3_elastic_matching - INFO - elastic_dish_nucleus_matching(overlap-first): IHC=57, DISH=12, matched(1核)=9 (其中重疊=9), drop-out(競爭落敗)=1, 無候選(計入)=47, factor=1.50, min_reach=20.0
2026-07-26 13:18:14,726 - m3_module.m3_dot_detection - INFO - detect_all_dots: 紅點=4, 黑點=10, 涉及細胞=57
2026-07-26 13:18:14,784 - hybrid_pipeline - INFO - [510/576] 已回收 tile_x4608_y16128
2026-07-26 13:18:14,814 - m3_module.m3_cells_generator - INFO - All-positive 標註完成: 14 個細胞
2026-07-26 13:18:14,817 - m4_module.cell_crops - INFO - 匯出 85 張 per-cell 影像至 /data/taro_Projects/tsgh/output/r7_keep/cell_crops/tile_x6144_y16128/cells
2026-07-26 13:18:14,817 - hybrid_pipeline - INFO - Tile tile_x6144_y16128 完成: 核心擁有 85 細胞 (85 陽性), 1.91 秒
2026-07-26 13:18:14,844 - m3_module.m3_cells_generator - INFO - enlarge_cell_instances: 14 顆細胞, factor=1.50(面積), 中位半徑=21.4px, 外擴=4.8px
2026-07-26 13:18:14,868 - m3_module.m3_elastic_matching - INFO - elastic_dish_nucleus_matching(overlap-first): IHC=14, DISH=35, matched(1核)=11 (其中重疊=11), drop-out(競爭落敗)=0, 無候選(計入)=3, factor=1.50, min_reach=20.0
2026-07-26 13:18:14,893 - m4_module.cell_crops - INFO - 匯出 19 張 per-cell 影像至 /data/taro_Projects/tsgh/output/r7_keep/cell_crops/tile_x5376_y16128/cells
2026-07-26 13:18:14,893 - hybrid_pipeline - INFO - Tile tile_x5376_y16128 完成: 核心擁有 19 細胞 (19 陽性), 1.41 秒
2026-07-26 13:18:14,954 - cellpose.dynamics - INFO - No cell pixels found.
2026-07-26 13:18:14,981 - hybrid_pipeline - INFO - [511/576] 已回收 tile_x3840_y16128
2026-07-26 13:18:15,012 - m3_module.m3_cells_generator - INFO - All-positive 標註完成: 51 個細胞
2026-07-26 13:18:15,046 - m3_module.m3_dot_detection - INFO - detect_all_dots: 紅點=21, 黑點=25, 涉及細胞=14
2026-07-26 13:18:15,061 - m3_module.m3_cells_generator - INFO - enlarge_cell_instances: 51 顆細胞, factor=1.50(面積), 中位半徑=21.3px, 外擴=4.8px
2026-07-26 13:18:15,089 - m3_module.m3_elastic_matching - INFO - elastic_dish_nucleus_matching(overlap-first): IHC=51, DISH=78, matched(1核)=38 (其中重疊=38), drop-out(競爭落敗)=3, 無候選(計入)=10, factor=1.50, min_reach=20.0
2026-07-26 13:18:15,159 - m4_module.cell_crops - INFO - 匯出 3 張 per-cell 影像至 /data/taro_Projects/tsgh/output/r7_keep/cell_crops/tile_x8448_y16128/cells
2026-07-26 13:18:15,159 - hybrid_pipeline - INFO - Tile tile_x8448_y16128 完成: 核心擁有 3 細胞 (3 陽性), 1.54 秒
2026-07-26 13:18:15,337 - m3_module.m3_dot_detection - INFO - detect_all_dots: 紅點=74, 黑點=92, 涉及細胞=51
2026-07-26 13:18:15,469 - hybrid_pipeline - INFO - [512/576] 已回收 tile_x6144_y16128
2026-07-26 13:18:15,478 - hybrid_pipeline - INFO - [513/576] 已回收 tile_x5376_y16128
2026-07-26 13:18:15,493 - m3_module.m3_cells_generator - INFO - All-positive 標註完成: 0 個細胞
2026-07-26 13:18:15,501 - m3_module.m3_cells_generator - INFO - All-positive 標註完成: 120 個細胞
2026-07-26 13:18:15,534 - m4_module.cell_crops - INFO - 匯出 26 張 per-cell 影像至 /data/taro_Projects/tsgh/output/r7_keep/cell_crops/tile_x7680_y16128/cells
2026-07-26 13:18:15,534 - hybrid_pipeline - INFO - Tile tile_x7680_y16128 完成: 核心擁有 26 細胞 (26 陽性), 1.92 秒
2026-07-26 13:18:15,559 - m3_module.m3_cells_generator - INFO - enlarge_cell_instances: 120 顆細胞, factor=1.50(面積), 中位半徑=23.2px, 外擴=5.2px
2026-07-26 13:18:15,592 - m3_module.m3_elastic_matching - INFO - elastic_dish_nucleus_matching(overlap-first): IHC=120, DISH=106, matched(1核)=59 (其中重疊=59), drop-out(競爭落敗)=8, 無候選(計入)=53, factor=1.50, min_reach=20.0
2026-07-26 13:18:15,631 - m3_module.m3_dot_detection - INFO - detect_all_dots: 紅點=0, 黑點=0, 涉及細胞=0
2026-07-26 13:18:15,663 - m4_module.cell_crops - INFO - 匯出 0 張 per-cell 影像至 /data/taro_Projects/tsgh/output/r7_keep/cell_crops/tile_x9984_y16128/cells
2026-07-26 13:18:15,663 - hybrid_pipeline - INFO - Tile tile_x9984_y16128 完成: 核心擁有 0 細胞 (0 陽性), 1.19 秒
2026-07-26 13:18:15,664 - hybrid_pipeline - INFO - [514/576] 已回收 tile_x9984_y16128
2026-07-26 13:18:15,690 - hybrid_pipeline - INFO - Tile tile_x12288_y16128: 核心遮罩全空 → 空白 placeholder
2026-07-26 13:18:15,757 - hybrid_pipeline - INFO - [515/576] 已回收 tile_x12288_y16128
2026-07-26 13:18:15,781 - hybrid_pipeline - INFO - [516/576] 已回收 tile_x8448_y16128
2026-07-26 13:18:15,787 - hybrid_pipeline - INFO - Tile tile_x13056_y16128: 核心遮罩全空 → 空白 placeholder
2026-07-26 13:18:15,810 - m3_module.m3_cells_generator - INFO - All-positive 標註完成: 22 個細胞
2026-07-26 13:18:15,830 - hybrid_pipeline - INFO - [517/576] 已回收 tile_x13056_y16128
2026-07-26 13:18:15,844 - m3_module.m3_cells_generator - INFO - enlarge_cell_instances: 22 顆細胞, factor=1.50(面積), 中位半徑=17.8px, 外擴=4.0px
2026-07-26 13:18:15,857 - hybrid_pipeline - INFO - Tile tile_x13824_y16128: 核心遮罩全空 → 空白 placeholder
2026-07-26 13:18:15,887 - hybrid_pipeline - INFO - [518/576] 已回收 tile_x13824_y16128
2026-07-26 13:18:15,913 - hybrid_pipeline - INFO - Tile tile_x15360_y16128: 核心遮罩全空 → 空白 placeholder
2026-07-26 13:18:15,927 - hybrid_pipeline - INFO - [519/576] 已回收 tile_x15360_y16128
2026-07-26 13:18:15,951 - hybrid_pipeline - INFO - Tile tile_x16128_y16128: 核心遮罩全空 → 空白 placeholder
2026-07-26 13:18:15,954 - m3_module.m3_dot_detection - INFO - detect_all_dots: 紅點=99, 黑點=140, 涉及細胞=120
2026-07-26 13:18:15,966 - hybrid_pipeline - INFO - [520/576] 已回收 tile_x16128_y16128
2026-07-26 13:18:15,970 - hybrid_pipeline - INFO - [521/576] 已回收 tile_x7680_y16128
2026-07-26 13:18:15,982 - m3_module.m3_dot_detection - INFO - detect_all_dots: 紅點=0, 黑點=0, 涉及細胞=22
2026-07-26 13:18:15,990 - hybrid_pipeline - INFO - Tile tile_x16896_y16128: 核心遮罩全空 → 空白 placeholder
2026-07-26 13:18:15,996 - m3_module.m3_cells_generator - INFO - All-positive 標註完成: 4 個細胞
2026-07-26 13:18:16,024 - hybrid_pipeline - INFO - [522/576] 已回收 tile_x16896_y16128
2026-07-26 13:18:16,025 - m3_module.m3_cells_generator - INFO - enlarge_cell_instances: 4 顆細胞, factor=1.50(面積), 中位半徑=20.0px, 外擴=4.5px
2026-07-26 13:18:16,048 - m4_module.cell_crops - INFO - 匯出 11 張 per-cell 影像至 /data/taro_Projects/tsgh/output/r7_keep/cell_crops/tile_x11520_y16128/cells
2026-07-26 13:18:16,048 - hybrid_pipeline - INFO - Tile tile_x11520_y16128 完成: 核心擁有 11 細胞 (11 陽性), 1.27 秒
2026-07-26 13:18:16,049 - hybrid_pipeline - INFO - [523/576] 已回收 tile_x11520_y16128
2026-07-26 13:18:16,050 - hybrid_pipeline - INFO - Tile tile_x17664_y16128: 核心遮罩全空 → 空白 placeholder
2026-07-26 13:18:16,050 - m3_module.m3_elastic_matching - INFO - elastic_dish_nucleus_matching(overlap-first): IHC=4, DISH=1, matched(1核)=1 (其中重疊=1), drop-out(競爭落敗)=0, 無候選(計入)=3, factor=1.50, min_reach=20.0
2026-07-26 13:18:16,075 - hybrid_pipeline - INFO - Tile tile_x14592_y16128: 核心遮罩全空 → 空白 placeholder
2026-07-26 13:18:16,174 - m3_module.m3_dot_detection - INFO - detect_all_dots: 紅點=3, 黑點=4, 涉及細胞=4
2026-07-26 13:18:16,237 - m4_module.cell_crops - INFO - 匯出 1 張 per-cell 影像至 /data/taro_Projects/tsgh/output/r7_keep/cell_crops/tile_x9216_y16128/cells
2026-07-26 13:18:16,237 - hybrid_pipeline - INFO - Tile tile_x9216_y16128 完成: 核心擁有 1 細胞 (1 陽性), 1.26 秒
2026-07-26 13:18:16,307 - m4_module.cell_crops - INFO - 匯出 70 張 per-cell 影像至 /data/taro_Projects/tsgh/output/r7_keep/cell_crops/tile_x6912_y16128/cells
2026-07-26 13:18:16,307 - hybrid_pipeline - INFO - Tile tile_x6912_y16128 完成: 核心擁有 70 細胞 (70 陽性), 2.17 秒
2026-07-26 13:18:16,539 - hybrid_pipeline - INFO - [524/576] 已回收 tile_x6912_y16128
2026-07-26 13:18:16,568 - m3_module.m3_cells_generator - INFO - All-positive 標註完成: 13 個細胞
2026-07-26 13:18:16,597 - m3_module.m3_cells_generator - INFO - enlarge_cell_instances: 13 顆細胞, factor=1.50(面積), 中位半徑=15.8px, 外擴=3.6px
2026-07-26 13:18:16,738 - m3_module.m3_dot_detection - INFO - detect_all_dots: 紅點=0, 黑點=0, 涉及細胞=13
2026-07-26 13:18:16,781 - m4_module.cell_crops - INFO - 匯出 0 張 per-cell 影像至 /data/taro_Projects/tsgh/output/r7_keep/cell_crops/tile_x10752_y16128/cells
2026-07-26 13:18:16,781 - hybrid_pipeline - INFO - Tile tile_x10752_y16128 完成: 核心擁有 0 細胞 (0 陽性), 1.31 秒
2026-07-26 13:18:17,157 - hybrid_pipeline - INFO - [525/576] 已回收 tile_x9216_y16128
2026-07-26 13:18:17,190 - m3_module.m3_cells_generator - INFO - All-positive 標註完成: 110 個細胞
2026-07-26 13:18:17,229 - hybrid_pipeline - INFO - [526/576] 已回收 tile_x14592_y16128
2026-07-26 13:18:17,232 - hybrid_pipeline - INFO - [527/576] 已回收 tile_x17664_y16128
2026-07-26 13:18:17,255 - m3_module.m3_cells_generator - INFO - enlarge_cell_instances: 110 顆細胞, factor=1.50(面積), 中位半徑=23.7px, 外擴=5.3px
2026-07-26 13:18:17,268 - m3_module.m3_cells_generator - INFO - All-positive 標註完成: 86 個細胞
2026-07-26 13:18:17,271 - m3_module.m3_cells_generator - INFO - All-positive 標註完成: 56 個細胞
2026-07-26 13:18:17,287 - m3_module.m3_elastic_matching - INFO - elastic_dish_nucleus_matching(overlap-first): IHC=110, DISH=77, matched(1核)=51 (其中重疊=51), drop-out(競爭落敗)=9, 無候選(計入)=50, factor=1.50, min_reach=20.0
2026-07-26 13:18:17,315 - m3_module.m3_cells_generator - INFO - enlarge_cell_instances: 86 顆細胞, factor=1.50(面積), 中位半徑=26.5px, 外擴=6.0px
2026-07-26 13:18:17,321 - m3_module.m3_cells_generator - INFO - enlarge_cell_instances: 56 顆細胞, factor=1.50(面積), 中位半徑=24.0px, 外擴=5.4px
2026-07-26 13:18:17,346 - m3_module.m3_elastic_matching - INFO - elastic_dish_nucleus_matching(overlap-first): IHC=86, DISH=42, matched(1核)=36 (其中重疊=36), drop-out(競爭落敗)=16, 無候選(計入)=34, factor=1.50, min_reach=20.0
2026-07-26 13:18:17,351 - m3_module.m3_elastic_matching - INFO - elastic_dish_nucleus_matching(overlap-first): IHC=56, DISH=45, matched(1核)=23 (其中重疊=23), drop-out(競爭落敗)=4, 無候選(計入)=29, factor=1.50, min_reach=20.0
2026-07-26 13:18:17,526 - m3_module.m3_dot_detection - INFO - detect_all_dots: 紅點=14, 黑點=27, 涉及細胞=56
2026-07-26 13:18:17,548 - m3_module.m3_dot_detection - INFO - detect_all_dots: 紅點=63, 黑點=96, 涉及細胞=110
2026-07-26 13:18:17,642 - m3_module.m3_dot_detection - INFO - detect_all_dots: 紅點=75, 黑點=90, 涉及細胞=86
2026-07-26 13:18:17,700 - hybrid_pipeline - INFO - [528/576] 已回收 tile_x10752_y16128
2026-07-26 13:18:17,734 - m3_module.m3_cells_generator - INFO - All-positive 標註完成: 20 個細胞
2026-07-26 13:18:17,743 - m4_module.cell_crops - INFO - 匯出 22 張 per-cell 影像至 /data/taro_Projects/tsgh/output/r7_keep/cell_crops/tile_x768_y16896/cells
2026-07-26 13:18:17,743 - hybrid_pipeline - INFO - Tile tile_x768_y16896 完成: 核心擁有 22 細胞 (22 陽性), 1.72 秒
2026-07-26 13:18:17,748 - cellpose.dynamics - INFO - No cell pixels found.
2026-07-26 13:18:17,773 - m3_module.m3_cells_generator - INFO - enlarge_cell_instances: 20 顆細胞, factor=1.50(面積), 中位半徑=23.4px, 外擴=5.3px
2026-07-26 13:18:17,798 - m3_module.m3_elastic_matching - INFO - elastic_dish_nucleus_matching(overlap-first): IHC=20, DISH=24, matched(1核)=10 (其中重疊=10), drop-out(競爭落敗)=1, 無候選(計入)=9, factor=1.50, min_reach=20.0
2026-07-26 13:18:17,887 - m4_module.cell_crops - INFO - 匯出 50 張 per-cell 影像至 /data/taro_Projects/tsgh/output/r7_keep/cell_crops/tile_x3072_y16896/cells
2026-07-26 13:18:17,887 - hybrid_pipeline - INFO - Tile tile_x3072_y16896 完成: 核心擁有 50 細胞 (50 陽性), 1.84 秒
2026-07-26 13:18:17,911 - m4_module.cell_crops - INFO - 匯出 70 張 per-cell 影像至 /data/taro_Projects/tsgh/output/r7_keep/cell_crops/tile_x0_y16896/cells
2026-07-26 13:18:17,911 - hybrid_pipeline - INFO - Tile tile_x0_y16896 完成: 核心擁有 70 細胞 (70 陽性), 1.94 秒
2026-07-26 13:18:17,942 - m3_module.m3_dot_detection - INFO - detect_all_dots: 紅點=6, 黑點=9, 涉及細胞=20
2026-07-26 13:18:18,058 - m4_module.cell_crops - INFO - 匯出 14 張 per-cell 影像至 /data/taro_Projects/tsgh/output/r7_keep/cell_crops/tile_x1536_y16896/cells
2026-07-26 13:18:18,058 - hybrid_pipeline - INFO - Tile tile_x1536_y16896 完成: 核心擁有 14 細胞 (14 陽性), 1.52 秒
2026-07-26 13:18:18,330 - hybrid_pipeline - INFO - [529/576] 已回收 tile_x0_y16896
2026-07-26 13:18:18,340 - hybrid_pipeline - INFO - [530/576] 已回收 tile_x768_y16896
2026-07-26 13:18:18,353 - m3_module.m3_cells_generator - INFO - All-positive 標註完成: 0 個細胞
2026-07-26 13:18:18,363 - m3_module.m3_cells_generator - INFO - All-positive 標註完成: 109 個細胞
2026-07-26 13:18:18,374 - hybrid_pipeline - INFO - [531/576] 已回收 tile_x3072_y16896
2026-07-26 13:18:18,405 - m3_module.m3_cells_generator - INFO - All-positive 標註完成: 129 個細胞
2026-07-26 13:18:18,428 - m3_module.m3_cells_generator - INFO - enlarge_cell_instances: 109 顆細胞, factor=1.50(面積), 中位半徑=23.7px, 外擴=5.3px
2026-07-26 13:18:18,463 - m3_module.m3_elastic_matching - INFO - elastic_dish_nucleus_matching(overlap-first): IHC=109, DISH=42, matched(1核)=30 (其中重疊=29), drop-out(競爭落敗)=3, 無候選(計入)=76, factor=1.50, min_reach=20.0
2026-07-26 13:18:18,473 - m3_module.m3_cells_generator - INFO - enlarge_cell_instances: 129 顆細胞, factor=1.50(面積), 中位半徑=31.4px, 外擴=7.1px
2026-07-26 13:18:18,509 - m3_module.m3_dot_detection - INFO - detect_all_dots: 紅點=0, 黑點=0, 涉及細胞=0
2026-07-26 13:18:18,511 - m3_module.m3_elastic_matching - INFO - elastic_dish_nucleus_matching(overlap-first): IHC=129, DISH=54, matched(1核)=44 (其中重疊=42), drop-out(競爭落敗)=13, 無候選(計入)=72, factor=1.50, min_reach=20.0
2026-07-26 13:18:18,542 - m4_module.cell_crops - INFO - 匯出 0 張 per-cell 影像至 /data/taro_Projects/tsgh/output/r7_keep/cell_crops/tile_x2304_y16896/cells
2026-07-26 13:18:18,542 - hybrid_pipeline - INFO - Tile tile_x2304_y16896 完成: 核心擁有 0 細胞 (0 陽性), 1.31 秒
2026-07-26 13:18:18,647 - m3_module.m3_dot_detection - INFO - detect_all_dots: 紅點=27, 黑點=39, 涉及細胞=109
2026-07-26 13:18:18,782 - m3_module.m3_dot_detection - INFO - detect_all_dots: 紅點=62, 黑點=66, 涉及細胞=129
2026-07-26 13:18:18,886 - cellpose.dynamics - INFO - No cell pixels found.
2026-07-26 13:18:18,906 - hybrid_pipeline - INFO - [532/576] 已回收 tile_x1536_y16896
2026-07-26 13:18:18,933 - m3_module.m3_cells_generator - INFO - All-positive 標註完成: 146 個細胞
2026-07-26 13:18:18,936 - m4_module.cell_crops - INFO - 匯出 51 張 per-cell 影像至 /data/taro_Projects/tsgh/output/r7_keep/cell_crops/tile_x5376_y16896/cells
2026-07-26 13:18:18,936 - hybrid_pipeline - INFO - Tile tile_x5376_y16896 完成: 核心擁有 51 細胞 (51 陽性), 1.78 秒
2026-07-26 13:18:18,988 - m3_module.m3_cells_generator - INFO - enlarge_cell_instances: 146 顆細胞, factor=1.50(面積), 中位半徑=24.4px, 外擴=5.5px
2026-07-26 13:18:19,020 - m3_module.m3_elastic_matching - INFO - elastic_dish_nucleus_matching(overlap-first): IHC=146, DISH=42, matched(1核)=29 (其中重疊=29), drop-out(競爭落敗)=7, 無候選(計入)=110, factor=1.50, min_reach=20.0
2026-07-26 13:18:19,200 - m4_module.cell_crops - INFO - 匯出 59 張 per-cell 影像至 /data/taro_Projects/tsgh/output/r7_keep/cell_crops/tile_x3840_y16896/cells
2026-07-26 13:18:19,200 - hybrid_pipeline - INFO - Tile tile_x3840_y16896 完成: 核心擁有 59 細胞 (59 陽性), 1.97 秒
2026-07-26 13:18:19,206 - m3_module.m3_dot_detection - INFO - detect_all_dots: 紅點=19, 黑點=30, 涉及細胞=146
2026-07-26 13:18:19,277 - hybrid_pipeline - INFO - [533/576] 已回收 tile_x3840_y16896
2026-07-26 13:18:19,290 - m3_module.m3_cells_generator - INFO - All-positive 標註完成: 0 個細胞
2026-07-26 13:18:19,427 - m3_module.m3_dot_detection - INFO - detect_all_dots: 紅點=0, 黑點=0, 涉及細胞=0
2026-07-26 13:18:19,460 - m4_module.cell_crops - INFO - 匯出 0 張 per-cell 影像至 /data/taro_Projects/tsgh/output/r7_keep/cell_crops/tile_x9984_y16896/cells
2026-07-26 13:18:19,460 - hybrid_pipeline - INFO - Tile tile_x9984_y16896 完成: 核心擁有 0 細胞 (0 陽性), 1.09 秒
2026-07-26 13:18:19,583 - hybrid_pipeline - INFO - [534/576] 已回收 tile_x5376_y16896
2026-07-26 13:18:19,612 - m3_module.m3_cells_generator - INFO - All-positive 標註完成: 126 個細胞
2026-07-26 13:18:19,631 - m4_module.cell_crops - INFO - 匯出 77 張 per-cell 影像至 /data/taro_Projects/tsgh/output/r7_keep/cell_crops/tile_x6144_y16896/cells
2026-07-26 13:18:19,632 - hybrid_pipeline - INFO - Tile tile_x6144_y16896 完成: 核心擁有 77 細胞 (77 陽性), 1.93 秒
2026-07-26 13:18:19,672 - m3_module.m3_cells_generator - INFO - enlarge_cell_instances: 126 顆細胞, factor=1.50(面積), 中位半徑=27.8px, 外擴=6.2px
2026-07-26 13:18:19,704 - m3_module.m3_elastic_matching - INFO - elastic_dish_nucleus_matching(overlap-first): IHC=126, DISH=39, matched(1核)=30 (其中重疊=30), drop-out(競爭落敗)=8, 無候選(計入)=88, factor=1.50, min_reach=20.0
2026-07-26 13:18:19,706 - hybrid_pipeline - INFO - [535/576] 已回收 tile_x2304_y16896
2026-07-26 13:18:19,739 - m3_module.m3_cells_generator - INFO - All-positive 標註完成: 97 個細胞
2026-07-26 13:18:19,801 - m3_module.m3_cells_generator - INFO - enlarge_cell_instances: 97 顆細胞, factor=1.50(面積), 中位半徑=22.8px, 外擴=5.1px
2026-07-26 13:18:19,834 - m3_module.m3_elastic_matching - INFO - elastic_dish_nucleus_matching(overlap-first): IHC=97, DISH=140, matched(1核)=72 (其中重疊=72), drop-out(競爭落敗)=7, 無候選(計入)=18, factor=1.50, min_reach=20.0
2026-07-26 13:18:19,875 - m3_module.m3_dot_detection - INFO - detect_all_dots: 紅點=26, 黑點=35, 涉及細胞=126
2026-07-26 13:18:19,965 - hybrid_pipeline - INFO - [536/576] 已回收 tile_x6144_y16896
2026-07-26 13:18:19,995 - m3_module.m3_cells_generator - INFO - All-positive 標註完成: 17 個細胞
2026-07-26 13:18:20,035 - m3_module.m3_cells_generator - INFO - enlarge_cell_instances: 17 顆細胞, factor=1.50(面積), 中位半徑=21.5px, 外擴=4.8px
2026-07-26 13:18:20,060 - m3_module.m3_elastic_matching - INFO - elastic_dish_nucleus_matching(overlap-first): IHC=17, DISH=36, matched(1核)=9 (其中重疊=9), drop-out(競爭落敗)=0, 無候選(計入)=8, factor=1.50, min_reach=20.0
2026-07-26 13:18:20,222 - m3_module.m3_dot_detection - INFO - detect_all_dots: 紅點=15, 黑點=20, 涉及細胞=17
2026-07-26 13:18:20,248 - m4_module.cell_crops - INFO - 匯出 81 張 per-cell 影像至 /data/taro_Projects/tsgh/output/r7_keep/cell_crops/tile_x4608_y16896/cells
2026-07-26 13:18:20,248 - hybrid_pipeline - INFO - Tile tile_x4608_y16896 完成: 核心擁有 81 細胞 (81 陽性), 1.92 秒
2026-07-26 13:18:20,300 - hybrid_pipeline - INFO - [537/576] 已回收 tile_x9984_y16896
2026-07-26 13:18:20,327 - m3_module.m3_dot_detection - INFO - detect_all_dots: 紅點=157, 黑點=200, 涉及細胞=97
2026-07-26 13:18:20,334 - m3_module.m3_cells_generator - INFO - All-positive 標註完成: 11 個細胞
2026-07-26 13:18:20,351 - m4_module.cell_crops - INFO - 匯出 5 張 per-cell 影像至 /data/taro_Projects/tsgh/output/r7_keep/cell_crops/tile_x8448_y16896/cells
2026-07-26 13:18:20,351 - hybrid_pipeline - INFO - Tile tile_x8448_y16896 完成: 核心擁有 5 細胞 (5 陽性), 1.45 秒
2026-07-26 13:18:20,366 - m3_module.m3_cells_generator - INFO - enlarge_cell_instances: 11 顆細胞, factor=1.50(面積), 中位半徑=18.7px, 外擴=4.2px
2026-07-26 13:18:20,390 - m3_module.m3_elastic_matching - INFO - elastic_dish_nucleus_matching(overlap-first): IHC=11, DISH=9, matched(1核)=4 (其中重疊=4), drop-out(競爭落敗)=0, 無候選(計入)=7, factor=1.50, min_reach=20.0
2026-07-26 13:18:20,530 - m3_module.m3_dot_detection - INFO - detect_all_dots: 紅點=10, 黑點=12, 涉及細胞=11
2026-07-26 13:18:20,623 - m4_module.cell_crops - INFO - 匯出 9 張 per-cell 影像至 /data/taro_Projects/tsgh/output/r7_keep/cell_crops/tile_x9216_y16896/cells
2026-07-26 13:18:20,623 - hybrid_pipeline - INFO - Tile tile_x9216_y16896 完成: 核心擁有 9 細胞 (9 陽性), 1.35 秒
2026-07-26 13:18:20,624 - hybrid_pipeline - INFO - [538/576] 已回收 tile_x9216_y16896
2026-07-26 13:18:20,638 - m4_module.cell_crops - INFO - 匯出 69 張 per-cell 影像至 /data/taro_Projects/tsgh/output/r7_keep/cell_crops/tile_x7680_y16896/cells
2026-07-26 13:18:20,639 - hybrid_pipeline - INFO - Tile tile_x7680_y16896 完成: 核心擁有 69 細胞 (69 陽性), 2.30 秒
2026-07-26 13:18:20,654 - hybrid_pipeline - INFO - [539/576] 已回收 tile_x4608_y16896
2026-07-26 13:18:20,654 - hybrid_pipeline - INFO - Tile tile_x12288_y16896: 核心遮罩全空 → 空白 placeholder
2026-07-26 13:18:20,678 - m3_module.m3_cells_generator - INFO - All-positive 標註完成: 109 個細胞
2026-07-26 13:18:20,690 - hybrid_pipeline - INFO - [540/576] 已回收 tile_x12288_y16896
2026-07-26 13:18:20,704 - hybrid_pipeline - INFO - [541/576] 已回收 tile_x7680_y16896
2026-07-26 13:18:20,717 - hybrid_pipeline - INFO - Tile tile_x13824_y16896: 核心遮罩全空 → 空白 placeholder
2026-07-26 13:18:20,727 - m3_module.m3_cells_generator - INFO - All-positive 標註完成: 18 個細胞
2026-07-26 13:18:20,735 - m3_module.m3_cells_generator - INFO - enlarge_cell_instances: 109 顆細胞, factor=1.50(面積), 中位半徑=24.1px, 外擴=5.4px
2026-07-26 13:18:20,747 - hybrid_pipeline - INFO - [542/576] 已回收 tile_x13824_y16896
2026-07-26 13:18:20,763 - m3_module.m3_cells_generator - INFO - enlarge_cell_instances: 18 顆細胞, factor=1.50(面積), 中位半徑=19.6px, 外擴=4.4px
2026-07-26 13:18:20,769 - m3_module.m3_elastic_matching - INFO - elastic_dish_nucleus_matching(overlap-first): IHC=109, DISH=161, matched(1核)=68 (其中重疊=68), drop-out(競爭落敗)=2, 無候選(計入)=39, factor=1.50, min_reach=20.0
2026-07-26 13:18:20,777 - hybrid_pipeline - INFO - Tile tile_x15360_y16896: 核心遮罩全空 → 空白 placeholder
2026-07-26 13:18:20,786 - hybrid_pipeline - INFO - [543/576] 已回收 tile_x15360_y16896
2026-07-26 13:18:20,811 - hybrid_pipeline - INFO - Tile tile_x16896_y16896: 核心遮罩全空 → 空白 placeholder
2026-07-26 13:18:20,816 - hybrid_pipeline - INFO - [544/576] 已回收 tile_x8448_y16896
2026-07-26 13:18:20,822 - hybrid_pipeline - INFO - [545/576] 已回收 tile_x16896_y16896
2026-07-26 13:18:20,847 - hybrid_pipeline - INFO - Tile tile_x16128_y16896: 核心遮罩全空 → 空白 placeholder
2026-07-26 13:18:20,851 - m3_module.m3_cells_generator - INFO - All-positive 標註完成: 29 個細胞
2026-07-26 13:18:20,888 - m3_module.m3_cells_generator - INFO - enlarge_cell_instances: 29 顆細胞, factor=1.50(面積), 中位半徑=18.5px, 外擴=4.1px
2026-07-26 13:18:20,904 - m3_module.m3_dot_detection - INFO - detect_all_dots: 紅點=0, 黑點=0, 涉及細胞=18
2026-07-26 13:18:20,914 - m3_module.m3_elastic_matching - INFO - elastic_dish_nucleus_matching(overlap-first): IHC=29, DISH=2, matched(1核)=1 (其中重疊=1), drop-out(競爭落敗)=1, 無候選(計入)=27, factor=1.50, min_reach=20.0
2026-07-26 13:18:20,967 - m4_module.cell_crops - INFO - 匯出 4 張 per-cell 影像至 /data/taro_Projects/tsgh/output/r7_keep/cell_crops/tile_x10752_y16896/cells
2026-07-26 13:18:20,967 - hybrid_pipeline - INFO - Tile tile_x10752_y16896 完成: 核心擁有 4 細胞 (4 陽性), 1.26 秒
2026-07-26 13:18:20,968 - hybrid_pipeline - INFO - [546/576] 已回收 tile_x10752_y16896
2026-07-26 13:18:20,991 - hybrid_pipeline - INFO - Tile tile_x14592_y16896: 核心遮罩全空 → 空白 placeholder
2026-07-26 13:18:21,029 - m3_module.m3_dot_detection - INFO - detect_all_dots: 紅點=0, 黑點=0, 涉及細胞=29
2026-07-26 13:18:21,133 - m4_module.cell_crops - INFO - 匯出 19 張 per-cell 影像至 /data/taro_Projects/tsgh/output/r7_keep/cell_crops/tile_x11520_y16896/cells
2026-07-26 13:18:21,133 - hybrid_pipeline - INFO - Tile tile_x11520_y16896 完成: 核心擁有 19 細胞 (19 陽性), 1.17 秒
2026-07-26 13:18:21,134 - hybrid_pipeline - INFO - [547/576] 已回收 tile_x11520_y16896
2026-07-26 13:18:21,157 - hybrid_pipeline - INFO - Tile tile_x17664_y16896: 核心遮罩全空 → 空白 placeholder
2026-07-26 13:18:21,163 - m3_module.m3_dot_detection - INFO - detect_all_dots: 紅點=149, 黑點=172, 涉及細胞=109
2026-07-26 13:18:21,548 - m4_module.cell_crops - INFO - 匯出 49 張 per-cell 影像至 /data/taro_Projects/tsgh/output/r7_keep/cell_crops/tile_x6912_y16896/cells
2026-07-26 13:18:21,548 - hybrid_pipeline - INFO - Tile tile_x6912_y16896 完成: 核心擁有 49 細胞 (49 陽性), 1.97 秒
2026-07-26 13:18:21,550 - hybrid_pipeline - INFO - [548/576] 已回收 tile_x6912_y16896
2026-07-26 13:18:21,574 - hybrid_pipeline - INFO - Tile tile_x13056_y16896: 核心遮罩全空 → 空白 placeholder
2026-07-26 13:18:21,703 - hybrid_pipeline - INFO - [549/576] 已回收 tile_x16128_y16896
2026-07-26 13:18:21,733 - m3_module.m3_cells_generator - INFO - All-positive 標註完成: 87 個細胞
2026-07-26 13:18:21,783 - m3_module.m3_cells_generator - INFO - enlarge_cell_instances: 87 顆細胞, factor=1.50(面積), 中位半徑=25.5px, 外擴=5.7px
2026-07-26 13:18:21,813 - m3_module.m3_elastic_matching - INFO - elastic_dish_nucleus_matching(overlap-first): IHC=87, DISH=92, matched(1核)=50 (其中重疊=49), drop-out(競爭落敗)=9, 無候選(計入)=28, factor=1.50, min_reach=20.0
2026-07-26 13:18:22,061 - hybrid_pipeline - INFO - [550/576] 已回收 tile_x14592_y16896
2026-07-26 13:18:22,079 - m3_module.m3_dot_detection - INFO - detect_all_dots: 紅點=57, 黑點=84, 涉及細胞=87
2026-07-26 13:18:22,091 - m3_module.m3_cells_generator - INFO - All-positive 標註完成: 115 個細胞
2026-07-26 13:18:22,149 - m3_module.m3_cells_generator - INFO - enlarge_cell_instances: 115 顆細胞, factor=1.50(面積), 中位半徑=26.4px, 外擴=5.9px
2026-07-26 13:18:22,181 - m3_module.m3_elastic_matching - INFO - elastic_dish_nucleus_matching(overlap-first): IHC=115, DISH=122, matched(1核)=68 (其中重疊=68), drop-out(競爭落敗)=12, 無候選(計入)=35, factor=1.50, min_reach=20.0
2026-07-26 13:18:22,219 - hybrid_pipeline - INFO - [551/576] 已回收 tile_x17664_y16896
2026-07-26 13:18:22,257 - m3_module.m3_cells_generator - INFO - All-positive 標註完成: 117 個細胞
2026-07-26 13:18:22,316 - m3_module.m3_cells_generator - INFO - enlarge_cell_instances: 117 顆細胞, factor=1.50(面積), 中位半徑=26.6px, 外擴=6.0px
2026-07-26 13:18:22,350 - m3_module.m3_elastic_matching - INFO - elastic_dish_nucleus_matching(overlap-first): IHC=117, DISH=51, matched(1核)=37 (其中重疊=37), drop-out(競爭落敗)=12, 無候選(計入)=68, factor=1.50, min_reach=20.0
2026-07-26 13:18:22,362 - m4_module.cell_crops - INFO - 匯出 50 張 per-cell 影像至 /data/taro_Projects/tsgh/output/r7_keep/cell_crops/tile_x0_y17664/cells
2026-07-26 13:18:22,362 - hybrid_pipeline - INFO - Tile tile_x0_y17664 完成: 核心擁有 50 細胞 (50 陽性), 1.54 秒
2026-07-26 13:18:22,497 - m3_module.m3_dot_detection - INFO - detect_all_dots: 紅點=73, 黑點=97, 涉及細胞=115
2026-07-26 13:18:22,637 - m3_module.m3_dot_detection - INFO - detect_all_dots: 紅點=70, 黑點=98, 涉及細胞=117
2026-07-26 13:18:22,698 - hybrid_pipeline - INFO - [552/576] 已回收 tile_x0_y17664
2026-07-26 13:18:22,724 - m3_module.m3_cells_generator - INFO - All-positive 標註完成: 46 個細胞
2026-07-26 13:18:22,761 - hybrid_pipeline - INFO - [553/576] 已回收 tile_x13056_y16896
2026-07-26 13:18:22,765 - m3_module.m3_cells_generator - INFO - enlarge_cell_instances: 46 顆細胞, factor=1.50(面積), 中位半徑=23.4px, 外擴=5.3px
2026-07-26 13:18:22,793 - m3_module.m3_elastic_matching - INFO - elastic_dish_nucleus_matching(overlap-first): IHC=46, DISH=19, matched(1核)=17 (其中重疊=17), drop-out(競爭落敗)=6, 無候選(計入)=23, factor=1.50, min_reach=20.0
2026-07-26 13:18:22,793 - m3_module.m3_cells_generator - INFO - All-positive 標註完成: 133 個細胞
2026-07-26 13:18:22,857 - m3_module.m3_cells_generator - INFO - enlarge_cell_instances: 133 顆細胞, factor=1.50(面積), 中位半徑=28.0px, 外擴=6.3px
2026-07-26 13:18:22,889 - m3_module.m3_elastic_matching - INFO - elastic_dish_nucleus_matching(overlap-first): IHC=133, DISH=33, matched(1核)=28 (其中重疊=28), drop-out(競爭落敗)=11, 無候選(計入)=94, factor=1.50, min_reach=20.0
2026-07-26 13:18:22,899 - m4_module.cell_crops - INFO - 匯出 81 張 per-cell 影像至 /data/taro_Projects/tsgh/output/r7_keep/cell_crops/tile_x768_y17664/cells
2026-07-26 13:18:22,899 - hybrid_pipeline - INFO - Tile tile_x768_y17664 完成: 核心擁有 81 細胞 (81 陽性), 1.93 秒
2026-07-26 13:18:22,902 - hybrid_pipeline - INFO - [554/576] 已回收 tile_x768_y17664
2026-07-26 13:18:22,934 - hybrid_pipeline - INFO - Tile tile_x2304_y17664: 核心遮罩全空 → 空白 placeholder
2026-07-26 13:18:23,013 - m3_module.m3_dot_detection - INFO - detect_all_dots: 紅點=39, 黑點=51, 涉及細胞=46
2026-07-26 13:18:23,017 - m4_module.cell_crops - INFO - 匯出 76 張 per-cell 影像至 /data/taro_Projects/tsgh/output/r7_keep/cell_crops/tile_x3840_y17664/cells
2026-07-26 13:18:23,017 - hybrid_pipeline - INFO - Tile tile_x3840_y17664 完成: 核心擁有 76 細胞 (76 陽性), 1.88 秒
2026-07-26 13:18:23,056 - m3_module.m3_dot_detection - INFO - detect_all_dots: 紅點=25, 黑點=31, 涉及細胞=133
2026-07-26 13:18:23,161 - m4_module.cell_crops - INFO - 匯出 22 張 per-cell 影像至 /data/taro_Projects/tsgh/output/r7_keep/cell_crops/tile_x3072_y17664/cells
2026-07-26 13:18:23,161 - hybrid_pipeline - INFO - Tile tile_x3072_y17664 完成: 核心擁有 22 細胞 (22 陽性), 1.46 秒
2026-07-26 13:18:23,301 - hybrid_pipeline - INFO - [555/576] 已回收 tile_x3840_y17664
2026-07-26 13:18:23,336 - m3_module.m3_cells_generator - INFO - All-positive 標註完成: 62 個細胞
2026-07-26 13:18:23,383 - m3_module.m3_cells_generator - INFO - enlarge_cell_instances: 62 顆細胞, factor=1.50(面積), 中位半徑=29.2px, 外擴=6.6px
2026-07-26 13:18:23,412 - m3_module.m3_elastic_matching - INFO - elastic_dish_nucleus_matching(overlap-first): IHC=62, DISH=62, matched(1核)=40 (其中重疊=40), drop-out(競爭落敗)=7, 無候選(計入)=15, factor=1.50, min_reach=20.0
2026-07-26 13:18:23,472 - m4_module.cell_crops - INFO - 匯出 80 張 per-cell 影像至 /data/taro_Projects/tsgh/output/r7_keep/cell_crops/tile_x4608_y17664/cells
2026-07-26 13:18:23,472 - hybrid_pipeline - INFO - Tile tile_x4608_y17664 完成: 核心擁有 80 細胞 (80 陽性), 1.92 秒
2026-07-26 13:18:23,624 - m3_module.m3_dot_detection - INFO - detect_all_dots: 紅點=34, 黑點=42, 涉及細胞=62
2026-07-26 13:18:23,847 - m4_module.cell_crops - INFO - 匯出 44 張 per-cell 影像至 /data/taro_Projects/tsgh/output/r7_keep/cell_crops/tile_x1536_y17664/cells
2026-07-26 13:18:23,847 - hybrid_pipeline - INFO - Tile tile_x1536_y17664 完成: 核心擁有 44 細胞 (44 陽性), 1.63 秒
2026-07-26 13:18:23,920 - hybrid_pipeline - INFO - [556/576] 已回收 tile_x3072_y17664
2026-07-26 13:18:23,923 - hybrid_pipeline - INFO - [557/576] 已回收 tile_x4608_y17664
2026-07-26 13:18:23,951 - m3_module.m3_cells_generator - INFO - All-positive 標註完成: 72 個細胞
2026-07-26 13:18:23,959 - m3_module.m3_cells_generator - INFO - All-positive 標註完成: 161 個細胞
2026-07-26 13:18:23,976 - hybrid_pipeline - INFO - [558/576] 已回收 tile_x2304_y17664
2026-07-26 13:18:24,003 - m3_module.m3_cells_generator - INFO - enlarge_cell_instances: 72 顆細胞, factor=1.50(面積), 中位半徑=21.6px, 外擴=4.9px
2026-07-26 13:18:24,011 - m3_module.m3_cells_generator - INFO - All-positive 標註完成: 94 個細胞
2026-07-26 13:18:24,021 - m3_module.m3_cells_generator - INFO - enlarge_cell_instances: 161 顆細胞, factor=1.50(面積), 中位半徑=23.2px, 外擴=5.2px
2026-07-26 13:18:24,034 - m3_module.m3_elastic_matching - INFO - elastic_dish_nucleus_matching(overlap-first): IHC=72, DISH=15, matched(1核)=12 (其中重疊=12), drop-out(競爭落敗)=1, 無候選(計入)=59, factor=1.50, min_reach=20.0
2026-07-26 13:18:24,055 - m3_module.m3_elastic_matching - INFO - elastic_dish_nucleus_matching(overlap-first): IHC=161, DISH=31, matched(1核)=27 (其中重疊=27), drop-out(競爭落敗)=9, 無候選(計入)=125, factor=1.50, min_reach=20.0
2026-07-26 13:18:24,062 - m3_module.m3_cells_generator - INFO - enlarge_cell_instances: 94 顆細胞, factor=1.50(面積), 中位半徑=25.5px, 外擴=5.7px
2026-07-26 13:18:24,097 - m3_module.m3_elastic_matching - INFO - elastic_dish_nucleus_matching(overlap-first): IHC=94, DISH=142, matched(1核)=62 (其中重疊=62), drop-out(競爭落敗)=3, 無候選(計入)=29, factor=1.50, min_reach=20.0
2026-07-26 13:18:24,159 - m3_module.m3_dot_detection - INFO - detect_all_dots: 紅點=9, 黑點=12, 涉及細胞=72
2026-07-26 13:18:24,242 - m3_module.m3_dot_detection - INFO - detect_all_dots: 紅點=24, 黑點=27, 涉及細胞=161
2026-07-26 13:18:24,306 - hybrid_pipeline - INFO - [559/576] 已回收 tile_x1536_y17664
2026-07-26 13:18:24,331 - m3_module.m3_cells_generator - INFO - All-positive 標註完成: 101 個細胞
2026-07-26 13:18:24,377 - m4_module.cell_crops - INFO - 匯出 28 張 per-cell 影像至 /data/taro_Projects/tsgh/output/r7_keep/cell_crops/tile_x6144_y17664/cells
2026-07-26 13:18:24,378 - hybrid_pipeline - INFO - Tile tile_x6144_y17664 完成: 核心擁有 28 細胞 (28 陽性), 1.62 秒
2026-07-26 13:18:24,386 - m3_module.m3_cells_generator - INFO - enlarge_cell_instances: 101 顆細胞, factor=1.50(面積), 中位半徑=25.0px, 外擴=5.6px
2026-07-26 13:18:24,418 - m3_module.m3_elastic_matching - INFO - elastic_dish_nucleus_matching(overlap-first): IHC=101, DISH=105, matched(1核)=52 (其中重疊=52), drop-out(競爭落敗)=8, 無候選(計入)=41, factor=1.50, min_reach=20.0
2026-07-26 13:18:24,446 - m3_module.m3_dot_detection - INFO - detect_all_dots: 紅點=96, 黑點=132, 涉及細胞=94
2026-07-26 13:18:24,593 - m4_module.cell_crops - INFO - 匯出 106 張 per-cell 影像至 /data/taro_Projects/tsgh/output/r7_keep/cell_crops/tile_x5376_y17664/cells
2026-07-26 13:18:24,593 - hybrid_pipeline - INFO - Tile tile_x5376_y17664 完成: 核心擁有 106 細胞 (106 陽性), 1.90 秒
2026-07-26 13:18:24,703 - m3_module.m3_dot_detection - INFO - detect_all_dots: 紅點=61, 黑點=83, 涉及細胞=101
2026-07-26 13:18:24,770 - m4_module.cell_crops - INFO - 匯出 52 張 per-cell 影像至 /data/taro_Projects/tsgh/output/r7_keep/cell_crops/tile_x7680_y17664/cells
2026-07-26 13:18:24,770 - hybrid_pipeline - INFO - Tile tile_x7680_y17664 完成: 核心擁有 52 細胞 (52 陽性), 1.87 秒
2026-07-26 13:18:24,771 - hybrid_pipeline - INFO - [560/576] 已回收 tile_x7680_y17664
2026-07-26 13:18:24,802 - hybrid_pipeline - INFO - Tile tile_x9984_y17664: 核心遮罩全空 → 空白 placeholder
2026-07-26 13:18:24,843 - hybrid_pipeline - INFO - [561/576] 已回收 tile_x6144_y17664
2026-07-26 13:18:24,876 - m3_module.m3_cells_generator - INFO - All-positive 標註完成: 5 個細胞
2026-07-26 13:18:24,887 - hybrid_pipeline - INFO - [562/576] 已回收 tile_x5376_y17664
2026-07-26 13:18:24,911 - m3_module.m3_cells_generator - INFO - enlarge_cell_instances: 5 顆細胞, factor=1.50(面積), 中位半徑=38.7px, 外擴=8.7px
2026-07-26 13:18:24,916 - m3_module.m3_cells_generator - INFO - All-positive 標註完成: 31 個細胞
2026-07-26 13:18:24,954 - m3_module.m3_cells_generator - INFO - enlarge_cell_instances: 31 顆細胞, factor=1.50(面積), 中位半徑=28.2px, 外擴=6.3px
2026-07-26 13:18:24,983 - m3_module.m3_elastic_matching - INFO - elastic_dish_nucleus_matching(overlap-first): IHC=31, DISH=25, matched(1核)=16 (其中重疊=16), drop-out(競爭落敗)=5, 無候選(計入)=10, factor=1.50, min_reach=20.0
2026-07-26 13:18:25,005 - m3_module.m3_dot_detection - INFO - detect_all_dots: 紅點=0, 黑點=0, 涉及細胞=5
2026-07-26 13:18:25,052 - m4_module.cell_crops - INFO - 匯出 71 張 per-cell 影像至 /data/taro_Projects/tsgh/output/r7_keep/cell_crops/tile_x6912_y17664/cells
2026-07-26 13:18:25,052 - hybrid_pipeline - INFO - Tile tile_x6912_y17664 完成: 核心擁有 71 細胞 (71 陽性), 1.75 秒
2026-07-26 13:18:25,066 - m4_module.cell_crops - INFO - 匯出 5 張 per-cell 影像至 /data/taro_Projects/tsgh/output/r7_keep/cell_crops/tile_x9216_y17664/cells
2026-07-26 13:18:25,066 - hybrid_pipeline - INFO - Tile tile_x9216_y17664 完成: 核心擁有 5 細胞 (5 陽性), 1.14 秒
2026-07-26 13:18:25,067 - hybrid_pipeline - INFO - [563/576] 已回收 tile_x9216_y17664
2026-07-26 13:18:25,091 - hybrid_pipeline - INFO - Tile tile_x14592_y17664: 核心遮罩全空 → 空白 placeholder
2026-07-26 13:18:25,133 - hybrid_pipeline - INFO - [564/576] 已回收 tile_x14592_y17664
2026-07-26 13:18:25,159 - hybrid_pipeline - INFO - Tile tile_x15360_y17664: 核心遮罩全空 → 空白 placeholder
2026-07-26 13:18:25,164 - m3_module.m3_dot_detection - INFO - detect_all_dots: 紅點=24, 黑點=36, 涉及細胞=31
2026-07-26 13:18:25,201 - hybrid_pipeline - INFO - [565/576] 已回收 tile_x6912_y17664
2026-07-26 13:18:25,229 - m3_module.m3_cells_generator - INFO - All-positive 標註完成: 26 個細胞
2026-07-26 13:18:25,268 - m3_module.m3_cells_generator - INFO - enlarge_cell_instances: 26 顆細胞, factor=1.50(面積), 中位半徑=19.4px, 外擴=4.4px
2026-07-26 13:18:25,295 - m3_module.m3_elastic_matching - INFO - elastic_dish_nucleus_matching(overlap-first): IHC=26, DISH=1, matched(1核)=0 (其中重疊=0), drop-out(競爭落敗)=0, 無候選(計入)=26, factor=1.50, min_reach=20.0
2026-07-26 13:18:25,303 - m4_module.cell_crops - INFO - 匯出 21 張 per-cell 影像至 /data/taro_Projects/tsgh/output/r7_keep/cell_crops/tile_x8448_y17664/cells
2026-07-26 13:18:25,303 - hybrid_pipeline - INFO - Tile tile_x8448_y17664 完成: 核心擁有 21 細胞 (21 陽性), 1.38 秒
2026-07-26 13:18:25,411 - m3_module.m3_dot_detection - INFO - detect_all_dots: 紅點=0, 黑點=0, 涉及細胞=26
2026-07-26 13:18:25,496 - m4_module.cell_crops - INFO - 匯出 15 張 per-cell 影像至 /data/taro_Projects/tsgh/output/r7_keep/cell_crops/tile_x10752_y17664/cells
2026-07-26 13:18:25,496 - hybrid_pipeline - INFO - Tile tile_x10752_y17664 完成: 核心擁有 15 細胞 (15 陽性), 1.19 秒
2026-07-26 13:18:25,496 - hybrid_pipeline - INFO - [566/576] 已回收 tile_x10752_y17664
2026-07-26 13:18:25,520 - hybrid_pipeline - INFO - Tile tile_x16128_y17664: 核心遮罩全空 → 空白 placeholder
2026-07-26 13:18:25,573 - hybrid_pipeline - INFO - [567/576] 已回收 tile_x16128_y17664
2026-07-26 13:18:25,604 - hybrid_pipeline - INFO - Tile tile_x12288_y17664: 核心遮罩全空 → 空白 placeholder
2026-07-26 13:18:25,626 - hybrid_pipeline - INFO - [568/576] 已回收 tile_x12288_y17664
2026-07-26 13:18:25,656 - hybrid_pipeline - INFO - Tile tile_x17664_y17664: 核心遮罩全空 → 空白 placeholder
2026-07-26 13:18:25,665 - hybrid_pipeline - INFO - [569/576] 已回收 tile_x17664_y17664
2026-07-26 13:18:25,681 - hybrid_pipeline - INFO - [570/576] 已回收 tile_x9984_y17664
2026-07-26 13:18:25,692 - hybrid_pipeline - INFO - Tile tile_x16896_y17664: 核心遮罩全空 → 空白 placeholder
2026-07-26 13:18:25,692 - hybrid_pipeline - INFO - [571/576] 已回收 tile_x16896_y17664
2026-07-26 13:18:25,707 - m3_module.m3_cells_generator - INFO - All-positive 標註完成: 31 個細胞
2026-07-26 13:18:25,745 - m3_module.m3_cells_generator - INFO - enlarge_cell_instances: 31 顆細胞, factor=1.50(面積), 中位半徑=17.5px, 外擴=3.9px
2026-07-26 13:18:25,769 - m3_module.m3_elastic_matching - INFO - elastic_dish_nucleus_matching(overlap-first): IHC=31, DISH=1, matched(1核)=0 (其中重疊=0), drop-out(競爭落敗)=0, 無候選(計入)=31, factor=1.50, min_reach=20.0
2026-07-26 13:18:25,848 - hybrid_pipeline - INFO - [572/576] 已回收 tile_x8448_y17664
2026-07-26 13:18:25,878 - m3_module.m3_cells_generator - INFO - All-positive 標註完成: 7 個細胞
2026-07-26 13:18:25,887 - m3_module.m3_dot_detection - INFO - detect_all_dots: 紅點=0, 黑點=0, 涉及細胞=31
2026-07-26 13:18:25,893 - hybrid_pipeline - INFO - [573/576] 已回收 tile_x15360_y17664
2026-07-26 13:18:25,909 - m3_module.m3_cells_generator - INFO - enlarge_cell_instances: 7 顆細胞, factor=1.50(面積), 中位半徑=18.2px, 外擴=4.1px
2026-07-26 13:18:25,921 - m3_module.m3_cells_generator - INFO - All-positive 標註完成: 13 個細胞
2026-07-26 13:18:25,936 - m3_module.m3_elastic_matching - INFO - elastic_dish_nucleus_matching(overlap-first): IHC=7, DISH=218, matched(1核)=5 (其中重疊=5), drop-out(競爭落敗)=0, 無候選(計入)=2, factor=1.50, min_reach=20.0
2026-07-26 13:18:25,956 - m3_module.m3_cells_generator - INFO - enlarge_cell_instances: 13 顆細胞, factor=1.50(面積), 中位半徑=16.9px, 外擴=3.8px
2026-07-26 13:18:25,970 - m4_module.cell_crops - INFO - 匯出 21 張 per-cell 影像至 /data/taro_Projects/tsgh/output/r7_keep/cell_crops/tile_x11520_y17664/cells
2026-07-26 13:18:25,970 - hybrid_pipeline - INFO - Tile tile_x11520_y17664 完成: 核心擁有 21 細胞 (21 陽性), 1.20 秒
2026-07-26 13:18:25,971 - hybrid_pipeline - INFO - [574/576] 已回收 tile_x11520_y17664
2026-07-26 13:18:26,057 - m3_module.m3_dot_detection - INFO - detect_all_dots: 紅點=0, 黑點=0, 涉及細胞=13
2026-07-26 13:18:26,059 - m3_module.m3_dot_detection - INFO - detect_all_dots: 紅點=0, 黑點=0, 涉及細胞=7
2026-07-26 13:18:26,112 - m4_module.cell_crops - INFO - 匯出 7 張 per-cell 影像至 /data/taro_Projects/tsgh/output/r7_keep/cell_crops/tile_x13056_y17664/cells
2026-07-26 13:18:26,112 - hybrid_pipeline - INFO - Tile tile_x13056_y17664 完成: 核心擁有 7 細胞 (7 陽性), 0.98 秒
2026-07-26 13:18:26,113 - hybrid_pipeline - INFO - [575/576] 已回收 tile_x13056_y17664
2026-07-26 13:18:26,133 - m4_module.cell_crops - INFO - 匯出 4 張 per-cell 影像至 /data/taro_Projects/tsgh/output/r7_keep/cell_crops/tile_x13824_y17664/cells
2026-07-26 13:18:26,133 - hybrid_pipeline - INFO - Tile tile_x13824_y17664 完成: 核心擁有 4 細胞 (4 陽性), 1.25 秒
2026-07-26 13:18:26,133 - hybrid_pipeline - INFO - [576/576] 已回收 tile_x13824_y17664
2026-07-26 13:18:26,914 - m4_module.csv - INFO - CSV 匯出完成: report.csv (5688 列)
2026-07-26 13:18:26,914 - m4_module.csv - INFO - Summary 報告輸出: summary.txt (485 valid cells)
2026-07-26 13:18:31,331 - hybrid_pipeline - INFO - overlay_slide.tiff 縫合完成: 18688×18688 px
2026-07-26 13:18:31,355 - hybrid_pipeline - INFO - 批次完成 — run_id=922952e1 | 總計=576 | 成功=137 | 跳過=439
{
  "label": "keeprun_w4",
  "n_tiles": 576,
  "mp_workers": 4,
  "grid": {
    "cols": 24,
    "rows": 24
  },
  "wall": {
    "end_to_end_total_s": 65.185,
    "phaseA_precut_s": 0.004,
    "runbatch_BCD_s": 65.181
  },
  "disk_bytes": {
    "precut_scratch": 0,
    "analysis_output": 7084922070
  },
  "stats": {
    "success": 137,
    "skipped": 439
  },
  "timings": {
    "G_mkdir_other": {
      "n": 6,
      "t": 0.00017553300131112337
    },
    "G_mkdir_fixed_outdir": {
      "n": 6,
      "t": 0.00013577901700045913
    },
    "C_export_csv": {
      "n": 1,
      "t": 0.005372079991502687
    },
    "C_export_summary": {
      "n": 1,
      "t": 0.00031754000519867986
    },
    "D_stitch_overlay": {
      "n": 1,
      "t": 4.440592035010923
    }
  },
  "config_hash": "3d1087f2",
  "peak_cuda_reserved_gb": 0.0,
  "peak_rss_gb": 11.642
}
