2026-07-26 13:58:34,668 - hybrid_pipeline - INFO - 批次處理開始 — run_id=154a9ef0, config_hash=3d1087f2
2026-07-26 13:58:36,152 - unet_inference - INFO - 成功載入權重: /data/taro_Projects/tsgh/backend/algorithms/hybrid/models/unet/b4/best_model_unet_b4.pth
2026-07-26 13:58:36,169 - unet_inference - INFO - 模型載入完成，設備: cuda
2026-07-26 13:58:36,398 - cellpose.core - INFO - ** TORCH CUDA version installed and working. **
2026-07-26 13:58:36,399 - cellpose.core - INFO - >>>> using GPU (CUDA)
2026-07-26 13:58:36,418 - dinov3 - INFO - using base=100 for rope new
2026-07-26 13:58:36,418 - dinov3 - INFO - using min_period=None for rope new
2026-07-26 13:58:36,418 - dinov3 - INFO - using max_period=None for rope new
2026-07-26 13:58:36,418 - dinov3 - INFO - using normalize_coords=separate for rope new
2026-07-26 13:58:36,418 - dinov3 - INFO - using shift_coords=None for rope new
2026-07-26 13:58:36,418 - dinov3 - INFO - using rescale_coords=2 for rope new
2026-07-26 13:58:36,418 - dinov3 - INFO - using jitter_coords=None for rope new
2026-07-26 13:58:36,418 - dinov3 - INFO - using dtype=fp32 for rope new
2026-07-26 13:58:36,421 - dinov3 - INFO - using mlp layer as FFN
2026-07-26 13:58:36,874 - cellpose.models - INFO - >>>> loading model /data/taro_Projects/tsgh/backend/algorithms/hybrid/models/cellpose/cellpose_ihc_dish_best
2026-07-26 13:58:37,021 - m2_segmentation - INFO - Cellpose 模型載入完成: cellpose_ihc_dish_best (diameter=None)
2026-07-26 13:58:37,022 - cellpose.core - INFO - ** TORCH CUDA version installed and working. **
2026-07-26 13:58:37,022 - cellpose.core - INFO - >>>> using GPU (CUDA)
2026-07-26 13:58:37,037 - dinov3 - INFO - using base=100 for rope new
2026-07-26 13:58:37,037 - dinov3 - INFO - using min_period=None for rope new
2026-07-26 13:58:37,037 - dinov3 - INFO - using max_period=None for rope new
2026-07-26 13:58:37,037 - dinov3 - INFO - using normalize_coords=separate for rope new
2026-07-26 13:58:37,037 - dinov3 - INFO - using shift_coords=None for rope new
2026-07-26 13:58:37,037 - dinov3 - INFO - using rescale_coords=2 for rope new
2026-07-26 13:58:37,037 - dinov3 - INFO - using jitter_coords=None for rope new
2026-07-26 13:58:37,037 - dinov3 - INFO - using dtype=fp32 for rope new
2026-07-26 13:58:37,037 - dinov3 - INFO - using mlp layer as FFN
2026-07-26 13:58:37,476 - cellpose.models - INFO - >>>> loading model /data/taro_Projects/tsgh/backend/algorithms/hybrid/models/cellpose/cellpose_dish_best
2026-07-26 13:58:37,619 - m2_segmentation - INFO - Cellpose 模型載入完成: cellpose_dish_best (diameter=None)
2026-07-26 13:58:40,679 - hybrid_pipeline - INFO - [1/576] 處理 tile: tile_x0_y0
2026-07-26 13:58:42,378 - hybrid_pipeline - INFO - [2/576] 處理 tile: tile_x3072_y0
2026-07-26 13:58:42,426 - hybrid_pipeline - INFO - Tile tile_x0_y0: 核心遮罩全空 → 空白 placeholder
2026-07-26 13:58:42,426 - hybrid_pipeline - INFO - [3/576] 處理 tile: tile_x2304_y0
2026-07-26 13:58:42,449 - hybrid_pipeline - INFO - Tile tile_x3072_y0: 核心遮罩全空 → 空白 placeholder
2026-07-26 13:58:42,458 - hybrid_pipeline - INFO - [4/576] 處理 tile: tile_x5376_y0
2026-07-26 13:58:42,481 - hybrid_pipeline - INFO - Tile tile_x2304_y0: 核心遮罩全空 → 空白 placeholder
2026-07-26 13:58:42,490 - hybrid_pipeline - INFO - [5/576] 處理 tile: tile_x3840_y0
2026-07-26 13:58:42,513 - hybrid_pipeline - INFO - Tile tile_x5376_y0: 核心遮罩全空 → 空白 placeholder
2026-07-26 13:58:42,522 - hybrid_pipeline - INFO - [6/576] 處理 tile: tile_x4608_y0
2026-07-26 13:58:42,545 - hybrid_pipeline - INFO - Tile tile_x3840_y0: 核心遮罩全空 → 空白 placeholder
2026-07-26 13:58:42,555 - hybrid_pipeline - INFO - [7/576] 處理 tile: tile_x768_y0
2026-07-26 13:58:42,579 - hybrid_pipeline - INFO - Tile tile_x4608_y0: 核心遮罩全空 → 空白 placeholder
2026-07-26 13:58:42,588 - hybrid_pipeline - INFO - [8/576] 處理 tile: tile_x1536_y0
2026-07-26 13:58:42,613 - hybrid_pipeline - INFO - Tile tile_x768_y0: 核心遮罩全空 → 空白 placeholder
2026-07-26 13:58:42,622 - hybrid_pipeline - INFO - [9/576] 處理 tile: tile_x6144_y0
2026-07-26 13:58:42,645 - hybrid_pipeline - INFO - Tile tile_x1536_y0: 核心遮罩全空 → 空白 placeholder
2026-07-26 13:58:42,655 - hybrid_pipeline - INFO - [10/576] 處理 tile: tile_x7680_y0
2026-07-26 13:58:42,678 - hybrid_pipeline - INFO - Tile tile_x6144_y0: 核心遮罩全空 → 空白 placeholder
2026-07-26 13:58:42,688 - hybrid_pipeline - INFO - [11/576] 處理 tile: tile_x6912_y0
2026-07-26 13:58:42,712 - hybrid_pipeline - INFO - Tile tile_x7680_y0: 核心遮罩全空 → 空白 placeholder
2026-07-26 13:58:42,720 - hybrid_pipeline - INFO - [12/576] 處理 tile: tile_x9216_y0
2026-07-26 13:58:42,744 - hybrid_pipeline - INFO - Tile tile_x6912_y0: 核心遮罩全空 → 空白 placeholder
2026-07-26 13:58:42,752 - hybrid_pipeline - INFO - [13/576] 處理 tile: tile_x8448_y0
2026-07-26 13:58:42,776 - hybrid_pipeline - INFO - Tile tile_x9216_y0: 核心遮罩全空 → 空白 placeholder
2026-07-26 13:58:42,785 - hybrid_pipeline - INFO - [14/576] 處理 tile: tile_x9984_y0
2026-07-26 13:58:42,808 - hybrid_pipeline - INFO - Tile tile_x8448_y0: 核心遮罩全空 → 空白 placeholder
2026-07-26 13:58:42,817 - hybrid_pipeline - INFO - [15/576] 處理 tile: tile_x11520_y0
2026-07-26 13:58:42,840 - hybrid_pipeline - INFO - Tile tile_x9984_y0: 核心遮罩全空 → 空白 placeholder
2026-07-26 13:58:42,849 - hybrid_pipeline - INFO - [16/576] 處理 tile: tile_x10752_y0
2026-07-26 13:58:42,873 - hybrid_pipeline - INFO - Tile tile_x11520_y0: 核心遮罩全空 → 空白 placeholder
2026-07-26 13:58:42,881 - hybrid_pipeline - INFO - [17/576] 處理 tile: tile_x12288_y0
2026-07-26 13:58:42,904 - hybrid_pipeline - INFO - Tile tile_x10752_y0: 核心遮罩全空 → 空白 placeholder
2026-07-26 13:58:42,914 - hybrid_pipeline - INFO - [18/576] 處理 tile: tile_x16128_y0
2026-07-26 13:58:42,938 - hybrid_pipeline - INFO - Tile tile_x12288_y0: 核心遮罩全空 → 空白 placeholder
2026-07-26 13:58:42,946 - hybrid_pipeline - INFO - [19/576] 處理 tile: tile_x15360_y0
2026-07-26 13:58:42,969 - hybrid_pipeline - INFO - Tile tile_x16128_y0: 核心遮罩全空 → 空白 placeholder
2026-07-26 13:58:42,978 - hybrid_pipeline - INFO - [20/576] 處理 tile: tile_x13056_y0
2026-07-26 13:58:43,001 - hybrid_pipeline - INFO - Tile tile_x15360_y0: 核心遮罩全空 → 空白 placeholder
2026-07-26 13:58:43,010 - hybrid_pipeline - INFO - [21/576] 處理 tile: tile_x14592_y0
2026-07-26 13:58:43,033 - hybrid_pipeline - INFO - Tile tile_x13056_y0: 核心遮罩全空 → 空白 placeholder
2026-07-26 13:58:43,043 - hybrid_pipeline - INFO - [22/576] 處理 tile: tile_x17664_y0
2026-07-26 13:58:43,067 - hybrid_pipeline - INFO - Tile tile_x14592_y0: 核心遮罩全空 → 空白 placeholder
2026-07-26 13:58:43,075 - hybrid_pipeline - INFO - [23/576] 處理 tile: tile_x13824_y0
2026-07-26 13:58:43,099 - hybrid_pipeline - INFO - Tile tile_x17664_y0: 核心遮罩全空 → 空白 placeholder
2026-07-26 13:58:43,108 - hybrid_pipeline - INFO - [24/576] 處理 tile: tile_x16896_y0
2026-07-26 13:58:43,132 - hybrid_pipeline - INFO - Tile tile_x13824_y0: 核心遮罩全空 → 空白 placeholder
2026-07-26 13:58:43,140 - hybrid_pipeline - INFO - [25/576] 處理 tile: tile_x0_y768
2026-07-26 13:58:43,163 - hybrid_pipeline - INFO - Tile tile_x16896_y0: 核心遮罩全空 → 空白 placeholder
2026-07-26 13:58:43,172 - hybrid_pipeline - INFO - [26/576] 處理 tile: tile_x768_y768
2026-07-26 13:58:43,196 - hybrid_pipeline - INFO - Tile tile_x0_y768: 核心遮罩全空 → 空白 placeholder
2026-07-26 13:58:43,204 - hybrid_pipeline - INFO - [27/576] 處理 tile: tile_x3072_y768
2026-07-26 13:58:43,227 - hybrid_pipeline - INFO - Tile tile_x768_y768: 核心遮罩全空 → 空白 placeholder
2026-07-26 13:58:43,236 - hybrid_pipeline - INFO - [28/576] 處理 tile: tile_x3840_y768
2026-07-26 13:58:43,259 - hybrid_pipeline - INFO - Tile tile_x3072_y768: 核心遮罩全空 → 空白 placeholder
2026-07-26 13:58:43,268 - hybrid_pipeline - INFO - [29/576] 處理 tile: tile_x1536_y768
2026-07-26 13:58:43,291 - hybrid_pipeline - INFO - Tile tile_x3840_y768: 核心遮罩全空 → 空白 placeholder
2026-07-26 13:58:43,300 - hybrid_pipeline - INFO - [30/576] 處理 tile: tile_x2304_y768
2026-07-26 13:58:43,323 - hybrid_pipeline - INFO - Tile tile_x1536_y768: 核心遮罩全空 → 空白 placeholder
2026-07-26 13:58:43,333 - hybrid_pipeline - INFO - [31/576] 處理 tile: tile_x5376_y768
2026-07-26 13:58:43,357 - hybrid_pipeline - INFO - Tile tile_x2304_y768: 核心遮罩全空 → 空白 placeholder
2026-07-26 13:58:43,365 - hybrid_pipeline - INFO - [32/576] 處理 tile: tile_x4608_y768
2026-07-26 13:58:43,389 - hybrid_pipeline - INFO - Tile tile_x5376_y768: 核心遮罩全空 → 空白 placeholder
2026-07-26 13:58:43,397 - hybrid_pipeline - INFO - [33/576] 處理 tile: tile_x6144_y768
2026-07-26 13:58:43,421 - hybrid_pipeline - INFO - Tile tile_x4608_y768: 核心遮罩全空 → 空白 placeholder
2026-07-26 13:58:43,429 - hybrid_pipeline - INFO - [34/576] 處理 tile: tile_x7680_y768
2026-07-26 13:58:43,453 - hybrid_pipeline - INFO - Tile tile_x6144_y768: 核心遮罩全空 → 空白 placeholder
2026-07-26 13:58:43,462 - hybrid_pipeline - INFO - [35/576] 處理 tile: tile_x6912_y768
2026-07-26 13:58:43,486 - hybrid_pipeline - INFO - Tile tile_x7680_y768: 核心遮罩全空 → 空白 placeholder
2026-07-26 13:58:43,495 - hybrid_pipeline - INFO - [36/576] 處理 tile: tile_x8448_y768
2026-07-26 13:58:43,518 - hybrid_pipeline - INFO - Tile tile_x6912_y768: 核心遮罩全空 → 空白 placeholder
2026-07-26 13:58:43,528 - hybrid_pipeline - INFO - [37/576] 處理 tile: tile_x9216_y768
2026-07-26 13:58:43,552 - hybrid_pipeline - INFO - Tile tile_x8448_y768: 核心遮罩全空 → 空白 placeholder
2026-07-26 13:58:43,560 - hybrid_pipeline - INFO - [38/576] 處理 tile: tile_x9984_y768
2026-07-26 13:58:43,584 - hybrid_pipeline - INFO - Tile tile_x9216_y768: 核心遮罩全空 → 空白 placeholder
2026-07-26 13:58:43,593 - hybrid_pipeline - INFO - [39/576] 處理 tile: tile_x10752_y768
2026-07-26 13:58:43,618 - hybrid_pipeline - INFO - Tile tile_x9984_y768: 核心遮罩全空 → 空白 placeholder
2026-07-26 13:58:43,626 - hybrid_pipeline - INFO - [40/576] 處理 tile: tile_x11520_y768
2026-07-26 13:58:43,650 - hybrid_pipeline - INFO - Tile tile_x10752_y768: 核心遮罩全空 → 空白 placeholder
2026-07-26 13:58:43,661 - hybrid_pipeline - INFO - [41/576] 處理 tile: tile_x14592_y768
2026-07-26 13:58:43,684 - hybrid_pipeline - INFO - Tile tile_x11520_y768: 核心遮罩全空 → 空白 placeholder
2026-07-26 13:58:43,693 - hybrid_pipeline - INFO - [42/576] 處理 tile: tile_x13824_y768
2026-07-26 13:58:43,717 - hybrid_pipeline - INFO - Tile tile_x14592_y768: 核心遮罩全空 → 空白 placeholder
2026-07-26 13:58:43,727 - hybrid_pipeline - INFO - [43/576] 處理 tile: tile_x13056_y768
2026-07-26 13:58:43,750 - hybrid_pipeline - INFO - Tile tile_x13824_y768: 核心遮罩全空 → 空白 placeholder
2026-07-26 13:58:43,759 - hybrid_pipeline - INFO - [44/576] 處理 tile: tile_x16128_y768
2026-07-26 13:58:43,782 - hybrid_pipeline - INFO - Tile tile_x13056_y768: 核心遮罩全空 → 空白 placeholder
2026-07-26 13:58:43,791 - hybrid_pipeline - INFO - [45/576] 處理 tile: tile_x15360_y768
2026-07-26 13:58:43,814 - hybrid_pipeline - INFO - Tile tile_x16128_y768: 核心遮罩全空 → 空白 placeholder
2026-07-26 13:58:43,822 - hybrid_pipeline - INFO - [46/576] 處理 tile: tile_x12288_y768
2026-07-26 13:58:43,846 - hybrid_pipeline - INFO - Tile tile_x15360_y768: 核心遮罩全空 → 空白 placeholder
2026-07-26 13:58:43,854 - hybrid_pipeline - INFO - [47/576] 處理 tile: tile_x16896_y768
2026-07-26 13:58:43,878 - hybrid_pipeline - INFO - Tile tile_x12288_y768: 核心遮罩全空 → 空白 placeholder
2026-07-26 13:58:43,887 - hybrid_pipeline - INFO - [48/576] 處理 tile: tile_x17664_y768
2026-07-26 13:58:43,911 - hybrid_pipeline - INFO - Tile tile_x16896_y768: 核心遮罩全空 → 空白 placeholder
2026-07-26 13:58:43,919 - hybrid_pipeline - INFO - [49/576] 處理 tile: tile_x768_y1536
2026-07-26 13:58:43,943 - hybrid_pipeline - INFO - Tile tile_x17664_y768: 核心遮罩全空 → 空白 placeholder
2026-07-26 13:58:43,951 - hybrid_pipeline - INFO - [50/576] 處理 tile: tile_x2304_y1536
2026-07-26 13:58:43,975 - hybrid_pipeline - INFO - Tile tile_x768_y1536: 核心遮罩全空 → 空白 placeholder
2026-07-26 13:58:43,986 - hybrid_pipeline - INFO - [51/576] 處理 tile: tile_x1536_y1536
2026-07-26 13:58:44,009 - hybrid_pipeline - INFO - Tile tile_x2304_y1536: 核心遮罩全空 → 空白 placeholder
2026-07-26 13:58:44,019 - hybrid_pipeline - INFO - [52/576] 處理 tile: tile_x0_y1536
2026-07-26 13:58:44,043 - hybrid_pipeline - INFO - Tile tile_x1536_y1536: 核心遮罩全空 → 空白 placeholder
2026-07-26 13:58:44,052 - hybrid_pipeline - INFO - [53/576] 處理 tile: tile_x3072_y1536
2026-07-26 13:58:44,076 - hybrid_pipeline - INFO - Tile tile_x0_y1536: 核心遮罩全空 → 空白 placeholder
2026-07-26 13:58:44,084 - hybrid_pipeline - INFO - [54/576] 處理 tile: tile_x3840_y1536
2026-07-26 13:58:44,108 - hybrid_pipeline - INFO - Tile tile_x3072_y1536: 核心遮罩全空 → 空白 placeholder
2026-07-26 13:58:44,117 - hybrid_pipeline - INFO - [55/576] 處理 tile: tile_x4608_y1536
2026-07-26 13:58:44,140 - hybrid_pipeline - INFO - Tile tile_x3840_y1536: 核心遮罩全空 → 空白 placeholder
2026-07-26 13:58:44,150 - hybrid_pipeline - INFO - [56/576] 處理 tile: tile_x5376_y1536
2026-07-26 13:58:44,174 - hybrid_pipeline - INFO - Tile tile_x4608_y1536: 核心遮罩全空 → 空白 placeholder
2026-07-26 13:58:44,182 - hybrid_pipeline - INFO - [57/576] 處理 tile: tile_x6144_y1536
2026-07-26 13:58:44,205 - hybrid_pipeline - INFO - Tile tile_x5376_y1536: 核心遮罩全空 → 空白 placeholder
2026-07-26 13:58:44,215 - hybrid_pipeline - INFO - [58/576] 處理 tile: tile_x6912_y1536
2026-07-26 13:58:44,239 - hybrid_pipeline - INFO - Tile tile_x6144_y1536: 核心遮罩全空 → 空白 placeholder
2026-07-26 13:58:44,247 - hybrid_pipeline - INFO - [59/576] 處理 tile: tile_x7680_y1536
2026-07-26 13:58:44,272 - hybrid_pipeline - INFO - Tile tile_x6912_y1536: 核心遮罩全空 → 空白 placeholder
2026-07-26 13:58:44,280 - hybrid_pipeline - INFO - [60/576] 處理 tile: tile_x8448_y1536
2026-07-26 13:58:44,304 - hybrid_pipeline - INFO - Tile tile_x7680_y1536: 核心遮罩全空 → 空白 placeholder
2026-07-26 13:58:44,312 - hybrid_pipeline - INFO - [61/576] 處理 tile: tile_x9216_y1536
2026-07-26 13:58:44,335 - hybrid_pipeline - INFO - Tile tile_x8448_y1536: 核心遮罩全空 → 空白 placeholder
2026-07-26 13:58:44,344 - hybrid_pipeline - INFO - [62/576] 處理 tile: tile_x9984_y1536
2026-07-26 13:58:44,368 - hybrid_pipeline - INFO - Tile tile_x9216_y1536: 核心遮罩全空 → 空白 placeholder
2026-07-26 13:58:44,377 - hybrid_pipeline - INFO - [63/576] 處理 tile: tile_x10752_y1536
2026-07-26 13:58:44,401 - hybrid_pipeline - INFO - Tile tile_x9984_y1536: 核心遮罩全空 → 空白 placeholder
2026-07-26 13:58:44,410 - hybrid_pipeline - INFO - [64/576] 處理 tile: tile_x12288_y1536
2026-07-26 13:58:44,434 - hybrid_pipeline - INFO - Tile tile_x10752_y1536: 核心遮罩全空 → 空白 placeholder
2026-07-26 13:58:44,442 - hybrid_pipeline - INFO - [65/576] 處理 tile: tile_x13056_y1536
2026-07-26 13:58:44,466 - hybrid_pipeline - INFO - Tile tile_x12288_y1536: 核心遮罩全空 → 空白 placeholder
2026-07-26 13:58:44,475 - hybrid_pipeline - INFO - [66/576] 處理 tile: tile_x11520_y1536
2026-07-26 13:58:44,498 - hybrid_pipeline - INFO - Tile tile_x13056_y1536: 核心遮罩全空 → 空白 placeholder
2026-07-26 13:58:44,507 - hybrid_pipeline - INFO - [67/576] 處理 tile: tile_x13824_y1536
2026-07-26 13:58:44,533 - hybrid_pipeline - INFO - Tile tile_x11520_y1536: 核心遮罩全空 → 空白 placeholder
2026-07-26 13:58:44,541 - hybrid_pipeline - INFO - [68/576] 處理 tile: tile_x14592_y1536
2026-07-26 13:58:44,565 - hybrid_pipeline - INFO - Tile tile_x13824_y1536: 核心遮罩全空 → 空白 placeholder
2026-07-26 13:58:44,573 - hybrid_pipeline - INFO - [69/576] 處理 tile: tile_x15360_y1536
2026-07-26 13:58:44,596 - hybrid_pipeline - INFO - Tile tile_x14592_y1536: 核心遮罩全空 → 空白 placeholder
2026-07-26 13:58:44,608 - hybrid_pipeline - INFO - [70/576] 處理 tile: tile_x16128_y1536
2026-07-26 13:58:44,631 - hybrid_pipeline - INFO - Tile tile_x15360_y1536: 核心遮罩全空 → 空白 placeholder
2026-07-26 13:58:44,640 - hybrid_pipeline - INFO - [71/576] 處理 tile: tile_x16896_y1536
2026-07-26 13:58:44,664 - hybrid_pipeline - INFO - Tile tile_x16128_y1536: 核心遮罩全空 → 空白 placeholder
2026-07-26 13:58:44,673 - hybrid_pipeline - INFO - [72/576] 處理 tile: tile_x0_y2304
2026-07-26 13:58:44,695 - hybrid_pipeline - INFO - Tile tile_x16896_y1536: 核心遮罩全空 → 空白 placeholder
2026-07-26 13:58:44,707 - hybrid_pipeline - INFO - [73/576] 處理 tile: tile_x17664_y1536
2026-07-26 13:58:44,730 - hybrid_pipeline - INFO - Tile tile_x0_y2304: 核心遮罩全空 → 空白 placeholder
2026-07-26 13:58:44,741 - hybrid_pipeline - INFO - [74/576] 處理 tile: tile_x1536_y2304
2026-07-26 13:58:44,768 - hybrid_pipeline - INFO - Tile tile_x17664_y1536: 核心遮罩全空 → 空白 placeholder
2026-07-26 13:58:44,779 - hybrid_pipeline - INFO - [75/576] 處理 tile: tile_x2304_y2304
2026-07-26 13:58:44,803 - hybrid_pipeline - INFO - Tile tile_x1536_y2304: 核心遮罩全空 → 空白 placeholder
2026-07-26 13:58:44,812 - hybrid_pipeline - INFO - [76/576] 處理 tile: tile_x768_y2304
2026-07-26 13:58:44,834 - hybrid_pipeline - INFO - Tile tile_x2304_y2304: 核心遮罩全空 → 空白 placeholder
2026-07-26 13:58:44,844 - hybrid_pipeline - INFO - [77/576] 處理 tile: tile_x3072_y2304
2026-07-26 13:58:44,867 - hybrid_pipeline - INFO - Tile tile_x768_y2304: 核心遮罩全空 → 空白 placeholder
2026-07-26 13:58:44,876 - hybrid_pipeline - INFO - [78/576] 處理 tile: tile_x3840_y2304
2026-07-26 13:58:44,900 - hybrid_pipeline - INFO - Tile tile_x3072_y2304: 核心遮罩全空 → 空白 placeholder
2026-07-26 13:58:44,909 - hybrid_pipeline - INFO - [79/576] 處理 tile: tile_x4608_y2304
2026-07-26 13:58:44,932 - hybrid_pipeline - INFO - Tile tile_x3840_y2304: 核心遮罩全空 → 空白 placeholder
2026-07-26 13:58:44,941 - hybrid_pipeline - INFO - [80/576] 處理 tile: tile_x5376_y2304
2026-07-26 13:58:44,964 - hybrid_pipeline - INFO - Tile tile_x4608_y2304: 核心遮罩全空 → 空白 placeholder
2026-07-26 13:58:44,973 - hybrid_pipeline - INFO - [81/576] 處理 tile: tile_x6912_y2304
2026-07-26 13:58:44,997 - hybrid_pipeline - INFO - Tile tile_x5376_y2304: 核心遮罩全空 → 空白 placeholder
2026-07-26 13:58:45,007 - hybrid_pipeline - INFO - [82/576] 處理 tile: tile_x7680_y2304
2026-07-26 13:58:45,031 - hybrid_pipeline - INFO - Tile tile_x6912_y2304: 核心遮罩全空 → 空白 placeholder
2026-07-26 13:58:45,040 - hybrid_pipeline - INFO - [83/576] 處理 tile: tile_x6144_y2304
2026-07-26 13:58:45,063 - hybrid_pipeline - INFO - Tile tile_x7680_y2304: 核心遮罩全空 → 空白 placeholder
2026-07-26 13:58:45,072 - hybrid_pipeline - INFO - [84/576] 處理 tile: tile_x8448_y2304
2026-07-26 13:58:45,095 - hybrid_pipeline - INFO - Tile tile_x6144_y2304: 核心遮罩全空 → 空白 placeholder
2026-07-26 13:58:45,104 - hybrid_pipeline - INFO - [85/576] 處理 tile: tile_x9216_y2304
2026-07-26 13:58:45,127 - hybrid_pipeline - INFO - Tile tile_x8448_y2304: 核心遮罩全空 → 空白 placeholder
2026-07-26 13:58:45,135 - hybrid_pipeline - INFO - [86/576] 處理 tile: tile_x9984_y2304
2026-07-26 13:58:45,159 - hybrid_pipeline - INFO - Tile tile_x9216_y2304: 核心遮罩全空 → 空白 placeholder
2026-07-26 13:58:45,168 - hybrid_pipeline - INFO - [87/576] 處理 tile: tile_x10752_y2304
2026-07-26 13:58:45,191 - hybrid_pipeline - INFO - Tile tile_x9984_y2304: 核心遮罩全空 → 空白 placeholder
2026-07-26 13:58:45,201 - hybrid_pipeline - INFO - [88/576] 處理 tile: tile_x12288_y2304
2026-07-26 13:58:45,224 - hybrid_pipeline - INFO - Tile tile_x10752_y2304: 核心遮罩全空 → 空白 placeholder
2026-07-26 13:58:45,233 - hybrid_pipeline - INFO - [89/576] 處理 tile: tile_x11520_y2304
2026-07-26 13:58:45,258 - hybrid_pipeline - INFO - Tile tile_x12288_y2304: 核心遮罩全空 → 空白 placeholder
2026-07-26 13:58:45,266 - hybrid_pipeline - INFO - [90/576] 處理 tile: tile_x15360_y2304
2026-07-26 13:58:45,289 - hybrid_pipeline - INFO - Tile tile_x11520_y2304: 核心遮罩全空 → 空白 placeholder
2026-07-26 13:58:45,300 - hybrid_pipeline - INFO - [91/576] 處理 tile: tile_x14592_y2304
2026-07-26 13:58:45,324 - hybrid_pipeline - INFO - Tile tile_x15360_y2304: 核心遮罩全空 → 空白 placeholder
2026-07-26 13:58:45,333 - hybrid_pipeline - INFO - [92/576] 處理 tile: tile_x13056_y2304
2026-07-26 13:58:45,357 - hybrid_pipeline - INFO - Tile tile_x14592_y2304: 核心遮罩全空 → 空白 placeholder
2026-07-26 13:58:45,366 - hybrid_pipeline - INFO - [93/576] 處理 tile: tile_x13824_y2304
2026-07-26 13:58:45,390 - hybrid_pipeline - INFO - Tile tile_x13056_y2304: 核心遮罩全空 → 空白 placeholder
2026-07-26 13:58:45,400 - hybrid_pipeline - INFO - [94/576] 處理 tile: tile_x16128_y2304
2026-07-26 13:58:45,423 - hybrid_pipeline - INFO - Tile tile_x13824_y2304: 核心遮罩全空 → 空白 placeholder
2026-07-26 13:58:45,432 - hybrid_pipeline - INFO - [95/576] 處理 tile: tile_x16896_y2304
2026-07-26 13:58:45,456 - hybrid_pipeline - INFO - Tile tile_x16128_y2304: 核心遮罩全空 → 空白 placeholder
2026-07-26 13:58:45,466 - hybrid_pipeline - INFO - [96/576] 處理 tile: tile_x0_y3072
2026-07-26 13:58:45,491 - hybrid_pipeline - INFO - Tile tile_x16896_y2304: 核心遮罩全空 → 空白 placeholder
2026-07-26 13:58:45,499 - hybrid_pipeline - INFO - [97/576] 處理 tile: tile_x17664_y2304
2026-07-26 13:58:45,523 - hybrid_pipeline - INFO - Tile tile_x0_y3072: 核心遮罩全空 → 空白 placeholder
2026-07-26 13:58:45,532 - hybrid_pipeline - INFO - [98/576] 處理 tile: tile_x768_y3072
2026-07-26 13:58:45,556 - hybrid_pipeline - INFO - Tile tile_x17664_y2304: 核心遮罩全空 → 空白 placeholder
2026-07-26 13:58:45,564 - hybrid_pipeline - INFO - [99/576] 處理 tile: tile_x1536_y3072
2026-07-26 13:58:45,588 - hybrid_pipeline - INFO - Tile tile_x768_y3072: 核心遮罩全空 → 空白 placeholder
2026-07-26 13:58:45,598 - hybrid_pipeline - INFO - [100/576] 處理 tile: tile_x2304_y3072
2026-07-26 13:58:45,621 - hybrid_pipeline - INFO - Tile tile_x1536_y3072: 核心遮罩全空 → 空白 placeholder
2026-07-26 13:58:45,630 - hybrid_pipeline - INFO - [101/576] 處理 tile: tile_x3072_y3072
2026-07-26 13:58:45,654 - hybrid_pipeline - INFO - Tile tile_x2304_y3072: 核心遮罩全空 → 空白 placeholder
2026-07-26 13:58:45,662 - hybrid_pipeline - INFO - [102/576] 處理 tile: tile_x3840_y3072
2026-07-26 13:58:45,686 - hybrid_pipeline - INFO - Tile tile_x3072_y3072: 核心遮罩全空 → 空白 placeholder
2026-07-26 13:58:45,694 - hybrid_pipeline - INFO - [103/576] 處理 tile: tile_x4608_y3072
2026-07-26 13:58:45,719 - hybrid_pipeline - INFO - Tile tile_x3840_y3072: 核心遮罩全空 → 空白 placeholder
2026-07-26 13:58:45,727 - hybrid_pipeline - INFO - [104/576] 處理 tile: tile_x5376_y3072
2026-07-26 13:58:45,751 - hybrid_pipeline - INFO - Tile tile_x4608_y3072: 核心遮罩全空 → 空白 placeholder
2026-07-26 13:58:45,760 - hybrid_pipeline - INFO - [105/576] 處理 tile: tile_x6144_y3072
2026-07-26 13:58:45,783 - hybrid_pipeline - INFO - Tile tile_x5376_y3072: 核心遮罩全空 → 空白 placeholder
2026-07-26 13:58:45,792 - hybrid_pipeline - INFO - [106/576] 處理 tile: tile_x8448_y3072
2026-07-26 13:58:45,815 - hybrid_pipeline - INFO - Tile tile_x6144_y3072: 核心遮罩全空 → 空白 placeholder
2026-07-26 13:58:45,825 - hybrid_pipeline - INFO - [107/576] 處理 tile: tile_x7680_y3072
2026-07-26 13:58:45,848 - hybrid_pipeline - INFO - Tile tile_x8448_y3072: 核心遮罩全空 → 空白 placeholder
2026-07-26 13:58:45,857 - hybrid_pipeline - INFO - [108/576] 處理 tile: tile_x6912_y3072
2026-07-26 13:58:45,882 - hybrid_pipeline - INFO - Tile tile_x7680_y3072: 核心遮罩全空 → 空白 placeholder
2026-07-26 13:58:45,890 - hybrid_pipeline - INFO - [109/576] 處理 tile: tile_x9216_y3072
2026-07-26 13:58:45,913 - hybrid_pipeline - INFO - Tile tile_x6912_y3072: 核心遮罩全空 → 空白 placeholder
2026-07-26 13:58:45,922 - hybrid_pipeline - INFO - [110/576] 處理 tile: tile_x9984_y3072
2026-07-26 13:58:45,945 - hybrid_pipeline - INFO - Tile tile_x9216_y3072: 核心遮罩全空 → 空白 placeholder
2026-07-26 13:58:45,955 - hybrid_pipeline - INFO - [111/576] 處理 tile: tile_x10752_y3072
2026-07-26 13:58:45,981 - hybrid_pipeline - INFO - Tile tile_x9984_y3072: 核心遮罩全空 → 空白 placeholder
2026-07-26 13:58:45,988 - hybrid_pipeline - INFO - [112/576] 處理 tile: tile_x11520_y3072
2026-07-26 13:58:46,012 - hybrid_pipeline - INFO - Tile tile_x10752_y3072: 核心遮罩全空 → 空白 placeholder
2026-07-26 13:58:46,020 - hybrid_pipeline - INFO - [113/576] 處理 tile: tile_x12288_y3072
2026-07-26 13:58:46,044 - hybrid_pipeline - INFO - Tile tile_x11520_y3072: 核心遮罩全空 → 空白 placeholder
2026-07-26 13:58:46,053 - hybrid_pipeline - INFO - [114/576] 處理 tile: tile_x14592_y3072
2026-07-26 13:58:46,077 - hybrid_pipeline - INFO - Tile tile_x12288_y3072: 核心遮罩全空 → 空白 placeholder
2026-07-26 13:58:46,085 - hybrid_pipeline - INFO - [115/576] 處理 tile: tile_x13824_y3072
2026-07-26 13:58:46,108 - hybrid_pipeline - INFO - Tile tile_x14592_y3072: 核心遮罩全空 → 空白 placeholder
2026-07-26 13:58:46,117 - hybrid_pipeline - INFO - [116/576] 處理 tile: tile_x13056_y3072
2026-07-26 13:58:46,140 - hybrid_pipeline - INFO - Tile tile_x13824_y3072: 核心遮罩全空 → 空白 placeholder
2026-07-26 13:58:46,149 - hybrid_pipeline - INFO - [117/576] 處理 tile: tile_x15360_y3072
2026-07-26 13:58:46,172 - hybrid_pipeline - INFO - Tile tile_x13056_y3072: 核心遮罩全空 → 空白 placeholder
2026-07-26 13:58:46,182 - hybrid_pipeline - INFO - [118/576] 處理 tile: tile_x16128_y3072
2026-07-26 13:58:46,205 - hybrid_pipeline - INFO - Tile tile_x15360_y3072: 核心遮罩全空 → 空白 placeholder
2026-07-26 13:58:46,215 - hybrid_pipeline - INFO - [119/576] 處理 tile: tile_x16896_y3072
2026-07-26 13:58:46,238 - hybrid_pipeline - INFO - Tile tile_x16128_y3072: 核心遮罩全空 → 空白 placeholder
2026-07-26 13:58:46,247 - hybrid_pipeline - INFO - [120/576] 處理 tile: tile_x17664_y3072
2026-07-26 13:58:46,270 - hybrid_pipeline - INFO - Tile tile_x16896_y3072: 核心遮罩全空 → 空白 placeholder
2026-07-26 13:58:46,279 - hybrid_pipeline - INFO - [121/576] 處理 tile: tile_x0_y3840
2026-07-26 13:58:46,302 - hybrid_pipeline - INFO - Tile tile_x17664_y3072: 核心遮罩全空 → 空白 placeholder
2026-07-26 13:58:46,312 - hybrid_pipeline - INFO - [122/576] 處理 tile: tile_x2304_y3840
2026-07-26 13:58:46,336 - hybrid_pipeline - INFO - Tile tile_x0_y3840: 核心遮罩全空 → 空白 placeholder
2026-07-26 13:58:46,344 - hybrid_pipeline - INFO - [123/576] 處理 tile: tile_x768_y3840
2026-07-26 13:58:46,368 - hybrid_pipeline - INFO - Tile tile_x2304_y3840: 核心遮罩全空 → 空白 placeholder
2026-07-26 13:58:46,377 - hybrid_pipeline - INFO - [124/576] 處理 tile: tile_x1536_y3840
2026-07-26 13:58:46,400 - hybrid_pipeline - INFO - Tile tile_x768_y3840: 核心遮罩全空 → 空白 placeholder
2026-07-26 13:58:46,410 - hybrid_pipeline - INFO - [125/576] 處理 tile: tile_x3072_y3840
2026-07-26 13:58:46,434 - hybrid_pipeline - INFO - Tile tile_x1536_y3840: 核心遮罩全空 → 空白 placeholder
2026-07-26 13:58:46,442 - hybrid_pipeline - INFO - [126/576] 處理 tile: tile_x3840_y3840
2026-07-26 13:58:46,466 - hybrid_pipeline - INFO - Tile tile_x3072_y3840: 核心遮罩全空 → 空白 placeholder
2026-07-26 13:58:46,474 - hybrid_pipeline - INFO - [127/576] 處理 tile: tile_x4608_y3840
2026-07-26 13:58:46,498 - hybrid_pipeline - INFO - Tile tile_x3840_y3840: 核心遮罩全空 → 空白 placeholder
2026-07-26 13:58:46,506 - hybrid_pipeline - INFO - [128/576] 處理 tile: tile_x5376_y3840
2026-07-26 13:58:46,529 - hybrid_pipeline - INFO - Tile tile_x4608_y3840: 核心遮罩全空 → 空白 placeholder
2026-07-26 13:58:46,538 - hybrid_pipeline - INFO - [129/576] 處理 tile: tile_x6144_y3840
2026-07-26 13:58:46,562 - hybrid_pipeline - INFO - Tile tile_x5376_y3840: 核心遮罩全空 → 空白 placeholder
2026-07-26 13:58:46,571 - hybrid_pipeline - INFO - [130/576] 處理 tile: tile_x6912_y3840
2026-07-26 13:58:46,596 - hybrid_pipeline - INFO - Tile tile_x6144_y3840: 核心遮罩全空 → 空白 placeholder
2026-07-26 13:58:46,605 - hybrid_pipeline - INFO - [131/576] 處理 tile: tile_x7680_y3840
2026-07-26 13:58:46,630 - hybrid_pipeline - INFO - Tile tile_x6912_y3840: 核心遮罩全空 → 空白 placeholder
2026-07-26 13:58:46,639 - hybrid_pipeline - INFO - [132/576] 處理 tile: tile_x8448_y3840
2026-07-26 13:58:46,664 - hybrid_pipeline - INFO - Tile tile_x7680_y3840: 核心遮罩全空 → 空白 placeholder
2026-07-26 13:58:46,672 - hybrid_pipeline - INFO - [133/576] 處理 tile: tile_x9216_y3840
2026-07-26 13:58:46,695 - hybrid_pipeline - INFO - Tile tile_x8448_y3840: 核心遮罩全空 → 空白 placeholder
2026-07-26 13:58:46,704 - hybrid_pipeline - INFO - [134/576] 處理 tile: tile_x9984_y3840
2026-07-26 13:58:46,727 - hybrid_pipeline - INFO - Tile tile_x9216_y3840: 核心遮罩全空 → 空白 placeholder
2026-07-26 13:58:46,736 - hybrid_pipeline - INFO - [135/576] 處理 tile: tile_x10752_y3840
2026-07-26 13:58:46,760 - hybrid_pipeline - INFO - Tile tile_x9984_y3840: 核心遮罩全空 → 空白 placeholder
2026-07-26 13:58:46,770 - hybrid_pipeline - INFO - [136/576] 處理 tile: tile_x11520_y3840
2026-07-26 13:58:46,793 - hybrid_pipeline - INFO - Tile tile_x10752_y3840: 核心遮罩全空 → 空白 placeholder
2026-07-26 13:58:46,802 - hybrid_pipeline - INFO - [137/576] 處理 tile: tile_x13056_y3840
2026-07-26 13:58:46,827 - hybrid_pipeline - INFO - Tile tile_x11520_y3840: 核心遮罩全空 → 空白 placeholder
2026-07-26 13:58:46,836 - hybrid_pipeline - INFO - [138/576] 處理 tile: tile_x12288_y3840
2026-07-26 13:58:46,860 - hybrid_pipeline - INFO - Tile tile_x13056_y3840: 核心遮罩全空 → 空白 placeholder
2026-07-26 13:58:46,868 - hybrid_pipeline - INFO - [139/576] 處理 tile: tile_x14592_y3840
2026-07-26 13:58:46,893 - hybrid_pipeline - INFO - Tile tile_x12288_y3840: 核心遮罩全空 → 空白 placeholder
2026-07-26 13:58:46,901 - hybrid_pipeline - INFO - [140/576] 處理 tile: tile_x13824_y3840
2026-07-26 13:58:46,924 - hybrid_pipeline - INFO - Tile tile_x14592_y3840: 核心遮罩全空 → 空白 placeholder
2026-07-26 13:58:46,934 - hybrid_pipeline - INFO - [141/576] 處理 tile: tile_x15360_y3840
2026-07-26 13:58:46,957 - hybrid_pipeline - INFO - Tile tile_x13824_y3840: 核心遮罩全空 → 空白 placeholder
2026-07-26 13:58:46,968 - hybrid_pipeline - INFO - [142/576] 處理 tile: tile_x16128_y3840
2026-07-26 13:58:46,992 - hybrid_pipeline - INFO - Tile tile_x15360_y3840: 核心遮罩全空 → 空白 placeholder
2026-07-26 13:58:47,001 - hybrid_pipeline - INFO - [143/576] 處理 tile: tile_x16896_y3840
2026-07-26 13:58:47,026 - hybrid_pipeline - INFO - Tile tile_x16128_y3840: 核心遮罩全空 → 空白 placeholder
2026-07-26 13:58:47,034 - hybrid_pipeline - INFO - [144/576] 處理 tile: tile_x17664_y3840
2026-07-26 13:58:47,059 - hybrid_pipeline - INFO - Tile tile_x16896_y3840: 核心遮罩全空 → 空白 placeholder
2026-07-26 13:58:47,068 - hybrid_pipeline - INFO - [145/576] 處理 tile: tile_x0_y4608
2026-07-26 13:58:47,092 - hybrid_pipeline - INFO - Tile tile_x17664_y3840: 核心遮罩全空 → 空白 placeholder
2026-07-26 13:58:47,104 - hybrid_pipeline - INFO - [146/576] 處理 tile: tile_x768_y4608
2026-07-26 13:58:47,127 - hybrid_pipeline - INFO - Tile tile_x0_y4608: 核心遮罩全空 → 空白 placeholder
2026-07-26 13:58:47,136 - hybrid_pipeline - INFO - [147/576] 處理 tile: tile_x1536_y4608
2026-07-26 13:58:47,159 - hybrid_pipeline - INFO - Tile tile_x768_y4608: 核心遮罩全空 → 空白 placeholder
2026-07-26 13:58:47,168 - hybrid_pipeline - INFO - [148/576] 處理 tile: tile_x3072_y4608
2026-07-26 13:58:47,193 - hybrid_pipeline - INFO - Tile tile_x1536_y4608: 核心遮罩全空 → 空白 placeholder
2026-07-26 13:58:47,200 - hybrid_pipeline - INFO - [149/576] 處理 tile: tile_x2304_y4608
2026-07-26 13:58:47,223 - hybrid_pipeline - INFO - Tile tile_x3072_y4608: 核心遮罩全空 → 空白 placeholder
2026-07-26 13:58:47,233 - hybrid_pipeline - INFO - [150/576] 處理 tile: tile_x3840_y4608
2026-07-26 13:58:47,258 - hybrid_pipeline - INFO - Tile tile_x2304_y4608: 核心遮罩全空 → 空白 placeholder
2026-07-26 13:58:47,265 - hybrid_pipeline - INFO - [151/576] 處理 tile: tile_x4608_y4608
2026-07-26 13:58:47,290 - hybrid_pipeline - INFO - Tile tile_x3840_y4608: 核心遮罩全空 → 空白 placeholder
2026-07-26 13:58:47,298 - hybrid_pipeline - INFO - [152/576] 處理 tile: tile_x5376_y4608
2026-07-26 13:58:47,322 - hybrid_pipeline - INFO - Tile tile_x4608_y4608: 核心遮罩全空 → 空白 placeholder
2026-07-26 13:58:47,330 - hybrid_pipeline - INFO - [153/576] 處理 tile: tile_x6144_y4608
2026-07-26 13:58:47,353 - hybrid_pipeline - INFO - Tile tile_x5376_y4608: 核心遮罩全空 → 空白 placeholder
2026-07-26 13:58:47,362 - hybrid_pipeline - INFO - [154/576] 處理 tile: tile_x6912_y4608
2026-07-26 13:58:47,386 - hybrid_pipeline - INFO - Tile tile_x6144_y4608: 核心遮罩全空 → 空白 placeholder
2026-07-26 13:58:47,395 - hybrid_pipeline - INFO - [155/576] 處理 tile: tile_x7680_y4608
2026-07-26 13:58:47,422 - hybrid_pipeline - INFO - Tile tile_x6912_y4608: 核心遮罩全空 → 空白 placeholder
2026-07-26 13:58:47,428 - hybrid_pipeline - INFO - [156/576] 處理 tile: tile_x8448_y4608
2026-07-26 13:58:47,451 - hybrid_pipeline - INFO - Tile tile_x7680_y4608: 核心遮罩全空 → 空白 placeholder
2026-07-26 13:58:47,460 - hybrid_pipeline - INFO - [157/576] 處理 tile: tile_x9984_y4608
2026-07-26 13:58:47,483 - hybrid_pipeline - INFO - Tile tile_x8448_y4608: 核心遮罩全空 → 空白 placeholder
2026-07-26 13:58:47,493 - hybrid_pipeline - INFO - [158/576] 處理 tile: tile_x9216_y4608
2026-07-26 13:58:47,517 - hybrid_pipeline - INFO - Tile tile_x9984_y4608: 核心遮罩全空 → 空白 placeholder
2026-07-26 13:58:47,526 - hybrid_pipeline - INFO - [159/576] 處理 tile: tile_x10752_y4608
2026-07-26 13:58:47,549 - hybrid_pipeline - INFO - Tile tile_x9216_y4608: 核心遮罩全空 → 空白 placeholder
2026-07-26 13:58:47,559 - hybrid_pipeline - INFO - [160/576] 處理 tile: tile_x11520_y4608
2026-07-26 13:58:47,583 - hybrid_pipeline - INFO - Tile tile_x10752_y4608: 核心遮罩全空 → 空白 placeholder
2026-07-26 13:58:47,591 - hybrid_pipeline - INFO - [161/576] 處理 tile: tile_x12288_y4608
2026-07-26 13:58:47,614 - hybrid_pipeline - INFO - Tile tile_x11520_y4608: 核心遮罩全空 → 空白 placeholder
2026-07-26 13:58:47,623 - hybrid_pipeline - INFO - [162/576] 處理 tile: tile_x13056_y4608
2026-07-26 13:58:47,647 - hybrid_pipeline - INFO - Tile tile_x12288_y4608: 核心遮罩全空 → 空白 placeholder
2026-07-26 13:58:47,655 - hybrid_pipeline - INFO - [163/576] 處理 tile: tile_x14592_y4608
2026-07-26 13:58:47,678 - hybrid_pipeline - INFO - Tile tile_x13056_y4608: 核心遮罩全空 → 空白 placeholder
2026-07-26 13:58:47,688 - hybrid_pipeline - INFO - [164/576] 處理 tile: tile_x13824_y4608
2026-07-26 13:58:47,711 - hybrid_pipeline - INFO - Tile tile_x14592_y4608: 核心遮罩全空 → 空白 placeholder
2026-07-26 13:58:47,720 - hybrid_pipeline - INFO - [165/576] 處理 tile: tile_x15360_y4608
2026-07-26 13:58:47,744 - hybrid_pipeline - INFO - Tile tile_x13824_y4608: 核心遮罩全空 → 空白 placeholder
2026-07-26 13:58:47,753 - hybrid_pipeline - INFO - [166/576] 處理 tile: tile_x16896_y4608
2026-07-26 13:58:47,777 - hybrid_pipeline - INFO - Tile tile_x15360_y4608: 核心遮罩全空 → 空白 placeholder
2026-07-26 13:58:47,785 - hybrid_pipeline - INFO - [167/576] 處理 tile: tile_x16128_y4608
2026-07-26 13:58:47,808 - hybrid_pipeline - INFO - Tile tile_x16896_y4608: 核心遮罩全空 → 空白 placeholder
2026-07-26 13:58:47,817 - hybrid_pipeline - INFO - [168/576] 處理 tile: tile_x17664_y4608
2026-07-26 13:58:47,840 - hybrid_pipeline - INFO - Tile tile_x16128_y4608: 核心遮罩全空 → 空白 placeholder
2026-07-26 13:58:47,850 - hybrid_pipeline - INFO - [169/576] 處理 tile: tile_x768_y5376
2026-07-26 13:58:47,873 - hybrid_pipeline - INFO - Tile tile_x17664_y4608: 核心遮罩全空 → 空白 placeholder
2026-07-26 13:58:47,882 - hybrid_pipeline - INFO - [170/576] 處理 tile: tile_x0_y5376
2026-07-26 13:58:47,907 - hybrid_pipeline - INFO - Tile tile_x768_y5376: 核心遮罩全空 → 空白 placeholder
2026-07-26 13:58:47,917 - hybrid_pipeline - INFO - [171/576] 處理 tile: tile_x2304_y5376
2026-07-26 13:58:47,940 - hybrid_pipeline - INFO - Tile tile_x0_y5376: 核心遮罩全空 → 空白 placeholder
2026-07-26 13:58:47,950 - hybrid_pipeline - INFO - [172/576] 處理 tile: tile_x1536_y5376
2026-07-26 13:58:47,974 - hybrid_pipeline - INFO - Tile tile_x2304_y5376: 核心遮罩全空 → 空白 placeholder
2026-07-26 13:58:47,983 - hybrid_pipeline - INFO - [173/576] 處理 tile: tile_x3072_y5376
2026-07-26 13:58:48,006 - hybrid_pipeline - INFO - Tile tile_x1536_y5376: 核心遮罩全空 → 空白 placeholder
2026-07-26 13:58:48,014 - hybrid_pipeline - INFO - [174/576] 處理 tile: tile_x3840_y5376
2026-07-26 13:58:48,038 - hybrid_pipeline - INFO - Tile tile_x3072_y5376: 核心遮罩全空 → 空白 placeholder
2026-07-26 13:58:48,047 - hybrid_pipeline - INFO - [175/576] 處理 tile: tile_x5376_y5376
2026-07-26 13:58:48,070 - hybrid_pipeline - INFO - Tile tile_x3840_y5376: 核心遮罩全空 → 空白 placeholder
2026-07-26 13:58:48,078 - hybrid_pipeline - INFO - [176/576] 處理 tile: tile_x6144_y5376
2026-07-26 13:58:48,102 - hybrid_pipeline - INFO - Tile tile_x5376_y5376: 核心遮罩全空 → 空白 placeholder
2026-07-26 13:58:48,110 - hybrid_pipeline - INFO - [177/576] 處理 tile: tile_x4608_y5376
2026-07-26 13:58:48,134 - hybrid_pipeline - INFO - Tile tile_x6144_y5376: 核心遮罩全空 → 空白 placeholder
2026-07-26 13:58:48,142 - hybrid_pipeline - INFO - [178/576] 處理 tile: tile_x6912_y5376
2026-07-26 13:58:48,165 - hybrid_pipeline - INFO - Tile tile_x4608_y5376: 核心遮罩全空 → 空白 placeholder
2026-07-26 13:58:48,176 - hybrid_pipeline - INFO - [179/576] 處理 tile: tile_x7680_y5376
2026-07-26 13:58:48,200 - hybrid_pipeline - INFO - Tile tile_x6912_y5376: 核心遮罩全空 → 空白 placeholder
2026-07-26 13:58:48,211 - hybrid_pipeline - INFO - [180/576] 處理 tile: tile_x8448_y5376
2026-07-26 13:58:48,234 - hybrid_pipeline - INFO - Tile tile_x7680_y5376: 核心遮罩全空 → 空白 placeholder
2026-07-26 13:58:48,244 - hybrid_pipeline - INFO - [181/576] 處理 tile: tile_x10752_y5376
2026-07-26 13:58:48,267 - hybrid_pipeline - INFO - Tile tile_x8448_y5376: 核心遮罩全空 → 空白 placeholder
2026-07-26 13:58:48,276 - hybrid_pipeline - INFO - [182/576] 處理 tile: tile_x9984_y5376
2026-07-26 13:58:48,301 - hybrid_pipeline - INFO - Tile tile_x10752_y5376: 核心遮罩全空 → 空白 placeholder
2026-07-26 13:58:48,310 - hybrid_pipeline - INFO - [183/576] 處理 tile: tile_x9216_y5376
2026-07-26 13:58:48,334 - hybrid_pipeline - INFO - Tile tile_x9984_y5376: 核心遮罩全空 → 空白 placeholder
2026-07-26 13:58:48,770 - cellpose.dynamics - INFO - No cell pixels found.
2026-07-26 13:58:49,241 - hybrid_pipeline - INFO - [184/576] 處理 tile: tile_x11520_y5376
2026-07-26 13:58:49,247 - m3_module.m3_cells_generator - INFO - All-positive 標註完成: 0 個細胞
2026-07-26 13:58:49,386 - m3_module.m3_dot_detection - INFO - detect_all_dots: 紅點=0, 黑點=0, 涉及細胞=0
2026-07-26 13:58:49,425 - m4_module.cell_crops - INFO - 匯出 0 張 per-cell 影像至 /data/taro_Projects/tsgh/output/r7_run/cell_crops/tile_x9216_y5376/cells
2026-07-26 13:58:49,425 - hybrid_pipeline - INFO - Tile tile_x9216_y5376 完成: 核心擁有 0 細胞 (0 陽性), 1.12 秒
2026-07-26 13:58:49,425 - hybrid_pipeline - INFO - [185/576] 處理 tile: tile_x13056_y5376
2026-07-26 13:58:49,449 - hybrid_pipeline - INFO - Tile tile_x11520_y5376: 核心遮罩全空 → 空白 placeholder
2026-07-26 13:58:49,462 - hybrid_pipeline - INFO - [186/576] 處理 tile: tile_x12288_y5376
2026-07-26 13:58:49,486 - hybrid_pipeline - INFO - Tile tile_x13056_y5376: 核心遮罩全空 → 空白 placeholder
2026-07-26 13:58:49,496 - hybrid_pipeline - INFO - [187/576] 處理 tile: tile_x13824_y5376
2026-07-26 13:58:49,519 - hybrid_pipeline - INFO - Tile tile_x12288_y5376: 核心遮罩全空 → 空白 placeholder
2026-07-26 13:58:49,532 - hybrid_pipeline - INFO - [188/576] 處理 tile: tile_x14592_y5376
2026-07-26 13:58:49,556 - hybrid_pipeline - INFO - Tile tile_x13824_y5376: 核心遮罩全空 → 空白 placeholder
2026-07-26 13:58:49,564 - hybrid_pipeline - INFO - [189/576] 處理 tile: tile_x15360_y5376
2026-07-26 13:58:49,588 - hybrid_pipeline - INFO - Tile tile_x14592_y5376: 核心遮罩全空 → 空白 placeholder
2026-07-26 13:58:49,599 - hybrid_pipeline - INFO - [190/576] 處理 tile: tile_x16128_y5376
2026-07-26 13:58:49,622 - hybrid_pipeline - INFO - Tile tile_x15360_y5376: 核心遮罩全空 → 空白 placeholder
2026-07-26 13:58:49,632 - hybrid_pipeline - INFO - [191/576] 處理 tile: tile_x16896_y5376
2026-07-26 13:58:49,656 - hybrid_pipeline - INFO - Tile tile_x16128_y5376: 核心遮罩全空 → 空白 placeholder
2026-07-26 13:58:49,667 - hybrid_pipeline - INFO - [192/576] 處理 tile: tile_x768_y6144
2026-07-26 13:58:49,690 - hybrid_pipeline - INFO - Tile tile_x16896_y5376: 核心遮罩全空 → 空白 placeholder
2026-07-26 13:58:49,699 - hybrid_pipeline - INFO - [193/576] 處理 tile: tile_x0_y6144
2026-07-26 13:58:49,721 - hybrid_pipeline - INFO - Tile tile_x768_y6144: 核心遮罩全空 → 空白 placeholder
2026-07-26 13:58:49,730 - hybrid_pipeline - INFO - [194/576] 處理 tile: tile_x1536_y6144
2026-07-26 13:58:49,755 - hybrid_pipeline - INFO - Tile tile_x0_y6144: 核心遮罩全空 → 空白 placeholder
2026-07-26 13:58:49,764 - hybrid_pipeline - INFO - [195/576] 處理 tile: tile_x17664_y5376
2026-07-26 13:58:49,787 - hybrid_pipeline - INFO - Tile tile_x1536_y6144: 核心遮罩全空 → 空白 placeholder
2026-07-26 13:58:49,796 - hybrid_pipeline - INFO - [196/576] 處理 tile: tile_x2304_y6144
2026-07-26 13:58:49,819 - hybrid_pipeline - INFO - Tile tile_x17664_y5376: 核心遮罩全空 → 空白 placeholder
2026-07-26 13:58:49,828 - hybrid_pipeline - INFO - [197/576] 處理 tile: tile_x3072_y6144
2026-07-26 13:58:49,851 - hybrid_pipeline - INFO - Tile tile_x2304_y6144: 核心遮罩全空 → 空白 placeholder
2026-07-26 13:58:49,861 - hybrid_pipeline - INFO - [198/576] 處理 tile: tile_x3840_y6144
2026-07-26 13:58:49,884 - hybrid_pipeline - INFO - Tile tile_x3072_y6144: 核心遮罩全空 → 空白 placeholder
2026-07-26 13:58:49,893 - hybrid_pipeline - INFO - [199/576] 處理 tile: tile_x4608_y6144
2026-07-26 13:58:49,917 - hybrid_pipeline - INFO - Tile tile_x3840_y6144: 核心遮罩全空 → 空白 placeholder
2026-07-26 13:58:49,926 - hybrid_pipeline - INFO - [200/576] 處理 tile: tile_x5376_y6144
2026-07-26 13:58:49,949 - hybrid_pipeline - INFO - Tile tile_x4608_y6144: 核心遮罩全空 → 空白 placeholder
2026-07-26 13:58:49,959 - hybrid_pipeline - INFO - [201/576] 處理 tile: tile_x6144_y6144
2026-07-26 13:58:49,982 - hybrid_pipeline - INFO - Tile tile_x5376_y6144: 核心遮罩全空 → 空白 placeholder
2026-07-26 13:58:49,991 - hybrid_pipeline - INFO - [202/576] 處理 tile: tile_x7680_y6144
2026-07-26 13:58:50,016 - hybrid_pipeline - INFO - Tile tile_x6144_y6144: 核心遮罩全空 → 空白 placeholder
2026-07-26 13:58:50,024 - hybrid_pipeline - INFO - [203/576] 處理 tile: tile_x6912_y6144
2026-07-26 13:58:50,047 - hybrid_pipeline - INFO - Tile tile_x7680_y6144: 核心遮罩全空 → 空白 placeholder
2026-07-26 13:58:50,058 - hybrid_pipeline - INFO - [204/576] 處理 tile: tile_x8448_y6144
2026-07-26 13:58:50,082 - hybrid_pipeline - INFO - Tile tile_x6912_y6144: 核心遮罩全空 → 空白 placeholder
2026-07-26 13:58:50,091 - hybrid_pipeline - INFO - [205/576] 處理 tile: tile_x9216_y6144
2026-07-26 13:58:50,114 - hybrid_pipeline - INFO - Tile tile_x8448_y6144: 核心遮罩全空 → 空白 placeholder
2026-07-26 13:58:50,124 - hybrid_pipeline - INFO - [206/576] 處理 tile: tile_x9984_y6144
2026-07-26 13:58:50,148 - hybrid_pipeline - INFO - Tile tile_x9216_y6144: 核心遮罩全空 → 空白 placeholder
2026-07-26 13:58:50,158 - hybrid_pipeline - INFO - [207/576] 處理 tile: tile_x10752_y6144
2026-07-26 13:58:50,182 - hybrid_pipeline - INFO - Tile tile_x9984_y6144: 核心遮罩全空 → 空白 placeholder
2026-07-26 13:58:50,192 - hybrid_pipeline - INFO - [208/576] 處理 tile: tile_x11520_y6144
2026-07-26 13:58:50,216 - hybrid_pipeline - INFO - Tile tile_x10752_y6144: 核心遮罩全空 → 空白 placeholder
2026-07-26 13:58:50,225 - hybrid_pipeline - INFO - [209/576] 處理 tile: tile_x12288_y6144
2026-07-26 13:58:50,248 - hybrid_pipeline - INFO - Tile tile_x11520_y6144: 核心遮罩全空 → 空白 placeholder
2026-07-26 13:58:50,258 - hybrid_pipeline - INFO - [210/576] 處理 tile: tile_x13824_y6144
2026-07-26 13:58:50,281 - hybrid_pipeline - INFO - Tile tile_x12288_y6144: 核心遮罩全空 → 空白 placeholder
2026-07-26 13:58:50,290 - hybrid_pipeline - INFO - [211/576] 處理 tile: tile_x14592_y6144
2026-07-26 13:58:50,314 - hybrid_pipeline - INFO - Tile tile_x13824_y6144: 核心遮罩全空 → 空白 placeholder
2026-07-26 13:58:50,322 - hybrid_pipeline - INFO - [212/576] 處理 tile: tile_x13056_y6144
2026-07-26 13:58:50,345 - hybrid_pipeline - INFO - Tile tile_x14592_y6144: 核心遮罩全空 → 空白 placeholder
2026-07-26 13:58:50,354 - hybrid_pipeline - INFO - [213/576] 處理 tile: tile_x15360_y6144
2026-07-26 13:58:50,378 - hybrid_pipeline - INFO - Tile tile_x13056_y6144: 核心遮罩全空 → 空白 placeholder
2026-07-26 13:58:50,581 - cellpose.dynamics - INFO - No cell pixels found.
2026-07-26 13:58:50,891 - hybrid_pipeline - INFO - [214/576] 處理 tile: tile_x16896_y6144
2026-07-26 13:58:50,896 - m3_module.m3_cells_generator - INFO - All-positive 標註完成: 0 個細胞
2026-07-26 13:58:51,033 - m3_module.m3_dot_detection - INFO - detect_all_dots: 紅點=0, 黑點=0, 涉及細胞=0
2026-07-26 13:58:51,067 - m4_module.cell_crops - INFO - 匯出 0 張 per-cell 影像至 /data/taro_Projects/tsgh/output/r7_run/cell_crops/tile_x15360_y6144/cells
2026-07-26 13:58:51,067 - hybrid_pipeline - INFO - Tile tile_x15360_y6144 完成: 核心擁有 0 細胞 (0 陽性), 0.71 秒
2026-07-26 13:58:51,138 - cellpose.dynamics - INFO - No cell pixels found.
2026-07-26 13:58:51,450 - hybrid_pipeline - INFO - [215/576] 處理 tile: tile_x16128_y6144
2026-07-26 13:58:51,455 - m3_module.m3_cells_generator - INFO - All-positive 標註完成: 0 個細胞
2026-07-26 13:58:51,593 - m3_module.m3_dot_detection - INFO - detect_all_dots: 紅點=0, 黑點=0, 涉及細胞=0
2026-07-26 13:58:51,627 - m4_module.cell_crops - INFO - 匯出 0 張 per-cell 影像至 /data/taro_Projects/tsgh/output/r7_run/cell_crops/tile_x16896_y6144/cells
2026-07-26 13:58:51,627 - hybrid_pipeline - INFO - Tile tile_x16896_y6144 完成: 核心擁有 0 細胞 (0 陽性), 0.74 秒
2026-07-26 13:58:51,694 - cellpose.dynamics - INFO - No cell pixels found.
2026-07-26 13:58:52,001 - hybrid_pipeline - INFO - [216/576] 處理 tile: tile_x0_y6912
2026-07-26 13:58:52,012 - m3_module.m3_cells_generator - INFO - All-positive 標註完成: 0 個細胞
2026-07-26 13:58:52,147 - m3_module.m3_dot_detection - INFO - detect_all_dots: 紅點=0, 黑點=0, 涉及細胞=0
2026-07-26 13:58:52,182 - m4_module.cell_crops - INFO - 匯出 0 張 per-cell 影像至 /data/taro_Projects/tsgh/output/r7_run/cell_crops/tile_x16128_y6144/cells
2026-07-26 13:58:52,182 - hybrid_pipeline - INFO - Tile tile_x16128_y6144 完成: 核心擁有 0 細胞 (0 陽性), 0.73 秒
2026-07-26 13:58:52,182 - hybrid_pipeline - INFO - [217/576] 處理 tile: tile_x17664_y6144
2026-07-26 13:58:52,205 - hybrid_pipeline - INFO - Tile tile_x0_y6912: 核心遮罩全空 → 空白 placeholder
2026-07-26 13:58:52,780 - hybrid_pipeline - INFO - [218/576] 處理 tile: tile_x1536_y6912
2026-07-26 13:58:52,804 - m3_module.m3_cells_generator - INFO - All-positive 標註完成: 23 個細胞
2026-07-26 13:58:52,847 - m3_module.m3_cells_generator - INFO - enlarge_cell_instances: 23 顆細胞, factor=1.50(面積), 中位半徑=18.2px, 外擴=4.1px
2026-07-26 13:58:52,871 - m3_module.m3_elastic_matching - INFO - elastic_dish_nucleus_matching(overlap-first): IHC=23, DISH=3, matched(1核)=0 (其中重疊=0), drop-out(競爭落敗)=0, 無候選(計入)=23, factor=1.50, min_reach=20.0
2026-07-26 13:58:52,982 - m3_module.m3_dot_detection - INFO - detect_all_dots: 紅點=0, 黑點=0, 涉及細胞=23
2026-07-26 13:58:53,067 - m4_module.cell_crops - INFO - 匯出 9 張 per-cell 影像至 /data/taro_Projects/tsgh/output/r7_run/cell_crops/tile_x17664_y6144/cells
2026-07-26 13:58:53,067 - hybrid_pipeline - INFO - Tile tile_x17664_y6144 完成: 核心擁有 9 細胞 (9 陽性), 0.89 秒
2026-07-26 13:58:53,067 - hybrid_pipeline - INFO - [219/576] 處理 tile: tile_x768_y6912
2026-07-26 13:58:53,091 - hybrid_pipeline - INFO - Tile tile_x1536_y6912: 核心遮罩全空 → 空白 placeholder
2026-07-26 13:58:53,100 - hybrid_pipeline - INFO - [220/576] 處理 tile: tile_x2304_y6912
2026-07-26 13:58:53,123 - hybrid_pipeline - INFO - Tile tile_x768_y6912: 核心遮罩全空 → 空白 placeholder
2026-07-26 13:58:53,134 - hybrid_pipeline - INFO - [221/576] 處理 tile: tile_x3072_y6912
2026-07-26 13:58:53,157 - hybrid_pipeline - INFO - Tile tile_x2304_y6912: 核心遮罩全空 → 空白 placeholder
2026-07-26 13:58:53,168 - hybrid_pipeline - INFO - [222/576] 處理 tile: tile_x3840_y6912
2026-07-26 13:58:53,191 - hybrid_pipeline - INFO - Tile tile_x3072_y6912: 核心遮罩全空 → 空白 placeholder
2026-07-26 13:58:53,200 - hybrid_pipeline - INFO - [223/576] 處理 tile: tile_x4608_y6912
2026-07-26 13:58:53,223 - hybrid_pipeline - INFO - Tile tile_x3840_y6912: 核心遮罩全空 → 空白 placeholder
2026-07-26 13:58:53,231 - hybrid_pipeline - INFO - [224/576] 處理 tile: tile_x5376_y6912
2026-07-26 13:58:53,254 - hybrid_pipeline - INFO - Tile tile_x4608_y6912: 核心遮罩全空 → 空白 placeholder
2026-07-26 13:58:53,264 - hybrid_pipeline - INFO - [225/576] 處理 tile: tile_x6144_y6912
2026-07-26 13:58:53,288 - hybrid_pipeline - INFO - Tile tile_x5376_y6912: 核心遮罩全空 → 空白 placeholder
2026-07-26 13:58:53,296 - hybrid_pipeline - INFO - [226/576] 處理 tile: tile_x7680_y6912
2026-07-26 13:58:53,319 - hybrid_pipeline - INFO - Tile tile_x6144_y6912: 核心遮罩全空 → 空白 placeholder
2026-07-26 13:58:53,880 - hybrid_pipeline - INFO - [227/576] 處理 tile: tile_x6912_y6912
2026-07-26 13:58:53,904 - m3_module.m3_cells_generator - INFO - All-positive 標註完成: 3 個細胞
2026-07-26 13:58:53,932 - m3_module.m3_cells_generator - INFO - enlarge_cell_instances: 3 顆細胞, factor=1.50(面積), 中位半徑=17.1px, 外擴=3.8px
2026-07-26 13:58:54,048 - m3_module.m3_dot_detection - INFO - detect_all_dots: 紅點=0, 黑點=0, 涉及細胞=3
2026-07-26 13:58:54,091 - m4_module.cell_crops - INFO - 匯出 0 張 per-cell 影像至 /data/taro_Projects/tsgh/output/r7_run/cell_crops/tile_x7680_y6912/cells
2026-07-26 13:58:54,091 - hybrid_pipeline - INFO - Tile tile_x7680_y6912 完成: 核心擁有 0 細胞 (0 陽性), 0.79 秒
2026-07-26 13:58:54,495 - hybrid_pipeline - INFO - [228/576] 處理 tile: tile_x8448_y6912
2026-07-26 13:58:54,523 - m3_module.m3_cells_generator - INFO - All-positive 標註完成: 15 個細胞
2026-07-26 13:58:54,564 - m3_module.m3_cells_generator - INFO - enlarge_cell_instances: 15 顆細胞, factor=1.50(面積), 中位半徑=20.3px, 外擴=4.6px
2026-07-26 13:58:54,693 - m3_module.m3_dot_detection - INFO - detect_all_dots: 紅點=0, 黑點=0, 涉及細胞=15
2026-07-26 13:58:54,758 - m4_module.cell_crops - INFO - 匯出 7 張 per-cell 影像至 /data/taro_Projects/tsgh/output/r7_run/cell_crops/tile_x6912_y6912/cells
2026-07-26 13:58:54,758 - hybrid_pipeline - INFO - Tile tile_x6912_y6912 完成: 核心擁有 7 細胞 (7 陽性), 0.88 秒
2026-07-26 13:58:54,759 - hybrid_pipeline - INFO - [229/576] 處理 tile: tile_x9216_y6912
2026-07-26 13:58:54,782 - hybrid_pipeline - INFO - Tile tile_x8448_y6912: 核心遮罩全空 → 空白 placeholder
2026-07-26 13:58:54,793 - hybrid_pipeline - INFO - [230/576] 處理 tile: tile_x9984_y6912
2026-07-26 13:58:54,820 - hybrid_pipeline - INFO - Tile tile_x9216_y6912: 核心遮罩全空 → 空白 placeholder
2026-07-26 13:58:54,831 - hybrid_pipeline - INFO - [231/576] 處理 tile: tile_x11520_y6912
2026-07-26 13:58:54,855 - hybrid_pipeline - INFO - Tile tile_x9984_y6912: 核心遮罩全空 → 空白 placeholder
2026-07-26 13:58:54,864 - hybrid_pipeline - INFO - [232/576] 處理 tile: tile_x10752_y6912
2026-07-26 13:58:54,888 - hybrid_pipeline - INFO - Tile tile_x11520_y6912: 核心遮罩全空 → 空白 placeholder
2026-07-26 13:58:54,898 - hybrid_pipeline - INFO - [233/576] 處理 tile: tile_x12288_y6912
2026-07-26 13:58:54,923 - hybrid_pipeline - INFO - Tile tile_x10752_y6912: 核心遮罩全空 → 空白 placeholder
2026-07-26 13:58:54,931 - hybrid_pipeline - INFO - [234/576] 處理 tile: tile_x13824_y6912
2026-07-26 13:58:54,955 - hybrid_pipeline - INFO - Tile tile_x12288_y6912: 核心遮罩全空 → 空白 placeholder
2026-07-26 13:58:54,964 - hybrid_pipeline - INFO - [235/576] 處理 tile: tile_x14592_y6912
2026-07-26 13:58:54,988 - hybrid_pipeline - INFO - Tile tile_x13824_y6912: 核心遮罩全空 → 空白 placeholder
2026-07-26 13:58:54,997 - hybrid_pipeline - INFO - [236/576] 處理 tile: tile_x13056_y6912
2026-07-26 13:58:55,022 - hybrid_pipeline - INFO - Tile tile_x14592_y6912: 核心遮罩全空 → 空白 placeholder
2026-07-26 13:58:55,029 - hybrid_pipeline - INFO - [237/576] 處理 tile: tile_x15360_y6912
2026-07-26 13:58:55,053 - hybrid_pipeline - INFO - Tile tile_x13056_y6912: 核心遮罩全空 → 空白 placeholder
2026-07-26 13:58:55,264 - cellpose.dynamics - INFO - No cell pixels found.
2026-07-26 13:58:55,581 - hybrid_pipeline - INFO - [238/576] 處理 tile: tile_x16896_y6912
2026-07-26 13:58:55,585 - m3_module.m3_cells_generator - INFO - All-positive 標註完成: 0 個細胞
2026-07-26 13:58:55,717 - m3_module.m3_dot_detection - INFO - detect_all_dots: 紅點=0, 黑點=0, 涉及細胞=0
2026-07-26 13:58:55,751 - m4_module.cell_crops - INFO - 匯出 0 張 per-cell 影像至 /data/taro_Projects/tsgh/output/r7_run/cell_crops/tile_x15360_y6912/cells
2026-07-26 13:58:55,751 - hybrid_pipeline - INFO - Tile tile_x15360_y6912 完成: 核心擁有 0 細胞 (0 陽性), 0.72 秒
2026-07-26 13:58:56,181 - hybrid_pipeline - INFO - [239/576] 處理 tile: tile_x17664_y6912
2026-07-26 13:58:56,208 - m3_module.m3_cells_generator - INFO - All-positive 標註完成: 18 個細胞
2026-07-26 13:58:56,244 - m3_module.m3_cells_generator - INFO - enlarge_cell_instances: 18 顆細胞, factor=1.50(面積), 中位半徑=20.1px, 外擴=4.5px
2026-07-26 13:58:56,269 - m3_module.m3_elastic_matching - INFO - elastic_dish_nucleus_matching(overlap-first): IHC=18, DISH=1, matched(1核)=1 (其中重疊=1), drop-out(競爭落敗)=1, 無候選(計入)=16, factor=1.50, min_reach=20.0
2026-07-26 13:58:56,382 - m3_module.m3_dot_detection - INFO - detect_all_dots: 紅點=0, 黑點=0, 涉及細胞=18
2026-07-26 13:58:56,480 - m4_module.cell_crops - INFO - 匯出 4 張 per-cell 影像至 /data/taro_Projects/tsgh/output/r7_run/cell_crops/tile_x16896_y6912/cells
2026-07-26 13:58:56,480 - hybrid_pipeline - INFO - Tile tile_x16896_y6912 完成: 核心擁有 4 細胞 (4 陽性), 0.90 秒
2026-07-26 13:58:56,837 - hybrid_pipeline - INFO - [240/576] 處理 tile: tile_x16128_y6912
2026-07-26 13:58:56,866 - m3_module.m3_cells_generator - INFO - All-positive 標註完成: 107 個細胞
2026-07-26 13:58:56,916 - m3_module.m3_cells_generator - INFO - enlarge_cell_instances: 107 顆細胞, factor=1.50(面積), 中位半徑=22.7px, 外擴=5.1px
2026-07-26 13:58:56,943 - m3_module.m3_elastic_matching - INFO - elastic_dish_nucleus_matching(overlap-first): IHC=107, DISH=8, matched(1核)=5 (其中重疊=5), drop-out(競爭落敗)=8, 無候選(計入)=94, factor=1.50, min_reach=20.0
2026-07-26 13:58:57,070 - m3_module.m3_dot_detection - INFO - detect_all_dots: 紅點=2, 黑點=4, 涉及細胞=107
2026-07-26 13:58:57,397 - m4_module.cell_crops - INFO - 匯出 82 張 per-cell 影像至 /data/taro_Projects/tsgh/output/r7_run/cell_crops/tile_x17664_y6912/cells
2026-07-26 13:58:57,397 - hybrid_pipeline - INFO - Tile tile_x17664_y6912 完成: 核心擁有 82 細胞 (82 陽性), 1.22 秒
2026-07-26 13:58:57,445 - hybrid_pipeline - INFO - [241/576] 處理 tile: tile_x768_y7680
2026-07-26 13:58:57,468 - m3_module.m3_cells_generator - INFO - All-positive 標註完成: 2 個細胞
2026-07-26 13:58:57,494 - m3_module.m3_cells_generator - INFO - enlarge_cell_instances: 2 顆細胞, factor=1.50(面積), 中位半徑=15.7px, 外擴=3.5px
2026-07-26 13:58:57,605 - m3_module.m3_dot_detection - INFO - detect_all_dots: 紅點=0, 黑點=0, 涉及細胞=2
2026-07-26 13:58:57,641 - m4_module.cell_crops - INFO - 匯出 0 張 per-cell 影像至 /data/taro_Projects/tsgh/output/r7_run/cell_crops/tile_x16128_y6912/cells
2026-07-26 13:58:57,641 - hybrid_pipeline - INFO - Tile tile_x16128_y6912 完成: 核心擁有 0 細胞 (0 陽性), 0.80 秒
2026-07-26 13:58:57,643 - hybrid_pipeline - INFO - [242/576] 處理 tile: tile_x0_y7680
2026-07-26 13:58:57,668 - hybrid_pipeline - INFO - Tile tile_x768_y7680: 核心遮罩全空 → 空白 placeholder
2026-07-26 13:58:57,675 - hybrid_pipeline - INFO - [243/576] 處理 tile: tile_x1536_y7680
2026-07-26 13:58:57,698 - hybrid_pipeline - INFO - Tile tile_x0_y7680: 核心遮罩全空 → 空白 placeholder
2026-07-26 13:58:57,708 - hybrid_pipeline - INFO - [244/576] 處理 tile: tile_x2304_y7680
2026-07-26 13:58:57,731 - hybrid_pipeline - INFO - Tile tile_x1536_y7680: 核心遮罩全空 → 空白 placeholder
2026-07-26 13:58:57,741 - hybrid_pipeline - INFO - [245/576] 處理 tile: tile_x3072_y7680
2026-07-26 13:58:57,764 - hybrid_pipeline - INFO - Tile tile_x2304_y7680: 核心遮罩全空 → 空白 placeholder
2026-07-26 13:58:57,773 - hybrid_pipeline - INFO - [246/576] 處理 tile: tile_x3840_y7680
2026-07-26 13:58:57,797 - hybrid_pipeline - INFO - Tile tile_x3072_y7680: 核心遮罩全空 → 空白 placeholder
2026-07-26 13:58:57,807 - hybrid_pipeline - INFO - [247/576] 處理 tile: tile_x5376_y7680
2026-07-26 13:58:57,834 - hybrid_pipeline - INFO - Tile tile_x3840_y7680: 核心遮罩全空 → 空白 placeholder
2026-07-26 13:58:57,842 - hybrid_pipeline - INFO - [248/576] 處理 tile: tile_x4608_y7680
2026-07-26 13:58:57,865 - hybrid_pipeline - INFO - Tile tile_x5376_y7680: 核心遮罩全空 → 空白 placeholder
2026-07-26 13:58:57,873 - hybrid_pipeline - INFO - [249/576] 處理 tile: tile_x7680_y7680
2026-07-26 13:58:57,896 - hybrid_pipeline - INFO - Tile tile_x4608_y7680: 核心遮罩全空 → 空白 placeholder
2026-07-26 13:58:58,462 - hybrid_pipeline - INFO - [250/576] 處理 tile: tile_x6144_y7680
2026-07-26 13:58:58,488 - m3_module.m3_cells_generator - INFO - All-positive 標註完成: 8 個細胞
2026-07-26 13:58:58,522 - m3_module.m3_cells_generator - INFO - enlarge_cell_instances: 8 顆細胞, factor=1.50(面積), 中位半徑=16.2px, 外擴=3.6px
2026-07-26 13:58:58,653 - m3_module.m3_dot_detection - INFO - detect_all_dots: 紅點=0, 黑點=0, 涉及細胞=8
2026-07-26 13:58:58,698 - m4_module.cell_crops - INFO - 匯出 0 張 per-cell 影像至 /data/taro_Projects/tsgh/output/r7_run/cell_crops/tile_x7680_y7680/cells
2026-07-26 13:58:58,698 - hybrid_pipeline - INFO - Tile tile_x7680_y7680 完成: 核心擁有 0 細胞 (0 陽性), 0.82 秒
2026-07-26 13:58:59,039 - hybrid_pipeline - INFO - [251/576] 處理 tile: tile_x6912_y7680
2026-07-26 13:58:59,068 - m3_module.m3_cells_generator - INFO - All-positive 標註完成: 7 個細胞
2026-07-26 13:58:59,096 - m3_module.m3_cells_generator - INFO - enlarge_cell_instances: 7 顆細胞, factor=1.50(面積), 中位半徑=16.5px, 外擴=3.7px
2026-07-26 13:58:59,221 - m3_module.m3_dot_detection - INFO - detect_all_dots: 紅點=0, 黑點=0, 涉及細胞=7
2026-07-26 13:58:59,255 - m4_module.cell_crops - INFO - 匯出 1 張 per-cell 影像至 /data/taro_Projects/tsgh/output/r7_run/cell_crops/tile_x6144_y7680/cells
2026-07-26 13:58:59,255 - hybrid_pipeline - INFO - Tile tile_x6144_y7680 完成: 核心擁有 1 細胞 (1 陽性), 0.79 秒
2026-07-26 13:58:59,629 - hybrid_pipeline - INFO - [252/576] 處理 tile: tile_x8448_y7680
2026-07-26 13:58:59,663 - m3_module.m3_cells_generator - INFO - All-positive 標註完成: 48 個細胞
2026-07-26 13:58:59,706 - m3_module.m3_cells_generator - INFO - enlarge_cell_instances: 48 顆細胞, factor=1.50(面積), 中位半徑=22.5px, 外擴=5.1px
2026-07-26 13:58:59,729 - m3_module.m3_elastic_matching - INFO - elastic_dish_nucleus_matching(overlap-first): IHC=48, DISH=3, matched(1核)=2 (其中重疊=2), drop-out(競爭落敗)=2, 無候選(計入)=44, factor=1.50, min_reach=20.0
2026-07-26 13:58:59,839 - m3_module.m3_dot_detection - INFO - detect_all_dots: 紅點=0, 黑點=0, 涉及細胞=48
2026-07-26 13:58:59,978 - m4_module.cell_crops - INFO - 匯出 36 張 per-cell 影像至 /data/taro_Projects/tsgh/output/r7_run/cell_crops/tile_x6912_y7680/cells
2026-07-26 13:58:59,979 - hybrid_pipeline - INFO - Tile tile_x6912_y7680 完成: 核心擁有 36 細胞 (36 陽性), 0.94 秒
2026-07-26 13:58:59,979 - hybrid_pipeline - INFO - [253/576] 處理 tile: tile_x9216_y7680
2026-07-26 13:59:00,003 - hybrid_pipeline - INFO - Tile tile_x8448_y7680: 核心遮罩全空 → 空白 placeholder
2026-07-26 13:59:00,028 - hybrid_pipeline - INFO - [254/576] 處理 tile: tile_x9984_y7680
2026-07-26 13:59:00,053 - hybrid_pipeline - INFO - Tile tile_x9216_y7680: 核心遮罩全空 → 空白 placeholder
2026-07-26 13:59:00,075 - hybrid_pipeline - INFO - [255/576] 處理 tile: tile_x10752_y7680
2026-07-26 13:59:00,098 - hybrid_pipeline - INFO - Tile tile_x9984_y7680: 核心遮罩全空 → 空白 placeholder
2026-07-26 13:59:00,113 - hybrid_pipeline - INFO - [256/576] 處理 tile: tile_x11520_y7680
2026-07-26 13:59:00,140 - hybrid_pipeline - INFO - Tile tile_x10752_y7680: 核心遮罩全空 → 空白 placeholder
2026-07-26 13:59:00,151 - hybrid_pipeline - INFO - [257/576] 處理 tile: tile_x12288_y7680
2026-07-26 13:59:00,174 - hybrid_pipeline - INFO - Tile tile_x11520_y7680: 核心遮罩全空 → 空白 placeholder
2026-07-26 13:59:00,187 - hybrid_pipeline - INFO - [258/576] 處理 tile: tile_x13056_y7680
2026-07-26 13:59:00,211 - hybrid_pipeline - INFO - Tile tile_x12288_y7680: 核心遮罩全空 → 空白 placeholder
2026-07-26 13:59:00,223 - hybrid_pipeline - INFO - [259/576] 處理 tile: tile_x14592_y7680
2026-07-26 13:59:00,246 - hybrid_pipeline - INFO - Tile tile_x13056_y7680: 核心遮罩全空 → 空白 placeholder
2026-07-26 13:59:00,258 - hybrid_pipeline - INFO - [260/576] 處理 tile: tile_x13824_y7680
2026-07-26 13:59:00,281 - hybrid_pipeline - INFO - Tile tile_x14592_y7680: 核心遮罩全空 → 空白 placeholder
2026-07-26 13:59:00,296 - hybrid_pipeline - INFO - [261/576] 處理 tile: tile_x15360_y7680
2026-07-26 13:59:00,319 - hybrid_pipeline - INFO - Tile tile_x13824_y7680: 核心遮罩全空 → 空白 placeholder
2026-07-26 13:59:00,334 - hybrid_pipeline - INFO - [262/576] 處理 tile: tile_x16896_y7680
2026-07-26 13:59:00,357 - hybrid_pipeline - INFO - Tile tile_x15360_y7680: 核心遮罩全空 → 空白 placeholder
2026-07-26 13:59:00,919 - hybrid_pipeline - INFO - [263/576] 處理 tile: tile_x16128_y7680
2026-07-26 13:59:00,949 - m3_module.m3_cells_generator - INFO - All-positive 標註完成: 62 個細胞
2026-07-26 13:59:00,990 - m3_module.m3_cells_generator - INFO - enlarge_cell_instances: 62 顆細胞, factor=1.50(面積), 中位半徑=21.4px, 外擴=4.8px
2026-07-26 13:59:01,013 - m3_module.m3_elastic_matching - INFO - elastic_dish_nucleus_matching(overlap-first): IHC=62, DISH=2, matched(1核)=2 (其中重疊=2), drop-out(競爭落敗)=1, 無候選(計入)=59, factor=1.50, min_reach=20.0
2026-07-26 13:59:01,121 - m3_module.m3_dot_detection - INFO - detect_all_dots: 紅點=1, 黑點=2, 涉及細胞=62
2026-07-26 13:59:01,274 - m4_module.cell_crops - INFO - 匯出 32 張 per-cell 影像至 /data/taro_Projects/tsgh/output/r7_run/cell_crops/tile_x16896_y7680/cells
2026-07-26 13:59:01,274 - hybrid_pipeline - INFO - Tile tile_x16896_y7680 完成: 核心擁有 32 細胞 (32 陽性), 0.94 秒
2026-07-26 13:59:01,274 - hybrid_pipeline - INFO - [264/576] 處理 tile: tile_x0_y8448
2026-07-26 13:59:01,301 - hybrid_pipeline - INFO - Tile tile_x16128_y7680: 核心遮罩全空 → 空白 placeholder
2026-07-26 13:59:01,321 - hybrid_pipeline - INFO - [265/576] 處理 tile: tile_x768_y8448
2026-07-26 13:59:01,346 - hybrid_pipeline - INFO - Tile tile_x0_y8448: 核心遮罩全空 → 空白 placeholder
2026-07-26 13:59:01,359 - hybrid_pipeline - INFO - [266/576] 處理 tile: tile_x1536_y8448
2026-07-26 13:59:01,382 - hybrid_pipeline - INFO - Tile tile_x768_y8448: 核心遮罩全空 → 空白 placeholder
2026-07-26 13:59:01,396 - hybrid_pipeline - INFO - [267/576] 處理 tile: tile_x2304_y8448
2026-07-26 13:59:01,421 - hybrid_pipeline - INFO - Tile tile_x1536_y8448: 核心遮罩全空 → 空白 placeholder
2026-07-26 13:59:01,436 - hybrid_pipeline - INFO - [268/576] 處理 tile: tile_x17664_y7680
2026-07-26 13:59:01,459 - hybrid_pipeline - INFO - Tile tile_x2304_y8448: 核心遮罩全空 → 空白 placeholder
2026-07-26 13:59:02,056 - hybrid_pipeline - INFO - [269/576] 處理 tile: tile_x3072_y8448
2026-07-26 13:59:02,085 - m3_module.m3_cells_generator - INFO - All-positive 標註完成: 117 個細胞
2026-07-26 13:59:02,135 - m3_module.m3_cells_generator - INFO - enlarge_cell_instances: 117 顆細胞, factor=1.50(面積), 中位半徑=21.9px, 外擴=4.9px
2026-07-26 13:59:02,164 - m3_module.m3_elastic_matching - INFO - elastic_dish_nucleus_matching(overlap-first): IHC=117, DISH=4, matched(1核)=4 (其中重疊=4), drop-out(競爭落敗)=3, 無候選(計入)=110, factor=1.50, min_reach=20.0
2026-07-26 13:59:02,280 - m3_module.m3_dot_detection - INFO - detect_all_dots: 紅點=3, 黑點=5, 涉及細胞=117
2026-07-26 13:59:02,554 - m4_module.cell_crops - INFO - 匯出 60 張 per-cell 影像至 /data/taro_Projects/tsgh/output/r7_run/cell_crops/tile_x17664_y7680/cells
2026-07-26 13:59:02,554 - hybrid_pipeline - INFO - Tile tile_x17664_y7680 完成: 核心擁有 60 細胞 (60 陽性), 1.12 秒
2026-07-26 13:59:02,554 - hybrid_pipeline - INFO - [270/576] 處理 tile: tile_x3840_y8448
2026-07-26 13:59:02,583 - hybrid_pipeline - INFO - Tile tile_x3072_y8448: 核心遮罩全空 → 空白 placeholder
2026-07-26 13:59:02,598 - hybrid_pipeline - INFO - [271/576] 處理 tile: tile_x4608_y8448
2026-07-26 13:59:02,622 - hybrid_pipeline - INFO - Tile tile_x3840_y8448: 核心遮罩全空 → 空白 placeholder
2026-07-26 13:59:02,637 - hybrid_pipeline - INFO - [272/576] 處理 tile: tile_x5376_y8448
2026-07-26 13:59:02,659 - hybrid_pipeline - INFO - Tile tile_x4608_y8448: 核心遮罩全空 → 空白 placeholder
2026-07-26 13:59:02,674 - hybrid_pipeline - INFO - [273/576] 處理 tile: tile_x6912_y8448
2026-07-26 13:59:02,698 - hybrid_pipeline - INFO - Tile tile_x5376_y8448: 核心遮罩全空 → 空白 placeholder
2026-07-26 13:59:03,274 - hybrid_pipeline - INFO - [274/576] 處理 tile: tile_x7680_y8448
2026-07-26 13:59:03,307 - m3_module.m3_cells_generator - INFO - All-positive 標註完成: 68 個細胞
2026-07-26 13:59:03,355 - m3_module.m3_cells_generator - INFO - enlarge_cell_instances: 68 顆細胞, factor=1.50(面積), 中位半徑=22.4px, 外擴=5.0px
2026-07-26 13:59:03,384 - m3_module.m3_elastic_matching - INFO - elastic_dish_nucleus_matching(overlap-first): IHC=68, DISH=5, matched(1核)=4 (其中重疊=4), drop-out(競爭落敗)=2, 無候選(計入)=62, factor=1.50, min_reach=20.0
2026-07-26 13:59:03,497 - m3_module.m3_dot_detection - INFO - detect_all_dots: 紅點=1, 黑點=5, 涉及細胞=68
2026-07-26 13:59:03,676 - m4_module.cell_crops - INFO - 匯出 44 張 per-cell 影像至 /data/taro_Projects/tsgh/output/r7_run/cell_crops/tile_x6912_y8448/cells
2026-07-26 13:59:03,676 - hybrid_pipeline - INFO - Tile tile_x6912_y8448 完成: 核心擁有 44 細胞 (44 陽性), 1.00 秒
2026-07-26 13:59:03,858 - hybrid_pipeline - INFO - [275/576] 處理 tile: tile_x9216_y8448
2026-07-26 13:59:03,887 - m3_module.m3_cells_generator - INFO - All-positive 標註完成: 9 個細胞
2026-07-26 13:59:03,916 - m3_module.m3_cells_generator - INFO - enlarge_cell_instances: 9 顆細胞, factor=1.50(面積), 中位半徑=17.4px, 外擴=3.9px
2026-07-26 13:59:03,937 - m3_module.m3_elastic_matching - INFO - elastic_dish_nucleus_matching(overlap-first): IHC=9, DISH=2, matched(1核)=0 (其中重疊=0), drop-out(競爭落敗)=0, 無候選(計入)=9, factor=1.50, min_reach=20.0
2026-07-26 13:59:04,039 - m3_module.m3_dot_detection - INFO - detect_all_dots: 紅點=0, 黑點=0, 涉及細胞=9
2026-07-26 13:59:04,085 - m4_module.cell_crops - INFO - 匯出 3 張 per-cell 影像至 /data/taro_Projects/tsgh/output/r7_run/cell_crops/tile_x7680_y8448/cells
2026-07-26 13:59:04,085 - hybrid_pipeline - INFO - Tile tile_x7680_y8448 完成: 核心擁有 3 細胞 (3 陽性), 0.81 秒
2026-07-26 13:59:04,085 - hybrid_pipeline - INFO - [276/576] 處理 tile: tile_x8448_y8448
2026-07-26 13:59:04,110 - hybrid_pipeline - INFO - Tile tile_x9216_y8448: 核心遮罩全空 → 空白 placeholder
2026-07-26 13:59:04,129 - hybrid_pipeline - INFO - [277/576] 處理 tile: tile_x6144_y8448
2026-07-26 13:59:04,152 - hybrid_pipeline - INFO - Tile tile_x8448_y8448: 核心遮罩全空 → 空白 placeholder
2026-07-26 13:59:04,715 - hybrid_pipeline - INFO - [278/576] 處理 tile: tile_x9984_y8448
2026-07-26 13:59:04,742 - m3_module.m3_cells_generator - INFO - All-positive 標註完成: 28 個細胞
2026-07-26 13:59:04,777 - m3_module.m3_cells_generator - INFO - enlarge_cell_instances: 28 顆細胞, factor=1.50(面積), 中位半徑=19.4px, 外擴=4.4px
2026-07-26 13:59:04,799 - m3_module.m3_elastic_matching - INFO - elastic_dish_nucleus_matching(overlap-first): IHC=28, DISH=2, matched(1核)=2 (其中重疊=2), drop-out(競爭落敗)=1, 無候選(計入)=25, factor=1.50, min_reach=20.0
2026-07-26 13:59:04,909 - m3_module.m3_dot_detection - INFO - detect_all_dots: 紅點=1, 黑點=3, 涉及細胞=28
2026-07-26 13:59:05,000 - m4_module.cell_crops - INFO - 匯出 4 張 per-cell 影像至 /data/taro_Projects/tsgh/output/r7_run/cell_crops/tile_x6144_y8448/cells
2026-07-26 13:59:05,000 - hybrid_pipeline - INFO - Tile tile_x6144_y8448 完成: 核心擁有 4 細胞 (4 陽性), 0.87 秒
2026-07-26 13:59:05,000 - hybrid_pipeline - INFO - [279/576] 處理 tile: tile_x10752_y8448
2026-07-26 13:59:05,029 - hybrid_pipeline - INFO - Tile tile_x9984_y8448: 核心遮罩全空 → 空白 placeholder
2026-07-26 13:59:05,045 - hybrid_pipeline - INFO - [280/576] 處理 tile: tile_x12288_y8448
2026-07-26 13:59:05,070 - hybrid_pipeline - INFO - Tile tile_x10752_y8448: 核心遮罩全空 → 空白 placeholder
2026-07-26 13:59:05,082 - hybrid_pipeline - INFO - [281/576] 處理 tile: tile_x13824_y8448
2026-07-26 13:59:05,106 - hybrid_pipeline - INFO - Tile tile_x12288_y8448: 核心遮罩全空 → 空白 placeholder
2026-07-26 13:59:05,119 - hybrid_pipeline - INFO - [282/576] 處理 tile: tile_x14592_y8448
2026-07-26 13:59:05,144 - hybrid_pipeline - INFO - Tile tile_x13824_y8448: 核心遮罩全空 → 空白 placeholder
2026-07-26 13:59:05,157 - hybrid_pipeline - INFO - [283/576] 處理 tile: tile_x13056_y8448
2026-07-26 13:59:05,180 - hybrid_pipeline - INFO - Tile tile_x14592_y8448: 核心遮罩全空 → 空白 placeholder
2026-07-26 13:59:05,195 - hybrid_pipeline - INFO - [284/576] 處理 tile: tile_x11520_y8448
2026-07-26 13:59:05,219 - hybrid_pipeline - INFO - Tile tile_x13056_y8448: 核心遮罩全空 → 空白 placeholder
2026-07-26 13:59:05,233 - hybrid_pipeline - INFO - [285/576] 處理 tile: tile_x15360_y8448
2026-07-26 13:59:05,256 - hybrid_pipeline - INFO - Tile tile_x11520_y8448: 核心遮罩全空 → 空白 placeholder
2026-07-26 13:59:05,792 - hybrid_pipeline - INFO - [286/576] 處理 tile: tile_x16128_y8448
2026-07-26 13:59:05,820 - m3_module.m3_cells_generator - INFO - All-positive 標註完成: 2 個細胞
2026-07-26 13:59:05,846 - m3_module.m3_cells_generator - INFO - enlarge_cell_instances: 2 顆細胞, factor=1.50(面積), 中位半徑=16.4px, 外擴=3.7px
2026-07-26 13:59:05,975 - m3_module.m3_dot_detection - INFO - detect_all_dots: 紅點=0, 黑點=0, 涉及細胞=2
2026-07-26 13:59:06,012 - m4_module.cell_crops - INFO - 匯出 0 張 per-cell 影像至 /data/taro_Projects/tsgh/output/r7_run/cell_crops/tile_x15360_y8448/cells
2026-07-26 13:59:06,012 - hybrid_pipeline - INFO - Tile tile_x15360_y8448 完成: 核心擁有 0 細胞 (0 陽性), 0.78 秒
2026-07-26 13:59:06,411 - hybrid_pipeline - INFO - [287/576] 處理 tile: tile_x16896_y8448
2026-07-26 13:59:06,445 - m3_module.m3_cells_generator - INFO - All-positive 標註完成: 55 個細胞
2026-07-26 13:59:06,498 - m3_module.m3_cells_generator - INFO - enlarge_cell_instances: 55 顆細胞, factor=1.50(面積), 中位半徑=21.9px, 外擴=4.9px
2026-07-26 13:59:06,522 - m3_module.m3_elastic_matching - INFO - elastic_dish_nucleus_matching(overlap-first): IHC=55, DISH=3, matched(1核)=0 (其中重疊=0), drop-out(競爭落敗)=0, 無候選(計入)=55, factor=1.50, min_reach=20.0
2026-07-26 13:59:06,633 - m3_module.m3_dot_detection - INFO - detect_all_dots: 紅點=0, 黑點=0, 涉及細胞=55
2026-07-26 13:59:06,796 - m4_module.cell_crops - INFO - 匯出 34 張 per-cell 影像至 /data/taro_Projects/tsgh/output/r7_run/cell_crops/tile_x16128_y8448/cells
2026-07-26 13:59:06,796 - hybrid_pipeline - INFO - Tile tile_x16128_y8448 完成: 核心擁有 34 細胞 (34 陽性), 1.00 秒
2026-07-26 13:59:07,053 - hybrid_pipeline - INFO - [288/576] 處理 tile: tile_x17664_y8448
2026-07-26 13:59:07,081 - m3_module.m3_cells_generator - INFO - All-positive 標註完成: 124 個細胞
2026-07-26 13:59:07,136 - m3_module.m3_cells_generator - INFO - enlarge_cell_instances: 124 顆細胞, factor=1.50(面積), 中位半徑=25.8px, 外擴=5.8px
2026-07-26 13:59:07,163 - m3_module.m3_elastic_matching - INFO - elastic_dish_nucleus_matching(overlap-first): IHC=124, DISH=6, matched(1核)=5 (其中重疊=5), drop-out(競爭落敗)=2, 無候選(計入)=117, factor=1.50, min_reach=20.0
2026-07-26 13:59:07,291 - m3_module.m3_dot_detection - INFO - detect_all_dots: 紅點=5, 黑點=9, 涉及細胞=124
2026-07-26 13:59:07,596 - m4_module.cell_crops - INFO - 匯出 69 張 per-cell 影像至 /data/taro_Projects/tsgh/output/r7_run/cell_crops/tile_x16896_y8448/cells
2026-07-26 13:59:07,596 - hybrid_pipeline - INFO - Tile tile_x16896_y8448 完成: 核心擁有 69 細胞 (69 陽性), 1.18 秒
2026-07-26 13:59:07,697 - hybrid_pipeline - INFO - [289/576] 處理 tile: tile_x768_y9216
2026-07-26 13:59:07,725 - m3_module.m3_cells_generator - INFO - All-positive 標註完成: 142 個細胞
2026-07-26 13:59:07,781 - m3_module.m3_cells_generator - INFO - enlarge_cell_instances: 142 顆細胞, factor=1.50(面積), 中位半徑=24.2px, 外擴=5.4px
2026-07-26 13:59:07,808 - m3_module.m3_elastic_matching - INFO - elastic_dish_nucleus_matching(overlap-first): IHC=142, DISH=32, matched(1核)=11 (其中重疊=9), drop-out(競爭落敗)=3, 無候選(計入)=128, factor=1.50, min_reach=20.0
2026-07-26 13:59:07,927 - m3_module.m3_dot_detection - INFO - detect_all_dots: 紅點=4, 黑點=6, 涉及細胞=142
2026-07-26 13:59:08,241 - m4_module.cell_crops - INFO - 匯出 93 張 per-cell 影像至 /data/taro_Projects/tsgh/output/r7_run/cell_crops/tile_x17664_y8448/cells
2026-07-26 13:59:08,241 - hybrid_pipeline - INFO - Tile tile_x17664_y8448 完成: 核心擁有 93 細胞 (93 陽性), 1.19 秒
2026-07-26 13:59:08,241 - hybrid_pipeline - INFO - [290/576] 處理 tile: tile_x0_y9216
2026-07-26 13:59:08,264 - hybrid_pipeline - INFO - Tile tile_x768_y9216: 核心遮罩全空 → 空白 placeholder
2026-07-26 13:59:08,287 - hybrid_pipeline - INFO - [291/576] 處理 tile: tile_x1536_y9216
2026-07-26 13:59:08,312 - hybrid_pipeline - INFO - Tile tile_x0_y9216: 核心遮罩全空 → 空白 placeholder
2026-07-26 13:59:08,329 - hybrid_pipeline - INFO - [292/576] 處理 tile: tile_x2304_y9216
2026-07-26 13:59:08,353 - hybrid_pipeline - INFO - Tile tile_x1536_y9216: 核心遮罩全空 → 空白 placeholder
2026-07-26 13:59:08,369 - hybrid_pipeline - INFO - [293/576] 處理 tile: tile_x3072_y9216
2026-07-26 13:59:08,391 - hybrid_pipeline - INFO - Tile tile_x2304_y9216: 核心遮罩全空 → 空白 placeholder
2026-07-26 13:59:08,405 - hybrid_pipeline - INFO - [294/576] 處理 tile: tile_x3840_y9216
2026-07-26 13:59:08,428 - hybrid_pipeline - INFO - Tile tile_x3072_y9216: 核心遮罩全空 → 空白 placeholder
2026-07-26 13:59:08,439 - hybrid_pipeline - INFO - [295/576] 處理 tile: tile_x4608_y9216
2026-07-26 13:59:08,466 - hybrid_pipeline - INFO - Tile tile_x3840_y9216: 核心遮罩全空 → 空白 placeholder
2026-07-26 13:59:08,479 - hybrid_pipeline - INFO - [296/576] 處理 tile: tile_x6912_y9216
2026-07-26 13:59:08,502 - hybrid_pipeline - INFO - Tile tile_x4608_y9216: 核心遮罩全空 → 空白 placeholder
2026-07-26 13:59:09,093 - hybrid_pipeline - INFO - [297/576] 處理 tile: tile_x6144_y9216
2026-07-26 13:59:09,123 - m3_module.m3_cells_generator - INFO - All-positive 標註完成: 100 個細胞
2026-07-26 13:59:09,177 - m3_module.m3_cells_generator - INFO - enlarge_cell_instances: 100 顆細胞, factor=1.50(面積), 中位半徑=20.7px, 外擴=4.7px
2026-07-26 13:59:09,203 - m3_module.m3_elastic_matching - INFO - elastic_dish_nucleus_matching(overlap-first): IHC=100, DISH=7, matched(1核)=4 (其中重疊=4), drop-out(競爭落敗)=3, 無候選(計入)=93, factor=1.50, min_reach=20.0
2026-07-26 13:59:09,325 - m3_module.m3_dot_detection - INFO - detect_all_dots: 紅點=1, 黑點=5, 涉及細胞=100
2026-07-26 13:59:09,555 - m4_module.cell_crops - INFO - 匯出 42 張 per-cell 影像至 /data/taro_Projects/tsgh/output/r7_run/cell_crops/tile_x6912_y9216/cells
2026-07-26 13:59:09,555 - hybrid_pipeline - INFO - Tile tile_x6912_y9216 完成: 核心擁有 42 細胞 (42 陽性), 1.08 秒
2026-07-26 13:59:09,691 - hybrid_pipeline - INFO - [298/576] 處理 tile: tile_x8448_y9216
2026-07-26 13:59:09,719 - m3_module.m3_cells_generator - INFO - All-positive 標註完成: 36 個細胞
2026-07-26 13:59:09,760 - m3_module.m3_cells_generator - INFO - enlarge_cell_instances: 36 顆細胞, factor=1.50(面積), 中位半徑=19.5px, 外擴=4.4px
2026-07-26 13:59:09,784 - m3_module.m3_elastic_matching - INFO - elastic_dish_nucleus_matching(overlap-first): IHC=36, DISH=3, matched(1核)=2 (其中重疊=2), drop-out(競爭落敗)=1, 無候選(計入)=33, factor=1.50, min_reach=20.0
2026-07-26 13:59:09,893 - m3_module.m3_dot_detection - INFO - detect_all_dots: 紅點=1, 黑點=3, 涉及細胞=36
2026-07-26 13:59:09,939 - cellpose.dynamics - INFO - No cell pixels found.
2026-07-26 13:59:10,006 - m4_module.cell_crops - INFO - 匯出 22 張 per-cell 影像至 /data/taro_Projects/tsgh/output/r7_run/cell_crops/tile_x6144_y9216/cells
2026-07-26 13:59:10,006 - hybrid_pipeline - INFO - Tile tile_x6144_y9216 完成: 核心擁有 22 細胞 (22 陽性), 0.91 秒
2026-07-26 13:59:10,240 - hybrid_pipeline - INFO - [299/576] 處理 tile: tile_x5376_y9216
2026-07-26 13:59:10,249 - m3_module.m3_cells_generator - INFO - All-positive 標註完成: 0 個細胞
2026-07-26 13:59:10,370 - m3_module.m3_dot_detection - INFO - detect_all_dots: 紅點=0, 黑點=0, 涉及細胞=0
2026-07-26 13:59:10,402 - m4_module.cell_crops - INFO - 匯出 0 張 per-cell 影像至 /data/taro_Projects/tsgh/output/r7_run/cell_crops/tile_x8448_y9216/cells
2026-07-26 13:59:10,402 - hybrid_pipeline - INFO - Tile tile_x8448_y9216 完成: 核心擁有 0 細胞 (0 陽性), 0.71 秒
2026-07-26 13:59:10,402 - hybrid_pipeline - INFO - [300/576] 處理 tile: tile_x7680_y9216
2026-07-26 13:59:10,426 - hybrid_pipeline - INFO - Tile tile_x5376_y9216: 核心遮罩全空 → 空白 placeholder
2026-07-26 13:59:11,000 - hybrid_pipeline - INFO - [301/576] 處理 tile: tile_x9216_y9216
2026-07-26 13:59:11,031 - m3_module.m3_cells_generator - INFO - All-positive 標註完成: 65 個細胞
2026-07-26 13:59:11,082 - m3_module.m3_cells_generator - INFO - enlarge_cell_instances: 65 顆細胞, factor=1.50(面積), 中位半徑=23.6px, 外擴=5.3px
2026-07-26 13:59:11,208 - m3_module.m3_dot_detection - INFO - detect_all_dots: 紅點=0, 黑點=0, 涉及細胞=65
2026-07-26 13:59:11,346 - m4_module.cell_crops - INFO - 匯出 46 張 per-cell 影像至 /data/taro_Projects/tsgh/output/r7_run/cell_crops/tile_x7680_y9216/cells
2026-07-26 13:59:11,346 - hybrid_pipeline - INFO - Tile tile_x7680_y9216 完成: 核心擁有 46 細胞 (46 陽性), 0.94 秒
2026-07-26 13:59:11,346 - hybrid_pipeline - INFO - [302/576] 處理 tile: tile_x9984_y9216
2026-07-26 13:59:11,374 - hybrid_pipeline - INFO - Tile tile_x9216_y9216: 核心遮罩全空 → 空白 placeholder
2026-07-26 13:59:11,393 - hybrid_pipeline - INFO - [303/576] 處理 tile: tile_x10752_y9216
2026-07-26 13:59:11,416 - hybrid_pipeline - INFO - Tile tile_x9984_y9216: 核心遮罩全空 → 空白 placeholder
2026-07-26 13:59:11,434 - hybrid_pipeline - INFO - [304/576] 處理 tile: tile_x11520_y9216
2026-07-26 13:59:11,456 - hybrid_pipeline - INFO - Tile tile_x10752_y9216: 核心遮罩全空 → 空白 placeholder
2026-07-26 13:59:11,471 - hybrid_pipeline - INFO - [305/576] 處理 tile: tile_x12288_y9216
2026-07-26 13:59:11,495 - hybrid_pipeline - INFO - Tile tile_x11520_y9216: 核心遮罩全空 → 空白 placeholder
2026-07-26 13:59:11,507 - hybrid_pipeline - INFO - [306/576] 處理 tile: tile_x13056_y9216
2026-07-26 13:59:11,530 - hybrid_pipeline - INFO - Tile tile_x12288_y9216: 核心遮罩全空 → 空白 placeholder
2026-07-26 13:59:11,540 - hybrid_pipeline - INFO - [307/576] 處理 tile: tile_x14592_y9216
2026-07-26 13:59:11,564 - hybrid_pipeline - INFO - Tile tile_x13056_y9216: 核心遮罩全空 → 空白 placeholder
2026-07-26 13:59:11,580 - hybrid_pipeline - INFO - [308/576] 處理 tile: tile_x13824_y9216
2026-07-26 13:59:11,603 - hybrid_pipeline - INFO - Tile tile_x14592_y9216: 核心遮罩全空 → 空白 placeholder
2026-07-26 13:59:11,616 - hybrid_pipeline - INFO - [309/576] 處理 tile: tile_x15360_y9216
2026-07-26 13:59:11,639 - hybrid_pipeline - INFO - Tile tile_x13824_y9216: 核心遮罩全空 → 空白 placeholder
2026-07-26 13:59:12,192 - hybrid_pipeline - INFO - [310/576] 處理 tile: tile_x16896_y9216
2026-07-26 13:59:12,219 - m3_module.m3_cells_generator - INFO - All-positive 標註完成: 20 個細胞
2026-07-26 13:59:12,254 - m3_module.m3_cells_generator - INFO - enlarge_cell_instances: 20 顆細胞, factor=1.50(面積), 中位半徑=19.8px, 外擴=4.5px
2026-07-26 13:59:12,382 - m3_module.m3_dot_detection - INFO - detect_all_dots: 紅點=0, 黑點=0, 涉及細胞=20
2026-07-26 13:59:12,474 - m4_module.cell_crops - INFO - 匯出 13 張 per-cell 影像至 /data/taro_Projects/tsgh/output/r7_run/cell_crops/tile_x15360_y9216/cells
2026-07-26 13:59:12,474 - hybrid_pipeline - INFO - Tile tile_x15360_y9216 完成: 核心擁有 13 細胞 (13 陽性), 0.86 秒
2026-07-26 13:59:12,829 - hybrid_pipeline - INFO - [311/576] 處理 tile: tile_x16128_y9216
2026-07-26 13:59:12,858 - m3_module.m3_cells_generator - INFO - All-positive 標註完成: 133 個細胞
2026-07-26 13:59:12,913 - m3_module.m3_cells_generator - INFO - enlarge_cell_instances: 133 顆細胞, factor=1.50(面積), 中位半徑=23.4px, 外擴=5.2px
2026-07-26 13:59:12,946 - m3_module.m3_elastic_matching - INFO - elastic_dish_nucleus_matching(overlap-first): IHC=133, DISH=7, matched(1核)=4 (其中重疊=4), drop-out(競爭落敗)=3, 無候選(計入)=126, factor=1.50, min_reach=20.0
2026-07-26 13:59:13,064 - m3_module.m3_dot_detection - INFO - detect_all_dots: 紅點=0, 黑點=1, 涉及細胞=133
2026-07-26 13:59:13,363 - m4_module.cell_crops - INFO - 匯出 73 張 per-cell 影像至 /data/taro_Projects/tsgh/output/r7_run/cell_crops/tile_x16896_y9216/cells
2026-07-26 13:59:13,363 - hybrid_pipeline - INFO - Tile tile_x16896_y9216 完成: 核心擁有 73 細胞 (73 陽性), 1.17 秒
2026-07-26 13:59:13,451 - hybrid_pipeline - INFO - [312/576] 處理 tile: tile_x17664_y9216
2026-07-26 13:59:13,479 - m3_module.m3_cells_generator - INFO - All-positive 標註完成: 109 個細胞
2026-07-26 13:59:13,533 - m3_module.m3_cells_generator - INFO - enlarge_cell_instances: 109 顆細胞, factor=1.50(面積), 中位半徑=22.9px, 外擴=5.1px
2026-07-26 13:59:13,559 - m3_module.m3_elastic_matching - INFO - elastic_dish_nucleus_matching(overlap-first): IHC=109, DISH=1, matched(1核)=1 (其中重疊=1), drop-out(競爭落敗)=1, 無候選(計入)=107, factor=1.50, min_reach=20.0
2026-07-26 13:59:13,675 - m3_module.m3_dot_detection - INFO - detect_all_dots: 紅點=0, 黑點=0, 涉及細胞=109
2026-07-26 13:59:13,979 - m4_module.cell_crops - INFO - 匯出 76 張 per-cell 影像至 /data/taro_Projects/tsgh/output/r7_run/cell_crops/tile_x16128_y9216/cells
2026-07-26 13:59:13,979 - hybrid_pipeline - INFO - Tile tile_x16128_y9216 完成: 核心擁有 76 細胞 (76 陽性), 1.15 秒
2026-07-26 13:59:14,071 - hybrid_pipeline - INFO - [313/576] 處理 tile: tile_x1536_y9984
2026-07-26 13:59:14,102 - m3_module.m3_cells_generator - INFO - All-positive 標註完成: 105 個細胞
2026-07-26 13:59:14,149 - m3_module.m3_cells_generator - INFO - enlarge_cell_instances: 105 顆細胞, factor=1.50(面積), 中位半徑=25.0px, 外擴=5.6px
2026-07-26 13:59:14,174 - m3_module.m3_elastic_matching - INFO - elastic_dish_nucleus_matching(overlap-first): IHC=105, DISH=10, matched(1核)=4 (其中重疊=4), drop-out(競爭落敗)=0, 無候選(計入)=101, factor=1.50, min_reach=20.0
2026-07-26 13:59:14,283 - m3_module.m3_dot_detection - INFO - detect_all_dots: 紅點=0, 黑點=0, 涉及細胞=105
2026-07-26 13:59:14,525 - m4_module.cell_crops - INFO - 匯出 60 張 per-cell 影像至 /data/taro_Projects/tsgh/output/r7_run/cell_crops/tile_x17664_y9216/cells
2026-07-26 13:59:14,525 - hybrid_pipeline - INFO - Tile tile_x17664_y9216 完成: 核心擁有 60 細胞 (60 陽性), 1.07 秒
2026-07-26 13:59:14,525 - hybrid_pipeline - INFO - [314/576] 處理 tile: tile_x0_y9984
2026-07-26 13:59:14,549 - hybrid_pipeline - INFO - Tile tile_x1536_y9984: 核心遮罩全空 → 空白 placeholder
2026-07-26 13:59:14,573 - hybrid_pipeline - INFO - [315/576] 處理 tile: tile_x2304_y9984
2026-07-26 13:59:14,597 - hybrid_pipeline - INFO - Tile tile_x0_y9984: 核心遮罩全空 → 空白 placeholder
2026-07-26 13:59:14,612 - hybrid_pipeline - INFO - [316/576] 處理 tile: tile_x768_y9984
2026-07-26 13:59:14,636 - hybrid_pipeline - INFO - Tile tile_x2304_y9984: 核心遮罩全空 → 空白 placeholder
2026-07-26 13:59:14,651 - hybrid_pipeline - INFO - [317/576] 處理 tile: tile_x3072_y9984
2026-07-26 13:59:14,674 - hybrid_pipeline - INFO - Tile tile_x768_y9984: 核心遮罩全空 → 空白 placeholder
2026-07-26 13:59:14,688 - hybrid_pipeline - INFO - [318/576] 處理 tile: tile_x3840_y9984
2026-07-26 13:59:14,715 - hybrid_pipeline - INFO - Tile tile_x3072_y9984: 核心遮罩全空 → 空白 placeholder
2026-07-26 13:59:14,724 - hybrid_pipeline - INFO - [319/576] 處理 tile: tile_x4608_y9984
2026-07-26 13:59:14,747 - hybrid_pipeline - INFO - Tile tile_x3840_y9984: 核心遮罩全空 → 空白 placeholder
2026-07-26 13:59:14,761 - hybrid_pipeline - INFO - [320/576] 處理 tile: tile_x5376_y9984
2026-07-26 13:59:14,785 - hybrid_pipeline - INFO - Tile tile_x4608_y9984: 核心遮罩全空 → 空白 placeholder
2026-07-26 13:59:15,344 - hybrid_pipeline - INFO - [321/576] 處理 tile: tile_x7680_y9984
2026-07-26 13:59:15,375 - m3_module.m3_cells_generator - INFO - All-positive 標註完成: 34 個細胞
2026-07-26 13:59:15,413 - m3_module.m3_cells_generator - INFO - enlarge_cell_instances: 34 顆細胞, factor=1.50(面積), 中位半徑=18.6px, 外擴=4.2px
2026-07-26 13:59:15,437 - m3_module.m3_elastic_matching - INFO - elastic_dish_nucleus_matching(overlap-first): IHC=34, DISH=1, matched(1核)=1 (其中重疊=1), drop-out(競爭落敗)=0, 無候選(計入)=33, factor=1.50, min_reach=20.0
2026-07-26 13:59:15,544 - m3_module.m3_dot_detection - INFO - detect_all_dots: 紅點=0, 黑點=0, 涉及細胞=34
2026-07-26 13:59:15,667 - m4_module.cell_crops - INFO - 匯出 19 張 per-cell 影像至 /data/taro_Projects/tsgh/output/r7_run/cell_crops/tile_x5376_y9984/cells
2026-07-26 13:59:15,667 - hybrid_pipeline - INFO - Tile tile_x5376_y9984 完成: 核心擁有 19 細胞 (19 陽性), 0.91 秒
2026-07-26 13:59:15,974 - hybrid_pipeline - INFO - [322/576] 處理 tile: tile_x6912_y9984
2026-07-26 13:59:16,002 - m3_module.m3_cells_generator - INFO - All-positive 標註完成: 62 個細胞
2026-07-26 13:59:16,050 - m3_module.m3_cells_generator - INFO - enlarge_cell_instances: 62 顆細胞, factor=1.50(面積), 中位半徑=25.2px, 外擴=5.7px
2026-07-26 13:59:16,078 - m3_module.m3_elastic_matching - INFO - elastic_dish_nucleus_matching(overlap-first): IHC=62, DISH=251, matched(1核)=6 (其中重疊=6), drop-out(競爭落敗)=0, 無候選(計入)=56, factor=1.50, min_reach=20.0
2026-07-26 13:59:16,187 - m3_module.m3_dot_detection - INFO - detect_all_dots: 紅點=0, 黑點=0, 涉及細胞=62
2026-07-26 13:59:16,373 - m4_module.cell_crops - INFO - 匯出 37 張 per-cell 影像至 /data/taro_Projects/tsgh/output/r7_run/cell_crops/tile_x7680_y9984/cells
2026-07-26 13:59:16,373 - hybrid_pipeline - INFO - Tile tile_x7680_y9984 完成: 核心擁有 37 細胞 (37 陽性), 1.03 秒
2026-07-26 13:59:16,574 - hybrid_pipeline - INFO - [323/576] 處理 tile: tile_x6144_y9984
2026-07-26 13:59:16,604 - m3_module.m3_cells_generator - INFO - All-positive 標註完成: 56 個細胞
2026-07-26 13:59:16,650 - m3_module.m3_cells_generator - INFO - enlarge_cell_instances: 56 顆細胞, factor=1.50(面積), 中位半徑=22.7px, 外擴=5.1px
2026-07-26 13:59:16,674 - m3_module.m3_elastic_matching - INFO - elastic_dish_nucleus_matching(overlap-first): IHC=56, DISH=3, matched(1核)=2 (其中重疊=1), drop-out(競爭落敗)=0, 無候選(計入)=54, factor=1.50, min_reach=20.0
2026-07-26 13:59:16,783 - m3_module.m3_dot_detection - INFO - detect_all_dots: 紅點=0, 黑點=0, 涉及細胞=56
2026-07-26 13:59:16,974 - m4_module.cell_crops - INFO - 匯出 33 張 per-cell 影像至 /data/taro_Projects/tsgh/output/r7_run/cell_crops/tile_x6912_y9984/cells
2026-07-26 13:59:16,974 - hybrid_pipeline - INFO - Tile tile_x6912_y9984 完成: 核心擁有 33 細胞 (33 陽性), 1.00 秒
2026-07-26 13:59:17,177 - hybrid_pipeline - INFO - [324/576] 處理 tile: tile_x8448_y9984
2026-07-26 13:59:17,206 - m3_module.m3_cells_generator - INFO - All-positive 標註完成: 48 個細胞
2026-07-26 13:59:17,253 - m3_module.m3_cells_generator - INFO - enlarge_cell_instances: 48 顆細胞, factor=1.50(面積), 中位半徑=22.2px, 外擴=5.0px
2026-07-26 13:59:17,277 - m3_module.m3_elastic_matching - INFO - elastic_dish_nucleus_matching(overlap-first): IHC=48, DISH=3, matched(1核)=2 (其中重疊=1), drop-out(競爭落敗)=0, 無候選(計入)=46, factor=1.50, min_reach=20.0
2026-07-26 13:59:17,388 - m3_module.m3_dot_detection - INFO - detect_all_dots: 紅點=0, 黑點=0, 涉及細胞=48
2026-07-26 13:59:17,557 - m4_module.cell_crops - INFO - 匯出 37 張 per-cell 影像至 /data/taro_Projects/tsgh/output/r7_run/cell_crops/tile_x6144_y9984/cells
2026-07-26 13:59:17,557 - hybrid_pipeline - INFO - Tile tile_x6144_y9984 完成: 核心擁有 37 細胞 (37 陽性), 0.98 秒
2026-07-26 13:59:17,760 - hybrid_pipeline - INFO - [325/576] 處理 tile: tile_x9216_y9984
2026-07-26 13:59:17,788 - m3_module.m3_cells_generator - INFO - All-positive 標註完成: 2 個細胞
2026-07-26 13:59:17,813 - m3_module.m3_cells_generator - INFO - enlarge_cell_instances: 2 顆細胞, factor=1.50(面積), 中位半徑=15.6px, 外擴=3.5px
2026-07-26 13:59:17,922 - m3_module.m3_dot_detection - INFO - detect_all_dots: 紅點=0, 黑點=0, 涉及細胞=2
2026-07-26 13:59:17,960 - m4_module.cell_crops - INFO - 匯出 0 張 per-cell 影像至 /data/taro_Projects/tsgh/output/r7_run/cell_crops/tile_x8448_y9984/cells
2026-07-26 13:59:17,960 - hybrid_pipeline - INFO - Tile tile_x8448_y9984 完成: 核心擁有 0 細胞 (0 陽性), 0.78 秒
2026-07-26 13:59:17,962 - hybrid_pipeline - INFO - [326/576] 處理 tile: tile_x9984_y9984
2026-07-26 13:59:17,988 - hybrid_pipeline - INFO - Tile tile_x9216_y9984: 核心遮罩全空 → 空白 placeholder
2026-07-26 13:59:18,005 - hybrid_pipeline - INFO - [327/576] 處理 tile: tile_x12288_y9984
2026-07-26 13:59:18,028 - hybrid_pipeline - INFO - Tile tile_x9984_y9984: 核心遮罩全空 → 空白 placeholder
2026-07-26 13:59:18,045 - hybrid_pipeline - INFO - [328/576] 處理 tile: tile_x10752_y9984
2026-07-26 13:59:18,068 - hybrid_pipeline - INFO - Tile tile_x12288_y9984: 核心遮罩全空 → 空白 placeholder
2026-07-26 13:59:18,087 - hybrid_pipeline - INFO - [329/576] 處理 tile: tile_x13056_y9984
2026-07-26 13:59:18,112 - hybrid_pipeline - INFO - Tile tile_x10752_y9984: 核心遮罩全空 → 空白 placeholder
2026-07-26 13:59:18,124 - hybrid_pipeline - INFO - [330/576] 處理 tile: tile_x13824_y9984
2026-07-26 13:59:18,147 - hybrid_pipeline - INFO - Tile tile_x13056_y9984: 核心遮罩全空 → 空白 placeholder
2026-07-26 13:59:18,160 - hybrid_pipeline - INFO - [331/576] 處理 tile: tile_x11520_y9984
2026-07-26 13:59:18,183 - hybrid_pipeline - INFO - Tile tile_x13824_y9984: 核心遮罩全空 → 空白 placeholder
2026-07-26 13:59:18,199 - hybrid_pipeline - INFO - [332/576] 處理 tile: tile_x14592_y9984
2026-07-26 13:59:18,224 - hybrid_pipeline - INFO - Tile tile_x11520_y9984: 核心遮罩全空 → 空白 placeholder
2026-07-26 13:59:18,438 - cellpose.dynamics - INFO - No cell pixels found.
2026-07-26 13:59:18,737 - hybrid_pipeline - INFO - [333/576] 處理 tile: tile_x15360_y9984
2026-07-26 13:59:18,748 - m3_module.m3_cells_generator - INFO - All-positive 標註完成: 0 個細胞
2026-07-26 13:59:18,885 - m3_module.m3_dot_detection - INFO - detect_all_dots: 紅點=0, 黑點=0, 涉及細胞=0
2026-07-26 13:59:18,921 - m4_module.cell_crops - INFO - 匯出 0 張 per-cell 影像至 /data/taro_Projects/tsgh/output/r7_run/cell_crops/tile_x14592_y9984/cells
2026-07-26 13:59:18,921 - hybrid_pipeline - INFO - Tile tile_x14592_y9984 完成: 核心擁有 0 細胞 (0 陽性), 0.72 秒
2026-07-26 13:59:19,348 - hybrid_pipeline - INFO - [334/576] 處理 tile: tile_x16128_y9984
2026-07-26 13:59:19,382 - m3_module.m3_cells_generator - INFO - All-positive 標註完成: 60 個細胞
2026-07-26 13:59:19,434 - m3_module.m3_cells_generator - INFO - enlarge_cell_instances: 60 顆細胞, factor=1.50(面積), 中位半徑=24.0px, 外擴=5.4px
2026-07-26 13:59:19,459 - m3_module.m3_elastic_matching - INFO - elastic_dish_nucleus_matching(overlap-first): IHC=60, DISH=2, matched(1核)=2 (其中重疊=2), drop-out(競爭落敗)=0, 無候選(計入)=58, factor=1.50, min_reach=20.0
2026-07-26 13:59:19,579 - m3_module.m3_dot_detection - INFO - detect_all_dots: 紅點=1, 黑點=1, 涉及細胞=60
2026-07-26 13:59:19,773 - m4_module.cell_crops - INFO - 匯出 41 張 per-cell 影像至 /data/taro_Projects/tsgh/output/r7_run/cell_crops/tile_x15360_y9984/cells
2026-07-26 13:59:19,773 - hybrid_pipeline - INFO - Tile tile_x15360_y9984 完成: 核心擁有 41 細胞 (41 陽性), 1.04 秒
2026-07-26 13:59:19,954 - hybrid_pipeline - INFO - [335/576] 處理 tile: tile_x16896_y9984
2026-07-26 13:59:19,978 - m3_module.m3_cells_generator - INFO - All-positive 標註完成: 51 個細胞
2026-07-26 13:59:20,027 - m3_module.m3_cells_generator - INFO - enlarge_cell_instances: 51 顆細胞, factor=1.50(面積), 中位半徑=23.0px, 外擴=5.2px
2026-07-26 13:59:20,051 - m3_module.m3_elastic_matching - INFO - elastic_dish_nucleus_matching(overlap-first): IHC=51, DISH=1, matched(1核)=1 (其中重疊=1), drop-out(競爭落敗)=1, 無候選(計入)=49, factor=1.50, min_reach=20.0
2026-07-26 13:59:20,160 - m3_module.m3_dot_detection - INFO - detect_all_dots: 紅點=0, 黑點=0, 涉及細胞=51
2026-07-26 13:59:20,356 - m4_module.cell_crops - INFO - 匯出 19 張 per-cell 影像至 /data/taro_Projects/tsgh/output/r7_run/cell_crops/tile_x16128_y9984/cells
2026-07-26 13:59:20,356 - hybrid_pipeline - INFO - Tile tile_x16128_y9984 完成: 核心擁有 19 細胞 (19 陽性), 1.01 秒
2026-07-26 13:59:20,572 - hybrid_pipeline - INFO - [336/576] 處理 tile: tile_x17664_y9984
2026-07-26 13:59:20,601 - m3_module.m3_cells_generator - INFO - All-positive 標註完成: 70 個細胞
2026-07-26 13:59:20,648 - m3_module.m3_cells_generator - INFO - enlarge_cell_instances: 70 顆細胞, factor=1.50(面積), 中位半徑=21.9px, 外擴=4.9px
2026-07-26 13:59:20,672 - m3_module.m3_elastic_matching - INFO - elastic_dish_nucleus_matching(overlap-first): IHC=70, DISH=5, matched(1核)=4 (其中重疊=4), drop-out(競爭落敗)=5, 無候選(計入)=61, factor=1.50, min_reach=20.0
2026-07-26 13:59:20,785 - m3_module.m3_dot_detection - INFO - detect_all_dots: 紅點=1, 黑點=2, 涉及細胞=70
2026-07-26 13:59:20,955 - m4_module.cell_crops - INFO - 匯出 24 張 per-cell 影像至 /data/taro_Projects/tsgh/output/r7_run/cell_crops/tile_x16896_y9984/cells
2026-07-26 13:59:20,956 - hybrid_pipeline - INFO - Tile tile_x16896_y9984 完成: 核心擁有 24 細胞 (24 陽性), 1.00 秒
2026-07-26 13:59:21,206 - hybrid_pipeline - INFO - [337/576] 處理 tile: tile_x0_y10752
2026-07-26 13:59:21,235 - m3_module.m3_cells_generator - INFO - All-positive 標註完成: 99 個細胞
2026-07-26 13:59:21,284 - m3_module.m3_cells_generator - INFO - enlarge_cell_instances: 99 顆細胞, factor=1.50(面積), 中位半徑=23.9px, 外擴=5.4px
2026-07-26 13:59:21,309 - m3_module.m3_elastic_matching - INFO - elastic_dish_nucleus_matching(overlap-first): IHC=99, DISH=4, matched(1核)=4 (其中重疊=4), drop-out(競爭落敗)=1, 無候選(計入)=94, factor=1.50, min_reach=20.0
2026-07-26 13:59:21,421 - m3_module.m3_dot_detection - INFO - detect_all_dots: 紅點=1, 黑點=2, 涉及細胞=99
2026-07-26 13:59:21,633 - m4_module.cell_crops - INFO - 匯出 62 張 per-cell 影像至 /data/taro_Projects/tsgh/output/r7_run/cell_crops/tile_x17664_y9984/cells
2026-07-26 13:59:21,633 - hybrid_pipeline - INFO - Tile tile_x17664_y9984 完成: 核心擁有 62 細胞 (62 陽性), 1.06 秒
2026-07-26 13:59:21,634 - hybrid_pipeline - INFO - [338/576] 處理 tile: tile_x1536_y10752
2026-07-26 13:59:21,661 - hybrid_pipeline - INFO - Tile tile_x0_y10752: 核心遮罩全空 → 空白 placeholder
2026-07-26 13:59:21,679 - hybrid_pipeline - INFO - [339/576] 處理 tile: tile_x768_y10752
2026-07-26 13:59:21,703 - hybrid_pipeline - INFO - Tile tile_x1536_y10752: 核心遮罩全空 → 空白 placeholder
2026-07-26 13:59:21,717 - hybrid_pipeline - INFO - [340/576] 處理 tile: tile_x2304_y10752
2026-07-26 13:59:21,743 - hybrid_pipeline - INFO - Tile tile_x768_y10752: 核心遮罩全空 → 空白 placeholder
2026-07-26 13:59:21,753 - hybrid_pipeline - INFO - [341/576] 處理 tile: tile_x3072_y10752
2026-07-26 13:59:21,776 - hybrid_pipeline - INFO - Tile tile_x2304_y10752: 核心遮罩全空 → 空白 placeholder
2026-07-26 13:59:21,790 - hybrid_pipeline - INFO - [342/576] 處理 tile: tile_x3840_y10752
2026-07-26 13:59:21,814 - hybrid_pipeline - INFO - Tile tile_x3072_y10752: 核心遮罩全空 → 空白 placeholder
2026-07-26 13:59:21,829 - hybrid_pipeline - INFO - [343/576] 處理 tile: tile_x4608_y10752
2026-07-26 13:59:21,853 - hybrid_pipeline - INFO - Tile tile_x3840_y10752: 核心遮罩全空 → 空白 placeholder
2026-07-26 13:59:21,869 - hybrid_pipeline - INFO - [344/576] 處理 tile: tile_x5376_y10752
2026-07-26 13:59:21,891 - hybrid_pipeline - INFO - Tile tile_x4608_y10752: 核心遮罩全空 → 空白 placeholder
2026-07-26 13:59:22,457 - hybrid_pipeline - INFO - [345/576] 處理 tile: tile_x6144_y10752
2026-07-26 13:59:22,482 - m3_module.m3_cells_generator - INFO - All-positive 標註完成: 68 個細胞
2026-07-26 13:59:22,527 - m3_module.m3_cells_generator - INFO - enlarge_cell_instances: 68 顆細胞, factor=1.50(面積), 中位半徑=20.6px, 外擴=4.6px
2026-07-26 13:59:22,557 - m3_module.m3_elastic_matching - INFO - elastic_dish_nucleus_matching(overlap-first): IHC=68, DISH=5, matched(1核)=3 (其中重疊=3), drop-out(競爭落敗)=1, 無候選(計入)=64, factor=1.50, min_reach=20.0
2026-07-26 13:59:22,673 - m3_module.m3_dot_detection - INFO - detect_all_dots: 紅點=3, 黑點=3, 涉及細胞=68
2026-07-26 13:59:22,862 - m4_module.cell_crops - INFO - 匯出 42 張 per-cell 影像至 /data/taro_Projects/tsgh/output/r7_run/cell_crops/tile_x5376_y10752/cells
2026-07-26 13:59:22,863 - hybrid_pipeline - INFO - Tile tile_x5376_y10752 完成: 核心擁有 42 細胞 (42 陽性), 0.99 秒
2026-07-26 13:59:23,072 - hybrid_pipeline - INFO - [346/576] 處理 tile: tile_x6912_y10752
2026-07-26 13:59:23,101 - m3_module.m3_cells_generator - INFO - All-positive 標註完成: 61 個細胞
2026-07-26 13:59:23,147 - m3_module.m3_cells_generator - INFO - enlarge_cell_instances: 61 顆細胞, factor=1.50(面積), 中位半徑=23.6px, 外擴=5.3px
2026-07-26 13:59:23,172 - m3_module.m3_elastic_matching - INFO - elastic_dish_nucleus_matching(overlap-first): IHC=61, DISH=8, matched(1核)=5 (其中重疊=4), drop-out(競爭落敗)=2, 無候選(計入)=54, factor=1.50, min_reach=20.0
2026-07-26 13:59:23,294 - m3_module.m3_dot_detection - INFO - detect_all_dots: 紅點=3, 黑點=6, 涉及細胞=61
2026-07-26 13:59:23,470 - m4_module.cell_crops - INFO - 匯出 22 張 per-cell 影像至 /data/taro_Projects/tsgh/output/r7_run/cell_crops/tile_x6144_y10752/cells
2026-07-26 13:59:23,470 - hybrid_pipeline - INFO - Tile tile_x6144_y10752 完成: 核心擁有 22 細胞 (22 陽性), 1.01 秒
2026-07-26 13:59:23,683 - hybrid_pipeline - INFO - [347/576] 處理 tile: tile_x7680_y10752
2026-07-26 13:59:23,713 - m3_module.m3_cells_generator - INFO - All-positive 標註完成: 54 個細胞
2026-07-26 13:59:23,760 - m3_module.m3_cells_generator - INFO - enlarge_cell_instances: 54 顆細胞, factor=1.50(面積), 中位半徑=19.2px, 外擴=4.3px
2026-07-26 13:59:23,783 - m3_module.m3_elastic_matching - INFO - elastic_dish_nucleus_matching(overlap-first): IHC=54, DISH=5, matched(1核)=2 (其中重疊=2), drop-out(競爭落敗)=0, 無候選(計入)=52, factor=1.50, min_reach=20.0
2026-07-26 13:59:23,895 - m3_module.m3_dot_detection - INFO - detect_all_dots: 紅點=1, 黑點=2, 涉及細胞=54
2026-07-26 13:59:24,074 - m4_module.cell_crops - INFO - 匯出 40 張 per-cell 影像至 /data/taro_Projects/tsgh/output/r7_run/cell_crops/tile_x6912_y10752/cells
2026-07-26 13:59:24,074 - hybrid_pipeline - INFO - Tile tile_x6912_y10752 完成: 核心擁有 40 細胞 (40 陽性), 1.00 秒
2026-07-26 13:59:24,289 - hybrid_pipeline - INFO - [348/576] 處理 tile: tile_x8448_y10752
2026-07-26 13:59:24,319 - m3_module.m3_cells_generator - INFO - All-positive 標註完成: 61 個細胞
2026-07-26 13:59:24,367 - m3_module.m3_cells_generator - INFO - enlarge_cell_instances: 61 顆細胞, factor=1.50(面積), 中位半徑=22.6px, 外擴=5.1px
2026-07-26 13:59:24,392 - m3_module.m3_elastic_matching - INFO - elastic_dish_nucleus_matching(overlap-first): IHC=61, DISH=3, matched(1核)=2 (其中重疊=2), drop-out(競爭落敗)=0, 無候選(計入)=59, factor=1.50, min_reach=20.0
2026-07-26 13:59:24,506 - m3_module.m3_dot_detection - INFO - detect_all_dots: 紅點=1, 黑點=3, 涉及細胞=61
2026-07-26 13:59:24,699 - m4_module.cell_crops - INFO - 匯出 36 張 per-cell 影像至 /data/taro_Projects/tsgh/output/r7_run/cell_crops/tile_x7680_y10752/cells
2026-07-26 13:59:24,699 - hybrid_pipeline - INFO - Tile tile_x7680_y10752 完成: 核心擁有 36 細胞 (36 陽性), 1.02 秒
2026-07-26 13:59:24,911 - hybrid_pipeline - INFO - [349/576] 處理 tile: tile_x9216_y10752
2026-07-26 13:59:24,940 - m3_module.m3_cells_generator - INFO - All-positive 標註完成: 65 個細胞
2026-07-26 13:59:24,991 - m3_module.m3_cells_generator - INFO - enlarge_cell_instances: 65 顆細胞, factor=1.50(面積), 中位半徑=23.5px, 外擴=5.3px
2026-07-26 13:59:25,017 - m3_module.m3_elastic_matching - INFO - elastic_dish_nucleus_matching(overlap-first): IHC=65, DISH=2, matched(1核)=2 (其中重疊=2), drop-out(競爭落敗)=0, 無候選(計入)=63, factor=1.50, min_reach=20.0
2026-07-26 13:59:25,130 - m3_module.m3_dot_detection - INFO - detect_all_dots: 紅點=1, 黑點=3, 涉及細胞=65
2026-07-26 13:59:25,313 - m4_module.cell_crops - INFO - 匯出 51 張 per-cell 影像至 /data/taro_Projects/tsgh/output/r7_run/cell_crops/tile_x8448_y10752/cells
2026-07-26 13:59:25,313 - hybrid_pipeline - INFO - Tile tile_x8448_y10752 完成: 核心擁有 51 細胞 (51 陽性), 1.02 秒
2026-07-26 13:59:25,506 - hybrid_pipeline - INFO - [350/576] 處理 tile: tile_x9984_y10752
2026-07-26 13:59:25,535 - m3_module.m3_cells_generator - INFO - All-positive 標註完成: 33 個細胞
2026-07-26 13:59:25,573 - m3_module.m3_cells_generator - INFO - enlarge_cell_instances: 33 顆細胞, factor=1.50(面積), 中位半徑=19.1px, 外擴=4.3px
2026-07-26 13:59:25,685 - m3_module.m3_dot_detection - INFO - detect_all_dots: 紅點=0, 黑點=0, 涉及細胞=33
2026-07-26 13:59:25,756 - cellpose.dynamics - INFO - No cell pixels found.
2026-07-26 13:59:25,775 - m4_module.cell_crops - INFO - 匯出 19 張 per-cell 影像至 /data/taro_Projects/tsgh/output/r7_run/cell_crops/tile_x9216_y10752/cells
2026-07-26 13:59:25,775 - hybrid_pipeline - INFO - Tile tile_x9216_y10752 完成: 核心擁有 19 細胞 (19 陽性), 0.86 秒
2026-07-26 13:59:26,050 - hybrid_pipeline - INFO - [351/576] 處理 tile: tile_x11520_y10752
2026-07-26 13:59:26,062 - m3_module.m3_cells_generator - INFO - All-positive 標註完成: 0 個細胞
2026-07-26 13:59:26,196 - m3_module.m3_dot_detection - INFO - detect_all_dots: 紅點=0, 黑點=0, 涉及細胞=0
2026-07-26 13:59:26,233 - m4_module.cell_crops - INFO - 匯出 0 張 per-cell 影像至 /data/taro_Projects/tsgh/output/r7_run/cell_crops/tile_x9984_y10752/cells
2026-07-26 13:59:26,233 - hybrid_pipeline - INFO - Tile tile_x9984_y10752 完成: 核心擁有 0 細胞 (0 陽性), 0.73 秒
2026-07-26 13:59:26,633 - hybrid_pipeline - INFO - [352/576] 處理 tile: tile_x12288_y10752
2026-07-26 13:59:26,663 - m3_module.m3_cells_generator - INFO - All-positive 標註完成: 33 個細胞
2026-07-26 13:59:26,712 - m3_module.m3_cells_generator - INFO - enlarge_cell_instances: 33 顆細胞, factor=1.50(面積), 中位半徑=20.5px, 外擴=4.6px
2026-07-26 13:59:26,839 - m3_module.m3_dot_detection - INFO - detect_all_dots: 紅點=0, 黑點=0, 涉及細胞=33
2026-07-26 13:59:26,958 - m4_module.cell_crops - INFO - 匯出 15 張 per-cell 影像至 /data/taro_Projects/tsgh/output/r7_run/cell_crops/tile_x11520_y10752/cells
2026-07-26 13:59:26,958 - hybrid_pipeline - INFO - Tile tile_x11520_y10752 完成: 核心擁有 15 細胞 (15 陽性), 0.91 秒
2026-07-26 13:59:27,227 - hybrid_pipeline - INFO - [353/576] 處理 tile: tile_x10752_y10752
2026-07-26 13:59:27,256 - m3_module.m3_cells_generator - INFO - All-positive 標註完成: 16 個細胞
2026-07-26 13:59:27,289 - m3_module.m3_cells_generator - INFO - enlarge_cell_instances: 16 顆細胞, factor=1.50(面積), 中位半徑=23.8px, 外擴=5.3px
2026-07-26 13:59:27,313 - m3_module.m3_elastic_matching - INFO - elastic_dish_nucleus_matching(overlap-first): IHC=16, DISH=1, matched(1核)=0 (其中重疊=0), drop-out(競爭落敗)=0, 無候選(計入)=16, factor=1.50, min_reach=20.0
2026-07-26 13:59:27,420 - m3_module.m3_dot_detection - INFO - detect_all_dots: 紅點=0, 黑點=0, 涉及細胞=16
2026-07-26 13:59:27,479 - m4_module.cell_crops - INFO - 匯出 2 張 per-cell 影像至 /data/taro_Projects/tsgh/output/r7_run/cell_crops/tile_x12288_y10752/cells
2026-07-26 13:59:27,479 - hybrid_pipeline - INFO - Tile tile_x12288_y10752 完成: 核心擁有 2 細胞 (2 陽性), 0.85 秒
2026-07-26 13:59:27,815 - hybrid_pipeline - INFO - [354/576] 處理 tile: tile_x13056_y10752
2026-07-26 13:59:27,845 - m3_module.m3_cells_generator - INFO - All-positive 標註完成: 20 個細胞
2026-07-26 13:59:27,884 - m3_module.m3_cells_generator - INFO - enlarge_cell_instances: 20 顆細胞, factor=1.50(面積), 中位半徑=25.1px, 外擴=5.6px
2026-07-26 13:59:27,907 - m3_module.m3_elastic_matching - INFO - elastic_dish_nucleus_matching(overlap-first): IHC=20, DISH=7, matched(1核)=6 (其中重疊=6), drop-out(競爭落敗)=1, 無候選(計入)=13, factor=1.50, min_reach=20.0
2026-07-26 13:59:28,024 - m3_module.m3_dot_detection - INFO - detect_all_dots: 紅點=6, 黑點=9, 涉及細胞=20
2026-07-26 13:59:28,137 - m4_module.cell_crops - INFO - 匯出 7 張 per-cell 影像至 /data/taro_Projects/tsgh/output/r7_run/cell_crops/tile_x10752_y10752/cells
2026-07-26 13:59:28,137 - hybrid_pipeline - INFO - Tile tile_x10752_y10752 完成: 核心擁有 7 細胞 (7 陽性), 0.91 秒
2026-07-26 13:59:28,138 - hybrid_pipeline - INFO - [355/576] 處理 tile: tile_x13824_y10752
2026-07-26 13:59:28,163 - hybrid_pipeline - INFO - Tile tile_x13056_y10752: 核心遮罩全空 → 空白 placeholder
2026-07-26 13:59:28,182 - hybrid_pipeline - INFO - [356/576] 處理 tile: tile_x14592_y10752
2026-07-26 13:59:28,205 - hybrid_pipeline - INFO - Tile tile_x13824_y10752: 核心遮罩全空 → 空白 placeholder
2026-07-26 13:59:28,414 - cellpose.dynamics - INFO - No cell pixels found.
2026-07-26 13:59:28,720 - hybrid_pipeline - INFO - [357/576] 處理 tile: tile_x15360_y10752
2026-07-26 13:59:28,732 - m3_module.m3_cells_generator - INFO - All-positive 標註完成: 0 個細胞
2026-07-26 13:59:28,858 - m3_module.m3_dot_detection - INFO - detect_all_dots: 紅點=0, 黑點=0, 涉及細胞=0
2026-07-26 13:59:28,892 - m4_module.cell_crops - INFO - 匯出 0 張 per-cell 影像至 /data/taro_Projects/tsgh/output/r7_run/cell_crops/tile_x14592_y10752/cells
2026-07-26 13:59:28,892 - hybrid_pipeline - INFO - Tile tile_x14592_y10752 完成: 核心擁有 0 細胞 (0 陽性), 0.71 秒
2026-07-26 13:59:29,331 - hybrid_pipeline - INFO - [358/576] 處理 tile: tile_x16128_y10752
2026-07-26 13:59:29,362 - m3_module.m3_cells_generator - INFO - All-positive 標註完成: 33 個細胞
2026-07-26 13:59:29,410 - m3_module.m3_cells_generator - INFO - enlarge_cell_instances: 33 顆細胞, factor=1.50(面積), 中位半徑=23.7px, 外擴=5.3px
2026-07-26 13:59:29,433 - m3_module.m3_elastic_matching - INFO - elastic_dish_nucleus_matching(overlap-first): IHC=33, DISH=1, matched(1核)=1 (其中重疊=1), drop-out(競爭落敗)=0, 無候選(計入)=32, factor=1.50, min_reach=20.0
2026-07-26 13:59:29,543 - m3_module.m3_dot_detection - INFO - detect_all_dots: 紅點=1, 黑點=1, 涉及細胞=33
2026-07-26 13:59:29,696 - m4_module.cell_crops - INFO - 匯出 21 張 per-cell 影像至 /data/taro_Projects/tsgh/output/r7_run/cell_crops/tile_x15360_y10752/cells
2026-07-26 13:59:29,696 - hybrid_pipeline - INFO - Tile tile_x15360_y10752 完成: 核心擁有 21 細胞 (21 陽性), 0.98 秒
2026-07-26 13:59:29,959 - hybrid_pipeline - INFO - [359/576] 處理 tile: tile_x16896_y10752
2026-07-26 13:59:29,987 - m3_module.m3_cells_generator - INFO - All-positive 標註完成: 95 個細胞
2026-07-26 13:59:30,038 - m3_module.m3_cells_generator - INFO - enlarge_cell_instances: 95 顆細胞, factor=1.50(面積), 中位半徑=20.2px, 外擴=4.6px
2026-07-26 13:59:30,064 - m3_module.m3_elastic_matching - INFO - elastic_dish_nucleus_matching(overlap-first): IHC=95, DISH=2, matched(1核)=1 (其中重疊=1), drop-out(競爭落敗)=1, 無候選(計入)=93, factor=1.50, min_reach=20.0
2026-07-26 13:59:30,178 - m3_module.m3_dot_detection - INFO - detect_all_dots: 紅點=2, 黑點=3, 涉及細胞=95
2026-07-26 13:59:30,424 - m4_module.cell_crops - INFO - 匯出 54 張 per-cell 影像至 /data/taro_Projects/tsgh/output/r7_run/cell_crops/tile_x16128_y10752/cells
2026-07-26 13:59:30,424 - hybrid_pipeline - INFO - Tile tile_x16128_y10752 完成: 核心擁有 54 細胞 (54 陽性), 1.09 秒
2026-07-26 13:59:30,572 - hybrid_pipeline - INFO - [360/576] 處理 tile: tile_x17664_y10752
2026-07-26 13:59:30,600 - m3_module.m3_cells_generator - INFO - All-positive 標註完成: 72 個細胞
2026-07-26 13:59:30,651 - m3_module.m3_cells_generator - INFO - enlarge_cell_instances: 72 顆細胞, factor=1.50(面積), 中位半徑=22.9px, 外擴=5.1px
2026-07-26 13:59:30,676 - m3_module.m3_elastic_matching - INFO - elastic_dish_nucleus_matching(overlap-first): IHC=72, DISH=9, matched(1核)=7 (其中重疊=7), drop-out(競爭落敗)=3, 無候選(計入)=62, factor=1.50, min_reach=20.0
2026-07-26 13:59:30,803 - m3_module.m3_dot_detection - INFO - detect_all_dots: 紅點=7, 黑點=8, 涉及細胞=72
2026-07-26 13:59:31,017 - m4_module.cell_crops - INFO - 匯出 40 張 per-cell 影像至 /data/taro_Projects/tsgh/output/r7_run/cell_crops/tile_x16896_y10752/cells
2026-07-26 13:59:31,017 - hybrid_pipeline - INFO - Tile tile_x16896_y10752 完成: 核心擁有 40 細胞 (40 陽性), 1.06 秒
2026-07-26 13:59:31,192 - hybrid_pipeline - INFO - [361/576] 處理 tile: tile_x768_y11520
2026-07-26 13:59:31,221 - m3_module.m3_cells_generator - INFO - All-positive 標註完成: 61 個細胞
2026-07-26 13:59:31,270 - m3_module.m3_cells_generator - INFO - enlarge_cell_instances: 61 顆細胞, factor=1.50(面積), 中位半徑=25.7px, 外擴=5.8px
2026-07-26 13:59:31,294 - m3_module.m3_elastic_matching - INFO - elastic_dish_nucleus_matching(overlap-first): IHC=61, DISH=4, matched(1核)=2 (其中重疊=2), drop-out(競爭落敗)=0, 無候選(計入)=59, factor=1.50, min_reach=20.0
2026-07-26 13:59:31,404 - m3_module.m3_dot_detection - INFO - detect_all_dots: 紅點=1, 黑點=1, 涉及細胞=61
2026-07-26 13:59:31,580 - m4_module.cell_crops - INFO - 匯出 31 張 per-cell 影像至 /data/taro_Projects/tsgh/output/r7_run/cell_crops/tile_x17664_y10752/cells
2026-07-26 13:59:31,580 - hybrid_pipeline - INFO - Tile tile_x17664_y10752 完成: 核心擁有 31 細胞 (31 陽性), 1.01 秒
2026-07-26 13:59:31,580 - hybrid_pipeline - INFO - [362/576] 處理 tile: tile_x1536_y11520
2026-07-26 13:59:31,604 - hybrid_pipeline - INFO - Tile tile_x768_y11520: 核心遮罩全空 → 空白 placeholder
2026-07-26 13:59:31,627 - hybrid_pipeline - INFO - [363/576] 處理 tile: tile_x0_y11520
2026-07-26 13:59:31,651 - hybrid_pipeline - INFO - Tile tile_x1536_y11520: 核心遮罩全空 → 空白 placeholder
2026-07-26 13:59:31,664 - hybrid_pipeline - INFO - [364/576] 處理 tile: tile_x2304_y11520
2026-07-26 13:59:31,687 - hybrid_pipeline - INFO - Tile tile_x0_y11520: 核心遮罩全空 → 空白 placeholder
2026-07-26 13:59:31,700 - hybrid_pipeline - INFO - [365/576] 處理 tile: tile_x3072_y11520
2026-07-26 13:59:31,724 - hybrid_pipeline - INFO - Tile tile_x2304_y11520: 核心遮罩全空 → 空白 placeholder
2026-07-26 13:59:31,736 - hybrid_pipeline - INFO - [366/576] 處理 tile: tile_x3840_y11520
2026-07-26 13:59:31,759 - hybrid_pipeline - INFO - Tile tile_x3072_y11520: 核心遮罩全空 → 空白 placeholder
2026-07-26 13:59:31,775 - hybrid_pipeline - INFO - [367/576] 處理 tile: tile_x4608_y11520
2026-07-26 13:59:31,798 - hybrid_pipeline - INFO - Tile tile_x3840_y11520: 核心遮罩全空 → 空白 placeholder
2026-07-26 13:59:32,003 - cellpose.dynamics - INFO - No cell pixels found.
2026-07-26 13:59:32,302 - hybrid_pipeline - INFO - [368/576] 處理 tile: tile_x5376_y11520
2026-07-26 13:59:32,312 - m3_module.m3_cells_generator - INFO - All-positive 標註完成: 0 個細胞
2026-07-26 13:59:32,440 - m3_module.m3_dot_detection - INFO - detect_all_dots: 紅點=0, 黑點=0, 涉及細胞=0
2026-07-26 13:59:32,474 - m4_module.cell_crops - INFO - 匯出 0 張 per-cell 影像至 /data/taro_Projects/tsgh/output/r7_run/cell_crops/tile_x4608_y11520/cells
2026-07-26 13:59:32,474 - hybrid_pipeline - INFO - Tile tile_x4608_y11520 完成: 核心擁有 0 細胞 (0 陽性), 0.70 秒
2026-07-26 13:59:32,918 - hybrid_pipeline - INFO - [369/576] 處理 tile: tile_x6912_y11520
2026-07-26 13:59:32,948 - m3_module.m3_cells_generator - INFO - All-positive 標註完成: 71 個細胞
2026-07-26 13:59:32,999 - m3_module.m3_cells_generator - INFO - enlarge_cell_instances: 71 顆細胞, factor=1.50(面積), 中位半徑=19.7px, 外擴=4.4px
2026-07-26 13:59:33,024 - m3_module.m3_elastic_matching - INFO - elastic_dish_nucleus_matching(overlap-first): IHC=71, DISH=4, matched(1核)=2 (其中重疊=2), drop-out(競爭落敗)=1, 無候選(計入)=68, factor=1.50, min_reach=20.0
2026-07-26 13:59:33,139 - m3_module.m3_dot_detection - INFO - detect_all_dots: 紅點=2, 黑點=1, 涉及細胞=71
2026-07-26 13:59:33,305 - m4_module.cell_crops - INFO - 匯出 31 張 per-cell 影像至 /data/taro_Projects/tsgh/output/r7_run/cell_crops/tile_x5376_y11520/cells
2026-07-26 13:59:33,305 - hybrid_pipeline - INFO - Tile tile_x5376_y11520 完成: 核心擁有 31 細胞 (31 陽性), 1.00 秒
2026-07-26 13:59:33,542 - hybrid_pipeline - INFO - [370/576] 處理 tile: tile_x6144_y11520
2026-07-26 13:59:33,570 - m3_module.m3_cells_generator - INFO - All-positive 標註完成: 90 個細胞
2026-07-26 13:59:33,619 - m3_module.m3_cells_generator - INFO - enlarge_cell_instances: 90 顆細胞, factor=1.50(面積), 中位半徑=24.5px, 外擴=5.5px
2026-07-26 13:59:33,645 - m3_module.m3_elastic_matching - INFO - elastic_dish_nucleus_matching(overlap-first): IHC=90, DISH=5, matched(1核)=5 (其中重疊=5), drop-out(競爭落敗)=0, 無候選(計入)=85, factor=1.50, min_reach=20.0
2026-07-26 13:59:33,764 - m3_module.m3_dot_detection - INFO - detect_all_dots: 紅點=1, 黑點=4, 涉及細胞=90
2026-07-26 13:59:33,996 - m4_module.cell_crops - INFO - 匯出 53 張 per-cell 影像至 /data/taro_Projects/tsgh/output/r7_run/cell_crops/tile_x6912_y11520/cells
2026-07-26 13:59:33,996 - hybrid_pipeline - INFO - Tile tile_x6912_y11520 完成: 核心擁有 53 細胞 (53 陽性), 1.08 秒
2026-07-26 13:59:34,146 - hybrid_pipeline - INFO - [371/576] 處理 tile: tile_x7680_y11520
2026-07-26 13:59:34,175 - m3_module.m3_cells_generator - INFO - All-positive 標註完成: 72 個細胞
2026-07-26 13:59:34,221 - m3_module.m3_cells_generator - INFO - enlarge_cell_instances: 72 顆細胞, factor=1.50(面積), 中位半徑=22.1px, 外擴=5.0px
2026-07-26 13:59:34,246 - m3_module.m3_elastic_matching - INFO - elastic_dish_nucleus_matching(overlap-first): IHC=72, DISH=6, matched(1核)=4 (其中重疊=4), drop-out(競爭落敗)=2, 無候選(計入)=66, factor=1.50, min_reach=20.0
2026-07-26 13:59:34,362 - m3_module.m3_dot_detection - INFO - detect_all_dots: 紅點=3, 黑點=2, 涉及細胞=72
2026-07-26 13:59:34,545 - m4_module.cell_crops - INFO - 匯出 46 張 per-cell 影像至 /data/taro_Projects/tsgh/output/r7_run/cell_crops/tile_x6144_y11520/cells
2026-07-26 13:59:34,545 - hybrid_pipeline - INFO - Tile tile_x6144_y11520 完成: 核心擁有 46 細胞 (46 陽性), 1.00 秒
2026-07-26 13:59:34,772 - hybrid_pipeline - INFO - [372/576] 處理 tile: tile_x8448_y11520
2026-07-26 13:59:34,801 - m3_module.m3_cells_generator - INFO - All-positive 標註完成: 80 個細胞
2026-07-26 13:59:34,852 - m3_module.m3_cells_generator - INFO - enlarge_cell_instances: 80 顆細胞, factor=1.50(面積), 中位半徑=24.8px, 外擴=5.6px
2026-07-26 13:59:34,878 - m3_module.m3_elastic_matching - INFO - elastic_dish_nucleus_matching(overlap-first): IHC=80, DISH=8, matched(1核)=5 (其中重疊=5), drop-out(競爭落敗)=0, 無候選(計入)=75, factor=1.50, min_reach=20.0
2026-07-26 13:59:35,004 - m3_module.m3_dot_detection - INFO - detect_all_dots: 紅點=2, 黑點=7, 涉及細胞=80
2026-07-26 13:59:35,226 - m4_module.cell_crops - INFO - 匯出 41 張 per-cell 影像至 /data/taro_Projects/tsgh/output/r7_run/cell_crops/tile_x7680_y11520/cells
2026-07-26 13:59:35,226 - hybrid_pipeline - INFO - Tile tile_x7680_y11520 完成: 核心擁有 41 細胞 (41 陽性), 1.08 秒
2026-07-26 13:59:35,377 - hybrid_pipeline - INFO - [373/576] 處理 tile: tile_x9216_y11520
2026-07-26 13:59:35,406 - m3_module.m3_cells_generator - INFO - All-positive 標註完成: 80 個細胞
2026-07-26 13:59:35,457 - m3_module.m3_cells_generator - INFO - enlarge_cell_instances: 80 顆細胞, factor=1.50(面積), 中位半徑=19.9px, 外擴=4.5px
2026-07-26 13:59:35,481 - m3_module.m3_elastic_matching - INFO - elastic_dish_nucleus_matching(overlap-first): IHC=80, DISH=2, matched(1核)=1 (其中重疊=1), drop-out(競爭落敗)=0, 無候選(計入)=79, factor=1.50, min_reach=20.0
2026-07-26 13:59:35,592 - m3_module.m3_dot_detection - INFO - detect_all_dots: 紅點=0, 黑點=2, 涉及細胞=80
2026-07-26 13:59:35,780 - m4_module.cell_crops - INFO - 匯出 53 張 per-cell 影像至 /data/taro_Projects/tsgh/output/r7_run/cell_crops/tile_x8448_y11520/cells
2026-07-26 13:59:35,780 - hybrid_pipeline - INFO - Tile tile_x8448_y11520 完成: 核心擁有 53 細胞 (53 陽性), 1.01 秒
2026-07-26 13:59:35,972 - hybrid_pipeline - INFO - [374/576] 處理 tile: tile_x9984_y11520
2026-07-26 13:59:36,001 - m3_module.m3_cells_generator - INFO - All-positive 標註完成: 9 個細胞
2026-07-26 13:59:36,032 - m3_module.m3_cells_generator - INFO - enlarge_cell_instances: 9 顆細胞, factor=1.50(面積), 中位半徑=20.4px, 外擴=4.6px
2026-07-26 13:59:36,145 - m3_module.m3_dot_detection - INFO - detect_all_dots: 紅點=0, 黑點=0, 涉及細胞=9
2026-07-26 13:59:36,200 - m4_module.cell_crops - INFO - 匯出 0 張 per-cell 影像至 /data/taro_Projects/tsgh/output/r7_run/cell_crops/tile_x9216_y11520/cells
2026-07-26 13:59:36,200 - hybrid_pipeline - INFO - Tile tile_x9216_y11520 完成: 核心擁有 0 細胞 (0 陽性), 0.82 秒
2026-07-26 13:59:36,587 - hybrid_pipeline - INFO - [375/576] 處理 tile: tile_x10752_y11520
2026-07-26 13:59:36,620 - m3_module.m3_cells_generator - INFO - All-positive 標註完成: 59 個細胞
2026-07-26 13:59:36,671 - m3_module.m3_cells_generator - INFO - enlarge_cell_instances: 59 顆細胞, factor=1.50(面積), 中位半徑=20.6px, 外擴=4.6px
2026-07-26 13:59:36,696 - m3_module.m3_elastic_matching - INFO - elastic_dish_nucleus_matching(overlap-first): IHC=59, DISH=9, matched(1核)=8 (其中重疊=8), drop-out(競爭落敗)=3, 無候選(計入)=48, factor=1.50, min_reach=20.0
2026-07-26 13:59:36,827 - m3_module.m3_dot_detection - INFO - detect_all_dots: 紅點=7, 黑點=10, 涉及細胞=59
2026-07-26 13:59:37,013 - m4_module.cell_crops - INFO - 匯出 32 張 per-cell 影像至 /data/taro_Projects/tsgh/output/r7_run/cell_crops/tile_x9984_y11520/cells
2026-07-26 13:59:37,013 - hybrid_pipeline - INFO - Tile tile_x9984_y11520 完成: 核心擁有 32 細胞 (32 陽性), 1.04 秒
2026-07-26 13:59:37,236 - hybrid_pipeline - INFO - [376/576] 處理 tile: tile_x12288_y11520
2026-07-26 13:59:37,263 - m3_module.m3_cells_generator - INFO - All-positive 標註完成: 109 個細胞
2026-07-26 13:59:37,315 - m3_module.m3_cells_generator - INFO - enlarge_cell_instances: 109 顆細胞, factor=1.50(面積), 中位半徑=23.9px, 外擴=5.4px
2026-07-26 13:59:37,341 - m3_module.m3_elastic_matching - INFO - elastic_dish_nucleus_matching(overlap-first): IHC=109, DISH=25, matched(1核)=17 (其中重疊=17), drop-out(競爭落敗)=6, 無候選(計入)=86, factor=1.50, min_reach=20.0
2026-07-26 13:59:37,502 - m3_module.m3_dot_detection - INFO - detect_all_dots: 紅點=19, 黑點=23, 涉及細胞=109
2026-07-26 13:59:37,829 - m4_module.cell_crops - INFO - 匯出 65 張 per-cell 影像至 /data/taro_Projects/tsgh/output/r7_run/cell_crops/tile_x10752_y11520/cells
2026-07-26 13:59:37,830 - hybrid_pipeline - INFO - Tile tile_x10752_y11520 完成: 核心擁有 65 細胞 (65 陽性), 1.24 秒
2026-07-26 13:59:37,856 - hybrid_pipeline - INFO - [377/576] 處理 tile: tile_x11520_y11520
2026-07-26 13:59:37,879 - m3_module.m3_cells_generator - INFO - All-positive 標註完成: 45 個細胞
2026-07-26 13:59:37,922 - m3_module.m3_cells_generator - INFO - enlarge_cell_instances: 45 顆細胞, factor=1.50(面積), 中位半徑=26.3px, 外擴=5.9px
2026-07-26 13:59:37,947 - m3_module.m3_elastic_matching - INFO - elastic_dish_nucleus_matching(overlap-first): IHC=45, DISH=2, matched(1核)=1 (其中重疊=1), drop-out(競爭落敗)=1, 無候選(計入)=43, factor=1.50, min_reach=20.0
2026-07-26 13:59:38,033 - m3_module.m3_dot_detection - INFO - detect_all_dots: 紅點=2, 黑點=3, 涉及細胞=45
2026-07-26 13:59:38,191 - m4_module.cell_crops - INFO - 匯出 24 張 per-cell 影像至 /data/taro_Projects/tsgh/output/r7_run/cell_crops/tile_x12288_y11520/cells
2026-07-26 13:59:38,191 - hybrid_pipeline - INFO - Tile tile_x12288_y11520 完成: 核心擁有 24 細胞 (24 陽性), 0.96 秒
2026-07-26 13:59:38,499 - hybrid_pipeline - INFO - [378/576] 處理 tile: tile_x13056_y11520
2026-07-26 13:59:38,529 - m3_module.m3_cells_generator - INFO - All-positive 標註完成: 93 個細胞
2026-07-26 13:59:38,578 - m3_module.m3_cells_generator - INFO - enlarge_cell_instances: 93 顆細胞, factor=1.50(面積), 中位半徑=24.0px, 外擴=5.4px
2026-07-26 13:59:38,604 - m3_module.m3_elastic_matching - INFO - elastic_dish_nucleus_matching(overlap-first): IHC=93, DISH=14, matched(1核)=7 (其中重疊=7), drop-out(競爭落敗)=3, 無候選(計入)=83, factor=1.50, min_reach=20.0
2026-07-26 13:59:38,738 - m3_module.m3_dot_detection - INFO - detect_all_dots: 紅點=7, 黑點=13, 涉及細胞=93
2026-07-26 13:59:38,995 - m4_module.cell_crops - INFO - 匯出 50 張 per-cell 影像至 /data/taro_Projects/tsgh/output/r7_run/cell_crops/tile_x11520_y11520/cells
2026-07-26 13:59:38,995 - hybrid_pipeline - INFO - Tile tile_x11520_y11520 完成: 核心擁有 50 細胞 (50 陽性), 1.14 秒
2026-07-26 13:59:39,079 - hybrid_pipeline - INFO - [379/576] 處理 tile: tile_x13824_y11520
2026-07-26 13:59:39,108 - m3_module.m3_cells_generator - INFO - All-positive 標註完成: 6 個細胞
2026-07-26 13:59:39,136 - m3_module.m3_cells_generator - INFO - enlarge_cell_instances: 6 顆細胞, factor=1.50(面積), 中位半徑=15.6px, 外擴=3.5px
2026-07-26 13:59:39,242 - m3_module.m3_dot_detection - INFO - detect_all_dots: 紅點=0, 黑點=0, 涉及細胞=6
2026-07-26 13:59:39,277 - m4_module.cell_crops - INFO - 匯出 0 張 per-cell 影像至 /data/taro_Projects/tsgh/output/r7_run/cell_crops/tile_x13056_y11520/cells
2026-07-26 13:59:39,277 - hybrid_pipeline - INFO - Tile tile_x13056_y11520 完成: 核心擁有 0 細胞 (0 陽性), 0.78 秒
2026-07-26 13:59:39,279 - hybrid_pipeline - INFO - [380/576] 處理 tile: tile_x14592_y11520
2026-07-26 13:59:39,306 - hybrid_pipeline - INFO - Tile tile_x13824_y11520: 核心遮罩全空 → 空白 placeholder
2026-07-26 13:59:39,527 - cellpose.dynamics - INFO - No cell pixels found.
2026-07-26 13:59:39,826 - hybrid_pipeline - INFO - [381/576] 處理 tile: tile_x15360_y11520
2026-07-26 13:59:39,837 - m3_module.m3_cells_generator - INFO - All-positive 標註完成: 0 個細胞
2026-07-26 13:59:39,976 - m3_module.m3_dot_detection - INFO - detect_all_dots: 紅點=0, 黑點=0, 涉及細胞=0
2026-07-26 13:59:40,010 - m4_module.cell_crops - INFO - 匯出 0 張 per-cell 影像至 /data/taro_Projects/tsgh/output/r7_run/cell_crops/tile_x14592_y11520/cells
2026-07-26 13:59:40,010 - hybrid_pipeline - INFO - Tile tile_x14592_y11520 完成: 核心擁有 0 細胞 (0 陽性), 0.73 秒
2026-07-26 13:59:40,431 - hybrid_pipeline - INFO - [382/576] 處理 tile: tile_x16896_y11520
2026-07-26 13:59:40,463 - m3_module.m3_cells_generator - INFO - All-positive 標註完成: 40 個細胞
2026-07-26 13:59:40,512 - m3_module.m3_cells_generator - INFO - enlarge_cell_instances: 40 顆細胞, factor=1.50(面積), 中位半徑=25.1px, 外擴=5.6px
2026-07-26 13:59:40,537 - m3_module.m3_elastic_matching - INFO - elastic_dish_nucleus_matching(overlap-first): IHC=40, DISH=4, matched(1核)=4 (其中重疊=4), drop-out(競爭落敗)=2, 無候選(計入)=34, factor=1.50, min_reach=20.0
2026-07-26 13:59:40,656 - m3_module.m3_dot_detection - INFO - detect_all_dots: 紅點=2, 黑點=5, 涉及細胞=40
2026-07-26 13:59:40,821 - m4_module.cell_crops - INFO - 匯出 23 張 per-cell 影像至 /data/taro_Projects/tsgh/output/r7_run/cell_crops/tile_x15360_y11520/cells
2026-07-26 13:59:40,821 - hybrid_pipeline - INFO - Tile tile_x15360_y11520 完成: 核心擁有 23 細胞 (23 陽性), 0.99 秒
2026-07-26 13:59:41,103 - hybrid_pipeline - INFO - [383/576] 處理 tile: tile_x16128_y11520
2026-07-26 13:59:41,131 - m3_module.m3_cells_generator - INFO - All-positive 標註完成: 135 個細胞
2026-07-26 13:59:41,187 - m3_module.m3_cells_generator - INFO - enlarge_cell_instances: 135 顆細胞, factor=1.50(面積), 中位半徑=27.3px, 外擴=6.1px
2026-07-26 13:59:41,216 - m3_module.m3_elastic_matching - INFO - elastic_dish_nucleus_matching(overlap-first): IHC=135, DISH=8, matched(1核)=7 (其中重疊=7), drop-out(競爭落敗)=1, 無候選(計入)=127, factor=1.50, min_reach=20.0
2026-07-26 13:59:41,347 - m3_module.m3_dot_detection - INFO - detect_all_dots: 紅點=5, 黑點=6, 涉及細胞=135
2026-07-26 13:59:41,689 - m4_module.cell_crops - INFO - 匯出 71 張 per-cell 影像至 /data/taro_Projects/tsgh/output/r7_run/cell_crops/tile_x16896_y11520/cells
2026-07-26 13:59:41,689 - hybrid_pipeline - INFO - Tile tile_x16896_y11520 完成: 核心擁有 71 細胞 (71 陽性), 1.26 秒
2026-07-26 13:59:41,744 - hybrid_pipeline - INFO - [384/576] 處理 tile: tile_x768_y12288
2026-07-26 13:59:41,771 - m3_module.m3_cells_generator - INFO - All-positive 標註完成: 89 個細胞
2026-07-26 13:59:41,824 - m3_module.m3_cells_generator - INFO - enlarge_cell_instances: 89 顆細胞, factor=1.50(面積), 中位半徑=25.9px, 外擴=5.8px
2026-07-26 13:59:41,849 - m3_module.m3_elastic_matching - INFO - elastic_dish_nucleus_matching(overlap-first): IHC=89, DISH=8, matched(1核)=7 (其中重疊=7), drop-out(競爭落敗)=3, 無候選(計入)=79, factor=1.50, min_reach=20.0
2026-07-26 13:59:41,973 - m3_module.m3_dot_detection - INFO - detect_all_dots: 紅點=5, 黑點=10, 涉及細胞=89
2026-07-26 13:59:42,211 - m4_module.cell_crops - INFO - 匯出 53 張 per-cell 影像至 /data/taro_Projects/tsgh/output/r7_run/cell_crops/tile_x16128_y11520/cells
2026-07-26 13:59:42,211 - hybrid_pipeline - INFO - Tile tile_x16128_y11520 完成: 核心擁有 53 細胞 (53 陽性), 1.11 秒
2026-07-26 13:59:42,211 - hybrid_pipeline - INFO - [385/576] 處理 tile: tile_x0_y12288
2026-07-26 13:59:42,234 - hybrid_pipeline - INFO - Tile tile_x768_y12288: 核心遮罩全空 → 空白 placeholder
2026-07-26 13:59:42,258 - hybrid_pipeline - INFO - [386/576] 處理 tile: tile_x17664_y11520
2026-07-26 13:59:42,281 - hybrid_pipeline - INFO - Tile tile_x0_y12288: 核心遮罩全空 → 空白 placeholder
2026-07-26 13:59:42,916 - hybrid_pipeline - INFO - [387/576] 處理 tile: tile_x2304_y12288
2026-07-26 13:59:42,947 - m3_module.m3_cells_generator - INFO - All-positive 標註完成: 129 個細胞
2026-07-26 13:59:43,001 - m3_module.m3_cells_generator - INFO - enlarge_cell_instances: 129 顆細胞, factor=1.50(面積), 中位半徑=26.0px, 外擴=5.8px
2026-07-26 13:59:43,027 - m3_module.m3_elastic_matching - INFO - elastic_dish_nucleus_matching(overlap-first): IHC=129, DISH=3, matched(1核)=1 (其中重疊=0), drop-out(競爭落敗)=0, 無候選(計入)=128, factor=1.50, min_reach=20.0
2026-07-26 13:59:43,139 - m3_module.m3_dot_detection - INFO - detect_all_dots: 紅點=0, 黑點=1, 涉及細胞=129
2026-07-26 13:59:43,459 - m4_module.cell_crops - INFO - 匯出 82 張 per-cell 影像至 /data/taro_Projects/tsgh/output/r7_run/cell_crops/tile_x17664_y11520/cells
2026-07-26 13:59:43,460 - hybrid_pipeline - INFO - Tile tile_x17664_y11520 完成: 核心擁有 82 細胞 (82 陽性), 1.20 秒
2026-07-26 13:59:43,460 - hybrid_pipeline - INFO - [388/576] 處理 tile: tile_x1536_y12288
2026-07-26 13:59:43,484 - hybrid_pipeline - INFO - Tile tile_x2304_y12288: 核心遮罩全空 → 空白 placeholder
2026-07-26 13:59:43,505 - hybrid_pipeline - INFO - [389/576] 處理 tile: tile_x3840_y12288
2026-07-26 13:59:43,529 - hybrid_pipeline - INFO - Tile tile_x1536_y12288: 核心遮罩全空 → 空白 placeholder
2026-07-26 13:59:43,543 - hybrid_pipeline - INFO - [390/576] 處理 tile: tile_x3072_y12288
2026-07-26 13:59:43,566 - hybrid_pipeline - INFO - Tile tile_x3840_y12288: 核心遮罩全空 → 空白 placeholder
2026-07-26 13:59:43,579 - hybrid_pipeline - INFO - [391/576] 處理 tile: tile_x6144_y12288
2026-07-26 13:59:43,602 - hybrid_pipeline - INFO - Tile tile_x3072_y12288: 核心遮罩全空 → 空白 placeholder
2026-07-26 13:59:44,170 - hybrid_pipeline - INFO - [392/576] 處理 tile: tile_x5376_y12288
2026-07-26 13:59:44,198 - m3_module.m3_cells_generator - INFO - All-positive 標註完成: 54 個細胞
2026-07-26 13:59:44,248 - m3_module.m3_cells_generator - INFO - enlarge_cell_instances: 54 顆細胞, factor=1.50(面積), 中位半徑=20.2px, 外擴=4.5px
2026-07-26 13:59:44,272 - m3_module.m3_elastic_matching - INFO - elastic_dish_nucleus_matching(overlap-first): IHC=54, DISH=12, matched(1核)=4 (其中重疊=4), drop-out(競爭落敗)=0, 無候選(計入)=50, factor=1.50, min_reach=20.0
2026-07-26 13:59:44,387 - m3_module.m3_dot_detection - INFO - detect_all_dots: 紅點=0, 黑點=0, 涉及細胞=54
2026-07-26 13:59:44,590 - m4_module.cell_crops - INFO - 匯出 23 張 per-cell 影像至 /data/taro_Projects/tsgh/output/r7_run/cell_crops/tile_x6144_y12288/cells
2026-07-26 13:59:44,590 - hybrid_pipeline - INFO - Tile tile_x6144_y12288 完成: 核心擁有 23 細胞 (23 陽性), 1.01 秒
2026-07-26 13:59:44,776 - hybrid_pipeline - INFO - [393/576] 處理 tile: tile_x4608_y12288
2026-07-26 13:59:44,804 - m3_module.m3_cells_generator - INFO - All-positive 標註完成: 72 個細胞
2026-07-26 13:59:44,855 - m3_module.m3_cells_generator - INFO - enlarge_cell_instances: 72 顆細胞, factor=1.50(面積), 中位半徑=19.8px, 外擴=4.4px
2026-07-26 13:59:44,881 - m3_module.m3_elastic_matching - INFO - elastic_dish_nucleus_matching(overlap-first): IHC=72, DISH=13, matched(1核)=7 (其中重疊=7), drop-out(競爭落敗)=0, 無候選(計入)=65, factor=1.50, min_reach=20.0
2026-07-26 13:59:44,998 - m3_module.m3_dot_detection - INFO - detect_all_dots: 紅點=1, 黑點=1, 涉及細胞=72
2026-07-26 13:59:45,203 - m4_module.cell_crops - INFO - 匯出 49 張 per-cell 影像至 /data/taro_Projects/tsgh/output/r7_run/cell_crops/tile_x5376_y12288/cells
2026-07-26 13:59:45,203 - hybrid_pipeline - INFO - Tile tile_x5376_y12288 完成: 核心擁有 49 細胞 (49 陽性), 1.03 秒
2026-07-26 13:59:45,358 - hybrid_pipeline - INFO - [394/576] 處理 tile: tile_x6912_y12288
2026-07-26 13:59:45,387 - m3_module.m3_cells_generator - INFO - All-positive 標註完成: 11 個細胞
2026-07-26 13:59:45,419 - m3_module.m3_cells_generator - INFO - enlarge_cell_instances: 11 顆細胞, factor=1.50(面積), 中位半徑=19.2px, 外擴=4.3px
2026-07-26 13:59:45,442 - m3_module.m3_elastic_matching - INFO - elastic_dish_nucleus_matching(overlap-first): IHC=11, DISH=2, matched(1核)=1 (其中重疊=1), drop-out(競爭落敗)=0, 無候選(計入)=10, factor=1.50, min_reach=20.0
2026-07-26 13:59:45,550 - m3_module.m3_dot_detection - INFO - detect_all_dots: 紅點=1, 黑點=1, 涉及細胞=11
2026-07-26 13:59:45,624 - m4_module.cell_crops - INFO - 匯出 5 張 per-cell 影像至 /data/taro_Projects/tsgh/output/r7_run/cell_crops/tile_x4608_y12288/cells
2026-07-26 13:59:45,624 - hybrid_pipeline - INFO - Tile tile_x4608_y12288 完成: 核心擁有 5 細胞 (5 陽性), 0.85 秒
2026-07-26 13:59:45,954 - hybrid_pipeline - INFO - [395/576] 處理 tile: tile_x8448_y12288
2026-07-26 13:59:45,983 - m3_module.m3_cells_generator - INFO - All-positive 標註完成: 35 個細胞
2026-07-26 13:59:46,028 - m3_module.m3_cells_generator - INFO - enlarge_cell_instances: 35 顆細胞, factor=1.50(面積), 中位半徑=20.6px, 外擴=4.6px
2026-07-26 13:59:46,051 - m3_module.m3_elastic_matching - INFO - elastic_dish_nucleus_matching(overlap-first): IHC=35, DISH=4, matched(1核)=0 (其中重疊=0), drop-out(競爭落敗)=0, 無候選(計入)=35, factor=1.50, min_reach=20.0
2026-07-26 13:59:46,165 - m3_module.m3_dot_detection - INFO - detect_all_dots: 紅點=0, 黑點=0, 涉及細胞=35
2026-07-26 13:59:46,202 - cellpose.dynamics - INFO - No cell pixels found.
2026-07-26 13:59:46,327 - m4_module.cell_crops - INFO - 匯出 20 張 per-cell 影像至 /data/taro_Projects/tsgh/output/r7_run/cell_crops/tile_x6912_y12288/cells
2026-07-26 13:59:46,327 - hybrid_pipeline - INFO - Tile tile_x6912_y12288 完成: 核心擁有 20 細胞 (20 陽性), 0.97 秒
2026-07-26 13:59:46,505 - hybrid_pipeline - INFO - [396/576] 處理 tile: tile_x7680_y12288
2026-07-26 13:59:46,516 - m3_module.m3_cells_generator - INFO - All-positive 標註完成: 0 個細胞
2026-07-26 13:59:46,642 - m3_module.m3_dot_detection - INFO - detect_all_dots: 紅點=0, 黑點=0, 涉及細胞=0
2026-07-26 13:59:46,674 - m4_module.cell_crops - INFO - 匯出 0 張 per-cell 影像至 /data/taro_Projects/tsgh/output/r7_run/cell_crops/tile_x8448_y12288/cells
2026-07-26 13:59:46,674 - hybrid_pipeline - INFO - Tile tile_x8448_y12288 完成: 核心擁有 0 細胞 (0 陽性), 0.72 秒
2026-07-26 13:59:47,072 - hybrid_pipeline - INFO - [397/576] 處理 tile: tile_x9216_y12288
2026-07-26 13:59:47,103 - m3_module.m3_cells_generator - INFO - All-positive 標註完成: 7 個細胞
2026-07-26 13:59:47,140 - m3_module.m3_cells_generator - INFO - enlarge_cell_instances: 7 顆細胞, factor=1.50(面積), 中位半徑=20.8px, 外擴=4.7px
2026-07-26 13:59:47,267 - m3_module.m3_dot_detection - INFO - detect_all_dots: 紅點=0, 黑點=0, 涉及細胞=7
2026-07-26 13:59:47,326 - m4_module.cell_crops - INFO - 匯出 0 張 per-cell 影像至 /data/taro_Projects/tsgh/output/r7_run/cell_crops/tile_x7680_y12288/cells
2026-07-26 13:59:47,326 - hybrid_pipeline - INFO - Tile tile_x7680_y12288 完成: 核心擁有 0 細胞 (0 陽性), 0.82 秒
2026-07-26 13:59:47,680 - hybrid_pipeline - INFO - [398/576] 處理 tile: tile_x10752_y12288
2026-07-26 13:59:47,707 - m3_module.m3_cells_generator - INFO - All-positive 標註完成: 47 個細胞
2026-07-26 13:59:47,748 - m3_module.m3_cells_generator - INFO - enlarge_cell_instances: 47 顆細胞, factor=1.50(面積), 中位半徑=20.8px, 外擴=4.7px
2026-07-26 13:59:47,772 - m3_module.m3_elastic_matching - INFO - elastic_dish_nucleus_matching(overlap-first): IHC=47, DISH=20, matched(1核)=14 (其中重疊=14), drop-out(競爭落敗)=5, 無候選(計入)=28, factor=1.50, min_reach=20.0
2026-07-26 13:59:47,954 - m3_module.m3_dot_detection - INFO - detect_all_dots: 紅點=36, 黑點=37, 涉及細胞=47
2026-07-26 13:59:48,094 - m4_module.cell_crops - INFO - 匯出 26 張 per-cell 影像至 /data/taro_Projects/tsgh/output/r7_run/cell_crops/tile_x9216_y12288/cells
2026-07-26 13:59:48,094 - hybrid_pipeline - INFO - Tile tile_x9216_y12288 完成: 核心擁有 26 細胞 (26 陽性), 1.02 秒
2026-07-26 13:59:48,329 - hybrid_pipeline - INFO - [399/576] 處理 tile: tile_x12288_y12288
2026-07-26 13:59:48,357 - m3_module.m3_cells_generator - INFO - All-positive 標註完成: 102 個細胞
2026-07-26 13:59:48,409 - m3_module.m3_cells_generator - INFO - enlarge_cell_instances: 102 顆細胞, factor=1.50(面積), 中位半徑=22.3px, 外擴=5.0px
2026-07-26 13:59:48,437 - m3_module.m3_elastic_matching - INFO - elastic_dish_nucleus_matching(overlap-first): IHC=102, DISH=34, matched(1核)=27 (其中重疊=27), drop-out(競爭落敗)=6, 無候選(計入)=69, factor=1.50, min_reach=20.0
2026-07-26 13:59:48,605 - m3_module.m3_dot_detection - INFO - detect_all_dots: 紅點=36, 黑點=46, 涉及細胞=102
2026-07-26 13:59:48,935 - m4_module.cell_crops - INFO - 匯出 58 張 per-cell 影像至 /data/taro_Projects/tsgh/output/r7_run/cell_crops/tile_x10752_y12288/cells
2026-07-26 13:59:48,935 - hybrid_pipeline - INFO - Tile tile_x10752_y12288 完成: 核心擁有 58 細胞 (58 陽性), 1.26 秒
2026-07-26 13:59:48,955 - hybrid_pipeline - INFO - [400/576] 處理 tile: tile_x9984_y12288
2026-07-26 13:59:48,978 - m3_module.m3_cells_generator - INFO - All-positive 標註完成: 50 個細胞
2026-07-26 13:59:49,025 - m3_module.m3_cells_generator - INFO - enlarge_cell_instances: 50 顆細胞, factor=1.50(面積), 中位半徑=22.3px, 外擴=5.0px
2026-07-26 13:59:49,050 - m3_module.m3_elastic_matching - INFO - elastic_dish_nucleus_matching(overlap-first): IHC=50, DISH=2, matched(1核)=0 (其中重疊=0), drop-out(競爭落敗)=0, 無候選(計入)=50, factor=1.50, min_reach=20.0
2026-07-26 13:59:49,133 - m3_module.m3_dot_detection - INFO - detect_all_dots: 紅點=0, 黑點=0, 涉及細胞=50
2026-07-26 13:59:49,272 - m4_module.cell_crops - INFO - 匯出 27 張 per-cell 影像至 /data/taro_Projects/tsgh/output/r7_run/cell_crops/tile_x12288_y12288/cells
2026-07-26 13:59:49,272 - hybrid_pipeline - INFO - Tile tile_x12288_y12288 完成: 核心擁有 27 細胞 (27 陽性), 0.94 秒
2026-07-26 13:59:49,611 - hybrid_pipeline - INFO - [401/576] 處理 tile: tile_x11520_y12288
2026-07-26 13:59:49,640 - m3_module.m3_cells_generator - INFO - All-positive 標註完成: 121 個細胞
2026-07-26 13:59:49,694 - m3_module.m3_cells_generator - INFO - enlarge_cell_instances: 121 顆細胞, factor=1.50(面積), 中位半徑=23.3px, 外擴=5.2px
2026-07-26 13:59:49,723 - m3_module.m3_elastic_matching - INFO - elastic_dish_nucleus_matching(overlap-first): IHC=121, DISH=73, matched(1核)=52 (其中重疊=52), drop-out(競爭落敗)=11, 無候選(計入)=58, factor=1.50, min_reach=20.0
2026-07-26 13:59:50,005 - m3_module.m3_dot_detection - INFO - detect_all_dots: 紅點=89, 黑點=113, 涉及細胞=121
2026-07-26 13:59:50,362 - m4_module.cell_crops - INFO - 匯出 63 張 per-cell 影像至 /data/taro_Projects/tsgh/output/r7_run/cell_crops/tile_x9984_y12288/cells
2026-07-26 13:59:50,362 - hybrid_pipeline - INFO - Tile tile_x9984_y12288 完成: 核心擁有 63 細胞 (63 陽性), 1.41 秒
2026-07-26 13:59:50,363 - hybrid_pipeline - INFO - [402/576] 處理 tile: tile_x13056_y12288
2026-07-26 13:59:50,386 - m3_module.m3_cells_generator - INFO - All-positive 標註完成: 110 個細胞
2026-07-26 13:59:50,440 - m3_module.m3_cells_generator - INFO - enlarge_cell_instances: 110 顆細胞, factor=1.50(面積), 中位半徑=24.6px, 外擴=5.5px
2026-07-26 13:59:50,467 - m3_module.m3_elastic_matching - INFO - elastic_dish_nucleus_matching(overlap-first): IHC=110, DISH=7, matched(1核)=3 (其中重疊=3), drop-out(競爭落敗)=1, 無候選(計入)=106, factor=1.50, min_reach=20.0
2026-07-26 13:59:50,558 - m3_module.m3_dot_detection - INFO - detect_all_dots: 紅點=3, 黑點=4, 涉及細胞=110
2026-07-26 13:59:50,812 - m4_module.cell_crops - INFO - 匯出 54 張 per-cell 影像至 /data/taro_Projects/tsgh/output/r7_run/cell_crops/tile_x11520_y12288/cells
2026-07-26 13:59:50,812 - hybrid_pipeline - INFO - Tile tile_x11520_y12288 完成: 核心擁有 54 細胞 (54 陽性), 1.20 秒
2026-07-26 13:59:50,977 - hybrid_pipeline - INFO - [403/576] 處理 tile: tile_x13824_y12288
2026-07-26 13:59:51,006 - m3_module.m3_cells_generator - INFO - All-positive 標註完成: 17 個細胞
2026-07-26 13:59:51,036 - m3_module.m3_cells_generator - INFO - enlarge_cell_instances: 17 顆細胞, factor=1.50(面積), 中位半徑=21.2px, 外擴=4.8px
2026-07-26 13:59:51,120 - m3_module.m3_dot_detection - INFO - detect_all_dots: 紅點=0, 黑點=0, 涉及細胞=17
2026-07-26 13:59:51,171 - m4_module.cell_crops - INFO - 匯出 9 張 per-cell 影像至 /data/taro_Projects/tsgh/output/r7_run/cell_crops/tile_x13056_y12288/cells
2026-07-26 13:59:51,171 - hybrid_pipeline - INFO - Tile tile_x13056_y12288 完成: 核心擁有 9 細胞 (9 陽性), 0.81 秒
2026-07-26 13:59:51,171 - hybrid_pipeline - INFO - [404/576] 處理 tile: tile_x14592_y12288
2026-07-26 13:59:51,193 - hybrid_pipeline - INFO - Tile tile_x13824_y12288: 核心遮罩全空 → 空白 placeholder
2026-07-26 13:59:51,740 - hybrid_pipeline - INFO - [405/576] 處理 tile: tile_x15360_y12288
2026-07-26 13:59:51,769 - m3_module.m3_cells_generator - INFO - All-positive 標註完成: 4 個細胞
2026-07-26 13:59:51,798 - m3_module.m3_cells_generator - INFO - enlarge_cell_instances: 4 顆細胞, factor=1.50(面積), 中位半徑=20.1px, 外擴=4.5px
2026-07-26 13:59:51,887 - m3_module.m3_dot_detection - INFO - detect_all_dots: 紅點=0, 黑點=0, 涉及細胞=4
2026-07-26 13:59:51,927 - m4_module.cell_crops - INFO - 匯出 0 張 per-cell 影像至 /data/taro_Projects/tsgh/output/r7_run/cell_crops/tile_x14592_y12288/cells
2026-07-26 13:59:51,927 - hybrid_pipeline - INFO - Tile tile_x14592_y12288 完成: 核心擁有 0 細胞 (0 陽性), 0.76 秒
2026-07-26 13:59:52,356 - hybrid_pipeline - INFO - [406/576] 處理 tile: tile_x16128_y12288
2026-07-26 13:59:52,386 - m3_module.m3_cells_generator - INFO - All-positive 標註完成: 40 個細胞
2026-07-26 13:59:52,430 - m3_module.m3_cells_generator - INFO - enlarge_cell_instances: 40 顆細胞, factor=1.50(面積), 中位半徑=24.4px, 外擴=5.5px
2026-07-26 13:59:52,455 - m3_module.m3_elastic_matching - INFO - elastic_dish_nucleus_matching(overlap-first): IHC=40, DISH=2, matched(1核)=2 (其中重疊=2), drop-out(競爭落敗)=0, 無候選(計入)=38, factor=1.50, min_reach=20.0
2026-07-26 13:59:52,543 - m3_module.m3_dot_detection - INFO - detect_all_dots: 紅點=2, 黑點=4, 涉及細胞=40
2026-07-26 13:59:52,704 - m4_module.cell_crops - INFO - 匯出 19 張 per-cell 影像至 /data/taro_Projects/tsgh/output/r7_run/cell_crops/tile_x15360_y12288/cells
2026-07-26 13:59:52,705 - hybrid_pipeline - INFO - Tile tile_x15360_y12288 完成: 核心擁有 19 細胞 (19 陽性), 0.96 秒
2026-07-26 13:59:52,977 - hybrid_pipeline - INFO - [407/576] 處理 tile: tile_x16896_y12288
2026-07-26 13:59:53,005 - m3_module.m3_cells_generator - INFO - All-positive 標註完成: 48 個細胞
2026-07-26 13:59:53,046 - m3_module.m3_cells_generator - INFO - enlarge_cell_instances: 48 顆細胞, factor=1.50(面積), 中位半徑=23.6px, 外擴=5.3px
2026-07-26 13:59:53,070 - m3_module.m3_elastic_matching - INFO - elastic_dish_nucleus_matching(overlap-first): IHC=48, DISH=3, matched(1核)=3 (其中重疊=3), drop-out(競爭落敗)=3, 無候選(計入)=42, factor=1.50, min_reach=20.0
2026-07-26 13:59:53,161 - m3_module.m3_dot_detection - INFO - detect_all_dots: 紅點=2, 黑點=5, 涉及細胞=48
2026-07-26 13:59:53,288 - m4_module.cell_crops - INFO - 匯出 18 張 per-cell 影像至 /data/taro_Projects/tsgh/output/r7_run/cell_crops/tile_x16128_y12288/cells
2026-07-26 13:59:53,288 - hybrid_pipeline - INFO - Tile tile_x16128_y12288 完成: 核心擁有 18 細胞 (18 陽性), 0.93 秒
2026-07-26 13:59:53,609 - hybrid_pipeline - INFO - [408/576] 處理 tile: tile_x17664_y12288
2026-07-26 13:59:53,637 - m3_module.m3_cells_generator - INFO - All-positive 標註完成: 107 個細胞
2026-07-26 13:59:53,687 - m3_module.m3_cells_generator - INFO - enlarge_cell_instances: 107 顆細胞, factor=1.50(面積), 中位半徑=22.6px, 外擴=5.1px
2026-07-26 13:59:53,713 - m3_module.m3_elastic_matching - INFO - elastic_dish_nucleus_matching(overlap-first): IHC=107, DISH=11, matched(1核)=7 (其中重疊=7), drop-out(競爭落敗)=5, 無候選(計入)=95, factor=1.50, min_reach=20.0
2026-07-26 13:59:53,823 - m3_module.m3_dot_detection - INFO - detect_all_dots: 紅點=5, 黑點=11, 涉及細胞=107
2026-07-26 13:59:54,062 - m4_module.cell_crops - INFO - 匯出 62 張 per-cell 影像至 /data/taro_Projects/tsgh/output/r7_run/cell_crops/tile_x16896_y12288/cells
2026-07-26 13:59:54,062 - hybrid_pipeline - INFO - Tile tile_x16896_y12288 完成: 核心擁有 62 細胞 (62 陽性), 1.09 秒
2026-07-26 13:59:54,218 - hybrid_pipeline - INFO - [409/576] 處理 tile: tile_x1536_y13056
2026-07-26 13:59:54,247 - m3_module.m3_cells_generator - INFO - All-positive 標註完成: 89 個細胞
2026-07-26 13:59:54,298 - m3_module.m3_cells_generator - INFO - enlarge_cell_instances: 89 顆細胞, factor=1.50(面積), 中位半徑=21.0px, 外擴=4.7px
2026-07-26 13:59:54,322 - m3_module.m3_elastic_matching - INFO - elastic_dish_nucleus_matching(overlap-first): IHC=89, DISH=4, matched(1核)=3 (其中重疊=3), drop-out(競爭落敗)=0, 無候選(計入)=86, factor=1.50, min_reach=20.0
2026-07-26 13:59:54,416 - m3_module.m3_dot_detection - INFO - detect_all_dots: 紅點=1, 黑點=2, 涉及細胞=89
2026-07-26 13:59:54,640 - m4_module.cell_crops - INFO - 匯出 60 張 per-cell 影像至 /data/taro_Projects/tsgh/output/r7_run/cell_crops/tile_x17664_y12288/cells
2026-07-26 13:59:54,640 - hybrid_pipeline - INFO - Tile tile_x17664_y12288 完成: 核心擁有 60 細胞 (60 陽性), 1.03 秒
2026-07-26 13:59:54,792 - hybrid_pipeline - INFO - [410/576] 處理 tile: tile_x0_y13056
2026-07-26 13:59:54,826 - m3_module.m3_cells_generator - INFO - All-positive 標註完成: 6 個細胞
2026-07-26 13:59:54,855 - m3_module.m3_cells_generator - INFO - enlarge_cell_instances: 6 顆細胞, factor=1.50(面積), 中位半徑=19.2px, 外擴=4.3px
2026-07-26 13:59:54,876 - m3_module.m3_elastic_matching - INFO - elastic_dish_nucleus_matching(overlap-first): IHC=6, DISH=2, matched(1核)=0 (其中重疊=0), drop-out(競爭落敗)=0, 無候選(計入)=6, factor=1.50, min_reach=20.0
2026-07-26 13:59:54,959 - m3_module.m3_dot_detection - INFO - detect_all_dots: 紅點=0, 黑點=0, 涉及細胞=6
2026-07-26 13:59:55,016 - m4_module.cell_crops - INFO - 匯出 1 張 per-cell 影像至 /data/taro_Projects/tsgh/output/r7_run/cell_crops/tile_x1536_y13056/cells
2026-07-26 13:59:55,016 - hybrid_pipeline - INFO - Tile tile_x1536_y13056 完成: 核心擁有 1 細胞 (1 陽性), 0.80 秒
2026-07-26 13:59:55,016 - hybrid_pipeline - INFO - [411/576] 處理 tile: tile_x768_y13056
2026-07-26 13:59:55,041 - hybrid_pipeline - INFO - Tile tile_x0_y13056: 核心遮罩全空 → 空白 placeholder
2026-07-26 13:59:55,583 - hybrid_pipeline - INFO - [412/576] 處理 tile: tile_x2304_y13056
2026-07-26 13:59:55,613 - m3_module.m3_cells_generator - INFO - All-positive 標註完成: 10 個細胞
2026-07-26 13:59:55,647 - m3_module.m3_cells_generator - INFO - enlarge_cell_instances: 10 顆細胞, factor=1.50(面積), 中位半徑=22.6px, 外擴=5.1px
2026-07-26 13:59:55,738 - m3_module.m3_dot_detection - INFO - detect_all_dots: 紅點=0, 黑點=0, 涉及細胞=10
2026-07-26 13:59:55,782 - m4_module.cell_crops - INFO - 匯出 2 張 per-cell 影像至 /data/taro_Projects/tsgh/output/r7_run/cell_crops/tile_x768_y13056/cells
2026-07-26 13:59:55,783 - hybrid_pipeline - INFO - Tile tile_x768_y13056 完成: 核心擁有 2 細胞 (2 陽性), 0.77 秒
2026-07-26 13:59:56,155 - hybrid_pipeline - INFO - [413/576] 處理 tile: tile_x3072_y13056
2026-07-26 13:59:56,183 - m3_module.m3_cells_generator - INFO - All-positive 標註完成: 5 個細胞
2026-07-26 13:59:56,213 - m3_module.m3_cells_generator - INFO - enlarge_cell_instances: 5 顆細胞, factor=1.50(面積), 中位半徑=17.5px, 外擴=3.9px
2026-07-26 13:59:56,301 - m3_module.m3_dot_detection - INFO - detect_all_dots: 紅點=0, 黑點=0, 涉及細胞=5
2026-07-26 13:59:56,337 - m4_module.cell_crops - INFO - 匯出 2 張 per-cell 影像至 /data/taro_Projects/tsgh/output/r7_run/cell_crops/tile_x2304_y13056/cells
2026-07-26 13:59:56,338 - hybrid_pipeline - INFO - Tile tile_x2304_y13056 完成: 核心擁有 2 細胞 (2 陽性), 0.75 秒
2026-07-26 13:59:56,760 - hybrid_pipeline - INFO - [414/576] 處理 tile: tile_x4608_y13056
2026-07-26 13:59:56,789 - m3_module.m3_cells_generator - INFO - All-positive 標註完成: 29 個細胞
2026-07-26 13:59:56,830 - m3_module.m3_cells_generator - INFO - enlarge_cell_instances: 29 顆細胞, factor=1.50(面積), 中位半徑=22.0px, 外擴=4.9px
2026-07-26 13:59:56,853 - m3_module.m3_elastic_matching - INFO - elastic_dish_nucleus_matching(overlap-first): IHC=29, DISH=1, matched(1核)=1 (其中重疊=1), drop-out(競爭落敗)=0, 無候選(計入)=28, factor=1.50, min_reach=20.0
2026-07-26 13:59:56,945 - m3_module.m3_dot_detection - INFO - detect_all_dots: 紅點=0, 黑點=0, 涉及細胞=29
2026-07-26 13:59:57,044 - m4_module.cell_crops - INFO - 匯出 10 張 per-cell 影像至 /data/taro_Projects/tsgh/output/r7_run/cell_crops/tile_x3072_y13056/cells
2026-07-26 13:59:57,044 - hybrid_pipeline - INFO - Tile tile_x3072_y13056 完成: 核心擁有 10 細胞 (10 陽性), 0.89 秒
2026-07-26 13:59:57,326 - hybrid_pipeline - INFO - [415/576] 處理 tile: tile_x6912_y13056
2026-07-26 13:59:57,355 - m3_module.m3_cells_generator - INFO - All-positive 標註完成: 7 個細胞
2026-07-26 13:59:57,386 - m3_module.m3_cells_generator - INFO - enlarge_cell_instances: 7 顆細胞, factor=1.50(面積), 中位半徑=22.3px, 外擴=5.0px
2026-07-26 13:59:57,479 - m3_module.m3_dot_detection - INFO - detect_all_dots: 紅點=0, 黑點=0, 涉及細胞=7
2026-07-26 13:59:57,514 - m4_module.cell_crops - INFO - 匯出 0 張 per-cell 影像至 /data/taro_Projects/tsgh/output/r7_run/cell_crops/tile_x4608_y13056/cells
2026-07-26 13:59:57,514 - hybrid_pipeline - INFO - Tile tile_x4608_y13056 完成: 核心擁有 0 細胞 (0 陽性), 0.75 秒
2026-07-26 13:59:57,929 - hybrid_pipeline - INFO - [416/576] 處理 tile: tile_x6144_y13056
2026-07-26 13:59:57,957 - m3_module.m3_cells_generator - INFO - All-positive 標註完成: 79 個細胞
2026-07-26 13:59:58,007 - m3_module.m3_cells_generator - INFO - enlarge_cell_instances: 79 顆細胞, factor=1.50(面積), 中位半徑=22.1px, 外擴=5.0px
2026-07-26 13:59:58,031 - m3_module.m3_elastic_matching - INFO - elastic_dish_nucleus_matching(overlap-first): IHC=79, DISH=3, matched(1核)=2 (其中重疊=2), drop-out(競爭落敗)=0, 無候選(計入)=77, factor=1.50, min_reach=20.0
2026-07-26 13:59:58,126 - m3_module.m3_dot_detection - INFO - detect_all_dots: 紅點=0, 黑點=2, 涉及細胞=79
2026-07-26 13:59:58,356 - m4_module.cell_crops - INFO - 匯出 54 張 per-cell 影像至 /data/taro_Projects/tsgh/output/r7_run/cell_crops/tile_x6912_y13056/cells
2026-07-26 13:59:58,356 - hybrid_pipeline - INFO - Tile tile_x6912_y13056 完成: 核心擁有 54 細胞 (54 陽性), 1.03 秒
2026-07-26 13:59:58,524 - hybrid_pipeline - INFO - [417/576] 處理 tile: tile_x3840_y13056
2026-07-26 13:59:58,554 - m3_module.m3_cells_generator - INFO - All-positive 標註完成: 88 個細胞
2026-07-26 13:59:58,605 - m3_module.m3_cells_generator - INFO - enlarge_cell_instances: 88 顆細胞, factor=1.50(面積), 中位半徑=21.0px, 外擴=4.7px
2026-07-26 13:59:58,631 - m3_module.m3_elastic_matching - INFO - elastic_dish_nucleus_matching(overlap-first): IHC=88, DISH=3, matched(1核)=2 (其中重疊=2), drop-out(競爭落敗)=1, 無候選(計入)=85, factor=1.50, min_reach=20.0
2026-07-26 13:59:58,726 - m3_module.m3_dot_detection - INFO - detect_all_dots: 紅點=0, 黑點=2, 涉及細胞=88
2026-07-26 13:59:58,967 - m4_module.cell_crops - INFO - 匯出 45 張 per-cell 影像至 /data/taro_Projects/tsgh/output/r7_run/cell_crops/tile_x6144_y13056/cells
2026-07-26 13:59:58,967 - hybrid_pipeline - INFO - Tile tile_x6144_y13056 完成: 核心擁有 45 細胞 (45 陽性), 1.04 秒
2026-07-26 13:59:59,127 - hybrid_pipeline - INFO - [418/576] 處理 tile: tile_x5376_y13056
2026-07-26 13:59:59,156 - m3_module.m3_cells_generator - INFO - All-positive 標註完成: 51 個細胞
2026-07-26 13:59:59,203 - m3_module.m3_cells_generator - INFO - enlarge_cell_instances: 51 顆細胞, factor=1.50(面積), 中位半徑=21.8px, 外擴=4.9px
2026-07-26 13:59:59,227 - m3_module.m3_elastic_matching - INFO - elastic_dish_nucleus_matching(overlap-first): IHC=51, DISH=5, matched(1核)=4 (其中重疊=4), drop-out(競爭落敗)=1, 無候選(計入)=46, factor=1.50, min_reach=20.0
2026-07-26 13:59:59,324 - m3_module.m3_dot_detection - INFO - detect_all_dots: 紅點=3, 黑點=2, 涉及細胞=51
2026-07-26 13:59:59,484 - m4_module.cell_crops - INFO - 匯出 29 張 per-cell 影像至 /data/taro_Projects/tsgh/output/r7_run/cell_crops/tile_x3840_y13056/cells
2026-07-26 13:59:59,484 - hybrid_pipeline - INFO - Tile tile_x3840_y13056 完成: 核心擁有 29 細胞 (29 陽性), 0.96 秒
2026-07-26 13:59:59,726 - hybrid_pipeline - INFO - [419/576] 處理 tile: tile_x7680_y13056
2026-07-26 13:59:59,755 - m3_module.m3_cells_generator - INFO - All-positive 標註完成: 41 個細胞
2026-07-26 13:59:59,800 - m3_module.m3_cells_generator - INFO - enlarge_cell_instances: 41 顆細胞, factor=1.50(面積), 中位半徑=22.6px, 外擴=5.1px
2026-07-26 13:59:59,888 - m3_module.m3_dot_detection - INFO - detect_all_dots: 紅點=0, 黑點=0, 涉及細胞=41
2026-07-26 13:59:59,997 - m4_module.cell_crops - INFO - 匯出 9 張 per-cell 影像至 /data/taro_Projects/tsgh/output/r7_run/cell_crops/tile_x5376_y13056/cells
2026-07-26 13:59:59,998 - hybrid_pipeline - INFO - Tile tile_x5376_y13056 完成: 核心擁有 9 細胞 (9 陽性), 0.87 秒
2026-07-26 14:00:00,323 - hybrid_pipeline - INFO - [420/576] 處理 tile: tile_x9216_y13056
2026-07-26 14:00:00,353 - m3_module.m3_cells_generator - INFO - All-positive 標註完成: 36 個細胞
2026-07-26 14:00:00,394 - m3_module.m3_cells_generator - INFO - enlarge_cell_instances: 36 顆細胞, factor=1.50(面積), 中位半徑=25.0px, 外擴=5.6px
2026-07-26 14:00:00,418 - m3_module.m3_elastic_matching - INFO - elastic_dish_nucleus_matching(overlap-first): IHC=36, DISH=3, matched(1核)=2 (其中重疊=2), drop-out(競爭落敗)=0, 無候選(計入)=34, factor=1.50, min_reach=20.0
2026-07-26 14:00:00,512 - m3_module.m3_dot_detection - INFO - detect_all_dots: 紅點=1, 黑點=1, 涉及細胞=36
2026-07-26 14:00:00,648 - m4_module.cell_crops - INFO - 匯出 18 張 per-cell 影像至 /data/taro_Projects/tsgh/output/r7_run/cell_crops/tile_x7680_y13056/cells
2026-07-26 14:00:00,648 - hybrid_pipeline - INFO - Tile tile_x7680_y13056 完成: 核心擁有 18 細胞 (18 陽性), 0.92 秒
2026-07-26 14:00:00,942 - hybrid_pipeline - INFO - [421/576] 處理 tile: tile_x8448_y13056
2026-07-26 14:00:00,967 - m3_module.m3_cells_generator - INFO - All-positive 標註完成: 84 個細胞
2026-07-26 14:00:01,020 - m3_module.m3_cells_generator - INFO - enlarge_cell_instances: 84 顆細胞, factor=1.50(面積), 中位半徑=22.0px, 外擴=4.9px
2026-07-26 14:00:01,047 - m3_module.m3_elastic_matching - INFO - elastic_dish_nucleus_matching(overlap-first): IHC=84, DISH=51, matched(1核)=32 (其中重疊=32), drop-out(競爭落敗)=7, 無候選(計入)=45, factor=1.50, min_reach=20.0
2026-07-26 14:00:01,279 - m3_module.m3_dot_detection - INFO - detect_all_dots: 紅點=59, 黑點=66, 涉及細胞=84
2026-07-26 14:00:01,533 - m4_module.cell_crops - INFO - 匯出 40 張 per-cell 影像至 /data/taro_Projects/tsgh/output/r7_run/cell_crops/tile_x9216_y13056/cells
2026-07-26 14:00:01,533 - hybrid_pipeline - INFO - Tile tile_x9216_y13056 完成: 核心擁有 40 細胞 (40 陽性), 1.21 秒
2026-07-26 14:00:01,620 - hybrid_pipeline - INFO - [422/576] 處理 tile: tile_x11520_y13056
2026-07-26 14:00:01,649 - m3_module.m3_cells_generator - INFO - All-positive 標註完成: 61 個細胞
2026-07-26 14:00:01,696 - m3_module.m3_cells_generator - INFO - enlarge_cell_instances: 61 顆細胞, factor=1.50(面積), 中位半徑=21.8px, 外擴=4.9px
2026-07-26 14:00:01,720 - m3_module.m3_elastic_matching - INFO - elastic_dish_nucleus_matching(overlap-first): IHC=61, DISH=4, matched(1核)=2 (其中重疊=2), drop-out(競爭落敗)=1, 無候選(計入)=58, factor=1.50, min_reach=20.0
2026-07-26 14:00:01,816 - m3_module.m3_dot_detection - INFO - detect_all_dots: 紅點=2, 黑點=2, 涉及細胞=61
2026-07-26 14:00:01,999 - m4_module.cell_crops - INFO - 匯出 21 張 per-cell 影像至 /data/taro_Projects/tsgh/output/r7_run/cell_crops/tile_x8448_y13056/cells
2026-07-26 14:00:01,999 - hybrid_pipeline - INFO - Tile tile_x8448_y13056 完成: 核心擁有 21 細胞 (21 陽性), 1.06 秒
2026-07-26 14:00:02,255 - hybrid_pipeline - INFO - [423/576] 處理 tile: tile_x10752_y13056
2026-07-26 14:00:02,284 - m3_module.m3_cells_generator - INFO - All-positive 標註完成: 142 個細胞
2026-07-26 14:00:02,340 - m3_module.m3_cells_generator - INFO - enlarge_cell_instances: 142 顆細胞, factor=1.50(面積), 中位半徑=23.4px, 外擴=5.3px
2026-07-26 14:00:02,367 - m3_module.m3_elastic_matching - INFO - elastic_dish_nucleus_matching(overlap-first): IHC=142, DISH=5, matched(1核)=4 (其中重疊=4), drop-out(競爭落敗)=1, 無候選(計入)=137, factor=1.50, min_reach=20.0
2026-07-26 14:00:02,463 - m3_module.m3_dot_detection - INFO - detect_all_dots: 紅點=0, 黑點=0, 涉及細胞=142
2026-07-26 14:00:02,815 - m4_module.cell_crops - INFO - 匯出 74 張 per-cell 影像至 /data/taro_Projects/tsgh/output/r7_run/cell_crops/tile_x11520_y13056/cells
2026-07-26 14:00:02,815 - hybrid_pipeline - INFO - Tile tile_x11520_y13056 完成: 核心擁有 74 細胞 (74 陽性), 1.19 秒
2026-07-26 14:00:02,886 - hybrid_pipeline - INFO - [424/576] 處理 tile: tile_x9984_y13056
2026-07-26 14:00:02,914 - m3_module.m3_cells_generator - INFO - All-positive 標註完成: 69 個細胞
2026-07-26 14:00:02,965 - m3_module.m3_cells_generator - INFO - enlarge_cell_instances: 69 顆細胞, factor=1.50(面積), 中位半徑=25.0px, 外擴=5.6px
2026-07-26 14:00:02,991 - m3_module.m3_elastic_matching - INFO - elastic_dish_nucleus_matching(overlap-first): IHC=69, DISH=17, matched(1核)=14 (其中重疊=14), drop-out(競爭落敗)=2, 無候選(計入)=53, factor=1.50, min_reach=20.0
2026-07-26 14:00:03,127 - m3_module.m3_dot_detection - INFO - detect_all_dots: 紅點=20, 黑點=33, 涉及細胞=69
2026-07-26 14:00:03,342 - m4_module.cell_crops - INFO - 匯出 25 張 per-cell 影像至 /data/taro_Projects/tsgh/output/r7_run/cell_crops/tile_x10752_y13056/cells
2026-07-26 14:00:03,342 - hybrid_pipeline - INFO - Tile tile_x10752_y13056 完成: 核心擁有 25 細胞 (25 陽性), 1.09 秒
2026-07-26 14:00:03,500 - hybrid_pipeline - INFO - [425/576] 處理 tile: tile_x13056_y13056
2026-07-26 14:00:03,529 - m3_module.m3_cells_generator - INFO - All-positive 標註完成: 86 個細胞
2026-07-26 14:00:03,581 - m3_module.m3_cells_generator - INFO - enlarge_cell_instances: 86 顆細胞, factor=1.50(面積), 中位半徑=23.4px, 外擴=5.3px
2026-07-26 14:00:03,607 - m3_module.m3_elastic_matching - INFO - elastic_dish_nucleus_matching(overlap-first): IHC=86, DISH=79, matched(1核)=53 (其中重疊=53), drop-out(競爭落敗)=10, 無候選(計入)=23, factor=1.50, min_reach=20.0
2026-07-26 14:00:03,846 - m3_module.m3_dot_detection - INFO - detect_all_dots: 紅點=71, 黑點=106, 涉及細胞=86
2026-07-26 14:00:04,091 - m4_module.cell_crops - INFO - 匯出 46 張 per-cell 影像至 /data/taro_Projects/tsgh/output/r7_run/cell_crops/tile_x9984_y13056/cells
2026-07-26 14:00:04,091 - hybrid_pipeline - INFO - Tile tile_x9984_y13056 完成: 核心擁有 46 細胞 (46 陽性), 1.21 秒
2026-07-26 14:00:04,091 - hybrid_pipeline - INFO - [426/576] 處理 tile: tile_x13824_y13056
2026-07-26 14:00:04,116 - hybrid_pipeline - INFO - Tile tile_x13056_y13056: 核心遮罩全空 → 空白 placeholder
2026-07-26 14:00:04,655 - hybrid_pipeline - INFO - [427/576] 處理 tile: tile_x12288_y13056
2026-07-26 14:00:04,683 - m3_module.m3_cells_generator - INFO - All-positive 標註完成: 4 個細胞
2026-07-26 14:00:04,711 - m3_module.m3_cells_generator - INFO - enlarge_cell_instances: 4 顆細胞, factor=1.50(面積), 中位半徑=22.5px, 外擴=5.0px
2026-07-26 14:00:04,798 - m3_module.m3_dot_detection - INFO - detect_all_dots: 紅點=0, 黑點=0, 涉及細胞=4
2026-07-26 14:00:04,834 - m4_module.cell_crops - INFO - 匯出 0 張 per-cell 影像至 /data/taro_Projects/tsgh/output/r7_run/cell_crops/tile_x13824_y13056/cells
2026-07-26 14:00:04,835 - hybrid_pipeline - INFO - Tile tile_x13824_y13056 完成: 核心擁有 0 細胞 (0 陽性), 0.74 秒
2026-07-26 14:00:05,268 - hybrid_pipeline - INFO - [428/576] 處理 tile: tile_x17664_y13056
2026-07-26 14:00:05,297 - m3_module.m3_cells_generator - INFO - All-positive 標註完成: 49 個細胞
2026-07-26 14:00:05,332 - m3_module.m3_cells_generator - INFO - enlarge_cell_instances: 49 顆細胞, factor=1.50(面積), 中位半徑=20.5px, 外擴=4.6px
2026-07-26 14:00:05,358 - m3_module.m3_elastic_matching - INFO - elastic_dish_nucleus_matching(overlap-first): IHC=49, DISH=1, matched(1核)=0 (其中重疊=0), drop-out(競爭落敗)=0, 無候選(計入)=49, factor=1.50, min_reach=20.0
2026-07-26 14:00:05,447 - m3_module.m3_dot_detection - INFO - detect_all_dots: 紅點=0, 黑點=0, 涉及細胞=49
2026-07-26 14:00:05,584 - m4_module.cell_crops - INFO - 匯出 27 張 per-cell 影像至 /data/taro_Projects/tsgh/output/r7_run/cell_crops/tile_x12288_y13056/cells
2026-07-26 14:00:05,584 - hybrid_pipeline - INFO - Tile tile_x12288_y13056 完成: 核心擁有 27 細胞 (27 陽性), 0.93 秒
2026-07-26 14:00:05,876 - hybrid_pipeline - INFO - [429/576] 處理 tile: tile_x16128_y13056
2026-07-26 14:00:05,906 - m3_module.m3_cells_generator - INFO - All-positive 標註完成: 70 個細胞
2026-07-26 14:00:05,956 - m3_module.m3_cells_generator - INFO - enlarge_cell_instances: 70 顆細胞, factor=1.50(面積), 中位半徑=20.8px, 外擴=4.7px
2026-07-26 14:00:05,981 - m3_module.m3_elastic_matching - INFO - elastic_dish_nucleus_matching(overlap-first): IHC=70, DISH=4, matched(1核)=3 (其中重疊=3), drop-out(競爭落敗)=0, 無候選(計入)=67, factor=1.50, min_reach=20.0
2026-07-26 14:00:06,071 - m3_module.m3_dot_detection - INFO - detect_all_dots: 紅點=1, 黑點=1, 涉及細胞=70
2026-07-26 14:00:06,266 - m4_module.cell_crops - INFO - 匯出 39 張 per-cell 影像至 /data/taro_Projects/tsgh/output/r7_run/cell_crops/tile_x17664_y13056/cells
2026-07-26 14:00:06,266 - hybrid_pipeline - INFO - Tile tile_x17664_y13056 完成: 核心擁有 39 細胞 (39 陽性), 1.00 秒
2026-07-26 14:00:06,454 - hybrid_pipeline - INFO - [430/576] 處理 tile: tile_x14592_y13056
2026-07-26 14:00:06,485 - m3_module.m3_cells_generator - INFO - All-positive 標註完成: 14 個細胞
2026-07-26 14:00:06,513 - m3_module.m3_cells_generator - INFO - enlarge_cell_instances: 14 顆細胞, factor=1.50(面積), 中位半徑=18.7px, 外擴=4.2px
2026-07-26 14:00:06,537 - m3_module.m3_elastic_matching - INFO - elastic_dish_nucleus_matching(overlap-first): IHC=14, DISH=1, matched(1核)=1 (其中重疊=1), drop-out(競爭落敗)=2, 無候選(計入)=11, factor=1.50, min_reach=20.0
2026-07-26 14:00:06,627 - m3_module.m3_dot_detection - INFO - detect_all_dots: 紅點=0, 黑點=1, 涉及細胞=14
2026-07-26 14:00:06,708 - m4_module.cell_crops - INFO - 匯出 3 張 per-cell 影像至 /data/taro_Projects/tsgh/output/r7_run/cell_crops/tile_x16128_y13056/cells
2026-07-26 14:00:06,708 - hybrid_pipeline - INFO - Tile tile_x16128_y13056 完成: 核心擁有 3 細胞 (3 陽性), 0.83 秒
2026-07-26 14:00:07,045 - hybrid_pipeline - INFO - [431/576] 處理 tile: tile_x15360_y13056
2026-07-26 14:00:07,074 - m3_module.m3_cells_generator - INFO - All-positive 標註完成: 16 個細胞
2026-07-26 14:00:07,110 - m3_module.m3_cells_generator - INFO - enlarge_cell_instances: 16 顆細胞, factor=1.50(面積), 中位半徑=17.7px, 外擴=4.0px
2026-07-26 14:00:07,133 - m3_module.m3_elastic_matching - INFO - elastic_dish_nucleus_matching(overlap-first): IHC=16, DISH=2, matched(1核)=2 (其中重疊=2), drop-out(競爭落敗)=1, 無候選(計入)=13, factor=1.50, min_reach=20.0
2026-07-26 14:00:07,221 - m3_module.m3_dot_detection - INFO - detect_all_dots: 紅點=1, 黑點=2, 涉及細胞=16
2026-07-26 14:00:07,312 - m4_module.cell_crops - INFO - 匯出 16 張 per-cell 影像至 /data/taro_Projects/tsgh/output/r7_run/cell_crops/tile_x14592_y13056/cells
2026-07-26 14:00:07,312 - hybrid_pipeline - INFO - Tile tile_x14592_y13056 完成: 核心擁有 16 細胞 (16 陽性), 0.86 秒
2026-07-26 14:00:07,615 - hybrid_pipeline - INFO - [432/576] 處理 tile: tile_x16896_y13056
2026-07-26 14:00:07,644 - m3_module.m3_cells_generator - INFO - All-positive 標註完成: 1 個細胞
2026-07-26 14:00:07,669 - m3_module.m3_cells_generator - INFO - enlarge_cell_instances: 1 顆細胞, factor=1.50(面積), 中位半徑=13.0px, 外擴=2.9px
2026-07-26 14:00:07,762 - m3_module.m3_dot_detection - INFO - detect_all_dots: 紅點=0, 黑點=0, 涉及細胞=1
2026-07-26 14:00:07,794 - m4_module.cell_crops - INFO - 匯出 0 張 per-cell 影像至 /data/taro_Projects/tsgh/output/r7_run/cell_crops/tile_x15360_y13056/cells
2026-07-26 14:00:07,794 - hybrid_pipeline - INFO - Tile tile_x15360_y13056 完成: 核心擁有 0 細胞 (0 陽性), 0.75 秒
2026-07-26 14:00:08,242 - hybrid_pipeline - INFO - [433/576] 處理 tile: tile_x1536_y13824
2026-07-26 14:00:08,271 - m3_module.m3_cells_generator - INFO - All-positive 標註完成: 123 個細胞
2026-07-26 14:00:08,321 - m3_module.m3_cells_generator - INFO - enlarge_cell_instances: 123 顆細胞, factor=1.50(面積), 中位半徑=22.8px, 外擴=5.1px
2026-07-26 14:00:08,347 - m3_module.m3_elastic_matching - INFO - elastic_dish_nucleus_matching(overlap-first): IHC=123, DISH=11, matched(1核)=11 (其中重疊=11), drop-out(競爭落敗)=3, 無候選(計入)=109, factor=1.50, min_reach=20.0
2026-07-26 14:00:08,459 - m3_module.m3_dot_detection - INFO - detect_all_dots: 紅點=8, 黑點=13, 涉及細胞=123
2026-07-26 14:00:08,765 - m4_module.cell_crops - INFO - 匯出 80 張 per-cell 影像至 /data/taro_Projects/tsgh/output/r7_run/cell_crops/tile_x16896_y13056/cells
2026-07-26 14:00:08,765 - hybrid_pipeline - INFO - Tile tile_x16896_y13056 完成: 核心擁有 80 細胞 (80 陽性), 1.15 秒
2026-07-26 14:00:08,841 - hybrid_pipeline - INFO - [434/576] 處理 tile: tile_x768_y13824
2026-07-26 14:00:08,870 - m3_module.m3_cells_generator - INFO - All-positive 標註完成: 33 個細胞
2026-07-26 14:00:08,911 - m3_module.m3_cells_generator - INFO - enlarge_cell_instances: 33 顆細胞, factor=1.50(面積), 中位半徑=26.5px, 外擴=6.0px
2026-07-26 14:00:08,937 - m3_module.m3_elastic_matching - INFO - elastic_dish_nucleus_matching(overlap-first): IHC=33, DISH=3, matched(1核)=1 (其中重疊=1), drop-out(競爭落敗)=0, 無候選(計入)=32, factor=1.50, min_reach=20.0
2026-07-26 14:00:09,021 - m3_module.m3_dot_detection - INFO - detect_all_dots: 紅點=0, 黑點=0, 涉及細胞=33
2026-07-26 14:00:09,157 - m4_module.cell_crops - INFO - 匯出 14 張 per-cell 影像至 /data/taro_Projects/tsgh/output/r7_run/cell_crops/tile_x1536_y13824/cells
2026-07-26 14:00:09,157 - hybrid_pipeline - INFO - Tile tile_x1536_y13824 完成: 核心擁有 14 細胞 (14 陽性), 0.92 秒
2026-07-26 14:00:09,481 - hybrid_pipeline - INFO - [435/576] 處理 tile: tile_x0_y13824
2026-07-26 14:00:09,510 - m3_module.m3_cells_generator - INFO - All-positive 標註完成: 62 個細胞
2026-07-26 14:00:09,557 - m3_module.m3_cells_generator - INFO - enlarge_cell_instances: 62 顆細胞, factor=1.50(面積), 中位半徑=23.1px, 外擴=5.2px
2026-07-26 14:00:09,582 - m3_module.m3_elastic_matching - INFO - elastic_dish_nucleus_matching(overlap-first): IHC=62, DISH=1, matched(1核)=1 (其中重疊=1), drop-out(競爭落敗)=0, 無候選(計入)=61, factor=1.50, min_reach=20.0
2026-07-26 14:00:09,674 - m3_module.m3_dot_detection - INFO - detect_all_dots: 紅點=0, 黑點=1, 涉及細胞=62
2026-07-26 14:00:09,848 - m4_module.cell_crops - INFO - 匯出 46 張 per-cell 影像至 /data/taro_Projects/tsgh/output/r7_run/cell_crops/tile_x768_y13824/cells
2026-07-26 14:00:09,848 - hybrid_pipeline - INFO - Tile tile_x768_y13824 完成: 核心擁有 46 細胞 (46 陽性), 1.01 秒
2026-07-26 14:00:10,061 - hybrid_pipeline - INFO - [436/576] 處理 tile: tile_x2304_y13824
2026-07-26 14:00:10,091 - m3_module.m3_cells_generator - INFO - All-positive 標註完成: 12 個細胞
2026-07-26 14:00:10,124 - m3_module.m3_cells_generator - INFO - enlarge_cell_instances: 12 顆細胞, factor=1.50(面積), 中位半徑=17.5px, 外擴=3.9px
2026-07-26 14:00:10,215 - m3_module.m3_dot_detection - INFO - detect_all_dots: 紅點=0, 黑點=0, 涉及細胞=12
2026-07-26 14:00:10,266 - m4_module.cell_crops - INFO - 匯出 10 張 per-cell 影像至 /data/taro_Projects/tsgh/output/r7_run/cell_crops/tile_x0_y13824/cells
2026-07-26 14:00:10,266 - hybrid_pipeline - INFO - Tile tile_x0_y13824 完成: 核心擁有 10 細胞 (10 陽性), 0.78 秒
2026-07-26 14:00:10,636 - hybrid_pipeline - INFO - [437/576] 處理 tile: tile_x4608_y13824
2026-07-26 14:00:10,666 - m3_module.m3_cells_generator - INFO - All-positive 標註完成: 21 個細胞
2026-07-26 14:00:10,704 - m3_module.m3_cells_generator - INFO - enlarge_cell_instances: 21 顆細胞, factor=1.50(面積), 中位半徑=17.9px, 外擴=4.0px
2026-07-26 14:00:10,796 - m3_module.m3_dot_detection - INFO - detect_all_dots: 紅點=0, 黑點=0, 涉及細胞=21
2026-07-26 14:00:10,863 - m4_module.cell_crops - INFO - 匯出 5 張 per-cell 影像至 /data/taro_Projects/tsgh/output/r7_run/cell_crops/tile_x2304_y13824/cells
2026-07-26 14:00:10,863 - hybrid_pipeline - INFO - Tile tile_x2304_y13824 完成: 核心擁有 5 細胞 (5 陽性), 0.80 秒
2026-07-26 14:00:11,235 - hybrid_pipeline - INFO - [438/576] 處理 tile: tile_x3072_y13824
2026-07-26 14:00:11,262 - m3_module.m3_cells_generator - INFO - All-positive 標註完成: 41 個細胞
2026-07-26 14:00:11,306 - m3_module.m3_cells_generator - INFO - enlarge_cell_instances: 41 顆細胞, factor=1.50(面積), 中位半徑=24.9px, 外擴=5.6px
2026-07-26 14:00:11,330 - m3_module.m3_elastic_matching - INFO - elastic_dish_nucleus_matching(overlap-first): IHC=41, DISH=5, matched(1核)=5 (其中重疊=5), drop-out(競爭落敗)=1, 無候選(計入)=35, factor=1.50, min_reach=20.0
2026-07-26 14:00:11,422 - m3_module.m3_dot_detection - INFO - detect_all_dots: 紅點=6, 黑點=4, 涉及細胞=41
2026-07-26 14:00:11,568 - m4_module.cell_crops - INFO - 匯出 18 張 per-cell 影像至 /data/taro_Projects/tsgh/output/r7_run/cell_crops/tile_x4608_y13824/cells
2026-07-26 14:00:11,568 - hybrid_pipeline - INFO - Tile tile_x4608_y13824 完成: 核心擁有 18 細胞 (18 陽性), 0.93 秒
2026-07-26 14:00:11,855 - hybrid_pipeline - INFO - [439/576] 處理 tile: tile_x3840_y13824
2026-07-26 14:00:11,883 - m3_module.m3_cells_generator - INFO - All-positive 標註完成: 59 個細胞
2026-07-26 14:00:11,935 - m3_module.m3_cells_generator - INFO - enlarge_cell_instances: 59 顆細胞, factor=1.50(面積), 中位半徑=23.2px, 外擴=5.2px
2026-07-26 14:00:11,959 - m3_module.m3_elastic_matching - INFO - elastic_dish_nucleus_matching(overlap-first): IHC=59, DISH=8, matched(1核)=4 (其中重疊=4), drop-out(競爭落敗)=2, 無候選(計入)=53, factor=1.50, min_reach=20.0
2026-07-26 14:00:12,060 - m3_module.m3_dot_detection - INFO - detect_all_dots: 紅點=7, 黑點=7, 涉及細胞=59
2026-07-26 14:00:12,228 - m4_module.cell_crops - INFO - 匯出 17 張 per-cell 影像至 /data/taro_Projects/tsgh/output/r7_run/cell_crops/tile_x3072_y13824/cells
2026-07-26 14:00:12,228 - hybrid_pipeline - INFO - Tile tile_x3072_y13824 完成: 核心擁有 17 細胞 (17 陽性), 0.99 秒
2026-07-26 14:00:12,478 - hybrid_pipeline - INFO - [440/576] 處理 tile: tile_x5376_y13824
2026-07-26 14:00:12,507 - m3_module.m3_cells_generator - INFO - All-positive 標註完成: 92 個細胞
2026-07-26 14:00:12,558 - m3_module.m3_cells_generator - INFO - enlarge_cell_instances: 92 顆細胞, factor=1.50(面積), 中位半徑=26.5px, 外擴=6.0px
2026-07-26 14:00:12,583 - m3_module.m3_elastic_matching - INFO - elastic_dish_nucleus_matching(overlap-first): IHC=92, DISH=9, matched(1核)=7 (其中重疊=7), drop-out(競爭落敗)=4, 無候選(計入)=81, factor=1.50, min_reach=20.0
2026-07-26 14:00:12,691 - m3_module.m3_dot_detection - INFO - detect_all_dots: 紅點=9, 黑點=8, 涉及細胞=92
2026-07-26 14:00:12,973 - m4_module.cell_crops - INFO - 匯出 75 張 per-cell 影像至 /data/taro_Projects/tsgh/output/r7_run/cell_crops/tile_x3840_y13824/cells
2026-07-26 14:00:12,973 - hybrid_pipeline - INFO - Tile tile_x3840_y13824 完成: 核心擁有 75 細胞 (75 陽性), 1.12 秒
2026-07-26 14:00:13,093 - hybrid_pipeline - INFO - [441/576] 處理 tile: tile_x6144_y13824
2026-07-26 14:00:13,122 - m3_module.m3_cells_generator - INFO - All-positive 標註完成: 73 個細胞
2026-07-26 14:00:13,174 - m3_module.m3_cells_generator - INFO - enlarge_cell_instances: 73 顆細胞, factor=1.50(面積), 中位半徑=23.6px, 外擴=5.3px
2026-07-26 14:00:13,198 - m3_module.m3_elastic_matching - INFO - elastic_dish_nucleus_matching(overlap-first): IHC=73, DISH=1, matched(1核)=1 (其中重疊=1), drop-out(競爭落敗)=0, 無候選(計入)=72, factor=1.50, min_reach=20.0
2026-07-26 14:00:13,287 - m3_module.m3_dot_detection - INFO - detect_all_dots: 紅點=0, 黑點=0, 涉及細胞=73
2026-07-26 14:00:13,495 - m4_module.cell_crops - INFO - 匯出 42 張 per-cell 影像至 /data/taro_Projects/tsgh/output/r7_run/cell_crops/tile_x5376_y13824/cells
2026-07-26 14:00:13,496 - hybrid_pipeline - INFO - Tile tile_x5376_y13824 完成: 核心擁有 42 細胞 (42 陽性), 1.02 秒
2026-07-26 14:00:13,717 - hybrid_pipeline - INFO - [442/576] 處理 tile: tile_x6912_y13824
2026-07-26 14:00:13,746 - m3_module.m3_cells_generator - INFO - All-positive 標註完成: 102 個細胞
2026-07-26 14:00:13,798 - m3_module.m3_cells_generator - INFO - enlarge_cell_instances: 102 顆細胞, factor=1.50(面積), 中位半徑=22.9px, 外擴=5.2px
2026-07-26 14:00:13,823 - m3_module.m3_elastic_matching - INFO - elastic_dish_nucleus_matching(overlap-first): IHC=102, DISH=2, matched(1核)=2 (其中重疊=2), drop-out(競爭落敗)=1, 無候選(計入)=99, factor=1.50, min_reach=20.0
2026-07-26 14:00:13,925 - m3_module.m3_dot_detection - INFO - detect_all_dots: 紅點=4, 黑點=7, 涉及細胞=102
2026-07-26 14:00:14,190 - m4_module.cell_crops - INFO - 匯出 53 張 per-cell 影像至 /data/taro_Projects/tsgh/output/r7_run/cell_crops/tile_x6144_y13824/cells
2026-07-26 14:00:14,190 - hybrid_pipeline - INFO - Tile tile_x6144_y13824 完成: 核心擁有 53 細胞 (53 陽性), 1.10 秒
2026-07-26 14:00:14,317 - hybrid_pipeline - INFO - [443/576] 處理 tile: tile_x7680_y13824
2026-07-26 14:00:14,345 - m3_module.m3_cells_generator - INFO - All-positive 標註完成: 76 個細胞
2026-07-26 14:00:14,394 - m3_module.m3_cells_generator - INFO - enlarge_cell_instances: 76 顆細胞, factor=1.50(面積), 中位半徑=21.8px, 外擴=4.9px
2026-07-26 14:00:14,419 - m3_module.m3_elastic_matching - INFO - elastic_dish_nucleus_matching(overlap-first): IHC=76, DISH=4, matched(1核)=2 (其中重疊=2), drop-out(競爭落敗)=0, 無候選(計入)=74, factor=1.50, min_reach=20.0
2026-07-26 14:00:14,515 - m3_module.m3_dot_detection - INFO - detect_all_dots: 紅點=2, 黑點=2, 涉及細胞=76
2026-07-26 14:00:14,708 - m4_module.cell_crops - INFO - 匯出 44 張 per-cell 影像至 /data/taro_Projects/tsgh/output/r7_run/cell_crops/tile_x6912_y13824/cells
2026-07-26 14:00:14,708 - hybrid_pipeline - INFO - Tile tile_x6912_y13824 完成: 核心擁有 44 細胞 (44 陽性), 0.99 秒
2026-07-26 14:00:14,910 - hybrid_pipeline - INFO - [444/576] 處理 tile: tile_x10752_y13824
2026-07-26 14:00:14,939 - m3_module.m3_cells_generator - INFO - All-positive 標註完成: 37 個細胞
2026-07-26 14:00:14,986 - m3_module.m3_cells_generator - INFO - enlarge_cell_instances: 37 顆細胞, factor=1.50(面積), 中位半徑=24.8px, 外擴=5.6px
2026-07-26 14:00:15,010 - m3_module.m3_elastic_matching - INFO - elastic_dish_nucleus_matching(overlap-first): IHC=37, DISH=6, matched(1核)=4 (其中重疊=4), drop-out(競爭落敗)=2, 無候選(計入)=31, factor=1.50, min_reach=20.0
2026-07-26 14:00:15,113 - m3_module.m3_dot_detection - INFO - detect_all_dots: 紅點=3, 黑點=4, 涉及細胞=37
2026-07-26 14:00:15,252 - m4_module.cell_crops - INFO - 匯出 12 張 per-cell 影像至 /data/taro_Projects/tsgh/output/r7_run/cell_crops/tile_x7680_y13824/cells
2026-07-26 14:00:15,252 - hybrid_pipeline - INFO - Tile tile_x7680_y13824 完成: 核心擁有 12 細胞 (12 陽性), 0.94 秒
2026-07-26 14:00:15,543 - hybrid_pipeline - INFO - [445/576] 處理 tile: tile_x11520_y13824
2026-07-26 14:00:15,578 - m3_module.m3_cells_generator - INFO - All-positive 標註完成: 88 個細胞
2026-07-26 14:00:15,630 - m3_module.m3_cells_generator - INFO - enlarge_cell_instances: 88 顆細胞, factor=1.50(面積), 中位半徑=26.7px, 外擴=6.0px
2026-07-26 14:00:15,663 - m3_module.m3_elastic_matching - INFO - elastic_dish_nucleus_matching(overlap-first): IHC=88, DISH=9, matched(1核)=9 (其中重疊=9), drop-out(競爭落敗)=1, 無候選(計入)=78, factor=1.50, min_reach=20.0
2026-07-26 14:00:15,763 - m3_module.m3_dot_detection - INFO - detect_all_dots: 紅點=2, 黑點=6, 涉及細胞=88
2026-07-26 14:00:16,084 - m4_module.cell_crops - INFO - 匯出 51 張 per-cell 影像至 /data/taro_Projects/tsgh/output/r7_run/cell_crops/tile_x10752_y13824/cells
2026-07-26 14:00:16,085 - hybrid_pipeline - INFO - Tile tile_x10752_y13824 完成: 核心擁有 51 細胞 (51 陽性), 1.17 秒
2026-07-26 14:00:16,169 - hybrid_pipeline - INFO - [446/576] 處理 tile: tile_x9984_y13824
2026-07-26 14:00:16,197 - m3_module.m3_cells_generator - INFO - All-positive 標註完成: 89 個細胞
2026-07-26 14:00:16,251 - m3_module.m3_cells_generator - INFO - enlarge_cell_instances: 89 顆細胞, factor=1.50(面積), 中位半徑=25.9px, 外擴=5.8px
2026-07-26 14:00:16,277 - m3_module.m3_elastic_matching - INFO - elastic_dish_nucleus_matching(overlap-first): IHC=89, DISH=3, matched(1核)=2 (其中重疊=2), drop-out(競爭落敗)=0, 無候選(計入)=87, factor=1.50, min_reach=20.0
2026-07-26 14:00:16,370 - m3_module.m3_dot_detection - INFO - detect_all_dots: 紅點=0, 黑點=1, 涉及細胞=89
2026-07-26 14:00:16,671 - m4_module.cell_crops - INFO - 匯出 43 張 per-cell 影像至 /data/taro_Projects/tsgh/output/r7_run/cell_crops/tile_x11520_y13824/cells
2026-07-26 14:00:16,672 - hybrid_pipeline - INFO - Tile tile_x11520_y13824 完成: 核心擁有 43 細胞 (43 陽性), 1.13 秒
2026-07-26 14:00:16,776 - hybrid_pipeline - INFO - [447/576] 處理 tile: tile_x8448_y13824
2026-07-26 14:00:16,805 - m3_module.m3_cells_generator - INFO - All-positive 標註完成: 77 個細胞
2026-07-26 14:00:16,854 - m3_module.m3_cells_generator - INFO - enlarge_cell_instances: 77 顆細胞, factor=1.50(面積), 中位半徑=22.3px, 外擴=5.0px
2026-07-26 14:00:16,879 - m3_module.m3_elastic_matching - INFO - elastic_dish_nucleus_matching(overlap-first): IHC=77, DISH=30, matched(1核)=18 (其中重疊=18), drop-out(競爭落敗)=5, 無候選(計入)=54, factor=1.50, min_reach=20.0
2026-07-26 14:00:17,022 - m3_module.m3_dot_detection - INFO - detect_all_dots: 紅點=20, 黑點=25, 涉及細胞=77
2026-07-26 14:00:17,249 - m4_module.cell_crops - INFO - 匯出 36 張 per-cell 影像至 /data/taro_Projects/tsgh/output/r7_run/cell_crops/tile_x9984_y13824/cells
2026-07-26 14:00:17,249 - hybrid_pipeline - INFO - Tile tile_x9984_y13824 完成: 核心擁有 36 細胞 (36 陽性), 1.08 秒
2026-07-26 14:00:17,399 - hybrid_pipeline - INFO - [448/576] 處理 tile: tile_x13056_y13824
2026-07-26 14:00:17,428 - m3_module.m3_cells_generator - INFO - All-positive 標註完成: 86 個細胞
2026-07-26 14:00:17,476 - m3_module.m3_cells_generator - INFO - enlarge_cell_instances: 86 顆細胞, factor=1.50(面積), 中位半徑=25.1px, 外擴=5.6px
2026-07-26 14:00:17,502 - m3_module.m3_elastic_matching - INFO - elastic_dish_nucleus_matching(overlap-first): IHC=86, DISH=7, matched(1核)=7 (其中重疊=7), drop-out(競爭落敗)=3, 無候選(計入)=76, factor=1.50, min_reach=20.0
2026-07-26 14:00:17,611 - m3_module.m3_dot_detection - INFO - detect_all_dots: 紅點=8, 黑點=9, 涉及細胞=86
2026-07-26 14:00:17,647 - cellpose.dynamics - INFO - No cell pixels found.
2026-07-26 14:00:17,832 - m4_module.cell_crops - INFO - 匯出 46 張 per-cell 影像至 /data/taro_Projects/tsgh/output/r7_run/cell_crops/tile_x8448_y13824/cells
2026-07-26 14:00:17,832 - hybrid_pipeline - INFO - Tile tile_x8448_y13824 完成: 核心擁有 46 細胞 (46 陽性), 1.06 秒
2026-07-26 14:00:17,945 - hybrid_pipeline - INFO - [449/576] 處理 tile: tile_x13824_y13824
2026-07-26 14:00:17,957 - m3_module.m3_cells_generator - INFO - All-positive 標註完成: 0 個細胞
2026-07-26 14:00:18,064 - m3_module.m3_dot_detection - INFO - detect_all_dots: 紅點=0, 黑點=0, 涉及細胞=0
2026-07-26 14:00:18,098 - m4_module.cell_crops - INFO - 匯出 0 張 per-cell 影像至 /data/taro_Projects/tsgh/output/r7_run/cell_crops/tile_x13056_y13824/cells
2026-07-26 14:00:18,098 - hybrid_pipeline - INFO - Tile tile_x13056_y13824 完成: 核心擁有 0 細胞 (0 陽性), 0.70 秒
2026-07-26 14:00:18,539 - hybrid_pipeline - INFO - [450/576] 處理 tile: tile_x9216_y13824
2026-07-26 14:00:18,568 - m3_module.m3_cells_generator - INFO - All-positive 標註完成: 15 個細胞
2026-07-26 14:00:18,601 - m3_module.m3_cells_generator - INFO - enlarge_cell_instances: 15 顆細胞, factor=1.50(面積), 中位半徑=22.6px, 外擴=5.1px
2026-07-26 14:00:18,694 - m3_module.m3_dot_detection - INFO - detect_all_dots: 紅點=0, 黑點=0, 涉及細胞=15
2026-07-26 14:00:18,767 - m4_module.cell_crops - INFO - 匯出 13 張 per-cell 影像至 /data/taro_Projects/tsgh/output/r7_run/cell_crops/tile_x13824_y13824/cells
2026-07-26 14:00:18,768 - hybrid_pipeline - INFO - Tile tile_x13824_y13824 完成: 核心擁有 13 細胞 (13 陽性), 0.82 秒
2026-07-26 14:00:19,199 - hybrid_pipeline - INFO - [451/576] 處理 tile: tile_x12288_y13824
2026-07-26 14:00:19,229 - m3_module.m3_cells_generator - INFO - All-positive 標註完成: 131 個細胞
2026-07-26 14:00:19,282 - m3_module.m3_cells_generator - INFO - enlarge_cell_instances: 131 顆細胞, factor=1.50(面積), 中位半徑=28.0px, 外擴=6.3px
2026-07-26 14:00:19,308 - m3_module.m3_elastic_matching - INFO - elastic_dish_nucleus_matching(overlap-first): IHC=131, DISH=61, matched(1核)=40 (其中重疊=40), drop-out(競爭落敗)=13, 無候選(計入)=78, factor=1.50, min_reach=20.0
2026-07-26 14:00:19,507 - m3_module.m3_dot_detection - INFO - detect_all_dots: 紅點=47, 黑點=57, 涉及細胞=131
2026-07-26 14:00:19,914 - m4_module.cell_crops - INFO - 匯出 74 張 per-cell 影像至 /data/taro_Projects/tsgh/output/r7_run/cell_crops/tile_x9216_y13824/cells
2026-07-26 14:00:19,914 - hybrid_pipeline - INFO - Tile tile_x9216_y13824 完成: 核心擁有 74 細胞 (74 陽性), 1.38 秒
2026-07-26 14:00:19,914 - hybrid_pipeline - INFO - [452/576] 處理 tile: tile_x15360_y13824
2026-07-26 14:00:19,941 - m3_module.m3_cells_generator - INFO - All-positive 標註完成: 57 個細胞
2026-07-26 14:00:19,989 - m3_module.m3_cells_generator - INFO - enlarge_cell_instances: 57 顆細胞, factor=1.50(面積), 中位半徑=27.1px, 外擴=6.1px
2026-07-26 14:00:20,014 - m3_module.m3_elastic_matching - INFO - elastic_dish_nucleus_matching(overlap-first): IHC=57, DISH=4, matched(1核)=4 (其中重疊=4), drop-out(競爭落敗)=1, 無候選(計入)=52, factor=1.50, min_reach=20.0
2026-07-26 14:00:20,107 - m3_module.m3_dot_detection - INFO - detect_all_dots: 紅點=3, 黑點=4, 涉及細胞=57
2026-07-26 14:00:20,298 - m4_module.cell_crops - INFO - 匯出 39 張 per-cell 影像至 /data/taro_Projects/tsgh/output/r7_run/cell_crops/tile_x12288_y13824/cells
2026-07-26 14:00:20,298 - hybrid_pipeline - INFO - Tile tile_x12288_y13824 完成: 核心擁有 39 細胞 (39 陽性), 1.10 秒
2026-07-26 14:00:20,535 - hybrid_pipeline - INFO - [453/576] 處理 tile: tile_x14592_y13824
2026-07-26 14:00:20,564 - m3_module.m3_cells_generator - INFO - All-positive 標註完成: 21 個細胞
2026-07-26 14:00:20,597 - m3_module.m3_cells_generator - INFO - enlarge_cell_instances: 21 顆細胞, factor=1.50(面積), 中位半徑=23.8px, 外擴=5.3px
2026-07-26 14:00:20,620 - m3_module.m3_elastic_matching - INFO - elastic_dish_nucleus_matching(overlap-first): IHC=21, DISH=2, matched(1核)=1 (其中重疊=1), drop-out(競爭落敗)=1, 無候選(計入)=19, factor=1.50, min_reach=20.0
2026-07-26 14:00:20,714 - m3_module.m3_dot_detection - INFO - detect_all_dots: 紅點=3, 黑點=1, 涉及細胞=21
2026-07-26 14:00:20,813 - m4_module.cell_crops - INFO - 匯出 6 張 per-cell 影像至 /data/taro_Projects/tsgh/output/r7_run/cell_crops/tile_x15360_y13824/cells
2026-07-26 14:00:20,813 - hybrid_pipeline - INFO - Tile tile_x15360_y13824 完成: 核心擁有 6 細胞 (6 陽性), 0.90 秒
2026-07-26 14:00:21,146 - hybrid_pipeline - INFO - [454/576] 處理 tile: tile_x16128_y13824
2026-07-26 14:00:21,182 - m3_module.m3_cells_generator - INFO - All-positive 標註完成: 50 個細胞
2026-07-26 14:00:21,226 - m3_module.m3_cells_generator - INFO - enlarge_cell_instances: 50 顆細胞, factor=1.50(面積), 中位半徑=29.8px, 外擴=6.7px
2026-07-26 14:00:21,251 - m3_module.m3_elastic_matching - INFO - elastic_dish_nucleus_matching(overlap-first): IHC=50, DISH=6, matched(1核)=2 (其中重疊=2), drop-out(競爭落敗)=1, 無候選(計入)=47, factor=1.50, min_reach=20.0
2026-07-26 14:00:21,352 - m3_module.m3_dot_detection - INFO - detect_all_dots: 紅點=4, 黑點=4, 涉及細胞=50
2026-07-26 14:00:21,392 - cellpose.dynamics - INFO - No cell pixels found.
2026-07-26 14:00:21,545 - m4_module.cell_crops - INFO - 匯出 29 張 per-cell 影像至 /data/taro_Projects/tsgh/output/r7_run/cell_crops/tile_x14592_y13824/cells
2026-07-26 14:00:21,545 - hybrid_pipeline - INFO - Tile tile_x14592_y13824 完成: 核心擁有 29 細胞 (29 陽性), 1.01 秒
2026-07-26 14:00:21,692 - hybrid_pipeline - INFO - [455/576] 處理 tile: tile_x17664_y13824
2026-07-26 14:00:21,702 - m3_module.m3_cells_generator - INFO - All-positive 標註完成: 0 個細胞
2026-07-26 14:00:21,801 - m3_module.m3_dot_detection - INFO - detect_all_dots: 紅點=0, 黑點=0, 涉及細胞=0
2026-07-26 14:00:21,830 - m4_module.cell_crops - INFO - 匯出 0 張 per-cell 影像至 /data/taro_Projects/tsgh/output/r7_run/cell_crops/tile_x16128_y13824/cells
2026-07-26 14:00:21,831 - hybrid_pipeline - INFO - Tile tile_x16128_y13824 完成: 核心擁有 0 細胞 (0 陽性), 0.68 秒
2026-07-26 14:00:22,333 - hybrid_pipeline - INFO - [456/576] 處理 tile: tile_x16896_y13824
2026-07-26 14:00:22,362 - m3_module.m3_cells_generator - INFO - All-positive 標註完成: 98 個細胞
2026-07-26 14:00:22,411 - m3_module.m3_cells_generator - INFO - enlarge_cell_instances: 98 顆細胞, factor=1.50(面積), 中位半徑=23.0px, 外擴=5.2px
2026-07-26 14:00:22,438 - m3_module.m3_elastic_matching - INFO - elastic_dish_nucleus_matching(overlap-first): IHC=98, DISH=6, matched(1核)=5 (其中重疊=5), drop-out(競爭落敗)=1, 無候選(計入)=92, factor=1.50, min_reach=20.0
2026-07-26 14:00:22,534 - m3_module.m3_dot_detection - INFO - detect_all_dots: 紅點=1, 黑點=2, 涉及細胞=98
2026-07-26 14:00:22,786 - m4_module.cell_crops - INFO - 匯出 60 張 per-cell 影像至 /data/taro_Projects/tsgh/output/r7_run/cell_crops/tile_x17664_y13824/cells
2026-07-26 14:00:22,787 - hybrid_pipeline - INFO - Tile tile_x17664_y13824 完成: 核心擁有 60 細胞 (60 陽性), 1.09 秒
2026-07-26 14:00:22,940 - hybrid_pipeline - INFO - [457/576] 處理 tile: tile_x0_y14592
2026-07-26 14:00:22,970 - m3_module.m3_cells_generator - INFO - All-positive 標註完成: 65 個細胞
2026-07-26 14:00:23,016 - m3_module.m3_cells_generator - INFO - enlarge_cell_instances: 65 顆細胞, factor=1.50(面積), 中位半徑=25.7px, 外擴=5.8px
2026-07-26 14:00:23,041 - m3_module.m3_elastic_matching - INFO - elastic_dish_nucleus_matching(overlap-first): IHC=65, DISH=3, matched(1核)=1 (其中重疊=1), drop-out(競爭落敗)=1, 無候選(計入)=63, factor=1.50, min_reach=20.0
2026-07-26 14:00:23,132 - m3_module.m3_dot_detection - INFO - detect_all_dots: 紅點=0, 黑點=0, 涉及細胞=65
2026-07-26 14:00:23,320 - m4_module.cell_crops - INFO - 匯出 29 張 per-cell 影像至 /data/taro_Projects/tsgh/output/r7_run/cell_crops/tile_x16896_y13824/cells
2026-07-26 14:00:23,320 - hybrid_pipeline - INFO - Tile tile_x16896_y13824 完成: 核心擁有 29 細胞 (29 陽性), 0.99 秒
2026-07-26 14:00:23,555 - hybrid_pipeline - INFO - [458/576] 處理 tile: tile_x1536_y14592
2026-07-26 14:00:23,584 - m3_module.m3_cells_generator - INFO - All-positive 標註完成: 28 個細胞
2026-07-26 14:00:23,629 - m3_module.m3_cells_generator - INFO - enlarge_cell_instances: 28 顆細胞, factor=1.50(面積), 中位半徑=20.8px, 外擴=4.7px
2026-07-26 14:00:23,652 - m3_module.m3_elastic_matching - INFO - elastic_dish_nucleus_matching(overlap-first): IHC=28, DISH=1, matched(1核)=0 (其中重疊=0), drop-out(競爭落敗)=0, 無候選(計入)=28, factor=1.50, min_reach=20.0
2026-07-26 14:00:23,732 - m3_module.m3_dot_detection - INFO - detect_all_dots: 紅點=0, 黑點=0, 涉及細胞=28
2026-07-26 14:00:23,811 - m4_module.cell_crops - INFO - 匯出 21 張 per-cell 影像至 /data/taro_Projects/tsgh/output/r7_run/cell_crops/tile_x0_y14592/cells
2026-07-26 14:00:23,811 - hybrid_pipeline - INFO - Tile tile_x0_y14592 完成: 核心擁有 21 細胞 (21 陽性), 0.87 秒
2026-07-26 14:00:24,171 - hybrid_pipeline - INFO - [459/576] 處理 tile: tile_x768_y14592
2026-07-26 14:00:24,199 - m3_module.m3_cells_generator - INFO - All-positive 標註完成: 39 個細胞
2026-07-26 14:00:24,236 - m3_module.m3_cells_generator - INFO - enlarge_cell_instances: 39 顆細胞, factor=1.50(面積), 中位半徑=28.3px, 外擴=6.4px
2026-07-26 14:00:24,330 - m3_module.m3_dot_detection - INFO - detect_all_dots: 紅點=0, 黑點=0, 涉及細胞=39
2026-07-26 14:00:24,435 - m4_module.cell_crops - INFO - 匯出 25 張 per-cell 影像至 /data/taro_Projects/tsgh/output/r7_run/cell_crops/tile_x1536_y14592/cells
2026-07-26 14:00:24,435 - hybrid_pipeline - INFO - Tile tile_x1536_y14592 完成: 核心擁有 25 細胞 (25 陽性), 0.88 秒
2026-07-26 14:00:24,752 - hybrid_pipeline - INFO - [460/576] 處理 tile: tile_x3072_y14592
2026-07-26 14:00:24,781 - m3_module.m3_cells_generator - INFO - All-positive 標註完成: 5 個細胞
2026-07-26 14:00:24,811 - m3_module.m3_cells_generator - INFO - enlarge_cell_instances: 5 顆細胞, factor=1.50(面積), 中位半徑=16.9px, 外擴=3.8px
2026-07-26 14:00:24,900 - m3_module.m3_dot_detection - INFO - detect_all_dots: 紅點=0, 黑點=0, 涉及細胞=5
2026-07-26 14:00:24,936 - m4_module.cell_crops - INFO - 匯出 4 張 per-cell 影像至 /data/taro_Projects/tsgh/output/r7_run/cell_crops/tile_x768_y14592/cells
2026-07-26 14:00:24,936 - hybrid_pipeline - INFO - Tile tile_x768_y14592 完成: 核心擁有 4 細胞 (4 陽性), 0.77 秒
2026-07-26 14:00:25,373 - hybrid_pipeline - INFO - [461/576] 處理 tile: tile_x2304_y14592
2026-07-26 14:00:25,400 - m3_module.m3_cells_generator - INFO - All-positive 標註完成: 52 個細胞
2026-07-26 14:00:25,443 - m3_module.m3_cells_generator - INFO - enlarge_cell_instances: 52 顆細胞, factor=1.50(面積), 中位半徑=21.7px, 外擴=4.9px
2026-07-26 14:00:25,468 - m3_module.m3_elastic_matching - INFO - elastic_dish_nucleus_matching(overlap-first): IHC=52, DISH=4, matched(1核)=2 (其中重疊=2), drop-out(競爭落敗)=0, 無候選(計入)=50, factor=1.50, min_reach=20.0
2026-07-26 14:00:25,553 - m3_module.m3_dot_detection - INFO - detect_all_dots: 紅點=1, 黑點=3, 涉及細胞=52
2026-07-26 14:00:25,705 - m4_module.cell_crops - INFO - 匯出 40 張 per-cell 影像至 /data/taro_Projects/tsgh/output/r7_run/cell_crops/tile_x3072_y14592/cells
2026-07-26 14:00:25,705 - hybrid_pipeline - INFO - Tile tile_x3072_y14592 完成: 核心擁有 40 細胞 (40 陽性), 0.95 秒
2026-07-26 14:00:25,999 - hybrid_pipeline - INFO - [462/576] 處理 tile: tile_x3840_y14592
2026-07-26 14:00:26,028 - m3_module.m3_cells_generator - INFO - All-positive 標註完成: 59 個細胞
2026-07-26 14:00:26,077 - m3_module.m3_cells_generator - INFO - enlarge_cell_instances: 59 顆細胞, factor=1.50(面積), 中位半徑=22.5px, 外擴=5.0px
2026-07-26 14:00:26,101 - m3_module.m3_elastic_matching - INFO - elastic_dish_nucleus_matching(overlap-first): IHC=59, DISH=2, matched(1核)=2 (其中重疊=2), drop-out(競爭落敗)=0, 無候選(計入)=57, factor=1.50, min_reach=20.0
2026-07-26 14:00:26,198 - m3_module.m3_dot_detection - INFO - detect_all_dots: 紅點=2, 黑點=4, 涉及細胞=59
2026-07-26 14:00:26,373 - m4_module.cell_crops - INFO - 匯出 26 張 per-cell 影像至 /data/taro_Projects/tsgh/output/r7_run/cell_crops/tile_x2304_y14592/cells
2026-07-26 14:00:26,374 - hybrid_pipeline - INFO - Tile tile_x2304_y14592 完成: 核心擁有 26 細胞 (26 陽性), 1.00 秒
2026-07-26 14:00:26,588 - hybrid_pipeline - INFO - [463/576] 處理 tile: tile_x5376_y14592
2026-07-26 14:00:26,616 - m3_module.m3_cells_generator - INFO - All-positive 標註完成: 42 個細胞
2026-07-26 14:00:26,661 - m3_module.m3_cells_generator - INFO - enlarge_cell_instances: 42 顆細胞, factor=1.50(面積), 中位半徑=21.5px, 外擴=4.8px
2026-07-26 14:00:26,685 - m3_module.m3_elastic_matching - INFO - elastic_dish_nucleus_matching(overlap-first): IHC=42, DISH=4, matched(1核)=2 (其中重疊=2), drop-out(競爭落敗)=0, 無候選(計入)=40, factor=1.50, min_reach=20.0
2026-07-26 14:00:26,770 - m3_module.m3_dot_detection - INFO - detect_all_dots: 紅點=1, 黑點=3, 涉及細胞=42
2026-07-26 14:00:26,908 - m4_module.cell_crops - INFO - 匯出 16 張 per-cell 影像至 /data/taro_Projects/tsgh/output/r7_run/cell_crops/tile_x3840_y14592/cells
2026-07-26 14:00:26,908 - hybrid_pipeline - INFO - Tile tile_x3840_y14592 完成: 核心擁有 16 細胞 (16 陽性), 0.91 秒
2026-07-26 14:00:27,223 - hybrid_pipeline - INFO - [464/576] 處理 tile: tile_x4608_y14592
2026-07-26 14:00:27,252 - m3_module.m3_cells_generator - INFO - All-positive 標註完成: 67 個細胞
2026-07-26 14:00:27,303 - m3_module.m3_cells_generator - INFO - enlarge_cell_instances: 67 顆細胞, factor=1.50(面積), 中位半徑=24.5px, 外擴=5.5px
2026-07-26 14:00:27,328 - m3_module.m3_elastic_matching - INFO - elastic_dish_nucleus_matching(overlap-first): IHC=67, DISH=3, matched(1核)=2 (其中重疊=2), drop-out(競爭落敗)=1, 無候選(計入)=64, factor=1.50, min_reach=20.0
2026-07-26 14:00:27,431 - m3_module.m3_dot_detection - INFO - detect_all_dots: 紅點=6, 黑點=7, 涉及細胞=67
2026-07-26 14:00:27,634 - m4_module.cell_crops - INFO - 匯出 32 張 per-cell 影像至 /data/taro_Projects/tsgh/output/r7_run/cell_crops/tile_x5376_y14592/cells
2026-07-26 14:00:27,634 - hybrid_pipeline - INFO - Tile tile_x5376_y14592 完成: 核心擁有 32 細胞 (32 陽性), 1.05 秒
2026-07-26 14:00:27,832 - hybrid_pipeline - INFO - [465/576] 處理 tile: tile_x6144_y14592
2026-07-26 14:00:27,861 - m3_module.m3_cells_generator - INFO - All-positive 標註完成: 37 個細胞
2026-07-26 14:00:27,906 - m3_module.m3_cells_generator - INFO - enlarge_cell_instances: 37 顆細胞, factor=1.50(面積), 中位半徑=25.7px, 外擴=5.8px
2026-07-26 14:00:27,931 - m3_module.m3_elastic_matching - INFO - elastic_dish_nucleus_matching(overlap-first): IHC=37, DISH=4, matched(1核)=3 (其中重疊=3), drop-out(競爭落敗)=0, 無候選(計入)=34, factor=1.50, min_reach=20.0
2026-07-26 14:00:28,018 - m3_module.m3_dot_detection - INFO - detect_all_dots: 紅點=2, 黑點=2, 涉及細胞=37
2026-07-26 14:00:28,137 - m4_module.cell_crops - INFO - 匯出 7 張 per-cell 影像至 /data/taro_Projects/tsgh/output/r7_run/cell_crops/tile_x4608_y14592/cells
2026-07-26 14:00:28,137 - hybrid_pipeline - INFO - Tile tile_x4608_y14592 完成: 核心擁有 7 細胞 (7 陽性), 0.91 秒
2026-07-26 14:00:28,471 - hybrid_pipeline - INFO - [466/576] 處理 tile: tile_x7680_y14592
2026-07-26 14:00:28,499 - m3_module.m3_cells_generator - INFO - All-positive 標註完成: 71 個細胞
2026-07-26 14:00:28,546 - m3_module.m3_cells_generator - INFO - enlarge_cell_instances: 71 顆細胞, factor=1.50(面積), 中位半徑=22.8px, 外擴=5.1px
2026-07-26 14:00:28,571 - m3_module.m3_elastic_matching - INFO - elastic_dish_nucleus_matching(overlap-first): IHC=71, DISH=5, matched(1核)=4 (其中重疊=4), drop-out(競爭落敗)=0, 無候選(計入)=67, factor=1.50, min_reach=20.0
2026-07-26 14:00:28,677 - m3_module.m3_dot_detection - INFO - detect_all_dots: 紅點=6, 黑點=9, 涉及細胞=71
2026-07-26 14:00:28,871 - m4_module.cell_crops - INFO - 匯出 42 張 per-cell 影像至 /data/taro_Projects/tsgh/output/r7_run/cell_crops/tile_x6144_y14592/cells
2026-07-26 14:00:28,871 - hybrid_pipeline - INFO - Tile tile_x6144_y14592 完成: 核心擁有 42 細胞 (42 陽性), 1.04 秒
2026-07-26 14:00:29,062 - hybrid_pipeline - INFO - [467/576] 處理 tile: tile_x6912_y14592
2026-07-26 14:00:29,091 - m3_module.m3_cells_generator - INFO - All-positive 標註完成: 64 個細胞
2026-07-26 14:00:29,140 - m3_module.m3_cells_generator - INFO - enlarge_cell_instances: 64 顆細胞, factor=1.50(面積), 中位半徑=18.8px, 外擴=4.2px
2026-07-26 14:00:29,164 - m3_module.m3_elastic_matching - INFO - elastic_dish_nucleus_matching(overlap-first): IHC=64, DISH=4, matched(1核)=1 (其中重疊=1), drop-out(競爭落敗)=0, 無候選(計入)=63, factor=1.50, min_reach=20.0
2026-07-26 14:00:29,255 - m3_module.m3_dot_detection - INFO - detect_all_dots: 紅點=0, 黑點=0, 涉及細胞=64
2026-07-26 14:00:29,439 - m4_module.cell_crops - INFO - 匯出 33 張 per-cell 影像至 /data/taro_Projects/tsgh/output/r7_run/cell_crops/tile_x7680_y14592/cells
2026-07-26 14:00:29,439 - hybrid_pipeline - INFO - Tile tile_x7680_y14592 完成: 核心擁有 33 細胞 (33 陽性), 0.97 秒
2026-07-26 14:00:29,663 - hybrid_pipeline - INFO - [468/576] 處理 tile: tile_x8448_y14592
2026-07-26 14:00:29,692 - m3_module.m3_cells_generator - INFO - All-positive 標註完成: 65 個細胞
2026-07-26 14:00:29,733 - m3_module.m3_cells_generator - INFO - enlarge_cell_instances: 65 顆細胞, factor=1.50(面積), 中位半徑=17.4px, 外擴=3.9px
2026-07-26 14:00:29,758 - m3_module.m3_elastic_matching - INFO - elastic_dish_nucleus_matching(overlap-first): IHC=65, DISH=3, matched(1核)=1 (其中重疊=1), drop-out(競爭落敗)=0, 無候選(計入)=64, factor=1.50, min_reach=20.0
2026-07-26 14:00:29,843 - m3_module.m3_dot_detection - INFO - detect_all_dots: 紅點=0, 黑點=0, 涉及細胞=65
2026-07-26 14:00:29,996 - m4_module.cell_crops - INFO - 匯出 27 張 per-cell 影像至 /data/taro_Projects/tsgh/output/r7_run/cell_crops/tile_x6912_y14592/cells
2026-07-26 14:00:29,996 - hybrid_pipeline - INFO - Tile tile_x6912_y14592 完成: 核心擁有 27 細胞 (27 陽性), 0.93 秒
2026-07-26 14:00:30,308 - hybrid_pipeline - INFO - [469/576] 處理 tile: tile_x9216_y14592
2026-07-26 14:00:30,337 - m3_module.m3_cells_generator - INFO - All-positive 標註完成: 83 個細胞
2026-07-26 14:00:30,389 - m3_module.m3_cells_generator - INFO - enlarge_cell_instances: 83 顆細胞, factor=1.50(面積), 中位半徑=25.5px, 外擴=5.7px
2026-07-26 14:00:30,415 - m3_module.m3_elastic_matching - INFO - elastic_dish_nucleus_matching(overlap-first): IHC=83, DISH=42, matched(1核)=21 (其中重疊=21), drop-out(競爭落敗)=4, 無候選(計入)=58, factor=1.50, min_reach=20.0
2026-07-26 14:00:30,556 - m3_module.m3_dot_detection - INFO - detect_all_dots: 紅點=18, 黑點=18, 涉及細胞=83
2026-07-26 14:00:30,826 - m4_module.cell_crops - INFO - 匯出 47 張 per-cell 影像至 /data/taro_Projects/tsgh/output/r7_run/cell_crops/tile_x8448_y14592/cells
2026-07-26 14:00:30,826 - hybrid_pipeline - INFO - Tile tile_x8448_y14592 完成: 核心擁有 47 細胞 (47 陽性), 1.16 秒
2026-07-26 14:00:30,950 - hybrid_pipeline - INFO - [470/576] 處理 tile: tile_x10752_y14592
2026-07-26 14:00:30,978 - m3_module.m3_cells_generator - INFO - All-positive 標註完成: 107 個細胞
2026-07-26 14:00:31,031 - m3_module.m3_cells_generator - INFO - enlarge_cell_instances: 107 顆細胞, factor=1.50(面積), 中位半徑=28.2px, 外擴=6.3px
2026-07-26 14:00:31,060 - m3_module.m3_elastic_matching - INFO - elastic_dish_nucleus_matching(overlap-first): IHC=107, DISH=52, matched(1核)=35 (其中重疊=34), drop-out(競爭落敗)=10, 無候選(計入)=62, factor=1.50, min_reach=20.0
2026-07-26 14:00:31,225 - m3_module.m3_dot_detection - INFO - detect_all_dots: 紅點=25, 黑點=33, 涉及細胞=107
2026-07-26 14:00:31,521 - m4_module.cell_crops - INFO - 匯出 60 張 per-cell 影像至 /data/taro_Projects/tsgh/output/r7_run/cell_crops/tile_x9216_y14592/cells
2026-07-26 14:00:31,522 - hybrid_pipeline - INFO - Tile tile_x9216_y14592 完成: 核心擁有 60 細胞 (60 陽性), 1.21 秒
2026-07-26 14:00:31,603 - hybrid_pipeline - INFO - [471/576] 處理 tile: tile_x9984_y14592
2026-07-26 14:00:31,631 - m3_module.m3_cells_generator - INFO - All-positive 標註完成: 108 個細胞
2026-07-26 14:00:31,684 - m3_module.m3_cells_generator - INFO - enlarge_cell_instances: 108 顆細胞, factor=1.50(面積), 中位半徑=26.5px, 外擴=6.0px
2026-07-26 14:00:31,710 - m3_module.m3_elastic_matching - INFO - elastic_dish_nucleus_matching(overlap-first): IHC=108, DISH=3, matched(1核)=3 (其中重疊=3), drop-out(競爭落敗)=1, 無候選(計入)=104, factor=1.50, min_reach=20.0
2026-07-26 14:00:31,808 - m3_module.m3_dot_detection - INFO - detect_all_dots: 紅點=3, 黑點=3, 涉及細胞=108
2026-07-26 14:00:32,119 - m4_module.cell_crops - INFO - 匯出 56 張 per-cell 影像至 /data/taro_Projects/tsgh/output/r7_run/cell_crops/tile_x10752_y14592/cells
2026-07-26 14:00:32,119 - hybrid_pipeline - INFO - Tile tile_x10752_y14592 完成: 核心擁有 56 細胞 (56 陽性), 1.17 秒
2026-07-26 14:00:32,212 - hybrid_pipeline - INFO - [472/576] 處理 tile: tile_x11520_y14592
2026-07-26 14:00:32,241 - m3_module.m3_cells_generator - INFO - All-positive 標註完成: 67 個細胞
2026-07-26 14:00:32,292 - m3_module.m3_cells_generator - INFO - enlarge_cell_instances: 67 顆細胞, factor=1.50(面積), 中位半徑=27.1px, 外擴=6.1px
2026-07-26 14:00:32,317 - m3_module.m3_elastic_matching - INFO - elastic_dish_nucleus_matching(overlap-first): IHC=67, DISH=12, matched(1核)=10 (其中重疊=10), drop-out(競爭落敗)=2, 無候選(計入)=55, factor=1.50, min_reach=20.0
2026-07-26 14:00:32,429 - m3_module.m3_dot_detection - INFO - detect_all_dots: 紅點=6, 黑點=9, 涉及細胞=67
2026-07-26 14:00:32,642 - m4_module.cell_crops - INFO - 匯出 30 張 per-cell 影像至 /data/taro_Projects/tsgh/output/r7_run/cell_crops/tile_x9984_y14592/cells
2026-07-26 14:00:32,642 - hybrid_pipeline - INFO - Tile tile_x9984_y14592 完成: 核心擁有 30 細胞 (30 陽性), 1.04 秒
2026-07-26 14:00:32,859 - hybrid_pipeline - INFO - [473/576] 處理 tile: tile_x12288_y14592
2026-07-26 14:00:32,889 - m3_module.m3_cells_generator - INFO - All-positive 標註完成: 124 個細胞
2026-07-26 14:00:32,943 - m3_module.m3_cells_generator - INFO - enlarge_cell_instances: 124 顆細胞, factor=1.50(面積), 中位半徑=25.8px, 外擴=5.8px
2026-07-26 14:00:32,971 - m3_module.m3_elastic_matching - INFO - elastic_dish_nucleus_matching(overlap-first): IHC=124, DISH=10, matched(1核)=8 (其中重疊=8), drop-out(競爭落敗)=6, 無候選(計入)=110, factor=1.50, min_reach=20.0
2026-07-26 14:00:33,082 - m3_module.m3_dot_detection - INFO - detect_all_dots: 紅點=6, 黑點=11, 涉及細胞=124
2026-07-26 14:00:33,412 - m4_module.cell_crops - INFO - 匯出 67 張 per-cell 影像至 /data/taro_Projects/tsgh/output/r7_run/cell_crops/tile_x11520_y14592/cells
2026-07-26 14:00:33,412 - hybrid_pipeline - INFO - Tile tile_x11520_y14592 完成: 核心擁有 67 細胞 (67 陽性), 1.20 秒
2026-07-26 14:00:33,485 - hybrid_pipeline - INFO - [474/576] 處理 tile: tile_x13056_y14592
2026-07-26 14:00:33,513 - m3_module.m3_cells_generator - INFO - All-positive 標註完成: 79 個細胞
2026-07-26 14:00:33,561 - m3_module.m3_cells_generator - INFO - enlarge_cell_instances: 79 顆細胞, factor=1.50(面積), 中位半徑=30.1px, 外擴=6.8px
2026-07-26 14:00:33,587 - m3_module.m3_elastic_matching - INFO - elastic_dish_nucleus_matching(overlap-first): IHC=79, DISH=5, matched(1核)=4 (其中重疊=4), drop-out(競爭落敗)=1, 無候選(計入)=74, factor=1.50, min_reach=20.0
2026-07-26 14:00:33,690 - m3_module.m3_dot_detection - INFO - detect_all_dots: 紅點=3, 黑點=6, 涉及細胞=79
2026-07-26 14:00:33,928 - m4_module.cell_crops - INFO - 匯出 58 張 per-cell 影像至 /data/taro_Projects/tsgh/output/r7_run/cell_crops/tile_x12288_y14592/cells
2026-07-26 14:00:33,928 - hybrid_pipeline - INFO - Tile tile_x12288_y14592 完成: 核心擁有 58 細胞 (58 陽性), 1.07 秒
2026-07-26 14:00:34,057 - hybrid_pipeline - INFO - [475/576] 處理 tile: tile_x13824_y14592
2026-07-26 14:00:34,087 - m3_module.m3_cells_generator - INFO - All-positive 標註完成: 3 個細胞
2026-07-26 14:00:34,113 - m3_module.m3_cells_generator - INFO - enlarge_cell_instances: 3 顆細胞, factor=1.50(面積), 中位半徑=30.1px, 外擴=6.8px
2026-07-26 14:00:34,200 - m3_module.m3_dot_detection - INFO - detect_all_dots: 紅點=0, 黑點=0, 涉及細胞=3
2026-07-26 14:00:34,243 - m4_module.cell_crops - INFO - 匯出 0 張 per-cell 影像至 /data/taro_Projects/tsgh/output/r7_run/cell_crops/tile_x13056_y14592/cells
2026-07-26 14:00:34,243 - hybrid_pipeline - INFO - Tile tile_x13056_y14592 完成: 核心擁有 0 細胞 (0 陽性), 0.76 秒
2026-07-26 14:00:34,662 - hybrid_pipeline - INFO - [476/576] 處理 tile: tile_x14592_y14592
2026-07-26 14:00:34,691 - m3_module.m3_cells_generator - INFO - All-positive 標註完成: 3 個細胞
2026-07-26 14:00:34,718 - m3_module.m3_cells_generator - INFO - enlarge_cell_instances: 3 顆細胞, factor=1.50(面積), 中位半徑=28.2px, 外擴=6.3px
2026-07-26 14:00:34,806 - m3_module.m3_dot_detection - INFO - detect_all_dots: 紅點=0, 黑點=0, 涉及細胞=3
2026-07-26 14:00:34,850 - m4_module.cell_crops - INFO - 匯出 0 張 per-cell 影像至 /data/taro_Projects/tsgh/output/r7_run/cell_crops/tile_x13824_y14592/cells
2026-07-26 14:00:34,850 - hybrid_pipeline - INFO - Tile tile_x13824_y14592 完成: 核心擁有 0 細胞 (0 陽性), 0.79 秒
2026-07-26 14:00:35,285 - hybrid_pipeline - INFO - [477/576] 處理 tile: tile_x15360_y14592
2026-07-26 14:00:35,313 - m3_module.m3_cells_generator - INFO - All-positive 標註完成: 43 個細胞
2026-07-26 14:00:35,355 - m3_module.m3_cells_generator - INFO - enlarge_cell_instances: 43 顆細胞, factor=1.50(面積), 中位半徑=26.7px, 外擴=6.0px
2026-07-26 14:00:35,379 - m3_module.m3_elastic_matching - INFO - elastic_dish_nucleus_matching(overlap-first): IHC=43, DISH=11, matched(1核)=8 (其中重疊=8), drop-out(競爭落敗)=0, 無候選(計入)=35, factor=1.50, min_reach=20.0
2026-07-26 14:00:35,485 - m3_module.m3_dot_detection - INFO - detect_all_dots: 紅點=6, 黑點=10, 涉及細胞=43
2026-07-26 14:00:35,637 - m4_module.cell_crops - INFO - 匯出 18 張 per-cell 影像至 /data/taro_Projects/tsgh/output/r7_run/cell_crops/tile_x14592_y14592/cells
2026-07-26 14:00:35,637 - hybrid_pipeline - INFO - Tile tile_x14592_y14592 完成: 核心擁有 18 細胞 (18 陽性), 0.97 秒
2026-07-26 14:00:35,877 - hybrid_pipeline - INFO - [478/576] 處理 tile: tile_x16128_y14592
2026-07-26 14:00:35,907 - m3_module.m3_cells_generator - INFO - All-positive 標註完成: 39 個細胞
2026-07-26 14:00:35,945 - m3_module.m3_cells_generator - INFO - enlarge_cell_instances: 39 顆細胞, factor=1.50(面積), 中位半徑=26.0px, 外擴=5.9px
2026-07-26 14:00:35,968 - m3_module.m3_elastic_matching - INFO - elastic_dish_nucleus_matching(overlap-first): IHC=39, DISH=7, matched(1核)=4 (其中重疊=4), drop-out(競爭落敗)=2, 無候選(計入)=33, factor=1.50, min_reach=20.0
2026-07-26 14:00:36,057 - m3_module.m3_dot_detection - INFO - detect_all_dots: 紅點=3, 黑點=5, 涉及細胞=39
2026-07-26 14:00:36,189 - m4_module.cell_crops - INFO - 匯出 20 張 per-cell 影像至 /data/taro_Projects/tsgh/output/r7_run/cell_crops/tile_x15360_y14592/cells
2026-07-26 14:00:36,189 - hybrid_pipeline - INFO - Tile tile_x15360_y14592 完成: 核心擁有 20 細胞 (20 陽性), 0.90 秒
2026-07-26 14:00:36,189 - hybrid_pipeline - INFO - [479/576] 處理 tile: tile_x17664_y14592
2026-07-26 14:00:36,214 - hybrid_pipeline - INFO - Tile tile_x16128_y14592: 核心遮罩全空 → 空白 placeholder
2026-07-26 14:00:36,805 - hybrid_pipeline - INFO - [480/576] 處理 tile: tile_x16896_y14592
2026-07-26 14:00:36,837 - m3_module.m3_cells_generator - INFO - All-positive 標註完成: 69 個細胞
2026-07-26 14:00:36,888 - m3_module.m3_cells_generator - INFO - enlarge_cell_instances: 69 顆細胞, factor=1.50(面積), 中位半徑=25.9px, 外擴=5.8px
2026-07-26 14:00:36,920 - m3_module.m3_elastic_matching - INFO - elastic_dish_nucleus_matching(overlap-first): IHC=69, DISH=28, matched(1核)=20 (其中重疊=20), drop-out(競爭落敗)=2, 無候選(計入)=47, factor=1.50, min_reach=20.0
2026-07-26 14:00:37,088 - m3_module.m3_dot_detection - INFO - detect_all_dots: 紅點=29, 黑點=52, 涉及細胞=69
2026-07-26 14:00:37,314 - m4_module.cell_crops - INFO - 匯出 55 張 per-cell 影像至 /data/taro_Projects/tsgh/output/r7_run/cell_crops/tile_x17664_y14592/cells
2026-07-26 14:00:37,314 - hybrid_pipeline - INFO - Tile tile_x17664_y14592 完成: 核心擁有 55 細胞 (55 陽性), 1.12 秒
2026-07-26 14:00:37,414 - hybrid_pipeline - INFO - [481/576] 處理 tile: tile_x0_y15360
2026-07-26 14:00:37,443 - m3_module.m3_cells_generator - INFO - All-positive 標註完成: 11 個細胞
2026-07-26 14:00:37,474 - m3_module.m3_cells_generator - INFO - enlarge_cell_instances: 11 顆細胞, factor=1.50(面積), 中位半徑=22.6px, 外擴=5.1px
2026-07-26 14:00:37,565 - m3_module.m3_dot_detection - INFO - detect_all_dots: 紅點=0, 黑點=0, 涉及細胞=11
2026-07-26 14:00:37,607 - m4_module.cell_crops - INFO - 匯出 1 張 per-cell 影像至 /data/taro_Projects/tsgh/output/r7_run/cell_crops/tile_x16896_y14592/cells
2026-07-26 14:00:37,607 - hybrid_pipeline - INFO - Tile tile_x16896_y14592 完成: 核心擁有 1 細胞 (1 陽性), 0.80 秒
2026-07-26 14:00:38,060 - hybrid_pipeline - INFO - [482/576] 處理 tile: tile_x768_y15360
2026-07-26 14:00:38,089 - m3_module.m3_cells_generator - INFO - All-positive 標註完成: 129 個細胞
2026-07-26 14:00:38,143 - m3_module.m3_cells_generator - INFO - enlarge_cell_instances: 129 顆細胞, factor=1.50(面積), 中位半徑=25.6px, 外擴=5.8px
2026-07-26 14:00:38,171 - m3_module.m3_elastic_matching - INFO - elastic_dish_nucleus_matching(overlap-first): IHC=129, DISH=6, matched(1核)=5 (其中重疊=5), drop-out(競爭落敗)=3, 無候選(計入)=121, factor=1.50, min_reach=20.0
2026-07-26 14:00:38,273 - m3_module.m3_dot_detection - INFO - detect_all_dots: 紅點=4, 黑點=7, 涉及細胞=129
2026-07-26 14:00:38,545 - m4_module.cell_crops - INFO - 匯出 93 張 per-cell 影像至 /data/taro_Projects/tsgh/output/r7_run/cell_crops/tile_x0_y15360/cells
2026-07-26 14:00:38,545 - hybrid_pipeline - INFO - Tile tile_x0_y15360 完成: 核心擁有 93 細胞 (93 陽性), 1.13 秒
2026-07-26 14:00:38,642 - hybrid_pipeline - INFO - [483/576] 處理 tile: tile_x1536_y15360
2026-07-26 14:00:38,670 - m3_module.m3_cells_generator - INFO - All-positive 標註完成: 40 個細胞
2026-07-26 14:00:38,713 - m3_module.m3_cells_generator - INFO - enlarge_cell_instances: 40 顆細胞, factor=1.50(面積), 中位半徑=22.1px, 外擴=5.0px
2026-07-26 14:00:38,799 - m3_module.m3_dot_detection - INFO - detect_all_dots: 紅點=0, 黑點=0, 涉及細胞=40
2026-07-26 14:00:38,911 - m4_module.cell_crops - INFO - 匯出 24 張 per-cell 影像至 /data/taro_Projects/tsgh/output/r7_run/cell_crops/tile_x768_y15360/cells
2026-07-26 14:00:38,911 - hybrid_pipeline - INFO - Tile tile_x768_y15360 完成: 核心擁有 24 細胞 (24 陽性), 0.85 秒
2026-07-26 14:00:39,238 - hybrid_pipeline - INFO - [484/576] 處理 tile: tile_x2304_y15360
2026-07-26 14:00:39,266 - m3_module.m3_cells_generator - INFO - All-positive 標註完成: 47 個細胞
2026-07-26 14:00:39,305 - m3_module.m3_cells_generator - INFO - enlarge_cell_instances: 47 顆細胞, factor=1.50(面積), 中位半徑=23.3px, 外擴=5.2px
2026-07-26 14:00:39,329 - m3_module.m3_elastic_matching - INFO - elastic_dish_nucleus_matching(overlap-first): IHC=47, DISH=1, matched(1核)=1 (其中重疊=1), drop-out(競爭落敗)=2, 無候選(計入)=44, factor=1.50, min_reach=20.0
2026-07-26 14:00:39,417 - m3_module.m3_dot_detection - INFO - detect_all_dots: 紅點=0, 黑點=0, 涉及細胞=47
2026-07-26 14:00:39,541 - m4_module.cell_crops - INFO - 匯出 26 張 per-cell 影像至 /data/taro_Projects/tsgh/output/r7_run/cell_crops/tile_x1536_y15360/cells
2026-07-26 14:00:39,541 - hybrid_pipeline - INFO - Tile tile_x1536_y15360 完成: 核心擁有 26 細胞 (26 陽性), 0.90 秒
2026-07-26 14:00:39,872 - hybrid_pipeline - INFO - [485/576] 處理 tile: tile_x3840_y15360
2026-07-26 14:00:39,901 - m3_module.m3_cells_generator - INFO - All-positive 標註完成: 91 個細胞
2026-07-26 14:00:39,949 - m3_module.m3_cells_generator - INFO - enlarge_cell_instances: 91 顆細胞, factor=1.50(面積), 中位半徑=23.4px, 外擴=5.2px
2026-07-26 14:00:39,983 - m3_module.m3_elastic_matching - INFO - elastic_dish_nucleus_matching(overlap-first): IHC=91, DISH=389, matched(1核)=23 (其中重疊=23), drop-out(競爭落敗)=2, 無候選(計入)=66, factor=1.50, min_reach=20.0
2026-07-26 14:00:40,075 - m3_module.m3_dot_detection - INFO - detect_all_dots: 紅點=0, 黑點=0, 涉及細胞=91
2026-07-26 14:00:40,273 - m4_module.cell_crops - INFO - 匯出 42 張 per-cell 影像至 /data/taro_Projects/tsgh/output/r7_run/cell_crops/tile_x2304_y15360/cells
2026-07-26 14:00:40,273 - hybrid_pipeline - INFO - Tile tile_x2304_y15360 完成: 核心擁有 42 細胞 (42 陽性), 1.04 秒
2026-07-26 14:00:40,487 - hybrid_pipeline - INFO - [486/576] 處理 tile: tile_x4608_y15360
2026-07-26 14:00:40,518 - m3_module.m3_cells_generator - INFO - All-positive 標註完成: 73 個細胞
2026-07-26 14:00:40,569 - m3_module.m3_cells_generator - INFO - enlarge_cell_instances: 73 顆細胞, factor=1.50(面積), 中位半徑=23.1px, 外擴=5.2px
2026-07-26 14:00:40,593 - m3_module.m3_elastic_matching - INFO - elastic_dish_nucleus_matching(overlap-first): IHC=73, DISH=5, matched(1核)=3 (其中重疊=3), drop-out(競爭落敗)=1, 無候選(計入)=69, factor=1.50, min_reach=20.0
2026-07-26 14:00:40,691 - m3_module.m3_dot_detection - INFO - detect_all_dots: 紅點=3, 黑點=5, 涉及細胞=73
2026-07-26 14:00:40,891 - m4_module.cell_crops - INFO - 匯出 30 張 per-cell 影像至 /data/taro_Projects/tsgh/output/r7_run/cell_crops/tile_x3840_y15360/cells
2026-07-26 14:00:40,891 - hybrid_pipeline - INFO - Tile tile_x3840_y15360 完成: 核心擁有 30 細胞 (30 陽性), 1.02 秒
2026-07-26 14:00:41,112 - hybrid_pipeline - INFO - [487/576] 處理 tile: tile_x3072_y15360
2026-07-26 14:00:41,140 - m3_module.m3_cells_generator - INFO - All-positive 標註完成: 90 個細胞
2026-07-26 14:00:41,194 - m3_module.m3_cells_generator - INFO - enlarge_cell_instances: 90 顆細胞, factor=1.50(面積), 中位半徑=27.4px, 外擴=6.2px
2026-07-26 14:00:41,219 - m3_module.m3_elastic_matching - INFO - elastic_dish_nucleus_matching(overlap-first): IHC=90, DISH=6, matched(1核)=5 (其中重疊=5), drop-out(競爭落敗)=0, 無候選(計入)=85, factor=1.50, min_reach=20.0
2026-07-26 14:00:41,317 - m3_module.m3_dot_detection - INFO - detect_all_dots: 紅點=1, 黑點=2, 涉及細胞=90
2026-07-26 14:00:41,555 - m4_module.cell_crops - INFO - 匯出 66 張 per-cell 影像至 /data/taro_Projects/tsgh/output/r7_run/cell_crops/tile_x4608_y15360/cells
2026-07-26 14:00:41,556 - hybrid_pipeline - INFO - Tile tile_x4608_y15360 完成: 核心擁有 66 細胞 (66 陽性), 1.07 秒
2026-07-26 14:00:41,733 - hybrid_pipeline - INFO - [488/576] 處理 tile: tile_x6144_y15360
2026-07-26 14:00:41,761 - m3_module.m3_cells_generator - INFO - All-positive 標註完成: 94 個細胞
2026-07-26 14:00:41,815 - m3_module.m3_cells_generator - INFO - enlarge_cell_instances: 94 顆細胞, factor=1.50(面積), 中位半徑=23.9px, 外擴=5.4px
2026-07-26 14:00:41,840 - m3_module.m3_elastic_matching - INFO - elastic_dish_nucleus_matching(overlap-first): IHC=94, DISH=2, matched(1核)=2 (其中重疊=2), drop-out(競爭落敗)=0, 無候選(計入)=92, factor=1.50, min_reach=20.0
2026-07-26 14:00:41,932 - m3_module.m3_dot_detection - INFO - detect_all_dots: 紅點=1, 黑點=1, 涉及細胞=94
2026-07-26 14:00:42,154 - m4_module.cell_crops - INFO - 匯出 44 張 per-cell 影像至 /data/taro_Projects/tsgh/output/r7_run/cell_crops/tile_x3072_y15360/cells
2026-07-26 14:00:42,155 - hybrid_pipeline - INFO - Tile tile_x3072_y15360 完成: 核心擁有 44 細胞 (44 陽性), 1.04 秒
2026-07-26 14:00:42,353 - hybrid_pipeline - INFO - [489/576] 處理 tile: tile_x5376_y15360
2026-07-26 14:00:42,381 - m3_module.m3_cells_generator - INFO - All-positive 標註完成: 90 個細胞
2026-07-26 14:00:42,434 - m3_module.m3_cells_generator - INFO - enlarge_cell_instances: 90 顆細胞, factor=1.50(面積), 中位半徑=25.6px, 外擴=5.8px
2026-07-26 14:00:42,460 - m3_module.m3_elastic_matching - INFO - elastic_dish_nucleus_matching(overlap-first): IHC=90, DISH=17, matched(1核)=11 (其中重疊=11), drop-out(競爭落敗)=2, 無候選(計入)=77, factor=1.50, min_reach=20.0
2026-07-26 14:00:42,585 - m3_module.m3_dot_detection - INFO - detect_all_dots: 紅點=13, 黑點=18, 涉及細胞=90
2026-07-26 14:00:42,835 - m4_module.cell_crops - INFO - 匯出 59 張 per-cell 影像至 /data/taro_Projects/tsgh/output/r7_run/cell_crops/tile_x6144_y15360/cells
2026-07-26 14:00:42,835 - hybrid_pipeline - INFO - Tile tile_x6144_y15360 完成: 核心擁有 59 細胞 (59 陽性), 1.10 秒
2026-07-26 14:00:42,966 - hybrid_pipeline - INFO - [490/576] 處理 tile: tile_x6912_y15360
2026-07-26 14:00:42,995 - m3_module.m3_cells_generator - INFO - All-positive 標註完成: 97 個細胞
2026-07-26 14:00:43,049 - m3_module.m3_cells_generator - INFO - enlarge_cell_instances: 97 顆細胞, factor=1.50(面積), 中位半徑=26.7px, 外擴=6.0px
2026-07-26 14:00:43,075 - m3_module.m3_elastic_matching - INFO - elastic_dish_nucleus_matching(overlap-first): IHC=97, DISH=3, matched(1核)=2 (其中重疊=2), drop-out(競爭落敗)=2, 無候選(計入)=93, factor=1.50, min_reach=20.0
2026-07-26 14:00:43,172 - m3_module.m3_dot_detection - INFO - detect_all_dots: 紅點=4, 黑點=5, 涉及細胞=97
2026-07-26 14:00:43,431 - m4_module.cell_crops - INFO - 匯出 53 張 per-cell 影像至 /data/taro_Projects/tsgh/output/r7_run/cell_crops/tile_x5376_y15360/cells
2026-07-26 14:00:43,431 - hybrid_pipeline - INFO - Tile tile_x5376_y15360 完成: 核心擁有 53 細胞 (53 陽性), 1.08 秒
2026-07-26 14:00:43,569 - hybrid_pipeline - INFO - [491/576] 處理 tile: tile_x7680_y15360
2026-07-26 14:00:43,601 - m3_module.m3_cells_generator - INFO - All-positive 標註完成: 92 個細胞
2026-07-26 14:00:43,654 - m3_module.m3_cells_generator - INFO - enlarge_cell_instances: 92 顆細胞, factor=1.50(面積), 中位半徑=22.3px, 外擴=5.0px
2026-07-26 14:00:43,680 - m3_module.m3_elastic_matching - INFO - elastic_dish_nucleus_matching(overlap-first): IHC=92, DISH=25, matched(1核)=14 (其中重疊=14), drop-out(競爭落敗)=3, 無候選(計入)=75, factor=1.50, min_reach=20.0
2026-07-26 14:00:43,800 - m3_module.m3_dot_detection - INFO - detect_all_dots: 紅點=13, 黑點=18, 涉及細胞=92
2026-07-26 14:00:44,023 - m4_module.cell_crops - INFO - 匯出 42 張 per-cell 影像至 /data/taro_Projects/tsgh/output/r7_run/cell_crops/tile_x6912_y15360/cells
2026-07-26 14:00:44,023 - hybrid_pipeline - INFO - Tile tile_x6912_y15360 完成: 核心擁有 42 細胞 (42 陽性), 1.06 秒
2026-07-26 14:00:44,188 - hybrid_pipeline - INFO - [492/576] 處理 tile: tile_x8448_y15360
2026-07-26 14:00:44,216 - m3_module.m3_cells_generator - INFO - All-positive 標註完成: 79 個細胞
2026-07-26 14:00:44,267 - m3_module.m3_cells_generator - INFO - enlarge_cell_instances: 79 顆細胞, factor=1.50(面積), 中位半徑=22.0px, 外擴=4.9px
2026-07-26 14:00:44,292 - m3_module.m3_elastic_matching - INFO - elastic_dish_nucleus_matching(overlap-first): IHC=79, DISH=37, matched(1核)=19 (其中重疊=18), drop-out(競爭落敗)=0, 無候選(計入)=60, factor=1.50, min_reach=20.0
2026-07-26 14:00:44,416 - m3_module.m3_dot_detection - INFO - detect_all_dots: 紅點=10, 黑點=17, 涉及細胞=79
2026-07-26 14:00:44,658 - m4_module.cell_crops - INFO - 匯出 40 張 per-cell 影像至 /data/taro_Projects/tsgh/output/r7_run/cell_crops/tile_x7680_y15360/cells
2026-07-26 14:00:44,658 - hybrid_pipeline - INFO - Tile tile_x7680_y15360 完成: 核心擁有 40 細胞 (40 陽性), 1.09 秒
2026-07-26 14:00:44,802 - hybrid_pipeline - INFO - [493/576] 處理 tile: tile_x9984_y15360
2026-07-26 14:00:44,837 - m3_module.m3_cells_generator - INFO - All-positive 標註完成: 61 個細胞
2026-07-26 14:00:44,888 - m3_module.m3_cells_generator - INFO - enlarge_cell_instances: 61 顆細胞, factor=1.50(面積), 中位半徑=23.9px, 外擴=5.4px
2026-07-26 14:00:44,915 - m3_module.m3_elastic_matching - INFO - elastic_dish_nucleus_matching(overlap-first): IHC=61, DISH=63, matched(1核)=30 (其中重疊=29), drop-out(競爭落敗)=5, 無候選(計入)=26, factor=1.50, min_reach=20.0
2026-07-26 14:00:45,089 - m3_module.m3_dot_detection - INFO - detect_all_dots: 紅點=30, 黑點=46, 涉及細胞=61
2026-07-26 14:00:45,325 - m4_module.cell_crops - INFO - 匯出 29 張 per-cell 影像至 /data/taro_Projects/tsgh/output/r7_run/cell_crops/tile_x8448_y15360/cells
2026-07-26 14:00:45,325 - hybrid_pipeline - INFO - Tile tile_x8448_y15360 完成: 核心擁有 29 細胞 (29 陽性), 1.14 秒
2026-07-26 14:00:45,438 - hybrid_pipeline - INFO - [494/576] 處理 tile: tile_x9216_y15360
2026-07-26 14:00:45,467 - m3_module.m3_cells_generator - INFO - All-positive 標註完成: 94 個細胞
2026-07-26 14:00:45,520 - m3_module.m3_cells_generator - INFO - enlarge_cell_instances: 94 顆細胞, factor=1.50(面積), 中位半徑=27.6px, 外擴=6.2px
2026-07-26 14:00:45,546 - m3_module.m3_elastic_matching - INFO - elastic_dish_nucleus_matching(overlap-first): IHC=94, DISH=2, matched(1核)=2 (其中重疊=2), drop-out(競爭落敗)=1, 無候選(計入)=91, factor=1.50, min_reach=20.0
2026-07-26 14:00:45,641 - m3_module.m3_dot_detection - INFO - detect_all_dots: 紅點=2, 黑點=2, 涉及細胞=94
2026-07-26 14:00:45,888 - m4_module.cell_crops - INFO - 匯出 52 張 per-cell 影像至 /data/taro_Projects/tsgh/output/r7_run/cell_crops/tile_x9984_y15360/cells
2026-07-26 14:00:45,888 - hybrid_pipeline - INFO - Tile tile_x9984_y15360 完成: 核心擁有 52 細胞 (52 陽性), 1.09 秒
2026-07-26 14:00:46,054 - hybrid_pipeline - INFO - [495/576] 處理 tile: tile_x10752_y15360
2026-07-26 14:00:46,082 - m3_module.m3_cells_generator - INFO - All-positive 標註完成: 95 個細胞
2026-07-26 14:00:46,137 - m3_module.m3_cells_generator - INFO - enlarge_cell_instances: 95 顆細胞, factor=1.50(面積), 中位半徑=23.8px, 外擴=5.3px
2026-07-26 14:00:46,164 - m3_module.m3_elastic_matching - INFO - elastic_dish_nucleus_matching(overlap-first): IHC=95, DISH=57, matched(1核)=29 (其中重疊=29), drop-out(競爭落敗)=7, 無候選(計入)=59, factor=1.50, min_reach=20.0
2026-07-26 14:00:46,319 - m3_module.m3_dot_detection - INFO - detect_all_dots: 紅點=25, 黑點=39, 涉及細胞=95
2026-07-26 14:00:46,588 - m4_module.cell_crops - INFO - 匯出 55 張 per-cell 影像至 /data/taro_Projects/tsgh/output/r7_run/cell_crops/tile_x9216_y15360/cells
2026-07-26 14:00:46,589 - hybrid_pipeline - INFO - Tile tile_x9216_y15360 完成: 核心擁有 55 細胞 (55 陽性), 1.15 秒
2026-07-26 14:00:46,736 - hybrid_pipeline - INFO - [496/576] 處理 tile: tile_x11520_y15360
2026-07-26 14:00:46,764 - m3_module.m3_cells_generator - INFO - All-positive 標註完成: 145 個細胞
2026-07-26 14:00:46,820 - m3_module.m3_cells_generator - INFO - enlarge_cell_instances: 145 顆細胞, factor=1.50(面積), 中位半徑=25.2px, 外擴=5.7px
2026-07-26 14:00:46,848 - m3_module.m3_elastic_matching - INFO - elastic_dish_nucleus_matching(overlap-first): IHC=145, DISH=4, matched(1核)=2 (其中重疊=2), drop-out(競爭落敗)=0, 無候選(計入)=143, factor=1.50, min_reach=20.0
2026-07-26 14:00:46,945 - m3_module.m3_dot_detection - INFO - detect_all_dots: 紅點=1, 黑點=3, 涉及細胞=145
2026-07-26 14:00:47,256 - m4_module.cell_crops - INFO - 匯出 90 張 per-cell 影像至 /data/taro_Projects/tsgh/output/r7_run/cell_crops/tile_x10752_y15360/cells
2026-07-26 14:00:47,256 - hybrid_pipeline - INFO - Tile tile_x10752_y15360 完成: 核心擁有 90 細胞 (90 陽性), 1.20 秒
2026-07-26 14:00:47,408 - hybrid_pipeline - INFO - [497/576] 處理 tile: tile_x13056_y15360
2026-07-26 14:00:47,436 - m3_module.m3_cells_generator - INFO - All-positive 標註完成: 163 個細胞
2026-07-26 14:00:47,493 - m3_module.m3_cells_generator - INFO - enlarge_cell_instances: 163 顆細胞, factor=1.50(面積), 中位半徑=25.2px, 外擴=5.7px
2026-07-26 14:00:47,520 - m3_module.m3_elastic_matching - INFO - elastic_dish_nucleus_matching(overlap-first): IHC=163, DISH=16, matched(1核)=10 (其中重疊=10), drop-out(競爭落敗)=2, 無候選(計入)=151, factor=1.50, min_reach=20.0
2026-07-26 14:00:47,624 - m3_module.m3_dot_detection - INFO - detect_all_dots: 紅點=7, 黑點=14, 涉及細胞=163
2026-07-26 14:00:47,660 - cellpose.dynamics - INFO - No cell pixels found.
2026-07-26 14:00:47,997 - m4_module.cell_crops - INFO - 匯出 86 張 per-cell 影像至 /data/taro_Projects/tsgh/output/r7_run/cell_crops/tile_x11520_y15360/cells
2026-07-26 14:00:47,997 - hybrid_pipeline - INFO - Tile tile_x11520_y15360 完成: 核心擁有 86 細胞 (86 陽性), 1.26 秒
2026-07-26 14:00:47,997 - hybrid_pipeline - INFO - [498/576] 處理 tile: tile_x13824_y15360
2026-07-26 14:00:48,004 - m3_module.m3_cells_generator - INFO - All-positive 標註完成: 0 個細胞
2026-07-26 14:00:48,106 - m3_module.m3_dot_detection - INFO - detect_all_dots: 紅點=0, 黑點=0, 涉及細胞=0
2026-07-26 14:00:48,139 - m4_module.cell_crops - INFO - 匯出 0 張 per-cell 影像至 /data/taro_Projects/tsgh/output/r7_run/cell_crops/tile_x13056_y15360/cells
2026-07-26 14:00:48,139 - hybrid_pipeline - INFO - Tile tile_x13056_y15360 完成: 核心擁有 0 細胞 (0 陽性), 0.73 秒
2026-07-26 14:00:48,608 - hybrid_pipeline - INFO - [499/576] 處理 tile: tile_x12288_y15360
2026-07-26 14:00:48,637 - m3_module.m3_cells_generator - INFO - All-positive 標註完成: 58 個細胞
2026-07-26 14:00:48,683 - m3_module.m3_cells_generator - INFO - enlarge_cell_instances: 58 顆細胞, factor=1.50(面積), 中位半徑=26.0px, 外擴=5.9px
2026-07-26 14:00:48,707 - m3_module.m3_elastic_matching - INFO - elastic_dish_nucleus_matching(overlap-first): IHC=58, DISH=5, matched(1核)=5 (其中重疊=5), drop-out(競爭落敗)=1, 無候選(計入)=52, factor=1.50, min_reach=20.0
2026-07-26 14:00:48,809 - m3_module.m3_dot_detection - INFO - detect_all_dots: 紅點=4, 黑點=5, 涉及細胞=58
2026-07-26 14:00:48,991 - m4_module.cell_crops - INFO - 匯出 34 張 per-cell 影像至 /data/taro_Projects/tsgh/output/r7_run/cell_crops/tile_x13824_y15360/cells
2026-07-26 14:00:48,991 - hybrid_pipeline - INFO - Tile tile_x13824_y15360 完成: 核心擁有 34 細胞 (34 陽性), 0.99 秒
2026-07-26 14:00:49,230 - hybrid_pipeline - INFO - [500/576] 處理 tile: tile_x14592_y15360
2026-07-26 14:00:49,257 - m3_module.m3_cells_generator - INFO - All-positive 標註完成: 96 個細胞
2026-07-26 14:00:49,305 - m3_module.m3_cells_generator - INFO - enlarge_cell_instances: 96 顆細胞, factor=1.50(面積), 中位半徑=26.6px, 外擴=6.0px
2026-07-26 14:00:49,331 - m3_module.m3_elastic_matching - INFO - elastic_dish_nucleus_matching(overlap-first): IHC=96, DISH=4, matched(1核)=4 (其中重疊=4), drop-out(競爭落敗)=1, 無候選(計入)=91, factor=1.50, min_reach=20.0
2026-07-26 14:00:49,426 - m3_module.m3_dot_detection - INFO - detect_all_dots: 紅點=2, 黑點=3, 涉及細胞=96
2026-07-26 14:00:49,668 - m4_module.cell_crops - INFO - 匯出 56 張 per-cell 影像至 /data/taro_Projects/tsgh/output/r7_run/cell_crops/tile_x12288_y15360/cells
2026-07-26 14:00:49,668 - hybrid_pipeline - INFO - Tile tile_x12288_y15360 完成: 核心擁有 56 細胞 (56 陽性), 1.06 秒
2026-07-26 14:00:49,822 - hybrid_pipeline - INFO - [501/576] 處理 tile: tile_x15360_y15360
2026-07-26 14:00:49,850 - m3_module.m3_cells_generator - INFO - All-positive 標註完成: 60 個細胞
2026-07-26 14:00:49,896 - m3_module.m3_cells_generator - INFO - enlarge_cell_instances: 60 顆細胞, factor=1.50(面積), 中位半徑=23.9px, 外擴=5.4px
2026-07-26 14:00:49,921 - m3_module.m3_elastic_matching - INFO - elastic_dish_nucleus_matching(overlap-first): IHC=60, DISH=7, matched(1核)=6 (其中重疊=6), drop-out(競爭落敗)=1, 無候選(計入)=53, factor=1.50, min_reach=20.0
2026-07-26 14:00:50,023 - m3_module.m3_dot_detection - INFO - detect_all_dots: 紅點=3, 黑點=4, 涉及細胞=60
2026-07-26 14:00:50,195 - m4_module.cell_crops - INFO - 匯出 26 張 per-cell 影像至 /data/taro_Projects/tsgh/output/r7_run/cell_crops/tile_x14592_y15360/cells
2026-07-26 14:00:50,195 - hybrid_pipeline - INFO - Tile tile_x14592_y15360 完成: 核心擁有 26 細胞 (26 陽性), 0.97 秒
2026-07-26 14:00:50,410 - hybrid_pipeline - INFO - [502/576] 處理 tile: tile_x0_y16128
2026-07-26 14:00:50,439 - m3_module.m3_cells_generator - INFO - All-positive 標註完成: 26 個細胞
2026-07-26 14:00:50,475 - m3_module.m3_cells_generator - INFO - enlarge_cell_instances: 26 顆細胞, factor=1.50(面積), 中位半徑=25.6px, 外擴=5.7px
2026-07-26 14:00:50,499 - m3_module.m3_elastic_matching - INFO - elastic_dish_nucleus_matching(overlap-first): IHC=26, DISH=4, matched(1核)=1 (其中重疊=1), drop-out(競爭落敗)=0, 無候選(計入)=25, factor=1.50, min_reach=20.0
2026-07-26 14:00:50,584 - m3_module.m3_dot_detection - INFO - detect_all_dots: 紅點=1, 黑點=2, 涉及細胞=26
2026-07-26 14:00:50,710 - m4_module.cell_crops - INFO - 匯出 18 張 per-cell 影像至 /data/taro_Projects/tsgh/output/r7_run/cell_crops/tile_x15360_y15360/cells
2026-07-26 14:00:50,710 - hybrid_pipeline - INFO - Tile tile_x15360_y15360 完成: 核心擁有 18 細胞 (18 陽性), 0.89 秒
2026-07-26 14:00:51,050 - hybrid_pipeline - INFO - [503/576] 處理 tile: tile_x16128_y15360
2026-07-26 14:00:51,078 - m3_module.m3_cells_generator - INFO - All-positive 標註完成: 84 個細胞
2026-07-26 14:00:51,129 - m3_module.m3_cells_generator - INFO - enlarge_cell_instances: 84 顆細胞, factor=1.50(面積), 中位半徑=27.0px, 外擴=6.1px
2026-07-26 14:00:51,155 - m3_module.m3_elastic_matching - INFO - elastic_dish_nucleus_matching(overlap-first): IHC=84, DISH=3, matched(1核)=3 (其中重疊=3), drop-out(競爭落敗)=3, 無候選(計入)=78, factor=1.50, min_reach=20.0
2026-07-26 14:00:51,249 - m3_module.m3_dot_detection - INFO - detect_all_dots: 紅點=0, 黑點=0, 涉及細胞=84
2026-07-26 14:00:51,441 - m4_module.cell_crops - INFO - 匯出 62 張 per-cell 影像至 /data/taro_Projects/tsgh/output/r7_run/cell_crops/tile_x0_y16128/cells
2026-07-26 14:00:51,441 - hybrid_pipeline - INFO - Tile tile_x0_y16128 完成: 核心擁有 62 細胞 (62 陽性), 1.03 秒
2026-07-26 14:00:51,641 - hybrid_pipeline - INFO - [504/576] 處理 tile: tile_x768_y16128
2026-07-26 14:00:51,670 - m3_module.m3_cells_generator - INFO - All-positive 標註完成: 9 個細胞
2026-07-26 14:00:51,701 - m3_module.m3_cells_generator - INFO - enlarge_cell_instances: 9 顆細胞, factor=1.50(面積), 中位半徑=28.6px, 外擴=6.4px
2026-07-26 14:00:51,727 - m3_module.m3_elastic_matching - INFO - elastic_dish_nucleus_matching(overlap-first): IHC=9, DISH=5, matched(1核)=2 (其中重疊=2), drop-out(競爭落敗)=1, 無候選(計入)=6, factor=1.50, min_reach=20.0
2026-07-26 14:00:51,818 - m3_module.m3_dot_detection - INFO - detect_all_dots: 紅點=3, 黑點=4, 涉及細胞=9
2026-07-26 14:00:51,906 - m4_module.cell_crops - INFO - 匯出 4 張 per-cell 影像至 /data/taro_Projects/tsgh/output/r7_run/cell_crops/tile_x16128_y15360/cells
2026-07-26 14:00:51,906 - hybrid_pipeline - INFO - Tile tile_x16128_y15360 完成: 核心擁有 4 細胞 (4 陽性), 0.86 秒
2026-07-26 14:00:52,247 - hybrid_pipeline - INFO - [505/576] 處理 tile: tile_x16896_y15360
2026-07-26 14:00:52,277 - m3_module.m3_cells_generator - INFO - All-positive 標註完成: 45 個細胞
2026-07-26 14:00:52,318 - m3_module.m3_cells_generator - INFO - enlarge_cell_instances: 45 顆細胞, factor=1.50(面積), 中位半徑=24.1px, 外擴=5.4px
2026-07-26 14:00:52,410 - m3_module.m3_dot_detection - INFO - detect_all_dots: 紅點=0, 黑點=0, 涉及細胞=45
2026-07-26 14:00:52,535 - m4_module.cell_crops - INFO - 匯出 23 張 per-cell 影像至 /data/taro_Projects/tsgh/output/r7_run/cell_crops/tile_x768_y16128/cells
2026-07-26 14:00:52,535 - hybrid_pipeline - INFO - Tile tile_x768_y16128 完成: 核心擁有 23 細胞 (23 陽性), 0.89 秒
2026-07-26 14:00:52,867 - hybrid_pipeline - INFO - [506/576] 處理 tile: tile_x17664_y15360
2026-07-26 14:00:52,897 - m3_module.m3_cells_generator - INFO - All-positive 標註完成: 41 個細胞
2026-07-26 14:00:52,943 - m3_module.m3_cells_generator - INFO - enlarge_cell_instances: 41 顆細胞, factor=1.50(面積), 中位半徑=29.4px, 外擴=6.6px
2026-07-26 14:00:52,969 - m3_module.m3_elastic_matching - INFO - elastic_dish_nucleus_matching(overlap-first): IHC=41, DISH=33, matched(1核)=25 (其中重疊=25), drop-out(競爭落敗)=3, 無候選(計入)=13, factor=1.50, min_reach=20.0
2026-07-26 14:00:53,135 - m3_module.m3_dot_detection - INFO - detect_all_dots: 紅點=22, 黑點=43, 涉及細胞=41
2026-07-26 14:00:53,321 - m4_module.cell_crops - INFO - 匯出 26 張 per-cell 影像至 /data/taro_Projects/tsgh/output/r7_run/cell_crops/tile_x16896_y15360/cells
2026-07-26 14:00:53,321 - hybrid_pipeline - INFO - Tile tile_x16896_y15360 完成: 核心擁有 26 細胞 (26 陽性), 1.07 秒
2026-07-26 14:00:53,498 - hybrid_pipeline - INFO - [507/576] 處理 tile: tile_x1536_y16128
2026-07-26 14:00:53,526 - m3_module.m3_cells_generator - INFO - All-positive 標註完成: 21 個細胞
2026-07-26 14:00:53,563 - m3_module.m3_cells_generator - INFO - enlarge_cell_instances: 21 顆細胞, factor=1.50(面積), 中位半徑=32.3px, 外擴=7.3px
2026-07-26 14:00:53,587 - m3_module.m3_elastic_matching - INFO - elastic_dish_nucleus_matching(overlap-first): IHC=21, DISH=18, matched(1核)=12 (其中重疊=12), drop-out(競爭落敗)=3, 無候選(計入)=6, factor=1.50, min_reach=20.0
2026-07-26 14:00:53,707 - m3_module.m3_dot_detection - INFO - detect_all_dots: 紅點=13, 黑點=24, 涉及細胞=21
2026-07-26 14:00:53,812 - m4_module.cell_crops - INFO - 匯出 13 張 per-cell 影像至 /data/taro_Projects/tsgh/output/r7_run/cell_crops/tile_x17664_y15360/cells
2026-07-26 14:00:53,812 - hybrid_pipeline - INFO - Tile tile_x17664_y15360 完成: 核心擁有 13 細胞 (13 陽性), 0.94 秒
2026-07-26 14:00:54,103 - hybrid_pipeline - INFO - [508/576] 處理 tile: tile_x2304_y16128
2026-07-26 14:00:54,133 - m3_module.m3_cells_generator - INFO - All-positive 標註完成: 48 個細胞
2026-07-26 14:00:54,173 - m3_module.m3_cells_generator - INFO - enlarge_cell_instances: 48 顆細胞, factor=1.50(面積), 中位半徑=20.7px, 外擴=4.7px
2026-07-26 14:00:54,266 - m3_module.m3_dot_detection - INFO - detect_all_dots: 紅點=0, 黑點=0, 涉及細胞=48
2026-07-26 14:00:54,368 - m4_module.cell_crops - INFO - 匯出 33 張 per-cell 影像至 /data/taro_Projects/tsgh/output/r7_run/cell_crops/tile_x1536_y16128/cells
2026-07-26 14:00:54,368 - hybrid_pipeline - INFO - Tile tile_x1536_y16128 完成: 核心擁有 33 細胞 (33 陽性), 0.87 秒
2026-07-26 14:00:54,740 - hybrid_pipeline - INFO - [509/576] 處理 tile: tile_x3072_y16128
2026-07-26 14:00:54,769 - m3_module.m3_cells_generator - INFO - All-positive 標註完成: 73 個細胞
2026-07-26 14:00:54,816 - m3_module.m3_cells_generator - INFO - enlarge_cell_instances: 73 顆細胞, factor=1.50(面積), 中位半徑=23.1px, 外擴=5.2px
2026-07-26 14:00:54,847 - m3_module.m3_elastic_matching - INFO - elastic_dish_nucleus_matching(overlap-first): IHC=73, DISH=357, matched(1核)=23 (其中重疊=22), drop-out(競爭落敗)=0, 無候選(計入)=50, factor=1.50, min_reach=20.0
2026-07-26 14:00:54,951 - m3_module.m3_dot_detection - INFO - detect_all_dots: 紅點=4, 黑點=8, 涉及細胞=73
2026-07-26 14:00:55,145 - m4_module.cell_crops - INFO - 匯出 40 張 per-cell 影像至 /data/taro_Projects/tsgh/output/r7_run/cell_crops/tile_x2304_y16128/cells
2026-07-26 14:00:55,145 - hybrid_pipeline - INFO - Tile tile_x2304_y16128 完成: 核心擁有 40 細胞 (40 陽性), 1.04 秒
2026-07-26 14:00:55,385 - hybrid_pipeline - INFO - [510/576] 處理 tile: tile_x4608_y16128
2026-07-26 14:00:55,413 - m3_module.m3_cells_generator - INFO - All-positive 標註完成: 117 個細胞
2026-07-26 14:00:55,467 - m3_module.m3_cells_generator - INFO - enlarge_cell_instances: 117 顆細胞, factor=1.50(面積), 中位半徑=26.3px, 外擴=5.9px
2026-07-26 14:00:55,490 - m3_module.m3_elastic_matching - INFO - elastic_dish_nucleus_matching(overlap-first): IHC=117, DISH=8, matched(1核)=4 (其中重疊=4), drop-out(競爭落敗)=1, 無候選(計入)=112, factor=1.50, min_reach=20.0
2026-07-26 14:00:55,576 - m3_module.m3_dot_detection - INFO - detect_all_dots: 紅點=3, 黑點=3, 涉及細胞=117
2026-07-26 14:00:55,906 - m4_module.cell_crops - INFO - 匯出 65 張 per-cell 影像至 /data/taro_Projects/tsgh/output/r7_run/cell_crops/tile_x3072_y16128/cells
2026-07-26 14:00:55,906 - hybrid_pipeline - INFO - Tile tile_x3072_y16128 完成: 核心擁有 65 細胞 (65 陽性), 1.17 秒
2026-07-26 14:00:56,008 - hybrid_pipeline - INFO - [511/576] 處理 tile: tile_x5376_y16128
2026-07-26 14:00:56,036 - m3_module.m3_cells_generator - INFO - All-positive 標註完成: 73 個細胞
2026-07-26 14:00:56,086 - m3_module.m3_cells_generator - INFO - enlarge_cell_instances: 73 顆細胞, factor=1.50(面積), 中位半徑=25.1px, 外擴=5.6px
2026-07-26 14:00:56,111 - m3_module.m3_elastic_matching - INFO - elastic_dish_nucleus_matching(overlap-first): IHC=73, DISH=4, matched(1核)=4 (其中重疊=4), drop-out(競爭落敗)=1, 無候選(計入)=68, factor=1.50, min_reach=20.0
2026-07-26 14:00:56,217 - m3_module.m3_dot_detection - INFO - detect_all_dots: 紅點=3, 黑點=5, 涉及細胞=73
2026-07-26 14:00:56,430 - m4_module.cell_crops - INFO - 匯出 41 張 per-cell 影像至 /data/taro_Projects/tsgh/output/r7_run/cell_crops/tile_x4608_y16128/cells
2026-07-26 14:00:56,430 - hybrid_pipeline - INFO - Tile tile_x4608_y16128 完成: 核心擁有 41 細胞 (41 陽性), 1.04 秒
2026-07-26 14:00:56,594 - hybrid_pipeline - INFO - [512/576] 處理 tile: tile_x3840_y16128
2026-07-26 14:00:56,624 - m3_module.m3_cells_generator - INFO - All-positive 標註完成: 35 個細胞
2026-07-26 14:00:56,661 - m3_module.m3_cells_generator - INFO - enlarge_cell_instances: 35 顆細胞, factor=1.50(面積), 中位半徑=20.2px, 外擴=4.6px
2026-07-26 14:00:56,753 - m3_module.m3_dot_detection - INFO - detect_all_dots: 紅點=0, 黑點=0, 涉及細胞=35
2026-07-26 14:00:56,861 - m4_module.cell_crops - INFO - 匯出 12 張 per-cell 影像至 /data/taro_Projects/tsgh/output/r7_run/cell_crops/tile_x5376_y16128/cells
2026-07-26 14:00:56,861 - hybrid_pipeline - INFO - Tile tile_x5376_y16128 完成: 核心擁有 12 細胞 (12 陽性), 0.85 秒
2026-07-26 14:00:57,196 - hybrid_pipeline - INFO - [513/576] 處理 tile: tile_x6144_y16128
2026-07-26 14:00:57,225 - m3_module.m3_cells_generator - INFO - All-positive 標註完成: 62 個細胞
2026-07-26 14:00:57,267 - m3_module.m3_cells_generator - INFO - enlarge_cell_instances: 62 顆細胞, factor=1.50(面積), 中位半徑=20.1px, 外擴=4.5px
2026-07-26 14:00:57,292 - m3_module.m3_elastic_matching - INFO - elastic_dish_nucleus_matching(overlap-first): IHC=62, DISH=4, matched(1核)=1 (其中重疊=1), drop-out(競爭落敗)=1, 無候選(計入)=60, factor=1.50, min_reach=20.0
2026-07-26 14:00:57,378 - m3_module.m3_dot_detection - INFO - detect_all_dots: 紅點=1, 黑點=1, 涉及細胞=62
2026-07-26 14:00:57,527 - m4_module.cell_crops - INFO - 匯出 19 張 per-cell 影像至 /data/taro_Projects/tsgh/output/r7_run/cell_crops/tile_x3840_y16128/cells
2026-07-26 14:00:57,527 - hybrid_pipeline - INFO - Tile tile_x3840_y16128 完成: 核心擁有 19 細胞 (19 陽性), 0.93 秒
2026-07-26 14:00:57,827 - hybrid_pipeline - INFO - [514/576] 處理 tile: tile_x7680_y16128
2026-07-26 14:00:57,856 - m3_module.m3_cells_generator - INFO - All-positive 標註完成: 52 個細胞
2026-07-26 14:00:57,904 - m3_module.m3_cells_generator - INFO - enlarge_cell_instances: 52 顆細胞, factor=1.50(面積), 中位半徑=23.3px, 外擴=5.2px
2026-07-26 14:00:57,928 - m3_module.m3_elastic_matching - INFO - elastic_dish_nucleus_matching(overlap-first): IHC=52, DISH=25, matched(1核)=12 (其中重疊=12), drop-out(競爭落敗)=1, 無候選(計入)=39, factor=1.50, min_reach=20.0
2026-07-26 14:00:58,049 - m3_module.m3_dot_detection - INFO - detect_all_dots: 紅點=11, 黑點=19, 涉及細胞=52
2026-07-26 14:00:58,250 - m4_module.cell_crops - INFO - 匯出 32 張 per-cell 影像至 /data/taro_Projects/tsgh/output/r7_run/cell_crops/tile_x6144_y16128/cells
2026-07-26 14:00:58,250 - hybrid_pipeline - INFO - Tile tile_x6144_y16128 完成: 核心擁有 32 細胞 (32 陽性), 1.05 秒
2026-07-26 14:00:58,441 - hybrid_pipeline - INFO - [515/576] 處理 tile: tile_x6912_y16128
2026-07-26 14:00:58,470 - m3_module.m3_cells_generator - INFO - All-positive 標註完成: 87 個細胞
2026-07-26 14:00:58,522 - m3_module.m3_cells_generator - INFO - enlarge_cell_instances: 87 顆細胞, factor=1.50(面積), 中位半徑=22.2px, 外擴=5.0px
2026-07-26 14:00:58,551 - m3_module.m3_elastic_matching - INFO - elastic_dish_nucleus_matching(overlap-first): IHC=87, DISH=43, matched(1核)=23 (其中重疊=23), drop-out(競爭落敗)=2, 無候選(計入)=62, factor=1.50, min_reach=20.0
2026-07-26 14:00:58,721 - m3_module.m3_dot_detection - INFO - detect_all_dots: 紅點=28, 黑點=35, 涉及細胞=87
2026-07-26 14:00:59,005 - m4_module.cell_crops - INFO - 匯出 52 張 per-cell 影像至 /data/taro_Projects/tsgh/output/r7_run/cell_crops/tile_x7680_y16128/cells
2026-07-26 14:00:59,005 - hybrid_pipeline - INFO - Tile tile_x7680_y16128 完成: 核心擁有 52 細胞 (52 陽性), 1.18 秒
2026-07-26 14:00:59,070 - hybrid_pipeline - INFO - [516/576] 處理 tile: tile_x9216_y16128
2026-07-26 14:00:59,099 - m3_module.m3_cells_generator - INFO - All-positive 標註完成: 55 個細胞
2026-07-26 14:00:59,148 - m3_module.m3_cells_generator - INFO - enlarge_cell_instances: 55 顆細胞, factor=1.50(面積), 中位半徑=24.6px, 外擴=5.5px
2026-07-26 14:00:59,172 - m3_module.m3_elastic_matching - INFO - elastic_dish_nucleus_matching(overlap-first): IHC=55, DISH=7, matched(1核)=2 (其中重疊=2), drop-out(競爭落敗)=0, 無候選(計入)=53, factor=1.50, min_reach=20.0
2026-07-26 14:00:59,266 - m3_module.m3_dot_detection - INFO - detect_all_dots: 紅點=1, 黑點=1, 涉及細胞=55
2026-07-26 14:00:59,446 - m4_module.cell_crops - INFO - 匯出 27 張 per-cell 影像至 /data/taro_Projects/tsgh/output/r7_run/cell_crops/tile_x6912_y16128/cells
2026-07-26 14:00:59,447 - hybrid_pipeline - INFO - Tile tile_x6912_y16128 完成: 核心擁有 27 細胞 (27 陽性), 1.01 秒
2026-07-26 14:00:59,691 - hybrid_pipeline - INFO - [517/576] 處理 tile: tile_x8448_y16128
2026-07-26 14:00:59,719 - m3_module.m3_cells_generator - INFO - All-positive 標註完成: 96 個細胞
2026-07-26 14:00:59,770 - m3_module.m3_cells_generator - INFO - enlarge_cell_instances: 96 顆細胞, factor=1.50(面積), 中位半徑=25.6px, 外擴=5.8px
2026-07-26 14:00:59,796 - m3_module.m3_elastic_matching - INFO - elastic_dish_nucleus_matching(overlap-first): IHC=96, DISH=6, matched(1核)=3 (其中重疊=3), drop-out(競爭落敗)=0, 無候選(計入)=93, factor=1.50, min_reach=20.0
2026-07-26 14:00:59,890 - m3_module.m3_dot_detection - INFO - detect_all_dots: 紅點=2, 黑點=3, 涉及細胞=96
2026-07-26 14:01:00,114 - m4_module.cell_crops - INFO - 匯出 44 張 per-cell 影像至 /data/taro_Projects/tsgh/output/r7_run/cell_crops/tile_x9216_y16128/cells
2026-07-26 14:01:00,114 - hybrid_pipeline - INFO - Tile tile_x9216_y16128 完成: 核心擁有 44 細胞 (44 陽性), 1.04 秒
2026-07-26 14:01:00,314 - hybrid_pipeline - INFO - [518/576] 處理 tile: tile_x10752_y16128
2026-07-26 14:01:00,342 - m3_module.m3_cells_generator - INFO - All-positive 標註完成: 86 個細胞
2026-07-26 14:01:00,394 - m3_module.m3_cells_generator - INFO - enlarge_cell_instances: 86 顆細胞, factor=1.50(面積), 中位半徑=21.4px, 外擴=4.8px
2026-07-26 14:01:00,420 - m3_module.m3_elastic_matching - INFO - elastic_dish_nucleus_matching(overlap-first): IHC=86, DISH=73, matched(1核)=36 (其中重疊=36), drop-out(競爭落敗)=5, 無候選(計入)=45, factor=1.50, min_reach=20.0
2026-07-26 14:01:00,642 - m3_module.m3_dot_detection - INFO - detect_all_dots: 紅點=56, 黑點=70, 涉及細胞=86
2026-07-26 14:01:00,892 - m4_module.cell_crops - INFO - 匯出 43 張 per-cell 影像至 /data/taro_Projects/tsgh/output/r7_run/cell_crops/tile_x8448_y16128/cells
2026-07-26 14:01:00,892 - hybrid_pipeline - INFO - Tile tile_x8448_y16128 完成: 核心擁有 43 細胞 (43 陽性), 1.20 秒
2026-07-26 14:01:00,998 - hybrid_pipeline - INFO - [519/576] 處理 tile: tile_x9984_y16128
2026-07-26 14:01:01,027 - m3_module.m3_cells_generator - INFO - All-positive 標註完成: 86 個細胞
2026-07-26 14:01:01,080 - m3_module.m3_cells_generator - INFO - enlarge_cell_instances: 86 顆細胞, factor=1.50(面積), 中位半徑=27.4px, 外擴=6.1px
2026-07-26 14:01:01,106 - m3_module.m3_elastic_matching - INFO - elastic_dish_nucleus_matching(overlap-first): IHC=86, DISH=17, matched(1核)=10 (其中重疊=10), drop-out(競爭落敗)=1, 無候選(計入)=75, factor=1.50, min_reach=20.0
2026-07-26 14:01:01,221 - m3_module.m3_dot_detection - INFO - detect_all_dots: 紅點=8, 黑點=15, 涉及細胞=86
2026-07-26 14:01:01,532 - m4_module.cell_crops - INFO - 匯出 51 張 per-cell 影像至 /data/taro_Projects/tsgh/output/r7_run/cell_crops/tile_x10752_y16128/cells
2026-07-26 14:01:01,532 - hybrid_pipeline - INFO - Tile tile_x10752_y16128 完成: 核心擁有 51 細胞 (51 陽性), 1.22 秒
2026-07-26 14:01:01,629 - hybrid_pipeline - INFO - [520/576] 處理 tile: tile_x12288_y16128
2026-07-26 14:01:01,658 - m3_module.m3_cells_generator - INFO - All-positive 標註完成: 106 個細胞
2026-07-26 14:01:01,711 - m3_module.m3_cells_generator - INFO - enlarge_cell_instances: 106 顆細胞, factor=1.50(面積), 中位半徑=25.7px, 外擴=5.8px
2026-07-26 14:01:01,738 - m3_module.m3_elastic_matching - INFO - elastic_dish_nucleus_matching(overlap-first): IHC=106, DISH=3, matched(1核)=2 (其中重疊=2), drop-out(競爭落敗)=1, 無候選(計入)=103, factor=1.50, min_reach=20.0
2026-07-26 14:01:01,833 - m3_module.m3_dot_detection - INFO - detect_all_dots: 紅點=3, 黑點=4, 涉及細胞=106
2026-07-26 14:01:02,139 - m4_module.cell_crops - INFO - 匯出 65 張 per-cell 影像至 /data/taro_Projects/tsgh/output/r7_run/cell_crops/tile_x9984_y16128/cells
2026-07-26 14:01:02,139 - hybrid_pipeline - INFO - Tile tile_x9984_y16128 完成: 核心擁有 65 細胞 (65 陽性), 1.14 秒
2026-07-26 14:01:02,232 - hybrid_pipeline - INFO - [521/576] 處理 tile: tile_x11520_y16128
2026-07-26 14:01:02,260 - m3_module.m3_cells_generator - INFO - All-positive 標註完成: 33 個細胞
2026-07-26 14:01:02,301 - m3_module.m3_cells_generator - INFO - enlarge_cell_instances: 33 顆細胞, factor=1.50(面積), 中位半徑=26.5px, 外擴=6.0px
2026-07-26 14:01:02,324 - m3_module.m3_elastic_matching - INFO - elastic_dish_nucleus_matching(overlap-first): IHC=33, DISH=1, matched(1核)=1 (其中重疊=1), drop-out(競爭落敗)=0, 無候選(計入)=32, factor=1.50, min_reach=20.0
2026-07-26 14:01:02,407 - m3_module.m3_dot_detection - INFO - detect_all_dots: 紅點=0, 黑點=1, 涉及細胞=33
2026-07-26 14:01:02,539 - m4_module.cell_crops - INFO - 匯出 10 張 per-cell 影像至 /data/taro_Projects/tsgh/output/r7_run/cell_crops/tile_x12288_y16128/cells
2026-07-26 14:01:02,539 - hybrid_pipeline - INFO - Tile tile_x12288_y16128 完成: 核心擁有 10 細胞 (10 陽性), 0.91 秒
2026-07-26 14:01:02,911 - hybrid_pipeline - INFO - [522/576] 處理 tile: tile_x13056_y16128
2026-07-26 14:01:02,939 - m3_module.m3_cells_generator - INFO - All-positive 標註完成: 127 個細胞
2026-07-26 14:01:02,994 - m3_module.m3_cells_generator - INFO - enlarge_cell_instances: 127 顆細胞, factor=1.50(面積), 中位半徑=24.6px, 外擴=5.5px
2026-07-26 14:01:03,020 - m3_module.m3_elastic_matching - INFO - elastic_dish_nucleus_matching(overlap-first): IHC=127, DISH=11, matched(1核)=8 (其中重疊=8), drop-out(競爭落敗)=1, 無候選(計入)=118, factor=1.50, min_reach=20.0
2026-07-26 14:01:03,126 - m3_module.m3_dot_detection - INFO - detect_all_dots: 紅點=6, 黑點=12, 涉及細胞=127
2026-07-26 14:01:03,462 - m4_module.cell_crops - INFO - 匯出 79 張 per-cell 影像至 /data/taro_Projects/tsgh/output/r7_run/cell_crops/tile_x11520_y16128/cells
2026-07-26 14:01:03,462 - hybrid_pipeline - INFO - Tile tile_x11520_y16128 完成: 核心擁有 79 細胞 (79 陽性), 1.23 秒
2026-07-26 14:01:03,464 - hybrid_pipeline - INFO - [523/576] 處理 tile: tile_x13824_y16128
2026-07-26 14:01:03,489 - hybrid_pipeline - INFO - Tile tile_x13056_y16128: 核心遮罩全空 → 空白 placeholder
2026-07-26 14:01:04,075 - hybrid_pipeline - INFO - [524/576] 處理 tile: tile_x14592_y16128
2026-07-26 14:01:04,104 - m3_module.m3_cells_generator - INFO - All-positive 標註完成: 79 個細胞
2026-07-26 14:01:04,149 - m3_module.m3_cells_generator - INFO - enlarge_cell_instances: 79 顆細胞, factor=1.50(面積), 中位半徑=26.0px, 外擴=5.9px
2026-07-26 14:01:04,175 - m3_module.m3_elastic_matching - INFO - elastic_dish_nucleus_matching(overlap-first): IHC=79, DISH=11, matched(1核)=7 (其中重疊=7), drop-out(競爭落敗)=4, 無候選(計入)=68, factor=1.50, min_reach=20.0
2026-07-26 14:01:04,274 - m3_module.m3_dot_detection - INFO - detect_all_dots: 紅點=5, 黑點=4, 涉及細胞=79
2026-07-26 14:01:04,483 - m4_module.cell_crops - INFO - 匯出 46 張 per-cell 影像至 /data/taro_Projects/tsgh/output/r7_run/cell_crops/tile_x13824_y16128/cells
2026-07-26 14:01:04,483 - hybrid_pipeline - INFO - Tile tile_x13824_y16128 完成: 核心擁有 46 細胞 (46 陽性), 1.02 秒
2026-07-26 14:01:04,718 - hybrid_pipeline - INFO - [525/576] 處理 tile: tile_x16128_y16128
2026-07-26 14:01:04,745 - m3_module.m3_cells_generator - INFO - All-positive 標註完成: 68 個細胞
2026-07-26 14:01:04,789 - m3_module.m3_cells_generator - INFO - enlarge_cell_instances: 68 顆細胞, factor=1.50(面積), 中位半徑=29.4px, 外擴=6.6px
2026-07-26 14:01:04,815 - m3_module.m3_elastic_matching - INFO - elastic_dish_nucleus_matching(overlap-first): IHC=68, DISH=26, matched(1核)=16 (其中重疊=16), drop-out(競爭落敗)=2, 無候選(計入)=50, factor=1.50, min_reach=20.0
2026-07-26 14:01:04,928 - m3_module.m3_dot_detection - INFO - detect_all_dots: 紅點=9, 黑點=13, 涉及細胞=68
2026-07-26 14:01:05,163 - m4_module.cell_crops - INFO - 匯出 37 張 per-cell 影像至 /data/taro_Projects/tsgh/output/r7_run/cell_crops/tile_x14592_y16128/cells
2026-07-26 14:01:05,163 - hybrid_pipeline - INFO - Tile tile_x14592_y16128 完成: 核心擁有 37 細胞 (37 陽性), 1.09 秒
2026-07-26 14:01:05,350 - hybrid_pipeline - INFO - [526/576] 處理 tile: tile_x15360_y16128
2026-07-26 14:01:05,379 - m3_module.m3_cells_generator - INFO - All-positive 標註完成: 73 個細胞
2026-07-26 14:01:05,428 - m3_module.m3_cells_generator - INFO - enlarge_cell_instances: 73 顆細胞, factor=1.50(面積), 中位半徑=28.6px, 外擴=6.4px
2026-07-26 14:01:05,458 - m3_module.m3_elastic_matching - INFO - elastic_dish_nucleus_matching(overlap-first): IHC=73, DISH=56, matched(1核)=42 (其中重疊=42), drop-out(競爭落敗)=8, 無候選(計入)=23, factor=1.50, min_reach=20.0
2026-07-26 14:01:05,668 - m3_module.m3_dot_detection - INFO - detect_all_dots: 紅點=44, 黑點=63, 涉及細胞=73
2026-07-26 14:01:05,884 - m4_module.cell_crops - INFO - 匯出 37 張 per-cell 影像至 /data/taro_Projects/tsgh/output/r7_run/cell_crops/tile_x16128_y16128/cells
2026-07-26 14:01:05,884 - hybrid_pipeline - INFO - Tile tile_x16128_y16128 完成: 核心擁有 37 細胞 (37 陽性), 1.17 秒
2026-07-26 14:01:05,990 - hybrid_pipeline - INFO - [527/576] 處理 tile: tile_x16896_y16128
2026-07-26 14:01:06,018 - m3_module.m3_cells_generator - INFO - All-positive 標註完成: 43 個細胞
2026-07-26 14:01:06,057 - m3_module.m3_cells_generator - INFO - enlarge_cell_instances: 43 顆細胞, factor=1.50(面積), 中位半徑=25.7px, 外擴=5.8px
2026-07-26 14:01:06,082 - m3_module.m3_elastic_matching - INFO - elastic_dish_nucleus_matching(overlap-first): IHC=43, DISH=30, matched(1核)=22 (其中重疊=22), drop-out(競爭落敗)=4, 無候選(計入)=17, factor=1.50, min_reach=20.0
2026-07-26 14:01:06,220 - m3_module.m3_dot_detection - INFO - detect_all_dots: 紅點=21, 黑點=28, 涉及細胞=43
2026-07-26 14:01:06,365 - m4_module.cell_crops - INFO - 匯出 24 張 per-cell 影像至 /data/taro_Projects/tsgh/output/r7_run/cell_crops/tile_x15360_y16128/cells
2026-07-26 14:01:06,365 - hybrid_pipeline - INFO - Tile tile_x15360_y16128 完成: 核心擁有 24 細胞 (24 陽性), 1.01 秒
2026-07-26 14:01:06,644 - hybrid_pipeline - INFO - [528/576] 處理 tile: tile_x0_y16896
2026-07-26 14:01:06,672 - m3_module.m3_cells_generator - INFO - All-positive 標註完成: 81 個細胞
2026-07-26 14:01:06,722 - m3_module.m3_cells_generator - INFO - enlarge_cell_instances: 81 顆細胞, factor=1.50(面積), 中位半徑=30.0px, 外擴=6.7px
2026-07-26 14:01:06,750 - m3_module.m3_elastic_matching - INFO - elastic_dish_nucleus_matching(overlap-first): IHC=81, DISH=94, matched(1核)=63 (其中重疊=63), drop-out(競爭落敗)=8, 無候選(計入)=10, factor=1.50, min_reach=20.0
2026-07-26 14:01:07,023 - m3_module.m3_dot_detection - INFO - detect_all_dots: 紅點=50, 黑點=73, 涉及細胞=81
2026-07-26 14:01:07,312 - m4_module.cell_crops - INFO - 匯出 53 張 per-cell 影像至 /data/taro_Projects/tsgh/output/r7_run/cell_crops/tile_x16896_y16128/cells
2026-07-26 14:01:07,313 - hybrid_pipeline - INFO - Tile tile_x16896_y16128 完成: 核心擁有 53 細胞 (53 陽性), 1.32 秒
2026-07-26 14:01:07,325 - hybrid_pipeline - INFO - [529/576] 處理 tile: tile_x768_y16896
2026-07-26 14:01:07,348 - m3_module.m3_cells_generator - INFO - All-positive 標註完成: 65 個細胞
2026-07-26 14:01:07,399 - m3_module.m3_cells_generator - INFO - enlarge_cell_instances: 65 顆細胞, factor=1.50(面積), 中位半徑=24.6px, 外擴=5.5px
2026-07-26 14:01:07,424 - m3_module.m3_elastic_matching - INFO - elastic_dish_nucleus_matching(overlap-first): IHC=65, DISH=2, matched(1核)=1 (其中重疊=1), drop-out(競爭落敗)=0, 無候選(計入)=64, factor=1.50, min_reach=20.0
2026-07-26 14:01:07,516 - m3_module.m3_dot_detection - INFO - detect_all_dots: 紅點=4, 黑點=2, 涉及細胞=65
2026-07-26 14:01:07,731 - m4_module.cell_crops - INFO - 匯出 56 張 per-cell 影像至 /data/taro_Projects/tsgh/output/r7_run/cell_crops/tile_x0_y16896/cells
2026-07-26 14:01:07,731 - hybrid_pipeline - INFO - Tile tile_x0_y16896 完成: 核心擁有 56 細胞 (56 陽性), 1.09 秒
2026-07-26 14:01:07,935 - hybrid_pipeline - INFO - [530/576] 處理 tile: tile_x17664_y16128
2026-07-26 14:01:07,964 - m3_module.m3_cells_generator - INFO - All-positive 標註完成: 30 個細胞
2026-07-26 14:01:08,004 - m3_module.m3_cells_generator - INFO - enlarge_cell_instances: 30 顆細胞, factor=1.50(面積), 中位半徑=21.6px, 外擴=4.8px
2026-07-26 14:01:08,096 - m3_module.m3_dot_detection - INFO - detect_all_dots: 紅點=0, 黑點=0, 涉及細胞=30
2026-07-26 14:01:08,170 - m4_module.cell_crops - INFO - 匯出 4 張 per-cell 影像至 /data/taro_Projects/tsgh/output/r7_run/cell_crops/tile_x768_y16896/cells
2026-07-26 14:01:08,170 - hybrid_pipeline - INFO - Tile tile_x768_y16896 完成: 核心擁有 4 細胞 (4 陽性), 0.84 秒
2026-07-26 14:01:08,569 - hybrid_pipeline - INFO - [531/576] 處理 tile: tile_x1536_y16896
2026-07-26 14:01:08,599 - m3_module.m3_cells_generator - INFO - All-positive 標註完成: 41 個細胞
2026-07-26 14:01:08,643 - m3_module.m3_cells_generator - INFO - enlarge_cell_instances: 41 顆細胞, factor=1.50(面積), 中位半徑=21.0px, 外擴=4.7px
2026-07-26 14:01:08,668 - m3_module.m3_elastic_matching - INFO - elastic_dish_nucleus_matching(overlap-first): IHC=41, DISH=56, matched(1核)=27 (其中重疊=27), drop-out(競爭落敗)=6, 無候選(計入)=8, factor=1.50, min_reach=20.0
2026-07-26 14:01:08,847 - m3_module.m3_dot_detection - INFO - detect_all_dots: 紅點=31, 黑點=49, 涉及細胞=41
2026-07-26 14:01:09,027 - m4_module.cell_crops - INFO - 匯出 25 張 per-cell 影像至 /data/taro_Projects/tsgh/output/r7_run/cell_crops/tile_x17664_y16128/cells
2026-07-26 14:01:09,027 - hybrid_pipeline - INFO - Tile tile_x17664_y16128 完成: 核心擁有 25 細胞 (25 陽性), 1.09 秒
2026-07-26 14:01:09,201 - hybrid_pipeline - INFO - [532/576] 處理 tile: tile_x2304_y16896
2026-07-26 14:01:09,235 - m3_module.m3_cells_generator - INFO - All-positive 標註完成: 40 個細胞
2026-07-26 14:01:09,279 - m3_module.m3_cells_generator - INFO - enlarge_cell_instances: 40 顆細胞, factor=1.50(面積), 中位半徑=23.8px, 外擴=5.4px
2026-07-26 14:01:09,303 - m3_module.m3_elastic_matching - INFO - elastic_dish_nucleus_matching(overlap-first): IHC=40, DISH=11, matched(1核)=2 (其中重疊=2), drop-out(競爭落敗)=1, 無候選(計入)=37, factor=1.50, min_reach=20.0
2026-07-26 14:01:09,400 - m3_module.m3_dot_detection - INFO - detect_all_dots: 紅點=1, 黑點=3, 涉及細胞=40
2026-07-26 14:01:09,517 - m4_module.cell_crops - INFO - 匯出 15 張 per-cell 影像至 /data/taro_Projects/tsgh/output/r7_run/cell_crops/tile_x1536_y16896/cells
2026-07-26 14:01:09,517 - hybrid_pipeline - INFO - Tile tile_x1536_y16896 完成: 核心擁有 15 細胞 (15 陽性), 0.95 秒
2026-07-26 14:01:09,815 - hybrid_pipeline - INFO - [533/576] 處理 tile: tile_x3072_y16896
2026-07-26 14:01:09,844 - m3_module.m3_cells_generator - INFO - All-positive 標註完成: 63 個細胞
2026-07-26 14:01:09,894 - m3_module.m3_cells_generator - INFO - enlarge_cell_instances: 63 顆細胞, factor=1.50(面積), 中位半徑=29.0px, 外擴=6.5px
2026-07-26 14:01:09,918 - m3_module.m3_elastic_matching - INFO - elastic_dish_nucleus_matching(overlap-first): IHC=63, DISH=4, matched(1核)=3 (其中重疊=3), drop-out(競爭落敗)=0, 無候選(計入)=60, factor=1.50, min_reach=20.0
2026-07-26 14:01:10,020 - m3_module.m3_dot_detection - INFO - detect_all_dots: 紅點=0, 黑點=9, 涉及細胞=63
2026-07-26 14:01:10,219 - m4_module.cell_crops - INFO - 匯出 35 張 per-cell 影像至 /data/taro_Projects/tsgh/output/r7_run/cell_crops/tile_x2304_y16896/cells
2026-07-26 14:01:10,219 - hybrid_pipeline - INFO - Tile tile_x2304_y16896 完成: 核心擁有 35 細胞 (35 陽性), 1.02 秒
2026-07-26 14:01:10,441 - hybrid_pipeline - INFO - [534/576] 處理 tile: tile_x3840_y16896
2026-07-26 14:01:10,470 - m3_module.m3_cells_generator - INFO - All-positive 標註完成: 81 個細胞
2026-07-26 14:01:10,523 - m3_module.m3_cells_generator - INFO - enlarge_cell_instances: 81 顆細胞, factor=1.50(面積), 中位半徑=26.4px, 外擴=5.9px
2026-07-26 14:01:10,549 - m3_module.m3_elastic_matching - INFO - elastic_dish_nucleus_matching(overlap-first): IHC=81, DISH=6, matched(1核)=5 (其中重疊=5), drop-out(競爭落敗)=2, 無候選(計入)=74, factor=1.50, min_reach=20.0
2026-07-26 14:01:10,647 - m3_module.m3_dot_detection - INFO - detect_all_dots: 紅點=0, 黑點=5, 涉及細胞=81
2026-07-26 14:01:10,857 - m4_module.cell_crops - INFO - 匯出 41 張 per-cell 影像至 /data/taro_Projects/tsgh/output/r7_run/cell_crops/tile_x3072_y16896/cells
2026-07-26 14:01:10,858 - hybrid_pipeline - INFO - Tile tile_x3072_y16896 完成: 核心擁有 41 細胞 (41 陽性), 1.04 秒
2026-07-26 14:01:11,047 - hybrid_pipeline - INFO - [535/576] 處理 tile: tile_x5376_y16896
2026-07-26 14:01:11,075 - m3_module.m3_cells_generator - INFO - All-positive 標註完成: 57 個細胞
2026-07-26 14:01:11,120 - m3_module.m3_cells_generator - INFO - enlarge_cell_instances: 57 顆細胞, factor=1.50(面積), 中位半徑=25.7px, 外擴=5.8px
2026-07-26 14:01:11,145 - m3_module.m3_elastic_matching - INFO - elastic_dish_nucleus_matching(overlap-first): IHC=57, DISH=7, matched(1核)=5 (其中重疊=5), drop-out(競爭落敗)=2, 無候選(計入)=50, factor=1.50, min_reach=20.0
2026-07-26 14:01:11,245 - m3_module.m3_dot_detection - INFO - detect_all_dots: 紅點=1, 黑點=5, 涉及細胞=57
2026-07-26 14:01:11,402 - m4_module.cell_crops - INFO - 匯出 21 張 per-cell 影像至 /data/taro_Projects/tsgh/output/r7_run/cell_crops/tile_x3840_y16896/cells
2026-07-26 14:01:11,402 - hybrid_pipeline - INFO - Tile tile_x3840_y16896 完成: 核心擁有 21 細胞 (21 陽性), 0.96 秒
2026-07-26 14:01:11,657 - hybrid_pipeline - INFO - [536/576] 處理 tile: tile_x4608_y16896
2026-07-26 14:01:11,686 - m3_module.m3_cells_generator - INFO - All-positive 標註完成: 52 個細胞
2026-07-26 14:01:11,734 - m3_module.m3_cells_generator - INFO - enlarge_cell_instances: 52 顆細胞, factor=1.50(面積), 中位半徑=30.9px, 外擴=6.9px
2026-07-26 14:01:11,759 - m3_module.m3_elastic_matching - INFO - elastic_dish_nucleus_matching(overlap-first): IHC=52, DISH=22, matched(1核)=13 (其中重疊=13), drop-out(競爭落敗)=1, 無候選(計入)=38, factor=1.50, min_reach=20.0
2026-07-26 14:01:11,885 - m3_module.m3_dot_detection - INFO - detect_all_dots: 紅點=14, 黑點=17, 涉及細胞=52
2026-07-26 14:01:12,082 - m4_module.cell_crops - INFO - 匯出 30 張 per-cell 影像至 /data/taro_Projects/tsgh/output/r7_run/cell_crops/tile_x5376_y16896/cells
2026-07-26 14:01:12,082 - hybrid_pipeline - INFO - Tile tile_x5376_y16896 完成: 核心擁有 30 細胞 (30 陽性), 1.03 秒
2026-07-26 14:01:12,278 - hybrid_pipeline - INFO - [537/576] 處理 tile: tile_x6912_y16896
2026-07-26 14:01:12,306 - m3_module.m3_cells_generator - INFO - All-positive 標註完成: 75 個細胞
2026-07-26 14:01:12,357 - m3_module.m3_cells_generator - INFO - enlarge_cell_instances: 75 顆細胞, factor=1.50(面積), 中位半徑=28.0px, 外擴=6.3px
2026-07-26 14:01:12,382 - m3_module.m3_elastic_matching - INFO - elastic_dish_nucleus_matching(overlap-first): IHC=75, DISH=11, matched(1核)=8 (其中重疊=8), drop-out(競爭落敗)=4, 無候選(計入)=63, factor=1.50, min_reach=20.0
2026-07-26 14:01:12,493 - m3_module.m3_dot_detection - INFO - detect_all_dots: 紅點=9, 黑點=12, 涉及細胞=75
2026-07-26 14:01:12,712 - m4_module.cell_crops - INFO - 匯出 53 張 per-cell 影像至 /data/taro_Projects/tsgh/output/r7_run/cell_crops/tile_x4608_y16896/cells
2026-07-26 14:01:12,712 - hybrid_pipeline - INFO - Tile tile_x4608_y16896 完成: 核心擁有 53 細胞 (53 陽性), 1.05 秒
2026-07-26 14:01:12,915 - hybrid_pipeline - INFO - [538/576] 處理 tile: tile_x6144_y16896
2026-07-26 14:01:12,945 - m3_module.m3_cells_generator - INFO - All-positive 標註完成: 75 個細胞
2026-07-26 14:01:12,994 - m3_module.m3_cells_generator - INFO - enlarge_cell_instances: 75 顆細胞, factor=1.50(面積), 中位半徑=25.7px, 外擴=5.8px
2026-07-26 14:01:13,021 - m3_module.m3_elastic_matching - INFO - elastic_dish_nucleus_matching(overlap-first): IHC=75, DISH=58, matched(1核)=37 (其中重疊=37), drop-out(競爭落敗)=3, 無候選(計入)=35, factor=1.50, min_reach=20.0
2026-07-26 14:01:13,246 - m3_module.m3_dot_detection - INFO - detect_all_dots: 紅點=49, 黑點=68, 涉及細胞=75
2026-07-26 14:01:13,496 - m4_module.cell_crops - INFO - 匯出 40 張 per-cell 影像至 /data/taro_Projects/tsgh/output/r7_run/cell_crops/tile_x6912_y16896/cells
2026-07-26 14:01:13,496 - hybrid_pipeline - INFO - Tile tile_x6912_y16896 完成: 核心擁有 40 細胞 (40 陽性), 1.22 秒
2026-07-26 14:01:13,600 - hybrid_pipeline - INFO - [539/576] 處理 tile: tile_x7680_y16896
2026-07-26 14:01:13,628 - m3_module.m3_cells_generator - INFO - All-positive 標註完成: 47 個細胞
2026-07-26 14:01:13,673 - m3_module.m3_cells_generator - INFO - enlarge_cell_instances: 47 顆細胞, factor=1.50(面積), 中位半徑=27.0px, 外擴=6.1px
2026-07-26 14:01:13,699 - m3_module.m3_elastic_matching - INFO - elastic_dish_nucleus_matching(overlap-first): IHC=47, DISH=50, matched(1核)=31 (其中重疊=31), drop-out(競爭落敗)=4, 無候選(計入)=12, factor=1.50, min_reach=20.0
2026-07-26 14:01:13,867 - m3_module.m3_dot_detection - INFO - detect_all_dots: 紅點=35, 黑點=51, 涉及細胞=47
2026-07-26 14:01:14,050 - m4_module.cell_crops - INFO - 匯出 23 張 per-cell 影像至 /data/taro_Projects/tsgh/output/r7_run/cell_crops/tile_x6144_y16896/cells
2026-07-26 14:01:14,050 - hybrid_pipeline - INFO - Tile tile_x6144_y16896 完成: 核心擁有 23 細胞 (23 陽性), 1.13 秒
2026-07-26 14:01:14,260 - hybrid_pipeline - INFO - [540/576] 處理 tile: tile_x8448_y16896
2026-07-26 14:01:14,287 - m3_module.m3_cells_generator - INFO - All-positive 標註完成: 77 個細胞
2026-07-26 14:01:14,333 - m3_module.m3_cells_generator - INFO - enlarge_cell_instances: 77 顆細胞, factor=1.50(面積), 中位半徑=25.9px, 外擴=5.8px
2026-07-26 14:01:14,360 - m3_module.m3_elastic_matching - INFO - elastic_dish_nucleus_matching(overlap-first): IHC=77, DISH=82, matched(1核)=45 (其中重疊=45), drop-out(競爭落敗)=5, 無候選(計入)=27, factor=1.50, min_reach=20.0
2026-07-26 14:01:14,620 - m3_module.m3_dot_detection - INFO - detect_all_dots: 紅點=67, 黑點=95, 涉及細胞=77
2026-07-26 14:01:14,834 - m4_module.cell_crops - INFO - 匯出 29 張 per-cell 影像至 /data/taro_Projects/tsgh/output/r7_run/cell_crops/tile_x7680_y16896/cells
2026-07-26 14:01:14,834 - hybrid_pipeline - INFO - Tile tile_x7680_y16896 完成: 核心擁有 29 細胞 (29 陽性), 1.23 秒
2026-07-26 14:01:14,972 - hybrid_pipeline - INFO - [541/576] 處理 tile: tile_x9216_y16896
2026-07-26 14:01:15,000 - m3_module.m3_cells_generator - INFO - All-positive 標註完成: 108 個細胞
2026-07-26 14:01:15,054 - m3_module.m3_cells_generator - INFO - enlarge_cell_instances: 108 顆細胞, factor=1.50(面積), 中位半徑=22.8px, 外擴=5.1px
2026-07-26 14:01:15,085 - m3_module.m3_elastic_matching - INFO - elastic_dish_nucleus_matching(overlap-first): IHC=108, DISH=135, matched(1核)=66 (其中重疊=66), drop-out(競爭落敗)=7, 無候選(計入)=35, factor=1.50, min_reach=20.0
2026-07-26 14:01:15,434 - m3_module.m3_dot_detection - INFO - detect_all_dots: 紅點=104, 黑點=135, 涉及細胞=108
2026-07-26 14:01:15,765 - m4_module.cell_crops - INFO - 匯出 65 張 per-cell 影像至 /data/taro_Projects/tsgh/output/r7_run/cell_crops/tile_x8448_y16896/cells
2026-07-26 14:01:15,765 - hybrid_pipeline - INFO - Tile tile_x8448_y16896 完成: 核心擁有 65 細胞 (65 陽性), 1.50 秒
2026-07-26 14:01:15,765 - hybrid_pipeline - INFO - [542/576] 處理 tile: tile_x9984_y16896
2026-07-26 14:01:15,787 - m3_module.m3_cells_generator - INFO - All-positive 標註完成: 57 個細胞
2026-07-26 14:01:15,836 - m3_module.m3_cells_generator - INFO - enlarge_cell_instances: 57 顆細胞, factor=1.50(面積), 中位半徑=23.6px, 外擴=5.3px
2026-07-26 14:01:15,860 - m3_module.m3_elastic_matching - INFO - elastic_dish_nucleus_matching(overlap-first): IHC=57, DISH=6, matched(1核)=4 (其中重疊=4), drop-out(競爭落敗)=0, 無候選(計入)=53, factor=1.50, min_reach=20.0
2026-07-26 14:01:15,949 - m3_module.m3_dot_detection - INFO - detect_all_dots: 紅點=2, 黑點=5, 涉及細胞=57
2026-07-26 14:01:16,116 - m4_module.cell_crops - INFO - 匯出 21 張 per-cell 影像至 /data/taro_Projects/tsgh/output/r7_run/cell_crops/tile_x9216_y16896/cells
2026-07-26 14:01:16,116 - hybrid_pipeline - INFO - Tile tile_x9216_y16896 完成: 核心擁有 21 細胞 (21 陽性), 1.14 秒
2026-07-26 14:01:16,429 - hybrid_pipeline - INFO - [543/576] 處理 tile: tile_x10752_y16896
2026-07-26 14:01:16,457 - m3_module.m3_cells_generator - INFO - All-positive 標註完成: 105 個細胞
2026-07-26 14:01:16,511 - m3_module.m3_cells_generator - INFO - enlarge_cell_instances: 105 顆細胞, factor=1.50(面積), 中位半徑=25.2px, 外擴=5.7px
2026-07-26 14:01:16,538 - m3_module.m3_elastic_matching - INFO - elastic_dish_nucleus_matching(overlap-first): IHC=105, DISH=5, matched(1核)=3 (其中重疊=3), drop-out(競爭落敗)=1, 無候選(計入)=101, factor=1.50, min_reach=20.0
2026-07-26 14:01:16,635 - m3_module.m3_dot_detection - INFO - detect_all_dots: 紅點=3, 黑點=2, 涉及細胞=105
2026-07-26 14:01:16,934 - m4_module.cell_crops - INFO - 匯出 63 張 per-cell 影像至 /data/taro_Projects/tsgh/output/r7_run/cell_crops/tile_x9984_y16896/cells
2026-07-26 14:01:16,934 - hybrid_pipeline - INFO - Tile tile_x9984_y16896 完成: 核心擁有 63 細胞 (63 陽性), 1.17 秒
2026-07-26 14:01:17,086 - hybrid_pipeline - INFO - [544/576] 處理 tile: tile_x11520_y16896
2026-07-26 14:01:17,114 - m3_module.m3_cells_generator - INFO - All-positive 標註完成: 117 個細胞
2026-07-26 14:01:17,171 - m3_module.m3_cells_generator - INFO - enlarge_cell_instances: 117 顆細胞, factor=1.50(面積), 中位半徑=28.4px, 外擴=6.4px
2026-07-26 14:01:17,199 - m3_module.m3_elastic_matching - INFO - elastic_dish_nucleus_matching(overlap-first): IHC=117, DISH=12, matched(1核)=7 (其中重疊=7), drop-out(競爭落敗)=4, 無候選(計入)=106, factor=1.50, min_reach=20.0
2026-07-26 14:01:17,298 - m3_module.m3_dot_detection - INFO - detect_all_dots: 紅點=2, 黑點=5, 涉及細胞=117
2026-07-26 14:01:17,666 - m4_module.cell_crops - INFO - 匯出 71 張 per-cell 影像至 /data/taro_Projects/tsgh/output/r7_run/cell_crops/tile_x10752_y16896/cells
2026-07-26 14:01:17,666 - hybrid_pipeline - INFO - Tile tile_x10752_y16896 完成: 核心擁有 71 細胞 (71 陽性), 1.24 秒
2026-07-26 14:01:17,731 - hybrid_pipeline - INFO - [545/576] 處理 tile: tile_x12288_y16896
2026-07-26 14:01:17,759 - m3_module.m3_cells_generator - INFO - All-positive 標註完成: 84 個細胞
2026-07-26 14:01:17,809 - m3_module.m3_cells_generator - INFO - enlarge_cell_instances: 84 顆細胞, factor=1.50(面積), 中位半徑=25.3px, 外擴=5.7px
2026-07-26 14:01:17,835 - m3_module.m3_elastic_matching - INFO - elastic_dish_nucleus_matching(overlap-first): IHC=84, DISH=8, matched(1核)=2 (其中重疊=2), drop-out(競爭落敗)=3, 無候選(計入)=79, factor=1.50, min_reach=20.0
2026-07-26 14:01:17,931 - m3_module.m3_dot_detection - INFO - detect_all_dots: 紅點=1, 黑點=2, 涉及細胞=84
2026-07-26 14:01:18,188 - m4_module.cell_crops - INFO - 匯出 44 張 per-cell 影像至 /data/taro_Projects/tsgh/output/r7_run/cell_crops/tile_x11520_y16896/cells
2026-07-26 14:01:18,188 - hybrid_pipeline - INFO - Tile tile_x11520_y16896 完成: 核心擁有 44 細胞 (44 陽性), 1.10 秒
2026-07-26 14:01:18,303 - hybrid_pipeline - INFO - [546/576] 處理 tile: tile_x13056_y16896
2026-07-26 14:01:18,333 - m3_module.m3_cells_generator - INFO - All-positive 標註完成: 3 個細胞
2026-07-26 14:01:18,359 - m3_module.m3_cells_generator - INFO - enlarge_cell_instances: 3 顆細胞, factor=1.50(面積), 中位半徑=27.7px, 外擴=6.2px
2026-07-26 14:01:18,454 - m3_module.m3_dot_detection - INFO - detect_all_dots: 紅點=0, 黑點=0, 涉及細胞=3
2026-07-26 14:01:18,493 - m4_module.cell_crops - INFO - 匯出 0 張 per-cell 影像至 /data/taro_Projects/tsgh/output/r7_run/cell_crops/tile_x12288_y16896/cells
2026-07-26 14:01:18,493 - hybrid_pipeline - INFO - Tile tile_x12288_y16896 完成: 核心擁有 0 細胞 (0 陽性), 0.76 秒
2026-07-26 14:01:18,923 - hybrid_pipeline - INFO - [547/576] 處理 tile: tile_x13824_y16896
2026-07-26 14:01:18,953 - m3_module.m3_cells_generator - INFO - All-positive 標註完成: 29 個細胞
2026-07-26 14:01:18,987 - m3_module.m3_cells_generator - INFO - enlarge_cell_instances: 29 顆細胞, factor=1.50(面積), 中位半徑=20.6px, 外擴=4.6px
2026-07-26 14:01:19,011 - m3_module.m3_elastic_matching - INFO - elastic_dish_nucleus_matching(overlap-first): IHC=29, DISH=6, matched(1核)=5 (其中重疊=5), drop-out(競爭落敗)=1, 無候選(計入)=23, factor=1.50, min_reach=20.0
2026-07-26 14:01:19,107 - m3_module.m3_dot_detection - INFO - detect_all_dots: 紅點=3, 黑點=4, 涉及細胞=29
2026-07-26 14:01:19,208 - m4_module.cell_crops - INFO - 匯出 18 張 per-cell 影像至 /data/taro_Projects/tsgh/output/r7_run/cell_crops/tile_x13056_y16896/cells
2026-07-26 14:01:19,208 - hybrid_pipeline - INFO - Tile tile_x13056_y16896 完成: 核心擁有 18 細胞 (18 陽性), 0.90 秒
2026-07-26 14:01:19,549 - hybrid_pipeline - INFO - [548/576] 處理 tile: tile_x14592_y16896
2026-07-26 14:01:19,577 - m3_module.m3_cells_generator - INFO - All-positive 標註完成: 90 個細胞
2026-07-26 14:01:19,625 - m3_module.m3_cells_generator - INFO - enlarge_cell_instances: 90 顆細胞, factor=1.50(面積), 中位半徑=24.4px, 外擴=5.5px
2026-07-26 14:01:19,652 - m3_module.m3_elastic_matching - INFO - elastic_dish_nucleus_matching(overlap-first): IHC=90, DISH=24, matched(1核)=18 (其中重疊=18), drop-out(競爭落敗)=3, 無候選(計入)=69, factor=1.50, min_reach=20.0
2026-07-26 14:01:19,779 - m3_module.m3_dot_detection - INFO - detect_all_dots: 紅點=11, 黑點=18, 涉及細胞=90
2026-07-26 14:01:20,027 - m4_module.cell_crops - INFO - 匯出 42 張 per-cell 影像至 /data/taro_Projects/tsgh/output/r7_run/cell_crops/tile_x13824_y16896/cells
2026-07-26 14:01:20,027 - hybrid_pipeline - INFO - Tile tile_x13824_y16896 完成: 核心擁有 42 細胞 (42 陽性), 1.10 秒
2026-07-26 14:01:20,173 - hybrid_pipeline - INFO - [549/576] 處理 tile: tile_x15360_y16896
2026-07-26 14:01:20,202 - m3_module.m3_cells_generator - INFO - All-positive 標註完成: 85 個細胞
2026-07-26 14:01:20,253 - m3_module.m3_cells_generator - INFO - enlarge_cell_instances: 85 顆細胞, factor=1.50(面積), 中位半徑=27.9px, 外擴=6.3px
2026-07-26 14:01:20,279 - m3_module.m3_elastic_matching - INFO - elastic_dish_nucleus_matching(overlap-first): IHC=85, DISH=47, matched(1核)=30 (其中重疊=30), drop-out(競爭落敗)=2, 無候選(計入)=53, factor=1.50, min_reach=20.0
2026-07-26 14:01:20,420 - m3_module.m3_dot_detection - INFO - detect_all_dots: 紅點=16, 黑點=27, 涉及細胞=85
2026-07-26 14:01:20,712 - m4_module.cell_crops - INFO - 匯出 54 張 per-cell 影像至 /data/taro_Projects/tsgh/output/r7_run/cell_crops/tile_x14592_y16896/cells
2026-07-26 14:01:20,712 - hybrid_pipeline - INFO - Tile tile_x14592_y16896 完成: 核心擁有 54 細胞 (54 陽性), 1.16 秒
2026-07-26 14:01:20,805 - hybrid_pipeline - INFO - [550/576] 處理 tile: tile_x16128_y16896
2026-07-26 14:01:20,838 - m3_module.m3_cells_generator - INFO - All-positive 標註完成: 70 個細胞
2026-07-26 14:01:20,882 - m3_module.m3_cells_generator - INFO - enlarge_cell_instances: 70 顆細胞, factor=1.50(面積), 中位半徑=25.3px, 外擴=5.7px
2026-07-26 14:01:20,913 - m3_module.m3_elastic_matching - INFO - elastic_dish_nucleus_matching(overlap-first): IHC=70, DISH=36, matched(1核)=28 (其中重疊=28), drop-out(競爭落敗)=4, 無候選(計入)=38, factor=1.50, min_reach=20.0
2026-07-26 14:01:21,078 - m3_module.m3_dot_detection - INFO - detect_all_dots: 紅點=28, 黑點=43, 涉及細胞=70
2026-07-26 14:01:21,272 - m4_module.cell_crops - INFO - 匯出 26 張 per-cell 影像至 /data/taro_Projects/tsgh/output/r7_run/cell_crops/tile_x15360_y16896/cells
2026-07-26 14:01:21,272 - hybrid_pipeline - INFO - Tile tile_x15360_y16896 完成: 核心擁有 26 細胞 (26 陽性), 1.10 秒
2026-07-26 14:01:21,489 - hybrid_pipeline - INFO - [551/576] 處理 tile: tile_x16896_y16896
2026-07-26 14:01:21,517 - m3_module.m3_cells_generator - INFO - All-positive 標註完成: 150 個細胞
2026-07-26 14:01:21,573 - m3_module.m3_cells_generator - INFO - enlarge_cell_instances: 150 顆細胞, factor=1.50(面積), 中位半徑=26.0px, 外擴=5.8px
2026-07-26 14:01:21,610 - m3_module.m3_elastic_matching - INFO - elastic_dish_nucleus_matching(overlap-first): IHC=150, DISH=95, matched(1核)=71 (其中重疊=71), drop-out(競爭落敗)=21, 無候選(計入)=58, factor=1.50, min_reach=20.0
2026-07-26 14:01:21,934 - m3_module.m3_dot_detection - INFO - detect_all_dots: 紅點=66, 黑點=131, 涉及細胞=150
2026-07-26 14:01:22,329 - m4_module.cell_crops - INFO - 匯出 94 張 per-cell 影像至 /data/taro_Projects/tsgh/output/r7_run/cell_crops/tile_x16128_y16896/cells
2026-07-26 14:01:22,329 - hybrid_pipeline - INFO - Tile tile_x16128_y16896 完成: 核心擁有 94 細胞 (94 陽性), 1.52 秒
2026-07-26 14:01:22,329 - hybrid_pipeline - INFO - [552/576] 處理 tile: tile_x768_y17664
2026-07-26 14:01:22,352 - m3_module.m3_cells_generator - INFO - All-positive 標註完成: 47 個細胞
2026-07-26 14:01:22,404 - m3_module.m3_cells_generator - INFO - enlarge_cell_instances: 47 顆細胞, factor=1.50(面積), 中位半徑=28.7px, 外擴=6.5px
2026-07-26 14:01:22,429 - m3_module.m3_elastic_matching - INFO - elastic_dish_nucleus_matching(overlap-first): IHC=47, DISH=53, matched(1核)=28 (其中重疊=28), drop-out(競爭落敗)=2, 無候選(計入)=17, factor=1.50, min_reach=20.0
2026-07-26 14:01:22,588 - m3_module.m3_dot_detection - INFO - detect_all_dots: 紅點=21, 黑點=35, 涉及細胞=47
2026-07-26 14:01:22,771 - m4_module.cell_crops - INFO - 匯出 15 張 per-cell 影像至 /data/taro_Projects/tsgh/output/r7_run/cell_crops/tile_x16896_y16896/cells
2026-07-26 14:01:22,771 - hybrid_pipeline - INFO - Tile tile_x16896_y16896 完成: 核心擁有 15 細胞 (15 陽性), 1.28 秒
2026-07-26 14:01:22,931 - hybrid_pipeline - INFO - [553/576] 處理 tile: tile_x0_y17664
2026-07-26 14:01:22,960 - m3_module.m3_cells_generator - INFO - All-positive 標註完成: 55 個細胞
2026-07-26 14:01:23,008 - m3_module.m3_cells_generator - INFO - enlarge_cell_instances: 55 顆細胞, factor=1.50(面積), 中位半徑=23.1px, 外擴=5.2px
2026-07-26 14:01:23,032 - m3_module.m3_elastic_matching - INFO - elastic_dish_nucleus_matching(overlap-first): IHC=55, DISH=3, matched(1核)=3 (其中重疊=3), drop-out(競爭落敗)=0, 無候選(計入)=52, factor=1.50, min_reach=20.0
2026-07-26 14:01:23,125 - m3_module.m3_dot_detection - INFO - detect_all_dots: 紅點=1, 黑點=2, 涉及細胞=55
2026-07-26 14:01:23,280 - m4_module.cell_crops - INFO - 匯出 37 張 per-cell 影像至 /data/taro_Projects/tsgh/output/r7_run/cell_crops/tile_x768_y17664/cells
2026-07-26 14:01:23,280 - hybrid_pipeline - INFO - Tile tile_x768_y17664 完成: 核心擁有 37 細胞 (37 陽性), 0.95 秒
2026-07-26 14:01:23,538 - hybrid_pipeline - INFO - [554/576] 處理 tile: tile_x17664_y16896
2026-07-26 14:01:23,567 - m3_module.m3_cells_generator - INFO - All-positive 標註完成: 57 個細胞
2026-07-26 14:01:23,615 - m3_module.m3_cells_generator - INFO - enlarge_cell_instances: 57 顆細胞, factor=1.50(面積), 中位半徑=25.9px, 外擴=5.8px
2026-07-26 14:01:23,640 - m3_module.m3_elastic_matching - INFO - elastic_dish_nucleus_matching(overlap-first): IHC=57, DISH=6, matched(1核)=3 (其中重疊=3), drop-out(競爭落敗)=0, 無候選(計入)=54, factor=1.50, min_reach=20.0
2026-07-26 14:01:23,730 - m3_module.m3_dot_detection - INFO - detect_all_dots: 紅點=3, 黑點=5, 涉及細胞=57
2026-07-26 14:01:23,921 - m4_module.cell_crops - INFO - 匯出 44 張 per-cell 影像至 /data/taro_Projects/tsgh/output/r7_run/cell_crops/tile_x0_y17664/cells
2026-07-26 14:01:23,921 - hybrid_pipeline - INFO - Tile tile_x0_y17664 完成: 核心擁有 44 細胞 (44 陽性), 0.99 秒
2026-07-26 14:01:24,193 - hybrid_pipeline - INFO - [555/576] 處理 tile: tile_x1536_y17664
2026-07-26 14:01:24,224 - m3_module.m3_cells_generator - INFO - All-positive 標註完成: 33 個細胞
2026-07-26 14:01:24,264 - m3_module.m3_cells_generator - INFO - enlarge_cell_instances: 33 顆細胞, factor=1.50(面積), 中位半徑=20.9px, 外擴=4.7px
2026-07-26 14:01:24,289 - m3_module.m3_elastic_matching - INFO - elastic_dish_nucleus_matching(overlap-first): IHC=33, DISH=45, matched(1核)=22 (其中重疊=22), drop-out(競爭落敗)=4, 無候選(計入)=7, factor=1.50, min_reach=20.0
2026-07-26 14:01:24,452 - m3_module.m3_dot_detection - INFO - detect_all_dots: 紅點=26, 黑點=49, 涉及細胞=33
2026-07-26 14:01:24,610 - m4_module.cell_crops - INFO - 匯出 21 張 per-cell 影像至 /data/taro_Projects/tsgh/output/r7_run/cell_crops/tile_x17664_y16896/cells
2026-07-26 14:01:24,610 - hybrid_pipeline - INFO - Tile tile_x17664_y16896 完成: 核心擁有 21 細胞 (21 陽性), 1.07 秒
2026-07-26 14:01:24,812 - hybrid_pipeline - INFO - [556/576] 處理 tile: tile_x3072_y17664
2026-07-26 14:01:24,840 - m3_module.m3_cells_generator - INFO - All-positive 標註完成: 61 個細胞
2026-07-26 14:01:24,890 - m3_module.m3_cells_generator - INFO - enlarge_cell_instances: 61 顆細胞, factor=1.50(面積), 中位半徑=26.6px, 外擴=6.0px
2026-07-26 14:01:24,916 - m3_module.m3_elastic_matching - INFO - elastic_dish_nucleus_matching(overlap-first): IHC=61, DISH=3, matched(1核)=3 (其中重疊=3), drop-out(競爭落敗)=1, 無候選(計入)=57, factor=1.50, min_reach=20.0
2026-07-26 14:01:25,012 - m3_module.m3_dot_detection - INFO - detect_all_dots: 紅點=1, 黑點=3, 涉及細胞=61
2026-07-26 14:01:25,184 - m4_module.cell_crops - INFO - 匯出 50 張 per-cell 影像至 /data/taro_Projects/tsgh/output/r7_run/cell_crops/tile_x1536_y17664/cells
2026-07-26 14:01:25,184 - hybrid_pipeline - INFO - Tile tile_x1536_y17664 完成: 核心擁有 50 細胞 (50 陽性), 0.99 秒
2026-07-26 14:01:25,425 - hybrid_pipeline - INFO - [557/576] 處理 tile: tile_x2304_y17664
2026-07-26 14:01:25,454 - m3_module.m3_cells_generator - INFO - All-positive 標註完成: 54 個細胞
2026-07-26 14:01:25,499 - m3_module.m3_cells_generator - INFO - enlarge_cell_instances: 54 顆細胞, factor=1.50(面積), 中位半徑=25.4px, 外擴=5.7px
2026-07-26 14:01:25,523 - m3_module.m3_elastic_matching - INFO - elastic_dish_nucleus_matching(overlap-first): IHC=54, DISH=1, matched(1核)=0 (其中重疊=0), drop-out(競爭落敗)=0, 無候選(計入)=54, factor=1.50, min_reach=20.0
2026-07-26 14:01:25,615 - m3_module.m3_dot_detection - INFO - detect_all_dots: 紅點=0, 黑點=0, 涉及細胞=54
2026-07-26 14:01:25,753 - m4_module.cell_crops - INFO - 匯出 25 張 per-cell 影像至 /data/taro_Projects/tsgh/output/r7_run/cell_crops/tile_x3072_y17664/cells
2026-07-26 14:01:25,753 - hybrid_pipeline - INFO - Tile tile_x3072_y17664 完成: 核心擁有 25 細胞 (25 陽性), 0.94 秒
2026-07-26 14:01:26,041 - hybrid_pipeline - INFO - [558/576] 處理 tile: tile_x3840_y17664
2026-07-26 14:01:26,069 - m3_module.m3_cells_generator - INFO - All-positive 標註完成: 75 個細胞
2026-07-26 14:01:26,117 - m3_module.m3_cells_generator - INFO - enlarge_cell_instances: 75 顆細胞, factor=1.50(面積), 中位半徑=27.3px, 外擴=6.1px
2026-07-26 14:01:26,143 - m3_module.m3_elastic_matching - INFO - elastic_dish_nucleus_matching(overlap-first): IHC=75, DISH=6, matched(1核)=4 (其中重疊=4), drop-out(競爭落敗)=4, 無候選(計入)=67, factor=1.50, min_reach=20.0
2026-07-26 14:01:26,232 - m3_module.m3_dot_detection - INFO - detect_all_dots: 紅點=0, 黑點=1, 涉及細胞=75
2026-07-26 14:01:26,447 - m4_module.cell_crops - INFO - 匯出 42 張 per-cell 影像至 /data/taro_Projects/tsgh/output/r7_run/cell_crops/tile_x2304_y17664/cells
2026-07-26 14:01:26,447 - hybrid_pipeline - INFO - Tile tile_x2304_y17664 完成: 核心擁有 42 細胞 (42 陽性), 1.02 秒
2026-07-26 14:01:26,691 - hybrid_pipeline - INFO - [559/576] 處理 tile: tile_x4608_y17664
2026-07-26 14:01:26,715 - m3_module.m3_cells_generator - INFO - All-positive 標註完成: 52 個細胞
2026-07-26 14:01:26,764 - m3_module.m3_cells_generator - INFO - enlarge_cell_instances: 52 顆細胞, factor=1.50(面積), 中位半徑=27.3px, 外擴=6.1px
2026-07-26 14:01:26,788 - m3_module.m3_elastic_matching - INFO - elastic_dish_nucleus_matching(overlap-first): IHC=52, DISH=10, matched(1核)=6 (其中重疊=6), drop-out(競爭落敗)=1, 無候選(計入)=45, factor=1.50, min_reach=20.0
2026-07-26 14:01:26,894 - m3_module.m3_dot_detection - INFO - detect_all_dots: 紅點=5, 黑點=8, 涉及細胞=52
2026-07-26 14:01:27,066 - m4_module.cell_crops - INFO - 匯出 42 張 per-cell 影像至 /data/taro_Projects/tsgh/output/r7_run/cell_crops/tile_x3840_y17664/cells
2026-07-26 14:01:27,066 - hybrid_pipeline - INFO - Tile tile_x3840_y17664 完成: 核心擁有 42 細胞 (42 陽性), 1.03 秒
2026-07-26 14:01:27,307 - hybrid_pipeline - INFO - [560/576] 處理 tile: tile_x6912_y17664
2026-07-26 14:01:27,337 - m3_module.m3_cells_generator - INFO - All-positive 標註完成: 75 個細胞
2026-07-26 14:01:27,390 - m3_module.m3_cells_generator - INFO - enlarge_cell_instances: 75 顆細胞, factor=1.50(面積), 中位半徑=28.1px, 外擴=6.3px
2026-07-26 14:01:27,416 - m3_module.m3_elastic_matching - INFO - elastic_dish_nucleus_matching(overlap-first): IHC=75, DISH=10, matched(1核)=7 (其中重疊=7), drop-out(競爭落敗)=3, 無候選(計入)=65, factor=1.50, min_reach=20.0
2026-07-26 14:01:27,520 - m3_module.m3_dot_detection - INFO - detect_all_dots: 紅點=6, 黑點=9, 涉及細胞=75
2026-07-26 14:01:27,735 - m4_module.cell_crops - INFO - 匯出 44 張 per-cell 影像至 /data/taro_Projects/tsgh/output/r7_run/cell_crops/tile_x4608_y17664/cells
2026-07-26 14:01:27,735 - hybrid_pipeline - INFO - Tile tile_x4608_y17664 完成: 核心擁有 44 細胞 (44 陽性), 1.04 秒
2026-07-26 14:01:27,939 - hybrid_pipeline - INFO - [561/576] 處理 tile: tile_x6144_y17664
2026-07-26 14:01:27,967 - m3_module.m3_cells_generator - INFO - All-positive 標註完成: 66 個細胞
2026-07-26 14:01:28,013 - m3_module.m3_cells_generator - INFO - enlarge_cell_instances: 66 顆細胞, factor=1.50(面積), 中位半徑=25.2px, 外擴=5.7px
2026-07-26 14:01:28,039 - m3_module.m3_elastic_matching - INFO - elastic_dish_nucleus_matching(overlap-first): IHC=66, DISH=85, matched(1核)=44 (其中重疊=44), drop-out(競爭落敗)=5, 無候選(計入)=17, factor=1.50, min_reach=20.0
2026-07-26 14:01:28,284 - m3_module.m3_dot_detection - INFO - detect_all_dots: 紅點=57, 黑點=91, 涉及細胞=66
2026-07-26 14:01:28,483 - m4_module.cell_crops - INFO - 匯出 24 張 per-cell 影像至 /data/taro_Projects/tsgh/output/r7_run/cell_crops/tile_x6912_y17664/cells
2026-07-26 14:01:28,483 - hybrid_pipeline - INFO - Tile tile_x6912_y17664 完成: 核心擁有 24 細胞 (24 陽性), 1.18 秒
2026-07-26 14:01:28,628 - hybrid_pipeline - INFO - [562/576] 處理 tile: tile_x5376_y17664
2026-07-26 14:01:28,657 - m3_module.m3_cells_generator - INFO - All-positive 標註完成: 53 個細胞
2026-07-26 14:01:28,703 - m3_module.m3_cells_generator - INFO - enlarge_cell_instances: 53 顆細胞, factor=1.50(面積), 中位半徑=28.8px, 外擴=6.5px
2026-07-26 14:01:28,730 - m3_module.m3_elastic_matching - INFO - elastic_dish_nucleus_matching(overlap-first): IHC=53, DISH=75, matched(1核)=43 (其中重疊=43), drop-out(競爭落敗)=5, 無候選(計入)=5, factor=1.50, min_reach=20.0
2026-07-26 14:01:28,961 - m3_module.m3_dot_detection - INFO - detect_all_dots: 紅點=49, 黑點=76, 涉及細胞=53
2026-07-26 14:01:29,160 - m4_module.cell_crops - INFO - 匯出 25 張 per-cell 影像至 /data/taro_Projects/tsgh/output/r7_run/cell_crops/tile_x6144_y17664/cells
2026-07-26 14:01:29,160 - hybrid_pipeline - INFO - Tile tile_x6144_y17664 完成: 核心擁有 25 細胞 (25 陽性), 1.22 秒
2026-07-26 14:01:29,318 - hybrid_pipeline - INFO - [563/576] 處理 tile: tile_x7680_y17664
2026-07-26 14:01:29,346 - m3_module.m3_cells_generator - INFO - All-positive 標註完成: 77 個細胞
2026-07-26 14:01:29,399 - m3_module.m3_cells_generator - INFO - enlarge_cell_instances: 77 顆細胞, factor=1.50(面積), 中位半徑=29.8px, 外擴=6.7px
2026-07-26 14:01:29,427 - m3_module.m3_elastic_matching - INFO - elastic_dish_nucleus_matching(overlap-first): IHC=77, DISH=85, matched(1核)=38 (其中重疊=38), drop-out(競爭落敗)=3, 無候選(計入)=36, factor=1.50, min_reach=20.0
2026-07-26 14:01:29,629 - m3_module.m3_dot_detection - INFO - detect_all_dots: 紅點=42, 黑點=63, 涉及細胞=77
2026-07-26 14:01:29,900 - m4_module.cell_crops - INFO - 匯出 45 張 per-cell 影像至 /data/taro_Projects/tsgh/output/r7_run/cell_crops/tile_x5376_y17664/cells
2026-07-26 14:01:29,900 - hybrid_pipeline - INFO - Tile tile_x5376_y17664 完成: 核心擁有 45 細胞 (45 陽性), 1.27 秒
2026-07-26 14:01:30,003 - hybrid_pipeline - INFO - [564/576] 處理 tile: tile_x9984_y17664
2026-07-26 14:01:30,030 - m3_module.m3_cells_generator - INFO - All-positive 標註完成: 73 個細胞
2026-07-26 14:01:30,075 - m3_module.m3_cells_generator - INFO - enlarge_cell_instances: 73 顆細胞, factor=1.50(面積), 中位半徑=28.0px, 外擴=6.3px
2026-07-26 14:01:30,105 - m3_module.m3_elastic_matching - INFO - elastic_dish_nucleus_matching(overlap-first): IHC=73, DISH=124, matched(1核)=56 (其中重疊=56), drop-out(競爭落敗)=3, 無候選(計入)=14, factor=1.50, min_reach=20.0
2026-07-26 14:01:30,387 - m3_module.m3_dot_detection - INFO - detect_all_dots: 紅點=70, 黑點=115, 涉及細胞=73
2026-07-26 14:01:30,616 - m4_module.cell_crops - INFO - 匯出 43 張 per-cell 影像至 /data/taro_Projects/tsgh/output/r7_run/cell_crops/tile_x7680_y17664/cells
2026-07-26 14:01:30,616 - hybrid_pipeline - INFO - Tile tile_x7680_y17664 完成: 核心擁有 43 細胞 (43 陽性), 1.30 秒
2026-07-26 14:01:30,724 - hybrid_pipeline - INFO - [565/576] 處理 tile: tile_x10752_y17664
2026-07-26 14:01:30,752 - m3_module.m3_cells_generator - INFO - All-positive 標註完成: 96 個細胞
2026-07-26 14:01:30,805 - m3_module.m3_cells_generator - INFO - enlarge_cell_instances: 96 顆細胞, factor=1.50(面積), 中位半徑=28.2px, 外擴=6.3px
2026-07-26 14:01:30,832 - m3_module.m3_elastic_matching - INFO - elastic_dish_nucleus_matching(overlap-first): IHC=96, DISH=6, matched(1核)=6 (其中重疊=6), drop-out(競爭落敗)=2, 無候選(計入)=88, factor=1.50, min_reach=20.0
2026-07-26 14:01:30,935 - m3_module.m3_dot_detection - INFO - detect_all_dots: 紅點=3, 黑點=2, 涉及細胞=96
2026-07-26 14:01:31,248 - m4_module.cell_crops - INFO - 匯出 64 張 per-cell 影像至 /data/taro_Projects/tsgh/output/r7_run/cell_crops/tile_x9984_y17664/cells
2026-07-26 14:01:31,248 - hybrid_pipeline - INFO - Tile tile_x9984_y17664 完成: 核心擁有 64 細胞 (64 陽性), 1.25 秒
2026-07-26 14:01:31,412 - hybrid_pipeline - INFO - [566/576] 處理 tile: tile_x8448_y17664
2026-07-26 14:01:31,440 - m3_module.m3_cells_generator - INFO - All-positive 標註完成: 130 個細胞
2026-07-26 14:01:31,497 - m3_module.m3_cells_generator - INFO - enlarge_cell_instances: 130 顆細胞, factor=1.50(面積), 中位半徑=31.4px, 外擴=7.1px
2026-07-26 14:01:31,522 - m3_module.m3_elastic_matching - INFO - elastic_dish_nucleus_matching(overlap-first): IHC=130, DISH=7, matched(1核)=6 (其中重疊=6), drop-out(競爭落敗)=5, 無候選(計入)=119, factor=1.50, min_reach=20.0
2026-07-26 14:01:31,613 - m3_module.m3_dot_detection - INFO - detect_all_dots: 紅點=2, 黑點=5, 涉及細胞=130
2026-07-26 14:01:31,977 - m4_module.cell_crops - INFO - 匯出 85 張 per-cell 影像至 /data/taro_Projects/tsgh/output/r7_run/cell_crops/tile_x10752_y17664/cells
2026-07-26 14:01:31,977 - hybrid_pipeline - INFO - Tile tile_x10752_y17664 完成: 核心擁有 85 細胞 (85 陽性), 1.25 秒
2026-07-26 14:01:32,073 - hybrid_pipeline - INFO - [567/576] 處理 tile: tile_x11520_y17664
2026-07-26 14:01:32,101 - m3_module.m3_cells_generator - INFO - All-positive 標註完成: 113 個細胞
2026-07-26 14:01:32,152 - m3_module.m3_cells_generator - INFO - enlarge_cell_instances: 113 顆細胞, factor=1.50(面積), 中位半徑=26.6px, 外擴=6.0px
2026-07-26 14:01:32,181 - m3_module.m3_elastic_matching - INFO - elastic_dish_nucleus_matching(overlap-first): IHC=113, DISH=70, matched(1核)=27 (其中重疊=27), drop-out(競爭落敗)=3, 無候選(計入)=83, factor=1.50, min_reach=20.0
2026-07-26 14:01:32,362 - m3_module.m3_dot_detection - INFO - detect_all_dots: 紅點=26, 黑點=43, 涉及細胞=113
2026-07-26 14:01:32,705 - m4_module.cell_crops - INFO - 匯出 82 張 per-cell 影像至 /data/taro_Projects/tsgh/output/r7_run/cell_crops/tile_x8448_y17664/cells
2026-07-26 14:01:32,706 - hybrid_pipeline - INFO - Tile tile_x8448_y17664 完成: 核心擁有 82 細胞 (82 陽性), 1.29 秒
2026-07-26 14:01:32,748 - hybrid_pipeline - INFO - [568/576] 處理 tile: tile_x9216_y17664
2026-07-26 14:01:32,773 - m3_module.m3_cells_generator - INFO - All-positive 標註完成: 94 個細胞
2026-07-26 14:01:32,820 - m3_module.m3_cells_generator - INFO - enlarge_cell_instances: 94 顆細胞, factor=1.50(面積), 中位半徑=26.6px, 外擴=6.0px
2026-07-26 14:01:32,848 - m3_module.m3_elastic_matching - INFO - elastic_dish_nucleus_matching(overlap-first): IHC=94, DISH=17, matched(1核)=11 (其中重疊=10), drop-out(競爭落敗)=2, 無候選(計入)=81, factor=1.50, min_reach=20.0
2026-07-26 14:01:32,966 - m3_module.m3_dot_detection - INFO - detect_all_dots: 紅點=14, 黑點=20, 涉及細胞=94
2026-07-26 14:01:33,216 - m4_module.cell_crops - INFO - 匯出 66 張 per-cell 影像至 /data/taro_Projects/tsgh/output/r7_run/cell_crops/tile_x11520_y17664/cells
2026-07-26 14:01:33,217 - hybrid_pipeline - INFO - Tile tile_x11520_y17664 完成: 核心擁有 66 細胞 (66 陽性), 1.14 秒
2026-07-26 14:01:33,407 - hybrid_pipeline - INFO - [569/576] 處理 tile: tile_x12288_y17664
2026-07-26 14:01:33,437 - m3_module.m3_cells_generator - INFO - All-positive 標註完成: 80 個細胞
2026-07-26 14:01:33,490 - m3_module.m3_cells_generator - INFO - enlarge_cell_instances: 80 顆細胞, factor=1.50(面積), 中位半徑=29.8px, 外擴=6.7px
2026-07-26 14:01:33,515 - m3_module.m3_elastic_matching - INFO - elastic_dish_nucleus_matching(overlap-first): IHC=80, DISH=12, matched(1核)=8 (其中重疊=8), drop-out(競爭落敗)=3, 無候選(計入)=69, factor=1.50, min_reach=20.0
2026-07-26 14:01:33,616 - m3_module.m3_dot_detection - INFO - detect_all_dots: 紅點=4, 黑點=5, 涉及細胞=80
2026-07-26 14:01:33,876 - m4_module.cell_crops - INFO - 匯出 52 張 per-cell 影像至 /data/taro_Projects/tsgh/output/r7_run/cell_crops/tile_x9216_y17664/cells
2026-07-26 14:01:33,876 - hybrid_pipeline - INFO - Tile tile_x9216_y17664 完成: 核心擁有 52 細胞 (52 陽性), 1.13 秒
2026-07-26 14:01:33,999 - hybrid_pipeline - INFO - [570/576] 處理 tile: tile_x13056_y17664
2026-07-26 14:01:34,027 - m3_module.m3_cells_generator - INFO - All-positive 標註完成: 13 個細胞
2026-07-26 14:01:34,062 - m3_module.m3_cells_generator - INFO - enlarge_cell_instances: 13 顆細胞, factor=1.50(面積), 中位半徑=21.5px, 外擴=4.8px
2026-07-26 14:01:34,087 - m3_module.m3_elastic_matching - INFO - elastic_dish_nucleus_matching(overlap-first): IHC=13, DISH=2, matched(1核)=2 (其中重疊=2), drop-out(競爭落敗)=0, 無候選(計入)=11, factor=1.50, min_reach=20.0
2026-07-26 14:01:34,178 - m3_module.m3_dot_detection - INFO - detect_all_dots: 紅點=1, 黑點=2, 涉及細胞=13
2026-07-26 14:01:34,261 - m4_module.cell_crops - INFO - 匯出 9 張 per-cell 影像至 /data/taro_Projects/tsgh/output/r7_run/cell_crops/tile_x12288_y17664/cells
2026-07-26 14:01:34,261 - hybrid_pipeline - INFO - Tile tile_x12288_y17664 完成: 核心擁有 9 細胞 (9 陽性), 0.85 秒
2026-07-26 14:01:34,595 - hybrid_pipeline - INFO - [571/576] 處理 tile: tile_x14592_y17664
2026-07-26 14:01:34,624 - m3_module.m3_cells_generator - INFO - All-positive 標註完成: 27 個細胞
2026-07-26 14:01:34,663 - m3_module.m3_cells_generator - INFO - enlarge_cell_instances: 27 顆細胞, factor=1.50(面積), 中位半徑=19.3px, 外擴=4.3px
2026-07-26 14:01:34,690 - m3_module.m3_elastic_matching - INFO - elastic_dish_nucleus_matching(overlap-first): IHC=27, DISH=9, matched(1核)=4 (其中重疊=4), drop-out(競爭落敗)=0, 無候選(計入)=23, factor=1.50, min_reach=20.0
2026-07-26 14:01:34,786 - m3_module.m3_dot_detection - INFO - detect_all_dots: 紅點=1, 黑點=2, 涉及細胞=27
2026-07-26 14:01:34,889 - m4_module.cell_crops - INFO - 匯出 13 張 per-cell 影像至 /data/taro_Projects/tsgh/output/r7_run/cell_crops/tile_x13056_y17664/cells
2026-07-26 14:01:34,889 - hybrid_pipeline - INFO - Tile tile_x13056_y17664 完成: 核心擁有 13 細胞 (13 陽性), 0.89 秒
2026-07-26 14:01:35,266 - hybrid_pipeline - INFO - [572/576] 處理 tile: tile_x13824_y17664
2026-07-26 14:01:35,295 - m3_module.m3_cells_generator - INFO - All-positive 標註完成: 111 個細胞
2026-07-26 14:01:35,349 - m3_module.m3_cells_generator - INFO - enlarge_cell_instances: 111 顆細胞, factor=1.50(面積), 中位半徑=30.1px, 外擴=6.8px
2026-07-26 14:01:35,385 - m3_module.m3_elastic_matching - INFO - elastic_dish_nucleus_matching(overlap-first): IHC=111, DISH=118, matched(1核)=69 (其中重疊=69), drop-out(競爭落敗)=7, 無候選(計入)=35, factor=1.50, min_reach=20.0
2026-07-26 14:01:35,654 - m3_module.m3_dot_detection - INFO - detect_all_dots: 紅點=60, 黑點=81, 涉及細胞=111
2026-07-26 14:01:36,026 - m4_module.cell_crops - INFO - 匯出 81 張 per-cell 影像至 /data/taro_Projects/tsgh/output/r7_run/cell_crops/tile_x14592_y17664/cells
2026-07-26 14:01:36,026 - hybrid_pipeline - INFO - Tile tile_x14592_y17664 完成: 核心擁有 81 細胞 (81 陽性), 1.43 秒
2026-07-26 14:01:36,026 - hybrid_pipeline - INFO - [573/576] 處理 tile: tile_x16896_y17664
2026-07-26 14:01:36,051 - m3_module.m3_cells_generator - INFO - All-positive 標註完成: 84 個細胞
2026-07-26 14:01:36,099 - m3_module.m3_cells_generator - INFO - enlarge_cell_instances: 84 顆細胞, factor=1.50(面積), 中位半徑=26.0px, 外擴=5.8px
2026-07-26 14:01:36,126 - m3_module.m3_elastic_matching - INFO - elastic_dish_nucleus_matching(overlap-first): IHC=84, DISH=52, matched(1核)=25 (其中重疊=25), drop-out(競爭落敗)=4, 無候選(計入)=55, factor=1.50, min_reach=20.0
2026-07-26 14:01:36,264 - m3_module.m3_dot_detection - INFO - detect_all_dots: 紅點=22, 黑點=27, 涉及細胞=84
2026-07-26 14:01:36,506 - m4_module.cell_crops - INFO - 匯出 43 張 per-cell 影像至 /data/taro_Projects/tsgh/output/r7_run/cell_crops/tile_x13824_y17664/cells
2026-07-26 14:01:36,506 - hybrid_pipeline - INFO - Tile tile_x13824_y17664 完成: 核心擁有 43 細胞 (43 陽性), 1.24 秒
2026-07-26 14:01:36,659 - hybrid_pipeline - INFO - [574/576] 處理 tile: tile_x16128_y17664
2026-07-26 14:01:36,686 - m3_module.m3_cells_generator - INFO - All-positive 標註完成: 14 個細胞
2026-07-26 14:01:36,720 - m3_module.m3_cells_generator - INFO - enlarge_cell_instances: 14 顆細胞, factor=1.50(面積), 中位半徑=28.8px, 外擴=6.5px
2026-07-26 14:01:36,743 - m3_module.m3_elastic_matching - INFO - elastic_dish_nucleus_matching(overlap-first): IHC=14, DISH=11, matched(1核)=4 (其中重疊=4), drop-out(競爭落敗)=2, 無候選(計入)=8, factor=1.50, min_reach=20.0
2026-07-26 14:01:36,841 - m3_module.m3_dot_detection - INFO - detect_all_dots: 紅點=3, 黑點=7, 涉及細胞=14
2026-07-26 14:01:36,936 - m4_module.cell_crops - INFO - 匯出 2 張 per-cell 影像至 /data/taro_Projects/tsgh/output/r7_run/cell_crops/tile_x16896_y17664/cells
2026-07-26 14:01:36,936 - hybrid_pipeline - INFO - Tile tile_x16896_y17664 完成: 核心擁有 2 細胞 (2 陽性), 0.91 秒
2026-07-26 14:01:37,272 - hybrid_pipeline - INFO - [575/576] 處理 tile: tile_x17664_y17664
2026-07-26 14:01:37,300 - m3_module.m3_cells_generator - INFO - All-positive 標註完成: 59 個細胞
2026-07-26 14:01:37,352 - m3_module.m3_cells_generator - INFO - enlarge_cell_instances: 59 顆細胞, factor=1.50(面積), 中位半徑=21.9px, 外擴=4.9px
2026-07-26 14:01:37,378 - m3_module.m3_elastic_matching - INFO - elastic_dish_nucleus_matching(overlap-first): IHC=59, DISH=42, matched(1核)=25 (其中重疊=25), drop-out(競爭落敗)=9, 無候選(計入)=25, factor=1.50, min_reach=20.0
2026-07-26 14:01:37,579 - m3_module.m3_dot_detection - INFO - detect_all_dots: 紅點=30, 黑點=68, 涉及細胞=59
2026-07-26 14:01:37,759 - m4_module.cell_crops - INFO - 匯出 22 張 per-cell 影像至 /data/taro_Projects/tsgh/output/r7_run/cell_crops/tile_x16128_y17664/cells
2026-07-26 14:01:37,759 - hybrid_pipeline - INFO - Tile tile_x16128_y17664 完成: 核心擁有 22 細胞 (22 陽性), 1.10 秒
2026-07-26 14:01:37,925 - hybrid_pipeline - INFO - [576/576] 處理 tile: tile_x15360_y17664
2026-07-26 14:01:37,953 - m3_module.m3_cells_generator - INFO - All-positive 標註完成: 15 個細胞
2026-07-26 14:01:37,992 - m3_module.m3_cells_generator - INFO - enlarge_cell_instances: 15 顆細胞, factor=1.50(面積), 中位半徑=29.4px, 外擴=6.6px
2026-07-26 14:01:38,015 - m3_module.m3_elastic_matching - INFO - elastic_dish_nucleus_matching(overlap-first): IHC=15, DISH=27, matched(1核)=10 (其中重疊=10), drop-out(競爭落敗)=3, 無候選(計入)=2, factor=1.50, min_reach=20.0
2026-07-26 14:01:38,140 - m3_module.m3_dot_detection - INFO - detect_all_dots: 紅點=14, 黑點=31, 涉及細胞=15
2026-07-26 14:01:38,276 - m4_module.cell_crops - INFO - 匯出 15 張 per-cell 影像至 /data/taro_Projects/tsgh/output/r7_run/cell_crops/tile_x17664_y17664/cells
2026-07-26 14:01:38,276 - hybrid_pipeline - INFO - Tile tile_x17664_y17664 完成: 核心擁有 15 細胞 (15 陽性), 1.00 秒
2026-07-26 14:01:38,584 - m3_module.m3_cells_generator - INFO - All-positive 標註完成: 49 個細胞
2026-07-26 14:01:38,625 - m3_module.m3_cells_generator - INFO - enlarge_cell_instances: 49 顆細胞, factor=1.50(面積), 中位半徑=22.7px, 外擴=5.1px
2026-07-26 14:01:38,648 - m3_module.m3_elastic_matching - INFO - elastic_dish_nucleus_matching(overlap-first): IHC=49, DISH=24, matched(1核)=22 (其中重疊=22), drop-out(競爭落敗)=5, 無候選(計入)=22, factor=1.50, min_reach=20.0
2026-07-26 14:01:38,790 - m3_module.m3_dot_detection - INFO - detect_all_dots: 紅點=25, 黑點=38, 涉及細胞=49
2026-07-26 14:01:38,932 - m4_module.cell_crops - INFO - 匯出 13 張 per-cell 影像至 /data/taro_Projects/tsgh/output/r7_run/cell_crops/tile_x15360_y17664/cells
2026-07-26 14:01:38,932 - hybrid_pipeline - INFO - Tile tile_x15360_y17664 完成: 核心擁有 13 細胞 (13 陽性), 1.01 秒
2026-07-26 14:01:38,952 - m4_module.csv - INFO - CSV 匯出完成: report.csv (8344 列)
2026-07-26 14:01:38,952 - m4_module.csv - INFO - Summary 報告輸出: summary.txt (297 valid cells)
2026-07-26 14:01:43,449 - hybrid_pipeline - INFO - overlay_slide.tiff 縫合完成: 18688×18688 px
2026-07-26 14:01:43,481 - hybrid_pipeline - INFO - 批次完成 — run_id=154a9ef0 | 總計=576 | 成功=224 | 跳過=352
[perf_measure] skip wrap: hybrid_pipeline.segment_masked_dish not found
{
  "label": "match_w1_r1",
  "n_tiles": 576,
  "mp_workers": 1,
  "grid": {
    "cols": 24,
    "rows": 24
  },
  "wall": {
    "end_to_end_total_s": 188.82,
    "phaseA_precut_s": 0.004,
    "runbatch_BCD_s": 188.816
  },
  "disk_bytes": {
    "precut_scratch": 0,
    "analysis_output": 7119040140
  },
  "stats": {
    "success": 224,
    "skipped": 352
  },
  "timings": {
    "G_mkdir_other": {
      "n": 771,
      "t": 0.04172305511019658
    },
    "init_unet": {
      "n": 1,
      "t": 1.5009155890002148
    },
    "init_cellpose_m2": {
      "n": 1,
      "t": 0.8522048790036933
    },
    "init_cellpose_m3b": {
      "n": 1,
      "t": 0.5971442699956242
    },
    "B2r_tile_read": {
      "n": 1152,
      "t": 5.466597063001245
    },
    "B1_unet_coremask": {
      "n": 576,
      "t": 16.67167806602083
    },
    "B4_empty_cache": {
      "n": 576,
      "t": 1.7510148009750992
    },
    "B4_gc_collect": {
      "n": 576,
      "t": 0.6108494069048902
    },
    "G_mkdir_fixed_outdir": {
      "n": 3456,
      "t": 0.06950155229424126
    },
    "B2_png_encode_blank": {
      "n": 966,
      "t": 6.715465128101641,
      "bytes": 3788330
    },
    "B2_tiff_encode_blank": {
      "n": 966,
      "t": 0.6124354871135438,
      "bytes": 3286008416
    },
    "F_write_blank_tile": {
      "n": 322,
      "t": 7.626094217033824
    },
    "BM1_apply_mask": {
      "n": 254,
      "t": 3.3504606999631505
    },
    "BM1_overlay_dish": {
      "n": 254,
      "t": 2.452557893950143
    },
    "BM1_fuse": {
      "n": 254,
      "t": 2.2281789811095223
    },
    "B1_m3b_cellpose": {
      "n": 508,
      "t": 133.58978311090323
    },
    "Bs_clear_edge": {
      "n": 254,
      "t": 3.41721750695433
    },
    "B3_build_results": {
      "n": 254,
      "t": 6.976245011086576
    },
    "B3_enlarge_cells": {
      "n": 254,
      "t": 10.914848626940511
    },
    "B3_detect_dots": {
      "n": 254,
      "t": 35.512174761955976
    },
    "B3_merge_dots": {
      "n": 254,
      "t": 0.001985583934583701
    },
    "Bs_filter_absolutize": {
      "n": 254,
      "t": 0.012634049940970726
    },
    "B2_png_encode": {
      "n": 762,
      "t": 37.15521187167906,
      "bytes": 230000211
    },
    "B2_tiff_encode": {
      "n": 762,
      "t": 0.5946645859221462,
      "bytes": 2594023840
    },
    "B2_render_overlay": {
      "n": 254,
      "t": 4.6246500220149755
    },
    "B2_percell_crops": {
      "n": 254,
      "t": 2.4807801509596175
    },
    "C_export_csv": {
      "n": 1,
      "t": 0.00594047800404951
    },
    "C_export_summary": {
      "n": 1,
      "t": 0.0005858119984623045
    },
    "D_stitch_overlay": {
      "n": 1,
      "t": 4.529029506011284
    }
  },
  "config_hash": "3d1087f2",
  "peak_cuda_reserved_gb": 2.166,
  "peak_rss_gb": 4.413
}
