2026-07-26 14:01:45,521 - hybrid_pipeline - INFO - 批次處理開始 — run_id=d050088f, config_hash=3d1087f2
[perf_measure] skip wrap: hybrid_pipeline.segment_masked_dish not found
2026-07-26 14:01:48,104 - unet_inference - INFO - 成功載入權重: /data/taro_Projects/tsgh/backend/algorithms/hybrid/models/unet/b4/best_model_unet_b4.pth
2026-07-26 14:01:48,117 - unet_inference - INFO - 成功載入權重: /data/taro_Projects/tsgh/backend/algorithms/hybrid/models/unet/b4/best_model_unet_b4.pth
2026-07-26 14:01:48,125 - unet_inference - INFO - 成功載入權重: /data/taro_Projects/tsgh/backend/algorithms/hybrid/models/unet/b4/best_model_unet_b4.pth
2026-07-26 14:01:48,126 - unet_inference - INFO - 成功載入權重: /data/taro_Projects/tsgh/backend/algorithms/hybrid/models/unet/b4/best_model_unet_b4.pth
2026-07-26 14:01:48,163 - unet_inference - INFO - 模型載入完成，設備: cuda
2026-07-26 14:01:48,244 - unet_inference - INFO - 模型載入完成，設備: cuda
2026-07-26 14:01:48,262 - unet_inference - INFO - 模型載入完成，設備: cuda
2026-07-26 14:01:48,262 - unet_inference - INFO - 模型載入完成，設備: cuda
2026-07-26 14:01:48,430 - cellpose.core - INFO - ** TORCH CUDA version installed and working. **
2026-07-26 14:01:48,430 - cellpose.core - INFO - >>>> using GPU (CUDA)
2026-07-26 14:01:48,440 - dinov3 - INFO - using base=100 for rope new
2026-07-26 14:01:48,440 - dinov3 - INFO - using min_period=None for rope new
2026-07-26 14:01:48,440 - dinov3 - INFO - using max_period=None for rope new
2026-07-26 14:01:48,440 - dinov3 - INFO - using normalize_coords=separate for rope new
2026-07-26 14:01:48,440 - dinov3 - INFO - using shift_coords=None for rope new
2026-07-26 14:01:48,440 - dinov3 - INFO - using rescale_coords=2 for rope new
2026-07-26 14:01:48,440 - dinov3 - INFO - using jitter_coords=None for rope new
2026-07-26 14:01:48,440 - dinov3 - INFO - using dtype=fp32 for rope new
2026-07-26 14:01:48,440 - dinov3 - INFO - using mlp layer as FFN
2026-07-26 14:01:48,511 - cellpose.core - INFO - ** TORCH CUDA version installed and working. **
2026-07-26 14:01:48,511 - cellpose.core - INFO - >>>> using GPU (CUDA)
2026-07-26 14:01:48,520 - dinov3 - INFO - using base=100 for rope new
2026-07-26 14:01:48,520 - dinov3 - INFO - using min_period=None for rope new
2026-07-26 14:01:48,520 - dinov3 - INFO - using max_period=None for rope new
2026-07-26 14:01:48,520 - dinov3 - INFO - using normalize_coords=separate for rope new
2026-07-26 14:01:48,520 - dinov3 - INFO - using shift_coords=None for rope new
2026-07-26 14:01:48,520 - dinov3 - INFO - using rescale_coords=2 for rope new
2026-07-26 14:01:48,520 - dinov3 - INFO - using jitter_coords=None for rope new
2026-07-26 14:01:48,520 - dinov3 - INFO - using dtype=fp32 for rope new
2026-07-26 14:01:48,521 - dinov3 - INFO - using mlp layer as FFN
2026-07-26 14:01:48,525 - cellpose.core - INFO - ** TORCH CUDA version installed and working. **
2026-07-26 14:01:48,525 - cellpose.core - INFO - >>>> using GPU (CUDA)
2026-07-26 14:01:48,527 - cellpose.core - INFO - ** TORCH CUDA version installed and working. **
2026-07-26 14:01:48,527 - cellpose.core - INFO - >>>> using GPU (CUDA)
2026-07-26 14:01:48,535 - dinov3 - INFO - using base=100 for rope new
2026-07-26 14:01:48,535 - dinov3 - INFO - using min_period=None for rope new
2026-07-26 14:01:48,535 - dinov3 - INFO - using max_period=None for rope new
2026-07-26 14:01:48,535 - dinov3 - INFO - using normalize_coords=separate for rope new
2026-07-26 14:01:48,535 - dinov3 - INFO - using shift_coords=None for rope new
2026-07-26 14:01:48,535 - dinov3 - INFO - using rescale_coords=2 for rope new
2026-07-26 14:01:48,535 - dinov3 - INFO - using jitter_coords=None for rope new
2026-07-26 14:01:48,535 - dinov3 - INFO - using dtype=fp32 for rope new
2026-07-26 14:01:48,535 - dinov3 - INFO - using mlp layer as FFN
2026-07-26 14:01:48,537 - dinov3 - INFO - using base=100 for rope new
2026-07-26 14:01:48,537 - dinov3 - INFO - using min_period=None for rope new
2026-07-26 14:01:48,537 - dinov3 - INFO - using max_period=None for rope new
2026-07-26 14:01:48,537 - dinov3 - INFO - using normalize_coords=separate for rope new
2026-07-26 14:01:48,537 - dinov3 - INFO - using shift_coords=None for rope new
2026-07-26 14:01:48,537 - dinov3 - INFO - using rescale_coords=2 for rope new
2026-07-26 14:01:48,537 - dinov3 - INFO - using jitter_coords=None for rope new
2026-07-26 14:01:48,537 - dinov3 - INFO - using dtype=fp32 for rope new
2026-07-26 14:01:48,537 - dinov3 - INFO - using mlp layer as FFN
2026-07-26 14:01:48,942 - cellpose.models - INFO - >>>> loading model /data/taro_Projects/tsgh/backend/algorithms/hybrid/models/cellpose/cellpose_ihc_dish_best
2026-07-26 14:01:49,054 - m2_segmentation - INFO - Cellpose 模型載入完成: cellpose_ihc_dish_best (diameter=None)
2026-07-26 14:01:49,054 - cellpose.core - INFO - ** TORCH CUDA version installed and working. **
2026-07-26 14:01:49,054 - cellpose.core - INFO - >>>> using GPU (CUDA)
2026-07-26 14:01:49,054 - cellpose.models - INFO - >>>> loading model /data/taro_Projects/tsgh/backend/algorithms/hybrid/models/cellpose/cellpose_ihc_dish_best
2026-07-26 14:01:49,059 - cellpose.models - INFO - >>>> loading model /data/taro_Projects/tsgh/backend/algorithms/hybrid/models/cellpose/cellpose_ihc_dish_best
2026-07-26 14:01:49,062 - dinov3 - INFO - using base=100 for rope new
2026-07-26 14:01:49,062 - dinov3 - INFO - using min_period=None for rope new
2026-07-26 14:01:49,062 - dinov3 - INFO - using max_period=None for rope new
2026-07-26 14:01:49,062 - dinov3 - INFO - using normalize_coords=separate for rope new
2026-07-26 14:01:49,062 - dinov3 - INFO - using shift_coords=None for rope new
2026-07-26 14:01:49,062 - dinov3 - INFO - using rescale_coords=2 for rope new
2026-07-26 14:01:49,062 - dinov3 - INFO - using jitter_coords=None for rope new
2026-07-26 14:01:49,062 - dinov3 - INFO - using dtype=fp32 for rope new
2026-07-26 14:01:49,062 - dinov3 - INFO - using mlp layer as FFN
2026-07-26 14:01:49,068 - cellpose.models - INFO - >>>> loading model /data/taro_Projects/tsgh/backend/algorithms/hybrid/models/cellpose/cellpose_ihc_dish_best
2026-07-26 14:01:49,155 - m2_segmentation - INFO - Cellpose 模型載入完成: cellpose_ihc_dish_best (diameter=None)
2026-07-26 14:01:49,155 - cellpose.core - INFO - ** TORCH CUDA version installed and working. **
2026-07-26 14:01:49,155 - cellpose.core - INFO - >>>> using GPU (CUDA)
2026-07-26 14:01:49,161 - m2_segmentation - INFO - Cellpose 模型載入完成: cellpose_ihc_dish_best (diameter=None)
2026-07-26 14:01:49,161 - cellpose.core - INFO - ** TORCH CUDA version installed and working. **
2026-07-26 14:01:49,161 - cellpose.core - INFO - >>>> using GPU (CUDA)
2026-07-26 14:01:49,163 - dinov3 - INFO - using base=100 for rope new
2026-07-26 14:01:49,163 - dinov3 - INFO - using min_period=None for rope new
2026-07-26 14:01:49,163 - dinov3 - INFO - using max_period=None for rope new
2026-07-26 14:01:49,163 - dinov3 - INFO - using normalize_coords=separate for rope new
2026-07-26 14:01:49,163 - dinov3 - INFO - using shift_coords=None for rope new
2026-07-26 14:01:49,163 - dinov3 - INFO - using rescale_coords=2 for rope new
2026-07-26 14:01:49,163 - dinov3 - INFO - using jitter_coords=None for rope new
2026-07-26 14:01:49,163 - dinov3 - INFO - using dtype=fp32 for rope new
2026-07-26 14:01:49,163 - dinov3 - INFO - using mlp layer as FFN
2026-07-26 14:01:49,167 - m2_segmentation - INFO - Cellpose 模型載入完成: cellpose_ihc_dish_best (diameter=None)
2026-07-26 14:01:49,167 - cellpose.core - INFO - ** TORCH CUDA version installed and working. **
2026-07-26 14:01:49,167 - cellpose.core - INFO - >>>> using GPU (CUDA)
2026-07-26 14:01:49,169 - dinov3 - INFO - using base=100 for rope new
2026-07-26 14:01:49,169 - dinov3 - INFO - using min_period=None for rope new
2026-07-26 14:01:49,169 - dinov3 - INFO - using max_period=None for rope new
2026-07-26 14:01:49,169 - dinov3 - INFO - using normalize_coords=separate for rope new
2026-07-26 14:01:49,169 - dinov3 - INFO - using shift_coords=None for rope new
2026-07-26 14:01:49,169 - dinov3 - INFO - using rescale_coords=2 for rope new
2026-07-26 14:01:49,169 - dinov3 - INFO - using jitter_coords=None for rope new
2026-07-26 14:01:49,169 - dinov3 - INFO - using dtype=fp32 for rope new
2026-07-26 14:01:49,169 - dinov3 - INFO - using mlp layer as FFN
2026-07-26 14:01:49,175 - dinov3 - INFO - using base=100 for rope new
2026-07-26 14:01:49,175 - dinov3 - INFO - using min_period=None for rope new
2026-07-26 14:01:49,175 - dinov3 - INFO - using max_period=None for rope new
2026-07-26 14:01:49,175 - dinov3 - INFO - using normalize_coords=separate for rope new
2026-07-26 14:01:49,175 - dinov3 - INFO - using shift_coords=None for rope new
2026-07-26 14:01:49,175 - dinov3 - INFO - using rescale_coords=2 for rope new
2026-07-26 14:01:49,175 - dinov3 - INFO - using jitter_coords=None for rope new
2026-07-26 14:01:49,175 - dinov3 - INFO - using dtype=fp32 for rope new
2026-07-26 14:01:49,175 - dinov3 - INFO - using mlp layer as FFN
2026-07-26 14:01:49,522 - cellpose.models - INFO - >>>> loading model /data/taro_Projects/tsgh/backend/algorithms/hybrid/models/cellpose/cellpose_dish_best
2026-07-26 14:01:49,593 - m2_segmentation - INFO - Cellpose 模型載入完成: cellpose_dish_best (diameter=None)
2026-07-26 14:01:49,675 - cellpose.models - INFO - >>>> loading model /data/taro_Projects/tsgh/backend/algorithms/hybrid/models/cellpose/cellpose_dish_best
2026-07-26 14:01:49,678 - cellpose.models - INFO - >>>> loading model /data/taro_Projects/tsgh/backend/algorithms/hybrid/models/cellpose/cellpose_dish_best
2026-07-26 14:01:49,681 - cellpose.models - INFO - >>>> loading model /data/taro_Projects/tsgh/backend/algorithms/hybrid/models/cellpose/cellpose_dish_best
2026-07-26 14:01:49,764 - m2_segmentation - INFO - Cellpose 模型載入完成: cellpose_dish_best (diameter=None)
2026-07-26 14:01:49,768 - m2_segmentation - INFO - Cellpose 模型載入完成: cellpose_dish_best (diameter=None)
2026-07-26 14:01:49,776 - m2_segmentation - INFO - Cellpose 模型載入完成: cellpose_dish_best (diameter=None)
2026-07-26 14:01:49,777 - hybrid_pipeline - INFO - 4 個 worker 模型載入完成，耗時 4.25 秒（平行）
2026-07-26 14:01:51,633 - hybrid_pipeline - INFO - Tile tile_x0_y0: 核心遮罩全空 → 空白 placeholder
2026-07-26 14:01:51,659 - hybrid_pipeline - INFO - [1/576] 已回收 tile_x0_y0
2026-07-26 14:01:51,687 - hybrid_pipeline - INFO - Tile tile_x3072_y0: 核心遮罩全空 → 空白 placeholder
2026-07-26 14:01:51,729 - hybrid_pipeline - INFO - [2/576] 已回收 tile_x3072_y0
2026-07-26 14:01:51,757 - hybrid_pipeline - INFO - Tile tile_x1536_y0: 核心遮罩全空 → 空白 placeholder
2026-07-26 14:01:51,794 - hybrid_pipeline - INFO - [3/576] 已回收 tile_x1536_y0
2026-07-26 14:01:51,823 - hybrid_pipeline - INFO - Tile tile_x5376_y0: 核心遮罩全空 → 空白 placeholder
2026-07-26 14:01:51,860 - hybrid_pipeline - INFO - [4/576] 已回收 tile_x5376_y0
2026-07-26 14:01:51,888 - hybrid_pipeline - INFO - Tile tile_x2304_y0: 核心遮罩全空 → 空白 placeholder
2026-07-26 14:01:51,918 - hybrid_pipeline - INFO - [5/576] 已回收 tile_x2304_y0
2026-07-26 14:01:51,946 - hybrid_pipeline - INFO - Tile tile_x9984_y0: 核心遮罩全空 → 空白 placeholder
2026-07-26 14:01:51,962 - hybrid_pipeline - INFO - Tile tile_x4608_y0: 核心遮罩全空 → 空白 placeholder
2026-07-26 14:01:51,981 - hybrid_pipeline - INFO - [6/576] 已回收 tile_x9984_y0
2026-07-26 14:01:51,996 - hybrid_pipeline - INFO - [7/576] 已回收 tile_x4608_y0
2026-07-26 14:01:52,010 - hybrid_pipeline - INFO - Tile tile_x6144_y0: 核心遮罩全空 → 空白 placeholder
2026-07-26 14:01:52,026 - hybrid_pipeline - INFO - Tile tile_x8448_y0: 核心遮罩全空 → 空白 placeholder
2026-07-26 14:01:52,041 - hybrid_pipeline - INFO - [8/576] 已回收 tile_x6144_y0
2026-07-26 14:01:52,057 - hybrid_pipeline - INFO - Tile tile_x768_y0: 核心遮罩全空 → 空白 placeholder
2026-07-26 14:01:52,061 - hybrid_pipeline - INFO - [9/576] 已回收 tile_x8448_y0
2026-07-26 14:01:52,070 - hybrid_pipeline - INFO - Tile tile_x9216_y0: 核心遮罩全空 → 空白 placeholder
2026-07-26 14:01:52,081 - hybrid_pipeline - INFO - [10/576] 已回收 tile_x768_y0
2026-07-26 14:01:52,089 - hybrid_pipeline - INFO - Tile tile_x6912_y0: 核心遮罩全空 → 空白 placeholder
2026-07-26 14:01:52,110 - hybrid_pipeline - INFO - Tile tile_x7680_y0: 核心遮罩全空 → 空白 placeholder
2026-07-26 14:01:52,114 - hybrid_pipeline - INFO - [11/576] 已回收 tile_x9216_y0
2026-07-26 14:01:52,129 - hybrid_pipeline - INFO - [12/576] 已回收 tile_x6912_y0
2026-07-26 14:01:52,143 - hybrid_pipeline - INFO - Tile tile_x10752_y0: 核心遮罩全空 → 空白 placeholder
2026-07-26 14:01:52,147 - hybrid_pipeline - INFO - [13/576] 已回收 tile_x7680_y0
2026-07-26 14:01:52,154 - hybrid_pipeline - INFO - Tile tile_x3840_y0: 核心遮罩全空 → 空白 placeholder
2026-07-26 14:01:52,157 - hybrid_pipeline - INFO - Tile tile_x11520_y0: 核心遮罩全空 → 空白 placeholder
2026-07-26 14:01:52,175 - hybrid_pipeline - INFO - Tile tile_x14592_y0: 核心遮罩全空 → 空白 placeholder
2026-07-26 14:01:52,195 - hybrid_pipeline - INFO - [14/576] 已回收 tile_x3840_y0
2026-07-26 14:01:52,208 - hybrid_pipeline - INFO - [15/576] 已回收 tile_x10752_y0
2026-07-26 14:01:52,211 - hybrid_pipeline - INFO - [16/576] 已回收 tile_x11520_y0
2026-07-26 14:01:52,218 - hybrid_pipeline - INFO - [17/576] 已回收 tile_x14592_y0
2026-07-26 14:01:52,223 - hybrid_pipeline - INFO - Tile tile_x15360_y0: 核心遮罩全空 → 空白 placeholder
2026-07-26 14:01:52,237 - hybrid_pipeline - INFO - Tile tile_x13824_y0: 核心遮罩全空 → 空白 placeholder
2026-07-26 14:01:52,240 - hybrid_pipeline - INFO - Tile tile_x16128_y0: 核心遮罩全空 → 空白 placeholder
2026-07-26 14:01:52,246 - hybrid_pipeline - INFO - Tile tile_x12288_y0: 核心遮罩全空 → 空白 placeholder
2026-07-26 14:01:52,254 - hybrid_pipeline - INFO - [18/576] 已回收 tile_x15360_y0
2026-07-26 14:01:52,282 - hybrid_pipeline - INFO - Tile tile_x13056_y0: 核心遮罩全空 → 空白 placeholder
2026-07-26 14:01:52,297 - hybrid_pipeline - INFO - [19/576] 已回收 tile_x13824_y0
2026-07-26 14:01:52,300 - hybrid_pipeline - INFO - [20/576] 已回收 tile_x16128_y0
2026-07-26 14:01:52,310 - hybrid_pipeline - INFO - [21/576] 已回收 tile_x12288_y0
2026-07-26 14:01:52,319 - hybrid_pipeline - INFO - [22/576] 已回收 tile_x13056_y0
2026-07-26 14:01:52,327 - hybrid_pipeline - INFO - Tile tile_x17664_y0: 核心遮罩全空 → 空白 placeholder
2026-07-26 14:01:52,330 - hybrid_pipeline - INFO - Tile tile_x16896_y0: 核心遮罩全空 → 空白 placeholder
2026-07-26 14:01:52,339 - hybrid_pipeline - INFO - Tile tile_x0_y768: 核心遮罩全空 → 空白 placeholder
2026-07-26 14:01:52,347 - hybrid_pipeline - INFO - Tile tile_x768_y768: 核心遮罩全空 → 空白 placeholder
2026-07-26 14:01:52,365 - hybrid_pipeline - INFO - [23/576] 已回收 tile_x17664_y0
2026-07-26 14:01:52,387 - hybrid_pipeline - INFO - Tile tile_x1536_y768: 核心遮罩全空 → 空白 placeholder
2026-07-26 14:01:52,390 - hybrid_pipeline - INFO - [24/576] 已回收 tile_x16896_y0
2026-07-26 14:01:52,404 - hybrid_pipeline - INFO - [25/576] 已回收 tile_x0_y768
2026-07-26 14:01:52,408 - hybrid_pipeline - INFO - [26/576] 已回收 tile_x768_y768
2026-07-26 14:01:52,418 - hybrid_pipeline - INFO - Tile tile_x3840_y768: 核心遮罩全空 → 空白 placeholder
2026-07-26 14:01:52,428 - hybrid_pipeline - INFO - Tile tile_x2304_y768: 核心遮罩全空 → 空白 placeholder
2026-07-26 14:01:52,431 - hybrid_pipeline - INFO - [27/576] 已回收 tile_x1536_y768
2026-07-26 14:01:52,437 - hybrid_pipeline - INFO - Tile tile_x3072_y768: 核心遮罩全空 → 空白 placeholder
2026-07-26 14:01:52,461 - hybrid_pipeline - INFO - Tile tile_x4608_y768: 核心遮罩全空 → 空白 placeholder
2026-07-26 14:01:52,468 - hybrid_pipeline - INFO - [28/576] 已回收 tile_x3840_y768
2026-07-26 14:01:52,493 - hybrid_pipeline - INFO - [29/576] 已回收 tile_x2304_y768
2026-07-26 14:01:52,496 - hybrid_pipeline - INFO - Tile tile_x5376_y768: 核心遮罩全空 → 空白 placeholder
2026-07-26 14:01:52,498 - hybrid_pipeline - INFO - [30/576] 已回收 tile_x3072_y768
2026-07-26 14:01:52,513 - hybrid_pipeline - INFO - [31/576] 已回收 tile_x4608_y768
2026-07-26 14:01:52,523 - hybrid_pipeline - INFO - Tile tile_x6144_y768: 核心遮罩全空 → 空白 placeholder
2026-07-26 14:01:52,527 - hybrid_pipeline - INFO - Tile tile_x6912_y768: 核心遮罩全空 → 空白 placeholder
2026-07-26 14:01:52,533 - hybrid_pipeline - INFO - [32/576] 已回收 tile_x5376_y768
2026-07-26 14:01:52,541 - hybrid_pipeline - INFO - Tile tile_x8448_y768: 核心遮罩全空 → 空白 placeholder
2026-07-26 14:01:52,557 - hybrid_pipeline - INFO - Tile tile_x7680_y768: 核心遮罩全空 → 空白 placeholder
2026-07-26 14:01:52,580 - hybrid_pipeline - INFO - [33/576] 已回收 tile_x6144_y768
2026-07-26 14:01:52,589 - hybrid_pipeline - INFO - [34/576] 已回收 tile_x6912_y768
2026-07-26 14:01:52,596 - hybrid_pipeline - INFO - [35/576] 已回收 tile_x8448_y768
2026-07-26 14:01:52,605 - hybrid_pipeline - INFO - [36/576] 已回收 tile_x7680_y768
2026-07-26 14:01:52,609 - hybrid_pipeline - INFO - Tile tile_x9984_y768: 核心遮罩全空 → 空白 placeholder
2026-07-26 14:01:52,618 - hybrid_pipeline - INFO - Tile tile_x9216_y768: 核心遮罩全空 → 空白 placeholder
2026-07-26 14:01:52,628 - hybrid_pipeline - INFO - Tile tile_x10752_y768: 核心遮罩全空 → 空白 placeholder
2026-07-26 14:01:52,639 - hybrid_pipeline - INFO - Tile tile_x11520_y768: 核心遮罩全空 → 空白 placeholder
2026-07-26 14:01:52,640 - hybrid_pipeline - INFO - [37/576] 已回收 tile_x9984_y768
2026-07-26 14:01:52,667 - hybrid_pipeline - INFO - Tile tile_x13056_y768: 核心遮罩全空 → 空白 placeholder
2026-07-26 14:01:52,672 - hybrid_pipeline - INFO - [38/576] 已回收 tile_x9216_y768
2026-07-26 14:01:52,689 - hybrid_pipeline - INFO - [39/576] 已回收 tile_x10752_y768
2026-07-26 14:01:52,696 - hybrid_pipeline - INFO - [40/576] 已回收 tile_x11520_y768
2026-07-26 14:01:52,700 - hybrid_pipeline - INFO - Tile tile_x12288_y768: 核心遮罩全空 → 空白 placeholder
2026-07-26 14:01:52,717 - hybrid_pipeline - INFO - [41/576] 已回收 tile_x13056_y768
2026-07-26 14:01:52,718 - hybrid_pipeline - INFO - Tile tile_x13824_y768: 核心遮罩全空 → 空白 placeholder
2026-07-26 14:01:52,720 - hybrid_pipeline - INFO - Tile tile_x14592_y768: 核心遮罩全空 → 空白 placeholder
2026-07-26 14:01:52,745 - hybrid_pipeline - INFO - Tile tile_x15360_y768: 核心遮罩全空 → 空白 placeholder
2026-07-26 14:01:52,748 - hybrid_pipeline - INFO - [42/576] 已回收 tile_x12288_y768
2026-07-26 14:01:52,773 - hybrid_pipeline - INFO - [43/576] 已回收 tile_x13824_y768
2026-07-26 14:01:52,777 - hybrid_pipeline - INFO - Tile tile_x16128_y768: 核心遮罩全空 → 空白 placeholder
2026-07-26 14:01:52,782 - hybrid_pipeline - INFO - [44/576] 已回收 tile_x14592_y768
2026-07-26 14:01:52,796 - hybrid_pipeline - INFO - [45/576] 已回收 tile_x15360_y768
2026-07-26 14:01:52,802 - hybrid_pipeline - INFO - Tile tile_x16896_y768: 核心遮罩全空 → 空白 placeholder
2026-07-26 14:01:52,811 - hybrid_pipeline - INFO - Tile tile_x17664_y768: 核心遮罩全空 → 空白 placeholder
2026-07-26 14:01:52,822 - hybrid_pipeline - INFO - [46/576] 已回收 tile_x16128_y768
2026-07-26 14:01:52,825 - hybrid_pipeline - INFO - Tile tile_x768_y1536: 核心遮罩全空 → 空白 placeholder
2026-07-26 14:01:52,851 - hybrid_pipeline - INFO - Tile tile_x0_y1536: 核心遮罩全空 → 空白 placeholder
2026-07-26 14:01:52,856 - hybrid_pipeline - INFO - [47/576] 已回收 tile_x16896_y768
2026-07-26 14:01:52,872 - hybrid_pipeline - INFO - [48/576] 已回收 tile_x17664_y768
2026-07-26 14:01:52,877 - hybrid_pipeline - INFO - [49/576] 已回收 tile_x768_y1536
2026-07-26 14:01:52,887 - hybrid_pipeline - INFO - Tile tile_x2304_y1536: 核心遮罩全空 → 空白 placeholder
2026-07-26 14:01:52,893 - hybrid_pipeline - INFO - [50/576] 已回收 tile_x0_y1536
2026-07-26 14:01:52,900 - hybrid_pipeline - INFO - Tile tile_x1536_y1536: 核心遮罩全空 → 空白 placeholder
2026-07-26 14:01:52,907 - hybrid_pipeline - INFO - Tile tile_x4608_y1536: 核心遮罩全空 → 空白 placeholder
2026-07-26 14:01:52,922 - hybrid_pipeline - INFO - Tile tile_x3840_y1536: 核心遮罩全空 → 空白 placeholder
2026-07-26 14:01:52,933 - hybrid_pipeline - INFO - [51/576] 已回收 tile_x2304_y1536
2026-07-26 14:01:52,958 - hybrid_pipeline - INFO - [52/576] 已回收 tile_x1536_y1536
2026-07-26 14:01:52,961 - hybrid_pipeline - INFO - Tile tile_x3072_y1536: 核心遮罩全空 → 空白 placeholder
2026-07-26 14:01:52,972 - hybrid_pipeline - INFO - [53/576] 已回收 tile_x4608_y1536
2026-07-26 14:01:52,979 - hybrid_pipeline - INFO - [54/576] 已回收 tile_x3840_y1536
2026-07-26 14:01:52,982 - hybrid_pipeline - INFO - Tile tile_x5376_y1536: 核心遮罩全空 → 空白 placeholder
2026-07-26 14:01:52,997 - hybrid_pipeline - INFO - [55/576] 已回收 tile_x3072_y1536
2026-07-26 14:01:53,001 - hybrid_pipeline - INFO - Tile tile_x6144_y1536: 核心遮罩全空 → 空白 placeholder
2026-07-26 14:01:53,009 - hybrid_pipeline - INFO - Tile tile_x6912_y1536: 核心遮罩全空 → 空白 placeholder
2026-07-26 14:01:53,021 - hybrid_pipeline - INFO - Tile tile_x7680_y1536: 核心遮罩全空 → 空白 placeholder
2026-07-26 14:01:53,041 - hybrid_pipeline - INFO - [56/576] 已回收 tile_x5376_y1536
2026-07-26 14:01:53,055 - hybrid_pipeline - INFO - [57/576] 已回收 tile_x6144_y1536
2026-07-26 14:01:53,062 - hybrid_pipeline - INFO - [58/576] 已回收 tile_x6912_y1536
2026-07-26 14:01:53,069 - hybrid_pipeline - INFO - Tile tile_x8448_y1536: 核心遮罩全空 → 空白 placeholder
2026-07-26 14:01:53,078 - hybrid_pipeline - INFO - [59/576] 已回收 tile_x7680_y1536
2026-07-26 14:01:53,084 - hybrid_pipeline - INFO - Tile tile_x9984_y1536: 核心遮罩全空 → 空白 placeholder
2026-07-26 14:01:53,086 - hybrid_pipeline - INFO - Tile tile_x9216_y1536: 核心遮罩全空 → 空白 placeholder
2026-07-26 14:01:53,106 - hybrid_pipeline - INFO - Tile tile_x10752_y1536: 核心遮罩全空 → 空白 placeholder
2026-07-26 14:01:53,118 - hybrid_pipeline - INFO - [60/576] 已回收 tile_x8448_y1536
2026-07-26 14:01:53,132 - hybrid_pipeline - INFO - [61/576] 已回收 tile_x9984_y1536
2026-07-26 14:01:53,146 - hybrid_pipeline - INFO - Tile tile_x12288_y1536: 核心遮罩全空 → 空白 placeholder
2026-07-26 14:01:53,150 - hybrid_pipeline - INFO - [62/576] 已回收 tile_x9216_y1536
2026-07-26 14:01:53,158 - hybrid_pipeline - INFO - Tile tile_x13056_y1536: 核心遮罩全空 → 空白 placeholder
2026-07-26 14:01:53,159 - hybrid_pipeline - INFO - [63/576] 已回收 tile_x10752_y1536
2026-07-26 14:01:53,179 - hybrid_pipeline - INFO - Tile tile_x11520_y1536: 核心遮罩全空 → 空白 placeholder
2026-07-26 14:01:53,187 - hybrid_pipeline - INFO - Tile tile_x13824_y1536: 核心遮罩全空 → 空白 placeholder
2026-07-26 14:01:53,199 - hybrid_pipeline - INFO - [64/576] 已回收 tile_x12288_y1536
2026-07-26 14:01:53,214 - hybrid_pipeline - INFO - [65/576] 已回收 tile_x13056_y1536
2026-07-26 14:01:53,227 - hybrid_pipeline - INFO - Tile tile_x14592_y1536: 核心遮罩全空 → 空白 placeholder
2026-07-26 14:01:53,233 - hybrid_pipeline - INFO - [66/576] 已回收 tile_x11520_y1536
2026-07-26 14:01:53,242 - hybrid_pipeline - INFO - Tile tile_x15360_y1536: 核心遮罩全空 → 空白 placeholder
2026-07-26 14:01:53,243 - hybrid_pipeline - INFO - [67/576] 已回收 tile_x13824_y1536
2026-07-26 14:01:53,261 - hybrid_pipeline - INFO - Tile tile_x16128_y1536: 核心遮罩全空 → 空白 placeholder
2026-07-26 14:01:53,271 - hybrid_pipeline - INFO - Tile tile_x16896_y1536: 核心遮罩全空 → 空白 placeholder
2026-07-26 14:01:53,274 - hybrid_pipeline - INFO - [68/576] 已回收 tile_x14592_y1536
2026-07-26 14:01:53,294 - hybrid_pipeline - INFO - [69/576] 已回收 tile_x15360_y1536
2026-07-26 14:01:53,302 - hybrid_pipeline - INFO - Tile tile_x17664_y1536: 核心遮罩全空 → 空白 placeholder
2026-07-26 14:01:53,316 - hybrid_pipeline - INFO - [70/576] 已回收 tile_x16128_y1536
2026-07-26 14:01:53,323 - hybrid_pipeline - INFO - Tile tile_x0_y2304: 核心遮罩全空 → 空白 placeholder
2026-07-26 14:01:53,328 - hybrid_pipeline - INFO - [71/576] 已回收 tile_x16896_y1536
2026-07-26 14:01:53,345 - hybrid_pipeline - INFO - Tile tile_x768_y2304: 核心遮罩全空 → 空白 placeholder
2026-07-26 14:01:53,351 - hybrid_pipeline - INFO - [72/576] 已回收 tile_x17664_y1536
2026-07-26 14:01:53,356 - hybrid_pipeline - INFO - Tile tile_x2304_y2304: 核心遮罩全空 → 空白 placeholder
2026-07-26 14:01:53,370 - hybrid_pipeline - INFO - [73/576] 已回收 tile_x0_y2304
2026-07-26 14:01:53,379 - hybrid_pipeline - INFO - Tile tile_x1536_y2304: 核心遮罩全空 → 空白 placeholder
2026-07-26 14:01:53,398 - hybrid_pipeline - INFO - Tile tile_x3072_y2304: 核心遮罩全空 → 空白 placeholder
2026-07-26 14:01:53,402 - hybrid_pipeline - INFO - [74/576] 已回收 tile_x768_y2304
2026-07-26 14:01:53,414 - hybrid_pipeline - INFO - [75/576] 已回收 tile_x2304_y2304
2026-07-26 14:01:53,429 - hybrid_pipeline - INFO - [76/576] 已回收 tile_x1536_y2304
2026-07-26 14:01:53,431 - hybrid_pipeline - INFO - Tile tile_x3840_y2304: 核心遮罩全空 → 空白 placeholder
2026-07-26 14:01:53,443 - hybrid_pipeline - INFO - Tile tile_x4608_y2304: 核心遮罩全空 → 空白 placeholder
2026-07-26 14:01:53,448 - hybrid_pipeline - INFO - [77/576] 已回收 tile_x3072_y2304
2026-07-26 14:01:53,459 - hybrid_pipeline - INFO - Tile tile_x5376_y2304: 核心遮罩全空 → 空白 placeholder
2026-07-26 14:01:53,476 - hybrid_pipeline - INFO - Tile tile_x8448_y2304: 核心遮罩全空 → 空白 placeholder
2026-07-26 14:01:53,485 - hybrid_pipeline - INFO - [78/576] 已回收 tile_x3840_y2304
2026-07-26 14:01:53,497 - hybrid_pipeline - INFO - [79/576] 已回收 tile_x4608_y2304
2026-07-26 14:01:53,513 - hybrid_pipeline - INFO - [80/576] 已回收 tile_x5376_y2304
2026-07-26 14:01:53,514 - hybrid_pipeline - INFO - Tile tile_x7680_y2304: 核心遮罩全空 → 空白 placeholder
2026-07-26 14:01:53,525 - hybrid_pipeline - INFO - [81/576] 已回收 tile_x8448_y2304
2026-07-26 14:01:53,527 - hybrid_pipeline - INFO - Tile tile_x6144_y2304: 核心遮罩全空 → 空白 placeholder
2026-07-26 14:01:53,544 - hybrid_pipeline - INFO - Tile tile_x9216_y2304: 核心遮罩全空 → 空白 placeholder
2026-07-26 14:01:53,553 - hybrid_pipeline - INFO - Tile tile_x6912_y2304: 核心遮罩全空 → 空白 placeholder
2026-07-26 14:01:53,566 - hybrid_pipeline - INFO - [82/576] 已回收 tile_x7680_y2304
2026-07-26 14:01:53,579 - hybrid_pipeline - INFO - [83/576] 已回收 tile_x6144_y2304
2026-07-26 14:01:53,591 - hybrid_pipeline - INFO - [84/576] 已回收 tile_x9216_y2304
2026-07-26 14:01:53,594 - hybrid_pipeline - INFO - Tile tile_x9984_y2304: 核心遮罩全空 → 空白 placeholder
2026-07-26 14:01:53,606 - hybrid_pipeline - INFO - [85/576] 已回收 tile_x6912_y2304
2026-07-26 14:01:53,608 - hybrid_pipeline - INFO - Tile tile_x11520_y2304: 核心遮罩全空 → 空白 placeholder
2026-07-26 14:01:53,620 - hybrid_pipeline - INFO - Tile tile_x12288_y2304: 核心遮罩全空 → 空白 placeholder
2026-07-26 14:01:53,633 - hybrid_pipeline - INFO - Tile tile_x10752_y2304: 核心遮罩全空 → 空白 placeholder
2026-07-26 14:01:53,653 - hybrid_pipeline - INFO - [86/576] 已回收 tile_x9984_y2304
2026-07-26 14:01:53,664 - hybrid_pipeline - INFO - [87/576] 已回收 tile_x11520_y2304
2026-07-26 14:01:53,674 - hybrid_pipeline - INFO - [88/576] 已回收 tile_x12288_y2304
2026-07-26 14:01:53,678 - hybrid_pipeline - INFO - Tile tile_x13056_y2304: 核心遮罩全空 → 空白 placeholder
2026-07-26 14:01:53,683 - hybrid_pipeline - INFO - [89/576] 已回收 tile_x10752_y2304
2026-07-26 14:01:53,693 - hybrid_pipeline - INFO - Tile tile_x14592_y2304: 核心遮罩全空 → 空白 placeholder
2026-07-26 14:01:53,699 - hybrid_pipeline - INFO - Tile tile_x15360_y2304: 核心遮罩全空 → 空白 placeholder
2026-07-26 14:01:53,712 - hybrid_pipeline - INFO - Tile tile_x13824_y2304: 核心遮罩全空 → 空白 placeholder
2026-07-26 14:01:53,729 - hybrid_pipeline - INFO - [90/576] 已回收 tile_x13056_y2304
2026-07-26 14:01:53,748 - hybrid_pipeline - INFO - [91/576] 已回收 tile_x14592_y2304
2026-07-26 14:01:53,758 - hybrid_pipeline - INFO - Tile tile_x16128_y2304: 核心遮罩全空 → 空白 placeholder
2026-07-26 14:01:53,763 - hybrid_pipeline - INFO - [92/576] 已回收 tile_x15360_y2304
2026-07-26 14:01:53,766 - hybrid_pipeline - INFO - [93/576] 已回收 tile_x13824_y2304
2026-07-26 14:01:53,777 - hybrid_pipeline - INFO - Tile tile_x16896_y2304: 核心遮罩全空 → 空白 placeholder
2026-07-26 14:01:53,788 - hybrid_pipeline - INFO - [94/576] 已回收 tile_x16128_y2304
2026-07-26 14:01:53,793 - hybrid_pipeline - INFO - Tile tile_x0_y3072: 核心遮罩全空 → 空白 placeholder
2026-07-26 14:01:53,798 - hybrid_pipeline - INFO - Tile tile_x2304_y3072: 核心遮罩全空 → 空白 placeholder
2026-07-26 14:01:53,817 - hybrid_pipeline - INFO - Tile tile_x768_y3072: 核心遮罩全空 → 空白 placeholder
2026-07-26 14:01:53,828 - hybrid_pipeline - INFO - [95/576] 已回收 tile_x16896_y2304
2026-07-26 14:01:53,851 - hybrid_pipeline - INFO - [96/576] 已回收 tile_x0_y3072
2026-07-26 14:01:53,858 - hybrid_pipeline - INFO - Tile tile_x17664_y2304: 核心遮罩全空 → 空白 placeholder
2026-07-26 14:01:53,858 - hybrid_pipeline - INFO - [97/576] 已回收 tile_x2304_y3072
2026-07-26 14:01:53,871 - hybrid_pipeline - INFO - [98/576] 已回收 tile_x768_y3072
2026-07-26 14:01:53,879 - hybrid_pipeline - INFO - Tile tile_x3072_y3072: 核心遮罩全空 → 空白 placeholder
2026-07-26 14:01:53,886 - hybrid_pipeline - INFO - Tile tile_x1536_y3072: 核心遮罩全空 → 空白 placeholder
2026-07-26 14:01:53,898 - hybrid_pipeline - INFO - [99/576] 已回收 tile_x17664_y2304
2026-07-26 14:01:53,898 - hybrid_pipeline - INFO - Tile tile_x3840_y3072: 核心遮罩全空 → 空白 placeholder
2026-07-26 14:01:53,927 - hybrid_pipeline - INFO - Tile tile_x4608_y3072: 核心遮罩全空 → 空白 placeholder
2026-07-26 14:01:53,939 - hybrid_pipeline - INFO - [100/576] 已回收 tile_x3072_y3072
2026-07-26 14:01:53,946 - hybrid_pipeline - INFO - [101/576] 已回收 tile_x1536_y3072
2026-07-26 14:01:53,953 - hybrid_pipeline - INFO - [102/576] 已回收 tile_x3840_y3072
2026-07-26 14:01:53,962 - hybrid_pipeline - INFO - [103/576] 已回收 tile_x4608_y3072
2026-07-26 14:01:53,968 - hybrid_pipeline - INFO - Tile tile_x6912_y3072: 核心遮罩全空 → 空白 placeholder
2026-07-26 14:01:53,975 - hybrid_pipeline - INFO - Tile tile_x5376_y3072: 核心遮罩全空 → 空白 placeholder
2026-07-26 14:01:53,983 - hybrid_pipeline - INFO - Tile tile_x6144_y3072: 核心遮罩全空 → 空白 placeholder
2026-07-26 14:01:53,991 - hybrid_pipeline - INFO - Tile tile_x9216_y3072: 核心遮罩全空 → 空白 placeholder
2026-07-26 14:01:54,008 - hybrid_pipeline - INFO - [104/576] 已回收 tile_x6912_y3072
2026-07-26 14:01:54,036 - hybrid_pipeline - INFO - Tile tile_x7680_y3072: 核心遮罩全空 → 空白 placeholder
2026-07-26 14:01:54,037 - hybrid_pipeline - INFO - [105/576] 已回收 tile_x5376_y3072
2026-07-26 14:01:54,041 - hybrid_pipeline - INFO - [106/576] 已回收 tile_x6144_y3072
2026-07-26 14:01:54,054 - hybrid_pipeline - INFO - [107/576] 已回收 tile_x9216_y3072
2026-07-26 14:01:54,065 - hybrid_pipeline - INFO - Tile tile_x8448_y3072: 核心遮罩全空 → 空白 placeholder
2026-07-26 14:01:54,073 - hybrid_pipeline - INFO - Tile tile_x10752_y3072: 核心遮罩全空 → 空白 placeholder
2026-07-26 14:01:54,073 - hybrid_pipeline - INFO - [108/576] 已回收 tile_x7680_y3072
2026-07-26 14:01:54,080 - hybrid_pipeline - INFO - Tile tile_x9984_y3072: 核心遮罩全空 → 空白 placeholder
2026-07-26 14:01:54,104 - hybrid_pipeline - INFO - Tile tile_x11520_y3072: 核心遮罩全空 → 空白 placeholder
2026-07-26 14:01:54,124 - hybrid_pipeline - INFO - [109/576] 已回收 tile_x10752_y3072
2026-07-26 14:01:54,128 - hybrid_pipeline - INFO - [110/576] 已回收 tile_x8448_y3072
2026-07-26 14:01:54,141 - hybrid_pipeline - INFO - [111/576] 已回收 tile_x9984_y3072
2026-07-26 14:01:54,145 - hybrid_pipeline - INFO - [112/576] 已回收 tile_x11520_y3072
2026-07-26 14:01:54,155 - hybrid_pipeline - INFO - Tile tile_x12288_y3072: 核心遮罩全空 → 空白 placeholder
2026-07-26 14:01:54,156 - hybrid_pipeline - INFO - Tile tile_x13056_y3072: 核心遮罩全空 → 空白 placeholder
2026-07-26 14:01:54,169 - hybrid_pipeline - INFO - Tile tile_x13824_y3072: 核心遮罩全空 → 空白 placeholder
2026-07-26 14:01:54,175 - hybrid_pipeline - INFO - Tile tile_x14592_y3072: 核心遮罩全空 → 空白 placeholder
2026-07-26 14:01:54,181 - hybrid_pipeline - INFO - [113/576] 已回收 tile_x12288_y3072
2026-07-26 14:01:54,209 - hybrid_pipeline - INFO - Tile tile_x15360_y3072: 核心遮罩全空 → 空白 placeholder
2026-07-26 14:01:54,213 - hybrid_pipeline - INFO - [114/576] 已回收 tile_x13056_y3072
2026-07-26 14:01:54,238 - hybrid_pipeline - INFO - [115/576] 已回收 tile_x14592_y3072
2026-07-26 14:01:54,241 - hybrid_pipeline - INFO - Tile tile_x16896_y3072: 核心遮罩全空 → 空白 placeholder
2026-07-26 14:01:54,241 - hybrid_pipeline - INFO - [116/576] 已回收 tile_x13824_y3072
2026-07-26 14:01:54,259 - hybrid_pipeline - INFO - [117/576] 已回收 tile_x15360_y3072
2026-07-26 14:01:54,267 - hybrid_pipeline - INFO - Tile tile_x0_y3840: 核心遮罩全空 → 空白 placeholder
2026-07-26 14:01:54,270 - hybrid_pipeline - INFO - Tile tile_x17664_y3072: 核心遮罩全空 → 空白 placeholder
2026-07-26 14:01:54,285 - hybrid_pipeline - INFO - [118/576] 已回收 tile_x16896_y3072
2026-07-26 14:01:54,287 - hybrid_pipeline - INFO - Tile tile_x16128_y3072: 核心遮罩全空 → 空白 placeholder
2026-07-26 14:01:54,312 - hybrid_pipeline - INFO - Tile tile_x1536_y3840: 核心遮罩全空 → 空白 placeholder
2026-07-26 14:01:54,330 - hybrid_pipeline - INFO - [119/576] 已回收 tile_x0_y3840
2026-07-26 14:01:54,334 - hybrid_pipeline - INFO - [120/576] 已回收 tile_x17664_y3072
2026-07-26 14:01:54,342 - hybrid_pipeline - INFO - [121/576] 已回收 tile_x16128_y3072
2026-07-26 14:01:54,350 - hybrid_pipeline - INFO - [122/576] 已回收 tile_x1536_y3840
2026-07-26 14:01:54,359 - hybrid_pipeline - INFO - Tile tile_x768_y3840: 核心遮罩全空 → 空白 placeholder
2026-07-26 14:01:54,365 - hybrid_pipeline - INFO - Tile tile_x2304_y3840: 核心遮罩全空 → 空白 placeholder
2026-07-26 14:01:54,369 - hybrid_pipeline - INFO - Tile tile_x3072_y3840: 核心遮罩全空 → 空白 placeholder
2026-07-26 14:01:54,378 - hybrid_pipeline - INFO - Tile tile_x3840_y3840: 核心遮罩全空 → 空白 placeholder
2026-07-26 14:01:54,404 - hybrid_pipeline - INFO - [123/576] 已回收 tile_x768_y3840
2026-07-26 14:01:54,421 - hybrid_pipeline - INFO - [124/576] 已回收 tile_x2304_y3840
2026-07-26 14:01:54,432 - hybrid_pipeline - INFO - Tile tile_x4608_y3840: 核心遮罩全空 → 空白 placeholder
2026-07-26 14:01:54,433 - hybrid_pipeline - INFO - [125/576] 已回收 tile_x3072_y3840
2026-07-26 14:01:54,440 - hybrid_pipeline - INFO - [126/576] 已回收 tile_x3840_y3840
2026-07-26 14:01:54,452 - hybrid_pipeline - INFO - Tile tile_x5376_y3840: 核心遮罩全空 → 空白 placeholder
2026-07-26 14:01:54,462 - hybrid_pipeline - INFO - Tile tile_x6912_y3840: 核心遮罩全空 → 空白 placeholder
2026-07-26 14:01:54,468 - hybrid_pipeline - INFO - Tile tile_x6144_y3840: 核心遮罩全空 → 空白 placeholder
2026-07-26 14:01:54,473 - hybrid_pipeline - INFO - [127/576] 已回收 tile_x4608_y3840
2026-07-26 14:01:54,504 - hybrid_pipeline - INFO - Tile tile_x7680_y3840: 核心遮罩全空 → 空白 placeholder
2026-07-26 14:01:54,504 - hybrid_pipeline - INFO - [128/576] 已回收 tile_x5376_y3840
2026-07-26 14:01:54,519 - hybrid_pipeline - INFO - [129/576] 已回收 tile_x6912_y3840
2026-07-26 14:01:54,526 - hybrid_pipeline - INFO - [130/576] 已回收 tile_x6144_y3840
2026-07-26 14:01:54,536 - hybrid_pipeline - INFO - Tile tile_x8448_y3840: 核心遮罩全空 → 空白 placeholder
2026-07-26 14:01:54,543 - hybrid_pipeline - INFO - [131/576] 已回收 tile_x7680_y3840
2026-07-26 14:01:54,548 - hybrid_pipeline - INFO - Tile tile_x9216_y3840: 核心遮罩全空 → 空白 placeholder
2026-07-26 14:01:54,551 - hybrid_pipeline - INFO - Tile tile_x10752_y3840: 核心遮罩全空 → 空白 placeholder
2026-07-26 14:01:54,570 - hybrid_pipeline - INFO - Tile tile_x12288_y3840: 核心遮罩全空 → 空白 placeholder
2026-07-26 14:01:54,582 - hybrid_pipeline - INFO - [132/576] 已回收 tile_x8448_y3840
2026-07-26 14:01:54,602 - hybrid_pipeline - INFO - [133/576] 已回收 tile_x9216_y3840
2026-07-26 14:01:54,610 - hybrid_pipeline - INFO - Tile tile_x11520_y3840: 核心遮罩全空 → 空白 placeholder
2026-07-26 14:01:54,618 - hybrid_pipeline - INFO - [134/576] 已回收 tile_x10752_y3840
2026-07-26 14:01:54,625 - hybrid_pipeline - INFO - [135/576] 已回收 tile_x12288_y3840
2026-07-26 14:01:54,631 - hybrid_pipeline - INFO - Tile tile_x9984_y3840: 核心遮罩全空 → 空白 placeholder
2026-07-26 14:01:54,648 - hybrid_pipeline - INFO - Tile tile_x13056_y3840: 核心遮罩全空 → 空白 placeholder
2026-07-26 14:01:54,650 - hybrid_pipeline - INFO - Tile tile_x13824_y3840: 核心遮罩全空 → 空白 placeholder
2026-07-26 14:01:54,654 - hybrid_pipeline - INFO - [136/576] 已回收 tile_x11520_y3840
2026-07-26 14:01:54,682 - hybrid_pipeline - INFO - Tile tile_x14592_y3840: 核心遮罩全空 → 空白 placeholder
2026-07-26 14:01:54,684 - hybrid_pipeline - INFO - [137/576] 已回收 tile_x9984_y3840
2026-07-26 14:01:54,701 - hybrid_pipeline - INFO - [138/576] 已回收 tile_x13056_y3840
2026-07-26 14:01:54,710 - hybrid_pipeline - INFO - [139/576] 已回收 tile_x13824_y3840
2026-07-26 14:01:54,714 - hybrid_pipeline - INFO - Tile tile_x15360_y3840: 核心遮罩全空 → 空白 placeholder
2026-07-26 14:01:54,730 - hybrid_pipeline - INFO - Tile tile_x16128_y3840: 核心遮罩全空 → 空白 placeholder
2026-07-26 14:01:54,733 - hybrid_pipeline - INFO - [140/576] 已回收 tile_x14592_y3840
2026-07-26 14:01:54,740 - hybrid_pipeline - INFO - Tile tile_x16896_y3840: 核心遮罩全空 → 空白 placeholder
2026-07-26 14:01:54,761 - hybrid_pipeline - INFO - Tile tile_x17664_y3840: 核心遮罩全空 → 空白 placeholder
2026-07-26 14:01:54,762 - hybrid_pipeline - INFO - [141/576] 已回收 tile_x15360_y3840
2026-07-26 14:01:54,780 - hybrid_pipeline - INFO - [142/576] 已回收 tile_x16128_y3840
2026-07-26 14:01:54,791 - hybrid_pipeline - INFO - Tile tile_x0_y4608: 核心遮罩全空 → 空白 placeholder
2026-07-26 14:01:54,796 - hybrid_pipeline - INFO - [143/576] 已回收 tile_x16896_y3840
2026-07-26 14:01:54,811 - hybrid_pipeline - INFO - Tile tile_x768_y4608: 核心遮罩全空 → 空白 placeholder
2026-07-26 14:01:54,815 - hybrid_pipeline - INFO - [144/576] 已回收 tile_x17664_y3840
2026-07-26 14:01:54,826 - hybrid_pipeline - INFO - Tile tile_x1536_y4608: 核心遮罩全空 → 空白 placeholder
2026-07-26 14:01:54,841 - hybrid_pipeline - INFO - [145/576] 已回收 tile_x0_y4608
2026-07-26 14:01:54,844 - hybrid_pipeline - INFO - Tile tile_x3072_y4608: 核心遮罩全空 → 空白 placeholder
2026-07-26 14:01:54,864 - hybrid_pipeline - INFO - [146/576] 已回收 tile_x768_y4608
2026-07-26 14:01:54,870 - hybrid_pipeline - INFO - Tile tile_x2304_y4608: 核心遮罩全空 → 空白 placeholder
2026-07-26 14:01:54,882 - hybrid_pipeline - INFO - [147/576] 已回收 tile_x1536_y4608
2026-07-26 14:01:54,894 - hybrid_pipeline - INFO - [148/576] 已回收 tile_x3072_y4608
2026-07-26 14:01:54,894 - hybrid_pipeline - INFO - Tile tile_x3840_y4608: 核心遮罩全空 → 空白 placeholder
2026-07-26 14:01:54,910 - hybrid_pipeline - INFO - Tile tile_x4608_y4608: 核心遮罩全空 → 空白 placeholder
2026-07-26 14:01:54,916 - hybrid_pipeline - INFO - [149/576] 已回收 tile_x2304_y4608
2026-07-26 14:01:54,919 - hybrid_pipeline - INFO - Tile tile_x5376_y4608: 核心遮罩全空 → 空白 placeholder
2026-07-26 14:01:54,942 - hybrid_pipeline - INFO - Tile tile_x6144_y4608: 核心遮罩全空 → 空白 placeholder
2026-07-26 14:01:54,948 - hybrid_pipeline - INFO - [150/576] 已回收 tile_x3840_y4608
2026-07-26 14:01:54,961 - hybrid_pipeline - INFO - [151/576] 已回收 tile_x4608_y4608
2026-07-26 14:01:54,976 - hybrid_pipeline - INFO - Tile tile_x6912_y4608: 核心遮罩全空 → 空白 placeholder
2026-07-26 14:01:54,977 - hybrid_pipeline - INFO - [152/576] 已回收 tile_x5376_y4608
2026-07-26 14:01:54,990 - hybrid_pipeline - INFO - Tile tile_x7680_y4608: 核心遮罩全空 → 空白 placeholder
2026-07-26 14:01:54,992 - hybrid_pipeline - INFO - [153/576] 已回收 tile_x6144_y4608
2026-07-26 14:01:55,005 - hybrid_pipeline - INFO - Tile tile_x8448_y4608: 核心遮罩全空 → 空白 placeholder
2026-07-26 14:01:55,020 - hybrid_pipeline - INFO - Tile tile_x9216_y4608: 核心遮罩全空 → 空白 placeholder
2026-07-26 14:01:55,030 - hybrid_pipeline - INFO - [154/576] 已回收 tile_x6912_y4608
2026-07-26 14:01:55,049 - hybrid_pipeline - INFO - [155/576] 已回收 tile_x7680_y4608
2026-07-26 14:01:55,060 - hybrid_pipeline - INFO - Tile tile_x9984_y4608: 核心遮罩全空 → 空白 placeholder
2026-07-26 14:01:55,062 - hybrid_pipeline - INFO - [156/576] 已回收 tile_x8448_y4608
2026-07-26 14:01:55,072 - hybrid_pipeline - INFO - [157/576] 已回收 tile_x9216_y4608
2026-07-26 14:01:55,077 - hybrid_pipeline - INFO - Tile tile_x10752_y4608: 核心遮罩全空 → 空白 placeholder
2026-07-26 14:01:55,091 - hybrid_pipeline - INFO - Tile tile_x12288_y4608: 核心遮罩全空 → 空白 placeholder
2026-07-26 14:01:55,099 - hybrid_pipeline - INFO - Tile tile_x11520_y4608: 核心遮罩全空 → 空白 placeholder
2026-07-26 14:01:55,101 - hybrid_pipeline - INFO - [158/576] 已回收 tile_x9984_y4608
2026-07-26 14:01:55,127 - hybrid_pipeline - INFO - Tile tile_x13056_y4608: 核心遮罩全空 → 空白 placeholder
2026-07-26 14:01:55,137 - hybrid_pipeline - INFO - [159/576] 已回收 tile_x10752_y4608
2026-07-26 14:01:55,154 - hybrid_pipeline - INFO - [160/576] 已回收 tile_x12288_y4608
2026-07-26 14:01:55,158 - hybrid_pipeline - INFO - [161/576] 已回收 tile_x11520_y4608
2026-07-26 14:01:55,167 - hybrid_pipeline - INFO - Tile tile_x13824_y4608: 核心遮罩全空 → 空白 placeholder
2026-07-26 14:01:55,172 - hybrid_pipeline - INFO - [162/576] 已回收 tile_x13056_y4608
2026-07-26 14:01:55,184 - hybrid_pipeline - INFO - Tile tile_x14592_y4608: 核心遮罩全空 → 空白 placeholder
2026-07-26 14:01:55,188 - hybrid_pipeline - INFO - Tile tile_x15360_y4608: 核心遮罩全空 → 空白 placeholder
2026-07-26 14:01:55,201 - hybrid_pipeline - INFO - Tile tile_x16128_y4608: 核心遮罩全空 → 空白 placeholder
2026-07-26 14:01:55,205 - hybrid_pipeline - INFO - [163/576] 已回收 tile_x13824_y4608
2026-07-26 14:01:55,234 - hybrid_pipeline - INFO - Tile tile_x16896_y4608: 核心遮罩全空 → 空白 placeholder
2026-07-26 14:01:55,237 - hybrid_pipeline - INFO - [164/576] 已回收 tile_x14592_y4608
2026-07-26 14:01:55,251 - hybrid_pipeline - INFO - [165/576] 已回收 tile_x15360_y4608
2026-07-26 14:01:55,258 - hybrid_pipeline - INFO - [166/576] 已回收 tile_x16128_y4608
2026-07-26 14:01:55,266 - hybrid_pipeline - INFO - Tile tile_x0_y5376: 核心遮罩全空 → 空白 placeholder
2026-07-26 14:01:55,275 - hybrid_pipeline - INFO - [167/576] 已回收 tile_x16896_y4608
2026-07-26 14:01:55,279 - hybrid_pipeline - INFO - Tile tile_x1536_y5376: 核心遮罩全空 → 空白 placeholder
2026-07-26 14:01:55,287 - hybrid_pipeline - INFO - Tile tile_x17664_y4608: 核心遮罩全空 → 空白 placeholder
2026-07-26 14:01:55,304 - hybrid_pipeline - INFO - Tile tile_x768_y5376: 核心遮罩全空 → 空白 placeholder
2026-07-26 14:01:55,320 - hybrid_pipeline - INFO - [168/576] 已回收 tile_x0_y5376
2026-07-26 14:01:55,334 - hybrid_pipeline - INFO - [169/576] 已回收 tile_x1536_y5376
2026-07-26 14:01:55,347 - hybrid_pipeline - INFO - [170/576] 已回收 tile_x17664_y4608
2026-07-26 14:01:55,350 - hybrid_pipeline - INFO - [171/576] 已回收 tile_x768_y5376
2026-07-26 14:01:55,351 - hybrid_pipeline - INFO - Tile tile_x2304_y5376: 核心遮罩全空 → 空白 placeholder
2026-07-26 14:01:55,364 - hybrid_pipeline - INFO - Tile tile_x3072_y5376: 核心遮罩全空 → 空白 placeholder
2026-07-26 14:01:55,376 - hybrid_pipeline - INFO - Tile tile_x3840_y5376: 核心遮罩全空 → 空白 placeholder
2026-07-26 14:01:55,379 - hybrid_pipeline - INFO - Tile tile_x4608_y5376: 核心遮罩全空 → 空白 placeholder
2026-07-26 14:01:55,388 - hybrid_pipeline - INFO - [172/576] 已回收 tile_x2304_y5376
2026-07-26 14:01:55,417 - hybrid_pipeline - INFO - Tile tile_x5376_y5376: 核心遮罩全空 → 空白 placeholder
2026-07-26 14:01:55,419 - hybrid_pipeline - INFO - [173/576] 已回收 tile_x3072_y5376
2026-07-26 14:01:55,430 - hybrid_pipeline - INFO - [174/576] 已回收 tile_x3840_y5376
2026-07-26 14:01:55,437 - hybrid_pipeline - INFO - [175/576] 已回收 tile_x4608_y5376
2026-07-26 14:01:55,448 - hybrid_pipeline - INFO - Tile tile_x6144_y5376: 核心遮罩全空 → 空白 placeholder
2026-07-26 14:01:55,460 - hybrid_pipeline - INFO - Tile tile_x7680_y5376: 核心遮罩全空 → 空白 placeholder
2026-07-26 14:01:55,462 - hybrid_pipeline - INFO - [176/576] 已回收 tile_x5376_y5376
2026-07-26 14:01:55,465 - hybrid_pipeline - INFO - Tile tile_x6912_y5376: 核心遮罩全空 → 空白 placeholder
2026-07-26 14:01:55,489 - hybrid_pipeline - INFO - Tile tile_x8448_y5376: 核心遮罩全空 → 空白 placeholder
2026-07-26 14:01:55,515 - hybrid_pipeline - INFO - [177/576] 已回收 tile_x7680_y5376
2026-07-26 14:01:55,520 - hybrid_pipeline - INFO - [178/576] 已回收 tile_x6912_y5376
2026-07-26 14:01:55,529 - hybrid_pipeline - INFO - [179/576] 已回收 tile_x8448_y5376
2026-07-26 14:01:55,546 - hybrid_pipeline - INFO - Tile tile_x9984_y5376: 核心遮罩全空 → 空白 placeholder
2026-07-26 14:01:55,549 - hybrid_pipeline - INFO - Tile tile_x10752_y5376: 核心遮罩全空 → 空白 placeholder
2026-07-26 14:01:55,560 - hybrid_pipeline - INFO - Tile tile_x11520_y5376: 核心遮罩全空 → 空白 placeholder
2026-07-26 14:01:55,582 - hybrid_pipeline - INFO - [180/576] 已回收 tile_x9984_y5376
2026-07-26 14:01:55,594 - hybrid_pipeline - INFO - [181/576] 已回收 tile_x10752_y5376
2026-07-26 14:01:55,598 - hybrid_pipeline - INFO - [182/576] 已回收 tile_x11520_y5376
2026-07-26 14:01:55,611 - hybrid_pipeline - INFO - Tile tile_x12288_y5376: 核心遮罩全空 → 空白 placeholder
2026-07-26 14:01:55,624 - hybrid_pipeline - INFO - Tile tile_x13824_y5376: 核心遮罩全空 → 空白 placeholder
2026-07-26 14:01:55,628 - hybrid_pipeline - INFO - Tile tile_x13056_y5376: 核心遮罩全空 → 空白 placeholder
2026-07-26 14:01:55,645 - hybrid_pipeline - INFO - [183/576] 已回收 tile_x12288_y5376
2026-07-26 14:01:55,667 - hybrid_pipeline - INFO - [184/576] 已回收 tile_x13824_y5376
2026-07-26 14:01:55,674 - hybrid_pipeline - INFO - Tile tile_x14592_y5376: 核心遮罩全空 → 空白 placeholder
2026-07-26 14:01:55,681 - hybrid_pipeline - INFO - [185/576] 已回收 tile_x13056_y5376
2026-07-26 14:01:55,694 - hybrid_pipeline - INFO - Tile tile_x15360_y5376: 核心遮罩全空 → 空白 placeholder
2026-07-26 14:01:55,709 - hybrid_pipeline - INFO - Tile tile_x16128_y5376: 核心遮罩全空 → 空白 placeholder
2026-07-26 14:01:55,717 - hybrid_pipeline - INFO - [186/576] 已回收 tile_x14592_y5376
2026-07-26 14:01:55,744 - hybrid_pipeline - INFO - [187/576] 已回收 tile_x15360_y5376
2026-07-26 14:01:55,748 - hybrid_pipeline - INFO - Tile tile_x16896_y5376: 核心遮罩全空 → 空白 placeholder
2026-07-26 14:01:55,756 - hybrid_pipeline - INFO - [188/576] 已回收 tile_x16128_y5376
2026-07-26 14:01:55,773 - hybrid_pipeline - INFO - Tile tile_x17664_y5376: 核心遮罩全空 → 空白 placeholder
2026-07-26 14:01:55,784 - hybrid_pipeline - INFO - Tile tile_x768_y6144: 核心遮罩全空 → 空白 placeholder
2026-07-26 14:01:55,787 - hybrid_pipeline - INFO - [189/576] 已回收 tile_x16896_y5376
2026-07-26 14:01:55,815 - hybrid_pipeline - INFO - Tile tile_x0_y6144: 核心遮罩全空 → 空白 placeholder
2026-07-26 14:01:55,820 - hybrid_pipeline - INFO - [190/576] 已回收 tile_x17664_y5376
2026-07-26 14:01:55,833 - hybrid_pipeline - INFO - [191/576] 已回收 tile_x768_y6144
2026-07-26 14:01:55,842 - hybrid_pipeline - INFO - [192/576] 已回收 tile_x0_y6144
2026-07-26 14:01:55,850 - hybrid_pipeline - INFO - Tile tile_x1536_y6144: 核心遮罩全空 → 空白 placeholder
2026-07-26 14:01:55,858 - hybrid_pipeline - INFO - Tile tile_x2304_y6144: 核心遮罩全空 → 空白 placeholder
2026-07-26 14:01:55,866 - hybrid_pipeline - INFO - [193/576] 已回收 tile_x1536_y6144
2026-07-26 14:01:55,867 - hybrid_pipeline - INFO - Tile tile_x3072_y6144: 核心遮罩全空 → 空白 placeholder
2026-07-26 14:01:55,895 - hybrid_pipeline - INFO - Tile tile_x3840_y6144: 核心遮罩全空 → 空白 placeholder
2026-07-26 14:01:55,901 - hybrid_pipeline - INFO - [194/576] 已回收 tile_x2304_y6144
2026-07-26 14:01:55,913 - hybrid_pipeline - INFO - [195/576] 已回收 tile_x3072_y6144
2026-07-26 14:01:55,922 - hybrid_pipeline - INFO - [196/576] 已回收 tile_x3840_y6144
2026-07-26 14:01:55,932 - hybrid_pipeline - INFO - Tile tile_x4608_y6144: 核心遮罩全空 → 空白 placeholder
2026-07-26 14:01:55,942 - hybrid_pipeline - INFO - Tile tile_x5376_y6144: 核心遮罩全空 → 空白 placeholder
2026-07-26 14:01:55,951 - hybrid_pipeline - INFO - Tile tile_x6144_y6144: 核心遮罩全空 → 空白 placeholder
2026-07-26 14:01:55,973 - hybrid_pipeline - INFO - [197/576] 已回收 tile_x4608_y6144
2026-07-26 14:01:56,005 - hybrid_pipeline - INFO - Tile tile_x6912_y6144: 核心遮罩全空 → 空白 placeholder
2026-07-26 14:01:56,006 - hybrid_pipeline - INFO - [198/576] 已回收 tile_x5376_y6144
2026-07-26 14:01:56,019 - hybrid_pipeline - INFO - [199/576] 已回收 tile_x6144_y6144
2026-07-26 14:01:56,034 - hybrid_pipeline - INFO - Tile tile_x8448_y6144: 核心遮罩全空 → 空白 placeholder
2026-07-26 14:01:56,046 - hybrid_pipeline - INFO - Tile tile_x9216_y6144: 核心遮罩全空 → 空白 placeholder
2026-07-26 14:01:56,058 - hybrid_pipeline - INFO - [200/576] 已回收 tile_x6912_y6144
2026-07-26 14:01:56,086 - hybrid_pipeline - INFO - Tile tile_x7680_y6144: 核心遮罩全空 → 空白 placeholder
2026-07-26 14:01:56,101 - hybrid_pipeline - INFO - [201/576] 已回收 tile_x8448_y6144
2026-07-26 14:01:56,112 - hybrid_pipeline - INFO - [202/576] 已回收 tile_x9216_y6144
2026-07-26 14:01:56,129 - hybrid_pipeline - INFO - Tile tile_x9984_y6144: 核心遮罩全空 → 空白 placeholder
2026-07-26 14:01:56,141 - hybrid_pipeline - INFO - Tile tile_x10752_y6144: 核心遮罩全空 → 空白 placeholder
2026-07-26 14:01:56,143 - hybrid_pipeline - INFO - [203/576] 已回收 tile_x7680_y6144
2026-07-26 14:01:56,171 - hybrid_pipeline - INFO - Tile tile_x12288_y6144: 核心遮罩全空 → 空白 placeholder
2026-07-26 14:01:56,196 - hybrid_pipeline - INFO - [204/576] 已回收 tile_x9984_y6144
2026-07-26 14:01:56,207 - hybrid_pipeline - INFO - [205/576] 已回收 tile_x10752_y6144
2026-07-26 14:01:56,217 - hybrid_pipeline - INFO - [206/576] 已回收 tile_x12288_y6144
2026-07-26 14:01:56,226 - hybrid_pipeline - INFO - Tile tile_x11520_y6144: 核心遮罩全空 → 空白 placeholder
2026-07-26 14:01:56,234 - hybrid_pipeline - INFO - Tile tile_x13056_y6144: 核心遮罩全空 → 空白 placeholder
2026-07-26 14:01:56,248 - hybrid_pipeline - INFO - Tile tile_x13824_y6144: 核心遮罩全空 → 空白 placeholder
2026-07-26 14:01:56,258 - hybrid_pipeline - INFO - [207/576] 已回收 tile_x11520_y6144
2026-07-26 14:01:56,268 - cellpose.dynamics - INFO - No cell pixels found.
2026-07-26 14:01:56,289 - hybrid_pipeline - INFO - Tile tile_x14592_y6144: 核心遮罩全空 → 空白 placeholder
2026-07-26 14:01:56,302 - hybrid_pipeline - INFO - [208/576] 已回收 tile_x14592_y6144
2026-07-26 14:01:56,332 - hybrid_pipeline - INFO - Tile tile_x768_y6912: 核心遮罩全空 → 空白 placeholder
2026-07-26 14:01:56,849 - hybrid_pipeline - INFO - [209/576] 已回收 tile_x6144_y5376
2026-07-26 14:01:56,854 - m3_module.m3_cells_generator - INFO - All-positive 標註完成: 0 個細胞
2026-07-26 14:01:57,004 - m3_module.m3_dot_detection - INFO - detect_all_dots: 紅點=0, 黑點=0, 涉及細胞=0
2026-07-26 14:01:57,032 - cellpose.dynamics - INFO - No cell pixels found.
2026-07-26 14:01:57,035 - cellpose.dynamics - INFO - No cell pixels found.
2026-07-26 14:01:57,035 - cellpose.dynamics - INFO - No cell pixels found.
2026-07-26 14:01:57,040 - m4_module.cell_crops - INFO - 匯出 0 張 per-cell 影像至 /data/taro_Projects/tsgh/output/r7_run/cell_crops/tile_x9216_y5376/cells
2026-07-26 14:01:57,040 - hybrid_pipeline - INFO - Tile tile_x9216_y5376 完成: 核心擁有 0 細胞 (0 陽性), 1.62 秒
2026-07-26 14:01:57,639 - hybrid_pipeline - INFO - [210/576] 已回收 tile_x9216_y5376
2026-07-26 14:01:57,664 - m3_module.m3_cells_generator - INFO - All-positive 標註完成: 23 個細胞
2026-07-26 14:01:57,695 - hybrid_pipeline - INFO - [211/576] 已回收 tile_x13056_y6144
2026-07-26 14:01:57,702 - m3_module.m3_cells_generator - INFO - All-positive 標註完成: 0 個細胞
2026-07-26 14:01:57,703 - m3_module.m3_cells_generator - INFO - enlarge_cell_instances: 23 顆細胞, factor=1.50(面積), 中位半徑=18.2px, 外擴=4.1px
2026-07-26 14:01:57,720 - hybrid_pipeline - INFO - [212/576] 已回收 tile_x13824_y6144
2026-07-26 14:01:57,723 - hybrid_pipeline - INFO - [213/576] 已回收 tile_x768_y6912
2026-07-26 14:01:57,726 - m3_module.m3_cells_generator - INFO - All-positive 標註完成: 0 個細胞
2026-07-26 14:01:57,729 - m3_module.m3_cells_generator - INFO - All-positive 標註完成: 0 個細胞
2026-07-26 14:01:57,730 - m3_module.m3_elastic_matching - INFO - elastic_dish_nucleus_matching(overlap-first): IHC=23, DISH=3, matched(1核)=0 (其中重疊=0), drop-out(競爭落敗)=0, 無候選(計入)=23, factor=1.50, min_reach=20.0
2026-07-26 14:01:57,847 - m3_module.m3_dot_detection - INFO - detect_all_dots: 紅點=0, 黑點=0, 涉及細胞=23
2026-07-26 14:01:57,858 - m3_module.m3_dot_detection - INFO - detect_all_dots: 紅點=0, 黑點=0, 涉及細胞=0
2026-07-26 14:01:57,880 - m3_module.m3_dot_detection - INFO - detect_all_dots: 紅點=0, 黑點=0, 涉及細胞=0
2026-07-26 14:01:57,883 - m3_module.m3_dot_detection - INFO - detect_all_dots: 紅點=0, 黑點=0, 涉及細胞=0
2026-07-26 14:01:57,891 - m4_module.cell_crops - INFO - 匯出 0 張 per-cell 影像至 /data/taro_Projects/tsgh/output/r7_run/cell_crops/tile_x15360_y6144/cells
2026-07-26 14:01:57,891 - hybrid_pipeline - INFO - Tile tile_x15360_y6144 完成: 核心擁有 0 細胞 (0 陽性), 1.68 秒
2026-07-26 14:01:57,891 - hybrid_pipeline - INFO - [214/576] 已回收 tile_x15360_y6144
2026-07-26 14:01:57,913 - m4_module.cell_crops - INFO - 匯出 0 張 per-cell 影像至 /data/taro_Projects/tsgh/output/r7_run/cell_crops/tile_x16128_y6144/cells
2026-07-26 14:01:57,913 - hybrid_pipeline - INFO - Tile tile_x16128_y6144 完成: 核心擁有 0 細胞 (0 陽性), 1.70 秒
2026-07-26 14:01:57,913 - hybrid_pipeline - INFO - [215/576] 已回收 tile_x16128_y6144
2026-07-26 14:01:57,916 - m4_module.cell_crops - INFO - 匯出 0 張 per-cell 影像至 /data/taro_Projects/tsgh/output/r7_run/cell_crops/tile_x16896_y6144/cells
2026-07-26 14:01:57,916 - hybrid_pipeline - INFO - Tile tile_x16896_y6144 完成: 核心擁有 0 細胞 (0 陽性), 1.61 秒
2026-07-26 14:01:57,916 - hybrid_pipeline - INFO - [216/576] 已回收 tile_x16896_y6144
2026-07-26 14:01:57,919 - hybrid_pipeline - INFO - Tile tile_x2304_y6912: 核心遮罩全空 → 空白 placeholder
2026-07-26 14:01:57,927 - hybrid_pipeline - INFO - [217/576] 已回收 tile_x2304_y6912
2026-07-26 14:01:57,930 - m4_module.cell_crops - INFO - 匯出 9 張 per-cell 影像至 /data/taro_Projects/tsgh/output/r7_run/cell_crops/tile_x17664_y6144/cells
2026-07-26 14:01:57,930 - hybrid_pipeline - INFO - Tile tile_x17664_y6144 完成: 核心擁有 9 細胞 (9 陽性), 1.08 秒
2026-07-26 14:01:57,933 - hybrid_pipeline - INFO - [218/576] 已回收 tile_x17664_y6144
2026-07-26 14:01:57,943 - hybrid_pipeline - INFO - Tile tile_x1536_y6912: 核心遮罩全空 → 空白 placeholder
2026-07-26 14:01:57,944 - hybrid_pipeline - INFO - Tile tile_x3840_y6912: 核心遮罩全空 → 空白 placeholder
2026-07-26 14:01:57,958 - hybrid_pipeline - INFO - Tile tile_x0_y6912: 核心遮罩全空 → 空白 placeholder
2026-07-26 14:01:57,958 - hybrid_pipeline - INFO - Tile tile_x3072_y6912: 核心遮罩全空 → 空白 placeholder
2026-07-26 14:01:57,983 - hybrid_pipeline - INFO - [219/576] 已回收 tile_x1536_y6912
2026-07-26 14:01:58,008 - hybrid_pipeline - INFO - [220/576] 已回收 tile_x3840_y6912
2026-07-26 14:01:58,013 - hybrid_pipeline - INFO - Tile tile_x5376_y6912: 核心遮罩全空 → 空白 placeholder
2026-07-26 14:01:58,020 - hybrid_pipeline - INFO - [221/576] 已回收 tile_x3072_y6912
2026-07-26 14:01:58,040 - hybrid_pipeline - INFO - Tile tile_x4608_y6912: 核心遮罩全空 → 空白 placeholder
2026-07-26 14:01:58,042 - hybrid_pipeline - INFO - [222/576] 已回收 tile_x5376_y6912
2026-07-26 14:01:58,046 - hybrid_pipeline - INFO - Tile tile_x6144_y6912: 核心遮罩全空 → 空白 placeholder
2026-07-26 14:01:58,071 - hybrid_pipeline - INFO - Tile tile_x8448_y6912: 核心遮罩全空 → 空白 placeholder
2026-07-26 14:01:58,082 - hybrid_pipeline - INFO - [223/576] 已回收 tile_x6144_y6912
2026-07-26 14:01:58,093 - hybrid_pipeline - INFO - [224/576] 已回收 tile_x8448_y6912
2026-07-26 14:01:58,118 - hybrid_pipeline - INFO - Tile tile_x9984_y6912: 核心遮罩全空 → 空白 placeholder
2026-07-26 14:01:58,122 - hybrid_pipeline - INFO - Tile tile_x10752_y6912: 核心遮罩全空 → 空白 placeholder
2026-07-26 14:01:58,157 - hybrid_pipeline - INFO - [225/576] 已回收 tile_x9984_y6912
2026-07-26 14:01:58,166 - hybrid_pipeline - INFO - [226/576] 已回收 tile_x10752_y6912
2026-07-26 14:01:58,187 - hybrid_pipeline - INFO - Tile tile_x9216_y6912: 核心遮罩全空 → 空白 placeholder
2026-07-26 14:01:58,193 - hybrid_pipeline - INFO - Tile tile_x12288_y6912: 核心遮罩全空 → 空白 placeholder
2026-07-26 14:01:58,249 - hybrid_pipeline - INFO - [227/576] 已回收 tile_x9216_y6912
2026-07-26 14:01:58,264 - hybrid_pipeline - INFO - [228/576] 已回收 tile_x12288_y6912
2026-07-26 14:01:58,277 - hybrid_pipeline - INFO - Tile tile_x11520_y6912: 核心遮罩全空 → 空白 placeholder
2026-07-26 14:01:58,295 - hybrid_pipeline - INFO - Tile tile_x13824_y6912: 核心遮罩全空 → 空白 placeholder
2026-07-26 14:01:58,342 - hybrid_pipeline - INFO - [229/576] 已回收 tile_x11520_y6912
2026-07-26 14:01:58,358 - hybrid_pipeline - INFO - [230/576] 已回收 tile_x13824_y6912
2026-07-26 14:01:58,371 - hybrid_pipeline - INFO - Tile tile_x13056_y6912: 核心遮罩全空 → 空白 placeholder
2026-07-26 14:01:58,385 - hybrid_pipeline - INFO - Tile tile_x14592_y6912: 核心遮罩全空 → 空白 placeholder
2026-07-26 14:01:58,438 - hybrid_pipeline - INFO - [231/576] 已回收 tile_x14592_y6912
2026-07-26 14:01:58,468 - hybrid_pipeline - INFO - Tile tile_x0_y7680: 核心遮罩全空 → 空白 placeholder
2026-07-26 14:01:58,683 - cellpose.dynamics - INFO - No cell pixels found.
2026-07-26 14:01:59,044 - hybrid_pipeline - INFO - [232/576] 已回收 tile_x0_y6912
2026-07-26 14:01:59,059 - hybrid_pipeline - INFO - [233/576] 已回收 tile_x4608_y6912
2026-07-26 14:01:59,079 - m3_module.m3_cells_generator - INFO - All-positive 標註完成: 15 個細胞
2026-07-26 14:01:59,088 - m3_module.m3_cells_generator - INFO - All-positive 標註完成: 3 個細胞
2026-07-26 14:01:59,116 - hybrid_pipeline - INFO - [234/576] 已回收 tile_x13056_y6912
2026-07-26 14:01:59,118 - m3_module.m3_cells_generator - INFO - enlarge_cell_instances: 15 顆細胞, factor=1.50(面積), 中位半徑=20.3px, 外擴=4.6px
2026-07-26 14:01:59,119 - m3_module.m3_cells_generator - INFO - enlarge_cell_instances: 3 顆細胞, factor=1.50(面積), 中位半徑=17.1px, 外擴=3.8px
2026-07-26 14:01:59,122 - m3_module.m3_cells_generator - INFO - All-positive 標註完成: 0 個細胞
2026-07-26 14:01:59,261 - m3_module.m3_dot_detection - INFO - detect_all_dots: 紅點=0, 黑點=0, 涉及細胞=3
2026-07-26 14:01:59,264 - m3_module.m3_dot_detection - INFO - detect_all_dots: 紅點=0, 黑點=0, 涉及細胞=15
2026-07-26 14:01:59,284 - m3_module.m3_dot_detection - INFO - detect_all_dots: 紅點=0, 黑點=0, 涉及細胞=0
2026-07-26 14:01:59,304 - m4_module.cell_crops - INFO - 匯出 0 張 per-cell 影像至 /data/taro_Projects/tsgh/output/r7_run/cell_crops/tile_x7680_y6912/cells
2026-07-26 14:01:59,304 - hybrid_pipeline - INFO - Tile tile_x7680_y6912 完成: 核心擁有 0 細胞 (0 陽性), 1.30 秒
2026-07-26 14:01:59,304 - hybrid_pipeline - INFO - [235/576] 已回收 tile_x7680_y6912
2026-07-26 14:01:59,318 - m4_module.cell_crops - INFO - 匯出 0 張 per-cell 影像至 /data/taro_Projects/tsgh/output/r7_run/cell_crops/tile_x15360_y6912/cells
2026-07-26 14:01:59,318 - hybrid_pipeline - INFO - Tile tile_x15360_y6912 完成: 核心擁有 0 細胞 (0 陽性), 0.98 秒
2026-07-26 14:01:59,330 - hybrid_pipeline - INFO - Tile tile_x768_y7680: 核心遮罩全空 → 空白 placeholder
2026-07-26 14:01:59,331 - m4_module.cell_crops - INFO - 匯出 7 張 per-cell 影像至 /data/taro_Projects/tsgh/output/r7_run/cell_crops/tile_x6912_y6912/cells
2026-07-26 14:01:59,331 - hybrid_pipeline - INFO - Tile tile_x6912_y6912 完成: 核心擁有 7 細胞 (7 陽性), 1.40 秒
2026-07-26 14:01:59,371 - hybrid_pipeline - INFO - [236/576] 已回收 tile_x768_y7680
2026-07-26 14:01:59,389 - hybrid_pipeline - INFO - [237/576] 已回收 tile_x0_y7680
2026-07-26 14:01:59,395 - hybrid_pipeline - INFO - Tile tile_x1536_y7680: 核心遮罩全空 → 空白 placeholder
2026-07-26 14:01:59,416 - m3_module.m3_cells_generator - INFO - All-positive 標註完成: 18 個細胞
2026-07-26 14:01:59,443 - hybrid_pipeline - INFO - [238/576] 已回收 tile_x1536_y7680
2026-07-26 14:01:59,452 - m3_module.m3_cells_generator - INFO - enlarge_cell_instances: 18 顆細胞, factor=1.50(面積), 中位半徑=20.1px, 外擴=4.5px
2026-07-26 14:01:59,472 - hybrid_pipeline - INFO - Tile tile_x2304_y7680: 核心遮罩全空 → 空白 placeholder
2026-07-26 14:01:59,477 - m3_module.m3_elastic_matching - INFO - elastic_dish_nucleus_matching(overlap-first): IHC=18, DISH=1, matched(1核)=1 (其中重疊=1), drop-out(競爭落敗)=1, 無候選(計入)=16, factor=1.50, min_reach=20.0
2026-07-26 14:01:59,498 - hybrid_pipeline - INFO - [239/576] 已回收 tile_x2304_y7680
2026-07-26 14:01:59,528 - hybrid_pipeline - INFO - Tile tile_x4608_y7680: 核心遮罩全空 → 空白 placeholder
2026-07-26 14:01:59,536 - hybrid_pipeline - INFO - [240/576] 已回收 tile_x4608_y7680
2026-07-26 14:01:59,561 - hybrid_pipeline - INFO - Tile tile_x3840_y7680: 核心遮罩全空 → 空白 placeholder
2026-07-26 14:01:59,581 - hybrid_pipeline - INFO - [241/576] 已回收 tile_x3840_y7680
2026-07-26 14:01:59,593 - m3_module.m3_dot_detection - INFO - detect_all_dots: 紅點=0, 黑點=0, 涉及細胞=18
2026-07-26 14:01:59,609 - hybrid_pipeline - INFO - Tile tile_x5376_y7680: 核心遮罩全空 → 空白 placeholder
2026-07-26 14:01:59,690 - m4_module.cell_crops - INFO - 匯出 4 張 per-cell 影像至 /data/taro_Projects/tsgh/output/r7_run/cell_crops/tile_x16896_y6912/cells
2026-07-26 14:01:59,690 - hybrid_pipeline - INFO - Tile tile_x16896_y6912 完成: 核心擁有 4 細胞 (4 陽性), 1.25 秒
2026-07-26 14:01:59,690 - hybrid_pipeline - INFO - [242/576] 已回收 tile_x16896_y6912
2026-07-26 14:01:59,721 - hybrid_pipeline - INFO - Tile tile_x3072_y7680: 核心遮罩全空 → 空白 placeholder
2026-07-26 14:01:59,884 - hybrid_pipeline - INFO - [243/576] 已回收 tile_x6912_y6912
2026-07-26 14:01:59,911 - m3_module.m3_cells_generator - INFO - All-positive 標註完成: 2 個細胞
2026-07-26 14:01:59,939 - m3_module.m3_cells_generator - INFO - enlarge_cell_instances: 2 顆細胞, factor=1.50(面積), 中位半徑=14.8px, 外擴=3.3px
2026-07-26 14:02:00,078 - m3_module.m3_dot_detection - INFO - detect_all_dots: 紅點=0, 黑點=0, 涉及細胞=2
2026-07-26 14:02:00,114 - m4_module.cell_crops - INFO - 匯出 0 張 per-cell 影像至 /data/taro_Projects/tsgh/output/r7_run/cell_crops/tile_x16128_y6912/cells
2026-07-26 14:02:00,114 - hybrid_pipeline - INFO - Tile tile_x16128_y6912 完成: 核心擁有 0 細胞 (0 陽性), 1.07 秒
2026-07-26 14:02:00,201 - hybrid_pipeline - INFO - [244/576] 已回收 tile_x15360_y6912
2026-07-26 14:02:00,229 - m3_module.m3_cells_generator - INFO - All-positive 標註完成: 107 個細胞
2026-07-26 14:02:00,283 - m3_module.m3_cells_generator - INFO - enlarge_cell_instances: 107 顆細胞, factor=1.50(面積), 中位半徑=22.7px, 外擴=5.1px
2026-07-26 14:02:00,310 - m3_module.m3_elastic_matching - INFO - elastic_dish_nucleus_matching(overlap-first): IHC=107, DISH=8, matched(1核)=5 (其中重疊=5), drop-out(競爭落敗)=8, 無候選(計入)=94, factor=1.50, min_reach=20.0
2026-07-26 14:02:00,433 - m3_module.m3_dot_detection - INFO - detect_all_dots: 紅點=2, 黑點=4, 涉及細胞=107
2026-07-26 14:02:00,440 - hybrid_pipeline - INFO - [245/576] 已回收 tile_x5376_y7680
2026-07-26 14:02:00,466 - m3_module.m3_cells_generator - INFO - All-positive 標註完成: 8 個細胞
2026-07-26 14:02:00,495 - m3_module.m3_cells_generator - INFO - enlarge_cell_instances: 8 顆細胞, factor=1.50(面積), 中位半徑=16.2px, 外擴=3.6px
2026-07-26 14:02:00,535 - hybrid_pipeline - INFO - [246/576] 已回收 tile_x3072_y7680
2026-07-26 14:02:00,561 - m3_module.m3_cells_generator - INFO - All-positive 標註完成: 7 個細胞
2026-07-26 14:02:00,591 - m3_module.m3_cells_generator - INFO - enlarge_cell_instances: 7 顆細胞, factor=1.50(面積), 中位半徑=16.5px, 外擴=3.7px
2026-07-26 14:02:00,618 - m3_module.m3_dot_detection - INFO - detect_all_dots: 紅點=0, 黑點=0, 涉及細胞=8
2026-07-26 14:02:00,665 - m4_module.cell_crops - INFO - 匯出 0 張 per-cell 影像至 /data/taro_Projects/tsgh/output/r7_run/cell_crops/tile_x7680_y7680/cells
2026-07-26 14:02:00,665 - hybrid_pipeline - INFO - Tile tile_x7680_y7680 完成: 核心擁有 0 細胞 (0 陽性), 1.08 秒
2026-07-26 14:02:00,665 - hybrid_pipeline - INFO - [247/576] 已回收 tile_x7680_y7680
2026-07-26 14:02:00,692 - hybrid_pipeline - INFO - Tile tile_x9216_y7680: 核心遮罩全空 → 空白 placeholder
2026-07-26 14:02:00,703 - hybrid_pipeline - INFO - [248/576] 已回收 tile_x16128_y6912
2026-07-26 14:02:00,704 - hybrid_pipeline - INFO - [249/576] 已回收 tile_x9216_y7680
2026-07-26 14:02:00,725 - m3_module.m3_dot_detection - INFO - detect_all_dots: 紅點=0, 黑點=0, 涉及細胞=7
2026-07-26 14:02:00,734 - m3_module.m3_cells_generator - INFO - All-positive 標註完成: 48 個細胞
2026-07-26 14:02:00,734 - hybrid_pipeline - INFO - Tile tile_x10752_y7680: 核心遮罩全空 → 空白 placeholder
2026-07-26 14:02:00,754 - m4_module.cell_crops - INFO - 匯出 82 張 per-cell 影像至 /data/taro_Projects/tsgh/output/r7_run/cell_crops/tile_x17664_y6912/cells
2026-07-26 14:02:00,754 - hybrid_pipeline - INFO - Tile tile_x17664_y6912 完成: 核心擁有 82 細胞 (82 陽性), 1.64 秒
2026-07-26 14:02:00,755 - hybrid_pipeline - INFO - [250/576] 已回收 tile_x17664_y6912
2026-07-26 14:02:00,761 - m4_module.cell_crops - INFO - 匯出 1 張 per-cell 影像至 /data/taro_Projects/tsgh/output/r7_run/cell_crops/tile_x6144_y7680/cells
2026-07-26 14:02:00,761 - hybrid_pipeline - INFO - Tile tile_x6144_y7680 完成: 核心擁有 1 細胞 (1 陽性), 1.07 秒
2026-07-26 14:02:00,762 - hybrid_pipeline - INFO - [251/576] 已回收 tile_x10752_y7680
2026-07-26 14:02:00,766 - hybrid_pipeline - INFO - [252/576] 已回收 tile_x6144_y7680
2026-07-26 14:02:00,782 - m3_module.m3_cells_generator - INFO - enlarge_cell_instances: 48 顆細胞, factor=1.50(面積), 中位半徑=22.5px, 外擴=5.1px
2026-07-26 14:02:00,783 - hybrid_pipeline - INFO - Tile tile_x8448_y7680: 核心遮罩全空 → 空白 placeholder
2026-07-26 14:02:00,786 - hybrid_pipeline - INFO - Tile tile_x13056_y7680: 核心遮罩全空 → 空白 placeholder
2026-07-26 14:02:00,791 - hybrid_pipeline - INFO - Tile tile_x9984_y7680: 核心遮罩全空 → 空白 placeholder
2026-07-26 14:02:00,807 - m3_module.m3_elastic_matching - INFO - elastic_dish_nucleus_matching(overlap-first): IHC=48, DISH=3, matched(1核)=2 (其中重疊=2), drop-out(競爭落敗)=2, 無候選(計入)=44, factor=1.50, min_reach=20.0
2026-07-26 14:02:00,829 - hybrid_pipeline - INFO - [253/576] 已回收 tile_x8448_y7680
2026-07-26 14:02:00,839 - hybrid_pipeline - INFO - [254/576] 已回收 tile_x13056_y7680
2026-07-26 14:02:00,840 - hybrid_pipeline - INFO - [255/576] 已回收 tile_x9984_y7680
2026-07-26 14:02:00,854 - hybrid_pipeline - INFO - Tile tile_x13824_y7680: 核心遮罩全空 → 空白 placeholder
2026-07-26 14:02:00,867 - hybrid_pipeline - INFO - Tile tile_x12288_y7680: 核心遮罩全空 → 空白 placeholder
2026-07-26 14:02:00,869 - hybrid_pipeline - INFO - Tile tile_x14592_y7680: 核心遮罩全空 → 空白 placeholder
2026-07-26 14:02:00,886 - hybrid_pipeline - INFO - [256/576] 已回收 tile_x13824_y7680
2026-07-26 14:02:00,910 - hybrid_pipeline - INFO - [257/576] 已回收 tile_x14592_y7680
2026-07-26 14:02:00,917 - m3_module.m3_dot_detection - INFO - detect_all_dots: 紅點=0, 黑點=0, 涉及細胞=48
2026-07-26 14:02:00,919 - hybrid_pipeline - INFO - Tile tile_x15360_y7680: 核心遮罩全空 → 空白 placeholder
2026-07-26 14:02:00,940 - hybrid_pipeline - INFO - Tile tile_x16128_y7680: 核心遮罩全空 → 空白 placeholder
2026-07-26 14:02:00,946 - hybrid_pipeline - INFO - [258/576] 已回收 tile_x16128_y7680
2026-07-26 14:02:00,975 - hybrid_pipeline - INFO - Tile tile_x768_y8448: 核心遮罩全空 → 空白 placeholder
2026-07-26 14:02:00,984 - hybrid_pipeline - INFO - [259/576] 已回收 tile_x768_y8448
2026-07-26 14:02:01,014 - hybrid_pipeline - INFO - Tile tile_x0_y8448: 核心遮罩全空 → 空白 placeholder
2026-07-26 14:02:01,042 - hybrid_pipeline - INFO - [260/576] 已回收 tile_x0_y8448
2026-07-26 14:02:01,065 - m4_module.cell_crops - INFO - 匯出 36 張 per-cell 影像至 /data/taro_Projects/tsgh/output/r7_run/cell_crops/tile_x6912_y7680/cells
2026-07-26 14:02:01,065 - hybrid_pipeline - INFO - Tile tile_x6912_y7680 完成: 核心擁有 36 細胞 (36 陽性), 1.18 秒
2026-07-26 14:02:01,065 - hybrid_pipeline - INFO - [261/576] 已回收 tile_x6912_y7680
2026-07-26 14:02:01,071 - hybrid_pipeline - INFO - Tile tile_x1536_y8448: 核心遮罩全空 → 空白 placeholder
2026-07-26 14:02:01,094 - hybrid_pipeline - INFO - Tile tile_x11520_y7680: 核心遮罩全空 → 空白 placeholder
2026-07-26 14:02:01,124 - hybrid_pipeline - INFO - [262/576] 已回收 tile_x1536_y8448
2026-07-26 14:02:01,152 - hybrid_pipeline - INFO - Tile tile_x2304_y8448: 核心遮罩全空 → 空白 placeholder
2026-07-26 14:02:01,156 - hybrid_pipeline - INFO - [263/576] 已回收 tile_x11520_y7680
2026-07-26 14:02:01,183 - hybrid_pipeline - INFO - Tile tile_x3072_y8448: 核心遮罩全空 → 空白 placeholder
2026-07-26 14:02:01,211 - hybrid_pipeline - INFO - [264/576] 已回收 tile_x2304_y8448
2026-07-26 14:02:01,240 - hybrid_pipeline - INFO - Tile tile_x3840_y8448: 核心遮罩全空 → 空白 placeholder
2026-07-26 14:02:01,245 - hybrid_pipeline - INFO - [265/576] 已回收 tile_x3072_y8448
2026-07-26 14:02:01,274 - hybrid_pipeline - INFO - Tile tile_x4608_y8448: 核心遮罩全空 → 空白 placeholder
2026-07-26 14:02:01,300 - hybrid_pipeline - INFO - [266/576] 已回收 tile_x3840_y8448
2026-07-26 14:02:01,331 - hybrid_pipeline - INFO - Tile tile_x5376_y8448: 核心遮罩全空 → 空白 placeholder
2026-07-26 14:02:01,946 - hybrid_pipeline - INFO - [267/576] 已回收 tile_x15360_y7680
2026-07-26 14:02:01,950 - hybrid_pipeline - INFO - [268/576] 已回收 tile_x12288_y7680
2026-07-26 14:02:01,974 - m3_module.m3_cells_generator - INFO - All-positive 標註完成: 62 個細胞
2026-07-26 14:02:01,980 - m3_module.m3_cells_generator - INFO - All-positive 標註完成: 117 個細胞
2026-07-26 14:02:02,017 - m3_module.m3_cells_generator - INFO - enlarge_cell_instances: 62 顆細胞, factor=1.50(面積), 中位半徑=21.4px, 外擴=4.8px
2026-07-26 14:02:02,033 - m3_module.m3_cells_generator - INFO - enlarge_cell_instances: 117 顆細胞, factor=1.50(面積), 中位半徑=21.9px, 外擴=4.9px
2026-07-26 14:02:02,046 - m3_module.m3_elastic_matching - INFO - elastic_dish_nucleus_matching(overlap-first): IHC=62, DISH=2, matched(1核)=2 (其中重疊=2), drop-out(競爭落敗)=1, 無候選(計入)=59, factor=1.50, min_reach=20.0
2026-07-26 14:02:02,064 - m3_module.m3_elastic_matching - INFO - elastic_dish_nucleus_matching(overlap-first): IHC=117, DISH=4, matched(1核)=4 (其中重疊=4), drop-out(競爭落敗)=3, 無候選(計入)=110, factor=1.50, min_reach=20.0
2026-07-26 14:02:02,177 - m3_module.m3_dot_detection - INFO - detect_all_dots: 紅點=1, 黑點=2, 涉及細胞=62
2026-07-26 14:02:02,195 - m3_module.m3_dot_detection - INFO - detect_all_dots: 紅點=3, 黑點=5, 涉及細胞=117
2026-07-26 14:02:02,264 - hybrid_pipeline - INFO - [269/576] 已回收 tile_x4608_y8448
2026-07-26 14:02:02,270 - hybrid_pipeline - INFO - [270/576] 已回收 tile_x5376_y8448
2026-07-26 14:02:02,294 - m3_module.m3_cells_generator - INFO - All-positive 標註完成: 28 個細胞
2026-07-26 14:02:02,298 - m3_module.m3_cells_generator - INFO - All-positive 標註完成: 8 個細胞
2026-07-26 14:02:02,334 - m3_module.m3_cells_generator - INFO - enlarge_cell_instances: 8 顆細胞, factor=1.50(面積), 中位半徑=18.4px, 外擴=4.1px
2026-07-26 14:02:02,335 - m3_module.m3_cells_generator - INFO - enlarge_cell_instances: 28 顆細胞, factor=1.50(面積), 中位半徑=19.4px, 外擴=4.4px
2026-07-26 14:02:02,337 - m4_module.cell_crops - INFO - 匯出 32 張 per-cell 影像至 /data/taro_Projects/tsgh/output/r7_run/cell_crops/tile_x16896_y7680/cells
2026-07-26 14:02:02,337 - hybrid_pipeline - INFO - Tile tile_x16896_y7680 完成: 核心擁有 32 細胞 (32 陽性), 1.45 秒
2026-07-26 14:02:02,337 - hybrid_pipeline - INFO - [271/576] 已回收 tile_x16896_y7680
2026-07-26 14:02:02,358 - m3_module.m3_elastic_matching - INFO - elastic_dish_nucleus_matching(overlap-first): IHC=8, DISH=2, matched(1核)=0 (其中重疊=0), drop-out(競爭落敗)=0, 無候選(計入)=8, factor=1.50, min_reach=20.0
2026-07-26 14:02:02,362 - m3_module.m3_elastic_matching - INFO - elastic_dish_nucleus_matching(overlap-first): IHC=28, DISH=2, matched(1核)=2 (其中重疊=2), drop-out(競爭落敗)=1, 無候選(計入)=25, factor=1.50, min_reach=20.0
2026-07-26 14:02:02,363 - hybrid_pipeline - INFO - Tile tile_x8448_y8448: 核心遮罩全空 → 空白 placeholder
2026-07-26 14:02:02,382 - hybrid_pipeline - INFO - [272/576] 已回收 tile_x8448_y8448
2026-07-26 14:02:02,414 - hybrid_pipeline - INFO - Tile tile_x10752_y8448: 核心遮罩全空 → 空白 placeholder
2026-07-26 14:02:02,420 - hybrid_pipeline - INFO - [273/576] 已回收 tile_x10752_y8448
2026-07-26 14:02:02,450 - hybrid_pipeline - INFO - Tile tile_x11520_y8448: 核心遮罩全空 → 空白 placeholder
2026-07-26 14:02:02,458 - hybrid_pipeline - INFO - [274/576] 已回收 tile_x11520_y8448
2026-07-26 14:02:02,482 - m3_module.m3_dot_detection - INFO - detect_all_dots: 紅點=0, 黑點=0, 涉及細胞=8
2026-07-26 14:02:02,486 - m3_module.m3_dot_detection - INFO - detect_all_dots: 紅點=1, 黑點=3, 涉及細胞=28
2026-07-26 14:02:02,488 - hybrid_pipeline - INFO - Tile tile_x12288_y8448: 核心遮罩全空 → 空白 placeholder
2026-07-26 14:02:02,496 - hybrid_pipeline - INFO - [275/576] 已回收 tile_x12288_y8448
2026-07-26 14:02:02,497 - m4_module.cell_crops - INFO - 匯出 60 張 per-cell 影像至 /data/taro_Projects/tsgh/output/r7_run/cell_crops/tile_x17664_y7680/cells
2026-07-26 14:02:02,497 - hybrid_pipeline - INFO - Tile tile_x17664_y7680 完成: 核心擁有 60 細胞 (60 陽性), 1.66 秒
2026-07-26 14:02:02,520 - hybrid_pipeline - INFO - Tile tile_x13824_y8448: 核心遮罩全空 → 空白 placeholder
2026-07-26 14:02:02,532 - m4_module.cell_crops - INFO - 匯出 3 張 per-cell 影像至 /data/taro_Projects/tsgh/output/r7_run/cell_crops/tile_x7680_y8448/cells
2026-07-26 14:02:02,532 - hybrid_pipeline - INFO - Tile tile_x7680_y8448 完成: 核心擁有 3 細胞 (3 陽性), 1.23 秒
2026-07-26 14:02:02,533 - hybrid_pipeline - INFO - [276/576] 已回收 tile_x7680_y8448
2026-07-26 14:02:02,548 - hybrid_pipeline - INFO - [277/576] 已回收 tile_x13824_y8448
2026-07-26 14:02:02,561 - hybrid_pipeline - INFO - Tile tile_x9984_y8448: 核心遮罩全空 → 空白 placeholder
2026-07-26 14:02:02,576 - hybrid_pipeline - INFO - Tile tile_x13056_y8448: 核心遮罩全空 → 空白 placeholder
2026-07-26 14:02:02,581 - m4_module.cell_crops - INFO - 匯出 4 張 per-cell 影像至 /data/taro_Projects/tsgh/output/r7_run/cell_crops/tile_x6144_y8448/cells
2026-07-26 14:02:02,581 - hybrid_pipeline - INFO - Tile tile_x6144_y8448 完成: 核心擁有 4 細胞 (4 陽性), 1.34 秒
2026-07-26 14:02:02,582 - hybrid_pipeline - INFO - [278/576] 已回收 tile_x6144_y8448
2026-07-26 14:02:02,606 - hybrid_pipeline - INFO - Tile tile_x9216_y8448: 核心遮罩全空 → 空白 placeholder
2026-07-26 14:02:02,626 - hybrid_pipeline - INFO - [279/576] 已回收 tile_x13056_y8448
2026-07-26 14:02:02,656 - hybrid_pipeline - INFO - Tile tile_x14592_y8448: 核心遮罩全空 → 空白 placeholder
2026-07-26 14:02:02,890 - hybrid_pipeline - INFO - [280/576] 已回收 tile_x17664_y7680
2026-07-26 14:02:02,914 - m3_module.m3_cells_generator - INFO - All-positive 標註完成: 68 個細胞
2026-07-26 14:02:02,963 - m3_module.m3_cells_generator - INFO - enlarge_cell_instances: 68 顆細胞, factor=1.50(面積), 中位半徑=22.4px, 外擴=5.0px
2026-07-26 14:02:02,990 - m3_module.m3_elastic_matching - INFO - elastic_dish_nucleus_matching(overlap-first): IHC=68, DISH=5, matched(1核)=4 (其中重疊=4), drop-out(競爭落敗)=2, 無候選(計入)=62, factor=1.50, min_reach=20.0
2026-07-26 14:02:03,120 - m3_module.m3_dot_detection - INFO - detect_all_dots: 紅點=1, 黑點=5, 涉及細胞=68
2026-07-26 14:02:03,302 - m4_module.cell_crops - INFO - 匯出 44 張 per-cell 影像至 /data/taro_Projects/tsgh/output/r7_run/cell_crops/tile_x6912_y8448/cells
2026-07-26 14:02:03,302 - hybrid_pipeline - INFO - Tile tile_x6912_y8448 完成: 核心擁有 44 細胞 (44 陽性), 1.35 秒
2026-07-26 14:02:03,529 - hybrid_pipeline - INFO - [281/576] 已回收 tile_x9984_y8448
2026-07-26 14:02:03,558 - m3_module.m3_cells_generator - INFO - All-positive 標註完成: 2 個細胞
2026-07-26 14:02:03,588 - m3_module.m3_cells_generator - INFO - enlarge_cell_instances: 2 顆細胞, factor=1.50(面積), 中位半徑=16.4px, 外擴=3.7px
2026-07-26 14:02:03,598 - hybrid_pipeline - INFO - [282/576] 已回收 tile_x9216_y8448
2026-07-26 14:02:03,623 - m3_module.m3_cells_generator - INFO - All-positive 標註完成: 55 個細胞
2026-07-26 14:02:03,672 - hybrid_pipeline - INFO - [283/576] 已回收 tile_x14592_y8448
2026-07-26 14:02:03,673 - m3_module.m3_cells_generator - INFO - enlarge_cell_instances: 55 顆細胞, factor=1.50(面積), 中位半徑=21.9px, 外擴=4.9px
2026-07-26 14:02:03,700 - m3_module.m3_elastic_matching - INFO - elastic_dish_nucleus_matching(overlap-first): IHC=55, DISH=3, matched(1核)=0 (其中重疊=0), drop-out(競爭落敗)=0, 無候選(計入)=55, factor=1.50, min_reach=20.0
2026-07-26 14:02:03,701 - m3_module.m3_cells_generator - INFO - All-positive 標註完成: 124 個細胞
2026-07-26 14:02:03,731 - m3_module.m3_dot_detection - INFO - detect_all_dots: 紅點=0, 黑點=0, 涉及細胞=2
2026-07-26 14:02:03,751 - m3_module.m3_cells_generator - INFO - enlarge_cell_instances: 124 顆細胞, factor=1.50(面積), 中位半徑=25.8px, 外擴=5.8px
2026-07-26 14:02:03,767 - m4_module.cell_crops - INFO - 匯出 0 張 per-cell 影像至 /data/taro_Projects/tsgh/output/r7_run/cell_crops/tile_x15360_y8448/cells
2026-07-26 14:02:03,768 - hybrid_pipeline - INFO - Tile tile_x15360_y8448 完成: 核心擁有 0 細胞 (0 陽性), 1.23 秒
2026-07-26 14:02:03,768 - hybrid_pipeline - INFO - [284/576] 已回收 tile_x15360_y8448
2026-07-26 14:02:03,780 - m3_module.m3_elastic_matching - INFO - elastic_dish_nucleus_matching(overlap-first): IHC=124, DISH=6, matched(1核)=5 (其中重疊=5), drop-out(競爭落敗)=2, 無候選(計入)=117, factor=1.50, min_reach=20.0
2026-07-26 14:02:03,796 - hybrid_pipeline - INFO - Tile tile_x768_y9216: 核心遮罩全空 → 空白 placeholder
2026-07-26 14:02:03,809 - hybrid_pipeline - INFO - [285/576] 已回收 tile_x768_y9216
2026-07-26 14:02:03,819 - m3_module.m3_dot_detection - INFO - detect_all_dots: 紅點=0, 黑點=0, 涉及細胞=55
2026-07-26 14:02:03,836 - hybrid_pipeline - INFO - Tile tile_x1536_y9216: 核心遮罩全空 → 空白 placeholder
2026-07-26 14:02:03,846 - hybrid_pipeline - INFO - [286/576] 已回收 tile_x1536_y9216
2026-07-26 14:02:03,872 - hybrid_pipeline - INFO - Tile tile_x3840_y9216: 核心遮罩全空 → 空白 placeholder
2026-07-26 14:02:03,887 - hybrid_pipeline - INFO - [287/576] 已回收 tile_x3840_y9216
2026-07-26 14:02:03,912 - m3_module.m3_dot_detection - INFO - detect_all_dots: 紅點=5, 黑點=9, 涉及細胞=124
2026-07-26 14:02:03,920 - hybrid_pipeline - INFO - Tile tile_x3072_y9216: 核心遮罩全空 → 空白 placeholder
2026-07-26 14:02:03,927 - hybrid_pipeline - INFO - [288/576] 已回收 tile_x6912_y8448
2026-07-26 14:02:03,929 - hybrid_pipeline - INFO - [289/576] 已回收 tile_x3072_y9216
2026-07-26 14:02:03,952 - m3_module.m3_cells_generator - INFO - All-positive 標註完成: 142 個細胞
2026-07-26 14:02:03,958 - hybrid_pipeline - INFO - Tile tile_x4608_y9216: 核心遮罩全空 → 空白 placeholder
2026-07-26 14:02:03,984 - m4_module.cell_crops - INFO - 匯出 34 張 per-cell 影像至 /data/taro_Projects/tsgh/output/r7_run/cell_crops/tile_x16128_y8448/cells
2026-07-26 14:02:03,985 - hybrid_pipeline - INFO - Tile tile_x16128_y8448 完成: 核心擁有 34 細胞 (34 陽性), 1.40 秒
2026-07-26 14:02:03,985 - hybrid_pipeline - INFO - [290/576] 已回收 tile_x16128_y8448
2026-07-26 14:02:04,010 - hybrid_pipeline - INFO - Tile tile_x0_y9216: 核心遮罩全空 → 空白 placeholder
2026-07-26 14:02:04,010 - m3_module.m3_cells_generator - INFO - enlarge_cell_instances: 142 顆細胞, factor=1.50(面積), 中位半徑=24.2px, 外擴=5.4px
2026-07-26 14:02:04,041 - m3_module.m3_elastic_matching - INFO - elastic_dish_nucleus_matching(overlap-first): IHC=142, DISH=32, matched(1核)=11 (其中重疊=9), drop-out(競爭落敗)=3, 無候選(計入)=128, factor=1.50, min_reach=20.0
2026-07-26 14:02:04,165 - m3_module.m3_dot_detection - INFO - detect_all_dots: 紅點=4, 黑點=6, 涉及細胞=142
2026-07-26 14:02:04,228 - m4_module.cell_crops - INFO - 匯出 70 張 per-cell 影像至 /data/taro_Projects/tsgh/output/r7_run/cell_crops/tile_x16896_y8448/cells
2026-07-26 14:02:04,228 - hybrid_pipeline - INFO - Tile tile_x16896_y8448 完成: 核心擁有 70 細胞 (70 陽性), 1.60 秒
2026-07-26 14:02:04,229 - hybrid_pipeline - INFO - [291/576] 已回收 tile_x16896_y8448
2026-07-26 14:02:04,255 - hybrid_pipeline - INFO - Tile tile_x2304_y9216: 核心遮罩全空 → 空白 placeholder
2026-07-26 14:02:04,317 - cellpose.dynamics - INFO - No cell pixels found.
2026-07-26 14:02:04,497 - m4_module.cell_crops - INFO - 匯出 93 張 per-cell 影像至 /data/taro_Projects/tsgh/output/r7_run/cell_crops/tile_x17664_y8448/cells
2026-07-26 14:02:04,497 - hybrid_pipeline - INFO - Tile tile_x17664_y8448 完成: 核心擁有 93 細胞 (93 陽性), 1.61 秒
2026-07-26 14:02:04,497 - hybrid_pipeline - INFO - [292/576] 已回收 tile_x17664_y8448
2026-07-26 14:02:04,522 - hybrid_pipeline - INFO - Tile tile_x5376_y9216: 核心遮罩全空 → 空白 placeholder
2026-07-26 14:02:04,805 - hybrid_pipeline - INFO - [293/576] 已回收 tile_x0_y9216
2026-07-26 14:02:04,812 - m3_module.m3_cells_generator - INFO - All-positive 標註完成: 0 個細胞
2026-07-26 14:02:04,828 - hybrid_pipeline - INFO - [294/576] 已回收 tile_x4608_y9216
2026-07-26 14:02:04,855 - m3_module.m3_cells_generator - INFO - All-positive 標註完成: 100 個細胞
2026-07-26 14:02:04,902 - m3_module.m3_cells_generator - INFO - enlarge_cell_instances: 100 顆細胞, factor=1.50(面積), 中位半徑=20.7px, 外擴=4.7px
2026-07-26 14:02:04,929 - m3_module.m3_elastic_matching - INFO - elastic_dish_nucleus_matching(overlap-first): IHC=100, DISH=7, matched(1核)=4 (其中重疊=4), drop-out(競爭落敗)=3, 無候選(計入)=93, factor=1.50, min_reach=20.0
2026-07-26 14:02:04,952 - m3_module.m3_dot_detection - INFO - detect_all_dots: 紅點=0, 黑點=0, 涉及細胞=0
2026-07-26 14:02:04,983 - m4_module.cell_crops - INFO - 匯出 0 張 per-cell 影像至 /data/taro_Projects/tsgh/output/r7_run/cell_crops/tile_x8448_y9216/cells
2026-07-26 14:02:04,983 - hybrid_pipeline - INFO - Tile tile_x8448_y9216 完成: 核心擁有 0 細胞 (0 陽性), 1.00 秒
2026-07-26 14:02:04,983 - hybrid_pipeline - INFO - [295/576] 已回收 tile_x8448_y9216
2026-07-26 14:02:05,011 - hybrid_pipeline - INFO - Tile tile_x9216_y9216: 核心遮罩全空 → 空白 placeholder
2026-07-26 14:02:05,020 - hybrid_pipeline - INFO - [296/576] 已回收 tile_x9216_y9216
2026-07-26 14:02:05,052 - hybrid_pipeline - INFO - Tile tile_x10752_y9216: 核心遮罩全空 → 空白 placeholder
2026-07-26 14:02:05,054 - hybrid_pipeline - INFO - [297/576] 已回收 tile_x2304_y9216
2026-07-26 14:02:05,059 - m3_module.m3_dot_detection - INFO - detect_all_dots: 紅點=1, 黑點=5, 涉及細胞=100
2026-07-26 14:02:05,059 - hybrid_pipeline - INFO - [298/576] 已回收 tile_x10752_y9216
2026-07-26 14:02:05,081 - m3_module.m3_cells_generator - INFO - All-positive 標註完成: 36 個細胞
2026-07-26 14:02:05,083 - hybrid_pipeline - INFO - Tile tile_x11520_y9216: 核心遮罩全空 → 空白 placeholder
2026-07-26 14:02:05,120 - m3_module.m3_cells_generator - INFO - enlarge_cell_instances: 36 顆細胞, factor=1.50(面積), 中位半徑=19.5px, 外擴=4.4px
2026-07-26 14:02:05,134 - hybrid_pipeline - INFO - [299/576] 已回收 tile_x11520_y9216
2026-07-26 14:02:05,144 - m3_module.m3_elastic_matching - INFO - elastic_dish_nucleus_matching(overlap-first): IHC=36, DISH=3, matched(1核)=2 (其中重疊=2), drop-out(競爭落敗)=1, 無候選(計入)=33, factor=1.50, min_reach=20.0
2026-07-26 14:02:05,163 - hybrid_pipeline - INFO - Tile tile_x12288_y9216: 核心遮罩全空 → 空白 placeholder
2026-07-26 14:02:05,193 - hybrid_pipeline - INFO - [300/576] 已回收 tile_x12288_y9216
2026-07-26 14:02:05,221 - hybrid_pipeline - INFO - Tile tile_x14592_y9216: 核心遮罩全空 → 空白 placeholder
2026-07-26 14:02:05,243 - hybrid_pipeline - INFO - [301/576] 已回收 tile_x14592_y9216
2026-07-26 14:02:05,256 - m3_module.m3_dot_detection - INFO - detect_all_dots: 紅點=1, 黑點=3, 涉及細胞=36
2026-07-26 14:02:05,272 - hybrid_pipeline - INFO - Tile tile_x13824_y9216: 核心遮罩全空 → 空白 placeholder
2026-07-26 14:02:05,298 - m4_module.cell_crops - INFO - 匯出 42 張 per-cell 影像至 /data/taro_Projects/tsgh/output/r7_run/cell_crops/tile_x6912_y9216/cells
2026-07-26 14:02:05,298 - hybrid_pipeline - INFO - Tile tile_x6912_y9216 完成: 核心擁有 42 細胞 (42 陽性), 1.37 秒
2026-07-26 14:02:05,299 - hybrid_pipeline - INFO - [302/576] 已回收 tile_x6912_y9216
2026-07-26 14:02:05,329 - hybrid_pipeline - INFO - Tile tile_x9984_y9216: 核心遮罩全空 → 空白 placeholder
2026-07-26 14:02:05,355 - hybrid_pipeline - INFO - [303/576] 已回收 tile_x5376_y9216
2026-07-26 14:02:05,373 - m4_module.cell_crops - INFO - 匯出 22 張 per-cell 影像至 /data/taro_Projects/tsgh/output/r7_run/cell_crops/tile_x6144_y9216/cells
2026-07-26 14:02:05,373 - hybrid_pipeline - INFO - Tile tile_x6144_y9216 完成: 核心擁有 22 細胞 (22 陽性), 1.14 秒
2026-07-26 14:02:05,373 - hybrid_pipeline - INFO - [304/576] 已回收 tile_x6144_y9216
2026-07-26 14:02:05,382 - m3_module.m3_cells_generator - INFO - All-positive 標註完成: 65 個細胞
2026-07-26 14:02:05,398 - hybrid_pipeline - INFO - Tile tile_x13056_y9216: 核心遮罩全空 → 空白 placeholder
2026-07-26 14:02:05,429 - m3_module.m3_cells_generator - INFO - enlarge_cell_instances: 65 顆細胞, factor=1.50(面積), 中位半徑=23.6px, 外擴=5.3px
2026-07-26 14:02:05,449 - hybrid_pipeline - INFO - [305/576] 已回收 tile_x13056_y9216
2026-07-26 14:02:05,478 - hybrid_pipeline - INFO - Tile tile_x1536_y9984: 核心遮罩全空 → 空白 placeholder
2026-07-26 14:02:05,527 - hybrid_pipeline - INFO - [306/576] 已回收 tile_x1536_y9984
2026-07-26 14:02:05,555 - hybrid_pipeline - INFO - Tile tile_x0_y9984: 核心遮罩全空 → 空白 placeholder
2026-07-26 14:02:05,560 - m3_module.m3_dot_detection - INFO - detect_all_dots: 紅點=0, 黑點=0, 涉及細胞=65
2026-07-26 14:02:05,621 - hybrid_pipeline - INFO - [307/576] 已回收 tile_x0_y9984
2026-07-26 14:02:05,649 - hybrid_pipeline - INFO - Tile tile_x2304_y9984: 核心遮罩全空 → 空白 placeholder
2026-07-26 14:02:05,698 - hybrid_pipeline - INFO - [308/576] 已回收 tile_x2304_y9984
2026-07-26 14:02:05,706 - m4_module.cell_crops - INFO - 匯出 46 張 per-cell 影像至 /data/taro_Projects/tsgh/output/r7_run/cell_crops/tile_x7680_y9216/cells
2026-07-26 14:02:05,707 - hybrid_pipeline - INFO - Tile tile_x7680_y9216 完成: 核心擁有 46 細胞 (46 陽性), 1.21 秒
2026-07-26 14:02:05,729 - hybrid_pipeline - INFO - Tile tile_x768_y9984: 核心遮罩全空 → 空白 placeholder
2026-07-26 14:02:06,332 - hybrid_pipeline - INFO - [309/576] 已回收 tile_x9984_y9216
2026-07-26 14:02:06,345 - hybrid_pipeline - INFO - [310/576] 已回收 tile_x13824_y9216
2026-07-26 14:02:06,362 - m3_module.m3_cells_generator - INFO - All-positive 標註完成: 20 個細胞
2026-07-26 14:02:06,375 - m3_module.m3_cells_generator - INFO - All-positive 標註完成: 109 個細胞
2026-07-26 14:02:06,400 - m3_module.m3_cells_generator - INFO - enlarge_cell_instances: 20 顆細胞, factor=1.50(面積), 中位半徑=19.8px, 外擴=4.5px
2026-07-26 14:02:06,406 - hybrid_pipeline - INFO - [311/576] 已回收 tile_x7680_y9216
2026-07-26 14:02:06,429 - m3_module.m3_cells_generator - INFO - enlarge_cell_instances: 109 顆細胞, factor=1.50(面積), 中位半徑=22.9px, 外擴=5.1px
2026-07-26 14:02:06,433 - m3_module.m3_cells_generator - INFO - All-positive 標註完成: 133 個細胞
2026-07-26 14:02:06,457 - m3_module.m3_elastic_matching - INFO - elastic_dish_nucleus_matching(overlap-first): IHC=109, DISH=1, matched(1核)=1 (其中重疊=1), drop-out(競爭落敗)=1, 無候選(計入)=107, factor=1.50, min_reach=20.0
2026-07-26 14:02:06,484 - m3_module.m3_cells_generator - INFO - enlarge_cell_instances: 133 顆細胞, factor=1.50(面積), 中位半徑=23.3px, 外擴=5.2px
2026-07-26 14:02:06,512 - m3_module.m3_elastic_matching - INFO - elastic_dish_nucleus_matching(overlap-first): IHC=133, DISH=7, matched(1核)=4 (其中重疊=4), drop-out(競爭落敗)=3, 無候選(計入)=126, factor=1.50, min_reach=20.0
2026-07-26 14:02:06,543 - m3_module.m3_dot_detection - INFO - detect_all_dots: 紅點=0, 黑點=0, 涉及細胞=20
2026-07-26 14:02:06,576 - m3_module.m3_dot_detection - INFO - detect_all_dots: 紅點=0, 黑點=0, 涉及細胞=109
2026-07-26 14:02:06,626 - m4_module.cell_crops - INFO - 匯出 13 張 per-cell 影像至 /data/taro_Projects/tsgh/output/r7_run/cell_crops/tile_x15360_y9216/cells
2026-07-26 14:02:06,626 - hybrid_pipeline - INFO - Tile tile_x15360_y9216 完成: 核心擁有 13 細胞 (13 陽性), 1.33 秒
2026-07-26 14:02:06,626 - hybrid_pipeline - INFO - [312/576] 已回收 tile_x15360_y9216
2026-07-26 14:02:06,628 - hybrid_pipeline - INFO - [313/576] 已回收 tile_x768_y9984
2026-07-26 14:02:06,636 - m3_module.m3_dot_detection - INFO - detect_all_dots: 紅點=0, 黑點=1, 涉及細胞=133
2026-07-26 14:02:06,652 - hybrid_pipeline - INFO - Tile tile_x3072_y9984: 核心遮罩全空 → 空白 placeholder
2026-07-26 14:02:06,656 - m3_module.m3_cells_generator - INFO - All-positive 標註完成: 105 個細胞
2026-07-26 14:02:06,706 - m3_module.m3_cells_generator - INFO - enlarge_cell_instances: 105 顆細胞, factor=1.50(面積), 中位半徑=25.0px, 外擴=5.6px
2026-07-26 14:02:06,739 - m3_module.m3_elastic_matching - INFO - elastic_dish_nucleus_matching(overlap-first): IHC=105, DISH=10, matched(1核)=4 (其中重疊=4), drop-out(競爭落敗)=0, 無候選(計入)=101, factor=1.50, min_reach=20.0
2026-07-26 14:02:06,854 - m3_module.m3_dot_detection - INFO - detect_all_dots: 紅點=0, 黑點=0, 涉及細胞=105
2026-07-26 14:02:06,887 - m4_module.cell_crops - INFO - 匯出 76 張 per-cell 影像至 /data/taro_Projects/tsgh/output/r7_run/cell_crops/tile_x16128_y9216/cells
2026-07-26 14:02:06,887 - hybrid_pipeline - INFO - Tile tile_x16128_y9216 完成: 核心擁有 76 細胞 (76 陽性), 1.64 秒
2026-07-26 14:02:06,888 - hybrid_pipeline - INFO - [314/576] 已回收 tile_x16128_y9216
2026-07-26 14:02:06,918 - hybrid_pipeline - INFO - Tile tile_x3840_y9984: 核心遮罩全空 → 空白 placeholder
2026-07-26 14:02:06,942 - m4_module.cell_crops - INFO - 匯出 73 張 per-cell 影像至 /data/taro_Projects/tsgh/output/r7_run/cell_crops/tile_x16896_y9216/cells
2026-07-26 14:02:06,942 - hybrid_pipeline - INFO - Tile tile_x16896_y9216 完成: 核心擁有 73 細胞 (73 陽性), 1.59 秒
2026-07-26 14:02:06,943 - hybrid_pipeline - INFO - [315/576] 已回收 tile_x16896_y9216
2026-07-26 14:02:06,976 - hybrid_pipeline - INFO - Tile tile_x4608_y9984: 核心遮罩全空 → 空白 placeholder
2026-07-26 14:02:07,113 - m4_module.cell_crops - INFO - 匯出 60 張 per-cell 影像至 /data/taro_Projects/tsgh/output/r7_run/cell_crops/tile_x17664_y9216/cells
2026-07-26 14:02:07,113 - hybrid_pipeline - INFO - Tile tile_x17664_y9216 完成: 核心擁有 60 細胞 (60 陽性), 1.41 秒
2026-07-26 14:02:07,627 - hybrid_pipeline - INFO - [316/576] 已回收 tile_x3072_y9984
2026-07-26 14:02:07,643 - hybrid_pipeline - INFO - [317/576] 已回收 tile_x17664_y9216
2026-07-26 14:02:07,658 - m3_module.m3_cells_generator - INFO - All-positive 標註完成: 48 個細胞
2026-07-26 14:02:07,671 - m3_module.m3_cells_generator - INFO - All-positive 標註完成: 62 個細胞
2026-07-26 14:02:07,706 - m3_module.m3_cells_generator - INFO - enlarge_cell_instances: 48 顆細胞, factor=1.50(面積), 中位半徑=22.2px, 外擴=5.0px
2026-07-26 14:02:07,719 - m3_module.m3_cells_generator - INFO - enlarge_cell_instances: 62 顆細胞, factor=1.50(面積), 中位半徑=25.2px, 外擴=5.7px
2026-07-26 14:02:07,731 - m3_module.m3_elastic_matching - INFO - elastic_dish_nucleus_matching(overlap-first): IHC=48, DISH=3, matched(1核)=1 (其中重疊=1), drop-out(競爭落敗)=0, 無候選(計入)=47, factor=1.50, min_reach=20.0
2026-07-26 14:02:07,751 - m3_module.m3_elastic_matching - INFO - elastic_dish_nucleus_matching(overlap-first): IHC=62, DISH=251, matched(1核)=6 (其中重疊=6), drop-out(競爭落敗)=0, 無候選(計入)=56, factor=1.50, min_reach=20.0
2026-07-26 14:02:07,859 - m3_module.m3_dot_detection - INFO - detect_all_dots: 紅點=0, 黑點=0, 涉及細胞=48
2026-07-26 14:02:07,868 - hybrid_pipeline - INFO - [318/576] 已回收 tile_x3840_y9984
2026-07-26 14:02:07,870 - m3_module.m3_dot_detection - INFO - detect_all_dots: 紅點=0, 黑點=0, 涉及細胞=62
2026-07-26 14:02:07,898 - m3_module.m3_cells_generator - INFO - All-positive 標註完成: 56 個細胞
2026-07-26 14:02:07,917 - hybrid_pipeline - INFO - [319/576] 已回收 tile_x4608_y9984
2026-07-26 14:02:07,945 - m3_module.m3_cells_generator - INFO - enlarge_cell_instances: 56 顆細胞, factor=1.50(面積), 中位半徑=22.7px, 外擴=5.1px
2026-07-26 14:02:07,947 - m3_module.m3_cells_generator - INFO - All-positive 標註完成: 34 個細胞
2026-07-26 14:02:07,971 - m3_module.m3_elastic_matching - INFO - elastic_dish_nucleus_matching(overlap-first): IHC=56, DISH=3, matched(1核)=2 (其中重疊=1), drop-out(競爭落敗)=0, 無候選(計入)=54, factor=1.50, min_reach=20.0
2026-07-26 14:02:07,989 - m3_module.m3_cells_generator - INFO - enlarge_cell_instances: 34 顆細胞, factor=1.50(面積), 中位半徑=18.6px, 外擴=4.2px
2026-07-26 14:02:08,014 - m3_module.m3_elastic_matching - INFO - elastic_dish_nucleus_matching(overlap-first): IHC=34, DISH=1, matched(1核)=1 (其中重疊=1), drop-out(競爭落敗)=0, 無候選(計入)=33, factor=1.50, min_reach=20.0
2026-07-26 14:02:08,046 - m4_module.cell_crops - INFO - 匯出 37 張 per-cell 影像至 /data/taro_Projects/tsgh/output/r7_run/cell_crops/tile_x6144_y9984/cells
2026-07-26 14:02:08,046 - hybrid_pipeline - INFO - Tile tile_x6144_y9984 完成: 核心擁有 37 細胞 (37 陽性), 1.42 秒
2026-07-26 14:02:08,064 - m4_module.cell_crops - INFO - 匯出 37 張 per-cell 影像至 /data/taro_Projects/tsgh/output/r7_run/cell_crops/tile_x7680_y9984/cells
2026-07-26 14:02:08,065 - hybrid_pipeline - INFO - Tile tile_x7680_y9984 完成: 核心擁有 37 細胞 (37 陽性), 1.44 秒
2026-07-26 14:02:08,066 - hybrid_pipeline - INFO - [320/576] 已回收 tile_x7680_y9984
2026-07-26 14:02:08,090 - m3_module.m3_dot_detection - INFO - detect_all_dots: 紅點=0, 黑點=0, 涉及細胞=56
2026-07-26 14:02:08,092 - hybrid_pipeline - INFO - Tile tile_x9984_y9984: 核心遮罩全空 → 空白 placeholder
2026-07-26 14:02:08,115 - hybrid_pipeline - INFO - [321/576] 已回收 tile_x9984_y9984
2026-07-26 14:02:08,126 - m3_module.m3_dot_detection - INFO - detect_all_dots: 紅點=0, 黑點=0, 涉及細胞=34
2026-07-26 14:02:08,141 - hybrid_pipeline - INFO - Tile tile_x12288_y9984: 核心遮罩全空 → 空白 placeholder
2026-07-26 14:02:08,154 - hybrid_pipeline - INFO - [322/576] 已回收 tile_x12288_y9984
2026-07-26 14:02:08,177 - hybrid_pipeline - INFO - Tile tile_x11520_y9984: 核心遮罩全空 → 空白 placeholder
2026-07-26 14:02:08,217 - hybrid_pipeline - INFO - [323/576] 已回收 tile_x11520_y9984
2026-07-26 14:02:08,248 - m4_module.cell_crops - INFO - 匯出 19 張 per-cell 影像至 /data/taro_Projects/tsgh/output/r7_run/cell_crops/tile_x5376_y9984/cells
2026-07-26 14:02:08,248 - hybrid_pipeline - INFO - Tile tile_x5376_y9984 完成: 核心擁有 19 細胞 (19 陽性), 1.31 秒
2026-07-26 14:02:08,249 - hybrid_pipeline - INFO - [324/576] 已回收 tile_x5376_y9984
2026-07-26 14:02:08,251 - hybrid_pipeline - INFO - Tile tile_x13824_y9984: 核心遮罩全空 → 空白 placeholder
2026-07-26 14:02:08,275 - hybrid_pipeline - INFO - Tile tile_x10752_y9984: 核心遮罩全空 → 空白 placeholder
2026-07-26 14:02:08,285 - m4_module.cell_crops - INFO - 匯出 33 張 per-cell 影像至 /data/taro_Projects/tsgh/output/r7_run/cell_crops/tile_x6912_y9984/cells
2026-07-26 14:02:08,285 - hybrid_pipeline - INFO - Tile tile_x6912_y9984 完成: 核心擁有 33 細胞 (33 陽性), 1.40 秒
2026-07-26 14:02:08,285 - hybrid_pipeline - INFO - [325/576] 已回收 tile_x6912_y9984
2026-07-26 14:02:08,286 - hybrid_pipeline - INFO - [326/576] 已回收 tile_x13824_y9984
2026-07-26 14:02:08,311 - hybrid_pipeline - INFO - Tile tile_x13056_y9984: 核心遮罩全空 → 空白 placeholder
2026-07-26 14:02:08,312 - hybrid_pipeline - INFO - Tile tile_x9216_y9984: 核心遮罩全空 → 空白 placeholder
2026-07-26 14:02:08,421 - hybrid_pipeline - INFO - [327/576] 已回收 tile_x6144_y9984
2026-07-26 14:02:08,453 - m3_module.m3_cells_generator - INFO - All-positive 標註完成: 2 個細胞
2026-07-26 14:02:08,477 - m3_module.m3_cells_generator - INFO - enlarge_cell_instances: 2 顆細胞, factor=1.50(面積), 中位半徑=15.6px, 外擴=3.5px
2026-07-26 14:02:08,576 - m3_module.m3_dot_detection - INFO - detect_all_dots: 紅點=0, 黑點=0, 涉及細胞=2
2026-07-26 14:02:08,600 - cellpose.dynamics - INFO - No cell pixels found.
2026-07-26 14:02:08,617 - m4_module.cell_crops - INFO - 匯出 0 張 per-cell 影像至 /data/taro_Projects/tsgh/output/r7_run/cell_crops/tile_x8448_y9984/cells
2026-07-26 14:02:08,617 - hybrid_pipeline - INFO - Tile tile_x8448_y9984 完成: 核心擁有 0 細胞 (0 陽性), 0.99 秒
2026-07-26 14:02:09,026 - hybrid_pipeline - INFO - [328/576] 已回收 tile_x10752_y9984
2026-07-26 14:02:09,035 - m3_module.m3_cells_generator - INFO - All-positive 標註完成: 0 個細胞
2026-07-26 14:02:09,158 - m3_module.m3_dot_detection - INFO - detect_all_dots: 紅點=0, 黑點=0, 涉及細胞=0
2026-07-26 14:02:09,191 - m4_module.cell_crops - INFO - 匯出 0 張 per-cell 影像至 /data/taro_Projects/tsgh/output/r7_run/cell_crops/tile_x14592_y9984/cells
2026-07-26 14:02:09,191 - hybrid_pipeline - INFO - Tile tile_x14592_y9984 完成: 核心擁有 0 細胞 (0 陽性), 0.94 秒
2026-07-26 14:02:09,192 - hybrid_pipeline - INFO - [329/576] 已回收 tile_x14592_y9984
2026-07-26 14:02:09,216 - hybrid_pipeline - INFO - Tile tile_x0_y10752: 核心遮罩全空 → 空白 placeholder
2026-07-26 14:02:09,383 - hybrid_pipeline - INFO - [330/576] 已回收 tile_x13056_y9984
2026-07-26 14:02:09,410 - hybrid_pipeline - INFO - [331/576] 已回收 tile_x9216_y9984
2026-07-26 14:02:09,419 - m3_module.m3_cells_generator - INFO - All-positive 標註完成: 51 個細胞
2026-07-26 14:02:09,433 - m3_module.m3_cells_generator - INFO - All-positive 標註完成: 60 個細胞
2026-07-26 14:02:09,448 - hybrid_pipeline - INFO - [332/576] 已回收 tile_x8448_y9984
2026-07-26 14:02:09,469 - m3_module.m3_cells_generator - INFO - enlarge_cell_instances: 51 顆細胞, factor=1.50(面積), 中位半徑=23.0px, 外擴=5.2px
2026-07-26 14:02:09,475 - m3_module.m3_cells_generator - INFO - All-positive 標註完成: 70 個細胞
2026-07-26 14:02:09,478 - m3_module.m3_cells_generator - INFO - enlarge_cell_instances: 60 顆細胞, factor=1.50(面積), 中位半徑=24.0px, 外擴=5.4px
2026-07-26 14:02:09,495 - m3_module.m3_elastic_matching - INFO - elastic_dish_nucleus_matching(overlap-first): IHC=51, DISH=1, matched(1核)=1 (其中重疊=1), drop-out(競爭落敗)=1, 無候選(計入)=49, factor=1.50, min_reach=20.0
2026-07-26 14:02:09,503 - m3_module.m3_elastic_matching - INFO - elastic_dish_nucleus_matching(overlap-first): IHC=60, DISH=2, matched(1核)=2 (其中重疊=2), drop-out(競爭落敗)=0, 無候選(計入)=58, factor=1.50, min_reach=20.0
2026-07-26 14:02:09,528 - m3_module.m3_cells_generator - INFO - enlarge_cell_instances: 70 顆細胞, factor=1.50(面積), 中位半徑=21.9px, 外擴=4.9px
2026-07-26 14:02:09,555 - m3_module.m3_elastic_matching - INFO - elastic_dish_nucleus_matching(overlap-first): IHC=70, DISH=5, matched(1核)=4 (其中重疊=4), drop-out(競爭落敗)=5, 無候選(計入)=61, factor=1.50, min_reach=20.0
2026-07-26 14:02:09,611 - m3_module.m3_dot_detection - INFO - detect_all_dots: 紅點=0, 黑點=0, 涉及細胞=51
2026-07-26 14:02:09,623 - m3_module.m3_dot_detection - INFO - detect_all_dots: 紅點=1, 黑點=1, 涉及細胞=60
2026-07-26 14:02:09,651 - m3_module.m3_dot_detection - INFO - detect_all_dots: 紅點=1, 黑點=2, 涉及細胞=70
2026-07-26 14:02:09,814 - m4_module.cell_crops - INFO - 匯出 19 張 per-cell 影像至 /data/taro_Projects/tsgh/output/r7_run/cell_crops/tile_x16128_y9984/cells
2026-07-26 14:02:09,814 - hybrid_pipeline - INFO - Tile tile_x16128_y9984 完成: 核心擁有 19 細胞 (19 陽性), 1.53 秒
2026-07-26 14:02:09,816 - hybrid_pipeline - INFO - [333/576] 已回收 tile_x16128_y9984
2026-07-26 14:02:09,822 - m4_module.cell_crops - INFO - 匯出 24 張 per-cell 影像至 /data/taro_Projects/tsgh/output/r7_run/cell_crops/tile_x16896_y9984/cells
2026-07-26 14:02:09,822 - hybrid_pipeline - INFO - Tile tile_x16896_y9984 完成: 核心擁有 24 細胞 (24 陽性), 1.40 秒
2026-07-26 14:02:09,823 - m4_module.cell_crops - INFO - 匯出 41 張 per-cell 影像至 /data/taro_Projects/tsgh/output/r7_run/cell_crops/tile_x15360_y9984/cells
2026-07-26 14:02:09,823 - hybrid_pipeline - INFO - Tile tile_x15360_y9984 完成: 核心擁有 41 細胞 (41 陽性), 1.54 秒
2026-07-26 14:02:09,823 - hybrid_pipeline - INFO - [334/576] 已回收 tile_x16896_y9984
2026-07-26 14:02:09,824 - hybrid_pipeline - INFO - [335/576] 已回收 tile_x15360_y9984
2026-07-26 14:02:09,840 - hybrid_pipeline - INFO - Tile tile_x2304_y10752: 核心遮罩全空 → 空白 placeholder
2026-07-26 14:02:09,848 - hybrid_pipeline - INFO - Tile tile_x1536_y10752: 核心遮罩全空 → 空白 placeholder
2026-07-26 14:02:09,856 - hybrid_pipeline - INFO - Tile tile_x768_y10752: 核心遮罩全空 → 空白 placeholder
2026-07-26 14:02:09,908 - hybrid_pipeline - INFO - [336/576] 已回收 tile_x2304_y10752
2026-07-26 14:02:09,910 - hybrid_pipeline - INFO - [337/576] 已回收 tile_x1536_y10752
2026-07-26 14:02:09,933 - hybrid_pipeline - INFO - Tile tile_x3840_y10752: 核心遮罩全空 → 空白 placeholder
2026-07-26 14:02:09,942 - hybrid_pipeline - INFO - Tile tile_x3072_y10752: 核心遮罩全空 → 空白 placeholder
2026-07-26 14:02:09,972 - hybrid_pipeline - INFO - [338/576] 已回收 tile_x3072_y10752
2026-07-26 14:02:09,999 - hybrid_pipeline - INFO - Tile tile_x4608_y10752: 核心遮罩全空 → 空白 placeholder
2026-07-26 14:02:10,039 - hybrid_pipeline - INFO - [339/576] 已回收 tile_x0_y10752
2026-07-26 14:02:10,068 - m3_module.m3_cells_generator - INFO - All-positive 標註完成: 99 個細胞
2026-07-26 14:02:10,118 - m3_module.m3_cells_generator - INFO - enlarge_cell_instances: 99 顆細胞, factor=1.50(面積), 中位半徑=23.9px, 外擴=5.4px
2026-07-26 14:02:10,145 - m3_module.m3_elastic_matching - INFO - elastic_dish_nucleus_matching(overlap-first): IHC=99, DISH=4, matched(1核)=4 (其中重疊=4), drop-out(競爭落敗)=1, 無候選(計入)=94, factor=1.50, min_reach=20.0
2026-07-26 14:02:10,265 - m3_module.m3_dot_detection - INFO - detect_all_dots: 紅點=1, 黑點=2, 涉及細胞=99
2026-07-26 14:02:10,508 - m4_module.cell_crops - INFO - 匯出 62 張 per-cell 影像至 /data/taro_Projects/tsgh/output/r7_run/cell_crops/tile_x17664_y9984/cells
2026-07-26 14:02:10,508 - hybrid_pipeline - INFO - Tile tile_x17664_y9984 完成: 核心擁有 62 細胞 (62 陽性), 1.32 秒
2026-07-26 14:02:10,783 - hybrid_pipeline - INFO - [340/576] 已回收 tile_x768_y10752
2026-07-26 14:02:10,813 - m3_module.m3_cells_generator - INFO - All-positive 標註完成: 68 個細胞
2026-07-26 14:02:10,861 - m3_module.m3_cells_generator - INFO - enlarge_cell_instances: 68 顆細胞, factor=1.50(面積), 中位半徑=20.6px, 外擴=4.6px
2026-07-26 14:02:10,890 - m3_module.m3_elastic_matching - INFO - elastic_dish_nucleus_matching(overlap-first): IHC=68, DISH=5, matched(1核)=3 (其中重疊=3), drop-out(競爭落敗)=1, 無候選(計入)=64, factor=1.50, min_reach=20.0
2026-07-26 14:02:10,955 - hybrid_pipeline - INFO - [341/576] 已回收 tile_x3840_y10752
2026-07-26 14:02:10,983 - hybrid_pipeline - INFO - [342/576] 已回收 tile_x4608_y10752
2026-07-26 14:02:10,994 - m3_module.m3_cells_generator - INFO - All-positive 標註完成: 61 個細胞
2026-07-26 14:02:11,006 - hybrid_pipeline - INFO - [343/576] 已回收 tile_x17664_y9984
2026-07-26 14:02:11,015 - m3_module.m3_cells_generator - INFO - All-positive 標註完成: 54 個細胞
2026-07-26 14:02:11,022 - m3_module.m3_dot_detection - INFO - detect_all_dots: 紅點=3, 黑點=3, 涉及細胞=68
2026-07-26 14:02:11,030 - m3_module.m3_cells_generator - INFO - All-positive 標註完成: 61 個細胞
2026-07-26 14:02:11,040 - m3_module.m3_cells_generator - INFO - enlarge_cell_instances: 61 顆細胞, factor=1.50(面積), 中位半徑=23.6px, 外擴=5.3px
2026-07-26 14:02:11,061 - m3_module.m3_cells_generator - INFO - enlarge_cell_instances: 54 顆細胞, factor=1.50(面積), 中位半徑=19.2px, 外擴=4.3px
2026-07-26 14:02:11,067 - m3_module.m3_elastic_matching - INFO - elastic_dish_nucleus_matching(overlap-first): IHC=61, DISH=8, matched(1核)=5 (其中重疊=4), drop-out(競爭落敗)=2, 無候選(計入)=54, factor=1.50, min_reach=20.0
2026-07-26 14:02:11,087 - m3_module.m3_cells_generator - INFO - enlarge_cell_instances: 61 顆細胞, factor=1.50(面積), 中位半徑=22.7px, 外擴=5.1px
2026-07-26 14:02:11,091 - m3_module.m3_elastic_matching - INFO - elastic_dish_nucleus_matching(overlap-first): IHC=54, DISH=5, matched(1核)=2 (其中重疊=2), drop-out(競爭落敗)=0, 無候選(計入)=52, factor=1.50, min_reach=20.0
2026-07-26 14:02:11,119 - m3_module.m3_elastic_matching - INFO - elastic_dish_nucleus_matching(overlap-first): IHC=61, DISH=3, matched(1核)=2 (其中重疊=2), drop-out(競爭落敗)=0, 無候選(計入)=59, factor=1.50, min_reach=20.0
2026-07-26 14:02:11,218 - m3_module.m3_dot_detection - INFO - detect_all_dots: 紅點=1, 黑點=2, 涉及細胞=54
2026-07-26 14:02:11,218 - m3_module.m3_dot_detection - INFO - detect_all_dots: 紅點=3, 黑點=6, 涉及細胞=61
2026-07-26 14:02:11,229 - m4_module.cell_crops - INFO - 匯出 42 張 per-cell 影像至 /data/taro_Projects/tsgh/output/r7_run/cell_crops/tile_x5376_y10752/cells
2026-07-26 14:02:11,229 - hybrid_pipeline - INFO - Tile tile_x5376_y10752 完成: 核心擁有 42 細胞 (42 陽性), 1.41 秒
2026-07-26 14:02:11,249 - m3_module.m3_dot_detection - INFO - detect_all_dots: 紅點=1, 黑點=3, 涉及細胞=61
2026-07-26 14:02:11,398 - m4_module.cell_crops - INFO - 匯出 40 張 per-cell 影像至 /data/taro_Projects/tsgh/output/r7_run/cell_crops/tile_x6912_y10752/cells
2026-07-26 14:02:11,398 - hybrid_pipeline - INFO - Tile tile_x6912_y10752 完成: 核心擁有 40 細胞 (40 陽性), 1.43 秒
2026-07-26 14:02:11,400 - m4_module.cell_crops - INFO - 匯出 22 張 per-cell 影像至 /data/taro_Projects/tsgh/output/r7_run/cell_crops/tile_x6144_y10752/cells
2026-07-26 14:02:11,400 - hybrid_pipeline - INFO - Tile tile_x6144_y10752 完成: 核心擁有 22 細胞 (22 陽性), 1.49 秒
2026-07-26 14:02:11,448 - m4_module.cell_crops - INFO - 匯出 36 張 per-cell 影像至 /data/taro_Projects/tsgh/output/r7_run/cell_crops/tile_x7680_y10752/cells
2026-07-26 14:02:11,448 - hybrid_pipeline - INFO - Tile tile_x7680_y10752 完成: 核心擁有 36 細胞 (36 陽性), 1.41 秒
2026-07-26 14:02:11,505 - cellpose.dynamics - INFO - No cell pixels found.
2026-07-26 14:02:11,738 - hybrid_pipeline - INFO - [344/576] 已回收 tile_x5376_y10752
2026-07-26 14:02:11,767 - m3_module.m3_cells_generator - INFO - All-positive 標註完成: 65 個細胞
2026-07-26 14:02:11,816 - m3_module.m3_cells_generator - INFO - enlarge_cell_instances: 65 顆細胞, factor=1.50(面積), 中位半徑=23.5px, 外擴=5.3px
2026-07-26 14:02:11,843 - m3_module.m3_elastic_matching - INFO - elastic_dish_nucleus_matching(overlap-first): IHC=65, DISH=2, matched(1核)=2 (其中重疊=2), drop-out(競爭落敗)=0, 無候選(計入)=63, factor=1.50, min_reach=20.0
2026-07-26 14:02:11,958 - m3_module.m3_dot_detection - INFO - detect_all_dots: 紅點=1, 黑點=3, 涉及細胞=65
2026-07-26 14:02:11,981 - hybrid_pipeline - INFO - [345/576] 已回收 tile_x6912_y10752
2026-07-26 14:02:11,993 - m3_module.m3_cells_generator - INFO - All-positive 標註完成: 0 個細胞
2026-07-26 14:02:12,020 - hybrid_pipeline - INFO - [346/576] 已回收 tile_x6144_y10752
2026-07-26 14:02:12,046 - hybrid_pipeline - INFO - [347/576] 已回收 tile_x7680_y10752
2026-07-26 14:02:12,059 - m3_module.m3_cells_generator - INFO - All-positive 標註完成: 33 個細胞
2026-07-26 14:02:12,075 - m3_module.m3_cells_generator - INFO - All-positive 標註完成: 33 個細胞
2026-07-26 14:02:12,097 - m3_module.m3_dot_detection - INFO - detect_all_dots: 紅點=0, 黑點=0, 涉及細胞=0
2026-07-26 14:02:12,101 - m3_module.m3_cells_generator - INFO - enlarge_cell_instances: 33 顆細胞, factor=1.50(面積), 中位半徑=19.1px, 外擴=4.3px
2026-07-26 14:02:12,120 - m3_module.m3_cells_generator - INFO - enlarge_cell_instances: 33 顆細胞, factor=1.50(面積), 中位半徑=20.5px, 外擴=4.6px
2026-07-26 14:02:12,135 - m4_module.cell_crops - INFO - 匯出 0 張 per-cell 影像至 /data/taro_Projects/tsgh/output/r7_run/cell_crops/tile_x9984_y10752/cells
2026-07-26 14:02:12,135 - hybrid_pipeline - INFO - Tile tile_x9984_y10752 完成: 核心擁有 0 細胞 (0 陽性), 1.15 秒
2026-07-26 14:02:12,155 - m4_module.cell_crops - INFO - 匯出 51 張 per-cell 影像至 /data/taro_Projects/tsgh/output/r7_run/cell_crops/tile_x8448_y10752/cells
2026-07-26 14:02:12,156 - hybrid_pipeline - INFO - Tile tile_x8448_y10752 完成: 核心擁有 51 細胞 (51 陽性), 1.37 秒
2026-07-26 14:02:12,158 - hybrid_pipeline - INFO - [348/576] 已回收 tile_x8448_y10752
2026-07-26 14:02:12,183 - hybrid_pipeline - INFO - Tile tile_x13056_y10752: 核心遮罩全空 → 空白 placeholder
2026-07-26 14:02:12,236 - m3_module.m3_dot_detection - INFO - detect_all_dots: 紅點=0, 黑點=0, 涉及細胞=33
2026-07-26 14:02:12,253 - m3_module.m3_dot_detection - INFO - detect_all_dots: 紅點=0, 黑點=0, 涉及細胞=33
2026-07-26 14:02:12,328 - m4_module.cell_crops - INFO - 匯出 19 張 per-cell 影像至 /data/taro_Projects/tsgh/output/r7_run/cell_crops/tile_x9216_y10752/cells
2026-07-26 14:02:12,328 - hybrid_pipeline - INFO - Tile tile_x9216_y10752 完成: 核心擁有 19 細胞 (19 陽性), 1.37 秒
2026-07-26 14:02:12,371 - m4_module.cell_crops - INFO - 匯出 15 張 per-cell 影像至 /data/taro_Projects/tsgh/output/r7_run/cell_crops/tile_x11520_y10752/cells
2026-07-26 14:02:12,371 - hybrid_pipeline - INFO - Tile tile_x11520_y10752 完成: 核心擁有 15 細胞 (15 陽性), 1.37 秒
2026-07-26 14:02:12,372 - hybrid_pipeline - INFO - [349/576] 已回收 tile_x11520_y10752
2026-07-26 14:02:12,396 - hybrid_pipeline - INFO - Tile tile_x13824_y10752: 核心遮罩全空 → 空白 placeholder
2026-07-26 14:02:12,511 - cellpose.dynamics - INFO - No cell pixels found.
2026-07-26 14:02:12,929 - hybrid_pipeline - INFO - [350/576] 已回收 tile_x9984_y10752
2026-07-26 14:02:12,960 - m3_module.m3_cells_generator - INFO - All-positive 標註完成: 20 個細胞
2026-07-26 14:02:13,004 - m3_module.m3_cells_generator - INFO - enlarge_cell_instances: 20 顆細胞, factor=1.50(面積), 中位半徑=25.1px, 外擴=5.6px
2026-07-26 14:02:13,008 - hybrid_pipeline - INFO - [351/576] 已回收 tile_x9216_y10752
2026-07-26 14:02:13,031 - m3_module.m3_elastic_matching - INFO - elastic_dish_nucleus_matching(overlap-first): IHC=20, DISH=7, matched(1核)=6 (其中重疊=6), drop-out(競爭落敗)=1, 無候選(計入)=13, factor=1.50, min_reach=20.0
2026-07-26 14:02:13,042 - hybrid_pipeline - INFO - [352/576] 已回收 tile_x13056_y10752
2026-07-26 14:02:13,043 - m3_module.m3_cells_generator - INFO - All-positive 標註完成: 16 個細胞
2026-07-26 14:02:13,053 - m3_module.m3_cells_generator - INFO - All-positive 標註完成: 0 個細胞
2026-07-26 14:02:13,082 - m3_module.m3_cells_generator - INFO - enlarge_cell_instances: 16 顆細胞, factor=1.50(面積), 中位半徑=23.8px, 外擴=5.3px
2026-07-26 14:02:13,107 - m3_module.m3_elastic_matching - INFO - elastic_dish_nucleus_matching(overlap-first): IHC=16, DISH=1, matched(1核)=0 (其中重疊=0), drop-out(競爭落敗)=0, 無候選(計入)=16, factor=1.50, min_reach=20.0
2026-07-26 14:02:13,139 - m3_module.m3_dot_detection - INFO - detect_all_dots: 紅點=6, 黑點=9, 涉及細胞=20
2026-07-26 14:02:13,186 - m3_module.m3_dot_detection - INFO - detect_all_dots: 紅點=0, 黑點=0, 涉及細胞=0
2026-07-26 14:02:13,218 - m3_module.m3_dot_detection - INFO - detect_all_dots: 紅點=0, 黑點=0, 涉及細胞=16
2026-07-26 14:02:13,219 - m4_module.cell_crops - INFO - 匯出 0 張 per-cell 影像至 /data/taro_Projects/tsgh/output/r7_run/cell_crops/tile_x14592_y10752/cells
2026-07-26 14:02:13,219 - hybrid_pipeline - INFO - Tile tile_x14592_y10752 完成: 核心擁有 0 細胞 (0 陽性), 1.06 秒
2026-07-26 14:02:13,260 - m4_module.cell_crops - INFO - 匯出 7 張 per-cell 影像至 /data/taro_Projects/tsgh/output/r7_run/cell_crops/tile_x10752_y10752/cells
2026-07-26 14:02:13,260 - hybrid_pipeline - INFO - Tile tile_x10752_y10752 完成: 核心擁有 7 細胞 (7 陽性), 1.28 秒
2026-07-26 14:02:13,277 - m4_module.cell_crops - INFO - 匯出 2 張 per-cell 影像至 /data/taro_Projects/tsgh/output/r7_run/cell_crops/tile_x12288_y10752/cells
2026-07-26 14:02:13,277 - hybrid_pipeline - INFO - Tile tile_x12288_y10752 完成: 核心擁有 2 細胞 (2 陽性), 1.26 秒
2026-07-26 14:02:13,280 - hybrid_pipeline - INFO - [353/576] 已回收 tile_x12288_y10752
2026-07-26 14:02:13,306 - hybrid_pipeline - INFO - Tile tile_x0_y11520: 核心遮罩全空 → 空白 placeholder
2026-07-26 14:02:13,347 - hybrid_pipeline - INFO - [354/576] 已回收 tile_x0_y11520
2026-07-26 14:02:13,378 - hybrid_pipeline - INFO - Tile tile_x768_y11520: 核心遮罩全空 → 空白 placeholder
2026-07-26 14:02:13,393 - hybrid_pipeline - INFO - [355/576] 已回收 tile_x13824_y10752
2026-07-26 14:02:13,415 - hybrid_pipeline - INFO - [356/576] 已回收 tile_x768_y11520
2026-07-26 14:02:13,418 - m3_module.m3_cells_generator - INFO - All-positive 標註完成: 33 個細胞
2026-07-26 14:02:13,440 - hybrid_pipeline - INFO - Tile tile_x1536_y11520: 核心遮罩全空 → 空白 placeholder
2026-07-26 14:02:13,464 - m3_module.m3_cells_generator - INFO - enlarge_cell_instances: 33 顆細胞, factor=1.50(面積), 中位半徑=23.7px, 外擴=5.3px
2026-07-26 14:02:13,464 - hybrid_pipeline - INFO - [357/576] 已回收 tile_x1536_y11520
2026-07-26 14:02:13,490 - m3_module.m3_elastic_matching - INFO - elastic_dish_nucleus_matching(overlap-first): IHC=33, DISH=1, matched(1核)=1 (其中重疊=1), drop-out(競爭落敗)=0, 無候選(計入)=32, factor=1.50, min_reach=20.0
2026-07-26 14:02:13,492 - hybrid_pipeline - INFO - Tile tile_x2304_y11520: 核心遮罩全空 → 空白 placeholder
2026-07-26 14:02:13,521 - hybrid_pipeline - INFO - [358/576] 已回收 tile_x2304_y11520
2026-07-26 14:02:13,555 - hybrid_pipeline - INFO - Tile tile_x3072_y11520: 核心遮罩全空 → 空白 placeholder
2026-07-26 14:02:13,574 - hybrid_pipeline - INFO - [359/576] 已回收 tile_x3072_y11520
2026-07-26 14:02:13,600 - hybrid_pipeline - INFO - Tile tile_x3840_y11520: 核心遮罩全空 → 空白 placeholder
2026-07-26 14:02:13,608 - m3_module.m3_dot_detection - INFO - detect_all_dots: 紅點=1, 黑點=1, 涉及細胞=33
2026-07-26 14:02:13,759 - m4_module.cell_crops - INFO - 匯出 21 張 per-cell 影像至 /data/taro_Projects/tsgh/output/r7_run/cell_crops/tile_x15360_y10752/cells
2026-07-26 14:02:13,759 - hybrid_pipeline - INFO - Tile tile_x15360_y10752 完成: 核心擁有 21 細胞 (21 陽性), 1.39 秒
2026-07-26 14:02:14,017 - cellpose.dynamics - INFO - No cell pixels found.
2026-07-26 14:02:14,023 - hybrid_pipeline - INFO - [360/576] 已回收 tile_x10752_y10752
2026-07-26 14:02:14,053 - hybrid_pipeline - INFO - [361/576] 已回收 tile_x14592_y10752
2026-07-26 14:02:14,056 - m3_module.m3_cells_generator - INFO - All-positive 標註完成: 95 個細胞
2026-07-26 14:02:14,089 - m3_module.m3_cells_generator - INFO - All-positive 標註完成: 72 個細胞
2026-07-26 14:02:14,116 - m3_module.m3_cells_generator - INFO - enlarge_cell_instances: 95 顆細胞, factor=1.50(面積), 中位半徑=20.2px, 外擴=4.6px
2026-07-26 14:02:14,147 - m3_module.m3_cells_generator - INFO - enlarge_cell_instances: 72 顆細胞, factor=1.50(面積), 中位半徑=22.9px, 外擴=5.1px
2026-07-26 14:02:14,148 - m3_module.m3_elastic_matching - INFO - elastic_dish_nucleus_matching(overlap-first): IHC=95, DISH=2, matched(1核)=1 (其中重疊=1), drop-out(競爭落敗)=1, 無候選(計入)=93, factor=1.50, min_reach=20.0
2026-07-26 14:02:14,176 - m3_module.m3_elastic_matching - INFO - elastic_dish_nucleus_matching(overlap-first): IHC=72, DISH=9, matched(1核)=7 (其中重疊=7), drop-out(競爭落敗)=3, 無候選(計入)=62, factor=1.50, min_reach=20.0
2026-07-26 14:02:14,250 - m3_module.m3_dot_detection - INFO - detect_all_dots: 紅點=2, 黑點=3, 涉及細胞=95
2026-07-26 14:02:14,307 - m3_module.m3_dot_detection - INFO - detect_all_dots: 紅點=7, 黑點=8, 涉及細胞=72
2026-07-26 14:02:14,512 - m4_module.cell_crops - INFO - 匯出 54 張 per-cell 影像至 /data/taro_Projects/tsgh/output/r7_run/cell_crops/tile_x16128_y10752/cells
2026-07-26 14:02:14,512 - hybrid_pipeline - INFO - Tile tile_x16128_y10752 完成: 核心擁有 54 細胞 (54 陽性), 1.58 秒
2026-07-26 14:02:14,535 - m4_module.cell_crops - INFO - 匯出 40 張 per-cell 影像至 /data/taro_Projects/tsgh/output/r7_run/cell_crops/tile_x16896_y10752/cells
2026-07-26 14:02:14,535 - hybrid_pipeline - INFO - Tile tile_x16896_y10752 完成: 核心擁有 40 細胞 (40 陽性), 1.49 秒
2026-07-26 14:02:14,562 - hybrid_pipeline - INFO - [362/576] 已回收 tile_x15360_y10752
2026-07-26 14:02:14,580 - hybrid_pipeline - INFO - [363/576] 已回收 tile_x3840_y11520
2026-07-26 14:02:14,585 - m3_module.m3_cells_generator - INFO - All-positive 標註完成: 0 個細胞
2026-07-26 14:02:14,592 - m3_module.m3_cells_generator - INFO - All-positive 標註完成: 61 個細胞
2026-07-26 14:02:14,649 - m3_module.m3_cells_generator - INFO - enlarge_cell_instances: 61 顆細胞, factor=1.50(面積), 中位半徑=25.7px, 外擴=5.8px
2026-07-26 14:02:14,684 - m3_module.m3_elastic_matching - INFO - elastic_dish_nucleus_matching(overlap-first): IHC=61, DISH=4, matched(1核)=2 (其中重疊=2), drop-out(競爭落敗)=0, 無候選(計入)=59, factor=1.50, min_reach=20.0
2026-07-26 14:02:14,728 - m3_module.m3_dot_detection - INFO - detect_all_dots: 紅點=0, 黑點=0, 涉及細胞=0
2026-07-26 14:02:14,760 - m4_module.cell_crops - INFO - 匯出 0 張 per-cell 影像至 /data/taro_Projects/tsgh/output/r7_run/cell_crops/tile_x4608_y11520/cells
2026-07-26 14:02:14,760 - hybrid_pipeline - INFO - Tile tile_x4608_y11520 完成: 核心擁有 0 細胞 (0 陽性), 1.19 秒
2026-07-26 14:02:14,805 - m3_module.m3_dot_detection - INFO - detect_all_dots: 紅點=1, 黑點=1, 涉及細胞=61
2026-07-26 14:02:14,994 - m4_module.cell_crops - INFO - 匯出 31 張 per-cell 影像至 /data/taro_Projects/tsgh/output/r7_run/cell_crops/tile_x17664_y10752/cells
2026-07-26 14:02:14,994 - hybrid_pipeline - INFO - Tile tile_x17664_y10752 完成: 核心擁有 31 細胞 (31 陽性), 1.60 秒
2026-07-26 14:02:15,154 - hybrid_pipeline - INFO - [364/576] 已回收 tile_x16128_y10752
2026-07-26 14:02:15,181 - m3_module.m3_cells_generator - INFO - All-positive 標註完成: 72 個細胞
2026-07-26 14:02:15,230 - m3_module.m3_cells_generator - INFO - enlarge_cell_instances: 72 顆細胞, factor=1.50(面積), 中位半徑=22.1px, 外擴=5.0px
2026-07-26 14:02:15,257 - hybrid_pipeline - INFO - [365/576] 已回收 tile_x16896_y10752
2026-07-26 14:02:15,258 - m3_module.m3_elastic_matching - INFO - elastic_dish_nucleus_matching(overlap-first): IHC=72, DISH=6, matched(1核)=4 (其中重疊=4), drop-out(競爭落敗)=2, 無候選(計入)=66, factor=1.50, min_reach=20.0
2026-07-26 14:02:15,287 - m3_module.m3_cells_generator - INFO - All-positive 標註完成: 71 個細胞
2026-07-26 14:02:15,339 - m3_module.m3_cells_generator - INFO - enlarge_cell_instances: 71 顆細胞, factor=1.50(面積), 中位半徑=19.7px, 外擴=4.4px
2026-07-26 14:02:15,369 - m3_module.m3_elastic_matching - INFO - elastic_dish_nucleus_matching(overlap-first): IHC=71, DISH=4, matched(1核)=2 (其中重疊=2), drop-out(競爭落敗)=1, 無候選(計入)=68, factor=1.50, min_reach=20.0
2026-07-26 14:02:15,372 - m3_module.m3_dot_detection - INFO - detect_all_dots: 紅點=3, 黑點=2, 涉及細胞=72
2026-07-26 14:02:15,486 - m3_module.m3_dot_detection - INFO - detect_all_dots: 紅點=2, 黑點=1, 涉及細胞=71
2026-07-26 14:02:15,557 - m4_module.cell_crops - INFO - 匯出 46 張 per-cell 影像至 /data/taro_Projects/tsgh/output/r7_run/cell_crops/tile_x6144_y11520/cells
2026-07-26 14:02:15,557 - hybrid_pipeline - INFO - Tile tile_x6144_y11520 完成: 核心擁有 46 細胞 (46 陽性), 1.54 秒
2026-07-26 14:02:15,656 - m4_module.cell_crops - INFO - 匯出 31 張 per-cell 影像至 /data/taro_Projects/tsgh/output/r7_run/cell_crops/tile_x5376_y11520/cells
2026-07-26 14:02:15,656 - hybrid_pipeline - INFO - Tile tile_x5376_y11520 完成: 核心擁有 31 細胞 (31 陽性), 1.60 秒
2026-07-26 14:02:15,775 - hybrid_pipeline - INFO - [366/576] 已回收 tile_x17664_y10752
2026-07-26 14:02:15,791 - hybrid_pipeline - INFO - [367/576] 已回收 tile_x4608_y11520
2026-07-26 14:02:15,809 - m3_module.m3_cells_generator - INFO - All-positive 標註完成: 90 個細胞
2026-07-26 14:02:15,824 - m3_module.m3_cells_generator - INFO - All-positive 標註完成: 80 個細胞
2026-07-26 14:02:15,862 - m3_module.m3_cells_generator - INFO - enlarge_cell_instances: 90 顆細胞, factor=1.50(面積), 中位半徑=24.6px, 外擴=5.5px
2026-07-26 14:02:15,883 - m3_module.m3_cells_generator - INFO - enlarge_cell_instances: 80 顆細胞, factor=1.50(面積), 中位半徑=24.8px, 外擴=5.6px
2026-07-26 14:02:15,892 - m3_module.m3_elastic_matching - INFO - elastic_dish_nucleus_matching(overlap-first): IHC=90, DISH=5, matched(1核)=5 (其中重疊=5), drop-out(競爭落敗)=0, 無候選(計入)=85, factor=1.50, min_reach=20.0
2026-07-26 14:02:15,912 - m3_module.m3_elastic_matching - INFO - elastic_dish_nucleus_matching(overlap-first): IHC=80, DISH=8, matched(1核)=5 (其中重疊=5), drop-out(競爭落敗)=0, 無候選(計入)=75, factor=1.50, min_reach=20.0
2026-07-26 14:02:16,024 - m3_module.m3_dot_detection - INFO - detect_all_dots: 紅點=1, 黑點=4, 涉及細胞=90
2026-07-26 14:02:16,043 - m3_module.m3_dot_detection - INFO - detect_all_dots: 紅點=2, 黑點=7, 涉及細胞=80
2026-07-26 14:02:16,147 - hybrid_pipeline - INFO - [368/576] 已回收 tile_x6144_y11520
2026-07-26 14:02:16,177 - m3_module.m3_cells_generator - INFO - All-positive 標註完成: 81 個細胞
2026-07-26 14:02:16,240 - m3_module.m3_cells_generator - INFO - enlarge_cell_instances: 81 顆細胞, factor=1.50(面積), 中位半徑=19.6px, 外擴=4.4px
2026-07-26 14:02:16,273 - m3_module.m3_elastic_matching - INFO - elastic_dish_nucleus_matching(overlap-first): IHC=81, DISH=2, matched(1核)=1 (其中重疊=1), drop-out(競爭落敗)=0, 無候選(計入)=80, factor=1.50, min_reach=20.0
2026-07-26 14:02:16,280 - m4_module.cell_crops - INFO - 匯出 41 張 per-cell 影像至 /data/taro_Projects/tsgh/output/r7_run/cell_crops/tile_x7680_y11520/cells
2026-07-26 14:02:16,280 - hybrid_pipeline - INFO - Tile tile_x7680_y11520 完成: 核心擁有 41 細胞 (41 陽性), 1.70 秒
2026-07-26 14:02:16,281 - m4_module.cell_crops - INFO - 匯出 53 張 per-cell 影像至 /data/taro_Projects/tsgh/output/r7_run/cell_crops/tile_x6912_y11520/cells
2026-07-26 14:02:16,281 - hybrid_pipeline - INFO - Tile tile_x6912_y11520 完成: 核心擁有 53 細胞 (53 陽性), 1.72 秒
2026-07-26 14:02:16,313 - hybrid_pipeline - INFO - [369/576] 已回收 tile_x5376_y11520
2026-07-26 14:02:16,340 - m3_module.m3_cells_generator - INFO - All-positive 標註完成: 9 個細胞
2026-07-26 14:02:16,367 - m3_module.m3_dot_detection - INFO - detect_all_dots: 紅點=0, 黑點=2, 涉及細胞=81
2026-07-26 14:02:16,374 - m3_module.m3_cells_generator - INFO - enlarge_cell_instances: 9 顆細胞, factor=1.50(面積), 中位半徑=20.4px, 外擴=4.6px
2026-07-26 14:02:16,501 - m3_module.m3_dot_detection - INFO - detect_all_dots: 紅點=0, 黑點=0, 涉及細胞=9
2026-07-26 14:02:16,557 - m4_module.cell_crops - INFO - 匯出 0 張 per-cell 影像至 /data/taro_Projects/tsgh/output/r7_run/cell_crops/tile_x9216_y11520/cells
2026-07-26 14:02:16,557 - hybrid_pipeline - INFO - Tile tile_x9216_y11520 完成: 核心擁有 0 細胞 (0 陽性), 1.30 秒
2026-07-26 14:02:16,559 - hybrid_pipeline - INFO - [370/576] 已回收 tile_x9216_y11520
2026-07-26 14:02:16,566 - m4_module.cell_crops - INFO - 匯出 53 張 per-cell 影像至 /data/taro_Projects/tsgh/output/r7_run/cell_crops/tile_x8448_y11520/cells
2026-07-26 14:02:16,566 - hybrid_pipeline - INFO - Tile tile_x8448_y11520 完成: 核心擁有 53 細胞 (53 陽性), 1.41 秒
2026-07-26 14:02:16,584 - hybrid_pipeline - INFO - Tile tile_x13824_y11520: 核心遮罩全空 → 空白 placeholder
2026-07-26 14:02:16,832 - hybrid_pipeline - INFO - [371/576] 已回收 tile_x7680_y11520
2026-07-26 14:02:16,861 - m3_module.m3_cells_generator - INFO - All-positive 標註完成: 45 個細胞
2026-07-26 14:02:16,895 - hybrid_pipeline - INFO - [372/576] 已回收 tile_x6912_y11520
2026-07-26 14:02:16,903 - m3_module.m3_cells_generator - INFO - enlarge_cell_instances: 45 顆細胞, factor=1.50(面積), 中位半徑=26.4px, 外擴=5.9px
2026-07-26 14:02:16,925 - m3_module.m3_cells_generator - INFO - All-positive 標註完成: 109 個細胞
2026-07-26 14:02:16,930 - m3_module.m3_elastic_matching - INFO - elastic_dish_nucleus_matching(overlap-first): IHC=45, DISH=2, matched(1核)=1 (其中重疊=1), drop-out(競爭落敗)=1, 無候選(計入)=43, factor=1.50, min_reach=20.0
2026-07-26 14:02:16,987 - m3_module.m3_cells_generator - INFO - enlarge_cell_instances: 109 顆細胞, factor=1.50(面積), 中位半徑=23.9px, 外擴=5.4px
2026-07-26 14:02:17,020 - m3_module.m3_elastic_matching - INFO - elastic_dish_nucleus_matching(overlap-first): IHC=109, DISH=25, matched(1核)=17 (其中重疊=17), drop-out(競爭落敗)=6, 無候選(計入)=86, factor=1.50, min_reach=20.0
2026-07-26 14:02:17,056 - m3_module.m3_dot_detection - INFO - detect_all_dots: 紅點=2, 黑點=3, 涉及細胞=45
2026-07-26 14:02:17,157 - hybrid_pipeline - INFO - [373/576] 已回收 tile_x8448_y11520
2026-07-26 14:02:17,183 - m3_module.m3_dot_detection - INFO - detect_all_dots: 紅點=19, 黑點=23, 涉及細胞=109
2026-07-26 14:02:17,188 - m3_module.m3_cells_generator - INFO - All-positive 標註完成: 59 個細胞
2026-07-26 14:02:17,215 - m4_module.cell_crops - INFO - 匯出 24 張 per-cell 影像至 /data/taro_Projects/tsgh/output/r7_run/cell_crops/tile_x12288_y11520/cells
2026-07-26 14:02:17,215 - hybrid_pipeline - INFO - Tile tile_x12288_y11520 完成: 核心擁有 24 細胞 (24 陽性), 1.42 秒
2026-07-26 14:02:17,237 - m3_module.m3_cells_generator - INFO - enlarge_cell_instances: 59 顆細胞, factor=1.50(面積), 中位半徑=20.6px, 外擴=4.6px
2026-07-26 14:02:17,264 - m3_module.m3_elastic_matching - INFO - elastic_dish_nucleus_matching(overlap-first): IHC=59, DISH=9, matched(1核)=8 (其中重疊=8), drop-out(競爭落敗)=3, 無候選(計入)=48, factor=1.50, min_reach=20.0
2026-07-26 14:02:17,324 - cellpose.dynamics - INFO - No cell pixels found.
2026-07-26 14:02:17,372 - m3_module.m3_dot_detection - INFO - detect_all_dots: 紅點=7, 黑點=10, 涉及細胞=59
2026-07-26 14:02:17,510 - m4_module.cell_crops - INFO - 匯出 65 張 per-cell 影像至 /data/taro_Projects/tsgh/output/r7_run/cell_crops/tile_x10752_y11520/cells
2026-07-26 14:02:17,511 - hybrid_pipeline - INFO - Tile tile_x10752_y11520 完成: 核心擁有 65 細胞 (65 陽性), 1.74 秒
2026-07-26 14:02:17,513 - hybrid_pipeline - INFO - [374/576] 已回收 tile_x13824_y11520
2026-07-26 14:02:17,540 - m3_module.m3_cells_generator - INFO - All-positive 標註完成: 93 個細胞
2026-07-26 14:02:17,566 - m4_module.cell_crops - INFO - 匯出 32 張 per-cell 影像至 /data/taro_Projects/tsgh/output/r7_run/cell_crops/tile_x9984_y11520/cells
2026-07-26 14:02:17,566 - hybrid_pipeline - INFO - Tile tile_x9984_y11520 完成: 核心擁有 32 細胞 (32 陽性), 1.42 秒
2026-07-26 14:02:17,591 - m3_module.m3_cells_generator - INFO - enlarge_cell_instances: 93 顆細胞, factor=1.50(面積), 中位半徑=24.0px, 外擴=5.4px
2026-07-26 14:02:17,619 - m3_module.m3_elastic_matching - INFO - elastic_dish_nucleus_matching(overlap-first): IHC=93, DISH=14, matched(1核)=7 (其中重疊=7), drop-out(競爭落敗)=3, 無候選(計入)=83, factor=1.50, min_reach=20.0
2026-07-26 14:02:17,765 - m3_module.m3_dot_detection - INFO - detect_all_dots: 紅點=7, 黑點=13, 涉及細胞=93
2026-07-26 14:02:17,831 - hybrid_pipeline - INFO - [375/576] 已回收 tile_x12288_y11520
2026-07-26 14:02:17,833 - hybrid_pipeline - INFO - [376/576] 已回收 tile_x10752_y11520
2026-07-26 14:02:17,837 - m3_module.m3_cells_generator - INFO - All-positive 標註完成: 0 個細胞
2026-07-26 14:02:17,865 - m3_module.m3_cells_generator - INFO - All-positive 標註完成: 6 個細胞
2026-07-26 14:02:17,895 - m3_module.m3_cells_generator - INFO - enlarge_cell_instances: 6 顆細胞, factor=1.50(面積), 中位半徑=15.6px, 外擴=3.5px
2026-07-26 14:02:17,947 - m3_module.m3_dot_detection - INFO - detect_all_dots: 紅點=0, 黑點=0, 涉及細胞=0
2026-07-26 14:02:17,980 - m4_module.cell_crops - INFO - 匯出 0 張 per-cell 影像至 /data/taro_Projects/tsgh/output/r7_run/cell_crops/tile_x14592_y11520/cells
2026-07-26 14:02:17,980 - hybrid_pipeline - INFO - Tile tile_x14592_y11520 完成: 核心擁有 0 細胞 (0 陽性), 1.09 秒
2026-07-26 14:02:18,037 - m4_module.cell_crops - INFO - 匯出 50 張 per-cell 影像至 /data/taro_Projects/tsgh/output/r7_run/cell_crops/tile_x11520_y11520/cells
2026-07-26 14:02:18,037 - hybrid_pipeline - INFO - Tile tile_x11520_y11520 完成: 核心擁有 50 細胞 (50 陽性), 1.48 秒
2026-07-26 14:02:18,040 - m3_module.m3_dot_detection - INFO - detect_all_dots: 紅點=0, 黑點=0, 涉及細胞=6
2026-07-26 14:02:18,077 - m4_module.cell_crops - INFO - 匯出 0 張 per-cell 影像至 /data/taro_Projects/tsgh/output/r7_run/cell_crops/tile_x13056_y11520/cells
2026-07-26 14:02:18,077 - hybrid_pipeline - INFO - Tile tile_x13056_y11520 完成: 核心擁有 0 細胞 (0 陽性), 1.25 秒
2026-07-26 14:02:18,118 - hybrid_pipeline - INFO - [377/576] 已回收 tile_x9984_y11520
2026-07-26 14:02:18,143 - m3_module.m3_cells_generator - INFO - All-positive 標註完成: 40 個細胞
2026-07-26 14:02:18,187 - m3_module.m3_cells_generator - INFO - enlarge_cell_instances: 40 顆細胞, factor=1.50(面積), 中位半徑=25.1px, 外擴=5.6px
2026-07-26 14:02:18,211 - m3_module.m3_elastic_matching - INFO - elastic_dish_nucleus_matching(overlap-first): IHC=40, DISH=4, matched(1核)=4 (其中重疊=4), drop-out(競爭落敗)=2, 無候選(計入)=34, factor=1.50, min_reach=20.0
2026-07-26 14:02:18,310 - m3_module.m3_dot_detection - INFO - detect_all_dots: 紅點=2, 黑點=5, 涉及細胞=40
2026-07-26 14:02:18,476 - m4_module.cell_crops - INFO - 匯出 23 張 per-cell 影像至 /data/taro_Projects/tsgh/output/r7_run/cell_crops/tile_x15360_y11520/cells
2026-07-26 14:02:18,476 - hybrid_pipeline - INFO - Tile tile_x15360_y11520 完成: 核心擁有 23 細胞 (23 陽性), 1.32 秒
2026-07-26 14:02:18,478 - hybrid_pipeline - INFO - [378/576] 已回收 tile_x15360_y11520
2026-07-26 14:02:18,506 - hybrid_pipeline - INFO - [379/576] 已回收 tile_x11520_y11520
2026-07-26 14:02:18,510 - hybrid_pipeline - INFO - Tile tile_x1536_y12288: 核心遮罩全空 → 空白 placeholder
2026-07-26 14:02:18,522 - hybrid_pipeline - INFO - [380/576] 已回收 tile_x1536_y12288
2026-07-26 14:02:18,532 - m3_module.m3_cells_generator - INFO - All-positive 標註完成: 129 個細胞
2026-07-26 14:02:18,547 - hybrid_pipeline - INFO - Tile tile_x0_y12288: 核心遮罩全空 → 空白 placeholder
2026-07-26 14:02:18,580 - hybrid_pipeline - INFO - [381/576] 已回收 tile_x0_y12288
2026-07-26 14:02:18,590 - m3_module.m3_cells_generator - INFO - enlarge_cell_instances: 129 顆細胞, factor=1.50(面積), 中位半徑=26.0px, 外擴=5.8px
2026-07-26 14:02:18,608 - hybrid_pipeline - INFO - Tile tile_x2304_y12288: 核心遮罩全空 → 空白 placeholder
2026-07-26 14:02:18,619 - m3_module.m3_elastic_matching - INFO - elastic_dish_nucleus_matching(overlap-first): IHC=129, DISH=3, matched(1核)=1 (其中重疊=0), drop-out(競爭落敗)=0, 無候選(計入)=128, factor=1.50, min_reach=20.0
2026-07-26 14:02:18,655 - hybrid_pipeline - INFO - [382/576] 已回收 tile_x2304_y12288
2026-07-26 14:02:18,682 - hybrid_pipeline - INFO - Tile tile_x3072_y12288: 核心遮罩全空 → 空白 placeholder
2026-07-26 14:02:18,729 - m3_module.m3_dot_detection - INFO - detect_all_dots: 紅點=0, 黑點=1, 涉及細胞=129
2026-07-26 14:02:18,742 - hybrid_pipeline - INFO - [383/576] 已回收 tile_x3072_y12288
2026-07-26 14:02:18,776 - hybrid_pipeline - INFO - Tile tile_x3840_y12288: 核心遮罩全空 → 空白 placeholder
2026-07-26 14:02:18,880 - hybrid_pipeline - INFO - [384/576] 已回收 tile_x14592_y11520
2026-07-26 14:02:18,915 - m3_module.m3_cells_generator - INFO - All-positive 標註完成: 89 個細胞
2026-07-26 14:02:18,929 - hybrid_pipeline - INFO - [385/576] 已回收 tile_x13056_y11520
2026-07-26 14:02:18,956 - m3_module.m3_cells_generator - INFO - All-positive 標註完成: 135 個細胞
2026-07-26 14:02:18,972 - m3_module.m3_cells_generator - INFO - enlarge_cell_instances: 89 顆細胞, factor=1.50(面積), 中位半徑=25.9px, 外擴=5.8px
2026-07-26 14:02:19,001 - m3_module.m3_elastic_matching - INFO - elastic_dish_nucleus_matching(overlap-first): IHC=89, DISH=8, matched(1核)=7 (其中重疊=7), drop-out(競爭落敗)=3, 無候選(計入)=79, factor=1.50, min_reach=20.0
2026-07-26 14:02:19,020 - m3_module.m3_cells_generator - INFO - enlarge_cell_instances: 135 顆細胞, factor=1.50(面積), 中位半徑=27.3px, 外擴=6.1px
2026-07-26 14:02:19,054 - m3_module.m3_elastic_matching - INFO - elastic_dish_nucleus_matching(overlap-first): IHC=135, DISH=8, matched(1核)=7 (其中重疊=7), drop-out(競爭落敗)=1, 無候選(計入)=127, factor=1.50, min_reach=20.0
2026-07-26 14:02:19,079 - m4_module.cell_crops - INFO - 匯出 82 張 per-cell 影像至 /data/taro_Projects/tsgh/output/r7_run/cell_crops/tile_x17664_y11520/cells
2026-07-26 14:02:19,079 - hybrid_pipeline - INFO - Tile tile_x17664_y11520 完成: 核心擁有 82 細胞 (82 陽性), 1.57 秒
2026-07-26 14:02:19,081 - hybrid_pipeline - INFO - [386/576] 已回收 tile_x17664_y11520
2026-07-26 14:02:19,107 - hybrid_pipeline - INFO - Tile tile_x768_y12288: 核心遮罩全空 → 空白 placeholder
2026-07-26 14:02:19,143 - m3_module.m3_dot_detection - INFO - detect_all_dots: 紅點=5, 黑點=10, 涉及細胞=89
2026-07-26 14:02:19,189 - m3_module.m3_dot_detection - INFO - detect_all_dots: 紅點=5, 黑點=6, 涉及細胞=135
2026-07-26 14:02:19,398 - m4_module.cell_crops - INFO - 匯出 53 張 per-cell 影像至 /data/taro_Projects/tsgh/output/r7_run/cell_crops/tile_x16128_y11520/cells
2026-07-26 14:02:19,398 - hybrid_pipeline - INFO - Tile tile_x16128_y11520 完成: 核心擁有 53 細胞 (53 陽性), 1.57 秒
2026-07-26 14:02:19,541 - m4_module.cell_crops - INFO - 匯出 71 張 per-cell 影像至 /data/taro_Projects/tsgh/output/r7_run/cell_crops/tile_x16896_y11520/cells
2026-07-26 14:02:19,541 - hybrid_pipeline - INFO - Tile tile_x16896_y11520 完成: 核心擁有 71 細胞 (71 陽性), 1.71 秒
2026-07-26 14:02:19,692 - hybrid_pipeline - INFO - [387/576] 已回收 tile_x3840_y12288
2026-07-26 14:02:19,719 - m3_module.m3_cells_generator - INFO - All-positive 標註完成: 72 個細胞
2026-07-26 14:02:19,772 - hybrid_pipeline - INFO - [388/576] 已回收 tile_x16128_y11520
2026-07-26 14:02:19,773 - m3_module.m3_cells_generator - INFO - enlarge_cell_instances: 72 顆細胞, factor=1.50(面積), 中位半徑=19.8px, 外擴=4.4px
2026-07-26 14:02:19,801 - m3_module.m3_elastic_matching - INFO - elastic_dish_nucleus_matching(overlap-first): IHC=72, DISH=13, matched(1核)=7 (其中重疊=7), drop-out(競爭落敗)=0, 無候選(計入)=65, factor=1.50, min_reach=20.0
2026-07-26 14:02:19,805 - m3_module.m3_cells_generator - INFO - All-positive 標註完成: 11 個細胞
2026-07-26 14:02:19,835 - hybrid_pipeline - INFO - [389/576] 已回收 tile_x16896_y11520
2026-07-26 14:02:19,846 - m3_module.m3_cells_generator - INFO - enlarge_cell_instances: 11 顆細胞, factor=1.50(面積), 中位半徑=19.2px, 外擴=4.3px
2026-07-26 14:02:19,869 - m3_module.m3_cells_generator - INFO - All-positive 標註完成: 54 個細胞
2026-07-26 14:02:19,876 - m3_module.m3_elastic_matching - INFO - elastic_dish_nucleus_matching(overlap-first): IHC=11, DISH=2, matched(1核)=1 (其中重疊=1), drop-out(競爭落敗)=0, 無候選(計入)=10, factor=1.50, min_reach=20.0
2026-07-26 14:02:19,914 - m3_module.m3_dot_detection - INFO - detect_all_dots: 紅點=1, 黑點=1, 涉及細胞=72
2026-07-26 14:02:19,925 - m3_module.m3_cells_generator - INFO - enlarge_cell_instances: 54 顆細胞, factor=1.50(面積), 中位半徑=20.2px, 外擴=4.5px
2026-07-26 14:02:19,953 - m3_module.m3_elastic_matching - INFO - elastic_dish_nucleus_matching(overlap-first): IHC=54, DISH=12, matched(1核)=4 (其中重疊=4), drop-out(競爭落敗)=0, 無候選(計入)=50, factor=1.50, min_reach=20.0
2026-07-26 14:02:19,996 - hybrid_pipeline - INFO - [390/576] 已回收 tile_x768_y12288
2026-07-26 14:02:20,004 - m3_module.m3_dot_detection - INFO - detect_all_dots: 紅點=1, 黑點=1, 涉及細胞=11
2026-07-26 14:02:20,028 - m3_module.m3_cells_generator - INFO - All-positive 標註完成: 35 個細胞
2026-07-26 14:02:20,075 - m3_module.m3_cells_generator - INFO - enlarge_cell_instances: 35 顆細胞, factor=1.50(面積), 中位半徑=20.6px, 外擴=4.6px
2026-07-26 14:02:20,076 - m3_module.m3_dot_detection - INFO - detect_all_dots: 紅點=0, 黑點=0, 涉及細胞=54
2026-07-26 14:02:20,079 - m4_module.cell_crops - INFO - 匯出 5 張 per-cell 影像至 /data/taro_Projects/tsgh/output/r7_run/cell_crops/tile_x4608_y12288/cells
2026-07-26 14:02:20,079 - hybrid_pipeline - INFO - Tile tile_x4608_y12288 完成: 核心擁有 5 細胞 (5 陽性), 1.20 秒
2026-07-26 14:02:20,101 - m3_module.m3_elastic_matching - INFO - elastic_dish_nucleus_matching(overlap-first): IHC=35, DISH=4, matched(1核)=0 (其中重疊=0), drop-out(競爭落敗)=0, 無候選(計入)=35, factor=1.50, min_reach=20.0
2026-07-26 14:02:20,135 - m4_module.cell_crops - INFO - 匯出 49 張 per-cell 影像至 /data/taro_Projects/tsgh/output/r7_run/cell_crops/tile_x5376_y12288/cells
2026-07-26 14:02:20,135 - hybrid_pipeline - INFO - Tile tile_x5376_y12288 完成: 核心擁有 49 細胞 (49 陽性), 1.39 秒
2026-07-26 14:02:20,225 - m3_module.m3_dot_detection - INFO - detect_all_dots: 紅點=0, 黑點=0, 涉及細胞=35
2026-07-26 14:02:20,231 - cellpose.dynamics - INFO - No cell pixels found.
2026-07-26 14:02:20,291 - m4_module.cell_crops - INFO - 匯出 23 張 per-cell 影像至 /data/taro_Projects/tsgh/output/r7_run/cell_crops/tile_x6144_y12288/cells
2026-07-26 14:02:20,292 - hybrid_pipeline - INFO - Tile tile_x6144_y12288 完成: 核心擁有 23 細胞 (23 陽性), 1.36 秒
2026-07-26 14:02:20,393 - m4_module.cell_crops - INFO - 匯出 20 張 per-cell 影像至 /data/taro_Projects/tsgh/output/r7_run/cell_crops/tile_x6912_y12288/cells
2026-07-26 14:02:20,393 - hybrid_pipeline - INFO - Tile tile_x6912_y12288 完成: 核心擁有 20 細胞 (20 陽性), 1.31 秒
2026-07-26 14:02:20,593 - hybrid_pipeline - INFO - [391/576] 已回收 tile_x5376_y12288
2026-07-26 14:02:20,621 - m3_module.m3_cells_generator - INFO - All-positive 標註完成: 7 個細胞
2026-07-26 14:02:20,656 - m3_module.m3_cells_generator - INFO - enlarge_cell_instances: 7 顆細胞, factor=1.50(面積), 中位半徑=20.8px, 外擴=4.7px
2026-07-26 14:02:20,705 - hybrid_pipeline - INFO - [392/576] 已回收 tile_x6144_y12288
2026-07-26 14:02:20,716 - m3_module.m3_cells_generator - INFO - All-positive 標註完成: 0 個細胞
2026-07-26 14:02:20,752 - m3_module.m3_dot_detection - INFO - detect_all_dots: 紅點=0, 黑點=0, 涉及細胞=7
2026-07-26 14:02:20,764 - hybrid_pipeline - INFO - [393/576] 已回收 tile_x4608_y12288
2026-07-26 14:02:20,799 - m3_module.m3_cells_generator - INFO - All-positive 標註完成: 47 個細胞
2026-07-26 14:02:20,812 - m4_module.cell_crops - INFO - 匯出 0 張 per-cell 影像至 /data/taro_Projects/tsgh/output/r7_run/cell_crops/tile_x7680_y12288/cells
2026-07-26 14:02:20,812 - hybrid_pipeline - INFO - Tile tile_x7680_y12288 完成: 核心擁有 0 細胞 (0 陽性), 1.12 秒
2026-07-26 14:02:20,845 - m3_module.m3_cells_generator - INFO - enlarge_cell_instances: 47 顆細胞, factor=1.50(面積), 中位半徑=20.8px, 外擴=4.7px
2026-07-26 14:02:20,855 - m3_module.m3_dot_detection - INFO - detect_all_dots: 紅點=0, 黑點=0, 涉及細胞=0
2026-07-26 14:02:20,872 - m3_module.m3_elastic_matching - INFO - elastic_dish_nucleus_matching(overlap-first): IHC=47, DISH=20, matched(1核)=14 (其中重疊=14), drop-out(競爭落敗)=5, 無候選(計入)=28, factor=1.50, min_reach=20.0
2026-07-26 14:02:20,889 - m4_module.cell_crops - INFO - 匯出 0 張 per-cell 影像至 /data/taro_Projects/tsgh/output/r7_run/cell_crops/tile_x8448_y12288/cells
2026-07-26 14:02:20,889 - hybrid_pipeline - INFO - Tile tile_x8448_y12288 完成: 核心擁有 0 細胞 (0 陽性), 1.05 秒
2026-07-26 14:02:20,955 - hybrid_pipeline - INFO - [394/576] 已回收 tile_x6912_y12288
2026-07-26 14:02:20,986 - m3_module.m3_cells_generator - INFO - All-positive 標註完成: 121 個細胞
2026-07-26 14:02:21,044 - m3_module.m3_cells_generator - INFO - enlarge_cell_instances: 121 顆細胞, factor=1.50(面積), 中位半徑=23.3px, 外擴=5.2px
2026-07-26 14:02:21,061 - m3_module.m3_dot_detection - INFO - detect_all_dots: 紅點=36, 黑點=37, 涉及細胞=47
2026-07-26 14:02:21,075 - m3_module.m3_elastic_matching - INFO - elastic_dish_nucleus_matching(overlap-first): IHC=121, DISH=73, matched(1核)=52 (其中重疊=52), drop-out(競爭落敗)=11, 無候選(計入)=58, factor=1.50, min_reach=20.0
2026-07-26 14:02:21,207 - m4_module.cell_crops - INFO - 匯出 26 張 per-cell 影像至 /data/taro_Projects/tsgh/output/r7_run/cell_crops/tile_x9216_y12288/cells
2026-07-26 14:02:21,207 - hybrid_pipeline - INFO - Tile tile_x9216_y12288 完成: 核心擁有 26 細胞 (26 陽性), 1.44 秒
2026-07-26 14:02:21,369 - m3_module.m3_dot_detection - INFO - detect_all_dots: 紅點=89, 黑點=113, 涉及細胞=121
2026-07-26 14:02:21,555 - hybrid_pipeline - INFO - [395/576] 已回收 tile_x7680_y12288
2026-07-26 14:02:21,590 - m3_module.m3_cells_generator - INFO - All-positive 標註完成: 103 個細胞
2026-07-26 14:02:21,647 - m3_module.m3_cells_generator - INFO - enlarge_cell_instances: 103 顆細胞, factor=1.50(面積), 中位半徑=22.3px, 外擴=5.0px
2026-07-26 14:02:21,675 - m3_module.m3_elastic_matching - INFO - elastic_dish_nucleus_matching(overlap-first): IHC=103, DISH=34, matched(1核)=27 (其中重疊=27), drop-out(競爭落敗)=6, 無候選(計入)=70, factor=1.50, min_reach=20.0
2026-07-26 14:02:21,716 - hybrid_pipeline - INFO - [396/576] 已回收 tile_x8448_y12288
2026-07-26 14:02:21,720 - hybrid_pipeline - INFO - [397/576] 已回收 tile_x9216_y12288
2026-07-26 14:02:21,737 - m4_module.cell_crops - INFO - 匯出 63 張 per-cell 影像至 /data/taro_Projects/tsgh/output/r7_run/cell_crops/tile_x9984_y12288/cells
2026-07-26 14:02:21,737 - hybrid_pipeline - INFO - Tile tile_x9984_y12288 完成: 核心擁有 63 細胞 (63 陽性), 1.74 秒
2026-07-26 14:02:21,748 - m3_module.m3_cells_generator - INFO - All-positive 標註完成: 17 個細胞
2026-07-26 14:02:21,752 - m3_module.m3_cells_generator - INFO - All-positive 標註完成: 110 個細胞
2026-07-26 14:02:21,784 - m3_module.m3_cells_generator - INFO - enlarge_cell_instances: 17 顆細胞, factor=1.50(面積), 中位半徑=21.2px, 外擴=4.8px
2026-07-26 14:02:21,813 - m3_module.m3_cells_generator - INFO - enlarge_cell_instances: 110 顆細胞, factor=1.50(面積), 中位半徑=24.6px, 外擴=5.5px
2026-07-26 14:02:21,845 - m3_module.m3_elastic_matching - INFO - elastic_dish_nucleus_matching(overlap-first): IHC=110, DISH=7, matched(1核)=3 (其中重疊=3), drop-out(競爭落敗)=1, 無候選(計入)=106, factor=1.50, min_reach=20.0
2026-07-26 14:02:21,851 - m3_module.m3_dot_detection - INFO - detect_all_dots: 紅點=36, 黑點=46, 涉及細胞=103
2026-07-26 14:02:21,851 - hybrid_pipeline - INFO - [398/576] 已回收 tile_x9984_y12288
2026-07-26 14:02:21,891 - m3_module.m3_cells_generator - INFO - All-positive 標註完成: 50 個細胞
2026-07-26 14:02:21,905 - m3_module.m3_dot_detection - INFO - detect_all_dots: 紅點=0, 黑點=0, 涉及細胞=17
2026-07-26 14:02:21,942 - m3_module.m3_cells_generator - INFO - enlarge_cell_instances: 50 顆細胞, factor=1.50(面積), 中位半徑=22.3px, 外擴=5.0px
2026-07-26 14:02:21,961 - m4_module.cell_crops - INFO - 匯出 9 張 per-cell 影像至 /data/taro_Projects/tsgh/output/r7_run/cell_crops/tile_x13056_y12288/cells
2026-07-26 14:02:21,961 - hybrid_pipeline - INFO - Tile tile_x13056_y12288 完成: 核心擁有 9 細胞 (9 陽性), 1.20 秒
2026-07-26 14:02:21,970 - m3_module.m3_elastic_matching - INFO - elastic_dish_nucleus_matching(overlap-first): IHC=50, DISH=2, matched(1核)=0 (其中重疊=0), drop-out(競爭落敗)=0, 無候選(計入)=50, factor=1.50, min_reach=20.0
2026-07-26 14:02:21,976 - m3_module.m3_dot_detection - INFO - detect_all_dots: 紅點=3, 黑點=4, 涉及細胞=110
2026-07-26 14:02:22,071 - m3_module.m3_dot_detection - INFO - detect_all_dots: 紅點=0, 黑點=0, 涉及細胞=50
2026-07-26 14:02:22,182 - m4_module.cell_crops - INFO - 匯出 59 張 per-cell 影像至 /data/taro_Projects/tsgh/output/r7_run/cell_crops/tile_x10752_y12288/cells
2026-07-26 14:02:22,182 - hybrid_pipeline - INFO - Tile tile_x10752_y12288 完成: 核心擁有 59 細胞 (59 陽性), 1.59 秒
2026-07-26 14:02:22,184 - hybrid_pipeline - INFO - [399/576] 已回收 tile_x10752_y12288
2026-07-26 14:02:22,208 - hybrid_pipeline - INFO - Tile tile_x13824_y12288: 核心遮罩全空 → 空白 placeholder
2026-07-26 14:02:22,220 - m4_module.cell_crops - INFO - 匯出 27 張 per-cell 影像至 /data/taro_Projects/tsgh/output/r7_run/cell_crops/tile_x12288_y12288/cells
2026-07-26 14:02:22,220 - hybrid_pipeline - INFO - Tile tile_x12288_y12288 完成: 核心擁有 27 細胞 (27 陽性), 1.27 秒
2026-07-26 14:02:22,257 - m4_module.cell_crops - INFO - 匯出 54 張 per-cell 影像至 /data/taro_Projects/tsgh/output/r7_run/cell_crops/tile_x11520_y12288/cells
2026-07-26 14:02:22,257 - hybrid_pipeline - INFO - Tile tile_x11520_y12288 完成: 核心擁有 54 細胞 (54 陽性), 1.55 秒
2026-07-26 14:02:22,791 - hybrid_pipeline - INFO - [400/576] 已回收 tile_x13056_y12288
2026-07-26 14:02:22,794 - hybrid_pipeline - INFO - [401/576] 已回收 tile_x11520_y12288
2026-07-26 14:02:22,810 - hybrid_pipeline - INFO - [402/576] 已回收 tile_x12288_y12288
2026-07-26 14:02:22,829 - m3_module.m3_cells_generator - INFO - All-positive 標註完成: 4 個細胞
2026-07-26 14:02:22,830 - m3_module.m3_cells_generator - INFO - All-positive 標註完成: 40 個細胞
2026-07-26 14:02:22,843 - m3_module.m3_cells_generator - INFO - All-positive 標註完成: 48 個細胞
2026-07-26 14:02:22,859 - m3_module.m3_cells_generator - INFO - enlarge_cell_instances: 4 顆細胞, factor=1.50(面積), 中位半徑=20.1px, 外擴=4.5px
2026-07-26 14:02:22,876 - m3_module.m3_cells_generator - INFO - enlarge_cell_instances: 40 顆細胞, factor=1.50(面積), 中位半徑=24.4px, 外擴=5.5px
2026-07-26 14:02:22,887 - m3_module.m3_cells_generator - INFO - enlarge_cell_instances: 48 顆細胞, factor=1.50(面積), 中位半徑=23.6px, 外擴=5.3px
2026-07-26 14:02:22,904 - m3_module.m3_elastic_matching - INFO - elastic_dish_nucleus_matching(overlap-first): IHC=40, DISH=2, matched(1核)=2 (其中重疊=2), drop-out(競爭落敗)=0, 無候選(計入)=38, factor=1.50, min_reach=20.0
2026-07-26 14:02:22,916 - m3_module.m3_elastic_matching - INFO - elastic_dish_nucleus_matching(overlap-first): IHC=48, DISH=3, matched(1核)=3 (其中重疊=3), drop-out(競爭落敗)=3, 無候選(計入)=42, factor=1.50, min_reach=20.0
2026-07-26 14:02:22,980 - m3_module.m3_dot_detection - INFO - detect_all_dots: 紅點=0, 黑點=0, 涉及細胞=4
2026-07-26 14:02:23,023 - m4_module.cell_crops - INFO - 匯出 0 張 per-cell 影像至 /data/taro_Projects/tsgh/output/r7_run/cell_crops/tile_x14592_y12288/cells
2026-07-26 14:02:23,023 - hybrid_pipeline - INFO - Tile tile_x14592_y12288 完成: 核心擁有 0 細胞 (0 陽性), 1.30 秒
2026-07-26 14:02:23,024 - hybrid_pipeline - INFO - [403/576] 已回收 tile_x14592_y12288
2026-07-26 14:02:23,036 - m3_module.m3_dot_detection - INFO - detect_all_dots: 紅點=2, 黑點=4, 涉及細胞=40
2026-07-26 14:02:23,048 - m3_module.m3_dot_detection - INFO - detect_all_dots: 紅點=2, 黑點=5, 涉及細胞=48
2026-07-26 14:02:23,049 - hybrid_pipeline - INFO - Tile tile_x0_y13056: 核心遮罩全空 → 空白 placeholder
2026-07-26 14:02:23,154 - hybrid_pipeline - INFO - [404/576] 已回收 tile_x13824_y12288
2026-07-26 14:02:23,182 - m4_module.cell_crops - INFO - 匯出 18 張 per-cell 影像至 /data/taro_Projects/tsgh/output/r7_run/cell_crops/tile_x16128_y12288/cells
2026-07-26 14:02:23,182 - hybrid_pipeline - INFO - Tile tile_x16128_y12288 完成: 核心擁有 18 細胞 (18 陽性), 1.33 秒
2026-07-26 14:02:23,185 - m3_module.m3_cells_generator - INFO - All-positive 標註完成: 108 個細胞
2026-07-26 14:02:23,205 - m4_module.cell_crops - INFO - 匯出 19 張 per-cell 影像至 /data/taro_Projects/tsgh/output/r7_run/cell_crops/tile_x15360_y12288/cells
2026-07-26 14:02:23,205 - hybrid_pipeline - INFO - Tile tile_x15360_y12288 完成: 核心擁有 19 細胞 (19 陽性), 1.49 秒
2026-07-26 14:02:23,241 - m3_module.m3_cells_generator - INFO - enlarge_cell_instances: 108 顆細胞, factor=1.50(面積), 中位半徑=22.6px, 外擴=5.1px
2026-07-26 14:02:23,271 - m3_module.m3_elastic_matching - INFO - elastic_dish_nucleus_matching(overlap-first): IHC=108, DISH=11, matched(1核)=7 (其中重疊=7), drop-out(競爭落敗)=5, 無候選(計入)=96, factor=1.50, min_reach=20.0
2026-07-26 14:02:23,389 - m3_module.m3_dot_detection - INFO - detect_all_dots: 紅點=5, 黑點=11, 涉及細胞=108
2026-07-26 14:02:23,638 - m4_module.cell_crops - INFO - 匯出 63 張 per-cell 影像至 /data/taro_Projects/tsgh/output/r7_run/cell_crops/tile_x16896_y12288/cells
2026-07-26 14:02:23,638 - hybrid_pipeline - INFO - Tile tile_x16896_y12288 完成: 核心擁有 63 細胞 (63 陽性), 1.46 秒
2026-07-26 14:02:23,897 - hybrid_pipeline - INFO - [405/576] 已回收 tile_x15360_y12288
2026-07-26 14:02:23,908 - hybrid_pipeline - INFO - [406/576] 已回收 tile_x16128_y12288
2026-07-26 14:02:23,929 - m3_module.m3_cells_generator - INFO - All-positive 標註完成: 88 個細胞
2026-07-26 14:02:23,939 - hybrid_pipeline - INFO - [407/576] 已回收 tile_x0_y13056
2026-07-26 14:02:23,943 - m3_module.m3_cells_generator - INFO - All-positive 標註完成: 10 個細胞
2026-07-26 14:02:23,966 - m3_module.m3_cells_generator - INFO - All-positive 標註完成: 6 個細胞
2026-07-26 14:02:23,982 - m3_module.m3_cells_generator - INFO - enlarge_cell_instances: 88 顆細胞, factor=1.50(面積), 中位半徑=21.0px, 外擴=4.7px
2026-07-26 14:02:23,983 - m3_module.m3_cells_generator - INFO - enlarge_cell_instances: 10 顆細胞, factor=1.50(面積), 中位半徑=22.7px, 外擴=5.1px
2026-07-26 14:02:24,005 - m3_module.m3_cells_generator - INFO - enlarge_cell_instances: 6 顆細胞, factor=1.50(面積), 中位半徑=19.2px, 外擴=4.3px
2026-07-26 14:02:24,013 - m3_module.m3_elastic_matching - INFO - elastic_dish_nucleus_matching(overlap-first): IHC=88, DISH=4, matched(1核)=3 (其中重疊=3), drop-out(競爭落敗)=0, 無候選(計入)=85, factor=1.50, min_reach=20.0
2026-07-26 14:02:24,018 - hybrid_pipeline - INFO - [408/576] 已回收 tile_x16896_y12288
2026-07-26 14:02:24,038 - m3_module.m3_elastic_matching - INFO - elastic_dish_nucleus_matching(overlap-first): IHC=6, DISH=2, matched(1核)=0 (其中重疊=0), drop-out(競爭落敗)=0, 無候選(計入)=6, factor=1.50, min_reach=20.0
2026-07-26 14:02:24,057 - m3_module.m3_cells_generator - INFO - All-positive 標註完成: 5 個細胞
2026-07-26 14:02:24,097 - m3_module.m3_cells_generator - INFO - enlarge_cell_instances: 5 顆細胞, factor=1.50(面積), 中位半徑=17.5px, 外擴=3.9px
2026-07-26 14:02:24,147 - m3_module.m3_dot_detection - INFO - detect_all_dots: 紅點=0, 黑點=0, 涉及細胞=10
2026-07-26 14:02:24,162 - m3_module.m3_dot_detection - INFO - detect_all_dots: 紅點=1, 黑點=2, 涉及細胞=88
2026-07-26 14:02:24,165 - m3_module.m3_dot_detection - INFO - detect_all_dots: 紅點=0, 黑點=0, 涉及細胞=6
2026-07-26 14:02:24,195 - m4_module.cell_crops - INFO - 匯出 2 張 per-cell 影像至 /data/taro_Projects/tsgh/output/r7_run/cell_crops/tile_x768_y13056/cells
2026-07-26 14:02:24,196 - hybrid_pipeline - INFO - Tile tile_x768_y13056 完成: 核心擁有 2 細胞 (2 陽性), 1.39 秒
2026-07-26 14:02:24,209 - m3_module.m3_dot_detection - INFO - detect_all_dots: 紅點=0, 黑點=0, 涉及細胞=5
2026-07-26 14:02:24,222 - m4_module.cell_crops - INFO - 匯出 1 張 per-cell 影像至 /data/taro_Projects/tsgh/output/r7_run/cell_crops/tile_x1536_y13056/cells
2026-07-26 14:02:24,222 - hybrid_pipeline - INFO - Tile tile_x1536_y13056 完成: 核心擁有 1 細胞 (1 陽性), 1.20 秒
2026-07-26 14:02:24,246 - m4_module.cell_crops - INFO - 匯出 2 張 per-cell 影像至 /data/taro_Projects/tsgh/output/r7_run/cell_crops/tile_x2304_y13056/cells
2026-07-26 14:02:24,246 - hybrid_pipeline - INFO - Tile tile_x2304_y13056 完成: 核心擁有 2 細胞 (2 陽性), 1.09 秒
2026-07-26 14:02:24,393 - m4_module.cell_crops - INFO - 匯出 59 張 per-cell 影像至 /data/taro_Projects/tsgh/output/r7_run/cell_crops/tile_x17664_y12288/cells
2026-07-26 14:02:24,393 - hybrid_pipeline - INFO - Tile tile_x17664_y12288 完成: 核心擁有 59 細胞 (59 陽性), 1.60 秒
2026-07-26 14:02:24,972 - hybrid_pipeline - INFO - [409/576] 已回收 tile_x17664_y12288
2026-07-26 14:02:24,998 - m3_module.m3_cells_generator - INFO - All-positive 標註完成: 29 個細胞
2026-07-26 14:02:25,043 - m3_module.m3_cells_generator - INFO - enlarge_cell_instances: 29 顆細胞, factor=1.50(面積), 中位半徑=22.0px, 外擴=4.9px
2026-07-26 14:02:25,070 - m3_module.m3_elastic_matching - INFO - elastic_dish_nucleus_matching(overlap-first): IHC=29, DISH=1, matched(1核)=1 (其中重疊=1), drop-out(競爭落敗)=0, 無候選(計入)=28, factor=1.50, min_reach=20.0
2026-07-26 14:02:25,098 - hybrid_pipeline - INFO - [410/576] 已回收 tile_x768_y13056
2026-07-26 14:02:25,108 - hybrid_pipeline - INFO - [411/576] 已回收 tile_x1536_y13056
2026-07-26 14:02:25,115 - hybrid_pipeline - INFO - [412/576] 已回收 tile_x2304_y13056
2026-07-26 14:02:25,137 - m3_module.m3_cells_generator - INFO - All-positive 標註完成: 51 個細胞
2026-07-26 14:02:25,147 - m3_module.m3_cells_generator - INFO - All-positive 標註完成: 88 個細胞
2026-07-26 14:02:25,148 - m3_module.m3_cells_generator - INFO - All-positive 標註完成: 79 個細胞
2026-07-26 14:02:25,185 - m3_module.m3_cells_generator - INFO - enlarge_cell_instances: 51 顆細胞, factor=1.50(面積), 中位半徑=21.8px, 外擴=4.9px
2026-07-26 14:02:25,188 - m3_module.m3_dot_detection - INFO - detect_all_dots: 紅點=0, 黑點=0, 涉及細胞=29
2026-07-26 14:02:25,207 - m3_module.m3_cells_generator - INFO - enlarge_cell_instances: 88 顆細胞, factor=1.50(面積), 中位半徑=21.0px, 外擴=4.7px
2026-07-26 14:02:25,209 - m3_module.m3_cells_generator - INFO - enlarge_cell_instances: 79 顆細胞, factor=1.50(面積), 中位半徑=22.1px, 外擴=5.0px
2026-07-26 14:02:25,212 - m3_module.m3_elastic_matching - INFO - elastic_dish_nucleus_matching(overlap-first): IHC=51, DISH=5, matched(1核)=4 (其中重疊=4), drop-out(競爭落敗)=1, 無候選(計入)=46, factor=1.50, min_reach=20.0
2026-07-26 14:02:25,241 - m3_module.m3_elastic_matching - INFO - elastic_dish_nucleus_matching(overlap-first): IHC=88, DISH=3, matched(1核)=2 (其中重疊=2), drop-out(競爭落敗)=1, 無候選(計入)=85, factor=1.50, min_reach=20.0
2026-07-26 14:02:25,243 - m3_module.m3_elastic_matching - INFO - elastic_dish_nucleus_matching(overlap-first): IHC=79, DISH=3, matched(1核)=2 (其中重疊=2), drop-out(競爭落敗)=0, 無候選(計入)=77, factor=1.50, min_reach=20.0
2026-07-26 14:02:25,301 - m4_module.cell_crops - INFO - 匯出 10 張 per-cell 影像至 /data/taro_Projects/tsgh/output/r7_run/cell_crops/tile_x3072_y13056/cells
2026-07-26 14:02:25,301 - hybrid_pipeline - INFO - Tile tile_x3072_y13056 完成: 核心擁有 10 細胞 (10 陽性), 1.41 秒
2026-07-26 14:02:25,360 - m3_module.m3_dot_detection - INFO - detect_all_dots: 紅點=3, 黑點=2, 涉及細胞=51
2026-07-26 14:02:25,361 - m3_module.m3_dot_detection - INFO - detect_all_dots: 紅點=0, 黑點=2, 涉及細胞=79
2026-07-26 14:02:25,369 - m3_module.m3_dot_detection - INFO - detect_all_dots: 紅點=0, 黑點=2, 涉及細胞=88
2026-07-26 14:02:25,523 - m4_module.cell_crops - INFO - 匯出 29 張 per-cell 影像至 /data/taro_Projects/tsgh/output/r7_run/cell_crops/tile_x3840_y13056/cells
2026-07-26 14:02:25,523 - hybrid_pipeline - INFO - Tile tile_x3840_y13056 完成: 核心擁有 29 細胞 (29 陽性), 1.62 秒
2026-07-26 14:02:25,602 - m4_module.cell_crops - INFO - 匯出 54 張 per-cell 影像至 /data/taro_Projects/tsgh/output/r7_run/cell_crops/tile_x6912_y13056/cells
2026-07-26 14:02:25,602 - hybrid_pipeline - INFO - Tile tile_x6912_y13056 完成: 核心擁有 54 細胞 (54 陽性), 1.59 秒
2026-07-26 14:02:25,617 - m4_module.cell_crops - INFO - 匯出 45 張 per-cell 影像至 /data/taro_Projects/tsgh/output/r7_run/cell_crops/tile_x6144_y13056/cells
2026-07-26 14:02:25,617 - hybrid_pipeline - INFO - Tile tile_x6144_y13056 完成: 核心擁有 45 細胞 (45 陽性), 1.68 秒
2026-07-26 14:02:25,862 - hybrid_pipeline - INFO - [413/576] 已回收 tile_x3072_y13056
2026-07-26 14:02:25,892 - m3_module.m3_cells_generator - INFO - All-positive 標註完成: 7 個細胞
2026-07-26 14:02:25,922 - m3_module.m3_cells_generator - INFO - enlarge_cell_instances: 7 顆細胞, factor=1.50(面積), 中位半徑=22.3px, 外擴=5.0px
2026-07-26 14:02:26,050 - m3_module.m3_dot_detection - INFO - detect_all_dots: 紅點=0, 黑點=0, 涉及細胞=7
2026-07-26 14:02:26,086 - m4_module.cell_crops - INFO - 匯出 0 張 per-cell 影像至 /data/taro_Projects/tsgh/output/r7_run/cell_crops/tile_x4608_y13056/cells
2026-07-26 14:02:26,086 - hybrid_pipeline - INFO - Tile tile_x4608_y13056 完成: 核心擁有 0 細胞 (0 陽性), 1.12 秒
2026-07-26 14:02:26,259 - hybrid_pipeline - INFO - [414/576] 已回收 tile_x3840_y13056
2026-07-26 14:02:26,292 - m3_module.m3_cells_generator - INFO - All-positive 標註完成: 41 個細胞
2026-07-26 14:02:26,312 - hybrid_pipeline - INFO - [415/576] 已回收 tile_x6144_y13056
2026-07-26 14:02:26,322 - hybrid_pipeline - INFO - [416/576] 已回收 tile_x6912_y13056
2026-07-26 14:02:26,344 - m3_module.m3_cells_generator - INFO - enlarge_cell_instances: 41 顆細胞, factor=1.50(面積), 中位半徑=22.6px, 外擴=5.1px
2026-07-26 14:02:26,351 - m3_module.m3_cells_generator - INFO - All-positive 標註完成: 36 個細胞
2026-07-26 14:02:26,352 - m3_module.m3_cells_generator - INFO - All-positive 標註完成: 61 個細胞
2026-07-26 14:02:26,403 - m3_module.m3_cells_generator - INFO - enlarge_cell_instances: 36 顆細胞, factor=1.50(面積), 中位半徑=25.0px, 外擴=5.6px
2026-07-26 14:02:26,408 - m3_module.m3_cells_generator - INFO - enlarge_cell_instances: 61 顆細胞, factor=1.50(面積), 中位半徑=21.8px, 外擴=4.9px
2026-07-26 14:02:26,433 - m3_module.m3_elastic_matching - INFO - elastic_dish_nucleus_matching(overlap-first): IHC=36, DISH=3, matched(1核)=2 (其中重疊=2), drop-out(競爭落敗)=0, 無候選(計入)=34, factor=1.50, min_reach=20.0
2026-07-26 14:02:26,437 - m3_module.m3_elastic_matching - INFO - elastic_dish_nucleus_matching(overlap-first): IHC=61, DISH=4, matched(1核)=2 (其中重疊=2), drop-out(競爭落敗)=1, 無候選(計入)=58, factor=1.50, min_reach=20.0
2026-07-26 14:02:26,486 - m3_module.m3_dot_detection - INFO - detect_all_dots: 紅點=0, 黑點=0, 涉及細胞=41
2026-07-26 14:02:26,547 - m3_module.m3_dot_detection - INFO - detect_all_dots: 紅點=2, 黑點=2, 涉及細胞=61
2026-07-26 14:02:26,550 - m3_module.m3_dot_detection - INFO - detect_all_dots: 紅點=1, 黑點=1, 涉及細胞=36
2026-07-26 14:02:26,604 - m4_module.cell_crops - INFO - 匯出 9 張 per-cell 影像至 /data/taro_Projects/tsgh/output/r7_run/cell_crops/tile_x5376_y13056/cells
2026-07-26 14:02:26,604 - hybrid_pipeline - INFO - Tile tile_x5376_y13056 完成: 核心擁有 9 細胞 (9 陽性), 1.51 秒
2026-07-26 14:02:26,690 - m4_module.cell_crops - INFO - 匯出 18 張 per-cell 影像至 /data/taro_Projects/tsgh/output/r7_run/cell_crops/tile_x7680_y13056/cells
2026-07-26 14:02:26,690 - hybrid_pipeline - INFO - Tile tile_x7680_y13056 完成: 核心擁有 18 細胞 (18 陽性), 1.58 秒
2026-07-26 14:02:26,693 - hybrid_pipeline - INFO - [417/576] 已回收 tile_x7680_y13056
2026-07-26 14:02:26,722 - hybrid_pipeline - INFO - Tile tile_x13056_y13056: 核心遮罩全空 → 空白 placeholder
2026-07-26 14:02:26,748 - m4_module.cell_crops - INFO - 匯出 21 張 per-cell 影像至 /data/taro_Projects/tsgh/output/r7_run/cell_crops/tile_x8448_y13056/cells
2026-07-26 14:02:26,748 - hybrid_pipeline - INFO - Tile tile_x8448_y13056 完成: 核心擁有 21 細胞 (21 陽性), 1.63 秒
2026-07-26 14:02:26,877 - hybrid_pipeline - INFO - [418/576] 已回收 tile_x4608_y13056
2026-07-26 14:02:26,910 - m3_module.m3_cells_generator - INFO - All-positive 標註完成: 84 個細胞
2026-07-26 14:02:26,965 - m3_module.m3_cells_generator - INFO - enlarge_cell_instances: 84 顆細胞, factor=1.50(面積), 中位半徑=22.0px, 外擴=4.9px
2026-07-26 14:02:26,993 - m3_module.m3_elastic_matching - INFO - elastic_dish_nucleus_matching(overlap-first): IHC=84, DISH=51, matched(1核)=32 (其中重疊=32), drop-out(競爭落敗)=7, 無候選(計入)=45, factor=1.50, min_reach=20.0
2026-07-26 14:02:27,232 - m3_module.m3_dot_detection - INFO - detect_all_dots: 紅點=59, 黑點=66, 涉及細胞=84
2026-07-26 14:02:27,262 - hybrid_pipeline - INFO - [419/576] 已回收 tile_x5376_y13056
2026-07-26 14:02:27,292 - m3_module.m3_cells_generator - INFO - All-positive 標註完成: 69 個細胞
2026-07-26 14:02:27,336 - hybrid_pipeline - INFO - [420/576] 已回收 tile_x8448_y13056
2026-07-26 14:02:27,349 - m3_module.m3_cells_generator - INFO - enlarge_cell_instances: 69 顆細胞, factor=1.50(面積), 中位半徑=25.0px, 外擴=5.6px
2026-07-26 14:02:27,368 - m3_module.m3_cells_generator - INFO - All-positive 標註完成: 142 個細胞
2026-07-26 14:02:27,381 - m3_module.m3_elastic_matching - INFO - elastic_dish_nucleus_matching(overlap-first): IHC=69, DISH=17, matched(1核)=14 (其中重疊=14), drop-out(競爭落敗)=2, 無候選(計入)=53, factor=1.50, min_reach=20.0
2026-07-26 14:02:27,431 - m3_module.m3_cells_generator - INFO - enlarge_cell_instances: 142 顆細胞, factor=1.50(面積), 中位半徑=23.4px, 外擴=5.3px
2026-07-26 14:02:27,460 - m3_module.m3_elastic_matching - INFO - elastic_dish_nucleus_matching(overlap-first): IHC=142, DISH=5, matched(1核)=4 (其中重疊=4), drop-out(競爭落敗)=1, 無候選(計入)=137, factor=1.50, min_reach=20.0
2026-07-26 14:02:27,507 - m4_module.cell_crops - INFO - 匯出 40 張 per-cell 影像至 /data/taro_Projects/tsgh/output/r7_run/cell_crops/tile_x9216_y13056/cells
2026-07-26 14:02:27,507 - hybrid_pipeline - INFO - Tile tile_x9216_y13056 完成: 核心擁有 40 細胞 (40 陽性), 1.65 秒
2026-07-26 14:02:27,562 - m3_module.m3_dot_detection - INFO - detect_all_dots: 紅點=0, 黑點=0, 涉及細胞=142
2026-07-26 14:02:27,562 - m3_module.m3_dot_detection - INFO - detect_all_dots: 紅點=20, 黑點=33, 涉及細胞=69
2026-07-26 14:02:27,794 - m4_module.cell_crops - INFO - 匯出 25 張 per-cell 影像至 /data/taro_Projects/tsgh/output/r7_run/cell_crops/tile_x10752_y13056/cells
2026-07-26 14:02:27,794 - hybrid_pipeline - INFO - Tile tile_x10752_y13056 完成: 核心擁有 25 細胞 (25 陽性), 1.54 秒
2026-07-26 14:02:27,873 - hybrid_pipeline - INFO - [421/576] 已回收 tile_x13056_y13056
2026-07-26 14:02:27,909 - m3_module.m3_cells_generator - INFO - All-positive 標註完成: 87 個細胞
2026-07-26 14:02:27,916 - hybrid_pipeline - INFO - [422/576] 已回收 tile_x9216_y13056
2026-07-26 14:02:27,934 - m4_module.cell_crops - INFO - 匯出 74 張 per-cell 影像至 /data/taro_Projects/tsgh/output/r7_run/cell_crops/tile_x11520_y13056/cells
2026-07-26 14:02:27,934 - hybrid_pipeline - INFO - Tile tile_x11520_y13056 完成: 核心擁有 74 細胞 (74 陽性), 1.61 秒
2026-07-26 14:02:27,944 - m3_module.m3_cells_generator - INFO - All-positive 標註完成: 50 個細胞
2026-07-26 14:02:27,965 - m3_module.m3_cells_generator - INFO - enlarge_cell_instances: 87 顆細胞, factor=1.50(面積), 中位半徑=23.1px, 外擴=5.2px
2026-07-26 14:02:27,985 - m3_module.m3_cells_generator - INFO - enlarge_cell_instances: 50 顆細胞, factor=1.50(面積), 中位半徑=20.5px, 外擴=4.6px
2026-07-26 14:02:28,000 - m3_module.m3_elastic_matching - INFO - elastic_dish_nucleus_matching(overlap-first): IHC=87, DISH=79, matched(1核)=53 (其中重疊=53), drop-out(競爭落敗)=10, 無候選(計入)=24, factor=1.50, min_reach=20.0
2026-07-26 14:02:28,014 - m3_module.m3_elastic_matching - INFO - elastic_dish_nucleus_matching(overlap-first): IHC=50, DISH=1, matched(1核)=0 (其中重疊=0), drop-out(競爭落敗)=0, 無候選(計入)=50, factor=1.50, min_reach=20.0
2026-07-26 14:02:28,114 - m3_module.m3_dot_detection - INFO - detect_all_dots: 紅點=0, 黑點=0, 涉及細胞=50
2026-07-26 14:02:28,253 - m4_module.cell_crops - INFO - 匯出 27 張 per-cell 影像至 /data/taro_Projects/tsgh/output/r7_run/cell_crops/tile_x12288_y13056/cells
2026-07-26 14:02:28,253 - hybrid_pipeline - INFO - Tile tile_x12288_y13056 完成: 核心擁有 27 細胞 (27 陽性), 1.38 秒
2026-07-26 14:02:28,260 - m3_module.m3_dot_detection - INFO - detect_all_dots: 紅點=71, 黑點=106, 涉及細胞=87
2026-07-26 14:02:28,317 - hybrid_pipeline - INFO - [423/576] 已回收 tile_x10752_y13056
2026-07-26 14:02:28,348 - m3_module.m3_cells_generator - INFO - All-positive 標註完成: 4 個細胞
2026-07-26 14:02:28,381 - m3_module.m3_cells_generator - INFO - enlarge_cell_instances: 4 顆細胞, factor=1.50(面積), 中位半徑=22.5px, 外擴=5.1px
2026-07-26 14:02:28,422 - hybrid_pipeline - INFO - [424/576] 已回收 tile_x11520_y13056
2026-07-26 14:02:28,460 - m3_module.m3_cells_generator - INFO - All-positive 標註完成: 16 個細胞
2026-07-26 14:02:28,506 - m3_module.m3_cells_generator - INFO - enlarge_cell_instances: 16 顆細胞, factor=1.50(面積), 中位半徑=17.7px, 外擴=4.0px
2026-07-26 14:02:28,524 - m3_module.m3_dot_detection - INFO - detect_all_dots: 紅點=0, 黑點=0, 涉及細胞=4
2026-07-26 14:02:28,533 - m3_module.m3_elastic_matching - INFO - elastic_dish_nucleus_matching(overlap-first): IHC=16, DISH=2, matched(1核)=2 (其中重疊=2), drop-out(競爭落敗)=1, 無候選(計入)=13, factor=1.50, min_reach=20.0
2026-07-26 14:02:28,535 - m4_module.cell_crops - INFO - 匯出 46 張 per-cell 影像至 /data/taro_Projects/tsgh/output/r7_run/cell_crops/tile_x9984_y13056/cells
2026-07-26 14:02:28,535 - hybrid_pipeline - INFO - Tile tile_x9984_y13056 完成: 核心擁有 46 細胞 (46 陽性), 1.84 秒
2026-07-26 14:02:28,565 - m4_module.cell_crops - INFO - 匯出 0 張 per-cell 影像至 /data/taro_Projects/tsgh/output/r7_run/cell_crops/tile_x13824_y13056/cells
2026-07-26 14:02:28,565 - hybrid_pipeline - INFO - Tile tile_x13824_y13056 完成: 核心擁有 0 細胞 (0 陽性), 1.30 秒
2026-07-26 14:02:28,636 - m3_module.m3_dot_detection - INFO - detect_all_dots: 紅點=1, 黑點=2, 涉及細胞=16
2026-07-26 14:02:28,725 - m4_module.cell_crops - INFO - 匯出 16 張 per-cell 影像至 /data/taro_Projects/tsgh/output/r7_run/cell_crops/tile_x14592_y13056/cells
2026-07-26 14:02:28,725 - hybrid_pipeline - INFO - Tile tile_x14592_y13056 完成: 核心擁有 16 細胞 (16 陽性), 1.39 秒
2026-07-26 14:02:28,932 - hybrid_pipeline - INFO - [425/576] 已回收 tile_x9984_y13056
2026-07-26 14:02:28,958 - m3_module.m3_cells_generator - INFO - All-positive 標註完成: 1 個細胞
2026-07-26 14:02:28,986 - m3_module.m3_cells_generator - INFO - enlarge_cell_instances: 1 顆細胞, factor=1.50(面積), 中位半徑=13.0px, 外擴=2.9px
2026-07-26 14:02:28,988 - hybrid_pipeline - INFO - [426/576] 已回收 tile_x12288_y13056
2026-07-26 14:02:29,020 - m3_module.m3_cells_generator - INFO - All-positive 標註完成: 14 個細胞
2026-07-26 14:02:29,055 - m3_module.m3_cells_generator - INFO - enlarge_cell_instances: 14 顆細胞, factor=1.50(面積), 中位半徑=18.7px, 外擴=4.2px
2026-07-26 14:02:29,083 - m3_module.m3_elastic_matching - INFO - elastic_dish_nucleus_matching(overlap-first): IHC=14, DISH=1, matched(1核)=1 (其中重疊=1), drop-out(競爭落敗)=2, 無候選(計入)=11, factor=1.50, min_reach=20.0
2026-07-26 14:02:29,107 - m3_module.m3_dot_detection - INFO - detect_all_dots: 紅點=0, 黑點=0, 涉及細胞=1
2026-07-26 14:02:29,141 - m4_module.cell_crops - INFO - 匯出 0 張 per-cell 影像至 /data/taro_Projects/tsgh/output/r7_run/cell_crops/tile_x15360_y13056/cells
2026-07-26 14:02:29,142 - hybrid_pipeline - INFO - Tile tile_x15360_y13056 完成: 核心擁有 0 細胞 (0 陽性), 1.27 秒
2026-07-26 14:02:29,190 - m3_module.m3_dot_detection - INFO - detect_all_dots: 紅點=0, 黑點=1, 涉及細胞=14
2026-07-26 14:02:29,273 - m4_module.cell_crops - INFO - 匯出 3 張 per-cell 影像至 /data/taro_Projects/tsgh/output/r7_run/cell_crops/tile_x16128_y13056/cells
2026-07-26 14:02:29,273 - hybrid_pipeline - INFO - Tile tile_x16128_y13056 完成: 核心擁有 3 細胞 (3 陽性), 1.36 秒
2026-07-26 14:02:29,369 - hybrid_pipeline - INFO - [427/576] 已回收 tile_x13824_y13056
2026-07-26 14:02:29,398 - m3_module.m3_cells_generator - INFO - All-positive 標註完成: 123 個細胞
2026-07-26 14:02:29,455 - m3_module.m3_cells_generator - INFO - enlarge_cell_instances: 123 顆細胞, factor=1.50(面積), 中位半徑=22.8px, 外擴=5.1px
2026-07-26 14:02:29,485 - m3_module.m3_elastic_matching - INFO - elastic_dish_nucleus_matching(overlap-first): IHC=123, DISH=11, matched(1核)=11 (其中重疊=11), drop-out(競爭落敗)=3, 無候選(計入)=109, factor=1.50, min_reach=20.0
2026-07-26 14:02:29,496 - hybrid_pipeline - INFO - [428/576] 已回收 tile_x14592_y13056
2026-07-26 14:02:29,533 - m3_module.m3_cells_generator - INFO - All-positive 標註完成: 70 個細胞
2026-07-26 14:02:29,593 - m3_module.m3_cells_generator - INFO - enlarge_cell_instances: 70 顆細胞, factor=1.50(面積), 中位半徑=20.8px, 外擴=4.7px
2026-07-26 14:02:29,623 - m3_module.m3_elastic_matching - INFO - elastic_dish_nucleus_matching(overlap-first): IHC=70, DISH=4, matched(1核)=3 (其中重疊=3), drop-out(競爭落敗)=0, 無候選(計入)=67, factor=1.50, min_reach=20.0
2026-07-26 14:02:29,642 - m3_module.m3_dot_detection - INFO - detect_all_dots: 紅點=8, 黑點=13, 涉及細胞=123
2026-07-26 14:02:29,713 - m3_module.m3_dot_detection - INFO - detect_all_dots: 紅點=1, 黑點=1, 涉及細胞=70
2026-07-26 14:02:29,915 - m4_module.cell_crops - INFO - 匯出 39 張 per-cell 影像至 /data/taro_Projects/tsgh/output/r7_run/cell_crops/tile_x17664_y13056/cells
2026-07-26 14:02:29,916 - hybrid_pipeline - INFO - Tile tile_x17664_y13056 完成: 核心擁有 39 細胞 (39 陽性), 1.49 秒
2026-07-26 14:02:29,978 - m4_module.cell_crops - INFO - 匯出 80 張 per-cell 影像至 /data/taro_Projects/tsgh/output/r7_run/cell_crops/tile_x16896_y13056/cells
2026-07-26 14:02:29,978 - hybrid_pipeline - INFO - Tile tile_x16896_y13056 完成: 核心擁有 80 細胞 (80 陽性), 1.66 秒
2026-07-26 14:02:30,023 - hybrid_pipeline - INFO - [429/576] 已回收 tile_x15360_y13056
2026-07-26 14:02:30,024 - hybrid_pipeline - INFO - [430/576] 已回收 tile_x16128_y13056
2026-07-26 14:02:30,054 - m3_module.m3_cells_generator - INFO - All-positive 標註完成: 62 個細胞
2026-07-26 14:02:30,060 - m3_module.m3_cells_generator - INFO - All-positive 標註完成: 12 個細胞
2026-07-26 14:02:30,094 - m3_module.m3_cells_generator - INFO - enlarge_cell_instances: 12 顆細胞, factor=1.50(面積), 中位半徑=17.5px, 外擴=3.9px
2026-07-26 14:02:30,103 - m3_module.m3_cells_generator - INFO - enlarge_cell_instances: 62 顆細胞, factor=1.50(面積), 中位半徑=23.2px, 外擴=5.2px
2026-07-26 14:02:30,132 - m3_module.m3_elastic_matching - INFO - elastic_dish_nucleus_matching(overlap-first): IHC=62, DISH=1, matched(1核)=1 (其中重疊=1), drop-out(競爭落敗)=0, 無候選(計入)=61, factor=1.50, min_reach=20.0
2026-07-26 14:02:30,219 - m3_module.m3_dot_detection - INFO - detect_all_dots: 紅點=0, 黑點=0, 涉及細胞=12
2026-07-26 14:02:30,249 - m3_module.m3_dot_detection - INFO - detect_all_dots: 紅點=0, 黑點=1, 涉及細胞=62
2026-07-26 14:02:30,256 - hybrid_pipeline - INFO - [431/576] 已回收 tile_x16896_y13056
2026-07-26 14:02:30,274 - m4_module.cell_crops - INFO - 匯出 10 張 per-cell 影像至 /data/taro_Projects/tsgh/output/r7_run/cell_crops/tile_x0_y13824/cells
2026-07-26 14:02:30,274 - hybrid_pipeline - INFO - Tile tile_x0_y13824 完成: 核心擁有 10 細胞 (10 陽性), 1.29 秒
2026-07-26 14:02:30,279 - m3_module.m3_cells_generator - INFO - All-positive 標註完成: 34 個細胞
2026-07-26 14:02:30,320 - m3_module.m3_cells_generator - INFO - enlarge_cell_instances: 34 顆細胞, factor=1.50(面積), 中位半徑=26.3px, 外擴=5.9px
2026-07-26 14:02:30,350 - m3_module.m3_elastic_matching - INFO - elastic_dish_nucleus_matching(overlap-first): IHC=34, DISH=3, matched(1核)=1 (其中重疊=1), drop-out(競爭落敗)=0, 無候選(計入)=33, factor=1.50, min_reach=20.0
2026-07-26 14:02:30,430 - m4_module.cell_crops - INFO - 匯出 46 張 per-cell 影像至 /data/taro_Projects/tsgh/output/r7_run/cell_crops/tile_x768_y13824/cells
2026-07-26 14:02:30,430 - hybrid_pipeline - INFO - Tile tile_x768_y13824 完成: 核心擁有 46 細胞 (46 陽性), 1.50 秒
2026-07-26 14:02:30,455 - m3_module.m3_dot_detection - INFO - detect_all_dots: 紅點=0, 黑點=0, 涉及細胞=34
2026-07-26 14:02:30,584 - hybrid_pipeline - INFO - [432/576] 已回收 tile_x17664_y13056
2026-07-26 14:02:30,595 - m4_module.cell_crops - INFO - 匯出 15 張 per-cell 影像至 /data/taro_Projects/tsgh/output/r7_run/cell_crops/tile_x1536_y13824/cells
2026-07-26 14:02:30,596 - hybrid_pipeline - INFO - Tile tile_x1536_y13824 完成: 核心擁有 15 細胞 (15 陽性), 1.23 秒
2026-07-26 14:02:30,615 - m3_module.m3_cells_generator - INFO - All-positive 標註完成: 58 個細胞
2026-07-26 14:02:30,670 - m3_module.m3_cells_generator - INFO - enlarge_cell_instances: 58 顆細胞, factor=1.50(面積), 中位半徑=23.2px, 外擴=5.2px
2026-07-26 14:02:30,698 - m3_module.m3_elastic_matching - INFO - elastic_dish_nucleus_matching(overlap-first): IHC=58, DISH=8, matched(1核)=4 (其中重疊=4), drop-out(競爭落敗)=2, 無候選(計入)=52, factor=1.50, min_reach=20.0
2026-07-26 14:02:30,812 - m3_module.m3_dot_detection - INFO - detect_all_dots: 紅點=7, 黑點=7, 涉及細胞=58
2026-07-26 14:02:30,978 - m4_module.cell_crops - INFO - 匯出 16 張 per-cell 影像至 /data/taro_Projects/tsgh/output/r7_run/cell_crops/tile_x3072_y13824/cells
2026-07-26 14:02:30,978 - hybrid_pipeline - INFO - Tile tile_x3072_y13824 完成: 核心擁有 16 細胞 (16 陽性), 1.48 秒
2026-07-26 14:02:31,202 - hybrid_pipeline - INFO - [433/576] 已回收 tile_x768_y13824
2026-07-26 14:02:31,232 - m3_module.m3_cells_generator - INFO - All-positive 標註完成: 21 個細胞
2026-07-26 14:02:31,245 - hybrid_pipeline - INFO - [434/576] 已回收 tile_x0_y13824
2026-07-26 14:02:31,249 - hybrid_pipeline - INFO - [435/576] 已回收 tile_x1536_y13824
2026-07-26 14:02:31,277 - m3_module.m3_cells_generator - INFO - enlarge_cell_instances: 21 顆細胞, factor=1.50(面積), 中位半徑=17.9px, 外擴=4.0px
2026-07-26 14:02:31,280 - m3_module.m3_cells_generator - INFO - All-positive 標註完成: 41 個細胞
2026-07-26 14:02:31,284 - m3_module.m3_cells_generator - INFO - All-positive 標註完成: 92 個細胞
2026-07-26 14:02:31,328 - m3_module.m3_cells_generator - INFO - enlarge_cell_instances: 41 顆細胞, factor=1.50(面積), 中位半徑=24.9px, 外擴=5.6px
2026-07-26 14:02:31,350 - m3_module.m3_cells_generator - INFO - enlarge_cell_instances: 92 顆細胞, factor=1.50(面積), 中位半徑=26.5px, 外擴=6.0px
2026-07-26 14:02:31,361 - m3_module.m3_elastic_matching - INFO - elastic_dish_nucleus_matching(overlap-first): IHC=41, DISH=5, matched(1核)=5 (其中重疊=5), drop-out(競爭落敗)=1, 無候選(計入)=35, factor=1.50, min_reach=20.0
2026-07-26 14:02:31,382 - m3_module.m3_elastic_matching - INFO - elastic_dish_nucleus_matching(overlap-first): IHC=92, DISH=9, matched(1核)=7 (其中重疊=7), drop-out(競爭落敗)=4, 無候選(計入)=81, factor=1.50, min_reach=20.0
2026-07-26 14:02:31,403 - m3_module.m3_dot_detection - INFO - detect_all_dots: 紅點=0, 黑點=0, 涉及細胞=21
2026-07-26 14:02:31,476 - m4_module.cell_crops - INFO - 匯出 5 張 per-cell 影像至 /data/taro_Projects/tsgh/output/r7_run/cell_crops/tile_x2304_y13824/cells
2026-07-26 14:02:31,476 - hybrid_pipeline - INFO - Tile tile_x2304_y13824 完成: 核心擁有 5 細胞 (5 陽性), 1.45 秒
2026-07-26 14:02:31,480 - m3_module.m3_dot_detection - INFO - detect_all_dots: 紅點=6, 黑點=4, 涉及細胞=41
2026-07-26 14:02:31,513 - m3_module.m3_dot_detection - INFO - detect_all_dots: 紅點=9, 黑點=8, 涉及細胞=92
2026-07-26 14:02:31,618 - m4_module.cell_crops - INFO - 匯出 18 張 per-cell 影像至 /data/taro_Projects/tsgh/output/r7_run/cell_crops/tile_x4608_y13824/cells
2026-07-26 14:02:31,618 - hybrid_pipeline - INFO - Tile tile_x4608_y13824 完成: 核心擁有 18 細胞 (18 陽性), 1.36 秒
2026-07-26 14:02:31,656 - hybrid_pipeline - INFO - [436/576] 已回收 tile_x3072_y13824
2026-07-26 14:02:31,681 - m3_module.m3_cells_generator - INFO - All-positive 標註完成: 73 個細胞
2026-07-26 14:02:31,742 - m3_module.m3_cells_generator - INFO - enlarge_cell_instances: 73 顆細胞, factor=1.50(面積), 中位半徑=23.6px, 外擴=5.3px
2026-07-26 14:02:31,770 - m3_module.m3_elastic_matching - INFO - elastic_dish_nucleus_matching(overlap-first): IHC=73, DISH=1, matched(1核)=1 (其中重疊=1), drop-out(競爭落敗)=0, 無候選(計入)=72, factor=1.50, min_reach=20.0
2026-07-26 14:02:31,821 - m4_module.cell_crops - INFO - 匯出 75 張 per-cell 影像至 /data/taro_Projects/tsgh/output/r7_run/cell_crops/tile_x3840_y13824/cells
2026-07-26 14:02:31,821 - hybrid_pipeline - INFO - Tile tile_x3840_y13824 完成: 核心擁有 75 細胞 (75 陽性), 1.80 秒
2026-07-26 14:02:31,867 - m3_module.m3_dot_detection - INFO - detect_all_dots: 紅點=0, 黑點=0, 涉及細胞=73
2026-07-26 14:02:32,093 - m4_module.cell_crops - INFO - 匯出 42 張 per-cell 影像至 /data/taro_Projects/tsgh/output/r7_run/cell_crops/tile_x5376_y13824/cells
2026-07-26 14:02:32,093 - hybrid_pipeline - INFO - Tile tile_x5376_y13824 完成: 核心擁有 42 細胞 (42 陽性), 1.51 秒
2026-07-26 14:02:32,283 - hybrid_pipeline - INFO - [437/576] 已回收 tile_x2304_y13824
2026-07-26 14:02:32,315 - m3_module.m3_cells_generator - INFO - All-positive 標註完成: 76 個細胞
2026-07-26 14:02:32,326 - hybrid_pipeline - INFO - [438/576] 已回收 tile_x4608_y13824
2026-07-26 14:02:32,343 - hybrid_pipeline - INFO - [439/576] 已回收 tile_x3840_y13824
2026-07-26 14:02:32,359 - m3_module.m3_cells_generator - INFO - All-positive 標註完成: 37 個細胞
2026-07-26 14:02:32,370 - m3_module.m3_cells_generator - INFO - enlarge_cell_instances: 76 顆細胞, factor=1.50(面積), 中位半徑=21.8px, 外擴=4.9px
2026-07-26 14:02:32,373 - m3_module.m3_cells_generator - INFO - All-positive 標註完成: 102 個細胞
2026-07-26 14:02:32,397 - m3_module.m3_elastic_matching - INFO - elastic_dish_nucleus_matching(overlap-first): IHC=76, DISH=4, matched(1核)=2 (其中重疊=2), drop-out(競爭落敗)=0, 無候選(計入)=74, factor=1.50, min_reach=20.0
2026-07-26 14:02:32,416 - m3_module.m3_cells_generator - INFO - enlarge_cell_instances: 37 顆細胞, factor=1.50(面積), 中位半徑=24.8px, 外擴=5.6px
2026-07-26 14:02:32,439 - m3_module.m3_cells_generator - INFO - enlarge_cell_instances: 102 顆細胞, factor=1.50(面積), 中位半徑=22.9px, 外擴=5.2px
2026-07-26 14:02:32,446 - m3_module.m3_elastic_matching - INFO - elastic_dish_nucleus_matching(overlap-first): IHC=37, DISH=6, matched(1核)=4 (其中重疊=4), drop-out(競爭落敗)=2, 無候選(計入)=31, factor=1.50, min_reach=20.0
2026-07-26 14:02:32,470 - m3_module.m3_elastic_matching - INFO - elastic_dish_nucleus_matching(overlap-first): IHC=102, DISH=2, matched(1核)=2 (其中重疊=2), drop-out(競爭落敗)=1, 無候選(計入)=99, factor=1.50, min_reach=20.0
2026-07-26 14:02:32,523 - m3_module.m3_dot_detection - INFO - detect_all_dots: 紅點=2, 黑點=2, 涉及細胞=76
2026-07-26 14:02:32,563 - m3_module.m3_dot_detection - INFO - detect_all_dots: 紅點=3, 黑點=4, 涉及細胞=37
2026-07-26 14:02:32,596 - m3_module.m3_dot_detection - INFO - detect_all_dots: 紅點=4, 黑點=7, 涉及細胞=102
2026-07-26 14:02:32,697 - hybrid_pipeline - INFO - [440/576] 已回收 tile_x5376_y13824
2026-07-26 14:02:32,702 - m4_module.cell_crops - INFO - 匯出 12 張 per-cell 影像至 /data/taro_Projects/tsgh/output/r7_run/cell_crops/tile_x7680_y13824/cells
2026-07-26 14:02:32,702 - hybrid_pipeline - INFO - Tile tile_x7680_y13824 完成: 核心擁有 12 細胞 (12 陽性), 1.45 秒
2026-07-26 14:02:32,725 - m3_module.m3_cells_generator - INFO - All-positive 標註完成: 86 個細胞
2026-07-26 14:02:32,729 - m4_module.cell_crops - INFO - 匯出 44 張 per-cell 影像至 /data/taro_Projects/tsgh/output/r7_run/cell_crops/tile_x6912_y13824/cells
2026-07-26 14:02:32,729 - hybrid_pipeline - INFO - Tile tile_x6912_y13824 完成: 核心擁有 44 細胞 (44 陽性), 1.53 秒
2026-07-26 14:02:32,776 - m3_module.m3_cells_generator - INFO - enlarge_cell_instances: 86 顆細胞, factor=1.50(面積), 中位半徑=25.1px, 外擴=5.6px
2026-07-26 14:02:32,804 - m3_module.m3_elastic_matching - INFO - elastic_dish_nucleus_matching(overlap-first): IHC=86, DISH=7, matched(1核)=7 (其中重疊=7), drop-out(競爭落敗)=3, 無候選(計入)=76, factor=1.50, min_reach=20.0
2026-07-26 14:02:32,874 - m4_module.cell_crops - INFO - 匯出 53 張 per-cell 影像至 /data/taro_Projects/tsgh/output/r7_run/cell_crops/tile_x6144_y13824/cells
2026-07-26 14:02:32,874 - hybrid_pipeline - INFO - Tile tile_x6144_y13824 完成: 核心擁有 53 細胞 (53 陽性), 1.63 秒
2026-07-26 14:02:32,930 - m3_module.m3_dot_detection - INFO - detect_all_dots: 紅點=8, 黑點=9, 涉及細胞=86
2026-07-26 14:02:33,164 - m4_module.cell_crops - INFO - 匯出 46 張 per-cell 影像至 /data/taro_Projects/tsgh/output/r7_run/cell_crops/tile_x8448_y13824/cells
2026-07-26 14:02:33,164 - hybrid_pipeline - INFO - Tile tile_x8448_y13824 完成: 核心擁有 46 細胞 (46 陽性), 1.51 秒
2026-07-26 14:02:33,386 - hybrid_pipeline - INFO - [441/576] 已回收 tile_x6912_y13824
2026-07-26 14:02:33,416 - m3_module.m3_cells_generator - INFO - All-positive 標註完成: 131 個細胞
2026-07-26 14:02:33,421 - hybrid_pipeline - INFO - [442/576] 已回收 tile_x6144_y13824
2026-07-26 14:02:33,447 - hybrid_pipeline - INFO - [443/576] 已回收 tile_x7680_y13824
2026-07-26 14:02:33,454 - m3_module.m3_cells_generator - INFO - All-positive 標註完成: 57 個細胞
2026-07-26 14:02:33,474 - m3_module.m3_cells_generator - INFO - All-positive 標註完成: 88 個細胞
2026-07-26 14:02:33,476 - m3_module.m3_cells_generator - INFO - enlarge_cell_instances: 131 顆細胞, factor=1.50(面積), 中位半徑=28.0px, 外擴=6.3px
2026-07-26 14:02:33,505 - m3_module.m3_elastic_matching - INFO - elastic_dish_nucleus_matching(overlap-first): IHC=131, DISH=61, matched(1核)=40 (其中重疊=40), drop-out(競爭落敗)=13, 無候選(計入)=78, factor=1.50, min_reach=20.0
2026-07-26 14:02:33,508 - m3_module.m3_cells_generator - INFO - enlarge_cell_instances: 57 顆細胞, factor=1.50(面積), 中位半徑=27.1px, 外擴=6.1px
2026-07-26 14:02:33,537 - m3_module.m3_cells_generator - INFO - enlarge_cell_instances: 88 顆細胞, factor=1.50(面積), 中位半徑=26.7px, 外擴=6.0px
2026-07-26 14:02:33,539 - m3_module.m3_elastic_matching - INFO - elastic_dish_nucleus_matching(overlap-first): IHC=57, DISH=4, matched(1核)=4 (其中重疊=4), drop-out(競爭落敗)=1, 無候選(計入)=52, factor=1.50, min_reach=20.0
2026-07-26 14:02:33,570 - m3_module.m3_elastic_matching - INFO - elastic_dish_nucleus_matching(overlap-first): IHC=88, DISH=9, matched(1核)=9 (其中重疊=9), drop-out(競爭落敗)=1, 無候選(計入)=78, factor=1.50, min_reach=20.0
2026-07-26 14:02:33,666 - m3_module.m3_dot_detection - INFO - detect_all_dots: 紅點=3, 黑點=4, 涉及細胞=57
2026-07-26 14:02:33,684 - m3_module.m3_dot_detection - INFO - detect_all_dots: 紅點=2, 黑點=6, 涉及細胞=88
2026-07-26 14:02:33,731 - m3_module.m3_dot_detection - INFO - detect_all_dots: 紅點=47, 黑點=57, 涉及細胞=131
2026-07-26 14:02:33,778 - hybrid_pipeline - INFO - [444/576] 已回收 tile_x8448_y13824
2026-07-26 14:02:33,808 - m3_module.m3_cells_generator - INFO - All-positive 標註完成: 89 個細胞
2026-07-26 14:02:33,860 - m4_module.cell_crops - INFO - 匯出 39 張 per-cell 影像至 /data/taro_Projects/tsgh/output/r7_run/cell_crops/tile_x12288_y13824/cells
2026-07-26 14:02:33,860 - hybrid_pipeline - INFO - Tile tile_x12288_y13824 完成: 核心擁有 39 細胞 (39 陽性), 1.52 秒
2026-07-26 14:02:33,863 - m3_module.m3_cells_generator - INFO - enlarge_cell_instances: 89 顆細胞, factor=1.50(面積), 中位半徑=25.9px, 外擴=5.8px
2026-07-26 14:02:33,881 - cellpose.dynamics - INFO - No cell pixels found.
2026-07-26 14:02:33,892 - m3_module.m3_elastic_matching - INFO - elastic_dish_nucleus_matching(overlap-first): IHC=89, DISH=3, matched(1核)=2 (其中重疊=2), drop-out(競爭落敗)=0, 無候選(計入)=87, factor=1.50, min_reach=20.0
2026-07-26 14:02:34,012 - m3_module.m3_dot_detection - INFO - detect_all_dots: 紅點=0, 黑點=1, 涉及細胞=89
2026-07-26 14:02:34,025 - m4_module.cell_crops - INFO - 匯出 51 張 per-cell 影像至 /data/taro_Projects/tsgh/output/r7_run/cell_crops/tile_x10752_y13824/cells
2026-07-26 14:02:34,026 - hybrid_pipeline - INFO - Tile tile_x10752_y13824 完成: 核心擁有 51 細胞 (51 陽性), 1.70 秒
2026-07-26 14:02:34,160 - m4_module.cell_crops - INFO - 匯出 74 張 per-cell 影像至 /data/taro_Projects/tsgh/output/r7_run/cell_crops/tile_x9216_y13824/cells
2026-07-26 14:02:34,161 - hybrid_pipeline - INFO - Tile tile_x9216_y13824 完成: 核心擁有 74 細胞 (74 陽性), 1.88 秒
2026-07-26 14:02:34,329 - m4_module.cell_crops - INFO - 匯出 43 張 per-cell 影像至 /data/taro_Projects/tsgh/output/r7_run/cell_crops/tile_x11520_y13824/cells
2026-07-26 14:02:34,330 - hybrid_pipeline - INFO - Tile tile_x11520_y13824 完成: 核心擁有 43 細胞 (43 陽性), 1.63 秒
2026-07-26 14:02:34,445 - hybrid_pipeline - INFO - [445/576] 已回收 tile_x12288_y13824
2026-07-26 14:02:34,455 - m3_module.m3_cells_generator - INFO - All-positive 標註完成: 0 個細胞
2026-07-26 14:02:34,462 - hybrid_pipeline - INFO - [446/576] 已回收 tile_x9216_y13824
2026-07-26 14:02:34,473 - hybrid_pipeline - INFO - [447/576] 已回收 tile_x10752_y13824
2026-07-26 14:02:34,497 - m3_module.m3_cells_generator - INFO - All-positive 標註完成: 77 個細胞
2026-07-26 14:02:34,503 - m3_module.m3_cells_generator - INFO - All-positive 標註完成: 15 個細胞
2026-07-26 14:02:34,544 - m3_module.m3_cells_generator - INFO - enlarge_cell_instances: 15 顆細胞, factor=1.50(面積), 中位半徑=22.6px, 外擴=5.1px
2026-07-26 14:02:34,558 - m3_module.m3_cells_generator - INFO - enlarge_cell_instances: 77 顆細胞, factor=1.50(面積), 中位半徑=22.2px, 外擴=5.0px
2026-07-26 14:02:34,583 - m3_module.m3_dot_detection - INFO - detect_all_dots: 紅點=0, 黑點=0, 涉及細胞=0
2026-07-26 14:02:34,591 - m3_module.m3_elastic_matching - INFO - elastic_dish_nucleus_matching(overlap-first): IHC=77, DISH=30, matched(1核)=17 (其中重疊=17), drop-out(競爭落敗)=5, 無候選(計入)=55, factor=1.50, min_reach=20.0
2026-07-26 14:02:34,621 - m4_module.cell_crops - INFO - 匯出 0 張 per-cell 影像至 /data/taro_Projects/tsgh/output/r7_run/cell_crops/tile_x13056_y13824/cells
2026-07-26 14:02:34,621 - hybrid_pipeline - INFO - Tile tile_x13056_y13824 完成: 核心擁有 0 細胞 (0 陽性), 1.20 秒
2026-07-26 14:02:34,671 - m3_module.m3_dot_detection - INFO - detect_all_dots: 紅點=0, 黑點=0, 涉及細胞=15
2026-07-26 14:02:34,747 - m4_module.cell_crops - INFO - 匯出 13 張 per-cell 影像至 /data/taro_Projects/tsgh/output/r7_run/cell_crops/tile_x13824_y13824/cells
2026-07-26 14:02:34,747 - hybrid_pipeline - INFO - Tile tile_x13824_y13824 完成: 核心擁有 13 細胞 (13 陽性), 1.30 秒
2026-07-26 14:02:34,753 - m3_module.m3_dot_detection - INFO - detect_all_dots: 紅點=19, 黑點=23, 涉及細胞=77
2026-07-26 14:02:34,823 - hybrid_pipeline - INFO - [448/576] 已回收 tile_x11520_y13824
2026-07-26 14:02:34,855 - m3_module.m3_cells_generator - INFO - All-positive 標註完成: 50 個細胞
2026-07-26 14:02:34,900 - m3_module.m3_cells_generator - INFO - enlarge_cell_instances: 50 顆細胞, factor=1.50(面積), 中位半徑=29.8px, 外擴=6.7px
2026-07-26 14:02:34,927 - m3_module.m3_elastic_matching - INFO - elastic_dish_nucleus_matching(overlap-first): IHC=50, DISH=6, matched(1核)=2 (其中重疊=2), drop-out(競爭落敗)=1, 無候選(計入)=47, factor=1.50, min_reach=20.0
2026-07-26 14:02:35,001 - m4_module.cell_crops - INFO - 匯出 36 張 per-cell 影像至 /data/taro_Projects/tsgh/output/r7_run/cell_crops/tile_x9984_y13824/cells
2026-07-26 14:02:35,001 - hybrid_pipeline - INFO - Tile tile_x9984_y13824 完成: 核心擁有 36 細胞 (36 陽性), 1.62 秒
2026-07-26 14:02:35,053 - m3_module.m3_dot_detection - INFO - detect_all_dots: 紅點=4, 黑點=4, 涉及細胞=50
2026-07-26 14:02:35,243 - m4_module.cell_crops - INFO - 匯出 29 張 per-cell 影像至 /data/taro_Projects/tsgh/output/r7_run/cell_crops/tile_x14592_y13824/cells
2026-07-26 14:02:35,243 - hybrid_pipeline - INFO - Tile tile_x14592_y13824 完成: 核心擁有 29 細胞 (29 陽性), 1.47 秒
2026-07-26 14:02:35,487 - hybrid_pipeline - INFO - [449/576] 已回收 tile_x13056_y13824
2026-07-26 14:02:35,519 - m3_module.m3_cells_generator - INFO - All-positive 標註完成: 21 個細胞
2026-07-26 14:02:35,553 - m3_module.m3_cells_generator - INFO - enlarge_cell_instances: 21 顆細胞, factor=1.50(面積), 中位半徑=23.8px, 外擴=5.3px
2026-07-26 14:02:35,557 - hybrid_pipeline - INFO - [450/576] 已回收 tile_x9984_y13824
2026-07-26 14:02:35,580 - m3_module.m3_elastic_matching - INFO - elastic_dish_nucleus_matching(overlap-first): IHC=21, DISH=2, matched(1核)=1 (其中重疊=1), drop-out(競爭落敗)=1, 無候選(計入)=19, factor=1.50, min_reach=20.0
2026-07-26 14:02:35,587 - m3_module.m3_cells_generator - INFO - All-positive 標註完成: 65 個細胞
2026-07-26 14:02:35,611 - hybrid_pipeline - INFO - [451/576] 已回收 tile_x13824_y13824
2026-07-26 14:02:35,639 - m3_module.m3_cells_generator - INFO - enlarge_cell_instances: 65 顆細胞, factor=1.50(面積), 中位半徑=25.7px, 外擴=5.8px
2026-07-26 14:02:35,648 - m3_module.m3_cells_generator - INFO - All-positive 標註完成: 98 個細胞
2026-07-26 14:02:35,667 - m3_module.m3_elastic_matching - INFO - elastic_dish_nucleus_matching(overlap-first): IHC=65, DISH=3, matched(1核)=1 (其中重疊=1), drop-out(競爭落敗)=1, 無候選(計入)=63, factor=1.50, min_reach=20.0
2026-07-26 14:02:35,701 - m3_module.m3_dot_detection - INFO - detect_all_dots: 紅點=3, 黑點=1, 涉及細胞=21
2026-07-26 14:02:35,706 - m3_module.m3_cells_generator - INFO - enlarge_cell_instances: 98 顆細胞, factor=1.50(面積), 中位半徑=23.0px, 外擴=5.2px
2026-07-26 14:02:35,737 - m3_module.m3_elastic_matching - INFO - elastic_dish_nucleus_matching(overlap-first): IHC=98, DISH=6, matched(1核)=5 (其中重疊=5), drop-out(競爭落敗)=1, 無候選(計入)=92, factor=1.50, min_reach=20.0
2026-07-26 14:02:35,781 - m3_module.m3_dot_detection - INFO - detect_all_dots: 紅點=0, 黑點=0, 涉及細胞=65
2026-07-26 14:02:35,802 - m4_module.cell_crops - INFO - 匯出 6 張 per-cell 影像至 /data/taro_Projects/tsgh/output/r7_run/cell_crops/tile_x15360_y13824/cells
2026-07-26 14:02:35,802 - hybrid_pipeline - INFO - Tile tile_x15360_y13824 完成: 核心擁有 6 細胞 (6 陽性), 1.36 秒
2026-07-26 14:02:35,851 - m3_module.m3_dot_detection - INFO - detect_all_dots: 紅點=1, 黑點=2, 涉及細胞=98
2026-07-26 14:02:35,864 - hybrid_pipeline - INFO - [452/576] 已回收 tile_x14592_y13824
2026-07-26 14:02:35,893 - m3_module.m3_cells_generator - INFO - All-positive 標註完成: 28 個細胞
2026-07-26 14:02:35,942 - m3_module.m3_cells_generator - INFO - enlarge_cell_instances: 28 顆細胞, factor=1.50(面積), 中位半徑=20.8px, 外擴=4.7px
2026-07-26 14:02:35,969 - m3_module.m3_elastic_matching - INFO - elastic_dish_nucleus_matching(overlap-first): IHC=28, DISH=1, matched(1核)=0 (其中重疊=0), drop-out(競爭落敗)=0, 無候選(計入)=28, factor=1.50, min_reach=20.0
2026-07-26 14:02:35,984 - m4_module.cell_crops - INFO - 匯出 29 張 per-cell 影像至 /data/taro_Projects/tsgh/output/r7_run/cell_crops/tile_x16896_y13824/cells
2026-07-26 14:02:35,984 - hybrid_pipeline - INFO - Tile tile_x16896_y13824 完成: 核心擁有 29 細胞 (29 陽性), 1.52 秒
2026-07-26 14:02:35,994 - cellpose.dynamics - INFO - No cell pixels found.
2026-07-26 14:02:36,066 - m3_module.m3_dot_detection - INFO - detect_all_dots: 紅點=0, 黑點=0, 涉及細胞=28
2026-07-26 14:02:36,126 - m4_module.cell_crops - INFO - 匯出 60 張 per-cell 影像至 /data/taro_Projects/tsgh/output/r7_run/cell_crops/tile_x17664_y13824/cells
2026-07-26 14:02:36,126 - hybrid_pipeline - INFO - Tile tile_x17664_y13824 完成: 核心擁有 60 細胞 (60 陽性), 1.65 秒
2026-07-26 14:02:36,146 - m4_module.cell_crops - INFO - 匯出 21 張 per-cell 影像至 /data/taro_Projects/tsgh/output/r7_run/cell_crops/tile_x0_y14592/cells
2026-07-26 14:02:36,146 - hybrid_pipeline - INFO - Tile tile_x0_y14592 完成: 核心擁有 21 細胞 (21 陽性), 1.32 秒
2026-07-26 14:02:36,494 - hybrid_pipeline - INFO - [453/576] 已回收 tile_x15360_y13824
2026-07-26 14:02:36,522 - hybrid_pipeline - INFO - [454/576] 已回收 tile_x16896_y13824
2026-07-26 14:02:36,526 - m3_module.m3_cells_generator - INFO - All-positive 標註完成: 0 個細胞
2026-07-26 14:02:36,527 - m3_module.m3_cells_generator - INFO - All-positive 標註完成: 5 個細胞
2026-07-26 14:02:36,567 - m3_module.m3_cells_generator - INFO - enlarge_cell_instances: 5 顆細胞, factor=1.50(面積), 中位半徑=16.9px, 外擴=3.8px
2026-07-26 14:02:36,568 - hybrid_pipeline - INFO - [455/576] 已回收 tile_x17664_y13824
2026-07-26 14:02:36,603 - m3_module.m3_cells_generator - INFO - All-positive 標註完成: 59 個細胞
2026-07-26 14:02:36,655 - m3_module.m3_dot_detection - INFO - detect_all_dots: 紅點=0, 黑點=0, 涉及細胞=0
2026-07-26 14:02:36,664 - m3_module.m3_cells_generator - INFO - enlarge_cell_instances: 59 顆細胞, factor=1.50(面積), 中位半徑=22.4px, 外擴=5.0px
2026-07-26 14:02:36,687 - m4_module.cell_crops - INFO - 匯出 0 張 per-cell 影像至 /data/taro_Projects/tsgh/output/r7_run/cell_crops/tile_x16128_y13824/cells
2026-07-26 14:02:36,687 - hybrid_pipeline - INFO - Tile tile_x16128_y13824 完成: 核心擁有 0 細胞 (0 陽性), 1.13 秒
2026-07-26 14:02:36,693 - m3_module.m3_dot_detection - INFO - detect_all_dots: 紅點=0, 黑點=0, 涉及細胞=5
2026-07-26 14:02:36,693 - m3_module.m3_elastic_matching - INFO - elastic_dish_nucleus_matching(overlap-first): IHC=59, DISH=2, matched(1核)=2 (其中重疊=2), drop-out(競爭落敗)=0, 無候選(計入)=57, factor=1.50, min_reach=20.0
2026-07-26 14:02:36,732 - m4_module.cell_crops - INFO - 匯出 4 張 per-cell 影像至 /data/taro_Projects/tsgh/output/r7_run/cell_crops/tile_x768_y14592/cells
2026-07-26 14:02:36,732 - hybrid_pipeline - INFO - Tile tile_x768_y14592 完成: 核心擁有 4 細胞 (4 陽性), 1.25 秒
2026-07-26 14:02:36,799 - m3_module.m3_dot_detection - INFO - detect_all_dots: 紅點=2, 黑點=4, 涉及細胞=59
2026-07-26 14:02:36,925 - hybrid_pipeline - INFO - [456/576] 已回收 tile_x0_y14592
2026-07-26 14:02:36,958 - m3_module.m3_cells_generator - INFO - All-positive 標註完成: 39 個細胞
2026-07-26 14:02:36,982 - m4_module.cell_crops - INFO - 匯出 26 張 per-cell 影像至 /data/taro_Projects/tsgh/output/r7_run/cell_crops/tile_x2304_y14592/cells
2026-07-26 14:02:36,982 - hybrid_pipeline - INFO - Tile tile_x2304_y14592 完成: 核心擁有 26 細胞 (26 陽性), 1.37 秒
2026-07-26 14:02:36,997 - m3_module.m3_cells_generator - INFO - enlarge_cell_instances: 39 顆細胞, factor=1.50(面積), 中位半徑=28.2px, 外擴=6.3px
2026-07-26 14:02:37,114 - m3_module.m3_dot_detection - INFO - detect_all_dots: 紅點=0, 黑點=0, 涉及細胞=39
2026-07-26 14:02:37,221 - m4_module.cell_crops - INFO - 匯出 25 張 per-cell 影像至 /data/taro_Projects/tsgh/output/r7_run/cell_crops/tile_x1536_y14592/cells
2026-07-26 14:02:37,221 - hybrid_pipeline - INFO - Tile tile_x1536_y14592 完成: 核心擁有 25 細胞 (25 陽性), 1.36 秒
2026-07-26 14:02:37,569 - hybrid_pipeline - INFO - [457/576] 已回收 tile_x768_y14592
2026-07-26 14:02:37,595 - m3_module.m3_cells_generator - INFO - All-positive 標註完成: 52 個細胞
2026-07-26 14:02:37,604 - hybrid_pipeline - INFO - [458/576] 已回收 tile_x2304_y14592
2026-07-26 14:02:37,608 - hybrid_pipeline - INFO - [459/576] 已回收 tile_x16128_y13824
2026-07-26 14:02:37,633 - m3_module.m3_cells_generator - INFO - All-positive 標註完成: 68 個細胞
2026-07-26 14:02:37,638 - m3_module.m3_cells_generator - INFO - All-positive 標註完成: 42 個細胞
2026-07-26 14:02:37,643 - m3_module.m3_cells_generator - INFO - enlarge_cell_instances: 52 顆細胞, factor=1.50(面積), 中位半徑=21.7px, 外擴=4.9px
2026-07-26 14:02:37,670 - m3_module.m3_elastic_matching - INFO - elastic_dish_nucleus_matching(overlap-first): IHC=52, DISH=4, matched(1核)=2 (其中重疊=2), drop-out(競爭落敗)=0, 無候選(計入)=50, factor=1.50, min_reach=20.0
2026-07-26 14:02:37,691 - m3_module.m3_cells_generator - INFO - enlarge_cell_instances: 42 顆細胞, factor=1.50(面積), 中位半徑=21.5px, 外擴=4.8px
2026-07-26 14:02:37,693 - m3_module.m3_cells_generator - INFO - enlarge_cell_instances: 68 顆細胞, factor=1.50(面積), 中位半徑=24.8px, 外擴=5.6px
2026-07-26 14:02:37,720 - m3_module.m3_elastic_matching - INFO - elastic_dish_nucleus_matching(overlap-first): IHC=42, DISH=4, matched(1核)=2 (其中重疊=2), drop-out(競爭落敗)=0, 無候選(計入)=40, factor=1.50, min_reach=20.0
2026-07-26 14:02:37,724 - m3_module.m3_elastic_matching - INFO - elastic_dish_nucleus_matching(overlap-first): IHC=68, DISH=3, matched(1核)=2 (其中重疊=2), drop-out(競爭落敗)=1, 無候選(計入)=65, factor=1.50, min_reach=20.0
2026-07-26 14:02:37,793 - m3_module.m3_dot_detection - INFO - detect_all_dots: 紅點=1, 黑點=3, 涉及細胞=52
2026-07-26 14:02:37,846 - m3_module.m3_dot_detection - INFO - detect_all_dots: 紅點=1, 黑點=3, 涉及細胞=42
2026-07-26 14:02:37,859 - m3_module.m3_dot_detection - INFO - detect_all_dots: 紅點=6, 黑點=7, 涉及細胞=68
2026-07-26 14:02:37,894 - hybrid_pipeline - INFO - [460/576] 已回收 tile_x1536_y14592
2026-07-26 14:02:37,927 - m3_module.m3_cells_generator - INFO - All-positive 標註完成: 37 個細胞
2026-07-26 14:02:37,951 - m4_module.cell_crops - INFO - 匯出 40 張 per-cell 影像至 /data/taro_Projects/tsgh/output/r7_run/cell_crops/tile_x3072_y14592/cells
2026-07-26 14:02:37,951 - hybrid_pipeline - INFO - Tile tile_x3072_y14592 完成: 核心擁有 40 細胞 (40 陽性), 1.46 秒
2026-07-26 14:02:37,972 - m3_module.m3_cells_generator - INFO - enlarge_cell_instances: 37 顆細胞, factor=1.50(面積), 中位半徑=25.7px, 外擴=5.8px
2026-07-26 14:02:37,990 - m4_module.cell_crops - INFO - 匯出 16 張 per-cell 影像至 /data/taro_Projects/tsgh/output/r7_run/cell_crops/tile_x3840_y14592/cells
2026-07-26 14:02:37,990 - hybrid_pipeline - INFO - Tile tile_x3840_y14592 完成: 核心擁有 16 細胞 (16 陽性), 1.42 秒
2026-07-26 14:02:37,999 - m3_module.m3_elastic_matching - INFO - elastic_dish_nucleus_matching(overlap-first): IHC=37, DISH=4, matched(1核)=3 (其中重疊=3), drop-out(競爭落敗)=0, 無候選(計入)=34, factor=1.50, min_reach=20.0
2026-07-26 14:02:38,070 - m4_module.cell_crops - INFO - 匯出 33 張 per-cell 影像至 /data/taro_Projects/tsgh/output/r7_run/cell_crops/tile_x5376_y14592/cells
2026-07-26 14:02:38,070 - hybrid_pipeline - INFO - Tile tile_x5376_y14592 完成: 核心擁有 33 細胞 (33 陽性), 1.55 秒
2026-07-26 14:02:38,110 - m3_module.m3_dot_detection - INFO - detect_all_dots: 紅點=2, 黑點=2, 涉及細胞=37
2026-07-26 14:02:38,235 - m4_module.cell_crops - INFO - 匯出 7 張 per-cell 影像至 /data/taro_Projects/tsgh/output/r7_run/cell_crops/tile_x4608_y14592/cells
2026-07-26 14:02:38,235 - hybrid_pipeline - INFO - Tile tile_x4608_y14592 完成: 核心擁有 7 細胞 (7 陽性), 1.31 秒
2026-07-26 14:02:38,491 - hybrid_pipeline - INFO - [461/576] 已回收 tile_x3072_y14592
2026-07-26 14:02:38,529 - m3_module.m3_cells_generator - INFO - All-positive 標註完成: 71 個細胞
2026-07-26 14:02:38,577 - m3_module.m3_cells_generator - INFO - enlarge_cell_instances: 71 顆細胞, factor=1.50(面積), 中位半徑=22.8px, 外擴=5.1px
2026-07-26 14:02:38,610 - m3_module.m3_elastic_matching - INFO - elastic_dish_nucleus_matching(overlap-first): IHC=71, DISH=5, matched(1核)=4 (其中重疊=4), drop-out(競爭落敗)=0, 無候選(計入)=67, factor=1.50, min_reach=20.0
2026-07-26 14:02:38,671 - hybrid_pipeline - INFO - [462/576] 已回收 tile_x3840_y14592
2026-07-26 14:02:38,701 - m3_module.m3_cells_generator - INFO - All-positive 標註完成: 63 個細胞
2026-07-26 14:02:38,708 - hybrid_pipeline - INFO - [463/576] 已回收 tile_x5376_y14592
2026-07-26 14:02:38,736 - m3_module.m3_cells_generator - INFO - All-positive 標註完成: 65 個細胞
2026-07-26 14:02:38,737 - m3_module.m3_dot_detection - INFO - detect_all_dots: 紅點=6, 黑點=9, 涉及細胞=71
2026-07-26 14:02:38,753 - m3_module.m3_cells_generator - INFO - enlarge_cell_instances: 63 顆細胞, factor=1.50(面積), 中位半徑=19.0px, 外擴=4.3px
2026-07-26 14:02:38,781 - m3_module.m3_elastic_matching - INFO - elastic_dish_nucleus_matching(overlap-first): IHC=63, DISH=4, matched(1核)=1 (其中重疊=1), drop-out(競爭落敗)=0, 無候選(計入)=62, factor=1.50, min_reach=20.0
2026-07-26 14:02:38,782 - m3_module.m3_cells_generator - INFO - enlarge_cell_instances: 65 顆細胞, factor=1.50(面積), 中位半徑=17.4px, 外擴=3.9px
2026-07-26 14:02:38,811 - m3_module.m3_elastic_matching - INFO - elastic_dish_nucleus_matching(overlap-first): IHC=65, DISH=3, matched(1核)=1 (其中重疊=1), drop-out(競爭落敗)=0, 無候選(計入)=64, factor=1.50, min_reach=20.0
2026-07-26 14:02:38,846 - hybrid_pipeline - INFO - [464/576] 已回收 tile_x4608_y14592
2026-07-26 14:02:38,876 - m3_module.m3_cells_generator - INFO - All-positive 標註完成: 83 個細胞
2026-07-26 14:02:38,899 - m3_module.m3_dot_detection - INFO - detect_all_dots: 紅點=0, 黑點=0, 涉及細胞=63
2026-07-26 14:02:38,930 - m3_module.m3_dot_detection - INFO - detect_all_dots: 紅點=0, 黑點=0, 涉及細胞=65
2026-07-26 14:02:38,934 - m3_module.m3_cells_generator - INFO - enlarge_cell_instances: 83 顆細胞, factor=1.50(面積), 中位半徑=25.5px, 外擴=5.7px
2026-07-26 14:02:38,948 - m4_module.cell_crops - INFO - 匯出 42 張 per-cell 影像至 /data/taro_Projects/tsgh/output/r7_run/cell_crops/tile_x6144_y14592/cells
2026-07-26 14:02:38,948 - hybrid_pipeline - INFO - Tile tile_x6144_y14592 完成: 核心擁有 42 細胞 (42 陽性), 1.38 秒
2026-07-26 14:02:38,963 - m3_module.m3_elastic_matching - INFO - elastic_dish_nucleus_matching(overlap-first): IHC=83, DISH=42, matched(1核)=21 (其中重疊=21), drop-out(競爭落敗)=4, 無候選(計入)=58, factor=1.50, min_reach=20.0
2026-07-26 14:02:39,089 - m4_module.cell_crops - INFO - 匯出 27 張 per-cell 影像至 /data/taro_Projects/tsgh/output/r7_run/cell_crops/tile_x6912_y14592/cells
2026-07-26 14:02:39,089 - hybrid_pipeline - INFO - Tile tile_x6912_y14592 完成: 核心擁有 27 細胞 (27 陽性), 1.48 秒
2026-07-26 14:02:39,095 - m4_module.cell_crops - INFO - 匯出 33 張 per-cell 影像至 /data/taro_Projects/tsgh/output/r7_run/cell_crops/tile_x7680_y14592/cells
2026-07-26 14:02:39,095 - hybrid_pipeline - INFO - Tile tile_x7680_y14592 完成: 核心擁有 33 細胞 (33 陽性), 1.49 秒
2026-07-26 14:02:39,107 - m3_module.m3_dot_detection - INFO - detect_all_dots: 紅點=18, 黑點=18, 涉及細胞=83
2026-07-26 14:02:39,398 - m4_module.cell_crops - INFO - 匯出 47 張 per-cell 影像至 /data/taro_Projects/tsgh/output/r7_run/cell_crops/tile_x8448_y14592/cells
2026-07-26 14:02:39,398 - hybrid_pipeline - INFO - Tile tile_x8448_y14592 完成: 核心擁有 47 細胞 (47 陽性), 1.50 秒
2026-07-26 14:02:39,525 - hybrid_pipeline - INFO - [465/576] 已回收 tile_x6144_y14592
2026-07-26 14:02:39,553 - m3_module.m3_cells_generator - INFO - All-positive 標註完成: 107 個細胞
2026-07-26 14:02:39,611 - m3_module.m3_cells_generator - INFO - enlarge_cell_instances: 107 顆細胞, factor=1.50(面積), 中位半徑=28.2px, 外擴=6.3px
2026-07-26 14:02:39,636 - hybrid_pipeline - INFO - [466/576] 已回收 tile_x7680_y14592
2026-07-26 14:02:39,642 - m3_module.m3_elastic_matching - INFO - elastic_dish_nucleus_matching(overlap-first): IHC=107, DISH=52, matched(1核)=35 (其中重疊=34), drop-out(競爭落敗)=10, 無候選(計入)=62, factor=1.50, min_reach=20.0
2026-07-26 14:02:39,669 - m3_module.m3_cells_generator - INFO - All-positive 標註完成: 67 個細胞
2026-07-26 14:02:39,726 - m3_module.m3_cells_generator - INFO - enlarge_cell_instances: 67 顆細胞, factor=1.50(面積), 中位半徑=27.1px, 外擴=6.1px
2026-07-26 14:02:39,756 - m3_module.m3_elastic_matching - INFO - elastic_dish_nucleus_matching(overlap-first): IHC=67, DISH=12, matched(1核)=10 (其中重疊=10), drop-out(競爭落敗)=2, 無候選(計入)=55, factor=1.50, min_reach=20.0
2026-07-26 14:02:39,765 - hybrid_pipeline - INFO - [467/576] 已回收 tile_x6912_y14592
2026-07-26 14:02:39,793 - m3_module.m3_cells_generator - INFO - All-positive 標註完成: 108 個細胞
2026-07-26 14:02:39,833 - hybrid_pipeline - INFO - [468/576] 已回收 tile_x8448_y14592
2026-07-26 14:02:39,837 - m3_module.m3_dot_detection - INFO - detect_all_dots: 紅點=25, 黑點=33, 涉及細胞=107
2026-07-26 14:02:39,856 - m3_module.m3_cells_generator - INFO - enlarge_cell_instances: 108 顆細胞, factor=1.50(面積), 中位半徑=26.5px, 外擴=6.0px
2026-07-26 14:02:39,871 - m3_module.m3_cells_generator - INFO - All-positive 標註完成: 79 個細胞
2026-07-26 14:02:39,885 - m3_module.m3_elastic_matching - INFO - elastic_dish_nucleus_matching(overlap-first): IHC=108, DISH=3, matched(1核)=3 (其中重疊=3), drop-out(競爭落敗)=1, 無候選(計入)=104, factor=1.50, min_reach=20.0
2026-07-26 14:02:39,888 - m3_module.m3_dot_detection - INFO - detect_all_dots: 紅點=6, 黑點=9, 涉及細胞=67
2026-07-26 14:02:39,919 - m3_module.m3_cells_generator - INFO - enlarge_cell_instances: 79 顆細胞, factor=1.50(面積), 中位半徑=30.1px, 外擴=6.8px
2026-07-26 14:02:39,950 - m3_module.m3_elastic_matching - INFO - elastic_dish_nucleus_matching(overlap-first): IHC=79, DISH=5, matched(1核)=4 (其中重疊=4), drop-out(競爭落敗)=1, 無候選(計入)=74, factor=1.50, min_reach=20.0
2026-07-26 14:02:40,011 - m3_module.m3_dot_detection - INFO - detect_all_dots: 紅點=3, 黑點=3, 涉及細胞=108
2026-07-26 14:02:40,070 - m3_module.m3_dot_detection - INFO - detect_all_dots: 紅點=3, 黑點=6, 涉及細胞=79
2026-07-26 14:02:40,113 - m4_module.cell_crops - INFO - 匯出 30 張 per-cell 影像至 /data/taro_Projects/tsgh/output/r7_run/cell_crops/tile_x9984_y14592/cells
2026-07-26 14:02:40,113 - hybrid_pipeline - INFO - Tile tile_x9984_y14592 完成: 核心擁有 30 細胞 (30 陽性), 1.44 秒
2026-07-26 14:02:40,149 - m4_module.cell_crops - INFO - 匯出 60 張 per-cell 影像至 /data/taro_Projects/tsgh/output/r7_run/cell_crops/tile_x9216_y14592/cells
2026-07-26 14:02:40,149 - hybrid_pipeline - INFO - Tile tile_x9216_y14592 完成: 核心擁有 60 細胞 (60 陽性), 1.66 秒
2026-07-26 14:02:40,330 - m4_module.cell_crops - INFO - 匯出 58 張 per-cell 影像至 /data/taro_Projects/tsgh/output/r7_run/cell_crops/tile_x12288_y14592/cells
2026-07-26 14:02:40,330 - hybrid_pipeline - INFO - Tile tile_x12288_y14592 完成: 核心擁有 58 細胞 (58 陽性), 1.49 秒
2026-07-26 14:02:40,340 - m4_module.cell_crops - INFO - 匯出 56 張 per-cell 影像至 /data/taro_Projects/tsgh/output/r7_run/cell_crops/tile_x10752_y14592/cells
2026-07-26 14:02:40,340 - hybrid_pipeline - INFO - Tile tile_x10752_y14592 完成: 核心擁有 56 細胞 (56 陽性), 1.63 秒
2026-07-26 14:02:40,445 - hybrid_pipeline - INFO - [469/576] 已回收 tile_x9216_y14592
2026-07-26 14:02:40,476 - m3_module.m3_cells_generator - INFO - All-positive 標註完成: 3 個細胞
2026-07-26 14:02:40,503 - m3_module.m3_cells_generator - INFO - enlarge_cell_instances: 3 顆細胞, factor=1.50(面積), 中位半徑=30.1px, 外擴=6.8px
2026-07-26 14:02:40,520 - hybrid_pipeline - INFO - [470/576] 已回收 tile_x9984_y14592
2026-07-26 14:02:40,560 - m3_module.m3_cells_generator - INFO - All-positive 標註完成: 3 個細胞
2026-07-26 14:02:40,592 - m3_module.m3_cells_generator - INFO - enlarge_cell_instances: 3 顆細胞, factor=1.50(面積), 中位半徑=28.2px, 外擴=6.3px
2026-07-26 14:02:40,616 - m3_module.m3_dot_detection - INFO - detect_all_dots: 紅點=0, 黑點=0, 涉及細胞=3
2026-07-26 14:02:40,662 - m4_module.cell_crops - INFO - 匯出 0 張 per-cell 影像至 /data/taro_Projects/tsgh/output/r7_run/cell_crops/tile_x13056_y14592/cells
2026-07-26 14:02:40,662 - hybrid_pipeline - INFO - Tile tile_x13056_y14592 完成: 核心擁有 0 細胞 (0 陽性), 1.14 秒
2026-07-26 14:02:40,702 - m3_module.m3_dot_detection - INFO - detect_all_dots: 紅點=0, 黑點=0, 涉及細胞=3
2026-07-26 14:02:40,749 - m4_module.cell_crops - INFO - 匯出 0 張 per-cell 影像至 /data/taro_Projects/tsgh/output/r7_run/cell_crops/tile_x13824_y14592/cells
2026-07-26 14:02:40,749 - hybrid_pipeline - INFO - Tile tile_x13824_y14592 完成: 核心擁有 0 細胞 (0 陽性), 1.11 秒
2026-07-26 14:02:40,855 - hybrid_pipeline - INFO - [471/576] 已回收 tile_x10752_y14592
2026-07-26 14:02:40,879 - m3_module.m3_cells_generator - INFO - All-positive 標註完成: 124 個細胞
2026-07-26 14:02:40,909 - hybrid_pipeline - INFO - [472/576] 已回收 tile_x12288_y14592
2026-07-26 14:02:40,937 - m3_module.m3_cells_generator - INFO - enlarge_cell_instances: 124 顆細胞, factor=1.50(面積), 中位半徑=25.8px, 外擴=5.8px
2026-07-26 14:02:40,941 - m3_module.m3_cells_generator - INFO - All-positive 標註完成: 43 個細胞
2026-07-26 14:02:40,965 - m3_module.m3_elastic_matching - INFO - elastic_dish_nucleus_matching(overlap-first): IHC=124, DISH=10, matched(1核)=8 (其中重疊=8), drop-out(競爭落敗)=6, 無候選(計入)=110, factor=1.50, min_reach=20.0
2026-07-26 14:02:40,988 - m3_module.m3_cells_generator - INFO - enlarge_cell_instances: 43 顆細胞, factor=1.50(面積), 中位半徑=26.7px, 外擴=6.0px
2026-07-26 14:02:41,015 - m3_module.m3_elastic_matching - INFO - elastic_dish_nucleus_matching(overlap-first): IHC=43, DISH=11, matched(1核)=8 (其中重疊=8), drop-out(競爭落敗)=0, 無候選(計入)=35, factor=1.50, min_reach=20.0
2026-07-26 14:02:41,103 - m3_module.m3_dot_detection - INFO - detect_all_dots: 紅點=6, 黑點=11, 涉及細胞=124
2026-07-26 14:02:41,130 - m3_module.m3_dot_detection - INFO - detect_all_dots: 紅點=6, 黑點=10, 涉及細胞=43
2026-07-26 14:02:41,285 - m4_module.cell_crops - INFO - 匯出 18 張 per-cell 影像至 /data/taro_Projects/tsgh/output/r7_run/cell_crops/tile_x14592_y14592/cells
2026-07-26 14:02:41,285 - hybrid_pipeline - INFO - Tile tile_x14592_y14592 完成: 核心擁有 18 細胞 (18 陽性), 1.45 秒
2026-07-26 14:02:41,444 - m4_module.cell_crops - INFO - 匯出 67 張 per-cell 影像至 /data/taro_Projects/tsgh/output/r7_run/cell_crops/tile_x11520_y14592/cells
2026-07-26 14:02:41,444 - hybrid_pipeline - INFO - Tile tile_x11520_y14592 完成: 核心擁有 67 細胞 (67 陽性), 1.68 秒
2026-07-26 14:02:41,447 - hybrid_pipeline - INFO - [473/576] 已回收 tile_x11520_y14592
2026-07-26 14:02:41,473 - hybrid_pipeline - INFO - Tile tile_x16128_y14592: 核心遮罩全空 → 空白 placeholder
2026-07-26 14:02:41,497 - hybrid_pipeline - INFO - [474/576] 已回收 tile_x13824_y14592
2026-07-26 14:02:41,498 - hybrid_pipeline - INFO - [475/576] 已回收 tile_x13056_y14592
2026-07-26 14:02:41,533 - m3_module.m3_cells_generator - INFO - All-positive 標註完成: 39 個細胞
2026-07-26 14:02:41,533 - m3_module.m3_cells_generator - INFO - All-positive 標註完成: 69 個細胞
2026-07-26 14:02:41,577 - m3_module.m3_cells_generator - INFO - enlarge_cell_instances: 39 顆細胞, factor=1.50(面積), 中位半徑=26.0px, 外擴=5.8px
2026-07-26 14:02:41,591 - m3_module.m3_cells_generator - INFO - enlarge_cell_instances: 69 顆細胞, factor=1.50(面積), 中位半徑=25.9px, 外擴=5.8px
2026-07-26 14:02:41,607 - m3_module.m3_elastic_matching - INFO - elastic_dish_nucleus_matching(overlap-first): IHC=39, DISH=7, matched(1核)=4 (其中重疊=4), drop-out(競爭落敗)=2, 無候選(計入)=33, factor=1.50, min_reach=20.0
2026-07-26 14:02:41,621 - m3_module.m3_elastic_matching - INFO - elastic_dish_nucleus_matching(overlap-first): IHC=69, DISH=28, matched(1核)=20 (其中重疊=20), drop-out(競爭落敗)=2, 無候選(計入)=47, factor=1.50, min_reach=20.0
2026-07-26 14:02:41,715 - m3_module.m3_dot_detection - INFO - detect_all_dots: 紅點=3, 黑點=5, 涉及細胞=39
2026-07-26 14:02:41,796 - m3_module.m3_dot_detection - INFO - detect_all_dots: 紅點=29, 黑點=52, 涉及細胞=69
2026-07-26 14:02:41,856 - m4_module.cell_crops - INFO - 匯出 20 張 per-cell 影像至 /data/taro_Projects/tsgh/output/r7_run/cell_crops/tile_x15360_y14592/cells
2026-07-26 14:02:41,856 - hybrid_pipeline - INFO - Tile tile_x15360_y14592 完成: 核心擁有 20 細胞 (20 陽性), 1.34 秒
2026-07-26 14:02:41,933 - hybrid_pipeline - INFO - [476/576] 已回收 tile_x14592_y14592
2026-07-26 14:02:41,967 - m3_module.m3_cells_generator - INFO - All-positive 標註完成: 129 個細胞
2026-07-26 14:02:42,025 - m3_module.m3_cells_generator - INFO - enlarge_cell_instances: 129 顆細胞, factor=1.50(面積), 中位半徑=25.6px, 外擴=5.8px
2026-07-26 14:02:42,049 - m4_module.cell_crops - INFO - 匯出 55 張 per-cell 影像至 /data/taro_Projects/tsgh/output/r7_run/cell_crops/tile_x17664_y14592/cells
2026-07-26 14:02:42,049 - hybrid_pipeline - INFO - Tile tile_x17664_y14592 完成: 核心擁有 55 細胞 (55 陽性), 1.61 秒
2026-07-26 14:02:42,059 - m3_module.m3_elastic_matching - INFO - elastic_dish_nucleus_matching(overlap-first): IHC=129, DISH=6, matched(1核)=5 (其中重疊=5), drop-out(競爭落敗)=3, 無候選(計入)=121, factor=1.50, min_reach=20.0
2026-07-26 14:02:42,173 - m3_module.m3_dot_detection - INFO - detect_all_dots: 紅點=4, 黑點=7, 涉及細胞=129
2026-07-26 14:02:42,464 - m4_module.cell_crops - INFO - 匯出 93 張 per-cell 影像至 /data/taro_Projects/tsgh/output/r7_run/cell_crops/tile_x0_y15360/cells
2026-07-26 14:02:42,464 - hybrid_pipeline - INFO - Tile tile_x0_y15360 完成: 核心擁有 93 細胞 (93 陽性), 1.56 秒
2026-07-26 14:02:42,535 - hybrid_pipeline - INFO - [477/576] 已回收 tile_x16128_y14592
2026-07-26 14:02:42,566 - m3_module.m3_cells_generator - INFO - All-positive 標註完成: 11 個細胞
2026-07-26 14:02:42,587 - hybrid_pipeline - INFO - [478/576] 已回收 tile_x15360_y14592
2026-07-26 14:02:42,588 - hybrid_pipeline - INFO - [479/576] 已回收 tile_x17664_y14592
2026-07-26 14:02:42,602 - m3_module.m3_cells_generator - INFO - enlarge_cell_instances: 11 顆細胞, factor=1.50(面積), 中位半徑=22.6px, 外擴=5.1px
2026-07-26 14:02:42,623 - m3_module.m3_cells_generator - INFO - All-positive 標註完成: 39 個細胞
2026-07-26 14:02:42,626 - m3_module.m3_cells_generator - INFO - All-positive 標註完成: 47 個細胞
2026-07-26 14:02:42,674 - m3_module.m3_cells_generator - INFO - enlarge_cell_instances: 39 顆細胞, factor=1.50(面積), 中位半徑=22.2px, 外擴=5.0px
2026-07-26 14:02:42,678 - m3_module.m3_cells_generator - INFO - enlarge_cell_instances: 47 顆細胞, factor=1.50(面積), 中位半徑=23.3px, 外擴=5.2px
2026-07-26 14:02:42,709 - m3_module.m3_elastic_matching - INFO - elastic_dish_nucleus_matching(overlap-first): IHC=47, DISH=1, matched(1核)=1 (其中重疊=1), drop-out(競爭落敗)=2, 無候選(計入)=44, factor=1.50, min_reach=20.0
2026-07-26 14:02:42,728 - m3_module.m3_dot_detection - INFO - detect_all_dots: 紅點=0, 黑點=0, 涉及細胞=11
2026-07-26 14:02:42,777 - m4_module.cell_crops - INFO - 匯出 1 張 per-cell 影像至 /data/taro_Projects/tsgh/output/r7_run/cell_crops/tile_x16896_y14592/cells
2026-07-26 14:02:42,777 - hybrid_pipeline - INFO - Tile tile_x16896_y14592 完成: 核心擁有 1 細胞 (1 陽性), 1.33 秒
2026-07-26 14:02:42,794 - m3_module.m3_dot_detection - INFO - detect_all_dots: 紅點=0, 黑點=0, 涉及細胞=39
2026-07-26 14:02:42,819 - m3_module.m3_dot_detection - INFO - detect_all_dots: 紅點=0, 黑點=0, 涉及細胞=47
2026-07-26 14:02:42,906 - m4_module.cell_crops - INFO - 匯出 23 張 per-cell 影像至 /data/taro_Projects/tsgh/output/r7_run/cell_crops/tile_x768_y15360/cells
2026-07-26 14:02:42,907 - hybrid_pipeline - INFO - Tile tile_x768_y15360 完成: 核心擁有 23 細胞 (23 陽性), 1.41 秒
2026-07-26 14:02:42,943 - m4_module.cell_crops - INFO - 匯出 26 張 per-cell 影像至 /data/taro_Projects/tsgh/output/r7_run/cell_crops/tile_x1536_y15360/cells
2026-07-26 14:02:42,943 - hybrid_pipeline - INFO - Tile tile_x1536_y15360 完成: 核心擁有 26 細胞 (26 陽性), 1.45 秒
2026-07-26 14:02:43,001 - hybrid_pipeline - INFO - [480/576] 已回收 tile_x0_y15360
2026-07-26 14:02:43,033 - m3_module.m3_cells_generator - INFO - All-positive 標註完成: 92 個細胞
2026-07-26 14:02:43,084 - m3_module.m3_cells_generator - INFO - enlarge_cell_instances: 92 顆細胞, factor=1.50(面積), 中位半徑=23.2px, 外擴=5.2px
2026-07-26 14:02:43,121 - m3_module.m3_elastic_matching - INFO - elastic_dish_nucleus_matching(overlap-first): IHC=92, DISH=389, matched(1核)=23 (其中重疊=23), drop-out(競爭落敗)=2, 無候選(計入)=67, factor=1.50, min_reach=20.0
2026-07-26 14:02:43,223 - m3_module.m3_dot_detection - INFO - detect_all_dots: 紅點=0, 黑點=0, 涉及細胞=92
2026-07-26 14:02:43,433 - m4_module.cell_crops - INFO - 匯出 42 張 per-cell 影像至 /data/taro_Projects/tsgh/output/r7_run/cell_crops/tile_x2304_y15360/cells
2026-07-26 14:02:43,433 - hybrid_pipeline - INFO - Tile tile_x2304_y15360 完成: 核心擁有 42 細胞 (42 陽性), 1.50 秒
2026-07-26 14:02:43,641 - hybrid_pipeline - INFO - [481/576] 已回收 tile_x16896_y14592
2026-07-26 14:02:43,675 - m3_module.m3_cells_generator - INFO - All-positive 標註完成: 94 個細胞
2026-07-26 14:02:43,699 - hybrid_pipeline - INFO - [482/576] 已回收 tile_x1536_y15360
2026-07-26 14:02:43,705 - hybrid_pipeline - INFO - [483/576] 已回收 tile_x768_y15360
2026-07-26 14:02:43,733 - m3_module.m3_cells_generator - INFO - All-positive 標註完成: 97 個細胞
2026-07-26 14:02:43,734 - m3_module.m3_cells_generator - INFO - enlarge_cell_instances: 94 顆細胞, factor=1.50(面積), 中位半徑=23.9px, 外擴=5.4px
2026-07-26 14:02:43,741 - m3_module.m3_cells_generator - INFO - All-positive 標註完成: 74 個細胞
2026-07-26 14:02:43,762 - m3_module.m3_elastic_matching - INFO - elastic_dish_nucleus_matching(overlap-first): IHC=94, DISH=2, matched(1核)=2 (其中重疊=2), drop-out(競爭落敗)=0, 無候選(計入)=92, factor=1.50, min_reach=20.0
2026-07-26 14:02:43,802 - m3_module.m3_cells_generator - INFO - enlarge_cell_instances: 97 顆細胞, factor=1.50(面積), 中位半徑=26.7px, 外擴=6.0px
2026-07-26 14:02:43,803 - m3_module.m3_cells_generator - INFO - enlarge_cell_instances: 74 顆細胞, factor=1.50(面積), 中位半徑=23.0px, 外擴=5.2px
2026-07-26 14:02:43,833 - m3_module.m3_elastic_matching - INFO - elastic_dish_nucleus_matching(overlap-first): IHC=74, DISH=5, matched(1核)=3 (其中重疊=3), drop-out(競爭落敗)=1, 無候選(計入)=70, factor=1.50, min_reach=20.0
2026-07-26 14:02:43,834 - m3_module.m3_elastic_matching - INFO - elastic_dish_nucleus_matching(overlap-first): IHC=97, DISH=3, matched(1核)=2 (其中重疊=2), drop-out(競爭落敗)=2, 無候選(計入)=93, factor=1.50, min_reach=20.0
2026-07-26 14:02:43,885 - m3_module.m3_dot_detection - INFO - detect_all_dots: 紅點=1, 黑點=1, 涉及細胞=94
2026-07-26 14:02:43,955 - m3_module.m3_dot_detection - INFO - detect_all_dots: 紅點=3, 黑點=5, 涉及細胞=74
2026-07-26 14:02:43,958 - m3_module.m3_dot_detection - INFO - detect_all_dots: 紅點=4, 黑點=5, 涉及細胞=97
2026-07-26 14:02:44,052 - hybrid_pipeline - INFO - [484/576] 已回收 tile_x2304_y15360
2026-07-26 14:02:44,082 - m3_module.m3_cells_generator - INFO - All-positive 標註完成: 90 個細胞
2026-07-26 14:02:44,117 - m4_module.cell_crops - INFO - 匯出 44 張 per-cell 影像至 /data/taro_Projects/tsgh/output/r7_run/cell_crops/tile_x3072_y15360/cells
2026-07-26 14:02:44,117 - hybrid_pipeline - INFO - Tile tile_x3072_y15360 完成: 核心擁有 44 細胞 (44 陽性), 1.58 秒
2026-07-26 14:02:44,141 - m3_module.m3_cells_generator - INFO - enlarge_cell_instances: 90 顆細胞, factor=1.50(面積), 中位半徑=27.4px, 外擴=6.2px
2026-07-26 14:02:44,169 - m4_module.cell_crops - INFO - 匯出 31 張 per-cell 影像至 /data/taro_Projects/tsgh/output/r7_run/cell_crops/tile_x3840_y15360/cells
2026-07-26 14:02:44,169 - hybrid_pipeline - INFO - Tile tile_x3840_y15360 完成: 核心擁有 31 細胞 (31 陽性), 1.58 秒
2026-07-26 14:02:44,172 - m3_module.m3_elastic_matching - INFO - elastic_dish_nucleus_matching(overlap-first): IHC=90, DISH=6, matched(1核)=5 (其中重疊=5), drop-out(競爭落敗)=0, 無候選(計入)=85, factor=1.50, min_reach=20.0
2026-07-26 14:02:44,244 - m4_module.cell_crops - INFO - 匯出 53 張 per-cell 影像至 /data/taro_Projects/tsgh/output/r7_run/cell_crops/tile_x5376_y15360/cells
2026-07-26 14:02:44,245 - hybrid_pipeline - INFO - Tile tile_x5376_y15360 完成: 核心擁有 53 細胞 (53 陽性), 1.66 秒
2026-07-26 14:02:44,274 - m3_module.m3_dot_detection - INFO - detect_all_dots: 紅點=1, 黑點=2, 涉及細胞=90
2026-07-26 14:02:44,520 - m4_module.cell_crops - INFO - 匯出 66 張 per-cell 影像至 /data/taro_Projects/tsgh/output/r7_run/cell_crops/tile_x4608_y15360/cells
2026-07-26 14:02:44,520 - hybrid_pipeline - INFO - Tile tile_x4608_y15360 完成: 核心擁有 66 細胞 (66 陽性), 1.52 秒
2026-07-26 14:02:44,705 - hybrid_pipeline - INFO - [485/576] 已回收 tile_x3072_y15360
2026-07-26 14:02:44,736 - m3_module.m3_cells_generator - INFO - All-positive 標註完成: 92 個細胞
2026-07-26 14:02:44,791 - m3_module.m3_cells_generator - INFO - enlarge_cell_instances: 92 顆細胞, factor=1.50(面積), 中位半徑=22.3px, 外擴=5.0px
2026-07-26 14:02:44,817 - hybrid_pipeline - INFO - [486/576] 已回收 tile_x5376_y15360
2026-07-26 14:02:44,820 - m3_module.m3_elastic_matching - INFO - elastic_dish_nucleus_matching(overlap-first): IHC=92, DISH=25, matched(1核)=14 (其中重疊=14), drop-out(競爭落敗)=3, 無候選(計入)=75, factor=1.50, min_reach=20.0
2026-07-26 14:02:44,820 - hybrid_pipeline - INFO - [487/576] 已回收 tile_x3840_y15360
2026-07-26 14:02:44,854 - m3_module.m3_cells_generator - INFO - All-positive 標註完成: 90 個細胞
2026-07-26 14:02:44,858 - m3_module.m3_cells_generator - INFO - All-positive 標註完成: 79 個細胞
2026-07-26 14:02:44,918 - m3_module.m3_cells_generator - INFO - enlarge_cell_instances: 90 顆細胞, factor=1.50(面積), 中位半徑=25.6px, 外擴=5.8px
2026-07-26 14:02:44,918 - m3_module.m3_cells_generator - INFO - enlarge_cell_instances: 79 顆細胞, factor=1.50(面積), 中位半徑=22.0px, 外擴=4.9px
2026-07-26 14:02:44,949 - m3_module.m3_elastic_matching - INFO - elastic_dish_nucleus_matching(overlap-first): IHC=79, DISH=37, matched(1核)=19 (其中重疊=18), drop-out(競爭落敗)=0, 無候選(計入)=60, factor=1.50, min_reach=20.0
2026-07-26 14:02:44,949 - m3_module.m3_elastic_matching - INFO - elastic_dish_nucleus_matching(overlap-first): IHC=90, DISH=17, matched(1核)=11 (其中重疊=11), drop-out(競爭落敗)=2, 無候選(計入)=77, factor=1.50, min_reach=20.0
2026-07-26 14:02:44,969 - m3_module.m3_dot_detection - INFO - detect_all_dots: 紅點=13, 黑點=18, 涉及細胞=92
2026-07-26 14:02:45,103 - m3_module.m3_dot_detection - INFO - detect_all_dots: 紅點=13, 黑點=18, 涉及細胞=90
2026-07-26 14:02:45,104 - m3_module.m3_dot_detection - INFO - detect_all_dots: 紅點=10, 黑點=17, 涉及細胞=79
2026-07-26 14:02:45,162 - hybrid_pipeline - INFO - [488/576] 已回收 tile_x4608_y15360
2026-07-26 14:02:45,194 - m3_module.m3_cells_generator - INFO - All-positive 標註完成: 95 個細胞
2026-07-26 14:02:45,204 - m4_module.cell_crops - INFO - 匯出 42 張 per-cell 影像至 /data/taro_Projects/tsgh/output/r7_run/cell_crops/tile_x6912_y15360/cells
2026-07-26 14:02:45,204 - hybrid_pipeline - INFO - Tile tile_x6912_y15360 完成: 核心擁有 42 細胞 (42 陽性), 1.56 秒
2026-07-26 14:02:45,249 - m3_module.m3_cells_generator - INFO - enlarge_cell_instances: 95 顆細胞, factor=1.50(面積), 中位半徑=23.8px, 外擴=5.3px
2026-07-26 14:02:45,280 - m3_module.m3_elastic_matching - INFO - elastic_dish_nucleus_matching(overlap-first): IHC=95, DISH=57, matched(1核)=29 (其中重疊=29), drop-out(競爭落敗)=7, 無候選(計入)=59, factor=1.50, min_reach=20.0
2026-07-26 14:02:45,371 - m4_module.cell_crops - INFO - 匯出 40 張 per-cell 影像至 /data/taro_Projects/tsgh/output/r7_run/cell_crops/tile_x7680_y15360/cells
2026-07-26 14:02:45,371 - hybrid_pipeline - INFO - Tile tile_x7680_y15360 完成: 核心擁有 40 細胞 (40 陽性), 1.67 秒
2026-07-26 14:02:45,375 - m4_module.cell_crops - INFO - 匯出 59 張 per-cell 影像至 /data/taro_Projects/tsgh/output/r7_run/cell_crops/tile_x6144_y15360/cells
2026-07-26 14:02:45,375 - hybrid_pipeline - INFO - Tile tile_x6144_y15360 完成: 核心擁有 59 細胞 (59 陽性), 1.68 秒
2026-07-26 14:02:45,444 - m3_module.m3_dot_detection - INFO - detect_all_dots: 紅點=25, 黑點=39, 涉及細胞=95
2026-07-26 14:02:45,722 - m4_module.cell_crops - INFO - 匯出 55 張 per-cell 影像至 /data/taro_Projects/tsgh/output/r7_run/cell_crops/tile_x9216_y15360/cells
2026-07-26 14:02:45,722 - hybrid_pipeline - INFO - Tile tile_x9216_y15360 完成: 核心擁有 55 細胞 (55 陽性), 1.67 秒
2026-07-26 14:02:45,783 - hybrid_pipeline - INFO - [489/576] 已回收 tile_x6912_y15360
2026-07-26 14:02:45,814 - m3_module.m3_cells_generator - INFO - All-positive 標註完成: 94 個細胞
2026-07-26 14:02:45,872 - m3_module.m3_cells_generator - INFO - enlarge_cell_instances: 94 顆細胞, factor=1.50(面積), 中位半徑=27.6px, 外擴=6.2px
2026-07-26 14:02:45,902 - m3_module.m3_elastic_matching - INFO - elastic_dish_nucleus_matching(overlap-first): IHC=94, DISH=2, matched(1核)=2 (其中重疊=2), drop-out(競爭落敗)=1, 無候選(計入)=91, factor=1.50, min_reach=20.0
2026-07-26 14:02:45,939 - hybrid_pipeline - INFO - [490/576] 已回收 tile_x7680_y15360
2026-07-26 14:02:45,948 - hybrid_pipeline - INFO - [491/576] 已回收 tile_x6144_y15360
2026-07-26 14:02:45,976 - m3_module.m3_cells_generator - INFO - All-positive 標註完成: 61 個細胞
2026-07-26 14:02:45,976 - m3_module.m3_cells_generator - INFO - All-positive 標註完成: 96 個細胞
2026-07-26 14:02:46,013 - m3_module.m3_dot_detection - INFO - detect_all_dots: 紅點=2, 黑點=2, 涉及細胞=94
2026-07-26 14:02:46,038 - m3_module.m3_cells_generator - INFO - enlarge_cell_instances: 96 顆細胞, factor=1.50(面積), 中位半徑=26.6px, 外擴=6.0px
2026-07-26 14:02:46,039 - m3_module.m3_cells_generator - INFO - enlarge_cell_instances: 61 顆細胞, factor=1.50(面積), 中位半徑=23.9px, 外擴=5.4px
2026-07-26 14:02:46,069 - m3_module.m3_elastic_matching - INFO - elastic_dish_nucleus_matching(overlap-first): IHC=61, DISH=63, matched(1核)=30 (其中重疊=29), drop-out(競爭落敗)=5, 無候選(計入)=26, factor=1.50, min_reach=20.0
2026-07-26 14:02:46,071 - m3_module.m3_elastic_matching - INFO - elastic_dish_nucleus_matching(overlap-first): IHC=96, DISH=4, matched(1核)=4 (其中重疊=4), drop-out(競爭落敗)=1, 無候選(計入)=91, factor=1.50, min_reach=20.0
2026-07-26 14:02:46,194 - m3_module.m3_dot_detection - INFO - detect_all_dots: 紅點=2, 黑點=3, 涉及細胞=96
2026-07-26 14:02:46,263 - m3_module.m3_dot_detection - INFO - detect_all_dots: 紅點=30, 黑點=46, 涉及細胞=61
2026-07-26 14:02:46,271 - m4_module.cell_crops - INFO - 匯出 52 張 per-cell 影像至 /data/taro_Projects/tsgh/output/r7_run/cell_crops/tile_x9984_y15360/cells
2026-07-26 14:02:46,271 - hybrid_pipeline - INFO - Tile tile_x9984_y15360 完成: 核心擁有 52 細胞 (52 陽性), 1.57 秒
2026-07-26 14:02:46,451 - m4_module.cell_crops - INFO - 匯出 56 張 per-cell 影像至 /data/taro_Projects/tsgh/output/r7_run/cell_crops/tile_x12288_y15360/cells
2026-07-26 14:02:46,452 - hybrid_pipeline - INFO - Tile tile_x12288_y15360 完成: 核心擁有 56 細胞 (56 陽性), 1.63 秒
2026-07-26 14:02:46,460 - cellpose.dynamics - INFO - No cell pixels found.
2026-07-26 14:02:46,472 - hybrid_pipeline - INFO - [492/576] 已回收 tile_x9216_y15360
2026-07-26 14:02:46,508 - m3_module.m3_cells_generator - INFO - All-positive 標註完成: 163 個細胞
2026-07-26 14:02:46,520 - m4_module.cell_crops - INFO - 匯出 29 張 per-cell 影像至 /data/taro_Projects/tsgh/output/r7_run/cell_crops/tile_x8448_y15360/cells
2026-07-26 14:02:46,520 - hybrid_pipeline - INFO - Tile tile_x8448_y15360 完成: 核心擁有 29 細胞 (29 陽性), 1.70 秒
2026-07-26 14:02:46,571 - m3_module.m3_cells_generator - INFO - enlarge_cell_instances: 163 顆細胞, factor=1.50(面積), 中位半徑=25.2px, 外擴=5.7px
2026-07-26 14:02:46,600 - m3_module.m3_elastic_matching - INFO - elastic_dish_nucleus_matching(overlap-first): IHC=163, DISH=16, matched(1核)=10 (其中重疊=10), drop-out(競爭落敗)=2, 無候選(計入)=151, factor=1.50, min_reach=20.0
2026-07-26 14:02:46,711 - m3_module.m3_dot_detection - INFO - detect_all_dots: 紅點=7, 黑點=14, 涉及細胞=163
2026-07-26 14:02:46,999 - hybrid_pipeline - INFO - [493/576] 已回收 tile_x12288_y15360
2026-07-26 14:02:47,009 - m3_module.m3_cells_generator - INFO - All-positive 標註完成: 0 個細胞
2026-07-26 14:02:47,020 - hybrid_pipeline - INFO - [494/576] 已回收 tile_x9984_y15360
2026-07-26 14:02:47,051 - m3_module.m3_cells_generator - INFO - All-positive 標註完成: 145 個細胞
2026-07-26 14:02:47,087 - hybrid_pipeline - INFO - [495/576] 已回收 tile_x8448_y15360
2026-07-26 14:02:47,107 - m4_module.cell_crops - INFO - 匯出 86 張 per-cell 影像至 /data/taro_Projects/tsgh/output/r7_run/cell_crops/tile_x11520_y15360/cells
2026-07-26 14:02:47,108 - hybrid_pipeline - INFO - Tile tile_x11520_y15360 完成: 核心擁有 86 細胞 (86 陽性), 1.95 秒
2026-07-26 14:02:47,118 - m3_module.m3_cells_generator - INFO - enlarge_cell_instances: 145 顆細胞, factor=1.50(面積), 中位半徑=25.2px, 外擴=5.7px
2026-07-26 14:02:47,122 - m3_module.m3_cells_generator - INFO - All-positive 標註完成: 60 個細胞
2026-07-26 14:02:47,134 - m3_module.m3_dot_detection - INFO - detect_all_dots: 紅點=0, 黑點=0, 涉及細胞=0
2026-07-26 14:02:47,153 - m3_module.m3_elastic_matching - INFO - elastic_dish_nucleus_matching(overlap-first): IHC=145, DISH=4, matched(1核)=2 (其中重疊=2), drop-out(競爭落敗)=0, 無候選(計入)=143, factor=1.50, min_reach=20.0
2026-07-26 14:02:47,173 - m4_module.cell_crops - INFO - 匯出 0 張 per-cell 影像至 /data/taro_Projects/tsgh/output/r7_run/cell_crops/tile_x13056_y15360/cells
2026-07-26 14:02:47,173 - hybrid_pipeline - INFO - Tile tile_x13056_y15360 完成: 核心擁有 0 細胞 (0 陽性), 1.24 秒
2026-07-26 14:02:47,182 - m3_module.m3_cells_generator - INFO - enlarge_cell_instances: 60 顆細胞, factor=1.50(面積), 中位半徑=23.9px, 外擴=5.4px
2026-07-26 14:02:47,208 - m3_module.m3_elastic_matching - INFO - elastic_dish_nucleus_matching(overlap-first): IHC=60, DISH=7, matched(1核)=6 (其中重疊=6), drop-out(競爭落敗)=1, 無候選(計入)=53, factor=1.50, min_reach=20.0
2026-07-26 14:02:47,273 - m3_module.m3_dot_detection - INFO - detect_all_dots: 紅點=1, 黑點=3, 涉及細胞=145
2026-07-26 14:02:47,322 - m3_module.m3_dot_detection - INFO - detect_all_dots: 紅點=3, 黑點=4, 涉及細胞=60
2026-07-26 14:02:47,497 - m4_module.cell_crops - INFO - 匯出 26 張 per-cell 影像至 /data/taro_Projects/tsgh/output/r7_run/cell_crops/tile_x14592_y15360/cells
2026-07-26 14:02:47,497 - hybrid_pipeline - INFO - Tile tile_x14592_y15360 完成: 核心擁有 26 細胞 (26 陽性), 1.55 秒
2026-07-26 14:02:47,603 - m4_module.cell_crops - INFO - 匯出 90 張 per-cell 影像至 /data/taro_Projects/tsgh/output/r7_run/cell_crops/tile_x10752_y15360/cells
2026-07-26 14:02:47,604 - hybrid_pipeline - INFO - Tile tile_x10752_y15360 完成: 核心擁有 90 細胞 (90 陽性), 1.82 秒
2026-07-26 14:02:47,604 - hybrid_pipeline - INFO - [496/576] 已回收 tile_x11520_y15360
2026-07-26 14:02:47,635 - m3_module.m3_cells_generator - INFO - All-positive 標註完成: 26 個細胞
2026-07-26 14:02:47,675 - m3_module.m3_cells_generator - INFO - enlarge_cell_instances: 26 顆細胞, factor=1.50(面積), 中位半徑=25.6px, 外擴=5.7px
2026-07-26 14:02:47,702 - m3_module.m3_elastic_matching - INFO - elastic_dish_nucleus_matching(overlap-first): IHC=26, DISH=4, matched(1核)=1 (其中重疊=1), drop-out(競爭落敗)=0, 無候選(計入)=25, factor=1.50, min_reach=20.0
2026-07-26 14:02:47,806 - m3_module.m3_dot_detection - INFO - detect_all_dots: 紅點=1, 黑點=2, 涉及細胞=26
2026-07-26 14:02:47,933 - m4_module.cell_crops - INFO - 匯出 18 張 per-cell 影像至 /data/taro_Projects/tsgh/output/r7_run/cell_crops/tile_x15360_y15360/cells
2026-07-26 14:02:47,934 - hybrid_pipeline - INFO - Tile tile_x15360_y15360 完成: 核心擁有 18 細胞 (18 陽性), 1.46 秒
2026-07-26 14:02:48,195 - hybrid_pipeline - INFO - [497/576] 已回收 tile_x10752_y15360
2026-07-26 14:02:48,208 - hybrid_pipeline - INFO - [498/576] 已回收 tile_x13056_y15360
2026-07-26 14:02:48,228 - m3_module.m3_cells_generator - INFO - All-positive 標註完成: 9 個細胞
2026-07-26 14:02:48,237 - hybrid_pipeline - INFO - [499/576] 已回收 tile_x14592_y15360
2026-07-26 14:02:48,243 - m3_module.m3_cells_generator - INFO - All-positive 標註完成: 58 個細胞
2026-07-26 14:02:48,265 - m3_module.m3_cells_generator - INFO - enlarge_cell_instances: 9 顆細胞, factor=1.50(面積), 中位半徑=28.6px, 外擴=6.4px
2026-07-26 14:02:48,266 - m3_module.m3_cells_generator - INFO - All-positive 標註完成: 84 個細胞
2026-07-26 14:02:48,293 - m3_module.m3_elastic_matching - INFO - elastic_dish_nucleus_matching(overlap-first): IHC=9, DISH=5, matched(1核)=2 (其中重疊=2), drop-out(競爭落敗)=1, 無候選(計入)=6, factor=1.50, min_reach=20.0
2026-07-26 14:02:48,301 - m3_module.m3_cells_generator - INFO - enlarge_cell_instances: 58 顆細胞, factor=1.50(面積), 中位半徑=26.1px, 外擴=5.9px
2026-07-26 14:02:48,327 - m3_module.m3_cells_generator - INFO - enlarge_cell_instances: 84 顆細胞, factor=1.50(面積), 中位半徑=27.0px, 外擴=6.1px
2026-07-26 14:02:48,335 - m3_module.m3_elastic_matching - INFO - elastic_dish_nucleus_matching(overlap-first): IHC=58, DISH=5, matched(1核)=5 (其中重疊=5), drop-out(競爭落敗)=1, 無候選(計入)=52, factor=1.50, min_reach=20.0
2026-07-26 14:02:48,359 - m3_module.m3_elastic_matching - INFO - elastic_dish_nucleus_matching(overlap-first): IHC=84, DISH=3, matched(1核)=3 (其中重疊=3), drop-out(競爭落敗)=3, 無候選(計入)=78, factor=1.50, min_reach=20.0
2026-07-26 14:02:48,420 - m3_module.m3_dot_detection - INFO - detect_all_dots: 紅點=3, 黑點=4, 涉及細胞=9
2026-07-26 14:02:48,458 - m3_module.m3_dot_detection - INFO - detect_all_dots: 紅點=4, 黑點=5, 涉及細胞=58
2026-07-26 14:02:48,471 - m3_module.m3_dot_detection - INFO - detect_all_dots: 紅點=0, 黑點=0, 涉及細胞=84
2026-07-26 14:02:48,510 - m4_module.cell_crops - INFO - 匯出 4 張 per-cell 影像至 /data/taro_Projects/tsgh/output/r7_run/cell_crops/tile_x16128_y15360/cells
2026-07-26 14:02:48,510 - hybrid_pipeline - INFO - Tile tile_x16128_y15360 完成: 核心擁有 4 細胞 (4 陽性), 1.49 秒
2026-07-26 14:02:48,643 - m4_module.cell_crops - INFO - 匯出 34 張 per-cell 影像至 /data/taro_Projects/tsgh/output/r7_run/cell_crops/tile_x13824_y15360/cells
2026-07-26 14:02:48,644 - hybrid_pipeline - INFO - Tile tile_x13824_y15360 完成: 核心擁有 34 細胞 (34 陽性), 1.64 秒
2026-07-26 14:02:48,667 - m4_module.cell_crops - INFO - 匯出 62 張 per-cell 影像至 /data/taro_Projects/tsgh/output/r7_run/cell_crops/tile_x0_y16128/cells
2026-07-26 14:02:48,667 - hybrid_pipeline - INFO - Tile tile_x0_y16128 完成: 核心擁有 62 細胞 (62 陽性), 1.58 秒
2026-07-26 14:02:48,715 - hybrid_pipeline - INFO - [500/576] 已回收 tile_x15360_y15360
2026-07-26 14:02:48,746 - m3_module.m3_cells_generator - INFO - All-positive 標註完成: 21 個細胞
2026-07-26 14:02:48,786 - m3_module.m3_cells_generator - INFO - enlarge_cell_instances: 21 顆細胞, factor=1.50(面積), 中位半徑=32.3px, 外擴=7.3px
2026-07-26 14:02:48,813 - m3_module.m3_elastic_matching - INFO - elastic_dish_nucleus_matching(overlap-first): IHC=21, DISH=18, matched(1核)=12 (其中重疊=12), drop-out(競爭落敗)=3, 無候選(計入)=6, factor=1.50, min_reach=20.0
2026-07-26 14:02:48,943 - m3_module.m3_dot_detection - INFO - detect_all_dots: 紅點=13, 黑點=24, 涉及細胞=21
2026-07-26 14:02:49,046 - m4_module.cell_crops - INFO - 匯出 13 張 per-cell 影像至 /data/taro_Projects/tsgh/output/r7_run/cell_crops/tile_x17664_y15360/cells
2026-07-26 14:02:49,046 - hybrid_pipeline - INFO - Tile tile_x17664_y15360 完成: 核心擁有 13 細胞 (13 陽性), 1.44 秒
2026-07-26 14:02:49,366 - hybrid_pipeline - INFO - [501/576] 已回收 tile_x16128_y15360
2026-07-26 14:02:49,387 - hybrid_pipeline - INFO - [502/576] 已回收 tile_x0_y16128
2026-07-26 14:02:49,390 - hybrid_pipeline - INFO - [503/576] 已回收 tile_x13824_y15360
2026-07-26 14:02:49,399 - m3_module.m3_cells_generator - INFO - All-positive 標註完成: 44 個細胞
2026-07-26 14:02:49,414 - m3_module.m3_cells_generator - INFO - All-positive 標註完成: 48 個細胞
2026-07-26 14:02:49,420 - m3_module.m3_cells_generator - INFO - All-positive 標註完成: 41 個細胞
2026-07-26 14:02:49,446 - m3_module.m3_cells_generator - INFO - enlarge_cell_instances: 44 顆細胞, factor=1.50(面積), 中位半徑=23.7px, 外擴=5.3px
2026-07-26 14:02:49,465 - m3_module.m3_cells_generator - INFO - enlarge_cell_instances: 48 顆細胞, factor=1.50(面積), 中位半徑=20.7px, 外擴=4.7px
2026-07-26 14:02:49,476 - m3_module.m3_cells_generator - INFO - enlarge_cell_instances: 41 顆細胞, factor=1.50(面積), 中位半徑=29.4px, 外擴=6.6px
2026-07-26 14:02:49,509 - m3_module.m3_elastic_matching - INFO - elastic_dish_nucleus_matching(overlap-first): IHC=41, DISH=33, matched(1核)=25 (其中重疊=25), drop-out(競爭落敗)=3, 無候選(計入)=13, factor=1.50, min_reach=20.0
2026-07-26 14:02:49,587 - m3_module.m3_dot_detection - INFO - detect_all_dots: 紅點=0, 黑點=0, 涉及細胞=44
2026-07-26 14:02:49,598 - m3_module.m3_dot_detection - INFO - detect_all_dots: 紅點=0, 黑點=0, 涉及細胞=48
2026-07-26 14:02:49,697 - m3_module.m3_dot_detection - INFO - detect_all_dots: 紅點=22, 黑點=43, 涉及細胞=41
2026-07-26 14:02:49,702 - m4_module.cell_crops - INFO - 匯出 33 張 per-cell 影像至 /data/taro_Projects/tsgh/output/r7_run/cell_crops/tile_x1536_y16128/cells
2026-07-26 14:02:49,702 - hybrid_pipeline - INFO - Tile tile_x1536_y16128 完成: 核心擁有 33 細胞 (33 陽性), 1.46 秒
2026-07-26 14:02:49,715 - m4_module.cell_crops - INFO - 匯出 23 張 per-cell 影像至 /data/taro_Projects/tsgh/output/r7_run/cell_crops/tile_x768_y16128/cells
2026-07-26 14:02:49,715 - hybrid_pipeline - INFO - Tile tile_x768_y16128 完成: 核心擁有 23 細胞 (23 陽性), 1.52 秒
2026-07-26 14:02:49,761 - hybrid_pipeline - INFO - [504/576] 已回收 tile_x17664_y15360
2026-07-26 14:02:49,792 - m3_module.m3_cells_generator - INFO - All-positive 標註完成: 117 個細胞
2026-07-26 14:02:49,849 - m3_module.m3_cells_generator - INFO - enlarge_cell_instances: 117 顆細胞, factor=1.50(面積), 中位半徑=26.3px, 外擴=5.9px
2026-07-26 14:02:49,878 - m3_module.m3_elastic_matching - INFO - elastic_dish_nucleus_matching(overlap-first): IHC=117, DISH=8, matched(1核)=4 (其中重疊=4), drop-out(競爭落敗)=1, 無候選(計入)=112, factor=1.50, min_reach=20.0
2026-07-26 14:02:49,900 - m4_module.cell_crops - INFO - 匯出 26 張 per-cell 影像至 /data/taro_Projects/tsgh/output/r7_run/cell_crops/tile_x16896_y15360/cells
2026-07-26 14:02:49,900 - hybrid_pipeline - INFO - Tile tile_x16896_y15360 完成: 核心擁有 26 細胞 (26 陽性), 1.69 秒
2026-07-26 14:02:49,984 - m3_module.m3_dot_detection - INFO - detect_all_dots: 紅點=3, 黑點=3, 涉及細胞=117
2026-07-26 14:02:50,331 - m4_module.cell_crops - INFO - 匯出 65 張 per-cell 影像至 /data/taro_Projects/tsgh/output/r7_run/cell_crops/tile_x3072_y16128/cells
2026-07-26 14:02:50,331 - hybrid_pipeline - INFO - Tile tile_x3072_y16128 完成: 核心擁有 65 細胞 (65 陽性), 1.62 秒
2026-07-26 14:02:50,422 - hybrid_pipeline - INFO - [505/576] 已回收 tile_x768_y16128
2026-07-26 14:02:50,452 - m3_module.m3_cells_generator - INFO - All-positive 標註完成: 73 個細胞
2026-07-26 14:02:50,458 - hybrid_pipeline - INFO - [506/576] 已回收 tile_x1536_y16128
2026-07-26 14:02:50,485 - m3_module.m3_cells_generator - INFO - All-positive 標註完成: 62 個細胞
2026-07-26 14:02:50,486 - hybrid_pipeline - INFO - [507/576] 已回收 tile_x16896_y15360
2026-07-26 14:02:50,503 - m3_module.m3_cells_generator - INFO - enlarge_cell_instances: 73 顆細胞, factor=1.50(面積), 中位半徑=23.1px, 外擴=5.2px
2026-07-26 14:02:50,513 - m3_module.m3_cells_generator - INFO - All-positive 標註完成: 35 個細胞
2026-07-26 14:02:50,533 - m3_module.m3_cells_generator - INFO - enlarge_cell_instances: 62 顆細胞, factor=1.50(面積), 中位半徑=20.1px, 外擴=4.5px
2026-07-26 14:02:50,537 - m3_module.m3_elastic_matching - INFO - elastic_dish_nucleus_matching(overlap-first): IHC=73, DISH=357, matched(1核)=23 (其中重疊=22), drop-out(競爭落敗)=0, 無候選(計入)=50, factor=1.50, min_reach=20.0
2026-07-26 14:02:50,558 - m3_module.m3_cells_generator - INFO - enlarge_cell_instances: 35 顆細胞, factor=1.50(面積), 中位半徑=20.3px, 外擴=4.6px
2026-07-26 14:02:50,561 - m3_module.m3_elastic_matching - INFO - elastic_dish_nucleus_matching(overlap-first): IHC=62, DISH=4, matched(1核)=1 (其中重疊=1), drop-out(競爭落敗)=1, 無候選(計入)=60, factor=1.50, min_reach=20.0
2026-07-26 14:02:50,682 - m3_module.m3_dot_detection - INFO - detect_all_dots: 紅點=4, 黑點=8, 涉及細胞=73
2026-07-26 14:02:50,688 - m3_module.m3_dot_detection - INFO - detect_all_dots: 紅點=0, 黑點=0, 涉及細胞=35
2026-07-26 14:02:50,691 - m3_module.m3_dot_detection - INFO - detect_all_dots: 紅點=1, 黑點=1, 涉及細胞=62
2026-07-26 14:02:50,747 - hybrid_pipeline - INFO - [508/576] 已回收 tile_x3072_y16128
2026-07-26 14:02:50,781 - m3_module.m3_cells_generator - INFO - All-positive 標註完成: 52 個細胞
2026-07-26 14:02:50,795 - m4_module.cell_crops - INFO - 匯出 12 張 per-cell 影像至 /data/taro_Projects/tsgh/output/r7_run/cell_crops/tile_x5376_y16128/cells
2026-07-26 14:02:50,795 - hybrid_pipeline - INFO - Tile tile_x5376_y16128 完成: 核心擁有 12 細胞 (12 陽性), 1.41 秒
2026-07-26 14:02:50,829 - m3_module.m3_cells_generator - INFO - enlarge_cell_instances: 52 顆細胞, factor=1.50(面積), 中位半徑=23.3px, 外擴=5.2px
2026-07-26 14:02:50,841 - m4_module.cell_crops - INFO - 匯出 19 張 per-cell 影像至 /data/taro_Projects/tsgh/output/r7_run/cell_crops/tile_x3840_y16128/cells
2026-07-26 14:02:50,841 - hybrid_pipeline - INFO - Tile tile_x3840_y16128 完成: 核心擁有 19 細胞 (19 陽性), 1.45 秒
2026-07-26 14:02:50,857 - m3_module.m3_elastic_matching - INFO - elastic_dish_nucleus_matching(overlap-first): IHC=52, DISH=25, matched(1核)=12 (其中重疊=12), drop-out(競爭落敗)=1, 無候選(計入)=39, factor=1.50, min_reach=20.0
2026-07-26 14:02:50,884 - m4_module.cell_crops - INFO - 匯出 40 張 per-cell 影像至 /data/taro_Projects/tsgh/output/r7_run/cell_crops/tile_x2304_y16128/cells
2026-07-26 14:02:50,884 - hybrid_pipeline - INFO - Tile tile_x2304_y16128 完成: 核心擁有 40 細胞 (40 陽性), 1.52 秒
2026-07-26 14:02:50,998 - m3_module.m3_dot_detection - INFO - detect_all_dots: 紅點=11, 黑點=19, 涉及細胞=52
2026-07-26 14:02:51,208 - m4_module.cell_crops - INFO - 匯出 32 張 per-cell 影像至 /data/taro_Projects/tsgh/output/r7_run/cell_crops/tile_x6144_y16128/cells
2026-07-26 14:02:51,208 - hybrid_pipeline - INFO - Tile tile_x6144_y16128 完成: 核心擁有 32 細胞 (32 陽性), 1.45 秒
2026-07-26 14:02:51,371 - hybrid_pipeline - INFO - [509/576] 已回收 tile_x2304_y16128
2026-07-26 14:02:51,406 - m3_module.m3_cells_generator - INFO - All-positive 標註完成: 73 個細胞
2026-07-26 14:02:51,457 - m3_module.m3_cells_generator - INFO - enlarge_cell_instances: 73 顆細胞, factor=1.50(面積), 中位半徑=25.1px, 外擴=5.6px
2026-07-26 14:02:51,485 - m3_module.m3_elastic_matching - INFO - elastic_dish_nucleus_matching(overlap-first): IHC=73, DISH=4, matched(1核)=4 (其中重疊=4), drop-out(競爭落敗)=1, 無候選(計入)=68, factor=1.50, min_reach=20.0
2026-07-26 14:02:51,557 - hybrid_pipeline - INFO - [510/576] 已回收 tile_x3840_y16128
2026-07-26 14:02:51,588 - m3_module.m3_cells_generator - INFO - All-positive 標註完成: 55 個細胞
2026-07-26 14:02:51,590 - hybrid_pipeline - INFO - [511/576] 已回收 tile_x5376_y16128
2026-07-26 14:02:51,607 - m3_module.m3_dot_detection - INFO - detect_all_dots: 紅點=3, 黑點=5, 涉及細胞=73
2026-07-26 14:02:51,613 - m3_module.m3_cells_generator - INFO - All-positive 標註完成: 87 個細胞
2026-07-26 14:02:51,643 - m3_module.m3_cells_generator - INFO - enlarge_cell_instances: 55 顆細胞, factor=1.50(面積), 中位半徑=24.6px, 外擴=5.5px
2026-07-26 14:02:51,669 - m3_module.m3_elastic_matching - INFO - elastic_dish_nucleus_matching(overlap-first): IHC=55, DISH=7, matched(1核)=2 (其中重疊=2), drop-out(競爭落敗)=0, 無候選(計入)=53, factor=1.50, min_reach=20.0
2026-07-26 14:02:51,671 - m3_module.m3_cells_generator - INFO - enlarge_cell_instances: 87 顆細胞, factor=1.50(面積), 中位半徑=22.2px, 外擴=5.0px
2026-07-26 14:02:51,702 - m3_module.m3_elastic_matching - INFO - elastic_dish_nucleus_matching(overlap-first): IHC=87, DISH=43, matched(1核)=23 (其中重疊=23), drop-out(競爭落敗)=2, 無候選(計入)=62, factor=1.50, min_reach=20.0
2026-07-26 14:02:51,749 - hybrid_pipeline - INFO - [512/576] 已回收 tile_x6144_y16128
2026-07-26 14:02:51,776 - m3_module.m3_cells_generator - INFO - All-positive 標註完成: 86 個細胞
2026-07-26 14:02:51,792 - m3_module.m3_dot_detection - INFO - detect_all_dots: 紅點=1, 黑點=1, 涉及細胞=55
2026-07-26 14:02:51,831 - m4_module.cell_crops - INFO - 匯出 41 張 per-cell 影像至 /data/taro_Projects/tsgh/output/r7_run/cell_crops/tile_x4608_y16128/cells
2026-07-26 14:02:51,831 - hybrid_pipeline - INFO - Tile tile_x4608_y16128 完成: 核心擁有 41 細胞 (41 陽性), 1.41 秒
2026-07-26 14:02:51,834 - m3_module.m3_cells_generator - INFO - enlarge_cell_instances: 86 顆細胞, factor=1.50(面積), 中位半徑=21.4px, 外擴=4.8px
2026-07-26 14:02:51,862 - m3_module.m3_elastic_matching - INFO - elastic_dish_nucleus_matching(overlap-first): IHC=86, DISH=73, matched(1核)=36 (其中重疊=36), drop-out(競爭落敗)=5, 無候選(計入)=45, factor=1.50, min_reach=20.0
2026-07-26 14:02:51,884 - m3_module.m3_dot_detection - INFO - detect_all_dots: 紅點=28, 黑點=35, 涉及細胞=87
2026-07-26 14:02:51,979 - m4_module.cell_crops - INFO - 匯出 27 張 per-cell 影像至 /data/taro_Projects/tsgh/output/r7_run/cell_crops/tile_x6912_y16128/cells
2026-07-26 14:02:51,979 - hybrid_pipeline - INFO - Tile tile_x6912_y16128 完成: 核心擁有 27 細胞 (27 陽性), 1.52 秒
2026-07-26 14:02:52,087 - m3_module.m3_dot_detection - INFO - detect_all_dots: 紅點=56, 黑點=70, 涉及細胞=86
2026-07-26 14:02:52,167 - m4_module.cell_crops - INFO - 匯出 52 張 per-cell 影像至 /data/taro_Projects/tsgh/output/r7_run/cell_crops/tile_x7680_y16128/cells
2026-07-26 14:02:52,167 - hybrid_pipeline - INFO - Tile tile_x7680_y16128 完成: 核心擁有 52 細胞 (52 陽性), 1.68 秒
2026-07-26 14:02:52,359 - m4_module.cell_crops - INFO - 匯出 43 張 per-cell 影像至 /data/taro_Projects/tsgh/output/r7_run/cell_crops/tile_x8448_y16128/cells
2026-07-26 14:02:52,359 - hybrid_pipeline - INFO - Tile tile_x8448_y16128 完成: 核心擁有 43 細胞 (43 陽性), 1.61 秒
2026-07-26 14:02:52,386 - hybrid_pipeline - INFO - [513/576] 已回收 tile_x4608_y16128
2026-07-26 14:02:52,421 - m3_module.m3_cells_generator - INFO - All-positive 標註完成: 96 個細胞
2026-07-26 14:02:52,471 - m3_module.m3_cells_generator - INFO - enlarge_cell_instances: 96 顆細胞, factor=1.50(面積), 中位半徑=25.6px, 外擴=5.8px
2026-07-26 14:02:52,499 - m3_module.m3_elastic_matching - INFO - elastic_dish_nucleus_matching(overlap-first): IHC=96, DISH=6, matched(1核)=3 (其中重疊=3), drop-out(競爭落敗)=0, 無候選(計入)=93, factor=1.50, min_reach=20.0
2026-07-26 14:02:52,606 - m3_module.m3_dot_detection - INFO - detect_all_dots: 紅點=2, 黑點=3, 涉及細胞=96
2026-07-26 14:02:52,780 - hybrid_pipeline - INFO - [514/576] 已回收 tile_x7680_y16128
2026-07-26 14:02:52,813 - m3_module.m3_cells_generator - INFO - All-positive 標註完成: 106 個細胞
2026-07-26 14:02:52,825 - hybrid_pipeline - INFO - [515/576] 已回收 tile_x6912_y16128
2026-07-26 14:02:52,848 - hybrid_pipeline - INFO - [516/576] 已回收 tile_x8448_y16128
2026-07-26 14:02:52,850 - m3_module.m3_cells_generator - INFO - All-positive 標註完成: 127 個細胞
2026-07-26 14:02:52,850 - m4_module.cell_crops - INFO - 匯出 44 張 per-cell 影像至 /data/taro_Projects/tsgh/output/r7_run/cell_crops/tile_x9216_y16128/cells
2026-07-26 14:02:52,850 - hybrid_pipeline - INFO - Tile tile_x9216_y16128 完成: 核心擁有 44 細胞 (44 陽性), 1.48 秒
2026-07-26 14:02:52,864 - m3_module.m3_cells_generator - INFO - enlarge_cell_instances: 106 顆細胞, factor=1.50(面積), 中位半徑=25.7px, 外擴=5.8px
2026-07-26 14:02:52,872 - m3_module.m3_cells_generator - INFO - All-positive 標註完成: 86 個細胞
2026-07-26 14:02:52,891 - m3_module.m3_elastic_matching - INFO - elastic_dish_nucleus_matching(overlap-first): IHC=106, DISH=3, matched(1核)=2 (其中重疊=2), drop-out(競爭落敗)=1, 無候選(計入)=103, factor=1.50, min_reach=20.0
2026-07-26 14:02:52,917 - m3_module.m3_cells_generator - INFO - enlarge_cell_instances: 127 顆細胞, factor=1.50(面積), 中位半徑=24.6px, 外擴=5.5px
2026-07-26 14:02:52,936 - m3_module.m3_cells_generator - INFO - enlarge_cell_instances: 86 顆細胞, factor=1.50(面積), 中位半徑=27.4px, 外擴=6.1px
2026-07-26 14:02:52,952 - m3_module.m3_elastic_matching - INFO - elastic_dish_nucleus_matching(overlap-first): IHC=127, DISH=11, matched(1核)=8 (其中重疊=8), drop-out(競爭落敗)=1, 無候選(計入)=118, factor=1.50, min_reach=20.0
2026-07-26 14:02:52,967 - m3_module.m3_elastic_matching - INFO - elastic_dish_nucleus_matching(overlap-first): IHC=86, DISH=17, matched(1核)=10 (其中重疊=10), drop-out(競爭落敗)=1, 無候選(計入)=75, factor=1.50, min_reach=20.0
2026-07-26 14:02:53,026 - m3_module.m3_dot_detection - INFO - detect_all_dots: 紅點=3, 黑點=4, 涉及細胞=106
2026-07-26 14:02:53,092 - m3_module.m3_dot_detection - INFO - detect_all_dots: 紅點=6, 黑點=12, 涉及細胞=127
2026-07-26 14:02:53,099 - m3_module.m3_dot_detection - INFO - detect_all_dots: 紅點=8, 黑點=15, 涉及細胞=86
2026-07-26 14:02:53,344 - m4_module.cell_crops - INFO - 匯出 65 張 per-cell 影像至 /data/taro_Projects/tsgh/output/r7_run/cell_crops/tile_x9984_y16128/cells
2026-07-26 14:02:53,344 - hybrid_pipeline - INFO - Tile tile_x9984_y16128 完成: 核心擁有 65 細胞 (65 陽性), 1.75 秒
2026-07-26 14:02:53,346 - hybrid_pipeline - INFO - [517/576] 已回收 tile_x9984_y16128
2026-07-26 14:02:53,379 - hybrid_pipeline - INFO - Tile tile_x13056_y16128: 核心遮罩全空 → 空白 placeholder
2026-07-26 14:02:53,412 - hybrid_pipeline - INFO - [518/576] 已回收 tile_x9216_y16128
2026-07-26 14:02:53,435 - m4_module.cell_crops - INFO - 匯出 51 張 per-cell 影像至 /data/taro_Projects/tsgh/output/r7_run/cell_crops/tile_x10752_y16128/cells
2026-07-26 14:02:53,435 - hybrid_pipeline - INFO - Tile tile_x10752_y16128 完成: 核心擁有 51 細胞 (51 陽性), 1.69 秒
2026-07-26 14:02:53,445 - m3_module.m3_cells_generator - INFO - All-positive 標註完成: 33 個細胞
2026-07-26 14:02:53,457 - m4_module.cell_crops - INFO - 匯出 79 張 per-cell 影像至 /data/taro_Projects/tsgh/output/r7_run/cell_crops/tile_x11520_y16128/cells
2026-07-26 14:02:53,457 - hybrid_pipeline - INFO - Tile tile_x11520_y16128 完成: 核心擁有 79 細胞 (79 陽性), 1.90 秒
2026-07-26 14:02:53,487 - m3_module.m3_cells_generator - INFO - enlarge_cell_instances: 33 顆細胞, factor=1.50(面積), 中位半徑=26.6px, 外擴=6.0px
2026-07-26 14:02:53,514 - m3_module.m3_elastic_matching - INFO - elastic_dish_nucleus_matching(overlap-first): IHC=33, DISH=1, matched(1核)=1 (其中重疊=1), drop-out(競爭落敗)=0, 無候選(計入)=32, factor=1.50, min_reach=20.0
2026-07-26 14:02:53,613 - m3_module.m3_dot_detection - INFO - detect_all_dots: 紅點=0, 黑點=1, 涉及細胞=33
2026-07-26 14:02:53,747 - m4_module.cell_crops - INFO - 匯出 10 張 per-cell 影像至 /data/taro_Projects/tsgh/output/r7_run/cell_crops/tile_x12288_y16128/cells
2026-07-26 14:02:53,747 - hybrid_pipeline - INFO - Tile tile_x12288_y16128 完成: 核心擁有 10 細胞 (10 陽性), 1.36 秒
2026-07-26 14:02:53,852 - hybrid_pipeline - INFO - [519/576] 已回收 tile_x11520_y16128
2026-07-26 14:02:53,881 - m3_module.m3_cells_generator - INFO - All-positive 標註完成: 79 個細胞
2026-07-26 14:02:53,934 - m3_module.m3_cells_generator - INFO - enlarge_cell_instances: 79 顆細胞, factor=1.50(面積), 中位半徑=26.0px, 外擴=5.9px
2026-07-26 14:02:53,962 - m3_module.m3_elastic_matching - INFO - elastic_dish_nucleus_matching(overlap-first): IHC=79, DISH=11, matched(1核)=7 (其中重疊=7), drop-out(競爭落敗)=4, 無候選(計入)=68, factor=1.50, min_reach=20.0
2026-07-26 14:02:53,986 - hybrid_pipeline - INFO - [520/576] 已回收 tile_x10752_y16128
2026-07-26 14:02:54,022 - m3_module.m3_cells_generator - INFO - All-positive 標註完成: 68 個細胞
2026-07-26 14:02:54,072 - m3_module.m3_cells_generator - INFO - enlarge_cell_instances: 68 顆細胞, factor=1.50(面積), 中位半徑=29.4px, 外擴=6.6px
2026-07-26 14:02:54,101 - m3_module.m3_dot_detection - INFO - detect_all_dots: 紅點=5, 黑點=4, 涉及細胞=79
2026-07-26 14:02:54,104 - m3_module.m3_elastic_matching - INFO - elastic_dish_nucleus_matching(overlap-first): IHC=68, DISH=26, matched(1核)=16 (其中重疊=16), drop-out(競爭落敗)=2, 無候選(計入)=50, factor=1.50, min_reach=20.0
2026-07-26 14:02:54,219 - m3_module.m3_dot_detection - INFO - detect_all_dots: 紅點=9, 黑點=13, 涉及細胞=68
2026-07-26 14:02:54,320 - m4_module.cell_crops - INFO - 匯出 46 張 per-cell 影像至 /data/taro_Projects/tsgh/output/r7_run/cell_crops/tile_x13824_y16128/cells
2026-07-26 14:02:54,320 - hybrid_pipeline - INFO - Tile tile_x13824_y16128 完成: 核心擁有 46 細胞 (46 陽性), 1.50 秒
2026-07-26 14:02:54,466 - m4_module.cell_crops - INFO - 匯出 37 張 per-cell 影像至 /data/taro_Projects/tsgh/output/r7_run/cell_crops/tile_x14592_y16128/cells
2026-07-26 14:02:54,466 - hybrid_pipeline - INFO - Tile tile_x14592_y16128 完成: 核心擁有 37 細胞 (37 陽性), 1.62 秒
2026-07-26 14:02:54,530 - hybrid_pipeline - INFO - [521/576] 已回收 tile_x12288_y16128
2026-07-26 14:02:54,537 - hybrid_pipeline - INFO - [522/576] 已回收 tile_x13056_y16128
2026-07-26 14:02:54,555 - m3_module.m3_cells_generator - INFO - All-positive 標註完成: 43 個細胞
2026-07-26 14:02:54,572 - m3_module.m3_cells_generator - INFO - All-positive 標註完成: 73 個細胞
2026-07-26 14:02:54,594 - m3_module.m3_cells_generator - INFO - enlarge_cell_instances: 43 顆細胞, factor=1.50(面積), 中位半徑=25.7px, 外擴=5.8px
2026-07-26 14:02:54,621 - m3_module.m3_elastic_matching - INFO - elastic_dish_nucleus_matching(overlap-first): IHC=43, DISH=30, matched(1核)=22 (其中重疊=22), drop-out(競爭落敗)=4, 無候選(計入)=17, factor=1.50, min_reach=20.0
2026-07-26 14:02:54,625 - m3_module.m3_cells_generator - INFO - enlarge_cell_instances: 73 顆細胞, factor=1.50(面積), 中位半徑=28.6px, 外擴=6.4px
2026-07-26 14:02:54,659 - m3_module.m3_elastic_matching - INFO - elastic_dish_nucleus_matching(overlap-first): IHC=73, DISH=56, matched(1核)=42 (其中重疊=42), drop-out(競爭落敗)=8, 無候選(計入)=23, factor=1.50, min_reach=20.0
2026-07-26 14:02:54,797 - m3_module.m3_dot_detection - INFO - detect_all_dots: 紅點=21, 黑點=28, 涉及細胞=43
2026-07-26 14:02:54,815 - hybrid_pipeline - INFO - [523/576] 已回收 tile_x13824_y16128
2026-07-26 14:02:54,844 - m3_module.m3_cells_generator - INFO - All-positive 標註完成: 30 個細胞
2026-07-26 14:02:54,883 - m3_module.m3_dot_detection - INFO - detect_all_dots: 紅點=44, 黑點=63, 涉及細胞=73
2026-07-26 14:02:54,885 - m3_module.m3_cells_generator - INFO - enlarge_cell_instances: 30 顆細胞, factor=1.50(面積), 中位半徑=21.6px, 外擴=4.8px
2026-07-26 14:02:54,948 - m4_module.cell_crops - INFO - 匯出 24 張 per-cell 影像至 /data/taro_Projects/tsgh/output/r7_run/cell_crops/tile_x15360_y16128/cells
2026-07-26 14:02:54,948 - hybrid_pipeline - INFO - Tile tile_x15360_y16128 完成: 核心擁有 24 細胞 (24 陽性), 1.54 秒
2026-07-26 14:02:54,996 - hybrid_pipeline - INFO - [524/576] 已回收 tile_x14592_y16128
2026-07-26 14:02:55,000 - m3_module.m3_dot_detection - INFO - detect_all_dots: 紅點=0, 黑點=0, 涉及細胞=30
2026-07-26 14:02:55,025 - m3_module.m3_cells_generator - INFO - All-positive 標註完成: 65 個細胞
2026-07-26 14:02:55,076 - m4_module.cell_crops - INFO - 匯出 4 張 per-cell 影像至 /data/taro_Projects/tsgh/output/r7_run/cell_crops/tile_x768_y16896/cells
2026-07-26 14:02:55,076 - hybrid_pipeline - INFO - Tile tile_x768_y16896 完成: 核心擁有 4 細胞 (4 陽性), 1.23 秒
2026-07-26 14:02:55,079 - m3_module.m3_cells_generator - INFO - enlarge_cell_instances: 65 顆細胞, factor=1.50(面積), 中位半徑=24.6px, 外擴=5.5px
2026-07-26 14:02:55,106 - m3_module.m3_elastic_matching - INFO - elastic_dish_nucleus_matching(overlap-first): IHC=65, DISH=2, matched(1核)=1 (其中重疊=1), drop-out(競爭落敗)=0, 無候選(計入)=64, factor=1.50, min_reach=20.0
2026-07-26 14:02:55,114 - m4_module.cell_crops - INFO - 匯出 37 張 per-cell 影像至 /data/taro_Projects/tsgh/output/r7_run/cell_crops/tile_x16128_y16128/cells
2026-07-26 14:02:55,114 - hybrid_pipeline - INFO - Tile tile_x16128_y16128 完成: 核心擁有 37 細胞 (37 陽性), 1.77 秒
2026-07-26 14:02:55,212 - m3_module.m3_dot_detection - INFO - detect_all_dots: 紅點=4, 黑點=2, 涉及細胞=65
2026-07-26 14:02:55,438 - m4_module.cell_crops - INFO - 匯出 56 張 per-cell 影像至 /data/taro_Projects/tsgh/output/r7_run/cell_crops/tile_x0_y16896/cells
2026-07-26 14:02:55,438 - hybrid_pipeline - INFO - Tile tile_x0_y16896 完成: 核心擁有 56 細胞 (56 陽性), 1.45 秒
2026-07-26 14:02:55,606 - hybrid_pipeline - INFO - [525/576] 已回收 tile_x16128_y16128
2026-07-26 14:02:55,641 - m3_module.m3_cells_generator - INFO - All-positive 標註完成: 40 個細胞
2026-07-26 14:02:55,674 - hybrid_pipeline - INFO - [526/576] 已回收 tile_x15360_y16128
2026-07-26 14:02:55,686 - m3_module.m3_cells_generator - INFO - enlarge_cell_instances: 40 顆細胞, factor=1.50(面積), 中位半徑=23.8px, 外擴=5.4px
2026-07-26 14:02:55,705 - m3_module.m3_cells_generator - INFO - All-positive 標註完成: 80 個細胞
2026-07-26 14:02:55,714 - m3_module.m3_elastic_matching - INFO - elastic_dish_nucleus_matching(overlap-first): IHC=40, DISH=11, matched(1核)=2 (其中重疊=2), drop-out(競爭落敗)=1, 無候選(計入)=37, factor=1.50, min_reach=20.0
2026-07-26 14:02:55,761 - m3_module.m3_cells_generator - INFO - enlarge_cell_instances: 80 顆細胞, factor=1.50(面積), 中位半徑=30.4px, 外擴=6.8px
2026-07-26 14:02:55,796 - m3_module.m3_elastic_matching - INFO - elastic_dish_nucleus_matching(overlap-first): IHC=80, DISH=94, matched(1核)=62 (其中重疊=62), drop-out(競爭落敗)=8, 無候選(計入)=10, factor=1.50, min_reach=20.0
2026-07-26 14:02:55,809 - hybrid_pipeline - INFO - [527/576] 已回收 tile_x768_y16896
2026-07-26 14:02:55,834 - m3_module.m3_dot_detection - INFO - detect_all_dots: 紅點=1, 黑點=3, 涉及細胞=40
2026-07-26 14:02:55,841 - m3_module.m3_cells_generator - INFO - All-positive 標註完成: 41 個細胞
2026-07-26 14:02:55,890 - m3_module.m3_cells_generator - INFO - enlarge_cell_instances: 41 顆細胞, factor=1.50(面積), 中位半徑=21.0px, 外擴=4.7px
2026-07-26 14:02:55,920 - m3_module.m3_elastic_matching - INFO - elastic_dish_nucleus_matching(overlap-first): IHC=41, DISH=56, matched(1核)=27 (其中重疊=27), drop-out(競爭落敗)=6, 無候選(計入)=8, factor=1.50, min_reach=20.0
2026-07-26 14:02:55,948 - hybrid_pipeline - INFO - [528/576] 已回收 tile_x0_y16896
2026-07-26 14:02:55,953 - m4_module.cell_crops - INFO - 匯出 15 張 per-cell 影像至 /data/taro_Projects/tsgh/output/r7_run/cell_crops/tile_x1536_y16896/cells
2026-07-26 14:02:55,953 - hybrid_pipeline - INFO - Tile tile_x1536_y16896 完成: 核心擁有 15 細胞 (15 陽性), 1.42 秒
2026-07-26 14:02:55,975 - m3_module.m3_cells_generator - INFO - All-positive 標註完成: 63 個細胞
2026-07-26 14:02:56,033 - m3_module.m3_cells_generator - INFO - enlarge_cell_instances: 63 顆細胞, factor=1.50(面積), 中位半徑=29.0px, 外擴=6.5px
2026-07-26 14:02:56,061 - m3_module.m3_elastic_matching - INFO - elastic_dish_nucleus_matching(overlap-first): IHC=63, DISH=4, matched(1核)=3 (其中重疊=3), drop-out(競爭落敗)=0, 無候選(計入)=60, factor=1.50, min_reach=20.0
2026-07-26 14:02:56,065 - m3_module.m3_dot_detection - INFO - detect_all_dots: 紅點=48, 黑點=69, 涉及細胞=80
2026-07-26 14:02:56,125 - m3_module.m3_dot_detection - INFO - detect_all_dots: 紅點=31, 黑點=49, 涉及細胞=41
2026-07-26 14:02:56,161 - m3_module.m3_dot_detection - INFO - detect_all_dots: 紅點=0, 黑點=9, 涉及細胞=63
2026-07-26 14:02:56,309 - m4_module.cell_crops - INFO - 匯出 25 張 per-cell 影像至 /data/taro_Projects/tsgh/output/r7_run/cell_crops/tile_x17664_y16128/cells
2026-07-26 14:02:56,309 - hybrid_pipeline - INFO - Tile tile_x17664_y16128 完成: 核心擁有 25 細胞 (25 陽性), 1.50 秒
2026-07-26 14:02:56,365 - m4_module.cell_crops - INFO - 匯出 53 張 per-cell 影像至 /data/taro_Projects/tsgh/output/r7_run/cell_crops/tile_x16896_y16128/cells
2026-07-26 14:02:56,365 - hybrid_pipeline - INFO - Tile tile_x16896_y16128 完成: 核心擁有 53 細胞 (53 陽性), 1.84 秒
2026-07-26 14:02:56,373 - m4_module.cell_crops - INFO - 匯出 35 張 per-cell 影像至 /data/taro_Projects/tsgh/output/r7_run/cell_crops/tile_x2304_y16896/cells
2026-07-26 14:02:56,373 - hybrid_pipeline - INFO - Tile tile_x2304_y16896 完成: 核心擁有 35 細胞 (35 陽性), 1.38 秒
2026-07-26 14:02:56,566 - hybrid_pipeline - INFO - [529/576] 已回收 tile_x1536_y16896
2026-07-26 14:02:56,600 - m3_module.m3_cells_generator - INFO - All-positive 標註完成: 80 個細胞
2026-07-26 14:02:56,629 - hybrid_pipeline - INFO - [530/576] 已回收 tile_x16896_y16128
2026-07-26 14:02:56,659 - m3_module.m3_cells_generator - INFO - enlarge_cell_instances: 80 顆細胞, factor=1.50(面積), 中位半徑=26.5px, 外擴=6.0px
2026-07-26 14:02:56,660 - m3_module.m3_cells_generator - INFO - All-positive 標註完成: 57 個細胞
2026-07-26 14:02:56,687 - m3_module.m3_elastic_matching - INFO - elastic_dish_nucleus_matching(overlap-first): IHC=80, DISH=6, matched(1核)=5 (其中重疊=5), drop-out(競爭落敗)=2, 無候選(計入)=73, factor=1.50, min_reach=20.0
2026-07-26 14:02:56,710 - m3_module.m3_cells_generator - INFO - enlarge_cell_instances: 57 顆細胞, factor=1.50(面積), 中位半徑=25.7px, 外擴=5.8px
2026-07-26 14:02:56,739 - m3_module.m3_elastic_matching - INFO - elastic_dish_nucleus_matching(overlap-first): IHC=57, DISH=7, matched(1核)=5 (其中重疊=5), drop-out(競爭落敗)=2, 無候選(計入)=50, factor=1.50, min_reach=20.0
2026-07-26 14:02:56,763 - hybrid_pipeline - INFO - [531/576] 已回收 tile_x17664_y16128
2026-07-26 14:02:56,796 - m3_module.m3_cells_generator - INFO - All-positive 標註完成: 75 個細胞
2026-07-26 14:02:56,813 - m3_module.m3_dot_detection - INFO - detect_all_dots: 紅點=0, 黑點=5, 涉及細胞=80
2026-07-26 14:02:56,852 - m3_module.m3_cells_generator - INFO - enlarge_cell_instances: 75 顆細胞, factor=1.50(面積), 中位半徑=28.3px, 外擴=6.4px
2026-07-26 14:02:56,857 - m3_module.m3_dot_detection - INFO - detect_all_dots: 紅點=1, 黑點=5, 涉及細胞=57
2026-07-26 14:02:56,880 - m3_module.m3_elastic_matching - INFO - elastic_dish_nucleus_matching(overlap-first): IHC=75, DISH=11, matched(1核)=8 (其中重疊=8), drop-out(競爭落敗)=4, 無候選(計入)=63, factor=1.50, min_reach=20.0
2026-07-26 14:02:56,926 - hybrid_pipeline - INFO - [532/576] 已回收 tile_x2304_y16896
2026-07-26 14:02:56,958 - m3_module.m3_cells_generator - INFO - All-positive 標註完成: 52 個細胞
2026-07-26 14:02:57,008 - m3_module.m3_dot_detection - INFO - detect_all_dots: 紅點=8, 黑點=10, 涉及細胞=75
2026-07-26 14:02:57,013 - m3_module.m3_cells_generator - INFO - enlarge_cell_instances: 52 顆細胞, factor=1.50(面積), 中位半徑=30.9px, 外擴=6.9px
2026-07-26 14:02:57,026 - m4_module.cell_crops - INFO - 匯出 21 張 per-cell 影像至 /data/taro_Projects/tsgh/output/r7_run/cell_crops/tile_x3840_y16896/cells
2026-07-26 14:02:57,026 - hybrid_pipeline - INFO - Tile tile_x3840_y16896 完成: 核心擁有 21 細胞 (21 陽性), 1.35 秒
2026-07-26 14:02:57,041 - m3_module.m3_elastic_matching - INFO - elastic_dish_nucleus_matching(overlap-first): IHC=52, DISH=22, matched(1核)=13 (其中重疊=13), drop-out(競爭落敗)=1, 無候選(計入)=38, factor=1.50, min_reach=20.0
2026-07-26 14:02:57,041 - m4_module.cell_crops - INFO - 匯出 40 張 per-cell 影像至 /data/taro_Projects/tsgh/output/r7_run/cell_crops/tile_x3072_y16896/cells
2026-07-26 14:02:57,041 - hybrid_pipeline - INFO - Tile tile_x3072_y16896 完成: 核心擁有 40 細胞 (40 陽性), 1.44 秒
2026-07-26 14:02:57,167 - m3_module.m3_dot_detection - INFO - detect_all_dots: 紅點=14, 黑點=17, 涉及細胞=52
2026-07-26 14:02:57,231 - m4_module.cell_crops - INFO - 匯出 53 張 per-cell 影像至 /data/taro_Projects/tsgh/output/r7_run/cell_crops/tile_x4608_y16896/cells
2026-07-26 14:02:57,232 - hybrid_pipeline - INFO - Tile tile_x4608_y16896 完成: 核心擁有 53 細胞 (53 陽性), 1.42 秒
2026-07-26 14:02:57,368 - m4_module.cell_crops - INFO - 匯出 30 張 per-cell 影像至 /data/taro_Projects/tsgh/output/r7_run/cell_crops/tile_x5376_y16896/cells
2026-07-26 14:02:57,368 - hybrid_pipeline - INFO - Tile tile_x5376_y16896 完成: 核心擁有 30 細胞 (30 陽性), 1.42 秒
2026-07-26 14:02:57,582 - hybrid_pipeline - INFO - [533/576] 已回收 tile_x3072_y16896
2026-07-26 14:02:57,616 - m3_module.m3_cells_generator - INFO - All-positive 標註完成: 47 個細胞
2026-07-26 14:02:57,654 - hybrid_pipeline - INFO - [534/576] 已回收 tile_x3840_y16896
2026-07-26 14:02:57,665 - m3_module.m3_cells_generator - INFO - enlarge_cell_instances: 47 顆細胞, factor=1.50(面積), 中位半徑=27.0px, 外擴=6.1px
2026-07-26 14:02:57,685 - m3_module.m3_cells_generator - INFO - All-positive 標註完成: 75 個細胞
2026-07-26 14:02:57,693 - m3_module.m3_elastic_matching - INFO - elastic_dish_nucleus_matching(overlap-first): IHC=47, DISH=50, matched(1核)=31 (其中重疊=31), drop-out(競爭落敗)=4, 無候選(計入)=12, factor=1.50, min_reach=20.0
2026-07-26 14:02:57,734 - m3_module.m3_cells_generator - INFO - enlarge_cell_instances: 75 顆細胞, factor=1.50(面積), 中位半徑=25.7px, 外擴=5.8px
2026-07-26 14:02:57,764 - m3_module.m3_elastic_matching - INFO - elastic_dish_nucleus_matching(overlap-first): IHC=75, DISH=58, matched(1核)=37 (其中重疊=37), drop-out(競爭落敗)=3, 無候選(計入)=35, factor=1.50, min_reach=20.0
2026-07-26 14:02:57,832 - hybrid_pipeline - INFO - [535/576] 已回收 tile_x4608_y16896
2026-07-26 14:02:57,863 - m3_module.m3_cells_generator - INFO - All-positive 標註完成: 77 個細胞
2026-07-26 14:02:57,890 - m3_module.m3_dot_detection - INFO - detect_all_dots: 紅點=35, 黑點=51, 涉及細胞=47
2026-07-26 14:02:57,913 - m3_module.m3_cells_generator - INFO - enlarge_cell_instances: 77 顆細胞, factor=1.50(面積), 中位半徑=25.9px, 外擴=5.8px
2026-07-26 14:02:57,945 - m3_module.m3_elastic_matching - INFO - elastic_dish_nucleus_matching(overlap-first): IHC=77, DISH=82, matched(1核)=45 (其中重疊=45), drop-out(競爭落敗)=5, 無候選(計入)=27, factor=1.50, min_reach=20.0
2026-07-26 14:02:57,994 - hybrid_pipeline - INFO - [536/576] 已回收 tile_x5376_y16896
2026-07-26 14:02:57,997 - m3_module.m3_dot_detection - INFO - detect_all_dots: 紅點=49, 黑點=68, 涉及細胞=75
2026-07-26 14:02:58,028 - m3_module.m3_cells_generator - INFO - All-positive 標註完成: 108 個細胞
2026-07-26 14:02:58,088 - m3_module.m3_cells_generator - INFO - enlarge_cell_instances: 108 顆細胞, factor=1.50(面積), 中位半徑=22.8px, 外擴=5.1px
2026-07-26 14:02:58,089 - m4_module.cell_crops - INFO - 匯出 23 張 per-cell 影像至 /data/taro_Projects/tsgh/output/r7_run/cell_crops/tile_x6144_y16896/cells
2026-07-26 14:02:58,089 - hybrid_pipeline - INFO - Tile tile_x6144_y16896 完成: 核心擁有 23 細胞 (23 陽性), 1.52 秒
2026-07-26 14:02:58,122 - m3_module.m3_elastic_matching - INFO - elastic_dish_nucleus_matching(overlap-first): IHC=108, DISH=135, matched(1核)=66 (其中重疊=66), drop-out(競爭落敗)=7, 無候選(計入)=35, factor=1.50, min_reach=20.0
2026-07-26 14:02:58,215 - m3_module.m3_dot_detection - INFO - detect_all_dots: 紅點=67, 黑點=95, 涉及細胞=77
2026-07-26 14:02:58,273 - m4_module.cell_crops - INFO - 匯出 40 張 per-cell 影像至 /data/taro_Projects/tsgh/output/r7_run/cell_crops/tile_x6912_y16896/cells
2026-07-26 14:02:58,273 - hybrid_pipeline - INFO - Tile tile_x6912_y16896 完成: 核心擁有 40 細胞 (40 陽性), 1.65 秒
2026-07-26 14:02:58,448 - m4_module.cell_crops - INFO - 匯出 29 張 per-cell 影像至 /data/taro_Projects/tsgh/output/r7_run/cell_crops/tile_x7680_y16896/cells
2026-07-26 14:02:58,448 - hybrid_pipeline - INFO - Tile tile_x7680_y16896 完成: 核心擁有 29 細胞 (29 陽性), 1.69 秒
2026-07-26 14:02:58,462 - m3_module.m3_dot_detection - INFO - detect_all_dots: 紅點=104, 黑點=135, 涉及細胞=108
2026-07-26 14:02:58,557 - hybrid_pipeline - INFO - [537/576] 已回收 tile_x6144_y16896
2026-07-26 14:02:58,582 - m3_module.m3_cells_generator - INFO - All-positive 標註完成: 57 個細胞
2026-07-26 14:02:58,633 - m3_module.m3_cells_generator - INFO - enlarge_cell_instances: 57 顆細胞, factor=1.50(面積), 中位半徑=23.6px, 外擴=5.3px
2026-07-26 14:02:58,639 - hybrid_pipeline - INFO - [538/576] 已回收 tile_x6912_y16896
2026-07-26 14:02:58,661 - m3_module.m3_elastic_matching - INFO - elastic_dish_nucleus_matching(overlap-first): IHC=57, DISH=6, matched(1核)=4 (其中重疊=4), drop-out(競爭落敗)=0, 無候選(計入)=53, factor=1.50, min_reach=20.0
2026-07-26 14:02:58,674 - m3_module.m3_cells_generator - INFO - All-positive 標註完成: 117 個細胞
2026-07-26 14:02:58,733 - m3_module.m3_cells_generator - INFO - enlarge_cell_instances: 117 顆細胞, factor=1.50(面積), 中位半徑=28.4px, 外擴=6.4px
2026-07-26 14:02:58,764 - m3_module.m3_elastic_matching - INFO - elastic_dish_nucleus_matching(overlap-first): IHC=117, DISH=12, matched(1核)=7 (其中重疊=7), drop-out(競爭落敗)=4, 無候選(計入)=106, factor=1.50, min_reach=20.0
2026-07-26 14:02:58,780 - m3_module.m3_dot_detection - INFO - detect_all_dots: 紅點=2, 黑點=5, 涉及細胞=57
2026-07-26 14:02:58,811 - m4_module.cell_crops - INFO - 匯出 65 張 per-cell 影像至 /data/taro_Projects/tsgh/output/r7_run/cell_crops/tile_x8448_y16896/cells
2026-07-26 14:02:58,812 - hybrid_pipeline - INFO - Tile tile_x8448_y16896 完成: 核心擁有 65 細胞 (65 陽性), 1.89 秒
2026-07-26 14:02:58,831 - hybrid_pipeline - INFO - [539/576] 已回收 tile_x7680_y16896
2026-07-26 14:02:58,863 - m3_module.m3_cells_generator - INFO - All-positive 標註完成: 105 個細胞
2026-07-26 14:02:58,885 - m3_module.m3_dot_detection - INFO - detect_all_dots: 紅點=2, 黑點=5, 涉及細胞=117
2026-07-26 14:02:58,921 - m3_module.m3_cells_generator - INFO - enlarge_cell_instances: 105 顆細胞, factor=1.50(面積), 中位半徑=25.2px, 外擴=5.7px
2026-07-26 14:02:58,948 - m4_module.cell_crops - INFO - 匯出 21 張 per-cell 影像至 /data/taro_Projects/tsgh/output/r7_run/cell_crops/tile_x9216_y16896/cells
2026-07-26 14:02:58,948 - hybrid_pipeline - INFO - Tile tile_x9216_y16896 完成: 核心擁有 21 細胞 (21 陽性), 1.37 秒
2026-07-26 14:02:58,951 - m3_module.m3_elastic_matching - INFO - elastic_dish_nucleus_matching(overlap-first): IHC=105, DISH=5, matched(1核)=3 (其中重疊=3), drop-out(競爭落敗)=1, 無候選(計入)=101, factor=1.50, min_reach=20.0
2026-07-26 14:02:59,037 - hybrid_pipeline - INFO - [540/576] 已回收 tile_x8448_y16896
2026-07-26 14:02:59,066 - m3_module.m3_dot_detection - INFO - detect_all_dots: 紅點=3, 黑點=2, 涉及細胞=105
2026-07-26 14:02:59,069 - m3_module.m3_cells_generator - INFO - All-positive 標註完成: 84 個細胞
2026-07-26 14:02:59,122 - m3_module.m3_cells_generator - INFO - enlarge_cell_instances: 84 顆細胞, factor=1.50(面積), 中位半徑=25.3px, 外擴=5.7px
2026-07-26 14:02:59,151 - m3_module.m3_elastic_matching - INFO - elastic_dish_nucleus_matching(overlap-first): IHC=84, DISH=8, matched(1核)=2 (其中重疊=2), drop-out(競爭落敗)=3, 無候選(計入)=79, factor=1.50, min_reach=20.0
2026-07-26 14:02:59,258 - m3_module.m3_dot_detection - INFO - detect_all_dots: 紅點=1, 黑點=2, 涉及細胞=84
2026-07-26 14:02:59,259 - m4_module.cell_crops - INFO - 匯出 71 張 per-cell 影像至 /data/taro_Projects/tsgh/output/r7_run/cell_crops/tile_x10752_y16896/cells
2026-07-26 14:02:59,259 - hybrid_pipeline - INFO - Tile tile_x10752_y16896 完成: 核心擁有 71 細胞 (71 陽性), 1.61 秒
2026-07-26 14:02:59,382 - m4_module.cell_crops - INFO - 匯出 63 張 per-cell 影像至 /data/taro_Projects/tsgh/output/r7_run/cell_crops/tile_x9984_y16896/cells
2026-07-26 14:02:59,382 - hybrid_pipeline - INFO - Tile tile_x9984_y16896 完成: 核心擁有 63 細胞 (63 陽性), 1.55 秒
2026-07-26 14:02:59,519 - m4_module.cell_crops - INFO - 匯出 44 張 per-cell 影像至 /data/taro_Projects/tsgh/output/r7_run/cell_crops/tile_x11520_y16896/cells
2026-07-26 14:02:59,519 - hybrid_pipeline - INFO - Tile tile_x11520_y16896 完成: 核心擁有 44 細胞 (44 陽性), 1.53 秒
2026-07-26 14:02:59,669 - hybrid_pipeline - INFO - [541/576] 已回收 tile_x9216_y16896
2026-07-26 14:02:59,688 - hybrid_pipeline - INFO - [542/576] 已回收 tile_x10752_y16896
2026-07-26 14:02:59,702 - m3_module.m3_cells_generator - INFO - All-positive 標註完成: 29 個細胞
2026-07-26 14:02:59,721 - m3_module.m3_cells_generator - INFO - All-positive 標註完成: 3 個細胞
2026-07-26 14:02:59,730 - hybrid_pipeline - INFO - [543/576] 已回收 tile_x9984_y16896
2026-07-26 14:02:59,739 - m3_module.m3_cells_generator - INFO - enlarge_cell_instances: 29 顆細胞, factor=1.50(面積), 中位半徑=20.6px, 外擴=4.6px
2026-07-26 14:02:59,757 - m3_module.m3_cells_generator - INFO - enlarge_cell_instances: 3 顆細胞, factor=1.50(面積), 中位半徑=27.7px, 外擴=6.2px
2026-07-26 14:02:59,771 - m3_module.m3_elastic_matching - INFO - elastic_dish_nucleus_matching(overlap-first): IHC=29, DISH=6, matched(1核)=5 (其中重疊=5), drop-out(競爭落敗)=1, 無候選(計入)=23, factor=1.50, min_reach=20.0
2026-07-26 14:02:59,774 - m3_module.m3_cells_generator - INFO - All-positive 標註完成: 89 個細胞
2026-07-26 14:02:59,828 - m3_module.m3_cells_generator - INFO - enlarge_cell_instances: 89 顆細胞, factor=1.50(面積), 中位半徑=24.5px, 外擴=5.5px
2026-07-26 14:02:59,859 - m3_module.m3_elastic_matching - INFO - elastic_dish_nucleus_matching(overlap-first): IHC=89, DISH=24, matched(1核)=18 (其中重疊=18), drop-out(競爭落敗)=3, 無候選(計入)=68, factor=1.50, min_reach=20.0
2026-07-26 14:02:59,889 - m3_module.m3_dot_detection - INFO - detect_all_dots: 紅點=0, 黑點=0, 涉及細胞=3
2026-07-26 14:02:59,905 - m3_module.m3_dot_detection - INFO - detect_all_dots: 紅點=3, 黑點=4, 涉及細胞=29
2026-07-26 14:02:59,929 - m4_module.cell_crops - INFO - 匯出 0 張 per-cell 影像至 /data/taro_Projects/tsgh/output/r7_run/cell_crops/tile_x12288_y16896/cells
2026-07-26 14:02:59,930 - hybrid_pipeline - INFO - Tile tile_x12288_y16896 完成: 核心擁有 0 細胞 (0 陽性), 1.29 秒
2026-07-26 14:03:00,002 - m3_module.m3_dot_detection - INFO - detect_all_dots: 紅點=11, 黑點=18, 涉及細胞=89
2026-07-26 14:03:00,004 - m4_module.cell_crops - INFO - 匯出 18 張 per-cell 影像至 /data/taro_Projects/tsgh/output/r7_run/cell_crops/tile_x13056_y16896/cells
2026-07-26 14:03:00,004 - hybrid_pipeline - INFO - Tile tile_x13056_y16896 完成: 核心擁有 18 細胞 (18 陽性), 1.45 秒
2026-07-26 14:03:00,258 - hybrid_pipeline - INFO - [544/576] 已回收 tile_x11520_y16896
2026-07-26 14:03:00,266 - m4_module.cell_crops - INFO - 匯出 42 張 per-cell 影像至 /data/taro_Projects/tsgh/output/r7_run/cell_crops/tile_x13824_y16896/cells
2026-07-26 14:03:00,266 - hybrid_pipeline - INFO - Tile tile_x13824_y16896 完成: 核心擁有 42 細胞 (42 陽性), 1.44 秒
2026-07-26 14:03:00,288 - m3_module.m3_cells_generator - INFO - All-positive 標註完成: 85 個細胞
2026-07-26 14:03:00,341 - m3_module.m3_cells_generator - INFO - enlarge_cell_instances: 85 顆細胞, factor=1.50(面積), 中位半徑=27.9px, 外擴=6.3px
2026-07-26 14:03:00,372 - m3_module.m3_elastic_matching - INFO - elastic_dish_nucleus_matching(overlap-first): IHC=85, DISH=47, matched(1核)=30 (其中重疊=30), drop-out(競爭落敗)=2, 無候選(計入)=53, factor=1.50, min_reach=20.0
2026-07-26 14:03:00,524 - m3_module.m3_dot_detection - INFO - detect_all_dots: 紅點=16, 黑點=27, 涉及細胞=85
2026-07-26 14:03:00,789 - hybrid_pipeline - INFO - [545/576] 已回收 tile_x13056_y16896
2026-07-26 14:03:00,815 - m3_module.m3_cells_generator - INFO - All-positive 標註完成: 70 個細胞
2026-07-26 14:03:00,837 - m4_module.cell_crops - INFO - 匯出 54 張 per-cell 影像至 /data/taro_Projects/tsgh/output/r7_run/cell_crops/tile_x14592_y16896/cells
2026-07-26 14:03:00,837 - hybrid_pipeline - INFO - Tile tile_x14592_y16896 完成: 核心擁有 54 細胞 (54 陽性), 1.80 秒
2026-07-26 14:03:00,863 - m3_module.m3_cells_generator - INFO - enlarge_cell_instances: 70 顆細胞, factor=1.50(面積), 中位半徑=25.3px, 外擴=5.7px
2026-07-26 14:03:00,895 - m3_module.m3_elastic_matching - INFO - elastic_dish_nucleus_matching(overlap-first): IHC=70, DISH=36, matched(1核)=28 (其中重疊=28), drop-out(競爭落敗)=4, 無候選(計入)=38, factor=1.50, min_reach=20.0
2026-07-26 14:03:00,952 - hybrid_pipeline - INFO - [546/576] 已回收 tile_x13824_y16896
2026-07-26 14:03:00,955 - hybrid_pipeline - INFO - [547/576] 已回收 tile_x12288_y16896
2026-07-26 14:03:00,985 - m3_module.m3_cells_generator - INFO - All-positive 標註完成: 47 個細胞
2026-07-26 14:03:00,994 - m3_module.m3_cells_generator - INFO - All-positive 標註完成: 150 個細胞
2026-07-26 14:03:01,040 - m3_module.m3_cells_generator - INFO - enlarge_cell_instances: 47 顆細胞, factor=1.50(面積), 中位半徑=28.7px, 外擴=6.5px
2026-07-26 14:03:01,053 - m3_module.m3_cells_generator - INFO - enlarge_cell_instances: 150 顆細胞, factor=1.50(面積), 中位半徑=26.0px, 外擴=5.8px
2026-07-26 14:03:01,069 - m3_module.m3_elastic_matching - INFO - elastic_dish_nucleus_matching(overlap-first): IHC=47, DISH=53, matched(1核)=28 (其中重疊=28), drop-out(競爭落敗)=2, 無候選(計入)=17, factor=1.50, min_reach=20.0
2026-07-26 14:03:01,083 - m3_module.m3_dot_detection - INFO - detect_all_dots: 紅點=28, 黑點=43, 涉及細胞=70
2026-07-26 14:03:01,089 - m3_module.m3_elastic_matching - INFO - elastic_dish_nucleus_matching(overlap-first): IHC=150, DISH=95, matched(1核)=71 (其中重疊=71), drop-out(競爭落敗)=21, 無候選(計入)=58, factor=1.50, min_reach=20.0
2026-07-26 14:03:01,246 - m3_module.m3_dot_detection - INFO - detect_all_dots: 紅點=21, 黑點=35, 涉及細胞=47
2026-07-26 14:03:01,281 - m4_module.cell_crops - INFO - 匯出 26 張 per-cell 影像至 /data/taro_Projects/tsgh/output/r7_run/cell_crops/tile_x15360_y16896/cells
2026-07-26 14:03:01,281 - hybrid_pipeline - INFO - Tile tile_x15360_y16896 完成: 核心擁有 26 細胞 (26 陽性), 1.61 秒
2026-07-26 14:03:01,372 - hybrid_pipeline - INFO - [548/576] 已回收 tile_x14592_y16896
2026-07-26 14:03:01,402 - m3_module.m3_cells_generator - INFO - All-positive 標註完成: 57 個細胞
2026-07-26 14:03:01,411 - m3_module.m3_dot_detection - INFO - detect_all_dots: 紅點=66, 黑點=131, 涉及細胞=150
2026-07-26 14:03:01,443 - m4_module.cell_crops - INFO - 匯出 15 張 per-cell 影像至 /data/taro_Projects/tsgh/output/r7_run/cell_crops/tile_x16896_y16896/cells
2026-07-26 14:03:01,443 - hybrid_pipeline - INFO - Tile tile_x16896_y16896 完成: 核心擁有 15 細胞 (15 陽性), 1.71 秒
2026-07-26 14:03:01,455 - m3_module.m3_cells_generator - INFO - enlarge_cell_instances: 57 顆細胞, factor=1.50(面積), 中位半徑=25.9px, 外擴=5.8px
2026-07-26 14:03:01,481 - m3_module.m3_elastic_matching - INFO - elastic_dish_nucleus_matching(overlap-first): IHC=57, DISH=6, matched(1核)=3 (其中重疊=3), drop-out(競爭落敗)=0, 無候選(計入)=54, factor=1.50, min_reach=20.0
2026-07-26 14:03:01,586 - m3_module.m3_dot_detection - INFO - detect_all_dots: 紅點=3, 黑點=5, 涉及細胞=57
2026-07-26 14:03:01,766 - hybrid_pipeline - INFO - [549/576] 已回收 tile_x15360_y16896
2026-07-26 14:03:01,774 - m4_module.cell_crops - INFO - 匯出 44 張 per-cell 影像至 /data/taro_Projects/tsgh/output/r7_run/cell_crops/tile_x0_y17664/cells
2026-07-26 14:03:01,774 - hybrid_pipeline - INFO - Tile tile_x0_y17664 完成: 核心擁有 44 細胞 (44 陽性), 1.52 秒
2026-07-26 14:03:01,798 - m3_module.m3_cells_generator - INFO - All-positive 標註完成: 33 個細胞
2026-07-26 14:03:01,823 - m4_module.cell_crops - INFO - 匯出 94 張 per-cell 影像至 /data/taro_Projects/tsgh/output/r7_run/cell_crops/tile_x16128_y16896/cells
2026-07-26 14:03:01,824 - hybrid_pipeline - INFO - Tile tile_x16128_y16896 完成: 核心擁有 94 細胞 (94 陽性), 2.14 秒
2026-07-26 14:03:01,838 - m3_module.m3_cells_generator - INFO - enlarge_cell_instances: 33 顆細胞, factor=1.50(面積), 中位半徑=21.0px, 外擴=4.7px
2026-07-26 14:03:01,869 - m3_module.m3_elastic_matching - INFO - elastic_dish_nucleus_matching(overlap-first): IHC=33, DISH=45, matched(1核)=22 (其中重疊=22), drop-out(競爭落敗)=4, 無候選(計入)=7, factor=1.50, min_reach=20.0
2026-07-26 14:03:02,046 - m3_module.m3_dot_detection - INFO - detect_all_dots: 紅點=26, 黑點=49, 涉及細胞=33
2026-07-26 14:03:02,053 - hybrid_pipeline - INFO - [550/576] 已回收 tile_x16128_y16896
2026-07-26 14:03:02,066 - hybrid_pipeline - INFO - [551/576] 已回收 tile_x16896_y16896
2026-07-26 14:03:02,081 - m3_module.m3_cells_generator - INFO - All-positive 標註完成: 61 個細胞
2026-07-26 14:03:02,098 - m3_module.m3_cells_generator - INFO - All-positive 標註完成: 55 個細胞
2026-07-26 14:03:02,130 - m3_module.m3_cells_generator - INFO - enlarge_cell_instances: 61 顆細胞, factor=1.50(面積), 中位半徑=26.6px, 外擴=6.0px
2026-07-26 14:03:02,146 - m3_module.m3_cells_generator - INFO - enlarge_cell_instances: 55 顆細胞, factor=1.50(面積), 中位半徑=23.1px, 外擴=5.2px
2026-07-26 14:03:02,157 - m3_module.m3_elastic_matching - INFO - elastic_dish_nucleus_matching(overlap-first): IHC=61, DISH=3, matched(1核)=3 (其中重疊=3), drop-out(競爭落敗)=1, 無候選(計入)=57, factor=1.50, min_reach=20.0
2026-07-26 14:03:02,173 - m3_module.m3_elastic_matching - INFO - elastic_dish_nucleus_matching(overlap-first): IHC=55, DISH=3, matched(1核)=3 (其中重疊=3), drop-out(競爭落敗)=0, 無候選(計入)=52, factor=1.50, min_reach=20.0
2026-07-26 14:03:02,223 - m4_module.cell_crops - INFO - 匯出 21 張 per-cell 影像至 /data/taro_Projects/tsgh/output/r7_run/cell_crops/tile_x17664_y16896/cells
2026-07-26 14:03:02,223 - hybrid_pipeline - INFO - Tile tile_x17664_y16896 完成: 核心擁有 21 細胞 (21 陽性), 1.44 秒
2026-07-26 14:03:02,286 - m3_module.m3_dot_detection - INFO - detect_all_dots: 紅點=1, 黑點=3, 涉及細胞=61
2026-07-26 14:03:02,297 - m3_module.m3_dot_detection - INFO - detect_all_dots: 紅點=1, 黑點=2, 涉及細胞=55
2026-07-26 14:03:02,349 - hybrid_pipeline - INFO - [552/576] 已回收 tile_x0_y17664
2026-07-26 14:03:02,380 - m3_module.m3_cells_generator - INFO - All-positive 標註完成: 75 個細胞
2026-07-26 14:03:02,431 - m3_module.m3_cells_generator - INFO - enlarge_cell_instances: 75 顆細胞, factor=1.50(面積), 中位半徑=27.3px, 外擴=6.1px
2026-07-26 14:03:02,452 - m4_module.cell_crops - INFO - 匯出 37 張 per-cell 影像至 /data/taro_Projects/tsgh/output/r7_run/cell_crops/tile_x768_y17664/cells
2026-07-26 14:03:02,452 - hybrid_pipeline - INFO - Tile tile_x768_y17664 完成: 核心擁有 37 細胞 (37 陽性), 1.50 秒
2026-07-26 14:03:02,460 - m3_module.m3_elastic_matching - INFO - elastic_dish_nucleus_matching(overlap-first): IHC=75, DISH=6, matched(1核)=4 (其中重疊=4), drop-out(競爭落敗)=4, 無候選(計入)=67, factor=1.50, min_reach=20.0
2026-07-26 14:03:02,464 - m4_module.cell_crops - INFO - 匯出 50 張 per-cell 影像至 /data/taro_Projects/tsgh/output/r7_run/cell_crops/tile_x1536_y17664/cells
2026-07-26 14:03:02,464 - hybrid_pipeline - INFO - Tile tile_x1536_y17664 完成: 核心擁有 50 細胞 (50 陽性), 1.51 秒
2026-07-26 14:03:02,555 - m3_module.m3_dot_detection - INFO - detect_all_dots: 紅點=0, 黑點=1, 涉及細胞=75
2026-07-26 14:03:02,782 - m4_module.cell_crops - INFO - 匯出 42 張 per-cell 影像至 /data/taro_Projects/tsgh/output/r7_run/cell_crops/tile_x2304_y17664/cells
2026-07-26 14:03:02,783 - hybrid_pipeline - INFO - Tile tile_x2304_y17664 完成: 核心擁有 42 細胞 (42 陽性), 1.41 秒
2026-07-26 14:03:02,791 - hybrid_pipeline - INFO - [553/576] 已回收 tile_x17664_y16896
2026-07-26 14:03:02,823 - m3_module.m3_cells_generator - INFO - All-positive 標註完成: 54 個細胞
2026-07-26 14:03:02,870 - m3_module.m3_cells_generator - INFO - enlarge_cell_instances: 54 顆細胞, factor=1.50(面積), 中位半徑=25.4px, 外擴=5.7px
2026-07-26 14:03:02,896 - m3_module.m3_elastic_matching - INFO - elastic_dish_nucleus_matching(overlap-first): IHC=54, DISH=1, matched(1核)=0 (其中重疊=0), drop-out(競爭落敗)=0, 無候選(計入)=54, factor=1.50, min_reach=20.0
2026-07-26 14:03:02,996 - m3_module.m3_dot_detection - INFO - detect_all_dots: 紅點=0, 黑點=0, 涉及細胞=54
2026-07-26 14:03:03,138 - m4_module.cell_crops - INFO - 匯出 25 張 per-cell 影像至 /data/taro_Projects/tsgh/output/r7_run/cell_crops/tile_x3072_y17664/cells
2026-07-26 14:03:03,138 - hybrid_pipeline - INFO - Tile tile_x3072_y17664 完成: 核心擁有 25 細胞 (25 陽性), 1.37 秒
2026-07-26 14:03:03,276 - hybrid_pipeline - INFO - [554/576] 已回收 tile_x1536_y17664
2026-07-26 14:03:03,277 - hybrid_pipeline - INFO - [555/576] 已回收 tile_x768_y17664
2026-07-26 14:03:03,313 - m3_module.m3_cells_generator - INFO - All-positive 標註完成: 52 個細胞
2026-07-26 14:03:03,314 - m3_module.m3_cells_generator - INFO - All-positive 標註完成: 75 個細胞
2026-07-26 14:03:03,370 - m3_module.m3_cells_generator - INFO - enlarge_cell_instances: 52 顆細胞, factor=1.50(面積), 中位半徑=27.3px, 外擴=6.1px
2026-07-26 14:03:03,378 - m3_module.m3_cells_generator - INFO - enlarge_cell_instances: 75 顆細胞, factor=1.50(面積), 中位半徑=28.1px, 外擴=6.3px
2026-07-26 14:03:03,401 - m3_module.m3_elastic_matching - INFO - elastic_dish_nucleus_matching(overlap-first): IHC=52, DISH=10, matched(1核)=6 (其中重疊=6), drop-out(競爭落敗)=1, 無候選(計入)=45, factor=1.50, min_reach=20.0
2026-07-26 14:03:03,410 - m3_module.m3_elastic_matching - INFO - elastic_dish_nucleus_matching(overlap-first): IHC=75, DISH=10, matched(1核)=7 (其中重疊=7), drop-out(競爭落敗)=3, 無候選(計入)=65, factor=1.50, min_reach=20.0
2026-07-26 14:03:03,422 - hybrid_pipeline - INFO - [556/576] 已回收 tile_x2304_y17664
2026-07-26 14:03:03,460 - m3_module.m3_cells_generator - INFO - All-positive 標註完成: 77 個細胞
2026-07-26 14:03:03,521 - m3_module.m3_cells_generator - INFO - enlarge_cell_instances: 77 顆細胞, factor=1.50(面積), 中位半徑=29.8px, 外擴=6.7px
2026-07-26 14:03:03,530 - m3_module.m3_dot_detection - INFO - detect_all_dots: 紅點=5, 黑點=8, 涉及細胞=52
2026-07-26 14:03:03,544 - m3_module.m3_dot_detection - INFO - detect_all_dots: 紅點=6, 黑點=9, 涉及細胞=75
2026-07-26 14:03:03,552 - m3_module.m3_elastic_matching - INFO - elastic_dish_nucleus_matching(overlap-first): IHC=77, DISH=85, matched(1核)=38 (其中重疊=38), drop-out(競爭落敗)=3, 無候選(計入)=36, factor=1.50, min_reach=20.0
2026-07-26 14:03:03,710 - m4_module.cell_crops - INFO - 匯出 42 張 per-cell 影像至 /data/taro_Projects/tsgh/output/r7_run/cell_crops/tile_x3840_y17664/cells
2026-07-26 14:03:03,710 - hybrid_pipeline - INFO - Tile tile_x3840_y17664 完成: 核心擁有 42 細胞 (42 陽性), 1.66 秒
2026-07-26 14:03:03,748 - m3_module.m3_dot_detection - INFO - detect_all_dots: 紅點=42, 黑點=63, 涉及細胞=77
2026-07-26 14:03:03,766 - m4_module.cell_crops - INFO - 匯出 44 張 per-cell 影像至 /data/taro_Projects/tsgh/output/r7_run/cell_crops/tile_x4608_y17664/cells
2026-07-26 14:03:03,766 - hybrid_pipeline - INFO - Tile tile_x4608_y17664 完成: 核心擁有 44 細胞 (44 陽性), 1.70 秒
2026-07-26 14:03:03,904 - hybrid_pipeline - INFO - [557/576] 已回收 tile_x3072_y17664
2026-07-26 14:03:03,935 - m3_module.m3_cells_generator - INFO - All-positive 標註完成: 66 個細胞
2026-07-26 14:03:03,985 - m3_module.m3_cells_generator - INFO - enlarge_cell_instances: 66 顆細胞, factor=1.50(面積), 中位半徑=25.2px, 外擴=5.7px
2026-07-26 14:03:04,019 - m3_module.m3_elastic_matching - INFO - elastic_dish_nucleus_matching(overlap-first): IHC=66, DISH=85, matched(1核)=44 (其中重疊=44), drop-out(競爭落敗)=5, 無候選(計入)=17, factor=1.50, min_reach=20.0
2026-07-26 14:03:04,045 - m4_module.cell_crops - INFO - 匯出 45 張 per-cell 影像至 /data/taro_Projects/tsgh/output/r7_run/cell_crops/tile_x5376_y17664/cells
2026-07-26 14:03:04,046 - hybrid_pipeline - INFO - Tile tile_x5376_y17664 完成: 核心擁有 45 細胞 (45 陽性), 1.70 秒
2026-07-26 14:03:04,263 - m3_module.m3_dot_detection - INFO - detect_all_dots: 紅點=57, 黑點=91, 涉及細胞=66
2026-07-26 14:03:04,476 - m4_module.cell_crops - INFO - 匯出 24 張 per-cell 影像至 /data/taro_Projects/tsgh/output/r7_run/cell_crops/tile_x6912_y17664/cells
2026-07-26 14:03:04,476 - hybrid_pipeline - INFO - Tile tile_x6912_y17664 完成: 核心擁有 24 細胞 (24 陽性), 1.69 秒
2026-07-26 14:03:04,495 - hybrid_pipeline - INFO - [558/576] 已回收 tile_x3840_y17664
2026-07-26 14:03:04,513 - hybrid_pipeline - INFO - [559/576] 已回收 tile_x4608_y17664
2026-07-26 14:03:04,519 - m3_module.m3_cells_generator - INFO - All-positive 標註完成: 53 個細胞
2026-07-26 14:03:04,544 - m3_module.m3_cells_generator - INFO - All-positive 標註完成: 73 個細胞
2026-07-26 14:03:04,561 - hybrid_pipeline - INFO - [560/576] 已回收 tile_x5376_y17664
2026-07-26 14:03:04,570 - m3_module.m3_cells_generator - INFO - enlarge_cell_instances: 53 顆細胞, factor=1.50(面積), 中位半徑=28.8px, 外擴=6.5px
2026-07-26 14:03:04,595 - m3_module.m3_cells_generator - INFO - All-positive 標註完成: 113 個細胞
2026-07-26 14:03:04,600 - m3_module.m3_cells_generator - INFO - enlarge_cell_instances: 73 顆細胞, factor=1.50(面積), 中位半徑=28.0px, 外擴=6.3px
2026-07-26 14:03:04,604 - m3_module.m3_elastic_matching - INFO - elastic_dish_nucleus_matching(overlap-first): IHC=53, DISH=75, matched(1核)=43 (其中重疊=43), drop-out(競爭落敗)=5, 無候選(計入)=5, factor=1.50, min_reach=20.0
2026-07-26 14:03:04,639 - m3_module.m3_elastic_matching - INFO - elastic_dish_nucleus_matching(overlap-first): IHC=73, DISH=124, matched(1核)=56 (其中重疊=56), drop-out(競爭落敗)=3, 無候選(計入)=14, factor=1.50, min_reach=20.0
2026-07-26 14:03:04,661 - m3_module.m3_cells_generator - INFO - enlarge_cell_instances: 113 顆細胞, factor=1.50(面積), 中位半徑=26.6px, 外擴=6.0px
2026-07-26 14:03:04,697 - m3_module.m3_elastic_matching - INFO - elastic_dish_nucleus_matching(overlap-first): IHC=113, DISH=70, matched(1核)=27 (其中重疊=27), drop-out(競爭落敗)=3, 無候選(計入)=83, factor=1.50, min_reach=20.0
2026-07-26 14:03:04,853 - m3_module.m3_dot_detection - INFO - detect_all_dots: 紅點=49, 黑點=76, 涉及細胞=53
2026-07-26 14:03:04,876 - m3_module.m3_dot_detection - INFO - detect_all_dots: 紅點=26, 黑點=43, 涉及細胞=113
2026-07-26 14:03:04,929 - m3_module.m3_dot_detection - INFO - detect_all_dots: 紅點=70, 黑點=115, 涉及細胞=73
2026-07-26 14:03:05,063 - m4_module.cell_crops - INFO - 匯出 25 張 per-cell 影像至 /data/taro_Projects/tsgh/output/r7_run/cell_crops/tile_x6144_y17664/cells
2026-07-26 14:03:05,063 - hybrid_pipeline - INFO - Tile tile_x6144_y17664 完成: 核心擁有 25 細胞 (25 陽性), 1.79 秒
2026-07-26 14:03:05,116 - hybrid_pipeline - INFO - [561/576] 已回收 tile_x6912_y17664
2026-07-26 14:03:05,143 - m3_module.m3_cells_generator - INFO - All-positive 標註完成: 80 個細胞
2026-07-26 14:03:05,170 - m4_module.cell_crops - INFO - 匯出 43 張 per-cell 影像至 /data/taro_Projects/tsgh/output/r7_run/cell_crops/tile_x7680_y17664/cells
2026-07-26 14:03:05,170 - hybrid_pipeline - INFO - Tile tile_x7680_y17664 完成: 核心擁有 43 細胞 (43 陽性), 1.89 秒
2026-07-26 14:03:05,200 - m3_module.m3_cells_generator - INFO - enlarge_cell_instances: 80 顆細胞, factor=1.50(面積), 中位半徑=29.8px, 外擴=6.7px
2026-07-26 14:03:05,229 - m3_module.m3_elastic_matching - INFO - elastic_dish_nucleus_matching(overlap-first): IHC=80, DISH=12, matched(1核)=8 (其中重疊=8), drop-out(競爭落敗)=3, 無候選(計入)=69, factor=1.50, min_reach=20.0
2026-07-26 14:03:05,235 - m4_module.cell_crops - INFO - 匯出 82 張 per-cell 影像至 /data/taro_Projects/tsgh/output/r7_run/cell_crops/tile_x8448_y17664/cells
2026-07-26 14:03:05,235 - hybrid_pipeline - INFO - Tile tile_x8448_y17664 完成: 核心擁有 82 細胞 (82 陽性), 1.81 秒
2026-07-26 14:03:05,354 - m3_module.m3_dot_detection - INFO - detect_all_dots: 紅點=4, 黑點=5, 涉及細胞=80
2026-07-26 14:03:05,627 - m4_module.cell_crops - INFO - 匯出 52 張 per-cell 影像至 /data/taro_Projects/tsgh/output/r7_run/cell_crops/tile_x9216_y17664/cells
2026-07-26 14:03:05,627 - hybrid_pipeline - INFO - Tile tile_x9216_y17664 完成: 核心擁有 52 細胞 (52 陽性), 1.72 秒
2026-07-26 14:03:05,804 - hybrid_pipeline - INFO - [562/576] 已回收 tile_x8448_y17664
2026-07-26 14:03:05,823 - hybrid_pipeline - INFO - [563/576] 已回收 tile_x7680_y17664
2026-07-26 14:03:05,833 - m3_module.m3_cells_generator - INFO - All-positive 標註完成: 93 個細胞
2026-07-26 14:03:05,843 - hybrid_pipeline - INFO - [564/576] 已回收 tile_x6144_y17664
2026-07-26 14:03:05,844 - m3_module.m3_cells_generator - INFO - All-positive 標註完成: 96 個細胞
2026-07-26 14:03:05,870 - m3_module.m3_cells_generator - INFO - All-positive 標註完成: 130 個細胞
2026-07-26 14:03:05,885 - m3_module.m3_cells_generator - INFO - enlarge_cell_instances: 93 顆細胞, factor=1.50(面積), 中位半徑=26.6px, 外擴=6.0px
2026-07-26 14:03:05,909 - m3_module.m3_cells_generator - INFO - enlarge_cell_instances: 96 顆細胞, factor=1.50(面積), 中位半徑=28.1px, 外擴=6.3px
2026-07-26 14:03:05,918 - m3_module.m3_elastic_matching - INFO - elastic_dish_nucleus_matching(overlap-first): IHC=93, DISH=17, matched(1核)=11 (其中重疊=10), drop-out(競爭落敗)=2, 無候選(計入)=80, factor=1.50, min_reach=20.0
2026-07-26 14:03:05,943 - m3_module.m3_cells_generator - INFO - enlarge_cell_instances: 130 顆細胞, factor=1.50(面積), 中位半徑=31.4px, 外擴=7.1px
2026-07-26 14:03:05,945 - m3_module.m3_elastic_matching - INFO - elastic_dish_nucleus_matching(overlap-first): IHC=96, DISH=6, matched(1核)=6 (其中重疊=6), drop-out(競爭落敗)=2, 無候選(計入)=88, factor=1.50, min_reach=20.0
2026-07-26 14:03:05,975 - m3_module.m3_elastic_matching - INFO - elastic_dish_nucleus_matching(overlap-first): IHC=130, DISH=7, matched(1核)=6 (其中重疊=6), drop-out(競爭落敗)=5, 無候選(計入)=119, factor=1.50, min_reach=20.0
2026-07-26 14:03:06,025 - hybrid_pipeline - INFO - [565/576] 已回收 tile_x9216_y17664
2026-07-26 14:03:06,049 - m3_module.m3_cells_generator - INFO - All-positive 標註完成: 13 個細胞
2026-07-26 14:03:06,069 - m3_module.m3_dot_detection - INFO - detect_all_dots: 紅點=14, 黑點=20, 涉及細胞=93
2026-07-26 14:03:06,084 - m3_module.m3_dot_detection - INFO - detect_all_dots: 紅點=3, 黑點=2, 涉及細胞=96
2026-07-26 14:03:06,086 - m3_module.m3_cells_generator - INFO - enlarge_cell_instances: 13 顆細胞, factor=1.50(面積), 中位半徑=21.6px, 外擴=4.8px
2026-07-26 14:03:06,092 - m3_module.m3_dot_detection - INFO - detect_all_dots: 紅點=2, 黑點=5, 涉及細胞=130
2026-07-26 14:03:06,110 - m3_module.m3_elastic_matching - INFO - elastic_dish_nucleus_matching(overlap-first): IHC=13, DISH=2, matched(1核)=2 (其中重疊=2), drop-out(競爭落敗)=0, 無候選(計入)=11, factor=1.50, min_reach=20.0
2026-07-26 14:03:06,216 - m3_module.m3_dot_detection - INFO - detect_all_dots: 紅點=1, 黑點=2, 涉及細胞=13
2026-07-26 14:03:06,298 - m4_module.cell_crops - INFO - 匯出 9 張 per-cell 影像至 /data/taro_Projects/tsgh/output/r7_run/cell_crops/tile_x12288_y17664/cells
2026-07-26 14:03:06,298 - hybrid_pipeline - INFO - Tile tile_x12288_y17664 完成: 核心擁有 9 細胞 (9 陽性), 1.18 秒
2026-07-26 14:03:06,325 - m4_module.cell_crops - INFO - 匯出 65 張 per-cell 影像至 /data/taro_Projects/tsgh/output/r7_run/cell_crops/tile_x11520_y17664/cells
2026-07-26 14:03:06,325 - hybrid_pipeline - INFO - Tile tile_x11520_y17664 完成: 核心擁有 65 細胞 (65 陽性), 1.77 秒
2026-07-26 14:03:06,411 - m4_module.cell_crops - INFO - 匯出 64 張 per-cell 影像至 /data/taro_Projects/tsgh/output/r7_run/cell_crops/tile_x9984_y17664/cells
2026-07-26 14:03:06,412 - hybrid_pipeline - INFO - Tile tile_x9984_y17664 完成: 核心擁有 64 細胞 (64 陽性), 1.90 秒
2026-07-26 14:03:06,480 - m4_module.cell_crops - INFO - 匯出 85 張 per-cell 影像至 /data/taro_Projects/tsgh/output/r7_run/cell_crops/tile_x10752_y17664/cells
2026-07-26 14:03:06,481 - hybrid_pipeline - INFO - Tile tile_x10752_y17664 完成: 核心擁有 85 細胞 (85 陽性), 1.99 秒
2026-07-26 14:03:06,961 - hybrid_pipeline - INFO - [566/576] 已回收 tile_x9984_y17664
2026-07-26 14:03:06,994 - m3_module.m3_cells_generator - INFO - All-positive 標註完成: 27 個細胞
2026-07-26 14:03:07,013 - hybrid_pipeline - INFO - [567/576] 已回收 tile_x11520_y17664
2026-07-26 14:03:07,038 - m3_module.m3_cells_generator - INFO - enlarge_cell_instances: 27 顆細胞, factor=1.50(面積), 中位半徑=19.3px, 外擴=4.3px
2026-07-26 14:03:07,046 - m3_module.m3_cells_generator - INFO - All-positive 標註完成: 84 個細胞
2026-07-26 14:03:07,066 - m3_module.m3_elastic_matching - INFO - elastic_dish_nucleus_matching(overlap-first): IHC=27, DISH=9, matched(1核)=4 (其中重疊=4), drop-out(競爭落敗)=0, 無候選(計入)=23, factor=1.50, min_reach=20.0
2026-07-26 14:03:07,083 - hybrid_pipeline - INFO - [568/576] 已回收 tile_x12288_y17664
2026-07-26 14:03:07,106 - m3_module.m3_cells_generator - INFO - enlarge_cell_instances: 84 顆細胞, factor=1.50(面積), 中位半徑=26.0px, 外擴=5.8px
2026-07-26 14:03:07,107 - hybrid_pipeline - INFO - [569/576] 已回收 tile_x10752_y17664
2026-07-26 14:03:07,121 - m3_module.m3_cells_generator - INFO - All-positive 標註完成: 49 個細胞
2026-07-26 14:03:07,138 - m3_module.m3_cells_generator - INFO - All-positive 標註完成: 112 個細胞
2026-07-26 14:03:07,140 - m3_module.m3_elastic_matching - INFO - elastic_dish_nucleus_matching(overlap-first): IHC=84, DISH=52, matched(1核)=25 (其中重疊=25), drop-out(競爭落敗)=4, 無候選(計入)=55, factor=1.50, min_reach=20.0
2026-07-26 14:03:07,173 - m3_module.m3_cells_generator - INFO - enlarge_cell_instances: 49 顆細胞, factor=1.50(面積), 中位半徑=22.7px, 外擴=5.1px
2026-07-26 14:03:07,193 - m3_module.m3_dot_detection - INFO - detect_all_dots: 紅點=1, 黑點=2, 涉及細胞=27
2026-07-26 14:03:07,197 - m3_module.m3_cells_generator - INFO - enlarge_cell_instances: 112 顆細胞, factor=1.50(面積), 中位半徑=29.8px, 外擴=6.7px
2026-07-26 14:03:07,203 - m3_module.m3_elastic_matching - INFO - elastic_dish_nucleus_matching(overlap-first): IHC=49, DISH=24, matched(1核)=22 (其中重疊=22), drop-out(競爭落敗)=5, 無候選(計入)=22, factor=1.50, min_reach=20.0
2026-07-26 14:03:07,231 - m3_module.m3_elastic_matching - INFO - elastic_dish_nucleus_matching(overlap-first): IHC=112, DISH=118, matched(1核)=68 (其中重疊=68), drop-out(競爭落敗)=6, 無候選(計入)=38, factor=1.50, min_reach=20.0
2026-07-26 14:03:07,303 - m4_module.cell_crops - INFO - 匯出 13 張 per-cell 影像至 /data/taro_Projects/tsgh/output/r7_run/cell_crops/tile_x13056_y17664/cells
2026-07-26 14:03:07,303 - hybrid_pipeline - INFO - Tile tile_x13056_y17664 完成: 核心擁有 13 細胞 (13 陽性), 1.48 秒
2026-07-26 14:03:07,307 - m3_module.m3_dot_detection - INFO - detect_all_dots: 紅點=22, 黑點=27, 涉及細胞=84
2026-07-26 14:03:07,374 - m3_module.m3_dot_detection - INFO - detect_all_dots: 紅點=25, 黑點=38, 涉及細胞=49
2026-07-26 14:03:07,492 - m3_module.m3_dot_detection - INFO - detect_all_dots: 紅點=58, 黑點=77, 涉及細胞=112
2026-07-26 14:03:07,534 - m4_module.cell_crops - INFO - 匯出 13 張 per-cell 影像至 /data/taro_Projects/tsgh/output/r7_run/cell_crops/tile_x15360_y17664/cells
2026-07-26 14:03:07,534 - hybrid_pipeline - INFO - Tile tile_x15360_y17664 完成: 核心擁有 13 細胞 (13 陽性), 1.51 秒
2026-07-26 14:03:07,559 - m4_module.cell_crops - INFO - 匯出 43 張 per-cell 影像至 /data/taro_Projects/tsgh/output/r7_run/cell_crops/tile_x13824_y17664/cells
2026-07-26 14:03:07,559 - hybrid_pipeline - INFO - Tile tile_x13824_y17664 完成: 核心擁有 43 細胞 (43 陽性), 1.76 秒
2026-07-26 14:03:07,876 - m4_module.cell_crops - INFO - 匯出 82 張 per-cell 影像至 /data/taro_Projects/tsgh/output/r7_run/cell_crops/tile_x14592_y17664/cells
2026-07-26 14:03:07,876 - hybrid_pipeline - INFO - Tile tile_x14592_y17664 完成: 核心擁有 82 細胞 (82 陽性), 2.03 秒
2026-07-26 14:03:07,878 - hybrid_pipeline - INFO - [570/576] 已回收 tile_x14592_y17664
2026-07-26 14:03:07,888 - hybrid_pipeline - INFO - [571/576] 已回收 tile_x13056_y17664
2026-07-26 14:03:07,918 - m3_module.m3_cells_generator - INFO - All-positive 標註完成: 15 個細胞
2026-07-26 14:03:07,926 - hybrid_pipeline - INFO - [572/576] 已回收 tile_x13824_y17664
2026-07-26 14:03:07,950 - m3_module.m3_cells_generator - INFO - All-positive 標註完成: 14 個細胞
2026-07-26 14:03:07,958 - m3_module.m3_cells_generator - INFO - enlarge_cell_instances: 15 顆細胞, factor=1.50(面積), 中位半徑=29.4px, 外擴=6.6px
2026-07-26 14:03:07,971 - hybrid_pipeline - INFO - [573/576] 已回收 tile_x15360_y17664
2026-07-26 14:03:07,984 - m3_module.m3_elastic_matching - INFO - elastic_dish_nucleus_matching(overlap-first): IHC=15, DISH=27, matched(1核)=10 (其中重疊=10), drop-out(競爭落敗)=3, 無候選(計入)=2, factor=1.50, min_reach=20.0
2026-07-26 14:03:07,986 - m3_module.m3_cells_generator - INFO - enlarge_cell_instances: 14 顆細胞, factor=1.50(面積), 中位半徑=28.8px, 外擴=6.5px
2026-07-26 14:03:08,000 - m3_module.m3_cells_generator - INFO - All-positive 標註完成: 59 個細胞
2026-07-26 14:03:08,012 - m3_module.m3_elastic_matching - INFO - elastic_dish_nucleus_matching(overlap-first): IHC=14, DISH=11, matched(1核)=4 (其中重疊=4), drop-out(競爭落敗)=2, 無候選(計入)=8, factor=1.50, min_reach=20.0
2026-07-26 14:03:08,055 - m3_module.m3_cells_generator - INFO - enlarge_cell_instances: 59 顆細胞, factor=1.50(面積), 中位半徑=21.9px, 外擴=4.9px
2026-07-26 14:03:08,084 - m3_module.m3_elastic_matching - INFO - elastic_dish_nucleus_matching(overlap-first): IHC=59, DISH=42, matched(1核)=25 (其中重疊=25), drop-out(競爭落敗)=9, 無候選(計入)=25, factor=1.50, min_reach=20.0
2026-07-26 14:03:08,114 - m3_module.m3_dot_detection - INFO - detect_all_dots: 紅點=3, 黑點=7, 涉及細胞=14
2026-07-26 14:03:08,129 - m3_module.m3_dot_detection - INFO - detect_all_dots: 紅點=14, 黑點=31, 涉及細胞=15
2026-07-26 14:03:08,211 - m4_module.cell_crops - INFO - 匯出 2 張 per-cell 影像至 /data/taro_Projects/tsgh/output/r7_run/cell_crops/tile_x16896_y17664/cells
2026-07-26 14:03:08,211 - hybrid_pipeline - INFO - Tile tile_x16896_y17664 完成: 核心擁有 2 細胞 (2 陽性), 1.20 秒
2026-07-26 14:03:08,212 - hybrid_pipeline - INFO - [574/576] 已回收 tile_x16896_y17664
2026-07-26 14:03:08,266 - m4_module.cell_crops - INFO - 匯出 15 張 per-cell 影像至 /data/taro_Projects/tsgh/output/r7_run/cell_crops/tile_x17664_y17664/cells
2026-07-26 14:03:08,266 - hybrid_pipeline - INFO - Tile tile_x17664_y17664 完成: 核心擁有 15 細胞 (15 陽性), 1.31 秒
2026-07-26 14:03:08,267 - hybrid_pipeline - INFO - [575/576] 已回收 tile_x17664_y17664
2026-07-26 14:03:08,277 - m3_module.m3_dot_detection - INFO - detect_all_dots: 紅點=30, 黑點=68, 涉及細胞=59
2026-07-26 14:03:08,463 - m4_module.cell_crops - INFO - 匯出 22 張 per-cell 影像至 /data/taro_Projects/tsgh/output/r7_run/cell_crops/tile_x16128_y17664/cells
2026-07-26 14:03:08,463 - hybrid_pipeline - INFO - Tile tile_x16128_y17664 完成: 核心擁有 22 細胞 (22 陽性), 1.38 秒
2026-07-26 14:03:08,464 - hybrid_pipeline - INFO - [576/576] 已回收 tile_x16128_y17664
2026-07-26 14:03:09,185 - m4_module.csv - INFO - CSV 匯出完成: report.csv (8346 列)
2026-07-26 14:03:09,186 - m4_module.csv - INFO - Summary 報告輸出: summary.txt (295 valid cells)
2026-07-26 14:03:13,790 - hybrid_pipeline - INFO - overlay_slide.tiff 縫合完成: 18688×18688 px
2026-07-26 14:03:13,821 - hybrid_pipeline - INFO - 批次完成 — run_id=d050088f | 總計=576 | 成功=224 | 跳過=352
{
  "label": "match_w4_r1",
  "n_tiles": 576,
  "mp_workers": 4,
  "grid": {
    "cols": 24,
    "rows": 24
  },
  "wall": {
    "end_to_end_total_s": 88.306,
    "phaseA_precut_s": 0.004,
    "runbatch_BCD_s": 88.301
  },
  "disk_bytes": {
    "precut_scratch": 0,
    "analysis_output": 7119043997
  },
  "stats": {
    "success": 224,
    "skipped": 352
  },
  "timings": {
    "G_mkdir_other": {
      "n": 6,
      "t": 0.0005917800008319318
    },
    "C_export_csv": {
      "n": 1,
      "t": 0.008363929009647109
    },
    "C_export_summary": {
      "n": 1,
      "t": 0.0004012990102637559
    },
    "D_stitch_overlay": {
      "n": 1,
      "t": 4.634789575997274
    }
  },
  "config_hash": "3d1087f2",
  "peak_cuda_reserved_gb": 0.0,
  "peak_rss_gb": 11.825
}
